2026-07-24 18:53:13,527 - sflow.task.server_5 - INFO - 0: rm: cannot remove '/usr/local/cuda/compat/lib': Read-only file system
2026-07-24 18:53:13,527 - sflow.task.server_5 - INFO - 1: rm: cannot remove '/usr/local/cuda/compat/lib': Read-only file system
2026-07-24 18:53:13,527 - sflow.task.server_5 - INFO - 2: rm: cannot remove '/usr/local/cuda/compat/lib': Read-only file system
2026-07-24 18:53:13,527 - sflow.task.server_5 - INFO - 3: rm: cannot remove '/usr/local/cuda/compat/lib': Read-only file system
2026-07-24 18:53:14,689 - sflow.task.server_5 - INFO - 7: rm: cannot remove '/usr/local/cuda/compat/lib': Read-only file system
2026-07-24 18:53:14,689 - sflow.task.server_5 - INFO - 4: rm: cannot remove '/usr/local/cuda/compat/lib': Read-only file system
2026-07-24 18:53:14,689 - sflow.task.server_5 - INFO - 5: rm: cannot remove '/usr/local/cuda/compat/lib': Read-only file system
2026-07-24 18:53:14,689 - sflow.task.server_5 - INFO - 6: rm: cannot remove '/usr/local/cuda/compat/lib': Read-only file system
2026-07-24 18:53:15,807 - sflow.task.server_5 - INFO - 3: export TRTLLM_MOE_ENABLE_ALLTOALL_WITHOUT_ALLGATHER='1'
2026-07-24 18:53:15,807 - sflow.task.server_5 - INFO - 3: export TRTLLM_SERVER_DISABLE_GC='1'
2026-07-24 18:53:15,807 - sflow.task.server_5 - INFO - 3: export TRTLLM_WORKER_DISABLE_GC='1'
2026-07-24 18:53:15,807 - sflow.task.server_5 - INFO - 3: export OMPI_MCA_coll_ucc_enable='0'
2026-07-24 18:53:15,807 - sflow.task.server_5 - INFO - 3: export TRTLLM_ENABLE_PDL='0'
2026-07-24 18:53:15,807 - sflow.task.server_5 - INFO - 3: Skipping /usr/local/lib/python3.12/dist-packages/tensorrt_llm/_torch/auto_deploy/custom_ops/fused_moe/trtllm_moe.py: tinygemm2 router dispatch not present
2026-07-24 18:53:15,807 - sflow.task.server_5 - INFO - 3: Traceback (most recent call last):
2026-07-24 18:53:15,807 - sflow.task.server_5 - INFO - 3:   File "/work/scaleout/sflow/tools/apply_trtllm_pr15790_disable_tinygemm2.py", line 196, in <module>
2026-07-24 18:53:15,807 - sflow.task.server_5 - INFO - 3:     main()
2026-07-24 18:53:15,807 - sflow.task.server_5 - INFO - 3:   File "/work/scaleout/sflow/tools/apply_trtllm_pr15790_disable_tinygemm2.py", line 164, in main
2026-07-24 18:53:15,807 - sflow.task.server_5 - INFO - 3:     apply_patch()
2026-07-24 18:53:15,807 - sflow.task.server_5 - INFO - 3:   File "/work/scaleout/sflow/tools/apply_trtllm_pr15790_disable_tinygemm2.py", line 183, in apply_patch
2026-07-24 18:53:15,808 - sflow.task.server_5 - INFO - 3:     if patch_modeling_gpt_oss(paths["modeling_gpt_oss"]):
2026-07-24 18:53:15,808 - sflow.task.server_5 - INFO - 3:        ^^^^^^^^^^^^^^^^^^^^^^^^^^^^^^^^^^^^^^^^^^^^^^^^^
2026-07-24 18:53:15,808 - sflow.task.server_5 - INFO - 3:   File "/work/scaleout/sflow/tools/apply_trtllm_pr15790_disable_tinygemm2.py", line 139, in patch_modeling_gpt_oss
2026-07-24 18:53:15,808 - sflow.task.server_5 - INFO - 3:     return write_if_changed(path, text, patched)
2026-07-24 18:53:15,808 - sflow.task.server_5 - INFO - 3:            ^^^^^^^^^^^^^^^^^^^^^^^^^^^^^^^^^^^^^
2026-07-24 18:53:15,808 - sflow.task.server_5 - INFO - 3:   File "/work/scaleout/sflow/tools/apply_trtllm_pr15790_disable_tinygemm2.py", line 70, in write_if_changed
2026-07-24 18:53:15,808 - sflow.task.server_5 - INFO - 3:     path.write_text(patched)
2026-07-24 18:53:15,808 - sflow.task.server_5 - INFO - 3:   File "/usr/lib/python3.12/pathlib.py", line 1049, in write_text
2026-07-24 18:53:15,808 - sflow.task.server_5 - INFO - 3:     with self.open(mode='w', encoding=encoding, errors=errors, newline=newline) as f:
2026-07-24 18:53:15,808 - sflow.task.server_5 - INFO - 3:          ^^^^^^^^^^^^^^^^^^^^^^^^^^^^^^^^^^^^^^^^^^^^^^^^^^^^^^^^^^^^^^^^^^^^^^
2026-07-24 18:53:15,808 - sflow.task.server_5 - INFO - 3:   File "/usr/lib/python3.12/pathlib.py", line 1015, in open
2026-07-24 18:53:15,808 - sflow.task.server_5 - INFO - 3:     return io.open(self, mode, buffering, encoding, errors, newline)
2026-07-24 18:53:15,808 - sflow.task.server_5 - INFO - 3:            ^^^^^^^^^^^^^^^^^^^^^^^^^^^^^^^^^^^^^^^^^^^^^^^^^^^^^^^^^
2026-07-24 18:53:15,808 - sflow.task.server_5 - INFO - 3: OSError: [Errno 30] Read-only file system: '/usr/local/lib/python3.12/dist-packages/tensorrt_llm/_torch/models/modeling_gpt_oss.py'
2026-07-24 18:53:15,909 - sflow.task.server_5 - INFO - 0: export TRTLLM_MOE_ENABLE_ALLTOALL_WITHOUT_ALLGATHER='1'
2026-07-24 18:53:15,909 - sflow.task.server_5 - INFO - 0: export TRTLLM_SERVER_DISABLE_GC='1'
2026-07-24 18:53:15,909 - sflow.task.server_5 - INFO - 0: export TRTLLM_WORKER_DISABLE_GC='1'
2026-07-24 18:53:15,909 - sflow.task.server_5 - INFO - 0: export OMPI_MCA_coll_ucc_enable='0'
2026-07-24 18:53:15,909 - sflow.task.server_5 - INFO - 0: export TRTLLM_ENABLE_PDL='0'
2026-07-24 18:53:15,960 - sflow.task.server_5 - INFO - 0: Skipping /usr/local/lib/python3.12/dist-packages/tensorrt_llm/_torch/auto_deploy/custom_ops/fused_moe/trtllm_moe.py: tinygemm2 router dispatch not present
2026-07-24 18:53:15,960 - sflow.task.server_5 - INFO - 0: Traceback (most recent call last):
2026-07-24 18:53:15,960 - sflow.task.server_5 - INFO - 0:   File "/work/scaleout/sflow/tools/apply_trtllm_pr15790_disable_tinygemm2.py", line 196, in <module>
2026-07-24 18:53:15,960 - sflow.task.server_5 - INFO - 0:     main()
2026-07-24 18:53:15,960 - sflow.task.server_5 - INFO - 0:   File "/work/scaleout/sflow/tools/apply_trtllm_pr15790_disable_tinygemm2.py", line 164, in main
2026-07-24 18:53:15,960 - sflow.task.server_5 - INFO - 0:     apply_patch()
2026-07-24 18:53:15,960 - sflow.task.server_5 - INFO - 0:   File "/work/scaleout/sflow/tools/apply_trtllm_pr15790_disable_tinygemm2.py", line 183, in apply_patch
2026-07-24 18:53:15,960 - sflow.task.server_5 - INFO - 0:     if patch_modeling_gpt_oss(paths["modeling_gpt_oss"]):
2026-07-24 18:53:15,960 - sflow.task.server_5 - INFO - 0:        ^^^^^^^^^^^^^^^^^^^^^^^^^^^^^^^^^^^^^^^^^^^^^^^^^
2026-07-24 18:53:15,960 - sflow.task.server_5 - INFO - 0:   File "/work/scaleout/sflow/tools/apply_trtllm_pr15790_disable_tinygemm2.py", line 139, in patch_modeling_gpt_oss
2026-07-24 18:53:15,960 - sflow.task.server_5 - INFO - 0:     return write_if_changed(path, text, patched)
2026-07-24 18:53:15,960 - sflow.task.server_5 - INFO - 0:            ^^^^^^^^^^^^^^^^^^^^^^^^^^^^^^^^^^^^^
2026-07-24 18:53:15,960 - sflow.task.server_5 - INFO - 0:   File "/work/scaleout/sflow/tools/apply_trtllm_pr15790_disable_tinygemm2.py", line 70, in write_if_changed
2026-07-24 18:53:15,960 - sflow.task.server_5 - INFO - 0:     path.write_text(patched)
2026-07-24 18:53:15,960 - sflow.task.server_5 - INFO - 0:   File "/usr/lib/python3.12/pathlib.py", line 1049, in write_text
2026-07-24 18:53:15,960 - sflow.task.server_5 - INFO - 0:     with self.open(mode='w', encoding=encoding, errors=errors, newline=newline) as f:
2026-07-24 18:53:15,960 - sflow.task.server_5 - INFO - 0:          ^^^^^^^^^^^^^^^^^^^^^^^^^^^^^^^^^^^^^^^^^^^^^^^^^^^^^^^^^^^^^^^^^^^^^^
2026-07-24 18:53:15,960 - sflow.task.server_5 - INFO - 0:   File "/usr/lib/python3.12/pathlib.py", line 1015, in open
2026-07-24 18:53:15,960 - sflow.task.server_5 - INFO - 0:     return io.open(self, mode, buffering, encoding, errors, newline)
2026-07-24 18:53:15,960 - sflow.task.server_5 - INFO - 0:            ^^^^^^^^^^^^^^^^^^^^^^^^^^^^^^^^^^^^^^^^^^^^^^^^^^^^^^^^^
2026-07-24 18:53:15,960 - sflow.task.server_5 - INFO - 0: OSError: [Errno 30] Read-only file system: '/usr/local/lib/python3.12/dist-packages/tensorrt_llm/_torch/models/modeling_gpt_oss.py'
2026-07-24 18:53:16,062 - sflow.task.server_5 - INFO - 3: rm: cannot remove '/usr/local/cuda/compat/lib': Read-only file system
2026-07-24 18:53:16,062 - sflow.task.server_5 - INFO - 0: rm: cannot remove '/usr/local/cuda/compat/lib': Read-only file system
2026-07-24 18:53:16,112 - sflow.task.server_5 - INFO - 2: export TRTLLM_MOE_ENABLE_ALLTOALL_WITHOUT_ALLGATHER='1'
2026-07-24 18:53:16,112 - sflow.task.server_5 - INFO - 2: export TRTLLM_SERVER_DISABLE_GC='1'
2026-07-24 18:53:16,112 - sflow.task.server_5 - INFO - 2: export TRTLLM_WORKER_DISABLE_GC='1'
2026-07-24 18:53:16,112 - sflow.task.server_5 - INFO - 2: export OMPI_MCA_coll_ucc_enable='0'
2026-07-24 18:53:16,112 - sflow.task.server_5 - INFO - 2: export TRTLLM_ENABLE_PDL='0'
2026-07-24 18:53:16,112 - sflow.task.server_5 - INFO - 2: Skipping /usr/local/lib/python3.12/dist-packages/tensorrt_llm/_torch/auto_deploy/custom_ops/fused_moe/trtllm_moe.py: tinygemm2 router dispatch not present
2026-07-24 18:53:16,112 - sflow.task.server_5 - INFO - 2: Traceback (most recent call last):
2026-07-24 18:53:16,112 - sflow.task.server_5 - INFO - 2:   File "/work/scaleout/sflow/tools/apply_trtllm_pr15790_disable_tinygemm2.py", line 196, in <module>
2026-07-24 18:53:16,113 - sflow.task.server_5 - INFO - 2:     main()
2026-07-24 18:53:16,113 - sflow.task.server_5 - INFO - 2:   File "/work/scaleout/sflow/tools/apply_trtllm_pr15790_disable_tinygemm2.py", line 164, in main
2026-07-24 18:53:16,113 - sflow.task.server_5 - INFO - 2:     apply_patch()
2026-07-24 18:53:16,113 - sflow.task.server_5 - INFO - 2:   File "/work/scaleout/sflow/tools/apply_trtllm_pr15790_disable_tinygemm2.py", line 183, in apply_patch
2026-07-24 18:53:16,113 - sflow.task.server_5 - INFO - 2:     if patch_modeling_gpt_oss(paths["modeling_gpt_oss"]):
2026-07-24 18:53:16,113 - sflow.task.server_5 - INFO - 2:        ^^^^^^^^^^^^^^^^^^^^^^^^^^^^^^^^^^^^^^^^^^^^^^^^^
2026-07-24 18:53:16,113 - sflow.task.server_5 - INFO - 2:   File "/work/scaleout/sflow/tools/apply_trtllm_pr15790_disable_tinygemm2.py", line 139, in patch_modeling_gpt_oss
2026-07-24 18:53:16,113 - sflow.task.server_5 - INFO - 2:     return write_if_changed(path, text, patched)
2026-07-24 18:53:16,113 - sflow.task.server_5 - INFO - 2:            ^^^^^^^^^^^^^^^^^^^^^^^^^^^^^^^^^^^^^
2026-07-24 18:53:16,113 - sflow.task.server_5 - INFO - 2:   File "/work/scaleout/sflow/tools/apply_trtllm_pr15790_disable_tinygemm2.py", line 70, in write_if_changed
2026-07-24 18:53:16,113 - sflow.task.server_5 - INFO - 2:     path.write_text(patched)
2026-07-24 18:53:16,113 - sflow.task.server_5 - INFO - 2:   File "/usr/lib/python3.12/pathlib.py", line 1049, in write_text
2026-07-24 18:53:16,113 - sflow.task.server_5 - INFO - 2:     with self.open(mode='w', encoding=encoding, errors=errors, newline=newline) as f:
2026-07-24 18:53:16,113 - sflow.task.server_5 - INFO - 2:          ^^^^^^^^^^^^^^^^^^^^^^^^^^^^^^^^^^^^^^^^^^^^^^^^^^^^^^^^^^^^^^^^^^^^^^
2026-07-24 18:53:16,113 - sflow.task.server_5 - INFO - 2:   File "/usr/lib/python3.12/pathlib.py", line 1015, in open
2026-07-24 18:53:16,113 - sflow.task.server_5 - INFO - 2:     return io.open(self, mode, buffering, encoding, errors, newline)
2026-07-24 18:53:16,113 - sflow.task.server_5 - INFO - 2:            ^^^^^^^^^^^^^^^^^^^^^^^^^^^^^^^^^^^^^^^^^^^^^^^^^^^^^^^^^
2026-07-24 18:53:16,113 - sflow.task.server_5 - INFO - 2: OSError: [Errno 30] Read-only file system: '/usr/local/lib/python3.12/dist-packages/tensorrt_llm/_torch/models/modeling_gpt_oss.py'
2026-07-24 18:53:16,266 - sflow.task.server_5 - INFO - 1: export TRTLLM_MOE_ENABLE_ALLTOALL_WITHOUT_ALLGATHER='1'
2026-07-24 18:53:16,266 - sflow.task.server_5 - INFO - 1: export TRTLLM_SERVER_DISABLE_GC='1'
2026-07-24 18:53:16,266 - sflow.task.server_5 - INFO - 1: export TRTLLM_WORKER_DISABLE_GC='1'
2026-07-24 18:53:16,266 - sflow.task.server_5 - INFO - 1: export OMPI_MCA_coll_ucc_enable='0'
2026-07-24 18:53:16,266 - sflow.task.server_5 - INFO - 1: export TRTLLM_ENABLE_PDL='0'
2026-07-24 18:53:16,316 - sflow.task.server_5 - INFO - 1: Skipping /usr/local/lib/python3.12/dist-packages/tensorrt_llm/_torch/auto_deploy/custom_ops/fused_moe/trtllm_moe.py: tinygemm2 router dispatch not present
2026-07-24 18:53:16,316 - sflow.task.server_5 - INFO - 1: Traceback (most recent call last):
2026-07-24 18:53:16,316 - sflow.task.server_5 - INFO - 1:   File "/work/scaleout/sflow/tools/apply_trtllm_pr15790_disable_tinygemm2.py", line 196, in <module>
2026-07-24 18:53:16,316 - sflow.task.server_5 - INFO - 1:     main()
2026-07-24 18:53:16,316 - sflow.task.server_5 - INFO - 1:   File "/work/scaleout/sflow/tools/apply_trtllm_pr15790_disable_tinygemm2.py", line 164, in main
2026-07-24 18:53:16,316 - sflow.task.server_5 - INFO - 1:     apply_patch()
2026-07-24 18:53:16,316 - sflow.task.server_5 - INFO - 1:   File "/work/scaleout/sflow/tools/apply_trtllm_pr15790_disable_tinygemm2.py", line 183, in apply_patch
2026-07-24 18:53:16,316 - sflow.task.server_5 - INFO - 1:     if patch_modeling_gpt_oss(paths["modeling_gpt_oss"]):
2026-07-24 18:53:16,316 - sflow.task.server_5 - INFO - 1:        ^^^^^^^^^^^^^^^^^^^^^^^^^^^^^^^^^^^^^^^^^^^^^^^^^
2026-07-24 18:53:16,316 - sflow.task.server_5 - INFO - 1:   File "/work/scaleout/sflow/tools/apply_trtllm_pr15790_disable_tinygemm2.py", line 139, in patch_modeling_gpt_oss
2026-07-24 18:53:16,316 - sflow.task.server_5 - INFO - 1:     return write_if_changed(path, text, patched)
2026-07-24 18:53:16,316 - sflow.task.server_5 - INFO - 1:            ^^^^^^^^^^^^^^^^^^^^^^^^^^^^^^^^^^^^^
2026-07-24 18:53:16,317 - sflow.task.server_5 - INFO - 1:   File "/work/scaleout/sflow/tools/apply_trtllm_pr15790_disable_tinygemm2.py", line 70, in write_if_changed
2026-07-24 18:53:16,317 - sflow.task.server_5 - INFO - 1:     path.write_text(patched)
2026-07-24 18:53:16,317 - sflow.task.server_5 - INFO - 1:   File "/usr/lib/python3.12/pathlib.py", line 1049, in write_text
2026-07-24 18:53:16,317 - sflow.task.server_5 - INFO - 1:     with self.open(mode='w', encoding=encoding, errors=errors, newline=newline) as f:
2026-07-24 18:53:16,317 - sflow.task.server_5 - INFO - 1:          ^^^^^^^^^^^^^^^^^^^^^^^^^^^^^^^^^^^^^^^^^^^^^^^^^^^^^^^^^^^^^^^^^^^^^^
2026-07-24 18:53:16,317 - sflow.task.server_5 - INFO - 1:   File "/usr/lib/python3.12/pathlib.py", line 1015, in open
2026-07-24 18:53:16,317 - sflow.task.server_5 - INFO - 1:     return io.open(self, mode, buffering, encoding, errors, newline)
2026-07-24 18:53:16,317 - sflow.task.server_5 - INFO - 1:            ^^^^^^^^^^^^^^^^^^^^^^^^^^^^^^^^^^^^^^^^^^^^^^^^^^^^^^^^^
2026-07-24 18:53:16,317 - sflow.task.server_5 - INFO - 1: OSError: [Errno 30] Read-only file system: '/usr/local/lib/python3.12/dist-packages/tensorrt_llm/_torch/models/modeling_gpt_oss.py'
2026-07-24 18:53:16,367 - sflow.task.server_5 - INFO - 1: rm: cannot remove '/usr/local/cuda/compat/lib': Read-only file system
2026-07-24 18:53:16,569 - sflow.task.server_5 - INFO - 2: rm: cannot remove '/usr/local/cuda/compat/lib': Read-only file system
2026-07-24 18:53:16,923 - sflow.task.server_5 - INFO - 5: export TRTLLM_MOE_ENABLE_ALLTOALL_WITHOUT_ALLGATHER='1'
2026-07-24 18:53:16,923 - sflow.task.server_5 - INFO - 5: export TRTLLM_SERVER_DISABLE_GC='1'
2026-07-24 18:53:16,923 - sflow.task.server_5 - INFO - 5: export TRTLLM_WORKER_DISABLE_GC='1'
2026-07-24 18:53:16,923 - sflow.task.server_5 - INFO - 5: export OMPI_MCA_coll_ucc_enable='0'
2026-07-24 18:53:16,923 - sflow.task.server_5 - INFO - 5: export TRTLLM_ENABLE_PDL='0'
2026-07-24 18:53:16,974 - sflow.task.server_5 - INFO - 5: Skipping /usr/local/lib/python3.12/dist-packages/tensorrt_llm/_torch/auto_deploy/custom_ops/fused_moe/trtllm_moe.py: tinygemm2 router dispatch not present
2026-07-24 18:53:16,974 - sflow.task.server_5 - INFO - 5: Traceback (most recent call last):
2026-07-24 18:53:16,974 - sflow.task.server_5 - INFO - 5:   File "/work/scaleout/sflow/tools/apply_trtllm_pr15790_disable_tinygemm2.py", line 196, in <module>
2026-07-24 18:53:16,974 - sflow.task.server_5 - INFO - 5:     main()
2026-07-24 18:53:16,974 - sflow.task.server_5 - INFO - 5:   File "/work/scaleout/sflow/tools/apply_trtllm_pr15790_disable_tinygemm2.py", line 164, in main
2026-07-24 18:53:16,974 - sflow.task.server_5 - INFO - 5:     apply_patch()
2026-07-24 18:53:16,974 - sflow.task.server_5 - INFO - 5:   File "/work/scaleout/sflow/tools/apply_trtllm_pr15790_disable_tinygemm2.py", line 183, in apply_patch
2026-07-24 18:53:16,974 - sflow.task.server_5 - INFO - 5:     if patch_modeling_gpt_oss(paths["modeling_gpt_oss"]):
2026-07-24 18:53:16,974 - sflow.task.server_5 - INFO - 5:        ^^^^^^^^^^^^^^^^^^^^^^^^^^^^^^^^^^^^^^^^^^^^^^^^^
2026-07-24 18:53:16,974 - sflow.task.server_5 - INFO - 5:   File "/work/scaleout/sflow/tools/apply_trtllm_pr15790_disable_tinygemm2.py", line 139, in patch_modeling_gpt_oss
2026-07-24 18:53:16,975 - sflow.task.server_5 - INFO - 5:     return write_if_changed(path, text, patched)
2026-07-24 18:53:16,975 - sflow.task.server_5 - INFO - 5:            ^^^^^^^^^^^^^^^^^^^^^^^^^^^^^^^^^^^^^
2026-07-24 18:53:16,975 - sflow.task.server_5 - INFO - 5:   File "/work/scaleout/sflow/tools/apply_trtllm_pr15790_disable_tinygemm2.py", line 70, in write_if_changed
2026-07-24 18:53:16,975 - sflow.task.server_5 - INFO - 5:     path.write_text(patched)
2026-07-24 18:53:16,975 - sflow.task.server_5 - INFO - 5:   File "/usr/lib/python3.12/pathlib.py", line 1049, in write_text
2026-07-24 18:53:16,975 - sflow.task.server_5 - INFO - 5:     with self.open(mode='w', encoding=encoding, errors=errors, newline=newline) as f:
2026-07-24 18:53:16,975 - sflow.task.server_5 - INFO - 5:          ^^^^^^^^^^^^^^^^^^^^^^^^^^^^^^^^^^^^^^^^^^^^^^^^^^^^^^^^^^^^^^^^^^^^^^
2026-07-24 18:53:16,975 - sflow.task.server_5 - INFO - 5:   File "/usr/lib/python3.12/pathlib.py", line 1015, in open
2026-07-24 18:53:16,975 - sflow.task.server_5 - INFO - 5:     return io.open(self, mode, buffering, encoding, errors, newline)
2026-07-24 18:53:16,975 - sflow.task.server_5 - INFO - 5:            ^^^^^^^^^^^^^^^^^^^^^^^^^^^^^^^^^^^^^^^^^^^^^^^^^^^^^^^^^
2026-07-24 18:53:16,975 - sflow.task.server_5 - INFO - 5: OSError: [Errno 30] Read-only file system: '/usr/local/lib/python3.12/dist-packages/tensorrt_llm/_torch/models/modeling_gpt_oss.py'
2026-07-24 18:53:17,177 - sflow.task.server_5 - INFO - 4: export TRTLLM_MOE_ENABLE_ALLTOALL_WITHOUT_ALLGATHER='1'
2026-07-24 18:53:17,178 - sflow.task.server_5 - INFO - 4: export TRTLLM_SERVER_DISABLE_GC='1'
2026-07-24 18:53:17,178 - sflow.task.server_5 - INFO - 4: export TRTLLM_WORKER_DISABLE_GC='1'
2026-07-24 18:53:17,178 - sflow.task.server_5 - INFO - 4: export OMPI_MCA_coll_ucc_enable='0'
2026-07-24 18:53:17,178 - sflow.task.server_5 - INFO - 4: export TRTLLM_ENABLE_PDL='0'
2026-07-24 18:53:17,178 - sflow.task.server_5 - INFO - 4: Skipping /usr/local/lib/python3.12/dist-packages/tensorrt_llm/_torch/auto_deploy/custom_ops/fused_moe/trtllm_moe.py: tinygemm2 router dispatch not present
2026-07-24 18:53:17,178 - sflow.task.server_5 - INFO - 4: Traceback (most recent call last):
2026-07-24 18:53:17,178 - sflow.task.server_5 - INFO - 4:   File "/work/scaleout/sflow/tools/apply_trtllm_pr15790_disable_tinygemm2.py", line 196, in <module>
2026-07-24 18:53:17,178 - sflow.task.server_5 - INFO - 4:     main()
2026-07-24 18:53:17,178 - sflow.task.server_5 - INFO - 4:   File "/work/scaleout/sflow/tools/apply_trtllm_pr15790_disable_tinygemm2.py", line 164, in main
2026-07-24 18:53:17,178 - sflow.task.server_5 - INFO - 4:     apply_patch()
2026-07-24 18:53:17,178 - sflow.task.server_5 - INFO - 4:   File "/work/scaleout/sflow/tools/apply_trtllm_pr15790_disable_tinygemm2.py", line 183, in apply_patch
2026-07-24 18:53:17,178 - sflow.task.server_5 - INFO - 4:     if patch_modeling_gpt_oss(paths["modeling_gpt_oss"]):
2026-07-24 18:53:17,178 - sflow.task.server_5 - INFO - 4:        ^^^^^^^^^^^^^^^^^^^^^^^^^^^^^^^^^^^^^^^^^^^^^^^^^
2026-07-24 18:53:17,178 - sflow.task.server_5 - INFO - 4:   File "/work/scaleout/sflow/tools/apply_trtllm_pr15790_disable_tinygemm2.py", line 139, in patch_modeling_gpt_oss
2026-07-24 18:53:17,178 - sflow.task.server_5 - INFO - 4:     return write_if_changed(path, text, patched)
2026-07-24 18:53:17,178 - sflow.task.server_5 - INFO - 4:            ^^^^^^^^^^^^^^^^^^^^^^^^^^^^^^^^^^^^^
2026-07-24 18:53:17,178 - sflow.task.server_5 - INFO - 4:   File "/work/scaleout/sflow/tools/apply_trtllm_pr15790_disable_tinygemm2.py", line 70, in write_if_changed
2026-07-24 18:53:17,178 - sflow.task.server_5 - INFO - 4:     path.write_text(patched)
2026-07-24 18:53:17,178 - sflow.task.server_5 - INFO - 4:   File "/usr/lib/python3.12/pathlib.py", line 1049, in write_text
2026-07-24 18:53:17,178 - sflow.task.server_5 - INFO - 4:     with self.open(mode='w', encoding=encoding, errors=errors, newline=newline) as f:
2026-07-24 18:53:17,178 - sflow.task.server_5 - INFO - 4:          ^^^^^^^^^^^^^^^^^^^^^^^^^^^^^^^^^^^^^^^^^^^^^^^^^^^^^^^^^^^^^^^^^^^^^^
2026-07-24 18:53:17,178 - sflow.task.server_5 - INFO - 4:   File "/usr/lib/python3.12/pathlib.py", line 1015, in open
2026-07-24 18:53:17,178 - sflow.task.server_5 - INFO - 4:     return io.open(self, mode, buffering, encoding, errors, newline)
2026-07-24 18:53:17,178 - sflow.task.server_5 - INFO - 4:            ^^^^^^^^^^^^^^^^^^^^^^^^^^^^^^^^^^^^^^^^^^^^^^^^^^^^^^^^^
2026-07-24 18:53:17,178 - sflow.task.server_5 - INFO - 4: OSError: [Errno 30] Read-only file system: '/usr/local/lib/python3.12/dist-packages/tensorrt_llm/_torch/models/modeling_gpt_oss.py'
2026-07-24 18:53:17,229 - sflow.task.server_5 - INFO - 5: rm: cannot remove '/usr/local/cuda/compat/lib': Read-only file system
2026-07-24 18:53:17,280 - sflow.task.server_5 - INFO - 7: export TRTLLM_MOE_ENABLE_ALLTOALL_WITHOUT_ALLGATHER='1'
2026-07-24 18:53:17,280 - sflow.task.server_5 - INFO - 7: export TRTLLM_SERVER_DISABLE_GC='1'
2026-07-24 18:53:17,280 - sflow.task.server_5 - INFO - 7: export TRTLLM_WORKER_DISABLE_GC='1'
2026-07-24 18:53:17,280 - sflow.task.server_5 - INFO - 7: export OMPI_MCA_coll_ucc_enable='0'
2026-07-24 18:53:17,280 - sflow.task.server_5 - INFO - 7: export TRTLLM_ENABLE_PDL='0'
2026-07-24 18:53:17,280 - sflow.task.server_5 - INFO - 7: Skipping /usr/local/lib/python3.12/dist-packages/tensorrt_llm/_torch/auto_deploy/custom_ops/fused_moe/trtllm_moe.py: tinygemm2 router dispatch not present
2026-07-24 18:53:17,280 - sflow.task.server_5 - INFO - 7: Traceback (most recent call last):
2026-07-24 18:53:17,280 - sflow.task.server_5 - INFO - 7:   File "/work/scaleout/sflow/tools/apply_trtllm_pr15790_disable_tinygemm2.py", line 196, in <module>
2026-07-24 18:53:17,280 - sflow.task.server_5 - INFO - 7:     main()
2026-07-24 18:53:17,280 - sflow.task.server_5 - INFO - 7:   File "/work/scaleout/sflow/tools/apply_trtllm_pr15790_disable_tinygemm2.py", line 164, in main
2026-07-24 18:53:17,280 - sflow.task.server_5 - INFO - 7:     apply_patch()
2026-07-24 18:53:17,280 - sflow.task.server_5 - INFO - 7:   File "/work/scaleout/sflow/tools/apply_trtllm_pr15790_disable_tinygemm2.py", line 183, in apply_patch
2026-07-24 18:53:17,280 - sflow.task.server_5 - INFO - 7:     if patch_modeling_gpt_oss(paths["modeling_gpt_oss"]):
2026-07-24 18:53:17,280 - sflow.task.server_5 - INFO - 7:        ^^^^^^^^^^^^^^^^^^^^^^^^^^^^^^^^^^^^^^^^^^^^^^^^^
2026-07-24 18:53:17,280 - sflow.task.server_5 - INFO - 7:   File "/work/scaleout/sflow/tools/apply_trtllm_pr15790_disable_tinygemm2.py", line 139, in patch_modeling_gpt_oss
2026-07-24 18:53:17,280 - sflow.task.server_5 - INFO - 7:     return write_if_changed(path, text, patched)
2026-07-24 18:53:17,280 - sflow.task.server_5 - INFO - 7:            ^^^^^^^^^^^^^^^^^^^^^^^^^^^^^^^^^^^^^
2026-07-24 18:53:17,280 - sflow.task.server_5 - INFO - 7:   File "/work/scaleout/sflow/tools/apply_trtllm_pr15790_disable_tinygemm2.py", line 70, in write_if_changed
2026-07-24 18:53:17,280 - sflow.task.server_5 - INFO - 7:     path.write_text(patched)
2026-07-24 18:53:17,280 - sflow.task.server_5 - INFO - 7:   File "/usr/lib/python3.12/pathlib.py", line 1049, in write_text
2026-07-24 18:53:17,280 - sflow.task.server_5 - INFO - 7:     with self.open(mode='w', encoding=encoding, errors=errors, newline=newline) as f:
2026-07-24 18:53:17,280 - sflow.task.server_5 - INFO - 7:          ^^^^^^^^^^^^^^^^^^^^^^^^^^^^^^^^^^^^^^^^^^^^^^^^^^^^^^^^^^^^^^^^^^^^^^
2026-07-24 18:53:17,280 - sflow.task.server_5 - INFO - 7:   File "/usr/lib/python3.12/pathlib.py", line 1015, in open
2026-07-24 18:53:17,280 - sflow.task.server_5 - INFO - 7:     return io.open(self, mode, buffering, encoding, errors, newline)
2026-07-24 18:53:17,280 - sflow.task.server_5 - INFO - 7:            ^^^^^^^^^^^^^^^^^^^^^^^^^^^^^^^^^^^^^^^^^^^^^^^^^^^^^^^^^
2026-07-24 18:53:17,280 - sflow.task.server_5 - INFO - 7: OSError: [Errno 30] Read-only file system: '/usr/local/lib/python3.12/dist-packages/tensorrt_llm/_torch/models/modeling_gpt_oss.py'
2026-07-24 18:53:17,433 - sflow.task.server_5 - INFO - 4: rm: cannot remove '/usr/local/cuda/compat/lib': Read-only file system
2026-07-24 18:53:17,433 - sflow.task.server_5 - INFO - 6: export TRTLLM_MOE_ENABLE_ALLTOALL_WITHOUT_ALLGATHER='1'
2026-07-24 18:53:17,433 - sflow.task.server_5 - INFO - 6: export TRTLLM_SERVER_DISABLE_GC='1'
2026-07-24 18:53:17,433 - sflow.task.server_5 - INFO - 6: export TRTLLM_WORKER_DISABLE_GC='1'
2026-07-24 18:53:17,433 - sflow.task.server_5 - INFO - 6: export OMPI_MCA_coll_ucc_enable='0'
2026-07-24 18:53:17,433 - sflow.task.server_5 - INFO - 6: export TRTLLM_ENABLE_PDL='0'
2026-07-24 18:53:17,485 - sflow.task.server_5 - INFO - 6: Skipping /usr/local/lib/python3.12/dist-packages/tensorrt_llm/_torch/auto_deploy/custom_ops/fused_moe/trtllm_moe.py: tinygemm2 router dispatch not present
2026-07-24 18:53:17,485 - sflow.task.server_5 - INFO - 6: Traceback (most recent call last):
2026-07-24 18:53:17,485 - sflow.task.server_5 - INFO - 6:   File "/work/scaleout/sflow/tools/apply_trtllm_pr15790_disable_tinygemm2.py", line 196, in <module>
2026-07-24 18:53:17,485 - sflow.task.server_5 - INFO - 6:     main()
2026-07-24 18:53:17,485 - sflow.task.server_5 - INFO - 6:   File "/work/scaleout/sflow/tools/apply_trtllm_pr15790_disable_tinygemm2.py", line 164, in main
2026-07-24 18:53:17,485 - sflow.task.server_5 - INFO - 6:     apply_patch()
2026-07-24 18:53:17,485 - sflow.task.server_5 - INFO - 6:   File "/work/scaleout/sflow/tools/apply_trtllm_pr15790_disable_tinygemm2.py", line 183, in apply_patch
2026-07-24 18:53:17,485 - sflow.task.server_5 - INFO - 6:     if patch_modeling_gpt_oss(paths["modeling_gpt_oss"]):
2026-07-24 18:53:17,485 - sflow.task.server_5 - INFO - 6:        ^^^^^^^^^^^^^^^^^^^^^^^^^^^^^^^^^^^^^^^^^^^^^^^^^
2026-07-24 18:53:17,485 - sflow.task.server_5 - INFO - 6:   File "/work/scaleout/sflow/tools/apply_trtllm_pr15790_disable_tinygemm2.py", line 139, in patch_modeling_gpt_oss
2026-07-24 18:53:17,485 - sflow.task.server_5 - INFO - 6:     return write_if_changed(path, text, patched)
2026-07-24 18:53:17,485 - sflow.task.server_5 - INFO - 6:            ^^^^^^^^^^^^^^^^^^^^^^^^^^^^^^^^^^^^^
2026-07-24 18:53:17,485 - sflow.task.server_5 - INFO - 6:   File "/work/scaleout/sflow/tools/apply_trtllm_pr15790_disable_tinygemm2.py", line 70, in write_if_changed
2026-07-24 18:53:17,485 - sflow.task.server_5 - INFO - 6:     path.write_text(patched)
2026-07-24 18:53:17,485 - sflow.task.server_5 - INFO - 6:   File "/usr/lib/python3.12/pathlib.py", line 1049, in write_text
2026-07-24 18:53:17,485 - sflow.task.server_5 - INFO - 6:     with self.open(mode='w', encoding=encoding, errors=errors, newline=newline) as f:
2026-07-24 18:53:17,485 - sflow.task.server_5 - INFO - 6:          ^^^^^^^^^^^^^^^^^^^^^^^^^^^^^^^^^^^^^^^^^^^^^^^^^^^^^^^^^^^^^^^^^^^^^^
2026-07-24 18:53:17,485 - sflow.task.server_5 - INFO - 6:   File "/usr/lib/python3.12/pathlib.py", line 1015, in open
2026-07-24 18:53:17,485 - sflow.task.server_5 - INFO - 6:     return io.open(self, mode, buffering, encoding, errors, newline)
2026-07-24 18:53:17,485 - sflow.task.server_5 - INFO - 6:            ^^^^^^^^^^^^^^^^^^^^^^^^^^^^^^^^^^^^^^^^^^^^^^^^^^^^^^^^^
2026-07-24 18:53:17,485 - sflow.task.server_5 - INFO - 6: OSError: [Errno 30] Read-only file system: '/usr/local/lib/python3.12/dist-packages/tensorrt_llm/_torch/models/modeling_gpt_oss.py'
2026-07-24 18:53:17,738 - sflow.task.server_5 - INFO - 7: rm: cannot remove '/usr/local/cuda/compat/lib': Read-only file system
2026-07-24 18:53:17,738 - sflow.task.server_5 - INFO - 6: rm: cannot remove '/usr/local/cuda/compat/lib': Read-only file system
2026-07-24 18:53:18,145 - sflow.task.server_5 - INFO - 0: mpi_rank: 0
2026-07-24 18:53:18,145 - sflow.task.server_5 - INFO - 0: tllm_mpi_size: 8
2026-07-24 18:53:18,196 - sflow.task.server_5 - INFO - 0: TLLM_SPAWN_PROXY_PROCESS_IPC_ADDR: ipc:///tmp/rpc_test_15cac30e-ff4d-4bae-a2c4-27db53531398
2026-07-24 18:53:18,196 - sflow.task.server_5 - INFO - 0: Rank0 run trtllm-serve /home/mlperf_inference_storage/models/deepseek-r1/fp4-quantized-modelopt/deepseek_r1-torch-fp4 --host 0.0.0.0 --port 8341 --extra_llm_api_options /work/configs/deepseek_r1/GB200-NVL72_GB200-186GB_aarch64x72/TRTLLM/Server/trtllm-serve-ifb-dep8.yaml in background
2026-07-24 18:53:18,196 - sflow.task.server_5 - INFO - 0: Rank0 Subshell PID: 443849
2026-07-24 18:53:18,196 - sflow.task.server_5 - INFO - 0: Rank0 run mgmn leader node with mpi_world_size: 8 ...
2026-07-24 18:53:18,197 - sflow.task.server_5 - INFO - 0: Rank0 host: a4xlustref-a4xnodeset3-0
2026-07-24 18:53:18,603 - sflow.task.server_5 - INFO - 3: mpi_rank: 3
2026-07-24 18:53:18,654 - sflow.task.server_5 - INFO - 3: tllm_mpi_size: 8
2026-07-24 18:53:18,654 - sflow.task.server_5 - INFO - 3: Rank3 run mgmn worker node with mpi_world_size: 8 ...
2026-07-24 18:53:18,807 - sflow.task.server_5 - INFO - 1: mpi_rank: 1
2026-07-24 18:53:18,858 - sflow.task.server_5 - INFO - 1: tllm_mpi_size: 8
2026-07-24 18:53:18,858 - sflow.task.server_5 - INFO - 1: Rank1 run mgmn worker node with mpi_world_size: 8 ...
2026-07-24 18:53:18,960 - sflow.task.server_5 - INFO - 2: mpi_rank: 2
2026-07-24 18:53:19,011 - sflow.task.server_5 - INFO - 2: tllm_mpi_size: 8
2026-07-24 18:53:19,011 - sflow.task.server_5 - INFO - 2: Rank2 run mgmn worker node with mpi_world_size: 8 ...
2026-07-24 18:53:19,215 - sflow.task.server_5 - INFO - 5: mpi_rank: 5
2026-07-24 18:53:19,266 - sflow.task.server_5 - INFO - 5: tllm_mpi_size: 8
2026-07-24 18:53:19,266 - sflow.task.server_5 - INFO - 5: Rank5 run mgmn worker node with mpi_world_size: 8 ...
2026-07-24 18:53:19,470 - sflow.task.server_5 - INFO - 4: mpi_rank: 4
2026-07-24 18:53:19,522 - sflow.task.server_5 - INFO - 4: tllm_mpi_size: 8
2026-07-24 18:53:19,522 - sflow.task.server_5 - INFO - 4: Rank4 run mgmn worker node with mpi_world_size: 8 ...
2026-07-24 18:53:19,725 - sflow.task.server_5 - INFO - 7: mpi_rank: 7
2026-07-24 18:53:19,777 - sflow.task.server_5 - INFO - 7: tllm_mpi_size: 8
2026-07-24 18:53:19,777 - sflow.task.server_5 - INFO - 7: Rank7 run mgmn worker node with mpi_world_size: 8 ...
2026-07-24 18:53:19,929 - sflow.task.server_5 - INFO - 6: mpi_rank: 6
2026-07-24 18:53:19,980 - sflow.task.server_5 - INFO - 6: tllm_mpi_size: 8
2026-07-24 18:53:19,980 - sflow.task.server_5 - INFO - 6: Rank6 run mgmn worker node with mpi_world_size: 8 ...
2026-07-24 18:53:21,876 - sflow.task.server_5 - INFO - 0: /usr/local/lib/python3.12/dist-packages/torch/library.py:356: UserWarning: Warning only once for all operators,  other operators may also be overridden.
2026-07-24 18:53:21,876 - sflow.task.server_5 - INFO - 0:   Overriding a previously registered kernel for the same operator and the same dispatch key
2026-07-24 18:53:21,876 - sflow.task.server_5 - INFO - 0:   operator: flash_attn::_flash_attn_backward(Tensor dout, Tensor q, Tensor k, Tensor v, Tensor out, Tensor softmax_lse, Tensor(a6!)? dq, Tensor(a7!)? dk, Tensor(a8!)? dv, float dropout_p, float softmax_scale, bool causal, SymInt window_size_left, SymInt window_size_right, float softcap, Tensor? alibi_slopes, bool deterministic, Tensor? rng_state=None) -> Tensor
2026-07-24 18:53:21,876 - sflow.task.server_5 - INFO - 0:     registered at /usr/local/lib/python3.12/dist-packages/torch/_library/custom_ops.py:922
2026-07-24 18:53:21,876 - sflow.task.server_5 - INFO - 0:   dispatch key: ADInplaceOrView
2026-07-24 18:53:21,876 - sflow.task.server_5 - INFO - 0:   previous kernel: no debug info
2026-07-24 18:53:21,876 - sflow.task.server_5 - INFO - 0:        new kernel: registered at /usr/local/lib/python3.12/dist-packages/torch/_library/custom_ops.py:922 (Triggered internally at /opt/pytorch/pytorch/aten/src/ATen/core/dispatch/OperatorEntry.cpp:208.)
2026-07-24 18:53:21,876 - sflow.task.server_5 - INFO - 0:   self.m.impl(
2026-07-24 18:53:24,057 - sflow.task.server_5 - INFO - 1: /usr/local/lib/python3.12/dist-packages/torch/library.py:356: UserWarning: Warning only once for all operators,  other operators may also be overridden.
2026-07-24 18:53:24,057 - sflow.task.server_5 - INFO - 1:   Overriding a previously registered kernel for the same operator and the same dispatch key
2026-07-24 18:53:24,057 - sflow.task.server_5 - INFO - 1:   operator: flash_attn::_flash_attn_backward(Tensor dout, Tensor q, Tensor k, Tensor v, Tensor out, Tensor softmax_lse, Tensor(a6!)? dq, Tensor(a7!)? dk, Tensor(a8!)? dv, float dropout_p, float softmax_scale, bool causal, SymInt window_size_left, SymInt window_size_right, float softcap, Tensor? alibi_slopes, bool deterministic, Tensor? rng_state=None) -> Tensor
2026-07-24 18:53:24,057 - sflow.task.server_5 - INFO - 1:     registered at /usr/local/lib/python3.12/dist-packages/torch/_library/custom_ops.py:922
2026-07-24 18:53:24,057 - sflow.task.server_5 - INFO - 1:   dispatch key: ADInplaceOrView
2026-07-24 18:53:24,057 - sflow.task.server_5 - INFO - 1:   previous kernel: no debug info
2026-07-24 18:53:24,057 - sflow.task.server_5 - INFO - 1:        new kernel: registered at /usr/local/lib/python3.12/dist-packages/torch/_library/custom_ops.py:922 (Triggered internally at /opt/pytorch/pytorch/aten/src/ATen/core/dispatch/OperatorEntry.cpp:208.)
2026-07-24 18:53:24,057 - sflow.task.server_5 - INFO - 1:   self.m.impl(
2026-07-24 18:53:24,057 - sflow.task.server_5 - INFO - 2: /usr/local/lib/python3.12/dist-packages/torch/library.py:356: UserWarning: Warning only once for all operators,  other operators may also be overridden.
2026-07-24 18:53:24,057 - sflow.task.server_5 - INFO - 2:   Overriding a previously registered kernel for the same operator and the same dispatch key
2026-07-24 18:53:24,057 - sflow.task.server_5 - INFO - 2:   operator: flash_attn::_flash_attn_backward(Tensor dout, Tensor q, Tensor k, Tensor v, Tensor out, Tensor softmax_lse, Tensor(a6!)? dq, Tensor(a7!)? dk, Tensor(a8!)? dv, float dropout_p, float softmax_scale, bool causal, SymInt window_size_left, SymInt window_size_right, float softcap, Tensor? alibi_slopes, bool deterministic, Tensor? rng_state=None) -> Tensor
2026-07-24 18:53:24,057 - sflow.task.server_5 - INFO - 2:     registered at /usr/local/lib/python3.12/dist-packages/torch/_library/custom_ops.py:922
2026-07-24 18:53:24,057 - sflow.task.server_5 - INFO - 2:   dispatch key: ADInplaceOrView
2026-07-24 18:53:24,057 - sflow.task.server_5 - INFO - 2:   previous kernel: no debug info
2026-07-24 18:53:24,057 - sflow.task.server_5 - INFO - 2:        new kernel: registered at /usr/local/lib/python3.12/dist-packages/torch/_library/custom_ops.py:922 (Triggered internally at /opt/pytorch/pytorch/aten/src/ATen/core/dispatch/OperatorEntry.cpp:208.)
2026-07-24 18:53:24,057 - sflow.task.server_5 - INFO - 2:   self.m.impl(
2026-07-24 18:53:24,057 - sflow.task.server_5 - INFO - 3: /usr/local/lib/python3.12/dist-packages/torch/library.py:356: UserWarning: Warning only once for all operators,  other operators may also be overridden.
2026-07-24 18:53:24,057 - sflow.task.server_5 - INFO - 3:   Overriding a previously registered kernel for the same operator and the same dispatch key
2026-07-24 18:53:24,057 - sflow.task.server_5 - INFO - 3:   operator: flash_attn::_flash_attn_backward(Tensor dout, Tensor q, Tensor k, Tensor v, Tensor out, Tensor softmax_lse, Tensor(a6!)? dq, Tensor(a7!)? dk, Tensor(a8!)? dv, float dropout_p, float softmax_scale, bool causal, SymInt window_size_left, SymInt window_size_right, float softcap, Tensor? alibi_slopes, bool deterministic, Tensor? rng_state=None) -> Tensor
2026-07-24 18:53:24,057 - sflow.task.server_5 - INFO - 3:     registered at /usr/local/lib/python3.12/dist-packages/torch/_library/custom_ops.py:922
2026-07-24 18:53:24,057 - sflow.task.server_5 - INFO - 3:   dispatch key: ADInplaceOrView
2026-07-24 18:53:24,057 - sflow.task.server_5 - INFO - 3:   previous kernel: no debug info
2026-07-24 18:53:24,057 - sflow.task.server_5 - INFO - 3:        new kernel: registered at /usr/local/lib/python3.12/dist-packages/torch/_library/custom_ops.py:922 (Triggered internally at /opt/pytorch/pytorch/aten/src/ATen/core/dispatch/OperatorEntry.cpp:208.)
2026-07-24 18:53:24,057 - sflow.task.server_5 - INFO - 3:   self.m.impl(
2026-07-24 18:53:24,057 - sflow.task.server_5 - INFO - 4: /usr/local/lib/python3.12/dist-packages/torch/library.py:356: UserWarning: Warning only once for all operators,  other operators may also be overridden.
2026-07-24 18:53:24,057 - sflow.task.server_5 - INFO - 4:   Overriding a previously registered kernel for the same operator and the same dispatch key
2026-07-24 18:53:24,057 - sflow.task.server_5 - INFO - 4:   operator: flash_attn::_flash_attn_backward(Tensor dout, Tensor q, Tensor k, Tensor v, Tensor out, Tensor softmax_lse, Tensor(a6!)? dq, Tensor(a7!)? dk, Tensor(a8!)? dv, float dropout_p, float softmax_scale, bool causal, SymInt window_size_left, SymInt window_size_right, float softcap, Tensor? alibi_slopes, bool deterministic, Tensor? rng_state=None) -> Tensor
2026-07-24 18:53:24,057 - sflow.task.server_5 - INFO - 4:     registered at /usr/local/lib/python3.12/dist-packages/torch/_library/custom_ops.py:922
2026-07-24 18:53:24,057 - sflow.task.server_5 - INFO - 4:   dispatch key: ADInplaceOrView
2026-07-24 18:53:24,057 - sflow.task.server_5 - INFO - 4:   previous kernel: no debug info
2026-07-24 18:53:24,057 - sflow.task.server_5 - INFO - 4:        new kernel: registered at /usr/local/lib/python3.12/dist-packages/torch/_library/custom_ops.py:922 (Triggered internally at /opt/pytorch/pytorch/aten/src/ATen/core/dispatch/OperatorEntry.cpp:208.)
2026-07-24 18:53:24,057 - sflow.task.server_5 - INFO - 4:   self.m.impl(
2026-07-24 18:53:24,057 - sflow.task.server_5 - INFO - 5: /usr/local/lib/python3.12/dist-packages/torch/library.py:356: UserWarning: Warning only once for all operators,  other operators may also be overridden.
2026-07-24 18:53:24,057 - sflow.task.server_5 - INFO - 5:   Overriding a previously registered kernel for the same operator and the same dispatch key
2026-07-24 18:53:24,057 - sflow.task.server_5 - INFO - 5:   operator: flash_attn::_flash_attn_backward(Tensor dout, Tensor q, Tensor k, Tensor v, Tensor out, Tensor softmax_lse, Tensor(a6!)? dq, Tensor(a7!)? dk, Tensor(a8!)? dv, float dropout_p, float softmax_scale, bool causal, SymInt window_size_left, SymInt window_size_right, float softcap, Tensor? alibi_slopes, bool deterministic, Tensor? rng_state=None) -> Tensor
2026-07-24 18:53:24,057 - sflow.task.server_5 - INFO - 5:     registered at /usr/local/lib/python3.12/dist-packages/torch/_library/custom_ops.py:922
2026-07-24 18:53:24,057 - sflow.task.server_5 - INFO - 5:   dispatch key: ADInplaceOrView
2026-07-24 18:53:24,057 - sflow.task.server_5 - INFO - 5:   previous kernel: no debug info
2026-07-24 18:53:24,058 - sflow.task.server_5 - INFO - 5:        new kernel: registered at /usr/local/lib/python3.12/dist-packages/torch/_library/custom_ops.py:922 (Triggered internally at /opt/pytorch/pytorch/aten/src/ATen/core/dispatch/OperatorEntry.cpp:208.)
2026-07-24 18:53:24,058 - sflow.task.server_5 - INFO - 5:   self.m.impl(
2026-07-24 18:53:24,058 - sflow.task.server_5 - INFO - 6: /usr/local/lib/python3.12/dist-packages/torch/library.py:356: UserWarning: Warning only once for all operators,  other operators may also be overridden.
2026-07-24 18:53:24,058 - sflow.task.server_5 - INFO - 6:   Overriding a previously registered kernel for the same operator and the same dispatch key
2026-07-24 18:53:24,058 - sflow.task.server_5 - INFO - 6:   operator: flash_attn::_flash_attn_backward(Tensor dout, Tensor q, Tensor k, Tensor v, Tensor out, Tensor softmax_lse, Tensor(a6!)? dq, Tensor(a7!)? dk, Tensor(a8!)? dv, float dropout_p, float softmax_scale, bool causal, SymInt window_size_left, SymInt window_size_right, float softcap, Tensor? alibi_slopes, bool deterministic, Tensor? rng_state=None) -> Tensor
2026-07-24 18:53:24,058 - sflow.task.server_5 - INFO - 6:     registered at /usr/local/lib/python3.12/dist-packages/torch/_library/custom_ops.py:922
2026-07-24 18:53:24,058 - sflow.task.server_5 - INFO - 6:   dispatch key: ADInplaceOrView
2026-07-24 18:53:24,058 - sflow.task.server_5 - INFO - 6:   previous kernel: no debug info
2026-07-24 18:53:24,058 - sflow.task.server_5 - INFO - 6:        new kernel: registered at /usr/local/lib/python3.12/dist-packages/torch/_library/custom_ops.py:922 (Triggered internally at /opt/pytorch/pytorch/aten/src/ATen/core/dispatch/OperatorEntry.cpp:208.)
2026-07-24 18:53:24,058 - sflow.task.server_5 - INFO - 6:   self.m.impl(
2026-07-24 18:53:24,108 - sflow.task.server_5 - INFO - 7: /usr/local/lib/python3.12/dist-packages/torch/library.py:356: UserWarning: Warning only once for all operators,  other operators may also be overridden.
2026-07-24 18:53:24,109 - sflow.task.server_5 - INFO - 7:   Overriding a previously registered kernel for the same operator and the same dispatch key
2026-07-24 18:53:24,109 - sflow.task.server_5 - INFO - 7:   operator: flash_attn::_flash_attn_backward(Tensor dout, Tensor q, Tensor k, Tensor v, Tensor out, Tensor softmax_lse, Tensor(a6!)? dq, Tensor(a7!)? dk, Tensor(a8!)? dv, float dropout_p, float softmax_scale, bool causal, SymInt window_size_left, SymInt window_size_right, float softcap, Tensor? alibi_slopes, bool deterministic, Tensor? rng_state=None) -> Tensor
2026-07-24 18:53:24,109 - sflow.task.server_5 - INFO - 7:     registered at /usr/local/lib/python3.12/dist-packages/torch/_library/custom_ops.py:922
2026-07-24 18:53:24,109 - sflow.task.server_5 - INFO - 7:   dispatch key: ADInplaceOrView
2026-07-24 18:53:24,109 - sflow.task.server_5 - INFO - 7:   previous kernel: no debug info
2026-07-24 18:53:24,109 - sflow.task.server_5 - INFO - 7:        new kernel: registered at /usr/local/lib/python3.12/dist-packages/torch/_library/custom_ops.py:922 (Triggered internally at /opt/pytorch/pytorch/aten/src/ATen/core/dispatch/OperatorEntry.cpp:208.)
2026-07-24 18:53:24,109 - sflow.task.server_5 - INFO - 7:   self.m.impl(
2026-07-24 18:53:24,210 - sflow.task.server_5 - INFO - 0: /usr/local/lib/python3.12/dist-packages/torch/library.py:356: UserWarning: Warning only once for all operators,  other operators may also be overridden.
2026-07-24 18:53:24,210 - sflow.task.server_5 - INFO - 0:   Overriding a previously registered kernel for the same operator and the same dispatch key
2026-07-24 18:53:24,210 - sflow.task.server_5 - INFO - 0:   operator: flash_attn::_flash_attn_backward(Tensor dout, Tensor q, Tensor k, Tensor v, Tensor out, Tensor softmax_lse, Tensor(a6!)? dq, Tensor(a7!)? dk, Tensor(a8!)? dv, float dropout_p, float softmax_scale, bool causal, SymInt window_size_left, SymInt window_size_right, float softcap, Tensor? alibi_slopes, bool deterministic, Tensor? rng_state=None) -> Tensor
2026-07-24 18:53:24,210 - sflow.task.server_5 - INFO - 0:     registered at /usr/local/lib/python3.12/dist-packages/torch/_library/custom_ops.py:922
2026-07-24 18:53:24,210 - sflow.task.server_5 - INFO - 0:   dispatch key: ADInplaceOrView
2026-07-24 18:53:24,210 - sflow.task.server_5 - INFO - 0:   previous kernel: no debug info
2026-07-24 18:53:24,210 - sflow.task.server_5 - INFO - 0:        new kernel: registered at /usr/local/lib/python3.12/dist-packages/torch/_library/custom_ops.py:922 (Triggered internally at /opt/pytorch/pytorch/aten/src/ATen/core/dispatch/OperatorEntry.cpp:208.)
2026-07-24 18:53:24,210 - sflow.task.server_5 - INFO - 0:   self.m.impl(
2026-07-24 18:53:26,905 - sflow.task.server_5 - INFO - 0: /usr/local/lib/python3.12/dist-packages/modelopt/torch/__init__.py:36: UserWarning: transformers version 4.57.1 is incompatible with nvidia-modelopt and may cause issues. Please install recommended version with `pip install nvidia-modelopt[hf]` if working with HF models.
2026-07-24 18:53:26,905 - sflow.task.server_5 - INFO - 0:   _warnings.warn(
2026-07-24 18:53:28,176 - sflow.task.server_5 - INFO - 1: /usr/local/lib/python3.12/dist-packages/modelopt/torch/__init__.py:36: UserWarning: transformers version 4.57.1 is incompatible with nvidia-modelopt and may cause issues. Please install recommended version with `pip install nvidia-modelopt[hf]` if working with HF models.
2026-07-24 18:53:28,176 - sflow.task.server_5 - INFO - 1:   _warnings.warn(
2026-07-24 18:53:28,176 - sflow.task.server_5 - INFO - 2: /usr/local/lib/python3.12/dist-packages/modelopt/torch/__init__.py:36: UserWarning: transformers version 4.57.1 is incompatible with nvidia-modelopt and may cause issues. Please install recommended version with `pip install nvidia-modelopt[hf]` if working with HF models.
2026-07-24 18:53:28,176 - sflow.task.server_5 - INFO - 2:   _warnings.warn(
2026-07-24 18:53:28,582 - sflow.task.server_5 - INFO - 3: /usr/local/lib/python3.12/dist-packages/modelopt/torch/__init__.py:36: UserWarning: transformers version 4.57.1 is incompatible with nvidia-modelopt and may cause issues. Please install recommended version with `pip install nvidia-modelopt[hf]` if working with HF models.
2026-07-24 18:53:28,582 - sflow.task.server_5 - INFO - 3:   _warnings.warn(
2026-07-24 18:53:28,684 - sflow.task.server_5 - INFO - 7: /usr/local/lib/python3.12/dist-packages/modelopt/torch/__init__.py:36: UserWarning: transformers version 4.57.1 is incompatible with nvidia-modelopt and may cause issues. Please install recommended version with `pip install nvidia-modelopt[hf]` if working with HF models.
2026-07-24 18:53:28,684 - sflow.task.server_5 - INFO - 7:   _warnings.warn(
2026-07-24 18:53:28,836 - sflow.task.server_5 - INFO - 0: /usr/local/lib/python3.12/dist-packages/modelopt/torch/__init__.py:36: UserWarning: transformers version 4.57.1 is incompatible with nvidia-modelopt and may cause issues. Please install recommended version with `pip install nvidia-modelopt[hf]` if working with HF models.
2026-07-24 18:53:28,836 - sflow.task.server_5 - INFO - 0:   _warnings.warn(
2026-07-24 18:53:29,344 - sflow.task.server_5 - INFO - 5: /usr/local/lib/python3.12/dist-packages/modelopt/torch/__init__.py:36: UserWarning: transformers version 4.57.1 is incompatible with nvidia-modelopt and may cause issues. Please install recommended version with `pip install nvidia-modelopt[hf]` if working with HF models.
2026-07-24 18:53:29,345 - sflow.task.server_5 - INFO - 5:   _warnings.warn(
2026-07-24 18:53:30,566 - sflow.task.server_5 - INFO - 0: [TensorRT-LLM] TensorRT LLM version: 1.3.0rc0
2026-07-24 18:53:31,547 - sflow.task.server_5 - INFO - 0: /usr/local/lib/python3.12/dist-packages/tensorrt_llm/serve/openai_protocol.py:104: UserWarning: Field name "schema" in "ResponseFormat" shadows an attribute in parent "OpenAIBaseModel"
2026-07-24 18:53:31,547 - sflow.task.server_5 - INFO - 0:   class ResponseFormat(OpenAIBaseModel):
2026-07-24 18:53:31,649 - sflow.task.server_5 - INFO - 0: [07/24/2026-18:53:31] [TRT-LLM] [W] Overriding moe_config
2026-07-24 18:53:31,649 - sflow.task.server_5 - INFO - 0: [07/24/2026-18:53:31] [TRT-LLM] [W] Overriding attention_dp_config
2026-07-24 18:53:31,649 - sflow.task.server_5 - INFO - 0: [07/24/2026-18:53:31] [TRT-LLM] [W] Overriding kv_cache_config
2026-07-24 18:53:31,649 - sflow.task.server_5 - INFO - 0: [07/24/2026-18:53:31] [TRT-LLM] [I] Overriding max_batch_size from build_config to 512
2026-07-24 18:53:31,649 - sflow.task.server_5 - INFO - 0: [07/24/2026-18:53:31] [TRT-LLM] [I] Overriding max_num_tokens from build_config to 3456
2026-07-24 18:53:31,649 - sflow.task.server_5 - INFO - 0: [07/24/2026-18:53:31] [TRT-LLM] [I] Overriding max_seq_len from build_config to 23140
2026-07-24 18:53:31,649 - sflow.task.server_5 - INFO - 0: [07/24/2026-18:53:31] [TRT-LLM] [I] Using LLM with PyTorch backend
2026-07-24 18:53:31,649 - sflow.task.server_5 - INFO - 0: [07/24/2026-18:53:31] [TRT-LLM] [I] neither checkpoint_format nor checkpoint_loader were provided, checkpoint_format will be set to HF.
2026-07-24 18:53:31,649 - sflow.task.server_5 - INFO - 0: [07/24/2026-18:53:31] [TRT-LLM] [I] start MpiSession with 8 workers
2026-07-24 18:53:31,700 - sflow.task.server_5 - INFO - 0: [07/24/2026-18:53:31] [TRT-LLM] [I] Found /home/mlperf_inference_storage/models/deepseek-r1/fp4-quantized-modelopt/deepseek_r1-torch-fp4/hf_quant_config.json, pre-quantized checkpoint is used.
2026-07-24 18:53:31,700 - sflow.task.server_5 - INFO - 0: [07/24/2026-18:53:31] [TRT-LLM] [I] Setting quant_algo=NVFP4 form HF quant config.
2026-07-24 18:53:31,700 - sflow.task.server_5 - INFO - 0: [07/24/2026-18:53:31] [TRT-LLM] [I] Setting group_size=16 from HF quant config.
2026-07-24 18:53:31,700 - sflow.task.server_5 - INFO - 0: [07/24/2026-18:53:31] [TRT-LLM] [I] Setting exclude_modules=['lm_head', 'model.layers.0.self_attn.kv_a_proj_with_mqa', 'model.layers.0.self_attn.kv_b_proj', 'mo... from HF quant config.
2026-07-24 18:53:31,903 - sflow.task.server_5 - INFO - 0: The argument `trust_remote_code` is to be used with Auto classes. It has no effect here and is ignored.
2026-07-24 18:53:31,903 - sflow.task.server_5 - INFO - 0: You are using a model of type deepseek_v3 to instantiate a model of type . This is not supported for all configurations of models and can yield errors.
2026-07-24 18:53:31,954 - sflow.task.server_5 - INFO - 0: `torch_dtype` is deprecated! Use `dtype` instead!
2026-07-24 18:53:31,954 - sflow.task.server_5 - INFO - 0: [07/24/2026-18:53:31] [TRT-LLM] [W] Orchestrator is creating IPC executor
2026-07-24 18:53:31,954 - sflow.task.server_5 - INFO - 0: rank 0 using MpiCommSession to bind to external MPI processes
2026-07-24 18:53:31,954 - sflow.task.server_5 - INFO - 0:
2026-07-24 18:53:31,954 - sflow.task.server_5 - INFO - 0: [07/24/2026-18:53:31] [TRT-LLM] [I] Generating a new HMAC key for server proxy_request_queue
2026-07-24 18:53:31,954 - sflow.task.server_5 - INFO - 0: [07/24/2026-18:53:31] [TRT-LLM] [I] Generating a new HMAC key for server worker_init_status_queue
2026-07-24 18:53:31,954 - sflow.task.server_5 - INFO - 0: [07/24/2026-18:53:31] [TRT-LLM] [I] Generating a new HMAC key for server proxy_result_queue
2026-07-24 18:53:33,424 - sflow.task.server_5 - INFO - 6: /usr/local/lib/python3.12/dist-packages/modelopt/torch/__init__.py:36: UserWarning: transformers version 4.57.1 is incompatible with nvidia-modelopt and may cause issues. Please install recommended version with `pip install nvidia-modelopt[hf]` if working with HF models.
2026-07-24 18:53:33,424 - sflow.task.server_5 - INFO - 6:   _warnings.warn(
2026-07-24 18:53:33,424 - sflow.task.server_5 - INFO - 4: /usr/local/lib/python3.12/dist-packages/modelopt/torch/__init__.py:36: UserWarning: transformers version 4.57.1 is incompatible with nvidia-modelopt and may cause issues. Please install recommended version with `pip install nvidia-modelopt[hf]` if working with HF models.
2026-07-24 18:53:33,424 - sflow.task.server_5 - INFO - 4:   _warnings.warn(
2026-07-24 18:53:36,618 - sflow.task.server_5 - INFO - 4: [TensorRT-LLM] TensorRT LLM version: 1.3.0rc0
2026-07-24 18:53:36,618 - sflow.task.server_5 - INFO - 5: [TensorRT-LLM] TensorRT LLM version: 1.3.0rc0
2026-07-24 18:53:36,618 - sflow.task.server_5 - INFO - 6: [TensorRT-LLM] TensorRT LLM version: 1.3.0rc0
2026-07-24 18:53:36,618 - sflow.task.server_5 - INFO - 7: [TensorRT-LLM] TensorRT LLM version: 1.3.0rc0
2026-07-24 18:53:36,618 - sflow.task.server_5 - INFO - 2: [TensorRT-LLM] TensorRT LLM version: 1.3.0rc0
2026-07-24 18:53:36,618 - sflow.task.server_5 - INFO - 3: [TensorRT-LLM] TensorRT LLM version: 1.3.0rc0
2026-07-24 18:53:36,618 - sflow.task.server_5 - INFO - 1: [TensorRT-LLM] TensorRT LLM version: 1.3.0rc0
2026-07-24 18:53:36,618 - sflow.task.server_5 - INFO - 0: [TensorRT-LLM] TensorRT LLM version: 1.3.0rc0
2026-07-24 18:53:37,428 - sflow.task.server_5 - INFO - 4: [TensorRT-LLM][INFO] Refreshed the MPI local session
2026-07-24 18:53:37,428 - sflow.task.server_5 - INFO - 5: [TensorRT-LLM][INFO] Refreshed the MPI local session
2026-07-24 18:53:37,428 - sflow.task.server_5 - INFO - 0: [TensorRT-LLM][INFO] Refreshed the MPI local session
2026-07-24 18:53:37,428 - sflow.task.server_5 - INFO - 6: [TensorRT-LLM][INFO] Refreshed the MPI local session
2026-07-24 18:53:37,428 - sflow.task.server_5 - INFO - 1: [TensorRT-LLM][INFO] Refreshed the MPI local session
2026-07-24 18:53:37,428 - sflow.task.server_5 - INFO - 7: [TensorRT-LLM][INFO] Refreshed the MPI local session
2026-07-24 18:53:37,428 - sflow.task.server_5 - INFO - 3: [TensorRT-LLM][INFO] Refreshed the MPI local session
2026-07-24 18:53:37,428 - sflow.task.server_5 - INFO - 2: [TensorRT-LLM][INFO] Refreshed the MPI local session
2026-07-24 18:53:38,442 - sflow.task.server_5 - INFO - 0: [07/24/2026-18:53:38] [TRT-LLM] [RANK 0] [I] Worker process 443852 CPU affinity set to [0, 1, 2, 3, 4, 5, 6, 7, 8, 9, 10, 11, 12, 13, 14, 15, 16, 17, 18, 19, 20, 21, 22, 23, 24, 25, 26, 27, 28, 29, 30, 31, 32, 33, 34, 35, 36, 37, 38, 39, 40, 41, 42, 43, 44, 45, 46, 47, 48, 49, 50, 51, 52, 53, 54, 55, 56, 57, 58, 59, 60, 61, 62, 63, 64, 65, 66, 67, 68, 69] for optimal NUMA-aware scheduling.
2026-07-24 18:53:39,306 - sflow.task.server_5 - INFO - 2: /usr/local/lib/python3.12/dist-packages/tensorrt_llm/serve/openai_protocol.py:104: UserWarning: Field name "schema" in "ResponseFormat" shadows an attribute in parent "OpenAIBaseModel"
2026-07-24 18:53:39,306 - sflow.task.server_5 - INFO - 2:   class ResponseFormat(OpenAIBaseModel):
2026-07-24 18:53:39,306 - sflow.task.server_5 - INFO - 3: /usr/local/lib/python3.12/dist-packages/tensorrt_llm/serve/openai_protocol.py:104: UserWarning: Field name "schema" in "ResponseFormat" shadows an attribute in parent "OpenAIBaseModel"
2026-07-24 18:53:39,306 - sflow.task.server_5 - INFO - 3:   class ResponseFormat(OpenAIBaseModel):
2026-07-24 18:53:39,357 - sflow.task.server_5 - INFO - 6: /usr/local/lib/python3.12/dist-packages/tensorrt_llm/serve/openai_protocol.py:104: UserWarning: Field name "schema" in "ResponseFormat" shadows an attribute in parent "OpenAIBaseModel"
2026-07-24 18:53:39,357 - sflow.task.server_5 - INFO - 6:   class ResponseFormat(OpenAIBaseModel):
2026-07-24 18:53:39,407 - sflow.task.server_5 - INFO - 0: /usr/local/lib/python3.12/dist-packages/tensorrt_llm/serve/openai_protocol.py:104: UserWarning: Field name "schema" in "ResponseFormat" shadows an attribute in parent "OpenAIBaseModel"
2026-07-24 18:53:39,407 - sflow.task.server_5 - INFO - 0:   class ResponseFormat(OpenAIBaseModel):
2026-07-24 18:53:39,458 - sflow.task.server_5 - INFO - 2: `torch_dtype` is deprecated! Use `dtype` instead!
2026-07-24 18:53:39,509 - sflow.task.server_5 - INFO - 1: /usr/local/lib/python3.12/dist-packages/tensorrt_llm/serve/openai_protocol.py:104: UserWarning: Field name "schema" in "ResponseFormat" shadows an attribute in parent "OpenAIBaseModel"
2026-07-24 18:53:39,509 - sflow.task.server_5 - INFO - 1:   class ResponseFormat(OpenAIBaseModel):
2026-07-24 18:53:39,509 - sflow.task.server_5 - INFO - 3: `torch_dtype` is deprecated! Use `dtype` instead!
2026-07-24 18:53:39,560 - sflow.task.server_5 - INFO - 6: `torch_dtype` is deprecated! Use `dtype` instead!
2026-07-24 18:53:39,560 - sflow.task.server_5 - INFO - 0: [07/24/2026-18:53:39] [TRT-LLM] [RANK 0] [I] ATTENTION RUNTIME FEATURES:  AttentionRuntimeFeatures(chunked_prefill=False, cache_reuse=False, has_speculative_draft_tokens=False, chunk_size=3456, chunked_prefill_buffer_batch_size=4)
2026-07-24 18:53:39,611 - sflow.task.server_5 - INFO - 0: `torch_dtype` is deprecated! Use `dtype` instead!
2026-07-24 18:53:39,611 - sflow.task.server_5 - INFO - 0: [07/24/2026-18:53:39] [TRT-LLM] [RANK 0] [I] Validating KV Cache config against kv_cache_dtype="fp8"
2026-07-24 18:53:39,661 - sflow.task.server_5 - INFO - 0: [07/24/2026-18:53:39] [TRT-LLM] [RANK 0] [I] Detect inter-node TP between rank 0 and rank 1, fail to access peer GPU memory
2026-07-24 18:53:39,661 - sflow.task.server_5 - INFO - 1: `torch_dtype` is deprecated! Use `dtype` instead!
2026-07-24 18:53:39,712 - sflow.task.server_5 - INFO - 4: /usr/local/lib/python3.12/dist-packages/tensorrt_llm/serve/openai_protocol.py:104: UserWarning: Field name "schema" in "ResponseFormat" shadows an attribute in parent "OpenAIBaseModel"
2026-07-24 18:53:39,712 - sflow.task.server_5 - INFO - 4:   class ResponseFormat(OpenAIBaseModel):
2026-07-24 18:53:39,712 - sflow.task.server_5 - INFO - 5: /usr/local/lib/python3.12/dist-packages/tensorrt_llm/serve/openai_protocol.py:104: UserWarning: Field name "schema" in "ResponseFormat" shadows an attribute in parent "OpenAIBaseModel"
2026-07-24 18:53:39,712 - sflow.task.server_5 - INFO - 5:   class ResponseFormat(OpenAIBaseModel):
2026-07-24 18:53:39,814 - sflow.task.server_5 - INFO - 0: [07/24/2026-18:53:39] [TRT-LLM] [RANK 0] [I] Detect inter-node TP between rank 0 and rank 1, fail to access peer GPU memory
2026-07-24 18:53:39,814 - sflow.task.server_5 - INFO - 0: [07/24/2026-18:53:39] [TRT-LLM] [RANK 0] [I] Detect inter-node TP between rank 0 and rank 1, fail to access peer GPU memory
2026-07-24 18:53:39,814 - sflow.task.server_5 - INFO - 0: [07/24/2026-18:53:39] [TRT-LLM] [RANK 0] [I] Detect inter-node TP between rank 0 and rank 1, fail to access peer GPU memory
2026-07-24 18:53:39,865 - sflow.task.server_5 - INFO - 0: [07/24/2026-18:53:39] [TRT-LLM] [RANK 0] [I] NVLinkOneSided: Allocating workspace with size 795101568 bytes.ep_rank: 0, ep_size: 8, top_k: 8, max_num_tokens_per_rank: 3456
2026-07-24 18:53:39,865 - sflow.task.server_5 - INFO - 7: /usr/local/lib/python3.12/dist-packages/tensorrt_llm/serve/openai_protocol.py:104: UserWarning: Field name "schema" in "ResponseFormat" shadows an attribute in parent "OpenAIBaseModel"
2026-07-24 18:53:39,865 - sflow.task.server_5 - INFO - 7:   class ResponseFormat(OpenAIBaseModel):
2026-07-24 18:53:39,865 - sflow.task.server_5 - INFO - 4: `torch_dtype` is deprecated! Use `dtype` instead!
2026-07-24 18:53:39,967 - sflow.task.server_5 - INFO - 5: `torch_dtype` is deprecated! Use `dtype` instead!
2026-07-24 18:53:40,120 - sflow.task.server_5 - INFO - 7: `torch_dtype` is deprecated! Use `dtype` instead!
2026-07-24 18:53:40,425 - sflow.task.server_5 - INFO - 0: [07/24/2026-18:53:40] [TRT-LLM] [RANK 0] [I] [MnnvlMemory] creating address with stride=1073741824
2026-07-24 18:53:40,932 - sflow.task.server_5 - INFO - 0: [07/24/2026-18:53:40] [TRT-LLM] [RANK 0] [I] Selected communication strategy: NVLinkOneSided
2026-07-24 18:53:40,932 - sflow.task.server_5 - INFO - 0: [07/24/2026-18:53:40] [TRT-LLM] [RANK 0] [I] Detect inter-node TP between rank 0 and rank 1, fail to access peer GPU memory
2026-07-24 18:53:41,799 - sflow.task.server_5 - INFO - 0: [07/24/2026-18:53:41] [TRT-LLM] [RANK 0] [I] Selected communication strategy: NVLinkOneSided
2026-07-24 18:53:41,799 - sflow.task.server_5 - INFO - 0: [07/24/2026-18:53:41] [TRT-LLM] [RANK 0] [I] Detect inter-node TP between rank 0 and rank 1, fail to access peer GPU memory
2026-07-24 18:53:42,714 - sflow.task.server_5 - INFO - 0: [07/24/2026-18:53:42] [TRT-LLM] [RANK 0] [I] Selected communication strategy: NVLinkOneSided
2026-07-24 18:53:42,714 - sflow.task.server_5 - INFO - 0: [07/24/2026-18:53:42] [TRT-LLM] [RANK 0] [I] Detect inter-node TP between rank 0 and rank 1, fail to access peer GPU memory
2026-07-24 18:53:43,681 - sflow.task.server_5 - INFO - 0: [07/24/2026-18:53:43] [TRT-LLM] [RANK 0] [I] Selected communication strategy: NVLinkOneSided
2026-07-24 18:53:43,681 - sflow.task.server_5 - INFO - 0: [07/24/2026-18:53:43] [TRT-LLM] [RANK 0] [I] Detect inter-node TP between rank 0 and rank 1, fail to access peer GPU memory
2026-07-24 18:53:44,596 - sflow.task.server_5 - INFO - 0: [07/24/2026-18:53:44] [TRT-LLM] [RANK 0] [I] Selected communication strategy: NVLinkOneSided
2026-07-24 18:53:44,596 - sflow.task.server_5 - INFO - 0: [07/24/2026-18:53:44] [TRT-LLM] [RANK 0] [I] Detect inter-node TP between rank 0 and rank 1, fail to access peer GPU memory
2026-07-24 18:53:45,561 - sflow.task.server_5 - INFO - 0: [07/24/2026-18:53:45] [TRT-LLM] [RANK 0] [I] Selected communication strategy: NVLinkOneSided
2026-07-24 18:53:45,561 - sflow.task.server_5 - INFO - 0: [07/24/2026-18:53:45] [TRT-LLM] [RANK 0] [I] Detect inter-node TP between rank 0 and rank 1, fail to access peer GPU memory
2026-07-24 18:53:46,476 - sflow.task.server_5 - INFO - 0: [07/24/2026-18:53:46] [TRT-LLM] [RANK 0] [I] Selected communication strategy: NVLinkOneSided
2026-07-24 18:53:46,476 - sflow.task.server_5 - INFO - 0: [07/24/2026-18:53:46] [TRT-LLM] [RANK 0] [I] Detect inter-node TP between rank 0 and rank 1, fail to access peer GPU memory
2026-07-24 18:53:47,441 - sflow.task.server_5 - INFO - 0: [07/24/2026-18:53:47] [TRT-LLM] [RANK 0] [I] Selected communication strategy: NVLinkOneSided
2026-07-24 18:53:47,441 - sflow.task.server_5 - INFO - 0: [07/24/2026-18:53:47] [TRT-LLM] [RANK 0] [I] Detect inter-node TP between rank 0 and rank 1, fail to access peer GPU memory
2026-07-24 18:53:48,356 - sflow.task.server_5 - INFO - 0: [07/24/2026-18:53:48] [TRT-LLM] [RANK 0] [I] Selected communication strategy: NVLinkOneSided
2026-07-24 18:53:48,356 - sflow.task.server_5 - INFO - 0: [07/24/2026-18:53:48] [TRT-LLM] [RANK 0] [I] Detect inter-node TP between rank 0 and rank 1, fail to access peer GPU memory
2026-07-24 18:53:49,320 - sflow.task.server_5 - INFO - 0: [07/24/2026-18:53:49] [TRT-LLM] [RANK 0] [I] Selected communication strategy: NVLinkOneSided
2026-07-24 18:53:49,320 - sflow.task.server_5 - INFO - 0: [07/24/2026-18:53:49] [TRT-LLM] [RANK 0] [I] Detect inter-node TP between rank 0 and rank 1, fail to access peer GPU memory
2026-07-24 18:53:50,234 - sflow.task.server_5 - INFO - 0: [07/24/2026-18:53:50] [TRT-LLM] [RANK 0] [I] Selected communication strategy: NVLinkOneSided
2026-07-24 18:53:50,234 - sflow.task.server_5 - INFO - 0: [07/24/2026-18:53:50] [TRT-LLM] [RANK 0] [I] Detect inter-node TP between rank 0 and rank 1, fail to access peer GPU memory
2026-07-24 18:53:51,200 - sflow.task.server_5 - INFO - 0: [07/24/2026-18:53:51] [TRT-LLM] [RANK 0] [I] Selected communication strategy: NVLinkOneSided
2026-07-24 18:53:51,200 - sflow.task.server_5 - INFO - 0: [07/24/2026-18:53:51] [TRT-LLM] [RANK 0] [I] Detect inter-node TP between rank 0 and rank 1, fail to access peer GPU memory
2026-07-24 18:53:52,115 - sflow.task.server_5 - INFO - 0: [07/24/2026-18:53:52] [TRT-LLM] [RANK 0] [I] Selected communication strategy: NVLinkOneSided
2026-07-24 18:53:52,115 - sflow.task.server_5 - INFO - 0: [07/24/2026-18:53:52] [TRT-LLM] [RANK 0] [I] Detect inter-node TP between rank 0 and rank 1, fail to access peer GPU memory
2026-07-24 18:53:53,030 - sflow.task.server_5 - INFO - 0: [07/24/2026-18:53:53] [TRT-LLM] [RANK 0] [I] Selected communication strategy: NVLinkOneSided
2026-07-24 18:53:53,030 - sflow.task.server_5 - INFO - 0: [07/24/2026-18:53:53] [TRT-LLM] [RANK 0] [I] Detect inter-node TP between rank 0 and rank 1, fail to access peer GPU memory
2026-07-24 18:53:53,944 - sflow.task.server_5 - INFO - 0: [07/24/2026-18:53:53] [TRT-LLM] [RANK 0] [I] Selected communication strategy: NVLinkOneSided
2026-07-24 18:53:53,944 - sflow.task.server_5 - INFO - 0: [07/24/2026-18:53:53] [TRT-LLM] [RANK 0] [I] Detect inter-node TP between rank 0 and rank 1, fail to access peer GPU memory
2026-07-24 18:53:54,858 - sflow.task.server_5 - INFO - 0: [07/24/2026-18:53:54] [TRT-LLM] [RANK 0] [I] Selected communication strategy: NVLinkOneSided
2026-07-24 18:53:54,859 - sflow.task.server_5 - INFO - 0: [07/24/2026-18:53:54] [TRT-LLM] [RANK 0] [I] Detect inter-node TP between rank 0 and rank 1, fail to access peer GPU memory
2026-07-24 18:53:55,824 - sflow.task.server_5 - INFO - 0: [07/24/2026-18:53:55] [TRT-LLM] [RANK 0] [I] Selected communication strategy: NVLinkOneSided
2026-07-24 18:53:55,824 - sflow.task.server_5 - INFO - 0: [07/24/2026-18:53:55] [TRT-LLM] [RANK 0] [I] Detect inter-node TP between rank 0 and rank 1, fail to access peer GPU memory
2026-07-24 18:53:56,737 - sflow.task.server_5 - INFO - 0: [07/24/2026-18:53:56] [TRT-LLM] [RANK 0] [I] Selected communication strategy: NVLinkOneSided
2026-07-24 18:53:56,738 - sflow.task.server_5 - INFO - 0: [07/24/2026-18:53:56] [TRT-LLM] [RANK 0] [I] Detect inter-node TP between rank 0 and rank 1, fail to access peer GPU memory
2026-07-24 18:53:57,702 - sflow.task.server_5 - INFO - 0: [07/24/2026-18:53:57] [TRT-LLM] [RANK 0] [I] Selected communication strategy: NVLinkOneSided
2026-07-24 18:53:57,702 - sflow.task.server_5 - INFO - 0: [07/24/2026-18:53:57] [TRT-LLM] [RANK 0] [I] Detect inter-node TP between rank 0 and rank 1, fail to access peer GPU memory
2026-07-24 18:53:58,616 - sflow.task.server_5 - INFO - 0: [07/24/2026-18:53:58] [TRT-LLM] [RANK 0] [I] Selected communication strategy: NVLinkOneSided
2026-07-24 18:53:58,616 - sflow.task.server_5 - INFO - 0: [07/24/2026-18:53:58] [TRT-LLM] [RANK 0] [I] Detect inter-node TP between rank 0 and rank 1, fail to access peer GPU memory
2026-07-24 18:53:59,580 - sflow.task.server_5 - INFO - 0: [07/24/2026-18:53:59] [TRT-LLM] [RANK 0] [I] Selected communication strategy: NVLinkOneSided
2026-07-24 18:53:59,580 - sflow.task.server_5 - INFO - 0: [07/24/2026-18:53:59] [TRT-LLM] [RANK 0] [I] Detect inter-node TP between rank 0 and rank 1, fail to access peer GPU memory
2026-07-24 18:54:00,495 - sflow.task.server_5 - INFO - 0: [07/24/2026-18:54:00] [TRT-LLM] [RANK 0] [I] Selected communication strategy: NVLinkOneSided
2026-07-24 18:54:00,495 - sflow.task.server_5 - INFO - 0: [07/24/2026-18:54:00] [TRT-LLM] [RANK 0] [I] Detect inter-node TP between rank 0 and rank 1, fail to access peer GPU memory
2026-07-24 18:54:01,423 - sflow.task.server_5 - INFO - 0: [07/24/2026-18:54:01] [TRT-LLM] [RANK 0] [I] Selected communication strategy: NVLinkOneSided
2026-07-24 18:54:01,423 - sflow.task.server_5 - INFO - 0: [07/24/2026-18:54:01] [TRT-LLM] [RANK 0] [I] Detect inter-node TP between rank 0 and rank 1, fail to access peer GPU memory
2026-07-24 18:54:02,388 - sflow.task.server_5 - INFO - 0: [07/24/2026-18:54:02] [TRT-LLM] [RANK 0] [I] Selected communication strategy: NVLinkOneSided
2026-07-24 18:54:02,388 - sflow.task.server_5 - INFO - 0: [07/24/2026-18:54:02] [TRT-LLM] [RANK 0] [I] Detect inter-node TP between rank 0 and rank 1, fail to access peer GPU memory
2026-07-24 18:54:03,300 - sflow.task.server_5 - INFO - 0: [07/24/2026-18:54:03] [TRT-LLM] [RANK 0] [I] Selected communication strategy: NVLinkOneSided
2026-07-24 18:54:03,300 - sflow.task.server_5 - INFO - 0: [07/24/2026-18:54:03] [TRT-LLM] [RANK 0] [I] Detect inter-node TP between rank 0 and rank 1, fail to access peer GPU memory
2026-07-24 18:54:04,263 - sflow.task.server_5 - INFO - 0: [07/24/2026-18:54:04] [TRT-LLM] [RANK 0] [I] Selected communication strategy: NVLinkOneSided
2026-07-24 18:54:04,263 - sflow.task.server_5 - INFO - 0: [07/24/2026-18:54:04] [TRT-LLM] [RANK 0] [I] Detect inter-node TP between rank 0 and rank 1, fail to access peer GPU memory
2026-07-24 18:54:05,177 - sflow.task.server_5 - INFO - 0: [07/24/2026-18:54:05] [TRT-LLM] [RANK 0] [I] Selected communication strategy: NVLinkOneSided
2026-07-24 18:54:05,177 - sflow.task.server_5 - INFO - 0: [07/24/2026-18:54:05] [TRT-LLM] [RANK 0] [I] Detect inter-node TP between rank 0 and rank 1, fail to access peer GPU memory
2026-07-24 18:54:05,887 - sflow.task.server_5 - INFO - 0: [07/24/2026-18:54:05] [TRT-LLM] [RANK 0] [I] Selected communication strategy: NVLinkOneSided
2026-07-24 18:54:05,887 - sflow.task.server_5 - INFO - 0: [07/24/2026-18:54:05] [TRT-LLM] [RANK 0] [I] Detect inter-node TP between rank 0 and rank 1, fail to access peer GPU memory
2026-07-24 18:54:06,445 - sflow.task.server_5 - INFO - 0: [07/24/2026-18:54:06] [TRT-LLM] [RANK 0] [I] Selected communication strategy: NVLinkOneSided
2026-07-24 18:54:06,445 - sflow.task.server_5 - INFO - 0: [07/24/2026-18:54:06] [TRT-LLM] [RANK 0] [I] Detect inter-node TP between rank 0 and rank 1, fail to access peer GPU memory
2026-07-24 18:54:07,053 - sflow.task.server_5 - INFO - 0: [07/24/2026-18:54:07] [TRT-LLM] [RANK 0] [I] Selected communication strategy: NVLinkOneSided
2026-07-24 18:54:07,053 - sflow.task.server_5 - INFO - 0: [07/24/2026-18:54:07] [TRT-LLM] [RANK 0] [I] Detect inter-node TP between rank 0 and rank 1, fail to access peer GPU memory
2026-07-24 18:54:07,814 - sflow.task.server_5 - INFO - 0: [07/24/2026-18:54:07] [TRT-LLM] [RANK 0] [I] Selected communication strategy: NVLinkOneSided
2026-07-24 18:54:07,814 - sflow.task.server_5 - INFO - 0: [07/24/2026-18:54:07] [TRT-LLM] [RANK 0] [I] Detect inter-node TP between rank 0 and rank 1, fail to access peer GPU memory
2026-07-24 18:54:08,320 - sflow.task.server_5 - INFO - 0: [07/24/2026-18:54:08] [TRT-LLM] [RANK 0] [I] Selected communication strategy: NVLinkOneSided
2026-07-24 18:54:08,320 - sflow.task.server_5 - INFO - 0: [07/24/2026-18:54:08] [TRT-LLM] [RANK 0] [I] Detect inter-node TP between rank 0 and rank 1, fail to access peer GPU memory
2026-07-24 18:54:08,472 - sflow.task.server_5 - INFO - 0: [07/24/2026-18:54:08] [TRT-LLM] [RANK 0] [I] Selected communication strategy: NVLinkOneSided
2026-07-24 18:54:08,472 - sflow.task.server_5 - INFO - 0: [07/24/2026-18:54:08] [TRT-LLM] [RANK 0] [I] Detect inter-node TP between rank 0 and rank 1, fail to access peer GPU memory
2026-07-24 18:54:08,523 - sflow.task.server_5 - INFO - 0: [07/24/2026-18:54:08] [TRT-LLM] [RANK 0] [I] Selected communication strategy: NVLinkOneSided
2026-07-24 18:54:08,523 - sflow.task.server_5 - INFO - 0: [07/24/2026-18:54:08] [TRT-LLM] [RANK 0] [I] Detect inter-node TP between rank 0 and rank 1, fail to access peer GPU memory
2026-07-24 18:54:08,574 - sflow.task.server_5 - INFO - 0: [07/24/2026-18:54:08] [TRT-LLM] [RANK 0] [I] Selected communication strategy: NVLinkOneSided
2026-07-24 18:54:08,574 - sflow.task.server_5 - INFO - 0: [07/24/2026-18:54:08] [TRT-LLM] [RANK 0] [I] Detect inter-node TP between rank 0 and rank 1, fail to access peer GPU memory
2026-07-24 18:54:08,574 - sflow.task.server_5 - INFO - 0: [07/24/2026-18:54:08] [TRT-LLM] [RANK 0] [I] Selected communication strategy: NVLinkOneSided
2026-07-24 18:54:08,574 - sflow.task.server_5 - INFO - 0: [07/24/2026-18:54:08] [TRT-LLM] [RANK 0] [I] Detect inter-node TP between rank 0 and rank 1, fail to access peer GPU memory
2026-07-24 18:54:08,676 - sflow.task.server_5 - INFO - 0: [07/24/2026-18:54:08] [TRT-LLM] [RANK 0] [I] Selected communication strategy: NVLinkOneSided
2026-07-24 18:54:08,676 - sflow.task.server_5 - INFO - 0: [07/24/2026-18:54:08] [TRT-LLM] [RANK 0] [I] Detect inter-node TP between rank 0 and rank 1, fail to access peer GPU memory
2026-07-24 18:54:08,726 - sflow.task.server_5 - INFO - 0: [07/24/2026-18:54:08] [TRT-LLM] [RANK 0] [I] Selected communication strategy: NVLinkOneSided
2026-07-24 18:54:08,726 - sflow.task.server_5 - INFO - 0: [07/24/2026-18:54:08] [TRT-LLM] [RANK 0] [I] Detect inter-node TP between rank 0 and rank 1, fail to access peer GPU memory
2026-07-24 18:54:08,777 - sflow.task.server_5 - INFO - 0: [07/24/2026-18:54:08] [TRT-LLM] [RANK 0] [I] Selected communication strategy: NVLinkOneSided
2026-07-24 18:54:08,777 - sflow.task.server_5 - INFO - 0: [07/24/2026-18:54:08] [TRT-LLM] [RANK 0] [I] Detect inter-node TP between rank 0 and rank 1, fail to access peer GPU memory
2026-07-24 18:54:08,777 - sflow.task.server_5 - INFO - 0: [07/24/2026-18:54:08] [TRT-LLM] [RANK 0] [I] Selected communication strategy: NVLinkOneSided
2026-07-24 18:54:08,777 - sflow.task.server_5 - INFO - 0: [07/24/2026-18:54:08] [TRT-LLM] [RANK 0] [I] Detect inter-node TP between rank 0 and rank 1, fail to access peer GPU memory
2026-07-24 18:54:08,777 - sflow.task.server_5 - INFO - 0: [07/24/2026-18:54:08] [TRT-LLM] [RANK 0] [I] Selected communication strategy: NVLinkOneSided
2026-07-24 18:54:08,777 - sflow.task.server_5 - INFO - 0: [07/24/2026-18:54:08] [TRT-LLM] [RANK 0] [I] Detect inter-node TP between rank 0 and rank 1, fail to access peer GPU memory
2026-07-24 18:54:08,828 - sflow.task.server_5 - INFO - 0: [07/24/2026-18:54:08] [TRT-LLM] [RANK 0] [I] Selected communication strategy: NVLinkOneSided
2026-07-24 18:54:08,828 - sflow.task.server_5 - INFO - 0: [07/24/2026-18:54:08] [TRT-LLM] [RANK 0] [I] Detect inter-node TP between rank 0 and rank 1, fail to access peer GPU memory
2026-07-24 18:54:08,879 - sflow.task.server_5 - INFO - 0: [07/24/2026-18:54:08] [TRT-LLM] [RANK 0] [I] Selected communication strategy: NVLinkOneSided
2026-07-24 18:54:08,879 - sflow.task.server_5 - INFO - 0: [07/24/2026-18:54:08] [TRT-LLM] [RANK 0] [I] Detect inter-node TP between rank 0 and rank 1, fail to access peer GPU memory
2026-07-24 18:54:08,879 - sflow.task.server_5 - INFO - 0: [07/24/2026-18:54:08] [TRT-LLM] [RANK 0] [I] Selected communication strategy: NVLinkOneSided
2026-07-24 18:54:08,930 - sflow.task.server_5 - INFO - 0: [07/24/2026-18:54:08] [TRT-LLM] [RANK 0] [I] Detect inter-node TP between rank 0 and rank 1, fail to access peer GPU memory
2026-07-24 18:54:08,930 - sflow.task.server_5 - INFO - 0: [07/24/2026-18:54:08] [TRT-LLM] [RANK 0] [I] Selected communication strategy: NVLinkOneSided
2026-07-24 18:54:08,930 - sflow.task.server_5 - INFO - 0: [07/24/2026-18:54:08] [TRT-LLM] [RANK 0] [I] Detect inter-node TP between rank 0 and rank 1, fail to access peer GPU memory
2026-07-24 18:54:08,981 - sflow.task.server_5 - INFO - 0: [07/24/2026-18:54:08] [TRT-LLM] [RANK 0] [I] Selected communication strategy: NVLinkOneSided
2026-07-24 18:54:09,031 - sflow.task.server_5 - INFO - 0: [07/24/2026-18:54:08] [TRT-LLM] [RANK 0] [I] Detect inter-node TP between rank 0 and rank 1, fail to access peer GPU memory
2026-07-24 18:54:09,031 - sflow.task.server_5 - INFO - 0: [07/24/2026-18:54:09] [TRT-LLM] [RANK 0] [I] Selected communication strategy: NVLinkOneSided
2026-07-24 18:54:09,031 - sflow.task.server_5 - INFO - 0: [07/24/2026-18:54:09] [TRT-LLM] [RANK 0] [I] Detect inter-node TP between rank 0 and rank 1, fail to access peer GPU memory
2026-07-24 18:54:09,031 - sflow.task.server_5 - INFO - 0: [07/24/2026-18:54:09] [TRT-LLM] [RANK 0] [I] Selected communication strategy: NVLinkOneSided
2026-07-24 18:54:09,031 - sflow.task.server_5 - INFO - 0: [07/24/2026-18:54:09] [TRT-LLM] [RANK 0] [I] Detect inter-node TP between rank 0 and rank 1, fail to access peer GPU memory
2026-07-24 18:54:09,082 - sflow.task.server_5 - INFO - 0: [07/24/2026-18:54:09] [TRT-LLM] [RANK 0] [I] Selected communication strategy: NVLinkOneSided
2026-07-24 18:54:09,082 - sflow.task.server_5 - INFO - 0: [07/24/2026-18:54:09] [TRT-LLM] [RANK 0] [I] Detect inter-node TP between rank 0 and rank 1, fail to access peer GPU memory
2026-07-24 18:54:09,135 - sflow.task.server_5 - INFO - 0: [07/24/2026-18:54:09] [TRT-LLM] [RANK 0] [I] Selected communication strategy: NVLinkOneSided
2026-07-24 18:54:09,135 - sflow.task.server_5 - INFO - 0: [07/24/2026-18:54:09] [TRT-LLM] [RANK 0] [I] Detect inter-node TP between rank 0 and rank 1, fail to access peer GPU memory
2026-07-24 18:54:09,238 - sflow.task.server_5 - INFO - 0: [07/24/2026-18:54:09] [TRT-LLM] [RANK 0] [I] Selected communication strategy: NVLinkOneSided
2026-07-24 18:54:09,239 - sflow.task.server_5 - INFO - 0: [07/24/2026-18:54:09] [TRT-LLM] [RANK 0] [I] Detect inter-node TP between rank 0 and rank 1, fail to access peer GPU memory
2026-07-24 18:54:09,857 - sflow.task.server_5 - INFO - 0: [07/24/2026-18:54:09] [TRT-LLM] [RANK 0] [I] Selected communication strategy: NVLinkOneSided
2026-07-24 18:54:09,857 - sflow.task.server_5 - INFO - 0: [07/24/2026-18:54:09] [TRT-LLM] [RANK 0] [I] Detect inter-node TP between rank 0 and rank 1, fail to access peer GPU memory
2026-07-24 18:54:10,224 - sflow.task.server_5 - INFO - 0: [07/24/2026-18:54:10] [TRT-LLM] [RANK 0] [I] Selected communication strategy: NVLinkOneSided
2026-07-24 18:54:10,224 - sflow.task.server_5 - INFO - 0: [07/24/2026-18:54:10] [TRT-LLM] [RANK 0] [I] Detect inter-node TP between rank 0 and rank 1, fail to access peer GPU memory
2026-07-24 18:54:10,332 - sflow.task.server_5 - INFO - 0: [07/24/2026-18:54:10] [TRT-LLM] [RANK 0] [I] Selected communication strategy: NVLinkOneSided
2026-07-24 18:54:10,332 - sflow.task.server_5 - INFO - 0: [07/24/2026-18:54:10] [TRT-LLM] [RANK 0] [I] Detect inter-node TP between rank 0 and rank 1, fail to access peer GPU memory
2026-07-24 18:54:10,489 - sflow.task.server_5 - INFO - 0: [07/24/2026-18:54:10] [TRT-LLM] [RANK 0] [I] Selected communication strategy: NVLinkOneSided
2026-07-24 18:54:10,490 - sflow.task.server_5 - INFO - 0: [07/24/2026-18:54:10] [TRT-LLM] [RANK 0] [I] Detect inter-node TP between rank 0 and rank 1, fail to access peer GPU memory
2026-07-24 18:54:10,697 - sflow.task.server_5 - INFO - 0: [07/24/2026-18:54:10] [TRT-LLM] [RANK 0] [I] Selected communication strategy: NVLinkOneSided
2026-07-24 18:54:10,697 - sflow.task.server_5 - INFO - 0: [07/24/2026-18:54:10] [TRT-LLM] [RANK 0] [I] Detect inter-node TP between rank 0 and rank 1, fail to access peer GPU memory
2026-07-24 18:54:11,009 - sflow.task.server_5 - INFO - 0: [07/24/2026-18:54:10] [TRT-LLM] [RANK 0] [I] Selected communication strategy: NVLinkOneSided
2026-07-24 18:54:11,009 - sflow.task.server_5 - INFO - 0: [07/24/2026-18:54:10] [TRT-LLM] [RANK 0] [I] Detect inter-node TP between rank 0 and rank 1, fail to access peer GPU memory
2026-07-24 18:54:11,214 - sflow.task.server_5 - INFO - 0: [07/24/2026-18:54:11] [TRT-LLM] [RANK 0] [I] Selected communication strategy: NVLinkOneSided
2026-07-24 18:54:35,572 - sflow.task.server_5 - INFO - 0: [07/24/2026-18:54:35] [TRT-LLM] [RANK 0] [I] Use 62.01 GB for model weights.
2026-07-24 18:54:35,572 - sflow.task.server_5 - INFO - 0: [07/24/2026-18:54:35] [TRT-LLM] [RANK 0] [I] Prefetching 384.94GB checkpoint files.
2026-07-24 18:54:35,572 - sflow.task.server_5 - INFO - 0: [07/24/2026-18:54:35] [TRT-LLM] [RANK 0] [I] Prefetching /home/mlperf_inference_storage/models/deepseek-r1/fp4-quantized-modelopt/deepseek_r1-torch-fp4/model-00046-of-000163.safetensors to memory...
2026-07-24 18:54:35,572 - sflow.task.server_5 - INFO - 0: [07/24/2026-18:54:35] [TRT-LLM] [RANK 0] [I] Prefetching /home/mlperf_inference_storage/models/deepseek-r1/fp4-quantized-modelopt/deepseek_r1-torch-fp4/model-00087-of-000163.safetensors to memory...
2026-07-24 18:54:35,572 - sflow.task.server_5 - INFO - 0: [07/24/2026-18:54:35] [TRT-LLM] [RANK 0] [I] Prefetching /home/mlperf_inference_storage/models/deepseek-r1/fp4-quantized-modelopt/deepseek_r1-torch-fp4/model-00081-of-000163.safetensors to memory...
2026-07-24 18:54:35,572 - sflow.task.server_5 - INFO - 0: [07/24/2026-18:54:35] [TRT-LLM] [RANK 0] [I] Prefetching /home/mlperf_inference_storage/models/deepseek-r1/fp4-quantized-modelopt/deepseek_r1-torch-fp4/model-00110-of-000163.safetensors to memory...
2026-07-24 18:54:35,572 - sflow.task.server_5 - INFO - 0: [07/24/2026-18:54:35] [TRT-LLM] [RANK 0] [I] Prefetching /home/mlperf_inference_storage/models/deepseek-r1/fp4-quantized-modelopt/deepseek_r1-torch-fp4/model-00150-of-000163.safetensors to memory...
2026-07-24 18:54:35,623 - sflow.task.server_5 - INFO - 0: [07/24/2026-18:54:35] [TRT-LLM] [RANK 0] [I] Prefetching /home/mlperf_inference_storage/models/deepseek-r1/fp4-quantized-modelopt/deepseek_r1-torch-fp4/model-00148-of-000163.safetensors to memory...
2026-07-24 18:54:35,623 - sflow.task.server_5 - INFO - 0: [07/24/2026-18:54:35] [TRT-LLM] [RANK 0] [I] Prefetching /home/mlperf_inference_storage/models/deepseek-r1/fp4-quantized-modelopt/deepseek_r1-torch-fp4/model-00060-of-000163.safetensors to memory...
2026-07-24 18:54:35,623 - sflow.task.server_5 - INFO - 0: [07/24/2026-18:54:35] [TRT-LLM] [RANK 0] [I] Prefetching /home/mlperf_inference_storage/models/deepseek-r1/fp4-quantized-modelopt/deepseek_r1-torch-fp4/model-00065-of-000163.safetensors to memory...
2026-07-24 18:54:35,623 - sflow.task.server_5 - INFO - 0: [07/24/2026-18:54:35] [TRT-LLM] [RANK 0] [I] Prefetching /home/mlperf_inference_storage/models/deepseek-r1/fp4-quantized-modelopt/deepseek_r1-torch-fp4/model-00045-of-000163.safetensors to memory...
2026-07-24 18:54:35,623 - sflow.task.server_5 - INFO - 0: [07/24/2026-18:54:35] [TRT-LLM] [RANK 0] [I] Prefetching /home/mlperf_inference_storage/models/deepseek-r1/fp4-quantized-modelopt/deepseek_r1-torch-fp4/model-00070-of-000163.safetensors to memory...
2026-07-24 18:54:35,623 - sflow.task.server_5 - INFO - 0: [07/24/2026-18:54:35] [TRT-LLM] [RANK 0] [I] Prefetching /home/mlperf_inference_storage/models/deepseek-r1/fp4-quantized-modelopt/deepseek_r1-torch-fp4/model-00043-of-000163.safetensors to memory...
2026-07-24 18:54:35,623 - sflow.task.server_5 - INFO - 0: [07/24/2026-18:54:35] [TRT-LLM] [RANK 0] [I] Prefetching /home/mlperf_inference_storage/models/deepseek-r1/fp4-quantized-modelopt/deepseek_r1-torch-fp4/model-00119-of-000163.safetensors to memory...
2026-07-24 18:54:35,623 - sflow.task.server_5 - INFO - 0: [07/24/2026-18:54:35] [TRT-LLM] [RANK 0] [I] Prefetching /home/mlperf_inference_storage/models/deepseek-r1/fp4-quantized-modelopt/deepseek_r1-torch-fp4/model-00014-of-000163.safetensors to memory...
2026-07-24 18:54:35,623 - sflow.task.server_5 - INFO - 0: [07/24/2026-18:54:35] [TRT-LLM] [RANK 0] [I] Prefetching /home/mlperf_inference_storage/models/deepseek-r1/fp4-quantized-modelopt/deepseek_r1-torch-fp4/model-00086-of-000163.safetensors to memory...
2026-07-24 18:54:35,623 - sflow.task.server_5 - INFO - 0: [07/24/2026-18:54:35] [TRT-LLM] [RANK 0] [I] Prefetching /home/mlperf_inference_storage/models/deepseek-r1/fp4-quantized-modelopt/deepseek_r1-torch-fp4/model-00128-of-000163.safetensors to memory...
2026-07-24 18:54:35,623 - sflow.task.server_5 - INFO - 0: [07/24/2026-18:54:35] [TRT-LLM] [RANK 0] [I] Prefetching /home/mlperf_inference_storage/models/deepseek-r1/fp4-quantized-modelopt/deepseek_r1-torch-fp4/model-00102-of-000163.safetensors to memory...
2026-07-24 18:54:56,574 - sflow.task.server_5 - INFO - 0: [07/24/2026-18:54:56] [TRT-LLM] [RANK 0] [I] Finished prefetching /home/mlperf_inference_storage/models/deepseek-r1/fp4-quantized-modelopt/deepseek_r1-torch-fp4/model-00148-of-000163.safetensors.
2026-07-24 18:54:56,574 - sflow.task.server_5 - INFO - 0: [07/24/2026-18:54:56] [TRT-LLM] [RANK 0] [I] Prefetching /home/mlperf_inference_storage/models/deepseek-r1/fp4-quantized-modelopt/deepseek_r1-torch-fp4/model-00156-of-000163.safetensors to memory...
2026-07-24 18:54:56,878 - sflow.task.server_5 - INFO - 0: [07/24/2026-18:54:56] [TRT-LLM] [RANK 0] [I] Finished prefetching /home/mlperf_inference_storage/models/deepseek-r1/fp4-quantized-modelopt/deepseek_r1-torch-fp4/model-00046-of-000163.safetensors.
2026-07-24 18:54:56,878 - sflow.task.server_5 - INFO - 0: [07/24/2026-18:54:56] [TRT-LLM] [RANK 0] [I] Prefetching /home/mlperf_inference_storage/models/deepseek-r1/fp4-quantized-modelopt/deepseek_r1-torch-fp4/model-00067-of-000163.safetensors to memory...
2026-07-24 18:54:58,863 - sflow.task.server_5 - INFO - 0: [07/24/2026-18:54:58] [TRT-LLM] [RANK 0] [I] Finished prefetching /home/mlperf_inference_storage/models/deepseek-r1/fp4-quantized-modelopt/deepseek_r1-torch-fp4/model-00150-of-000163.safetensors.
2026-07-24 18:54:58,863 - sflow.task.server_5 - INFO - 0: [07/24/2026-18:54:58] [TRT-LLM] [RANK 0] [I] Prefetching /home/mlperf_inference_storage/models/deepseek-r1/fp4-quantized-modelopt/deepseek_r1-torch-fp4/model-00088-of-000163.safetensors to memory...
2026-07-24 18:55:00,442 - sflow.task.server_5 - INFO - 0: [07/24/2026-18:55:00] [TRT-LLM] [RANK 0] [I] Finished prefetching /home/mlperf_inference_storage/models/deepseek-r1/fp4-quantized-modelopt/deepseek_r1-torch-fp4/model-00014-of-000163.safetensors.
2026-07-24 18:55:00,442 - sflow.task.server_5 - INFO - 0: [07/24/2026-18:55:00] [TRT-LLM] [RANK 0] [I] Prefetching /home/mlperf_inference_storage/models/deepseek-r1/fp4-quantized-modelopt/deepseek_r1-torch-fp4/model-00012-of-000163.safetensors to memory...
2026-07-24 18:55:00,748 - sflow.task.server_5 - INFO - 0: [07/24/2026-18:55:00] [TRT-LLM] [RANK 0] [I] Finished prefetching /home/mlperf_inference_storage/models/deepseek-r1/fp4-quantized-modelopt/deepseek_r1-torch-fp4/model-00110-of-000163.safetensors.
2026-07-24 18:55:00,748 - sflow.task.server_5 - INFO - 0: [07/24/2026-18:55:00] [TRT-LLM] [RANK 0] [I] Prefetching /home/mlperf_inference_storage/models/deepseek-r1/fp4-quantized-modelopt/deepseek_r1-torch-fp4/model-00039-of-000163.safetensors to memory...
2026-07-24 18:55:01,514 - sflow.task.server_5 - INFO - 0: [07/24/2026-18:55:01] [TRT-LLM] [RANK 0] [I] Finished prefetching /home/mlperf_inference_storage/models/deepseek-r1/fp4-quantized-modelopt/deepseek_r1-torch-fp4/model-00065-of-000163.safetensors.
2026-07-24 18:55:01,514 - sflow.task.server_5 - INFO - 0: [07/24/2026-18:55:01] [TRT-LLM] [RANK 0] [I] Prefetching /home/mlperf_inference_storage/models/deepseek-r1/fp4-quantized-modelopt/deepseek_r1-torch-fp4/model-00127-of-000163.safetensors to memory...
2026-07-24 18:55:01,565 - sflow.task.server_5 - INFO - 0: [07/24/2026-18:55:01] [TRT-LLM] [RANK 0] [I] Finished prefetching /home/mlperf_inference_storage/models/deepseek-r1/fp4-quantized-modelopt/deepseek_r1-torch-fp4/model-00128-of-000163.safetensors.
2026-07-24 18:55:01,565 - sflow.task.server_5 - INFO - 0: [07/24/2026-18:55:01] [TRT-LLM] [RANK 0] [I] Prefetching /home/mlperf_inference_storage/models/deepseek-r1/fp4-quantized-modelopt/deepseek_r1-torch-fp4/model-00024-of-000163.safetensors to memory...
2026-07-24 18:55:01,769 - sflow.task.server_5 - INFO - 0: [07/24/2026-18:55:01] [TRT-LLM] [RANK 0] [I] Finished prefetching /home/mlperf_inference_storage/models/deepseek-r1/fp4-quantized-modelopt/deepseek_r1-torch-fp4/model-00081-of-000163.safetensors.
2026-07-24 18:55:01,769 - sflow.task.server_5 - INFO - 0: [07/24/2026-18:55:01] [TRT-LLM] [RANK 0] [I] Prefetching /home/mlperf_inference_storage/models/deepseek-r1/fp4-quantized-modelopt/deepseek_r1-torch-fp4/model-00157-of-000163.safetensors to memory...
2026-07-24 18:55:02,332 - sflow.task.server_5 - INFO - 0: [07/24/2026-18:55:02] [TRT-LLM] [RANK 0] [I] Finished prefetching /home/mlperf_inference_storage/models/deepseek-r1/fp4-quantized-modelopt/deepseek_r1-torch-fp4/model-00043-of-000163.safetensors.
2026-07-24 18:55:02,332 - sflow.task.server_5 - INFO - 0: [07/24/2026-18:55:02] [TRT-LLM] [RANK 0] [I] Prefetching /home/mlperf_inference_storage/models/deepseek-r1/fp4-quantized-modelopt/deepseek_r1-torch-fp4/model-00056-of-000163.safetensors to memory...
2026-07-24 18:55:02,690 - sflow.task.server_5 - INFO - 0: [07/24/2026-18:55:02] [TRT-LLM] [RANK 0] [I] Finished prefetching /home/mlperf_inference_storage/models/deepseek-r1/fp4-quantized-modelopt/deepseek_r1-torch-fp4/model-00087-of-000163.safetensors.
2026-07-24 18:55:02,690 - sflow.task.server_5 - INFO - 0: [07/24/2026-18:55:02] [TRT-LLM] [RANK 0] [I] Prefetching /home/mlperf_inference_storage/models/deepseek-r1/fp4-quantized-modelopt/deepseek_r1-torch-fp4/model-00041-of-000163.safetensors to memory...
2026-07-24 18:55:02,944 - sflow.task.server_5 - INFO - 0: [07/24/2026-18:55:02] [TRT-LLM] [RANK 0] [I] Finished prefetching /home/mlperf_inference_storage/models/deepseek-r1/fp4-quantized-modelopt/deepseek_r1-torch-fp4/model-00102-of-000163.safetensors.
2026-07-24 18:55:02,944 - sflow.task.server_5 - INFO - 0: [07/24/2026-18:55:02] [TRT-LLM] [RANK 0] [I] Prefetching /home/mlperf_inference_storage/models/deepseek-r1/fp4-quantized-modelopt/deepseek_r1-torch-fp4/model-00097-of-000163.safetensors to memory...
2026-07-24 18:55:03,656 - sflow.task.server_5 - INFO - 0: [07/24/2026-18:55:03] [TRT-LLM] [RANK 0] [I] Finished prefetching /home/mlperf_inference_storage/models/deepseek-r1/fp4-quantized-modelopt/deepseek_r1-torch-fp4/model-00060-of-000163.safetensors.
2026-07-24 18:55:03,656 - sflow.task.server_5 - INFO - 0: [07/24/2026-18:55:03] [TRT-LLM] [RANK 0] [I] Prefetching /home/mlperf_inference_storage/models/deepseek-r1/fp4-quantized-modelopt/deepseek_r1-torch-fp4/model-00021-of-000163.safetensors to memory...
2026-07-24 18:55:04,065 - sflow.task.server_5 - INFO - 0: [07/24/2026-18:55:04] [TRT-LLM] [RANK 0] [I] Finished prefetching /home/mlperf_inference_storage/models/deepseek-r1/fp4-quantized-modelopt/deepseek_r1-torch-fp4/model-00045-of-000163.safetensors.
2026-07-24 18:55:04,065 - sflow.task.server_5 - INFO - 0: [07/24/2026-18:55:04] [TRT-LLM] [RANK 0] [I] Prefetching /home/mlperf_inference_storage/models/deepseek-r1/fp4-quantized-modelopt/deepseek_r1-torch-fp4/model-00082-of-000163.safetensors to memory...
2026-07-24 18:55:04,320 - sflow.task.server_5 - INFO - 0: [07/24/2026-18:55:04] [TRT-LLM] [RANK 0] [I] Finished prefetching /home/mlperf_inference_storage/models/deepseek-r1/fp4-quantized-modelopt/deepseek_r1-torch-fp4/model-00119-of-000163.safetensors.
2026-07-24 18:55:04,320 - sflow.task.server_5 - INFO - 0: [07/24/2026-18:55:04] [TRT-LLM] [RANK 0] [I] Prefetching /home/mlperf_inference_storage/models/deepseek-r1/fp4-quantized-modelopt/deepseek_r1-torch-fp4/model-00112-of-000163.safetensors to memory...
2026-07-24 18:55:05,644 - sflow.task.server_5 - INFO - 0: [07/24/2026-18:55:05] [TRT-LLM] [RANK 0] [I] Finished prefetching /home/mlperf_inference_storage/models/deepseek-r1/fp4-quantized-modelopt/deepseek_r1-torch-fp4/model-00086-of-000163.safetensors.
2026-07-24 18:55:05,645 - sflow.task.server_5 - INFO - 0: [07/24/2026-18:55:05] [TRT-LLM] [RANK 0] [I] Prefetching /home/mlperf_inference_storage/models/deepseek-r1/fp4-quantized-modelopt/deepseek_r1-torch-fp4/model-00023-of-000163.safetensors to memory...
2026-07-24 18:55:06,614 - sflow.task.server_5 - INFO - 0: [07/24/2026-18:55:06] [TRT-LLM] [RANK 0] [I] Finished prefetching /home/mlperf_inference_storage/models/deepseek-r1/fp4-quantized-modelopt/deepseek_r1-torch-fp4/model-00070-of-000163.safetensors.
2026-07-24 18:55:06,614 - sflow.task.server_5 - INFO - 0: [07/24/2026-18:55:06] [TRT-LLM] [RANK 0] [I] Prefetching /home/mlperf_inference_storage/models/deepseek-r1/fp4-quantized-modelopt/deepseek_r1-torch-fp4/model-00113-of-000163.safetensors to memory...
2026-07-24 18:55:07,995 - sflow.task.server_5 - INFO - 0: [07/24/2026-18:55:07] [TRT-LLM] [RANK 0] [I] Finished prefetching /home/mlperf_inference_storage/models/deepseek-r1/fp4-quantized-modelopt/deepseek_r1-torch-fp4/model-00056-of-000163.safetensors.
2026-07-24 18:55:07,995 - sflow.task.server_5 - INFO - 0: [07/24/2026-18:55:07] [TRT-LLM] [RANK 0] [I] Prefetching /home/mlperf_inference_storage/models/deepseek-r1/fp4-quantized-modelopt/deepseek_r1-torch-fp4/model-00163-of-000163.safetensors to memory...
2026-07-24 18:55:08,659 - sflow.task.server_5 - INFO - 0: [07/24/2026-18:55:08] [TRT-LLM] [RANK 0] [I] Finished prefetching /home/mlperf_inference_storage/models/deepseek-r1/fp4-quantized-modelopt/deepseek_r1-torch-fp4/model-00012-of-000163.safetensors.
2026-07-24 18:55:08,659 - sflow.task.server_5 - INFO - 0: [07/24/2026-18:55:08] [TRT-LLM] [RANK 0] [I] Prefetching /home/mlperf_inference_storage/models/deepseek-r1/fp4-quantized-modelopt/deepseek_r1-torch-fp4/model-00120-of-000163.safetensors to memory...
2026-07-24 18:55:13,868 - sflow.task.server_5 - INFO - 0: [07/24/2026-18:55:13] [TRT-LLM] [RANK 0] [I] Finished prefetching /home/mlperf_inference_storage/models/deepseek-r1/fp4-quantized-modelopt/deepseek_r1-torch-fp4/model-00156-of-000163.safetensors.
2026-07-24 18:55:13,868 - sflow.task.server_5 - INFO - 0: [07/24/2026-18:55:13] [TRT-LLM] [RANK 0] [I] Prefetching /home/mlperf_inference_storage/models/deepseek-r1/fp4-quantized-modelopt/deepseek_r1-torch-fp4/model-00005-of-000163.safetensors to memory...
2026-07-24 18:55:15,812 - sflow.task.server_5 - INFO - 0: [07/24/2026-18:55:15] [TRT-LLM] [RANK 0] [I] Finished prefetching /home/mlperf_inference_storage/models/deepseek-r1/fp4-quantized-modelopt/deepseek_r1-torch-fp4/model-00157-of-000163.safetensors.
2026-07-24 18:55:15,812 - sflow.task.server_5 - INFO - 0: [07/24/2026-18:55:15] [TRT-LLM] [RANK 0] [I] Prefetching /home/mlperf_inference_storage/models/deepseek-r1/fp4-quantized-modelopt/deepseek_r1-torch-fp4/model-00121-of-000163.safetensors to memory...
2026-07-24 18:55:17,243 - sflow.task.server_5 - INFO - 0: [07/24/2026-18:55:17] [TRT-LLM] [RANK 0] [I] Finished prefetching /home/mlperf_inference_storage/models/deepseek-r1/fp4-quantized-modelopt/deepseek_r1-torch-fp4/model-00067-of-000163.safetensors.
2026-07-24 18:55:17,243 - sflow.task.server_5 - INFO - 0: [07/24/2026-18:55:17] [TRT-LLM] [RANK 0] [I] Prefetching /home/mlperf_inference_storage/models/deepseek-r1/fp4-quantized-modelopt/deepseek_r1-torch-fp4/model-00122-of-000163.safetensors to memory...
2026-07-24 18:55:18,060 - sflow.task.server_5 - INFO - 0: [07/24/2026-18:55:18] [TRT-LLM] [RANK 0] [I] Finished prefetching /home/mlperf_inference_storage/models/deepseek-r1/fp4-quantized-modelopt/deepseek_r1-torch-fp4/model-00122-of-000163.safetensors.
2026-07-24 18:55:18,060 - sflow.task.server_5 - INFO - 0: [07/24/2026-18:55:18] [TRT-LLM] [RANK 0] [I] Prefetching /home/mlperf_inference_storage/models/deepseek-r1/fp4-quantized-modelopt/deepseek_r1-torch-fp4/model-00107-of-000163.safetensors to memory...
2026-07-24 18:55:18,417 - sflow.task.server_5 - INFO - 0: [07/24/2026-18:55:18] [TRT-LLM] [RANK 0] [I] Finished prefetching /home/mlperf_inference_storage/models/deepseek-r1/fp4-quantized-modelopt/deepseek_r1-torch-fp4/model-00113-of-000163.safetensors.
2026-07-24 18:55:18,417 - sflow.task.server_5 - INFO - 0: [07/24/2026-18:55:18] [TRT-LLM] [RANK 0] [I] Prefetching /home/mlperf_inference_storage/models/deepseek-r1/fp4-quantized-modelopt/deepseek_r1-torch-fp4/model-00149-of-000163.safetensors to memory...
2026-07-24 18:55:21,067 - sflow.task.server_5 - INFO - 6:
2026-07-24 18:55:21,067 - sflow.task.server_5 - INFO - Loading safetensors weights in parallel:   0%|          | 0/163 [00:00<?, ?it/s]
2026-07-24 18:55:21,067 - sflow.task.server_5 - INFO - 7:
2026-07-24 18:55:21,068 - sflow.task.server_5 - INFO - Loading safetensors weights in parallel:   0%|          | 0/163 [00:00<?, ?it/s]
2026-07-24 18:55:21,068 - sflow.task.server_5 - INFO - 5:
2026-07-24 18:55:21,068 - sflow.task.server_5 - INFO - Loading safetensors weights in parallel:   0%|          | 0/163 [00:00<?, ?it/s]
2026-07-24 18:55:21,068 - sflow.task.server_5 - INFO - 4:
2026-07-24 18:55:21,068 - sflow.task.server_5 - INFO - Loading safetensors weights in parallel:   0%|          | 0/163 [00:00<?, ?it/s]
2026-07-24 18:55:21,424 - sflow.task.server_5 - INFO - 0: [07/24/2026-18:55:21] [TRT-LLM] [RANK 0] [I] Finished prefetching /home/mlperf_inference_storage/models/deepseek-r1/fp4-quantized-modelopt/deepseek_r1-torch-fp4/model-00039-of-000163.safetensors.
2026-07-24 18:55:21,424 - sflow.task.server_5 - INFO - 0: [07/24/2026-18:55:21] [TRT-LLM] [RANK 0] [I] Prefetching /home/mlperf_inference_storage/models/deepseek-r1/fp4-quantized-modelopt/deepseek_r1-torch-fp4/model-00030-of-000163.safetensors to memory...
2026-07-24 18:55:21,494 - sflow.task.server_5 - INFO - 0: [07/24/2026-18:55:21] [TRT-LLM] [RANK 0] [I] Finished prefetching /home/mlperf_inference_storage/models/deepseek-r1/fp4-quantized-modelopt/deepseek_r1-torch-fp4/model-00088-of-000163.safetensors.
2026-07-24 18:55:21,494 - sflow.task.server_5 - INFO - 0: [07/24/2026-18:55:21] [TRT-LLM] [RANK 0] [I] Prefetching /home/mlperf_inference_storage/models/deepseek-r1/fp4-quantized-modelopt/deepseek_r1-torch-fp4/model-00139-of-000163.safetensors to memory...
2026-07-24 18:55:23,177 - sflow.task.server_5 - INFO - 0: [07/24/2026-18:55:23] [TRT-LLM] [RANK 0] [I] Finished prefetching /home/mlperf_inference_storage/models/deepseek-r1/fp4-quantized-modelopt/deepseek_r1-torch-fp4/model-00127-of-000163.safetensors.
2026-07-24 18:55:24,096 - sflow.task.server_5 - INFO - 0: [07/24/2026-18:55:24] [TRT-LLM] [RANK 0] [I] Finished prefetching /home/mlperf_inference_storage/models/deepseek-r1/fp4-quantized-modelopt/deepseek_r1-torch-fp4/model-00024-of-000163.safetensors.
2026-07-24 18:55:24,809 - sflow.task.server_5 - INFO - 0: [07/24/2026-18:55:24] [TRT-LLM] [RANK 0] [I] Finished prefetching /home/mlperf_inference_storage/models/deepseek-r1/fp4-quantized-modelopt/deepseek_r1-torch-fp4/model-00041-of-000163.safetensors.
2026-07-24 18:55:25,623 - sflow.task.server_5 - INFO - 0: [07/24/2026-18:55:25] [TRT-LLM] [RANK 0] [I] Finished prefetching /home/mlperf_inference_storage/models/deepseek-r1/fp4-quantized-modelopt/deepseek_r1-torch-fp4/model-00023-of-000163.safetensors.
2026-07-24 18:55:25,878 - sflow.task.server_5 - INFO - 0: [07/24/2026-18:55:25] [TRT-LLM] [RANK 0] [I] Finished prefetching /home/mlperf_inference_storage/models/deepseek-r1/fp4-quantized-modelopt/deepseek_r1-torch-fp4/model-00121-of-000163.safetensors.
2026-07-24 18:55:26,031 - sflow.task.server_5 - INFO - 0: [07/24/2026-18:55:25] [TRT-LLM] [RANK 0] [I] Finished prefetching /home/mlperf_inference_storage/models/deepseek-r1/fp4-quantized-modelopt/deepseek_r1-torch-fp4/model-00112-of-000163.safetensors.
2026-07-24 18:55:26,235 - sflow.task.server_5 - INFO - 7:
2026-07-24 18:55:26,235 - sflow.task.server_5 - INFO - Loading safetensors weights in parallel:   1%|          | 1/163 [00:05<13:58,  5.18s/it]
2026-07-24 18:55:26,388 - sflow.task.server_5 - INFO - 4:
2026-07-24 18:55:26,389 - sflow.task.server_5 - INFO - Loading safetensors weights in parallel:   1%|          | 1/163 [00:05<14:19,  5.31s/it]
2026-07-24 18:55:26,389 - sflow.task.server_5 - INFO - 5:
2026-07-24 18:55:26,389 - sflow.task.server_5 - INFO - Loading safetensors weights in parallel:   1%|          | 1/163 [00:05<14:24,  5.33s/it]
2026-07-24 18:55:26,440 - sflow.task.server_5 - INFO - 6:
2026-07-24 18:55:26,440 - sflow.task.server_5 - INFO - Loading safetensors weights in parallel:   1%|          | 1/163 [00:05<14:31,  5.38s/it]
2026-07-24 18:55:26,491 - sflow.task.server_5 - INFO - 7:
2026-07-24 18:55:26,491 - sflow.task.server_5 - INFO - Loading safetensors weights in parallel:   1%|          | 2/163 [00:05<06:07,  2.28s/it]
2026-07-24 18:55:26,542 - sflow.task.server_5 - INFO - 6:
2026-07-24 18:55:26,542 - sflow.task.server_5 - INFO - Loading safetensors weights in parallel:   1%|          | 2/163 [00:05<06:07,  2.28s/it]
2026-07-24 18:55:26,644 - sflow.task.server_5 - INFO - 4:
2026-07-24 18:55:26,644 - sflow.task.server_5 - INFO - Loading safetensors weights in parallel:   1%|          | 2/163 [00:05<06:17,  2.35s/it]
2026-07-24 18:55:26,950 - sflow.task.server_5 - INFO - 0: [07/24/2026-18:55:26] [TRT-LLM] [RANK 0] [I] Finished prefetching /home/mlperf_inference_storage/models/deepseek-r1/fp4-quantized-modelopt/deepseek_r1-torch-fp4/model-00082-of-000163.safetensors.
2026-07-24 18:55:27,817 - sflow.task.server_5 - INFO - 0: [07/24/2026-18:55:27] [TRT-LLM] [RANK 0] [I] Finished prefetching /home/mlperf_inference_storage/models/deepseek-r1/fp4-quantized-modelopt/deepseek_r1-torch-fp4/model-00021-of-000163.safetensors.
2026-07-24 18:55:29,195 - sflow.task.server_5 - INFO - 4:
2026-07-24 18:55:29,195 - sflow.task.server_5 - INFO - Loading safetensors weights in parallel:   2%|▏         | 3/163 [00:08<06:31,  2.45s/it]
2026-07-24 18:55:29,297 - sflow.task.server_5 - INFO - 5:
2026-07-24 18:55:29,297 - sflow.task.server_5 - INFO - Loading safetensors weights in parallel:   2%|▏         | 3/163 [00:08<06:32,  2.45s/it]
2026-07-24 18:55:29,552 - sflow.task.server_5 - INFO - 5:
2026-07-24 18:55:29,552 - sflow.task.server_5 - INFO - Loading safetensors weights in parallel:   3%|▎         | 5/163 [00:08<03:19,  1.26s/it]
2026-07-24 18:55:29,552 - sflow.task.server_5 - INFO - 4:
2026-07-24 18:55:29,552 - sflow.task.server_5 - INFO - Loading safetensors weights in parallel:   2%|▏         | 4/163 [00:08<04:18,  1.62s/it]
2026-07-24 18:55:29,603 - sflow.task.server_5 - INFO - 7:
2026-07-24 18:55:29,603 - sflow.task.server_5 - INFO - Loading safetensors weights in parallel:   2%|▏         | 3/163 [00:08<07:03,  2.64s/it]
2026-07-24 18:55:29,603 - sflow.task.server_5 - INFO - 6:
2026-07-24 18:55:29,603 - sflow.task.server_5 - INFO - Loading safetensors weights in parallel:   2%|▏         | 3/163 [00:08<06:58,  2.62s/it]
2026-07-24 18:55:29,654 - sflow.task.server_5 - INFO - 5:
2026-07-24 18:55:29,654 - sflow.task.server_5 - INFO - Loading safetensors weights in parallel:   4%|▎         | 6/163 [00:08<02:29,  1.05it/s]
2026-07-24 18:55:29,756 - sflow.task.server_5 - INFO - 0: [07/24/2026-18:55:29] [TRT-LLM] [RANK 0] [I] Finished prefetching /home/mlperf_inference_storage/models/deepseek-r1/fp4-quantized-modelopt/deepseek_r1-torch-fp4/model-00097-of-000163.safetensors.
2026-07-24 18:55:29,808 - sflow.task.server_5 - INFO - 4:
2026-07-24 18:55:29,808 - sflow.task.server_5 - INFO - Loading safetensors weights in parallel:   4%|▎         | 6/163 [00:08<02:09,  1.21it/s]
2026-07-24 18:55:29,859 - sflow.task.server_5 - INFO - 5:
2026-07-24 18:55:29,859 - sflow.task.server_5 - INFO - Loading safetensors weights in parallel:   4%|▍         | 7/163 [00:08<01:55,  1.35it/s]
2026-07-24 18:55:29,961 - sflow.task.server_5 - INFO - 4:
2026-07-24 18:55:29,961 - sflow.task.server_5 - INFO - Loading safetensors weights in parallel:   6%|▌         | 9/163 [00:08<01:03,  2.44it/s]
2026-07-24 18:55:30,013 - sflow.task.server_5 - INFO - 5:
2026-07-24 18:55:30,013 - sflow.task.server_5 - INFO - Loading safetensors weights in parallel:   5%|▍         | 8/163 [00:08<01:28,  1.75it/s]
2026-07-24 18:55:30,013 - sflow.task.server_5 - INFO - 6:
2026-07-24 18:55:30,013 - sflow.task.server_5 - INFO - Loading safetensors weights in parallel:   3%|▎         | 5/163 [00:08<03:18,  1.26s/it]
2026-07-24 18:55:30,064 - sflow.task.server_5 - INFO - 7:
2026-07-24 18:55:30,064 - sflow.task.server_5 - INFO - Loading safetensors weights in parallel:   3%|▎         | 5/163 [00:08<03:22,  1.28s/it]
2026-07-24 18:55:30,115 - sflow.task.server_5 - INFO - 6:
2026-07-24 18:55:30,115 - sflow.task.server_5 - INFO - Loading safetensors weights in parallel:   4%|▎         | 6/163 [00:09<02:25,  1.08it/s]
2026-07-24 18:55:30,115 - sflow.task.server_5 - INFO - 5:
2026-07-24 18:55:30,115 - sflow.task.server_5 - INFO - Loading safetensors weights in parallel:   6%|▌         | 9/163 [00:09<01:07,  2.28it/s]
2026-07-24 18:55:30,166 - sflow.task.server_5 - INFO - 7:
2026-07-24 18:55:30,166 - sflow.task.server_5 - INFO - Loading safetensors weights in parallel:   5%|▍         | 8/163 [00:09<01:33,  1.66it/s]
2026-07-24 18:55:30,268 - sflow.task.server_5 - INFO - 6:
2026-07-24 18:55:30,268 - sflow.task.server_5 - INFO - Loading safetensors weights in parallel:   6%|▌         | 9/163 [00:09<01:08,  2.26it/s]
2026-07-24 18:55:30,268 - sflow.task.server_5 - INFO - 5:
2026-07-24 18:55:30,268 - sflow.task.server_5 - INFO - Loading safetensors weights in parallel:   7%|▋         | 11/163 [00:09<00:42,  3.60it/s]
2026-07-24 18:55:30,268 - sflow.task.server_5 - INFO - 4:
2026-07-24 18:55:30,268 - sflow.task.server_5 - INFO - Loading safetensors weights in parallel:   7%|▋         | 11/163 [00:09<00:49,  3.04it/s]
2026-07-24 18:55:30,268 - sflow.task.server_5 - INFO - 7:
2026-07-24 18:55:30,268 - sflow.task.server_5 - INFO - Loading safetensors weights in parallel:   7%|▋         | 11/163 [00:09<00:53,  2.82it/s]
2026-07-24 18:55:30,320 - sflow.task.server_5 - INFO - 0: [07/24/2026-18:55:30] [TRT-LLM] [RANK 0] [I] Finished prefetching /home/mlperf_inference_storage/models/deepseek-r1/fp4-quantized-modelopt/deepseek_r1-torch-fp4/model-00120-of-000163.safetensors.
2026-07-24 18:55:30,371 - sflow.task.server_5 - INFO - 6:
2026-07-24 18:55:30,371 - sflow.task.server_5 - INFO - Loading safetensors weights in parallel:   7%|▋         | 12/163 [00:09<00:40,  3.76it/s]
2026-07-24 18:55:30,422 - sflow.task.server_5 - INFO - 4:
2026-07-24 18:55:30,422 - sflow.task.server_5 - INFO - Loading safetensors weights in parallel:   9%|▊         | 14/163 [00:09<00:31,  4.73it/s]
2026-07-24 18:55:30,423 - sflow.task.server_5 - INFO - 5:
2026-07-24 18:55:30,423 - sflow.task.server_5 - INFO - Loading safetensors weights in parallel:   9%|▊         | 14/163 [00:09<00:24,  6.04it/s]
2026-07-24 18:55:30,423 - sflow.task.server_5 - INFO - 7:
2026-07-24 18:55:30,423 - sflow.task.server_5 - INFO - Loading safetensors weights in parallel:   8%|▊         | 13/163 [00:09<00:40,  3.69it/s]
2026-07-24 18:55:30,628 - sflow.task.server_5 - INFO - 7:
2026-07-24 18:55:30,628 - sflow.task.server_5 - INFO - Loading safetensors weights in parallel:   9%|▉         | 15/163 [00:09<00:32,  4.61it/s]
2026-07-24 18:55:30,628 - sflow.task.server_5 - INFO - 6:
2026-07-24 18:55:30,628 - sflow.task.server_5 - INFO - Loading safetensors weights in parallel:   9%|▉         | 15/163 [00:09<00:28,  5.24it/s]
2026-07-24 18:55:30,679 - sflow.task.server_5 - INFO - 4:
2026-07-24 18:55:30,679 - sflow.task.server_5 - INFO - Loading safetensors weights in parallel:  10%|▉         | 16/163 [00:09<00:27,  5.29it/s]
2026-07-24 18:55:30,679 - sflow.task.server_5 - INFO - 5:
2026-07-24 18:55:30,679 - sflow.task.server_5 - INFO - Loading safetensors weights in parallel:  10%|▉         | 16/163 [00:09<00:22,  6.45it/s]
2026-07-24 18:55:30,730 - sflow.task.server_5 - INFO - 6:
2026-07-24 18:55:30,730 - sflow.task.server_5 - INFO - Loading safetensors weights in parallel:  10%|█         | 17/163 [00:09<00:22,  6.47it/s]
2026-07-24 18:55:30,730 - sflow.task.server_5 - INFO - 7:
2026-07-24 18:55:30,730 - sflow.task.server_5 - INFO - Loading safetensors weights in parallel:  10%|█         | 17/163 [00:09<00:25,  5.83it/s]
2026-07-24 18:55:30,781 - sflow.task.server_5 - INFO - 5:
2026-07-24 18:55:30,781 - sflow.task.server_5 - INFO - Loading safetensors weights in parallel:  12%|█▏        | 20/163 [00:09<00:13, 10.64it/s]
2026-07-24 18:55:31,240 - sflow.task.server_5 - INFO - 4:
2026-07-24 18:55:31,240 - sflow.task.server_5 - INFO - Loading safetensors weights in parallel:  13%|█▎        | 22/163 [00:10<00:18,  7.46it/s]
2026-07-24 18:55:31,240 - sflow.task.server_5 - INFO - 5:
2026-07-24 18:55:31,240 - sflow.task.server_5 - INFO - Loading safetensors weights in parallel:  13%|█▎        | 22/163 [00:10<00:17,  8.06it/s]
2026-07-24 18:55:31,240 - sflow.task.server_5 - INFO - 7:
2026-07-24 18:55:31,240 - sflow.task.server_5 - INFO - Loading safetensors weights in parallel:  13%|█▎        | 22/163 [00:10<00:18,  7.46it/s]
2026-07-24 18:55:31,240 - sflow.task.server_5 - INFO - 6:
2026-07-24 18:55:31,240 - sflow.task.server_5 - INFO - Loading safetensors weights in parallel:  13%|█▎        | 22/163 [00:10<00:18,  7.75it/s]
2026-07-24 18:55:31,393 - sflow.task.server_5 - INFO - 5:
2026-07-24 18:55:31,393 - sflow.task.server_5 - INFO - Loading safetensors weights in parallel:  16%|█▌        | 26/163 [00:10<00:12, 11.27it/s]
2026-07-24 18:55:31,393 - sflow.task.server_5 - INFO - 7:
2026-07-24 18:55:31,393 - sflow.task.server_5 - INFO - Loading safetensors weights in parallel:  16%|█▌        | 26/163 [00:10<00:13, 10.08it/s]
2026-07-24 18:55:31,393 - sflow.task.server_5 - INFO - 4:
2026-07-24 18:55:31,393 - sflow.task.server_5 - INFO - Loading safetensors weights in parallel:  15%|█▌        | 25/163 [00:10<00:15,  8.80it/s]
2026-07-24 18:55:31,495 - sflow.task.server_5 - INFO - 6:
2026-07-24 18:55:31,495 - sflow.task.server_5 - INFO - Loading safetensors weights in parallel:  16%|█▌        | 26/163 [00:10<00:14,  9.52it/s]
2026-07-24 18:55:31,598 - sflow.task.server_5 - INFO - 0: [07/24/2026-18:55:31] [TRT-LLM] [RANK 0] [I] Finished prefetching /home/mlperf_inference_storage/models/deepseek-r1/fp4-quantized-modelopt/deepseek_r1-torch-fp4/model-00005-of-000163.safetensors.
2026-07-24 18:55:31,700 - sflow.task.server_5 - INFO - 0: [07/24/2026-18:55:31] [TRT-LLM] [RANK 0] [I] Finished prefetching /home/mlperf_inference_storage/models/deepseek-r1/fp4-quantized-modelopt/deepseek_r1-torch-fp4/model-00149-of-000163.safetensors.
2026-07-24 18:55:31,853 - sflow.task.server_5 - INFO - 5:
2026-07-24 18:55:31,853 - sflow.task.server_5 - INFO - Loading safetensors weights in parallel:  17%|█▋        | 28/163 [00:10<00:16,  8.16it/s]
2026-07-24 18:55:31,853 - sflow.task.server_5 - INFO - 7:
2026-07-24 18:55:31,853 - sflow.task.server_5 - INFO - Loading safetensors weights in parallel:  17%|█▋        | 28/163 [00:10<00:17,  7.84it/s]
2026-07-24 18:55:31,853 - sflow.task.server_5 - INFO - 6:
2026-07-24 18:55:31,853 - sflow.task.server_5 - INFO - Loading safetensors weights in parallel:  17%|█▋        | 28/163 [00:10<00:16,  8.16it/s]
2026-07-24 18:55:31,853 - sflow.task.server_5 - INFO - 4:
2026-07-24 18:55:31,853 - sflow.task.server_5 - INFO - Loading safetensors weights in parallel:  17%|█▋        | 28/163 [00:10<00:16,  8.06it/s]
2026-07-24 18:55:32,057 - sflow.task.server_5 - INFO - 0: [07/24/2026-18:55:32] [TRT-LLM] [RANK 0] [I] Finished prefetching /home/mlperf_inference_storage/models/deepseek-r1/fp4-quantized-modelopt/deepseek_r1-torch-fp4/model-00107-of-000163.safetensors.
2026-07-24 18:55:32,108 - sflow.task.server_5 - INFO - 5:
2026-07-24 18:55:32,108 - sflow.task.server_5 - INFO - Loading safetensors weights in parallel:  18%|█▊        | 30/163 [00:11<00:16,  8.11it/s]
2026-07-24 18:55:32,108 - sflow.task.server_5 - INFO - 6:
2026-07-24 18:55:32,108 - sflow.task.server_5 - INFO - Loading safetensors weights in parallel:  18%|█▊        | 30/163 [00:11<00:16,  8.12it/s]
2026-07-24 18:55:32,108 - sflow.task.server_5 - INFO - 7:
2026-07-24 18:55:32,108 - sflow.task.server_5 - INFO - Loading safetensors weights in parallel:  18%|█▊        | 30/163 [00:11<00:16,  7.85it/s]
2026-07-24 18:55:32,159 - sflow.task.server_5 - INFO - 4:
2026-07-24 18:55:32,159 - sflow.task.server_5 - INFO - Loading safetensors weights in parallel:  18%|█▊        | 30/163 [00:11<00:16,  7.91it/s]
2026-07-24 18:55:32,159 - sflow.task.server_5 - INFO - 0: [07/24/2026-18:55:32] [TRT-LLM] [RANK 0] [I] Finished prefetching /home/mlperf_inference_storage/models/deepseek-r1/fp4-quantized-modelopt/deepseek_r1-torch-fp4/model-00139-of-000163.safetensors.
2026-07-24 18:55:32,210 - sflow.task.server_5 - INFO - 5:
2026-07-24 18:55:32,210 - sflow.task.server_5 - INFO - Loading safetensors weights in parallel:  20%|█▉        | 32/163 [00:11<00:13,  9.44it/s]
2026-07-24 18:55:32,210 - sflow.task.server_5 - INFO - 6:
2026-07-24 18:55:32,210 - sflow.task.server_5 - INFO - Loading safetensors weights in parallel:  20%|█▉        | 32/163 [00:11<00:14,  9.35it/s]
2026-07-24 18:55:32,210 - sflow.task.server_5 - INFO - 7:
2026-07-24 18:55:32,210 - sflow.task.server_5 - INFO - Loading safetensors weights in parallel:  20%|█▉        | 32/163 [00:11<00:14,  9.11it/s]
2026-07-24 18:55:32,260 - sflow.task.server_5 - INFO - 4:
2026-07-24 18:55:32,260 - sflow.task.server_5 - INFO - Loading safetensors weights in parallel:  20%|█▉        | 32/163 [00:11<00:14,  8.94it/s]
2026-07-24 18:55:32,413 - sflow.task.server_5 - INFO - 0: [07/24/2026-18:55:32] [TRT-LLM] [RANK 0] [I] Finished prefetching /home/mlperf_inference_storage/models/deepseek-r1/fp4-quantized-modelopt/deepseek_r1-torch-fp4/model-00030-of-000163.safetensors.
2026-07-24 18:55:33,890 - sflow.task.server_5 - INFO - 7:
2026-07-24 18:55:33,890 - sflow.task.server_5 - INFO - Loading safetensors weights in parallel:  21%|██        | 34/163 [00:12<00:38,  3.36it/s]
2026-07-24 18:55:33,992 - sflow.task.server_5 - INFO - 5:
2026-07-24 18:55:33,992 - sflow.task.server_5 - INFO - Loading safetensors weights in parallel:  21%|██        | 34/163 [00:12<00:40,  3.18it/s]
2026-07-24 18:55:34,094 - sflow.task.server_5 - INFO - 5:
2026-07-24 18:55:34,094 - sflow.task.server_5 - INFO - Loading safetensors weights in parallel:  21%|██▏       | 35/163 [00:13<00:35,  3.56it/s]
2026-07-24 18:55:34,094 - sflow.task.server_5 - INFO - 7:
2026-07-24 18:55:34,094 - sflow.task.server_5 - INFO - Loading safetensors weights in parallel:  21%|██▏       | 35/163 [00:13<00:36,  3.53it/s]
2026-07-24 18:55:34,146 - sflow.task.server_5 - INFO - 4:
2026-07-24 18:55:34,146 - sflow.task.server_5 - INFO - Loading safetensors weights in parallel:  21%|██        | 34/163 [00:13<00:41,  3.10it/s]
2026-07-24 18:55:34,197 - sflow.task.server_5 - INFO - 6:
2026-07-24 18:55:34,197 - sflow.task.server_5 - INFO - Loading safetensors weights in parallel:  21%|██        | 34/163 [00:13<00:42,  3.00it/s]
2026-07-24 18:55:34,504 - sflow.task.server_5 - INFO - 0: [07/24/2026-18:55:34] [TRT-LLM] [RANK 0] [I] Finished prefetching /home/mlperf_inference_storage/models/deepseek-r1/fp4-quantized-modelopt/deepseek_r1-torch-fp4/model-00163-of-000163.safetensors.
2026-07-24 18:55:34,556 - sflow.task.server_5 - INFO - 2:
2026-07-24 18:55:34,556 - sflow.task.server_5 - INFO - Loading safetensors weights in parallel:   0%|          | 0/163 [00:00<?, ?it/s]
2026-07-24 18:55:34,556 - sflow.task.server_5 - INFO - 3:
2026-07-24 18:55:34,556 - sflow.task.server_5 - INFO - Loading safetensors weights in parallel:   0%|          | 0/163 [00:00<?, ?it/s]
2026-07-24 18:55:34,556 - sflow.task.server_5 - INFO - 1:
2026-07-24 18:55:34,556 - sflow.task.server_5 - INFO - Loading safetensors weights in parallel:   0%|          | 0/163 [00:00<?, ?it/s]
2026-07-24 18:55:34,556 - sflow.task.server_5 - INFO - 0:
2026-07-24 18:55:34,556 - sflow.task.server_5 - INFO - Loading safetensors weights in parallel:   0%|          | 0/163 [00:00<?, ?it/s]
2026-07-24 18:55:34,556 - sflow.task.server_5 - INFO - 0: [07/24/2026-18:55:34] [TRT-LLM] [RANK 0] [I] Start to load safetensor file /home/mlperf_inference_storage/models/deepseek-r1/fp4-quantized-modelopt/deepseek_r1-torch-fp4/model-00046-of-000163.safetensors
2026-07-24 18:55:34,556 - sflow.task.server_5 - INFO - 0: [07/24/2026-18:55:34] [TRT-LLM] [RANK 0] [I] Start to load safetensor file /home/mlperf_inference_storage/models/deepseek-r1/fp4-quantized-modelopt/deepseek_r1-torch-fp4/model-00066-of-000163.safetensors
2026-07-24 18:55:34,761 - sflow.task.server_5 - INFO - 0: [07/24/2026-18:55:34] [TRT-LLM] [RANK 0] [I] Start to load safetensor file /home/mlperf_inference_storage/models/deepseek-r1/fp4-quantized-modelopt/deepseek_r1-torch-fp4/model-00028-of-000163.safetensors
2026-07-24 18:55:34,761 - sflow.task.server_5 - INFO - 0: [07/24/2026-18:55:34] [TRT-LLM] [RANK 0] [I] Start to load safetensor file /home/mlperf_inference_storage/models/deepseek-r1/fp4-quantized-modelopt/deepseek_r1-torch-fp4/model-00126-of-000163.safetensors
2026-07-24 18:55:34,813 - sflow.task.server_5 - INFO - 0: [07/24/2026-18:55:34] [TRT-LLM] [RANK 0] [I] Start to load safetensor file /home/mlperf_inference_storage/models/deepseek-r1/fp4-quantized-modelopt/deepseek_r1-torch-fp4/model-00087-of-000163.safetensors
2026-07-24 18:55:34,813 - sflow.task.server_5 - INFO - 0: [07/24/2026-18:55:34] [TRT-LLM] [RANK 0] [I] Start to load safetensor file /home/mlperf_inference_storage/models/deepseek-r1/fp4-quantized-modelopt/deepseek_r1-torch-fp4/model-00044-of-000163.safetensors
2026-07-24 18:55:34,813 - sflow.task.server_5 - INFO - 0: [07/24/2026-18:55:34] [TRT-LLM] [RANK 0] [I] Start to load safetensor file /home/mlperf_inference_storage/models/deepseek-r1/fp4-quantized-modelopt/deepseek_r1-torch-fp4/model-00132-of-000163.safetensors
2026-07-24 18:55:34,864 - sflow.task.server_5 - INFO - 0: [07/24/2026-18:55:34] [TRT-LLM] [RANK 0] [I] Start to load safetensor file /home/mlperf_inference_storage/models/deepseek-r1/fp4-quantized-modelopt/deepseek_r1-torch-fp4/model-00001-of-000163.safetensors
2026-07-24 18:55:34,864 - sflow.task.server_5 - INFO - 0: [07/24/2026-18:55:34] [TRT-LLM] [RANK 0] [I] Start to load safetensor file /home/mlperf_inference_storage/models/deepseek-r1/fp4-quantized-modelopt/deepseek_r1-torch-fp4/model-00081-of-000163.safetensors
2026-07-24 18:55:34,864 - sflow.task.server_5 - INFO - 0: [07/24/2026-18:55:34] [TRT-LLM] [RANK 0] [I] Start to load safetensor file /home/mlperf_inference_storage/models/deepseek-r1/fp4-quantized-modelopt/deepseek_r1-torch-fp4/model-00054-of-000163.safetensors
2026-07-24 18:55:34,864 - sflow.task.server_5 - INFO - 0: [07/24/2026-18:55:34] [TRT-LLM] [RANK 0] [I] Start to load safetensor file /home/mlperf_inference_storage/models/deepseek-r1/fp4-quantized-modelopt/deepseek_r1-torch-fp4/model-00147-of-000163.safetensors
2026-07-24 18:55:34,916 - sflow.task.server_5 - INFO - 0: [07/24/2026-18:55:34] [TRT-LLM] [RANK 0] [I] Start to load safetensor file /home/mlperf_inference_storage/models/deepseek-r1/fp4-quantized-modelopt/deepseek_r1-torch-fp4/model-00074-of-000163.safetensors
2026-07-24 18:55:35,171 - sflow.task.server_5 - INFO - 0: [07/24/2026-18:55:35] [TRT-LLM] [RANK 0] [I] Start to load safetensor file /home/mlperf_inference_storage/models/deepseek-r1/fp4-quantized-modelopt/deepseek_r1-torch-fp4/model-00110-of-000163.safetensors
2026-07-24 18:55:35,171 - sflow.task.server_5 - INFO - 0: [07/24/2026-18:55:35] [TRT-LLM] [RANK 0] [I] Start to load safetensor file /home/mlperf_inference_storage/models/deepseek-r1/fp4-quantized-modelopt/deepseek_r1-torch-fp4/model-00017-of-000163.safetensors
2026-07-24 18:55:35,171 - sflow.task.server_5 - INFO - 0: [07/24/2026-18:55:35] [TRT-LLM] [RANK 0] [I] Start to load safetensor file /home/mlperf_inference_storage/models/deepseek-r1/fp4-quantized-modelopt/deepseek_r1-torch-fp4/model-00091-of-000163.safetensors
2026-07-24 18:55:35,171 - sflow.task.server_5 - INFO - 0: [07/24/2026-18:55:35] [TRT-LLM] [RANK 0] [I] Start to load safetensor file /home/mlperf_inference_storage/models/deepseek-r1/fp4-quantized-modelopt/deepseek_r1-torch-fp4/model-00123-of-000163.safetensors
2026-07-24 18:55:35,222 - sflow.task.server_5 - INFO - 0: [07/24/2026-18:55:35] [TRT-LLM] [RANK 0] [I] Start to load safetensor file /home/mlperf_inference_storage/models/deepseek-r1/fp4-quantized-modelopt/deepseek_r1-torch-fp4/model-00150-of-000163.safetensors
2026-07-24 18:55:35,223 - sflow.task.server_5 - INFO - 0: [07/24/2026-18:55:35] [TRT-LLM] [RANK 0] [I] Start to load safetensor file /home/mlperf_inference_storage/models/deepseek-r1/fp4-quantized-modelopt/deepseek_r1-torch-fp4/model-00146-of-000163.safetensors
2026-07-24 18:55:35,223 - sflow.task.server_5 - INFO - 0: [07/24/2026-18:55:35] [TRT-LLM] [RANK 0] [I] Start to load safetensor file /home/mlperf_inference_storage/models/deepseek-r1/fp4-quantized-modelopt/deepseek_r1-torch-fp4/model-00036-of-000163.safetensors
2026-07-24 18:55:35,274 - sflow.task.server_5 - INFO - 0: [07/24/2026-18:55:35] [TRT-LLM] [RANK 0] [I] Start to load safetensor file /home/mlperf_inference_storage/models/deepseek-r1/fp4-quantized-modelopt/deepseek_r1-torch-fp4/model-00125-of-000163.safetensors
2026-07-24 18:55:35,274 - sflow.task.server_5 - INFO - 0: [07/24/2026-18:55:35] [TRT-LLM] [RANK 0] [I] Start to load safetensor file /home/mlperf_inference_storage/models/deepseek-r1/fp4-quantized-modelopt/deepseek_r1-torch-fp4/model-00148-of-000163.safetensors
2026-07-24 18:55:35,274 - sflow.task.server_5 - INFO - 0: [07/24/2026-18:55:35] [TRT-LLM] [RANK 0] [I] Start to load safetensor file /home/mlperf_inference_storage/models/deepseek-r1/fp4-quantized-modelopt/deepseek_r1-torch-fp4/model-00002-of-000163.safetensors
2026-07-24 18:55:35,325 - sflow.task.server_5 - INFO - 0: [07/24/2026-18:55:35] [TRT-LLM] [RANK 0] [I] Start to load safetensor file /home/mlperf_inference_storage/models/deepseek-r1/fp4-quantized-modelopt/deepseek_r1-torch-fp4/model-00029-of-000163.safetensors
2026-07-24 18:55:35,376 - sflow.task.server_5 - INFO - 0: [07/24/2026-18:55:35] [TRT-LLM] [RANK 0] [I] Start to load safetensor file /home/mlperf_inference_storage/models/deepseek-r1/fp4-quantized-modelopt/deepseek_r1-torch-fp4/model-00052-of-000163.safetensors
2026-07-24 18:55:35,376 - sflow.task.server_5 - INFO - 0: [07/24/2026-18:55:35] [TRT-LLM] [RANK 0] [I] Start to load safetensor file /home/mlperf_inference_storage/models/deepseek-r1/fp4-quantized-modelopt/deepseek_r1-torch-fp4/model-00060-of-000163.safetensors
2026-07-24 18:55:35,427 - sflow.task.server_5 - INFO - 0: [07/24/2026-18:55:35] [TRT-LLM] [RANK 0] [I] Start to load safetensor file /home/mlperf_inference_storage/models/deepseek-r1/fp4-quantized-modelopt/deepseek_r1-torch-fp4/model-00038-of-000163.safetensors
2026-07-24 18:55:35,427 - sflow.task.server_5 - INFO - 0: [07/24/2026-18:55:35] [TRT-LLM] [RANK 0] [I] Start to load safetensor file /home/mlperf_inference_storage/models/deepseek-r1/fp4-quantized-modelopt/deepseek_r1-torch-fp4/model-00033-of-000163.safetensors
2026-07-24 18:55:35,478 - sflow.task.server_5 - INFO - 0: [07/24/2026-18:55:35] [TRT-LLM] [RANK 0] [I] Start to load safetensor file /home/mlperf_inference_storage/models/deepseek-r1/fp4-quantized-modelopt/deepseek_r1-torch-fp4/model-00155-of-000163.safetensors
2026-07-24 18:55:35,529 - sflow.task.server_5 - INFO - 0: [07/24/2026-18:55:35] [TRT-LLM] [RANK 0] [I] Start to load safetensor file /home/mlperf_inference_storage/models/deepseek-r1/fp4-quantized-modelopt/deepseek_r1-torch-fp4/model-00065-of-000163.safetensors
2026-07-24 18:55:35,529 - sflow.task.server_5 - INFO - 0: [07/24/2026-18:55:35] [TRT-LLM] [RANK 0] [I] Start to load safetensor file /home/mlperf_inference_storage/models/deepseek-r1/fp4-quantized-modelopt/deepseek_r1-torch-fp4/model-00103-of-000163.safetensors
2026-07-24 18:55:35,530 - sflow.task.server_5 - INFO - 0: [07/24/2026-18:55:35] [TRT-LLM] [RANK 0] [I] Start to load safetensor file /home/mlperf_inference_storage/models/deepseek-r1/fp4-quantized-modelopt/deepseek_r1-torch-fp4/model-00061-of-000163.safetensors
2026-07-24 18:55:35,581 - sflow.task.server_5 - INFO - 0: [07/24/2026-18:55:35] [TRT-LLM] [RANK 0] [I] Start to load safetensor file /home/mlperf_inference_storage/models/deepseek-r1/fp4-quantized-modelopt/deepseek_r1-torch-fp4/model-00034-of-000163.safetensors
2026-07-24 18:55:35,888 - sflow.task.server_5 - INFO - 4:
2026-07-24 18:55:35,888 - sflow.task.server_5 - INFO - Loading safetensors weights in parallel:  22%|██▏       | 36/163 [00:14<00:58,  2.16it/s]
2026-07-24 18:55:35,888 - sflow.task.server_5 - INFO - 6:
2026-07-24 18:55:35,888 - sflow.task.server_5 - INFO - Loading safetensors weights in parallel:  22%|██▏       | 36/163 [00:14<00:59,  2.13it/s]
2026-07-24 18:55:35,990 - sflow.task.server_5 - INFO - 5:
2026-07-24 18:55:35,990 - sflow.task.server_5 - INFO - Loading safetensors weights in parallel:  22%|██▏       | 36/163 [00:14<01:14,  1.70it/s]
2026-07-24 18:55:36,041 - sflow.task.server_5 - INFO - 7:
2026-07-24 18:55:36,041 - sflow.task.server_5 - INFO - Loading safetensors weights in parallel:  22%|██▏       | 36/163 [00:14<01:14,  1.71it/s]
2026-07-24 18:55:37,112 - sflow.task.server_5 - INFO - 4:
2026-07-24 18:55:37,112 - sflow.task.server_5 - INFO - Loading safetensors weights in parallel:  23%|██▎       | 37/163 [00:16<01:14,  1.70it/s]
2026-07-24 18:55:37,215 - sflow.task.server_5 - INFO - 5:
2026-07-24 18:55:37,215 - sflow.task.server_5 - INFO - Loading safetensors weights in parallel:  23%|██▎       | 37/163 [00:16<01:30,  1.39it/s]
2026-07-24 18:55:37,215 - sflow.task.server_5 - INFO - 6:
2026-07-24 18:55:37,215 - sflow.task.server_5 - INFO - Loading safetensors weights in parallel:  23%|██▎       | 37/163 [00:16<01:16,  1.64it/s]
2026-07-24 18:55:37,267 - sflow.task.server_5 - INFO - 1:
2026-07-24 18:55:37,267 - sflow.task.server_5 - INFO - Loading safetensors weights in parallel:   1%|          | 1/163 [00:02<07:20,  2.72s/it]
2026-07-24 18:55:37,267 - sflow.task.server_5 - INFO - 7:
2026-07-24 18:55:37,267 - sflow.task.server_5 - INFO - Loading safetensors weights in parallel:  23%|██▎       | 37/163 [00:16<01:31,  1.38it/s]
2026-07-24 18:55:37,267 - sflow.task.server_5 - INFO - 4:
2026-07-24 18:55:37,267 - sflow.task.server_5 - INFO - Loading safetensors weights in parallel:  24%|██▍       | 39/163 [00:16<00:53,  2.33it/s]
2026-07-24 18:55:37,318 - sflow.task.server_5 - INFO - 6:
2026-07-24 18:55:37,318 - sflow.task.server_5 - INFO - Loading safetensors weights in parallel:  25%|██▍       | 40/163 [00:16<00:46,  2.66it/s]
2026-07-24 18:55:37,369 - sflow.task.server_5 - INFO - 5:
2026-07-24 18:55:37,370 - sflow.task.server_5 - INFO - Loading safetensors weights in parallel:  24%|██▍       | 39/163 [00:16<00:59,  2.08it/s]
2026-07-24 18:55:37,370 - sflow.task.server_5 - INFO - 4:
2026-07-24 18:55:37,370 - sflow.task.server_5 - INFO - Loading safetensors weights in parallel:  25%|██▌       | 41/163 [00:16<00:38,  3.20it/s]
2026-07-24 18:55:37,421 - sflow.task.server_5 - INFO - 7:
2026-07-24 18:55:37,421 - sflow.task.server_5 - INFO - Loading safetensors weights in parallel:  24%|██▍       | 39/163 [00:16<00:59,  2.09it/s]
2026-07-24 18:55:37,421 - sflow.task.server_5 - INFO - 3:
2026-07-24 18:55:37,421 - sflow.task.server_5 - INFO - Loading safetensors weights in parallel:   1%|          | 1/163 [00:02<07:49,  2.90s/it]
2026-07-24 18:55:37,421 - sflow.task.server_5 - INFO - 0: [07/24/2026-18:55:37] [TRT-LLM] [RANK 0] [I] Start to load safetensor file /home/mlperf_inference_storage/models/deepseek-r1/fp4-quantized-modelopt/deepseek_r1-torch-fp4/model-00045-of-000163.safetensors
2026-07-24 18:55:37,472 - sflow.task.server_5 - INFO - 0:
2026-07-24 18:55:37,472 - sflow.task.server_5 - INFO - Loading safetensors weights in parallel:   1%|          | 1/163 [00:02<07:51,  2.91s/it]
2026-07-24 18:55:37,472 - sflow.task.server_5 - INFO - 2:
2026-07-24 18:55:37,472 - sflow.task.server_5 - INFO - Loading safetensors weights in parallel:   1%|          | 1/163 [00:02<07:52,  2.92s/it]
2026-07-24 18:55:37,472 - sflow.task.server_5 - INFO - 6:
2026-07-24 18:55:37,472 - sflow.task.server_5 - INFO - Loading safetensors weights in parallel:  26%|██▌       | 42/163 [00:16<00:35,  3.43it/s]
2026-07-24 18:55:37,472 - sflow.task.server_5 - INFO - 5:
2026-07-24 18:55:37,472 - sflow.task.server_5 - INFO - Loading safetensors weights in parallel:  26%|██▋       | 43/163 [00:16<00:29,  4.07it/s]
2026-07-24 18:55:37,523 - sflow.task.server_5 - INFO - 4:
2026-07-24 18:55:37,523 - sflow.task.server_5 - INFO - Loading safetensors weights in parallel:  26%|██▋       | 43/163 [00:16<00:28,  4.24it/s]
2026-07-24 18:55:37,524 - sflow.task.server_5 - INFO - 7:
2026-07-24 18:55:37,524 - sflow.task.server_5 - INFO - Loading safetensors weights in parallel:  26%|██▋       | 43/163 [00:16<00:29,  4.07it/s]
2026-07-24 18:55:37,524 - sflow.task.server_5 - INFO - 0: [07/24/2026-18:55:37] [TRT-LLM] [RANK 0] [I] Start to load safetensor file /home/mlperf_inference_storage/models/deepseek-r1/fp4-quantized-modelopt/deepseek_r1-torch-fp4/model-00048-of-000163.safetensors
2026-07-24 18:55:37,575 - sflow.task.server_5 - INFO - 1:
2026-07-24 18:55:37,575 - sflow.task.server_5 - INFO - Loading safetensors weights in parallel:   1%|          | 2/163 [00:03<03:28,  1.30s/it]
2026-07-24 18:55:37,575 - sflow.task.server_5 - INFO - 6:
2026-07-24 18:55:37,575 - sflow.task.server_5 - INFO - Loading safetensors weights in parallel:  28%|██▊       | 45/163 [00:16<00:23,  5.11it/s]
2026-07-24 18:55:37,626 - sflow.task.server_5 - INFO - 5:
2026-07-24 18:55:37,626 - sflow.task.server_5 - INFO - Loading safetensors weights in parallel:  29%|██▉       | 47/163 [00:16<00:17,  6.50it/s]
2026-07-24 18:55:37,626 - sflow.task.server_5 - INFO - 7:
2026-07-24 18:55:37,626 - sflow.task.server_5 - INFO - Loading safetensors weights in parallel:  29%|██▉       | 47/163 [00:16<00:17,  6.58it/s]
2026-07-24 18:55:37,678 - sflow.task.server_5 - INFO - 4:
2026-07-24 18:55:37,678 - sflow.task.server_5 - INFO - Loading safetensors weights in parallel:  29%|██▉       | 48/163 [00:16<00:15,  7.62it/s]
2026-07-24 18:55:37,678 - sflow.task.server_5 - INFO - 2:
2026-07-24 18:55:37,678 - sflow.task.server_5 - INFO - Loading safetensors weights in parallel:   1%|          | 2/163 [00:03<03:35,  1.34s/it]
2026-07-24 18:55:37,678 - sflow.task.server_5 - INFO - 6:
2026-07-24 18:55:37,678 - sflow.task.server_5 - INFO - Loading safetensors weights in parallel:  30%|███       | 49/163 [00:16<00:14,  7.90it/s]
2026-07-24 18:55:37,729 - sflow.task.server_5 - INFO - 5:
2026-07-24 18:55:37,729 - sflow.task.server_5 - INFO - Loading safetensors weights in parallel:  31%|███       | 50/163 [00:16<00:13,  8.29it/s]
2026-07-24 18:55:37,729 - sflow.task.server_5 - INFO - 7:
2026-07-24 18:55:37,729 - sflow.task.server_5 - INFO - Loading safetensors weights in parallel:  31%|███       | 50/163 [00:16<00:13,  8.42it/s]
2026-07-24 18:55:37,780 - sflow.task.server_5 - INFO - 4:
2026-07-24 18:55:37,780 - sflow.task.server_5 - INFO - Loading safetensors weights in parallel:  33%|███▎      | 53/163 [00:16<00:09, 11.92it/s]
2026-07-24 18:55:37,832 - sflow.task.server_5 - INFO - 7:
2026-07-24 18:55:37,832 - sflow.task.server_5 - INFO - Loading safetensors weights in parallel:  33%|███▎      | 54/163 [00:16<00:09, 11.93it/s]
2026-07-24 18:55:37,884 - sflow.task.server_5 - INFO - 6:
2026-07-24 18:55:37,884 - sflow.task.server_5 - INFO - Loading safetensors weights in parallel:  33%|███▎      | 54/163 [00:16<00:09, 11.65it/s]
2026-07-24 18:55:37,884 - sflow.task.server_5 - INFO - 5:
2026-07-24 18:55:37,884 - sflow.task.server_5 - INFO - Loading safetensors weights in parallel:  33%|███▎      | 54/163 [00:16<00:09, 11.59it/s]
2026-07-24 18:55:37,935 - sflow.task.server_5 - INFO - 7:
2026-07-24 18:55:37,935 - sflow.task.server_5 - INFO - Loading safetensors weights in parallel:  36%|███▌      | 59/163 [00:16<00:06, 16.89it/s]
2026-07-24 18:55:37,985 - sflow.task.server_5 - INFO - 6:
2026-07-24 18:55:37,985 - sflow.task.server_5 - INFO - Loading safetensors weights in parallel:  36%|███▌      | 59/163 [00:16<00:06, 16.34it/s]
2026-07-24 18:55:37,985 - sflow.task.server_5 - INFO - 5:
2026-07-24 18:55:37,985 - sflow.task.server_5 - INFO - Loading safetensors weights in parallel:  36%|███▌      | 59/163 [00:16<00:06, 15.93it/s]
2026-07-24 18:55:38,087 - sflow.task.server_5 - INFO - 4:
2026-07-24 18:55:38,087 - sflow.task.server_5 - INFO - Loading safetensors weights in parallel:  34%|███▍      | 56/163 [00:16<00:09, 11.59it/s]
2026-07-24 18:55:38,188 - sflow.task.server_5 - INFO - 5:
2026-07-24 18:55:38,188 - sflow.task.server_5 - INFO - Loading safetensors weights in parallel:  38%|███▊      | 62/163 [00:17<00:06, 16.19it/s]
2026-07-24 18:55:38,238 - sflow.task.server_5 - INFO - 6:
2026-07-24 18:55:38,238 - sflow.task.server_5 - INFO - Loading safetensors weights in parallel:  39%|███▊      | 63/163 [00:17<00:06, 15.99it/s]
2026-07-24 18:55:38,238 - sflow.task.server_5 - INFO - 7:
2026-07-24 18:55:38,238 - sflow.task.server_5 - INFO - Loading safetensors weights in parallel:  39%|███▊      | 63/163 [00:17<00:06, 16.19it/s]
2026-07-24 18:55:38,238 - sflow.task.server_5 - INFO - 4:
2026-07-24 18:55:38,238 - sflow.task.server_5 - INFO - Loading safetensors weights in parallel:  36%|███▌      | 59/163 [00:17<00:08, 12.54it/s]
2026-07-24 18:55:38,340 - sflow.task.server_5 - INFO - 4:
2026-07-24 18:55:38,340 - sflow.task.server_5 - INFO - Loading safetensors weights in parallel:  38%|███▊      | 62/163 [00:17<00:06, 15.01it/s]
2026-07-24 18:55:38,902 - sflow.task.server_5 - INFO - 5:
2026-07-24 18:55:38,902 - sflow.task.server_5 - INFO - Loading safetensors weights in parallel:  40%|███▉      | 65/163 [00:17<00:10,  9.19it/s]
2026-07-24 18:55:39,004 - sflow.task.server_5 - INFO - 4:
2026-07-24 18:55:39,004 - sflow.task.server_5 - INFO - Loading safetensors weights in parallel:  40%|███▉      | 65/163 [00:17<00:10,  9.28it/s]
2026-07-24 18:55:39,055 - sflow.task.server_5 - INFO - 7:
2026-07-24 18:55:39,055 - sflow.task.server_5 - INFO - Loading safetensors weights in parallel:  40%|████      | 66/163 [00:17<00:11,  8.79it/s]
2026-07-24 18:55:39,464 - sflow.task.server_5 - INFO - 5:
2026-07-24 18:55:39,464 - sflow.task.server_5 - INFO - Loading safetensors weights in parallel:  41%|████      | 67/163 [00:18<00:13,  6.94it/s]
2026-07-24 18:55:39,464 - sflow.task.server_5 - INFO - 6:
2026-07-24 18:55:39,464 - sflow.task.server_5 - INFO - Loading safetensors weights in parallel:  40%|████      | 66/163 [00:18<00:14,  6.74it/s]
2026-07-24 18:55:39,516 - sflow.task.server_5 - INFO - 4:
2026-07-24 18:55:39,516 - sflow.task.server_5 - INFO - Loading safetensors weights in parallel:  41%|████      | 67/163 [00:18<00:13,  7.06it/s]
2026-07-24 18:55:39,516 - sflow.task.server_5 - INFO - 0: [07/24/2026-18:55:39] [TRT-LLM] [RANK 0] [I] Start to load safetensor file /home/mlperf_inference_storage/models/deepseek-r1/fp4-quantized-modelopt/deepseek_r1-torch-fp4/model-00159-of-000163.safetensors
2026-07-24 18:55:39,567 - sflow.task.server_5 - INFO - 0:
2026-07-24 18:55:39,567 - sflow.task.server_5 - INFO - Loading safetensors weights in parallel:   2%|▏         | 3/163 [00:05<04:05,  1.53s/it]
2026-07-24 18:55:39,567 - sflow.task.server_5 - INFO - 1:
2026-07-24 18:55:39,567 - sflow.task.server_5 - INFO - Loading safetensors weights in parallel:   2%|▏         | 3/163 [00:05<04:18,  1.61s/it]
2026-07-24 18:55:39,567 - sflow.task.server_5 - INFO - 0: [07/24/2026-18:55:39] [TRT-LLM] [RANK 0] [I] Start to load safetensor file /home/mlperf_inference_storage/models/deepseek-r1/fp4-quantized-modelopt/deepseek_r1-torch-fp4/model-00141-of-000163.safetensors
2026-07-24 18:55:39,619 - sflow.task.server_5 - INFO - 3:
2026-07-24 18:55:39,619 - sflow.task.server_5 - INFO - Loading safetensors weights in parallel:   2%|▏         | 3/163 [00:05<04:09,  1.56s/it]
2026-07-24 18:55:39,670 - sflow.task.server_5 - INFO - 1:
2026-07-24 18:55:39,670 - sflow.task.server_5 - INFO - Loading safetensors weights in parallel:   4%|▎         | 6/163 [00:05<01:29,  1.76it/s]
2026-07-24 18:55:39,670 - sflow.task.server_5 - INFO - 6:
2026-07-24 18:55:39,670 - sflow.task.server_5 - INFO - Loading safetensors weights in parallel:  42%|████▏     | 68/163 [00:18<00:13,  7.18it/s]
2026-07-24 18:55:39,721 - sflow.task.server_5 - INFO - 0: [07/24/2026-18:55:39] [TRT-LLM] [RANK 0] [I] Start to load safetensor file /home/mlperf_inference_storage/models/deepseek-r1/fp4-quantized-modelopt/deepseek_r1-torch-fp4/model-00070-of-000163.safetensors
2026-07-24 18:55:39,721 - sflow.task.server_5 - INFO - 0:
2026-07-24 18:55:39,721 - sflow.task.server_5 - INFO - Loading safetensors weights in parallel:   3%|▎         | 5/163 [00:05<02:04,  1.27it/s]
2026-07-24 18:55:39,721 - sflow.task.server_5 - INFO - 2:
2026-07-24 18:55:39,721 - sflow.task.server_5 - INFO - Loading safetensors weights in parallel:   2%|▏         | 3/163 [00:05<04:25,  1.66s/it]
2026-07-24 18:55:39,721 - sflow.task.server_5 - INFO - 0: [07/24/2026-18:55:39] [TRT-LLM] [RANK 0] [I] Start to load safetensor file /home/mlperf_inference_storage/models/deepseek-r1/fp4-quantized-modelopt/deepseek_r1-torch-fp4/model-00085-of-000163.safetensors
2026-07-24 18:55:39,722 - sflow.task.server_5 - INFO - 3:
2026-07-24 18:55:39,722 - sflow.task.server_5 - INFO - Loading safetensors weights in parallel:   2%|▏         | 4/163 [00:05<02:49,  1.07s/it]
2026-07-24 18:55:39,875 - sflow.task.server_5 - INFO - 2:
2026-07-24 18:55:39,875 - sflow.task.server_5 - INFO - Loading safetensors weights in parallel:   3%|▎         | 5/163 [00:05<01:59,  1.32it/s]
2026-07-24 18:55:39,875 - sflow.task.server_5 - INFO - 1:
2026-07-24 18:55:39,875 - sflow.task.server_5 - INFO - Loading safetensors weights in parallel:   6%|▌         | 10/163 [00:05<00:43,  3.52it/s]
2026-07-24 18:55:39,875 - sflow.task.server_5 - INFO - 0: [07/24/2026-18:55:39] [TRT-LLM] [RANK 0] [I] Start to load safetensor file /home/mlperf_inference_storage/models/deepseek-r1/fp4-quantized-modelopt/deepseek_r1-torch-fp4/model-00025-of-000163.safetensors
2026-07-24 18:55:39,875 - sflow.task.server_5 - INFO - 0:
2026-07-24 18:55:39,875 - sflow.task.server_5 - INFO - Loading safetensors weights in parallel:   4%|▍         | 7/163 [00:05<01:16,  2.04it/s]
2026-07-24 18:55:39,875 - sflow.task.server_5 - INFO - 0: [07/24/2026-18:55:39] [TRT-LLM] [RANK 0] [I] Start to load safetensor file /home/mlperf_inference_storage/models/deepseek-r1/fp4-quantized-modelopt/deepseek_r1-torch-fp4/model-00031-of-000163.safetensors
2026-07-24 18:55:39,875 - sflow.task.server_5 - INFO - 0: [07/24/2026-18:55:39] [TRT-LLM] [RANK 0] [I] Start to load safetensor file /home/mlperf_inference_storage/models/deepseek-r1/fp4-quantized-modelopt/deepseek_r1-torch-fp4/model-00043-of-000163.safetensors
2026-07-24 18:55:39,927 - sflow.task.server_5 - INFO - 3:
2026-07-24 18:55:39,927 - sflow.task.server_5 - INFO - Loading safetensors weights in parallel:   3%|▎         | 5/163 [00:05<02:02,  1.29it/s]
2026-07-24 18:55:39,927 - sflow.task.server_5 - INFO - 0: [07/24/2026-18:55:39] [TRT-LLM] [RANK 0] [I] Start to load safetensor file /home/mlperf_inference_storage/models/deepseek-r1/fp4-quantized-modelopt/deepseek_r1-torch-fp4/model-00042-of-000163.safetensors
2026-07-24 18:55:39,978 - sflow.task.server_5 - INFO - 0: [07/24/2026-18:55:39] [TRT-LLM] [RANK 0] [I] Start to load safetensor file /home/mlperf_inference_storage/models/deepseek-r1/fp4-quantized-modelopt/deepseek_r1-torch-fp4/model-00057-of-000163.safetensors
2026-07-24 18:55:39,978 - sflow.task.server_5 - INFO - 2:
2026-07-24 18:55:39,978 - sflow.task.server_5 - INFO - Loading safetensors weights in parallel:   5%|▍         | 8/163 [00:05<00:56,  2.76it/s]
2026-07-24 18:55:39,978 - sflow.task.server_5 - INFO - 0: [07/24/2026-18:55:39] [TRT-LLM] [RANK 0] [I] Start to load safetensor file /home/mlperf_inference_storage/models/deepseek-r1/fp4-quantized-modelopt/deepseek_r1-torch-fp4/model-00022-of-000163.safetensors
2026-07-24 18:55:39,978 - sflow.task.server_5 - INFO - 0: [07/24/2026-18:55:39] [TRT-LLM] [RANK 0] [I] Start to load safetensor file /home/mlperf_inference_storage/models/deepseek-r1/fp4-quantized-modelopt/deepseek_r1-torch-fp4/model-00119-of-000163.safetensors
2026-07-24 18:55:39,978 - sflow.task.server_5 - INFO - 0:
2026-07-24 18:55:39,978 - sflow.task.server_5 - INFO - Loading safetensors weights in parallel:   8%|▊         | 13/163 [00:05<00:27,  5.40it/s]
2026-07-24 18:55:39,978 - sflow.task.server_5 - INFO - 0: [07/24/2026-18:55:39] [TRT-LLM] [RANK 0] [I] Start to load safetensor file /home/mlperf_inference_storage/models/deepseek-r1/fp4-quantized-modelopt/deepseek_r1-torch-fp4/model-00152-of-000163.safetensors
2026-07-24 18:55:40,029 - sflow.task.server_5 - INFO - 0: [07/24/2026-18:55:39] [TRT-LLM] [RANK 0] [I] Start to load safetensor file /home/mlperf_inference_storage/models/deepseek-r1/fp4-quantized-modelopt/deepseek_r1-torch-fp4/model-00015-of-000163.safetensors
2026-07-24 18:55:40,029 - sflow.task.server_5 - INFO - 1:
2026-07-24 18:55:40,029 - sflow.task.server_5 - INFO - Loading safetensors weights in parallel:   7%|▋         | 12/163 [00:05<00:33,  4.48it/s]
2026-07-24 18:55:40,029 - sflow.task.server_5 - INFO - 0: [07/24/2026-18:55:39] [TRT-LLM] [RANK 0] [I] Start to load safetensor file /home/mlperf_inference_storage/models/deepseek-r1/fp4-quantized-modelopt/deepseek_r1-torch-fp4/model-00059-of-000163.safetensors
2026-07-24 18:55:40,029 - sflow.task.server_5 - INFO - 3:
2026-07-24 18:55:40,029 - sflow.task.server_5 - INFO - Loading safetensors weights in parallel:   9%|▉         | 15/163 [00:05<00:21,  6.92it/s]
2026-07-24 18:55:40,080 - sflow.task.server_5 - INFO - 0: [07/24/2026-18:55:40] [TRT-LLM] [RANK 0] [I] Start to load safetensor file /home/mlperf_inference_storage/models/deepseek-r1/fp4-quantized-modelopt/deepseek_r1-torch-fp4/model-00014-of-000163.safetensors
2026-07-24 18:55:40,080 - sflow.task.server_5 - INFO - 4:
2026-07-24 18:55:40,080 - sflow.task.server_5 - INFO - Loading safetensors weights in parallel:  42%|████▏     | 69/163 [00:19<00:16,  5.72it/s]
2026-07-24 18:55:40,080 - sflow.task.server_5 - INFO - 2:
2026-07-24 18:55:40,080 - sflow.task.server_5 - INFO - Loading safetensors weights in parallel:  10%|▉         | 16/163 [00:05<00:18,  7.87it/s]
2026-07-24 18:55:40,080 - sflow.task.server_5 - INFO - 0: [07/24/2026-18:55:40] [TRT-LLM] [RANK 0] [I] Start to load safetensor file /home/mlperf_inference_storage/models/deepseek-r1/fp4-quantized-modelopt/deepseek_r1-torch-fp4/model-00004-of-000163.safetensors
2026-07-24 18:55:40,080 - sflow.task.server_5 - INFO - 0:
2026-07-24 18:55:40,080 - sflow.task.server_5 - INFO - Loading safetensors weights in parallel:  11%|█         | 18/163 [00:05<00:16,  8.80it/s]
2026-07-24 18:55:40,080 - sflow.task.server_5 - INFO - 0: [07/24/2026-18:55:40] [TRT-LLM] [RANK 0] [I] Start to load safetensor file /home/mlperf_inference_storage/models/deepseek-r1/fp4-quantized-modelopt/deepseek_r1-torch-fp4/model-00100-of-000163.safetensors
2026-07-24 18:55:40,131 - sflow.task.server_5 - INFO - 0: [07/24/2026-18:55:40] [TRT-LLM] [RANK 0] [I] Start to load safetensor file /home/mlperf_inference_storage/models/deepseek-r1/fp4-quantized-modelopt/deepseek_r1-torch-fp4/model-00096-of-000163.safetensors
2026-07-24 18:55:40,131 - sflow.task.server_5 - INFO - 0: [07/24/2026-18:55:40] [TRT-LLM] [RANK 0] [I] Start to load safetensor file /home/mlperf_inference_storage/models/deepseek-r1/fp4-quantized-modelopt/deepseek_r1-torch-fp4/model-00086-of-000163.safetensors
2026-07-24 18:55:40,131 - sflow.task.server_5 - INFO - 1:
2026-07-24 18:55:40,131 - sflow.task.server_5 - INFO - Loading safetensors weights in parallel:  12%|█▏        | 19/163 [00:05<00:14,  9.86it/s]
2026-07-24 18:55:40,131 - sflow.task.server_5 - INFO - 0: [07/24/2026-18:55:40] [TRT-LLM] [RANK 0] [I] Start to load safetensor file /home/mlperf_inference_storage/models/deepseek-r1/fp4-quantized-modelopt/deepseek_r1-torch-fp4/model-00006-of-000163.safetensors
2026-07-24 18:55:40,182 - sflow.task.server_5 - INFO - 0: [07/24/2026-18:55:40] [TRT-LLM] [RANK 0] [I] Start to load safetensor file /home/mlperf_inference_storage/models/deepseek-r1/fp4-quantized-modelopt/deepseek_r1-torch-fp4/model-00136-of-000163.safetensors
2026-07-24 18:55:40,182 - sflow.task.server_5 - INFO - 3:
2026-07-24 18:55:40,182 - sflow.task.server_5 - INFO - Loading safetensors weights in parallel:  13%|█▎        | 22/163 [00:05<00:12, 11.35it/s]
2026-07-24 18:55:40,182 - sflow.task.server_5 - INFO - 0: [07/24/2026-18:55:40] [TRT-LLM] [RANK 0] [I] Start to load safetensor file /home/mlperf_inference_storage/models/deepseek-r1/fp4-quantized-modelopt/deepseek_r1-torch-fp4/model-00098-of-000163.safetensors
2026-07-24 18:55:40,182 - sflow.task.server_5 - INFO - 0:
2026-07-24 18:55:40,182 - sflow.task.server_5 - INFO - Loading safetensors weights in parallel:  15%|█▍        | 24/163 [00:05<00:10, 13.74it/s]
2026-07-24 18:55:40,182 - sflow.task.server_5 - INFO - 2:
2026-07-24 18:55:40,182 - sflow.task.server_5 - INFO - Loading safetensors weights in parallel:  15%|█▍        | 24/163 [00:05<00:10, 13.84it/s]
2026-07-24 18:55:40,182 - sflow.task.server_5 - INFO - 0: [07/24/2026-18:55:40] [TRT-LLM] [RANK 0] [I] Start to load safetensor file /home/mlperf_inference_storage/models/deepseek-r1/fp4-quantized-modelopt/deepseek_r1-torch-fp4/model-00128-of-000163.safetensors
2026-07-24 18:55:40,233 - sflow.task.server_5 - INFO - 0: [07/24/2026-18:55:40] [TRT-LLM] [RANK 0] [I] Start to load safetensor file /home/mlperf_inference_storage/models/deepseek-r1/fp4-quantized-modelopt/deepseek_r1-torch-fp4/model-00101-of-000163.safetensors
2026-07-24 18:55:40,284 - sflow.task.server_5 - INFO - 1:
2026-07-24 18:55:40,284 - sflow.task.server_5 - INFO - Loading safetensors weights in parallel:  17%|█▋        | 27/163 [00:05<00:08, 16.84it/s]
2026-07-24 18:55:40,284 - sflow.task.server_5 - INFO - 0: [07/24/2026-18:55:40] [TRT-LLM] [RANK 0] [I] Start to load safetensor file /home/mlperf_inference_storage/models/deepseek-r1/fp4-quantized-modelopt/deepseek_r1-torch-fp4/model-00094-of-000163.safetensors
2026-07-24 18:55:40,284 - sflow.task.server_5 - INFO - 0: [07/24/2026-18:55:40] [TRT-LLM] [RANK 0] [I] Start to load safetensor file /home/mlperf_inference_storage/models/deepseek-r1/fp4-quantized-modelopt/deepseek_r1-torch-fp4/model-00032-of-000163.safetensors
2026-07-24 18:55:40,284 - sflow.task.server_5 - INFO - 0: [07/24/2026-18:55:40] [TRT-LLM] [RANK 0] [I] Start to load safetensor file /home/mlperf_inference_storage/models/deepseek-r1/fp4-quantized-modelopt/deepseek_r1-torch-fp4/model-00102-of-000163.safetensors
2026-07-24 18:55:40,284 - sflow.task.server_5 - INFO - 0:
2026-07-24 18:55:40,284 - sflow.task.server_5 - INFO - Loading safetensors weights in parallel:  18%|█▊        | 29/163 [00:05<00:07, 18.10it/s]
2026-07-24 18:55:40,335 - sflow.task.server_5 - INFO - 2:
2026-07-24 18:55:40,335 - sflow.task.server_5 - INFO - Loading safetensors weights in parallel:  18%|█▊        | 30/163 [00:05<00:07, 18.57it/s]
2026-07-24 18:55:40,335 - sflow.task.server_5 - INFO - 3:
2026-07-24 18:55:40,335 - sflow.task.server_5 - INFO - Loading safetensors weights in parallel:  17%|█▋        | 27/163 [00:05<00:09, 14.32it/s]
2026-07-24 18:55:40,335 - sflow.task.server_5 - INFO - 0: [07/24/2026-18:55:40] [TRT-LLM] [RANK 0] [I] Start to load safetensor file /home/mlperf_inference_storage/models/deepseek-r1/fp4-quantized-modelopt/deepseek_r1-torch-fp4/model-00013-of-000163.safetensors
2026-07-24 18:55:40,335 - sflow.task.server_5 - INFO - 0: [07/24/2026-18:55:40] [TRT-LLM] [RANK 0] [I] Start to load safetensor file /home/mlperf_inference_storage/models/deepseek-r1/fp4-quantized-modelopt/deepseek_r1-torch-fp4/model-00151-of-000163.safetensors
2026-07-24 18:55:40,488 - sflow.task.server_5 - INFO - 1:
2026-07-24 18:55:40,488 - sflow.task.server_5 - INFO - Loading safetensors weights in parallel:  20%|█▉        | 32/163 [00:05<00:07, 17.73it/s]
2026-07-24 18:55:40,539 - sflow.task.server_5 - INFO - 5:
2026-07-24 18:55:40,539 - sflow.task.server_5 - INFO - Loading safetensors weights in parallel:  42%|████▏     | 69/163 [00:19<00:21,  4.32it/s]
2026-07-24 18:55:40,539 - sflow.task.server_5 - INFO - 7:
2026-07-24 18:55:40,539 - sflow.task.server_5 - INFO - Loading safetensors weights in parallel:  42%|████▏     | 69/163 [00:19<00:20,  4.65it/s]
2026-07-24 18:55:40,539 - sflow.task.server_5 - INFO - 3:
2026-07-24 18:55:40,539 - sflow.task.server_5 - INFO - Loading safetensors weights in parallel:  19%|█▉        | 31/163 [00:05<00:08, 15.58it/s]
2026-07-24 18:55:40,590 - sflow.task.server_5 - INFO - 0: [07/24/2026-18:55:40] [TRT-LLM] [RANK 0] [I] Start to load safetensor file /home/mlperf_inference_storage/models/deepseek-r1/fp4-quantized-modelopt/deepseek_r1-torch-fp4/model-00158-of-000163.safetensors
2026-07-24 18:55:40,640 - sflow.task.server_5 - INFO - 6:
2026-07-24 18:55:40,640 - sflow.task.server_5 - INFO - Loading safetensors weights in parallel:  43%|████▎     | 70/163 [00:19<00:19,  4.72it/s]
2026-07-24 18:55:41,150 - sflow.task.server_5 - INFO - 4:
2026-07-24 18:55:41,150 - sflow.task.server_5 - INFO - Loading safetensors weights in parallel:  44%|████▎     | 71/163 [00:20<00:24,  3.73it/s]
2026-07-24 18:55:41,201 - sflow.task.server_5 - INFO - 5:
2026-07-24 18:55:41,201 - sflow.task.server_5 - INFO - Loading safetensors weights in parallel:  44%|████▎     | 71/163 [00:20<00:23,  3.88it/s]
2026-07-24 18:55:41,253 - sflow.task.server_5 - INFO - 7:
2026-07-24 18:55:41,253 - sflow.task.server_5 - INFO - Loading safetensors weights in parallel:  44%|████▎     | 71/163 [00:20<00:22,  4.04it/s]
2026-07-24 18:55:41,303 - sflow.task.server_5 - INFO - 5:
2026-07-24 18:55:41,303 - sflow.task.server_5 - INFO - Loading safetensors weights in parallel:  45%|████▌     | 74/163 [00:20<00:16,  5.51it/s]
2026-07-24 18:55:41,303 - sflow.task.server_5 - INFO - 4:
2026-07-24 18:55:41,303 - sflow.task.server_5 - INFO - Loading safetensors weights in parallel:  45%|████▍     | 73/163 [00:20<00:19,  4.57it/s]
2026-07-24 18:55:41,354 - sflow.task.server_5 - INFO - 6:
2026-07-24 18:55:41,354 - sflow.task.server_5 - INFO - Loading safetensors weights in parallel:  44%|████▍     | 72/163 [00:20<00:22,  4.03it/s]
2026-07-24 18:55:41,455 - sflow.task.server_5 - INFO - 5:
2026-07-24 18:55:41,456 - sflow.task.server_5 - INFO - Loading safetensors weights in parallel:  47%|████▋     | 76/163 [00:20<00:13,  6.30it/s]
2026-07-24 18:55:41,507 - sflow.task.server_5 - INFO - 4:
2026-07-24 18:55:41,507 - sflow.task.server_5 - INFO - Loading safetensors weights in parallel:  47%|████▋     | 76/163 [00:20<00:13,  6.32it/s]
2026-07-24 18:55:41,558 - sflow.task.server_5 - INFO - 6:
2026-07-24 18:55:41,558 - sflow.task.server_5 - INFO - Loading safetensors weights in parallel:  46%|████▌     | 75/163 [00:20<00:16,  5.29it/s]
2026-07-24 18:55:41,609 - sflow.task.server_5 - INFO - 7:
2026-07-24 18:55:41,609 - sflow.task.server_5 - INFO - Loading safetensors weights in parallel:  45%|████▍     | 73/163 [00:20<00:20,  4.35it/s]
2026-07-24 18:55:41,660 - sflow.task.server_5 - INFO - 5:
2026-07-24 18:55:41,660 - sflow.task.server_5 - INFO - Loading safetensors weights in parallel:  48%|████▊     | 79/163 [00:20<00:10,  8.08it/s]
2026-07-24 18:55:41,660 - sflow.task.server_5 - INFO - 4:
2026-07-24 18:55:41,660 - sflow.task.server_5 - INFO - Loading safetensors weights in parallel:  48%|████▊     | 78/163 [00:20<00:11,  7.13it/s]
2026-07-24 18:55:41,711 - sflow.task.server_5 - INFO - 6:
2026-07-24 18:55:41,711 - sflow.task.server_5 - INFO - Loading safetensors weights in parallel:  49%|████▉     | 80/163 [00:20<00:09,  8.64it/s]
2026-07-24 18:55:41,711 - sflow.task.server_5 - INFO - 7:
2026-07-24 18:55:41,711 - sflow.task.server_5 - INFO - Loading safetensors weights in parallel:  47%|████▋     | 76/163 [00:20<00:14,  5.94it/s]
2026-07-24 18:55:41,762 - sflow.task.server_5 - INFO - 4:
2026-07-24 18:55:41,762 - sflow.task.server_5 - INFO - Loading safetensors weights in parallel:  50%|████▉     | 81/163 [00:20<00:08,  9.52it/s]
2026-07-24 18:55:41,762 - sflow.task.server_5 - INFO - 5:
2026-07-24 18:55:41,762 - sflow.task.server_5 - INFO - Loading safetensors weights in parallel:  50%|█████     | 82/163 [00:20<00:07, 10.24it/s]
2026-07-24 18:55:41,813 - sflow.task.server_5 - INFO - 6:
2026-07-24 18:55:41,813 - sflow.task.server_5 - INFO - Loading safetensors weights in parallel:  52%|█████▏    | 84/163 [00:20<00:06, 11.43it/s]
2026-07-24 18:55:41,813 - sflow.task.server_5 - INFO - 0: [07/24/2026-18:55:41] [TRT-LLM] [RANK 0] [I] Start to load safetensor file /home/mlperf_inference_storage/models/deepseek-r1/fp4-quantized-modelopt/deepseek_r1-torch-fp4/model-00156-of-000163.safetensors
2026-07-24 18:55:41,864 - sflow.task.server_5 - INFO - 0: [07/24/2026-18:55:41] [TRT-LLM] [RANK 0] [I] Start to load safetensor file /home/mlperf_inference_storage/models/deepseek-r1/fp4-quantized-modelopt/deepseek_r1-torch-fp4/model-00069-of-000163.safetensors
2026-07-24 18:55:41,864 - sflow.task.server_5 - INFO - 7:
2026-07-24 18:55:41,864 - sflow.task.server_5 - INFO - Loading safetensors weights in parallel:  50%|████▉     | 81/163 [00:20<00:08,  9.49it/s]
2026-07-24 18:55:41,864 - sflow.task.server_5 - INFO - 0:
2026-07-24 18:55:41,864 - sflow.task.server_5 - INFO - Loading safetensors weights in parallel:  21%|██        | 34/163 [00:07<00:17,  7.25it/s]
2026-07-24 18:55:41,915 - sflow.task.server_5 - INFO - 4:
2026-07-24 18:55:41,915 - sflow.task.server_5 - INFO - Loading safetensors weights in parallel:  52%|█████▏    | 85/163 [00:20<00:05, 13.52it/s]
2026-07-24 18:55:41,915 - sflow.task.server_5 - INFO - 0: [07/24/2026-18:55:41] [TRT-LLM] [RANK 0] [I] Start to load safetensor file /home/mlperf_inference_storage/models/deepseek-r1/fp4-quantized-modelopt/deepseek_r1-torch-fp4/model-00007-of-000163.safetensors
2026-07-24 18:55:41,915 - sflow.task.server_5 - INFO - 5:
2026-07-24 18:55:41,915 - sflow.task.server_5 - INFO - Loading safetensors weights in parallel:  53%|█████▎    | 87/163 [00:20<00:05, 15.11it/s]
2026-07-24 18:55:41,915 - sflow.task.server_5 - INFO - 6:
2026-07-24 18:55:41,915 - sflow.task.server_5 - INFO - Loading safetensors weights in parallel:  54%|█████▍    | 88/163 [00:20<00:05, 14.84it/s]
2026-07-24 18:55:41,966 - sflow.task.server_5 - INFO - 3:
2026-07-24 18:55:41,966 - sflow.task.server_5 - INFO - Loading safetensors weights in parallel:  21%|██▏       | 35/163 [00:07<00:18,  6.93it/s]
2026-07-24 18:55:41,966 - sflow.task.server_5 - INFO - 7:
2026-07-24 18:55:41,966 - sflow.task.server_5 - INFO - Loading safetensors weights in parallel:  52%|█████▏    | 85/163 [00:20<00:06, 12.48it/s]
2026-07-24 18:55:42,017 - sflow.task.server_5 - INFO - 2:
2026-07-24 18:55:42,017 - sflow.task.server_5 - INFO - Loading safetensors weights in parallel:  21%|██▏       | 35/163 [00:07<00:17,  7.30it/s]
2026-07-24 18:55:42,017 - sflow.task.server_5 - INFO - 5:
2026-07-24 18:55:42,017 - sflow.task.server_5 - INFO - Loading safetensors weights in parallel:  55%|█████▌    | 90/163 [00:20<00:04, 17.48it/s]
2026-07-24 18:55:42,017 - sflow.task.server_5 - INFO - 6:
2026-07-24 18:55:42,017 - sflow.task.server_5 - INFO - Loading safetensors weights in parallel:  56%|█████▌    | 91/163 [00:20<00:04, 16.90it/s]
2026-07-24 18:55:42,118 - sflow.task.server_5 - INFO - 7:
2026-07-24 18:55:42,118 - sflow.task.server_5 - INFO - Loading safetensors weights in parallel:  56%|█████▌    | 91/163 [00:21<00:03, 18.00it/s]
2026-07-24 18:55:42,118 - sflow.task.server_5 - INFO - 4:
2026-07-24 18:55:42,118 - sflow.task.server_5 - INFO - Loading safetensors weights in parallel:  55%|█████▍    | 89/163 [00:21<00:04, 15.22it/s]
2026-07-24 18:55:42,118 - sflow.task.server_5 - INFO - 5:
2026-07-24 18:55:42,118 - sflow.task.server_5 - INFO - Loading safetensors weights in parallel:  57%|█████▋    | 93/163 [00:21<00:03, 19.14it/s]
2026-07-24 18:55:42,220 - sflow.task.server_5 - INFO - 6:
2026-07-24 18:55:42,220 - sflow.task.server_5 - INFO - Loading safetensors weights in parallel:  58%|█████▊    | 94/163 [00:21<00:04, 16.95it/s]
2026-07-24 18:55:42,220 - sflow.task.server_5 - INFO - 7:
2026-07-24 18:55:42,220 - sflow.task.server_5 - INFO - Loading safetensors weights in parallel:  58%|█████▊    | 95/163 [00:21<00:03, 20.56it/s]
2026-07-24 18:55:42,271 - sflow.task.server_5 - INFO - 4:
2026-07-24 18:55:42,271 - sflow.task.server_5 - INFO - Loading safetensors weights in parallel:  56%|█████▋    | 92/163 [00:21<00:04, 15.83it/s]
2026-07-24 18:55:42,271 - sflow.task.server_5 - INFO - 5:
2026-07-24 18:55:42,271 - sflow.task.server_5 - INFO - Loading safetensors weights in parallel:  59%|█████▉    | 96/163 [00:21<00:03, 19.89it/s]
2026-07-24 18:55:42,373 - sflow.task.server_5 - INFO - 6:
2026-07-24 18:55:42,373 - sflow.task.server_5 - INFO - Loading safetensors weights in parallel:  60%|█████▉    | 97/163 [00:21<00:03, 16.83it/s]
2026-07-24 18:55:42,424 - sflow.task.server_5 - INFO - 4:
2026-07-24 18:55:42,424 - sflow.task.server_5 - INFO - Loading safetensors weights in parallel:  58%|█████▊    | 95/163 [00:21<00:03, 17.13it/s]
2026-07-24 18:55:42,933 - sflow.task.server_5 - INFO - 7:
2026-07-24 18:55:42,933 - sflow.task.server_5 - INFO - Loading safetensors weights in parallel:  61%|██████    | 99/163 [00:21<00:05, 11.68it/s]
2026-07-24 18:55:43,035 - sflow.task.server_5 - INFO - 4:
2026-07-24 18:55:43,035 - sflow.task.server_5 - INFO - Loading safetensors weights in parallel:  60%|██████    | 98/163 [00:21<00:06,  9.72it/s]
2026-07-24 18:55:43,086 - sflow.task.server_5 - INFO - 5:
2026-07-24 18:55:43,086 - sflow.task.server_5 - INFO - Loading safetensors weights in parallel:  61%|██████    | 99/163 [00:22<00:07,  8.81it/s]
2026-07-24 18:55:43,290 - sflow.task.server_5 - INFO - 0: [07/24/2026-18:55:43] [TRT-LLM] [RANK 0] [I] Start to load safetensor file /home/mlperf_inference_storage/models/deepseek-r1/fp4-quantized-modelopt/deepseek_r1-torch-fp4/model-00084-of-000163.safetensors
2026-07-24 18:55:43,341 - sflow.task.server_5 - INFO - 4:
2026-07-24 18:55:43,341 - sflow.task.server_5 - INFO - Loading safetensors weights in parallel:  61%|██████▏   | 100/163 [00:22<00:07,  8.88it/s]
2026-07-24 18:55:43,341 - sflow.task.server_5 - INFO - 1:
2026-07-24 18:55:43,341 - sflow.task.server_5 - INFO - Loading safetensors weights in parallel:  22%|██▏       | 36/163 [00:08<00:28,  4.45it/s]
2026-07-24 18:55:43,341 - sflow.task.server_5 - INFO - 6:
2026-07-24 18:55:43,341 - sflow.task.server_5 - INFO - Loading safetensors weights in parallel:  61%|██████▏   | 100/163 [00:22<00:08,  7.44it/s]
2026-07-24 18:55:43,494 - sflow.task.server_5 - INFO - 5:
2026-07-24 18:55:43,494 - sflow.task.server_5 - INFO - Loading safetensors weights in parallel:  62%|██████▏   | 101/163 [00:22<00:08,  7.39it/s]
2026-07-24 18:55:43,595 - sflow.task.server_5 - INFO - 7:
2026-07-24 18:55:43,595 - sflow.task.server_5 - INFO - Loading safetensors weights in parallel:  63%|██████▎   | 102/163 [00:22<00:07,  8.44it/s]
2026-07-24 18:55:43,697 - sflow.task.server_5 - INFO - 6:
2026-07-24 18:55:43,697 - sflow.task.server_5 - INFO - Loading safetensors weights in parallel:  63%|██████▎   | 102/163 [00:22<00:08,  7.11it/s]
2026-07-24 18:55:43,697 - sflow.task.server_5 - INFO - 4:
2026-07-24 18:55:43,697 - sflow.task.server_5 - INFO - Loading safetensors weights in parallel:  63%|██████▎   | 102/163 [00:22<00:07,  7.79it/s]
2026-07-24 18:55:44,260 - sflow.task.server_5 - INFO - 0: [07/24/2026-18:55:44] [TRT-LLM] [RANK 0] [I] Start to load safetensor file /home/mlperf_inference_storage/models/deepseek-r1/fp4-quantized-modelopt/deepseek_r1-torch-fp4/model-00067-of-000163.safetensors
2026-07-24 18:55:44,311 - sflow.task.server_5 - INFO - 5:
2026-07-24 18:55:44,311 - sflow.task.server_5 - INFO - Loading safetensors weights in parallel:  63%|██████▎   | 103/163 [00:23<00:11,  5.04it/s]
2026-07-24 18:55:44,464 - sflow.task.server_5 - INFO - 4:
2026-07-24 18:55:44,464 - sflow.task.server_5 - INFO - Loading safetensors weights in parallel:  64%|██████▍   | 104/163 [00:23<00:11,  5.17it/s]
2026-07-24 18:55:44,465 - sflow.task.server_5 - INFO - 3:
2026-07-24 18:55:44,465 - sflow.task.server_5 - INFO - Loading safetensors weights in parallel:  23%|██▎       | 38/163 [00:09<00:37,  3.30it/s]
2026-07-24 18:55:44,516 - sflow.task.server_5 - INFO - 6:
2026-07-24 18:55:44,516 - sflow.task.server_5 - INFO - Loading safetensors weights in parallel:  64%|██████▍   | 104/163 [00:23<00:12,  4.83it/s]
2026-07-24 18:55:44,568 - sflow.task.server_5 - INFO - 2:
2026-07-24 18:55:44,568 - sflow.task.server_5 - INFO - Loading safetensors weights in parallel:  24%|██▍       | 39/163 [00:10<00:32,  3.82it/s]
2026-07-24 18:55:44,620 - sflow.task.server_5 - INFO - 1:
2026-07-24 18:55:44,621 - sflow.task.server_5 - INFO - Loading safetensors weights in parallel:  24%|██▍       | 39/163 [00:10<00:33,  3.73it/s]
2026-07-24 18:55:44,672 - sflow.task.server_5 - INFO - 7:
2026-07-24 18:55:44,672 - sflow.task.server_5 - INFO - Loading safetensors weights in parallel:  64%|██████▍   | 104/163 [00:23<00:11,  5.16it/s]
2026-07-24 18:55:44,672 - sflow.task.server_5 - INFO - 4:
2026-07-24 18:55:44,672 - sflow.task.server_5 - INFO - Loading safetensors weights in parallel:  64%|██████▍   | 105/163 [00:23<00:11,  5.15it/s]
2026-07-24 18:55:44,723 - sflow.task.server_5 - INFO - 0: [07/24/2026-18:55:44] [TRT-LLM] [RANK 0] [I] Start to load safetensor file /home/mlperf_inference_storage/models/deepseek-r1/fp4-quantized-modelopt/deepseek_r1-torch-fp4/model-00124-of-000163.safetensors
2026-07-24 18:55:44,723 - sflow.task.server_5 - INFO - 0:
2026-07-24 18:55:44,723 - sflow.task.server_5 - INFO - Loading safetensors weights in parallel:  23%|██▎       | 38/163 [00:10<00:36,  3.40it/s]
2026-07-24 18:55:44,723 - sflow.task.server_5 - INFO - 0: [07/24/2026-18:55:44] [TRT-LLM] [RANK 0] [I] Start to load safetensor file /home/mlperf_inference_storage/models/deepseek-r1/fp4-quantized-modelopt/deepseek_r1-torch-fp4/model-00138-of-000163.safetensors
2026-07-24 18:55:44,775 - sflow.task.server_5 - INFO - 3:
2026-07-24 18:55:44,775 - sflow.task.server_5 - INFO - Loading safetensors weights in parallel:  25%|██▍       | 40/163 [00:10<00:33,  3.63it/s]
2026-07-24 18:55:44,775 - sflow.task.server_5 - INFO - 0: [07/24/2026-18:55:44] [TRT-LLM] [RANK 0] [I] Start to load safetensor file /home/mlperf_inference_storage/models/deepseek-r1/fp4-quantized-modelopt/deepseek_r1-torch-fp4/model-00079-of-000163.safetensors
2026-07-24 18:55:44,827 - sflow.task.server_5 - INFO - 0: [07/24/2026-18:55:44] [TRT-LLM] [RANK 0] [I] Start to load safetensor file /home/mlperf_inference_storage/models/deepseek-r1/fp4-quantized-modelopt/deepseek_r1-torch-fp4/model-00088-of-000163.safetensors
2026-07-24 18:55:44,827 - sflow.task.server_5 - INFO - 0:
2026-07-24 18:55:44,827 - sflow.task.server_5 - INFO - Loading safetensors weights in parallel:  25%|██▌       | 41/163 [00:10<00:28,  4.23it/s]
2026-07-24 18:55:44,827 - sflow.task.server_5 - INFO - 0: [07/24/2026-18:55:44] [TRT-LLM] [RANK 0] [I] Start to load safetensor file /home/mlperf_inference_storage/models/deepseek-r1/fp4-quantized-modelopt/deepseek_r1-torch-fp4/model-00093-of-000163.safetensors
2026-07-24 18:55:44,827 - sflow.task.server_5 - INFO - 2:
2026-07-24 18:55:44,827 - sflow.task.server_5 - INFO - Loading safetensors weights in parallel:  26%|██▌       | 42/163 [00:10<00:27,  4.42it/s]
2026-07-24 18:55:44,827 - sflow.task.server_5 - INFO - 1:
2026-07-24 18:55:44,827 - sflow.task.server_5 - INFO - Loading safetensors weights in parallel:  25%|██▌       | 41/163 [00:10<00:29,  4.14it/s]
2026-07-24 18:55:44,878 - sflow.task.server_5 - INFO - 0: [07/24/2026-18:55:44] [TRT-LLM] [RANK 0] [I] Start to load safetensor file /home/mlperf_inference_storage/models/deepseek-r1/fp4-quantized-modelopt/deepseek_r1-torch-fp4/model-00137-of-000163.safetensors
2026-07-24 18:55:44,878 - sflow.task.server_5 - INFO - 0: [07/24/2026-18:55:44] [TRT-LLM] [RANK 0] [I] Start to load safetensor file /home/mlperf_inference_storage/models/deepseek-r1/fp4-quantized-modelopt/deepseek_r1-torch-fp4/model-00051-of-000163.safetensors
2026-07-24 18:55:44,929 - sflow.task.server_5 - INFO - 3:
2026-07-24 18:55:44,929 - sflow.task.server_5 - INFO - Loading safetensors weights in parallel:  27%|██▋       | 44/163 [00:10<00:22,  5.18it/s]
2026-07-24 18:55:44,929 - sflow.task.server_5 - INFO - 2:
2026-07-24 18:55:44,929 - sflow.task.server_5 - INFO - Loading safetensors weights in parallel:  28%|██▊       | 46/163 [00:10<00:19,  5.93it/s]
2026-07-24 18:55:44,929 - sflow.task.server_5 - INFO - 0: [07/24/2026-18:55:44] [TRT-LLM] [RANK 0] [I] Start to load safetensor file /home/mlperf_inference_storage/models/deepseek-r1/fp4-quantized-modelopt/deepseek_r1-torch-fp4/model-00012-of-000163.safetensors
2026-07-24 18:55:44,929 - sflow.task.server_5 - INFO - 0:
2026-07-24 18:55:44,929 - sflow.task.server_5 - INFO - Loading safetensors weights in parallel:  28%|██▊       | 45/163 [00:10<00:20,  5.70it/s]
2026-07-24 18:55:44,930 - sflow.task.server_5 - INFO - 1:
2026-07-24 18:55:44,930 - sflow.task.server_5 - INFO - Loading safetensors weights in parallel:  27%|██▋       | 44/163 [00:10<00:22,  5.35it/s]
2026-07-24 18:55:44,981 - sflow.task.server_5 - INFO - 0: [07/24/2026-18:55:44] [TRT-LLM] [RANK 0] [I] Start to load safetensor file /home/mlperf_inference_storage/models/deepseek-r1/fp4-quantized-modelopt/deepseek_r1-torch-fp4/model-00117-of-000163.safetensors
2026-07-24 18:55:44,981 - sflow.task.server_5 - INFO - 0: [07/24/2026-18:55:44] [TRT-LLM] [RANK 0] [I] Start to load safetensor file /home/mlperf_inference_storage/models/deepseek-r1/fp4-quantized-modelopt/deepseek_r1-torch-fp4/model-00083-of-000163.safetensors
2026-07-24 18:55:45,032 - sflow.task.server_5 - INFO - 0: [07/24/2026-18:55:45] [TRT-LLM] [RANK 0] [I] Start to load safetensor file /home/mlperf_inference_storage/models/deepseek-r1/fp4-quantized-modelopt/deepseek_r1-torch-fp4/model-00080-of-000163.safetensors
2026-07-24 18:55:45,032 - sflow.task.server_5 - INFO - 3:
2026-07-24 18:55:45,032 - sflow.task.server_5 - INFO - Loading safetensors weights in parallel:  29%|██▉       | 47/163 [00:10<00:17,  6.45it/s]
2026-07-24 18:55:45,032 - sflow.task.server_5 - INFO - 0:
2026-07-24 18:55:45,032 - sflow.task.server_5 - INFO - Loading safetensors weights in parallel:  29%|██▉       | 48/163 [00:10<00:16,  7.10it/s]
2026-07-24 18:55:45,084 - sflow.task.server_5 - INFO - 4:
2026-07-24 18:55:45,084 - sflow.task.server_5 - INFO - Loading safetensors weights in parallel:  65%|██████▌   | 106/163 [00:23<00:13,  4.35it/s]
2026-07-24 18:55:45,084 - sflow.task.server_5 - INFO - 0: [07/24/2026-18:55:45] [TRT-LLM] [RANK 0] [I] Start to load safetensor file /home/mlperf_inference_storage/models/deepseek-r1/fp4-quantized-modelopt/deepseek_r1-torch-fp4/model-00039-of-000163.safetensors
2026-07-24 18:55:45,084 - sflow.task.server_5 - INFO - 0: [07/24/2026-18:55:45] [TRT-LLM] [RANK 0] [I] Start to load safetensor file /home/mlperf_inference_storage/models/deepseek-r1/fp4-quantized-modelopt/deepseek_r1-torch-fp4/model-00145-of-000163.safetensors
2026-07-24 18:55:45,084 - sflow.task.server_5 - INFO - 1:
2026-07-24 18:55:45,084 - sflow.task.server_5 - INFO - Loading safetensors weights in parallel:  29%|██▉       | 47/163 [00:10<00:17,  6.71it/s]
2026-07-24 18:55:45,135 - sflow.task.server_5 - INFO - 5:
2026-07-24 18:55:45,135 - sflow.task.server_5 - INFO - Loading safetensors weights in parallel:  64%|██████▍   | 105/163 [00:24<00:14,  3.98it/s]
2026-07-24 18:55:45,186 - sflow.task.server_5 - INFO - 4:
2026-07-24 18:55:45,186 - sflow.task.server_5 - INFO - Loading safetensors weights in parallel:  66%|██████▌   | 107/163 [00:24<00:11,  4.78it/s]
2026-07-24 18:55:45,237 - sflow.task.server_5 - INFO - 3:
2026-07-24 18:55:45,237 - sflow.task.server_5 - INFO - Loading safetensors weights in parallel:  31%|███       | 50/163 [00:10<00:14,  7.80it/s]
2026-07-24 18:55:45,237 - sflow.task.server_5 - INFO - 1:
2026-07-24 18:55:45,237 - sflow.task.server_5 - INFO - Loading safetensors weights in parallel:  31%|███       | 50/163 [00:10<00:13,  8.47it/s]
2026-07-24 18:55:45,237 - sflow.task.server_5 - INFO - 2:
2026-07-24 18:55:45,237 - sflow.task.server_5 - INFO - Loading safetensors weights in parallel:  30%|███       | 49/163 [00:10<00:17,  6.61it/s]
2026-07-24 18:55:45,237 - sflow.task.server_5 - INFO - 5:
2026-07-24 18:55:45,237 - sflow.task.server_5 - INFO - Loading safetensors weights in parallel:  66%|██████▌   | 107/163 [00:24<00:11,  5.03it/s]
2026-07-24 18:55:45,237 - sflow.task.server_5 - INFO - 6:
2026-07-24 18:55:45,237 - sflow.task.server_5 - INFO - Loading safetensors weights in parallel:  65%|██████▌   | 106/163 [00:24<00:13,  4.08it/s]
2026-07-24 18:55:45,289 - sflow.task.server_5 - INFO - 0: [07/24/2026-18:55:45] [TRT-LLM] [RANK 0] [I] Start to load safetensor file /home/mlperf_inference_storage/models/deepseek-r1/fp4-quantized-modelopt/deepseek_r1-torch-fp4/model-00026-of-000163.safetensors
2026-07-24 18:55:45,289 - sflow.task.server_5 - INFO - 0:
2026-07-24 18:55:45,289 - sflow.task.server_5 - INFO - Loading safetensors weights in parallel:  31%|███▏      | 51/163 [00:10<00:14,  7.90it/s]
2026-07-24 18:55:45,340 - sflow.task.server_5 - INFO - 0: [07/24/2026-18:55:45] [TRT-LLM] [RANK 0] [I] Start to load safetensor file /home/mlperf_inference_storage/models/deepseek-r1/fp4-quantized-modelopt/deepseek_r1-torch-fp4/model-00064-of-000163.safetensors
2026-07-24 18:55:45,340 - sflow.task.server_5 - INFO - 3:
2026-07-24 18:55:45,340 - sflow.task.server_5 - INFO - Loading safetensors weights in parallel:  32%|███▏      | 52/163 [00:10<00:12,  8.86it/s]
2026-07-24 18:55:45,340 - sflow.task.server_5 - INFO - 0: [07/24/2026-18:55:45] [TRT-LLM] [RANK 0] [I] Start to load safetensor file /home/mlperf_inference_storage/models/deepseek-r1/fp4-quantized-modelopt/deepseek_r1-torch-fp4/model-00127-of-000163.safetensors
2026-07-24 18:55:45,340 - sflow.task.server_5 - INFO - 2:
2026-07-24 18:55:45,340 - sflow.task.server_5 - INFO - Loading safetensors weights in parallel:  32%|███▏      | 52/163 [00:10<00:13,  8.12it/s]
2026-07-24 18:55:45,340 - sflow.task.server_5 - INFO - 4:
2026-07-24 18:55:45,340 - sflow.task.server_5 - INFO - Loading safetensors weights in parallel:  66%|██████▋   | 108/163 [00:24<00:10,  5.05it/s]
2026-07-24 18:55:45,340 - sflow.task.server_5 - INFO - 1:
2026-07-24 18:55:45,340 - sflow.task.server_5 - INFO - Loading safetensors weights in parallel:  33%|███▎      | 53/163 [00:10<00:10, 10.30it/s]
2026-07-24 18:55:45,392 - sflow.task.server_5 - INFO - 0: [07/24/2026-18:55:45] [TRT-LLM] [RANK 0] [I] Start to load safetensor file /home/mlperf_inference_storage/models/deepseek-r1/fp4-quantized-modelopt/deepseek_r1-torch-fp4/model-00073-of-000163.safetensors
2026-07-24 18:55:45,392 - sflow.task.server_5 - INFO - 0: [07/24/2026-18:55:45] [TRT-LLM] [RANK 0] [I] Start to load safetensor file /home/mlperf_inference_storage/models/deepseek-r1/fp4-quantized-modelopt/deepseek_r1-torch-fp4/model-00018-of-000163.safetensors
2026-07-24 18:55:45,443 - sflow.task.server_5 - INFO - 3:
2026-07-24 18:55:45,443 - sflow.task.server_5 - INFO - Loading safetensors weights in parallel:  33%|███▎      | 54/163 [00:10<00:10, 10.10it/s]
2026-07-24 18:55:45,443 - sflow.task.server_5 - INFO - 0: [07/24/2026-18:55:45] [TRT-LLM] [RANK 0] [I] Start to load safetensor file /home/mlperf_inference_storage/models/deepseek-r1/fp4-quantized-modelopt/deepseek_r1-torch-fp4/model-00104-of-000163.safetensors
2026-07-24 18:55:45,443 - sflow.task.server_5 - INFO - 0:
2026-07-24 18:55:45,444 - sflow.task.server_5 - INFO - Loading safetensors weights in parallel:  34%|███▍      | 56/163 [00:10<00:09, 11.05it/s]
2026-07-24 18:55:45,495 - sflow.task.server_5 - INFO - 0: [07/24/2026-18:55:45] [TRT-LLM] [RANK 0] [I] Start to load safetensor file /home/mlperf_inference_storage/models/deepseek-r1/fp4-quantized-modelopt/deepseek_r1-torch-fp4/model-00024-of-000163.safetensors
2026-07-24 18:55:45,495 - sflow.task.server_5 - INFO - 0: [07/24/2026-18:55:45] [TRT-LLM] [RANK 0] [I] Start to load safetensor file /home/mlperf_inference_storage/models/deepseek-r1/fp4-quantized-modelopt/deepseek_r1-torch-fp4/model-00035-of-000163.safetensors
2026-07-24 18:55:45,495 - sflow.task.server_5 - INFO - 0: [07/24/2026-18:55:45] [TRT-LLM] [RANK 0] [I] Start to load safetensor file /home/mlperf_inference_storage/models/deepseek-r1/fp4-quantized-modelopt/deepseek_r1-torch-fp4/model-00053-of-000163.safetensors
2026-07-24 18:55:45,495 - sflow.task.server_5 - INFO - 2:
2026-07-24 18:55:45,495 - sflow.task.server_5 - INFO - Loading safetensors weights in parallel:  36%|███▌      | 58/163 [00:10<00:08, 12.06it/s]
2026-07-24 18:55:45,546 - sflow.task.server_5 - INFO - 1:
2026-07-24 18:55:45,546 - sflow.task.server_5 - INFO - Loading safetensors weights in parallel:  36%|███▌      | 58/163 [00:11<00:07, 13.90it/s]
2026-07-24 18:55:45,546 - sflow.task.server_5 - INFO - 3:
2026-07-24 18:55:45,546 - sflow.task.server_5 - INFO - Loading safetensors weights in parallel:  36%|███▌      | 59/163 [00:11<00:06, 15.73it/s]
2026-07-24 18:55:45,597 - sflow.task.server_5 - INFO - 0: [07/24/2026-18:55:45] [TRT-LLM] [RANK 0] [I] Start to load safetensor file /home/mlperf_inference_storage/models/deepseek-r1/fp4-quantized-modelopt/deepseek_r1-torch-fp4/model-00027-of-000163.safetensors
2026-07-24 18:55:45,597 - sflow.task.server_5 - INFO - 0:
2026-07-24 18:55:45,597 - sflow.task.server_5 - INFO - Loading safetensors weights in parallel:  37%|███▋      | 60/163 [00:11<00:07, 14.07it/s]
2026-07-24 18:55:45,597 - sflow.task.server_5 - INFO - 0: [07/24/2026-18:55:45] [TRT-LLM] [RANK 0] [I] Start to load safetensor file /home/mlperf_inference_storage/models/deepseek-r1/fp4-quantized-modelopt/deepseek_r1-torch-fp4/model-00157-of-000163.safetensors
2026-07-24 18:55:45,648 - sflow.task.server_5 - INFO - 2:
2026-07-24 18:55:45,648 - sflow.task.server_5 - INFO - Loading safetensors weights in parallel:  39%|███▊      | 63/163 [00:11<00:06, 15.61it/s]
2026-07-24 18:55:45,648 - sflow.task.server_5 - INFO - 1:
2026-07-24 18:55:45,648 - sflow.task.server_5 - INFO - Loading safetensors weights in parallel:  37%|███▋      | 61/163 [00:11<00:06, 15.90it/s]
2026-07-24 18:55:45,648 - sflow.task.server_5 - INFO - 5:
2026-07-24 18:55:45,648 - sflow.task.server_5 - INFO - Loading safetensors weights in parallel:  67%|██████▋   | 110/163 [00:24<00:09,  5.63it/s]
2026-07-24 18:55:45,648 - sflow.task.server_5 - INFO - 3:
2026-07-24 18:55:45,648 - sflow.task.server_5 - INFO - Loading safetensors weights in parallel:  39%|███▊      | 63/163 [00:11<00:05, 19.30it/s]
2026-07-24 18:55:45,700 - sflow.task.server_5 - INFO - 0: [07/24/2026-18:55:45] [TRT-LLM] [RANK 0] [I] Start to load safetensor file /home/mlperf_inference_storage/models/deepseek-r1/fp4-quantized-modelopt/deepseek_r1-torch-fp4/model-00003-of-000163.safetensors
2026-07-24 18:55:45,700 - sflow.task.server_5 - INFO - 6:
2026-07-24 18:55:45,700 - sflow.task.server_5 - INFO - Loading safetensors weights in parallel:  66%|██████▋   | 108/163 [00:24<00:13,  4.12it/s]
2026-07-24 18:55:45,700 - sflow.task.server_5 - INFO - 7:
2026-07-24 18:55:45,700 - sflow.task.server_5 - INFO - Loading safetensors weights in parallel:  65%|██████▌   | 106/163 [00:24<00:15,  3.78it/s]
2026-07-24 18:55:45,751 - sflow.task.server_5 - INFO - 0: [07/24/2026-18:55:45] [TRT-LLM] [RANK 0] [I] Start to load safetensor file /home/mlperf_inference_storage/models/deepseek-r1/fp4-quantized-modelopt/deepseek_r1-torch-fp4/model-00118-of-000163.safetensors
2026-07-24 18:55:45,751 - sflow.task.server_5 - INFO - 0:
2026-07-24 18:55:45,751 - sflow.task.server_5 - INFO - Loading safetensors weights in parallel:  39%|███▊      | 63/163 [00:11<00:06, 15.05it/s]
2026-07-24 18:55:45,803 - sflow.task.server_5 - INFO - 4:
2026-07-24 18:55:45,803 - sflow.task.server_5 - INFO - Loading safetensors weights in parallel:  67%|██████▋   | 110/163 [00:24<00:10,  4.82it/s]
2026-07-24 18:55:45,854 - sflow.task.server_5 - INFO - 6:
2026-07-24 18:55:45,854 - sflow.task.server_5 - INFO - Loading safetensors weights in parallel:  69%|██████▊   | 112/163 [00:24<00:07,  6.51it/s]
2026-07-24 18:55:45,854 - sflow.task.server_5 - INFO - 5:
2026-07-24 18:55:45,854 - sflow.task.server_5 - INFO - Loading safetensors weights in parallel:  70%|██████▉   | 114/163 [00:24<00:06,  7.83it/s]
2026-07-24 18:55:45,905 - sflow.task.server_5 - INFO - 7:
2026-07-24 18:55:45,905 - sflow.task.server_5 - INFO - Loading safetensors weights in parallel:  66%|██████▋   | 108/163 [00:24<00:12,  4.51it/s]
2026-07-24 18:55:45,905 - sflow.task.server_5 - INFO - 4:
2026-07-24 18:55:45,905 - sflow.task.server_5 - INFO - Loading safetensors weights in parallel:  69%|██████▉   | 113/163 [00:24<00:06,  7.81it/s]
2026-07-24 18:55:45,905 - sflow.task.server_5 - INFO - 1:
2026-07-24 18:55:45,905 - sflow.task.server_5 - INFO - Loading safetensors weights in parallel:  39%|███▉      | 64/163 [00:11<00:06, 14.41it/s]
2026-07-24 18:55:45,955 - sflow.task.server_5 - INFO - 0: [07/24/2026-18:55:45] [TRT-LLM] [RANK 0] [I] Start to load safetensor file /home/mlperf_inference_storage/models/deepseek-r1/fp4-quantized-modelopt/deepseek_r1-torch-fp4/model-00144-of-000163.safetensors
2026-07-24 18:55:45,955 - sflow.task.server_5 - INFO - 5:
2026-07-24 18:55:45,955 - sflow.task.server_5 - INFO - Loading safetensors weights in parallel:  72%|███████▏  | 117/163 [00:24<00:04, 10.03it/s]
2026-07-24 18:55:46,007 - sflow.task.server_5 - INFO - 6:
2026-07-24 18:55:46,007 - sflow.task.server_5 - INFO - Loading safetensors weights in parallel:  72%|███████▏  | 117/163 [00:24<00:04, 10.18it/s]
2026-07-24 18:55:46,007 - sflow.task.server_5 - INFO - 4:
2026-07-24 18:55:46,007 - sflow.task.server_5 - INFO - Loading safetensors weights in parallel:  72%|███████▏  | 117/163 [00:24<00:03, 12.02it/s]
2026-07-24 18:55:46,007 - sflow.task.server_5 - INFO - 7:
2026-07-24 18:55:46,007 - sflow.task.server_5 - INFO - Loading safetensors weights in parallel:  70%|██████▉   | 114/163 [00:24<00:06,  8.07it/s]
2026-07-24 18:55:46,108 - sflow.task.server_5 - INFO - 5:
2026-07-24 18:55:46,108 - sflow.task.server_5 - INFO - Loading safetensors weights in parallel:  74%|███████▍  | 121/163 [00:25<00:03, 13.62it/s]
2026-07-24 18:55:46,108 - sflow.task.server_5 - INFO - 6:
2026-07-24 18:55:46,108 - sflow.task.server_5 - INFO - Loading safetensors weights in parallel:  75%|███████▍  | 122/163 [00:25<00:02, 14.47it/s]
2026-07-24 18:55:46,108 - sflow.task.server_5 - INFO - 4:
2026-07-24 18:55:46,108 - sflow.task.server_5 - INFO - Loading safetensors weights in parallel:  74%|███████▍  | 121/163 [00:25<00:02, 16.37it/s]
2026-07-24 18:55:46,159 - sflow.task.server_5 - INFO - 7:
2026-07-24 18:55:46,159 - sflow.task.server_5 - INFO - Loading safetensors weights in parallel:  72%|███████▏  | 117/163 [00:25<00:04,  9.81it/s]
2026-07-24 18:55:46,261 - sflow.task.server_5 - INFO - 6:
2026-07-24 18:55:46,261 - sflow.task.server_5 - INFO - Loading safetensors weights in parallel:  77%|███████▋  | 125/163 [00:25<00:02, 15.84it/s]
2026-07-24 18:55:46,261 - sflow.task.server_5 - INFO - 7:
2026-07-24 18:55:46,261 - sflow.task.server_5 - INFO - Loading safetensors weights in parallel:  74%|███████▍  | 121/163 [00:25<00:03, 13.04it/s]
2026-07-24 18:55:46,515 - sflow.task.server_5 - INFO - 0: [07/24/2026-18:55:46] [TRT-LLM] [RANK 0] [I] Start to load safetensor file /home/mlperf_inference_storage/models/deepseek-r1/fp4-quantized-modelopt/deepseek_r1-torch-fp4/model-00056-of-000163.safetensors
2026-07-24 18:55:46,872 - sflow.task.server_5 - INFO - 3:
2026-07-24 18:55:46,872 - sflow.task.server_5 - INFO - Loading safetensors weights in parallel:  41%|████      | 67/163 [00:12<00:12,  7.47it/s]
2026-07-24 18:55:46,974 - sflow.task.server_5 - INFO - 0: [07/24/2026-18:55:46] [TRT-LLM] [RANK 0] [I] Start to load safetensor file /home/mlperf_inference_storage/models/deepseek-r1/fp4-quantized-modelopt/deepseek_r1-torch-fp4/model-00111-of-000163.safetensors
2026-07-24 18:55:46,974 - sflow.task.server_5 - INFO - 0:
2026-07-24 18:55:46,974 - sflow.task.server_5 - INFO - Loading safetensors weights in parallel:  40%|████      | 66/163 [00:12<00:15,  6.31it/s]
2026-07-24 18:55:47,025 - sflow.task.server_5 - INFO - 6:
2026-07-24 18:55:47,025 - sflow.task.server_5 - INFO - Loading safetensors weights in parallel:  79%|███████▊  | 128/163 [00:25<00:04,  8.72it/s]
2026-07-24 18:55:47,025 - sflow.task.server_5 - INFO - 4:
2026-07-24 18:55:47,025 - sflow.task.server_5 - INFO - Loading safetensors weights in parallel:  76%|███████▌  | 124/163 [00:25<00:05,  7.47it/s]
2026-07-24 18:55:47,076 - sflow.task.server_5 - INFO - 5:
2026-07-24 18:55:47,076 - sflow.task.server_5 - INFO - Loading safetensors weights in parallel:  76%|███████▌  | 124/163 [00:25<00:05,  6.97it/s]
2026-07-24 18:55:47,076 - sflow.task.server_5 - INFO - 0: [07/24/2026-18:55:47] [TRT-LLM] [RANK 0] [I] Start to load safetensor file /home/mlperf_inference_storage/models/deepseek-r1/fp4-quantized-modelopt/deepseek_r1-torch-fp4/model-00095-of-000163.safetensors
2026-07-24 18:55:47,127 - sflow.task.server_5 - INFO - 7:
2026-07-24 18:55:47,127 - sflow.task.server_5 - INFO - Loading safetensors weights in parallel:  76%|███████▌  | 124/163 [00:26<00:05,  7.52it/s]
2026-07-24 18:55:47,127 - sflow.task.server_5 - INFO - 1:
2026-07-24 18:55:47,127 - sflow.task.server_5 - INFO - Loading safetensors weights in parallel:  41%|████      | 67/163 [00:12<00:15,  6.11it/s]
2026-07-24 18:55:47,127 - sflow.task.server_5 - INFO - 0: [07/24/2026-18:55:47] [TRT-LLM] [RANK 0] [I] Start to load safetensor file /home/mlperf_inference_storage/models/deepseek-r1/fp4-quantized-modelopt/deepseek_r1-torch-fp4/model-00160-of-000163.safetensors
2026-07-24 18:55:47,127 - sflow.task.server_5 - INFO - 0:
2026-07-24 18:55:47,127 - sflow.task.server_5 - INFO - Loading safetensors weights in parallel:  42%|████▏     | 68/163 [00:12<00:13,  7.04it/s]
2026-07-24 18:55:47,179 - sflow.task.server_5 - INFO - 2:
2026-07-24 18:55:47,179 - sflow.task.server_5 - INFO - Loading safetensors weights in parallel:  41%|████      | 67/163 [00:12<00:14,  6.61it/s]
2026-07-24 18:55:47,179 - sflow.task.server_5 - INFO - 5:
2026-07-24 18:55:47,179 - sflow.task.server_5 - INFO - Loading safetensors weights in parallel:  79%|███████▊  | 128/163 [00:26<00:03,  9.71it/s]
2026-07-24 18:55:47,179 - sflow.task.server_5 - INFO - 4:
2026-07-24 18:55:47,179 - sflow.task.server_5 - INFO - Loading safetensors weights in parallel:  78%|███████▊  | 127/163 [00:26<00:03,  9.24it/s]
2026-07-24 18:55:47,230 - sflow.task.server_5 - INFO - 7:
2026-07-24 18:55:47,230 - sflow.task.server_5 - INFO - Loading safetensors weights in parallel:  80%|███████▉  | 130/163 [00:26<00:02, 11.88it/s]
2026-07-24 18:55:47,282 - sflow.task.server_5 - INFO - 6:
2026-07-24 18:55:47,282 - sflow.task.server_5 - INFO - Loading safetensors weights in parallel:  80%|███████▉  | 130/163 [00:26<00:03,  8.60it/s]
2026-07-24 18:55:47,486 - sflow.task.server_5 - INFO - 4:
2026-07-24 18:55:47,486 - sflow.task.server_5 - INFO - Loading safetensors weights in parallel:  79%|███████▉  | 129/163 [00:26<00:03,  8.51it/s]
2026-07-24 18:55:47,538 - sflow.task.server_5 - INFO - 0: [07/24/2026-18:55:47] [TRT-LLM] [RANK 0] [I] Start to load safetensor file /home/mlperf_inference_storage/models/deepseek-r1/fp4-quantized-modelopt/deepseek_r1-torch-fp4/model-00041-of-000163.safetensors
2026-07-24 18:55:47,691 - sflow.task.server_5 - INFO - 5:
2026-07-24 18:55:47,691 - sflow.task.server_5 - INFO - Loading safetensors weights in parallel:  80%|████████  | 131/163 [00:26<00:03,  8.18it/s]
2026-07-24 18:55:47,742 - sflow.task.server_5 - INFO - 6:
2026-07-24 18:55:47,743 - sflow.task.server_5 - INFO - Loading safetensors weights in parallel:  81%|████████  | 132/163 [00:26<00:04,  7.02it/s]
2026-07-24 18:55:47,794 - sflow.task.server_5 - INFO - 7:
2026-07-24 18:55:47,794 - sflow.task.server_5 - INFO - Loading safetensors weights in parallel:  82%|████████▏ | 133/163 [00:26<00:03,  9.45it/s]
2026-07-24 18:55:47,794 - sflow.task.server_5 - INFO - 4:
2026-07-24 18:55:47,794 - sflow.task.server_5 - INFO - Loading safetensors weights in parallel:  80%|████████  | 131/163 [00:26<00:03,  8.09it/s]
2026-07-24 18:55:47,997 - sflow.task.server_5 - INFO - 5:
2026-07-24 18:55:47,997 - sflow.task.server_5 - INFO - Loading safetensors weights in parallel:  82%|████████▏ | 133/163 [00:26<00:03,  7.88it/s]
2026-07-24 18:55:47,997 - sflow.task.server_5 - INFO - 1:
2026-07-24 18:55:47,997 - sflow.task.server_5 - INFO - Loading safetensors weights in parallel:  42%|████▏     | 69/163 [00:13<00:20,  4.50it/s]
2026-07-24 18:55:48,048 - sflow.task.server_5 - INFO - 4:
2026-07-24 18:55:48,048 - sflow.task.server_5 - INFO - Loading safetensors weights in parallel:  82%|████████▏ | 133/163 [00:26<00:03,  7.99it/s]
2026-07-24 18:55:48,048 - sflow.task.server_5 - INFO - 7:
2026-07-24 18:55:48,048 - sflow.task.server_5 - INFO - Loading safetensors weights in parallel:  83%|████████▎ | 136/163 [00:26<00:02,  9.79it/s]
2026-07-24 18:55:48,098 - sflow.task.server_5 - INFO - 6:
2026-07-24 18:55:48,098 - sflow.task.server_5 - INFO - Loading safetensors weights in parallel:  82%|████████▏ | 134/163 [00:27<00:04,  6.45it/s]
2026-07-24 18:55:48,150 - sflow.task.server_5 - INFO - 4:
2026-07-24 18:55:48,150 - sflow.task.server_5 - INFO - Loading safetensors weights in parallel:  83%|████████▎ | 136/163 [00:27<00:02, 10.55it/s]
2026-07-24 18:55:48,150 - sflow.task.server_5 - INFO - 5:
2026-07-24 18:55:48,150 - sflow.task.server_5 - INFO - Loading safetensors weights in parallel:  83%|████████▎ | 135/163 [00:27<00:03,  8.50it/s]
2026-07-24 18:55:48,201 - sflow.task.server_5 - INFO - 3:
2026-07-24 18:55:48,201 - sflow.task.server_5 - INFO - Loading safetensors weights in parallel:  43%|████▎     | 70/163 [00:13<00:19,  4.66it/s]
2026-07-24 18:55:48,304 - sflow.task.server_5 - INFO - 6:
2026-07-24 18:55:48,304 - sflow.task.server_5 - INFO - Loading safetensors weights in parallel:  84%|████████▍ | 137/163 [00:27<00:03,  8.08it/s]
2026-07-24 18:55:48,355 - sflow.task.server_5 - INFO - 0: [07/24/2026-18:55:48] [TRT-LLM] [RANK 0] [I] Start to load safetensor file /home/mlperf_inference_storage/models/deepseek-r1/fp4-quantized-modelopt/deepseek_r1-torch-fp4/model-00114-of-000163.safetensors
2026-07-24 18:55:48,355 - sflow.task.server_5 - INFO - 2:
2026-07-24 18:55:48,355 - sflow.task.server_5 - INFO - Loading safetensors weights in parallel:  43%|████▎     | 70/163 [00:13<00:19,  4.84it/s]
2026-07-24 18:55:48,355 - sflow.task.server_5 - INFO - 0:
2026-07-24 18:55:48,355 - sflow.task.server_5 - INFO - Loading safetensors weights in parallel:  43%|████▎     | 70/163 [00:13<00:22,  4.12it/s]
2026-07-24 18:55:48,406 - sflow.task.server_5 - INFO - 5:
2026-07-24 18:55:48,406 - sflow.task.server_5 - INFO - Loading safetensors weights in parallel:  84%|████████▍ | 137/163 [00:27<00:03,  8.16it/s]
2026-07-24 18:55:48,508 - sflow.task.server_5 - INFO - 4:
2026-07-24 18:55:48,508 - sflow.task.server_5 - INFO - Loading safetensors weights in parallel:  85%|████████▍ | 138/163 [00:27<00:02,  8.49it/s]
2026-07-24 18:55:48,865 - sflow.task.server_5 - INFO - 1:
2026-07-24 18:55:48,865 - sflow.task.server_5 - INFO - Loading safetensors weights in parallel:  44%|████▎     | 71/163 [00:14<00:24,  3.70it/s]
2026-07-24 18:55:48,916 - sflow.task.server_5 - INFO - 6:
2026-07-24 18:55:48,917 - sflow.task.server_5 - INFO - Loading safetensors weights in parallel:  85%|████████▌ | 139/163 [00:27<00:03,  6.00it/s]
2026-07-24 18:55:48,968 - sflow.task.server_5 - INFO - 0: [07/24/2026-18:55:48] [TRT-LLM] [RANK 0] [I] Start to load safetensor file /home/mlperf_inference_storage/models/deepseek-r1/fp4-quantized-modelopt/deepseek_r1-torch-fp4/model-00108-of-000163.safetensors
2026-07-24 18:55:48,968 - sflow.task.server_5 - INFO - 7:
2026-07-24 18:55:48,968 - sflow.task.server_5 - INFO - Loading safetensors weights in parallel:  85%|████████▍ | 138/163 [00:27<00:04,  5.77it/s]
2026-07-24 18:55:48,968 - sflow.task.server_5 - INFO - 1:
2026-07-24 18:55:48,968 - sflow.task.server_5 - INFO - Loading safetensors weights in parallel:  45%|████▍     | 73/163 [00:14<00:19,  4.62it/s]
2026-07-24 18:55:49,070 - sflow.task.server_5 - INFO - 4:
2026-07-24 18:55:49,070 - sflow.task.server_5 - INFO - Loading safetensors weights in parallel:  86%|████████▌ | 140/163 [00:27<00:03,  6.38it/s]
2026-07-24 18:55:49,174 - sflow.task.server_5 - INFO - 4:
2026-07-24 18:55:49,174 - sflow.task.server_5 - INFO - Loading safetensors weights in parallel:  87%|████████▋ | 141/163 [00:28<00:03,  6.64it/s]
2026-07-24 18:55:49,226 - sflow.task.server_5 - INFO - 3:
2026-07-24 18:55:49,226 - sflow.task.server_5 - INFO - Loading safetensors weights in parallel:  44%|████▍     | 72/163 [00:14<00:24,  3.68it/s]
2026-07-24 18:55:49,276 - sflow.task.server_5 - INFO - 1:
2026-07-24 18:55:49,277 - sflow.task.server_5 - INFO - Loading safetensors weights in parallel:  46%|████▌     | 75/163 [00:14<00:17,  5.05it/s]
2026-07-24 18:55:49,277 - sflow.task.server_5 - INFO - 2:
2026-07-24 18:55:49,277 - sflow.task.server_5 - INFO - Loading safetensors weights in parallel:  44%|████▍     | 72/163 [00:14<00:23,  3.93it/s]
2026-07-24 18:55:49,328 - sflow.task.server_5 - INFO - 5:
2026-07-24 18:55:49,328 - sflow.task.server_5 - INFO - Loading safetensors weights in parallel:  85%|████████▌ | 139/163 [00:28<00:05,  4.78it/s]
2026-07-24 18:55:49,379 - sflow.task.server_5 - INFO - 4:
2026-07-24 18:55:49,380 - sflow.task.server_5 - INFO - Loading safetensors weights in parallel:  87%|████████▋ | 142/163 [00:28<00:03,  6.34it/s]
2026-07-24 18:55:49,380 - sflow.task.server_5 - INFO - 3:
2026-07-24 18:55:49,380 - sflow.task.server_5 - INFO - Loading safetensors weights in parallel:  47%|████▋     | 76/163 [00:14<00:16,  5.31it/s]
2026-07-24 18:55:49,380 - sflow.task.server_5 - INFO - 0: [07/24/2026-18:55:49] [TRT-LLM] [RANK 0] [I] Start to load safetensor file /home/mlperf_inference_storage/models/deepseek-r1/fp4-quantized-modelopt/deepseek_r1-torch-fp4/model-00106-of-000163.safetensors
2026-07-24 18:55:49,380 - sflow.task.server_5 - INFO - 0: [07/24/2026-18:55:49] [TRT-LLM] [RANK 0] [I] Start to load safetensor file /home/mlperf_inference_storage/models/deepseek-r1/fp4-quantized-modelopt/deepseek_r1-torch-fp4/model-00097-of-000163.safetensors
2026-07-24 18:55:49,380 - sflow.task.server_5 - INFO - 0: [07/24/2026-18:55:49] [TRT-LLM] [RANK 0] [I] Start to load safetensor file /home/mlperf_inference_storage/models/deepseek-r1/fp4-quantized-modelopt/deepseek_r1-torch-fp4/model-00116-of-000163.safetensors
2026-07-24 18:55:49,380 - sflow.task.server_5 - INFO - 0:
2026-07-24 18:55:49,380 - sflow.task.server_5 - INFO - Loading safetensors weights in parallel:  44%|████▍     | 72/163 [00:14<00:28,  3.22it/s]
2026-07-24 18:55:49,380 - sflow.task.server_5 - INFO - 2:
2026-07-24 18:55:49,380 - sflow.task.server_5 - INFO - Loading safetensors weights in parallel:  47%|████▋     | 76/163 [00:14<00:15,  5.63it/s]
2026-07-24 18:55:49,380 - sflow.task.server_5 - INFO - 0: [07/24/2026-18:55:49] [TRT-LLM] [RANK 0] [I] Start to load safetensor file /home/mlperf_inference_storage/models/deepseek-r1/fp4-quantized-modelopt/deepseek_r1-torch-fp4/model-00076-of-000163.safetensors
2026-07-24 18:55:49,432 - sflow.task.server_5 - INFO - 0: [07/24/2026-18:55:49] [TRT-LLM] [RANK 0] [I] Start to load safetensor file /home/mlperf_inference_storage/models/deepseek-r1/fp4-quantized-modelopt/deepseek_r1-torch-fp4/model-00008-of-000163.safetensors
2026-07-24 18:55:49,432 - sflow.task.server_5 - INFO - 5:
2026-07-24 18:55:49,432 - sflow.task.server_5 - INFO - Loading safetensors weights in parallel:  87%|████████▋ | 141/163 [00:28<00:03,  5.97it/s]
2026-07-24 18:55:49,483 - sflow.task.server_5 - INFO - 7:
2026-07-24 18:55:49,483 - sflow.task.server_5 - INFO - Loading safetensors weights in parallel:  86%|████████▌ | 140/163 [00:28<00:04,  5.33it/s]
2026-07-24 18:55:49,483 - sflow.task.server_5 - INFO - 0: [07/24/2026-18:55:49] [TRT-LLM] [RANK 0] [I] Start to load safetensor file /home/mlperf_inference_storage/models/deepseek-r1/fp4-quantized-modelopt/deepseek_r1-torch-fp4/model-00021-of-000163.safetensors
2026-07-24 18:55:49,483 - sflow.task.server_5 - INFO - 1:
2026-07-24 18:55:49,483 - sflow.task.server_5 - INFO - Loading safetensors weights in parallel:  47%|████▋     | 77/163 [00:14<00:14,  5.81it/s]
2026-07-24 18:55:49,483 - sflow.task.server_5 - INFO - 0: [07/24/2026-18:55:49] [TRT-LLM] [RANK 0] [I] Start to load safetensor file /home/mlperf_inference_storage/models/deepseek-r1/fp4-quantized-modelopt/deepseek_r1-torch-fp4/model-00068-of-000163.safetensors
2026-07-24 18:55:49,483 - sflow.task.server_5 - INFO - 0: [07/24/2026-18:55:49] [TRT-LLM] [RANK 0] [I] Start to load safetensor file /home/mlperf_inference_storage/models/deepseek-r1/fp4-quantized-modelopt/deepseek_r1-torch-fp4/model-00037-of-000163.safetensors
2026-07-24 18:55:49,483 - sflow.task.server_5 - INFO - 0:
2026-07-24 18:55:49,483 - sflow.task.server_5 - INFO - Loading safetensors weights in parallel:  48%|████▊     | 79/163 [00:14<00:12,  6.67it/s]
2026-07-24 18:55:49,535 - sflow.task.server_5 - INFO - 3:
2026-07-24 18:55:49,535 - sflow.task.server_5 - INFO - Loading safetensors weights in parallel:  48%|████▊     | 78/163 [00:14<00:13,  6.08it/s]
2026-07-24 18:55:49,535 - sflow.task.server_5 - INFO - 2:
2026-07-24 18:55:49,535 - sflow.task.server_5 - INFO - Loading safetensors weights in parallel:  49%|████▉     | 80/163 [00:14<00:10,  7.73it/s]
2026-07-24 18:55:49,535 - sflow.task.server_5 - INFO - 0: [07/24/2026-18:55:49] [TRT-LLM] [RANK 0] [I] Start to load safetensor file /home/mlperf_inference_storage/models/deepseek-r1/fp4-quantized-modelopt/deepseek_r1-torch-fp4/model-00133-of-000163.safetensors
2026-07-24 18:55:49,587 - sflow.task.server_5 - INFO - 4:
2026-07-24 18:55:49,587 - sflow.task.server_5 - INFO - Loading safetensors weights in parallel:  88%|████████▊ | 143/163 [00:28<00:03,  5.84it/s]
2026-07-24 18:55:49,587 - sflow.task.server_5 - INFO - 5:
2026-07-24 18:55:49,587 - sflow.task.server_5 - INFO - Loading safetensors weights in parallel:  90%|█████████ | 147/163 [00:28<00:01, 11.13it/s]
2026-07-24 18:55:49,689 - sflow.task.server_5 - INFO - 6:
2026-07-24 18:55:49,689 - sflow.task.server_5 - INFO - Loading safetensors weights in parallel:  86%|████████▌ | 140/163 [00:28<00:05,  3.93it/s]
2026-07-24 18:55:49,741 - sflow.task.server_5 - INFO - 4:
2026-07-24 18:55:49,741 - sflow.task.server_5 - INFO - Loading safetensors weights in parallel:  89%|████████▉ | 145/163 [00:28<00:02,  7.38it/s]
2026-07-24 18:55:49,741 - sflow.task.server_5 - INFO - 0: [07/24/2026-18:55:49] [TRT-LLM] [RANK 0] [I] Start to load safetensor file /home/mlperf_inference_storage/models/deepseek-r1/fp4-quantized-modelopt/deepseek_r1-torch-fp4/model-00082-of-000163.safetensors
2026-07-24 18:55:49,741 - sflow.task.server_5 - INFO - 3:
2026-07-24 18:55:49,741 - sflow.task.server_5 - INFO - Loading safetensors weights in parallel:  50%|████▉     | 81/163 [00:15<00:11,  7.29it/s]
2026-07-24 18:55:49,792 - sflow.task.server_5 - INFO - 6:
2026-07-24 18:55:49,792 - sflow.task.server_5 - INFO - Loading safetensors weights in parallel:  89%|████████▉ | 145/163 [00:28<00:02,  7.46it/s]
2026-07-24 18:55:49,792 - sflow.task.server_5 - INFO - 7:
2026-07-24 18:55:49,792 - sflow.task.server_5 - INFO - Loading safetensors weights in parallel:  87%|████████▋ | 142/163 [00:28<00:03,  5.54it/s]
2026-07-24 18:55:49,792 - sflow.task.server_5 - INFO - 0: [07/24/2026-18:55:49] [TRT-LLM] [RANK 0] [I] Start to load safetensor file /home/mlperf_inference_storage/models/deepseek-r1/fp4-quantized-modelopt/deepseek_r1-torch-fp4/model-00092-of-000163.safetensors
2026-07-24 18:55:49,792 - sflow.task.server_5 - INFO - 0:
2026-07-24 18:55:49,792 - sflow.task.server_5 - INFO - Loading safetensors weights in parallel:  50%|█████     | 82/163 [00:15<00:11,  7.34it/s]
2026-07-24 18:55:49,792 - sflow.task.server_5 - INFO - 5:
2026-07-24 18:55:49,792 - sflow.task.server_5 - INFO - Loading safetensors weights in parallel:  92%|█████████▏| 150/163 [00:28<00:01, 11.91it/s]
2026-07-24 18:55:49,792 - sflow.task.server_5 - INFO - 1:
2026-07-24 18:55:49,792 - sflow.task.server_5 - INFO - Loading safetensors weights in parallel:  50%|████▉     | 81/163 [00:15<00:10,  7.65it/s]
2026-07-24 18:55:49,792 - sflow.task.server_5 - INFO - 0: [07/24/2026-18:55:49] [TRT-LLM] [RANK 0] [I] Start to load safetensor file /home/mlperf_inference_storage/models/deepseek-r1/fp4-quantized-modelopt/deepseek_r1-torch-fp4/model-00071-of-000163.safetensors
2026-07-24 18:55:49,843 - sflow.task.server_5 - INFO - 4:
2026-07-24 18:55:49,843 - sflow.task.server_5 - INFO - Loading safetensors weights in parallel:  93%|█████████▎| 151/163 [00:28<00:00, 15.39it/s]
2026-07-24 18:55:49,843 - sflow.task.server_5 - INFO - 0: [07/24/2026-18:55:49] [TRT-LLM] [RANK 0] [I] Start to load safetensor file /home/mlperf_inference_storage/models/deepseek-r1/fp4-quantized-modelopt/deepseek_r1-torch-fp4/model-00063-of-000163.safetensors
2026-07-24 18:55:49,894 - sflow.task.server_5 - INFO - 6:
2026-07-24 18:55:49,895 - sflow.task.server_5 - INFO - Loading safetensors weights in parallel:  93%|█████████▎| 152/163 [00:28<00:00, 13.40it/s]
2026-07-24 18:55:49,895 - sflow.task.server_5 - INFO - 2:
2026-07-24 18:55:49,895 - sflow.task.server_5 - INFO - Loading safetensors weights in parallel:  51%|█████     | 83/163 [00:15<00:10,  7.80it/s]
2026-07-24 18:55:49,895 - sflow.task.server_5 - INFO - 7:
2026-07-24 18:55:49,895 - sflow.task.server_5 - INFO - Loading safetensors weights in parallel:  93%|█████████▎| 152/163 [00:28<00:00, 13.38it/s]
2026-07-24 18:55:49,895 - sflow.task.server_5 - INFO - 5:
2026-07-24 18:55:49,895 - sflow.task.server_5 - INFO - Loading safetensors weights in parallel:  96%|█████████▌| 156/163 [00:28<00:00, 18.10it/s]
2026-07-24 18:55:49,895 - sflow.task.server_5 - INFO - 1:
2026-07-24 18:55:49,895 - sflow.task.server_5 - INFO - Loading safetensors weights in parallel:  52%|█████▏    | 84/163 [00:15<00:07,  9.92it/s]
2026-07-24 18:55:49,895 - sflow.task.server_5 - INFO - 0: [07/24/2026-18:55:49] [TRT-LLM] [RANK 0] [I] Start to load safetensor file /home/mlperf_inference_storage/models/deepseek-r1/fp4-quantized-modelopt/deepseek_r1-torch-fp4/model-00112-of-000163.safetensors
2026-07-24 18:55:49,945 - sflow.task.server_5 - INFO - 3:
2026-07-24 18:55:49,946 - sflow.task.server_5 - INFO - Loading safetensors weights in parallel:  52%|█████▏    | 84/163 [00:15<00:08,  8.79it/s]
2026-07-24 18:55:49,946 - sflow.task.server_5 - INFO - 0:
2026-07-24 18:55:49,946 - sflow.task.server_5 - INFO - Loading safetensors weights in parallel:  52%|█████▏    | 85/163 [00:15<00:08,  8.93it/s]
2026-07-24 18:55:49,946 - sflow.task.server_5 - INFO - 4:
2026-07-24 18:55:49,946 - sflow.task.server_5 - INFO - Loading safetensors weights in parallel:  98%|█████████▊| 160/163 [00:28<00:00, 28.90it/s]
2026-07-24 18:55:49,997 - sflow.task.server_5 - INFO - 5:
2026-07-24 18:55:49,997 - sflow.task.server_5 - INFO - Loading safetensors weights in parallel: 100%|██████████| 163/163 [00:28<00:00,  5.64it/s]
2026-07-24 18:55:49,997 - sflow.task.server_5 - INFO - 4:
2026-07-24 18:55:49,997 - sflow.task.server_5 - INFO - Loading safetensors weights in parallel: 100%|██████████| 163/163 [00:28<00:00,  5.64it/s]
2026-07-24 18:55:49,997 - sflow.task.server_5 - INFO - 7:
2026-07-24 18:55:49,997 - sflow.task.server_5 - INFO - Loading safetensors weights in parallel: 100%|██████████| 163/163 [00:28<00:00,  5.64it/s]
2026-07-24 18:55:49,997 - sflow.task.server_5 - INFO - 6:
2026-07-24 18:55:49,997 - sflow.task.server_5 - INFO - Loading safetensors weights in parallel: 100%|██████████| 163/163 [00:28<00:00,  5.64it/s]
2026-07-24 18:55:49,997 - sflow.task.server_5 - INFO - 6:
2026-07-24 18:55:49,997 - sflow.task.server_5 - INFO - 5:
2026-07-24 18:55:49,997 - sflow.task.server_5 - INFO - Loading weights:   0%|          | 0/1458 [00:00<?, ?it/s]
2026-07-24 18:55:49,997 - sflow.task.server_5 - INFO - 4:
2026-07-24 18:55:49,997 - sflow.task.server_5 - INFO - Loading weights:   0%|          | 0/1458 [00:00<?, ?it/s]
2026-07-24 18:55:49,997 - sflow.task.server_5 - INFO - 6:
2026-07-24 18:55:49,997 - sflow.task.server_5 - INFO - Loading weights:   0%|          | 0/1458 [00:00<?, ?it/s]
2026-07-24 18:55:49,997 - sflow.task.server_5 - INFO - 7:
2026-07-24 18:55:49,997 - sflow.task.server_5 - INFO - Loading weights:   0%|          | 0/1458 [00:00<?, ?it/s]
2026-07-24 18:55:49,997 - sflow.task.server_5 - INFO - 0: [07/24/2026-18:55:49] [TRT-LLM] [RANK 0] [I] Start to load safetensor file /home/mlperf_inference_storage/models/deepseek-r1/fp4-quantized-modelopt/deepseek_r1-torch-fp4/model-00089-of-000163.safetensors
2026-07-24 18:55:49,997 - sflow.task.server_5 - INFO - 0: [07/24/2026-18:55:49] [TRT-LLM] [RANK 0] [I] Start to load safetensor file /home/mlperf_inference_storage/models/deepseek-r1/fp4-quantized-modelopt/deepseek_r1-torch-fp4/model-00047-of-000163.safetensors
2026-07-24 18:55:49,997 - sflow.task.server_5 - INFO - 0: [07/24/2026-18:55:49] [TRT-LLM] [RANK 0] [I] Start to load safetensor file /home/mlperf_inference_storage/models/deepseek-r1/fp4-quantized-modelopt/deepseek_r1-torch-fp4/model-00090-of-000163.safetensors
2026-07-24 18:55:49,997 - sflow.task.server_5 - INFO - 1:
2026-07-24 18:55:49,997 - sflow.task.server_5 - INFO - Loading safetensors weights in parallel:  53%|█████▎    | 87/163 [00:15<00:06, 12.53it/s]
2026-07-24 18:55:49,997 - sflow.task.server_5 - INFO - 2:
2026-07-24 18:55:49,997 - sflow.task.server_5 - INFO - Loading safetensors weights in parallel:  55%|█████▍    | 89/163 [00:15<00:06, 12.09it/s]
2026-07-24 18:55:50,048 - sflow.task.server_5 - INFO - 3:
2026-07-24 18:55:50,048 - sflow.task.server_5 - INFO - Loading safetensors weights in parallel:  54%|█████▍    | 88/163 [00:15<00:06, 12.28it/s]
2026-07-24 18:55:50,048 - sflow.task.server_5 - INFO - 0: [07/24/2026-18:55:50] [TRT-LLM] [RANK 0] [I] Start to load safetensor file /home/mlperf_inference_storage/models/deepseek-r1/fp4-quantized-modelopt/deepseek_r1-torch-fp4/model-00023-of-000163.safetensors
2026-07-24 18:55:50,048 - sflow.task.server_5 - INFO - 0:
2026-07-24 18:55:50,048 - sflow.task.server_5 - INFO - Loading safetensors weights in parallel:  55%|█████▍    | 89/163 [00:15<00:06, 11.81it/s]
2026-07-24 18:55:50,048 - sflow.task.server_5 - INFO - 0: [07/24/2026-18:55:50] [TRT-LLM] [RANK 0] [I] Start to load safetensor file /home/mlperf_inference_storage/models/deepseek-r1/fp4-quantized-modelopt/deepseek_r1-torch-fp4/model-00011-of-000163.safetensors
2026-07-24 18:55:50,098 - sflow.task.server_5 - INFO - 0: [07/24/2026-18:55:50] [TRT-LLM] [RANK 0] [I] Start to load safetensor file /home/mlperf_inference_storage/models/deepseek-r1/fp4-quantized-modelopt/deepseek_r1-torch-fp4/model-00078-of-000163.safetensors
2026-07-24 18:55:50,098 - sflow.task.server_5 - INFO - 0: [07/24/2026-18:55:50] [TRT-LLM] [RANK 0] [I] Start to load safetensor file /home/mlperf_inference_storage/models/deepseek-r1/fp4-quantized-modelopt/deepseek_r1-torch-fp4/model-00050-of-000163.safetensors
2026-07-24 18:55:50,149 - sflow.task.server_5 - INFO - 2:
2026-07-24 18:55:50,149 - sflow.task.server_5 - INFO - Loading safetensors weights in parallel:  58%|█████▊    | 94/163 [00:15<00:04, 16.12it/s]
2026-07-24 18:55:50,149 - sflow.task.server_5 - INFO - 0: [07/24/2026-18:55:50] [TRT-LLM] [RANK 0] [I] Start to load safetensor file /home/mlperf_inference_storage/models/deepseek-r1/fp4-quantized-modelopt/deepseek_r1-torch-fp4/model-00113-of-000163.safetensors
2026-07-24 18:55:50,149 - sflow.task.server_5 - INFO - 0:
2026-07-24 18:55:50,149 - sflow.task.server_5 - INFO - Loading safetensors weights in parallel:  57%|█████▋    | 93/163 [00:15<00:04, 14.94it/s]
2026-07-24 18:55:50,149 - sflow.task.server_5 - INFO - 3:
2026-07-24 18:55:50,149 - sflow.task.server_5 - INFO - Loading safetensors weights in parallel:  56%|█████▌    | 91/163 [00:15<00:05, 13.98it/s]
2026-07-24 18:55:50,200 - sflow.task.server_5 - INFO - 0: [07/24/2026-18:55:50] [TRT-LLM] [RANK 0] [I] Start to load safetensor file /home/mlperf_inference_storage/models/deepseek-r1/fp4-quantized-modelopt/deepseek_r1-torch-fp4/model-00130-of-000163.safetensors
2026-07-24 18:55:50,200 - sflow.task.server_5 - INFO - 1:
2026-07-24 18:55:50,200 - sflow.task.server_5 - INFO - Loading safetensors weights in parallel:  55%|█████▍    | 89/163 [00:15<00:06, 11.76it/s]
2026-07-24 18:55:50,303 - sflow.task.server_5 - INFO - 3:
2026-07-24 18:55:50,303 - sflow.task.server_5 - INFO - Loading safetensors weights in parallel:  58%|█████▊    | 95/163 [00:15<00:03, 17.65it/s]
2026-07-24 18:55:50,303 - sflow.task.server_5 - INFO - 0: [07/24/2026-18:55:50] [TRT-LLM] [RANK 0] [I] Start to load safetensor file /home/mlperf_inference_storage/models/deepseek-r1/fp4-quantized-modelopt/deepseek_r1-torch-fp4/model-00020-of-000163.safetensors
2026-07-24 18:55:50,354 - sflow.task.server_5 - INFO - 0: [07/24/2026-18:55:50] [TRT-LLM] [RANK 0] [I] Start to load safetensor file /home/mlperf_inference_storage/models/deepseek-r1/fp4-quantized-modelopt/deepseek_r1-torch-fp4/model-00154-of-000163.safetensors
2026-07-24 18:55:50,354 - sflow.task.server_5 - INFO - 0:
2026-07-24 18:55:50,354 - sflow.task.server_5 - INFO - Loading safetensors weights in parallel:  59%|█████▉    | 96/163 [00:15<00:04, 15.27it/s]
2026-07-24 18:55:50,456 - sflow.task.server_5 - INFO - 1:
2026-07-24 18:55:50,456 - sflow.task.server_5 - INFO - Loading safetensors weights in parallel:  58%|█████▊    | 94/163 [00:15<00:04, 14.75it/s]
2026-07-24 18:55:50,456 - sflow.task.server_5 - INFO - 0: [07/24/2026-18:55:50] [TRT-LLM] [RANK 0] [I] Start to load safetensor file /home/mlperf_inference_storage/models/deepseek-r1/fp4-quantized-modelopt/deepseek_r1-torch-fp4/model-00163-of-000163.safetensors
2026-07-24 18:55:50,559 - sflow.task.server_5 - INFO - 1:
2026-07-24 18:55:50,559 - sflow.task.server_5 - INFO - Loading safetensors weights in parallel:  60%|█████▉    | 97/163 [00:16<00:03, 16.59it/s]
2026-07-24 18:55:50,710 - sflow.task.server_5 - INFO - 0: [07/24/2026-18:55:50] [TRT-LLM] [RANK 0] [I] Start to load safetensor file /home/mlperf_inference_storage/models/deepseek-r1/fp4-quantized-modelopt/deepseek_r1-torch-fp4/model-00131-of-000163.safetensors
2026-07-24 18:55:50,762 - sflow.task.server_5 - INFO - 3:
2026-07-24 18:55:50,762 - sflow.task.server_5 - INFO - Loading safetensors weights in parallel:  60%|██████    | 98/163 [00:16<00:05, 11.93it/s]
2026-07-24 18:55:50,762 - sflow.task.server_5 - INFO - 2:
2026-07-24 18:55:50,762 - sflow.task.server_5 - INFO - Loading safetensors weights in parallel:  60%|██████    | 98/163 [00:16<00:05, 11.25it/s]
2026-07-24 18:55:51,170 - sflow.task.server_5 - INFO - 3:
2026-07-24 18:55:51,170 - sflow.task.server_5 - INFO - Loading safetensors weights in parallel:  62%|██████▏   | 101/163 [00:16<00:06, 10.14it/s]
2026-07-24 18:55:51,170 - sflow.task.server_5 - INFO - 0: [07/24/2026-18:55:51] [TRT-LLM] [RANK 0] [I] Start to load safetensor file /home/mlperf_inference_storage/models/deepseek-r1/fp4-quantized-modelopt/deepseek_r1-torch-fp4/model-00077-of-000163.safetensors
2026-07-24 18:55:51,170 - sflow.task.server_5 - INFO - 0:
2026-07-24 18:55:51,170 - sflow.task.server_5 - INFO - Loading safetensors weights in parallel:  61%|██████    | 99/163 [00:16<00:07,  8.28it/s]
2026-07-24 18:55:51,273 - sflow.task.server_5 - INFO - 1:
2026-07-24 18:55:51,273 - sflow.task.server_5 - INFO - Loading safetensors weights in parallel:  61%|██████▏   | 100/163 [00:16<00:06,  9.12it/s]
2026-07-24 18:55:51,375 - sflow.task.server_5 - INFO - 0: [07/24/2026-18:55:51] [TRT-LLM] [RANK 0] [I] Start to load safetensor file /home/mlperf_inference_storage/models/deepseek-r1/fp4-quantized-modelopt/deepseek_r1-torch-fp4/model-00019-of-000163.safetensors
2026-07-24 18:55:51,528 - sflow.task.server_5 - INFO - 2:
2026-07-24 18:55:51,528 - sflow.task.server_5 - INFO - Loading safetensors weights in parallel:  62%|██████▏   | 101/163 [00:16<00:07,  7.92it/s]
2026-07-24 18:55:51,630 - sflow.task.server_5 - INFO - 0: [07/24/2026-18:55:51] [TRT-LLM] [RANK 0] [I] Start to load safetensor file /home/mlperf_inference_storage/models/deepseek-r1/fp4-quantized-modelopt/deepseek_r1-torch-fp4/model-00120-of-000163.safetensors
2026-07-24 18:55:51,630 - sflow.task.server_5 - INFO - 0:
2026-07-24 18:55:51,630 - sflow.task.server_5 - INFO - Loading safetensors weights in parallel:  62%|██████▏   | 101/163 [00:17<00:08,  6.97it/s]
2026-07-24 18:55:51,731 - sflow.task.server_5 - INFO - 0: [07/24/2026-18:55:51] [TRT-LLM] [RANK 0] [I] Start to load safetensor file /home/mlperf_inference_storage/models/deepseek-r1/fp4-quantized-modelopt/deepseek_r1-torch-fp4/model-00055-of-000163.safetensors
2026-07-24 18:55:51,883 - sflow.task.server_5 - INFO - 0: [07/24/2026-18:55:51] [TRT-LLM] [RANK 0] [I] Start to load safetensor file /home/mlperf_inference_storage/models/deepseek-r1/fp4-quantized-modelopt/deepseek_r1-torch-fp4/model-00016-of-000163.safetensors
2026-07-24 18:55:51,884 - sflow.task.server_5 - INFO - 0:
2026-07-24 18:55:51,884 - sflow.task.server_5 - INFO - Loading safetensors weights in parallel:  63%|██████▎   | 103/163 [00:17<00:08,  7.10it/s]
2026-07-24 18:55:51,986 - sflow.task.server_5 - INFO - 1:
2026-07-24 18:55:51,986 - sflow.task.server_5 - INFO - Loading safetensors weights in parallel:  63%|██████▎   | 102/163 [00:17<00:09,  6.15it/s]
2026-07-24 18:55:52,190 - sflow.task.server_5 - INFO - 3:
2026-07-24 18:55:52,190 - sflow.task.server_5 - INFO - Loading safetensors weights in parallel:  63%|██████▎   | 103/163 [00:17<00:11,  5.37it/s]
2026-07-24 18:55:52,292 - sflow.task.server_5 - INFO - 6:
2026-07-24 18:55:52,292 - sflow.task.server_5 - INFO - Loading weights:   0%|          | 3/1458 [00:02<18:29,  1.31it/s]
2026-07-24 18:55:52,292 - sflow.task.server_5 - INFO - 7:
2026-07-24 18:55:52,292 - sflow.task.server_5 - INFO - Loading weights:   0%|          | 3/1458 [00:02<18:29,  1.31it/s]
2026-07-24 18:55:52,292 - sflow.task.server_5 - INFO - 4:
2026-07-24 18:55:52,292 - sflow.task.server_5 - INFO - Loading weights:   0%|          | 3/1458 [00:02<18:30,  1.31it/s]
2026-07-24 18:55:52,292 - sflow.task.server_5 - INFO - 5:
2026-07-24 18:55:52,292 - sflow.task.server_5 - INFO - Loading weights:   0%|          | 3/1458 [00:02<18:30,  1.31it/s]
2026-07-24 18:55:52,394 - sflow.task.server_5 - INFO - 6:
2026-07-24 18:55:52,394 - sflow.task.server_5 - INFO - Loading weights:   1%|          | 11/1458 [00:02<04:09,  5.79it/s]
2026-07-24 18:55:52,394 - sflow.task.server_5 - INFO - 7:
2026-07-24 18:55:52,394 - sflow.task.server_5 - INFO - Loading weights:   1%|          | 11/1458 [00:02<04:09,  5.79it/s]
2026-07-24 18:55:52,394 - sflow.task.server_5 - INFO - 4:
2026-07-24 18:55:52,394 - sflow.task.server_5 - INFO - Loading weights:   1%|          | 11/1458 [00:02<04:09,  5.79it/s]
2026-07-24 18:55:52,394 - sflow.task.server_5 - INFO - 5:
2026-07-24 18:55:52,394 - sflow.task.server_5 - INFO - Loading weights:   1%|          | 11/1458 [00:02<04:09,  5.79it/s]
2026-07-24 18:55:52,495 - sflow.task.server_5 - INFO - 0: [07/24/2026-18:55:52] [TRT-LLM] [RANK 0] [I] Start to load safetensor file /home/mlperf_inference_storage/models/deepseek-r1/fp4-quantized-modelopt/deepseek_r1-torch-fp4/model-00109-of-000163.safetensors
2026-07-24 18:55:52,546 - sflow.task.server_5 - INFO - 6:
2026-07-24 18:55:52,546 - sflow.task.server_5 - INFO - Loading weights:   1%|          | 16/1458 [00:02<02:43,  8.82it/s]
2026-07-24 18:55:52,546 - sflow.task.server_5 - INFO - 4:
2026-07-24 18:55:52,546 - sflow.task.server_5 - INFO - Loading weights:   1%|          | 16/1458 [00:02<02:43,  8.82it/s]
2026-07-24 18:55:52,546 - sflow.task.server_5 - INFO - 5:
2026-07-24 18:55:52,546 - sflow.task.server_5 - INFO - Loading weights:   1%|          | 16/1458 [00:02<02:43,  8.81it/s]
2026-07-24 18:55:52,546 - sflow.task.server_5 - INFO - 7:
2026-07-24 18:55:52,546 - sflow.task.server_5 - INFO - Loading weights:   1%|          | 16/1458 [00:02<02:43,  8.81it/s]
2026-07-24 18:55:52,597 - sflow.task.server_5 - INFO - 1:
2026-07-24 18:55:52,597 - sflow.task.server_5 - INFO - Loading safetensors weights in parallel:  64%|██████▍   | 104/163 [00:18<00:11,  5.16it/s]
2026-07-24 18:55:52,648 - sflow.task.server_5 - INFO - 2:
2026-07-24 18:55:52,648 - sflow.task.server_5 - INFO - Loading safetensors weights in parallel:  63%|██████▎   | 103/163 [00:18<00:12,  4.91it/s]
2026-07-24 18:55:52,903 - sflow.task.server_5 - INFO - 1:
2026-07-24 18:55:52,903 - sflow.task.server_5 - INFO - Loading safetensors weights in parallel:  64%|██████▍   | 105/163 [00:18<00:12,  4.67it/s]
2026-07-24 18:55:53,005 - sflow.task.server_5 - INFO - 7:
2026-07-24 18:55:53,005 - sflow.task.server_5 - INFO - Loading weights:   1%|▏         | 20/1458 [00:03<02:44,  8.76it/s]
2026-07-24 18:55:53,005 - sflow.task.server_5 - INFO - 4:
2026-07-24 18:55:53,005 - sflow.task.server_5 - INFO - Loading weights:   1%|▏         | 20/1458 [00:03<02:44,  8.76it/s]
2026-07-24 18:55:53,006 - sflow.task.server_5 - INFO - 5:
2026-07-24 18:55:53,006 - sflow.task.server_5 - INFO - Loading weights:   1%|▏         | 20/1458 [00:03<02:44,  8.76it/s]
2026-07-24 18:55:53,006 - sflow.task.server_5 - INFO - 6:
2026-07-24 18:55:53,006 - sflow.task.server_5 - INFO - Loading weights:   1%|▏         | 20/1458 [00:03<02:44,  8.76it/s]
2026-07-24 18:55:53,108 - sflow.task.server_5 - INFO - 1:
2026-07-24 18:55:53,108 - sflow.task.server_5 - INFO - Loading safetensors weights in parallel:  65%|██████▌   | 106/163 [00:18<00:11,  4.84it/s]
2026-07-24 18:55:53,108 - sflow.task.server_5 - INFO - 6:
2026-07-24 18:55:53,108 - sflow.task.server_5 - INFO - Loading weights:   2%|▏         | 29/1458 [00:03<01:28, 16.12it/s]
2026-07-24 18:55:53,108 - sflow.task.server_5 - INFO - 5:
2026-07-24 18:55:53,108 - sflow.task.server_5 - INFO - Loading weights:   2%|▏         | 29/1458 [00:03<01:28, 16.11it/s]
2026-07-24 18:55:53,108 - sflow.task.server_5 - INFO - 7:
2026-07-24 18:55:53,108 - sflow.task.server_5 - INFO - Loading weights:   2%|▏         | 29/1458 [00:03<01:28, 16.11it/s]
2026-07-24 18:55:53,108 - sflow.task.server_5 - INFO - 4:
2026-07-24 18:55:53,108 - sflow.task.server_5 - INFO - Loading weights:   2%|▏         | 29/1458 [00:03<01:28, 16.10it/s]
2026-07-24 18:55:53,261 - sflow.task.server_5 - INFO - 7:
2026-07-24 18:55:53,261 - sflow.task.server_5 - INFO - Loading weights:   2%|▏         | 34/1458 [00:03<01:12, 19.62it/s]
2026-07-24 18:55:53,261 - sflow.task.server_5 - INFO - 4:
2026-07-24 18:55:53,261 - sflow.task.server_5 - INFO - Loading weights:   2%|▏         | 34/1458 [00:03<01:12, 19.57it/s]
2026-07-24 18:55:53,261 - sflow.task.server_5 - INFO - 5:
2026-07-24 18:55:53,261 - sflow.task.server_5 - INFO - Loading weights:   2%|▏         | 34/1458 [00:03<01:12, 19.54it/s]
2026-07-24 18:55:53,261 - sflow.task.server_5 - INFO - 6:
2026-07-24 18:55:53,261 - sflow.task.server_5 - INFO - Loading weights:   2%|▏         | 34/1458 [00:03<01:13, 19.43it/s]
2026-07-24 18:55:53,312 - sflow.task.server_5 - INFO - 1:
2026-07-24 18:55:53,312 - sflow.task.server_5 - INFO - Loading safetensors weights in parallel:  66%|██████▋   | 108/163 [00:18<00:09,  5.75it/s]
2026-07-24 18:55:53,363 - sflow.task.server_5 - INFO - 3:
2026-07-24 18:55:53,363 - sflow.task.server_5 - INFO - Loading safetensors weights in parallel:  64%|██████▍   | 105/163 [00:18<00:16,  3.56it/s]
2026-07-24 18:55:53,413 - sflow.task.server_5 - INFO - 2:
2026-07-24 18:55:53,413 - sflow.task.server_5 - INFO - Loading safetensors weights in parallel:  64%|██████▍   | 105/163 [00:18<00:14,  4.14it/s]
2026-07-24 18:55:53,515 - sflow.task.server_5 - INFO - 1:
2026-07-24 18:55:53,515 - sflow.task.server_5 - INFO - Loading safetensors weights in parallel:  67%|██████▋   | 110/163 [00:18<00:08,  6.51it/s]
2026-07-24 18:55:53,566 - sflow.task.server_5 - INFO - 2:
2026-07-24 18:55:53,566 - sflow.task.server_5 - INFO - Loading safetensors weights in parallel:  66%|██████▌   | 107/163 [00:19<00:11,  4.96it/s]
2026-07-24 18:55:53,566 - sflow.task.server_5 - INFO - 0: [07/24/2026-18:55:53] [TRT-LLM] [RANK 0] [I] Start to load safetensor file /home/mlperf_inference_storage/models/deepseek-r1/fp4-quantized-modelopt/deepseek_r1-torch-fp4/model-00005-of-000163.safetensors
2026-07-24 18:55:53,617 - sflow.task.server_5 - INFO - 0:
2026-07-24 18:55:53,617 - sflow.task.server_5 - INFO - Loading safetensors weights in parallel:  64%|██████▍   | 105/163 [00:19<00:18,  3.18it/s]
2026-07-24 18:55:53,617 - sflow.task.server_5 - INFO - 3:
2026-07-24 18:55:53,617 - sflow.task.server_5 - INFO - Loading safetensors weights in parallel:  67%|██████▋   | 110/163 [00:19<00:09,  5.76it/s]
2026-07-24 18:55:53,617 - sflow.task.server_5 - INFO - 0: [07/24/2026-18:55:53] [TRT-LLM] [RANK 0] [I] Start to load safetensor file /home/mlperf_inference_storage/models/deepseek-r1/fp4-quantized-modelopt/deepseek_r1-torch-fp4/model-00040-of-000163.safetensors
2026-07-24 18:55:53,617 - sflow.task.server_5 - INFO - 6:
2026-07-24 18:55:53,617 - sflow.task.server_5 - INFO - Loading weights:   3%|▎         | 39/1458 [00:03<01:22, 17.15it/s]
2026-07-24 18:55:53,617 - sflow.task.server_5 - INFO - 7:
2026-07-24 18:55:53,617 - sflow.task.server_5 - INFO - Loading weights:   3%|▎         | 39/1458 [00:03<01:22, 17.11it/s]
2026-07-24 18:55:53,617 - sflow.task.server_5 - INFO - 4:
2026-07-24 18:55:53,617 - sflow.task.server_5 - INFO - Loading weights:   3%|▎         | 39/1458 [00:03<01:22, 17.12it/s]
2026-07-24 18:55:53,617 - sflow.task.server_5 - INFO - 5:
2026-07-24 18:55:53,617 - sflow.task.server_5 - INFO - Loading weights:   3%|▎         | 39/1458 [00:03<01:22, 17.13it/s]
2026-07-24 18:55:53,617 - sflow.task.server_5 - INFO - 0: [07/24/2026-18:55:53] [TRT-LLM] [RANK 0] [I] Start to load safetensor file /home/mlperf_inference_storage/models/deepseek-r1/fp4-quantized-modelopt/deepseek_r1-torch-fp4/model-00099-of-000163.safetensors
2026-07-24 18:55:53,668 - sflow.task.server_5 - INFO - 0: [07/24/2026-18:55:53] [TRT-LLM] [RANK 0] [I] Start to load safetensor file /home/mlperf_inference_storage/models/deepseek-r1/fp4-quantized-modelopt/deepseek_r1-torch-fp4/model-00153-of-000163.safetensors
2026-07-24 18:55:53,668 - sflow.task.server_5 - INFO - 1:
2026-07-24 18:55:53,668 - sflow.task.server_5 - INFO - Loading safetensors weights in parallel:  68%|██████▊   | 111/163 [00:19<00:07,  6.67it/s]
2026-07-24 18:55:53,668 - sflow.task.server_5 - INFO - 2:
2026-07-24 18:55:53,668 - sflow.task.server_5 - INFO - Loading safetensors weights in parallel:  67%|██████▋   | 109/163 [00:19<00:08,  6.01it/s]
2026-07-24 18:55:53,668 - sflow.task.server_5 - INFO - 0: [07/24/2026-18:55:53] [TRT-LLM] [RANK 0] [I] Start to load safetensor file /home/mlperf_inference_storage/models/deepseek-r1/fp4-quantized-modelopt/deepseek_r1-torch-fp4/model-00121-of-000163.safetensors
2026-07-24 18:55:53,668 - sflow.task.server_5 - INFO - 0: [07/24/2026-18:55:53] [TRT-LLM] [RANK 0] [I] Start to load safetensor file /home/mlperf_inference_storage/models/deepseek-r1/fp4-quantized-modelopt/deepseek_r1-torch-fp4/model-00010-of-000163.safetensors
2026-07-24 18:55:53,668 - sflow.task.server_5 - INFO - 0: [07/24/2026-18:55:53] [TRT-LLM] [RANK 0] [I] Start to load safetensor file /home/mlperf_inference_storage/models/deepseek-r1/fp4-quantized-modelopt/deepseek_r1-torch-fp4/model-00140-of-000163.safetensors
2026-07-24 18:55:53,719 - sflow.task.server_5 - INFO - 0:
2026-07-24 18:55:53,719 - sflow.task.server_5 - INFO - Loading safetensors weights in parallel:  68%|██████▊   | 111/163 [00:19<00:08,  6.16it/s]
2026-07-24 18:55:53,719 - sflow.task.server_5 - INFO - 0: [07/24/2026-18:55:53] [TRT-LLM] [RANK 0] [I] Start to load safetensor file /home/mlperf_inference_storage/models/deepseek-r1/fp4-quantized-modelopt/deepseek_r1-torch-fp4/model-00135-of-000163.safetensors
2026-07-24 18:55:53,770 - sflow.task.server_5 - INFO - 1:
2026-07-24 18:55:53,770 - sflow.task.server_5 - INFO - Loading safetensors weights in parallel:  70%|██████▉   | 114/163 [00:19<00:04, 10.06it/s]
2026-07-24 18:55:53,770 - sflow.task.server_5 - INFO - 2:
2026-07-24 18:55:53,770 - sflow.task.server_5 - INFO - Loading safetensors weights in parallel:  69%|██████▊   | 112/163 [00:19<00:06,  8.23it/s]
2026-07-24 18:55:53,770 - sflow.task.server_5 - INFO - 3:
2026-07-24 18:55:53,770 - sflow.task.server_5 - INFO - Loading safetensors weights in parallel:  69%|██████▉   | 113/163 [00:19<00:07,  7.12it/s]
2026-07-24 18:55:53,770 - sflow.task.server_5 - INFO - 0: [07/24/2026-18:55:53] [TRT-LLM] [RANK 0] [I] Start to load safetensor file /home/mlperf_inference_storage/models/deepseek-r1/fp4-quantized-modelopt/deepseek_r1-torch-fp4/model-00122-of-000163.safetensors
2026-07-24 18:55:53,770 - sflow.task.server_5 - INFO - 6:
2026-07-24 18:55:53,770 - sflow.task.server_5 - INFO - Loading weights:   3%|▎         | 49/1458 [00:03<00:54, 25.82it/s]
2026-07-24 18:55:53,770 - sflow.task.server_5 - INFO - 7:
2026-07-24 18:55:53,770 - sflow.task.server_5 - INFO - Loading weights:   3%|▎         | 49/1458 [00:03<00:54, 25.78it/s]
2026-07-24 18:55:53,770 - sflow.task.server_5 - INFO - 4:
2026-07-24 18:55:53,770 - sflow.task.server_5 - INFO - Loading weights:   3%|▎         | 49/1458 [00:03<00:54, 25.80it/s]
2026-07-24 18:55:53,770 - sflow.task.server_5 - INFO - 5:
2026-07-24 18:55:53,770 - sflow.task.server_5 - INFO - Loading weights:   3%|▎         | 49/1458 [00:03<00:54, 25.80it/s]
2026-07-24 18:55:53,770 - sflow.task.server_5 - INFO - 0: [07/24/2026-18:55:53] [TRT-LLM] [RANK 0] [I] Start to load safetensor file /home/mlperf_inference_storage/models/deepseek-r1/fp4-quantized-modelopt/deepseek_r1-torch-fp4/model-00142-of-000163.safetensors
2026-07-24 18:55:53,821 - sflow.task.server_5 - INFO - 0: [07/24/2026-18:55:53] [TRT-LLM] [RANK 0] [I] Start to load safetensor file /home/mlperf_inference_storage/models/deepseek-r1/fp4-quantized-modelopt/deepseek_r1-torch-fp4/model-00049-of-000163.safetensors
2026-07-24 18:55:53,821 - sflow.task.server_5 - INFO - 0:
2026-07-24 18:55:53,821 - sflow.task.server_5 - INFO - Loading safetensors weights in parallel:  71%|███████   | 115/163 [00:19<00:05,  8.49it/s]
2026-07-24 18:55:53,821 - sflow.task.server_5 - INFO - 0: [07/24/2026-18:55:53] [TRT-LLM] [RANK 0] [I] Start to load safetensor file /home/mlperf_inference_storage/models/deepseek-r1/fp4-quantized-modelopt/deepseek_r1-torch-fp4/model-00062-of-000163.safetensors
2026-07-24 18:55:53,872 - sflow.task.server_5 - INFO - 2:
2026-07-24 18:55:53,872 - sflow.task.server_5 - INFO - Loading safetensors weights in parallel:  71%|███████   | 116/163 [00:19<00:04, 11.62it/s]
2026-07-24 18:55:53,922 - sflow.task.server_5 - INFO - 3:
2026-07-24 18:55:53,922 - sflow.task.server_5 - INFO - Loading safetensors weights in parallel:  71%|███████   | 115/163 [00:19<00:06,  7.70it/s]
2026-07-24 18:55:53,973 - sflow.task.server_5 - INFO - 0: [07/24/2026-18:55:53] [TRT-LLM] [RANK 0] [I] Start to load safetensor file /home/mlperf_inference_storage/models/deepseek-r1/fp4-quantized-modelopt/deepseek_r1-torch-fp4/model-00107-of-000163.safetensors
2026-07-24 18:55:53,973 - sflow.task.server_5 - INFO - 0: [07/24/2026-18:55:53] [TRT-LLM] [RANK 0] [I] Start to load safetensor file /home/mlperf_inference_storage/models/deepseek-r1/fp4-quantized-modelopt/deepseek_r1-torch-fp4/model-00134-of-000163.safetensors
2026-07-24 18:55:53,973 - sflow.task.server_5 - INFO - 0:
2026-07-24 18:55:53,973 - sflow.task.server_5 - INFO - Loading safetensors weights in parallel:  72%|███████▏  | 118/163 [00:19<00:04,  9.59it/s]
2026-07-24 18:55:54,024 - sflow.task.server_5 - INFO - 1:
2026-07-24 18:55:54,024 - sflow.task.server_5 - INFO - Loading safetensors weights in parallel:  71%|███████   | 116/163 [00:19<00:05,  9.40it/s]
2026-07-24 18:55:54,024 - sflow.task.server_5 - INFO - 2:
2026-07-24 18:55:54,024 - sflow.task.server_5 - INFO - Loading safetensors weights in parallel:  73%|███████▎  | 119/163 [00:19<00:03, 13.84it/s]
2026-07-24 18:55:54,024 - sflow.task.server_5 - INFO - 0: [07/24/2026-18:55:53] [TRT-LLM] [RANK 0] [I] Start to load safetensor file /home/mlperf_inference_storage/models/deepseek-r1/fp4-quantized-modelopt/deepseek_r1-torch-fp4/model-00105-of-000163.safetensors
2026-07-24 18:55:54,024 - sflow.task.server_5 - INFO - 0: [07/24/2026-18:55:54] [TRT-LLM] [RANK 0] [I] Start to load safetensor file /home/mlperf_inference_storage/models/deepseek-r1/fp4-quantized-modelopt/deepseek_r1-torch-fp4/model-00162-of-000163.safetensors
2026-07-24 18:55:54,075 - sflow.task.server_5 - INFO - 0: [07/24/2026-18:55:54] [TRT-LLM] [RANK 0] [I] Start to load safetensor file /home/mlperf_inference_storage/models/deepseek-r1/fp4-quantized-modelopt/deepseek_r1-torch-fp4/model-00149-of-000163.safetensors
2026-07-24 18:55:54,126 - sflow.task.server_5 - INFO - 6:
2026-07-24 18:55:54,126 - sflow.task.server_5 - INFO - Loading weights:   4%|▎         | 54/1458 [00:04<01:04, 21.68it/s]
2026-07-24 18:55:54,126 - sflow.task.server_5 - INFO - 7:
2026-07-24 18:55:54,126 - sflow.task.server_5 - INFO - Loading weights:   4%|▎         | 54/1458 [00:04<01:04, 21.66it/s]
2026-07-24 18:55:54,126 - sflow.task.server_5 - INFO - 4:
2026-07-24 18:55:54,126 - sflow.task.server_5 - INFO - Loading weights:   4%|▎         | 54/1458 [00:04<01:04, 21.66it/s]
2026-07-24 18:55:54,126 - sflow.task.server_5 - INFO - 5:
2026-07-24 18:55:54,126 - sflow.task.server_5 - INFO - Loading weights:   4%|▎         | 54/1458 [00:04<01:04, 21.67it/s]
2026-07-24 18:55:54,126 - sflow.task.server_5 - INFO - 3:
2026-07-24 18:55:54,126 - sflow.task.server_5 - INFO - Loading safetensors weights in parallel:  74%|███████▎  | 120/163 [00:19<00:03, 10.98it/s]
2026-07-24 18:55:54,126 - sflow.task.server_5 - INFO - 1:
2026-07-24 18:55:54,126 - sflow.task.server_5 - INFO - Loading safetensors weights in parallel:  72%|███████▏  | 118/163 [00:19<00:04, 10.42it/s]
2026-07-24 18:55:54,177 - sflow.task.server_5 - INFO - 2:
2026-07-24 18:55:54,177 - sflow.task.server_5 - INFO - Loading safetensors weights in parallel:  75%|███████▍  | 122/163 [00:19<00:02, 14.66it/s]
2026-07-24 18:55:54,228 - sflow.task.server_5 - INFO - 0: [07/24/2026-18:55:54] [TRT-LLM] [RANK 0] [I] Start to load safetensor file /home/mlperf_inference_storage/models/deepseek-r1/fp4-quantized-modelopt/deepseek_r1-torch-fp4/model-00009-of-000163.safetensors
2026-07-24 18:55:54,228 - sflow.task.server_5 - INFO - 0:
2026-07-24 18:55:54,228 - sflow.task.server_5 - INFO - Loading safetensors weights in parallel:  75%|███████▍  | 122/163 [00:19<00:03, 11.36it/s]
2026-07-24 18:55:54,279 - sflow.task.server_5 - INFO - 1:
2026-07-24 18:55:54,279 - sflow.task.server_5 - INFO - Loading safetensors weights in parallel:  74%|███████▍  | 121/163 [00:19<00:03, 13.78it/s]
2026-07-24 18:55:54,381 - sflow.task.server_5 - INFO - 6:
2026-07-24 18:55:54,381 - sflow.task.server_5 - INFO - Loading weights:   4%|▍         | 58/1458 [00:04<01:09, 20.24it/s]
2026-07-24 18:55:54,381 - sflow.task.server_5 - INFO - 7:
2026-07-24 18:55:54,381 - sflow.task.server_5 - INFO - Loading weights:   4%|▍         | 58/1458 [00:04<01:09, 20.23it/s]
2026-07-24 18:55:54,381 - sflow.task.server_5 - INFO - 4:
2026-07-24 18:55:54,381 - sflow.task.server_5 - INFO - Loading weights:   4%|▍         | 58/1458 [00:04<01:09, 20.23it/s]
2026-07-24 18:55:54,381 - sflow.task.server_5 - INFO - 5:
2026-07-24 18:55:54,381 - sflow.task.server_5 - INFO - Loading weights:   4%|▍         | 58/1458 [00:04<01:09, 20.24it/s]
2026-07-24 18:55:54,638 - sflow.task.server_5 - INFO - 3:
2026-07-24 18:55:54,638 - sflow.task.server_5 - INFO - Loading safetensors weights in parallel:  75%|███████▍  | 122/163 [00:20<00:04,  8.29it/s]
2026-07-24 18:55:54,689 - sflow.task.server_5 - INFO - 2:
2026-07-24 18:55:54,689 - sflow.task.server_5 - INFO - Loading safetensors weights in parallel:  77%|███████▋  | 125/163 [00:20<00:03, 10.22it/s]
2026-07-24 18:55:54,740 - sflow.task.server_5 - INFO - 3:
2026-07-24 18:55:54,740 - sflow.task.server_5 - INFO - Loading safetensors weights in parallel:  77%|███████▋  | 126/163 [00:20<00:03, 11.54it/s]
2026-07-24 18:55:54,740 - sflow.task.server_5 - INFO - 7:
2026-07-24 18:55:54,740 - sflow.task.server_5 - INFO - Loading weights:   5%|▍         | 68/1458 [00:04<01:00, 22.91it/s]
2026-07-24 18:55:54,740 - sflow.task.server_5 - INFO - 6:
2026-07-24 18:55:54,740 - sflow.task.server_5 - INFO - Loading weights:   5%|▍         | 68/1458 [00:04<01:00, 22.91it/s]
2026-07-24 18:55:54,740 - sflow.task.server_5 - INFO - 4:
2026-07-24 18:55:54,740 - sflow.task.server_5 - INFO - Loading weights:   5%|▍         | 68/1458 [00:04<01:00, 22.91it/s]
2026-07-24 18:55:54,740 - sflow.task.server_5 - INFO - 5:
2026-07-24 18:55:54,740 - sflow.task.server_5 - INFO - Loading weights:   5%|▍         | 68/1458 [00:04<01:00, 22.91it/s]
2026-07-24 18:55:54,842 - sflow.task.server_5 - INFO - 3:
2026-07-24 18:55:54,842 - sflow.task.server_5 - INFO - Loading safetensors weights in parallel:  79%|███████▉  | 129/163 [00:20<00:02, 13.81it/s]
2026-07-24 18:55:54,842 - sflow.task.server_5 - INFO - 2:
2026-07-24 18:55:54,842 - sflow.task.server_5 - INFO - Loading safetensors weights in parallel:  79%|███████▉  | 129/163 [00:20<00:02, 12.96it/s]
2026-07-24 18:55:54,842 - sflow.task.server_5 - INFO - 6:
2026-07-24 18:55:54,842 - sflow.task.server_5 - INFO - Loading weights:   5%|▌         | 73/1458 [00:04<00:54, 25.24it/s]
2026-07-24 18:55:54,842 - sflow.task.server_5 - INFO - 7:
2026-07-24 18:55:54,842 - sflow.task.server_5 - INFO - Loading weights:   5%|▌         | 73/1458 [00:04<00:54, 25.23it/s]
2026-07-24 18:55:54,842 - sflow.task.server_5 - INFO - 4:
2026-07-24 18:55:54,842 - sflow.task.server_5 - INFO - Loading weights:   5%|▌         | 73/1458 [00:04<00:54, 25.23it/s]
2026-07-24 18:55:54,842 - sflow.task.server_5 - INFO - 5:
2026-07-24 18:55:54,842 - sflow.task.server_5 - INFO - Loading weights:   5%|▌         | 73/1458 [00:04<00:54, 25.24it/s]
2026-07-24 18:55:54,894 - sflow.task.server_5 - INFO - 1:
2026-07-24 18:55:54,894 - sflow.task.server_5 - INFO - Loading safetensors weights in parallel:  75%|███████▌  | 123/163 [00:20<00:05,  7.33it/s]
2026-07-24 18:55:55,048 - sflow.task.server_5 - INFO - 0: [07/24/2026-18:55:55] [TRT-LLM] [RANK 0] [I] Start to load safetensor file /home/mlperf_inference_storage/models/deepseek-r1/fp4-quantized-modelopt/deepseek_r1-torch-fp4/model-00161-of-000163.safetensors
2026-07-24 18:55:55,048 - sflow.task.server_5 - INFO - 0: [07/24/2026-18:55:55] [TRT-LLM] [RANK 0] [I] Start to load safetensor file /home/mlperf_inference_storage/models/deepseek-r1/fp4-quantized-modelopt/deepseek_r1-torch-fp4/model-00143-of-000163.safetensors
2026-07-24 18:55:55,048 - sflow.task.server_5 - INFO - 0:
2026-07-24 18:55:55,048 - sflow.task.server_5 - INFO - Loading safetensors weights in parallel:  77%|███████▋  | 125/163 [00:20<00:05,  7.21it/s]
2026-07-24 18:55:55,048 - sflow.task.server_5 - INFO - 0: [07/24/2026-18:55:55] [TRT-LLM] [RANK 0] [I] Start to load safetensor file /home/mlperf_inference_storage/models/deepseek-r1/fp4-quantized-modelopt/deepseek_r1-torch-fp4/model-00030-of-000163.safetensors
2026-07-24 18:55:55,150 - sflow.task.server_5 - INFO - 0: [07/24/2026-18:55:55] [TRT-LLM] [RANK 0] [I] Start to load safetensor file /home/mlperf_inference_storage/models/deepseek-r1/fp4-quantized-modelopt/deepseek_r1-torch-fp4/model-00075-of-000163.safetensors
2026-07-24 18:55:55,150 - sflow.task.server_5 - INFO - 0: [07/24/2026-18:55:55] [TRT-LLM] [RANK 0] [I] Start to load safetensor file /home/mlperf_inference_storage/models/deepseek-r1/fp4-quantized-modelopt/deepseek_r1-torch-fp4/model-00115-of-000163.safetensors
2026-07-24 18:55:55,150 - sflow.task.server_5 - INFO - 0:
2026-07-24 18:55:55,150 - sflow.task.server_5 - INFO - Loading safetensors weights in parallel:  78%|███████▊  | 127/163 [00:20<00:04,  8.21it/s]
2026-07-24 18:55:55,201 - sflow.task.server_5 - INFO - 0: [07/24/2026-18:55:55] [TRT-LLM] [RANK 0] [I] Start to load safetensor file /home/mlperf_inference_storage/models/deepseek-r1/fp4-quantized-modelopt/deepseek_r1-torch-fp4/model-00058-of-000163.safetensors
2026-07-24 18:55:55,252 - sflow.task.server_5 - INFO - 1:
2026-07-24 18:55:55,253 - sflow.task.server_5 - INFO - Loading safetensors weights in parallel:  77%|███████▋  | 125/163 [00:20<00:05,  6.71it/s]
2026-07-24 18:55:55,253 - sflow.task.server_5 - INFO - 0: [07/24/2026-18:55:55] [TRT-LLM] [RANK 0] [I] Start to load safetensor file /home/mlperf_inference_storage/models/deepseek-r1/fp4-quantized-modelopt/deepseek_r1-torch-fp4/model-00139-of-000163.safetensors
2026-07-24 18:55:55,406 - sflow.task.server_5 - INFO - 1:
2026-07-24 18:55:55,406 - sflow.task.server_5 - INFO - Loading safetensors weights in parallel:  78%|███████▊  | 127/163 [00:20<00:04,  7.57it/s]
2026-07-24 18:55:55,508 - sflow.task.server_5 - INFO - 0: [07/24/2026-18:55:55] [TRT-LLM] [RANK 0] [I] Start to load safetensor file /home/mlperf_inference_storage/models/deepseek-r1/fp4-quantized-modelopt/deepseek_r1-torch-fp4/model-00072-of-000163.safetensors
2026-07-24 18:55:55,508 - sflow.task.server_5 - INFO - 0:
2026-07-24 18:55:55,508 - sflow.task.server_5 - INFO - Loading safetensors weights in parallel:  80%|███████▉  | 130/163 [00:20<00:03,  8.50it/s]
2026-07-24 18:55:55,508 - sflow.task.server_5 - INFO - 2:
2026-07-24 18:55:55,508 - sflow.task.server_5 - INFO - Loading safetensors weights in parallel:  80%|████████  | 131/163 [00:20<00:04,  7.63it/s]
2026-07-24 18:55:55,610 - sflow.task.server_5 - INFO - 1:
2026-07-24 18:55:55,610 - sflow.task.server_5 - INFO - Loading safetensors weights in parallel:  79%|███████▉  | 129/163 [00:21<00:04,  8.32it/s]
2026-07-24 18:55:55,610 - sflow.task.server_5 - INFO - 3:
2026-07-24 18:55:55,610 - sflow.task.server_5 - INFO - Loading safetensors weights in parallel:  81%|████████  | 132/163 [00:21<00:03,  7.95it/s]
2026-07-24 18:55:55,610 - sflow.task.server_5 - INFO - 2:
2026-07-24 18:55:55,610 - sflow.task.server_5 - INFO - Loading safetensors weights in parallel:  82%|████████▏ | 133/163 [00:21<00:03,  8.83it/s]
2026-07-24 18:55:55,661 - sflow.task.server_5 - INFO - 4:
2026-07-24 18:55:55,661 - sflow.task.server_5 - INFO - Loading weights:   5%|▌         | 78/1458 [00:05<01:34, 14.53it/s]
2026-07-24 18:55:55,661 - sflow.task.server_5 - INFO - 7:
2026-07-24 18:55:55,661 - sflow.task.server_5 - INFO - Loading weights:   5%|▌         | 78/1458 [00:05<01:35, 14.52it/s]
2026-07-24 18:55:55,661 - sflow.task.server_5 - INFO - 0: [07/24/2026-18:55:55] [TRT-LLM] [RANK 0] [I] Start to load safetensor file /home/mlperf_inference_storage/models/deepseek-r1/fp4-quantized-modelopt/deepseek_r1-torch-fp4/model-00129-of-000163.safetensors
2026-07-24 18:55:55,661 - sflow.task.server_5 - INFO - 6:
2026-07-24 18:55:55,661 - sflow.task.server_5 - INFO - Loading weights:   5%|▌         | 78/1458 [00:05<01:35, 14.45it/s]
2026-07-24 18:55:55,661 - sflow.task.server_5 - INFO - 5:
2026-07-24 18:55:55,661 - sflow.task.server_5 - INFO - Loading weights:   5%|▌         | 78/1458 [00:05<01:37, 14.11it/s]
2026-07-24 18:55:55,763 - sflow.task.server_5 - INFO - 1:
2026-07-24 18:55:55,763 - sflow.task.server_5 - INFO - Loading safetensors weights in parallel:  80%|████████  | 131/163 [00:21<00:03,  9.45it/s]
2026-07-24 18:55:55,763 - sflow.task.server_5 - INFO - 4:
2026-07-24 18:55:55,763 - sflow.task.server_5 - INFO - Loading weights:   6%|▌         | 82/1458 [00:05<01:21, 16.85it/s]
2026-07-24 18:55:55,763 - sflow.task.server_5 - INFO - 7:
2026-07-24 18:55:55,763 - sflow.task.server_5 - INFO - Loading weights:   6%|▌         | 82/1458 [00:05<01:21, 16.85it/s]
2026-07-24 18:55:55,763 - sflow.task.server_5 - INFO - 6:
2026-07-24 18:55:55,763 - sflow.task.server_5 - INFO - Loading weights:   6%|▌         | 85/1458 [00:05<01:10, 19.40it/s]
2026-07-24 18:55:55,763 - sflow.task.server_5 - INFO - 5:
2026-07-24 18:55:55,763 - sflow.task.server_5 - INFO - Loading weights:   6%|▌         | 85/1458 [00:05<01:11, 19.27it/s]
2026-07-24 18:55:55,814 - sflow.task.server_5 - INFO - 3:
2026-07-24 18:55:55,814 - sflow.task.server_5 - INFO - Loading safetensors weights in parallel:  82%|████████▏ | 134/163 [00:21<00:03,  8.40it/s]
2026-07-24 18:55:55,866 - sflow.task.server_5 - INFO - 7:
2026-07-24 18:55:55,866 - sflow.task.server_5 - INFO - Loading weights:   6%|▋         | 92/1458 [00:05<00:51, 26.63it/s]
2026-07-24 18:55:55,866 - sflow.task.server_5 - INFO - 4:
2026-07-24 18:55:55,866 - sflow.task.server_5 - INFO - Loading weights:   6%|▋         | 92/1458 [00:05<00:51, 26.56it/s]
2026-07-24 18:55:55,866 - sflow.task.server_5 - INFO - 0:
2026-07-24 18:55:55,866 - sflow.task.server_5 - INFO - Loading safetensors weights in parallel:  81%|████████  | 132/163 [00:21<00:04,  7.58it/s]
2026-07-24 18:55:55,866 - sflow.task.server_5 - INFO - 6:
2026-07-24 18:55:55,866 - sflow.task.server_5 - INFO - Loading weights:   6%|▋         | 94/1458 [00:05<00:49, 27.28it/s]
2026-07-24 18:55:55,866 - sflow.task.server_5 - INFO - 5:
2026-07-24 18:55:55,866 - sflow.task.server_5 - INFO - Loading weights:   6%|▋         | 94/1458 [00:05<00:49, 27.32it/s]
2026-07-24 18:55:55,917 - sflow.task.server_5 - INFO - 2:
2026-07-24 18:55:55,917 - sflow.task.server_5 - INFO - Loading safetensors weights in parallel:  83%|████████▎ | 135/163 [00:21<00:03,  8.47it/s]
2026-07-24 18:55:55,969 - sflow.task.server_5 - INFO - 3:
2026-07-24 18:55:55,969 - sflow.task.server_5 - INFO - Loading safetensors weights in parallel:  83%|████████▎ | 136/163 [00:21<00:02,  9.26it/s]
2026-07-24 18:55:55,969 - sflow.task.server_5 - INFO - 1:
2026-07-24 18:55:55,969 - sflow.task.server_5 - INFO - Loading safetensors weights in parallel:  82%|████████▏ | 133/163 [00:21<00:03,  9.02it/s]
2026-07-24 18:55:55,969 - sflow.task.server_5 - INFO - 7:
2026-07-24 18:55:55,969 - sflow.task.server_5 - INFO - Loading weights:   7%|▋         | 97/1458 [00:06<00:47, 28.39it/s]
2026-07-24 18:55:55,969 - sflow.task.server_5 - INFO - 4:
2026-07-24 18:55:55,969 - sflow.task.server_5 - INFO - Loading weights:   7%|▋         | 97/1458 [00:06<00:47, 28.41it/s]
2026-07-24 18:55:56,020 - sflow.task.server_5 - INFO - 6:
2026-07-24 18:55:56,020 - sflow.task.server_5 - INFO - Loading weights:   7%|▋         | 99/1458 [00:06<00:46, 29.00it/s]
2026-07-24 18:55:56,020 - sflow.task.server_5 - INFO - 5:
2026-07-24 18:55:56,020 - sflow.task.server_5 - INFO - Loading weights:   7%|▋         | 100/1458 [00:06<00:44, 30.57it/s]
2026-07-24 18:55:56,072 - sflow.task.server_5 - INFO - 0:
2026-07-24 18:55:56,072 - sflow.task.server_5 - INFO - Loading safetensors weights in parallel:  82%|████████▏ | 134/163 [00:21<00:03,  7.93it/s]
2026-07-24 18:55:56,072 - sflow.task.server_5 - INFO - 2:
2026-07-24 18:55:56,072 - sflow.task.server_5 - INFO - Loading safetensors weights in parallel:  84%|████████▍ | 137/163 [00:21<00:02,  8.96it/s]
2026-07-24 18:55:56,123 - sflow.task.server_5 - INFO - 1:
2026-07-24 18:55:56,123 - sflow.task.server_5 - INFO - Loading safetensors weights in parallel:  83%|████████▎ | 135/163 [00:21<00:02, 10.40it/s]
2026-07-24 18:55:56,225 - sflow.task.server_5 - INFO - 0:
2026-07-24 18:55:56,225 - sflow.task.server_5 - INFO - Loading safetensors weights in parallel:  83%|████████▎ | 136/163 [00:21<00:03,  8.85it/s]
2026-07-24 18:55:56,276 - sflow.task.server_5 - INFO - 4:
2026-07-24 18:55:56,276 - sflow.task.server_5 - INFO - Loading weights:   7%|▋         | 102/1458 [00:06<00:55, 24.25it/s]
2026-07-24 18:55:56,429 - sflow.task.server_5 - INFO - 4:
2026-07-24 18:55:56,429 - sflow.task.server_5 - INFO - Loading weights:   7%|▋         | 106/1458 [00:06<00:53, 25.17it/s]
2026-07-24 18:55:56,429 - sflow.task.server_5 - INFO - 0:
2026-07-24 18:55:56,429 - sflow.task.server_5 - INFO - Loading safetensors weights in parallel:  85%|████████▍ | 138/163 [00:21<00:02,  9.07it/s]
2026-07-24 18:55:56,532 - sflow.task.server_5 - INFO - 4:
2026-07-24 18:55:56,532 - sflow.task.server_5 - INFO - Loading weights:   8%|▊         | 115/1458 [00:06<00:37, 35.96it/s]
2026-07-24 18:55:56,532 - sflow.task.server_5 - INFO - 3:
2026-07-24 18:55:56,532 - sflow.task.server_5 - INFO - Loading safetensors weights in parallel:  85%|████████▍ | 138/163 [00:22<00:03,  6.36it/s]
2026-07-24 18:55:56,683 - sflow.task.server_5 - INFO - 7:
2026-07-24 18:55:56,683 - sflow.task.server_5 - INFO - Loading weights:   7%|▋         | 102/1458 [00:06<01:24, 16.07it/s]
2026-07-24 18:55:56,734 - sflow.task.server_5 - INFO - 1:
2026-07-24 18:55:56,734 - sflow.task.server_5 - INFO - Loading safetensors weights in parallel:  84%|████████▍ | 137/163 [00:22<00:04,  6.28it/s]
2026-07-24 18:55:56,734 - sflow.task.server_5 - INFO - 4:
2026-07-24 18:55:56,734 - sflow.task.server_5 - INFO - Loading weights:   8%|▊         | 121/1458 [00:06<00:39, 33.79it/s]
2026-07-24 18:55:56,785 - sflow.task.server_5 - INFO - 6:
2026-07-24 18:55:56,785 - sflow.task.server_5 - INFO - Loading weights:   7%|▋         | 104/1458 [00:06<01:26, 15.58it/s]
2026-07-24 18:55:56,785 - sflow.task.server_5 - INFO - 7:
2026-07-24 18:55:56,785 - sflow.task.server_5 - INFO - Loading weights:   7%|▋         | 109/1458 [00:06<01:02, 21.52it/s]
2026-07-24 18:55:56,888 - sflow.task.server_5 - INFO - 5:
2026-07-24 18:55:56,888 - sflow.task.server_5 - INFO - Loading weights:   7%|▋         | 105/1458 [00:06<01:28, 15.26it/s]
2026-07-24 18:55:56,888 - sflow.task.server_5 - INFO - 6:
2026-07-24 18:55:56,888 - sflow.task.server_5 - INFO - Loading weights:   8%|▊         | 116/1458 [00:06<00:52, 25.71it/s]
2026-07-24 18:55:56,939 - sflow.task.server_5 - INFO - 7:
2026-07-24 18:55:56,939 - sflow.task.server_5 - INFO - Loading weights:   8%|▊         | 118/1458 [00:06<00:45, 29.71it/s]
2026-07-24 18:55:56,990 - sflow.task.server_5 - INFO - 5:
2026-07-24 18:55:56,990 - sflow.task.server_5 - INFO - Loading weights:   8%|▊         | 116/1458 [00:06<00:55, 24.09it/s]
2026-07-24 18:55:56,990 - sflow.task.server_5 - INFO - 6:
2026-07-24 18:55:56,990 - sflow.task.server_5 - INFO - Loading weights:   8%|▊         | 123/1458 [00:07<00:43, 30.66it/s]
2026-07-24 18:55:56,990 - sflow.task.server_5 - INFO - 1:
2026-07-24 18:55:56,990 - sflow.task.server_5 - INFO - Loading safetensors weights in parallel:  85%|████████▌ | 139/163 [00:22<00:03,  6.49it/s]
2026-07-24 18:55:57,041 - sflow.task.server_5 - INFO - 2:
2026-07-24 18:55:57,041 - sflow.task.server_5 - INFO - Loading safetensors weights in parallel:  85%|████████▌ | 139/163 [00:22<00:04,  4.82it/s]
2026-07-24 18:55:57,092 - sflow.task.server_5 - INFO - 5:
2026-07-24 18:55:57,092 - sflow.task.server_5 - INFO - Loading weights:   8%|▊         | 123/1458 [00:07<00:45, 29.27it/s]
2026-07-24 18:55:57,195 - sflow.task.server_5 - INFO - 1:
2026-07-24 18:55:57,195 - sflow.task.server_5 - INFO - Loading safetensors weights in parallel:  86%|████████▌ | 140/163 [00:22<00:03,  6.39it/s]
2026-07-24 18:55:57,296 - sflow.task.server_5 - INFO - 1:
2026-07-24 18:55:57,296 - sflow.task.server_5 - INFO - Loading safetensors weights in parallel:  87%|████████▋ | 142/163 [00:22<00:02,  8.09it/s]
2026-07-24 18:55:57,398 - sflow.task.server_5 - INFO - 4:
2026-07-24 18:55:57,398 - sflow.task.server_5 - INFO - Loading weights:   9%|▊         | 126/1458 [00:07<01:13, 18.14it/s]
2026-07-24 18:55:57,398 - sflow.task.server_5 - INFO - 0:
2026-07-24 18:55:57,398 - sflow.task.server_5 - INFO - Loading safetensors weights in parallel:  86%|████████▌ | 140/163 [00:22<00:04,  4.65it/s]
2026-07-24 18:55:57,398 - sflow.task.server_5 - INFO - 3:
2026-07-24 18:55:57,398 - sflow.task.server_5 - INFO - Loading safetensors weights in parallel:  86%|████████▌ | 140/163 [00:22<00:05,  4.35it/s]
2026-07-24 18:55:57,449 - sflow.task.server_5 - INFO - 1:
2026-07-24 18:55:57,449 - sflow.task.server_5 - INFO - Loading safetensors weights in parallel:  88%|████████▊ | 144/163 [00:22<00:02,  9.39it/s]
2026-07-24 18:55:57,500 - sflow.task.server_5 - INFO - 4:
2026-07-24 18:55:57,500 - sflow.task.server_5 - INFO - Loading weights:   9%|▉         | 130/1458 [00:07<01:04, 20.61it/s]
2026-07-24 18:55:57,551 - sflow.task.server_5 - INFO - 3:
2026-07-24 18:55:57,551 - sflow.task.server_5 - INFO - Loading safetensors weights in parallel:  88%|████████▊ | 144/163 [00:22<00:02,  7.00it/s]
2026-07-24 18:55:57,551 - sflow.task.server_5 - INFO - 1:
2026-07-24 18:55:57,551 - sflow.task.server_5 - INFO - Loading safetensors weights in parallel:  91%|█████████ | 148/163 [00:23<00:01, 14.48it/s]
2026-07-24 18:55:57,551 - sflow.task.server_5 - INFO - 2:
2026-07-24 18:55:57,551 - sflow.task.server_5 - INFO - Loading safetensors weights in parallel:  86%|████████▌ | 140/163 [00:23<00:06,  3.83it/s]
2026-07-24 18:55:57,551 - sflow.task.server_5 - INFO - 0:
2026-07-24 18:55:57,551 - sflow.task.server_5 - INFO - Loading safetensors weights in parallel:  88%|████████▊ | 144/163 [00:23<00:02,  7.25it/s]
2026-07-24 18:55:57,601 - sflow.task.server_5 - INFO - 4:
2026-07-24 18:55:57,601 - sflow.task.server_5 - INFO - Loading weights:  10%|▉         | 140/1458 [00:07<00:42, 30.66it/s]
2026-07-24 18:55:57,652 - sflow.task.server_5 - INFO - 7:
2026-07-24 18:55:57,652 - sflow.task.server_5 - INFO - Loading weights:   9%|▊         | 126/1458 [00:07<01:10, 18.80it/s]
2026-07-24 18:55:57,702 - sflow.task.server_5 - INFO - 2:
2026-07-24 18:55:57,702 - sflow.task.server_5 - INFO - Loading safetensors weights in parallel:  88%|████████▊ | 143/163 [00:23<00:03,  5.86it/s]
2026-07-24 18:55:57,702 - sflow.task.server_5 - INFO - 3:
2026-07-24 18:55:57,702 - sflow.task.server_5 - INFO - Loading safetensors weights in parallel:  91%|█████████ | 148/163 [00:23<00:01,  9.57it/s]
2026-07-24 18:55:57,702 - sflow.task.server_5 - INFO - 0:
2026-07-24 18:55:57,702 - sflow.task.server_5 - INFO - Loading safetensors weights in parallel:  93%|█████████▎| 152/163 [00:23<00:00, 14.21it/s]
2026-07-24 18:55:57,702 - sflow.task.server_5 - INFO - 6:
2026-07-24 18:55:57,702 - sflow.task.server_5 - INFO - Loading weights:   9%|▉         | 129/1458 [00:07<01:11, 18.56it/s]
2026-07-24 18:55:57,702 - sflow.task.server_5 - INFO - 1:
2026-07-24 18:55:57,702 - sflow.task.server_5 - INFO - Loading safetensors weights in parallel:  92%|█████████▏| 150/163 [00:23<00:00, 13.44it/s]
2026-07-24 18:55:57,753 - sflow.task.server_5 - INFO - 4:
2026-07-24 18:55:57,753 - sflow.task.server_5 - INFO - Loading weights:  10%|▉         | 145/1458 [00:07<00:40, 32.61it/s]
2026-07-24 18:55:57,753 - sflow.task.server_5 - INFO - 7:
2026-07-24 18:55:57,753 - sflow.task.server_5 - INFO - Loading weights:   9%|▉         | 133/1458 [00:07<00:56, 23.60it/s]
2026-07-24 18:55:57,804 - sflow.task.server_5 - INFO - 2:
2026-07-24 18:55:57,804 - sflow.task.server_5 - INFO - Loading safetensors weights in parallel:  91%|█████████▏| 149/163 [00:23<00:01, 11.36it/s]
2026-07-24 18:55:57,804 - sflow.task.server_5 - INFO - 0:
2026-07-24 18:55:57,804 - sflow.task.server_5 - INFO - Loading safetensors weights in parallel:  97%|█████████▋| 158/163 [00:23<00:00, 19.82it/s]
2026-07-24 18:55:57,804 - sflow.task.server_5 - INFO - 3:
2026-07-24 18:55:57,804 - sflow.task.server_5 - INFO - Loading safetensors weights in parallel:  96%|█████████▌| 156/163 [00:23<00:00, 17.35it/s]
2026-07-24 18:55:57,804 - sflow.task.server_5 - INFO - 5:
2026-07-24 18:55:57,804 - sflow.task.server_5 - INFO - Loading weights:   9%|▉         | 129/1458 [00:07<01:15, 17.57it/s]
2026-07-24 18:55:57,804 - sflow.task.server_5 - INFO - 6:
2026-07-24 18:55:57,804 - sflow.task.server_5 - INFO - Loading weights:  10%|▉         | 140/1458 [00:07<00:48, 27.33it/s]
2026-07-24 18:55:57,855 - sflow.task.server_5 - INFO - 1:
2026-07-24 18:55:57,855 - sflow.task.server_5 - INFO - Loading safetensors weights in parallel:  96%|█████████▌| 156/163 [00:23<00:00, 21.85it/s]
2026-07-24 18:55:57,855 - sflow.task.server_5 - INFO - 3:
2026-07-24 18:55:57,855 - sflow.task.server_5 - INFO - Loading safetensors weights in parallel: 100%|██████████| 163/163 [00:23<00:00,  6.99it/s]
2026-07-24 18:55:57,855 - sflow.task.server_5 - INFO - 0:
2026-07-24 18:55:57,855 - sflow.task.server_5 - INFO - Loading safetensors weights in parallel: 100%|██████████| 163/163 [00:23<00:00,  6.99it/s]
2026-07-24 18:55:57,855 - sflow.task.server_5 - INFO - 3:
2026-07-24 18:55:57,855 - sflow.task.server_5 - INFO - Loading weights:   0%|          | 0/1458 [00:00<?, ?it/s]
2026-07-24 18:55:57,855 - sflow.task.server_5 - INFO - 0:
2026-07-24 18:55:57,855 - sflow.task.server_5 - INFO - Loading weights:   0%|          | 0/1458 [00:00<?, ?it/s]
2026-07-24 18:55:57,855 - sflow.task.server_5 - INFO - 7:
2026-07-24 18:55:57,855 - sflow.task.server_5 - INFO - Loading weights:  10%|▉         | 142/1458 [00:07<00:41, 31.66it/s]
2026-07-24 18:55:57,906 - sflow.task.server_5 - INFO - 2:
2026-07-24 18:55:57,906 - sflow.task.server_5 - INFO - Loading safetensors weights in parallel:  99%|█████████▉| 162/163 [00:23<00:00, 26.41it/s]
2026-07-24 18:55:57,906 - sflow.task.server_5 - INFO - 2:
2026-07-24 18:55:57,906 - sflow.task.server_5 - INFO - Loading safetensors weights in parallel: 100%|██████████| 163/163 [00:23<00:00,  6.98it/s]
2026-07-24 18:55:57,906 - sflow.task.server_5 - INFO - 1:
2026-07-24 18:55:57,906 - sflow.task.server_5 - INFO - Loading safetensors weights in parallel: 100%|██████████| 163/163 [00:23<00:00,  6.98it/s]
2026-07-24 18:55:57,906 - sflow.task.server_5 - INFO - 2:
2026-07-24 18:55:57,906 - sflow.task.server_5 - INFO - Loading weights:   0%|          | 0/1458 [00:00<?, ?it/s]
2026-07-24 18:55:57,906 - sflow.task.server_5 - INFO - 1:
2026-07-24 18:55:57,906 - sflow.task.server_5 - INFO - Loading weights:   0%|          | 0/1458 [00:00<?, ?it/s]
2026-07-24 18:55:57,906 - sflow.task.server_5 - INFO - 5:
2026-07-24 18:55:57,906 - sflow.task.server_5 - INFO - Loading weights:  10%|▉         | 139/1458 [00:07<00:52, 25.27it/s]
2026-07-24 18:55:57,956 - sflow.task.server_5 - INFO - 6:
2026-07-24 18:55:57,956 - sflow.task.server_5 - INFO - Loading weights:  10%|█         | 147/1458 [00:07<00:40, 32.02it/s]
2026-07-24 18:55:58,058 - sflow.task.server_5 - INFO - 5:
2026-07-24 18:55:58,058 - sflow.task.server_5 - INFO - Loading weights:  10%|▉         | 145/1458 [00:08<00:45, 29.10it/s]
2026-07-24 18:55:58,160 - sflow.task.server_5 - INFO - 7:
2026-07-24 18:55:58,160 - sflow.task.server_5 - INFO - Loading weights:  10%|█         | 150/1458 [00:08<00:43, 29.73it/s]
2026-07-24 18:55:58,312 - sflow.task.server_5 - INFO - 7:
2026-07-24 18:55:58,312 - sflow.task.server_5 - INFO - Loading weights:  11%|█         | 155/1458 [00:08<00:41, 31.24it/s]
2026-07-24 18:55:58,363 - sflow.task.server_5 - INFO - 4:
2026-07-24 18:55:58,363 - sflow.task.server_5 - INFO - Loading weights:  10%|█         | 150/1458 [00:08<01:11, 18.36it/s]
2026-07-24 18:55:58,465 - sflow.task.server_5 - INFO - 7:
2026-07-24 18:55:58,465 - sflow.task.server_5 - INFO - Loading weights:  11%|█         | 164/1458 [00:08<00:33, 38.45it/s]
2026-07-24 18:55:58,465 - sflow.task.server_5 - INFO - 4:
2026-07-24 18:55:58,465 - sflow.task.server_5 - INFO - Loading weights:  11%|█         | 157/1458 [00:08<00:53, 24.18it/s]
2026-07-24 18:55:58,566 - sflow.task.server_5 - INFO - 4:
2026-07-24 18:55:58,566 - sflow.task.server_5 - INFO - Loading weights:  11%|█▏        | 166/1458 [00:08<00:39, 32.85it/s]
2026-07-24 18:55:58,566 - sflow.task.server_5 - INFO - 7:
2026-07-24 18:55:58,566 - sflow.task.server_5 - INFO - Loading weights:  12%|█▏        | 170/1458 [00:08<00:32, 40.15it/s]
2026-07-24 18:55:58,770 - sflow.task.server_5 - INFO - 6:
2026-07-24 18:55:58,770 - sflow.task.server_5 - INFO - Loading weights:  10%|█         | 153/1458 [00:08<01:14, 17.60it/s]
2026-07-24 18:55:58,770 - sflow.task.server_5 - INFO - 5:
2026-07-24 18:55:58,770 - sflow.task.server_5 - INFO - Loading weights:  10%|█         | 151/1458 [00:08<01:13, 17.70it/s]
2026-07-24 18:55:58,872 - sflow.task.server_5 - INFO - 5:
2026-07-24 18:55:58,872 - sflow.task.server_5 - INFO - Loading weights:  11%|█         | 157/1458 [00:08<00:59, 21.77it/s]
2026-07-24 18:55:58,872 - sflow.task.server_5 - INFO - 4:
2026-07-24 18:55:58,872 - sflow.task.server_5 - INFO - Loading weights:  12%|█▏        | 174/1458 [00:08<00:41, 31.03it/s]
2026-07-24 18:55:58,872 - sflow.task.server_5 - INFO - 6:
2026-07-24 18:55:58,872 - sflow.task.server_5 - INFO - Loading weights:  11%|█         | 164/1458 [00:08<00:50, 25.83it/s]
2026-07-24 18:55:58,974 - sflow.task.server_5 - INFO - 5:
2026-07-24 18:55:58,974 - sflow.task.server_5 - INFO - Loading weights:  11%|█▏        | 167/1458 [00:08<00:41, 31.34it/s]
2026-07-24 18:55:58,974 - sflow.task.server_5 - INFO - 4:
2026-07-24 18:55:58,974 - sflow.task.server_5 - INFO - Loading weights:  12%|█▏        | 179/1458 [00:08<00:37, 33.75it/s]
2026-07-24 18:55:59,076 - sflow.task.server_5 - INFO - 4:
2026-07-24 18:55:59,076 - sflow.task.server_5 - INFO - Loading weights:  13%|█▎        | 187/1458 [00:09<00:30, 41.59it/s]
2026-07-24 18:55:59,279 - sflow.task.server_5 - INFO - 5:
2026-07-24 18:55:59,279 - sflow.task.server_5 - INFO - Loading weights:  12%|█▏        | 174/1458 [00:09<00:44, 28.60it/s]
2026-07-24 18:55:59,279 - sflow.task.server_5 - INFO - 4:
2026-07-24 18:55:59,279 - sflow.task.server_5 - INFO - Loading weights:  13%|█▎        | 193/1458 [00:09<00:33, 38.32it/s]
2026-07-24 18:55:59,329 - sflow.task.server_5 - INFO - 7:
2026-07-24 18:55:59,329 - sflow.task.server_5 - INFO - Loading weights:  12%|█▏        | 176/1458 [00:09<01:05, 19.60it/s]
2026-07-24 18:55:59,381 - sflow.task.server_5 - INFO - 5:
2026-07-24 18:55:59,381 - sflow.task.server_5 - INFO - Loading weights:  12%|█▏        | 181/1458 [00:09<00:37, 34.16it/s]
2026-07-24 18:55:59,432 - sflow.task.server_5 - INFO - 7:
2026-07-24 18:55:59,432 - sflow.task.server_5 - INFO - Loading weights:  13%|█▎        | 187/1458 [00:09<00:43, 29.27it/s]
2026-07-24 18:55:59,484 - sflow.task.server_5 - INFO - 5:
2026-07-24 18:55:59,484 - sflow.task.server_5 - INFO - Loading weights:  13%|█▎        | 190/1458 [00:09<00:29, 42.46it/s]
2026-07-24 18:55:59,535 - sflow.task.server_5 - INFO - 7:
2026-07-24 18:55:59,535 - sflow.task.server_5 - INFO - Loading weights:  13%|█▎        | 193/1458 [00:09<00:38, 32.58it/s]
2026-07-24 18:55:59,586 - sflow.task.server_5 - INFO - 6:
2026-07-24 18:55:59,586 - sflow.task.server_5 - INFO - Loading weights:  12%|█▏        | 174/1458 [00:09<01:05, 19.69it/s]
2026-07-24 18:55:59,739 - sflow.task.server_5 - INFO - 6:
2026-07-24 18:55:59,739 - sflow.task.server_5 - INFO - Loading weights:  12%|█▏        | 181/1458 [00:09<00:55, 23.21it/s]
2026-07-24 18:55:59,841 - sflow.task.server_5 - INFO - 1:
2026-07-24 18:55:59,841 - sflow.task.server_5 - INFO - Loading weights:   0%|          | 3/1458 [00:01<15:37,  1.55it/s]
2026-07-24 18:55:59,842 - sflow.task.server_5 - INFO - 0:
2026-07-24 18:55:59,842 - sflow.task.server_5 - INFO - Loading weights:   0%|          | 3/1458 [00:01<15:50,  1.53it/s]
2026-07-24 18:55:59,842 - sflow.task.server_5 - INFO - 3:
2026-07-24 18:55:59,842 - sflow.task.server_5 - INFO - Loading weights:   0%|          | 3/1458 [00:01<15:50,  1.53it/s]
2026-07-24 18:55:59,842 - sflow.task.server_5 - INFO - 2:
2026-07-24 18:55:59,842 - sflow.task.server_5 - INFO - Loading weights:   0%|          | 3/1458 [00:01<15:38,  1.55it/s]
2026-07-24 18:55:59,842 - sflow.task.server_5 - INFO - 6:
2026-07-24 18:55:59,842 - sflow.task.server_5 - INFO - Loading weights:  13%|█▎        | 190/1458 [00:09<00:42, 30.08it/s]
2026-07-24 18:55:59,892 - sflow.task.server_5 - INFO - 4:
2026-07-24 18:55:59,892 - sflow.task.server_5 - INFO - Loading weights:  14%|█▎        | 198/1458 [00:09<01:03, 19.69it/s]
2026-07-24 18:55:59,943 - sflow.task.server_5 - INFO - 2:
2026-07-24 18:55:59,943 - sflow.task.server_5 - INFO - Loading weights:   1%|          | 11/1458 [00:02<03:33,  6.77it/s]
2026-07-24 18:55:59,943 - sflow.task.server_5 - INFO - 3:
2026-07-24 18:55:59,943 - sflow.task.server_5 - INFO - Loading weights:   1%|          | 11/1458 [00:02<03:36,  6.69it/s]
2026-07-24 18:55:59,943 - sflow.task.server_5 - INFO - 0:
2026-07-24 18:55:59,943 - sflow.task.server_5 - INFO - Loading weights:   1%|          | 11/1458 [00:02<03:36,  6.69it/s]
2026-07-24 18:55:59,943 - sflow.task.server_5 - INFO - 1:
2026-07-24 18:55:59,943 - sflow.task.server_5 - INFO - Loading weights:   1%|          | 11/1458 [00:02<03:33,  6.77it/s]
2026-07-24 18:55:59,993 - sflow.task.server_5 - INFO - 4:
2026-07-24 18:55:59,994 - sflow.task.server_5 - INFO - Loading weights:  14%|█▍        | 202/1458 [00:10<00:57, 21.95it/s]
2026-07-24 18:56:00,096 - sflow.task.server_5 - INFO - 3:
2026-07-24 18:56:00,096 - sflow.task.server_5 - INFO - Loading weights:   1%|          | 16/1458 [00:02<02:24, 10.01it/s]
2026-07-24 18:56:00,096 - sflow.task.server_5 - INFO - 2:
2026-07-24 18:56:00,096 - sflow.task.server_5 - INFO - Loading weights:   1%|          | 16/1458 [00:02<02:22, 10.12it/s]
2026-07-24 18:56:00,096 - sflow.task.server_5 - INFO - 1:
2026-07-24 18:56:00,096 - sflow.task.server_5 - INFO - Loading weights:   1%|          | 16/1458 [00:02<02:22, 10.10it/s]
2026-07-24 18:56:00,096 - sflow.task.server_5 - INFO - 0:
2026-07-24 18:56:00,096 - sflow.task.server_5 - INFO - Loading weights:   1%|          | 16/1458 [00:02<02:24,  9.99it/s]
2026-07-24 18:56:00,148 - sflow.task.server_5 - INFO - 4:
2026-07-24 18:56:00,148 - sflow.task.server_5 - INFO - Loading weights:  15%|█▍        | 212/1458 [00:10<00:38, 32.03it/s]
2026-07-24 18:56:00,148 - sflow.task.server_5 - INFO - 5:
2026-07-24 18:56:00,148 - sflow.task.server_5 - INFO - Loading weights:  14%|█▎        | 198/1458 [00:10<00:53, 23.61it/s]
2026-07-24 18:56:00,250 - sflow.task.server_5 - INFO - 7:
2026-07-24 18:56:00,250 - sflow.task.server_5 - INFO - Loading weights:  14%|█▎        | 199/1458 [00:10<01:05, 19.24it/s]
2026-07-24 18:56:00,250 - sflow.task.server_5 - INFO - 4:
2026-07-24 18:56:00,250 - sflow.task.server_5 - INFO - Loading weights:  15%|█▍        | 217/1458 [00:10<00:36, 34.32it/s]
2026-07-24 18:56:00,301 - sflow.task.server_5 - INFO - 5:
2026-07-24 18:56:00,301 - sflow.task.server_5 - INFO - Loading weights:  14%|█▍        | 205/1458 [00:10<00:44, 28.34it/s]
2026-07-24 18:56:00,353 - sflow.task.server_5 - INFO - 7:
2026-07-24 18:56:00,353 - sflow.task.server_5 - INFO - Loading weights:  14%|█▍        | 205/1458 [00:10<00:54, 23.12it/s]
2026-07-24 18:56:00,353 - sflow.task.server_5 - INFO - 3:
2026-07-24 18:56:00,353 - sflow.task.server_5 - INFO - Loading weights:   1%|▏         | 20/1458 [00:02<02:08, 11.23it/s]
2026-07-24 18:56:00,353 - sflow.task.server_5 - INFO - 2:
2026-07-24 18:56:00,353 - sflow.task.server_5 - INFO - Loading weights:   1%|▏         | 20/1458 [00:02<02:06, 11.33it/s]
2026-07-24 18:56:00,353 - sflow.task.server_5 - INFO - 1:
2026-07-24 18:56:00,353 - sflow.task.server_5 - INFO - Loading weights:   1%|▏         | 20/1458 [00:02<02:06, 11.33it/s]
2026-07-24 18:56:00,353 - sflow.task.server_5 - INFO - 0:
2026-07-24 18:56:00,353 - sflow.task.server_5 - INFO - Loading weights:   1%|▏         | 20/1458 [00:02<02:08, 11.23it/s]
2026-07-24 18:56:00,404 - sflow.task.server_5 - INFO - 5:
2026-07-24 18:56:00,404 - sflow.task.server_5 - INFO - Loading weights:  15%|█▍        | 215/1458 [00:10<00:32, 38.07it/s]
2026-07-24 18:56:00,456 - sflow.task.server_5 - INFO - 7:
2026-07-24 18:56:00,456 - sflow.task.server_5 - INFO - Loading weights:  15%|█▍        | 214/1458 [00:10<00:40, 30.78it/s]
2026-07-24 18:56:00,456 - sflow.task.server_5 - INFO - 0:
2026-07-24 18:56:00,456 - sflow.task.server_5 - INFO - Loading weights:   2%|▏         | 29/1458 [00:02<01:10, 20.23it/s]
2026-07-24 18:56:00,558 - sflow.task.server_5 - INFO - 2:
2026-07-24 18:56:00,558 - sflow.task.server_5 - INFO - Loading weights:   2%|▏         | 30/1458 [00:02<01:12, 19.82it/s]
2026-07-24 18:56:00,558 - sflow.task.server_5 - INFO - 3:
2026-07-24 18:56:00,558 - sflow.task.server_5 - INFO - Loading weights:   2%|▏         | 30/1458 [00:02<01:12, 19.68it/s]
2026-07-24 18:56:00,558 - sflow.task.server_5 - INFO - 1:
2026-07-24 18:56:00,558 - sflow.task.server_5 - INFO - Loading weights:   2%|▏         | 30/1458 [00:02<01:12, 19.83it/s]
2026-07-24 18:56:00,558 - sflow.task.server_5 - INFO - 6:
2026-07-24 18:56:00,558 - sflow.task.server_5 - INFO - Loading weights:  14%|█▎        | 198/1458 [00:10<01:01, 20.47it/s]
2026-07-24 18:56:00,609 - sflow.task.server_5 - INFO - 0:
2026-07-24 18:56:00,609 - sflow.task.server_5 - INFO - Loading weights:   2%|▏         | 34/1458 [00:02<00:59, 23.82it/s]
2026-07-24 18:56:00,662 - sflow.task.server_5 - INFO - 6:
2026-07-24 18:56:00,662 - sflow.task.server_5 - INFO - Loading weights:  14%|█▍        | 203/1458 [00:10<00:53, 23.25it/s]
2026-07-24 18:56:00,662 - sflow.task.server_5 - INFO - 2:
2026-07-24 18:56:00,662 - sflow.task.server_5 - INFO - Loading weights:   2%|▏         | 35/1458 [00:02<01:01, 23.15it/s]
2026-07-24 18:56:00,662 - sflow.task.server_5 - INFO - 3:
2026-07-24 18:56:00,662 - sflow.task.server_5 - INFO - Loading weights:   2%|▏         | 35/1458 [00:02<01:01, 23.01it/s]
2026-07-24 18:56:00,662 - sflow.task.server_5 - INFO - 1:
2026-07-24 18:56:00,662 - sflow.task.server_5 - INFO - Loading weights:   2%|▏         | 35/1458 [00:02<01:01, 23.15it/s]
2026-07-24 18:56:00,764 - sflow.task.server_5 - INFO - 6:
2026-07-24 18:56:00,764 - sflow.task.server_5 - INFO - Loading weights:  15%|█▍        | 212/1458 [00:10<00:40, 30.58it/s]
2026-07-24 18:56:00,916 - sflow.task.server_5 - INFO - 6:
2026-07-24 18:56:00,916 - sflow.task.server_5 - INFO - Loading weights:  15%|█▌        | 219/1458 [00:10<00:34, 35.46it/s]
2026-07-24 18:56:00,916 - sflow.task.server_5 - INFO - 4:
2026-07-24 18:56:00,916 - sflow.task.server_5 - INFO - Loading weights:  15%|█▌        | 222/1458 [00:10<01:08, 18.13it/s]
2026-07-24 18:56:00,967 - sflow.task.server_5 - INFO - 2:
2026-07-24 18:56:00,967 - sflow.task.server_5 - INFO - Loading weights:   3%|▎         | 39/1458 [00:03<01:10, 20.04it/s]
2026-07-24 18:56:00,967 - sflow.task.server_5 - INFO - 3:
2026-07-24 18:56:00,968 - sflow.task.server_5 - INFO - Loading weights:   3%|▎         | 39/1458 [00:03<01:11, 19.96it/s]
2026-07-24 18:56:00,968 - sflow.task.server_5 - INFO - 1:
2026-07-24 18:56:00,968 - sflow.task.server_5 - INFO - Loading weights:   3%|▎         | 39/1458 [00:03<01:10, 20.04it/s]
2026-07-24 18:56:00,968 - sflow.task.server_5 - INFO - 0:
2026-07-24 18:56:00,968 - sflow.task.server_5 - INFO - Loading weights:   3%|▎         | 39/1458 [00:03<01:12, 19.66it/s]
2026-07-24 18:56:01,018 - sflow.task.server_5 - INFO - 4:
2026-07-24 18:56:01,018 - sflow.task.server_5 - INFO - Loading weights:  16%|█▌        | 226/1458 [00:11<01:00, 20.43it/s]
2026-07-24 18:56:01,120 - sflow.task.server_5 - INFO - 2:
2026-07-24 18:56:01,120 - sflow.task.server_5 - INFO - Loading weights:   3%|▎         | 49/1458 [00:03<00:48, 29.13it/s]
2026-07-24 18:56:01,120 - sflow.task.server_5 - INFO - 3:
2026-07-24 18:56:01,120 - sflow.task.server_5 - INFO - Loading weights:   3%|▎         | 49/1458 [00:03<00:48, 29.04it/s]
2026-07-24 18:56:01,120 - sflow.task.server_5 - INFO - 0:
2026-07-24 18:56:01,120 - sflow.task.server_5 - INFO - Loading weights:   3%|▎         | 49/1458 [00:03<00:49, 28.48it/s]
2026-07-24 18:56:01,120 - sflow.task.server_5 - INFO - 1:
2026-07-24 18:56:01,120 - sflow.task.server_5 - INFO - Loading weights:   3%|▎         | 49/1458 [00:03<00:48, 29.13it/s]
2026-07-24 18:56:01,120 - sflow.task.server_5 - INFO - 4:
2026-07-24 18:56:01,120 - sflow.task.server_5 - INFO - Loading weights:  16%|█▌        | 236/1458 [00:11<00:39, 30.73it/s]
2026-07-24 18:56:01,171 - sflow.task.server_5 - INFO - 5:
2026-07-24 18:56:01,171 - sflow.task.server_5 - INFO - Loading weights:  15%|█▌        | 222/1458 [00:11<01:00, 20.50it/s]
2026-07-24 18:56:01,273 - sflow.task.server_5 - INFO - 4:
2026-07-24 18:56:01,273 - sflow.task.server_5 - INFO - Loading weights:  17%|█▋        | 243/1458 [00:11<00:33, 36.46it/s]
2026-07-24 18:56:01,273 - sflow.task.server_5 - INFO - 5:
2026-07-24 18:56:01,273 - sflow.task.server_5 - INFO - Loading weights:  16%|█▌        | 229/1458 [00:11<00:48, 25.34it/s]
2026-07-24 18:56:01,273 - sflow.task.server_5 - INFO - 2:
2026-07-24 18:56:01,273 - sflow.task.server_5 - INFO - Loading weights:   4%|▎         | 54/1458 [00:03<00:46, 30.01it/s]
2026-07-24 18:56:01,273 - sflow.task.server_5 - INFO - 3:
2026-07-24 18:56:01,273 - sflow.task.server_5 - INFO - Loading weights:   4%|▎         | 54/1458 [00:03<00:46, 29.93it/s]
2026-07-24 18:56:01,273 - sflow.task.server_5 - INFO - 1:
2026-07-24 18:56:01,273 - sflow.task.server_5 - INFO - Loading weights:   4%|▎         | 54/1458 [00:03<00:46, 30.01it/s]
2026-07-24 18:56:01,273 - sflow.task.server_5 - INFO - 0:
2026-07-24 18:56:01,273 - sflow.task.server_5 - INFO - Loading weights:   4%|▎         | 54/1458 [00:03<00:47, 29.47it/s]
2026-07-24 18:56:01,273 - sflow.task.server_5 - INFO - 7:
2026-07-24 18:56:01,273 - sflow.task.server_5 - INFO - Loading weights:  15%|█▌        | 222/1458 [00:11<01:07, 18.26it/s]
2026-07-24 18:56:01,375 - sflow.task.server_5 - INFO - 5:
2026-07-24 18:56:01,375 - sflow.task.server_5 - INFO - Loading weights:  16%|█▋        | 238/1458 [00:11<00:37, 32.65it/s]
2026-07-24 18:56:01,426 - sflow.task.server_5 - INFO - 7:
2026-07-24 18:56:01,426 - sflow.task.server_5 - INFO - Loading weights:  16%|█▌        | 229/1458 [00:11<00:54, 22.74it/s]
2026-07-24 18:56:01,527 - sflow.task.server_5 - INFO - 7:
2026-07-24 18:56:01,527 - sflow.task.server_5 - INFO - Loading weights:  16%|█▋        | 239/1458 [00:11<00:38, 31.68it/s]
2026-07-24 18:56:01,527 - sflow.task.server_5 - INFO - 2:
2026-07-24 18:56:01,527 - sflow.task.server_5 - INFO - Loading weights:   4%|▍         | 58/1458 [00:03<00:56, 24.82it/s]
2026-07-24 18:56:01,527 - sflow.task.server_5 - INFO - 3:
2026-07-24 18:56:01,527 - sflow.task.server_5 - INFO - Loading weights:   4%|▍         | 58/1458 [00:03<00:56, 24.78it/s]
2026-07-24 18:56:01,527 - sflow.task.server_5 - INFO - 1:
2026-07-24 18:56:01,527 - sflow.task.server_5 - INFO - Loading weights:   4%|▍         | 58/1458 [00:03<00:56, 24.82it/s]
2026-07-24 18:56:01,527 - sflow.task.server_5 - INFO - 0:
2026-07-24 18:56:01,527 - sflow.task.server_5 - INFO - Loading weights:   4%|▍         | 59/1458 [00:03<00:53, 25.92it/s]
2026-07-24 18:56:01,628 - sflow.task.server_5 - INFO - 3:
2026-07-24 18:56:01,628 - sflow.task.server_5 - INFO - Loading weights:   5%|▍         | 67/1458 [00:03<00:39, 35.20it/s]
2026-07-24 18:56:01,628 - sflow.task.server_5 - INFO - 1:
2026-07-24 18:56:01,628 - sflow.task.server_5 - INFO - Loading weights:   5%|▍         | 67/1458 [00:03<00:39, 35.20it/s]
2026-07-24 18:56:01,628 - sflow.task.server_5 - INFO - 2:
2026-07-24 18:56:01,628 - sflow.task.server_5 - INFO - Loading weights:   5%|▍         | 67/1458 [00:03<00:39, 35.18it/s]
2026-07-24 18:56:01,628 - sflow.task.server_5 - INFO - 0:
2026-07-24 18:56:01,628 - sflow.task.server_5 - INFO - Loading weights:   5%|▍         | 67/1458 [00:03<00:40, 34.29it/s]
2026-07-24 18:56:01,628 - sflow.task.server_5 - INFO - 6:
2026-07-24 18:56:01,628 - sflow.task.server_5 - INFO - Loading weights:  15%|█▌        | 225/1458 [00:11<01:04, 19.06it/s]
2026-07-24 18:56:01,730 - sflow.task.server_5 - INFO - 6:
2026-07-24 18:56:01,730 - sflow.task.server_5 - INFO - Loading weights:  16%|█▌        | 236/1458 [00:11<00:43, 28.11it/s]
2026-07-24 18:56:01,782 - sflow.task.server_5 - INFO - 2:
2026-07-24 18:56:01,782 - sflow.task.server_5 - INFO - Loading weights:   5%|▍         | 72/1458 [00:03<00:38, 35.71it/s]
2026-07-24 18:56:01,782 - sflow.task.server_5 - INFO - 3:
2026-07-24 18:56:01,782 - sflow.task.server_5 - INFO - Loading weights:   5%|▍         | 72/1458 [00:03<00:38, 35.64it/s]
2026-07-24 18:56:01,782 - sflow.task.server_5 - INFO - 0:
2026-07-24 18:56:01,782 - sflow.task.server_5 - INFO - Loading weights:   5%|▍         | 72/1458 [00:03<00:39, 34.99it/s]
2026-07-24 18:56:01,782 - sflow.task.server_5 - INFO - 1:
2026-07-24 18:56:01,782 - sflow.task.server_5 - INFO - Loading weights:   5%|▍         | 72/1458 [00:03<00:39, 35.44it/s]
2026-07-24 18:56:01,782 - sflow.task.server_5 - INFO - 7:
2026-07-24 18:56:01,782 - sflow.task.server_5 - INFO - Loading weights:  17%|█▋        | 246/1458 [00:11<00:40, 29.67it/s]
2026-07-24 18:56:01,883 - sflow.task.server_5 - INFO - 6:
2026-07-24 18:56:01,883 - sflow.task.server_5 - INFO - Loading weights:  17%|█▋        | 243/1458 [00:11<00:36, 33.06it/s]
2026-07-24 18:56:01,883 - sflow.task.server_5 - INFO - 7:
2026-07-24 18:56:01,883 - sflow.task.server_5 - INFO - Loading weights:  17%|█▋        | 253/1458 [00:11<00:34, 34.89it/s]
2026-07-24 18:56:01,934 - sflow.task.server_5 - INFO - 2:
2026-07-24 18:56:01,934 - sflow.task.server_5 - INFO - Loading weights:   5%|▌         | 77/1458 [00:04<00:39, 34.91it/s]
2026-07-24 18:56:01,934 - sflow.task.server_5 - INFO - 3:
2026-07-24 18:56:01,934 - sflow.task.server_5 - INFO - Loading weights:   5%|▌         | 77/1458 [00:04<00:39, 34.88it/s]
2026-07-24 18:56:01,934 - sflow.task.server_5 - INFO - 0:
2026-07-24 18:56:01,934 - sflow.task.server_5 - INFO - Loading weights:   5%|▌         | 77/1458 [00:04<00:40, 34.48it/s]
2026-07-24 18:56:01,934 - sflow.task.server_5 - INFO - 1:
2026-07-24 18:56:01,934 - sflow.task.server_5 - INFO - Loading weights:   5%|▌         | 77/1458 [00:04<00:40, 33.96it/s]
2026-07-24 18:56:01,985 - sflow.task.server_5 - INFO - 7:
2026-07-24 18:56:01,985 - sflow.task.server_5 - INFO - Loading weights:  18%|█▊        | 263/1458 [00:12<00:26, 45.41it/s]
2026-07-24 18:56:02,035 - sflow.task.server_5 - INFO - 4:
2026-07-24 18:56:02,035 - sflow.task.server_5 - INFO - Loading weights:  17%|█▋        | 249/1458 [00:12<01:08, 17.69it/s]
2026-07-24 18:56:02,187 - sflow.task.server_5 - INFO - 4:
2026-07-24 18:56:02,187 - sflow.task.server_5 - INFO - Loading weights:  18%|█▊        | 260/1458 [00:12<00:44, 26.81it/s]
2026-07-24 18:56:02,187 - sflow.task.server_5 - INFO - 6:
2026-07-24 18:56:02,187 - sflow.task.server_5 - INFO - Loading weights:  17%|█▋        | 250/1458 [00:12<00:41, 29.23it/s]
2026-07-24 18:56:02,187 - sflow.task.server_5 - INFO - 5:
2026-07-24 18:56:02,187 - sflow.task.server_5 - INFO - Loading weights:  17%|█▋        | 246/1458 [00:12<01:02, 19.29it/s]
2026-07-24 18:56:02,289 - sflow.task.server_5 - INFO - 4:
2026-07-24 18:56:02,289 - sflow.task.server_5 - INFO - Loading weights:  18%|█▊        | 267/1458 [00:12<00:36, 32.20it/s]
2026-07-24 18:56:02,289 - sflow.task.server_5 - INFO - 6:
2026-07-24 18:56:02,289 - sflow.task.server_5 - INFO - Loading weights:  18%|█▊        | 262/1458 [00:12<00:29, 40.93it/s]
2026-07-24 18:56:02,289 - sflow.task.server_5 - INFO - 5:
2026-07-24 18:56:02,289 - sflow.task.server_5 - INFO - Loading weights:  17%|█▋        | 253/1458 [00:12<00:50, 23.92it/s]
2026-07-24 18:56:02,391 - sflow.task.server_5 - INFO - 5:
2026-07-24 18:56:02,391 - sflow.task.server_5 - INFO - Loading weights:  18%|█▊        | 263/1458 [00:12<00:36, 32.73it/s]
2026-07-24 18:56:02,852 - sflow.task.server_5 - INFO - 7:
2026-07-24 18:56:02,852 - sflow.task.server_5 - INFO - Loading weights:  19%|█▊        | 270/1458 [00:12<00:58, 20.28it/s]
2026-07-24 18:56:02,954 - sflow.task.server_5 - INFO - 2:
2026-07-24 18:56:02,954 - sflow.task.server_5 - INFO - Loading weights:   6%|▌         | 82/1458 [00:05<01:46, 12.93it/s]
2026-07-24 18:56:02,954 - sflow.task.server_5 - INFO - 3:
2026-07-24 18:56:02,954 - sflow.task.server_5 - INFO - Loading weights:   6%|▌         | 82/1458 [00:05<01:46, 12.93it/s]
2026-07-24 18:56:02,954 - sflow.task.server_5 - INFO - 0:
2026-07-24 18:56:02,954 - sflow.task.server_5 - INFO - Loading weights:   6%|▌         | 82/1458 [00:05<01:47, 12.75it/s]
2026-07-24 18:56:02,954 - sflow.task.server_5 - INFO - 1:
2026-07-24 18:56:02,954 - sflow.task.server_5 - INFO - Loading weights:   6%|▌         | 82/1458 [00:05<01:47, 12.85it/s]
2026-07-24 18:56:03,005 - sflow.task.server_5 - INFO - 7:
2026-07-24 18:56:03,005 - sflow.task.server_5 - INFO - Loading weights:  19%|█▉        | 277/1458 [00:13<00:47, 24.82it/s]
2026-07-24 18:56:03,109 - sflow.task.server_5 - INFO - 2:
2026-07-24 18:56:03,109 - sflow.task.server_5 - INFO - Loading weights:   6%|▋         | 92/1458 [00:05<01:07, 20.35it/s]
2026-07-24 18:56:03,109 - sflow.task.server_5 - INFO - 3:
2026-07-24 18:56:03,109 - sflow.task.server_5 - INFO - Loading weights:   6%|▋         | 92/1458 [00:05<01:07, 20.35it/s]
2026-07-24 18:56:03,109 - sflow.task.server_5 - INFO - 0:
2026-07-24 18:56:03,109 - sflow.task.server_5 - INFO - Loading weights:   6%|▋         | 92/1458 [00:05<01:07, 20.34it/s]
2026-07-24 18:56:03,109 - sflow.task.server_5 - INFO - 1:
2026-07-24 18:56:03,109 - sflow.task.server_5 - INFO - Loading weights:   6%|▋         | 92/1458 [00:05<01:06, 20.51it/s]
2026-07-24 18:56:03,109 - sflow.task.server_5 - INFO - 6:
2026-07-24 18:56:03,109 - sflow.task.server_5 - INFO - Loading weights:  19%|█▊        | 270/1458 [00:13<00:54, 21.75it/s]
2026-07-24 18:56:03,109 - sflow.task.server_5 - INFO - 7:
2026-07-24 18:56:03,109 - sflow.task.server_5 - INFO - Loading weights:  19%|█▉        | 284/1458 [00:13<00:40, 28.79it/s]
2026-07-24 18:56:03,160 - sflow.task.server_5 - INFO - 4:
2026-07-24 18:56:03,160 - sflow.task.server_5 - INFO - Loading weights:  19%|█▉        | 274/1458 [00:13<01:08, 17.24it/s]
2026-07-24 18:56:03,211 - sflow.task.server_5 - INFO - 2:
2026-07-24 18:56:03,211 - sflow.task.server_5 - INFO - Loading weights:   7%|▋         | 97/1458 [00:05<00:58, 23.16it/s]
2026-07-24 18:56:03,211 - sflow.task.server_5 - INFO - 3:
2026-07-24 18:56:03,212 - sflow.task.server_5 - INFO - Loading weights:   7%|▋         | 97/1458 [00:05<00:58, 23.16it/s]
2026-07-24 18:56:03,212 - sflow.task.server_5 - INFO - 1:
2026-07-24 18:56:03,212 - sflow.task.server_5 - INFO - Loading weights:   7%|▋         | 97/1458 [00:05<00:58, 23.31it/s]
2026-07-24 18:56:03,212 - sflow.task.server_5 - INFO - 0:
2026-07-24 18:56:03,212 - sflow.task.server_5 - INFO - Loading weights:   7%|▋         | 97/1458 [00:05<00:58, 23.15it/s]
2026-07-24 18:56:03,212 - sflow.task.server_5 - INFO - 6:
2026-07-24 18:56:03,212 - sflow.task.server_5 - INFO - Loading weights:  19%|█▉        | 277/1458 [00:13<00:45, 26.22it/s]
2026-07-24 18:56:03,212 - sflow.task.server_5 - INFO - 5:
2026-07-24 18:56:03,212 - sflow.task.server_5 - INFO - Loading weights:  19%|█▊        | 270/1458 [00:13<01:03, 18.68it/s]
2026-07-24 18:56:03,262 - sflow.task.server_5 - INFO - 4:
2026-07-24 18:56:03,262 - sflow.task.server_5 - INFO - Loading weights:  19%|█▉        | 284/1458 [00:13<00:47, 24.68it/s]
2026-07-24 18:56:03,262 - sflow.task.server_5 - INFO - 7:
2026-07-24 18:56:03,262 - sflow.task.server_5 - INFO - Loading weights:  20%|█▉        | 290/1458 [00:13<00:36, 31.79it/s]
2026-07-24 18:56:03,313 - sflow.task.server_5 - INFO - 6:
2026-07-24 18:56:03,313 - sflow.task.server_5 - INFO - Loading weights:  20%|█▉        | 287/1458 [00:13<00:33, 35.08it/s]
2026-07-24 18:56:03,313 - sflow.task.server_5 - INFO - 5:
2026-07-24 18:56:03,314 - sflow.task.server_5 - INFO - Loading weights:  19%|█▉        | 277/1458 [00:13<00:50, 23.25it/s]
2026-07-24 18:56:03,364 - sflow.task.server_5 - INFO - 4:
2026-07-24 18:56:03,364 - sflow.task.server_5 - INFO - Loading weights:  20%|█▉        | 291/1458 [00:13<00:39, 29.71it/s]
2026-07-24 18:56:03,415 - sflow.task.server_5 - INFO - 2:
2026-07-24 18:56:03,415 - sflow.task.server_5 - INFO - Loading weights:   7%|▋         | 102/1458 [00:05<00:58, 22.99it/s]
2026-07-24 18:56:03,415 - sflow.task.server_5 - INFO - 3:
2026-07-24 18:56:03,415 - sflow.task.server_5 - INFO - Loading weights:   7%|▋         | 102/1458 [00:05<00:59, 22.97it/s]
2026-07-24 18:56:03,415 - sflow.task.server_5 - INFO - 5:
2026-07-24 18:56:03,415 - sflow.task.server_5 - INFO - Loading weights:  20%|█▉        | 287/1458 [00:13<00:36, 31.86it/s]
2026-07-24 18:56:03,568 - sflow.task.server_5 - INFO - 2:
2026-07-24 18:56:03,568 - sflow.task.server_5 - INFO - Loading weights:   7%|▋         | 106/1458 [00:05<00:54, 24.74it/s]
2026-07-24 18:56:03,568 - sflow.task.server_5 - INFO - 3:
2026-07-24 18:56:03,568 - sflow.task.server_5 - INFO - Loading weights:   7%|▋         | 106/1458 [00:05<00:54, 24.75it/s]
2026-07-24 18:56:03,670 - sflow.task.server_5 - INFO - 2:
2026-07-24 18:56:03,671 - sflow.task.server_5 - INFO - Loading weights:   8%|▊         | 116/1458 [00:05<00:37, 35.32it/s]
2026-07-24 18:56:03,671 - sflow.task.server_5 - INFO - 3:
2026-07-24 18:56:03,671 - sflow.task.server_5 - INFO - Loading weights:   8%|▊         | 116/1458 [00:05<00:37, 35.33it/s]
2026-07-24 18:56:03,824 - sflow.task.server_5 - INFO - 2:
2026-07-24 18:56:03,824 - sflow.task.server_5 - INFO - Loading weights:   8%|▊         | 121/1458 [00:05<00:38, 34.63it/s]
2026-07-24 18:56:03,824 - sflow.task.server_5 - INFO - 3:
2026-07-24 18:56:03,824 - sflow.task.server_5 - INFO - Loading weights:   8%|▊         | 121/1458 [00:05<00:38, 34.64it/s]
2026-07-24 18:56:04,078 - sflow.task.server_5 - INFO - 1:
2026-07-24 18:56:04,078 - sflow.task.server_5 - INFO - Loading weights:   7%|▋         | 102/1458 [00:06<01:44, 12.97it/s]
2026-07-24 18:56:04,180 - sflow.task.server_5 - INFO - 0:
2026-07-24 18:56:04,180 - sflow.task.server_5 - INFO - Loading weights:   7%|▋         | 102/1458 [00:06<01:50, 12.24it/s]
2026-07-24 18:56:04,180 - sflow.task.server_5 - INFO - 1:
2026-07-24 18:56:04,180 - sflow.task.server_5 - INFO - Loading weights:   7%|▋         | 109/1458 [00:06<01:15, 17.82it/s]
2026-07-24 18:56:04,282 - sflow.task.server_5 - INFO - 7:
2026-07-24 18:56:04,282 - sflow.task.server_5 - INFO - Loading weights:  20%|██        | 295/1458 [00:14<01:23, 13.92it/s]
2026-07-24 18:56:04,282 - sflow.task.server_5 - INFO - 0:
2026-07-24 18:56:04,282 - sflow.task.server_5 - INFO - Loading weights:   7%|▋         | 109/1458 [00:06<01:20, 16.76it/s]
2026-07-24 18:56:04,282 - sflow.task.server_5 - INFO - 1:
2026-07-24 18:56:04,282 - sflow.task.server_5 - INFO - Loading weights:   8%|▊         | 119/1458 [00:06<00:50, 26.69it/s]
2026-07-24 18:56:04,333 - sflow.task.server_5 - INFO - 4:
2026-07-24 18:56:04,333 - sflow.task.server_5 - INFO - Loading weights:  20%|██        | 298/1458 [00:14<01:12, 16.09it/s]
2026-07-24 18:56:04,384 - sflow.task.server_5 - INFO - 7:
2026-07-24 18:56:04,384 - sflow.task.server_5 - INFO - Loading weights:  21%|██        | 301/1458 [00:14<01:05, 17.62it/s]
2026-07-24 18:56:04,384 - sflow.task.server_5 - INFO - 0:
2026-07-24 18:56:04,384 - sflow.task.server_5 - INFO - Loading weights:   8%|▊         | 116/1458 [00:06<01:00, 22.10it/s]
2026-07-24 18:56:04,436 - sflow.task.server_5 - INFO - 4:
2026-07-24 18:56:04,436 - sflow.task.server_5 - INFO - Loading weights:  21%|██        | 308/1458 [00:14<00:51, 22.48it/s]
2026-07-24 18:56:04,487 - sflow.task.server_5 - INFO - 6:
2026-07-24 18:56:04,488 - sflow.task.server_5 - INFO - Loading weights:  20%|██        | 294/1458 [00:14<01:14, 15.61it/s]
2026-07-24 18:56:04,488 - sflow.task.server_5 - INFO - 7:
2026-07-24 18:56:04,488 - sflow.task.server_5 - INFO - Loading weights:  21%|██▏       | 310/1458 [00:14<00:45, 25.22it/s]
2026-07-24 18:56:04,539 - sflow.task.server_5 - INFO - 5:
2026-07-24 18:56:04,539 - sflow.task.server_5 - INFO - Loading weights:  20%|██        | 294/1458 [00:14<01:14, 15.71it/s]
2026-07-24 18:56:04,539 - sflow.task.server_5 - INFO - 0:
2026-07-24 18:56:04,539 - sflow.task.server_5 - INFO - Loading weights:   8%|▊         | 123/1458 [00:06<00:48, 27.46it/s]
2026-07-24 18:56:04,591 - sflow.task.server_5 - INFO - 4:
2026-07-24 18:56:04,591 - sflow.task.server_5 - INFO - Loading weights:  22%|██▏       | 314/1458 [00:14<00:45, 25.17it/s]
2026-07-24 18:56:04,591 - sflow.task.server_5 - INFO - 6:
2026-07-24 18:56:04,591 - sflow.task.server_5 - INFO - Loading weights:  21%|██        | 301/1458 [00:14<00:59, 19.54it/s]
2026-07-24 18:56:04,642 - sflow.task.server_5 - INFO - 5:
2026-07-24 18:56:04,642 - sflow.task.server_5 - INFO - Loading weights:  21%|██        | 301/1458 [00:14<00:58, 19.93it/s]
2026-07-24 18:56:04,642 - sflow.task.server_5 - INFO - 7:
2026-07-24 18:56:04,642 - sflow.task.server_5 - INFO - Loading weights:  22%|██▏       | 316/1458 [00:14<00:39, 29.03it/s]
2026-07-24 18:56:04,693 - sflow.task.server_5 - INFO - 6:
2026-07-24 18:56:04,693 - sflow.task.server_5 - INFO - Loading weights:  21%|██▏       | 311/1458 [00:14<00:42, 27.27it/s]
2026-07-24 18:56:04,744 - sflow.task.server_5 - INFO - 5:
2026-07-24 18:56:04,744 - sflow.task.server_5 - INFO - Loading weights:  21%|██▏       | 313/1458 [00:14<00:40, 28.61it/s]
2026-07-24 18:56:04,895 - sflow.task.server_5 - INFO - 3:
2026-07-24 18:56:04,896 - sflow.task.server_5 - INFO - Loading weights:   9%|▊         | 126/1458 [00:07<01:40, 13.24it/s]
2026-07-24 18:56:04,947 - sflow.task.server_5 - INFO - 4:
2026-07-24 18:56:04,947 - sflow.task.server_5 - INFO - Loading weights:  22%|██▏       | 320/1458 [00:14<00:50, 22.45it/s]
2026-07-24 18:56:04,947 - sflow.task.server_5 - INFO - 2:
2026-07-24 18:56:04,947 - sflow.task.server_5 - INFO - Loading weights:   9%|▊         | 126/1458 [00:07<01:45, 12.65it/s]
2026-07-24 18:56:04,998 - sflow.task.server_5 - INFO - 3:
2026-07-24 18:56:04,998 - sflow.task.server_5 - INFO - Loading weights:   9%|▉         | 130/1458 [00:07<01:26, 15.32it/s]
2026-07-24 18:56:05,049 - sflow.task.server_5 - INFO - 2:
2026-07-24 18:56:05,049 - sflow.task.server_5 - INFO - Loading weights:   9%|▉         | 133/1458 [00:07<01:16, 17.38it/s]
2026-07-24 18:56:05,049 - sflow.task.server_5 - INFO - 4:
2026-07-24 18:56:05,049 - sflow.task.server_5 - INFO - Loading weights:  23%|██▎       | 331/1458 [00:15<00:35, 32.18it/s]
2026-07-24 18:56:05,151 - sflow.task.server_5 - INFO - 3:
2026-07-24 18:56:05,151 - sflow.task.server_5 - INFO - Loading weights:  10%|▉         | 140/1458 [00:07<00:55, 23.95it/s]
2026-07-24 18:56:05,151 - sflow.task.server_5 - INFO - 2:
2026-07-24 18:56:05,151 - sflow.task.server_5 - INFO - Loading weights:  10%|▉         | 143/1458 [00:07<00:50, 26.09it/s]
2026-07-24 18:56:05,304 - sflow.task.server_5 - INFO - 5:
2026-07-24 18:56:05,304 - sflow.task.server_5 - INFO - Loading weights:  22%|██▏       | 320/1458 [00:15<00:50, 22.36it/s]
2026-07-24 18:56:05,304 - sflow.task.server_5 - INFO - 3:
2026-07-24 18:56:05,304 - sflow.task.server_5 - INFO - Loading weights:  10%|▉         | 145/1458 [00:07<00:51, 25.36it/s]
2026-07-24 18:56:05,304 - sflow.task.server_5 - INFO - 4:
2026-07-24 18:56:05,304 - sflow.task.server_5 - INFO - Loading weights:  23%|██▎       | 337/1458 [00:15<00:37, 30.07it/s]
2026-07-24 18:56:05,355 - sflow.task.server_5 - INFO - 2:
2026-07-24 18:56:05,355 - sflow.task.server_5 - INFO - Loading weights:  10%|█         | 149/1458 [00:07<00:47, 27.83it/s]
2026-07-24 18:56:05,406 - sflow.task.server_5 - INFO - 5:
2026-07-24 18:56:05,406 - sflow.task.server_5 - INFO - Loading weights:  23%|██▎       | 332/1458 [00:15<00:35, 31.86it/s]
2026-07-24 18:56:05,507 - sflow.task.server_5 - INFO - 5:
2026-07-24 18:56:05,507 - sflow.task.server_5 - INFO - Loading weights:  23%|██▎       | 339/1458 [00:15<00:30, 36.49it/s]
2026-07-24 18:56:05,609 - sflow.task.server_5 - INFO - 1:
2026-07-24 18:56:05,609 - sflow.task.server_5 - INFO - Loading weights:   9%|▊         | 126/1458 [00:07<01:47, 12.37it/s]
2026-07-24 18:56:05,711 - sflow.task.server_5 - INFO - 0:
2026-07-24 18:56:05,711 - sflow.task.server_5 - INFO - Loading weights:   9%|▉         | 129/1458 [00:07<01:47, 12.39it/s]
2026-07-24 18:56:05,711 - sflow.task.server_5 - INFO - 1:
2026-07-24 18:56:05,711 - sflow.task.server_5 - INFO - Loading weights:   9%|▉         | 131/1458 [00:07<01:29, 14.90it/s]
2026-07-24 18:56:05,812 - sflow.task.server_5 - INFO - 0:
2026-07-24 18:56:05,812 - sflow.task.server_5 - INFO - Loading weights:  10%|▉         | 140/1458 [00:07<01:07, 19.54it/s]
2026-07-24 18:56:05,812 - sflow.task.server_5 - INFO - 1:
2026-07-24 18:56:05,812 - sflow.task.server_5 - INFO - Loading weights:  10%|▉         | 140/1458 [00:07<01:01, 21.36it/s]
2026-07-24 18:56:05,915 - sflow.task.server_5 - INFO - 7:
2026-07-24 18:56:05,915 - sflow.task.server_5 - INFO - Loading weights:  22%|██▏       | 322/1458 [00:15<01:35, 11.88it/s]
2026-07-24 18:56:05,915 - sflow.task.server_5 - INFO - 0:
2026-07-24 18:56:05,915 - sflow.task.server_5 - INFO - Loading weights:  10%|█         | 147/1458 [00:08<00:54, 24.01it/s]
2026-07-24 18:56:05,967 - sflow.task.server_5 - INFO - 1:
2026-07-24 18:56:05,967 - sflow.task.server_5 - INFO - Loading weights:  10%|█         | 147/1458 [00:08<00:50, 26.08it/s]
2026-07-24 18:56:06,018 - sflow.task.server_5 - INFO - 6:
2026-07-24 18:56:06,018 - sflow.task.server_5 - INFO - Loading weights:  22%|██▏       | 318/1458 [00:16<01:27, 13.05it/s]
2026-07-24 18:56:06,018 - sflow.task.server_5 - INFO - 7:
2026-07-24 18:56:06,018 - sflow.task.server_5 - INFO - Loading weights:  23%|██▎       | 334/1458 [00:16<00:58, 19.35it/s]
2026-07-24 18:56:06,122 - sflow.task.server_5 - INFO - 6:
2026-07-24 18:56:06,122 - sflow.task.server_5 - INFO - Loading weights:  22%|██▏       | 325/1458 [00:16<01:08, 16.63it/s]
2026-07-24 18:56:06,225 - sflow.task.server_5 - INFO - 6:
2026-07-24 18:56:06,225 - sflow.task.server_5 - INFO - Loading weights:  23%|██▎       | 334/1458 [00:16<00:49, 22.74it/s]
2026-07-24 18:56:06,327 - sflow.task.server_5 - INFO - 4:
2026-07-24 18:56:06,327 - sflow.task.server_5 - INFO - Loading weights:  23%|██▎       | 342/1458 [00:16<01:18, 14.26it/s]
2026-07-24 18:56:06,429 - sflow.task.server_5 - INFO - 4:
2026-07-24 18:56:06,429 - sflow.task.server_5 - INFO - Loading weights:  24%|██▎       | 346/1458 [00:16<01:09, 16.03it/s]
2026-07-24 18:56:06,429 - sflow.task.server_5 - INFO - 5:
2026-07-24 18:56:06,429 - sflow.task.server_5 - INFO - Loading weights:  24%|██▎       | 346/1458 [00:16<01:00, 18.26it/s]
2026-07-24 18:56:06,480 - sflow.task.server_5 - INFO - 3:
2026-07-24 18:56:06,480 - sflow.task.server_5 - INFO - Loading weights:  10%|█         | 150/1458 [00:08<01:56, 11.25it/s]
2026-07-24 18:56:06,480 - sflow.task.server_5 - INFO - 2:
2026-07-24 18:56:06,480 - sflow.task.server_5 - INFO - Loading weights:  11%|█         | 155/1458 [00:08<01:41, 12.79it/s]
2026-07-24 18:56:06,582 - sflow.task.server_5 - INFO - 3:
2026-07-24 18:56:06,582 - sflow.task.server_5 - INFO - Loading weights:  11%|█         | 157/1458 [00:08<01:23, 15.60it/s]
2026-07-24 18:56:06,582 - sflow.task.server_5 - INFO - 4:
2026-07-24 18:56:06,582 - sflow.task.server_5 - INFO - Loading weights:  24%|██▍       | 356/1458 [00:16<00:46, 23.73it/s]
2026-07-24 18:56:06,582 - sflow.task.server_5 - INFO - 5:
2026-07-24 18:56:06,582 - sflow.task.server_5 - INFO - Loading weights:  24%|██▍       | 356/1458 [00:16<00:44, 24.55it/s]
2026-07-24 18:56:06,633 - sflow.task.server_5 - INFO - 2:
2026-07-24 18:56:06,633 - sflow.task.server_5 - INFO - Loading weights:  11%|█         | 164/1458 [00:08<01:10, 18.27it/s]
2026-07-24 18:56:06,684 - sflow.task.server_5 - INFO - 3:
2026-07-24 18:56:06,684 - sflow.task.server_5 - INFO - Loading weights:  11%|█▏        | 166/1458 [00:08<00:57, 22.50it/s]
2026-07-24 18:56:06,684 - sflow.task.server_5 - INFO - 4:
2026-07-24 18:56:06,684 - sflow.task.server_5 - INFO - Loading weights:  25%|██▍       | 361/1458 [00:16<00:41, 26.54it/s]
2026-07-24 18:56:06,684 - sflow.task.server_5 - INFO - 5:
2026-07-24 18:56:06,684 - sflow.task.server_5 - INFO - Loading weights:  25%|██▍       | 362/1458 [00:16<00:39, 27.95it/s]
2026-07-24 18:56:06,786 - sflow.task.server_5 - INFO - 2:
2026-07-24 18:56:06,786 - sflow.task.server_5 - INFO - Loading weights:  12%|█▏        | 169/1458 [00:08<01:03, 20.37it/s]
2026-07-24 18:56:06,837 - sflow.task.server_5 - INFO - 3:
2026-07-24 18:56:06,837 - sflow.task.server_5 - INFO - Loading weights:  12%|█▏        | 172/1458 [00:08<00:49, 25.88it/s]
2026-07-24 18:56:06,989 - sflow.task.server_5 - INFO - 0:
2026-07-24 18:56:06,989 - sflow.task.server_5 - INFO - Loading weights:  10%|█         | 153/1458 [00:09<01:38, 13.19it/s]
2026-07-24 18:56:07,091 - sflow.task.server_5 - INFO - 0:
2026-07-24 18:56:07,091 - sflow.task.server_5 - INFO - Loading weights:  11%|█         | 164/1458 [00:09<01:04, 20.13it/s]
2026-07-24 18:56:07,142 - sflow.task.server_5 - INFO - 3:
2026-07-24 18:56:07,142 - sflow.task.server_5 - INFO - Loading weights:  12%|█▏        | 177/1458 [00:09<00:56, 22.51it/s]
2026-07-24 18:56:07,193 - sflow.task.server_5 - INFO - 1:
2026-07-24 18:56:07,193 - sflow.task.server_5 - INFO - Loading weights:  10%|█         | 153/1458 [00:09<01:47, 12.16it/s]
2026-07-24 18:56:07,193 - sflow.task.server_5 - INFO - 0:
2026-07-24 18:56:07,193 - sflow.task.server_5 - INFO - Loading weights:  12%|█▏        | 171/1458 [00:09<00:52, 24.67it/s]
2026-07-24 18:56:07,244 - sflow.task.server_5 - INFO - 3:
2026-07-24 18:56:07,245 - sflow.task.server_5 - INFO - Loading weights:  13%|█▎        | 187/1458 [00:09<00:38, 32.88it/s]
2026-07-24 18:56:07,295 - sflow.task.server_5 - INFO - 1:
2026-07-24 18:56:07,295 - sflow.task.server_5 - INFO - Loading weights:  11%|█         | 163/1458 [00:09<01:10, 18.36it/s]
2026-07-24 18:56:07,397 - sflow.task.server_5 - INFO - 7:
2026-07-24 18:56:07,397 - sflow.task.server_5 - INFO - Loading weights:  23%|██▎       | 342/1458 [00:17<01:35, 11.69it/s]
2026-07-24 18:56:07,397 - sflow.task.server_5 - INFO - 1:
2026-07-24 18:56:07,397 - sflow.task.server_5 - INFO - Loading weights:  12%|█▏        | 169/1458 [00:09<00:59, 21.79it/s]
2026-07-24 18:56:07,448 - sflow.task.server_5 - INFO - 6:
2026-07-24 18:56:07,448 - sflow.task.server_5 - INFO - Loading weights:  23%|██▎       | 342/1458 [00:17<01:24, 13.27it/s]
2026-07-24 18:56:07,448 - sflow.task.server_5 - INFO - 3:
2026-07-24 18:56:07,448 - sflow.task.server_5 - INFO - Loading weights:  13%|█▎        | 193/1458 [00:09<00:40, 31.23it/s]
2026-07-24 18:56:07,499 - sflow.task.server_5 - INFO - 7:
2026-07-24 18:56:07,500 - sflow.task.server_5 - INFO - Loading weights:  24%|██▍       | 349/1458 [00:17<01:14, 14.98it/s]
2026-07-24 18:56:07,550 - sflow.task.server_5 - INFO - 6:
2026-07-24 18:56:07,550 - sflow.task.server_5 - INFO - Loading weights:  24%|██▍       | 349/1458 [00:17<01:05, 16.92it/s]
2026-07-24 18:56:07,601 - sflow.task.server_5 - INFO - 7:
2026-07-24 18:56:07,601 - sflow.task.server_5 - INFO - Loading weights:  25%|██▍       | 358/1458 [00:17<00:53, 20.46it/s]
2026-07-24 18:56:07,653 - sflow.task.server_5 - INFO - 6:
2026-07-24 18:56:07,653 - sflow.task.server_5 - INFO - Loading weights:  25%|██▍       | 358/1458 [00:17<00:47, 23.16it/s]
2026-07-24 18:56:07,908 - sflow.task.server_5 - INFO - 4:
2026-07-24 18:56:07,908 - sflow.task.server_5 - INFO - Loading weights:  25%|██▌       | 366/1458 [00:17<01:35, 11.45it/s]
2026-07-24 18:56:07,959 - sflow.task.server_5 - INFO - 2:
2026-07-24 18:56:07,959 - sflow.task.server_5 - INFO - Loading weights:  12%|█▏        | 174/1458 [00:10<02:01, 10.60it/s]
2026-07-24 18:56:07,959 - sflow.task.server_5 - INFO - 5:
2026-07-24 18:56:07,959 - sflow.task.server_5 - INFO - Loading weights:  25%|██▌       | 368/1458 [00:17<01:26, 12.64it/s]
2026-07-24 18:56:08,010 - sflow.task.server_5 - INFO - 4:
2026-07-24 18:56:08,010 - sflow.task.server_5 - INFO - Loading weights:  25%|██▌       | 370/1458 [00:18<01:21, 13.43it/s]
2026-07-24 18:56:08,062 - sflow.task.server_5 - INFO - 2:
2026-07-24 18:56:08,062 - sflow.task.server_5 - INFO - Loading weights:  12%|█▏        | 181/1458 [00:10<01:27, 14.56it/s]
2026-07-24 18:56:08,062 - sflow.task.server_5 - INFO - 5:
2026-07-24 18:56:08,062 - sflow.task.server_5 - INFO - Loading weights:  26%|██▌       | 379/1458 [00:18<00:56, 19.12it/s]
2026-07-24 18:56:08,163 - sflow.task.server_5 - INFO - 2:
2026-07-24 18:56:08,163 - sflow.task.server_5 - INFO - Loading weights:  13%|█▎        | 191/1458 [00:10<00:57, 22.09it/s]
2026-07-24 18:56:08,163 - sflow.task.server_5 - INFO - 4:
2026-07-24 18:56:08,163 - sflow.task.server_5 - INFO - Loading weights:  26%|██▌       | 380/1458 [00:18<00:53, 20.33it/s]
2026-07-24 18:56:08,368 - sflow.task.server_5 - INFO - 4:
2026-07-24 18:56:08,368 - sflow.task.server_5 - INFO - Loading weights:  26%|██▋       | 385/1458 [00:18<00:48, 21.91it/s]
2026-07-24 18:56:08,368 - sflow.task.server_5 - INFO - 5:
2026-07-24 18:56:08,368 - sflow.task.server_5 - INFO - Loading weights:  26%|██▋       | 385/1458 [00:18<00:53, 19.92it/s]
2026-07-24 18:56:08,572 - sflow.task.server_5 - INFO - 1:
2026-07-24 18:56:08,572 - sflow.task.server_5 - INFO - Loading weights:  12%|█▏        | 175/1458 [00:10<01:47, 11.95it/s]
2026-07-24 18:56:08,572 - sflow.task.server_5 - INFO - 0:
2026-07-24 18:56:08,572 - sflow.task.server_5 - INFO - Loading weights:  12%|█▏        | 177/1458 [00:10<01:50, 11.56it/s]
2026-07-24 18:56:08,572 - sflow.task.server_5 - INFO - 4:
2026-07-24 18:56:08,572 - sflow.task.server_5 - INFO - Loading weights:  27%|██▋       | 390/1458 [00:18<00:49, 21.44it/s]
2026-07-24 18:56:08,623 - sflow.task.server_5 - INFO - 5:
2026-07-24 18:56:08,623 - sflow.task.server_5 - INFO - Loading weights:  27%|██▋       | 390/1458 [00:18<00:54, 19.67it/s]
2026-07-24 18:56:08,674 - sflow.task.server_5 - INFO - 1:
2026-07-24 18:56:08,674 - sflow.task.server_5 - INFO - Loading weights:  12%|█▏        | 181/1458 [00:10<01:24, 15.19it/s]
2026-07-24 18:56:08,674 - sflow.task.server_5 - INFO - 0:
2026-07-24 18:56:08,674 - sflow.task.server_5 - INFO - Loading weights:  13%|█▎        | 187/1458 [00:10<01:14, 17.15it/s]
2026-07-24 18:56:08,725 - sflow.task.server_5 - INFO - 3:
2026-07-24 18:56:08,725 - sflow.task.server_5 - INFO - Loading weights:  14%|█▎        | 198/1458 [00:10<01:45, 11.96it/s]
2026-07-24 18:56:08,725 - sflow.task.server_5 - INFO - 4:
2026-07-24 18:56:08,725 - sflow.task.server_5 - INFO - Loading weights:  27%|██▋       | 394/1458 [00:18<00:45, 23.40it/s]
2026-07-24 18:56:08,725 - sflow.task.server_5 - INFO - 6:
2026-07-24 18:56:08,725 - sflow.task.server_5 - INFO - Loading weights:  25%|██▌       | 366/1458 [00:18<01:16, 14.26it/s]
2026-07-24 18:56:08,725 - sflow.task.server_5 - INFO - 5:
2026-07-24 18:56:08,725 - sflow.task.server_5 - INFO - Loading weights:  27%|██▋       | 397/1458 [00:18<00:43, 24.65it/s]
2026-07-24 18:56:08,776 - sflow.task.server_5 - INFO - 7:
2026-07-24 18:56:08,776 - sflow.task.server_5 - INFO - Loading weights:  25%|██▌       | 366/1458 [00:18<01:24, 12.89it/s]
2026-07-24 18:56:08,776 - sflow.task.server_5 - INFO - 1:
2026-07-24 18:56:08,776 - sflow.task.server_5 - INFO - Loading weights:  13%|█▎        | 190/1458 [00:10<00:58, 21.68it/s]
2026-07-24 18:56:08,776 - sflow.task.server_5 - INFO - 0:
2026-07-24 18:56:08,776 - sflow.task.server_5 - INFO - Loading weights:  13%|█▎        | 193/1458 [00:10<01:02, 20.37it/s]
2026-07-24 18:56:08,827 - sflow.task.server_5 - INFO - 6:
2026-07-24 18:56:08,827 - sflow.task.server_5 - INFO - Loading weights:  26%|██▌       | 373/1458 [00:18<00:59, 18.11it/s]
2026-07-24 18:56:08,827 - sflow.task.server_5 - INFO - 3:
2026-07-24 18:56:08,827 - sflow.task.server_5 - INFO - Loading weights:  14%|█▍        | 202/1458 [00:10<01:30, 13.82it/s]
2026-07-24 18:56:08,827 - sflow.task.server_5 - INFO - 4:
2026-07-24 18:56:08,827 - sflow.task.server_5 - INFO - Loading weights:  28%|██▊       | 404/1458 [00:18<00:30, 34.19it/s]
2026-07-24 18:56:08,827 - sflow.task.server_5 - INFO - 5:
2026-07-24 18:56:08,827 - sflow.task.server_5 - INFO - Loading weights:  28%|██▊       | 404/1458 [00:18<00:34, 30.42it/s]
2026-07-24 18:56:08,880 - sflow.task.server_5 - INFO - 7:
2026-07-24 18:56:08,880 - sflow.task.server_5 - INFO - Loading weights:  26%|██▌       | 373/1458 [00:18<01:06, 16.39it/s]
2026-07-24 18:56:08,931 - sflow.task.server_5 - INFO - 6:
2026-07-24 18:56:08,931 - sflow.task.server_5 - INFO - Loading weights:  26%|██▋       | 383/1458 [00:18<00:42, 25.50it/s]
2026-07-24 18:56:08,983 - sflow.task.server_5 - INFO - 3:
2026-07-24 18:56:08,983 - sflow.task.server_5 - INFO - Loading weights:  15%|█▍        | 212/1458 [00:11<00:58, 21.32it/s]
2026-07-24 18:56:08,983 - sflow.task.server_5 - INFO - 7:
2026-07-24 18:56:08,983 - sflow.task.server_5 - INFO - Loading weights:  26%|██▌       | 382/1458 [00:19<00:47, 22.45it/s]
2026-07-24 18:56:08,983 - sflow.task.server_5 - INFO - 4:
2026-07-24 18:56:08,983 - sflow.task.server_5 - INFO - Loading weights:  28%|██▊       | 409/1458 [00:19<00:30, 34.16it/s]
2026-07-24 18:56:08,983 - sflow.task.server_5 - INFO - 5:
2026-07-24 18:56:08,983 - sflow.task.server_5 - INFO - Loading weights:  28%|██▊       | 410/1458 [00:19<00:32, 32.68it/s]
2026-07-24 18:56:09,137 - sflow.task.server_5 - INFO - 3:
2026-07-24 18:56:09,138 - sflow.task.server_5 - INFO - Loading weights:  15%|█▍        | 217/1458 [00:11<00:53, 23.09it/s]
2026-07-24 18:56:09,190 - sflow.task.server_5 - INFO - 6:
2026-07-24 18:56:09,190 - sflow.task.server_5 - INFO - Loading weights:  27%|██▋       | 390/1458 [00:19<00:42, 25.33it/s]
2026-07-24 18:56:09,242 - sflow.task.server_5 - INFO - 2:
2026-07-24 18:56:09,242 - sflow.task.server_5 - INFO - Loading weights:  14%|█▎        | 198/1458 [00:11<01:36, 13.08it/s]
2026-07-24 18:56:09,344 - sflow.task.server_5 - INFO - 4:
2026-07-24 18:56:09,344 - sflow.task.server_5 - INFO - Loading weights:  28%|██▊       | 414/1458 [00:19<00:40, 25.50it/s]
2026-07-24 18:56:09,344 - sflow.task.server_5 - INFO - 6:
2026-07-24 18:56:09,344 - sflow.task.server_5 - INFO - Loading weights:  27%|██▋       | 397/1458 [00:19<00:35, 30.19it/s]
2026-07-24 18:56:09,344 - sflow.task.server_5 - INFO - 2:
2026-07-24 18:56:09,344 - sflow.task.server_5 - INFO - Loading weights:  14%|█▍        | 205/1458 [00:11<01:13, 17.00it/s]
2026-07-24 18:56:09,445 - sflow.task.server_5 - INFO - 6:
2026-07-24 18:56:09,446 - sflow.task.server_5 - INFO - Loading weights:  28%|██▊       | 406/1458 [00:19<00:27, 38.39it/s]
2026-07-24 18:56:09,446 - sflow.task.server_5 - INFO - 4:
2026-07-24 18:56:09,446 - sflow.task.server_5 - INFO - Loading weights:  29%|██▊       | 418/1458 [00:19<00:38, 26.82it/s]
2026-07-24 18:56:09,497 - sflow.task.server_5 - INFO - 2:
2026-07-24 18:56:09,497 - sflow.task.server_5 - INFO - Loading weights:  15%|█▍        | 214/1458 [00:11<00:53, 23.33it/s]
2026-07-24 18:56:09,548 - sflow.task.server_5 - INFO - 4:
2026-07-24 18:56:09,548 - sflow.task.server_5 - INFO - Loading weights:  29%|██▉       | 428/1458 [00:19<00:25, 39.62it/s]
2026-07-24 18:56:09,650 - sflow.task.server_5 - INFO - 4:
2026-07-24 18:56:09,650 - sflow.task.server_5 - INFO - Loading weights:  30%|██▉       | 435/1458 [00:19<00:22, 44.90it/s]
2026-07-24 18:56:09,802 - sflow.task.server_5 - INFO - 0:
2026-07-24 18:56:09,802 - sflow.task.server_5 - INFO - Loading weights:  14%|█▎        | 199/1458 [00:11<01:38, 12.75it/s]
2026-07-24 18:56:09,903 - sflow.task.server_5 - INFO - 0:
2026-07-24 18:56:09,904 - sflow.task.server_5 - INFO - Loading weights:  14%|█▍        | 205/1458 [00:12<01:17, 16.09it/s]
2026-07-24 18:56:09,904 - sflow.task.server_5 - INFO - 1:
2026-07-24 18:56:09,904 - sflow.task.server_5 - INFO - Loading weights:  14%|█▎        | 198/1458 [00:11<01:36, 13.11it/s]
2026-07-24 18:56:10,006 - sflow.task.server_5 - INFO - 0:
2026-07-24 18:56:10,006 - sflow.task.server_5 - INFO - Loading weights:  15%|█▍        | 215/1458 [00:12<00:52, 23.77it/s]
2026-07-24 18:56:10,006 - sflow.task.server_5 - INFO - 7:
2026-07-24 18:56:10,006 - sflow.task.server_5 - INFO - Loading weights:  27%|██▋       | 390/1458 [00:20<01:13, 14.48it/s]
2026-07-24 18:56:10,006 - sflow.task.server_5 - INFO - 1:
2026-07-24 18:56:10,006 - sflow.task.server_5 - INFO - Loading weights:  14%|█▍        | 205/1458 [00:12<01:13, 16.95it/s]
2026-07-24 18:56:10,108 - sflow.task.server_5 - INFO - 7:
2026-07-24 18:56:10,108 - sflow.task.server_5 - INFO - Loading weights:  27%|██▋       | 395/1458 [00:20<01:02, 16.96it/s]
2026-07-24 18:56:10,108 - sflow.task.server_5 - INFO - 1:
2026-07-24 18:56:10,108 - sflow.task.server_5 - INFO - Loading weights:  15%|█▍        | 215/1458 [00:12<00:51, 24.32it/s]
2026-07-24 18:56:10,108 - sflow.task.server_5 - INFO - 5:
2026-07-24 18:56:10,108 - sflow.task.server_5 - INFO - Loading weights:  28%|██▊       | 415/1458 [00:20<01:21, 12.77it/s]
2026-07-24 18:56:10,209 - sflow.task.server_5 - INFO - 5:
2026-07-24 18:56:10,209 - sflow.task.server_5 - INFO - Loading weights:  29%|██▉       | 421/1458 [00:20<01:02, 16.50it/s]
2026-07-24 18:56:10,209 - sflow.task.server_5 - INFO - 7:
2026-07-24 18:56:10,209 - sflow.task.server_5 - INFO - Loading weights:  28%|██▊       | 406/1458 [00:20<00:42, 24.88it/s]
2026-07-24 18:56:10,261 - sflow.task.server_5 - INFO - 3:
2026-07-24 18:56:10,261 - sflow.task.server_5 - INFO - Loading weights:  15%|█▌        | 222/1458 [00:12<01:50, 11.22it/s]
2026-07-24 18:56:10,313 - sflow.task.server_5 - INFO - 5:
2026-07-24 18:56:10,313 - sflow.task.server_5 - INFO - Loading weights:  30%|██▉       | 431/1458 [00:20<00:40, 25.05it/s]
2026-07-24 18:56:10,364 - sflow.task.server_5 - INFO - 3:
2026-07-24 18:56:10,364 - sflow.task.server_5 - INFO - Loading weights:  16%|█▌        | 226/1458 [00:12<01:33, 13.12it/s]
2026-07-24 18:56:10,466 - sflow.task.server_5 - INFO - 3:
2026-07-24 18:56:10,466 - sflow.task.server_5 - INFO - Loading weights:  16%|█▌        | 236/1458 [00:12<00:57, 21.23it/s]
2026-07-24 18:56:10,517 - sflow.task.server_5 - INFO - 6:
2026-07-24 18:56:10,517 - sflow.task.server_5 - INFO - Loading weights:  28%|██▊       | 414/1458 [00:20<01:00, 17.19it/s]
2026-07-24 18:56:10,568 - sflow.task.server_5 - INFO - 2:
2026-07-24 18:56:10,568 - sflow.task.server_5 - INFO - Loading weights:  15%|█▌        | 222/1458 [00:12<01:29, 13.86it/s]
2026-07-24 18:56:10,620 - sflow.task.server_5 - INFO - 6:
2026-07-24 18:56:10,620 - sflow.task.server_5 - INFO - Loading weights:  29%|██▉       | 421/1458 [00:20<00:48, 21.36it/s]
2026-07-24 18:56:10,671 - sflow.task.server_5 - INFO - 2:
2026-07-24 18:56:10,671 - sflow.task.server_5 - INFO - Loading weights:  16%|█▌        | 227/1458 [00:12<01:15, 16.40it/s]
2026-07-24 18:56:10,722 - sflow.task.server_5 - INFO - 6:
2026-07-24 18:56:10,722 - sflow.task.server_5 - INFO - Loading weights:  30%|██▉       | 431/1458 [00:20<00:34, 29.55it/s]
2026-07-24 18:56:10,774 - sflow.task.server_5 - INFO - 4:
2026-07-24 18:56:10,774 - sflow.task.server_5 - INFO - Loading weights:  30%|███       | 441/1458 [00:20<01:07, 14.99it/s]
2026-07-24 18:56:10,825 - sflow.task.server_5 - INFO - 2:
2026-07-24 18:56:10,825 - sflow.task.server_5 - INFO - Loading weights:  16%|█▋        | 238/1458 [00:12<00:49, 24.47it/s]
2026-07-24 18:56:10,876 - sflow.task.server_5 - INFO - 4:
2026-07-24 18:56:10,876 - sflow.task.server_5 - INFO - Loading weights:  31%|███       | 451/1458 [00:20<00:44, 22.56it/s]
2026-07-24 18:56:10,979 - sflow.task.server_5 - INFO - 0:
2026-07-24 18:56:10,979 - sflow.task.server_5 - INFO - Loading weights:  15%|█▌        | 222/1458 [00:13<01:25, 14.39it/s]
2026-07-24 18:56:10,979 - sflow.task.server_5 - INFO - 4:
2026-07-24 18:56:10,979 - sflow.task.server_5 - INFO - Loading weights:  31%|███▏      | 457/1458 [00:20<00:37, 26.37it/s]
2026-07-24 18:56:10,979 - sflow.task.server_5 - INFO - 6:
2026-07-24 18:56:10,979 - sflow.task.server_5 - INFO - Loading weights:  30%|███       | 438/1458 [00:21<00:36, 28.25it/s]
2026-07-24 18:56:11,030 - sflow.task.server_5 - INFO - 1:
2026-07-24 18:56:11,030 - sflow.task.server_5 - INFO - Loading weights:  15%|█▌        | 222/1458 [00:13<01:21, 15.11it/s]
2026-07-24 18:56:11,082 - sflow.task.server_5 - INFO - 0:
2026-07-24 18:56:11,082 - sflow.task.server_5 - INFO - Loading weights:  16%|█▌        | 229/1458 [00:13<01:06, 18.54it/s]
2026-07-24 18:56:11,133 - sflow.task.server_5 - INFO - 6:
2026-07-24 18:56:11,133 - sflow.task.server_5 - INFO - Loading weights:  31%|███       | 445/1458 [00:21<00:30, 33.37it/s]
2026-07-24 18:56:11,133 - sflow.task.server_5 - INFO - 1:
2026-07-24 18:56:11,133 - sflow.task.server_5 - INFO - Loading weights:  16%|█▌        | 227/1458 [00:13<01:09, 17.68it/s]
2026-07-24 18:56:11,184 - sflow.task.server_5 - INFO - 7:
2026-07-24 18:56:11,184 - sflow.task.server_5 - INFO - Loading weights:  28%|██▊       | 414/1458 [00:21<01:05, 15.97it/s]
2026-07-24 18:56:11,184 - sflow.task.server_5 - INFO - 0:
2026-07-24 18:56:11,184 - sflow.task.server_5 - INFO - Loading weights:  16%|█▋        | 238/1458 [00:13<00:48, 25.14it/s]
2026-07-24 18:56:11,235 - sflow.task.server_5 - INFO - 6:
2026-07-24 18:56:11,235 - sflow.task.server_5 - INFO - Loading weights:  31%|███       | 454/1458 [00:21<00:24, 41.56it/s]
2026-07-24 18:56:11,235 - sflow.task.server_5 - INFO - 2:
2026-07-24 18:56:11,235 - sflow.task.server_5 - INFO - Loading weights:  17%|█▋        | 246/1458 [00:13<00:53, 22.63it/s]
2026-07-24 18:56:11,235 - sflow.task.server_5 - INFO - 5:
2026-07-24 18:56:11,235 - sflow.task.server_5 - INFO - Loading weights:  30%|███       | 438/1458 [00:21<01:06, 15.25it/s]
2026-07-24 18:56:11,286 - sflow.task.server_5 - INFO - 1:
2026-07-24 18:56:11,286 - sflow.task.server_5 - INFO - Loading weights:  16%|█▌        | 236/1458 [00:13<00:49, 24.48it/s]
2026-07-24 18:56:11,286 - sflow.task.server_5 - INFO - 7:
2026-07-24 18:56:11,286 - sflow.task.server_5 - INFO - Loading weights:  29%|██▉       | 421/1458 [00:21<00:52, 19.94it/s]
2026-07-24 18:56:11,337 - sflow.task.server_5 - INFO - 5:
2026-07-24 18:56:11,337 - sflow.task.server_5 - INFO - Loading weights:  31%|███       | 445/1458 [00:21<00:51, 19.78it/s]
2026-07-24 18:56:11,337 - sflow.task.server_5 - INFO - 2:
2026-07-24 18:56:11,337 - sflow.task.server_5 - INFO - Loading weights:  17%|█▋        | 253/1458 [00:13<00:43, 27.43it/s]
2026-07-24 18:56:11,388 - sflow.task.server_5 - INFO - 1:
2026-07-24 18:56:11,388 - sflow.task.server_5 - INFO - Loading weights:  17%|█▋        | 243/1458 [00:13<00:41, 29.58it/s]
2026-07-24 18:56:11,388 - sflow.task.server_5 - INFO - 7:
2026-07-24 18:56:11,388 - sflow.task.server_5 - INFO - Loading weights:  30%|██▉       | 431/1458 [00:21<00:36, 27.78it/s]
2026-07-24 18:56:11,440 - sflow.task.server_5 - INFO - 2:
2026-07-24 18:56:11,440 - sflow.task.server_5 - INFO - Loading weights:  18%|█▊        | 262/1458 [00:13<00:33, 35.57it/s]
2026-07-24 18:56:11,491 - sflow.task.server_5 - INFO - 5:
2026-07-24 18:56:11,491 - sflow.task.server_5 - INFO - Loading weights:  31%|███▏      | 457/1458 [00:21<00:34, 28.86it/s]
2026-07-24 18:56:11,491 - sflow.task.server_5 - INFO - 0:
2026-07-24 18:56:11,491 - sflow.task.server_5 - INFO - Loading weights:  17%|█▋        | 246/1458 [00:13<00:47, 25.54it/s]
2026-07-24 18:56:11,491 - sflow.task.server_5 - INFO - 3:
2026-07-24 18:56:11,491 - sflow.task.server_5 - INFO - Loading weights:  17%|█▋        | 246/1458 [00:13<01:22, 14.68it/s]
2026-07-24 18:56:11,594 - sflow.task.server_5 - INFO - 3:
2026-07-24 18:56:11,594 - sflow.task.server_5 - INFO - Loading weights:  17%|█▋        | 253/1458 [00:13<01:04, 18.76it/s]
2026-07-24 18:56:11,594 - sflow.task.server_5 - INFO - 0:
2026-07-24 18:56:11,594 - sflow.task.server_5 - INFO - Loading weights:  17%|█▋        | 254/1458 [00:13<00:38, 31.62it/s]
2026-07-24 18:56:11,644 - sflow.task.server_5 - INFO - 7:
2026-07-24 18:56:11,644 - sflow.task.server_5 - INFO - Loading weights:  30%|███       | 438/1458 [00:21<00:38, 26.84it/s]
2026-07-24 18:56:11,644 - sflow.task.server_5 - INFO - 1:
2026-07-24 18:56:11,644 - sflow.task.server_5 - INFO - Loading weights:  17%|█▋        | 249/1458 [00:13<00:45, 26.55it/s]
2026-07-24 18:56:11,695 - sflow.task.server_5 - INFO - 2:
2026-07-24 18:56:11,695 - sflow.task.server_5 - INFO - Loading weights:  19%|█▊        | 270/1458 [00:13<00:35, 33.49it/s]
2026-07-24 18:56:11,695 - sflow.task.server_5 - INFO - 3:
2026-07-24 18:56:11,695 - sflow.task.server_5 - INFO - Loading weights:  18%|█▊        | 263/1458 [00:13<00:44, 26.58it/s]
2026-07-24 18:56:11,746 - sflow.task.server_5 - INFO - 0:
2026-07-24 18:56:11,746 - sflow.task.server_5 - INFO - Loading weights:  18%|█▊        | 265/1458 [00:13<00:29, 40.54it/s]
2026-07-24 18:56:11,746 - sflow.task.server_5 - INFO - 7:
2026-07-24 18:56:11,746 - sflow.task.server_5 - INFO - Loading weights:  30%|███       | 444/1458 [00:21<00:32, 30.94it/s]
2026-07-24 18:56:11,797 - sflow.task.server_5 - INFO - 1:
2026-07-24 18:56:11,797 - sflow.task.server_5 - INFO - Loading weights:  18%|█▊        | 260/1458 [00:13<00:31, 37.47it/s]
2026-07-24 18:56:11,797 - sflow.task.server_5 - INFO - 2:
2026-07-24 18:56:11,797 - sflow.task.server_5 - INFO - Loading weights:  19%|█▉        | 277/1458 [00:13<00:30, 38.60it/s]
2026-07-24 18:56:11,899 - sflow.task.server_5 - INFO - 7:
2026-07-24 18:56:11,899 - sflow.task.server_5 - INFO - Loading weights:  31%|███       | 452/1458 [00:21<00:26, 37.63it/s]
2026-07-24 18:56:11,899 - sflow.task.server_5 - INFO - 1:
2026-07-24 18:56:11,899 - sflow.task.server_5 - INFO - Loading weights:  18%|█▊        | 267/1458 [00:14<00:28, 42.20it/s]
2026-07-24 18:56:11,950 - sflow.task.server_5 - INFO - 2:
2026-07-24 18:56:11,950 - sflow.task.server_5 - INFO - Loading weights:  19%|█▉        | 284/1458 [00:14<00:27, 42.68it/s]
2026-07-24 18:56:11,950 - sflow.task.server_5 - INFO - 4:
2026-07-24 18:56:11,950 - sflow.task.server_5 - INFO - Loading weights:  32%|███▏      | 463/1458 [00:21<01:11, 13.97it/s]
2026-07-24 18:56:12,001 - sflow.task.server_5 - INFO - 7:
2026-07-24 18:56:12,001 - sflow.task.server_5 - INFO - Loading weights:  31%|███▏      | 459/1458 [00:22<00:23, 42.84it/s]
2026-07-24 18:56:12,052 - sflow.task.server_5 - INFO - 4:
2026-07-24 18:56:12,052 - sflow.task.server_5 - INFO - Loading weights:  32%|███▏      | 469/1458 [00:22<00:55, 17.68it/s]
2026-07-24 18:56:12,052 - sflow.task.server_5 - INFO - 0:
2026-07-24 18:56:12,052 - sflow.task.server_5 - INFO - Loading weights:  19%|█▊        | 272/1458 [00:14<00:35, 33.37it/s]
2026-07-24 18:56:12,103 - sflow.task.server_5 - INFO - 2:
2026-07-24 18:56:12,103 - sflow.task.server_5 - INFO - Loading weights:  20%|█▉        | 290/1458 [00:14<00:28, 40.38it/s]
2026-07-24 18:56:12,103 - sflow.task.server_5 - INFO - 3:
2026-07-24 18:56:12,103 - sflow.task.server_5 - INFO - Loading weights:  19%|█▊        | 270/1458 [00:14<00:51, 22.86it/s]
2026-07-24 18:56:12,205 - sflow.task.server_5 - INFO - 0:
2026-07-24 18:56:12,205 - sflow.task.server_5 - INFO - Loading weights:  19%|█▉        | 284/1458 [00:14<00:25, 45.42it/s]
2026-07-24 18:56:12,205 - sflow.task.server_5 - INFO - 4:
2026-07-24 18:56:12,205 - sflow.task.server_5 - INFO - Loading weights:  33%|███▎      | 478/1458 [00:22<00:39, 24.65it/s]
2026-07-24 18:56:12,205 - sflow.task.server_5 - INFO - 1:
2026-07-24 18:56:12,205 - sflow.task.server_5 - INFO - Loading weights:  19%|█▉        | 274/1458 [00:14<00:34, 33.86it/s]
2026-07-24 18:56:12,256 - sflow.task.server_5 - INFO - 3:
2026-07-24 18:56:12,256 - sflow.task.server_5 - INFO - Loading weights:  19%|█▉        | 277/1458 [00:14<00:42, 27.78it/s]
2026-07-24 18:56:12,308 - sflow.task.server_5 - INFO - 0:
2026-07-24 18:56:12,308 - sflow.task.server_5 - INFO - Loading weights:  20%|█▉        | 291/1458 [00:14<00:23, 48.91it/s]
2026-07-24 18:56:12,308 - sflow.task.server_5 - INFO - 6:
2026-07-24 18:56:12,308 - sflow.task.server_5 - INFO - Loading weights:  32%|███▏      | 462/1458 [00:22<00:57, 17.36it/s]
2026-07-24 18:56:12,308 - sflow.task.server_5 - INFO - 1:
2026-07-24 18:56:12,308 - sflow.task.server_5 - INFO - Loading weights:  19%|█▉        | 284/1458 [00:14<00:26, 43.75it/s]
2026-07-24 18:56:12,359 - sflow.task.server_5 - INFO - 3:
2026-07-24 18:56:12,359 - sflow.task.server_5 - INFO - Loading weights:  20%|█▉        | 286/1458 [00:14<00:32, 35.72it/s]
2026-07-24 18:56:12,359 - sflow.task.server_5 - INFO - 4:
2026-07-24 18:56:12,359 - sflow.task.server_5 - INFO - Loading weights:  33%|███▎      | 484/1458 [00:22<00:36, 26.50it/s]
2026-07-24 18:56:12,410 - sflow.task.server_5 - INFO - 1:
2026-07-24 18:56:12,410 - sflow.task.server_5 - INFO - Loading weights:  20%|█▉        | 291/1458 [00:14<00:24, 47.68it/s]
2026-07-24 18:56:12,410 - sflow.task.server_5 - INFO - 6:
2026-07-24 18:56:12,410 - sflow.task.server_5 - INFO - Loading weights:  32%|███▏      | 469/1458 [00:22<00:46, 21.47it/s]
2026-07-24 18:56:12,512 - sflow.task.server_5 - INFO - 5:
2026-07-24 18:56:12,512 - sflow.task.server_5 - INFO - Loading weights:  32%|███▏      | 463/1458 [00:22<01:05, 15.15it/s]
2026-07-24 18:56:12,563 - sflow.task.server_5 - INFO - 6:
2026-07-24 18:56:12,563 - sflow.task.server_5 - INFO - Loading weights:  33%|███▎      | 478/1458 [00:22<00:34, 28.52it/s]
2026-07-24 18:56:12,614 - sflow.task.server_5 - INFO - 5:
2026-07-24 18:56:12,614 - sflow.task.server_5 - INFO - Loading weights:  32%|███▏      | 469/1458 [00:22<00:53, 18.54it/s]
2026-07-24 18:56:12,767 - sflow.task.server_5 - INFO - 5:
2026-07-24 18:56:12,767 - sflow.task.server_5 - INFO - Loading weights:  33%|███▎      | 481/1458 [00:22<00:35, 27.28it/s]
2026-07-24 18:56:13,173 - sflow.task.server_5 - INFO - 7:
2026-07-24 18:56:13,173 - sflow.task.server_5 - INFO - Loading weights:  32%|███▏      | 466/1458 [00:23<01:05, 15.24it/s]
2026-07-24 18:56:13,275 - sflow.task.server_5 - INFO - 7:
2026-07-24 18:56:13,275 - sflow.task.server_5 - INFO - Loading weights:  33%|███▎      | 476/1458 [00:23<00:44, 21.86it/s]
2026-07-24 18:56:13,275 - sflow.task.server_5 - INFO - 2:
2026-07-24 18:56:13,275 - sflow.task.server_5 - INFO - Loading weights:  20%|██        | 296/1458 [00:15<01:23, 13.99it/s]
2026-07-24 18:56:13,326 - sflow.task.server_5 - INFO - 4:
2026-07-24 18:56:13,326 - sflow.task.server_5 - INFO - Loading weights:  34%|███▎      | 489/1458 [00:23<01:11, 13.58it/s]
2026-07-24 18:56:13,326 - sflow.task.server_5 - INFO - 0:
2026-07-24 18:56:13,326 - sflow.task.server_5 - INFO - Loading weights:  20%|██        | 298/1458 [00:15<01:02, 18.67it/s]
2026-07-24 18:56:13,378 - sflow.task.server_5 - INFO - 1:
2026-07-24 18:56:13,378 - sflow.task.server_5 - INFO - Loading weights:  20%|██        | 298/1458 [00:15<01:00, 19.16it/s]
2026-07-24 18:56:13,378 - sflow.task.server_5 - INFO - 3:
2026-07-24 18:56:13,378 - sflow.task.server_5 - INFO - Loading weights:  20%|██        | 294/1458 [00:15<01:08, 16.93it/s]
2026-07-24 18:56:13,378 - sflow.task.server_5 - INFO - 7:
2026-07-24 18:56:13,378 - sflow.task.server_5 - INFO - Loading weights:  33%|███▎      | 482/1458 [00:23<00:38, 25.67it/s]
2026-07-24 18:56:13,429 - sflow.task.server_5 - INFO - 2:
2026-07-24 18:56:13,429 - sflow.task.server_5 - INFO - Loading weights:  21%|██        | 307/1458 [00:15<00:53, 21.57it/s]
2026-07-24 18:56:13,429 - sflow.task.server_5 - INFO - 4:
2026-07-24 18:56:13,429 - sflow.task.server_5 - INFO - Loading weights:  34%|███▍      | 499/1458 [00:23<00:46, 20.71it/s]
2026-07-24 18:56:13,481 - sflow.task.server_5 - INFO - 0:
2026-07-24 18:56:13,481 - sflow.task.server_5 - INFO - Loading weights:  21%|██        | 308/1458 [00:15<00:45, 25.21it/s]
2026-07-24 18:56:13,481 - sflow.task.server_5 - INFO - 1:
2026-07-24 18:56:13,481 - sflow.task.server_5 - INFO - Loading weights:  21%|██▏       | 310/1458 [00:15<00:40, 28.31it/s]
2026-07-24 18:56:13,532 - sflow.task.server_5 - INFO - 3:
2026-07-24 18:56:13,532 - sflow.task.server_5 - INFO - Loading weights:  21%|██        | 301/1458 [00:15<00:55, 20.95it/s]
2026-07-24 18:56:13,584 - sflow.task.server_5 - INFO - 0:
2026-07-24 18:56:13,584 - sflow.task.server_5 - INFO - Loading weights:  22%|██▏       | 314/1458 [00:15<00:40, 28.51it/s]
2026-07-24 18:56:13,584 - sflow.task.server_5 - INFO - 2:
2026-07-24 18:56:13,584 - sflow.task.server_5 - INFO - Loading weights:  21%|██▏       | 313/1458 [00:15<00:48, 23.82it/s]
2026-07-24 18:56:13,635 - sflow.task.server_5 - INFO - 1:
2026-07-24 18:56:13,635 - sflow.task.server_5 - INFO - Loading weights:  22%|██▏       | 317/1458 [00:15<00:35, 32.51it/s]
2026-07-24 18:56:13,635 - sflow.task.server_5 - INFO - 3:
2026-07-24 18:56:13,635 - sflow.task.server_5 - INFO - Loading weights:  21%|██▏       | 310/1458 [00:15<00:41, 27.79it/s]
2026-07-24 18:56:13,635 - sflow.task.server_5 - INFO - 4:
2026-07-24 18:56:13,635 - sflow.task.server_5 - INFO - Loading weights:  35%|███▍      | 505/1458 [00:23<00:42, 22.19it/s]
2026-07-24 18:56:13,685 - sflow.task.server_5 - INFO - 6:
2026-07-24 18:56:13,685 - sflow.task.server_5 - INFO - Loading weights:  33%|███▎      | 486/1458 [00:23<01:05, 14.83it/s]
2026-07-24 18:56:13,788 - sflow.task.server_5 - INFO - 5:
2026-07-24 18:56:13,788 - sflow.task.server_5 - INFO - Loading weights:  33%|███▎      | 487/1458 [00:23<01:05, 14.88it/s]
2026-07-24 18:56:13,788 - sflow.task.server_5 - INFO - 6:
2026-07-24 18:56:13,788 - sflow.task.server_5 - INFO - Loading weights:  34%|███▍      | 493/1458 [00:23<00:51, 18.63it/s]
2026-07-24 18:56:13,890 - sflow.task.server_5 - INFO - 5:
2026-07-24 18:56:13,890 - sflow.task.server_5 - INFO - Loading weights:  34%|███▍      | 493/1458 [00:23<00:53, 18.16it/s]
2026-07-24 18:56:13,890 - sflow.task.server_5 - INFO - 6:
2026-07-24 18:56:13,890 - sflow.task.server_5 - INFO - Loading weights:  34%|███▍      | 502/1458 [00:23<00:38, 25.15it/s]
2026-07-24 18:56:13,941 - sflow.task.server_5 - INFO - 3:
2026-07-24 18:56:13,941 - sflow.task.server_5 - INFO - Loading weights:  22%|██▏       | 318/1458 [00:16<00:42, 26.66it/s]
2026-07-24 18:56:13,993 - sflow.task.server_5 - INFO - 5:
2026-07-24 18:56:13,993 - sflow.task.server_5 - INFO - Loading weights:  34%|███▍      | 502/1458 [00:24<00:38, 24.86it/s]
2026-07-24 18:56:14,094 - sflow.task.server_5 - INFO - 3:
2026-07-24 18:56:14,094 - sflow.task.server_5 - INFO - Loading weights:  22%|██▏       | 323/1458 [00:16<00:39, 28.87it/s]
2026-07-24 18:56:14,247 - sflow.task.server_5 - INFO - 3:
2026-07-24 18:56:14,247 - sflow.task.server_5 - INFO - Loading weights:  23%|██▎       | 332/1458 [00:16<00:32, 34.77it/s]
2026-07-24 18:56:14,400 - sflow.task.server_5 - INFO - 3:
2026-07-24 18:56:14,400 - sflow.task.server_5 - INFO - Loading weights:  23%|██▎       | 337/1458 [00:16<00:33, 33.00it/s]
2026-07-24 18:56:14,451 - sflow.task.server_5 - INFO - 7:
2026-07-24 18:56:14,451 - sflow.task.server_5 - INFO - Loading weights:  33%|███▎      | 488/1458 [00:24<01:11, 13.52it/s]
2026-07-24 18:56:14,451 - sflow.task.server_5 - INFO - 2:
2026-07-24 18:56:14,451 - sflow.task.server_5 - INFO - Loading weights:  22%|██▏       | 318/1458 [00:16<01:22, 13.82it/s]
2026-07-24 18:56:14,604 - sflow.task.server_5 - INFO - 2:
2026-07-24 18:56:14,604 - sflow.task.server_5 - INFO - Loading weights:  22%|██▏       | 322/1458 [00:16<01:11, 15.85it/s]
2026-07-24 18:56:14,604 - sflow.task.server_5 - INFO - 7:
2026-07-24 18:56:14,604 - sflow.task.server_5 - INFO - Loading weights:  34%|███▍      | 500/1458 [00:24<00:45, 21.18it/s]
2026-07-24 18:56:14,656 - sflow.task.server_5 - INFO - 4:
2026-07-24 18:56:14,656 - sflow.task.server_5 - INFO - Loading weights:  35%|███▍      | 510/1458 [00:24<01:17, 12.30it/s]
2026-07-24 18:56:14,707 - sflow.task.server_5 - INFO - 1:
2026-07-24 18:56:14,707 - sflow.task.server_5 - INFO - Loading weights:  22%|██▏       | 324/1458 [00:16<01:11, 15.83it/s]
2026-07-24 18:56:14,707 - sflow.task.server_5 - INFO - 2:
2026-07-24 18:56:14,707 - sflow.task.server_5 - INFO - Loading weights:  23%|██▎       | 332/1458 [00:16<00:46, 24.25it/s]
2026-07-24 18:56:14,707 - sflow.task.server_5 - INFO - 7:
2026-07-24 18:56:14,707 - sflow.task.server_5 - INFO - Loading weights:  35%|███▍      | 507/1458 [00:24<00:37, 25.58it/s]
2026-07-24 18:56:14,758 - sflow.task.server_5 - INFO - 4:
2026-07-24 18:56:14,758 - sflow.task.server_5 - INFO - Loading weights:  35%|███▌      | 514/1458 [00:24<01:06, 14.27it/s]
2026-07-24 18:56:14,809 - sflow.task.server_5 - INFO - 1:
2026-07-24 18:56:14,809 - sflow.task.server_5 - INFO - Loading weights:  23%|██▎       | 334/1458 [00:16<00:50, 22.23it/s]
2026-07-24 18:56:14,810 - sflow.task.server_5 - INFO - 2:
2026-07-24 18:56:14,810 - sflow.task.server_5 - INFO - Loading weights:  23%|██▎       | 339/1458 [00:16<00:38, 29.39it/s]
2026-07-24 18:56:14,861 - sflow.task.server_5 - INFO - 0:
2026-07-24 18:56:14,861 - sflow.task.server_5 - INFO - Loading weights:  22%|██▏       | 320/1458 [00:16<01:29, 12.74it/s]
2026-07-24 18:56:14,861 - sflow.task.server_5 - INFO - 4:
2026-07-24 18:56:14,861 - sflow.task.server_5 - INFO - Loading weights:  36%|███▌      | 524/1458 [00:24<00:42, 21.86it/s]
2026-07-24 18:56:14,962 - sflow.task.server_5 - INFO - 0:
2026-07-24 18:56:14,962 - sflow.task.server_5 - INFO - Loading weights:  23%|██▎       | 331/1458 [00:17<00:57, 19.44it/s]
2026-07-24 18:56:15,064 - sflow.task.server_5 - INFO - 4:
2026-07-24 18:56:15,064 - sflow.task.server_5 - INFO - Loading weights:  36%|███▋      | 529/1458 [00:25<00:40, 23.22it/s]
2026-07-24 18:56:15,064 - sflow.task.server_5 - INFO - 0:
2026-07-24 18:56:15,064 - sflow.task.server_5 - INFO - Loading weights:  23%|██▎       | 337/1458 [00:17<00:48, 23.06it/s]
2026-07-24 18:56:15,064 - sflow.task.server_5 - INFO - 6:
2026-07-24 18:56:15,064 - sflow.task.server_5 - INFO - Loading weights:  35%|███▍      | 510/1458 [00:25<01:06, 14.15it/s]
2026-07-24 18:56:15,115 - sflow.task.server_5 - INFO - 5:
2026-07-24 18:56:15,115 - sflow.task.server_5 - INFO - Loading weights:  35%|███▍      | 510/1458 [00:25<01:07, 14.04it/s]
2026-07-24 18:56:15,165 - sflow.task.server_5 - INFO - 6:
2026-07-24 18:56:15,165 - sflow.task.server_5 - INFO - Loading weights:  35%|███▌      | 517/1458 [00:25<00:52, 17.85it/s]
2026-07-24 18:56:15,268 - sflow.task.server_5 - INFO - 5:
2026-07-24 18:56:15,268 - sflow.task.server_5 - INFO - Loading weights:  35%|███▌      | 517/1458 [00:25<00:53, 17.74it/s]
2026-07-24 18:56:15,268 - sflow.task.server_5 - INFO - 6:
2026-07-24 18:56:15,268 - sflow.task.server_5 - INFO - Loading weights:  36%|███▌      | 526/1458 [00:25<00:38, 24.28it/s]
2026-07-24 18:56:15,371 - sflow.task.server_5 - INFO - 5:
2026-07-24 18:56:15,371 - sflow.task.server_5 - INFO - Loading weights:  36%|███▌      | 526/1458 [00:25<00:38, 24.03it/s]
2026-07-24 18:56:15,473 - sflow.task.server_5 - INFO - 3:
2026-07-24 18:56:15,473 - sflow.task.server_5 - INFO - Loading weights:  23%|██▎       | 342/1458 [00:17<01:20, 13.92it/s]
2026-07-24 18:56:15,576 - sflow.task.server_5 - INFO - 3:
2026-07-24 18:56:15,576 - sflow.task.server_5 - INFO - Loading weights:  24%|██▎       | 346/1458 [00:17<01:10, 15.79it/s]
2026-07-24 18:56:15,731 - sflow.task.server_5 - INFO - 3:
2026-07-24 18:56:15,731 - sflow.task.server_5 - INFO - Loading weights:  24%|██▍       | 356/1458 [00:17<00:47, 23.26it/s]
2026-07-24 18:56:15,782 - sflow.task.server_5 - INFO - 7:
2026-07-24 18:56:15,782 - sflow.task.server_5 - INFO - Loading weights:  35%|███▌      | 513/1458 [00:25<01:10, 13.45it/s]
2026-07-24 18:56:15,936 - sflow.task.server_5 - INFO - 7:
2026-07-24 18:56:15,936 - sflow.task.server_5 - INFO - Loading weights:  36%|███▌      | 524/1458 [00:25<00:46, 20.08it/s]
2026-07-24 18:56:15,936 - sflow.task.server_5 - INFO - 3:
2026-07-24 18:56:15,936 - sflow.task.server_5 - INFO - Loading weights:  25%|██▍       | 361/1458 [00:18<00:46, 23.49it/s]
2026-07-24 18:56:15,987 - sflow.task.server_5 - INFO - 1:
2026-07-24 18:56:15,987 - sflow.task.server_5 - INFO - Loading weights:  23%|██▎       | 342/1458 [00:18<01:23, 13.36it/s]
2026-07-24 18:56:15,987 - sflow.task.server_5 - INFO - 2:
2026-07-24 18:56:15,987 - sflow.task.server_5 - INFO - Loading weights:  24%|██▎       | 345/1458 [00:18<01:26, 12.88it/s]
2026-07-24 18:56:16,090 - sflow.task.server_5 - INFO - 1:
2026-07-24 18:56:16,090 - sflow.task.server_5 - INFO - Loading weights:  24%|██▍       | 349/1458 [00:18<01:05, 16.96it/s]
2026-07-24 18:56:16,090 - sflow.task.server_5 - INFO - 2:
2026-07-24 18:56:16,090 - sflow.task.server_5 - INFO - Loading weights:  24%|██▍       | 355/1458 [00:18<00:57, 19.35it/s]
2026-07-24 18:56:16,141 - sflow.task.server_5 - INFO - 0:
2026-07-24 18:56:16,141 - sflow.task.server_5 - INFO - Loading weights:  24%|██▎       | 343/1458 [00:18<01:25, 12.97it/s]
2026-07-24 18:56:16,191 - sflow.task.server_5 - INFO - 4:
2026-07-24 18:56:16,192 - sflow.task.server_5 - INFO - Loading weights:  37%|███▋      | 534/1458 [00:26<01:22, 11.25it/s]
2026-07-24 18:56:16,242 - sflow.task.server_5 - INFO - 7:
2026-07-24 18:56:16,243 - sflow.task.server_5 - INFO - Loading weights:  37%|███▋      | 534/1458 [00:26<00:39, 23.30it/s]
2026-07-24 18:56:16,243 - sflow.task.server_5 - INFO - 0:
2026-07-24 18:56:16,243 - sflow.task.server_5 - INFO - Loading weights:  24%|██▍       | 349/1458 [00:18<01:08, 16.26it/s]
2026-07-24 18:56:16,243 - sflow.task.server_5 - INFO - 1:
2026-07-24 18:56:16,243 - sflow.task.server_5 - INFO - Loading weights:  25%|██▍       | 361/1458 [00:18<00:44, 24.51it/s]
2026-07-24 18:56:16,243 - sflow.task.server_5 - INFO - 2:
2026-07-24 18:56:16,243 - sflow.task.server_5 - INFO - Loading weights:  25%|██▍       | 361/1458 [00:18<00:49, 22.33it/s]
2026-07-24 18:56:16,294 - sflow.task.server_5 - INFO - 4:
2026-07-24 18:56:16,294 - sflow.task.server_5 - INFO - Loading weights:  37%|███▋      | 538/1458 [00:26<01:09, 13.27it/s]
2026-07-24 18:56:16,294 - sflow.task.server_5 - INFO - 6:
2026-07-24 18:56:16,294 - sflow.task.server_5 - INFO - Loading weights:  37%|███▋      | 534/1458 [00:26<01:01, 15.04it/s]
2026-07-24 18:56:16,345 - sflow.task.server_5 - INFO - 7:
2026-07-24 18:56:16,345 - sflow.task.server_5 - INFO - Loading weights:  37%|███▋      | 541/1458 [00:26<00:33, 27.76it/s]
2026-07-24 18:56:16,345 - sflow.task.server_5 - INFO - 0:
2026-07-24 18:56:16,345 - sflow.task.server_5 - INFO - Loading weights:  25%|██▍       | 358/1458 [00:18<00:47, 23.07it/s]
2026-07-24 18:56:16,396 - sflow.task.server_5 - INFO - 6:
2026-07-24 18:56:16,396 - sflow.task.server_5 - INFO - Loading weights:  37%|███▋      | 541/1458 [00:26<00:48, 19.01it/s]
2026-07-24 18:56:16,396 - sflow.task.server_5 - INFO - 4:
2026-07-24 18:56:16,396 - sflow.task.server_5 - INFO - Loading weights:  38%|███▊      | 548/1458 [00:26<00:42, 21.25it/s]
2026-07-24 18:56:16,447 - sflow.task.server_5 - INFO - 7:
2026-07-24 18:56:16,447 - sflow.task.server_5 - INFO - Loading weights:  38%|███▊      | 550/1458 [00:26<00:25, 34.96it/s]
2026-07-24 18:56:16,498 - sflow.task.server_5 - INFO - 6:
2026-07-24 18:56:16,498 - sflow.task.server_5 - INFO - Loading weights:  38%|███▊      | 550/1458 [00:26<00:35, 25.68it/s]
2026-07-24 18:56:16,550 - sflow.task.server_5 - INFO - 5:
2026-07-24 18:56:16,550 - sflow.task.server_5 - INFO - Loading weights:  37%|███▋      | 534/1458 [00:26<01:08, 13.52it/s]
2026-07-24 18:56:16,550 - sflow.task.server_5 - INFO - 4:
2026-07-24 18:56:16,550 - sflow.task.server_5 - INFO - Loading weights:  38%|███▊      | 553/1458 [00:26<00:39, 23.11it/s]
2026-07-24 18:56:16,601 - sflow.task.server_5 - INFO - 7:
2026-07-24 18:56:16,601 - sflow.task.server_5 - INFO - Loading weights:  38%|███▊      | 557/1458 [00:26<00:24, 36.21it/s]
2026-07-24 18:56:16,652 - sflow.task.server_5 - INFO - 5:
2026-07-24 18:56:16,652 - sflow.task.server_5 - INFO - Loading weights:  37%|███▋      | 539/1458 [00:26<00:58, 15.81it/s]
2026-07-24 18:56:16,755 - sflow.task.server_5 - INFO - 5:
2026-07-24 18:56:16,755 - sflow.task.server_5 - INFO - Loading weights:  38%|███▊      | 547/1458 [00:26<00:42, 21.31it/s]
2026-07-24 18:56:16,908 - sflow.task.server_5 - INFO - 5:
2026-07-24 18:56:16,908 - sflow.task.server_5 - INFO - Loading weights:  38%|███▊      | 553/1458 [00:26<00:35, 25.28it/s]
2026-07-24 18:56:17,061 - sflow.task.server_5 - INFO - 3:
2026-07-24 18:56:17,061 - sflow.task.server_5 - INFO - Loading weights:  25%|██▌       | 366/1458 [00:19<01:35, 11.41it/s]
2026-07-24 18:56:17,164 - sflow.task.server_5 - INFO - 3:
2026-07-24 18:56:17,164 - sflow.task.server_5 - INFO - Loading weights:  25%|██▌       | 369/1458 [00:19<01:25, 12.77it/s]
2026-07-24 18:56:17,266 - sflow.task.server_5 - INFO - 3:
2026-07-24 18:56:17,266 - sflow.task.server_5 - INFO - Loading weights:  26%|██▌       | 377/1458 [00:19<00:55, 19.31it/s]
2026-07-24 18:56:17,318 - sflow.task.server_5 - INFO - 1:
2026-07-24 18:56:17,318 - sflow.task.server_5 - INFO - Loading weights:  25%|██▌       | 367/1458 [00:19<01:17, 14.01it/s]
2026-07-24 18:56:17,318 - sflow.task.server_5 - INFO - 2:
2026-07-24 18:56:17,318 - sflow.task.server_5 - INFO - Loading weights:  25%|██▌       | 367/1458 [00:19<01:28, 12.39it/s]
2026-07-24 18:56:17,420 - sflow.task.server_5 - INFO - 3:
2026-07-24 18:56:17,420 - sflow.task.server_5 - INFO - Loading weights:  26%|██▌       | 382/1458 [00:19<00:49, 21.92it/s]
2026-07-24 18:56:17,420 - sflow.task.server_5 - INFO - 1:
2026-07-24 18:56:17,420 - sflow.task.server_5 - INFO - Loading weights:  26%|██▌       | 373/1458 [00:19<01:03, 17.13it/s]
2026-07-24 18:56:17,470 - sflow.task.server_5 - INFO - 2:
2026-07-24 18:56:17,471 - sflow.task.server_5 - INFO - Loading weights:  26%|██▌       | 373/1458 [00:19<01:09, 15.61it/s]
2026-07-24 18:56:17,521 - sflow.task.server_5 - INFO - 1:
2026-07-24 18:56:17,521 - sflow.task.server_5 - INFO - Loading weights:  26%|██▌       | 382/1458 [00:19<00:45, 23.48it/s]
2026-07-24 18:56:17,573 - sflow.task.server_5 - INFO - 0:
2026-07-24 18:56:17,573 - sflow.task.server_5 - INFO - Loading weights:  25%|██▌       | 366/1458 [00:19<01:24, 12.85it/s]
2026-07-24 18:56:17,573 - sflow.task.server_5 - INFO - 2:
2026-07-24 18:56:17,573 - sflow.task.server_5 - INFO - Loading weights:  26%|██▌       | 382/1458 [00:19<00:48, 22.05it/s]
2026-07-24 18:56:17,573 - sflow.task.server_5 - INFO - 3:
2026-07-24 18:56:17,573 - sflow.task.server_5 - INFO - Loading weights:  27%|██▋       | 387/1458 [00:19<00:46, 22.96it/s]
2026-07-24 18:56:17,674 - sflow.task.server_5 - INFO - 6:
2026-07-24 18:56:17,674 - sflow.task.server_5 - INFO - Loading weights:  38%|███▊      | 558/1458 [00:27<01:03, 14.22it/s]
2026-07-24 18:56:17,674 - sflow.task.server_5 - INFO - 0:
2026-07-24 18:56:17,674 - sflow.task.server_5 - INFO - Loading weights:  26%|██▌       | 373/1458 [00:19<01:05, 16.63it/s]
2026-07-24 18:56:17,726 - sflow.task.server_5 - INFO - 4:
2026-07-24 18:56:17,726 - sflow.task.server_5 - INFO - Loading weights:  38%|███▊      | 558/1458 [00:27<01:22, 10.96it/s]
2026-07-24 18:56:17,777 - sflow.task.server_5 - INFO - 0:
2026-07-24 18:56:17,777 - sflow.task.server_5 - INFO - Loading weights:  26%|██▌       | 382/1458 [00:19<00:47, 22.65it/s]
2026-07-24 18:56:17,777 - sflow.task.server_5 - INFO - 6:
2026-07-24 18:56:17,777 - sflow.task.server_5 - INFO - Loading weights:  39%|███▊      | 563/1458 [00:27<00:54, 16.43it/s]
2026-07-24 18:56:17,777 - sflow.task.server_5 - INFO - 7:
2026-07-24 18:56:17,777 - sflow.task.server_5 - INFO - Loading weights:  39%|███▊      | 563/1458 [00:27<01:01, 14.62it/s]
2026-07-24 18:56:17,828 - sflow.task.server_5 - INFO - 4:
2026-07-24 18:56:17,828 - sflow.task.server_5 - INFO - Loading weights:  39%|███▊      | 562/1458 [00:27<01:08, 13.05it/s]
2026-07-24 18:56:17,931 - sflow.task.server_5 - INFO - 5:
2026-07-24 18:56:17,931 - sflow.task.server_5 - INFO - Loading weights:  38%|███▊      | 559/1458 [00:27<01:07, 13.24it/s]
2026-07-24 18:56:17,931 - sflow.task.server_5 - INFO - 4:
2026-07-24 18:56:17,931 - sflow.task.server_5 - INFO - Loading weights:  39%|███▉      | 572/1458 [00:27<00:42, 20.81it/s]
2026-07-24 18:56:17,931 - sflow.task.server_5 - INFO - 6:
2026-07-24 18:56:17,931 - sflow.task.server_5 - INFO - Loading weights:  39%|███▉      | 572/1458 [00:27<00:40, 21.75it/s]
2026-07-24 18:56:17,931 - sflow.task.server_5 - INFO - 7:
2026-07-24 18:56:17,931 - sflow.task.server_5 - INFO - Loading weights:  39%|███▉      | 572/1458 [00:27<00:45, 19.56it/s]
2026-07-24 18:56:18,033 - sflow.task.server_5 - INFO - 5:
2026-07-24 18:56:18,033 - sflow.task.server_5 - INFO - Loading weights:  39%|███▉      | 565/1458 [00:28<00:52, 16.86it/s]
2026-07-24 18:56:18,085 - sflow.task.server_5 - INFO - 4:
2026-07-24 18:56:18,085 - sflow.task.server_5 - INFO - Loading weights:  40%|███▉      | 577/1458 [00:28<00:36, 24.02it/s]
2026-07-24 18:56:18,085 - sflow.task.server_5 - INFO - 6:
2026-07-24 18:56:18,085 - sflow.task.server_5 - INFO - Loading weights:  40%|███▉      | 577/1458 [00:28<00:35, 24.60it/s]
2026-07-24 18:56:18,085 - sflow.task.server_5 - INFO - 7:
2026-07-24 18:56:18,085 - sflow.task.server_5 - INFO - Loading weights:  40%|███▉      | 577/1458 [00:28<00:39, 22.30it/s]
2026-07-24 18:56:18,136 - sflow.task.server_5 - INFO - 5:
2026-07-24 18:56:18,136 - sflow.task.server_5 - INFO - Loading weights:  39%|███▉      | 574/1458 [00:28<00:36, 23.93it/s]
2026-07-24 18:56:18,341 - sflow.task.server_5 - INFO - 3:
2026-07-24 18:56:18,341 - sflow.task.server_5 - INFO - Loading weights:  27%|██▋       | 391/1458 [00:20<01:23, 12.83it/s]
2026-07-24 18:56:18,443 - sflow.task.server_5 - INFO - 3:
2026-07-24 18:56:18,443 - sflow.task.server_5 - INFO - Loading weights:  27%|██▋       | 394/1458 [00:20<01:14, 14.20it/s]
2026-07-24 18:56:18,598 - sflow.task.server_5 - INFO - 1:
2026-07-24 18:56:18,598 - sflow.task.server_5 - INFO - Loading weights:  27%|██▋       | 390/1458 [00:20<01:13, 14.56it/s]
2026-07-24 18:56:18,598 - sflow.task.server_5 - INFO - 2:
2026-07-24 18:56:18,598 - sflow.task.server_5 - INFO - Loading weights:  27%|██▋       | 390/1458 [00:20<01:17, 13.83it/s]
2026-07-24 18:56:18,598 - sflow.task.server_5 - INFO - 3:
2026-07-24 18:56:18,598 - sflow.task.server_5 - INFO - Loading weights:  28%|██▊       | 404/1458 [00:20<00:45, 23.14it/s]
2026-07-24 18:56:18,650 - sflow.task.server_5 - INFO - 1:
2026-07-24 18:56:18,650 - sflow.task.server_5 - INFO - Loading weights:  27%|██▋       | 397/1458 [00:20<00:57, 18.56it/s]
2026-07-24 18:56:18,702 - sflow.task.server_5 - INFO - 0:
2026-07-24 18:56:18,702 - sflow.task.server_5 - INFO - Loading weights:  27%|██▋       | 390/1458 [00:20<01:09, 15.28it/s]
2026-07-24 18:56:18,753 - sflow.task.server_5 - INFO - 2:
2026-07-24 18:56:18,753 - sflow.task.server_5 - INFO - Loading weights:  27%|██▋       | 397/1458 [00:20<01:00, 17.58it/s]
2026-07-24 18:56:18,806 - sflow.task.server_5 - INFO - 1:
2026-07-24 18:56:18,806 - sflow.task.server_5 - INFO - Loading weights:  28%|██▊       | 406/1458 [00:20<00:41, 25.07it/s]
2026-07-24 18:56:18,806 - sflow.task.server_5 - INFO - 3:
2026-07-24 18:56:18,806 - sflow.task.server_5 - INFO - Loading weights:  28%|██▊       | 409/1458 [00:20<00:42, 24.54it/s]
2026-07-24 18:56:18,806 - sflow.task.server_5 - INFO - 0:
2026-07-24 18:56:18,806 - sflow.task.server_5 - INFO - Loading weights:  27%|██▋       | 397/1458 [00:20<00:55, 19.15it/s]
2026-07-24 18:56:18,857 - sflow.task.server_5 - INFO - 2:
2026-07-24 18:56:18,857 - sflow.task.server_5 - INFO - Loading weights:  28%|██▊       | 406/1458 [00:20<00:43, 24.13it/s]
2026-07-24 18:56:18,907 - sflow.task.server_5 - INFO - 0:
2026-07-24 18:56:18,907 - sflow.task.server_5 - INFO - Loading weights:  28%|██▊       | 407/1458 [00:21<00:39, 26.89it/s]
2026-07-24 18:56:19,011 - sflow.task.server_5 - INFO - 4:
2026-07-24 18:56:19,011 - sflow.task.server_5 - INFO - Loading weights:  40%|███▉      | 582/1458 [00:29<01:10, 12.38it/s]
2026-07-24 18:56:19,062 - sflow.task.server_5 - INFO - 3:
2026-07-24 18:56:19,062 - sflow.task.server_5 - INFO - Loading weights:  28%|██▊       | 414/1458 [00:21<00:45, 22.92it/s]
2026-07-24 18:56:19,062 - sflow.task.server_5 - INFO - 6:
2026-07-24 18:56:19,062 - sflow.task.server_5 - INFO - Loading weights:  40%|███▉      | 582/1458 [00:29<01:09, 12.68it/s]
2026-07-24 18:56:19,062 - sflow.task.server_5 - INFO - 7:
2026-07-24 18:56:19,062 - sflow.task.server_5 - INFO - Loading weights:  40%|███▉      | 582/1458 [00:29<01:11, 12.23it/s]
2026-07-24 18:56:19,164 - sflow.task.server_5 - INFO - 4:
2026-07-24 18:56:19,164 - sflow.task.server_5 - INFO - Loading weights:  40%|████      | 586/1458 [00:29<01:00, 14.49it/s]
2026-07-24 18:56:19,164 - sflow.task.server_5 - INFO - 2:
2026-07-24 18:56:19,164 - sflow.task.server_5 - INFO - Loading weights:  28%|██▊       | 414/1458 [00:21<00:42, 24.51it/s]
2026-07-24 18:56:19,164 - sflow.task.server_5 - INFO - 3:
2026-07-24 18:56:19,164 - sflow.task.server_5 - INFO - Loading weights:  29%|██▊       | 418/1458 [00:21<00:43, 24.17it/s]
2026-07-24 18:56:19,164 - sflow.task.server_5 - INFO - 6:
2026-07-24 18:56:19,164 - sflow.task.server_5 - INFO - Loading weights:  40%|████      | 589/1458 [00:29<00:50, 17.07it/s]
2026-07-24 18:56:19,164 - sflow.task.server_5 - INFO - 7:
2026-07-24 18:56:19,164 - sflow.task.server_5 - INFO - Loading weights:  40%|████      | 589/1458 [00:29<00:52, 16.53it/s]
2026-07-24 18:56:19,214 - sflow.task.server_5 - INFO - 5:
2026-07-24 18:56:19,215 - sflow.task.server_5 - INFO - Loading weights:  40%|███▉      | 582/1458 [00:29<01:03, 13.88it/s]
2026-07-24 18:56:19,266 - sflow.task.server_5 - INFO - 4:
2026-07-24 18:56:19,266 - sflow.task.server_5 - INFO - Loading weights:  41%|████      | 596/1458 [00:29<00:37, 22.81it/s]
2026-07-24 18:56:19,266 - sflow.task.server_5 - INFO - 3:
2026-07-24 18:56:19,266 - sflow.task.server_5 - INFO - Loading weights:  29%|██▉       | 428/1458 [00:21<00:27, 36.90it/s]
2026-07-24 18:56:19,266 - sflow.task.server_5 - INFO - 2:
2026-07-24 18:56:19,266 - sflow.task.server_5 - INFO - Loading weights:  29%|██▉       | 421/1458 [00:21<00:35, 29.05it/s]
2026-07-24 18:56:19,317 - sflow.task.server_5 - INFO - 6:
2026-07-24 18:56:19,317 - sflow.task.server_5 - INFO - Loading weights:  41%|████      | 598/1458 [00:29<00:35, 23.91it/s]
2026-07-24 18:56:19,317 - sflow.task.server_5 - INFO - 7:
2026-07-24 18:56:19,317 - sflow.task.server_5 - INFO - Loading weights:  41%|████      | 598/1458 [00:29<00:37, 23.18it/s]
2026-07-24 18:56:19,317 - sflow.task.server_5 - INFO - 5:
2026-07-24 18:56:19,317 - sflow.task.server_5 - INFO - Loading weights:  40%|████      | 589/1458 [00:29<00:48, 17.88it/s]
2026-07-24 18:56:19,369 - sflow.task.server_5 - INFO - 2:
2026-07-24 18:56:19,369 - sflow.task.server_5 - INFO - Loading weights:  29%|██▉       | 428/1458 [00:21<00:29, 34.77it/s]
2026-07-24 18:56:19,420 - sflow.task.server_5 - INFO - 3:
2026-07-24 18:56:19,420 - sflow.task.server_5 - INFO - Loading weights:  30%|██▉       | 435/1458 [00:21<00:24, 42.18it/s]
2026-07-24 18:56:19,420 - sflow.task.server_5 - INFO - 4:
2026-07-24 18:56:19,420 - sflow.task.server_5 - INFO - Loading weights:  41%|████      | 601/1458 [00:29<00:35, 24.45it/s]
2026-07-24 18:56:19,471 - sflow.task.server_5 - INFO - 6:
2026-07-24 18:56:19,471 - sflow.task.server_5 - INFO - Loading weights:  41%|████▏     | 604/1458 [00:29<00:32, 26.47it/s]
2026-07-24 18:56:19,471 - sflow.task.server_5 - INFO - 7:
2026-07-24 18:56:19,471 - sflow.task.server_5 - INFO - Loading weights:  41%|████▏     | 604/1458 [00:29<00:33, 25.81it/s]
2026-07-24 18:56:19,471 - sflow.task.server_5 - INFO - 5:
2026-07-24 18:56:19,471 - sflow.task.server_5 - INFO - Loading weights:  41%|████      | 601/1458 [00:29<00:32, 26.51it/s]
2026-07-24 18:56:19,522 - sflow.task.server_5 - INFO - 2:
2026-07-24 18:56:19,522 - sflow.task.server_5 - INFO - Loading weights:  30%|██▉       | 435/1458 [00:21<00:25, 39.70it/s]
2026-07-24 18:56:19,726 - sflow.task.server_5 - INFO - 1:
2026-07-24 18:56:19,726 - sflow.task.server_5 - INFO - Loading weights:  28%|██▊       | 414/1458 [00:21<01:05, 15.98it/s]
2026-07-24 18:56:19,829 - sflow.task.server_5 - INFO - 1:
2026-07-24 18:56:19,829 - sflow.task.server_5 - INFO - Loading weights:  29%|██▉       | 421/1458 [00:21<00:51, 20.11it/s]
2026-07-24 18:56:19,880 - sflow.task.server_5 - INFO - 2:
2026-07-24 18:56:19,881 - sflow.task.server_5 - INFO - Loading weights:  30%|███       | 441/1458 [00:22<00:36, 27.84it/s]
2026-07-24 18:56:19,931 - sflow.task.server_5 - INFO - 1:
2026-07-24 18:56:19,931 - sflow.task.server_5 - INFO - Loading weights:  29%|██▉       | 430/1458 [00:22<00:38, 26.99it/s]
2026-07-24 18:56:19,983 - sflow.task.server_5 - INFO - 0:
2026-07-24 18:56:19,983 - sflow.task.server_5 - INFO - Loading weights:  28%|██▊       | 414/1458 [00:22<01:10, 14.87it/s]
2026-07-24 18:56:19,983 - sflow.task.server_5 - INFO - 2:
2026-07-24 18:56:19,983 - sflow.task.server_5 - INFO - Loading weights:  31%|███       | 451/1458 [00:22<00:26, 38.32it/s]
2026-07-24 18:56:20,085 - sflow.task.server_5 - INFO - 0:
2026-07-24 18:56:20,085 - sflow.task.server_5 - INFO - Loading weights:  29%|██▉       | 421/1458 [00:22<00:54, 18.91it/s]
2026-07-24 18:56:20,137 - sflow.task.server_5 - INFO - 2:
2026-07-24 18:56:20,137 - sflow.task.server_5 - INFO - Loading weights:  31%|███▏      | 458/1458 [00:22<00:23, 42.52it/s]
2026-07-24 18:56:20,188 - sflow.task.server_5 - INFO - 0:
2026-07-24 18:56:20,188 - sflow.task.server_5 - INFO - Loading weights:  30%|██▉       | 431/1458 [00:22<00:38, 26.55it/s]
2026-07-24 18:56:20,239 - sflow.task.server_5 - INFO - 1:
2026-07-24 18:56:20,239 - sflow.task.server_5 - INFO - Loading weights:  30%|███       | 438/1458 [00:22<00:38, 26.46it/s]
2026-07-24 18:56:20,341 - sflow.task.server_5 - INFO - 4:
2026-07-24 18:56:20,341 - sflow.task.server_5 - INFO - Loading weights:  42%|████▏     | 606/1458 [00:30<01:05, 12.98it/s]
2026-07-24 18:56:20,341 - sflow.task.server_5 - INFO - 1:
2026-07-24 18:56:20,341 - sflow.task.server_5 - INFO - Loading weights:  31%|███       | 445/1458 [00:22<00:31, 31.67it/s]
2026-07-24 18:56:20,393 - sflow.task.server_5 - INFO - 3:
2026-07-24 18:56:20,393 - sflow.task.server_5 - INFO - Loading weights:  30%|███       | 441/1458 [00:22<01:03, 15.99it/s]
2026-07-24 18:56:20,393 - sflow.task.server_5 - INFO - 5:
2026-07-24 18:56:20,393 - sflow.task.server_5 - INFO - Loading weights:  42%|████▏     | 607/1458 [00:30<00:54, 15.70it/s]
2026-07-24 18:56:20,393 - sflow.task.server_5 - INFO - 2:
2026-07-24 18:56:20,393 - sflow.task.server_5 - INFO - Loading weights:  32%|███▏      | 465/1458 [00:22<00:27, 35.71it/s]
2026-07-24 18:56:20,393 - sflow.task.server_5 - INFO - 7:
2026-07-24 18:56:20,393 - sflow.task.server_5 - INFO - Loading weights:  42%|████▏     | 609/1458 [00:30<01:02, 13.50it/s]
2026-07-24 18:56:20,444 - sflow.task.server_5 - INFO - 4:
2026-07-24 18:56:20,444 - sflow.task.server_5 - INFO - Loading weights:  42%|████▏     | 613/1458 [00:30<00:47, 17.80it/s]
2026-07-24 18:56:20,444 - sflow.task.server_5 - INFO - 0:
2026-07-24 18:56:20,444 - sflow.task.server_5 - INFO - Loading weights:  30%|███       | 438/1458 [00:22<00:38, 26.47it/s]
2026-07-24 18:56:20,444 - sflow.task.server_5 - INFO - 6:
2026-07-24 18:56:20,444 - sflow.task.server_5 - INFO - Loading weights:  42%|████▏     | 609/1458 [00:30<01:05, 13.04it/s]
2026-07-24 18:56:20,496 - sflow.task.server_5 - INFO - 1:
2026-07-24 18:56:20,496 - sflow.task.server_5 - INFO - Loading weights:  31%|███▏      | 457/1458 [00:22<00:23, 42.21it/s]
2026-07-24 18:56:20,496 - sflow.task.server_5 - INFO - 3:
2026-07-24 18:56:20,496 - sflow.task.server_5 - INFO - Loading weights:  31%|███       | 452/1458 [00:22<00:40, 24.82it/s]
2026-07-24 18:56:20,496 - sflow.task.server_5 - INFO - 5:
2026-07-24 18:56:20,496 - sflow.task.server_5 - INFO - Loading weights:  42%|████▏     | 613/1458 [00:30<00:44, 19.14it/s]
2026-07-24 18:56:20,496 - sflow.task.server_5 - INFO - 7:
2026-07-24 18:56:20,496 - sflow.task.server_5 - INFO - Loading weights:  42%|████▏     | 619/1458 [00:30<00:40, 20.67it/s]
2026-07-24 18:56:20,547 - sflow.task.server_5 - INFO - 2:
2026-07-24 18:56:20,547 - sflow.task.server_5 - INFO - Loading weights:  33%|███▎      | 476/1458 [00:22<00:21, 46.34it/s]
2026-07-24 18:56:20,547 - sflow.task.server_5 - INFO - 4:
2026-07-24 18:56:20,547 - sflow.task.server_5 - INFO - Loading weights:  43%|████▎     | 622/1458 [00:30<00:32, 25.41it/s]
2026-07-24 18:56:20,547 - sflow.task.server_5 - INFO - 0:
2026-07-24 18:56:20,547 - sflow.task.server_5 - INFO - Loading weights:  31%|███       | 445/1458 [00:22<00:31, 31.74it/s]
2026-07-24 18:56:20,599 - sflow.task.server_5 - INFO - 6:
2026-07-24 18:56:20,599 - sflow.task.server_5 - INFO - Loading weights:  43%|████▎     | 620/1458 [00:30<00:40, 20.67it/s]
2026-07-24 18:56:20,599 - sflow.task.server_5 - INFO - 3:
2026-07-24 18:56:20,599 - sflow.task.server_5 - INFO - Loading weights:  31%|███▏      | 459/1458 [00:22<00:33, 29.87it/s]
2026-07-24 18:56:20,599 - sflow.task.server_5 - INFO - 5:
2026-07-24 18:56:20,599 - sflow.task.server_5 - INFO - Loading weights:  43%|████▎     | 622/1458 [00:30<00:32, 26.03it/s]
2026-07-24 18:56:20,651 - sflow.task.server_5 - INFO - 7:
2026-07-24 18:56:20,651 - sflow.task.server_5 - INFO - Loading weights:  43%|████▎     | 625/1458 [00:30<00:34, 24.29it/s]
2026-07-24 18:56:20,651 - sflow.task.server_5 - INFO - 4:
2026-07-24 18:56:20,651 - sflow.task.server_5 - INFO - Loading weights:  43%|████▎     | 628/1458 [00:30<00:27, 29.77it/s]
2026-07-24 18:56:20,703 - sflow.task.server_5 - INFO - 0:
2026-07-24 18:56:20,703 - sflow.task.server_5 - INFO - Loading weights:  31%|███▏      | 457/1458 [00:22<00:23, 43.34it/s]
2026-07-24 18:56:20,703 - sflow.task.server_5 - INFO - 6:
2026-07-24 18:56:20,703 - sflow.task.server_5 - INFO - Loading weights:  43%|████▎     | 627/1458 [00:30<00:32, 25.59it/s]
2026-07-24 18:56:20,703 - sflow.task.server_5 - INFO - 2:
2026-07-24 18:56:20,703 - sflow.task.server_5 - INFO - Loading weights:  33%|███▎      | 483/1458 [00:22<00:22, 43.01it/s]
2026-07-24 18:56:20,805 - sflow.task.server_5 - INFO - 1:
2026-07-24 18:56:20,805 - sflow.task.server_5 - INFO - Loading weights:  32%|███▏      | 464/1458 [00:22<00:28, 35.05it/s]
2026-07-24 18:56:20,857 - sflow.task.server_5 - INFO - 7:
2026-07-24 18:56:20,857 - sflow.task.server_5 - INFO - Loading weights:  43%|████▎     | 631/1458 [00:30<00:33, 24.66it/s]
2026-07-24 18:56:20,908 - sflow.task.server_5 - INFO - 1:
2026-07-24 18:56:20,908 - sflow.task.server_5 - INFO - Loading weights:  33%|███▎      | 476/1458 [00:23<00:21, 46.26it/s]
2026-07-24 18:56:20,959 - sflow.task.server_5 - INFO - 7:
2026-07-24 18:56:20,959 - sflow.task.server_5 - INFO - Loading weights:  44%|████▎     | 637/1458 [00:30<00:28, 29.01it/s]
2026-07-24 18:56:21,010 - sflow.task.server_5 - INFO - 0:
2026-07-24 18:56:21,010 - sflow.task.server_5 - INFO - Loading weights:  32%|███▏      | 464/1458 [00:23<00:28, 35.17it/s]
2026-07-24 18:56:21,010 - sflow.task.server_5 - INFO - 6:
2026-07-24 18:56:21,010 - sflow.task.server_5 - INFO - Loading weights:  43%|████▎     | 633/1458 [00:31<00:35, 23.43it/s]
2026-07-24 18:56:21,010 - sflow.task.server_5 - INFO - 1:
2026-07-24 18:56:21,010 - sflow.task.server_5 - INFO - Loading weights:  33%|███▎      | 483/1458 [00:23<00:19, 49.76it/s]
2026-07-24 18:56:21,061 - sflow.task.server_5 - INFO - 3:
2026-07-24 18:56:21,061 - sflow.task.server_5 - INFO - Loading weights:  32%|███▏      | 466/1458 [00:23<00:43, 23.00it/s]
2026-07-24 18:56:21,061 - sflow.task.server_5 - INFO - 7:
2026-07-24 18:56:21,061 - sflow.task.server_5 - INFO - Loading weights:  44%|████▍     | 646/1458 [00:31<00:21, 38.00it/s]
2026-07-24 18:56:21,112 - sflow.task.server_5 - INFO - 0:
2026-07-24 18:56:21,112 - sflow.task.server_5 - INFO - Loading weights:  33%|███▎      | 476/1458 [00:23<00:20, 47.23it/s]
2026-07-24 18:56:21,112 - sflow.task.server_5 - INFO - 6:
2026-07-24 18:56:21,112 - sflow.task.server_5 - INFO - Loading weights:  44%|████▍     | 644/1458 [00:31<00:24, 33.44it/s]
2026-07-24 18:56:21,214 - sflow.task.server_5 - INFO - 3:
2026-07-24 18:56:21,214 - sflow.task.server_5 - INFO - Loading weights:  33%|███▎      | 478/1458 [00:23<00:29, 33.53it/s]
2026-07-24 18:56:21,214 - sflow.task.server_5 - INFO - 0:
2026-07-24 18:56:21,214 - sflow.task.server_5 - INFO - Loading weights:  33%|███▎      | 484/1458 [00:23<00:18, 52.51it/s]
2026-07-24 18:56:21,214 - sflow.task.server_5 - INFO - 6:
2026-07-24 18:56:21,214 - sflow.task.server_5 - INFO - Loading weights:  45%|████▍     | 651/1458 [00:31<00:21, 38.37it/s]
2026-07-24 18:56:21,366 - sflow.task.server_5 - INFO - 7:
2026-07-24 18:56:21,366 - sflow.task.server_5 - INFO - Loading weights:  45%|████▍     | 654/1458 [00:31<00:23, 33.78it/s]
2026-07-24 18:56:21,469 - sflow.task.server_5 - INFO - 5:
2026-07-24 18:56:21,469 - sflow.task.server_5 - INFO - Loading weights:  43%|████▎     | 630/1458 [00:31<00:48, 16.91it/s]
2026-07-24 18:56:21,469 - sflow.task.server_5 - INFO - 7:
2026-07-24 18:56:21,469 - sflow.task.server_5 - INFO - Loading weights:  45%|████▌     | 661/1458 [00:31<00:20, 39.26it/s]
2026-07-24 18:56:21,572 - sflow.task.server_5 - INFO - 5:
2026-07-24 18:56:21,572 - sflow.task.server_5 - INFO - Loading weights:  44%|████▎     | 637/1458 [00:31<00:38, 21.35it/s]
2026-07-24 18:56:21,622 - sflow.task.server_5 - INFO - 7:
2026-07-24 18:56:21,623 - sflow.task.server_5 - INFO - Loading weights:  46%|████▌     | 673/1458 [00:31<00:15, 49.68it/s]
2026-07-24 18:56:21,674 - sflow.task.server_5 - INFO - 5:
2026-07-24 18:56:21,674 - sflow.task.server_5 - INFO - Loading weights:  44%|████▍     | 646/1458 [00:31<00:28, 28.59it/s]
2026-07-24 18:56:21,674 - sflow.task.server_5 - INFO - 4:
2026-07-24 18:56:21,674 - sflow.task.server_5 - INFO - Loading weights:  43%|████▎     | 634/1458 [00:31<00:58, 14.01it/s]
2026-07-24 18:56:21,826 - sflow.task.server_5 - INFO - 4:
2026-07-24 18:56:21,826 - sflow.task.server_5 - INFO - Loading weights:  44%|████▍     | 646/1458 [00:31<00:35, 22.69it/s]
2026-07-24 18:56:21,928 - sflow.task.server_5 - INFO - 2:
2026-07-24 18:56:21,928 - sflow.task.server_5 - INFO - Loading weights:  34%|███▎      | 489/1458 [00:24<01:03, 15.22it/s]
2026-07-24 18:56:22,031 - sflow.task.server_5 - INFO - 2:
2026-07-24 18:56:22,031 - sflow.task.server_5 - INFO - Loading weights:  34%|███▍      | 499/1458 [00:24<00:44, 21.73it/s]
2026-07-24 18:56:22,083 - sflow.task.server_5 - INFO - 1:
2026-07-24 18:56:22,083 - sflow.task.server_5 - INFO - Loading weights:  34%|███▎      | 490/1458 [00:24<00:52, 18.51it/s]
2026-07-24 18:56:22,134 - sflow.task.server_5 - INFO - 3:
2026-07-24 18:56:22,134 - sflow.task.server_5 - INFO - Loading weights:  33%|███▎      | 486/1458 [00:24<00:53, 18.26it/s]
2026-07-24 18:56:22,185 - sflow.task.server_5 - INFO - 1:
2026-07-24 18:56:22,185 - sflow.task.server_5 - INFO - Loading weights:  34%|███▍      | 502/1458 [00:24<00:35, 27.24it/s]
2026-07-24 18:56:22,236 - sflow.task.server_5 - INFO - 2:
2026-07-24 18:56:22,236 - sflow.task.server_5 - INFO - Loading weights:  35%|███▍      | 505/1458 [00:24<00:40, 23.39it/s]
2026-07-24 18:56:22,236 - sflow.task.server_5 - INFO - 6:
2026-07-24 18:56:22,236 - sflow.task.server_5 - INFO - Loading weights:  45%|████▌     | 658/1458 [00:32<00:46, 17.07it/s]
2026-07-24 18:56:22,236 - sflow.task.server_5 - INFO - 3:
2026-07-24 18:56:22,236 - sflow.task.server_5 - INFO - Loading weights:  34%|███▍      | 493/1458 [00:24<00:42, 22.49it/s]
2026-07-24 18:56:22,288 - sflow.task.server_5 - INFO - 0:
2026-07-24 18:56:22,288 - sflow.task.server_5 - INFO - Loading weights:  34%|███▎      | 492/1458 [00:24<00:49, 19.43it/s]
2026-07-24 18:56:22,339 - sflow.task.server_5 - INFO - 3:
2026-07-24 18:56:22,339 - sflow.task.server_5 - INFO - Loading weights:  34%|███▍      | 503/1458 [00:24<00:31, 30.64it/s]
2026-07-24 18:56:22,391 - sflow.task.server_5 - INFO - 6:
2026-07-24 18:56:22,391 - sflow.task.server_5 - INFO - Loading weights:  46%|████▌     | 670/1458 [00:32<00:30, 25.48it/s]
2026-07-24 18:56:22,442 - sflow.task.server_5 - INFO - 0:
2026-07-24 18:56:22,442 - sflow.task.server_5 - INFO - Loading weights:  34%|███▍      | 502/1458 [00:24<00:36, 26.02it/s]
2026-07-24 18:56:22,697 - sflow.task.server_5 - INFO - 7:
2026-07-24 18:56:22,697 - sflow.task.server_5 - INFO - Loading weights:  47%|████▋     | 680/1458 [00:32<00:41, 18.78it/s]
2026-07-24 18:56:22,697 - sflow.task.server_5 - INFO - 5:
2026-07-24 18:56:22,697 - sflow.task.server_5 - INFO - Loading weights:  45%|████▍     | 654/1458 [00:32<00:51, 15.73it/s]
2026-07-24 18:56:22,798 - sflow.task.server_5 - INFO - 5:
2026-07-24 18:56:22,798 - sflow.task.server_5 - INFO - Loading weights:  45%|████▌     | 661/1458 [00:32<00:39, 19.93it/s]
2026-07-24 18:56:22,849 - sflow.task.server_5 - INFO - 4:
2026-07-24 18:56:22,849 - sflow.task.server_5 - INFO - Loading weights:  45%|████▍     | 654/1458 [00:32<00:55, 14.43it/s]
2026-07-24 18:56:22,901 - sflow.task.server_5 - INFO - 7:
2026-07-24 18:56:22,901 - sflow.task.server_5 - INFO - Loading weights:  47%|████▋     | 692/1458 [00:32<00:30, 25.35it/s]
2026-07-24 18:56:22,901 - sflow.task.server_5 - INFO - 5:
2026-07-24 18:56:22,901 - sflow.task.server_5 - INFO - Loading weights:  46%|████▌     | 671/1458 [00:32<00:28, 27.89it/s]
2026-07-24 18:56:22,952 - sflow.task.server_5 - INFO - 4:
2026-07-24 18:56:22,952 - sflow.task.server_5 - INFO - Loading weights:  45%|████▌     | 659/1458 [00:32<00:47, 16.85it/s]
2026-07-24 18:56:23,053 - sflow.task.server_5 - INFO - 7:
2026-07-24 18:56:23,053 - sflow.task.server_5 - INFO - Loading weights:  48%|████▊     | 697/1458 [00:33<00:29, 26.14it/s]
2026-07-24 18:56:23,053 - sflow.task.server_5 - INFO - 4:
2026-07-24 18:56:23,053 - sflow.task.server_5 - INFO - Loading weights:  46%|████▌     | 670/1458 [00:33<00:31, 25.04it/s]
2026-07-24 18:56:23,155 - sflow.task.server_5 - INFO - 1:
2026-07-24 18:56:23,155 - sflow.task.server_5 - INFO - Loading weights:  35%|███▍      | 510/1458 [00:25<00:55, 16.94it/s]
2026-07-24 18:56:23,256 - sflow.task.server_5 - INFO - 1:
2026-07-24 18:56:23,256 - sflow.task.server_5 - INFO - Loading weights:  35%|███▌      | 515/1458 [00:25<00:48, 19.27it/s]
2026-07-24 18:56:23,256 - sflow.task.server_5 - INFO - 2:
2026-07-24 18:56:23,256 - sflow.task.server_5 - INFO - Loading weights:  35%|███▍      | 510/1458 [00:25<01:15, 12.53it/s]
2026-07-24 18:56:23,407 - sflow.task.server_5 - INFO - 2:
2026-07-24 18:56:23,407 - sflow.task.server_5 - INFO - Loading weights:  35%|███▌      | 517/1458 [00:25<00:56, 16.60it/s]
2026-07-24 18:56:23,407 - sflow.task.server_5 - INFO - 1:
2026-07-24 18:56:23,407 - sflow.task.server_5 - INFO - Loading weights:  36%|███▌      | 524/1458 [00:25<00:36, 25.39it/s]
2026-07-24 18:56:23,459 - sflow.task.server_5 - INFO - 3:
2026-07-24 18:56:23,459 - sflow.task.server_5 - INFO - Loading weights:  35%|███▍      | 510/1458 [00:25<01:01, 15.49it/s]
2026-07-24 18:56:23,459 - sflow.task.server_5 - INFO - 6:
2026-07-24 18:56:23,459 - sflow.task.server_5 - INFO - Loading weights:  47%|████▋     | 678/1458 [00:33<00:51, 15.17it/s]
2026-07-24 18:56:23,510 - sflow.task.server_5 - INFO - 2:
2026-07-24 18:56:23,510 - sflow.task.server_5 - INFO - Loading weights:  36%|███▌      | 527/1458 [00:25<00:38, 24.45it/s]
2026-07-24 18:56:23,562 - sflow.task.server_5 - INFO - 1:
2026-07-24 18:56:23,562 - sflow.task.server_5 - INFO - Loading weights:  36%|███▋      | 530/1458 [00:25<00:33, 27.63it/s]
2026-07-24 18:56:23,562 - sflow.task.server_5 - INFO - 6:
2026-07-24 18:56:23,562 - sflow.task.server_5 - INFO - Loading weights:  47%|████▋     | 683/1458 [00:33<00:44, 17.59it/s]
2026-07-24 18:56:23,562 - sflow.task.server_5 - INFO - 3:
2026-07-24 18:56:23,562 - sflow.task.server_5 - INFO - Loading weights:  35%|███▌      | 517/1458 [00:25<00:48, 19.43it/s]
2026-07-24 18:56:23,562 - sflow.task.server_5 - INFO - 0:
2026-07-24 18:56:23,562 - sflow.task.server_5 - INFO - Loading weights:  35%|███▍      | 510/1458 [00:25<01:03, 14.91it/s]
2026-07-24 18:56:23,664 - sflow.task.server_5 - INFO - 3:
2026-07-24 18:56:23,664 - sflow.task.server_5 - INFO - Loading weights:  36%|███▌      | 527/1458 [00:25<00:34, 27.15it/s]
2026-07-24 18:56:23,664 - sflow.task.server_5 - INFO - 6:
2026-07-24 18:56:23,664 - sflow.task.server_5 - INFO - Loading weights:  47%|████▋     | 692/1458 [00:33<00:31, 23.94it/s]
2026-07-24 18:56:23,664 - sflow.task.server_5 - INFO - 0:
2026-07-24 18:56:23,664 - sflow.task.server_5 - INFO - Loading weights:  35%|███▌      | 517/1458 [00:25<00:50, 18.60it/s]
2026-07-24 18:56:23,767 - sflow.task.server_5 - INFO - 6:
2026-07-24 18:56:23,767 - sflow.task.server_5 - INFO - Loading weights:  48%|████▊     | 699/1458 [00:33<00:26, 28.84it/s]
2026-07-24 18:56:23,767 - sflow.task.server_5 - INFO - 0:
2026-07-24 18:56:23,767 - sflow.task.server_5 - INFO - Loading weights:  36%|███▌      | 527/1458 [00:25<00:36, 25.78it/s]
2026-07-24 18:56:23,972 - sflow.task.server_5 - INFO - 5:
2026-07-24 18:56:23,972 - sflow.task.server_5 - INFO - Loading weights:  47%|████▋     | 678/1458 [00:34<00:52, 14.92it/s]
2026-07-24 18:56:24,023 - sflow.task.server_5 - INFO - 7:
2026-07-24 18:56:24,024 - sflow.task.server_5 - INFO - Loading weights:  48%|████▊     | 702/1458 [00:34<00:53, 14.20it/s]
2026-07-24 18:56:24,024 - sflow.task.server_5 - INFO - 4:
2026-07-24 18:56:24,024 - sflow.task.server_5 - INFO - Loading weights:  47%|████▋     | 678/1458 [00:34<00:49, 15.83it/s]
2026-07-24 18:56:24,075 - sflow.task.server_5 - INFO - 5:
2026-07-24 18:56:24,075 - sflow.task.server_5 - INFO - Loading weights:  47%|████▋     | 685/1458 [00:34<00:40, 18.95it/s]
2026-07-24 18:56:24,128 - sflow.task.server_5 - INFO - 4:
2026-07-24 18:56:24,128 - sflow.task.server_5 - INFO - Loading weights:  47%|████▋     | 685/1458 [00:34<00:38, 19.84it/s]
2026-07-24 18:56:24,128 - sflow.task.server_5 - INFO - 7:
2026-07-24 18:56:24,128 - sflow.task.server_5 - INFO - Loading weights:  48%|████▊     | 706/1458 [00:34<00:47, 15.98it/s]
2026-07-24 18:56:24,231 - sflow.task.server_5 - INFO - 5:
2026-07-24 18:56:24,231 - sflow.task.server_5 - INFO - Loading weights:  48%|████▊     | 697/1458 [00:34<00:27, 27.27it/s]
2026-07-24 18:56:24,231 - sflow.task.server_5 - INFO - 4:
2026-07-24 18:56:24,231 - sflow.task.server_5 - INFO - Loading weights:  48%|████▊     | 694/1458 [00:34<00:29, 26.27it/s]
2026-07-24 18:56:24,283 - sflow.task.server_5 - INFO - 7:
2026-07-24 18:56:24,283 - sflow.task.server_5 - INFO - Loading weights:  49%|████▉     | 716/1458 [00:34<00:32, 22.80it/s]
2026-07-24 18:56:24,487 - sflow.task.server_5 - INFO - 7:
2026-07-24 18:56:24,487 - sflow.task.server_5 - INFO - Loading weights:  49%|████▉     | 721/1458 [00:34<00:30, 23.90it/s]
2026-07-24 18:56:24,589 - sflow.task.server_5 - INFO - 1:
2026-07-24 18:56:24,589 - sflow.task.server_5 - INFO - Loading weights:  37%|███▋      | 535/1458 [00:26<01:08, 13.50it/s]
2026-07-24 18:56:24,640 - sflow.task.server_5 - INFO - 2:
2026-07-24 18:56:24,640 - sflow.task.server_5 - INFO - Loading weights:  37%|███▋      | 534/1458 [00:26<01:08, 13.41it/s]
2026-07-24 18:56:24,691 - sflow.task.server_5 - INFO - 3:
2026-07-24 18:56:24,691 - sflow.task.server_5 - INFO - Loading weights:  37%|███▋      | 534/1458 [00:26<00:59, 15.44it/s]
2026-07-24 18:56:24,691 - sflow.task.server_5 - INFO - 1:
2026-07-24 18:56:24,691 - sflow.task.server_5 - INFO - Loading weights:  37%|███▋      | 539/1458 [00:26<00:59, 15.32it/s]
2026-07-24 18:56:24,743 - sflow.task.server_5 - INFO - 2:
2026-07-24 18:56:24,743 - sflow.task.server_5 - INFO - Loading weights:  37%|███▋      | 541/1458 [00:26<00:52, 17.35it/s]
2026-07-24 18:56:24,794 - sflow.task.server_5 - INFO - 3:
2026-07-24 18:56:24,795 - sflow.task.server_5 - INFO - Loading weights:  37%|███▋      | 541/1458 [00:26<00:47, 19.45it/s]
2026-07-24 18:56:24,795 - sflow.task.server_5 - INFO - 1:
2026-07-24 18:56:24,795 - sflow.task.server_5 - INFO - Loading weights:  38%|███▊      | 548/1458 [00:26<00:40, 22.60it/s]
2026-07-24 18:56:24,846 - sflow.task.server_5 - INFO - 6:
2026-07-24 18:56:24,846 - sflow.task.server_5 - INFO - Loading weights:  48%|████▊     | 705/1458 [00:34<00:52, 14.31it/s]
2026-07-24 18:56:24,846 - sflow.task.server_5 - INFO - 2:
2026-07-24 18:56:24,846 - sflow.task.server_5 - INFO - Loading weights:  38%|███▊      | 550/1458 [00:26<00:38, 23.71it/s]
2026-07-24 18:56:24,846 - sflow.task.server_5 - INFO - 0:
2026-07-24 18:56:24,846 - sflow.task.server_5 - INFO - Loading weights:  37%|███▋      | 534/1458 [00:26<01:02, 14.70it/s]
2026-07-24 18:56:24,898 - sflow.task.server_5 - INFO - 3:
2026-07-24 18:56:24,898 - sflow.task.server_5 - INFO - Loading weights:  38%|███▊      | 550/1458 [00:27<00:34, 26.18it/s]
2026-07-24 18:56:24,948 - sflow.task.server_5 - INFO - 6:
2026-07-24 18:56:24,948 - sflow.task.server_5 - INFO - Loading weights:  49%|████▉     | 716/1458 [00:34<00:34, 21.65it/s]
2026-07-24 18:56:24,948 - sflow.task.server_5 - INFO - 0:
2026-07-24 18:56:24,948 - sflow.task.server_5 - INFO - Loading weights:  37%|███▋      | 541/1458 [00:27<00:49, 18.60it/s]
2026-07-24 18:56:24,948 - sflow.task.server_5 - INFO - 1:
2026-07-24 18:56:24,948 - sflow.task.server_5 - INFO - Loading weights:  38%|███▊      | 553/1458 [00:27<00:37, 24.33it/s]
2026-07-24 18:56:24,999 - sflow.task.server_5 - INFO - 2:
2026-07-24 18:56:24,999 - sflow.task.server_5 - INFO - Loading weights:  38%|███▊      | 556/1458 [00:27<00:34, 26.20it/s]
2026-07-24 18:56:24,999 - sflow.task.server_5 - INFO - 3:
2026-07-24 18:56:24,999 - sflow.task.server_5 - INFO - Loading weights:  38%|███▊      | 557/1458 [00:27<00:28, 31.22it/s]
2026-07-24 18:56:25,050 - sflow.task.server_5 - INFO - 6:
2026-07-24 18:56:25,050 - sflow.task.server_5 - INFO - Loading weights:  50%|████▉     | 723/1458 [00:35<00:28, 26.20it/s]
2026-07-24 18:56:25,050 - sflow.task.server_5 - INFO - 0:
2026-07-24 18:56:25,050 - sflow.task.server_5 - INFO - Loading weights:  38%|███▊      | 551/1458 [00:27<00:34, 26.08it/s]
2026-07-24 18:56:25,255 - sflow.task.server_5 - INFO - 4:
2026-07-24 18:56:25,255 - sflow.task.server_5 - INFO - Loading weights:  48%|████▊     | 702/1458 [00:35<00:48, 15.51it/s]
2026-07-24 18:56:25,306 - sflow.task.server_5 - INFO - 5:
2026-07-24 18:56:25,306 - sflow.task.server_5 - INFO - Loading weights:  48%|████▊     | 704/1458 [00:35<00:50, 15.07it/s]
2026-07-24 18:56:25,357 - sflow.task.server_5 - INFO - 4:
2026-07-24 18:56:25,357 - sflow.task.server_5 - INFO - Loading weights:  49%|████▊     | 709/1458 [00:35<00:38, 19.56it/s]
2026-07-24 18:56:25,459 - sflow.task.server_5 - INFO - 5:
2026-07-24 18:56:25,459 - sflow.task.server_5 - INFO - Loading weights:  49%|████▉     | 716/1458 [00:35<00:33, 22.28it/s]
2026-07-24 18:56:25,459 - sflow.task.server_5 - INFO - 4:
2026-07-24 18:56:25,459 - sflow.task.server_5 - INFO - Loading weights:  49%|████▉     | 718/1458 [00:35<00:28, 26.37it/s]
2026-07-24 18:56:25,561 - sflow.task.server_5 - INFO - 5:
2026-07-24 18:56:25,561 - sflow.task.server_5 - INFO - Loading weights:  50%|████▉     | 723/1458 [00:35<00:27, 26.35it/s]
2026-07-24 18:56:25,611 - sflow.task.server_5 - INFO - 7:
2026-07-24 18:56:25,611 - sflow.task.server_5 - INFO - Loading weights:  50%|████▉     | 726/1458 [00:35<01:04, 11.39it/s]
2026-07-24 18:56:25,764 - sflow.task.server_5 - INFO - 7:
2026-07-24 18:56:25,764 - sflow.task.server_5 - INFO - Loading weights:  50%|█████     | 730/1458 [00:35<00:55, 13.23it/s]
2026-07-24 18:56:25,917 - sflow.task.server_5 - INFO - 7:
2026-07-24 18:56:25,917 - sflow.task.server_5 - INFO - Loading weights:  51%|█████     | 740/1458 [00:35<00:34, 20.51it/s]
2026-07-24 18:56:26,020 - sflow.task.server_5 - INFO - 0:
2026-07-24 18:56:26,020 - sflow.task.server_5 - INFO - Loading weights:  38%|███▊      | 558/1458 [00:28<00:57, 15.69it/s]
2026-07-24 18:56:26,071 - sflow.task.server_5 - INFO - 1:
2026-07-24 18:56:26,071 - sflow.task.server_5 - INFO - Loading weights:  38%|███▊      | 558/1458 [00:28<01:17, 11.58it/s]
2026-07-24 18:56:26,071 - sflow.task.server_5 - INFO - 7:
2026-07-24 18:56:26,071 - sflow.task.server_5 - INFO - Loading weights:  51%|█████     | 745/1458 [00:36<00:32, 21.94it/s]
2026-07-24 18:56:26,122 - sflow.task.server_5 - INFO - 6:
2026-07-24 18:56:26,122 - sflow.task.server_5 - INFO - Loading weights:  50%|█████     | 730/1458 [00:36<00:50, 14.49it/s]
2026-07-24 18:56:26,122 - sflow.task.server_5 - INFO - 0:
2026-07-24 18:56:26,122 - sflow.task.server_5 - INFO - Loading weights:  39%|███▊      | 563/1458 [00:28<00:49, 18.14it/s]
2026-07-24 18:56:26,122 - sflow.task.server_5 - INFO - 3:
2026-07-24 18:56:26,122 - sflow.task.server_5 - INFO - Loading weights:  39%|███▊      | 564/1458 [00:28<01:00, 14.70it/s]
2026-07-24 18:56:26,174 - sflow.task.server_5 - INFO - 1:
2026-07-24 18:56:26,174 - sflow.task.server_5 - INFO - Loading weights:  39%|███▉      | 566/1458 [00:28<00:53, 16.69it/s]
2026-07-24 18:56:26,174 - sflow.task.server_5 - INFO - 2:
2026-07-24 18:56:26,174 - sflow.task.server_5 - INFO - Loading weights:  39%|███▊      | 562/1458 [00:28<01:11, 12.47it/s]
2026-07-24 18:56:26,225 - sflow.task.server_5 - INFO - 6:
2026-07-24 18:56:26,225 - sflow.task.server_5 - INFO - Loading weights:  51%|█████     | 742/1458 [00:36<00:32, 22.20it/s]
2026-07-24 18:56:26,225 - sflow.task.server_5 - INFO - 3:
2026-07-24 18:56:26,225 - sflow.task.server_5 - INFO - Loading weights:  39%|███▉      | 572/1458 [00:28<00:45, 19.35it/s]
2026-07-24 18:56:26,225 - sflow.task.server_5 - INFO - 0:
2026-07-24 18:56:26,225 - sflow.task.server_5 - INFO - Loading weights:  39%|███▉      | 572/1458 [00:28<00:36, 24.57it/s]
2026-07-24 18:56:26,275 - sflow.task.server_5 - INFO - 1:
2026-07-24 18:56:26,275 - sflow.task.server_5 - INFO - Loading weights:  39%|███▉      | 575/1458 [00:28<00:37, 23.80it/s]
2026-07-24 18:56:26,327 - sflow.task.server_5 - INFO - 2:
2026-07-24 18:56:26,327 - sflow.task.server_5 - INFO - Loading weights:  39%|███▉      | 572/1458 [00:28<00:47, 18.58it/s]
2026-07-24 18:56:26,327 - sflow.task.server_5 - INFO - 7:
2026-07-24 18:56:26,327 - sflow.task.server_5 - INFO - Loading weights:  51%|█████▏    | 750/1458 [00:36<00:32, 21.68it/s]
2026-07-24 18:56:26,378 - sflow.task.server_5 - INFO - 0:
2026-07-24 18:56:26,378 - sflow.task.server_5 - INFO - Loading weights:  40%|███▉      | 578/1458 [00:28<00:30, 28.53it/s]
2026-07-24 18:56:26,378 - sflow.task.server_5 - INFO - 3:
2026-07-24 18:56:26,378 - sflow.task.server_5 - INFO - Loading weights:  40%|███▉      | 578/1458 [00:28<00:38, 23.11it/s]
2026-07-24 18:56:26,429 - sflow.task.server_5 - INFO - 2:
2026-07-24 18:56:26,429 - sflow.task.server_5 - INFO - Loading weights:  40%|███▉      | 579/1458 [00:28<00:38, 23.08it/s]
2026-07-24 18:56:26,429 - sflow.task.server_5 - INFO - 7:
2026-07-24 18:56:26,429 - sflow.task.server_5 - INFO - Loading weights:  52%|█████▏    | 754/1458 [00:36<00:29, 23.55it/s]
2026-07-24 18:56:26,479 - sflow.task.server_5 - INFO - 4:
2026-07-24 18:56:26,479 - sflow.task.server_5 - INFO - Loading weights:  50%|████▉     | 726/1458 [00:36<00:46, 15.65it/s]
2026-07-24 18:56:26,530 - sflow.task.server_5 - INFO - 6:
2026-07-24 18:56:26,530 - sflow.task.server_5 - INFO - Loading weights:  51%|█████▏    | 750/1458 [00:36<00:30, 23.41it/s]
2026-07-24 18:56:26,530 - sflow.task.server_5 - INFO - 7:
2026-07-24 18:56:26,530 - sflow.task.server_5 - INFO - Loading weights:  53%|█████▎    | 766/1458 [00:36<00:18, 38.40it/s]
2026-07-24 18:56:26,581 - sflow.task.server_5 - INFO - 5:
2026-07-24 18:56:26,581 - sflow.task.server_5 - INFO - Loading weights:  50%|█████     | 730/1458 [00:36<00:47, 15.30it/s]
2026-07-24 18:56:26,581 - sflow.task.server_5 - INFO - 4:
2026-07-24 18:56:26,581 - sflow.task.server_5 - INFO - Loading weights:  50%|█████     | 733/1458 [00:36<00:36, 19.67it/s]
2026-07-24 18:56:26,581 - sflow.task.server_5 - INFO - 1:
2026-07-24 18:56:26,581 - sflow.task.server_5 - INFO - Loading weights:  40%|███▉      | 582/1458 [00:28<00:37, 23.24it/s]
2026-07-24 18:56:26,633 - sflow.task.server_5 - INFO - 6:
2026-07-24 18:56:26,633 - sflow.task.server_5 - INFO - Loading weights:  52%|█████▏    | 757/1458 [00:36<00:25, 28.03it/s]
2026-07-24 18:56:26,683 - sflow.task.server_5 - INFO - 4:
2026-07-24 18:56:26,684 - sflow.task.server_5 - INFO - Loading weights:  51%|█████     | 742/1458 [00:36<00:27, 26.38it/s]
2026-07-24 18:56:26,684 - sflow.task.server_5 - INFO - 5:
2026-07-24 18:56:26,684 - sflow.task.server_5 - INFO - Loading weights:  51%|█████     | 742/1458 [00:36<00:31, 22.66it/s]
2026-07-24 18:56:26,735 - sflow.task.server_5 - INFO - 6:
2026-07-24 18:56:26,735 - sflow.task.server_5 - INFO - Loading weights:  53%|█████▎    | 767/1458 [00:36<00:18, 37.23it/s]
2026-07-24 18:56:26,735 - sflow.task.server_5 - INFO - 1:
2026-07-24 18:56:26,735 - sflow.task.server_5 - INFO - Loading weights:  40%|████      | 587/1458 [00:28<00:33, 25.98it/s]
2026-07-24 18:56:26,735 - sflow.task.server_5 - INFO - 2:
2026-07-24 18:56:26,735 - sflow.task.server_5 - INFO - Loading weights:  40%|████      | 585/1458 [00:28<00:39, 22.02it/s]
2026-07-24 18:56:26,735 - sflow.task.server_5 - INFO - 3:
2026-07-24 18:56:26,735 - sflow.task.server_5 - INFO - Loading weights:  40%|████      | 584/1458 [00:28<00:43, 20.22it/s]
2026-07-24 18:56:26,888 - sflow.task.server_5 - INFO - 1:
2026-07-24 18:56:26,888 - sflow.task.server_5 - INFO - Loading weights:  41%|████      | 596/1458 [00:28<00:26, 32.62it/s]
2026-07-24 18:56:26,888 - sflow.task.server_5 - INFO - 2:
2026-07-24 18:56:26,888 - sflow.task.server_5 - INFO - Loading weights:  41%|████      | 596/1458 [00:28<00:28, 30.53it/s]
2026-07-24 18:56:26,888 - sflow.task.server_5 - INFO - 3:
2026-07-24 18:56:26,888 - sflow.task.server_5 - INFO - Loading weights:  41%|████      | 596/1458 [00:29<00:27, 30.79it/s]
2026-07-24 18:56:26,989 - sflow.task.server_5 - INFO - 2:
2026-07-24 18:56:26,989 - sflow.task.server_5 - INFO - Loading weights:  41%|████▏     | 602/1458 [00:29<00:25, 33.45it/s]
2026-07-24 18:56:26,989 - sflow.task.server_5 - INFO - 3:
2026-07-24 18:56:26,989 - sflow.task.server_5 - INFO - Loading weights:  41%|████▏     | 602/1458 [00:29<00:25, 33.73it/s]
2026-07-24 18:56:26,989 - sflow.task.server_5 - INFO - 1:
2026-07-24 18:56:26,989 - sflow.task.server_5 - INFO - Loading weights:  41%|████      | 601/1458 [00:29<00:25, 34.09it/s]
2026-07-24 18:56:27,296 - sflow.task.server_5 - INFO - 0:
2026-07-24 18:56:27,296 - sflow.task.server_5 - INFO - Loading weights:  40%|████      | 584/1458 [00:29<00:59, 14.73it/s]
2026-07-24 18:56:27,398 - sflow.task.server_5 - INFO - 0:
2026-07-24 18:56:27,398 - sflow.task.server_5 - INFO - Loading weights:  41%|████      | 596/1458 [00:29<00:36, 23.48it/s]
2026-07-24 18:56:27,551 - sflow.task.server_5 - INFO - 0:
2026-07-24 18:56:27,551 - sflow.task.server_5 - INFO - Loading weights:  41%|████▏     | 603/1458 [00:29<00:30, 28.21it/s]
2026-07-24 18:56:27,653 - sflow.task.server_5 - INFO - 7:
2026-07-24 18:56:27,653 - sflow.task.server_5 - INFO - Loading weights:  53%|█████▎    | 774/1458 [00:37<00:42, 16.09it/s]
2026-07-24 18:56:27,755 - sflow.task.server_5 - INFO - 7:
2026-07-24 18:56:27,755 - sflow.task.server_5 - INFO - Loading weights:  54%|█████▎    | 781/1458 [00:37<00:33, 20.48it/s]
2026-07-24 18:56:27,807 - sflow.task.server_5 - INFO - 6:
2026-07-24 18:56:27,807 - sflow.task.server_5 - INFO - Loading weights:  53%|█████▎    | 774/1458 [00:37<00:40, 16.96it/s]
2026-07-24 18:56:27,807 - sflow.task.server_5 - INFO - 5:
2026-07-24 18:56:27,807 - sflow.task.server_5 - INFO - Loading weights:  51%|█████▏    | 750/1458 [00:37<00:48, 14.49it/s]
2026-07-24 18:56:27,857 - sflow.task.server_5 - INFO - 4:
2026-07-24 18:56:27,857 - sflow.task.server_5 - INFO - Loading weights:  51%|█████▏    | 750/1458 [00:37<00:49, 14.20it/s]
2026-07-24 18:56:27,908 - sflow.task.server_5 - INFO - 5:
2026-07-24 18:56:27,908 - sflow.task.server_5 - INFO - Loading weights:  52%|█████▏    | 757/1458 [00:37<00:38, 18.07it/s]
2026-07-24 18:56:27,908 - sflow.task.server_5 - INFO - 6:
2026-07-24 18:56:27,908 - sflow.task.server_5 - INFO - Loading weights:  54%|█████▎    | 781/1458 [00:37<00:32, 20.96it/s]
2026-07-24 18:56:27,908 - sflow.task.server_5 - INFO - 7:
2026-07-24 18:56:27,908 - sflow.task.server_5 - INFO - Loading weights:  54%|█████▍    | 788/1458 [00:37<00:27, 24.39it/s]
2026-07-24 18:56:27,959 - sflow.task.server_5 - INFO - 4:
2026-07-24 18:56:27,959 - sflow.task.server_5 - INFO - Loading weights:  52%|█████▏    | 757/1458 [00:37<00:38, 18.09it/s]
2026-07-24 18:56:28,010 - sflow.task.server_5 - INFO - 5:
2026-07-24 18:56:28,010 - sflow.task.server_5 - INFO - Loading weights:  53%|█████▎    | 766/1458 [00:38<00:28, 24.05it/s]
2026-07-24 18:56:28,010 - sflow.task.server_5 - INFO - 6:
2026-07-24 18:56:28,010 - sflow.task.server_5 - INFO - Loading weights:  54%|█████▍    | 791/1458 [00:38<00:23, 28.99it/s]
2026-07-24 18:56:28,061 - sflow.task.server_5 - INFO - 7:
2026-07-24 18:56:28,061 - sflow.task.server_5 - INFO - Loading weights:  54%|█████▍    | 793/1458 [00:38<00:25, 26.05it/s]
2026-07-24 18:56:28,061 - sflow.task.server_5 - INFO - 1:
2026-07-24 18:56:28,061 - sflow.task.server_5 - INFO - Loading weights:  42%|████▏     | 606/1458 [00:30<01:03, 13.36it/s]
2026-07-24 18:56:28,061 - sflow.task.server_5 - INFO - 4:
2026-07-24 18:56:28,061 - sflow.task.server_5 - INFO - Loading weights:  53%|█████▎    | 767/1458 [00:38<00:27, 25.42it/s]
2026-07-24 18:56:28,112 - sflow.task.server_5 - INFO - 3:
2026-07-24 18:56:28,112 - sflow.task.server_5 - INFO - Loading weights:  42%|████▏     | 608/1458 [00:30<00:59, 14.38it/s]
2026-07-24 18:56:28,162 - sflow.task.server_5 - INFO - 2:
2026-07-24 18:56:28,162 - sflow.task.server_5 - INFO - Loading weights:  42%|████▏     | 608/1458 [00:30<01:00, 14.08it/s]
2026-07-24 18:56:28,162 - sflow.task.server_5 - INFO - 1:
2026-07-24 18:56:28,162 - sflow.task.server_5 - INFO - Loading weights:  42%|████▏     | 613/1458 [00:30<00:46, 18.06it/s]
2026-07-24 18:56:28,265 - sflow.task.server_5 - INFO - 3:
2026-07-24 18:56:28,265 - sflow.task.server_5 - INFO - Loading weights:  42%|████▏     | 619/1458 [00:30<00:38, 21.73it/s]
2026-07-24 18:56:28,265 - sflow.task.server_5 - INFO - 2:
2026-07-24 18:56:28,265 - sflow.task.server_5 - INFO - Loading weights:  43%|████▎     | 620/1458 [00:30<00:37, 22.23it/s]
2026-07-24 18:56:28,265 - sflow.task.server_5 - INFO - 6:
2026-07-24 18:56:28,265 - sflow.task.server_5 - INFO - Loading weights:  55%|█████▍    | 798/1458 [00:38<00:23, 28.24it/s]
2026-07-24 18:56:28,316 - sflow.task.server_5 - INFO - 1:
2026-07-24 18:56:28,316 - sflow.task.server_5 - INFO - Loading weights:  43%|████▎     | 622/1458 [00:30<00:32, 25.58it/s]
2026-07-24 18:56:28,316 - sflow.task.server_5 - INFO - 7:
2026-07-24 18:56:28,316 - sflow.task.server_5 - INFO - Loading weights:  55%|█████▍    | 798/1458 [00:38<00:26, 24.69it/s]
2026-07-24 18:56:28,367 - sflow.task.server_5 - INFO - 3:
2026-07-24 18:56:28,367 - sflow.task.server_5 - INFO - Loading weights:  43%|████▎     | 625/1458 [00:30<00:33, 25.21it/s]
2026-07-24 18:56:28,367 - sflow.task.server_5 - INFO - 2:
2026-07-24 18:56:28,367 - sflow.task.server_5 - INFO - Loading weights:  43%|████▎     | 627/1458 [00:30<00:31, 26.55it/s]
2026-07-24 18:56:28,367 - sflow.task.server_5 - INFO - 6:
2026-07-24 18:56:28,367 - sflow.task.server_5 - INFO - Loading weights:  55%|█████▌    | 804/1458 [00:38<00:20, 31.69it/s]
2026-07-24 18:56:28,418 - sflow.task.server_5 - INFO - 7:
2026-07-24 18:56:28,418 - sflow.task.server_5 - INFO - Loading weights:  55%|█████▌    | 805/1458 [00:38<00:21, 30.85it/s]
2026-07-24 18:56:28,520 - sflow.task.server_5 - INFO - 6:
2026-07-24 18:56:28,520 - sflow.task.server_5 - INFO - Loading weights:  56%|█████▌    | 812/1458 [00:38<00:16, 38.64it/s]
2026-07-24 18:56:28,520 - sflow.task.server_5 - INFO - 7:
2026-07-24 18:56:28,520 - sflow.task.server_5 - INFO - Loading weights:  56%|█████▌    | 814/1458 [00:38<00:16, 39.86it/s]
2026-07-24 18:56:28,571 - sflow.task.server_5 - INFO - 0:
2026-07-24 18:56:28,571 - sflow.task.server_5 - INFO - Loading weights:  42%|████▏     | 610/1458 [00:30<00:56, 14.92it/s]
2026-07-24 18:56:28,621 - sflow.task.server_5 - INFO - 1:
2026-07-24 18:56:28,621 - sflow.task.server_5 - INFO - Loading weights:  43%|████▎     | 630/1458 [00:30<00:32, 25.77it/s]
2026-07-24 18:56:28,621 - sflow.task.server_5 - INFO - 6:
2026-07-24 18:56:28,621 - sflow.task.server_5 - INFO - Loading weights:  56%|█████▌    | 819/1458 [00:38<00:14, 43.41it/s]
2026-07-24 18:56:28,723 - sflow.task.server_5 - INFO - 0:
2026-07-24 18:56:28,723 - sflow.task.server_5 - INFO - Loading weights:  43%|████▎     | 622/1458 [00:30<00:36, 22.68it/s]
2026-07-24 18:56:28,723 - sflow.task.server_5 - INFO - 1:
2026-07-24 18:56:28,723 - sflow.task.server_5 - INFO - Loading weights:  44%|████▎     | 637/1458 [00:30<00:26, 31.19it/s]
2026-07-24 18:56:28,773 - sflow.task.server_5 - INFO - 2:
2026-07-24 18:56:28,773 - sflow.task.server_5 - INFO - Loading weights:  43%|████▎     | 633/1458 [00:30<00:37, 22.17it/s]
2026-07-24 18:56:28,825 - sflow.task.server_5 - INFO - 1:
2026-07-24 18:56:28,825 - sflow.task.server_5 - INFO - Loading weights:  44%|████▍     | 646/1458 [00:30<00:20, 39.22it/s]
2026-07-24 18:56:28,876 - sflow.task.server_5 - INFO - 2:
2026-07-24 18:56:28,876 - sflow.task.server_5 - INFO - Loading weights:  44%|████▍     | 643/1458 [00:31<00:26, 30.79it/s]
2026-07-24 18:56:28,978 - sflow.task.server_5 - INFO - 5:
2026-07-24 18:56:28,978 - sflow.task.server_5 - INFO - Loading weights:  53%|█████▎    | 774/1458 [00:39<00:44, 15.39it/s]
2026-07-24 18:56:28,978 - sflow.task.server_5 - INFO - 0:
2026-07-24 18:56:28,978 - sflow.task.server_5 - INFO - Loading weights:  43%|████▎     | 630/1458 [00:31<00:34, 23.83it/s]
2026-07-24 18:56:29,029 - sflow.task.server_5 - INFO - 2:
2026-07-24 18:56:29,029 - sflow.task.server_5 - INFO - Loading weights:  45%|████▍     | 651/1458 [00:31<00:22, 36.55it/s]
2026-07-24 18:56:29,080 - sflow.task.server_5 - INFO - 4:
2026-07-24 18:56:29,080 - sflow.task.server_5 - INFO - Loading weights:  53%|█████▎    | 774/1458 [00:39<00:45, 15.13it/s]
2026-07-24 18:56:29,080 - sflow.task.server_5 - INFO - 5:
2026-07-24 18:56:29,081 - sflow.task.server_5 - INFO - Loading weights:  54%|█████▎    | 781/1458 [00:39<00:35, 19.31it/s]
2026-07-24 18:56:29,081 - sflow.task.server_5 - INFO - 0:
2026-07-24 18:56:29,081 - sflow.task.server_5 - INFO - Loading weights:  44%|████▎     | 637/1458 [00:31<00:28, 28.54it/s]
2026-07-24 18:56:29,132 - sflow.task.server_5 - INFO - 3:
2026-07-24 18:56:29,132 - sflow.task.server_5 - INFO - Loading weights:  43%|████▎     | 631/1458 [00:31<00:51, 16.07it/s]
2026-07-24 18:56:29,183 - sflow.task.server_5 - INFO - 4:
2026-07-24 18:56:29,183 - sflow.task.server_5 - INFO - Loading weights:  53%|█████▎    | 779/1458 [00:39<00:38, 17.58it/s]
2026-07-24 18:56:29,183 - sflow.task.server_5 - INFO - 5:
2026-07-24 18:56:29,183 - sflow.task.server_5 - INFO - Loading weights:  54%|█████▍    | 790/1458 [00:39<00:25, 25.71it/s]
2026-07-24 18:56:29,183 - sflow.task.server_5 - INFO - 0:
2026-07-24 18:56:29,183 - sflow.task.server_5 - INFO - Loading weights:  44%|████▍     | 647/1458 [00:31<00:21, 37.50it/s]
2026-07-24 18:56:29,234 - sflow.task.server_5 - INFO - 3:
2026-07-24 18:56:29,234 - sflow.task.server_5 - INFO - Loading weights:  44%|████▎     | 637/1458 [00:31<00:41, 19.71it/s]
2026-07-24 18:56:29,285 - sflow.task.server_5 - INFO - 4:
2026-07-24 18:56:29,285 - sflow.task.server_5 - INFO - Loading weights:  54%|█████▍    | 788/1458 [00:39<00:27, 23.98it/s]
2026-07-24 18:56:29,336 - sflow.task.server_5 - INFO - 3:
2026-07-24 18:56:29,336 - sflow.task.server_5 - INFO - Loading weights:  44%|████▍     | 646/1458 [00:31<00:29, 27.37it/s]
2026-07-24 18:56:29,387 - sflow.task.server_5 - INFO - 4:
2026-07-24 18:56:29,388 - sflow.task.server_5 - INFO - Loading weights:  55%|█████▍    | 795/1458 [00:39<00:22, 29.12it/s]
2026-07-24 18:56:29,490 - sflow.task.server_5 - INFO - 7:
2026-07-24 18:56:29,490 - sflow.task.server_5 - INFO - Loading weights:  56%|█████▋    | 822/1458 [00:39<00:35, 18.03it/s]
2026-07-24 18:56:29,490 - sflow.task.server_5 - INFO - 5:
2026-07-24 18:56:29,490 - sflow.task.server_5 - INFO - Loading weights:  55%|█████▍    | 798/1458 [00:39<00:25, 25.75it/s]
2026-07-24 18:56:29,593 - sflow.task.server_5 - INFO - 6:
2026-07-24 18:56:29,593 - sflow.task.server_5 - INFO - Loading weights:  57%|█████▋    | 826/1458 [00:39<00:35, 17.73it/s]
2026-07-24 18:56:29,593 - sflow.task.server_5 - INFO - 7:
2026-07-24 18:56:29,593 - sflow.task.server_5 - INFO - Loading weights:  57%|█████▋    | 829/1458 [00:39<00:27, 22.75it/s]
2026-07-24 18:56:29,593 - sflow.task.server_5 - INFO - 5:
2026-07-24 18:56:29,593 - sflow.task.server_5 - INFO - Loading weights:  55%|█████▌    | 805/1458 [00:39<00:21, 30.94it/s]
2026-07-24 18:56:29,644 - sflow.task.server_5 - INFO - 0:
2026-07-24 18:56:29,644 - sflow.task.server_5 - INFO - Loading weights:  45%|████▍     | 654/1458 [00:31<00:29, 27.26it/s]
2026-07-24 18:56:29,696 - sflow.task.server_5 - INFO - 6:
2026-07-24 18:56:29,696 - sflow.task.server_5 - INFO - Loading weights:  57%|█████▋    | 836/1458 [00:39<00:25, 24.66it/s]
2026-07-24 18:56:29,696 - sflow.task.server_5 - INFO - 7:
2026-07-24 18:56:29,696 - sflow.task.server_5 - INFO - Loading weights:  57%|█████▋    | 836/1458 [00:39<00:22, 27.33it/s]
2026-07-24 18:56:29,697 - sflow.task.server_5 - INFO - 5:
2026-07-24 18:56:29,697 - sflow.task.server_5 - INFO - Loading weights:  56%|█████▌    | 814/1458 [00:39<00:16, 38.94it/s]
2026-07-24 18:56:29,799 - sflow.task.server_5 - INFO - 0:
2026-07-24 18:56:29,799 - sflow.task.server_5 - INFO - Loading weights:  45%|████▌     | 661/1458 [00:31<00:24, 32.39it/s]
2026-07-24 18:56:29,799 - sflow.task.server_5 - INFO - 1:
2026-07-24 18:56:29,799 - sflow.task.server_5 - INFO - Loading weights:  45%|████▍     | 654/1458 [00:31<00:44, 18.10it/s]
2026-07-24 18:56:29,851 - sflow.task.server_5 - INFO - 6:
2026-07-24 18:56:29,851 - sflow.task.server_5 - INFO - Loading weights:  58%|█████▊    | 842/1458 [00:39<00:22, 27.71it/s]
2026-07-24 18:56:29,851 - sflow.task.server_5 - INFO - 7:
2026-07-24 18:56:29,851 - sflow.task.server_5 - INFO - Loading weights:  58%|█████▊    | 841/1458 [00:39<00:21, 29.18it/s]
2026-07-24 18:56:29,902 - sflow.task.server_5 - INFO - 0:
2026-07-24 18:56:29,902 - sflow.task.server_5 - INFO - Loading weights:  46%|████▌     | 673/1458 [00:32<00:18, 43.61it/s]
2026-07-24 18:56:29,902 - sflow.task.server_5 - INFO - 1:
2026-07-24 18:56:29,902 - sflow.task.server_5 - INFO - Loading weights:  45%|████▌     | 661/1458 [00:32<00:35, 22.49it/s]
2026-07-24 18:56:30,004 - sflow.task.server_5 - INFO - 2:
2026-07-24 18:56:30,004 - sflow.task.server_5 - INFO - Loading weights:  45%|████▌     | 658/1458 [00:32<00:46, 17.08it/s]
2026-07-24 18:56:30,004 - sflow.task.server_5 - INFO - 1:
2026-07-24 18:56:30,004 - sflow.task.server_5 - INFO - Loading weights:  46%|████▌     | 671/1458 [00:32<00:25, 31.14it/s]
2026-07-24 18:56:30,054 - sflow.task.server_5 - INFO - 5:
2026-07-24 18:56:30,054 - sflow.task.server_5 - INFO - Loading weights:  56%|█████▋    | 822/1458 [00:40<00:19, 32.35it/s]
2026-07-24 18:56:30,106 - sflow.task.server_5 - INFO - 2:
2026-07-24 18:56:30,106 - sflow.task.server_5 - INFO - Loading weights:  46%|████▌     | 668/1458 [00:32<00:32, 24.14it/s]
2026-07-24 18:56:30,158 - sflow.task.server_5 - INFO - 5:
2026-07-24 18:56:30,158 - sflow.task.server_5 - INFO - Loading weights:  57%|█████▋    | 829/1458 [00:40<00:16, 37.56it/s]
2026-07-24 18:56:30,210 - sflow.task.server_5 - INFO - 0:
2026-07-24 18:56:30,211 - sflow.task.server_5 - INFO - Loading weights:  47%|████▋     | 680/1458 [00:32<00:21, 35.48it/s]
2026-07-24 18:56:30,211 - sflow.task.server_5 - INFO - 3:
2026-07-24 18:56:30,211 - sflow.task.server_5 - INFO - Loading weights:  45%|████▍     | 654/1458 [00:32<00:47, 16.82it/s]
2026-07-24 18:56:30,211 - sflow.task.server_5 - INFO - 2:
2026-07-24 18:56:30,211 - sflow.task.server_5 - INFO - Loading weights:  46%|████▋     | 675/1458 [00:32<00:27, 28.98it/s]
2026-07-24 18:56:30,262 - sflow.task.server_5 - INFO - 4:
2026-07-24 18:56:30,262 - sflow.task.server_5 - INFO - Loading weights:  55%|█████▍    | 801/1458 [00:40<00:40, 16.16it/s]
2026-07-24 18:56:30,262 - sflow.task.server_5 - INFO - 5:
2026-07-24 18:56:30,262 - sflow.task.server_5 - INFO - Loading weights:  58%|█████▊    | 839/1458 [00:40<00:12, 47.94it/s]
2026-07-24 18:56:30,314 - sflow.task.server_5 - INFO - 3:
2026-07-24 18:56:30,314 - sflow.task.server_5 - INFO - Loading weights:  45%|████▌     | 661/1458 [00:32<00:37, 21.18it/s]
2026-07-24 18:56:30,365 - sflow.task.server_5 - INFO - 0:
2026-07-24 18:56:30,365 - sflow.task.server_5 - INFO - Loading weights:  47%|████▋     | 692/1458 [00:32<00:16, 45.70it/s]
2026-07-24 18:56:30,416 - sflow.task.server_5 - INFO - 4:
2026-07-24 18:56:30,417 - sflow.task.server_5 - INFO - Loading weights:  56%|█████▌    | 812/1458 [00:40<00:27, 23.89it/s]
2026-07-24 18:56:30,468 - sflow.task.server_5 - INFO - 1:
2026-07-24 18:56:30,468 - sflow.task.server_5 - INFO - Loading weights:  47%|████▋     | 678/1458 [00:32<00:31, 25.15it/s]
2026-07-24 18:56:30,468 - sflow.task.server_5 - INFO - 3:
2026-07-24 18:56:30,468 - sflow.task.server_5 - INFO - Loading weights:  46%|████▌     | 670/1458 [00:32<00:28, 27.95it/s]
2026-07-24 18:56:30,519 - sflow.task.server_5 - INFO - 0:
2026-07-24 18:56:30,519 - sflow.task.server_5 - INFO - Loading weights:  48%|████▊     | 699/1458 [00:32<00:16, 45.30it/s]
2026-07-24 18:56:30,519 - sflow.task.server_5 - INFO - 4:
2026-07-24 18:56:30,519 - sflow.task.server_5 - INFO - Loading weights:  56%|█████▌    | 819/1458 [00:40<00:22, 27.96it/s]
2026-07-24 18:56:30,570 - sflow.task.server_5 - INFO - 1:
2026-07-24 18:56:30,571 - sflow.task.server_5 - INFO - Loading weights:  47%|████▋     | 683/1458 [00:32<00:27, 28.06it/s]
2026-07-24 18:56:30,673 - sflow.task.server_5 - INFO - 7:
2026-07-24 18:56:30,673 - sflow.task.server_5 - INFO - Loading weights:  58%|█████▊    | 846/1458 [00:40<00:40, 15.28it/s]
2026-07-24 18:56:30,673 - sflow.task.server_5 - INFO - 1:
2026-07-24 18:56:30,673 - sflow.task.server_5 - INFO - Loading weights:  47%|████▋     | 692/1458 [00:32<00:21, 36.16it/s]
2026-07-24 18:56:30,725 - sflow.task.server_5 - INFO - 6:
2026-07-24 18:56:30,725 - sflow.task.server_5 - INFO - Loading weights:  58%|█████▊    | 848/1458 [00:40<00:38, 15.71it/s]
2026-07-24 18:56:30,776 - sflow.task.server_5 - INFO - 7:
2026-07-24 18:56:30,776 - sflow.task.server_5 - INFO - Loading weights:  59%|█████▊    | 853/1458 [00:40<00:29, 20.38it/s]
2026-07-24 18:56:30,776 - sflow.task.server_5 - INFO - 1:
2026-07-24 18:56:30,776 - sflow.task.server_5 - INFO - Loading weights:  48%|████▊     | 699/1458 [00:32<00:18, 41.23it/s]
2026-07-24 18:56:30,878 - sflow.task.server_5 - INFO - 4:
2026-07-24 18:56:30,878 - sflow.task.server_5 - INFO - Loading weights:  57%|█████▋    | 825/1458 [00:40<00:25, 24.70it/s]
2026-07-24 18:56:30,878 - sflow.task.server_5 - INFO - 6:
2026-07-24 18:56:30,878 - sflow.task.server_5 - INFO - Loading weights:  59%|█████▉    | 860/1458 [00:40<00:25, 23.15it/s]
2026-07-24 18:56:30,878 - sflow.task.server_5 - INFO - 7:
2026-07-24 18:56:30,878 - sflow.task.server_5 - INFO - Loading weights:  59%|█████▉    | 860/1458 [00:40<00:23, 25.41it/s]
2026-07-24 18:56:30,980 - sflow.task.server_5 - INFO - 4:
2026-07-24 18:56:30,980 - sflow.task.server_5 - INFO - Loading weights:  57%|█████▋    | 835/1458 [00:40<00:18, 33.99it/s]
2026-07-24 18:56:31,031 - sflow.task.server_5 - INFO - 6:
2026-07-24 18:56:31,031 - sflow.task.server_5 - INFO - Loading weights:  59%|█████▉    | 865/1458 [00:41<00:23, 24.81it/s]
2026-07-24 18:56:31,031 - sflow.task.server_5 - INFO - 7:
2026-07-24 18:56:31,031 - sflow.task.server_5 - INFO - Loading weights:  59%|█████▉    | 865/1458 [00:41<00:21, 27.21it/s]
2026-07-24 18:56:31,082 - sflow.task.server_5 - INFO - 4:
2026-07-24 18:56:31,082 - sflow.task.server_5 - INFO - Loading weights:  58%|█████▊    | 841/1458 [00:41<00:17, 36.09it/s]
2026-07-24 18:56:31,133 - sflow.task.server_5 - INFO - 5:
2026-07-24 18:56:31,133 - sflow.task.server_5 - INFO - Loading weights:  58%|█████▊    | 846/1458 [00:41<00:29, 20.70it/s]
2026-07-24 18:56:31,183 - sflow.task.server_5 - INFO - 2:
2026-07-24 18:56:31,184 - sflow.task.server_5 - INFO - Loading weights:  47%|████▋     | 682/1458 [00:33<00:48, 16.02it/s]
2026-07-24 18:56:31,286 - sflow.task.server_5 - INFO - 5:
2026-07-24 18:56:31,286 - sflow.task.server_5 - INFO - Loading weights:  59%|█████▊    | 853/1458 [00:41<00:23, 25.32it/s]
2026-07-24 18:56:31,286 - sflow.task.server_5 - INFO - 2:
2026-07-24 18:56:31,286 - sflow.task.server_5 - INFO - Loading weights:  48%|████▊     | 694/1458 [00:33<00:31, 24.02it/s]
2026-07-24 18:56:31,388 - sflow.task.server_5 - INFO - 5:
2026-07-24 18:56:31,388 - sflow.task.server_5 - INFO - Loading weights:  59%|█████▉    | 862/1458 [00:41<00:18, 33.03it/s]
2026-07-24 18:56:31,389 - sflow.task.server_5 - INFO - 3:
2026-07-24 18:56:31,389 - sflow.task.server_5 - INFO - Loading weights:  47%|████▋     | 678/1458 [00:33<00:47, 16.38it/s]
2026-07-24 18:56:31,543 - sflow.task.server_5 - INFO - 3:
2026-07-24 18:56:31,544 - sflow.task.server_5 - INFO - Loading weights:  47%|████▋     | 685/1458 [00:33<00:37, 20.58it/s]
2026-07-24 18:56:31,544 - sflow.task.server_5 - INFO - 0:
2026-07-24 18:56:31,544 - sflow.task.server_5 - INFO - Loading weights:  48%|████▊     | 705/1458 [00:33<00:42, 17.84it/s]
2026-07-24 18:56:31,646 - sflow.task.server_5 - INFO - 3:
2026-07-24 18:56:31,646 - sflow.task.server_5 - INFO - Loading weights:  48%|████▊     | 694/1458 [00:33<00:27, 27.68it/s]
2026-07-24 18:56:31,703 - sflow.task.server_5 - INFO - 0:
2026-07-24 18:56:31,703 - sflow.task.server_5 - INFO - Loading weights:  49%|████▉     | 716/1458 [00:33<00:29, 25.19it/s]
2026-07-24 18:56:31,703 - sflow.task.server_5 - INFO - 1:
2026-07-24 18:56:31,703 - sflow.task.server_5 - INFO - Loading weights:  48%|████▊     | 705/1458 [00:33<00:42, 17.58it/s]
2026-07-24 18:56:31,806 - sflow.task.server_5 - INFO - 1:
2026-07-24 18:56:31,806 - sflow.task.server_5 - INFO - Loading weights:  49%|████▉     | 716/1458 [00:33<00:28, 26.27it/s]
2026-07-24 18:56:31,806 - sflow.task.server_5 - INFO - 0:
2026-07-24 18:56:31,806 - sflow.task.server_5 - INFO - Loading weights:  50%|████▉     | 722/1458 [00:33<00:26, 27.94it/s]
2026-07-24 18:56:31,806 - sflow.task.server_5 - INFO - 7:
2026-07-24 18:56:31,806 - sflow.task.server_5 - INFO - Loading weights:  60%|█████▉    | 870/1458 [00:41<00:40, 14.68it/s]
2026-07-24 18:56:31,909 - sflow.task.server_5 - INFO - 4:
2026-07-24 18:56:31,909 - sflow.task.server_5 - INFO - Loading weights:  58%|█████▊    | 847/1458 [00:41<00:33, 18.33it/s]
2026-07-24 18:56:31,909 - sflow.task.server_5 - INFO - 1:
2026-07-24 18:56:31,909 - sflow.task.server_5 - INFO - Loading weights:  50%|████▉     | 723/1458 [00:34<00:23, 31.35it/s]
2026-07-24 18:56:31,909 - sflow.task.server_5 - INFO - 6:
2026-07-24 18:56:31,909 - sflow.task.server_5 - INFO - Loading weights:  60%|█████▉    | 870/1458 [00:41<00:41, 14.20it/s]
2026-07-24 18:56:31,960 - sflow.task.server_5 - INFO - 7:
2026-07-24 18:56:31,961 - sflow.task.server_5 - INFO - Loading weights:  60%|█████▉    | 874/1458 [00:41<00:34, 16.90it/s]
2026-07-24 18:56:32,012 - sflow.task.server_5 - INFO - 4:
2026-07-24 18:56:32,012 - sflow.task.server_5 - INFO - Loading weights:  59%|█████▊    | 854/1458 [00:42<00:26, 23.18it/s]
2026-07-24 18:56:32,012 - sflow.task.server_5 - INFO - 6:
2026-07-24 18:56:32,012 - sflow.task.server_5 - INFO - Loading weights:  60%|██████    | 877/1458 [00:42<00:30, 18.74it/s]
2026-07-24 18:56:32,115 - sflow.task.server_5 - INFO - 7:
2026-07-24 18:56:32,115 - sflow.task.server_5 - INFO - Loading weights:  61%|██████    | 884/1458 [00:42<00:22, 25.16it/s]
2026-07-24 18:56:32,115 - sflow.task.server_5 - INFO - 6:
2026-07-24 18:56:32,115 - sflow.task.server_5 - INFO - Loading weights:  61%|██████    | 886/1458 [00:42<00:21, 26.09it/s]
2026-07-24 18:56:32,115 - sflow.task.server_5 - INFO - 4:
2026-07-24 18:56:32,115 - sflow.task.server_5 - INFO - Loading weights:  59%|█████▉    | 865/1458 [00:42<00:17, 33.01it/s]
2026-07-24 18:56:32,216 - sflow.task.server_5 - INFO - 7:
2026-07-24 18:56:32,216 - sflow.task.server_5 - INFO - Loading weights:  61%|██████    | 889/1458 [00:42<00:20, 27.91it/s]
2026-07-24 18:56:32,267 - sflow.task.server_5 - INFO - 6:
2026-07-24 18:56:32,267 - sflow.task.server_5 - INFO - Loading weights:  61%|██████    | 892/1458 [00:42<00:19, 29.75it/s]
2026-07-24 18:56:32,267 - sflow.task.server_5 - INFO - 2:
2026-07-24 18:56:32,267 - sflow.task.server_5 - INFO - Loading weights:  48%|████▊     | 702/1458 [00:34<00:47, 15.79it/s]
2026-07-24 18:56:32,267 - sflow.task.server_5 - INFO - 5:
2026-07-24 18:56:32,267 - sflow.task.server_5 - INFO - Loading weights:  60%|█████▉    | 870/1458 [00:42<00:32, 18.18it/s]
2026-07-24 18:56:32,369 - sflow.task.server_5 - INFO - 5:
2026-07-24 18:56:32,369 - sflow.task.server_5 - INFO - Loading weights:  60%|██████    | 877/1458 [00:42<00:25, 22.71it/s]
2026-07-24 18:56:32,369 - sflow.task.server_5 - INFO - 2:
2026-07-24 18:56:32,369 - sflow.task.server_5 - INFO - Loading weights:  49%|████▊     | 709/1458 [00:34<00:38, 19.47it/s]
2026-07-24 18:56:32,420 - sflow.task.server_5 - INFO - 7:
2026-07-24 18:56:32,420 - sflow.task.server_5 - INFO - Loading weights:  61%|██████▏   | 894/1458 [00:42<00:21, 26.64it/s]
2026-07-24 18:56:32,471 - sflow.task.server_5 - INFO - 5:
2026-07-24 18:56:32,471 - sflow.task.server_5 - INFO - Loading weights:  61%|██████    | 886/1458 [00:42<00:19, 30.06it/s]
2026-07-24 18:56:32,471 - sflow.task.server_5 - INFO - 2:
2026-07-24 18:56:32,471 - sflow.task.server_5 - INFO - Loading weights:  49%|████▉     | 718/1458 [00:34<00:28, 25.86it/s]
2026-07-24 18:56:32,522 - sflow.task.server_5 - INFO - 3:
2026-07-24 18:56:32,522 - sflow.task.server_5 - INFO - Loading weights:  48%|████▊     | 702/1458 [00:34<00:44, 16.89it/s]
2026-07-24 18:56:32,522 - sflow.task.server_5 - INFO - 7:
2026-07-24 18:56:32,522 - sflow.task.server_5 - INFO - Loading weights:  62%|██████▏   | 898/1458 [00:42<00:19, 28.07it/s]
2026-07-24 18:56:32,522 - sflow.task.server_5 - INFO - 6:
2026-07-24 18:56:32,522 - sflow.task.server_5 - INFO - Loading weights:  62%|██████▏   | 898/1458 [00:42<00:21, 26.27it/s]
2026-07-24 18:56:32,624 - sflow.task.server_5 - INFO - 3:
2026-07-24 18:56:32,624 - sflow.task.server_5 - INFO - Loading weights:  49%|████▊     | 709/1458 [00:34<00:35, 21.05it/s]
2026-07-24 18:56:32,676 - sflow.task.server_5 - INFO - 6:
2026-07-24 18:56:32,676 - sflow.task.server_5 - INFO - Loading weights:  62%|██████▏   | 910/1458 [00:42<00:14, 38.91it/s]
2026-07-24 18:56:32,676 - sflow.task.server_5 - INFO - 7:
2026-07-24 18:56:32,676 - sflow.task.server_5 - INFO - Loading weights:  62%|██████▏   | 910/1458 [00:42<00:12, 43.94it/s]
2026-07-24 18:56:32,728 - sflow.task.server_5 - INFO - 3:
2026-07-24 18:56:32,728 - sflow.task.server_5 - INFO - Loading weights:  49%|████▉     | 718/1458 [00:34<00:26, 28.11it/s]
2026-07-24 18:56:32,779 - sflow.task.server_5 - INFO - 0:
2026-07-24 18:56:32,779 - sflow.task.server_5 - INFO - Loading weights:  50%|████▉     | 728/1458 [00:34<00:48, 14.93it/s]
2026-07-24 18:56:32,884 - sflow.task.server_5 - INFO - 1:
2026-07-24 18:56:32,884 - sflow.task.server_5 - INFO - Loading weights:  50%|█████     | 730/1458 [00:35<00:45, 15.91it/s]
2026-07-24 18:56:32,935 - sflow.task.server_5 - INFO - 0:
2026-07-24 18:56:32,935 - sflow.task.server_5 - INFO - Loading weights:  51%|█████     | 740/1458 [00:35<00:31, 22.55it/s]
2026-07-24 18:56:32,935 - sflow.task.server_5 - INFO - 4:
2026-07-24 18:56:32,935 - sflow.task.server_5 - INFO - Loading weights:  60%|█████▉    | 871/1458 [00:42<00:32, 18.08it/s]
2026-07-24 18:56:33,038 - sflow.task.server_5 - INFO - 1:
2026-07-24 18:56:33,038 - sflow.task.server_5 - INFO - Loading weights:  51%|█████     | 740/1458 [00:35<00:31, 22.72it/s]
2026-07-24 18:56:33,038 - sflow.task.server_5 - INFO - 4:
2026-07-24 18:56:33,038 - sflow.task.server_5 - INFO - Loading weights:  60%|██████    | 877/1458 [00:43<00:26, 21.81it/s]
2026-07-24 18:56:33,089 - sflow.task.server_5 - INFO - 0:
2026-07-24 18:56:33,089 - sflow.task.server_5 - INFO - Loading weights:  51%|█████     | 746/1458 [00:35<00:28, 25.33it/s]
2026-07-24 18:56:33,142 - sflow.task.server_5 - INFO - 1:
2026-07-24 18:56:33,142 - sflow.task.server_5 - INFO - Loading weights:  51%|█████     | 747/1458 [00:35<00:26, 27.25it/s]
2026-07-24 18:56:33,142 - sflow.task.server_5 - INFO - 4:
2026-07-24 18:56:33,142 - sflow.task.server_5 - INFO - Loading weights:  61%|██████    | 886/1458 [00:43<00:19, 29.15it/s]
2026-07-24 18:56:33,297 - sflow.task.server_5 - INFO - 5:
2026-07-24 18:56:33,297 - sflow.task.server_5 - INFO - Loading weights:  61%|██████▏   | 894/1458 [00:43<00:29, 19.05it/s]
2026-07-24 18:56:33,401 - sflow.task.server_5 - INFO - 5:
2026-07-24 18:56:33,401 - sflow.task.server_5 - INFO - Loading weights:  62%|██████▏   | 901/1458 [00:43<00:23, 23.51it/s]
2026-07-24 18:56:33,453 - sflow.task.server_5 - INFO - 2:
2026-07-24 18:56:33,453 - sflow.task.server_5 - INFO - Loading weights:  50%|████▉     | 726/1458 [00:35<00:45, 16.25it/s]
2026-07-24 18:56:33,503 - sflow.task.server_5 - INFO - 5:
2026-07-24 18:56:33,503 - sflow.task.server_5 - INFO - Loading weights:  62%|██████▏   | 911/1458 [00:43<00:17, 32.16it/s]
2026-07-24 18:56:33,554 - sflow.task.server_5 - INFO - 2:
2026-07-24 18:56:33,554 - sflow.task.server_5 - INFO - Loading weights:  50%|█████     | 733/1458 [00:35<00:35, 20.19it/s]
2026-07-24 18:56:33,656 - sflow.task.server_5 - INFO - 2:
2026-07-24 18:56:33,656 - sflow.task.server_5 - INFO - Loading weights:  51%|█████     | 742/1458 [00:35<00:26, 26.98it/s]
2026-07-24 18:56:33,707 - sflow.task.server_5 - INFO - 6:
2026-07-24 18:56:33,707 - sflow.task.server_5 - INFO - Loading weights:  63%|██████▎   | 918/1458 [00:43<00:30, 17.83it/s]
2026-07-24 18:56:33,758 - sflow.task.server_5 - INFO - 3:
2026-07-24 18:56:33,758 - sflow.task.server_5 - INFO - Loading weights:  50%|████▉     | 726/1458 [00:35<00:45, 16.02it/s]
2026-07-24 18:56:33,809 - sflow.task.server_5 - INFO - 6:
2026-07-24 18:56:33,809 - sflow.task.server_5 - INFO - Loading weights:  63%|██████▎   | 925/1458 [00:43<00:24, 22.11it/s]
2026-07-24 18:56:33,860 - sflow.task.server_5 - INFO - 7:
2026-07-24 18:56:33,860 - sflow.task.server_5 - INFO - Loading weights:  63%|██████▎   | 918/1458 [00:43<00:34, 15.85it/s]
2026-07-24 18:56:33,860 - sflow.task.server_5 - INFO - 3:
2026-07-24 18:56:33,860 - sflow.task.server_5 - INFO - Loading weights:  50%|█████     | 733/1458 [00:36<00:36, 20.03it/s]
2026-07-24 18:56:33,911 - sflow.task.server_5 - INFO - 6:
2026-07-24 18:56:33,911 - sflow.task.server_5 - INFO - Loading weights:  64%|██████▍   | 932/1458 [00:43<00:19, 26.89it/s]
2026-07-24 18:56:33,961 - sflow.task.server_5 - INFO - 7:
2026-07-24 18:56:33,961 - sflow.task.server_5 - INFO - Loading weights:  63%|██████▎   | 925/1458 [00:43<00:26, 20.16it/s]
2026-07-24 18:56:33,961 - sflow.task.server_5 - INFO - 3:
2026-07-24 18:56:33,961 - sflow.task.server_5 - INFO - Loading weights:  51%|█████     | 742/1458 [00:36<00:26, 26.99it/s]
2026-07-24 18:56:34,063 - sflow.task.server_5 - INFO - 7:
2026-07-24 18:56:34,063 - sflow.task.server_5 - INFO - Loading weights:  64%|██████▍   | 935/1458 [00:44<00:18, 28.53it/s]
2026-07-24 18:56:34,063 - sflow.task.server_5 - INFO - 6:
2026-07-24 18:56:34,063 - sflow.task.server_5 - INFO - Loading weights:  64%|██████▍   | 938/1458 [00:44<00:17, 29.27it/s]
2026-07-24 18:56:34,217 - sflow.task.server_5 - INFO - 0:
2026-07-24 18:56:34,217 - sflow.task.server_5 - INFO - Loading weights:  52%|█████▏    | 751/1458 [00:36<00:56, 12.59it/s]
2026-07-24 18:56:34,217 - sflow.task.server_5 - INFO - 4:
2026-07-24 18:56:34,217 - sflow.task.server_5 - INFO - Loading weights:  61%|██████▏   | 894/1458 [00:44<00:36, 15.40it/s]
2026-07-24 18:56:34,321 - sflow.task.server_5 - INFO - 1:
2026-07-24 18:56:34,321 - sflow.task.server_5 - INFO - Loading weights:  52%|█████▏    | 754/1458 [00:36<00:51, 13.78it/s]
2026-07-24 18:56:34,321 - sflow.task.server_5 - INFO - 0:
2026-07-24 18:56:34,321 - sflow.task.server_5 - INFO - Loading weights:  52%|█████▏    | 757/1458 [00:36<00:44, 15.83it/s]
2026-07-24 18:56:34,321 - sflow.task.server_5 - INFO - 4:
2026-07-24 18:56:34,321 - sflow.task.server_5 - INFO - Loading weights:  62%|██████▏   | 901/1458 [00:44<00:28, 19.56it/s]
2026-07-24 18:56:34,423 - sflow.task.server_5 - INFO - 1:
2026-07-24 18:56:34,423 - sflow.task.server_5 - INFO - Loading weights:  52%|█████▏    | 764/1458 [00:36<00:35, 19.78it/s]
2026-07-24 18:56:34,423 - sflow.task.server_5 - INFO - 0:
2026-07-24 18:56:34,423 - sflow.task.server_5 - INFO - Loading weights:  53%|█████▎    | 766/1458 [00:36<00:31, 22.20it/s]
2026-07-24 18:56:34,474 - sflow.task.server_5 - INFO - 4:
2026-07-24 18:56:34,474 - sflow.task.server_5 - INFO - Loading weights:  62%|██████▏   | 910/1458 [00:44<00:21, 26.04it/s]
2026-07-24 18:56:34,474 - sflow.task.server_5 - INFO - 5:
2026-07-24 18:56:34,474 - sflow.task.server_5 - INFO - Loading weights:  63%|██████▎   | 918/1458 [00:44<00:32, 16.81it/s]
2026-07-24 18:56:34,525 - sflow.task.server_5 - INFO - 1:
2026-07-24 18:56:34,525 - sflow.task.server_5 - INFO - Loading weights:  53%|█████▎    | 771/1458 [00:36<00:28, 24.14it/s]
2026-07-24 18:56:34,525 - sflow.task.server_5 - INFO - 2:
2026-07-24 18:56:34,525 - sflow.task.server_5 - INFO - Loading weights:  51%|█████▏    | 750/1458 [00:36<00:41, 16.96it/s]
2026-07-24 18:56:34,576 - sflow.task.server_5 - INFO - 5:
2026-07-24 18:56:34,576 - sflow.task.server_5 - INFO - Loading weights:  63%|██████▎   | 925/1458 [00:44<00:25, 21.07it/s]
2026-07-24 18:56:34,678 - sflow.task.server_5 - INFO - 2:
2026-07-24 18:56:34,678 - sflow.task.server_5 - INFO - Loading weights:  52%|█████▏    | 757/1458 [00:36<00:33, 21.16it/s]
2026-07-24 18:56:34,678 - sflow.task.server_5 - INFO - 5:
2026-07-24 18:56:34,678 - sflow.task.server_5 - INFO - Loading weights:  64%|██████▍   | 934/1458 [00:44<00:18, 27.69it/s]
2026-07-24 18:56:34,729 - sflow.task.server_5 - INFO - 0:
2026-07-24 18:56:34,729 - sflow.task.server_5 - INFO - Loading weights:  53%|█████▎    | 774/1458 [00:36<00:28, 24.19it/s]
2026-07-24 18:56:34,779 - sflow.task.server_5 - INFO - 1:
2026-07-24 18:56:34,779 - sflow.task.server_5 - INFO - Loading weights:  53%|█████▎    | 777/1458 [00:36<00:29, 23.48it/s]
2026-07-24 18:56:34,779 - sflow.task.server_5 - INFO - 2:
2026-07-24 18:56:34,779 - sflow.task.server_5 - INFO - Loading weights:  53%|█████▎    | 769/1458 [00:36<00:23, 29.91it/s]
2026-07-24 18:56:34,830 - sflow.task.server_5 - INFO - 0:
2026-07-24 18:56:34,830 - sflow.task.server_5 - INFO - Loading weights:  54%|█████▎    | 782/1458 [00:36<00:22, 30.33it/s]
2026-07-24 18:56:34,831 - sflow.task.server_5 - INFO - 3:
2026-07-24 18:56:34,831 - sflow.task.server_5 - INFO - Loading weights:  51%|█████▏    | 750/1458 [00:36<00:40, 17.36it/s]
2026-07-24 18:56:34,881 - sflow.task.server_5 - INFO - 1:
2026-07-24 18:56:34,881 - sflow.task.server_5 - INFO - Loading weights:  54%|█████▍    | 787/1458 [00:37<00:20, 32.67it/s]
2026-07-24 18:56:34,933 - sflow.task.server_5 - INFO - 6:
2026-07-24 18:56:34,933 - sflow.task.server_5 - INFO - Loading weights:  65%|██████▍   | 943/1458 [00:44<00:33, 15.38it/s]
2026-07-24 18:56:34,933 - sflow.task.server_5 - INFO - 3:
2026-07-24 18:56:34,933 - sflow.task.server_5 - INFO - Loading weights:  52%|█████▏    | 757/1458 [00:37<00:32, 21.59it/s]
2026-07-24 18:56:34,933 - sflow.task.server_5 - INFO - 0:
2026-07-24 18:56:34,933 - sflow.task.server_5 - INFO - Loading weights:  54%|█████▍    | 790/1458 [00:37<00:18, 36.70it/s]
2026-07-24 18:56:34,984 - sflow.task.server_5 - INFO - 7:
2026-07-24 18:56:34,984 - sflow.task.server_5 - INFO - Loading weights:  65%|██████▍   | 942/1458 [00:44<00:30, 16.65it/s]
2026-07-24 18:56:35,035 - sflow.task.server_5 - INFO - 5:
2026-07-24 18:56:35,035 - sflow.task.server_5 - INFO - Loading weights:  65%|██████▍   | 942/1458 [00:45<00:19, 26.77it/s]
2026-07-24 18:56:35,035 - sflow.task.server_5 - INFO - 6:
2026-07-24 18:56:35,035 - sflow.task.server_5 - INFO - Loading weights:  65%|██████▍   | 947/1458 [00:45<00:29, 17.43it/s]
2026-07-24 18:56:35,035 - sflow.task.server_5 - INFO - 1:
2026-07-24 18:56:35,035 - sflow.task.server_5 - INFO - Loading weights:  54%|█████▍    | 794/1458 [00:37<00:18, 36.32it/s]
2026-07-24 18:56:35,086 - sflow.task.server_5 - INFO - 7:
2026-07-24 18:56:35,086 - sflow.task.server_5 - INFO - Loading weights:  65%|██████▌   | 949/1458 [00:45<00:24, 20.99it/s]
2026-07-24 18:56:35,086 - sflow.task.server_5 - INFO - 0:
2026-07-24 18:56:35,086 - sflow.task.server_5 - INFO - Loading weights:  55%|█████▍    | 796/1458 [00:37<00:17, 38.34it/s]
2026-07-24 18:56:35,086 - sflow.task.server_5 - INFO - 3:
2026-07-24 18:56:35,086 - sflow.task.server_5 - INFO - Loading weights:  53%|█████▎    | 769/1458 [00:37<00:22, 30.43it/s]
2026-07-24 18:56:35,086 - sflow.task.server_5 - INFO - 2:
2026-07-24 18:56:35,086 - sflow.task.server_5 - INFO - Loading weights:  53%|█████▎    | 776/1458 [00:37<00:24, 28.01it/s]
2026-07-24 18:56:35,137 - sflow.task.server_5 - INFO - 5:
2026-07-24 18:56:35,137 - sflow.task.server_5 - INFO - Loading weights:  65%|██████▌   | 949/1458 [00:45<00:15, 31.92it/s]
2026-07-24 18:56:35,188 - sflow.task.server_5 - INFO - 6:
2026-07-24 18:56:35,188 - sflow.task.server_5 - INFO - Loading weights:  66%|██████▌   | 956/1458 [00:45<00:21, 23.69it/s]
2026-07-24 18:56:35,188 - sflow.task.server_5 - INFO - 7:
2026-07-24 18:56:35,188 - sflow.task.server_5 - INFO - Loading weights:  66%|██████▌   | 956/1458 [00:45<00:19, 25.33it/s]
2026-07-24 18:56:35,239 - sflow.task.server_5 - INFO - 2:
2026-07-24 18:56:35,239 - sflow.task.server_5 - INFO - Loading weights:  54%|█████▍    | 788/1458 [00:37<00:17, 38.57it/s]
2026-07-24 18:56:35,239 - sflow.task.server_5 - INFO - 5:
2026-07-24 18:56:35,239 - sflow.task.server_5 - INFO - Loading weights:  66%|██████▌   | 958/1458 [00:45<00:12, 40.28it/s]
2026-07-24 18:56:35,341 - sflow.task.server_5 - INFO - 2:
2026-07-24 18:56:35,341 - sflow.task.server_5 - INFO - Loading weights:  55%|█████▍    | 795/1458 [00:37<00:15, 42.29it/s]
2026-07-24 18:56:35,341 - sflow.task.server_5 - INFO - 6:
2026-07-24 18:56:35,341 - sflow.task.server_5 - INFO - Loading weights:  66%|██████▌   | 961/1458 [00:45<00:19, 25.65it/s]
2026-07-24 18:56:35,341 - sflow.task.server_5 - INFO - 7:
2026-07-24 18:56:35,341 - sflow.task.server_5 - INFO - Loading weights:  66%|██████▌   | 962/1458 [00:45<00:17, 28.17it/s]
2026-07-24 18:56:35,392 - sflow.task.server_5 - INFO - 5:
2026-07-24 18:56:35,392 - sflow.task.server_5 - INFO - Loading weights:  66%|██████▌   | 965/1458 [00:45<00:11, 42.17it/s]
2026-07-24 18:56:35,392 - sflow.task.server_5 - INFO - 3:
2026-07-24 18:56:35,392 - sflow.task.server_5 - INFO - Loading weights:  53%|█████▎    | 775/1458 [00:37<00:25, 27.25it/s]
2026-07-24 18:56:35,443 - sflow.task.server_5 - INFO - 4:
2026-07-24 18:56:35,443 - sflow.task.server_5 - INFO - Loading weights:  63%|██████▎   | 918/1458 [00:45<00:34, 15.56it/s]
2026-07-24 18:56:35,494 - sflow.task.server_5 - INFO - 3:
2026-07-24 18:56:35,494 - sflow.task.server_5 - INFO - Loading weights:  54%|█████▎    | 781/1458 [00:37<00:21, 30.83it/s]
2026-07-24 18:56:35,545 - sflow.task.server_5 - INFO - 4:
2026-07-24 18:56:35,545 - sflow.task.server_5 - INFO - Loading weights:  63%|██████▎   | 925/1458 [00:45<00:27, 19.63it/s]
2026-07-24 18:56:35,596 - sflow.task.server_5 - INFO - 3:
2026-07-24 18:56:35,596 - sflow.task.server_5 - INFO - Loading weights:  54%|█████▍    | 790/1458 [00:37<00:16, 39.62it/s]
2026-07-24 18:56:35,647 - sflow.task.server_5 - INFO - 4:
2026-07-24 18:56:35,647 - sflow.task.server_5 - INFO - Loading weights:  64%|██████▍   | 935/1458 [00:45<00:18, 27.53it/s]
2026-07-24 18:56:35,953 - sflow.task.server_5 - INFO - 4:
2026-07-24 18:56:35,953 - sflow.task.server_5 - INFO - Loading weights:  65%|██████▍   | 942/1458 [00:45<00:19, 26.44it/s]
2026-07-24 18:56:36,055 - sflow.task.server_5 - INFO - 4:
2026-07-24 18:56:36,055 - sflow.task.server_5 - INFO - Loading weights:  65%|██████▌   | 949/1458 [00:46<00:16, 31.56it/s]
2026-07-24 18:56:36,106 - sflow.task.server_5 - INFO - 1:
2026-07-24 18:56:36,106 - sflow.task.server_5 - INFO - Loading weights:  55%|█████▍    | 800/1458 [00:38<00:42, 15.63it/s]
2026-07-24 18:56:36,106 - sflow.task.server_5 - INFO - 0:
2026-07-24 18:56:36,106 - sflow.task.server_5 - INFO - Loading weights:  55%|█████▌    | 802/1458 [00:38<00:42, 15.43it/s]
2026-07-24 18:56:36,157 - sflow.task.server_5 - INFO - 4:
2026-07-24 18:56:36,157 - sflow.task.server_5 - INFO - Loading weights:  66%|██████▌   | 959/1458 [00:46<00:11, 41.69it/s]
2026-07-24 18:56:36,208 - sflow.task.server_5 - INFO - 1:
2026-07-24 18:56:36,208 - sflow.task.server_5 - INFO - Loading weights:  56%|█████▌    | 812/1458 [00:38<00:26, 23.99it/s]
2026-07-24 18:56:36,208 - sflow.task.server_5 - INFO - 0:
2026-07-24 18:56:36,208 - sflow.task.server_5 - INFO - Loading weights:  56%|█████▌    | 812/1458 [00:38<00:28, 22.82it/s]
2026-07-24 18:56:36,309 - sflow.task.server_5 - INFO - 7:
2026-07-24 18:56:36,310 - sflow.task.server_5 - INFO - Loading weights:  66%|██████▋   | 967/1458 [00:46<00:35, 13.68it/s]
2026-07-24 18:56:36,310 - sflow.task.server_5 - INFO - 1:
2026-07-24 18:56:36,310 - sflow.task.server_5 - INFO - Loading weights:  56%|█████▌    | 819/1458 [00:38<00:22, 28.35it/s]
2026-07-24 18:56:36,310 - sflow.task.server_5 - INFO - 6:
2026-07-24 18:56:36,310 - sflow.task.server_5 - INFO - Loading weights:  66%|██████▋   | 966/1458 [00:46<00:39, 12.54it/s]
2026-07-24 18:56:36,361 - sflow.task.server_5 - INFO - 2:
2026-07-24 18:56:36,361 - sflow.task.server_5 - INFO - Loading weights:  55%|█████▌    | 802/1458 [00:38<00:36, 18.20it/s]
2026-07-24 18:56:36,411 - sflow.task.server_5 - INFO - 5:
2026-07-24 18:56:36,411 - sflow.task.server_5 - INFO - Loading weights:  67%|██████▋   | 971/1458 [00:46<00:29, 16.50it/s]
2026-07-24 18:56:36,411 - sflow.task.server_5 - INFO - 7:
2026-07-24 18:56:36,411 - sflow.task.server_5 - INFO - Loading weights:  67%|██████▋   | 973/1458 [00:46<00:27, 17.52it/s]
2026-07-24 18:56:36,463 - sflow.task.server_5 - INFO - 6:
2026-07-24 18:56:36,463 - sflow.task.server_5 - INFO - Loading weights:  67%|██████▋   | 973/1458 [00:46<00:28, 17.30it/s]
2026-07-24 18:56:36,463 - sflow.task.server_5 - INFO - 2:
2026-07-24 18:56:36,463 - sflow.task.server_5 - INFO - Loading weights:  56%|█████▌    | 812/1458 [00:38<00:25, 24.98it/s]
2026-07-24 18:56:36,513 - sflow.task.server_5 - INFO - 5:
2026-07-24 18:56:36,513 - sflow.task.server_5 - INFO - Loading weights:  67%|██████▋   | 980/1458 [00:46<00:21, 22.52it/s]
2026-07-24 18:56:36,513 - sflow.task.server_5 - INFO - 3:
2026-07-24 18:56:36,513 - sflow.task.server_5 - INFO - Loading weights:  55%|█████▍    | 798/1458 [00:38<00:34, 19.00it/s]
2026-07-24 18:56:36,513 - sflow.task.server_5 - INFO - 7:
2026-07-24 18:56:36,513 - sflow.task.server_5 - INFO - Loading weights:  67%|██████▋   | 980/1458 [00:46<00:20, 23.00it/s]
2026-07-24 18:56:36,565 - sflow.task.server_5 - INFO - 0:
2026-07-24 18:56:36,565 - sflow.task.server_5 - INFO - Loading weights:  56%|█████▋    | 822/1458 [00:38<00:25, 25.20it/s]
2026-07-24 18:56:36,565 - sflow.task.server_5 - INFO - 6:
2026-07-24 18:56:36,565 - sflow.task.server_5 - INFO - Loading weights:  67%|██████▋   | 982/1458 [00:46<00:19, 24.58it/s]
2026-07-24 18:56:36,616 - sflow.task.server_5 - INFO - 1:
2026-07-24 18:56:36,616 - sflow.task.server_5 - INFO - Loading weights:  57%|█████▋    | 825/1458 [00:38<00:24, 26.05it/s]
2026-07-24 18:56:36,616 - sflow.task.server_5 - INFO - 3:
2026-07-24 18:56:36,616 - sflow.task.server_5 - INFO - Loading weights:  55%|█████▌    | 805/1458 [00:38<00:27, 23.64it/s]
2026-07-24 18:56:36,616 - sflow.task.server_5 - INFO - 0:
2026-07-24 18:56:36,616 - sflow.task.server_5 - INFO - Loading weights:  57%|█████▋    | 829/1458 [00:38<00:20, 30.20it/s]
2026-07-24 18:56:36,667 - sflow.task.server_5 - INFO - 7:
2026-07-24 18:56:36,667 - sflow.task.server_5 - INFO - Loading weights:  68%|██████▊   | 985/1458 [00:46<00:18, 25.40it/s]
2026-07-24 18:56:36,667 - sflow.task.server_5 - INFO - 5:
2026-07-24 18:56:36,667 - sflow.task.server_5 - INFO - Loading weights:  68%|██████▊   | 986/1458 [00:46<00:18, 25.67it/s]
2026-07-24 18:56:36,667 - sflow.task.server_5 - INFO - 6:
2026-07-24 18:56:36,667 - sflow.task.server_5 - INFO - Loading weights:  68%|██████▊   | 988/1458 [00:46<00:16, 27.93it/s]
2026-07-24 18:56:36,717 - sflow.task.server_5 - INFO - 1:
2026-07-24 18:56:36,717 - sflow.task.server_5 - INFO - Loading weights:  57%|█████▋    | 836/1458 [00:38<00:17, 35.99it/s]
2026-07-24 18:56:36,717 - sflow.task.server_5 - INFO - 3:
2026-07-24 18:56:36,717 - sflow.task.server_5 - INFO - Loading weights:  56%|█████▌    | 815/1458 [00:38<00:19, 32.48it/s]
2026-07-24 18:56:36,769 - sflow.task.server_5 - INFO - 0:
2026-07-24 18:56:36,769 - sflow.task.server_5 - INFO - Loading weights:  57%|█████▋    | 838/1458 [00:38<00:16, 37.45it/s]
2026-07-24 18:56:36,769 - sflow.task.server_5 - INFO - 2:
2026-07-24 18:56:36,769 - sflow.task.server_5 - INFO - Loading weights:  56%|█████▋    | 822/1458 [00:38<00:23, 27.04it/s]
2026-07-24 18:56:36,871 - sflow.task.server_5 - INFO - 1:
2026-07-24 18:56:36,871 - sflow.task.server_5 - INFO - Loading weights:  58%|█████▊    | 843/1458 [00:38<00:15, 38.80it/s]
2026-07-24 18:56:36,871 - sflow.task.server_5 - INFO - 0:
2026-07-24 18:56:36,871 - sflow.task.server_5 - INFO - Loading weights:  58%|█████▊    | 845/1458 [00:39<00:14, 41.79it/s]
2026-07-24 18:56:36,871 - sflow.task.server_5 - INFO - 2:
2026-07-24 18:56:36,871 - sflow.task.server_5 - INFO - Loading weights:  57%|█████▋    | 829/1458 [00:38<00:19, 31.60it/s]
2026-07-24 18:56:37,023 - sflow.task.server_5 - INFO - 2:
2026-07-24 18:56:37,024 - sflow.task.server_5 - INFO - Loading weights:  57%|█████▋    | 838/1458 [00:39<00:16, 38.57it/s]
2026-07-24 18:56:37,024 - sflow.task.server_5 - INFO - 3:
2026-07-24 18:56:37,024 - sflow.task.server_5 - INFO - Loading weights:  56%|█████▋    | 822/1458 [00:39<00:21, 29.88it/s]
2026-07-24 18:56:37,024 - sflow.task.server_5 - INFO - 4:
2026-07-24 18:56:37,024 - sflow.task.server_5 - INFO - Loading weights:  66%|██████▋   | 966/1458 [00:47<00:24, 19.86it/s]
2026-07-24 18:56:37,126 - sflow.task.server_5 - INFO - 3:
2026-07-24 18:56:37,126 - sflow.task.server_5 - INFO - Loading weights:  57%|█████▋    | 829/1458 [00:39<00:17, 35.08it/s]
2026-07-24 18:56:37,177 - sflow.task.server_5 - INFO - 4:
2026-07-24 18:56:37,177 - sflow.task.server_5 - INFO - Loading weights:  67%|██████▋   | 972/1458 [00:47<00:21, 22.47it/s]
2026-07-24 18:56:37,228 - sflow.task.server_5 - INFO - 3:
2026-07-24 18:56:37,228 - sflow.task.server_5 - INFO - Loading weights:  57%|█████▋    | 838/1458 [00:39<00:14, 44.04it/s]
2026-07-24 18:56:37,329 - sflow.task.server_5 - INFO - 4:
2026-07-24 18:56:37,329 - sflow.task.server_5 - INFO - Loading weights:  67%|██████▋   | 979/1458 [00:47<00:17, 27.35it/s]
2026-07-24 18:56:37,431 - sflow.task.server_5 - INFO - 4:
2026-07-24 18:56:37,431 - sflow.task.server_5 - INFO - Loading weights:  68%|██████▊   | 985/1458 [00:47<00:15, 31.43it/s]
2026-07-24 18:56:37,584 - sflow.task.server_5 - INFO - 7:
2026-07-24 18:56:37,584 - sflow.task.server_5 - INFO - Loading weights:  68%|██████▊   | 990/1458 [00:47<00:35, 13.10it/s]
2026-07-24 18:56:37,635 - sflow.task.server_5 - INFO - 5:
2026-07-24 18:56:37,635 - sflow.task.server_5 - INFO - Loading weights:  68%|██████▊   | 991/1458 [00:47<00:34, 13.60it/s]
2026-07-24 18:56:37,686 - sflow.task.server_5 - INFO - 7:
2026-07-24 18:56:37,686 - sflow.task.server_5 - INFO - Loading weights:  68%|██████▊   | 994/1458 [00:47<00:30, 15.25it/s]
2026-07-24 18:56:37,686 - sflow.task.server_5 - INFO - 6:
2026-07-24 18:56:37,686 - sflow.task.server_5 - INFO - Loading weights:  68%|██████▊   | 993/1458 [00:47<00:35, 13.17it/s]
2026-07-24 18:56:37,737 - sflow.task.server_5 - INFO - 5:
2026-07-24 18:56:37,737 - sflow.task.server_5 - INFO - Loading weights:  68%|██████▊   | 997/1458 [00:47<00:26, 17.35it/s]
2026-07-24 18:56:37,789 - sflow.task.server_5 - INFO - 4:
2026-07-24 18:56:37,789 - sflow.task.server_5 - INFO - Loading weights:  68%|██████▊   | 991/1458 [00:47<00:18, 25.67it/s]
2026-07-24 18:56:37,839 - sflow.task.server_5 - INFO - 1:
2026-07-24 18:56:37,839 - sflow.task.server_5 - INFO - Loading weights:  58%|█████▊    | 849/1458 [00:39<00:35, 17.34it/s]
2026-07-24 18:56:37,839 - sflow.task.server_5 - INFO - 6:
2026-07-24 18:56:37,839 - sflow.task.server_5 - INFO - Loading weights:  69%|██████▉   | 1004/1458 [00:47<00:21, 20.80it/s]
2026-07-24 18:56:37,839 - sflow.task.server_5 - INFO - 7:
2026-07-24 18:56:37,839 - sflow.task.server_5 - INFO - Loading weights:  69%|██████▉   | 1004/1458 [00:47<00:19, 23.65it/s]
2026-07-24 18:56:37,839 - sflow.task.server_5 - INFO - 5:
2026-07-24 18:56:37,839 - sflow.task.server_5 - INFO - Loading weights:  69%|██████▉   | 1004/1458 [00:47<00:20, 22.64it/s]
2026-07-24 18:56:37,839 - sflow.task.server_5 - INFO - 0:
2026-07-24 18:56:37,839 - sflow.task.server_5 - INFO - Loading weights:  58%|█████▊    | 852/1458 [00:39<00:33, 18.12it/s]
2026-07-24 18:56:37,890 - sflow.task.server_5 - INFO - 4:
2026-07-24 18:56:37,891 - sflow.task.server_5 - INFO - Loading weights:  68%|██████▊   | 997/1458 [00:47<00:15, 30.40it/s]
2026-07-24 18:56:37,942 - sflow.task.server_5 - INFO - 1:
2026-07-24 18:56:37,942 - sflow.task.server_5 - INFO - Loading weights:  59%|█████▉    | 859/1458 [00:40<00:24, 24.80it/s]
2026-07-24 18:56:37,942 - sflow.task.server_5 - INFO - 6:
2026-07-24 18:56:37,942 - sflow.task.server_5 - INFO - Loading weights:  69%|██████▉   | 1010/1458 [00:47<00:18, 24.80it/s]
2026-07-24 18:56:37,942 - sflow.task.server_5 - INFO - 7:
2026-07-24 18:56:37,942 - sflow.task.server_5 - INFO - Loading weights:  69%|██████▉   | 1009/1458 [00:47<00:16, 27.01it/s]
2026-07-24 18:56:37,942 - sflow.task.server_5 - INFO - 5:
2026-07-24 18:56:37,942 - sflow.task.server_5 - INFO - Loading weights:  69%|██████▉   | 1009/1458 [00:47<00:17, 26.08it/s]
2026-07-24 18:56:37,993 - sflow.task.server_5 - INFO - 0:
2026-07-24 18:56:37,993 - sflow.task.server_5 - INFO - Loading weights:  59%|█████▉    | 860/1458 [00:40<00:25, 23.16it/s]
2026-07-24 18:56:37,993 - sflow.task.server_5 - INFO - 4:
2026-07-24 18:56:37,993 - sflow.task.server_5 - INFO - Loading weights:  69%|██████▉   | 1006/1458 [00:48<00:11, 39.61it/s]
2026-07-24 18:56:38,044 - sflow.task.server_5 - INFO - 2:
2026-07-24 18:56:38,044 - sflow.task.server_5 - INFO - Loading weights:  58%|█████▊    | 846/1458 [00:40<00:33, 18.14it/s]
2026-07-24 18:56:38,147 - sflow.task.server_5 - INFO - 0:
2026-07-24 18:56:38,147 - sflow.task.server_5 - INFO - Loading weights:  59%|█████▉    | 865/1458 [00:40<00:23, 24.79it/s]
2026-07-24 18:56:38,147 - sflow.task.server_5 - INFO - 1:
2026-07-24 18:56:38,147 - sflow.task.server_5 - INFO - Loading weights:  59%|█████▉    | 865/1458 [00:40<00:22, 25.92it/s]
2026-07-24 18:56:38,147 - sflow.task.server_5 - INFO - 3:
2026-07-24 18:56:38,147 - sflow.task.server_5 - INFO - Loading weights:  58%|█████▊    | 846/1458 [00:40<00:30, 20.15it/s]
2026-07-24 18:56:38,147 - sflow.task.server_5 - INFO - 2:
2026-07-24 18:56:38,147 - sflow.task.server_5 - INFO - Loading weights:  59%|█████▊    | 853/1458 [00:40<00:27, 22.41it/s]
2026-07-24 18:56:38,249 - sflow.task.server_5 - INFO - 5:
2026-07-24 18:56:38,249 - sflow.task.server_5 - INFO - Loading weights:  70%|██████▉   | 1014/1458 [00:48<00:19, 22.63it/s]
2026-07-24 18:56:38,249 - sflow.task.server_5 - INFO - 2:
2026-07-24 18:56:38,249 - sflow.task.server_5 - INFO - Loading weights:  59%|█████▉    | 863/1458 [00:40<00:19, 30.67it/s]
2026-07-24 18:56:38,249 - sflow.task.server_5 - INFO - 3:
2026-07-24 18:56:38,249 - sflow.task.server_5 - INFO - Loading weights:  59%|█████▊    | 853/1458 [00:40<00:24, 24.69it/s]
2026-07-24 18:56:38,300 - sflow.task.server_5 - INFO - 4:
2026-07-24 18:56:38,301 - sflow.task.server_5 - INFO - Loading weights:  70%|██████▉   | 1014/1458 [00:48<00:12, 34.52it/s]
2026-07-24 18:56:38,353 - sflow.task.server_5 - INFO - 5:
2026-07-24 18:56:38,353 - sflow.task.server_5 - INFO - Loading weights:  70%|██████▉   | 1018/1458 [00:48<00:17, 24.73it/s]
2026-07-24 18:56:38,353 - sflow.task.server_5 - INFO - 3:
2026-07-24 18:56:38,353 - sflow.task.server_5 - INFO - Loading weights:  59%|█████▉    | 863/1458 [00:40<00:17, 33.55it/s]
2026-07-24 18:56:38,404 - sflow.task.server_5 - INFO - 4:
2026-07-24 18:56:38,404 - sflow.task.server_5 - INFO - Loading weights:  70%|███████   | 1021/1458 [00:48<00:10, 40.23it/s]
2026-07-24 18:56:38,506 - sflow.task.server_5 - INFO - 4:
2026-07-24 18:56:38,506 - sflow.task.server_5 - INFO - Loading weights:  71%|███████   | 1028/1458 [00:48<00:09, 45.56it/s]
2026-07-24 18:56:38,507 - sflow.task.server_5 - INFO - 5:
2026-07-24 18:56:38,507 - sflow.task.server_5 - INFO - Loading weights:  71%|███████   | 1028/1458 [00:48<00:12, 34.65it/s]
2026-07-24 18:56:38,660 - sflow.task.server_5 - INFO - 4:
2026-07-24 18:56:38,660 - sflow.task.server_5 - INFO - Loading weights:  71%|███████   | 1034/1458 [00:48<00:09, 44.01it/s]
2026-07-24 18:56:38,660 - sflow.task.server_5 - INFO - 5:
2026-07-24 18:56:38,660 - sflow.task.server_5 - INFO - Loading weights:  71%|███████   | 1033/1458 [00:48<00:12, 34.36it/s]
2026-07-24 18:56:38,763 - sflow.task.server_5 - INFO - 7:
2026-07-24 18:56:38,763 - sflow.task.server_5 - INFO - Loading weights:  70%|██████▉   | 1014/1458 [00:48<00:30, 14.38it/s]
2026-07-24 18:56:38,815 - sflow.task.server_5 - INFO - 6:
2026-07-24 18:56:38,815 - sflow.task.server_5 - INFO - Loading weights:  70%|██████▉   | 1016/1458 [00:48<00:30, 14.64it/s]
2026-07-24 18:56:38,866 - sflow.task.server_5 - INFO - 7:
2026-07-24 18:56:38,866 - sflow.task.server_5 - INFO - Loading weights:  70%|███████   | 1021/1458 [00:48<00:22, 19.59it/s]
2026-07-24 18:56:38,918 - sflow.task.server_5 - INFO - 5:
2026-07-24 18:56:38,918 - sflow.task.server_5 - INFO - Loading weights:  71%|███████   | 1038/1458 [00:48<00:14, 28.35it/s]
2026-07-24 18:56:38,918 - sflow.task.server_5 - INFO - 6:
2026-07-24 18:56:38,918 - sflow.task.server_5 - INFO - Loading weights:  71%|███████   | 1028/1458 [00:48<00:18, 23.08it/s]
2026-07-24 18:56:38,969 - sflow.task.server_5 - INFO - 7:
2026-07-24 18:56:38,969 - sflow.task.server_5 - INFO - Loading weights:  71%|███████   | 1031/1458 [00:48<00:14, 29.23it/s]
2026-07-24 18:56:38,969 - sflow.task.server_5 - INFO - 4:
2026-07-24 18:56:38,969 - sflow.task.server_5 - INFO - Loading weights:  71%|███████▏  | 1040/1458 [00:48<00:12, 32.23it/s]
2026-07-24 18:56:38,969 - sflow.task.server_5 - INFO - 1:
2026-07-24 18:56:38,969 - sflow.task.server_5 - INFO - Loading weights:  60%|█████▉    | 871/1458 [00:41<00:37, 15.55it/s]
2026-07-24 18:56:38,969 - sflow.task.server_5 - INFO - 0:
2026-07-24 18:56:38,969 - sflow.task.server_5 - INFO - Loading weights:  60%|█████▉    | 870/1458 [00:41<00:42, 13.94it/s]
2026-07-24 18:56:39,021 - sflow.task.server_5 - INFO - 5:
2026-07-24 18:56:39,021 - sflow.task.server_5 - INFO - Loading weights:  72%|███████▏  | 1046/1458 [00:49<00:11, 36.37it/s]
2026-07-24 18:56:39,021 - sflow.task.server_5 - INFO - 6:
2026-07-24 18:56:39,021 - sflow.task.server_5 - INFO - Loading weights:  71%|███████   | 1035/1458 [00:49<00:15, 27.68it/s]
2026-07-24 18:56:39,072 - sflow.task.server_5 - INFO - 4:
2026-07-24 18:56:39,072 - sflow.task.server_5 - INFO - Loading weights:  72%|███████▏  | 1051/1458 [00:49<00:08, 45.58it/s]
2026-07-24 18:56:39,072 - sflow.task.server_5 - INFO - 1:
2026-07-24 18:56:39,072 - sflow.task.server_5 - INFO - Loading weights:  60%|██████    | 875/1458 [00:41<00:33, 17.52it/s]
2026-07-24 18:56:39,072 - sflow.task.server_5 - INFO - 0:
2026-07-24 18:56:39,072 - sflow.task.server_5 - INFO - Loading weights:  60%|██████    | 877/1458 [00:41<00:31, 18.70it/s]
2026-07-24 18:56:39,124 - sflow.task.server_5 - INFO - 2:
2026-07-24 18:56:39,124 - sflow.task.server_5 - INFO - Loading weights:  60%|█████▉    | 870/1458 [00:41<00:33, 17.81it/s]
2026-07-24 18:56:39,124 - sflow.task.server_5 - INFO - 5:
2026-07-24 18:56:39,124 - sflow.task.server_5 - INFO - Loading weights:  72%|███████▏  | 1052/1458 [00:49<00:10, 39.03it/s]
2026-07-24 18:56:39,175 - sflow.task.server_5 - INFO - 1:
2026-07-24 18:56:39,175 - sflow.task.server_5 - INFO - Loading weights:  61%|██████    | 884/1458 [00:41<00:22, 25.07it/s]
2026-07-24 18:56:39,227 - sflow.task.server_5 - INFO - 0:
2026-07-24 18:56:39,227 - sflow.task.server_5 - INFO - Loading weights:  61%|██████    | 886/1458 [00:41<00:22, 25.99it/s]
2026-07-24 18:56:39,227 - sflow.task.server_5 - INFO - 2:
2026-07-24 18:56:39,227 - sflow.task.server_5 - INFO - Loading weights:  60%|██████    | 877/1458 [00:41<00:26, 22.17it/s]
2026-07-24 18:56:39,227 - sflow.task.server_5 - INFO - 3:
2026-07-24 18:56:39,227 - sflow.task.server_5 - INFO - Loading weights:  60%|█████▉    | 870/1458 [00:41<00:32, 18.32it/s]
2026-07-24 18:56:39,278 - sflow.task.server_5 - INFO - 4:
2026-07-24 18:56:39,278 - sflow.task.server_5 - INFO - Loading weights:  73%|███████▎  | 1058/1458 [00:49<00:09, 40.38it/s]
2026-07-24 18:56:39,278 - sflow.task.server_5 - INFO - 5:
2026-07-24 18:56:39,278 - sflow.task.server_5 - INFO - Loading weights:  72%|███████▏  | 1057/1458 [00:49<00:10, 38.06it/s]
2026-07-24 18:56:39,330 - sflow.task.server_5 - INFO - 2:
2026-07-24 18:56:39,330 - sflow.task.server_5 - INFO - Loading weights:  61%|██████    | 887/1458 [00:41<00:18, 30.59it/s]
2026-07-24 18:56:39,330 - sflow.task.server_5 - INFO - 1:
2026-07-24 18:56:39,330 - sflow.task.server_5 - INFO - Loading weights:  61%|██████    | 890/1458 [00:41<00:20, 28.28it/s]
2026-07-24 18:56:39,330 - sflow.task.server_5 - INFO - 3:
2026-07-24 18:56:39,330 - sflow.task.server_5 - INFO - Loading weights:  60%|██████    | 877/1458 [00:41<00:25, 22.73it/s]
2026-07-24 18:56:39,330 - sflow.task.server_5 - INFO - 0:
2026-07-24 18:56:39,330 - sflow.task.server_5 - INFO - Loading weights:  61%|██████    | 892/1458 [00:41<00:19, 28.98it/s]
2026-07-24 18:56:39,381 - sflow.task.server_5 - INFO - 6:
2026-07-24 18:56:39,381 - sflow.task.server_5 - INFO - Loading weights:  71%|███████▏  | 1041/1458 [00:49<00:16, 24.64it/s]
2026-07-24 18:56:39,433 - sflow.task.server_5 - INFO - 3:
2026-07-24 18:56:39,433 - sflow.task.server_5 - INFO - Loading weights:  61%|██████    | 887/1458 [00:41<00:18, 31.28it/s]
2026-07-24 18:56:39,484 - sflow.task.server_5 - INFO - 6:
2026-07-24 18:56:39,484 - sflow.task.server_5 - INFO - Loading weights:  72%|███████▏  | 1052/1458 [00:49<00:11, 34.13it/s]
2026-07-24 18:56:39,586 - sflow.task.server_5 - INFO - 6:
2026-07-24 18:56:39,586 - sflow.task.server_5 - INFO - Loading weights:  73%|███████▎  | 1059/1458 [00:49<00:10, 38.66it/s]
2026-07-24 18:56:39,943 - sflow.task.server_5 - INFO - 7:
2026-07-24 18:56:39,943 - sflow.task.server_5 - INFO - Loading weights:  71%|███████   | 1038/1458 [00:49<00:27, 15.30it/s]
2026-07-24 18:56:40,045 - sflow.task.server_5 - INFO - 7:
2026-07-24 18:56:40,045 - sflow.task.server_5 - INFO - Loading weights:  72%|███████▏  | 1045/1458 [00:50<00:21, 19.57it/s]
2026-07-24 18:56:40,146 - sflow.task.server_5 - INFO - 7:
2026-07-24 18:56:40,146 - sflow.task.server_5 - INFO - Loading weights:  72%|███████▏  | 1052/1458 [00:50<00:16, 24.51it/s]
2026-07-24 18:56:40,197 - sflow.task.server_5 - INFO - 4:
2026-07-24 18:56:40,197 - sflow.task.server_5 - INFO - Loading weights:  73%|███████▎  | 1064/1458 [00:50<00:21, 17.91it/s]
2026-07-24 18:56:40,197 - sflow.task.server_5 - INFO - 1:
2026-07-24 18:56:40,197 - sflow.task.server_5 - INFO - Loading weights:  61%|██████▏   | 895/1458 [00:42<00:39, 14.38it/s]
2026-07-24 18:56:40,248 - sflow.task.server_5 - INFO - 5:
2026-07-24 18:56:40,248 - sflow.task.server_5 - INFO - Loading weights:  73%|███████▎  | 1062/1458 [00:50<00:27, 14.39it/s]
2026-07-24 18:56:40,248 - sflow.task.server_5 - INFO - 2:
2026-07-24 18:56:40,248 - sflow.task.server_5 - INFO - Loading weights:  61%|██████▏   | 894/1458 [00:42<00:33, 16.71it/s]
2026-07-24 18:56:40,299 - sflow.task.server_5 - INFO - 7:
2026-07-24 18:56:40,299 - sflow.task.server_5 - INFO - Loading weights:  73%|███████▎  | 1059/1458 [00:50<00:13, 29.54it/s]
2026-07-24 18:56:40,299 - sflow.task.server_5 - INFO - 4:
2026-07-24 18:56:40,299 - sflow.task.server_5 - INFO - Loading weights:  74%|███████▎  | 1075/1458 [00:50<00:14, 26.37it/s]
2026-07-24 18:56:40,299 - sflow.task.server_5 - INFO - 1:
2026-07-24 18:56:40,299 - sflow.task.server_5 - INFO - Loading weights:  62%|██████▏   | 899/1458 [00:42<00:33, 16.58it/s]
2026-07-24 18:56:40,350 - sflow.task.server_5 - INFO - 5:
2026-07-24 18:56:40,350 - sflow.task.server_5 - INFO - Loading weights:  73%|███████▎  | 1069/1458 [00:50<00:19, 19.67it/s]
2026-07-24 18:56:40,350 - sflow.task.server_5 - INFO - 0:
2026-07-24 18:56:40,350 - sflow.task.server_5 - INFO - Loading weights:  62%|██████▏   | 898/1458 [00:42<00:39, 14.12it/s]
2026-07-24 18:56:40,400 - sflow.task.server_5 - INFO - 2:
2026-07-24 18:56:40,400 - sflow.task.server_5 - INFO - Loading weights:  62%|██████▏   | 901/1458 [00:42<00:26, 21.00it/s]
2026-07-24 18:56:40,400 - sflow.task.server_5 - INFO - 3:
2026-07-24 18:56:40,400 - sflow.task.server_5 - INFO - Loading weights:  61%|██████▏   | 894/1458 [00:42<00:33, 16.86it/s]
2026-07-24 18:56:40,400 - sflow.task.server_5 - INFO - 1:
2026-07-24 18:56:40,400 - sflow.task.server_5 - INFO - Loading weights:  62%|██████▏   | 910/1458 [00:42<00:20, 26.78it/s]
2026-07-24 18:56:40,451 - sflow.task.server_5 - INFO - 5:
2026-07-24 18:56:40,451 - sflow.task.server_5 - INFO - Loading weights:  74%|███████▍  | 1078/1458 [00:50<00:13, 27.48it/s]
2026-07-24 18:56:40,451 - sflow.task.server_5 - INFO - 0:
2026-07-24 18:56:40,451 - sflow.task.server_5 - INFO - Loading weights:  62%|██████▏   | 910/1458 [00:42<00:24, 22.67it/s]
2026-07-24 18:56:40,502 - sflow.task.server_5 - INFO - 2:
2026-07-24 18:56:40,502 - sflow.task.server_5 - INFO - Loading weights:  62%|██████▏   | 911/1458 [00:42<00:18, 29.18it/s]
2026-07-24 18:56:40,502 - sflow.task.server_5 - INFO - 4:
2026-07-24 18:56:40,502 - sflow.task.server_5 - INFO - Loading weights:  74%|███████▍  | 1081/1458 [00:50<00:13, 27.44it/s]
2026-07-24 18:56:40,502 - sflow.task.server_5 - INFO - 6:
2026-07-24 18:56:40,502 - sflow.task.server_5 - INFO - Loading weights:  73%|███████▎  | 1065/1458 [00:50<00:21, 18.19it/s]
2026-07-24 18:56:40,502 - sflow.task.server_5 - INFO - 3:
2026-07-24 18:56:40,502 - sflow.task.server_5 - INFO - Loading weights:  62%|██████▏   | 901/1458 [00:42<00:26, 21.10it/s]
2026-07-24 18:56:40,604 - sflow.task.server_5 - INFO - 3:
2026-07-24 18:56:40,604 - sflow.task.server_5 - INFO - Loading weights:  62%|██████▏   | 910/1458 [00:42<00:19, 28.11it/s]
2026-07-24 18:56:40,604 - sflow.task.server_5 - INFO - 6:
2026-07-24 18:56:40,604 - sflow.task.server_5 - INFO - Loading weights:  74%|███████▍  | 1076/1458 [00:50<00:14, 26.27it/s]
2026-07-24 18:56:40,706 - sflow.task.server_5 - INFO - 6:
2026-07-24 18:56:40,706 - sflow.task.server_5 - INFO - Loading weights:  74%|███████▍  | 1083/1458 [00:50<00:12, 30.86it/s]
2026-07-24 18:56:40,959 - sflow.task.server_5 - INFO - 0:
2026-07-24 18:56:40,959 - sflow.task.server_5 - INFO - Loading weights:  63%|██████▎   | 918/1458 [00:43<00:26, 20.54it/s]
2026-07-24 18:56:41,010 - sflow.task.server_5 - INFO - 6:
2026-07-24 18:56:41,010 - sflow.task.server_5 - INFO - Loading weights:  75%|███████▍  | 1089/1458 [00:51<00:13, 28.22it/s]
2026-07-24 18:56:41,062 - sflow.task.server_5 - INFO - 0:
2026-07-24 18:56:41,062 - sflow.task.server_5 - INFO - Loading weights:  63%|██████▎   | 925/1458 [00:43<00:21, 25.13it/s]
2026-07-24 18:56:41,113 - sflow.task.server_5 - INFO - 6:
2026-07-24 18:56:41,113 - sflow.task.server_5 - INFO - Loading weights:  75%|███████▌  | 1099/1458 [00:51<00:09, 37.56it/s]
2026-07-24 18:56:41,113 - sflow.task.server_5 - INFO - 7:
2026-07-24 18:56:41,113 - sflow.task.server_5 - INFO - Loading weights:  73%|███████▎  | 1065/1458 [00:51<00:24, 16.09it/s]
2026-07-24 18:56:41,165 - sflow.task.server_5 - INFO - 0:
2026-07-24 18:56:41,165 - sflow.task.server_5 - INFO - Loading weights:  64%|██████▍   | 934/1458 [00:43<00:16, 32.17it/s]
2026-07-24 18:56:41,216 - sflow.task.server_5 - INFO - 6:
2026-07-24 18:56:41,216 - sflow.task.server_5 - INFO - Loading weights:  76%|███████▌  | 1105/1458 [00:51<00:08, 40.68it/s]
2026-07-24 18:56:41,216 - sflow.task.server_5 - INFO - 5:
2026-07-24 18:56:41,216 - sflow.task.server_5 - INFO - Loading weights:  74%|███████▍  | 1086/1458 [00:51<00:20, 17.87it/s]
2026-07-24 18:56:41,268 - sflow.task.server_5 - INFO - 7:
2026-07-24 18:56:41,268 - sflow.task.server_5 - INFO - Loading weights:  74%|███████▎  | 1075/1458 [00:51<00:16, 23.50it/s]
2026-07-24 18:56:41,319 - sflow.task.server_5 - INFO - 0:
2026-07-24 18:56:41,319 - sflow.task.server_5 - INFO - Loading weights:  64%|██████▍   | 940/1458 [00:43<00:15, 34.26it/s]
2026-07-24 18:56:41,319 - sflow.task.server_5 - INFO - 5:
2026-07-24 18:56:41,319 - sflow.task.server_5 - INFO - Loading weights:  75%|███████▌  | 1094/1458 [00:51<00:15, 23.50it/s]
2026-07-24 18:56:41,370 - sflow.task.server_5 - INFO - 7:
2026-07-24 18:56:41,370 - sflow.task.server_5 - INFO - Loading weights:  74%|███████▍  | 1081/1458 [00:51<00:14, 26.93it/s]
2026-07-24 18:56:41,370 - sflow.task.server_5 - INFO - 1:
2026-07-24 18:56:41,370 - sflow.task.server_5 - INFO - Loading weights:  63%|██████▎   | 918/1458 [00:43<00:34, 15.60it/s]
2026-07-24 18:56:41,370 - sflow.task.server_5 - INFO - 4:
2026-07-24 18:56:41,370 - sflow.task.server_5 - INFO - Loading weights:  74%|███████▍  | 1086/1458 [00:51<00:25, 14.67it/s]
2026-07-24 18:56:41,421 - sflow.task.server_5 - INFO - 6:
2026-07-24 18:56:41,421 - sflow.task.server_5 - INFO - Loading weights:  76%|███████▌  | 1111/1458 [00:51<00:09, 35.69it/s]
2026-07-24 18:56:41,472 - sflow.task.server_5 - INFO - 3:
2026-07-24 18:56:41,473 - sflow.task.server_5 - INFO - Loading weights:  63%|██████▎   | 918/1458 [00:43<00:30, 17.68it/s]
2026-07-24 18:56:41,473 - sflow.task.server_5 - INFO - 5:
2026-07-24 18:56:41,473 - sflow.task.server_5 - INFO - Loading weights:  76%|███████▌  | 1105/1458 [00:51<00:10, 32.64it/s]
2026-07-24 18:56:41,473 - sflow.task.server_5 - INFO - 2:
2026-07-24 18:56:41,473 - sflow.task.server_5 - INFO - Loading weights:  63%|██████▎   | 918/1458 [00:43<00:33, 15.96it/s]
2026-07-24 18:56:41,473 - sflow.task.server_5 - INFO - 1:
2026-07-24 18:56:41,473 - sflow.task.server_5 - INFO - Loading weights:  63%|██████▎   | 925/1458 [00:43<00:26, 20.01it/s]
2026-07-24 18:56:41,473 - sflow.task.server_5 - INFO - 4:
2026-07-24 18:56:41,473 - sflow.task.server_5 - INFO - Loading weights:  75%|███████▍  | 1093/1458 [00:51<00:19, 19.19it/s]
2026-07-24 18:56:41,524 - sflow.task.server_5 - INFO - 6:
2026-07-24 18:56:41,524 - sflow.task.server_5 - INFO - Loading weights:  77%|███████▋  | 1117/1458 [00:51<00:08, 39.86it/s]
2026-07-24 18:56:41,575 - sflow.task.server_5 - INFO - 3:
2026-07-24 18:56:41,575 - sflow.task.server_5 - INFO - Loading weights:  63%|██████▎   | 925/1458 [00:43<00:24, 22.04it/s]
2026-07-24 18:56:41,575 - sflow.task.server_5 - INFO - 2:
2026-07-24 18:56:41,575 - sflow.task.server_5 - INFO - Loading weights:  63%|██████▎   | 925/1458 [00:43<00:26, 20.13it/s]
2026-07-24 18:56:41,575 - sflow.task.server_5 - INFO - 7:
2026-07-24 18:56:41,575 - sflow.task.server_5 - INFO - Loading weights:  75%|███████▍  | 1087/1458 [00:51<00:13, 27.16it/s]
2026-07-24 18:56:41,575 - sflow.task.server_5 - INFO - 1:
2026-07-24 18:56:41,575 - sflow.task.server_5 - INFO - Loading weights:  64%|██████▍   | 934/1458 [00:43<00:19, 27.23it/s]
2026-07-24 18:56:41,626 - sflow.task.server_5 - INFO - 4:
2026-07-24 18:56:41,626 - sflow.task.server_5 - INFO - Loading weights:  76%|███████▌  | 1102/1458 [00:51<00:13, 26.63it/s]
2026-07-24 18:56:41,678 - sflow.task.server_5 - INFO - 3:
2026-07-24 18:56:41,678 - sflow.task.server_5 - INFO - Loading weights:  64%|██████▍   | 934/1458 [00:43<00:17, 29.42it/s]
2026-07-24 18:56:41,678 - sflow.task.server_5 - INFO - 6:
2026-07-24 18:56:41,678 - sflow.task.server_5 - INFO - Loading weights:  77%|███████▋  | 1126/1458 [00:51<00:06, 48.50it/s]
2026-07-24 18:56:41,678 - sflow.task.server_5 - INFO - 2:
2026-07-24 18:56:41,678 - sflow.task.server_5 - INFO - Loading weights:  64%|██████▍   | 934/1458 [00:43<00:19, 27.00it/s]
2026-07-24 18:56:41,678 - sflow.task.server_5 - INFO - 7:
2026-07-24 18:56:41,678 - sflow.task.server_5 - INFO - Loading weights:  75%|███████▍  | 1093/1458 [00:51<00:11, 31.54it/s]
2026-07-24 18:56:41,736 - sflow.task.server_5 - INFO - 5:
2026-07-24 18:56:41,736 - sflow.task.server_5 - INFO - Loading weights:  76%|███████▌  | 1111/1458 [00:51<00:11, 30.50it/s]
2026-07-24 18:56:41,838 - sflow.task.server_5 - INFO - 5:
2026-07-24 18:56:41,838 - sflow.task.server_5 - INFO - Loading weights:  77%|███████▋  | 1117/1458 [00:51<00:09, 34.53it/s]
2026-07-24 18:56:41,838 - sflow.task.server_5 - INFO - 6:
2026-07-24 18:56:41,838 - sflow.task.server_5 - INFO - Loading weights:  78%|███████▊  | 1132/1458 [00:51<00:07, 45.40it/s]
2026-07-24 18:56:41,838 - sflow.task.server_5 - INFO - 2:
2026-07-24 18:56:41,838 - sflow.task.server_5 - INFO - Loading weights:  65%|██████▍   | 941/1458 [00:43<00:16, 30.82it/s]
2026-07-24 18:56:41,838 - sflow.task.server_5 - INFO - 7:
2026-07-24 18:56:41,838 - sflow.task.server_5 - INFO - Loading weights:  76%|███████▌  | 1105/1458 [00:51<00:08, 43.15it/s]
2026-07-24 18:56:41,890 - sflow.task.server_5 - INFO - 4:
2026-07-24 18:56:41,890 - sflow.task.server_5 - INFO - Loading weights:  76%|███████▌  | 1110/1458 [00:51<00:13, 26.70it/s]
2026-07-24 18:56:41,941 - sflow.task.server_5 - INFO - 5:
2026-07-24 18:56:41,941 - sflow.task.server_5 - INFO - Loading weights:  77%|███████▋  | 1129/1458 [00:51<00:07, 45.53it/s]
2026-07-24 18:56:41,992 - sflow.task.server_5 - INFO - 3:
2026-07-24 18:56:41,993 - sflow.task.server_5 - INFO - Loading weights:  65%|██████▍   | 942/1458 [00:44<00:18, 28.19it/s]
2026-07-24 18:56:41,993 - sflow.task.server_5 - INFO - 4:
2026-07-24 18:56:41,993 - sflow.task.server_5 - INFO - Loading weights:  77%|███████▋  | 1117/1458 [00:52<00:10, 32.11it/s]
2026-07-24 18:56:42,094 - sflow.task.server_5 - INFO - 7:
2026-07-24 18:56:42,094 - sflow.task.server_5 - INFO - Loading weights:  76%|███████▌  | 1111/1458 [00:52<00:09, 37.37it/s]
2026-07-24 18:56:42,094 - sflow.task.server_5 - INFO - 3:
2026-07-24 18:56:42,094 - sflow.task.server_5 - INFO - Loading weights:  65%|██████▌   | 948/1458 [00:44<00:15, 31.98it/s]
2026-07-24 18:56:42,145 - sflow.task.server_5 - INFO - 4:
2026-07-24 18:56:42,145 - sflow.task.server_5 - INFO - Loading weights:  77%|███████▋  | 1126/1458 [00:52<00:08, 40.22it/s]
2026-07-24 18:56:42,196 - sflow.task.server_5 - INFO - 3:
2026-07-24 18:56:42,196 - sflow.task.server_5 - INFO - Loading weights:  66%|██████▌   | 956/1458 [00:44<00:13, 38.38it/s]
2026-07-24 18:56:42,196 - sflow.task.server_5 - INFO - 7:
2026-07-24 18:56:42,196 - sflow.task.server_5 - INFO - Loading weights:  77%|███████▋  | 1116/1458 [00:52<00:09, 36.80it/s]
2026-07-24 18:56:42,249 - sflow.task.server_5 - INFO - 0:
2026-07-24 18:56:42,249 - sflow.task.server_5 - INFO - Loading weights:  65%|██████▍   | 946/1458 [00:44<00:30, 16.53it/s]
2026-07-24 18:56:42,350 - sflow.task.server_5 - INFO - 7:
2026-07-24 18:56:42,351 - sflow.task.server_5 - INFO - Loading weights:  77%|███████▋  | 1124/1458 [00:52<00:07, 43.55it/s]
2026-07-24 18:56:42,351 - sflow.task.server_5 - INFO - 3:
2026-07-24 18:56:42,351 - sflow.task.server_5 - INFO - Loading weights:  66%|██████▌   | 962/1458 [00:44<00:12, 38.95it/s]
2026-07-24 18:56:42,351 - sflow.task.server_5 - INFO - 0:
2026-07-24 18:56:42,351 - sflow.task.server_5 - INFO - Loading weights:  66%|██████▌   | 958/1458 [00:44<00:19, 25.54it/s]
2026-07-24 18:56:42,452 - sflow.task.server_5 - INFO - 7:
2026-07-24 18:56:42,452 - sflow.task.server_5 - INFO - Loading weights:  78%|███████▊  | 1131/1458 [00:52<00:06, 47.34it/s]
2026-07-24 18:56:42,554 - sflow.task.server_5 - INFO - 1:
2026-07-24 18:56:42,554 - sflow.task.server_5 - INFO - Loading weights:  65%|██████▍   | 942/1458 [00:44<00:31, 16.35it/s]
2026-07-24 18:56:42,657 - sflow.task.server_5 - INFO - 1:
2026-07-24 18:56:42,657 - sflow.task.server_5 - INFO - Loading weights:  65%|██████▌   | 949/1458 [00:44<00:24, 20.64it/s]
2026-07-24 18:56:42,759 - sflow.task.server_5 - INFO - 1:
2026-07-24 18:56:42,759 - sflow.task.server_5 - INFO - Loading weights:  66%|██████▌   | 958/1458 [00:44<00:18, 27.47it/s]
2026-07-24 18:56:42,759 - sflow.task.server_5 - INFO - 2:
2026-07-24 18:56:42,759 - sflow.task.server_5 - INFO - Loading weights:  65%|██████▍   | 947/1458 [00:44<00:32, 15.77it/s]
2026-07-24 18:56:42,862 - sflow.task.server_5 - INFO - 6:
2026-07-24 18:56:42,862 - sflow.task.server_5 - INFO - Loading weights:  78%|███████▊  | 1138/1458 [00:52<00:19, 16.05it/s]
2026-07-24 18:56:42,862 - sflow.task.server_5 - INFO - 5:
2026-07-24 18:56:42,862 - sflow.task.server_5 - INFO - Loading weights:  78%|███████▊  | 1136/1458 [00:52<00:15, 20.33it/s]
2026-07-24 18:56:42,913 - sflow.task.server_5 - INFO - 2:
2026-07-24 18:56:42,913 - sflow.task.server_5 - INFO - Loading weights:  66%|██████▌   | 958/1458 [00:45<00:21, 23.31it/s]
2026-07-24 18:56:43,067 - sflow.task.server_5 - INFO - 5:
2026-07-24 18:56:43,067 - sflow.task.server_5 - INFO - Loading weights:  79%|███████▊  | 1148/1458 [00:53<00:11, 27.43it/s]
2026-07-24 18:56:43,067 - sflow.task.server_5 - INFO - 6:
2026-07-24 18:56:43,067 - sflow.task.server_5 - INFO - Loading weights:  79%|███████▊  | 1148/1458 [00:53<00:14, 21.81it/s]
2026-07-24 18:56:43,067 - sflow.task.server_5 - INFO - 4:
2026-07-24 18:56:43,067 - sflow.task.server_5 - INFO - Loading weights:  78%|███████▊  | 1134/1458 [00:53<00:17, 18.70it/s]
2026-07-24 18:56:43,169 - sflow.task.server_5 - INFO - 4:
2026-07-24 18:56:43,169 - sflow.task.server_5 - INFO - Loading weights:  78%|███████▊  | 1141/1458 [00:53<00:13, 23.24it/s]
2026-07-24 18:56:43,220 - sflow.task.server_5 - INFO - 5:
2026-07-24 18:56:43,221 - sflow.task.server_5 - INFO - Loading weights:  79%|███████▉  | 1153/1458 [00:53<00:10, 28.44it/s]
2026-07-24 18:56:43,221 - sflow.task.server_5 - INFO - 6:
2026-07-24 18:56:43,221 - sflow.task.server_5 - INFO - Loading weights:  79%|███████▉  | 1153/1458 [00:53<00:12, 23.64it/s]
2026-07-24 18:56:43,221 - sflow.task.server_5 - INFO - 3:
2026-07-24 18:56:43,221 - sflow.task.server_5 - INFO - Loading weights:  66%|██████▋   | 968/1458 [00:45<00:28, 17.10it/s]
2026-07-24 18:56:43,272 - sflow.task.server_5 - INFO - 0:
2026-07-24 18:56:43,272 - sflow.task.server_5 - INFO - Loading weights:  66%|██████▋   | 966/1458 [00:45<00:29, 16.41it/s]
2026-07-24 18:56:43,272 - sflow.task.server_5 - INFO - 4:
2026-07-24 18:56:43,272 - sflow.task.server_5 - INFO - Loading weights:  79%|███████▉  | 1150/1458 [00:53<00:09, 30.88it/s]
2026-07-24 18:56:43,373 - sflow.task.server_5 - INFO - 3:
2026-07-24 18:56:43,373 - sflow.task.server_5 - INFO - Loading weights:  67%|██████▋   | 979/1458 [00:45<00:18, 25.64it/s]
2026-07-24 18:56:43,373 - sflow.task.server_5 - INFO - 7:
2026-07-24 18:56:43,373 - sflow.task.server_5 - INFO - Loading weights:  78%|███████▊  | 1137/1458 [00:53<00:17, 17.90it/s]
2026-07-24 18:56:43,373 - sflow.task.server_5 - INFO - 0:
2026-07-24 18:56:43,373 - sflow.task.server_5 - INFO - Loading weights:  67%|██████▋   | 973/1458 [00:45<00:23, 20.44it/s]
2026-07-24 18:56:43,424 - sflow.task.server_5 - INFO - 6:
2026-07-24 18:56:43,424 - sflow.task.server_5 - INFO - Loading weights:  79%|███████▉  | 1158/1458 [00:53<00:12, 23.22it/s]
2026-07-24 18:56:43,475 - sflow.task.server_5 - INFO - 5:
2026-07-24 18:56:43,475 - sflow.task.server_5 - INFO - Loading weights:  79%|███████▉  | 1158/1458 [00:53<00:11, 25.98it/s]
2026-07-24 18:56:43,475 - sflow.task.server_5 - INFO - 7:
2026-07-24 18:56:43,475 - sflow.task.server_5 - INFO - Loading weights:  79%|███████▉  | 1150/1458 [00:53<00:10, 28.70it/s]
2026-07-24 18:56:43,526 - sflow.task.server_5 - INFO - 0:
2026-07-24 18:56:43,526 - sflow.task.server_5 - INFO - Loading weights:  67%|██████▋   | 982/1458 [00:45<00:17, 26.76it/s]
2026-07-24 18:56:43,526 - sflow.task.server_5 - INFO - 6:
2026-07-24 18:56:43,526 - sflow.task.server_5 - INFO - Loading weights:  80%|███████▉  | 1162/1458 [00:53<00:11, 24.91it/s]
2026-07-24 18:56:43,578 - sflow.task.server_5 - INFO - 3:
2026-07-24 18:56:43,578 - sflow.task.server_5 - INFO - Loading weights:  68%|██████▊   | 985/1458 [00:45<00:17, 26.68it/s]
2026-07-24 18:56:43,578 - sflow.task.server_5 - INFO - 5:
2026-07-24 18:56:43,578 - sflow.task.server_5 - INFO - Loading weights:  80%|███████▉  | 1165/1458 [00:53<00:09, 31.65it/s]
2026-07-24 18:56:43,578 - sflow.task.server_5 - INFO - 4:
2026-07-24 18:56:43,578 - sflow.task.server_5 - INFO - Loading weights:  79%|███████▉  | 1158/1458 [00:53<00:10, 29.63it/s]
2026-07-24 18:56:43,629 - sflow.task.server_5 - INFO - 1:
2026-07-24 18:56:43,629 - sflow.task.server_5 - INFO - Loading weights:  66%|██████▋   | 966/1458 [00:45<00:28, 16.98it/s]
2026-07-24 18:56:43,681 - sflow.task.server_5 - INFO - 5:
2026-07-24 18:56:43,681 - sflow.task.server_5 - INFO - Loading weights:  81%|████████  | 1175/1458 [00:53<00:06, 42.61it/s]
2026-07-24 18:56:43,681 - sflow.task.server_5 - INFO - 6:
2026-07-24 18:56:43,681 - sflow.task.server_5 - INFO - Loading weights:  81%|████████  | 1174/1458 [00:53<00:07, 39.00it/s]
2026-07-24 18:56:43,681 - sflow.task.server_5 - INFO - 4:
2026-07-24 18:56:43,681 - sflow.task.server_5 - INFO - Loading weights:  80%|███████▉  | 1165/1458 [00:53<00:08, 34.95it/s]
2026-07-24 18:56:43,732 - sflow.task.server_5 - INFO - 1:
2026-07-24 18:56:43,732 - sflow.task.server_5 - INFO - Loading weights:  67%|██████▋   | 973/1458 [00:45<00:22, 21.30it/s]
2026-07-24 18:56:43,784 - sflow.task.server_5 - INFO - 7:
2026-07-24 18:56:43,784 - sflow.task.server_5 - INFO - Loading weights:  79%|███████▉  | 1158/1458 [00:53<00:10, 28.54it/s]
2026-07-24 18:56:43,784 - sflow.task.server_5 - INFO - 2:
2026-07-24 18:56:43,784 - sflow.task.server_5 - INFO - Loading weights:  66%|██████▋   | 966/1458 [00:45<00:30, 15.94it/s]
2026-07-24 18:56:43,784 - sflow.task.server_5 - INFO - 4:
2026-07-24 18:56:43,784 - sflow.task.server_5 - INFO - Loading weights:  81%|████████  | 1174/1458 [00:53<00:06, 43.42it/s]
2026-07-24 18:56:43,784 - sflow.task.server_5 - INFO - 3:
2026-07-24 18:56:43,784 - sflow.task.server_5 - INFO - Loading weights:  68%|██████▊   | 990/1458 [00:45<00:18, 25.16it/s]
2026-07-24 18:56:43,836 - sflow.task.server_5 - INFO - 1:
2026-07-24 18:56:43,836 - sflow.task.server_5 - INFO - Loading weights:  67%|██████▋   | 983/1458 [00:45<00:16, 29.59it/s]
2026-07-24 18:56:43,887 - sflow.task.server_5 - INFO - 7:
2026-07-24 18:56:43,887 - sflow.task.server_5 - INFO - Loading weights:  80%|███████▉  | 1165/1458 [00:53<00:08, 33.19it/s]
2026-07-24 18:56:43,887 - sflow.task.server_5 - INFO - 2:
2026-07-24 18:56:43,887 - sflow.task.server_5 - INFO - Loading weights:  67%|██████▋   | 973/1458 [00:45<00:24, 19.99it/s]
2026-07-24 18:56:43,938 - sflow.task.server_5 - INFO - 3:
2026-07-24 18:56:43,938 - sflow.task.server_5 - INFO - Loading weights:  68%|██████▊   | 994/1458 [00:46<00:17, 26.50it/s]
2026-07-24 18:56:43,989 - sflow.task.server_5 - INFO - 7:
2026-07-24 18:56:43,989 - sflow.task.server_5 - INFO - Loading weights:  81%|████████  | 1174/1458 [00:54<00:06, 41.51it/s]
2026-07-24 18:56:44,040 - sflow.task.server_5 - INFO - 2:
2026-07-24 18:56:44,041 - sflow.task.server_5 - INFO - Loading weights:  68%|██████▊   | 985/1458 [00:46<00:16, 28.90it/s]
2026-07-24 18:56:44,092 - sflow.task.server_5 - INFO - 3:
2026-07-24 18:56:44,092 - sflow.task.server_5 - INFO - Loading weights:  69%|██████▉   | 1004/1458 [00:46<00:13, 33.53it/s]
2026-07-24 18:56:44,245 - sflow.task.server_5 - INFO - 3:
2026-07-24 18:56:44,245 - sflow.task.server_5 - INFO - Loading weights:  69%|██████▉   | 1009/1458 [00:46<00:13, 33.44it/s]
2026-07-24 18:56:44,347 - sflow.task.server_5 - INFO - 2:
2026-07-24 18:56:44,348 - sflow.task.server_5 - INFO - Loading weights:  68%|██████▊   | 992/1458 [00:46<00:17, 26.62it/s]
2026-07-24 18:56:44,399 - sflow.task.server_5 - INFO - 0:
2026-07-24 18:56:44,399 - sflow.task.server_5 - INFO - Loading weights:  68%|██████▊   | 990/1458 [00:46<00:27, 17.13it/s]
2026-07-24 18:56:44,451 - sflow.task.server_5 - INFO - 2:
2026-07-24 18:56:44,451 - sflow.task.server_5 - INFO - Loading weights:  69%|██████▉   | 1004/1458 [00:46<00:12, 37.11it/s]
2026-07-24 18:56:44,502 - sflow.task.server_5 - INFO - 0:
2026-07-24 18:56:44,502 - sflow.task.server_5 - INFO - Loading weights:  68%|██████▊   | 997/1458 [00:46<00:21, 21.39it/s]
2026-07-24 18:56:44,553 - sflow.task.server_5 - INFO - 5:
2026-07-24 18:56:44,553 - sflow.task.server_5 - INFO - Loading weights:  81%|████████  | 1182/1458 [00:54<00:14, 19.46it/s]
2026-07-24 18:56:44,553 - sflow.task.server_5 - INFO - 3:
2026-07-24 18:56:44,553 - sflow.task.server_5 - INFO - Loading weights:  70%|██████▉   | 1014/1458 [00:46<00:16, 27.28it/s]
2026-07-24 18:56:44,553 - sflow.task.server_5 - INFO - 2:
2026-07-24 18:56:44,553 - sflow.task.server_5 - INFO - Loading weights:  69%|██████▉   | 1011/1458 [00:46<00:10, 41.77it/s]
2026-07-24 18:56:44,553 - sflow.task.server_5 - INFO - 1:
2026-07-24 18:56:44,553 - sflow.task.server_5 - INFO - Loading weights:  68%|██████▊   | 990/1458 [00:46<00:24, 19.24it/s]
2026-07-24 18:56:44,604 - sflow.task.server_5 - INFO - 0:
2026-07-24 18:56:44,604 - sflow.task.server_5 - INFO - Loading weights:  69%|██████▉   | 1007/1458 [00:46<00:15, 29.53it/s]
2026-07-24 18:56:44,604 - sflow.task.server_5 - INFO - 6:
2026-07-24 18:56:44,604 - sflow.task.server_5 - INFO - Loading weights:  81%|████████  | 1182/1458 [00:54<00:14, 18.65it/s]
2026-07-24 18:56:44,656 - sflow.task.server_5 - INFO - 5:
2026-07-24 18:56:44,656 - sflow.task.server_5 - INFO - Loading weights:  82%|████████▏ | 1189/1458 [00:54<00:11, 24.35it/s]
2026-07-24 18:56:44,656 - sflow.task.server_5 - INFO - 3:
2026-07-24 18:56:44,656 - sflow.task.server_5 - INFO - Loading weights:  70%|██████▉   | 1018/1458 [00:46<00:15, 28.41it/s]
2026-07-24 18:56:44,656 - sflow.task.server_5 - INFO - 4:
2026-07-24 18:56:44,656 - sflow.task.server_5 - INFO - Loading weights:  81%|████████  | 1182/1458 [00:54<00:13, 20.56it/s]
2026-07-24 18:56:44,656 - sflow.task.server_5 - INFO - 1:
2026-07-24 18:56:44,656 - sflow.task.server_5 - INFO - Loading weights:  68%|██████▊   | 997/1458 [00:46<00:19, 23.89it/s]
2026-07-24 18:56:44,707 - sflow.task.server_5 - INFO - 6:
2026-07-24 18:56:44,707 - sflow.task.server_5 - INFO - Loading weights:  82%|████████▏ | 1189/1458 [00:54<00:11, 23.08it/s]
2026-07-24 18:56:44,758 - sflow.task.server_5 - INFO - 5:
2026-07-24 18:56:44,758 - sflow.task.server_5 - INFO - Loading weights:  82%|████████▏ | 1196/1458 [00:54<00:08, 29.88it/s]
2026-07-24 18:56:44,758 - sflow.task.server_5 - INFO - 4:
2026-07-24 18:56:44,758 - sflow.task.server_5 - INFO - Loading weights:  82%|████████▏ | 1189/1458 [00:54<00:10, 25.22it/s]
2026-07-24 18:56:44,758 - sflow.task.server_5 - INFO - 1:
2026-07-24 18:56:44,758 - sflow.task.server_5 - INFO - Loading weights:  69%|██████▉   | 1007/1458 [00:46<00:13, 32.65it/s]
2026-07-24 18:56:44,810 - sflow.task.server_5 - INFO - 3:
2026-07-24 18:56:44,810 - sflow.task.server_5 - INFO - Loading weights:  71%|███████   | 1028/1458 [00:46<00:10, 39.75it/s]
2026-07-24 18:56:44,810 - sflow.task.server_5 - INFO - 6:
2026-07-24 18:56:44,810 - sflow.task.server_5 - INFO - Loading weights:  82%|████████▏ | 1198/1458 [00:54<00:08, 30.68it/s]
2026-07-24 18:56:44,861 - sflow.task.server_5 - INFO - 5:
2026-07-24 18:56:44,861 - sflow.task.server_5 - INFO - Loading weights:  82%|████████▏ | 1202/1458 [00:54<00:07, 32.66it/s]
2026-07-24 18:56:44,861 - sflow.task.server_5 - INFO - 4:
2026-07-24 18:56:44,861 - sflow.task.server_5 - INFO - Loading weights:  82%|████████▏ | 1198/1458 [00:54<00:07, 32.81it/s]
2026-07-24 18:56:44,964 - sflow.task.server_5 - INFO - 3:
2026-07-24 18:56:44,964 - sflow.task.server_5 - INFO - Loading weights:  71%|███████   | 1033/1458 [00:47<00:11, 37.63it/s]
2026-07-24 18:56:44,964 - sflow.task.server_5 - INFO - 7:
2026-07-24 18:56:44,964 - sflow.task.server_5 - INFO - Loading weights:  81%|████████  | 1182/1458 [00:54<00:14, 18.85it/s]
2026-07-24 18:56:45,068 - sflow.task.server_5 - INFO - 7:
2026-07-24 18:56:45,068 - sflow.task.server_5 - INFO - Loading weights:  82%|████████▏ | 1189/1458 [00:55<00:11, 23.07it/s]
2026-07-24 18:56:45,170 - sflow.task.server_5 - INFO - 3:
2026-07-24 18:56:45,170 - sflow.task.server_5 - INFO - Loading weights:  71%|███████   | 1038/1458 [00:47<00:13, 31.19it/s]
2026-07-24 18:56:45,170 - sflow.task.server_5 - INFO - 7:
2026-07-24 18:56:45,170 - sflow.task.server_5 - INFO - Loading weights:  82%|████████▏ | 1198/1458 [00:55<00:08, 30.39it/s]
2026-07-24 18:56:45,323 - sflow.task.server_5 - INFO - 3:
2026-07-24 18:56:45,323 - sflow.task.server_5 - INFO - Loading weights:  71%|███████▏  | 1042/1458 [00:47<00:13, 31.31it/s]
2026-07-24 18:56:45,425 - sflow.task.server_5 - INFO - 2:
2026-07-24 18:56:45,425 - sflow.task.server_5 - INFO - Loading weights:  70%|██████▉   | 1018/1458 [00:47<00:21, 20.36it/s]
2026-07-24 18:56:45,425 - sflow.task.server_5 - INFO - 3:
2026-07-24 18:56:45,425 - sflow.task.server_5 - INFO - Loading weights:  72%|███████▏  | 1052/1458 [00:47<00:09, 43.23it/s]
2026-07-24 18:56:45,528 - sflow.task.server_5 - INFO - 2:
2026-07-24 18:56:45,529 - sflow.task.server_5 - INFO - Loading weights:  71%|███████   | 1028/1458 [00:47<00:15, 27.63it/s]
2026-07-24 18:56:45,582 - sflow.task.server_5 - INFO - 3:
2026-07-24 18:56:45,582 - sflow.task.server_5 - INFO - Loading weights:  72%|███████▏  | 1057/1458 [00:47<00:10, 40.05it/s]
2026-07-24 18:56:45,634 - sflow.task.server_5 - INFO - 0:
2026-07-24 18:56:45,634 - sflow.task.server_5 - INFO - Loading weights:  70%|██████▉   | 1014/1458 [00:47<00:28, 15.78it/s]
2026-07-24 18:56:45,634 - sflow.task.server_5 - INFO - 2:
2026-07-24 18:56:45,634 - sflow.task.server_5 - INFO - Loading weights:  71%|███████   | 1035/1458 [00:47<00:13, 32.21it/s]
2026-07-24 18:56:45,686 - sflow.task.server_5 - INFO - 1:
2026-07-24 18:56:45,686 - sflow.task.server_5 - INFO - Loading weights:  70%|██████▉   | 1014/1458 [00:47<00:25, 17.39it/s]
2026-07-24 18:56:45,738 - sflow.task.server_5 - INFO - 0:
2026-07-24 18:56:45,738 - sflow.task.server_5 - INFO - Loading weights:  70%|███████   | 1021/1458 [00:47<00:21, 19.87it/s]
2026-07-24 18:56:45,790 - sflow.task.server_5 - INFO - 6:
2026-07-24 18:56:45,790 - sflow.task.server_5 - INFO - Loading weights:  83%|████████▎ | 1206/1458 [00:55<00:14, 16.87it/s]
2026-07-24 18:56:45,790 - sflow.task.server_5 - INFO - 1:
2026-07-24 18:56:45,790 - sflow.task.server_5 - INFO - Loading weights:  70%|███████   | 1021/1458 [00:47<00:20, 21.76it/s]
2026-07-24 18:56:45,841 - sflow.task.server_5 - INFO - 0:
2026-07-24 18:56:45,841 - sflow.task.server_5 - INFO - Loading weights:  71%|███████   | 1031/1458 [00:47<00:15, 27.69it/s]
2026-07-24 18:56:45,841 - sflow.task.server_5 - INFO - 4:
2026-07-24 18:56:45,841 - sflow.task.server_5 - INFO - Loading weights:  83%|████████▎ | 1206/1458 [00:55<00:14, 17.69it/s]
2026-07-24 18:56:45,841 - sflow.task.server_5 - INFO - 5:
2026-07-24 18:56:45,841 - sflow.task.server_5 - INFO - Loading weights:  83%|████████▎ | 1208/1458 [00:55<00:16, 14.99it/s]
2026-07-24 18:56:45,892 - sflow.task.server_5 - INFO - 6:
2026-07-24 18:56:45,892 - sflow.task.server_5 - INFO - Loading weights:  83%|████████▎ | 1211/1458 [00:55<00:12, 19.36it/s]
2026-07-24 18:56:45,944 - sflow.task.server_5 - INFO - 1:
2026-07-24 18:56:45,944 - sflow.task.server_5 - INFO - Loading weights:  71%|███████   | 1030/1458 [00:48<00:14, 28.58it/s]
2026-07-24 18:56:45,944 - sflow.task.server_5 - INFO - 4:
2026-07-24 18:56:45,944 - sflow.task.server_5 - INFO - Loading weights:  83%|████████▎ | 1213/1458 [00:55<00:11, 22.06it/s]
2026-07-24 18:56:45,944 - sflow.task.server_5 - INFO - 2:
2026-07-24 18:56:45,944 - sflow.task.server_5 - INFO - Loading weights:  71%|███████▏  | 1042/1458 [00:48<00:14, 29.30it/s]
2026-07-24 18:56:46,045 - sflow.task.server_5 - INFO - 6:
2026-07-24 18:56:46,045 - sflow.task.server_5 - INFO - Loading weights:  84%|████████▎ | 1220/1458 [00:56<00:09, 25.47it/s]
2026-07-24 18:56:46,045 - sflow.task.server_5 - INFO - 4:
2026-07-24 18:56:46,045 - sflow.task.server_5 - INFO - Loading weights:  84%|████████▎ | 1220/1458 [00:56<00:08, 27.01it/s]
2026-07-24 18:56:46,045 - sflow.task.server_5 - INFO - 5:
2026-07-24 18:56:46,045 - sflow.task.server_5 - INFO - Loading weights:  84%|████████▎ | 1220/1458 [00:56<00:10, 22.66it/s]
2026-07-24 18:56:46,046 - sflow.task.server_5 - INFO - 2:
2026-07-24 18:56:46,046 - sflow.task.server_5 - INFO - Loading weights:  72%|███████▏  | 1054/1458 [00:48<00:10, 40.31it/s]
2026-07-24 18:56:46,097 - sflow.task.server_5 - INFO - 7:
2026-07-24 18:56:46,097 - sflow.task.server_5 - INFO - Loading weights:  83%|████████▎ | 1206/1458 [00:56<00:14, 17.55it/s]
2026-07-24 18:56:46,148 - sflow.task.server_5 - INFO - 4:
2026-07-24 18:56:46,148 - sflow.task.server_5 - INFO - Loading weights:  84%|████████▍ | 1226/1458 [00:56<00:07, 30.18it/s]
2026-07-24 18:56:46,148 - sflow.task.server_5 - INFO - 5:
2026-07-24 18:56:46,148 - sflow.task.server_5 - INFO - Loading weights:  84%|████████▍ | 1225/1458 [00:56<00:09, 24.74it/s]
2026-07-24 18:56:46,148 - sflow.task.server_5 - INFO - 6:
2026-07-24 18:56:46,148 - sflow.task.server_5 - INFO - Loading weights:  84%|████████▍ | 1225/1458 [00:56<00:08, 27.48it/s]
2026-07-24 18:56:46,200 - sflow.task.server_5 - INFO - 7:
2026-07-24 18:56:46,200 - sflow.task.server_5 - INFO - Loading weights:  83%|████████▎ | 1213/1458 [00:56<00:11, 21.86it/s]
2026-07-24 18:56:46,251 - sflow.task.server_5 - INFO - 1:
2026-07-24 18:56:46,251 - sflow.task.server_5 - INFO - Loading weights:  71%|███████   | 1038/1458 [00:48<00:15, 27.73it/s]
2026-07-24 18:56:46,354 - sflow.task.server_5 - INFO - 7:
2026-07-24 18:56:46,354 - sflow.task.server_5 - INFO - Loading weights:  84%|████████▍ | 1222/1458 [00:56<00:08, 28.44it/s]
2026-07-24 18:56:46,354 - sflow.task.server_5 - INFO - 1:
2026-07-24 18:56:46,354 - sflow.task.server_5 - INFO - Loading weights:  72%|███████▏  | 1045/1458 [00:48<00:12, 32.72it/s]
2026-07-24 18:56:46,405 - sflow.task.server_5 - INFO - 3:
2026-07-24 18:56:46,405 - sflow.task.server_5 - INFO - Loading weights:  73%|███████▎  | 1062/1458 [00:48<00:24, 16.46it/s]
2026-07-24 18:56:46,457 - sflow.task.server_5 - INFO - 1:
2026-07-24 18:56:46,457 - sflow.task.server_5 - INFO - Loading weights:  72%|███████▏  | 1055/1458 [00:48<00:09, 42.91it/s]
2026-07-24 18:56:46,508 - sflow.task.server_5 - INFO - 0:
2026-07-24 18:56:46,508 - sflow.task.server_5 - INFO - Loading weights:  71%|███████   | 1038/1458 [00:48<00:22, 18.91it/s]
2026-07-24 18:56:46,508 - sflow.task.server_5 - INFO - 3:
2026-07-24 18:56:46,508 - sflow.task.server_5 - INFO - Loading weights:  73%|███████▎  | 1066/1458 [00:48<00:21, 18.61it/s]
2026-07-24 18:56:46,610 - sflow.task.server_5 - INFO - 0:
2026-07-24 18:56:46,610 - sflow.task.server_5 - INFO - Loading weights:  72%|███████▏  | 1045/1458 [00:48<00:17, 23.43it/s]
2026-07-24 18:56:46,661 - sflow.task.server_5 - INFO - 3:
2026-07-24 18:56:46,661 - sflow.task.server_5 - INFO - Loading weights:  74%|███████▍  | 1076/1458 [00:48<00:13, 28.32it/s]
2026-07-24 18:56:46,712 - sflow.task.server_5 - INFO - 0:
2026-07-24 18:56:46,712 - sflow.task.server_5 - INFO - Loading weights:  72%|███████▏  | 1055/1458 [00:48<00:12, 32.06it/s]
2026-07-24 18:56:46,815 - sflow.task.server_5 - INFO - 3:
2026-07-24 18:56:46,815 - sflow.task.server_5 - INFO - Loading weights:  74%|███████▍  | 1081/1458 [00:48<00:13, 28.67it/s]
2026-07-24 18:56:47,019 - sflow.task.server_5 - INFO - 2:
2026-07-24 18:56:47,019 - sflow.task.server_5 - INFO - Loading weights:  73%|███████▎  | 1062/1458 [00:49<00:20, 19.55it/s]
2026-07-24 18:56:47,069 - sflow.task.server_5 - INFO - 6:
2026-07-24 18:56:47,069 - sflow.task.server_5 - INFO - Loading weights:  84%|████████▍ | 1230/1458 [00:57<00:16, 14.22it/s]
2026-07-24 18:56:47,070 - sflow.task.server_5 - INFO - 5:
2026-07-24 18:56:47,070 - sflow.task.server_5 - INFO - Loading weights:  84%|████████▍ | 1230/1458 [00:57<00:16, 13.77it/s]
2026-07-24 18:56:47,171 - sflow.task.server_5 - INFO - 4:
2026-07-24 18:56:47,171 - sflow.task.server_5 - INFO - Loading weights:  84%|████████▍ | 1232/1458 [00:57<00:15, 14.79it/s]
2026-07-24 18:56:47,171 - sflow.task.server_5 - INFO - 2:
2026-07-24 18:56:47,171 - sflow.task.server_5 - INFO - Loading weights:  73%|███████▎  | 1069/1458 [00:49<00:16, 23.70it/s]
2026-07-24 18:56:47,171 - sflow.task.server_5 - INFO - 6:
2026-07-24 18:56:47,171 - sflow.task.server_5 - INFO - Loading weights:  85%|████████▍ | 1234/1458 [00:57<00:13, 16.36it/s]
2026-07-24 18:56:47,171 - sflow.task.server_5 - INFO - 5:
2026-07-24 18:56:47,171 - sflow.task.server_5 - INFO - Loading weights:  85%|████████▍ | 1237/1458 [00:57<00:12, 18.20it/s]
2026-07-24 18:56:47,274 - sflow.task.server_5 - INFO - 4:
2026-07-24 18:56:47,274 - sflow.task.server_5 - INFO - Loading weights:  85%|████████▌ | 1243/1458 [00:57<00:09, 22.71it/s]
2026-07-24 18:56:47,274 - sflow.task.server_5 - INFO - 2:
2026-07-24 18:56:47,274 - sflow.task.server_5 - INFO - Loading weights:  74%|███████▍  | 1078/1458 [00:49<00:12, 30.34it/s]
2026-07-24 18:56:47,326 - sflow.task.server_5 - INFO - 6:
2026-07-24 18:56:47,326 - sflow.task.server_5 - INFO - Loading weights:  85%|████████▌ | 1244/1458 [00:57<00:08, 24.58it/s]
2026-07-24 18:56:47,326 - sflow.task.server_5 - INFO - 5:
2026-07-24 18:56:47,326 - sflow.task.server_5 - INFO - Loading weights:  85%|████████▌ | 1244/1458 [00:57<00:09, 23.09it/s]
2026-07-24 18:56:47,326 - sflow.task.server_5 - INFO - 7:
2026-07-24 18:56:47,326 - sflow.task.server_5 - INFO - Loading weights:  84%|████████▍ | 1230/1458 [00:57<00:13, 16.34it/s]
2026-07-24 18:56:47,326 - sflow.task.server_5 - INFO - 1:
2026-07-24 18:56:47,326 - sflow.task.server_5 - INFO - Loading weights:  73%|███████▎  | 1062/1458 [00:49<00:19, 19.99it/s]
2026-07-24 18:56:47,428 - sflow.task.server_5 - INFO - 1:
2026-07-24 18:56:47,428 - sflow.task.server_5 - INFO - Loading weights:  73%|███████▎  | 1069/1458 [00:49<00:15, 24.64it/s]
2026-07-24 18:56:47,428 - sflow.task.server_5 - INFO - 7:
2026-07-24 18:56:47,428 - sflow.task.server_5 - INFO - Loading weights:  85%|████████▍ | 1237/1458 [00:57<00:10, 20.45it/s]
2026-07-24 18:56:47,479 - sflow.task.server_5 - INFO - 4:
2026-07-24 18:56:47,479 - sflow.task.server_5 - INFO - Loading weights:  86%|████████▌ | 1249/1458 [00:57<00:08, 24.19it/s]
2026-07-24 18:56:47,479 - sflow.task.server_5 - INFO - 5:
2026-07-24 18:56:47,479 - sflow.task.server_5 - INFO - Loading weights:  86%|████████▌ | 1249/1458 [00:57<00:08, 25.17it/s]
2026-07-24 18:56:47,479 - sflow.task.server_5 - INFO - 6:
2026-07-24 18:56:47,479 - sflow.task.server_5 - INFO - Loading weights:  86%|████████▌ | 1249/1458 [00:57<00:07, 26.46it/s]
2026-07-24 18:56:47,530 - sflow.task.server_5 - INFO - 1:
2026-07-24 18:56:47,530 - sflow.task.server_5 - INFO - Loading weights:  74%|███████▍  | 1078/1458 [00:49<00:11, 31.80it/s]
2026-07-24 18:56:47,582 - sflow.task.server_5 - INFO - 7:
2026-07-24 18:56:47,582 - sflow.task.server_5 - INFO - Loading weights:  86%|████████▌ | 1249/1458 [00:57<00:07, 29.02it/s]
2026-07-24 18:56:47,634 - sflow.task.server_5 - INFO - 0:
2026-07-24 18:56:47,634 - sflow.task.server_5 - INFO - Loading weights:  73%|███████▎  | 1062/1458 [00:49<00:22, 17.89it/s]
2026-07-24 18:56:47,685 - sflow.task.server_5 - INFO - 3:
2026-07-24 18:56:47,685 - sflow.task.server_5 - INFO - Loading weights:  74%|███████▍  | 1086/1458 [00:49<00:26, 14.09it/s]
2026-07-24 18:56:47,736 - sflow.task.server_5 - INFO - 0:
2026-07-24 18:56:47,736 - sflow.task.server_5 - INFO - Loading weights:  73%|███████▎  | 1069/1458 [00:49<00:17, 22.04it/s]
2026-07-24 18:56:47,838 - sflow.task.server_5 - INFO - 3:
2026-07-24 18:56:47,838 - sflow.task.server_5 - INFO - Loading weights:  75%|███████▍  | 1090/1458 [00:49<00:22, 16.09it/s]
2026-07-24 18:56:47,838 - sflow.task.server_5 - INFO - 0:
2026-07-24 18:56:47,838 - sflow.task.server_5 - INFO - Loading weights:  74%|███████▍  | 1078/1458 [00:49<00:13, 28.87it/s]
2026-07-24 18:56:47,939 - sflow.task.server_5 - INFO - 3:
2026-07-24 18:56:47,939 - sflow.task.server_5 - INFO - Loading weights:  75%|███████▌  | 1100/1458 [00:50<00:14, 25.56it/s]
2026-07-24 18:56:48,042 - sflow.task.server_5 - INFO - 3:
2026-07-24 18:56:48,042 - sflow.task.server_5 - INFO - Loading weights:  76%|███████▌  | 1107/1458 [00:50<00:11, 31.25it/s]
2026-07-24 18:56:48,195 - sflow.task.server_5 - INFO - 2:
2026-07-24 18:56:48,195 - sflow.task.server_5 - INFO - Loading weights:  74%|███████▍  | 1086/1458 [00:50<00:20, 17.82it/s]
2026-07-24 18:56:48,247 - sflow.task.server_5 - INFO - 4:
2026-07-24 18:56:48,247 - sflow.task.server_5 - INFO - Loading weights:  86%|████████▌ | 1254/1458 [00:58<00:13, 14.63it/s]
2026-07-24 18:56:48,298 - sflow.task.server_5 - INFO - 2:
2026-07-24 18:56:48,298 - sflow.task.server_5 - INFO - Loading weights:  75%|███████▍  | 1093/1458 [00:50<00:16, 22.09it/s]
2026-07-24 18:56:48,298 - sflow.task.server_5 - INFO - 6:
2026-07-24 18:56:48,298 - sflow.task.server_5 - INFO - Loading weights:  86%|████████▌ | 1254/1458 [00:58<00:14, 14.13it/s]
2026-07-24 18:56:48,298 - sflow.task.server_5 - INFO - 5:
2026-07-24 18:56:48,298 - sflow.task.server_5 - INFO - Loading weights:  86%|████████▌ | 1254/1458 [00:58<00:14, 13.75it/s]
2026-07-24 18:56:48,298 - sflow.task.server_5 - INFO - 7:
2026-07-24 18:56:48,298 - sflow.task.server_5 - INFO - Loading weights:  86%|████████▌ | 1255/1458 [00:58<00:10, 18.66it/s]
2026-07-24 18:56:48,299 - sflow.task.server_5 - INFO - 3:
2026-07-24 18:56:48,299 - sflow.task.server_5 - INFO - Loading weights:  76%|███████▋  | 1113/1458 [00:50<00:12, 27.72it/s]
2026-07-24 18:56:48,349 - sflow.task.server_5 - INFO - 4:
2026-07-24 18:56:48,350 - sflow.task.server_5 - INFO - Loading weights:  86%|████████▋ | 1258/1458 [00:58<00:11, 16.71it/s]
2026-07-24 18:56:48,401 - sflow.task.server_5 - INFO - 2:
2026-07-24 18:56:48,401 - sflow.task.server_5 - INFO - Loading weights:  76%|███████▌  | 1102/1458 [00:50<00:12, 29.24it/s]
2026-07-24 18:56:48,401 - sflow.task.server_5 - INFO - 6:
2026-07-24 18:56:48,401 - sflow.task.server_5 - INFO - Loading weights:  86%|████████▋ | 1261/1458 [00:58<00:10, 19.07it/s]
2026-07-24 18:56:48,401 - sflow.task.server_5 - INFO - 5:
2026-07-24 18:56:48,401 - sflow.task.server_5 - INFO - Loading weights:  87%|████████▋ | 1262/1458 [00:58<00:10, 19.50it/s]
2026-07-24 18:56:48,401 - sflow.task.server_5 - INFO - 7:
2026-07-24 18:56:48,401 - sflow.task.server_5 - INFO - Loading weights:  86%|████████▋ | 1261/1458 [00:58<00:08, 22.23it/s]
2026-07-24 18:56:48,452 - sflow.task.server_5 - INFO - 3:
2026-07-24 18:56:48,452 - sflow.task.server_5 - INFO - Loading weights:  77%|███████▋  | 1123/1458 [00:50<00:08, 38.13it/s]
2026-07-24 18:56:48,452 - sflow.task.server_5 - INFO - 1:
2026-07-24 18:56:48,452 - sflow.task.server_5 - INFO - Loading weights:  74%|███████▍  | 1086/1458 [00:50<00:20, 18.20it/s]
2026-07-24 18:56:48,503 - sflow.task.server_5 - INFO - 4:
2026-07-24 18:56:48,503 - sflow.task.server_5 - INFO - Loading weights:  87%|████████▋ | 1270/1458 [00:58<00:06, 27.45it/s]
2026-07-24 18:56:48,503 - sflow.task.server_5 - INFO - 6:
2026-07-24 18:56:48,503 - sflow.task.server_5 - INFO - Loading weights:  87%|████████▋ | 1270/1458 [00:58<00:06, 27.18it/s]
2026-07-24 18:56:48,555 - sflow.task.server_5 - INFO - 1:
2026-07-24 18:56:48,555 - sflow.task.server_5 - INFO - Loading weights:  75%|███████▍  | 1093/1458 [00:50<00:16, 22.73it/s]
2026-07-24 18:56:48,555 - sflow.task.server_5 - INFO - 7:
2026-07-24 18:56:48,555 - sflow.task.server_5 - INFO - Loading weights:  87%|████████▋ | 1273/1458 [00:58<00:05, 31.93it/s]
2026-07-24 18:56:48,555 - sflow.task.server_5 - INFO - 5:
2026-07-24 18:56:48,555 - sflow.task.server_5 - INFO - Loading weights:  87%|████████▋ | 1273/1458 [00:58<00:06, 28.50it/s]
2026-07-24 18:56:48,605 - sflow.task.server_5 - INFO - 3:
2026-07-24 18:56:48,605 - sflow.task.server_5 - INFO - Loading weights:  77%|███████▋  | 1129/1458 [00:50<00:09, 36.10it/s]
2026-07-24 18:56:48,656 - sflow.task.server_5 - INFO - 1:
2026-07-24 18:56:48,656 - sflow.task.server_5 - INFO - Loading weights:  76%|███████▌  | 1102/1458 [00:50<00:11, 30.03it/s]
2026-07-24 18:56:48,707 - sflow.task.server_5 - INFO - 2:
2026-07-24 18:56:48,707 - sflow.task.server_5 - INFO - Loading weights:  76%|███████▌  | 1110/1458 [00:50<00:12, 27.72it/s]
2026-07-24 18:56:48,758 - sflow.task.server_5 - INFO - 0:
2026-07-24 18:56:48,758 - sflow.task.server_5 - INFO - Loading weights:  74%|███████▍  | 1086/1458 [00:50<00:21, 17.40it/s]
2026-07-24 18:56:48,809 - sflow.task.server_5 - INFO - 2:
2026-07-24 18:56:48,809 - sflow.task.server_5 - INFO - Loading weights:  77%|███████▋  | 1117/1458 [00:50<00:10, 32.51it/s]
2026-07-24 18:56:48,860 - sflow.task.server_5 - INFO - 0:
2026-07-24 18:56:48,860 - sflow.task.server_5 - INFO - Loading weights:  75%|███████▍  | 1093/1458 [00:50<00:16, 21.71it/s]
2026-07-24 18:56:48,911 - sflow.task.server_5 - INFO - 2:
2026-07-24 18:56:48,911 - sflow.task.server_5 - INFO - Loading weights:  77%|███████▋  | 1126/1458 [00:51<00:08, 41.08it/s]
2026-07-24 18:56:48,962 - sflow.task.server_5 - INFO - 1:
2026-07-24 18:56:48,962 - sflow.task.server_5 - INFO - Loading weights:  76%|███████▌  | 1110/1458 [00:51<00:12, 28.99it/s]
2026-07-24 18:56:49,013 - sflow.task.server_5 - INFO - 0:
2026-07-24 18:56:49,013 - sflow.task.server_5 - INFO - Loading weights:  76%|███████▌  | 1105/1458 [00:51<00:11, 30.79it/s]
2026-07-24 18:56:49,065 - sflow.task.server_5 - INFO - 1:
2026-07-24 18:56:49,065 - sflow.task.server_5 - INFO - Loading weights:  77%|███████▋  | 1117/1458 [00:51<00:09, 34.14it/s]
2026-07-24 18:56:49,167 - sflow.task.server_5 - INFO - 1:
2026-07-24 18:56:49,167 - sflow.task.server_5 - INFO - Loading weights:  77%|███████▋  | 1126/1458 [00:51<00:07, 41.69it/s]
2026-07-24 18:56:49,218 - sflow.task.server_5 - INFO - 0:
2026-07-24 18:56:49,218 - sflow.task.server_5 - INFO - Loading weights:  76%|███████▌  | 1111/1458 [00:51<00:11, 29.13it/s]
2026-07-24 18:56:49,321 - sflow.task.server_5 - INFO - 4:
2026-07-24 18:56:49,321 - sflow.task.server_5 - INFO - Loading weights:  88%|████████▊ | 1278/1458 [00:59<00:10, 17.38it/s]
2026-07-24 18:56:49,373 - sflow.task.server_5 - INFO - 0:
2026-07-24 18:56:49,373 - sflow.task.server_5 - INFO - Loading weights:  77%|███████▋  | 1117/1458 [00:51<00:10, 32.78it/s]
2026-07-24 18:56:49,373 - sflow.task.server_5 - INFO - 5:
2026-07-24 18:56:49,373 - sflow.task.server_5 - INFO - Loading weights:  88%|████████▊ | 1279/1458 [00:59<00:10, 16.87it/s]
2026-07-24 18:56:49,373 - sflow.task.server_5 - INFO - 3:
2026-07-24 18:56:49,373 - sflow.task.server_5 - INFO - Loading weights:  78%|███████▊  | 1134/1458 [00:51<00:18, 17.74it/s]
2026-07-24 18:56:49,425 - sflow.task.server_5 - INFO - 6:
2026-07-24 18:56:49,425 - sflow.task.server_5 - INFO - Loading weights:  88%|████████▊ | 1278/1458 [00:59<00:10, 16.39it/s]
2026-07-24 18:56:49,425 - sflow.task.server_5 - INFO - 7:
2026-07-24 18:56:49,425 - sflow.task.server_5 - INFO - Loading weights:  88%|████████▊ | 1279/1458 [00:59<00:10, 17.78it/s]
2026-07-24 18:56:49,425 - sflow.task.server_5 - INFO - 4:
2026-07-24 18:56:49,425 - sflow.task.server_5 - INFO - Loading weights:  88%|████████▊ | 1285/1458 [00:59<00:07, 21.88it/s]
2026-07-24 18:56:49,476 - sflow.task.server_5 - INFO - 5:
2026-07-24 18:56:49,476 - sflow.task.server_5 - INFO - Loading weights:  88%|████████▊ | 1285/1458 [00:59<00:08, 20.71it/s]
2026-07-24 18:56:49,476 - sflow.task.server_5 - INFO - 0:
2026-07-24 18:56:49,476 - sflow.task.server_5 - INFO - Loading weights:  77%|███████▋  | 1126/1458 [00:51<00:08, 40.09it/s]
2026-07-24 18:56:49,527 - sflow.task.server_5 - INFO - 3:
2026-07-24 18:56:49,527 - sflow.task.server_5 - INFO - Loading weights:  78%|███████▊  | 1138/1458 [00:51<00:16, 19.71it/s]
2026-07-24 18:56:49,527 - sflow.task.server_5 - INFO - 6:
2026-07-24 18:56:49,527 - sflow.task.server_5 - INFO - Loading weights:  88%|████████▊ | 1285/1458 [00:59<00:08, 21.04it/s]
2026-07-24 18:56:49,527 - sflow.task.server_5 - INFO - 7:
2026-07-24 18:56:49,527 - sflow.task.server_5 - INFO - Loading weights:  88%|████████▊ | 1285/1458 [00:59<00:08, 21.41it/s]
2026-07-24 18:56:49,527 - sflow.task.server_5 - INFO - 4:
2026-07-24 18:56:49,527 - sflow.task.server_5 - INFO - Loading weights:  89%|████████▊ | 1292/1458 [00:59<00:06, 26.87it/s]
2026-07-24 18:56:49,578 - sflow.task.server_5 - INFO - 5:
2026-07-24 18:56:49,578 - sflow.task.server_5 - INFO - Loading weights:  89%|████████▉ | 1294/1458 [00:59<00:05, 28.15it/s]
2026-07-24 18:56:49,630 - sflow.task.server_5 - INFO - 6:
2026-07-24 18:56:49,630 - sflow.task.server_5 - INFO - Loading weights:  89%|████████▉ | 1294/1458 [00:59<00:05, 28.60it/s]
2026-07-24 18:56:49,630 - sflow.task.server_5 - INFO - 7:
2026-07-24 18:56:49,630 - sflow.task.server_5 - INFO - Loading weights:  89%|████████▉ | 1294/1458 [00:59<00:05, 28.82it/s]
2026-07-24 18:56:49,630 - sflow.task.server_5 - INFO - 3:
2026-07-24 18:56:49,630 - sflow.task.server_5 - INFO - Loading weights:  79%|███████▊  | 1148/1458 [00:51<00:10, 28.70it/s]
2026-07-24 18:56:49,680 - sflow.task.server_5 - INFO - 4:
2026-07-24 18:56:49,680 - sflow.task.server_5 - INFO - Loading weights:  89%|████████▉ | 1298/1458 [00:59<00:05, 29.72it/s]
2026-07-24 18:56:49,732 - sflow.task.server_5 - INFO - 6:
2026-07-24 18:56:49,732 - sflow.task.server_5 - INFO - Loading weights:  89%|████████▉ | 1301/1458 [00:59<00:04, 34.12it/s]
2026-07-24 18:56:49,732 - sflow.task.server_5 - INFO - 5:
2026-07-24 18:56:49,732 - sflow.task.server_5 - INFO - Loading weights:  89%|████████▉ | 1300/1458 [00:59<00:05, 31.02it/s]
2026-07-24 18:56:49,732 - sflow.task.server_5 - INFO - 2:
2026-07-24 18:56:49,732 - sflow.task.server_5 - INFO - Loading weights:  78%|███████▊  | 1134/1458 [00:51<00:15, 21.21it/s]
2026-07-24 18:56:49,783 - sflow.task.server_5 - INFO - 3:
2026-07-24 18:56:49,783 - sflow.task.server_5 - INFO - Loading weights:  79%|███████▉  | 1153/1458 [00:51<00:10, 30.08it/s]
2026-07-24 18:56:49,834 - sflow.task.server_5 - INFO - 2:
2026-07-24 18:56:49,834 - sflow.task.server_5 - INFO - Loading weights:  78%|███████▊  | 1141/1458 [00:51<00:12, 25.85it/s]
2026-07-24 18:56:49,935 - sflow.task.server_5 - INFO - 2:
2026-07-24 18:56:49,935 - sflow.task.server_5 - INFO - Loading weights:  79%|███████▉  | 1150/1458 [00:52<00:09, 33.80it/s]
2026-07-24 18:56:49,986 - sflow.task.server_5 - INFO - 1:
2026-07-24 18:56:49,986 - sflow.task.server_5 - INFO - Loading weights:  78%|███████▊  | 1134/1458 [00:52<00:15, 21.08it/s]
2026-07-24 18:56:50,088 - sflow.task.server_5 - INFO - 1:
2026-07-24 18:56:50,088 - sflow.task.server_5 - INFO - Loading weights:  78%|███████▊  | 1141/1458 [00:52<00:12, 25.76it/s]
2026-07-24 18:56:50,242 - sflow.task.server_5 - INFO - 1:
2026-07-24 18:56:50,242 - sflow.task.server_5 - INFO - Loading weights:  79%|███████▉  | 1150/1458 [00:52<00:09, 32.71it/s]
2026-07-24 18:56:50,293 - sflow.task.server_5 - INFO - 0:
2026-07-24 18:56:50,293 - sflow.task.server_5 - INFO - Loading weights:  78%|███████▊  | 1134/1458 [00:52<00:15, 20.38it/s]
2026-07-24 18:56:50,445 - sflow.task.server_5 - INFO - 0:
2026-07-24 18:56:50,445 - sflow.task.server_5 - INFO - Loading weights:  78%|███████▊  | 1141/1458 [00:52<00:12, 24.89it/s]
2026-07-24 18:56:50,546 - sflow.task.server_5 - INFO - 7:
2026-07-24 18:56:50,547 - sflow.task.server_5 - INFO - Loading weights:  89%|████████▉ | 1302/1458 [01:00<00:09, 17.05it/s]
2026-07-24 18:56:50,547 - sflow.task.server_5 - INFO - 3:
2026-07-24 18:56:50,547 - sflow.task.server_5 - INFO - Loading weights:  79%|███████▉  | 1158/1458 [00:52<00:18, 15.92it/s]
2026-07-24 18:56:50,547 - sflow.task.server_5 - INFO - 0:
2026-07-24 18:56:50,547 - sflow.task.server_5 - INFO - Loading weights:  79%|███████▉  | 1150/1458 [00:52<00:09, 32.63it/s]
2026-07-24 18:56:50,598 - sflow.task.server_5 - INFO - 4:
2026-07-24 18:56:50,598 - sflow.task.server_5 - INFO - Loading weights:  89%|████████▉ | 1304/1458 [01:00<00:10, 15.13it/s]
2026-07-24 18:56:50,598 - sflow.task.server_5 - INFO - 5:
2026-07-24 18:56:50,598 - sflow.task.server_5 - INFO - Loading weights:  90%|████████▉ | 1306/1458 [01:00<00:09, 15.71it/s]
2026-07-24 18:56:50,649 - sflow.task.server_5 - INFO - 7:
2026-07-24 18:56:50,649 - sflow.task.server_5 - INFO - Loading weights:  90%|████████▉ | 1309/1458 [01:00<00:06, 21.36it/s]
2026-07-24 18:56:50,649 - sflow.task.server_5 - INFO - 6:
2026-07-24 18:56:50,649 - sflow.task.server_5 - INFO - Loading weights:  90%|████████▉ | 1308/1458 [01:00<00:08, 16.89it/s]
2026-07-24 18:56:50,700 - sflow.task.server_5 - INFO - 3:
2026-07-24 18:56:50,700 - sflow.task.server_5 - INFO - Loading weights:  80%|███████▉  | 1162/1458 [00:52<00:16, 17.56it/s]
2026-07-24 18:56:50,752 - sflow.task.server_5 - INFO - 6:
2026-07-24 18:56:50,752 - sflow.task.server_5 - INFO - Loading weights:  90%|█████████ | 1316/1458 [01:00<00:06, 22.15it/s]
2026-07-24 18:56:50,752 - sflow.task.server_5 - INFO - 7:
2026-07-24 18:56:50,752 - sflow.task.server_5 - INFO - Loading weights:  90%|█████████ | 1316/1458 [01:00<00:05, 25.61it/s]
2026-07-24 18:56:50,752 - sflow.task.server_5 - INFO - 4:
2026-07-24 18:56:50,752 - sflow.task.server_5 - INFO - Loading weights:  90%|█████████ | 1316/1458 [01:00<00:06, 23.18it/s]
2026-07-24 18:56:50,752 - sflow.task.server_5 - INFO - 5:
2026-07-24 18:56:50,752 - sflow.task.server_5 - INFO - Loading weights:  90%|█████████ | 1316/1458 [01:00<00:06, 22.18it/s]
2026-07-24 18:56:50,803 - sflow.task.server_5 - INFO - 3:
2026-07-24 18:56:50,803 - sflow.task.server_5 - INFO - Loading weights:  80%|████████  | 1172/1458 [00:52<00:10, 27.38it/s]
2026-07-24 18:56:50,854 - sflow.task.server_5 - INFO - 2:
2026-07-24 18:56:50,854 - sflow.task.server_5 - INFO - Loading weights:  79%|███████▉  | 1158/1458 [00:52<00:16, 18.14it/s]
2026-07-24 18:56:50,906 - sflow.task.server_5 - INFO - 4:
2026-07-24 18:56:50,906 - sflow.task.server_5 - INFO - Loading weights:  91%|█████████ | 1321/1458 [01:00<00:05, 25.60it/s]
2026-07-24 18:56:50,906 - sflow.task.server_5 - INFO - 5:
2026-07-24 18:56:50,906 - sflow.task.server_5 - INFO - Loading weights:  91%|█████████ | 1321/1458 [01:00<00:05, 24.77it/s]
2026-07-24 18:56:50,906 - sflow.task.server_5 - INFO - 6:
2026-07-24 18:56:50,906 - sflow.task.server_5 - INFO - Loading weights:  91%|█████████ | 1322/1458 [01:00<00:05, 25.89it/s]
2026-07-24 18:56:50,906 - sflow.task.server_5 - INFO - 7:
2026-07-24 18:56:50,906 - sflow.task.server_5 - INFO - Loading weights:  91%|█████████ | 1322/1458 [01:00<00:04, 29.40it/s]
2026-07-24 18:56:50,906 - sflow.task.server_5 - INFO - 3:
2026-07-24 18:56:50,906 - sflow.task.server_5 - INFO - Loading weights:  81%|████████  | 1179/1458 [00:53<00:08, 33.06it/s]
2026-07-24 18:56:51,008 - sflow.task.server_5 - INFO - 2:
2026-07-24 18:56:51,009 - sflow.task.server_5 - INFO - Loading weights:  80%|███████▉  | 1165/1458 [00:53<00:13, 22.41it/s]
2026-07-24 18:56:51,111 - sflow.task.server_5 - INFO - 2:
2026-07-24 18:56:51,111 - sflow.task.server_5 - INFO - Loading weights:  81%|████████  | 1174/1458 [00:53<00:09, 29.74it/s]
2026-07-24 18:56:51,162 - sflow.task.server_5 - INFO - 1:
2026-07-24 18:56:51,162 - sflow.task.server_5 - INFO - Loading weights:  79%|███████▉  | 1158/1458 [00:53<00:16, 17.93it/s]
2026-07-24 18:56:51,265 - sflow.task.server_5 - INFO - 1:
2026-07-24 18:56:51,265 - sflow.task.server_5 - INFO - Loading weights:  80%|███████▉  | 1165/1458 [00:53<00:13, 22.30it/s]
2026-07-24 18:56:51,367 - sflow.task.server_5 - INFO - 0:
2026-07-24 18:56:51,367 - sflow.task.server_5 - INFO - Loading weights:  79%|███████▉  | 1158/1458 [00:53<00:15, 19.35it/s]
2026-07-24 18:56:51,367 - sflow.task.server_5 - INFO - 1:
2026-07-24 18:56:51,367 - sflow.task.server_5 - INFO - Loading weights:  81%|████████  | 1175/1458 [00:53<00:09, 30.76it/s]
2026-07-24 18:56:51,470 - sflow.task.server_5 - INFO - 0:
2026-07-24 18:56:51,470 - sflow.task.server_5 - INFO - Loading weights:  80%|███████▉  | 1165/1458 [00:53<00:12, 23.89it/s]
2026-07-24 18:56:51,573 - sflow.task.server_5 - INFO - 0:
2026-07-24 18:56:51,573 - sflow.task.server_5 - INFO - Loading weights:  81%|████████  | 1174/1458 [00:53<00:09, 31.53it/s]
2026-07-24 18:56:51,624 - sflow.task.server_5 - INFO - 4:
2026-07-24 18:56:51,624 - sflow.task.server_5 - INFO - Loading weights:  91%|█████████ | 1326/1458 [01:01<00:08, 15.76it/s]
2026-07-24 18:56:51,675 - sflow.task.server_5 - INFO - 5:
2026-07-24 18:56:51,675 - sflow.task.server_5 - INFO - Loading weights:  91%|█████████ | 1326/1458 [01:01<00:08, 14.73it/s]
2026-07-24 18:56:51,675 - sflow.task.server_5 - INFO - 3:
2026-07-24 18:56:51,675 - sflow.task.server_5 - INFO - Loading weights:  81%|████████▏ | 1185/1458 [00:53<00:15, 17.48it/s]
2026-07-24 18:56:51,727 - sflow.task.server_5 - INFO - 7:
2026-07-24 18:56:51,727 - sflow.task.server_5 - INFO - Loading weights:  91%|█████████ | 1328/1458 [01:01<00:07, 16.27it/s]
2026-07-24 18:56:51,727 - sflow.task.server_5 - INFO - 6:
2026-07-24 18:56:51,727 - sflow.task.server_5 - INFO - Loading weights:  91%|█████████ | 1328/1458 [01:01<00:08, 15.40it/s]
2026-07-24 18:56:51,727 - sflow.task.server_5 - INFO - 4:
2026-07-24 18:56:51,727 - sflow.task.server_5 - INFO - Loading weights:  91%|█████████ | 1330/1458 [01:01<00:07, 17.93it/s]
2026-07-24 18:56:51,727 - sflow.task.server_5 - INFO - 1:
2026-07-24 18:56:51,727 - sflow.task.server_5 - INFO - Loading weights:  81%|████████  | 1182/1458 [00:53<00:10, 26.57it/s]
2026-07-24 18:56:51,778 - sflow.task.server_5 - INFO - 5:
2026-07-24 18:56:51,778 - sflow.task.server_5 - INFO - Loading weights:  91%|█████████▏| 1333/1458 [01:01<00:06, 19.71it/s]
2026-07-24 18:56:51,778 - sflow.task.server_5 - INFO - 3:
2026-07-24 18:56:51,778 - sflow.task.server_5 - INFO - Loading weights:  82%|████████▏ | 1195/1458 [00:53<00:10, 25.63it/s]
2026-07-24 18:56:51,830 - sflow.task.server_5 - INFO - 1:
2026-07-24 18:56:51,830 - sflow.task.server_5 - INFO - Loading weights:  82%|████████▏ | 1189/1458 [00:53<00:08, 31.85it/s]
2026-07-24 18:56:51,830 - sflow.task.server_5 - INFO - 4:
2026-07-24 18:56:51,830 - sflow.task.server_5 - INFO - Loading weights:  92%|█████████▏| 1340/1458 [01:01<00:04, 27.01it/s]
2026-07-24 18:56:51,830 - sflow.task.server_5 - INFO - 6:
2026-07-24 18:56:51,830 - sflow.task.server_5 - INFO - Loading weights:  92%|█████████▏| 1340/1458 [01:01<00:04, 24.11it/s]
2026-07-24 18:56:51,830 - sflow.task.server_5 - INFO - 7:
2026-07-24 18:56:51,830 - sflow.task.server_5 - INFO - Loading weights:  92%|█████████▏| 1340/1458 [01:01<00:04, 25.21it/s]
2026-07-24 18:56:51,881 - sflow.task.server_5 - INFO - 5:
2026-07-24 18:56:51,881 - sflow.task.server_5 - INFO - Loading weights:  92%|█████████▏| 1342/1458 [01:01<00:04, 27.45it/s]
2026-07-24 18:56:51,882 - sflow.task.server_5 - INFO - 0:
2026-07-24 18:56:51,882 - sflow.task.server_5 - INFO - Loading weights:  81%|████████  | 1182/1458 [00:54<00:09, 28.75it/s]
2026-07-24 18:56:51,882 - sflow.task.server_5 - INFO - 2:
2026-07-24 18:56:51,882 - sflow.task.server_5 - INFO - Loading weights:  81%|████████  | 1182/1458 [00:54<00:14, 18.74it/s]
2026-07-24 18:56:51,933 - sflow.task.server_5 - INFO - 3:
2026-07-24 18:56:51,933 - sflow.task.server_5 - INFO - Loading weights:  82%|████████▏ | 1201/1458 [00:54<00:09, 27.48it/s]
2026-07-24 18:56:51,984 - sflow.task.server_5 - INFO - 6:
2026-07-24 18:56:51,984 - sflow.task.server_5 - INFO - Loading weights:  92%|█████████▏| 1346/1458 [01:01<00:04, 27.42it/s]
2026-07-24 18:56:51,984 - sflow.task.server_5 - INFO - 7:
2026-07-24 18:56:51,984 - sflow.task.server_5 - INFO - Loading weights:  92%|█████████▏| 1346/1458 [01:01<00:03, 28.52it/s]
2026-07-24 18:56:51,984 - sflow.task.server_5 - INFO - 4:
2026-07-24 18:56:51,984 - sflow.task.server_5 - INFO - Loading weights:  92%|█████████▏| 1346/1458 [01:01<00:03, 30.72it/s]
2026-07-24 18:56:51,984 - sflow.task.server_5 - INFO - 1:
2026-07-24 18:56:51,984 - sflow.task.server_5 - INFO - Loading weights:  82%|████████▏ | 1201/1458 [00:54<00:06, 41.97it/s]
2026-07-24 18:56:51,984 - sflow.task.server_5 - INFO - 5:
2026-07-24 18:56:51,984 - sflow.task.server_5 - INFO - Loading weights:  92%|█████████▏| 1348/1458 [01:02<00:03, 31.77it/s]
2026-07-24 18:56:51,984 - sflow.task.server_5 - INFO - 0:
2026-07-24 18:56:51,985 - sflow.task.server_5 - INFO - Loading weights:  82%|████████▏ | 1189/1458 [00:54<00:07, 34.13it/s]
2026-07-24 18:56:52,036 - sflow.task.server_5 - INFO - 2:
2026-07-24 18:56:52,036 - sflow.task.server_5 - INFO - Loading weights:  82%|████████▏ | 1189/1458 [00:54<00:11, 22.97it/s]
2026-07-24 18:56:52,138 - sflow.task.server_5 - INFO - 0:
2026-07-24 18:56:52,138 - sflow.task.server_5 - INFO - Loading weights:  82%|████████▏ | 1198/1458 [00:54<00:06, 41.31it/s]
2026-07-24 18:56:52,138 - sflow.task.server_5 - INFO - 2:
2026-07-24 18:56:52,138 - sflow.task.server_5 - INFO - Loading weights:  82%|████████▏ | 1198/1458 [00:54<00:08, 29.95it/s]
2026-07-24 18:56:52,240 - sflow.task.server_5 - INFO - 7:
2026-07-24 18:56:52,240 - sflow.task.server_5 - INFO - Loading weights:  93%|█████████▎| 1352/1458 [01:02<00:04, 26.23it/s]
2026-07-24 18:56:52,240 - sflow.task.server_5 - INFO - 6:
2026-07-24 18:56:52,240 - sflow.task.server_5 - INFO - Loading weights:  93%|█████████▎| 1352/1458 [01:02<00:04, 25.34it/s]
2026-07-24 18:56:52,292 - sflow.task.server_5 - INFO - 4:
2026-07-24 18:56:52,292 - sflow.task.server_5 - INFO - Loading weights:  93%|█████████▎| 1352/1458 [01:02<00:04, 26.24it/s]
2026-07-24 18:56:52,292 - sflow.task.server_5 - INFO - 5:
2026-07-24 18:56:52,292 - sflow.task.server_5 - INFO - Loading weights:  93%|█████████▎| 1354/1458 [01:02<00:03, 26.42it/s]
2026-07-24 18:56:52,344 - sflow.task.server_5 - INFO - 7:
2026-07-24 18:56:52,344 - sflow.task.server_5 - INFO - Loading weights:  94%|█████████▎| 1364/1458 [01:02<00:02, 38.38it/s]
2026-07-24 18:56:52,344 - sflow.task.server_5 - INFO - 6:
2026-07-24 18:56:52,344 - sflow.task.server_5 - INFO - Loading weights:  94%|█████████▎| 1364/1458 [01:02<00:02, 37.50it/s]
2026-07-24 18:56:52,396 - sflow.task.server_5 - INFO - 4:
2026-07-24 18:56:52,396 - sflow.task.server_5 - INFO - Loading weights:  94%|█████████▎| 1364/1458 [01:02<00:02, 39.71it/s]
2026-07-24 18:56:52,396 - sflow.task.server_5 - INFO - 5:
2026-07-24 18:56:52,396 - sflow.task.server_5 - INFO - Loading weights:  94%|█████████▎| 1364/1458 [01:02<00:02, 36.92it/s]
2026-07-24 18:56:52,447 - sflow.task.server_5 - INFO - 6:
2026-07-24 18:56:52,447 - sflow.task.server_5 - INFO - Loading weights:  94%|█████████▍| 1371/1458 [01:02<00:02, 42.07it/s]
2026-07-24 18:56:52,447 - sflow.task.server_5 - INFO - 7:
2026-07-24 18:56:52,447 - sflow.task.server_5 - INFO - Loading weights:  94%|█████████▍| 1371/1458 [01:02<00:02, 42.72it/s]
2026-07-24 18:56:52,498 - sflow.task.server_5 - INFO - 4:
2026-07-24 18:56:52,498 - sflow.task.server_5 - INFO - Loading weights:  94%|█████████▍| 1371/1458 [01:02<00:01, 44.19it/s]
2026-07-24 18:56:52,498 - sflow.task.server_5 - INFO - 5:
2026-07-24 18:56:52,498 - sflow.task.server_5 - INFO - Loading weights:  94%|█████████▍| 1370/1458 [01:02<00:02, 40.73it/s]
2026-07-24 18:56:52,854 - sflow.task.server_5 - INFO - 3:
2026-07-24 18:56:52,854 - sflow.task.server_5 - INFO - Loading weights:  83%|████████▎ | 1206/1458 [00:54<00:17, 14.44it/s]
2026-07-24 18:56:52,904 - sflow.task.server_5 - INFO - 1:
2026-07-24 18:56:52,904 - sflow.task.server_5 - INFO - Loading weights:  83%|████████▎ | 1208/1458 [00:55<00:12, 19.62it/s]
2026-07-24 18:56:52,955 - sflow.task.server_5 - INFO - 3:
2026-07-24 18:56:52,955 - sflow.task.server_5 - INFO - Loading weights:  83%|████████▎ | 1213/1458 [00:55<00:12, 18.93it/s]
2026-07-24 18:56:53,006 - sflow.task.server_5 - INFO - 0:
2026-07-24 18:56:53,006 - sflow.task.server_5 - INFO - Loading weights:  83%|████████▎ | 1206/1458 [00:55<00:12, 20.14it/s]
2026-07-24 18:56:53,059 - sflow.task.server_5 - INFO - 1:
2026-07-24 18:56:53,059 - sflow.task.server_5 - INFO - Loading weights:  84%|████████▎ | 1220/1458 [00:55<00:08, 27.64it/s]
2026-07-24 18:56:53,110 - sflow.task.server_5 - INFO - 3:
2026-07-24 18:56:53,110 - sflow.task.server_5 - INFO - Loading weights:  84%|████████▍ | 1222/1458 [00:55<00:08, 26.24it/s]
2026-07-24 18:56:53,110 - sflow.task.server_5 - INFO - 2:
2026-07-24 18:56:53,110 - sflow.task.server_5 - INFO - Loading weights:  83%|████████▎ | 1206/1458 [00:55<00:15, 16.75it/s]
2026-07-24 18:56:53,110 - sflow.task.server_5 - INFO - 0:
2026-07-24 18:56:53,110 - sflow.task.server_5 - INFO - Loading weights:  83%|████████▎ | 1213/1458 [00:55<00:09, 24.65it/s]
2026-07-24 18:56:53,161 - sflow.task.server_5 - INFO - 1:
2026-07-24 18:56:53,161 - sflow.task.server_5 - INFO - Loading weights:  84%|████████▍ | 1226/1458 [00:55<00:07, 30.46it/s]
2026-07-24 18:56:53,213 - sflow.task.server_5 - INFO - 3:
2026-07-24 18:56:53,213 - sflow.task.server_5 - INFO - Loading weights:  84%|████████▍ | 1228/1458 [00:55<00:07, 30.02it/s]
2026-07-24 18:56:53,213 - sflow.task.server_5 - INFO - 2:
2026-07-24 18:56:53,213 - sflow.task.server_5 - INFO - Loading weights:  83%|████████▎ | 1213/1458 [00:55<00:11, 20.74it/s]
2026-07-24 18:56:53,265 - sflow.task.server_5 - INFO - 0:
2026-07-24 18:56:53,265 - sflow.task.server_5 - INFO - Loading weights:  84%|████████▍ | 1225/1458 [00:55<00:06, 34.86it/s]
2026-07-24 18:56:53,367 - sflow.task.server_5 - INFO - 2:
2026-07-24 18:56:53,367 - sflow.task.server_5 - INFO - Loading weights:  84%|████████▍ | 1222/1458 [00:55<00:08, 27.27it/s]
2026-07-24 18:56:53,367 - sflow.task.server_5 - INFO - 4:
2026-07-24 18:56:53,367 - sflow.task.server_5 - INFO - Loading weights:  95%|█████████▍| 1378/1458 [01:03<00:04, 19.59it/s]
2026-07-24 18:56:53,367 - sflow.task.server_5 - INFO - 7:
2026-07-24 18:56:53,367 - sflow.task.server_5 - INFO - Loading weights:  95%|█████████▍| 1378/1458 [01:03<00:04, 19.20it/s]
2026-07-24 18:56:53,367 - sflow.task.server_5 - INFO - 6:
2026-07-24 18:56:53,367 - sflow.task.server_5 - INFO - Loading weights:  95%|█████████▍| 1378/1458 [01:03<00:04, 18.97it/s]
2026-07-24 18:56:53,418 - sflow.task.server_5 - INFO - 5:
2026-07-24 18:56:53,419 - sflow.task.server_5 - INFO - Loading weights:  94%|█████████▍| 1376/1458 [01:03<00:04, 17.49it/s]
2026-07-24 18:56:53,521 - sflow.task.server_5 - INFO - 5:
2026-07-24 18:56:53,521 - sflow.task.server_5 - INFO - Loading weights:  95%|█████████▌| 1387/1458 [01:03<00:02, 26.67it/s]
2026-07-24 18:56:53,521 - sflow.task.server_5 - INFO - 4:
2026-07-24 18:56:53,521 - sflow.task.server_5 - INFO - Loading weights:  95%|█████████▌| 1388/1458 [01:03<00:02, 26.33it/s]
2026-07-24 18:56:53,521 - sflow.task.server_5 - INFO - 6:
2026-07-24 18:56:53,521 - sflow.task.server_5 - INFO - Loading weights:  95%|█████████▌| 1388/1458 [01:03<00:02, 25.82it/s]
2026-07-24 18:56:53,521 - sflow.task.server_5 - INFO - 7:
2026-07-24 18:56:53,521 - sflow.task.server_5 - INFO - Loading weights:  95%|█████████▌| 1388/1458 [01:03<00:02, 25.87it/s]
2026-07-24 18:56:53,674 - sflow.task.server_5 - INFO - 6:
2026-07-24 18:56:53,674 - sflow.task.server_5 - INFO - Loading weights:  96%|█████████▌| 1394/1458 [01:03<00:02, 28.47it/s]
2026-07-24 18:56:53,674 - sflow.task.server_5 - INFO - 7:
2026-07-24 18:56:53,674 - sflow.task.server_5 - INFO - Loading weights:  96%|█████████▌| 1394/1458 [01:03<00:02, 28.52it/s]
2026-07-24 18:56:53,674 - sflow.task.server_5 - INFO - 4:
2026-07-24 18:56:53,674 - sflow.task.server_5 - INFO - Loading weights:  96%|█████████▌| 1394/1458 [01:03<00:02, 28.98it/s]
2026-07-24 18:56:53,674 - sflow.task.server_5 - INFO - 5:
2026-07-24 18:56:53,674 - sflow.task.server_5 - INFO - Loading weights:  96%|█████████▌| 1394/1458 [01:03<00:02, 30.27it/s]
2026-07-24 18:56:54,083 - sflow.task.server_5 - INFO - 0:
2026-07-24 18:56:54,083 - sflow.task.server_5 - INFO - Loading weights:  84%|████████▍ | 1232/1458 [00:56<00:11, 19.75it/s]
2026-07-24 18:56:54,084 - sflow.task.server_5 - INFO - 1:
2026-07-24 18:56:54,084 - sflow.task.server_5 - INFO - Loading weights:  84%|████████▍ | 1232/1458 [00:56<00:13, 16.76it/s]
2026-07-24 18:56:54,135 - sflow.task.server_5 - INFO - 3:
2026-07-24 18:56:54,135 - sflow.task.server_5 - INFO - Loading weights:  85%|████████▍ | 1234/1458 [00:56<00:14, 15.35it/s]
2026-07-24 18:56:54,186 - sflow.task.server_5 - INFO - 1:
2026-07-24 18:56:54,186 - sflow.task.server_5 - INFO - Loading weights:  85%|████████▌ | 1243/1458 [00:56<00:08, 24.51it/s]
2026-07-24 18:56:54,186 - sflow.task.server_5 - INFO - 0:
2026-07-24 18:56:54,186 - sflow.task.server_5 - INFO - Loading weights:  85%|████████▌ | 1243/1458 [00:56<00:07, 27.68it/s]
2026-07-24 18:56:54,237 - sflow.task.server_5 - INFO - 3:
2026-07-24 18:56:54,237 - sflow.task.server_5 - INFO - Loading weights:  85%|████████▌ | 1244/1458 [00:56<00:09, 22.42it/s]
2026-07-24 18:56:54,338 - sflow.task.server_5 - INFO - 2:
2026-07-24 18:56:54,338 - sflow.task.server_5 - INFO - Loading weights:  84%|████████▍ | 1230/1458 [00:56<00:14, 16.24it/s]
2026-07-24 18:56:54,389 - sflow.task.server_5 - INFO - 0:
2026-07-24 18:56:54,389 - sflow.task.server_5 - INFO - Loading weights:  86%|████████▌ | 1250/1458 [00:56<00:07, 29.01it/s]
2026-07-24 18:56:54,389 - sflow.task.server_5 - INFO - 1:
2026-07-24 18:56:54,389 - sflow.task.server_5 - INFO - Loading weights:  86%|████████▌ | 1249/1458 [00:56<00:08, 25.38it/s]
2026-07-24 18:56:54,389 - sflow.task.server_5 - INFO - 3:
2026-07-24 18:56:54,389 - sflow.task.server_5 - INFO - Loading weights:  86%|████████▌ | 1250/1458 [00:56<00:08, 25.43it/s]
2026-07-24 18:56:54,440 - sflow.task.server_5 - INFO - 2:
2026-07-24 18:56:54,440 - sflow.task.server_5 - INFO - Loading weights:  85%|████████▍ | 1237/1458 [00:56<00:10, 20.20it/s]
2026-07-24 18:56:54,542 - sflow.task.server_5 - INFO - 2:
2026-07-24 18:56:54,542 - sflow.task.server_5 - INFO - Loading weights:  85%|████████▌ | 1246/1458 [00:56<00:07, 26.68it/s]
2026-07-24 18:56:54,645 - sflow.task.server_5 - INFO - 4:
2026-07-24 18:56:54,645 - sflow.task.server_5 - INFO - Loading weights:  96%|█████████▌| 1399/1458 [01:04<00:04, 14.43it/s]
2026-07-24 18:56:54,696 - sflow.task.server_5 - INFO - 6:
2026-07-24 18:56:54,697 - sflow.task.server_5 - INFO - Loading weights:  96%|█████████▌| 1400/1458 [01:04<00:04, 14.29it/s]
2026-07-24 18:56:54,748 - sflow.task.server_5 - INFO - 4:
2026-07-24 18:56:54,748 - sflow.task.server_5 - INFO - Loading weights:  96%|█████████▌| 1403/1458 [01:04<00:03, 16.39it/s]
2026-07-24 18:56:54,748 - sflow.task.server_5 - INFO - 5:
2026-07-24 18:56:54,748 - sflow.task.server_5 - INFO - Loading weights:  96%|█████████▌| 1400/1458 [01:04<00:04, 14.37it/s]
2026-07-24 18:56:54,748 - sflow.task.server_5 - INFO - 7:
2026-07-24 18:56:54,748 - sflow.task.server_5 - INFO - Loading weights:  96%|█████████▌| 1400/1458 [01:04<00:04, 14.03it/s]
2026-07-24 18:56:54,849 - sflow.task.server_5 - INFO - 4:
2026-07-24 18:56:54,850 - sflow.task.server_5 - INFO - Loading weights:  97%|█████████▋| 1412/1458 [01:04<00:01, 23.86it/s]
2026-07-24 18:56:54,850 - sflow.task.server_5 - INFO - 6:
2026-07-24 18:56:54,850 - sflow.task.server_5 - INFO - Loading weights:  97%|█████████▋| 1412/1458 [01:04<00:02, 21.89it/s]
2026-07-24 18:56:54,850 - sflow.task.server_5 - INFO - 5:
2026-07-24 18:56:54,850 - sflow.task.server_5 - INFO - Loading weights:  97%|█████████▋| 1412/1458 [01:04<00:02, 22.43it/s]
2026-07-24 18:56:54,850 - sflow.task.server_5 - INFO - 7:
2026-07-24 18:56:54,850 - sflow.task.server_5 - INFO - Loading weights:  97%|█████████▋| 1412/1458 [01:04<00:02, 21.88it/s]
2026-07-24 18:56:55,002 - sflow.task.server_5 - INFO - 6:
2026-07-24 18:56:55,002 - sflow.task.server_5 - INFO - Loading weights:  97%|█████████▋| 1418/1458 [01:04<00:01, 24.77it/s]
2026-07-24 18:56:55,002 - sflow.task.server_5 - INFO - 7:
2026-07-24 18:56:55,002 - sflow.task.server_5 - INFO - Loading weights:  97%|█████████▋| 1418/1458 [01:04<00:01, 25.02it/s]
2026-07-24 18:56:55,002 - sflow.task.server_5 - INFO - 4:
2026-07-24 18:56:55,002 - sflow.task.server_5 - INFO - Loading weights:  97%|█████████▋| 1417/1458 [01:04<00:01, 26.05it/s]
2026-07-24 18:56:55,002 - sflow.task.server_5 - INFO - 5:
2026-07-24 18:56:55,002 - sflow.task.server_5 - INFO - Loading weights:  97%|█████████▋| 1419/1458 [01:05<00:01, 25.66it/s]
2026-07-24 18:56:55,206 - sflow.task.server_5 - INFO - 6:
2026-07-24 18:56:55,206 - sflow.task.server_5 - INFO - Loading weights:  98%|█████████▊| 1423/1458 [01:05<00:01, 24.06it/s]
2026-07-24 18:56:55,256 - sflow.task.server_5 - INFO - 4:
2026-07-24 18:56:55,256 - sflow.task.server_5 - INFO - Loading weights:  98%|█████████▊| 1422/1458 [01:05<00:01, 24.09it/s]
2026-07-24 18:56:55,308 - sflow.task.server_5 - INFO - 5:
2026-07-24 18:56:55,308 - sflow.task.server_5 - INFO - Loading weights:  98%|█████████▊| 1425/1458 [01:05<00:01, 24.11it/s]
2026-07-24 18:56:55,308 - sflow.task.server_5 - INFO - 6:
2026-07-24 18:56:55,308 - sflow.task.server_5 - INFO - Loading weights:  98%|█████████▊| 1428/1458 [01:05<00:01, 27.12it/s]
2026-07-24 18:56:55,308 - sflow.task.server_5 - INFO - 3:
2026-07-24 18:56:55,308 - sflow.task.server_5 - INFO - Loading weights:  86%|████████▌ | 1255/1458 [00:57<00:14, 13.59it/s]
2026-07-24 18:56:55,359 - sflow.task.server_5 - INFO - 1:
2026-07-24 18:56:55,359 - sflow.task.server_5 - INFO - Loading weights:  86%|████████▌ | 1254/1458 [00:57<00:14, 13.89it/s]
2026-07-24 18:56:55,359 - sflow.task.server_5 - INFO - 4:
2026-07-24 18:56:55,359 - sflow.task.server_5 - INFO - Loading weights:  98%|█████████▊| 1429/1458 [01:05<00:00, 30.48it/s]
2026-07-24 18:56:55,359 - sflow.task.server_5 - INFO - 7:
2026-07-24 18:56:55,359 - sflow.task.server_5 - INFO - Loading weights:  98%|█████████▊| 1424/1458 [01:05<00:01, 21.65it/s]
2026-07-24 18:56:55,411 - sflow.task.server_5 - INFO - 5:
2026-07-24 18:56:55,411 - sflow.task.server_5 - INFO - Loading weights:  98%|█████████▊| 1436/1458 [01:05<00:00, 33.98it/s]
2026-07-24 18:56:55,411 - sflow.task.server_5 - INFO - 0:
2026-07-24 18:56:55,411 - sflow.task.server_5 - INFO - Loading weights:  86%|████████▌ | 1256/1458 [00:57<00:13, 14.93it/s]
2026-07-24 18:56:55,411 - sflow.task.server_5 - INFO - 3:
2026-07-24 18:56:55,411 - sflow.task.server_5 - INFO - Loading weights:  86%|████████▋ | 1259/1458 [00:57<00:12, 15.63it/s]
2026-07-24 18:56:55,462 - sflow.task.server_5 - INFO - 6:
2026-07-24 18:56:55,462 - sflow.task.server_5 - INFO - Loading weights:  99%|█████████▊| 1438/1458 [01:05<00:00, 36.81it/s]
2026-07-24 18:56:55,462 - sflow.task.server_5 - INFO - 4:
2026-07-24 18:56:55,462 - sflow.task.server_5 - INFO - Loading weights:  99%|█████████▊| 1438/1458 [01:05<00:00, 40.61it/s]
2026-07-24 18:56:55,462 - sflow.task.server_5 - INFO - 1:
2026-07-24 18:56:55,462 - sflow.task.server_5 - INFO - Loading weights:  86%|████████▋ | 1261/1458 [00:57<00:10, 18.15it/s]
2026-07-24 18:56:55,462 - sflow.task.server_5 - INFO - 7:
2026-07-24 18:56:55,462 - sflow.task.server_5 - INFO - Loading weights:  98%|█████████▊| 1435/1458 [01:05<00:00, 31.58it/s]
2026-07-24 18:56:55,513 - sflow.task.server_5 - INFO - 2:
2026-07-24 18:56:55,514 - sflow.task.server_5 - INFO - Loading weights:  86%|████████▌ | 1254/1458 [00:57<00:12, 16.08it/s]
2026-07-24 18:56:55,514 - sflow.task.server_5 - INFO - 3:
2026-07-24 18:56:55,514 - sflow.task.server_5 - INFO - Loading weights:  87%|████████▋ | 1268/1458 [00:57<00:08, 23.19it/s]
2026-07-24 18:56:55,565 - sflow.task.server_5 - INFO - 0:
2026-07-24 18:56:55,565 - sflow.task.server_5 - INFO - Loading weights:  87%|████████▋ | 1268/1458 [00:57<00:08, 22.58it/s]
2026-07-24 18:56:55,565 - sflow.task.server_5 - INFO - 4:
2026-07-24 18:56:55,565 - sflow.task.server_5 - INFO - Loading weights:  99%|█████████▉| 1444/1458 [01:05<00:00, 43.81it/s]
2026-07-24 18:56:55,565 - sflow.task.server_5 - INFO - 5:
2026-07-24 18:56:55,565 - sflow.task.server_5 - INFO - Loading weights:  99%|█████████▉| 1443/1458 [01:05<00:00, 37.33it/s]
2026-07-24 18:56:55,565 - sflow.task.server_5 - INFO - 6:
2026-07-24 18:56:55,565 - sflow.task.server_5 - INFO - Loading weights:  99%|█████████▉| 1444/1458 [01:05<00:00, 40.26it/s]
2026-07-24 18:56:55,565 - sflow.task.server_5 - INFO - 1:
2026-07-24 18:56:55,565 - sflow.task.server_5 - INFO - Loading weights:  87%|████████▋ | 1270/1458 [00:57<00:07, 24.98it/s]
2026-07-24 18:56:55,565 - sflow.task.server_5 - INFO - 7:
2026-07-24 18:56:55,565 - sflow.task.server_5 - INFO - Loading weights:  99%|█████████▉| 1442/1458 [01:05<00:00, 36.08it/s]
2026-07-24 18:56:55,616 - sflow.task.server_5 - INFO - 2:
2026-07-24 18:56:55,616 - sflow.task.server_5 - INFO - Loading weights:  86%|████████▋ | 1261/1458 [00:57<00:09, 20.03it/s]
2026-07-24 18:56:55,667 - sflow.task.server_5 - INFO - 3:
2026-07-24 18:56:55,667 - sflow.task.server_5 - INFO - Loading weights:  87%|████████▋ | 1275/1458 [00:57<00:06, 28.73it/s]
2026-07-24 18:56:55,667 - sflow.task.server_5 - INFO - 0:
2026-07-24 18:56:55,667 - sflow.task.server_5 - INFO - Loading weights:  87%|████████▋ | 1275/1458 [00:57<00:06, 26.89it/s]
2026-07-24 18:56:55,770 - sflow.task.server_5 - INFO - 2:
2026-07-24 18:56:55,770 - sflow.task.server_5 - INFO - Loading weights:  87%|████████▋ | 1270/1458 [00:57<00:07, 26.28it/s]
2026-07-24 18:56:55,872 - sflow.task.server_5 - INFO - 2:
2026-07-24 18:56:55,873 - sflow.task.server_5 - INFO - Loading weights:  88%|████████▊ | 1276/1458 [00:57<00:06, 30.33it/s]
2026-07-24 18:56:55,873 - sflow.task.server_5 - INFO - 1:
2026-07-24 18:56:55,873 - sflow.task.server_5 - INFO - Loading weights:  88%|████████▊ | 1278/1458 [00:57<00:07, 25.32it/s]
2026-07-24 18:56:55,975 - sflow.task.server_5 - INFO - 1:
2026-07-24 18:56:55,975 - sflow.task.server_5 - INFO - Loading weights:  88%|████████▊ | 1285/1458 [00:58<00:05, 30.75it/s]
2026-07-24 18:56:55,975 - sflow.task.server_5 - INFO - 0:
2026-07-24 18:56:55,975 - sflow.task.server_5 - INFO - Loading weights:  88%|████████▊ | 1281/1458 [00:58<00:07, 24.01it/s]
2026-07-24 18:56:56,076 - sflow.task.server_5 - INFO - 1:
2026-07-24 18:56:56,076 - sflow.task.server_5 - INFO - Loading weights:  89%|████████▊ | 1292/1458 [00:58<00:04, 35.71it/s]
2026-07-24 18:56:56,127 - sflow.task.server_5 - INFO - 0:
2026-07-24 18:56:56,127 - sflow.task.server_5 - INFO - Loading weights:  89%|████████▊ | 1291/1458 [00:58<00:05, 32.57it/s]
2026-07-24 18:56:56,229 - sflow.task.server_5 - INFO - 1:
2026-07-24 18:56:56,229 - sflow.task.server_5 - INFO - Loading weights:  89%|████████▉ | 1298/1458 [00:58<00:04, 36.88it/s]
2026-07-24 18:56:56,229 - sflow.task.server_5 - INFO - 0:
2026-07-24 18:56:56,229 - sflow.task.server_5 - INFO - Loading weights:  89%|████████▉ | 1298/1458 [00:58<00:04, 36.44it/s]
2026-07-24 18:56:56,331 - sflow.task.server_5 - INFO - 2:
2026-07-24 18:56:56,331 - sflow.task.server_5 - INFO - Loading weights:  88%|████████▊ | 1282/1458 [00:58<00:07, 22.51it/s]
2026-07-24 18:56:56,382 - sflow.task.server_5 - INFO - 5:
2026-07-24 18:56:56,382 - sflow.task.server_5 - INFO - Loading weights:  99%|█████████▉| 1449/1458 [01:06<00:00, 18.96it/s]
2026-07-24 18:56:56,433 - sflow.task.server_5 - INFO - 2:
2026-07-24 18:56:56,433 - sflow.task.server_5 - INFO - Loading weights:  89%|████████▊ | 1292/1458 [00:58<00:05, 30.93it/s]
2026-07-24 18:56:56,484 - sflow.task.server_5 - INFO - 4:
2026-07-24 18:56:56,484 - sflow.task.server_5 - INFO - Loading weights:  99%|█████████▉| 1450/1458 [01:06<00:00, 16.93it/s]
2026-07-24 18:56:56,484 - sflow.task.server_5 - INFO - 6:
2026-07-24 18:56:56,484 - sflow.task.server_5 - INFO - Loading weights:  99%|█████████▉| 1450/1458 [01:06<00:00, 16.53it/s]
2026-07-24 18:56:56,536 - sflow.task.server_5 - INFO - 3:
2026-07-24 18:56:56,536 - sflow.task.server_5 - INFO - Loading weights:  88%|████████▊ | 1281/1458 [00:58<00:11, 15.22it/s]
2026-07-24 18:56:56,536 - sflow.task.server_5 - INFO - 7:
2026-07-24 18:56:56,536 - sflow.task.server_5 - INFO - Loading weights:  99%|█████████▉| 1449/1458 [01:06<00:00, 17.44it/s]
2026-07-24 18:56:56,587 - sflow.task.server_5 - INFO - 2:
2026-07-24 18:56:56,587 - sflow.task.server_5 - INFO - Loading weights:  89%|████████▉ | 1299/1458 [00:58<00:04, 35.65it/s]
2026-07-24 18:56:56,689 - sflow.task.server_5 - INFO - 3:
2026-07-24 18:56:56,689 - sflow.task.server_5 - INFO - Loading weights:  89%|████████▊ | 1292/1458 [00:58<00:07, 23.11it/s]
2026-07-24 18:56:56,793 - sflow.task.server_5 - INFO - 3:
2026-07-24 18:56:56,793 - sflow.task.server_5 - INFO - Loading weights:  89%|████████▉ | 1299/1458 [00:58<00:05, 27.72it/s]
2026-07-24 18:56:57,200 - sflow.task.server_5 - INFO - 1:
2026-07-24 18:56:57,200 - sflow.task.server_5 - INFO - Loading weights:  89%|████████▉ | 1304/1458 [00:59<00:09, 16.00it/s]
2026-07-24 18:56:57,251 - sflow.task.server_5 - INFO - 0:
2026-07-24 18:56:57,251 - sflow.task.server_5 - INFO - Loading weights:  89%|████████▉ | 1304/1458 [00:59<00:09, 16.34it/s]
2026-07-24 18:56:57,302 - sflow.task.server_5 - INFO - 1:
2026-07-24 18:56:57,302 - sflow.task.server_5 - INFO - Loading weights:  90%|█████████ | 1315/1458 [00:59<00:05, 24.45it/s]
2026-07-24 18:56:57,353 - sflow.task.server_5 - INFO - 0:
2026-07-24 18:56:57,353 - sflow.task.server_5 - INFO - Loading weights:  90%|█████████ | 1315/1458 [00:59<00:05, 24.39it/s]
2026-07-24 18:56:57,455 - sflow.task.server_5 - INFO - 0:
2026-07-24 18:56:57,455 - sflow.task.server_5 - INFO - Loading weights:  91%|█████████ | 1322/1458 [00:59<00:04, 28.29it/s]
2026-07-24 18:56:57,455 - sflow.task.server_5 - INFO - 1:
2026-07-24 18:56:57,455 - sflow.task.server_5 - INFO - Loading weights:  91%|█████████ | 1321/1458 [00:59<00:05, 26.36it/s]
2026-07-24 18:56:57,506 - sflow.task.server_5 - INFO - 2:
2026-07-24 18:56:57,506 - sflow.task.server_5 - INFO - Loading weights:  90%|████████▉ | 1305/1458 [00:59<00:09, 16.93it/s]
2026-07-24 18:56:57,608 - sflow.task.server_5 - INFO - 2:
2026-07-24 18:56:57,608 - sflow.task.server_5 - INFO - Loading weights:  90%|█████████ | 1315/1458 [00:59<00:05, 24.58it/s]
2026-07-24 18:56:57,710 - sflow.task.server_5 - INFO - 2:
2026-07-24 18:56:57,710 - sflow.task.server_5 - INFO - Loading weights:  91%|█████████ | 1321/1458 [00:59<00:04, 27.78it/s]
2026-07-24 18:56:57,710 - sflow.task.server_5 - INFO - 3:
2026-07-24 18:56:57,710 - sflow.task.server_5 - INFO - Loading weights:  90%|████████▉ | 1305/1458 [00:59<00:10, 15.20it/s]
2026-07-24 18:56:57,863 - sflow.task.server_5 - INFO - 3:
2026-07-24 18:56:57,863 - sflow.task.server_5 - INFO - Loading weights:  90%|█████████ | 1315/1458 [00:59<00:06, 21.62it/s]
2026-07-24 18:56:57,966 - sflow.task.server_5 - INFO - 3:
2026-07-24 18:56:57,966 - sflow.task.server_5 - INFO - Loading weights:  91%|█████████ | 1321/1458 [01:00<00:05, 25.40it/s]
2026-07-24 18:56:58,121 - sflow.task.server_5 - INFO - 6:
2026-07-24 18:56:58,121 - sflow.task.server_5 - INFO - Loading weights: 100%|█████████▉| 1456/1458 [01:08<00:00,  8.42it/s]
2026-07-24 18:56:58,121 - sflow.task.server_5 - INFO - 7:
2026-07-24 18:56:58,121 - sflow.task.server_5 - INFO - Loading weights: 100%|█████████▉| 1456/1458 [01:08<00:00,  9.54it/s]
2026-07-24 18:56:58,121 - sflow.task.server_5 - INFO - 6:
2026-07-24 18:56:58,121 - sflow.task.server_5 - INFO - Loading weights: 100%|██████████| 1458/1458 [01:08<00:00, 21.40it/s]
2026-07-24 18:56:58,121 - sflow.task.server_5 - INFO - 7:
2026-07-24 18:56:58,121 - sflow.task.server_5 - INFO - Loading weights: 100%|██████████| 1458/1458 [01:08<00:00, 21.40it/s]
2026-07-24 18:56:58,121 - sflow.task.server_5 - INFO - 5:
2026-07-24 18:56:58,121 - sflow.task.server_5 - INFO - Loading weights: 100%|█████████▉| 1456/1458 [01:08<00:00,  9.08it/s]
2026-07-24 18:56:58,121 - sflow.task.server_5 - INFO - 4:
2026-07-24 18:56:58,121 - sflow.task.server_5 - INFO - Loading weights: 100%|█████████▉| 1456/1458 [01:08<00:00,  8.32it/s]
2026-07-24 18:56:58,121 - sflow.task.server_5 - INFO - 5:
2026-07-24 18:56:58,121 - sflow.task.server_5 - INFO - Loading weights: 100%|██████████| 1458/1458 [01:08<00:00, 21.39it/s]
2026-07-24 18:56:58,121 - sflow.task.server_5 - INFO - 4:
2026-07-24 18:56:58,121 - sflow.task.server_5 - INFO - Loading weights: 100%|██████████| 1458/1458 [01:08<00:00, 21.39it/s]
2026-07-24 18:56:58,274 - sflow.task.server_5 - INFO - 1:
2026-07-24 18:56:58,274 - sflow.task.server_5 - INFO - Loading weights:  91%|█████████ | 1326/1458 [01:00<00:08, 15.16it/s]
2026-07-24 18:56:58,376 - sflow.task.server_5 - INFO - 0:
2026-07-24 18:56:58,376 - sflow.task.server_5 - INFO - Loading weights:  91%|█████████ | 1328/1458 [01:00<00:08, 15.63it/s]
2026-07-24 18:56:58,376 - sflow.task.server_5 - INFO - 1:
2026-07-24 18:56:58,376 - sflow.task.server_5 - INFO - Loading weights:  91%|█████████ | 1330/1458 [01:00<00:07, 17.08it/s]
2026-07-24 18:56:58,530 - sflow.task.server_5 - INFO - 2:
2026-07-24 18:56:58,530 - sflow.task.server_5 - INFO - Loading weights:  91%|█████████ | 1327/1458 [01:00<00:08, 16.37it/s]
2026-07-24 18:56:58,530 - sflow.task.server_5 - INFO - 1:
2026-07-24 18:56:58,530 - sflow.task.server_5 - INFO - Loading weights:  92%|█████████▏| 1340/1458 [01:00<00:04, 25.89it/s]
2026-07-24 18:56:58,530 - sflow.task.server_5 - INFO - 0:
2026-07-24 18:56:58,530 - sflow.task.server_5 - INFO - Loading weights:  92%|█████████▏| 1340/1458 [01:00<00:05, 23.53it/s]
2026-07-24 18:56:58,632 - sflow.task.server_5 - INFO - 2:
2026-07-24 18:56:58,632 - sflow.task.server_5 - INFO - Loading weights:  91%|█████████▏| 1333/1458 [01:00<00:06, 19.95it/s]
2026-07-24 18:56:58,632 - sflow.task.server_5 - INFO - 0:
2026-07-24 18:56:58,632 - sflow.task.server_5 - INFO - Loading weights:  92%|█████████▏| 1346/1458 [01:00<00:04, 26.66it/s]
2026-07-24 18:56:58,632 - sflow.task.server_5 - INFO - 1:
2026-07-24 18:56:58,632 - sflow.task.server_5 - INFO - Loading weights:  92%|█████████▏| 1346/1458 [01:00<00:03, 29.08it/s]
2026-07-24 18:56:58,683 - sflow.task.server_5 - INFO - 3:
2026-07-24 18:56:58,683 - sflow.task.server_5 - INFO - Loading weights:  91%|█████████ | 1327/1458 [01:00<00:08, 16.35it/s]
2026-07-24 18:56:58,734 - sflow.task.server_5 - INFO - 2:
2026-07-24 18:56:58,734 - sflow.task.server_5 - INFO - Loading weights:  92%|█████████▏| 1342/1458 [01:00<00:04, 27.45it/s]
2026-07-24 18:56:58,786 - sflow.task.server_5 - INFO - 7: [TensorRT-LLM][INFO] Max KV cache blocks per sequence: 724 [window size=23141], tokens per block=32, primary blocks=1234, secondary blocks=0, max sequence length=23141
2026-07-24 18:56:58,838 - sflow.task.server_5 - INFO - 3:
2026-07-24 18:56:58,838 - sflow.task.server_5 - INFO - Loading weights:  91%|█████████▏| 1333/1458 [01:00<00:06, 19.98it/s]
2026-07-24 18:56:58,889 - sflow.task.server_5 - INFO - 7: [TensorRT-LLM][INFO] Number of tokens per block: 32.
2026-07-24 18:56:58,889 - sflow.task.server_5 - INFO - 7: [TensorRT-LLM][INFO] [MemUsageChange] Allocated 1.29 GiB for max tokens in paged KV cache (39488).
2026-07-24 18:56:58,889 - sflow.task.server_5 - INFO - 6: [TensorRT-LLM][INFO] Max KV cache blocks per sequence: 724 [window size=23141], tokens per block=32, primary blocks=1234, secondary blocks=0, max sequence length=23141
2026-07-24 18:56:58,940 - sflow.task.server_5 - INFO - 3:
2026-07-24 18:56:58,940 - sflow.task.server_5 - INFO - Loading weights:  92%|█████████▏| 1340/1458 [01:01<00:04, 25.56it/s]
2026-07-24 18:56:58,992 - sflow.task.server_5 - INFO - 6: [TensorRT-LLM][INFO] Number of tokens per block: 32.
2026-07-24 18:56:58,992 - sflow.task.server_5 - INFO - 6: [TensorRT-LLM][INFO] [MemUsageChange] Allocated 1.29 GiB for max tokens in paged KV cache (39488).
2026-07-24 18:56:58,992 - sflow.task.server_5 - INFO - 5: [TensorRT-LLM][INFO] Max KV cache blocks per sequence: 724 [window size=23141], tokens per block=32, primary blocks=1234, secondary blocks=0, max sequence length=23141
2026-07-24 18:56:58,992 - sflow.task.server_5 - INFO - 4: [TensorRT-LLM][INFO] Max KV cache blocks per sequence: 724 [window size=23141], tokens per block=32, primary blocks=1234, secondary blocks=0, max sequence length=23141
2026-07-24 18:56:59,044 - sflow.task.server_5 - INFO - 3:
2026-07-24 18:56:59,044 - sflow.task.server_5 - INFO - Loading weights:  92%|█████████▏| 1347/1458 [01:01<00:03, 30.96it/s]
2026-07-24 18:56:59,096 - sflow.task.server_5 - INFO - 2:
2026-07-24 18:56:59,096 - sflow.task.server_5 - INFO - Loading weights:  93%|█████████▎| 1350/1458 [01:01<00:04, 26.18it/s]
2026-07-24 18:56:59,197 - sflow.task.server_5 - INFO - 2:
2026-07-24 18:56:59,197 - sflow.task.server_5 - INFO - Loading weights:  93%|█████████▎| 1355/1458 [01:01<00:03, 28.85it/s]
2026-07-24 18:56:59,248 - sflow.task.server_5 - INFO - 4: [TensorRT-LLM][INFO] Number of tokens per block: 32.
2026-07-24 18:56:59,248 - sflow.task.server_5 - INFO - 4: [TensorRT-LLM][INFO] [MemUsageChange] Allocated 1.29 GiB for max tokens in paged KV cache (39488).
2026-07-24 18:56:59,248 - sflow.task.server_5 - INFO - 5: [TensorRT-LLM][INFO] Number of tokens per block: 32.
2026-07-24 18:56:59,248 - sflow.task.server_5 - INFO - 5: [TensorRT-LLM][INFO] [MemUsageChange] Allocated 1.29 GiB for max tokens in paged KV cache (39488).
2026-07-24 18:56:59,299 - sflow.task.server_5 - INFO - 2:
2026-07-24 18:56:59,299 - sflow.task.server_5 - INFO - Loading weights:  94%|█████████▎| 1364/1458 [01:01<00:02, 37.92it/s]
2026-07-24 18:56:59,299 - sflow.task.server_5 - INFO - 1:
2026-07-24 18:56:59,299 - sflow.task.server_5 - INFO - Loading weights:  93%|█████████▎| 1351/1458 [01:01<00:06, 17.30it/s]
2026-07-24 18:56:59,351 - sflow.task.server_5 - INFO - 3:
2026-07-24 18:56:59,351 - sflow.task.server_5 - INFO - Loading weights:  93%|█████████▎| 1353/1458 [01:01<00:03, 26.89it/s]
2026-07-24 18:56:59,402 - sflow.task.server_5 - INFO - 1:
2026-07-24 18:56:59,402 - sflow.task.server_5 - INFO - Loading weights:  93%|█████████▎| 1357/1458 [01:01<00:04, 21.77it/s]
2026-07-24 18:56:59,402 - sflow.task.server_5 - INFO - 2:
2026-07-24 18:56:59,402 - sflow.task.server_5 - INFO - Loading weights:  94%|█████████▍| 1371/1458 [01:01<00:02, 42.57it/s]
2026-07-24 18:56:59,453 - sflow.task.server_5 - INFO - 0:
2026-07-24 18:56:59,453 - sflow.task.server_5 - INFO - Loading weights:  93%|█████████▎| 1352/1458 [01:01<00:06, 16.23it/s]
2026-07-24 18:56:59,453 - sflow.task.server_5 - INFO - 3:
2026-07-24 18:56:59,453 - sflow.task.server_5 - INFO - Loading weights:  94%|█████████▎| 1364/1458 [01:01<00:02, 37.64it/s]
2026-07-24 18:56:59,505 - sflow.task.server_5 - INFO - 1:
2026-07-24 18:56:59,505 - sflow.task.server_5 - INFO - Loading weights:  94%|█████████▎| 1366/1458 [01:01<00:02, 30.71it/s]
2026-07-24 18:56:59,556 - sflow.task.server_5 - INFO - 0:
2026-07-24 18:56:59,556 - sflow.task.server_5 - INFO - Loading weights:  94%|█████████▎| 1364/1458 [01:01<00:03, 25.03it/s]
2026-07-24 18:56:59,606 - sflow.task.server_5 - INFO - 3:
2026-07-24 18:56:59,606 - sflow.task.server_5 - INFO - Loading weights:  94%|█████████▍| 1371/1458 [01:01<00:02, 41.81it/s]
2026-07-24 18:56:59,808 - sflow.task.server_5 - INFO - 1:
2026-07-24 18:56:59,808 - sflow.task.server_5 - INFO - Loading weights:  94%|█████████▍| 1374/1458 [01:01<00:02, 29.91it/s]
2026-07-24 18:56:59,859 - sflow.task.server_5 - INFO - 2:
2026-07-24 18:56:59,859 - sflow.task.server_5 - INFO - Loading weights:  94%|█████████▍| 1377/1458 [01:01<00:02, 27.09it/s]
2026-07-24 18:56:59,910 - sflow.task.server_5 - INFO - 1:
2026-07-24 18:56:59,910 - sflow.task.server_5 - INFO - Loading weights:  95%|█████████▍| 1381/1458 [01:02<00:02, 35.82it/s]
2026-07-24 18:56:59,910 - sflow.task.server_5 - INFO - 0:
2026-07-24 18:56:59,910 - sflow.task.server_5 - INFO - Loading weights:  94%|█████████▍| 1374/1458 [01:02<00:03, 26.61it/s]
2026-07-24 18:56:59,962 - sflow.task.server_5 - INFO - 2:
2026-07-24 18:56:59,962 - sflow.task.server_5 - INFO - Loading weights:  95%|█████████▌| 1387/1458 [01:02<00:01, 37.40it/s]
2026-07-24 18:57:00,013 - sflow.task.server_5 - INFO - 0:
2026-07-24 18:57:00,013 - sflow.task.server_5 - INFO - Loading weights:  95%|█████████▍| 1381/1458 [01:02<00:02, 31.01it/s]
2026-07-24 18:57:00,013 - sflow.task.server_5 - INFO - 1:
2026-07-24 18:57:00,013 - sflow.task.server_5 - INFO - Loading weights:  95%|█████████▌| 1390/1458 [01:02<00:01, 43.50it/s]
2026-07-24 18:57:00,114 - sflow.task.server_5 - INFO - 0:
2026-07-24 18:57:00,114 - sflow.task.server_5 - INFO - Loading weights:  95%|█████████▌| 1391/1458 [01:02<00:01, 39.95it/s]
2026-07-24 18:57:00,114 - sflow.task.server_5 - INFO - 2:
2026-07-24 18:57:00,114 - sflow.task.server_5 - INFO - Loading weights:  96%|█████████▌| 1394/1458 [01:02<00:01, 38.99it/s]
2026-07-24 18:57:00,165 - sflow.task.server_5 - INFO - 1:
2026-07-24 18:57:00,165 - sflow.task.server_5 - INFO - Loading weights:  96%|█████████▌| 1397/1458 [01:02<00:01, 45.31it/s]
2026-07-24 18:57:00,318 - sflow.task.server_5 - INFO - 3:
2026-07-24 18:57:00,318 - sflow.task.server_5 - INFO - Loading weights:  94%|█████████▍| 1377/1458 [01:02<00:03, 20.45it/s]
2026-07-24 18:57:00,471 - sflow.task.server_5 - INFO - 3:
2026-07-24 18:57:00,471 - sflow.task.server_5 - INFO - Loading weights:  95%|█████████▌| 1388/1458 [01:02<00:02, 29.17it/s]
2026-07-24 18:57:00,574 - sflow.task.server_5 - INFO - 3:
2026-07-24 18:57:00,574 - sflow.task.server_5 - INFO - Loading weights:  96%|█████████▌| 1395/1458 [01:02<00:01, 33.79it/s]
2026-07-24 18:57:00,879 - sflow.task.server_5 - INFO - 0:
2026-07-24 18:57:00,879 - sflow.task.server_5 - INFO - Loading weights:  96%|█████████▌| 1398/1458 [01:03<00:02, 21.44it/s]
2026-07-24 18:57:01,031 - sflow.task.server_5 - INFO - 0:
2026-07-24 18:57:01,031 - sflow.task.server_5 - INFO - Loading weights:  96%|█████████▌| 1403/1458 [01:03<00:02, 23.90it/s]
2026-07-24 18:57:01,031 - sflow.task.server_5 - INFO - 1:
2026-07-24 18:57:01,031 - sflow.task.server_5 - INFO - Loading weights:  96%|█████████▌| 1403/1458 [01:03<00:02, 18.75it/s]
2026-07-24 18:57:01,031 - sflow.task.server_5 - INFO - 2:
2026-07-24 18:57:01,031 - sflow.task.server_5 - INFO - Loading weights:  96%|█████████▌| 1400/1458 [01:03<00:03, 17.41it/s]
2026-07-24 18:57:01,133 - sflow.task.server_5 - INFO - 0:
2026-07-24 18:57:01,133 - sflow.task.server_5 - INFO - Loading weights:  97%|█████████▋| 1412/1458 [01:03<00:01, 31.21it/s]
2026-07-24 18:57:01,133 - sflow.task.server_5 - INFO - 1:
2026-07-24 18:57:01,133 - sflow.task.server_5 - INFO - Loading weights:  97%|█████████▋| 1412/1458 [01:03<00:01, 25.81it/s]
2026-07-24 18:57:01,133 - sflow.task.server_5 - INFO - 2:
2026-07-24 18:57:01,133 - sflow.task.server_5 - INFO - Loading weights:  97%|█████████▋| 1411/1458 [01:03<00:01, 26.13it/s]
2026-07-24 18:57:01,234 - sflow.task.server_5 - INFO - 0:
2026-07-24 18:57:01,234 - sflow.task.server_5 - INFO - Loading weights:  97%|█████████▋| 1418/1458 [01:03<00:01, 34.62it/s]
2026-07-24 18:57:01,234 - sflow.task.server_5 - INFO - 1:
2026-07-24 18:57:01,234 - sflow.task.server_5 - INFO - Loading weights:  97%|█████████▋| 1418/1458 [01:03<00:01, 29.56it/s]
2026-07-24 18:57:01,285 - sflow.task.server_5 - INFO - 2:
2026-07-24 18:57:01,285 - sflow.task.server_5 - INFO - Loading weights:  97%|█████████▋| 1418/1458 [01:03<00:01, 30.23it/s]
2026-07-24 18:57:01,489 - sflow.task.server_5 - INFO - 3:
2026-07-24 18:57:01,489 - sflow.task.server_5 - INFO - Loading weights:  96%|█████████▌| 1401/1458 [01:03<00:03, 16.88it/s]
2026-07-24 18:57:01,592 - sflow.task.server_5 - INFO - 2:
2026-07-24 18:57:01,592 - sflow.task.server_5 - INFO - Loading weights:  98%|█████████▊| 1424/1458 [01:03<00:01, 26.10it/s]
2026-07-24 18:57:01,592 - sflow.task.server_5 - INFO - 3:
2026-07-24 18:57:01,592 - sflow.task.server_5 - INFO - Loading weights:  97%|█████████▋| 1412/1458 [01:03<00:01, 24.50it/s]
2026-07-24 18:57:01,745 - sflow.task.server_5 - INFO - 2:
2026-07-24 18:57:01,745 - sflow.task.server_5 - INFO - Loading weights:  98%|█████████▊| 1435/1458 [01:03<00:00, 35.92it/s]
2026-07-24 18:57:01,745 - sflow.task.server_5 - INFO - 3:
2026-07-24 18:57:01,745 - sflow.task.server_5 - INFO - Loading weights:  97%|█████████▋| 1419/1458 [01:03<00:01, 28.97it/s]
2026-07-24 18:57:01,909 - sflow.task.server_5 - INFO - 2:
2026-07-24 18:57:01,909 - sflow.task.server_5 - INFO - Loading weights:  99%|█████████▉| 1441/1458 [01:04<00:00, 35.05it/s]
2026-07-24 18:57:01,909 - sflow.task.server_5 - INFO - 1:
2026-07-24 18:57:01,909 - sflow.task.server_5 - INFO - Loading weights:  98%|█████████▊| 1424/1458 [01:04<00:01, 18.37it/s]
2026-07-24 18:57:02,063 - sflow.task.server_5 - INFO - 1:
2026-07-24 18:57:02,063 - sflow.task.server_5 - INFO - Loading weights:  98%|█████████▊| 1436/1458 [01:04<00:00, 28.22it/s]
2026-07-24 18:57:02,063 - sflow.task.server_5 - INFO - 3:
2026-07-24 18:57:02,063 - sflow.task.server_5 - INFO - Loading weights:  98%|█████████▊| 1425/1458 [01:04<00:01, 25.39it/s]
2026-07-24 18:57:02,114 - sflow.task.server_5 - INFO - 0:
2026-07-24 18:57:02,114 - sflow.task.server_5 - INFO - Loading weights:  98%|█████████▊| 1424/1458 [01:04<00:02, 16.89it/s]
2026-07-24 18:57:02,165 - sflow.task.server_5 - INFO - 1:
2026-07-24 18:57:02,165 - sflow.task.server_5 - INFO - Loading weights:  99%|█████████▉| 1443/1458 [01:04<00:00, 33.08it/s]
2026-07-24 18:57:02,165 - sflow.task.server_5 - INFO - 3:
2026-07-24 18:57:02,165 - sflow.task.server_5 - INFO - Loading weights:  98%|█████████▊| 1435/1458 [01:04<00:00, 33.94it/s]
2026-07-24 18:57:02,217 - sflow.task.server_5 - INFO - 0:
2026-07-24 18:57:02,217 - sflow.task.server_5 - INFO - Loading weights:  98%|█████████▊| 1436/1458 [01:04<00:00, 26.38it/s]
2026-07-24 18:57:02,319 - sflow.task.server_5 - INFO - 3:
2026-07-24 18:57:02,319 - sflow.task.server_5 - INFO - Loading weights:  99%|█████████▉| 1441/1458 [01:04<00:00, 36.43it/s]
2026-07-24 18:57:02,778 - sflow.task.server_5 - INFO - 2:
2026-07-24 18:57:02,778 - sflow.task.server_5 - INFO - Loading weights:  99%|█████████▉| 1447/1458 [01:04<00:00, 17.19it/s]
2026-07-24 18:57:02,932 - sflow.task.server_5 - INFO - 2:
2026-07-24 18:57:02,932 - sflow.task.server_5 - INFO - Loading weights: 100%|█████████▉| 1451/1458 [01:05<00:00, 18.89it/s]
2026-07-24 18:57:02,983 - sflow.task.server_5 - INFO - 1:
2026-07-24 18:57:02,984 - sflow.task.server_5 - INFO - Loading weights:  99%|█████████▉| 1449/1458 [01:05<00:00, 17.59it/s]
2026-07-24 18:57:03,085 - sflow.task.server_5 - INFO - 0:
2026-07-24 18:57:03,085 - sflow.task.server_5 - INFO - Loading weights:  99%|█████████▉| 1446/1458 [01:05<00:00, 18.69it/s]
2026-07-24 18:57:03,136 - sflow.task.server_5 - INFO - 3:
2026-07-24 18:57:03,136 - sflow.task.server_5 - INFO - Loading weights:  99%|█████████▉| 1447/1458 [01:05<00:00, 18.27it/s]
2026-07-24 18:57:03,188 - sflow.task.server_5 - INFO - 0:
2026-07-24 18:57:03,188 - sflow.task.server_5 - INFO - Loading weights: 100%|█████████▉| 1453/1458 [01:05<00:00, 22.74it/s]
2026-07-24 18:57:03,239 - sflow.task.server_5 - INFO - 3:
2026-07-24 18:57:03,239 - sflow.task.server_5 - INFO - Loading weights: 100%|█████████▉| 1453/1458 [01:05<00:00, 21.94it/s]
2026-07-24 18:57:04,256 - sflow.task.server_5 - INFO - 0:
2026-07-24 18:57:04,256 - sflow.task.server_5 - INFO - Loading weights: 100%|██████████| 1458/1458 [01:06<00:00, 21.97it/s]
2026-07-24 18:57:04,256 - sflow.task.server_5 - INFO - 1:
2026-07-24 18:57:04,256 - sflow.task.server_5 - INFO - Loading weights: 100%|█████████▉| 1456/1458 [01:06<00:00, 10.86it/s]
2026-07-24 18:57:04,256 - sflow.task.server_5 - INFO - 1:
2026-07-24 18:57:04,256 - sflow.task.server_5 - INFO - Loading weights: 100%|██████████| 1458/1458 [01:06<00:00, 21.98it/s]
2026-07-24 18:57:04,256 - sflow.task.server_5 - INFO - 2:
2026-07-24 18:57:04,256 - sflow.task.server_5 - INFO - Loading weights: 100%|█████████▉| 1456/1458 [01:06<00:00,  9.33it/s]
2026-07-24 18:57:04,256 - sflow.task.server_5 - INFO - 2:
2026-07-24 18:57:04,256 - sflow.task.server_5 - INFO - Loading weights: 100%|██████████| 1458/1458 [01:06<00:00, 21.98it/s]
2026-07-24 18:57:04,256 - sflow.task.server_5 - INFO - 3:
2026-07-24 18:57:04,256 - sflow.task.server_5 - INFO - Loading weights: 100%|██████████| 1458/1458 [01:06<00:00, 12.07it/s]
2026-07-24 18:57:04,256 - sflow.task.server_5 - INFO - 3:
2026-07-24 18:57:04,256 - sflow.task.server_5 - INFO - Loading weights: 100%|██████████| 1458/1458 [01:06<00:00, 21.97it/s]
2026-07-24 18:57:04,869 - sflow.task.server_5 - INFO - 1: [TensorRT-LLM][INFO] Max KV cache blocks per sequence: 724 [window size=23141], tokens per block=32, primary blocks=1234, secondary blocks=0, max sequence length=23141
2026-07-24 18:57:05,021 - sflow.task.server_5 - INFO - 1: [TensorRT-LLM][INFO] Number of tokens per block: 32.
2026-07-24 18:57:05,021 - sflow.task.server_5 - INFO - 1: [TensorRT-LLM][INFO] [MemUsageChange] Allocated 1.29 GiB for max tokens in paged KV cache (39488).
2026-07-24 18:57:05,021 - sflow.task.server_5 - INFO - 0: Model init total -- 204.64s
2026-07-24 18:57:05,021 - sflow.task.server_5 - INFO - 0: [07/24/2026-18:57:04] [TRT-LLM] [RANK 0] [I] Using Sampler: TorchSampler
2026-07-24 18:57:05,021 - sflow.task.server_5 - INFO - 0: [07/24/2026-18:57:04] [TRT-LLM] [RANK 0] [I] [create_py_executor] Created execution_stream: <torch.cuda.Stream device=cuda:0 cuda_stream=0xf0e62198a640>
2026-07-24 18:57:05,021 - sflow.task.server_5 - INFO - 3: [TensorRT-LLM][INFO] Max KV cache blocks per sequence: 724 [window size=23141], tokens per block=32, primary blocks=1234, secondary blocks=0, max sequence length=23141
2026-07-24 18:57:05,021 - sflow.task.server_5 - INFO - 0: [07/24/2026-18:57:04] [TRT-LLM] [RANK 0] [I] [kv cache manager] Primary/secondary blocks for window sizes set to {23141: (1234, 0)} for estimation dry run
2026-07-24 18:57:05,021 - sflow.task.server_5 - INFO - 0: [07/24/2026-18:57:04] [TRT-LLM] [RANK 0] [I] Adjusted attention window size to 23141 in blocks_per_window
2026-07-24 18:57:05,021 - sflow.task.server_5 - INFO - 0: [07/24/2026-18:57:04] [TRT-LLM] [RANK 0] [I] [KVCacheManager] execution_stream: <torch.cuda.Stream device=cuda:0 cuda_stream=0xf0e62198a640>
2026-07-24 18:57:05,123 - sflow.task.server_5 - INFO - 0: [TensorRT-LLM][INFO] Max KV cache blocks per sequence: 724 [window size=23141], tokens per block=32, primary blocks=1234, secondary blocks=0, max sequence length=23141
2026-07-24 18:57:05,123 - sflow.task.server_5 - INFO - 3: [TensorRT-LLM][INFO] Number of tokens per block: 32.
2026-07-24 18:57:05,123 - sflow.task.server_5 - INFO - 3: [TensorRT-LLM][INFO] [MemUsageChange] Allocated 1.29 GiB for max tokens in paged KV cache (39488).
2026-07-24 18:57:05,225 - sflow.task.server_5 - INFO - 0: [TensorRT-LLM][INFO] Number of tokens per block: 32.
2026-07-24 18:57:05,225 - sflow.task.server_5 - INFO - 0: [TensorRT-LLM][INFO] [MemUsageChange] Allocated 1.29 GiB for max tokens in paged KV cache (39488).
2026-07-24 18:57:05,225 - sflow.task.server_5 - INFO - 0: [07/24/2026-18:57:05] [TRT-LLM] [RANK 0] [I] max_seq_len=23141, max_num_requests=512, max_num_tokens=3456, max_batch_size=512
2026-07-24 18:57:05,275 - sflow.task.server_5 - INFO - 2: [TensorRT-LLM][INFO] Max KV cache blocks per sequence: 724 [window size=23141], tokens per block=32, primary blocks=1234, secondary blocks=0, max sequence length=23141
2026-07-24 18:57:05,377 - sflow.task.server_5 - INFO - 2: [TensorRT-LLM][INFO] Number of tokens per block: 32.
2026-07-24 18:57:05,377 - sflow.task.server_5 - INFO - 2: [TensorRT-LLM][INFO] [MemUsageChange] Allocated 1.29 GiB for max tokens in paged KV cache (39488).
2026-07-24 18:57:05,377 - sflow.task.server_5 - INFO - 2: [TensorRT-LLM][INFO] CacheTransBufferManager: mMaxNumTokens:0, mRecvBufferCount:1, mSendBufferCount:1,mTransferBufferSize:536870912, mPreAllocBufferSize:1073741824,mOnlyUseDynamicBuffer:0 mUseFabricMemory:1 mDataType:6
2026-07-24 18:57:05,377 - sflow.task.server_5 - INFO - 3: [TensorRT-LLM][INFO] CacheTransBufferManager: mMaxNumTokens:0, mRecvBufferCount:1, mSendBufferCount:1,mTransferBufferSize:536870912, mPreAllocBufferSize:1073741824,mOnlyUseDynamicBuffer:0 mUseFabricMemory:1 mDataType:6
2026-07-24 18:57:05,377 - sflow.task.server_5 - INFO - 1: [TensorRT-LLM][INFO] CacheTransBufferManager: mMaxNumTokens:0, mRecvBufferCount:1, mSendBufferCount:1,mTransferBufferSize:536870912, mPreAllocBufferSize:1073741824,mOnlyUseDynamicBuffer:0 mUseFabricMemory:1 mDataType:6
2026-07-24 18:57:05,377 - sflow.task.server_5 - INFO - 6: [TensorRT-LLM][INFO] CacheTransBufferManager: mMaxNumTokens:0, mRecvBufferCount:1, mSendBufferCount:1,mTransferBufferSize:536870912, mPreAllocBufferSize:1073741824,mOnlyUseDynamicBuffer:0 mUseFabricMemory:1 mDataType:6
2026-07-24 18:57:05,377 - sflow.task.server_5 - INFO - 7: [TensorRT-LLM][INFO] CacheTransBufferManager: mMaxNumTokens:0, mRecvBufferCount:1, mSendBufferCount:1,mTransferBufferSize:536870912, mPreAllocBufferSize:1073741824,mOnlyUseDynamicBuffer:0 mUseFabricMemory:1 mDataType:6
2026-07-24 18:57:05,377 - sflow.task.server_5 - INFO - 5: [TensorRT-LLM][INFO] CacheTransBufferManager: mMaxNumTokens:0, mRecvBufferCount:1, mSendBufferCount:1,mTransferBufferSize:536870912, mPreAllocBufferSize:1073741824,mOnlyUseDynamicBuffer:0 mUseFabricMemory:1 mDataType:6
2026-07-24 18:57:05,377 - sflow.task.server_5 - INFO - 4: [TensorRT-LLM][INFO] CacheTransBufferManager: mMaxNumTokens:0, mRecvBufferCount:1, mSendBufferCount:1,mTransferBufferSize:536870912, mPreAllocBufferSize:1073741824,mOnlyUseDynamicBuffer:0 mUseFabricMemory:1 mDataType:6
2026-07-24 18:57:05,531 - sflow.task.server_5 - INFO - 0: [TensorRT-LLM][INFO] CacheTransBufferManager: mMaxNumTokens:0, mRecvBufferCount:1, mSendBufferCount:1,mTransferBufferSize:536870912, mPreAllocBufferSize:1073741824,mOnlyUseDynamicBuffer:0 mUseFabricMemory:1 mDataType:6
2026-07-24 18:57:05,735 - sflow.task.server_5 - INFO - 6: [TensorRT-LLM][INFO] dlopen: libtensorrt_llm_nixl_wrapper.so
2026-07-24 18:57:05,735 - sflow.task.server_5 - INFO - 7: [TensorRT-LLM][INFO] dlopen: libtensorrt_llm_nixl_wrapper.so
2026-07-24 18:57:05,735 - sflow.task.server_5 - INFO - 5: [TensorRT-LLM][INFO] dlopen: libtensorrt_llm_nixl_wrapper.so
2026-07-24 18:57:05,735 - sflow.task.server_5 - INFO - 4: [TensorRT-LLM][INFO] dlopen: libtensorrt_llm_nixl_wrapper.so
2026-07-24 18:57:05,735 - sflow.task.server_5 - INFO - 7: [TensorRT-LLM][INFO] NixlTransferAgent::NixlTransferAgent using NIXL backend: UCX
2026-07-24 18:57:05,735 - sflow.task.server_5 - INFO - 6: [TensorRT-LLM][INFO] NixlTransferAgent::NixlTransferAgent using NIXL backend: UCX
2026-07-24 18:57:05,735 - sflow.task.server_5 - INFO - 5: [TensorRT-LLM][INFO] NixlTransferAgent::NixlTransferAgent using NIXL backend: UCX
2026-07-24 18:57:05,735 - sflow.task.server_5 - INFO - 4: [TensorRT-LLM][INFO] NixlTransferAgent::NixlTransferAgent using NIXL backend: UCX
2026-07-24 18:57:05,735 - sflow.task.server_5 - INFO - 2: [TensorRT-LLM][INFO] dlopen: libtensorrt_llm_nixl_wrapper.so
2026-07-24 18:57:05,735 - sflow.task.server_5 - INFO - 1: [TensorRT-LLM][INFO] dlopen: libtensorrt_llm_nixl_wrapper.so
2026-07-24 18:57:05,735 - sflow.task.server_5 - INFO - 3: [TensorRT-LLM][INFO] dlopen: libtensorrt_llm_nixl_wrapper.so
2026-07-24 18:57:05,735 - sflow.task.server_5 - INFO - 0: [TensorRT-LLM][INFO] dlopen: libtensorrt_llm_nixl_wrapper.so
2026-07-24 18:57:05,735 - sflow.task.server_5 - INFO - 2: [TensorRT-LLM][INFO] NixlTransferAgent::NixlTransferAgent using NIXL backend: UCX
2026-07-24 18:57:05,736 - sflow.task.server_5 - INFO - 3: [TensorRT-LLM][INFO] NixlTransferAgent::NixlTransferAgent using NIXL backend: UCX
2026-07-24 18:57:05,736 - sflow.task.server_5 - INFO - 1: [TensorRT-LLM][INFO] NixlTransferAgent::NixlTransferAgent using NIXL backend: UCX
2026-07-24 18:57:05,736 - sflow.task.server_5 - INFO - 0: [TensorRT-LLM][INFO] NixlTransferAgent::NixlTransferAgent using NIXL backend: UCX
2026-07-24 18:57:06,093 - sflow.task.server_5 - INFO - 7: [TensorRT-LLM][INFO] NixlTransferAgent::NixlTransferAgent mAddress: 10.128.0.44:37517
2026-07-24 18:57:06,093 - sflow.task.server_5 - INFO - 6: [TensorRT-LLM][INFO] NixlTransferAgent::NixlTransferAgent mAddress: 10.128.0.44:39653
2026-07-24 18:57:06,093 - sflow.task.server_5 - INFO - 2: [TensorRT-LLM][INFO] NixlTransferAgent::NixlTransferAgent mAddress: 10.128.0.42:35079
2026-07-24 18:57:06,093 - sflow.task.server_5 - INFO - 3: [TensorRT-LLM][INFO] NixlTransferAgent::NixlTransferAgent mAddress: 10.128.0.42:55291
2026-07-24 18:57:06,093 - sflow.task.server_5 - INFO - 4: [TensorRT-LLM][INFO] NixlTransferAgent::NixlTransferAgent mAddress: 10.128.0.44:39273
2026-07-24 18:57:06,093 - sflow.task.server_5 - INFO - 5: [TensorRT-LLM][INFO] NixlTransferAgent::NixlTransferAgent mAddress: 10.128.0.44:48619
2026-07-24 18:57:06,093 - sflow.task.server_5 - INFO - 0: [TensorRT-LLM][INFO] NixlTransferAgent::NixlTransferAgent mAddress: 10.128.0.42:59215
2026-07-24 18:57:06,093 - sflow.task.server_5 - INFO - 1: [TensorRT-LLM][INFO] NixlTransferAgent::NixlTransferAgent mAddress: 10.128.0.42:45053
2026-07-24 18:57:06,144 - sflow.task.server_5 - INFO - 4: [TensorRT-LLM][INFO] NIXL Connection Manager created
2026-07-24 18:57:06,144 - sflow.task.server_5 - INFO - 0: [TensorRT-LLM][INFO] NIXL Connection Manager created
2026-07-24 18:57:06,144 - sflow.task.server_5 - INFO - 5: [TensorRT-LLM][INFO] NIXL Connection Manager created
2026-07-24 18:57:06,144 - sflow.task.server_5 - INFO - 1: [TensorRT-LLM][INFO] NIXL Connection Manager created
2026-07-24 18:57:06,144 - sflow.task.server_5 - INFO - 6: [TensorRT-LLM][INFO] NIXL Connection Manager created
2026-07-24 18:57:06,144 - sflow.task.server_5 - INFO - 2: [TensorRT-LLM][INFO] NIXL Connection Manager created
2026-07-24 18:57:06,144 - sflow.task.server_5 - INFO - 7: [TensorRT-LLM][INFO] NIXL Connection Manager created
2026-07-24 18:57:06,144 - sflow.task.server_5 - INFO - 3: [TensorRT-LLM][INFO] NIXL Connection Manager created
2026-07-24 18:57:06,144 - sflow.task.server_5 - INFO - 0: [07/24/2026-18:57:06] [TRT-LLM] [RANK 0] [I] [PyExecutor] execution_stream initialized: <torch.cuda.Stream device=cuda:0 cuda_stream=0xf0e62198a640>.
2026-07-24 18:57:06,144 - sflow.task.server_5 - INFO - 0: [07/24/2026-18:57:06] [TRT-LLM] [RANK 0] [I] Running autotuner warmup...
2026-07-24 18:57:06,144 - sflow.task.server_5 - INFO - 0: [07/24/2026-18:57:06] [TRT-LLM] [RANK 0] [I] [Autotuner] Autotuning process starts ...
2026-07-24 18:57:06,195 - sflow.task.server_5 - INFO - 2: Model init total -- 204.78s
2026-07-24 18:57:06,195 - sflow.task.server_5 - INFO - 3: Model init total -- 204.62s
2026-07-24 18:57:06,195 - sflow.task.server_5 - INFO - 6: Model init total -- 198.52s
2026-07-24 18:57:06,195 - sflow.task.server_5 - INFO - 7: Model init total -- 198.00s
2026-07-24 18:57:06,195 - sflow.task.server_5 - INFO - 4: Model init total -- 198.24s
2026-07-24 18:57:06,195 - sflow.task.server_5 - INFO - 5: Model init total -- 198.18s
2026-07-24 18:57:06,195 - sflow.task.server_5 - INFO - 1: Model init total -- 204.56s
2026-07-24 18:57:22,257 - sflow.task.server_5 - INFO - 4: [TensorRT-LLM][WARNING] Attention workspace size is not enough, increase the size from 0 bytes to 769755136 bytes
2026-07-24 18:57:22,258 - sflow.task.server_5 - INFO - 5: [TensorRT-LLM][WARNING] Attention workspace size is not enough, increase the size from 0 bytes to 769755136 bytes
2026-07-24 18:57:22,511 - sflow.task.server_5 - INFO - 6: [TensorRT-LLM][WARNING] Attention workspace size is not enough, increase the size from 0 bytes to 769755136 bytes
2026-07-24 18:57:22,612 - sflow.task.server_5 - INFO - 1: [TensorRT-LLM][WARNING] Attention workspace size is not enough, increase the size from 0 bytes to 769755136 bytes
2026-07-24 18:57:22,663 - sflow.task.server_5 - INFO - 0: [TensorRT-LLM][WARNING] Attention workspace size is not enough, increase the size from 0 bytes to 769755136 bytes
2026-07-24 18:57:22,865 - sflow.task.server_5 - INFO - 3: [TensorRT-LLM][WARNING] Attention workspace size is not enough, increase the size from 0 bytes to 769755136 bytes
2026-07-24 18:57:22,966 - sflow.task.server_5 - INFO - 2: [TensorRT-LLM][WARNING] Attention workspace size is not enough, increase the size from 0 bytes to 769755136 bytes
2026-07-24 18:57:23,118 - sflow.task.server_5 - INFO - 7: [TensorRT-LLM][WARNING] Attention workspace size is not enough, increase the size from 0 bytes to 769755136 bytes
2026-07-24 18:58:03,171 - sflow.task.server_5 - INFO - 0: [07/24/2026-18:58:03] [TRT-LLM] [RANK 0] [I] [Autotuner] Autotuning process ends
2026-07-24 18:58:03,171 - sflow.task.server_5 - INFO - 0: [07/24/2026-18:58:03] [TRT-LLM] [RANK 0] [I] [Autotuner] Cache size after warmup is 131
2026-07-24 18:58:03,171 - sflow.task.server_5 - INFO - 0: [07/24/2026-18:58:03] [TRT-LLM] [RANK 0] [I] Creating CUDA graph instances for 11 batch sizes.
2026-07-24 18:58:03,171 - sflow.task.server_5 - INFO - 0: [07/24/2026-18:58:03] [TRT-LLM] [RANK 0] [I] Run generation-only CUDA graph warmup for batch size=512, draft_len=0, max_seq_len=23140
2026-07-24 18:58:03,171 - sflow.task.server_5 - INFO - 2: [TensorRT-LLM][WARNING] Attention workspace size is not enough, increase the size from 0 bytes to 167848960 bytes
2026-07-24 18:58:03,171 - sflow.task.server_5 - INFO - 3: [TensorRT-LLM][WARNING] Attention workspace size is not enough, increase the size from 0 bytes to 167848960 bytes
2026-07-24 18:58:03,171 - sflow.task.server_5 - INFO - 4: [TensorRT-LLM][WARNING] Attention workspace size is not enough, increase the size from 0 bytes to 167848960 bytes
2026-07-24 18:58:03,171 - sflow.task.server_5 - INFO - 6: [TensorRT-LLM][WARNING] Attention workspace size is not enough, increase the size from 0 bytes to 167848960 bytes
2026-07-24 18:58:03,171 - sflow.task.server_5 - INFO - 5: [TensorRT-LLM][WARNING] Attention workspace size is not enough, increase the size from 0 bytes to 167848960 bytes
2026-07-24 18:58:03,171 - sflow.task.server_5 - INFO - 1: [TensorRT-LLM][WARNING] Attention workspace size is not enough, increase the size from 0 bytes to 167848960 bytes
2026-07-24 18:58:03,171 - sflow.task.server_5 - INFO - 7: [TensorRT-LLM][WARNING] Attention workspace size is not enough, increase the size from 0 bytes to 167848960 bytes
2026-07-24 18:58:03,171 - sflow.task.server_5 - INFO - 0: [TensorRT-LLM][WARNING] Attention workspace size is not enough, increase the size from 0 bytes to 167848960 bytes
2026-07-24 18:58:04,132 - sflow.task.server_5 - INFO - 0: [07/24/2026-18:58:04] [TRT-LLM] [RANK 0] [I] Run generation-only CUDA graph warmup for batch size=384, draft_len=0, max_seq_len=23140
2026-07-24 18:58:04,738 - sflow.task.server_5 - INFO - 0: [07/24/2026-18:58:04] [TRT-LLM] [RANK 0] [I] Run generation-only CUDA graph warmup for batch size=256, draft_len=0, max_seq_len=23140
2026-07-24 18:58:05,345 - sflow.task.server_5 - INFO - 0: [07/24/2026-18:58:05] [TRT-LLM] [RANK 0] [I] Run generation-only CUDA graph warmup for batch size=128, draft_len=0, max_seq_len=23140
2026-07-24 18:58:05,902 - sflow.task.server_5 - INFO - 0: [07/24/2026-18:58:05] [TRT-LLM] [RANK 0] [I] Run generation-only CUDA graph warmup for batch size=64, draft_len=0, max_seq_len=23140
2026-07-24 18:58:06,408 - sflow.task.server_5 - INFO - 0: [07/24/2026-18:58:06] [TRT-LLM] [RANK 0] [I] Run generation-only CUDA graph warmup for batch size=32, draft_len=0, max_seq_len=23140
2026-07-24 18:58:06,964 - sflow.task.server_5 - INFO - 0: [07/24/2026-18:58:06] [TRT-LLM] [RANK 0] [I] Run generation-only CUDA graph warmup for batch size=16, draft_len=0, max_seq_len=23140
2026-07-24 18:58:07,469 - sflow.task.server_5 - INFO - 0: [07/24/2026-18:58:07] [TRT-LLM] [RANK 0] [I] Run generation-only CUDA graph warmup for batch size=8, draft_len=0, max_seq_len=23140
2026-07-24 18:58:07,975 - sflow.task.server_5 - INFO - 0: [07/24/2026-18:58:07] [TRT-LLM] [RANK 0] [I] Run generation-only CUDA graph warmup for batch size=4, draft_len=0, max_seq_len=23140
2026-07-24 18:58:08,481 - sflow.task.server_5 - INFO - 0: [07/24/2026-18:58:08] [TRT-LLM] [RANK 0] [I] Run generation-only CUDA graph warmup for batch size=2, draft_len=0, max_seq_len=23140
2026-07-24 18:58:08,936 - sflow.task.server_5 - INFO - 0: [07/24/2026-18:58:08] [TRT-LLM] [RANK 0] [I] Run generation-only CUDA graph warmup for batch size=1, draft_len=0, max_seq_len=23140
2026-07-24 18:58:09,443 - sflow.task.server_5 - INFO - 0: [07/24/2026-18:58:09] [TRT-LLM] [RANK 0] [I] global_steady_clock_offset at each rank: [0.0, 7.30000901967287e-05, 7.100007496774197e-05, 7.30000901967287e-05, -18.26949799992144, -18.269467999925837, -18.269466999918222, -18.26946199988015]
2026-07-24 18:58:09,443 - sflow.task.server_5 - INFO - 0: [07/24/2026-18:58:09] [TRT-LLM] [RANK 0] [I] Setting global_steady_clock_offset: 0.0 seconds for rank 0
2026-07-24 18:58:09,443 - sflow.task.server_5 - INFO - 0: [07/24/2026-18:58:09] [TRT-LLM] [RANK 0] [I] Memory used after loading model weights (inside torch) in memory usage profiling: 62.11 GiB
2026-07-24 18:58:09,443 - sflow.task.server_5 - INFO - 0: [07/24/2026-18:58:09] [TRT-LLM] [RANK 0] [I] Memory used after loading model weights (outside torch) in memory usage profiling: 5.88 GiB
2026-07-24 18:58:10,050 - sflow.task.server_5 - INFO - 3: [TensorRT-LLM][WARNING] [kv cache manager] storeContextBlocks: Can not find sequence for request 515
2026-07-24 18:58:10,050 - sflow.task.server_5 - INFO - 1: [TensorRT-LLM][WARNING] [kv cache manager] storeContextBlocks: Can not find sequence for request 513
2026-07-24 18:58:10,050 - sflow.task.server_5 - INFO - 5: [TensorRT-LLM][WARNING] [kv cache manager] storeContextBlocks: Can not find sequence for request 517
2026-07-24 18:58:10,050 - sflow.task.server_5 - INFO - 7: [TensorRT-LLM][WARNING] [kv cache manager] storeContextBlocks: Can not find sequence for request 519
2026-07-24 18:58:10,050 - sflow.task.server_5 - INFO - 2: [TensorRT-LLM][WARNING] [kv cache manager] storeContextBlocks: Can not find sequence for request 514
2026-07-24 18:58:10,050 - sflow.task.server_5 - INFO - 6: [TensorRT-LLM][WARNING] [kv cache manager] storeContextBlocks: Can not find sequence for request 518
2026-07-24 18:58:10,050 - sflow.task.server_5 - INFO - 4: [TensorRT-LLM][WARNING] [kv cache manager] storeContextBlocks: Can not find sequence for request 516
2026-07-24 18:58:10,050 - sflow.task.server_5 - INFO - 0: [TensorRT-LLM][WARNING] [kv cache manager] storeContextBlocks: Can not find sequence for request 512
2026-07-24 18:58:10,050 - sflow.task.server_5 - INFO - 0: [07/24/2026-18:58:10] [TRT-LLM] [RANK 0] [I] Memory dynamically allocated during inference (inside torch) in memory usage profiling: 0.79 GiB
2026-07-24 18:58:10,050 - sflow.task.server_5 - INFO - 0: [07/24/2026-18:58:10] [TRT-LLM] [RANK 0] [I] Memory used outside torch (e.g., NCCL and CUDA graphs) in memory usage profiling: 6.00 GiB
2026-07-24 18:58:10,050 - sflow.task.server_5 - INFO - 0: [07/24/2026-18:58:10] [TRT-LLM] [RANK 0] [I] Peak memory during memory usage profiling (torch + non-torch): 68.89 GiB, available KV cache memory when calculating max tokens: 104.76 GiB, fraction is set 0.9, kv size is 35136. device total memory 184.00 GiB, , tmp kv_mem 1.29 GiB
2026-07-24 18:58:10,050 - sflow.task.server_5 - INFO - 0: [07/24/2026-18:58:10] [TRT-LLM] [RANK 0] [I] Estimated max memory in KV cache : 104.76 GiB
2026-07-24 18:58:10,050 - sflow.task.server_5 - INFO - 0: [07/24/2026-18:58:10] [TRT-LLM] [RANK 0] [W] Both free_gpu_memory_fraction and max_tokens are set (to 0.9 and 3201538 with free memory 117.21270751953125GiB of total memory 184.0GiB, respectively). The smaller value will be used.
2026-07-24 18:58:10,050 - sflow.task.server_5 - INFO - 0: [07/24/2026-18:58:10] [TRT-LLM] [RANK 0] [I] Adjusted attention window size to 23141 in blocks_per_window
2026-07-24 18:58:10,050 - sflow.task.server_5 - INFO - 0: [07/24/2026-18:58:10] [TRT-LLM] [RANK 0] [I] [KVCacheManager] execution_stream: <torch.cuda.Stream device=cuda:0 cuda_stream=0xf0e62198a640>
2026-07-24 18:58:10,050 - sflow.task.server_5 - INFO - 3: [TensorRT-LLM][INFO] Max KV cache blocks per sequence: 724 [window size=23141], tokens per block=32, primary blocks=100048, secondary blocks=0, max sequence length=23141
2026-07-24 18:58:10,050 - sflow.task.server_5 - INFO - 2: [TensorRT-LLM][INFO] Max KV cache blocks per sequence: 724 [window size=23141], tokens per block=32, primary blocks=100048, secondary blocks=0, max sequence length=23141
2026-07-24 18:58:10,050 - sflow.task.server_5 - INFO - 6: [TensorRT-LLM][INFO] Max KV cache blocks per sequence: 724 [window size=23141], tokens per block=32, primary blocks=100048, secondary blocks=0, max sequence length=23141
2026-07-24 18:58:10,050 - sflow.task.server_5 - INFO - 7: [TensorRT-LLM][INFO] Max KV cache blocks per sequence: 724 [window size=23141], tokens per block=32, primary blocks=100048, secondary blocks=0, max sequence length=23141
2026-07-24 18:58:10,050 - sflow.task.server_5 - INFO - 1: [TensorRT-LLM][INFO] Max KV cache blocks per sequence: 724 [window size=23141], tokens per block=32, primary blocks=100048, secondary blocks=0, max sequence length=23141
2026-07-24 18:58:10,050 - sflow.task.server_5 - INFO - 5: [TensorRT-LLM][INFO] Max KV cache blocks per sequence: 724 [window size=23141], tokens per block=32, primary blocks=100048, secondary blocks=0, max sequence length=23141
2026-07-24 18:58:10,050 - sflow.task.server_5 - INFO - 4: [TensorRT-LLM][INFO] Max KV cache blocks per sequence: 724 [window size=23141], tokens per block=32, primary blocks=100048, secondary blocks=0, max sequence length=23141
2026-07-24 18:58:10,101 - sflow.task.server_5 - INFO - 0: [TensorRT-LLM][INFO] Max KV cache blocks per sequence: 724 [window size=23141], tokens per block=32, primary blocks=100048, secondary blocks=0, max sequence length=23141
2026-07-24 18:58:46,420 - sflow.task.server_5 - INFO - 3: [TensorRT-LLM][INFO] Number of tokens per block: 32.
2026-07-24 18:58:46,420 - sflow.task.server_5 - INFO - 3: [TensorRT-LLM][INFO] [MemUsageChange] Allocated 104.76 GiB for max tokens in paged KV cache (3201536).
2026-07-24 18:58:46,420 - sflow.task.server_5 - INFO - 2: [TensorRT-LLM][INFO] Number of tokens per block: 32.
2026-07-24 18:58:46,420 - sflow.task.server_5 - INFO - 2: [TensorRT-LLM][INFO] [MemUsageChange] Allocated 104.76 GiB for max tokens in paged KV cache (3201536).
2026-07-24 18:58:46,420 - sflow.task.server_5 - INFO - 0: [TensorRT-LLM][INFO] Number of tokens per block: 32.
2026-07-24 18:58:46,420 - sflow.task.server_5 - INFO - 1: [TensorRT-LLM][INFO] Number of tokens per block: 32.
2026-07-24 18:58:46,420 - sflow.task.server_5 - INFO - 0: [TensorRT-LLM][INFO] [MemUsageChange] Allocated 104.76 GiB for max tokens in paged KV cache (3201536).
2026-07-24 18:58:46,420 - sflow.task.server_5 - INFO - 1: [TensorRT-LLM][INFO] [MemUsageChange] Allocated 104.76 GiB for max tokens in paged KV cache (3201536).
2026-07-24 18:58:46,623 - sflow.task.server_5 - INFO - 6: [TensorRT-LLM][INFO] Number of tokens per block: 32.
2026-07-24 18:58:46,623 - sflow.task.server_5 - INFO - 6: [TensorRT-LLM][INFO] [MemUsageChange] Allocated 104.76 GiB for max tokens in paged KV cache (3201536).
2026-07-24 18:58:46,623 - sflow.task.server_5 - INFO - 5: [TensorRT-LLM][INFO] Number of tokens per block: 32.
2026-07-24 18:58:46,623 - sflow.task.server_5 - INFO - 5: [TensorRT-LLM][INFO] [MemUsageChange] Allocated 104.76 GiB for max tokens in paged KV cache (3201536).
2026-07-24 18:58:46,623 - sflow.task.server_5 - INFO - 7: [TensorRT-LLM][INFO] Number of tokens per block: 32.
2026-07-24 18:58:46,623 - sflow.task.server_5 - INFO - 7: [TensorRT-LLM][INFO] [MemUsageChange] Allocated 104.76 GiB for max tokens in paged KV cache (3201536).
2026-07-24 18:58:46,623 - sflow.task.server_5 - INFO - 4: [TensorRT-LLM][INFO] Number of tokens per block: 32.
2026-07-24 18:58:46,623 - sflow.task.server_5 - INFO - 4: [TensorRT-LLM][INFO] [MemUsageChange] Allocated 104.76 GiB for max tokens in paged KV cache (3201536).
2026-07-24 18:58:47,229 - sflow.task.server_5 - INFO - 0: [07/24/2026-18:58:47] [TRT-LLM] [RANK 0] [I] max_seq_len=23141, max_num_requests=512, max_num_tokens=3456, max_batch_size=512
2026-07-24 18:58:47,331 - sflow.task.server_5 - INFO - 0: [TensorRT-LLM][INFO] CacheTransBufferManager: mMaxNumTokens:0, mRecvBufferCount:1, mSendBufferCount:1,mTransferBufferSize:536870912, mPreAllocBufferSize:1073741824,mOnlyUseDynamicBuffer:0 mUseFabricMemory:1 mDataType:6
2026-07-24 18:58:47,331 - sflow.task.server_5 - INFO - 2: [TensorRT-LLM][INFO] CacheTransBufferManager: mMaxNumTokens:0, mRecvBufferCount:1, mSendBufferCount:1,mTransferBufferSize:536870912, mPreAllocBufferSize:1073741824,mOnlyUseDynamicBuffer:0 mUseFabricMemory:1 mDataType:6
2026-07-24 18:58:47,331 - sflow.task.server_5 - INFO - 3: [TensorRT-LLM][INFO] CacheTransBufferManager: mMaxNumTokens:0, mRecvBufferCount:1, mSendBufferCount:1,mTransferBufferSize:536870912, mPreAllocBufferSize:1073741824,mOnlyUseDynamicBuffer:0 mUseFabricMemory:1 mDataType:6
2026-07-24 18:58:47,331 - sflow.task.server_5 - INFO - 6: [TensorRT-LLM][INFO] CacheTransBufferManager: mMaxNumTokens:0, mRecvBufferCount:1, mSendBufferCount:1,mTransferBufferSize:536870912, mPreAllocBufferSize:1073741824,mOnlyUseDynamicBuffer:0 mUseFabricMemory:1 mDataType:6
2026-07-24 18:58:47,331 - sflow.task.server_5 - INFO - 1: [TensorRT-LLM][INFO] CacheTransBufferManager: mMaxNumTokens:0, mRecvBufferCount:1, mSendBufferCount:1,mTransferBufferSize:536870912, mPreAllocBufferSize:1073741824,mOnlyUseDynamicBuffer:0 mUseFabricMemory:1 mDataType:6
2026-07-24 18:58:47,331 - sflow.task.server_5 - INFO - 7: [TensorRT-LLM][INFO] CacheTransBufferManager: mMaxNumTokens:0, mRecvBufferCount:1, mSendBufferCount:1,mTransferBufferSize:536870912, mPreAllocBufferSize:1073741824,mOnlyUseDynamicBuffer:0 mUseFabricMemory:1 mDataType:6
2026-07-24 18:58:47,331 - sflow.task.server_5 - INFO - 4: [TensorRT-LLM][INFO] CacheTransBufferManager: mMaxNumTokens:0, mRecvBufferCount:1, mSendBufferCount:1,mTransferBufferSize:536870912, mPreAllocBufferSize:1073741824,mOnlyUseDynamicBuffer:0 mUseFabricMemory:1 mDataType:6
2026-07-24 18:58:47,331 - sflow.task.server_5 - INFO - 5: [TensorRT-LLM][INFO] CacheTransBufferManager: mMaxNumTokens:0, mRecvBufferCount:1, mSendBufferCount:1,mTransferBufferSize:536870912, mPreAllocBufferSize:1073741824,mOnlyUseDynamicBuffer:0 mUseFabricMemory:1 mDataType:6
2026-07-24 18:58:47,634 - sflow.task.server_5 - INFO - 2: [TensorRT-LLM][INFO] NixlTransferAgent::NixlTransferAgent using NIXL backend: UCX
2026-07-24 18:58:47,634 - sflow.task.server_5 - INFO - 3: [TensorRT-LLM][INFO] NixlTransferAgent::NixlTransferAgent using NIXL backend: UCX
2026-07-24 18:58:47,684 - sflow.task.server_5 - INFO - 1: [TensorRT-LLM][INFO] NixlTransferAgent::NixlTransferAgent using NIXL backend: UCX
2026-07-24 18:58:47,685 - sflow.task.server_5 - INFO - 0: [TensorRT-LLM][INFO] NixlTransferAgent::NixlTransferAgent using NIXL backend: UCX
2026-07-24 18:58:47,685 - sflow.task.server_5 - INFO - 6: [TensorRT-LLM][INFO] NixlTransferAgent::NixlTransferAgent using NIXL backend: UCX
2026-07-24 18:58:47,685 - sflow.task.server_5 - INFO - 5: [TensorRT-LLM][INFO] NixlTransferAgent::NixlTransferAgent using NIXL backend: UCX
2026-07-24 18:58:47,685 - sflow.task.server_5 - INFO - 4: [TensorRT-LLM][INFO] NixlTransferAgent::NixlTransferAgent using NIXL backend: UCX
2026-07-24 18:58:47,685 - sflow.task.server_5 - INFO - 7: [TensorRT-LLM][INFO] NixlTransferAgent::NixlTransferAgent using NIXL backend: UCX
2026-07-24 18:58:47,937 - sflow.task.server_5 - INFO - 3: [TensorRT-LLM][INFO] NixlTransferAgent::NixlTransferAgent mAddress: 10.128.0.42:40745
2026-07-24 18:58:47,937 - sflow.task.server_5 - INFO - 2: [TensorRT-LLM][INFO] NixlTransferAgent::NixlTransferAgent mAddress: 10.128.0.42:49317
2026-07-24 18:58:47,937 - sflow.task.server_5 - INFO - 0: [TensorRT-LLM][INFO] NixlTransferAgent::NixlTransferAgent mAddress: 10.128.0.42:33895
2026-07-24 18:58:47,937 - sflow.task.server_5 - INFO - 1: [TensorRT-LLM][INFO] NixlTransferAgent::NixlTransferAgent mAddress: 10.128.0.42:58533
2026-07-24 18:58:48,039 - sflow.task.server_5 - INFO - 6: [TensorRT-LLM][INFO] NixlTransferAgent::NixlTransferAgent mAddress: 10.128.0.44:43403
2026-07-24 18:58:48,039 - sflow.task.server_5 - INFO - 7: [TensorRT-LLM][INFO] NixlTransferAgent::NixlTransferAgent mAddress: 10.128.0.44:39095
2026-07-24 18:58:48,039 - sflow.task.server_5 - INFO - 5: [TensorRT-LLM][INFO] NixlTransferAgent::NixlTransferAgent mAddress: 10.128.0.44:42733
2026-07-24 18:58:48,039 - sflow.task.server_5 - INFO - 4: [TensorRT-LLM][INFO] NixlTransferAgent::NixlTransferAgent mAddress: 10.128.0.44:56193
2026-07-24 18:58:48,089 - sflow.task.server_5 - INFO - 4: [TensorRT-LLM][INFO] NIXL Connection Manager created
2026-07-24 18:58:48,090 - sflow.task.server_5 - INFO - 0: [TensorRT-LLM][INFO] NIXL Connection Manager created
2026-07-24 18:58:48,090 - sflow.task.server_5 - INFO - 5: [TensorRT-LLM][INFO] NIXL Connection Manager created
2026-07-24 18:58:48,090 - sflow.task.server_5 - INFO - 1: [TensorRT-LLM][INFO] NIXL Connection Manager created
2026-07-24 18:58:48,090 - sflow.task.server_5 - INFO - 6: [TensorRT-LLM][INFO] NIXL Connection Manager created
2026-07-24 18:58:48,090 - sflow.task.server_5 - INFO - 2: [TensorRT-LLM][INFO] NIXL Connection Manager created
2026-07-24 18:58:48,090 - sflow.task.server_5 - INFO - 7: [TensorRT-LLM][INFO] NIXL Connection Manager created
2026-07-24 18:58:48,090 - sflow.task.server_5 - INFO - 3: [TensorRT-LLM][INFO] NIXL Connection Manager created
2026-07-24 18:58:48,090 - sflow.task.server_5 - INFO - 0: [07/24/2026-18:58:48] [TRT-LLM] [RANK 0] [I] [PyExecutor] execution_stream initialized: <torch.cuda.Stream device=cuda:0 cuda_stream=0xf0e62198a640>.
2026-07-24 18:58:48,090 - sflow.task.server_5 - INFO - 0: [07/24/2026-18:58:48] [TRT-LLM] [RANK 0] [I] Running autotuner warmup...
2026-07-24 18:58:48,090 - sflow.task.server_5 - INFO - 0: [07/24/2026-18:58:48] [TRT-LLM] [RANK 0] [I] [Autotuner] Autotuning process starts ...
2026-07-24 18:58:48,090 - sflow.task.server_5 - INFO - 2: [TensorRT-LLM][WARNING] Attention workspace size is not enough, increase the size from 0 bytes to 769755136 bytes
2026-07-24 18:58:48,090 - sflow.task.server_5 - INFO - 3: [TensorRT-LLM][WARNING] Attention workspace size is not enough, increase the size from 0 bytes to 769755136 bytes
2026-07-24 18:58:48,090 - sflow.task.server_5 - INFO - 6: [TensorRT-LLM][WARNING] Attention workspace size is not enough, increase the size from 0 bytes to 769755136 bytes
2026-07-24 18:58:48,090 - sflow.task.server_5 - INFO - 7: [TensorRT-LLM][WARNING] Attention workspace size is not enough, increase the size from 0 bytes to 769755136 bytes
2026-07-24 18:58:48,090 - sflow.task.server_5 - INFO - 5: [TensorRT-LLM][WARNING] Attention workspace size is not enough, increase the size from 0 bytes to 769755136 bytes
2026-07-24 18:58:48,090 - sflow.task.server_5 - INFO - 4: [TensorRT-LLM][WARNING] Attention workspace size is not enough, increase the size from 0 bytes to 769755136 bytes
2026-07-24 18:58:48,090 - sflow.task.server_5 - INFO - 1: [TensorRT-LLM][WARNING] Attention workspace size is not enough, increase the size from 0 bytes to 769755136 bytes
2026-07-24 18:58:48,090 - sflow.task.server_5 - INFO - 0: [TensorRT-LLM][WARNING] Attention workspace size is not enough, increase the size from 0 bytes to 769755136 bytes
2026-07-24 18:58:48,545 - sflow.task.server_5 - INFO - 0: [07/24/2026-18:58:48] [TRT-LLM] [RANK 0] [I] [Autotuner] Autotuning process ends
2026-07-24 18:58:48,545 - sflow.task.server_5 - INFO - 0: [07/24/2026-18:58:48] [TRT-LLM] [RANK 0] [I] [Autotuner] Cache size after warmup is 131
2026-07-24 18:58:48,545 - sflow.task.server_5 - INFO - 0: [07/24/2026-18:58:48] [TRT-LLM] [RANK 0] [I] Creating CUDA graph instances for 11 batch sizes.
2026-07-24 18:58:48,545 - sflow.task.server_5 - INFO - 0: [07/24/2026-18:58:48] [TRT-LLM] [RANK 0] [I] Run generation-only CUDA graph warmup for batch size=512, draft_len=0, max_seq_len=23140
2026-07-24 18:58:48,545 - sflow.task.server_5 - INFO - 2: [TensorRT-LLM][WARNING] Attention workspace size is not enough, increase the size from 0 bytes to 167848960 bytes
2026-07-24 18:58:48,545 - sflow.task.server_5 - INFO - 1: [TensorRT-LLM][WARNING] Attention workspace size is not enough, increase the size from 0 bytes to 167848960 bytes
2026-07-24 18:58:48,545 - sflow.task.server_5 - INFO - 3: [TensorRT-LLM][WARNING] Attention workspace size is not enough, increase the size from 0 bytes to 167848960 bytes
2026-07-24 18:58:48,545 - sflow.task.server_5 - INFO - 0: [TensorRT-LLM][WARNING] Attention workspace size is not enough, increase the size from 0 bytes to 167848960 bytes
2026-07-24 18:58:48,545 - sflow.task.server_5 - INFO - 5: [TensorRT-LLM][WARNING] Attention workspace size is not enough, increase the size from 0 bytes to 167848960 bytes
2026-07-24 18:58:48,545 - sflow.task.server_5 - INFO - 7: [TensorRT-LLM][WARNING] Attention workspace size is not enough, increase the size from 0 bytes to 167848960 bytes
2026-07-24 18:58:48,545 - sflow.task.server_5 - INFO - 4: [TensorRT-LLM][WARNING] Attention workspace size is not enough, increase the size from 0 bytes to 167848960 bytes
2026-07-24 18:58:48,545 - sflow.task.server_5 - INFO - 6: [TensorRT-LLM][WARNING] Attention workspace size is not enough, increase the size from 0 bytes to 167848960 bytes
2026-07-24 18:58:49,405 - sflow.task.server_5 - INFO - 0: [07/24/2026-18:58:49] [TRT-LLM] [RANK 0] [I] Run generation-only CUDA graph warmup for batch size=384, draft_len=0, max_seq_len=23140
2026-07-24 18:58:49,961 - sflow.task.server_5 - INFO - 0: [07/24/2026-18:58:49] [TRT-LLM] [RANK 0] [I] Run generation-only CUDA graph warmup for batch size=256, draft_len=0, max_seq_len=23140
2026-07-24 18:58:50,518 - sflow.task.server_5 - INFO - 0: [07/24/2026-18:58:50] [TRT-LLM] [RANK 0] [I] Run generation-only CUDA graph warmup for batch size=128, draft_len=0, max_seq_len=23140
2026-07-24 18:58:51,026 - sflow.task.server_5 - INFO - 0: [07/24/2026-18:58:51] [TRT-LLM] [RANK 0] [I] Run generation-only CUDA graph warmup for batch size=64, draft_len=0, max_seq_len=23140
2026-07-24 18:58:51,583 - sflow.task.server_5 - INFO - 0: [07/24/2026-18:58:51] [TRT-LLM] [RANK 0] [I] Run generation-only CUDA graph warmup for batch size=32, draft_len=0, max_seq_len=23140
2026-07-24 18:58:52,102 - sflow.task.server_5 - INFO - 0: [07/24/2026-18:58:52] [TRT-LLM] [RANK 0] [I] Run generation-only CUDA graph warmup for batch size=16, draft_len=0, max_seq_len=23140
2026-07-24 18:58:52,609 - sflow.task.server_5 - INFO - 0: [07/24/2026-18:58:52] [TRT-LLM] [RANK 0] [I] Run generation-only CUDA graph warmup for batch size=8, draft_len=0, max_seq_len=23140
2026-07-24 18:58:53,117 - sflow.task.server_5 - INFO - 0: [07/24/2026-18:58:53] [TRT-LLM] [RANK 0] [I] Run generation-only CUDA graph warmup for batch size=4, draft_len=0, max_seq_len=23140
2026-07-24 18:58:53,624 - sflow.task.server_5 - INFO - 0: [07/24/2026-18:58:53] [TRT-LLM] [RANK 0] [I] Run generation-only CUDA graph warmup for batch size=2, draft_len=0, max_seq_len=23140
2026-07-24 18:58:54,131 - sflow.task.server_5 - INFO - 0: [07/24/2026-18:58:54] [TRT-LLM] [RANK 0] [I] Run generation-only CUDA graph warmup for batch size=1, draft_len=0, max_seq_len=23140
2026-07-24 18:58:54,637 - sflow.task.server_5 - INFO - 0: [07/24/2026-18:58:54] [TRT-LLM] [RANK 0] [I] global_steady_clock_offset at each rank: [0.0, -1.3999873772263527e-05, 6.00004568696022e-06, 0.0, -18.269594999961555, -18.26960700005293, -18.269594999961555, -18.2695979999844]
2026-07-24 18:58:54,637 - sflow.task.server_5 - INFO - 0: [07/24/2026-18:58:54] [TRT-LLM] [RANK 0] [I] Setting global_steady_clock_offset: 0.0 seconds for rank 0
2026-07-24 18:58:54,637 - sflow.task.server_5 - INFO - 0: [07/24/2026-18:58:54] [TRT-LLM] [RANK 0] [I] Setting PyTorch memory fraction to 0.4104418547257133 (75.52130126953125 GiB)
2026-07-24 18:58:54,637 - sflow.task.server_5 - INFO - 0: [07/24/2026-18:58:54] [TRT-LLM] [RANK 0] [I] LLM Args:
2026-07-24 18:58:54,637 - sflow.task.server_5 - INFO - 0: model='/home/mlperf_inference_storage/models/deepseek-r1/fp4-quantized-modelopt/deepseek_r1-torch-fp4' tokenizer=None tokenizer_mode='auto' custom_tokenizer=None skip_tokenizer_init=False trust_remote_code=False tensor_parallel_size=8 dtype='auto' revision=None tokenizer_revision=None pipeline_parallel_size=1 context_parallel_size=1 gpus_per_node=1 moe_cluster_parallel_size=-1 moe_tensor_parallel_size=-1 moe_expert_parallel_size=8 enable_attention_dp=True enable_lm_head_tp_in_adp=False pp_partition=None cp_config={} load_format=<LoadFormat.AUTO: 0> fail_fast_on_attention_window_too_large=False enable_lora=False lora_config=None kv_cache_config=KvCacheConfig(enable_block_reuse=False, max_tokens=3201538, max_attention_window=None, sink_token_length=None, free_gpu_memory_fraction=0.9, host_cache_size=None, onboard_blocks=True, cross_kv_cache_fraction=None, secondary_offload_min_priority=None, event_buffer_max_size=0, attention_dp_events_gather_period_ms=5, e
2026-07-24 18:58:54,637 - sflow.task.server_5 - INFO - 0: nable_partial_reuse=True, copy_on_partial_reuse=True, use_uvm=False, max_gpu_total_bytes=112489239859, dtype='fp8', mamba_ssm_cache_dtype='auto', tokens_per_block=32) enable_chunked_prefill=False guided_decoding_backend=None batched_logits_processor=None iter_stats_max_iterations=None request_stats_max_iterations=None peft_cache_config=None scheduler_config=SchedulerConfig(capacity_scheduler_policy=<CapacitySchedulerPolicy.MAX_UTILIZATION: 'MAX_UTILIZATION'>, context_chunking_policy=<ContextChunkingPolicy.FIRST_COME_FIRST_SERVED: 'FIRST_COME_FIRST_SERVED'>, dynamic_batch_config=None) cache_transceiver_config=CacheTransceiverConfig(backend='NIXL', max_tokens_in_buffer=None, kv_transfer_timeout_ms=None, kv_transfer_sender_future_timeout_ms=1000) sparse_attention_config=None speculative_config=None max_batch_size=512 max_input_len=1024 max_seq_len=23140 max_beam_width=1 max_num_tokens=3456 gather_generation_logits=False num_postprocess_workers=0 postprocess_tokenizer_dir='/home/mlperf_inference_storage/models/de
2026-07-24 18:58:54,637 - sflow.task.server_5 - INFO - 0: epseek-r1/fp4-quantized-modelopt/deepseek_r1-torch-fp4' reasoning_parser=None decoding_config=None mpi_session=None otlp_traces_endpoint=None backend='pytorch' return_perf_metrics=False orchestrator_type=None env_overrides=None garbage_collection_gen0_threshold=20000 cuda_graph_config=CudaGraphConfig(batch_sizes=[1, 2, 4, 8, 16, 32, 64, 128, 256, 384, 512], max_batch_size=512, enable_padding=True) attention_dp_config=AttentionDpConfig(enable_balance=True, timeout_iters=9, batching_wait_iters=3) disable_overlap_scheduler=False moe_config=MoeConfig(backend='CUTEDSL', max_num_tokens=None, load_balancer=None, disable_finalize_fusion=False, use_low_precision_moe_combine=False) nvfp4_gemm_config=Nvfp4GemmConfig(allowed_backends=['cutlass', 'cublaslt', 'cuda_core']) attn_backend='TRTLLM' sampler_type=<SamplerType.auto: 'auto'> sampler_force_async_worker=False enable_iter_perf_stats=False enable_iter_req_stats=False print_iter_log=False perf_metrics_max_requests=0 batch_wait_timeout_ms=0 batch_wait_timeout_iters=0 ba
2026-07-24 18:58:54,637 - sflow.task.server_5 - INFO - 0: tch_wait_max_tokens_ratio=0 torch_compile_config=None enable_autotuner=True enable_layerwise_nvtx_marker=False enable_min_latency=False stream_interval=100 force_dynamic_quantization=False allreduce_strategy='AUTO' checkpoint_loader=None checkpoint_format='HF' kv_connector_config=None mm_encoder_only=False ray_worker_extension_cls=None ray_placement_config=None enable_sleep=False disable_flashinfer_sampling=False max_stats_len=1000
2026-07-24 18:58:54,638 - sflow.task.server_5 - INFO - 0: [07/24/2026-18:58:54] [TRT-LLM] [RANK 0] [I] RPCServer is bound to ipc:///tmp/rpc_test_83d45203-02c1-42d0-84b0-9172b9a7cefb
2026-07-24 18:58:54,638 - sflow.task.server_5 - INFO - 0: [07/24/2026-18:58:54] [TRT-LLM] [RANK 0] [I] RPC Server started and listening on ipc:///tmp/rpc_test_83d45203-02c1-42d0-84b0-9172b9a7cefb
2026-07-24 18:58:54,638 - sflow.task.server_5 - INFO - 0: [07/24/2026-18:58:54] [TRT-LLM] [RANK 0] [I] RPC Server has started.
2026-07-24 18:58:54,638 - sflow.task.server_5 - INFO - 0: [07/24/2026-18:58:54] [TRT-LLM] [I] get signal from executor worker
2026-07-24 18:58:55,296 - sflow.task.server_5 - INFO - 0: INFO:     Started server process [443853]
2026-07-24 18:58:55,296 - sflow.task.server_5 - INFO - 0: INFO:     Waiting for application startup.
2026-07-24 18:58:55,296 - sflow.task.server_5 - INFO - 0: INFO:     Application startup complete.
2026-07-24 19:00:08,891 - sflow.task.server_5 - INFO - 0: INFO:     10.128.0.106:51106 - "GET /health HTTP/1.1" 200 OK
2026-07-24 19:00:08,994 - sflow.task.server_5 - INFO - 0: INFO:     10.128.0.106:51118 - "POST /v1/chat/completions HTTP/1.1" 200 OK
2026-07-24 19:00:09,148 - sflow.task.server_5 - INFO - 0: INFO:     10.128.0.106:51128 - "POST /v1/chat/completions HTTP/1.1" 200 OK
2026-07-24 19:00:09,148 - sflow.task.server_5 - INFO - 0: INFO:     10.128.0.106:51144 - "POST /v1/chat/completions HTTP/1.1" 200 OK
2026-07-24 19:00:09,251 - sflow.task.server_5 - INFO - 0: INFO:     10.128.0.106:51148 - "POST /v1/chat/completions HTTP/1.1" 200 OK
2026-07-24 19:00:09,403 - sflow.task.server_5 - INFO - 0: INFO:     10.128.0.106:51162 - "POST /v1/chat/completions HTTP/1.1" 200 OK
2026-07-24 19:00:09,455 - sflow.task.server_5 - INFO - 0: INFO:     10.128.0.106:51166 - "POST /v1/chat/completions HTTP/1.1" 200 OK
2026-07-24 19:00:09,455 - sflow.task.server_5 - INFO - 0: INFO:     10.128.0.106:51178 - "POST /v1/chat/completions HTTP/1.1" 200 OK
2026-07-24 19:00:09,506 - sflow.task.server_5 - INFO - 0: INFO:     10.128.0.106:51192 - "POST /v1/chat/completions HTTP/1.1" 200 OK
2026-07-24 19:00:09,557 - sflow.task.server_5 - INFO - 0: INFO:     10.128.0.106:51194 - "POST /v1/chat/completions HTTP/1.1" 200 OK
2026-07-24 19:00:09,710 - sflow.task.server_5 - INFO - 0: INFO:     10.128.0.106:51206 - "POST /v1/chat/completions HTTP/1.1" 200 OK
2026-07-24 19:00:09,812 - sflow.task.server_5 - INFO - 0: INFO:     10.128.0.106:51220 - "POST /v1/chat/completions HTTP/1.1" 200 OK
2026-07-24 19:00:09,914 - sflow.task.server_5 - INFO - 0: INFO:     10.128.0.106:51224 - "POST /v1/chat/completions HTTP/1.1" 200 OK
2026-07-24 19:00:10,017 - sflow.task.server_5 - INFO - 0: INFO:     10.128.0.106:51234 - "POST /v1/chat/completions HTTP/1.1" 200 OK
2026-07-24 19:00:10,120 - sflow.task.server_5 - INFO - 0: INFO:     10.128.0.106:51250 - "POST /v1/chat/completions HTTP/1.1" 200 OK
2026-07-24 19:00:10,120 - sflow.task.server_5 - INFO - 0: INFO:     10.128.0.106:51254 - "POST /v1/chat/completions HTTP/1.1" 200 OK
2026-07-24 19:00:10,222 - sflow.task.server_5 - INFO - 0: INFO:     10.128.0.106:51260 - "POST /v1/chat/completions HTTP/1.1" 200 OK
2026-07-24 19:00:10,325 - sflow.task.server_5 - INFO - 0: INFO:     10.128.0.106:51262 - "POST /v1/chat/completions HTTP/1.1" 200 OK
2026-07-24 19:00:10,427 - sflow.task.server_5 - INFO - 0: INFO:     10.128.0.106:51270 - "POST /v1/chat/completions HTTP/1.1" 200 OK
2026-07-24 19:00:10,478 - sflow.task.server_5 - INFO - 0: INFO:     10.128.0.106:51282 - "POST /v1/chat/completions HTTP/1.1" 200 OK
2026-07-24 19:00:10,581 - sflow.task.server_5 - INFO - 0: INFO:     10.128.0.106:51292 - "POST /v1/chat/completions HTTP/1.1" 200 OK
2026-07-24 19:00:10,633 - sflow.task.server_5 - INFO - 0: INFO:     10.128.0.106:51300 - "POST /v1/chat/completions HTTP/1.1" 200 OK
2026-07-24 19:00:10,736 - sflow.task.server_5 - INFO - 0: INFO:     10.128.0.106:51310 - "POST /v1/chat/completions HTTP/1.1" 200 OK
2026-07-24 19:00:10,787 - sflow.task.server_5 - INFO - 0: INFO:     10.128.0.106:51318 - "POST /v1/chat/completions HTTP/1.1" 200 OK
2026-07-24 19:00:10,891 - sflow.task.server_5 - INFO - 0: INFO:     10.128.0.106:51324 - "POST /v1/chat/completions HTTP/1.1" 200 OK
2026-07-24 19:00:10,993 - sflow.task.server_5 - INFO - 0: INFO:     10.128.0.106:51328 - "POST /v1/chat/completions HTTP/1.1" 200 OK
2026-07-24 19:00:10,994 - sflow.task.server_5 - INFO - 0: INFO:     10.128.0.106:51330 - "POST /v1/chat/completions HTTP/1.1" 200 OK
2026-07-24 19:00:11,097 - sflow.task.server_5 - INFO - 0: INFO:     10.128.0.106:51342 - "POST /v1/chat/completions HTTP/1.1" 200 OK
2026-07-24 19:00:11,148 - sflow.task.server_5 - INFO - 0: INFO:     10.128.0.106:51344 - "POST /v1/chat/completions HTTP/1.1" 200 OK
2026-07-24 19:00:11,251 - sflow.task.server_5 - INFO - 0: INFO:     10.128.0.106:51352 - "POST /v1/chat/completions HTTP/1.1" 200 OK
2026-07-24 19:00:11,353 - sflow.task.server_5 - INFO - 0: INFO:     10.128.0.106:51354 - "POST /v1/chat/completions HTTP/1.1" 200 OK
2026-07-24 19:00:11,507 - sflow.task.server_5 - INFO - 0: INFO:     10.128.0.106:51360 - "POST /v1/chat/completions HTTP/1.1" 200 OK
2026-07-24 19:00:11,609 - sflow.task.server_5 - INFO - 0: INFO:     10.128.0.106:51366 - "POST /v1/chat/completions HTTP/1.1" 200 OK
2026-07-24 19:00:11,711 - sflow.task.server_5 - INFO - 0: INFO:     10.128.0.106:51374 - "POST /v1/chat/completions HTTP/1.1" 200 OK
2026-07-24 19:00:11,711 - sflow.task.server_5 - INFO - 0: INFO:     10.128.0.106:51386 - "POST /v1/chat/completions HTTP/1.1" 200 OK
2026-07-24 19:00:11,763 - sflow.task.server_5 - INFO - 0: INFO:     10.128.0.106:51398 - "POST /v1/chat/completions HTTP/1.1" 200 OK
2026-07-24 19:00:11,814 - sflow.task.server_5 - INFO - 0: INFO:     10.128.0.106:51400 - "POST /v1/chat/completions HTTP/1.1" 200 OK
2026-07-24 19:00:11,967 - sflow.task.server_5 - INFO - 0: INFO:     10.128.0.106:51416 - "POST /v1/chat/completions HTTP/1.1" 200 OK
2026-07-24 19:00:12,019 - sflow.task.server_5 - INFO - 0: INFO:     10.128.0.106:51432 - "POST /v1/chat/completions HTTP/1.1" 200 OK
2026-07-24 19:00:12,173 - sflow.task.server_5 - INFO - 0: INFO:     10.128.0.106:51436 - "POST /v1/chat/completions HTTP/1.1" 200 OK
2026-07-24 19:00:12,224 - sflow.task.server_5 - INFO - 0: INFO:     10.128.0.106:51438 - "POST /v1/chat/completions HTTP/1.1" 200 OK
2026-07-24 19:00:12,276 - sflow.task.server_5 - INFO - 0: INFO:     10.128.0.106:51450 - "POST /v1/chat/completions HTTP/1.1" 200 OK
2026-07-24 19:00:12,379 - sflow.task.server_5 - INFO - 0: INFO:     10.128.0.106:51466 - "POST /v1/chat/completions HTTP/1.1" 200 OK
2026-07-24 19:00:12,533 - sflow.task.server_5 - INFO - 0: INFO:     10.128.0.106:51480 - "POST /v1/chat/completions HTTP/1.1" 200 OK
2026-07-24 19:00:12,635 - sflow.task.server_5 - INFO - 0: INFO:     10.128.0.106:51482 - "POST /v1/chat/completions HTTP/1.1" 200 OK
2026-07-24 19:00:12,788 - sflow.task.server_5 - INFO - 0: INFO:     10.128.0.106:51490 - "POST /v1/chat/completions HTTP/1.1" 200 OK
2026-07-24 19:00:12,840 - sflow.task.server_5 - INFO - 0: INFO:     10.128.0.106:51496 - "POST /v1/chat/completions HTTP/1.1" 200 OK
2026-07-24 19:00:12,891 - sflow.task.server_5 - INFO - 0: INFO:     10.128.0.106:51504 - "POST /v1/chat/completions HTTP/1.1" 200 OK
2026-07-24 19:00:12,891 - sflow.task.server_5 - INFO - 0: INFO:     10.128.0.106:51506 - "POST /v1/chat/completions HTTP/1.1" 200 OK
2026-07-24 19:00:12,994 - sflow.task.server_5 - INFO - 0: INFO:     10.128.0.106:51508 - "POST /v1/chat/completions HTTP/1.1" 200 OK
2026-07-24 19:00:13,045 - sflow.task.server_5 - INFO - 0: INFO:     10.128.0.106:51514 - "POST /v1/chat/completions HTTP/1.1" 200 OK
2026-07-24 19:00:13,097 - sflow.task.server_5 - INFO - 0: INFO:     10.128.0.106:51530 - "POST /v1/chat/completions HTTP/1.1" 200 OK
2026-07-24 19:00:13,148 - sflow.task.server_5 - INFO - 0: INFO:     10.128.0.106:51534 - "POST /v1/chat/completions HTTP/1.1" 200 OK
2026-07-24 19:00:13,251 - sflow.task.server_5 - INFO - 0: INFO:     10.128.0.106:51538 - "POST /v1/chat/completions HTTP/1.1" 200 OK
2026-07-24 19:00:13,302 - sflow.task.server_5 - INFO - 0: INFO:     10.128.0.106:51546 - "POST /v1/chat/completions HTTP/1.1" 200 OK
2026-07-24 19:00:13,455 - sflow.task.server_5 - INFO - 0: INFO:     10.128.0.106:51554 - "POST /v1/chat/completions HTTP/1.1" 200 OK
2026-07-24 19:00:13,558 - sflow.task.server_5 - INFO - 0: INFO:     10.128.0.106:51566 - "POST /v1/chat/completions HTTP/1.1" 200 OK
2026-07-24 19:00:13,711 - sflow.task.server_5 - INFO - 0: INFO:     10.128.0.106:51580 - "POST /v1/chat/completions HTTP/1.1" 200 OK
2026-07-24 19:00:13,814 - sflow.task.server_5 - INFO - 0: INFO:     10.128.0.106:51590 - "POST /v1/chat/completions HTTP/1.1" 200 OK
2026-07-24 19:00:13,866 - sflow.task.server_5 - INFO - 0: INFO:     10.128.0.106:51592 - "POST /v1/chat/completions HTTP/1.1" 200 OK
2026-07-24 19:00:13,917 - sflow.task.server_5 - INFO - 0: INFO:     10.128.0.106:51600 - "POST /v1/chat/completions HTTP/1.1" 200 OK
2026-07-24 19:00:14,019 - sflow.task.server_5 - INFO - 0: INFO:     10.128.0.106:51614 - "POST /v1/chat/completions HTTP/1.1" 200 OK
2026-07-24 19:00:14,019 - sflow.task.server_5 - INFO - 0: INFO:     10.128.0.106:51628 - "POST /v1/chat/completions HTTP/1.1" 200 OK
2026-07-24 19:00:14,070 - sflow.task.server_5 - INFO - 0: INFO:     10.128.0.106:51632 - "POST /v1/chat/completions HTTP/1.1" 200 OK
2026-07-24 19:00:14,122 - sflow.task.server_5 - INFO - 0: INFO:     10.128.0.106:51640 - "POST /v1/chat/completions HTTP/1.1" 200 OK
2026-07-24 19:00:14,122 - sflow.task.server_5 - INFO - 0: INFO:     10.128.0.106:51652 - "POST /v1/chat/completions HTTP/1.1" 200 OK
2026-07-24 19:00:14,275 - sflow.task.server_5 - INFO - 0: INFO:     10.128.0.106:51666 - "POST /v1/chat/completions HTTP/1.1" 200 OK
2026-07-24 19:00:14,326 - sflow.task.server_5 - INFO - 0: INFO:     10.128.0.106:51676 - "POST /v1/chat/completions HTTP/1.1" 200 OK
2026-07-24 19:00:14,378 - sflow.task.server_5 - INFO - 0: INFO:     10.128.0.106:51686 - "POST /v1/chat/completions HTTP/1.1" 200 OK
2026-07-24 19:00:14,480 - sflow.task.server_5 - INFO - 0: INFO:     10.128.0.106:51696 - "POST /v1/chat/completions HTTP/1.1" 200 OK
2026-07-24 19:00:14,532 - sflow.task.server_5 - INFO - 0: INFO:     10.128.0.106:51698 - "POST /v1/chat/completions HTTP/1.1" 200 OK
2026-07-24 19:00:14,686 - sflow.task.server_5 - INFO - 0: INFO:     10.128.0.106:51700 - "POST /v1/chat/completions HTTP/1.1" 200 OK
2026-07-24 19:00:14,737 - sflow.task.server_5 - INFO - 0: INFO:     10.128.0.106:51714 - "POST /v1/chat/completions HTTP/1.1" 200 OK
2026-07-24 19:00:14,891 - sflow.task.server_5 - INFO - 0: INFO:     10.128.0.106:51728 - "POST /v1/chat/completions HTTP/1.1" 200 OK
2026-07-24 19:00:15,146 - sflow.task.server_5 - INFO - 0: INFO:     10.128.0.106:51734 - "POST /v1/chat/completions HTTP/1.1" 200 OK
2026-07-24 19:00:15,146 - sflow.task.server_5 - INFO - 0: INFO:     10.128.0.106:51738 - "POST /v1/chat/completions HTTP/1.1" 200 OK
2026-07-24 19:00:15,147 - sflow.task.server_5 - INFO - 0: INFO:     10.128.0.106:51744 - "POST /v1/chat/completions HTTP/1.1" 200 OK
2026-07-24 19:00:15,249 - sflow.task.server_5 - INFO - 0: INFO:     10.128.0.106:51756 - "POST /v1/chat/completions HTTP/1.1" 200 OK
2026-07-24 19:00:15,301 - sflow.task.server_5 - INFO - 0: INFO:     10.128.0.106:58762 - "POST /v1/chat/completions HTTP/1.1" 200 OK
2026-07-24 19:00:15,454 - sflow.task.server_5 - INFO - 0: INFO:     10.128.0.106:58764 - "POST /v1/chat/completions HTTP/1.1" 200 OK
2026-07-24 19:00:15,506 - sflow.task.server_5 - INFO - 0: INFO:     10.128.0.106:58774 - "POST /v1/chat/completions HTTP/1.1" 200 OK
2026-07-24 19:00:15,609 - sflow.task.server_5 - INFO - 0: INFO:     10.128.0.106:58778 - "POST /v1/chat/completions HTTP/1.1" 200 OK
2026-07-24 19:00:15,660 - sflow.task.server_5 - INFO - 0: INFO:     10.128.0.106:58792 - "POST /v1/chat/completions HTTP/1.1" 200 OK
2026-07-24 19:00:15,813 - sflow.task.server_5 - INFO - 0: INFO:     10.128.0.106:58806 - "POST /v1/chat/completions HTTP/1.1" 200 OK
2026-07-24 19:00:15,915 - sflow.task.server_5 - INFO - 0: INFO:     10.128.0.106:58820 - "POST /v1/chat/completions HTTP/1.1" 200 OK
2026-07-24 19:00:15,967 - sflow.task.server_5 - INFO - 0: INFO:     10.128.0.106:58822 - "POST /v1/chat/completions HTTP/1.1" 200 OK
2026-07-24 19:00:16,019 - sflow.task.server_5 - INFO - 0: INFO:     10.128.0.106:58838 - "POST /v1/chat/completions HTTP/1.1" 200 OK
2026-07-24 19:00:16,173 - sflow.task.server_5 - INFO - 0: INFO:     10.128.0.106:58846 - "POST /v1/chat/completions HTTP/1.1" 200 OK
2026-07-24 19:00:16,173 - sflow.task.server_5 - INFO - 0: INFO:     10.128.0.106:58854 - "POST /v1/chat/completions HTTP/1.1" 200 OK
2026-07-24 19:00:16,326 - sflow.task.server_5 - INFO - 0: INFO:     10.128.0.106:58856 - "POST /v1/chat/completions HTTP/1.1" 200 OK
2026-07-24 19:00:16,428 - sflow.task.server_5 - INFO - 0: INFO:     10.128.0.106:58870 - "POST /v1/chat/completions HTTP/1.1" 200 OK
2026-07-24 19:00:16,531 - sflow.task.server_5 - INFO - 0: INFO:     10.128.0.106:58880 - "POST /v1/chat/completions HTTP/1.1" 200 OK
2026-07-24 19:00:16,531 - sflow.task.server_5 - INFO - 0: INFO:     10.128.0.106:58892 - "POST /v1/chat/completions HTTP/1.1" 200 OK
2026-07-24 19:00:16,584 - sflow.task.server_5 - INFO - 0: INFO:     10.128.0.106:58904 - "POST /v1/chat/completions HTTP/1.1" 200 OK
2026-07-24 19:00:16,635 - sflow.task.server_5 - INFO - 0: INFO:     10.128.0.106:58920 - "POST /v1/chat/completions HTTP/1.1" 200 OK
2026-07-24 19:00:16,686 - sflow.task.server_5 - INFO - 0: INFO:     10.128.0.106:58924 - "POST /v1/chat/completions HTTP/1.1" 200 OK
2026-07-24 19:00:16,839 - sflow.task.server_5 - INFO - 0: INFO:     10.128.0.106:58932 - "POST /v1/chat/completions HTTP/1.1" 200 OK
2026-07-24 19:00:16,891 - sflow.task.server_5 - INFO - 0: INFO:     10.128.0.106:58936 - "POST /v1/chat/completions HTTP/1.1" 200 OK
2026-07-24 19:00:16,942 - sflow.task.server_5 - INFO - 0: INFO:     10.128.0.106:58946 - "POST /v1/chat/completions HTTP/1.1" 200 OK
2026-07-24 19:00:17,096 - sflow.task.server_5 - INFO - 0: INFO:     10.128.0.106:58960 - "POST /v1/chat/completions HTTP/1.1" 200 OK
2026-07-24 19:00:17,147 - sflow.task.server_5 - INFO - 0: INFO:     10.128.0.106:58976 - "POST /v1/chat/completions HTTP/1.1" 200 OK
2026-07-24 19:00:17,249 - sflow.task.server_5 - INFO - 0: INFO:     10.128.0.106:58986 - "POST /v1/chat/completions HTTP/1.1" 200 OK
2026-07-24 19:00:17,250 - sflow.task.server_5 - INFO - 0: INFO:     10.128.0.106:58996 - "POST /v1/chat/completions HTTP/1.1" 200 OK
2026-07-24 19:00:17,403 - sflow.task.server_5 - INFO - 0: INFO:     10.128.0.106:59010 - "POST /v1/chat/completions HTTP/1.1" 200 OK
2026-07-24 19:00:17,454 - sflow.task.server_5 - INFO - 0: INFO:     10.128.0.106:59020 - "POST /v1/chat/completions HTTP/1.1" 200 OK
2026-07-24 19:00:17,557 - sflow.task.server_5 - INFO - 0: INFO:     10.128.0.106:59034 - "POST /v1/chat/completions HTTP/1.1" 200 OK
2026-07-24 19:00:17,608 - sflow.task.server_5 - INFO - 0: INFO:     10.128.0.106:59050 - "POST /v1/chat/completions HTTP/1.1" 200 OK
2026-07-24 19:00:17,761 - sflow.task.server_5 - INFO - 0: INFO:     10.128.0.106:59054 - "POST /v1/chat/completions HTTP/1.1" 200 OK
2026-07-24 19:00:17,864 - sflow.task.server_5 - INFO - 0: INFO:     10.128.0.106:59064 - "POST /v1/chat/completions HTTP/1.1" 200 OK
2026-07-24 19:00:17,864 - sflow.task.server_5 - INFO - 0: INFO:     10.128.0.106:59078 - "POST /v1/chat/completions HTTP/1.1" 200 OK
2026-07-24 19:00:18,068 - sflow.task.server_5 - INFO - 0: INFO:     10.128.0.106:59092 - "POST /v1/chat/completions HTTP/1.1" 200 OK
2026-07-24 19:00:18,171 - sflow.task.server_5 - INFO - 0: INFO:     10.128.0.106:59096 - "POST /v1/chat/completions HTTP/1.1" 200 OK
2026-07-24 19:00:18,222 - sflow.task.server_5 - INFO - 0: INFO:     10.128.0.106:59108 - "POST /v1/chat/completions HTTP/1.1" 200 OK
2026-07-24 19:00:18,273 - sflow.task.server_5 - INFO - 0: INFO:     10.128.0.106:59116 - "POST /v1/chat/completions HTTP/1.1" 200 OK
2026-07-24 19:00:18,325 - sflow.task.server_5 - INFO - 0: INFO:     10.128.0.106:59120 - "POST /v1/chat/completions HTTP/1.1" 200 OK
2026-07-24 19:00:18,478 - sflow.task.server_5 - INFO - 0: INFO:     10.128.0.106:59134 - "POST /v1/chat/completions HTTP/1.1" 200 OK
2026-07-24 19:00:18,478 - sflow.task.server_5 - INFO - 0: INFO:     10.128.0.106:59138 - "POST /v1/chat/completions HTTP/1.1" 200 OK
2026-07-24 19:00:18,478 - sflow.task.server_5 - INFO - 0: INFO:     10.128.0.106:59144 - "POST /v1/chat/completions HTTP/1.1" 200 OK
2026-07-24 19:00:18,529 - sflow.task.server_5 - INFO - 0: INFO:     10.128.0.106:59152 - "POST /v1/chat/completions HTTP/1.1" 200 OK
2026-07-24 19:00:18,581 - sflow.task.server_5 - INFO - 0: INFO:     10.128.0.106:59164 - "POST /v1/chat/completions HTTP/1.1" 200 OK
2026-07-24 19:00:18,734 - sflow.task.server_5 - INFO - 0: INFO:     10.128.0.106:59174 - "POST /v1/chat/completions HTTP/1.1" 200 OK
2026-07-24 19:00:18,786 - sflow.task.server_5 - INFO - 0: INFO:     10.128.0.106:59182 - "POST /v1/chat/completions HTTP/1.1" 200 OK
2026-07-24 19:00:18,888 - sflow.task.server_5 - INFO - 0: INFO:     10.128.0.106:59192 - "POST /v1/chat/completions HTTP/1.1" 200 OK
2026-07-24 19:00:18,940 - sflow.task.server_5 - INFO - 0: INFO:     10.128.0.106:59206 - "POST /v1/chat/completions HTTP/1.1" 200 OK
2026-07-24 19:00:19,042 - sflow.task.server_5 - INFO - 0: INFO:     10.128.0.106:59220 - "POST /v1/chat/completions HTTP/1.1" 200 OK
2026-07-24 19:00:19,042 - sflow.task.server_5 - INFO - 0: INFO:     10.128.0.106:59236 - "POST /v1/chat/completions HTTP/1.1" 200 OK
2026-07-24 19:00:19,143 - sflow.task.server_5 - INFO - 0: INFO:     10.128.0.106:59244 - "POST /v1/chat/completions HTTP/1.1" 200 OK
2026-07-24 19:00:19,296 - sflow.task.server_5 - INFO - 0: INFO:     10.128.0.106:59246 - "POST /v1/chat/completions HTTP/1.1" 200 OK
2026-07-24 19:00:19,398 - sflow.task.server_5 - INFO - 0: INFO:     10.128.0.106:59256 - "POST /v1/chat/completions HTTP/1.1" 200 OK
2026-07-24 19:00:19,449 - sflow.task.server_5 - INFO - 0: INFO:     10.128.0.106:59272 - "POST /v1/chat/completions HTTP/1.1" 200 OK
2026-07-24 19:00:19,551 - sflow.task.server_5 - INFO - 0: INFO:     10.128.0.106:59278 - "POST /v1/chat/completions HTTP/1.1" 200 OK
2026-07-24 19:00:19,602 - sflow.task.server_5 - INFO - 0: INFO:     10.128.0.106:59282 - "POST /v1/chat/completions HTTP/1.1" 200 OK
2026-07-24 19:00:19,653 - sflow.task.server_5 - INFO - 0: INFO:     10.128.0.106:59288 - "POST /v1/chat/completions HTTP/1.1" 200 OK
2026-07-24 19:00:19,755 - sflow.task.server_5 - INFO - 0: INFO:     10.128.0.106:59294 - "POST /v1/chat/completions HTTP/1.1" 200 OK
2026-07-24 19:00:19,755 - sflow.task.server_5 - INFO - 0: INFO:     10.128.0.106:59298 - "POST /v1/chat/completions HTTP/1.1" 200 OK
2026-07-24 19:00:19,806 - sflow.task.server_5 - INFO - 0: INFO:     10.128.0.106:59312 - "POST /v1/chat/completions HTTP/1.1" 200 OK
2026-07-24 19:00:19,857 - sflow.task.server_5 - INFO - 0: INFO:     10.128.0.106:59320 - "POST /v1/chat/completions HTTP/1.1" 200 OK
2026-07-24 19:00:19,907 - sflow.task.server_5 - INFO - 0: INFO:     10.128.0.106:59334 - "POST /v1/chat/completions HTTP/1.1" 200 OK
2026-07-24 19:00:20,010 - sflow.task.server_5 - INFO - 0: INFO:     10.128.0.106:59344 - "POST /v1/chat/completions HTTP/1.1" 200 OK
2026-07-24 19:00:20,061 - sflow.task.server_5 - INFO - 0: INFO:     10.128.0.106:59346 - "POST /v1/chat/completions HTTP/1.1" 200 OK
2026-07-24 19:00:20,214 - sflow.task.server_5 - INFO - 0: INFO:     10.128.0.106:59352 - "POST /v1/chat/completions HTTP/1.1" 200 OK
2026-07-24 19:00:20,265 - sflow.task.server_5 - INFO - 0: INFO:     10.128.0.106:59354 - "POST /v1/chat/completions HTTP/1.1" 200 OK
2026-07-24 19:00:20,368 - sflow.task.server_5 - INFO - 0: INFO:     10.128.0.106:59368 - "POST /v1/chat/completions HTTP/1.1" 200 OK
2026-07-24 19:00:20,470 - sflow.task.server_5 - INFO - 0: INFO:     10.128.0.106:59370 - "POST /v1/chat/completions HTTP/1.1" 200 OK
2026-07-24 19:00:20,470 - sflow.task.server_5 - INFO - 0: INFO:     10.128.0.106:59378 - "POST /v1/chat/completions HTTP/1.1" 200 OK
2026-07-24 19:00:20,572 - sflow.task.server_5 - INFO - 0: INFO:     10.128.0.106:59384 - "POST /v1/chat/completions HTTP/1.1" 200 OK
2026-07-24 19:00:20,675 - sflow.task.server_5 - INFO - 0: INFO:     10.128.0.106:59400 - "POST /v1/chat/completions HTTP/1.1" 200 OK
2026-07-24 19:00:20,829 - sflow.task.server_5 - INFO - 0: INFO:     10.128.0.106:59414 - "POST /v1/chat/completions HTTP/1.1" 200 OK
2026-07-24 19:00:20,931 - sflow.task.server_5 - INFO - 0: INFO:     10.128.0.106:59428 - "POST /v1/chat/completions HTTP/1.1" 200 OK
2026-07-24 19:00:21,034 - sflow.task.server_5 - INFO - 0: INFO:     10.128.0.106:59436 - "POST /v1/chat/completions HTTP/1.1" 200 OK
2026-07-24 19:00:21,034 - sflow.task.server_5 - INFO - 0: INFO:     10.128.0.106:59444 - "POST /v1/chat/completions HTTP/1.1" 200 OK
2026-07-24 19:00:21,188 - sflow.task.server_5 - INFO - 0: INFO:     10.128.0.106:59460 - "POST /v1/chat/completions HTTP/1.1" 200 OK
2026-07-24 19:00:21,291 - sflow.task.server_5 - INFO - 0: INFO:     10.128.0.106:59474 - "POST /v1/chat/completions HTTP/1.1" 200 OK
2026-07-24 19:00:21,343 - sflow.task.server_5 - INFO - 0: INFO:     10.128.0.106:59476 - "POST /v1/chat/completions HTTP/1.1" 200 OK
2026-07-24 19:00:21,497 - sflow.task.server_5 - INFO - 0: INFO:     10.128.0.106:59484 - "POST /v1/chat/completions HTTP/1.1" 200 OK
2026-07-24 19:00:21,650 - sflow.task.server_5 - INFO - 0: INFO:     10.128.0.106:59500 - "POST /v1/chat/completions HTTP/1.1" 200 OK
2026-07-24 19:00:21,753 - sflow.task.server_5 - INFO - 0: INFO:     10.128.0.106:59506 - "POST /v1/chat/completions HTTP/1.1" 200 OK
2026-07-24 19:00:21,907 - sflow.task.server_5 - INFO - 0: INFO:     10.128.0.106:59508 - "POST /v1/chat/completions HTTP/1.1" 200 OK
2026-07-24 19:00:21,958 - sflow.task.server_5 - INFO - 0: INFO:     10.128.0.106:59522 - "POST /v1/chat/completions HTTP/1.1" 200 OK
2026-07-24 19:00:22,061 - sflow.task.server_5 - INFO - 0: INFO:     10.128.0.106:59538 - "POST /v1/chat/completions HTTP/1.1" 200 OK
2026-07-24 19:00:22,162 - sflow.task.server_5 - INFO - 0: INFO:     10.128.0.106:59552 - "POST /v1/chat/completions HTTP/1.1" 200 OK
2026-07-24 19:00:22,213 - sflow.task.server_5 - INFO - 0: INFO:     10.128.0.106:59558 - "POST /v1/chat/completions HTTP/1.1" 200 OK
2026-07-24 19:00:22,213 - sflow.task.server_5 - INFO - 0: INFO:     10.128.0.106:59568 - "POST /v1/chat/completions HTTP/1.1" 200 OK
2026-07-24 19:00:22,315 - sflow.task.server_5 - INFO - 0: INFO:     10.128.0.106:59584 - "POST /v1/chat/completions HTTP/1.1" 200 OK
2026-07-24 19:00:22,418 - sflow.task.server_5 - INFO - 0: INFO:     10.128.0.106:59600 - "POST /v1/chat/completions HTTP/1.1" 200 OK
2026-07-24 19:00:22,571 - sflow.task.server_5 - INFO - 0: INFO:     10.128.0.106:59614 - "POST /v1/chat/completions HTTP/1.1" 200 OK
2026-07-24 19:00:22,725 - sflow.task.server_5 - INFO - 0: INFO:     10.128.0.106:59618 - "POST /v1/chat/completions HTTP/1.1" 200 OK
2026-07-24 19:00:22,777 - sflow.task.server_5 - INFO - 0: INFO:     10.128.0.106:59632 - "POST /v1/chat/completions HTTP/1.1" 200 OK
2026-07-24 19:00:22,880 - sflow.task.server_5 - INFO - 0: INFO:     10.128.0.106:59642 - "POST /v1/chat/completions HTTP/1.1" 200 OK
2026-07-24 19:00:22,931 - sflow.task.server_5 - INFO - 0: INFO:     10.128.0.106:59654 - "POST /v1/chat/completions HTTP/1.1" 200 OK
2026-07-24 19:00:23,034 - sflow.task.server_5 - INFO - 0: INFO:     10.128.0.106:59660 - "POST /v1/chat/completions HTTP/1.1" 200 OK
2026-07-24 19:00:23,137 - sflow.task.server_5 - INFO - 0: INFO:     10.128.0.106:59668 - "POST /v1/chat/completions HTTP/1.1" 200 OK
2026-07-24 19:00:23,137 - sflow.task.server_5 - INFO - 0: INFO:     10.128.0.106:59674 - "POST /v1/chat/completions HTTP/1.1" 200 OK
2026-07-24 19:00:23,189 - sflow.task.server_5 - INFO - 0: INFO:     10.128.0.106:59680 - "POST /v1/chat/completions HTTP/1.1" 200 OK
2026-07-24 19:00:23,239 - sflow.task.server_5 - INFO - 0: INFO:     10.128.0.106:59692 - "POST /v1/chat/completions HTTP/1.1" 200 OK
2026-07-24 19:00:23,341 - sflow.task.server_5 - INFO - 0: INFO:     10.128.0.106:59706 - "POST /v1/chat/completions HTTP/1.1" 200 OK
2026-07-24 19:00:23,443 - sflow.task.server_5 - INFO - 0: INFO:     10.128.0.106:59714 - "POST /v1/chat/completions HTTP/1.1" 200 OK
2026-07-24 19:00:23,443 - sflow.task.server_5 - INFO - 0: INFO:     10.128.0.106:59718 - "POST /v1/chat/completions HTTP/1.1" 200 OK
2026-07-24 19:00:23,596 - sflow.task.server_5 - INFO - 0: INFO:     10.128.0.106:59720 - "POST /v1/chat/completions HTTP/1.1" 200 OK
2026-07-24 19:00:23,697 - sflow.task.server_5 - INFO - 0: INFO:     10.128.0.106:59726 - "POST /v1/chat/completions HTTP/1.1" 200 OK
2026-07-24 19:00:23,798 - sflow.task.server_5 - INFO - 0: INFO:     10.128.0.106:59728 - "POST /v1/chat/completions HTTP/1.1" 200 OK
2026-07-24 19:00:23,848 - sflow.task.server_5 - INFO - 0: INFO:     10.128.0.106:59740 - "POST /v1/chat/completions HTTP/1.1" 200 OK
2026-07-24 19:00:23,899 - sflow.task.server_5 - INFO - 0: INFO:     10.128.0.106:59756 - "POST /v1/chat/completions HTTP/1.1" 200 OK
2026-07-24 19:00:24,000 - sflow.task.server_5 - INFO - 0: INFO:     10.128.0.106:59762 - "POST /v1/chat/completions HTTP/1.1" 200 OK
2026-07-24 19:00:24,102 - sflow.task.server_5 - INFO - 0: INFO:     10.128.0.106:59774 - "POST /v1/chat/completions HTTP/1.1" 200 OK
2026-07-24 19:00:24,203 - sflow.task.server_5 - INFO - 0: INFO:     10.128.0.106:59786 - "POST /v1/chat/completions HTTP/1.1" 200 OK
2026-07-24 19:00:24,203 - sflow.task.server_5 - INFO - 0: INFO:     10.128.0.106:59796 - "POST /v1/chat/completions HTTP/1.1" 200 OK
2026-07-24 19:00:24,203 - sflow.task.server_5 - INFO - 0: INFO:     10.128.0.106:59804 - "POST /v1/chat/completions HTTP/1.1" 200 OK
2026-07-24 19:00:24,254 - sflow.task.server_5 - INFO - 0: INFO:     10.128.0.106:59820 - "POST /v1/chat/completions HTTP/1.1" 200 OK
2026-07-24 19:00:24,355 - sflow.task.server_5 - INFO - 0: INFO:     10.128.0.106:59830 - "POST /v1/chat/completions HTTP/1.1" 200 OK
2026-07-24 19:00:24,355 - sflow.task.server_5 - INFO - 0: INFO:     10.128.0.106:59840 - "POST /v1/chat/completions HTTP/1.1" 200 OK
2026-07-24 19:00:24,406 - sflow.task.server_5 - INFO - 0: INFO:     10.128.0.106:59844 - "POST /v1/chat/completions HTTP/1.1" 200 OK
2026-07-24 19:00:24,456 - sflow.task.server_5 - INFO - 0: INFO:     10.128.0.106:59854 - "POST /v1/chat/completions HTTP/1.1" 200 OK
2026-07-24 19:00:24,558 - sflow.task.server_5 - INFO - 0: INFO:     10.128.0.106:59866 - "POST /v1/chat/completions HTTP/1.1" 200 OK
2026-07-24 19:00:24,609 - sflow.task.server_5 - INFO - 0: INFO:     10.128.0.106:59868 - "POST /v1/chat/completions HTTP/1.1" 200 OK
2026-07-24 19:00:24,761 - sflow.task.server_5 - INFO - 0: INFO:     10.128.0.106:59882 - "POST /v1/chat/completions HTTP/1.1" 200 OK
2026-07-24 19:00:24,862 - sflow.task.server_5 - INFO - 0: INFO:     10.128.0.106:59890 - "POST /v1/chat/completions HTTP/1.1" 200 OK
2026-07-24 19:00:25,065 - sflow.task.server_5 - INFO - 0: INFO:     10.128.0.106:59896 - "POST /v1/chat/completions HTTP/1.1" 200 OK
2026-07-24 19:00:25,167 - sflow.task.server_5 - INFO - 0: INFO:     10.128.0.106:59902 - "POST /v1/chat/completions HTTP/1.1" 200 OK
2026-07-24 19:00:25,218 - sflow.task.server_5 - INFO - 0: INFO:     10.128.0.106:59910 - "POST /v1/chat/completions HTTP/1.1" 200 OK
2026-07-24 19:00:25,369 - sflow.task.server_5 - INFO - 0: INFO:     10.128.0.106:35142 - "POST /v1/chat/completions HTTP/1.1" 200 OK
2026-07-24 19:00:25,471 - sflow.task.server_5 - INFO - 0: INFO:     10.128.0.106:35158 - "POST /v1/chat/completions HTTP/1.1" 200 OK
2026-07-24 19:00:25,521 - sflow.task.server_5 - INFO - 0: INFO:     10.128.0.106:35174 - "POST /v1/chat/completions HTTP/1.1" 200 OK
2026-07-24 19:00:25,675 - sflow.task.server_5 - INFO - 0: INFO:     10.128.0.106:35190 - "POST /v1/chat/completions HTTP/1.1" 200 OK
2026-07-24 19:00:25,726 - sflow.task.server_5 - INFO - 0: INFO:     10.128.0.106:35192 - "POST /v1/chat/completions HTTP/1.1" 200 OK
2026-07-24 19:00:25,726 - sflow.task.server_5 - INFO - 0: INFO:     10.128.0.106:35194 - "POST /v1/chat/completions HTTP/1.1" 200 OK
2026-07-24 19:00:25,776 - sflow.task.server_5 - INFO - 0: INFO:     10.128.0.106:35198 - "POST /v1/chat/completions HTTP/1.1" 200 OK
2026-07-24 19:00:25,828 - sflow.task.server_5 - INFO - 0: INFO:     10.128.0.106:35208 - "POST /v1/chat/completions HTTP/1.1" 200 OK
2026-07-24 19:00:25,979 - sflow.task.server_5 - INFO - 0: INFO:     10.128.0.106:35212 - "POST /v1/chat/completions HTTP/1.1" 200 OK
2026-07-24 19:00:26,030 - sflow.task.server_5 - INFO - 0: INFO:     10.128.0.106:35224 - "POST /v1/chat/completions HTTP/1.1" 200 OK
2026-07-24 19:00:26,182 - sflow.task.server_5 - INFO - 0: INFO:     10.128.0.106:35238 - "POST /v1/chat/completions HTTP/1.1" 200 OK
2026-07-24 19:00:26,232 - sflow.task.server_5 - INFO - 0: INFO:     10.128.0.106:35246 - "POST /v1/chat/completions HTTP/1.1" 200 OK
2026-07-24 19:00:26,334 - sflow.task.server_5 - INFO - 0: INFO:     10.128.0.106:35248 - "POST /v1/chat/completions HTTP/1.1" 200 OK
2026-07-24 19:00:26,435 - sflow.task.server_5 - INFO - 0: INFO:     10.128.0.106:35250 - "POST /v1/chat/completions HTTP/1.1" 200 OK
2026-07-24 19:00:26,435 - sflow.task.server_5 - INFO - 0: INFO:     10.128.0.106:35258 - "POST /v1/chat/completions HTTP/1.1" 200 OK
2026-07-24 19:00:26,537 - sflow.task.server_5 - INFO - 0: INFO:     10.128.0.106:35260 - "POST /v1/chat/completions HTTP/1.1" 200 OK
2026-07-24 19:00:26,588 - sflow.task.server_5 - INFO - 0: INFO:     10.128.0.106:35268 - "POST /v1/chat/completions HTTP/1.1" 200 OK
2026-07-24 19:00:26,690 - sflow.task.server_5 - INFO - 0: INFO:     10.128.0.106:35276 - "POST /v1/chat/completions HTTP/1.1" 200 OK
2026-07-24 19:00:26,791 - sflow.task.server_5 - INFO - 0: INFO:     10.128.0.106:35278 - "POST /v1/chat/completions HTTP/1.1" 200 OK
2026-07-24 19:00:26,893 - sflow.task.server_5 - INFO - 0: INFO:     10.128.0.106:35282 - "POST /v1/chat/completions HTTP/1.1" 200 OK
2026-07-24 19:00:26,944 - sflow.task.server_5 - INFO - 0: INFO:     10.128.0.106:35298 - "POST /v1/chat/completions HTTP/1.1" 200 OK
2026-07-24 19:00:27,045 - sflow.task.server_5 - INFO - 0: INFO:     10.128.0.106:35300 - "POST /v1/chat/completions HTTP/1.1" 200 OK
2026-07-24 19:00:27,096 - sflow.task.server_5 - INFO - 0: INFO:     10.128.0.106:35304 - "POST /v1/chat/completions HTTP/1.1" 200 OK
2026-07-24 19:00:27,198 - sflow.task.server_5 - INFO - 0: INFO:     10.128.0.106:35310 - "POST /v1/chat/completions HTTP/1.1" 200 OK
2026-07-24 19:00:27,248 - sflow.task.server_5 - INFO - 0: INFO:     10.128.0.106:35314 - "POST /v1/chat/completions HTTP/1.1" 200 OK
2026-07-24 19:00:27,299 - sflow.task.server_5 - INFO - 0: INFO:     10.128.0.106:35318 - "POST /v1/chat/completions HTTP/1.1" 200 OK
2026-07-24 19:00:27,350 - sflow.task.server_5 - INFO - 0: INFO:     10.128.0.106:35320 - "POST /v1/chat/completions HTTP/1.1" 200 OK
2026-07-24 19:00:27,452 - sflow.task.server_5 - INFO - 0: INFO:     10.128.0.106:35326 - "POST /v1/chat/completions HTTP/1.1" 200 OK
2026-07-24 19:00:27,503 - sflow.task.server_5 - INFO - 0: INFO:     10.128.0.106:35334 - "POST /v1/chat/completions HTTP/1.1" 200 OK
2026-07-24 19:00:27,604 - sflow.task.server_5 - INFO - 0: INFO:     10.128.0.106:35338 - "POST /v1/chat/completions HTTP/1.1" 200 OK
2026-07-24 19:00:27,656 - sflow.task.server_5 - INFO - 0: INFO:     10.128.0.106:35352 - "POST /v1/chat/completions HTTP/1.1" 200 OK
2026-07-24 19:00:27,706 - sflow.task.server_5 - INFO - 0: INFO:     10.128.0.106:35354 - "POST /v1/chat/completions HTTP/1.1" 200 OK
2026-07-24 19:00:27,858 - sflow.task.server_5 - INFO - 0: INFO:     10.128.0.106:35358 - "POST /v1/chat/completions HTTP/1.1" 200 OK
2026-07-24 19:00:27,910 - sflow.task.server_5 - INFO - 0: INFO:     10.128.0.106:35360 - "POST /v1/chat/completions HTTP/1.1" 200 OK
2026-07-24 19:00:28,063 - sflow.task.server_5 - INFO - 0: INFO:     10.128.0.106:35362 - "POST /v1/chat/completions HTTP/1.1" 200 OK
2026-07-24 19:00:28,214 - sflow.task.server_5 - INFO - 0: INFO:     10.128.0.106:35378 - "POST /v1/chat/completions HTTP/1.1" 200 OK
2026-07-24 19:00:28,316 - sflow.task.server_5 - INFO - 0: INFO:     10.128.0.106:35388 - "POST /v1/chat/completions HTTP/1.1" 200 OK
2026-07-24 19:00:28,417 - sflow.task.server_5 - INFO - 0: INFO:     10.128.0.106:35398 - "POST /v1/chat/completions HTTP/1.1" 200 OK
2026-07-24 19:00:28,417 - sflow.task.server_5 - INFO - 0: INFO:     10.128.0.106:35412 - "POST /v1/chat/completions HTTP/1.1" 200 OK
2026-07-24 19:00:28,570 - sflow.task.server_5 - INFO - 0: INFO:     10.128.0.106:35422 - "POST /v1/chat/completions HTTP/1.1" 200 OK
2026-07-24 19:00:28,570 - sflow.task.server_5 - INFO - 0: INFO:     10.128.0.106:35430 - "POST /v1/chat/completions HTTP/1.1" 200 OK
2026-07-24 19:00:28,724 - sflow.task.server_5 - INFO - 0: INFO:     10.128.0.106:35442 - "POST /v1/chat/completions HTTP/1.1" 200 OK
2026-07-24 19:00:28,775 - sflow.task.server_5 - INFO - 0: INFO:     10.128.0.106:35456 - "POST /v1/chat/completions HTTP/1.1" 200 OK
2026-07-24 19:00:28,825 - sflow.task.server_5 - INFO - 0: INFO:     10.128.0.106:35458 - "POST /v1/chat/completions HTTP/1.1" 200 OK
2026-07-24 19:00:28,927 - sflow.task.server_5 - INFO - 0: INFO:     10.128.0.106:35466 - "POST /v1/chat/completions HTTP/1.1" 200 OK
2026-07-24 19:00:28,927 - sflow.task.server_5 - INFO - 0: INFO:     10.128.0.106:35474 - "POST /v1/chat/completions HTTP/1.1" 200 OK
2026-07-24 19:00:28,979 - sflow.task.server_5 - INFO - 0: INFO:     10.128.0.106:35482 - "POST /v1/chat/completions HTTP/1.1" 200 OK
2026-07-24 19:00:29,133 - sflow.task.server_5 - INFO - 0: INFO:     10.128.0.106:35494 - "POST /v1/chat/completions HTTP/1.1" 200 OK
2026-07-24 19:00:29,184 - sflow.task.server_5 - INFO - 0: INFO:     10.128.0.106:35498 - "POST /v1/chat/completions HTTP/1.1" 200 OK
2026-07-24 19:00:29,337 - sflow.task.server_5 - INFO - 0: INFO:     10.128.0.106:35514 - "POST /v1/chat/completions HTTP/1.1" 200 OK
2026-07-24 19:00:29,439 - sflow.task.server_5 - INFO - 0: INFO:     10.128.0.106:35524 - "POST /v1/chat/completions HTTP/1.1" 200 OK
2026-07-24 19:00:29,490 - sflow.task.server_5 - INFO - 0: INFO:     10.128.0.106:35540 - "POST /v1/chat/completions HTTP/1.1" 200 OK
2026-07-24 19:00:29,541 - sflow.task.server_5 - INFO - 0: INFO:     10.128.0.106:35548 - "POST /v1/chat/completions HTTP/1.1" 200 OK
2026-07-24 19:00:29,745 - sflow.task.server_5 - INFO - 0: INFO:     10.128.0.106:35562 - "POST /v1/chat/completions HTTP/1.1" 200 OK
2026-07-24 19:00:29,796 - sflow.task.server_5 - INFO - 0: INFO:     10.128.0.106:35570 - "POST /v1/chat/completions HTTP/1.1" 200 OK
2026-07-24 19:00:29,849 - sflow.task.server_5 - INFO - 0: INFO:     10.128.0.106:35578 - "POST /v1/chat/completions HTTP/1.1" 200 OK
2026-07-24 19:00:29,900 - sflow.task.server_5 - INFO - 0: INFO:     10.128.0.106:35594 - "POST /v1/chat/completions HTTP/1.1" 200 OK
2026-07-24 19:00:30,002 - sflow.task.server_5 - INFO - 0: INFO:     10.128.0.106:35610 - "POST /v1/chat/completions HTTP/1.1" 200 OK
2026-07-24 19:00:30,053 - sflow.task.server_5 - INFO - 0: INFO:     10.128.0.106:35624 - "POST /v1/chat/completions HTTP/1.1" 200 OK
2026-07-24 19:00:30,204 - sflow.task.server_5 - INFO - 0: INFO:     10.128.0.106:35628 - "POST /v1/chat/completions HTTP/1.1" 200 OK
2026-07-24 19:00:30,255 - sflow.task.server_5 - INFO - 0: INFO:     10.128.0.106:35632 - "POST /v1/chat/completions HTTP/1.1" 200 OK
2026-07-24 19:00:30,306 - sflow.task.server_5 - INFO - 0: INFO:     10.128.0.106:35640 - "POST /v1/chat/completions HTTP/1.1" 200 OK
2026-07-24 19:00:30,458 - sflow.task.server_5 - INFO - 0: INFO:     10.128.0.106:35654 - "POST /v1/chat/completions HTTP/1.1" 200 OK
2026-07-24 19:00:30,559 - sflow.task.server_5 - INFO - 0: INFO:     10.128.0.106:35660 - "POST /v1/chat/completions HTTP/1.1" 200 OK
2026-07-24 19:00:30,559 - sflow.task.server_5 - INFO - 0: INFO:     10.128.0.106:35674 - "POST /v1/chat/completions HTTP/1.1" 200 OK
2026-07-24 19:00:30,559 - sflow.task.server_5 - INFO - 0: INFO:     10.128.0.106:35690 - "POST /v1/chat/completions HTTP/1.1" 200 OK
2026-07-24 19:00:30,711 - sflow.task.server_5 - INFO - 0: INFO:     10.128.0.106:35692 - "POST /v1/chat/completions HTTP/1.1" 200 OK
2026-07-24 19:00:30,814 - sflow.task.server_5 - INFO - 0: INFO:     10.128.0.106:35700 - "POST /v1/chat/completions HTTP/1.1" 200 OK
2026-07-24 19:00:30,814 - sflow.task.server_5 - INFO - 0: INFO:     10.128.0.106:35702 - "POST /v1/chat/completions HTTP/1.1" 200 OK
2026-07-24 19:00:30,916 - sflow.task.server_5 - INFO - 0: INFO:     10.128.0.106:35716 - "POST /v1/chat/completions HTTP/1.1" 200 OK
2026-07-24 19:00:30,916 - sflow.task.server_5 - INFO - 0: INFO:     10.128.0.106:35722 - "POST /v1/chat/completions HTTP/1.1" 200 OK
2026-07-24 19:00:30,967 - sflow.task.server_5 - INFO - 0: INFO:     10.128.0.106:35728 - "POST /v1/chat/completions HTTP/1.1" 200 OK
2026-07-24 19:00:31,068 - sflow.task.server_5 - INFO - 0: INFO:     10.128.0.106:35744 - "POST /v1/chat/completions HTTP/1.1" 200 OK
2026-07-24 19:00:31,220 - sflow.task.server_5 - INFO - 0: INFO:     10.128.0.106:35746 - "POST /v1/chat/completions HTTP/1.1" 200 OK
2026-07-24 19:00:31,220 - sflow.task.server_5 - INFO - 0: INFO:     10.128.0.106:35756 - "POST /v1/chat/completions HTTP/1.1" 200 OK
2026-07-24 19:00:31,271 - sflow.task.server_5 - INFO - 0: INFO:     10.128.0.106:35770 - "POST /v1/chat/completions HTTP/1.1" 200 OK
2026-07-24 19:00:31,321 - sflow.task.server_5 - INFO - 0: INFO:     10.128.0.106:35776 - "POST /v1/chat/completions HTTP/1.1" 200 OK
2026-07-24 19:00:31,473 - sflow.task.server_5 - INFO - 0: INFO:     10.128.0.106:35790 - "POST /v1/chat/completions HTTP/1.1" 200 OK
2026-07-24 19:00:31,474 - sflow.task.server_5 - INFO - 0: INFO:     10.128.0.106:35806 - "POST /v1/chat/completions HTTP/1.1" 200 OK
2026-07-24 19:00:31,727 - sflow.task.server_5 - INFO - 0: INFO:     10.128.0.106:35812 - "POST /v1/chat/completions HTTP/1.1" 200 OK
2026-07-24 19:00:31,778 - sflow.task.server_5 - INFO - 0: INFO:     10.128.0.106:35820 - "POST /v1/chat/completions HTTP/1.1" 200 OK
2026-07-24 19:00:31,829 - sflow.task.server_5 - INFO - 0: INFO:     10.128.0.106:35828 - "POST /v1/chat/completions HTTP/1.1" 200 OK
2026-07-24 19:00:31,880 - sflow.task.server_5 - INFO - 0: INFO:     10.128.0.106:35844 - "POST /v1/chat/completions HTTP/1.1" 200 OK
2026-07-24 19:00:31,880 - sflow.task.server_5 - INFO - 0: INFO:     10.128.0.106:35848 - "POST /v1/chat/completions HTTP/1.1" 200 OK
2026-07-24 19:00:32,084 - sflow.task.server_5 - INFO - 0: INFO:     10.128.0.106:35858 - "POST /v1/chat/completions HTTP/1.1" 200 OK
2026-07-24 19:00:32,084 - sflow.task.server_5 - INFO - 0: INFO:     10.128.0.106:35860 - "POST /v1/chat/completions HTTP/1.1" 200 OK
2026-07-24 19:00:32,135 - sflow.task.server_5 - INFO - 0: INFO:     10.128.0.106:35868 - "POST /v1/chat/completions HTTP/1.1" 200 OK
2026-07-24 19:00:32,289 - sflow.task.server_5 - INFO - 0: INFO:     10.128.0.106:35874 - "POST /v1/chat/completions HTTP/1.1" 200 OK
2026-07-24 19:00:32,442 - sflow.task.server_5 - INFO - 0: INFO:     10.128.0.106:59256 - "POST /v1/chat/completions HTTP/1.1" 200 OK
2026-07-24 19:00:32,594 - sflow.task.server_5 - INFO - 0: INFO:     10.128.0.106:35884 - "POST /v1/chat/completions HTTP/1.1" 200 OK
2026-07-24 19:00:32,696 - sflow.task.server_5 - INFO - 0: INFO:     10.128.0.106:35886 - "POST /v1/chat/completions HTTP/1.1" 200 OK
2026-07-24 19:00:32,799 - sflow.task.server_5 - INFO - 0: INFO:     10.128.0.106:35892 - "POST /v1/chat/completions HTTP/1.1" 200 OK
2026-07-24 19:00:32,850 - sflow.task.server_5 - INFO - 0: INFO:     10.128.0.106:35896 - "POST /v1/chat/completions HTTP/1.1" 200 OK
2026-07-24 19:00:33,105 - sflow.task.server_5 - INFO - 0: INFO:     10.128.0.106:35902 - "POST /v1/chat/completions HTTP/1.1" 200 OK
2026-07-24 19:00:33,156 - sflow.task.server_5 - INFO - 0: INFO:     10.128.0.106:35906 - "POST /v1/chat/completions HTTP/1.1" 200 OK
2026-07-24 19:00:33,207 - sflow.task.server_5 - INFO - 0: INFO:     10.128.0.106:35922 - "POST /v1/chat/completions HTTP/1.1" 200 OK
2026-07-24 19:00:33,257 - sflow.task.server_5 - INFO - 0: INFO:     10.128.0.106:35926 - "POST /v1/chat/completions HTTP/1.1" 200 OK
2026-07-24 19:00:33,358 - sflow.task.server_5 - INFO - 0: INFO:     10.128.0.106:35938 - "POST /v1/chat/completions HTTP/1.1" 200 OK
2026-07-24 19:00:33,409 - sflow.task.server_5 - INFO - 0: INFO:     10.128.0.106:35948 - "POST /v1/chat/completions HTTP/1.1" 200 OK
2026-07-24 19:00:33,562 - sflow.task.server_5 - INFO - 0: INFO:     10.128.0.106:35950 - "POST /v1/chat/completions HTTP/1.1" 200 OK
2026-07-24 19:00:33,665 - sflow.task.server_5 - INFO - 0: INFO:     10.128.0.106:35952 - "POST /v1/chat/completions HTTP/1.1" 200 OK
2026-07-24 19:00:33,716 - sflow.task.server_5 - INFO - 0: INFO:     10.128.0.106:35962 - "POST /v1/chat/completions HTTP/1.1" 200 OK
2026-07-24 19:00:33,817 - sflow.task.server_5 - INFO - 0: INFO:     10.128.0.106:35966 - "POST /v1/chat/completions HTTP/1.1" 200 OK
2026-07-24 19:00:33,817 - sflow.task.server_5 - INFO - 0: INFO:     10.128.0.106:35974 - "POST /v1/chat/completions HTTP/1.1" 200 OK
2026-07-24 19:00:33,868 - sflow.task.server_5 - INFO - 0: INFO:     10.128.0.106:35980 - "POST /v1/chat/completions HTTP/1.1" 200 OK
2026-07-24 19:00:34,072 - sflow.task.server_5 - INFO - 0: INFO:     10.128.0.106:35990 - "POST /v1/chat/completions HTTP/1.1" 200 OK
2026-07-24 19:00:34,123 - sflow.task.server_5 - INFO - 0: INFO:     10.128.0.106:35992 - "POST /v1/chat/completions HTTP/1.1" 200 OK
2026-07-24 19:00:34,123 - sflow.task.server_5 - INFO - 0: INFO:     10.128.0.106:36006 - "POST /v1/chat/completions HTTP/1.1" 200 OK
2026-07-24 19:00:34,275 - sflow.task.server_5 - INFO - 0: INFO:     10.128.0.106:36008 - "POST /v1/chat/completions HTTP/1.1" 200 OK
2026-07-24 19:00:34,275 - sflow.task.server_5 - INFO - 0: INFO:     10.128.0.106:36024 - "POST /v1/chat/completions HTTP/1.1" 200 OK
2026-07-24 19:00:34,479 - sflow.task.server_5 - INFO - 0: INFO:     10.128.0.106:51260 - "POST /v1/chat/completions HTTP/1.1" 200 OK
2026-07-24 19:00:34,479 - sflow.task.server_5 - INFO - 0: INFO:     10.128.0.106:36028 - "POST /v1/chat/completions HTTP/1.1" 200 OK
2026-07-24 19:00:34,632 - sflow.task.server_5 - INFO - 0: INFO:     10.128.0.106:36032 - "POST /v1/chat/completions HTTP/1.1" 200 OK
2026-07-24 19:00:34,632 - sflow.task.server_5 - INFO - 0: INFO:     10.128.0.106:36042 - "POST /v1/chat/completions HTTP/1.1" 200 OK
2026-07-24 19:00:34,735 - sflow.task.server_5 - INFO - 0: INFO:     10.128.0.106:36058 - "POST /v1/chat/completions HTTP/1.1" 200 OK
2026-07-24 19:00:34,786 - sflow.task.server_5 - INFO - 0: INFO:     10.128.0.106:36070 - "POST /v1/chat/completions HTTP/1.1" 200 OK
2026-07-24 19:00:34,887 - sflow.task.server_5 - INFO - 0: INFO:     10.128.0.106:36072 - "POST /v1/chat/completions HTTP/1.1" 200 OK
2026-07-24 19:00:35,040 - sflow.task.server_5 - INFO - 0: INFO:     10.128.0.106:36074 - "POST /v1/chat/completions HTTP/1.1" 200 OK
2026-07-24 19:00:35,090 - sflow.task.server_5 - INFO - 0: INFO:     10.128.0.106:36084 - "POST /v1/chat/completions HTTP/1.1" 200 OK
2026-07-24 19:00:35,191 - sflow.task.server_5 - INFO - 0: INFO:     10.128.0.106:36088 - "POST /v1/chat/completions HTTP/1.1" 200 OK
2026-07-24 19:00:35,242 - sflow.task.server_5 - INFO - 0: INFO:     10.128.0.106:36104 - "POST /v1/chat/completions HTTP/1.1" 200 OK
2026-07-24 19:00:35,396 - sflow.task.server_5 - INFO - 0: INFO:     10.128.0.106:34178 - "POST /v1/chat/completions HTTP/1.1" 200 OK
2026-07-24 19:00:35,446 - sflow.task.server_5 - INFO - 0: INFO:     10.128.0.106:34186 - "POST /v1/chat/completions HTTP/1.1" 200 OK
2026-07-24 19:00:35,548 - sflow.task.server_5 - INFO - 0: INFO:     10.128.0.106:34188 - "POST /v1/chat/completions HTTP/1.1" 200 OK
2026-07-24 19:00:35,599 - sflow.task.server_5 - INFO - 0: INFO:     10.128.0.106:34196 - "POST /v1/chat/completions HTTP/1.1" 200 OK
2026-07-24 19:00:35,650 - sflow.task.server_5 - INFO - 0: INFO:     10.128.0.106:34200 - "POST /v1/chat/completions HTTP/1.1" 200 OK
2026-07-24 19:00:35,802 - sflow.task.server_5 - INFO - 0: INFO:     10.128.0.106:34204 - "POST /v1/chat/completions HTTP/1.1" 200 OK
2026-07-24 19:00:35,802 - sflow.task.server_5 - INFO - 0: INFO:     10.128.0.106:34218 - "POST /v1/chat/completions HTTP/1.1" 200 OK
2026-07-24 19:00:35,853 - sflow.task.server_5 - INFO - 0: INFO:     10.128.0.106:34234 - "POST /v1/chat/completions HTTP/1.1" 200 OK
2026-07-24 19:00:35,903 - sflow.task.server_5 - INFO - 0: INFO:     10.128.0.106:34238 - "POST /v1/chat/completions HTTP/1.1" 200 OK
2026-07-24 19:00:36,005 - sflow.task.server_5 - INFO - 0: INFO:     10.128.0.106:34240 - "POST /v1/chat/completions HTTP/1.1" 200 OK
2026-07-24 19:00:36,106 - sflow.task.server_5 - INFO - 0: INFO:     10.128.0.106:34250 - "POST /v1/chat/completions HTTP/1.1" 200 OK
2026-07-24 19:00:36,208 - sflow.task.server_5 - INFO - 0: INFO:     10.128.0.106:34262 - "POST /v1/chat/completions HTTP/1.1" 200 OK
2026-07-24 19:00:36,310 - sflow.task.server_5 - INFO - 0: INFO:     10.128.0.106:34266 - "POST /v1/chat/completions HTTP/1.1" 200 OK
2026-07-24 19:00:36,360 - sflow.task.server_5 - INFO - 0: INFO:     10.128.0.106:34278 - "POST /v1/chat/completions HTTP/1.1" 200 OK
2026-07-24 19:00:36,462 - sflow.task.server_5 - INFO - 0: INFO:     10.128.0.106:34288 - "POST /v1/chat/completions HTTP/1.1" 200 OK
2026-07-24 19:00:36,513 - sflow.task.server_5 - INFO - 0: INFO:     10.128.0.106:34296 - "POST /v1/chat/completions HTTP/1.1" 200 OK
2026-07-24 19:00:36,513 - sflow.task.server_5 - INFO - 0: INFO:     10.128.0.106:34304 - "POST /v1/chat/completions HTTP/1.1" 200 OK
2026-07-24 19:00:36,768 - sflow.task.server_5 - INFO - 0: INFO:     10.128.0.106:34306 - "POST /v1/chat/completions HTTP/1.1" 200 OK
2026-07-24 19:00:36,768 - sflow.task.server_5 - INFO - 0: INFO:     10.128.0.106:34310 - "POST /v1/chat/completions HTTP/1.1" 200 OK
2026-07-24 19:00:36,870 - sflow.task.server_5 - INFO - 0: INFO:     10.128.0.106:34314 - "POST /v1/chat/completions HTTP/1.1" 200 OK
2026-07-24 19:00:36,920 - sflow.task.server_5 - INFO - 0: INFO:     10.128.0.106:34320 - "POST /v1/chat/completions HTTP/1.1" 200 OK
2026-07-24 19:00:36,971 - sflow.task.server_5 - INFO - 0: INFO:     10.128.0.106:34328 - "POST /v1/chat/completions HTTP/1.1" 200 OK
2026-07-24 19:00:37,072 - sflow.task.server_5 - INFO - 0: INFO:     10.128.0.106:34338 - "POST /v1/chat/completions HTTP/1.1" 200 OK
2026-07-24 19:00:37,072 - sflow.task.server_5 - INFO - 0: INFO:     10.128.0.106:34346 - "POST /v1/chat/completions HTTP/1.1" 200 OK
2026-07-24 19:00:37,174 - sflow.task.server_5 - INFO - 0: INFO:     10.128.0.106:34350 - "POST /v1/chat/completions HTTP/1.1" 200 OK
2026-07-24 19:00:37,174 - sflow.task.server_5 - INFO - 0: INFO:     10.128.0.106:34352 - "POST /v1/chat/completions HTTP/1.1" 200 OK
2026-07-24 19:00:37,224 - sflow.task.server_5 - INFO - 0: INFO:     10.128.0.106:34356 - "POST /v1/chat/completions HTTP/1.1" 200 OK
2026-07-24 19:00:37,326 - sflow.task.server_5 - INFO - 0: INFO:     10.128.0.106:34358 - "POST /v1/chat/completions HTTP/1.1" 200 OK
2026-07-24 19:00:37,428 - sflow.task.server_5 - INFO - 0: INFO:     10.128.0.106:34362 - "POST /v1/chat/completions HTTP/1.1" 200 OK
2026-07-24 19:00:37,530 - sflow.task.server_5 - INFO - 0: INFO:     10.128.0.106:34364 - "POST /v1/chat/completions HTTP/1.1" 200 OK
2026-07-24 19:00:37,632 - sflow.task.server_5 - INFO - 0: INFO:     10.128.0.106:34376 - "POST /v1/chat/completions HTTP/1.1" 200 OK
2026-07-24 19:00:37,734 - sflow.task.server_5 - INFO - 0: INFO:     10.128.0.106:34390 - "POST /v1/chat/completions HTTP/1.1" 200 OK
2026-07-24 19:00:37,785 - sflow.task.server_5 - INFO - 0: INFO:     10.128.0.106:34396 - "POST /v1/chat/completions HTTP/1.1" 200 OK
2026-07-24 19:00:37,886 - sflow.task.server_5 - INFO - 0: INFO:     10.128.0.106:34398 - "POST /v1/chat/completions HTTP/1.1" 200 OK
2026-07-24 19:00:37,886 - sflow.task.server_5 - INFO - 0: INFO:     10.128.0.106:34408 - "POST /v1/chat/completions HTTP/1.1" 200 OK
2026-07-24 19:00:37,988 - sflow.task.server_5 - INFO - 0: INFO:     10.128.0.106:34416 - "POST /v1/chat/completions HTTP/1.1" 200 OK
2026-07-24 19:00:38,039 - sflow.task.server_5 - INFO - 0: INFO:     10.128.0.106:34424 - "POST /v1/chat/completions HTTP/1.1" 200 OK
2026-07-24 19:00:38,191 - sflow.task.server_5 - INFO - 0: INFO:     10.128.0.106:34436 - "POST /v1/chat/completions HTTP/1.1" 200 OK
2026-07-24 19:00:38,191 - sflow.task.server_5 - INFO - 0: INFO:     10.128.0.106:34446 - "POST /v1/chat/completions HTTP/1.1" 200 OK
2026-07-24 19:00:38,191 - sflow.task.server_5 - INFO - 0: INFO:     10.128.0.106:34450 - "POST /v1/chat/completions HTTP/1.1" 200 OK
2026-07-24 19:00:38,344 - sflow.task.server_5 - INFO - 0: INFO:     10.128.0.106:34464 - "POST /v1/chat/completions HTTP/1.1" 200 OK
2026-07-24 19:00:38,496 - sflow.task.server_5 - INFO - 0: INFO:     10.128.0.106:34470 - "POST /v1/chat/completions HTTP/1.1" 200 OK
2026-07-24 19:00:38,546 - sflow.task.server_5 - INFO - 0: INFO:     10.128.0.106:34484 - "POST /v1/chat/completions HTTP/1.1" 200 OK
2026-07-24 19:00:38,648 - sflow.task.server_5 - INFO - 0: INFO:     10.128.0.106:34494 - "POST /v1/chat/completions HTTP/1.1" 200 OK
2026-07-24 19:00:38,700 - sflow.task.server_5 - INFO - 0: INFO:     10.128.0.106:34508 - "POST /v1/chat/completions HTTP/1.1" 200 OK
2026-07-24 19:00:38,853 - sflow.task.server_5 - INFO - 0: INFO:     10.128.0.106:34522 - "POST /v1/chat/completions HTTP/1.1" 200 OK
2026-07-24 19:00:38,853 - sflow.task.server_5 - INFO - 0: INFO:     10.128.0.106:34538 - "POST /v1/chat/completions HTTP/1.1" 200 OK
2026-07-24 19:00:38,903 - sflow.task.server_5 - INFO - 0: INFO:     10.128.0.106:34550 - "POST /v1/chat/completions HTTP/1.1" 200 OK
2026-07-24 19:00:39,056 - sflow.task.server_5 - INFO - 0: INFO:     10.128.0.106:34556 - "POST /v1/chat/completions HTTP/1.1" 200 OK
2026-07-24 19:00:39,056 - sflow.task.server_5 - INFO - 0: INFO:     10.128.0.106:34570 - "POST /v1/chat/completions HTTP/1.1" 200 OK
2026-07-24 19:00:39,210 - sflow.task.server_5 - INFO - 0: INFO:     10.128.0.106:34582 - "POST /v1/chat/completions HTTP/1.1" 200 OK
2026-07-24 19:00:39,210 - sflow.task.server_5 - INFO - 0: INFO:     10.128.0.106:34594 - "POST /v1/chat/completions HTTP/1.1" 200 OK
2026-07-24 19:00:39,364 - sflow.task.server_5 - INFO - 0: INFO:     10.128.0.106:34604 - "POST /v1/chat/completions HTTP/1.1" 200 OK
2026-07-24 19:00:39,414 - sflow.task.server_5 - INFO - 0: INFO:     10.128.0.106:34620 - "POST /v1/chat/completions HTTP/1.1" 200 OK
2026-07-24 19:00:39,465 - sflow.task.server_5 - INFO - 0: INFO:     10.128.0.106:34634 - "POST /v1/chat/completions HTTP/1.1" 200 OK
2026-07-24 19:00:39,670 - sflow.task.server_5 - INFO - 0: INFO:     10.128.0.106:34642 - "POST /v1/chat/completions HTTP/1.1" 200 OK
2026-07-24 19:00:39,772 - sflow.task.server_5 - INFO - 0: INFO:     10.128.0.106:34646 - "POST /v1/chat/completions HTTP/1.1" 200 OK
2026-07-24 19:00:39,873 - sflow.task.server_5 - INFO - 0: INFO:     10.128.0.106:34662 - "POST /v1/chat/completions HTTP/1.1" 200 OK
2026-07-24 19:00:40,076 - sflow.task.server_5 - INFO - 0: INFO:     10.128.0.106:34674 - "POST /v1/chat/completions HTTP/1.1" 200 OK
2026-07-24 19:00:40,127 - sflow.task.server_5 - INFO - 0: INFO:     10.128.0.106:34688 - "POST /v1/chat/completions HTTP/1.1" 200 OK
2026-07-24 19:00:40,127 - sflow.task.server_5 - INFO - 0: INFO:     10.128.0.106:34702 - "POST /v1/chat/completions HTTP/1.1" 200 OK
2026-07-24 19:00:40,177 - sflow.task.server_5 - INFO - 0: INFO:     10.128.0.106:34704 - "POST /v1/chat/completions HTTP/1.1" 200 OK
2026-07-24 19:00:40,280 - sflow.task.server_5 - INFO - 0: INFO:     10.128.0.106:34708 - "POST /v1/chat/completions HTTP/1.1" 200 OK
2026-07-24 19:00:40,280 - sflow.task.server_5 - INFO - 0: INFO:     10.128.0.106:34718 - "POST /v1/chat/completions HTTP/1.1" 200 OK
2026-07-24 19:00:40,484 - sflow.task.server_5 - INFO - 0: INFO:     10.128.0.106:34726 - "POST /v1/chat/completions HTTP/1.1" 200 OK
2026-07-24 19:00:40,638 - sflow.task.server_5 - INFO - 0: INFO:     10.128.0.106:34734 - "POST /v1/chat/completions HTTP/1.1" 200 OK
2026-07-24 19:00:40,790 - sflow.task.server_5 - INFO - 0: INFO:     10.128.0.106:34742 - "POST /v1/chat/completions HTTP/1.1" 200 OK
2026-07-24 19:00:40,841 - sflow.task.server_5 - INFO - 0: INFO:     10.128.0.106:34744 - "POST /v1/chat/completions HTTP/1.1" 200 OK
2026-07-24 19:00:40,943 - sflow.task.server_5 - INFO - 0: INFO:     10.128.0.106:34752 - "POST /v1/chat/completions HTTP/1.1" 200 OK
2026-07-24 19:00:40,943 - sflow.task.server_5 - INFO - 0: INFO:     10.128.0.106:34764 - "POST /v1/chat/completions HTTP/1.1" 200 OK
2026-07-24 19:00:41,046 - sflow.task.server_5 - INFO - 0: INFO:     10.128.0.106:34774 - "POST /v1/chat/completions HTTP/1.1" 200 OK
2026-07-24 19:00:41,199 - sflow.task.server_5 - INFO - 0: INFO:     10.128.0.106:34780 - "POST /v1/chat/completions HTTP/1.1" 200 OK
2026-07-24 19:00:41,250 - sflow.task.server_5 - INFO - 0: INFO:     10.128.0.106:34782 - "POST /v1/chat/completions HTTP/1.1" 200 OK
2026-07-24 19:00:41,250 - sflow.task.server_5 - INFO - 0: INFO:     10.128.0.106:34790 - "POST /v1/chat/completions HTTP/1.1" 200 OK
2026-07-24 19:00:41,301 - sflow.task.server_5 - INFO - 0: INFO:     10.128.0.106:34796 - "POST /v1/chat/completions HTTP/1.1" 200 OK
2026-07-24 19:00:41,352 - sflow.task.server_5 - INFO - 0: INFO:     10.128.0.106:34800 - "POST /v1/chat/completions HTTP/1.1" 200 OK
2026-07-24 19:00:41,403 - sflow.task.server_5 - INFO - 0: INFO:     10.128.0.106:34816 - "POST /v1/chat/completions HTTP/1.1" 200 OK
2026-07-24 19:00:41,403 - sflow.task.server_5 - INFO - 0: INFO:     10.128.0.106:34832 - "POST /v1/chat/completions HTTP/1.1" 200 OK
2026-07-24 19:00:41,604 - sflow.task.server_5 - INFO - 0: INFO:     10.128.0.106:34834 - "POST /v1/chat/completions HTTP/1.1" 200 OK
2026-07-24 19:00:41,757 - sflow.task.server_5 - INFO - 0: INFO:     10.128.0.106:34846 - "POST /v1/chat/completions HTTP/1.1" 200 OK
2026-07-24 19:00:41,858 - sflow.task.server_5 - INFO - 0: INFO:     10.128.0.106:34852 - "POST /v1/chat/completions HTTP/1.1" 200 OK
2026-07-24 19:00:41,909 - sflow.task.server_5 - INFO - 0: INFO:     10.128.0.106:34860 - "POST /v1/chat/completions HTTP/1.1" 200 OK
2026-07-24 19:00:41,960 - sflow.task.server_5 - INFO - 0: INFO:     10.128.0.106:34876 - "POST /v1/chat/completions HTTP/1.1" 200 OK
2026-07-24 19:00:42,010 - sflow.task.server_5 - INFO - 0: INFO:     10.128.0.106:34882 - "POST /v1/chat/completions HTTP/1.1" 200 OK
2026-07-24 19:00:42,061 - sflow.task.server_5 - INFO - 0: INFO:     10.128.0.106:34896 - "POST /v1/chat/completions HTTP/1.1" 200 OK
2026-07-24 19:00:42,112 - sflow.task.server_5 - INFO - 0: INFO:     10.128.0.106:34912 - "POST /v1/chat/completions HTTP/1.1" 200 OK
2026-07-24 19:00:42,213 - sflow.task.server_5 - INFO - 0: INFO:     10.128.0.106:34916 - "POST /v1/chat/completions HTTP/1.1" 200 OK
2026-07-24 19:00:42,417 - sflow.task.server_5 - INFO - 0: INFO:     10.128.0.106:34924 - "POST /v1/chat/completions HTTP/1.1" 200 OK
2026-07-24 19:00:42,468 - sflow.task.server_5 - INFO - 0: INFO:     10.128.0.106:34926 - "POST /v1/chat/completions HTTP/1.1" 200 OK
2026-07-24 19:00:42,571 - sflow.task.server_5 - INFO - 0: INFO:     10.128.0.106:34936 - "POST /v1/chat/completions HTTP/1.1" 200 OK
2026-07-24 19:00:42,725 - sflow.task.server_5 - INFO - 0: INFO:     10.128.0.106:34942 - "POST /v1/chat/completions HTTP/1.1" 200 OK
2026-07-24 19:00:42,827 - sflow.task.server_5 - INFO - 0: INFO:     10.128.0.106:34944 - "POST /v1/chat/completions HTTP/1.1" 200 OK
2026-07-24 19:00:42,930 - sflow.task.server_5 - INFO - 0: INFO:     10.128.0.106:34948 - "POST /v1/chat/completions HTTP/1.1" 200 OK
2026-07-24 19:00:43,031 - sflow.task.server_5 - INFO - 0: INFO:     10.128.0.106:34960 - "POST /v1/chat/completions HTTP/1.1" 200 OK
2026-07-24 19:00:43,082 - sflow.task.server_5 - INFO - 0: INFO:     10.128.0.106:34974 - "POST /v1/chat/completions HTTP/1.1" 200 OK
2026-07-24 19:00:43,236 - sflow.task.server_5 - INFO - 0: INFO:     10.128.0.106:34980 - "POST /v1/chat/completions HTTP/1.1" 200 OK
2026-07-24 19:00:43,339 - sflow.task.server_5 - INFO - 0: INFO:     10.128.0.106:34990 - "POST /v1/chat/completions HTTP/1.1" 200 OK
2026-07-24 19:00:43,440 - sflow.task.server_5 - INFO - 0: INFO:     10.128.0.106:34998 - "POST /v1/chat/completions HTTP/1.1" 200 OK
2026-07-24 19:00:43,491 - sflow.task.server_5 - INFO - 0: INFO:     10.128.0.106:35012 - "POST /v1/chat/completions HTTP/1.1" 200 OK
2026-07-24 19:00:43,644 - sflow.task.server_5 - INFO - 0: INFO:     10.128.0.106:35024 - "POST /v1/chat/completions HTTP/1.1" 200 OK
2026-07-24 19:00:43,745 - sflow.task.server_5 - INFO - 0: INFO:     10.128.0.106:35032 - "POST /v1/chat/completions HTTP/1.1" 200 OK
2026-07-24 19:00:43,846 - sflow.task.server_5 - INFO - 0: INFO:     10.128.0.106:35042 - "POST /v1/chat/completions HTTP/1.1" 200 OK
2026-07-24 19:00:43,896 - sflow.task.server_5 - INFO - 0: INFO:     10.128.0.106:35052 - "POST /v1/chat/completions HTTP/1.1" 200 OK
2026-07-24 19:00:43,947 - sflow.task.server_5 - INFO - 0: INFO:     10.128.0.106:35064 - "POST /v1/chat/completions HTTP/1.1" 200 OK
2026-07-24 19:00:44,048 - sflow.task.server_5 - INFO - 0: INFO:     10.128.0.106:35070 - "POST /v1/chat/completions HTTP/1.1" 200 OK
2026-07-24 19:00:44,149 - sflow.task.server_5 - INFO - 0: INFO:     10.128.0.106:35082 - "POST /v1/chat/completions HTTP/1.1" 200 OK
2026-07-24 19:00:44,251 - sflow.task.server_5 - INFO - 0: INFO:     10.128.0.106:35092 - "POST /v1/chat/completions HTTP/1.1" 200 OK
2026-07-24 19:00:44,405 - sflow.task.server_5 - INFO - 0: INFO:     10.128.0.106:35102 - "POST /v1/chat/completions HTTP/1.1" 200 OK
2026-07-24 19:00:44,456 - sflow.task.server_5 - INFO - 0: INFO:     10.128.0.106:35108 - "POST /v1/chat/completions HTTP/1.1" 200 OK
2026-07-24 19:00:44,507 - sflow.task.server_5 - INFO - 0: INFO:     10.128.0.106:35122 - "POST /v1/chat/completions HTTP/1.1" 200 OK
2026-07-24 19:00:44,507 - sflow.task.server_5 - INFO - 0: INFO:     10.128.0.106:35128 - "POST /v1/chat/completions HTTP/1.1" 200 OK
2026-07-24 19:00:44,711 - sflow.task.server_5 - INFO - 0: INFO:     10.128.0.106:35138 - "POST /v1/chat/completions HTTP/1.1" 200 OK
2026-07-24 19:00:44,864 - sflow.task.server_5 - INFO - 0: INFO:     10.128.0.106:35146 - "POST /v1/chat/completions HTTP/1.1" 200 OK
2026-07-24 19:00:44,915 - sflow.task.server_5 - INFO - 0: INFO:     10.128.0.106:35152 - "POST /v1/chat/completions HTTP/1.1" 200 OK
2026-07-24 19:00:45,018 - sflow.task.server_5 - INFO - 0: INFO:     10.128.0.106:35164 - "POST /v1/chat/completions HTTP/1.1" 200 OK
2026-07-24 19:00:45,121 - sflow.task.server_5 - INFO - 0: INFO:     10.128.0.106:35166 - "POST /v1/chat/completions HTTP/1.1" 200 OK
2026-07-24 19:00:45,223 - sflow.task.server_5 - INFO - 0: INFO:     10.128.0.106:35172 - "POST /v1/chat/completions HTTP/1.1" 200 OK
2026-07-24 19:00:45,427 - sflow.task.server_5 - INFO - 0: INFO:     10.128.0.106:36410 - "POST /v1/chat/completions HTTP/1.1" 200 OK
2026-07-24 19:00:45,580 - sflow.task.server_5 - INFO - 0: INFO:     10.128.0.106:36426 - "POST /v1/chat/completions HTTP/1.1" 200 OK
2026-07-24 19:00:45,733 - sflow.task.server_5 - INFO - 0: INFO:     10.128.0.106:36428 - "POST /v1/chat/completions HTTP/1.1" 200 OK
2026-07-24 19:00:45,785 - sflow.task.server_5 - INFO - 0: INFO:     10.128.0.106:36442 - "POST /v1/chat/completions HTTP/1.1" 200 OK
2026-07-24 19:00:45,836 - sflow.task.server_5 - INFO - 0: INFO:     10.128.0.106:36454 - "POST /v1/chat/completions HTTP/1.1" 200 OK
2026-07-24 19:00:45,836 - sflow.task.server_5 - INFO - 0: INFO:     10.128.0.106:36464 - "POST /v1/chat/completions HTTP/1.1" 200 OK
2026-07-24 19:00:45,989 - sflow.task.server_5 - INFO - 0: INFO:     10.128.0.106:36472 - "POST /v1/chat/completions HTTP/1.1" 200 OK
2026-07-24 19:00:46,040 - sflow.task.server_5 - INFO - 0: INFO:     10.128.0.106:36476 - "POST /v1/chat/completions HTTP/1.1" 200 OK
2026-07-24 19:00:46,091 - sflow.task.server_5 - INFO - 0: INFO:     10.128.0.106:36484 - "POST /v1/chat/completions HTTP/1.1" 200 OK
2026-07-24 19:00:46,193 - sflow.task.server_5 - INFO - 0: INFO:     10.128.0.106:36486 - "POST /v1/chat/completions HTTP/1.1" 200 OK
2026-07-24 19:00:46,245 - sflow.task.server_5 - INFO - 0: INFO:     10.128.0.106:36496 - "POST /v1/chat/completions HTTP/1.1" 200 OK
2026-07-24 19:00:46,397 - sflow.task.server_5 - INFO - 0: INFO:     10.128.0.106:36502 - "POST /v1/chat/completions HTTP/1.1" 200 OK
2026-07-24 19:00:46,448 - sflow.task.server_5 - INFO - 0: INFO:     10.128.0.106:36514 - "POST /v1/chat/completions HTTP/1.1" 200 OK
2026-07-24 19:00:46,550 - sflow.task.server_5 - INFO - 0: INFO:     10.128.0.106:36518 - "POST /v1/chat/completions HTTP/1.1" 200 OK
2026-07-24 19:00:46,652 - sflow.task.server_5 - INFO - 0: INFO:     10.128.0.106:36532 - "POST /v1/chat/completions HTTP/1.1" 200 OK
2026-07-24 19:00:46,652 - sflow.task.server_5 - INFO - 0: INFO:     10.128.0.106:36538 - "POST /v1/chat/completions HTTP/1.1" 200 OK
2026-07-24 19:00:46,703 - sflow.task.server_5 - INFO - 0: INFO:     10.128.0.106:36552 - "POST /v1/chat/completions HTTP/1.1" 200 OK
2026-07-24 19:00:46,753 - sflow.task.server_5 - INFO - 0: INFO:     10.128.0.106:36554 - "POST /v1/chat/completions HTTP/1.1" 200 OK
2026-07-24 19:00:46,753 - sflow.task.server_5 - INFO - 0: INFO:     10.128.0.106:36566 - "POST /v1/chat/completions HTTP/1.1" 200 OK
2026-07-24 19:00:46,854 - sflow.task.server_5 - INFO - 0: INFO:     10.128.0.106:36574 - "POST /v1/chat/completions HTTP/1.1" 200 OK
2026-07-24 19:00:46,906 - sflow.task.server_5 - INFO - 0: INFO:     10.128.0.106:36586 - "POST /v1/chat/completions HTTP/1.1" 200 OK
2026-07-24 19:00:47,008 - sflow.task.server_5 - INFO - 0: INFO:     10.128.0.106:36588 - "POST /v1/chat/completions HTTP/1.1" 200 OK
2026-07-24 19:00:47,110 - sflow.task.server_5 - INFO - 0: INFO:     10.128.0.106:36600 - "POST /v1/chat/completions HTTP/1.1" 200 OK
2026-07-24 19:00:47,162 - sflow.task.server_5 - INFO - 0: INFO:     10.128.0.106:36614 - "POST /v1/chat/completions HTTP/1.1" 200 OK
2026-07-24 19:00:47,314 - sflow.task.server_5 - INFO - 0: INFO:     10.128.0.106:36622 - "POST /v1/chat/completions HTTP/1.1" 200 OK
2026-07-24 19:00:47,365 - sflow.task.server_5 - INFO - 0: INFO:     10.128.0.106:36634 - "POST /v1/chat/completions HTTP/1.1" 200 OK
2026-07-24 19:00:47,517 - sflow.task.server_5 - INFO - 0: INFO:     10.128.0.106:36648 - "POST /v1/chat/completions HTTP/1.1" 200 OK
2026-07-24 19:00:47,517 - sflow.task.server_5 - INFO - 0: INFO:     10.128.0.106:36660 - "POST /v1/chat/completions HTTP/1.1" 200 OK
2026-07-24 19:00:47,568 - sflow.task.server_5 - INFO - 0: INFO:     10.128.0.106:36666 - "POST /v1/chat/completions HTTP/1.1" 200 OK
2026-07-24 19:00:47,722 - sflow.task.server_5 - INFO - 0: INFO:     10.128.0.106:36668 - "POST /v1/chat/completions HTTP/1.1" 200 OK
2026-07-24 19:00:47,823 - sflow.task.server_5 - INFO - 0: INFO:     10.128.0.106:36678 - "POST /v1/chat/completions HTTP/1.1" 200 OK
2026-07-24 19:00:47,924 - sflow.task.server_5 - INFO - 0: INFO:     10.128.0.106:36692 - "POST /v1/chat/completions HTTP/1.1" 200 OK
2026-07-24 19:00:48,026 - sflow.task.server_5 - INFO - 0: INFO:     10.128.0.106:36702 - "POST /v1/chat/completions HTTP/1.1" 200 OK
2026-07-24 19:00:48,077 - sflow.task.server_5 - INFO - 0: INFO:     10.128.0.106:36710 - "POST /v1/chat/completions HTTP/1.1" 200 OK
2026-07-24 19:00:48,127 - sflow.task.server_5 - INFO - 0: INFO:     10.128.0.106:36726 - "POST /v1/chat/completions HTTP/1.1" 200 OK
2026-07-24 19:00:48,178 - sflow.task.server_5 - INFO - 0: INFO:     10.128.0.106:36728 - "POST /v1/chat/completions HTTP/1.1" 200 OK
2026-07-24 19:00:48,330 - sflow.task.server_5 - INFO - 0: INFO:     10.128.0.106:36730 - "POST /v1/chat/completions HTTP/1.1" 200 OK
2026-07-24 19:00:48,431 - sflow.task.server_5 - INFO - 0: INFO:     10.128.0.106:36738 - "POST /v1/chat/completions HTTP/1.1" 200 OK
2026-07-24 19:00:48,533 - sflow.task.server_5 - INFO - 0: INFO:     10.128.0.106:36742 - "POST /v1/chat/completions HTTP/1.1" 200 OK
2026-07-24 19:00:48,584 - sflow.task.server_5 - INFO - 0: INFO:     10.128.0.106:36748 - "POST /v1/chat/completions HTTP/1.1" 200 OK
2026-07-24 19:00:48,686 - sflow.task.server_5 - INFO - 0: INFO:     10.128.0.106:36764 - "POST /v1/chat/completions HTTP/1.1" 200 OK
2026-07-24 19:00:48,686 - sflow.task.server_5 - INFO - 0: INFO:     10.128.0.106:36778 - "POST /v1/chat/completions HTTP/1.1" 200 OK
