2026-07-24 19:12:00,740 - sflow.task.server_5 - INFO - 3: rm: cannot remove '/usr/local/cuda/compat/lib': Read-only file system
2026-07-24 19:12:00,740 - sflow.task.server_5 - INFO - 0: rm: cannot remove '/usr/local/cuda/compat/lib': Read-only file system
2026-07-24 19:12:00,740 - sflow.task.server_5 - INFO - 2: rm: cannot remove '/usr/local/cuda/compat/lib': Read-only file system
2026-07-24 19:12:00,740 - sflow.task.server_5 - INFO - 1: rm: cannot remove '/usr/local/cuda/compat/lib': Read-only file system
2026-07-24 19:12:03,019 - sflow.task.server_5 - INFO - 1: export TRTLLM_MOE_ENABLE_ALLTOALL_WITHOUT_ALLGATHER='1'
2026-07-24 19:12:03,019 - sflow.task.server_5 - INFO - 1: export TRTLLM_SERVER_DISABLE_GC='1'
2026-07-24 19:12:03,019 - sflow.task.server_5 - INFO - 1: export TRTLLM_WORKER_DISABLE_GC='1'
2026-07-24 19:12:03,019 - sflow.task.server_5 - INFO - 1: export OMPI_MCA_coll_ucc_enable='0'
2026-07-24 19:12:03,019 - sflow.task.server_5 - INFO - 1: export TRTLLM_ENABLE_PDL='0'
2026-07-24 19:12:03,019 - sflow.task.server_5 - INFO - 1: Skipping /usr/local/lib/python3.12/dist-packages/tensorrt_llm/_torch/auto_deploy/custom_ops/fused_moe/trtllm_moe.py: tinygemm2 router dispatch not present
2026-07-24 19:12:03,019 - sflow.task.server_5 - INFO - 1: Traceback (most recent call last):
2026-07-24 19:12:03,019 - sflow.task.server_5 - INFO - 1:   File "/work/scaleout/sflow/tools/apply_trtllm_pr15790_disable_tinygemm2.py", line 196, in <module>
2026-07-24 19:12:03,019 - sflow.task.server_5 - INFO - 1:     main()
2026-07-24 19:12:03,019 - sflow.task.server_5 - INFO - 1:   File "/work/scaleout/sflow/tools/apply_trtllm_pr15790_disable_tinygemm2.py", line 164, in main
2026-07-24 19:12:03,019 - sflow.task.server_5 - INFO - 1:     apply_patch()
2026-07-24 19:12:03,019 - sflow.task.server_5 - INFO - 1:   File "/work/scaleout/sflow/tools/apply_trtllm_pr15790_disable_tinygemm2.py", line 183, in apply_patch
2026-07-24 19:12:03,019 - sflow.task.server_5 - INFO - 1:     if patch_modeling_gpt_oss(paths["modeling_gpt_oss"]):
2026-07-24 19:12:03,019 - sflow.task.server_5 - INFO - 1:        ^^^^^^^^^^^^^^^^^^^^^^^^^^^^^^^^^^^^^^^^^^^^^^^^^
2026-07-24 19:12:03,019 - sflow.task.server_5 - INFO - 1:   File "/work/scaleout/sflow/tools/apply_trtllm_pr15790_disable_tinygemm2.py", line 139, in patch_modeling_gpt_oss
2026-07-24 19:12:03,019 - sflow.task.server_5 - INFO - 1:     return write_if_changed(path, text, patched)
2026-07-24 19:12:03,019 - sflow.task.server_5 - INFO - 1:            ^^^^^^^^^^^^^^^^^^^^^^^^^^^^^^^^^^^^^
2026-07-24 19:12:03,019 - sflow.task.server_5 - INFO - 1:   File "/work/scaleout/sflow/tools/apply_trtllm_pr15790_disable_tinygemm2.py", line 70, in write_if_changed
2026-07-24 19:12:03,019 - sflow.task.server_5 - INFO - 1:     path.write_text(patched)
2026-07-24 19:12:03,019 - sflow.task.server_5 - INFO - 1:   File "/usr/lib/python3.12/pathlib.py", line 1049, in write_text
2026-07-24 19:12:03,019 - sflow.task.server_5 - INFO - 1:     with self.open(mode='w', encoding=encoding, errors=errors, newline=newline) as f:
2026-07-24 19:12:03,019 - sflow.task.server_5 - INFO - 1:          ^^^^^^^^^^^^^^^^^^^^^^^^^^^^^^^^^^^^^^^^^^^^^^^^^^^^^^^^^^^^^^^^^^^^^^
2026-07-24 19:12:03,019 - sflow.task.server_5 - INFO - 1:   File "/usr/lib/python3.12/pathlib.py", line 1015, in open
2026-07-24 19:12:03,019 - sflow.task.server_5 - INFO - 1:     return io.open(self, mode, buffering, encoding, errors, newline)
2026-07-24 19:12:03,019 - sflow.task.server_5 - INFO - 1:            ^^^^^^^^^^^^^^^^^^^^^^^^^^^^^^^^^^^^^^^^^^^^^^^^^^^^^^^^^
2026-07-24 19:12:03,019 - sflow.task.server_5 - INFO - 1: OSError: [Errno 30] Read-only file system: '/usr/local/lib/python3.12/dist-packages/tensorrt_llm/_torch/models/modeling_gpt_oss.py'
2026-07-24 19:12:03,222 - sflow.task.server_5 - INFO - 0: export TRTLLM_MOE_ENABLE_ALLTOALL_WITHOUT_ALLGATHER='1'
2026-07-24 19:12:03,222 - sflow.task.server_5 - INFO - 0: export TRTLLM_SERVER_DISABLE_GC='1'
2026-07-24 19:12:03,223 - sflow.task.server_5 - INFO - 0: export TRTLLM_WORKER_DISABLE_GC='1'
2026-07-24 19:12:03,223 - sflow.task.server_5 - INFO - 0: export OMPI_MCA_coll_ucc_enable='0'
2026-07-24 19:12:03,223 - sflow.task.server_5 - INFO - 0: export TRTLLM_ENABLE_PDL='0'
2026-07-24 19:12:03,223 - sflow.task.server_5 - INFO - 1: rm: cannot remove '/usr/local/cuda/compat/lib': Read-only file system
2026-07-24 19:12:03,273 - sflow.task.server_5 - INFO - 0: Skipping /usr/local/lib/python3.12/dist-packages/tensorrt_llm/_torch/auto_deploy/custom_ops/fused_moe/trtllm_moe.py: tinygemm2 router dispatch not present
2026-07-24 19:12:03,273 - sflow.task.server_5 - INFO - 0: Traceback (most recent call last):
2026-07-24 19:12:03,273 - sflow.task.server_5 - INFO - 0:   File "/work/scaleout/sflow/tools/apply_trtllm_pr15790_disable_tinygemm2.py", line 196, in <module>
2026-07-24 19:12:03,273 - sflow.task.server_5 - INFO - 0:     main()
2026-07-24 19:12:03,273 - sflow.task.server_5 - INFO - 0:   File "/work/scaleout/sflow/tools/apply_trtllm_pr15790_disable_tinygemm2.py", line 164, in main
2026-07-24 19:12:03,273 - sflow.task.server_5 - INFO - 0:     apply_patch()
2026-07-24 19:12:03,273 - sflow.task.server_5 - INFO - 0:   File "/work/scaleout/sflow/tools/apply_trtllm_pr15790_disable_tinygemm2.py", line 183, in apply_patch
2026-07-24 19:12:03,273 - sflow.task.server_5 - INFO - 0:     if patch_modeling_gpt_oss(paths["modeling_gpt_oss"]):
2026-07-24 19:12:03,273 - sflow.task.server_5 - INFO - 0:        ^^^^^^^^^^^^^^^^^^^^^^^^^^^^^^^^^^^^^^^^^^^^^^^^^
2026-07-24 19:12:03,273 - sflow.task.server_5 - INFO - 0:   File "/work/scaleout/sflow/tools/apply_trtllm_pr15790_disable_tinygemm2.py", line 139, in patch_modeling_gpt_oss
2026-07-24 19:12:03,273 - sflow.task.server_5 - INFO - 0:     return write_if_changed(path, text, patched)
2026-07-24 19:12:03,273 - sflow.task.server_5 - INFO - 0:            ^^^^^^^^^^^^^^^^^^^^^^^^^^^^^^^^^^^^^
2026-07-24 19:12:03,273 - sflow.task.server_5 - INFO - 0:   File "/work/scaleout/sflow/tools/apply_trtllm_pr15790_disable_tinygemm2.py", line 70, in write_if_changed
2026-07-24 19:12:03,273 - sflow.task.server_5 - INFO - 0:     path.write_text(patched)
2026-07-24 19:12:03,273 - sflow.task.server_5 - INFO - 0:   File "/usr/lib/python3.12/pathlib.py", line 1049, in write_text
2026-07-24 19:12:03,273 - sflow.task.server_5 - INFO - 0:     with self.open(mode='w', encoding=encoding, errors=errors, newline=newline) as f:
2026-07-24 19:12:03,273 - sflow.task.server_5 - INFO - 0:          ^^^^^^^^^^^^^^^^^^^^^^^^^^^^^^^^^^^^^^^^^^^^^^^^^^^^^^^^^^^^^^^^^^^^^^
2026-07-24 19:12:03,274 - sflow.task.server_5 - INFO - 0:   File "/usr/lib/python3.12/pathlib.py", line 1015, in open
2026-07-24 19:12:03,274 - sflow.task.server_5 - INFO - 0:     return io.open(self, mode, buffering, encoding, errors, newline)
2026-07-24 19:12:03,274 - sflow.task.server_5 - INFO - 0:            ^^^^^^^^^^^^^^^^^^^^^^^^^^^^^^^^^^^^^^^^^^^^^^^^^^^^^^^^^
2026-07-24 19:12:03,274 - sflow.task.server_5 - INFO - 0: OSError: [Errno 30] Read-only file system: '/usr/local/lib/python3.12/dist-packages/tensorrt_llm/_torch/models/modeling_gpt_oss.py'
2026-07-24 19:12:03,324 - sflow.task.server_5 - INFO - 2: export TRTLLM_MOE_ENABLE_ALLTOALL_WITHOUT_ALLGATHER='1'
2026-07-24 19:12:03,324 - sflow.task.server_5 - INFO - 2: export TRTLLM_SERVER_DISABLE_GC='1'
2026-07-24 19:12:03,324 - sflow.task.server_5 - INFO - 2: export TRTLLM_WORKER_DISABLE_GC='1'
2026-07-24 19:12:03,324 - sflow.task.server_5 - INFO - 2: export OMPI_MCA_coll_ucc_enable='0'
2026-07-24 19:12:03,324 - sflow.task.server_5 - INFO - 2: export TRTLLM_ENABLE_PDL='0'
2026-07-24 19:12:03,375 - sflow.task.server_5 - INFO - 2: Skipping /usr/local/lib/python3.12/dist-packages/tensorrt_llm/_torch/auto_deploy/custom_ops/fused_moe/trtllm_moe.py: tinygemm2 router dispatch not present
2026-07-24 19:12:03,376 - sflow.task.server_5 - INFO - 2: Traceback (most recent call last):
2026-07-24 19:12:03,376 - sflow.task.server_5 - INFO - 2:   File "/work/scaleout/sflow/tools/apply_trtllm_pr15790_disable_tinygemm2.py", line 196, in <module>
2026-07-24 19:12:03,376 - sflow.task.server_5 - INFO - 2:     main()
2026-07-24 19:12:03,376 - sflow.task.server_5 - INFO - 2:   File "/work/scaleout/sflow/tools/apply_trtllm_pr15790_disable_tinygemm2.py", line 164, in main
2026-07-24 19:12:03,376 - sflow.task.server_5 - INFO - 2:     apply_patch()
2026-07-24 19:12:03,376 - sflow.task.server_5 - INFO - 2:   File "/work/scaleout/sflow/tools/apply_trtllm_pr15790_disable_tinygemm2.py", line 183, in apply_patch
2026-07-24 19:12:03,376 - sflow.task.server_5 - INFO - 2:     if patch_modeling_gpt_oss(paths["modeling_gpt_oss"]):
2026-07-24 19:12:03,376 - sflow.task.server_5 - INFO - 2:        ^^^^^^^^^^^^^^^^^^^^^^^^^^^^^^^^^^^^^^^^^^^^^^^^^
2026-07-24 19:12:03,376 - sflow.task.server_5 - INFO - 2:   File "/work/scaleout/sflow/tools/apply_trtllm_pr15790_disable_tinygemm2.py", line 139, in patch_modeling_gpt_oss
2026-07-24 19:12:03,376 - sflow.task.server_5 - INFO - 2:     return write_if_changed(path, text, patched)
2026-07-24 19:12:03,376 - sflow.task.server_5 - INFO - 2:            ^^^^^^^^^^^^^^^^^^^^^^^^^^^^^^^^^^^^^
2026-07-24 19:12:03,376 - sflow.task.server_5 - INFO - 2:   File "/work/scaleout/sflow/tools/apply_trtllm_pr15790_disable_tinygemm2.py", line 70, in write_if_changed
2026-07-24 19:12:03,376 - sflow.task.server_5 - INFO - 2:     path.write_text(patched)
2026-07-24 19:12:03,376 - sflow.task.server_5 - INFO - 2:   File "/usr/lib/python3.12/pathlib.py", line 1049, in write_text
2026-07-24 19:12:03,376 - sflow.task.server_5 - INFO - 2:     with self.open(mode='w', encoding=encoding, errors=errors, newline=newline) as f:
2026-07-24 19:12:03,376 - sflow.task.server_5 - INFO - 2:          ^^^^^^^^^^^^^^^^^^^^^^^^^^^^^^^^^^^^^^^^^^^^^^^^^^^^^^^^^^^^^^^^^^^^^^
2026-07-24 19:12:03,376 - sflow.task.server_5 - INFO - 2:   File "/usr/lib/python3.12/pathlib.py", line 1015, in open
2026-07-24 19:12:03,376 - sflow.task.server_5 - INFO - 2:     return io.open(self, mode, buffering, encoding, errors, newline)
2026-07-24 19:12:03,376 - sflow.task.server_5 - INFO - 2:            ^^^^^^^^^^^^^^^^^^^^^^^^^^^^^^^^^^^^^^^^^^^^^^^^^^^^^^^^^
2026-07-24 19:12:03,376 - sflow.task.server_5 - INFO - 2: OSError: [Errno 30] Read-only file system: '/usr/local/lib/python3.12/dist-packages/tensorrt_llm/_torch/models/modeling_gpt_oss.py'
2026-07-24 19:12:03,376 - sflow.task.server_5 - INFO - 7: rm: cannot remove '/usr/local/cuda/compat/lib': Read-only file system
2026-07-24 19:12:03,376 - sflow.task.server_5 - INFO - 4: rm: cannot remove '/usr/local/cuda/compat/lib': Read-only file system
2026-07-24 19:12:03,376 - sflow.task.server_5 - INFO - 6: rm: cannot remove '/usr/local/cuda/compat/lib': Read-only file system
2026-07-24 19:12:03,376 - sflow.task.server_5 - INFO - 5: rm: cannot remove '/usr/local/cuda/compat/lib': Read-only file system
2026-07-24 19:12:03,477 - sflow.task.server_5 - INFO - 0: rm: cannot remove '/usr/local/cuda/compat/lib': Read-only file system
2026-07-24 19:12:03,528 - sflow.task.server_5 - INFO - 3: export TRTLLM_MOE_ENABLE_ALLTOALL_WITHOUT_ALLGATHER='1'
2026-07-24 19:12:03,529 - sflow.task.server_5 - INFO - 3: export TRTLLM_SERVER_DISABLE_GC='1'
2026-07-24 19:12:03,529 - sflow.task.server_5 - INFO - 3: export TRTLLM_WORKER_DISABLE_GC='1'
2026-07-24 19:12:03,529 - sflow.task.server_5 - INFO - 3: export OMPI_MCA_coll_ucc_enable='0'
2026-07-24 19:12:03,529 - sflow.task.server_5 - INFO - 3: export TRTLLM_ENABLE_PDL='0'
2026-07-24 19:12:03,529 - sflow.task.server_5 - INFO - 3: Skipping /usr/local/lib/python3.12/dist-packages/tensorrt_llm/_torch/auto_deploy/custom_ops/fused_moe/trtllm_moe.py: tinygemm2 router dispatch not present
2026-07-24 19:12:03,529 - sflow.task.server_5 - INFO - 3: Traceback (most recent call last):
2026-07-24 19:12:03,529 - sflow.task.server_5 - INFO - 3:   File "/work/scaleout/sflow/tools/apply_trtllm_pr15790_disable_tinygemm2.py", line 196, in <module>
2026-07-24 19:12:03,529 - sflow.task.server_5 - INFO - 3:     main()
2026-07-24 19:12:03,529 - sflow.task.server_5 - INFO - 3:   File "/work/scaleout/sflow/tools/apply_trtllm_pr15790_disable_tinygemm2.py", line 164, in main
2026-07-24 19:12:03,529 - sflow.task.server_5 - INFO - 3:     apply_patch()
2026-07-24 19:12:03,529 - sflow.task.server_5 - INFO - 3:   File "/work/scaleout/sflow/tools/apply_trtllm_pr15790_disable_tinygemm2.py", line 183, in apply_patch
2026-07-24 19:12:03,529 - sflow.task.server_5 - INFO - 3:     if patch_modeling_gpt_oss(paths["modeling_gpt_oss"]):
2026-07-24 19:12:03,529 - sflow.task.server_5 - INFO - 3:        ^^^^^^^^^^^^^^^^^^^^^^^^^^^^^^^^^^^^^^^^^^^^^^^^^
2026-07-24 19:12:03,529 - sflow.task.server_5 - INFO - 3:   File "/work/scaleout/sflow/tools/apply_trtllm_pr15790_disable_tinygemm2.py", line 139, in patch_modeling_gpt_oss
2026-07-24 19:12:03,529 - sflow.task.server_5 - INFO - 3:     return write_if_changed(path, text, patched)
2026-07-24 19:12:03,529 - sflow.task.server_5 - INFO - 3:            ^^^^^^^^^^^^^^^^^^^^^^^^^^^^^^^^^^^^^
2026-07-24 19:12:03,529 - sflow.task.server_5 - INFO - 3:   File "/work/scaleout/sflow/tools/apply_trtllm_pr15790_disable_tinygemm2.py", line 70, in write_if_changed
2026-07-24 19:12:03,529 - sflow.task.server_5 - INFO - 3:     path.write_text(patched)
2026-07-24 19:12:03,529 - sflow.task.server_5 - INFO - 3:   File "/usr/lib/python3.12/pathlib.py", line 1049, in write_text
2026-07-24 19:12:03,529 - sflow.task.server_5 - INFO - 3:     with self.open(mode='w', encoding=encoding, errors=errors, newline=newline) as f:
2026-07-24 19:12:03,529 - sflow.task.server_5 - INFO - 3:          ^^^^^^^^^^^^^^^^^^^^^^^^^^^^^^^^^^^^^^^^^^^^^^^^^^^^^^^^^^^^^^^^^^^^^^
2026-07-24 19:12:03,529 - sflow.task.server_5 - INFO - 3:   File "/usr/lib/python3.12/pathlib.py", line 1015, in open
2026-07-24 19:12:03,529 - sflow.task.server_5 - INFO - 3:     return io.open(self, mode, buffering, encoding, errors, newline)
2026-07-24 19:12:03,529 - sflow.task.server_5 - INFO - 3:            ^^^^^^^^^^^^^^^^^^^^^^^^^^^^^^^^^^^^^^^^^^^^^^^^^^^^^^^^^
2026-07-24 19:12:03,529 - sflow.task.server_5 - INFO - 3: OSError: [Errno 30] Read-only file system: '/usr/local/lib/python3.12/dist-packages/tensorrt_llm/_torch/models/modeling_gpt_oss.py'
2026-07-24 19:12:03,783 - sflow.task.server_5 - INFO - 2: rm: cannot remove '/usr/local/cuda/compat/lib': Read-only file system
2026-07-24 19:12:03,783 - sflow.task.server_5 - INFO - 3: rm: cannot remove '/usr/local/cuda/compat/lib': Read-only file system
2026-07-24 19:12:05,305 - sflow.task.server_5 - INFO - 0: mpi_rank: 0
2026-07-24 19:12:05,357 - sflow.task.server_5 - INFO - 0: tllm_mpi_size: 8
2026-07-24 19:12:05,357 - sflow.task.server_5 - INFO - 0: TLLM_SPAWN_PROXY_PROCESS_IPC_ADDR: ipc:///tmp/rpc_test_f2b13610-7fb8-410c-be85-aca169fe624c
2026-07-24 19:12:05,357 - sflow.task.server_5 - INFO - 0: Rank0 run trtllm-serve /home/mlperf_inference_storage/models/deepseek-r1/fp4-quantized-modelopt/deepseek_r1-torch-fp4 --host 0.0.0.0 --port 8341 --extra_llm_api_options /work/configs/deepseek_r1/GB200-NVL72_GB200-186GB_aarch64x72/TRTLLM/Server/trtllm-serve-ifb-dep8.yaml in background
2026-07-24 19:12:05,357 - sflow.task.server_5 - INFO - 0: Rank0 Subshell PID: 448292
2026-07-24 19:12:05,357 - sflow.task.server_5 - INFO - 0: Rank0 run mgmn leader node with mpi_world_size: 8 ...
2026-07-24 19:12:05,357 - sflow.task.server_5 - INFO - 0: Rank0 host: a4xlustref-a4xnodeset3-0
2026-07-24 19:12:05,610 - sflow.task.server_5 - INFO - 1: mpi_rank: 1
2026-07-24 19:12:05,660 - sflow.task.server_5 - INFO - 6: export TRTLLM_MOE_ENABLE_ALLTOALL_WITHOUT_ALLGATHER='1'
2026-07-24 19:12:05,660 - sflow.task.server_5 - INFO - 6: export TRTLLM_SERVER_DISABLE_GC='1'
2026-07-24 19:12:05,660 - sflow.task.server_5 - INFO - 6: export TRTLLM_WORKER_DISABLE_GC='1'
2026-07-24 19:12:05,660 - sflow.task.server_5 - INFO - 6: export OMPI_MCA_coll_ucc_enable='0'
2026-07-24 19:12:05,660 - sflow.task.server_5 - INFO - 6: export TRTLLM_ENABLE_PDL='0'
2026-07-24 19:12:05,660 - sflow.task.server_5 - INFO - 1: tllm_mpi_size: 8
2026-07-24 19:12:05,660 - sflow.task.server_5 - INFO - 1: Rank1 run mgmn worker node with mpi_world_size: 8 ...
2026-07-24 19:12:05,660 - sflow.task.server_5 - INFO - 6: Skipping /usr/local/lib/python3.12/dist-packages/tensorrt_llm/_torch/auto_deploy/custom_ops/fused_moe/trtllm_moe.py: tinygemm2 router dispatch not present
2026-07-24 19:12:05,660 - sflow.task.server_5 - INFO - 6: Traceback (most recent call last):
2026-07-24 19:12:05,660 - sflow.task.server_5 - INFO - 6:   File "/work/scaleout/sflow/tools/apply_trtllm_pr15790_disable_tinygemm2.py", line 196, in <module>
2026-07-24 19:12:05,660 - sflow.task.server_5 - INFO - 6:     main()
2026-07-24 19:12:05,660 - sflow.task.server_5 - INFO - 6:   File "/work/scaleout/sflow/tools/apply_trtllm_pr15790_disable_tinygemm2.py", line 164, in main
2026-07-24 19:12:05,660 - sflow.task.server_5 - INFO - 6:     apply_patch()
2026-07-24 19:12:05,660 - sflow.task.server_5 - INFO - 6:   File "/work/scaleout/sflow/tools/apply_trtllm_pr15790_disable_tinygemm2.py", line 183, in apply_patch
2026-07-24 19:12:05,660 - sflow.task.server_5 - INFO - 6:     if patch_modeling_gpt_oss(paths["modeling_gpt_oss"]):
2026-07-24 19:12:05,660 - sflow.task.server_5 - INFO - 6:        ^^^^^^^^^^^^^^^^^^^^^^^^^^^^^^^^^^^^^^^^^^^^^^^^^
2026-07-24 19:12:05,660 - sflow.task.server_5 - INFO - 6:   File "/work/scaleout/sflow/tools/apply_trtllm_pr15790_disable_tinygemm2.py", line 139, in patch_modeling_gpt_oss
2026-07-24 19:12:05,660 - sflow.task.server_5 - INFO - 6:     return write_if_changed(path, text, patched)
2026-07-24 19:12:05,660 - sflow.task.server_5 - INFO - 6:            ^^^^^^^^^^^^^^^^^^^^^^^^^^^^^^^^^^^^^
2026-07-24 19:12:05,660 - sflow.task.server_5 - INFO - 6:   File "/work/scaleout/sflow/tools/apply_trtllm_pr15790_disable_tinygemm2.py", line 70, in write_if_changed
2026-07-24 19:12:05,660 - sflow.task.server_5 - INFO - 6:     path.write_text(patched)
2026-07-24 19:12:05,660 - sflow.task.server_5 - INFO - 6:   File "/usr/lib/python3.12/pathlib.py", line 1049, in write_text
2026-07-24 19:12:05,660 - sflow.task.server_5 - INFO - 6:     with self.open(mode='w', encoding=encoding, errors=errors, newline=newline) as f:
2026-07-24 19:12:05,660 - sflow.task.server_5 - INFO - 6:          ^^^^^^^^^^^^^^^^^^^^^^^^^^^^^^^^^^^^^^^^^^^^^^^^^^^^^^^^^^^^^^^^^^^^^^
2026-07-24 19:12:05,660 - sflow.task.server_5 - INFO - 6:   File "/usr/lib/python3.12/pathlib.py", line 1015, in open
2026-07-24 19:12:05,660 - sflow.task.server_5 - INFO - 6:     return io.open(self, mode, buffering, encoding, errors, newline)
2026-07-24 19:12:05,660 - sflow.task.server_5 - INFO - 6:            ^^^^^^^^^^^^^^^^^^^^^^^^^^^^^^^^^^^^^^^^^^^^^^^^^^^^^^^^^
2026-07-24 19:12:05,660 - sflow.task.server_5 - INFO - 6: OSError: [Errno 30] Read-only file system: '/usr/local/lib/python3.12/dist-packages/tensorrt_llm/_torch/models/modeling_gpt_oss.py'
2026-07-24 19:12:05,762 - sflow.task.server_5 - INFO - 4: export TRTLLM_MOE_ENABLE_ALLTOALL_WITHOUT_ALLGATHER='1'
2026-07-24 19:12:05,762 - sflow.task.server_5 - INFO - 4: export TRTLLM_SERVER_DISABLE_GC='1'
2026-07-24 19:12:05,762 - sflow.task.server_5 - INFO - 4: export TRTLLM_WORKER_DISABLE_GC='1'
2026-07-24 19:12:05,762 - sflow.task.server_5 - INFO - 4: export OMPI_MCA_coll_ucc_enable='0'
2026-07-24 19:12:05,762 - sflow.task.server_5 - INFO - 4: export TRTLLM_ENABLE_PDL='0'
2026-07-24 19:12:05,814 - sflow.task.server_5 - INFO - 4: Skipping /usr/local/lib/python3.12/dist-packages/tensorrt_llm/_torch/auto_deploy/custom_ops/fused_moe/trtllm_moe.py: tinygemm2 router dispatch not present
2026-07-24 19:12:05,814 - sflow.task.server_5 - INFO - 4: Traceback (most recent call last):
2026-07-24 19:12:05,814 - sflow.task.server_5 - INFO - 4:   File "/work/scaleout/sflow/tools/apply_trtllm_pr15790_disable_tinygemm2.py", line 196, in <module>
2026-07-24 19:12:05,814 - sflow.task.server_5 - INFO - 4:     main()
2026-07-24 19:12:05,814 - sflow.task.server_5 - INFO - 4:   File "/work/scaleout/sflow/tools/apply_trtllm_pr15790_disable_tinygemm2.py", line 164, in main
2026-07-24 19:12:05,814 - sflow.task.server_5 - INFO - 4:     apply_patch()
2026-07-24 19:12:05,814 - sflow.task.server_5 - INFO - 4:   File "/work/scaleout/sflow/tools/apply_trtllm_pr15790_disable_tinygemm2.py", line 183, in apply_patch
2026-07-24 19:12:05,814 - sflow.task.server_5 - INFO - 4:     if patch_modeling_gpt_oss(paths["modeling_gpt_oss"]):
2026-07-24 19:12:05,814 - sflow.task.server_5 - INFO - 4:        ^^^^^^^^^^^^^^^^^^^^^^^^^^^^^^^^^^^^^^^^^^^^^^^^^
2026-07-24 19:12:05,814 - sflow.task.server_5 - INFO - 4:   File "/work/scaleout/sflow/tools/apply_trtllm_pr15790_disable_tinygemm2.py", line 139, in patch_modeling_gpt_oss
2026-07-24 19:12:05,814 - sflow.task.server_5 - INFO - 4:     return write_if_changed(path, text, patched)
2026-07-24 19:12:05,814 - sflow.task.server_5 - INFO - 4:            ^^^^^^^^^^^^^^^^^^^^^^^^^^^^^^^^^^^^^
2026-07-24 19:12:05,814 - sflow.task.server_5 - INFO - 4:   File "/work/scaleout/sflow/tools/apply_trtllm_pr15790_disable_tinygemm2.py", line 70, in write_if_changed
2026-07-24 19:12:05,814 - sflow.task.server_5 - INFO - 4:     path.write_text(patched)
2026-07-24 19:12:05,814 - sflow.task.server_5 - INFO - 4:   File "/usr/lib/python3.12/pathlib.py", line 1049, in write_text
2026-07-24 19:12:05,814 - sflow.task.server_5 - INFO - 4:     with self.open(mode='w', encoding=encoding, errors=errors, newline=newline) as f:
2026-07-24 19:12:05,814 - sflow.task.server_5 - INFO - 4:          ^^^^^^^^^^^^^^^^^^^^^^^^^^^^^^^^^^^^^^^^^^^^^^^^^^^^^^^^^^^^^^^^^^^^^^
2026-07-24 19:12:05,814 - sflow.task.server_5 - INFO - 4:   File "/usr/lib/python3.12/pathlib.py", line 1015, in open
2026-07-24 19:12:05,814 - sflow.task.server_5 - INFO - 4:     return io.open(self, mode, buffering, encoding, errors, newline)
2026-07-24 19:12:05,814 - sflow.task.server_5 - INFO - 4:            ^^^^^^^^^^^^^^^^^^^^^^^^^^^^^^^^^^^^^^^^^^^^^^^^^^^^^^^^^
2026-07-24 19:12:05,814 - sflow.task.server_5 - INFO - 4: OSError: [Errno 30] Read-only file system: '/usr/local/lib/python3.12/dist-packages/tensorrt_llm/_torch/models/modeling_gpt_oss.py'
2026-07-24 19:12:05,864 - sflow.task.server_5 - INFO - 2: mpi_rank: 2
2026-07-24 19:12:05,915 - sflow.task.server_5 - INFO - 2: tllm_mpi_size: 8
2026-07-24 19:12:05,915 - sflow.task.server_5 - INFO - 2: Rank2 run mgmn worker node with mpi_world_size: 8 ...
2026-07-24 19:12:05,915 - sflow.task.server_5 - INFO - 4: rm: cannot remove '/usr/local/cuda/compat/lib': Read-only file system
2026-07-24 19:12:05,915 - sflow.task.server_5 - INFO - 6: rm: cannot remove '/usr/local/cuda/compat/lib': Read-only file system
2026-07-24 19:12:05,966 - sflow.task.server_5 - INFO - 7: export TRTLLM_MOE_ENABLE_ALLTOALL_WITHOUT_ALLGATHER='1'
2026-07-24 19:12:05,966 - sflow.task.server_5 - INFO - 7: export TRTLLM_SERVER_DISABLE_GC='1'
2026-07-24 19:12:05,966 - sflow.task.server_5 - INFO - 7: export TRTLLM_WORKER_DISABLE_GC='1'
2026-07-24 19:12:05,966 - sflow.task.server_5 - INFO - 7: export OMPI_MCA_coll_ucc_enable='0'
2026-07-24 19:12:05,966 - sflow.task.server_5 - INFO - 7: export TRTLLM_ENABLE_PDL='0'
2026-07-24 19:12:05,966 - sflow.task.server_5 - INFO - 7: Skipping /usr/local/lib/python3.12/dist-packages/tensorrt_llm/_torch/auto_deploy/custom_ops/fused_moe/trtllm_moe.py: tinygemm2 router dispatch not present
2026-07-24 19:12:05,966 - sflow.task.server_5 - INFO - 7: Traceback (most recent call last):
2026-07-24 19:12:05,966 - sflow.task.server_5 - INFO - 7:   File "/work/scaleout/sflow/tools/apply_trtllm_pr15790_disable_tinygemm2.py", line 196, in <module>
2026-07-24 19:12:05,966 - sflow.task.server_5 - INFO - 7:     main()
2026-07-24 19:12:05,966 - sflow.task.server_5 - INFO - 7:   File "/work/scaleout/sflow/tools/apply_trtllm_pr15790_disable_tinygemm2.py", line 164, in main
2026-07-24 19:12:05,966 - sflow.task.server_5 - INFO - 7:     apply_patch()
2026-07-24 19:12:05,966 - sflow.task.server_5 - INFO - 7:   File "/work/scaleout/sflow/tools/apply_trtllm_pr15790_disable_tinygemm2.py", line 183, in apply_patch
2026-07-24 19:12:05,966 - sflow.task.server_5 - INFO - 7:     if patch_modeling_gpt_oss(paths["modeling_gpt_oss"]):
2026-07-24 19:12:05,966 - sflow.task.server_5 - INFO - 7:        ^^^^^^^^^^^^^^^^^^^^^^^^^^^^^^^^^^^^^^^^^^^^^^^^^
2026-07-24 19:12:05,966 - sflow.task.server_5 - INFO - 7:   File "/work/scaleout/sflow/tools/apply_trtllm_pr15790_disable_tinygemm2.py", line 139, in patch_modeling_gpt_oss
2026-07-24 19:12:05,966 - sflow.task.server_5 - INFO - 7:     return write_if_changed(path, text, patched)
2026-07-24 19:12:05,966 - sflow.task.server_5 - INFO - 7:            ^^^^^^^^^^^^^^^^^^^^^^^^^^^^^^^^^^^^^
2026-07-24 19:12:05,966 - sflow.task.server_5 - INFO - 7:   File "/work/scaleout/sflow/tools/apply_trtllm_pr15790_disable_tinygemm2.py", line 70, in write_if_changed
2026-07-24 19:12:05,966 - sflow.task.server_5 - INFO - 7:     path.write_text(patched)
2026-07-24 19:12:05,966 - sflow.task.server_5 - INFO - 7:   File "/usr/lib/python3.12/pathlib.py", line 1049, in write_text
2026-07-24 19:12:05,966 - sflow.task.server_5 - INFO - 7:     with self.open(mode='w', encoding=encoding, errors=errors, newline=newline) as f:
2026-07-24 19:12:05,966 - sflow.task.server_5 - INFO - 7:          ^^^^^^^^^^^^^^^^^^^^^^^^^^^^^^^^^^^^^^^^^^^^^^^^^^^^^^^^^^^^^^^^^^^^^^
2026-07-24 19:12:05,966 - sflow.task.server_5 - INFO - 7:   File "/usr/lib/python3.12/pathlib.py", line 1015, in open
2026-07-24 19:12:05,966 - sflow.task.server_5 - INFO - 7:     return io.open(self, mode, buffering, encoding, errors, newline)
2026-07-24 19:12:05,966 - sflow.task.server_5 - INFO - 7:            ^^^^^^^^^^^^^^^^^^^^^^^^^^^^^^^^^^^^^^^^^^^^^^^^^^^^^^^^^
2026-07-24 19:12:05,966 - sflow.task.server_5 - INFO - 7: OSError: [Errno 30] Read-only file system: '/usr/local/lib/python3.12/dist-packages/tensorrt_llm/_torch/models/modeling_gpt_oss.py'
2026-07-24 19:12:05,966 - sflow.task.server_5 - INFO - 3: mpi_rank: 3
2026-07-24 19:12:06,017 - sflow.task.server_5 - INFO - 3: tllm_mpi_size: 8
2026-07-24 19:12:06,017 - sflow.task.server_5 - INFO - 3: Rank3 run mgmn worker node with mpi_world_size: 8 ...
2026-07-24 19:12:06,118 - sflow.task.server_5 - INFO - 5: export TRTLLM_MOE_ENABLE_ALLTOALL_WITHOUT_ALLGATHER='1'
2026-07-24 19:12:06,118 - sflow.task.server_5 - INFO - 5: export TRTLLM_SERVER_DISABLE_GC='1'
2026-07-24 19:12:06,118 - sflow.task.server_5 - INFO - 5: export TRTLLM_WORKER_DISABLE_GC='1'
2026-07-24 19:12:06,118 - sflow.task.server_5 - INFO - 5: export OMPI_MCA_coll_ucc_enable='0'
2026-07-24 19:12:06,118 - sflow.task.server_5 - INFO - 5: export TRTLLM_ENABLE_PDL='0'
2026-07-24 19:12:06,168 - sflow.task.server_5 - INFO - 5: Skipping /usr/local/lib/python3.12/dist-packages/tensorrt_llm/_torch/auto_deploy/custom_ops/fused_moe/trtllm_moe.py: tinygemm2 router dispatch not present
2026-07-24 19:12:06,168 - sflow.task.server_5 - INFO - 5: Traceback (most recent call last):
2026-07-24 19:12:06,168 - sflow.task.server_5 - INFO - 5:   File "/work/scaleout/sflow/tools/apply_trtllm_pr15790_disable_tinygemm2.py", line 196, in <module>
2026-07-24 19:12:06,168 - sflow.task.server_5 - INFO - 5:     main()
2026-07-24 19:12:06,168 - sflow.task.server_5 - INFO - 5:   File "/work/scaleout/sflow/tools/apply_trtllm_pr15790_disable_tinygemm2.py", line 164, in main
2026-07-24 19:12:06,168 - sflow.task.server_5 - INFO - 5:     apply_patch()
2026-07-24 19:12:06,168 - sflow.task.server_5 - INFO - 5:   File "/work/scaleout/sflow/tools/apply_trtllm_pr15790_disable_tinygemm2.py", line 183, in apply_patch
2026-07-24 19:12:06,168 - sflow.task.server_5 - INFO - 5:     if patch_modeling_gpt_oss(paths["modeling_gpt_oss"]):
2026-07-24 19:12:06,168 - sflow.task.server_5 - INFO - 5:        ^^^^^^^^^^^^^^^^^^^^^^^^^^^^^^^^^^^^^^^^^^^^^^^^^
2026-07-24 19:12:06,168 - sflow.task.server_5 - INFO - 5:   File "/work/scaleout/sflow/tools/apply_trtllm_pr15790_disable_tinygemm2.py", line 139, in patch_modeling_gpt_oss
2026-07-24 19:12:06,168 - sflow.task.server_5 - INFO - 5:     return write_if_changed(path, text, patched)
2026-07-24 19:12:06,168 - sflow.task.server_5 - INFO - 5:            ^^^^^^^^^^^^^^^^^^^^^^^^^^^^^^^^^^^^^
2026-07-24 19:12:06,168 - sflow.task.server_5 - INFO - 5:   File "/work/scaleout/sflow/tools/apply_trtllm_pr15790_disable_tinygemm2.py", line 70, in write_if_changed
2026-07-24 19:12:06,168 - sflow.task.server_5 - INFO - 5:     path.write_text(patched)
2026-07-24 19:12:06,168 - sflow.task.server_5 - INFO - 5:   File "/usr/lib/python3.12/pathlib.py", line 1049, in write_text
2026-07-24 19:12:06,168 - sflow.task.server_5 - INFO - 5:     with self.open(mode='w', encoding=encoding, errors=errors, newline=newline) as f:
2026-07-24 19:12:06,168 - sflow.task.server_5 - INFO - 5:          ^^^^^^^^^^^^^^^^^^^^^^^^^^^^^^^^^^^^^^^^^^^^^^^^^^^^^^^^^^^^^^^^^^^^^^
2026-07-24 19:12:06,168 - sflow.task.server_5 - INFO - 5:   File "/usr/lib/python3.12/pathlib.py", line 1015, in open
2026-07-24 19:12:06,168 - sflow.task.server_5 - INFO - 5:     return io.open(self, mode, buffering, encoding, errors, newline)
2026-07-24 19:12:06,168 - sflow.task.server_5 - INFO - 5:            ^^^^^^^^^^^^^^^^^^^^^^^^^^^^^^^^^^^^^^^^^^^^^^^^^^^^^^^^^
2026-07-24 19:12:06,168 - sflow.task.server_5 - INFO - 5: OSError: [Errno 30] Read-only file system: '/usr/local/lib/python3.12/dist-packages/tensorrt_llm/_torch/models/modeling_gpt_oss.py'
2026-07-24 19:12:06,219 - sflow.task.server_5 - INFO - 5: rm: cannot remove '/usr/local/cuda/compat/lib': Read-only file system
2026-07-24 19:12:06,674 - sflow.task.server_5 - INFO - 7: rm: cannot remove '/usr/local/cuda/compat/lib': Read-only file system
2026-07-24 19:12:07,995 - sflow.task.server_5 - INFO - 5: mpi_rank: 5
2026-07-24 19:12:08,047 - sflow.task.server_5 - INFO - 5: tllm_mpi_size: 8
2026-07-24 19:12:08,047 - sflow.task.server_5 - INFO - 5: Rank5 run mgmn worker node with mpi_world_size: 8 ...
2026-07-24 19:12:08,200 - sflow.task.server_5 - INFO - 6: mpi_rank: 6
2026-07-24 19:12:08,251 - sflow.task.server_5 - INFO - 6: tllm_mpi_size: 8
2026-07-24 19:12:08,251 - sflow.task.server_5 - INFO - 6: Rank6 run mgmn worker node with mpi_world_size: 8 ...
2026-07-24 19:12:08,404 - sflow.task.server_5 - INFO - 4: mpi_rank: 4
2026-07-24 19:12:08,455 - sflow.task.server_5 - INFO - 4: tllm_mpi_size: 8
2026-07-24 19:12:08,455 - sflow.task.server_5 - INFO - 4: Rank4 run mgmn worker node with mpi_world_size: 8 ...
2026-07-24 19:12:08,556 - sflow.task.server_5 - INFO - 7: mpi_rank: 7
2026-07-24 19:12:08,607 - sflow.task.server_5 - INFO - 7: tllm_mpi_size: 8
2026-07-24 19:12:08,607 - sflow.task.server_5 - INFO - 7: Rank7 run mgmn worker node with mpi_world_size: 8 ...
2026-07-24 19:12:09,167 - sflow.task.server_5 - INFO - 0: /usr/local/lib/python3.12/dist-packages/torch/library.py:356: UserWarning: Warning only once for all operators,  other operators may also be overridden.
2026-07-24 19:12:09,167 - sflow.task.server_5 - INFO - 0:   Overriding a previously registered kernel for the same operator and the same dispatch key
2026-07-24 19:12:09,167 - sflow.task.server_5 - INFO - 0:   operator: flash_attn::_flash_attn_backward(Tensor dout, Tensor q, Tensor k, Tensor v, Tensor out, Tensor softmax_lse, Tensor(a6!)? dq, Tensor(a7!)? dk, Tensor(a8!)? dv, float dropout_p, float softmax_scale, bool causal, SymInt window_size_left, SymInt window_size_right, float softcap, Tensor? alibi_slopes, bool deterministic, Tensor? rng_state=None) -> Tensor
2026-07-24 19:12:09,167 - sflow.task.server_5 - INFO - 0:     registered at /usr/local/lib/python3.12/dist-packages/torch/_library/custom_ops.py:922
2026-07-24 19:12:09,167 - sflow.task.server_5 - INFO - 0:   dispatch key: ADInplaceOrView
2026-07-24 19:12:09,167 - sflow.task.server_5 - INFO - 0:   previous kernel: no debug info
2026-07-24 19:12:09,167 - sflow.task.server_5 - INFO - 0:        new kernel: registered at /usr/local/lib/python3.12/dist-packages/torch/_library/custom_ops.py:922 (Triggered internally at /opt/pytorch/pytorch/aten/src/ATen/core/dispatch/OperatorEntry.cpp:208.)
2026-07-24 19:12:09,167 - sflow.task.server_5 - INFO - 0:   self.m.impl(
2026-07-24 19:12:12,684 - sflow.task.server_5 - INFO - 2: /usr/local/lib/python3.12/dist-packages/torch/library.py:356: UserWarning: Warning only once for all operators,  other operators may also be overridden.
2026-07-24 19:12:12,684 - sflow.task.server_5 - INFO - 2:   Overriding a previously registered kernel for the same operator and the same dispatch key
2026-07-24 19:12:12,684 - sflow.task.server_5 - INFO - 2:   operator: flash_attn::_flash_attn_backward(Tensor dout, Tensor q, Tensor k, Tensor v, Tensor out, Tensor softmax_lse, Tensor(a6!)? dq, Tensor(a7!)? dk, Tensor(a8!)? dv, float dropout_p, float softmax_scale, bool causal, SymInt window_size_left, SymInt window_size_right, float softcap, Tensor? alibi_slopes, bool deterministic, Tensor? rng_state=None) -> Tensor
2026-07-24 19:12:12,684 - sflow.task.server_5 - INFO - 2:     registered at /usr/local/lib/python3.12/dist-packages/torch/_library/custom_ops.py:922
2026-07-24 19:12:12,684 - sflow.task.server_5 - INFO - 2:   dispatch key: ADInplaceOrView
2026-07-24 19:12:12,684 - sflow.task.server_5 - INFO - 2:   previous kernel: no debug info
2026-07-24 19:12:12,684 - sflow.task.server_5 - INFO - 2:        new kernel: registered at /usr/local/lib/python3.12/dist-packages/torch/_library/custom_ops.py:922 (Triggered internally at /opt/pytorch/pytorch/aten/src/ATen/core/dispatch/OperatorEntry.cpp:208.)
2026-07-24 19:12:12,684 - sflow.task.server_5 - INFO - 2:   self.m.impl(
2026-07-24 19:12:12,684 - sflow.task.server_5 - INFO - 0: /usr/local/lib/python3.12/dist-packages/torch/library.py:356: UserWarning: Warning only once for all operators,  other operators may also be overridden.
2026-07-24 19:12:12,684 - sflow.task.server_5 - INFO - 0:   Overriding a previously registered kernel for the same operator and the same dispatch key
2026-07-24 19:12:12,684 - sflow.task.server_5 - INFO - 0:   operator: flash_attn::_flash_attn_backward(Tensor dout, Tensor q, Tensor k, Tensor v, Tensor out, Tensor softmax_lse, Tensor(a6!)? dq, Tensor(a7!)? dk, Tensor(a8!)? dv, float dropout_p, float softmax_scale, bool causal, SymInt window_size_left, SymInt window_size_right, float softcap, Tensor? alibi_slopes, bool deterministic, Tensor? rng_state=None) -> Tensor
2026-07-24 19:12:12,684 - sflow.task.server_5 - INFO - 0:     registered at /usr/local/lib/python3.12/dist-packages/torch/_library/custom_ops.py:922
2026-07-24 19:12:12,684 - sflow.task.server_5 - INFO - 0:   dispatch key: ADInplaceOrView
2026-07-24 19:12:12,684 - sflow.task.server_5 - INFO - 0:   previous kernel: no debug info
2026-07-24 19:12:12,684 - sflow.task.server_5 - INFO - 0:        new kernel: registered at /usr/local/lib/python3.12/dist-packages/torch/_library/custom_ops.py:922 (Triggered internally at /opt/pytorch/pytorch/aten/src/ATen/core/dispatch/OperatorEntry.cpp:208.)
2026-07-24 19:12:12,684 - sflow.task.server_5 - INFO - 0:   self.m.impl(
2026-07-24 19:12:12,735 - sflow.task.server_5 - INFO - 4: /usr/local/lib/python3.12/dist-packages/torch/library.py:356: UserWarning: Warning only once for all operators,  other operators may also be overridden.
2026-07-24 19:12:12,735 - sflow.task.server_5 - INFO - 4:   Overriding a previously registered kernel for the same operator and the same dispatch key
2026-07-24 19:12:12,735 - sflow.task.server_5 - INFO - 4:   operator: flash_attn::_flash_attn_backward(Tensor dout, Tensor q, Tensor k, Tensor v, Tensor out, Tensor softmax_lse, Tensor(a6!)? dq, Tensor(a7!)? dk, Tensor(a8!)? dv, float dropout_p, float softmax_scale, bool causal, SymInt window_size_left, SymInt window_size_right, float softcap, Tensor? alibi_slopes, bool deterministic, Tensor? rng_state=None) -> Tensor
2026-07-24 19:12:12,735 - sflow.task.server_5 - INFO - 4:     registered at /usr/local/lib/python3.12/dist-packages/torch/_library/custom_ops.py:922
2026-07-24 19:12:12,735 - sflow.task.server_5 - INFO - 4:   dispatch key: ADInplaceOrView
2026-07-24 19:12:12,735 - sflow.task.server_5 - INFO - 4:   previous kernel: no debug info
2026-07-24 19:12:12,735 - sflow.task.server_5 - INFO - 4:        new kernel: registered at /usr/local/lib/python3.12/dist-packages/torch/_library/custom_ops.py:922 (Triggered internally at /opt/pytorch/pytorch/aten/src/ATen/core/dispatch/OperatorEntry.cpp:208.)
2026-07-24 19:12:12,735 - sflow.task.server_5 - INFO - 4:   self.m.impl(
2026-07-24 19:12:12,735 - sflow.task.server_5 - INFO - 7: /usr/local/lib/python3.12/dist-packages/torch/library.py:356: UserWarning: Warning only once for all operators,  other operators may also be overridden.
2026-07-24 19:12:12,735 - sflow.task.server_5 - INFO - 7:   Overriding a previously registered kernel for the same operator and the same dispatch key
2026-07-24 19:12:12,735 - sflow.task.server_5 - INFO - 7:   operator: flash_attn::_flash_attn_backward(Tensor dout, Tensor q, Tensor k, Tensor v, Tensor out, Tensor softmax_lse, Tensor(a6!)? dq, Tensor(a7!)? dk, Tensor(a8!)? dv, float dropout_p, float softmax_scale, bool causal, SymInt window_size_left, SymInt window_size_right, float softcap, Tensor? alibi_slopes, bool deterministic, Tensor? rng_state=None) -> Tensor
2026-07-24 19:12:12,735 - sflow.task.server_5 - INFO - 7:     registered at /usr/local/lib/python3.12/dist-packages/torch/_library/custom_ops.py:922
2026-07-24 19:12:12,735 - sflow.task.server_5 - INFO - 7:   dispatch key: ADInplaceOrView
2026-07-24 19:12:12,735 - sflow.task.server_5 - INFO - 7:   previous kernel: no debug info
2026-07-24 19:12:12,735 - sflow.task.server_5 - INFO - 7:        new kernel: registered at /usr/local/lib/python3.12/dist-packages/torch/_library/custom_ops.py:922 (Triggered internally at /opt/pytorch/pytorch/aten/src/ATen/core/dispatch/OperatorEntry.cpp:208.)
2026-07-24 19:12:12,735 - sflow.task.server_5 - INFO - 7:   self.m.impl(
2026-07-24 19:12:12,735 - sflow.task.server_5 - INFO - 1: /usr/local/lib/python3.12/dist-packages/torch/library.py:356: UserWarning: Warning only once for all operators,  other operators may also be overridden.
2026-07-24 19:12:12,735 - sflow.task.server_5 - INFO - 1:   Overriding a previously registered kernel for the same operator and the same dispatch key
2026-07-24 19:12:12,735 - sflow.task.server_5 - INFO - 1:   operator: flash_attn::_flash_attn_backward(Tensor dout, Tensor q, Tensor k, Tensor v, Tensor out, Tensor softmax_lse, Tensor(a6!)? dq, Tensor(a7!)? dk, Tensor(a8!)? dv, float dropout_p, float softmax_scale, bool causal, SymInt window_size_left, SymInt window_size_right, float softcap, Tensor? alibi_slopes, bool deterministic, Tensor? rng_state=None) -> Tensor
2026-07-24 19:12:12,735 - sflow.task.server_5 - INFO - 1:     registered at /usr/local/lib/python3.12/dist-packages/torch/_library/custom_ops.py:922
2026-07-24 19:12:12,735 - sflow.task.server_5 - INFO - 1:   dispatch key: ADInplaceOrView
2026-07-24 19:12:12,735 - sflow.task.server_5 - INFO - 1:   previous kernel: no debug info
2026-07-24 19:12:12,735 - sflow.task.server_5 - INFO - 1:        new kernel: registered at /usr/local/lib/python3.12/dist-packages/torch/_library/custom_ops.py:922 (Triggered internally at /opt/pytorch/pytorch/aten/src/ATen/core/dispatch/OperatorEntry.cpp:208.)
2026-07-24 19:12:12,735 - sflow.task.server_5 - INFO - 1:   self.m.impl(
2026-07-24 19:12:12,735 - sflow.task.server_5 - INFO - 6: /usr/local/lib/python3.12/dist-packages/torch/library.py:356: UserWarning: Warning only once for all operators,  other operators may also be overridden.
2026-07-24 19:12:12,735 - sflow.task.server_5 - INFO - 6:   Overriding a previously registered kernel for the same operator and the same dispatch key
2026-07-24 19:12:12,735 - sflow.task.server_5 - INFO - 6:   operator: flash_attn::_flash_attn_backward(Tensor dout, Tensor q, Tensor k, Tensor v, Tensor out, Tensor softmax_lse, Tensor(a6!)? dq, Tensor(a7!)? dk, Tensor(a8!)? dv, float dropout_p, float softmax_scale, bool causal, SymInt window_size_left, SymInt window_size_right, float softcap, Tensor? alibi_slopes, bool deterministic, Tensor? rng_state=None) -> Tensor
2026-07-24 19:12:12,735 - sflow.task.server_5 - INFO - 6:     registered at /usr/local/lib/python3.12/dist-packages/torch/_library/custom_ops.py:922
2026-07-24 19:12:12,735 - sflow.task.server_5 - INFO - 6:   dispatch key: ADInplaceOrView
2026-07-24 19:12:12,735 - sflow.task.server_5 - INFO - 6:   previous kernel: no debug info
2026-07-24 19:12:12,735 - sflow.task.server_5 - INFO - 6:        new kernel: registered at /usr/local/lib/python3.12/dist-packages/torch/_library/custom_ops.py:922 (Triggered internally at /opt/pytorch/pytorch/aten/src/ATen/core/dispatch/OperatorEntry.cpp:208.)
2026-07-24 19:12:12,735 - sflow.task.server_5 - INFO - 6:   self.m.impl(
2026-07-24 19:12:12,838 - sflow.task.server_5 - INFO - 3: /usr/local/lib/python3.12/dist-packages/torch/library.py:356: UserWarning: Warning only once for all operators,  other operators may also be overridden.
2026-07-24 19:12:12,838 - sflow.task.server_5 - INFO - 3:   Overriding a previously registered kernel for the same operator and the same dispatch key
2026-07-24 19:12:12,838 - sflow.task.server_5 - INFO - 3:   operator: flash_attn::_flash_attn_backward(Tensor dout, Tensor q, Tensor k, Tensor v, Tensor out, Tensor softmax_lse, Tensor(a6!)? dq, Tensor(a7!)? dk, Tensor(a8!)? dv, float dropout_p, float softmax_scale, bool causal, SymInt window_size_left, SymInt window_size_right, float softcap, Tensor? alibi_slopes, bool deterministic, Tensor? rng_state=None) -> Tensor
2026-07-24 19:12:12,838 - sflow.task.server_5 - INFO - 3:     registered at /usr/local/lib/python3.12/dist-packages/torch/_library/custom_ops.py:922
2026-07-24 19:12:12,838 - sflow.task.server_5 - INFO - 3:   dispatch key: ADInplaceOrView
2026-07-24 19:12:12,838 - sflow.task.server_5 - INFO - 3:   previous kernel: no debug info
2026-07-24 19:12:12,838 - sflow.task.server_5 - INFO - 3:        new kernel: registered at /usr/local/lib/python3.12/dist-packages/torch/_library/custom_ops.py:922 (Triggered internally at /opt/pytorch/pytorch/aten/src/ATen/core/dispatch/OperatorEntry.cpp:208.)
2026-07-24 19:12:12,838 - sflow.task.server_5 - INFO - 3:   self.m.impl(
2026-07-24 19:12:14,213 - sflow.task.server_5 - INFO - 0: /usr/local/lib/python3.12/dist-packages/modelopt/torch/__init__.py:36: UserWarning: transformers version 4.57.1 is incompatible with nvidia-modelopt and may cause issues. Please install recommended version with `pip install nvidia-modelopt[hf]` if working with HF models.
2026-07-24 19:12:14,213 - sflow.task.server_5 - INFO - 0:   _warnings.warn(
2026-07-24 19:12:16,753 - sflow.task.server_5 - INFO - 0: /usr/local/lib/python3.12/dist-packages/modelopt/torch/__init__.py:36: UserWarning: transformers version 4.57.1 is incompatible with nvidia-modelopt and may cause issues. Please install recommended version with `pip install nvidia-modelopt[hf]` if working with HF models.
2026-07-24 19:12:16,753 - sflow.task.server_5 - INFO - 0:   _warnings.warn(
2026-07-24 19:12:16,753 - sflow.task.server_5 - INFO - 2: /usr/local/lib/python3.12/dist-packages/modelopt/torch/__init__.py:36: UserWarning: transformers version 4.57.1 is incompatible with nvidia-modelopt and may cause issues. Please install recommended version with `pip install nvidia-modelopt[hf]` if working with HF models.
2026-07-24 19:12:16,753 - sflow.task.server_5 - INFO - 2:   _warnings.warn(
2026-07-24 19:12:16,906 - sflow.task.server_5 - INFO - 1: /usr/local/lib/python3.12/dist-packages/modelopt/torch/__init__.py:36: UserWarning: transformers version 4.57.1 is incompatible with nvidia-modelopt and may cause issues. Please install recommended version with `pip install nvidia-modelopt[hf]` if working with HF models.
2026-07-24 19:12:16,906 - sflow.task.server_5 - INFO - 1:   _warnings.warn(
2026-07-24 19:12:17,413 - sflow.task.server_5 - INFO - 6: /usr/local/lib/python3.12/dist-packages/modelopt/torch/__init__.py:36: UserWarning: transformers version 4.57.1 is incompatible with nvidia-modelopt and may cause issues. Please install recommended version with `pip install nvidia-modelopt[hf]` if working with HF models.
2026-07-24 19:12:17,413 - sflow.task.server_5 - INFO - 6:   _warnings.warn(
2026-07-24 19:12:17,413 - sflow.task.server_5 - INFO - 3: /usr/local/lib/python3.12/dist-packages/modelopt/torch/__init__.py:36: UserWarning: transformers version 4.57.1 is incompatible with nvidia-modelopt and may cause issues. Please install recommended version with `pip install nvidia-modelopt[hf]` if working with HF models.
2026-07-24 19:12:17,413 - sflow.task.server_5 - INFO - 3:   _warnings.warn(
2026-07-24 19:12:17,464 - sflow.task.server_5 - INFO - 0: [TensorRT-LLM] TensorRT LLM version: 1.3.0rc0
2026-07-24 19:12:17,922 - sflow.task.server_5 - INFO - 5: /usr/local/lib/python3.12/dist-packages/torch/library.py:356: UserWarning: Warning only once for all operators,  other operators may also be overridden.
2026-07-24 19:12:17,922 - sflow.task.server_5 - INFO - 5:   Overriding a previously registered kernel for the same operator and the same dispatch key
2026-07-24 19:12:17,922 - sflow.task.server_5 - INFO - 5:   operator: flash_attn::_flash_attn_backward(Tensor dout, Tensor q, Tensor k, Tensor v, Tensor out, Tensor softmax_lse, Tensor(a6!)? dq, Tensor(a7!)? dk, Tensor(a8!)? dv, float dropout_p, float softmax_scale, bool causal, SymInt window_size_left, SymInt window_size_right, float softcap, Tensor? alibi_slopes, bool deterministic, Tensor? rng_state=None) -> Tensor
2026-07-24 19:12:17,922 - sflow.task.server_5 - INFO - 5:     registered at /usr/local/lib/python3.12/dist-packages/torch/_library/custom_ops.py:922
2026-07-24 19:12:17,922 - sflow.task.server_5 - INFO - 5:   dispatch key: ADInplaceOrView
2026-07-24 19:12:17,922 - sflow.task.server_5 - INFO - 5:   previous kernel: no debug info
2026-07-24 19:12:17,922 - sflow.task.server_5 - INFO - 5:        new kernel: registered at /usr/local/lib/python3.12/dist-packages/torch/_library/custom_ops.py:922 (Triggered internally at /opt/pytorch/pytorch/aten/src/ATen/core/dispatch/OperatorEntry.cpp:208.)
2026-07-24 19:12:17,922 - sflow.task.server_5 - INFO - 5:   self.m.impl(
2026-07-24 19:12:18,074 - sflow.task.server_5 - INFO - 4: /usr/local/lib/python3.12/dist-packages/modelopt/torch/__init__.py:36: UserWarning: transformers version 4.57.1 is incompatible with nvidia-modelopt and may cause issues. Please install recommended version with `pip install nvidia-modelopt[hf]` if working with HF models.
2026-07-24 19:12:18,074 - sflow.task.server_5 - INFO - 4:   _warnings.warn(
2026-07-24 19:12:18,328 - sflow.task.server_5 - INFO - 0: /usr/local/lib/python3.12/dist-packages/tensorrt_llm/serve/openai_protocol.py:104: UserWarning: Field name "schema" in "ResponseFormat" shadows an attribute in parent "OpenAIBaseModel"
2026-07-24 19:12:18,328 - sflow.task.server_5 - INFO - 0:   class ResponseFormat(OpenAIBaseModel):
2026-07-24 19:12:18,430 - sflow.task.server_5 - INFO - 0: [07/24/2026-19:12:18] [TRT-LLM] [W] Overriding moe_config
2026-07-24 19:12:18,430 - sflow.task.server_5 - INFO - 0: [07/24/2026-19:12:18] [TRT-LLM] [W] Overriding attention_dp_config
2026-07-24 19:12:18,430 - sflow.task.server_5 - INFO - 0: [07/24/2026-19:12:18] [TRT-LLM] [W] Overriding kv_cache_config
2026-07-24 19:12:18,430 - sflow.task.server_5 - INFO - 0: [07/24/2026-19:12:18] [TRT-LLM] [I] Overriding max_batch_size from build_config to 512
2026-07-24 19:12:18,430 - sflow.task.server_5 - INFO - 0: [07/24/2026-19:12:18] [TRT-LLM] [I] Overriding max_num_tokens from build_config to 3456
2026-07-24 19:12:18,430 - sflow.task.server_5 - INFO - 0: [07/24/2026-19:12:18] [TRT-LLM] [I] Overriding max_seq_len from build_config to 23140
2026-07-24 19:12:18,430 - sflow.task.server_5 - INFO - 0: [07/24/2026-19:12:18] [TRT-LLM] [I] Using LLM with PyTorch backend
2026-07-24 19:12:18,431 - sflow.task.server_5 - INFO - 0: [07/24/2026-19:12:18] [TRT-LLM] [I] neither checkpoint_format nor checkpoint_loader were provided, checkpoint_format will be set to HF.
2026-07-24 19:12:18,431 - sflow.task.server_5 - INFO - 0: [07/24/2026-19:12:18] [TRT-LLM] [I] start MpiSession with 8 workers
2026-07-24 19:12:18,431 - sflow.task.server_5 - INFO - 0: [07/24/2026-19:12:18] [TRT-LLM] [I] Found /home/mlperf_inference_storage/models/deepseek-r1/fp4-quantized-modelopt/deepseek_r1-torch-fp4/hf_quant_config.json, pre-quantized checkpoint is used.
2026-07-24 19:12:18,431 - sflow.task.server_5 - INFO - 0: [07/24/2026-19:12:18] [TRT-LLM] [I] Setting quant_algo=NVFP4 form HF quant config.
2026-07-24 19:12:18,431 - sflow.task.server_5 - INFO - 0: [07/24/2026-19:12:18] [TRT-LLM] [I] Setting group_size=16 from HF quant config.
2026-07-24 19:12:18,431 - sflow.task.server_5 - INFO - 0: [07/24/2026-19:12:18] [TRT-LLM] [I] Setting exclude_modules=['lm_head', 'model.layers.0.self_attn.kv_a_proj_with_mqa', 'model.layers.0.self_attn.kv_b_proj', 'mo... from HF quant config.
2026-07-24 19:12:18,684 - sflow.task.server_5 - INFO - 0: The argument `trust_remote_code` is to be used with Auto classes. It has no effect here and is ignored.
2026-07-24 19:12:18,684 - sflow.task.server_5 - INFO - 0: You are using a model of type deepseek_v3 to instantiate a model of type . This is not supported for all configurations of models and can yield errors.
2026-07-24 19:12:18,685 - sflow.task.server_5 - INFO - 0: `torch_dtype` is deprecated! Use `dtype` instead!
2026-07-24 19:12:18,685 - sflow.task.server_5 - INFO - 0: [07/24/2026-19:12:18] [TRT-LLM] [W] Orchestrator is creating IPC executor
2026-07-24 19:12:18,685 - sflow.task.server_5 - INFO - 0: rank 0 using MpiCommSession to bind to external MPI processes
2026-07-24 19:12:18,685 - sflow.task.server_5 - INFO - 0:
2026-07-24 19:12:18,685 - sflow.task.server_5 - INFO - 0: [07/24/2026-19:12:18] [TRT-LLM] [I] Generating a new HMAC key for server proxy_request_queue
2026-07-24 19:12:18,736 - sflow.task.server_5 - INFO - 0: [07/24/2026-19:12:18] [TRT-LLM] [I] Generating a new HMAC key for server worker_init_status_queue
2026-07-24 19:12:18,736 - sflow.task.server_5 - INFO - 0: [07/24/2026-19:12:18] [TRT-LLM] [I] Generating a new HMAC key for server proxy_result_queue
2026-07-24 19:12:22,143 - sflow.task.server_5 - INFO - 7: /usr/local/lib/python3.12/dist-packages/modelopt/torch/__init__.py:36: UserWarning: transformers version 4.57.1 is incompatible with nvidia-modelopt and may cause issues. Please install recommended version with `pip install nvidia-modelopt[hf]` if working with HF models.
2026-07-24 19:12:22,143 - sflow.task.server_5 - INFO - 7:   _warnings.warn(
2026-07-24 19:12:22,194 - sflow.task.server_5 - INFO - 5: /usr/local/lib/python3.12/dist-packages/modelopt/torch/__init__.py:36: UserWarning: transformers version 4.57.1 is incompatible with nvidia-modelopt and may cause issues. Please install recommended version with `pip install nvidia-modelopt[hf]` if working with HF models.
2026-07-24 19:12:22,194 - sflow.task.server_5 - INFO - 5:   _warnings.warn(
2026-07-24 19:12:25,293 - sflow.task.server_5 - INFO - 5: [TensorRT-LLM] TensorRT LLM version: 1.3.0rc0
2026-07-24 19:12:25,293 - sflow.task.server_5 - INFO - 7: [TensorRT-LLM] TensorRT LLM version: 1.3.0rc0
2026-07-24 19:12:25,293 - sflow.task.server_5 - INFO - 4: [TensorRT-LLM] TensorRT LLM version: 1.3.0rc0
2026-07-24 19:12:25,293 - sflow.task.server_5 - INFO - 6: [TensorRT-LLM] TensorRT LLM version: 1.3.0rc0
2026-07-24 19:12:25,293 - sflow.task.server_5 - INFO - 0: [TensorRT-LLM] TensorRT LLM version: 1.3.0rc0
2026-07-24 19:12:25,293 - sflow.task.server_5 - INFO - 2: [TensorRT-LLM] TensorRT LLM version: 1.3.0rc0
2026-07-24 19:12:25,293 - sflow.task.server_5 - INFO - 1: [TensorRT-LLM] TensorRT LLM version: 1.3.0rc0
2026-07-24 19:12:25,293 - sflow.task.server_5 - INFO - 3: [TensorRT-LLM] TensorRT LLM version: 1.3.0rc0
2026-07-24 19:12:26,053 - sflow.task.server_5 - INFO - 7: [TensorRT-LLM][INFO] Refreshed the MPI local session
2026-07-24 19:12:26,053 - sflow.task.server_5 - INFO - 4: [TensorRT-LLM][INFO] Refreshed the MPI local session
2026-07-24 19:12:26,053 - sflow.task.server_5 - INFO - 5: [TensorRT-LLM][INFO] Refreshed the MPI local session
2026-07-24 19:12:26,053 - sflow.task.server_5 - INFO - 6: [TensorRT-LLM][INFO] Refreshed the MPI local session
2026-07-24 19:12:26,053 - sflow.task.server_5 - INFO - 0: [TensorRT-LLM][INFO] Refreshed the MPI local session
2026-07-24 19:12:26,053 - sflow.task.server_5 - INFO - 1: [TensorRT-LLM][INFO] Refreshed the MPI local session
2026-07-24 19:12:26,053 - sflow.task.server_5 - INFO - 2: [TensorRT-LLM][INFO] Refreshed the MPI local session
2026-07-24 19:12:26,053 - sflow.task.server_5 - INFO - 3: [TensorRT-LLM][INFO] Refreshed the MPI local session
2026-07-24 19:12:27,223 - sflow.task.server_5 - INFO - 0: [07/24/2026-19:12:27] [TRT-LLM] [RANK 0] [I] Worker process 448295 CPU affinity set to [0, 1, 2, 3, 4, 5, 6, 7, 8, 9, 10, 11, 12, 13, 14, 15, 16, 17, 18, 19, 20, 21, 22, 23, 24, 25, 26, 27, 28, 29, 30, 31, 32, 33, 34, 35, 36, 37, 38, 39, 40, 41, 42, 43, 44, 45, 46, 47, 48, 49, 50, 51, 52, 53, 54, 55, 56, 57, 58, 59, 60, 61, 62, 63, 64, 65, 66, 67, 68, 69] for optimal NUMA-aware scheduling.
2026-07-24 19:12:27,986 - sflow.task.server_5 - INFO - 1: /usr/local/lib/python3.12/dist-packages/tensorrt_llm/serve/openai_protocol.py:104: UserWarning: Field name "schema" in "ResponseFormat" shadows an attribute in parent "OpenAIBaseModel"
2026-07-24 19:12:27,986 - sflow.task.server_5 - INFO - 1:   class ResponseFormat(OpenAIBaseModel):
2026-07-24 19:12:27,986 - sflow.task.server_5 - INFO - 7: /usr/local/lib/python3.12/dist-packages/tensorrt_llm/serve/openai_protocol.py:104: UserWarning: Field name "schema" in "ResponseFormat" shadows an attribute in parent "OpenAIBaseModel"
2026-07-24 19:12:27,986 - sflow.task.server_5 - INFO - 7:   class ResponseFormat(OpenAIBaseModel):
2026-07-24 19:12:28,036 - sflow.task.server_5 - INFO - 0: /usr/local/lib/python3.12/dist-packages/tensorrt_llm/serve/openai_protocol.py:104: UserWarning: Field name "schema" in "ResponseFormat" shadows an attribute in parent "OpenAIBaseModel"
2026-07-24 19:12:28,036 - sflow.task.server_5 - INFO - 0:   class ResponseFormat(OpenAIBaseModel):
2026-07-24 19:12:28,036 - sflow.task.server_5 - INFO - 2: /usr/local/lib/python3.12/dist-packages/tensorrt_llm/serve/openai_protocol.py:104: UserWarning: Field name "schema" in "ResponseFormat" shadows an attribute in parent "OpenAIBaseModel"
2026-07-24 19:12:28,036 - sflow.task.server_5 - INFO - 2:   class ResponseFormat(OpenAIBaseModel):
2026-07-24 19:12:28,138 - sflow.task.server_5 - INFO - 1: `torch_dtype` is deprecated! Use `dtype` instead!
2026-07-24 19:12:28,189 - sflow.task.server_5 - INFO - 7: `torch_dtype` is deprecated! Use `dtype` instead!
2026-07-24 19:12:28,190 - sflow.task.server_5 - INFO - 0: [07/24/2026-19:12:28] [TRT-LLM] [RANK 0] [I] ATTENTION RUNTIME FEATURES:  AttentionRuntimeFeatures(chunked_prefill=False, cache_reuse=False, has_speculative_draft_tokens=False, chunk_size=3456, chunked_prefill_buffer_batch_size=4)
2026-07-24 19:12:28,240 - sflow.task.server_5 - INFO - 0: `torch_dtype` is deprecated! Use `dtype` instead!
2026-07-24 19:12:28,240 - sflow.task.server_5 - INFO - 0: [07/24/2026-19:12:28] [TRT-LLM] [RANK 0] [I] Validating KV Cache config against kv_cache_dtype="fp8"
2026-07-24 19:12:28,291 - sflow.task.server_5 - INFO - 2: `torch_dtype` is deprecated! Use `dtype` instead!
2026-07-24 19:12:28,291 - sflow.task.server_5 - INFO - 0: [07/24/2026-19:12:28] [TRT-LLM] [RANK 0] [I] Detect inter-node TP between rank 0 and rank 1, fail to access peer GPU memory
2026-07-24 19:12:28,342 - sflow.task.server_5 - INFO - 5: /usr/local/lib/python3.12/dist-packages/tensorrt_llm/serve/openai_protocol.py:104: UserWarning: Field name "schema" in "ResponseFormat" shadows an attribute in parent "OpenAIBaseModel"
2026-07-24 19:12:28,342 - sflow.task.server_5 - INFO - 5:   class ResponseFormat(OpenAIBaseModel):
2026-07-24 19:12:28,393 - sflow.task.server_5 - INFO - 4: /usr/local/lib/python3.12/dist-packages/tensorrt_llm/serve/openai_protocol.py:104: UserWarning: Field name "schema" in "ResponseFormat" shadows an attribute in parent "OpenAIBaseModel"
2026-07-24 19:12:28,393 - sflow.task.server_5 - INFO - 4:   class ResponseFormat(OpenAIBaseModel):
2026-07-24 19:12:28,444 - sflow.task.server_5 - INFO - 3: /usr/local/lib/python3.12/dist-packages/tensorrt_llm/serve/openai_protocol.py:104: UserWarning: Field name "schema" in "ResponseFormat" shadows an attribute in parent "OpenAIBaseModel"
2026-07-24 19:12:28,444 - sflow.task.server_5 - INFO - 3:   class ResponseFormat(OpenAIBaseModel):
2026-07-24 19:12:28,444 - sflow.task.server_5 - INFO - 0: [07/24/2026-19:12:28] [TRT-LLM] [RANK 0] [I] Detect inter-node TP between rank 0 and rank 1, fail to access peer GPU memory
2026-07-24 19:12:28,495 - sflow.task.server_5 - INFO - 6: /usr/local/lib/python3.12/dist-packages/tensorrt_llm/serve/openai_protocol.py:104: UserWarning: Field name "schema" in "ResponseFormat" shadows an attribute in parent "OpenAIBaseModel"
2026-07-24 19:12:28,495 - sflow.task.server_5 - INFO - 6:   class ResponseFormat(OpenAIBaseModel):
2026-07-24 19:12:28,495 - sflow.task.server_5 - INFO - 0: [07/24/2026-19:12:28] [TRT-LLM] [RANK 0] [I] Detect inter-node TP between rank 0 and rank 1, fail to access peer GPU memory
2026-07-24 19:12:28,495 - sflow.task.server_5 - INFO - 0: [07/24/2026-19:12:28] [TRT-LLM] [RANK 0] [I] Detect inter-node TP between rank 0 and rank 1, fail to access peer GPU memory
2026-07-24 19:12:28,495 - sflow.task.server_5 - INFO - 0: [07/24/2026-19:12:28] [TRT-LLM] [RANK 0] [I] NVLinkOneSided: Allocating workspace with size 795101568 bytes.ep_rank: 0, ep_size: 8, top_k: 8, max_num_tokens_per_rank: 3456
2026-07-24 19:12:28,546 - sflow.task.server_5 - INFO - 5: `torch_dtype` is deprecated! Use `dtype` instead!
2026-07-24 19:12:28,546 - sflow.task.server_5 - INFO - 4: `torch_dtype` is deprecated! Use `dtype` instead!
2026-07-24 19:12:28,648 - sflow.task.server_5 - INFO - 3: `torch_dtype` is deprecated! Use `dtype` instead!
2026-07-24 19:12:28,750 - sflow.task.server_5 - INFO - 6: `torch_dtype` is deprecated! Use `dtype` instead!
2026-07-24 19:12:29,006 - sflow.task.server_5 - INFO - 0: [07/24/2026-19:12:28] [TRT-LLM] [RANK 0] [I] [MnnvlMemory] creating address with stride=1073741824
2026-07-24 19:12:29,466 - sflow.task.server_5 - INFO - 0: [07/24/2026-19:12:29] [TRT-LLM] [RANK 0] [I] Selected communication strategy: NVLinkOneSided
2026-07-24 19:12:29,466 - sflow.task.server_5 - INFO - 0: [07/24/2026-19:12:29] [TRT-LLM] [RANK 0] [I] Detect inter-node TP between rank 0 and rank 1, fail to access peer GPU memory
2026-07-24 19:12:30,383 - sflow.task.server_5 - INFO - 0: [07/24/2026-19:12:30] [TRT-LLM] [RANK 0] [I] Selected communication strategy: NVLinkOneSided
2026-07-24 19:12:30,383 - sflow.task.server_5 - INFO - 0: [07/24/2026-19:12:30] [TRT-LLM] [RANK 0] [I] Detect inter-node TP between rank 0 and rank 1, fail to access peer GPU memory
2026-07-24 19:12:31,299 - sflow.task.server_5 - INFO - 0: [07/24/2026-19:12:31] [TRT-LLM] [RANK 0] [I] Selected communication strategy: NVLinkOneSided
2026-07-24 19:12:31,299 - sflow.task.server_5 - INFO - 0: [07/24/2026-19:12:31] [TRT-LLM] [RANK 0] [I] Detect inter-node TP between rank 0 and rank 1, fail to access peer GPU memory
2026-07-24 19:12:32,214 - sflow.task.server_5 - INFO - 0: [07/24/2026-19:12:32] [TRT-LLM] [RANK 0] [I] Selected communication strategy: NVLinkOneSided
2026-07-24 19:12:32,214 - sflow.task.server_5 - INFO - 0: [07/24/2026-19:12:32] [TRT-LLM] [RANK 0] [I] Detect inter-node TP between rank 0 and rank 1, fail to access peer GPU memory
2026-07-24 19:12:33,181 - sflow.task.server_5 - INFO - 0: [07/24/2026-19:12:33] [TRT-LLM] [RANK 0] [I] Selected communication strategy: NVLinkOneSided
2026-07-24 19:12:33,181 - sflow.task.server_5 - INFO - 0: [07/24/2026-19:12:33] [TRT-LLM] [RANK 0] [I] Detect inter-node TP between rank 0 and rank 1, fail to access peer GPU memory
2026-07-24 19:12:34,094 - sflow.task.server_5 - INFO - 0: [07/24/2026-19:12:34] [TRT-LLM] [RANK 0] [I] Selected communication strategy: NVLinkOneSided
2026-07-24 19:12:34,094 - sflow.task.server_5 - INFO - 0: [07/24/2026-19:12:34] [TRT-LLM] [RANK 0] [I] Detect inter-node TP between rank 0 and rank 1, fail to access peer GPU memory
2026-07-24 19:12:35,059 - sflow.task.server_5 - INFO - 0: [07/24/2026-19:12:35] [TRT-LLM] [RANK 0] [I] Selected communication strategy: NVLinkOneSided
2026-07-24 19:12:35,059 - sflow.task.server_5 - INFO - 0: [07/24/2026-19:12:35] [TRT-LLM] [RANK 0] [I] Detect inter-node TP between rank 0 and rank 1, fail to access peer GPU memory
2026-07-24 19:12:35,972 - sflow.task.server_5 - INFO - 0: [07/24/2026-19:12:35] [TRT-LLM] [RANK 0] [I] Selected communication strategy: NVLinkOneSided
2026-07-24 19:12:35,972 - sflow.task.server_5 - INFO - 0: [07/24/2026-19:12:35] [TRT-LLM] [RANK 0] [I] Detect inter-node TP between rank 0 and rank 1, fail to access peer GPU memory
2026-07-24 19:12:36,936 - sflow.task.server_5 - INFO - 0: [07/24/2026-19:12:36] [TRT-LLM] [RANK 0] [I] Selected communication strategy: NVLinkOneSided
2026-07-24 19:12:36,936 - sflow.task.server_5 - INFO - 0: [07/24/2026-19:12:36] [TRT-LLM] [RANK 0] [I] Detect inter-node TP between rank 0 and rank 1, fail to access peer GPU memory
2026-07-24 19:12:37,850 - sflow.task.server_5 - INFO - 0: [07/24/2026-19:12:37] [TRT-LLM] [RANK 0] [I] Selected communication strategy: NVLinkOneSided
2026-07-24 19:12:37,850 - sflow.task.server_5 - INFO - 0: [07/24/2026-19:12:37] [TRT-LLM] [RANK 0] [I] Detect inter-node TP between rank 0 and rank 1, fail to access peer GPU memory
2026-07-24 19:12:38,814 - sflow.task.server_5 - INFO - 0: [07/24/2026-19:12:38] [TRT-LLM] [RANK 0] [I] Selected communication strategy: NVLinkOneSided
2026-07-24 19:12:38,814 - sflow.task.server_5 - INFO - 0: [07/24/2026-19:12:38] [TRT-LLM] [RANK 0] [I] Detect inter-node TP between rank 0 and rank 1, fail to access peer GPU memory
2026-07-24 19:12:39,730 - sflow.task.server_5 - INFO - 0: [07/24/2026-19:12:39] [TRT-LLM] [RANK 0] [I] Selected communication strategy: NVLinkOneSided
2026-07-24 19:12:39,730 - sflow.task.server_5 - INFO - 0: [07/24/2026-19:12:39] [TRT-LLM] [RANK 0] [I] Detect inter-node TP between rank 0 and rank 1, fail to access peer GPU memory
2026-07-24 19:12:40,644 - sflow.task.server_5 - INFO - 0: [07/24/2026-19:12:40] [TRT-LLM] [RANK 0] [I] Selected communication strategy: NVLinkOneSided
2026-07-24 19:12:40,644 - sflow.task.server_5 - INFO - 0: [07/24/2026-19:12:40] [TRT-LLM] [RANK 0] [I] Detect inter-node TP between rank 0 and rank 1, fail to access peer GPU memory
2026-07-24 19:12:41,609 - sflow.task.server_5 - INFO - 0: [07/24/2026-19:12:41] [TRT-LLM] [RANK 0] [I] Selected communication strategy: NVLinkOneSided
2026-07-24 19:12:41,609 - sflow.task.server_5 - INFO - 0: [07/24/2026-19:12:41] [TRT-LLM] [RANK 0] [I] Detect inter-node TP between rank 0 and rank 1, fail to access peer GPU memory
2026-07-24 19:12:42,522 - sflow.task.server_5 - INFO - 0: [07/24/2026-19:12:42] [TRT-LLM] [RANK 0] [I] Selected communication strategy: NVLinkOneSided
2026-07-24 19:12:42,522 - sflow.task.server_5 - INFO - 0: [07/24/2026-19:12:42] [TRT-LLM] [RANK 0] [I] Detect inter-node TP between rank 0 and rank 1, fail to access peer GPU memory
2026-07-24 19:12:43,486 - sflow.task.server_5 - INFO - 0: [07/24/2026-19:12:43] [TRT-LLM] [RANK 0] [I] Selected communication strategy: NVLinkOneSided
2026-07-24 19:12:43,486 - sflow.task.server_5 - INFO - 0: [07/24/2026-19:12:43] [TRT-LLM] [RANK 0] [I] Detect inter-node TP between rank 0 and rank 1, fail to access peer GPU memory
2026-07-24 19:12:44,399 - sflow.task.server_5 - INFO - 0: [07/24/2026-19:12:44] [TRT-LLM] [RANK 0] [I] Selected communication strategy: NVLinkOneSided
2026-07-24 19:12:44,399 - sflow.task.server_5 - INFO - 0: [07/24/2026-19:12:44] [TRT-LLM] [RANK 0] [I] Detect inter-node TP between rank 0 and rank 1, fail to access peer GPU memory
2026-07-24 19:12:45,363 - sflow.task.server_5 - INFO - 0: [07/24/2026-19:12:45] [TRT-LLM] [RANK 0] [I] Selected communication strategy: NVLinkOneSided
2026-07-24 19:12:45,363 - sflow.task.server_5 - INFO - 0: [07/24/2026-19:12:45] [TRT-LLM] [RANK 0] [I] Detect inter-node TP between rank 0 and rank 1, fail to access peer GPU memory
2026-07-24 19:12:46,277 - sflow.task.server_5 - INFO - 0: [07/24/2026-19:12:46] [TRT-LLM] [RANK 0] [I] Selected communication strategy: NVLinkOneSided
2026-07-24 19:12:46,277 - sflow.task.server_5 - INFO - 0: [07/24/2026-19:12:46] [TRT-LLM] [RANK 0] [I] Detect inter-node TP between rank 0 and rank 1, fail to access peer GPU memory
2026-07-24 19:12:47,242 - sflow.task.server_5 - INFO - 0: [07/24/2026-19:12:47] [TRT-LLM] [RANK 0] [I] Selected communication strategy: NVLinkOneSided
2026-07-24 19:12:47,242 - sflow.task.server_5 - INFO - 0: [07/24/2026-19:12:47] [TRT-LLM] [RANK 0] [I] Detect inter-node TP between rank 0 and rank 1, fail to access peer GPU memory
2026-07-24 19:12:48,156 - sflow.task.server_5 - INFO - 0: [07/24/2026-19:12:48] [TRT-LLM] [RANK 0] [I] Selected communication strategy: NVLinkOneSided
2026-07-24 19:12:48,156 - sflow.task.server_5 - INFO - 0: [07/24/2026-19:12:48] [TRT-LLM] [RANK 0] [I] Detect inter-node TP between rank 0 and rank 1, fail to access peer GPU memory
2026-07-24 19:12:49,120 - sflow.task.server_5 - INFO - 0: [07/24/2026-19:12:49] [TRT-LLM] [RANK 0] [I] Selected communication strategy: NVLinkOneSided
2026-07-24 19:12:49,120 - sflow.task.server_5 - INFO - 0: [07/24/2026-19:12:49] [TRT-LLM] [RANK 0] [I] Detect inter-node TP between rank 0 and rank 1, fail to access peer GPU memory
2026-07-24 19:12:50,033 - sflow.task.server_5 - INFO - 0: [07/24/2026-19:12:50] [TRT-LLM] [RANK 0] [I] Selected communication strategy: NVLinkOneSided
2026-07-24 19:12:50,033 - sflow.task.server_5 - INFO - 0: [07/24/2026-19:12:50] [TRT-LLM] [RANK 0] [I] Detect inter-node TP between rank 0 and rank 1, fail to access peer GPU memory
2026-07-24 19:12:50,997 - sflow.task.server_5 - INFO - 0: [07/24/2026-19:12:50] [TRT-LLM] [RANK 0] [I] Selected communication strategy: NVLinkOneSided
2026-07-24 19:12:50,997 - sflow.task.server_5 - INFO - 0: [07/24/2026-19:12:50] [TRT-LLM] [RANK 0] [I] Detect inter-node TP between rank 0 and rank 1, fail to access peer GPU memory
2026-07-24 19:12:51,911 - sflow.task.server_5 - INFO - 0: [07/24/2026-19:12:51] [TRT-LLM] [RANK 0] [I] Selected communication strategy: NVLinkOneSided
2026-07-24 19:12:51,911 - sflow.task.server_5 - INFO - 0: [07/24/2026-19:12:51] [TRT-LLM] [RANK 0] [I] Detect inter-node TP between rank 0 and rank 1, fail to access peer GPU memory
2026-07-24 19:12:52,825 - sflow.task.server_5 - INFO - 0: [07/24/2026-19:12:52] [TRT-LLM] [RANK 0] [I] Selected communication strategy: NVLinkOneSided
2026-07-24 19:12:52,825 - sflow.task.server_5 - INFO - 0: [07/24/2026-19:12:52] [TRT-LLM] [RANK 0] [I] Detect inter-node TP between rank 0 and rank 1, fail to access peer GPU memory
2026-07-24 19:12:53,788 - sflow.task.server_5 - INFO - 0: [07/24/2026-19:12:53] [TRT-LLM] [RANK 0] [I] Selected communication strategy: NVLinkOneSided
2026-07-24 19:12:53,788 - sflow.task.server_5 - INFO - 0: [07/24/2026-19:12:53] [TRT-LLM] [RANK 0] [I] Detect inter-node TP between rank 0 and rank 1, fail to access peer GPU memory
2026-07-24 19:12:54,702 - sflow.task.server_5 - INFO - 0: [07/24/2026-19:12:54] [TRT-LLM] [RANK 0] [I] Selected communication strategy: NVLinkOneSided
2026-07-24 19:12:54,702 - sflow.task.server_5 - INFO - 0: [07/24/2026-19:12:54] [TRT-LLM] [RANK 0] [I] Detect inter-node TP between rank 0 and rank 1, fail to access peer GPU memory
2026-07-24 19:12:55,159 - sflow.task.server_5 - INFO - 0: [07/24/2026-19:12:55] [TRT-LLM] [RANK 0] [I] Selected communication strategy: NVLinkOneSided
2026-07-24 19:12:55,159 - sflow.task.server_5 - INFO - 0: [07/24/2026-19:12:55] [TRT-LLM] [RANK 0] [I] Detect inter-node TP between rank 0 and rank 1, fail to access peer GPU memory
2026-07-24 19:12:55,920 - sflow.task.server_5 - INFO - 0: [07/24/2026-19:12:55] [TRT-LLM] [RANK 0] [I] Selected communication strategy: NVLinkOneSided
2026-07-24 19:12:55,920 - sflow.task.server_5 - INFO - 0: [07/24/2026-19:12:55] [TRT-LLM] [RANK 0] [I] Detect inter-node TP between rank 0 and rank 1, fail to access peer GPU memory
2026-07-24 19:12:56,280 - sflow.task.server_5 - INFO - 0: [07/24/2026-19:12:56] [TRT-LLM] [RANK 0] [I] Selected communication strategy: NVLinkOneSided
2026-07-24 19:12:56,280 - sflow.task.server_5 - INFO - 0: [07/24/2026-19:12:56] [TRT-LLM] [RANK 0] [I] Detect inter-node TP between rank 0 and rank 1, fail to access peer GPU memory
2026-07-24 19:12:56,537 - sflow.task.server_5 - INFO - 0: [07/24/2026-19:12:56] [TRT-LLM] [RANK 0] [I] Selected communication strategy: NVLinkOneSided
2026-07-24 19:12:56,537 - sflow.task.server_5 - INFO - 0: [07/24/2026-19:12:56] [TRT-LLM] [RANK 0] [I] Detect inter-node TP between rank 0 and rank 1, fail to access peer GPU memory
2026-07-24 19:12:56,744 - sflow.task.server_5 - INFO - 0: [07/24/2026-19:12:56] [TRT-LLM] [RANK 0] [I] Selected communication strategy: NVLinkOneSided
2026-07-24 19:12:56,744 - sflow.task.server_5 - INFO - 0: [07/24/2026-19:12:56] [TRT-LLM] [RANK 0] [I] Detect inter-node TP between rank 0 and rank 1, fail to access peer GPU memory
2026-07-24 19:12:56,948 - sflow.task.server_5 - INFO - 0: [07/24/2026-19:12:56] [TRT-LLM] [RANK 0] [I] Selected communication strategy: NVLinkOneSided
2026-07-24 19:12:56,948 - sflow.task.server_5 - INFO - 0: [07/24/2026-19:12:56] [TRT-LLM] [RANK 0] [I] Detect inter-node TP between rank 0 and rank 1, fail to access peer GPU memory
2026-07-24 19:12:57,156 - sflow.task.server_5 - INFO - 0: [07/24/2026-19:12:57] [TRT-LLM] [RANK 0] [I] Selected communication strategy: NVLinkOneSided
2026-07-24 19:12:57,156 - sflow.task.server_5 - INFO - 0: [07/24/2026-19:12:57] [TRT-LLM] [RANK 0] [I] Detect inter-node TP between rank 0 and rank 1, fail to access peer GPU memory
2026-07-24 19:12:57,312 - sflow.task.server_5 - INFO - 0: [07/24/2026-19:12:57] [TRT-LLM] [RANK 0] [I] Selected communication strategy: NVLinkOneSided
2026-07-24 19:12:57,312 - sflow.task.server_5 - INFO - 0: [07/24/2026-19:12:57] [TRT-LLM] [RANK 0] [I] Detect inter-node TP between rank 0 and rank 1, fail to access peer GPU memory
2026-07-24 19:12:57,619 - sflow.task.server_5 - INFO - 0: [07/24/2026-19:12:57] [TRT-LLM] [RANK 0] [I] Selected communication strategy: NVLinkOneSided
2026-07-24 19:12:57,620 - sflow.task.server_5 - INFO - 0: [07/24/2026-19:12:57] [TRT-LLM] [RANK 0] [I] Detect inter-node TP between rank 0 and rank 1, fail to access peer GPU memory
2026-07-24 19:12:57,822 - sflow.task.server_5 - INFO - 0: [07/24/2026-19:12:57] [TRT-LLM] [RANK 0] [I] Selected communication strategy: NVLinkOneSided
2026-07-24 19:12:57,822 - sflow.task.server_5 - INFO - 0: [07/24/2026-19:12:57] [TRT-LLM] [RANK 0] [I] Detect inter-node TP between rank 0 and rank 1, fail to access peer GPU memory
2026-07-24 19:12:58,179 - sflow.task.server_5 - INFO - 0: [07/24/2026-19:12:58] [TRT-LLM] [RANK 0] [I] Selected communication strategy: NVLinkOneSided
2026-07-24 19:12:58,179 - sflow.task.server_5 - INFO - 0: [07/24/2026-19:12:58] [TRT-LLM] [RANK 0] [I] Detect inter-node TP between rank 0 and rank 1, fail to access peer GPU memory
2026-07-24 19:12:58,333 - sflow.task.server_5 - INFO - 0: [07/24/2026-19:12:58] [TRT-LLM] [RANK 0] [I] Selected communication strategy: NVLinkOneSided
2026-07-24 19:12:58,333 - sflow.task.server_5 - INFO - 0: [07/24/2026-19:12:58] [TRT-LLM] [RANK 0] [I] Detect inter-node TP between rank 0 and rank 1, fail to access peer GPU memory
2026-07-24 19:12:58,588 - sflow.task.server_5 - INFO - 0: [07/24/2026-19:12:58] [TRT-LLM] [RANK 0] [I] Selected communication strategy: NVLinkOneSided
2026-07-24 19:12:58,588 - sflow.task.server_5 - INFO - 0: [07/24/2026-19:12:58] [TRT-LLM] [RANK 0] [I] Detect inter-node TP between rank 0 and rank 1, fail to access peer GPU memory
2026-07-24 19:12:58,792 - sflow.task.server_5 - INFO - 0: [07/24/2026-19:12:58] [TRT-LLM] [RANK 0] [I] Selected communication strategy: NVLinkOneSided
2026-07-24 19:12:58,792 - sflow.task.server_5 - INFO - 0: [07/24/2026-19:12:58] [TRT-LLM] [RANK 0] [I] Detect inter-node TP between rank 0 and rank 1, fail to access peer GPU memory
2026-07-24 19:12:58,998 - sflow.task.server_5 - INFO - 0: [07/24/2026-19:12:58] [TRT-LLM] [RANK 0] [I] Selected communication strategy: NVLinkOneSided
2026-07-24 19:12:58,998 - sflow.task.server_5 - INFO - 0: [07/24/2026-19:12:58] [TRT-LLM] [RANK 0] [I] Detect inter-node TP between rank 0 and rank 1, fail to access peer GPU memory
2026-07-24 19:12:59,050 - sflow.task.server_5 - INFO - 0: [07/24/2026-19:12:59] [TRT-LLM] [RANK 0] [I] Selected communication strategy: NVLinkOneSided
2026-07-24 19:12:59,050 - sflow.task.server_5 - INFO - 0: [07/24/2026-19:12:59] [TRT-LLM] [RANK 0] [I] Detect inter-node TP between rank 0 and rank 1, fail to access peer GPU memory
2026-07-24 19:12:59,256 - sflow.task.server_5 - INFO - 0: [07/24/2026-19:12:59] [TRT-LLM] [RANK 0] [I] Selected communication strategy: NVLinkOneSided
2026-07-24 19:12:59,256 - sflow.task.server_5 - INFO - 0: [07/24/2026-19:12:59] [TRT-LLM] [RANK 0] [I] Detect inter-node TP between rank 0 and rank 1, fail to access peer GPU memory
2026-07-24 19:12:59,357 - sflow.task.server_5 - INFO - 0: [07/24/2026-19:12:59] [TRT-LLM] [RANK 0] [I] Selected communication strategy: NVLinkOneSided
2026-07-24 19:12:59,357 - sflow.task.server_5 - INFO - 0: [07/24/2026-19:12:59] [TRT-LLM] [RANK 0] [I] Detect inter-node TP between rank 0 and rank 1, fail to access peer GPU memory
2026-07-24 19:12:59,458 - sflow.task.server_5 - INFO - 0: [07/24/2026-19:12:59] [TRT-LLM] [RANK 0] [I] Selected communication strategy: NVLinkOneSided
2026-07-24 19:12:59,459 - sflow.task.server_5 - INFO - 0: [07/24/2026-19:12:59] [TRT-LLM] [RANK 0] [I] Detect inter-node TP between rank 0 and rank 1, fail to access peer GPU memory
2026-07-24 19:12:59,820 - sflow.task.server_5 - INFO - 0: [07/24/2026-19:12:59] [TRT-LLM] [RANK 0] [I] Selected communication strategy: NVLinkOneSided
2026-07-24 19:12:59,821 - sflow.task.server_5 - INFO - 0: [07/24/2026-19:12:59] [TRT-LLM] [RANK 0] [I] Detect inter-node TP between rank 0 and rank 1, fail to access peer GPU memory
2026-07-24 19:13:00,076 - sflow.task.server_5 - INFO - 0: [07/24/2026-19:13:00] [TRT-LLM] [RANK 0] [I] Selected communication strategy: NVLinkOneSided
2026-07-24 19:13:00,076 - sflow.task.server_5 - INFO - 0: [07/24/2026-19:13:00] [TRT-LLM] [RANK 0] [I] Detect inter-node TP between rank 0 and rank 1, fail to access peer GPU memory
2026-07-24 19:13:00,178 - sflow.task.server_5 - INFO - 0: [07/24/2026-19:13:00] [TRT-LLM] [RANK 0] [I] Selected communication strategy: NVLinkOneSided
2026-07-24 19:13:00,178 - sflow.task.server_5 - INFO - 0: [07/24/2026-19:13:00] [TRT-LLM] [RANK 0] [I] Detect inter-node TP between rank 0 and rank 1, fail to access peer GPU memory
2026-07-24 19:13:00,435 - sflow.task.server_5 - INFO - 0: [07/24/2026-19:13:00] [TRT-LLM] [RANK 0] [I] Selected communication strategy: NVLinkOneSided
2026-07-24 19:13:00,435 - sflow.task.server_5 - INFO - 0: [07/24/2026-19:13:00] [TRT-LLM] [RANK 0] [I] Detect inter-node TP between rank 0 and rank 1, fail to access peer GPU memory
2026-07-24 19:13:00,740 - sflow.task.server_5 - INFO - 0: [07/24/2026-19:13:00] [TRT-LLM] [RANK 0] [I] Selected communication strategy: NVLinkOneSided
2026-07-24 19:13:00,740 - sflow.task.server_5 - INFO - 0: [07/24/2026-19:13:00] [TRT-LLM] [RANK 0] [I] Detect inter-node TP between rank 0 and rank 1, fail to access peer GPU memory
2026-07-24 19:13:01,048 - sflow.task.server_5 - INFO - 0: [07/24/2026-19:13:01] [TRT-LLM] [RANK 0] [I] Selected communication strategy: NVLinkOneSided
2026-07-24 19:13:01,048 - sflow.task.server_5 - INFO - 0: [07/24/2026-19:13:01] [TRT-LLM] [RANK 0] [I] Detect inter-node TP between rank 0 and rank 1, fail to access peer GPU memory
2026-07-24 19:13:01,202 - sflow.task.server_5 - INFO - 0: [07/24/2026-19:13:01] [TRT-LLM] [RANK 0] [I] Selected communication strategy: NVLinkOneSided
2026-07-24 19:13:01,202 - sflow.task.server_5 - INFO - 0: [07/24/2026-19:13:01] [TRT-LLM] [RANK 0] [I] Detect inter-node TP between rank 0 and rank 1, fail to access peer GPU memory
2026-07-24 19:13:01,508 - sflow.task.server_5 - INFO - 0: [07/24/2026-19:13:01] [TRT-LLM] [RANK 0] [I] Selected communication strategy: NVLinkOneSided
2026-07-24 19:13:01,508 - sflow.task.server_5 - INFO - 0: [07/24/2026-19:13:01] [TRT-LLM] [RANK 0] [I] Detect inter-node TP between rank 0 and rank 1, fail to access peer GPU memory
2026-07-24 19:13:01,815 - sflow.task.server_5 - INFO - 0: [07/24/2026-19:13:01] [TRT-LLM] [RANK 0] [I] Selected communication strategy: NVLinkOneSided
2026-07-24 19:13:01,866 - sflow.task.server_5 - INFO - 0: [07/24/2026-19:13:01] [TRT-LLM] [RANK 0] [I] Detect inter-node TP between rank 0 and rank 1, fail to access peer GPU memory
2026-07-24 19:13:02,171 - sflow.task.server_5 - INFO - 0: [07/24/2026-19:13:02] [TRT-LLM] [RANK 0] [I] Selected communication strategy: NVLinkOneSided
2026-07-24 19:13:02,171 - sflow.task.server_5 - INFO - 0: [07/24/2026-19:13:02] [TRT-LLM] [RANK 0] [I] Detect inter-node TP between rank 0 and rank 1, fail to access peer GPU memory
2026-07-24 19:13:02,324 - sflow.task.server_5 - INFO - 0: [07/24/2026-19:13:02] [TRT-LLM] [RANK 0] [I] Selected communication strategy: NVLinkOneSided
2026-07-24 19:13:26,701 - sflow.task.server_5 - INFO - 0: [07/24/2026-19:13:26] [TRT-LLM] [RANK 0] [I] Use 62.01 GB for model weights.
2026-07-24 19:13:26,702 - sflow.task.server_5 - INFO - 0: [07/24/2026-19:13:26] [TRT-LLM] [RANK 0] [I] Prefetching 384.94GB checkpoint files.
2026-07-24 19:13:26,702 - sflow.task.server_5 - INFO - 0: [07/24/2026-19:13:26] [TRT-LLM] [RANK 0] [I] Prefetching /home/mlperf_inference_storage/models/deepseek-r1/fp4-quantized-modelopt/deepseek_r1-torch-fp4/model-00046-of-000163.safetensors to memory...
2026-07-24 19:13:26,702 - sflow.task.server_5 - INFO - 0: [07/24/2026-19:13:26] [TRT-LLM] [RANK 0] [I] Prefetching /home/mlperf_inference_storage/models/deepseek-r1/fp4-quantized-modelopt/deepseek_r1-torch-fp4/model-00087-of-000163.safetensors to memory...
2026-07-24 19:13:26,702 - sflow.task.server_5 - INFO - 0: [07/24/2026-19:13:26] [TRT-LLM] [RANK 0] [I] Prefetching /home/mlperf_inference_storage/models/deepseek-r1/fp4-quantized-modelopt/deepseek_r1-torch-fp4/model-00081-of-000163.safetensors to memory...
2026-07-24 19:13:26,702 - sflow.task.server_5 - INFO - 0: [07/24/2026-19:13:26] [TRT-LLM] [RANK 0] [I] Prefetching /home/mlperf_inference_storage/models/deepseek-r1/fp4-quantized-modelopt/deepseek_r1-torch-fp4/model-00110-of-000163.safetensors to memory...
2026-07-24 19:13:26,702 - sflow.task.server_5 - INFO - 0: [07/24/2026-19:13:26] [TRT-LLM] [RANK 0] [I] Prefetching /home/mlperf_inference_storage/models/deepseek-r1/fp4-quantized-modelopt/deepseek_r1-torch-fp4/model-00150-of-000163.safetensors to memory...
2026-07-24 19:13:26,702 - sflow.task.server_5 - INFO - 0: [07/24/2026-19:13:26] [TRT-LLM] [RANK 0] [I] Prefetching /home/mlperf_inference_storage/models/deepseek-r1/fp4-quantized-modelopt/deepseek_r1-torch-fp4/model-00148-of-000163.safetensors to memory...
2026-07-24 19:13:26,702 - sflow.task.server_5 - INFO - 0: [07/24/2026-19:13:26] [TRT-LLM] [RANK 0] [I] Prefetching /home/mlperf_inference_storage/models/deepseek-r1/fp4-quantized-modelopt/deepseek_r1-torch-fp4/model-00060-of-000163.safetensors to memory...
2026-07-24 19:13:26,702 - sflow.task.server_5 - INFO - 0: [07/24/2026-19:13:26] [TRT-LLM] [RANK 0] [I] Prefetching /home/mlperf_inference_storage/models/deepseek-r1/fp4-quantized-modelopt/deepseek_r1-torch-fp4/model-00065-of-000163.safetensors to memory...
2026-07-24 19:13:26,753 - sflow.task.server_5 - INFO - 0: [07/24/2026-19:13:26] [TRT-LLM] [RANK 0] [I] Prefetching /home/mlperf_inference_storage/models/deepseek-r1/fp4-quantized-modelopt/deepseek_r1-torch-fp4/model-00045-of-000163.safetensors to memory...
2026-07-24 19:13:26,753 - sflow.task.server_5 - INFO - 0: [07/24/2026-19:13:26] [TRT-LLM] [RANK 0] [I] Prefetching /home/mlperf_inference_storage/models/deepseek-r1/fp4-quantized-modelopt/deepseek_r1-torch-fp4/model-00070-of-000163.safetensors to memory...
2026-07-24 19:13:26,753 - sflow.task.server_5 - INFO - 0: [07/24/2026-19:13:26] [TRT-LLM] [RANK 0] [I] Prefetching /home/mlperf_inference_storage/models/deepseek-r1/fp4-quantized-modelopt/deepseek_r1-torch-fp4/model-00043-of-000163.safetensors to memory...
2026-07-24 19:13:26,753 - sflow.task.server_5 - INFO - 0: [07/24/2026-19:13:26] [TRT-LLM] [RANK 0] [I] Prefetching /home/mlperf_inference_storage/models/deepseek-r1/fp4-quantized-modelopt/deepseek_r1-torch-fp4/model-00119-of-000163.safetensors to memory...
2026-07-24 19:13:26,753 - sflow.task.server_5 - INFO - 0: [07/24/2026-19:13:26] [TRT-LLM] [RANK 0] [I] Prefetching /home/mlperf_inference_storage/models/deepseek-r1/fp4-quantized-modelopt/deepseek_r1-torch-fp4/model-00014-of-000163.safetensors to memory...
2026-07-24 19:13:26,753 - sflow.task.server_5 - INFO - 0: [07/24/2026-19:13:26] [TRT-LLM] [RANK 0] [I] Prefetching /home/mlperf_inference_storage/models/deepseek-r1/fp4-quantized-modelopt/deepseek_r1-torch-fp4/model-00086-of-000163.safetensors to memory...
2026-07-24 19:13:26,753 - sflow.task.server_5 - INFO - 0: [07/24/2026-19:13:26] [TRT-LLM] [RANK 0] [I] Prefetching /home/mlperf_inference_storage/models/deepseek-r1/fp4-quantized-modelopt/deepseek_r1-torch-fp4/model-00128-of-000163.safetensors to memory...
2026-07-24 19:13:26,753 - sflow.task.server_5 - INFO - 0: [07/24/2026-19:13:26] [TRT-LLM] [RANK 0] [I] Prefetching /home/mlperf_inference_storage/models/deepseek-r1/fp4-quantized-modelopt/deepseek_r1-torch-fp4/model-00102-of-000163.safetensors to memory...
2026-07-24 19:13:45,727 - sflow.task.server_5 - INFO - 0: [07/24/2026-19:13:45] [TRT-LLM] [RANK 0] [I] Finished prefetching /home/mlperf_inference_storage/models/deepseek-r1/fp4-quantized-modelopt/deepseek_r1-torch-fp4/model-00087-of-000163.safetensors.
2026-07-24 19:13:45,727 - sflow.task.server_5 - INFO - 0: [07/24/2026-19:13:45] [TRT-LLM] [RANK 0] [I] Prefetching /home/mlperf_inference_storage/models/deepseek-r1/fp4-quantized-modelopt/deepseek_r1-torch-fp4/model-00156-of-000163.safetensors to memory...
2026-07-24 19:13:46,491 - sflow.task.server_5 - INFO - 0: [07/24/2026-19:13:46] [TRT-LLM] [RANK 0] [I] Finished prefetching /home/mlperf_inference_storage/models/deepseek-r1/fp4-quantized-modelopt/deepseek_r1-torch-fp4/model-00046-of-000163.safetensors.
2026-07-24 19:13:46,491 - sflow.task.server_5 - INFO - 0: [07/24/2026-19:13:46] [TRT-LLM] [RANK 0] [I] Prefetching /home/mlperf_inference_storage/models/deepseek-r1/fp4-quantized-modelopt/deepseek_r1-torch-fp4/model-00067-of-000163.safetensors to memory...
2026-07-24 19:13:46,847 - sflow.task.server_5 - INFO - 0: [07/24/2026-19:13:46] [TRT-LLM] [RANK 0] [I] Finished prefetching /home/mlperf_inference_storage/models/deepseek-r1/fp4-quantized-modelopt/deepseek_r1-torch-fp4/model-00150-of-000163.safetensors.
2026-07-24 19:13:46,847 - sflow.task.server_5 - INFO - 0: [07/24/2026-19:13:46] [TRT-LLM] [RANK 0] [I] Prefetching /home/mlperf_inference_storage/models/deepseek-r1/fp4-quantized-modelopt/deepseek_r1-torch-fp4/model-00088-of-000163.safetensors to memory...
2026-07-24 19:13:47,101 - sflow.task.server_5 - INFO - 0: [07/24/2026-19:13:47] [TRT-LLM] [RANK 0] [I] Finished prefetching /home/mlperf_inference_storage/models/deepseek-r1/fp4-quantized-modelopt/deepseek_r1-torch-fp4/model-00060-of-000163.safetensors.
2026-07-24 19:13:47,102 - sflow.task.server_5 - INFO - 0: [07/24/2026-19:13:47] [TRT-LLM] [RANK 0] [I] Prefetching /home/mlperf_inference_storage/models/deepseek-r1/fp4-quantized-modelopt/deepseek_r1-torch-fp4/model-00012-of-000163.safetensors to memory...
2026-07-24 19:13:48,882 - sflow.task.server_5 - INFO - 0: [07/24/2026-19:13:48] [TRT-LLM] [RANK 0] [I] Finished prefetching /home/mlperf_inference_storage/models/deepseek-r1/fp4-quantized-modelopt/deepseek_r1-torch-fp4/model-00065-of-000163.safetensors.
2026-07-24 19:13:48,933 - sflow.task.server_5 - INFO - 0: [07/24/2026-19:13:48] [TRT-LLM] [RANK 0] [I] Finished prefetching /home/mlperf_inference_storage/models/deepseek-r1/fp4-quantized-modelopt/deepseek_r1-torch-fp4/model-00043-of-000163.safetensors.
2026-07-24 19:13:48,933 - sflow.task.server_5 - INFO - 0: [07/24/2026-19:13:48] [TRT-LLM] [RANK 0] [I] Prefetching /home/mlperf_inference_storage/models/deepseek-r1/fp4-quantized-modelopt/deepseek_r1-torch-fp4/model-00039-of-000163.safetensors to memory...
2026-07-24 19:13:48,933 - sflow.task.server_5 - INFO - 0: [07/24/2026-19:13:48] [TRT-LLM] [RANK 0] [I] Prefetching /home/mlperf_inference_storage/models/deepseek-r1/fp4-quantized-modelopt/deepseek_r1-torch-fp4/model-00127-of-000163.safetensors to memory...
2026-07-24 19:13:49,035 - sflow.task.server_5 - INFO - 0: [07/24/2026-19:13:49] [TRT-LLM] [RANK 0] [I] Finished prefetching /home/mlperf_inference_storage/models/deepseek-r1/fp4-quantized-modelopt/deepseek_r1-torch-fp4/model-00102-of-000163.safetensors.
2026-07-24 19:13:49,035 - sflow.task.server_5 - INFO - 0: [07/24/2026-19:13:49] [TRT-LLM] [RANK 0] [I] Prefetching /home/mlperf_inference_storage/models/deepseek-r1/fp4-quantized-modelopt/deepseek_r1-torch-fp4/model-00024-of-000163.safetensors to memory...
2026-07-24 19:13:49,647 - sflow.task.server_5 - INFO - 0: [07/24/2026-19:13:49] [TRT-LLM] [RANK 0] [I] Finished prefetching /home/mlperf_inference_storage/models/deepseek-r1/fp4-quantized-modelopt/deepseek_r1-torch-fp4/model-00081-of-000163.safetensors.
2026-07-24 19:13:49,647 - sflow.task.server_5 - INFO - 0: [07/24/2026-19:13:49] [TRT-LLM] [RANK 0] [I] Prefetching /home/mlperf_inference_storage/models/deepseek-r1/fp4-quantized-modelopt/deepseek_r1-torch-fp4/model-00157-of-000163.safetensors to memory...
2026-07-24 19:13:50,362 - sflow.task.server_5 - INFO - 0: [07/24/2026-19:13:50] [TRT-LLM] [RANK 0] [I] Finished prefetching /home/mlperf_inference_storage/models/deepseek-r1/fp4-quantized-modelopt/deepseek_r1-torch-fp4/model-00070-of-000163.safetensors.
2026-07-24 19:13:50,362 - sflow.task.server_5 - INFO - 0: [07/24/2026-19:13:50] [TRT-LLM] [RANK 0] [I] Prefetching /home/mlperf_inference_storage/models/deepseek-r1/fp4-quantized-modelopt/deepseek_r1-torch-fp4/model-00056-of-000163.safetensors to memory...
2026-07-24 19:13:50,515 - sflow.task.server_5 - INFO - 0: [07/24/2026-19:13:50] [TRT-LLM] [RANK 0] [I] Finished prefetching /home/mlperf_inference_storage/models/deepseek-r1/fp4-quantized-modelopt/deepseek_r1-torch-fp4/model-00148-of-000163.safetensors.
2026-07-24 19:13:50,515 - sflow.task.server_5 - INFO - 0: [07/24/2026-19:13:50] [TRT-LLM] [RANK 0] [I] Finished prefetching /home/mlperf_inference_storage/models/deepseek-r1/fp4-quantized-modelopt/deepseek_r1-torch-fp4/model-00045-of-000163.safetensors.
2026-07-24 19:13:50,515 - sflow.task.server_5 - INFO - 0: [07/24/2026-19:13:50] [TRT-LLM] [RANK 0] [I] Prefetching /home/mlperf_inference_storage/models/deepseek-r1/fp4-quantized-modelopt/deepseek_r1-torch-fp4/model-00041-of-000163.safetensors to memory...
2026-07-24 19:13:50,515 - sflow.task.server_5 - INFO - 0: [07/24/2026-19:13:50] [TRT-LLM] [RANK 0] [I] Prefetching /home/mlperf_inference_storage/models/deepseek-r1/fp4-quantized-modelopt/deepseek_r1-torch-fp4/model-00097-of-000163.safetensors to memory...
2026-07-24 19:13:50,566 - sflow.task.server_5 - INFO - 0: [07/24/2026-19:13:50] [TRT-LLM] [RANK 0] [I] Finished prefetching /home/mlperf_inference_storage/models/deepseek-r1/fp4-quantized-modelopt/deepseek_r1-torch-fp4/model-00119-of-000163.safetensors.
2026-07-24 19:13:50,566 - sflow.task.server_5 - INFO - 0: [07/24/2026-19:13:50] [TRT-LLM] [RANK 0] [I] Prefetching /home/mlperf_inference_storage/models/deepseek-r1/fp4-quantized-modelopt/deepseek_r1-torch-fp4/model-00021-of-000163.safetensors to memory...
2026-07-24 19:13:52,501 - sflow.task.server_5 - INFO - 0: [07/24/2026-19:13:52] [TRT-LLM] [RANK 0] [I] Finished prefetching /home/mlperf_inference_storage/models/deepseek-r1/fp4-quantized-modelopt/deepseek_r1-torch-fp4/model-00086-of-000163.safetensors.
2026-07-24 19:13:52,501 - sflow.task.server_5 - INFO - 0: [07/24/2026-19:13:52] [TRT-LLM] [RANK 0] [I] Prefetching /home/mlperf_inference_storage/models/deepseek-r1/fp4-quantized-modelopt/deepseek_r1-torch-fp4/model-00082-of-000163.safetensors to memory...
2026-07-24 19:13:53,418 - sflow.task.server_5 - INFO - 0: [07/24/2026-19:13:53] [TRT-LLM] [RANK 0] [I] Finished prefetching /home/mlperf_inference_storage/models/deepseek-r1/fp4-quantized-modelopt/deepseek_r1-torch-fp4/model-00110-of-000163.safetensors.
2026-07-24 19:13:53,418 - sflow.task.server_5 - INFO - 0: [07/24/2026-19:13:53] [TRT-LLM] [RANK 0] [I] Prefetching /home/mlperf_inference_storage/models/deepseek-r1/fp4-quantized-modelopt/deepseek_r1-torch-fp4/model-00112-of-000163.safetensors to memory...
2026-07-24 19:13:54,538 - sflow.task.server_5 - INFO - 0: [07/24/2026-19:13:54] [TRT-LLM] [RANK 0] [I] Finished prefetching /home/mlperf_inference_storage/models/deepseek-r1/fp4-quantized-modelopt/deepseek_r1-torch-fp4/model-00012-of-000163.safetensors.
2026-07-24 19:13:54,538 - sflow.task.server_5 - INFO - 0: [07/24/2026-19:13:54] [TRT-LLM] [RANK 0] [I] Prefetching /home/mlperf_inference_storage/models/deepseek-r1/fp4-quantized-modelopt/deepseek_r1-torch-fp4/model-00023-of-000163.safetensors to memory...
2026-07-24 19:13:54,589 - sflow.task.server_5 - INFO - 0: [07/24/2026-19:13:54] [TRT-LLM] [RANK 0] [I] Finished prefetching /home/mlperf_inference_storage/models/deepseek-r1/fp4-quantized-modelopt/deepseek_r1-torch-fp4/model-00014-of-000163.safetensors.
2026-07-24 19:13:54,589 - sflow.task.server_5 - INFO - 0: [07/24/2026-19:13:54] [TRT-LLM] [RANK 0] [I] Prefetching /home/mlperf_inference_storage/models/deepseek-r1/fp4-quantized-modelopt/deepseek_r1-torch-fp4/model-00113-of-000163.safetensors to memory...
2026-07-24 19:13:55,099 - sflow.task.server_5 - INFO - 0: [07/24/2026-19:13:55] [TRT-LLM] [RANK 0] [I] Finished prefetching /home/mlperf_inference_storage/models/deepseek-r1/fp4-quantized-modelopt/deepseek_r1-torch-fp4/model-00128-of-000163.safetensors.
2026-07-24 19:13:55,099 - sflow.task.server_5 - INFO - 0: [07/24/2026-19:13:55] [TRT-LLM] [RANK 0] [I] Prefetching /home/mlperf_inference_storage/models/deepseek-r1/fp4-quantized-modelopt/deepseek_r1-torch-fp4/model-00163-of-000163.safetensors to memory...
2026-07-24 19:13:55,864 - sflow.task.server_5 - INFO - 0: [07/24/2026-19:13:55] [TRT-LLM] [RANK 0] [I] Finished prefetching /home/mlperf_inference_storage/models/deepseek-r1/fp4-quantized-modelopt/deepseek_r1-torch-fp4/model-00056-of-000163.safetensors.
2026-07-24 19:13:55,864 - sflow.task.server_5 - INFO - 0: [07/24/2026-19:13:55] [TRT-LLM] [RANK 0] [I] Prefetching /home/mlperf_inference_storage/models/deepseek-r1/fp4-quantized-modelopt/deepseek_r1-torch-fp4/model-00120-of-000163.safetensors to memory...
2026-07-24 19:14:03,667 - sflow.task.server_5 - INFO - 0: [07/24/2026-19:14:03] [TRT-LLM] [RANK 0] [I] Finished prefetching /home/mlperf_inference_storage/models/deepseek-r1/fp4-quantized-modelopt/deepseek_r1-torch-fp4/model-00157-of-000163.safetensors.
2026-07-24 19:14:03,667 - sflow.task.server_5 - INFO - 0: [07/24/2026-19:14:03] [TRT-LLM] [RANK 0] [I] Prefetching /home/mlperf_inference_storage/models/deepseek-r1/fp4-quantized-modelopt/deepseek_r1-torch-fp4/model-00005-of-000163.safetensors to memory...
2026-07-24 19:14:06,938 - sflow.task.server_5 - INFO - 0: [07/24/2026-19:14:06] [TRT-LLM] [RANK 0] [I] Finished prefetching /home/mlperf_inference_storage/models/deepseek-r1/fp4-quantized-modelopt/deepseek_r1-torch-fp4/model-00067-of-000163.safetensors.
2026-07-24 19:14:06,938 - sflow.task.server_5 - INFO - 0: [07/24/2026-19:14:06] [TRT-LLM] [RANK 0] [I] Prefetching /home/mlperf_inference_storage/models/deepseek-r1/fp4-quantized-modelopt/deepseek_r1-torch-fp4/model-00121-of-000163.safetensors to memory...
2026-07-24 19:14:07,754 - sflow.task.server_5 - INFO - 0: [07/24/2026-19:14:07] [TRT-LLM] [RANK 0] [I] Finished prefetching /home/mlperf_inference_storage/models/deepseek-r1/fp4-quantized-modelopt/deepseek_r1-torch-fp4/model-00156-of-000163.safetensors.
2026-07-24 19:14:07,754 - sflow.task.server_5 - INFO - 0: [07/24/2026-19:14:07] [TRT-LLM] [RANK 0] [I] Prefetching /home/mlperf_inference_storage/models/deepseek-r1/fp4-quantized-modelopt/deepseek_r1-torch-fp4/model-00122-of-000163.safetensors to memory...
2026-07-24 19:14:09,078 - sflow.task.server_5 - INFO - 0: [07/24/2026-19:14:09] [TRT-LLM] [RANK 0] [I] Finished prefetching /home/mlperf_inference_storage/models/deepseek-r1/fp4-quantized-modelopt/deepseek_r1-torch-fp4/model-00113-of-000163.safetensors.
2026-07-24 19:14:09,078 - sflow.task.server_5 - INFO - 0: [07/24/2026-19:14:09] [TRT-LLM] [RANK 0] [I] Prefetching /home/mlperf_inference_storage/models/deepseek-r1/fp4-quantized-modelopt/deepseek_r1-torch-fp4/model-00107-of-000163.safetensors to memory...
2026-07-24 19:14:09,385 - sflow.task.server_5 - INFO - 0: [07/24/2026-19:14:09] [TRT-LLM] [RANK 0] [I] Finished prefetching /home/mlperf_inference_storage/models/deepseek-r1/fp4-quantized-modelopt/deepseek_r1-torch-fp4/model-00088-of-000163.safetensors.
2026-07-24 19:14:09,385 - sflow.task.server_5 - INFO - 0: [07/24/2026-19:14:09] [TRT-LLM] [RANK 0] [I] Prefetching /home/mlperf_inference_storage/models/deepseek-r1/fp4-quantized-modelopt/deepseek_r1-torch-fp4/model-00149-of-000163.safetensors to memory...
2026-07-24 19:14:09,895 - sflow.task.server_5 - INFO - 0: [07/24/2026-19:14:09] [TRT-LLM] [RANK 0] [I] Finished prefetching /home/mlperf_inference_storage/models/deepseek-r1/fp4-quantized-modelopt/deepseek_r1-torch-fp4/model-00127-of-000163.safetensors.
2026-07-24 19:14:09,896 - sflow.task.server_5 - INFO - 0: [07/24/2026-19:14:09] [TRT-LLM] [RANK 0] [I] Prefetching /home/mlperf_inference_storage/models/deepseek-r1/fp4-quantized-modelopt/deepseek_r1-torch-fp4/model-00030-of-000163.safetensors to memory...
2026-07-24 19:14:10,151 - sflow.task.server_5 - INFO - 0: [07/24/2026-19:14:10] [TRT-LLM] [RANK 0] [I] Finished prefetching /home/mlperf_inference_storage/models/deepseek-r1/fp4-quantized-modelopt/deepseek_r1-torch-fp4/model-00122-of-000163.safetensors.
2026-07-24 19:14:10,151 - sflow.task.server_5 - INFO - 0: [07/24/2026-19:14:10] [TRT-LLM] [RANK 0] [I] Prefetching /home/mlperf_inference_storage/models/deepseek-r1/fp4-quantized-modelopt/deepseek_r1-torch-fp4/model-00139-of-000163.safetensors to memory...
2026-07-24 19:14:11,325 - sflow.task.server_5 - INFO - 0: [07/24/2026-19:14:11] [TRT-LLM] [RANK 0] [I] Finished prefetching /home/mlperf_inference_storage/models/deepseek-r1/fp4-quantized-modelopt/deepseek_r1-torch-fp4/model-00039-of-000163.safetensors.
2026-07-24 19:14:12,193 - sflow.task.server_5 - INFO - 0: [07/24/2026-19:14:12] [TRT-LLM] [RANK 0] [I] Finished prefetching /home/mlperf_inference_storage/models/deepseek-r1/fp4-quantized-modelopt/deepseek_r1-torch-fp4/model-00041-of-000163.safetensors.
2026-07-24 19:14:12,955 - sflow.task.server_5 - INFO - 0: [07/24/2026-19:14:12] [TRT-LLM] [RANK 0] [I] Finished prefetching /home/mlperf_inference_storage/models/deepseek-r1/fp4-quantized-modelopt/deepseek_r1-torch-fp4/model-00097-of-000163.safetensors.
2026-07-24 19:14:13,058 - sflow.task.server_5 - INFO - 0: [07/24/2026-19:14:13] [TRT-LLM] [RANK 0] [I] Finished prefetching /home/mlperf_inference_storage/models/deepseek-r1/fp4-quantized-modelopt/deepseek_r1-torch-fp4/model-00024-of-000163.safetensors.
2026-07-24 19:14:13,720 - sflow.task.server_5 - INFO - 0: [07/24/2026-19:14:13] [TRT-LLM] [RANK 0] [I] Finished prefetching /home/mlperf_inference_storage/models/deepseek-r1/fp4-quantized-modelopt/deepseek_r1-torch-fp4/model-00082-of-000163.safetensors.
2026-07-24 19:14:13,771 - sflow.task.server_5 - INFO - 0: [07/24/2026-19:14:13] [TRT-LLM] [RANK 0] [I] Finished prefetching /home/mlperf_inference_storage/models/deepseek-r1/fp4-quantized-modelopt/deepseek_r1-torch-fp4/model-00112-of-000163.safetensors.
2026-07-24 19:14:13,771 - sflow.task.server_5 - INFO - 0: [07/24/2026-19:14:13] [TRT-LLM] [RANK 0] [I] Finished prefetching /home/mlperf_inference_storage/models/deepseek-r1/fp4-quantized-modelopt/deepseek_r1-torch-fp4/model-00021-of-000163.safetensors.
2026-07-24 19:14:15,869 - sflow.task.server_5 - INFO - 0: [07/24/2026-19:14:15] [TRT-LLM] [RANK 0] [I] Finished prefetching /home/mlperf_inference_storage/models/deepseek-r1/fp4-quantized-modelopt/deepseek_r1-torch-fp4/model-00121-of-000163.safetensors.
2026-07-24 19:14:16,381 - sflow.task.server_5 - INFO - 0: [07/24/2026-19:14:16] [TRT-LLM] [RANK 0] [I] Finished prefetching /home/mlperf_inference_storage/models/deepseek-r1/fp4-quantized-modelopt/deepseek_r1-torch-fp4/model-00023-of-000163.safetensors.
2026-07-24 19:14:18,066 - sflow.task.server_5 - INFO - 0: [07/24/2026-19:14:18] [TRT-LLM] [RANK 0] [I] Finished prefetching /home/mlperf_inference_storage/models/deepseek-r1/fp4-quantized-modelopt/deepseek_r1-torch-fp4/model-00120-of-000163.safetensors.
2026-07-24 19:14:18,627 - sflow.task.server_5 - INFO - 0: [07/24/2026-19:14:18] [TRT-LLM] [RANK 0] [I] Finished prefetching /home/mlperf_inference_storage/models/deepseek-r1/fp4-quantized-modelopt/deepseek_r1-torch-fp4/model-00005-of-000163.safetensors.
2026-07-24 19:14:19,034 - sflow.task.server_5 - INFO - 0: [07/24/2026-19:14:18] [TRT-LLM] [RANK 0] [I] Finished prefetching /home/mlperf_inference_storage/models/deepseek-r1/fp4-quantized-modelopt/deepseek_r1-torch-fp4/model-00149-of-000163.safetensors.
2026-07-24 19:14:19,085 - sflow.task.server_5 - INFO - 0: [07/24/2026-19:14:19] [TRT-LLM] [RANK 0] [I] Finished prefetching /home/mlperf_inference_storage/models/deepseek-r1/fp4-quantized-modelopt/deepseek_r1-torch-fp4/model-00139-of-000163.safetensors.
2026-07-24 19:14:19,289 - sflow.task.server_5 - INFO - 0: [07/24/2026-19:14:19] [TRT-LLM] [RANK 0] [I] Finished prefetching /home/mlperf_inference_storage/models/deepseek-r1/fp4-quantized-modelopt/deepseek_r1-torch-fp4/model-00030-of-000163.safetensors.
2026-07-24 19:14:19,493 - sflow.task.server_5 - INFO - 0: [07/24/2026-19:14:19] [TRT-LLM] [RANK 0] [I] Finished prefetching /home/mlperf_inference_storage/models/deepseek-r1/fp4-quantized-modelopt/deepseek_r1-torch-fp4/model-00107-of-000163.safetensors.
2026-07-24 19:14:20,618 - sflow.task.server_5 - INFO - 7:
2026-07-24 19:14:20,618 - sflow.task.server_5 - INFO - Loading safetensors weights in parallel:   0%|          | 0/163 [00:00<?, ?it/s]
2026-07-24 19:14:20,618 - sflow.task.server_5 - INFO - 6:
2026-07-24 19:14:20,618 - sflow.task.server_5 - INFO - Loading safetensors weights in parallel:   0%|          | 0/163 [00:00<?, ?it/s]
2026-07-24 19:14:20,618 - sflow.task.server_5 - INFO - 4:
2026-07-24 19:14:20,618 - sflow.task.server_5 - INFO - Loading safetensors weights in parallel:   0%|          | 0/163 [00:00<?, ?it/s]
2026-07-24 19:14:20,618 - sflow.task.server_5 - INFO - 5:
2026-07-24 19:14:20,618 - sflow.task.server_5 - INFO - Loading safetensors weights in parallel:   0%|          | 0/163 [00:00<?, ?it/s]
2026-07-24 19:14:21,079 - sflow.task.server_5 - INFO - 0: [07/24/2026-19:14:21] [TRT-LLM] [RANK 0] [I] Finished prefetching /home/mlperf_inference_storage/models/deepseek-r1/fp4-quantized-modelopt/deepseek_r1-torch-fp4/model-00163-of-000163.safetensors.
2026-07-24 19:14:21,079 - sflow.task.server_5 - INFO - 0:
2026-07-24 19:14:21,079 - sflow.task.server_5 - INFO - Loading safetensors weights in parallel:   0%|          | 0/163 [00:00<?, ?it/s]
2026-07-24 19:14:21,079 - sflow.task.server_5 - INFO - 2:
2026-07-24 19:14:21,079 - sflow.task.server_5 - INFO - Loading safetensors weights in parallel:   0%|          | 0/163 [00:00<?, ?it/s]
2026-07-24 19:14:21,079 - sflow.task.server_5 - INFO - 1:
2026-07-24 19:14:21,079 - sflow.task.server_5 - INFO - Loading safetensors weights in parallel:   0%|          | 0/163 [00:00<?, ?it/s]
2026-07-24 19:14:21,079 - sflow.task.server_5 - INFO - 0: [07/24/2026-19:14:21] [TRT-LLM] [RANK 0] [I] Start to load safetensor file /home/mlperf_inference_storage/models/deepseek-r1/fp4-quantized-modelopt/deepseek_r1-torch-fp4/model-00046-of-000163.safetensors
2026-07-24 19:14:21,079 - sflow.task.server_5 - INFO - 3:
2026-07-24 19:14:21,079 - sflow.task.server_5 - INFO - Loading safetensors weights in parallel:   0%|          | 0/163 [00:00<?, ?it/s]
2026-07-24 19:14:21,131 - sflow.task.server_5 - INFO - 0: [07/24/2026-19:14:21] [TRT-LLM] [RANK 0] [I] Start to load safetensor file /home/mlperf_inference_storage/models/deepseek-r1/fp4-quantized-modelopt/deepseek_r1-torch-fp4/model-00066-of-000163.safetensors
2026-07-24 19:14:21,436 - sflow.task.server_5 - INFO - 0: [07/24/2026-19:14:21] [TRT-LLM] [RANK 0] [I] Start to load safetensor file /home/mlperf_inference_storage/models/deepseek-r1/fp4-quantized-modelopt/deepseek_r1-torch-fp4/model-00028-of-000163.safetensors
2026-07-24 19:14:21,436 - sflow.task.server_5 - INFO - 0: [07/24/2026-19:14:21] [TRT-LLM] [RANK 0] [I] Start to load safetensor file /home/mlperf_inference_storage/models/deepseek-r1/fp4-quantized-modelopt/deepseek_r1-torch-fp4/model-00126-of-000163.safetensors
2026-07-24 19:14:21,488 - sflow.task.server_5 - INFO - 0: [07/24/2026-19:14:21] [TRT-LLM] [RANK 0] [I] Start to load safetensor file /home/mlperf_inference_storage/models/deepseek-r1/fp4-quantized-modelopt/deepseek_r1-torch-fp4/model-00087-of-000163.safetensors
2026-07-24 19:14:21,488 - sflow.task.server_5 - INFO - 0: [07/24/2026-19:14:21] [TRT-LLM] [RANK 0] [I] Start to load safetensor file /home/mlperf_inference_storage/models/deepseek-r1/fp4-quantized-modelopt/deepseek_r1-torch-fp4/model-00044-of-000163.safetensors
2026-07-24 19:14:21,488 - sflow.task.server_5 - INFO - 0: [07/24/2026-19:14:21] [TRT-LLM] [RANK 0] [I] Start to load safetensor file /home/mlperf_inference_storage/models/deepseek-r1/fp4-quantized-modelopt/deepseek_r1-torch-fp4/model-00132-of-000163.safetensors
2026-07-24 19:14:21,539 - sflow.task.server_5 - INFO - 0: [07/24/2026-19:14:21] [TRT-LLM] [RANK 0] [I] Start to load safetensor file /home/mlperf_inference_storage/models/deepseek-r1/fp4-quantized-modelopt/deepseek_r1-torch-fp4/model-00001-of-000163.safetensors
2026-07-24 19:14:21,539 - sflow.task.server_5 - INFO - 0: [07/24/2026-19:14:21] [TRT-LLM] [RANK 0] [I] Start to load safetensor file /home/mlperf_inference_storage/models/deepseek-r1/fp4-quantized-modelopt/deepseek_r1-torch-fp4/model-00081-of-000163.safetensors
2026-07-24 19:14:21,539 - sflow.task.server_5 - INFO - 0: [07/24/2026-19:14:21] [TRT-LLM] [RANK 0] [I] Start to load safetensor file /home/mlperf_inference_storage/models/deepseek-r1/fp4-quantized-modelopt/deepseek_r1-torch-fp4/model-00054-of-000163.safetensors
2026-07-24 19:14:21,539 - sflow.task.server_5 - INFO - 0: [07/24/2026-19:14:21] [TRT-LLM] [RANK 0] [I] Start to load safetensor file /home/mlperf_inference_storage/models/deepseek-r1/fp4-quantized-modelopt/deepseek_r1-torch-fp4/model-00147-of-000163.safetensors
2026-07-24 19:14:21,539 - sflow.task.server_5 - INFO - 0: [07/24/2026-19:14:21] [TRT-LLM] [RANK 0] [I] Start to load safetensor file /home/mlperf_inference_storage/models/deepseek-r1/fp4-quantized-modelopt/deepseek_r1-torch-fp4/model-00074-of-000163.safetensors
2026-07-24 19:14:21,641 - sflow.task.server_5 - INFO - 0: [07/24/2026-19:14:21] [TRT-LLM] [RANK 0] [I] Start to load safetensor file /home/mlperf_inference_storage/models/deepseek-r1/fp4-quantized-modelopt/deepseek_r1-torch-fp4/model-00110-of-000163.safetensors
2026-07-24 19:14:21,641 - sflow.task.server_5 - INFO - 0: [07/24/2026-19:14:21] [TRT-LLM] [RANK 0] [I] Start to load safetensor file /home/mlperf_inference_storage/models/deepseek-r1/fp4-quantized-modelopt/deepseek_r1-torch-fp4/model-00017-of-000163.safetensors
2026-07-24 19:14:21,692 - sflow.task.server_5 - INFO - 0: [07/24/2026-19:14:21] [TRT-LLM] [RANK 0] [I] Start to load safetensor file /home/mlperf_inference_storage/models/deepseek-r1/fp4-quantized-modelopt/deepseek_r1-torch-fp4/model-00091-of-000163.safetensors
2026-07-24 19:14:21,744 - sflow.task.server_5 - INFO - 0: [07/24/2026-19:14:21] [TRT-LLM] [RANK 0] [I] Start to load safetensor file /home/mlperf_inference_storage/models/deepseek-r1/fp4-quantized-modelopt/deepseek_r1-torch-fp4/model-00123-of-000163.safetensors
2026-07-24 19:14:21,744 - sflow.task.server_5 - INFO - 0: [07/24/2026-19:14:21] [TRT-LLM] [RANK 0] [I] Start to load safetensor file /home/mlperf_inference_storage/models/deepseek-r1/fp4-quantized-modelopt/deepseek_r1-torch-fp4/model-00150-of-000163.safetensors
2026-07-24 19:14:21,744 - sflow.task.server_5 - INFO - 0: [07/24/2026-19:14:21] [TRT-LLM] [RANK 0] [I] Start to load safetensor file /home/mlperf_inference_storage/models/deepseek-r1/fp4-quantized-modelopt/deepseek_r1-torch-fp4/model-00146-of-000163.safetensors
2026-07-24 19:14:21,848 - sflow.task.server_5 - INFO - 0: [07/24/2026-19:14:21] [TRT-LLM] [RANK 0] [I] Start to load safetensor file /home/mlperf_inference_storage/models/deepseek-r1/fp4-quantized-modelopt/deepseek_r1-torch-fp4/model-00036-of-000163.safetensors
2026-07-24 19:14:21,899 - sflow.task.server_5 - INFO - 0: [07/24/2026-19:14:21] [TRT-LLM] [RANK 0] [I] Start to load safetensor file /home/mlperf_inference_storage/models/deepseek-r1/fp4-quantized-modelopt/deepseek_r1-torch-fp4/model-00125-of-000163.safetensors
2026-07-24 19:14:21,899 - sflow.task.server_5 - INFO - 0: [07/24/2026-19:14:21] [TRT-LLM] [RANK 0] [I] Start to load safetensor file /home/mlperf_inference_storage/models/deepseek-r1/fp4-quantized-modelopt/deepseek_r1-torch-fp4/model-00148-of-000163.safetensors
2026-07-24 19:14:21,899 - sflow.task.server_5 - INFO - 0: [07/24/2026-19:14:21] [TRT-LLM] [RANK 0] [I] Start to load safetensor file /home/mlperf_inference_storage/models/deepseek-r1/fp4-quantized-modelopt/deepseek_r1-torch-fp4/model-00002-of-000163.safetensors
2026-07-24 19:14:21,952 - sflow.task.server_5 - INFO - 0: [07/24/2026-19:14:21] [TRT-LLM] [RANK 0] [I] Start to load safetensor file /home/mlperf_inference_storage/models/deepseek-r1/fp4-quantized-modelopt/deepseek_r1-torch-fp4/model-00029-of-000163.safetensors
2026-07-24 19:14:22,003 - sflow.task.server_5 - INFO - 0: [07/24/2026-19:14:21] [TRT-LLM] [RANK 0] [I] Start to load safetensor file /home/mlperf_inference_storage/models/deepseek-r1/fp4-quantized-modelopt/deepseek_r1-torch-fp4/model-00052-of-000163.safetensors
2026-07-24 19:14:22,055 - sflow.task.server_5 - INFO - 0: [07/24/2026-19:14:21] [TRT-LLM] [RANK 0] [I] Start to load safetensor file /home/mlperf_inference_storage/models/deepseek-r1/fp4-quantized-modelopt/deepseek_r1-torch-fp4/model-00060-of-000163.safetensors
2026-07-24 19:14:22,055 - sflow.task.server_5 - INFO - 0: [07/24/2026-19:14:21] [TRT-LLM] [RANK 0] [I] Start to load safetensor file /home/mlperf_inference_storage/models/deepseek-r1/fp4-quantized-modelopt/deepseek_r1-torch-fp4/model-00038-of-000163.safetensors
2026-07-24 19:14:22,157 - sflow.task.server_5 - INFO - 0: [07/24/2026-19:14:21] [TRT-LLM] [RANK 0] [I] Start to load safetensor file /home/mlperf_inference_storage/models/deepseek-r1/fp4-quantized-modelopt/deepseek_r1-torch-fp4/model-00033-of-000163.safetensors
2026-07-24 19:14:22,157 - sflow.task.server_5 - INFO - 0: [07/24/2026-19:14:22] [TRT-LLM] [RANK 0] [I] Start to load safetensor file /home/mlperf_inference_storage/models/deepseek-r1/fp4-quantized-modelopt/deepseek_r1-torch-fp4/model-00155-of-000163.safetensors
2026-07-24 19:14:22,207 - sflow.task.server_5 - INFO - 0: [07/24/2026-19:14:22] [TRT-LLM] [RANK 0] [I] Start to load safetensor file /home/mlperf_inference_storage/models/deepseek-r1/fp4-quantized-modelopt/deepseek_r1-torch-fp4/model-00065-of-000163.safetensors
2026-07-24 19:14:22,207 - sflow.task.server_5 - INFO - 0: [07/24/2026-19:14:22] [TRT-LLM] [RANK 0] [I] Start to load safetensor file /home/mlperf_inference_storage/models/deepseek-r1/fp4-quantized-modelopt/deepseek_r1-torch-fp4/model-00103-of-000163.safetensors
2026-07-24 19:14:22,258 - sflow.task.server_5 - INFO - 0: [07/24/2026-19:14:22] [TRT-LLM] [RANK 0] [I] Start to load safetensor file /home/mlperf_inference_storage/models/deepseek-r1/fp4-quantized-modelopt/deepseek_r1-torch-fp4/model-00061-of-000163.safetensors
2026-07-24 19:14:22,310 - sflow.task.server_5 - INFO - 0: [07/24/2026-19:14:22] [TRT-LLM] [RANK 0] [I] Start to load safetensor file /home/mlperf_inference_storage/models/deepseek-r1/fp4-quantized-modelopt/deepseek_r1-torch-fp4/model-00034-of-000163.safetensors
2026-07-24 19:14:23,225 - sflow.task.server_5 - INFO - 4:
2026-07-24 19:14:23,225 - sflow.task.server_5 - INFO - Loading safetensors weights in parallel:   1%|          | 1/163 [00:02<07:02,  2.61s/it]
2026-07-24 19:14:23,378 - sflow.task.server_5 - INFO - 7:
2026-07-24 19:14:23,378 - sflow.task.server_5 - INFO - Loading safetensors weights in parallel:   1%|          | 1/163 [00:02<07:25,  2.75s/it]
2026-07-24 19:14:23,378 - sflow.task.server_5 - INFO - 6:
2026-07-24 19:14:23,378 - sflow.task.server_5 - INFO - Loading safetensors weights in parallel:   1%|          | 1/163 [00:02<07:26,  2.76s/it]
2026-07-24 19:14:23,531 - sflow.task.server_5 - INFO - 5:
2026-07-24 19:14:23,531 - sflow.task.server_5 - INFO - Loading safetensors weights in parallel:   1%|          | 1/163 [00:02<07:51,  2.91s/it]
2026-07-24 19:14:23,632 - sflow.task.server_5 - INFO - 4:
2026-07-24 19:14:23,632 - sflow.task.server_5 - INFO - Loading safetensors weights in parallel:   1%|          | 2/163 [00:02<03:29,  1.30s/it]
2026-07-24 19:14:23,632 - sflow.task.server_5 - INFO - 7:
2026-07-24 19:14:23,632 - sflow.task.server_5 - INFO - Loading safetensors weights in parallel:   1%|          | 2/163 [00:03<03:28,  1.29s/it]
2026-07-24 19:14:23,989 - sflow.task.server_5 - INFO - 3:
2026-07-24 19:14:23,989 - sflow.task.server_5 - INFO - Loading safetensors weights in parallel:   1%|          | 1/163 [00:02<07:48,  2.89s/it]
2026-07-24 19:14:24,091 - sflow.task.server_5 - INFO - 0: [07/24/2026-19:14:24] [TRT-LLM] [RANK 0] [I] Start to load safetensor file /home/mlperf_inference_storage/models/deepseek-r1/fp4-quantized-modelopt/deepseek_r1-torch-fp4/model-00045-of-000163.safetensors
2026-07-24 19:14:24,091 - sflow.task.server_5 - INFO - 0:
2026-07-24 19:14:24,091 - sflow.task.server_5 - INFO - Loading safetensors weights in parallel:   1%|          | 1/163 [00:02<08:03,  2.99s/it]
2026-07-24 19:14:24,143 - sflow.task.server_5 - INFO - 0: [07/24/2026-19:14:24] [TRT-LLM] [RANK 0] [I] Start to load safetensor file /home/mlperf_inference_storage/models/deepseek-r1/fp4-quantized-modelopt/deepseek_r1-torch-fp4/model-00048-of-000163.safetensors
2026-07-24 19:14:24,194 - sflow.task.server_5 - INFO - 2:
2026-07-24 19:14:24,194 - sflow.task.server_5 - INFO - Loading safetensors weights in parallel:   1%|          | 1/163 [00:03<08:21,  3.09s/it]
2026-07-24 19:14:24,245 - sflow.task.server_5 - INFO - 1:
2026-07-24 19:14:24,245 - sflow.task.server_5 - INFO - Loading safetensors weights in parallel:   1%|          | 1/163 [00:03<08:32,  3.16s/it]
2026-07-24 19:14:24,346 - sflow.task.server_5 - INFO - 3:
2026-07-24 19:14:24,346 - sflow.task.server_5 - INFO - Loading safetensors weights in parallel:   1%|          | 2/163 [00:03<03:44,  1.40s/it]
2026-07-24 19:14:25,776 - sflow.task.server_5 - INFO - 4:
2026-07-24 19:14:25,776 - sflow.task.server_5 - INFO - Loading safetensors weights in parallel:   2%|▏         | 3/163 [00:05<04:29,  1.68s/it]
2026-07-24 19:14:25,776 - sflow.task.server_5 - INFO - 6:
2026-07-24 19:14:25,776 - sflow.task.server_5 - INFO - Loading safetensors weights in parallel:   2%|▏         | 3/163 [00:05<04:15,  1.60s/it]
2026-07-24 19:14:25,827 - sflow.task.server_5 - INFO - 5:
2026-07-24 19:14:25,827 - sflow.task.server_5 - INFO - Loading safetensors weights in parallel:   2%|▏         | 3/163 [00:05<04:16,  1.60s/it]
2026-07-24 19:14:25,928 - sflow.task.server_5 - INFO - 4:
2026-07-24 19:14:25,928 - sflow.task.server_5 - INFO - Loading safetensors weights in parallel:   2%|▏         | 4/163 [00:05<02:52,  1.09s/it]
2026-07-24 19:14:25,928 - sflow.task.server_5 - INFO - 5:
2026-07-24 19:14:25,928 - sflow.task.server_5 - INFO - Loading safetensors weights in parallel:   3%|▎         | 5/163 [00:05<02:07,  1.24it/s]
2026-07-24 19:14:25,979 - sflow.task.server_5 - INFO - 7:
2026-07-24 19:14:25,979 - sflow.task.server_5 - INFO - Loading safetensors weights in parallel:   2%|▏         | 3/163 [00:05<04:41,  1.76s/it]
2026-07-24 19:14:26,030 - sflow.task.server_5 - INFO - 6:
2026-07-24 19:14:26,030 - sflow.task.server_5 - INFO - Loading safetensors weights in parallel:   2%|▏         | 4/163 [00:05<03:00,  1.14s/it]
2026-07-24 19:14:26,030 - sflow.task.server_5 - INFO - 4:
2026-07-24 19:14:26,030 - sflow.task.server_5 - INFO - Loading safetensors weights in parallel:   4%|▎         | 6/163 [00:05<01:25,  1.84it/s]
2026-07-24 19:14:26,030 - sflow.task.server_5 - INFO - 5:
2026-07-24 19:14:26,030 - sflow.task.server_5 - INFO - Loading safetensors weights in parallel:   4%|▍         | 7/163 [00:05<01:16,  2.03it/s]
2026-07-24 19:14:26,081 - sflow.task.server_5 - INFO - 7:
2026-07-24 19:14:26,081 - sflow.task.server_5 - INFO - Loading safetensors weights in parallel:   5%|▍         | 8/163 [00:05<01:07,  2.30it/s]
2026-07-24 19:14:26,131 - sflow.task.server_5 - INFO - 5:
2026-07-24 19:14:26,131 - sflow.task.server_5 - INFO - Loading safetensors weights in parallel:   6%|▌         | 9/163 [00:05<00:50,  3.07it/s]
2026-07-24 19:14:26,183 - sflow.task.server_5 - INFO - 4:
2026-07-24 19:14:26,183 - sflow.task.server_5 - INFO - Loading safetensors weights in parallel:   6%|▌         | 10/163 [00:05<00:35,  4.27it/s]
2026-07-24 19:14:26,183 - sflow.task.server_5 - INFO - 6:
2026-07-24 19:14:26,183 - sflow.task.server_5 - INFO - Loading safetensors weights in parallel:   6%|▌         | 10/163 [00:05<00:46,  3.28it/s]
2026-07-24 19:14:26,234 - sflow.task.server_5 - INFO - 7:
2026-07-24 19:14:26,234 - sflow.task.server_5 - INFO - Loading safetensors weights in parallel:   7%|▋         | 11/163 [00:05<00:42,  3.58it/s]
2026-07-24 19:14:26,234 - sflow.task.server_5 - INFO - 5:
2026-07-24 19:14:26,234 - sflow.task.server_5 - INFO - Loading safetensors weights in parallel:   9%|▊         | 14/163 [00:05<00:22,  6.64it/s]
2026-07-24 19:14:26,285 - sflow.task.server_5 - INFO - 4:
2026-07-24 19:14:26,285 - sflow.task.server_5 - INFO - Loading safetensors weights in parallel:   9%|▉         | 15/163 [00:05<00:18,  7.91it/s]
2026-07-24 19:14:26,285 - sflow.task.server_5 - INFO - 6:
2026-07-24 19:14:26,285 - sflow.task.server_5 - INFO - Loading safetensors weights in parallel:   9%|▊         | 14/163 [00:05<00:28,  5.22it/s]
2026-07-24 19:14:26,336 - sflow.task.server_5 - INFO - 7:
2026-07-24 19:14:26,336 - sflow.task.server_5 - INFO - Loading safetensors weights in parallel:  10%|▉         | 16/163 [00:05<00:22,  6.44it/s]
2026-07-24 19:14:26,336 - sflow.task.server_5 - INFO - 1:
2026-07-24 19:14:26,336 - sflow.task.server_5 - INFO - Loading safetensors weights in parallel:   2%|▏         | 3/163 [00:05<04:14,  1.59s/it]
2026-07-24 19:14:26,387 - sflow.task.server_5 - INFO - 4:
2026-07-24 19:14:26,387 - sflow.task.server_5 - INFO - Loading safetensors weights in parallel:  12%|█▏        | 19/163 [00:05<00:12, 11.22it/s]
2026-07-24 19:14:26,387 - sflow.task.server_5 - INFO - 5:
2026-07-24 19:14:26,387 - sflow.task.server_5 - INFO - Loading safetensors weights in parallel:  10%|█         | 17/163 [00:05<00:17,  8.47it/s]
2026-07-24 19:14:26,438 - sflow.task.server_5 - INFO - 2:
2026-07-24 19:14:26,438 - sflow.task.server_5 - INFO - Loading safetensors weights in parallel:   2%|▏         | 3/163 [00:05<04:20,  1.63s/it]
2026-07-24 19:14:26,438 - sflow.task.server_5 - INFO - 6:
2026-07-24 19:14:26,438 - sflow.task.server_5 - INFO - Loading safetensors weights in parallel:  11%|█         | 18/163 [00:05<00:19,  7.54it/s]
2026-07-24 19:14:26,489 - sflow.task.server_5 - INFO - 7:
2026-07-24 19:14:26,489 - sflow.task.server_5 - INFO - Loading safetensors weights in parallel:  13%|█▎        | 22/163 [00:05<00:13, 10.34it/s]
2026-07-24 19:14:26,490 - sflow.task.server_5 - INFO - 4:
2026-07-24 19:14:26,490 - sflow.task.server_5 - INFO - Loading safetensors weights in parallel:  14%|█▍        | 23/163 [00:05<00:09, 14.81it/s]
2026-07-24 19:14:26,541 - sflow.task.server_5 - INFO - 5:
2026-07-24 19:14:26,541 - sflow.task.server_5 - INFO - Loading safetensors weights in parallel:  13%|█▎        | 22/163 [00:05<00:10, 13.26it/s]
2026-07-24 19:14:26,541 - sflow.task.server_5 - INFO - 0: [07/24/2026-19:14:26] [TRT-LLM] [RANK 0] [I] Start to load safetensor file /home/mlperf_inference_storage/models/deepseek-r1/fp4-quantized-modelopt/deepseek_r1-torch-fp4/model-00159-of-000163.safetensors
2026-07-24 19:14:26,541 - sflow.task.server_5 - INFO - 0:
2026-07-24 19:14:26,541 - sflow.task.server_5 - INFO - Loading safetensors weights in parallel:   2%|▏         | 3/163 [00:05<04:30,  1.69s/it]
2026-07-24 19:14:26,541 - sflow.task.server_5 - INFO - 3:
2026-07-24 19:14:26,541 - sflow.task.server_5 - INFO - Loading safetensors weights in parallel:   2%|▏         | 3/163 [00:05<04:43,  1.77s/it]
2026-07-24 19:14:26,592 - sflow.task.server_5 - INFO - 1:
2026-07-24 19:14:26,592 - sflow.task.server_5 - INFO - Loading safetensors weights in parallel:   2%|▏         | 4/163 [00:05<02:57,  1.12s/it]
2026-07-24 19:14:26,592 - sflow.task.server_5 - INFO - 6:
2026-07-24 19:14:26,592 - sflow.task.server_5 - INFO - Loading safetensors weights in parallel:  16%|█▌        | 26/163 [00:05<00:10, 13.45it/s]
2026-07-24 19:14:26,592 - sflow.task.server_5 - INFO - 7:
2026-07-24 19:14:26,592 - sflow.task.server_5 - INFO - Loading safetensors weights in parallel:  16%|█▌        | 26/163 [00:05<00:10, 13.27it/s]
2026-07-24 19:14:26,592 - sflow.task.server_5 - INFO - 0: [07/24/2026-19:14:26] [TRT-LLM] [RANK 0] [I] Start to load safetensor file /home/mlperf_inference_storage/models/deepseek-r1/fp4-quantized-modelopt/deepseek_r1-torch-fp4/model-00141-of-000163.safetensors
2026-07-24 19:14:26,642 - sflow.task.server_5 - INFO - 5:
2026-07-24 19:14:26,642 - sflow.task.server_5 - INFO - Loading safetensors weights in parallel:  17%|█▋        | 27/163 [00:06<00:07, 18.40it/s]
2026-07-24 19:14:26,642 - sflow.task.server_5 - INFO - 4:
2026-07-24 19:14:26,642 - sflow.task.server_5 - INFO - Loading safetensors weights in parallel:  17%|█▋        | 28/163 [00:06<00:07, 18.77it/s]
2026-07-24 19:14:26,642 - sflow.task.server_5 - INFO - 2:
2026-07-24 19:14:26,642 - sflow.task.server_5 - INFO - Loading safetensors weights in parallel:   3%|▎         | 5/163 [00:05<02:14,  1.18it/s]
2026-07-24 19:14:26,693 - sflow.task.server_5 - INFO - 0: [07/24/2026-19:14:26] [TRT-LLM] [RANK 0] [I] Start to load safetensor file /home/mlperf_inference_storage/models/deepseek-r1/fp4-quantized-modelopt/deepseek_r1-torch-fp4/model-00070-of-000163.safetensors
2026-07-24 19:14:26,693 - sflow.task.server_5 - INFO - 0:
2026-07-24 19:14:26,693 - sflow.task.server_5 - INFO - Loading safetensors weights in parallel:   3%|▎         | 5/163 [00:05<02:14,  1.18it/s]
2026-07-24 19:14:26,693 - sflow.task.server_5 - INFO - 1:
2026-07-24 19:14:26,693 - sflow.task.server_5 - INFO - Loading safetensors weights in parallel:   4%|▍         | 7/163 [00:05<01:13,  2.11it/s]
2026-07-24 19:14:26,693 - sflow.task.server_5 - INFO - 3:
2026-07-24 19:14:26,693 - sflow.task.server_5 - INFO - Loading safetensors weights in parallel:   4%|▍         | 7/163 [00:05<01:20,  1.95it/s]
2026-07-24 19:14:26,693 - sflow.task.server_5 - INFO - 6:
2026-07-24 19:14:26,693 - sflow.task.server_5 - INFO - Loading safetensors weights in parallel:  19%|█▉        | 31/163 [00:06<00:07, 17.41it/s]
2026-07-24 19:14:26,744 - sflow.task.server_5 - INFO - 7:
2026-07-24 19:14:26,744 - sflow.task.server_5 - INFO - Loading safetensors weights in parallel:  20%|█▉        | 32/163 [00:06<00:07, 18.00it/s]
2026-07-24 19:14:26,745 - sflow.task.server_5 - INFO - 0: [07/24/2026-19:14:26] [TRT-LLM] [RANK 0] [I] Start to load safetensor file /home/mlperf_inference_storage/models/deepseek-r1/fp4-quantized-modelopt/deepseek_r1-torch-fp4/model-00085-of-000163.safetensors
2026-07-24 19:14:26,795 - sflow.task.server_5 - INFO - 0: [07/24/2026-19:14:26] [TRT-LLM] [RANK 0] [I] Start to load safetensor file /home/mlperf_inference_storage/models/deepseek-r1/fp4-quantized-modelopt/deepseek_r1-torch-fp4/model-00025-of-000163.safetensors
2026-07-24 19:14:26,796 - sflow.task.server_5 - INFO - 0:
2026-07-24 19:14:26,796 - sflow.task.server_5 - INFO - Loading safetensors weights in parallel:   4%|▍         | 7/163 [00:05<01:19,  1.96it/s]
2026-07-24 19:14:26,796 - sflow.task.server_5 - INFO - 4:
2026-07-24 19:14:26,796 - sflow.task.server_5 - INFO - Loading safetensors weights in parallel:  20%|█▉        | 32/163 [00:06<00:06, 21.68it/s]
2026-07-24 19:14:26,796 - sflow.task.server_5 - INFO - 2:
2026-07-24 19:14:26,796 - sflow.task.server_5 - INFO - Loading safetensors weights in parallel:   5%|▍         | 8/163 [00:05<01:06,  2.35it/s]
2026-07-24 19:14:26,796 - sflow.task.server_5 - INFO - 5:
2026-07-24 19:14:26,796 - sflow.task.server_5 - INFO - Loading safetensors weights in parallel:  19%|█▉        | 31/163 [00:06<00:06, 19.93it/s]
2026-07-24 19:14:26,796 - sflow.task.server_5 - INFO - 0: [07/24/2026-19:14:26] [TRT-LLM] [RANK 0] [I] Start to load safetensor file /home/mlperf_inference_storage/models/deepseek-r1/fp4-quantized-modelopt/deepseek_r1-torch-fp4/model-00031-of-000163.safetensors
2026-07-24 19:14:26,796 - sflow.task.server_5 - INFO - 0: [07/24/2026-19:14:26] [TRT-LLM] [RANK 0] [I] Start to load safetensor file /home/mlperf_inference_storage/models/deepseek-r1/fp4-quantized-modelopt/deepseek_r1-torch-fp4/model-00043-of-000163.safetensors
2026-07-24 19:14:26,846 - sflow.task.server_5 - INFO - 1:
2026-07-24 19:14:26,846 - sflow.task.server_5 - INFO - Loading safetensors weights in parallel:   6%|▌         | 10/163 [00:05<00:42,  3.57it/s]
2026-07-24 19:14:26,846 - sflow.task.server_5 - INFO - 3:
2026-07-24 19:14:26,847 - sflow.task.server_5 - INFO - Loading safetensors weights in parallel:   6%|▌         | 10/163 [00:05<00:47,  3.20it/s]
2026-07-24 19:14:26,847 - sflow.task.server_5 - INFO - 0: [07/24/2026-19:14:26] [TRT-LLM] [RANK 0] [I] Start to load safetensor file /home/mlperf_inference_storage/models/deepseek-r1/fp4-quantized-modelopt/deepseek_r1-torch-fp4/model-00042-of-000163.safetensors
2026-07-24 19:14:26,847 - sflow.task.server_5 - INFO - 0: [07/24/2026-19:14:26] [TRT-LLM] [RANK 0] [I] Start to load safetensor file /home/mlperf_inference_storage/models/deepseek-r1/fp4-quantized-modelopt/deepseek_r1-torch-fp4/model-00057-of-000163.safetensors
2026-07-24 19:14:26,897 - sflow.task.server_5 - INFO - 0: [07/24/2026-19:14:26] [TRT-LLM] [RANK 0] [I] Start to load safetensor file /home/mlperf_inference_storage/models/deepseek-r1/fp4-quantized-modelopt/deepseek_r1-torch-fp4/model-00022-of-000163.safetensors
2026-07-24 19:14:26,897 - sflow.task.server_5 - INFO - 2:
2026-07-24 19:14:26,898 - sflow.task.server_5 - INFO - Loading safetensors weights in parallel:   6%|▌         | 10/163 [00:05<00:46,  3.30it/s]
2026-07-24 19:14:26,898 - sflow.task.server_5 - INFO - 0:
2026-07-24 19:14:26,898 - sflow.task.server_5 - INFO - Loading safetensors weights in parallel:   7%|▋         | 12/163 [00:05<00:33,  4.57it/s]
2026-07-24 19:14:26,898 - sflow.task.server_5 - INFO - 0: [07/24/2026-19:14:26] [TRT-LLM] [RANK 0] [I] Start to load safetensor file /home/mlperf_inference_storage/models/deepseek-r1/fp4-quantized-modelopt/deepseek_r1-torch-fp4/model-00119-of-000163.safetensors
2026-07-24 19:14:26,898 - sflow.task.server_5 - INFO - 0: [07/24/2026-19:14:26] [TRT-LLM] [RANK 0] [I] Start to load safetensor file /home/mlperf_inference_storage/models/deepseek-r1/fp4-quantized-modelopt/deepseek_r1-torch-fp4/model-00152-of-000163.safetensors
2026-07-24 19:14:26,948 - sflow.task.server_5 - INFO - 0: [07/24/2026-19:14:26] [TRT-LLM] [RANK 0] [I] Start to load safetensor file /home/mlperf_inference_storage/models/deepseek-r1/fp4-quantized-modelopt/deepseek_r1-torch-fp4/model-00015-of-000163.safetensors
2026-07-24 19:14:26,949 - sflow.task.server_5 - INFO - 0: [07/24/2026-19:14:26] [TRT-LLM] [RANK 0] [I] Start to load safetensor file /home/mlperf_inference_storage/models/deepseek-r1/fp4-quantized-modelopt/deepseek_r1-torch-fp4/model-00059-of-000163.safetensors
2026-07-24 19:14:26,949 - sflow.task.server_5 - INFO - 3:
2026-07-24 19:14:26,949 - sflow.task.server_5 - INFO - Loading safetensors weights in parallel:   9%|▉         | 15/163 [00:05<00:24,  6.04it/s]
2026-07-24 19:14:27,000 - sflow.task.server_5 - INFO - 1:
2026-07-24 19:14:27,000 - sflow.task.server_5 - INFO - Loading safetensors weights in parallel:   8%|▊         | 13/163 [00:05<00:28,  5.34it/s]
2026-07-24 19:14:27,000 - sflow.task.server_5 - INFO - 0: [07/24/2026-19:14:26] [TRT-LLM] [RANK 0] [I] Start to load safetensor file /home/mlperf_inference_storage/models/deepseek-r1/fp4-quantized-modelopt/deepseek_r1-torch-fp4/model-00014-of-000163.safetensors
2026-07-24 19:14:27,000 - sflow.task.server_5 - INFO - 2:
2026-07-24 19:14:27,000 - sflow.task.server_5 - INFO - Loading safetensors weights in parallel:  10%|█         | 17/163 [00:05<00:18,  8.09it/s]
2026-07-24 19:14:27,000 - sflow.task.server_5 - INFO - 0: [07/24/2026-19:14:26] [TRT-LLM] [RANK 0] [I] Start to load safetensor file /home/mlperf_inference_storage/models/deepseek-r1/fp4-quantized-modelopt/deepseek_r1-torch-fp4/model-00004-of-000163.safetensors
2026-07-24 19:14:27,000 - sflow.task.server_5 - INFO - 0:
2026-07-24 19:14:27,000 - sflow.task.server_5 - INFO - Loading safetensors weights in parallel:  12%|█▏        | 19/163 [00:05<00:15,  9.28it/s]
2026-07-24 19:14:27,051 - sflow.task.server_5 - INFO - 0: [07/24/2026-19:14:26] [TRT-LLM] [RANK 0] [I] Start to load safetensor file /home/mlperf_inference_storage/models/deepseek-r1/fp4-quantized-modelopt/deepseek_r1-torch-fp4/model-00100-of-000163.safetensors
2026-07-24 19:14:27,051 - sflow.task.server_5 - INFO - 0: [07/24/2026-19:14:27] [TRT-LLM] [RANK 0] [I] Start to load safetensor file /home/mlperf_inference_storage/models/deepseek-r1/fp4-quantized-modelopt/deepseek_r1-torch-fp4/model-00096-of-000163.safetensors
2026-07-24 19:14:27,103 - sflow.task.server_5 - INFO - 3:
2026-07-24 19:14:27,103 - sflow.task.server_5 - INFO - Loading safetensors weights in parallel:  13%|█▎        | 21/163 [00:05<00:13, 10.30it/s]
2026-07-24 19:14:27,103 - sflow.task.server_5 - INFO - 0: [07/24/2026-19:14:27] [TRT-LLM] [RANK 0] [I] Start to load safetensor file /home/mlperf_inference_storage/models/deepseek-r1/fp4-quantized-modelopt/deepseek_r1-torch-fp4/model-00086-of-000163.safetensors
2026-07-24 19:14:27,103 - sflow.task.server_5 - INFO - 1:
2026-07-24 19:14:27,103 - sflow.task.server_5 - INFO - Loading safetensors weights in parallel:  13%|█▎        | 21/163 [00:05<00:11, 12.14it/s]
2026-07-24 19:14:27,103 - sflow.task.server_5 - INFO - 0: [07/24/2026-19:14:27] [TRT-LLM] [RANK 0] [I] Start to load safetensor file /home/mlperf_inference_storage/models/deepseek-r1/fp4-quantized-modelopt/deepseek_r1-torch-fp4/model-00006-of-000163.safetensors
2026-07-24 19:14:27,103 - sflow.task.server_5 - INFO - 2:
2026-07-24 19:14:27,103 - sflow.task.server_5 - INFO - Loading safetensors weights in parallel:  13%|█▎        | 21/163 [00:06<00:12, 10.98it/s]
2026-07-24 19:14:27,103 - sflow.task.server_5 - INFO - 0: [07/24/2026-19:14:27] [TRT-LLM] [RANK 0] [I] Start to load safetensor file /home/mlperf_inference_storage/models/deepseek-r1/fp4-quantized-modelopt/deepseek_r1-torch-fp4/model-00136-of-000163.safetensors
2026-07-24 19:14:27,154 - sflow.task.server_5 - INFO - 0:
2026-07-24 19:14:27,154 - sflow.task.server_5 - INFO - Loading safetensors weights in parallel:  14%|█▍        | 23/163 [00:06<00:11, 11.85it/s]
2026-07-24 19:14:27,154 - sflow.task.server_5 - INFO - 0: [07/24/2026-19:14:27] [TRT-LLM] [RANK 0] [I] Start to load safetensor file /home/mlperf_inference_storage/models/deepseek-r1/fp4-quantized-modelopt/deepseek_r1-torch-fp4/model-00098-of-000163.safetensors
2026-07-24 19:14:27,154 - sflow.task.server_5 - INFO - 0: [07/24/2026-19:14:27] [TRT-LLM] [RANK 0] [I] Start to load safetensor file /home/mlperf_inference_storage/models/deepseek-r1/fp4-quantized-modelopt/deepseek_r1-torch-fp4/model-00128-of-000163.safetensors
2026-07-24 19:14:27,154 - sflow.task.server_5 - INFO - 0: [07/24/2026-19:14:27] [TRT-LLM] [RANK 0] [I] Start to load safetensor file /home/mlperf_inference_storage/models/deepseek-r1/fp4-quantized-modelopt/deepseek_r1-torch-fp4/model-00101-of-000163.safetensors
2026-07-24 19:14:27,206 - sflow.task.server_5 - INFO - 3:
2026-07-24 19:14:27,206 - sflow.task.server_5 - INFO - Loading safetensors weights in parallel:  15%|█▌        | 25/163 [00:06<00:10, 13.08it/s]
2026-07-24 19:14:27,206 - sflow.task.server_5 - INFO - 0: [07/24/2026-19:14:27] [TRT-LLM] [RANK 0] [I] Start to load safetensor file /home/mlperf_inference_storage/models/deepseek-r1/fp4-quantized-modelopt/deepseek_r1-torch-fp4/model-00094-of-000163.safetensors
2026-07-24 19:14:27,256 - sflow.task.server_5 - INFO - 0: [07/24/2026-19:14:27] [TRT-LLM] [RANK 0] [I] Start to load safetensor file /home/mlperf_inference_storage/models/deepseek-r1/fp4-quantized-modelopt/deepseek_r1-torch-fp4/model-00032-of-000163.safetensors
2026-07-24 19:14:27,256 - sflow.task.server_5 - INFO - 1:
2026-07-24 19:14:27,256 - sflow.task.server_5 - INFO - Loading safetensors weights in parallel:  17%|█▋        | 27/163 [00:06<00:08, 16.73it/s]
2026-07-24 19:14:27,256 - sflow.task.server_5 - INFO - 2:
2026-07-24 19:14:27,256 - sflow.task.server_5 - INFO - Loading safetensors weights in parallel:  17%|█▋        | 27/163 [00:06<00:08, 16.17it/s]
2026-07-24 19:14:27,257 - sflow.task.server_5 - INFO - 0:
2026-07-24 19:14:27,257 - sflow.task.server_5 - INFO - Loading safetensors weights in parallel:  17%|█▋        | 28/163 [00:06<00:08, 15.61it/s]
2026-07-24 19:14:27,308 - sflow.task.server_5 - INFO - 0: [07/24/2026-19:14:27] [TRT-LLM] [RANK 0] [I] Start to load safetensor file /home/mlperf_inference_storage/models/deepseek-r1/fp4-quantized-modelopt/deepseek_r1-torch-fp4/model-00102-of-000163.safetensors
2026-07-24 19:14:27,308 - sflow.task.server_5 - INFO - 0: [07/24/2026-19:14:27] [TRT-LLM] [RANK 0] [I] Start to load safetensor file /home/mlperf_inference_storage/models/deepseek-r1/fp4-quantized-modelopt/deepseek_r1-torch-fp4/model-00013-of-000163.safetensors
2026-07-24 19:14:27,359 - sflow.task.server_5 - INFO - 3:
2026-07-24 19:14:27,359 - sflow.task.server_5 - INFO - Loading safetensors weights in parallel:  18%|█▊        | 30/163 [00:06<00:07, 17.01it/s]
2026-07-24 19:14:27,359 - sflow.task.server_5 - INFO - 0: [07/24/2026-19:14:27] [TRT-LLM] [RANK 0] [I] Start to load safetensor file /home/mlperf_inference_storage/models/deepseek-r1/fp4-quantized-modelopt/deepseek_r1-torch-fp4/model-00151-of-000163.safetensors
2026-07-24 19:14:27,410 - sflow.task.server_5 - INFO - 2:
2026-07-24 19:14:27,410 - sflow.task.server_5 - INFO - Loading safetensors weights in parallel:  19%|█▉        | 31/163 [00:06<00:07, 18.14it/s]
2026-07-24 19:14:27,410 - sflow.task.server_5 - INFO - 0: [07/24/2026-19:14:27] [TRT-LLM] [RANK 0] [I] Start to load safetensor file /home/mlperf_inference_storage/models/deepseek-r1/fp4-quantized-modelopt/deepseek_r1-torch-fp4/model-00158-of-000163.safetensors
2026-07-24 19:14:27,410 - sflow.task.server_5 - INFO - 0:
2026-07-24 19:14:27,410 - sflow.task.server_5 - INFO - Loading safetensors weights in parallel:  20%|█▉        | 32/163 [00:06<00:07, 17.97it/s]
2026-07-24 19:14:27,563 - sflow.task.server_5 - INFO - 1:
2026-07-24 19:14:27,563 - sflow.task.server_5 - INFO - Loading safetensors weights in parallel:  19%|█▉        | 31/163 [00:06<00:08, 14.93it/s]
2026-07-24 19:14:28,376 - sflow.task.server_5 - INFO - 6:
2026-07-24 19:14:28,376 - sflow.task.server_5 - INFO - Loading safetensors weights in parallel:  21%|██▏       | 35/163 [00:07<00:19,  6.56it/s]
2026-07-24 19:14:28,680 - sflow.task.server_5 - INFO - 5:
2026-07-24 19:14:28,681 - sflow.task.server_5 - INFO - Loading safetensors weights in parallel:  21%|██▏       | 35/163 [00:08<00:22,  5.63it/s]
2026-07-24 19:14:28,732 - sflow.task.server_5 - INFO - 0: [07/24/2026-19:14:28] [TRT-LLM] [RANK 0] [I] Start to load safetensor file /home/mlperf_inference_storage/models/deepseek-r1/fp4-quantized-modelopt/deepseek_r1-torch-fp4/model-00156-of-000163.safetensors
2026-07-24 19:14:29,038 - sflow.task.server_5 - INFO - 0: [07/24/2026-19:14:29] [TRT-LLM] [RANK 0] [I] Start to load safetensor file /home/mlperf_inference_storage/models/deepseek-r1/fp4-quantized-modelopt/deepseek_r1-torch-fp4/model-00069-of-000163.safetensors
2026-07-24 19:14:29,089 - sflow.task.server_5 - INFO - 0: [07/24/2026-19:14:29] [TRT-LLM] [RANK 0] [I] Start to load safetensor file /home/mlperf_inference_storage/models/deepseek-r1/fp4-quantized-modelopt/deepseek_r1-torch-fp4/model-00007-of-000163.safetensors
2026-07-24 19:14:29,140 - sflow.task.server_5 - INFO - 3:
2026-07-24 19:14:29,140 - sflow.task.server_5 - INFO - Loading safetensors weights in parallel:  21%|██        | 34/163 [00:08<00:22,  5.84it/s]
2026-07-24 19:14:29,140 - sflow.task.server_5 - INFO - 2:
2026-07-24 19:14:29,140 - sflow.task.server_5 - INFO - Loading safetensors weights in parallel:  21%|██▏       | 35/163 [00:08<00:21,  6.04it/s]
2026-07-24 19:14:29,192 - sflow.task.server_5 - INFO - 1:
2026-07-24 19:14:29,192 - sflow.task.server_5 - INFO - Loading safetensors weights in parallel:  21%|██        | 34/163 [00:08<00:22,  5.86it/s]
2026-07-24 19:14:29,650 - sflow.task.server_5 - INFO - 4:
2026-07-24 19:14:29,650 - sflow.task.server_5 - INFO - Loading safetensors weights in parallel:  22%|██▏       | 36/163 [00:09<00:31,  4.00it/s]
2026-07-24 19:14:29,854 - sflow.task.server_5 - INFO - 7:
2026-07-24 19:14:29,854 - sflow.task.server_5 - INFO - Loading safetensors weights in parallel:  22%|██▏       | 36/163 [00:09<00:31,  4.01it/s]
2026-07-24 19:14:30,515 - sflow.task.server_5 - INFO - 0: [07/24/2026-19:14:30] [TRT-LLM] [RANK 0] [I] Start to load safetensor file /home/mlperf_inference_storage/models/deepseek-r1/fp4-quantized-modelopt/deepseek_r1-torch-fp4/model-00084-of-000163.safetensors
2026-07-24 19:14:30,516 - sflow.task.server_5 - INFO - 0:
2026-07-24 19:14:30,516 - sflow.task.server_5 - INFO - Loading safetensors weights in parallel:  22%|██▏       | 36/163 [00:09<00:33,  3.76it/s]
2026-07-24 19:14:30,720 - sflow.task.server_5 - INFO - 6:
2026-07-24 19:14:30,720 - sflow.task.server_5 - INFO - Loading safetensors weights in parallel:  23%|██▎       | 38/163 [00:10<00:36,  3.41it/s]
2026-07-24 19:14:30,772 - sflow.task.server_5 - INFO - 5:
2026-07-24 19:14:30,772 - sflow.task.server_5 - INFO - Loading safetensors weights in parallel:  23%|██▎       | 38/163 [00:10<00:38,  3.27it/s]
2026-07-24 19:14:30,823 - sflow.task.server_5 - INFO - 4:
2026-07-24 19:14:30,823 - sflow.task.server_5 - INFO - Loading safetensors weights in parallel:  24%|██▍       | 39/163 [00:10<00:35,  3.54it/s]
2026-07-24 19:14:30,823 - sflow.task.server_5 - INFO - 6:
2026-07-24 19:14:30,823 - sflow.task.server_5 - INFO - Loading safetensors weights in parallel:  25%|██▍       | 40/163 [00:10<00:30,  3.98it/s]
2026-07-24 19:14:30,823 - sflow.task.server_5 - INFO - 7:
2026-07-24 19:14:30,823 - sflow.task.server_5 - INFO - Loading safetensors weights in parallel:  24%|██▍       | 39/163 [00:10<00:33,  3.72it/s]
2026-07-24 19:14:30,874 - sflow.task.server_5 - INFO - 5:
2026-07-24 19:14:30,874 - sflow.task.server_5 - INFO - Loading safetensors weights in parallel:  25%|██▌       | 41/163 [00:10<00:28,  4.24it/s]
2026-07-24 19:14:30,925 - sflow.task.server_5 - INFO - 4:
2026-07-24 19:14:30,925 - sflow.task.server_5 - INFO - Loading safetensors weights in parallel:  26%|██▋       | 43/163 [00:10<00:24,  4.94it/s]
2026-07-24 19:14:30,925 - sflow.task.server_5 - INFO - 6:
2026-07-24 19:14:30,925 - sflow.task.server_5 - INFO - Loading safetensors weights in parallel:  26%|██▌       | 42/163 [00:10<00:25,  4.71it/s]
2026-07-24 19:14:30,976 - sflow.task.server_5 - INFO - 7:
2026-07-24 19:14:30,976 - sflow.task.server_5 - INFO - Loading safetensors weights in parallel:  27%|██▋       | 44/163 [00:10<00:21,  5.45it/s]
2026-07-24 19:14:30,976 - sflow.task.server_5 - INFO - 5:
2026-07-24 19:14:30,976 - sflow.task.server_5 - INFO - Loading safetensors weights in parallel:  27%|██▋       | 44/163 [00:10<00:21,  5.44it/s]
2026-07-24 19:14:31,027 - sflow.task.server_5 - INFO - 6:
2026-07-24 19:14:31,027 - sflow.task.server_5 - INFO - Loading safetensors weights in parallel:  30%|███       | 49/163 [00:10<00:12,  8.80it/s]
2026-07-24 19:14:31,027 - sflow.task.server_5 - INFO - 4:
2026-07-24 19:14:31,027 - sflow.task.server_5 - INFO - Loading safetensors weights in parallel:  28%|██▊       | 46/163 [00:10<00:18,  6.22it/s]
2026-07-24 19:14:31,079 - sflow.task.server_5 - INFO - 7:
2026-07-24 19:14:31,079 - sflow.task.server_5 - INFO - Loading safetensors weights in parallel:  31%|███       | 50/163 [00:10<00:13,  8.21it/s]
2026-07-24 19:14:31,131 - sflow.task.server_5 - INFO - 5:
2026-07-24 19:14:31,131 - sflow.task.server_5 - INFO - Loading safetensors weights in parallel:  29%|██▉       | 48/163 [00:10<00:15,  7.60it/s]
2026-07-24 19:14:31,182 - sflow.task.server_5 - INFO - 4:
2026-07-24 19:14:31,182 - sflow.task.server_5 - INFO - Loading safetensors weights in parallel:  33%|███▎      | 54/163 [00:10<00:09, 11.22it/s]
2026-07-24 19:14:31,182 - sflow.task.server_5 - INFO - 6:
2026-07-24 19:14:31,182 - sflow.task.server_5 - INFO - Loading safetensors weights in parallel:  33%|███▎      | 54/163 [00:10<00:09, 11.94it/s]
2026-07-24 19:14:31,182 - sflow.task.server_5 - INFO - 7:
2026-07-24 19:14:31,182 - sflow.task.server_5 - INFO - Loading safetensors weights in parallel:  34%|███▎      | 55/163 [00:10<00:09, 10.82it/s]
2026-07-24 19:14:31,283 - sflow.task.server_5 - INFO - 6:
2026-07-24 19:14:31,283 - sflow.task.server_5 - INFO - Loading safetensors weights in parallel:  36%|███▌      | 59/163 [00:10<00:06, 15.80it/s]
2026-07-24 19:14:31,283 - sflow.task.server_5 - INFO - 4:
2026-07-24 19:14:31,283 - sflow.task.server_5 - INFO - Loading safetensors weights in parallel:  36%|███▌      | 58/163 [00:10<00:07, 13.66it/s]
2026-07-24 19:14:31,334 - sflow.task.server_5 - INFO - 7:
2026-07-24 19:14:31,334 - sflow.task.server_5 - INFO - Loading safetensors weights in parallel:  37%|███▋      | 60/163 [00:10<00:07, 14.02it/s]
2026-07-24 19:14:31,385 - sflow.task.server_5 - INFO - 1:
2026-07-24 19:14:31,385 - sflow.task.server_5 - INFO - Loading safetensors weights in parallel:  23%|██▎       | 37/163 [00:10<00:39,  3.21it/s]
2026-07-24 19:14:31,385 - sflow.task.server_5 - INFO - 6:
2026-07-24 19:14:31,385 - sflow.task.server_5 - INFO - Loading safetensors weights in parallel:  39%|███▊      | 63/163 [00:10<00:05, 18.10it/s]
2026-07-24 19:14:31,436 - sflow.task.server_5 - INFO - 5:
2026-07-24 19:14:31,436 - sflow.task.server_5 - INFO - Loading safetensors weights in parallel:  31%|███▏      | 51/163 [00:10<00:13,  8.10it/s]
2026-07-24 19:14:31,487 - sflow.task.server_5 - INFO - 7:
2026-07-24 19:14:31,487 - sflow.task.server_5 - INFO - Loading safetensors weights in parallel:  39%|███▉      | 64/163 [00:10<00:06, 16.13it/s]
2026-07-24 19:14:31,538 - sflow.task.server_5 - INFO - 4:
2026-07-24 19:14:31,538 - sflow.task.server_5 - INFO - Loading safetensors weights in parallel:  38%|███▊      | 62/163 [00:10<00:07, 14.27it/s]
2026-07-24 19:14:31,538 - sflow.task.server_5 - INFO - 5:
2026-07-24 19:14:31,538 - sflow.task.server_5 - INFO - Loading safetensors weights in parallel:  36%|███▌      | 58/163 [00:10<00:07, 13.84it/s]
2026-07-24 19:14:31,538 - sflow.task.server_5 - INFO - 1:
2026-07-24 19:14:31,538 - sflow.task.server_5 - INFO - Loading safetensors weights in parallel:  24%|██▍       | 39/163 [00:10<00:32,  3.78it/s]
2026-07-24 19:14:31,639 - sflow.task.server_5 - INFO - 1:
2026-07-24 19:14:31,639 - sflow.task.server_5 - INFO - Loading safetensors weights in parallel:  25%|██▌       | 41/163 [00:10<00:26,  4.53it/s]
2026-07-24 19:14:31,690 - sflow.task.server_5 - INFO - 2:
2026-07-24 19:14:31,690 - sflow.task.server_5 - INFO - Loading safetensors weights in parallel:  23%|██▎       | 38/163 [00:10<00:40,  3.07it/s]
2026-07-24 19:14:31,690 - sflow.task.server_5 - INFO - 0: [07/24/2026-19:14:31] [TRT-LLM] [RANK 0] [I] Start to load safetensor file /home/mlperf_inference_storage/models/deepseek-r1/fp4-quantized-modelopt/deepseek_r1-torch-fp4/model-00067-of-000163.safetensors
2026-07-24 19:14:31,690 - sflow.task.server_5 - INFO - 0: [07/24/2026-19:14:31] [TRT-LLM] [RANK 0] [I] Start to load safetensor file /home/mlperf_inference_storage/models/deepseek-r1/fp4-quantized-modelopt/deepseek_r1-torch-fp4/model-00124-of-000163.safetensors
2026-07-24 19:14:31,690 - sflow.task.server_5 - INFO - 3:
2026-07-24 19:14:31,690 - sflow.task.server_5 - INFO - Loading safetensors weights in parallel:  23%|██▎       | 37/163 [00:10<00:41,  3.00it/s]
2026-07-24 19:14:31,690 - sflow.task.server_5 - INFO - 5:
2026-07-24 19:14:31,690 - sflow.task.server_5 - INFO - Loading safetensors weights in parallel:  38%|███▊      | 62/163 [00:11<00:06, 15.43it/s]
2026-07-24 19:14:31,741 - sflow.task.server_5 - INFO - 0: [07/24/2026-19:14:31] [TRT-LLM] [RANK 0] [I] Start to load safetensor file /home/mlperf_inference_storage/models/deepseek-r1/fp4-quantized-modelopt/deepseek_r1-torch-fp4/model-00138-of-000163.safetensors
2026-07-24 19:14:31,741 - sflow.task.server_5 - INFO - 0:
2026-07-24 19:14:31,741 - sflow.task.server_5 - INFO - Loading safetensors weights in parallel:  24%|██▍       | 39/163 [00:10<00:37,  3.33it/s]
2026-07-24 19:14:31,792 - sflow.task.server_5 - INFO - 1:
2026-07-24 19:14:31,792 - sflow.task.server_5 - INFO - Loading safetensors weights in parallel:  27%|██▋       | 44/163 [00:10<00:19,  5.99it/s]
2026-07-24 19:14:31,792 - sflow.task.server_5 - INFO - 3:
2026-07-24 19:14:31,792 - sflow.task.server_5 - INFO - Loading safetensors weights in parallel:  25%|██▌       | 41/163 [00:10<00:29,  4.20it/s]
2026-07-24 19:14:31,792 - sflow.task.server_5 - INFO - 0: [07/24/2026-19:14:31] [TRT-LLM] [RANK 0] [I] Start to load safetensor file /home/mlperf_inference_storage/models/deepseek-r1/fp4-quantized-modelopt/deepseek_r1-torch-fp4/model-00079-of-000163.safetensors
2026-07-24 19:14:31,893 - sflow.task.server_5 - INFO - 0: [07/24/2026-19:14:31] [TRT-LLM] [RANK 0] [I] Start to load safetensor file /home/mlperf_inference_storage/models/deepseek-r1/fp4-quantized-modelopt/deepseek_r1-torch-fp4/model-00088-of-000163.safetensors
2026-07-24 19:14:31,893 - sflow.task.server_5 - INFO - 2:
2026-07-24 19:14:31,893 - sflow.task.server_5 - INFO - Loading safetensors weights in parallel:  26%|██▌       | 42/163 [00:10<00:29,  4.15it/s]
2026-07-24 19:14:31,893 - sflow.task.server_5 - INFO - 0:
2026-07-24 19:14:31,893 - sflow.task.server_5 - INFO - Loading safetensors weights in parallel:  25%|██▌       | 41/163 [00:10<00:31,  3.87it/s]
2026-07-24 19:14:31,893 - sflow.task.server_5 - INFO - 1:
2026-07-24 19:14:31,893 - sflow.task.server_5 - INFO - Loading safetensors weights in parallel:  28%|██▊       | 46/163 [00:10<00:16,  7.02it/s]
2026-07-24 19:14:31,944 - sflow.task.server_5 - INFO - 0: [07/24/2026-19:14:31] [TRT-LLM] [RANK 0] [I] Start to load safetensor file /home/mlperf_inference_storage/models/deepseek-r1/fp4-quantized-modelopt/deepseek_r1-torch-fp4/model-00093-of-000163.safetensors
2026-07-24 19:14:31,944 - sflow.task.server_5 - INFO - 3:
2026-07-24 19:14:31,944 - sflow.task.server_5 - INFO - Loading safetensors weights in parallel:  29%|██▉       | 47/163 [00:10<00:17,  6.59it/s]
2026-07-24 19:14:31,944 - sflow.task.server_5 - INFO - 0: [07/24/2026-19:14:31] [TRT-LLM] [RANK 0] [I] Start to load safetensor file /home/mlperf_inference_storage/models/deepseek-r1/fp4-quantized-modelopt/deepseek_r1-torch-fp4/model-00137-of-000163.safetensors
2026-07-24 19:14:31,944 - sflow.task.server_5 - INFO - 0: [07/24/2026-19:14:31] [TRT-LLM] [RANK 0] [I] Start to load safetensor file /home/mlperf_inference_storage/models/deepseek-r1/fp4-quantized-modelopt/deepseek_r1-torch-fp4/model-00051-of-000163.safetensors
2026-07-24 19:14:31,944 - sflow.task.server_5 - INFO - 0: [07/24/2026-19:14:31] [TRT-LLM] [RANK 0] [I] Start to load safetensor file /home/mlperf_inference_storage/models/deepseek-r1/fp4-quantized-modelopt/deepseek_r1-torch-fp4/model-00012-of-000163.safetensors
2026-07-24 19:14:31,995 - sflow.task.server_5 - INFO - 0: [07/24/2026-19:14:31] [TRT-LLM] [RANK 0] [I] Start to load safetensor file /home/mlperf_inference_storage/models/deepseek-r1/fp4-quantized-modelopt/deepseek_r1-torch-fp4/model-00117-of-000163.safetensors
2026-07-24 19:14:31,995 - sflow.task.server_5 - INFO - 0: [07/24/2026-19:14:31] [TRT-LLM] [RANK 0] [I] Start to load safetensor file /home/mlperf_inference_storage/models/deepseek-r1/fp4-quantized-modelopt/deepseek_r1-torch-fp4/model-00083-of-000163.safetensors
2026-07-24 19:14:31,995 - sflow.task.server_5 - INFO - 0:
2026-07-24 19:14:31,995 - sflow.task.server_5 - INFO - Loading safetensors weights in parallel:  29%|██▉       | 47/163 [00:10<00:17,  6.58it/s]
2026-07-24 19:14:31,995 - sflow.task.server_5 - INFO - 0: [07/24/2026-19:14:31] [TRT-LLM] [RANK 0] [I] Start to load safetensor file /home/mlperf_inference_storage/models/deepseek-r1/fp4-quantized-modelopt/deepseek_r1-torch-fp4/model-00080-of-000163.safetensors
2026-07-24 19:14:31,995 - sflow.task.server_5 - INFO - 0: [07/24/2026-19:14:31] [TRT-LLM] [RANK 0] [I] Start to load safetensor file /home/mlperf_inference_storage/models/deepseek-r1/fp4-quantized-modelopt/deepseek_r1-torch-fp4/model-00039-of-000163.safetensors
2026-07-24 19:14:31,995 - sflow.task.server_5 - INFO - 2:
2026-07-24 19:14:31,995 - sflow.task.server_5 - INFO - Loading safetensors weights in parallel:  30%|███       | 49/163 [00:10<00:16,  6.96it/s]
2026-07-24 19:14:31,995 - sflow.task.server_5 - INFO - 0: [07/24/2026-19:14:31] [TRT-LLM] [RANK 0] [I] Start to load safetensor file /home/mlperf_inference_storage/models/deepseek-r1/fp4-quantized-modelopt/deepseek_r1-torch-fp4/model-00145-of-000163.safetensors
2026-07-24 19:14:31,995 - sflow.task.server_5 - INFO - 1:
2026-07-24 19:14:31,996 - sflow.task.server_5 - INFO - Loading safetensors weights in parallel:  30%|███       | 49/163 [00:10<00:12,  9.37it/s]
2026-07-24 19:14:32,047 - sflow.task.server_5 - INFO - 0: [07/24/2026-19:14:31] [TRT-LLM] [RANK 0] [I] Start to load safetensor file /home/mlperf_inference_storage/models/deepseek-r1/fp4-quantized-modelopt/deepseek_r1-torch-fp4/model-00026-of-000163.safetensors
2026-07-24 19:14:32,047 - sflow.task.server_5 - INFO - 0: [07/24/2026-19:14:31] [TRT-LLM] [RANK 0] [I] Start to load safetensor file /home/mlperf_inference_storage/models/deepseek-r1/fp4-quantized-modelopt/deepseek_r1-torch-fp4/model-00064-of-000163.safetensors
2026-07-24 19:14:32,047 - sflow.task.server_5 - INFO - 3:
2026-07-24 19:14:32,047 - sflow.task.server_5 - INFO - Loading safetensors weights in parallel:  31%|███▏      | 51/163 [00:10<00:13,  8.52it/s]
2026-07-24 19:14:32,047 - sflow.task.server_5 - INFO - 0: [07/24/2026-19:14:32] [TRT-LLM] [RANK 0] [I] Start to load safetensor file /home/mlperf_inference_storage/models/deepseek-r1/fp4-quantized-modelopt/deepseek_r1-torch-fp4/model-00127-of-000163.safetensors
2026-07-24 19:14:32,098 - sflow.task.server_5 - INFO - 0: [07/24/2026-19:14:32] [TRT-LLM] [RANK 0] [I] Start to load safetensor file /home/mlperf_inference_storage/models/deepseek-r1/fp4-quantized-modelopt/deepseek_r1-torch-fp4/model-00073-of-000163.safetensors
2026-07-24 19:14:32,098 - sflow.task.server_5 - INFO - 0: [07/24/2026-19:14:32] [TRT-LLM] [RANK 0] [I] Start to load safetensor file /home/mlperf_inference_storage/models/deepseek-r1/fp4-quantized-modelopt/deepseek_r1-torch-fp4/model-00018-of-000163.safetensors
2026-07-24 19:14:32,098 - sflow.task.server_5 - INFO - 0:
2026-07-24 19:14:32,098 - sflow.task.server_5 - INFO - Loading safetensors weights in parallel:  34%|███▎      | 55/163 [00:11<00:09, 11.23it/s]
2026-07-24 19:14:32,098 - sflow.task.server_5 - INFO - 2:
2026-07-24 19:14:32,098 - sflow.task.server_5 - INFO - Loading safetensors weights in parallel:  34%|███▎      | 55/163 [00:11<00:10, 10.04it/s]
2026-07-24 19:14:32,148 - sflow.task.server_5 - INFO - 0: [07/24/2026-19:14:32] [TRT-LLM] [RANK 0] [I] Start to load safetensor file /home/mlperf_inference_storage/models/deepseek-r1/fp4-quantized-modelopt/deepseek_r1-torch-fp4/model-00104-of-000163.safetensors
2026-07-24 19:14:32,200 - sflow.task.server_5 - INFO - 3:
2026-07-24 19:14:32,200 - sflow.task.server_5 - INFO - Loading safetensors weights in parallel:  34%|███▍      | 56/163 [00:11<00:09, 11.48it/s]
2026-07-24 19:14:32,200 - sflow.task.server_5 - INFO - 0: [07/24/2026-19:14:32] [TRT-LLM] [RANK 0] [I] Start to load safetensor file /home/mlperf_inference_storage/models/deepseek-r1/fp4-quantized-modelopt/deepseek_r1-torch-fp4/model-00024-of-000163.safetensors
2026-07-24 19:14:32,200 - sflow.task.server_5 - INFO - 1:
2026-07-24 19:14:32,200 - sflow.task.server_5 - INFO - Loading safetensors weights in parallel:  32%|███▏      | 52/163 [00:11<00:10, 10.99it/s]
2026-07-24 19:14:32,200 - sflow.task.server_5 - INFO - 0: [07/24/2026-19:14:32] [TRT-LLM] [RANK 0] [I] Start to load safetensor file /home/mlperf_inference_storage/models/deepseek-r1/fp4-quantized-modelopt/deepseek_r1-torch-fp4/model-00035-of-000163.safetensors
2026-07-24 19:14:32,251 - sflow.task.server_5 - INFO - 0: [07/24/2026-19:14:32] [TRT-LLM] [RANK 0] [I] Start to load safetensor file /home/mlperf_inference_storage/models/deepseek-r1/fp4-quantized-modelopt/deepseek_r1-torch-fp4/model-00053-of-000163.safetensors
2026-07-24 19:14:32,251 - sflow.task.server_5 - INFO - 0: [07/24/2026-19:14:32] [TRT-LLM] [RANK 0] [I] Start to load safetensor file /home/mlperf_inference_storage/models/deepseek-r1/fp4-quantized-modelopt/deepseek_r1-torch-fp4/model-00027-of-000163.safetensors
2026-07-24 19:14:32,251 - sflow.task.server_5 - INFO - 2:
2026-07-24 19:14:32,251 - sflow.task.server_5 - INFO - Loading safetensors weights in parallel:  36%|███▌      | 59/163 [00:11<00:08, 11.83it/s]
2026-07-24 19:14:32,252 - sflow.task.server_5 - INFO - 0:
2026-07-24 19:14:32,252 - sflow.task.server_5 - INFO - Loading safetensors weights in parallel:  37%|███▋      | 60/163 [00:11<00:07, 13.82it/s]
2026-07-24 19:14:32,304 - sflow.task.server_5 - INFO - 3:
2026-07-24 19:14:32,304 - sflow.task.server_5 - INFO - Loading safetensors weights in parallel:  37%|███▋      | 60/163 [00:11<00:07, 13.87it/s]
2026-07-24 19:14:32,304 - sflow.task.server_5 - INFO - 0: [07/24/2026-19:14:32] [TRT-LLM] [RANK 0] [I] Start to load safetensor file /home/mlperf_inference_storage/models/deepseek-r1/fp4-quantized-modelopt/deepseek_r1-torch-fp4/model-00157-of-000163.safetensors
2026-07-24 19:14:32,304 - sflow.task.server_5 - INFO - 0: [07/24/2026-19:14:32] [TRT-LLM] [RANK 0] [I] Start to load safetensor file /home/mlperf_inference_storage/models/deepseek-r1/fp4-quantized-modelopt/deepseek_r1-torch-fp4/model-00003-of-000163.safetensors
2026-07-24 19:14:32,356 - sflow.task.server_5 - INFO - 1:
2026-07-24 19:14:32,356 - sflow.task.server_5 - INFO - Loading safetensors weights in parallel:  36%|███▌      | 58/163 [00:11<00:06, 16.99it/s]
2026-07-24 19:14:32,356 - sflow.task.server_5 - INFO - 0: [07/24/2026-19:14:32] [TRT-LLM] [RANK 0] [I] Start to load safetensor file /home/mlperf_inference_storage/models/deepseek-r1/fp4-quantized-modelopt/deepseek_r1-torch-fp4/model-00118-of-000163.safetensors
2026-07-24 19:14:32,356 - sflow.task.server_5 - INFO - 4:
2026-07-24 19:14:32,356 - sflow.task.server_5 - INFO - Loading safetensors weights in parallel:  40%|███▉      | 65/163 [00:11<00:11,  8.49it/s]
2026-07-24 19:14:32,407 - sflow.task.server_5 - INFO - 2:
2026-07-24 19:14:32,407 - sflow.task.server_5 - INFO - Loading safetensors weights in parallel:  39%|███▊      | 63/163 [00:11<00:07, 13.98it/s]
2026-07-24 19:14:32,458 - sflow.task.server_5 - INFO - 0: [07/24/2026-19:14:32] [TRT-LLM] [RANK 0] [I] Start to load safetensor file /home/mlperf_inference_storage/models/deepseek-r1/fp4-quantized-modelopt/deepseek_r1-torch-fp4/model-00144-of-000163.safetensors
2026-07-24 19:14:32,458 - sflow.task.server_5 - INFO - 0:
2026-07-24 19:14:32,458 - sflow.task.server_5 - INFO - Loading safetensors weights in parallel:  39%|███▉      | 64/163 [00:11<00:06, 15.26it/s]
2026-07-24 19:14:32,510 - sflow.task.server_5 - INFO - 3:
2026-07-24 19:14:32,510 - sflow.task.server_5 - INFO - Loading safetensors weights in parallel:  39%|███▉      | 64/163 [00:11<00:06, 15.44it/s]
2026-07-24 19:14:32,662 - sflow.task.server_5 - INFO - 1:
2026-07-24 19:14:32,662 - sflow.task.server_5 - INFO - Loading safetensors weights in parallel:  37%|███▋      | 61/163 [00:11<00:07, 14.10it/s]
2026-07-24 19:14:32,764 - sflow.task.server_5 - INFO - 6:
2026-07-24 19:14:32,764 - sflow.task.server_5 - INFO - Loading safetensors weights in parallel:  41%|████      | 67/163 [00:12<00:12,  7.42it/s]
2026-07-24 19:14:32,866 - sflow.task.server_5 - INFO - 7:
2026-07-24 19:14:32,866 - sflow.task.server_5 - INFO - Loading safetensors weights in parallel:  42%|████▏     | 68/163 [00:12<00:13,  7.20it/s]
2026-07-24 19:14:32,866 - sflow.task.server_5 - INFO - 4:
2026-07-24 19:14:32,866 - sflow.task.server_5 - INFO - Loading safetensors weights in parallel:  42%|████▏     | 68/163 [00:12<00:12,  7.68it/s]
2026-07-24 19:14:33,172 - sflow.task.server_5 - INFO - 5:
2026-07-24 19:14:33,172 - sflow.task.server_5 - INFO - Loading safetensors weights in parallel:  40%|████      | 66/163 [00:12<00:14,  6.58it/s]
2026-07-24 19:14:33,223 - sflow.task.server_5 - INFO - 1:
2026-07-24 19:14:33,223 - sflow.task.server_5 - INFO - Loading safetensors weights in parallel:  39%|███▉      | 64/163 [00:12<00:10,  9.54it/s]
2026-07-24 19:14:33,477 - sflow.task.server_5 - INFO - 0: [07/24/2026-19:14:33] [TRT-LLM] [RANK 0] [I] Start to load safetensor file /home/mlperf_inference_storage/models/deepseek-r1/fp4-quantized-modelopt/deepseek_r1-torch-fp4/model-00056-of-000163.safetensors
2026-07-24 19:14:33,579 - sflow.task.server_5 - INFO - 0: [07/24/2026-19:14:33] [TRT-LLM] [RANK 0] [I] Start to load safetensor file /home/mlperf_inference_storage/models/deepseek-r1/fp4-quantized-modelopt/deepseek_r1-torch-fp4/model-00111-of-000163.safetensors
2026-07-24 19:14:33,783 - sflow.task.server_5 - INFO - 0: [07/24/2026-19:14:33] [TRT-LLM] [RANK 0] [I] Start to load safetensor file /home/mlperf_inference_storage/models/deepseek-r1/fp4-quantized-modelopt/deepseek_r1-torch-fp4/model-00095-of-000163.safetensors
2026-07-24 19:14:33,834 - sflow.task.server_5 - INFO - 3:
2026-07-24 19:14:33,834 - sflow.task.server_5 - INFO - Loading safetensors weights in parallel:  41%|████      | 67/163 [00:12<00:14,  6.59it/s]
2026-07-24 19:14:33,885 - sflow.task.server_5 - INFO - 2:
2026-07-24 19:14:33,885 - sflow.task.server_5 - INFO - Loading safetensors weights in parallel:  41%|████      | 67/163 [00:12<00:14,  6.52it/s]
2026-07-24 19:14:33,885 - sflow.task.server_5 - INFO - 0: [07/24/2026-19:14:33] [TRT-LLM] [RANK 0] [I] Start to load safetensor file /home/mlperf_inference_storage/models/deepseek-r1/fp4-quantized-modelopt/deepseek_r1-torch-fp4/model-00160-of-000163.safetensors
2026-07-24 19:14:33,936 - sflow.task.server_5 - INFO - 0:
2026-07-24 19:14:33,936 - sflow.task.server_5 - INFO - Loading safetensors weights in parallel:  42%|████▏     | 68/163 [00:12<00:13,  6.90it/s]
2026-07-24 19:14:34,038 - sflow.task.server_5 - INFO - 5:
2026-07-24 19:14:34,038 - sflow.task.server_5 - INFO - Loading safetensors weights in parallel:  42%|████▏     | 69/163 [00:13<00:16,  5.55it/s]
2026-07-24 19:14:34,038 - sflow.task.server_5 - INFO - 1:
2026-07-24 19:14:34,038 - sflow.task.server_5 - INFO - Loading safetensors weights in parallel:  40%|████      | 66/163 [00:12<00:15,  6.18it/s]
2026-07-24 19:14:34,140 - sflow.task.server_5 - INFO - 1:
2026-07-24 19:14:34,140 - sflow.task.server_5 - INFO - Loading safetensors weights in parallel:  42%|████▏     | 68/163 [00:13<00:13,  7.07it/s]
2026-07-24 19:14:34,191 - sflow.task.server_5 - INFO - 6:
2026-07-24 19:14:34,191 - sflow.task.server_5 - INFO - Loading safetensors weights in parallel:  43%|████▎     | 70/163 [00:13<00:19,  4.66it/s]
2026-07-24 19:14:34,242 - sflow.task.server_5 - INFO - 4:
2026-07-24 19:14:34,243 - sflow.task.server_5 - INFO - Loading safetensors weights in parallel:  43%|████▎     | 70/163 [00:13<00:21,  4.24it/s]
2026-07-24 19:14:34,652 - sflow.task.server_5 - INFO - 5:
2026-07-24 19:14:34,652 - sflow.task.server_5 - INFO - Loading safetensors weights in parallel:  44%|████▎     | 71/163 [00:14<00:18,  4.87it/s]
2026-07-24 19:14:34,855 - sflow.task.server_5 - INFO - 0: [07/24/2026-19:14:34] [TRT-LLM] [RANK 0] [I] Start to load safetensor file /home/mlperf_inference_storage/models/deepseek-r1/fp4-quantized-modelopt/deepseek_r1-torch-fp4/model-00041-of-000163.safetensors
2026-07-24 19:14:34,906 - sflow.task.server_5 - INFO - 7:
2026-07-24 19:14:34,906 - sflow.task.server_5 - INFO - Loading safetensors weights in parallel:  44%|████▎     | 71/163 [00:14<00:23,  3.84it/s]
2026-07-24 19:14:34,906 - sflow.task.server_5 - INFO - 5:
2026-07-24 19:14:34,906 - sflow.task.server_5 - INFO - Loading safetensors weights in parallel:  45%|████▍     | 73/163 [00:14<00:17,  5.26it/s]
2026-07-24 19:14:34,957 - sflow.task.server_5 - INFO - 4:
2026-07-24 19:14:34,957 - sflow.task.server_5 - INFO - Loading safetensors weights in parallel:  44%|████▍     | 72/163 [00:14<00:23,  3.87it/s]
2026-07-24 19:14:35,060 - sflow.task.server_5 - INFO - 6:
2026-07-24 19:14:35,060 - sflow.task.server_5 - INFO - Loading safetensors weights in parallel:  44%|████▍     | 72/163 [00:14<00:22,  3.98it/s]
2026-07-24 19:14:35,060 - sflow.task.server_5 - INFO - 5:
2026-07-24 19:14:35,060 - sflow.task.server_5 - INFO - Loading safetensors weights in parallel:  46%|████▌     | 75/163 [00:14<00:14,  6.06it/s]
2026-07-24 19:14:35,110 - sflow.task.server_5 - INFO - 2:
2026-07-24 19:14:35,110 - sflow.task.server_5 - INFO - Loading safetensors weights in parallel:  43%|████▎     | 70/163 [00:13<00:19,  4.80it/s]
2026-07-24 19:14:35,110 - sflow.task.server_5 - INFO - 3:
2026-07-24 19:14:35,110 - sflow.task.server_5 - INFO - Loading safetensors weights in parallel:  43%|████▎     | 70/163 [00:13<00:20,  4.55it/s]
2026-07-24 19:14:35,110 - sflow.task.server_5 - INFO - 4:
2026-07-24 19:14:35,110 - sflow.task.server_5 - INFO - Loading safetensors weights in parallel:  46%|████▌     | 75/163 [00:14<00:17,  5.16it/s]
2026-07-24 19:14:35,111 - sflow.task.server_5 - INFO - 7:
2026-07-24 19:14:35,111 - sflow.task.server_5 - INFO - Loading safetensors weights in parallel:  45%|████▍     | 73/163 [00:14<00:21,  4.25it/s]
2026-07-24 19:14:35,161 - sflow.task.server_5 - INFO - 6:
2026-07-24 19:14:35,161 - sflow.task.server_5 - INFO - Loading safetensors weights in parallel:  45%|████▌     | 74/163 [00:14<00:18,  4.74it/s]
2026-07-24 19:14:35,161 - sflow.task.server_5 - INFO - 0: [07/24/2026-19:14:35] [TRT-LLM] [RANK 0] [I] Start to load safetensor file /home/mlperf_inference_storage/models/deepseek-r1/fp4-quantized-modelopt/deepseek_r1-torch-fp4/model-00114-of-000163.safetensors
2026-07-24 19:14:35,212 - sflow.task.server_5 - INFO - 7:
2026-07-24 19:14:35,212 - sflow.task.server_5 - INFO - Loading safetensors weights in parallel:  48%|████▊     | 78/163 [00:14<00:12,  6.56it/s]
2026-07-24 19:14:35,212 - sflow.task.server_5 - INFO - 5:
2026-07-24 19:14:35,212 - sflow.task.server_5 - INFO - Loading safetensors weights in parallel:  47%|████▋     | 77/163 [00:14<00:12,  6.93it/s]
2026-07-24 19:14:35,262 - sflow.task.server_5 - INFO - 4:
2026-07-24 19:14:35,262 - sflow.task.server_5 - INFO - Loading safetensors weights in parallel:  48%|████▊     | 79/163 [00:14<00:11,  7.40it/s]
2026-07-24 19:14:35,313 - sflow.task.server_5 - INFO - 6:
2026-07-24 19:14:35,313 - sflow.task.server_5 - INFO - Loading safetensors weights in parallel:  48%|████▊     | 78/163 [00:14<00:12,  6.82it/s]
2026-07-24 19:14:35,313 - sflow.task.server_5 - INFO - 1:
2026-07-24 19:14:35,313 - sflow.task.server_5 - INFO - Loading safetensors weights in parallel:  43%|████▎     | 70/163 [00:14<00:23,  4.01it/s]
2026-07-24 19:14:35,364 - sflow.task.server_5 - INFO - 4:
2026-07-24 19:14:35,364 - sflow.task.server_5 - INFO - Loading safetensors weights in parallel:  51%|█████     | 83/163 [00:14<00:07, 10.30it/s]
2026-07-24 19:14:35,364 - sflow.task.server_5 - INFO - 7:
2026-07-24 19:14:35,364 - sflow.task.server_5 - INFO - Loading safetensors weights in parallel:  51%|█████     | 83/163 [00:14<00:08,  9.38it/s]
2026-07-24 19:14:35,415 - sflow.task.server_5 - INFO - 6:
2026-07-24 19:14:35,415 - sflow.task.server_5 - INFO - Loading safetensors weights in parallel:  52%|█████▏    | 84/163 [00:14<00:07, 11.13it/s]
2026-07-24 19:14:35,415 - sflow.task.server_5 - INFO - 1:
2026-07-24 19:14:35,415 - sflow.task.server_5 - INFO - Loading safetensors weights in parallel:  44%|████▎     | 71/163 [00:14<00:21,  4.38it/s]
2026-07-24 19:14:35,466 - sflow.task.server_5 - INFO - 5:
2026-07-24 19:14:35,466 - sflow.task.server_5 - INFO - Loading safetensors weights in parallel:  49%|████▉     | 80/163 [00:14<00:09,  8.38it/s]
2026-07-24 19:14:35,466 - sflow.task.server_5 - INFO - 7:
2026-07-24 19:14:35,466 - sflow.task.server_5 - INFO - Loading safetensors weights in parallel:  54%|█████▍    | 88/163 [00:14<00:05, 12.61it/s]
2026-07-24 19:14:35,518 - sflow.task.server_5 - INFO - 4:
2026-07-24 19:14:35,518 - sflow.task.server_5 - INFO - Loading safetensors weights in parallel:  54%|█████▍    | 88/163 [00:14<00:05, 14.06it/s]
2026-07-24 19:14:35,518 - sflow.task.server_5 - INFO - 6:
2026-07-24 19:14:35,518 - sflow.task.server_5 - INFO - Loading safetensors weights in parallel:  55%|█████▌    | 90/163 [00:14<00:04, 16.19it/s]
2026-07-24 19:14:35,620 - sflow.task.server_5 - INFO - 1:
2026-07-24 19:14:35,620 - sflow.task.server_5 - INFO - Loading safetensors weights in parallel:  44%|████▍     | 72/163 [00:14<00:19,  4.60it/s]
2026-07-24 19:14:35,620 - sflow.task.server_5 - INFO - 4:
2026-07-24 19:14:35,620 - sflow.task.server_5 - INFO - Loading safetensors weights in parallel:  56%|█████▋    | 92/163 [00:14<00:04, 17.24it/s]
2026-07-24 19:14:35,620 - sflow.task.server_5 - INFO - 5:
2026-07-24 19:14:35,620 - sflow.task.server_5 - INFO - Loading safetensors weights in parallel:  50%|█████     | 82/163 [00:15<00:08,  9.01it/s]
2026-07-24 19:14:35,672 - sflow.task.server_5 - INFO - 6:
2026-07-24 19:14:35,672 - sflow.task.server_5 - INFO - Loading safetensors weights in parallel:  58%|█████▊    | 94/163 [00:15<00:03, 17.48it/s]
2026-07-24 19:14:35,723 - sflow.task.server_5 - INFO - 7:
2026-07-24 19:14:35,723 - sflow.task.server_5 - INFO - Loading safetensors weights in parallel:  58%|█████▊    | 95/163 [00:15<00:04, 16.61it/s]
2026-07-24 19:14:35,723 - sflow.task.server_5 - INFO - 1:
2026-07-24 19:14:35,723 - sflow.task.server_5 - INFO - Loading safetensors weights in parallel:  45%|████▌     | 74/163 [00:14<00:14,  6.07it/s]
2026-07-24 19:14:35,723 - sflow.task.server_5 - INFO - 5:
2026-07-24 19:14:35,723 - sflow.task.server_5 - INFO - Loading safetensors weights in parallel:  53%|█████▎    | 87/163 [00:15<00:05, 14.57it/s]
2026-07-24 19:14:35,723 - sflow.task.server_5 - INFO - 0: [07/24/2026-19:14:35] [TRT-LLM] [RANK 0] [I] Start to load safetensor file /home/mlperf_inference_storage/models/deepseek-r1/fp4-quantized-modelopt/deepseek_r1-torch-fp4/model-00108-of-000163.safetensors
2026-07-24 19:14:35,723 - sflow.task.server_5 - INFO - 0:
2026-07-24 19:14:35,723 - sflow.task.server_5 - INFO - Loading safetensors weights in parallel:  44%|████▎     | 71/163 [00:14<00:22,  4.06it/s]
2026-07-24 19:14:35,774 - sflow.task.server_5 - INFO - 2:
2026-07-24 19:14:35,774 - sflow.task.server_5 - INFO - Loading safetensors weights in parallel:  44%|████▍     | 72/163 [00:14<00:21,  4.27it/s]
2026-07-24 19:14:35,826 - sflow.task.server_5 - INFO - 5:
2026-07-24 19:14:35,826 - sflow.task.server_5 - INFO - Loading safetensors weights in parallel:  55%|█████▌    | 90/163 [00:15<00:04, 16.95it/s]
2026-07-24 19:14:35,826 - sflow.task.server_5 - INFO - 4:
2026-07-24 19:14:35,826 - sflow.task.server_5 - INFO - Loading safetensors weights in parallel:  58%|█████▊    | 95/163 [00:15<00:04, 15.99it/s]
2026-07-24 19:14:35,878 - sflow.task.server_5 - INFO - 0: [07/24/2026-19:14:35] [TRT-LLM] [RANK 0] [I] Start to load safetensor file /home/mlperf_inference_storage/models/deepseek-r1/fp4-quantized-modelopt/deepseek_r1-torch-fp4/model-00106-of-000163.safetensors
2026-07-24 19:14:35,878 - sflow.task.server_5 - INFO - 0: [07/24/2026-19:14:35] [TRT-LLM] [RANK 0] [I] Start to load safetensor file /home/mlperf_inference_storage/models/deepseek-r1/fp4-quantized-modelopt/deepseek_r1-torch-fp4/model-00097-of-000163.safetensors
2026-07-24 19:14:35,878 - sflow.task.server_5 - INFO - 3:
2026-07-24 19:14:35,878 - sflow.task.server_5 - INFO - Loading safetensors weights in parallel:  44%|████▍     | 72/163 [00:14<00:23,  3.94it/s]
2026-07-24 19:14:35,878 - sflow.task.server_5 - INFO - 0:
2026-07-24 19:14:35,878 - sflow.task.server_5 - INFO - Loading safetensors weights in parallel:  45%|████▍     | 73/163 [00:14<00:19,  4.63it/s]
2026-07-24 19:14:35,929 - sflow.task.server_5 - INFO - 1:
2026-07-24 19:14:35,929 - sflow.task.server_5 - INFO - Loading safetensors weights in parallel:  47%|████▋     | 76/163 [00:14<00:12,  7.08it/s]
2026-07-24 19:14:35,982 - sflow.task.server_5 - INFO - 2:
2026-07-24 19:14:35,982 - sflow.task.server_5 - INFO - Loading safetensors weights in parallel:  45%|████▌     | 74/163 [00:14<00:18,  4.92it/s]
2026-07-24 19:14:36,033 - sflow.task.server_5 - INFO - 3:
2026-07-24 19:14:36,033 - sflow.task.server_5 - INFO - Loading safetensors weights in parallel:  47%|████▋     | 76/163 [00:14<00:15,  5.70it/s]
2026-07-24 19:14:36,085 - sflow.task.server_5 - INFO - 2:
2026-07-24 19:14:36,085 - sflow.task.server_5 - INFO - Loading safetensors weights in parallel:  47%|████▋     | 76/163 [00:14<00:14,  5.88it/s]
2026-07-24 19:14:36,085 - sflow.task.server_5 - INFO - 4:
2026-07-24 19:14:36,085 - sflow.task.server_5 - INFO - Loading safetensors weights in parallel:  60%|██████    | 98/163 [00:15<00:04, 14.95it/s]
2026-07-24 19:14:36,085 - sflow.task.server_5 - INFO - 1:
2026-07-24 19:14:36,085 - sflow.task.server_5 - INFO - Loading safetensors weights in parallel:  48%|████▊     | 79/163 [00:14<00:09,  9.06it/s]
2026-07-24 19:14:36,136 - sflow.task.server_5 - INFO - 0: [07/24/2026-19:14:36] [TRT-LLM] [RANK 0] [I] Start to load safetensor file /home/mlperf_inference_storage/models/deepseek-r1/fp4-quantized-modelopt/deepseek_r1-torch-fp4/model-00116-of-000163.safetensors
2026-07-24 19:14:36,136 - sflow.task.server_5 - INFO - 5:
2026-07-24 19:14:36,136 - sflow.task.server_5 - INFO - Loading safetensors weights in parallel:  58%|█████▊    | 94/163 [00:15<00:04, 15.37it/s]
2026-07-24 19:14:36,136 - sflow.task.server_5 - INFO - 0: [07/24/2026-19:14:36] [TRT-LLM] [RANK 0] [I] Start to load safetensor file /home/mlperf_inference_storage/models/deepseek-r1/fp4-quantized-modelopt/deepseek_r1-torch-fp4/model-00076-of-000163.safetensors
2026-07-24 19:14:36,136 - sflow.task.server_5 - INFO - 0:
2026-07-24 19:14:36,136 - sflow.task.server_5 - INFO - Loading safetensors weights in parallel:  46%|████▌     | 75/163 [00:15<00:17,  5.04it/s]
2026-07-24 19:14:36,136 - sflow.task.server_5 - INFO - 3:
2026-07-24 19:14:36,136 - sflow.task.server_5 - INFO - Loading safetensors weights in parallel:  50%|█████     | 82/163 [00:15<00:08,  9.10it/s]
2026-07-24 19:14:36,136 - sflow.task.server_5 - INFO - 0: [07/24/2026-19:14:36] [TRT-LLM] [RANK 0] [I] Start to load safetensor file /home/mlperf_inference_storage/models/deepseek-r1/fp4-quantized-modelopt/deepseek_r1-torch-fp4/model-00008-of-000163.safetensors
2026-07-24 19:14:36,187 - sflow.task.server_5 - INFO - 0: [07/24/2026-19:14:36] [TRT-LLM] [RANK 0] [I] Start to load safetensor file /home/mlperf_inference_storage/models/deepseek-r1/fp4-quantized-modelopt/deepseek_r1-torch-fp4/model-00021-of-000163.safetensors
2026-07-24 19:14:36,187 - sflow.task.server_5 - INFO - 2:
2026-07-24 19:14:36,187 - sflow.task.server_5 - INFO - Loading safetensors weights in parallel:  48%|████▊     | 79/163 [00:15<00:10,  7.87it/s]
2026-07-24 19:14:36,238 - sflow.task.server_5 - INFO - 0: [07/24/2026-19:14:36] [TRT-LLM] [RANK 0] [I] Start to load safetensor file /home/mlperf_inference_storage/models/deepseek-r1/fp4-quantized-modelopt/deepseek_r1-torch-fp4/model-00068-of-000163.safetensors
2026-07-24 19:14:36,238 - sflow.task.server_5 - INFO - 6:
2026-07-24 19:14:36,238 - sflow.task.server_5 - INFO - Loading safetensors weights in parallel:  60%|██████    | 98/163 [00:15<00:05, 12.55it/s]
2026-07-24 19:14:36,238 - sflow.task.server_5 - INFO - 0:
2026-07-24 19:14:36,238 - sflow.task.server_5 - INFO - Loading safetensors weights in parallel:  48%|████▊     | 78/163 [00:15<00:12,  6.67it/s]
2026-07-24 19:14:36,289 - sflow.task.server_5 - INFO - 1:
2026-07-24 19:14:36,289 - sflow.task.server_5 - INFO - Loading safetensors weights in parallel:  50%|████▉     | 81/163 [00:15<00:08,  9.69it/s]
2026-07-24 19:14:36,289 - sflow.task.server_5 - INFO - 0: [07/24/2026-19:14:36] [TRT-LLM] [RANK 0] [I] Start to load safetensor file /home/mlperf_inference_storage/models/deepseek-r1/fp4-quantized-modelopt/deepseek_r1-torch-fp4/model-00037-of-000163.safetensors
2026-07-24 19:14:36,289 - sflow.task.server_5 - INFO - 0: [07/24/2026-19:14:36] [TRT-LLM] [RANK 0] [I] Start to load safetensor file /home/mlperf_inference_storage/models/deepseek-r1/fp4-quantized-modelopt/deepseek_r1-torch-fp4/model-00133-of-000163.safetensors
2026-07-24 19:14:36,289 - sflow.task.server_5 - INFO - 2:
2026-07-24 19:14:36,289 - sflow.task.server_5 - INFO - Loading safetensors weights in parallel:  50%|█████     | 82/163 [00:15<00:08, 10.03it/s]
2026-07-24 19:14:36,289 - sflow.task.server_5 - INFO - 0: [07/24/2026-19:14:36] [TRT-LLM] [RANK 0] [I] Start to load safetensor file /home/mlperf_inference_storage/models/deepseek-r1/fp4-quantized-modelopt/deepseek_r1-torch-fp4/model-00082-of-000163.safetensors
2026-07-24 19:14:36,340 - sflow.task.server_5 - INFO - 0: [07/24/2026-19:14:36] [TRT-LLM] [RANK 0] [I] Start to load safetensor file /home/mlperf_inference_storage/models/deepseek-r1/fp4-quantized-modelopt/deepseek_r1-torch-fp4/model-00092-of-000163.safetensors
2026-07-24 19:14:36,340 - sflow.task.server_5 - INFO - 3:
2026-07-24 19:14:36,341 - sflow.task.server_5 - INFO - Loading safetensors weights in parallel:  52%|█████▏    | 85/163 [00:15<00:07, 10.01it/s]
2026-07-24 19:14:36,341 - sflow.task.server_5 - INFO - 0:
2026-07-24 19:14:36,341 - sflow.task.server_5 - INFO - Loading safetensors weights in parallel:  50%|█████     | 82/163 [00:15<00:08,  9.48it/s]
2026-07-24 19:14:36,392 - sflow.task.server_5 - INFO - 0: [07/24/2026-19:14:36] [TRT-LLM] [RANK 0] [I] Start to load safetensor file /home/mlperf_inference_storage/models/deepseek-r1/fp4-quantized-modelopt/deepseek_r1-torch-fp4/model-00071-of-000163.safetensors
2026-07-24 19:14:36,392 - sflow.task.server_5 - INFO - 0: [07/24/2026-19:14:36] [TRT-LLM] [RANK 0] [I] Start to load safetensor file /home/mlperf_inference_storage/models/deepseek-r1/fp4-quantized-modelopt/deepseek_r1-torch-fp4/model-00063-of-000163.safetensors
2026-07-24 19:14:36,392 - sflow.task.server_5 - INFO - 1:
2026-07-24 19:14:36,392 - sflow.task.server_5 - INFO - Loading safetensors weights in parallel:  52%|█████▏    | 84/163 [00:15<00:06, 12.82it/s]
2026-07-24 19:14:36,392 - sflow.task.server_5 - INFO - 7:
2026-07-24 19:14:36,392 - sflow.task.server_5 - INFO - Loading safetensors weights in parallel:  61%|██████    | 99/163 [00:15<00:05, 11.40it/s]
2026-07-24 19:14:36,392 - sflow.task.server_5 - INFO - 0: [07/24/2026-19:14:36] [TRT-LLM] [RANK 0] [I] Start to load safetensor file /home/mlperf_inference_storage/models/deepseek-r1/fp4-quantized-modelopt/deepseek_r1-torch-fp4/model-00112-of-000163.safetensors
2026-07-24 19:14:36,444 - sflow.task.server_5 - INFO - 2:
2026-07-24 19:14:36,444 - sflow.task.server_5 - INFO - Loading safetensors weights in parallel:  53%|█████▎    | 86/163 [00:15<00:05, 13.65it/s]
2026-07-24 19:14:36,444 - sflow.task.server_5 - INFO - 0: [07/24/2026-19:14:36] [TRT-LLM] [RANK 0] [I] Start to load safetensor file /home/mlperf_inference_storage/models/deepseek-r1/fp4-quantized-modelopt/deepseek_r1-torch-fp4/model-00089-of-000163.safetensors
2026-07-24 19:14:36,444 - sflow.task.server_5 - INFO - 0: [07/24/2026-19:14:36] [TRT-LLM] [RANK 0] [I] Start to load safetensor file /home/mlperf_inference_storage/models/deepseek-r1/fp4-quantized-modelopt/deepseek_r1-torch-fp4/model-00047-of-000163.safetensors
2026-07-24 19:14:36,444 - sflow.task.server_5 - INFO - 0:
2026-07-24 19:14:36,444 - sflow.task.server_5 - INFO - Loading safetensors weights in parallel:  53%|█████▎    | 87/163 [00:15<00:05, 13.88it/s]
2026-07-24 19:14:36,496 - sflow.task.server_5 - INFO - 0: [07/24/2026-19:14:36] [TRT-LLM] [RANK 0] [I] Start to load safetensor file /home/mlperf_inference_storage/models/deepseek-r1/fp4-quantized-modelopt/deepseek_r1-torch-fp4/model-00090-of-000163.safetensors
2026-07-24 19:14:36,496 - sflow.task.server_5 - INFO - 3:
2026-07-24 19:14:36,496 - sflow.task.server_5 - INFO - Loading safetensors weights in parallel:  54%|█████▍    | 88/163 [00:15<00:06, 11.83it/s]
2026-07-24 19:14:36,496 - sflow.task.server_5 - INFO - 5:
2026-07-24 19:14:36,496 - sflow.task.server_5 - INFO - Loading safetensors weights in parallel:  60%|█████▉    | 97/163 [00:15<00:05, 12.77it/s]
2026-07-24 19:14:36,496 - sflow.task.server_5 - INFO - 0: [07/24/2026-19:14:36] [TRT-LLM] [RANK 0] [I] Start to load safetensor file /home/mlperf_inference_storage/models/deepseek-r1/fp4-quantized-modelopt/deepseek_r1-torch-fp4/model-00023-of-000163.safetensors
2026-07-24 19:14:36,496 - sflow.task.server_5 - INFO - 0: [07/24/2026-19:14:36] [TRT-LLM] [RANK 0] [I] Start to load safetensor file /home/mlperf_inference_storage/models/deepseek-r1/fp4-quantized-modelopt/deepseek_r1-torch-fp4/model-00011-of-000163.safetensors
2026-07-24 19:14:36,547 - sflow.task.server_5 - INFO - 1:
2026-07-24 19:14:36,547 - sflow.task.server_5 - INFO - Loading safetensors weights in parallel:  53%|█████▎    | 86/163 [00:15<00:05, 12.85it/s]
2026-07-24 19:14:36,547 - sflow.task.server_5 - INFO - 2:
2026-07-24 19:14:36,547 - sflow.task.server_5 - INFO - Loading safetensors weights in parallel:  55%|█████▌    | 90/163 [00:15<00:04, 17.34it/s]
2026-07-24 19:14:36,547 - sflow.task.server_5 - INFO - 0: [07/24/2026-19:14:36] [TRT-LLM] [RANK 0] [I] Start to load safetensor file /home/mlperf_inference_storage/models/deepseek-r1/fp4-quantized-modelopt/deepseek_r1-torch-fp4/model-00078-of-000163.safetensors
2026-07-24 19:14:36,547 - sflow.task.server_5 - INFO - 0:
2026-07-24 19:14:36,547 - sflow.task.server_5 - INFO - Loading safetensors weights in parallel:  56%|█████▌    | 91/163 [00:15<00:04, 17.25it/s]
2026-07-24 19:14:36,598 - sflow.task.server_5 - INFO - 0: [07/24/2026-19:14:36] [TRT-LLM] [RANK 0] [I] Start to load safetensor file /home/mlperf_inference_storage/models/deepseek-r1/fp4-quantized-modelopt/deepseek_r1-torch-fp4/model-00050-of-000163.safetensors
2026-07-24 19:14:36,650 - sflow.task.server_5 - INFO - 0: [07/24/2026-19:14:36] [TRT-LLM] [RANK 0] [I] Start to load safetensor file /home/mlperf_inference_storage/models/deepseek-r1/fp4-quantized-modelopt/deepseek_r1-torch-fp4/model-00113-of-000163.safetensors
2026-07-24 19:14:36,650 - sflow.task.server_5 - INFO - 1:
2026-07-24 19:14:36,650 - sflow.task.server_5 - INFO - Loading safetensors weights in parallel:  55%|█████▌    | 90/163 [00:15<00:04, 17.66it/s]
2026-07-24 19:14:36,650 - sflow.task.server_5 - INFO - 2:
2026-07-24 19:14:36,650 - sflow.task.server_5 - INFO - Loading safetensors weights in parallel:  58%|█████▊    | 94/163 [00:15<00:03, 20.54it/s]
2026-07-24 19:14:36,650 - sflow.task.server_5 - INFO - 3:
2026-07-24 19:14:36,650 - sflow.task.server_5 - INFO - Loading safetensors weights in parallel:  56%|█████▌    | 91/163 [00:15<00:05, 12.50it/s]
2026-07-24 19:14:36,702 - sflow.task.server_5 - INFO - 0: [07/24/2026-19:14:36] [TRT-LLM] [RANK 0] [I] Start to load safetensor file /home/mlperf_inference_storage/models/deepseek-r1/fp4-quantized-modelopt/deepseek_r1-torch-fp4/model-00130-of-000163.safetensors
2026-07-24 19:14:36,702 - sflow.task.server_5 - INFO - 0:
2026-07-24 19:14:36,702 - sflow.task.server_5 - INFO - Loading safetensors weights in parallel:  58%|█████▊    | 95/163 [00:15<00:03, 19.97it/s]
2026-07-24 19:14:36,702 - sflow.task.server_5 - INFO - 0: [07/24/2026-19:14:36] [TRT-LLM] [RANK 0] [I] Start to load safetensor file /home/mlperf_inference_storage/models/deepseek-r1/fp4-quantized-modelopt/deepseek_r1-torch-fp4/model-00020-of-000163.safetensors
2026-07-24 19:14:36,702 - sflow.task.server_5 - INFO - 0: [07/24/2026-19:14:36] [TRT-LLM] [RANK 0] [I] Start to load safetensor file /home/mlperf_inference_storage/models/deepseek-r1/fp4-quantized-modelopt/deepseek_r1-torch-fp4/model-00154-of-000163.safetensors
2026-07-24 19:14:36,702 - sflow.task.server_5 - INFO - 6:
2026-07-24 19:14:36,702 - sflow.task.server_5 - INFO - Loading safetensors weights in parallel:  62%|██████▏   | 101/163 [00:16<00:06, 10.24it/s]
2026-07-24 19:14:36,754 - sflow.task.server_5 - INFO - 0: [07/24/2026-19:14:36] [TRT-LLM] [RANK 0] [I] Start to load safetensor file /home/mlperf_inference_storage/models/deepseek-r1/fp4-quantized-modelopt/deepseek_r1-torch-fp4/model-00163-of-000163.safetensors
2026-07-24 19:14:36,754 - sflow.task.server_5 - INFO - 4:
2026-07-24 19:14:36,754 - sflow.task.server_5 - INFO - Loading safetensors weights in parallel:  62%|██████▏   | 101/163 [00:16<00:06,  9.11it/s]
2026-07-24 19:14:36,805 - sflow.task.server_5 - INFO - 3:
2026-07-24 19:14:36,805 - sflow.task.server_5 - INFO - Loading safetensors weights in parallel:  58%|█████▊    | 95/163 [00:15<00:04, 15.09it/s]
2026-07-24 19:14:36,855 - sflow.task.server_5 - INFO - 0: [07/24/2026-19:14:36] [TRT-LLM] [RANK 0] [I] Start to load safetensor file /home/mlperf_inference_storage/models/deepseek-r1/fp4-quantized-modelopt/deepseek_r1-torch-fp4/model-00131-of-000163.safetensors
2026-07-24 19:14:36,856 - sflow.task.server_5 - INFO - 2:
2026-07-24 19:14:36,856 - sflow.task.server_5 - INFO - Loading safetensors weights in parallel:  60%|█████▉    | 97/163 [00:15<00:03, 18.85it/s]
2026-07-24 19:14:36,957 - sflow.task.server_5 - INFO - 1:
2026-07-24 19:14:36,957 - sflow.task.server_5 - INFO - Loading safetensors weights in parallel:  57%|█████▋    | 93/163 [00:15<00:04, 14.19it/s]
2026-07-24 19:14:37,059 - sflow.task.server_5 - INFO - 7:
2026-07-24 19:14:37,059 - sflow.task.server_5 - INFO - Loading safetensors weights in parallel:  63%|██████▎   | 102/163 [00:16<00:07,  8.55it/s]
2026-07-24 19:14:37,161 - sflow.task.server_5 - INFO - 3:
2026-07-24 19:14:37,161 - sflow.task.server_5 - INFO - Loading safetensors weights in parallel:  60%|██████    | 98/163 [00:16<00:05, 12.50it/s]
2026-07-24 19:14:37,212 - sflow.task.server_5 - INFO - 5:
2026-07-24 19:14:37,212 - sflow.task.server_5 - INFO - Loading safetensors weights in parallel:  61%|██████    | 99/163 [00:16<00:08,  7.15it/s]
2026-07-24 19:14:37,315 - sflow.task.server_5 - INFO - 1:
2026-07-24 19:14:37,315 - sflow.task.server_5 - INFO - Loading safetensors weights in parallel:  58%|█████▊    | 95/163 [00:16<00:06, 10.30it/s]
2026-07-24 19:14:37,417 - sflow.task.server_5 - INFO - 5:
2026-07-24 19:14:37,417 - sflow.task.server_5 - INFO - Loading safetensors weights in parallel:  62%|██████▏   | 101/163 [00:16<00:07,  7.84it/s]
2026-07-24 19:14:37,417 - sflow.task.server_5 - INFO - 0: [07/24/2026-19:14:37] [TRT-LLM] [RANK 0] [I] Start to load safetensor file /home/mlperf_inference_storage/models/deepseek-r1/fp4-quantized-modelopt/deepseek_r1-torch-fp4/model-00077-of-000163.safetensors
2026-07-24 19:14:37,417 - sflow.task.server_5 - INFO - 0:
2026-07-24 19:14:37,417 - sflow.task.server_5 - INFO - Loading safetensors weights in parallel:  61%|██████    | 99/163 [00:16<00:05, 11.26it/s]
2026-07-24 19:14:37,519 - sflow.task.server_5 - INFO - 0: [07/24/2026-19:14:37] [TRT-LLM] [RANK 0] [I] Start to load safetensor file /home/mlperf_inference_storage/models/deepseek-r1/fp4-quantized-modelopt/deepseek_r1-torch-fp4/model-00019-of-000163.safetensors
2026-07-24 19:14:37,570 - sflow.task.server_5 - INFO - 1:
2026-07-24 19:14:37,570 - sflow.task.server_5 - INFO - Loading safetensors weights in parallel:  60%|█████▉    | 97/163 [00:16<00:06,  9.61it/s]
2026-07-24 19:14:37,622 - sflow.task.server_5 - INFO - 4:
2026-07-24 19:14:37,622 - sflow.task.server_5 - INFO - Loading safetensors weights in parallel:  63%|██████▎   | 103/163 [00:16<00:10,  5.71it/s]
2026-07-24 19:14:37,673 - sflow.task.server_5 - INFO - 2:
2026-07-24 19:14:37,673 - sflow.task.server_5 - INFO - Loading safetensors weights in parallel:  61%|██████▏   | 100/163 [00:16<00:07,  8.87it/s]
2026-07-24 19:14:37,673 - sflow.task.server_5 - INFO - 3:
2026-07-24 19:14:37,673 - sflow.task.server_5 - INFO - Loading safetensors weights in parallel:  61%|██████▏   | 100/163 [00:16<00:07,  8.70it/s]
2026-07-24 19:14:37,928 - sflow.task.server_5 - INFO - 5:
2026-07-24 19:14:37,928 - sflow.task.server_5 - INFO - Loading safetensors weights in parallel:  63%|██████▎   | 103/163 [00:17<00:09,  6.31it/s]
2026-07-24 19:14:37,928 - sflow.task.server_5 - INFO - 0: [07/24/2026-19:14:37] [TRT-LLM] [RANK 0] [I] Start to load safetensor file /home/mlperf_inference_storage/models/deepseek-r1/fp4-quantized-modelopt/deepseek_r1-torch-fp4/model-00120-of-000163.safetensors
2026-07-24 19:14:37,979 - sflow.task.server_5 - INFO - 1:
2026-07-24 19:14:37,979 - sflow.task.server_5 - INFO - Loading safetensors weights in parallel:  61%|██████    | 99/163 [00:16<00:08,  7.59it/s]
2026-07-24 19:14:38,031 - sflow.task.server_5 - INFO - 2:
2026-07-24 19:14:38,031 - sflow.task.server_5 - INFO - Loading safetensors weights in parallel:  63%|██████▎   | 102/163 [00:16<00:07,  7.75it/s]
2026-07-24 19:14:38,133 - sflow.task.server_5 - INFO - 6:
2026-07-24 19:14:38,133 - sflow.task.server_5 - INFO - Loading safetensors weights in parallel:  63%|██████▎   | 103/163 [00:17<00:12,  4.86it/s]
2026-07-24 19:14:38,235 - sflow.task.server_5 - INFO - 7:
2026-07-24 19:14:38,235 - sflow.task.server_5 - INFO - Loading safetensors weights in parallel:  64%|██████▍   | 104/163 [00:17<00:11,  5.15it/s]
2026-07-24 19:14:38,235 - sflow.task.server_5 - INFO - 3:
2026-07-24 19:14:38,235 - sflow.task.server_5 - INFO - Loading safetensors weights in parallel:  63%|██████▎   | 102/163 [00:17<00:09,  6.68it/s]
2026-07-24 19:14:38,235 - sflow.task.server_5 - INFO - 0: [07/24/2026-19:14:38] [TRT-LLM] [RANK 0] [I] Start to load safetensor file /home/mlperf_inference_storage/models/deepseek-r1/fp4-quantized-modelopt/deepseek_r1-torch-fp4/model-00055-of-000163.safetensors
2026-07-24 19:14:38,235 - sflow.task.server_5 - INFO - 0:
2026-07-24 19:14:38,235 - sflow.task.server_5 - INFO - Loading safetensors weights in parallel:  63%|██████▎   | 102/163 [00:17<00:08,  7.30it/s]
2026-07-24 19:14:38,337 - sflow.task.server_5 - INFO - 1:
2026-07-24 19:14:38,337 - sflow.task.server_5 - INFO - Loading safetensors weights in parallel:  62%|██████▏   | 101/163 [00:17<00:08,  6.95it/s]
2026-07-24 19:14:38,490 - sflow.task.server_5 - INFO - 5:
2026-07-24 19:14:38,490 - sflow.task.server_5 - INFO - Loading safetensors weights in parallel:  64%|██████▍   | 105/163 [00:17<00:11,  5.25it/s]
2026-07-24 19:14:38,643 - sflow.task.server_5 - INFO - 4:
2026-07-24 19:14:38,643 - sflow.task.server_5 - INFO - Loading safetensors weights in parallel:  64%|██████▍   | 105/163 [00:18<00:14,  3.95it/s]
2026-07-24 19:14:38,643 - sflow.task.server_5 - INFO - 6:
2026-07-24 19:14:38,643 - sflow.task.server_5 - INFO - Loading safetensors weights in parallel:  64%|██████▍   | 105/163 [00:18<00:12,  4.60it/s]
2026-07-24 19:14:38,643 - sflow.task.server_5 - INFO - 5:
2026-07-24 19:14:38,643 - sflow.task.server_5 - INFO - Loading safetensors weights in parallel:  65%|██████▌   | 106/163 [00:18<00:10,  5.28it/s]
2026-07-24 19:14:38,746 - sflow.task.server_5 - INFO - 4:
2026-07-24 19:14:38,746 - sflow.task.server_5 - INFO - Loading safetensors weights in parallel:  66%|██████▌   | 107/163 [00:18<00:11,  4.89it/s]
2026-07-24 19:14:38,797 - sflow.task.server_5 - INFO - 7:
2026-07-24 19:14:38,797 - sflow.task.server_5 - INFO - Loading safetensors weights in parallel:  65%|██████▌   | 106/163 [00:18<00:12,  4.68it/s]
2026-07-24 19:14:38,849 - sflow.task.server_5 - INFO - 6:
2026-07-24 19:14:38,849 - sflow.task.server_5 - INFO - Loading safetensors weights in parallel:  66%|██████▌   | 107/163 [00:18<00:10,  5.20it/s]
2026-07-24 19:14:38,849 - sflow.task.server_5 - INFO - 5:
2026-07-24 19:14:38,849 - sflow.task.server_5 - INFO - Loading safetensors weights in parallel:  67%|██████▋   | 109/163 [00:18<00:07,  7.05it/s]
2026-07-24 19:14:38,900 - sflow.task.server_5 - INFO - 4:
2026-07-24 19:14:38,900 - sflow.task.server_5 - INFO - Loading safetensors weights in parallel:  67%|██████▋   | 110/163 [00:18<00:07,  6.63it/s]
2026-07-24 19:14:38,900 - sflow.task.server_5 - INFO - 0: [07/24/2026-19:14:38] [TRT-LLM] [RANK 0] [I] Start to load safetensor file /home/mlperf_inference_storage/models/deepseek-r1/fp4-quantized-modelopt/deepseek_r1-torch-fp4/model-00016-of-000163.safetensors
2026-07-24 19:14:38,951 - sflow.task.server_5 - INFO - 0: [07/24/2026-19:14:38] [TRT-LLM] [RANK 0] [I] Start to load safetensor file /home/mlperf_inference_storage/models/deepseek-r1/fp4-quantized-modelopt/deepseek_r1-torch-fp4/model-00109-of-000163.safetensors
2026-07-24 19:14:38,951 - sflow.task.server_5 - INFO - 0:
2026-07-24 19:14:38,951 - sflow.task.server_5 - INFO - Loading safetensors weights in parallel:  64%|██████▍   | 104/163 [00:17<00:10,  5.73it/s]
2026-07-24 19:14:38,951 - sflow.task.server_5 - INFO - 7:
2026-07-24 19:14:38,951 - sflow.task.server_5 - INFO - Loading safetensors weights in parallel:  66%|██████▋   | 108/163 [00:18<00:09,  5.52it/s]
2026-07-24 19:14:39,002 - sflow.task.server_5 - INFO - 1:
2026-07-24 19:14:39,002 - sflow.task.server_5 - INFO - Loading safetensors weights in parallel:  63%|██████▎   | 103/163 [00:17<00:11,  5.13it/s]
2026-07-24 19:14:39,002 - sflow.task.server_5 - INFO - 4:
2026-07-24 19:14:39,002 - sflow.task.server_5 - INFO - Loading safetensors weights in parallel:  69%|██████▉   | 113/163 [00:18<00:05,  8.84it/s]
2026-07-24 19:14:39,054 - sflow.task.server_5 - INFO - 6:
2026-07-24 19:14:39,054 - sflow.task.server_5 - INFO - Loading safetensors weights in parallel:  68%|██████▊   | 111/163 [00:18<00:06,  7.48it/s]
2026-07-24 19:14:39,054 - sflow.task.server_5 - INFO - 5:
2026-07-24 19:14:39,054 - sflow.task.server_5 - INFO - Loading safetensors weights in parallel:  68%|██████▊   | 111/163 [00:18<00:06,  7.81it/s]
2026-07-24 19:14:39,054 - sflow.task.server_5 - INFO - 7:
2026-07-24 19:14:39,054 - sflow.task.server_5 - INFO - Loading safetensors weights in parallel:  68%|██████▊   | 111/163 [00:18<00:07,  7.41it/s]
2026-07-24 19:14:39,054 - sflow.task.server_5 - INFO - 2:
2026-07-24 19:14:39,054 - sflow.task.server_5 - INFO - Loading safetensors weights in parallel:  64%|██████▍   | 104/163 [00:17<00:12,  4.62it/s]
2026-07-24 19:14:39,156 - sflow.task.server_5 - INFO - 4:
2026-07-24 19:14:39,156 - sflow.task.server_5 - INFO - Loading safetensors weights in parallel:  71%|███████   | 115/163 [00:18<00:04,  9.88it/s]
2026-07-24 19:14:39,156 - sflow.task.server_5 - INFO - 6:
2026-07-24 19:14:39,156 - sflow.task.server_5 - INFO - Loading safetensors weights in parallel:  70%|██████▉   | 114/163 [00:18<00:05,  9.57it/s]
2026-07-24 19:14:39,156 - sflow.task.server_5 - INFO - 5:
2026-07-24 19:14:39,156 - sflow.task.server_5 - INFO - Loading safetensors weights in parallel:  69%|██████▊   | 112/163 [00:18<00:06,  8.06it/s]
2026-07-24 19:14:39,156 - sflow.task.server_5 - INFO - 7:
2026-07-24 19:14:39,156 - sflow.task.server_5 - INFO - Loading safetensors weights in parallel:  71%|███████   | 115/163 [00:18<00:04, 10.64it/s]
2026-07-24 19:14:39,258 - sflow.task.server_5 - INFO - 6:
2026-07-24 19:14:39,258 - sflow.task.server_5 - INFO - Loading safetensors weights in parallel:  73%|███████▎  | 119/163 [00:18<00:03, 14.21it/s]
2026-07-24 19:14:39,258 - sflow.task.server_5 - INFO - 3:
2026-07-24 19:14:39,258 - sflow.task.server_5 - INFO - Loading safetensors weights in parallel:  64%|██████▍   | 104/163 [00:18<00:13,  4.23it/s]
2026-07-24 19:14:39,258 - sflow.task.server_5 - INFO - 5:
2026-07-24 19:14:39,258 - sflow.task.server_5 - INFO - Loading safetensors weights in parallel:  69%|██████▉   | 113/163 [00:18<00:06,  8.32it/s]
2026-07-24 19:14:39,258 - sflow.task.server_5 - INFO - 4:
2026-07-24 19:14:39,258 - sflow.task.server_5 - INFO - Loading safetensors weights in parallel:  73%|███████▎  | 119/163 [00:18<00:03, 13.67it/s]
2026-07-24 19:14:39,258 - sflow.task.server_5 - INFO - 7:
2026-07-24 19:14:39,258 - sflow.task.server_5 - INFO - Loading safetensors weights in parallel:  73%|███████▎  | 119/163 [00:18<00:03, 14.09it/s]
2026-07-24 19:14:39,309 - sflow.task.server_5 - INFO - 1:
2026-07-24 19:14:39,309 - sflow.task.server_5 - INFO - Loading safetensors weights in parallel:  64%|██████▍   | 104/163 [00:18<00:12,  4.72it/s]
2026-07-24 19:14:39,360 - sflow.task.server_5 - INFO - 6:
2026-07-24 19:14:39,360 - sflow.task.server_5 - INFO - Loading safetensors weights in parallel:  76%|███████▌  | 124/163 [00:18<00:02, 18.79it/s]
2026-07-24 19:14:39,360 - sflow.task.server_5 - INFO - 7:
2026-07-24 19:14:39,360 - sflow.task.server_5 - INFO - Loading safetensors weights in parallel:  77%|███████▋  | 125/163 [00:18<00:01, 20.80it/s]
2026-07-24 19:14:39,412 - sflow.task.server_5 - INFO - 4:
2026-07-24 19:14:39,412 - sflow.task.server_5 - INFO - Loading safetensors weights in parallel:  75%|███████▍  | 122/163 [00:18<00:02, 15.70it/s]
2026-07-24 19:14:39,412 - sflow.task.server_5 - INFO - 5:
2026-07-24 19:14:39,412 - sflow.task.server_5 - INFO - Loading safetensors weights in parallel:  73%|███████▎  | 119/163 [00:18<00:02, 16.43it/s]
2026-07-24 19:14:39,565 - sflow.task.server_5 - INFO - 1:
2026-07-24 19:14:39,565 - sflow.task.server_5 - INFO - Loading safetensors weights in parallel:  65%|██████▌   | 106/163 [00:18<00:10,  5.29it/s]
2026-07-24 19:14:39,616 - sflow.task.server_5 - INFO - 0: [07/24/2026-19:14:39] [TRT-LLM] [RANK 0] [I] Start to load safetensor file /home/mlperf_inference_storage/models/deepseek-r1/fp4-quantized-modelopt/deepseek_r1-torch-fp4/model-00005-of-000163.safetensors
2026-07-24 19:14:39,667 - sflow.task.server_5 - INFO - 3:
2026-07-24 19:14:39,668 - sflow.task.server_5 - INFO - Loading safetensors weights in parallel:  64%|██████▍   | 105/163 [00:18<00:15,  3.77it/s]
2026-07-24 19:14:39,719 - sflow.task.server_5 - INFO - 0: [07/24/2026-19:14:39] [TRT-LLM] [RANK 0] [I] Start to load safetensor file /home/mlperf_inference_storage/models/deepseek-r1/fp4-quantized-modelopt/deepseek_r1-torch-fp4/model-00040-of-000163.safetensors
2026-07-24 19:14:39,719 - sflow.task.server_5 - INFO - 0:
2026-07-24 19:14:39,719 - sflow.task.server_5 - INFO - Loading safetensors weights in parallel:  65%|██████▌   | 106/163 [00:18<00:12,  4.46it/s]
2026-07-24 19:14:39,770 - sflow.task.server_5 - INFO - 1:
2026-07-24 19:14:39,770 - sflow.task.server_5 - INFO - Loading safetensors weights in parallel:  66%|██████▋   | 108/163 [00:18<00:08,  6.31it/s]
2026-07-24 19:14:39,770 - sflow.task.server_5 - INFO - 0: [07/24/2026-19:14:39] [TRT-LLM] [RANK 0] [I] Start to load safetensor file /home/mlperf_inference_storage/models/deepseek-r1/fp4-quantized-modelopt/deepseek_r1-torch-fp4/model-00099-of-000163.safetensors
2026-07-24 19:14:39,821 - sflow.task.server_5 - INFO - 3:
2026-07-24 19:14:39,821 - sflow.task.server_5 - INFO - Loading safetensors weights in parallel:  65%|██████▌   | 106/163 [00:18<00:13,  4.17it/s]
2026-07-24 19:14:39,821 - sflow.task.server_5 - INFO - 2:
2026-07-24 19:14:39,821 - sflow.task.server_5 - INFO - Loading safetensors weights in parallel:  65%|██████▌   | 106/163 [00:18<00:14,  3.92it/s]
2026-07-24 19:14:39,873 - sflow.task.server_5 - INFO - 1:
2026-07-24 19:14:39,873 - sflow.task.server_5 - INFO - Loading safetensors weights in parallel:  67%|██████▋   | 110/163 [00:18<00:06,  7.86it/s]
2026-07-24 19:14:39,924 - sflow.task.server_5 - INFO - 3:
2026-07-24 19:14:39,924 - sflow.task.server_5 - INFO - Loading safetensors weights in parallel:  66%|██████▋   | 108/163 [00:18<00:09,  5.64it/s]
2026-07-24 19:14:39,924 - sflow.task.server_5 - INFO - 6:
2026-07-24 19:14:39,924 - sflow.task.server_5 - INFO - Loading safetensors weights in parallel:  79%|███████▊  | 128/163 [00:19<00:02, 12.40it/s]
2026-07-24 19:14:39,975 - sflow.task.server_5 - INFO - 2:
2026-07-24 19:14:39,975 - sflow.task.server_5 - INFO - Loading safetensors weights in parallel:  66%|██████▋   | 108/163 [00:18<00:11,  4.81it/s]
2026-07-24 19:14:40,026 - sflow.task.server_5 - INFO - 7:
2026-07-24 19:14:40,026 - sflow.task.server_5 - INFO - Loading safetensors weights in parallel:  79%|███████▉  | 129/163 [00:19<00:02, 12.45it/s]
2026-07-24 19:14:40,026 - sflow.task.server_5 - INFO - 3:
2026-07-24 19:14:40,026 - sflow.task.server_5 - INFO - Loading safetensors weights in parallel:  69%|██████▉   | 113/163 [00:18<00:04, 10.81it/s]
2026-07-24 19:14:40,026 - sflow.task.server_5 - INFO - 0: [07/24/2026-19:14:39] [TRT-LLM] [RANK 0] [I] Start to load safetensor file /home/mlperf_inference_storage/models/deepseek-r1/fp4-quantized-modelopt/deepseek_r1-torch-fp4/model-00153-of-000163.safetensors
2026-07-24 19:14:40,026 - sflow.task.server_5 - INFO - 0:
2026-07-24 19:14:40,026 - sflow.task.server_5 - INFO - Loading safetensors weights in parallel:  66%|██████▋   | 108/163 [00:18<00:11,  4.91it/s]
2026-07-24 19:14:40,026 - sflow.task.server_5 - INFO - 1:
2026-07-24 19:14:40,026 - sflow.task.server_5 - INFO - Loading safetensors weights in parallel:  69%|██████▊   | 112/163 [00:18<00:05,  9.00it/s]
2026-07-24 19:14:40,026 - sflow.task.server_5 - INFO - 0: [07/24/2026-19:14:40] [TRT-LLM] [RANK 0] [I] Start to load safetensor file /home/mlperf_inference_storage/models/deepseek-r1/fp4-quantized-modelopt/deepseek_r1-torch-fp4/model-00121-of-000163.safetensors
2026-07-24 19:14:40,077 - sflow.task.server_5 - INFO - 5:
2026-07-24 19:14:40,077 - sflow.task.server_5 - INFO - Loading safetensors weights in parallel:  75%|███████▍  | 122/163 [00:19<00:04,  8.79it/s]
2026-07-24 19:14:40,129 - sflow.task.server_5 - INFO - 0: [07/24/2026-19:14:40] [TRT-LLM] [RANK 0] [I] Start to load safetensor file /home/mlperf_inference_storage/models/deepseek-r1/fp4-quantized-modelopt/deepseek_r1-torch-fp4/model-00010-of-000163.safetensors
2026-07-24 19:14:40,129 - sflow.task.server_5 - INFO - 0: [07/24/2026-19:14:40] [TRT-LLM] [RANK 0] [I] Start to load safetensor file /home/mlperf_inference_storage/models/deepseek-r1/fp4-quantized-modelopt/deepseek_r1-torch-fp4/model-00140-of-000163.safetensors
2026-07-24 19:14:40,129 - sflow.task.server_5 - INFO - 0:
2026-07-24 19:14:40,129 - sflow.task.server_5 - INFO - Loading safetensors weights in parallel:  68%|██████▊   | 111/163 [00:19<00:07,  6.80it/s]
2026-07-24 19:14:40,129 - sflow.task.server_5 - INFO - 2:
2026-07-24 19:14:40,129 - sflow.task.server_5 - INFO - Loading safetensors weights in parallel:  69%|██████▊   | 112/163 [00:19<00:06,  7.41it/s]
2026-07-24 19:14:40,180 - sflow.task.server_5 - INFO - 0: [07/24/2026-19:14:40] [TRT-LLM] [RANK 0] [I] Start to load safetensor file /home/mlperf_inference_storage/models/deepseek-r1/fp4-quantized-modelopt/deepseek_r1-torch-fp4/model-00135-of-000163.safetensors
2026-07-24 19:14:40,180 - sflow.task.server_5 - INFO - 3:
2026-07-24 19:14:40,180 - sflow.task.server_5 - INFO - Loading safetensors weights in parallel:  71%|███████   | 116/163 [00:19<00:03, 12.23it/s]
2026-07-24 19:14:40,231 - sflow.task.server_5 - INFO - 4:
2026-07-24 19:14:40,231 - sflow.task.server_5 - INFO - Loading safetensors weights in parallel:  77%|███████▋  | 125/163 [00:19<00:04,  7.79it/s]
2026-07-24 19:14:40,231 - sflow.task.server_5 - INFO - 0: [07/24/2026-19:14:40] [TRT-LLM] [RANK 0] [I] Start to load safetensor file /home/mlperf_inference_storage/models/deepseek-r1/fp4-quantized-modelopt/deepseek_r1-torch-fp4/model-00122-of-000163.safetensors
2026-07-24 19:14:40,231 - sflow.task.server_5 - INFO - 2:
2026-07-24 19:14:40,231 - sflow.task.server_5 - INFO - Loading safetensors weights in parallel:  71%|███████   | 115/163 [00:19<00:04,  9.62it/s]
2026-07-24 19:14:40,231 - sflow.task.server_5 - INFO - 0:
2026-07-24 19:14:40,231 - sflow.task.server_5 - INFO - Loading safetensors weights in parallel:  69%|██████▉   | 113/163 [00:19<00:06,  7.98it/s]
2026-07-24 19:14:40,231 - sflow.task.server_5 - INFO - 0: [07/24/2026-19:14:40] [TRT-LLM] [RANK 0] [I] Start to load safetensor file /home/mlperf_inference_storage/models/deepseek-r1/fp4-quantized-modelopt/deepseek_r1-torch-fp4/model-00142-of-000163.safetensors
2026-07-24 19:14:40,282 - sflow.task.server_5 - INFO - 0: [07/24/2026-19:14:40] [TRT-LLM] [RANK 0] [I] Start to load safetensor file /home/mlperf_inference_storage/models/deepseek-r1/fp4-quantized-modelopt/deepseek_r1-torch-fp4/model-00049-of-000163.safetensors
2026-07-24 19:14:40,283 - sflow.task.server_5 - INFO - 5:
2026-07-24 19:14:40,283 - sflow.task.server_5 - INFO - Loading safetensors weights in parallel:  77%|███████▋  | 125/163 [00:19<00:03, 10.37it/s]
2026-07-24 19:14:40,283 - sflow.task.server_5 - INFO - 1:
2026-07-24 19:14:40,283 - sflow.task.server_5 - INFO - Loading safetensors weights in parallel:  71%|███████   | 115/163 [00:19<00:04,  9.94it/s]
2026-07-24 19:14:40,283 - sflow.task.server_5 - INFO - 0: [07/24/2026-19:14:40] [TRT-LLM] [RANK 0] [I] Start to load safetensor file /home/mlperf_inference_storage/models/deepseek-r1/fp4-quantized-modelopt/deepseek_r1-torch-fp4/model-00062-of-000163.safetensors
2026-07-24 19:14:40,334 - sflow.task.server_5 - INFO - 0: [07/24/2026-19:14:40] [TRT-LLM] [RANK 0] [I] Start to load safetensor file /home/mlperf_inference_storage/models/deepseek-r1/fp4-quantized-modelopt/deepseek_r1-torch-fp4/model-00107-of-000163.safetensors
2026-07-24 19:14:40,334 - sflow.task.server_5 - INFO - 0: [07/24/2026-19:14:40] [TRT-LLM] [RANK 0] [I] Start to load safetensor file /home/mlperf_inference_storage/models/deepseek-r1/fp4-quantized-modelopt/deepseek_r1-torch-fp4/model-00134-of-000163.safetensors
2026-07-24 19:14:40,334 - sflow.task.server_5 - INFO - 0:
2026-07-24 19:14:40,334 - sflow.task.server_5 - INFO - Loading safetensors weights in parallel:  72%|███████▏  | 118/163 [00:19<00:03, 12.91it/s]
2026-07-24 19:14:40,334 - sflow.task.server_5 - INFO - 3:
2026-07-24 19:14:40,334 - sflow.task.server_5 - INFO - Loading safetensors weights in parallel:  73%|███████▎  | 119/163 [00:19<00:03, 13.52it/s]
2026-07-24 19:14:40,334 - sflow.task.server_5 - INFO - 2:
2026-07-24 19:14:40,334 - sflow.task.server_5 - INFO - Loading safetensors weights in parallel:  73%|███████▎  | 119/163 [00:19<00:03, 12.98it/s]
2026-07-24 19:14:40,385 - sflow.task.server_5 - INFO - 0: [07/24/2026-19:14:40] [TRT-LLM] [RANK 0] [I] Start to load safetensor file /home/mlperf_inference_storage/models/deepseek-r1/fp4-quantized-modelopt/deepseek_r1-torch-fp4/model-00105-of-000163.safetensors
2026-07-24 19:14:40,385 - sflow.task.server_5 - INFO - 5:
2026-07-24 19:14:40,385 - sflow.task.server_5 - INFO - Loading safetensors weights in parallel:  78%|███████▊  | 127/163 [00:19<00:03, 11.58it/s]
2026-07-24 19:14:40,385 - sflow.task.server_5 - INFO - 4:
2026-07-24 19:14:40,385 - sflow.task.server_5 - INFO - Loading safetensors weights in parallel:  79%|███████▊  | 128/163 [00:19<00:03,  9.47it/s]
2026-07-24 19:14:40,385 - sflow.task.server_5 - INFO - 0: [07/24/2026-19:14:40] [TRT-LLM] [RANK 0] [I] Start to load safetensor file /home/mlperf_inference_storage/models/deepseek-r1/fp4-quantized-modelopt/deepseek_r1-torch-fp4/model-00162-of-000163.safetensors
2026-07-24 19:14:40,436 - sflow.task.server_5 - INFO - 3:
2026-07-24 19:14:40,436 - sflow.task.server_5 - INFO - Loading safetensors weights in parallel:  74%|███████▍  | 121/163 [00:19<00:02, 14.55it/s]
2026-07-24 19:14:40,436 - sflow.task.server_5 - INFO - 0: [07/24/2026-19:14:40] [TRT-LLM] [RANK 0] [I] Start to load safetensor file /home/mlperf_inference_storage/models/deepseek-r1/fp4-quantized-modelopt/deepseek_r1-torch-fp4/model-00149-of-000163.safetensors
2026-07-24 19:14:40,488 - sflow.task.server_5 - INFO - 0:
2026-07-24 19:14:40,488 - sflow.task.server_5 - INFO - Loading safetensors weights in parallel:  74%|███████▍  | 121/163 [00:19<00:02, 14.85it/s]
2026-07-24 19:14:40,488 - sflow.task.server_5 - INFO - 0: [07/24/2026-19:14:40] [TRT-LLM] [RANK 0] [I] Start to load safetensor file /home/mlperf_inference_storage/models/deepseek-r1/fp4-quantized-modelopt/deepseek_r1-torch-fp4/model-00009-of-000163.safetensors
2026-07-24 19:14:40,488 - sflow.task.server_5 - INFO - 0: [07/24/2026-19:14:40] [TRT-LLM] [RANK 0] [I] Start to load safetensor file /home/mlperf_inference_storage/models/deepseek-r1/fp4-quantized-modelopt/deepseek_r1-torch-fp4/model-00161-of-000163.safetensors
2026-07-24 19:14:40,489 - sflow.task.server_5 - INFO - 4:
2026-07-24 19:14:40,489 - sflow.task.server_5 - INFO - Loading safetensors weights in parallel:  80%|███████▉  | 130/163 [00:19<00:03, 10.39it/s]
2026-07-24 19:14:40,489 - sflow.task.server_5 - INFO - 2:
2026-07-24 19:14:40,489 - sflow.task.server_5 - INFO - Loading safetensors weights in parallel:  75%|███████▍  | 122/163 [00:19<00:02, 14.32it/s]
2026-07-24 19:14:40,540 - sflow.task.server_5 - INFO - 1:
2026-07-24 19:14:40,540 - sflow.task.server_5 - INFO - Loading safetensors weights in parallel:  72%|███████▏  | 117/163 [00:19<00:05,  9.15it/s]
2026-07-24 19:14:40,540 - sflow.task.server_5 - INFO - 0: [07/24/2026-19:14:40] [TRT-LLM] [RANK 0] [I] Start to load safetensor file /home/mlperf_inference_storage/models/deepseek-r1/fp4-quantized-modelopt/deepseek_r1-torch-fp4/model-00143-of-000163.safetensors
2026-07-24 19:14:40,591 - sflow.task.server_5 - INFO - 0: [07/24/2026-19:14:40] [TRT-LLM] [RANK 0] [I] Start to load safetensor file /home/mlperf_inference_storage/models/deepseek-r1/fp4-quantized-modelopt/deepseek_r1-torch-fp4/model-00030-of-000163.safetensors
2026-07-24 19:14:40,591 - sflow.task.server_5 - INFO - 0: [07/24/2026-19:14:40] [TRT-LLM] [RANK 0] [I] Start to load safetensor file /home/mlperf_inference_storage/models/deepseek-r1/fp4-quantized-modelopt/deepseek_r1-torch-fp4/model-00075-of-000163.safetensors
2026-07-24 19:14:40,591 - sflow.task.server_5 - INFO - 0: [07/24/2026-19:14:40] [TRT-LLM] [RANK 0] [I] Start to load safetensor file /home/mlperf_inference_storage/models/deepseek-r1/fp4-quantized-modelopt/deepseek_r1-torch-fp4/model-00115-of-000163.safetensors
2026-07-24 19:14:40,591 - sflow.task.server_5 - INFO - 5:
2026-07-24 19:14:40,591 - sflow.task.server_5 - INFO - Loading safetensors weights in parallel:  79%|███████▉  | 129/163 [00:19<00:03, 10.65it/s]
2026-07-24 19:14:40,591 - sflow.task.server_5 - INFO - 0:
2026-07-24 19:14:40,591 - sflow.task.server_5 - INFO - Loading safetensors weights in parallel:  77%|███████▋  | 126/163 [00:19<00:01, 19.25it/s]
2026-07-24 19:14:40,745 - sflow.task.server_5 - INFO - 1:
2026-07-24 19:14:40,745 - sflow.task.server_5 - INFO - Loading safetensors weights in parallel:  74%|███████▍  | 121/163 [00:19<00:03, 12.36it/s]
2026-07-24 19:14:40,797 - sflow.task.server_5 - INFO - 6:
2026-07-24 19:14:40,797 - sflow.task.server_5 - INFO - Loading safetensors weights in parallel:  80%|████████  | 131/163 [00:20<00:04,  7.70it/s]
2026-07-24 19:14:40,849 - sflow.task.server_5 - INFO - 7:
2026-07-24 19:14:40,849 - sflow.task.server_5 - INFO - Loading safetensors weights in parallel:  81%|████████  | 132/163 [00:20<00:03,  7.88it/s]
2026-07-24 19:14:40,849 - sflow.task.server_5 - INFO - 5:
2026-07-24 19:14:40,849 - sflow.task.server_5 - INFO - Loading safetensors weights in parallel:  80%|████████  | 131/163 [00:20<00:03,  9.71it/s]
2026-07-24 19:14:41,002 - sflow.task.server_5 - INFO - 2:
2026-07-24 19:14:41,002 - sflow.task.server_5 - INFO - Loading safetensors weights in parallel:  77%|███████▋  | 125/163 [00:19<00:03, 10.32it/s]
2026-07-24 19:14:41,002 - sflow.task.server_5 - INFO - 4:
2026-07-24 19:14:41,002 - sflow.task.server_5 - INFO - Loading safetensors weights in parallel:  81%|████████  | 132/163 [00:20<00:04,  7.44it/s]
2026-07-24 19:14:41,104 - sflow.task.server_5 - INFO - 6:
2026-07-24 19:14:41,104 - sflow.task.server_5 - INFO - Loading safetensors weights in parallel:  83%|████████▎ | 135/163 [00:20<00:03,  8.99it/s]
2026-07-24 19:14:41,156 - sflow.task.server_5 - INFO - 4:
2026-07-24 19:14:41,156 - sflow.task.server_5 - INFO - Loading safetensors weights in parallel:  83%|████████▎ | 136/163 [00:20<00:02, 10.89it/s]
2026-07-24 19:14:41,156 - sflow.task.server_5 - INFO - 0: [07/24/2026-19:14:41] [TRT-LLM] [RANK 0] [I] Start to load safetensor file /home/mlperf_inference_storage/models/deepseek-r1/fp4-quantized-modelopt/deepseek_r1-torch-fp4/model-00058-of-000163.safetensors
2026-07-24 19:14:41,207 - sflow.task.server_5 - INFO - 1:
2026-07-24 19:14:41,207 - sflow.task.server_5 - INFO - Loading safetensors weights in parallel:  75%|███████▌  | 123/163 [00:20<00:04,  8.50it/s]
2026-07-24 19:14:41,207 - sflow.task.server_5 - INFO - 0: [07/24/2026-19:14:41] [TRT-LLM] [RANK 0] [I] Start to load safetensor file /home/mlperf_inference_storage/models/deepseek-r1/fp4-quantized-modelopt/deepseek_r1-torch-fp4/model-00139-of-000163.safetensors
2026-07-24 19:14:41,207 - sflow.task.server_5 - INFO - 0:
2026-07-24 19:14:41,207 - sflow.task.server_5 - INFO - Loading safetensors weights in parallel:  79%|███████▉  | 129/163 [00:20<00:03, 11.10it/s]
2026-07-24 19:14:41,257 - sflow.task.server_5 - INFO - 0: [07/24/2026-19:14:41] [TRT-LLM] [RANK 0] [I] Start to load safetensor file /home/mlperf_inference_storage/models/deepseek-r1/fp4-quantized-modelopt/deepseek_r1-torch-fp4/model-00072-of-000163.safetensors
2026-07-24 19:14:41,257 - sflow.task.server_5 - INFO - 5:
2026-07-24 19:14:41,257 - sflow.task.server_5 - INFO - Loading safetensors weights in parallel:  82%|████████▏ | 133/163 [00:20<00:03,  7.82it/s]
2026-07-24 19:14:41,257 - sflow.task.server_5 - INFO - 3:
2026-07-24 19:14:41,257 - sflow.task.server_5 - INFO - Loading safetensors weights in parallel:  76%|███████▌  | 124/163 [00:20<00:05,  7.46it/s]
2026-07-24 19:14:41,309 - sflow.task.server_5 - INFO - 7:
2026-07-24 19:14:41,309 - sflow.task.server_5 - INFO - Loading safetensors weights in parallel:  83%|████████▎ | 135/163 [00:20<00:03,  7.45it/s]
2026-07-24 19:14:41,309 - sflow.task.server_5 - INFO - 6:
2026-07-24 19:14:41,309 - sflow.task.server_5 - INFO - Loading safetensors weights in parallel:  84%|████████▍ | 137/163 [00:20<00:02,  8.83it/s]
2026-07-24 19:14:41,362 - sflow.task.server_5 - INFO - 3:
2026-07-24 19:14:41,362 - sflow.task.server_5 - INFO - Loading safetensors weights in parallel:  79%|███████▊  | 128/163 [00:20<00:03, 10.69it/s]
2026-07-24 19:14:41,463 - sflow.task.server_5 - INFO - 2:
2026-07-24 19:14:41,463 - sflow.task.server_5 - INFO - Loading safetensors weights in parallel:  80%|███████▉  | 130/163 [00:20<00:03, 10.52it/s]
2026-07-24 19:14:41,618 - sflow.task.server_5 - INFO - 5:
2026-07-24 19:14:41,618 - sflow.task.server_5 - INFO - Loading safetensors weights in parallel:  83%|████████▎ | 135/163 [00:20<00:03,  7.11it/s]
2026-07-24 19:14:41,618 - sflow.task.server_5 - INFO - 1:
2026-07-24 19:14:41,618 - sflow.task.server_5 - INFO - Loading safetensors weights in parallel:  77%|███████▋  | 125/163 [00:20<00:05,  6.94it/s]
2026-07-24 19:14:41,720 - sflow.task.server_5 - INFO - 1:
2026-07-24 19:14:41,720 - sflow.task.server_5 - INFO - Loading safetensors weights in parallel:  77%|███████▋  | 126/163 [00:20<00:05,  7.27it/s]
2026-07-24 19:14:41,771 - sflow.task.server_5 - INFO - 0: [07/24/2026-19:14:41] [TRT-LLM] [RANK 0] [I] Start to load safetensor file /home/mlperf_inference_storage/models/deepseek-r1/fp4-quantized-modelopt/deepseek_r1-torch-fp4/model-00129-of-000163.safetensors
2026-07-24 19:14:41,771 - sflow.task.server_5 - INFO - 4:
2026-07-24 19:14:41,771 - sflow.task.server_5 - INFO - Loading safetensors weights in parallel:  85%|████████▍ | 138/163 [00:21<00:03,  6.91it/s]
2026-07-24 19:14:41,822 - sflow.task.server_5 - INFO - 5:
2026-07-24 19:14:41,822 - sflow.task.server_5 - INFO - Loading safetensors weights in parallel:  85%|████████▍ | 138/163 [00:21<00:02,  8.71it/s]
2026-07-24 19:14:41,873 - sflow.task.server_5 - INFO - 1:
2026-07-24 19:14:41,873 - sflow.task.server_5 - INFO - Loading safetensors weights in parallel:  78%|███████▊  | 127/163 [00:20<00:04,  7.30it/s]
2026-07-24 19:14:41,873 - sflow.task.server_5 - INFO - 2:
2026-07-24 19:14:41,873 - sflow.task.server_5 - INFO - Loading safetensors weights in parallel:  81%|████████  | 132/163 [00:20<00:03,  8.54it/s]
2026-07-24 19:14:41,873 - sflow.task.server_5 - INFO - 0:
2026-07-24 19:14:41,873 - sflow.task.server_5 - INFO - Loading safetensors weights in parallel:  81%|████████  | 132/163 [00:20<00:03,  7.91it/s]
2026-07-24 19:14:41,873 - sflow.task.server_5 - INFO - 3:
2026-07-24 19:14:41,873 - sflow.task.server_5 - INFO - Loading safetensors weights in parallel:  80%|████████  | 131/163 [00:20<00:03,  8.57it/s]
2026-07-24 19:14:42,077 - sflow.task.server_5 - INFO - 1:
2026-07-24 19:14:42,077 - sflow.task.server_5 - INFO - Loading safetensors weights in parallel:  79%|███████▉  | 129/163 [00:20<00:04,  8.20it/s]
2026-07-24 19:14:42,077 - sflow.task.server_5 - INFO - 2:
2026-07-24 19:14:42,077 - sflow.task.server_5 - INFO - Loading safetensors weights in parallel:  82%|████████▏ | 134/163 [00:20<00:03,  8.99it/s]
2026-07-24 19:14:42,077 - sflow.task.server_5 - INFO - 3:
2026-07-24 19:14:42,077 - sflow.task.server_5 - INFO - Loading safetensors weights in parallel:  83%|████████▎ | 135/163 [00:20<00:02, 10.78it/s]
2026-07-24 19:14:42,128 - sflow.task.server_5 - INFO - 7:
2026-07-24 19:14:42,128 - sflow.task.server_5 - INFO - Loading safetensors weights in parallel:  85%|████████▍ | 138/163 [00:21<00:04,  5.79it/s]
2026-07-24 19:14:42,281 - sflow.task.server_5 - INFO - 1:
2026-07-24 19:14:42,281 - sflow.task.server_5 - INFO - Loading safetensors weights in parallel:  80%|████████  | 131/163 [00:21<00:03,  8.37it/s]
2026-07-24 19:14:42,281 - sflow.task.server_5 - INFO - 2:
2026-07-24 19:14:42,281 - sflow.task.server_5 - INFO - Loading safetensors weights in parallel:  83%|████████▎ | 136/163 [00:21<00:03,  8.95it/s]
2026-07-24 19:14:42,333 - sflow.task.server_5 - INFO - 0:
2026-07-24 19:14:42,333 - sflow.task.server_5 - INFO - Loading safetensors weights in parallel:  83%|████████▎ | 135/163 [00:21<00:03,  7.59it/s]
2026-07-24 19:14:42,333 - sflow.task.server_5 - INFO - 6:
2026-07-24 19:14:42,333 - sflow.task.server_5 - INFO - Loading safetensors weights in parallel:  85%|████████▌ | 139/163 [00:21<00:04,  5.12it/s]
2026-07-24 19:14:42,384 - sflow.task.server_5 - INFO - 5:
2026-07-24 19:14:42,384 - sflow.task.server_5 - INFO - Loading safetensors weights in parallel:  86%|████████▌ | 140/163 [00:21<00:03,  6.32it/s]
2026-07-24 19:14:42,435 - sflow.task.server_5 - INFO - 1:
2026-07-24 19:14:42,435 - sflow.task.server_5 - INFO - Loading safetensors weights in parallel:  82%|████████▏ | 134/163 [00:21<00:02, 11.25it/s]
2026-07-24 19:14:42,435 - sflow.task.server_5 - INFO - 3:
2026-07-24 19:14:42,435 - sflow.task.server_5 - INFO - Loading safetensors weights in parallel:  84%|████████▍ | 137/163 [00:21<00:02,  9.00it/s]
2026-07-24 19:14:42,536 - sflow.task.server_5 - INFO - 5:
2026-07-24 19:14:42,537 - sflow.task.server_5 - INFO - Loading safetensors weights in parallel:  88%|████████▊ | 143/163 [00:21<00:02,  8.28it/s]
2026-07-24 19:14:42,588 - sflow.task.server_5 - INFO - 6:
2026-07-24 19:14:42,588 - sflow.task.server_5 - INFO - Loading safetensors weights in parallel:  87%|████████▋ | 141/163 [00:21<00:03,  5.67it/s]
2026-07-24 19:14:42,588 - sflow.task.server_5 - INFO - 4:
2026-07-24 19:14:42,588 - sflow.task.server_5 - INFO - Loading safetensors weights in parallel:  86%|████████▌ | 140/163 [00:21<00:04,  4.88it/s]
2026-07-24 19:14:42,639 - sflow.task.server_5 - INFO - 7:
2026-07-24 19:14:42,639 - sflow.task.server_5 - INFO - Loading safetensors weights in parallel:  86%|████████▌ | 140/163 [00:21<00:04,  5.40it/s]
2026-07-24 19:14:42,690 - sflow.task.server_5 - INFO - 4:
2026-07-24 19:14:42,690 - sflow.task.server_5 - INFO - Loading safetensors weights in parallel:  88%|████████▊ | 144/163 [00:22<00:02,  7.63it/s]
2026-07-24 19:14:42,690 - sflow.task.server_5 - INFO - 5:
2026-07-24 19:14:42,690 - sflow.task.server_5 - INFO - Loading safetensors weights in parallel:  89%|████████▉ | 145/163 [00:22<00:01,  9.34it/s]
2026-07-24 19:14:42,690 - sflow.task.server_5 - INFO - 0:
2026-07-24 19:14:42,690 - sflow.task.server_5 - INFO - Loading safetensors weights in parallel:  84%|████████▍ | 137/163 [00:21<00:03,  7.00it/s]
2026-07-24 19:14:42,690 - sflow.task.server_5 - INFO - 2:
2026-07-24 19:14:42,690 - sflow.task.server_5 - INFO - Loading safetensors weights in parallel:  85%|████████▍ | 138/163 [00:21<00:03,  7.41it/s]
2026-07-24 19:14:42,741 - sflow.task.server_5 - INFO - 7:
2026-07-24 19:14:42,741 - sflow.task.server_5 - INFO - Loading safetensors weights in parallel:  87%|████████▋ | 141/163 [00:22<00:03,  5.71it/s]
2026-07-24 19:14:42,741 - sflow.task.server_5 - INFO - 6:
2026-07-24 19:14:42,742 - sflow.task.server_5 - INFO - Loading safetensors weights in parallel:  88%|████████▊ | 143/163 [00:22<00:03,  6.45it/s]
2026-07-24 19:14:42,793 - sflow.task.server_5 - INFO - 4:
2026-07-24 19:14:42,793 - sflow.task.server_5 - INFO - Loading safetensors weights in parallel:  91%|█████████ | 148/163 [00:22<00:01, 10.75it/s]
2026-07-24 19:14:42,793 - sflow.task.server_5 - INFO - 5:
2026-07-24 19:14:42,793 - sflow.task.server_5 - INFO - Loading safetensors weights in parallel:  91%|█████████ | 148/163 [00:22<00:01, 12.21it/s]
2026-07-24 19:14:42,844 - sflow.task.server_5 - INFO - 7:
2026-07-24 19:14:42,844 - sflow.task.server_5 - INFO - Loading safetensors weights in parallel:  89%|████████▉ | 145/163 [00:22<00:02,  8.82it/s]
2026-07-24 19:14:42,844 - sflow.task.server_5 - INFO - 6:
2026-07-24 19:14:42,844 - sflow.task.server_5 - INFO - Loading safetensors weights in parallel:  94%|█████████▍| 153/163 [00:22<00:00, 15.91it/s]
2026-07-24 19:14:42,844 - sflow.task.server_5 - INFO - 1:
2026-07-24 19:14:42,844 - sflow.task.server_5 - INFO - Loading safetensors weights in parallel:  83%|████████▎ | 136/163 [00:21<00:03,  7.94it/s]
2026-07-24 19:14:42,896 - sflow.task.server_5 - INFO - 4:
2026-07-24 19:14:42,896 - sflow.task.server_5 - INFO - Loading safetensors weights in parallel:  96%|█████████▌| 156/163 [00:22<00:00, 19.24it/s]
2026-07-24 19:14:42,947 - sflow.task.server_5 - INFO - 5:
2026-07-24 19:14:42,947 - sflow.task.server_5 - INFO - Loading safetensors weights in parallel:  96%|█████████▌| 156/163 [00:22<00:00, 22.34it/s]
2026-07-24 19:14:42,947 - sflow.task.server_5 - INFO - 7:
2026-07-24 19:14:42,947 - sflow.task.server_5 - INFO - Loading safetensors weights in parallel:  97%|█████████▋| 158/163 [00:22<00:00, 22.78it/s]
2026-07-24 19:14:42,947 - sflow.task.server_5 - INFO - 6:
2026-07-24 19:14:42,947 - sflow.task.server_5 - INFO - Loading safetensors weights in parallel:  99%|█████████▉| 162/163 [00:22<00:00, 25.24it/s]
2026-07-24 19:14:42,947 - sflow.task.server_5 - INFO - 4:
2026-07-24 19:14:42,947 - sflow.task.server_5 - INFO - Loading safetensors weights in parallel: 100%|██████████| 163/163 [00:22<00:00,  7.30it/s]
2026-07-24 19:14:42,947 - sflow.task.server_5 - INFO - 6:
2026-07-24 19:14:42,947 - sflow.task.server_5 - INFO - Loading safetensors weights in parallel: 100%|██████████| 163/163 [00:22<00:00,  7.30it/s]
2026-07-24 19:14:42,947 - sflow.task.server_5 - INFO - 4:
2026-07-24 19:14:42,947 - sflow.task.server_5 - INFO - Loading weights:   0%|          | 0/1458 [00:00<?, ?it/s]
2026-07-24 19:14:42,947 - sflow.task.server_5 - INFO - 6:
2026-07-24 19:14:42,947 - sflow.task.server_5 - INFO - Loading weights:   0%|          | 0/1458 [00:00<?, ?it/s]
2026-07-24 19:14:42,947 - sflow.task.server_5 - INFO - 7:
2026-07-24 19:14:42,947 - sflow.task.server_5 - INFO - Loading safetensors weights in parallel: 100%|██████████| 163/163 [00:22<00:00,  7.29it/s]
2026-07-24 19:14:42,947 - sflow.task.server_5 - INFO - 7:
2026-07-24 19:14:42,947 - sflow.task.server_5 - INFO - Loading weights:   0%|          | 0/1458 [00:00<?, ?it/s]
2026-07-24 19:14:42,998 - sflow.task.server_5 - INFO - 5:
2026-07-24 19:14:42,998 - sflow.task.server_5 - INFO - Loading safetensors weights in parallel: 100%|██████████| 163/163 [00:22<00:00,  7.29it/s]
2026-07-24 19:14:42,998 - sflow.task.server_5 - INFO - 5:
2026-07-24 19:14:42,998 - sflow.task.server_5 - INFO - Loading weights:   0%|          | 0/1458 [00:00<?, ?it/s]
2026-07-24 19:14:42,998 - sflow.task.server_5 - INFO - 2:
2026-07-24 19:14:42,998 - sflow.task.server_5 - INFO - Loading safetensors weights in parallel:  85%|████████▌ | 139/163 [00:21<00:03,  6.17it/s]
2026-07-24 19:14:43,100 - sflow.task.server_5 - INFO - 0:
2026-07-24 19:14:43,100 - sflow.task.server_5 - INFO - Loading safetensors weights in parallel:  85%|████████▌ | 139/163 [00:21<00:03,  6.51it/s]
2026-07-24 19:14:43,100 - sflow.task.server_5 - INFO - 1:
2026-07-24 19:14:43,100 - sflow.task.server_5 - INFO - Loading safetensors weights in parallel:  85%|████████▍ | 138/163 [00:21<00:03,  8.08it/s]
2026-07-24 19:14:43,151 - sflow.task.server_5 - INFO - 3:
2026-07-24 19:14:43,151 - sflow.task.server_5 - INFO - Loading safetensors weights in parallel:  85%|████████▌ | 139/163 [00:22<00:03,  6.06it/s]
2026-07-24 19:14:43,252 - sflow.task.server_5 - INFO - 1:
2026-07-24 19:14:43,252 - sflow.task.server_5 - INFO - Loading safetensors weights in parallel:  85%|████████▌ | 139/163 [00:22<00:03,  7.65it/s]
2026-07-24 19:14:43,456 - sflow.task.server_5 - INFO - 0:
2026-07-24 19:14:43,456 - sflow.task.server_5 - INFO - Loading safetensors weights in parallel:  86%|████████▌ | 140/163 [00:22<00:04,  5.40it/s]
2026-07-24 19:14:43,506 - sflow.task.server_5 - INFO - 1:
2026-07-24 19:14:43,506 - sflow.task.server_5 - INFO - Loading safetensors weights in parallel:  87%|████████▋ | 141/163 [00:22<00:02,  8.03it/s]
2026-07-24 19:14:43,506 - sflow.task.server_5 - INFO - 3:
2026-07-24 19:14:43,506 - sflow.task.server_5 - INFO - Loading safetensors weights in parallel:  87%|████████▋ | 141/163 [00:22<00:03,  5.95it/s]
2026-07-24 19:14:43,557 - sflow.task.server_5 - INFO - 2:
2026-07-24 19:14:43,557 - sflow.task.server_5 - INFO - Loading safetensors weights in parallel:  86%|████████▌ | 140/163 [00:22<00:05,  4.37it/s]
2026-07-24 19:14:43,607 - sflow.task.server_5 - INFO - 1:
2026-07-24 19:14:43,607 - sflow.task.server_5 - INFO - Loading safetensors weights in parallel:  88%|████████▊ | 144/163 [00:22<00:01, 10.91it/s]
2026-07-24 19:14:43,658 - sflow.task.server_5 - INFO - 3:
2026-07-24 19:14:43,658 - sflow.task.server_5 - INFO - Loading safetensors weights in parallel:  87%|████████▋ | 142/163 [00:22<00:03,  6.20it/s]
2026-07-24 19:14:43,658 - sflow.task.server_5 - INFO - 0:
2026-07-24 19:14:43,658 - sflow.task.server_5 - INFO - Loading safetensors weights in parallel:  88%|████████▊ | 143/163 [00:22<00:02,  7.14it/s]
2026-07-24 19:14:43,658 - sflow.task.server_5 - INFO - 2:
2026-07-24 19:14:43,658 - sflow.task.server_5 - INFO - Loading safetensors weights in parallel:  88%|████████▊ | 143/163 [00:22<00:02,  6.85it/s]
2026-07-24 19:14:43,761 - sflow.task.server_5 - INFO - 3:
2026-07-24 19:14:43,761 - sflow.task.server_5 - INFO - Loading safetensors weights in parallel:  92%|█████████▏| 150/163 [00:22<00:00, 14.73it/s]
2026-07-24 19:14:43,761 - sflow.task.server_5 - INFO - 0:
2026-07-24 19:14:43,761 - sflow.task.server_5 - INFO - Loading safetensors weights in parallel:  90%|████████▉ | 146/163 [00:22<00:01,  9.68it/s]
2026-07-24 19:14:43,761 - sflow.task.server_5 - INFO - 2:
2026-07-24 19:14:43,761 - sflow.task.server_5 - INFO - Loading safetensors weights in parallel:  91%|█████████ | 148/163 [00:22<00:01, 12.12it/s]
2026-07-24 19:14:43,761 - sflow.task.server_5 - INFO - 1:
2026-07-24 19:14:43,761 - sflow.task.server_5 - INFO - Loading safetensors weights in parallel:  91%|█████████▏| 149/163 [00:22<00:00, 16.37it/s]
2026-07-24 19:14:43,862 - sflow.task.server_5 - INFO - 3:
2026-07-24 19:14:43,862 - sflow.task.server_5 - INFO - Loading safetensors weights in parallel:  98%|█████████▊| 159/163 [00:22<00:00, 25.00it/s]
2026-07-24 19:14:43,862 - sflow.task.server_5 - INFO - 0:
2026-07-24 19:14:43,862 - sflow.task.server_5 - INFO - Loading safetensors weights in parallel:  94%|█████████▍| 154/163 [00:22<00:00, 19.03it/s]
2026-07-24 19:14:43,862 - sflow.task.server_5 - INFO - 2:
2026-07-24 19:14:43,862 - sflow.task.server_5 - INFO - Loading safetensors weights in parallel:  96%|█████████▋| 157/163 [00:22<00:00, 23.73it/s]
2026-07-24 19:14:43,862 - sflow.task.server_5 - INFO - 1:
2026-07-24 19:14:43,862 - sflow.task.server_5 - INFO - Loading safetensors weights in parallel:  94%|█████████▍| 153/163 [00:22<00:00, 20.23it/s]
2026-07-24 19:14:43,913 - sflow.task.server_5 - INFO - 2:
2026-07-24 19:14:43,914 - sflow.task.server_5 - INFO - Loading safetensors weights in parallel: 100%|██████████| 163/163 [00:22<00:00,  7.15it/s]
2026-07-24 19:14:43,914 - sflow.task.server_5 - INFO - 3:
2026-07-24 19:14:43,914 - sflow.task.server_5 - INFO - Loading safetensors weights in parallel: 100%|██████████| 163/163 [00:22<00:00,  7.15it/s]
2026-07-24 19:14:43,914 - sflow.task.server_5 - INFO - 0:
2026-07-24 19:14:43,914 - sflow.task.server_5 - INFO - Loading safetensors weights in parallel: 100%|██████████| 163/163 [00:22<00:00,  7.15it/s]
2026-07-24 19:14:43,914 - sflow.task.server_5 - INFO - 2:
2026-07-24 19:14:43,914 - sflow.task.server_5 - INFO - Loading weights:   0%|          | 0/1458 [00:00<?, ?it/s]
2026-07-24 19:14:43,914 - sflow.task.server_5 - INFO - 3:
2026-07-24 19:14:43,914 - sflow.task.server_5 - INFO - Loading weights:   0%|          | 0/1458 [00:00<?, ?it/s]
2026-07-24 19:14:43,914 - sflow.task.server_5 - INFO - 0:
2026-07-24 19:14:43,914 - sflow.task.server_5 - INFO - Loading weights:   0%|          | 0/1458 [00:00<?, ?it/s]
2026-07-24 19:14:44,015 - sflow.task.server_5 - INFO - 1:
2026-07-24 19:14:44,015 - sflow.task.server_5 - INFO - Loading safetensors weights in parallel:  99%|█████████▉| 161/163 [00:22<00:00, 32.31it/s]
2026-07-24 19:14:44,015 - sflow.task.server_5 - INFO - 1:
2026-07-24 19:14:44,015 - sflow.task.server_5 - INFO - Loading safetensors weights in parallel: 100%|██████████| 163/163 [00:22<00:00,  7.12it/s]
2026-07-24 19:14:44,015 - sflow.task.server_5 - INFO - 1:
2026-07-24 19:14:44,015 - sflow.task.server_5 - INFO - Loading weights:   0%|          | 0/1458 [00:00<?, ?it/s]
2026-07-24 19:14:44,883 - sflow.task.server_5 - INFO - 7:
2026-07-24 19:14:44,883 - sflow.task.server_5 - INFO - Loading weights:   0%|          | 3/1458 [00:01<15:25,  1.57it/s]
2026-07-24 19:14:44,883 - sflow.task.server_5 - INFO - 4:
2026-07-24 19:14:44,883 - sflow.task.server_5 - INFO - Loading weights:   0%|          | 3/1458 [00:01<15:29,  1.57it/s]
2026-07-24 19:14:44,883 - sflow.task.server_5 - INFO - 6:
2026-07-24 19:14:44,883 - sflow.task.server_5 - INFO - Loading weights:   0%|          | 3/1458 [00:01<15:29,  1.57it/s]
2026-07-24 19:14:44,883 - sflow.task.server_5 - INFO - 5:
2026-07-24 19:14:44,883 - sflow.task.server_5 - INFO - Loading weights:   0%|          | 3/1458 [00:01<15:21,  1.58it/s]
2026-07-24 19:14:45,038 - sflow.task.server_5 - INFO - 6:
2026-07-24 19:14:45,038 - sflow.task.server_5 - INFO - Loading weights:   1%|          | 11/1458 [00:02<03:34,  6.75it/s]
2026-07-24 19:14:45,038 - sflow.task.server_5 - INFO - 7:
2026-07-24 19:14:45,038 - sflow.task.server_5 - INFO - Loading weights:   1%|          | 11/1458 [00:02<03:34,  6.75it/s]
2026-07-24 19:14:45,038 - sflow.task.server_5 - INFO - 4:
2026-07-24 19:14:45,038 - sflow.task.server_5 - INFO - Loading weights:   1%|          | 11/1458 [00:02<03:34,  6.75it/s]
2026-07-24 19:14:45,038 - sflow.task.server_5 - INFO - 5:
2026-07-24 19:14:45,038 - sflow.task.server_5 - INFO - Loading weights:   1%|          | 11/1458 [00:02<03:32,  6.80it/s]
2026-07-24 19:14:45,191 - sflow.task.server_5 - INFO - 7:
2026-07-24 19:14:45,192 - sflow.task.server_5 - INFO - Loading weights:   1%|          | 16/1458 [00:02<02:23, 10.08it/s]
2026-07-24 19:14:45,192 - sflow.task.server_5 - INFO - 4:
2026-07-24 19:14:45,192 - sflow.task.server_5 - INFO - Loading weights:   1%|          | 16/1458 [00:02<02:23, 10.07it/s]
2026-07-24 19:14:45,192 - sflow.task.server_5 - INFO - 5:
2026-07-24 19:14:45,192 - sflow.task.server_5 - INFO - Loading weights:   1%|          | 16/1458 [00:02<02:22, 10.13it/s]
2026-07-24 19:14:45,192 - sflow.task.server_5 - INFO - 6:
2026-07-24 19:14:45,192 - sflow.task.server_5 - INFO - Loading weights:   1%|          | 16/1458 [00:02<02:23, 10.06it/s]
2026-07-24 19:14:45,448 - sflow.task.server_5 - INFO - 6:
2026-07-24 19:14:45,448 - sflow.task.server_5 - INFO - Loading weights:   1%|▏         | 20/1458 [00:02<02:07, 11.31it/s]
2026-07-24 19:14:45,448 - sflow.task.server_5 - INFO - 7:
2026-07-24 19:14:45,448 - sflow.task.server_5 - INFO - Loading weights:   1%|▏         | 20/1458 [00:02<02:07, 11.31it/s]
2026-07-24 19:14:45,448 - sflow.task.server_5 - INFO - 4:
2026-07-24 19:14:45,448 - sflow.task.server_5 - INFO - Loading weights:   1%|▏         | 20/1458 [00:02<02:07, 11.30it/s]
2026-07-24 19:14:45,448 - sflow.task.server_5 - INFO - 5:
2026-07-24 19:14:45,448 - sflow.task.server_5 - INFO - Loading weights:   1%|▏         | 20/1458 [00:02<02:06, 11.36it/s]
2026-07-24 19:14:45,551 - sflow.task.server_5 - INFO - 4:
2026-07-24 19:14:45,551 - sflow.task.server_5 - INFO - Loading weights:   2%|▏         | 29/1458 [00:02<01:10, 20.30it/s]
2026-07-24 19:14:45,551 - sflow.task.server_5 - INFO - 5:
2026-07-24 19:14:45,551 - sflow.task.server_5 - INFO - Loading weights:   2%|▏         | 29/1458 [00:02<01:10, 20.39it/s]
2026-07-24 19:14:45,551 - sflow.task.server_5 - INFO - 7:
2026-07-24 19:14:45,551 - sflow.task.server_5 - INFO - Loading weights:   2%|▏         | 29/1458 [00:02<01:10, 20.28it/s]
2026-07-24 19:14:45,551 - sflow.task.server_5 - INFO - 6:
2026-07-24 19:14:45,551 - sflow.task.server_5 - INFO - Loading weights:   2%|▏         | 29/1458 [00:02<01:10, 20.25it/s]
2026-07-24 19:14:45,653 - sflow.task.server_5 - INFO - 6:
2026-07-24 19:14:45,653 - sflow.task.server_5 - INFO - Loading weights:   2%|▏         | 34/1458 [00:02<00:59, 23.88it/s]
2026-07-24 19:14:45,653 - sflow.task.server_5 - INFO - 5:
2026-07-24 19:14:45,653 - sflow.task.server_5 - INFO - Loading weights:   2%|▏         | 34/1458 [00:02<00:59, 23.90it/s]
2026-07-24 19:14:45,653 - sflow.task.server_5 - INFO - 4:
2026-07-24 19:14:45,653 - sflow.task.server_5 - INFO - Loading weights:   2%|▏         | 34/1458 [00:02<01:00, 23.54it/s]
2026-07-24 19:14:45,704 - sflow.task.server_5 - INFO - 7:
2026-07-24 19:14:45,704 - sflow.task.server_5 - INFO - Loading weights:   2%|▏         | 34/1458 [00:02<01:00, 23.45it/s]
2026-07-24 19:14:46,010 - sflow.task.server_5 - INFO - 1:
2026-07-24 19:14:46,010 - sflow.task.server_5 - INFO - Loading weights:   0%|          | 3/1458 [00:02<16:22,  1.48it/s]
2026-07-24 19:14:46,010 - sflow.task.server_5 - INFO - 3:
2026-07-24 19:14:46,010 - sflow.task.server_5 - INFO - Loading weights:   0%|          | 3/1458 [00:02<17:07,  1.42it/s]
2026-07-24 19:14:46,010 - sflow.task.server_5 - INFO - 7:
2026-07-24 19:14:46,010 - sflow.task.server_5 - INFO - Loading weights:   3%|▎         | 39/1458 [00:03<01:11, 19.77it/s]
2026-07-24 19:14:46,010 - sflow.task.server_5 - INFO - 4:
2026-07-24 19:14:46,010 - sflow.task.server_5 - INFO - Loading weights:   3%|▎         | 39/1458 [00:03<01:11, 19.74it/s]
2026-07-24 19:14:46,010 - sflow.task.server_5 - INFO - 5:
2026-07-24 19:14:46,010 - sflow.task.server_5 - INFO - Loading weights:   3%|▎         | 39/1458 [00:03<01:11, 19.73it/s]
2026-07-24 19:14:46,010 - sflow.task.server_5 - INFO - 6:
2026-07-24 19:14:46,010 - sflow.task.server_5 - INFO - Loading weights:   3%|▎         | 39/1458 [00:03<01:12, 19.68it/s]
2026-07-24 19:14:46,010 - sflow.task.server_5 - INFO - 2:
2026-07-24 19:14:46,010 - sflow.task.server_5 - INFO - Loading weights:   0%|          | 3/1458 [00:02<17:07,  1.42it/s]
2026-07-24 19:14:46,010 - sflow.task.server_5 - INFO - 0:
2026-07-24 19:14:46,010 - sflow.task.server_5 - INFO - Loading weights:   0%|          | 3/1458 [00:02<17:09,  1.41it/s]
2026-07-24 19:14:46,112 - sflow.task.server_5 - INFO - 6:
2026-07-24 19:14:46,112 - sflow.task.server_5 - INFO - Loading weights:   3%|▎         | 48/1458 [00:03<00:47, 29.56it/s]
2026-07-24 19:14:46,112 - sflow.task.server_5 - INFO - 7:
2026-07-24 19:14:46,112 - sflow.task.server_5 - INFO - Loading weights:   3%|▎         | 48/1458 [00:03<00:47, 29.66it/s]
2026-07-24 19:14:46,163 - sflow.task.server_5 - INFO - 1:
2026-07-24 19:14:46,163 - sflow.task.server_5 - INFO - Loading weights:   1%|          | 11/1458 [00:02<03:42,  6.52it/s]
2026-07-24 19:14:46,163 - sflow.task.server_5 - INFO - 2:
2026-07-24 19:14:46,163 - sflow.task.server_5 - INFO - Loading weights:   1%|          | 11/1458 [00:02<03:50,  6.27it/s]
2026-07-24 19:14:46,163 - sflow.task.server_5 - INFO - 3:
2026-07-24 19:14:46,163 - sflow.task.server_5 - INFO - Loading weights:   1%|          | 11/1458 [00:02<03:50,  6.27it/s]
2026-07-24 19:14:46,163 - sflow.task.server_5 - INFO - 0:
2026-07-24 19:14:46,163 - sflow.task.server_5 - INFO - Loading weights:   1%|          | 11/1458 [00:02<03:50,  6.28it/s]
2026-07-24 19:14:46,214 - sflow.task.server_5 - INFO - 4:
2026-07-24 19:14:46,214 - sflow.task.server_5 - INFO - Loading weights:   3%|▎         | 49/1458 [00:03<00:50, 28.04it/s]
2026-07-24 19:14:46,214 - sflow.task.server_5 - INFO - 5:
2026-07-24 19:14:46,214 - sflow.task.server_5 - INFO - Loading weights:   3%|▎         | 49/1458 [00:03<00:50, 28.03it/s]
2026-07-24 19:14:46,315 - sflow.task.server_5 - INFO - 2:
2026-07-24 19:14:46,315 - sflow.task.server_5 - INFO - Loading weights:   1%|          | 16/1458 [00:02<02:33,  9.42it/s]
2026-07-24 19:14:46,315 - sflow.task.server_5 - INFO - 0:
2026-07-24 19:14:46,315 - sflow.task.server_5 - INFO - Loading weights:   1%|          | 16/1458 [00:02<02:32,  9.43it/s]
2026-07-24 19:14:46,315 - sflow.task.server_5 - INFO - 3:
2026-07-24 19:14:46,315 - sflow.task.server_5 - INFO - Loading weights:   1%|          | 16/1458 [00:02<02:33,  9.41it/s]
2026-07-24 19:14:46,315 - sflow.task.server_5 - INFO - 1:
2026-07-24 19:14:46,315 - sflow.task.server_5 - INFO - Loading weights:   1%|          | 16/1458 [00:02<02:28,  9.74it/s]
2026-07-24 19:14:46,366 - sflow.task.server_5 - INFO - 6:
2026-07-24 19:14:46,366 - sflow.task.server_5 - INFO - Loading weights:   4%|▎         | 54/1458 [00:03<00:48, 28.81it/s]
2026-07-24 19:14:46,366 - sflow.task.server_5 - INFO - 7:
2026-07-24 19:14:46,366 - sflow.task.server_5 - INFO - Loading weights:   4%|▎         | 54/1458 [00:03<00:48, 28.88it/s]
2026-07-24 19:14:46,366 - sflow.task.server_5 - INFO - 4:
2026-07-24 19:14:46,366 - sflow.task.server_5 - INFO - Loading weights:   4%|▎         | 54/1458 [00:03<00:47, 29.36it/s]
2026-07-24 19:14:46,366 - sflow.task.server_5 - INFO - 5:
2026-07-24 19:14:46,366 - sflow.task.server_5 - INFO - Loading weights:   4%|▎         | 54/1458 [00:03<00:47, 29.36it/s]
2026-07-24 19:14:46,571 - sflow.task.server_5 - INFO - 0:
2026-07-24 19:14:46,571 - sflow.task.server_5 - INFO - Loading weights:   1%|▏         | 20/1458 [00:02<02:11, 10.94it/s]
2026-07-24 19:14:46,571 - sflow.task.server_5 - INFO - 2:
2026-07-24 19:14:46,571 - sflow.task.server_5 - INFO - Loading weights:   1%|▏         | 20/1458 [00:02<02:11, 10.93it/s]
2026-07-24 19:14:46,571 - sflow.task.server_5 - INFO - 3:
2026-07-24 19:14:46,571 - sflow.task.server_5 - INFO - Loading weights:   1%|▏         | 20/1458 [00:02<02:11, 10.93it/s]
2026-07-24 19:14:46,571 - sflow.task.server_5 - INFO - 1:
2026-07-24 19:14:46,571 - sflow.task.server_5 - INFO - Loading weights:   1%|▏         | 20/1458 [00:02<02:08, 11.22it/s]
2026-07-24 19:14:46,571 - sflow.task.server_5 - INFO - 6:
2026-07-24 19:14:46,571 - sflow.task.server_5 - INFO - Loading weights:   4%|▍         | 59/1458 [00:03<00:53, 26.08it/s]
2026-07-24 19:14:46,571 - sflow.task.server_5 - INFO - 7:
2026-07-24 19:14:46,571 - sflow.task.server_5 - INFO - Loading weights:   4%|▍         | 59/1458 [00:03<00:53, 26.13it/s]
2026-07-24 19:14:46,571 - sflow.task.server_5 - INFO - 4:
2026-07-24 19:14:46,571 - sflow.task.server_5 - INFO - Loading weights:   4%|▍         | 58/1458 [00:03<00:55, 25.03it/s]
2026-07-24 19:14:46,571 - sflow.task.server_5 - INFO - 5:
2026-07-24 19:14:46,571 - sflow.task.server_5 - INFO - Loading weights:   4%|▍         | 58/1458 [00:03<00:55, 25.02it/s]
2026-07-24 19:14:46,674 - sflow.task.server_5 - INFO - 1:
2026-07-24 19:14:46,674 - sflow.task.server_5 - INFO - Loading weights:   2%|▏         | 29/1458 [00:02<01:10, 20.21it/s]
2026-07-24 19:14:46,674 - sflow.task.server_5 - INFO - 2:
2026-07-24 19:14:46,674 - sflow.task.server_5 - INFO - Loading weights:   2%|▏         | 29/1458 [00:02<01:12, 19.68it/s]
2026-07-24 19:14:46,674 - sflow.task.server_5 - INFO - 0:
2026-07-24 19:14:46,674 - sflow.task.server_5 - INFO - Loading weights:   2%|▏         | 29/1458 [00:02<01:12, 19.67it/s]
2026-07-24 19:14:46,674 - sflow.task.server_5 - INFO - 3:
2026-07-24 19:14:46,674 - sflow.task.server_5 - INFO - Loading weights:   2%|▏         | 29/1458 [00:02<01:12, 19.58it/s]
2026-07-24 19:14:46,776 - sflow.task.server_5 - INFO - 6:
2026-07-24 19:14:46,776 - sflow.task.server_5 - INFO - Loading weights:   5%|▍         | 68/1458 [00:03<00:42, 32.57it/s]
2026-07-24 19:14:46,776 - sflow.task.server_5 - INFO - 7:
2026-07-24 19:14:46,776 - sflow.task.server_5 - INFO - Loading weights:   5%|▍         | 68/1458 [00:03<00:42, 32.61it/s]
2026-07-24 19:14:46,776 - sflow.task.server_5 - INFO - 4:
2026-07-24 19:14:46,776 - sflow.task.server_5 - INFO - Loading weights:   5%|▍         | 68/1458 [00:03<00:41, 33.35it/s]
2026-07-24 19:14:46,776 - sflow.task.server_5 - INFO - 5:
2026-07-24 19:14:46,776 - sflow.task.server_5 - INFO - Loading weights:   5%|▍         | 68/1458 [00:03<00:41, 33.35it/s]
2026-07-24 19:14:46,776 - sflow.task.server_5 - INFO - 1:
2026-07-24 19:14:46,776 - sflow.task.server_5 - INFO - Loading weights:   2%|▏         | 34/1458 [00:02<00:59, 23.84it/s]
2026-07-24 19:14:46,776 - sflow.task.server_5 - INFO - 3:
2026-07-24 19:14:46,776 - sflow.task.server_5 - INFO - Loading weights:   2%|▏         | 34/1458 [00:02<01:00, 23.44it/s]
2026-07-24 19:14:46,777 - sflow.task.server_5 - INFO - 0:
2026-07-24 19:14:46,777 - sflow.task.server_5 - INFO - Loading weights:   2%|▏         | 34/1458 [00:02<01:01, 23.23it/s]
2026-07-24 19:14:46,777 - sflow.task.server_5 - INFO - 2:
2026-07-24 19:14:46,777 - sflow.task.server_5 - INFO - Loading weights:   2%|▏         | 34/1458 [00:02<01:01, 23.11it/s]
2026-07-24 19:14:46,930 - sflow.task.server_5 - INFO - 7:
2026-07-24 19:14:46,930 - sflow.task.server_5 - INFO - Loading weights:   5%|▌         | 73/1458 [00:03<00:42, 32.82it/s]
2026-07-24 19:14:46,930 - sflow.task.server_5 - INFO - 6:
2026-07-24 19:14:46,930 - sflow.task.server_5 - INFO - Loading weights:   5%|▌         | 73/1458 [00:03<00:42, 32.79it/s]
2026-07-24 19:14:46,930 - sflow.task.server_5 - INFO - 4:
2026-07-24 19:14:46,930 - sflow.task.server_5 - INFO - Loading weights:   5%|▌         | 73/1458 [00:03<00:41, 33.39it/s]
2026-07-24 19:14:46,930 - sflow.task.server_5 - INFO - 5:
2026-07-24 19:14:46,930 - sflow.task.server_5 - INFO - Loading weights:   5%|▌         | 73/1458 [00:03<00:41, 33.39it/s]
2026-07-24 19:14:47,289 - sflow.task.server_5 - INFO - 0:
2026-07-24 19:14:47,289 - sflow.task.server_5 - INFO - Loading weights:   3%|▎         | 39/1458 [00:03<01:25, 16.62it/s]
2026-07-24 19:14:47,289 - sflow.task.server_5 - INFO - 2:
2026-07-24 19:14:47,289 - sflow.task.server_5 - INFO - Loading weights:   3%|▎         | 39/1458 [00:03<01:25, 16.63it/s]
2026-07-24 19:14:47,289 - sflow.task.server_5 - INFO - 3:
2026-07-24 19:14:47,289 - sflow.task.server_5 - INFO - Loading weights:   3%|▎         | 39/1458 [00:03<01:25, 16.60it/s]
2026-07-24 19:14:47,289 - sflow.task.server_5 - INFO - 1:
2026-07-24 19:14:47,289 - sflow.task.server_5 - INFO - Loading weights:   3%|▎         | 39/1458 [00:03<01:24, 16.74it/s]
2026-07-24 19:14:47,392 - sflow.task.server_5 - INFO - 2:
2026-07-24 19:14:47,392 - sflow.task.server_5 - INFO - Loading weights:   3%|▎         | 48/1458 [00:03<00:55, 25.44it/s]
2026-07-24 19:14:47,392 - sflow.task.server_5 - INFO - 0:
2026-07-24 19:14:47,392 - sflow.task.server_5 - INFO - Loading weights:   3%|▎         | 48/1458 [00:03<00:55, 25.41it/s]
2026-07-24 19:14:47,392 - sflow.task.server_5 - INFO - 3:
2026-07-24 19:14:47,392 - sflow.task.server_5 - INFO - Loading weights:   3%|▎         | 48/1458 [00:03<00:55, 25.35it/s]
2026-07-24 19:14:47,444 - sflow.task.server_5 - INFO - 1:
2026-07-24 19:14:47,444 - sflow.task.server_5 - INFO - Loading weights:   3%|▎         | 49/1458 [00:03<00:56, 24.73it/s]
2026-07-24 19:14:47,597 - sflow.task.server_5 - INFO - 0:
2026-07-24 19:14:47,597 - sflow.task.server_5 - INFO - Loading weights:   4%|▎         | 54/1458 [00:03<00:53, 26.06it/s]
2026-07-24 19:14:47,597 - sflow.task.server_5 - INFO - 2:
2026-07-24 19:14:47,597 - sflow.task.server_5 - INFO - Loading weights:   4%|▎         | 54/1458 [00:03<00:53, 26.06it/s]
2026-07-24 19:14:47,597 - sflow.task.server_5 - INFO - 3:
2026-07-24 19:14:47,597 - sflow.task.server_5 - INFO - Loading weights:   4%|▎         | 54/1458 [00:03<00:53, 26.05it/s]
2026-07-24 19:14:47,597 - sflow.task.server_5 - INFO - 1:
2026-07-24 19:14:47,597 - sflow.task.server_5 - INFO - Loading weights:   4%|▎         | 54/1458 [00:03<00:53, 26.48it/s]
2026-07-24 19:14:47,597 - sflow.task.server_5 - INFO - 4:
2026-07-24 19:14:47,597 - sflow.task.server_5 - INFO - Loading weights:   5%|▌         | 78/1458 [00:04<01:19, 17.31it/s]
2026-07-24 19:14:47,648 - sflow.task.server_5 - INFO - 6:
2026-07-24 19:14:47,648 - sflow.task.server_5 - INFO - Loading weights:   5%|▌         | 78/1458 [00:04<01:21, 17.00it/s]
2026-07-24 19:14:47,648 - sflow.task.server_5 - INFO - 7:
2026-07-24 19:14:47,648 - sflow.task.server_5 - INFO - Loading weights:   5%|▌         | 78/1458 [00:04<01:21, 16.84it/s]
2026-07-24 19:14:47,648 - sflow.task.server_5 - INFO - 5:
2026-07-24 19:14:47,648 - sflow.task.server_5 - INFO - Loading weights:   5%|▌         | 78/1458 [00:04<01:21, 16.94it/s]
2026-07-24 19:14:47,749 - sflow.task.server_5 - INFO - 4:
2026-07-24 19:14:47,749 - sflow.task.server_5 - INFO - Loading weights:   6%|▌         | 82/1458 [00:04<01:10, 19.50it/s]
2026-07-24 19:14:47,749 - sflow.task.server_5 - INFO - 6:
2026-07-24 19:14:47,749 - sflow.task.server_5 - INFO - Loading weights:   6%|▌         | 82/1458 [00:04<01:10, 19.43it/s]
2026-07-24 19:14:47,750 - sflow.task.server_5 - INFO - 5:
2026-07-24 19:14:47,750 - sflow.task.server_5 - INFO - Loading weights:   6%|▌         | 85/1458 [00:04<01:00, 22.55it/s]
2026-07-24 19:14:47,750 - sflow.task.server_5 - INFO - 7:
2026-07-24 19:14:47,750 - sflow.task.server_5 - INFO - Loading weights:   6%|▌         | 85/1458 [00:04<01:01, 22.37it/s]
2026-07-24 19:14:47,852 - sflow.task.server_5 - INFO - 6:
2026-07-24 19:14:47,852 - sflow.task.server_5 - INFO - Loading weights:   6%|▋         | 92/1458 [00:04<00:46, 29.45it/s]
2026-07-24 19:14:47,852 - sflow.task.server_5 - INFO - 7:
2026-07-24 19:14:47,852 - sflow.task.server_5 - INFO - Loading weights:   6%|▋         | 92/1458 [00:04<00:47, 28.57it/s]
2026-07-24 19:14:47,852 - sflow.task.server_5 - INFO - 4:
2026-07-24 19:14:47,852 - sflow.task.server_5 - INFO - Loading weights:   6%|▋         | 92/1458 [00:04<00:46, 29.51it/s]
2026-07-24 19:14:47,852 - sflow.task.server_5 - INFO - 5:
2026-07-24 19:14:47,852 - sflow.task.server_5 - INFO - Loading weights:   6%|▋         | 92/1458 [00:04<00:47, 28.71it/s]
2026-07-24 19:14:47,852 - sflow.task.server_5 - INFO - 0:
2026-07-24 19:14:47,852 - sflow.task.server_5 - INFO - Loading weights:   4%|▍         | 59/1458 [00:03<00:58, 23.94it/s]
2026-07-24 19:14:47,852 - sflow.task.server_5 - INFO - 2:
2026-07-24 19:14:47,852 - sflow.task.server_5 - INFO - Loading weights:   4%|▍         | 59/1458 [00:03<00:58, 23.94it/s]
2026-07-24 19:14:47,852 - sflow.task.server_5 - INFO - 3:
2026-07-24 19:14:47,852 - sflow.task.server_5 - INFO - Loading weights:   4%|▍         | 59/1458 [00:03<00:58, 23.93it/s]
2026-07-24 19:14:47,852 - sflow.task.server_5 - INFO - 1:
2026-07-24 19:14:47,852 - sflow.task.server_5 - INFO - Loading weights:   4%|▍         | 58/1458 [00:03<01:01, 22.93it/s]
2026-07-24 19:14:47,954 - sflow.task.server_5 - INFO - 1:
2026-07-24 19:14:47,954 - sflow.task.server_5 - INFO - Loading weights:   5%|▍         | 67/1458 [00:03<00:42, 33.07it/s]
2026-07-24 19:14:47,954 - sflow.task.server_5 - INFO - 2:
2026-07-24 19:14:47,954 - sflow.task.server_5 - INFO - Loading weights:   5%|▍         | 67/1458 [00:04<00:43, 32.09it/s]
2026-07-24 19:14:47,954 - sflow.task.server_5 - INFO - 3:
2026-07-24 19:14:47,954 - sflow.task.server_5 - INFO - Loading weights:   5%|▍         | 67/1458 [00:04<00:43, 32.05it/s]
2026-07-24 19:14:47,954 - sflow.task.server_5 - INFO - 0:
2026-07-24 19:14:47,954 - sflow.task.server_5 - INFO - Loading weights:   5%|▍         | 67/1458 [00:04<00:43, 32.05it/s]
2026-07-24 19:14:48,006 - sflow.task.server_5 - INFO - 6:
2026-07-24 19:14:48,006 - sflow.task.server_5 - INFO - Loading weights:   7%|▋         | 97/1458 [00:05<00:43, 30.98it/s]
2026-07-24 19:14:48,006 - sflow.task.server_5 - INFO - 7:
2026-07-24 19:14:48,006 - sflow.task.server_5 - INFO - Loading weights:   7%|▋         | 97/1458 [00:05<00:44, 30.29it/s]
2026-07-24 19:14:48,006 - sflow.task.server_5 - INFO - 4:
2026-07-24 19:14:48,006 - sflow.task.server_5 - INFO - Loading weights:   7%|▋         | 97/1458 [00:05<00:43, 31.04it/s]
2026-07-24 19:14:48,006 - sflow.task.server_5 - INFO - 5:
2026-07-24 19:14:48,006 - sflow.task.server_5 - INFO - Loading weights:   7%|▋         | 97/1458 [00:05<00:44, 30.43it/s]
2026-07-24 19:14:48,108 - sflow.task.server_5 - INFO - 3:
2026-07-24 19:14:48,108 - sflow.task.server_5 - INFO - Loading weights:   5%|▍         | 72/1458 [00:04<00:40, 34.36it/s]
2026-07-24 19:14:48,108 - sflow.task.server_5 - INFO - 1:
2026-07-24 19:14:48,108 - sflow.task.server_5 - INFO - Loading weights:   5%|▍         | 72/1458 [00:04<00:39, 34.95it/s]
2026-07-24 19:14:48,109 - sflow.task.server_5 - INFO - 2:
2026-07-24 19:14:48,109 - sflow.task.server_5 - INFO - Loading weights:   5%|▍         | 72/1458 [00:04<00:40, 33.87it/s]
2026-07-24 19:14:48,109 - sflow.task.server_5 - INFO - 0:
2026-07-24 19:14:48,109 - sflow.task.server_5 - INFO - Loading weights:   5%|▍         | 72/1458 [00:04<00:40, 33.83it/s]
2026-07-24 19:14:48,210 - sflow.task.server_5 - INFO - 1:
2026-07-24 19:14:48,210 - sflow.task.server_5 - INFO - Loading weights:   5%|▌         | 77/1458 [00:04<00:37, 36.63it/s]
2026-07-24 19:14:48,210 - sflow.task.server_5 - INFO - 2:
2026-07-24 19:14:48,210 - sflow.task.server_5 - INFO - Loading weights:   5%|▌         | 77/1458 [00:04<00:38, 36.30it/s]
2026-07-24 19:14:48,210 - sflow.task.server_5 - INFO - 3:
2026-07-24 19:14:48,211 - sflow.task.server_5 - INFO - Loading weights:   5%|▌         | 77/1458 [00:04<00:38, 36.13it/s]
2026-07-24 19:14:48,211 - sflow.task.server_5 - INFO - 0:
2026-07-24 19:14:48,211 - sflow.task.server_5 - INFO - Loading weights:   5%|▌         | 77/1458 [00:04<00:38, 36.33it/s]
2026-07-24 19:14:48,211 - sflow.task.server_5 - INFO - 4:
2026-07-24 19:14:48,211 - sflow.task.server_5 - INFO - Loading weights:   7%|▋         | 102/1458 [00:05<00:49, 27.55it/s]
2026-07-24 19:14:48,364 - sflow.task.server_5 - INFO - 4:
2026-07-24 19:14:48,364 - sflow.task.server_5 - INFO - Loading weights:   7%|▋         | 106/1458 [00:05<00:46, 29.15it/s]
2026-07-24 19:14:48,466 - sflow.task.server_5 - INFO - 4:
2026-07-24 19:14:48,466 - sflow.task.server_5 - INFO - Loading weights:   8%|▊         | 116/1458 [00:05<00:32, 41.69it/s]
2026-07-24 19:14:48,568 - sflow.task.server_5 - INFO - 4:
2026-07-24 19:14:48,568 - sflow.task.server_5 - INFO - Loading weights:   8%|▊         | 122/1458 [00:05<00:31, 42.56it/s]
2026-07-24 19:14:48,671 - sflow.task.server_5 - INFO - 6:
2026-07-24 19:14:48,671 - sflow.task.server_5 - INFO - Loading weights:   7%|▋         | 102/1458 [00:05<01:21, 16.68it/s]
2026-07-24 19:14:48,723 - sflow.task.server_5 - INFO - 7:
2026-07-24 19:14:48,723 - sflow.task.server_5 - INFO - Loading weights:   7%|▋         | 102/1458 [00:05<01:24, 16.13it/s]
2026-07-24 19:14:48,774 - sflow.task.server_5 - INFO - 5:
2026-07-24 19:14:48,774 - sflow.task.server_5 - INFO - Loading weights:   7%|▋         | 102/1458 [00:05<01:30, 15.00it/s]
2026-07-24 19:14:48,774 - sflow.task.server_5 - INFO - 6:
2026-07-24 19:14:48,774 - sflow.task.server_5 - INFO - Loading weights:   7%|▋         | 109/1458 [00:05<01:00, 22.26it/s]
2026-07-24 19:14:48,826 - sflow.task.server_5 - INFO - 7:
2026-07-24 19:14:48,826 - sflow.task.server_5 - INFO - Loading weights:   7%|▋         | 109/1458 [00:05<01:01, 21.78it/s]
2026-07-24 19:14:48,877 - sflow.task.server_5 - INFO - 5:
2026-07-24 19:14:48,877 - sflow.task.server_5 - INFO - Loading weights:   7%|▋         | 109/1458 [00:05<01:05, 20.45it/s]
2026-07-24 19:14:48,929 - sflow.task.server_5 - INFO - 7:
2026-07-24 19:14:48,929 - sflow.task.server_5 - INFO - Loading weights:   8%|▊         | 119/1458 [00:05<00:41, 32.07it/s]
2026-07-24 19:14:48,929 - sflow.task.server_5 - INFO - 6:
2026-07-24 19:14:48,929 - sflow.task.server_5 - INFO - Loading weights:   8%|▊         | 118/1458 [00:05<00:43, 30.61it/s]
2026-07-24 19:14:48,980 - sflow.task.server_5 - INFO - 3:
2026-07-24 19:14:48,980 - sflow.task.server_5 - INFO - Loading weights:   6%|▌         | 82/1458 [00:05<01:27, 15.66it/s]
2026-07-24 19:14:49,032 - sflow.task.server_5 - INFO - 7:
2026-07-24 19:14:49,032 - sflow.task.server_5 - INFO - Loading weights:   9%|▊         | 125/1458 [00:06<00:36, 36.45it/s]
2026-07-24 19:14:49,032 - sflow.task.server_5 - INFO - 2:
2026-07-24 19:14:49,032 - sflow.task.server_5 - INFO - Loading weights:   6%|▌         | 82/1458 [00:05<01:28, 15.50it/s]
2026-07-24 19:14:49,032 - sflow.task.server_5 - INFO - 5:
2026-07-24 19:14:49,032 - sflow.task.server_5 - INFO - Loading weights:   8%|▊         | 121/1458 [00:06<00:43, 31.08it/s]
2026-07-24 19:14:49,083 - sflow.task.server_5 - INFO - 1:
2026-07-24 19:14:49,083 - sflow.task.server_5 - INFO - Loading weights:   6%|▌         | 82/1458 [00:05<01:33, 14.75it/s]
2026-07-24 19:14:49,134 - sflow.task.server_5 - INFO - 0:
2026-07-24 19:14:49,134 - sflow.task.server_5 - INFO - Loading weights:   6%|▌         | 82/1458 [00:05<01:36, 14.21it/s]
2026-07-24 19:14:49,134 - sflow.task.server_5 - INFO - 2:
2026-07-24 19:14:49,134 - sflow.task.server_5 - INFO - Loading weights:   6%|▋         | 92/1458 [00:05<00:56, 24.15it/s]
2026-07-24 19:14:49,134 - sflow.task.server_5 - INFO - 3:
2026-07-24 19:14:49,134 - sflow.task.server_5 - INFO - Loading weights:   6%|▋         | 92/1458 [00:05<00:56, 24.02it/s]
2026-07-24 19:14:49,186 - sflow.task.server_5 - INFO - 1:
2026-07-24 19:14:49,186 - sflow.task.server_5 - INFO - Loading weights:   6%|▋         | 94/1458 [00:05<00:54, 25.17it/s]
2026-07-24 19:14:49,236 - sflow.task.server_5 - INFO - 0:
2026-07-24 19:14:49,237 - sflow.task.server_5 - INFO - Loading weights:   6%|▋         | 92/1458 [00:05<01:00, 22.49it/s]
2026-07-24 19:14:49,287 - sflow.task.server_5 - INFO - 2:
2026-07-24 19:14:49,287 - sflow.task.server_5 - INFO - Loading weights:   7%|▋         | 97/1458 [00:05<00:52, 25.97it/s]
2026-07-24 19:14:49,287 - sflow.task.server_5 - INFO - 3:
2026-07-24 19:14:49,287 - sflow.task.server_5 - INFO - Loading weights:   7%|▋         | 97/1458 [00:05<00:52, 25.85it/s]
2026-07-24 19:14:49,339 - sflow.task.server_5 - INFO - 1:
2026-07-24 19:14:49,339 - sflow.task.server_5 - INFO - Loading weights:   7%|▋         | 100/1458 [00:05<00:47, 28.61it/s]
2026-07-24 19:14:49,491 - sflow.task.server_5 - INFO - 2:
2026-07-24 19:14:49,491 - sflow.task.server_5 - INFO - Loading weights:   7%|▋         | 102/1458 [00:05<00:53, 25.12it/s]
2026-07-24 19:14:49,491 - sflow.task.server_5 - INFO - 3:
2026-07-24 19:14:49,491 - sflow.task.server_5 - INFO - Loading weights:   7%|▋         | 102/1458 [00:05<00:54, 24.81it/s]
2026-07-24 19:14:49,543 - sflow.task.server_5 - INFO - 4:
2026-07-24 19:14:49,543 - sflow.task.server_5 - INFO - Loading weights:   9%|▉         | 128/1458 [00:06<01:21, 16.40it/s]
2026-07-24 19:14:49,594 - sflow.task.server_5 - INFO - 2:
2026-07-24 19:14:49,594 - sflow.task.server_5 - INFO - Loading weights:   7%|▋         | 106/1458 [00:05<00:50, 26.62it/s]
2026-07-24 19:14:49,594 - sflow.task.server_5 - INFO - 3:
2026-07-24 19:14:49,594 - sflow.task.server_5 - INFO - Loading weights:   7%|▋         | 106/1458 [00:05<00:50, 26.64it/s]
2026-07-24 19:14:49,646 - sflow.task.server_5 - INFO - 4:
2026-07-24 19:14:49,646 - sflow.task.server_5 - INFO - Loading weights:  10%|▉         | 140/1458 [00:06<00:51, 25.42it/s]
2026-07-24 19:14:49,747 - sflow.task.server_5 - INFO - 2:
2026-07-24 19:14:49,747 - sflow.task.server_5 - INFO - Loading weights:   8%|▊         | 116/1458 [00:05<00:36, 37.07it/s]
2026-07-24 19:14:49,747 - sflow.task.server_5 - INFO - 3:
2026-07-24 19:14:49,747 - sflow.task.server_5 - INFO - Loading weights:   8%|▊         | 116/1458 [00:05<00:36, 37.08it/s]
2026-07-24 19:14:49,798 - sflow.task.server_5 - INFO - 4:
2026-07-24 19:14:49,798 - sflow.task.server_5 - INFO - Loading weights:  10%|▉         | 145/1458 [00:06<00:48, 26.86it/s]
2026-07-24 19:14:49,850 - sflow.task.server_5 - INFO - 6:
2026-07-24 19:14:49,850 - sflow.task.server_5 - INFO - Loading weights:   9%|▊         | 126/1458 [00:06<01:18, 16.88it/s]
2026-07-24 19:14:49,901 - sflow.task.server_5 - INFO - 2:
2026-07-24 19:14:49,901 - sflow.task.server_5 - INFO - Loading weights:   8%|▊         | 121/1458 [00:05<00:36, 36.89it/s]
2026-07-24 19:14:49,901 - sflow.task.server_5 - INFO - 3:
2026-07-24 19:14:49,901 - sflow.task.server_5 - INFO - Loading weights:   8%|▊         | 121/1458 [00:05<00:36, 36.90it/s]
2026-07-24 19:14:49,952 - sflow.task.server_5 - INFO - 5:
2026-07-24 19:14:49,952 - sflow.task.server_5 - INFO - Loading weights:   9%|▊         | 127/1458 [00:06<01:20, 16.59it/s]
2026-07-24 19:14:49,952 - sflow.task.server_5 - INFO - 6:
2026-07-24 19:14:49,952 - sflow.task.server_5 - INFO - Loading weights:   9%|▉         | 133/1458 [00:06<01:01, 21.45it/s]
2026-07-24 19:14:49,952 - sflow.task.server_5 - INFO - 7:
2026-07-24 19:14:49,952 - sflow.task.server_5 - INFO - Loading weights:   9%|▉         | 131/1458 [00:06<01:22, 16.09it/s]
2026-07-24 19:14:50,053 - sflow.task.server_5 - INFO - 5:
2026-07-24 19:14:50,054 - sflow.task.server_5 - INFO - Loading weights:   9%|▉         | 133/1458 [00:07<01:05, 20.37it/s]
2026-07-24 19:14:50,054 - sflow.task.server_5 - INFO - 6:
2026-07-24 19:14:50,054 - sflow.task.server_5 - INFO - Loading weights:  10%|▉         | 143/1458 [00:07<00:43, 30.17it/s]
2026-07-24 19:14:50,054 - sflow.task.server_5 - INFO - 7:
2026-07-24 19:14:50,054 - sflow.task.server_5 - INFO - Loading weights:  10%|▉         | 142/1458 [00:07<00:53, 24.56it/s]
2026-07-24 19:14:50,156 - sflow.task.server_5 - INFO - 5:
2026-07-24 19:14:50,156 - sflow.task.server_5 - INFO - Loading weights:  10%|▉         | 142/1458 [00:07<00:47, 27.98it/s]
2026-07-24 19:14:50,207 - sflow.task.server_5 - INFO - 0:
2026-07-24 19:14:50,207 - sflow.task.server_5 - INFO - Loading weights:   7%|▋         | 102/1458 [00:06<01:27, 15.59it/s]
2026-07-24 19:14:50,207 - sflow.task.server_5 - INFO - 1:
2026-07-24 19:14:50,207 - sflow.task.server_5 - INFO - Loading weights:   7%|▋         | 106/1458 [00:06<01:28, 15.35it/s]
2026-07-24 19:14:50,309 - sflow.task.server_5 - INFO - 0:
2026-07-24 19:14:50,309 - sflow.task.server_5 - INFO - Loading weights:   7%|▋         | 109/1458 [00:06<01:08, 19.68it/s]
2026-07-24 19:14:50,309 - sflow.task.server_5 - INFO - 1:
2026-07-24 19:14:50,309 - sflow.task.server_5 - INFO - Loading weights:   8%|▊         | 116/1458 [00:06<00:59, 22.62it/s]
2026-07-24 19:14:50,412 - sflow.task.server_5 - INFO - 7:
2026-07-24 19:14:50,412 - sflow.task.server_5 - INFO - Loading weights:  10%|█         | 150/1458 [00:07<00:53, 24.42it/s]
2026-07-24 19:14:50,412 - sflow.task.server_5 - INFO - 0:
2026-07-24 19:14:50,412 - sflow.task.server_5 - INFO - Loading weights:   8%|▊         | 118/1458 [00:06<00:51, 26.26it/s]
2026-07-24 19:14:50,515 - sflow.task.server_5 - INFO - 7:
2026-07-24 19:14:50,515 - sflow.task.server_5 - INFO - Loading weights:  11%|█         | 155/1458 [00:07<00:48, 26.71it/s]
2026-07-24 19:14:50,515 - sflow.task.server_5 - INFO - 4:
2026-07-24 19:14:50,515 - sflow.task.server_5 - INFO - Loading weights:  10%|█         | 150/1458 [00:07<01:19, 16.37it/s]
2026-07-24 19:14:50,667 - sflow.task.server_5 - INFO - 7:
2026-07-24 19:14:50,667 - sflow.task.server_5 - INFO - Loading weights:  11%|█         | 164/1458 [00:07<00:37, 34.24it/s]
2026-07-24 19:14:50,667 - sflow.task.server_5 - INFO - 4:
2026-07-24 19:14:50,667 - sflow.task.server_5 - INFO - Loading weights:  11%|█         | 154/1458 [00:07<01:11, 18.23it/s]
2026-07-24 19:14:50,667 - sflow.task.server_5 - INFO - 3:
2026-07-24 19:14:50,667 - sflow.task.server_5 - INFO - Loading weights:   9%|▊         | 126/1458 [00:06<01:18, 16.96it/s]
2026-07-24 19:14:50,769 - sflow.task.server_5 - INFO - 3:
2026-07-24 19:14:50,769 - sflow.task.server_5 - INFO - Loading weights:   9%|▉         | 133/1458 [00:06<00:58, 22.66it/s]
2026-07-24 19:14:50,769 - sflow.task.server_5 - INFO - 4:
2026-07-24 19:14:50,769 - sflow.task.server_5 - INFO - Loading weights:  11%|█         | 164/1458 [00:07<00:47, 27.03it/s]
2026-07-24 19:14:50,769 - sflow.task.server_5 - INFO - 7:
2026-07-24 19:14:50,769 - sflow.task.server_5 - INFO - Loading weights:  12%|█▏        | 170/1458 [00:07<00:36, 35.57it/s]
2026-07-24 19:14:50,821 - sflow.task.server_5 - INFO - 2:
2026-07-24 19:14:50,821 - sflow.task.server_5 - INFO - Loading weights:   9%|▊         | 126/1458 [00:06<01:30, 14.67it/s]
2026-07-24 19:14:50,923 - sflow.task.server_5 - INFO - 4:
2026-07-24 19:14:50,923 - sflow.task.server_5 - INFO - Loading weights:  12%|█▏        | 171/1458 [00:07<00:40, 32.06it/s]
2026-07-24 19:14:50,923 - sflow.task.server_5 - INFO - 3:
2026-07-24 19:14:50,923 - sflow.task.server_5 - INFO - Loading weights:  10%|▉         | 140/1458 [00:06<00:48, 27.42it/s]
2026-07-24 19:14:50,923 - sflow.task.server_5 - INFO - 2:
2026-07-24 19:14:50,923 - sflow.task.server_5 - INFO - Loading weights:   9%|▉         | 133/1458 [00:07<01:06, 19.84it/s]
2026-07-24 19:14:51,025 - sflow.task.server_5 - INFO - 6:
2026-07-24 19:14:51,025 - sflow.task.server_5 - INFO - Loading weights:  10%|█         | 150/1458 [00:08<01:21, 16.10it/s]
2026-07-24 19:14:51,025 - sflow.task.server_5 - INFO - 3:
2026-07-24 19:14:51,025 - sflow.task.server_5 - INFO - Loading weights:  10%|▉         | 145/1458 [00:07<00:44, 29.38it/s]
2026-07-24 19:14:51,025 - sflow.task.server_5 - INFO - 2:
2026-07-24 19:14:51,025 - sflow.task.server_5 - INFO - Loading weights:  10%|▉         | 143/1458 [00:07<00:44, 29.49it/s]
2026-07-24 19:14:51,076 - sflow.task.server_5 - INFO - 5:
2026-07-24 19:14:51,076 - sflow.task.server_5 - INFO - Loading weights:  10%|█         | 150/1458 [00:08<01:20, 16.31it/s]
2026-07-24 19:14:51,127 - sflow.task.server_5 - INFO - 6:
2026-07-24 19:14:51,127 - sflow.task.server_5 - INFO - Loading weights:  11%|█         | 157/1458 [00:08<01:04, 20.30it/s]
2026-07-24 19:14:51,178 - sflow.task.server_5 - INFO - 5:
2026-07-24 19:14:51,178 - sflow.task.server_5 - INFO - Loading weights:  11%|█         | 157/1458 [00:08<01:02, 20.65it/s]
2026-07-24 19:14:51,178 - sflow.task.server_5 - INFO - 4:
2026-07-24 19:14:51,178 - sflow.task.server_5 - INFO - Loading weights:  12%|█▏        | 176/1458 [00:08<00:48, 26.57it/s]
2026-07-24 19:14:51,230 - sflow.task.server_5 - INFO - 6:
2026-07-24 19:14:51,230 - sflow.task.server_5 - INFO - Loading weights:  11%|█▏        | 167/1458 [00:08<00:45, 28.56it/s]
2026-07-24 19:14:51,281 - sflow.task.server_5 - INFO - 5:
2026-07-24 19:14:51,281 - sflow.task.server_5 - INFO - Loading weights:  12%|█▏        | 168/1458 [00:08<00:42, 30.11it/s]
2026-07-24 19:14:51,281 - sflow.task.server_5 - INFO - 4:
2026-07-24 19:14:51,281 - sflow.task.server_5 - INFO - Loading weights:  13%|█▎        | 187/1458 [00:08<00:33, 38.36it/s]
2026-07-24 19:14:51,384 - sflow.task.server_5 - INFO - 1:
2026-07-24 19:14:51,384 - sflow.task.server_5 - INFO - Loading weights:   9%|▊         | 126/1458 [00:07<01:28, 15.01it/s]
2026-07-24 19:14:51,435 - sflow.task.server_5 - INFO - 0:
2026-07-24 19:14:51,435 - sflow.task.server_5 - INFO - Loading weights:   9%|▊         | 126/1458 [00:07<01:26, 15.35it/s]
2026-07-24 19:14:51,486 - sflow.task.server_5 - INFO - 1:
2026-07-24 19:14:51,486 - sflow.task.server_5 - INFO - Loading weights:   9%|▉         | 133/1458 [00:07<01:10, 18.88it/s]
2026-07-24 19:14:51,538 - sflow.task.server_5 - INFO - 4:
2026-07-24 19:14:51,538 - sflow.task.server_5 - INFO - Loading weights:  13%|█▎        | 193/1458 [00:08<00:36, 34.57it/s]
2026-07-24 19:14:51,589 - sflow.task.server_5 - INFO - 0:
2026-07-24 19:14:51,589 - sflow.task.server_5 - INFO - Loading weights:   9%|▉         | 133/1458 [00:07<01:08, 19.28it/s]
2026-07-24 19:14:51,589 - sflow.task.server_5 - INFO - 5:
2026-07-24 19:14:51,589 - sflow.task.server_5 - INFO - Loading weights:  12%|█▏        | 175/1458 [00:08<00:46, 27.66it/s]
2026-07-24 19:14:51,640 - sflow.task.server_5 - INFO - 1:
2026-07-24 19:14:51,640 - sflow.task.server_5 - INFO - Loading weights:  10%|▉         | 145/1458 [00:07<00:48, 26.84it/s]
2026-07-24 19:14:51,692 - sflow.task.server_5 - INFO - 0:
2026-07-24 19:14:51,692 - sflow.task.server_5 - INFO - Loading weights:  10%|▉         | 142/1458 [00:07<00:50, 26.04it/s]
2026-07-24 19:14:51,692 - sflow.task.server_5 - INFO - 7:
2026-07-24 19:14:51,692 - sflow.task.server_5 - INFO - Loading weights:  12%|█▏        | 175/1458 [00:08<01:21, 15.78it/s]
2026-07-24 19:14:51,692 - sflow.task.server_5 - INFO - 5:
2026-07-24 19:14:51,692 - sflow.task.server_5 - INFO - Loading weights:  12%|█▏        | 181/1458 [00:08<00:40, 31.66it/s]
2026-07-24 19:14:51,796 - sflow.task.server_5 - INFO - 5:
2026-07-24 19:14:51,796 - sflow.task.server_5 - INFO - Loading weights:  13%|█▎        | 190/1458 [00:08<00:31, 40.31it/s]
2026-07-24 19:14:51,796 - sflow.task.server_5 - INFO - 7:
2026-07-24 19:14:51,796 - sflow.task.server_5 - INFO - Loading weights:  12%|█▏        | 181/1458 [00:08<01:05, 19.61it/s]
2026-07-24 19:14:51,950 - sflow.task.server_5 - INFO - 7:
2026-07-24 19:14:51,950 - sflow.task.server_5 - INFO - Loading weights:  13%|█▎        | 190/1458 [00:08<00:46, 27.05it/s]
2026-07-24 19:14:51,950 - sflow.task.server_5 - INFO - 3:
2026-07-24 19:14:51,950 - sflow.task.server_5 - INFO - Loading weights:  10%|█         | 150/1458 [00:08<01:36, 13.62it/s]
2026-07-24 19:14:52,001 - sflow.task.server_5 - INFO - 2:
2026-07-24 19:14:52,001 - sflow.task.server_5 - INFO - Loading weights:  10%|█         | 150/1458 [00:08<01:22, 15.84it/s]
2026-07-24 19:14:52,052 - sflow.task.server_5 - INFO - 3:
2026-07-24 19:14:52,052 - sflow.task.server_5 - INFO - Loading weights:  11%|█         | 154/1458 [00:08<01:22, 15.80it/s]
2026-07-24 19:14:52,103 - sflow.task.server_5 - INFO - 6:
2026-07-24 19:14:52,103 - sflow.task.server_5 - INFO - Loading weights:  12%|█▏        | 174/1458 [00:09<01:14, 17.22it/s]
2026-07-24 19:14:52,103 - sflow.task.server_5 - INFO - 2:
2026-07-24 19:14:52,103 - sflow.task.server_5 - INFO - Loading weights:  11%|█         | 157/1458 [00:08<01:04, 20.26it/s]
2026-07-24 19:14:52,206 - sflow.task.server_5 - INFO - 3:
2026-07-24 19:14:52,206 - sflow.task.server_5 - INFO - Loading weights:  11%|█         | 164/1458 [00:08<00:51, 25.19it/s]
2026-07-24 19:14:52,206 - sflow.task.server_5 - INFO - 6:
2026-07-24 19:14:52,206 - sflow.task.server_5 - INFO - Loading weights:  12%|█▏        | 181/1458 [00:09<00:59, 21.47it/s]
2026-07-24 19:14:52,206 - sflow.task.server_5 - INFO - 4:
2026-07-24 19:14:52,206 - sflow.task.server_5 - INFO - Loading weights:  14%|█▎        | 198/1458 [00:09<01:06, 18.83it/s]
2026-07-24 19:14:52,206 - sflow.task.server_5 - INFO - 2:
2026-07-24 19:14:52,206 - sflow.task.server_5 - INFO - Loading weights:  11%|█▏        | 166/1458 [00:08<00:47, 27.20it/s]
2026-07-24 19:14:52,309 - sflow.task.server_5 - INFO - 6:
2026-07-24 19:14:52,309 - sflow.task.server_5 - INFO - Loading weights:  13%|█▎        | 190/1458 [00:09<00:44, 28.67it/s]
2026-07-24 19:14:52,309 - sflow.task.server_5 - INFO - 4:
2026-07-24 19:14:52,309 - sflow.task.server_5 - INFO - Loading weights:  14%|█▍        | 202/1458 [00:09<01:00, 20.89it/s]
2026-07-24 19:14:52,309 - sflow.task.server_5 - INFO - 3:
2026-07-24 19:14:52,309 - sflow.task.server_5 - INFO - Loading weights:  12%|█▏        | 169/1458 [00:08<00:47, 27.33it/s]
2026-07-24 19:14:52,361 - sflow.task.server_5 - INFO - 2:
2026-07-24 19:14:52,361 - sflow.task.server_5 - INFO - Loading weights:  12%|█▏        | 172/1458 [00:08<00:42, 30.21it/s]
2026-07-24 19:14:52,463 - sflow.task.server_5 - INFO - 4:
2026-07-24 19:14:52,463 - sflow.task.server_5 - INFO - Loading weights:  15%|█▍        | 212/1458 [00:09<00:41, 30.31it/s]
2026-07-24 19:14:52,463 - sflow.task.server_5 - INFO - 1:
2026-07-24 19:14:52,463 - sflow.task.server_5 - INFO - Loading weights:  10%|█         | 151/1458 [00:08<01:16, 17.02it/s]
2026-07-24 19:14:52,514 - sflow.task.server_5 - INFO - 0:
2026-07-24 19:14:52,514 - sflow.task.server_5 - INFO - Loading weights:  10%|█         | 150/1458 [00:08<01:15, 17.39it/s]
2026-07-24 19:14:52,566 - sflow.task.server_5 - INFO - 3:
2026-07-24 19:14:52,566 - sflow.task.server_5 - INFO - Loading weights:  12%|█▏        | 174/1458 [00:08<00:50, 25.61it/s]
2026-07-24 19:14:52,566 - sflow.task.server_5 - INFO - 1:
2026-07-24 19:14:52,566 - sflow.task.server_5 - INFO - Loading weights:  11%|█         | 157/1458 [00:08<01:03, 20.50it/s]
2026-07-24 19:14:52,618 - sflow.task.server_5 - INFO - 0:
2026-07-24 19:14:52,618 - sflow.task.server_5 - INFO - Loading weights:  11%|█         | 157/1458 [00:08<00:59, 21.72it/s]
2026-07-24 19:14:52,618 - sflow.task.server_5 - INFO - 5:
2026-07-24 19:14:52,618 - sflow.task.server_5 - INFO - Loading weights:  14%|█▎        | 198/1458 [00:09<00:59, 21.17it/s]
2026-07-24 19:14:52,618 - sflow.task.server_5 - INFO - 4:
2026-07-24 19:14:52,618 - sflow.task.server_5 - INFO - Loading weights:  15%|█▍        | 217/1458 [00:09<00:40, 30.61it/s]
2026-07-24 19:14:52,669 - sflow.task.server_5 - INFO - 1:
2026-07-24 19:14:52,669 - sflow.task.server_5 - INFO - Loading weights:  11%|█▏        | 167/1458 [00:08<00:44, 28.71it/s]
2026-07-24 19:14:52,669 - sflow.task.server_5 - INFO - 3:
2026-07-24 19:14:52,669 - sflow.task.server_5 - INFO - Loading weights:  12%|█▏        | 178/1458 [00:08<00:48, 26.27it/s]
2026-07-24 19:14:52,720 - sflow.task.server_5 - INFO - 5:
2026-07-24 19:14:52,720 - sflow.task.server_5 - INFO - Loading weights:  14%|█▍        | 206/1458 [00:09<00:46, 26.77it/s]
2026-07-24 19:14:52,720 - sflow.task.server_5 - INFO - 0:
2026-07-24 19:14:52,720 - sflow.task.server_5 - INFO - Loading weights:  12%|█▏        | 169/1458 [00:08<00:41, 31.30it/s]
2026-07-24 19:14:52,822 - sflow.task.server_5 - INFO - 7:
2026-07-24 19:14:52,822 - sflow.task.server_5 - INFO - Loading weights:  14%|█▎        | 198/1458 [00:09<01:16, 16.54it/s]
2026-07-24 19:14:52,822 - sflow.task.server_5 - INFO - 3:
2026-07-24 19:14:52,822 - sflow.task.server_5 - INFO - Loading weights:  13%|█▎        | 188/1458 [00:08<00:35, 36.01it/s]
2026-07-24 19:14:52,874 - sflow.task.server_5 - INFO - 5:
2026-07-24 19:14:52,874 - sflow.task.server_5 - INFO - Loading weights:  15%|█▍        | 217/1458 [00:09<00:35, 35.23it/s]
2026-07-24 19:14:52,925 - sflow.task.server_5 - INFO - 7:
2026-07-24 19:14:52,925 - sflow.task.server_5 - INFO - Loading weights:  14%|█▍        | 205/1458 [00:09<00:59, 20.93it/s]
2026-07-24 19:14:52,976 - sflow.task.server_5 - INFO - 3:
2026-07-24 19:14:52,976 - sflow.task.server_5 - INFO - Loading weights:  13%|█▎        | 193/1458 [00:09<00:36, 35.07it/s]
2026-07-24 19:14:53,028 - sflow.task.server_5 - INFO - 7:
2026-07-24 19:14:53,028 - sflow.task.server_5 - INFO - Loading weights:  15%|█▍        | 214/1458 [00:10<00:43, 28.35it/s]
2026-07-24 19:14:53,283 - sflow.task.server_5 - INFO - 6:
2026-07-24 19:14:53,284 - sflow.task.server_5 - INFO - Loading weights:  14%|█▎        | 198/1458 [00:10<01:17, 16.21it/s]
2026-07-24 19:14:53,388 - sflow.task.server_5 - INFO - 2:
2026-07-24 19:14:53,388 - sflow.task.server_5 - INFO - Loading weights:  12%|█▏        | 178/1458 [00:09<01:28, 14.51it/s]
2026-07-24 19:14:53,440 - sflow.task.server_5 - INFO - 6:
2026-07-24 19:14:53,440 - sflow.task.server_5 - INFO - Loading weights:  14%|█▍        | 205/1458 [00:10<01:01, 20.25it/s]
2026-07-24 19:14:53,492 - sflow.task.server_5 - INFO - 2:
2026-07-24 19:14:53,492 - sflow.task.server_5 - INFO - Loading weights:  13%|█▎        | 190/1458 [00:09<00:55, 22.98it/s]
2026-07-24 19:14:53,543 - sflow.task.server_5 - INFO - 6:
2026-07-24 19:14:53,543 - sflow.task.server_5 - INFO - Loading weights:  15%|█▍        | 214/1458 [00:10<00:45, 27.21it/s]
2026-07-24 19:14:53,543 - sflow.task.server_5 - INFO - 4:
2026-07-24 19:14:53,543 - sflow.task.server_5 - INFO - Loading weights:  15%|█▌        | 222/1458 [00:10<01:27, 14.20it/s]
2026-07-24 19:14:53,645 - sflow.task.server_5 - INFO - 4:
2026-07-24 19:14:53,645 - sflow.task.server_5 - INFO - Loading weights:  16%|█▌        | 226/1458 [00:10<01:15, 16.27it/s]
2026-07-24 19:14:53,696 - sflow.task.server_5 - INFO - 1:
2026-07-24 19:14:53,696 - sflow.task.server_5 - INFO - Loading weights:  12%|█▏        | 174/1458 [00:09<01:22, 15.59it/s]
2026-07-24 19:14:53,696 - sflow.task.server_5 - INFO - 5:
2026-07-24 19:14:53,696 - sflow.task.server_5 - INFO - Loading weights:  15%|█▌        | 224/1458 [00:10<01:03, 19.38it/s]
2026-07-24 19:14:53,748 - sflow.task.server_5 - INFO - 4:
2026-07-24 19:14:53,748 - sflow.task.server_5 - INFO - Loading weights:  16%|█▌        | 236/1458 [00:10<00:48, 25.45it/s]
2026-07-24 19:14:53,799 - sflow.task.server_5 - INFO - 1:
2026-07-24 19:14:53,799 - sflow.task.server_5 - INFO - Loading weights:  12%|█▏        | 181/1458 [00:09<01:04, 19.79it/s]
2026-07-24 19:14:53,799 - sflow.task.server_5 - INFO - 0:
2026-07-24 19:14:53,799 - sflow.task.server_5 - INFO - Loading weights:  12%|█▏        | 176/1458 [00:09<01:19, 16.14it/s]
2026-07-24 19:14:53,799 - sflow.task.server_5 - INFO - 3:
2026-07-24 19:14:53,799 - sflow.task.server_5 - INFO - Loading weights:  14%|█▎        | 198/1458 [00:09<01:19, 15.81it/s]
2026-07-24 19:14:53,799 - sflow.task.server_5 - INFO - 5:
2026-07-24 19:14:53,799 - sflow.task.server_5 - INFO - Loading weights:  16%|█▌        | 236/1458 [00:10<00:43, 28.19it/s]
2026-07-24 19:14:53,851 - sflow.task.server_5 - INFO - 4:
2026-07-24 19:14:53,851 - sflow.task.server_5 - INFO - Loading weights:  17%|█▋        | 243/1458 [00:10<00:39, 31.07it/s]
2026-07-24 19:14:53,902 - sflow.task.server_5 - INFO - 1:
2026-07-24 19:14:53,902 - sflow.task.server_5 - INFO - Loading weights:  13%|█▎        | 190/1458 [00:09<00:47, 26.52it/s]
2026-07-24 19:14:53,902 - sflow.task.server_5 - INFO - 0:
2026-07-24 19:14:53,902 - sflow.task.server_5 - INFO - Loading weights:  13%|█▎        | 188/1458 [00:09<00:53, 23.68it/s]
2026-07-24 19:14:53,902 - sflow.task.server_5 - INFO - 5:
2026-07-24 19:14:53,902 - sflow.task.server_5 - INFO - Loading weights:  17%|█▋        | 243/1458 [00:10<00:37, 32.70it/s]
2026-07-24 19:14:53,953 - sflow.task.server_5 - INFO - 3:
2026-07-24 19:14:53,953 - sflow.task.server_5 - INFO - Loading weights:  14%|█▍        | 202/1458 [00:10<01:12, 17.37it/s]
2026-07-24 19:14:53,953 - sflow.task.server_5 - INFO - 7:
2026-07-24 19:14:53,953 - sflow.task.server_5 - INFO - Loading weights:  15%|█▌        | 222/1458 [00:11<01:14, 16.59it/s]
2026-07-24 19:14:54,004 - sflow.task.server_5 - INFO - 0:
2026-07-24 19:14:54,004 - sflow.task.server_5 - INFO - Loading weights:  13%|█▎        | 195/1458 [00:10<00:45, 27.85it/s]
2026-07-24 19:14:54,106 - sflow.task.server_5 - INFO - 7:
2026-07-24 19:14:54,106 - sflow.task.server_5 - INFO - Loading weights:  16%|█▌        | 229/1458 [00:11<00:59, 20.78it/s]
2026-07-24 19:14:54,106 - sflow.task.server_5 - INFO - 3:
2026-07-24 19:14:54,106 - sflow.task.server_5 - INFO - Loading weights:  15%|█▍        | 212/1458 [00:10<00:47, 26.20it/s]
2026-07-24 19:14:54,259 - sflow.task.server_5 - INFO - 7:
2026-07-24 19:14:54,259 - sflow.task.server_5 - INFO - Loading weights:  17%|█▋        | 241/1458 [00:11<00:41, 29.64it/s]
2026-07-24 19:14:54,310 - sflow.task.server_5 - INFO - 3:
2026-07-24 19:14:54,310 - sflow.task.server_5 - INFO - Loading weights:  15%|█▍        | 217/1458 [00:10<00:47, 26.34it/s]
2026-07-24 19:14:54,463 - sflow.task.server_5 - INFO - 7:
2026-07-24 19:14:54,463 - sflow.task.server_5 - INFO - Loading weights:  17%|█▋        | 247/1458 [00:11<00:42, 28.82it/s]
2026-07-24 19:14:54,566 - sflow.task.server_5 - INFO - 7:
2026-07-24 19:14:54,566 - sflow.task.server_5 - INFO - Loading weights:  17%|█▋        | 253/1458 [00:11<00:36, 32.76it/s]
2026-07-24 19:14:54,668 - sflow.task.server_5 - INFO - 6:
2026-07-24 19:14:54,668 - sflow.task.server_5 - INFO - Loading weights:  15%|█▌        | 222/1458 [00:11<01:24, 14.69it/s]
2026-07-24 19:14:54,719 - sflow.task.server_5 - INFO - 7:
2026-07-24 19:14:54,719 - sflow.task.server_5 - INFO - Loading weights:  18%|█▊        | 265/1458 [00:11<00:27, 43.53it/s]
2026-07-24 19:14:54,771 - sflow.task.server_5 - INFO - 6:
2026-07-24 19:14:54,771 - sflow.task.server_5 - INFO - Loading weights:  16%|█▌        | 229/1458 [00:11<01:06, 18.59it/s]
2026-07-24 19:14:54,771 - sflow.task.server_5 - INFO - 2:
2026-07-24 19:14:54,771 - sflow.task.server_5 - INFO - Loading weights:  14%|█▎        | 198/1458 [00:10<01:38, 12.85it/s]
2026-07-24 19:14:54,873 - sflow.task.server_5 - INFO - 6:
2026-07-24 19:14:54,873 - sflow.task.server_5 - INFO - Loading weights:  16%|█▋        | 239/1458 [00:11<00:46, 26.10it/s]
2026-07-24 19:14:54,873 - sflow.task.server_5 - INFO - 2:
2026-07-24 19:14:54,874 - sflow.task.server_5 - INFO - Loading weights:  14%|█▍        | 203/1458 [00:10<01:22, 15.13it/s]
2026-07-24 19:14:54,925 - sflow.task.server_5 - INFO - 5:
2026-07-24 19:14:54,925 - sflow.task.server_5 - INFO - Loading weights:  17%|█▋        | 250/1458 [00:11<01:11, 16.91it/s]
2026-07-24 19:14:55,027 - sflow.task.server_5 - INFO - 2:
2026-07-24 19:14:55,027 - sflow.task.server_5 - INFO - Loading weights:  15%|█▍        | 212/1458 [00:11<00:59, 20.77it/s]
2026-07-24 19:14:55,027 - sflow.task.server_5 - INFO - 4:
2026-07-24 19:14:55,027 - sflow.task.server_5 - INFO - Loading weights:  17%|█▋        | 249/1458 [00:12<01:31, 13.21it/s]
2026-07-24 19:14:55,027 - sflow.task.server_5 - INFO - 5:
2026-07-24 19:14:55,027 - sflow.task.server_5 - INFO - Loading weights:  18%|█▊        | 262/1458 [00:12<00:48, 24.90it/s]
2026-07-24 19:14:55,129 - sflow.task.server_5 - INFO - 4:
2026-07-24 19:14:55,129 - sflow.task.server_5 - INFO - Loading weights:  18%|█▊        | 260/1458 [00:12<00:57, 20.73it/s]
2026-07-24 19:14:55,129 - sflow.task.server_5 - INFO - 1:
2026-07-24 19:14:55,129 - sflow.task.server_5 - INFO - Loading weights:  14%|█▎        | 198/1458 [00:11<01:31, 13.75it/s]
2026-07-24 19:14:55,129 - sflow.task.server_5 - INFO - 2:
2026-07-24 19:14:55,129 - sflow.task.server_5 - INFO - Loading weights:  15%|█▌        | 219/1458 [00:11<00:49, 24.83it/s]
2026-07-24 19:14:55,129 - sflow.task.server_5 - INFO - 6:
2026-07-24 19:14:55,129 - sflow.task.server_5 - INFO - Loading weights:  17%|█▋        | 246/1458 [00:12<00:46, 25.79it/s]
2026-07-24 19:14:55,180 - sflow.task.server_5 - INFO - 0:
2026-07-24 19:14:55,181 - sflow.task.server_5 - INFO - Loading weights:  14%|█▍        | 202/1458 [00:11<01:25, 14.65it/s]
2026-07-24 19:14:55,232 - sflow.task.server_5 - INFO - 1:
2026-07-24 19:14:55,232 - sflow.task.server_5 - INFO - Loading weights:  14%|█▍        | 205/1458 [00:11<01:11, 17.51it/s]
2026-07-24 19:14:55,285 - sflow.task.server_5 - INFO - 6:
2026-07-24 19:14:55,285 - sflow.task.server_5 - INFO - Loading weights:  17%|█▋        | 253/1458 [00:12<00:39, 30.65it/s]
2026-07-24 19:14:55,285 - sflow.task.server_5 - INFO - 0:
2026-07-24 19:14:55,285 - sflow.task.server_5 - INFO - Loading weights:  15%|█▍        | 212/1458 [00:11<01:01, 20.33it/s]
2026-07-24 19:14:55,336 - sflow.task.server_5 - INFO - 3:
2026-07-24 19:14:55,336 - sflow.task.server_5 - INFO - Loading weights:  15%|█▌        | 222/1458 [00:11<01:42, 12.07it/s]
2026-07-24 19:14:55,387 - sflow.task.server_5 - INFO - 6:
2026-07-24 19:14:55,387 - sflow.task.server_5 - INFO - Loading weights:  18%|█▊        | 263/1458 [00:12<00:29, 40.46it/s]
2026-07-24 19:14:55,387 - sflow.task.server_5 - INFO - 1:
2026-07-24 19:14:55,387 - sflow.task.server_5 - INFO - Loading weights:  15%|█▍        | 217/1458 [00:11<00:48, 25.37it/s]
2026-07-24 19:14:55,387 - sflow.task.server_5 - INFO - 0:
2026-07-24 19:14:55,387 - sflow.task.server_5 - INFO - Loading weights:  15%|█▌        | 219/1458 [00:11<00:50, 24.47it/s]
2026-07-24 19:14:55,489 - sflow.task.server_5 - INFO - 3:
2026-07-24 19:14:55,489 - sflow.task.server_5 - INFO - Loading weights:  15%|█▌        | 225/1458 [00:11<01:32, 13.40it/s]
2026-07-24 19:14:55,592 - sflow.task.server_5 - INFO - 3:
2026-07-24 19:14:55,592 - sflow.task.server_5 - INFO - Loading weights:  16%|█▌        | 235/1458 [00:11<00:56, 21.66it/s]
2026-07-24 19:14:55,744 - sflow.task.server_5 - INFO - 7:
2026-07-24 19:14:55,744 - sflow.task.server_5 - INFO - Loading weights:  19%|█▊        | 272/1458 [00:12<01:04, 18.40it/s]
2026-07-24 19:14:55,744 - sflow.task.server_5 - INFO - 3:
2026-07-24 19:14:55,744 - sflow.task.server_5 - INFO - Loading weights:  17%|█▋        | 241/1458 [00:11<00:48, 24.94it/s]
2026-07-24 19:14:55,847 - sflow.task.server_5 - INFO - 7:
2026-07-24 19:14:55,847 - sflow.task.server_5 - INFO - Loading weights:  19%|█▉        | 283/1458 [00:12<00:44, 26.23it/s]
2026-07-24 19:14:56,152 - sflow.task.server_5 - INFO - 7:
2026-07-24 19:14:56,153 - sflow.task.server_5 - INFO - Loading weights:  20%|█▉        | 290/1458 [00:13<00:46, 25.14it/s]
2026-07-24 19:14:56,204 - sflow.task.server_5 - INFO - 5:
2026-07-24 19:14:56,204 - sflow.task.server_5 - INFO - Loading weights:  19%|█▊        | 270/1458 [00:13<01:21, 14.61it/s]
2026-07-24 19:14:56,306 - sflow.task.server_5 - INFO - 5:
2026-07-24 19:14:56,306 - sflow.task.server_5 - INFO - Loading weights:  19%|█▉        | 277/1458 [00:13<01:04, 18.21it/s]
2026-07-24 19:14:56,408 - sflow.task.server_5 - INFO - 4:
2026-07-24 19:14:56,409 - sflow.task.server_5 - INFO - Loading weights:  19%|█▊        | 270/1458 [00:13<01:30, 13.17it/s]
2026-07-24 19:14:56,409 - sflow.task.server_5 - INFO - 2:
2026-07-24 19:14:56,409 - sflow.task.server_5 - INFO - Loading weights:  15%|█▌        | 225/1458 [00:12<01:42, 12.05it/s]
2026-07-24 19:14:56,460 - sflow.task.server_5 - INFO - 5:
2026-07-24 19:14:56,460 - sflow.task.server_5 - INFO - Loading weights:  20%|█▉        | 289/1458 [00:13<00:45, 25.84it/s]
2026-07-24 19:14:56,460 - sflow.task.server_5 - INFO - 1:
2026-07-24 19:14:56,460 - sflow.task.server_5 - INFO - Loading weights:  15%|█▌        | 223/1458 [00:12<01:26, 14.23it/s]
2026-07-24 19:14:56,460 - sflow.task.server_5 - INFO - 6:
2026-07-24 19:14:56,460 - sflow.task.server_5 - INFO - Loading weights:  19%|█▊        | 270/1458 [00:13<01:11, 16.70it/s]
2026-07-24 19:14:56,511 - sflow.task.server_5 - INFO - 4:
2026-07-24 19:14:56,511 - sflow.task.server_5 - INFO - Loading weights:  19%|█▉        | 277/1458 [00:13<01:10, 16.68it/s]
2026-07-24 19:14:56,511 - sflow.task.server_5 - INFO - 2:
2026-07-24 19:14:56,511 - sflow.task.server_5 - INFO - Loading weights:  16%|█▌        | 235/1458 [00:12<01:08, 17.88it/s]
2026-07-24 19:14:56,563 - sflow.task.server_5 - INFO - 1:
2026-07-24 19:14:56,563 - sflow.task.server_5 - INFO - Loading weights:  16%|█▌        | 229/1458 [00:12<01:10, 17.34it/s]
2026-07-24 19:14:56,563 - sflow.task.server_5 - INFO - 6:
2026-07-24 19:14:56,563 - sflow.task.server_5 - INFO - Loading weights:  19%|█▉        | 277/1458 [00:13<00:56, 20.88it/s]
2026-07-24 19:14:56,614 - sflow.task.server_5 - INFO - 0:
2026-07-24 19:14:56,614 - sflow.task.server_5 - INFO - Loading weights:  15%|█▌        | 225/1458 [00:12<01:37, 12.58it/s]
2026-07-24 19:14:56,614 - sflow.task.server_5 - INFO - 2:
2026-07-24 19:14:56,614 - sflow.task.server_5 - INFO - Loading weights:  17%|█▋        | 241/1458 [00:12<00:57, 21.22it/s]
2026-07-24 19:14:56,666 - sflow.task.server_5 - INFO - 4:
2026-07-24 19:14:56,666 - sflow.task.server_5 - INFO - Loading weights:  20%|█▉        | 289/1458 [00:13<00:48, 24.07it/s]
2026-07-24 19:14:56,666 - sflow.task.server_5 - INFO - 6:
2026-07-24 19:14:56,666 - sflow.task.server_5 - INFO - Loading weights:  20%|█▉        | 286/1458 [00:13<00:41, 28.04it/s]
2026-07-24 19:14:56,717 - sflow.task.server_5 - INFO - 1:
2026-07-24 19:14:56,717 - sflow.task.server_5 - INFO - Loading weights:  17%|█▋        | 241/1458 [00:12<00:47, 25.46it/s]
2026-07-24 19:14:56,768 - sflow.task.server_5 - INFO - 0:
2026-07-24 19:14:56,768 - sflow.task.server_5 - INFO - Loading weights:  16%|█▌        | 235/1458 [00:12<01:07, 18.10it/s]
2026-07-24 19:14:56,870 - sflow.task.server_5 - INFO - 0:
2026-07-24 19:14:56,870 - sflow.task.server_5 - INFO - Loading weights:  17%|█▋        | 241/1458 [00:12<00:56, 21.52it/s]
2026-07-24 19:14:56,922 - sflow.task.server_5 - INFO - 3:
2026-07-24 19:14:56,922 - sflow.task.server_5 - INFO - Loading weights:  17%|█▋        | 246/1458 [00:12<01:47, 11.30it/s]
2026-07-24 19:14:56,974 - sflow.task.server_5 - INFO - 2:
2026-07-24 19:14:56,974 - sflow.task.server_5 - INFO - Loading weights:  17%|█▋        | 247/1458 [00:13<00:59, 20.34it/s]
2026-07-24 19:14:56,974 - sflow.task.server_5 - INFO - 1:
2026-07-24 19:14:56,974 - sflow.task.server_5 - INFO - Loading weights:  17%|█▋        | 247/1458 [00:12<00:47, 25.25it/s]
2026-07-24 19:14:57,025 - sflow.task.server_5 - INFO - 3:
2026-07-24 19:14:57,025 - sflow.task.server_5 - INFO - Loading weights:  17%|█▋        | 253/1458 [00:13<01:18, 15.38it/s]
2026-07-24 19:14:57,077 - sflow.task.server_5 - INFO - 2:
2026-07-24 19:14:57,077 - sflow.task.server_5 - INFO - Loading weights:  17%|█▋        | 252/1458 [00:13<00:51, 23.33it/s]
2026-07-24 19:14:57,077 - sflow.task.server_5 - INFO - 1:
2026-07-24 19:14:57,077 - sflow.task.server_5 - INFO - Loading weights:  17%|█▋        | 253/1458 [00:13<00:41, 29.39it/s]
2026-07-24 19:14:57,128 - sflow.task.server_5 - INFO - 0:
2026-07-24 19:14:57,128 - sflow.task.server_5 - INFO - Loading weights:  17%|█▋        | 247/1458 [00:13<00:55, 21.75it/s]
2026-07-24 19:14:57,180 - sflow.task.server_5 - INFO - 3:
2026-07-24 19:14:57,180 - sflow.task.server_5 - INFO - Loading weights:  18%|█▊        | 262/1458 [00:13<00:54, 22.07it/s]
2026-07-24 19:14:57,180 - sflow.task.server_5 - INFO - 2:
2026-07-24 19:14:57,180 - sflow.task.server_5 - INFO - Loading weights:  18%|█▊        | 260/1458 [00:13<00:39, 30.15it/s]
2026-07-24 19:14:57,231 - sflow.task.server_5 - INFO - 1:
2026-07-24 19:14:57,231 - sflow.task.server_5 - INFO - Loading weights:  18%|█▊        | 265/1458 [00:13<00:29, 39.99it/s]
2026-07-24 19:14:57,231 - sflow.task.server_5 - INFO - 0:
2026-07-24 19:14:57,231 - sflow.task.server_5 - INFO - Loading weights:  17%|█▋        | 252/1458 [00:13<00:48, 25.00it/s]
2026-07-24 19:14:57,282 - sflow.task.server_5 - INFO - 7:
2026-07-24 19:14:57,282 - sflow.task.server_5 - INFO - Loading weights:  20%|██        | 296/1458 [00:14<01:25, 13.61it/s]
2026-07-24 19:14:57,333 - sflow.task.server_5 - INFO - 2:
2026-07-24 19:14:57,333 - sflow.task.server_5 - INFO - Loading weights:  18%|█▊        | 267/1458 [00:13<00:33, 35.28it/s]
2026-07-24 19:14:57,333 - sflow.task.server_5 - INFO - 0:
2026-07-24 19:14:57,333 - sflow.task.server_5 - INFO - Loading weights:  18%|█▊        | 260/1458 [00:13<00:36, 32.49it/s]
2026-07-24 19:14:57,384 - sflow.task.server_5 - INFO - 7:
2026-07-24 19:14:57,384 - sflow.task.server_5 - INFO - Loading weights:  21%|██        | 307/1458 [00:14<00:57, 20.06it/s]
2026-07-24 19:14:57,435 - sflow.task.server_5 - INFO - 0:
2026-07-24 19:14:57,435 - sflow.task.server_5 - INFO - Loading weights:  18%|█▊        | 267/1458 [00:13<00:30, 38.61it/s]
2026-07-24 19:14:57,537 - sflow.task.server_5 - INFO - 1:
2026-07-24 19:14:57,537 - sflow.task.server_5 - INFO - Loading weights:  19%|█▊        | 272/1458 [00:13<00:36, 32.79it/s]
2026-07-24 19:14:57,588 - sflow.task.server_5 - INFO - 5:
2026-07-24 19:14:57,589 - sflow.task.server_5 - INFO - Loading weights:  20%|██        | 296/1458 [00:14<01:18, 14.72it/s]
2026-07-24 19:14:57,589 - sflow.task.server_5 - INFO - 3:
2026-07-24 19:14:57,589 - sflow.task.server_5 - INFO - Loading weights:  19%|█▊        | 270/1458 [00:13<00:56, 21.02it/s]
2026-07-24 19:14:57,589 - sflow.task.server_5 - INFO - 2:
2026-07-24 19:14:57,589 - sflow.task.server_5 - INFO - Loading weights:  19%|█▊        | 273/1458 [00:13<00:39, 29.91it/s]
2026-07-24 19:14:57,589 - sflow.task.server_5 - INFO - 4:
2026-07-24 19:14:57,589 - sflow.task.server_5 - INFO - Loading weights:  20%|██        | 295/1458 [00:14<01:17, 14.92it/s]
2026-07-24 19:14:57,640 - sflow.task.server_5 - INFO - 7:
2026-07-24 19:14:57,640 - sflow.task.server_5 - INFO - Loading weights:  21%|██▏       | 313/1458 [00:14<00:55, 20.49it/s]
2026-07-24 19:14:57,691 - sflow.task.server_5 - INFO - 1:
2026-07-24 19:14:57,691 - sflow.task.server_5 - INFO - Loading weights:  19%|█▉        | 284/1458 [00:13<00:27, 43.36it/s]
2026-07-24 19:14:57,691 - sflow.task.server_5 - INFO - 3:
2026-07-24 19:14:57,691 - sflow.task.server_5 - INFO - Loading weights:  19%|█▉        | 277/1458 [00:13<00:45, 25.81it/s]
2026-07-24 19:14:57,691 - sflow.task.server_5 - INFO - 5:
2026-07-24 19:14:57,691 - sflow.task.server_5 - INFO - Loading weights:  21%|██        | 308/1458 [00:14<00:53, 21.46it/s]
2026-07-24 19:14:57,691 - sflow.task.server_5 - INFO - 2:
2026-07-24 19:14:57,691 - sflow.task.server_5 - INFO - Loading weights:  19%|█▉        | 283/1458 [00:13<00:28, 41.21it/s]
2026-07-24 19:14:57,691 - sflow.task.server_5 - INFO - 4:
2026-07-24 19:14:57,691 - sflow.task.server_5 - INFO - Loading weights:  21%|██        | 301/1458 [00:14<01:03, 18.10it/s]
2026-07-24 19:14:57,743 - sflow.task.server_5 - INFO - 0:
2026-07-24 19:14:57,743 - sflow.task.server_5 - INFO - Loading weights:  19%|█▊        | 273/1458 [00:13<00:38, 30.63it/s]
2026-07-24 19:14:57,795 - sflow.task.server_5 - INFO - 3:
2026-07-24 19:14:57,795 - sflow.task.server_5 - INFO - Loading weights:  20%|█▉        | 286/1458 [00:13<00:34, 34.05it/s]
2026-07-24 19:14:57,795 - sflow.task.server_5 - INFO - 6:
2026-07-24 19:14:57,795 - sflow.task.server_5 - INFO - Loading weights:  20%|██        | 294/1458 [00:14<01:17, 14.94it/s]
2026-07-24 19:14:57,795 - sflow.task.server_5 - INFO - 2:
2026-07-24 19:14:57,795 - sflow.task.server_5 - INFO - Loading weights:  20%|█▉        | 289/1458 [00:13<00:26, 43.31it/s]
2026-07-24 19:14:57,846 - sflow.task.server_5 - INFO - 4:
2026-07-24 19:14:57,846 - sflow.task.server_5 - INFO - Loading weights:  21%|██▏       | 310/1458 [00:14<00:47, 24.38it/s]
2026-07-24 19:14:57,846 - sflow.task.server_5 - INFO - 5:
2026-07-24 19:14:57,846 - sflow.task.server_5 - INFO - Loading weights:  22%|██▏       | 315/1458 [00:14<00:45, 24.98it/s]
2026-07-24 19:14:57,846 - sflow.task.server_5 - INFO - 1:
2026-07-24 19:14:57,846 - sflow.task.server_5 - INFO - Loading weights:  20%|█▉        | 291/1458 [00:13<00:27, 43.05it/s]
2026-07-24 19:14:57,846 - sflow.task.server_5 - INFO - 0:
2026-07-24 19:14:57,846 - sflow.task.server_5 - INFO - Loading weights:  19%|█▉        | 284/1458 [00:13<00:28, 41.59it/s]
2026-07-24 19:14:57,898 - sflow.task.server_5 - INFO - 6:
2026-07-24 19:14:57,898 - sflow.task.server_5 - INFO - Loading weights:  21%|██        | 301/1458 [00:14<01:01, 18.84it/s]
2026-07-24 19:14:57,949 - sflow.task.server_5 - INFO - 0:
2026-07-24 19:14:57,949 - sflow.task.server_5 - INFO - Loading weights:  20%|█▉        | 291/1458 [00:14<00:25, 46.60it/s]
2026-07-24 19:14:58,052 - sflow.task.server_5 - INFO - 6:
2026-07-24 19:14:58,052 - sflow.task.server_5 - INFO - Loading weights:  21%|██▏       | 311/1458 [00:15<00:43, 26.39it/s]
2026-07-24 19:14:58,103 - sflow.task.server_5 - INFO - 4:
2026-07-24 19:14:58,103 - sflow.task.server_5 - INFO - Loading weights:  22%|██▏       | 318/1458 [00:15<00:45, 24.99it/s]
2026-07-24 19:14:58,204 - sflow.task.server_5 - INFO - 5:
2026-07-24 19:14:58,205 - sflow.task.server_5 - INFO - Loading weights:  22%|██▏       | 321/1458 [00:15<00:52, 21.72it/s]
2026-07-24 19:14:58,205 - sflow.task.server_5 - INFO - 4:
2026-07-24 19:14:58,205 - sflow.task.server_5 - INFO - Loading weights:  22%|██▏       | 323/1458 [00:15<00:40, 27.77it/s]
2026-07-24 19:14:58,460 - sflow.task.server_5 - INFO - 4:
2026-07-24 19:14:58,460 - sflow.task.server_5 - INFO - Loading weights:  23%|██▎       | 332/1458 [00:15<00:35, 31.38it/s]
2026-07-24 19:14:58,460 - sflow.task.server_5 - INFO - 5:
2026-07-24 19:14:58,460 - sflow.task.server_5 - INFO - Loading weights:  23%|██▎       | 332/1458 [00:15<00:41, 27.43it/s]
2026-07-24 19:14:58,563 - sflow.task.server_5 - INFO - 7:
2026-07-24 19:14:58,563 - sflow.task.server_5 - INFO - Loading weights:  22%|██▏       | 318/1458 [00:15<01:27, 13.06it/s]
2026-07-24 19:14:58,614 - sflow.task.server_5 - INFO - 4:
2026-07-24 19:14:58,614 - sflow.task.server_5 - INFO - Loading weights:  23%|██▎       | 337/1458 [00:15<00:36, 31.00it/s]
2026-07-24 19:14:58,614 - sflow.task.server_5 - INFO - 5:
2026-07-24 19:14:58,614 - sflow.task.server_5 - INFO - Loading weights:  23%|██▎       | 337/1458 [00:15<00:40, 27.84it/s]
2026-07-24 19:14:58,665 - sflow.task.server_5 - INFO - 7:
2026-07-24 19:14:58,665 - sflow.task.server_5 - INFO - Loading weights:  22%|██▏       | 325/1458 [00:15<01:06, 17.14it/s]
2026-07-24 19:14:58,767 - sflow.task.server_5 - INFO - 7:
2026-07-24 19:14:58,768 - sflow.task.server_5 - INFO - Loading weights:  23%|██▎       | 334/1458 [00:15<00:46, 24.02it/s]
2026-07-24 19:14:58,870 - sflow.task.server_5 - INFO - 2:
2026-07-24 19:14:58,870 - sflow.task.server_5 - INFO - Loading weights:  20%|██        | 295/1458 [00:14<01:13, 15.83it/s]
2026-07-24 19:14:58,870 - sflow.task.server_5 - INFO - 3:
2026-07-24 19:14:58,870 - sflow.task.server_5 - INFO - Loading weights:  20%|██        | 294/1458 [00:14<01:11, 16.29it/s]
2026-07-24 19:14:58,921 - sflow.task.server_5 - INFO - 1:
2026-07-24 19:14:58,921 - sflow.task.server_5 - INFO - Loading weights:  20%|██        | 297/1458 [00:14<01:08, 16.90it/s]
2026-07-24 19:14:58,972 - sflow.task.server_5 - INFO - 2:
2026-07-24 19:14:58,972 - sflow.task.server_5 - INFO - Loading weights:  21%|██        | 301/1458 [00:15<00:59, 19.45it/s]
2026-07-24 19:14:58,972 - sflow.task.server_5 - INFO - 3:
2026-07-24 19:14:58,972 - sflow.task.server_5 - INFO - Loading weights:  21%|██        | 299/1458 [00:15<01:01, 18.80it/s]
2026-07-24 19:14:59,075 - sflow.task.server_5 - INFO - 0:
2026-07-24 19:14:59,075 - sflow.task.server_5 - INFO - Loading weights:  20%|██        | 298/1458 [00:15<01:08, 16.93it/s]
2026-07-24 19:14:59,075 - sflow.task.server_5 - INFO - 1:
2026-07-24 19:14:59,075 - sflow.task.server_5 - INFO - Loading weights:  21%|██        | 308/1458 [00:15<00:48, 23.94it/s]
2026-07-24 19:14:59,075 - sflow.task.server_5 - INFO - 3:
2026-07-24 19:14:59,075 - sflow.task.server_5 - INFO - Loading weights:  21%|██        | 308/1458 [00:15<00:44, 26.10it/s]
2026-07-24 19:14:59,075 - sflow.task.server_5 - INFO - 2:
2026-07-24 19:14:59,075 - sflow.task.server_5 - INFO - Loading weights:  21%|██▏       | 310/1458 [00:15<00:42, 26.90it/s]
2026-07-24 19:14:59,126 - sflow.task.server_5 - INFO - 6:
2026-07-24 19:14:59,126 - sflow.task.server_5 - INFO - Loading weights:  22%|██▏       | 318/1458 [00:16<01:18, 14.59it/s]
2026-07-24 19:14:59,177 - sflow.task.server_5 - INFO - 0:
2026-07-24 19:14:59,178 - sflow.task.server_5 - INFO - Loading weights:  21%|██        | 308/1458 [00:15<00:48, 23.72it/s]
2026-07-24 19:14:59,229 - sflow.task.server_5 - INFO - 1:
2026-07-24 19:14:59,229 - sflow.task.server_5 - INFO - Loading weights:  22%|██▏       | 314/1458 [00:15<00:43, 26.53it/s]
2026-07-24 19:14:59,229 - sflow.task.server_5 - INFO - 3:
2026-07-24 19:14:59,229 - sflow.task.server_5 - INFO - Loading weights:  22%|██▏       | 314/1458 [00:15<00:38, 29.80it/s]
2026-07-24 19:14:59,229 - sflow.task.server_5 - INFO - 6:
2026-07-24 19:14:59,229 - sflow.task.server_5 - INFO - Loading weights:  22%|██▏       | 325/1458 [00:16<01:01, 18.45it/s]
2026-07-24 19:14:59,229 - sflow.task.server_5 - INFO - 2:
2026-07-24 19:14:59,229 - sflow.task.server_5 - INFO - Loading weights:  22%|██▏       | 316/1458 [00:15<00:38, 29.38it/s]
2026-07-24 19:14:59,280 - sflow.task.server_5 - INFO - 0:
2026-07-24 19:14:59,280 - sflow.task.server_5 - INFO - Loading weights:  22%|██▏       | 315/1458 [00:15<00:40, 28.55it/s]
2026-07-24 19:14:59,332 - sflow.task.server_5 - INFO - 6:
2026-07-24 19:14:59,332 - sflow.task.server_5 - INFO - Loading weights:  23%|██▎       | 334/1458 [00:16<00:44, 25.04it/s]
2026-07-24 19:14:59,536 - sflow.task.server_5 - INFO - 4:
2026-07-24 19:14:59,536 - sflow.task.server_5 - INFO - Loading weights:  23%|██▎       | 342/1458 [00:16<01:17, 14.47it/s]
2026-07-24 19:14:59,587 - sflow.task.server_5 - INFO - 5:
2026-07-24 19:14:59,587 - sflow.task.server_5 - INFO - Loading weights:  23%|██▎       | 342/1458 [00:16<01:17, 14.42it/s]
2026-07-24 19:14:59,587 - sflow.task.server_5 - INFO - 3:
2026-07-24 19:14:59,587 - sflow.task.server_5 - INFO - Loading weights:  22%|██▏       | 320/1458 [00:15<00:46, 24.29it/s]
2026-07-24 19:14:59,689 - sflow.task.server_5 - INFO - 4:
2026-07-24 19:14:59,689 - sflow.task.server_5 - INFO - Loading weights:  24%|██▎       | 346/1458 [00:16<01:07, 16.37it/s]
2026-07-24 19:14:59,689 - sflow.task.server_5 - INFO - 5:
2026-07-24 19:14:59,689 - sflow.task.server_5 - INFO - Loading weights:  24%|██▎       | 346/1458 [00:16<01:07, 16.36it/s]
2026-07-24 19:14:59,739 - sflow.task.server_5 - INFO - 3:
2026-07-24 19:14:59,739 - sflow.task.server_5 - INFO - Loading weights:  23%|██▎       | 331/1458 [00:15<00:33, 33.99it/s]
2026-07-24 19:14:59,841 - sflow.task.server_5 - INFO - 4:
2026-07-24 19:14:59,841 - sflow.task.server_5 - INFO - Loading weights:  24%|██▍       | 356/1458 [00:16<00:46, 23.86it/s]
2026-07-24 19:14:59,841 - sflow.task.server_5 - INFO - 5:
2026-07-24 19:14:59,841 - sflow.task.server_5 - INFO - Loading weights:  24%|██▍       | 356/1458 [00:16<00:47, 23.39it/s]
2026-07-24 19:14:59,944 - sflow.task.server_5 - INFO - 7:
2026-07-24 19:14:59,944 - sflow.task.server_5 - INFO - Loading weights:  23%|██▎       | 342/1458 [00:16<01:23, 13.39it/s]
2026-07-24 19:14:59,995 - sflow.task.server_5 - INFO - 3:
2026-07-24 19:14:59,995 - sflow.task.server_5 - INFO - Loading weights:  23%|██▎       | 337/1458 [00:16<00:36, 30.42it/s]
2026-07-24 19:14:59,995 - sflow.task.server_5 - INFO - 4:
2026-07-24 19:14:59,995 - sflow.task.server_5 - INFO - Loading weights:  25%|██▍       | 361/1458 [00:17<00:43, 25.21it/s]
2026-07-24 19:14:59,995 - sflow.task.server_5 - INFO - 5:
2026-07-24 19:14:59,995 - sflow.task.server_5 - INFO - Loading weights:  25%|██▍       | 361/1458 [00:17<00:44, 24.77it/s]
2026-07-24 19:15:00,046 - sflow.task.server_5 - INFO - 7:
2026-07-24 19:15:00,046 - sflow.task.server_5 - INFO - Loading weights:  24%|██▍       | 349/1458 [00:17<01:04, 17.19it/s]
2026-07-24 19:15:00,148 - sflow.task.server_5 - INFO - 7:
2026-07-24 19:15:00,148 - sflow.task.server_5 - INFO - Loading weights:  25%|██▍       | 358/1458 [00:17<00:46, 23.55it/s]
2026-07-24 19:15:00,250 - sflow.task.server_5 - INFO - 2:
2026-07-24 19:15:00,251 - sflow.task.server_5 - INFO - Loading weights:  22%|██▏       | 321/1458 [00:16<01:23, 13.66it/s]
2026-07-24 19:15:00,353 - sflow.task.server_5 - INFO - 2:
2026-07-24 19:15:00,353 - sflow.task.server_5 - INFO - Loading weights:  23%|██▎       | 331/1458 [00:16<00:54, 20.64it/s]
2026-07-24 19:15:00,404 - sflow.task.server_5 - INFO - 1:
2026-07-24 19:15:00,404 - sflow.task.server_5 - INFO - Loading weights:  22%|██▏       | 319/1458 [00:16<01:31, 12.42it/s]
2026-07-24 19:15:00,455 - sflow.task.server_5 - INFO - 6:
2026-07-24 19:15:00,455 - sflow.task.server_5 - INFO - Loading weights:  23%|██▎       | 342/1458 [00:17<01:17, 14.45it/s]
2026-07-24 19:15:00,507 - sflow.task.server_5 - INFO - 2:
2026-07-24 19:15:00,507 - sflow.task.server_5 - INFO - Loading weights:  23%|██▎       | 337/1458 [00:16<00:46, 24.36it/s]
2026-07-24 19:15:00,507 - sflow.task.server_5 - INFO - 1:
2026-07-24 19:15:00,507 - sflow.task.server_5 - INFO - Loading weights:  22%|██▏       | 325/1458 [00:16<01:12, 15.56it/s]
2026-07-24 19:15:00,558 - sflow.task.server_5 - INFO - 6:
2026-07-24 19:15:00,558 - sflow.task.server_5 - INFO - Loading weights:  24%|██▍       | 349/1458 [00:17<01:00, 18.25it/s]
2026-07-24 19:15:00,609 - sflow.task.server_5 - INFO - 0:
2026-07-24 19:15:00,609 - sflow.task.server_5 - INFO - Loading weights:  22%|██▏       | 321/1458 [00:16<01:32, 12.33it/s]
2026-07-24 19:15:00,661 - sflow.task.server_5 - INFO - 1:
2026-07-24 19:15:00,661 - sflow.task.server_5 - INFO - Loading weights:  23%|██▎       | 334/1458 [00:16<00:51, 21.79it/s]
2026-07-24 19:15:00,661 - sflow.task.server_5 - INFO - 6:
2026-07-24 19:15:00,661 - sflow.task.server_5 - INFO - Loading weights:  25%|██▍       | 358/1458 [00:17<00:45, 24.34it/s]
2026-07-24 19:15:00,763 - sflow.task.server_5 - INFO - 0:
2026-07-24 19:15:00,764 - sflow.task.server_5 - INFO - Loading weights:  23%|██▎       | 331/1458 [00:16<01:03, 17.87it/s]
2026-07-24 19:15:00,865 - sflow.task.server_5 - INFO - 0:
2026-07-24 19:15:00,865 - sflow.task.server_5 - INFO - Loading weights:  23%|██▎       | 337/1458 [00:16<00:52, 21.47it/s]
2026-07-24 19:15:01,019 - sflow.task.server_5 - INFO - 5:
2026-07-24 19:15:01,019 - sflow.task.server_5 - INFO - Loading weights:  25%|██▌       | 366/1458 [00:18<01:28, 12.35it/s]
2026-07-24 19:15:01,070 - sflow.task.server_5 - INFO - 4:
2026-07-24 19:15:01,070 - sflow.task.server_5 - INFO - Loading weights:  25%|██▌       | 366/1458 [00:18<01:30, 12.05it/s]
2026-07-24 19:15:01,121 - sflow.task.server_5 - INFO - 3:
2026-07-24 19:15:01,121 - sflow.task.server_5 - INFO - Loading weights:  23%|██▎       | 342/1458 [00:17<01:24, 13.14it/s]
2026-07-24 19:15:01,172 - sflow.task.server_5 - INFO - 5:
2026-07-24 19:15:01,172 - sflow.task.server_5 - INFO - Loading weights:  25%|██▌       | 370/1458 [00:18<01:15, 14.32it/s]
2026-07-24 19:15:01,172 - sflow.task.server_5 - INFO - 4:
2026-07-24 19:15:01,172 - sflow.task.server_5 - INFO - Loading weights:  26%|██▌       | 373/1458 [00:18<01:05, 16.57it/s]
2026-07-24 19:15:01,223 - sflow.task.server_5 - INFO - 7:
2026-07-24 19:15:01,223 - sflow.task.server_5 - INFO - Loading weights:  25%|██▌       | 366/1458 [00:18<01:16, 14.33it/s]
2026-07-24 19:15:01,223 - sflow.task.server_5 - INFO - 3:
2026-07-24 19:15:01,223 - sflow.task.server_5 - INFO - Loading weights:  24%|██▎       | 346/1458 [00:17<01:15, 14.81it/s]
2026-07-24 19:15:01,275 - sflow.task.server_5 - INFO - 4:
2026-07-24 19:15:01,275 - sflow.task.server_5 - INFO - Loading weights:  26%|██▌       | 380/1458 [00:18<00:50, 21.47it/s]
2026-07-24 19:15:01,275 - sflow.task.server_5 - INFO - 5:
2026-07-24 19:15:01,275 - sflow.task.server_5 - INFO - Loading weights:  26%|██▌       | 380/1458 [00:18<00:48, 22.01it/s]
2026-07-24 19:15:01,326 - sflow.task.server_5 - INFO - 7:
2026-07-24 19:15:01,326 - sflow.task.server_5 - INFO - Loading weights:  26%|██▌       | 373/1458 [00:18<00:59, 18.20it/s]
2026-07-24 19:15:01,378 - sflow.task.server_5 - INFO - 3:
2026-07-24 19:15:01,378 - sflow.task.server_5 - INFO - Loading weights:  24%|██▍       | 356/1458 [00:17<00:49, 22.23it/s]
2026-07-24 19:15:01,428 - sflow.task.server_5 - INFO - 7:
2026-07-24 19:15:01,428 - sflow.task.server_5 - INFO - Loading weights:  26%|██▌       | 382/1458 [00:18<00:43, 24.79it/s]
2026-07-24 19:15:01,479 - sflow.task.server_5 - INFO - 4:
2026-07-24 19:15:01,479 - sflow.task.server_5 - INFO - Loading weights:  26%|██▋       | 385/1458 [00:18<00:46, 23.30it/s]
2026-07-24 19:15:01,479 - sflow.task.server_5 - INFO - 5:
2026-07-24 19:15:01,479 - sflow.task.server_5 - INFO - Loading weights:  26%|██▋       | 385/1458 [00:18<00:45, 23.71it/s]
2026-07-24 19:15:01,530 - sflow.task.server_5 - INFO - 3:
2026-07-24 19:15:01,530 - sflow.task.server_5 - INFO - Loading weights:  25%|██▍       | 361/1458 [00:17<00:46, 23.63it/s]
2026-07-24 19:15:01,632 - sflow.task.server_5 - INFO - 2:
2026-07-24 19:15:01,632 - sflow.task.server_5 - INFO - Loading weights:  24%|██▎       | 343/1458 [00:17<01:30, 12.26it/s]
2026-07-24 19:15:01,734 - sflow.task.server_5 - INFO - 4:
2026-07-24 19:15:01,734 - sflow.task.server_5 - INFO - Loading weights:  27%|██▋       | 390/1458 [00:18<00:48, 22.20it/s]
2026-07-24 19:15:01,734 - sflow.task.server_5 - INFO - 5:
2026-07-24 19:15:01,734 - sflow.task.server_5 - INFO - Loading weights:  27%|██▋       | 390/1458 [00:18<00:47, 22.33it/s]
2026-07-24 19:15:01,734 - sflow.task.server_5 - INFO - 2:
2026-07-24 19:15:01,734 - sflow.task.server_5 - INFO - Loading weights:  24%|██▍       | 349/1458 [00:17<01:11, 15.59it/s]
2026-07-24 19:15:01,836 - sflow.task.server_5 - INFO - 6:
2026-07-24 19:15:01,836 - sflow.task.server_5 - INFO - Loading weights:  25%|██▌       | 366/1458 [00:18<01:18, 13.91it/s]
2026-07-24 19:15:01,836 - sflow.task.server_5 - INFO - 4:
2026-07-24 19:15:01,836 - sflow.task.server_5 - INFO - Loading weights:  27%|██▋       | 394/1458 [00:18<00:44, 24.01it/s]
2026-07-24 19:15:01,836 - sflow.task.server_5 - INFO - 5:
2026-07-24 19:15:01,836 - sflow.task.server_5 - INFO - Loading weights:  27%|██▋       | 394/1458 [00:18<00:43, 24.31it/s]
2026-07-24 19:15:01,836 - sflow.task.server_5 - INFO - 1:
2026-07-24 19:15:01,836 - sflow.task.server_5 - INFO - Loading weights:  23%|██▎       | 342/1458 [00:17<01:28, 12.68it/s]
2026-07-24 19:15:01,887 - sflow.task.server_5 - INFO - 2:
2026-07-24 19:15:01,887 - sflow.task.server_5 - INFO - Loading weights:  25%|██▍       | 358/1458 [00:17<00:49, 22.00it/s]
2026-07-24 19:15:01,938 - sflow.task.server_5 - INFO - 6:
2026-07-24 19:15:01,938 - sflow.task.server_5 - INFO - Loading weights:  26%|██▌       | 373/1458 [00:18<01:01, 17.65it/s]
2026-07-24 19:15:01,939 - sflow.task.server_5 - INFO - 1:
2026-07-24 19:15:01,939 - sflow.task.server_5 - INFO - Loading weights:  24%|██▍       | 349/1458 [00:17<01:07, 16.47it/s]
2026-07-24 19:15:01,991 - sflow.task.server_5 - INFO - 4:
2026-07-24 19:15:01,991 - sflow.task.server_5 - INFO - Loading weights:  28%|██▊       | 404/1458 [00:19<00:30, 34.53it/s]
2026-07-24 19:15:01,991 - sflow.task.server_5 - INFO - 5:
2026-07-24 19:15:01,991 - sflow.task.server_5 - INFO - Loading weights:  28%|██▊       | 404/1458 [00:18<00:30, 34.69it/s]
2026-07-24 19:15:02,042 - sflow.task.server_5 - INFO - 1:
2026-07-24 19:15:02,042 - sflow.task.server_5 - INFO - Loading weights:  25%|██▍       | 359/1458 [00:18<00:46, 23.73it/s]
2026-07-24 19:15:02,042 - sflow.task.server_5 - INFO - 0:
2026-07-24 19:15:02,042 - sflow.task.server_5 - INFO - Loading weights:  24%|██▎       | 343/1458 [00:18<01:35, 11.66it/s]
2026-07-24 19:15:02,042 - sflow.task.server_5 - INFO - 6:
2026-07-24 19:15:02,042 - sflow.task.server_5 - INFO - Loading weights:  26%|██▌       | 382/1458 [00:19<00:45, 23.61it/s]
2026-07-24 19:15:02,093 - sflow.task.server_5 - INFO - 4:
2026-07-24 19:15:02,093 - sflow.task.server_5 - INFO - Loading weights:  28%|██▊       | 409/1458 [00:19<00:30, 34.48it/s]
2026-07-24 19:15:02,093 - sflow.task.server_5 - INFO - 5:
2026-07-24 19:15:02,093 - sflow.task.server_5 - INFO - Loading weights:  28%|██▊       | 409/1458 [00:19<00:30, 34.60it/s]
2026-07-24 19:15:02,196 - sflow.task.server_5 - INFO - 0:
2026-07-24 19:15:02,197 - sflow.task.server_5 - INFO - Loading weights:  24%|██▍       | 349/1458 [00:18<01:15, 14.67it/s]
2026-07-24 19:15:02,299 - sflow.task.server_5 - INFO - 0:
2026-07-24 19:15:02,299 - sflow.task.server_5 - INFO - Loading weights:  25%|██▍       | 358/1458 [00:18<00:52, 21.00it/s]
2026-07-24 19:15:02,299 - sflow.task.server_5 - INFO - 7:
2026-07-24 19:15:02,299 - sflow.task.server_5 - INFO - Loading weights:  27%|██▋       | 390/1458 [00:19<01:05, 16.38it/s]
2026-07-24 19:15:02,351 - sflow.task.server_5 - INFO - 6:
2026-07-24 19:15:02,351 - sflow.task.server_5 - INFO - Loading weights:  27%|██▋       | 390/1458 [00:19<00:43, 24.66it/s]
2026-07-24 19:15:02,402 - sflow.task.server_5 - INFO - 7:
2026-07-24 19:15:02,402 - sflow.task.server_5 - INFO - Loading weights:  27%|██▋       | 397/1458 [00:19<00:51, 20.57it/s]
2026-07-24 19:15:02,454 - sflow.task.server_5 - INFO - 6:
2026-07-24 19:15:02,454 - sflow.task.server_5 - INFO - Loading weights:  27%|██▋       | 397/1458 [00:19<00:35, 29.64it/s]
2026-07-24 19:15:02,454 - sflow.task.server_5 - INFO - 4:
2026-07-24 19:15:02,454 - sflow.task.server_5 - INFO - Loading weights:  28%|██▊       | 414/1458 [00:19<00:41, 25.37it/s]
2026-07-24 19:15:02,556 - sflow.task.server_5 - INFO - 7:
2026-07-24 19:15:02,556 - sflow.task.server_5 - INFO - Loading weights:  28%|██▊       | 406/1458 [00:19<00:38, 27.13it/s]
2026-07-24 19:15:02,556 - sflow.task.server_5 - INFO - 6:
2026-07-24 19:15:02,556 - sflow.task.server_5 - INFO - Loading weights:  28%|██▊       | 406/1458 [00:19<00:28, 37.28it/s]
2026-07-24 19:15:02,556 - sflow.task.server_5 - INFO - 4:
2026-07-24 19:15:02,556 - sflow.task.server_5 - INFO - Loading weights:  29%|██▊       | 418/1458 [00:19<00:38, 26.89it/s]
2026-07-24 19:15:02,607 - sflow.task.server_5 - INFO - 3:
2026-07-24 19:15:02,607 - sflow.task.server_5 - INFO - Loading weights:  25%|██▌       | 366/1458 [00:18<01:33, 11.74it/s]
2026-07-24 19:15:02,710 - sflow.task.server_5 - INFO - 4:
2026-07-24 19:15:02,710 - sflow.task.server_5 - INFO - Loading weights:  29%|██▉       | 430/1458 [00:19<00:24, 42.04it/s]
2026-07-24 19:15:02,761 - sflow.task.server_5 - INFO - 3:
2026-07-24 19:15:02,761 - sflow.task.server_5 - INFO - Loading weights:  25%|██▌       | 370/1458 [00:18<01:19, 13.64it/s]
2026-07-24 19:15:02,864 - sflow.task.server_5 - INFO - 3:
2026-07-24 19:15:02,864 - sflow.task.server_5 - INFO - Loading weights:  26%|██▌       | 380/1458 [00:18<00:49, 21.75it/s]
2026-07-24 19:15:02,915 - sflow.task.server_5 - INFO - 2:
2026-07-24 19:15:02,915 - sflow.task.server_5 - INFO - Loading weights:  25%|██▌       | 366/1458 [00:18<01:18, 13.83it/s]
2026-07-24 19:15:03,017 - sflow.task.server_5 - INFO - 3:
2026-07-24 19:15:03,017 - sflow.task.server_5 - INFO - Loading weights:  26%|██▋       | 385/1458 [00:19<00:45, 23.74it/s]
2026-07-24 19:15:03,017 - sflow.task.server_5 - INFO - 2:
2026-07-24 19:15:03,017 - sflow.task.server_5 - INFO - Loading weights:  26%|██▌       | 373/1458 [00:19<01:00, 17.81it/s]
2026-07-24 19:15:03,120 - sflow.task.server_5 - INFO - 1:
2026-07-24 19:15:03,120 - sflow.task.server_5 - INFO - Loading weights:  25%|██▌       | 366/1458 [00:19<01:18, 13.99it/s]
2026-07-24 19:15:03,120 - sflow.task.server_5 - INFO - 2:
2026-07-24 19:15:03,120 - sflow.task.server_5 - INFO - Loading weights:  26%|██▋       | 383/1458 [00:19<00:42, 25.52it/s]
2026-07-24 19:15:03,171 - sflow.task.server_5 - INFO - 5:
2026-07-24 19:15:03,171 - sflow.task.server_5 - INFO - Loading weights:  28%|██▊       | 414/1458 [00:20<01:18, 13.35it/s]
2026-07-24 19:15:03,222 - sflow.task.server_5 - INFO - 1:
2026-07-24 19:15:03,222 - sflow.task.server_5 - INFO - Loading weights:  26%|██▌       | 373/1458 [00:19<01:00, 17.95it/s]
2026-07-24 19:15:03,273 - sflow.task.server_5 - INFO - 5:
2026-07-24 19:15:03,273 - sflow.task.server_5 - INFO - Loading weights:  29%|██▉       | 421/1458 [00:20<00:56, 18.33it/s]
2026-07-24 19:15:03,325 - sflow.task.server_5 - INFO - 1:
2026-07-24 19:15:03,325 - sflow.task.server_5 - INFO - Loading weights:  26%|██▌       | 382/1458 [00:19<00:44, 24.36it/s]
2026-07-24 19:15:03,376 - sflow.task.server_5 - INFO - 5:
2026-07-24 19:15:03,376 - sflow.task.server_5 - INFO - Loading weights:  29%|██▉       | 430/1458 [00:20<00:39, 26.02it/s]
2026-07-24 19:15:03,427 - sflow.task.server_5 - INFO - 0:
2026-07-24 19:15:03,427 - sflow.task.server_5 - INFO - Loading weights:  25%|██▌       | 366/1458 [00:19<01:24, 12.96it/s]
2026-07-24 19:15:03,529 - sflow.task.server_5 - INFO - 7:
2026-07-24 19:15:03,529 - sflow.task.server_5 - INFO - Loading weights:  28%|██▊       | 414/1458 [00:20<01:04, 16.18it/s]
2026-07-24 19:15:03,529 - sflow.task.server_5 - INFO - 0:
2026-07-24 19:15:03,529 - sflow.task.server_5 - INFO - Loading weights:  26%|██▌       | 373/1458 [00:19<01:04, 16.72it/s]
2026-07-24 19:15:03,580 - sflow.task.server_5 - INFO - 6:
2026-07-24 19:15:03,580 - sflow.task.server_5 - INFO - Loading weights:  28%|██▊       | 414/1458 [00:20<00:59, 17.51it/s]
2026-07-24 19:15:03,632 - sflow.task.server_5 - INFO - 7:
2026-07-24 19:15:03,632 - sflow.task.server_5 - INFO - Loading weights:  29%|██▉       | 421/1458 [00:20<00:51, 20.30it/s]
2026-07-24 19:15:03,632 - sflow.task.server_5 - INFO - 0:
2026-07-24 19:15:03,632 - sflow.task.server_5 - INFO - Loading weights:  26%|██▋       | 383/1458 [00:19<00:44, 23.99it/s]
2026-07-24 19:15:03,734 - sflow.task.server_5 - INFO - 6:
2026-07-24 19:15:03,734 - sflow.task.server_5 - INFO - Loading weights:  29%|██▉       | 421/1458 [00:20<00:47, 21.79it/s]
2026-07-24 19:15:03,734 - sflow.task.server_5 - INFO - 4:
2026-07-24 19:15:03,734 - sflow.task.server_5 - INFO - Loading weights:  30%|███       | 438/1458 [00:20<00:58, 17.46it/s]
2026-07-24 19:15:03,785 - sflow.task.server_5 - INFO - 7:
2026-07-24 19:15:03,785 - sflow.task.server_5 - INFO - Loading weights:  30%|██▉       | 433/1458 [00:20<00:35, 28.94it/s]
2026-07-24 19:15:03,836 - sflow.task.server_5 - INFO - 3:
2026-07-24 19:15:03,836 - sflow.task.server_5 - INFO - Loading weights:  27%|██▋       | 390/1458 [00:19<01:17, 13.80it/s]
2026-07-24 19:15:03,836 - sflow.task.server_5 - INFO - 4:
2026-07-24 19:15:03,836 - sflow.task.server_5 - INFO - Loading weights:  31%|███       | 445/1458 [00:20<00:45, 22.21it/s]
2026-07-24 19:15:03,836 - sflow.task.server_5 - INFO - 6:
2026-07-24 19:15:03,837 - sflow.task.server_5 - INFO - Loading weights:  30%|██▉       | 433/1458 [00:20<00:33, 30.76it/s]
2026-07-24 19:15:03,938 - sflow.task.server_5 - INFO - 3:
2026-07-24 19:15:03,938 - sflow.task.server_5 - INFO - Loading weights:  27%|██▋       | 394/1458 [00:20<01:06, 15.93it/s]
2026-07-24 19:15:03,989 - sflow.task.server_5 - INFO - 4:
2026-07-24 19:15:03,989 - sflow.task.server_5 - INFO - Loading weights:  31%|███▏      | 457/1458 [00:21<00:31, 31.56it/s]
2026-07-24 19:15:03,989 - sflow.task.server_5 - INFO - 7:
2026-07-24 19:15:03,989 - sflow.task.server_5 - INFO - Loading weights:  30%|███       | 439/1458 [00:21<00:35, 28.44it/s]
2026-07-24 19:15:04,092 - sflow.task.server_5 - INFO - 3:
2026-07-24 19:15:04,092 - sflow.task.server_5 - INFO - Loading weights:  28%|██▊       | 404/1458 [00:20<00:42, 24.60it/s]
2026-07-24 19:15:04,092 - sflow.task.server_5 - INFO - 6:
2026-07-24 19:15:04,092 - sflow.task.server_5 - INFO - Loading weights:  30%|███       | 439/1458 [00:21<00:34, 29.67it/s]
2026-07-24 19:15:04,092 - sflow.task.server_5 - INFO - 7:
2026-07-24 19:15:04,092 - sflow.task.server_5 - INFO - Loading weights:  31%|███       | 445/1458 [00:21<00:31, 32.36it/s]
2026-07-24 19:15:04,194 - sflow.task.server_5 - INFO - 6:
2026-07-24 19:15:04,194 - sflow.task.server_5 - INFO - Loading weights:  31%|███       | 445/1458 [00:21<00:30, 33.35it/s]
2026-07-24 19:15:04,245 - sflow.task.server_5 - INFO - 3:
2026-07-24 19:15:04,245 - sflow.task.server_5 - INFO - Loading weights:  28%|██▊       | 409/1458 [00:20<00:40, 25.78it/s]
2026-07-24 19:15:04,245 - sflow.task.server_5 - INFO - 7:
2026-07-24 19:15:04,245 - sflow.task.server_5 - INFO - Loading weights:  31%|███▏      | 457/1458 [00:21<00:23, 42.95it/s]
2026-07-24 19:15:04,246 - sflow.task.server_5 - INFO - 2:
2026-07-24 19:15:04,246 - sflow.task.server_5 - INFO - Loading weights:  27%|██▋       | 390/1458 [00:20<01:17, 13.81it/s]
2026-07-24 19:15:04,297 - sflow.task.server_5 - INFO - 6:
2026-07-24 19:15:04,297 - sflow.task.server_5 - INFO - Loading weights:  31%|███       | 455/1458 [00:21<00:22, 43.92it/s]
2026-07-24 19:15:04,348 - sflow.task.server_5 - INFO - 5:
2026-07-24 19:15:04,348 - sflow.task.server_5 - INFO - Loading weights:  30%|███       | 438/1458 [00:21<01:06, 15.36it/s]
2026-07-24 19:15:04,348 - sflow.task.server_5 - INFO - 2:
2026-07-24 19:15:04,348 - sflow.task.server_5 - INFO - Loading weights:  27%|██▋       | 397/1458 [00:20<01:00, 17.68it/s]
2026-07-24 19:15:04,449 - sflow.task.server_5 - INFO - 5:
2026-07-24 19:15:04,450 - sflow.task.server_5 - INFO - Loading weights:  31%|███       | 445/1458 [00:21<00:51, 19.85it/s]
2026-07-24 19:15:04,450 - sflow.task.server_5 - INFO - 2:
2026-07-24 19:15:04,450 - sflow.task.server_5 - INFO - Loading weights:  28%|██▊       | 407/1458 [00:20<00:41, 25.18it/s]
2026-07-24 19:15:04,450 - sflow.task.server_5 - INFO - 1:
2026-07-24 19:15:04,450 - sflow.task.server_5 - INFO - Loading weights:  27%|██▋       | 390/1458 [00:20<01:16, 13.95it/s]
2026-07-24 19:15:04,501 - sflow.task.server_5 - INFO - 3:
2026-07-24 19:15:04,501 - sflow.task.server_5 - INFO - Loading weights:  28%|██▊       | 414/1458 [00:20<00:43, 24.18it/s]
2026-07-24 19:15:04,552 - sflow.task.server_5 - INFO - 5:
2026-07-24 19:15:04,552 - sflow.task.server_5 - INFO - Loading weights:  31%|███       | 454/1458 [00:21<00:37, 26.79it/s]
2026-07-24 19:15:04,552 - sflow.task.server_5 - INFO - 1:
2026-07-24 19:15:04,552 - sflow.task.server_5 - INFO - Loading weights:  27%|██▋       | 397/1458 [00:20<00:59, 17.81it/s]
2026-07-24 19:15:04,603 - sflow.task.server_5 - INFO - 3:
2026-07-24 19:15:04,603 - sflow.task.server_5 - INFO - Loading weights:  29%|██▊       | 418/1458 [00:20<00:40, 25.80it/s]
2026-07-24 19:15:04,603 - sflow.task.server_5 - INFO - 0:
2026-07-24 19:15:04,603 - sflow.task.server_5 - INFO - Loading weights:  27%|██▋       | 390/1458 [00:20<01:13, 14.55it/s]
2026-07-24 19:15:04,655 - sflow.task.server_5 - INFO - 5:
2026-07-24 19:15:04,655 - sflow.task.server_5 - INFO - Loading weights:  32%|███▏      | 460/1458 [00:21<00:32, 30.94it/s]
2026-07-24 19:15:04,707 - sflow.task.server_5 - INFO - 1:
2026-07-24 19:15:04,707 - sflow.task.server_5 - INFO - Loading weights:  28%|██▊       | 409/1458 [00:20<00:39, 26.34it/s]
2026-07-24 19:15:04,707 - sflow.task.server_5 - INFO - 3:
2026-07-24 19:15:04,707 - sflow.task.server_5 - INFO - Loading weights:  29%|██▉       | 430/1458 [00:20<00:24, 41.43it/s]
2026-07-24 19:15:04,707 - sflow.task.server_5 - INFO - 0:
2026-07-24 19:15:04,707 - sflow.task.server_5 - INFO - Loading weights:  27%|██▋       | 397/1458 [00:20<00:57, 18.59it/s]
2026-07-24 19:15:04,707 - sflow.task.server_5 - INFO - 2:
2026-07-24 19:15:04,707 - sflow.task.server_5 - INFO - Loading weights:  28%|██▊       | 414/1458 [00:20<00:40, 25.60it/s]
2026-07-24 19:15:04,860 - sflow.task.server_5 - INFO - 2:
2026-07-24 19:15:04,860 - sflow.task.server_5 - INFO - Loading weights:  29%|██▉       | 421/1458 [00:20<00:34, 30.33it/s]
2026-07-24 19:15:04,860 - sflow.task.server_5 - INFO - 0:
2026-07-24 19:15:04,860 - sflow.task.server_5 - INFO - Loading weights:  28%|██▊       | 409/1458 [00:20<00:38, 27.46it/s]
2026-07-24 19:15:04,962 - sflow.task.server_5 - INFO - 2:
2026-07-24 19:15:04,962 - sflow.task.server_5 - INFO - Loading weights:  30%|██▉       | 431/1458 [00:21<00:25, 40.44it/s]
2026-07-24 19:15:05,166 - sflow.task.server_5 - INFO - 4:
2026-07-24 19:15:05,166 - sflow.task.server_5 - INFO - Loading weights:  32%|███▏      | 463/1458 [00:22<01:08, 14.43it/s]
2026-07-24 19:15:05,269 - sflow.task.server_5 - INFO - 4:
2026-07-24 19:15:05,269 - sflow.task.server_5 - INFO - Loading weights:  32%|███▏      | 469/1458 [00:22<00:55, 17.69it/s]
2026-07-24 19:15:05,371 - sflow.task.server_5 - INFO - 6:
2026-07-24 19:15:05,371 - sflow.task.server_5 - INFO - Loading weights:  32%|███▏      | 462/1458 [00:22<00:56, 17.59it/s]
2026-07-24 19:15:05,371 - sflow.task.server_5 - INFO - 4:
2026-07-24 19:15:05,371 - sflow.task.server_5 - INFO - Loading weights:  33%|███▎      | 476/1458 [00:22<00:44, 22.21it/s]
2026-07-24 19:15:05,422 - sflow.task.server_5 - INFO - 2:
2026-07-24 19:15:05,422 - sflow.task.server_5 - INFO - Loading weights:  30%|███       | 438/1458 [00:21<00:36, 27.77it/s]
2026-07-24 19:15:05,473 - sflow.task.server_5 - INFO - 6:
2026-07-24 19:15:05,473 - sflow.task.server_5 - INFO - Loading weights:  32%|███▏      | 469/1458 [00:22<00:44, 22.11it/s]
2026-07-24 19:15:05,473 - sflow.task.server_5 - INFO - 7:
2026-07-24 19:15:05,473 - sflow.task.server_5 - INFO - Loading weights:  32%|███▏      | 464/1458 [00:22<01:01, 16.19it/s]
2026-07-24 19:15:05,524 - sflow.task.server_5 - INFO - 2:
2026-07-24 19:15:05,524 - sflow.task.server_5 - INFO - Loading weights:  31%|███       | 445/1458 [00:21<00:30, 32.86it/s]
2026-07-24 19:15:05,575 - sflow.task.server_5 - INFO - 6:
2026-07-24 19:15:05,575 - sflow.task.server_5 - INFO - Loading weights:  33%|███▎      | 479/1458 [00:22<00:31, 30.73it/s]
2026-07-24 19:15:05,575 - sflow.task.server_5 - INFO - 4:
2026-07-24 19:15:05,575 - sflow.task.server_5 - INFO - Loading weights:  33%|███▎      | 482/1458 [00:22<00:40, 24.35it/s]
2026-07-24 19:15:05,575 - sflow.task.server_5 - INFO - 7:
2026-07-24 19:15:05,575 - sflow.task.server_5 - INFO - Loading weights:  33%|███▎      | 475/1458 [00:22<00:42, 23.36it/s]
2026-07-24 19:15:05,626 - sflow.task.server_5 - INFO - 1:
2026-07-24 19:15:05,626 - sflow.task.server_5 - INFO - Loading weights:  29%|██▊       | 416/1458 [00:21<01:04, 16.12it/s]
2026-07-24 19:15:05,626 - sflow.task.server_5 - INFO - 2:
2026-07-24 19:15:05,626 - sflow.task.server_5 - INFO - Loading weights:  31%|███       | 454/1458 [00:21<00:24, 40.73it/s]
2026-07-24 19:15:05,678 - sflow.task.server_5 - INFO - 7:
2026-07-24 19:15:05,678 - sflow.task.server_5 - INFO - Loading weights:  33%|███▎      | 482/1458 [00:22<00:35, 27.45it/s]
2026-07-24 19:15:05,729 - sflow.task.server_5 - INFO - 5:
2026-07-24 19:15:05,729 - sflow.task.server_5 - INFO - Loading weights:  32%|███▏      | 466/1458 [00:22<01:10, 14.06it/s]
2026-07-24 19:15:05,780 - sflow.task.server_5 - INFO - 1:
2026-07-24 19:15:05,780 - sflow.task.server_5 - INFO - Loading weights:  29%|██▉       | 428/1458 [00:21<00:43, 23.62it/s]
2026-07-24 19:15:05,831 - sflow.task.server_5 - INFO - 5:
2026-07-24 19:15:05,831 - sflow.task.server_5 - INFO - Loading weights:  33%|███▎      | 476/1458 [00:22<00:47, 20.75it/s]
2026-07-24 19:15:05,831 - sflow.task.server_5 - INFO - 3:
2026-07-24 19:15:05,831 - sflow.task.server_5 - INFO - Loading weights:  30%|███       | 438/1458 [00:21<01:03, 16.08it/s]
2026-07-24 19:15:05,882 - sflow.task.server_5 - INFO - 2:
2026-07-24 19:15:05,882 - sflow.task.server_5 - INFO - Loading weights:  32%|███▏      | 462/1458 [00:21<00:26, 37.17it/s]
2026-07-24 19:15:05,933 - sflow.task.server_5 - INFO - 3:
2026-07-24 19:15:05,933 - sflow.task.server_5 - INFO - Loading weights:  31%|███       | 445/1458 [00:22<00:49, 20.60it/s]
2026-07-24 19:15:05,985 - sflow.task.server_5 - INFO - 5:
2026-07-24 19:15:05,985 - sflow.task.server_5 - INFO - Loading weights:  33%|███▎      | 483/1458 [00:22<00:38, 25.33it/s]
2026-07-24 19:15:05,985 - sflow.task.server_5 - INFO - 0:
2026-07-24 19:15:05,985 - sflow.task.server_5 - INFO - Loading weights:  29%|██▊       | 416/1458 [00:22<01:10, 14.77it/s]
2026-07-24 19:15:05,985 - sflow.task.server_5 - INFO - 2:
2026-07-24 19:15:05,985 - sflow.task.server_5 - INFO - Loading weights:  32%|███▏      | 469/1458 [00:22<00:23, 42.15it/s]
2026-07-24 19:15:06,086 - sflow.task.server_5 - INFO - 1:
2026-07-24 19:15:06,086 - sflow.task.server_5 - INFO - Loading weights:  30%|███       | 438/1458 [00:22<00:39, 25.86it/s]
2026-07-24 19:15:06,086 - sflow.task.server_5 - INFO - 3:
2026-07-24 19:15:06,086 - sflow.task.server_5 - INFO - Loading weights:  31%|███▏      | 457/1458 [00:22<00:33, 30.31it/s]
2026-07-24 19:15:06,086 - sflow.task.server_5 - INFO - 0:
2026-07-24 19:15:06,086 - sflow.task.server_5 - INFO - Loading weights:  29%|██▉       | 428/1458 [00:22<00:46, 22.03it/s]
2026-07-24 19:15:06,138 - sflow.task.server_5 - INFO - 2:
2026-07-24 19:15:06,138 - sflow.task.server_5 - INFO - Loading weights:  33%|███▎      | 478/1458 [00:22<00:20, 48.97it/s]
2026-07-24 19:15:06,189 - sflow.task.server_5 - INFO - 1:
2026-07-24 19:15:06,189 - sflow.task.server_5 - INFO - Loading weights:  31%|███       | 445/1458 [00:22<00:33, 30.33it/s]
2026-07-24 19:15:06,292 - sflow.task.server_5 - INFO - 1:
2026-07-24 19:15:06,292 - sflow.task.server_5 - INFO - Loading weights:  31%|███       | 454/1458 [00:22<00:26, 37.88it/s]
2026-07-24 19:15:06,292 - sflow.task.server_5 - INFO - 2:
2026-07-24 19:15:06,292 - sflow.task.server_5 - INFO - Loading weights:  33%|███▎      | 485/1458 [00:22<00:20, 47.66it/s]
2026-07-24 19:15:06,394 - sflow.task.server_5 - INFO - 0:
2026-07-24 19:15:06,394 - sflow.task.server_5 - INFO - Loading weights:  30%|███       | 438/1458 [00:22<00:41, 24.81it/s]
2026-07-24 19:15:06,445 - sflow.task.server_5 - INFO - 4:
2026-07-24 19:15:06,445 - sflow.task.server_5 - INFO - Loading weights:  33%|███▎      | 487/1458 [00:23<01:10, 13.78it/s]
2026-07-24 19:15:06,496 - sflow.task.server_5 - INFO - 0:
2026-07-24 19:15:06,496 - sflow.task.server_5 - INFO - Loading weights:  31%|███       | 445/1458 [00:22<00:34, 29.12it/s]
2026-07-24 19:15:06,547 - sflow.task.server_5 - INFO - 3:
2026-07-24 19:15:06,547 - sflow.task.server_5 - INFO - Loading weights:  32%|███▏      | 464/1458 [00:22<00:40, 24.49it/s]
2026-07-24 19:15:06,547 - sflow.task.server_5 - INFO - 4:
2026-07-24 19:15:06,547 - sflow.task.server_5 - INFO - Loading weights:  34%|███▎      | 491/1458 [00:23<01:01, 15.69it/s]
2026-07-24 19:15:06,547 - sflow.task.server_5 - INFO - 1:
2026-07-24 19:15:06,547 - sflow.task.server_5 - INFO - Loading weights:  32%|███▏      | 462/1458 [00:22<00:29, 34.24it/s]
2026-07-24 19:15:06,599 - sflow.task.server_5 - INFO - 6:
2026-07-24 19:15:06,599 - sflow.task.server_5 - INFO - Loading weights:  33%|███▎      | 486/1458 [00:23<01:02, 15.66it/s]
2026-07-24 19:15:06,599 - sflow.task.server_5 - INFO - 0:
2026-07-24 19:15:06,599 - sflow.task.server_5 - INFO - Loading weights:  31%|███▏      | 457/1458 [00:22<00:25, 39.00it/s]
2026-07-24 19:15:06,650 - sflow.task.server_5 - INFO - 3:
2026-07-24 19:15:06,651 - sflow.task.server_5 - INFO - Loading weights:  33%|███▎      | 476/1458 [00:22<00:28, 34.77it/s]
2026-07-24 19:15:06,651 - sflow.task.server_5 - INFO - 7:
2026-07-24 19:15:06,651 - sflow.task.server_5 - INFO - Loading weights:  34%|███▎      | 489/1458 [00:23<01:00, 15.93it/s]
2026-07-24 19:15:06,651 - sflow.task.server_5 - INFO - 1:
2026-07-24 19:15:06,651 - sflow.task.server_5 - INFO - Loading weights:  32%|███▏      | 469/1458 [00:22<00:25, 39.37it/s]
2026-07-24 19:15:06,651 - sflow.task.server_5 - INFO - 4:
2026-07-24 19:15:06,651 - sflow.task.server_5 - INFO - Loading weights:  34%|███▍      | 500/1458 [00:23<00:40, 23.43it/s]
2026-07-24 19:15:06,701 - sflow.task.server_5 - INFO - 6:
2026-07-24 19:15:06,701 - sflow.task.server_5 - INFO - Loading weights:  34%|███▍      | 493/1458 [00:23<00:48, 19.80it/s]
2026-07-24 19:15:06,752 - sflow.task.server_5 - INFO - 3:
2026-07-24 19:15:06,752 - sflow.task.server_5 - INFO - Loading weights:  33%|███▎      | 483/1458 [00:22<00:25, 38.98it/s]
2026-07-24 19:15:06,752 - sflow.task.server_5 - INFO - 7:
2026-07-24 19:15:06,753 - sflow.task.server_5 - INFO - Loading weights:  34%|███▍      | 500/1458 [00:23<00:41, 23.07it/s]
2026-07-24 19:15:06,804 - sflow.task.server_5 - INFO - 4:
2026-07-24 19:15:06,804 - sflow.task.server_5 - INFO - Loading weights:  35%|███▍      | 505/1458 [00:23<00:36, 25.85it/s]
2026-07-24 19:15:06,804 - sflow.task.server_5 - INFO - 1:
2026-07-24 19:15:06,804 - sflow.task.server_5 - INFO - Loading weights:  33%|███▎      | 481/1458 [00:22<00:19, 49.25it/s]
2026-07-24 19:15:06,804 - sflow.task.server_5 - INFO - 6:
2026-07-24 19:15:06,804 - sflow.task.server_5 - INFO - Loading weights:  34%|███▍      | 502/1458 [00:23<00:35, 26.79it/s]
2026-07-24 19:15:06,906 - sflow.task.server_5 - INFO - 7:
2026-07-24 19:15:06,906 - sflow.task.server_5 - INFO - Loading weights:  35%|███▍      | 507/1458 [00:23<00:34, 27.35it/s]
2026-07-24 19:15:06,906 - sflow.task.server_5 - INFO - 0:
2026-07-24 19:15:06,906 - sflow.task.server_5 - INFO - Loading weights:  32%|███▏      | 464/1458 [00:22<00:29, 33.83it/s]
2026-07-24 19:15:06,957 - sflow.task.server_5 - INFO - 5:
2026-07-24 19:15:06,957 - sflow.task.server_5 - INFO - Loading weights:  34%|███▎      | 489/1458 [00:23<01:09, 13.92it/s]
2026-07-24 19:15:07,009 - sflow.task.server_5 - INFO - 0:
2026-07-24 19:15:07,009 - sflow.task.server_5 - INFO - Loading weights:  33%|███▎      | 476/1458 [00:23<00:21, 45.05it/s]
2026-07-24 19:15:07,111 - sflow.task.server_5 - INFO - 5:
2026-07-24 19:15:07,112 - sflow.task.server_5 - INFO - Loading weights:  34%|███▍      | 500/1458 [00:24<00:45, 21.09it/s]
2026-07-24 19:15:07,213 - sflow.task.server_5 - INFO - 5:
2026-07-24 19:15:07,213 - sflow.task.server_5 - INFO - Loading weights:  35%|███▍      | 507/1458 [00:24<00:36, 25.81it/s]
2026-07-24 19:15:07,366 - sflow.task.server_5 - INFO - 2:
2026-07-24 19:15:07,366 - sflow.task.server_5 - INFO - Loading weights:  34%|███▎      | 491/1458 [00:23<00:58, 16.48it/s]
2026-07-24 19:15:07,520 - sflow.task.server_5 - INFO - 2:
2026-07-24 19:15:07,520 - sflow.task.server_5 - INFO - Loading weights:  34%|███▍      | 500/1458 [00:23<00:43, 21.96it/s]
2026-07-24 19:15:07,672 - sflow.task.server_5 - INFO - 2:
2026-07-24 19:15:07,672 - sflow.task.server_5 - INFO - Loading weights:  35%|███▍      | 505/1458 [00:23<00:40, 23.64it/s]
2026-07-24 19:15:07,774 - sflow.task.server_5 - INFO - 3:
2026-07-24 19:15:07,774 - sflow.task.server_5 - INFO - Loading weights:  34%|███▎      | 490/1458 [00:23<00:54, 17.67it/s]
2026-07-24 19:15:07,876 - sflow.task.server_5 - INFO - 3:
2026-07-24 19:15:07,876 - sflow.task.server_5 - INFO - Loading weights:  34%|███▍      | 502/1458 [00:23<00:36, 26.06it/s]
2026-07-24 19:15:07,876 - sflow.task.server_5 - INFO - 4:
2026-07-24 19:15:07,876 - sflow.task.server_5 - INFO - Loading weights:  35%|███▍      | 510/1458 [00:24<01:20, 11.73it/s]
2026-07-24 19:15:07,927 - sflow.task.server_5 - INFO - 6:
2026-07-24 19:15:07,927 - sflow.task.server_5 - INFO - Loading weights:  35%|███▍      | 510/1458 [00:24<01:03, 14.93it/s]
2026-07-24 19:15:07,927 - sflow.task.server_5 - INFO - 1:
2026-07-24 19:15:07,927 - sflow.task.server_5 - INFO - Loading weights:  33%|███▎      | 488/1458 [00:23<00:52, 18.65it/s]
2026-07-24 19:15:07,979 - sflow.task.server_5 - INFO - 4:
2026-07-24 19:15:07,979 - sflow.task.server_5 - INFO - Loading weights:  35%|███▌      | 514/1458 [00:25<01:07, 13.88it/s]
2026-07-24 19:15:07,979 - sflow.task.server_5 - INFO - 7:
2026-07-24 19:15:07,979 - sflow.task.server_5 - INFO - Loading weights:  35%|███▌      | 514/1458 [00:25<01:05, 14.47it/s]
2026-07-24 19:15:08,030 - sflow.task.server_5 - INFO - 6:
2026-07-24 19:15:08,030 - sflow.task.server_5 - INFO - Loading weights:  35%|███▌      | 517/1458 [00:25<00:49, 18.85it/s]
2026-07-24 19:15:08,030 - sflow.task.server_5 - INFO - 1:
2026-07-24 19:15:08,030 - sflow.task.server_5 - INFO - Loading weights:  34%|███▍      | 500/1458 [00:24<00:35, 26.78it/s]
2026-07-24 19:15:08,081 - sflow.task.server_5 - INFO - 4:
2026-07-24 19:15:08,081 - sflow.task.server_5 - INFO - Loading weights:  36%|███▌      | 524/1458 [00:25<00:41, 22.55it/s]
2026-07-24 19:15:08,132 - sflow.task.server_5 - INFO - 7:
2026-07-24 19:15:08,132 - sflow.task.server_5 - INFO - Loading weights:  36%|███▌      | 524/1458 [00:25<00:45, 20.48it/s]
2026-07-24 19:15:08,132 - sflow.task.server_5 - INFO - 6:
2026-07-24 19:15:08,132 - sflow.task.server_5 - INFO - Loading weights:  36%|███▌      | 526/1458 [00:25<00:36, 25.30it/s]
2026-07-24 19:15:08,132 - sflow.task.server_5 - INFO - 1:
2026-07-24 19:15:08,132 - sflow.task.server_5 - INFO - Loading weights:  35%|███▍      | 507/1458 [00:24<00:30, 31.03it/s]
2026-07-24 19:15:08,183 - sflow.task.server_5 - INFO - 5:
2026-07-24 19:15:08,183 - sflow.task.server_5 - INFO - Loading weights:  35%|███▌      | 514/1458 [00:25<01:03, 14.97it/s]
2026-07-24 19:15:08,183 - sflow.task.server_5 - INFO - 0:
2026-07-24 19:15:08,183 - sflow.task.server_5 - INFO - Loading weights:  33%|███▎      | 486/1458 [00:24<00:49, 19.68it/s]
2026-07-24 19:15:08,235 - sflow.task.server_5 - INFO - 4:
2026-07-24 19:15:08,235 - sflow.task.server_5 - INFO - Loading weights:  36%|███▋      | 530/1458 [00:25<00:35, 25.86it/s]
2026-07-24 19:15:08,235 - sflow.task.server_5 - INFO - 7:
2026-07-24 19:15:08,235 - sflow.task.server_5 - INFO - Loading weights:  36%|███▋      | 530/1458 [00:25<00:39, 23.40it/s]
2026-07-24 19:15:08,286 - sflow.task.server_5 - INFO - 6:
2026-07-24 19:15:08,286 - sflow.task.server_5 - INFO - Loading weights:  37%|███▋      | 533/1458 [00:25<00:31, 29.08it/s]
2026-07-24 19:15:08,286 - sflow.task.server_5 - INFO - 5:
2026-07-24 19:15:08,286 - sflow.task.server_5 - INFO - Loading weights:  36%|███▌      | 526/1458 [00:25<00:40, 22.86it/s]
2026-07-24 19:15:08,286 - sflow.task.server_5 - INFO - 0:
2026-07-24 19:15:08,286 - sflow.task.server_5 - INFO - Loading weights:  34%|███▍      | 493/1458 [00:24<00:41, 23.48it/s]
2026-07-24 19:15:08,388 - sflow.task.server_5 - INFO - 0:
2026-07-24 19:15:08,388 - sflow.task.server_5 - INFO - Loading weights:  34%|███▍      | 503/1458 [00:24<00:30, 31.04it/s]
2026-07-24 19:15:08,593 - sflow.task.server_5 - INFO - 7:
2026-07-24 19:15:08,593 - sflow.task.server_5 - INFO - Loading weights:  37%|███▋      | 536/1458 [00:25<00:42, 21.75it/s]
2026-07-24 19:15:08,694 - sflow.task.server_5 - INFO - 2:
2026-07-24 19:15:08,694 - sflow.task.server_5 - INFO - Loading weights:  35%|███▍      | 510/1458 [00:24<01:16, 12.44it/s]
2026-07-24 19:15:08,694 - sflow.task.server_5 - INFO - 7:
2026-07-24 19:15:08,694 - sflow.task.server_5 - INFO - Loading weights:  38%|███▊      | 547/1458 [00:25<00:29, 31.02it/s]
2026-07-24 19:15:08,847 - sflow.task.server_5 - INFO - 2:
2026-07-24 19:15:08,847 - sflow.task.server_5 - INFO - Loading weights:  35%|███▌      | 514/1458 [00:24<01:06, 14.26it/s]
2026-07-24 19:15:08,949 - sflow.task.server_5 - INFO - 7:
2026-07-24 19:15:08,949 - sflow.task.server_5 - INFO - Loading weights:  38%|███▊      | 553/1458 [00:25<00:30, 29.60it/s]
2026-07-24 19:15:09,001 - sflow.task.server_5 - INFO - 3:
2026-07-24 19:15:09,001 - sflow.task.server_5 - INFO - Loading weights:  35%|███▍      | 510/1458 [00:25<01:02, 15.20it/s]
2026-07-24 19:15:09,052 - sflow.task.server_5 - INFO - 2:
2026-07-24 19:15:09,052 - sflow.task.server_5 - INFO - Loading weights:  36%|███▌      | 524/1458 [00:25<00:45, 20.59it/s]
2026-07-24 19:15:09,103 - sflow.task.server_5 - INFO - 3:
2026-07-24 19:15:09,104 - sflow.task.server_5 - INFO - Loading weights:  35%|███▌      | 517/1458 [00:25<00:49, 18.84it/s]
2026-07-24 19:15:09,154 - sflow.task.server_5 - INFO - 1:
2026-07-24 19:15:09,154 - sflow.task.server_5 - INFO - Loading weights:  35%|███▌      | 514/1458 [00:25<00:57, 16.48it/s]
2026-07-24 19:15:09,205 - sflow.task.server_5 - INFO - 2:
2026-07-24 19:15:09,205 - sflow.task.server_5 - INFO - Loading weights:  36%|███▋      | 529/1458 [00:25<00:42, 22.00it/s]
2026-07-24 19:15:09,206 - sflow.task.server_5 - INFO - 3:
2026-07-24 19:15:09,206 - sflow.task.server_5 - INFO - Loading weights:  36%|███▌      | 527/1458 [00:25<00:35, 25.91it/s]
2026-07-24 19:15:09,257 - sflow.task.server_5 - INFO - 1:
2026-07-24 19:15:09,257 - sflow.task.server_5 - INFO - Loading weights:  36%|███▌      | 526/1458 [00:25<00:38, 24.21it/s]
2026-07-24 19:15:09,308 - sflow.task.server_5 - INFO - 6:
2026-07-24 19:15:09,308 - sflow.task.server_5 - INFO - Loading weights:  37%|███▋      | 539/1458 [00:26<01:02, 14.71it/s]
2026-07-24 19:15:09,410 - sflow.task.server_5 - INFO - 6:
2026-07-24 19:15:09,410 - sflow.task.server_5 - INFO - Loading weights:  38%|███▊      | 548/1458 [00:26<00:44, 20.63it/s]
2026-07-24 19:15:09,461 - sflow.task.server_5 - INFO - 5:
2026-07-24 19:15:09,461 - sflow.task.server_5 - INFO - Loading weights:  37%|███▋      | 534/1458 [00:26<01:05, 14.00it/s]
2026-07-24 19:15:09,512 - sflow.task.server_5 - INFO - 6:
2026-07-24 19:15:09,512 - sflow.task.server_5 - INFO - Loading weights:  38%|███▊      | 555/1458 [00:26<00:35, 25.50it/s]
2026-07-24 19:15:09,512 - sflow.task.server_5 - INFO - 4:
2026-07-24 19:15:09,512 - sflow.task.server_5 - INFO - Loading weights:  37%|███▋      | 535/1458 [00:26<01:24, 10.88it/s]
2026-07-24 19:15:09,563 - sflow.task.server_5 - INFO - 5:
2026-07-24 19:15:09,563 - sflow.task.server_5 - INFO - Loading weights:  37%|███▋      | 542/1458 [00:26<00:50, 18.08it/s]
2026-07-24 19:15:09,614 - sflow.task.server_5 - INFO - 0:
2026-07-24 19:15:09,614 - sflow.task.server_5 - INFO - Loading weights:  35%|███▍      | 510/1458 [00:25<01:02, 15.22it/s]
2026-07-24 19:15:09,614 - sflow.task.server_5 - INFO - 4:
2026-07-24 19:15:09,614 - sflow.task.server_5 - INFO - Loading weights:  37%|███▋      | 541/1458 [00:26<01:03, 14.37it/s]
2026-07-24 19:15:09,665 - sflow.task.server_5 - INFO - 5:
2026-07-24 19:15:09,665 - sflow.task.server_5 - INFO - Loading weights:  38%|███▊      | 551/1458 [00:26<00:37, 24.08it/s]
2026-07-24 19:15:09,716 - sflow.task.server_5 - INFO - 0:
2026-07-24 19:15:09,716 - sflow.task.server_5 - INFO - Loading weights:  35%|███▌      | 517/1458 [00:25<00:49, 18.93it/s]
2026-07-24 19:15:09,716 - sflow.task.server_5 - INFO - 4:
2026-07-24 19:15:09,716 - sflow.task.server_5 - INFO - Loading weights:  38%|███▊      | 550/1458 [00:26<00:43, 20.99it/s]
2026-07-24 19:15:09,819 - sflow.task.server_5 - INFO - 0:
2026-07-24 19:15:09,819 - sflow.task.server_5 - INFO - Loading weights:  36%|███▌      | 527/1458 [00:25<00:35, 26.21it/s]
2026-07-24 19:15:09,869 - sflow.task.server_5 - INFO - 7:
2026-07-24 19:15:09,869 - sflow.task.server_5 - INFO - Loading weights:  38%|███▊      | 558/1458 [00:26<01:01, 14.69it/s]
2026-07-24 19:15:10,022 - sflow.task.server_5 - INFO - 7:
2026-07-24 19:15:10,022 - sflow.task.server_5 - INFO - Loading weights:  39%|███▊      | 562/1458 [00:27<00:54, 16.46it/s]
2026-07-24 19:15:10,123 - sflow.task.server_5 - INFO - 3:
2026-07-24 19:15:10,124 - sflow.task.server_5 - INFO - Loading weights:  37%|███▋      | 534/1458 [00:26<00:56, 16.33it/s]
2026-07-24 19:15:10,226 - sflow.task.server_5 - INFO - 7:
2026-07-24 19:15:10,226 - sflow.task.server_5 - INFO - Loading weights:  39%|███▉      | 572/1458 [00:27<00:38, 22.99it/s]
2026-07-24 19:15:10,226 - sflow.task.server_5 - INFO - 2:
2026-07-24 19:15:10,226 - sflow.task.server_5 - INFO - Loading weights:  37%|███▋      | 534/1458 [00:26<01:18, 11.79it/s]
2026-07-24 19:15:10,226 - sflow.task.server_5 - INFO - 3:
2026-07-24 19:15:10,226 - sflow.task.server_5 - INFO - Loading weights:  37%|███▋      | 539/1458 [00:26<00:49, 18.75it/s]
2026-07-24 19:15:10,277 - sflow.task.server_5 - INFO - 1:
2026-07-24 19:15:10,277 - sflow.task.server_5 - INFO - Loading weights:  37%|███▋      | 534/1458 [00:26<00:59, 15.53it/s]
2026-07-24 19:15:10,328 - sflow.task.server_5 - INFO - 2:
2026-07-24 19:15:10,328 - sflow.task.server_5 - INFO - Loading weights:  37%|███▋      | 541/1458 [00:26<00:56, 16.20it/s]
2026-07-24 19:15:10,328 - sflow.task.server_5 - INFO - 3:
2026-07-24 19:15:10,328 - sflow.task.server_5 - INFO - Loading weights:  38%|███▊      | 548/1458 [00:26<00:35, 25.44it/s]
2026-07-24 19:15:10,379 - sflow.task.server_5 - INFO - 7:
2026-07-24 19:15:10,379 - sflow.task.server_5 - INFO - Loading weights:  40%|███▉      | 577/1458 [00:27<00:35, 24.83it/s]
2026-07-24 19:15:10,379 - sflow.task.server_5 - INFO - 1:
2026-07-24 19:15:10,379 - sflow.task.server_5 - INFO - Loading weights:  37%|███▋      | 541/1458 [00:26<00:47, 19.27it/s]
2026-07-24 19:15:10,431 - sflow.task.server_5 - INFO - 2:
2026-07-24 19:15:10,431 - sflow.task.server_5 - INFO - Loading weights:  38%|███▊      | 550/1458 [00:26<00:39, 23.12it/s]
2026-07-24 19:15:10,482 - sflow.task.server_5 - INFO - 6:
2026-07-24 19:15:10,482 - sflow.task.server_5 - INFO - Loading weights:  38%|███▊      | 561/1458 [00:27<01:04, 13.99it/s]
2026-07-24 19:15:10,482 - sflow.task.server_5 - INFO - 1:
2026-07-24 19:15:10,482 - sflow.task.server_5 - INFO - Loading weights:  38%|███▊      | 550/1458 [00:26<00:35, 25.53it/s]
2026-07-24 19:15:10,533 - sflow.task.server_5 - INFO - 3:
2026-07-24 19:15:10,533 - sflow.task.server_5 - INFO - Loading weights:  38%|███▊      | 554/1458 [00:26<00:33, 26.87it/s]
2026-07-24 19:15:10,585 - sflow.task.server_5 - INFO - 2:
2026-07-24 19:15:10,585 - sflow.task.server_5 - INFO - Loading weights:  38%|███▊      | 555/1458 [00:26<00:34, 25.92it/s]
2026-07-24 19:15:10,635 - sflow.task.server_5 - INFO - 6:
2026-07-24 19:15:10,635 - sflow.task.server_5 - INFO - Loading weights:  39%|███▉      | 572/1458 [00:27<00:41, 21.19it/s]
2026-07-24 19:15:10,737 - sflow.task.server_5 - INFO - 6:
2026-07-24 19:15:10,737 - sflow.task.server_5 - INFO - Loading weights:  40%|███▉      | 579/1458 [00:27<00:33, 25.87it/s]
2026-07-24 19:15:10,737 - sflow.task.server_5 - INFO - 5:
2026-07-24 19:15:10,737 - sflow.task.server_5 - INFO - Loading weights:  38%|███▊      | 558/1458 [00:27<01:03, 14.21it/s]
2026-07-24 19:15:10,839 - sflow.task.server_5 - INFO - 5:
2026-07-24 19:15:10,839 - sflow.task.server_5 - INFO - Loading weights:  39%|███▉      | 565/1458 [00:27<00:49, 18.08it/s]
2026-07-24 19:15:10,941 - sflow.task.server_5 - INFO - 4:
2026-07-24 19:15:10,941 - sflow.task.server_5 - INFO - Loading weights:  38%|███▊      | 558/1458 [00:27<01:12, 12.38it/s]
2026-07-24 19:15:10,941 - sflow.task.server_5 - INFO - 0:
2026-07-24 19:15:10,941 - sflow.task.server_5 - INFO - Loading weights:  37%|███▋      | 534/1458 [00:27<01:04, 14.24it/s]
2026-07-24 19:15:10,992 - sflow.task.server_5 - INFO - 5:
2026-07-24 19:15:10,992 - sflow.task.server_5 - INFO - Loading weights:  40%|███▉      | 577/1458 [00:27<00:33, 26.13it/s]
2026-07-24 19:15:11,044 - sflow.task.server_5 - INFO - 4:
2026-07-24 19:15:11,044 - sflow.task.server_5 - INFO - Loading weights:  39%|███▉      | 565/1458 [00:28<00:54, 16.27it/s]
2026-07-24 19:15:11,044 - sflow.task.server_5 - INFO - 0:
2026-07-24 19:15:11,044 - sflow.task.server_5 - INFO - Loading weights:  37%|███▋      | 541/1458 [00:27<00:50, 18.02it/s]
2026-07-24 19:15:11,146 - sflow.task.server_5 - INFO - 4:
2026-07-24 19:15:11,146 - sflow.task.server_5 - INFO - Loading weights:  39%|███▉      | 574/1458 [00:28<00:39, 22.57it/s]
2026-07-24 19:15:11,146 - sflow.task.server_5 - INFO - 0:
2026-07-24 19:15:11,146 - sflow.task.server_5 - INFO - Loading weights:  38%|███▊      | 550/1458 [00:27<00:37, 24.22it/s]
2026-07-24 19:15:11,454 - sflow.task.server_5 - INFO - 7:
2026-07-24 19:15:11,454 - sflow.task.server_5 - INFO - Loading weights:  40%|███▉      | 582/1458 [00:28<01:13, 11.88it/s]
2026-07-24 19:15:11,556 - sflow.task.server_5 - INFO - 7:
2026-07-24 19:15:11,557 - sflow.task.server_5 - INFO - Loading weights:  40%|████      | 586/1458 [00:28<01:02, 13.88it/s]
2026-07-24 19:15:11,608 - sflow.task.server_5 - INFO - 3:
2026-07-24 19:15:11,608 - sflow.task.server_5 - INFO - Loading weights:  38%|███▊      | 559/1458 [00:27<01:10, 12.71it/s]
2026-07-24 19:15:11,659 - sflow.task.server_5 - INFO - 1:
2026-07-24 19:15:11,659 - sflow.task.server_5 - INFO - Loading weights:  38%|███▊      | 558/1458 [00:27<01:01, 14.56it/s]
2026-07-24 19:15:11,760 - sflow.task.server_5 - INFO - 7:
2026-07-24 19:15:11,760 - sflow.task.server_5 - INFO - Loading weights:  41%|████      | 596/1458 [00:28<00:41, 20.78it/s]
2026-07-24 19:15:11,760 - sflow.task.server_5 - INFO - 3:
2026-07-24 19:15:11,760 - sflow.task.server_5 - INFO - Loading weights:  39%|███▊      | 563/1458 [00:27<01:01, 14.51it/s]
2026-07-24 19:15:11,760 - sflow.task.server_5 - INFO - 1:
2026-07-24 19:15:11,761 - sflow.task.server_5 - INFO - Loading weights:  39%|███▉      | 565/1458 [00:27<00:49, 18.18it/s]
2026-07-24 19:15:11,761 - sflow.task.server_5 - INFO - 6:
2026-07-24 19:15:11,761 - sflow.task.server_5 - INFO - Loading weights:  40%|████      | 586/1458 [00:28<00:59, 14.56it/s]
2026-07-24 19:15:11,761 - sflow.task.server_5 - INFO - 2:
2026-07-24 19:15:11,761 - sflow.task.server_5 - INFO - Loading weights:  38%|███▊      | 560/1458 [00:27<01:19, 11.23it/s]
2026-07-24 19:15:11,862 - sflow.task.server_5 - INFO - 1:
2026-07-24 19:15:11,862 - sflow.task.server_5 - INFO - Loading weights:  39%|███▉      | 572/1458 [00:27<00:38, 22.78it/s]
2026-07-24 19:15:11,862 - sflow.task.server_5 - INFO - 3:
2026-07-24 19:15:11,862 - sflow.task.server_5 - INFO - Loading weights:  39%|███▉      | 572/1458 [00:27<00:40, 21.66it/s]
2026-07-24 19:15:11,862 - sflow.task.server_5 - INFO - 6:
2026-07-24 19:15:11,862 - sflow.task.server_5 - INFO - Loading weights:  41%|████      | 596/1458 [00:28<00:41, 20.93it/s]
2026-07-24 19:15:11,862 - sflow.task.server_5 - INFO - 2:
2026-07-24 19:15:11,862 - sflow.task.server_5 - INFO - Loading weights:  39%|███▉      | 571/1458 [00:27<00:48, 18.43it/s]
2026-07-24 19:15:11,913 - sflow.task.server_5 - INFO - 7:
2026-07-24 19:15:11,913 - sflow.task.server_5 - INFO - Loading weights:  41%|████      | 601/1458 [00:28<00:37, 22.72it/s]
2026-07-24 19:15:11,963 - sflow.task.server_5 - INFO - 6:
2026-07-24 19:15:11,964 - sflow.task.server_5 - INFO - Loading weights:  41%|████▏     | 603/1458 [00:29<00:33, 25.44it/s]
2026-07-24 19:15:12,015 - sflow.task.server_5 - INFO - 5:
2026-07-24 19:15:12,015 - sflow.task.server_5 - INFO - Loading weights:  40%|████      | 584/1458 [00:29<00:56, 15.34it/s]
2026-07-24 19:15:12,015 - sflow.task.server_5 - INFO - 2:
2026-07-24 19:15:12,015 - sflow.task.server_5 - INFO - Loading weights:  40%|███▉      | 577/1458 [00:28<00:40, 21.70it/s]
2026-07-24 19:15:12,015 - sflow.task.server_5 - INFO - 3:
2026-07-24 19:15:12,015 - sflow.task.server_5 - INFO - Loading weights:  40%|███▉      | 577/1458 [00:28<00:37, 23.77it/s]
2026-07-24 19:15:12,015 - sflow.task.server_5 - INFO - 1:
2026-07-24 19:15:12,015 - sflow.task.server_5 - INFO - Loading weights:  40%|███▉      | 578/1458 [00:28<00:34, 25.56it/s]
2026-07-24 19:15:12,067 - sflow.task.server_5 - INFO - 0:
2026-07-24 19:15:12,067 - sflow.task.server_5 - INFO - Loading weights:  38%|███▊      | 558/1458 [00:28<00:55, 16.17it/s]
2026-07-24 19:15:12,067 - sflow.task.server_5 - INFO - 4:
2026-07-24 19:15:12,067 - sflow.task.server_5 - INFO - Loading weights:  40%|███▉      | 582/1458 [00:29<00:59, 14.80it/s]
2026-07-24 19:15:12,118 - sflow.task.server_5 - INFO - 5:
2026-07-24 19:15:12,118 - sflow.task.server_5 - INFO - Loading weights:  41%|████      | 596/1458 [00:29<00:38, 22.48it/s]
2026-07-24 19:15:12,169 - sflow.task.server_5 - INFO - 0:
2026-07-24 19:15:12,169 - sflow.task.server_5 - INFO - Loading weights:  39%|███▉      | 565/1458 [00:28<00:43, 20.33it/s]
2026-07-24 19:15:12,220 - sflow.task.server_5 - INFO - 4:
2026-07-24 19:15:12,220 - sflow.task.server_5 - INFO - Loading weights:  40%|████      | 589/1458 [00:29<00:46, 18.85it/s]
2026-07-24 19:15:12,220 - sflow.task.server_5 - INFO - 2:
2026-07-24 19:15:12,220 - sflow.task.server_5 - INFO - Loading weights:  40%|███▉      | 583/1458 [00:28<00:38, 22.62it/s]
2026-07-24 19:15:12,220 - sflow.task.server_5 - INFO - 5:
2026-07-24 19:15:12,220 - sflow.task.server_5 - INFO - Loading weights:  41%|████▏     | 603/1458 [00:29<00:32, 26.53it/s]
2026-07-24 19:15:12,271 - sflow.task.server_5 - INFO - 0:
2026-07-24 19:15:12,271 - sflow.task.server_5 - INFO - Loading weights:  39%|███▉      | 575/1458 [00:28<00:31, 28.33it/s]
2026-07-24 19:15:12,322 - sflow.task.server_5 - INFO - 4:
2026-07-24 19:15:12,322 - sflow.task.server_5 - INFO - Loading weights:  41%|████      | 596/1458 [00:29<00:36, 23.59it/s]
2026-07-24 19:15:12,322 - sflow.task.server_5 - INFO - 3:
2026-07-24 19:15:12,322 - sflow.task.server_5 - INFO - Loading weights:  40%|███▉      | 582/1458 [00:28<00:41, 20.98it/s]
2026-07-24 19:15:12,322 - sflow.task.server_5 - INFO - 1:
2026-07-24 19:15:12,322 - sflow.task.server_5 - INFO - Loading weights:  40%|████      | 584/1458 [00:28<00:37, 23.22it/s]
2026-07-24 19:15:12,374 - sflow.task.server_5 - INFO - 2:
2026-07-24 19:15:12,374 - sflow.task.server_5 - INFO - Loading weights:  40%|████      | 588/1458 [00:28<00:33, 25.78it/s]
2026-07-24 19:15:12,425 - sflow.task.server_5 - INFO - 4:
2026-07-24 19:15:12,425 - sflow.task.server_5 - INFO - Loading weights:  41%|████▏     | 603/1458 [00:29<00:30, 28.48it/s]
2026-07-24 19:15:12,425 - sflow.task.server_5 - INFO - 3:
2026-07-24 19:15:12,425 - sflow.task.server_5 - INFO - Loading weights:  40%|████      | 589/1458 [00:28<00:31, 27.17it/s]
2026-07-24 19:15:12,477 - sflow.task.server_5 - INFO - 2:
2026-07-24 19:15:12,477 - sflow.task.server_5 - INFO - Loading weights:  41%|████      | 596/1458 [00:28<00:26, 33.02it/s]
2026-07-24 19:15:12,477 - sflow.task.server_5 - INFO - 1:
2026-07-24 19:15:12,477 - sflow.task.server_5 - INFO - Loading weights:  41%|████      | 596/1458 [00:28<00:25, 33.92it/s]
2026-07-24 19:15:12,529 - sflow.task.server_5 - INFO - 3:
2026-07-24 19:15:12,529 - sflow.task.server_5 - INFO - Loading weights:  41%|████      | 599/1458 [00:28<00:22, 38.38it/s]
2026-07-24 19:15:12,580 - sflow.task.server_5 - INFO - 1:
2026-07-24 19:15:12,580 - sflow.task.server_5 - INFO - Loading weights:  41%|████▏     | 602/1458 [00:28<00:22, 37.47it/s]
2026-07-24 19:15:12,580 - sflow.task.server_5 - INFO - 2:
2026-07-24 19:15:12,580 - sflow.task.server_5 - INFO - Loading weights:  41%|████▏     | 602/1458 [00:28<00:22, 37.30it/s]
2026-07-24 19:15:12,734 - sflow.task.server_5 - INFO - 7:
2026-07-24 19:15:12,734 - sflow.task.server_5 - INFO - Loading weights:  42%|████▏     | 606/1458 [00:29<01:05, 13.10it/s]
2026-07-24 19:15:12,888 - sflow.task.server_5 - INFO - 7:
2026-07-24 19:15:12,888 - sflow.task.server_5 - INFO - Loading weights:  42%|████▏     | 610/1458 [00:29<00:55, 15.21it/s]
2026-07-24 19:15:12,939 - sflow.task.server_5 - INFO - 6:
2026-07-24 19:15:12,939 - sflow.task.server_5 - INFO - Loading weights:  42%|████▏     | 610/1458 [00:29<00:56, 15.00it/s]
2026-07-24 19:15:12,990 - sflow.task.server_5 - INFO - 7:
2026-07-24 19:15:12,990 - sflow.task.server_5 - INFO - Loading weights:  43%|████▎     | 620/1458 [00:30<00:34, 24.35it/s]
2026-07-24 19:15:13,042 - sflow.task.server_5 - INFO - 6:
2026-07-24 19:15:13,042 - sflow.task.server_5 - INFO - Loading weights:  43%|████▎     | 622/1458 [00:30<00:36, 22.86it/s]
2026-07-24 19:15:13,093 - sflow.task.server_5 - INFO - 7:
2026-07-24 19:15:13,093 - sflow.task.server_5 - INFO - Loading weights:  43%|████▎     | 627/1458 [00:30<00:27, 30.19it/s]
2026-07-24 19:15:13,143 - sflow.task.server_5 - INFO - 0:
2026-07-24 19:15:13,144 - sflow.task.server_5 - INFO - Loading weights:  40%|███▉      | 582/1458 [00:29<00:52, 16.77it/s]
2026-07-24 19:15:13,245 - sflow.task.server_5 - INFO - 5:
2026-07-24 19:15:13,245 - sflow.task.server_5 - INFO - Loading weights:  42%|████▏     | 610/1458 [00:30<00:54, 15.50it/s]
2026-07-24 19:15:13,245 - sflow.task.server_5 - INFO - 0:
2026-07-24 19:15:13,245 - sflow.task.server_5 - INFO - Loading weights:  40%|████      | 589/1458 [00:29<00:41, 20.95it/s]
2026-07-24 19:15:13,347 - sflow.task.server_5 - INFO - 7:
2026-07-24 19:15:13,347 - sflow.task.server_5 - INFO - Loading weights:  43%|████▎     | 633/1458 [00:30<00:29, 28.03it/s]
2026-07-24 19:15:13,347 - sflow.task.server_5 - INFO - 6:
2026-07-24 19:15:13,347 - sflow.task.server_5 - INFO - Loading weights:  43%|████▎     | 630/1458 [00:30<00:34, 24.03it/s]
2026-07-24 19:15:13,347 - sflow.task.server_5 - INFO - 5:
2026-07-24 19:15:13,347 - sflow.task.server_5 - INFO - Loading weights:  43%|████▎     | 622/1458 [00:30<00:36, 23.00it/s]
2026-07-24 19:15:13,347 - sflow.task.server_5 - INFO - 4:
2026-07-24 19:15:13,347 - sflow.task.server_5 - INFO - Loading weights:  42%|████▏     | 609/1458 [00:30<00:56, 14.97it/s]
2026-07-24 19:15:13,347 - sflow.task.server_5 - INFO - 0:
2026-07-24 19:15:13,347 - sflow.task.server_5 - INFO - Loading weights:  41%|████      | 599/1458 [00:29<00:29, 29.08it/s]
2026-07-24 19:15:13,450 - sflow.task.server_5 - INFO - 7:
2026-07-24 19:15:13,450 - sflow.task.server_5 - INFO - Loading weights:  44%|████▍     | 644/1458 [00:30<00:20, 40.17it/s]
2026-07-24 19:15:13,450 - sflow.task.server_5 - INFO - 6:
2026-07-24 19:15:13,450 - sflow.task.server_5 - INFO - Loading weights:  44%|████▎     | 637/1458 [00:30<00:28, 28.71it/s]
2026-07-24 19:15:13,501 - sflow.task.server_5 - INFO - 4:
2026-07-24 19:15:13,501 - sflow.task.server_5 - INFO - Loading weights:  43%|████▎     | 620/1458 [00:30<00:36, 22.88it/s]
2026-07-24 19:15:13,552 - sflow.task.server_5 - INFO - 3:
2026-07-24 19:15:13,553 - sflow.task.server_5 - INFO - Loading weights:  42%|████▏     | 606/1458 [00:29<00:50, 16.84it/s]
2026-07-24 19:15:13,553 - sflow.task.server_5 - INFO - 7:
2026-07-24 19:15:13,553 - sflow.task.server_5 - INFO - Loading weights:  45%|████▍     | 651/1458 [00:30<00:17, 45.18it/s]
2026-07-24 19:15:13,603 - sflow.task.server_5 - INFO - 4:
2026-07-24 19:15:13,603 - sflow.task.server_5 - INFO - Loading weights:  43%|████▎     | 627/1458 [00:30<00:30, 27.69it/s]
2026-07-24 19:15:13,603 - sflow.task.server_5 - INFO - 6:
2026-07-24 19:15:13,603 - sflow.task.server_5 - INFO - Loading weights:  45%|████▍     | 649/1458 [00:30<00:21, 38.31it/s]
2026-07-24 19:15:13,604 - sflow.task.server_5 - INFO - 1:
2026-07-24 19:15:13,604 - sflow.task.server_5 - INFO - Loading weights:  42%|████▏     | 608/1458 [00:29<00:54, 15.60it/s]
2026-07-24 19:15:13,654 - sflow.task.server_5 - INFO - 3:
2026-07-24 19:15:13,654 - sflow.task.server_5 - INFO - Loading weights:  42%|████▏     | 611/1458 [00:29<00:43, 19.68it/s]
2026-07-24 19:15:13,654 - sflow.task.server_5 - INFO - 2:
2026-07-24 19:15:13,654 - sflow.task.server_5 - INFO - Loading weights:  42%|████▏     | 608/1458 [00:29<00:58, 14.42it/s]
2026-07-24 19:15:13,756 - sflow.task.server_5 - INFO - 3:
2026-07-24 19:15:13,756 - sflow.task.server_5 - INFO - Loading weights:  43%|████▎     | 620/1458 [00:29<00:30, 27.52it/s]
2026-07-24 19:15:13,756 - sflow.task.server_5 - INFO - 1:
2026-07-24 19:15:13,756 - sflow.task.server_5 - INFO - Loading weights:  43%|████▎     | 620/1458 [00:29<00:34, 24.03it/s]
2026-07-24 19:15:13,756 - sflow.task.server_5 - INFO - 2:
2026-07-24 19:15:13,756 - sflow.task.server_5 - INFO - Loading weights:  43%|████▎     | 620/1458 [00:29<00:35, 23.46it/s]
2026-07-24 19:15:13,858 - sflow.task.server_5 - INFO - 7:
2026-07-24 19:15:13,858 - sflow.task.server_5 - INFO - Loading weights:  45%|████▌     | 658/1458 [00:30<00:22, 35.60it/s]
2026-07-24 19:15:13,858 - sflow.task.server_5 - INFO - 3:
2026-07-24 19:15:13,858 - sflow.task.server_5 - INFO - Loading weights:  43%|████▎     | 627/1458 [00:29<00:25, 32.90it/s]
2026-07-24 19:15:13,858 - sflow.task.server_5 - INFO - 1:
2026-07-24 19:15:13,858 - sflow.task.server_5 - INFO - Loading weights:  43%|████▎     | 627/1458 [00:29<00:28, 28.68it/s]
2026-07-24 19:15:13,858 - sflow.task.server_5 - INFO - 2:
2026-07-24 19:15:13,858 - sflow.task.server_5 - INFO - Loading weights:  43%|████▎     | 627/1458 [00:29<00:29, 28.28it/s]
2026-07-24 19:15:13,960 - sflow.task.server_5 - INFO - 7:
2026-07-24 19:15:13,960 - sflow.task.server_5 - INFO - Loading weights:  46%|████▌     | 668/1458 [00:30<00:17, 45.93it/s]
2026-07-24 19:15:14,063 - sflow.task.server_5 - INFO - 7:
2026-07-24 19:15:14,063 - sflow.task.server_5 - INFO - Loading weights:  46%|████▋     | 675/1458 [00:31<00:15, 49.77it/s]
2026-07-24 19:15:14,165 - sflow.task.server_5 - INFO - 1:
2026-07-24 19:15:14,165 - sflow.task.server_5 - INFO - Loading weights:  43%|████▎     | 633/1458 [00:30<00:31, 26.26it/s]
2026-07-24 19:15:14,216 - sflow.task.server_5 - INFO - 2:
2026-07-24 19:15:14,216 - sflow.task.server_5 - INFO - Loading weights:  43%|████▎     | 633/1458 [00:30<00:34, 24.16it/s]
2026-07-24 19:15:14,269 - sflow.task.server_5 - INFO - 1:
2026-07-24 19:15:14,269 - sflow.task.server_5 - INFO - Loading weights:  44%|████▍     | 644/1458 [00:30<00:22, 36.24it/s]
2026-07-24 19:15:14,269 - sflow.task.server_5 - INFO - 5:
2026-07-24 19:15:14,269 - sflow.task.server_5 - INFO - Loading weights:  43%|████▎     | 630/1458 [00:31<00:51, 15.95it/s]
2026-07-24 19:15:14,320 - sflow.task.server_5 - INFO - 2:
2026-07-24 19:15:14,320 - sflow.task.server_5 - INFO - Loading weights:  44%|████▍     | 643/1458 [00:30<00:24, 33.42it/s]
2026-07-24 19:15:14,371 - sflow.task.server_5 - INFO - 5:
2026-07-24 19:15:14,372 - sflow.task.server_5 - INFO - Loading weights:  44%|████▎     | 635/1458 [00:31<00:44, 18.36it/s]
2026-07-24 19:15:14,423 - sflow.task.server_5 - INFO - 0:
2026-07-24 19:15:14,423 - sflow.task.server_5 - INFO - Loading weights:  42%|████▏     | 606/1458 [00:30<00:54, 15.56it/s]
2026-07-24 19:15:14,474 - sflow.task.server_5 - INFO - 2:
2026-07-24 19:15:14,474 - sflow.task.server_5 - INFO - Loading weights:  45%|████▍     | 651/1458 [00:30<00:20, 39.19it/s]
2026-07-24 19:15:14,474 - sflow.task.server_5 - INFO - 5:
2026-07-24 19:15:14,474 - sflow.task.server_5 - INFO - Loading weights:  44%|████▍     | 644/1458 [00:31<00:32, 24.91it/s]
2026-07-24 19:15:14,525 - sflow.task.server_5 - INFO - 0:
2026-07-24 19:15:14,525 - sflow.task.server_5 - INFO - Loading weights:  42%|████▏     | 613/1458 [00:30<00:43, 19.60it/s]
2026-07-24 19:15:14,525 - sflow.task.server_5 - INFO - 4:
2026-07-24 19:15:14,525 - sflow.task.server_5 - INFO - Loading weights:  43%|████▎     | 634/1458 [00:31<00:52, 15.63it/s]
2026-07-24 19:15:14,577 - sflow.task.server_5 - INFO - 6:
2026-07-24 19:15:14,577 - sflow.task.server_5 - INFO - Loading weights:  45%|████▍     | 656/1458 [00:31<00:43, 18.54it/s]
2026-07-24 19:15:14,577 - sflow.task.server_5 - INFO - 5:
2026-07-24 19:15:14,577 - sflow.task.server_5 - INFO - Loading weights:  45%|████▍     | 651/1458 [00:31<00:27, 29.78it/s]
2026-07-24 19:15:14,628 - sflow.task.server_5 - INFO - 0:
2026-07-24 19:15:14,628 - sflow.task.server_5 - INFO - Loading weights:  43%|████▎     | 623/1458 [00:30<00:30, 27.36it/s]
2026-07-24 19:15:14,628 - sflow.task.server_5 - INFO - 4:
2026-07-24 19:15:14,628 - sflow.task.server_5 - INFO - Loading weights:  44%|████▍     | 644/1458 [00:31<00:36, 22.45it/s]
2026-07-24 19:15:14,679 - sflow.task.server_5 - INFO - 6:
2026-07-24 19:15:14,679 - sflow.task.server_5 - INFO - Loading weights:  46%|████▌     | 667/1458 [00:31<00:30, 26.18it/s]
2026-07-24 19:15:14,731 - sflow.task.server_5 - INFO - 3:
2026-07-24 19:15:14,731 - sflow.task.server_5 - INFO - Loading weights:  43%|████▎     | 633/1458 [00:30<00:49, 16.69it/s]
2026-07-24 19:15:14,731 - sflow.task.server_5 - INFO - 4:
2026-07-24 19:15:14,731 - sflow.task.server_5 - INFO - Loading weights:  45%|████▍     | 651/1458 [00:31<00:29, 27.09it/s]
2026-07-24 19:15:14,782 - sflow.task.server_5 - INFO - 6:
2026-07-24 19:15:14,782 - sflow.task.server_5 - INFO - Loading weights:  46%|████▌     | 674/1458 [00:31<00:25, 30.46it/s]
2026-07-24 19:15:14,834 - sflow.task.server_5 - INFO - 3:
2026-07-24 19:15:14,834 - sflow.task.server_5 - INFO - Loading weights:  44%|████▍     | 644/1458 [00:30<00:32, 25.18it/s]
2026-07-24 19:15:14,885 - sflow.task.server_5 - INFO - 0:
2026-07-24 19:15:14,885 - sflow.task.server_5 - INFO - Loading weights:  43%|████▎     | 630/1458 [00:30<00:30, 27.10it/s]
2026-07-24 19:15:14,936 - sflow.task.server_5 - INFO - 3:
2026-07-24 19:15:14,936 - sflow.task.server_5 - INFO - Loading weights:  45%|████▍     | 651/1458 [00:31<00:26, 30.25it/s]
2026-07-24 19:15:14,987 - sflow.task.server_5 - INFO - 0:
2026-07-24 19:15:14,987 - sflow.task.server_5 - INFO - Loading weights:  44%|████▎     | 637/1458 [00:31<00:25, 32.15it/s]
2026-07-24 19:15:15,089 - sflow.task.server_5 - INFO - 0:
2026-07-24 19:15:15,089 - sflow.task.server_5 - INFO - Loading weights:  44%|████▍     | 647/1458 [00:31<00:19, 42.39it/s]
2026-07-24 19:15:15,089 - sflow.task.server_5 - INFO - 7:
2026-07-24 19:15:15,089 - sflow.task.server_5 - INFO - Loading weights:  47%|████▋     | 682/1458 [00:32<00:43, 18.04it/s]
2026-07-24 19:15:15,293 - sflow.task.server_5 - INFO - 7:
2026-07-24 19:15:15,293 - sflow.task.server_5 - INFO - Loading weights:  47%|████▋     | 692/1458 [00:32<00:33, 23.16it/s]
2026-07-24 19:15:15,496 - sflow.task.server_5 - INFO - 7:
2026-07-24 19:15:15,497 - sflow.task.server_5 - INFO - Loading weights:  48%|████▊     | 697/1458 [00:32<00:31, 24.37it/s]
2026-07-24 19:15:15,497 - sflow.task.server_5 - INFO - 1:
2026-07-24 19:15:15,497 - sflow.task.server_5 - INFO - Loading weights:  45%|████▍     | 654/1458 [00:31<00:47, 16.83it/s]
2026-07-24 19:15:15,548 - sflow.task.server_5 - INFO - 0:
2026-07-24 19:15:15,548 - sflow.task.server_5 - INFO - Loading weights:  45%|████▍     | 654/1458 [00:31<00:27, 28.80it/s]
2026-07-24 19:15:15,548 - sflow.task.server_5 - INFO - 2:
2026-07-24 19:15:15,548 - sflow.task.server_5 - INFO - Loading weights:  45%|████▌     | 658/1458 [00:31<00:49, 16.13it/s]
2026-07-24 19:15:15,599 - sflow.task.server_5 - INFO - 1:
2026-07-24 19:15:15,599 - sflow.task.server_5 - INFO - Loading weights:  45%|████▌     | 661/1458 [00:31<00:38, 20.72it/s]
2026-07-24 19:15:15,650 - sflow.task.server_5 - INFO - 0:
2026-07-24 19:15:15,650 - sflow.task.server_5 - INFO - Loading weights:  45%|████▌     | 661/1458 [00:31<00:23, 33.87it/s]
2026-07-24 19:15:15,700 - sflow.task.server_5 - INFO - 2:
2026-07-24 19:15:15,700 - sflow.task.server_5 - INFO - Loading weights:  46%|████▌     | 670/1458 [00:31<00:32, 24.48it/s]
2026-07-24 19:15:15,700 - sflow.task.server_5 - INFO - 1:
2026-07-24 19:15:15,700 - sflow.task.server_5 - INFO - Loading weights:  46%|████▌     | 670/1458 [00:31<00:28, 27.24it/s]
2026-07-24 19:15:15,751 - sflow.task.server_5 - INFO - 0:
2026-07-24 19:15:15,751 - sflow.task.server_5 - INFO - Loading weights:  46%|████▌     | 671/1458 [00:31<00:17, 44.12it/s]
2026-07-24 19:15:15,853 - sflow.task.server_5 - INFO - 5:
2026-07-24 19:15:15,853 - sflow.task.server_5 - INFO - Loading weights:  45%|████▌     | 658/1458 [00:32<00:59, 13.50it/s]
2026-07-24 19:15:15,954 - sflow.task.server_5 - INFO - 5:
2026-07-24 19:15:15,954 - sflow.task.server_5 - INFO - Loading weights:  46%|████▌     | 670/1458 [00:32<00:38, 20.73it/s]
2026-07-24 19:15:15,955 - sflow.task.server_5 - INFO - 6:
2026-07-24 19:15:15,955 - sflow.task.server_5 - INFO - Loading weights:  47%|████▋     | 681/1458 [00:33<00:52, 14.78it/s]
2026-07-24 19:15:16,006 - sflow.task.server_5 - INFO - 3:
2026-07-24 19:15:16,006 - sflow.task.server_5 - INFO - Loading weights:  45%|████▌     | 658/1458 [00:32<00:53, 14.85it/s]
2026-07-24 19:15:16,057 - sflow.task.server_5 - INFO - 4:
2026-07-24 19:15:16,057 - sflow.task.server_5 - INFO - Loading weights:  45%|████▌     | 658/1458 [00:33<01:01, 12.96it/s]
2026-07-24 19:15:16,057 - sflow.task.server_5 - INFO - 0:
2026-07-24 19:15:16,057 - sflow.task.server_5 - INFO - Loading weights:  47%|████▋     | 678/1458 [00:32<00:20, 37.38it/s]
2026-07-24 19:15:16,108 - sflow.task.server_5 - INFO - 6:
2026-07-24 19:15:16,108 - sflow.task.server_5 - INFO - Loading weights:  47%|████▋     | 692/1458 [00:33<00:35, 21.48it/s]
2026-07-24 19:15:16,108 - sflow.task.server_5 - INFO - 3:
2026-07-24 19:15:16,108 - sflow.task.server_5 - INFO - Loading weights:  46%|████▌     | 670/1458 [00:32<00:34, 22.86it/s]
2026-07-24 19:15:16,159 - sflow.task.server_5 - INFO - 4:
2026-07-24 19:15:16,159 - sflow.task.server_5 - INFO - Loading weights:  46%|████▌     | 668/1458 [00:33<00:42, 18.79it/s]
2026-07-24 19:15:16,159 - sflow.task.server_5 - INFO - 0:
2026-07-24 19:15:16,159 - sflow.task.server_5 - INFO - Loading weights:  47%|████▋     | 685/1458 [00:32<00:18, 41.90it/s]
2026-07-24 19:15:16,210 - sflow.task.server_5 - INFO - 1:
2026-07-24 19:15:16,210 - sflow.task.server_5 - INFO - Loading weights:  47%|████▋     | 678/1458 [00:32<00:34, 22.86it/s]
2026-07-24 19:15:16,210 - sflow.task.server_5 - INFO - 6:
2026-07-24 19:15:16,210 - sflow.task.server_5 - INFO - Loading weights:  48%|████▊     | 699/1458 [00:33<00:29, 25.76it/s]
2026-07-24 19:15:16,261 - sflow.task.server_5 - INFO - 4:
2026-07-24 19:15:16,261 - sflow.task.server_5 - INFO - Loading weights:  46%|████▋     | 675/1458 [00:33<00:33, 23.14it/s]
2026-07-24 19:15:16,312 - sflow.task.server_5 - INFO - 1:
2026-07-24 19:15:16,312 - sflow.task.server_5 - INFO - Loading weights:  47%|████▋     | 685/1458 [00:32<00:27, 27.67it/s]
2026-07-24 19:15:16,312 - sflow.task.server_5 - INFO - 0:
2026-07-24 19:15:16,312 - sflow.task.server_5 - INFO - Loading weights:  47%|████▋     | 692/1458 [00:32<00:18, 42.15it/s]
2026-07-24 19:15:16,414 - sflow.task.server_5 - INFO - 1:
2026-07-24 19:15:16,414 - sflow.task.server_5 - INFO - Loading weights:  48%|████▊     | 694/1458 [00:32<00:21, 35.00it/s]
2026-07-24 19:15:16,465 - sflow.task.server_5 - INFO - 0:
2026-07-24 19:15:16,465 - sflow.task.server_5 - INFO - Loading weights:  48%|████▊     | 698/1458 [00:32<00:18, 41.22it/s]
2026-07-24 19:15:16,516 - sflow.task.server_5 - INFO - 7:
2026-07-24 19:15:16,516 - sflow.task.server_5 - INFO - Loading weights:  48%|████▊     | 702/1458 [00:33<00:59, 12.76it/s]
2026-07-24 19:15:16,618 - sflow.task.server_5 - INFO - 7:
2026-07-24 19:15:16,619 - sflow.task.server_5 - INFO - Loading weights:  48%|████▊     | 706/1458 [00:33<00:51, 14.58it/s]
2026-07-24 19:15:16,721 - sflow.task.server_5 - INFO - 2:
2026-07-24 19:15:16,721 - sflow.task.server_5 - INFO - Loading weights:  47%|████▋     | 678/1458 [00:32<00:50, 15.32it/s]
2026-07-24 19:15:16,823 - sflow.task.server_5 - INFO - 7:
2026-07-24 19:15:16,823 - sflow.task.server_5 - INFO - Loading weights:  49%|████▉     | 716/1458 [00:33<00:34, 21.42it/s]
2026-07-24 19:15:16,824 - sflow.task.server_5 - INFO - 2:
2026-07-24 19:15:16,824 - sflow.task.server_5 - INFO - Loading weights:  47%|████▋     | 685/1458 [00:32<00:40, 19.05it/s]
2026-07-24 19:15:16,925 - sflow.task.server_5 - INFO - 2:
2026-07-24 19:15:16,925 - sflow.task.server_5 - INFO - Loading weights:  48%|████▊     | 694/1458 [00:33<00:30, 25.16it/s]
2026-07-24 19:15:16,976 - sflow.task.server_5 - INFO - 7:
2026-07-24 19:15:16,976 - sflow.task.server_5 - INFO - Loading weights:  49%|████▉     | 721/1458 [00:33<00:32, 22.99it/s]
2026-07-24 19:15:17,129 - sflow.task.server_5 - INFO - 5:
2026-07-24 19:15:17,129 - sflow.task.server_5 - INFO - Loading weights:  47%|████▋     | 678/1458 [00:34<00:59, 13.19it/s]
2026-07-24 19:15:17,231 - sflow.task.server_5 - INFO - 3:
2026-07-24 19:15:17,231 - sflow.task.server_5 - INFO - Loading weights:  47%|████▋     | 678/1458 [00:33<00:53, 14.49it/s]
2026-07-24 19:15:17,282 - sflow.task.server_5 - INFO - 5:
2026-07-24 19:15:17,282 - sflow.task.server_5 - INFO - Loading weights:  47%|████▋     | 685/1458 [00:34<00:46, 16.50it/s]
2026-07-24 19:15:17,282 - sflow.task.server_5 - INFO - 6:
2026-07-24 19:15:17,282 - sflow.task.server_5 - INFO - Loading weights:  48%|████▊     | 706/1458 [00:34<00:52, 14.44it/s]
2026-07-24 19:15:17,282 - sflow.task.server_5 - INFO - 4:
2026-07-24 19:15:17,282 - sflow.task.server_5 - INFO - Loading weights:  47%|████▋     | 682/1458 [00:34<00:55, 13.88it/s]
2026-07-24 19:15:17,334 - sflow.task.server_5 - INFO - 3:
2026-07-24 19:15:17,334 - sflow.task.server_5 - INFO - Loading weights:  47%|████▋     | 685/1458 [00:33<00:42, 18.09it/s]
2026-07-24 19:15:17,385 - sflow.task.server_5 - INFO - 5:
2026-07-24 19:15:17,385 - sflow.task.server_5 - INFO - Loading weights:  48%|████▊     | 694/1458 [00:34<00:34, 22.26it/s]
2026-07-24 19:15:17,385 - sflow.task.server_5 - INFO - 6:
2026-07-24 19:15:17,385 - sflow.task.server_5 - INFO - Loading weights:  49%|████▉     | 718/1458 [00:34<00:33, 21.80it/s]
2026-07-24 19:15:17,385 - sflow.task.server_5 - INFO - 4:
2026-07-24 19:15:17,385 - sflow.task.server_5 - INFO - Loading weights:  48%|████▊     | 694/1458 [00:34<00:35, 21.30it/s]
2026-07-24 19:15:17,436 - sflow.task.server_5 - INFO - 3:
2026-07-24 19:15:17,436 - sflow.task.server_5 - INFO - Loading weights:  48%|████▊     | 694/1458 [00:33<00:31, 23.94it/s]
2026-07-24 19:15:17,538 - sflow.task.server_5 - INFO - 1:
2026-07-24 19:15:17,538 - sflow.task.server_5 - INFO - Loading weights:  48%|████▊     | 702/1458 [00:33<00:45, 16.59it/s]
2026-07-24 19:15:17,640 - sflow.task.server_5 - INFO - 1:
2026-07-24 19:15:17,640 - sflow.task.server_5 - INFO - Loading weights:  48%|████▊     | 707/1458 [00:33<00:39, 18.99it/s]
2026-07-24 19:15:17,640 - sflow.task.server_5 - INFO - 0:
2026-07-24 19:15:17,640 - sflow.task.server_5 - INFO - Loading weights:  48%|████▊     | 703/1458 [00:33<00:55, 13.60it/s]
2026-07-24 19:15:17,742 - sflow.task.server_5 - INFO - 0:
2026-07-24 19:15:17,742 - sflow.task.server_5 - INFO - Loading weights:  49%|████▊     | 709/1458 [00:33<00:43, 17.30it/s]
2026-07-24 19:15:17,742 - sflow.task.server_5 - INFO - 1:
2026-07-24 19:15:17,742 - sflow.task.server_5 - INFO - Loading weights:  49%|████▉     | 716/1458 [00:33<00:29, 25.38it/s]
2026-07-24 19:15:17,844 - sflow.task.server_5 - INFO - 0:
2026-07-24 19:15:17,844 - sflow.task.server_5 - INFO - Loading weights:  49%|████▉     | 718/1458 [00:33<00:29, 24.89it/s]
2026-07-24 19:15:17,896 - sflow.task.server_5 - INFO - 2:
2026-07-24 19:15:17,896 - sflow.task.server_5 - INFO - Loading weights:  48%|████▊     | 702/1458 [00:33<00:47, 16.03it/s]
2026-07-24 19:15:17,947 - sflow.task.server_5 - INFO - 1:
2026-07-24 19:15:17,947 - sflow.task.server_5 - INFO - Loading weights:  50%|████▉     | 722/1458 [00:33<00:26, 27.32it/s]
2026-07-24 19:15:17,998 - sflow.task.server_5 - INFO - 2:
2026-07-24 19:15:17,998 - sflow.task.server_5 - INFO - Loading weights:  49%|████▊     | 709/1458 [00:34<00:37, 19.98it/s]
2026-07-24 19:15:17,998 - sflow.task.server_5 - INFO - 7:
2026-07-24 19:15:17,998 - sflow.task.server_5 - INFO - Loading weights:  50%|████▉     | 726/1458 [00:35<01:01, 11.81it/s]
2026-07-24 19:15:18,102 - sflow.task.server_5 - INFO - 2:
2026-07-24 19:15:18,102 - sflow.task.server_5 - INFO - Loading weights:  49%|████▉     | 718/1458 [00:34<00:28, 26.22it/s]
2026-07-24 19:15:18,102 - sflow.task.server_5 - INFO - 7:
2026-07-24 19:15:18,102 - sflow.task.server_5 - INFO - Loading weights:  50%|█████     | 729/1458 [00:35<00:55, 13.12it/s]
2026-07-24 19:15:18,255 - sflow.task.server_5 - INFO - 7:
2026-07-24 19:15:18,255 - sflow.task.server_5 - INFO - Loading weights:  51%|█████     | 740/1458 [00:35<00:33, 21.43it/s]
2026-07-24 19:15:18,357 - sflow.task.server_5 - INFO - 5:
2026-07-24 19:15:18,357 - sflow.task.server_5 - INFO - Loading weights:  48%|████▊     | 702/1458 [00:35<00:51, 14.70it/s]
2026-07-24 19:15:18,357 - sflow.task.server_5 - INFO - 4:
2026-07-24 19:15:18,357 - sflow.task.server_5 - INFO - Loading weights:  48%|████▊     | 702/1458 [00:35<00:51, 14.78it/s]
2026-07-24 19:15:18,460 - sflow.task.server_5 - INFO - 7:
2026-07-24 19:15:18,460 - sflow.task.server_5 - INFO - Loading weights:  51%|█████     | 745/1458 [00:35<00:30, 23.15it/s]
2026-07-24 19:15:18,460 - sflow.task.server_5 - INFO - 6:
2026-07-24 19:15:18,460 - sflow.task.server_5 - INFO - Loading weights:  50%|████▉     | 726/1458 [00:35<00:50, 14.45it/s]
2026-07-24 19:15:18,460 - sflow.task.server_5 - INFO - 5:
2026-07-24 19:15:18,460 - sflow.task.server_5 - INFO - Loading weights:  49%|████▊     | 709/1458 [00:35<00:40, 18.58it/s]
2026-07-24 19:15:18,512 - sflow.task.server_5 - INFO - 3:
2026-07-24 19:15:18,512 - sflow.task.server_5 - INFO - Loading weights:  48%|████▊     | 702/1458 [00:34<00:51, 14.73it/s]
2026-07-24 19:15:18,512 - sflow.task.server_5 - INFO - 4:
2026-07-24 19:15:18,512 - sflow.task.server_5 - INFO - Loading weights:  49%|████▊     | 710/1458 [00:35<00:39, 19.01it/s]
2026-07-24 19:15:18,563 - sflow.task.server_5 - INFO - 6:
2026-07-24 19:15:18,563 - sflow.task.server_5 - INFO - Loading weights:  50%|█████     | 733/1458 [00:35<00:40, 18.05it/s]
2026-07-24 19:15:18,563 - sflow.task.server_5 - INFO - 5:
2026-07-24 19:15:18,563 - sflow.task.server_5 - INFO - Loading weights:  49%|████▉     | 718/1458 [00:35<00:29, 24.95it/s]
2026-07-24 19:15:18,614 - sflow.task.server_5 - INFO - 4:
2026-07-24 19:15:18,614 - sflow.task.server_5 - INFO - Loading weights:  49%|████▉     | 719/1458 [00:35<00:29, 25.22it/s]
2026-07-24 19:15:18,614 - sflow.task.server_5 - INFO - 3:
2026-07-24 19:15:18,614 - sflow.task.server_5 - INFO - Loading weights:  49%|████▊     | 709/1458 [00:34<00:40, 18.45it/s]
2026-07-24 19:15:18,666 - sflow.task.server_5 - INFO - 7:
2026-07-24 19:15:18,666 - sflow.task.server_5 - INFO - Loading weights:  51%|█████▏    | 750/1458 [00:35<00:30, 22.85it/s]
2026-07-24 19:15:18,666 - sflow.task.server_5 - INFO - 6:
2026-07-24 19:15:18,666 - sflow.task.server_5 - INFO - Loading weights:  51%|█████     | 745/1458 [00:35<00:27, 25.94it/s]
2026-07-24 19:15:18,717 - sflow.task.server_5 - INFO - 3:
2026-07-24 19:15:18,717 - sflow.task.server_5 - INFO - Loading weights:  49%|████▉     | 718/1458 [00:34<00:29, 24.92it/s]
2026-07-24 19:15:18,768 - sflow.task.server_5 - INFO - 7:
2026-07-24 19:15:18,768 - sflow.task.server_5 - INFO - Loading weights:  52%|█████▏    | 754/1458 [00:35<00:28, 24.63it/s]
2026-07-24 19:15:18,870 - sflow.task.server_5 - INFO - 7:
2026-07-24 19:15:18,870 - sflow.task.server_5 - INFO - Loading weights:  52%|█████▏    | 764/1458 [00:35<00:18, 36.59it/s]
2026-07-24 19:15:18,972 - sflow.task.server_5 - INFO - 0:
2026-07-24 19:15:18,972 - sflow.task.server_5 - INFO - Loading weights:  50%|████▉     | 726/1458 [00:35<00:53, 13.80it/s]
2026-07-24 19:15:18,972 - sflow.task.server_5 - INFO - 6:
2026-07-24 19:15:18,972 - sflow.task.server_5 - INFO - Loading weights:  52%|█████▏    | 752/1458 [00:36<00:27, 25.36it/s]
2026-07-24 19:15:18,973 - sflow.task.server_5 - INFO - 7:
2026-07-24 19:15:18,973 - sflow.task.server_5 - INFO - Loading weights:  53%|█████▎    | 771/1458 [00:36<00:16, 42.52it/s]
2026-07-24 19:15:19,074 - sflow.task.server_5 - INFO - 1:
2026-07-24 19:15:19,074 - sflow.task.server_5 - INFO - Loading weights:  50%|████▉     | 727/1458 [00:35<00:58, 12.59it/s]
2026-07-24 19:15:19,074 - sflow.task.server_5 - INFO - 0:
2026-07-24 19:15:19,074 - sflow.task.server_5 - INFO - Loading weights:  50%|█████     | 731/1458 [00:35<00:44, 16.29it/s]
2026-07-24 19:15:19,074 - sflow.task.server_5 - INFO - 6:
2026-07-24 19:15:19,074 - sflow.task.server_5 - INFO - Loading weights:  52%|█████▏    | 764/1458 [00:36<00:19, 35.42it/s]
2026-07-24 19:15:19,175 - sflow.task.server_5 - INFO - 1:
2026-07-24 19:15:19,175 - sflow.task.server_5 - INFO - Loading weights:  50%|█████     | 733/1458 [00:35<00:44, 16.17it/s]
2026-07-24 19:15:19,226 - sflow.task.server_5 - INFO - 6:
2026-07-24 19:15:19,227 - sflow.task.server_5 - INFO - Loading weights:  53%|█████▎    | 771/1458 [00:36<00:17, 39.60it/s]
2026-07-24 19:15:19,227 - sflow.task.server_5 - INFO - 2:
2026-07-24 19:15:19,227 - sflow.task.server_5 - INFO - Loading weights:  50%|████▉     | 726/1458 [00:35<00:49, 14.81it/s]
2026-07-24 19:15:19,227 - sflow.task.server_5 - INFO - 0:
2026-07-24 19:15:19,227 - sflow.task.server_5 - INFO - Loading weights:  51%|█████     | 740/1458 [00:35<00:31, 22.54it/s]
2026-07-24 19:15:19,278 - sflow.task.server_5 - INFO - 1:
2026-07-24 19:15:19,278 - sflow.task.server_5 - INFO - Loading weights:  51%|█████     | 742/1458 [00:35<00:30, 23.38it/s]
2026-07-24 19:15:19,330 - sflow.task.server_5 - INFO - 2:
2026-07-24 19:15:19,330 - sflow.task.server_5 - INFO - Loading weights:  50%|█████     | 733/1458 [00:35<00:38, 18.70it/s]
2026-07-24 19:15:19,381 - sflow.task.server_5 - INFO - 0:
2026-07-24 19:15:19,381 - sflow.task.server_5 - INFO - Loading weights:  51%|█████     | 745/1458 [00:35<00:29, 24.48it/s]
2026-07-24 19:15:19,432 - sflow.task.server_5 - INFO - 1:
2026-07-24 19:15:19,432 - sflow.task.server_5 - INFO - Loading weights:  51%|█████▏    | 748/1458 [00:35<00:27, 25.75it/s]
2026-07-24 19:15:19,483 - sflow.task.server_5 - INFO - 2:
2026-07-24 19:15:19,483 - sflow.task.server_5 - INFO - Loading weights:  51%|█████     | 745/1458 [00:35<00:26, 26.83it/s]
2026-07-24 19:15:19,585 - sflow.task.server_5 - INFO - 4:
2026-07-24 19:15:19,585 - sflow.task.server_5 - INFO - Loading weights:  50%|████▉     | 726/1458 [00:36<00:47, 15.36it/s]
2026-07-24 19:15:19,585 - sflow.task.server_5 - INFO - 5:
2026-07-24 19:15:19,585 - sflow.task.server_5 - INFO - Loading weights:  50%|████▉     | 726/1458 [00:36<00:47, 15.52it/s]
2026-07-24 19:15:19,687 - sflow.task.server_5 - INFO - 4:
2026-07-24 19:15:19,687 - sflow.task.server_5 - INFO - Loading weights:  50%|█████     | 733/1458 [00:36<00:37, 19.36it/s]
2026-07-24 19:15:19,687 - sflow.task.server_5 - INFO - 5:
2026-07-24 19:15:19,687 - sflow.task.server_5 - INFO - Loading weights:  50%|█████     | 733/1458 [00:36<00:37, 19.56it/s]
2026-07-24 19:15:19,739 - sflow.task.server_5 - INFO - 3:
2026-07-24 19:15:19,739 - sflow.task.server_5 - INFO - Loading weights:  50%|████▉     | 726/1458 [00:35<00:48, 15.07it/s]
2026-07-24 19:15:19,789 - sflow.task.server_5 - INFO - 4:
2026-07-24 19:15:19,789 - sflow.task.server_5 - INFO - Loading weights:  51%|█████     | 743/1458 [00:36<00:26, 26.99it/s]
2026-07-24 19:15:19,789 - sflow.task.server_5 - INFO - 5:
2026-07-24 19:15:19,789 - sflow.task.server_5 - INFO - Loading weights:  51%|█████     | 742/1458 [00:36<00:27, 25.96it/s]
2026-07-24 19:15:19,841 - sflow.task.server_5 - INFO - 3:
2026-07-24 19:15:19,841 - sflow.task.server_5 - INFO - Loading weights:  50%|█████     | 733/1458 [00:35<00:38, 18.99it/s]
2026-07-24 19:15:19,943 - sflow.task.server_5 - INFO - 3:
2026-07-24 19:15:19,943 - sflow.task.server_5 - INFO - Loading weights:  51%|█████     | 743/1458 [00:36<00:26, 26.62it/s]
2026-07-24 19:15:19,994 - sflow.task.server_5 - INFO - 7:
2026-07-24 19:15:19,994 - sflow.task.server_5 - INFO - Loading weights:  53%|█████▎    | 777/1458 [00:37<00:43, 15.83it/s]
2026-07-24 19:15:20,198 - sflow.task.server_5 - INFO - 7:
2026-07-24 19:15:20,198 - sflow.task.server_5 - INFO - Loading weights:  54%|█████▍    | 788/1458 [00:37<00:29, 22.48it/s]
2026-07-24 19:15:20,198 - sflow.task.server_5 - INFO - 6:
2026-07-24 19:15:20,198 - sflow.task.server_5 - INFO - Loading weights:  53%|█████▎    | 778/1458 [00:37<00:37, 18.07it/s]
2026-07-24 19:15:20,350 - sflow.task.server_5 - INFO - 6:
2026-07-24 19:15:20,350 - sflow.task.server_5 - INFO - Loading weights:  54%|█████▍    | 790/1458 [00:37<00:25, 26.49it/s]
2026-07-24 19:15:20,350 - sflow.task.server_5 - INFO - 7:
2026-07-24 19:15:20,350 - sflow.task.server_5 - INFO - Loading weights:  54%|█████▍    | 793/1458 [00:37<00:27, 24.10it/s]
2026-07-24 19:15:20,503 - sflow.task.server_5 - INFO - 2:
2026-07-24 19:15:20,503 - sflow.task.server_5 - INFO - Loading weights:  52%|█████▏    | 751/1458 [00:36<00:47, 14.86it/s]
2026-07-24 19:15:20,554 - sflow.task.server_5 - INFO - 0:
2026-07-24 19:15:20,554 - sflow.task.server_5 - INFO - Loading weights:  51%|█████▏    | 750/1458 [00:36<01:02, 11.24it/s]
2026-07-24 19:15:20,605 - sflow.task.server_5 - INFO - 7:
2026-07-24 19:15:20,605 - sflow.task.server_5 - INFO - Loading weights:  55%|█████▍    | 798/1458 [00:37<00:27, 23.61it/s]
2026-07-24 19:15:20,605 - sflow.task.server_5 - INFO - 6:
2026-07-24 19:15:20,605 - sflow.task.server_5 - INFO - Loading weights:  55%|█████▍    | 798/1458 [00:37<00:23, 27.50it/s]
2026-07-24 19:15:20,656 - sflow.task.server_5 - INFO - 1:
2026-07-24 19:15:20,656 - sflow.task.server_5 - INFO - Loading weights:  52%|█████▏    | 753/1458 [00:36<01:01, 11.43it/s]
2026-07-24 19:15:20,656 - sflow.task.server_5 - INFO - 2:
2026-07-24 19:15:20,656 - sflow.task.server_5 - INFO - Loading weights:  52%|█████▏    | 756/1458 [00:36<00:40, 17.18it/s]
2026-07-24 19:15:20,656 - sflow.task.server_5 - INFO - 0:
2026-07-24 19:15:20,656 - sflow.task.server_5 - INFO - Loading weights:  52%|█████▏    | 757/1458 [00:36<00:45, 15.47it/s]
2026-07-24 19:15:20,707 - sflow.task.server_5 - INFO - 6:
2026-07-24 19:15:20,707 - sflow.task.server_5 - INFO - Loading weights:  55%|█████▌    | 804/1458 [00:37<00:21, 30.71it/s]
2026-07-24 19:15:20,708 - sflow.task.server_5 - INFO - 7:
2026-07-24 19:15:20,708 - sflow.task.server_5 - INFO - Loading weights:  55%|█████▌    | 802/1458 [00:37<00:25, 25.25it/s]
2026-07-24 19:15:20,759 - sflow.task.server_5 - INFO - 1:
2026-07-24 19:15:20,759 - sflow.task.server_5 - INFO - Loading weights:  52%|█████▏    | 764/1458 [00:36<00:37, 18.45it/s]
2026-07-24 19:15:20,759 - sflow.task.server_5 - INFO - 2:
2026-07-24 19:15:20,759 - sflow.task.server_5 - INFO - Loading weights:  53%|█████▎    | 766/1458 [00:36<00:28, 24.50it/s]
2026-07-24 19:15:20,759 - sflow.task.server_5 - INFO - 5:
2026-07-24 19:15:20,759 - sflow.task.server_5 - INFO - Loading weights:  51%|█████▏    | 750/1458 [00:37<00:44, 15.81it/s]
2026-07-24 19:15:20,759 - sflow.task.server_5 - INFO - 0:
2026-07-24 19:15:20,759 - sflow.task.server_5 - INFO - Loading weights:  53%|█████▎    | 767/1458 [00:36<00:29, 23.34it/s]
2026-07-24 19:15:20,759 - sflow.task.server_5 - INFO - 4:
2026-07-24 19:15:20,759 - sflow.task.server_5 - INFO - Loading weights:  51%|█████▏    | 750/1458 [00:37<00:45, 15.43it/s]
2026-07-24 19:15:20,810 - sflow.task.server_5 - INFO - 6:
2026-07-24 19:15:20,810 - sflow.task.server_5 - INFO - Loading weights:  56%|█████▌    | 812/1458 [00:37<00:17, 37.25it/s]
2026-07-24 19:15:20,810 - sflow.task.server_5 - INFO - 7:
2026-07-24 19:15:20,810 - sflow.task.server_5 - INFO - Loading weights:  56%|█████▌    | 814/1458 [00:37<00:16, 39.49it/s]
2026-07-24 19:15:20,861 - sflow.task.server_5 - INFO - 1:
2026-07-24 19:15:20,861 - sflow.task.server_5 - INFO - Loading weights:  53%|█████▎    | 771/1458 [00:36<00:29, 23.06it/s]
2026-07-24 19:15:20,861 - sflow.task.server_5 - INFO - 5:
2026-07-24 19:15:20,861 - sflow.task.server_5 - INFO - Loading weights:  52%|█████▏    | 757/1458 [00:37<00:35, 19.96it/s]
2026-07-24 19:15:20,861 - sflow.task.server_5 - INFO - 4:
2026-07-24 19:15:20,861 - sflow.task.server_5 - INFO - Loading weights:  52%|█████▏    | 757/1458 [00:37<00:35, 19.56it/s]
2026-07-24 19:15:20,912 - sflow.task.server_5 - INFO - 6:
2026-07-24 19:15:20,912 - sflow.task.server_5 - INFO - Loading weights:  56%|█████▌    | 819/1458 [00:37<00:15, 42.24it/s]
2026-07-24 19:15:20,964 - sflow.task.server_5 - INFO - 5:
2026-07-24 19:15:20,964 - sflow.task.server_5 - INFO - Loading weights:  53%|█████▎    | 766/1458 [00:37<00:25, 26.78it/s]
2026-07-24 19:15:20,964 - sflow.task.server_5 - INFO - 4:
2026-07-24 19:15:20,964 - sflow.task.server_5 - INFO - Loading weights:  53%|█████▎    | 767/1458 [00:38<00:25, 27.28it/s]
2026-07-24 19:15:21,015 - sflow.task.server_5 - INFO - 3:
2026-07-24 19:15:21,015 - sflow.task.server_5 - INFO - Loading weights:  51%|█████▏    | 750/1458 [00:37<00:47, 14.98it/s]
2026-07-24 19:15:21,015 - sflow.task.server_5 - INFO - 0:
2026-07-24 19:15:21,015 - sflow.task.server_5 - INFO - Loading weights:  53%|█████▎    | 774/1458 [00:37<00:27, 24.88it/s]
2026-07-24 19:15:21,015 - sflow.task.server_5 - INFO - 2:
2026-07-24 19:15:21,015 - sflow.task.server_5 - INFO - Loading weights:  53%|█████▎    | 774/1458 [00:37<00:26, 25.86it/s]
2026-07-24 19:15:21,118 - sflow.task.server_5 - INFO - 3:
2026-07-24 19:15:21,118 - sflow.task.server_5 - INFO - Loading weights:  52%|█████▏    | 757/1458 [00:37<00:36, 19.01it/s]
2026-07-24 19:15:21,118 - sflow.task.server_5 - INFO - 0:
2026-07-24 19:15:21,118 - sflow.task.server_5 - INFO - Loading weights:  54%|█████▎    | 781/1458 [00:37<00:22, 30.53it/s]
2026-07-24 19:15:21,118 - sflow.task.server_5 - INFO - 2:
2026-07-24 19:15:21,118 - sflow.task.server_5 - INFO - Loading weights:  54%|█████▎    | 781/1458 [00:37<00:21, 31.06it/s]
2026-07-24 19:15:21,118 - sflow.task.server_5 - INFO - 1:
2026-07-24 19:15:21,118 - sflow.task.server_5 - INFO - Loading weights:  53%|█████▎    | 777/1458 [00:37<00:30, 22.41it/s]
2026-07-24 19:15:21,220 - sflow.task.server_5 - INFO - 0:
2026-07-24 19:15:21,220 - sflow.task.server_5 - INFO - Loading weights:  54%|█████▍    | 790/1458 [00:37<00:17, 38.71it/s]
2026-07-24 19:15:21,220 - sflow.task.server_5 - INFO - 2:
2026-07-24 19:15:21,220 - sflow.task.server_5 - INFO - Loading weights:  54%|█████▍    | 791/1458 [00:37<00:16, 40.72it/s]
2026-07-24 19:15:21,220 - sflow.task.server_5 - INFO - 1:
2026-07-24 19:15:21,220 - sflow.task.server_5 - INFO - Loading weights:  54%|█████▍    | 788/1458 [00:37<00:20, 32.76it/s]
2026-07-24 19:15:21,271 - sflow.task.server_5 - INFO - 3:
2026-07-24 19:15:21,271 - sflow.task.server_5 - INFO - Loading weights:  53%|█████▎    | 769/1458 [00:37<00:25, 27.33it/s]
2026-07-24 19:15:21,374 - sflow.task.server_5 - INFO - 0:
2026-07-24 19:15:21,374 - sflow.task.server_5 - INFO - Loading weights:  55%|█████▍    | 797/1458 [00:37<00:15, 42.24it/s]
2026-07-24 19:15:21,374 - sflow.task.server_5 - INFO - 1:
2026-07-24 19:15:21,374 - sflow.task.server_5 - INFO - Loading weights:  55%|█████▍    | 795/1458 [00:37<00:17, 37.93it/s]
2026-07-24 19:15:21,578 - sflow.task.server_5 - INFO - 3:
2026-07-24 19:15:21,578 - sflow.task.server_5 - INFO - Loading weights:  53%|█████▎    | 776/1458 [00:37<00:27, 25.09it/s]
2026-07-24 19:15:21,730 - sflow.task.server_5 - INFO - 3:
2026-07-24 19:15:21,730 - sflow.task.server_5 - INFO - Loading weights:  54%|█████▍    | 788/1458 [00:37<00:18, 35.43it/s]
2026-07-24 19:15:21,730 - sflow.task.server_5 - INFO - 7:
2026-07-24 19:15:21,730 - sflow.task.server_5 - INFO - Loading weights:  56%|█████▋    | 822/1458 [00:38<00:34, 18.67it/s]
2026-07-24 19:15:21,832 - sflow.task.server_5 - INFO - 3:
2026-07-24 19:15:21,832 - sflow.task.server_5 - INFO - Loading weights:  55%|█████▍    | 795/1458 [00:37<00:16, 39.82it/s]
2026-07-24 19:15:21,832 - sflow.task.server_5 - INFO - 6:
2026-07-24 19:15:21,832 - sflow.task.server_5 - INFO - Loading weights:  57%|█████▋    | 826/1458 [00:38<00:34, 18.43it/s]
2026-07-24 19:15:21,832 - sflow.task.server_5 - INFO - 7:
2026-07-24 19:15:21,832 - sflow.task.server_5 - INFO - Loading weights:  57%|█████▋    | 829/1458 [00:38<00:26, 23.32it/s]
2026-07-24 19:15:21,934 - sflow.task.server_5 - INFO - 5:
2026-07-24 19:15:21,934 - sflow.task.server_5 - INFO - Loading weights:  53%|█████▎    | 774/1458 [00:38<00:42, 15.92it/s]
2026-07-24 19:15:22,035 - sflow.task.server_5 - INFO - 6:
2026-07-24 19:15:22,035 - sflow.task.server_5 - INFO - Loading weights:  57%|█████▋    | 836/1458 [00:39<00:25, 24.78it/s]
2026-07-24 19:15:22,035 - sflow.task.server_5 - INFO - 7:
2026-07-24 19:15:22,035 - sflow.task.server_5 - INFO - Loading weights:  57%|█████▋    | 836/1458 [00:39<00:22, 27.08it/s]
2026-07-24 19:15:22,035 - sflow.task.server_5 - INFO - 4:
2026-07-24 19:15:22,035 - sflow.task.server_5 - INFO - Loading weights:  53%|█████▎    | 774/1458 [00:39<00:45, 14.90it/s]
2026-07-24 19:15:22,086 - sflow.task.server_5 - INFO - 5:
2026-07-24 19:15:22,086 - sflow.task.server_5 - INFO - Loading weights:  54%|█████▎    | 782/1458 [00:39<00:32, 20.70it/s]
2026-07-24 19:15:22,137 - sflow.task.server_5 - INFO - 6:
2026-07-24 19:15:22,137 - sflow.task.server_5 - INFO - Loading weights:  58%|█████▊    | 842/1458 [00:39<00:22, 27.69it/s]
2026-07-24 19:15:22,137 - sflow.task.server_5 - INFO - 7:
2026-07-24 19:15:22,137 - sflow.task.server_5 - INFO - Loading weights:  58%|█████▊    | 841/1458 [00:39<00:21, 28.83it/s]
2026-07-24 19:15:22,137 - sflow.task.server_5 - INFO - 4:
2026-07-24 19:15:22,137 - sflow.task.server_5 - INFO - Loading weights:  53%|█████▎    | 779/1458 [00:39<00:39, 17.39it/s]
2026-07-24 19:15:22,188 - sflow.task.server_5 - INFO - 5:
2026-07-24 19:15:22,188 - sflow.task.server_5 - INFO - Loading weights:  54%|█████▍    | 793/1458 [00:39<00:23, 28.39it/s]
2026-07-24 19:15:22,239 - sflow.task.server_5 - INFO - 4:
2026-07-24 19:15:22,239 - sflow.task.server_5 - INFO - Loading weights:  54%|█████▍    | 788/1458 [00:39<00:27, 24.24it/s]
2026-07-24 19:15:22,342 - sflow.task.server_5 - INFO - 2:
2026-07-24 19:15:22,342 - sflow.task.server_5 - INFO - Loading weights:  55%|█████▍    | 798/1458 [00:38<00:38, 16.93it/s]
2026-07-24 19:15:22,393 - sflow.task.server_5 - INFO - 4:
2026-07-24 19:15:22,393 - sflow.task.server_5 - INFO - Loading weights:  55%|█████▍    | 795/1458 [00:39<00:22, 29.31it/s]
2026-07-24 19:15:22,445 - sflow.task.server_5 - INFO - 1:
2026-07-24 19:15:22,445 - sflow.task.server_5 - INFO - Loading weights:  55%|█████▌    | 802/1458 [00:38<00:40, 16.19it/s]
2026-07-24 19:15:22,445 - sflow.task.server_5 - INFO - 2:
2026-07-24 19:15:22,445 - sflow.task.server_5 - INFO - Loading weights:  55%|█████▌    | 803/1458 [00:38<00:33, 19.53it/s]
2026-07-24 19:15:22,445 - sflow.task.server_5 - INFO - 0:
2026-07-24 19:15:22,445 - sflow.task.server_5 - INFO - Loading weights:  55%|█████▌    | 804/1458 [00:38<00:40, 16.17it/s]
2026-07-24 19:15:22,496 - sflow.task.server_5 - INFO - 5:
2026-07-24 19:15:22,496 - sflow.task.server_5 - INFO - Loading weights:  55%|█████▍    | 800/1458 [00:39<00:24, 26.91it/s]
2026-07-24 19:15:22,546 - sflow.task.server_5 - INFO - 1:
2026-07-24 19:15:22,547 - sflow.task.server_5 - INFO - Loading weights:  56%|█████▌    | 814/1458 [00:38<00:26, 24.38it/s]
2026-07-24 19:15:22,547 - sflow.task.server_5 - INFO - 2:
2026-07-24 19:15:22,547 - sflow.task.server_5 - INFO - Loading weights:  56%|█████▌    | 814/1458 [00:38<00:22, 28.36it/s]
2026-07-24 19:15:22,547 - sflow.task.server_5 - INFO - 0:
2026-07-24 19:15:22,547 - sflow.task.server_5 - INFO - Loading weights:  56%|█████▌    | 814/1458 [00:38<00:27, 23.02it/s]
2026-07-24 19:15:22,649 - sflow.task.server_5 - INFO - 5:
2026-07-24 19:15:22,649 - sflow.task.server_5 - INFO - Loading weights:  56%|█████▌    | 812/1458 [00:39<00:17, 37.47it/s]
2026-07-24 19:15:22,751 - sflow.task.server_5 - INFO - 5:
2026-07-24 19:15:22,751 - sflow.task.server_5 - INFO - Loading weights:  56%|█████▌    | 819/1458 [00:39<00:15, 40.34it/s]
2026-07-24 19:15:22,751 - sflow.task.server_5 - INFO - 3:
2026-07-24 19:15:22,751 - sflow.task.server_5 - INFO - Loading weights:  55%|█████▌    | 802/1458 [00:38<00:34, 18.81it/s]
2026-07-24 19:15:22,803 - sflow.task.server_5 - INFO - 2:
2026-07-24 19:15:22,803 - sflow.task.server_5 - INFO - Loading weights:  56%|█████▋    | 822/1458 [00:38<00:22, 28.66it/s]
2026-07-24 19:15:22,803 - sflow.task.server_5 - INFO - 0:
2026-07-24 19:15:22,803 - sflow.task.server_5 - INFO - Loading weights:  56%|█████▋    | 822/1458 [00:38<00:25, 24.92it/s]
2026-07-24 19:15:22,854 - sflow.task.server_5 - INFO - 1:
2026-07-24 19:15:22,854 - sflow.task.server_5 - INFO - Loading weights:  56%|█████▋    | 822/1458 [00:38<00:25, 24.70it/s]
2026-07-24 19:15:22,854 - sflow.task.server_5 - INFO - 3:
2026-07-24 19:15:22,854 - sflow.task.server_5 - INFO - Loading weights:  56%|█████▌    | 814/1458 [00:38<00:23, 27.66it/s]
2026-07-24 19:15:22,905 - sflow.task.server_5 - INFO - 6:
2026-07-24 19:15:22,905 - sflow.task.server_5 - INFO - Loading weights:  58%|█████▊    | 847/1458 [00:39<00:37, 16.29it/s]
2026-07-24 19:15:22,905 - sflow.task.server_5 - INFO - 7:
2026-07-24 19:15:22,905 - sflow.task.server_5 - INFO - Loading weights:  58%|█████▊    | 846/1458 [00:39<00:39, 15.59it/s]
2026-07-24 19:15:22,956 - sflow.task.server_5 - INFO - 0:
2026-07-24 19:15:22,956 - sflow.task.server_5 - INFO - Loading weights:  57%|█████▋    | 829/1458 [00:39<00:21, 29.92it/s]
2026-07-24 19:15:22,956 - sflow.task.server_5 - INFO - 2:
2026-07-24 19:15:22,956 - sflow.task.server_5 - INFO - Loading weights:  57%|█████▋    | 829/1458 [00:39<00:18, 33.67it/s]
2026-07-24 19:15:22,956 - sflow.task.server_5 - INFO - 1:
2026-07-24 19:15:22,956 - sflow.task.server_5 - INFO - Loading weights:  57%|█████▋    | 830/1458 [00:38<00:20, 30.30it/s]
2026-07-24 19:15:23,008 - sflow.task.server_5 - INFO - 6:
2026-07-24 19:15:23,008 - sflow.task.server_5 - INFO - Loading weights:  58%|█████▊    | 851/1458 [00:40<00:33, 18.26it/s]
2026-07-24 19:15:23,008 - sflow.task.server_5 - INFO - 7:
2026-07-24 19:15:23,008 - sflow.task.server_5 - INFO - Loading weights:  59%|█████▊    | 853/1458 [00:40<00:29, 20.74it/s]
2026-07-24 19:15:23,059 - sflow.task.server_5 - INFO - 2:
2026-07-24 19:15:23,059 - sflow.task.server_5 - INFO - Loading weights:  57%|█████▋    | 836/1458 [00:39<00:16, 38.68it/s]
2026-07-24 19:15:23,059 - sflow.task.server_5 - INFO - 0:
2026-07-24 19:15:23,059 - sflow.task.server_5 - INFO - Loading weights:  57%|█████▋    | 836/1458 [00:39<00:17, 35.02it/s]
2026-07-24 19:15:23,161 - sflow.task.server_5 - INFO - 5:
2026-07-24 19:15:23,161 - sflow.task.server_5 - INFO - Loading weights:  57%|█████▋    | 826/1458 [00:40<00:20, 30.71it/s]
2026-07-24 19:15:23,161 - sflow.task.server_5 - INFO - 3:
2026-07-24 19:15:23,161 - sflow.task.server_5 - INFO - Loading weights:  56%|█████▋    | 822/1458 [00:39<00:22, 27.81it/s]
2026-07-24 19:15:23,161 - sflow.task.server_5 - INFO - 2:
2026-07-24 19:15:23,161 - sflow.task.server_5 - INFO - Loading weights:  58%|█████▊    | 842/1458 [00:39<00:14, 41.91it/s]
2026-07-24 19:15:23,161 - sflow.task.server_5 - INFO - 0:
2026-07-24 19:15:23,161 - sflow.task.server_5 - INFO - Loading weights:  58%|█████▊    | 842/1458 [00:39<00:15, 38.65it/s]
2026-07-24 19:15:23,161 - sflow.task.server_5 - INFO - 1:
2026-07-24 19:15:23,161 - sflow.task.server_5 - INFO - Loading weights:  58%|█████▊    | 841/1458 [00:39<00:16, 37.24it/s]
2026-07-24 19:15:23,161 - sflow.task.server_5 - INFO - 4:
2026-07-24 19:15:23,161 - sflow.task.server_5 - INFO - Loading weights:  55%|█████▌    | 802/1458 [00:40<00:37, 17.73it/s]
2026-07-24 19:15:23,161 - sflow.task.server_5 - INFO - 6:
2026-07-24 19:15:23,161 - sflow.task.server_5 - INFO - Loading weights:  59%|█████▉    | 860/1458 [00:40<00:23, 25.11it/s]
2026-07-24 19:15:23,161 - sflow.task.server_5 - INFO - 7:
2026-07-24 19:15:23,161 - sflow.task.server_5 - INFO - Loading weights:  59%|█████▉    | 860/1458 [00:40<00:23, 25.73it/s]
2026-07-24 19:15:23,263 - sflow.task.server_5 - INFO - 3:
2026-07-24 19:15:23,263 - sflow.task.server_5 - INFO - Loading weights:  57%|█████▋    | 829/1458 [00:39<00:19, 32.43it/s]
2026-07-24 19:15:23,263 - sflow.task.server_5 - INFO - 5:
2026-07-24 19:15:23,263 - sflow.task.server_5 - INFO - Loading weights:  57%|█████▋    | 838/1458 [00:40<00:14, 41.63it/s]
2026-07-24 19:15:23,263 - sflow.task.server_5 - INFO - 4:
2026-07-24 19:15:23,263 - sflow.task.server_5 - INFO - Loading weights:  56%|█████▌    | 814/1458 [00:40<00:24, 26.75it/s]
2026-07-24 19:15:23,314 - sflow.task.server_5 - INFO - 6:
2026-07-24 19:15:23,314 - sflow.task.server_5 - INFO - Loading weights:  59%|█████▉    | 865/1458 [00:40<00:21, 27.02it/s]
2026-07-24 19:15:23,314 - sflow.task.server_5 - INFO - 7:
2026-07-24 19:15:23,314 - sflow.task.server_5 - INFO - Loading weights:  59%|█████▉    | 865/1458 [00:40<00:21, 27.63it/s]
2026-07-24 19:15:23,366 - sflow.task.server_5 - INFO - 3:
2026-07-24 19:15:23,366 - sflow.task.server_5 - INFO - Loading weights:  58%|█████▊    | 839/1458 [00:39<00:14, 41.88it/s]
2026-07-24 19:15:23,570 - sflow.task.server_5 - INFO - 4:
2026-07-24 19:15:23,570 - sflow.task.server_5 - INFO - Loading weights:  56%|█████▋    | 822/1458 [00:40<00:23, 26.71it/s]
2026-07-24 19:15:23,672 - sflow.task.server_5 - INFO - 4:
2026-07-24 19:15:23,672 - sflow.task.server_5 - INFO - Loading weights:  57%|█████▋    | 829/1458 [00:40<00:19, 31.65it/s]
2026-07-24 19:15:23,826 - sflow.task.server_5 - INFO - 4:
2026-07-24 19:15:23,826 - sflow.task.server_5 - INFO - Loading weights:  57%|█████▋    | 838/1458 [00:40<00:15, 39.07it/s]
2026-07-24 19:15:24,133 - sflow.task.server_5 - INFO - 1:
2026-07-24 19:15:24,133 - sflow.task.server_5 - INFO - Loading weights:  58%|█████▊    | 847/1458 [00:40<00:34, 17.61it/s]
2026-07-24 19:15:24,184 - sflow.task.server_5 - INFO - 7:
2026-07-24 19:15:24,184 - sflow.task.server_5 - INFO - Loading weights:  60%|█████▉    | 870/1458 [00:41<00:42, 13.69it/s]
2026-07-24 19:15:24,184 - sflow.task.server_5 - INFO - 0:
2026-07-24 19:15:24,184 - sflow.task.server_5 - INFO - Loading weights:  58%|█████▊    | 848/1458 [00:40<00:40, 15.25it/s]
2026-07-24 19:15:24,236 - sflow.task.server_5 - INFO - 6:
2026-07-24 19:15:24,236 - sflow.task.server_5 - INFO - Loading weights:  60%|█████▉    | 870/1458 [00:41<00:43, 13.58it/s]
2026-07-24 19:15:24,236 - sflow.task.server_5 - INFO - 1:
2026-07-24 19:15:24,236 - sflow.task.server_5 - INFO - Loading weights:  59%|█████▊    | 853/1458 [00:40<00:28, 20.99it/s]
2026-07-24 19:15:24,236 - sflow.task.server_5 - INFO - 5:
2026-07-24 19:15:24,236 - sflow.task.server_5 - INFO - Loading weights:  58%|█████▊    | 846/1458 [00:41<00:30, 19.76it/s]
2026-07-24 19:15:24,287 - sflow.task.server_5 - INFO - 2:
2026-07-24 19:15:24,288 - sflow.task.server_5 - INFO - Loading weights:  58%|█████▊    | 848/1458 [00:40<00:40, 14.90it/s]
2026-07-24 19:15:24,288 - sflow.task.server_5 - INFO - 7:
2026-07-24 19:15:24,288 - sflow.task.server_5 - INFO - Loading weights:  60%|█████▉    | 874/1458 [00:41<00:36, 16.00it/s]
2026-07-24 19:15:24,338 - sflow.task.server_5 - INFO - 6:
2026-07-24 19:15:24,338 - sflow.task.server_5 - INFO - Loading weights:  60%|██████    | 877/1458 [00:41<00:31, 18.49it/s]
2026-07-24 19:15:24,338 - sflow.task.server_5 - INFO - 0:
2026-07-24 19:15:24,338 - sflow.task.server_5 - INFO - Loading weights:  59%|█████▉    | 860/1458 [00:40<00:25, 23.65it/s]
2026-07-24 19:15:24,338 - sflow.task.server_5 - INFO - 3:
2026-07-24 19:15:24,338 - sflow.task.server_5 - INFO - Loading weights:  58%|█████▊    | 846/1458 [00:40<00:32, 18.62it/s]
2026-07-24 19:15:24,338 - sflow.task.server_5 - INFO - 5:
2026-07-24 19:15:24,338 - sflow.task.server_5 - INFO - Loading weights:  59%|█████▊    | 853/1458 [00:41<00:25, 24.06it/s]
2026-07-24 19:15:24,389 - sflow.task.server_5 - INFO - 1:
2026-07-24 19:15:24,390 - sflow.task.server_5 - INFO - Loading weights:  59%|█████▉    | 862/1458 [00:40<00:21, 27.70it/s]
2026-07-24 19:15:24,390 - sflow.task.server_5 - INFO - 2:
2026-07-24 19:15:24,390 - sflow.task.server_5 - INFO - Loading weights:  59%|█████▉    | 860/1458 [00:40<00:25, 23.69it/s]
2026-07-24 19:15:24,440 - sflow.task.server_5 - INFO - 6:
2026-07-24 19:15:24,440 - sflow.task.server_5 - INFO - Loading weights:  61%|██████    | 884/1458 [00:41<00:23, 24.15it/s]
2026-07-24 19:15:24,440 - sflow.task.server_5 - INFO - 7:
2026-07-24 19:15:24,440 - sflow.task.server_5 - INFO - Loading weights:  61%|██████    | 884/1458 [00:41<00:22, 25.04it/s]
2026-07-24 19:15:24,440 - sflow.task.server_5 - INFO - 0:
2026-07-24 19:15:24,440 - sflow.task.server_5 - INFO - Loading weights:  59%|█████▉    | 866/1458 [00:40<00:21, 27.43it/s]
2026-07-24 19:15:24,440 - sflow.task.server_5 - INFO - 5:
2026-07-24 19:15:24,440 - sflow.task.server_5 - INFO - Loading weights:  59%|█████▉    | 862/1458 [00:41<00:19, 31.20it/s]
2026-07-24 19:15:24,440 - sflow.task.server_5 - INFO - 3:
2026-07-24 19:15:24,440 - sflow.task.server_5 - INFO - Loading weights:  59%|█████▊    | 853/1458 [00:40<00:26, 22.92it/s]
2026-07-24 19:15:24,543 - sflow.task.server_5 - INFO - 6:
2026-07-24 19:15:24,543 - sflow.task.server_5 - INFO - Loading weights:  61%|██████    | 889/1458 [00:41<00:21, 26.42it/s]
2026-07-24 19:15:24,543 - sflow.task.server_5 - INFO - 7:
2026-07-24 19:15:24,543 - sflow.task.server_5 - INFO - Loading weights:  61%|██████    | 889/1458 [00:41<00:20, 27.16it/s]
2026-07-24 19:15:24,593 - sflow.task.server_5 - INFO - 3:
2026-07-24 19:15:24,594 - sflow.task.server_5 - INFO - Loading weights:  59%|█████▉    | 863/1458 [00:40<00:18, 31.33it/s]
2026-07-24 19:15:24,695 - sflow.task.server_5 - INFO - 4:
2026-07-24 19:15:24,695 - sflow.task.server_5 - INFO - Loading weights:  58%|█████▊    | 846/1458 [00:41<00:31, 19.57it/s]
2026-07-24 19:15:24,797 - sflow.task.server_5 - INFO - 7:
2026-07-24 19:15:24,797 - sflow.task.server_5 - INFO - Loading weights:  61%|██████▏   | 894/1458 [00:41<00:21, 26.22it/s]
2026-07-24 19:15:24,797 - sflow.task.server_5 - INFO - 6:
2026-07-24 19:15:24,797 - sflow.task.server_5 - INFO - Loading weights:  61%|██████▏   | 894/1458 [00:41<00:22, 25.27it/s]
2026-07-24 19:15:24,797 - sflow.task.server_5 - INFO - 4:
2026-07-24 19:15:24,797 - sflow.task.server_5 - INFO - Loading weights:  59%|█████▊    | 853/1458 [00:41<00:24, 24.22it/s]
2026-07-24 19:15:24,899 - sflow.task.server_5 - INFO - 7:
2026-07-24 19:15:24,899 - sflow.task.server_5 - INFO - Loading weights:  62%|██████▏   | 898/1458 [00:41<00:19, 28.17it/s]
2026-07-24 19:15:24,899 - sflow.task.server_5 - INFO - 6:
2026-07-24 19:15:24,899 - sflow.task.server_5 - INFO - Loading weights:  62%|██████▏   | 901/1458 [00:41<00:17, 31.74it/s]
2026-07-24 19:15:24,899 - sflow.task.server_5 - INFO - 4:
2026-07-24 19:15:24,899 - sflow.task.server_5 - INFO - Loading weights:  59%|█████▉    | 862/1458 [00:41<00:18, 31.50it/s]
2026-07-24 19:15:25,001 - sflow.task.server_5 - INFO - 7:
2026-07-24 19:15:25,001 - sflow.task.server_5 - INFO - Loading weights:  62%|██████▏   | 908/1458 [00:42<00:13, 41.22it/s]
2026-07-24 19:15:25,052 - sflow.task.server_5 - INFO - 6:
2026-07-24 19:15:25,052 - sflow.task.server_5 - INFO - Loading weights:  63%|██████▎   | 913/1458 [00:42<00:12, 43.72it/s]
2026-07-24 19:15:25,103 - sflow.task.server_5 - INFO - 7:
2026-07-24 19:15:25,103 - sflow.task.server_5 - INFO - Loading weights:  63%|██████▎   | 915/1458 [00:42<00:11, 46.28it/s]
2026-07-24 19:15:25,307 - sflow.task.server_5 - INFO - 2:
2026-07-24 19:15:25,307 - sflow.task.server_5 - INFO - Loading weights:  60%|█████▉    | 870/1458 [00:41<00:35, 16.73it/s]
2026-07-24 19:15:25,358 - sflow.task.server_5 - INFO - 1:
2026-07-24 19:15:25,358 - sflow.task.server_5 - INFO - Loading weights:  60%|█████▉    | 870/1458 [00:41<00:36, 16.20it/s]
2026-07-24 19:15:25,358 - sflow.task.server_5 - INFO - 5:
2026-07-24 19:15:25,358 - sflow.task.server_5 - INFO - Loading weights:  60%|█████▉    | 870/1458 [00:42<00:32, 17.89it/s]
2026-07-24 19:15:25,409 - sflow.task.server_5 - INFO - 2:
2026-07-24 19:15:25,409 - sflow.task.server_5 - INFO - Loading weights:  60%|██████    | 875/1458 [00:41<00:30, 19.20it/s]
2026-07-24 19:15:25,461 - sflow.task.server_5 - INFO - 1:
2026-07-24 19:15:25,461 - sflow.task.server_5 - INFO - Loading weights:  60%|██████    | 877/1458 [00:41<00:28, 20.45it/s]
2026-07-24 19:15:25,461 - sflow.task.server_5 - INFO - 0:
2026-07-24 19:15:25,461 - sflow.task.server_5 - INFO - Loading weights:  60%|█████▉    | 872/1458 [00:41<00:40, 14.37it/s]
2026-07-24 19:15:25,512 - sflow.task.server_5 - INFO - 5:
2026-07-24 19:15:25,512 - sflow.task.server_5 - INFO - Loading weights:  60%|██████    | 877/1458 [00:42<00:26, 22.18it/s]
2026-07-24 19:15:25,512 - sflow.task.server_5 - INFO - 3:
2026-07-24 19:15:25,512 - sflow.task.server_5 - INFO - Loading weights:  60%|█████▉    | 870/1458 [00:41<00:34, 17.26it/s]
2026-07-24 19:15:25,564 - sflow.task.server_5 - INFO - 2:
2026-07-24 19:15:25,564 - sflow.task.server_5 - INFO - Loading weights:  61%|██████    | 884/1458 [00:41<00:22, 25.78it/s]
2026-07-24 19:15:25,564 - sflow.task.server_5 - INFO - 0:
2026-07-24 19:15:25,564 - sflow.task.server_5 - INFO - Loading weights:  61%|██████    | 884/1458 [00:41<00:25, 22.60it/s]
2026-07-24 19:15:25,564 - sflow.task.server_5 - INFO - 1:
2026-07-24 19:15:25,564 - sflow.task.server_5 - INFO - Loading weights:  61%|██████    | 886/1458 [00:41<00:21, 26.54it/s]
2026-07-24 19:15:25,616 - sflow.task.server_5 - INFO - 5:
2026-07-24 19:15:25,617 - sflow.task.server_5 - INFO - Loading weights:  61%|██████    | 884/1458 [00:42<00:21, 27.12it/s]
2026-07-24 19:15:25,617 - sflow.task.server_5 - INFO - 3:
2026-07-24 19:15:25,617 - sflow.task.server_5 - INFO - Loading weights:  60%|██████    | 877/1458 [00:41<00:26, 21.56it/s]
2026-07-24 19:15:25,669 - sflow.task.server_5 - INFO - 2:
2026-07-24 19:15:25,669 - sflow.task.server_5 - INFO - Loading weights:  61%|██████    | 890/1458 [00:41<00:19, 29.42it/s]
2026-07-24 19:15:25,720 - sflow.task.server_5 - INFO - 0:
2026-07-24 19:15:25,720 - sflow.task.server_5 - INFO - Loading weights:  61%|██████    | 891/1458 [00:41<00:21, 26.54it/s]
2026-07-24 19:15:25,720 - sflow.task.server_5 - INFO - 3:
2026-07-24 19:15:25,720 - sflow.task.server_5 - INFO - Loading weights:  61%|██████    | 887/1458 [00:41<00:19, 29.87it/s]
2026-07-24 19:15:25,720 - sflow.task.server_5 - INFO - 5:
2026-07-24 19:15:25,720 - sflow.task.server_5 - INFO - Loading weights:  61%|██████    | 891/1458 [00:42<00:17, 32.40it/s]
2026-07-24 19:15:25,873 - sflow.task.server_5 - INFO - 4:
2026-07-24 19:15:25,873 - sflow.task.server_5 - INFO - Loading weights:  60%|█████▉    | 870/1458 [00:42<00:34, 17.19it/s]
2026-07-24 19:15:25,924 - sflow.task.server_5 - INFO - 6:
2026-07-24 19:15:25,924 - sflow.task.server_5 - INFO - Loading weights:  63%|██████▎   | 919/1458 [00:42<00:28, 19.09it/s]
2026-07-24 19:15:25,975 - sflow.task.server_5 - INFO - 4:
2026-07-24 19:15:25,975 - sflow.task.server_5 - INFO - Loading weights:  60%|██████    | 877/1458 [00:43<00:26, 21.53it/s]
2026-07-24 19:15:26,027 - sflow.task.server_5 - INFO - 6:
2026-07-24 19:15:26,027 - sflow.task.server_5 - INFO - Loading weights:  63%|██████▎   | 925/1458 [00:43<00:23, 23.03it/s]
2026-07-24 19:15:26,077 - sflow.task.server_5 - INFO - 4:
2026-07-24 19:15:26,077 - sflow.task.server_5 - INFO - Loading weights:  61%|██████    | 886/1458 [00:43<00:20, 28.49it/s]
2026-07-24 19:15:26,128 - sflow.task.server_5 - INFO - 6:
2026-07-24 19:15:26,128 - sflow.task.server_5 - INFO - Loading weights:  64%|██████▍   | 934/1458 [00:43<00:17, 30.69it/s]
2026-07-24 19:15:26,128 - sflow.task.server_5 - INFO - 7:
2026-07-24 19:15:26,128 - sflow.task.server_5 - INFO - Loading weights:  63%|██████▎   | 921/1458 [00:43<00:34, 15.77it/s]
2026-07-24 19:15:26,231 - sflow.task.server_5 - INFO - 7:
2026-07-24 19:15:26,231 - sflow.task.server_5 - INFO - Loading weights:  64%|██████▍   | 932/1458 [00:43<00:21, 24.18it/s]
2026-07-24 19:15:26,282 - sflow.task.server_5 - INFO - 6:
2026-07-24 19:15:26,282 - sflow.task.server_5 - INFO - Loading weights:  64%|██████▍   | 940/1458 [00:43<00:16, 31.63it/s]
2026-07-24 19:15:26,385 - sflow.task.server_5 - INFO - 7:
2026-07-24 19:15:26,385 - sflow.task.server_5 - INFO - Loading weights:  64%|██████▍   | 939/1458 [00:43<00:17, 29.25it/s]
2026-07-24 19:15:26,538 - sflow.task.server_5 - INFO - 5:
2026-07-24 19:15:26,538 - sflow.task.server_5 - INFO - Loading weights:  62%|██████▏   | 897/1458 [00:43<00:32, 17.17it/s]
2026-07-24 19:15:26,589 - sflow.task.server_5 - INFO - 1:
2026-07-24 19:15:26,589 - sflow.task.server_5 - INFO - Loading weights:  61%|██████▏   | 894/1458 [00:42<00:35, 15.80it/s]
2026-07-24 19:15:26,641 - sflow.task.server_5 - INFO - 5:
2026-07-24 19:15:26,641 - sflow.task.server_5 - INFO - Loading weights:  62%|██████▏   | 907/1458 [00:43<00:22, 25.00it/s]
2026-07-24 19:15:26,641 - sflow.task.server_5 - INFO - 2:
2026-07-24 19:15:26,641 - sflow.task.server_5 - INFO - Loading weights:  61%|██████▏   | 896/1458 [00:42<00:38, 14.61it/s]
2026-07-24 19:15:26,692 - sflow.task.server_5 - INFO - 1:
2026-07-24 19:15:26,692 - sflow.task.server_5 - INFO - Loading weights:  62%|██████▏   | 899/1458 [00:42<00:30, 18.42it/s]
2026-07-24 19:15:26,692 - sflow.task.server_5 - INFO - 0:
2026-07-24 19:15:26,692 - sflow.task.server_5 - INFO - Loading weights:  62%|██████▏   | 897/1458 [00:42<00:38, 14.67it/s]
2026-07-24 19:15:26,743 - sflow.task.server_5 - INFO - 3:
2026-07-24 19:15:26,743 - sflow.task.server_5 - INFO - Loading weights:  61%|██████▏   | 894/1458 [00:42<00:35, 15.72it/s]
2026-07-24 19:15:26,743 - sflow.task.server_5 - INFO - 5:
2026-07-24 19:15:26,743 - sflow.task.server_5 - INFO - Loading weights:  63%|██████▎   | 914/1458 [00:43<00:18, 29.59it/s]
2026-07-24 19:15:26,743 - sflow.task.server_5 - INFO - 2:
2026-07-24 19:15:26,743 - sflow.task.server_5 - INFO - Loading weights:  62%|██████▏   | 908/1458 [00:42<00:23, 23.16it/s]
2026-07-24 19:15:26,795 - sflow.task.server_5 - INFO - 1:
2026-07-24 19:15:26,795 - sflow.task.server_5 - INFO - Loading weights:  62%|██████▏   | 910/1458 [00:42<00:20, 27.32it/s]
2026-07-24 19:15:26,795 - sflow.task.server_5 - INFO - 0:
2026-07-24 19:15:26,795 - sflow.task.server_5 - INFO - Loading weights:  62%|██████▏   | 908/1458 [00:42<00:25, 21.94it/s]
2026-07-24 19:15:26,846 - sflow.task.server_5 - INFO - 3:
2026-07-24 19:15:26,846 - sflow.task.server_5 - INFO - Loading weights:  62%|██████▏   | 901/1458 [00:42<00:28, 19.82it/s]
2026-07-24 19:15:26,897 - sflow.task.server_5 - INFO - 2:
2026-07-24 19:15:26,897 - sflow.task.server_5 - INFO - Loading weights:  63%|██████▎   | 915/1458 [00:42<00:19, 27.84it/s]
2026-07-24 19:15:26,948 - sflow.task.server_5 - INFO - 3:
2026-07-24 19:15:26,948 - sflow.task.server_5 - INFO - Loading weights:  62%|██████▏   | 910/1458 [00:43<00:20, 26.78it/s]
2026-07-24 19:15:27,152 - sflow.task.server_5 - INFO - 4:
2026-07-24 19:15:27,152 - sflow.task.server_5 - INFO - Loading weights:  61%|██████▏   | 894/1458 [00:44<00:35, 15.95it/s]
2026-07-24 19:15:27,203 - sflow.task.server_5 - INFO - 6:
2026-07-24 19:15:27,203 - sflow.task.server_5 - INFO - Loading weights:  65%|██████▍   | 945/1458 [00:44<00:33, 15.25it/s]
2026-07-24 19:15:27,255 - sflow.task.server_5 - INFO - 4:
2026-07-24 19:15:27,255 - sflow.task.server_5 - INFO - Loading weights:  62%|██████▏   | 901/1458 [00:44<00:27, 20.03it/s]
2026-07-24 19:15:27,255 - sflow.task.server_5 - INFO - 7:
2026-07-24 19:15:27,255 - sflow.task.server_5 - INFO - Loading weights:  65%|██████▍   | 945/1458 [00:44<00:32, 15.72it/s]
2026-07-24 19:15:27,306 - sflow.task.server_5 - INFO - 0:
2026-07-24 19:15:27,306 - sflow.task.server_5 - INFO - Loading weights:  63%|██████▎   | 918/1458 [00:43<00:25, 21.16it/s]
2026-07-24 19:15:27,357 - sflow.task.server_5 - INFO - 4:
2026-07-24 19:15:27,357 - sflow.task.server_5 - INFO - Loading weights:  62%|██████▏   | 910/1458 [00:44<00:20, 26.72it/s]
2026-07-24 19:15:27,357 - sflow.task.server_5 - INFO - 6:
2026-07-24 19:15:27,357 - sflow.task.server_5 - INFO - Loading weights:  66%|██████▌   | 956/1458 [00:44<00:22, 22.37it/s]
2026-07-24 19:15:27,357 - sflow.task.server_5 - INFO - 7:
2026-07-24 19:15:27,357 - sflow.task.server_5 - INFO - Loading weights:  66%|██████▌   | 956/1458 [00:44<00:21, 23.53it/s]
2026-07-24 19:15:27,408 - sflow.task.server_5 - INFO - 0:
2026-07-24 19:15:27,408 - sflow.task.server_5 - INFO - Loading weights:  63%|██████▎   | 925/1458 [00:43<00:20, 25.38it/s]
2026-07-24 19:15:27,510 - sflow.task.server_5 - INFO - 6:
2026-07-24 19:15:27,510 - sflow.task.server_5 - INFO - Loading weights:  66%|██████▌   | 961/1458 [00:44<00:20, 24.01it/s]
2026-07-24 19:15:27,510 - sflow.task.server_5 - INFO - 7:
2026-07-24 19:15:27,510 - sflow.task.server_5 - INFO - Loading weights:  66%|██████▌   | 962/1458 [00:44<00:18, 26.29it/s]
2026-07-24 19:15:27,510 - sflow.task.server_5 - INFO - 0:
2026-07-24 19:15:27,510 - sflow.task.server_5 - INFO - Loading weights:  64%|██████▍   | 934/1458 [00:43<00:16, 31.86it/s]
2026-07-24 19:15:27,614 - sflow.task.server_5 - INFO - 5:
2026-07-24 19:15:27,614 - sflow.task.server_5 - INFO - Loading weights:  63%|██████▎   | 920/1458 [00:44<00:33, 16.23it/s]
2026-07-24 19:15:27,665 - sflow.task.server_5 - INFO - 0:
2026-07-24 19:15:27,665 - sflow.task.server_5 - INFO - Loading weights:  64%|██████▍   | 940/1458 [00:43<00:15, 33.93it/s]
2026-07-24 19:15:27,716 - sflow.task.server_5 - INFO - 1:
2026-07-24 19:15:27,716 - sflow.task.server_5 - INFO - Loading weights:  63%|██████▎   | 918/1458 [00:43<00:32, 16.59it/s]
2026-07-24 19:15:27,716 - sflow.task.server_5 - INFO - 5:
2026-07-24 19:15:27,716 - sflow.task.server_5 - INFO - Loading weights:  64%|██████▍   | 932/1458 [00:44<00:21, 24.91it/s]
2026-07-24 19:15:27,819 - sflow.task.server_5 - INFO - 3:
2026-07-24 19:15:27,819 - sflow.task.server_5 - INFO - Loading weights:  63%|██████▎   | 918/1458 [00:43<00:31, 17.11it/s]
2026-07-24 19:15:27,819 - sflow.task.server_5 - INFO - 1:
2026-07-24 19:15:27,819 - sflow.task.server_5 - INFO - Loading weights:  63%|██████▎   | 925/1458 [00:43<00:25, 20.81it/s]
2026-07-24 19:15:27,871 - sflow.task.server_5 - INFO - 2:
2026-07-24 19:15:27,871 - sflow.task.server_5 - INFO - Loading weights:  63%|██████▎   | 922/1458 [00:43<00:34, 15.67it/s]
2026-07-24 19:15:27,922 - sflow.task.server_5 - INFO - 3:
2026-07-24 19:15:27,922 - sflow.task.server_5 - INFO - Loading weights:  63%|██████▎   | 925/1458 [00:44<00:24, 21.40it/s]
2026-07-24 19:15:27,922 - sflow.task.server_5 - INFO - 1:
2026-07-24 19:15:27,922 - sflow.task.server_5 - INFO - Loading weights:  64%|██████▍   | 934/1458 [00:43<00:18, 27.69it/s]
2026-07-24 19:15:27,973 - sflow.task.server_5 - INFO - 2:
2026-07-24 19:15:27,973 - sflow.task.server_5 - INFO - Loading weights:  64%|██████▍   | 932/1458 [00:44<00:23, 22.34it/s]
2026-07-24 19:15:28,025 - sflow.task.server_5 - INFO - 3:
2026-07-24 19:15:28,025 - sflow.task.server_5 - INFO - Loading weights:  64%|██████▍   | 935/1458 [00:44<00:17, 29.59it/s]
2026-07-24 19:15:28,076 - sflow.task.server_5 - INFO - 2:
2026-07-24 19:15:28,076 - sflow.task.server_5 - INFO - Loading weights:  64%|██████▍   | 939/1458 [00:44<00:19, 26.98it/s]
2026-07-24 19:15:28,076 - sflow.task.server_5 - INFO - 5:
2026-07-24 19:15:28,076 - sflow.task.server_5 - INFO - Loading weights:  65%|██████▍   | 942/1458 [00:45<00:19, 26.62it/s]
2026-07-24 19:15:28,178 - sflow.task.server_5 - INFO - 5:
2026-07-24 19:15:28,178 - sflow.task.server_5 - INFO - Loading weights:  65%|██████▌   | 949/1458 [00:45<00:16, 31.20it/s]
2026-07-24 19:15:28,229 - sflow.task.server_5 - INFO - 4:
2026-07-24 19:15:28,229 - sflow.task.server_5 - INFO - Loading weights:  63%|██████▎   | 918/1458 [00:45<00:32, 16.67it/s]
2026-07-24 19:15:28,281 - sflow.task.server_5 - INFO - 6:
2026-07-24 19:15:28,281 - sflow.task.server_5 - INFO - Loading weights:  66%|██████▋   | 966/1458 [00:45<00:33, 14.62it/s]
2026-07-24 19:15:28,281 - sflow.task.server_5 - INFO - 3:
2026-07-24 19:15:28,281 - sflow.task.server_5 - INFO - Loading weights:  65%|██████▍   | 942/1458 [00:44<00:18, 28.24it/s]
2026-07-24 19:15:28,333 - sflow.task.server_5 - INFO - 5:
2026-07-24 19:15:28,333 - sflow.task.server_5 - INFO - Loading weights:  66%|██████▌   | 961/1458 [00:45<00:12, 40.42it/s]
2026-07-24 19:15:28,333 - sflow.task.server_5 - INFO - 4:
2026-07-24 19:15:28,333 - sflow.task.server_5 - INFO - Loading weights:  63%|██████▎   | 925/1458 [00:45<00:25, 20.92it/s]
2026-07-24 19:15:28,384 - sflow.task.server_5 - INFO - 7:
2026-07-24 19:15:28,384 - sflow.task.server_5 - INFO - Loading weights:  66%|██████▋   | 968/1458 [00:45<00:31, 15.49it/s]
2026-07-24 19:15:28,384 - sflow.task.server_5 - INFO - 6:
2026-07-24 19:15:28,384 - sflow.task.server_5 - INFO - Loading weights:  67%|██████▋   | 970/1458 [00:45<00:29, 16.78it/s]
2026-07-24 19:15:28,384 - sflow.task.server_5 - INFO - 3:
2026-07-24 19:15:28,384 - sflow.task.server_5 - INFO - Loading weights:  65%|██████▌   | 948/1458 [00:44<00:15, 32.22it/s]
2026-07-24 19:15:28,486 - sflow.task.server_5 - INFO - 4:
2026-07-24 19:15:28,486 - sflow.task.server_5 - INFO - Loading weights:  64%|██████▍   | 934/1458 [00:45<00:18, 27.72it/s]
2026-07-24 19:15:28,486 - sflow.task.server_5 - INFO - 7:
2026-07-24 19:15:28,486 - sflow.task.server_5 - INFO - Loading weights:  67%|██████▋   | 979/1458 [00:45<00:20, 23.40it/s]
2026-07-24 19:15:28,537 - sflow.task.server_5 - INFO - 3:
2026-07-24 19:15:28,537 - sflow.task.server_5 - INFO - Loading weights:  66%|██████▌   | 956/1458 [00:44<00:12, 38.88it/s]
2026-07-24 19:15:28,589 - sflow.task.server_5 - INFO - 6:
2026-07-24 19:15:28,589 - sflow.task.server_5 - INFO - Loading weights:  67%|██████▋   | 980/1458 [00:45<00:19, 24.45it/s]
2026-07-24 19:15:28,640 - sflow.task.server_5 - INFO - 0:
2026-07-24 19:15:28,640 - sflow.task.server_5 - INFO - Loading weights:  65%|██████▍   | 946/1458 [00:44<00:32, 15.95it/s]
2026-07-24 19:15:28,640 - sflow.task.server_5 - INFO - 3:
2026-07-24 19:15:28,640 - sflow.task.server_5 - INFO - Loading weights:  66%|██████▌   | 962/1458 [00:44<00:12, 40.14it/s]
2026-07-24 19:15:28,691 - sflow.task.server_5 - INFO - 6:
2026-07-24 19:15:28,691 - sflow.task.server_5 - INFO - Loading weights:  68%|██████▊   | 985/1458 [00:45<00:17, 26.41it/s]
2026-07-24 19:15:28,691 - sflow.task.server_5 - INFO - 7:
2026-07-24 19:15:28,691 - sflow.task.server_5 - INFO - Loading weights:  68%|██████▊   | 985/1458 [00:45<00:19, 24.19it/s]
2026-07-24 19:15:28,793 - sflow.task.server_5 - INFO - 0:
2026-07-24 19:15:28,793 - sflow.task.server_5 - INFO - Loading weights:  66%|██████▌   | 958/1458 [00:44<00:20, 24.61it/s]
2026-07-24 19:15:28,793 - sflow.task.server_5 - INFO - 4:
2026-07-24 19:15:28,793 - sflow.task.server_5 - INFO - Loading weights:  65%|██████▍   | 942/1458 [00:45<00:18, 27.43it/s]
2026-07-24 19:15:28,793 - sflow.task.server_5 - INFO - 1:
2026-07-24 19:15:28,793 - sflow.task.server_5 - INFO - Loading weights:  65%|██████▍   | 942/1458 [00:44<00:29, 17.54it/s]
2026-07-24 19:15:28,895 - sflow.task.server_5 - INFO - 2:
2026-07-24 19:15:28,896 - sflow.task.server_5 - INFO - Loading weights:  65%|██████▍   | 946/1458 [00:44<00:30, 17.02it/s]
2026-07-24 19:15:28,896 - sflow.task.server_5 - INFO - 4:
2026-07-24 19:15:28,896 - sflow.task.server_5 - INFO - Loading weights:  65%|██████▌   | 949/1458 [00:45<00:15, 32.48it/s]
2026-07-24 19:15:28,896 - sflow.task.server_5 - INFO - 1:
2026-07-24 19:15:28,896 - sflow.task.server_5 - INFO - Loading weights:  65%|██████▌   | 949/1458 [00:44<00:23, 21.95it/s]
2026-07-24 19:15:28,998 - sflow.task.server_5 - INFO - 2:
2026-07-24 19:15:28,998 - sflow.task.server_5 - INFO - Loading weights:  66%|██████▌   | 956/1458 [00:45<00:20, 23.93it/s]
2026-07-24 19:15:28,998 - sflow.task.server_5 - INFO - 4:
2026-07-24 19:15:28,998 - sflow.task.server_5 - INFO - Loading weights:  66%|██████▌   | 958/1458 [00:46<00:12, 40.24it/s]
2026-07-24 19:15:28,998 - sflow.task.server_5 - INFO - 1:
2026-07-24 19:15:28,998 - sflow.task.server_5 - INFO - Loading weights:  66%|██████▌   | 958/1458 [00:45<00:17, 28.90it/s]
2026-07-24 19:15:29,102 - sflow.task.server_5 - INFO - 2:
2026-07-24 19:15:29,102 - sflow.task.server_5 - INFO - Loading weights:  66%|██████▌   | 963/1458 [00:45<00:17, 28.55it/s]
2026-07-24 19:15:29,254 - sflow.task.server_5 - INFO - 5:
2026-07-24 19:15:29,254 - sflow.task.server_5 - INFO - Loading weights:  66%|██████▋   | 968/1458 [00:46<00:24, 19.67it/s]
2026-07-24 19:15:29,356 - sflow.task.server_5 - INFO - 5:
2026-07-24 19:15:29,356 - sflow.task.server_5 - INFO - Loading weights:  67%|██████▋   | 979/1458 [00:46<00:17, 27.18it/s]
2026-07-24 19:15:29,511 - sflow.task.server_5 - INFO - 5:
2026-07-24 19:15:29,511 - sflow.task.server_5 - INFO - Loading weights:  68%|██████▊   | 985/1458 [00:46<00:15, 30.20it/s]
2026-07-24 19:15:29,562 - sflow.task.server_5 - INFO - 7:
2026-07-24 19:15:29,562 - sflow.task.server_5 - INFO - Loading weights:  68%|██████▊   | 990/1458 [00:46<00:32, 14.49it/s]
2026-07-24 19:15:29,562 - sflow.task.server_5 - INFO - 3:
2026-07-24 19:15:29,562 - sflow.task.server_5 - INFO - Loading weights:  66%|██████▋   | 968/1458 [00:45<00:28, 16.98it/s]
2026-07-24 19:15:29,562 - sflow.task.server_5 - INFO - 6:
2026-07-24 19:15:29,562 - sflow.task.server_5 - INFO - Loading weights:  68%|██████▊   | 990/1458 [00:46<00:33, 13.89it/s]
2026-07-24 19:15:29,664 - sflow.task.server_5 - INFO - 7:
2026-07-24 19:15:29,664 - sflow.task.server_5 - INFO - Loading weights:  68%|██████▊   | 994/1458 [00:46<00:28, 16.35it/s]
2026-07-24 19:15:29,664 - sflow.task.server_5 - INFO - 6:
2026-07-24 19:15:29,664 - sflow.task.server_5 - INFO - Loading weights:  68%|██████▊   | 997/1458 [00:46<00:24, 18.85it/s]
2026-07-24 19:15:29,715 - sflow.task.server_5 - INFO - 3:
2026-07-24 19:15:29,715 - sflow.task.server_5 - INFO - Loading weights:  67%|██████▋   | 979/1458 [00:45<00:18, 25.52it/s]
2026-07-24 19:15:29,715 - sflow.task.server_5 - INFO - 0:
2026-07-24 19:15:29,715 - sflow.task.server_5 - INFO - Loading weights:  66%|██████▋   | 966/1458 [00:45<00:30, 16.04it/s]
2026-07-24 19:15:29,767 - sflow.task.server_5 - INFO - 4:
2026-07-24 19:15:29,767 - sflow.task.server_5 - INFO - Loading weights:  66%|██████▋   | 966/1458 [00:46<00:22, 21.68it/s]
2026-07-24 19:15:29,767 - sflow.task.server_5 - INFO - 7:
2026-07-24 19:15:29,767 - sflow.task.server_5 - INFO - Loading weights:  69%|██████▉   | 1004/1458 [00:46<00:18, 25.04it/s]
2026-07-24 19:15:29,818 - sflow.task.server_5 - INFO - 6:
2026-07-24 19:15:29,818 - sflow.task.server_5 - INFO - Loading weights:  69%|██████▉   | 1006/1458 [00:46<00:16, 26.66it/s]
2026-07-24 19:15:29,818 - sflow.task.server_5 - INFO - 0:
2026-07-24 19:15:29,818 - sflow.task.server_5 - INFO - Loading weights:  67%|██████▋   | 973/1458 [00:45<00:24, 19.96it/s]
2026-07-24 19:15:29,869 - sflow.task.server_5 - INFO - 1:
2026-07-24 19:15:29,869 - sflow.task.server_5 - INFO - Loading weights:  66%|██████▋   | 966/1458 [00:45<00:27, 17.96it/s]
2026-07-24 19:15:29,869 - sflow.task.server_5 - INFO - 4:
2026-07-24 19:15:29,869 - sflow.task.server_5 - INFO - Loading weights:  67%|██████▋   | 973/1458 [00:46<00:18, 26.64it/s]
2026-07-24 19:15:29,870 - sflow.task.server_5 - INFO - 3:
2026-07-24 19:15:29,870 - sflow.task.server_5 - INFO - Loading weights:  68%|██████▊   | 985/1458 [00:45<00:17, 27.06it/s]
2026-07-24 19:15:29,921 - sflow.task.server_5 - INFO - 7:
2026-07-24 19:15:29,921 - sflow.task.server_5 - INFO - Loading weights:  69%|██████▉   | 1010/1458 [00:46<00:15, 28.19it/s]
2026-07-24 19:15:29,921 - sflow.task.server_5 - INFO - 0:
2026-07-24 19:15:29,921 - sflow.task.server_5 - INFO - Loading weights:  67%|██████▋   | 983/1458 [00:46<00:17, 27.59it/s]
2026-07-24 19:15:29,921 - sflow.task.server_5 - INFO - 6:
2026-07-24 19:15:29,921 - sflow.task.server_5 - INFO - Loading weights:  69%|██████▉   | 1012/1458 [00:46<00:15, 29.72it/s]
2026-07-24 19:15:29,973 - sflow.task.server_5 - INFO - 1:
2026-07-24 19:15:29,973 - sflow.task.server_5 - INFO - Loading weights:  67%|██████▋   | 973/1458 [00:45<00:21, 22.44it/s]
2026-07-24 19:15:29,973 - sflow.task.server_5 - INFO - 2:
2026-07-24 19:15:29,973 - sflow.task.server_5 - INFO - Loading weights:  66%|██████▋   | 969/1458 [00:46<00:29, 16.31it/s]
2026-07-24 19:15:29,973 - sflow.task.server_5 - INFO - 4:
2026-07-24 19:15:29,973 - sflow.task.server_5 - INFO - Loading weights:  67%|██████▋   | 982/1458 [00:47<00:13, 34.13it/s]
2026-07-24 19:15:30,075 - sflow.task.server_5 - INFO - 1:
2026-07-24 19:15:30,075 - sflow.task.server_5 - INFO - Loading weights:  67%|██████▋   | 983/1458 [00:46<00:15, 30.81it/s]
2026-07-24 19:15:30,075 - sflow.task.server_5 - INFO - 2:
2026-07-24 19:15:30,075 - sflow.task.server_5 - INFO - Loading weights:  67%|██████▋   | 980/1458 [00:46<00:19, 24.16it/s]
2026-07-24 19:15:30,127 - sflow.task.server_5 - INFO - 3:
2026-07-24 19:15:30,127 - sflow.task.server_5 - INFO - Loading weights:  68%|██████▊   | 990/1458 [00:46<00:18, 25.69it/s]
2026-07-24 19:15:30,178 - sflow.task.server_5 - INFO - 2:
2026-07-24 19:15:30,178 - sflow.task.server_5 - INFO - Loading weights:  68%|██████▊   | 987/1458 [00:46<00:16, 28.85it/s]
2026-07-24 19:15:30,229 - sflow.task.server_5 - INFO - 3:
2026-07-24 19:15:30,229 - sflow.task.server_5 - INFO - Loading weights:  68%|██████▊   | 995/1458 [00:46<00:16, 28.38it/s]
2026-07-24 19:15:30,229 - sflow.task.server_5 - INFO - 5:
2026-07-24 19:15:30,229 - sflow.task.server_5 - INFO - Loading weights:  68%|██████▊   | 991/1458 [00:47<00:25, 18.22it/s]
2026-07-24 19:15:30,332 - sflow.task.server_5 - INFO - 4:
2026-07-24 19:15:30,332 - sflow.task.server_5 - INFO - Loading weights:  68%|██████▊   | 990/1458 [00:47<00:15, 30.23it/s]
2026-07-24 19:15:30,332 - sflow.task.server_5 - INFO - 3:
2026-07-24 19:15:30,332 - sflow.task.server_5 - INFO - Loading weights:  69%|██████▉   | 1004/1458 [00:46<00:11, 37.84it/s]
2026-07-24 19:15:30,332 - sflow.task.server_5 - INFO - 5:
2026-07-24 19:15:30,332 - sflow.task.server_5 - INFO - Loading weights:  68%|██████▊   | 997/1458 [00:47<00:21, 21.95it/s]
2026-07-24 19:15:30,435 - sflow.task.server_5 - INFO - 4:
2026-07-24 19:15:30,435 - sflow.task.server_5 - INFO - Loading weights:  68%|██████▊   | 997/1458 [00:47<00:12, 35.47it/s]
2026-07-24 19:15:30,435 - sflow.task.server_5 - INFO - 3:
2026-07-24 19:15:30,435 - sflow.task.server_5 - INFO - Loading weights:  69%|██████▉   | 1010/1458 [00:46<00:11, 40.44it/s]
2026-07-24 19:15:30,435 - sflow.task.server_5 - INFO - 5:
2026-07-24 19:15:30,435 - sflow.task.server_5 - INFO - Loading weights:  69%|██████▉   | 1007/1458 [00:47<00:14, 30.97it/s]
2026-07-24 19:15:30,486 - sflow.task.server_5 - INFO - 2:
2026-07-24 19:15:30,486 - sflow.task.server_5 - INFO - Loading weights:  68%|██████▊   | 994/1458 [00:46<00:16, 27.35it/s]
2026-07-24 19:15:30,538 - sflow.task.server_5 - INFO - 4:
2026-07-24 19:15:30,538 - sflow.task.server_5 - INFO - Loading weights:  69%|██████▉   | 1004/1458 [00:47<00:11, 40.65it/s]
2026-07-24 19:15:30,590 - sflow.task.server_5 - INFO - 2:
2026-07-24 19:15:30,590 - sflow.task.server_5 - INFO - Loading weights:  69%|██████▉   | 1004/1458 [00:46<00:12, 36.38it/s]
2026-07-24 19:15:30,641 - sflow.task.server_5 - INFO - 4:
2026-07-24 19:15:30,641 - sflow.task.server_5 - INFO - Loading weights:  69%|██████▉   | 1011/1458 [00:47<00:09, 45.19it/s]
2026-07-24 19:15:30,692 - sflow.task.server_5 - INFO - 2:
2026-07-24 19:15:30,692 - sflow.task.server_5 - INFO - Loading weights:  69%|██████▉   | 1011/1458 [00:46<00:10, 41.07it/s]
2026-07-24 19:15:30,744 - sflow.task.server_5 - INFO - 7:
2026-07-24 19:15:30,744 - sflow.task.server_5 - INFO - Loading weights:  70%|██████▉   | 1016/1458 [00:47<00:27, 15.82it/s]
2026-07-24 19:15:30,744 - sflow.task.server_5 - INFO - 6:
2026-07-24 19:15:30,744 - sflow.task.server_5 - INFO - Loading weights:  70%|██████▉   | 1017/1458 [00:47<00:28, 15.68it/s]
2026-07-24 19:15:30,744 - sflow.task.server_5 - INFO - 1:
2026-07-24 19:15:30,744 - sflow.task.server_5 - INFO - Loading weights:  68%|██████▊   | 990/1458 [00:46<00:23, 19.97it/s]
2026-07-24 19:15:30,744 - sflow.task.server_5 - INFO - 0:
2026-07-24 19:15:30,744 - sflow.task.server_5 - INFO - Loading weights:  68%|██████▊   | 990/1458 [00:46<00:27, 17.22it/s]
2026-07-24 19:15:30,744 - sflow.task.server_5 - INFO - 3:
2026-07-24 19:15:30,744 - sflow.task.server_5 - INFO - Loading weights:  70%|██████▉   | 1016/1458 [00:46<00:14, 30.87it/s]
2026-07-24 19:15:30,846 - sflow.task.server_5 - INFO - 5:
2026-07-24 19:15:30,846 - sflow.task.server_5 - INFO - Loading weights:  70%|██████▉   | 1014/1458 [00:47<00:16, 26.26it/s]
2026-07-24 19:15:30,846 - sflow.task.server_5 - INFO - 6:
2026-07-24 19:15:30,846 - sflow.task.server_5 - INFO - Loading weights:  70%|███████   | 1027/1458 [00:47<00:18, 23.68it/s]
2026-07-24 19:15:30,846 - sflow.task.server_5 - INFO - 7:
2026-07-24 19:15:30,847 - sflow.task.server_5 - INFO - Loading weights:  70%|███████   | 1027/1458 [00:47<00:17, 24.38it/s]
2026-07-24 19:15:30,847 - sflow.task.server_5 - INFO - 1:
2026-07-24 19:15:30,847 - sflow.task.server_5 - INFO - Loading weights:  68%|██████▊   | 997/1458 [00:46<00:18, 24.75it/s]
2026-07-24 19:15:30,847 - sflow.task.server_5 - INFO - 0:
2026-07-24 19:15:30,847 - sflow.task.server_5 - INFO - Loading weights:  68%|██████▊   | 997/1458 [00:46<00:21, 21.49it/s]
2026-07-24 19:15:30,898 - sflow.task.server_5 - INFO - 3:
2026-07-24 19:15:30,898 - sflow.task.server_5 - INFO - Loading weights:  71%|███████   | 1028/1458 [00:46<00:10, 42.79it/s]
2026-07-24 19:15:30,899 - sflow.task.server_5 - INFO - 4:
2026-07-24 19:15:30,899 - sflow.task.server_5 - INFO - Loading weights:  70%|██████▉   | 1017/1458 [00:47<00:12, 34.99it/s]
2026-07-24 19:15:30,950 - sflow.task.server_5 - INFO - 5:
2026-07-24 19:15:30,950 - sflow.task.server_5 - INFO - Loading weights:  70%|███████   | 1021/1458 [00:47<00:13, 31.60it/s]
2026-07-24 19:15:30,950 - sflow.task.server_5 - INFO - 1:
2026-07-24 19:15:30,950 - sflow.task.server_5 - INFO - Loading weights:  69%|██████▉   | 1006/1458 [00:46<00:14, 32.13it/s]
2026-07-24 19:15:30,950 - sflow.task.server_5 - INFO - 0:
2026-07-24 19:15:30,950 - sflow.task.server_5 - INFO - Loading weights:  69%|██████▉   | 1006/1458 [00:47<00:15, 28.63it/s]
2026-07-24 19:15:31,051 - sflow.task.server_5 - INFO - 4:
2026-07-24 19:15:31,051 - sflow.task.server_5 - INFO - Loading weights:  71%|███████   | 1028/1458 [00:48<00:09, 47.59it/s]
2026-07-24 19:15:31,052 - sflow.task.server_5 - INFO - 6:
2026-07-24 19:15:31,052 - sflow.task.server_5 - INFO - Loading weights:  71%|███████   | 1033/1458 [00:48<00:17, 24.91it/s]
2026-07-24 19:15:31,052 - sflow.task.server_5 - INFO - 7:
2026-07-24 19:15:31,052 - sflow.task.server_5 - INFO - Loading weights:  71%|███████   | 1033/1458 [00:48<00:16, 25.47it/s]
2026-07-24 19:15:31,052 - sflow.task.server_5 - INFO - 5:
2026-07-24 19:15:31,052 - sflow.task.server_5 - INFO - Loading weights:  71%|███████   | 1030/1458 [00:48<00:10, 40.14it/s]
2026-07-24 19:15:31,052 - sflow.task.server_5 - INFO - 3:
2026-07-24 19:15:31,052 - sflow.task.server_5 - INFO - Loading weights:  71%|███████   | 1034/1458 [00:47<00:10, 42.04it/s]
2026-07-24 19:15:31,154 - sflow.task.server_5 - INFO - 4:
2026-07-24 19:15:31,154 - sflow.task.server_5 - INFO - Loading weights:  71%|███████   | 1035/1458 [00:48<00:08, 51.09it/s]
2026-07-24 19:15:31,308 - sflow.task.server_5 - INFO - 6:
2026-07-24 19:15:31,308 - sflow.task.server_5 - INFO - Loading weights:  71%|███████   | 1038/1458 [00:48<00:18, 22.69it/s]
2026-07-24 19:15:31,359 - sflow.task.server_5 - INFO - 5:
2026-07-24 19:15:31,359 - sflow.task.server_5 - INFO - Loading weights:  71%|███████   | 1038/1458 [00:48<00:12, 34.10it/s]
2026-07-24 19:15:31,359 - sflow.task.server_5 - INFO - 3:
2026-07-24 19:15:31,359 - sflow.task.server_5 - INFO - Loading weights:  71%|███████▏  | 1040/1458 [00:47<00:12, 32.34it/s]
2026-07-24 19:15:31,411 - sflow.task.server_5 - INFO - 2:
2026-07-24 19:15:31,411 - sflow.task.server_5 - INFO - Loading weights:  70%|██████▉   | 1018/1458 [00:47<00:19, 22.03it/s]
2026-07-24 19:15:31,462 - sflow.task.server_5 - INFO - 6:
2026-07-24 19:15:31,462 - sflow.task.server_5 - INFO - Loading weights:  71%|███████▏  | 1042/1458 [00:48<00:16, 24.52it/s]
2026-07-24 19:15:31,462 - sflow.task.server_5 - INFO - 4:
2026-07-24 19:15:31,462 - sflow.task.server_5 - INFO - Loading weights:  71%|███████▏  | 1042/1458 [00:48<00:10, 38.07it/s]
2026-07-24 19:15:31,462 - sflow.task.server_5 - INFO - 5:
2026-07-24 19:15:31,462 - sflow.task.server_5 - INFO - Loading weights:  72%|███████▏  | 1045/1458 [00:48<00:10, 39.41it/s]
2026-07-24 19:15:31,514 - sflow.task.server_5 - INFO - 2:
2026-07-24 19:15:31,514 - sflow.task.server_5 - INFO - Loading weights:  71%|███████   | 1030/1458 [00:47<00:13, 32.22it/s]
2026-07-24 19:15:31,514 - sflow.task.server_5 - INFO - 3:
2026-07-24 19:15:31,514 - sflow.task.server_5 - INFO - Loading weights:  72%|███████▏  | 1052/1458 [00:47<00:09, 43.07it/s]
2026-07-24 19:15:31,565 - sflow.task.server_5 - INFO - 6:
2026-07-24 19:15:31,565 - sflow.task.server_5 - INFO - Loading weights:  72%|███████▏  | 1052/1458 [00:48<00:11, 34.26it/s]
2026-07-24 19:15:31,565 - sflow.task.server_5 - INFO - 4:
2026-07-24 19:15:31,565 - sflow.task.server_5 - INFO - Loading weights:  72%|███████▏  | 1052/1458 [00:48<00:08, 46.59it/s]
2026-07-24 19:15:31,565 - sflow.task.server_5 - INFO - 5:
2026-07-24 19:15:31,566 - sflow.task.server_5 - INFO - Loading weights:  72%|███████▏  | 1052/1458 [00:48<00:09, 43.98it/s]
2026-07-24 19:15:31,668 - sflow.task.server_5 - INFO - 3:
2026-07-24 19:15:31,668 - sflow.task.server_5 - INFO - Loading weights:  73%|███████▎  | 1058/1458 [00:47<00:09, 41.33it/s]
2026-07-24 19:15:31,719 - sflow.task.server_5 - INFO - 4:
2026-07-24 19:15:31,719 - sflow.task.server_5 - INFO - Loading weights:  73%|███████▎  | 1058/1458 [00:48<00:08, 47.72it/s]
2026-07-24 19:15:31,719 - sflow.task.server_5 - INFO - 5:
2026-07-24 19:15:31,719 - sflow.task.server_5 - INFO - Loading weights:  73%|███████▎  | 1058/1458 [00:48<00:08, 45.74it/s]
2026-07-24 19:15:31,719 - sflow.task.server_5 - INFO - 6:
2026-07-24 19:15:31,719 - sflow.task.server_5 - INFO - Loading weights:  72%|███████▏  | 1057/1458 [00:48<00:11, 35.98it/s]
2026-07-24 19:15:31,821 - sflow.task.server_5 - INFO - 2:
2026-07-24 19:15:31,821 - sflow.task.server_5 - INFO - Loading weights:  71%|███████   | 1038/1458 [00:47<00:13, 30.93it/s]
2026-07-24 19:15:31,872 - sflow.task.server_5 - INFO - 7:
2026-07-24 19:15:31,872 - sflow.task.server_5 - INFO - Loading weights:  71%|███████   | 1038/1458 [00:48<00:28, 14.85it/s]
2026-07-24 19:15:31,872 - sflow.task.server_5 - INFO - 1:
2026-07-24 19:15:31,872 - sflow.task.server_5 - INFO - Loading weights:  70%|██████▉   | 1014/1458 [00:47<00:24, 17.79it/s]
2026-07-24 19:15:31,924 - sflow.task.server_5 - INFO - 2:
2026-07-24 19:15:31,924 - sflow.task.server_5 - INFO - Loading weights:  72%|███████▏  | 1045/1458 [00:48<00:11, 35.50it/s]
2026-07-24 19:15:31,924 - sflow.task.server_5 - INFO - 0:
2026-07-24 19:15:31,924 - sflow.task.server_5 - INFO - Loading weights:  70%|██████▉   | 1014/1458 [00:48<00:26, 16.77it/s]
2026-07-24 19:15:31,975 - sflow.task.server_5 - INFO - 7:
2026-07-24 19:15:31,975 - sflow.task.server_5 - INFO - Loading weights:  72%|███████▏  | 1045/1458 [00:49<00:21, 19.50it/s]
2026-07-24 19:15:31,975 - sflow.task.server_5 - INFO - 1:
2026-07-24 19:15:31,975 - sflow.task.server_5 - INFO - Loading weights:  70%|███████   | 1021/1458 [00:47<00:19, 22.29it/s]
2026-07-24 19:15:32,026 - sflow.task.server_5 - INFO - 2:
2026-07-24 19:15:32,026 - sflow.task.server_5 - INFO - Loading weights:  72%|███████▏  | 1054/1458 [00:48<00:09, 43.24it/s]
2026-07-24 19:15:32,026 - sflow.task.server_5 - INFO - 0:
2026-07-24 19:15:32,026 - sflow.task.server_5 - INFO - Loading weights:  70%|███████   | 1021/1458 [00:48<00:20, 20.86it/s]
2026-07-24 19:15:32,077 - sflow.task.server_5 - INFO - 7:
2026-07-24 19:15:32,077 - sflow.task.server_5 - INFO - Loading weights:  72%|███████▏  | 1054/1458 [00:49<00:14, 27.19it/s]
2026-07-24 19:15:32,077 - sflow.task.server_5 - INFO - 1:
2026-07-24 19:15:32,077 - sflow.task.server_5 - INFO - Loading weights:  71%|███████   | 1030/1458 [00:48<00:14, 29.61it/s]
2026-07-24 19:15:32,128 - sflow.task.server_5 - INFO - 0:
2026-07-24 19:15:32,128 - sflow.task.server_5 - INFO - Loading weights:  71%|███████   | 1031/1458 [00:48<00:14, 28.90it/s]
2026-07-24 19:15:32,383 - sflow.task.server_5 - INFO - 3:
2026-07-24 19:15:32,383 - sflow.task.server_5 - INFO - Loading weights:  73%|███████▎  | 1063/1458 [00:48<00:19, 20.17it/s]
2026-07-24 19:15:32,383 - sflow.task.server_5 - INFO - 1:
2026-07-24 19:15:32,383 - sflow.task.server_5 - INFO - Loading weights:  71%|███████   | 1038/1458 [00:48<00:14, 28.60it/s]
2026-07-24 19:15:32,484 - sflow.task.server_5 - INFO - 4:
2026-07-24 19:15:32,484 - sflow.task.server_5 - INFO - Loading weights:  73%|███████▎  | 1064/1458 [00:49<00:19, 20.40it/s]
2026-07-24 19:15:32,484 - sflow.task.server_5 - INFO - 1:
2026-07-24 19:15:32,484 - sflow.task.server_5 - INFO - Loading weights:  72%|███████▏  | 1045/1458 [00:48<00:12, 33.78it/s]
2026-07-24 19:15:32,484 - sflow.task.server_5 - INFO - 6:
2026-07-24 19:15:32,484 - sflow.task.server_5 - INFO - Loading weights:  73%|███████▎  | 1062/1458 [00:49<00:24, 16.22it/s]
2026-07-24 19:15:32,535 - sflow.task.server_5 - INFO - 3:
2026-07-24 19:15:32,535 - sflow.task.server_5 - INFO - Loading weights:  73%|███████▎  | 1067/1458 [00:48<00:17, 21.90it/s]
2026-07-24 19:15:32,585 - sflow.task.server_5 - INFO - 5:
2026-07-24 19:15:32,585 - sflow.task.server_5 - INFO - Loading weights:  73%|███████▎  | 1064/1458 [00:49<00:22, 17.78it/s]
2026-07-24 19:15:32,585 - sflow.task.server_5 - INFO - 4:
2026-07-24 19:15:32,585 - sflow.task.server_5 - INFO - Loading weights:  74%|███████▎  | 1075/1458 [00:49<00:12, 29.89it/s]
2026-07-24 19:15:32,585 - sflow.task.server_5 - INFO - 1:
2026-07-24 19:15:32,585 - sflow.task.server_5 - INFO - Loading weights:  72%|███████▏  | 1054/1458 [00:48<00:09, 42.11it/s]
2026-07-24 19:15:32,636 - sflow.task.server_5 - INFO - 6:
2026-07-24 19:15:32,636 - sflow.task.server_5 - INFO - Loading weights:  73%|███████▎  | 1069/1458 [00:49<00:18, 21.55it/s]
2026-07-24 19:15:32,636 - sflow.task.server_5 - INFO - 3:
2026-07-24 19:15:32,636 - sflow.task.server_5 - INFO - Loading weights:  74%|███████▍  | 1076/1458 [00:48<00:12, 29.40it/s]
2026-07-24 19:15:32,738 - sflow.task.server_5 - INFO - 5:
2026-07-24 19:15:32,738 - sflow.task.server_5 - INFO - Loading weights:  74%|███████▍  | 1076/1458 [00:49<00:13, 27.48it/s]
2026-07-24 19:15:32,738 - sflow.task.server_5 - INFO - 6:
2026-07-24 19:15:32,738 - sflow.task.server_5 - INFO - Loading weights:  74%|███████▍  | 1078/1458 [00:49<00:12, 29.32it/s]
2026-07-24 19:15:32,789 - sflow.task.server_5 - INFO - 4:
2026-07-24 19:15:32,789 - sflow.task.server_5 - INFO - Loading weights:  74%|███████▍  | 1081/1458 [00:49<00:12, 29.63it/s]
2026-07-24 19:15:32,789 - sflow.task.server_5 - INFO - 3:
2026-07-24 19:15:32,789 - sflow.task.server_5 - INFO - Loading weights:  74%|███████▍  | 1081/1458 [00:48<00:12, 30.24it/s]
2026-07-24 19:15:32,840 - sflow.task.server_5 - INFO - 5:
2026-07-24 19:15:32,840 - sflow.task.server_5 - INFO - Loading weights:  74%|███████▍  | 1083/1458 [00:49<00:11, 31.83it/s]
2026-07-24 19:15:32,840 - sflow.task.server_5 - INFO - 0:
2026-07-24 19:15:32,840 - sflow.task.server_5 - INFO - Loading weights:  71%|███████   | 1038/1458 [00:48<00:22, 19.05it/s]
2026-07-24 19:15:32,891 - sflow.task.server_5 - INFO - 7:
2026-07-24 19:15:32,891 - sflow.task.server_5 - INFO - Loading weights:  73%|███████▎  | 1062/1458 [00:49<00:22, 17.57it/s]
2026-07-24 19:15:32,891 - sflow.task.server_5 - INFO - 2:
2026-07-24 19:15:32,891 - sflow.task.server_5 - INFO - Loading weights:  73%|███████▎  | 1062/1458 [00:48<00:18, 21.14it/s]
2026-07-24 19:15:32,993 - sflow.task.server_5 - INFO - 0:
2026-07-24 19:15:32,993 - sflow.task.server_5 - INFO - Loading weights:  72%|███████▏  | 1045/1458 [00:49<00:17, 23.54it/s]
2026-07-24 19:15:32,993 - sflow.task.server_5 - INFO - 7:
2026-07-24 19:15:32,993 - sflow.task.server_5 - INFO - Loading weights:  73%|███████▎  | 1069/1458 [00:50<00:17, 22.11it/s]
2026-07-24 19:15:32,993 - sflow.task.server_5 - INFO - 2:
2026-07-24 19:15:32,993 - sflow.task.server_5 - INFO - Loading weights:  73%|███████▎  | 1069/1458 [00:49<00:15, 25.67it/s]
2026-07-24 19:15:33,045 - sflow.task.server_5 - INFO - 6:
2026-07-24 19:15:33,045 - sflow.task.server_5 - INFO - Loading weights:  74%|███████▍  | 1086/1458 [00:50<00:13, 27.93it/s]
2026-07-24 19:15:33,097 - sflow.task.server_5 - INFO - 0:
2026-07-24 19:15:33,097 - sflow.task.server_5 - INFO - Loading weights:  72%|███████▏  | 1055/1458 [00:49<00:12, 32.29it/s]
2026-07-24 19:15:33,097 - sflow.task.server_5 - INFO - 2:
2026-07-24 19:15:33,097 - sflow.task.server_5 - INFO - Loading weights:  74%|███████▍  | 1078/1458 [00:49<00:11, 32.85it/s]
2026-07-24 19:15:33,148 - sflow.task.server_5 - INFO - 7:
2026-07-24 19:15:33,148 - sflow.task.server_5 - INFO - Loading weights:  74%|███████▍  | 1081/1458 [00:50<00:12, 31.30it/s]
2026-07-24 19:15:33,148 - sflow.task.server_5 - INFO - 6:
2026-07-24 19:15:33,148 - sflow.task.server_5 - INFO - Loading weights:  75%|███████▍  | 1091/1458 [00:50<00:12, 30.49it/s]
2026-07-24 19:15:33,301 - sflow.task.server_5 - INFO - 6:
2026-07-24 19:15:33,301 - sflow.task.server_5 - INFO - Loading weights:  76%|███████▌  | 1102/1458 [00:50<00:08, 42.38it/s]
2026-07-24 19:15:33,352 - sflow.task.server_5 - INFO - 7:
2026-07-24 19:15:33,352 - sflow.task.server_5 - INFO - Loading weights:  75%|███████▍  | 1087/1458 [00:50<00:12, 29.82it/s]
2026-07-24 19:15:33,454 - sflow.task.server_5 - INFO - 7:
2026-07-24 19:15:33,454 - sflow.task.server_5 - INFO - Loading weights:  75%|███████▍  | 1093/1458 [00:50<00:10, 33.67it/s]
2026-07-24 19:15:33,505 - sflow.task.server_5 - INFO - 1:
2026-07-24 19:15:33,505 - sflow.task.server_5 - INFO - Loading weights:  73%|███████▎  | 1062/1458 [00:49<00:19, 20.22it/s]
2026-07-24 19:15:33,556 - sflow.task.server_5 - INFO - 5:
2026-07-24 19:15:33,556 - sflow.task.server_5 - INFO - Loading weights:  75%|███████▍  | 1089/1458 [00:50<00:19, 18.69it/s]
2026-07-24 19:15:33,607 - sflow.task.server_5 - INFO - 6:
2026-07-24 19:15:33,607 - sflow.task.server_5 - INFO - Loading weights:  76%|███████▌  | 1110/1458 [00:50<00:09, 36.20it/s]
2026-07-24 19:15:33,607 - sflow.task.server_5 - INFO - 1:
2026-07-24 19:15:33,607 - sflow.task.server_5 - INFO - Loading weights:  73%|███████▎  | 1069/1458 [00:49<00:15, 24.97it/s]
2026-07-24 19:15:33,607 - sflow.task.server_5 - INFO - 7:
2026-07-24 19:15:33,607 - sflow.task.server_5 - INFO - Loading weights:  76%|███████▌  | 1105/1458 [00:50<00:07, 44.51it/s]
2026-07-24 19:15:33,658 - sflow.task.server_5 - INFO - 4:
2026-07-24 19:15:33,658 - sflow.task.server_5 - INFO - Loading weights:  75%|███████▍  | 1087/1458 [00:50<00:22, 16.56it/s]
2026-07-24 19:15:33,658 - sflow.task.server_5 - INFO - 3:
2026-07-24 19:15:33,658 - sflow.task.server_5 - INFO - Loading weights:  74%|███████▍  | 1086/1458 [00:49<00:25, 14.85it/s]
2026-07-24 19:15:33,658 - sflow.task.server_5 - INFO - 5:
2026-07-24 19:15:33,658 - sflow.task.server_5 - INFO - Loading weights:  75%|███████▌  | 1100/1458 [00:50<00:12, 27.67it/s]
2026-07-24 19:15:33,709 - sflow.task.server_5 - INFO - 6:
2026-07-24 19:15:33,709 - sflow.task.server_5 - INFO - Loading weights:  77%|███████▋  | 1117/1458 [00:50<00:08, 41.36it/s]
2026-07-24 19:15:33,709 - sflow.task.server_5 - INFO - 1:
2026-07-24 19:15:33,709 - sflow.task.server_5 - INFO - Loading weights:  74%|███████▍  | 1078/1458 [00:49<00:11, 32.51it/s]
2026-07-24 19:15:33,760 - sflow.task.server_5 - INFO - 4:
2026-07-24 19:15:33,760 - sflow.task.server_5 - INFO - Loading weights:  75%|███████▍  | 1093/1458 [00:50<00:17, 20.44it/s]
2026-07-24 19:15:33,760 - sflow.task.server_5 - INFO - 3:
2026-07-24 19:15:33,760 - sflow.task.server_5 - INFO - Loading weights:  75%|███████▍  | 1090/1458 [00:49<00:21, 16.92it/s]
2026-07-24 19:15:33,760 - sflow.task.server_5 - INFO - 5:
2026-07-24 19:15:33,760 - sflow.task.server_5 - INFO - Loading weights:  76%|███████▌  | 1107/1458 [00:50<00:10, 32.64it/s]
2026-07-24 19:15:33,812 - sflow.task.server_5 - INFO - 6:
2026-07-24 19:15:33,812 - sflow.task.server_5 - INFO - Loading weights:  77%|███████▋  | 1124/1458 [00:50<00:07, 46.57it/s]
2026-07-24 19:15:33,863 - sflow.task.server_5 - INFO - 4:
2026-07-24 19:15:33,863 - sflow.task.server_5 - INFO - Loading weights:  76%|███████▌  | 1102/1458 [00:50<00:12, 28.12it/s]
2026-07-24 19:15:33,915 - sflow.task.server_5 - INFO - 3:
2026-07-24 19:15:33,915 - sflow.task.server_5 - INFO - Loading weights:  76%|███████▌  | 1102/1458 [00:49<00:12, 28.59it/s]
2026-07-24 19:15:33,915 - sflow.task.server_5 - INFO - 7:
2026-07-24 19:15:33,915 - sflow.task.server_5 - INFO - Loading weights:  76%|███████▋  | 1112/1458 [00:50<00:09, 36.44it/s]
2026-07-24 19:15:33,915 - sflow.task.server_5 - INFO - 6:
2026-07-24 19:15:33,915 - sflow.task.server_5 - INFO - Loading weights:  78%|███████▊  | 1130/1458 [00:50<00:07, 46.09it/s]
2026-07-24 19:15:33,966 - sflow.task.server_5 - INFO - 2:
2026-07-24 19:15:33,966 - sflow.task.server_5 - INFO - Loading weights:  74%|███████▍  | 1086/1458 [00:50<00:19, 18.71it/s]
2026-07-24 19:15:33,966 - sflow.task.server_5 - INFO - 0:
2026-07-24 19:15:33,966 - sflow.task.server_5 - INFO - Loading weights:  73%|███████▎  | 1062/1458 [00:50<00:22, 17.51it/s]
2026-07-24 19:15:34,017 - sflow.task.server_5 - INFO - 7:
2026-07-24 19:15:34,017 - sflow.task.server_5 - INFO - Loading weights:  77%|███████▋  | 1124/1458 [00:51<00:06, 48.34it/s]
2026-07-24 19:15:34,069 - sflow.task.server_5 - INFO - 5:
2026-07-24 19:15:34,069 - sflow.task.server_5 - INFO - Loading weights:  76%|███████▋  | 1114/1458 [00:51<00:11, 29.26it/s]
2026-07-24 19:15:34,069 - sflow.task.server_5 - INFO - 2:
2026-07-24 19:15:34,069 - sflow.task.server_5 - INFO - Loading weights:  75%|███████▍  | 1093/1458 [00:50<00:15, 23.06it/s]
2026-07-24 19:15:34,069 - sflow.task.server_5 - INFO - 0:
2026-07-24 19:15:34,069 - sflow.task.server_5 - INFO - Loading weights:  73%|███████▎  | 1069/1458 [00:50<00:17, 21.85it/s]
2026-07-24 19:15:34,120 - sflow.task.server_5 - INFO - 4:
2026-07-24 19:15:34,120 - sflow.task.server_5 - INFO - Loading weights:  76%|███████▌  | 1110/1458 [00:51<00:12, 27.94it/s]
2026-07-24 19:15:34,120 - sflow.task.server_5 - INFO - 7:
2026-07-24 19:15:34,120 - sflow.task.server_5 - INFO - Loading weights:  78%|███████▊  | 1131/1458 [00:51<00:06, 51.56it/s]
2026-07-24 19:15:34,171 - sflow.task.server_5 - INFO - 3:
2026-07-24 19:15:34,171 - sflow.task.server_5 - INFO - Loading weights:  76%|███████▌  | 1110/1458 [00:50<00:12, 27.94it/s]
2026-07-24 19:15:34,222 - sflow.task.server_5 - INFO - 5:
2026-07-24 19:15:34,222 - sflow.task.server_5 - INFO - Loading weights:  77%|███████▋  | 1126/1458 [00:51<00:08, 40.76it/s]
2026-07-24 19:15:34,222 - sflow.task.server_5 - INFO - 0:
2026-07-24 19:15:34,222 - sflow.task.server_5 - INFO - Loading weights:  74%|███████▍  | 1078/1458 [00:50<00:13, 28.77it/s]
2026-07-24 19:15:34,222 - sflow.task.server_5 - INFO - 2:
2026-07-24 19:15:34,222 - sflow.task.server_5 - INFO - Loading weights:  76%|███████▌  | 1105/1458 [00:50<00:10, 32.12it/s]
2026-07-24 19:15:34,274 - sflow.task.server_5 - INFO - 4:
2026-07-24 19:15:34,274 - sflow.task.server_5 - INFO - Loading weights:  77%|███████▋  | 1117/1458 [00:51<00:10, 33.24it/s]
2026-07-24 19:15:34,274 - sflow.task.server_5 - INFO - 3:
2026-07-24 19:15:34,274 - sflow.task.server_5 - INFO - Loading weights:  77%|███████▋  | 1117/1458 [00:50<00:10, 33.42it/s]
2026-07-24 19:15:34,377 - sflow.task.server_5 - INFO - 4:
2026-07-24 19:15:34,377 - sflow.task.server_5 - INFO - Loading weights:  77%|███████▋  | 1126/1458 [00:51<00:07, 41.53it/s]
2026-07-24 19:15:34,428 - sflow.task.server_5 - INFO - 3:
2026-07-24 19:15:34,428 - sflow.task.server_5 - INFO - Loading weights:  77%|███████▋  | 1124/1458 [00:50<00:08, 38.71it/s]
2026-07-24 19:15:34,479 - sflow.task.server_5 - INFO - 2:
2026-07-24 19:15:34,479 - sflow.task.server_5 - INFO - Loading weights:  76%|███████▌  | 1111/1458 [00:50<00:11, 30.64it/s]
2026-07-24 19:15:34,530 - sflow.task.server_5 - INFO - 3:
2026-07-24 19:15:34,530 - sflow.task.server_5 - INFO - Loading weights:  78%|███████▊  | 1130/1458 [00:50<00:08, 40.03it/s]
2026-07-24 19:15:34,581 - sflow.task.server_5 - INFO - 1:
2026-07-24 19:15:34,581 - sflow.task.server_5 - INFO - Loading weights:  74%|███████▍  | 1086/1458 [00:50<00:19, 18.63it/s]
2026-07-24 19:15:34,581 - sflow.task.server_5 - INFO - 2:
2026-07-24 19:15:34,581 - sflow.task.server_5 - INFO - Loading weights:  77%|███████▋  | 1117/1458 [00:50<00:10, 34.04it/s]
2026-07-24 19:15:34,683 - sflow.task.server_5 - INFO - 1:
2026-07-24 19:15:34,683 - sflow.task.server_5 - INFO - Loading weights:  75%|███████▍  | 1093/1458 [00:50<00:15, 23.05it/s]
2026-07-24 19:15:34,683 - sflow.task.server_5 - INFO - 2:
2026-07-24 19:15:34,683 - sflow.task.server_5 - INFO - Loading weights:  77%|███████▋  | 1126/1458 [00:50<00:07, 41.70it/s]
2026-07-24 19:15:34,734 - sflow.task.server_5 - INFO - 6:
2026-07-24 19:15:34,734 - sflow.task.server_5 - INFO - Loading weights:  78%|███████▊  | 1136/1458 [00:51<00:17, 18.93it/s]
2026-07-24 19:15:34,786 - sflow.task.server_5 - INFO - 1:
2026-07-24 19:15:34,786 - sflow.task.server_5 - INFO - Loading weights:  76%|███████▌  | 1102/1458 [00:50<00:11, 29.75it/s]
2026-07-24 19:15:34,888 - sflow.task.server_5 - INFO - 6:
2026-07-24 19:15:34,888 - sflow.task.server_5 - INFO - Loading weights:  79%|███████▊  | 1147/1458 [00:51<00:10, 28.31it/s]
2026-07-24 19:15:34,940 - sflow.task.server_5 - INFO - 7:
2026-07-24 19:15:34,940 - sflow.task.server_5 - INFO - Loading weights:  78%|███████▊  | 1138/1458 [00:51<00:13, 23.39it/s]
2026-07-24 19:15:35,041 - sflow.task.server_5 - INFO - 5:
2026-07-24 19:15:35,041 - sflow.task.server_5 - INFO - Loading weights:  78%|███████▊  | 1134/1458 [00:52<00:14, 21.72it/s]
2026-07-24 19:15:35,041 - sflow.task.server_5 - INFO - 7:
2026-07-24 19:15:35,041 - sflow.task.server_5 - INFO - Loading weights:  79%|███████▊  | 1148/1458 [00:52<00:09, 31.42it/s]
2026-07-24 19:15:35,041 - sflow.task.server_5 - INFO - 0:
2026-07-24 19:15:35,041 - sflow.task.server_5 - INFO - Loading weights:  74%|███████▍  | 1086/1458 [00:51<00:20, 17.99it/s]
2026-07-24 19:15:35,092 - sflow.task.server_5 - INFO - 6:
2026-07-24 19:15:35,092 - sflow.task.server_5 - INFO - Loading weights:  79%|███████▉  | 1153/1458 [00:52<00:11, 27.66it/s]
2026-07-24 19:15:35,092 - sflow.task.server_5 - INFO - 1:
2026-07-24 19:15:35,092 - sflow.task.server_5 - INFO - Loading weights:  76%|███████▌  | 1110/1458 [00:51<00:12, 28.69it/s]
2026-07-24 19:15:35,143 - sflow.task.server_5 - INFO - 5:
2026-07-24 19:15:35,143 - sflow.task.server_5 - INFO - Loading weights:  78%|███████▊  | 1141/1458 [00:52<00:12, 26.34it/s]
2026-07-24 19:15:35,143 - sflow.task.server_5 - INFO - 7:
2026-07-24 19:15:35,143 - sflow.task.server_5 - INFO - Loading weights:  79%|███████▉  | 1155/1458 [00:52<00:08, 36.15it/s]
2026-07-24 19:15:35,143 - sflow.task.server_5 - INFO - 0:
2026-07-24 19:15:35,143 - sflow.task.server_5 - INFO - Loading weights:  75%|███████▍  | 1093/1458 [00:51<00:16, 22.30it/s]
2026-07-24 19:15:35,194 - sflow.task.server_5 - INFO - 4:
2026-07-24 19:15:35,194 - sflow.task.server_5 - INFO - Loading weights:  78%|███████▊  | 1134/1458 [00:52<00:15, 20.58it/s]
2026-07-24 19:15:35,194 - sflow.task.server_5 - INFO - 1:
2026-07-24 19:15:35,195 - sflow.task.server_5 - INFO - Loading weights:  77%|███████▋  | 1117/1458 [00:51<00:10, 34.09it/s]
2026-07-24 19:15:35,245 - sflow.task.server_5 - INFO - 5:
2026-07-24 19:15:35,246 - sflow.task.server_5 - INFO - Loading weights:  79%|███████▉  | 1150/1458 [00:52<00:09, 34.05it/s]
2026-07-24 19:15:35,246 - sflow.task.server_5 - INFO - 0:
2026-07-24 19:15:35,246 - sflow.task.server_5 - INFO - Loading weights:  76%|███████▌  | 1103/1458 [00:51<00:11, 30.68it/s]
2026-07-24 19:15:35,296 - sflow.task.server_5 - INFO - 4:
2026-07-24 19:15:35,296 - sflow.task.server_5 - INFO - Loading weights:  78%|███████▊  | 1139/1458 [00:52<00:13, 23.34it/s]
2026-07-24 19:15:35,296 - sflow.task.server_5 - INFO - 3:
2026-07-24 19:15:35,296 - sflow.task.server_5 - INFO - Loading weights:  78%|███████▊  | 1136/1458 [00:51<00:17, 18.79it/s]
2026-07-24 19:15:35,296 - sflow.task.server_5 - INFO - 6:
2026-07-24 19:15:35,296 - sflow.task.server_5 - INFO - Loading weights:  79%|███████▉  | 1158/1458 [00:52<00:11, 26.32it/s]
2026-07-24 19:15:35,347 - sflow.task.server_5 - INFO - 1:
2026-07-24 19:15:35,347 - sflow.task.server_5 - INFO - Loading weights:  77%|███████▋  | 1129/1458 [00:51<00:07, 44.03it/s]
2026-07-24 19:15:35,398 - sflow.task.server_5 - INFO - 7:
2026-07-24 19:15:35,398 - sflow.task.server_5 - INFO - Loading weights:  80%|███████▉  | 1162/1458 [00:52<00:09, 32.25it/s]
2026-07-24 19:15:35,398 - sflow.task.server_5 - INFO - 4:
2026-07-24 19:15:35,398 - sflow.task.server_5 - INFO - Loading weights:  79%|███████▉  | 1150/1458 [00:52<00:09, 33.77it/s]
2026-07-24 19:15:35,449 - sflow.task.server_5 - INFO - 6:
2026-07-24 19:15:35,449 - sflow.task.server_5 - INFO - Loading weights:  80%|███████▉  | 1165/1458 [00:52<00:09, 32.11it/s]
2026-07-24 19:15:35,449 - sflow.task.server_5 - INFO - 2:
2026-07-24 19:15:35,449 - sflow.task.server_5 - INFO - Loading weights:  78%|███████▊  | 1134/1458 [00:51<00:14, 22.49it/s]
2026-07-24 19:15:35,449 - sflow.task.server_5 - INFO - 3:
2026-07-24 19:15:35,449 - sflow.task.server_5 - INFO - Loading weights:  79%|███████▊  | 1147/1458 [00:51<00:11, 27.70it/s]
2026-07-24 19:15:35,500 - sflow.task.server_5 - INFO - 5:
2026-07-24 19:15:35,500 - sflow.task.server_5 - INFO - Loading weights:  79%|███████▉  | 1158/1458 [00:52<00:09, 32.09it/s]
2026-07-24 19:15:35,500 - sflow.task.server_5 - INFO - 7:
2026-07-24 19:15:35,500 - sflow.task.server_5 - INFO - Loading weights:  81%|████████  | 1174/1458 [00:52<00:06, 45.10it/s]
2026-07-24 19:15:35,551 - sflow.task.server_5 - INFO - 0:
2026-07-24 19:15:35,551 - sflow.task.server_5 - INFO - Loading weights:  76%|███████▌  | 1110/1458 [00:51<00:12, 28.95it/s]
2026-07-24 19:15:35,551 - sflow.task.server_5 - INFO - 2:
2026-07-24 19:15:35,551 - sflow.task.server_5 - INFO - Loading weights:  78%|███████▊  | 1141/1458 [00:51<00:11, 27.37it/s]
2026-07-24 19:15:35,601 - sflow.task.server_5 - INFO - 6:
2026-07-24 19:15:35,601 - sflow.task.server_5 - INFO - Loading weights:  81%|████████  | 1177/1458 [00:52<00:06, 43.52it/s]
2026-07-24 19:15:35,601 - sflow.task.server_5 - INFO - 5:
2026-07-24 19:15:35,601 - sflow.task.server_5 - INFO - Loading weights:  80%|███████▉  | 1166/1458 [00:52<00:07, 38.07it/s]
2026-07-24 19:15:35,652 - sflow.task.server_5 - INFO - 3:
2026-07-24 19:15:35,652 - sflow.task.server_5 - INFO - Loading weights:  79%|███████▉  | 1153/1458 [00:51<00:10, 28.89it/s]
2026-07-24 19:15:35,652 - sflow.task.server_5 - INFO - 2:
2026-07-24 19:15:35,652 - sflow.task.server_5 - INFO - Loading weights:  79%|███████▉  | 1151/1458 [00:51<00:08, 36.95it/s]
2026-07-24 19:15:35,652 - sflow.task.server_5 - INFO - 0:
2026-07-24 19:15:35,652 - sflow.task.server_5 - INFO - Loading weights:  77%|███████▋  | 1117/1458 [00:51<00:10, 34.10it/s]
2026-07-24 19:15:35,703 - sflow.task.server_5 - INFO - 4:
2026-07-24 19:15:35,703 - sflow.task.server_5 - INFO - Loading weights:  79%|███████▉  | 1158/1458 [00:52<00:09, 31.68it/s]
2026-07-24 19:15:35,754 - sflow.task.server_5 - INFO - 0:
2026-07-24 19:15:35,754 - sflow.task.server_5 - INFO - Loading weights:  77%|███████▋  | 1126/1458 [00:51<00:07, 42.42it/s]
2026-07-24 19:15:35,754 - sflow.task.server_5 - INFO - 5:
2026-07-24 19:15:35,754 - sflow.task.server_5 - INFO - Loading weights:  81%|████████  | 1177/1458 [00:52<00:05, 47.06it/s]
2026-07-24 19:15:35,805 - sflow.task.server_5 - INFO - 4:
2026-07-24 19:15:35,805 - sflow.task.server_5 - INFO - Loading weights:  80%|███████▉  | 1165/1458 [00:52<00:07, 36.78it/s]
2026-07-24 19:15:35,907 - sflow.task.server_5 - INFO - 4:
2026-07-24 19:15:35,907 - sflow.task.server_5 - INFO - Loading weights:  81%|████████  | 1174/1458 [00:52<00:06, 44.62it/s]
2026-07-24 19:15:36,265 - sflow.task.server_5 - INFO - 1:
2026-07-24 19:15:36,265 - sflow.task.server_5 - INFO - Loading weights:  78%|███████▊  | 1136/1458 [00:52<00:16, 20.10it/s]
2026-07-24 19:15:36,315 - sflow.task.server_5 - INFO - 3:
2026-07-24 19:15:36,315 - sflow.task.server_5 - INFO - Loading weights:  79%|███████▉  | 1158/1458 [00:52<00:17, 17.08it/s]
2026-07-24 19:15:36,366 - sflow.task.server_5 - INFO - 1:
2026-07-24 19:15:36,366 - sflow.task.server_5 - INFO - Loading weights:  79%|███████▊  | 1147/1458 [00:52<00:10, 28.38it/s]
2026-07-24 19:15:36,366 - sflow.task.server_5 - INFO - 6:
2026-07-24 19:15:36,366 - sflow.task.server_5 - INFO - Loading weights:  81%|████████  | 1183/1458 [00:53<00:13, 20.30it/s]
2026-07-24 19:15:36,418 - sflow.task.server_5 - INFO - 7:
2026-07-24 19:15:36,418 - sflow.task.server_5 - INFO - Loading weights:  81%|████████  | 1182/1458 [00:53<00:12, 21.64it/s]
2026-07-24 19:15:36,468 - sflow.task.server_5 - INFO - 3:
2026-07-24 19:15:36,468 - sflow.task.server_5 - INFO - Loading weights:  80%|███████▉  | 1162/1458 [00:52<00:15, 19.13it/s]
2026-07-24 19:15:36,468 - sflow.task.server_5 - INFO - 2:
2026-07-24 19:15:36,468 - sflow.task.server_5 - INFO - Loading weights:  79%|███████▉  | 1158/1458 [00:52<00:15, 19.38it/s]
2026-07-24 19:15:36,519 - sflow.task.server_5 - INFO - 6:
2026-07-24 19:15:36,520 - sflow.task.server_5 - INFO - Loading weights:  82%|████████▏ | 1189/1458 [00:53<00:11, 24.13it/s]
2026-07-24 19:15:36,520 - sflow.task.server_5 - INFO - 7:
2026-07-24 19:15:36,520 - sflow.task.server_5 - INFO - Loading weights:  82%|████████▏ | 1189/1458 [00:53<00:10, 26.12it/s]
2026-07-24 19:15:36,520 - sflow.task.server_5 - INFO - 1:
2026-07-24 19:15:36,520 - sflow.task.server_5 - INFO - Loading weights:  79%|███████▉  | 1154/1458 [00:52<00:09, 32.28it/s]
2026-07-24 19:15:36,570 - sflow.task.server_5 - INFO - 3:
2026-07-24 19:15:36,570 - sflow.task.server_5 - INFO - Loading weights:  80%|████████  | 1172/1458 [00:52<00:09, 28.91it/s]
2026-07-24 19:15:36,570 - sflow.task.server_5 - INFO - 0:
2026-07-24 19:15:36,570 - sflow.task.server_5 - INFO - Loading weights:  78%|███████▊  | 1134/1458 [00:52<00:15, 21.45it/s]
2026-07-24 19:15:36,622 - sflow.task.server_5 - INFO - 2:
2026-07-24 19:15:36,622 - sflow.task.server_5 - INFO - Loading weights:  80%|███████▉  | 1165/1458 [00:52<00:12, 23.95it/s]
2026-07-24 19:15:36,622 - sflow.task.server_5 - INFO - 6:
2026-07-24 19:15:36,622 - sflow.task.server_5 - INFO - Loading weights:  82%|████████▏ | 1198/1458 [00:53<00:08, 32.03it/s]
2026-07-24 19:15:36,622 - sflow.task.server_5 - INFO - 7:
2026-07-24 19:15:36,622 - sflow.task.server_5 - INFO - Loading weights:  82%|████████▏ | 1198/1458 [00:53<00:07, 33.10it/s]
2026-07-24 19:15:36,622 - sflow.task.server_5 - INFO - 5:
2026-07-24 19:15:36,622 - sflow.task.server_5 - INFO - Loading weights:  81%|████████  | 1184/1458 [00:53<00:12, 21.47it/s]
2026-07-24 19:15:36,673 - sflow.task.server_5 - INFO - 3:
2026-07-24 19:15:36,673 - sflow.task.server_5 - INFO - Loading weights:  81%|████████  | 1179/1458 [00:52<00:08, 34.57it/s]
2026-07-24 19:15:36,673 - sflow.task.server_5 - INFO - 0:
2026-07-24 19:15:36,673 - sflow.task.server_5 - INFO - Loading weights:  78%|███████▊  | 1141/1458 [00:52<00:12, 26.17it/s]
2026-07-24 19:15:36,673 - sflow.task.server_5 - INFO - 4:
2026-07-24 19:15:36,673 - sflow.task.server_5 - INFO - Loading weights:  81%|████████  | 1182/1458 [00:53<00:11, 23.04it/s]
2026-07-24 19:15:36,724 - sflow.task.server_5 - INFO - 5:
2026-07-24 19:15:36,724 - sflow.task.server_5 - INFO - Loading weights:  82%|████████▏ | 1196/1458 [00:53<00:08, 31.04it/s]
2026-07-24 19:15:36,724 - sflow.task.server_5 - INFO - 7:
2026-07-24 19:15:36,724 - sflow.task.server_5 - INFO - Loading weights:  83%|████████▎ | 1205/1458 [00:53<00:06, 37.83it/s]
2026-07-24 19:15:36,724 - sflow.task.server_5 - INFO - 6:
2026-07-24 19:15:36,724 - sflow.task.server_5 - INFO - Loading weights:  83%|████████▎ | 1204/1458 [00:53<00:07, 34.37it/s]
2026-07-24 19:15:36,774 - sflow.task.server_5 - INFO - 2:
2026-07-24 19:15:36,774 - sflow.task.server_5 - INFO - Loading weights:  81%|████████  | 1177/1458 [00:52<00:08, 33.23it/s]
2026-07-24 19:15:36,774 - sflow.task.server_5 - INFO - 0:
2026-07-24 19:15:36,774 - sflow.task.server_5 - INFO - Loading weights:  79%|███████▉  | 1151/1458 [00:52<00:08, 35.31it/s]
2026-07-24 19:15:36,774 - sflow.task.server_5 - INFO - 4:
2026-07-24 19:15:36,774 - sflow.task.server_5 - INFO - Loading weights:  82%|████████▏ | 1189/1458 [00:53<00:09, 27.94it/s]
2026-07-24 19:15:36,826 - sflow.task.server_5 - INFO - 5:
2026-07-24 19:15:36,826 - sflow.task.server_5 - INFO - Loading weights:  83%|████████▎ | 1203/1458 [00:53<00:07, 35.51it/s]
2026-07-24 19:15:36,876 - sflow.task.server_5 - INFO - 4:
2026-07-24 19:15:36,876 - sflow.task.server_5 - INFO - Loading weights:  82%|████████▏ | 1199/1458 [00:53<00:06, 37.30it/s]
2026-07-24 19:15:37,386 - sflow.task.server_5 - INFO - 1:
2026-07-24 19:15:37,386 - sflow.task.server_5 - INFO - Loading weights:  80%|███████▉  | 1161/1458 [00:53<00:16, 18.29it/s]
2026-07-24 19:15:37,487 - sflow.task.server_5 - INFO - 1:
2026-07-24 19:15:37,487 - sflow.task.server_5 - INFO - Loading weights:  80%|████████  | 1172/1458 [00:53<00:10, 26.21it/s]
2026-07-24 19:15:37,487 - sflow.task.server_5 - INFO - 3:
2026-07-24 19:15:37,487 - sflow.task.server_5 - INFO - Loading weights:  81%|████████▏ | 1185/1458 [00:53<00:16, 16.91it/s]
2026-07-24 19:15:37,589 - sflow.task.server_5 - INFO - 1:
2026-07-24 19:15:37,589 - sflow.task.server_5 - INFO - Loading weights:  81%|████████  | 1179/1458 [00:53<00:08, 31.04it/s]
2026-07-24 19:15:37,640 - sflow.task.server_5 - INFO - 3:
2026-07-24 19:15:37,640 - sflow.task.server_5 - INFO - Loading weights:  82%|████████▏ | 1196/1458 [00:53<00:10, 25.15it/s]
2026-07-24 19:15:37,640 - sflow.task.server_5 - INFO - 6:
2026-07-24 19:15:37,640 - sflow.task.server_5 - INFO - Loading weights:  83%|████████▎ | 1210/1458 [00:54<00:15, 16.32it/s]
2026-07-24 19:15:37,640 - sflow.task.server_5 - INFO - 7:
2026-07-24 19:15:37,640 - sflow.task.server_5 - INFO - Loading weights:  83%|████████▎ | 1212/1458 [00:54<00:13, 18.20it/s]
2026-07-24 19:15:37,691 - sflow.task.server_5 - INFO - 2:
2026-07-24 19:15:37,692 - sflow.task.server_5 - INFO - Loading weights:  81%|████████  | 1184/1458 [00:53<00:15, 18.01it/s]
2026-07-24 19:15:37,692 - sflow.task.server_5 - INFO - 0:
2026-07-24 19:15:37,692 - sflow.task.server_5 - INFO - Loading weights:  79%|███████▉  | 1158/1458 [00:53<00:16, 18.03it/s]
2026-07-24 19:15:37,743 - sflow.task.server_5 - INFO - 3:
2026-07-24 19:15:37,743 - sflow.task.server_5 - INFO - Loading weights:  82%|████████▏ | 1202/1458 [00:53<00:08, 28.53it/s]
2026-07-24 19:15:37,794 - sflow.task.server_5 - INFO - 5:
2026-07-24 19:15:37,794 - sflow.task.server_5 - INFO - Loading weights:  83%|████████▎ | 1210/1458 [00:54<00:13, 18.10it/s]
2026-07-24 19:15:37,794 - sflow.task.server_5 - INFO - 2:
2026-07-24 19:15:37,794 - sflow.task.server_5 - INFO - Loading weights:  82%|████████▏ | 1196/1458 [00:53<00:09, 26.29it/s]
2026-07-24 19:15:37,794 - sflow.task.server_5 - INFO - 6:
2026-07-24 19:15:37,794 - sflow.task.server_5 - INFO - Loading weights:  84%|████████▎ | 1220/1458 [00:54<00:10, 23.29it/s]
2026-07-24 19:15:37,794 - sflow.task.server_5 - INFO - 7:
2026-07-24 19:15:37,794 - sflow.task.server_5 - INFO - Loading weights:  84%|████████▎ | 1220/1458 [00:54<00:10, 23.09it/s]
2026-07-24 19:15:37,794 - sflow.task.server_5 - INFO - 0:
2026-07-24 19:15:37,794 - sflow.task.server_5 - INFO - Loading weights:  80%|███████▉  | 1165/1458 [00:53<00:13, 22.50it/s]
2026-07-24 19:15:37,845 - sflow.task.server_5 - INFO - 4:
2026-07-24 19:15:37,845 - sflow.task.server_5 - INFO - Loading weights:  83%|████████▎ | 1206/1458 [00:54<00:13, 18.28it/s]
2026-07-24 19:15:37,897 - sflow.task.server_5 - INFO - 5:
2026-07-24 19:15:37,897 - sflow.task.server_5 - INFO - Loading weights:  84%|████████▍ | 1222/1458 [00:54<00:08, 26.68it/s]
2026-07-24 19:15:37,897 - sflow.task.server_5 - INFO - 2:
2026-07-24 19:15:37,897 - sflow.task.server_5 - INFO - Loading weights:  83%|████████▎ | 1203/1458 [00:53<00:08, 30.70it/s]
2026-07-24 19:15:37,897 - sflow.task.server_5 - INFO - 6:
2026-07-24 19:15:37,897 - sflow.task.server_5 - INFO - Loading weights:  84%|████████▍ | 1225/1458 [00:54<00:09, 25.62it/s]
2026-07-24 19:15:37,897 - sflow.task.server_5 - INFO - 7:
2026-07-24 19:15:37,897 - sflow.task.server_5 - INFO - Loading weights:  84%|████████▍ | 1225/1458 [00:54<00:09, 25.43it/s]
2026-07-24 19:15:37,897 - sflow.task.server_5 - INFO - 0:
2026-07-24 19:15:37,897 - sflow.task.server_5 - INFO - Loading weights:  81%|████████  | 1175/1458 [00:53<00:09, 30.99it/s]
2026-07-24 19:15:37,948 - sflow.task.server_5 - INFO - 4:
2026-07-24 19:15:37,948 - sflow.task.server_5 - INFO - Loading weights:  83%|████████▎ | 1213/1458 [00:54<00:10, 22.76it/s]
2026-07-24 19:15:37,948 - sflow.task.server_5 - INFO - 1:
2026-07-24 19:15:37,948 - sflow.task.server_5 - INFO - Loading weights:  81%|████████▏ | 1186/1458 [00:53<00:10, 26.32it/s]
2026-07-24 19:15:38,051 - sflow.task.server_5 - INFO - 4:
2026-07-24 19:15:38,051 - sflow.task.server_5 - INFO - Loading weights:  84%|████████▍ | 1222/1458 [00:55<00:07, 29.72it/s]
2026-07-24 19:15:38,051 - sflow.task.server_5 - INFO - 1:
2026-07-24 19:15:38,051 - sflow.task.server_5 - INFO - Loading weights:  82%|████████▏ | 1198/1458 [00:54<00:07, 36.79it/s]
2026-07-24 19:15:38,204 - sflow.task.server_5 - INFO - 0:
2026-07-24 19:15:38,204 - sflow.task.server_5 - INFO - Loading weights:  81%|████████  | 1182/1458 [00:54<00:09, 29.57it/s]
2026-07-24 19:15:38,305 - sflow.task.server_5 - INFO - 0:
2026-07-24 19:15:38,305 - sflow.task.server_5 - INFO - Loading weights:  82%|████████▏ | 1189/1458 [00:54<00:07, 34.56it/s]
2026-07-24 19:15:38,407 - sflow.task.server_5 - INFO - 0:
2026-07-24 19:15:38,407 - sflow.task.server_5 - INFO - Loading weights:  82%|████████▏ | 1199/1458 [00:54<00:05, 44.80it/s]
2026-07-24 19:15:38,561 - sflow.task.server_5 - INFO - 3:
2026-07-24 19:15:38,561 - sflow.task.server_5 - INFO - Loading weights:  83%|████████▎ | 1208/1458 [00:54<00:15, 16.51it/s]
2026-07-24 19:15:38,663 - sflow.task.server_5 - INFO - 6:
2026-07-24 19:15:38,663 - sflow.task.server_5 - INFO - Loading weights:  84%|████████▍ | 1230/1458 [00:55<00:14, 15.44it/s]
2026-07-24 19:15:38,663 - sflow.task.server_5 - INFO - 5:
2026-07-24 19:15:38,663 - sflow.task.server_5 - INFO - Loading weights:  84%|████████▍ | 1230/1458 [00:55<00:12, 18.49it/s]
2026-07-24 19:15:38,663 - sflow.task.server_5 - INFO - 7:
2026-07-24 19:15:38,663 - sflow.task.server_5 - INFO - Loading weights:  84%|████████▍ | 1230/1458 [00:55<00:15, 15.02it/s]
2026-07-24 19:15:38,714 - sflow.task.server_5 - INFO - 3:
2026-07-24 19:15:38,714 - sflow.task.server_5 - INFO - Loading weights:  84%|████████▎ | 1220/1458 [00:54<00:09, 24.93it/s]
2026-07-24 19:15:38,714 - sflow.task.server_5 - INFO - 2:
2026-07-24 19:15:38,714 - sflow.task.server_5 - INFO - Loading weights:  83%|████████▎ | 1210/1458 [00:54<00:13, 18.24it/s]
2026-07-24 19:15:38,765 - sflow.task.server_5 - INFO - 6:
2026-07-24 19:15:38,765 - sflow.task.server_5 - INFO - Loading weights:  85%|████████▍ | 1234/1458 [00:55<00:12, 17.51it/s]
2026-07-24 19:15:38,765 - sflow.task.server_5 - INFO - 5:
2026-07-24 19:15:38,765 - sflow.task.server_5 - INFO - Loading weights:  85%|████████▍ | 1237/1458 [00:55<00:09, 22.61it/s]
2026-07-24 19:15:38,817 - sflow.task.server_5 - INFO - 7:
2026-07-24 19:15:38,817 - sflow.task.server_5 - INFO - Loading weights:  85%|████████▍ | 1237/1458 [00:55<00:11, 19.98it/s]
2026-07-24 19:15:38,868 - sflow.task.server_5 - INFO - 2:
2026-07-24 19:15:38,868 - sflow.task.server_5 - INFO - Loading weights:  84%|████████▍ | 1222/1458 [00:54<00:08, 26.63it/s]
2026-07-24 19:15:38,868 - sflow.task.server_5 - INFO - 3:
2026-07-24 19:15:38,868 - sflow.task.server_5 - INFO - Loading weights:  84%|████████▍ | 1226/1458 [00:54<00:08, 27.72it/s]
2026-07-24 19:15:38,868 - sflow.task.server_5 - INFO - 5:
2026-07-24 19:15:38,868 - sflow.task.server_5 - INFO - Loading weights:  85%|████████▌ | 1246/1458 [00:55<00:07, 29.35it/s]
2026-07-24 19:15:38,919 - sflow.task.server_5 - INFO - 6:
2026-07-24 19:15:38,919 - sflow.task.server_5 - INFO - Loading weights:  85%|████████▌ | 1246/1458 [00:55<00:07, 28.61it/s]
2026-07-24 19:15:38,919 - sflow.task.server_5 - INFO - 7:
2026-07-24 19:15:38,919 - sflow.task.server_5 - INFO - Loading weights:  85%|████████▌ | 1246/1458 [00:55<00:07, 27.53it/s]
2026-07-24 19:15:38,919 - sflow.task.server_5 - INFO - 4:
2026-07-24 19:15:38,919 - sflow.task.server_5 - INFO - Loading weights:  84%|████████▍ | 1230/1458 [00:55<00:12, 17.83it/s]
2026-07-24 19:15:38,919 - sflow.task.server_5 - INFO - 1:
2026-07-24 19:15:38,919 - sflow.task.server_5 - INFO - Loading weights:  83%|████████▎ | 1206/1458 [00:54<00:12, 20.42it/s]
2026-07-24 19:15:39,022 - sflow.task.server_5 - INFO - 4:
2026-07-24 19:15:39,022 - sflow.task.server_5 - INFO - Loading weights:  85%|████████▍ | 1237/1458 [00:56<00:09, 22.29it/s]
2026-07-24 19:15:39,022 - sflow.task.server_5 - INFO - 5:
2026-07-24 19:15:39,022 - sflow.task.server_5 - INFO - Loading weights:  86%|████████▌ | 1253/1458 [00:56<00:06, 33.15it/s]
2026-07-24 19:15:39,022 - sflow.task.server_5 - INFO - 6:
2026-07-24 19:15:39,022 - sflow.task.server_5 - INFO - Loading weights:  86%|████████▌ | 1252/1458 [00:56<00:06, 31.62it/s]
2026-07-24 19:15:39,022 - sflow.task.server_5 - INFO - 1:
2026-07-24 19:15:39,022 - sflow.task.server_5 - INFO - Loading weights:  83%|████████▎ | 1211/1458 [00:55<00:10, 23.01it/s]
2026-07-24 19:15:39,022 - sflow.task.server_5 - INFO - 7:
2026-07-24 19:15:39,022 - sflow.task.server_5 - INFO - Loading weights:  86%|████████▌ | 1252/1458 [00:56<00:06, 30.63it/s]
2026-07-24 19:15:39,124 - sflow.task.server_5 - INFO - 1:
2026-07-24 19:15:39,124 - sflow.task.server_5 - INFO - Loading weights:  84%|████████▎ | 1220/1458 [00:55<00:07, 30.45it/s]
2026-07-24 19:15:39,175 - sflow.task.server_5 - INFO - 4:
2026-07-24 19:15:39,175 - sflow.task.server_5 - INFO - Loading weights:  86%|████████▌ | 1249/1458 [00:56<00:06, 31.37it/s]
2026-07-24 19:15:39,226 - sflow.task.server_5 - INFO - 0:
2026-07-24 19:15:39,226 - sflow.task.server_5 - INFO - Loading weights:  83%|████████▎ | 1206/1458 [00:55<00:11, 21.07it/s]
2026-07-24 19:15:39,277 - sflow.task.server_5 - INFO - 1:
2026-07-24 19:15:39,277 - sflow.task.server_5 - INFO - Loading weights:  84%|████████▍ | 1227/1458 [00:55<00:06, 35.47it/s]
2026-07-24 19:15:39,328 - sflow.task.server_5 - INFO - 0:
2026-07-24 19:15:39,328 - sflow.task.server_5 - INFO - Loading weights:  83%|████████▎ | 1213/1458 [00:55<00:09, 25.76it/s]
2026-07-24 19:15:39,429 - sflow.task.server_5 - INFO - 0:
2026-07-24 19:15:39,429 - sflow.task.server_5 - INFO - Loading weights:  84%|████████▍ | 1222/1458 [00:55<00:07, 32.98it/s]
2026-07-24 19:15:39,583 - sflow.task.server_5 - INFO - 3:
2026-07-24 19:15:39,583 - sflow.task.server_5 - INFO - Loading weights:  84%|████████▍ | 1231/1458 [00:55<00:13, 16.51it/s]
2026-07-24 19:15:39,685 - sflow.task.server_5 - INFO - 2:
2026-07-24 19:15:39,685 - sflow.task.server_5 - INFO - Loading weights:  84%|████████▍ | 1230/1458 [00:55<00:12, 18.11it/s]
2026-07-24 19:15:39,736 - sflow.task.server_5 - INFO - 3:
2026-07-24 19:15:39,736 - sflow.task.server_5 - INFO - Loading weights:  85%|████████▍ | 1235/1458 [00:55<00:12, 18.46it/s]
2026-07-24 19:15:39,788 - sflow.task.server_5 - INFO - 2:
2026-07-24 19:15:39,788 - sflow.task.server_5 - INFO - Loading weights:  85%|████████▍ | 1237/1458 [00:55<00:10, 22.06it/s]
2026-07-24 19:15:39,788 - sflow.task.server_5 - INFO - 7:
2026-07-24 19:15:39,788 - sflow.task.server_5 - INFO - Loading weights:  86%|████████▋ | 1258/1458 [00:56<00:11, 17.29it/s]
2026-07-24 19:15:39,839 - sflow.task.server_5 - INFO - 5:
2026-07-24 19:15:39,839 - sflow.task.server_5 - INFO - Loading weights:  86%|████████▋ | 1260/1458 [00:56<00:10, 18.68it/s]
2026-07-24 19:15:39,839 - sflow.task.server_5 - INFO - 3:
2026-07-24 19:15:39,839 - sflow.task.server_5 - INFO - Loading weights:  85%|████████▌ | 1244/1458 [00:55<00:08, 25.72it/s]
2026-07-24 19:15:39,839 - sflow.task.server_5 - INFO - 6:
2026-07-24 19:15:39,839 - sflow.task.server_5 - INFO - Loading weights:  86%|████████▋ | 1258/1458 [00:56<00:12, 16.65it/s]
2026-07-24 19:15:39,890 - sflow.task.server_5 - INFO - 2:
2026-07-24 19:15:39,890 - sflow.task.server_5 - INFO - Loading weights:  85%|████████▌ | 1246/1458 [00:55<00:07, 28.50it/s]
2026-07-24 19:15:39,941 - sflow.task.server_5 - INFO - 7:
2026-07-24 19:15:39,941 - sflow.task.server_5 - INFO - Loading weights:  87%|████████▋ | 1270/1458 [00:56<00:06, 26.91it/s]
2026-07-24 19:15:39,941 - sflow.task.server_5 - INFO - 4:
2026-07-24 19:15:39,941 - sflow.task.server_5 - INFO - Loading weights:  86%|████████▌ | 1256/1458 [00:56<00:10, 19.16it/s]
2026-07-24 19:15:39,941 - sflow.task.server_5 - INFO - 5:
2026-07-24 19:15:39,941 - sflow.task.server_5 - INFO - Loading weights:  87%|████████▋ | 1270/1458 [00:56<00:07, 25.77it/s]
2026-07-24 19:15:39,992 - sflow.task.server_5 - INFO - 6:
2026-07-24 19:15:39,992 - sflow.task.server_5 - INFO - Loading weights:  87%|████████▋ | 1270/1458 [00:57<00:07, 26.21it/s]
2026-07-24 19:15:39,992 - sflow.task.server_5 - INFO - 3:
2026-07-24 19:15:39,992 - sflow.task.server_5 - INFO - Loading weights:  86%|████████▌ | 1249/1458 [00:56<00:07, 28.13it/s]
2026-07-24 19:15:39,992 - sflow.task.server_5 - INFO - 2:
2026-07-24 19:15:39,992 - sflow.task.server_5 - INFO - Loading weights:  86%|████████▌ | 1252/1458 [00:56<00:06, 31.85it/s]
2026-07-24 19:15:40,094 - sflow.task.server_5 - INFO - 1:
2026-07-24 19:15:40,094 - sflow.task.server_5 - INFO - Loading weights:  85%|████████▍ | 1234/1458 [00:56<00:11, 18.71it/s]
2026-07-24 19:15:40,094 - sflow.task.server_5 - INFO - 4:
2026-07-24 19:15:40,094 - sflow.task.server_5 - INFO - Loading weights:  87%|████████▋ | 1268/1458 [00:57<00:06, 27.44it/s]
2026-07-24 19:15:40,196 - sflow.task.server_5 - INFO - 1:
2026-07-24 19:15:40,196 - sflow.task.server_5 - INFO - Loading weights:  85%|████████▌ | 1244/1458 [00:56<00:08, 26.45it/s]
2026-07-24 19:15:40,196 - sflow.task.server_5 - INFO - 4:
2026-07-24 19:15:40,196 - sflow.task.server_5 - INFO - Loading weights:  87%|████████▋ | 1275/1458 [00:57<00:05, 31.10it/s]
2026-07-24 19:15:40,247 - sflow.task.server_5 - INFO - 0:
2026-07-24 19:15:40,247 - sflow.task.server_5 - INFO - Loading weights:  84%|████████▍ | 1230/1458 [00:56<00:11, 19.98it/s]
2026-07-24 19:15:40,298 - sflow.task.server_5 - INFO - 1:
2026-07-24 19:15:40,298 - sflow.task.server_5 - INFO - Loading weights:  86%|████████▌ | 1251/1458 [00:56<00:06, 31.41it/s]
2026-07-24 19:15:40,349 - sflow.task.server_5 - INFO - 0:
2026-07-24 19:15:40,349 - sflow.task.server_5 - INFO - Loading weights:  85%|████████▍ | 1237/1458 [00:56<00:09, 24.48it/s]
2026-07-24 19:15:40,451 - sflow.task.server_5 - INFO - 0:
2026-07-24 19:15:40,451 - sflow.task.server_5 - INFO - Loading weights:  86%|████████▌ | 1247/1458 [00:56<00:06, 33.23it/s]
2026-07-24 19:15:40,808 - sflow.task.server_5 - INFO - 6:
2026-07-24 19:15:40,808 - sflow.task.server_5 - INFO - Loading weights:  88%|████████▊ | 1278/1458 [00:57<00:10, 17.38it/s]
2026-07-24 19:15:40,808 - sflow.task.server_5 - INFO - 3:
2026-07-24 19:15:40,808 - sflow.task.server_5 - INFO - Loading weights:  86%|████████▌ | 1254/1458 [00:56<00:14, 14.52it/s]
2026-07-24 19:15:40,808 - sflow.task.server_5 - INFO - 5:
2026-07-24 19:15:40,808 - sflow.task.server_5 - INFO - Loading weights:  88%|████████▊ | 1278/1458 [00:57<00:10, 17.00it/s]
2026-07-24 19:15:40,859 - sflow.task.server_5 - INFO - 7:
2026-07-24 19:15:40,859 - sflow.task.server_5 - INFO - Loading weights:  88%|████████▊ | 1278/1458 [00:57<00:10, 16.68it/s]
2026-07-24 19:15:40,910 - sflow.task.server_5 - INFO - 2:
2026-07-24 19:15:40,910 - sflow.task.server_5 - INFO - Loading weights:  86%|████████▋ | 1258/1458 [00:56<00:12, 16.61it/s]
2026-07-24 19:15:40,910 - sflow.task.server_5 - INFO - 6:
2026-07-24 19:15:40,910 - sflow.task.server_5 - INFO - Loading weights:  88%|████████▊ | 1285/1458 [00:57<00:07, 21.67it/s]
2026-07-24 19:15:40,910 - sflow.task.server_5 - INFO - 3:
2026-07-24 19:15:40,910 - sflow.task.server_5 - INFO - Loading weights:  86%|████████▋ | 1261/1458 [00:57<00:10, 19.53it/s]
2026-07-24 19:15:40,962 - sflow.task.server_5 - INFO - 5:
2026-07-24 19:15:40,962 - sflow.task.server_5 - INFO - Loading weights:  88%|████████▊ | 1286/1458 [00:57<00:07, 21.82it/s]
2026-07-24 19:15:40,962 - sflow.task.server_5 - INFO - 7:
2026-07-24 19:15:40,962 - sflow.task.server_5 - INFO - Loading weights:  88%|████████▊ | 1285/1458 [00:57<00:08, 20.91it/s]
2026-07-24 19:15:41,013 - sflow.task.server_5 - INFO - 2:
2026-07-24 19:15:41,013 - sflow.task.server_5 - INFO - Loading weights:  87%|████████▋ | 1268/1458 [00:57<00:07, 23.82it/s]
2026-07-24 19:15:41,013 - sflow.task.server_5 - INFO - 6:
2026-07-24 19:15:41,013 - sflow.task.server_5 - INFO - Loading weights:  89%|████████▉ | 1294/1458 [00:58<00:05, 28.28it/s]
2026-07-24 19:15:41,064 - sflow.task.server_5 - INFO - 3:
2026-07-24 19:15:41,064 - sflow.task.server_5 - INFO - Loading weights:  87%|████████▋ | 1270/1458 [00:57<00:06, 27.27it/s]
2026-07-24 19:15:41,064 - sflow.task.server_5 - INFO - 7:
2026-07-24 19:15:41,064 - sflow.task.server_5 - INFO - Loading weights:  89%|████████▉ | 1295/1458 [00:58<00:05, 28.90it/s]
2026-07-24 19:15:41,064 - sflow.task.server_5 - INFO - 4:
2026-07-24 19:15:41,064 - sflow.task.server_5 - INFO - Loading weights:  88%|████████▊ | 1281/1458 [00:58<00:10, 17.42it/s]
2026-07-24 19:15:41,115 - sflow.task.server_5 - INFO - 5:
2026-07-24 19:15:41,116 - sflow.task.server_5 - INFO - Loading weights:  89%|████████▉ | 1297/1458 [00:58<00:05, 29.25it/s]
2026-07-24 19:15:41,116 - sflow.task.server_5 - INFO - 2:
2026-07-24 19:15:41,116 - sflow.task.server_5 - INFO - Loading weights:  87%|████████▋ | 1275/1458 [00:57<00:06, 28.59it/s]
2026-07-24 19:15:41,166 - sflow.task.server_5 - INFO - 1:
2026-07-24 19:15:41,167 - sflow.task.server_5 - INFO - Loading weights:  86%|████████▋ | 1258/1458 [00:57<00:11, 17.52it/s]
2026-07-24 19:15:41,217 - sflow.task.server_5 - INFO - 4:
2026-07-24 19:15:41,218 - sflow.task.server_5 - INFO - Loading weights:  89%|████████▊ | 1291/1458 [00:58<00:06, 24.15it/s]
2026-07-24 19:15:41,269 - sflow.task.server_5 - INFO - 1:
2026-07-24 19:15:41,269 - sflow.task.server_5 - INFO - Loading weights:  87%|████████▋ | 1268/1458 [00:57<00:07, 24.65it/s]
2026-07-24 19:15:41,269 - sflow.task.server_5 - INFO - 0:
2026-07-24 19:15:41,269 - sflow.task.server_5 - INFO - Loading weights:  86%|████████▌ | 1254/1458 [00:57<00:10, 18.71it/s]
2026-07-24 19:15:41,321 - sflow.task.server_5 - INFO - 4:
2026-07-24 19:15:41,321 - sflow.task.server_5 - INFO - Loading weights:  89%|████████▉ | 1297/1458 [00:58<00:05, 27.59it/s]
2026-07-24 19:15:41,372 - sflow.task.server_5 - INFO - 1:
2026-07-24 19:15:41,372 - sflow.task.server_5 - INFO - Loading weights:  87%|████████▋ | 1275/1458 [00:57<00:06, 29.33it/s]
2026-07-24 19:15:41,372 - sflow.task.server_5 - INFO - 0:
2026-07-24 19:15:41,372 - sflow.task.server_5 - INFO - Loading weights:  86%|████████▋ | 1261/1458 [00:57<00:08, 23.08it/s]
2026-07-24 19:15:41,474 - sflow.task.server_5 - INFO - 0:
2026-07-24 19:15:41,474 - sflow.task.server_5 - INFO - Loading weights:  87%|████████▋ | 1270/1458 [00:57<00:06, 30.62it/s]
2026-07-24 19:15:41,526 - sflow.task.server_5 - INFO - 2:
2026-07-24 19:15:41,526 - sflow.task.server_5 - INFO - Loading weights:  88%|████████▊ | 1281/1458 [00:57<00:07, 22.95it/s]
2026-07-24 19:15:41,680 - sflow.task.server_5 - INFO - 1:
2026-07-24 19:15:41,680 - sflow.task.server_5 - INFO - Loading weights:  88%|████████▊ | 1281/1458 [00:57<00:06, 26.53it/s]
2026-07-24 19:15:41,680 - sflow.task.server_5 - INFO - 2:
2026-07-24 19:15:41,680 - sflow.task.server_5 - INFO - Loading weights:  89%|████████▊ | 1292/1458 [00:57<00:05, 31.80it/s]
2026-07-24 19:15:41,783 - sflow.task.server_5 - INFO - 0:
2026-07-24 19:15:41,783 - sflow.task.server_5 - INFO - Loading weights:  88%|████████▊ | 1278/1458 [00:57<00:06, 29.95it/s]
2026-07-24 19:15:41,783 - sflow.task.server_5 - INFO - 1:
2026-07-24 19:15:41,783 - sflow.task.server_5 - INFO - Loading weights:  89%|████████▊ | 1292/1458 [00:57<00:04, 37.53it/s]
2026-07-24 19:15:41,783 - sflow.task.server_5 - INFO - 3:
2026-07-24 19:15:41,783 - sflow.task.server_5 - INFO - Loading weights:  88%|████████▊ | 1278/1458 [00:57<00:10, 17.88it/s]
2026-07-24 19:15:41,834 - sflow.task.server_5 - INFO - 2:
2026-07-24 19:15:41,834 - sflow.task.server_5 - INFO - Loading weights:  89%|████████▉ | 1298/1458 [00:57<00:04, 34.05it/s]
2026-07-24 19:15:41,834 - sflow.task.server_5 - INFO - 5:
2026-07-24 19:15:41,834 - sflow.task.server_5 - INFO - Loading weights:  89%|████████▉ | 1303/1458 [00:58<00:08, 18.66it/s]
2026-07-24 19:15:41,834 - sflow.task.server_5 - INFO - 7:
2026-07-24 19:15:41,834 - sflow.task.server_5 - INFO - Loading weights:  89%|████████▉ | 1302/1458 [00:58<00:08, 18.19it/s]
2026-07-24 19:15:41,834 - sflow.task.server_5 - INFO - 6:
2026-07-24 19:15:41,834 - sflow.task.server_5 - INFO - Loading weights:  89%|████████▉ | 1302/1458 [00:58<00:08, 18.18it/s]
2026-07-24 19:15:41,886 - sflow.task.server_5 - INFO - 0:
2026-07-24 19:15:41,886 - sflow.task.server_5 - INFO - Loading weights:  88%|████████▊ | 1285/1458 [00:57<00:04, 35.07it/s]
2026-07-24 19:15:41,886 - sflow.task.server_5 - INFO - 1:
2026-07-24 19:15:41,886 - sflow.task.server_5 - INFO - Loading weights:  89%|████████▉ | 1299/1458 [00:57<00:03, 42.54it/s]
2026-07-24 19:15:41,937 - sflow.task.server_5 - INFO - 3:
2026-07-24 19:15:41,937 - sflow.task.server_5 - INFO - Loading weights:  88%|████████▊ | 1285/1458 [00:58<00:07, 22.60it/s]
2026-07-24 19:15:41,937 - sflow.task.server_5 - INFO - 5:
2026-07-24 19:15:41,937 - sflow.task.server_5 - INFO - Loading weights:  90%|████████▉ | 1308/1458 [00:58<00:07, 21.35it/s]
2026-07-24 19:15:41,937 - sflow.task.server_5 - INFO - 7:
2026-07-24 19:15:41,937 - sflow.task.server_5 - INFO - Loading weights:  90%|████████▉ | 1309/1458 [00:58<00:06, 22.42it/s]
2026-07-24 19:15:41,937 - sflow.task.server_5 - INFO - 6:
2026-07-24 19:15:41,937 - sflow.task.server_5 - INFO - Loading weights:  90%|████████▉ | 1309/1458 [00:58<00:06, 22.52it/s]
2026-07-24 19:15:41,988 - sflow.task.server_5 - INFO - 0:
2026-07-24 19:15:41,988 - sflow.task.server_5 - INFO - Loading weights:  89%|████████▉ | 1295/1458 [00:58<00:03, 45.25it/s]
2026-07-24 19:15:41,988 - sflow.task.server_5 - INFO - 4:
2026-07-24 19:15:41,988 - sflow.task.server_5 - INFO - Loading weights:  89%|████████▉ | 1303/1458 [00:59<00:08, 17.81it/s]
2026-07-24 19:15:42,039 - sflow.task.server_5 - INFO - 3:
2026-07-24 19:15:42,039 - sflow.task.server_5 - INFO - Loading weights:  89%|████████▉ | 1294/1458 [00:58<00:05, 29.99it/s]
2026-07-24 19:15:42,090 - sflow.task.server_5 - INFO - 5:
2026-07-24 19:15:42,090 - sflow.task.server_5 - INFO - Loading weights:  90%|█████████ | 1316/1458 [00:59<00:05, 26.95it/s]
2026-07-24 19:15:42,090 - sflow.task.server_5 - INFO - 6:
2026-07-24 19:15:42,090 - sflow.task.server_5 - INFO - Loading weights:  90%|█████████ | 1316/1458 [00:59<00:05, 27.43it/s]
2026-07-24 19:15:42,090 - sflow.task.server_5 - INFO - 7:
2026-07-24 19:15:42,090 - sflow.task.server_5 - INFO - Loading weights:  90%|█████████ | 1316/1458 [00:59<00:05, 27.28it/s]
2026-07-24 19:15:42,090 - sflow.task.server_5 - INFO - 4:
2026-07-24 19:15:42,090 - sflow.task.server_5 - INFO - Loading weights:  90%|████████▉ | 1309/1458 [00:59<00:06, 21.78it/s]
2026-07-24 19:15:42,192 - sflow.task.server_5 - INFO - 6:
2026-07-24 19:15:42,192 - sflow.task.server_5 - INFO - Loading weights:  91%|█████████ | 1322/1458 [00:59<00:04, 31.28it/s]
2026-07-24 19:15:42,192 - sflow.task.server_5 - INFO - 7:
2026-07-24 19:15:42,192 - sflow.task.server_5 - INFO - Loading weights:  91%|█████████ | 1322/1458 [00:59<00:04, 31.15it/s]
2026-07-24 19:15:42,193 - sflow.task.server_5 - INFO - 5:
2026-07-24 19:15:42,193 - sflow.task.server_5 - INFO - Loading weights:  91%|█████████ | 1321/1458 [00:59<00:04, 29.53it/s]
2026-07-24 19:15:42,244 - sflow.task.server_5 - INFO - 4:
2026-07-24 19:15:42,244 - sflow.task.server_5 - INFO - Loading weights:  90%|█████████ | 1318/1458 [00:59<00:04, 29.45it/s]
2026-07-24 19:15:42,752 - sflow.task.server_5 - INFO - 1:
2026-07-24 19:15:42,753 - sflow.task.server_5 - INFO - Loading weights:  90%|████████▉ | 1306/1458 [00:58<00:07, 19.49it/s]
2026-07-24 19:15:42,753 - sflow.task.server_5 - INFO - 2:
2026-07-24 19:15:42,753 - sflow.task.server_5 - INFO - Loading weights:  89%|████████▉ | 1304/1458 [00:58<00:09, 16.15it/s]
2026-07-24 19:15:42,855 - sflow.task.server_5 - INFO - 3:
2026-07-24 19:15:42,855 - sflow.task.server_5 - INFO - Loading weights:  89%|████████▉ | 1302/1458 [00:58<00:08, 17.98it/s]
2026-07-24 19:15:42,906 - sflow.task.server_5 - INFO - 2:
2026-07-24 19:15:42,906 - sflow.task.server_5 - INFO - Loading weights:  90%|█████████ | 1315/1458 [00:58<00:05, 24.24it/s]
2026-07-24 19:15:42,906 - sflow.task.server_5 - INFO - 1:
2026-07-24 19:15:42,906 - sflow.task.server_5 - INFO - Loading weights:  90%|█████████ | 1318/1458 [00:58<00:04, 28.67it/s]
2026-07-24 19:15:42,906 - sflow.task.server_5 - INFO - 0:
2026-07-24 19:15:42,906 - sflow.task.server_5 - INFO - Loading weights:  89%|████████▉ | 1302/1458 [00:59<00:07, 19.59it/s]
2026-07-24 19:15:42,957 - sflow.task.server_5 - INFO - 5:
2026-07-24 19:15:42,957 - sflow.task.server_5 - INFO - Loading weights:  91%|█████████ | 1326/1458 [00:59<00:08, 15.62it/s]
2026-07-24 19:15:43,009 - sflow.task.server_5 - INFO - 3:
2026-07-24 19:15:43,009 - sflow.task.server_5 - INFO - Loading weights:  90%|████████▉ | 1309/1458 [00:59<00:06, 22.44it/s]
2026-07-24 19:15:43,009 - sflow.task.server_5 - INFO - 6:
2026-07-24 19:15:43,009 - sflow.task.server_5 - INFO - Loading weights:  91%|█████████ | 1328/1458 [01:00<00:07, 16.72it/s]
2026-07-24 19:15:43,009 - sflow.task.server_5 - INFO - 7:
2026-07-24 19:15:43,009 - sflow.task.server_5 - INFO - Loading weights:  91%|█████████ | 1328/1458 [01:00<00:07, 16.67it/s]
2026-07-24 19:15:43,009 - sflow.task.server_5 - INFO - 2:
2026-07-24 19:15:43,009 - sflow.task.server_5 - INFO - Loading weights:  91%|█████████ | 1321/1458 [00:59<00:04, 27.65it/s]
2026-07-24 19:15:43,009 - sflow.task.server_5 - INFO - 1:
2026-07-24 19:15:43,009 - sflow.task.server_5 - INFO - Loading weights:  91%|█████████ | 1325/1458 [00:59<00:04, 32.89it/s]
2026-07-24 19:15:43,009 - sflow.task.server_5 - INFO - 0:
2026-07-24 19:15:43,009 - sflow.task.server_5 - INFO - Loading weights:  90%|████████▉ | 1307/1458 [00:59<00:06, 22.32it/s]
2026-07-24 19:15:43,060 - sflow.task.server_5 - INFO - 4:
2026-07-24 19:15:43,060 - sflow.task.server_5 - INFO - Loading weights:  91%|█████████ | 1326/1458 [01:00<00:07, 18.15it/s]
2026-07-24 19:15:43,060 - sflow.task.server_5 - INFO - 5:
2026-07-24 19:15:43,060 - sflow.task.server_5 - INFO - Loading weights:  91%|█████████▏| 1333/1458 [01:00<00:05, 20.90it/s]
2026-07-24 19:15:43,112 - sflow.task.server_5 - INFO - 6:
2026-07-24 19:15:43,112 - sflow.task.server_5 - INFO - Loading weights:  92%|█████████▏| 1339/1458 [01:00<00:04, 25.64it/s]
2026-07-24 19:15:43,112 - sflow.task.server_5 - INFO - 7:
2026-07-24 19:15:43,112 - sflow.task.server_5 - INFO - Loading weights:  92%|█████████▏| 1339/1458 [01:00<00:04, 25.60it/s]
2026-07-24 19:15:43,112 - sflow.task.server_5 - INFO - 3:
2026-07-24 19:15:43,112 - sflow.task.server_5 - INFO - Loading weights:  90%|█████████ | 1318/1458 [00:59<00:04, 29.31it/s]
2026-07-24 19:15:43,112 - sflow.task.server_5 - INFO - 0:
2026-07-24 19:15:43,112 - sflow.task.server_5 - INFO - Loading weights:  90%|█████████ | 1316/1458 [00:59<00:04, 30.32it/s]
2026-07-24 19:15:43,163 - sflow.task.server_5 - INFO - 4:
2026-07-24 19:15:43,163 - sflow.task.server_5 - INFO - Loading weights:  91%|█████████▏| 1333/1458 [01:00<00:05, 22.89it/s]
2026-07-24 19:15:43,163 - sflow.task.server_5 - INFO - 5:
2026-07-24 19:15:43,163 - sflow.task.server_5 - INFO - Loading weights:  92%|█████████▏| 1340/1458 [01:00<00:04, 26.76it/s]
2026-07-24 19:15:43,215 - sflow.task.server_5 - INFO - 3:
2026-07-24 19:15:43,215 - sflow.task.server_5 - INFO - Loading weights:  91%|█████████ | 1324/1458 [00:59<00:04, 33.12it/s]
2026-07-24 19:15:43,266 - sflow.task.server_5 - INFO - 4:
2026-07-24 19:15:43,266 - sflow.task.server_5 - INFO - Loading weights:  92%|█████████▏| 1342/1458 [01:00<00:03, 30.30it/s]
2026-07-24 19:15:43,317 - sflow.task.server_5 - INFO - 6:
2026-07-24 19:15:43,317 - sflow.task.server_5 - INFO - Loading weights:  92%|█████████▏| 1346/1458 [01:00<00:04, 27.33it/s]
2026-07-24 19:15:43,317 - sflow.task.server_5 - INFO - 7:
2026-07-24 19:15:43,317 - sflow.task.server_5 - INFO - Loading weights:  92%|█████████▏| 1346/1458 [01:00<00:04, 27.29it/s]
2026-07-24 19:15:43,317 - sflow.task.server_5 - INFO - 5:
2026-07-24 19:15:43,317 - sflow.task.server_5 - INFO - Loading weights:  92%|█████████▏| 1346/1458 [01:00<00:03, 30.17it/s]
2026-07-24 19:15:43,572 - sflow.task.server_5 - INFO - 4:
2026-07-24 19:15:43,572 - sflow.task.server_5 - INFO - Loading weights:  93%|█████████▎| 1350/1458 [01:00<00:03, 28.85it/s]
2026-07-24 19:15:43,572 - sflow.task.server_5 - INFO - 5:
2026-07-24 19:15:43,572 - sflow.task.server_5 - INFO - Loading weights:  93%|█████████▎| 1351/1458 [01:00<00:04, 26.17it/s]
2026-07-24 19:15:43,624 - sflow.task.server_5 - INFO - 6:
2026-07-24 19:15:43,624 - sflow.task.server_5 - INFO - Loading weights:  93%|█████████▎| 1352/1458 [01:00<00:04, 25.26it/s]
2026-07-24 19:15:43,624 - sflow.task.server_5 - INFO - 7:
2026-07-24 19:15:43,624 - sflow.task.server_5 - INFO - Loading weights:  93%|█████████▎| 1352/1458 [01:00<00:04, 25.24it/s]
2026-07-24 19:15:43,675 - sflow.task.server_5 - INFO - 4:
2026-07-24 19:15:43,675 - sflow.task.server_5 - INFO - Loading weights:  93%|█████████▎| 1357/1458 [01:00<00:02, 34.36it/s]
2026-07-24 19:15:43,675 - sflow.task.server_5 - INFO - 5:
2026-07-24 19:15:43,675 - sflow.task.server_5 - INFO - Loading weights:  93%|█████████▎| 1358/1458 [01:00<00:03, 32.33it/s]
2026-07-24 19:15:43,726 - sflow.task.server_5 - INFO - 6:
2026-07-24 19:15:43,726 - sflow.task.server_5 - INFO - Loading weights:  94%|█████████▎| 1364/1458 [01:00<00:02, 37.22it/s]
2026-07-24 19:15:43,726 - sflow.task.server_5 - INFO - 7:
2026-07-24 19:15:43,726 - sflow.task.server_5 - INFO - Loading weights:  94%|█████████▎| 1364/1458 [01:00<00:02, 36.30it/s]
2026-07-24 19:15:43,776 - sflow.task.server_5 - INFO - 5:
2026-07-24 19:15:43,776 - sflow.task.server_5 - INFO - Loading weights:  94%|█████████▎| 1366/1458 [01:00<00:02, 40.41it/s]
2026-07-24 19:15:43,827 - sflow.task.server_5 - INFO - 4:
2026-07-24 19:15:43,827 - sflow.task.server_5 - INFO - Loading weights:  94%|█████████▍| 1369/1458 [01:00<00:02, 44.32it/s]
2026-07-24 19:15:43,827 - sflow.task.server_5 - INFO - 6:
2026-07-24 19:15:43,827 - sflow.task.server_5 - INFO - Loading weights:  94%|█████████▍| 1371/1458 [01:00<00:02, 42.01it/s]
2026-07-24 19:15:43,827 - sflow.task.server_5 - INFO - 2:
2026-07-24 19:15:43,827 - sflow.task.server_5 - INFO - Loading weights:  91%|█████████ | 1327/1458 [00:59<00:08, 16.28it/s]
2026-07-24 19:15:43,878 - sflow.task.server_5 - INFO - 1:
2026-07-24 19:15:43,878 - sflow.task.server_5 - INFO - Loading weights:  91%|█████████▏| 1332/1458 [00:59<00:06, 18.16it/s]
2026-07-24 19:15:43,928 - sflow.task.server_5 - INFO - 2:
2026-07-24 19:15:43,928 - sflow.task.server_5 - INFO - Loading weights:  91%|█████████▏| 1333/1458 [01:00<00:06, 19.95it/s]
2026-07-24 19:15:43,980 - sflow.task.server_5 - INFO - 1:
2026-07-24 19:15:43,980 - sflow.task.server_5 - INFO - Loading weights:  92%|█████████▏| 1340/1458 [00:59<00:05, 23.34it/s]
2026-07-24 19:15:44,031 - sflow.task.server_5 - INFO - 0:
2026-07-24 19:15:44,031 - sflow.task.server_5 - INFO - Loading weights:  91%|█████████ | 1326/1458 [01:00<00:07, 18.50it/s]
2026-07-24 19:15:44,031 - sflow.task.server_5 - INFO - 2:
2026-07-24 19:15:44,031 - sflow.task.server_5 - INFO - Loading weights:  92%|█████████▏| 1342/1458 [01:00<00:04, 27.28it/s]
2026-07-24 19:15:44,082 - sflow.task.server_5 - INFO - 3:
2026-07-24 19:15:44,082 - sflow.task.server_5 - INFO - Loading weights:  91%|█████████ | 1330/1458 [01:00<00:07, 16.86it/s]
2026-07-24 19:15:44,132 - sflow.task.server_5 - INFO - 1:
2026-07-24 19:15:44,132 - sflow.task.server_5 - INFO - Loading weights:  92%|█████████▏| 1346/1458 [01:00<00:04, 26.46it/s]
2026-07-24 19:15:44,132 - sflow.task.server_5 - INFO - 0:
2026-07-24 19:15:44,132 - sflow.task.server_5 - INFO - Loading weights:  91%|█████████▏| 1333/1458 [01:00<00:05, 22.79it/s]
2026-07-24 19:15:44,183 - sflow.task.server_5 - INFO - 2:
2026-07-24 19:15:44,183 - sflow.task.server_5 - INFO - Loading weights:  92%|█████████▏| 1348/1458 [01:00<00:03, 31.00it/s]
2026-07-24 19:15:44,183 - sflow.task.server_5 - INFO - 3:
2026-07-24 19:15:44,183 - sflow.task.server_5 - INFO - Loading weights:  92%|█████████▏| 1342/1458 [01:00<00:04, 26.05it/s]
2026-07-24 19:15:44,285 - sflow.task.server_5 - INFO - 0:
2026-07-24 19:15:44,285 - sflow.task.server_5 - INFO - Loading weights:  92%|█████████▏| 1342/1458 [01:00<00:03, 29.39it/s]
2026-07-24 19:15:44,489 - sflow.task.server_5 - INFO - 2:
2026-07-24 19:15:44,489 - sflow.task.server_5 - INFO - Loading weights:  93%|█████████▎| 1354/1458 [01:00<00:03, 26.72it/s]
2026-07-24 19:15:44,540 - sflow.task.server_5 - INFO - 3:
2026-07-24 19:15:44,540 - sflow.task.server_5 - INFO - Loading weights:  93%|█████████▎| 1350/1458 [01:00<00:04, 25.59it/s]
2026-07-24 19:15:44,540 - sflow.task.server_5 - INFO - 7:
2026-07-24 19:15:44,540 - sflow.task.server_5 - INFO - Loading weights:  94%|█████████▍| 1374/1458 [01:01<00:03, 21.87it/s]
2026-07-24 19:15:44,591 - sflow.task.server_5 - INFO - 2:
2026-07-24 19:15:44,591 - sflow.task.server_5 - INFO - Loading weights:  94%|█████████▎| 1364/1458 [01:00<00:02, 36.03it/s]
2026-07-24 19:15:44,642 - sflow.task.server_5 - INFO - 3:
2026-07-24 19:15:44,642 - sflow.task.server_5 - INFO - Loading weights:  93%|█████████▎| 1357/1458 [01:00<00:03, 30.36it/s]
2026-07-24 19:15:44,642 - sflow.task.server_5 - INFO - 7:
2026-07-24 19:15:44,642 - sflow.task.server_5 - INFO - Loading weights:  95%|█████████▍| 1381/1458 [01:01<00:02, 26.31it/s]
2026-07-24 19:15:44,642 - sflow.task.server_5 - INFO - 5:
2026-07-24 19:15:44,642 - sflow.task.server_5 - INFO - Loading weights:  94%|█████████▍| 1374/1458 [01:01<00:04, 19.00it/s]
2026-07-24 19:15:44,693 - sflow.task.server_5 - INFO - 4:
2026-07-24 19:15:44,693 - sflow.task.server_5 - INFO - Loading weights:  94%|█████████▍| 1376/1458 [01:01<00:03, 20.77it/s]
2026-07-24 19:15:44,693 - sflow.task.server_5 - INFO - 6:
2026-07-24 19:15:44,693 - sflow.task.server_5 - INFO - Loading weights:  95%|█████████▍| 1378/1458 [01:01<00:04, 19.44it/s]
2026-07-24 19:15:44,693 - sflow.task.server_5 - INFO - 2:
2026-07-24 19:15:44,693 - sflow.task.server_5 - INFO - Loading weights:  94%|█████████▍| 1371/1458 [01:00<00:02, 41.62it/s]
2026-07-24 19:15:44,745 - sflow.task.server_5 - INFO - 3:
2026-07-24 19:15:44,745 - sflow.task.server_5 - INFO - Loading weights:  94%|█████████▍| 1367/1458 [01:00<00:02, 39.88it/s]
2026-07-24 19:15:44,745 - sflow.task.server_5 - INFO - 7:
2026-07-24 19:15:44,745 - sflow.task.server_5 - INFO - Loading weights:  95%|█████████▌| 1388/1458 [01:01<00:02, 31.11it/s]
2026-07-24 19:15:44,745 - sflow.task.server_5 - INFO - 5:
2026-07-24 19:15:44,745 - sflow.task.server_5 - INFO - Loading weights:  95%|█████████▍| 1381/1458 [01:01<00:03, 24.10it/s]
2026-07-24 19:15:44,796 - sflow.task.server_5 - INFO - 4:
2026-07-24 19:15:44,796 - sflow.task.server_5 - INFO - Loading weights:  95%|█████████▌| 1388/1458 [01:01<00:02, 29.62it/s]
2026-07-24 19:15:44,796 - sflow.task.server_5 - INFO - 6:
2026-07-24 19:15:44,796 - sflow.task.server_5 - INFO - Loading weights:  95%|█████████▌| 1390/1458 [01:01<00:02, 28.79it/s]
2026-07-24 19:15:44,898 - sflow.task.server_5 - INFO - 1:
2026-07-24 19:15:44,898 - sflow.task.server_5 - INFO - Loading weights:  93%|█████████▎| 1352/1458 [01:00<00:06, 16.48it/s]
2026-07-24 19:15:44,898 - sflow.task.server_5 - INFO - 5:
2026-07-24 19:15:44,898 - sflow.task.server_5 - INFO - Loading weights:  95%|█████████▌| 1390/1458 [01:01<00:02, 31.45it/s]
2026-07-24 19:15:44,898 - sflow.task.server_5 - INFO - 7:
2026-07-24 19:15:44,898 - sflow.task.server_5 - INFO - Loading weights:  96%|█████████▌| 1394/1458 [01:01<00:01, 33.22it/s]
2026-07-24 19:15:44,949 - sflow.task.server_5 - INFO - 6:
2026-07-24 19:15:44,949 - sflow.task.server_5 - INFO - Loading weights:  96%|█████████▌| 1397/1458 [01:01<00:01, 32.90it/s]
2026-07-24 19:15:44,949 - sflow.task.server_5 - INFO - 4:
2026-07-24 19:15:44,949 - sflow.task.server_5 - INFO - Loading weights:  96%|█████████▌| 1395/1458 [01:01<00:01, 32.77it/s]
2026-07-24 19:15:45,000 - sflow.task.server_5 - INFO - 1:
2026-07-24 19:15:45,000 - sflow.task.server_5 - INFO - Loading weights:  94%|█████████▎| 1364/1458 [01:01<00:03, 25.36it/s]
2026-07-24 19:15:45,102 - sflow.task.server_5 - INFO - 2:
2026-07-24 19:15:45,102 - sflow.task.server_5 - INFO - Loading weights:  94%|█████████▍| 1377/1458 [01:01<00:02, 28.81it/s]
2026-07-24 19:15:45,102 - sflow.task.server_5 - INFO - 1:
2026-07-24 19:15:45,102 - sflow.task.server_5 - INFO - Loading weights:  94%|█████████▍| 1371/1458 [01:01<00:02, 30.30it/s]
2026-07-24 19:15:45,153 - sflow.task.server_5 - INFO - 0:
2026-07-24 19:15:45,153 - sflow.task.server_5 - INFO - Loading weights:  93%|█████████▎| 1350/1458 [01:01<00:05, 18.01it/s]
2026-07-24 19:15:45,204 - sflow.task.server_5 - INFO - 2:
2026-07-24 19:15:45,204 - sflow.task.server_5 - INFO - Loading weights:  95%|█████████▌| 1387/1458 [01:01<00:01, 38.94it/s]
2026-07-24 19:15:45,255 - sflow.task.server_5 - INFO - 0:
2026-07-24 19:15:45,255 - sflow.task.server_5 - INFO - Loading weights:  93%|█████████▎| 1357/1458 [01:01<00:04, 22.25it/s]
2026-07-24 19:15:45,357 - sflow.task.server_5 - INFO - 0:
2026-07-24 19:15:45,357 - sflow.task.server_5 - INFO - Loading weights:  94%|█████████▎| 1366/1458 [01:01<00:03, 28.80it/s]
2026-07-24 19:15:45,409 - sflow.task.server_5 - INFO - 2:
2026-07-24 19:15:45,409 - sflow.task.server_5 - INFO - Loading weights:  96%|█████████▌| 1393/1458 [01:01<00:01, 36.03it/s]
2026-07-24 19:15:45,562 - sflow.task.server_5 - INFO - 3:
2026-07-24 19:15:45,562 - sflow.task.server_5 - INFO - Loading weights:  94%|█████████▍| 1374/1458 [01:01<00:04, 20.66it/s]
2026-07-24 19:15:45,663 - sflow.task.server_5 - INFO - 3:
2026-07-24 19:15:45,663 - sflow.task.server_5 - INFO - Loading weights:  95%|█████████▍| 1381/1458 [01:01<00:03, 25.28it/s]
2026-07-24 19:15:45,714 - sflow.task.server_5 - INFO - 1:
2026-07-24 19:15:45,714 - sflow.task.server_5 - INFO - Loading weights:  94%|█████████▍| 1377/1458 [01:01<00:03, 20.27it/s]
2026-07-24 19:15:45,765 - sflow.task.server_5 - INFO - 3:
2026-07-24 19:15:45,765 - sflow.task.server_5 - INFO - Loading weights:  95%|█████████▌| 1390/1458 [01:01<00:02, 32.74it/s]
2026-07-24 19:15:45,765 - sflow.task.server_5 - INFO - 5:
2026-07-24 19:15:45,765 - sflow.task.server_5 - INFO - Loading weights:  96%|█████████▌| 1398/1458 [01:02<00:03, 17.77it/s]
2026-07-24 19:15:45,816 - sflow.task.server_5 - INFO - 7:
2026-07-24 19:15:45,816 - sflow.task.server_5 - INFO - Loading weights:  96%|█████████▌| 1400/1458 [01:02<00:03, 16.46it/s]
2026-07-24 19:15:45,816 - sflow.task.server_5 - INFO - 6:
2026-07-24 19:15:45,816 - sflow.task.server_5 - INFO - Loading weights:  96%|█████████▋| 1404/1458 [01:02<00:03, 17.87it/s]
2026-07-24 19:15:45,816 - sflow.task.server_5 - INFO - 1:
2026-07-24 19:15:45,816 - sflow.task.server_5 - INFO - Loading weights:  95%|█████████▌| 1388/1458 [01:01<00:02, 29.13it/s]
2026-07-24 19:15:45,816 - sflow.task.server_5 - INFO - 4:
2026-07-24 19:15:45,816 - sflow.task.server_5 - INFO - Loading weights:  96%|█████████▌| 1401/1458 [01:02<00:03, 17.49it/s]
2026-07-24 19:15:45,918 - sflow.task.server_5 - INFO - 5:
2026-07-24 19:15:45,918 - sflow.task.server_5 - INFO - Loading weights:  96%|█████████▋| 1406/1458 [01:02<00:02, 22.97it/s]
2026-07-24 19:15:45,918 - sflow.task.server_5 - INFO - 7:
2026-07-24 19:15:45,918 - sflow.task.server_5 - INFO - Loading weights:  97%|█████████▋| 1411/1458 [01:02<00:01, 25.03it/s]
2026-07-24 19:15:45,918 - sflow.task.server_5 - INFO - 0:
2026-07-24 19:15:45,918 - sflow.task.server_5 - INFO - Loading weights:  94%|█████████▍| 1374/1458 [01:02<00:03, 22.27it/s]
2026-07-24 19:15:45,918 - sflow.task.server_5 - INFO - 1:
2026-07-24 19:15:45,918 - sflow.task.server_5 - INFO - Loading weights:  96%|█████████▌| 1395/1458 [01:01<00:01, 34.05it/s]
2026-07-24 19:15:45,969 - sflow.task.server_5 - INFO - 6:
2026-07-24 19:15:45,969 - sflow.task.server_5 - INFO - Loading weights:  97%|█████████▋| 1412/1458 [01:03<00:02, 22.47it/s]
2026-07-24 19:15:45,969 - sflow.task.server_5 - INFO - 4:
2026-07-24 19:15:45,969 - sflow.task.server_5 - INFO - Loading weights:  97%|█████████▋| 1412/1458 [01:03<00:01, 24.77it/s]
2026-07-24 19:15:46,020 - sflow.task.server_5 - INFO - 5:
2026-07-24 19:15:46,020 - sflow.task.server_5 - INFO - Loading weights:  97%|█████████▋| 1415/1458 [01:03<00:01, 30.17it/s]
2026-07-24 19:15:46,020 - sflow.task.server_5 - INFO - 0:
2026-07-24 19:15:46,021 - sflow.task.server_5 - INFO - Loading weights:  95%|█████████▍| 1381/1458 [01:02<00:02, 26.88it/s]
2026-07-24 19:15:46,123 - sflow.task.server_5 - INFO - 6:
2026-07-24 19:15:46,123 - sflow.task.server_5 - INFO - Loading weights:  97%|█████████▋| 1417/1458 [01:03<00:01, 24.63it/s]
2026-07-24 19:15:46,123 - sflow.task.server_5 - INFO - 7:
2026-07-24 19:15:46,123 - sflow.task.server_5 - INFO - Loading weights:  97%|█████████▋| 1417/1458 [01:03<00:01, 26.10it/s]
2026-07-24 19:15:46,123 - sflow.task.server_5 - INFO - 4:
2026-07-24 19:15:46,123 - sflow.task.server_5 - INFO - Loading weights:  97%|█████████▋| 1418/1458 [01:03<00:01, 27.66it/s]
2026-07-24 19:15:46,123 - sflow.task.server_5 - INFO - 0:
2026-07-24 19:15:46,123 - sflow.task.server_5 - INFO - Loading weights:  95%|█████████▌| 1390/1458 [01:02<00:01, 34.84it/s]
2026-07-24 19:15:46,123 - sflow.task.server_5 - INFO - 5:
2026-07-24 19:15:46,123 - sflow.task.server_5 - INFO - Loading weights:  97%|█████████▋| 1421/1458 [01:03<00:01, 32.54it/s]
2026-07-24 19:15:46,174 - sflow.task.server_5 - INFO - 2:
2026-07-24 19:15:46,174 - sflow.task.server_5 - INFO - Loading weights:  96%|█████████▌| 1399/1458 [01:02<00:03, 18.76it/s]
2026-07-24 19:15:46,277 - sflow.task.server_5 - INFO - 2:
2026-07-24 19:15:46,277 - sflow.task.server_5 - INFO - Loading weights:  96%|█████████▌| 1403/1458 [01:02<00:02, 20.65it/s]
2026-07-24 19:15:46,328 - sflow.task.server_5 - INFO - 6:
2026-07-24 19:15:46,328 - sflow.task.server_5 - INFO - Loading weights:  98%|█████████▊| 1422/1458 [01:03<00:01, 23.42it/s]
2026-07-24 19:15:46,379 - sflow.task.server_5 - INFO - 7:
2026-07-24 19:15:46,379 - sflow.task.server_5 - INFO - Loading weights:  98%|█████████▊| 1423/1458 [01:03<00:01, 24.32it/s]
2026-07-24 19:15:46,430 - sflow.task.server_5 - INFO - 2:
2026-07-24 19:15:46,430 - sflow.task.server_5 - INFO - Loading weights:  97%|█████████▋| 1412/1458 [01:02<00:01, 28.26it/s]
2026-07-24 19:15:46,430 - sflow.task.server_5 - INFO - 4:
2026-07-24 19:15:46,431 - sflow.task.server_5 - INFO - Loading weights:  98%|█████████▊| 1424/1458 [01:03<00:01, 24.59it/s]
2026-07-24 19:15:46,482 - sflow.task.server_5 - INFO - 5:
2026-07-24 19:15:46,482 - sflow.task.server_5 - INFO - Loading weights:  98%|█████████▊| 1427/1458 [01:03<00:01, 27.63it/s]
2026-07-24 19:15:46,482 - sflow.task.server_5 - INFO - 6:
2026-07-24 19:15:46,482 - sflow.task.server_5 - INFO - Loading weights:  98%|█████████▊| 1426/1458 [01:03<00:01, 25.35it/s]
2026-07-24 19:15:46,482 - sflow.task.server_5 - INFO - 7:
2026-07-24 19:15:46,482 - sflow.task.server_5 - INFO - Loading weights:  98%|█████████▊| 1429/1458 [01:03<00:01, 28.68it/s]
2026-07-24 19:15:46,533 - sflow.task.server_5 - INFO - 4:
2026-07-24 19:15:46,533 - sflow.task.server_5 - INFO - Loading weights:  98%|█████████▊| 1435/1458 [01:03<00:00, 35.21it/s]
2026-07-24 19:15:46,533 - sflow.task.server_5 - INFO - 3:
2026-07-24 19:15:46,533 - sflow.task.server_5 - INFO - Loading weights:  96%|█████████▌| 1398/1458 [01:02<00:03, 19.84it/s]
2026-07-24 19:15:46,534 - sflow.task.server_5 - INFO - 2:
2026-07-24 19:15:46,534 - sflow.task.server_5 - INFO - Loading weights:  97%|█████████▋| 1417/1458 [01:02<00:01, 29.76it/s]
2026-07-24 19:15:46,585 - sflow.task.server_5 - INFO - 6:
2026-07-24 19:15:46,585 - sflow.task.server_5 - INFO - Loading weights:  98%|█████████▊| 1436/1458 [01:03<00:00, 35.82it/s]
2026-07-24 19:15:46,585 - sflow.task.server_5 - INFO - 5:
2026-07-24 19:15:46,585 - sflow.task.server_5 - INFO - Loading weights:  98%|█████████▊| 1436/1458 [01:03<00:00, 35.27it/s]
2026-07-24 19:15:46,585 - sflow.task.server_5 - INFO - 7:
2026-07-24 19:15:46,585 - sflow.task.server_5 - INFO - Loading weights:  99%|█████████▊| 1438/1458 [01:03<00:00, 37.78it/s]
2026-07-24 19:15:46,636 - sflow.task.server_5 - INFO - 3:
2026-07-24 19:15:46,636 - sflow.task.server_5 - INFO - Loading weights:  96%|█████████▋| 1405/1458 [01:02<00:02, 24.37it/s]
2026-07-24 19:15:46,738 - sflow.task.server_5 - INFO - 6:
2026-07-24 19:15:46,738 - sflow.task.server_5 - INFO - Loading weights:  99%|█████████▉| 1442/1458 [01:03<00:00, 37.87it/s]
2026-07-24 19:15:46,738 - sflow.task.server_5 - INFO - 4:
2026-07-24 19:15:46,738 - sflow.task.server_5 - INFO - Loading weights:  99%|█████████▉| 1442/1458 [01:03<00:00, 35.79it/s]
2026-07-24 19:15:46,738 - sflow.task.server_5 - INFO - 5:
2026-07-24 19:15:46,738 - sflow.task.server_5 - INFO - Loading weights:  99%|█████████▉| 1442/1458 [01:03<00:00, 37.29it/s]
2026-07-24 19:15:46,738 - sflow.task.server_5 - INFO - 7:
2026-07-24 19:15:46,738 - sflow.task.server_5 - INFO - Loading weights:  99%|█████████▉| 1444/1458 [01:03<00:00, 39.52it/s]
2026-07-24 19:15:46,789 - sflow.task.server_5 - INFO - 3:
2026-07-24 19:15:46,789 - sflow.task.server_5 - INFO - Loading weights:  97%|█████████▋| 1414/1458 [01:02<00:01, 31.46it/s]
2026-07-24 19:15:46,789 - sflow.task.server_5 - INFO - 1:
2026-07-24 19:15:46,789 - sflow.task.server_5 - INFO - Loading weights:  96%|█████████▌| 1402/1458 [01:02<00:03, 18.36it/s]
2026-07-24 19:15:46,789 - sflow.task.server_5 - INFO - 2:
2026-07-24 19:15:46,789 - sflow.task.server_5 - INFO - Loading weights:  98%|█████████▊| 1422/1458 [01:02<00:01, 26.47it/s]
2026-07-24 19:15:46,891 - sflow.task.server_5 - INFO - 1:
2026-07-24 19:15:46,891 - sflow.task.server_5 - INFO - Loading weights:  97%|█████████▋| 1414/1458 [01:02<00:01, 27.42it/s]
2026-07-24 19:15:46,942 - sflow.task.server_5 - INFO - 2:
2026-07-24 19:15:46,942 - sflow.task.server_5 - INFO - Loading weights:  98%|█████████▊| 1426/1458 [01:03<00:01, 27.83it/s]
2026-07-24 19:15:46,942 - sflow.task.server_5 - INFO - 0:
2026-07-24 19:15:46,942 - sflow.task.server_5 - INFO - Loading weights:  96%|█████████▌| 1398/1458 [01:03<00:02, 20.08it/s]
2026-07-24 19:15:47,043 - sflow.task.server_5 - INFO - 0:
2026-07-24 19:15:47,043 - sflow.task.server_5 - INFO - Loading weights:  96%|█████████▋| 1405/1458 [01:03<00:02, 24.62it/s]
2026-07-24 19:15:47,094 - sflow.task.server_5 - INFO - 2:
2026-07-24 19:15:47,095 - sflow.task.server_5 - INFO - Loading weights:  98%|█████████▊| 1436/1458 [01:03<00:00, 37.41it/s]
2026-07-24 19:15:47,145 - sflow.task.server_5 - INFO - 0:
2026-07-24 19:15:47,145 - sflow.task.server_5 - INFO - Loading weights:  97%|█████████▋| 1414/1458 [01:03<00:01, 32.36it/s]
2026-07-24 19:15:47,247 - sflow.task.server_5 - INFO - 2:
2026-07-24 19:15:47,247 - sflow.task.server_5 - INFO - Loading weights:  99%|█████████▉| 1441/1458 [01:03<00:00, 36.08it/s]
2026-07-24 19:15:47,298 - sflow.task.server_5 - INFO - 3:
2026-07-24 19:15:47,298 - sflow.task.server_5 - INFO - Loading weights:  98%|█████████▊| 1422/1458 [01:03<00:01, 24.17it/s]
2026-07-24 19:15:47,399 - sflow.task.server_5 - INFO - 3:
2026-07-24 19:15:47,399 - sflow.task.server_5 - INFO - Loading weights:  98%|█████████▊| 1429/1458 [01:03<00:00, 29.04it/s]
2026-07-24 19:15:47,502 - sflow.task.server_5 - INFO - 6:
2026-07-24 19:15:47,502 - sflow.task.server_5 - INFO - Loading weights:  99%|█████████▉| 1447/1458 [01:04<00:00, 17.05it/s]
2026-07-24 19:15:47,502 - sflow.task.server_5 - INFO - 3:
2026-07-24 19:15:47,502 - sflow.task.server_5 - INFO - Loading weights:  99%|█████████▊| 1438/1458 [01:03<00:00, 36.45it/s]
2026-07-24 19:15:47,604 - sflow.task.server_5 - INFO - 5:
2026-07-24 19:15:47,604 - sflow.task.server_5 - INFO - Loading weights:  99%|█████████▉| 1448/1458 [01:04<00:00, 17.25it/s]
2026-07-24 19:15:47,604 - sflow.task.server_5 - INFO - 4:
2026-07-24 19:15:47,604 - sflow.task.server_5 - INFO - Loading weights:  99%|█████████▉| 1448/1458 [01:04<00:00, 17.58it/s]
2026-07-24 19:15:47,604 - sflow.task.server_5 - INFO - 7:
2026-07-24 19:15:47,604 - sflow.task.server_5 - INFO - Loading weights:  99%|█████████▉| 1450/1458 [01:04<00:00, 17.37it/s]
2026-07-24 19:15:47,604 - sflow.task.server_5 - INFO - 1:
2026-07-24 19:15:47,604 - sflow.task.server_5 - INFO - Loading weights:  98%|█████████▊| 1422/1458 [01:03<00:01, 19.63it/s]
2026-07-24 19:15:47,655 - sflow.task.server_5 - INFO - 6:
2026-07-24 19:15:47,655 - sflow.task.server_5 - INFO - Loading weights: 100%|█████████▉| 1453/1458 [01:04<00:00, 21.23it/s]
2026-07-24 19:15:47,706 - sflow.task.server_5 - INFO - 1:
2026-07-24 19:15:47,706 - sflow.task.server_5 - INFO - Loading weights:  98%|█████████▊| 1429/1458 [01:03<00:01, 23.94it/s]
2026-07-24 19:15:47,858 - sflow.task.server_5 - INFO - 1:
2026-07-24 19:15:47,858 - sflow.task.server_5 - INFO - Loading weights:  99%|█████████▉| 1441/1458 [01:03<00:00, 32.67it/s]
2026-07-24 19:15:47,961 - sflow.task.server_5 - INFO - 2:
2026-07-24 19:15:47,961 - sflow.task.server_5 - INFO - Loading weights:  99%|█████████▉| 1446/1458 [01:04<00:00, 17.13it/s]
2026-07-24 19:15:48,012 - sflow.task.server_5 - INFO - 0:
2026-07-24 19:15:48,012 - sflow.task.server_5 - INFO - Loading weights:  98%|█████████▊| 1422/1458 [01:04<00:01, 18.95it/s]
2026-07-24 19:15:48,063 - sflow.task.server_5 - INFO - 2:
2026-07-24 19:15:48,063 - sflow.task.server_5 - INFO - Loading weights:  99%|█████████▉| 1450/1458 [01:04<00:00, 19.35it/s]
2026-07-24 19:15:48,114 - sflow.task.server_5 - INFO - 0:
2026-07-24 19:15:48,114 - sflow.task.server_5 - INFO - Loading weights:  98%|█████████▊| 1429/1458 [01:04<00:01, 23.43it/s]
2026-07-24 19:15:48,216 - sflow.task.server_5 - INFO - 0:
2026-07-24 19:15:48,217 - sflow.task.server_5 - INFO - Loading weights:  99%|█████████▊| 1438/1458 [01:04<00:00, 30.33it/s]
2026-07-24 19:15:48,318 - sflow.task.server_5 - INFO - 3:
2026-07-24 19:15:48,318 - sflow.task.server_5 - INFO - Loading weights:  99%|█████████▉| 1446/1458 [01:04<00:00, 20.65it/s]
2026-07-24 19:15:48,420 - sflow.task.server_5 - INFO - 3:
2026-07-24 19:15:48,420 - sflow.task.server_5 - INFO - Loading weights: 100%|█████████▉| 1453/1458 [01:04<00:00, 25.16it/s]
2026-07-24 19:15:48,725 - sflow.task.server_5 - INFO - 1:
2026-07-24 19:15:48,725 - sflow.task.server_5 - INFO - Loading weights:  99%|█████████▉| 1448/1458 [01:04<00:00, 19.26it/s]
2026-07-24 19:15:49,031 - sflow.task.server_5 - INFO - 0:
2026-07-24 19:15:49,031 - sflow.task.server_5 - INFO - Loading weights:  99%|█████████▉| 1446/1458 [01:05<00:00, 19.05it/s]
2026-07-24 19:15:49,134 - sflow.task.server_5 - INFO - 0:
2026-07-24 19:15:49,134 - sflow.task.server_5 - INFO - Loading weights: 100%|█████████▉| 1453/1458 [01:05<00:00, 23.44it/s]
2026-07-24 19:15:49,134 - sflow.task.server_5 - INFO - 7:
2026-07-24 19:15:49,134 - sflow.task.server_5 - INFO - Loading weights: 100%|█████████▉| 1456/1458 [01:06<00:00,  8.91it/s]
2026-07-24 19:15:49,134 - sflow.task.server_5 - INFO - 7:
2026-07-24 19:15:49,134 - sflow.task.server_5 - INFO - Loading weights: 100%|██████████| 1458/1458 [01:06<00:00, 22.03it/s]
2026-07-24 19:15:49,134 - sflow.task.server_5 - INFO - 6:
2026-07-24 19:15:49,134 - sflow.task.server_5 - INFO - Loading weights: 100%|██████████| 1458/1458 [01:06<00:00,  8.84it/s]
2026-07-24 19:15:49,134 - sflow.task.server_5 - INFO - 6:
2026-07-24 19:15:49,134 - sflow.task.server_5 - INFO - Loading weights: 100%|██████████| 1458/1458 [01:06<00:00, 22.03it/s]
2026-07-24 19:15:49,134 - sflow.task.server_5 - INFO - 4:
2026-07-24 19:15:49,134 - sflow.task.server_5 - INFO - Loading weights: 100%|█████████▉| 1456/1458 [01:06<00:00, 10.02it/s]
2026-07-24 19:15:49,134 - sflow.task.server_5 - INFO - 4:
2026-07-24 19:15:49,134 - sflow.task.server_5 - INFO - Loading weights: 100%|██████████| 1458/1458 [01:06<00:00, 22.03it/s]
2026-07-24 19:15:49,134 - sflow.task.server_5 - INFO - 5:
2026-07-24 19:15:49,134 - sflow.task.server_5 - INFO - Loading weights: 100%|█████████▉| 1456/1458 [01:06<00:00,  9.64it/s]
2026-07-24 19:15:49,134 - sflow.task.server_5 - INFO - 5:
2026-07-24 19:15:49,134 - sflow.task.server_5 - INFO - Loading weights: 100%|██████████| 1458/1458 [01:06<00:00, 22.04it/s]
2026-07-24 19:15:49,389 - sflow.task.server_5 - INFO - 1:
2026-07-24 19:15:49,389 - sflow.task.server_5 - INFO - Loading weights: 100%|█████████▉| 1456/1458 [01:05<00:00, 16.37it/s]
2026-07-24 19:15:49,389 - sflow.task.server_5 - INFO - 1:
2026-07-24 19:15:49,389 - sflow.task.server_5 - INFO - Loading weights: 100%|██████████| 1458/1458 [01:05<00:00, 22.30it/s]
2026-07-24 19:15:49,389 - sflow.task.server_5 - INFO - 1:
2026-07-24 19:15:49,390 - sflow.task.server_5 - INFO - 2:
2026-07-24 19:15:49,390 - sflow.task.server_5 - INFO - Loading weights: 100%|█████████▉| 1456/1458 [01:05<00:00,  9.49it/s]
2026-07-24 19:15:49,390 - sflow.task.server_5 - INFO - 2:
2026-07-24 19:15:49,390 - sflow.task.server_5 - INFO - Loading weights: 100%|██████████| 1458/1458 [01:05<00:00, 22.27it/s]
2026-07-24 19:15:49,390 - sflow.task.server_5 - INFO - 3:
2026-07-24 19:15:49,390 - sflow.task.server_5 - INFO - Loading weights: 100%|██████████| 1458/1458 [01:05<00:00, 13.75it/s]
2026-07-24 19:15:49,390 - sflow.task.server_5 - INFO - 3:
2026-07-24 19:15:49,390 - sflow.task.server_5 - INFO - Loading weights: 100%|██████████| 1458/1458 [01:05<00:00, 22.27it/s]
2026-07-24 19:15:49,441 - sflow.task.server_5 - INFO - 0:
2026-07-24 19:15:49,441 - sflow.task.server_5 - INFO - Loading weights: 100%|██████████| 1458/1458 [01:05<00:00, 21.16it/s]
2026-07-24 19:15:49,441 - sflow.task.server_5 - INFO - 0:
2026-07-24 19:15:49,441 - sflow.task.server_5 - INFO - Loading weights: 100%|██████████| 1458/1458 [01:05<00:00, 22.25it/s]
2026-07-24 19:15:49,746 - sflow.task.server_5 - INFO - 6: [TensorRT-LLM][INFO] Max KV cache blocks per sequence: 724 [window size=23141], tokens per block=32, primary blocks=1234, secondary blocks=0, max sequence length=23141
2026-07-24 19:15:49,899 - sflow.task.server_5 - INFO - 6: [TensorRT-LLM][INFO] Number of tokens per block: 32.
2026-07-24 19:15:49,899 - sflow.task.server_5 - INFO - 6: [TensorRT-LLM][INFO] [MemUsageChange] Allocated 1.29 GiB for max tokens in paged KV cache (39488).
2026-07-24 19:15:49,899 - sflow.task.server_5 - INFO - 7: [TensorRT-LLM][INFO] Max KV cache blocks per sequence: 724 [window size=23141], tokens per block=32, primary blocks=1234, secondary blocks=0, max sequence length=23141
2026-07-24 19:15:50,000 - sflow.task.server_5 - INFO - 7: [TensorRT-LLM][INFO] Number of tokens per block: 32.
2026-07-24 19:15:50,000 - sflow.task.server_5 - INFO - 7: [TensorRT-LLM][INFO] [MemUsageChange] Allocated 1.29 GiB for max tokens in paged KV cache (39488).
2026-07-24 19:15:50,000 - sflow.task.server_5 - INFO - 5: [TensorRT-LLM][INFO] Max KV cache blocks per sequence: 724 [window size=23141], tokens per block=32, primary blocks=1234, secondary blocks=0, max sequence length=23141
2026-07-24 19:15:50,051 - sflow.task.server_5 - INFO - 3: [TensorRT-LLM][INFO] Max KV cache blocks per sequence: 724 [window size=23141], tokens per block=32, primary blocks=1234, secondary blocks=0, max sequence length=23141
2026-07-24 19:15:50,102 - sflow.task.server_5 - INFO - 5: [TensorRT-LLM][INFO] Number of tokens per block: 32.
2026-07-24 19:15:50,102 - sflow.task.server_5 - INFO - 5: [TensorRT-LLM][INFO] [MemUsageChange] Allocated 1.29 GiB for max tokens in paged KV cache (39488).
2026-07-24 19:15:50,102 - sflow.task.server_5 - INFO - 4: [TensorRT-LLM][INFO] Max KV cache blocks per sequence: 724 [window size=23141], tokens per block=32, primary blocks=1234, secondary blocks=0, max sequence length=23141
2026-07-24 19:15:50,153 - sflow.task.server_5 - INFO - 3: [TensorRT-LLM][INFO] Number of tokens per block: 32.
2026-07-24 19:15:50,153 - sflow.task.server_5 - INFO - 3: [TensorRT-LLM][INFO] [MemUsageChange] Allocated 1.29 GiB for max tokens in paged KV cache (39488).
2026-07-24 19:15:50,153 - sflow.task.server_5 - INFO - 2: [TensorRT-LLM][INFO] Max KV cache blocks per sequence: 724 [window size=23141], tokens per block=32, primary blocks=1234, secondary blocks=0, max sequence length=23141
2026-07-24 19:15:50,255 - sflow.task.server_5 - INFO - 4: [TensorRT-LLM][INFO] Number of tokens per block: 32.
2026-07-24 19:15:50,255 - sflow.task.server_5 - INFO - 4: [TensorRT-LLM][INFO] [MemUsageChange] Allocated 1.29 GiB for max tokens in paged KV cache (39488).
2026-07-24 19:15:50,255 - sflow.task.server_5 - INFO - 2: [TensorRT-LLM][INFO] Number of tokens per block: 32.
2026-07-24 19:15:50,255 - sflow.task.server_5 - INFO - 2: [TensorRT-LLM][INFO] [MemUsageChange] Allocated 1.29 GiB for max tokens in paged KV cache (39488).
2026-07-24 19:15:50,255 - sflow.task.server_5 - INFO - 0: Model init total -- 201.19s
2026-07-24 19:15:50,256 - sflow.task.server_5 - INFO - 0: [07/24/2026-19:15:50] [TRT-LLM] [RANK 0] [I] Using Sampler: TorchSampler
2026-07-24 19:15:50,256 - sflow.task.server_5 - INFO - 0: [07/24/2026-19:15:50] [TRT-LLM] [RANK 0] [I] [create_py_executor] Created execution_stream: <torch.cuda.Stream device=cuda:0 cuda_stream=0xfc3779fef7d0>
2026-07-24 19:15:50,256 - sflow.task.server_5 - INFO - 1: [TensorRT-LLM][INFO] Max KV cache blocks per sequence: 724 [window size=23141], tokens per block=32, primary blocks=1234, secondary blocks=0, max sequence length=23141
2026-07-24 19:15:50,358 - sflow.task.server_5 - INFO - 1: [TensorRT-LLM][INFO] Number of tokens per block: 32.
2026-07-24 19:15:50,358 - sflow.task.server_5 - INFO - 1: [TensorRT-LLM][INFO] [MemUsageChange] Allocated 1.29 GiB for max tokens in paged KV cache (39488).
2026-07-24 19:15:50,358 - sflow.task.server_5 - INFO - 0: [07/24/2026-19:15:50] [TRT-LLM] [RANK 0] [I] [kv cache manager] Primary/secondary blocks for window sizes set to {23141: (1234, 0)} for estimation dry run
2026-07-24 19:15:50,358 - sflow.task.server_5 - INFO - 0: [07/24/2026-19:15:50] [TRT-LLM] [RANK 0] [I] Adjusted attention window size to 23141 in blocks_per_window
2026-07-24 19:15:50,358 - sflow.task.server_5 - INFO - 0: [07/24/2026-19:15:50] [TRT-LLM] [RANK 0] [I] [KVCacheManager] execution_stream: <torch.cuda.Stream device=cuda:0 cuda_stream=0xfc3779fef7d0>
2026-07-24 19:15:50,358 - sflow.task.server_5 - INFO - 0: [TensorRT-LLM][INFO] Max KV cache blocks per sequence: 724 [window size=23141], tokens per block=32, primary blocks=1234, secondary blocks=0, max sequence length=23141
2026-07-24 19:15:50,563 - sflow.task.server_5 - INFO - 0: [TensorRT-LLM][INFO] Number of tokens per block: 32.
2026-07-24 19:15:50,563 - sflow.task.server_5 - INFO - 0: [TensorRT-LLM][INFO] [MemUsageChange] Allocated 1.29 GiB for max tokens in paged KV cache (39488).
2026-07-24 19:15:50,563 - sflow.task.server_5 - INFO - 0: [07/24/2026-19:15:50] [TRT-LLM] [RANK 0] [I] max_seq_len=23141, max_num_requests=512, max_num_tokens=3456, max_batch_size=512
2026-07-24 19:15:50,563 - sflow.task.server_5 - INFO - 2: [TensorRT-LLM][INFO] CacheTransBufferManager: mMaxNumTokens:0, mRecvBufferCount:1, mSendBufferCount:1,mTransferBufferSize:536870912, mPreAllocBufferSize:1073741824,mOnlyUseDynamicBuffer:0 mUseFabricMemory:1 mDataType:6
2026-07-24 19:15:50,563 - sflow.task.server_5 - INFO - 6: [TensorRT-LLM][INFO] CacheTransBufferManager: mMaxNumTokens:0, mRecvBufferCount:1, mSendBufferCount:1,mTransferBufferSize:536870912, mPreAllocBufferSize:1073741824,mOnlyUseDynamicBuffer:0 mUseFabricMemory:1 mDataType:6
2026-07-24 19:15:50,563 - sflow.task.server_5 - INFO - 7: [TensorRT-LLM][INFO] CacheTransBufferManager: mMaxNumTokens:0, mRecvBufferCount:1, mSendBufferCount:1,mTransferBufferSize:536870912, mPreAllocBufferSize:1073741824,mOnlyUseDynamicBuffer:0 mUseFabricMemory:1 mDataType:6
2026-07-24 19:15:50,563 - sflow.task.server_5 - INFO - 3: [TensorRT-LLM][INFO] CacheTransBufferManager: mMaxNumTokens:0, mRecvBufferCount:1, mSendBufferCount:1,mTransferBufferSize:536870912, mPreAllocBufferSize:1073741824,mOnlyUseDynamicBuffer:0 mUseFabricMemory:1 mDataType:6
2026-07-24 19:15:50,563 - sflow.task.server_5 - INFO - 0: [TensorRT-LLM][INFO] CacheTransBufferManager: mMaxNumTokens:0, mRecvBufferCount:1, mSendBufferCount:1,mTransferBufferSize:536870912, mPreAllocBufferSize:1073741824,mOnlyUseDynamicBuffer:0 mUseFabricMemory:1 mDataType:6
2026-07-24 19:15:50,563 - sflow.task.server_5 - INFO - 4: [TensorRT-LLM][INFO] CacheTransBufferManager: mMaxNumTokens:0, mRecvBufferCount:1, mSendBufferCount:1,mTransferBufferSize:536870912, mPreAllocBufferSize:1073741824,mOnlyUseDynamicBuffer:0 mUseFabricMemory:1 mDataType:6
2026-07-24 19:15:50,716 - sflow.task.server_5 - INFO - 5: [TensorRT-LLM][INFO] CacheTransBufferManager: mMaxNumTokens:0, mRecvBufferCount:1, mSendBufferCount:1,mTransferBufferSize:536870912, mPreAllocBufferSize:1073741824,mOnlyUseDynamicBuffer:0 mUseFabricMemory:1 mDataType:6
2026-07-24 19:15:50,716 - sflow.task.server_5 - INFO - 1: [TensorRT-LLM][INFO] CacheTransBufferManager: mMaxNumTokens:0, mRecvBufferCount:1, mSendBufferCount:1,mTransferBufferSize:536870912, mPreAllocBufferSize:1073741824,mOnlyUseDynamicBuffer:0 mUseFabricMemory:1 mDataType:6
2026-07-24 19:15:50,920 - sflow.task.server_5 - INFO - 7: [TensorRT-LLM][INFO] dlopen: libtensorrt_llm_nixl_wrapper.so
2026-07-24 19:15:50,920 - sflow.task.server_5 - INFO - 4: [TensorRT-LLM][INFO] dlopen: libtensorrt_llm_nixl_wrapper.so
2026-07-24 19:15:50,920 - sflow.task.server_5 - INFO - 6: [TensorRT-LLM][INFO] dlopen: libtensorrt_llm_nixl_wrapper.so
2026-07-24 19:15:50,920 - sflow.task.server_5 - INFO - 5: [TensorRT-LLM][INFO] dlopen: libtensorrt_llm_nixl_wrapper.so
2026-07-24 19:15:50,920 - sflow.task.server_5 - INFO - 7: [TensorRT-LLM][INFO] NixlTransferAgent::NixlTransferAgent using NIXL backend: UCX
2026-07-24 19:15:50,920 - sflow.task.server_5 - INFO - 6: [TensorRT-LLM][INFO] NixlTransferAgent::NixlTransferAgent using NIXL backend: UCX
2026-07-24 19:15:50,920 - sflow.task.server_5 - INFO - 5: [TensorRT-LLM][INFO] NixlTransferAgent::NixlTransferAgent using NIXL backend: UCX
2026-07-24 19:15:50,920 - sflow.task.server_5 - INFO - 4: [TensorRT-LLM][INFO] NixlTransferAgent::NixlTransferAgent using NIXL backend: UCX
2026-07-24 19:15:50,920 - sflow.task.server_5 - INFO - 0: [TensorRT-LLM][INFO] dlopen: libtensorrt_llm_nixl_wrapper.so
2026-07-24 19:15:50,920 - sflow.task.server_5 - INFO - 2: [TensorRT-LLM][INFO] dlopen: libtensorrt_llm_nixl_wrapper.so
2026-07-24 19:15:50,920 - sflow.task.server_5 - INFO - 0: [TensorRT-LLM][INFO] NixlTransferAgent::NixlTransferAgent using NIXL backend: UCX
2026-07-24 19:15:50,920 - sflow.task.server_5 - INFO - 2: [TensorRT-LLM][INFO] NixlTransferAgent::NixlTransferAgent using NIXL backend: UCX
2026-07-24 19:15:50,971 - sflow.task.server_5 - INFO - 3: [TensorRT-LLM][INFO] dlopen: libtensorrt_llm_nixl_wrapper.so
2026-07-24 19:15:50,971 - sflow.task.server_5 - INFO - 1: [TensorRT-LLM][INFO] dlopen: libtensorrt_llm_nixl_wrapper.so
2026-07-24 19:15:50,971 - sflow.task.server_5 - INFO - 1: [TensorRT-LLM][INFO] NixlTransferAgent::NixlTransferAgent using NIXL backend: UCX
2026-07-24 19:15:50,971 - sflow.task.server_5 - INFO - 3: [TensorRT-LLM][INFO] NixlTransferAgent::NixlTransferAgent using NIXL backend: UCX
2026-07-24 19:15:51,277 - sflow.task.server_5 - INFO - 7: [TensorRT-LLM][INFO] NixlTransferAgent::NixlTransferAgent mAddress: 10.128.0.44:37141
2026-07-24 19:15:51,277 - sflow.task.server_5 - INFO - 1: [TensorRT-LLM][INFO] NixlTransferAgent::NixlTransferAgent mAddress: 10.128.0.42:52587
2026-07-24 19:15:51,277 - sflow.task.server_5 - INFO - 0: [TensorRT-LLM][INFO] NixlTransferAgent::NixlTransferAgent mAddress: 10.128.0.42:33783
2026-07-24 19:15:51,277 - sflow.task.server_5 - INFO - 6: [TensorRT-LLM][INFO] NixlTransferAgent::NixlTransferAgent mAddress: 10.128.0.44:46065
2026-07-24 19:15:51,277 - sflow.task.server_5 - INFO - 2: [TensorRT-LLM][INFO] NixlTransferAgent::NixlTransferAgent mAddress: 10.128.0.42:34749
2026-07-24 19:15:51,277 - sflow.task.server_5 - INFO - 3: [TensorRT-LLM][INFO] NixlTransferAgent::NixlTransferAgent mAddress: 10.128.0.42:59491
2026-07-24 19:15:51,277 - sflow.task.server_5 - INFO - 4: [TensorRT-LLM][INFO] NixlTransferAgent::NixlTransferAgent mAddress: 10.128.0.44:35095
2026-07-24 19:15:51,277 - sflow.task.server_5 - INFO - 5: [TensorRT-LLM][INFO] NixlTransferAgent::NixlTransferAgent mAddress: 10.128.0.44:55455
2026-07-24 19:15:51,277 - sflow.task.server_5 - INFO - 0: [TensorRT-LLM][INFO] NIXL Connection Manager created
2026-07-24 19:15:51,277 - sflow.task.server_5 - INFO - 4: [TensorRT-LLM][INFO] NIXL Connection Manager created
2026-07-24 19:15:51,277 - sflow.task.server_5 - INFO - 1: [TensorRT-LLM][INFO] NIXL Connection Manager created
2026-07-24 19:15:51,277 - sflow.task.server_5 - INFO - 6: [TensorRT-LLM][INFO] NIXL Connection Manager created
2026-07-24 19:15:51,278 - sflow.task.server_5 - INFO - 2: [TensorRT-LLM][INFO] NIXL Connection Manager created
2026-07-24 19:15:51,278 - sflow.task.server_5 - INFO - 7: [TensorRT-LLM][INFO] NIXL Connection Manager created
2026-07-24 19:15:51,278 - sflow.task.server_5 - INFO - 3: [TensorRT-LLM][INFO] NIXL Connection Manager created
2026-07-24 19:15:51,278 - sflow.task.server_5 - INFO - 5: [TensorRT-LLM][INFO] NIXL Connection Manager created
2026-07-24 19:15:51,278 - sflow.task.server_5 - INFO - 0: [07/24/2026-19:15:51] [TRT-LLM] [RANK 0] [I] [PyExecutor] execution_stream initialized: <torch.cuda.Stream device=cuda:0 cuda_stream=0xfc3779fef7d0>.
2026-07-24 19:15:51,278 - sflow.task.server_5 - INFO - 0: [07/24/2026-19:15:51] [TRT-LLM] [RANK 0] [I] Running autotuner warmup...
2026-07-24 19:15:51,278 - sflow.task.server_5 - INFO - 0: [07/24/2026-19:15:51] [TRT-LLM] [RANK 0] [I] [Autotuner] Autotuning process starts ...
2026-07-24 19:15:51,380 - sflow.task.server_5 - INFO - 7: Model init total -- 200.95s
2026-07-24 19:15:51,380 - sflow.task.server_5 - INFO - 6: Model init total -- 200.38s
2026-07-24 19:15:51,380 - sflow.task.server_5 - INFO - 5: Model init total -- 200.61s
2026-07-24 19:15:51,380 - sflow.task.server_5 - INFO - 4: Model init total -- 200.58s
2026-07-24 19:15:51,380 - sflow.task.server_5 - INFO - 2: Model init total -- 201.10s
2026-07-24 19:15:51,380 - sflow.task.server_5 - INFO - 1: Model init total -- 201.22s
2026-07-24 19:15:51,380 - sflow.task.server_5 - INFO - 3: Model init total -- 200.72s
2026-07-24 19:16:07,054 - sflow.task.server_5 - INFO - 5: [TensorRT-LLM][WARNING] Attention workspace size is not enough, increase the size from 0 bytes to 769755136 bytes
2026-07-24 19:16:07,156 - sflow.task.server_5 - INFO - 4: [TensorRT-LLM][WARNING] Attention workspace size is not enough, increase the size from 0 bytes to 769755136 bytes
2026-07-24 19:16:07,309 - sflow.task.server_5 - INFO - 7: [TensorRT-LLM][WARNING] Attention workspace size is not enough, increase the size from 0 bytes to 769755136 bytes
2026-07-24 19:16:07,412 - sflow.task.server_5 - INFO - 6: [TensorRT-LLM][WARNING] Attention workspace size is not enough, increase the size from 0 bytes to 769755136 bytes
2026-07-24 19:16:08,173 - sflow.task.server_5 - INFO - 1: [TensorRT-LLM][WARNING] Attention workspace size is not enough, increase the size from 0 bytes to 769755136 bytes
2026-07-24 19:16:08,428 - sflow.task.server_5 - INFO - 0: [TensorRT-LLM][WARNING] Attention workspace size is not enough, increase the size from 0 bytes to 769755136 bytes
2026-07-24 19:16:09,393 - sflow.task.server_5 - INFO - 2: [TensorRT-LLM][WARNING] Attention workspace size is not enough, increase the size from 0 bytes to 769755136 bytes
2026-07-24 19:16:09,647 - sflow.task.server_5 - INFO - 3: [TensorRT-LLM][WARNING] Attention workspace size is not enough, increase the size from 0 bytes to 769755136 bytes
2026-07-24 19:16:53,224 - sflow.task.server_5 - INFO - 0: [07/24/2026-19:16:53] [TRT-LLM] [RANK 0] [I] [Autotuner] Autotuning process ends
2026-07-24 19:16:53,224 - sflow.task.server_5 - INFO - 0: [07/24/2026-19:16:53] [TRT-LLM] [RANK 0] [I] [Autotuner] Cache size after warmup is 131
2026-07-24 19:16:53,224 - sflow.task.server_5 - INFO - 0: [07/24/2026-19:16:53] [TRT-LLM] [RANK 0] [I] Creating CUDA graph instances for 11 batch sizes.
2026-07-24 19:16:53,275 - sflow.task.server_5 - INFO - 0: [07/24/2026-19:16:53] [TRT-LLM] [RANK 0] [I] Run generation-only CUDA graph warmup for batch size=512, draft_len=0, max_seq_len=23140
2026-07-24 19:16:53,275 - sflow.task.server_5 - INFO - 1: [TensorRT-LLM][WARNING] Attention workspace size is not enough, increase the size from 0 bytes to 167848960 bytes
2026-07-24 19:16:53,275 - sflow.task.server_5 - INFO - 4: [TensorRT-LLM][WARNING] Attention workspace size is not enough, increase the size from 0 bytes to 167848960 bytes
2026-07-24 19:16:53,275 - sflow.task.server_5 - INFO - 6: [TensorRT-LLM][WARNING] Attention workspace size is not enough, increase the size from 0 bytes to 167848960 bytes
2026-07-24 19:16:53,275 - sflow.task.server_5 - INFO - 0: [TensorRT-LLM][WARNING] Attention workspace size is not enough, increase the size from 0 bytes to 167848960 bytes
2026-07-24 19:16:53,275 - sflow.task.server_5 - INFO - 7: [TensorRT-LLM][WARNING] Attention workspace size is not enough, increase the size from 0 bytes to 167848960 bytes
2026-07-24 19:16:53,275 - sflow.task.server_5 - INFO - 2: [TensorRT-LLM][WARNING] Attention workspace size is not enough, increase the size from 0 bytes to 167848960 bytes
2026-07-24 19:16:53,275 - sflow.task.server_5 - INFO - 5: [TensorRT-LLM][WARNING] Attention workspace size is not enough, increase the size from 0 bytes to 167848960 bytes
2026-07-24 19:16:53,275 - sflow.task.server_5 - INFO - 3: [TensorRT-LLM][WARNING] Attention workspace size is not enough, increase the size from 0 bytes to 167848960 bytes
2026-07-24 19:16:54,241 - sflow.task.server_5 - INFO - 0: [07/24/2026-19:16:54] [TRT-LLM] [RANK 0] [I] Run generation-only CUDA graph warmup for batch size=384, draft_len=0, max_seq_len=23140
2026-07-24 19:16:54,902 - sflow.task.server_5 - INFO - 0: [07/24/2026-19:16:54] [TRT-LLM] [RANK 0] [I] Run generation-only CUDA graph warmup for batch size=256, draft_len=0, max_seq_len=23140
2026-07-24 19:16:55,512 - sflow.task.server_5 - INFO - 0: [07/24/2026-19:16:55] [TRT-LLM] [RANK 0] [I] Run generation-only CUDA graph warmup for batch size=128, draft_len=0, max_seq_len=23140
2026-07-24 19:16:56,071 - sflow.task.server_5 - INFO - 0: [07/24/2026-19:16:56] [TRT-LLM] [RANK 0] [I] Run generation-only CUDA graph warmup for batch size=64, draft_len=0, max_seq_len=23140
2026-07-24 19:16:56,579 - sflow.task.server_5 - INFO - 0: [07/24/2026-19:16:56] [TRT-LLM] [RANK 0] [I] Run generation-only CUDA graph warmup for batch size=32, draft_len=0, max_seq_len=23140
2026-07-24 19:16:57,138 - sflow.task.server_5 - INFO - 0: [07/24/2026-19:16:57] [TRT-LLM] [RANK 0] [I] Run generation-only CUDA graph warmup for batch size=16, draft_len=0, max_seq_len=23140
2026-07-24 19:16:57,697 - sflow.task.server_5 - INFO - 0: [07/24/2026-19:16:57] [TRT-LLM] [RANK 0] [I] Run generation-only CUDA graph warmup for batch size=8, draft_len=0, max_seq_len=23140
2026-07-24 19:16:58,155 - sflow.task.server_5 - INFO - 0: [07/24/2026-19:16:58] [TRT-LLM] [RANK 0] [I] Run generation-only CUDA graph warmup for batch size=4, draft_len=0, max_seq_len=23140
2026-07-24 19:16:58,663 - sflow.task.server_5 - INFO - 0: [07/24/2026-19:16:58] [TRT-LLM] [RANK 0] [I] Run generation-only CUDA graph warmup for batch size=2, draft_len=0, max_seq_len=23140
2026-07-24 19:16:59,170 - sflow.task.server_5 - INFO - 0: [07/24/2026-19:16:59] [TRT-LLM] [RANK 0] [I] Run generation-only CUDA graph warmup for batch size=1, draft_len=0, max_seq_len=23140
2026-07-24 19:16:59,628 - sflow.task.server_5 - INFO - 0: [07/24/2026-19:16:59] [TRT-LLM] [RANK 0] [I] global_steady_clock_offset at each rank: [0.0, 2.00001522898674e-06, 1.00000761449337e-06, -1.00000761449337e-06, -18.269584000110626, -18.269586000125855, -18.269584000110626, -18.269586000125855]
2026-07-24 19:16:59,628 - sflow.task.server_5 - INFO - 0: [07/24/2026-19:16:59] [TRT-LLM] [RANK 0] [I] Setting global_steady_clock_offset: 0.0 seconds for rank 0
2026-07-24 19:16:59,628 - sflow.task.server_5 - INFO - 0: [07/24/2026-19:16:59] [TRT-LLM] [RANK 0] [I] Memory used after loading model weights (inside torch) in memory usage profiling: 62.11 GiB
2026-07-24 19:16:59,628 - sflow.task.server_5 - INFO - 0: [07/24/2026-19:16:59] [TRT-LLM] [RANK 0] [I] Memory used after loading model weights (outside torch) in memory usage profiling: 5.88 GiB
2026-07-24 19:17:00,290 - sflow.task.server_5 - INFO - 1: [TensorRT-LLM][WARNING] [kv cache manager] storeContextBlocks: Can not find sequence for request 513
2026-07-24 19:17:00,290 - sflow.task.server_5 - INFO - 7: [TensorRT-LLM][WARNING] [kv cache manager] storeContextBlocks: Can not find sequence for request 519
2026-07-24 19:17:00,290 - sflow.task.server_5 - INFO - 3: [TensorRT-LLM][WARNING] [kv cache manager] storeContextBlocks: Can not find sequence for request 515
2026-07-24 19:17:00,290 - sflow.task.server_5 - INFO - 5: [TensorRT-LLM][WARNING] [kv cache manager] storeContextBlocks: Can not find sequence for request 517
2026-07-24 19:17:00,290 - sflow.task.server_5 - INFO - 2: [TensorRT-LLM][WARNING] [kv cache manager] storeContextBlocks: Can not find sequence for request 514
2026-07-24 19:17:00,290 - sflow.task.server_5 - INFO - 6: [TensorRT-LLM][WARNING] [kv cache manager] storeContextBlocks: Can not find sequence for request 518
2026-07-24 19:17:00,290 - sflow.task.server_5 - INFO - 0: [TensorRT-LLM][WARNING] [kv cache manager] storeContextBlocks: Can not find sequence for request 512
2026-07-24 19:17:00,290 - sflow.task.server_5 - INFO - 4: [TensorRT-LLM][WARNING] [kv cache manager] storeContextBlocks: Can not find sequence for request 516
2026-07-24 19:17:00,341 - sflow.task.server_5 - INFO - 0: [07/24/2026-19:17:00] [TRT-LLM] [RANK 0] [I] Memory dynamically allocated during inference (inside torch) in memory usage profiling: 0.79 GiB
2026-07-24 19:17:00,341 - sflow.task.server_5 - INFO - 0: [07/24/2026-19:17:00] [TRT-LLM] [RANK 0] [I] Memory used outside torch (e.g., NCCL and CUDA graphs) in memory usage profiling: 6.00 GiB
2026-07-24 19:17:00,341 - sflow.task.server_5 - INFO - 0: [07/24/2026-19:17:00] [TRT-LLM] [RANK 0] [I] Peak memory during memory usage profiling (torch + non-torch): 68.89 GiB, available KV cache memory when calculating max tokens: 104.76 GiB, fraction is set 0.9, kv size is 35136. device total memory 184.00 GiB, , tmp kv_mem 1.29 GiB
2026-07-24 19:17:00,341 - sflow.task.server_5 - INFO - 0: [07/24/2026-19:17:00] [TRT-LLM] [RANK 0] [I] Estimated max memory in KV cache : 104.76 GiB
2026-07-24 19:17:00,341 - sflow.task.server_5 - INFO - 0: [07/24/2026-19:17:00] [TRT-LLM] [RANK 0] [W] Both free_gpu_memory_fraction and max_tokens are set (to 0.9 and 3201538 with free memory 117.21270751953125GiB of total memory 184.0GiB, respectively). The smaller value will be used.
2026-07-24 19:17:00,341 - sflow.task.server_5 - INFO - 0: [07/24/2026-19:17:00] [TRT-LLM] [RANK 0] [I] Adjusted attention window size to 23141 in blocks_per_window
2026-07-24 19:17:00,341 - sflow.task.server_5 - INFO - 0: [07/24/2026-19:17:00] [TRT-LLM] [RANK 0] [I] [KVCacheManager] execution_stream: <torch.cuda.Stream device=cuda:0 cuda_stream=0xfc3779fef7d0>
2026-07-24 19:17:00,341 - sflow.task.server_5 - INFO - 7: [TensorRT-LLM][INFO] Max KV cache blocks per sequence: 724 [window size=23141], tokens per block=32, primary blocks=100048, secondary blocks=0, max sequence length=23141
2026-07-24 19:17:00,341 - sflow.task.server_5 - INFO - 6: [TensorRT-LLM][INFO] Max KV cache blocks per sequence: 724 [window size=23141], tokens per block=32, primary blocks=100048, secondary blocks=0, max sequence length=23141
2026-07-24 19:17:00,341 - sflow.task.server_5 - INFO - 1: [TensorRT-LLM][INFO] Max KV cache blocks per sequence: 724 [window size=23141], tokens per block=32, primary blocks=100048, secondary blocks=0, max sequence length=23141
2026-07-24 19:17:00,341 - sflow.task.server_5 - INFO - 2: [TensorRT-LLM][INFO] Max KV cache blocks per sequence: 724 [window size=23141], tokens per block=32, primary blocks=100048, secondary blocks=0, max sequence length=23141
2026-07-24 19:17:00,341 - sflow.task.server_5 - INFO - 5: [TensorRT-LLM][INFO] Max KV cache blocks per sequence: 724 [window size=23141], tokens per block=32, primary blocks=100048, secondary blocks=0, max sequence length=23141
2026-07-24 19:17:00,341 - sflow.task.server_5 - INFO - 3: [TensorRT-LLM][INFO] Max KV cache blocks per sequence: 724 [window size=23141], tokens per block=32, primary blocks=100048, secondary blocks=0, max sequence length=23141
2026-07-24 19:17:00,341 - sflow.task.server_5 - INFO - 4: [TensorRT-LLM][INFO] Max KV cache blocks per sequence: 724 [window size=23141], tokens per block=32, primary blocks=100048, secondary blocks=0, max sequence length=23141
2026-07-24 19:17:00,341 - sflow.task.server_5 - INFO - 0: [TensorRT-LLM][INFO] Max KV cache blocks per sequence: 724 [window size=23141], tokens per block=32, primary blocks=100048, secondary blocks=0, max sequence length=23141
2026-07-24 19:17:36,669 - sflow.task.server_5 - INFO - 7: [TensorRT-LLM][INFO] Number of tokens per block: 32.
2026-07-24 19:17:36,669 - sflow.task.server_5 - INFO - 7: [TensorRT-LLM][INFO] [MemUsageChange] Allocated 104.76 GiB for max tokens in paged KV cache (3201536).
2026-07-24 19:17:36,669 - sflow.task.server_5 - INFO - 4: [TensorRT-LLM][INFO] Number of tokens per block: 32.
2026-07-24 19:17:36,669 - sflow.task.server_5 - INFO - 4: [TensorRT-LLM][INFO] [MemUsageChange] Allocated 104.76 GiB for max tokens in paged KV cache (3201536).
2026-07-24 19:17:36,669 - sflow.task.server_5 - INFO - 6: [TensorRT-LLM][INFO] Number of tokens per block: 32.
2026-07-24 19:17:36,669 - sflow.task.server_5 - INFO - 6: [TensorRT-LLM][INFO] [MemUsageChange] Allocated 104.76 GiB for max tokens in paged KV cache (3201536).
2026-07-24 19:17:36,669 - sflow.task.server_5 - INFO - 5: [TensorRT-LLM][INFO] Number of tokens per block: 32.
2026-07-24 19:17:36,669 - sflow.task.server_5 - INFO - 5: [TensorRT-LLM][INFO] [MemUsageChange] Allocated 104.76 GiB for max tokens in paged KV cache (3201536).
2026-07-24 19:17:43,744 - sflow.task.server_5 - INFO - 2: [TensorRT-LLM][INFO] Number of tokens per block: 32.
2026-07-24 19:17:43,744 - sflow.task.server_5 - INFO - 2: [TensorRT-LLM][INFO] [MemUsageChange] Allocated 104.76 GiB for max tokens in paged KV cache (3201536).
2026-07-24 19:17:43,744 - sflow.task.server_5 - INFO - 3: [TensorRT-LLM][INFO] Number of tokens per block: 32.
2026-07-24 19:17:43,744 - sflow.task.server_5 - INFO - 3: [TensorRT-LLM][INFO] [MemUsageChange] Allocated 104.76 GiB for max tokens in paged KV cache (3201536).
2026-07-24 19:17:43,744 - sflow.task.server_5 - INFO - 0: [TensorRT-LLM][INFO] Number of tokens per block: 32.
2026-07-24 19:17:43,744 - sflow.task.server_5 - INFO - 0: [TensorRT-LLM][INFO] [MemUsageChange] Allocated 104.76 GiB for max tokens in paged KV cache (3201536).
2026-07-24 19:17:43,745 - sflow.task.server_5 - INFO - 1: [TensorRT-LLM][INFO] Number of tokens per block: 32.
2026-07-24 19:17:43,745 - sflow.task.server_5 - INFO - 1: [TensorRT-LLM][INFO] [MemUsageChange] Allocated 104.76 GiB for max tokens in paged KV cache (3201536).
2026-07-24 19:17:44,254 - sflow.task.server_5 - INFO - 0: [07/24/2026-19:17:44] [TRT-LLM] [RANK 0] [I] max_seq_len=23141, max_num_requests=512, max_num_tokens=3456, max_batch_size=512
2026-07-24 19:17:44,356 - sflow.task.server_5 - INFO - 0: [TensorRT-LLM][INFO] CacheTransBufferManager: mMaxNumTokens:0, mRecvBufferCount:1, mSendBufferCount:1,mTransferBufferSize:536870912, mPreAllocBufferSize:1073741824,mOnlyUseDynamicBuffer:0 mUseFabricMemory:1 mDataType:6
2026-07-24 19:17:44,356 - sflow.task.server_5 - INFO - 2: [TensorRT-LLM][INFO] CacheTransBufferManager: mMaxNumTokens:0, mRecvBufferCount:1, mSendBufferCount:1,mTransferBufferSize:536870912, mPreAllocBufferSize:1073741824,mOnlyUseDynamicBuffer:0 mUseFabricMemory:1 mDataType:6
2026-07-24 19:17:44,356 - sflow.task.server_5 - INFO - 3: [TensorRT-LLM][INFO] CacheTransBufferManager: mMaxNumTokens:0, mRecvBufferCount:1, mSendBufferCount:1,mTransferBufferSize:536870912, mPreAllocBufferSize:1073741824,mOnlyUseDynamicBuffer:0 mUseFabricMemory:1 mDataType:6
2026-07-24 19:17:44,356 - sflow.task.server_5 - INFO - 1: [TensorRT-LLM][INFO] CacheTransBufferManager: mMaxNumTokens:0, mRecvBufferCount:1, mSendBufferCount:1,mTransferBufferSize:536870912, mPreAllocBufferSize:1073741824,mOnlyUseDynamicBuffer:0 mUseFabricMemory:1 mDataType:6
2026-07-24 19:17:44,356 - sflow.task.server_5 - INFO - 4: [TensorRT-LLM][INFO] CacheTransBufferManager: mMaxNumTokens:0, mRecvBufferCount:1, mSendBufferCount:1,mTransferBufferSize:536870912, mPreAllocBufferSize:1073741824,mOnlyUseDynamicBuffer:0 mUseFabricMemory:1 mDataType:6
2026-07-24 19:17:44,356 - sflow.task.server_5 - INFO - 7: [TensorRT-LLM][INFO] CacheTransBufferManager: mMaxNumTokens:0, mRecvBufferCount:1, mSendBufferCount:1,mTransferBufferSize:536870912, mPreAllocBufferSize:1073741824,mOnlyUseDynamicBuffer:0 mUseFabricMemory:1 mDataType:6
2026-07-24 19:17:44,356 - sflow.task.server_5 - INFO - 5: [TensorRT-LLM][INFO] CacheTransBufferManager: mMaxNumTokens:0, mRecvBufferCount:1, mSendBufferCount:1,mTransferBufferSize:536870912, mPreAllocBufferSize:1073741824,mOnlyUseDynamicBuffer:0 mUseFabricMemory:1 mDataType:6
2026-07-24 19:17:44,356 - sflow.task.server_5 - INFO - 6: [TensorRT-LLM][INFO] CacheTransBufferManager: mMaxNumTokens:0, mRecvBufferCount:1, mSendBufferCount:1,mTransferBufferSize:536870912, mPreAllocBufferSize:1073741824,mOnlyUseDynamicBuffer:0 mUseFabricMemory:1 mDataType:6
2026-07-24 19:17:44,713 - sflow.task.server_5 - INFO - 7: [TensorRT-LLM][INFO] NixlTransferAgent::NixlTransferAgent using NIXL backend: UCX
2026-07-24 19:17:44,713 - sflow.task.server_5 - INFO - 4: [TensorRT-LLM][INFO] NixlTransferAgent::NixlTransferAgent using NIXL backend: UCX
2026-07-24 19:17:44,713 - sflow.task.server_5 - INFO - 6: [TensorRT-LLM][INFO] NixlTransferAgent::NixlTransferAgent using NIXL backend: UCX
2026-07-24 19:17:44,713 - sflow.task.server_5 - INFO - 5: [TensorRT-LLM][INFO] NixlTransferAgent::NixlTransferAgent using NIXL backend: UCX
2026-07-24 19:17:44,814 - sflow.task.server_5 - INFO - 3: [TensorRT-LLM][INFO] NixlTransferAgent::NixlTransferAgent using NIXL backend: UCX
2026-07-24 19:17:44,814 - sflow.task.server_5 - INFO - 2: [TensorRT-LLM][INFO] NixlTransferAgent::NixlTransferAgent using NIXL backend: UCX
2026-07-24 19:17:44,814 - sflow.task.server_5 - INFO - 1: [TensorRT-LLM][INFO] NixlTransferAgent::NixlTransferAgent using NIXL backend: UCX
2026-07-24 19:17:44,814 - sflow.task.server_5 - INFO - 0: [TensorRT-LLM][INFO] NixlTransferAgent::NixlTransferAgent using NIXL backend: UCX
2026-07-24 19:17:45,069 - sflow.task.server_5 - INFO - 7: [TensorRT-LLM][INFO] NixlTransferAgent::NixlTransferAgent mAddress: 10.128.0.44:36335
2026-07-24 19:17:45,069 - sflow.task.server_5 - INFO - 6: [TensorRT-LLM][INFO] NixlTransferAgent::NixlTransferAgent mAddress: 10.128.0.44:51699
2026-07-24 19:17:45,069 - sflow.task.server_5 - INFO - 4: [TensorRT-LLM][INFO] NixlTransferAgent::NixlTransferAgent mAddress: 10.128.0.44:39101
2026-07-24 19:17:45,069 - sflow.task.server_5 - INFO - 5: [TensorRT-LLM][INFO] NixlTransferAgent::NixlTransferAgent mAddress: 10.128.0.44:34417
2026-07-24 19:17:45,171 - sflow.task.server_5 - INFO - 3: [TensorRT-LLM][INFO] NixlTransferAgent::NixlTransferAgent mAddress: 10.128.0.42:58139
2026-07-24 19:17:45,171 - sflow.task.server_5 - INFO - 2: [TensorRT-LLM][INFO] NixlTransferAgent::NixlTransferAgent mAddress: 10.128.0.42:36879
2026-07-24 19:17:45,171 - sflow.task.server_5 - INFO - 1: [TensorRT-LLM][INFO] NixlTransferAgent::NixlTransferAgent mAddress: 10.128.0.42:59797
2026-07-24 19:17:45,171 - sflow.task.server_5 - INFO - 0: [TensorRT-LLM][INFO] NixlTransferAgent::NixlTransferAgent mAddress: 10.128.0.42:42399
2026-07-24 19:17:45,171 - sflow.task.server_5 - INFO - 0: [TensorRT-LLM][INFO] NIXL Connection Manager created
2026-07-24 19:17:45,171 - sflow.task.server_5 - INFO - 1: [TensorRT-LLM][INFO] NIXL Connection Manager created
2026-07-24 19:17:45,171 - sflow.task.server_5 - INFO - 2: [TensorRT-LLM][INFO] NIXL Connection Manager created
2026-07-24 19:17:45,171 - sflow.task.server_5 - INFO - 4: [TensorRT-LLM][INFO] NIXL Connection Manager created
2026-07-24 19:17:45,171 - sflow.task.server_5 - INFO - 3: [TensorRT-LLM][INFO] NIXL Connection Manager created
2026-07-24 19:17:45,171 - sflow.task.server_5 - INFO - 5: [TensorRT-LLM][INFO] NIXL Connection Manager created
2026-07-24 19:17:45,171 - sflow.task.server_5 - INFO - 6: [TensorRT-LLM][INFO] NIXL Connection Manager created
2026-07-24 19:17:45,171 - sflow.task.server_5 - INFO - 7: [TensorRT-LLM][INFO] NIXL Connection Manager created
2026-07-24 19:17:45,171 - sflow.task.server_5 - INFO - 0: [07/24/2026-19:17:45] [TRT-LLM] [RANK 0] [I] [PyExecutor] execution_stream initialized: <torch.cuda.Stream device=cuda:0 cuda_stream=0xfc3779fef7d0>.
2026-07-24 19:17:45,171 - sflow.task.server_5 - INFO - 0: [07/24/2026-19:17:45] [TRT-LLM] [RANK 0] [I] Running autotuner warmup...
2026-07-24 19:17:45,171 - sflow.task.server_5 - INFO - 0: [07/24/2026-19:17:45] [TRT-LLM] [RANK 0] [I] [Autotuner] Autotuning process starts ...
2026-07-24 19:17:45,171 - sflow.task.server_5 - INFO - 0: [TensorRT-LLM][WARNING] Attention workspace size is not enough, increase the size from 0 bytes to 769755136 bytes
2026-07-24 19:17:45,171 - sflow.task.server_5 - INFO - 2: [TensorRT-LLM][WARNING] Attention workspace size is not enough, increase the size from 0 bytes to 769755136 bytes
2026-07-24 19:17:45,171 - sflow.task.server_5 - INFO - 3: [TensorRT-LLM][WARNING] Attention workspace size is not enough, increase the size from 0 bytes to 769755136 bytes
2026-07-24 19:17:45,171 - sflow.task.server_5 - INFO - 1: [TensorRT-LLM][WARNING] Attention workspace size is not enough, increase the size from 0 bytes to 769755136 bytes
2026-07-24 19:17:45,171 - sflow.task.server_5 - INFO - 7: [TensorRT-LLM][WARNING] Attention workspace size is not enough, increase the size from 0 bytes to 769755136 bytes
2026-07-24 19:17:45,171 - sflow.task.server_5 - INFO - 4: [TensorRT-LLM][WARNING] Attention workspace size is not enough, increase the size from 0 bytes to 769755136 bytes
2026-07-24 19:17:45,171 - sflow.task.server_5 - INFO - 5: [TensorRT-LLM][WARNING] Attention workspace size is not enough, increase the size from 0 bytes to 769755136 bytes
2026-07-24 19:17:45,171 - sflow.task.server_5 - INFO - 6: [TensorRT-LLM][WARNING] Attention workspace size is not enough, increase the size from 0 bytes to 769755136 bytes
2026-07-24 19:17:45,681 - sflow.task.server_5 - INFO - 0: [07/24/2026-19:17:45] [TRT-LLM] [RANK 0] [I] [Autotuner] Autotuning process ends
2026-07-24 19:17:45,681 - sflow.task.server_5 - INFO - 0: [07/24/2026-19:17:45] [TRT-LLM] [RANK 0] [I] [Autotuner] Cache size after warmup is 131
2026-07-24 19:17:45,681 - sflow.task.server_5 - INFO - 0: [07/24/2026-19:17:45] [TRT-LLM] [RANK 0] [I] Creating CUDA graph instances for 11 batch sizes.
2026-07-24 19:17:45,732 - sflow.task.server_5 - INFO - 0: [07/24/2026-19:17:45] [TRT-LLM] [RANK 0] [I] Run generation-only CUDA graph warmup for batch size=512, draft_len=0, max_seq_len=23140
2026-07-24 19:17:45,732 - sflow.task.server_5 - INFO - 1: [TensorRT-LLM][WARNING] Attention workspace size is not enough, increase the size from 0 bytes to 167848960 bytes
2026-07-24 19:17:45,732 - sflow.task.server_5 - INFO - 4: [TensorRT-LLM][WARNING] Attention workspace size is not enough, increase the size from 0 bytes to 167848960 bytes
2026-07-24 19:17:45,732 - sflow.task.server_5 - INFO - 0: [TensorRT-LLM][WARNING] Attention workspace size is not enough, increase the size from 0 bytes to 167848960 bytes
2026-07-24 19:17:45,732 - sflow.task.server_5 - INFO - 2: [TensorRT-LLM][WARNING] Attention workspace size is not enough, increase the size from 0 bytes to 167848960 bytes
2026-07-24 19:17:45,732 - sflow.task.server_5 - INFO - 6: [TensorRT-LLM][WARNING] Attention workspace size is not enough, increase the size from 0 bytes to 167848960 bytes
2026-07-24 19:17:45,732 - sflow.task.server_5 - INFO - 3: [TensorRT-LLM][WARNING] Attention workspace size is not enough, increase the size from 0 bytes to 167848960 bytes
2026-07-24 19:17:45,732 - sflow.task.server_5 - INFO - 5: [TensorRT-LLM][WARNING] Attention workspace size is not enough, increase the size from 0 bytes to 167848960 bytes
2026-07-24 19:17:45,732 - sflow.task.server_5 - INFO - 7: [TensorRT-LLM][WARNING] Attention workspace size is not enough, increase the size from 0 bytes to 167848960 bytes
2026-07-24 19:17:46,598 - sflow.task.server_5 - INFO - 0: [07/24/2026-19:17:46] [TRT-LLM] [RANK 0] [I] Run generation-only CUDA graph warmup for batch size=384, draft_len=0, max_seq_len=23140
2026-07-24 19:17:47,156 - sflow.task.server_5 - INFO - 0: [07/24/2026-19:17:47] [TRT-LLM] [RANK 0] [I] Run generation-only CUDA graph warmup for batch size=256, draft_len=0, max_seq_len=23140
2026-07-24 19:17:47,664 - sflow.task.server_5 - INFO - 0: [07/24/2026-19:17:47] [TRT-LLM] [RANK 0] [I] Run generation-only CUDA graph warmup for batch size=128, draft_len=0, max_seq_len=23140
2026-07-24 19:17:48,222 - sflow.task.server_5 - INFO - 0: [07/24/2026-19:17:48] [TRT-LLM] [RANK 0] [I] Run generation-only CUDA graph warmup for batch size=64, draft_len=0, max_seq_len=23140
2026-07-24 19:17:48,729 - sflow.task.server_5 - INFO - 0: [07/24/2026-19:17:48] [TRT-LLM] [RANK 0] [I] Run generation-only CUDA graph warmup for batch size=32, draft_len=0, max_seq_len=23140
2026-07-24 19:17:49,237 - sflow.task.server_5 - INFO - 0: [07/24/2026-19:17:49] [TRT-LLM] [RANK 0] [I] Run generation-only CUDA graph warmup for batch size=16, draft_len=0, max_seq_len=23140
2026-07-24 19:17:49,695 - sflow.task.server_5 - INFO - 0: [07/24/2026-19:17:49] [TRT-LLM] [RANK 0] [I] Run generation-only CUDA graph warmup for batch size=8, draft_len=0, max_seq_len=23140
2026-07-24 19:17:50,202 - sflow.task.server_5 - INFO - 0: [07/24/2026-19:17:50] [TRT-LLM] [RANK 0] [I] Run generation-only CUDA graph warmup for batch size=4, draft_len=0, max_seq_len=23140
2026-07-24 19:17:50,710 - sflow.task.server_5 - INFO - 0: [07/24/2026-19:17:50] [TRT-LLM] [RANK 0] [I] Run generation-only CUDA graph warmup for batch size=2, draft_len=0, max_seq_len=23140
2026-07-24 19:17:51,167 - sflow.task.server_5 - INFO - 0: [07/24/2026-19:17:51] [TRT-LLM] [RANK 0] [I] Run generation-only CUDA graph warmup for batch size=1, draft_len=0, max_seq_len=23140
2026-07-24 19:17:51,675 - sflow.task.server_5 - INFO - 0: [07/24/2026-19:17:51] [TRT-LLM] [RANK 0] [I] global_steady_clock_offset at each rank: [0.0, 5.00003807246685e-06, -1.00000761449337e-06, 3.00002284348011e-06, -18.26957400003448, -18.26956899999641, -18.26957600004971, -18.26956699998118]
2026-07-24 19:17:51,675 - sflow.task.server_5 - INFO - 0: [07/24/2026-19:17:51] [TRT-LLM] [RANK 0] [I] Setting global_steady_clock_offset: 0.0 seconds for rank 0
2026-07-24 19:17:51,675 - sflow.task.server_5 - INFO - 0: [07/24/2026-19:17:51] [TRT-LLM] [RANK 0] [I] Setting PyTorch memory fraction to 0.4104418547257133 (75.52130126953125 GiB)
2026-07-24 19:17:51,675 - sflow.task.server_5 - INFO - 0: [07/24/2026-19:17:51] [TRT-LLM] [RANK 0] [I] LLM Args:
2026-07-24 19:17:51,675 - sflow.task.server_5 - INFO - 0: model='/home/mlperf_inference_storage/models/deepseek-r1/fp4-quantized-modelopt/deepseek_r1-torch-fp4' tokenizer=None tokenizer_mode='auto' custom_tokenizer=None skip_tokenizer_init=False trust_remote_code=False tensor_parallel_size=8 dtype='auto' revision=None tokenizer_revision=None pipeline_parallel_size=1 context_parallel_size=1 gpus_per_node=1 moe_cluster_parallel_size=-1 moe_tensor_parallel_size=-1 moe_expert_parallel_size=8 enable_attention_dp=True enable_lm_head_tp_in_adp=False pp_partition=None cp_config={} load_format=<LoadFormat.AUTO: 0> fail_fast_on_attention_window_too_large=False enable_lora=False lora_config=None kv_cache_config=KvCacheConfig(enable_block_reuse=False, max_tokens=3201538, max_attention_window=None, sink_token_length=None, free_gpu_memory_fraction=0.9, host_cache_size=None, onboard_blocks=True, cross_kv_cache_fraction=None, secondary_offload_min_priority=None, event_buffer_max_size=0, attention_dp_events_gather_period_ms=5, e
2026-07-24 19:17:51,675 - sflow.task.server_5 - INFO - 0: nable_partial_reuse=True, copy_on_partial_reuse=True, use_uvm=False, max_gpu_total_bytes=112489239859, dtype='fp8', mamba_ssm_cache_dtype='auto', tokens_per_block=32) enable_chunked_prefill=False guided_decoding_backend=None batched_logits_processor=None iter_stats_max_iterations=None request_stats_max_iterations=None peft_cache_config=None scheduler_config=SchedulerConfig(capacity_scheduler_policy=<CapacitySchedulerPolicy.MAX_UTILIZATION: 'MAX_UTILIZATION'>, context_chunking_policy=<ContextChunkingPolicy.FIRST_COME_FIRST_SERVED: 'FIRST_COME_FIRST_SERVED'>, dynamic_batch_config=None) cache_transceiver_config=CacheTransceiverConfig(backend='NIXL', max_tokens_in_buffer=None, kv_transfer_timeout_ms=None, kv_transfer_sender_future_timeout_ms=1000) sparse_attention_config=None speculative_config=None max_batch_size=512 max_input_len=1024 max_seq_len=23140 max_beam_width=1 max_num_tokens=3456 gather_generation_logits=False num_postprocess_workers=0 postprocess_tokenizer_dir='/home/mlperf_inference_storage/models/de
2026-07-24 19:17:51,675 - sflow.task.server_5 - INFO - 0: epseek-r1/fp4-quantized-modelopt/deepseek_r1-torch-fp4' reasoning_parser=None decoding_config=None mpi_session=None otlp_traces_endpoint=None backend='pytorch' return_perf_metrics=False orchestrator_type=None env_overrides=None garbage_collection_gen0_threshold=20000 cuda_graph_config=CudaGraphConfig(batch_sizes=[1, 2, 4, 8, 16, 32, 64, 128, 256, 384, 512], max_batch_size=512, enable_padding=True) attention_dp_config=AttentionDpConfig(enable_balance=True, timeout_iters=9, batching_wait_iters=3) disable_overlap_scheduler=False moe_config=MoeConfig(backend='CUTEDSL', max_num_tokens=None, load_balancer=None, disable_finalize_fusion=False, use_low_precision_moe_combine=False) nvfp4_gemm_config=Nvfp4GemmConfig(allowed_backends=['cutlass', 'cublaslt', 'cuda_core']) attn_backend='TRTLLM' sampler_type=<SamplerType.auto: 'auto'> sampler_force_async_worker=False enable_iter_perf_stats=False enable_iter_req_stats=False print_iter_log=False perf_metrics_max_requests=0 batch_wait_timeout_ms=0 batch_wait_timeout_iters=0 ba
2026-07-24 19:17:51,675 - sflow.task.server_5 - INFO - 0: tch_wait_max_tokens_ratio=0 torch_compile_config=None enable_autotuner=True enable_layerwise_nvtx_marker=False enable_min_latency=False stream_interval=100 force_dynamic_quantization=False allreduce_strategy='AUTO' checkpoint_loader=None checkpoint_format='HF' kv_connector_config=None mm_encoder_only=False ray_worker_extension_cls=None ray_placement_config=None enable_sleep=False disable_flashinfer_sampling=False max_stats_len=1000
2026-07-24 19:17:51,675 - sflow.task.server_5 - INFO - 0: [07/24/2026-19:17:51] [TRT-LLM] [RANK 0] [I] RPCServer is bound to ipc:///tmp/rpc_test_f5d17bcc-0460-416f-ba11-9bd513b3d553
2026-07-24 19:17:51,675 - sflow.task.server_5 - INFO - 0: [07/24/2026-19:17:51] [TRT-LLM] [RANK 0] [I] RPC Server started and listening on ipc:///tmp/rpc_test_f5d17bcc-0460-416f-ba11-9bd513b3d553
2026-07-24 19:17:51,675 - sflow.task.server_5 - INFO - 0: [07/24/2026-19:17:51] [TRT-LLM] [RANK 0] [I] RPC Server has started.
2026-07-24 19:17:51,675 - sflow.task.server_5 - INFO - 0: [07/24/2026-19:17:51] [TRT-LLM] [I] get signal from executor worker
2026-07-24 19:17:52,335 - sflow.task.server_5 - INFO - 0: INFO:     Started server process [448296]
2026-07-24 19:17:52,335 - sflow.task.server_5 - INFO - 0: INFO:     Waiting for application startup.
2026-07-24 19:17:52,335 - sflow.task.server_5 - INFO - 0: INFO:     Application startup complete.
2026-07-24 19:19:09,250 - sflow.task.server_5 - INFO - 0: INFO:     10.128.0.106:36586 - "GET /health HTTP/1.1" 200 OK
2026-07-24 19:19:09,352 - sflow.task.server_5 - INFO - 0: INFO:     10.128.0.106:36588 - "POST /v1/chat/completions HTTP/1.1" 200 OK
2026-07-24 19:19:09,453 - sflow.task.server_5 - INFO - 0: INFO:     10.128.0.106:36594 - "POST /v1/chat/completions HTTP/1.1" 200 OK
2026-07-24 19:19:09,555 - sflow.task.server_5 - INFO - 0: INFO:     10.128.0.106:36598 - "POST /v1/chat/completions HTTP/1.1" 200 OK
2026-07-24 19:19:09,607 - sflow.task.server_5 - INFO - 0: INFO:     10.128.0.106:36610 - "POST /v1/chat/completions HTTP/1.1" 200 OK
2026-07-24 19:19:09,659 - sflow.task.server_5 - INFO - 0: INFO:     10.128.0.106:36614 - "POST /v1/chat/completions HTTP/1.1" 200 OK
2026-07-24 19:19:09,761 - sflow.task.server_5 - INFO - 0: INFO:     10.128.0.106:36622 - "POST /v1/chat/completions HTTP/1.1" 200 OK
2026-07-24 19:19:09,966 - sflow.task.server_5 - INFO - 0: INFO:     10.128.0.106:36632 - "POST /v1/chat/completions HTTP/1.1" 200 OK
2026-07-24 19:19:09,966 - sflow.task.server_5 - INFO - 0: INFO:     10.128.0.106:36642 - "POST /v1/chat/completions HTTP/1.1" 200 OK
2026-07-24 19:19:10,118 - sflow.task.server_5 - INFO - 0: INFO:     10.128.0.106:36656 - "POST /v1/chat/completions HTTP/1.1" 200 OK
2026-07-24 19:19:10,118 - sflow.task.server_5 - INFO - 0: INFO:     10.128.0.106:36672 - "POST /v1/chat/completions HTTP/1.1" 200 OK
2026-07-24 19:19:10,219 - sflow.task.server_5 - INFO - 0: INFO:     10.128.0.106:36678 - "POST /v1/chat/completions HTTP/1.1" 200 OK
2026-07-24 19:19:10,321 - sflow.task.server_5 - INFO - 0: INFO:     10.128.0.106:36688 - "POST /v1/chat/completions HTTP/1.1" 200 OK
2026-07-24 19:19:10,372 - sflow.task.server_5 - INFO - 0: INFO:     10.128.0.106:36696 - "POST /v1/chat/completions HTTP/1.1" 200 OK
