batch_index,latency_ms
1,38.1785
2,39.6835
3,38.7940
4,39.9250
5,40.3023
6,36.4159
7,39.4516
8,40.6230
9,37.9301
10,35.1290
11,35.4824
12,38.2095
13,39.3638
14,37.1323
15,38.0048
16,38.5096
17,38.2255
18,35.8271
19,39.2750
20,35.2970
21,37.7498
22,37.6059
23,38.6065
24,37.5209
25,38.3853
26,37.8609
27,35.5372
28,39.1562
29,40.3341
30,39.0371
31,39.4372
32,37.5034
33,38.3114
34,37.9270
35,38.6900
36,41.8440
37,35.4235
38,38.7749
39,37.6366
40,38.3243
41,35.0644
42,35.0837
43,35.2236
44,37.7155
45,37.2794
46,35.3839
47,38.3066
48,35.5926
49,35.5651
50,33.7801
51,37.5621
52,34.0869
53,33.4579
54,34.1679
55,36.0686
56,36.5646
57,35.8572
58,37.2175
59,35.9727
60,34.4354
61,35.4145
1,17.5538
2,16.0997
3,13.3846
62,39.9268
4,13.3091
5,14.4050
6,10.8645
63,35.0072
7,11.1339
8,13.3153
9,10.0661
64,34.8762
10,10.7110
11,12.7928
12,10.5381
65,35.2828
13,11.1678
14,13.6603
15,9.9333
66,37.2348
16,10.1802
17,13.4282
67,34.8727
18,11.1669
68,35.2083
19,12.2322
69,37.1115
20,10.5341
70,34.5495
21,11.0935
71,34.9570
22,10.5426
72,34.4863
23,12.0450
73,36.8752
24,11.7399
74,36.6223
25,11.5698
75,36.9713
26,12.1097
76,36.9344
27,10.3810
77,34.2562
28,10.6182
78,34.9915
29,12.2968
79,37.1186
30,10.9852
80,35.7730
31,11.9710
81,37.4237
32,11.0103
82,36.8071
33,11.6385
83,35.3610
34,10.7177
84,36.0530
35,10.6426
85,34.9177
36,10.8986
86,35.5514
37,11.7007
87,38.1317
38,11.6770
88,34.9788
39,12.3491
89,37.4533
40,11.5048
90,36.8628
41,12.7000
91,37.0581
42,13.0050
92,37.6640
43,13.7287
93,38.6444
44,13.0810
94,38.6913
45,11.8745
95,36.4348
46,11.9951
96,34.8880
47,12.4282
97,36.9762
48,12.0467
98,35.4702
49,11.8124
99,35.2272
50,10.8273
100,35.4531
51,11.0126
101,34.4335
52,11.6484
102,37.3771
53,10.7900
103,34.5861
54,10.7039
104,36.7477
55,10.6094
105,34.9632
56,10.4552
106,34.5706
57,11.4362
107,36.9450
58,12.2079
108,38.1253
59,11.1471
109,36.8899
60,14.0799
110,38.4547
61,12.3013
111,34.7449
62,13.5080
112,37.1541
63,13.3332
113,36.9527
64,13.3367
114,36.4045
65,12.3849
115,35.3688
66,13.2857
116,37.2157
67,12.0521
117,34.9042
68,12.8925
118,34.6768
69,12.6134
119,36.9569
70,12.1353
120,34.7308
71,12.0198
121,35.4621
72,12.2071
122,36.8966
73,12.5379
123,35.2443
74,13.1614
124,37.2132
75,11.3571
125,38.8701
76,11.7166
126,35.1925
77,11.1502
127,37.8874
78,12.1042
128,37.5000
79,10.5428
129,35.2441
80,12.2782
130,36.6264
81,11.8323
131,37.1839
82,12.1537
132,36.9435
83,10.6656
133,34.3874
84,10.9100
134,37.2732
85,10.9917
135,35.1477
86,10.7594
136,35.0084
87,10.6580
137,35.4050
88,10.5339
138,35.1084
89,10.4427
139,34.8325
90,11.5355
140,35.2152
91,12.0900
141,36.8069
92,12.7197
142,36.9184
93,10.5483
143,35.3705
94,10.7236
144,35.1430
95,11.5603
145,38.1664
96,10.5998
146,35.3252
97,10.7358
147,35.9399
98,11.0169
148,34.7884
99,11.2302
149,35.6114
100,10.6238
150,34.8550
101,11.9053
151,35.4085
102,11.5294
152,34.7222
103,11.2019
153,38.3522
104,11.6663
154,36.6588
105,11.2305
155,35.5193
106,10.6777
156,35.3957
107,10.2710
157,34.7481
108,10.5332
158,34.6436
109,12.0791
159,37.1152
110,11.3273
160,37.7759
111,11.5803
161,36.5001
112,10.6158
162,35.5559
113,11.3514
163,37.3325
114,10.4695
164,35.3304
115,10.4338
165,34.8806
116,12.0294
166,36.5805
117,12.1171
167,36.7334
118,10.5541
168,34.7890
119,10.3067
169,34.1103
120,11.2008
170,35.1278
121,11.6615
171,35.2724
122,12.3075
172,37.5476
123,11.2257
173,36.9896
124,10.4247
174,35.1263
125,10.4012
175,35.0460
126,10.6961
176,34.9114
127,12.8963
177,38.3020
128,10.2800
178,35.2615
129,10.8361
179,35.1087
130,11.4146
180,35.2918
131,11.3885
181,34.7846
132,10.9904
182,34.6454
133,12.1043
183,36.8785
134,10.7462
184,35.0328
135,10.6755
185,34.5067
136,11.2003
186,35.0068
137,11.1853
187,34.8746
138,12.4539
188,35.0483
139,10.9148
189,35.3270
140,11.9737
190,37.2626
141,10.6900
191,35.6808
142,10.0807
192,38.5340
143,11.0041
193,36.9885
144,10.8717
194,36.9890
145,10.3403
195,34.4486
146,10.5914
196,35.1094
147,10.7241
197,35.6562
148,10.4500
198,34.9917
149,11.1729
199,35.3864
150,10.6602
200,34.8989
151,10.8970
201,34.3572
152,10.5453
202,35.0362
153,11.7755
203,36.4477
154,10.6310
204,35.0912
155,10.7120
205,35.5984
156,10.4550
206,34.7895
157,10.2535
207,36.7654
158,11.2041
208,34.8877
159,10.7436
209,34.6064
160,10.8220
210,35.2168
161,12.1881
211,37.1759
162,11.4591
212,36.7056
163,10.5006
213,36.7648
164,10.7019
214,35.0473
165,10.7713
215,34.8342
166,10.6032
216,34.6748
167,10.2330
217,34.3186
168,11.9883
218,36.6431
169,10.4135
219,35.1991
170,10.1939
220,34.5382
171,10.2298
221,35.2971
172,10.3652
222,34.9778
173,10.4850
223,34.9941
174,9.9878
224,34.5393
175,10.6081
225,37.8501
176,10.2422
226,35.0421
177,10.1195
227,34.8181
178,12.0456
228,36.6968
179,10.1133
229,34.9432
180,11.2817
230,36.7811
181,9.8707
231,34.5049
182,10.3523
232,34.4819
183,9.9068
233,35.1448
184,10.0849
234,34.1541
185,10.3747
235,35.1576
186,10.7356
236,35.3494
187,11.8848
237,36.5773
188,10.3572
238,36.3446
189,10.4385
239,35.2877
190,11.0411
240,35.1330
191,9.9951
241,36.8334
192,10.9152
242,35.1612
193,11.2916
243,36.5912
194,10.9061
244,36.9349
195,11.2981
245,36.7766
196,11.1745
246,37.5064
197,11.0043
247,37.4023
198,10.9074
248,36.2156
199,10.7102
249,37.1984
200,11.1161
250,37.0421
201,11.3341
251,35.1136
202,10.4095
252,34.5134
203,11.4602
253,36.4342
204,11.2299
254,37.6293
205,11.7156
255,36.4382
206,11.6416
256,37.6680
207,10.6988
257,35.2172
208,10.3612
258,34.5496
209,10.2860
259,34.8345
210,9.8717
260,37.3411
211,10.2020
261,34.8550
212,10.0740
262,35.3260
213,10.4147
263,34.7781
214,10.6264
264,34.6294
215,9.7020
265,37.3317
216,10.4918
266,35.0359
217,10.3150
267,34.5604
218,11.3560
268,37.2157
219,10.4250
269,34.9649
220,10.6678
270,34.6545
221,10.7711
271,35.0888
222,10.1501
272,34.9612
223,11.5848
273,36.6490
224,10.1743
274,34.8832
225,10.3900
275,34.9515
226,10.5090
276,34.9506
227,11.5959
277,35.3936
228,11.1125
278,35.0066
229,10.7094
279,35.1841
230,10.5024
280,34.6556
231,10.2625
281,37.5880
232,10.7882
282,35.5689
233,10.5486
283,37.3416
234,10.5695
284,34.7060
235,10.3255
285,34.3927
236,10.4837
286,37.0058
237,10.9920
287,34.5642
238,10.2839
288,35.2772
239,10.2279
289,35.4204
240,10.2151
290,35.3717
241,11.2222
291,36.9683
242,10.5870
292,34.5862
243,10.3716
293,35.8230
244,10.9343
294,35.7949
245,10.2113
295,34.8842
246,11.8574
296,36.8877
247,10.5169
297,34.7806
248,10.0997
298,37.2474
249,10.2847
299,34.5615
250,10.6778
300,35.5418
251,10.1231
301,34.8744
252,10.1352
302,37.3080
253,9.6411
303,37.0528
254,10.3384
304,34.8085
255,10.4102
305,35.0718
256,10.2477
306,34.8230
257,10.4777
307,36.6020
258,10.2537
308,35.2570
259,10.4057
309,35.0837
260,10.2254
310,35.0244
261,10.0894
311,34.9133
262,10.1931
312,34.8331
263,10.0804
313,35.7431
264,11.0770
314,37.3017
265,10.0456
315,35.1777
266,10.1431
316,35.8617
267,10.1008
317,34.7612
268,10.3271
318,35.0820
269,12.0707
319,36.7211
270,10.6844
320,35.9365
271,10.2283
321,34.6297
272,9.8793
322,37.1118
273,10.5635
323,34.7300
274,9.2861
324,37.0263
275,9.9415
325,34.9961
276,9.8838
326,34.3807
277,10.1747
327,34.8184
278,10.6093
328,37.3209
279,9.8161
329,34.9973
280,9.2161
330,34.4637
281,9.7651
331,34.8767
282,9.3258
332,34.3905
283,10.5482
333,34.2056
284,10.9513
334,36.8753
285,9.6270
335,33.3735
286,10.1356
336,34.1346
287,10.3075
337,34.3543
288,9.0156
338,34.0879
289,10.2057
339,34.0354
290,10.8076
340,36.0568
291,10.0048
341,34.1572
292,10.3738
342,34.1814
293,8.7206
343,33.5756
294,6.5510
344,33.7656
295,7.1104
345,33.6331
296,6.6104
346,33.7467
297,6.6814
347,33.2132
348,33.1640
298,7.3024
349,34.3019
299,8.1011
350,33.5261
300,10.5563
351,36.9695
301,9.7803
352,36.6983
302,8.1197
353,34.8800
303,7.7177
354,34.3288
304,8.1109
355,34.0839
305,8.1115
356,34.6035
306,6.6139
307,6.8800
357,36.1649
358,33.8568
308,7.0534
359,33.7785
309,7.0000
360,33.4944
310,7.2781
311,6.9997
361,35.9781
362,33.9122
312,7.2032
363,33.8188
313,7.6578
364,33.9490
314,10.0396
365,34.2849
315,10.2545
366,35.3752
316,12.3365
367,36.2544
317,8.4473
368,34.1923
318,10.2256
369,34.8952
319,10.5093
370,34.6707
320,9.4626
371,37.1372
321,10.2457
372,35.2040
322,8.8375
373,36.8635
323,7.9306
374,34.4767
324,10.0649
375,35.0185
325,9.8263
376,34.4206
326,9.7829
377,34.9793
327,11.7251
378,36.5147
328,11.4075
379,36.1904
329,10.1465
380,34.3491
330,11.2858
381,33.9312
331,9.3597
382,34.5067
332,12.1029
383,35.8845
333,10.7205
384,36.0803
334,10.3990
385,33.8996
335,9.3224
386,33.3060
336,7.1691
387,33.3245
337,6.8053
388,34.1299
338,6.7438
389,33.9254
339,6.6432
390,33.5119
340,7.1179
391,35.7050
341,7.0481
392,33.5214
342,6.8796
393,34.0772
343,7.0053
394,36.2716
344,7.0345
395,33.6379
345,6.9228
396,34.0586
346,6.6961
397,33.8643
347,6.8773
398,33.3890
348,6.6189
399,33.9892
349,6.6200
400,33.6393
350,7.1071
401,33.5874
351,6.5659
402,34.1580
352,6.9380
403,34.6424
404,34.6038
353,6.7286
405,34.5198
354,6.6885
406,35.9701
355,6.9100
407,35.2028
356,6.6673
408,34.5231
357,6.5425
409,36.8321
358,6.6448
410,35.2699
359,6.7499
411,35.0596
360,6.5411
412,34.6894
361,7.2255
362,6.4841
413,37.0770
363,6.9245
414,34.7474
415,34.5721
364,6.6936
416,34.3314
365,8.0478
417,34.5161
366,9.4700
418,34.1343
367,8.9442
419,34.4615
368,9.7337
420,35.8964
369,9.3618
421,33.9934
370,8.9097
422,34.2118
371,10.8791
423,33.5612
372,10.0045
424,33.7912
373,9.4377
425,33.1467
374,6.9874
426,34.1127
375,6.8787
427,33.4669
376,6.5247
428,33.4568
377,6.8439
429,33.5076
378,6.4196
430,33.5117
379,6.5413
431,33.3205
380,6.5056
432,33.4607
381,6.4329
433,33.5702
382,6.4991
434,33.5496
383,6.4899
435,34.5565
384,6.4302
436,33.8558
385,6.3986
437,35.5553
438,33.6237
386,6.7493
439,33.2338
387,7.9198
440,33.8984
388,7.8039
441,34.2212
389,8.7911
442,33.5550
390,9.9737
443,35.8833
391,8.8648
444,34.8904
392,9.2507
445,34.1890
393,8.8308
446,33.9119
394,8.5534
447,34.6227
395,9.2282
448,35.9758
396,9.6215
449,35.8183
397,9.9899
450,33.6897
398,9.7143
451,34.4036
399,9.9512
452,33.8944
400,9.8391
453,34.0787
401,10.1526
454,33.9161
402,7.9072
455,33.2443
403,7.0976
456,33.4068
404,6.7797
457,33.6582
405,6.3991
458,33.3050
406,6.8525
459,33.9868
407,6.6421
460,35.5859
408,6.7202
461,35.7122
409,6.9488
462,34.2125
410,6.5594
463,33.5896
411,7.1595
464,34.3487
412,6.4322
465,33.6327
413,6.6680
466,33.3823
414,6.6847
467,33.2773
415,6.7543
468,33.6342
469,33.7911
416,7.3539
470,34.5974
417,8.0037
471,34.5262
418,10.0398
472,34.8554
419,9.3325
473,34.4657
420,9.1377
474,33.5527
421,8.7908
475,34.2373
422,8.6890
476,34.0942
423,9.6878
477,34.2000
424,8.8486
478,34.8812
425,10.2704
479,33.7590
426,10.0698
480,33.7405
427,9.7181
481,35.8426
428,9.3818
482,33.5324
429,9.2544
483,33.5253
430,7.5659
484,34.0482
431,6.5579
485,33.1721
432,6.4401
486,33.3222
433,6.5184
487,33.0653
434,6.6457
488,33.5690
435,6.9586
489,33.3164
436,6.7903
490,33.0863
437,6.5817
491,33.0618
438,6.5813
492,36.0115
439,6.8841
493,33.0642
440,6.5400
494,33.8779
495,34.1345
441,7.1697
496,33.9054
442,7.0301
497,33.8761
443,6.8361
498,33.3653
444,7.9621
499,34.9856
445,7.7520
500,34.4614
446,9.9016
501,34.1813
447,9.1492
502,34.5223
448,8.7105
503,34.6877
449,8.5003
504,33.7941
450,9.9670
505,35.2703
451,8.4057
506,34.4888
452,9.0316
507,33.7672
453,9.1808
508,33.7854
454,9.8431
509,33.4644
455,9.9195
510,33.6821
456,8.8207
511,32.9147
457,6.9537
512,33.7496
458,6.4523
513,33.5262
459,6.5489
514,33.1831
460,6.5113
515,33.5392
461,6.4128
516,33.3084
462,6.4473
517,33.3895
463,6.8474
518,33.0987
464,6.6370
519,33.3379
520,33.4537
465,6.7644
521,34.2472
466,6.8511
522,34.0267
467,7.8059
523,33.7714
468,8.8322
524,34.1885
469,9.5859
525,33.7110
470,9.9328
526,33.6062
471,9.6446
527,33.8227
472,8.6363
528,33.1151
473,6.7523
529,33.9180
474,6.4795
530,34.2699
475,6.3765
531,33.5274
476,6.8379
532,33.6963
477,6.7537
533,33.5329
478,6.8036
534,33.8210
479,6.3866
535,34.0787
480,6.4690
536,35.5441
481,6.4737
537,33.7222
482,6.3898
538,34.0726
483,6.3947
539,36.1943
484,6.8078
540,33.7425
485,6.3645
541,34.0588
486,6.4189
542,33.9024
487,6.3936
543,33.6115
488,6.3800
544,35.8345
545,33.8874
489,6.9056
546,34.0429
490,8.8212
547,34.7964
491,8.3892
548,33.8424
492,8.9372
549,34.2756
493,9.2140
550,34.5603
494,8.4460
551,34.3944
495,8.7921
552,34.1863
496,8.5372
553,34.0065
497,9.1955
554,34.1999
498,9.6905
555,34.4683
499,9.9732
556,33.8886
500,10.0485
557,33.5721
501,8.9557
558,33.3252
502,7.0679
559,33.5276
503,6.3938
560,33.3002
504,6.6200
561,34.1024
505,7.1027
562,36.1903
506,6.6092
563,34.4241
507,6.6777
564,33.3115
508,6.6366
565,33.4891
509,6.9338
566,34.2681
510,7.0876
567,33.5258
511,6.4870
568,33.6980
512,6.9749
569,33.5653
513,6.8673
570,33.4405
514,6.7307
571,33.7782
572,33.3616
515,6.5494
573,34.3572
516,7.0963
574,34.0589
517,8.9735
575,34.1702
518,8.8798
576,34.3555
519,9.3402
577,34.0588
520,10.9096
578,36.0889
521,8.6116
579,33.4655
522,6.3270
580,33.0853
523,6.5095
581,33.9839
524,6.9689
582,35.6505
525,6.5909
583,33.2869
526,6.6640
584,33.7660
527,6.8217
585,33.7475
528,6.4400
586,32.6004
529,6.9495
587,33.4440
530,6.9925
588,33.4567
531,6.6713
589,34.0202
590,33.5792
532,7.0442
591,33.9037
533,9.7425
592,34.6052
534,10.9472
593,36.7906
535,10.8547
594,34.0813
536,10.9001
595,34.3052
537,10.3922
596,33.9557
538,9.2265
597,34.0443
539,10.5082
598,34.1089
540,11.6446
599,33.6124
541,7.4104
600,33.3503
542,6.5441
601,33.7773
543,6.6211
602,33.6359
544,6.8938
603,33.7274
545,6.8277
604,34.0843
546,6.7217
605,33.6394
547,6.4531
606,33.6762
548,6.8651
607,33.6327
608,33.5735
549,7.4688
609,33.8754
550,9.8497
610,34.5420
551,8.9879
611,34.5186
552,8.9916
612,34.5512
553,8.5467
613,34.4072
554,8.7865
614,34.4588
555,8.6627
615,34.2114
556,9.6017
616,33.9241
557,9.8547
617,34.0295
558,9.8410
618,33.5724
559,6.8818
619,33.9094
560,6.6999
620,33.4784
561,6.9217
621,33.0648
562,6.6458
622,33.7105
563,6.6017
623,33.0331
564,6.9193
624,33.6848
565,6.7580
625,33.5469
566,6.6119
626,33.7789
567,6.3364
627,33.4220
628,33.3675
568,7.2935
629,34.6802
569,6.9519
630,34.1202
570,6.7532
571,6.3379
631,36.0658
572,6.7241
632,33.6240
633,33.2251
573,6.8498
634,33.8003
574,6.8214
575,6.5414
635,34.2632
576,6.6295
636,33.6386
637,33.5162
577,6.6008
638,33.8250
578,7.2664
579,6.9074
639,34.5727
580,6.5438
640,33.1008
641,33.3024
581,6.8235
642,36.2291
582,7.1355
583,7.0130
643,34.5371
584,6.7490
644,33.7900
645,33.9275
585,6.6578
646,34.2821
586,6.6337
647,33.8553
587,6.6168
648,34.2099
588,7.0927
649,34.6487
589,7.1905
650,34.5595
590,6.5296
651,34.0555
591,6.9254
652,34.2171
592,6.7400
653,34.4145
593,7.0248
654,33.8249
594,7.1678
655,34.4344
595,6.9161
656,33.3135
596,6.7733
597,6.7470
657,34.2067
658,33.5575
598,6.6327
659,33.6149
599,6.5113
660,33.9079
600,6.9237
661,34.7473
601,6.7452
662,34.3583
602,6.6244
663,34.0079
603,6.5689
664,33.9889
604,6.8382
665,34.2626
605,6.7335
606,6.6808
666,36.5485
667,33.9903
607,6.3610
668,33.9681
608,7.3976
669,35.0967
609,6.7947
670,34.8467
610,6.9712
671,33.6935
611,6.8009
672,34.5538
612,6.4404
673,33.9591
613,6.4744
674,34.1640
614,6.5071
675,34.5444
615,6.6373
676,33.9508
616,6.5710
677,33.8341
617,6.4525
678,34.2513
618,6.3611
679,33.3897
619,6.4162
620,6.4137
680,34.4367
681,33.6261
621,6.4505
682,34.1738
622,6.7429
623,6.4449
683,35.1018
684,34.2946
624,6.7061
685,34.4040
625,6.8000
686,34.3880
626,6.7671
687,33.9837
627,6.5887
688,34.1649
628,7.3178
689,35.1137
629,7.8864
690,34.6082
630,8.7339
691,34.3120
631,8.6313
692,34.5824
632,7.5513
693,33.5411
633,7.4413
694,34.2029
634,8.6940
695,34.2265
635,8.8259
696,34.3674
636,8.6630
697,34.0181
637,7.5820
698,33.6006
638,8.5423
699,34.7637
639,9.0811
700,34.9045
640,7.6803
701,33.6437
641,7.3383
702,36.0187
642,7.4140
703,33.6765
643,7.2890
704,33.7870
644,8.8040
705,34.8248
645,8.8877
706,34.2131
646,8.6953
707,33.8634
647,8.6838
708,35.4021
648,8.7020
709,34.1570
649,8.7315
650,7.4024
710,34.2865
711,33.6789
651,7.3595
712,33.5869
652,7.2719
713,33.9463
653,8.5630
714,34.5765
654,7.4148
715,33.5392
655,8.8518
716,34.6228
656,9.1072
717,35.0293
657,8.8392
718,33.6841
658,7.4248
719,34.0509
659,9.0252
720,35.1295
660,9.0322
721,33.8582
661,7.5990
722,34.2102
662,8.9905
723,34.5171
663,8.9018
724,34.9529
664,8.8067
725,34.1071
665,8.9388
726,34.7261
666,8.7187
727,33.7595
667,7.3119
728,34.0502
668,7.4906
729,33.7707
669,7.3870
730,34.8705
670,7.4095
731,33.5929
671,8.7305
732,34.9157
672,9.0590
733,34.5370
673,8.8340
734,34.3991
674,8.7409
735,34.9707
675,8.6886
736,34.5023
676,8.8283
677,8.5554
737,34.8321
678,7.4556
738,33.7912
739,33.4363
679,8.8201
680,7.4406
740,33.8898
741,33.9304
681,8.6549
742,33.7517
682,8.7152
743,34.4730
683,8.8687
744,35.0162
684,8.8493
685,8.7618
745,34.3688
746,33.9658
686,7.5290
747,33.0395
687,8.7612
748,34.4900
688,8.7749
749,33.7138
689,8.7461
750,36.1950
690,8.5680
751,34.6634
691,7.4242
752,33.7949
692,8.8245
753,34.6374
693,8.8352
694,7.4711
754,34.0200
695,7.4495
755,35.2748
756,33.7953
696,8.5796
697,7.4226
757,35.2393
758,33.4223
698,7.4480
759,34.0731
699,7.2216
760,35.2260
700,8.6963
761,34.0311
701,7.4286
762,33.6836
702,7.7883
763,34.1553
703,7.3095
764,33.7044
704,8.8533
765,34.8672
705,7.3768
766,33.6245
706,8.8266
767,34.8041
707,8.7542
768,34.9222
708,8.6883
709,8.5903
769,36.2816
710,7.7962
770,33.7198
771,33.2833
711,9.0361
772,34.7181
712,8.7184
773,34.5691
713,7.8245
774,34.2126
714,8.6836
775,34.8654
715,8.6808
776,34.4410
716,8.7278
777,34.0257
717,7.2876
778,33.6028
718,8.4598
779,34.9879
719,7.2128
780,33.4664
720,7.3555
781,34.2084
721,7.3075
782,34.1081
722,8.6979
783,34.4121
723,7.2587
784,33.3433
724,8.7598
725,7.5040
785,35.0402
786,33.6659
726,7.2551
787,34.2051
727,8.9328
728,7.3948
788,34.7773
789,33.4198
729,7.2493
790,33.7237
730,7.2635
791,33.8551
731,9.0566
732,8.6369
792,34.6582
793,33.5385
733,8.7010
734,8.5923
794,34.1803
795,33.5599
735,8.6196
796,33.8482
736,8.7298
737,7.3105
797,34.0176
798,33.1944
738,8.6530
799,34.1200
739,8.8777
740,7.2724
800,33.8524
801,33.3315
741,8.6702
802,34.3260
742,8.5502
803,34.4719
743,7.3248
804,35.8250
744,8.7403
805,34.6771
745,7.4439
806,33.8168
746,8.8395
747,8.7204
807,37.5625
808,34.2708
748,8.8844
809,33.5470
749,8.8116
810,34.1443
750,8.8516
811,34.2371
751,8.6408
812,33.8801
752,8.6123
813,34.1952
753,8.8923
754,8.8776
814,34.9547
755,7.3874
815,34.1677
816,33.5402
756,8.6138
817,34.4226
757,8.7644
818,34.4177
758,8.8553
819,33.9543
759,8.6916
820,34.5773
760,8.6553
821,33.7482
761,7.5583
822,33.9371
762,8.6918
823,35.1341
763,8.6822
764,8.7200
824,36.3649
825,33.7026
765,7.4721
826,33.8285
766,9.0665
827,33.8506
767,9.1004
828,34.8105
768,8.7519
829,34.3380
769,7.3483
830,33.6641
770,7.2180
831,34.2797
771,8.5741
832,34.4607
772,8.5810
833,34.2807
773,8.5429
834,35.0935
774,8.7489
835,34.6694
775,8.5686
836,35.0165
776,8.7615
837,34.1912
777,8.7898
838,34.4237
778,8.5600
839,36.8736
779,9.0142
840,34.5494
780,8.7615
841,35.9131
781,8.7471
782,7.6387
842,34.0057
843,33.6038
783,8.5840
844,34.5358
784,7.5286
845,33.6222
785,8.6741
786,8.6860
846,36.7833
847,34.2233
787,8.7212
848,33.5982
788,8.8342
849,34.4959
789,7.4794
850,33.4245
790,8.6819
791,7.3907
851,34.2179
852,33.6142
792,7.5290
853,33.3383
793,8.9682
794,8.7135
854,34.7544
795,7.3029
855,33.8890
856,33.4126
796,8.6611
857,34.5181
797,8.8861
858,34.4549
798,7.4666
859,32.9026
799,8.8230
860,34.3830
800,8.7138
861,34.4620
801,8.9643
862,34.6764
802,8.9134
863,34.5205
803,8.9170
864,34.0971
804,8.7882
865,34.4485
805,8.8511
866,34.5463
806,8.8811
867,34.0566
807,9.0565
808,8.7438
868,34.0078
809,8.7284
869,33.6827
810,8.8918
870,33.6466
871,36.7930
811,8.6310
872,34.9365
812,8.7334
873,37.0606
813,10.1360
814,8.6147
874,35.7184
815,10.1635
875,34.9759
816,10.4659
876,35.0122
817,10.3937
877,37.2588
878,35.0402
818,10.3258
879,35.5224
819,9.8464
880,35.6957
820,8.8023
881,35.1437
821,9.6952
882,35.6987
822,8.8010
883,35.6053
823,9.9704
884,35.8339
824,10.0275
885,35.6574
825,10.7311
826,10.2905
886,35.1351
887,34.9599
827,10.2227
828,8.7927
888,35.2963
829,10.1696
889,34.6246
890,35.1991
830,8.5098
891,35.3492
831,9.8104
832,8.6174
892,35.3392
833,8.4542
893,34.4279
894,34.3885
834,9.9880
835,8.3101
895,35.3679
896,34.4229
836,10.1937
897,35.1816
837,10.1158
898,35.2335
838,10.5183
839,10.2386
899,35.1607
840,8.5974
900,34.6760
901,34.5209
841,10.2589
842,10.3692
902,35.0932
843,10.2182
903,34.7730
844,8.6509
904,34.8744
845,10.1273
905,34.7027
906,34.7490
846,8.7757
907,34.9740
847,10.1073
908,35.7255
848,10.5338
909,35.0829
849,10.1711
910,35.2463
850,8.8133
911,34.8185
851,9.9881
912,35.8015
852,10.3612
913,34.4636
853,8.8465
914,34.3081
854,8.2936
915,34.8049
855,9.7541
916,35.5036
856,10.2023
857,10.5281
917,35.7072
918,35.5306
858,10.5835
919,35.1577
859,10.2816
920,35.0467
860,10.3607
861,8.5094
921,35.4222
922,34.6827
862,9.9303
863,8.6743
923,35.5176
924,34.8296
864,8.7984
925,34.9924
865,9.7823
866,10.4857
926,35.9908
867,10.2782
927,34.8583
928,34.9483
868,10.4544
869,10.3421
929,34.3246
870,10.3647
930,34.9061
871,8.5708
931,34.7150
872,8.4237
932,34.3839
933,34.5978
873,10.0643
874,10.0384
934,35.4870
875,10.2217
935,34.9075
876,10.3380
936,34.6862
877,10.1919
937,34.5266
938,34.7032
878,10.2479
939,35.4066
879,9.8739
880,10.0919
940,35.5393
881,9.9442
941,34.5940
942,35.3866
882,10.1885
883,10.2198
943,35.0109
884,10.2727
944,34.6200
945,35.2249
885,10.3410
886,10.0567
946,34.8794
887,10.2798
947,34.8668
888,8.6532
948,37.2069
889,10.1481
949,34.7961
890,10.1923
950,34.9635
891,8.4730
951,35.0576
892,10.0971
952,34.2555
953,35.0857
893,10.0774
894,10.1757
954,35.1348
955,35.2609
895,9.9970
896,10.0975
956,35.5025
897,8.7245
957,35.0074
958,35.2465
898,10.2080
899,10.3136
959,35.5043
960,35.0178
900,9.6085
961,35.4782
901,10.4809
902,8.5535
962,38.1760
903,10.0212
963,35.3086
904,10.0616
964,34.5422
905,8.7335
965,34.7943
966,34.7421
906,8.7336
967,34.8688
907,9.7688
968,35.2598
908,9.9257
909,10.1024
969,35.3505
970,35.3017
910,8.6933
971,34.6238
911,9.6258
972,36.0333
912,10.2191
973,35.1456
913,8.9811
974,34.9208
914,8.6559
975,34.8074
915,8.4443
976,35.1065
916,8.5149
977,34.8690
917,9.7498
978,35.7076
918,9.9323
919,10.1120
979,35.3853
920,9.8904
980,34.9367
921,9.9492
981,35.7730
922,9.9867
982,35.0301
923,8.5869
983,34.7443
924,8.3911
984,34.7748
925,8.4669
985,33.9236
926,9.9642
986,34.1159
927,8.5487
987,34.5710
988,34.3922
928,9.9225
989,35.2273
929,9.9484
990,35.6686
930,10.1200
931,8.6784
991,35.0184
992,34.5885
932,10.3107
933,10.4749
993,35.4763
934,8.7677
994,34.6903
995,34.5487
935,10.4386
936,10.0586
996,34.7555
937,10.2477
997,35.3912
938,10.4761
998,36.8833
939,10.2930
999,37.0402
940,8.5741
1000,34.8014
941,8.5765
1001,34.1524
1002,34.7389
942,8.6961
1003,35.1561
943,8.3331
1004,35.1471
944,9.9997
945,10.3438
1005,37.0386
946,10.3459
1006,34.5067
1007,34.8838
947,10.3856
1008,35.4269
948,10.1986
949,10.1886
1009,35.1315
1010,35.8009
950,10.3014
951,8.5807
1011,35.0263
1012,34.9569
952,10.0691
1013,35.2102
953,8.7896
1014,35.1414
954,9.8752
1015,35.3622
955,9.9150
956,10.4604
1016,35.9080
957,10.0266
1017,34.9038
958,10.3027
1018,35.3199
959,8.4185
1019,35.0231
960,10.2821
1020,34.2539
961,10.4030
1021,34.7523
962,10.0907
1022,34.5621
963,9.9559
1023,34.6558
964,8.5715
1024,35.4903
965,10.1186
1025,34.5892
966,10.2238
1026,34.7470
967,8.6067
1027,34.5525
968,8.5984
1028,34.3068
1029,34.6959
969,9.5148
970,8.6734
1030,35.9429
971,8.5802
1031,34.2865
1032,34.5006
972,8.2942
1033,34.5591
973,9.8061
974,8.4826
1034,35.2093
975,8.5239
1035,34.5733
976,8.4020
1036,34.1938
1037,34.3158
977,10.4338
978,8.6158
1038,34.9709
1039,34.3905
979,10.0571
1040,35.4341
980,9.9766
1041,35.9805
981,10.2991
1042,35.0534
982,10.1896
1043,35.1646
983,8.6088
1044,34.3478
984,9.8455
1045,38.0599
985,10.2361
986,8.6816
1046,37.1520
987,10.0624
1047,34.4055
988,10.1961
1048,36.6618
989,10.3730
1049,34.8899
990,8.4048
1050,34.8874
991,9.8919
1051,34.2723
992,8.4894
1052,35.2119
993,8.5040
1053,34.2861
994,8.5353
1054,34.7033
995,10.1099
1055,34.4877
996,8.6177
1056,34.5938
1057,34.1450
997,9.7083
1058,35.8533
998,8.8257
1059,35.0660
999,8.6064
1060,34.6055
1000,9.7201
1001,8.4712
1061,35.3691
1062,34.5420
1002,8.3353
1063,35.0961
1003,8.2430
1064,34.9659
1004,9.7818
1065,35.6905
1005,10.2249
1066,35.2032
1006,10.2647
1007,10.1955
1067,35.2898
1008,10.1467
1068,34.5451
1009,10.2519
1069,34.8304
1010,8.5694
1070,35.0050
1011,9.9945
1071,34.3748
1012,10.2247
1072,34.6562
1013,8.6099
1073,34.5406
1014,9.9087
1074,34.2047
1015,9.9704
1075,35.0434
1016,8.5939
1076,36.7148
1017,10.0662
1077,34.3804
1018,8.3487
1078,34.6763
1019,10.3907
1079,34.5783
1080,34.6428
1020,9.8695
1021,10.3106
1081,35.7741
1082,34.5955
1022,9.6589
1023,10.4566
1083,35.3853
1024,10.3209
1084,35.2534
1085,34.9070
1025,10.1237
1086,35.3074
1026,10.0167
1087,35.8054
1027,9.9667
1028,8.6296
1088,35.4097
1029,10.1669
1089,34.6997
1030,10.3374
1090,34.9259
1031,10.3389
1091,34.9529
1032,10.3785
1092,34.9893
1033,10.0495
1093,37.1314
1034,8.7052
1094,34.9333
1095,35.0666
1035,9.9930
1036,10.1227
1096,37.1574
1037,10.0765
1097,34.9102
1098,34.6777
1038,8.7053
1099,34.5022
1039,10.0166
1100,35.2420
1040,10.1457
1101,35.5636
1041,10.3263
1102,35.2229
1042,8.9013
1103,34.7949
1043,8.7233
1104,34.7310
1044,9.7955
1105,35.3336
1045,10.1884
1106,34.8957
1046,9.8857
1107,35.9538
1047,10.3035
1108,35.5160
1048,10.1633
1049,10.3547
1109,35.3966
1050,10.2028
1110,34.4038
1051,10.0772
1111,34.6989
1112,35.5264
1052,10.2876
1113,35.5813
1053,10.1404
1114,35.5689
1054,10.1444
1115,35.2236
1055,8.8058
1116,34.7295
1056,9.5858
1057,8.6934
1117,35.5871
1118,34.7098
1058,10.0564
1059,10.3879
1119,35.4488
1060,10.2013
1120,35.0960
1121,34.6444
1061,10.4457
1062,8.5666
1122,34.8853
1123,34.6502
1063,10.0473
1064,8.4825
1124,35.1162
1065,8.3414
1125,34.5508
1126,34.2817
1066,10.1646
1067,10.0509
1127,35.4470
1068,8.5163
1128,34.6360
1129,34.4140
1069,10.0277
1130,35.2357
1070,10.2293
1071,8.5108
1131,35.1280
1132,33.8124
1072,10.0867
1133,34.9164
1073,10.2899
1134,34.8057
1074,10.4125
1075,10.2956
1135,35.4788
1076,10.5863
1136,34.8857
1077,10.2978
1137,34.7560
1078,10.2752
1138,34.9950
1079,10.4325
1139,34.9167
1140,34.7910
1080,10.1719
1081,10.2830
1141,35.2969
1142,34.7950
1082,10.2187
1143,34.8670
1083,10.2072
1084,8.6449
1144,34.9342
1085,8.5921
1145,34.2327
1146,34.4961
1086,10.0744
1147,35.5316
1087,8.7242
1148,36.9928
1088,10.2135
1149,34.9748
1089,10.4851
1150,34.8238
1090,10.2006
1151,35.5127
1091,9.9681
1152,35.5497
1092,10.2513
1153,35.4678
1093,8.7807
1154,34.6918
1094,9.9184
1095,8.5299
1155,35.1528
1096,10.0325
1156,34.9601
1097,10.3885
1157,35.1583
1158,35.0344
1098,10.2445
1159,35.1419
1099,10.1923
1160,35.5480
1100,10.0809
1101,8.5706
1161,35.2927
1162,34.7075
1102,9.8397
1103,8.7717
1163,35.5833
1164,34.8370
1104,10.1169
1105,8.5492
1165,35.1659
1166,34.8529
1106,8.6237
1167,34.5607
1107,9.8724
1108,8.6322
1168,35.3205
1169,34.3144
1109,9.9202
1110,10.6083
1170,35.6999
1111,10.4157
1171,34.7866
1112,10.3186
1172,34.9285
1113,8.6296
1173,34.7424
1114,10.1654
1174,34.3438
1115,10.4269
1175,34.8279
1116,10.2151
1176,34.8491
1117,8.6025
1177,34.8257
1118,10.0524
1178,35.0796
1179,34.6024
1119,8.8520
1180,34.5769
1120,9.7369
1181,36.1740
1121,10.4839
1182,35.1833
1122,10.3176
1183,35.4001
1123,8.8681
1184,34.6002
1124,9.8158
1185,36.0513
1125,10.4276
1126,8.7565
1186,34.8226
1187,34.4557
1127,8.4329
1188,34.8335
1128,9.7568
1189,35.5013
1129,10.2824
1190,35.5584
1130,10.1519
1191,35.9184
1131,10.7123
1192,35.3236
1132,10.1832
1193,35.1615
1133,10.4725
1134,8.7935
1194,35.5441
1195,34.4315
1135,9.8742
1136,8.7466
1196,35.6430
1137,8.4784
1197,34.4310
1198,34.7413
1138,10.1134
1139,10.2468
1199,35.2552
1200,34.8151
1140,10.0842
1141,10.2905
1201,34.9071
1202,34.2921
1142,10.4599
1203,34.9790
1143,10.4559
1144,8.5526
1204,34.7132
1145,8.4819
1205,34.2507
1206,34.4342
1146,9.8270
1147,9.9363
1207,35.7158
1148,10.3308
1208,35.0586
1209,34.8481
1149,10.1056
1210,34.8930
1150,10.4161
1211,34.8538
1151,10.2864
1212,35.0225
1152,10.4101
1153,10.4367
1213,34.9568
1214,34.8168
1154,10.1401
1215,35.7894
1155,10.0529
1216,35.6871
1156,10.3681
1217,35.2118
1157,10.9536
1218,35.2871
1158,10.4470
1219,35.2771
1159,10.0948
1220,35.1023
1160,10.0576
1221,35.5958
1161,8.7034
1222,34.5687
1162,9.8605
1223,35.8027
1163,10.2119
1224,35.4535
1164,8.4470
1225,34.1913
1165,9.4254
1226,36.0431
1166,10.3451
1227,35.3511
1167,10.3263
1168,10.2381
1228,35.0936
1229,35.5391
1169,10.3116
1170,8.7315
1230,35.1382
1231,35.0853
1171,10.2397
1232,35.5834
1172,10.4524
1233,35.2553
1173,10.2479
1234,34.9205
1174,10.4192
1175,8.7299
1235,34.6268
1176,10.1059
1236,34.7674
1177,10.0252
1237,34.3997
1178,8.5473
1238,34.7091
1179,8.4482
1239,34.4231
1180,10.0626
1240,34.6953
1241,34.7054
1181,10.2838
1242,34.8908
1182,10.1840
1183,9.0678
1243,34.9066
1244,34.6316
1184,10.0079
1245,35.6647
1185,9.9987
1246,35.5030
1186,8.8265
1247,34.7930
1187,8.3257
1248,34.6239
1188,8.2830
1249,35.2301
1189,8.3287
1250,35.1176
1190,10.0311
1191,10.1361
1251,35.2715
1192,9.8135
1252,34.7976
1193,9.8999
1253,34.6423
1194,9.9167
1254,37.5053
1195,10.0129
1255,35.0537
1196,8.5950
1256,34.5725
1197,8.4001
1257,34.6541
1198,8.4559
1258,33.9956
1199,9.8943
1259,34.2077
1260,35.0492
1200,8.7126
1261,34.7268
1201,10.1363
1262,35.1774
1202,10.2642
1203,10.2549
1263,37.3224
1204,8.7660
1264,34.7398
1265,34.6705
1205,10.2096
1206,10.1954
1266,35.4662
1267,34.8053
1207,8.7732
1268,35.0778
1208,9.8174
1269,35.6199
1209,10.0946
1270,35.8421
1210,9.9493
1271,35.4008
1211,10.0234
1272,35.5760
1212,10.3983
1273,35.4028
1213,9.0946
1274,34.8056
1214,8.6825
1275,34.7361
1215,8.4814
1276,35.4350
1216,8.4934
1277,36.6099
1217,10.2847
1218,10.0482
1278,34.9242
1219,10.1516
1279,34.5166
1220,10.0075
1280,34.5838
1221,10.2330
1281,35.3966
1222,10.0535
1282,34.5553
1223,10.0331
1283,35.4114
1224,8.6429
1284,34.7575
1225,10.2165
1285,34.4079
1226,8.7314
1286,34.5492
1287,35.1951
1227,10.0340
1288,35.0860
1228,10.3047
1289,35.6375
1229,9.8947
1230,10.0330
1290,35.7162
1291,35.4833
1231,10.2660
1232,8.6544
1292,35.1288
1293,34.0304
1233,9.7377
1294,35.3823
1234,10.1765
1295,34.7064
1235,10.3666
1296,34.9463
1236,9.6922
1237,8.6618
1297,35.9215
1298,34.8340
1238,10.0592
1299,35.3684
1239,10.2093
1240,8.6992
1300,34.7933
1301,34.2342
1241,8.7094
1302,34.7243
1242,9.5762
1243,8.6434
1303,35.9139
1304,34.2662
1244,8.3728
1305,34.7295
1245,8.1622
1306,34.2999
1246,9.6245
1307,35.4266
1247,8.4217
1248,8.3814
1308,34.7407
1309,34.3881
1249,8.5693
1310,34.3901
1250,10.1658
1251,8.6322
1311,35.1808
1312,34.5634
1252,10.2367
1253,10.4801
1313,35.3933
1254,9.9499
1314,35.1389
1255,10.1919
1315,34.6360
1316,34.7327
1256,8.4114
1317,35.2266
1257,10.2728
1318,35.3939
1258,10.2064
1319,35.2487
1259,8.8145
1320,34.4941
1260,9.6770
1321,35.5058
1261,9.7263
1322,35.8505
1262,10.2427
1263,8.6810
1323,35.0035
1324,34.3315
1264,9.6105
1265,8.6054
1325,35.9887
1326,34.5109
1266,8.5380
1327,35.2841
1267,8.3643
1328,35.0967
1268,9.9774
1269,8.5914
1329,35.2704
1330,34.0250
1270,9.9172
1271,8.6502
1331,35.5770
1332,34.8886
1272,8.6691
1333,34.6967
1273,9.7943
1274,8.6418
1334,35.3156
1335,34.5736
1275,8.7406
1336,34.8203
1276,8.6665
1337,34.4603
1277,10.1689
1338,35.0007
1278,10.4501
1339,34.8926
1279,10.3626
1280,10.4416
1340,35.2973
1341,34.5929
1281,10.3166
1342,34.8271
1282,10.1157
1343,35.6233
1283,8.7268
1344,34.5350
1284,9.7696
1345,35.2590
1285,10.0682
1346,35.3322
1286,8.6777
1347,34.4546
1287,9.6657
1348,36.0931
1288,10.4074
1349,35.2586
1289,8.6001
1350,34.4803
1290,9.8083
1351,35.6812
1291,8.6938
1352,34.8465
1292,9.8064
1353,35.5033
1293,10.1602
1354,35.8029
1294,10.0816
1355,35.4103
1295,10.4313
1356,35.0907
1296,10.4497
1357,36.1404
1297,10.3709
1358,35.1174
1298,10.2285
1359,35.6958
1299,10.2693
1300,10.2926
1360,35.4128
1301,8.7104
1361,35.0519
1302,10.2015
1362,34.7342
1303,10.3873
1363,34.7143
1304,10.3368
1364,34.8218
1305,10.2916
1365,34.8830
1306,10.0848
1366,34.8328
1307,8.6274
1367,34.7517
1308,9.9140
1368,34.9929
1309,10.3004
1369,35.0485
1310,10.1572
1370,34.9173
1311,8.4961
1371,34.5995
1372,34.5110
1312,9.8189
1373,35.4913
1313,10.6051
1374,35.2054
1314,10.0225
1375,35.4306
1315,8.7435
1376,34.5513
1316,8.5023
1377,34.7559
1317,9.6895
1378,35.5558
1318,10.0357
1379,35.1474
1319,9.9864
1380,35.9671
1320,10.0938
1381,35.7951
1321,10.0938
1382,36.1634
1322,10.4850
1383,34.7160
1323,10.4066
1324,10.0559
1384,35.4617
1385,35.4224
1325,10.4275
1386,34.9458
1326,10.2918
1387,35.3083
1327,10.3454
1328,8.5897
1388,34.9997
1389,34.7701
1329,9.9609
1330,8.6230
1390,35.4712
1391,34.7170
1331,9.9330
1332,10.1226
1392,35.5447
1333,10.1978
1393,34.9091
1334,10.3241
1394,34.5482
1335,8.6432
1395,34.7633
1396,34.4862
1336,9.7203
1337,8.6514
1397,35.5037
1338,8.4460
1398,34.5595
1399,34.2169
1339,10.3756
1340,10.2545
1400,35.3266
1341,8.4973
1401,34.7841
1402,34.5348
1342,10.0486
1403,35.4090
1343,10.3463
1344,8.4726
1404,35.4170
1405,33.7257
1345,9.7103
1406,35.4351
1346,9.6987
1407,35.5750
1347,10.3805
1408,35.8481
1348,10.5065
1409,35.2016
1349,10.0542
1410,35.4166
1350,10.3859
1411,35.3771
1351,10.2571
1412,35.6612
1352,10.2129
1413,35.3481
1353,10.4799
1414,35.0880
1354,9.9796
1415,35.4833
1355,10.2220
1416,35.4728
1356,10.5123
1357,8.8081
1417,35.0148
1418,34.6330
1358,8.7334
1419,34.7766
1359,10.2679
1360,8.6798
1420,35.5291
1421,34.8497
1361,10.3110
1422,35.2748
1362,10.3016
1363,10.3456
1423,35.1607
1364,10.2869
1424,34.7066
1365,10.3527
1425,35.0086
1366,8.7454
1426,34.7929
1367,10.0801
1427,34.5620
1368,8.6076
1428,34.9155
1369,9.9403
1429,34.8738
1370,10.2303
1430,35.1733
1371,10.5337
1431,35.0042
1372,10.4228
1432,34.9731
1373,10.2344
1433,34.8800
1374,8.7827
1434,34.7159
1435,34.5693
1375,9.7938
1376,8.6799
1436,35.1375
1377,10.0978
1437,34.4680
1378,8.6507
1438,34.8413
1379,8.6717
1439,34.4412
1380,10.4162
1440,34.1109
1381,8.5812
1441,34.7089
1442,34.1288
1382,10.3825
1383,10.3915
1443,35.3071
1444,34.8792
1384,9.9931
1385,10.3356
1445,35.6297
1386,8.6752
1446,34.6376
1447,34.5143
1387,10.0469
1448,35.2136
1388,10.3975
1389,10.3067
1449,35.3048
1450,34.9005
1390,8.8496
1451,34.8776
1391,9.5821
1452,35.2679
1392,8.7406
1453,34.4419
1393,9.6362
1454,35.8437
1394,9.9974
1455,35.7026
1395,10.3978
1396,8.6391
1456,35.0516
1457,34.5338
1397,9.8054
1398,10.2844
1458,35.6929
1399,8.7616
1459,34.2550
1400,8.5558
1460,34.1483
1401,10.1253
1461,34.3543
1402,10.4470
1462,34.6251
1403,10.3784
1463,34.8806
1404,10.4435
1464,35.0659
1465,34.9521
1405,10.2326
1466,35.1614
1406,10.2801
1407,8.6880
1467,35.4001
1408,10.2074
1468,34.2983
1409,8.5173
1469,34.8688
1410,8.4043
1470,34.5506
1471,34.6961
1411,9.9973
1472,35.4442
1412,10.4803
1473,34.7546
1413,10.2083
1414,10.2183
1474,35.0235
1415,10.3443
1475,34.2194
1476,34.8225
1416,10.4676
1477,34.8404
1417,8.6353
1478,34.6656
1418,8.2869
1479,35.2202
1419,9.6556
1420,10.1889
1480,35.9842
1481,34.9967
1421,9.6576
1482,35.6672
1422,10.2023
1483,34.9578
1423,9.8381
1484,35.3524
1424,9.9668
1485,35.8025
1425,10.1070
1426,10.4260
1486,35.4878
1487,34.6525
1427,10.0771
1488,35.9227
1428,10.2484
1489,35.2693
1429,10.3655
1490,35.0901
1430,10.5908
1431,10.2223
1491,35.1862
1432,10.2703
1492,34.8465
1493,34.6864
1433,10.3923
1434,8.8409
1494,34.8963
1495,34.9991
1435,10.6126
1496,34.8899
1436,10.5426
1437,8.3893
1497,34.7044
1498,34.1649
1438,9.7571
1499,35.8390
1439,10.2896
1500,34.9187
1440,9.8663
1441,10.0526
1501,35.3043
1502,35.5508
1442,10.2496
1443,8.8269
1503,35.1158
1504,34.9282
1444,9.9190
1505,35.6427
1445,9.9737
1506,35.6335
1446,10.2427
1507,34.8307
1447,10.5424
1448,8.7331
1508,34.7432
1509,35.2381
1449,9.7658
1510,35.2461
1450,10.0384
1451,8.6043
1511,34.9652
1512,34.5164
1452,8.3539
1513,35.2078
1453,9.8243
1514,35.4151
1454,10.1215
1515,35.0177
1455,9.8215
1456,8.7184
1516,35.5013
1517,34.3268
1457,9.5659
1518,35.9082
1458,9.7400
1519,35.4225
1459,8.9959
1460,8.5928
1520,34.6544
1521,34.5296
1461,8.6258
1522,34.9425
1462,8.6626
1523,34.3985
1463,9.7131
1524,35.7611
1464,10.6420
1525,35.0587
1465,10.3615
1526,35.2775
1466,9.8424
1527,36.0441
1467,9.8345
1528,35.5327
1468,10.1514
1529,35.5274
1469,8.4386
1530,34.6773
1470,8.1205
1531,34.5150
1471,8.2049
1532,34.9850
1472,9.6217
1473,8.6239
1533,35.5263
1534,34.1733
1474,9.8598
1535,35.6865
1475,10.5920
1536,35.0918
1476,9.9932
1477,8.5225
1537,34.8439
1538,34.5718
1478,10.0816
1539,35.7548
1479,9.9279
1480,8.6866
1540,34.9015
1541,34.8650
1481,10.1652
1482,10.0530
1542,34.6564
1483,10.0959
1543,35.5897
1544,34.8605
1484,10.5772
1485,10.1381
1545,35.0736
1546,34.7896
1486,8.5293
1487,8.5490
1547,34.4725
1548,34.3661
1488,8.6567
1489,7.5847
1549,36.2343
1490,8.7325
1550,34.5279
1551,34.6374
1491,9.0344
1552,35.6578
1492,8.7669
1553,34.7445
1493,8.8442
1494,8.7402
1554,37.2619
1495,8.6046
1555,34.5050
1556,35.3833
1496,8.7520
1557,34.8183
1497,7.4154
1558,35.3610
1498,8.7324
1559,34.8890
1499,7.3120
1500,8.5409
1560,38.0346
1561,34.7709
1501,8.6181
1562,35.2489
1502,8.7875
1563,35.5222
1503,8.5287
1504,8.6990
1564,35.6649
1565,34.8089
1505,7.2925
1566,34.4125
1506,8.5952
1567,35.5955
1507,8.6266
1568,34.7500
1508,8.7349
1569,34.5286
1509,8.5685
1510,7.3702
1570,36.2541
1571,34.6991
1511,8.7484
1572,34.7342
1512,8.8206
1513,7.4100
1573,35.2423
1574,33.8661
1514,7.4189
1575,35.3047
1515,8.5185
1516,7.6180
1576,35.9421
1577,34.1114
1517,7.3712
1578,35.1066
1518,7.1699
1579,34.7201
1519,8.5590
1580,34.6277
1520,7.3636
1581,35.4234
1521,7.1674
1582,34.2280
1522,7.2184
1583,34.4915
1523,8.6207
1584,35.7131
1524,7.3401
1585,34.6237
1525,8.6593
1586,35.5804
1526,8.5607
1527,8.5132
1587,35.3416
1588,34.6940
1528,8.5987
1589,35.4653
1529,7.3912
1590,34.3523
1530,8.6390
1591,35.7702
1531,8.6698
1532,7.2587
1592,34.7679
1593,34.1088
1533,8.6896
1534,8.5880
1594,35.5790
1595,34.7825
1535,8.5736
1536,7.2794
1596,35.3411
1597,34.1101
1537,8.4072
1598,35.7441
1538,7.0727
1599,34.1555
1539,7.2304
1600,35.2536
1540,7.2130
1601,34.8255
1541,8.5628
1542,7.3814
1602,35.4791
1603,34.0307
1543,8.7851
1604,35.5025
1544,7.5017
1605,35.1940
1545,7.2684
1606,34.9452
1546,8.6705
1607,35.2030
1547,7.2260
1608,34.9745
1548,7.1919
1609,34.6454
1549,7.1912
1610,34.4741
1550,8.5564
1611,35.1857
1551,8.7540
1612,35.4316
1552,8.7854
1613,35.1037
1553,8.5826
1614,34.9707
1554,8.6682
1615,35.2346
1555,8.6611
1616,35.7062
1556,7.4550
1617,34.5640
1557,8.5363
1618,35.3618
1558,8.7463
1619,34.7200
1559,7.5077
1620,34.1876
1560,8.4579
1621,36.0844
1561,8.7749
1562,7.3742
1622,34.7921
1623,34.3520
1563,8.8590
1624,35.8655
1564,7.5030
1625,34.6612
1565,8.7455
1626,35.0064
1566,8.6700
1567,8.6064
1627,36.1953
1568,8.7831
1628,34.7115
1629,34.5392
1569,9.0137
1570,8.7389
1630,36.0228
1571,8.7063
1631,34.6953
1632,34.6207
1572,8.7569
1573,8.7255
1633,36.2389
1574,7.3980
1634,35.0928
1635,34.5540
1575,8.6802
1576,8.7667
1636,35.7498
1577,8.7531
1637,34.9281
1638,34.6513
1578,8.9403
1639,35.8284
1579,8.7573
1580,7.3380
1640,34.9330
1641,34.6216
1581,8.4639
1582,8.6228
1642,35.8250
1643,34.7635
1583,8.6631
1644,34.8667
1584,7.2877
1645,34.9020
1585,8.6489
1586,8.7405
1646,35.4613
1647,35.2120
1587,8.7540
1588,7.3533
1648,35.5077
1649,34.0902
1589,7.1774
1650,35.2369
1590,8.5495
1651,35.0805
1591,8.7234
1652,35.2435
1592,8.6450
1653,35.4596
1593,8.6611
1654,35.9552
1594,8.4855
1595,8.6899
1655,35.9248
1656,34.4130
1596,9.0092
1657,35.6061
1597,8.8978
1658,35.8694
1598,8.9396
1659,34.9783
1599,8.7163
1660,35.6853
1600,8.7951
1601,7.2511
1661,35.1740
1662,34.3502
1602,8.4882
1663,35.7090
1603,7.1913
1664,35.0164
1604,8.5452
1665,35.1691
1605,8.5778
1606,8.5557
1666,35.8927
1667,34.2904
1607,8.7180
1668,35.3778
1608,7.3103
1669,35.1955
1609,8.5854
1610,7.2393
1670,35.4433
1671,34.4366
1611,7.1434
1672,34.8912
1612,8.6882
1673,35.7330
1613,8.6723
1674,35.4078
1614,7.2750
1675,34.5292
1615,8.5993
1676,35.7743
1616,8.8427
1617,7.2024
1677,34.9983
1678,33.4789
1618,8.8222
1679,35.5042
1619,8.4872
1680,35.1104
1620,8.7821
1681,35.6176
1621,8.6890
1682,35.2511
1622,8.7876
1623,8.6025
1683,35.1666
1684,34.4952
1624,8.6231
1685,35.2828
1625,8.7188
1686,35.5125
1626,8.9430
1687,34.7974
1627,8.6980
1688,35.1222
1628,8.6072
1689,35.0357
1629,8.6860
1690,35.0803
1630,7.3501
1691,34.2524
1631,7.4440
1692,34.9695
1632,8.7705
1693,35.5077
1633,7.4118
1694,34.4399
1634,8.7995
1635,8.6276
1695,35.4991
1696,34.8525
1636,8.8670
1697,34.8527
1637,8.8228
1698,35.4745
1638,8.8281
1639,7.1495
1699,35.2075
1700,34.1478
1640,8.7550
1641,7.1498
1701,35.6443
1702,34.9061
1642,8.5887
1703,35.4024
1643,8.7827
1644,8.7761
1704,35.5923
1705,34.6290
1645,8.9478
1706,35.4974
1646,8.8455
1647,7.4030
1707,35.4790
1708,34.4747
1648,8.6193
1709,35.4751
1649,7.9540
1710,35.4606
1650,8.7171
1651,7.7792
1711,35.0007
1712,34.4195
1652,7.3770
1713,34.0057
1653,8.7553
1654,7.2964
1714,35.4791
1715,33.8720
1655,8.7043
1716,35.1689
1656,8.7616
1717,35.0205
1657,9.0505
1658,8.8687
1718,35.3791
1719,34.3938
1659,7.3735
1720,34.5561
1660,8.6444
1721,35.1821
1661,8.8459
1722,35.2379
1662,8.8648
1663,7.5455
1723,35.2313
1724,34.7842
1664,8.7042
1725,34.6264
1665,7.6689
1666,8.7640
1726,35.3408
1727,34.9533
1667,8.9293
1668,8.8832
1728,34.8950
1729,34.4062
1669,7.3952
1730,35.0282
1670,8.8558
1731,35.1376
1671,9.0022
1672,7.4227
1732,35.1328
1673,7.1832
1733,33.9777
1734,34.2425
1674,8.7972
1735,34.4943
1675,8.9519
1736,35.5998
1676,8.8698
1677,8.9043
1737,35.3559
1678,8.7732
1738,34.8145
1739,34.6974
1679,8.8754
1680,7.3963
1740,35.4707
1741,34.3086
1681,8.8838
1682,7.3222
1742,35.5414
1683,7.2912
1743,34.6212
1744,34.4753
1684,8.6072
1745,35.8703
1685,8.8339
1686,8.5440
1746,35.1122
1687,8.6000
1747,34.7264
1688,8.7126
1748,34.1421
1749,34.7085
1689,8.6923
1750,35.2937
1690,7.2537
1691,7.0345
1751,34.9218
1752,34.4352
1692,8.4206
1693,8.4580
1753,35.4295
1754,34.9460
1694,8.6798
1755,36.7776
1695,8.6162
1696,8.5812
1756,34.7978
1757,34.3730
1697,8.6634
1698,8.5748
1758,35.3889
1699,8.6554
1759,34.9396
1760,34.3066
1700,8.5176
1761,35.6358
1701,8.5748
1762,35.2760
1702,8.7312
1703,8.8226
1763,35.0042
1764,34.9238
1704,8.8602
1765,35.0909
1705,8.8823
1706,8.7971
1766,34.7210
1707,7.3834
1767,34.8222
1768,34.6371
1708,8.8323
1709,8.8510
1769,34.9115
1710,7.2569
1770,34.8232
1771,34.0163
1711,8.7325
1772,35.0630
1712,8.8314
1773,35.0987
1713,8.6533
1714,8.5448
1774,35.3625
1775,35.2083
1715,8.5904
1776,35.1821
1716,7.5029
1777,34.6528
1717,8.7548
1778,35.5361
1718,8.7237
1779,35.2942
1719,8.7160
1780,34.9584
1720,8.7874
1721,7.3894
1781,34.6151
1782,34.8771
1722,9.0178
1783,35.2717
1723,8.5469
1784,35.1653
1724,7.6523
1725,7.2796
1785,34.4283
1786,34.6811
1726,8.8380
1787,34.5405
1727,8.5232
1728,8.4287
1788,34.6694
1729,7.2871
1789,34.9419
1790,34.2010
1730,8.3460
1731,8.6961
1791,35.8530
1732,7.3022
1792,34.5926
1793,34.3678
1733,7.1223
1734,7.0980
1794,34.8915
1795,34.2249
1735,7.1074
1796,35.0617
1736,8.6900
1797,35.1687
1737,8.7358
1798,34.8753
1738,8.6105
1799,35.2709
1739,8.5672
1740,8.5685
1800,35.5978
1801,34.9867
1741,8.7098
1742,7.2668
1802,35.3858
1743,7.1053
1803,34.5519
1804,33.9816
1744,7.2039
1805,34.4675
1745,8.6245
1806,35.1406
1746,7.4601
1807,34.3445
1747,8.8151
1748,8.7786
1808,34.6679
1809,34.6455
1749,8.7415
1750,7.3034
1810,35.3846
1811,34.5981
1751,8.9688
1812,35.4312
1752,8.8563
1753,7.2410
1813,35.1250
1814,34.2058
1754,8.6358
1815,35.3503
1755,8.6632
1816,35.4031
1756,8.6567
1817,35.2610
1757,8.7240
1758,8.5620
1818,35.6321
1759,7.3324
1819,34.5410
1820,34.1928
1760,7.4082
1761,7.1914
1821,35.2850
1762,7.1105
1822,34.5726
1823,34.3813
1763,8.5754
1824,35.0100
1764,8.6553
1825,35.3274
1765,8.8918
1826,34.6256
1766,8.6344
1767,8.6563
1827,35.5658
1768,8.4569
1828,34.5434
1769,8.4280
1829,35.4766
1770,7.3234
1830,34.7045
1831,34.5566
1771,8.5983
1772,7.3180
1832,34.9035
1773,8.4781
1833,34.1909
1834,34.6145
1774,8.4875
1775,8.6966
1835,36.1827
1836,34.8956
1776,9.7569
1837,35.4081
1777,9.9214
1838,35.6582
1778,9.8663
1779,9.7903
1839,36.2436
1780,9.8084
1840,37.1705
1781,10.1506
1841,35.4678
1842,34.9893
1782,9.9713
1843,35.7524
1783,9.8349
1784,9.7054
1844,35.2717
1785,10.0778
1845,35.0888
1846,35.0392
1786,10.0728
1847,35.7693
1787,10.0552
1848,35.3425
1788,9.8189
1789,10.0956
1849,35.8665
1850,35.2391
1790,10.0782
1851,35.2412
1791,10.1206
1852,36.0334
1792,10.2024
1853,35.5328
1793,9.9509
1854,35.3781
1794,9.8816
1795,9.7742
1855,36.0241
1856,35.4598
1796,10.0476
1857,35.0361
1797,9.9618
1858,35.3803
1798,9.8056
1799,9.8690
1859,35.4787
1860,34.6692
1800,10.0373
1801,10.0766
1861,36.2196
1802,10.0174
1862,34.8038
1803,10.0079
1863,34.7243
1804,9.9021
1864,35.6833
1805,9.9827
1865,35.2988
1866,34.5408
1806,10.0777
1867,36.1002
1807,9.9743
1868,35.1976
1808,9.8261
1869,35.4351
1809,10.0104
1870,35.1454
1810,10.1323
1811,9.8140
1871,36.1691
1812,9.9897
1872,35.0734
1813,9.9872
1873,37.1525
1874,36.2254
1814,10.0065
1875,36.0593
1815,9.9955
1816,9.7745
1876,37.4842
1817,9.8257
1877,34.6002
1878,35.6172
1818,9.9252
1879,34.7811
1819,10.1131
1880,35.6968
1820,10.0478
1881,36.6339
1821,9.9097
1882,36.0529
1822,9.9351
1883,35.8861
1823,9.9990
1884,35.2600
1824,10.0008
1885,35.1706
1825,10.0060
1886,35.1338
1826,10.0573
1827,9.8319
1887,35.6164
1888,35.4279
1828,9.8586
1829,9.7183
1889,37.0612
1890,35.2488
1830,9.7735
1891,35.2600
1831,10.1743
1892,35.6325
1832,9.9159
1893,34.3536
1833,9.9159
1894,34.9643
1834,10.0439
1835,9.8970
1895,35.0903
1836,9.8164
1896,35.1015
1837,9.9220
1897,35.0017
1898,34.5959
1838,10.0136
1899,35.6968
1839,10.2700
1900,35.1753
1840,10.0642
1841,9.7587
1901,37.8046
1842,10.0119
1902,36.9508
1843,9.9424
1903,35.2708
1844,9.7637
1904,37.8372
1845,9.8209
1905,35.2493
1906,34.7029
1846,9.7664
1907,35.8701
1847,10.0558
1908,36.2121
1848,9.9042
1849,10.0875
1909,39.9284
1850,10.1828
1910,34.4418
1911,34.6644
1851,10.5585
1912,34.4639
1852,10.1845
1913,34.6712
1853,10.3421
1914,34.7614
1854,10.2022
1915,34.5541
1855,9.9412
1916,35.2962
1856,10.1490
1917,34.6018
1857,10.0561
1918,34.6894
1858,10.2408
1919,34.3931
1859,10.2365
1920,34.1752
1860,10.0804
1921,34.6653
1861,10.0690
1922,35.2964
1862,10.0256
1923,34.2770
1863,10.1424
1924,34.8401
1864,10.1372
1925,35.1249
1865,9.9173
1926,34.4465
1866,10.0872
1927,34.1859
1867,10.3498
1868,9.8837
1928,37.5054
1929,34.6464
1869,9.9375
1930,35.6470
1870,9.8938
1931,34.9445
1871,10.0889
1932,34.2382
1872,10.3537
1933,35.7293
1873,10.1162
1934,36.3771
1874,10.2108
1935,34.7573
1875,10.2083
1936,35.0972
1876,10.6125
1877,9.9300
1937,36.8337
1878,10.2545
1938,36.6286
1939,33.7518
1879,10.1461
1940,35.3714
1880,10.2709
1941,34.8763
1881,10.4036
1942,34.5679
1882,10.2969
1943,36.9408
1883,10.3887
1944,34.3347
1884,10.2332
1945,34.9295
1885,10.1455
1946,34.5526
1886,10.1061
1947,34.8128
1887,10.0920
1948,35.5424
1888,10.0646
1949,34.7317
1889,10.0414
1950,35.2432
1890,10.0052
1951,34.8250
1891,10.0277
1952,34.3842
1892,10.1633
1953,35.1312
1893,10.0280
1954,34.7686
1894,10.1124
1955,34.6732
1895,10.0012
1956,34.6084
1896,9.9537
1957,34.6159
1897,10.0522
1958,34.9185
1898,9.9695
1959,34.5717
1899,9.9416
1960,36.3336
1900,9.9239
1961,35.3284
1901,9.9731
1962,34.6356
1902,9.8315
1963,34.7808
1903,9.8125
1964,35.3021
1904,10.3342
1965,35.3978
1905,9.7202
1966,36.8136
1906,10.3486
1967,35.8968
1907,9.9551
1968,34.8066
1908,9.7680
1969,34.7818
1909,10.3624
1970,35.4533
1910,10.3432
1971,34.8954
1911,9.8974
1972,34.5172
1912,10.3966
1973,35.0414
1913,10.1471
1974,34.9309
1914,9.8098
1975,34.9024
1915,10.0779
1976,34.8633
1916,9.7784
1977,35.2354
1917,9.8596
1978,35.0487
1918,9.6966
1979,34.7133
1919,9.7850
1980,35.4642
1920,10.0501
1981,36.8516
1921,9.8960
1982,33.9556
1922,10.0865
1983,34.9135
1923,10.1178
1924,10.0385
1984,36.7338
1985,33.9685
1925,10.1290
1986,34.9424
1926,9.9706
1987,35.0502
1927,9.9549
1988,34.6407
1928,9.8914
1989,35.0421
1929,9.8327
1990,35.1467
1930,9.7828
1991,34.6479
1931,11.0472
1932,9.8145
1992,35.7414
1993,34.1192
1933,10.0823
1994,34.9442
1934,9.8590
1995,35.3614
1935,9.9345
1996,34.5108
1936,10.1363
1997,34.7581
1937,9.7627
1998,36.1581
1938,9.7470
1999,34.9589
1939,9.9401
2000,34.6906
1940,10.4072
2001,35.5999
1941,9.9219
2002,35.3638
1942,10.1172
2003,34.8223
1943,9.8285
2004,34.5277
1944,10.7304
2005,34.5313
1945,9.9462
2006,35.1455
1946,9.8446
2007,35.4506
1947,10.2065
2008,35.3303
1948,10.1137
2009,34.9796
1949,9.9783
2010,34.4271
1950,9.8518
2011,35.0809
1951,9.9423
2012,34.2719
1952,10.1102
2013,35.2699
1953,9.9517
2014,34.9761
1954,9.7218
2015,34.7309
1955,9.9788
2016,34.5232
1956,10.0612
2017,35.1779
1957,10.0237
2018,34.4926
1958,10.0093
2019,35.6587
1959,9.8089
2020,35.0380
1960,9.6813
2021,34.8485
1961,10.0652
2022,34.8345
1962,10.2645
2023,34.9719
1963,9.8838
2024,34.6669
1964,9.7663
2025,35.3469
1965,10.0087
2026,34.6903
1966,10.1774
2027,34.8709
1967,9.6840
2028,34.9206
1968,9.8682
2029,34.8738
1969,9.7929
2030,35.0996
1970,9.9354
2031,35.3908
1971,9.9208
2032,35.5280
1972,10.0328
2033,34.7667
1973,10.0045
2034,34.4204
1974,10.1952
2035,35.2504
1975,10.2512
2036,34.3645
1976,10.1421
2037,35.0136
1977,10.0674
2038,35.0153
1978,10.0180
2039,35.3071
1979,9.9351
2040,35.5076
1980,10.2280
2041,34.5381
1981,9.7609
2042,34.5977
1982,9.8305
2043,35.1046
1983,9.9001
2044,34.4963
1984,9.9221
2045,35.2726
1985,9.9083
2046,35.3122
1986,9.9394
1987,9.8590
2047,37.1906
2048,34.6862
1988,9.8023
2049,35.3009
1989,9.6850
2050,35.1432
1990,9.7642
2051,35.3837
1991,10.3993
1992,9.9179
2052,35.1660
2053,34.6348
1993,10.3496
1994,9.7663
2054,36.9082
2055,34.2511
1995,9.9627
2056,34.4896
1996,10.0581
2057,34.9249
1997,9.9443
2058,34.1532
1998,9.8033
2059,34.5956
1999,9.9008
2060,35.1367
2000,9.9533
2061,36.0039
2001,9.9396
2062,35.0265
2002,9.7077
2003,9.6859
2063,34.9281
2064,34.1765
2004,9.8582
2065,34.6752
2005,10.0521
2066,35.1604
2006,10.1395
2067,34.4043
2007,10.1447
2068,34.6191
2008,9.7947
2069,35.0301
2009,9.8348
2070,34.9538
2010,9.8742
2071,35.4327
2011,9.9731
2072,34.8754
2012,10.1106
2073,35.5493
2013,10.0163
2074,34.7611
2014,9.8511
2075,34.7092
2015,10.4043
2076,35.5065
2016,10.2135
2077,34.9101
2017,10.3180
2078,34.9804
2018,10.0257
2079,34.2696
2019,9.8282
2080,34.7137
2020,10.1138
2081,35.4051
2021,9.7009
2082,35.2436
2022,9.7826
2083,34.9750
2023,9.8776
2024,9.6169
2084,35.0372
2085,34.4646
2025,10.1265
2086,34.8183
2026,9.7844
2087,35.7420
2027,10.1189
2028,9.6368
2088,34.3949
2089,34.2883
2029,9.8658
2090,34.4317
2030,9.8873
2091,34.9252
2031,9.9431
2092,35.0502
2032,9.8888
2093,35.1089
2033,9.9539
2034,9.9894
2094,35.1455
2095,34.5870
2035,9.8709
2096,34.1179
2036,9.9638
2097,35.2405
2037,9.7526
2098,36.5932
2038,9.9059
2099,34.2560
2039,10.2951
2040,9.9606
2100,35.3531
2101,34.0065
2041,9.8236
2102,34.9349
2042,10.1362
2103,34.5453
2043,10.0496
2104,34.6617
2044,10.2335
2045,10.0252
2105,35.6107
2106,34.8402
2046,10.0403
2047,9.8261
2107,34.9595
2108,34.1249
2048,9.8942
2109,34.6811
2049,9.9721
2110,35.0301
2050,10.0848
2111,34.6838
2051,9.9694
2112,34.9492
2052,9.8857
2113,35.7104
2053,10.0796
2114,34.5566
2054,10.1686
2115,34.5825
2055,10.0425
2116,34.6424
2056,9.8266
2117,34.7163
2057,9.9250
2118,35.4220
2058,9.9643
2119,34.2441
2059,9.7515
2120,35.1925
2060,10.0441
2121,34.3013
2061,10.0435
2122,33.8700
2062,9.7535
2123,34.9412
2063,9.8558
2124,34.5786
2064,9.6393
2125,34.6818
2065,9.6856
2126,35.1849
2066,9.7265
2127,36.5170
2067,9.6889
2068,9.6816
2128,35.1457
2129,33.9187
2069,9.8426
2130,35.1273
2070,9.6620
2131,34.7801
2071,9.8482
2132,35.7084
2072,10.0269
2133,35.0494
2073,9.9041
2134,34.1787
2074,9.6794
2135,34.7334
2075,10.0413
2136,34.5249
2076,9.8186
2137,34.8526
2077,9.7841
2138,34.0712
2078,9.8388
2139,35.0579
2079,9.7089
2140,34.8556
2080,9.7698
2141,35.0060
2081,9.8719
2142,34.7655
2082,10.0139
2143,35.2771
2083,10.2566
2144,35.1565
2084,9.6264
2145,34.0142
2085,9.5909
2086,9.4523
2146,35.3600
2147,34.2569
2087,9.8431
2148,35.2975
2088,10.2558
2089,9.7087
2149,36.7135
2150,33.7704
2090,9.8965
2151,34.7328
2091,10.2874
2092,9.5067
2152,35.2585
2153,34.6466
2093,10.0629
2094,9.7669
2154,34.8073
2155,34.5804
2095,9.4573
2156,34.5058
2096,9.7577
2157,35.0376
2097,9.8846
2158,36.6491
2098,9.6209
2159,34.5960
2099,9.7938
2100,9.7914
2160,35.2205
2161,34.2236
2101,10.0219
2162,35.4751
2102,9.8264
2103,9.4596
2163,34.8855
2164,34.5113
2104,9.7661
2165,34.8393
2105,9.6206
2166,35.2498
2106,9.7765
2167,34.1165
2107,9.6551
2168,34.7472
2108,9.9631
2169,34.8030
2109,9.6542
2170,34.8155
2110,9.7218
2171,34.7208
2111,9.6447
2172,35.1058
2112,9.6626
2173,34.4337
2113,9.6935
2174,35.2561
2114,9.9976
2175,34.3965
2115,10.0921
2176,34.9879
2116,9.7301
2177,34.3472
2117,10.0425
2178,34.9716
2118,9.6336
2179,35.1352
2119,9.3413
2180,34.3869
2120,9.3151
2181,35.3217
2121,9.5912
2182,35.1032
2122,9.6546
2183,35.0203
2123,9.5488
2184,34.7194
2124,9.4175
2185,35.6445
2125,9.5631
2186,34.7302
2126,9.2878
2187,34.6442
2127,9.4621
2188,34.9609
2128,9.2196
2189,34.3981
2129,9.2048
2190,34.9330
2130,9.9012
2131,9.4278
2191,36.0597
2192,34.1510
2132,9.4465
2193,34.3876
2133,9.6589
2194,34.9796
2134,10.0299
2195,35.0254
2135,9.9125
2196,34.9039
2136,10.2244
2137,9.5453
2197,35.2851
2198,34.7408
2138,9.6374
2139,9.4441
2199,34.3382
2200,34.5662
2140,9.5433
2201,35.2574
2141,9.9237
2142,9.2390
2202,35.0016
2143,9.2489
2203,34.1763
2204,34.2339
2144,9.3891
2205,34.6248
2145,9.5036
2206,34.5881
2146,9.1368
2207,35.1778
2147,9.1811
2208,34.5234
2148,9.3739
2209,34.7624
2149,9.2864
2210,34.5399
2150,9.3711
2211,34.8413
2151,9.2965
2212,34.9198
2152,9.2924
2213,34.7306
2153,9.7896
2214,36.2518
2154,9.3603
2215,34.8609
2155,9.4287
2216,34.4278
2156,9.3882
2217,35.1865
2157,9.5157
2218,34.6810
2158,9.0794
2219,33.8267
2159,9.3590
2220,34.8365
2160,9.2340
2221,34.8229
2161,9.4422
2222,34.1951
2162,9.3559
2163,9.6653
2223,36.6982
2224,34.4261
2164,9.7073
2225,34.9516
2165,9.4442
2226,34.1296
2166,9.6143
2227,35.3709
2167,9.5941
2228,34.8763
2168,9.5781
2229,34.2087
2169,10.0076
2170,9.3147
2230,35.1530
2231,34.4238
2171,9.4526
2232,33.7379
2172,9.5286
2233,34.4856
2173,9.6585
2234,35.5394
2174,9.7379
2235,34.4735
2175,9.6896
2236,35.1070
2176,9.4306
2237,34.5981
2177,9.5858
2238,35.0702
2178,9.3502
2239,35.3953
2179,9.6229
2240,35.1179
2180,9.5368
2241,34.6384
2181,9.4698
2242,34.6296
2182,9.4107
2243,34.6122
2183,9.3340
2244,34.8554
2184,9.5390
2245,34.9503
2185,9.5941
2246,35.0702
2186,9.3991
2247,34.7936
2187,9.9808
2188,9.5116
2248,36.8117
2249,34.2333
2189,9.3870
2250,35.1335
2190,9.5285
2251,34.6123
2191,9.4022
2252,35.0986
2192,9.5985
2253,34.8193
2193,9.2669
2254,34.6450
2194,9.2681
2255,34.9392
2195,9.5075
2256,34.6352
2196,9.3879
2257,34.7980
2197,9.4912
2258,34.7621
2198,9.4139
2259,34.7188
2199,9.5179
2260,35.2716
2200,9.8495
2201,9.4870
2261,35.7571
2262,33.9677
2202,9.3486
2263,35.3781
2203,9.3612
2264,34.2727
2204,9.3978
2265,35.2185
2205,9.3573
2206,9.0950
2266,34.7319
2267,34.1419
2207,9.2578
2268,35.1024
2208,9.2660
2269,34.4313
2209,9.3335
2270,34.3045
2210,9.8984
2211,9.0597
2271,35.2604
2272,34.2337
2212,9.0785
2273,35.2266
2213,9.3028
2274,35.3340
2214,9.2898
2275,34.2221
2215,9.9554
2216,9.3118
2276,35.6351
2277,34.6888
2217,9.3918
2278,34.2169
2218,9.9747
2219,9.3482
2279,35.5726
2280,33.9878
2220,9.6724
2281,34.4530
2221,9.3415
2282,34.8336
2222,9.4452
2283,34.8193
2223,9.3865
2284,35.1454
2224,9.5119
2285,34.6380
2225,9.4014
2286,34.4836
2226,9.4221
2287,34.5965
2227,9.3392
2288,34.9836
2228,9.4013
2289,35.0647
2229,9.3549
2290,35.2568
2230,9.7873
2231,9.2884
2291,35.1575
2292,34.1094
2232,9.2650
2293,35.0028
2233,9.4074
2294,34.3046
2234,9.9757
2295,35.0955
2235,9.4397
2296,34.7215
2236,9.5026
2297,34.7570
2237,9.2005
2298,34.6336
2238,9.4894
2299,34.7394
2239,9.5054
2300,34.7372
2240,9.3135
2301,34.5612
2241,9.4973
2302,35.0363
2242,9.3547
2303,34.3476
2243,9.6320
2304,35.5500
2244,9.3877
2305,34.7179
2245,9.5027
2306,34.2477
2246,9.2725
2307,35.1821
2247,9.7416
2248,9.2182
2308,35.7779
2309,34.5021
2249,9.5666
2250,9.2367
2310,37.5445
2251,9.3167
2311,41.5823
2312,34.0106
2252,9.1175
2313,34.4743
2253,9.1815
2314,34.7391
2254,9.4382
2315,34.9990
2255,9.4446
2256,9.0840
2316,34.7900
2317,34.1083
2257,9.1045
2318,34.4162
2258,9.0026
2319,34.6099
2259,9.0430
2320,34.9183
2260,9.1946
2321,35.1866
2261,9.2663
2322,34.6743
2262,9.0458
2323,35.2187
2263,9.1405
2324,34.2083
2264,9.2190
2325,34.0247
2265,9.1935
2326,35.4559
2266,9.5443
2327,35.5991
2267,9.2309
2328,34.5355
2268,9.2540
2329,35.1441
2269,9.1909
2330,34.8905
2270,9.0643
2331,34.1149
2271,9.6720
2332,35.2737
2272,9.1163
2333,35.0860
2273,9.1561
2334,34.5740
2274,9.3716
2335,34.4407
2275,9.1864
2336,34.6535
2276,9.0970
2337,34.8242
2277,9.2173
2338,35.2938
2278,9.3115
2339,34.9896
2279,9.1937
2340,34.6411
2280,9.2166
2341,34.4776
2281,9.2765
2342,35.6701
2282,9.3034
2343,34.6835
2283,9.1314
2344,36.2746
2284,9.1036
2345,34.9703
2285,9.1996
2346,35.1324
2286,9.0843
2347,35.0730
2287,9.2497
2348,34.3880
2288,9.7171
2349,35.1296
2289,9.3422
2350,34.8115
2290,9.1333
2351,34.3792
2291,9.4098
2352,35.0014
2292,9.0297
2353,34.5076
2293,9.1111
2354,35.1028
2294,9.7030
2355,34.8823
2295,9.8029
2356,34.5622
2296,9.2850
2357,34.6088
2297,9.5953
2358,35.6987
2298,9.1702
2359,34.8488
2299,9.5251
2360,34.6237
2300,9.7662
2361,34.9118
2301,10.4060
2362,35.2358
2302,10.7313
2363,34.1482
2303,10.4946
2364,34.5062
2304,10.5148
2365,34.6755
2305,10.9123
2366,34.6259
2306,10.6132
2367,34.4321
2307,10.6175
2368,35.3996
2308,10.5946
2369,35.0766
2309,11.1382
2370,35.5580
2310,10.2093
2311,11.0184
2371,34.8433
2372,33.6791
2312,10.7791
2373,35.2236
2313,10.6060
2374,34.0436
2314,10.1565
2375,36.0269
2315,10.3641
2376,34.1919
2316,10.4017
2377,34.1917
2317,10.5827
2318,10.4305
2378,35.8256
2379,34.1525
2319,10.3722
2380,35.3731
2320,10.4992
2381,34.2550
2321,10.3438
2382,35.7292
2322,10.3372
2383,34.9840
2323,10.1274
2384,34.7180
2324,10.5181
2385,34.9829
2325,10.4542
2386,34.2108
2326,9.8792
2387,35.8084
2327,9.7903
2388,35.5525
2328,9.7948
2389,34.6843
2329,9.6443
2390,34.6418
2330,9.9466
2391,35.0285
2331,9.7743
2392,35.0517
2332,9.7339
2393,34.2821
2333,9.9088
2394,34.3714
2334,9.7534
2395,34.7989
2335,10.6172
2396,35.4898
2336,9.9059
2397,34.7512
2337,9.7671
2398,34.4264
2338,9.8478
2399,34.9293
2339,10.0620
2400,34.3012
2340,10.7515
2401,34.9183
2341,9.9205
2402,34.9575
2342,10.8413
2403,34.9509
2343,10.0637
2404,36.1101
2344,9.9032
2405,34.9917
2345,9.9237
2406,33.9600
2346,10.3131
2407,34.9949
2347,10.2839
2408,34.3480
2348,10.0585
2409,34.4849
2349,10.0416
2410,35.3442
2350,10.3512
2351,10.2338
2411,36.5305
2412,33.8026
2352,10.4803
2413,35.7196
2353,10.7019
2414,34.9371
2354,10.5830
2415,34.5928
2355,14.9791
2356,14.6539
2416,36.0976
2417,34.0399
2357,13.4021
2418,34.4246
2358,13.6318
2419,34.4151
2359,14.1269
2420,35.1779
2360,14.4994
2421,35.1095
2361,14.5777
2422,34.5901
2362,14.5914
2423,34.5124
2363,14.1165
2424,35.3882
2364,14.3135
2425,35.0570
2365,14.6437
2426,34.6775
2366,14.8399
2427,34.7365
2367,15.4570
2428,35.0002
2368,11.9625
2429,34.6229
2369,15.5375
2430,35.6959
2370,15.5410
2431,34.3916
2371,13.2079
2432,34.5125
2372,12.6076
2433,34.7089
2373,14.4518
2434,35.4900
2374,13.3545
2435,34.5230
2375,11.8540
2376,11.9395
2436,38.5636
2437,35.6345
2377,12.5701
2438,36.2785
2378,11.9751
2439,36.0237
2379,11.8237
2380,9.8781
2440,36.9479
2441,35.6058
2381,10.5178
2442,36.2585
2382,10.0308
2443,36.1041
2383,12.3095
2444,35.7091
2384,9.9725
2445,35.8144
2385,9.9565
2446,36.2184
2386,10.3220
2447,36.4485
2387,10.1903
2388,10.1763
2448,36.1772
2449,35.7737
2389,10.1828
2450,35.7469
2390,9.8639
2451,35.7287
2391,9.9288
2452,36.6519
2392,10.5916
2453,35.2174
2393,10.0626
2394,9.6837
2454,36.1306
2395,10.2195
2455,35.5645
2396,10.7815
2456,38.6474
2397,9.8748
2457,35.5101
2458,36.0605
2398,9.9937
2459,35.5502
2399,9.8552
2400,10.7828
2460,38.4995
2461,35.2291
2401,11.2891
2462,34.8378
2402,12.1738
2463,35.8779
2403,12.7304
2464,35.7752
2404,12.3935
2465,35.6070
2405,13.9467
2406,13.9259
2466,36.1062
2467,35.6267
2407,13.4330
2468,35.2429
2408,15.5686
2409,15.6014
2469,36.2621
2470,35.3038
2410,13.0161
2471,35.9776
2411,12.8374
2472,35.5063
2412,15.1576
2473,36.1362
2413,15.4291
2414,14.6038
2474,35.8832
2475,36.0391
2415,15.7542
2416,14.4978
2476,35.9532
2477,35.5465
2417,15.3984
2478,35.4076
2418,13.2090
2479,35.9367
2419,14.6775
2480,35.9370
2420,14.5184
2481,35.5916
2421,13.2312
2482,36.0281
2422,11.3847
2483,35.7283
2423,15.9303
2424,12.4274
2484,36.5951
2425,11.0998
2485,35.7846
2486,35.7311
2426,9.8456
2487,38.3584
2427,10.2554
2488,35.4402
2428,10.0834
2429,9.9748
2489,36.5591
2430,10.7859
2490,35.4895
2491,35.6906
2431,9.9924
2432,9.8078
2492,35.4585
2493,35.0150
2433,11.5361
2494,35.7601
2434,9.8977
2435,9.9355
2495,36.1184
2436,9.9792
2496,35.3536
2437,10.0095
2497,35.0979
2498,35.4965
2438,12.0985
2499,36.5051
2439,9.9312
2440,9.9604
2500,36.3920
2441,10.3295
2501,36.4902
2502,35.5236
2442,10.6384
2503,36.3612
2443,11.9448
2504,35.8802
2444,9.8668
2445,10.0855
2505,36.5523
2506,35.1484
2446,10.3420
2507,36.2190
2447,12.0908
2508,36.0012
2448,12.7510
2509,36.1115
2449,14.7888
2450,14.8253
2510,36.0563
2511,33.9844
2451,15.6209
2512,35.1755
2452,14.2659
2513,35.4157
2453,15.1748
2514,34.6727
2454,12.2489
2515,35.3034
2455,12.4883
2516,34.4622
2456,13.4350
2517,35.0749
2457,15.7453
2518,34.6866
2458,13.2456
2519,35.1325
2459,15.4542
2520,35.0180
2460,14.4096
2521,34.5650
2461,12.5997
2522,34.6866
2462,13.6720
2523,34.5020
2463,15.4987
2524,38.1185
2464,15.3466
2465,10.4888
2525,34.7098
2526,33.8945
2466,10.5115
2527,34.6290
2467,10.2744
2528,34.9287
2468,10.3085
2529,35.0307
2469,10.1628
2530,34.5943
2470,10.2523
2471,9.8644
2531,35.3955
2532,34.0525
2472,10.0090
2533,34.8811
2473,10.1217
2534,35.0086
2474,10.2740
2535,35.0063
2475,10.0424
2536,35.1632
2476,10.1025
2537,34.3868
2477,9.8616
2538,34.3401
2478,10.1455
2479,10.1678
2539,35.3013
2540,36.8330
2480,10.3429
2541,34.3650
2481,10.6475
2542,35.5283
2482,10.3729
2483,10.0703
2543,36.1272
2484,10.2514
2544,34.0377
2545,34.2856
2485,10.2540
2546,34.8852
2486,10.5231
2547,34.6070
2487,10.9993
2488,10.0962
2548,35.5403
2549,34.6839
2489,10.0053
2550,35.0841
2490,10.2678
2551,34.3616
2491,9.8788
2552,35.4370
2492,10.5500
2553,34.4276
2493,10.0972
2554,34.8663
2494,10.1150
2555,35.1448
2495,10.1362
2556,34.7648
2496,10.6859
2557,34.8735
2497,10.3063
2498,10.3832
2558,35.0203
2559,34.2670
2499,10.4979
2500,10.7879
2560,35.3944
2561,34.1148
2501,10.8136
2562,34.8260
2502,10.3835
2563,34.9904
2503,10.9866
2564,34.9342
2504,10.7376
2565,34.6429
2505,10.3378
2566,34.9927
2506,10.6014
2567,34.7211
2507,10.5636
2568,34.0465
2508,10.8763
2569,35.5389
2509,10.4761
2570,35.1902
2510,10.3038
2571,34.8450
2511,10.1095
2572,35.5776
2512,10.0532
2573,34.3209
2513,10.0156
2574,35.4252
2514,10.0919
2575,35.0536
2515,10.3223
2576,34.2873
2516,10.1329
2577,34.7638
2517,10.0415
2578,34.2742
2518,10.0293
2519,9.9196
2579,34.5141
2580,34.0767
2520,9.9634
2581,34.8374
2521,10.0446
2522,10.1229
2582,34.8702
2583,34.1800
2523,10.5819
2524,9.8488
2584,35.4936
2585,34.4779
2525,10.2504
2586,34.1879
2526,10.7225
2587,34.7888
2527,10.7863
2588,34.1073
2528,10.5513
2589,35.4572
2529,10.3777
2590,34.9446
2530,10.4315
2591,34.6407
2531,10.5883
2592,34.8357
2532,10.8751
2593,34.7555
2533,10.8942
2534,10.6598
2594,34.9101
2595,33.9019
2535,10.5206
2596,33.9978
2536,10.7597
2597,35.0580
2537,10.5308
2598,34.9174
2538,10.6770
2599,35.3160
2539,10.2575
2600,34.7985
2540,10.1474
2601,34.3922
2541,10.1115
2602,34.4225
2542,9.9744
2603,34.5460
2543,10.0185
2604,34.5148
2544,10.1790
2605,34.9323
2545,9.9509
2606,34.3957
2546,9.9941
2607,34.6413
2547,10.0998
2608,34.7090
2548,10.0439
2609,35.1248
2549,10.5048
2610,34.2520
2550,10.0555
2551,9.9460
2611,35.3436
2612,33.4743
2552,10.4582
2613,34.7093
2553,10.5448
2614,33.9835
2554,11.0151
2615,35.3288
2555,10.3612
2616,35.0176
2556,10.2111
2617,34.1280
2557,10.5496
2618,34.2972
2558,10.6598
2619,35.6208
2559,11.0528
2620,34.1137
2560,10.7788
2621,34.8552
2561,10.8167
2622,34.8618
2562,11.3603
2623,35.1895
2563,10.9160
2624,35.0559
2564,10.7973
2625,34.7384
2565,10.4904
2626,34.7262
2566,10.3045
2627,35.3471
2567,10.0686
2628,34.7343
2568,10.0827
2629,34.2629
2569,10.2770
2630,34.5508
2570,10.0118
2631,35.3554
2571,10.0517
2632,34.2535
2572,10.4332
2573,9.9991
2633,35.0177
2634,33.9451
2574,10.1091
2635,34.5518
2575,10.0380
2636,34.2345
2576,10.1840
2637,34.4654
2577,10.0545
2578,9.8277
2638,34.9415
2639,34.1853
2579,9.8805
2580,9.7329
2640,34.7977
2641,34.1312
2581,9.9666
2582,9.6927
2642,34.7866
2643,33.9622
2583,10.1940
2644,34.1350
2584,10.3152
2645,34.7826
2585,10.3833
2646,34.3506
2586,10.5696
2647,34.7127
2587,10.4244
2648,34.4595
2588,10.5359
2649,34.8365
2589,10.5879
2650,35.1635
2590,11.0262
2651,34.6548
2591,10.4842
2652,35.3083
2592,10.2200
2653,34.9753
2593,10.1019
2654,34.7609
2594,10.3159
2655,34.5565
2595,10.7802
2656,34.5564
2596,10.4180
2657,34.2892
2597,10.3107
2658,34.7474
2598,9.9671
2659,34.8798
2599,9.6971
2660,34.6302
2600,9.7369
2661,34.4302
2601,9.8798
2662,34.4533
2602,10.0113
2663,34.7240
2603,9.8523
2604,9.3722
2664,35.2293
2665,34.2697
2605,9.7981
2666,33.9999
2606,9.8220
2607,9.4767
2667,35.2007
2608,9.7144
2668,34.6425
2669,34.1663
2609,9.5105
2670,34.1153
2610,9.7957
2671,34.6679
2611,9.8182
2672,35.5174
2612,10.2575
2673,34.2585
2613,9.6834
2614,9.6505
2674,34.5291
2675,34.1696
2615,10.3542
2676,34.3489
2616,10.0077
2677,34.6934
2617,10.2747
2678,34.8336
2618,10.1070
2679,35.3243
2619,9.7997
2680,34.3445
2620,10.3265
2681,34.7180
2621,9.9911
2682,34.5421
2622,10.0701
2683,34.7282
2623,9.5721
2684,35.6360
2624,9.4299
2685,34.7320
2625,9.4991
2686,34.6955
2626,9.3998
2687,34.9967
2627,9.3876
2688,34.8026
2628,9.4625
2689,34.5746
2629,10.1443
2630,9.6035
2690,34.7760
2691,34.1233
2631,9.8739
2692,34.4621
2632,9.7034
2693,34.5951
2633,10.3720
2634,9.4511
2694,35.1389
2695,34.0557
2635,9.5082
2636,9.8682
2696,34.7778
2637,9.7031
2697,35.1019
2698,34.9941
2638,10.2813
2699,33.9765
2639,10.1066
2700,34.1926
2640,10.2351
2701,35.1081
2641,9.9610
2702,34.0906
2642,10.3840
2703,34.7394
2643,9.9411
2704,35.1771
2644,9.9847
2705,34.8760
2645,9.8275
2706,34.4355
2646,9.7304
2707,34.2605
2647,9.5334
2708,34.7966
2648,9.6816
2709,34.3734
2649,9.6244
2710,34.4065
2650,9.5564
2711,35.1687
2651,9.5550
2712,34.3842
2652,9.8095
2653,9.4523
2713,35.4202
2654,9.4825
2714,34.3937
2655,9.5333
2715,34.4009
2716,33.6229
2656,10.4622
2657,9.5498
2717,37.4554
2658,9.5889
2718,34.2527
2659,9.6914
2719,34.2851
2720,34.0945
2660,10.1807
2721,34.1506
2661,10.4316
2722,34.4804
2662,9.9039
2723,34.9851
2663,9.8578
2724,34.1303
2664,10.1466
2725,34.3575
2665,11.3341
2726,35.2299
2666,10.8499
2727,35.8258
2667,10.5892
2728,35.0167
2668,10.3000
2729,34.2886
2669,10.3128
2730,35.3247
2670,10.2764
2731,35.5898
2671,10.1175
2732,35.4128
2672,9.7897
2733,34.1891
2673,9.8530
2674,9.6454
2734,34.5818
2735,34.0630
2675,9.6472
2736,34.3351
2676,9.6297
2737,34.7658
2677,9.6067
2738,34.2351
2678,9.6702
2739,34.3100
2679,9.5893
2740,34.4985
2680,9.9116
2741,34.3782
2681,10.2358
2742,34.8759
2682,9.7674
2743,34.1929
2683,10.0533
2744,34.5458
2684,10.1962
2685,10.1959
2745,35.1565
2746,34.0745
2686,10.0838
2747,35.0055
2687,10.2749
2748,34.3766
2688,10.8599
2749,34.5583
2689,10.4594
2690,10.9743
2750,34.7601
2751,34.2163
2691,10.8385
2752,35.3190
2692,10.4669
2753,37.1672
2693,10.0803
2754,34.7076
2694,9.7150
2755,33.9265
2695,10.1293
2696,10.1158
2756,35.3895
2757,34.2970
2697,10.1283
2698,9.7490
2758,35.0198
2759,34.4825
2699,10.0733
2760,34.1441
2700,9.9390
2761,33.8333
2701,10.0941
2762,34.1055
2702,10.1220
2703,9.9218
2763,35.4558
2764,34.4505
2704,9.8482
2765,34.6417
2705,10.4726
2766,34.1736
2706,10.5859
2767,34.8850
2707,10.5562
2768,34.3013
2708,10.8595
2769,34.6391
2709,10.7592
2770,34.2239
2710,10.6063
2771,35.1711
2711,10.8624
2772,34.5106
2712,10.9026
2773,34.9860
2713,10.7786
2714,10.2345
2774,34.6908
2775,33.8298
2715,10.3017
2776,34.7304
2716,10.1471
2777,35.4086
2717,10.5644
2778,34.5287
2718,10.2800
2779,34.6308
2719,10.3384
2780,33.8441
2720,9.9731
2781,34.2648
2721,10.2725
2722,9.9870
2782,34.6086
2783,33.7767
2723,10.1214
2724,9.5906
2784,35.2993
2725,9.5968
2785,33.6785
2786,34.6489
2726,9.8925
2787,34.0835
2727,10.2394
2728,9.9459
2788,35.2003
2789,33.9948
2729,10.0135
2790,34.8879
2730,10.5016
2791,34.2864
2731,10.3061
2792,34.7396
2732,10.5892
2793,34.7252
2733,10.4238
2794,34.4798
2734,10.8052
2795,34.4704
2735,11.0955
2796,34.9294
2736,10.7004
2797,34.6698
2737,10.2654
2798,35.0223
2738,10.7488
2799,34.2072
2739,10.4960
2800,35.6243
2740,9.7752
2801,35.0040
2741,9.7012
2802,34.7981
2742,9.5441
2803,35.1427
2743,9.8494
2804,33.9573
2744,9.6681
2745,9.4198
2805,34.1656
2806,34.3688
2746,9.6730
2807,34.2359
2747,9.4322
2808,34.6532
2748,9.3174
2809,34.1616
2749,9.3906
2810,34.4193
2750,9.5114
2811,34.7449
2751,9.5003
2812,34.6853
2752,9.6760
2813,34.6613
2753,9.5237
2814,33.9158
2754,10.2823
2815,34.5741
2755,12.0590
2816,34.3256
2756,11.9529
2817,34.3577
2757,10.1164
2818,35.0036
2758,9.8453
2759,10.3970
2819,34.4127
2820,34.6933
2760,10.3022
2821,34.1831
2761,9.6942
2822,35.1140
2762,9.4430
2823,34.6262
2763,9.4207
2824,35.8647
2764,9.3258
2825,35.1768
2765,9.6117
2826,34.6016
2766,9.4258
2827,34.5335
2767,9.2907
2828,33.9502
2768,9.1627
2829,34.3655
2769,9.2176
2830,34.6855
2770,9.3682
2831,34.5065
2771,9.3485
2832,34.6800
2772,9.7158
2833,34.4295
2773,9.4469
2774,9.5997
2834,35.2018
2835,33.7439
2775,10.1829
2836,35.2593
2776,10.2042
2837,34.4819
2777,10.5189
2838,34.0142
2778,10.1208
2839,34.8606
2779,10.6638
2840,34.5035
2780,9.9846
2781,10.2683
2841,35.1413
2842,35.2040
2782,9.9743
2843,35.1614
2783,10.1733
2844,35.3344
2784,9.7474
2785,9.7884
2845,34.4362
2846,34.1144
2786,9.6545
2847,34.7835
2787,9.6956
2848,34.8460
2788,9.8423
2789,9.2864
2849,34.6132
2850,33.9900
2790,9.1616
2851,34.5023
2791,9.3945
2852,34.2950
2792,9.9664
2853,34.7510
2793,9.5940
2794,9.3357
2854,35.3762
2795,9.3926
2855,34.5597
2796,9.9014
2856,34.2289
2857,34.1834
2797,10.8731
2858,34.6439
2798,9.7201
2799,9.7021
2859,34.9082
2800,10.0311
2860,34.5322
2801,10.0639
2861,34.8553
2862,34.7163
2802,10.2076
2863,34.9831
2803,10.0183
2864,33.7123
2804,9.7672
2865,35.3526
2805,9.4619
2866,34.9846
2806,9.3749
2867,34.5313
2807,9.4825
2868,34.7593
2808,9.4466
2809,9.5177
2869,35.0576
2870,35.7697
2810,9.7728
2811,9.3858
2871,35.1557
2872,34.2726
2812,9.4609
2873,34.1310
2813,9.3743
2874,35.4000
2814,9.7323
2875,33.9870
2815,9.4359
2876,36.9881
2816,9.3771
2877,34.4465
2817,9.5394
2878,35.0995
2818,10.0731
2819,10.0245
2879,36.6179
2880,34.1172
2820,10.1324
2881,33.8326
2821,10.3282
2882,34.8249
2822,10.9114
2883,35.0761
2823,10.6039
2884,35.2102
2824,10.2036
2885,34.6964
2825,10.9559
2886,34.0088
2826,10.4335
2887,35.0140
2827,10.7432
2888,34.8062
2828,10.6534
2889,34.7444
2829,10.2867
2890,34.8133
2830,9.9957
2891,34.7933
2831,9.8812
2892,34.6112
2832,9.9395
2893,34.8265
2833,10.0419
2894,34.5308
2834,10.2803
2895,34.7752
2835,10.1019
2836,9.6866
2896,34.6279
2897,34.1197
2837,9.6414
2898,34.3145
2838,10.0332
2899,34.3730
2839,10.0619
2900,35.0295
2840,9.9086
2901,34.4168
2841,9.9464
2902,34.4651
2842,9.9731
2903,34.2454
2843,10.2876
2904,34.4134
2844,10.9238
2905,34.9514
2845,10.5324
2906,34.5688
2846,11.0402
2847,10.3452
2907,36.9066
2908,34.2761
2848,10.4252
2909,34.7907
2849,10.4403
2910,35.0847
2850,10.5744
2911,34.8985
2851,10.5566
2912,35.1448
2852,10.2678
2913,34.9709
2853,10.0375
2914,34.6706
2854,10.1199
2915,35.3914
2855,10.0136
2856,9.5625
2916,34.7664
2857,9.5698
2917,34.8158
2918,33.8427
2858,9.7366
2919,34.2610
2859,9.4408
2860,9.3713
2920,35.1487
2921,34.0906
2861,9.7940
2922,34.9870
2862,10.0712
2863,9.3502
2923,35.0011
2924,34.1252
2864,9.5817
2925,34.4156
2865,10.2498
2866,9.3015
2926,35.2713
2927,34.1261
2867,9.5642
2928,34.7619
2868,10.0270
2869,9.4795
2929,35.6046
2930,34.0049
2870,10.2974
2931,34.6573
2871,10.2801
2872,9.3867
2932,35.3218
2873,10.1287
2933,34.1824
2934,34.1101
2874,10.0589
2875,9.6380
2935,35.3789
2936,33.9598
2876,9.7476
2937,34.3218
2877,9.6943
2938,34.9937
2878,9.5404
2939,34.2572
2879,9.9141
2940,34.5622
2880,9.7467
2881,9.6082
2941,35.8099
2942,33.9347
2882,9.9339
2943,35.2552
2883,10.0274
2884,9.4992
2944,35.1369
2945,33.9795
2885,10.2119
2946,34.8923
2886,10.1657
2887,9.5175
2947,35.4786
2948,34.1278
2888,9.6001
2949,34.3231
2889,9.5752
2950,35.0854
2890,9.9594
2951,34.4708
2891,9.6107
2952,34.6289
2892,10.0113
2953,35.6205
2893,9.5792
2954,35.1469
2894,9.4317
2955,34.9607
2895,9.9255
2956,34.7435
2896,9.6641
2957,34.9651
2897,10.2679
2958,34.8382
2898,10.2714
2899,9.8655
2959,35.0904
2960,33.9892
2900,9.4712
2961,34.5349
2901,9.6421
2962,34.4153
2902,9.9483
2963,34.6310
2903,9.7627
2964,35.0722
2904,10.2911
2965,34.7866
2905,9.8445
2906,9.6745
2966,35.1087
2967,34.3029
2907,9.7612
2908,9.4302
2968,34.8343
2969,34.3573
2909,10.0388
2970,34.7103
2910,9.8821
2971,35.2715
2911,9.9174
2972,34.5983
2912,9.5041
2973,33.7293
2913,9.8101
2974,34.9119
2914,9.8547
2915,9.3592
2975,34.9577
2976,34.2803
2916,9.8928
2977,34.3003
2917,9.5515
2978,35.1527
2918,9.6292
2979,34.7595
2919,10.2133
2980,35.0213
2920,10.3475
2921,9.3391
2981,35.4233
2982,34.2077
2922,9.5822
2983,34.1332
2923,10.1688
2984,35.0571
2924,10.3795
2925,9.7516
2985,35.3870
2986,34.2755
2926,9.9799
2927,9.3565
2987,35.9095
2988,34.0378
2928,9.8933
2989,34.5986
2929,9.8377
2990,34.8080
2930,9.4557
2991,34.9532
2931,10.0118
2992,34.6485
2932,9.6154
2993,35.7062
2933,9.3254
2994,33.9926
2934,9.5171
2995,35.2185
2935,9.8312
2996,34.3735
2936,9.9338
2997,35.3840
2937,9.9257
2998,34.7315
2938,9.8426
2999,34.1020
2939,10.0868
2940,9.8346
3000,34.9224
3001,34.0634
2941,9.9735
2942,10.0803
3002,35.9338
3003,34.2380
2943,9.4474
3004,35.3155
2944,9.7152
3005,34.2593
2945,9.9752
3006,34.3653
2946,9.6939
3007,35.0080
2947,10.0112
3008,35.2629
2948,9.6687
3009,35.0401
2949,9.7617
3010,34.4056
2950,9.5504
3011,35.0700
2951,9.6396
3012,33.7751
2952,10.1151
3013,35.5553
2953,10.2753
2954,9.4365
3014,36.0158
2955,9.4877
3015,36.2676
3016,34.0465
2956,9.8563
3017,34.7801
2957,9.8561
3018,34.4686
2958,10.2805
3019,35.3746
2959,10.4544
2960,9.3193
3020,35.1556
2961,9.5542
3021,34.5924
3022,34.2165
2962,9.7659
3023,34.7398
2963,10.0072
3024,34.8596
2964,9.8061
3025,34.7020
2965,9.6190
2966,9.3111
3026,34.8441
3027,34.4013
2967,9.5397
3028,34.4205
2968,9.7720
3029,34.8550
2969,9.8316
3030,34.5166
2970,9.9869
3031,35.6071
2971,9.6164
3032,33.8994
2972,9.8924
3033,34.7369
2973,9.9517
2974,10.1582
3034,35.0536
3035,34.6974
2975,9.9648
2976,9.8714
3036,35.3840
3037,34.9151
2977,9.4934
2978,9.4625
3038,34.9912
3039,34.3427
2979,9.8773
3040,35.5863
2980,10.2257
2981,9.4189
3041,34.9805
3042,33.6998
2982,9.6318
3043,35.0678
2983,9.9876
3044,34.7701
2984,9.9049
2985,10.1417
3045,34.9737
3046,33.6417
2986,9.7706
2987,9.3902
3047,35.6359
3048,33.7806
2988,9.4810
3049,33.6953
2989,9.6692
3050,35.1681
2990,9.7213
3051,34.7723
2991,10.1741
3052,35.1354
2992,10.2322
2993,9.3712
3053,35.0204
3054,34.0973
2994,9.5649
3055,33.4890
2995,9.6764
3056,34.6885
2996,9.7506
3057,35.0371
2997,9.8394
3058,35.0067
2998,9.4767
3059,34.6505
2999,9.7034
3060,34.2319
3000,9.6417
3061,35.1950
3001,9.7451
3062,35.0462
3002,9.5068
3063,34.8129
3003,9.8841
3064,34.1154
3004,10.0432
3065,35.3927
3005,9.9070
3006,9.6512
3066,34.7862
3067,34.3189
3007,9.8913
3068,34.8968
3008,9.6004
3069,34.3339
3009,9.6960
3070,35.4234
3010,9.9879
3071,34.2434
3011,10.0040
3012,9.4029
3072,35.0416
3073,34.1048
3013,9.9257
3074,34.6595
3014,9.5915
3075,35.2756
3015,9.8031
3076,34.3316
3016,9.8828
3077,34.8560
3017,9.8521
3078,34.8714
3018,9.5573
3019,9.6630
3079,34.8472
3080,34.6478
3020,9.8212
3081,34.3643
3021,9.4825
3082,35.1186
3022,10.0433
3083,33.9829
3023,9.9706
3024,9.2790
3084,35.1647
3085,35.8011
3025,9.7060
3086,35.2214
3026,9.8230
3087,34.4460
3027,10.0194
3088,34.8651
3028,9.8097
3029,9.3502
3089,34.7895
3090,34.2187
3030,9.6998
3091,34.8318
3031,9.5950
3092,34.6224
3032,9.7417
3093,33.8337
3033,9.8438
3034,9.4029
3094,35.3363
3095,34.2970
3035,9.7141
3096,34.6932
3036,9.6772
3097,35.0152
3037,9.6132
3098,34.4545
3038,9.8723
3099,35.5750
3039,10.2724
3040,9.3527
3100,35.6326
3101,33.7121
3041,9.4194
3102,34.4052
3042,9.6409
3103,35.0420
3043,10.2746
3104,34.2039
3044,10.0855
3105,35.0558
3045,9.7321
3106,34.4644
3046,9.7664
3107,34.3850
3047,9.9840
3048,9.5490
3108,35.4026
3109,34.0239
3049,10.1456
3110,34.8244
3050,10.7410
3051,9.3774
3111,35.7169
3052,9.6836
3112,34.3502
3113,34.3593
3053,9.9378
3114,34.9684
3054,10.1541
3115,34.3983
3055,10.0271
3116,35.5039
3056,9.8226
3057,9.3622
3117,34.1851
3118,33.8522
3058,9.6793
3119,34.9425
3059,9.8539
3120,34.4584
3060,10.1622
3121,35.1836
3061,10.4102
3062,9.3171
3122,35.3238
3123,33.5852
3063,9.6128
3124,34.1987
3064,9.6278
3125,34.7088
3065,10.1498
3126,34.6952
3066,10.2582
3127,35.5633
3067,9.7717
3068,9.5385
3128,35.0379
3129,34.0050
3069,9.7352
3130,35.3819
3070,9.9840
3131,34.6280
3071,10.1577
3132,35.6802
3072,9.9069
3073,9.4231
3133,35.1155
3134,34.0481
3074,9.9659
3135,34.2047
3075,9.9474
3136,35.4606
3076,10.4925
3137,34.4850
3077,9.7285
3138,35.0844
3078,9.7497
3139,34.1144
3079,9.8898
3140,34.1794
3080,9.6740
3141,34.9283
3081,9.6649
3142,34.8558
3082,9.7980
3143,35.3206
3083,9.7795
3084,9.6003
3144,34.8205
3145,34.1423
3085,9.7283
3146,34.7233
3086,10.1303
3147,34.5930
3087,9.8696
3148,35.3388
3088,9.9584
3149,34.8467
3089,9.4796
3150,35.1210
3090,9.5271
3151,34.2651
3091,9.9898
3152,35.7753
3092,10.1330
3153,34.9364
3093,9.8292
3154,34.7030
3094,9.9997
3155,34.8638
3095,9.9038
3156,35.4523
3096,10.0995
3157,34.9492
3097,9.8872
3158,34.6412
3098,10.3414
3159,34.4872
3099,10.4236
3160,35.3876
3100,10.0402
3161,34.1965
3101,9.6488
3162,35.5056
3102,10.1082
3163,34.2922
3103,9.6595
3164,34.8886
3104,10.0888
3165,35.0328
3105,10.2236
3166,35.4460
3106,9.9902
3167,34.9614
3107,9.7893
3168,34.9950
3108,9.9507
3169,34.8111
3109,9.7702
3170,35.3945
3110,9.8237
3171,33.8031
3111,10.2700
3172,35.0962
3112,10.1171
3173,35.3010
3113,9.6631
3174,34.5620
3114,10.2706
3175,34.8167
3115,9.9154
3176,35.1626
3116,10.0638
3177,35.2993
3117,9.8552
3178,34.3657
3118,10.4026
3179,35.1355
3119,10.5288
3120,9.7180
3180,34.9697
3181,34.4834
3121,10.1180
3182,34.8624
3122,10.1562
3183,35.2895
3123,10.1545
3184,34.7386
3124,10.3078
3185,35.1364
3125,10.3376
3186,35.1542
3126,10.3622
3127,9.5258
3187,34.9715
3188,33.8885
3128,9.7507
3189,34.8466
3129,9.9093
3190,34.9633
3130,10.2755
3191,35.9344
3131,9.9778
3192,35.4779
3132,10.3589
3193,35.5255
3133,10.3042
3134,9.3950
3194,35.0233
3195,33.8176
3135,9.9016
3196,34.6821
3136,9.8636
3197,35.1671
3137,10.1425
3198,35.6708
3138,9.7879
3199,34.2265
3139,9.8370
3200,34.5265
3140,9.9525
3201,35.5232
3141,9.8536
3202,34.5043
3142,9.8307
3203,35.1133
3143,10.1969
3204,34.7254
3144,9.9716
3205,35.7696
3145,10.0989
3206,35.2082
3146,10.2545
3207,35.1476
3147,10.3828
3148,9.4828
3208,35.2140
3209,34.0951
3149,9.8727
3210,35.0747
3150,10.1838
3211,35.7977
3151,10.0574
3212,35.0091
3152,9.7739
3213,33.8406
3153,10.0321
3214,35.2953
3154,10.6592
3155,9.5050
3215,35.6236
3216,34.1397
3156,9.9392
3217,34.6008
3157,10.2749
3218,35.3906
3158,10.2497
3219,34.6914
3159,9.6631
3220,34.8961
3160,10.3453
3221,34.6605
3161,10.7067
3222,35.9508
3162,10.4521
3163,9.4014
3223,36.7865
3164,9.7765
3224,34.0403
3225,33.7224
3165,10.2044
3226,35.7585
3166,10.5201
3167,9.6307
3227,36.2442
3228,34.4584
3168,9.9793
3229,34.6984
3169,9.9487
3170,9.7171
3230,35.4819
3231,33.7329
3171,10.1036
3232,35.2759
3172,10.0100
3233,35.6279
3173,10.0753
3234,34.6559
3174,9.6840
3235,34.9677
3175,10.2542
3236,35.4203
3176,10.3793
3237,35.5856
3177,10.6927
3178,9.7052
3238,35.1410
3239,34.7266
3179,10.3503
3240,34.7691
3180,10.5344
3241,35.0480
3181,10.1102
3242,34.3945
3182,10.2571
3243,35.0646
3183,10.2457
3244,35.1793
3184,10.3482
3185,9.4270
3245,35.5513
3246,34.1010
3186,10.0470
3247,35.2518
3187,9.8046
3248,35.4122
3188,9.7226
3249,34.6516
3189,10.9214
3250,35.1980
3190,10.6379
3251,35.5223
3191,9.9430
3252,34.7553
3192,9.7877
3253,34.8751
3193,9.6884
3254,35.0438
3194,10.3330
3255,34.7931
3195,10.3890
3256,35.2969
3196,10.7819
3257,34.9192
3197,10.4330
3198,9.6143
3258,35.5107
3259,34.4329
3199,9.8190
3260,34.8208
3200,10.1720
3261,34.8045
3201,10.1642
3262,35.0411
3202,10.4047
3263,35.0301
3203,10.2877
3204,9.8673
3264,35.4568
3265,33.7566
3205,9.7972
3266,36.6010
3206,9.8790
3267,35.1898
3207,10.6716
3268,34.3953
3208,10.2552
3269,35.1604
3209,9.6820
3270,35.0533
3210,9.7150
3271,34.4988
3211,9.4528
3272,35.6563
3212,9.6119
3273,34.2087
3213,9.5356
3274,35.3144
3214,9.5876
3275,34.6456
3215,9.6767
3276,35.1179
3216,9.9836
3277,35.3524
3217,9.7842
3278,34.4802
3218,9.8705
3279,35.9037
3219,9.9828
3220,9.6905
3280,35.1119
3281,34.6960
3221,9.4475
3282,35.2396
3222,9.7797
3283,35.2692
3223,9.9416
3284,35.2605
3224,9.6339
3285,34.0063
3225,9.9280
3286,35.3913
3226,9.7396
3287,34.7377
3227,9.5734
3288,35.0068
3228,9.7110
3289,34.6909
3229,9.5820
3290,35.4788
3230,9.3980
3291,34.6441
3231,9.4810
3292,34.9561
3232,9.6488
3293,35.2933
3233,9.8914
3294,35.2480
3234,9.4372
3235,9.4370
3295,34.6360
3296,34.4112
3236,9.5333
3297,34.8472
3237,9.5088
3238,9.6410
3298,35.7941
3299,34.4811
3239,9.5009
3300,35.3086
3240,9.2096
3301,34.6007
3241,9.4126
3302,34.4434
3242,9.6147
3303,34.7965
3243,9.8931
3304,34.8949
3244,9.3140
3245,9.2928
3305,37.2919
3306,34.1239
3246,9.3490
3307,34.1087
3247,9.4596
3308,36.6547
3248,10.1700
3309,34.9652
3249,10.0921
3310,35.4670
3250,9.6114
3251,9.1539
3311,34.7022
3312,34.1227
3252,9.3210
3313,34.1407
3253,9.8376
3314,35.2025
3254,9.6729
3315,34.7373
3255,9.4806
3316,33.7981
3256,9.4503
3317,34.9550
3257,9.4036
3318,34.7790
3258,9.6034
3319,34.2501
3259,9.4939
3320,34.9188
3260,9.4880
3321,35.1610
3261,9.3898
3322,35.3601
3262,10.0094
3323,34.4217
3263,9.8982
3264,9.2670
3324,36.0964
3265,9.7699
3325,34.0180
3326,34.9595
3266,9.5113
3327,35.0719
3267,9.9510
3328,35.3612
3268,10.0303
3329,34.2003
3269,9.9659
3270,9.4864
3330,36.2049
3271,10.0346
3331,34.3149
3332,34.2389
3272,10.1403
3333,35.1064
3273,9.8186
3334,33.8518
3274,9.7624
3335,35.3301
3275,9.7315
3336,35.3608
3276,9.6369
3337,33.9129
3277,10.4158
3338,35.1391
3278,10.2998
3279,9.4557
3339,35.4897
3340,34.1581
3280,9.8915
3341,34.6291
3281,10.0315
3282,10.1342
3342,35.7507
3343,33.9741
3283,10.1068
3344,35.4533
3284,10.4426
3285,9.4340
3345,34.8540
3346,33.7969
3286,10.1429
3347,34.1983
3287,9.8442
3288,9.7052
3348,35.6078
3349,33.7258
3289,9.8651
3350,34.7658
3290,9.7106
3291,9.5302
3351,35.0944
3352,34.1461
3292,10.0318
3353,34.6550
3293,9.5437
3294,9.7134
3354,37.1082
3355,34.0671
3295,10.0345
3356,35.4271
3296,10.0493
3297,9.5260
3357,35.4700
3358,34.4862
3298,9.7593
3359,34.6798
3299,10.0474
3360,34.9768
3300,9.8072
3361,33.7340
3301,10.0524
3362,35.1013
3302,9.7079
3303,9.5782
3363,35.5155
3364,34.2457
3304,10.0025
3365,34.6831
3305,9.5830
3306,9.6674
3366,35.9488
3367,34.0624
3307,10.0403
3368,34.8094
3308,9.8720
3309,9.9310
3369,35.1079
3370,34.4363
3310,10.0756
3311,10.0983
3371,35.5858
3372,34.8003
3312,9.9827
3313,10.0568
3373,35.2112
3374,34.4963
3314,10.2510
3375,35.4985
3315,9.5980
3376,34.6955
3316,9.4465
3377,34.4610
3317,9.6744
3378,35.2361
3318,10.0754
3379,34.6585
3319,9.7290
3380,35.5527
3320,9.8785
3381,34.5294
3321,9.6132
3382,35.0616
3322,10.2788
3383,34.8111
3323,10.1811
3384,35.3246
3324,9.8448
3385,34.5914
3325,9.9185
3386,36.4901
3326,9.6606
3387,35.2363
3327,9.7699
3388,34.8619
3328,10.5478
3389,34.9319
3329,10.4520
3390,35.2380
3330,9.9301
3391,34.2083
3331,10.0080
3392,34.7581
3332,10.0595
3393,35.4136
3333,9.8439
3394,35.4582
3334,10.0410
3395,35.3272
3335,10.1729
3396,35.1763
3336,10.2940
3337,9.7410
3397,35.8361
3398,34.5339
3338,9.8196
3399,35.1914
3339,9.9259
3400,34.6446
3340,9.9504
3401,35.2470
3341,10.3020
3402,35.0801
3342,10.1823
3403,35.1063
3343,10.0939
3404,35.1309
3344,9.7903
3405,34.6661
3345,9.6271
3406,35.0180
3346,9.5967
3407,35.0792
3347,9.7248
3408,35.4612
3348,9.6873
3409,35.0565
3349,9.7998
3410,35.4674
3350,9.5254
3411,34.7859
3351,10.0476
3412,34.9087
3352,10.1228
3353,9.8104
3413,36.4939
3414,33.9056
3354,9.7274
3415,35.1266
3355,9.6784
3416,34.9737
3356,9.5972
3417,35.2698
3357,10.1725
3418,34.6435
3358,9.8883
3419,34.8510
3359,9.7446
3420,34.7358
3360,9.8944
3421,35.0171
3361,9.6357
3422,35.1835
3362,9.7162
3423,34.7161
3363,9.6089
3424,34.6977
3364,9.6843
3425,35.0019
3365,9.9663
3426,35.0242
3366,9.9985
3427,35.4521
3367,10.0515
3428,34.0283
3368,10.3341
3429,35.9649
3369,10.0267
3370,9.8259
3430,35.6759
3431,34.2226
3371,9.5469
3432,35.4374
3372,9.9098
3433,35.1505
3373,9.4729
3374,10.1068
3434,35.2744
3435,34.1686
3375,9.9944
3436,35.4913
3376,9.8702
3437,34.0260
3377,9.4391
3438,35.3129
3378,9.9307
3439,35.2372
3379,9.7297
3440,34.9120
3380,9.8214
3441,34.6182
3381,9.7691
3442,35.6551
3382,9.6607
3443,34.8113
3383,9.8401
3444,33.9953
3384,9.7662
3445,35.4624
3385,9.6540
3446,35.5023
3386,10.3853
3447,35.7689
3387,10.0725
3448,35.1306
3388,10.2902
3449,34.7956
3389,10.1608
3390,9.6347
3450,35.7575
3451,34.1246
3391,9.8573
3452,35.0614
3392,9.8839
3453,34.8203
3393,9.5133
3394,10.0640
3454,37.8163
3455,34.2942
3395,10.1342
3456,35.2056
3396,9.5478
3457,34.6436
3397,9.6140
3458,34.6248
3398,10.0310
3459,34.6305
3399,10.4255
3460,35.2258
3400,9.6483
3461,34.5932
3401,10.1508
3462,34.8269
3402,10.1490
3463,35.3631
3403,9.5835
3464,34.7863
3404,10.1798
3465,34.7888
3405,10.2752
3406,10.0721
3466,35.1964
3467,33.9753
3407,10.0043
3408,10.0437
3468,35.6615
3469,34.3261
3409,10.0096
3410,9.7987
3470,35.4801
3471,34.1626
3411,9.6305
3472,34.9272
3412,9.8145
3473,35.6203
3413,10.1151
3474,34.5985
3414,10.2236
3475,35.8213
3415,9.9084
3476,35.1778
3416,9.6542
3417,9.7891
3477,34.9732
3478,33.9944
3418,9.6627
3479,34.8795
3419,9.8372
3480,34.6255
3420,10.0374
3481,34.7845
3421,9.8047
3482,34.7250
3422,10.2374
3483,35.2927
3423,10.5106
3424,9.6560
3484,35.1584
3485,34.3160
3425,10.1102
3486,34.1249
3426,10.0918
3487,35.2701
3427,9.7623
3488,34.6587
3428,11.0333
3489,36.7720
3429,10.4614
3490,35.3894
3430,9.7105
3491,34.7991
3431,10.4550
3492,34.4052
3432,10.8642
3493,35.3157
3433,9.9911
3434,9.9909
3494,34.8543
3495,35.0469
3435,10.6238
3496,35.1881
3436,10.3574
3437,9.9453
3497,35.0630
3498,34.2795
3438,10.2677
3499,35.0226
3439,9.7833
3440,9.9633
3500,35.1220
3501,34.6779
3441,10.1236
3502,35.5932
3442,10.4638
3503,35.2001
3443,10.2700
3444,9.5967
3504,35.3509
3505,34.4732
3445,10.4393
3506,34.3643
3446,10.1420
3447,9.9838
3507,36.2681
3508,34.1933
3448,10.6472
3509,34.8600
3449,10.6081
3510,35.8942
3450,9.8116
3511,34.9169
3451,9.7018
3512,33.8932
3452,10.1371
3513,35.1826
3453,9.8580
3514,34.9399
3454,10.3693
3515,35.1532
3455,10.3043
3516,35.4502
3456,9.6434
3517,35.2566
3457,9.5522
3518,34.5731
3458,9.7178
3519,34.4084
3459,9.9776
3520,35.9717
3460,10.2234
3461,9.9024
3521,35.6856
3522,33.9800
3462,9.3649
3523,34.5189
3463,9.6189
3524,35.2840
3464,9.8630
3525,34.4833
3465,10.4441
3526,35.3523
3466,9.6684
3467,9.9936
3527,35.3579
3528,34.3661
3468,9.5024
3529,34.8347
3469,10.1178
3530,33.9122
3470,10.0236
3531,34.9696
3471,9.7727
3532,33.7902
3472,9.8497
3533,35.1693
3473,9.6715
3534,34.7950
3474,9.6812
3535,34.3464
3475,10.1788
3536,35.4748
3476,10.0864
3477,9.6339
3537,35.4361
3478,9.4686
3538,34.1972
3539,33.5575
3479,9.7553
3540,34.3820
3480,9.9335
3541,35.0110
3481,9.6494
3542,35.1744
3482,9.4851
3543,34.7985
3483,9.7654
3544,34.4694
3484,9.6773
3545,34.6203
3485,9.7621
3546,34.8284
3486,9.6277
3547,34.7188
3487,9.5636
3548,34.7503
3488,9.7407
3549,37.0570
3489,9.6696
3550,35.0787
3490,9.9269
3551,34.5842
3491,9.6000
3552,34.8102
3492,9.6324
3553,35.2153
3493,10.1641
3554,35.4861
3494,10.2213
3495,9.5398
3555,35.7525
3556,33.8622
3496,9.6616
3557,34.6187
3497,9.6062
3558,34.7899
3498,9.8781
3559,34.5280
3499,10.6006
3560,34.7725
3500,10.1708
3501,9.5412
3561,35.0706
3502,9.5738
3562,34.1910
3563,33.6243
3503,9.7889
3564,34.7155
3504,10.0896
3565,34.5555
3505,9.9345
3566,34.9856
3506,9.6031
3567,34.8001
3507,9.7216
3568,35.0033
3508,9.4856
3569,34.4347
3509,9.7931
3570,35.2541
3510,10.0001
3571,34.8694
3511,9.4369
3512,9.6296
3572,34.7959
3573,33.7904
3513,9.6051
3574,35.5130
3514,9.8128
3575,34.9160
3515,9.8072
3576,35.7447
3516,9.6079
3577,34.4774
3517,10.0345
3578,34.4684
3518,10.2429
3579,35.9332
3519,9.5321
3580,34.4159
3520,9.6341
3581,34.4198
3521,9.6121
3582,35.1009
3522,9.8134
3583,34.1179
3523,9.7948
3584,34.3170
3524,9.6125
3585,34.7733
3525,9.6302
3586,34.6322
3526,10.1338
3587,35.3328
3527,10.3099
3528,9.5463
3588,36.0773
3529,9.9022
3589,33.9297
3590,34.5554
3530,9.6909
3591,35.0813
3531,9.9791
3592,34.3983
3532,10.0333
3593,35.0442
3533,9.7128
3594,35.3495
3534,9.8539
3595,34.2363
3535,9.8727
3596,34.8878
3536,9.6745
3537,10.1833
3597,35.1238
3598,34.0357
3538,10.1931
3539,9.6268
3599,35.4080
3600,34.5582
3540,9.4984
3601,34.5356
3541,9.9163
3602,34.7476
3542,9.7647
3603,34.7373
3543,9.6491
3604,34.5069
3544,9.8906
3605,34.3387
3545,9.8027
3606,35.0519
3546,9.5678
3607,34.8875
3547,9.8780
3608,34.4786
3548,9.6445
3609,35.1848
3549,9.8552
3610,34.9369
3550,9.7280
3611,34.9362
3551,10.0266
3612,34.6357
3552,10.0619
3553,9.6175
3613,35.8566
3614,34.1438
3554,9.7703
3615,34.7352
3555,9.7916
3616,35.1236
3556,9.9047
3617,35.1322
3557,9.7843
3618,34.8993
3558,9.8650
3619,34.9815
3559,12.1942
3620,35.3739
3560,8.0152
3561,7.5471
3621,35.8575
3562,7.8730
3622,35.1394
3623,34.4347
3563,8.6071
3624,36.4527
3564,8.3846
3565,8.8434
3625,35.4086
3626,34.8975
3566,8.0890
3627,35.7761
3567,7.7314
3628,34.4386
3568,8.0829
3629,35.1899
3569,7.9944
3630,35.0709
3570,8.6238
3631,35.3827
3571,8.2510
3572,8.4006
3632,35.7524
3633,36.2800
3573,7.9802
3574,7.3757
3634,35.9308
3575,7.9152
3635,33.8790
3636,35.4102
3576,8.0010
3637,34.7199
3577,8.4330
3638,35.4921
3578,8.1925
3639,35.1668
3579,8.2157
3640,35.1606
3580,7.9675
3581,7.6039
3641,35.7460
3582,7.9771
3642,34.7139
3643,34.6089
3583,8.2706
3644,35.7022
3584,7.8144
3645,34.8312
3585,7.9769
3646,35.0228
3586,8.0535
3647,35.3690
3587,7.8669
3648,34.8660
3588,8.0086
3589,7.9122
3649,35.4529
3650,35.3815
3590,8.0477
3591,7.7531
3651,35.8492
3652,34.3091
3592,8.7212
3653,35.4958
3593,8.1971
3594,7.6272
3654,36.8889
3595,7.5974
3655,34.2737
3656,34.4484
3596,8.0173
3657,35.2385
3597,8.0862
3658,35.6629
3598,8.0863
3659,34.8759
3599,8.2133
3660,35.9518
3600,7.5871
3661,34.3989
3601,7.7123
3662,35.1866
3602,8.1031
3663,34.9735
3603,8.4454
3664,36.0563
3604,7.9727
3665,35.2951
3605,7.9841
3666,35.0945
3606,7.9079
3667,35.3240
3607,7.6968
3608,8.0034
3668,34.8652
3669,34.5060
3609,8.4785
3670,35.2279
3610,7.9858
3671,34.8725
3611,7.6057
3672,34.4393
3612,7.9304
3673,35.7390
3613,7.5861
3614,7.5856
3674,35.1405
3675,34.3024
3615,8.4472
3676,35.4901
3616,8.0198
3617,7.4114
3677,35.2845
3678,34.4123
3618,8.2236
3679,34.5890
3619,8.1625
3680,35.1316
3620,7.7088
3681,34.6611
3621,8.6401
3682,35.5707
3622,8.0439
3623,7.5731
3683,35.1467
3684,34.1490
3624,8.1754
3685,35.1411
3625,8.1967
3626,7.5647
3686,35.6192
3687,34.5010
3627,8.1225
3688,35.4964
3628,8.0120
3689,35.7767
3629,7.4877
3630,8.1374
3690,34.6872
3691,34.4047
3631,8.1908
3632,7.6623
3692,35.8624
3693,34.4046
3633,7.9211
3694,35.4463
3634,7.7100
3635,7.9726
3695,35.5641
3696,34.3712
3636,8.5812
3697,36.0138
3637,7.8863
3638,7.5783
3698,37.1528
3639,7.5095
3699,34.8049
3700,34.0204
3640,7.8194
3701,37.1782
3641,8.0055
3702,34.7680
3642,8.5128
3703,34.9610
3643,8.1125
3644,7.4827
3704,35.8601
3705,34.2308
3645,7.9352
3706,34.8095
3646,7.6947
3707,35.7316
3647,8.8200
3708,35.1545
3648,7.8306
3709,35.4715
3649,7.9151
3650,7.5650
3710,34.9157
3711,34.6110
3651,7.5977
3712,35.1351
3652,8.0128
3713,35.2249
3653,8.4602
3714,35.8136
3654,8.1874
3655,7.6802
3715,36.6458
3656,7.6173
3716,35.6764
3657,7.9260
3717,35.2877
3718,34.4962
3658,8.4140
3719,35.8700
3659,8.1103
3720,35.0086
3660,7.9899
3661,7.4956
3721,35.6995
3662,7.6341
3722,35.0344
3723,34.8775
3663,7.7267
3724,35.1998
3664,7.9839
3725,34.4777
3665,8.2781
3726,36.1593
3666,7.6966
3727,34.8451
3667,7.5515
3728,34.7861
3668,7.6284
3729,34.7110
3669,7.8020
3730,34.7540
3670,8.3578
3731,34.3853
3671,7.8374
3732,36.0803
3672,7.6133
3673,7.4749
3733,35.1059
3734,34.7304
3674,7.9462
3735,34.6010
3675,8.3547
3736,35.2045
3676,8.1771
3737,35.5796
3677,7.4326
3738,34.9559
3678,7.7760
3739,35.5917
3679,7.5689
3740,35.1287
3680,8.2498
3741,34.7164
3681,8.2270
3742,35.6447
3682,7.6108
3743,34.7724
3683,7.6966
3744,35.1681
3684,7.7959
3745,34.9599
3685,7.8619
3746,35.0201
3686,7.8271
3747,35.5614
3687,8.2039
3748,35.7349
3688,7.8502
3689,7.7145
3749,35.0324
3750,34.6756
3690,8.1807
3751,35.5197
3691,7.8040
3752,35.2602
3692,7.9048
3753,35.4421
3693,8.0173
3754,34.4115
3694,8.0316
3695,7.6782
3755,35.9382
3696,7.9955
3756,35.5337
3757,37.6935
3697,8.0963
3758,35.5345
3698,8.0073
3699,7.7489
3759,35.6166
3760,34.8218
3700,8.4778
3761,36.5711
3701,7.8212
3702,7.4914
3762,35.9635
3763,35.5928
3703,8.6945
3764,36.3269
3704,8.7661
3765,36.5287
3705,8.3331
3706,7.5162
3766,36.1269
3707,8.0207
3767,34.4847
3768,34.5062
3708,8.0367
3709,8.0664
3769,35.6751
3770,34.3491
3710,8.4547
3771,35.2224
3711,8.0016
3712,7.4114
3772,35.4815
3713,8.0463
3773,33.9169
3774,34.0638
3714,8.0491
3715,8.0813
3775,35.7757
3776,34.9545
3716,8.6285
3777,35.4047
3717,7.9606
3718,7.5867
3778,35.5132
3779,34.8095
3719,7.5754
3780,34.5359
3720,8.0574
3781,35.1379
3721,8.1432
3782,35.2909
3722,8.1711
3783,36.0322
3723,7.6882
3724,7.5745
3784,37.1676
3785,34.9691
3725,7.7490
3786,34.8415
3726,8.0344
3787,35.3583
3727,7.8315
3788,36.2629
3728,8.1119
3789,35.1975
3729,7.9038
3790,35.1113
3730,7.5911
3791,35.7134
3731,7.5278
3792,34.4996
3732,7.7696
3793,35.0487
3733,8.0234
3734,8.1554
3794,35.5967
3795,34.9404
3735,8.0027
3736,7.7878
3796,36.4240
3797,34.7641
3737,7.6793
3798,35.0280
3738,8.0021
3799,34.0318
3739,8.0456
3800,35.0271
3740,8.1312
3801,35.3851
3741,7.8017
3802,34.9991
3742,7.5463
3803,34.9503
3743,8.1743
3804,34.6971
3744,7.8669
3745,8.0545
3805,36.1787
3806,34.7638
3746,8.0037
3747,8.3243
3807,35.6461
3808,34.7260
3748,7.9511
3749,7.4188
3809,35.9232
3810,33.9161
3750,8.1355
3811,35.0955
3751,8.0355
3812,35.6333
3752,8.1313
3813,34.9062
3753,7.9906
3814,35.2591
3754,8.1671
3815,35.0500
3755,7.9994
3756,8.0968
3816,35.7285
3817,34.8488
3757,7.9191
3758,7.4765
3818,35.4364
3819,34.2142
3759,7.9879
3820,34.6331
3760,8.0487
3821,35.2314
3761,8.0165
3822,35.3226
3762,7.7414
3823,35.6809
3763,8.3258
3824,35.3080
3764,8.0898
3765,7.4898
3825,35.9679
3826,34.7817
3766,8.0590
3827,34.3236
3767,8.0581
3828,35.4221
3768,7.5736
3829,34.8053
3769,7.8210
3830,34.8190
3770,8.3411
3831,35.4678
3771,7.8886
3832,35.3484
3772,7.5881
3833,34.8566
3773,8.1496
3834,34.9359
3774,7.9195
3775,7.7648
3835,35.1417
3836,34.2782
3776,8.3816
3837,35.1144
3777,7.9579
3838,34.9816
3778,7.7534
3839,36.1776
3779,7.9106
3840,35.0766
3780,8.3797
3841,35.3631
3781,7.9450
3782,7.4623
3842,35.2669
3843,34.2660
3783,8.1281
3844,35.3829
3784,7.8312
3785,7.6080
3845,35.3111
3846,34.5729
3786,7.9973
3847,34.9521
3787,7.8075
3848,35.5765
3788,7.8334
3789,7.6808
3849,35.7117
3850,34.6307
3790,8.1858
3851,34.8647
3791,7.9159
3852,34.9769
3792,8.2616
3853,35.1541
3793,8.1258
3854,35.8590
3794,7.5818
3855,34.5410
3795,8.2227
3856,35.3439
3796,8.0470
3857,34.8990
3797,8.0876
3858,34.9938
3798,8.1314
3859,35.8175
3799,7.5875
3860,35.3623
3800,7.8965
3861,35.0022
3801,7.9701
3862,34.9740
3802,8.4806
3863,35.8856
3803,8.0549
3804,8.0408
3864,35.8467
3865,34.7764
3805,8.0925
3866,34.8019
3806,7.6818
3867,34.9588
3807,8.3596
3868,35.4904
3808,8.3515
3869,35.1680
3809,7.6592
3870,35.0010
3810,7.6997
3871,34.9531
3811,7.7093
3872,35.8099
3812,7.6559
3873,35.2172
3813,8.7754
3874,34.2010
3814,8.0726
3875,35.6972
3815,7.6806
3876,34.8338
3816,7.7903
3877,34.6799
3817,8.3058
3878,35.5441
3818,7.9803
3879,35.3030
3819,7.9167
3880,34.3387
3820,8.2440
3881,35.7823
3821,8.0032
3882,35.3359
3822,7.6194
3883,34.9518
3823,8.3619
3884,34.1976
3824,7.8983
3825,7.6083
3885,35.9315
3886,34.5661
3826,8.2030
3887,33.7490
3827,7.9855
3888,35.6776
3828,7.5658
3889,34.6725
3829,7.7562
3890,34.4696
3830,8.5066
3891,35.4873
3831,8.0658
3832,7.8910
3892,35.3520
3893,35.1094
3833,8.1559
3894,35.3807
3834,7.6528
3895,34.8126
3835,8.2442
3896,35.6111
3836,7.9420
3897,35.5120
3837,8.3094
3898,35.6100
3838,8.0170
3839,8.3561
3899,36.1936
3900,34.5085
3840,7.6822
3841,7.5550
3901,35.3973
3902,34.4474
3842,8.3784
3903,34.4777
3843,8.4868
3904,35.7356
3844,8.1535
3905,34.6138
3845,7.9131
3906,35.2374
3846,8.5710
3907,35.5061
3847,8.0341
3848,7.7250
3908,35.5027
3909,34.7920
3849,7.7483
3910,35.2855
3850,7.7204
3911,35.1504
3851,7.9438
3912,35.9299
3852,7.8067
3913,35.3166
3853,8.4131
3914,36.8014
3854,8.2863
3915,35.3601
3855,7.6151
3856,7.5073
3916,35.5974
3917,34.5395
3857,7.7790
3918,34.8644
3858,8.0345
3919,35.1595
3859,8.4270
3920,37.5189
3860,11.4428
3921,36.0608
3861,7.6858
3862,7.3768
3922,36.7493
3863,7.6382
3923,34.4360
3924,34.6153
3864,7.9141
3925,35.1909
3865,7.9722
3926,34.1614
3866,8.1853
3927,35.8236
3867,7.6974
3928,35.4309
3868,7.6148
3929,34.5282
3869,7.6405
3930,34.6801
3870,8.4393
3931,35.8743
3871,7.9424
3932,34.7280
3872,8.3808
3933,34.5115
3873,7.7290
3874,7.5547
3934,35.0920
3935,36.0457
3875,8.1690
3936,35.3242
3876,7.7920
3877,7.4539
3937,35.7773
3938,33.8698
3878,8.1110
3939,35.2432
3879,8.3167
3940,35.7844
3880,7.6192
3941,34.1648
3881,8.1065
3942,35.2334
3882,8.3187
3943,35.9951
3883,8.5615
3884,7.8334
3944,35.5184
3945,34.6446
3885,8.2116
3946,35.0948
3886,7.9266
3887,7.6329
3947,35.3770
3948,34.4222
3888,9.2924
3949,35.1343
3889,8.8169
3950,36.0095
3890,10.7949
3891,7.5612
3951,35.9756
3892,7.6708
3952,34.7951
3953,33.6118
3893,7.5256
3954,34.8062
3894,8.6764
3955,35.5129
3895,9.1737
3956,35.8027
3896,11.6218
3897,7.3097
3957,35.0797
3898,7.5251
3958,34.5499
3899,7.5862
3959,34.8922
3960,34.1622
3900,8.4206
3961,34.8692
3901,8.1112
3962,35.7628
3902,7.4748
3963,34.6791
3903,7.8607
3964,34.9561
3904,7.7355
3965,35.6153
3905,7.7764
3906,7.7317
3966,35.1071
3967,35.1670
3907,8.3845
3968,37.7847
3908,7.4799
3909,7.6137
3969,34.3522
3970,34.9024
3910,8.3694
3971,36.3979
3911,7.9264
3972,35.9539
3912,8.2920
3973,34.2955
3913,7.7120
3974,35.2163
3914,7.5811
3975,34.8176
3915,7.8888
3976,34.5577
3916,7.5848
3977,34.8817
3917,8.3677
3978,35.0720
3918,7.7812
3919,7.4691
3979,36.9500
3980,34.8685
3920,7.8509
3981,34.4439
3921,7.6945
3982,34.4592
3922,7.9738
3983,35.4432
3923,8.2933
3984,35.2526
3924,7.9935
3925,7.7731
3985,35.5513
3986,34.6240
3926,7.6879
3927,8.0692
3987,35.7668
3988,34.4566
3928,8.1914
3929,7.5699
3989,35.7962
3990,34.8651
3930,8.0096
3991,34.8685
3931,7.7421
3992,35.3704
3932,8.1917
3993,34.4060
3933,7.9389
3994,35.4803
3934,8.7323
3995,34.6719
3935,7.8139
3996,34.6063
3936,7.3554
3997,34.4581
3937,7.6187
3998,34.7132
3938,7.6749
3999,35.1878
3939,7.9892
4000,34.2303
3940,7.6228
3941,7.6189
4001,36.5528
4002,34.1324
3942,7.5710
4003,35.3112
3943,7.6455
4004,35.5999
3944,7.5838
4005,35.0991
3945,7.8332
4006,34.9601
3946,7.7669
4007,35.6503
3947,7.1889
4008,34.1978
3948,7.8648
4009,34.9060
3949,7.6145
3950,7.9809
4010,35.6206
4011,36.8274
3951,7.4831
4012,35.6233
3952,7.9176
4013,36.0964
3953,7.2198
4014,35.7639
3954,7.5294
4015,35.3545
3955,7.7804
4016,35.6201
3956,7.6962
3957,7.8288
4017,36.8197
4018,35.3557
3958,7.5283
4019,35.7611
3959,7.5641
3960,7.9232
4020,36.6183
4021,36.1567
3961,7.5996
3962,8.0087
4022,36.6144
4023,34.9567
3963,7.6719
3964,7.0939
4024,37.6106
3965,7.9565
4025,34.4368
4026,35.4600
3966,7.7477
4027,36.4070
3967,7.3658
4028,35.6863
3968,7.5113
4029,35.2984
3969,8.0655
4030,36.6151
3970,7.5651
3971,7.3135
4031,36.1402
3972,7.5685
4032,35.7071
4033,35.0860
3973,7.6722
3974,7.3951
4034,36.6929
4035,35.6275
3975,7.9806
4036,35.7572
3976,7.9171
4037,35.8667
3977,7.3343
4038,35.6307
3978,7.8817
4039,35.8218
3979,7.8167
4040,35.7050
3980,7.7330
4041,36.1117
3981,7.2961
4042,35.7110
3982,7.1901
3983,7.2999
4043,37.6495
4044,35.0604
3984,7.3179
4045,35.8741
3985,7.6516
4046,35.7798
3986,7.8553
4047,36.3899
3987,7.8787
4048,36.0508
3988,7.8334
4049,35.8763
3989,7.7068
3990,7.4836
4050,36.8211
4051,34.8851
3991,7.2306
4052,36.0341
3992,7.8288
4053,35.5827
3993,8.0824
4054,36.1269
3994,7.4815
4055,34.8083
3995,7.9865
4056,37.1861
3996,7.9768
4057,35.2356
3997,7.6490
3998,8.0360
4058,36.4045
4059,35.5240
3999,7.5777
4000,7.2182
4060,36.6085
4001,8.3609
4061,35.9032
4062,35.6144
4002,8.3811
4063,36.1962
4003,8.0214
4004,8.0697
4064,36.6385
4065,35.2294
4005,7.6381
4006,7.8920
4066,36.0128
4067,35.6266
4007,7.6144
4008,7.3537
4068,36.1622
4069,34.5873
4009,8.0895
4070,36.3656
4010,7.6664
4011,7.6000
4071,36.6504
4072,34.7493
4012,7.2576
4073,35.1969
4013,7.7335
4074,35.8873
4014,7.3006
4075,36.0444
4015,7.3950
4076,35.2584
4016,8.0735
4077,35.6368
4017,7.3228
4078,35.7874
4018,7.4309
4079,35.2643
4019,7.9844
4080,36.7644
4020,8.2498
4081,35.9199
4021,7.6757
4022,7.4397
4082,37.2586
4083,35.6673
4023,7.7725
4084,36.0062
4024,7.1275
4085,35.9971
4025,7.7101
4086,35.3693
4026,8.4366
4087,36.6455
4027,7.8715
4028,7.9592
4088,37.1590
4089,34.8938
4029,7.1015
4090,35.2322
4030,7.3993
4091,36.0132
4031,7.1805
4092,35.1862
4032,7.7799
4093,35.5581
4033,8.5209
4094,36.5370
4034,8.0001
4035,7.5427
4095,36.5741
4096,35.0469
4036,6.9414
4097,35.5896
4037,6.4544
4038,6.5829
4098,36.0263
4099,35.9311
4039,7.9681
4100,35.8300
4040,7.8592
4101,37.5375
4041,6.6745
4042,7.0091
4102,35.1676
4103,35.6159
4043,6.8710
4104,35.8275
4044,7.3330
4105,35.0915
4045,7.2090
4046,6.8942
4106,36.5334
4107,35.2371
4047,7.2349
4108,35.9178
4048,6.6091
4049,7.4194
4109,35.8003
4110,36.8307
4050,6.9651
4111,36.2543
4051,7.2345
4112,35.0179
4052,7.3647
4053,6.8520
4113,37.3223
4114,34.8076
4054,7.5471
4115,36.7960
4055,7.0510
4056,6.7028
4116,36.2363
4117,35.4677
4057,7.2148
4118,35.8728
4058,7.1263
4119,36.0104
4059,7.0749
4120,36.0265
4060,7.3274
4121,36.0332
4061,6.8597
4122,35.4199
4062,7.2983
4123,35.8770
4063,7.2613
4124,36.4124
4064,7.0315
4125,35.8683
4065,7.3193
4126,36.1732
4066,7.0306
4127,36.1251
4067,6.8618
4128,36.2722
4068,7.5205
4129,35.5529
4069,7.1785
4070,6.7474
4130,36.9132
4071,6.8228
4131,36.2417
4132,35.0557
4072,6.8804
4133,36.3467
4073,7.0601
4134,35.8155
4074,6.9082
4135,35.9341
4075,6.9649
4136,35.7051
4076,7.6777
4137,36.7749
4077,7.2930
4078,6.6167
4138,36.3685
4079,7.2536
4139,35.2854
4140,35.1892
4080,6.8946
4141,36.7734
4081,6.9965
4142,35.0735
4082,7.1444
4143,36.6249
4083,7.9071
4144,36.2197
4084,7.9165
4145,36.4738
4085,7.3101
4086,6.8298
4146,36.1674
4147,34.7849
4087,6.7777
4148,34.9215
4088,7.1618
4149,35.0838
4089,6.9608
4150,36.5308
4090,8.0087
4151,35.7784
4091,8.0407
4152,36.5649
4092,7.6157
4153,36.6736
4093,6.7044
4154,35.1386
4094,7.0429
4155,35.5342
4095,7.1642
4156,35.7114
4096,6.7953
4157,35.2308
4097,7.2177
4158,36.1145
4098,7.4709
4159,36.4226
4099,6.7076
4160,35.1110
4100,6.5706
4161,35.2776
4101,7.2254
4162,35.6652
4102,7.3737
4163,35.9882
4103,6.8584
4104,7.1174
4164,37.4578
4165,35.7117
4105,7.1134
4166,36.0156
4106,7.2209
4167,35.2270
4107,7.4105
4168,35.9284
4108,7.1957
4169,35.9478
4109,6.8247
4170,35.4422
4110,7.0173
4171,36.0780
4111,7.5488
4172,36.1430
4112,6.9763
4173,36.0370
4113,6.7668
4174,36.3673
4114,7.1931
4175,35.0595
4115,7.2875
4176,37.1373
4116,7.3429
4177,35.2306
4117,7.4825
4178,37.0775
4118,6.9925
4179,35.3581
4119,7.4430
4180,35.6170
4120,7.4869
4121,7.3715
4181,36.9338
4182,35.3754
4122,6.8607
4183,36.3778
4123,7.3242
4184,36.0905
4124,7.2598
4185,36.5472
4125,6.8760
4186,35.6111
4126,7.6107
4187,35.8230
4127,7.6081
4188,36.8400
4128,7.1212
4129,6.9453
4189,37.3228
4130,7.0586
4190,43.9916
4131,6.7934
4191,36.9206
4132,6.8493
4192,36.8485
4133,6.6432
4193,36.9193
4134,7.4937
4194,36.0056
4195,34.4727
4135,7.8167
4136,6.2394
4196,36.5546
4197,35.1399
4137,6.6009
4198,36.3591
4138,6.3782
4139,6.1934
4199,36.1844
4200,35.7532
4140,6.7418
4141,6.3575
4201,36.2379
4202,34.6991
4142,6.8066
4203,36.1794
4143,6.3029
4144,6.1892
4204,36.5502
4205,35.4437
4145,6.8293
4146,6.0819
4206,35.9098
4207,35.0643
4147,6.5385
4208,35.4253
4148,6.9426
4209,36.7297
4149,6.2437
4210,36.6198
4150,6.5306
4211,35.8864
4151,9.1075
4212,35.4971
4152,7.6193
4213,34.4654
4153,7.6574
4154,6.9729
4214,35.4831
4215,34.7872
4155,7.4344
4216,36.7036
4156,7.2179
4217,35.2979
4157,6.8351
4218,35.2053
4158,7.3258
4219,35.5445
4159,6.6680
4220,34.7948
4160,7.2488
4161,6.4604
4221,36.2346
4222,35.7878
4162,7.2731
4163,6.3864
4223,36.2174
4224,36.0917
4164,6.5085
4225,36.2890
4165,7.2244
4226,36.2021
4166,6.9575
4227,36.6442
4167,6.7229
4168,6.3912
4228,36.4851
4229,35.4176
4169,7.1740
4170,6.3328
4230,37.2853
4231,35.3162
4171,7.1886
4232,36.1836
4172,6.8694
4173,6.6996
4233,37.2195
4234,35.7116
4174,6.4617
4235,35.7619
4175,7.0664
4236,36.0929
4176,6.6566
4237,36.0612
4177,6.9724
4238,36.1978
4178,6.9077
4179,6.9381
4239,35.9981
4240,36.1533
4180,7.6683
4241,36.9533
4181,6.8059
4242,36.2591
4182,6.9701
4243,39.3994
4183,6.4002
4244,36.2942
4184,6.5731
4245,36.2189
4185,6.5412
4246,36.6775
4186,6.5202
4247,35.8870
4187,7.1397
4248,36.1023
4188,6.9877
4249,36.1618
4189,6.5146
4250,35.9416
4190,6.6289
4251,36.3667
4191,6.4790
4252,36.1798
4192,7.8441
4193,6.6318
4253,36.7924
4254,35.9924
4194,6.9242
4255,36.4074
4195,6.9559
4256,36.6301
4196,6.7306
4257,35.8903
4197,7.5600
4258,36.7160
4198,6.9430
4259,36.0322
4199,6.9941
4200,6.8646
4260,37.1431
4261,35.7126
4201,6.6417
4262,36.7230
4202,7.1901
4263,36.7839
4203,6.8838
4264,36.1178
4204,6.5816
4265,37.9246
4205,6.9093
4266,36.5665
4206,6.9929
4267,36.3080
4207,7.0250
4268,37.1533
4208,6.6373
4269,36.2237
4209,6.8778
4270,36.4918
4210,6.9616
4211,7.0330
4271,36.3821
4272,36.2317
4212,7.3649
4213,6.6404
4273,37.8998
4274,36.1959
4214,6.7564
4275,35.5049
4215,7.1654
4216,6.4185
4276,36.0470
4277,35.7254
4217,7.0087
4218,6.4818
4278,36.3229
4279,35.5811
4219,7.3126
4220,6.4445
4280,36.9840
4281,36.1365
4221,7.8910
4222,6.6652
4282,37.0933
4223,6.8646
4283,36.4381
4284,36.0788
4224,7.2258
4285,36.9231
4225,6.6041
4286,36.3392
4226,6.5583
4287,36.1706
4227,7.7623
4228,6.5157
4288,36.7031
4289,35.8155
4229,6.8227
4290,36.7400
4230,6.6635
4291,36.2274
4231,7.0567
4292,36.2168
4232,7.2522
4233,6.4524
4293,37.1080
4294,36.3399
4234,6.5464
4295,35.9881
4235,7.1671
4236,6.4310
4296,36.3217
4297,36.0167
4237,6.6670
4298,35.4487
4238,6.6434
4299,36.6586
4239,6.6768
4300,37.6159
4240,6.5739
4241,6.6734
4301,36.9393
4302,36.2542
4242,6.8328
4303,36.8207
4243,6.5403
4304,35.8496
4244,6.7565
4305,36.7690
4245,6.5579
4306,35.9898
4246,6.6929
4307,35.6487
4247,7.5591
4308,36.5135
4248,6.5135
4309,36.4473
4249,7.2170
4310,36.8172
4250,6.5055
4311,35.9713
4251,6.6952
4312,36.1986
4252,6.9156
4313,35.8142
4253,6.6183
4314,36.0028
4254,6.6936
4315,36.0329
4255,7.3087
4256,6.4378
4316,37.6045
4317,35.7561
4257,6.7929
4318,36.3680
4258,6.4584
4319,36.4578
4259,6.7203
4320,36.1264
4260,7.4889
4261,6.5357
4321,39.8303
4322,35.3369
4262,6.6322
4323,36.1428
4263,6.4726
4324,35.7881
4264,6.6240
4325,36.6071
4265,7.2844
4266,6.4122
4326,36.7193
4327,36.0317
4267,6.4832
4328,35.9099
4268,6.6422
4329,35.4610
4269,7.5043
4330,36.6956
4270,6.7667
4331,36.5134
4271,6.5446
4332,35.7015
4272,6.6836
4333,36.6476
4273,7.0256
4334,35.8915
4274,7.0078
4275,6.4325
4335,37.0195
4336,36.6449
4276,6.6570
4337,35.8761
4277,7.4674
4338,36.5401
4278,6.7300
4339,36.9446
4279,6.4775
4340,35.8688
4280,6.7670
4341,36.8649
4281,6.6521
4342,36.0000
4282,7.5487
4283,6.3973
4343,36.4327
4344,35.5070
4284,6.6441
4345,36.0590
4285,6.4398
4346,35.8900
4286,6.7865
4347,35.9763
4287,6.4610
4348,35.8147
4288,6.6560
4349,36.7198
4289,6.5954
4290,6.5930
4350,36.6431
4351,35.4174
4291,7.3296
4292,6.4355
4352,37.0241
4353,35.5325
4293,6.6171
4354,36.0891
4294,6.8617
4355,36.6611
4295,6.6144
4356,36.5806
4296,6.4094
4357,36.0618
4297,6.6907
4358,36.3722
4298,6.4517
4359,36.3266
4299,6.9800
4360,36.9133
4300,6.5134
4361,35.4504
4301,6.4970
4362,36.2337
4302,6.4569
4363,36.4084
4303,7.4634
4304,6.3471
4364,35.8462
4365,35.6496
4305,6.3656
4306,6.3332
4366,36.0477
4367,35.2257
4307,7.3890
4368,36.3177
4308,6.3019
4369,36.0911
4309,6.4535
4370,36.6492
4310,6.3793
4371,35.6812
4311,6.7992
4372,36.2619
4312,6.4430
4373,36.4649
4313,6.7534
4374,36.0408
4314,6.5806
4375,36.6687
4315,6.4451
4376,36.5351
4316,7.1192
4377,36.4480
4317,6.2981
4318,6.4434
4378,36.1814
4379,36.0594
4319,7.2075
4320,6.4054
4380,36.1292
4381,35.9397
4321,7.0476
4382,35.6536
4322,6.5196
4383,36.1014
4323,6.6072
4384,36.6367
4324,6.4810
4385,38.3459
4325,6.6390
4386,36.4930
4326,6.5083
4387,36.7742
4327,6.4713
4388,36.0558
4328,7.2239
4329,6.4233
4389,36.8415
4390,36.3656
4330,6.7024
4331,6.4269
4391,37.7003
4332,6.3772
4392,36.3881
4393,36.4209
4333,6.3922
4394,36.1872
4334,6.6015
4335,6.4026
4395,36.5959
4396,36.1643
4336,6.5273
4397,36.3492
4337,6.7256
4398,36.3653
4338,6.7227
4339,6.3137
4399,36.2602
4340,6.5123
4400,35.9657
4401,36.3116
4341,6.4984
4402,35.7825
4342,6.7472
4403,35.5055
4343,7.2250
4404,36.6775
4344,6.6445
4405,36.2326
4345,6.8270
4406,36.1147
4346,6.3447
4407,35.8865
4347,6.4806
4408,36.4459
4348,7.2937
4349,6.8741
4409,36.0797
4410,35.3225
4350,6.9364
4411,35.8958
4351,6.8836
4412,35.6654
4352,7.7346
4353,6.9508
4413,37.3403
4354,6.4149
4414,36.2848
4415,35.6765
4355,6.6897
4416,36.3514
4356,6.8975
4357,6.6676
4417,36.3648
4418,35.4854
4358,6.5201
4419,36.6351
4359,6.5680
4420,36.5677
4360,6.4105
4361,6.3641
4421,36.0711
4422,35.9474
4362,7.6452
4363,6.4803
4423,36.7124
4424,36.2578
4364,7.1313
4365,6.4396
4425,36.3020
4426,35.9683
4366,7.1838
4367,6.6218
4427,36.5005
4428,36.0106
4368,7.4189
4429,36.3076
4369,6.6927
4430,34.8214
4370,7.9168
4371,6.6018
4431,36.1229
4432,35.6944
4372,7.0231
4433,35.1580
4373,8.1044
4374,6.5607
4434,35.5247
4435,35.1954
4375,7.2770
4436,36.3941
4376,6.7302
4437,35.2032
4377,7.0363
4438,35.8060
4378,7.7570
4439,36.1215
4379,7.1635
4440,35.8954
4380,7.9201
4441,36.3016
4381,6.6162
4442,35.6766
4382,6.6788
4443,35.7630
4383,6.5871
4444,35.9638
4384,6.7569
4445,36.2380
4385,7.2314
4446,35.1963
4386,6.6185
4447,36.5860
4387,7.3379
4448,35.7333
4388,6.5969
4449,35.8881
4389,7.3516
4450,35.8424
4390,6.7026
4451,35.4626
4391,7.5279
4392,6.4968
4452,35.9839
4453,34.8885
4393,6.7569
4454,35.6023
4394,7.2616
4395,6.6130
4455,36.4445
4456,36.5987
4396,6.7736
4457,36.0789
4397,6.5330
4458,35.4646
4398,6.9650
4459,35.4771
4399,7.8411
4400,6.4338
4460,36.4434
4461,35.3185
4401,6.7029
4462,34.9230
4402,6.8088
4463,35.8775
4403,7.1559
4464,36.0230
4404,6.6027
4465,35.7605
4405,7.4484
4466,36.2428
4406,7.9642
4467,37.0236
4407,6.7084
4468,35.3841
4408,7.2395
4409,6.6332
4469,35.8853
4470,35.2696
4410,7.8350
4411,6.4713
4471,35.7810
4472,35.8966
4412,6.6840
4473,35.2660
4413,7.7587
4474,34.9803
4414,6.7322
4475,34.6889
4415,6.6923
4476,34.6485
4416,6.9187
4477,34.7427
4417,7.8518
4478,36.1569
4418,6.6835
4479,34.1406
4419,7.9292
4480,35.5246
4420,7.3536
4421,7.0601
4481,38.0742
4482,34.5486
4422,8.0803
4483,35.4055
4423,6.6369
4484,34.6915
4424,7.2177
4485,34.7046
4425,7.9259
4486,35.2131
4426,6.6020
4427,6.6844
4487,34.9272
4488,35.6119
4428,7.3632
4489,34.7727
4429,7.8486
4430,6.7256
4490,35.4205
4491,34.5459
4431,7.5824
4432,6.4529
4492,35.7503
4493,34.3224
4433,7.9107
4434,6.5877
4494,35.3509
4495,34.6656
4435,7.4198
4496,35.1174
4436,6.9204
4497,35.8260
4437,6.9423
4498,35.4334
4438,6.8967
4499,34.9708
4439,6.7339
4500,35.2672
4440,7.7383
4441,6.5735
4501,36.3464
4502,33.9136
4442,7.8554
4503,35.4789
4443,6.7099
4504,35.5385
4444,6.7946
4505,35.3311
4445,7.8853
4506,35.1888
4446,6.7110
4507,34.8071
4447,7.7446
4448,6.4976
4508,36.0317
4509,34.3033
4449,6.9563
4510,34.5179
4450,7.7447
4511,35.3696
4451,6.6513
4512,35.6602
4452,7.6053
4513,35.3988
4453,7.0633
4514,34.6838
4454,6.7247
4515,34.7036
4455,7.9534
4456,6.5209
4516,35.0991
4517,34.4913
4457,7.7341
4518,35.9612
4458,6.6472
4519,35.1614
4459,7.4051
4520,35.4651
4460,6.7267
4521,34.9538
4461,6.8572
4522,35.1458
4462,7.3248
4523,35.3586
4463,6.6898
4524,34.9352
4464,7.5423
4525,36.2887
4465,6.6936
4526,34.7438
4466,7.7510
4527,35.4465
4467,6.4681
4528,34.2435
4468,6.8186
4529,35.0719
4469,7.1314
4530,35.3114
4470,6.6388
4531,34.6216
4471,7.3215
4532,34.9003
4472,6.9065
4533,35.8311
4473,6.8213
4534,34.2348
4474,7.7899
4535,35.1475
4475,6.6676
4536,35.0637
4476,7.0682
4537,35.3501
4477,6.7602
4538,34.9573
4478,6.7466
4539,35.0914
4479,7.3747
4540,34.8806
4480,7.1424
4541,35.2422
4481,6.6835
4542,34.9637
4482,7.4919
4543,35.0702
4483,7.3583
4544,35.6238
4484,6.6059
4545,35.0480
4485,7.9452
4546,35.0361
4486,6.7897
4547,35.3620
4487,6.7836
4548,34.3970
4488,7.4883
4549,35.1150
4489,7.3775
4550,34.7679
4490,7.2090
4551,35.1797
4491,6.7239
4552,34.7185
4492,6.7291
4553,34.5512
4493,7.9238
4554,34.9748
4494,7.0927
4555,34.6106
4495,6.8752
4556,35.1322
4496,7.4943
4557,35.9712
4497,6.8502
4558,34.1071
4498,8.1216
4559,35.9948
4499,6.6187
4560,35.2290
4500,7.5390
4561,35.7945
4501,6.7241
4562,34.9010
4502,7.6639
4503,6.6167
4563,34.9205
4564,34.6483
4504,7.7737
4565,36.1808
4505,6.6159
4566,34.4359
4506,7.1667
4567,34.7045
4507,7.8208
4508,6.5985
4568,35.9750
4569,34.1063
4509,7.3966
4570,34.6680
4510,6.6874
4571,34.8184
4511,7.8526
4572,35.4287
4512,6.7014
4573,34.6003
4513,6.6545
4574,34.3631
4514,7.7927
4575,36.0778
4515,6.6177
4576,35.2663
4516,6.5930
4577,34.6599
4517,7.2584
4578,35.2968
4518,6.8388
4579,34.8455
4519,7.0360
4580,35.3564
4520,7.5006
4581,35.3981
4521,6.9919
4582,34.5380
4522,7.6444
4583,35.4336
4523,6.6257
4584,34.9872
4524,7.5354
4585,35.4769
4525,6.7042
4586,35.1192
4526,6.8866
4587,36.4245
4527,6.9678
4588,38.2228
4528,6.5848
4589,36.4756
4529,6.7254
4590,37.5719
4530,6.5078
4531,6.5410
4591,36.1544
4592,37.1470
4532,7.2702
4533,6.3971
4593,37.1235
4534,6.9815
4594,36.8871
4595,36.5077
4535,7.7548
4536,6.8324
4596,36.9395
4537,6.3884
4597,36.6768
4598,36.1697
4538,6.4353
4599,35.8795
4539,7.8905
4540,6.8151
4600,36.7741
4541,6.4206
4601,36.4210
4602,36.3348
4542,6.4585
4603,35.7003
4543,6.8139
4604,36.5274
4544,6.6722
4545,6.3613
4605,36.8127
4606,35.8962
4546,7.6650
4607,36.1786
4547,6.3542
4548,6.5691
4608,37.0390
4609,35.8954
4549,7.2149
4610,36.8042
4550,6.8218
4611,36.1039
4551,6.6427
4612,36.2720
4552,7.1495
4553,6.7284
4613,36.5844
4614,36.4613
4554,7.2217
4555,6.7353
4615,36.3445
4616,35.6171
4556,6.9377
4617,36.1543
4557,6.4857
4618,37.0666
4558,6.8958
4559,6.5111
4619,36.3313
4620,36.0270
4560,6.4899
4621,36.5017
4561,6.5428
4622,36.2724
4562,6.7936
4563,6.4634
4623,36.4779
4624,35.5983
4564,6.9719
4625,35.7999
4565,6.9750
4626,35.9000
4566,7.1177
4567,6.3551
4627,36.8678
4628,35.9898
4568,7.4242
4629,36.1959
4569,6.6705
4630,36.3308
4570,6.4786
4631,35.6809
4571,6.3934
4632,36.1753
4572,6.4284
4633,36.2214
4573,6.6879
4634,35.6643
4574,6.5714
4575,6.5648
4635,36.6475
4636,36.3834
4576,7.3713
4577,6.6421
4637,36.0299
4638,35.1653
4578,6.8595
4639,35.6393
4579,7.3835
4580,6.6006
4640,37.7151
4641,36.3460
4581,6.8344
4642,36.3812
4582,7.8766
4583,6.2597
4643,36.7902
4584,6.6385
4644,35.4165
4585,6.4203
4645,35.7316
4646,36.1053
4586,6.8939
4647,36.3955
4587,7.0881
4588,6.4322
4648,36.7035
4649,36.2676
4589,6.5462
4650,36.3962
4590,6.4580
4651,36.5263
4591,6.5598
4652,35.6604
4592,8.2229
4593,6.6415
4653,37.1599
4654,35.2355
4594,6.9110
4655,36.4369
4595,6.6159
4656,35.9066
4596,6.6080
4657,35.4215
4597,6.9559
4598,6.5377
4658,36.8339
4659,35.9506
4599,7.0577
4600,6.5773
4660,36.4364
4661,36.3852
4601,7.4622
4662,36.2249
4602,6.4522
4603,6.5259
4663,35.8625
4664,35.9612
4604,7.2277
4665,36.2125
4605,7.1660
4606,6.7619
4666,36.5575
4667,35.5012
4607,6.7922
4668,37.3020
4608,6.7272
4669,37.4877
4609,6.5266
4670,36.6612
4610,6.6215
4671,37.0493
4611,6.8728
4672,35.8044
4612,6.7530
4673,36.7290
4613,6.5090
4674,35.9395
4614,6.7053
4675,36.3030
4615,6.5637
4676,36.4837
4616,6.5775
4677,36.1863
4617,7.5953
4618,6.2601
4678,37.0519
4679,35.4876
4619,7.0651
4680,36.5610
4620,6.6572
4681,36.3065
4621,6.9480
4682,36.3503
4622,6.6140
4623,6.8173
4683,38.4102
4684,35.3434
4624,6.6074
4685,35.8599
4625,6.9567
4686,38.8976
4626,6.6276
4627,6.3272
4687,38.2319
4628,6.2780
4688,36.2703
4689,36.4467
4629,6.5917
4690,36.2857
4630,7.0848
4691,37.2635
4631,6.9027
4632,6.8132
4692,37.0735
4633,6.3186
4693,37.1947
4694,36.4802
4634,6.8325
4695,36.4621
4635,7.4184
4636,6.6133
4696,37.2714
4697,36.3527
4637,7.0798
4638,6.5175
4698,36.5892
4699,35.8277
4639,6.9502
4700,36.2092
4640,6.3464
4701,36.3434
4641,7.1329
4702,36.6432
4642,6.4022
4703,35.9530
4643,6.7200
4704,36.2655
4644,6.6352
4705,37.1000
4645,6.4148
4706,35.9386
4646,6.5237
4707,37.0449
4647,6.8759
4708,35.8518
4648,6.9107
4709,36.7357
4649,6.7789
4710,36.5238
4650,6.4078
4711,35.9904
4651,7.3533
4712,36.0981
4652,6.9390
4713,35.5260
4653,6.7453
4714,36.7705
4654,6.4000
4715,36.0023
4655,7.7945
4656,6.9303
4716,35.9632
4717,35.9165
4657,7.7803
4658,6.3689
4718,36.6665
4719,35.9716
4659,6.5461
4720,36.9594
4660,6.7375
4721,36.4600
4661,6.6584
4722,36.1983
4662,7.1324
4723,36.7823
4663,6.7389
4724,35.8197
4664,6.9651
4725,36.1386
4665,7.5493
4726,36.4149
4666,6.5059
4727,35.5866
4667,7.5189
4728,36.3752
4668,6.4978
4729,36.3946
4669,7.0171
4730,36.5603
4670,6.7498
4731,35.9275
4671,6.9057
4732,36.3318
4672,6.7228
4733,36.3306
4673,6.6250
4734,35.9536
4674,6.5516
4735,36.4848
4675,6.5267
4736,36.1975
4676,7.3997
4677,6.6445
4737,37.0909
4678,6.8589
4738,35.9119
4739,36.8068
4679,6.9921
4740,36.6676
4680,6.7361
4741,36.0462
4681,6.7567
4742,37.1198
4682,7.5416
4743,36.4102
4683,6.5120
4744,35.8910
4684,6.8224
4745,37.6464
4685,7.8080
4686,6.3904
4746,36.5280
4687,6.4747
4747,37.9965
4748,35.6458
4688,7.0818
4689,6.5404
4749,36.6931
4750,38.8266
4690,6.6526
4751,35.7457
4691,6.8463
4752,35.8924
4692,6.4928
4753,36.2360
4693,7.6398
4694,6.3610
4754,36.1020
4695,6.3705
4755,35.1265
4756,35.6111
4696,7.4854
4757,36.8278
4697,7.0564
4758,36.3009
4698,6.5901
4759,36.4810
4699,7.6443
4760,36.8961
4700,6.8067
4761,35.9997
4701,7.7054
4702,6.4646
4762,36.7675
4763,36.1308
4703,6.8915
4764,35.8474
4704,7.6410
4765,36.4931
4705,6.6629
4766,36.2976
4706,6.6227
4767,36.1249
4707,6.6120
4768,38.3701
4708,6.8310
4769,36.1864
4709,7.5186
4770,36.9720
4710,6.6158
4771,36.2818
4711,6.6215
4772,35.8634
4712,7.1244
4773,36.1300
4713,6.7180
4774,35.7040
4714,6.8450
4775,36.0788
4715,6.5652
4776,36.3139
4716,7.0260
4777,37.0063
4717,7.2288
4778,36.7900
4718,6.6132
4779,36.0397
4719,7.0268
4780,36.7874
4720,6.4699
4781,35.6130
4721,6.8495
4782,36.1739
4722,6.7008
4723,6.5038
4783,36.3160
4784,35.5328
4724,7.1047
4785,36.5029
4725,6.8623
4786,35.9966
4726,6.5829
4787,36.1658
4727,6.9502
4788,36.3693
4728,7.0401
4789,36.1503
4729,6.6249
4790,35.3816
4730,7.4077
4791,36.2281
4731,6.6143
4792,35.7459
4732,7.7886
4733,6.8066
4793,37.5424
4794,36.0529
4734,7.4932
4795,36.3728
4735,7.0055
4796,35.8339
4736,6.5946
4797,36.2997
4737,6.9225
4798,36.5243
4738,6.3875
4799,35.6670
4739,7.0878
4800,36.3453
4740,6.3992
4801,35.7290
4741,6.6151
4802,36.9539
4742,6.5839
4803,35.8585
4743,6.9027
4804,36.5822
4744,6.8444
4805,36.1134
4745,6.7366
4806,35.6821
4746,7.6503
4747,6.4932
4807,36.5593
4808,36.4955
4748,7.1918
4809,36.2610
4749,6.9022
4810,36.5516
4750,6.6277
4811,35.8715
4751,7.7501
4752,6.8962
4812,37.0272
4753,6.3633
4813,38.6699
4814,35.4656
4754,6.9943
4755,6.4003
4815,36.3950
4816,35.6153
4756,6.6685
4817,35.8860
4757,7.0275
4758,6.9066
4818,36.6334
4819,35.7429
4759,7.5773
4820,36.6844
4760,6.5779
4821,35.3713
4761,6.8817
4822,36.0963
4762,7.8937
4763,6.4083
4823,36.2802
4824,35.8479
4764,6.7395
4825,35.7224
4765,7.0102
4826,36.7969
4766,6.6242
4827,36.2453
4767,6.9636
4828,35.7156
4768,7.2009
4829,36.4862
4769,6.7696
4830,35.9361
4770,6.3719
4831,35.8366
4771,6.5598
4832,35.8594
4772,7.3771
4773,6.4550
4833,35.9969
4834,36.1647
4774,7.0688
4835,36.4601
4775,6.3911
4836,36.1719
4776,6.4788
4837,36.3306
4777,6.7852
4838,35.7294
4778,6.5074
4839,36.5344
4779,6.5046
4840,36.2483
4780,6.4128
4841,35.3895
4781,7.1225
4782,6.3998
4842,36.6175
4843,35.4225
4783,7.1135
4844,35.3091
4784,7.1748
4845,36.0897
4785,6.4836
4846,36.1565
4786,7.0895
4847,36.4428
4787,6.8365
4848,36.1375
4788,6.7232
4849,36.8726
4789,6.8066
4850,36.1968
4790,7.6274
4791,6.5623
4851,36.6559
4852,35.9689
4792,7.4928
4793,6.7567
4853,36.8220
4854,35.9786
4794,6.9280
4795,6.5284
4855,36.6890
4856,35.9283
4796,7.4329
4857,36.0287
4797,6.5890
4858,36.2546
4798,7.3552
4859,35.8792
4799,7.1618
4860,36.3367
4800,6.4925
4861,36.6043
4801,7.1900
4802,6.5379
4862,36.5692
4863,37.0402
4803,6.6624
4864,36.4569
4804,8.1334
4805,6.3572
4865,36.4347
4806,6.4994
4866,36.1632
4867,36.3446
4807,7.3288
4808,6.4938
4868,37.8260
4869,36.1078
4809,6.7899
4870,37.0932
4810,7.7202
4811,6.4738
4871,36.6984
4872,36.1899
4812,7.1317
4873,36.0787
4813,6.5683
4874,36.1165
4814,6.5487
4875,36.4041
4815,6.5799
4876,35.6336
4816,7.7489
4817,6.8533
4877,36.3515
4878,36.1802
4818,6.5028
4879,35.7290
4819,7.0475
4880,36.0520
4820,6.5797
4881,36.2540
4821,6.8439
4882,36.4613
4822,6.4764
4883,36.0651
4823,7.0482
4824,6.5805
4884,36.3267
4885,36.0394
4825,7.5017
4886,35.9681
4826,6.4530
4887,36.0751
4827,7.6687
4888,35.9842
4828,7.1209
4889,35.7750
4829,7.2378
4830,6.5749
4890,37.0221
4891,36.2510
4831,6.4680
4892,35.0746
4832,6.9393
4893,36.3035
4833,7.3520
4894,36.2242
4834,6.6075
4895,35.2771
4835,7.4011
4836,6.5581
4896,36.5843
4897,36.1156
4837,7.2237
4838,6.5111
4898,36.5407
4899,36.0033
4839,6.8094
4900,36.2560
4840,7.1776
4901,36.5441
4841,6.6909
4842,6.5016
4902,36.0920
4903,36.0771
4843,7.0483
4904,36.9498
4844,6.6054
4905,36.3372
4845,6.7137
4906,36.4378
4846,6.9440
4847,6.7310
4907,36.1772
4908,36.0901
4848,7.6934
4909,36.7980
4849,6.9055
4910,35.8380
4850,6.5279
4851,6.4720
4911,36.0706
4912,35.4484
4852,6.9355
4913,36.1462
4853,7.0806
4914,36.5446
4854,6.4124
4855,6.4603
4915,36.4284
4916,36.2649
4856,7.4296
4917,36.9637
4857,6.4349
4918,36.4320
4858,7.3839
4859,6.4648
4919,36.6982
4920,36.2243
4860,6.4331
4921,36.6105
4861,6.5333
4922,36.6097
4862,6.5729
4923,35.5405
4863,6.6649
4924,36.9203
4864,6.4628
4925,35.6670
4865,6.4277
4926,35.7621
4866,6.6434
4927,36.2664
4867,6.5700
4928,36.2184
4868,6.3902
4929,35.5095
4869,6.4405
4930,36.0959
4870,6.4953
4931,35.9265
4871,7.1624
4872,6.4574
4932,36.9199
4933,36.6813
4873,6.6578
4934,38.1252
4874,6.5362
4935,36.0355
4875,6.7316
4876,6.4368
4936,36.3616
4937,36.0136
4877,6.4105
4938,35.8397
4878,6.9971
4939,36.0606
4879,6.5655
4940,35.9897
4880,6.4225
4941,35.9259
4881,7.1554
4942,36.3393
4882,6.9958
4943,36.6956
4883,6.4723
4944,36.6825
4884,6.6077
4945,36.3887
4885,6.6165
4946,36.2536
4886,6.4283
4947,36.0330
4887,7.1617
4888,6.7966
4948,36.2304
4949,36.0271
4889,6.8620
4950,35.6794
4890,7.6026
4891,6.7539
4951,35.7676
4952,35.5401
4892,6.8700
4953,36.2797
4893,6.5795
4954,35.7643
4894,6.5372
4955,36.6388
4895,7.1023
4956,35.8654
4896,6.7146
4957,36.0816
4897,6.5346
4958,37.3006
4898,6.4628
4959,35.9283
4899,6.6239
4960,36.0697
4900,6.4551
4961,35.9955
4901,6.9218
4962,35.9141
4902,6.6778
4963,35.8102
4903,6.8450
4904,6.5439
4964,36.5026
4965,36.3913
4905,6.8456
4966,35.6661
4906,6.5123
4967,36.3133
4907,6.5018
4968,35.9875
4908,7.0802
4969,36.7648
4909,6.6577
4970,36.4944
4910,6.5292
4971,36.0272
4911,6.5435
4972,36.2586
4912,6.6032
4973,36.3454
4913,7.4861
4974,37.0286
4914,6.6006
4975,35.9365
4915,6.5333
4976,36.4607
4916,6.6759
4977,36.5056
4917,6.7486
4918,6.8773
4978,36.8687
4979,35.2402
4919,7.5573
4920,6.7695
4980,36.6927
4981,36.1507
4921,7.0607
4922,6.3829
4982,36.8597
4983,35.5064
4923,6.4723
4984,36.2273
4924,7.1435
4985,36.9308
4925,6.4273
4986,35.7688
4926,6.3665
4987,36.2369
4927,7.2454
4928,6.6882
4988,36.7754
4989,36.2604
4929,7.0227
4990,36.2586
4930,7.0820
4991,35.4979
4931,6.9378
4992,36.3046
4932,7.6175
4933,6.8749
4993,36.2645
4994,35.6504
4934,7.6121
4995,37.1108
4935,7.0068
4936,6.5179
4996,37.6841
4997,36.3069
4937,6.7421
4938,6.4879
4998,35.8692
4999,36.2141
4939,7.6786
4940,6.5670
5000,36.4814
5001,35.8501
4941,6.8610
5002,36.9256
4942,6.7260
5003,36.3311
4943,7.4099
4944,6.4794
5004,36.4528
5005,35.6140
4945,6.9500
5006,36.5655
4946,6.5507
5007,36.1154
4947,6.9189
5008,36.2596
4948,6.9719
5009,36.0943
4949,7.4031
4950,6.4599
5010,37.0762
5011,35.2128
4951,6.5971
5012,35.8487
4952,7.4782
5013,36.6681
4953,6.7885
4954,6.5668
5014,36.0660
4955,6.5525
5015,36.2433
5016,36.0185
4956,7.3192
5017,36.1168
4957,6.7058
5018,36.0130
4958,6.5586
5019,36.1659
4959,6.7620
5020,36.0297
4960,7.2829
5021,36.9974
4961,6.8043
5022,35.7764
4962,7.4271
5023,36.3315
4963,6.8196
5024,36.2194
4964,6.8581
5025,36.1352
4965,6.7824
5026,35.8567
4966,6.8268
5027,35.7918
4967,6.8284
5028,36.6306
4968,6.6919
5029,36.4363
4969,6.4963
5030,35.2495
4970,7.3458
4971,6.4965
5031,36.3080
5032,35.4700
4972,7.2823
5033,36.6328
4973,6.7201
5034,36.7842
4974,6.6428
5035,35.3149
4975,7.0744
5036,36.7069
4976,6.8597
5037,36.4008
4977,6.7023
5038,36.0908
4978,6.6686
5039,36.6539
4979,7.3382
4980,6.4861
5040,36.3196
5041,35.5798
4981,7.2639
4982,6.4769
5042,36.7612
5043,34.9638
4983,6.5456
5044,35.6968
4984,7.7321
4985,6.5138
5045,37.0642
5046,35.2914
4986,6.7023
4987,6.5041
5047,35.8292
5048,35.8425
4988,7.3334
4989,6.5535
5049,36.5100
5050,35.7447
4990,6.6779
5051,35.9489
4991,8.0251
4992,6.5663
5052,36.8909
5053,35.6462
4993,6.8712
5054,36.1513
4994,7.4774
5055,36.4461
4995,6.9126
5056,36.0250
4996,6.7788
5057,35.6877
4997,6.8647
5058,36.6503
4998,7.6706
5059,35.7775
4999,6.7075
5000,6.5719
5060,36.3685
5061,35.9791
5001,7.0514
5062,36.8790
5002,6.9768
5003,6.5878
5063,36.4363
5064,37.0621
5004,6.8295
5065,36.8078
5005,6.6189
5066,35.6568
5006,7.3084
5007,6.4980
5067,37.3547
5068,35.3306
5008,7.9309
5009,6.4499
5069,36.8509
5070,35.9326
5010,6.8172
5071,36.3770
5011,6.6889
5072,35.8032
5012,6.6689
5073,36.1266
5013,6.7472
5074,36.2891
5014,7.8145
5075,36.4134
5015,6.7968
5076,35.3800
5016,7.8193
5077,36.4967
5017,7.1842
5018,6.5850
5078,36.7132
5079,35.8691
5019,7.2167
5080,36.3950
5020,6.7387
5081,36.1061
5021,7.0184
5022,6.5989
5082,36.9160
5083,35.3920
5023,7.4596
5024,6.5890
5084,36.0246
5025,6.6051
5085,36.8118
5086,35.6177
5026,6.8865
5087,36.4474
5027,7.0946
5088,36.4488
5028,6.7285
5089,36.5239
5029,6.9760
5030,6.6619
5090,36.3203
5091,36.0276
5031,6.8021
5092,36.1953
5032,6.8370
5033,6.5564
5093,36.2070
5094,35.5680
5034,6.9396
5095,37.5260
5035,7.1342
5036,6.6264
5096,35.9305
5097,36.3454
5037,6.8602
5098,36.5641
5038,6.8848
5099,36.1154
5039,6.9300
5100,36.1940
5040,6.9626
5101,35.5592
5041,6.8000
5102,35.8430
5042,7.2512
5043,6.6583
5103,36.1795
5104,36.1400
5044,7.0091
5105,35.9720
5045,6.9973
5106,35.9074
5046,6.9184
5047,6.6911
5107,36.9025
5108,35.9049
5048,7.6652
5049,6.8953
5109,36.5971
5110,36.2659
5050,7.2016
5111,35.9630
5051,7.0634
5052,6.5365
5112,36.8039
5113,36.3507
5053,6.5901
5114,35.9517
5054,6.4644
5115,35.6000
5055,6.7566
5116,36.2806
5056,7.3768
5117,36.1025
5057,6.6125
5118,36.6332
5058,6.8400
5119,36.6539
5059,7.9500
5060,6.3578
5120,37.7025
5061,6.4651
5121,35.3392
5122,35.4059
5062,6.6642
5123,36.4721
5063,6.8192
5124,36.1750
5064,6.8299
5065,6.7295
5125,37.0814
5126,36.6008
5066,7.3472
5127,36.8281
5067,6.6396
5068,6.7347
5128,37.0039
5129,35.4602
5069,6.8817
5130,39.3106
5070,6.7145
5131,35.5266
5071,6.6490
5132,35.8173
5072,7.3491
5133,36.3386
5073,6.5075
5134,35.3318
5074,6.3990
5135,36.4675
5075,7.1088
5076,6.7922
5136,36.2232
5137,36.1026
5077,7.2959
5138,37.4287
5078,6.7444
5139,36.5404
5079,6.4718
5140,36.2471
5080,7.2871
5141,35.8694
5081,6.4904
5082,6.4209
5142,36.7018
5143,36.3993
5083,6.7892
5144,35.8507
5084,6.8655
5145,37.5427
5085,6.8030
5086,6.4916
5146,37.4167
5087,6.7566
5147,36.3994
5088,6.5190
5148,36.7160
5149,35.6213
5089,7.1083
5090,6.4212
5150,36.8264
5151,35.4605
5091,7.2549
5152,36.6973
5092,6.7164
5093,6.2862
5153,36.7398
5154,36.0925
5094,6.3492
5155,35.6219
5095,6.3573
5096,6.4743
5156,35.4883
5157,36.0533
5097,6.4055
5098,6.2661
5158,36.8374
5159,35.7572
5099,6.3396
5100,6.2650
5160,36.3847
5161,35.2640
5101,7.0195
5162,36.3006
5102,6.6874
5103,6.3159
5163,37.1969
5104,6.3898
5164,36.9414
5165,35.8218
5105,6.5761
5166,36.0190
5106,6.7562
5107,6.5903
5167,36.4819
5168,35.8382
5108,7.2742
5109,6.4748
5169,36.8852
5110,6.3495
5170,36.8846
5171,36.0670
5111,6.7364
5112,6.2915
5172,36.2702
5113,6.3179
5173,36.1166
5174,35.6123
5114,6.7852
5115,6.3293
5175,36.6051
5176,35.5073
5116,6.6921
5117,6.2989
5177,35.8670
5178,35.6758
5118,6.5688
5179,36.4417
5119,7.0448
5180,36.7691
5120,6.5574
5181,36.2911
5121,6.4157
5182,36.5537
5122,6.8598
5183,35.2404
5123,6.9032
5124,6.3124
5184,36.9865
5185,35.0522
5125,6.8044
5186,36.6355
5126,6.5594
5187,36.5275
5127,6.6172
5188,36.1773
5128,6.7660
5189,35.7615
5129,6.9520
5130,6.3711
5190,35.9914
5191,35.7353
5131,6.8124
5192,36.4469
5132,6.4851
5133,6.4509
5193,36.1022
5194,35.9951
5134,6.7700
5135,6.5520
5195,37.0225
5196,35.9624
5136,6.6260
5197,37.2765
5137,7.1412
5138,6.6183
5198,36.2188
5199,36.4313
5139,7.3863
5140,6.5599
5200,36.8304
5201,35.7057
5141,6.7566
5202,36.1764
5142,7.0347
5203,36.1505
5143,6.4426
5204,35.2842
5144,7.0622
5205,36.2765
5145,6.4164
5206,35.6188
5146,6.8893
5207,37.6664
5147,7.1482
5208,36.7644
5148,6.8338
5209,36.0002
5149,6.3425
5210,36.4750
5150,6.5507
5211,36.0711
5151,6.2902
5212,36.3758
5152,6.4592
5213,36.0109
5153,7.1712
5154,6.3343
5214,36.9014
5155,6.5846
5215,36.3177
5216,36.9521
5156,6.9471
5217,36.4888
5157,7.0266
5218,36.0756
5158,7.2143
5159,6.3400
5219,38.2903
5160,6.4155
5220,36.2428
5221,36.2503
5161,7.2971
5162,6.2816
5222,37.7329
5163,6.5655
5223,36.1060
5164,6.5259
5224,35.9657
5165,6.9282
5225,35.8651
5226,36.9385
5166,7.2684
5167,6.3697
5227,38.0360
5168,6.3717
5228,35.8221
5229,36.0208
5169,6.8465
5170,6.6884
5230,36.5726
5171,6.6926
5231,35.7035
5172,6.4428
5232,35.7328
5233,36.4836
5173,6.8930
5174,6.3729
5234,37.2934
5175,6.4055
5235,36.2766
5236,36.6665
5176,6.7410
5237,36.1266
5177,7.0183
5178,6.3721
5238,36.4998
5179,6.8913
5239,36.5330
5240,36.1177
5180,6.7969
5241,36.1616
5181,6.7802
5242,36.4055
5182,6.5208
5243,36.3382
5183,6.7978
5244,36.6795
5184,6.4089
5245,35.7355
5185,6.6198
5246,36.5897
5186,6.6515
5247,36.9038
5187,6.3783
5248,38.1816
5188,6.2638
5249,35.6171
5189,6.8601
5190,6.7409
5250,35.8579
5251,35.5085
5191,7.0411
5192,6.6028
5252,36.1122
5193,6.3243
5253,36.1798
5254,36.1927
5194,6.8767
5255,36.5267
5195,6.2306
5256,36.2212
5196,6.7857
5257,36.6272
5197,6.5636
5258,35.3806
5198,6.5355
5259,36.5137
5199,7.1888
5200,6.3939
5260,36.9516
5261,35.8029
5201,6.4728
5262,36.5550
5202,7.0262
5203,6.4318
5263,36.1041
5264,35.5791
5204,6.5408
5265,35.9397
5205,6.7275
5266,36.1628
5206,6.5721
5267,35.9377
5207,6.7670
5268,36.0057
5208,6.5245
5269,35.8584
5209,6.4865
5270,37.1177
5210,6.3829
5271,35.8198
5211,7.2464
5212,6.6376
5272,36.6263
5213,6.4238
5273,36.5466
5274,36.4159
5214,6.5263
5215,6.5101
5275,37.6735
5276,35.9903
5216,6.4700
5277,36.7237
5217,6.5549
5278,36.1480
5218,6.5626
5279,37.0744
5219,6.3606
5280,36.2309
5220,6.5773
5281,36.0887
5221,7.2820
5282,36.4538
5222,6.4163
5283,36.1843
5223,6.7479
5284,35.9183
5224,7.0784
5285,36.8768
5225,6.5207
5286,36.5359
5226,6.4877
5287,36.9462
5227,6.6272
5288,35.8812
5228,6.8324
5229,6.5795
5289,36.9455
5290,36.4923
5230,6.9373
5291,36.4216
5231,7.0969
5232,6.4562
5292,37.0051
5293,35.5911
5233,7.0581
5294,35.7322
5234,6.7515
5235,6.6763
5295,36.5412
5296,36.0178
5236,6.7168
5297,36.3384
5237,6.7620
5298,35.8568
5238,6.8629
5299,36.6576
5239,6.7186
5240,6.3561
5300,36.3543
5301,35.8349
5241,6.5630
5242,6.5287
5302,36.1225
5243,6.5006
5303,36.3025
5304,35.7752
5244,6.5035
5305,37.8761
5245,7.1802
5246,6.6681
5306,36.9433
5307,35.9168
5247,6.6526
5308,35.9747
5248,6.7874
5249,6.4535
5309,36.4367
5250,6.3491
5310,35.7033
5311,36.4579
5251,6.8713
5312,36.1129
5252,6.6107
5313,36.2188
5253,7.2745
5254,6.6740
5314,37.0605
5315,35.7929
5255,6.6089
5316,36.2137
5256,6.8660
5257,6.2415
5317,36.7303
5318,35.1476
5258,6.4692
5259,6.3310
5319,36.6653
5260,6.3997
5320,35.7073
5321,35.9331
5261,7.1395
5262,6.7021
5322,36.7690
5263,6.6041
5323,35.9578
5324,36.5937
5264,7.1953
5265,6.6181
5325,36.0669
5326,35.6255
5266,6.6194
5267,6.7305
5327,36.6967
5268,6.6768
5328,36.3431
5329,36.2390
5269,7.1412
5270,6.3872
5330,37.2673
5331,36.2453
5271,6.5331
5272,6.5787
5332,36.7250
5333,35.7631
5273,6.4149
5334,36.1564
5274,6.8478
5275,6.5200
5335,36.8838
5336,35.4264
5276,7.1576
5337,36.6051
5277,6.8435
5278,6.3893
5338,36.6561
5339,35.8928
5279,6.8622
5280,6.4176
5340,37.1869
5341,36.5493
5281,6.5844
5342,36.0573
5282,6.7385
5343,36.7003
5283,6.7051
5344,36.1595
5284,6.5958
5345,37.8135
5285,6.3189
5346,35.7517
5286,6.5768
5347,36.7868
5287,6.5237
5348,36.1395
5288,6.8323
5289,6.3398
5349,41.3442
5290,6.3485
5350,36.2978
5291,6.3520
5351,36.0537
5292,6.2791
5352,36.2018
5353,35.6546
5293,6.7740
5354,36.4764
5294,6.9530
5355,36.3339
5295,6.8271
5356,36.0903
5296,6.8931
5297,6.2874
5357,36.3027
5298,6.6012
5358,36.2438
5299,6.4186
5359,36.0174
5360,36.0983
5300,6.4156
5361,35.9255
5301,6.6239
5362,36.1106
5302,6.4242
5363,35.9350
5303,6.5424
5364,36.9210
5304,7.1373
5305,6.2059
5365,36.1350
5306,6.5024
5366,35.4282
5307,6.8279
5367,36.2187
5308,6.8035
5368,37.1341
5309,6.8991
5369,35.4466
5370,36.2912
5310,6.9486
5371,36.1930
5311,7.3205
5372,36.2392
5312,7.0724
5313,6.3014
5373,36.4624
5314,6.3899
5374,36.1440
5375,36.2995
5315,6.5100
5316,6.4005
5376,35.9907
5317,6.4105
5377,36.3050
5378,36.0440
5318,6.7111
5379,36.3656
5319,6.5343
5380,37.1915
5320,6.8170
5321,6.4136
5381,37.0973
5322,6.4025
5382,36.5988
5383,35.9199
5323,6.3786
5384,36.1323
5324,6.5964
5385,36.6419
5325,7.3385
5326,6.8515
5386,37.0258
5387,35.8824
5327,6.5196
5388,36.0456
5328,7.1665
5329,6.4095
5389,36.2859
5330,6.3714
5390,35.8743
5391,35.8894
5331,7.9163
5392,35.8972
5332,9.0063
5393,38.2567
5333,7.9710
5394,36.3559
5334,8.2972
5335,7.7910
5395,37.1164
5396,35.7413
5336,8.6859
5337,8.6463
5397,37.3120
5398,36.8407
5338,8.0942
5399,37.2387
5339,8.2438
5340,7.9206
5400,37.0014
5401,36.7651
5341,7.8209
5402,37.0470
5342,8.0577
5343,7.8754
5403,36.7133
5344,7.9725
5404,37.5193
5405,37.3267
5345,8.2310
5346,7.8465
5406,37.3830
5407,36.4281
5347,7.9290
5408,37.2892
5348,7.9417
5409,35.6871
5349,7.8130
5350,7.8495
5410,36.7231
5411,36.0121
5351,8.3351
5352,7.7885
5412,36.9785
5353,7.8321
5413,36.3582
5354,7.7693
5414,37.9018
5355,7.8074
5415,35.6433
5416,36.0619
5356,7.9719
5417,37.0571
5357,8.1370
5358,7.7460
5418,38.0169
5359,7.7565
5419,36.2969
5360,7.7886
5420,36.3254
5361,7.9287
5421,36.1485
5422,36.1273
5362,7.8952
5363,7.8579
5423,36.6556
5364,7.7176
5424,36.1611
5365,7.9188
5425,35.4455
5426,36.7089
5366,7.7859
5427,36.0286
5367,7.9615
5428,37.4585
5368,8.2855
5369,7.9634
5429,37.3962
5370,7.8551
5430,36.8502
5371,7.8616
5431,36.2887
5432,36.2987
5372,7.8490
5373,7.9006
5433,37.0754
5434,36.3772
5374,8.1372
5375,7.8303
5435,37.4621
5376,7.7885
5436,36.9641
5377,7.8817
5437,35.7284
5438,36.2982
5378,8.1016
5379,7.9622
5439,36.3286
5440,36.1623
5380,8.3267
5381,7.8485
5441,37.8015
5382,7.8348
5442,36.4592
5383,7.7865
5443,36.2267
5384,7.8560
5444,35.9971
5445,36.6990
5385,7.9698
5446,35.9421
5386,8.3449
5387,7.8787
5447,38.4597
5388,7.7134
5448,35.9539
5389,7.7935
5449,35.9554
5390,7.8657
5450,35.5939
5451,36.1788
5391,8.0170
5392,7.7393
5452,36.9986
5453,36.2497
5393,7.9128
5454,36.8564
5394,8.1025
5395,7.7570
5455,36.2658
5456,35.5810
5396,8.0777
5397,7.8148
5457,37.2295
5458,35.5549
5398,7.8346
5459,36.4481
5399,8.1440
5400,7.7430
5460,37.2450
5461,35.6813
5401,8.4987
5462,37.4891
5402,7.9415
5463,36.7422
5403,7.8764
5404,7.7988
5464,37.1165
5465,35.9955
5405,8.2288
5406,7.8001
5466,36.8396
5467,35.5555
5407,8.1749
5408,7.7112
5468,37.0541
5469,36.4697
5409,7.8897
5470,36.5444
5410,8.4064
5471,37.3306
5411,7.9166
5412,7.6671
5472,37.6350
5473,35.8122
5413,7.9847
5414,7.7581
5474,36.2054
5415,7.6956
5475,36.6762
5476,35.7484
5416,7.7376
5477,36.2542
5417,7.8015
5418,7.8103
5478,37.3705
5479,37.6738
5419,8.1852
5420,7.6989
5480,37.1436
5421,7.8009
5481,35.5279
5422,7.7834
5482,37.2288
5483,36.2606
5423,7.7119
5484,36.6355
5424,7.7723
5485,35.7973
5425,7.6616
5486,36.8925
5426,7.9950
5487,36.3789
5427,7.8904
5428,7.7237
5488,37.5245
5429,7.8280
5489,35.9865
5430,7.7528
5490,35.8870
5491,35.6583
5431,8.0095
5432,7.8033
5492,36.3963
5493,36.4379
5433,7.7463
5494,36.5650
5434,7.7814
5435,7.9817
5495,38.3607
5496,36.9324
5436,7.8452
5437,7.8740
5497,36.6472
5498,36.4690
5438,8.2254
5439,7.7590
5499,37.4132
5440,7.7697
5500,36.5439
5441,7.7483
5501,36.1239
5442,7.7730
5502,36.3009
5503,36.1962
5443,7.7243
5444,7.6515
5504,36.6794
5445,7.7346
5505,35.7929
5506,36.1001
5446,7.7455
5447,7.6819
5507,36.7532
5508,36.0890
5448,7.6875
5509,36.1143
5449,7.8530
5450,7.7980
5510,35.7220
5511,36.3780
5451,8.1993
5512,37.5088
5452,8.0474
5453,7.7142
5513,36.4919
5454,7.6670
5514,37.1006
5455,7.7311
5515,37.2181
5456,7.8469
5516,35.5449
5517,36.1837
5457,8.1777
5518,37.0783
5458,7.9515
5459,7.8167
5519,36.4740
5520,36.6927
5460,8.3356
5461,7.6879
5521,37.0842
5462,7.8958
5522,35.7099
5523,36.2146
5463,7.8871
5464,7.7763
5524,37.1402
5465,7.7469
5525,36.4305
5526,35.6487
5466,8.1731
5467,8.2903
5527,36.7811
5468,7.5552
5528,36.6442
5529,37.8624
5469,7.6221
5530,37.7557
5470,7.7661
5531,35.8400
5471,7.7705
5532,36.1845
5472,7.7683
5473,7.5778
5533,37.1626
5474,7.4416
5534,36.3383
5475,7.4564
5535,35.4764
5536,35.7584
5476,7.7194
5537,36.0513
5477,7.6885
5538,36.8266
5478,7.5804
5479,7.5542
5539,36.5755
5480,7.7160
5540,36.3756
5541,36.4947
5481,8.0101
5482,7.5263
5542,38.0041
5543,36.1149
5483,7.5405
5544,36.1229
5484,8.8783
5545,37.5580
5485,7.8226
5486,7.5026
5546,36.7110
5487,7.7114
5547,35.8319
5548,35.9419
5488,7.8923
5489,7.4664
5549,37.2648
5490,7.6728
5550,35.7916
5551,36.8082
5491,7.8672
5492,7.4897
5552,35.8628
5553,35.9364
5493,7.7859
5554,36.6005
5494,7.7756
5555,36.6408
5495,7.6314
5496,7.7185
5556,37.5992
5497,7.7756
5557,36.6606
5558,36.5587
5498,8.1225
5499,7.5639
5559,38.0713
5500,7.5989
5560,35.9817
5561,35.8078
5501,7.6817
5562,36.0763
5502,7.6773
5563,39.4131
5503,7.4893
5564,35.9744
5504,7.6629
5565,36.8690
5505,7.7646
5566,36.8442
5506,8.8981
5507,7.5147
5567,36.5403
5508,7.1695
5568,35.8411
5569,35.4619
5509,7.3258
5570,36.5614
5510,7.3308
5511,7.4443
5571,36.6626
5572,35.5662
5512,7.7912
5513,7.3809
5573,38.0194
5574,36.0177
5514,7.5338
5515,7.2989
5575,36.5254
5576,35.6550
5516,7.4426
5577,36.3691
5517,7.4497
5578,36.7163
5518,7.6722
5579,36.9785
5519,7.4086
5520,7.2400
5580,36.8522
5581,36.3657
5521,8.1841
5582,35.8573
5522,7.5978
5583,34.9228
5523,7.7064
5584,35.7799
5524,8.1842
5585,36.0846
5525,7.5518
5586,35.3558
5526,7.6335
5587,34.0444
5527,7.7427
5588,35.4284
5528,7.8012
5589,35.6955
5529,7.6029
5590,35.7537
5530,7.5076
5591,35.0239
5531,7.5539
5592,35.1287
5532,7.9345
5593,35.3376
5533,7.5664
5594,36.2653
5534,7.7155
5595,35.8731
5535,8.2127
5596,35.8396
5536,7.5643
5597,34.9687
5537,7.4926
5598,35.0110
5538,7.7400
5599,36.3755
5539,8.1734
5540,7.4948
5600,36.7333
5601,34.8092
5541,7.9451
5602,36.0210
5542,8.3637
5543,8.0857
5603,37.1601
5544,7.8741
5604,35.6597
5605,36.0991
5545,8.0471
5606,36.5878
5546,8.1545
5547,7.7584
5607,37.9864
5548,7.9168
5608,38.0426
5549,7.7022
5609,36.8840
5550,7.8601
5610,35.9100
5551,7.7534
5611,36.0028
5612,37.3105
5552,7.7450
5553,7.5508
5613,36.9019
5554,7.9346
5614,35.8071
5615,36.4231
5555,7.7554
5616,36.7642
5556,8.1244
5557,7.5013
5617,36.7036
5618,36.0886
5558,7.7302
5619,36.7907
5559,8.0368
5620,37.2735
5560,7.9177
5561,7.6830
5621,35.9132
5622,36.1530
5562,7.6172
5623,36.1481
5563,7.9133
5564,7.6306
5624,36.8142
5625,36.9235
5565,7.5814
5626,36.0159
5566,7.7075
5567,7.8294
5627,36.9933
5568,7.4126
5628,36.1462
5569,7.6364
5629,35.5475
5630,36.4243
5570,7.9527
5571,7.5737
5631,36.6401
5632,35.5384
5572,7.8964
5573,7.6472
5633,37.2755
5634,35.8991
5574,7.7265
5575,7.8110
5635,36.5905
5636,36.9475
5576,8.1597
5577,7.5796
5637,37.3942
5578,7.7077
5638,35.8834
5579,7.6824
5639,37.0769
5640,36.0999
5580,7.6339
5581,7.7077
5641,37.4308
5642,36.8823
5582,7.9655
5643,37.0294
5583,7.6388
5584,7.5694
5644,36.7747
5585,7.7256
5645,37.6051
5646,36.2297
5586,8.1160
5587,7.7203
5647,36.9791
5648,36.4857
5588,7.7228
5589,7.5858
5649,36.7438
5650,35.9124
5590,7.9682
5591,7.8728
5651,37.7881
5592,7.6319
5652,37.1734
5653,35.9100
5593,7.9140
5654,37.2702
5594,7.9173
5595,8.0073
5655,36.8293
5656,36.0157
5596,7.8112
5657,36.7229
5597,8.0239
5598,7.5335
5658,37.7500
5659,35.4542
5599,7.7868
5660,36.1138
5600,7.6670
5661,36.7933
5601,7.7612
5602,7.7085
5662,37.4074
5663,36.1798
5603,8.9771
5604,7.7580
5664,36.5354
5665,36.0566
5605,7.8229
5666,37.3188
5606,7.8690
5667,37.2407
5607,7.7389
5668,36.3476
5608,7.8195
5609,7.7683
5669,36.7889
5670,36.5734
5610,7.7754
5611,7.6327
5671,36.8320
5672,35.5104
5612,8.1591
5613,8.9291
5673,38.0584
5674,36.5288
5614,7.8992
5675,36.0310
5615,7.6632
5676,36.4728
5616,8.1398
5677,36.7571
5617,7.8520
5678,36.3948
5618,9.5864
5619,7.7068
5679,38.1453
5620,7.6038
5680,36.3943
5681,35.9773
5621,9.2772
5682,37.5008
5622,8.9550
5623,8.8075
5683,37.0352
5684,35.9561
5624,7.6847
5685,37.0041
5625,8.1972
5686,37.8291
5626,7.8618
5627,9.1441
5687,37.3924
5688,36.9972
5628,7.7253
5629,7.5849
5689,36.1967
5690,35.5856
5630,9.1961
5631,7.6667
5691,39.4650
5692,35.5402
5632,7.9406
5633,7.7302
5693,37.4509
5694,36.5864
5634,7.8570
5635,7.6625
5695,36.0171
5696,36.2856
5636,8.1456
5637,7.6422
5697,37.2107
5638,7.5663
5698,35.8133
5699,36.3625
5639,9.5315
5700,36.5774
5640,8.2603
5641,7.6913
5701,37.0636
5702,36.2200
5642,9.1910
5643,7.7984
5703,37.2687
5644,7.7398
5704,36.0945
5705,35.9981
5645,7.7511
5706,35.4635
5646,7.6873
5647,8.9926
5707,37.0248
5708,36.7587
5648,9.2888
5649,9.0709
5709,36.7396
5650,7.6078
5710,37.3819
5711,36.3278
5651,7.8750
5712,37.2465
5652,8.1417
5653,7.5459
5713,36.8593
5654,7.6255
5714,35.8553
5655,7.6293
5715,36.0512
5716,36.3064
5656,8.0210
5657,7.6784
5717,37.0974
5718,36.6938
5658,7.8467
5659,7.6832
5719,36.4686
5720,35.2216
5660,7.7034
5661,7.8881
5721,37.4530
5722,36.7828
5662,7.9696
5663,7.4817
5723,36.9752
5664,7.6717
5724,35.5980
5725,35.5814
5665,7.6561
5726,36.6949
5666,8.0311
5667,7.6181
5727,36.7959
5728,35.6819
5668,8.0270
5669,7.6119
5729,37.1359
5670,7.6302
5730,36.7787
5731,36.2739
5671,9.2247
5672,7.6208
5732,37.5303
5733,36.1436
5673,7.8719
5734,36.3493
5674,7.6494
5675,7.6700
5735,36.6377
5736,36.2263
5676,7.8120
5737,36.1469
5677,7.7194
5738,37.0950
5678,7.5814
5739,36.7106
5679,8.9759
5740,36.3373
5680,7.7382
5681,7.7170
5741,36.4996
5682,7.8390
5742,37.4269
5743,36.1961
5683,8.9190
5744,37.0467
5684,9.0834
5745,37.8297
5685,8.9586
5686,7.4881
5746,37.6448
5687,7.7374
5747,36.1019
5688,7.8296
5748,36.0751
5749,36.4407
5689,7.6486
5690,7.6083
5750,36.5371
5751,35.9127
5691,7.8631
5692,7.7660
5752,36.4174
5753,36.2454
5693,9.0400
5754,36.2222
5694,7.7218
5695,7.6987
5755,36.7800
5756,35.8823
5696,7.6766
5757,36.5631
5697,8.1067
5758,36.5762
5698,7.7448
5759,36.5481
5699,7.6594
5700,7.6348
5760,35.9255
5761,35.3876
5701,9.3346
5702,7.6939
5762,37.7848
5763,35.5966
5703,9.3678
5704,7.6511
5764,37.5900
5705,7.6972
5765,36.0956
5766,35.7115
5706,9.2322
5767,37.5489
5707,7.7193
5708,7.8241
5768,36.4454
5769,35.7388
5709,7.7178
5710,7.4533
5770,37.1642
5771,35.4110
5711,7.8120
5772,36.1043
5712,7.6466
5713,7.6076
5773,37.0487
5774,36.0034
5714,7.7586
5775,35.9781
5715,8.1499
5716,7.6665
5776,38.2224
5777,36.1923
5717,7.9184
5778,36.9899
5718,9.1116
5719,7.6846
5779,36.7741
5780,36.0486
5720,9.1355
5781,36.9085
5721,7.5227
5722,8.9083
5782,36.8441
5723,7.5178
5783,37.0385
5784,35.7154
5724,7.7041
5785,36.7231
5725,7.8105
5786,36.6333
5726,7.6584
5787,36.7073
5727,7.9333
5788,37.2971
5728,9.1925
5729,9.0576
5789,37.3819
5790,36.1912
5730,7.8293
5791,36.2096
5731,7.6685
5792,37.3054
5732,9.0463
5733,7.4357
5793,37.4727
5794,35.5049
5734,8.0623
5735,7.5188
5795,37.9241
5736,7.5010
5796,35.8398
5797,35.4661
5737,7.9992
5798,36.7333
5738,9.1866
5799,36.0089
5739,9.5763
5800,37.2021
5740,7.9977
5741,7.5488
5801,36.2415
5802,35.3741
5742,9.2742
5743,8.9427
5803,37.5312
5804,36.7636
5744,9.0159
5745,7.7855
5805,38.3830
5746,7.7361
5806,35.8222
5807,35.6337
5747,7.7815
5808,39.2386
5748,7.7983
5809,35.9596
5749,8.9994
5810,37.4881
5750,8.9470
5811,37.7281
5751,7.8978
5752,7.4910
5812,36.5003
5813,35.1845
5753,7.6347
5814,35.9397
5754,7.6499
5815,38.3204
5755,9.1857
5816,37.6040
5756,9.1476
5757,7.7987
5817,37.7466
5758,8.8836
5818,35.9421
5759,7.9650
5819,37.0603
5820,35.9970
5760,7.6445
5761,7.6085
5821,37.2823
5822,35.8186
5762,7.6492
5823,36.2601
5763,7.7808
5764,7.7278
5824,36.5402
5825,36.0430
5765,9.5206
5766,7.7749
5826,38.2930
5767,8.8206
5827,35.9442
5768,7.6275
5828,36.3544
5829,35.6088
5769,8.8055
5770,8.9593
5830,36.9422
5831,36.3955
5771,8.2497
5772,7.6068
5832,37.0615
5773,7.6590
5833,36.1711
5774,7.7553
5834,37.1656
5835,36.3880
5775,8.9918
5836,36.7420
5776,9.3393
5837,37.2453
5777,8.8036
5778,7.8210
5838,36.5941
5839,35.6259
5779,7.7001
5780,7.6146
5840,36.1702
5781,7.8623
5841,35.6078
5842,35.6583
5782,7.7517
5843,36.4344
5783,8.2295
5784,8.8781
5844,37.0623
5845,36.9008
5785,8.8298
5786,9.0744
5846,36.3698
5787,7.9664
5847,36.9301
5848,36.1126
5788,8.9749
5789,7.5295
5849,37.6476
5790,7.6876
5850,35.4520
5851,35.7057
5791,8.0289
5852,36.7914
5792,9.0150
5853,36.6449
5793,8.9590
5854,36.7525
5794,9.0567
5855,37.5638
5795,8.9548
5796,7.8502
5856,37.4667
5857,36.0152
5797,9.2285
5858,36.5041
5798,8.9468
5799,8.9134
5859,37.5149
5860,36.5381
5800,8.8532
5801,8.8888
5861,36.1334
5862,35.6077
5802,7.9214
5863,37.0254
5803,7.9390
5864,36.1458
5804,8.0947
5805,7.7204
5865,36.6736
5866,36.0244
5806,7.7646
5807,8.9488
5867,37.6866
5868,36.0362
5808,9.5660
5809,8.9959
5869,37.8524
5870,36.1301
5810,7.6588
5811,7.6414
5871,36.3420
5872,38.0708
5812,7.6713
5873,36.4515
5813,8.9957
5874,37.5397
5814,8.2436
5815,8.8184
5875,37.2727
5816,8.8995
5876,36.5246
5817,7.9133
5877,36.1668
5818,7.7601
5878,36.6507
5879,35.6697
5819,8.9251
5880,37.4348
5820,8.2234
5881,36.1880
5821,8.9078
5822,7.8093
5882,38.2639
5823,7.6419
5883,36.6143
5824,8.8443
5884,36.0733
5885,35.5874
5825,9.0373
5886,37.4680
5826,9.4221
5887,37.0584
5827,7.9293
5828,7.5341
5888,36.2478
5889,35.0231
5829,8.8657
5890,36.5663
5830,9.2368
5891,36.5546
5831,8.0066
5832,7.6889
5892,37.2440
5893,35.6894
5833,7.7107
5894,36.8703
5834,7.8249
5835,7.8479
5895,36.4250
5896,36.2388
5836,7.5471
5897,35.7693
5837,7.5818
5898,35.8445
5838,7.6897
5899,36.4530
5839,8.8208
5840,8.9711
5900,37.1709
5841,7.8575
5901,36.5419
5902,35.1421
5842,8.9363
5903,37.2306
5843,9.1356
5904,37.0228
5844,8.2674
5905,36.2648
5845,8.0171
5846,8.9868
5906,37.3989
5847,7.8097
5907,36.4923
5908,35.3717
5848,7.7242
5909,36.6501
5849,9.1300
5910,36.9297
5850,8.9802
5911,36.4644
5851,7.7918
5852,7.6651
5912,36.6640
5913,36.4171
5853,7.6498
5914,36.2688
5854,9.1670
5915,36.6424
5855,7.9769
5856,7.6102
5916,36.9804
5917,35.3228
5857,7.9664
5858,7.5790
5918,37.0220
5859,7.7783
5919,35.8562
5920,35.8560
5860,8.8929
5921,36.8411
5861,9.3125
5862,8.8832
5922,37.7709
5923,36.5798
5863,8.9395
5924,35.9626
5864,8.9246
5925,36.6368
5865,9.0161
5866,8.8478
5926,37.3234
5927,36.2088
5867,8.1809
5928,36.0227
5868,7.7707
5929,36.6904
5869,9.1581
5930,37.1213
5870,8.3332
5871,7.6988
5931,36.4966
5932,36.0200
5872,7.7455
5933,35.4787
5873,7.6251
5934,35.9435
5874,7.7459
5935,36.0934
5875,8.0301
5936,36.2692
5876,8.9198
5937,37.0430
5877,7.7767
5878,7.7132
5938,35.9808
5939,35.4188
5879,8.9926
5880,8.8554
5940,37.9106
5881,8.9376
5941,35.8673
5942,37.1183
5882,9.1338
5943,36.5705
5883,8.0751
5944,35.6198
5884,9.0564
5945,37.3759
5885,7.8751
5886,8.9758
5946,36.0831
5947,37.4227
5887,8.9352
5948,36.4505
5888,8.2093
5889,7.6676
5949,35.9308
5950,35.6204
5890,9.3243
5891,7.9766
5951,37.2656
5952,35.8122
5892,9.2366
5953,36.8321
5893,8.9592
5894,8.7451
5954,36.9411
5895,9.1035
5955,35.4080
5956,37.2899
5896,8.0185
5957,36.6388
5897,7.7268
5898,7.5428
5958,36.7927
5959,36.0081
5899,7.6149
5960,35.4193
5900,7.6819
5901,7.5532
5961,37.5341
5962,36.2490
5902,9.2523
5903,8.6531
5963,38.7405
5904,8.7123
5964,35.7391
5905,8.6534
5965,36.6181
5966,35.6022
5906,7.5411
5907,7.6827
5967,36.3715
5968,36.1130
5908,8.1073
5909,8.7947
5969,37.1100
5910,8.8522
5970,36.1389
5971,36.0124
5911,8.1741
5912,9.0187
5972,36.4162
5973,36.5784
5913,9.0910
5974,37.1491
5914,8.1134
5915,7.6940
5975,36.7914
5916,7.3947
5976,35.6621
5977,35.6894
5917,7.7272
5978,36.0771
5918,9.0739
5979,37.4921
5919,7.6043
5980,36.6166
5920,9.1252
5921,7.4752
5981,36.8241
5982,36.4038
5922,8.7484
5923,8.9719
5983,37.1667
5984,36.9838
5924,8.8038
5925,8.8880
5985,36.5883
5986,36.9897
5926,7.9921
5927,8.7025
5987,36.5180
5988,35.8330
5928,8.7533
5929,7.7065
5989,36.7997
5990,36.0134
5930,8.6387
5991,36.2974
5931,8.8901
5992,37.9593
5932,9.2243
5933,8.7010
5993,38.0593
5994,35.9634
5934,9.0520
5935,8.6105
5995,37.1065
5996,35.8402
5936,8.7882
5937,8.8356
5997,37.3811
5998,36.0665
5938,7.6119
5939,7.4239
5999,37.3790
6000,35.6949
5940,7.8891
5941,8.6754
6001,37.0332
5942,7.6445
6002,36.1874
6003,36.3955
5943,8.6811
5944,7.6449
6004,36.9344
6005,35.8894
5945,8.8094
6006,37.2789
5946,7.6036
6007,36.9484
5947,7.6853
6008,36.0163
5948,7.5548
6009,36.5339
5949,8.8458
6010,36.7553
5950,8.9725
5951,7.4535
6011,37.0946
6012,37.3367
5952,8.8881
6013,36.5774
5953,8.6041
5954,7.4494
6014,36.9104
5955,8.6988
6015,36.4127
6016,35.8843
5956,8.8722
5957,8.6993
6017,37.6623
6018,36.8093
5958,8.8080
6019,36.2048
5959,8.7467
5960,8.5792
6020,37.2233
6021,35.9795
5961,7.7936
6022,36.0288
5962,7.6581
6023,36.7806
5963,8.8814
6024,37.4950
5964,8.9175
6025,36.1233
5965,7.7328
6026,35.3703
5966,8.7587
6027,37.1712
5967,8.9623
6028,37.5734
5968,7.8357
6029,36.0938
5969,8.7994
6030,36.8096
5970,8.8698
5971,7.6875
6031,39.8687
5972,8.7151
6032,36.8105
6033,36.0642
5973,7.7393
6034,36.2494
5974,7.4620
6035,36.3638
5975,7.6507
6036,36.3979
5976,7.7174
5977,8.9124
6037,37.3441
5978,7.4725
6038,36.8492
6039,36.0437
5979,8.6696
6040,36.2030
5980,9.0378
5981,9.2213
6041,37.7082
6042,36.4628
5982,8.3552
6043,37.6128
5983,7.6191
6044,36.4644
5984,7.5767
6045,35.4644
5985,8.7464
6046,36.6024
5986,8.8432
6047,37.6528
5987,8.4898
5988,8.8483
6048,37.0607
5989,7.6073
6049,37.0941
6050,36.5032
5990,8.8347
5991,7.6441
6051,36.5385
6052,36.7108
5992,7.4875
6053,36.4487
5993,8.1387
5994,7.4870
6054,37.5965
6055,36.4629
5995,7.4890
6056,36.5019
5996,8.6890
6057,36.8113
5997,7.6407
6058,36.4429
5998,8.7415
6059,37.0948
5999,9.3981
6000,7.6212
6060,37.6870
6061,36.0183
6001,8.8383
6062,36.1507
6002,8.7072
6063,36.5572
6003,7.6544
6064,36.3909
6004,8.7576
6065,36.5680
6005,8.8020
6006,8.6935
6066,37.1272
6007,8.6078
6067,37.2288
6008,8.7744
6068,36.6391
6069,36.4117
6009,8.5643
6070,36.3579
6010,7.6904
6071,36.4590
6011,8.2055
6072,37.9125
6012,8.8453
6073,36.4340
6013,7.8542
6074,36.2229
6014,8.2060
6075,36.4387
6015,8.9009
6076,35.7706
6016,8.8242
6077,36.4278
6017,7.6915
6078,35.1542
6018,7.7251
6079,36.0353
6019,7.7015
6080,35.0760
6020,8.7078
6081,35.4645
6021,8.9511
6022,8.8743
6082,36.4684
6023,7.6879
6083,34.7175
6084,35.0793
6024,8.1301
6025,7.5560
6085,35.7880
6086,35.0265
6026,7.4872
6087,34.4283
6027,8.8366
6088,36.3643
6028,7.8568
6089,34.9590
6029,8.7763
6090,35.4338
6030,8.6887
6031,8.5069
6091,35.9441
6092,34.7383
6032,8.9312
6093,37.2565
6033,8.0851
6094,35.7681
6034,8.6718
6035,7.6320
6095,35.7229
6096,34.9619
6036,7.4280
6097,35.1459
6037,8.6325
6098,35.5660
6038,7.5497
6099,35.1304
6039,9.0566
6100,36.9472
6040,7.6229
6101,34.6154
6041,8.6912
6102,36.0151
6042,8.6443
6103,35.5054
6043,8.5888
6104,34.9707
6044,8.5907
6105,35.4839
6045,8.7769
6106,36.1376
6046,8.7260
6047,8.6671
6107,36.2463
6108,35.0339
6048,8.7682
6109,35.4414
6049,8.8742
6110,36.7233
6050,8.7080
6111,35.5206
6051,7.3757
6112,34.3316
6052,9.1495
6053,8.8457
6113,35.6956
6114,36.2495
6054,8.8577
6115,36.0805
6055,8.6419
6116,35.4503
6056,8.8908
6117,35.6467
6057,8.8527
6118,35.2359
6058,9.1395
6059,8.7770
6119,36.3594
6120,34.9978
6060,8.8127
6121,36.3933
6061,8.7233
6122,34.8292
6062,8.8334
6123,35.4172
6063,10.4359
6124,35.9252
6064,8.9667
6125,35.5116
6065,8.8976
6126,34.8934
6066,8.8896
6127,35.3483
6067,8.8253
6128,35.1733
6068,9.0765
6129,36.7171
6069,9.2556
6070,8.7187
6130,35.9799
6131,34.8463
6071,9.0320
6132,35.6577
6072,8.8066
6133,35.5486
6073,9.0717
6134,35.6128
6074,9.0160
6135,36.2562
6075,9.2650
6076,8.6570
6136,36.9632
6077,8.8270
6137,36.3880
6138,34.9905
6078,9.2206
6079,8.8214
6139,35.9389
6140,35.2170
6080,8.7004
6141,35.3076
6081,8.8084
6142,35.7441
6082,9.3564
6083,8.7836
6143,36.7744
6144,35.0557
6084,8.7532
6145,35.0515
6085,8.6476
6146,35.3671
6086,8.9635
6147,35.7909
6087,8.8198
6148,35.8089
6088,8.8471
6149,36.1321
6089,8.8160
6150,35.2124
6090,8.9155
6091,8.7596
6151,35.7238
6152,35.2734
6092,8.7769
6153,35.6381
6093,8.7072
6154,34.9734
6094,8.8863
6155,36.0881
6095,8.9389
6156,34.5849
6096,8.9415
6157,36.5472
6097,8.7169
6158,34.8168
6098,8.6566
6159,35.6200
6099,9.3353
6100,8.7755
6160,36.3545
6161,35.8819
6101,8.8578
6162,36.2865
6102,8.9988
6163,35.0223
6103,9.0304
6104,8.7258
6164,36.5679
6165,35.1354
6105,8.0285
6106,8.5999
6166,35.8883
6167,34.6489
6107,8.8229
6168,36.2471
6108,8.7744
6169,35.6475
6109,8.7524
6170,35.7470
6110,9.0070
6111,8.7192
6171,35.7829
6172,35.1796
6112,8.6930
6173,34.7798
6113,9.2074
6114,8.9123
6174,36.5181
6175,35.4724
6115,8.7732
6176,35.0130
6116,9.1618
6117,8.8845
6177,36.1605
6178,36.0354
6118,8.9498
6179,35.3864
6119,8.8672
6180,36.0212
6120,8.6464
6181,34.9663
6121,8.8634
6182,35.2267
6122,9.2971
6123,8.7498
6183,36.7752
6184,35.5350
6124,8.6995
6185,35.3277
6125,8.8121
6126,8.7953
6186,35.5501
6187,35.3298
6127,8.8644
6188,37.2275
6128,9.0049
6129,7.4675
6189,37.4872
6190,35.5963
6130,8.8521
6131,8.8449
6191,37.2822
6132,8.6777
6192,36.5282
6193,36.3377
6133,8.9720
6194,37.6182
6134,9.2861
6135,8.5846
6195,36.9650
6136,8.6687
6196,38.6799
6137,8.5362
6197,36.2891
6138,8.7351
6198,36.0651
6199,35.6217
6139,9.2763
6140,8.5961
6200,36.6576
6201,35.9200
6141,8.8370
6142,8.6808
6202,37.7425
6143,8.6940
6203,37.5877
6144,8.7856
6204,36.4427
6145,8.6690
6205,36.9215
6146,8.5319
6206,36.1280
6207,38.3346
6147,8.8061
6148,8.8987
6208,36.8492
6149,8.6774
6209,36.9564
6210,36.1403
6150,9.0895
6151,8.6797
6211,36.6215
6212,36.1400
6152,8.8961
6213,37.4214
6153,8.7708
6154,8.5157
6214,37.0447
6215,35.8003
6155,7.7515
6216,35.8298
6156,8.7063
6157,8.7193
6217,37.2155
6158,8.7731
6218,36.7835
6159,8.5222
6219,37.2586
6220,35.9404
6160,8.8350
6221,36.5078
6161,9.0501
6222,36.8822
6162,8.7213
6163,8.4724
6223,36.8020
6164,8.7598
6224,36.6148
6225,37.2978
6165,8.9399
6166,8.6238
6226,37.1276
6227,35.8327
6167,9.3730
6168,8.4550
6228,36.8357
6169,8.5415
6229,36.1578
6170,8.6362
6230,35.9293
6231,35.3976
6171,8.6817
6172,8.9323
6232,37.0115
6233,36.9725
6173,9.2171
6174,8.6202
6234,36.8725
6175,8.5538
6235,36.1793
6176,8.8015
6236,36.1054
6237,37.1112
6177,8.8544
6238,36.3447
6178,8.7245
6239,36.8114
6179,9.3696
6180,8.5817
6240,37.5151
6181,8.4880
6241,36.2946
6182,8.7339
6242,35.9496
6183,8.6569
6243,36.7670
6244,36.7134
6184,8.8513
6245,37.2797
6185,8.6758
6246,36.5460
6186,8.8212
6187,8.5269
6247,38.0597
6188,8.4636
6248,35.4489
6249,35.5807
6189,8.5980
6190,8.9458
6250,36.6680
6251,37.7988
6191,8.8650
6192,8.5715
6252,37.4962
6253,36.1668
6193,8.8407
6254,36.4587
6194,8.7945
6195,8.5830
6255,36.6801
6256,35.9806
6196,8.8017
6257,37.1529
6197,8.8558
6258,37.6547
6198,8.7848
6199,8.5926
6259,35.9686
6260,36.1096
6200,8.8545
6201,8.8256
6261,36.8019
6262,36.9696
6202,8.7150
6263,36.5008
6203,8.7914
6264,36.0637
6204,8.6820
6265,36.1304
6205,9.3537
6206,8.6036
6266,37.5774
6267,35.7102
6207,8.6944
6208,8.7903
6268,36.0938
6269,37.1420
6209,8.8460
6270,36.4790
6210,8.7900
6271,36.4808
6211,9.1216
6212,8.6683
6272,37.6884
6213,8.5489
6273,36.7899
6214,8.5766
6274,35.6921
6275,36.0914
6215,9.2202
6216,8.7894
6276,37.0126
6277,36.2285
6217,8.6426
6278,36.3637
6218,8.8983
6279,36.4250
6219,9.1365
6280,37.4322
6220,8.5273
6281,36.2507
6221,8.7272
6222,8.5988
6282,36.9586
6223,8.6275
6283,36.3200
6284,36.0491
6224,8.7532
6285,36.2718
6225,8.6482
6286,37.0723
6226,9.1093
6287,37.0199
6227,8.6539
6228,8.5493
6288,36.7533
6289,36.2139
6229,8.7565
6290,36.0871
6230,8.5824
6291,36.4797
6231,8.6933
6232,7.6294
6292,37.3670
6293,35.1440
6233,9.3481
6234,8.4903
6294,37.5710
6235,8.6421
6295,35.4473
6296,35.7448
6236,8.7788
6237,8.8513
6297,37.2067
6298,36.9678
6238,8.9875
6299,37.5263
6239,8.8437
6240,8.8724
6300,36.8014
6301,36.7978
6241,8.8107
6302,36.1507
6242,7.4038
6303,36.1669
6243,8.6148
6304,36.4900
6244,8.9073
6305,37.5448
6245,8.6726
6306,36.3986
6246,8.9297
6307,36.2890
6247,8.6477
6308,36.2788
6248,9.3136
6249,8.7193
6309,37.0680
6310,35.9175
6250,8.9198
6251,8.8201
6311,36.8123
6252,8.5136
6312,36.8149
6253,8.7562
6313,35.6154
6314,36.4026
6254,9.3208
6255,8.4920
6315,37.6100
6256,8.7180
6316,35.9205
6257,7.3173
6317,36.8413
6318,35.7244
6258,9.0187
6259,8.7792
6319,36.3912
6320,36.6234
6260,8.6082
6321,36.1910
6261,8.7192
6262,8.5979
6322,36.9164
6263,8.6609
6323,36.2436
6324,35.9872
6264,8.6771
6265,8.6890
6325,36.5705
6266,7.5074
6326,36.3374
6327,35.0989
6267,9.0757
6268,8.5337
6328,37.6761
6269,8.7602
6329,35.6784
6270,8.8386
6330,37.1378
6271,8.5500
6331,37.2935
6332,35.7172
6272,8.4753
6333,35.9860
6273,8.5972
6274,8.7457
6334,36.5614
6275,8.7024
6335,37.0973
6336,35.7527
6276,8.7869
6337,36.1956
6277,8.7837
6338,36.2987
6278,8.7756
6339,36.5683
6279,8.9300
6340,37.4375
6280,8.6928
6341,35.8967
6281,8.8757
6282,8.8001
6342,37.3765
6343,36.3432
6283,8.5937
6284,8.6251
6344,36.1753
6345,36.1204
6285,8.8417
6346,37.1977
6286,8.6224
6347,36.0240
6287,7.6678
6348,35.9286
6288,8.6049
6349,36.8789
6289,8.9202
6350,36.2338
6290,8.7179
6351,36.6535
6291,7.3662
6352,36.0323
6292,8.5485
6353,35.8744
6293,8.7035
6354,38.4430
6294,8.9708
6355,36.7323
6295,8.6621
6296,8.8183
6356,36.6643
6297,8.5946
6357,36.8997
6358,36.2710
6298,8.9552
6299,8.5583
6359,36.5361
6360,35.7377
6300,8.6068
6361,37.2941
6301,8.8057
6302,8.6625
6362,37.3026
6303,8.6161
6363,36.8967
6364,36.3753
6304,9.0585
6305,8.4288
6365,36.7196
6306,8.5043
6366,36.6749
6367,35.8050
6307,8.6657
6308,8.6736
6368,36.3117
6369,36.5545
6309,8.7198
6370,37.3212
6310,8.5691
6311,8.6378
6371,36.2395
6312,7.4725
6372,36.1709
6373,35.1682
6313,8.6556
6374,36.9614
6314,8.6019
6375,36.8192
6315,8.7581
6316,7.3202
6376,36.4776
6377,35.3081
6317,8.5302
6378,36.6796
6318,8.5446
6319,8.6940
6379,36.4700
6380,36.3878
6320,9.0944
6321,8.6546
6381,36.9296
6382,36.4725
6322,8.5265
6383,36.4661
6323,8.6986
6384,38.1411
6324,8.8247
6325,8.5469
6385,36.7773
6386,35.7286
6326,8.5823
6387,36.6959
6327,8.7006
6388,37.7963
6328,8.8612
6389,36.7959
6329,8.8798
6390,37.4229
6330,8.8105
6391,36.4877
6331,8.6034
6392,36.5784
6332,8.8715
6393,37.5355
6333,8.7096
6334,8.7778
6394,36.9640
6395,37.0390
6335,8.4340
6336,8.4774
6396,36.2914
6397,35.8280
6337,8.5919
6398,36.1474
6338,8.8150
6399,36.5973
6339,8.4351
6340,8.4662
6400,36.5021
6401,35.7189
6341,8.7108
6402,36.8525
6342,9.0470
6403,36.7722
6343,7.4904
6404,35.4238
6344,8.7337
6405,36.3544
6345,8.8324
6406,37.9074
6346,8.9965
6407,36.9071
6347,8.6068
6408,36.2189
6348,9.0842
6409,36.5648
6349,8.7247
6410,36.2633
6350,8.8730
6411,36.8861
6351,8.7563
6412,36.4284
6352,8.5169
6353,8.8822
6413,36.5243
6414,36.2298
6354,8.9699
6355,8.9164
6415,37.5663
6416,36.0953
6356,9.1945
6417,37.6713
6357,8.9726
6358,9.3162
6418,36.5549
6419,36.3831
6359,9.0727
6360,9.1220
6420,36.4795
6421,36.6581
6361,9.0276
6362,8.8364
6422,36.7377
6423,36.5433
6363,9.2864
6424,36.1989
6364,9.6931
6365,8.7152
6425,38.1293
6366,8.9672
6426,35.9085
6427,35.5868
6367,9.0238
6368,8.8008
6428,36.7390
6369,9.1204
6429,36.7585
6430,35.4518
6370,9.1332
6371,8.5066
6431,36.9659
6372,8.8937
6432,35.1425
6433,35.8129
6373,8.9272
6374,8.9825
6434,37.7323
6435,36.7156
6375,9.1409
6436,37.4892
6376,8.7280
6377,8.8225
6437,36.8304
6378,8.6167
6438,36.7944
6379,8.7119
6439,35.6236
6440,36.2680
6380,9.1069
6441,35.7598
6381,9.3305
6442,37.3788
6382,8.6764
6383,8.8341
6443,36.5776
6444,36.0317
6384,8.7543
6445,36.5190
6385,8.8468
6446,37.0454
6386,9.2481
6447,36.4636
6387,9.1035
6388,8.8467
6448,37.0514
6389,8.6180
6449,36.4667
6450,35.7785
6390,9.0825
6451,36.9723
6391,8.5213
6452,36.9524
6392,8.9312
6453,35.6407
6393,9.0297
6394,7.5739
6454,37.4962
6395,8.9036
6455,35.5756
6456,36.5571
6396,8.7961
6457,36.5644
6397,8.9222
6458,36.4914
6398,9.5469
6459,36.7391
6399,9.2576
6400,8.7719
6460,37.0250
6401,8.8694
6461,35.9400
6462,35.7476
6402,8.8411
6463,36.3343
6403,8.9620
6464,36.4067
6404,9.3765
6465,37.2207
6405,7.9868
6466,35.5192
6406,9.0812
6407,9.0072
6467,37.3473
6408,8.6321
6468,36.8498
6409,9.1903
6469,35.7128
6470,35.3196
6410,9.3151
6471,37.2132
6411,9.2846
6472,36.6616
6412,8.7600
6473,36.7141
6413,9.1622
6474,36.2123
6414,9.1788
6415,8.7017
6475,36.9461
6416,9.3139
6476,35.8974
6477,36.9256
6417,8.6771
6418,9.7368
6478,36.6551
6479,36.9996
6419,9.3666
6420,8.9120
6480,37.2769
6481,35.5413
6421,8.8794
6422,8.9874
6482,36.8709
6423,9.2776
6483,36.8726
6484,35.7350
6424,9.0883
6425,8.9657
6485,36.7551
6486,36.1311
6426,8.6429
6487,36.6187
6427,8.9325
6488,36.1844
6428,8.7086
6489,35.9025
6429,9.0330
6490,36.4195
6430,8.8892
6491,36.3089
6431,8.8645
6492,37.0473
6432,8.9242
6493,36.0851
6433,8.8552
6434,8.7307
6494,37.5858
6495,35.7886
6435,8.7713
6496,36.3896
6436,8.6861
6497,36.3821
6437,9.1315
6498,36.4655
6438,9.1932
6439,8.8580
6499,37.3108
6500,36.0584
6440,9.1300
6501,36.5632
6441,8.7123
6502,36.1614
6442,8.8432
6503,36.6823
6443,8.8832
6504,36.7535
6444,8.7929
6505,35.6540
6445,8.7690
6506,36.2098
6446,8.9156
6447,7.3924
6507,37.4972
6508,35.6582
6448,9.5988
6509,36.1192
6449,9.0382
6450,8.7376
6510,36.3775
6451,8.7848
6511,36.1551
6512,36.0658
6452,8.8322
6513,36.6120
6453,8.5709
6454,8.6838
6514,36.5086
6455,8.9672
6515,36.2417
6516,35.6216
6456,9.0702
6517,36.5414
6457,8.5694
6458,9.0604
6518,36.6053
6519,36.2955
6459,8.9854
6460,9.0522
6520,36.7642
6521,37.0356
6461,8.6449
6462,8.7534
6522,36.5123
6523,35.9323
6463,8.6273
6524,36.5652
6464,8.7502
6525,35.9835
6465,9.2327
6526,37.0252
6466,8.7054
6467,9.0570
6527,36.7483
6528,36.5288
6468,9.0574
6469,8.8493
6529,36.8632
6530,36.1408
6470,10.2603
6531,37.0776
6471,9.0472
6472,8.8314
6532,36.8651
6533,35.6850
6473,9.1122
6534,35.9446
6474,9.0754
6475,8.8353
6535,36.7779
6536,36.1439
6476,8.8059
6537,35.9682
6477,8.6472
6538,36.6394
6478,8.8057
6539,35.5102
6479,8.7136
6540,36.7162
6480,8.5263
6481,8.7004
6541,36.3272
6482,9.2279
6542,35.7825
6543,36.7221
6483,9.1374
6484,9.0649
6544,37.1570
6545,35.9698
6485,9.0355
6546,36.1005
6486,8.5987
6547,36.0219
6487,9.0640
6548,36.4259
6488,9.1106
6549,36.8512
6489,9.1329
6490,8.7406
6550,37.2296
6491,9.2129
6551,36.1529
6552,36.3411
6492,8.5569
6493,8.9418
6553,36.2105
6554,36.7962
6494,8.8639
6555,36.1495
6495,9.2626
6496,8.7597
6556,37.7877
6497,8.5961
6557,35.5281
6558,36.3448
6498,8.9241
6559,36.2917
6499,8.8671
6560,37.1230
6500,8.8916
6561,36.7293
6501,8.7831
6562,37.7266
6502,8.6791
6503,8.5846
6563,36.3115
6504,8.7301
6564,35.5559
6505,9.2648
6565,36.2180
6566,36.5892
6506,9.2715
6567,37.0908
6507,8.8953
6508,8.4834
6568,36.4655
6509,8.7261
6569,35.5193
6570,35.4973
6510,8.6932
6571,37.4324
6511,9.0331
6572,36.3310
6512,9.2371
6573,37.7503
6513,9.1002
6514,8.7379
6574,37.0121
6515,8.5003
6575,36.9559
6516,8.8243
6576,38.3571
6517,9.2545
6577,37.0103
6578,36.2384
6518,8.7078
6579,35.8299
6519,9.4253
6580,37.4787
6520,9.2329
6521,8.7272
6581,37.9541
6522,8.7865
6582,36.7616
6523,8.7843
6583,35.6222
6524,9.1378
6584,37.4197
6585,36.5227
6525,9.1464
6586,36.2825
6526,9.1957
6527,8.7553
6587,37.5689
6528,7.6878
6588,36.3235
6529,8.5930
6589,36.2621
6530,9.0539
6590,35.6131
6591,36.0485
6531,8.7940
6592,37.0921
6532,8.9679
6593,37.0108
6533,8.5098
6534,8.7429
6594,36.0052
6535,8.8654
6595,36.0162
6596,35.7867
6536,9.0098
6597,37.3429
6537,8.5639
6538,8.5861
6598,36.6948
6599,35.9071
6539,8.8768
6600,36.2074
6540,8.7838
6601,36.2966
6541,9.3547
6602,36.2636
6542,8.0711
6603,36.3431
6543,8.8511
6544,8.9024
6604,36.4885
6605,36.6233
6545,8.9468
6546,8.8831
6606,37.3768
6607,35.8828
6547,8.9603
6608,36.1549
6548,8.9871
6609,37.4996
6549,9.2013
6550,9.1723
6610,37.1185
6611,35.7880
6551,8.8138
6552,8.8358
6612,36.9265
6613,35.6511
6553,9.3569
6614,36.9055
6554,8.9360
6555,8.8374
6615,37.0261
6556,9.1123
6616,39.0768
6557,8.5901
6617,36.8557
6558,9.2703
6618,35.4621
6619,36.1757
6559,9.0985
6620,37.9092
6560,8.8270
6561,8.6737
6621,35.7572
6622,35.8472
6562,9.3836
6563,8.5937
6623,38.2961
6564,8.5566
6624,36.1705
6625,35.8416
6565,8.5823
6566,8.6695
6626,36.2597
6567,8.8185
6627,36.5097
6628,36.0870
6568,8.9676
6569,8.6395
6629,37.6026
6630,36.0766
6570,9.0747
6571,8.6041
6631,37.1294
6632,36.1176
6572,8.9780
6573,8.5559
6633,36.5869
6634,35.7150
6574,8.8052
6575,8.5041
6635,37.2937
6636,35.8230
6576,8.7193
6637,36.7459
6577,9.0319
6638,36.9375
6578,8.6784
6639,36.2981
6579,8.7508
6640,36.1742
6580,8.8035
6581,8.5766
6641,36.7543
6642,35.6780
6582,8.8998
6643,36.6403
6583,8.9678
6584,7.4469
6644,37.5409
6585,8.8169
6645,35.4566
6646,36.5502
6586,8.9170
6587,8.7089
6647,36.5262
6588,8.6693
6648,36.8418
6649,35.9078
6589,8.7975
6590,8.6160
6650,37.0108
6651,35.7062
6591,8.7648
6652,37.0401
6592,8.7223
6593,8.5173
6653,37.1513
6654,35.3001
6594,8.6078
6655,36.0362
6595,8.9006
6656,36.9576
6596,8.8803
6657,36.3623
6597,8.9468
6658,36.8823
6598,8.8311
6599,8.6519
6659,37.2799
6660,36.2211
6600,8.8802
6661,36.3203
6601,8.7568
6662,36.5810
6602,8.7174
6603,8.6722
6663,36.7838
6664,36.9009
6604,8.5645
6605,8.4543
6665,36.3966
6666,35.7679
6606,8.9891
6667,37.4629
6607,9.2016
6608,8.7269
6668,36.7993
6609,8.7345
6669,36.5545
6610,8.6445
6670,35.9679
6671,35.7067
6611,8.9033
6672,36.2254
6612,8.6648
6673,36.6371
6613,8.7503
6614,8.7146
6674,36.7842
6675,35.9904
6615,8.9297
6616,8.6165
6676,37.2936
6617,8.6227
6677,36.5768
6678,35.7531
6618,8.8658
6679,36.6587
6619,9.1740
6620,8.6065
6680,37.5606
6621,8.6518
6681,35.9713
6622,8.6172
6682,36.0053
6683,35.4797
6623,7.8626
6684,36.6524
6624,8.7150
6685,36.9299
6625,8.7600
6686,37.0639
6626,8.6455
6627,8.5399
6687,36.7523
6628,8.7220
6688,36.0925
6689,35.9215
6629,9.1098
6630,8.8326
6690,36.8219
6691,36.2230
6631,8.7639
6632,8.6582
6692,36.9794
6633,8.7099
6693,36.3195
6694,35.3590
6634,8.5839
6695,36.8566
6635,8.5971
6696,36.2703
6636,8.7792
6697,37.2771
6637,8.5685
6638,8.7245
6698,36.8987
6699,37.0373
6639,8.9518
6640,8.3366
6700,38.1917
6641,8.5277
6701,35.5731
6642,8.6674
6702,36.4280
6703,36.4293
6643,8.7808
6644,8.4727
6704,37.2821
6645,8.3878
6705,36.3796
6646,8.4425
6706,36.1007
6647,8.5221
6707,35.9868
6708,36.2618
6648,8.6403
6709,36.4813
6649,9.0570
6650,8.3855
6710,37.9887
6651,8.5453
6711,35.5526
6652,8.4809
6712,36.4726
6653,8.7563
6713,35.6590
6714,36.6503
6654,8.8639
6715,38.0546
6655,8.6654
6716,36.0553
6656,8.5113
6657,8.5042
6717,36.8466
6658,8.5579
6718,36.5635
6659,8.5358
6719,36.4175
6720,35.8728
6660,9.0681
6661,8.6456
6721,37.9748
6722,36.3076
6662,8.6053
6663,8.5335
6723,35.7724
6664,8.5119
6724,36.1565
6665,7.3728
6725,36.1734
6726,35.0595
6666,8.6335
6667,8.4461
6727,36.9337
6728,35.4355
6668,9.0069
6669,8.6981
6729,37.3835
6670,8.4456
6730,37.2926
6671,8.5861
6731,35.9325
6732,36.0530
6672,8.6860
6733,36.8945
6673,8.7198
6734,38.0458
6674,8.5181
6675,8.2563
6735,37.1184
6676,8.4325
6736,35.9219
6677,8.3909
6737,36.1306
6738,35.7133
6678,8.7700
6739,37.1097
6679,8.9113
6680,8.4332
6740,36.9562
6741,36.1962
6681,8.8050
6682,8.7534
6742,36.7472
6683,8.6454
6743,37.0893
6744,36.3620
6684,8.9966
6745,37.0731
6685,8.5344
6686,8.4954
6746,36.5696
6747,36.5953
6687,8.7173
6748,35.7005
6688,8.4207
6689,8.4677
6749,36.6568
6750,36.0977
6690,8.4696
6751,36.4413
6691,8.5404
6752,36.4853
6692,8.4835
6753,35.9876
6693,8.6196
6754,36.7348
6694,8.3698
6695,8.2860
6755,36.7632
6696,8.4709
6756,36.1334
6757,36.8321
6697,8.8527
6698,8.4763
6758,37.0885
6759,35.9682
6699,8.6868
6760,36.9472
6700,8.5372
6701,8.3713
6761,36.9198
6762,36.5009
6702,8.6922
6763,36.3991
6703,8.8431
6704,8.4249
6764,37.2023
6705,8.4533
6765,35.9725
6766,36.0684
6706,8.5339
6707,8.5003
6767,36.7675
6708,8.6872
6768,36.9797
6769,36.1881
6709,8.6170
6710,8.6273
6770,37.4809
6711,8.5520
6771,36.4162
6772,37.0748
6712,8.3841
6773,35.8538
6713,8.5787
6714,8.5572
6774,37.9733
6775,35.9103
6715,8.5910
6776,36.7688
6716,8.4571
6777,36.5298
6717,8.6230
6718,8.3710
6778,37.3778
6719,8.4476
6779,36.2793
6780,35.9268
6720,8.6745
6721,7.3128
6781,37.1949
6722,8.5719
6782,35.6915
6783,37.2432
6723,8.7213
6724,8.4682
6784,37.1062
6725,8.4690
6785,36.1873
6786,35.8585
6726,8.5533
6727,8.3873
6787,37.0049
6788,35.7335
6728,8.7371
6789,37.8310
6729,8.9641
6730,7.0597
6790,40.0631
6731,8.2057
6791,35.1888
6732,8.4522
6792,35.7050
6793,35.8940
6733,8.5603
6794,36.5550
6734,8.5979
6795,37.2516
6735,8.5719
6796,36.2415
6736,8.6981
6797,37.0245
6737,8.4847
6798,35.8579
6738,8.5851
6799,36.3369
6739,8.4716
6800,36.7391
6740,8.4773
6741,8.3433
6801,37.0383
6742,8.4519
6802,35.8323
6803,35.9658
6743,8.6687
6804,37.2489
6744,8.7081
6805,35.4350
6745,8.6195
6746,8.5458
6806,37.1203
6747,8.3745
6807,36.3402
6748,8.5083
6808,35.8118
6809,36.0775
6749,8.6278
6810,35.7930
6750,8.8848
6811,37.1676
6751,8.7973
6812,37.1647
6752,8.7381
6813,37.0649
6753,8.4853
6754,8.5128
6814,36.5633
6755,8.5099
6815,36.1561
6816,35.8704
6756,8.9235
6817,36.9817
6757,8.3909
6758,8.2706
6818,36.8504
6759,8.3856
6819,36.0560
6820,35.9691
6760,8.4096
6821,36.1906
6761,8.5572
6822,37.3490
6762,8.7069
6823,36.8202
6763,9.1720
6764,8.3574
6824,37.8453
6765,7.3640
6825,36.4865
6766,8.3360
6826,35.6365
6767,8.4993
6827,35.7325
6828,35.9438
6768,8.9200
6829,37.2500
6769,8.4127
6830,36.4400
6770,8.4032
6831,36.5802
6771,8.4300
6772,8.2813
6832,35.9665
6833,35.6937
6773,8.5673
6834,35.6510
6774,8.4942
6835,36.8767
6775,8.5704
6836,37.5926
6776,8.6293
6777,8.3624
6837,37.0091
6778,8.4245
6838,35.7691
6839,36.4457
6779,8.3807
6840,36.4411
6780,8.4111
6781,8.3787
6841,37.5155
6782,8.4608
6842,36.8453
6843,36.3481
6783,8.4247
6844,36.1502
6784,8.6613
6845,35.8690
6785,8.7695
6846,37.0867
6786,8.4602
6787,8.3930
6847,37.0330
6788,8.3147
6848,35.1623
6849,35.7857
6789,8.4872
6790,8.3005
6850,36.9252
6851,35.9564
6791,8.7514
6852,36.8162
6792,7.1130
6853,35.8698
6793,8.3723
6794,8.4187
6854,37.1842
6855,36.9120
6795,8.6069
6856,37.3809
6796,8.5269
6857,36.4077
6797,8.4695
6798,8.3796
6858,37.0069
6859,36.0297
6799,8.5703
6860,37.1773
6800,8.5998
6801,8.4342
6861,36.5001
6862,36.0934
6802,7.2555
6863,36.0225
6803,8.6823
6804,8.5662
6864,37.7013
6865,36.1344
6805,9.0397
6866,38.1434
6806,8.7385
6867,37.3220
6807,8.5726
6808,8.5719
6868,37.0135
6869,36.1799
6809,8.6981
6870,37.5154
6810,8.5942
6811,8.4391
6871,37.5084
6872,36.2892
6812,8.3674
6873,36.6648
6813,8.6252
6874,36.8390
6814,8.5509
6875,36.2704
6815,8.7843
6876,36.8883
6816,8.6713
6817,8.4943
6877,38.3349
6818,8.5551
6878,36.2653
6879,36.8804
6819,8.9628
6820,8.7025
6880,38.0978
6821,8.4865
6881,36.9090
6882,35.7939
6822,8.6708
6883,37.0730
6823,8.4123
6824,8.5826
6884,36.6681
6885,36.3921
6825,8.5185
6826,8.4702
6886,36.9800
6827,8.4284
6887,36.6184
6888,35.7421
6828,8.9082
6829,8.6053
6889,38.5073
6830,8.5750
6890,36.9889
6891,37.2026
6831,8.7159
6892,36.5161
6832,8.5817
6833,8.4824
6893,37.3087
6894,36.2591
6834,8.4818
6835,8.4998
6895,37.2431
6836,8.5790
6896,36.9521
6897,36.7317
6837,8.7426
6838,8.3109
6898,38.2739
6839,8.6052
6899,36.1869
6900,36.9881
6840,8.5520
6901,37.5576
6841,8.5164
6842,8.5466
6902,36.4282
6903,36.0920
6843,8.8775
6844,8.3827
6904,37.5671
6845,8.5144
6905,36.1749
6906,36.2847
6846,8.4719
6847,8.5228
6907,36.9168
6848,8.7016
6908,36.4054
6909,38.0118
6849,8.6088
6850,8.4086
6910,37.0287
6851,8.2477
6911,36.3259
6912,35.4321
6852,8.5556
6913,37.3385
6853,8.8403
6854,8.4295
6914,37.3963
6855,8.5407
6915,42.1564
6856,8.5791
6916,37.2944
6857,8.2967
6917,36.5934
6918,36.4404
6858,8.4027
6859,8.6259
6919,36.0727
6920,36.3948
6860,8.7906
6861,8.4167
6921,37.3215
6862,8.3913
6922,36.6226
6863,8.6495
6923,36.1053
6864,7.3457
6924,37.2546
6925,35.5293
6865,8.4969
6926,37.1515
6866,8.5603
6867,8.2106
6927,37.5193
6928,35.8146
6868,7.4636
6929,35.4235
6869,8.2796
6930,36.8184
6870,8.4082
6871,8.3580
6931,37.6349
6932,35.8229
6872,8.8167
6873,8.4907
6933,36.9189
6874,8.1156
6934,37.2392
6875,8.4205
6935,36.0769
6936,36.8144
6876,8.5001
6877,8.4496
6937,37.1833
6938,37.3316
6878,8.5364
6879,8.1908
6939,36.8931
6880,8.3832
6940,35.6882
6881,8.3508
6941,36.2085
6942,35.4868
6882,8.3786
6883,8.4690
6943,36.7772
6944,36.4696
6884,8.3303
6945,36.0729
6885,8.3757
6946,35.9783
6886,8.3408
6947,36.1488
6887,8.6642
6948,35.7099
6888,8.6885
6889,8.4862
6949,37.8227
6890,8.3210
6950,36.9822
6891,8.4910
6951,36.2571
6892,8.4476
6952,36.6714
6953,36.0147
6893,8.3806
6954,36.5750
6894,8.4353
6955,36.5182
6895,8.5237
6896,8.2437
6956,36.9015
6897,8.3626
6957,36.0219
6898,8.5467
6958,36.1785
6959,37.0696
6899,8.4178
6900,8.4770
6960,37.1350
6961,36.1931
6901,8.5719
6902,8.3553
6962,37.1937
6903,8.2889
6963,35.8672
6904,8.3090
6964,35.7875
6965,36.1563
6905,8.3920
6966,37.3992
6906,8.2626
6967,35.7328
6907,8.4112
6968,37.8712
6908,8.1919
6969,35.7140
6909,8.2919
6970,35.7677
6910,8.2217
6971,35.8838
6911,8.3057
6972,37.3012
6912,8.7033
6973,36.2751
6913,8.3398
6914,8.2481
6974,37.5496
6915,8.4132
6975,35.5754
6976,36.4138
6916,8.5795
6977,36.6326
6917,8.6631
6918,8.6177
6978,36.8288
6979,37.0621
6919,8.8552
6920,8.3996
6980,37.7645
6921,8.2911
6981,36.5129
6922,8.4896
6982,36.1726
6923,8.2725
6983,36.7270
6984,35.9384
6924,8.3674
6985,36.6790
6925,8.2695
6986,36.2933
6926,8.3025
6927,8.1622
6987,36.6124
6988,35.5427
6928,8.4993
6989,37.7495
6929,11.0092
6990,36.0468
6930,10.8953
6991,36.5478
6931,10.5710
6992,37.1928
6932,8.8681
6933,8.4328
6993,36.6320
6994,35.5076
6934,8.4617
6935,8.3560
6995,37.0402
6996,36.2356
6936,8.3839
6937,8.2742
6997,36.8631
6938,8.2551
6998,36.2387
6939,7.0935
6999,36.3339
7000,35.3820
6940,8.3471
7001,37.7318
6941,8.3470
7002,36.3136
6942,8.4708
6943,8.3478
7003,37.6058
7004,35.9327
6944,8.3902
6945,8.3868
7005,37.3276
6946,8.3494
7006,36.4023
7007,36.1857
6947,8.4778
7008,37.6340
6948,8.7382
6949,8.3451
7009,37.0263
6950,8.3265
7010,36.2802
6951,8.4358
7011,37.0415
7012,36.2599
6952,8.6168
7013,36.8096
6953,8.4427
7014,36.3788
6954,8.4654
6955,8.5431
7015,37.5776
6956,8.3760
7016,37.1158
7017,36.6448
6957,8.5849
7018,36.0709
6958,8.3944
7019,36.5916
6959,8.5612
7020,36.9940
6960,8.7432
6961,8.3401
7021,36.9128
6962,8.3924
7022,37.0840
6963,8.3756
7023,36.0085
7024,35.9630
6964,8.3020
7025,36.1737
6965,8.6166
7026,36.4073
6966,8.3598
7027,37.6429
6967,8.5124
6968,8.3448
7028,36.4588
6969,8.5227
7029,36.5248
7030,37.1952
6970,7.2977
7031,35.5885
6971,8.6902
6972,8.3303
7032,37.5450
6973,8.5708
7033,36.0112
7034,36.0150
6974,8.8560
6975,8.3391
7035,37.8439
6976,8.6466
7036,36.1553
7037,37.2423
6977,8.4266
7038,37.1437
6978,8.4539
6979,8.4375
7039,36.9903
7040,35.9184
6980,8.8462
6981,8.3931
7041,37.6329
7042,36.2367
6982,8.4418
6983,8.3824
7043,38.4431
7044,35.8705
6984,8.4545
6985,8.5928
7045,37.4044
7046,37.3648
6986,8.9568
6987,8.1144
7047,37.7535
6988,8.1349
7048,35.4472
6989,8.5054
7049,35.4836
7050,37.1023
6990,8.3977
6991,8.3811
7051,36.4617
7052,36.0726
6992,8.8190
6993,8.3236
7053,38.0808
6994,8.4071
7054,36.4727
6995,7.1997
7055,36.4827
7056,35.9153
6996,8.4536
7057,36.3679
6997,8.4335
7058,36.4413
6998,8.2391
6999,8.3635
7059,36.6718
7000,8.3142
7060,35.6504
7061,36.0105
7001,8.3983
7062,36.1974
7002,8.4948
7063,37.3815
7003,8.3399
7064,36.9119
7004,8.2112
7005,8.2180
7065,36.1768
7006,8.2278
7066,36.0567
7067,36.1481
7007,8.4605
7068,36.2541
7008,8.3333
7069,36.5592
7009,8.2543
7010,8.4990
7070,36.1027
7071,37.3187
7011,8.4398
7012,8.3925
7072,36.2820
7073,36.0953
7013,8.3130
7074,36.7093
7014,8.5740
7075,37.4320
7015,8.3935
7016,8.3088
7076,37.1079
7017,8.3356
7077,36.8192
7018,8.3034
7078,36.4787
7079,35.9858
7019,8.1683
7080,36.5134
7020,8.3594
7081,36.9107
7021,8.5911
7022,8.1384
7082,37.4916
7023,8.1726
7083,35.4295
7024,8.1090
7084,36.1399
7025,8.5391
7085,36.0019
7086,36.8746
7026,8.7745
7087,37.1821
7027,8.3104
7028,8.4788
7088,36.4364
7029,8.3171
7089,37.1322
7030,8.3527
7090,36.8185
7031,8.3657
7091,36.2185
7092,36.2839
7032,8.7671
7033,8.3838
7093,37.2040
7094,36.2525
7034,8.7170
7035,8.6230
7095,36.9376
7096,36.8963
7036,8.4735
7037,8.4643
7097,36.3037
7098,36.2784
7038,8.7506
7039,8.4456
7099,37.3352
7040,8.3983
7100,36.1802
7101,35.4750
7041,8.7939
7102,36.0234
7042,9.0810
7043,8.4055
7103,37.8985
7104,35.7101
7044,8.5683
7045,8.4012
7105,37.8173
7106,35.9182
7046,8.5754
7107,35.8210
7047,8.5395
7108,36.8901
7048,8.8299
7049,8.5149
7109,37.0611
7110,35.8875
7050,8.7783
7111,36.8528
7051,8.5588
7052,8.4786
7112,38.7927
7113,36.4100
7053,8.9967
7054,9.0609
7114,37.0490
7055,8.7649
7115,36.6458
7116,37.0384
7056,8.8318
7117,38.9972
7057,8.7441
7058,8.5172
7118,37.0222
7059,8.8502
7119,36.3419
7060,8.4757
7120,37.2508
7061,8.4538
7121,35.9012
7122,35.8109
7062,8.5555
7123,36.8206
7063,8.6136
7124,36.6597
7064,8.5126
7065,8.6517
7125,36.6918
7126,36.8979
7066,8.5529
7067,8.5789
7127,36.0849
7128,35.8547
7068,8.8968
7069,8.6673
7129,37.2995
7130,36.4347
7070,8.5968
7131,36.2865
7071,8.8241
7132,36.3170
7072,8.7021
7073,8.6483
7133,37.0908
7134,36.6452
7074,8.9438
7135,36.2215
7075,9.1932
7076,8.7213
7136,36.7199
7077,9.0782
7137,35.4968
7138,36.7382
7078,8.8811
7139,36.5267
7079,8.8647
7080,9.0124
7140,37.3682
7141,36.6472
7081,8.8753
7082,10.2849
7142,37.1578
7083,10.0736
7143,36.7307
7144,36.5024
7084,9.9011
7145,37.1315
7085,9.9954
7086,10.0707
7146,37.1714
7147,36.5219
7087,10.0923
7088,10.0973
7148,37.9628
7149,37.3550
7089,10.2074
7090,9.9470
7150,36.9258
7151,35.9317
7091,9.9056
7152,36.7604
7092,10.4114
7153,37.0097
7093,9.7953
7094,9.9431
7154,37.2500
7155,36.6976
7095,10.1390
7156,36.8429
7096,10.1050
7157,37.3539
7097,10.0567
7158,36.3516
7098,10.2690
7159,37.3729
7099,9.6217
7100,9.6058
7160,37.0676
7101,9.4422
7161,36.5325
7162,35.7142
7102,9.9433
7163,36.6815
7103,9.8752
7164,36.8693
7104,9.4726
7165,36.8994
7105,9.4574
7166,36.6401
7106,9.5986
7167,36.6358
7107,9.7836
7168,36.2314
7108,9.8052
7169,37.1139
7109,9.8936
7110,9.9567
7170,37.2595
7171,35.7011
7111,11.0347
7172,37.2220
7112,8.7912
7113,8.3957
7173,36.7847
7174,36.2546
7114,8.0605
7115,8.3657
7175,37.4490
7116,8.4882
7176,36.5182
7177,37.2009
7117,8.5859
7178,37.2144
7118,8.4875
7179,37.4919
7119,8.6278
7120,8.5601
7180,37.4383
7181,37.2892
7121,8.2558
7122,8.3692
7182,37.3445
7123,8.4211
7183,36.8812
7184,36.5627
7124,8.5461
7185,36.5830
7125,8.4702
7186,37.7972
7126,8.5643
7187,36.9819
7127,8.4330
7188,36.8388
7128,8.5522
7189,37.0200
7129,8.3354
7130,8.3339
7190,36.2667
7191,36.2621
7131,8.4764
7192,36.4822
7132,8.1669
7133,8.3508
7193,36.3205
7194,36.5260
7134,8.0766
7135,8.2659
7195,38.5222
7196,36.7665
7136,8.3760
7137,8.3773
7197,36.9062
7198,35.9375
7138,8.2746
7139,8.3067
7199,36.1916
7200,36.5696
7140,8.2921
7201,36.6445
7141,8.1965
7202,38.5642
7142,8.3750
7203,35.7749
7143,8.3837
7144,8.3274
7204,37.1377
7205,36.2287
7145,8.1261
7146,8.3561
7206,37.0723
7207,36.8561
7147,8.4743
7208,37.1715
7148,8.1888
7149,8.3522
7209,39.1487
7210,36.0228
7150,8.6941
7151,8.4283
7211,37.7561
7212,36.6689
7152,8.1718
7153,8.4082
7213,38.2738
7214,36.0139
7154,8.2928
7215,37.4988
7155,8.5456
7156,8.2936
7216,36.6866
7157,8.4052
7217,36.7515
7218,37.5990
7158,8.5553
7219,37.1129
7159,8.4969
7220,36.4639
7160,8.4628
7221,37.6018
7161,8.6570
7222,37.4046
7162,8.4778
7163,8.3343
7223,38.1714
7224,36.0236
7164,8.3126
7165,8.3895
7225,37.4276
7166,8.4619
7226,37.0981
7227,36.2983
7167,8.2599
7168,8.4197
7228,38.3519
7169,8.3483
7229,36.5242
7230,36.2378
7170,8.4685
7231,36.4600
7171,7.3113
7172,8.2205
7232,36.7428
7173,8.3133
7233,36.4350
7234,35.4401
7174,7.2906
7175,8.1731
7235,37.6906
7176,8.2888
7236,36.5968
7177,8.3629
7237,36.2147
7238,36.0527
7178,8.1720
7179,8.2372
7239,37.3324
7240,35.8693
7180,8.4454
7241,37.4313
7181,7.7217
7182,8.2595
7242,37.6590
7243,37.0086
7183,8.5574
7244,36.3820
7184,8.1864
7245,37.1358
7185,8.2721
7246,35.9986
7186,8.3700
7247,37.1432
7187,8.3941
7248,36.9520
7188,8.2619
7249,36.7078
7189,8.1753
7250,35.8307
7190,8.2307
7251,37.0467
7191,8.5029
7252,37.0587
7192,8.4168
7193,8.3322
7253,37.8973
7254,37.1335
7194,8.2682
7255,37.5621
7195,8.4845
7196,8.3056
7256,37.2945
7257,35.7015
7197,8.0887
7258,36.3896
7198,8.3712
7259,36.3336
7199,7.9566
7200,8.2423
7260,36.8993
7201,8.4537
7261,36.8834
7262,36.8367
7202,8.6642
7263,37.7059
7203,8.6103
7204,8.4642
7264,40.3132
7265,37.4796
7205,8.5373
7266,37.4433
7206,8.2724
7207,8.3211
7267,37.1988
7208,8.4162
7268,37.3401
7209,8.4657
7269,36.9040
7270,37.1009
7210,7.8916
7211,8.2447
7271,38.1951
7212,8.2948
7272,36.7327
7273,37.1928
7213,8.3790
7274,37.2168
7214,8.3653
7215,8.2443
7275,37.4314
7276,36.2756
7216,8.2921
7217,8.2156
7277,37.0066
7278,36.0185
7218,8.3039
7219,8.2168
7279,36.9719
7220,8.2666
7280,38.7080
7281,35.8556
7221,8.3680
7282,37.3500
7222,8.0701
7223,8.2327
7283,37.0380
7284,37.2080
7224,8.3458
7225,8.1527
7285,37.5410
7286,36.1461
7226,8.5424
7287,37.0950
7227,8.5465
7288,36.9355
7228,8.3300
7289,37.7850
7229,8.2060
7290,37.6177
7230,8.4446
7291,37.3009
7231,8.2326
7232,8.3608
7292,36.9571
7233,8.4526
7293,37.0080
7294,36.7059
7234,8.3026
7295,37.4170
7235,8.2522
7296,36.9353
7236,8.5647
7297,36.6227
7237,8.2257
7298,36.4488
7238,8.3132
7299,36.7100
7239,8.2468
7240,8.2993
7300,37.6621
7301,36.9458
7241,8.3680
7302,37.1468
7242,8.1880
7303,36.5293
7243,8.3173
7304,36.7599
7244,8.1819
7245,8.3997
7305,37.9426
7306,36.7683
7246,8.2737
7307,37.4081
7247,8.0863
7248,7.9855
7308,36.6411
7309,36.2988
7249,8.3561
7310,36.9739
7250,8.1494
7311,36.5014
7251,7.6291
7252,8.0412
7312,37.6099
7313,35.4418
7253,8.3431
7314,37.3704
7254,8.0544
7315,37.7191
7255,8.3292
7316,37.5077
7256,8.1945
7317,36.3496
7257,8.1376
7318,35.9477
7258,8.1351
7319,37.2548
7259,8.0767
7320,36.5396
7260,8.1942
7321,37.6184
7261,8.2768
7322,36.2762
7262,7.5332
7263,8.0533
7323,37.0769
7324,36.2316
7264,8.1399
7325,36.3027
7265,8.0655
7326,36.5869
7266,8.0587
7327,37.4315
7267,8.0808
7328,35.7077
7268,8.0872
7329,36.4193
7269,8.0989
7330,36.2433
7270,7.5558
7331,38.4015
7271,8.4220
7332,38.0772
7272,7.8058
7333,37.9376
7273,8.0459
7334,36.5756
7274,8.1978
7335,36.3341
7275,8.2482
7336,36.8600
7276,8.1345
7337,36.9372
7277,8.0834
7278,8.1182
7338,36.9775
7339,36.5598
7279,7.9932
7340,37.0229
7280,7.9927
7341,36.3134
7281,7.8166
7282,8.0338
7342,37.9736
7343,36.1953
7283,8.0528
7344,36.4887
7284,7.9646
7345,36.4936
7285,8.0483
7286,8.0924
7346,37.4784
7347,35.6639
7287,8.2222
7348,37.0507
7288,7.6212
7349,38.2645
7289,8.3050
7350,36.7852
7290,8.1688
7351,36.5787
7291,8.5024
7352,36.6121
7292,7.8795
7293,8.1893
7353,36.4159
7354,36.4704
7294,8.0906
7355,37.6035
7295,8.1501
7356,36.0874
7296,8.3905
7357,37.8968
7297,8.1383
7358,36.3516
7298,8.1911
7359,36.8950
7299,8.3696
7360,37.0336
7300,8.0228
7301,8.1529
7361,36.6405
7362,36.4618
7302,8.0396
7303,8.1951
7363,37.8048
7364,35.7612
7304,8.1007
7365,37.0789
7305,8.1620
7366,37.1857
7306,7.9266
7307,8.2933
7367,36.8976
7368,36.0206
7308,8.1422
7369,36.5651
7309,8.0162
7370,37.6654
7310,7.9287
7311,8.1350
7371,37.4853
7372,36.5727
7312,8.0311
7373,37.1215
7313,8.0506
7374,36.7973
7314,8.2259
7375,36.8001
7315,8.2329
7376,37.5679
7316,8.1148
7377,37.3130
7317,8.3813
7378,37.3071
7318,8.0325
7379,37.7918
7319,8.3996
7380,37.2528
7320,8.0689
7321,8.0774
7381,37.8205
7382,36.0453
7322,8.1936
7323,8.1239
7383,37.5849
7384,36.2170
7324,7.9939
7325,8.1189
7385,38.2788
7386,37.1031
7326,8.3192
7387,37.1668
7327,8.3184
7388,37.8710
7328,7.6922
7389,36.8488
7329,8.4476
7390,37.4129
7330,7.9296
7331,8.3462
7391,37.4490
7392,36.7890
7332,8.2739
7333,8.0712
7393,37.0221
7394,36.6580
7334,7.9869
7395,35.7408
7335,7.5901
7336,7.9928
7396,37.5370
7397,36.1386
7337,7.9669
7338,7.9929
7398,37.3364
7399,36.8103
7339,8.3262
7400,38.4146
7340,7.9557
7341,8.2744
7401,37.2286
7342,8.2397
7402,39.5081
7403,36.9776
7343,7.6386
7404,38.0902
7344,8.5417
7405,37.2978
7345,7.9334
7346,8.1934
7406,37.8763
7407,36.9164
7347,8.3687
7348,8.2299
7408,36.8713
7409,37.2221
7349,8.1419
7350,8.2131
7410,37.5532
7411,36.4388
7351,7.9279
7352,8.2391
7412,37.6446
7413,36.1156
7353,7.6689
7354,8.1329
7414,37.7655
7355,8.2973
7415,37.5680
7416,36.9425
7356,8.2661
7417,37.1012
7357,8.0324
7358,8.2749
7418,37.9726
7419,37.7773
7359,8.0875
7420,37.1202
7360,8.3187
7421,37.3584
7361,7.4693
7362,8.1568
7422,43.7305
7363,8.2936
7423,36.9770
7364,8.1313
7424,37.4078
7365,8.1375
7425,36.4083
7366,8.2472
7426,36.4612
7427,36.5996
7367,7.7518
7368,8.1551
7428,37.2936
7429,36.2584
7369,7.8242
7430,36.6987
7370,8.0072
7371,7.9960
7431,37.4164
7372,8.1345
7432,36.0387
7373,8.2013
7433,37.0290
7434,36.8371
7374,8.1720
7375,8.3958
7435,37.8112
7436,37.1537
7376,8.1157
7437,37.8247
7377,7.9297
7378,8.0976
7438,38.2361
7379,8.1273
7439,36.8124
7380,8.2298
7440,36.2294
7441,36.9160
7381,8.1591
7382,8.3355
7442,37.1252
7443,37.4119
7383,8.1315
7444,36.8283
7384,8.2594
7385,8.2174
7445,36.4182
7386,8.1570
7446,37.3746
7447,36.9368
7387,8.0917
7388,8.1777
7448,36.6487
7449,37.0666
7389,8.1079
7450,37.5508
7390,8.0359
7391,8.2004
7451,37.3479
7452,36.8357
7392,8.0123
7393,8.0524
7453,38.2067
7394,8.1231
7454,36.6925
7455,36.0764
7395,8.1987
7456,37.3213
7396,8.0400
7397,8.1645
7457,37.6107
7458,36.9179
7398,8.2458
7459,37.5010
7399,8.0356
7400,7.9580
7460,36.7688
7401,8.0621
7461,36.1614
7462,36.2019
7402,8.3750
7463,37.4778
7403,8.0233
7404,8.1154
7464,37.7068
7465,35.9994
7405,8.0295
7466,38.0454
7406,8.1532
7407,8.0668
7467,37.3518
7468,36.0610
7408,7.7592
7409,8.1722
7469,38.0883
7410,8.1530
7470,37.6943
7471,36.9242
7411,8.1140
7472,36.5773
7412,7.8606
7473,36.9021
7413,8.3356
7474,38.0272
7414,8.3090
7475,37.0378
7415,8.0434
7476,37.7463
7416,8.1294
7477,36.8200
7417,8.3619
7478,37.2640
7418,8.1157
7479,37.5016
7419,8.2692
7420,8.0925
7480,37.7434
7481,36.3619
7421,8.0602
7422,8.2116
7482,38.1587
7483,37.3041
7423,7.9107
7424,8.1752
7484,37.5514
7485,36.0946
7425,8.2138
7486,36.4353
7426,7.5000
7427,8.2240
7487,37.4021
7428,8.1630
7488,38.5308
7489,36.7682
7429,7.9234
7430,8.2086
7490,36.9888
7491,37.5004
7431,8.2410
7432,8.2122
7492,37.2433
7493,36.6437
7433,7.9263
7434,8.0857
7494,37.2107
7495,36.9270
7435,7.5833
7496,37.0121
7436,6.7236
7497,37.3446
7437,6.7017
7498,36.3070
7438,6.6777
7499,35.6669
7439,7.0475
7440,6.7460
7500,37.2453
7501,36.0693
7441,6.9959
7502,36.9413
7442,7.0069
7443,6.6609
7503,37.6352
7504,36.0806
7444,7.0170
7445,6.7434
7505,37.4904
7506,36.0118
7446,7.2855
7507,36.3864
7447,7.1482
7508,36.7657
7448,7.4709
7509,36.7882
7449,7.0346
7510,37.3884
7450,7.4410
7511,38.1822
7451,6.6900
7452,6.7484
7512,36.3812
7513,36.2036
7453,6.9296
7514,36.9823
7454,7.0006
7515,36.4971
7455,6.7890
7456,6.5115
7516,37.5985
7457,6.7453
7517,35.4905
7518,36.8231
7458,6.8205
7519,36.5215
7459,6.9102
7460,6.6680
7520,36.6373
7521,35.7157
7461,6.8212
7522,37.9998
7462,6.9456
7523,37.4431
7463,6.7834
7524,36.3157
7464,7.0303
7525,36.4802
7465,7.6232
7526,36.6799
7466,7.2866
7527,37.0035
7467,7.3648
7528,36.5463
7468,6.8542
7469,6.7700
7529,39.2218
7530,36.0767
7470,7.3734
7531,36.5231
7471,7.0665
7532,37.3395
7472,6.9712
7533,36.7196
7473,7.0732
7474,6.8126
7534,37.6038
7535,36.2125
7475,6.9863
7536,36.7574
7476,7.1795
7477,6.7319
7537,37.8227
7538,36.6274
7478,6.9577
7539,36.2946
7479,6.7175
7540,36.6193
7480,6.7990
7541,36.8825
7481,7.3264
7482,6.8958
7542,37.1986
7483,6.9937
7543,36.8572
7544,35.8374
7484,6.7862
7545,36.2690
7485,6.8361
7546,37.0560
7486,7.6361
7487,6.7155
7547,37.7457
7548,36.2010
7488,7.0369
7549,36.7826
7489,6.8309
7550,37.1125
7490,7.0564
7551,37.4145
7491,6.8800
7552,37.3713
7492,6.6850
7553,36.3315
7493,6.8768
7554,37.4604
7494,7.0796
7495,6.7868
7555,37.6834
7556,36.5360
7496,7.1168
7557,37.5478
7497,6.9143
7558,37.2902
7498,7.3198
7499,7.2452
7559,37.0347
7560,36.5975
7500,7.2912
7561,36.2641
7501,6.8197
7562,36.9730
7502,7.3459
7563,37.6050
7503,6.7986
7504,6.6582
7564,36.7056
7565,35.4937
7505,7.1341
7566,37.9731
7506,7.0153
7507,6.5994
7567,36.6684
7508,6.6670
7568,35.8917
7569,35.9321
7509,7.3852
7570,36.8135
7510,7.4666
7511,6.6629
7571,37.2373
7572,35.8742
7512,7.4817
7513,6.6673
7573,39.7338
7574,36.0469
7514,6.9322
7575,37.6825
7515,6.6697
7516,6.6052
7576,36.7865
7517,6.6758
7577,36.1025
7578,36.5061
7518,6.9151
7579,36.3654
7519,7.1663
7580,36.4175
7520,6.7640
7581,36.5869
7521,6.7844
7582,36.6689
7522,6.7503
7523,6.5942
7583,36.9899
7524,6.5592
7584,36.5705
7525,6.7452
7585,35.8439
7586,36.5606
7526,6.9696
7587,36.6712
7527,7.4961
7528,6.7567
7588,37.8244
7589,37.0894
7529,7.2342
7590,37.2083
7530,6.7479
7531,7.2941
7591,37.8574
7532,6.6067
7592,36.8870
7593,36.3885
7533,7.0207
7594,36.6748
7534,7.1183
7595,37.5380
7535,6.8750
7536,6.6168
7596,37.3671
7537,6.9143
7597,35.9315
7598,36.6466
7538,6.7433
7599,37.2102
7539,6.7857
7600,36.1505
7540,6.8143
7601,35.9537
7541,6.8283
7602,36.5617
7542,6.7893
7543,6.7011
7603,37.3259
7544,7.1230
7604,36.5749
7605,36.2221
7545,6.8618
7606,35.9429
7546,6.9650
7607,36.5284
7547,6.7742
7608,36.6745
7548,6.8196
7609,37.6807
7549,7.0239
7610,37.3135
7550,6.9709
7611,36.5219
7551,7.3761
7552,6.6154
7612,37.7020
7553,6.8614
7613,36.0324
7614,35.8155
7554,7.0581
7615,37.2451
7555,7.7322
7616,37.3140
7556,7.3530
7617,36.3143
7557,7.4332
7618,36.5262
7558,7.0489
7619,35.8120
7559,7.7776
7620,36.4723
7560,7.3251
7621,36.1620
7561,7.5836
7622,35.4318
7562,6.8315
7623,34.9514
7563,7.7831
7564,6.8454
7624,35.9526
7625,35.2325
7565,7.2896
7626,36.6567
7566,6.7321
7627,34.6225
7567,6.9562
7628,35.7953
7568,6.8462
7629,34.6216
7569,7.2408
7630,36.7656
7570,7.0419
7631,35.7757
7571,7.0607
7632,36.6578
7572,7.0151
7633,36.3155
7573,7.0869
7574,6.6886
7634,36.4419
7635,35.0273
7575,7.0632
7636,36.4038
7576,7.3930
7637,35.4212
7577,6.6834
7638,34.7439
7578,6.9553
7639,36.8508
7579,6.9517
7580,6.7413
7640,35.9621
7641,36.1546
7581,7.2176
7582,6.6476
7642,36.4239
7583,6.7483
7643,35.3720
7644,34.5856
7584,6.9697
7585,6.6105
7645,36.2994
7646,34.5221
7586,7.1714
7647,36.8524
7587,7.5591
7648,36.4582
7588,6.6642
7649,35.0769
7589,7.1641
7650,35.7467
7590,6.8118
7651,35.7333
7591,7.1317
7652,35.7661
7592,7.2171
7593,6.6902
7653,36.5096
7654,34.5286
7594,7.0450
7655,35.7260
7595,7.0481
7656,36.0087
7596,6.7119
7657,35.7322
7597,6.9961
7658,35.9842
7598,6.7022
7659,35.1935
7599,7.1123
7660,35.8046
7600,6.9943
7661,35.6600
7601,6.7910
7662,34.8390
7602,7.0609
7603,6.8018
7663,36.7941
7664,35.1958
7604,6.7863
7665,35.7770
7605,6.8565
7666,36.3929
7606,7.0410
7667,35.3819
7607,7.7108
7608,6.7024
7668,36.5923
7669,35.6602
7609,6.7977
7670,35.4877
7610,7.2158
7671,36.1503
7611,6.7191
7672,35.4739
7612,7.0078
7673,35.7900
7613,6.8789
7674,36.2154
7614,7.1287
7675,36.4425
7615,7.0831
7616,6.8550
7676,35.4849
7677,35.5473
7617,7.1899
7678,35.6381
7618,7.2576
7619,6.6678
7679,36.3464
7680,34.3436
7620,7.6766
7681,36.3967
7621,6.7624
7682,35.0655
7622,7.3356
7683,35.3435
7623,6.7737
7684,36.0354
7624,6.9870
7685,35.7591
7625,7.7531
7686,36.6097
7626,7.0182
7687,35.9612
7627,7.1772
7688,35.9893
7628,7.1185
7689,36.1414
7629,6.8127
7690,36.0749
7630,6.8222
7691,35.5332
7631,7.4157
7692,35.8458
7632,6.7201
7693,35.1789
7633,7.1427
7694,36.2310
7634,6.8162
7695,35.5781
7635,7.0640
7696,35.8579
7636,7.0105
7697,37.1555
7637,7.2496
7638,6.7544
7698,35.8231
7699,36.1109
7639,7.6721
7640,6.9073
7700,36.9068
7701,34.8616
7641,7.1519
7702,36.0474
7642,6.9129
7703,36.5114
7643,7.3356
7704,37.3995
7644,7.6780
7645,6.7386
7705,35.9574
7706,34.7512
7646,7.1266
7707,35.3731
7647,7.6218
7708,36.1469
7648,6.9939
7709,35.3517
7649,6.8381
7710,36.4579
7650,7.2720
7711,36.5048
7651,7.6058
7712,35.6222
7652,7.1756
7653,7.0704
7713,36.6046
7654,6.7036
7714,34.8938
7715,35.2061
7655,6.7625
7716,35.0542
7656,7.2950
7717,36.6198
7657,6.7829
7718,36.0193
7658,6.8928
7719,35.0922
7659,7.0650
7720,36.9516
7660,6.7547
7721,34.8024
7661,7.1210
7722,36.5853
7662,6.7033
7723,35.1758
7663,7.0581
7664,6.6493
7724,37.1344
7725,35.3710
7665,6.9199
7726,35.1750
7666,7.2968
7727,37.2969
7667,6.7724
7728,35.7220
7668,7.0272
7669,6.6328
7729,37.1677
7670,6.7155
7730,35.5442
7731,35.6937
7671,7.0819
7672,6.7194
7732,36.8705
7733,35.4997
7673,9.1251
7734,38.0655
7674,9.7950
7735,36.2525
7675,8.3069
7736,37.1079
7676,8.1858
7737,36.4096
7677,8.3372
7738,36.1429
7678,8.2698
7739,36.7514
7679,8.4326
7680,8.1494
7740,36.8737
7741,35.7268
7681,8.5449
7682,8.2545
7742,38.6429
7743,36.4205
7683,8.3939
7744,38.8754
7684,8.2920
7745,36.9932
7685,8.4847
7746,36.8936
7686,8.5596
7747,37.6947
7687,8.4603
7748,35.7805
7688,8.3101
7749,36.9287
7689,8.3389
7690,8.2073
7750,36.6673
7751,35.7991
7691,8.3350
7752,37.2061
7692,8.2958
7693,8.1552
7753,36.8149
7754,35.5487
7694,8.4665
7755,37.7605
7695,8.3210
7756,36.8395
7696,8.5745
7697,8.1118
7757,37.7369
7698,8.1594
7758,35.7017
7699,8.3435
7759,36.5776
7760,36.8156
7700,8.3528
7761,36.9155
7701,8.3797
7762,36.5692
7702,8.4943
7703,8.2839
7763,37.6275
7764,36.0797
7704,8.3677
7765,36.4487
7705,8.2947
7706,8.2668
7766,37.0507
7767,36.6135
7707,8.1679
7768,36.1556
7708,8.2894
7769,36.5969
7709,8.5878
7770,37.6411
7710,8.3375
7711,8.2803
7771,36.9129
7772,36.8876
7712,8.2932
7713,8.1532
7773,37.2021
7774,35.6864
7714,8.2922
7775,36.4887
7715,8.3561
7776,37.7354
7716,8.4687
7777,36.2703
7717,8.5793
7718,8.1268
7778,38.6902
7719,8.0583
7779,36.1349
7780,35.5541
7720,8.1494
7781,35.8189
7721,8.2455
7782,36.7072
7722,8.5039
7723,8.1703
7783,36.7541
7784,35.9023
7724,8.5208
7725,8.2405
7785,37.4855
7786,36.4890
7726,8.1279
7787,36.5856
7727,7.6262
7788,35.8655
7728,7.7563
7789,36.3665
7729,7.6591
7790,37.2940
7730,7.6048
7791,37.0193
7731,7.5547
7732,7.5714
7792,36.7386
7793,36.5136
7733,7.6060
7734,7.4579
7794,37.3856
7795,35.9826
7735,7.5912
7796,37.2071
7736,7.5928
7797,36.4351
7737,7.8570
7738,7.6002
7798,37.4043
7799,36.3662
7739,7.6848
7800,36.8048
7740,7.6871
7801,37.0474
7741,8.0673
7802,37.2220
7742,7.5715
7803,36.8137
7743,7.6004
7804,35.7980
7744,7.8436
7805,36.9610
7745,7.4764
7806,35.6288
7746,7.7499
7747,7.4987
7807,37.1409
7808,35.5252
7748,7.9016
7809,36.6119
7749,7.9842
7810,36.5805
7750,7.6949
7811,37.7666
7751,7.6216
7812,36.2266
7752,7.6546
7813,36.9901
7753,7.8471
7814,36.1045
7754,7.5472
7815,35.9268
7755,7.8161
7816,37.6538
7756,7.8728
7817,36.2851
7757,7.7101
7818,35.5247
7758,7.8837
7819,36.2409
7759,7.5284
7820,36.7297
7760,7.6701
7821,36.5835
7761,7.6806
7822,36.7341
7762,7.5877
7823,36.9080
7763,7.5982
7824,36.5702
7764,7.7261
7825,36.6569
7765,7.5749
7826,36.4922
7766,7.6273
7827,38.1620
7767,7.6510
7828,36.2116
7768,7.7089
7829,37.3362
7769,7.6765
7830,35.8711
7770,7.5742
7831,36.9411
7771,7.6455
7832,35.7699
7772,8.2666
7773,7.6122
7833,37.2782
7834,36.7730
7774,8.0919
7835,37.2980
7775,7.9323
7776,7.9796
7836,37.0643
7837,36.4273
7777,7.9014
7838,37.0399
7778,7.6741
7839,36.9833
7779,7.5838
7840,35.9900
7780,8.0539
7781,7.5912
7841,37.4168
7842,36.5728
7782,7.7618
7783,7.5443
7843,37.6307
7784,7.5476
7844,36.6906
7785,7.5152
7845,36.0248
7846,36.3268
7786,7.9473
7847,37.0203
7787,7.8074
7848,36.8963
7788,7.5302
7849,36.2842
7789,7.9059
7850,35.7915
7790,7.9126
7791,7.5133
7851,37.6222
7792,7.9619
7852,36.4932
7853,35.4154
7793,7.7266
7854,35.7632
7794,7.5906
7855,37.4502
7795,7.5493
7856,34.9774
7796,7.6207
7857,36.3717
7797,8.2201
7858,37.8385
7798,7.8653
7859,36.3597
7799,7.8925
7860,35.4774
7800,7.8542
7861,36.8562
7801,7.7219
7862,35.7694
7802,7.5181
7863,35.8709
7803,7.8591
7864,36.6574
7804,8.0146
7865,37.3739
7805,7.7201
7806,7.6322
7866,36.3858
7867,35.3056
7807,7.8766
7868,36.9128
7808,7.9289
7869,36.9400
7809,7.7378
7870,37.1831
7810,7.5602
7871,36.8257
7811,7.7049
7872,36.9603
7812,7.5657
7873,35.8019
7813,7.8329
7814,7.5990
7874,36.5556
7815,7.7434
7875,36.6011
7876,36.0572
7816,7.7447
7877,36.4710
7817,8.0081
7878,37.0563
7818,7.6678
7879,39.3111
7819,8.0328
7880,37.3593
7820,7.7078
7881,36.8249
7821,7.7709
7822,7.9976
7882,37.5573
7883,36.3723
7823,7.6810
7884,36.6156
7824,7.8253
7885,37.0980
7825,7.7675
7886,36.5354
7826,7.5313
7887,35.8641
7827,7.5038
7888,36.1901
7828,7.9151
7889,36.9283
7829,7.7365
7890,36.6148
7830,7.9828
7891,35.9668
7831,7.8619
7892,36.2688
7832,7.7135
7893,35.6886
7833,7.4979
7894,35.6940
7834,7.8541
7895,37.2741
7835,7.7117
7896,36.1573
7836,7.7844
7897,36.7183
7837,7.6053
7838,7.5399
7898,37.3492
7899,36.1540
7839,7.9310
7900,37.3820
7840,7.7469
7901,37.2717
7841,7.6703
7902,35.8994
7842,8.2273
7903,36.8749
7843,7.7055
7904,36.8307
7844,7.7665
7845,7.5575
7905,37.6364
7906,36.0117
7846,7.7404
7907,36.7315
7847,7.7597
7908,36.5727
7848,7.8318
7909,37.5454
7849,7.8848
7910,36.4243
7850,7.5942
7911,36.2418
7851,7.4686
7912,35.9073
7852,7.4500
7913,36.1648
7853,7.5582
7914,36.1467
7854,7.6271
7915,36.3883
7855,7.7407
7916,37.2969
7856,7.5135
7917,35.8429
7857,7.6629
7918,36.3324
7858,7.6238
7919,35.6791
7859,7.8424
7920,37.4551
7860,7.6359
7921,36.8066
7861,7.5652
7922,36.5447
7862,7.8691
7923,36.5970
7863,7.4969
7924,36.8626
7864,7.4175
7925,35.4873
7865,7.9604
7866,7.4465
7926,37.4744
7927,35.5825
7867,8.1344
7868,7.4317
7928,36.7334
7929,35.5401
7869,7.8375
7930,37.1287
7870,7.7949
7931,36.9693
7871,7.9151
7872,7.4114
7932,37.8412
7933,35.6153
7873,7.4145
7934,35.5652
7874,7.7554
7935,36.8888
7875,7.4982
7876,7.7579
7936,37.3760
7937,36.4778
7877,7.5896
7938,35.9252
7878,7.7288
7939,36.8569
7879,7.7292
7880,7.4107
7940,36.8394
7941,35.7850
7881,7.6312
7942,35.9287
7882,7.6414
7883,7.3755
7943,36.6717
7944,35.5745
7884,7.5764
7945,35.9045
7885,7.5400
7946,36.2073
7886,8.0442
7947,37.0229
7887,8.2340
7888,7.5000
7948,38.6559
7889,7.3861
7949,37.0994
7950,35.2110
7890,7.9748
7951,36.5672
7891,7.6422
7952,36.4594
7892,7.9030
7953,36.1067
7893,7.8107
7954,37.0424
7894,7.4439
7955,35.6273
7895,7.6523
7896,7.4383
7956,36.6064
7957,36.1496
7897,7.9285
7958,37.4576
7898,7.4140
7959,35.9196
7899,7.5873
7960,36.7665
7900,7.4663
7961,35.8430
7901,7.8417
7902,7.4697
7962,37.6154
7963,35.5444
7903,7.5241
7964,37.7077
7904,7.5209
7965,37.0318
7905,7.5225
7966,36.1118
7906,7.6764
7907,7.4495
7967,36.5421
7968,36.2033
7908,7.9561
7969,35.9180
7909,7.9071
7910,7.8053
7970,37.2480
7971,36.2437
7911,7.7047
7912,7.4357
7972,37.1933
7973,36.3938
7913,7.4408
7974,36.6846
7914,7.4841
7975,35.9702
7915,7.5755
7976,36.9735
7916,8.1156
7977,36.8907
7917,7.8583
7978,36.3741
7918,7.8348
7979,36.7329
7919,7.6422
7980,36.0779
7920,7.5489
7981,36.5714
7921,7.7155
7982,36.8724
7922,7.6185
7983,36.0174
7923,7.5968
7984,35.9189
7924,8.0368
7985,36.1956
7925,7.9085
7986,36.9017
7926,7.6838
7927,7.7874
7987,37.4803
7988,36.1202
7928,7.5896
7989,36.8341
7929,7.3323
7990,35.9794
7930,7.5241
7991,36.0961
7931,7.9747
7992,37.1357
7932,7.4577
7993,36.2131
7933,7.5215
7994,36.7417
7934,7.8584
7995,37.1500
7935,7.6119
7996,36.4462
7936,7.7435
7937,7.6100
7997,37.3681
7998,35.2455
7938,7.7887
7939,9.0511
7999,37.5402
8000,34.7484
7940,6.9258
8001,36.3569
7941,6.8330
8002,36.4964
7942,6.2397
8003,35.2624
7943,7.1359
7944,6.1046
8004,36.9234
8005,34.3937
7945,6.5883
8006,36.3091
7946,6.1735
8007,35.7200
7947,6.8741
7948,6.1383
8008,36.5853
8009,34.8665
7949,6.6216
7950,6.1338
8010,36.5488
8011,34.5762
7951,6.9384
8012,36.8017
7952,6.1363
8013,35.1931
7953,6.0773
8014,36.0079
7954,6.3513
8015,35.8068
7955,6.2412
8016,37.2377
7956,6.2592
8017,36.1982
7957,6.2305
8018,36.5306
7958,6.2612
8019,35.3465
7959,6.1365
8020,36.2067
7960,6.3668
8021,36.2107
7961,6.1492
8022,36.0600
7962,6.1767
8023,35.5939
7963,6.4646
8024,36.2616
7964,6.1587
8025,35.8196
7965,6.5832
8026,36.2275
7966,6.5623
8027,36.3121
7967,6.1424
8028,36.0772
7968,6.9655
8029,35.6355
7969,6.4881
8030,35.7685
7970,6.4509
8031,36.0193
7971,6.6759
8032,36.3380
7972,6.0478
8033,35.4609
7973,6.4458
8034,36.5244
7974,6.1905
8035,36.1779
7975,6.9356
7976,6.1102
8036,36.1760
8037,35.5129
7977,6.5936
8038,36.3836
7978,6.4632
8039,34.9457
7979,6.8657
8040,36.3573
7980,6.4667
8041,35.1294
7981,7.1800
8042,36.1102
7982,6.4376
8043,35.5173
7983,6.2520
8044,35.3899
7984,6.8001
8045,35.9103
7985,6.1287
8046,35.0978
7986,6.5926
8047,36.2449
7987,6.0059
8048,35.3150
7988,6.5935
8049,34.9337
7989,7.0227
8050,36.7489
7990,6.2468
8051,35.4960
7991,6.6689
8052,36.4196
7992,6.5915
7993,6.1856
8053,36.6505
8054,35.9125
7994,6.5102
8055,35.8194
7995,6.3137
8056,36.0458
7996,6.3755
8057,34.4746
7997,6.5304
8058,36.2202
7998,6.1939
8059,36.4345
7999,6.0011
8060,34.3235
8000,6.5932
8001,5.9970
8061,35.8486
8062,36.6284
8002,6.2538
8063,35.1490
8003,6.3668
8064,36.3047
8004,6.2891
8065,35.6667
8005,6.5486
8066,36.3812
8006,6.4290
8067,35.8800
8007,6.4142
8068,36.1516
8008,6.3918
8009,5.9710
8069,36.1428
8070,34.9458
8010,6.7567
8071,35.1768
8011,6.6931
8072,36.1600
8012,5.9627
8073,35.6696
8013,6.3538
8014,6.0179
8074,36.4580
8075,34.6435
8015,6.5701
8076,36.0280
8016,6.3667
8017,5.9628
8077,36.2572
8078,35.1781
8018,5.9987
8079,35.9080
8019,6.5042
8080,36.1395
8020,6.2102
8081,34.8109
8021,6.5531
8082,36.6905
8022,6.1213
8083,35.5413
8023,6.2419
8084,35.7185
8024,6.4301
8085,36.7422
8025,6.6284
8086,36.6831
8026,6.6307
8027,6.0678
8087,35.9393
8088,36.9917
8028,6.1335
8089,35.2279
8029,6.8616
8090,36.8952
8030,6.6371
8091,36.3173
8031,6.3683
8092,35.6845
8032,6.1335
8093,38.4812
8033,6.2498
8094,36.1821
8034,6.6170
8095,36.3989
8035,6.4882
8036,6.1052
8096,36.6523
8097,34.9588
8037,6.4272
8098,35.9620
8038,6.4875
8099,36.6641
8039,6.1699
8100,35.6951
8040,6.7250
8101,36.0511
8041,6.0291
8102,35.5950
8042,6.1264
8103,35.0056
8043,6.5774
8104,36.9706
8044,6.3571
8105,35.9733
8045,6.1561
8106,35.4710
8046,6.6357
8107,37.0116
8047,6.0041
8108,35.7045
8048,6.7189
8109,36.0333
8049,6.4048
8110,35.7812
8050,6.4443
8051,6.0565
8111,36.3890
8112,35.9485
8052,6.3801
8113,36.4330
8053,6.2417
8114,35.2580
8054,6.5435
8115,35.1383
8055,6.8275
8116,36.2789
8056,6.0038
8117,35.1130
8057,6.1082
8118,36.4961
8058,6.7378
8119,36.8327
8059,5.9730
8120,35.0852
8060,6.4097
8121,36.3743
8061,6.5328
8122,35.9499
8062,7.0186
8123,36.8540
8063,6.2959
8124,34.8713
8064,6.3337
8125,36.5518
8065,6.1322
8126,36.4441
8066,7.0427
8067,6.2352
8127,37.5233
8128,35.5874
8068,6.9152
8129,36.3088
8069,5.9441
8130,35.0271
8070,6.5231
8131,36.4720
8071,6.5648
8132,36.0990
8072,5.9567
8133,34.7624
8073,6.7909
8134,36.3969
8074,6.4562
8135,34.9312
8075,6.7414
8136,36.0474
8076,6.7940
8137,35.3275
8077,6.5624
8138,35.9277
8078,6.4353
8139,36.1837
8079,6.4441
8140,35.6246
8080,6.4565
8141,35.8690
8081,6.1792
8142,35.3370
8082,6.3963
8143,36.1762
8083,6.1610
8144,35.9413
8084,6.1005
8145,35.7797
8085,6.4132
8146,35.9425
8086,6.3225
8147,35.2663
8087,6.5428
8088,6.0694
8148,36.3692
8149,35.9340
8089,6.7979
8150,35.9578
8090,6.4653
8151,35.6950
8091,6.4709
8152,36.1600
8092,6.4327
8153,36.9395
8093,6.5564
8154,36.2654
8094,6.2453
8155,34.8351
8095,6.6374
8096,6.5113
8156,36.4866
8157,35.8962
8097,6.5682
8158,35.5119
8098,6.7205
8159,36.2707
8099,6.5756
8160,35.4249
8100,6.5139
8161,36.1392
8101,6.4457
8162,36.3497
8102,6.6223
8163,36.4575
8103,6.4824
8164,35.7956
8104,6.8925
8165,36.4022
8105,6.2224
8166,36.0648
8106,7.0089
8167,36.3757
8107,6.2668
8168,36.6319
8108,6.4230
8169,35.3813
8109,6.8615
8170,36.7261
8110,6.1505
8171,36.1169
8111,6.2083
8172,36.5925
8112,6.6303
8113,6.5400
8173,37.7337
8174,36.1538
8114,6.3934
8175,36.3632
8115,6.3988
8176,36.0274
8116,6.3786
8177,34.9119
8117,6.0299
8178,35.2626
8118,6.6330
8179,36.6446
8119,6.9602
8180,36.0581
8120,6.7690
8181,35.4050
8121,7.1016
8182,35.7784
8122,6.8766
8183,35.8642
8123,5.9386
8184,34.4804
8124,6.5337
8185,35.6787
8125,6.2698
8186,35.8206
8126,6.1961
8187,36.7409
8127,6.1897
8188,35.6832
8128,6.6446
8129,6.1629
8189,36.3092
8190,35.2429
8130,6.5738
8131,6.0787
8191,36.8312
8192,34.8319
8132,6.6057
8193,35.9871
8133,6.3035
8194,36.0751
8134,6.4701
8195,35.1804
8135,6.6290
8196,35.5449
8136,6.8773
8137,6.2112
8197,36.7053
8198,35.3069
8138,6.6702
8199,36.1632
8139,6.6621
8200,36.4740
8140,6.2928
8201,34.2985
8141,6.5591
8202,36.2423
8142,6.2147
8203,35.1962
8143,6.7720
8204,37.0580
8144,6.3848
8205,36.5781
8145,6.5014
8206,35.8538
8146,6.2416
8207,36.7203
8147,6.4648
8208,36.0976
8148,6.2504
8209,35.3818
8149,6.6266
8210,36.6403
8150,6.6385
8151,6.2266
8211,36.8342
8212,34.5562
8152,6.9077
8153,6.2766
8213,36.3054
8214,35.5685
8154,6.8148
8215,37.2840
8155,6.6461
8216,35.8027
8156,6.3911
8217,38.2308
8157,6.2702
8218,34.9817
8158,6.4259
8219,36.0101
8159,6.6930
8160,6.1089
8220,36.7321
8221,34.7165
8161,6.5219
8222,35.8139
8162,6.6591
8223,35.5955
8163,6.7687
8164,6.2825
8224,36.2447
8225,35.6363
8165,6.6055
8226,35.6189
8166,6.4982
8227,36.3806
8167,6.7142
8228,36.2020
8168,6.5322
8229,35.9052
8169,6.2207
8230,35.0548
8170,6.7402
8231,36.1178
8171,6.5725
8232,35.6763
8172,6.6310
8233,36.7136
8173,6.4937
8234,36.0416
8174,6.3995
8235,35.8782
8175,6.7581
8236,36.6600
8176,6.3713
8237,36.4214
8177,6.5177
8238,35.5350
8178,6.2796
8239,35.0311
8179,6.6933
8240,35.8963
8180,6.3253
8241,35.5201
8181,6.5520
8242,36.6874
8182,6.2380
8243,34.9708
8183,6.7499
8244,35.8780
8184,6.2446
8245,34.8299
8185,6.3331
8246,35.8015
8186,6.7302
8187,6.2622
8247,36.7876
8248,35.6315
8188,6.6490
8249,36.2653
8189,6.3233
8250,36.3328
8190,6.2049
8251,34.7316
8191,6.3097
8252,35.3192
8192,6.4936
8253,35.2219
8193,6.5914
8254,35.5733
8194,6.2924
8255,35.8873
8195,6.5770
8256,35.5227
8196,6.2555
8257,35.7544
8197,6.3784
8258,36.0799
8198,6.7361
8259,36.5388
8199,6.3819
8260,34.7639
8200,6.5297
8261,36.0484
8201,6.3030
8262,34.7802
8202,6.7368
8263,36.6099
8203,6.6151
8264,35.8963
8204,6.2148
8265,34.8937
8205,6.6408
8266,36.2240
8206,6.5851
8267,36.0238
8207,6.2530
8268,34.9475
8208,6.6695
8269,35.5379
8209,6.1871
8270,35.0150
8210,6.6020
8271,37.2940
8211,6.3579
8212,6.4011
8272,35.7206
8273,35.1190
8213,6.5765
8214,6.2167
8274,38.1525
8275,34.7893
8215,6.7376
8276,35.9073
8216,6.2570
8217,6.1992
8277,35.4278
8278,35.0677
8218,6.9406
8279,36.5175
8219,6.3557
8280,34.9597
8220,7.3172
8221,6.2718
8281,36.5173
8282,35.2602
8222,6.8431
8283,35.7013
8223,6.8032
8284,35.6456
8224,6.4560
8285,36.5039
8225,7.0974
8286,35.5460
8226,6.8159
8227,6.2315
8287,36.4427
8288,35.1755
8228,7.5105
8289,36.4616
8229,6.5273
8290,35.9458
8230,6.9749
8291,35.5809
8231,7.0163
8292,35.3250
8232,6.4508
8293,36.0694
8233,7.2444
8294,36.1466
8234,6.9858
8295,35.8027
8235,7.0385
8296,35.3627
8236,7.0822
8297,35.2872
8237,6.5163
8298,36.0959
8238,6.9708
8299,35.2297
8239,6.5450
8300,36.1865
8240,6.3800
8301,35.6260
8241,7.6795
8302,36.8658
8242,6.9578
8303,35.6796
8243,7.0567
8304,36.5529
8244,6.5708
8305,35.7303
8245,7.1499
8246,6.3907
8306,36.6418
8307,35.4006
8247,6.6855
8308,35.6272
8248,6.7887
8309,36.5409
8249,6.5145
8310,36.4428
8250,6.4613
8311,36.3025
8251,6.7660
8312,35.0611
8252,6.8259
8313,36.2862
8253,6.6125
8314,35.7417
8254,7.0466
8315,36.3821
8255,6.5668
8316,35.5532
8256,6.9865
8317,35.6387
8257,6.6878
8318,35.8936
8258,6.5293
8319,35.7155
8259,6.8835
8320,36.7892
8260,6.6421
8321,34.6972
8261,6.5481
8322,34.8065
8262,7.0179
8323,36.0397
8263,7.0516
8324,36.0370
8264,6.3859
8325,35.1281
8265,6.5268
8326,36.5563
8266,6.9816
8327,36.0889
8267,6.6026
8328,35.7943
8268,6.8844
8329,36.1384
8269,6.4711
8330,34.9258
8270,7.2679
8331,36.0531
8271,6.4164
8332,36.1154
8272,6.7590
8333,35.6632
8273,7.1945
8274,6.4198
8334,35.7876
8335,35.2437
8275,7.0703
8336,36.5018
8276,6.9408
8337,34.9544
8277,6.8507
8338,35.7249
8278,6.7822
8339,35.5660
8279,7.0252
8280,6.4930
8340,37.3955
8341,35.0913
8281,6.8808
8342,36.5122
8282,6.8148
8343,36.7478
8283,6.4820
8344,36.0929
8284,8.7455
8285,8.9228
8345,37.8852
8286,7.4331
8346,36.6009
8347,35.1851
8287,7.3619
8348,37.4834
8288,7.3575
8349,36.2973
8289,7.3621
8350,36.5521
8290,7.4072
8351,36.0930
8291,7.8342
8352,37.9871
8292,7.3665
8353,35.9960
8293,7.2637
8354,35.5589
8294,7.4850
8355,35.8718
8295,7.6855
8356,36.4123
8296,7.4854
8357,37.1159
8297,7.6405
8358,37.4302
8298,7.4851
8359,36.8477
8299,7.6348
8300,7.5155
8360,37.2545
8361,36.1967
8301,7.7329
8302,7.3862
8362,37.2696
8363,36.0949
8303,7.4007
8364,35.6020
8304,8.0759
8305,7.6555
8365,36.6434
8366,35.9114
8306,7.5726
8367,36.9896
8307,7.6359
8368,36.8485
8308,7.4595
8369,36.6815
8309,7.4909
8370,36.2910
8310,7.4289
8371,37.1347
8311,7.4752
8372,36.4592
8312,7.4766
8373,37.1313
8313,7.3649
8374,35.8702
8314,7.3940
8375,36.2313
8315,7.8169
8316,7.4976
8376,37.3593
8377,36.0185
8317,7.3762
8378,36.1704
8318,7.4567
8379,36.4742
8319,7.4022
8380,36.3389
8320,7.4658
8381,35.5330
8321,7.6246
8382,36.9399
8322,7.7676
8383,37.3358
8323,7.3956
8384,36.0231
8324,7.6132
8385,36.2222
8325,7.3352
8386,36.1723
8326,7.7981
8327,7.4315
8387,37.1591
8388,36.4460
8328,7.5628
8389,36.8384
8329,7.5051
8390,35.4715
8330,7.7096
8391,36.9830
8331,7.4760
8332,7.3701
8392,37.3545
8393,35.1185
8333,7.7761
8394,38.3641
8334,7.5650
8395,36.2575
8335,7.3826
8396,35.8577
8336,7.5819
8397,35.9613
8337,7.4226
8398,36.0693
8338,7.5531
8339,7.3559
8399,36.1584
8400,36.0197
8340,8.0345
8341,7.4692
8401,37.4756
8402,36.3821
8342,7.4150
8403,36.1917
8343,7.5209
8404,36.3419
8344,7.4495
8405,36.0796
8345,7.5116
8406,36.0444
8346,7.6607
8407,36.2446
8347,7.4029
8408,35.6118
8348,7.6503
8349,7.4255
8409,37.2565
8410,36.4220
8350,7.5126
8411,35.9614
8351,7.4912
8412,37.1551
8352,7.5534
8413,37.0378
8353,7.9157
8414,36.1962
8354,7.6303
8415,37.1723
8355,7.5394
8416,35.9587
8356,7.8652
8357,7.4496
8417,37.4195
8418,36.1191
8358,7.6056
8419,37.1371
8359,7.3922
8420,36.2819
8360,7.7936
8421,36.3019
8361,7.5002
8422,35.8571
8362,7.5639
8423,35.9303
8363,7.5532
8424,36.2583
8364,7.3537
8425,36.0521
8365,7.4980
8426,37.2370
8366,7.8462
8427,37.2401
8367,8.2235
8368,7.8137
8428,37.5464
8429,36.2858
8369,7.3746
8430,35.5646
8370,7.5721
8431,36.1390
8371,8.0316
8432,36.4577
8372,7.3197
8433,35.5053
8373,7.5639
8434,36.1500
8374,7.7911
8435,35.7558
8375,7.3709
8436,36.2938
8376,7.8710
8437,36.9913
8377,7.4429
8438,35.7668
8378,7.6905
8439,37.0129
8379,7.5293
8440,36.9045
8380,7.4123
8441,35.7737
8381,7.8527
8442,35.8092
8382,7.6367
8443,37.8401
8383,7.4961
8444,36.3611
8384,7.7353
8445,36.5212
8385,7.5079
8446,35.7452
8386,7.5294
8447,36.7479
8387,7.4812
8448,36.7717
8388,7.6492
8449,36.0196
8389,7.4949
8450,36.8135
8390,7.7256
8451,36.8057
8391,7.5790
8452,37.1900
8392,7.6085
8453,36.7888
8393,7.4110
8454,36.9149
8394,7.5946
8455,36.6584
8395,7.5635
8456,36.0509
8396,8.0926
8457,37.7309
8397,7.4858
8398,7.4920
8458,36.8074
8459,36.5675
8399,7.5303
8460,36.9881
8400,7.7577
8461,36.2572
8401,7.6481
8462,36.8179
8402,7.6198
8463,36.2125
8403,7.8010
8404,7.4167
8464,37.0278
8465,35.9984
8405,7.4791
8466,35.3845
8406,7.5527
8467,37.0510
8407,7.6206
8408,7.4090
8468,36.9104
8469,35.5668
8409,7.3957
8470,35.4975
8410,8.1889
8411,7.3142
8471,37.5749
8472,35.2406
8412,7.4602
8473,35.7301
8413,7.8706
8414,7.4254
8474,37.3300
8475,35.6822
8415,7.4651
8476,34.9976
8416,8.1098
8417,7.4265
8477,37.1988
8478,35.5739
8418,7.6488
8479,35.2471
8419,7.5589
8480,35.8286
8420,7.9004
8481,36.3369
8421,7.6840
8422,7.3043
8482,36.5995
8483,34.5213
8423,7.5651
8484,36.0238
8424,8.0411
8485,36.1896
8425,7.6898
8486,35.9864
8426,7.8633
8487,36.1320
8427,7.5400
8488,36.3259
8428,7.8213
8489,35.9493
8429,7.7589
8430,7.4332
8490,35.8725
8431,7.5348
8491,37.1913
8492,35.2968
8432,7.6418
8493,35.9932
8433,7.5202
8494,35.2234
8434,7.7058
8495,36.2725
8435,7.9441
8496,36.8466
8436,7.6929
8497,36.5127
8437,7.6642
8498,36.1378
8438,7.6246
8439,7.4517
8499,36.2865
8440,7.5585
8500,35.3821
8501,35.2423
8441,7.8475
8502,36.6539
8442,7.5293
8503,34.7106
8443,7.6298
8504,36.1726
8444,7.6701
8445,7.4379
8505,35.9353
8506,34.8034
8446,8.1695
8507,35.5033
8447,7.5231
8508,35.2755
8448,7.8800
8509,35.9277
8449,7.3681
8510,34.6790
8450,7.9735
8451,7.7064
8511,36.4478
8512,35.4145
8452,7.8002
8513,36.2884
8453,7.6169
8454,7.4264
8514,36.5911
8515,34.7223
8455,7.9201
8516,36.9878
8456,7.6221
8457,7.5613
8517,36.2542
8518,35.0955
8458,7.8593
8519,36.3789
8459,7.7397
8520,35.8116
8460,7.9521
8461,7.4314
8521,37.0308
8522,35.0379
8462,7.7303
8523,35.8550
8463,7.9211
8524,36.5308
8464,7.7858
8525,36.3082
8465,7.9408
8526,36.3917
8466,7.4068
8527,35.6738
8467,7.4725
8528,35.4020
8468,7.7917
8529,35.7860
8469,7.6983
8530,36.2088
8470,9.2847
8531,37.5067
8471,7.4197
8532,36.4926
8472,7.6849
8533,35.2874
8473,7.6566
8534,36.5202
8474,7.5086
8535,35.3181
8475,7.6654
8476,7.3156
8536,37.5472
8537,36.8217
8477,7.3605
8538,35.3782
8478,8.0075
8539,37.3668
8479,7.5438
8480,7.0606
8540,36.8379
8541,35.0545
8481,7.7153
8482,7.2336
8542,37.0323
8543,35.6861
8483,7.8523
8484,7.5454
8544,36.8855
8545,35.5074
8485,7.7288
8546,36.8887
8486,8.1905
8547,37.7727
8487,7.8347
8548,36.5810
8488,7.3294
8549,35.9284
8489,7.5451
8550,36.5035
8490,7.2698
8551,36.4363
8491,7.4076
8552,37.1201
8492,7.3051
8553,36.3002
8493,7.7725
8554,36.9407
8494,7.2796
8555,36.8190
8495,7.2146
8556,36.0127
8496,7.6507
8557,36.1318
8497,7.7788
8498,7.1091
8558,37.3407
8499,7.0792
8559,35.4898
8500,7.0749
8560,35.4566
8561,35.4618
8501,7.7642
8562,36.4492
8502,8.0106
8503,7.6938
8563,37.1356
8564,36.8166
8504,8.1562
8565,38.2023
8505,8.1026
8506,7.4185
8566,36.3594
8507,7.2378
8567,35.4775
8568,36.1071
8508,7.4015
8569,35.8144
8509,7.6002
8570,35.8818
8510,7.1923
8571,35.7011
8511,7.7126
8572,36.4676
8512,7.4045
8513,7.5147
8573,36.6300
8574,36.4146
8514,8.0408
8515,7.3870
8575,36.6709
8576,36.4963
8516,7.8630
8577,36.2384
8517,7.4682
8578,36.4780
8518,7.6456
8579,35.3711
8519,7.3783
8580,37.2574
8520,7.5011
8521,7.3501
8581,37.5679
8582,35.9145
8522,7.4276
8523,7.3744
8583,36.4770
8584,36.1021
8524,7.6426
8585,36.0557
8525,7.4225
8586,35.4231
8526,7.6285
8587,37.0965
8527,7.2142
8588,36.3330
8528,7.6647
8529,7.1544
8589,37.0066
8530,7.1932
8590,36.3284
8591,36.5810
8531,7.6536
8592,37.4305
8532,7.6676
8533,7.1798
8593,36.6814
8594,36.3325
8534,7.4229
8535,7.2206
8595,36.9027
8596,35.6040
8536,7.3939
8537,7.2431
8597,37.7257
8538,7.2115
8598,36.3387
8599,35.7794
8539,7.6712
8540,7.1237
8600,36.0971
8601,35.5948
8541,7.3236
8602,36.2745
8542,7.2688
8603,36.8861
8543,7.6618
8604,37.2672
8544,7.6831
8545,7.1032
8605,36.6943
8546,7.4954
8606,34.8266
8607,35.2773
8547,7.8406
8548,7.1946
8608,36.7741
8549,7.4021
8609,34.9065
8610,36.1351
8550,7.5859
8611,36.0339
8551,7.8398
8552,7.3922
8612,37.1606
8553,7.5244
8613,35.7714
8614,34.8997
8554,8.1261
8615,36.8092
8555,7.6034
8556,7.4524
8616,36.0785
8617,35.7664
8557,7.6052
8618,36.3762
8558,7.6383
8619,35.7410
8559,7.8914
8560,7.2670
8620,36.8216
8561,7.4226
8621,34.7594
8622,35.8908
8562,7.9714
8563,7.1446
8623,36.6890
8564,7.1687
8624,35.5789
8625,34.6982
8565,7.6073
8626,37.0660
8566,7.4367
8627,35.2659
8567,7.1999
8628,36.0377
8568,7.2111
8629,36.0397
8569,7.2857
8630,35.6464
8570,7.3838
8571,7.2751
8631,36.2040
8632,36.2360
8572,7.3170
8573,7.4159
8633,36.2641
8634,36.6490
8574,7.5870
8575,7.7843
8635,36.8445
8636,35.9017
8576,7.9881
8577,7.3579
8637,36.8032
8638,35.4803
8578,7.5645
8639,36.1222
8579,7.7347
8580,7.4958
8640,36.5519
8581,7.7631
8641,35.7035
8642,35.9397
8582,8.0663
8643,36.6050
8583,7.7669
8644,35.9080
8584,7.4862
8645,35.1873
8585,7.2081
8646,35.8285
8586,7.2348
8647,35.9392
8587,7.6231
8588,7.2428
8648,36.5408
8649,35.3161
8589,7.2269
8650,36.0728
8590,7.8543
8651,36.3887
8591,7.2875
8652,35.8494
8592,7.8928
8653,36.5745
8593,7.4385
8654,35.7786
8594,7.2219
8655,34.9854
8595,7.5419
8656,36.2942
8596,7.6444
8657,35.8972
8597,7.5853
8658,35.7869
8598,7.3129
8659,36.1503
8599,7.2866
8660,35.3614
8600,7.4884
8661,36.2631
8601,7.4803
8662,35.4997
8602,7.4250
8663,36.0194
8603,7.2834
8664,35.5676
8604,7.1962
8665,34.9430
8605,7.3137
8666,35.5702
8606,7.5662
8667,36.0081
8607,7.4634
8668,35.7386
8608,7.1940
8669,36.0933
8609,7.5265
8610,7.3499
8670,36.5700
8671,35.3796
8611,7.2491
8612,7.2690
8672,35.3442
8673,34.5760
8613,7.5880
8674,36.7209
8614,7.3507
8675,35.5840
8615,7.5915
8676,34.4038
8616,7.4379
8677,36.1675
8617,7.8157
8618,7.6725
8678,36.1595
8679,35.8305
8619,7.7251
8680,36.5445
8620,7.6265
8681,36.2088
8621,7.4022
8682,36.1856
8622,7.5289
8683,36.1680
8623,7.3052
8684,36.2342
8624,7.7916
8685,36.5096
8625,7.2904
8686,34.8620
8626,7.8112
8687,35.2427
8627,7.5814
8628,7.1839
8688,36.1191
8689,34.8775
8629,7.7411
8690,38.8182
8630,7.9713
8631,7.2450
8691,36.0716
8692,34.6971
8632,7.6925
8633,7.0732
8693,36.5094
8634,7.4452
8694,34.7629
8695,35.8400
8635,7.8669
8636,7.0623
8696,36.8487
8697,34.3506
8637,7.8874
8638,7.1956
8698,36.7265
8699,35.2145
8639,7.1801
8700,35.5531
8640,7.7998
8641,7.3215
8701,37.2648
8642,7.1348
8702,36.1097
8703,34.5861
8643,7.0846
8704,35.0909
8644,7.2690
8705,35.8315
8645,7.4528
8646,7.1862
8706,36.5533
8707,35.7571
8647,7.5451
8708,36.4342
8648,7.5284
8709,35.9881
8649,7.2431
8710,35.7559
8650,7.2102
8711,35.8557
8651,7.6506
8712,35.6817
8652,7.2979
8713,34.5421
8653,7.3955
8714,35.7773
8654,7.3129
8715,35.9187
8655,7.5613
8716,35.8647
8656,7.2459
8717,35.2716
8657,8.0354
8658,7.2564
8718,36.4302
8719,34.6381
8659,7.6264
8660,7.2386
8720,36.9315
8721,35.6460
8661,8.0630
8662,7.2753
8722,36.3509
8723,35.7896
8663,7.5442
8724,36.2322
8664,7.2909
8725,35.5347
8665,7.6039
8666,7.3741
8726,36.5642
8727,35.5904
8667,7.8178
8668,7.3858
8728,36.6417
8729,35.5746
8669,7.6766
8670,7.2303
8730,35.9086
8731,35.3321
8671,7.7562
8672,7.1724
8732,37.2023
8673,7.6221
8733,34.8807
8734,35.8158
8674,8.0198
8675,7.1144
8735,36.5940
8736,34.4034
8676,7.5881
8737,36.0112
8677,7.2422
8738,35.0219
8678,7.5700
8739,36.7379
8679,7.0977
8680,7.2608
8740,35.6136
8741,35.5305
8681,7.5145
8682,7.3827
8742,37.1263
8683,7.1727
8743,36.2854
8684,7.4168
8744,35.6504
8745,35.3082
8685,7.8308
8746,35.6693
8686,7.7944
8687,7.5643
8747,36.8031
8748,35.9395
8688,7.7084
8749,35.8638
8689,7.2351
8690,7.2877
8750,36.6885
8751,34.6052
8691,7.9907
8692,7.2616
8752,36.3049
8753,34.6178
8693,7.5692
8754,36.5910
8694,7.7522
8695,7.3489
8755,36.6803
8756,34.7852
8696,7.8585
8757,36.3611
8697,7.2085
8758,34.6040
8698,7.3328
8759,36.2634
8699,7.5552
8700,7.3918
8760,36.3165
8761,35.3542
8701,7.3824
8762,35.2609
8702,7.6508
8763,36.3599
8703,7.2734
8764,34.8204
8704,7.3217
8765,36.5841
8705,7.4911
8766,34.5171
8706,7.8440
8707,7.1687
8767,36.5069
8768,34.6264
8708,7.3569
8769,37.5358
8709,7.5237
8770,35.9955
8710,7.7205
8771,35.3592
8711,7.5322
8712,7.3781
8772,35.6674
8773,35.9268
8713,7.7599
8774,36.5415
8714,7.3808
8715,7.1662
8775,36.7560
8776,35.0276
8716,7.1498
8777,35.2979
8717,7.3609
8778,36.2603
8718,7.3577
8719,7.1531
8779,36.5323
8720,7.1553
8780,35.2649
8781,34.5813
8721,7.8002
8722,7.5251
8782,36.6029
8783,35.2279
8723,7.2885
8724,7.2045
8784,36.4654
8785,35.3962
8725,7.5463
8786,36.2764
8726,7.7414
8787,36.5264
8727,7.3603
8788,35.8335
8728,7.5079
8789,35.7750
8729,7.7946
8790,36.8591
8730,7.5701
8791,35.9540
8731,7.5631
8732,7.1731
8792,35.3378
8793,35.5720
8733,7.3003
8794,35.2710
8734,7.4792
8795,36.0261
8735,7.7348
8796,36.4779
8736,7.6710
8797,35.9210
8737,7.4547
8738,7.3328
8798,35.3053
8799,35.1464
8739,7.8285
8740,7.3679
8800,35.9156
8801,34.9328
8741,7.7589
8742,7.1915
8802,36.4228
8803,35.8749
8743,7.5288
8804,36.2292
8744,8.0642
8745,7.3674
8805,36.7969
8806,35.7648
8746,7.9391
8747,7.3882
8807,36.8969
8748,7.2918
8808,34.7012
8809,35.5029
8749,7.3127
8810,36.2008
8750,7.2997
8811,35.0399
8751,7.5872
8812,36.2026
8752,7.2375
8813,35.8934
8753,7.6513
8814,36.5712
8754,7.2085
8815,35.5007
8755,7.6249
8816,36.3224
8756,7.8263
8817,35.0233
8757,7.5482
8818,35.3994
8758,9.6881
8759,7.0725
8819,35.4658
8820,35.5849
8760,7.0183
8821,36.5686
8761,6.8227
8822,36.0847
8762,6.7599
8823,35.6721
8763,6.7347
8824,35.7680
8764,6.7034
8765,6.4776
8825,35.9668
8766,6.6406
8826,35.5935
8827,36.7115
8767,6.6594
8828,35.5596
8768,6.5589
8829,35.7239
8769,6.5760
8830,35.7152
8770,6.8067
8831,35.7006
8771,6.7939
8772,6.4530
8832,37.1315
8833,34.1571
8773,6.7261
8834,35.4617
8774,6.6591
8835,36.4336
8775,6.9794
8776,6.5161
8836,36.6863
8777,6.5526
8837,34.8586
8838,35.5792
8778,6.8821
8839,35.2672
8779,6.7850
8780,6.5901
8840,36.6568
8841,35.8455
8781,6.6828
8842,35.0926
8782,7.2156
8843,37.0559
8783,6.5466
8844,36.0093
8784,6.5450
8845,35.3302
8785,6.5100
8846,34.4718
8786,6.9601
8847,36.3615
8787,7.0114
8788,6.5292
8848,35.7137
8849,35.8575
8789,6.7404
8850,35.7397
8790,7.0097
8851,36.6163
8791,6.6708
8852,35.7865
8792,6.5353
8793,6.6415
8853,35.6672
8854,34.9626
8794,7.1461
8855,35.5169
8795,6.7688
8796,6.6167
8856,36.0853
8857,35.8298
8797,6.8402
8858,35.7697
8798,6.7444
8799,6.4190
8859,36.2305
8800,6.5454
8860,34.9908
8861,35.4757
8801,6.6554
8862,35.0972
8802,6.7182
8863,36.4260
8803,6.9873
8804,6.5090
8864,36.5073
8865,37.3115
8805,6.6847
8866,36.3452
8806,6.9213
8867,35.7954
8807,6.5345
8868,34.9648
8808,6.6478
8869,35.1217
8809,6.5846
8870,35.3487
8810,6.5289
8871,35.7645
8811,7.0379
8812,6.4587
8872,36.3126
8873,35.5190
8813,6.6288
8874,36.1427
8814,6.9006
8875,36.1657
8815,6.4134
8876,35.7906
8816,6.7676
8877,35.3486
8817,6.5682
8878,34.9732
8818,6.7312
8879,36.4166
8819,7.0600
8820,6.3763
8880,36.7713
8881,35.0126
8821,6.4515
8882,34.8703
8822,7.0110
8883,36.1080
8823,6.5127
8884,34.8849
8824,6.5976
8885,35.2568
8825,6.6398
8886,35.2060
8826,7.2331
8887,36.1797
8827,6.8889
8828,6.4724
8888,35.9174
8889,35.3324
8829,6.5534
8830,6.4210
8890,35.6354
8891,34.5589
8831,7.0339
8892,35.6845
8832,6.4834
8893,34.9803
8833,7.0032
8894,35.5858
8834,7.0940
8895,36.0070
8835,6.6081
8896,35.0860
8836,7.0515
8837,6.4283
8897,36.5437
8898,34.7501
8838,6.4461
8899,34.9931
8839,7.0658
8900,35.8277
8840,6.5370
8841,6.5623
8901,36.6517
8902,35.5651
8842,6.8618
8843,6.4888
8903,36.5791
8904,35.5612
8844,6.9593
8845,6.4761
8905,36.4769
8846,6.4164
8906,35.9158
8907,34.3532
8847,6.7883
8908,35.7448
8848,6.5258
8909,35.3818
8849,6.4949
8910,35.6821
8850,6.6733
8911,35.2814
8851,6.7765
8912,36.0522
8852,6.9541
8853,6.4831
8913,35.5364
8914,34.8703
8854,6.6550
8915,35.1228
8855,7.1576
8856,6.4440
8916,36.8777
8917,35.2735
8857,6.8378
8918,36.1036
8858,6.7449
8919,35.9667
8859,7.0595
8920,36.4172
8860,6.7109
8861,6.4536
8921,36.7201
8922,35.7561
8862,6.6664
8923,35.8095
8863,6.6347
8924,36.0891
8864,6.5996
8925,36.0767
8865,6.7400
8926,36.3271
8866,6.6775
8927,36.1234
8867,6.8149
8928,35.9379
8868,6.8401
8869,6.4249
8929,36.5050
8870,6.5336
8930,35.5802
8931,35.4132
8871,6.6158
8932,35.8364
8872,6.6355
8933,35.6843
8873,6.5630
8934,35.1550
8874,6.6226
8935,36.2139
8875,7.1116
8936,37.0471
8876,7.0627
8877,6.3788
8937,35.6821
8878,6.4864
8938,34.4430
8939,35.5901
8879,6.5841
8940,36.0820
8880,6.5965
8941,34.9208
8881,6.6654
8942,36.4648
8882,7.1023
8943,35.8707
8883,6.8491
8884,6.3933
8944,36.8417
8945,35.5191
8885,6.5965
8946,35.0834
8886,6.5100
8887,6.4596
8947,35.7380
8948,34.9076
8888,6.8546
8949,36.0802
8889,7.1018
8950,35.8986
8890,7.0140
8951,36.3557
8891,9.7253
8892,8.9591
8952,36.9476
8953,35.3117
8893,9.2048
8894,8.6754
8954,37.3534
8955,35.3164
8895,8.9551
8956,36.2965
8896,9.2521
8957,36.7401
8897,8.4186
8958,35.8660
8898,9.0186
8899,8.5406
8959,37.1342
8960,35.1717
8900,8.7845
8961,36.1250
8901,9.9877
8902,8.5837
8962,36.8679
8963,36.1524
8903,8.8283
8964,36.2130
8904,10.2029
8905,8.9925
8965,37.3883
8906,8.4737
8966,35.9767
8967,35.4815
8907,8.5962
8908,8.4389
8968,36.8131
8969,36.0316
8909,9.8944
8970,36.5469
8910,9.7100
8971,36.9130
8911,9.6947
8912,8.5946
8972,37.1074
8973,35.3974
8913,9.1768
8914,8.3645
8974,36.9781
8975,35.7832
8915,8.6370
8976,36.1933
8916,8.9494
8977,36.4318
8917,9.1104
8918,8.5338
8978,36.6539
8979,36.0318
8919,9.6895
8920,8.6448
8980,37.3207
8981,36.1683
8921,8.4989
8982,36.2896
8922,8.8287
8983,36.8516
8923,9.3307
8924,8.3212
8984,37.1497
8985,36.0002
8925,9.6396
8986,36.6352
8926,9.8243
8987,35.6794
8927,8.9328
8988,35.8178
8928,9.1118
8989,36.7784
8929,8.7960
8990,36.9609
8930,9.7185
8991,36.5462
8931,9.6685
8932,8.7166
8992,39.2851
8933,9.7717
8993,35.4493
8994,37.1792
8934,9.3573
8935,8.8014
8995,37.8019
8996,35.8544
8936,8.9239
8997,36.3499
8937,9.8269
8938,8.6967
8998,36.4659
8999,35.5872
8939,8.9803
9000,35.9986
8940,8.7084
9001,35.7572
8941,8.7777
9002,36.3240
8942,8.8139
9003,36.7344
8943,8.7320
8944,8.6528
9004,36.6518
9005,35.7713
8945,9.6388
8946,8.5798
9006,36.6984
9007,35.9960
8947,9.0939
8948,8.5383
9008,36.6114
9009,35.6069
8949,9.7344
9010,37.0704
8950,8.5689
9011,35.7076
8951,8.6156
9012,35.7280
8952,8.7894
9013,35.8174
8953,11.6930
8954,9.5597
9014,36.9426
9015,35.7729
8955,8.5992
9016,36.2773
8956,9.6539
9017,36.4275
8957,9.9865
8958,8.2487
9018,36.7189
9019,36.3159
8959,8.5801
9020,35.9510
8960,8.7295
9021,35.9720
8961,8.5834
9022,36.0726
8962,8.9884
9023,36.5312
8963,8.8736
8964,8.3695
9024,37.0416
8965,8.4269
9025,35.5825
9026,35.2337
8966,9.7165
9027,36.8078
8967,9.7831
8968,8.7290
9028,38.0475
9029,35.9865
8969,8.7641
9030,36.5516
8970,9.7582
8971,9.5184
9031,36.5552
9032,35.8818
8972,8.9821
9033,36.5572
8973,9.1415
9034,36.2418
8974,8.4948
8975,8.8431
9035,36.1577
9036,36.4926
8976,10.9095
8977,9.7147
9037,38.0635
9038,36.8939
8978,10.8164
9039,37.1866
8979,9.9439
9040,36.5218
8980,9.8333
9041,36.9345
8981,10.6597
9042,36.8319
8982,10.4134
9043,37.1862
8983,9.8641
9044,37.5994
8984,10.0985
8985,10.1416
9045,37.1619
9046,36.7154
8986,11.2569
8987,10.4713
9047,37.8568
9048,36.8152
8988,10.2045
9049,36.3729
8989,10.1486
9050,37.3668
8990,10.1874
9051,37.2090
8991,11.0059
9052,37.5335
8992,10.8672
9053,37.4682
8993,10.7648
9054,37.6946
8994,11.2063
9055,36.6370
8995,10.4624
8996,9.8851
9056,37.4240
8997,9.9316
9057,36.7586
9058,36.1003
8998,10.0787
9059,36.1991
8999,10.4822
9060,36.5707
9000,10.4603
9061,37.3380
9001,10.4284
9062,36.9701
9002,10.8819
9003,10.0618
9063,37.8368
9064,35.4248
9004,10.6048
9065,36.6091
9005,10.4586
9006,10.0166
9066,37.5581
9067,35.7229
9007,10.1179
9008,9.8931
9068,37.6154
9009,11.0978
9069,37.4531
9070,36.2755
9010,10.4007
9071,37.3781
9011,10.8453
9072,36.9422
9012,10.5750
9013,10.1438
9073,36.7346
9074,36.6083
9014,10.6382
9075,36.9914
9015,11.2159
9016,10.3621
9076,37.7833
9077,36.7667
9017,10.0861
9078,36.7173
9018,10.0559
9079,36.2939
9019,10.7373
9080,37.3933
9020,10.1592
9081,36.8365
9021,10.3949
9082,36.8141
9022,10.9496
9083,37.6480
9023,10.5432
9084,36.6757
9024,11.2711
9085,36.6056
9025,11.3063
9026,10.2346
9086,37.3121
9087,36.3431
9027,11.0250
9088,37.4012
9028,10.1571
9089,37.4564
9029,10.7125
9030,10.2175
9090,37.0538
9091,36.7667
9031,10.0762
9092,37.1162
9032,10.0693
9033,10.0947
9093,37.1812
9094,35.1873
9034,10.4169
9035,10.2156
9095,37.8238
9096,36.1337
9036,10.9045
9097,37.3173
9037,10.8393
9038,10.2258
9098,36.9850
9099,36.9249
9039,11.0514
9100,37.1115
9040,11.1434
9101,38.6541
9041,10.1511
9102,36.6025
9042,10.3586
9103,36.5419
9043,10.4772
9104,37.6135
9044,10.9256
9045,10.8004
9105,37.6941
9106,36.6692
9046,9.9106
9107,35.9727
9047,10.2989
9108,36.9486
9048,10.8562
9109,37.5504
9049,10.2274
9050,11.0844
9110,37.8778
9111,37.3797
9051,10.8585
9112,37.2143
9052,11.1101
9113,37.2956
9053,11.0974
9054,10.6790
9114,37.5059
9115,37.1520
9055,10.0057
9116,36.4452
9056,11.0105
9117,37.7608
9057,11.3596
9058,11.0958
9118,37.8260
9059,11.2986
9119,36.4706
9120,36.3925
9060,10.8462
9061,10.9007
9121,37.6625
9122,37.7041
9062,10.8598
9123,37.5348
9063,11.1326
9124,36.6554
9064,10.9596
9125,37.4072
9065,10.9056
9066,10.2435
9126,36.6922
9127,35.5351
9067,11.2669
9068,11.0043
9128,37.6067
9069,11.0211
9129,36.5314
9130,37.0739
9070,9.9457
9131,36.5871
9071,11.1738
9132,36.8441
9072,11.3404
9073,11.0741
9133,38.0703
9074,10.7569
9134,37.1138
9075,11.1471
9135,36.8218
9136,36.3293
9076,11.0808
9077,10.1476
9137,38.9533
9138,35.7096
9078,10.1899
9139,36.6806
9079,10.8247
9140,37.8179
9080,11.1146
9141,37.8276
9081,10.8704
9142,37.8386
9082,11.2836
9143,36.5781
9083,11.0765
9144,36.9169
9084,11.0095
9145,36.8239
9085,11.3197
9146,36.8980
9086,10.9507
9087,11.0692
9147,38.0867
9148,36.9534
9088,11.1155
9089,11.0405
9149,37.4974
9090,11.1985
9150,36.7408
9151,37.2358
9091,11.0425
9092,10.3978
9152,37.7636
9153,36.1540
9093,11.0770
9094,10.9021
9154,38.2499
9095,10.7591
9155,37.2640
9156,37.4622
9096,10.8438
9157,37.3922
9097,11.3213
9158,36.7811
9098,11.0372
9159,37.4225
9099,11.0931
9160,37.0212
9100,11.1402
9161,36.7114
9101,10.9414
9162,37.4914
9102,10.9466
9163,36.8401
9103,11.1224
9104,10.6832
9164,38.0552
9105,11.0486
9165,37.0158
9166,36.7242
9106,11.0621
9107,10.6780
9167,38.3753
9168,37.1720
9108,10.8424
9109,10.2206
9169,37.2543
9170,36.3683
9110,10.3362
9171,36.7672
9111,10.7192
9172,37.8717
9112,10.7761
9173,37.5827
9113,10.8793
9114,10.7504
9174,37.7759
9175,37.5438
9115,10.7234
9176,36.9978
9116,11.0033
9177,36.6465
9117,10.9934
9178,37.6539
9118,10.9979
9119,10.2415
9179,42.5648
9180,35.9323
9120,10.9307
9181,37.2266
9121,11.1416
9182,37.5282
9122,11.0828
9123,10.9478
9183,36.8671
9184,37.6324
9124,11.0511
9185,37.4032
9125,11.1560
9126,10.7494
9186,37.3885
9187,36.7294
9127,10.9043
9188,36.4105
9128,11.0797
9189,37.7585
9129,10.9885
9130,10.8133
9190,38.4767
9191,37.1994
9131,11.0623
9192,36.6837
9132,10.9204
9133,10.6605
9193,37.3078
9194,37.0974
9134,11.0675
9195,36.8953
9135,10.8812
9196,37.1804
9136,11.0511
9197,36.5061
9137,11.2921
9198,37.7932
9138,10.9151
9199,37.5571
9139,10.9737
9200,36.5917
9140,10.2981
9201,36.5931
9141,10.7069
9202,36.8771
9142,10.6904
9203,37.4163
9143,11.0587
9204,37.1384
9144,10.7507
9205,37.8847
9145,10.8185
9206,37.9723
9146,11.0440
9147,10.6311
9207,37.5154
9208,37.0858
9148,10.9532
9209,36.1654
9149,11.0069
9150,10.5813
9210,39.2156
9211,37.5174
9151,11.0490
9212,37.0478
9152,10.7701
9213,36.8543
9153,10.6708
9154,10.9219
9214,38.2217
9215,36.2587
9155,10.8864
9216,37.2534
9156,10.0188
9217,35.8278
9157,10.9370
9218,38.1330
9158,11.1179
9219,37.2400
9159,10.9604
9160,10.0428
9220,37.6022
9161,10.8937
9221,36.3454
9222,37.1834
9162,11.1086
9163,10.8353
9223,37.4421
9164,10.4852
9224,36.5318
9225,36.6822
9165,10.7062
9226,36.6244
9166,10.6746
9227,37.3515
9167,10.6096
9228,36.5222
9168,10.3908
9169,10.6354
9229,37.9952
9170,10.3770
9230,36.6089
9231,36.8629
9171,11.0307
9232,37.4089
9172,10.5398
9233,37.0778
9173,10.7216
9174,10.5918
9234,37.3534
9235,37.0805
9175,10.4587
9176,10.6542
9236,37.7500
9237,37.8917
9177,10.5872
9238,37.6079
9178,10.4460
9179,10.4614
9239,37.9514
9180,10.3455
9240,36.2369
9241,36.8774
9181,10.4424
9182,10.7255
9242,37.0541
9243,36.3007
9183,10.7339
9184,10.5205
9244,37.3898
9245,36.3114
9185,10.6086
9246,37.2010
9186,10.8380
9247,36.1920
9187,10.4685
9248,37.9227
9188,10.6731
9249,37.2626
9189,10.8355
9190,10.5948
9250,37.5155
9251,36.9598
9191,10.7878
9252,36.3114
9192,10.0850
9193,10.6929
9253,37.4114
9254,37.1147
9194,11.1293
9255,37.8744
9195,10.6574
9256,37.3287
9196,10.4758
9257,37.3920
9197,10.5786
9258,36.9960
9198,10.4398
9259,36.2328
9199,10.6293
9260,36.4737
9200,10.4552
9261,37.0198
9201,10.8144
9262,36.8594
9202,10.3839
9203,10.2187
9263,37.6770
9264,36.9754
9204,10.6356
9265,36.8311
9205,10.7855
9266,36.7818
9206,10.5412
9207,10.4605
9267,38.7537
9268,37.4539
9208,10.4439
9209,10.4998
9269,39.0596
9210,10.5585
9270,36.8938
9271,36.5257
9211,10.6408
9272,36.6993
9212,10.8546
9213,10.7148
9273,37.8680
9274,36.3017
9214,10.4314
9275,37.5213
9215,10.6904
9216,10.8000
9276,36.7585
9277,36.6695
9217,10.9205
9278,37.5383
9218,10.8138
9279,38.2100
9219,10.4230
9280,36.9407
9220,10.7301
9281,36.8821
9221,10.9290
9282,38.4521
9222,10.9933
9283,36.8210
9223,10.6114
9284,37.2727
9224,10.5915
9285,36.2438
9225,10.5499
9286,36.6646
9226,10.3290
9227,10.5186
9287,37.9251
9288,36.3669
9228,10.4939
9289,37.3607
9229,10.6512
9290,37.0021
9230,10.4486
9291,36.8777
9231,10.4921
9292,36.9239
9232,10.6618
9293,37.1890
9233,10.4902
9294,36.7443
9234,10.2139
9295,37.6226
9235,10.3588
9296,37.3176
9236,10.4896
9297,36.3071
9237,10.8014
9298,36.7457
9238,10.6730
9239,10.7238
9299,37.8340
9300,36.4525
9240,10.5802
9241,10.4108
9301,38.4101
9302,36.3322
9242,10.7183
9303,36.0446
9243,10.3949
9304,36.2296
9244,10.3931
9305,37.8723
9245,10.7309
9306,36.9529
9246,10.8494
9247,10.4612
9307,37.7619
9308,37.2022
9248,10.9181
9249,10.6888
9309,37.5790
9310,36.4918
9250,10.6970
9251,10.4354
9311,38.0047
9312,36.4476
9252,10.2973
9313,36.9892
9253,10.2464
9314,37.0926
9254,10.5845
9315,36.6540
9255,10.9057
9316,37.4569
9256,10.9170
9257,10.6523
9317,38.2373
9258,10.3884
9318,36.6424
9319,36.0469
9259,10.8216
9320,37.7901
9260,12.2354
9321,37.0736
9261,11.9316
9322,37.6430
9262,12.3245
9323,38.2364
9263,12.5718
9324,36.6754
9264,12.0867
9265,12.3985
9325,37.3461
9326,37.2511
9266,11.6947
9267,11.7519
9327,37.6341
9328,36.5768
9268,11.6562
9329,37.8994
9269,11.9025
9330,38.3929
9270,12.1467
9331,36.9600
9271,12.4868
9272,12.5308
9332,37.1852
9333,37.0117
9273,12.4028
9334,37.6145
9274,11.8693
9335,37.6989
9275,12.3290
9276,11.5923
9336,37.3418
9337,36.4516
9277,11.7801
9338,36.8866
9278,12.1305
9339,37.6495
9279,12.7858
9340,37.2428
9280,11.3054
9341,37.6684
9281,12.4175
9342,37.4944
9282,12.1920
9283,12.1997
9343,37.7552
9344,36.8020
9284,12.0640
9345,37.8357
9285,12.0169
9286,11.9784
9346,37.7544
9347,36.9328
9287,12.1741
9348,37.1002
9288,12.2617
9349,36.3847
9289,11.5981
9290,12.0951
9350,38.6992
9351,37.3514
9291,11.6498
9352,37.7970
9292,12.2890
9293,12.1595
9353,37.1082
9354,37.3920
9294,11.8963
9295,12.0720
9355,37.2293
9356,37.1227
9296,10.7560
9357,37.9978
9297,12.2686
9358,36.8942
9298,12.7545
9359,36.8226
9299,11.7666
9300,12.2379
9360,37.7864
9361,36.5515
9301,10.8343
9362,36.9688
9302,11.8079
9303,12.0804
9363,37.5012
9364,35.8034
9304,11.9133
9365,37.6204
9305,12.4497
9366,36.6679
9306,12.3448
9367,37.3586
9307,11.8707
9368,37.7080
9308,12.0550
9369,37.1872
9309,12.4937
9370,36.4169
9310,11.6880
9371,37.5056
9311,12.6551
9372,37.3165
9312,11.7408
9373,37.3151
9313,12.0762
9314,12.1937
9374,37.3782
9375,35.9237
9315,11.7055
9376,37.8345
9316,11.8508
9317,12.1123
9377,37.7263
9378,36.5441
9318,11.8403
9379,37.5278
9319,11.6942
9380,37.4851
9320,12.0856
9381,37.4014
9321,11.7719
9382,37.8137
9322,12.2132
9383,37.2145
9323,12.4453
9324,12.5093
9384,38.2031
9385,37.0867
9325,11.6176
9386,37.6641
9326,12.5676
9387,36.5344
9327,11.6549
9388,37.3870
9328,12.0416
9389,37.5873
9329,12.5096
9390,37.3774
9330,11.8783
9331,12.1979
9391,37.6797
9332,12.2679
9392,37.0839
9393,36.7526
9333,12.5464
9394,36.8120
9334,11.6024
9335,12.1922
9395,38.6787
9396,36.6494
9336,12.4254
9397,36.6646
9337,11.3809
9338,12.1954
9398,38.0717
9399,36.2226
9339,12.1522
9400,36.8666
9340,12.1240
9401,37.8019
9341,12.0282
9342,12.3463
9402,38.0945
9343,12.0802
9403,37.4409
9344,12.1099
9404,36.5467
9405,37.6308
9345,12.0192
9406,37.2424
9346,11.8997
9347,12.1036
9407,38.2825
9348,12.5496
9408,36.6081
9409,36.9365
9349,11.9773
9350,12.3385
9410,39.0876
9411,36.3773
9351,12.0495
9412,37.9025
9352,11.9550
9413,37.0098
9353,12.2684
9414,36.9971
9354,11.9970
9415,37.6532
9355,11.6106
9356,12.1960
9416,38.2307
9417,36.6617
9357,12.3406
9418,36.8791
9358,12.0221
9419,37.3464
9359,12.2729
9420,36.0236
9360,11.9099
9421,38.0367
9361,12.6085
9422,37.1260
9362,12.4709
9423,36.8792
9363,11.5630
9364,12.3149
9424,38.8170
9425,36.3838
9365,12.2305
9426,36.2549
9366,12.4383
9427,37.7280
9367,11.8850
9428,37.8151
9368,11.9255
9369,11.7943
9429,37.7610
9430,37.4133
9370,11.7768
9431,37.9403
9371,11.7857
9372,12.1409
9432,37.7039
9373,12.2507
9433,37.4472
9434,36.6614
9374,11.5313
9435,37.9005
9375,12.1224
9436,37.4230
9376,11.6134
9377,11.7759
9437,38.0951
9438,37.3993
9378,12.2960
9439,37.3431
9379,11.9374
9440,37.8836
9380,11.1118
9381,11.7582
9441,37.9120
9442,37.3396
9382,11.5564
9443,37.2734
9383,12.0071
9444,36.8798
9384,12.4068
9445,37.4701
9385,11.4029
9386,11.7254
9446,38.0811
9387,11.9980
9447,38.6690
9388,12.1127
9448,37.4658
9449,37.1373
9389,11.3584
9450,38.1275
9390,12.1646
9451,37.1370
9391,11.7119
9452,36.4543
9392,12.2700
9453,37.0029
9393,12.2971
9454,37.9474
9394,12.3183
9455,37.1404
9395,11.3371
9456,37.9291
9396,11.9432
9457,36.5589
9397,11.9110
9458,37.8569
9398,11.7855
9399,11.8569
9459,37.5009
9460,37.5709
9400,11.5622
9461,38.0520
9401,11.4748
9402,11.7845
9462,38.4654
9403,11.7642
9463,37.8726
9404,12.0694
9464,37.3327
9465,37.4325
9405,12.3095
9466,36.8049
9406,11.3204
9467,37.7786
9407,12.0122
9468,37.7360
9408,12.1355
9469,37.3830
9409,12.0742
9470,37.3596
9410,12.0148
9471,37.3591
9411,12.1221
9472,38.1216
9412,11.7869
9473,37.7583
9413,11.9473
9474,38.2818
9414,11.8904
9475,37.2511
9415,12.0774
9476,37.1930
9416,12.4500
9477,37.5900
9417,11.6708
9478,37.4321
9418,12.3479
9479,37.2870
9419,12.2019
9480,37.5870
9420,11.4117
9481,37.5569
9421,12.2372
9482,37.3427
9422,11.3859
9483,38.1224
9423,11.7956
9484,38.0021
9424,11.4975
9425,12.0776
9485,37.6060
9426,12.1612
9486,36.7419
9427,11.8588
9487,43.0176
9488,36.5921
9428,12.2662
9429,10.9188
9489,37.6718
9490,35.7122
9430,11.8767
9491,37.7572
9431,11.2927
9432,12.1151
9492,38.1381
9433,11.8300
9493,37.0362
9494,37.0775
9434,12.2609
9495,38.3929
9435,11.9916
9496,37.7772
9436,11.3320
9437,12.1578
9497,37.5980
9498,36.9590
9438,12.2042
9499,37.3920
9439,11.8898
9500,37.1598
9440,11.9449
9501,38.2163
9441,11.8625
9502,37.7695
9442,11.9339
9503,37.2708
9443,11.8194
9504,36.9924
9444,11.3261
9445,11.8295
9505,38.1858
9506,36.0369
9446,11.7898
9507,37.7127
9447,12.1854
9448,11.2889
9508,37.3253
9509,36.0993
9449,11.3298
9510,38.2474
9450,12.3635
9511,36.4118
9451,11.4284
9452,11.8632
9512,37.7689
9513,36.8463
9453,12.1395
9514,36.6864
9454,11.8455
9515,36.7768
9455,11.1235
9456,12.1303
9516,39.7928
9517,36.8934
9457,11.5335
9518,37.5081
9458,11.5572
9519,38.0514
9459,11.8652
9460,12.2266
9520,37.0729
9521,37.0313
9461,11.4462
9522,37.7399
9462,12.0321
9523,37.5713
9463,12.2677
9464,12.1575
9524,37.2491
9525,36.8522
9465,11.2782
9466,11.7847
9526,39.3909
9467,12.1277
9527,37.7458
9528,37.0212
9468,11.2001
9469,12.0859
9529,38.8205
9530,36.6306
9470,11.8626
9531,38.6944
9471,12.2276
9472,11.9862
9532,36.9922
9533,35.8613
9473,11.2222
9534,37.3181
9474,11.8705
9475,11.7770
9535,37.8185
9476,12.0128
9536,36.7810
9537,38.1120
9477,11.9149
9538,37.1008
9478,11.6110
9479,12.1748
9539,38.0896
9540,37.0766
9480,12.2070
9541,37.2522
9481,11.2675
9482,12.0683
9542,38.4635
9543,37.8704
9483,11.7786
9544,37.0251
9484,11.3421
9485,10.8003
9545,37.5773
9546,36.9681
9486,12.0516
9547,37.2856
9487,11.6219
9548,37.4230
9488,11.5441
9489,12.1655
9549,37.7969
9550,36.7682
9490,11.4736
9491,11.8346
9551,38.3980
9492,11.7478
9552,36.7359
9553,37.2838
9493,11.4389
9494,11.6569
9554,38.3106
9555,37.6015
9495,11.9707
9556,37.5026
9496,11.9569
9557,37.9131
9497,12.2808
9558,37.1968
9498,11.5446
9559,37.5181
9499,11.9160
9560,38.2996
9500,11.7517
9561,37.6221
9501,12.2265
9562,37.2357
9502,11.9706
9563,37.6011
9503,11.4609
9504,11.9617
9564,37.1940
9565,37.6509
9505,11.6086
9566,37.0091
9506,11.9817
9567,37.3127
9507,11.4726
9568,37.9756
9508,12.2573
9569,37.4406
9509,11.8931
9510,11.9134
9570,37.5681
9571,37.7880
9511,11.7257
9572,37.5163
9512,11.5842
9573,38.7980
9513,11.9566
9574,37.3980
9514,11.9020
9515,11.7884
9575,37.5713
9576,37.5295
9516,11.4391
9517,12.1607
9577,37.5963
9578,36.8741
9518,11.4923
9579,38.0778
9519,11.5369
9520,11.8664
9580,38.3877
9521,11.9928
9581,36.8660
9582,37.0999
9522,11.3220
9583,38.3494
9523,12.1843
9524,11.7571
9584,37.3258
9585,35.5033
9525,11.5593
9586,36.9836
9526,11.7519
9587,37.5049
9527,11.9070
9588,37.3883
9528,11.5651
9589,38.3335
9529,11.5183
9530,11.9960
9590,37.2506
9591,37.6078
9531,11.4800
9592,36.9065
9532,11.9400
9593,37.9545
9533,11.6155
9594,36.9675
9534,11.6833
9595,37.5943
9535,11.6646
9536,11.7290
9596,38.3257
9597,36.9235
9537,11.5121
9538,11.9757
9598,37.7355
9539,11.9316
9599,37.6088
9600,36.8813
9540,10.8386
9541,11.8747
9601,37.6881
9602,37.0058
9542,11.6524
9543,11.9454
9603,37.9530
9604,36.7711
9544,11.6263
9605,38.1445
9545,11.6014
9606,37.0637
9546,10.8604
9607,38.1696
9547,11.6902
9548,11.6958
9608,37.9380
9549,11.6726
9609,36.5813
9550,11.9086
9610,36.5151
9611,37.1143
9551,11.3072
9552,11.8889
9612,39.1403
9553,11.7497
9613,37.7683
9554,12.2258
9614,39.2912
9615,36.9493
9555,11.8832
9616,38.3739
9556,12.0102
9617,37.3066
9557,11.7706
9558,11.9164
9618,37.4931
9559,12.0007
9619,36.8898
9620,37.2555
9560,11.1771
9621,37.1677
9561,11.9478
9622,36.8804
9562,12.2148
9623,37.8154
9563,10.5044
9624,38.1083
9564,11.9731
9625,37.0326
9565,11.8759
9626,37.5100
9566,12.1571
9627,38.1493
9567,12.0108
9628,37.2926
9568,11.8083
9629,38.0200
9569,12.1465
9630,37.4858
9570,11.7941
9571,12.0276
9631,38.0050
9632,36.9267
9572,11.1145
9633,38.5089
9573,11.9511
9634,37.3628
9574,12.2741
9575,12.0279
9635,37.4696
9636,36.8346
9576,12.4910
9637,36.5706
9577,12.0724
9638,37.9318
9578,11.9951
9639,37.3812
9579,12.4183
9640,37.5857
9580,12.4746
9641,37.5066
9581,11.5771
9642,37.5001
9582,12.0086
9643,36.2683
9583,11.4151
9584,12.0996
9644,37.3642
9645,38.3011
9585,11.4702
9586,12.0531
9646,38.5560
9647,36.9828
9587,12.0441
9648,37.1359
9588,11.8009
9649,36.5093
9589,12.3442
9650,37.7476
9590,11.5721
9651,37.6194
9591,11.5570
9652,37.9142
9592,12.2800
9653,37.6456
9593,11.7348
9594,11.7905
9654,37.8818
9655,37.6400
9595,11.7685
9656,37.2208
9596,11.4575
9657,38.5258
9597,12.2186
9598,11.7213
9658,37.4168
9659,37.0832
9599,11.3953
9660,37.1867
9600,12.1402
9661,37.3242
9601,11.3629
9662,38.5796
9602,11.5657
9663,38.2562
9603,12.1761
9604,12.0616
9664,36.9940
9665,36.6614
9605,12.2662
9666,36.8006
9606,11.2071
9667,38.1146
9607,12.0903
9668,38.0623
9608,11.8206
9609,11.5906
9669,37.9983
9610,12.0655
9670,37.5822
9671,37.0766
9611,11.8605
9672,37.4399
9612,11.3664
9673,38.3963
9613,11.7586
9674,37.6233
9614,11.6965
9675,37.7649
9615,12.4053
9616,11.9006
9676,37.1277
9677,37.7652
9617,11.8467
9678,37.5973
9618,11.8854
9679,37.5169
9619,12.0205
9680,37.6707
9620,12.2116
9621,11.8033
9681,37.0878
9682,37.4693
9622,11.4360
9623,11.8565
9683,38.5115
9684,38.2032
9624,11.6957
9685,37.4680
9625,12.4353
9686,37.1854
9626,11.4671
9627,12.0869
9687,37.4385
9688,36.9291
9628,11.8641
9689,37.3753
9629,11.4377
9690,37.9073
9630,12.4154
9691,37.8777
9631,11.9630
9692,38.1968
9632,12.2408
9693,36.7832
9633,12.4220
9694,37.3236
9634,11.7939
9635,12.0043
9695,39.3263
9696,37.5452
9636,11.8140
9697,37.7564
9637,12.1273
9698,37.2223
9638,11.5664
9699,36.5397
9639,12.1933
9700,37.4464
9640,12.0215
9701,37.1281
9641,12.1025
9642,11.5889
9702,37.3364
9703,36.9066
9643,11.7982
9704,37.0870
9644,10.9861
9645,11.5731
9705,38.0377
9706,36.8613
9646,11.3534
9647,11.7135
9707,37.6330
9708,37.1825
9648,11.1901
9709,37.8740
9649,11.1249
9710,38.0015
9650,11.5939
9711,36.8906
9651,11.3550
9712,37.3765
9652,11.4196
9653,10.8575
9713,37.9293
9714,37.4888
9654,11.5485
9715,37.4959
9655,11.5330
9716,37.6661
9656,11.0852
9717,37.9445
9657,11.2188
9718,36.9116
9658,11.7086
9659,11.6747
9719,39.7266
9660,11.2418
9720,37.2593
9721,37.1929
9661,11.2818
9722,37.8776
9662,11.0292
9663,11.6300
9723,38.9957
9724,36.8450
9664,11.2953
9665,11.4941
9725,37.2644
9726,37.4451
9666,11.6838
9727,36.6228
9667,11.2238
9728,37.5029
9668,11.3563
9729,38.0301
9669,11.8124
9670,11.2544
9730,37.6435
9671,11.7140
9731,37.6266
9732,37.0388
9672,11.5071
9733,37.3032
9673,11.2527
9674,11.8942
9734,38.5551
9675,11.4735
9735,37.1246
9676,11.1656
9736,37.3743
9737,37.3105
9677,12.3259
9738,36.8591
9678,10.9461
9739,37.7691
9679,11.1901
9680,11.3888
9740,37.8063
9681,11.3458
9741,37.0581
9742,37.7032
9682,11.5758
9743,37.7886
9683,11.8936
9744,36.9800
9684,11.0946
9745,38.3680
9685,11.5525
9686,11.7174
9746,37.6813
9747,37.0671
9687,11.1586
9688,11.2762
9748,37.5642
9689,11.7950
9749,37.4340
9750,36.7229
9690,11.4167
9751,37.3220
9691,10.9914
9752,37.4934
9692,12.0021
9753,37.1601
9693,11.2137
9754,37.8061
9694,11.9071
9755,37.2499
9695,11.8166
9756,37.2060
9696,11.3413
9757,37.5341
9697,11.5341
9758,37.5881
9698,11.4646
9759,36.9874
9699,11.8337
9760,37.0332
9700,11.2531
9761,37.7924
9701,10.9704
9702,11.5090
9762,38.9923
9763,36.0778
9703,12.1027
9764,36.9712
9704,11.6417
9765,37.3212
9705,11.3951
9766,37.7164
9706,11.5613
9767,37.2889
9707,11.4674
9768,38.1236
9708,11.2166
9769,38.6470
9709,11.9676
9710,11.5175
9770,37.1254
9771,36.5531
9711,11.7740
9772,36.9482
9712,11.3271
9773,37.1688
9713,11.5457
9714,11.6190
9774,37.6619
9715,11.9981
9775,37.2161
9776,36.8153
9716,11.0324
9777,37.4132
9717,11.6601
9778,37.4734
9718,10.8357
9719,11.7984
9779,38.8470
9720,11.3669
9780,37.1625
9781,37.2657
9721,11.1799
9782,37.7061
9722,11.1078
9783,37.8004
9723,11.3911
9724,11.5411
9784,38.0372
9785,35.7599
9725,11.0745
9786,38.1323
9726,11.2715
9787,38.1269
9727,11.6692
9728,11.4801
9788,37.1924
9789,37.0158
9729,10.9727
9790,37.6022
9730,11.6293
9791,36.5671
9731,10.9826
9732,11.5869
9792,38.0544
9793,36.4652
9733,11.6766
9794,36.6194
9734,11.3533
9795,37.3721
9735,10.9236
9796,37.5064
9736,11.5663
9797,37.2451
9737,11.0575
9798,38.0565
9738,11.6250
9739,11.5038
9799,37.1889
9800,36.4192
9740,11.2694
9801,37.5167
9741,10.8841
9742,11.5956
9802,37.4355
9803,37.2985
9743,11.1924
9744,11.1109
9804,39.0814
9805,37.0982
9745,11.7625
9806,37.0107
9746,10.8955
9807,37.6845
9747,11.3016
9808,37.5170
9748,11.4384
9809,36.0452
9749,10.8902
9810,37.8452
9750,11.7840
9811,37.0254
9751,11.7418
9812,37.0857
9752,11.0224
9813,38.0887
9753,11.5202
9814,38.0641
9754,11.7253
9815,35.7991
9755,11.7116
9816,36.2642
9756,10.9495
9817,37.7240
9757,11.0365
9818,37.6434
9758,11.3759
9819,37.7882
9759,11.6591
9820,37.6410
9760,11.1460
9821,37.4011
9761,11.1612
9822,36.6983
9762,10.9529
9823,37.8115
9763,11.0457
9824,37.5008
9764,11.4232
9825,37.4410
9765,11.3588
9826,37.4138
9766,10.8486
9827,37.8123
9767,11.5389
9828,37.5260
9768,10.6720
9829,37.1581
9769,11.2555
9830,37.2107
9770,11.3824
9831,37.4569
9771,11.5762
9832,36.8780
9772,10.9978
9833,37.7715
9773,11.4905
9834,37.6911
9774,11.1730
9835,37.9625
9775,11.3631
9836,37.2166
9776,11.4803
9837,36.8265
9777,11.2535
9838,37.1962
9778,10.9629
9779,11.9968
9839,37.4398
9840,37.3080
9780,10.9100
9841,37.9920
9781,11.2268
9842,37.3239
9782,11.8844
9843,37.2425
9783,11.9232
9844,37.3824
9784,10.7084
9845,36.7475
9785,11.7548
9846,37.7926
9786,11.4292
9847,37.6771
9787,11.3810
9848,36.3563
9788,11.1967
9849,38.0539
9789,11.7999
9850,37.2354
9790,11.4018
9851,37.5458
9791,11.6604
9852,37.8879
9792,11.0393
9853,37.1904
9793,11.5131
9854,36.9221
9794,11.5523
9855,37.1049
9795,11.2732
9856,38.5227
9796,11.5771
9857,37.5764
9797,11.0635
9858,36.0712
9798,11.0275
9859,37.2954
9799,11.2876
9860,37.4171
9800,11.6994
9861,36.8217
9801,11.2790
9862,38.0552
9802,11.0201
9863,37.5506
9803,11.8310
9864,37.2203
9804,10.8214
9805,11.5318
9865,38.2171
9866,37.4904
9806,11.1856
9867,36.4534
9807,11.1869
9808,11.3583
9868,38.5381
9869,36.8578
9809,10.8613
9870,37.2939
9810,11.2320
9871,37.6525
9811,10.8350
9812,11.2041
9872,38.1007
9873,37.7874
9813,10.7011
9874,37.8624
9814,11.8129
9875,37.0000
9815,11.1758
9876,38.5611
9816,11.4885
9817,11.4763
9877,37.3576
9878,36.0086
9818,11.2250
9879,37.3865
9819,10.8298
9880,37.6033
9820,11.9076
9881,37.7312
9821,10.9735
9882,36.6829
9822,11.2975
9883,37.3023
9823,11.1576
9884,37.5250
9824,11.8122
9885,37.1107
9825,10.7933
9826,11.2844
9886,38.9247
9887,37.3353
9827,11.4255
9888,37.5952
9828,11.4474
9889,36.0023
9829,10.9588
9830,11.3974
9890,39.1215
9891,37.6637
9831,11.3835
9892,37.5203
9832,10.6392
9893,38.0400
9833,11.4197
9894,36.9422
9834,11.0916
9895,37.5387
9835,11.2370
9896,36.4022
9836,10.9210
9897,38.0279
9837,11.4803
9898,37.1811
9838,10.8286
9899,38.1530
9839,11.9031
9900,37.2578
9840,11.1832
9901,37.3360
9841,11.3533
9902,37.7491
9842,11.0515
9903,37.7810
9843,11.7102
9844,11.2754
9904,36.5490
9905,38.0455
9845,10.9518
9906,37.9227
9846,11.0913
9907,38.2689
9847,10.8062
9848,11.7385
9908,38.1538
9909,37.0174
9849,11.6721
9910,37.0875
9850,11.5784
9911,37.4325
9851,11.1527
9852,11.3840
9912,37.6676
9913,37.3694
9853,11.4375
9914,37.9021
9854,11.4745
9915,37.1615
9855,11.2402
9916,37.8752
9856,11.6847
9917,37.0185
9857,11.2565
9918,37.8334
9858,11.4787
9919,37.4082
9859,11.0308
9920,37.7615
9860,11.7327
9921,36.7649
9861,11.0575
9922,37.7024
9862,10.7255
9923,37.6109
9863,11.9713
9924,36.8351
9864,10.8513
9925,38.2379
9865,11.1604
9866,11.7632
9926,38.5949
9927,36.8038
9867,11.1945
9868,11.2310
9928,37.7067
9929,37.3144
9869,11.8057
9930,36.7882
9870,10.8396
9931,36.8346
9871,11.3407
9932,37.8865
9872,11.8341
9933,37.3181
9873,11.4778
9934,37.1346
9874,11.1832
9935,38.7686
9875,11.9616
9936,37.1543
9876,11.6058
9937,37.4385
9877,11.6320
9938,37.2081
9878,11.4179
9939,37.1356
9879,11.0222
9940,38.3793
9880,11.5551
9881,11.8251
9941,37.8424
9882,11.9891
9942,37.9200
9943,37.0633
9883,11.5688
9884,11.3370
9944,37.2075
9945,37.3788
9885,11.1629
9946,37.4845
9886,11.7778
9947,36.8422
9887,11.2462
9888,11.6622
9948,37.7956
9889,11.3779
9949,36.6832
9950,37.3328
9890,11.1499
9951,37.6094
9891,11.6808
9952,37.1680
9892,10.9753
9893,10.9193
9953,37.4926
9954,37.3309
9894,10.9383
9955,37.6109
9895,11.5854
9956,37.2116
9896,10.7524
9897,11.5796
9957,39.1262
9958,36.7942
9898,11.2725
9959,37.7269
9899,11.7736
9960,36.4791
9900,10.4903
9901,11.2476
9961,39.4848
9962,37.4671
9902,11.2681
9903,11.1516
9963,37.4426
9904,11.1579
9964,37.4234
9965,37.2940
9905,12.1720
9966,37.1624
9906,11.0401
9967,37.7942
9907,11.3631
9968,35.9727
9908,11.4842
9909,11.5870
9969,37.9978
9910,11.6832
9970,37.1348
9971,36.9935
9911,11.1239
9972,37.2744
9912,10.7768
9973,38.4912
9913,11.2763
9914,11.5215
9974,37.4741
9975,36.7113
9915,11.5893
9976,36.8457
9916,11.9739
9977,37.1093
9917,11.2184
9978,37.5205
9918,11.1841
9979,37.5725
9919,11.5026
9920,11.6933
9980,38.4441
9921,11.5148
9981,36.9309
9922,11.8194
9982,36.8359
9983,36.9436
9923,11.2415
9984,37.0279
9924,11.2174
9925,11.2527
9985,38.8287
9926,11.4053
9986,37.6070
9927,11.1463
9987,37.3650
9928,12.1293
9988,37.8456
9989,36.7787
9929,10.9809
9990,38.2831
9930,11.1101
9931,11.6902
9991,37.8474
9932,11.3638
9992,36.8161
9993,36.5244
9933,11.5998
9994,36.6382
9934,10.8670
9995,37.9776
9935,11.1596
9996,37.7328
9936,10.8078
9997,37.7978
9937,11.1518
9998,36.5928
9938,11.2392
9999,37.1713
9939,11.9292
10000,37.3434
9940,10.7634
10001,37.4950
9941,11.7024
10002,37.5959
9942,11.4547
10003,36.5540
9943,11.3809
9944,11.3380
10004,38.0411
10005,37.3251
9945,10.9221
10006,38.0843
9946,11.5714
10007,36.9514
9947,10.6625
9948,11.3219
10008,38.9575
9949,11.1135
10009,37.0594
10010,36.0790
9950,11.1729
10011,37.1349
9951,11.6442
10012,36.3700
9952,10.9295
10013,38.0778
9953,10.7297
9954,11.2150
10014,37.9729
10015,37.0292
9955,11.4312
10016,37.0313
9956,11.3341
10017,36.6929
9957,11.9618
10018,37.9394
9958,10.8595
10019,38.4542
9959,10.9266
9960,11.5808
10020,38.9241
9961,11.6820
10021,37.2000
10022,36.8834
9962,11.6849
10023,37.0081
9963,11.3171
10024,37.2029
9964,11.2308
10025,37.6121
9965,11.0784
10026,37.5467
9966,11.1796
9967,11.3462
10027,37.0646
9968,11.4842
10028,36.8569
10029,37.0615
9969,10.8854
10030,37.9148
9970,11.0618
10031,38.1213
9971,11.7997
10032,37.0215
9972,11.3464
9973,11.4650
10033,38.0030
10034,36.8060
9974,11.7802
10035,36.8481
9975,10.8776
10036,37.7660
9976,11.6687
10037,37.0721
9977,11.1916
10038,38.3214
9978,11.4100
10039,37.6152
9979,11.7063
10040,36.9192
9980,11.6634
10041,37.0937
9981,10.9193
9982,11.1259
10042,37.7259
10043,37.3144
9983,11.5987
10044,37.3658
9984,10.7671
10045,37.6447
9985,11.6414
9986,11.1489
10046,37.0983
10047,36.7826
9987,11.1086
9988,11.2356
10048,37.6881
10049,36.8416
9989,10.9842
9990,11.5635
10050,37.4214
10051,36.8384
9991,10.8317
9992,11.3348
10052,39.2388
10053,36.6783
9993,10.8916
10054,37.7080
9994,11.3234
10055,36.8739
9995,11.4506
10056,37.5758
9996,11.1361
10057,37.1498
9997,10.7374
10058,37.9045
9998,11.3006
10059,37.8247
9999,11.5485
10000,11.2597
10060,37.7361
10061,36.6664
10001,11.1313
10062,37.7572
10002,11.5975
10063,37.1467
10003,10.9686
10004,11.2089
10064,37.9153
10065,36.9502
10005,11.3804
10066,36.6160
10006,10.8148
10067,37.8592
10007,11.3791
10068,38.0793
10008,11.7295
10069,36.8959
10009,10.5658
10070,37.8901
10010,11.2659
10071,37.3829
10011,11.4716
10072,37.8452
10012,10.9659
10073,37.7968
10013,11.3035
10074,38.2069
10014,11.2616
10075,37.4249
10015,10.8492
10016,11.4390
10076,37.7894
10077,36.9219
10017,10.8633
10078,37.6148
10018,10.8842
10079,37.5961
10019,11.5965
10080,37.0217
10020,11.3408
10081,37.6699
10021,10.7006
10082,37.4297
10022,11.2996
10023,11.5272
10083,37.9850
10084,36.6137
10024,10.8820
10085,38.1443
10025,11.2235
10026,11.4215
10086,37.5658
10087,37.0456
10027,10.6416
10088,36.9926
10028,11.3100
10089,36.1526
10029,11.0462
10090,37.7669
10030,10.5519
10091,38.5793
10031,11.3622
10092,37.2231
10032,11.5464
10033,11.0017
10093,37.6351
10034,11.1173
10094,37.0833
10035,11.2598
10095,36.9550
10096,37.8149
10036,11.0417
10037,11.0332
10097,38.2192
10038,11.1901
10098,37.5267
10099,37.3338
10039,11.1680
10100,37.2236
10040,11.3372
10101,36.8925
10041,10.7804
10102,37.6329
10042,11.0153
10103,37.7493
10043,11.2438
10104,37.3180
10044,11.1247
10045,11.5420
10105,37.9935
10106,36.6519
10046,10.9102
10107,38.1043
10047,10.9519
10108,37.6981
10048,10.9790
10109,37.5278
10049,11.1961
10110,37.4774
10050,10.9793
10051,11.5542
10111,38.2002
10112,36.8298
10052,11.0016
10053,10.9401
10113,37.3702
10054,11.2025
10114,37.6488
10115,35.8823
10055,10.8570
10116,39.1455
10056,11.1187
10117,37.1829
10057,11.3945
10118,37.3919
10058,10.6654
10119,38.1513
10059,11.3083
10060,11.5954
10120,37.1189
10061,11.3488
10121,36.8600
10122,36.8876
10062,11.2411
10123,37.7037
10063,11.1230
10124,37.5715
10064,11.0250
10065,11.2341
10125,38.0899
10066,11.2690
10126,36.5925
10127,37.2562
10067,11.1178
10128,37.0205
10068,10.6196
10069,11.3938
10129,37.5188
10130,37.2423
10070,10.8419
10131,37.8321
10071,11.2963
10072,11.2605
10132,37.3973
10133,37.3190
10073,11.0797
10134,37.3362
10074,10.6393
10075,11.4090
10135,39.3218
10136,36.9450
10076,10.9840
10137,37.9750
10077,11.4757
10138,36.7420
10078,12.0882
10139,36.7337
10079,10.5931
10140,38.1797
10080,11.4539
10141,37.3137
10081,10.9318
10142,37.6530
10082,11.1832
10143,37.9818
10083,11.5234
10144,37.5908
10084,10.7670
10145,37.7927
10085,11.2866
10146,38.5607
10086,11.3325
10147,37.1021
10087,11.2881
10148,37.3561
10088,11.0977
10149,37.7360
10089,11.5048
10150,37.0082
10090,10.7016
10151,37.7356
10091,11.1848
10092,11.5179
10152,37.4144
10153,36.9319
10093,10.9518
10154,37.6961
10094,10.9818
10155,37.4153
10095,11.4674
10156,37.0478
10096,10.6522
10157,37.4708
10097,11.4396
10158,37.6949
10098,10.9366
10159,37.3139
10099,11.6064
10160,37.1942
10100,10.7348
10101,11.5870
10161,39.1887
10162,36.4012
10102,10.6765
10103,11.3715
10163,38.1793
10104,11.3783
10164,36.8635
10105,11.4173
10165,36.9676
10166,37.3135
10106,11.0859
10167,37.7324
10107,11.0467
10168,37.5733
10108,11.4670
10169,36.9476
10109,11.2949
10170,36.7606
10110,11.0072
10171,36.4076
10111,11.3009
10172,37.1731
10112,10.9500
10173,37.6406
10113,10.8334
10174,37.5564
10114,11.2342
10115,11.2395
10175,37.5145
10176,36.5413
10116,11.3331
10177,36.8164
10117,10.8818
10178,38.3552
10118,11.0482
10179,37.5166
10119,10.8509
10120,11.1294
10180,38.2232
10121,11.5794
10181,37.2295
10182,37.1856
10122,11.6740
10183,37.0661
10123,10.7482
10124,11.6317
10184,37.8457
10185,37.2083
10125,11.2419
10186,37.4539
10126,11.0507
10187,37.6313
10127,11.3805
10188,37.4295
10128,10.7364
10129,11.3932
10189,37.7975
10190,37.5329
10130,11.4450
10191,37.3504
10131,11.3699
10192,37.6857
10132,10.9881
10193,38.1217
10133,11.1657
10194,36.5283
10134,11.3475
10195,37.0896
10135,11.1542
10136,11.3934
10196,37.7996
10197,37.1676
10137,11.3392
10198,37.4834
10138,11.0469
10199,37.4684
10139,11.2597
10200,37.4335
10140,11.0990
10201,37.4868
10141,11.6390
10142,11.4320
10202,36.8722
10203,35.9859
10143,10.8866
10204,37.6170
10144,11.3138
10205,37.2902
10145,12.0195
10206,37.3687
10146,10.8642
10147,11.3797
10207,37.7598
10208,36.4111
10148,11.5038
10209,37.4687
10149,10.7679
10210,37.8697
10150,11.2672
10211,37.0783
10151,11.4314
10212,37.0631
10152,10.6665
10153,11.6700
10213,39.6646
10154,11.6223
10214,37.8654
10215,37.3557
10155,11.3456
10156,11.4403
10216,37.1944
10217,36.4038
10157,11.1557
10218,37.4785
10158,11.0958
10219,37.9674
10159,11.4326
10220,37.7617
10160,11.7398
10221,36.6482
10161,11.5613
10222,37.2793
10162,11.5814
10223,38.0116
10163,10.7263
10164,11.3945
10224,38.0356
10225,37.4980
10165,11.2026
10226,37.6173
10166,11.6897
10167,11.7557
10227,36.9892
10228,36.9760
10168,11.1423
10229,37.5887
10169,11.5587
10230,37.2923
10170,10.9843
10231,37.7943
10171,11.4469
10232,37.3589
10172,11.6865
10173,11.4993
10233,36.9907
10234,37.3592
10174,10.8656
10175,11.6359
10235,38.6155
10236,37.1551
10176,11.2274
10177,11.1883
10237,37.5016
10178,11.8399
10238,37.3659
10239,36.4100
10179,10.9037
10180,11.3105
10240,39.0593
10241,36.5125
10181,10.9289
10242,38.1357
10182,11.4358
10243,37.4223
10183,11.6988
10244,37.0348
10184,11.3711
10245,37.5125
10185,10.9744
10186,11.0940
10246,38.5861
10247,37.2698
10187,11.5001
10248,36.1758
10188,11.5832
10249,36.5664
10189,11.2940
10250,37.4547
10190,10.9252
10251,37.1915
10191,10.7567
10192,11.6171
10252,38.8474
10193,11.6049
10253,36.7941
10254,36.7782
10194,11.9050
10255,37.0109
10195,10.8379
10256,38.5024
10196,11.3732
10257,36.0465
10197,11.4747
10258,37.4599
10198,11.5711
10199,11.6007
10259,37.1464
10260,36.0287
10200,11.0751
10261,38.5230
10201,11.1360
10262,37.4623
10202,10.9547
10203,11.4739
10263,37.9131
10204,11.7189
10264,36.8401
10265,36.7374
10205,10.9155
10266,37.7177
10206,11.6361
10267,37.1117
10207,10.9996
10268,37.6194
10208,11.0694
10209,11.6714
10269,37.3667
10210,11.6533
10270,37.7014
10271,36.6129
10211,10.6994
10212,11.5612
10272,37.7558
10273,37.1540
10213,10.6877
10274,37.7389
10214,11.1717
10215,11.3415
10275,37.3341
10276,36.9447
10216,11.5320
10277,37.9095
10217,10.6156
10278,38.4532
10218,11.9712
10279,37.0373
10219,10.5813
10280,38.8348
10220,11.7120
10281,37.0122
10221,11.2883
10222,11.4131
10282,38.3393
10283,36.6765
10223,10.8788
10284,36.6968
10224,11.1425
10285,37.0006
10225,10.9913
10286,38.1851
10226,11.5272
10287,37.3011
10227,11.2130
10288,38.0773
10228,11.6230
10289,36.8588
10229,11.0009
10290,38.1689
10230,11.2005
10291,37.6774
10231,11.6047
10292,37.4740
10232,11.0265
10233,11.4887
10293,38.9647
10234,11.4433
10294,38.6846
10295,37.4326
10235,11.4915
10296,37.3975
10236,11.5501
10297,37.5695
10237,11.2090
10298,37.6159
10238,11.7241
10299,37.2862
10239,11.2857
10300,37.6062
10240,11.4711
10301,37.5467
10241,10.7739
10242,11.4189
10302,38.5156
10303,37.2715
10243,11.3840
10304,37.9084
10244,11.1040
10305,38.2881
10245,11.0800
10246,11.4213
10306,38.5941
10307,37.2521
10247,11.0068
10308,37.7940
10248,11.5192
10309,36.9290
10249,11.4555
10310,36.9774
10250,11.0015
10311,38.6738
10251,10.8802
10312,38.2318
10252,11.4019
10253,11.3324
10313,37.5931
10254,11.2649
10314,37.2893
10315,36.7691
10255,12.0396
10316,37.7043
10256,10.6944
10317,38.1300
10257,11.3210
10258,11.2312
10318,37.8468
10319,37.6675
10259,11.7513
10320,37.3432
10260,11.6996
10321,37.2558
10261,11.5375
10322,38.2185
10262,11.3058
10263,11.4129
10323,37.3052
10324,38.0965
10264,10.8622
10265,11.6738
10325,38.0937
10266,11.7872
10326,37.6673
10327,37.2321
10267,11.0895
10328,36.4774
10268,11.5122
10329,37.4490
10269,11.0158
10330,38.1554
10270,10.7929
10271,11.3707
10331,38.7800
10272,11.1143
10332,37.1632
10273,11.3615
10333,38.7623
10334,37.5160
10274,11.4110
10335,38.1570
10275,11.0059
10336,36.4484
10276,11.0347
10277,11.6280
10337,37.6821
10338,36.9199
10278,11.6560
10339,37.2426
10279,11.5878
10340,37.4220
10280,11.2309
10341,38.2006
10281,11.6406
10342,37.5278
10282,11.3876
10343,36.7994
10283,11.4452
10344,37.9072
10284,11.3976
10345,37.0267
10285,11.4537
10346,37.3662
10286,10.6642
10287,11.3643
10347,39.6536
10288,11.3218
10348,37.0717
10349,37.3444
10289,11.2847
10290,11.4990
10350,38.5668
10351,36.9298
10291,10.8766
10352,37.9283
10292,10.9465
10293,11.3540
10353,37.7346
10294,11.3628
10354,37.4751
10295,11.1418
10355,36.6332
10296,11.7043
10356,37.4119
10357,35.8915
10297,10.4314
10298,11.1681
10358,38.2757
10299,11.5321
10359,37.3672
10360,36.5277
10300,10.7240
10361,37.4205
10301,11.6779
10362,37.0612
10302,11.1208
10363,38.6798
10303,10.7234
10304,11.3509
10364,38.7498
10305,11.4610
10365,36.7928
10366,37.8139
10306,11.4024
10307,11.6630
10367,37.5333
10368,36.8570
10308,10.8642
10309,11.4175
10369,38.7254
10370,36.8036
10310,11.7652
10371,37.2134
10311,11.5181
10372,36.5394
10312,11.2516
10373,37.0674
10313,11.2282
10374,38.0204
10314,11.3858
10315,11.4851
10375,37.5633
10376,36.5248
10316,11.0705
10377,37.5490
10317,11.4050
10378,37.3520
10318,11.6257
10379,37.1127
10319,10.8928
10380,37.8555
10320,11.5584
10381,37.5293
10321,11.0933
10382,37.7630
10322,10.8601
10383,37.2279
10323,11.0704
10384,37.5341
10324,11.5730
10385,36.7116
10325,10.5911
10386,38.1787
10326,11.6543
10387,36.9856
10327,11.1868
10388,36.3443
10328,10.9061
10329,11.5986
10389,37.9350
10330,11.5759
10390,36.6330
10391,36.8573
10331,10.9247
10392,37.6517
10332,11.5014
10393,37.4952
10333,11.5356
10394,36.2608
10334,10.4744
10335,11.6097
10395,38.6673
10336,11.7782
10396,37.5036
10337,11.5711
10397,36.8978
10398,37.6927
10338,11.1297
10399,36.8626
10339,11.5257
10400,37.1531
10340,10.9476
10341,11.7004
10401,38.4629
10402,36.0464
10342,11.8904
10403,37.1117
10343,11.0961
10404,37.4135
10344,11.0640
10405,38.1047
10345,11.3489
10406,37.4424
10346,10.9563
10347,11.7324
10407,37.5880
10348,11.7479
10408,38.1232
10409,37.1410
10349,11.1810
10410,37.4675
10350,11.5011
10411,36.8760
10351,11.5104
10412,37.7402
10352,11.2116
10413,38.2236
10353,11.4618
10354,11.9186
10414,38.2175
10415,36.9897
10355,11.2860
10416,37.1272
10356,11.2211
10417,37.5897
10357,11.6701
10418,36.8804
10358,10.8257
10419,38.3902
10359,11.8225
10420,37.6802
10360,11.8302
10421,37.5883
10361,11.8708
10422,37.0945
10362,11.4328
10423,37.5329
10363,11.3702
10424,37.6095
10364,11.2584
10425,37.8722
10365,11.1275
10366,11.5508
10426,37.7289
10367,11.2942
10427,36.9324
10428,37.5298
10368,11.1768
10429,37.5657
10369,11.8612
10430,37.6334
10370,11.1828
10431,37.9696
10371,11.1756
10432,37.5154
10372,11.3363
10373,11.3178
10433,37.2039
10374,11.4496
10434,37.7022
10435,37.1014
10375,10.9083
10436,39.7232
10376,11.5378
10437,37.3205
10377,11.6090
10438,36.8418
10378,11.5565
10439,36.9750
10379,11.0922
10440,38.1286
10380,11.8503
10441,37.8241
10381,11.6296
10442,37.2378
10382,11.0679
10443,37.6860
10383,11.7713
10444,37.4195
10384,11.3864
10445,37.9485
10385,11.1723
10446,37.3352
10386,12.0592
10447,37.3574
10387,11.6499
10388,11.9873
10448,37.0671
10449,36.6667
10389,10.8653
10450,36.9482
10390,10.9291
10391,11.5593
10451,38.2714
10452,36.2836
10392,11.7101
10393,11.7656
10453,37.3285
10454,36.8268
10394,11.3370
10455,37.2275
10395,10.7947
10396,11.5984
10456,38.2737
10457,37.1222
10397,11.9103
10458,36.9563
10398,11.5393
10459,37.2993
10399,11.4582
10460,37.3257
10400,11.3551
10461,37.8936
10401,11.0319
10402,11.7647
10462,37.8299
10463,37.3108
10403,11.3970
10404,11.2954
10464,38.0572
10465,37.9539
10405,11.6824
10466,37.2300
10406,11.8228
10467,37.4782
10407,10.7295
10408,11.5869
10468,38.3085
10469,36.2552
10409,11.1039
10410,11.6663
10470,37.7024
10411,11.1415
10471,37.2032
10412,12.0191
10472,37.3091
10473,37.4683
10413,10.8999
10414,11.7495
10474,38.9930
10415,11.6448
10475,37.1013
10476,37.0557
10416,11.4890
10417,11.5997
10477,37.2832
10478,36.8840
10418,11.2127
10479,36.9740
10419,10.8826
10480,37.7803
10420,11.5416
10421,11.6628
10481,37.6755
10482,37.1686
10422,11.3450
10483,37.6250
10423,11.8307
10484,36.9174
10424,11.1588
10425,11.3294
10485,38.1145
10426,11.2328
10486,37.3059
10487,37.8709
10427,11.6087
10488,37.5698
10428,11.6654
10429,12.1098
10489,37.6800
10490,37.0372
10430,10.9117
10491,38.2300
10431,11.9807
10432,11.2426
10492,37.4529
10493,37.3206
10433,11.6068
10434,11.6871
10494,37.5090
10495,36.7934
10435,11.2349
10496,38.6211
10436,11.5699
10497,37.8177
10437,12.1341
10498,37.7508
10438,12.1379
10499,37.7078
10439,11.8234
10500,37.4762
10440,11.3880
10501,37.4708
10441,10.9025
10442,11.6641
10502,39.6752
10443,11.7616
10503,36.9546
10504,37.1738
10444,11.5243
10505,38.2048
10445,11.3529
10506,38.2756
10446,11.5581
10507,37.9288
10447,11.7989
10508,37.3911
10448,11.8388
10449,11.5989
10509,37.2809
10510,36.8716
10450,11.6352
10511,37.6146
10451,11.3276
10512,37.6849
10452,11.1964
10453,11.4122
10513,38.0488
10454,11.4951
10514,36.3954
10515,37.1026
10455,12.0709
10516,37.2340
10456,11.3764
10517,38.0449
10457,11.3645
10518,37.7292
10458,11.7003
10459,11.6741
10519,37.7341
10460,11.6707
10520,37.1309
10521,36.9450
10461,11.2430
10522,37.1652
10462,11.1097
10463,11.8626
10523,37.5903
10524,36.7136
10464,11.3464
10525,37.5176
10465,11.8069
10526,37.2059
10466,11.5669
10527,37.9166
10467,11.4989
10528,37.0940
10468,10.6375
10529,38.4558
10469,11.9685
10470,11.3822
10530,37.8858
10471,11.7804
10531,37.2030
10472,11.8238
10532,36.8362
10533,37.0284
10473,11.1330
10534,38.0040
10474,10.9811
10475,11.5038
10535,39.7940
10476,11.1846
10536,36.4825
10537,37.4455
10477,11.1802
10538,37.9050
10478,11.7338
10539,37.3259
10479,10.7144
10540,38.2111
10480,11.9312
10481,11.6837
10541,36.9978
10542,36.8807
10482,11.3327
10483,11.5821
10543,37.4923
10544,36.2717
10484,10.6410
10545,38.9900
10485,11.6491
10486,11.7374
10546,38.1759
10487,11.5490
10547,37.4864
10488,11.7581
10548,36.7741
10549,37.4488
10489,11.8029
10550,37.4991
10490,11.2209
10551,37.4364
10491,11.6906
10552,37.5998
10492,11.2508
10553,37.6509
10493,11.7830
10554,37.4772
10494,10.9994
10495,11.8101
10555,38.7942
10556,37.2511
10496,11.7034
10557,36.6972
10497,10.8851
10558,37.3662
10498,11.0392
10559,37.5372
10499,11.5409
10500,11.5617
10560,36.5605
10561,36.7253
10501,11.3102
10562,37.3985
10502,11.6655
10563,37.1554
10503,11.0545
10564,38.2668
10504,11.5158
10505,11.3921
10565,38.4551
10506,11.5896
10566,35.7650
10567,37.1446
10507,11.0894
10568,37.3520
10508,11.3638
10569,37.6230
10509,11.6556
10510,11.6827
10570,37.0209
10571,37.4064
10511,10.9826
10572,37.7129
10512,11.4055
10573,36.9234
10513,11.7199
10574,37.6746
10514,11.6503
10515,11.5179
10575,37.6792
10576,36.9998
10516,11.1416
10577,37.6567
10517,10.6637
10518,11.6664
10578,37.8939
10579,37.3589
10519,11.2759
10580,36.3338
10520,11.2699
10581,37.2457
10521,11.4426
10582,37.1881
10522,11.1178
10583,37.5859
10523,10.3701
10584,37.6810
10524,11.6619
10585,37.3455
10525,11.7558
10586,36.9314
10526,11.0790
10527,11.8287
10587,37.7893
10588,36.7502
10528,11.4095
10589,37.3149
10529,11.0108
10530,11.3852
10590,37.6445
10591,37.0292
10531,11.4894
10592,38.8867
10532,11.5706
10533,11.6138
10593,37.2563
10594,36.9183
10534,11.4162
10595,37.7993
10535,10.6068
10596,36.5795
10536,11.6555
10597,37.0836
10537,11.2888
10598,37.7021
10538,11.6020
10539,11.5546
10599,36.7057
10600,37.8922
10540,11.7395
10601,37.5484
10541,11.2579
10542,11.3415
10602,37.5866
10603,38.3184
10543,11.3085
10544,11.3068
10604,37.3126
10605,37.8345
10545,11.7718
10606,37.6049
10546,11.0761
10547,11.5461
10607,38.8966
10548,10.9796
10608,37.6015
10609,35.5980
10549,11.2338
10610,36.8907
10550,10.7882
10611,38.1640
10551,11.2082
10612,37.2049
10552,10.8931
10553,11.4570
10613,38.6879
10614,37.2055
10554,11.6786
10555,11.3765
10615,37.9903
10616,37.8839
10556,10.9262
10617,37.7696
10557,11.3472
10618,37.0134
10558,10.8580
10559,11.1838
10619,38.6011
10560,11.3948
10620,37.5263
10621,36.8727
10561,11.3462
10562,11.0545
10622,37.8070
10623,37.6209
10563,10.8689
10624,38.8494
10564,10.6884
10565,12.0459
10625,38.4638
10566,11.4920
10626,37.1280
10567,11.5321
10627,37.9059
10568,11.1318
10628,37.2769
10629,36.0676
10569,10.7189
10630,37.9132
10570,11.4659
10571,11.5784
10631,37.7076
10632,36.6776
10572,10.6666
10633,37.2534
10573,11.1794
10634,37.6191
10574,11.5974
10635,37.5141
10575,11.5425
10636,37.7305
10576,11.1048
10577,10.9596
10637,38.7638
10638,37.4038
10578,11.2560
10639,37.8320
10579,11.2594
10640,36.9493
10580,11.2948
10641,36.8741
10581,10.7205
10642,38.6018
10582,11.0434
10583,11.1533
10643,37.7946
10584,11.1817
10644,37.5451
10645,36.6858
10585,11.2296
10646,37.0628
10586,10.6963
10647,36.7022
10587,10.7864
10588,11.3224
10648,37.7437
10589,10.9393
10649,37.2674
10650,37.1547
10590,11.2452
10651,37.3041
10591,11.3398
10592,11.3309
10652,37.1628
10653,36.6635
10593,10.4899
10594,11.3862
10654,38.1905
10595,11.0668
10655,36.9081
10596,11.3729
10656,38.1018
10657,37.2047
10597,10.5101
10598,11.1017
10658,38.7459
10659,37.3566
10599,11.2178
10660,37.4774
10600,11.3244
10661,37.4638
10601,11.0421
10662,37.8787
10602,11.2246
10663,37.4206
10603,10.5756
10664,37.7472
10604,11.2383
10605,11.2699
10665,37.3950
10666,36.2872
10606,10.7189
10667,37.6771
10607,10.8524
10608,11.2038
10668,37.5070
10669,37.4811
10609,11.0024
10670,38.0325
10610,11.2618
10611,11.4073
10671,37.6342
10672,36.9683
10612,10.8446
10673,36.6969
10613,10.9971
10674,37.5269
10614,10.7986
10675,37.7272
10615,11.4624
10676,36.6716
10616,10.6236
10677,38.7959
10617,10.9925
10678,37.6195
10618,11.2229
10679,37.2712
10619,10.8767
10680,37.6285
10620,10.6389
10681,37.8999
10621,10.8992
10682,36.9056
10622,11.1554
10683,37.6927
10623,10.9203
10684,37.5893
10624,11.4478
10685,36.8305
10625,10.5643
10626,11.0619
10686,38.5847
10687,36.9480
10627,10.5334
10688,37.9467
10628,11.3640
10689,37.1596
10629,11.1613
10690,36.8314
10630,10.9411
10691,38.0714
10631,10.6593
10692,38.3787
10632,11.4759
10633,11.1241
10693,37.7626
10694,36.4387
10634,10.8219
10635,11.5044
10695,37.6127
10696,37.0900
10636,11.4182
10697,37.5081
10637,11.0043
10698,37.1369
10638,10.4674
10639,11.6849
10699,38.1542
10640,11.2128
10700,36.9907
10701,37.4326
10641,11.2133
10642,11.6230
10702,37.0381
10703,36.9025
10643,10.8974
10704,37.3570
10644,10.6128
10705,38.3359
10645,11.6469
10646,11.2793
10706,37.1569
10647,11.2166
10707,37.4841
10648,11.6957
10708,37.8903
10709,36.4817
10649,10.7611
10710,38.0216
10650,11.0371
10711,37.5327
10651,11.3342
10652,11.0454
10712,38.2835
10653,11.2958
10713,37.1267
10654,11.1536
10714,36.6937
10715,36.9968
10655,10.7725
10716,38.6582
10656,11.2400
10717,37.4280
10657,11.0736
10658,11.5068
10718,37.1681
10719,36.0099
10659,11.0867
10720,38.3568
10660,10.7027
10661,11.0534
10721,37.6048
10722,37.0642
10662,10.6812
10663,11.6796
10723,37.9035
10724,37.0904
10664,11.4316
10725,36.2906
10665,11.0509
10726,37.6299
10666,13.7483
10727,38.6631
10667,11.4817
10728,38.2014
10668,10.1661
10729,38.6214
10669,10.4843
10730,37.6598
10670,10.3052
10731,37.1889
10671,10.4338
10732,37.6295
10672,9.8287
10733,38.5697
10673,10.6678
10734,38.4375
10674,10.4774
10735,37.5320
10675,10.4837
10736,37.6158
10676,10.6942
10737,36.8904
10677,10.0691
10678,10.3710
10738,38.1969
10739,36.6959
10679,10.1476
10740,37.6513
10680,10.4473
10681,10.3817
10741,37.7556
10742,36.9072
10682,10.1898
10743,37.7942
10683,10.5849
10684,10.7008
10744,37.9574
10745,37.3555
10685,10.0937
10686,10.4987
10746,38.7952
10747,37.0047
10687,10.5329
10748,37.8722
10688,10.7162
10689,10.5426
10749,38.7371
10750,37.3847
10690,10.4106
10691,10.5047
10751,37.9949
10752,36.5166
10692,10.4255
10753,37.5250
10693,10.1911
10754,38.1586
10694,10.7944
10695,10.4058
10755,37.6446
10696,10.6135
10756,37.0790
10757,37.5576
10697,10.3782
10758,37.3971
10698,10.0480
10759,37.8865
10699,10.4840
10700,10.6139
10760,37.4048
10761,37.5823
10701,10.4804
10702,10.6463
10762,38.0907
10763,37.2856
10703,10.1153
10764,37.9877
10704,10.7158
10705,10.6306
10765,38.4200
10766,37.6554
10706,10.5708
10767,37.4786
10707,10.5251
10768,39.0141
10708,10.6530
10769,37.9908
10709,10.6704
10770,38.1246
10710,10.6883
10711,10.5072
10771,38.4686
10772,37.6351
10712,10.4063
10773,37.4589
10713,10.5857
10774,36.6030
10714,10.4307
10775,38.6367
10715,10.2993
10776,38.9902
10716,10.4645
10717,10.6482
10777,38.6890
10778,37.7967
10718,10.4230
10719,10.5646
10779,38.3818
10780,37.7458
10720,10.4900
10781,36.9156
10721,10.4192
10782,38.3164
10722,10.7542
10783,37.2777
10723,10.3958
10724,10.5192
10784,38.3229
10725,10.5934
10785,38.2560
10786,37.3048
10726,10.3318
10727,10.3841
10787,38.5750
10788,38.1791
10728,10.3482
10729,10.2904
10789,37.9786
10790,36.6933
10730,10.5977
10791,37.7135
10731,9.9008
10792,38.2854
10732,10.5737
10793,37.5522
10733,10.4081
10734,10.2827
10794,38.0542
10795,36.8015
10735,10.1837
10796,37.8067
10736,9.9953
10797,37.5084
10737,10.0952
10738,10.5519
10798,38.2108
10799,38.8654
10739,10.2561
10800,37.7621
10740,10.4543
10801,37.3372
10741,10.0120
10802,37.9617
10742,10.4687
10743,10.3395
10803,37.4472
10804,37.2645
10744,10.3280
10805,38.1177
10745,10.5999
10806,37.9411
10746,10.1622
10747,10.6285
10807,38.2116
10808,37.7739
10748,10.7495
10809,37.4148
10749,10.2545
10810,38.0256
10750,10.4368
10811,38.3481
10751,10.4716
10812,37.1077
10752,10.6572
10813,37.2660
10753,9.6873
10754,10.5962
10814,38.9781
10815,38.3183
10755,10.5398
10816,37.8123
10756,10.1025
10817,38.7585
10757,10.5678
10818,37.6535
10758,10.6209
10759,10.5277
10819,37.5210
10820,37.7379
10760,10.5998
10821,37.2543
10761,9.5517
10822,38.7761
10762,10.4963
10763,10.3920
10823,37.7741
10824,37.7843
10764,10.4331
10825,37.5643
10765,10.3413
10826,37.4273
10766,10.3754
10827,38.4406
10767,10.2707
10828,37.9044
10768,10.4943
10769,10.4439
10829,37.2935
10830,37.5422
10770,10.2683
10831,38.4630
10771,10.6479
10832,37.4232
10772,10.6659
10833,37.9716
10773,10.5652
10834,38.0397
10774,10.4931
10835,37.7248
10775,10.5838
10776,10.4524
10836,39.3511
10837,37.3528
10777,10.4084
10778,10.5250
10838,38.4745
10839,37.2250
10779,10.3476
10780,10.6346
10840,38.3105
10781,10.6725
10841,38.6314
10842,37.5743
10782,10.5150
10843,39.1591
10783,10.5332
10844,37.1328
10784,10.5058
10785,10.4977
10845,37.5442
10846,37.2926
10786,10.4287
10847,37.8653
10787,10.3409
10848,38.2229
10788,10.7320
10849,37.9279
10789,10.4844
10790,10.5875
10850,37.8092
10851,37.7029
10791,9.8441
10852,38.0924
10792,10.5853
10793,10.4302
10853,37.7181
10854,37.1738
10794,10.1884
10855,38.0641
10795,10.5887
10856,37.4691
10796,10.1877
10797,10.6067
10857,38.4119
10798,10.5787
10858,38.1955
10859,37.8548
10799,9.7910
10800,10.3152
10860,38.5065
10861,36.9577
10801,10.3885
10862,37.4857
10802,10.6239
10863,38.2905
10803,10.3348
10864,38.5838
10804,10.5504
10865,37.5447
10805,10.0110
10806,10.3924
10866,39.1473
10807,10.3645
10867,37.7174
10868,37.4233
10808,10.3904
10809,10.5461
10869,38.3565
10870,37.5646
10810,10.1023
10871,37.6544
10811,10.4385
10872,37.9282
10812,10.3390
10873,38.4104
10813,10.3361
10814,10.5404
10874,39.0864
10875,37.0687
10815,10.6201
10876,37.6681
10816,10.5002
10817,10.4743
10877,38.5525
10878,37.4684
10818,10.1900
10819,10.3269
10879,37.7507
10880,37.3849
10820,10.1524
10821,10.4229
10881,38.7318
10822,10.6022
10882,37.7273
10883,37.3453
10823,10.2454
10884,38.3997
10824,10.6219
10825,10.6003
10885,38.6470
10886,38.8006
10826,10.6464
10827,10.5056
10887,37.7538
10888,37.9949
10828,10.4734
10889,38.1779
10829,10.4683
10890,37.0821
10830,10.5677
10891,37.5128
10831,10.3564
10832,10.4334
10892,38.2595
10893,37.9510
10833,10.0183
10894,37.9765
10834,10.4814
10835,10.3534
10895,38.4372
10896,37.7219
10836,10.1878
10837,10.5292
10897,37.7743
10898,37.7412
10838,10.4454
10899,38.3328
10839,10.3829
10900,38.2090
10840,10.4430
10901,37.9670
10841,10.4103
10842,10.4022
10902,37.6848
10843,10.4391
10903,37.1047
10904,37.0869
10844,9.9635
10845,10.5463
10905,38.1297
10906,38.3226
10846,10.5078
10847,10.4453
10907,38.8441
10908,37.3509
10848,10.2644
10909,37.1449
10849,10.4858
10910,37.7601
10850,10.3791
10911,37.9876
10851,10.2934
10912,38.7263
10852,10.5075
10913,37.8329
10853,10.3251
10914,37.3011
10854,10.6477
10915,37.0180
10855,10.3569
10916,39.0669
10856,10.7403
10857,10.4678
10917,38.5409
10858,10.5146
10918,37.5590
10919,37.4504
10859,10.6120
10920,38.5067
10860,10.2015
10861,10.4065
10921,37.9957
10922,37.3070
10862,10.0390
10863,10.5903
10923,38.6915
10924,37.3889
10864,10.3825
10925,37.1587
10865,10.3065
10866,10.4849
10926,37.6140
10927,37.2076
10867,9.8535
10928,38.3788
10868,10.5439
10929,37.1459
10869,10.7408
10930,37.6914
10870,10.3341
10931,37.1930
10871,10.0908
10932,37.9679
10872,10.4871
10933,37.7445
10873,10.3496
10874,10.5756
10934,38.2498
10935,38.7154
10875,10.2993
10936,38.1349
10876,10.7818
10937,38.0314
10877,10.4113
10878,10.3301
10938,38.6941
10879,10.5769
10939,37.2043
10940,37.4444
10880,10.4973
10881,10.4888
10941,38.0811
10942,38.1274
10882,10.6957
10943,37.7997
10883,10.4456
10944,37.9201
10884,10.7526
10945,37.6369
10885,10.0774
10946,37.5373
10886,10.3882
10887,10.4261
10947,37.7060
10948,38.2774
10888,10.6238
10949,37.5328
10889,10.3186
10950,37.6630
10890,10.4070
10951,37.1034
10891,10.0260
10952,37.0807
10892,10.2314
10893,10.5246
10953,38.2846
10894,10.3047
10954,37.2029
10955,36.6238
10895,10.0725
10956,38.6365
10896,10.3855
10957,37.9847
10897,10.1888
10958,38.9489
10898,10.5216
10899,10.5004
10959,38.1663
10960,36.7524
10900,10.2800
10901,10.4447
10961,38.3159
10962,37.7833
10902,10.0975
10963,37.9826
10903,10.3986
10904,10.2606
10964,37.5624
10965,36.6901
10905,10.0571
10906,10.4434
10966,38.2933
10967,37.9774
10907,10.5639
10968,38.3505
10908,10.2266
10909,10.3029
10969,37.6019
10970,36.8395
10910,10.1451
10971,38.4552
10911,10.3455
10912,10.3366
10972,38.5411
10973,37.0108
10913,10.1386
10974,38.6503
10914,10.3560
10915,10.4027
10975,37.7203
10976,36.7565
10916,10.1926
10977,37.9051
10917,10.1986
10978,38.8054
10918,10.3606
10979,38.1882
10919,10.2400
10980,37.4881
10920,10.2317
10921,10.2790
10981,39.1657
10982,37.2201
10922,10.3252
10923,10.1880
10983,37.3734
10984,37.6600
10924,10.3400
10985,38.3768
10925,10.1801
10986,38.5715
10926,10.1775
10987,37.2032
10927,10.3838
10988,38.2462
10928,10.5422
10989,37.3459
10929,10.1664
10990,39.3096
10930,10.4107
10991,37.1820
10931,10.1921
10992,38.5448
10932,10.5720
10933,10.2791
10993,37.8638
10994,36.9292
10934,10.4262
10995,37.5850
10935,9.7091
10996,38.0088
10936,10.2925
10997,37.4499
10937,10.2690
10938,10.3089
10998,37.8465
10999,37.4988
10939,10.5293
11000,37.6369
10940,10.1008
11001,37.7635
10941,10.3045
11002,37.1240
10942,10.0499
11003,38.3454
10943,10.3663
11004,36.9932
10944,10.2708
11005,38.3803
10945,10.1822
11006,37.4307
10946,10.2501
10947,10.3190
11007,37.5265
11008,36.8159
10948,10.0441
10949,10.4970
11009,37.9404
11010,37.8441
10950,9.9473
10951,10.3461
11011,37.8971
10952,10.2885
11012,37.7455
11013,37.7354
10953,9.7840
10954,10.5071
11014,38.1076
10955,10.2754
11015,37.2306
10956,9.0685
11016,38.4958
11017,37.5374
10957,8.7088
11018,37.4194
10958,8.8856
10959,8.6978
11019,38.2775
11020,36.9786
10960,8.8579
11021,37.5719
10961,8.8719
10962,8.7091
11022,37.8086
11023,36.7145
10963,8.8234
11024,37.2728
10964,8.7385
11025,37.9907
10965,8.6283
11026,37.7126
10966,8.7309
11027,37.9829
10967,8.7455
11028,38.3063
10968,8.7746
10969,8.6392
11029,37.8776
11030,36.8627
10970,8.7422
11031,38.8305
10971,8.5874
11032,37.2435
10972,8.8173
11033,37.1492
10973,8.7058
11034,38.1668
10974,8.8341
10975,8.7085
11035,37.6842
11036,37.5361
10976,8.8826
10977,8.6946
11037,37.8674
10978,8.6636
11038,37.0364
11039,36.9297
10979,8.8972
10980,8.6010
11040,38.3435
11041,36.8520
10981,8.7409
11042,37.1370
10982,8.7351
11043,37.5292
10983,8.9942
10984,8.7496
11044,38.1743
10985,8.6689
11045,37.5465
11046,36.5658
10986,8.8867
10987,8.4979
11047,38.6729
10988,8.5905
11048,37.1153
11049,37.7038
10989,8.7181
10990,8.4750
11050,37.8008
10991,8.4470
11051,37.1520
11052,36.3833
10992,8.5185
11053,37.2968
10993,8.7173
10994,8.5703
11054,38.6804
10995,8.4941
11055,36.6463
11056,36.9561
10996,8.4549
11057,38.4322
10997,8.6582
11058,37.9951
10998,8.4711
11059,36.8650
10999,8.3973
11060,37.3605
11000,8.6998
11001,8.4641
11061,38.4225
11002,8.5474
11062,37.5423
11003,8.4394
11063,37.6592
11064,37.1754
11004,8.6738
11065,38.7073
11005,8.6717
11066,36.9593
11006,8.6262
11007,8.3899
11067,38.2798
11008,8.3582
11068,37.5516
11069,36.7147
11009,8.6904
11070,38.0569
11010,8.3698
11011,8.4728
11071,37.2700
11072,37.2188
11012,8.6162
11013,8.4561
11073,37.4941
11074,36.8435
11014,8.6451
11075,37.1963
11015,8.7020
11076,38.5634
11016,8.7407
11017,8.5011
11077,37.7703
11078,37.1176
11018,8.7669
11019,8.4843
11079,38.3850
11020,8.5494
11080,37.1484
11081,37.9198
11021,8.7620
11022,8.5475
11082,38.0260
11083,37.6651
11023,8.3648
11024,8.6354
11084,37.4374
11085,37.3447
11025,8.5752
11086,38.3497
11026,8.6590
11087,37.3458
11027,8.4898
11028,8.4793
11088,37.7778
11029,8.4528
11089,37.6106
11090,36.8070
11030,8.5405
11091,37.3789
11031,8.7157
11032,8.4748
11092,37.9255
11033,8.4434
11093,36.8864
11094,36.7988
11034,8.7219
11095,37.9897
11035,8.5021
11096,37.3977
11036,8.6090
11097,38.0888
11037,8.6322
11098,37.7519
11038,8.4707
11099,37.9406
11039,8.5151
11100,37.8056
11040,8.3800
11101,37.3879
11041,8.4169
11102,37.5046
11042,8.5870
11103,38.1498
11043,8.4549
11104,38.0422
11044,8.3481
11105,37.3829
11045,8.3193
11106,37.6053
11046,8.4039
11107,36.7989
11047,8.6059
11108,37.5572
11048,8.7536
11049,8.3720
11109,38.6324
11110,36.4204
11050,8.3689
11111,37.2874
11051,8.4421
11052,8.4050
11112,37.8826
11113,36.8263
11053,8.7528
11114,38.1219
11054,8.3113
11115,38.1376
11055,8.5955
11116,37.5374
11056,8.4510
11117,37.4827
11057,8.4682
11058,8.5022
11118,37.2648
11119,37.1307
11059,13.1419
11060,9.9466
11120,37.5957
11121,36.6475
11061,10.4543
11122,36.8059
11062,10.3603
11123,37.0530
11063,11.2365
11124,37.0900
11064,10.7773
11125,36.6559
11065,10.7417
11066,10.7128
11126,37.7220
11067,9.8129
11127,37.3657
11128,35.9133
11068,9.7277
11129,36.3986
11069,10.1923
11130,36.7738
11070,9.7562
11131,36.6839
11071,9.6111
11132,36.7155
11072,9.3468
11133,37.1333
11073,9.7679
11134,36.9932
11074,10.0915
11075,9.2042
11135,38.0143
11136,36.2838
11076,9.3531
11137,36.8668
11077,9.6656
11138,36.9377
11078,9.7158
11139,36.9440
11079,10.1483
11140,38.0018
11080,10.7146
11081,9.7279
11141,37.8393
11082,9.1791
11142,36.6726
11143,36.3209
11083,10.0549
11144,36.6322
11084,10.4572
11085,10.0055
11145,37.2472
11146,36.9832
11086,9.8598
11087,9.3654
11147,37.5011
11148,36.4894
11088,9.2753
11149,37.3969
11089,9.4263
11150,37.0919
11090,10.2599
11151,37.7080
11091,10.8295
11092,9.3571
11152,37.4046
11093,9.4843
11153,36.4744
11154,37.2119
11094,9.3213
11155,37.4913
11095,10.1910
11156,36.3395
11096,10.5166
11097,9.2579
11157,36.7692
11158,36.2161
11098,9.0667
11099,9.5802
11159,36.9778
11160,37.0283
11100,9.2376
11161,36.8791
11101,9.9294
11162,36.8463
11102,10.5371
11103,9.0619
11163,38.0927
11104,9.4716
11164,35.6970
11165,37.8903
11105,9.7283
11166,36.9443
11106,10.1481
11107,9.5233
11167,37.2506
11168,35.9999
11108,10.2724
11169,37.2628
11109,10.3219
11110,9.0297
11170,37.0579
11111,9.8655
11171,36.2921
11172,36.5727
11112,10.3093
11113,9.5589
11173,37.3933
11174,37.1820
11114,9.3686
11175,37.3448
11115,9.2085
11176,36.7433
11116,9.1489
11177,36.9807
11117,10.1306
11178,37.1017
11118,10.7622
11119,9.4367
11179,36.8816
11180,35.6056
11120,9.9839
11181,37.3077
11121,9.9650
11122,9.7250
11182,36.6277
11183,37.1561
11123,9.6772
11184,37.1159
11124,9.6453
11185,36.2879
11125,10.8228
11126,9.4834
11186,37.1343
11127,9.9612
11187,36.3502
11188,37.5145
11128,10.0740
11129,9.5302
11189,37.2420
11190,36.3650
11130,9.8486
11191,37.1785
11131,9.8500
11132,9.9015
11192,37.9700
11193,37.2808
11133,11.2002
11134,10.3181
11194,37.1873
11195,35.7447
11135,9.7156
11196,36.5734
11136,9.7696
11197,36.7085
11137,10.2607
11198,36.6322
11138,10.8485
11139,10.2588
11199,37.0795
11200,36.9320
11140,10.5551
11201,36.7544
11141,10.4886
11142,9.8255
11202,37.3882
11203,35.3820
11143,9.6391
11204,37.3694
11144,9.3903
11205,36.7744
11145,9.0074
11206,36.7293
11146,8.7992
11207,36.3237
11147,8.9421
11208,36.7689
11148,9.1396
11209,36.6726
11149,9.5320
11150,8.7343
11210,37.4449
11211,36.6268
11151,8.6655
11212,35.6571
11152,9.0648
11213,37.1526
11153,8.8096
11214,36.2986
11154,9.0799
11215,37.1113
11155,8.8109
11156,8.5554
11216,36.8872
11217,35.5818
11157,8.5522
11218,37.8538
11158,8.7109
11219,36.1751
11159,8.5526
11220,36.2811
11160,9.0820
11221,37.0402
11161,9.1478
11222,36.7821
11162,9.2573
11223,36.7791
11163,9.7898
11164,8.5477
11224,37.4375
11225,36.0425
11165,8.7897
11226,37.3405
11166,9.0285
11227,36.9754
11167,8.6616
11228,36.4524
11168,9.0626
11229,36.1279
11169,9.7935
11170,8.6390
11230,36.9654
11231,36.2529
11171,9.2500
11232,36.3510
11172,9.6507
11173,8.8071
11233,37.3840
11234,36.4603
11174,8.8254
11235,36.5722
11175,8.5863
11236,35.9901
11176,8.8682
11237,37.1127
11177,9.0930
11238,37.0430
11178,9.4254
11179,8.6824
11239,37.2452
11240,35.9084
11180,8.5511
11241,35.8333
11181,8.8342
11242,36.9134
11182,8.7172
11243,36.9339
11183,9.0266
11244,36.8279
11184,8.8320
11245,37.8432
11185,8.7144
11186,8.8805
11246,36.6175
11247,36.2580
11187,9.0486
11248,37.7882
11188,10.3395
11249,36.9768
11189,10.1824
11250,36.9244
11190,9.7382
11251,35.0751
11191,9.9351
11252,37.4008
11192,9.4680
11193,8.9265
11253,37.1144
11254,35.6918
11194,9.8163
11255,37.4902
11195,9.3682
11256,36.8454
11196,9.0198
11257,36.4334
11197,8.8029
11258,35.4776
11198,9.0455
11259,37.2799
11199,9.2430
11260,36.3947
11200,9.8120
11201,8.9389
11261,38.0740
11202,8.5745
11262,37.0651
11203,8.8245
11263,36.2040
11264,36.2823
11204,9.3049
11265,37.2567
11205,8.6785
11266,36.8081
11206,8.5266
11267,36.6905
11207,9.0371
11268,36.8789
11208,9.6648
11209,8.6874
11269,37.3994
11270,36.1527
11210,8.7555
11271,37.2680
11211,8.5297
11272,36.1868
11212,8.9410
11273,36.6381
11213,9.7132
11274,37.0025
11214,8.9018
11275,37.1458
11215,8.4548
11276,36.2398
11216,8.4465
11277,36.4846
11217,8.7099
11278,36.2535
11218,9.4363
11279,36.8485
11219,10.0091
11220,8.4295
11280,37.0496
11281,36.2213
11221,8.8125
11282,36.4563
11222,9.0608
11283,36.4192
11223,9.1904
11284,37.3100
11224,9.9932
11285,37.1747
11225,9.4470
11286,37.3849
11226,9.1164
11287,36.1882
11227,8.8551
11288,36.7457
11228,8.8848
11289,36.1054
11229,10.0846
11290,36.9715
11230,10.5831
11231,9.9776
11291,38.1576
11232,9.3678
11292,37.6280
11233,8.7618
11293,36.3625
11294,36.4923
11234,9.1675
11295,36.1011
11235,9.8755
11236,8.7329
11296,37.5086
11297,36.8344
11237,8.6316
11298,35.8984
11238,9.4096
11299,36.8573
11239,8.6205
11240,8.7619
11300,36.9988
11301,36.2898
11241,8.8521
11302,37.4491
11242,8.8175
11303,35.9806
11243,8.7305
11304,37.2446
11244,8.9953
11305,36.3567
11245,9.0517
11246,8.8267
11306,37.0891
11307,36.3922
11247,8.7997
11308,37.4021
11248,8.7365
11309,36.4492
11249,9.0140
11310,36.6944
11250,9.5643
11311,37.4878
11251,9.6106
11252,8.6596
11312,38.0608
11253,8.6228
11313,36.8352
11314,35.7980
11254,8.7072
11315,37.3005
11255,8.6705
11316,36.3758
11256,9.1002
11317,37.1296
11257,8.6186
11318,36.8585
11258,8.6945
11319,36.5768
11259,8.7603
11320,38.0091
11260,8.6190
11321,36.3209
11261,9.2308
11322,37.8815
11262,9.1466
11263,8.4653
11323,36.9308
11264,9.4748
11324,37.0043
11325,36.5008
11265,9.9980
11266,8.5521
11326,37.1161
11327,36.9838
11267,9.1136
11328,36.4366
11268,9.3341
11269,8.4986
11329,37.2389
11330,36.3775
11270,9.7150
11331,36.4378
11271,9.8045
11332,37.6667
11272,8.9121
11273,8.4918
11333,36.9675
11334,36.4188
11274,8.6023
11335,37.2187
11275,9.0240
11336,36.6378
11276,9.9783
11337,37.6477
11277,8.6778
11278,8.3581
11338,36.6980
11339,35.6577
11279,8.7087
11340,36.1314
11280,9.2747
11341,37.2587
11281,9.0548
11342,36.5566
11282,10.2277
11283,8.5721
11343,38.4042
11284,8.3960
11344,37.0401
11285,8.6198
11345,35.8838
11346,37.4584
11286,9.2745
11347,37.1601
11287,9.4001
11348,37.1287
11288,8.6705
11349,37.3072
11289,8.6158
11350,36.7695
11290,8.5596
11351,37.0908
11291,8.6916
11352,36.4817
11292,9.6942
11353,37.1499
11293,9.0493
11354,38.2555
11294,8.6495
11355,36.8599
11295,8.4909
11356,36.0346
11296,8.4807
11357,35.3586
11297,9.1872
11358,37.5975
11298,9.0630
11359,37.2305
11299,9.4461
11300,8.5726
11360,36.9804
11301,8.5198
11361,36.2921
11362,37.1574
11302,9.2669
11363,37.6529
11303,8.7716
11364,36.7048
11304,8.7692
11365,36.4852
11305,9.0125
11306,8.3983
11366,37.4441
11367,35.7090
11307,8.7707
11368,36.6012
11308,9.0990
11369,36.8791
11309,8.8995
11310,8.7280
11370,38.0327
11371,36.0818
11311,8.8356
11312,8.4324
11372,38.3633
11373,35.8479
11313,8.7135
11374,36.4944
11314,9.2711
11375,37.5100
11315,9.4160
11316,8.5836
11376,37.7727
11377,35.7283
11317,8.8860
11378,36.8103
11318,8.5647
11379,36.6566
11319,9.5811
11380,36.2093
11320,9.9927
11381,37.0374
11321,10.0761
11322,8.3915
11382,37.7248
11323,8.5261
11383,36.7244
11384,37.1273
11324,10.7331
11385,36.6619
11325,9.1406
11386,36.2457
11326,9.5030
11387,37.4875
11327,9.8732
11328,8.5275
11388,39.8143
11329,8.3492
11389,39.5825
11330,8.4505
11390,38.0192
11331,9.3395
11391,37.9800
11392,37.3019
11332,9.6534
11333,8.5775
11393,38.8062
11334,8.8915
11394,38.7588
11395,38.1087
11335,8.5907
11336,9.3577
11396,38.2851
11337,9.0059
11397,39.3524
11398,38.3408
11338,8.4369
11399,37.9214
11339,8.2391
11340,8.0421
11400,38.4780
11401,37.8468
11341,8.1337
11342,7.9727
11402,38.0714
11343,8.0805
11403,38.1772
11404,37.9682
11344,8.0319
11345,8.0545
11405,38.3388
11406,36.9458
11346,8.0769
11407,37.9306
11347,8.2005
11408,37.3920
11348,8.3799
11349,8.3511
11409,37.7188
11410,38.7886
11350,8.7044
11351,8.0776
11411,38.2472
11412,38.9582
11352,8.2548
11353,8.2024
11413,37.5920
11414,38.4117
11354,8.1182
11355,8.0328
11415,38.4038
11416,37.5938
11356,8.7137
11357,7.8817
11417,38.9533
11358,8.0207
11418,37.3303
11359,8.0827
11419,38.1508
11360,8.0672
11420,38.1479
11421,37.4922
11361,8.6420
11422,38.6677
11362,7.8641
11423,37.4855
11363,8.1453
11364,8.0105
11424,37.9463
11425,38.0466
11365,8.2932
11426,38.4574
11366,9.4654
11427,39.2767
11367,8.4929
11428,36.8343
11368,8.9504
11429,36.9578
11369,9.8604
11370,8.4607
11430,37.9181
11431,36.8050
11371,8.9911
11432,36.9955
11372,12.0760
11373,8.5418
11433,39.2084
11374,9.0273
11434,37.8076
11435,37.5048
11375,9.2829
11376,8.2849
11436,38.0055
11437,36.6101
11377,9.6017
11438,37.9404
11378,13.3152
11379,8.3712
11439,38.7140
11380,8.5916
11440,37.5025
11381,8.3163
11441,38.3808
11382,9.4353
11442,38.5172
11443,38.0622
11383,8.9618
11444,39.0415
11384,8.9956
11385,8.3591
11445,38.8377
11386,8.9856
11446,37.1869
11447,36.3437
11387,8.7197
11448,37.8815
11388,9.2068
11449,37.7534
11389,10.1307
11450,38.2456
11390,8.6353
11391,8.4397
11451,38.6797
11392,8.4690
11452,37.3194
11393,9.1178
11453,36.4180
11454,37.0328
11394,10.7531
11455,39.1258
11395,8.8379
11396,8.3587
11456,38.4101
11397,8.6579
11457,37.4095
11398,8.6408
11458,40.9045
11399,9.5099
11459,37.5237
11460,37.8633
11400,10.0096
11401,8.6554
11461,39.2952
11402,8.7048
11462,37.5604
11403,8.4463
11463,38.9395
11404,8.5381
11464,36.7878
11405,8.6070
11465,38.4643
11406,8.6919
11466,38.4144
11467,38.2140
11407,8.7107
11408,8.7531
11468,38.2552
11469,37.5223
11409,8.5854
11410,8.6515
11470,37.4396
11471,36.9789
11411,8.8885
11472,37.6513
11412,8.6558
11473,37.8793
11413,8.8457
11474,37.2731
11414,8.5815
11475,37.3345
11415,8.6404
11476,37.0686
11416,9.2323
11477,37.7979
11417,10.0640
11418,8.6264
11478,38.3726
11479,36.8309
11419,8.7799
11480,36.7753
11420,8.7997
11481,37.2142
11421,9.2223
11482,37.7180
11422,9.8468
11483,37.5938
11423,10.1758
11424,8.4696
11484,37.8473
11425,8.4001
11485,37.2240
11426,8.6538
11486,37.7181
11427,9.3241
11487,38.2701
11488,36.9573
11428,9.8917
11489,38.7978
11429,10.2292
11430,8.4367
11490,39.2577
11431,8.3898
11491,37.1422
11432,8.3789
11492,37.5048
11433,9.5022
11493,38.1870
11494,38.2388
11434,9.1781
11495,38.1627
11435,8.5751
11436,9.1713
11496,38.9666
11497,37.2631
11437,10.0956
11438,8.4790
11498,37.9321
11439,8.4676
11499,36.7783
11500,37.3111
11440,8.5707
11501,37.1790
11441,8.9462
11502,39.2930
11442,8.6060
11503,37.0798
11443,8.5196
11444,8.7824
11504,38.5104
11505,39.0611
11445,8.6899
11446,8.5962
11506,38.7845
11447,8.6340
11507,38.2724
11508,37.8770
11448,8.5323
11509,36.4197
11449,8.9709
11510,38.2641
11450,8.6977
11511,38.2106
11451,8.6516
11512,36.9900
11452,8.5224
11513,36.7577
11453,8.5376
11514,37.5853
11454,8.7988
11515,37.4115
11455,9.0036
11516,38.0658
11456,8.7189
11457,8.5219
11517,37.2374
11518,36.9741
11458,8.7924
11519,37.0153
11459,8.9454
11520,38.1322
11460,8.5402
11521,37.6104
11461,8.8254
11522,37.2498
11462,8.9155
11523,37.4180
11463,8.6047
11524,38.0698
11464,8.6158
11525,36.5458
11465,8.8901
11526,38.6526
11466,8.6947
11527,37.4806
11467,8.4685
11528,38.0023
11468,8.7022
11529,36.9558
11469,8.9393
11470,8.7395
11530,37.8902
11531,37.3667
11471,8.5615
11532,37.5542
11472,9.1179
11533,37.8600
11473,9.8754
11474,8.4494
11534,38.1081
11535,37.3738
11475,8.4654
11536,37.8398
11476,8.6106
11537,37.1045
11477,8.7977
11538,37.8495
11478,9.7021
11539,38.6436
11479,10.2928
11480,8.5014
11540,39.0503
11481,8.7767
11541,37.3654
11482,8.6322
11542,38.0354
11543,37.0287
11483,8.7921
11544,37.9998
11484,9.9827
11545,38.2947
11485,10.5068
11486,8.5856
11546,38.0722
11487,8.4787
11547,37.6901
11488,8.8333
11548,36.9760
11549,37.4982
11489,8.7871
11490,9.2015
11550,37.8655
11551,36.6127
11491,10.1695
11552,38.0544
11492,8.9825
11553,37.8712
11493,8.5827
11554,37.7343
11494,8.7586
11555,37.6636
11495,9.3387
11556,37.4393
11496,8.8431
11557,37.6956
11497,8.6646
11558,38.2564
11498,8.5738
11499,8.8337
11559,37.9488
11560,37.5782
11500,8.9116
11561,37.9816
11501,8.6115
11502,8.8694
11562,38.3177
11563,37.8290
11503,8.6503
11564,37.6951
11504,9.1361
11565,37.9343
11505,8.7755
11506,9.3557
11566,38.7711
11567,37.7129
11507,9.9845
11508,8.4489
11568,43.3222
11509,9.0874
11569,37.0556
11570,37.3344
11510,8.6513
11571,37.1454
11511,9.0424
11572,37.4922
11512,8.8757
11573,37.5835
11513,9.6202
11574,38.5417
11514,10.3924
11515,8.3523
11575,38.6122
11516,8.4050
11576,37.4710
11517,8.6747
11577,37.5184
11518,8.9966
11578,37.5774
11579,37.2819
11519,9.9684
11580,38.0935
11520,10.3766
11521,8.3565
11581,39.7096
11522,8.4730
11582,37.5909
11523,8.5421
11583,37.3151
11524,8.7113
11584,37.0867
11585,36.9487
11525,10.0255
11586,38.5004
11526,10.4626
11527,8.4058
11587,37.8413
11528,8.9346
11588,37.1225
11589,37.3796
11529,8.5771
11590,37.2793
11530,8.5563
11591,37.7897
11531,9.5442
11592,38.2230
11532,9.6563
11533,9.3211
11593,38.5264
11594,37.6399
11534,9.6108
11535,8.5778
11595,38.2820
11536,8.7286
11596,37.3954
11597,37.6056
11537,9.0874
11598,37.9947
11538,8.7399
11599,37.5002
11539,9.8354
11600,37.7593
11540,10.3405
11541,8.3363
11601,39.0445
11542,8.8205
11602,37.2641
11603,38.2605
11543,9.0200
11604,38.3350
11544,8.6722
11605,37.1987
11545,9.8097
11606,40.0349
11546,9.4555
11547,8.5161
11607,38.7141
11608,37.5805
11548,8.7407
11549,8.3985
11609,38.7034
11550,9.7255
11610,37.2415
11611,37.9581
11551,10.2185
11552,8.4745
11612,38.1354
11613,37.8515
11553,9.0765
11614,37.9011
11554,9.0438
11555,8.3964
11615,38.2547
11616,36.6607
11556,9.7459
11617,37.9284
11557,10.2905
11558,8.7177
11618,38.9209
11559,8.4284
11619,37.7276
11560,8.4333
11620,37.9059
11561,9.2638
11621,37.7202
11622,37.6756
11562,9.3467
11623,38.6292
11563,9.1648
11564,8.4445
11624,38.4617
11565,8.5133
11625,37.6154
11566,8.4645
11626,38.0848
11567,8.9124
11627,37.2773
11628,38.3539
11568,9.7773
11629,38.3765
11569,9.0061
11570,8.5226
11630,38.2961
11571,8.6343
11631,38.2380
11572,8.4706
11632,37.9749
11633,37.4374
11573,9.7405
11634,37.2198
11574,9.8459
11575,8.2464
11635,39.6393
11576,8.5208
11636,36.5976
11577,8.7978
11637,37.9562
11638,37.0708
11578,8.9505
11639,37.5595
11579,9.6011
11640,37.9545
11580,10.3995
11581,8.4273
11641,38.0935
11582,8.6417
11642,38.5070
11583,8.7261
11643,37.7051
11584,9.4996
11644,37.4683
11645,37.0949
11585,9.2158
11646,38.1905
11586,8.8622
11647,38.3081
11587,8.4407
11588,8.5438
11648,37.4654
11589,8.4430
11649,37.5546
11590,9.7517
11650,37.6527
11651,38.0710
11591,10.0316
11592,8.4529
11652,38.4251
11593,8.4976
11653,37.3250
11594,8.9830
11654,37.3347
11655,37.4581
11595,8.8689
11596,9.6308
11656,38.0090
11657,36.9942
11597,10.1287
11598,8.3280
11658,38.9333
11599,8.3479
11659,36.8643
11600,8.6127
11660,37.9834
11601,9.1629
11661,37.1954
11662,37.5153
11602,9.4767
11663,37.9628
11603,9.2825
11664,38.1748
11604,8.5176
11605,8.3933
11665,38.2984
11606,8.9721
11666,37.2120
11667,37.2544
11607,9.4005
11668,38.3685
11608,9.7023
11669,37.8810
11609,8.5773
11610,8.3810
11670,38.2348
11611,8.8512
11671,37.1604
11672,37.0550
11612,8.7106
11673,38.0750
11613,9.7369
11674,37.3108
11614,10.4229
11615,8.4495
11675,38.0873
11616,8.6126
11676,37.4583
11677,38.0923
11617,8.4871
11618,8.6245
11678,37.0262
11679,38.0677
11619,11.1940
11680,38.6831
11620,9.9659
11621,8.6059
11681,38.6382
11622,8.4533
11682,37.7562
11623,8.6773
11683,37.2068
11684,37.1970
11624,9.2100
11685,38.1136
11625,9.1925
11686,38.6698
11626,8.8313
11627,8.4149
11687,38.0058
11628,8.8392
11688,37.9976
11689,37.1752
11629,8.6683
11690,37.9152
11630,9.3121
11691,37.5855
11631,9.6172
11632,9.1130
11692,38.4012
11693,37.5900
11633,9.6609
11634,8.3736
11694,37.6713
11635,8.6599
11695,37.7035
11696,36.7548
11636,8.8030
11697,37.0807
11637,10.3329
11638,8.7118
11698,38.4219
11699,37.1167
11639,8.5706
11640,8.7958
11700,38.5389
11701,37.6075
11641,8.5802
11702,38.0876
11642,9.2610
11703,38.3997
11643,8.9915
11644,8.5366
11704,38.0011
11645,8.3562
11705,37.2080
11646,8.8887
11706,36.9879
11707,37.3571
11647,8.6296
11708,38.3023
11648,9.6101
11709,37.2182
11649,10.2736
11650,8.5768
11710,38.3779
11651,8.4791
11711,37.2115
11652,8.2668
11712,37.3717
11713,36.3573
11653,8.8368
11714,37.6003
11654,8.9012
11715,37.8469
11655,8.9626
11656,8.2667
11716,39.3501
11657,8.1289
11717,37.6762
11658,8.3795
11718,37.1987
11659,8.8756
11719,37.8944
11720,37.6670
11660,8.7969
11721,38.1463
11661,8.3048
11722,37.8893
11662,8.4277
11723,37.7528
11663,8.4639
11724,37.3977
11664,8.8627
11725,38.2031
11665,8.8724
11726,38.2372
11666,8.5569
11727,37.9167
11667,8.1252
11728,36.8550
11668,8.4920
11669,8.9701
11729,37.5799
11730,38.2678
11670,9.2697
11731,37.9734
11671,8.3345
11672,8.3238
11732,38.1118
11673,8.6387
11733,37.6294
11734,37.2269
11674,8.7730
11735,37.7873
11675,8.7222
11736,38.3609
11676,8.4470
11677,8.3236
11737,38.3981
11678,8.6039
11738,38.3891
11739,37.3880
11679,8.5827
11680,8.9495
11740,37.6207
11741,37.2314
11681,9.6755
11742,38.4414
11682,8.5093
11683,8.3660
11743,37.8542
11744,36.8702
11684,8.7456
11745,38.2728
11685,8.4395
11746,38.0332
11686,8.7254
11747,37.4715
11687,8.5103
11688,8.5064
11748,38.5719
11689,8.5209
11749,37.7536
11750,37.2311
11690,9.0124
11751,38.0511
11691,8.3853
11692,8.8527
11752,37.8257
11753,37.1421
11693,10.1038
11694,8.5090
11754,38.4866
11755,37.2175
11695,8.5541
11756,37.5545
11696,8.4905
11757,37.1331
11697,8.3748
11758,38.0808
11698,8.5580
11759,38.1207
11699,8.5733
11760,37.5862
11700,8.4268
11701,8.1736
11761,38.5481
11702,9.0616
11762,37.3804
11763,37.5374
11703,9.7849
11704,8.3669
11764,37.9436
11705,8.4445
11765,37.6183
11706,8.6444
11766,37.6866
11767,37.2550
11707,8.8393
11768,38.8123
11708,8.7947
11769,39.2669
11709,8.5114
11710,8.2681
11770,37.8224
11711,8.4777
11771,37.3369
11772,37.2353
11712,8.8645
11773,38.2129
11713,8.4989
11774,37.5734
11714,9.1964
11775,37.6947
11715,9.7040
11716,8.1896
11776,38.3984
11717,8.5170
11777,37.1464
11778,37.3761
11718,8.5471
11779,37.8877
11719,8.3802
11780,36.4651
11720,10.0739
11781,37.3636
11721,9.6022
11782,37.1859
11722,8.2348
11783,36.1413
11723,8.4179
11784,36.4651
11724,8.7405
11785,37.0861
11725,9.4932
11786,36.8573
11726,10.3643
11787,37.2867
11727,8.8414
11788,37.3243
11728,8.3868
11729,8.3608
11789,37.1800
11790,37.0353
11730,8.6050
11791,36.2151
11731,9.7053
11792,37.2471
11732,9.8930
11733,8.2823
11793,37.6369
11734,8.3655
11794,36.4185
11795,36.3020
11735,8.6902
11796,36.2292
11736,9.3254
11797,37.2614
11737,10.3872
11798,37.3518
11738,10.0112
11739,8.5345
11799,37.7427
11740,8.3270
11800,36.1586
11741,8.5577
11801,36.3580
11802,36.4129
11742,9.0991
11803,36.6957
11743,10.0320
11804,37.8860
11744,8.4868
11805,36.3324
11745,8.3853
11806,36.2633
11746,8.4066
11807,36.2356
11747,8.6785
11808,36.2422
11748,10.8668
11809,38.2208
11749,9.7118
11750,8.3640
11810,37.9050
11751,8.4212
11811,36.4608
11752,8.5243
11812,37.0078
11813,36.3111
11753,9.5766
11814,37.6388
11754,9.8811
11815,37.0500
11755,8.6605
11756,8.2402
11816,36.6326
11817,35.6260
11757,8.4247
11818,36.9914
11758,8.8998
11819,36.0515
11759,10.0790
11820,38.2675
11760,8.7638
11761,8.3467
11821,37.9965
11822,36.0825
11762,8.7414
11763,8.4875
11823,37.9734
11824,36.8001
11764,8.7464
11825,36.7017
11765,9.6221
11826,37.5637
11766,8.4561
11767,8.4082
11827,37.2976
11828,37.3425
11768,8.7439
11829,36.4212
11769,8.5066
11830,37.0269
11770,9.5377
11831,37.1742
11771,10.0651
11772,8.2207
11832,37.9656
11833,35.9219
11773,8.2291
11834,34.8303
11774,8.6366
11835,36.7767
11775,8.9829
11836,36.7253
11776,9.9838
11837,42.8461
11777,8.6729
11838,36.6910
11778,8.6384
11839,36.6116
11779,9.8664
11780,8.2537
11840,38.4801
11781,8.7846
11841,35.5981
11842,36.8843
11782,9.0513
11843,37.2537
11783,8.4375
11844,36.0500
11784,8.4086
11845,38.5797
11785,8.5054
11846,36.3453
11786,8.4212
11847,36.9091
11787,8.9252
11848,36.6556
11788,8.9389
11789,8.7892
11849,37.7653
11850,36.1706
11790,9.3869
11791,8.4028
11851,36.8006
11792,8.6968
11852,36.6876
11853,36.3389
11793,9.6445
11854,37.2247
11794,9.5887
11795,8.9817
11855,37.5313
11856,35.9875
11796,9.4360
11797,8.3654
11857,37.3485
11798,8.4815
11858,36.5219
11859,36.3172
11799,9.7881
11860,37.3390
11800,10.1831
11801,8.3709
11861,38.4518
11802,8.3295
11862,36.1478
11863,36.3251
11803,8.7332
11864,36.6613
11804,9.3498
11865,38.1926
11805,9.0913
11866,37.3718
11806,8.5636
11867,36.8063
11807,8.4776
11868,36.1440
11808,8.4232
11869,35.8188
11809,8.5034
11870,37.4338
11810,9.0476
11871,36.7920
11811,9.8399
11872,37.7871
11812,8.4595
11813,9.2912
11873,38.7686
11874,37.0207
11814,9.3419
11875,38.5430
11815,8.8498
11876,36.5989
11816,9.4351
11877,37.7336
11817,8.5418
11878,38.3967
11818,8.5004
11879,36.3550
11819,9.3596
11880,36.9214
11820,9.8785
11821,8.3852
11881,38.2129
11882,35.6073
11822,8.4657
11883,36.1231
11823,8.7404
11884,36.9358
11824,8.6577
11825,9.4556
11885,37.1076
11886,35.7167
11826,9.5027
11887,38.6280
11827,8.4508
11888,36.3737
11828,8.3030
11889,37.0038
11829,8.6863
11890,36.1088
11830,8.8501
11891,37.6218
11831,9.4051
11892,36.4560
11832,9.6232
11833,8.2330
11893,37.2272
11834,8.6051
11894,36.1335
11895,35.8067
11835,9.5535
11896,37.4680
11836,8.5385
11897,36.3821
11837,9.8559
11898,36.4871
11838,9.8605
11899,38.3578
11839,8.9772
11900,35.9895
11840,8.5200
11841,8.4579
11901,36.8196
11902,36.7893
11842,8.7874
11903,36.7756
11843,9.3396
11904,36.7492
11844,10.1710
11845,8.2926
11905,36.8359
11846,8.4321
11906,35.6173
11847,8.9170
11907,36.8214
11908,36.1194
11848,10.0566
11909,37.0730
11849,9.0262
11910,37.2511
11850,9.1899
11851,8.3926
11911,37.2877
11852,8.4803
11912,36.9362
11913,35.8824
11853,9.1552
11914,36.2994
11854,9.9153
11915,37.3314
11855,9.4998
11916,36.6237
11856,9.9111
11857,8.4594
11917,38.1022
11858,8.3738
11918,37.1323
11859,8.9297
11919,35.6694
11920,36.0295
11860,9.9362
11921,38.0673
11861,9.7180
11922,36.8073
11862,9.8920
11863,8.5229
11923,37.1581
11864,8.3847
11924,36.3668
11925,35.8916
11865,9.6489
11926,37.3393
11866,10.0557
11867,8.9191
11927,37.4491
11928,36.7863
11868,8.7366
11929,38.1174
11869,8.4323
11930,36.1063
11870,8.5806
11931,36.2228
11871,9.8437
11932,37.1306
11872,9.9517
11873,8.6145
11933,37.6079
11874,8.7456
11934,35.8877
11935,37.0086
11875,8.9137
11876,8.8655
11936,36.7058
11937,36.3634
11877,9.6708
11938,38.5179
11878,8.6393
11939,36.6998
11879,8.7143
11880,8.6851
11940,37.8341
11941,36.0176
11881,9.4222
11882,9.3748
11942,38.0002
11943,36.3723
11883,9.9710
11884,8.3368
11944,37.4912
11945,36.4016
11885,8.6397
11946,36.7528
11886,8.8317
11947,36.3282
11887,9.2943
11948,37.1528
11888,9.1689
11949,36.6571
11889,9.9595
11890,8.4903
11950,37.6782
11951,36.4538
11891,8.6861
11952,36.0936
11892,8.9210
11953,36.7046
11893,8.6674
11954,37.4177
11894,9.4647
11955,36.4429
11895,9.8227
11896,8.4327
11956,37.2235
11957,36.5422
11897,8.5433
11958,36.4671
11898,9.8260
11959,37.6413
11899,9.9431
11900,8.5798
11960,37.1784
11961,35.5841
11901,8.7251
11962,36.5576
11902,8.6086
11963,36.7861
11903,8.7284
11964,38.0968
11904,9.3723
11965,36.9741
11905,9.8226
11906,8.4374
11966,38.5757
11907,8.2781
11967,36.6382
11968,35.1730
11908,9.0937
11969,36.3316
11909,9.8345
11970,37.8384
11910,9.2216
11971,37.1739
11911,9.7768
11972,38.1098
11912,8.4852
11973,36.1463
11913,8.3899
11974,36.2604
11914,9.0245
11975,36.3872
11915,10.0014
11916,9.0142
11976,37.6794
11977,36.4622
11917,8.6436
11978,36.8085
11918,8.5388
11919,8.3875
11979,38.3578
11980,35.4902
11920,9.3527
11981,37.5473
11921,9.0261
11982,37.5181
11922,8.7879
11983,37.1883
11923,8.6721
11984,37.3380
11924,8.7297
11985,36.9971
11925,8.7025
11986,36.2576
11926,8.9715
11987,37.5367
11927,9.2947
11928,8.3932
11988,38.4419
11989,36.3610
11929,8.7314
11990,36.5105
11930,9.7749
11931,8.4291
11991,37.3887
11992,36.0106
11932,9.1770
11993,37.5273
11933,9.0878
11934,8.5110
11994,37.2034
11995,36.3270
11935,9.7796
11996,37.8376
11936,9.8281
11937,8.4671
11997,37.2257
11998,36.0525
11938,9.6444
11999,36.3090
11939,9.9264
11940,8.5681
12000,37.7973
12001,36.4572
11941,8.7965
12002,36.3018
11942,8.9165
11943,8.8709
12003,38.5266
12004,36.3775
11944,9.8339
12005,37.4822
11945,10.2857
11946,9.6802
12006,36.8678
11947,8.9083
12007,36.8799
12008,36.8983
11948,8.4648
12009,36.1725
11949,9.5897
12010,36.8560
11950,9.9591
12011,37.9108
11951,9.6571
12012,37.0109
11952,9.0248
12013,36.3567
11953,8.8214
12014,35.8561
11954,9.1120
11955,8.6624
12015,37.6258
12016,37.0206
11956,8.8264
12017,37.7650
11957,8.3615
12018,36.4625
11958,8.5805
12019,36.7302
11959,8.9971
12020,36.8707
11960,9.6958
11961,8.4772
12021,37.9520
12022,37.2667
11962,8.8561
12023,36.1910
11963,9.5062
11964,8.5178
12024,37.7969
12025,36.3394
11965,9.2009
12026,37.4273
11966,9.5870
11967,8.4204
12027,37.4175
12028,35.5989
11968,9.2710
12029,36.9223
11969,10.0049
11970,9.1298
12030,37.6489
12031,35.9350
11971,9.4529
12032,36.9743
11972,9.0427
12033,36.9883
11973,8.9646
12034,36.2588
11974,9.0880
12035,37.6567
11975,9.0743
11976,9.0997
12036,37.0846
12037,36.5608
11977,9.4189
12038,37.8511
11978,9.0014
11979,8.9180
12039,37.3848
12040,36.6994
11980,8.8616
12041,36.4290
11981,9.4140
12042,37.1814
11982,9.3281
11983,8.7819
12043,38.1280
12044,36.1330
11984,8.7771
12045,36.3829
11985,8.9023
12046,36.9078
11986,9.1930
12047,36.1910
11987,9.6350
12048,37.3110
11988,8.9525
12049,36.8993
11989,8.6369
12050,36.4666
11990,9.4985
12051,37.4501
11991,8.7282
12052,37.0632
11992,9.4065
12053,37.1612
11993,9.0331
12054,36.8934
11994,8.5715
12055,36.4117
11995,9.0459
12056,36.7447
11996,8.9672
12057,36.5582
11997,8.7971
12058,37.5343
11998,8.9875
12059,37.5763
11999,8.9188
12060,37.3722
12000,8.9080
12061,37.1178
12001,8.7066
12002,8.9118
12062,37.1652
12063,36.6814
12003,9.7408
12064,36.9319
12004,9.1018
12065,37.2093
12005,8.8392
12066,36.8831
12006,9.2354
12067,36.7576
12007,8.8608
12008,8.7392
12068,37.0031
12069,37.1563
12009,9.6742
12010,8.6633
12070,37.8782
12071,36.3271
12011,8.8873
12072,36.7279
12012,9.1291
12073,37.1860
12013,8.6692
12074,36.7184
12014,10.0613
12075,36.7868
12015,10.7390
12016,8.9214
12076,37.3159
12017,8.7353
12077,36.3444
12018,8.7735
12078,36.8800
12079,37.0036
12019,9.8373
12080,38.0953
12020,8.8636
12081,37.1734
12021,9.0053
12082,36.7105
12022,9.1391
12023,8.5356
12083,37.2326
12084,36.7993
12024,9.7636
12085,37.5684
12025,9.9781
12026,8.3018
12086,37.1391
12087,36.1666
12027,9.1089
12088,37.1296
12028,10.2644
12029,8.3167
12089,37.2072
12090,36.3570
12030,9.2510
12091,37.1040
12031,10.3484
12032,8.8348
12092,37.2169
12093,35.8075
12033,9.5153
12094,37.5270
12034,9.1513
12095,36.4639
12035,9.0209
12096,37.3168
12036,9.6400
12097,37.1556
12037,10.0378
12038,9.1589
12098,37.0190
12099,36.5173
12039,8.9098
12100,36.6932
12040,9.6079
12101,37.6464
12041,9.2274
12102,37.2892
12042,8.6068
12103,37.1004
12043,8.9127
12104,36.5511
12044,10.1525
12045,8.3354
12105,37.5599
12046,9.5403
12106,36.8141
12107,36.6764
12047,10.3369
12048,9.5360
12108,38.5673
12049,9.5535
12109,36.6144
12110,38.0552
12050,9.9883
12111,36.8753
12051,9.6844
12112,36.9822
12052,9.4751
12113,36.4168
12053,10.1753
12114,37.5422
12054,9.8124
12115,36.1275
12055,10.1912
12116,37.8551
12056,10.2679
12117,36.5432
12057,10.0394
12118,36.3865
12058,9.6883
12119,37.6713
12059,9.7078
12120,36.9063
12060,10.0554
12061,9.1844
12121,37.3658
12122,35.9923
12062,9.4019
12123,36.6418
12063,9.3136
12064,8.7527
12124,37.4109
12125,35.7837
12065,9.1211
12126,37.1625
12066,9.0474
12127,36.7102
12067,9.1221
12128,37.2712
12068,8.8838
12129,36.9682
12069,8.7689
12130,36.3997
12070,9.1089
12131,36.8381
12071,8.9930
12132,37.5330
12072,9.2764
12133,36.7446
12073,9.7871
12074,9.0627
12134,37.1762
12135,36.3020
12075,9.0792
12136,36.5203
12076,9.1981
12137,36.9821
12077,9.1392
12138,36.8000
12078,9.4078
12139,37.2521
12079,10.4945
12080,9.0568
12140,37.3920
12081,8.7074
12141,36.3651
12142,37.0684
12082,8.9780
12143,36.5452
12083,9.2933
12144,37.0229
12084,10.1389
12085,8.7329
12145,37.3518
12146,36.6467
12086,9.0314
12087,8.5662
12147,37.4893
12148,35.9942
12088,8.6718
12149,36.3935
12089,9.9597
12150,37.5439
12090,10.2048
12091,9.0824
12151,36.9847
12152,35.4730
12092,9.1817
12153,36.9920
12093,8.9670
12154,36.6188
12094,9.0244
12155,36.6776
12095,8.9426
12096,8.8188
12156,38.3528
12157,36.6094
12097,8.9441
12158,37.0747
12098,9.3637
12099,8.8137
12159,37.7863
12160,36.0316
12100,8.9332
12161,36.5623
12101,9.1791
12162,37.5320
12102,9.4179
12163,37.1912
12103,9.1980
12164,37.2192
12104,8.9828
12165,36.4696
12105,9.1624
12106,8.7626
12166,37.2858
12167,36.3850
12107,8.4926
12168,37.0227
12108,8.7989
12169,36.7411
12109,8.5198
12170,37.2459
12110,8.5691
12171,36.4337
12111,9.2894
12172,38.0396
12112,8.8906
12173,36.6507
12113,8.7605
12174,36.2727
12114,8.9871
12175,37.1053
12115,9.6344
12176,37.2932
12116,10.1425
12177,37.2172
12117,14.2400
12118,9.9713
12178,38.0282
12119,8.6942
12179,36.9406
12120,7.9358
12180,38.0204
12121,8.0712
12181,37.2329
12182,37.5641
12122,8.0354
12183,37.8297
12123,8.1865
12184,37.9542
12124,8.3354
12185,38.8706
12125,8.0567
12126,7.9390
12186,37.3320
12187,37.2529
12127,8.0250
12188,36.9347
12128,8.2678
12129,7.7464
12189,38.4148
12130,7.9774
12190,36.5452
12191,38.0580
12131,8.0894
12192,37.7385
12132,8.0542
12133,7.8111
12193,39.1231
12134,7.6537
12194,37.5575
12195,37.3662
12135,7.8884
12196,38.5424
12136,7.9174
12197,38.1237
12137,8.1706
12198,38.4762
12138,7.7817
12199,37.7010
12139,7.8935
12140,7.8365
12200,38.5352
12201,37.0417
12141,7.8330
12142,8.0350
12202,38.0938
12203,37.9652
12143,7.8341
12144,7.7414
12204,37.8005
12205,37.0649
12145,7.8573
12146,7.9578
12206,37.8941
12207,37.8543
12147,8.2485
12148,7.8168
12208,38.3159
12149,7.9705
12209,37.4242
12210,39.2863
12150,7.8118
12211,37.5930
12151,8.0200
12212,37.5424
12152,8.1125
12213,37.7784
12153,7.9588
12154,7.9342
12214,38.9207
12155,7.9004
12215,38.5253
12156,7.7077
12216,37.5187
12157,7.8602
12217,37.2084
12218,37.3375
12158,8.1929
12219,38.2693
12159,7.9929
12160,7.7362
12220,38.0110
12221,37.2737
12161,7.9580
12162,7.8967
12222,38.4039
12223,37.3968
12163,7.7962
12224,37.5270
12164,8.2557
12165,7.7968
12225,38.2091
12166,7.9640
12226,37.6876
12227,38.0047
12167,7.9324
12228,37.0994
12168,7.9679
12229,37.3296
12169,7.7554
12230,37.4189
12170,7.9048
12171,7.8182
12231,38.3274
12172,7.9160
12232,37.1394
12233,37.5777
12173,7.9034
12234,36.9129
12174,7.8814
12235,38.6528
12175,7.9636
12236,38.0174
12176,8.1291
12177,7.8277
12237,37.7183
12178,7.7594
12238,37.7960
12179,7.9113
12239,37.2251
12180,7.8252
12240,37.6616
12241,36.8759
12181,8.1737
12182,8.0567
12242,38.5878
12183,7.8057
12243,37.5928
12244,36.7552
12184,8.0226
12185,8.0578
12245,39.3768
12186,7.8526
12246,38.6937
12247,37.2139
12187,8.2406
12248,38.4672
12188,7.9211
12189,7.8397
12249,37.0379
12250,37.4232
12190,8.0957
12191,7.8599
12251,37.7726
12252,37.2388
12192,7.7570
12253,38.0691
12193,7.8301
12254,38.2378
12194,7.7464
12255,37.4981
12195,8.0408
12256,38.6211
12196,7.7960
12257,37.2444
12197,7.7651
12258,37.9760
12198,7.7773
12199,7.8067
12259,37.6083
12260,37.3502
12200,7.8316
12261,37.9683
12201,7.9568
12262,37.4755
12202,8.0147
12263,37.8606
12203,8.2866
12204,7.9695
12264,38.5694
12265,37.4179
12205,8.0436
12206,8.2697
12266,40.9260
12207,7.9472
12267,38.2612
12268,36.8646
12208,8.3521
12269,38.7796
12209,7.9833
12210,8.0400
12270,38.2486
12271,37.5362
12211,7.9759
12272,37.4531
12212,7.8117
12213,7.9141
12273,37.0712
12274,37.5179
12214,8.3428
12215,7.9355
12275,38.6729
12216,8.0090
12276,38.2412
12277,37.5007
12217,7.8131
12278,37.4037
12218,8.0956
12219,7.8544
12279,37.7580
12280,36.3880
12220,8.1326
12281,38.8596
12221,7.8772
12282,37.7324
12222,7.9337
12223,7.8399
12283,37.8439
12224,7.9257
12284,37.3320
12285,37.3524
12225,7.9128
12286,38.4839
12226,8.1187
12287,38.6836
12227,7.9917
12288,37.7196
12228,7.8715
12229,7.8516
12289,38.7481
12230,7.9083
12290,36.9563
12291,37.4997
12231,7.7908
12292,37.6295
12232,7.8538
12293,37.5474
12233,7.9567
12294,36.7344
12234,8.0254
12295,38.4686
12235,7.6848
12296,37.1935
12236,8.1559
12297,37.3313
12237,8.0585
12298,38.3688
12238,7.7567
12239,7.9733
12299,37.5605
12300,38.3883
12240,8.0789
12301,38.2073
12241,7.9798
12242,7.8073
12302,38.0847
12243,7.8570
12303,36.7961
12304,36.9799
12244,8.0784
12305,38.2786
12245,7.9449
12306,37.6456
12246,7.7966
12247,7.8711
12307,37.7957
12308,36.8816
12248,7.9197
12249,7.8493
12309,38.0947
12310,36.7405
12250,8.0045
12311,37.2069
12251,7.8463
12252,8.0001
12312,37.4477
12313,37.1208
12253,7.8410
12314,37.3343
12254,7.7873
12255,7.9358
12315,37.9683
12316,37.4680
12256,7.8877
12317,38.4272
12257,7.9648
12318,37.8864
12258,7.9026
12259,7.7385
12319,37.6667
12260,7.8335
12320,37.0969
12321,36.8096
12261,8.0887
12262,8.0103
12322,37.7526
12323,37.1823
12263,7.7949
12324,37.8903
12264,7.9190
12265,7.9748
12325,37.6232
12266,7.8247
12326,37.9250
12327,37.0395
12267,8.0548
12268,7.9004
12328,37.5586
12329,37.6206
12269,8.0046
12270,7.7782
12330,38.0036
12271,7.7635
12331,36.7433
12332,37.8403
12272,7.9252
12333,38.1599
12273,8.2081
12274,7.8054
12334,38.5510
12275,7.8817
12335,37.5823
12336,37.2357
12276,7.7717
12277,8.0800
12337,38.2200
12338,38.1289
12278,8.5305
12339,38.3275
12279,7.8798
12280,7.9851
12340,38.0365
12341,37.7027
12281,7.7744
12282,7.7617
12342,38.8392
12343,36.8382
12283,7.8222
12344,37.9766
12284,8.0343
12285,7.6993
12345,37.4873
12346,36.8513
12286,7.8646
12347,38.0298
12287,7.8264
12288,7.8890
12348,37.6921
12349,37.4805
12289,7.9644
12350,38.8599
12290,8.2189
12291,7.9862
12351,38.1896
12292,7.8200
12352,38.3236
12353,37.2092
12293,7.8913
12294,7.8624
12354,38.1989
12355,36.8135
12295,8.0523
12356,37.6601
12296,8.2424
12297,7.8896
12357,38.4724
12298,7.8732
12358,38.6416
12359,37.1974
12299,7.6729
12360,37.5030
12300,7.8376
12361,37.3597
12301,7.9457
12362,37.4516
12302,7.7958
12303,7.7981
12363,38.1276
12304,7.8516
12364,37.6080
12365,38.4685
12305,7.9395
12306,7.8988
12366,37.9424
12367,37.0389
12307,7.9321
12368,38.1184
12308,8.0452
12309,7.7997
12369,38.9188
12310,7.8354
12370,36.7692
12371,36.9768
12311,7.9957
12372,37.0861
12312,7.8954
12373,38.4586
12313,7.8986
12374,37.3439
12314,7.8797
12375,37.4837
12315,8.3469
12316,7.8520
12376,38.8178
12317,7.9470
12377,36.9439
12378,37.4571
12318,8.0242
12379,38.0627
12319,8.0038
12380,37.7961
12320,7.9374
12381,37.7060
12321,7.9599
12322,7.7803
12382,37.8676
12323,7.8716
12383,36.9195
12384,37.6045
12324,7.9951
12385,37.4152
12325,8.1995
12386,38.1640
12326,7.7565
12387,38.2445
12327,7.8617
12328,7.8568
12388,37.9526
12389,36.8083
12329,7.8598
12390,37.7839
12330,7.9918
12391,36.6094
12331,8.1458
12392,39.2433
12332,7.9179
12393,37.6834
12333,8.1671
12334,8.0384
12394,38.2439
12395,37.7040
12335,8.0947
12396,37.2801
12336,7.9672
12397,37.4225
12337,8.4033
12398,38.8592
12338,7.9360
12339,7.7952
12399,38.3569
12340,7.9254
12400,37.2831
12401,37.4320
12341,7.9204
12402,36.5247
12342,7.9826
12403,38.0650
12343,7.9257
12344,7.8369
12404,38.1896
12405,38.1240
12345,7.9652
12346,7.7389
12406,39.1731
12347,7.9166
12407,37.0121
12408,36.7736
12348,8.0422
12409,38.0913
12349,7.8618
12410,38.0640
12350,8.0543
12351,7.8596
12411,37.9502
12412,37.8126
12352,7.7005
12413,37.0656
12353,7.9132
12354,7.9118
12414,38.2383
12415,38.0377
12355,8.1972
12416,38.3508
12356,7.9771
12357,7.6106
12417,39.5692
12358,7.7610
12418,36.8069
12419,37.4217
12359,7.7859
12420,37.5221
12360,7.9597
12421,37.3356
12361,7.9160
12422,38.2351
12362,7.8971
12363,7.7065
12423,38.2708
12364,7.6950
12424,36.8829
12425,36.8033
12365,7.8533
12426,37.7159
12366,8.0094
12427,37.6127
12367,8.2094
12428,38.1985
12368,7.7583
12369,7.6828
12429,37.8158
12370,7.9523
12430,36.8460
12431,37.0969
12371,8.0108
12372,7.7845
12432,38.4379
12433,37.2441
12373,8.1387
12374,7.7737
12434,38.6813
12435,37.4024
12375,7.8707
12436,37.7132
12376,7.8478
12437,37.7104
12377,7.9688
12378,7.9452
12438,37.1291
12439,37.0160
12379,8.0777
12380,8.0531
12440,38.1907
12381,7.6996
12441,38.1360
12442,37.4886
12382,7.9003
12443,38.5592
12383,7.8435
12444,37.2248
12384,7.6376
12445,36.3080
12385,7.8944
12446,38.1518
12386,7.9996
12387,7.8629
12447,38.5303
12388,7.8836
12448,38.2620
12449,37.2816
12389,7.8126
12450,37.2118
12390,8.0648
12451,37.3456
12391,7.7560
12452,37.7975
12392,7.9545
12453,37.7142
12393,7.8394
12394,7.8265
12454,37.5838
12395,7.8450
12455,37.1463
12456,37.2623
12396,7.9488
12457,37.7174
12397,8.1114
12398,8.0411
12458,38.1500
12459,37.1068
12399,8.1053
12400,7.8227
12460,38.6910
12461,38.1845
12401,8.1487
12462,37.7109
12402,7.7965
12403,7.7862
12463,37.7326
12464,37.0842
12404,7.8025
12465,37.9380
12405,7.9190
12406,7.8580
12466,39.5705
12407,7.7945
12467,37.5689
12468,37.4062
12408,7.8182
12469,36.9164
12409,7.9990
12410,8.0540
12470,38.4237
12471,37.1794
12411,8.0340
12412,7.9871
12472,38.3240
12473,37.6071
12413,7.9493
12414,7.7961
12474,37.6222
12475,36.9218
12415,7.7602
12476,37.6764
12416,7.9508
12477,38.4124
12417,8.2988
12418,7.6181
12478,38.3910
12419,8.0311
12479,36.8187
12420,7.7774
12480,38.5020
12481,37.2823
12421,7.8421
12482,37.3751
12422,7.9956
12483,37.5351
12423,7.9264
12424,7.9480
12484,38.2432
12425,7.7374
12485,37.7732
12486,36.9688
12426,7.7480
12487,37.5544
12427,7.9749
12488,37.7728
12428,7.9827
12489,38.8483
12429,7.8046
12490,36.6990
12430,8.1681
12431,7.7248
12491,37.1030
12492,37.1734
12432,7.9483
12493,37.9038
12433,8.0091
12494,38.5124
12434,8.2157
12435,7.8337
12495,37.9277
12496,36.9943
12436,7.8799
12497,37.1465
12437,11.1207
12438,7.9173
12498,38.5351
12499,37.0748
12439,7.7144
12500,38.7185
12440,7.5261
12501,38.1172
12441,8.3969
12502,37.7746
12442,8.1062
12503,37.7712
12443,8.0945
12444,7.9585
12504,37.8009
12445,7.9488
12505,37.9630
12446,7.8921
12506,37.7290
12507,37.3016
12447,7.9615
12448,7.7763
12508,38.0826
12509,37.4132
12449,8.0307
12510,37.6243
12450,8.2203
12511,37.7601
12451,7.9650
12452,7.9410
12512,38.6195
12453,8.0784
12513,37.4277
12514,38.4994
12454,8.2417
12515,37.5938
12455,8.1081
12516,37.1979
12456,7.9639
12517,37.7369
12457,8.0831
12458,8.0098
12518,38.5519
12459,8.1200
12519,38.8312
12460,7.9392
12520,38.1960
12521,37.4530
12461,8.1189
12462,7.9523
12522,39.4342
12523,38.0937
12463,7.8266
12464,7.9117
12524,37.7525
12525,37.4163
12465,7.8914
12526,37.5567
12466,7.9911
12527,38.2957
12467,8.2233
12468,7.9042
12528,38.5231
12469,8.0016
12529,37.6273
12530,37.6231
12470,8.0193
12531,36.6535
12471,8.0929
12532,37.4187
12472,8.1816
12533,38.7159
12473,7.9135
12534,38.0088
12474,8.0403
12475,7.9338
12535,37.9691
12536,37.6320
12476,7.8979
12477,7.8785
12537,38.5732
12538,37.2604
12478,7.9662
12539,38.2208
12479,8.1517
12480,7.9231
12540,38.6344
12541,36.9971
12481,7.9725
12542,37.9260
12482,8.1957
12483,7.9739
12543,39.2830
12544,38.0669
12484,7.9724
12485,7.8474
12545,37.6266
12546,37.5701
12486,7.9539
12547,38.5842
12487,8.1612
12548,37.6746
12488,8.2517
12549,38.6160
12489,8.0328
12550,36.9040
12490,8.2336
12551,38.8767
12491,8.3495
12492,7.9729
12552,37.4170
12553,37.5089
12493,8.1733
12494,8.0085
12554,38.4460
12555,43.5997
12495,7.9201
12496,7.9440
12556,38.3765
12557,37.7658
12497,8.2586
12498,7.8281
12558,38.9121
12559,37.1474
12499,7.8675
12560,37.5845
12500,8.0717
12561,37.9314
12501,8.1991
12502,7.8835
12562,38.2766
12503,7.8094
12563,37.3821
12564,37.9366
12504,7.8456
12565,37.3848
12505,8.6874
12506,8.0232
12566,39.5443
12567,39.7086
12507,8.2799
12508,7.7826
12568,37.8511
12569,38.1870
12509,7.8122
12570,36.8934
12510,7.8132
12571,36.6945
12511,8.1214
12512,7.8130
12572,38.9230
12573,37.2528
12513,7.7734
12574,37.8594
12514,7.9414
12515,7.7882
12575,38.3573
12576,37.4117
12516,7.8275
12577,37.8269
12517,8.0705
12578,37.6122
12518,8.2131
12519,7.8684
12579,37.9071
12580,37.3729
12520,8.2715
12521,7.8695
12581,38.0099
12582,38.3735
12522,7.8557
12583,37.0184
12523,8.0065
12584,37.9226
12524,8.0817
12585,37.9348
12525,7.9039
12586,37.8899
12526,7.9256
12587,37.8045
12527,8.1927
12588,38.4413
12528,7.9047
12589,37.5670
12529,8.0559
12590,37.3695
12530,7.9395
12531,7.8810
12591,38.7951
12592,37.6007
12532,7.8143
12593,37.3762
12533,7.9134
12594,38.0998
12534,8.4842
12535,7.8462
12595,38.6018
12536,8.0258
12596,37.9032
12597,37.5618
12537,7.7906
12598,37.3093
12538,7.9096
12599,37.0449
12539,8.1372
12600,39.2498
12540,7.8995
12541,7.7727
12601,38.6763
12602,37.1526
12542,8.1131
12543,7.9514
12603,39.3073
12544,7.8951
12604,38.2668
12545,7.9204
12605,38.0991
12606,37.3052
12546,8.2599
12547,7.9082
12607,38.5030
12608,37.4862
12548,8.0919
12549,7.7823
12609,39.4144
12550,7.9018
12610,37.3503
12611,37.5077
12551,7.9223
12552,8.3631
12612,38.1501
12613,36.9590
12553,7.8492
12614,37.9130
12554,7.7236
12555,7.6737
12615,38.3145
12616,37.0262
12556,7.9395
12557,7.8023
12617,38.2112
12618,37.6014
12558,7.7646
12559,7.8451
12619,38.1870
12620,37.7774
12560,7.9706
12561,7.9338
12621,38.2474
12622,37.5988
12562,7.9945
12623,37.9341
12563,8.0034
12564,7.7436
12624,38.4149
12565,7.8163
12625,38.3301
12626,37.5255
12566,7.7643
12627,38.0514
12567,7.7994
12568,7.8028
12628,38.0038
12629,37.6921
12569,8.1050
12570,7.8334
12630,38.1795
12631,37.9232
12571,8.1433
12632,38.6319
12572,8.3800
12633,37.2585
12573,8.3007
12574,7.8367
12634,38.5513
12635,37.7249
12575,8.0408
12636,38.3756
12576,7.9202
12637,37.9034
12577,7.8558
12578,8.0914
12638,37.8950
12639,37.5848
12579,8.0832
12640,37.9683
12580,7.7594
12641,37.6969
12581,7.7757
12582,7.7939
12642,37.8226
12643,37.3396
12583,7.7834
12644,38.1260
12584,7.8426
12645,38.1691
12585,7.9340
12646,36.6214
12586,7.8690
12587,7.6607
12647,39.4775
12588,7.9268
12648,37.1619
12649,37.4907
12589,7.7887
12650,37.0167
12590,8.0447
12651,38.4660
12591,7.8125
12652,37.5755
12592,7.9085
12653,38.5251
12593,7.9012
12654,37.8074
12594,7.6917
12655,37.7173
12595,7.8757
12656,38.0862
12596,7.7710
12657,37.8025
12597,7.8936
12598,7.5903
12658,37.7250
12659,36.8322
12599,7.9212
12600,7.7375
12660,39.2810
12601,7.7511
12661,38.2511
12662,37.5306
12602,8.0161
12603,7.8185
12663,38.3312
12604,7.8100
12664,37.6050
12665,37.6557
12605,7.9868
12606,7.7016
12666,39.0454
12607,7.6844
12667,37.9979
12668,36.9858
12608,7.7439
12609,7.7872
12669,38.0129
12670,37.0277
12610,8.4902
12611,7.6063
12671,38.9958
12612,7.7093
12672,38.1065
12673,36.7590
12613,7.8118
12674,37.2251
12614,8.1249
12615,7.7960
12675,38.3413
12676,37.5102
12616,7.9886
12677,37.5304
12617,7.8915
12678,37.1735
12618,7.9178
12679,38.4212
12619,8.0487
12680,37.5657
12620,7.9449
12681,38.2342
12621,8.0302
12622,7.8327
12682,38.1773
12683,38.5123
12623,7.8951
12684,37.3835
12624,7.8703
12685,37.5254
12625,8.0264
12626,7.8523
12686,39.5839
12627,7.8984
12687,37.7249
12688,37.4944
12628,8.1295
12629,7.8247
12689,38.9904
12690,37.7713
12630,8.3198
12691,37.1321
12631,7.7620
12692,39.1556
12632,7.9851
12693,38.6755
12633,7.9344
12694,37.7764
12634,8.0791
12695,38.7323
12635,7.7360
12696,37.4887
12636,8.2530
12637,7.9430
12697,38.2249
12698,37.6633
12638,7.7697
12639,7.6735
12699,37.7766
12700,37.0007
12640,7.7638
12701,36.9599
12641,8.1518
12702,38.4777
12642,7.7092
12643,7.0050
12703,38.7998
12704,37.0592
12644,7.4424
12705,37.6359
12645,7.5443
12646,7.0436
12706,37.6582
12647,7.0773
12707,37.7058
12708,37.1801
12648,7.3720
12649,7.0145
12709,38.6363
12650,7.0549
12710,37.5584
12711,37.2454
12651,7.0422
12712,37.4152
12652,8.0457
12653,7.0993
12713,39.2038
12654,7.1266
12714,36.9451
12715,37.5285
12655,7.6270
12716,38.7128
12656,7.3168
12717,37.7299
12657,7.5496
12658,7.1678
12718,37.2303
12719,38.1925
12659,7.4333
12720,38.2601
12660,7.6416
12661,7.1347
12721,37.3862
12722,36.4729
12662,7.3897
12663,7.2974
12723,38.2663
12724,38.1066
12664,7.3475
12665,7.1656
12725,38.2876
12726,37.5080
12666,7.6541
12667,7.0541
12727,38.5068
12668,7.1804
12728,37.6768
12729,37.2816
12669,7.1617
12670,7.0746
12730,37.7750
12731,37.1972
12671,7.2868
12732,37.5317
12672,7.6620
12733,38.0445
12673,7.4957
12674,7.1542
12734,38.7487
12675,7.0290
12735,37.3589
12736,36.7098
12676,7.3885
12737,37.4818
12677,7.3280
12678,7.0427
12738,38.7933
12679,7.6038
12739,37.1659
12740,36.8861
12680,7.2487
12681,7.0842
12741,38.9788
12682,7.1603
12742,38.4520
12683,7.2007
12743,37.2937
12744,37.5465
12684,7.3075
12685,7.0621
12745,37.8286
12746,36.8498
12686,7.2994
12747,37.7708
12687,7.3887
12688,7.1538
12748,39.2469
12749,37.5029
12689,7.1109
12690,7.0638
12750,37.7143
12751,37.7100
12691,7.4123
12692,7.1408
12752,38.3615
12753,37.2452
12693,7.2256
12754,38.2360
12694,7.1173
12695,7.0334
12755,37.9898
12696,6.9881
12756,37.5782
12757,37.2617
12697,7.1540
12758,37.6912
12698,7.4806
12699,7.1081
12759,38.3643
12700,7.3397
12760,37.5523
12761,38.3085
12701,7.3973
12702,7.0719
12762,38.4940
12703,6.9915
12763,37.4800
12764,37.6034
12704,7.3512
12765,37.1141
12705,7.3003
12706,7.0599
12766,38.6131
12767,37.3040
12707,7.1329
12768,37.6955
12708,7.1791
12709,7.0603
12769,38.5268
12770,37.4455
12710,7.3201
12771,38.4289
12711,7.1932
12772,39.2694
12712,7.1217
12773,37.6640
12713,7.8868
12774,38.7978
12714,7.1533
12775,37.0772
12715,6.9911
12776,37.6931
12716,7.0909
12777,38.3824
12717,7.1084
12778,37.6729
12718,7.0939
12779,38.3163
12719,7.0882
12720,7.0765
12780,38.7878
12781,37.2513
12721,7.4541
12782,38.8790
12722,7.8821
12783,37.6025
12723,7.7344
12724,7.2577
12784,38.3660
12785,37.1121
12725,7.4229
12786,38.0215
12726,7.3549
12727,7.1509
12787,38.3624
12788,36.9019
12728,7.4755
12729,7.0762
12789,38.9159
12730,7.4750
12790,37.6015
12791,38.0180
12731,7.0610
12732,7.1884
12792,37.8084
12793,38.5230
12733,7.1466
12794,38.0575
12734,7.0843
12795,38.1025
12735,7.5339
12736,7.0578
12796,38.8068
12737,6.9648
12797,37.8295
12798,36.9654
12738,7.5863
12739,7.1411
12799,38.4667
12800,37.5660
12740,7.5104
12741,7.1719
12801,40.7373
12802,37.8817
12742,7.2507
12803,37.3735
12743,6.9590
12804,37.4019
12744,7.0453
12745,7.1129
12805,37.5076
12806,37.7856
12746,7.3997
12807,38.4983
12747,7.1143
12748,6.9647
12808,39.4468
12749,7.0337
12809,37.9073
12750,7.0074
12810,37.3084
12751,7.0903
12811,38.0977
12812,37.7648
12752,7.1258
12813,38.1924
12753,7.2646
12754,6.9613
12814,39.1722
12755,7.0593
12815,37.7444
12816,38.6948
12756,7.2375
12757,6.9227
12817,39.0250
12758,6.9362
12818,37.4497
12759,7.1130
12819,37.4122
12820,37.3108
12760,7.5083
12761,7.0079
12821,38.2856
12762,7.0862
12822,37.3817
12823,37.9349
12763,7.0403
12764,7.0551
12824,38.5294
12825,37.4192
12765,7.0747
12826,37.5103
12766,7.3412
12827,38.7469
12767,7.2341
12768,7.0435
12828,38.5321
12769,7.0118
12829,37.5480
12770,6.9848
12830,38.2162
12831,37.5075
12771,6.9803
12832,37.7088
12772,7.3153
12833,38.4596
12773,7.2949
12774,6.9761
12834,41.3600
12835,37.9626
12775,7.1201
12776,7.0144
12836,38.2295
12837,37.7794
12777,7.5587
12838,38.3004
12778,7.4300
12839,38.0881
12779,7.5189
12840,38.9201
12780,7.4370
12841,38.4081
12781,7.0723
12782,6.9319
12842,38.1552
12783,7.0875
12843,36.9355
12844,37.4309
12784,7.2417
12845,38.0491
12785,7.2011
12846,38.0116
12786,7.3775
12787,7.0412
12847,38.6403
12848,38.0140
12788,7.0287
12789,7.0237
12849,38.5144
12790,7.0300
12850,37.5480
12851,36.6715
12791,7.4654
12852,39.3996
12792,7.0698
12853,37.5539
12793,7.4663
12794,6.9938
12854,39.2130
12795,6.9136
12855,37.0839
12796,7.0630
12856,37.2381
12857,37.6264
12797,7.3712
12858,38.5792
12798,7.0820
12859,38.4723
12799,7.3206
12860,37.8408
12800,7.4626
12801,7.0415
12861,39.0696
12802,7.1261
12862,37.9113
12863,37.6500
12803,7.2198
12804,7.0647
12864,37.9902
12865,37.6288
12805,7.3428
12866,39.7581
12806,7.1602
12867,38.5944
12807,7.1694
12868,38.1416
12808,7.0241
12809,7.0120
12869,37.9051
12810,7.0668
12870,37.9078
12871,38.1549
12811,7.1161
12872,38.7766
12812,6.9857
12873,37.3321
12813,7.1586
12874,38.2009
12814,7.0262
12875,37.8014
12815,7.0636
12876,38.0370
12816,6.9967
12877,38.2403
12817,7.0819
12878,37.7480
12818,7.1260
12879,37.8202
12819,7.4416
12880,38.3933
12820,6.9745
12821,7.1810
12881,38.1162
12882,36.6878
12822,7.3213
12823,7.4621
12883,38.0964
12824,7.1420
12884,38.4323
12885,37.2735
12825,7.3950
12886,38.2664
12826,6.9846
12887,37.7476
12827,7.0770
12888,38.5199
12828,7.2710
12829,7.1008
12889,38.1990
12890,37.6877
12830,7.3085
12831,6.9982
12891,39.1953
12892,37.7655
12832,7.2059
12893,37.6316
12833,7.1869
12894,38.3433
12834,6.9992
12895,37.9943
12835,7.0282
12896,37.4151
12836,7.3863
12897,39.3993
12837,7.2378
12838,7.0557
12898,38.0619
12899,37.7540
12839,7.2202
12900,38.4293
12840,6.9649
12901,37.6611
12841,7.0635
12902,38.0461
12842,7.0940
12903,38.4250
12843,6.9744
12844,7.0562
12904,38.3689
12905,37.6468
12845,6.9804
12906,37.0125
12846,7.0409
12907,37.8981
12847,7.1428
12908,38.6682
12848,7.3269
12909,38.7694
12849,7.2459
12850,6.9215
12910,38.3840
12851,6.9207
12911,37.1580
12852,6.9697
12912,37.4562
12913,37.3052
12853,7.0786
12914,37.7299
12854,7.7743
12915,38.2478
12855,7.3289
12916,38.4333
12856,6.9370
12857,7.0455
12917,37.8711
12858,6.9806
12918,37.9202
12919,37.6423
12859,7.1998
12920,37.9100
12860,7.2648
12921,37.9596
12861,7.2681
12922,38.0113
12862,7.2005
12863,6.9732
12923,38.5985
12864,6.9813
12924,37.8030
12925,37.4286
12865,7.2050
12926,37.9627
12866,7.1472
12927,37.2333
12867,7.3738
12928,37.9015
12868,7.4508
12929,38.8419
12869,7.1255
12870,7.1078
12930,38.9570
12931,38.0081
12871,6.9939
12932,37.5665
12872,7.0450
12933,38.0269
12873,7.1021
12934,38.1787
12874,7.1161
12935,37.5125
12875,7.3761
12876,7.0268
12936,38.2887
12877,6.9980
12937,37.5066
12938,37.1364
12878,7.2076
12939,37.7150
12879,7.2815
12880,7.0726
12940,38.2698
12941,36.8451
12881,7.3179
12882,7.0424
12942,38.3138
12943,37.2737
12883,7.1562
12884,6.8957
12944,37.3174
12945,37.0814
12885,6.9952
12886,7.2972
12946,38.3541
12947,38.5448
12887,7.3426
12888,7.1243
12948,38.1245
12949,37.7668
12889,7.1157
12890,6.9789
12950,38.0366
12951,36.8634
12891,7.3183
12952,37.4517
12892,7.1565
12893,7.1532
12953,37.4459
12954,37.1091
12894,7.4641
12955,38.0549
12895,7.3952
12896,7.1873
12956,39.0181
12957,37.6358
12897,7.3062
12958,37.5788
12898,7.2712
12959,38.3908
12899,7.0886
12960,37.1325
12900,7.0917
12961,38.6145
12901,7.2021
12962,37.4088
12902,7.8003
12903,7.0547
12963,38.6301
12964,37.3731
12904,7.0210
12965,37.2794
12905,7.4757
12966,39.4980
12906,7.0474
12907,7.1076
12967,38.1056
12968,37.4285
12908,7.0997
12969,37.7339
12909,7.1585
12970,37.2965
12910,7.4330
12911,6.9791
12971,39.1136
12972,37.1087
12912,7.1117
12973,37.9011
12913,7.3597
12914,7.0269
12974,38.7443
12915,6.9941
12975,37.6933
12916,7.0617
12976,38.0940
12917,7.0452
12977,38.5634
12978,37.3356
12918,7.0989
12979,38.5893
12919,7.1282
12980,38.1742
12920,7.2684
12921,6.9813
12981,38.3030
12922,7.0180
12982,37.7705
12923,7.0645
12983,37.5346
12984,37.6405
12924,7.2670
12925,7.0458
12985,38.0841
12986,37.2462
12926,7.7506
12987,38.5297
12927,7.1511
12928,7.0054
12988,37.9769
12989,36.6591
12929,7.2932
12990,37.9920
12930,7.0495
12991,38.0088
12931,7.2248
12932,7.1264
12992,37.8110
12993,37.0198
12933,7.3183
12934,7.0454
12994,38.4001
12995,37.5408
12935,7.0569
12996,38.2689
12936,7.1738
12997,37.9497
12937,7.1735
12938,7.0803
12998,39.1663
12999,37.4456
12939,7.2634
13000,39.0759
12940,7.1978
12941,7.0978
13001,38.0363
13002,37.7387
12942,7.1867
13003,38.3991
12943,7.4237
12944,7.0961
13004,38.8328
13005,37.9469
12945,7.0922
12946,7.1112
13006,38.8465
13007,37.7825
12947,7.2153
13008,37.7261
12948,7.3617
12949,7.1820
13009,37.4912
13010,37.0693
12950,7.3879
13011,38.2939
12951,7.1377
13012,37.9274
12952,7.0635
12953,6.9855
13013,38.5818
13014,38.0263
12954,7.1004
13015,38.4900
12955,7.3581
12956,7.3384
13016,39.3232
12957,7.1137
13017,37.8630
13018,39.5331
12958,7.2875
12959,6.9975
13019,38.6140
13020,37.6647
12960,7.2599
13021,38.5775
12961,7.2265
12962,7.0144
13022,38.0688
13023,37.3574
12963,7.6501
12964,6.9838
13024,38.4624
13025,37.2644
12965,6.9909
13026,37.2590
12966,6.9324
13027,38.1365
12967,7.4035
12968,7.4339
13028,38.1796
13029,37.8282
12969,7.8378
13030,38.2248
12970,6.9873
12971,7.0323
13031,38.1413
13032,38.0128
12972,7.2348
13033,37.6963
12973,7.2888
12974,7.0210
13034,38.2439
13035,38.2334
12975,7.3274
12976,7.4311
13036,38.8519
13037,39.8423
12977,6.9446
13038,37.4795
12978,7.2556
13039,38.3028
12979,6.8746
13040,37.2084
12980,6.9481
13041,38.1364
12981,6.8998
13042,38.2453
12982,7.0978
13043,37.4400
12983,7.0369
12984,7.0304
13044,38.3936
13045,37.6202
12985,7.3864
12986,6.9696
13046,38.7696
13047,37.5979
12987,7.1377
13048,37.8343
12988,7.2119
13049,37.6919
12989,7.1020
13050,38.2416
12990,7.2319
12991,6.9275
13051,38.5960
13052,37.6336
12992,7.0610
12993,7.0225
13053,38.2666
13054,37.7837
12994,6.9746
12995,6.8961
13055,37.6539
13056,37.2293
12996,7.0996
13057,38.9168
12997,7.2321
12998,6.9059
13058,38.3534
12999,6.8872
13059,38.1242
13000,6.9179
13060,37.2245
13061,37.1927
13001,7.2703
13062,37.4368
13002,7.4261
13063,38.3585
13003,7.3726
13064,38.5100
13004,7.7552
13005,6.9927
13065,38.2901
13006,7.2452
13066,37.5942
13007,7.0704
13067,38.0592
13068,37.6499
13008,7.2179
13009,6.9014
13069,38.4794
13070,36.8325
13010,7.3160
13071,39.2190
13011,7.3416
13012,7.0014
13072,38.6428
13013,7.0566
13073,37.5875
13014,7.0500
13074,37.8543
13075,37.4774
13015,7.4827
13016,7.4165
13076,38.2768
13017,6.9331
13077,38.5035
13078,36.5964
13018,7.6361
13019,7.2628
13079,38.8042
13020,6.9570
13080,37.9330
13021,7.0234
13081,37.6055
13082,37.3730
13022,7.6772
13023,6.8884
13083,38.3315
13084,37.2419
13024,7.2514
13085,37.5021
13025,7.4407
13026,6.8939
13086,38.8458
13027,7.0272
13087,37.5320
13028,7.0660
13088,37.3838
13089,38.4778
13029,7.3852
13030,6.9668
13090,38.2177
13031,7.0858
13091,37.8198
13092,37.2036
13032,7.8188
13033,6.9775
13093,38.7060
13034,7.0317
13094,37.1204
13095,37.6177
13035,7.0950
13096,38.8665
13036,7.0639
13097,38.3402
13037,7.1318
13038,7.1061
13098,37.6181
13099,38.1059
13039,7.0429
13040,6.9913
13100,38.9197
13041,7.5402
13101,37.5138
13042,6.9941
13102,38.6326
13103,37.1655
13043,7.0938
13104,38.0813
13044,7.3258
13105,38.0881
13045,7.1125
13106,37.7573
13046,7.7199
13047,6.9678
13107,38.5389
13048,7.1686
13108,37.6271
13049,6.9667
13109,37.6030
13110,38.0268
13050,7.1075
13111,37.5071
13051,7.0270
13112,37.9220
13052,7.1607
13113,39.3092
13053,7.5905
13054,6.9891
13114,39.1398
13055,6.9826
13115,37.5610
13056,6.8879
13116,37.3086
13117,37.3107
13057,6.8489
13118,37.4093
13058,7.0176
13119,37.7307
13059,6.9636
13120,37.8447
13060,7.0989
13061,6.8547
13121,38.7828
13062,6.9780
13122,39.7891
13063,7.2660
13123,37.6460
13124,38.3219
13064,7.0633
13125,38.4992
13065,7.0755
13066,6.9760
13126,37.8193
13127,37.3979
13067,7.3586
13128,38.9273
13068,7.5090
13069,6.9289
13129,38.6755
13070,6.9584
13130,37.6313
13071,7.0931
13131,37.4882
13132,37.0959
13072,6.9253
13133,37.9125
13073,7.3784
13134,37.5615
13074,7.5767
13135,39.6001
13075,7.4220
13076,6.9594
13136,39.5061
13077,7.0026
13137,37.5719
13078,6.9271
13138,37.4039
13139,37.3238
13079,6.9830
13080,7.1143
13140,37.9314
13141,37.1163
13081,7.3311
13142,38.6200
13082,6.9379
13143,37.6506
13083,6.9702
13144,37.9030
13084,7.1278
13145,37.4593
13085,7.1718
13146,37.9007
13086,7.0847
13087,6.9083
13147,37.7988
13148,37.0207
13088,6.9240
13089,7.1512
13149,37.7318
13150,37.1609
13090,7.4069
13091,7.0179
13151,39.0339
13152,38.2820
13092,7.2408
13093,6.9785
13153,38.4633
13094,7.0701
13154,38.1458
13095,7.1055
13155,37.0931
13156,37.2060
13096,7.2826
13157,37.7444
13097,7.3046
13158,38.1001
13098,7.0152
13159,36.9917
13099,7.1264
13160,37.5086
13100,7.4082
13101,7.0689
13161,38.5084
13102,6.9582
13162,37.6263
13103,7.0317
13163,37.6663
13164,36.9572
13104,7.1816
13165,38.7449
13105,7.1349
13106,7.0732
13166,37.8404
13167,36.9812
13107,7.1833
13108,7.0620
13168,38.8195
13169,37.4905
13109,7.3356
13170,37.7972
13110,8.1067
13171,38.7667
13111,7.0172
13172,37.2940
13112,7.0655
13173,38.1582
13113,7.2191
13174,37.3399
13114,7.3105
13115,7.0601
13175,37.8125
13116,7.0846
13176,38.4461
13177,37.0698
13117,7.1800
13118,7.0740
13178,38.5769
13119,7.0633
13179,37.6158
13180,37.7357
13120,7.2765
13181,38.0191
13121,7.2856
13182,38.8790
13122,7.1365
13183,37.5602
13123,7.1887
13184,38.0805
13124,7.4259
13125,7.0428
13185,38.3498
13126,7.0334
13186,37.2307
13187,37.3802
13127,7.2948
13188,38.0769
13128,7.0301
13189,38.1660
13129,7.3071
13130,7.0069
13190,37.9560
13191,37.2831
13131,7.3384
13192,37.7584
13132,7.3792
13133,6.9715
13193,38.6224
13134,7.0379
13194,36.7453
13195,37.0086
13135,7.1999
13196,38.0342
13136,7.5257
13197,38.1750
13137,7.2199
13138,7.0410
13198,37.8556
13199,38.2854
13139,7.1433
13200,37.8649
13140,7.7529
13141,6.9493
13201,38.5085
13142,7.1642
13202,37.0605
13203,37.8151
13143,7.6858
13204,38.6383
13144,7.0647
13145,7.0395
13205,38.6342
13206,37.2737
13146,7.3114
13207,38.4527
13147,7.0676
13208,38.1441
13148,7.3783
13209,38.6733
13149,7.1899
13150,7.2339
13210,37.7269
13211,38.7735
13151,7.7788
13152,6.9841
13212,38.3943
13153,7.0261
13213,37.3077
13214,37.1653
13154,7.3224
13215,38.0101
13155,7.0943
13216,37.4711
13156,7.4280
13157,7.0591
13217,38.6330
13218,37.3224
13158,7.1587
13219,37.9428
13159,7.1443
13160,7.0608
13220,38.7480
13161,7.1347
13221,37.9149
13222,37.4314
13162,7.2209
13223,37.7710
13163,7.3018
13224,37.7930
13164,7.2055
13165,7.0756
13225,38.8896
13166,7.0495
13226,38.5243
13227,37.6949
13167,7.0745
13228,37.6509
13168,7.2339
13229,37.6806
13169,7.1534
13230,37.2994
13170,7.1483
13231,37.8930
13171,7.4017
13232,38.0162
13172,7.2299
13173,7.0583
13233,38.6802
13174,7.0963
13234,37.5683
13235,37.1286
13175,7.3743
13236,38.4618
13176,7.1172
13237,37.9147
13177,7.1528
13238,39.0276
13178,7.3731
13239,37.4886
13179,7.8369
13180,7.1390
13240,38.3631
13181,7.1964
13241,37.9980
13242,37.4017
13182,7.3574
13243,37.7293
13183,7.4811
13184,7.0586
13244,38.5036
13245,36.9334
13185,7.1948
13246,37.5398
13186,7.2435
13247,37.4855
13187,7.2303
13188,6.9540
13248,39.2738
13189,7.1014
13249,37.4833
13250,37.4421
13190,7.4801
13251,38.5048
13191,7.0705
13252,37.7370
13192,6.9306
13253,37.1111
13193,7.3160
13254,38.0732
13194,7.5020
13255,37.5582
13195,7.6913
13196,7.0640
13256,38.6368
13197,7.1651
13257,41.0950
13258,37.5008
13198,7.5379
13199,6.9572
13259,38.4590
13260,36.5941
13200,7.1348
13261,38.0708
13201,7.1192
13262,38.4603
13202,7.1698
13263,38.4160
13203,7.2358
13204,6.9401
13264,38.7148
13205,7.1263
13265,37.4066
13266,36.7053
13206,7.0780
13207,7.1297
13267,40.1251
13208,7.4504
13268,37.2532
13269,37.0963
13209,7.2046
13270,37.8783
13210,7.3736
13271,38.2191
13211,7.3219
13212,7.0119
13272,38.3668
13213,7.1036
13273,37.4791
13274,37.4382
13214,7.0213
13275,37.9547
13215,7.1666
13216,7.1291
13276,37.7216
13277,37.5547
13217,7.1819
13278,38.4541
13218,7.3486
13279,38.5283
13219,7.3725
13220,7.0061
13280,38.7753
13221,7.1384
13281,37.1869
13282,38.2978
13222,7.0059
13283,37.1266
13223,7.5326
13224,7.1438
13284,37.5780
13285,37.7177
13225,7.3919
13286,38.0334
13226,7.3335
13287,38.4050
13227,7.1070
13288,37.4418
13228,7.3077
13229,6.9855
13289,38.1129
13290,37.0745
13230,7.3480
13231,6.9848
13291,38.5025
13292,37.4283
13232,7.2572
13293,37.9836
13233,7.3298
13294,38.1454
13234,7.0477
13295,37.4544
13235,6.9547
13236,7.0987
13296,38.0182
13297,37.8277
13237,7.1962
13298,37.7953
13238,7.5311
13299,37.9902
13239,7.6557
13300,38.4856
13240,7.1900
13301,38.0150
13241,7.3701
13242,7.1081
13302,38.7220
13243,7.1197
13303,37.5714
13304,37.4335
13244,7.1257
13305,38.1880
13245,7.1294
13306,37.9281
13246,7.3515
13307,39.1456
13247,7.0154
13308,37.9162
13248,7.2831
13309,37.9624
13249,7.3351
13310,38.6366
13250,7.0259
13251,7.1549
13311,37.5927
13312,37.8040
13252,7.6477
13253,6.9905
13313,38.2211
13314,36.7038
13254,7.4749
13315,38.6547
13255,6.9366
13316,37.1641
13256,7.0124
13317,37.2144
13257,7.2687
13258,6.9418
13318,38.9575
13319,37.8205
13259,7.6153
13320,37.7111
13260,7.0110
13321,37.0751
13261,7.0426
13322,38.9642
13262,7.6692
13323,37.2051
13263,7.2634
13324,37.6337
13264,7.7821
13325,38.3559
13265,7.0309
13266,7.0537
13326,38.0511
13327,37.0421
13267,7.2361
13328,37.1954
13268,7.1257
13329,38.5425
13269,7.4360
13270,7.0008
13330,38.8569
13331,37.1959
13271,7.1124
13332,37.4559
13272,7.3857
13333,38.4512
13273,7.1144
13334,37.1376
13274,7.7080
13275,7.0294
13335,38.6821
13336,37.7538
13276,7.1233
13337,38.1808
13277,7.6459
13278,7.1185
13338,37.9692
13339,36.6464
13279,7.3555
13340,38.8748
13280,7.6736
13281,7.0270
13341,39.2636
13342,37.0749
13282,7.2432
13283,6.9855
13343,38.4759
13284,7.0726
13344,37.2556
13345,37.2526
13285,7.3651
13286,7.0273
13346,37.7919
13347,37.4141
13287,6.9967
13348,37.6821
13288,7.3369
13349,38.1366
13289,7.2092
13350,37.2171
13290,7.0048
13351,37.4062
13291,7.0566
13352,38.0438
13292,7.1865
13353,37.6280
13293,6.9627
13354,36.6818
13294,7.2231
13355,38.1623
13295,7.8608
13356,38.6196
13296,7.1044
13297,6.9985
13357,38.8493
13298,7.1467
13358,36.9168
13359,38.1766
13299,7.0328
13300,7.0563
13360,37.7893
13301,7.2694
13361,37.7241
13362,37.4559
13302,7.5425
13363,38.5751
13303,6.9399
13364,36.8819
13304,7.7652
13305,7.0417
13365,37.8786
13306,7.0035
13366,37.5779
13367,37.4463
13307,7.0345
13368,38.6707
13308,6.9954
13369,37.9643
13309,7.0854
13370,37.5370
13310,7.2469
13371,38.0764
13311,7.2751
13312,7.0112
13372,37.9968
13373,37.5728
13313,7.0549
13374,38.1469
13314,7.2768
13315,7.0216
13375,39.1671
13376,37.8250
13316,6.9316
13377,36.8248
13317,7.0588
13378,38.6627
13318,7.6018
13379,37.6921
13319,6.9951
13380,37.5908
13320,7.1631
13381,38.0729
13321,7.0312
13382,37.0173
13322,7.2340
13383,37.9115
13323,7.0424
13324,6.9651
13384,37.8539
13385,37.1543
13325,7.0174
13386,37.1653
13326,7.4996
13387,38.6307
13327,7.3466
13388,38.1817
13328,7.0904
13329,7.1186
13389,38.0893
13330,7.0857
13390,37.9940
13391,37.9168
13331,7.0213
13392,37.3577
13332,7.1520
13393,38.3376
13333,7.0358
13394,38.4941
13334,6.9942
13395,37.5959
13335,7.1767
13396,37.7028
13336,7.3468
13337,6.9297
13397,38.2813
13338,6.9685
13398,36.9809
13399,36.6722
13339,7.1216
13400,38.1775
13340,7.3222
13401,38.4846
13341,7.1399
13402,37.3946
13342,7.1597
13343,7.1577
13403,37.5438
13404,37.7834
13344,7.6952
13345,6.9031
13405,38.2653
13346,6.9409
13406,37.0644
13407,37.0724
13347,7.1163
13408,38.7263
13348,7.3866
13409,38.6130
13349,7.1413
13410,38.2226
13350,7.0202
13411,38.2734
13351,6.9687
13412,37.4128
13352,7.3376
13353,7.0402
13413,38.8507
13414,37.3691
13354,6.9677
13355,7.1323
13415,37.7233
13416,37.5419
13356,7.0385
13417,38.1393
13357,7.1779
13358,7.1815
13418,37.2217
13419,37.5080
13359,7.4230
13420,38.3339
13360,7.0152
13421,37.1995
13361,7.1024
13362,7.0608
13422,38.2572
13423,37.1519
13363,7.3122
13424,39.0796
13364,7.2026
13365,7.2303
13425,37.5507
13426,37.7990
13366,7.3133
13427,37.9425
13367,7.4894
13428,38.4572
13368,7.4044
13429,37.6884
13369,7.7349
13430,38.5270
13370,7.4732
13431,38.4973
13371,7.0910
13432,38.1093
13372,7.5463
13373,7.1077
13433,38.1625
13434,37.5963
13374,7.4015
13435,38.3662
13375,7.0709
13436,38.4211
13376,7.0089
13377,7.1935
13437,37.5375
13438,37.5137
13378,7.0156
13379,7.0042
13439,38.3098
13440,36.8586
13380,7.0120
13441,37.6427
13381,7.1820
13442,37.5254
13382,7.2486
13383,6.9922
13443,39.4676
13444,39.5559
13384,7.2255
13445,37.5059
13385,7.2122
13446,38.5349
13386,7.2132
13387,7.0015
13447,38.9800
13448,37.0342
13388,7.5100
13389,7.1112
13449,37.9899
13450,37.2820
13390,7.1397
13391,6.9689
13451,37.7541
13452,37.1723
13392,7.3199
13453,37.6774
13393,7.0984
13394,6.9760
13454,38.1417
13395,7.0644
13455,37.2367
13456,37.5865
13396,7.5661
13457,38.2460
13397,7.1241
13458,36.9236
13398,7.4074
13399,7.0594
13459,38.8138
13460,37.2916
13400,7.2881
13401,7.2240
13461,38.2949
13462,37.0612
13402,7.3991
13463,38.7220
13403,7.3737
13464,37.5360
13404,7.3900
13465,37.0356
13405,7.3918
13406,7.0335
13466,38.6516
13467,37.0710
13407,7.2504
13408,6.9124
13468,39.0463
13469,37.2961
13409,7.2417
13470,37.3775
13410,7.1993
13411,7.0050
13471,38.2257
13472,37.2825
13412,7.3111
13473,37.6664
13413,7.1901
13474,38.1043
13414,7.1864
13415,6.9952
13475,38.5494
13416,7.0833
13476,37.8937
13477,37.7175
13417,7.6981
13418,6.9749
13478,38.6783
13479,37.3735
13419,7.1379
13480,37.2223
13420,7.1365
13481,37.5056
13421,7.4260
13482,38.3934
13422,7.8346
13423,7.0221
13483,39.0635
13424,7.0584
13484,37.3882
13485,37.3052
13425,7.1250
13426,6.9428
13486,38.1561
13487,37.5858
13427,7.1836
13428,7.1276
13488,36.8134
13489,37.4701
13429,7.4222
13490,39.2097
13430,7.1412
13431,7.1051
13491,37.3633
13492,36.9839
13432,7.1631
13433,7.1105
13493,38.6842
13494,37.7599
13434,7.1077
13435,7.1786
13495,38.4008
13496,37.7362
13436,7.0234
13497,39.9817
13437,7.1132
13438,7.1218
13498,37.9501
13499,37.1292
13439,7.1627
13440,7.0403
13500,38.6885
13501,37.4880
13441,7.3647
13442,7.7018
13502,38.4638
13443,7.0858
13503,37.6818
13504,36.7623
13444,7.3696
13505,38.9281
13445,7.3593
13506,37.4022
13446,7.1590
13507,38.0456
13447,7.5428
13508,38.0819
13448,7.2308
13509,38.0203
13449,7.3778
13510,38.2599
13450,7.4993
13451,7.0962
13511,38.5124
13512,37.2357
13452,7.1850
13453,7.0156
13513,38.6265
13454,7.1312
13514,37.4262
13515,40.1604
13455,7.2995
13456,7.1424
13516,38.4056
13517,38.0523
13457,7.7600
13458,6.9490
13518,38.5303
13519,36.9377
13459,7.5279
13520,38.1032
13460,7.2057
13461,7.0150
13521,37.3872
13522,37.1173
13462,7.1505
13523,38.2773
13463,7.1771
13524,38.8765
13464,7.4179
13465,7.1086
13525,39.4303
13466,7.0452
13526,37.5018
13467,7.5888
13527,37.8306
13468,7.1417
13528,37.8055
13469,7.3699
13529,36.8852
13530,37.0190
13470,7.2413
13471,7.1642
13531,38.7257
13532,37.0498
13472,7.5778
13473,7.0468
13533,38.3400
13474,7.0660
13534,38.2925
13475,6.9896
13535,37.3204
13476,7.1106
13536,36.9755
13537,37.7510
13477,7.8809
13538,38.7348
13478,7.1079
13539,37.3601
13479,7.6076
13480,7.0569
13540,39.0375
13481,7.3071
13541,38.0690
13482,7.1232
13542,37.8654
13543,37.6846
13483,7.2304
13544,37.2472
13484,7.2012
13545,38.8189
13485,7.3493
13486,6.9190
13546,39.5808
13547,37.3020
13487,7.5308
13548,37.6953
13488,7.4306
13549,37.4965
13489,7.8682
13490,7.0666
13550,39.2361
13551,37.0516
13491,7.1254
13552,38.2002
13492,7.2789
13493,6.9622
13553,38.8316
13494,6.8713
13554,37.0666
13495,7.0863
13555,36.8742
13556,37.2245
13496,7.4359
13497,7.1003
13557,38.5889
13558,36.7757
13498,7.6582
13499,7.0936
13559,38.1405
13560,37.7591
13500,7.3067
13501,7.1058
13561,38.0698
13562,37.4045
13502,7.3474
13503,7.0865
13563,38.1263
13564,38.0582
13504,7.3729
13565,36.9250
13505,7.4443
13506,7.0905
13566,38.8784
13507,7.1100
13567,37.5594
13568,37.3853
13508,7.8091
13569,38.1650
13509,7.3713
13570,38.0591
13510,7.3574
13511,6.9940
13571,38.2682
13512,7.0832
13572,37.2561
13573,38.1213
13513,7.2944
13574,38.3290
13514,7.0795
13575,37.9435
13515,7.3228
13576,38.1231
13516,7.1656
13577,38.6668
13517,7.1964
13518,7.0514
13578,38.9592
13519,7.2780
13579,38.3293
13580,37.8592
13520,7.0906
13521,7.0203
13581,42.6097
13522,7.2874
13582,37.4806
13583,37.8802
13523,7.4178
13584,38.6906
13524,7.3365
13525,7.0156
13585,37.9557
13526,7.1128
13586,37.5026
13587,37.9253
13527,7.1850
13528,7.1028
13588,38.9258
13529,7.0734
13589,37.6525
13590,37.2868
13530,7.2447
13531,7.0408
13591,38.0998
13532,7.0433
13592,37.5329
13593,37.1784
13533,7.2084
13594,37.8278
13534,7.2003
13535,6.9421
13595,39.1893
13596,37.2516
13536,6.9627
13537,7.0462
13597,37.8608
13538,6.9210
13598,38.1605
13539,7.0688
13599,37.7637
13600,37.0600
13540,7.4641
13601,39.0788
13541,7.4153
13542,6.9883
13602,38.5763
13603,37.4274
13543,7.0161
13604,36.8427
13544,7.2274
13605,37.7780
13545,7.2348
13606,37.8587
13546,7.5257
13607,39.0726
13547,7.4323
13548,7.0385
13608,38.1453
13549,7.1464
13609,38.1940
13610,37.6072
13550,7.3630
13551,7.1704
13611,37.9997
13612,37.2550
13552,7.9880
13613,38.7556
13553,7.3305
13554,7.0625
13614,39.1294
13555,7.0497
13615,37.5693
13556,6.9479
13616,38.0753
13617,37.4618
13557,7.4152
13618,38.2305
13558,7.5335
13619,38.1722
13559,7.4499
13560,7.0842
13620,38.7297
13561,6.9106
13621,37.6049
13622,37.2693
13562,7.2904
13623,37.5308
13563,7.3144
13624,37.8904
13564,7.1530
13625,37.8294
13565,7.3015
13566,6.9861
13626,38.2679
13567,7.0390
13627,38.4265
13628,37.5622
13568,7.0377
13569,7.0255
13629,38.8910
13630,37.7765
13570,7.3831
13631,37.6579
13571,7.3287
13572,6.9968
13632,37.9356
13573,7.0665
13633,37.5852
13574,7.0987
13634,37.6427
13635,37.5511
13575,7.0892
13636,38.5846
13576,7.2302
13637,38.5271
13577,7.3480
13638,39.2162
13578,7.0841
13579,6.9699
13639,38.0344
13640,37.9375
13580,7.1415
13641,38.5092
13581,7.0568
13642,37.8309
13582,7.8594
13643,38.2454
13583,7.4681
13644,38.7356
13584,7.6049
13585,7.0294
13645,38.0256
13586,7.1027
13646,37.5750
13647,37.7604
13587,7.3283
13648,38.6748
13588,7.3220
13649,38.3475
13589,7.6363
13650,38.8882
13590,7.5137
13591,7.1469
13651,39.0832
13592,7.1214
13652,38.4671
13593,7.1167
13653,37.9265
13594,7.2456
13654,37.6330
13655,37.7534
13595,7.8359
13656,38.4511
13596,7.2198
13597,7.0732
13657,38.2306
13598,7.0370
13658,37.9566
13599,7.1738
13659,37.4377
13660,37.5854
13600,7.5706
13661,38.6955
13601,7.5387
13602,7.0978
13662,38.6577
13603,6.9945
13663,37.4505
13604,7.1469
13664,39.7214
13665,37.5526
13605,7.2266
13666,37.6385
13606,7.2912
13607,7.2769
13667,38.0592
13608,7.1807
13668,37.8356
13669,37.5160
13609,7.3638
13610,7.4563
13670,37.8847
13611,7.1799
13671,37.9534
13672,37.7487
13612,7.8216
13613,7.4836
13673,39.1812
13614,7.2390
13674,37.6376
13675,38.4938
13615,7.1208
13616,7.1395
13676,38.3553
13677,38.4824
13617,7.4275
13678,37.8467
13618,7.4293
13619,7.0157
13679,38.8536
13620,7.5852
13680,37.6447
13681,38.2540
13621,7.0748
13682,37.6740
13622,7.2178
13683,37.8341
13623,7.5408
13684,38.6251
13624,7.4885
13625,7.0937
13685,38.5493
13626,6.9876
13686,37.9779
13687,37.1569
13627,7.2144
13688,38.4727
13628,7.5160
13689,38.6184
13629,7.8339
13690,38.5242
13630,7.4076
13631,6.9734
13691,38.5599
13632,7.0213
13692,37.2441
13633,7.0901
13693,37.0542
13694,36.9200
13634,7.3545
13695,38.2365
13635,7.4941
13696,38.4626
13636,7.7118
13637,7.0829
13697,38.3656
13638,7.1035
13698,38.0712
13699,37.8469
13639,7.0757
13700,38.0623
13640,7.2265
13701,38.6277
13641,7.8310
13642,7.0954
13702,39.4127
13643,7.1070
13703,37.9169
13644,7.1432
13704,37.5795
13705,37.4264
13645,7.5204
13706,37.6581
13646,7.9493
13707,38.7580
13647,7.7569
13708,38.0347
13648,7.4589
13649,7.0745
13709,38.6366
13650,7.0677
13710,38.0117
13711,37.2366
13651,7.3630
13652,7.0644
13712,38.3026
13713,37.5461
13653,7.2272
13714,38.0912
13654,7.3355
13715,38.8556
13655,7.2448
13716,38.2290
13656,7.2263
13717,38.1768
13657,7.4404
13658,7.1726
13718,39.0859
13719,37.4033
13659,7.3766
13660,7.1297
13720,39.8636
13661,7.0087
13721,36.9992
13662,7.1482
13722,37.7124
13723,37.2646
13663,7.3657
13664,7.1772
13724,37.8608
13725,37.8112
13665,7.0132
13726,37.9574
13666,7.1122
13727,37.5591
13667,7.1497
13728,38.2407
13668,7.3971
13729,39.0934
13669,7.0949
13670,7.0062
13730,38.7480
13671,7.2475
13731,37.5205
13732,38.1733
13672,7.0882
13733,37.8627
13673,7.1155
13734,37.2663
13674,7.3553
13675,7.1363
13735,39.2027
13736,37.6871
13676,7.0275
13737,37.4306
13677,7.2174
13738,36.9863
13678,7.0558
13739,38.2140
13679,7.1070
13680,6.9438
13740,38.5316
13681,7.0522
13741,37.1641
13742,38.0457
13682,7.1541
13743,38.4351
13683,6.9969
13744,38.1074
13684,7.1319
13745,37.9968
13685,7.3165
13686,7.0306
13746,38.8377
13687,7.1605
13747,37.5575
13688,6.9827
13748,37.9103
13749,37.0643
13689,7.0872
13750,38.6991
13690,7.1072
13751,38.1216
13691,7.2196
13752,38.0438
13692,7.0571
13693,6.9812
13753,37.8805
13754,37.4063
13694,7.1559
13755,37.3272
13695,7.0459
13756,37.5658
13696,7.1448
13757,38.0641
13697,7.0769
13758,37.3762
13698,7.0694
13759,37.4293
13699,6.9957
13700,7.0774
13760,37.8241
13761,37.3580
13701,7.0647
13762,37.6975
13702,7.1821
13703,6.8955
13763,37.7274
13764,37.0140
13704,7.0552
13765,38.1442
13705,7.2703
13706,7.3218
13766,38.4661
13707,6.9315
13767,37.2439
13768,36.8290
13708,7.0092
13709,6.8703
13769,38.7931
13770,36.8297
13710,7.0470
13771,37.5649
13711,7.0071
13712,6.9291
13772,38.4286
13713,6.9211
13773,37.5043
13774,37.0879
13714,7.1112
13715,6.8334
13775,38.0827
13776,36.5508
13716,7.0114
13777,37.4669
13717,7.2737
13718,6.9325
13778,39.5048
13719,6.9435
13779,37.6306
13780,37.2509
13720,6.9585
13781,37.6201
13721,7.1117
13782,37.6452
13722,7.8412
13783,39.0195
13723,7.1728
13784,38.7209
13724,7.2264
13725,7.0963
13785,38.7902
13726,7.1046
13786,38.6203
13787,37.9925
13727,7.3840
13788,38.8190
13728,7.0522
13789,37.9028
13729,7.0785
13790,38.2135
13730,7.2991
13791,37.6568
13731,7.5343
13732,7.1230
13792,38.7974
13793,38.7397
13733,7.6209
13794,38.3637
13734,7.2776
13735,7.0171
13795,37.7070
13796,37.4867
13736,7.3258
13797,38.2676
13737,7.7822
13798,37.5404
13738,7.3287
13799,38.5384
13739,7.2645
13800,38.0011
13740,7.2757
13801,39.0519
13741,7.1991
13742,7.0809
13802,38.1578
13743,6.9292
13803,38.1650
13744,7.0671
13804,40.3422
13805,37.3420
13745,7.1097
13806,38.1709
13746,7.5611
13747,6.9191
13807,38.6609
13748,6.9592
13808,37.3024
13809,37.1755
13749,7.4032
13810,38.1851
13750,7.2792
13811,37.5856
13751,7.3080
13812,38.2841
13752,6.9277
13753,7.0592
13813,37.9762
13814,38.6615
13754,7.0684
13815,37.7529
13755,6.9586
13816,37.4284
13756,6.8961
13817,37.4203
13757,7.1059
13818,39.0983
13758,7.6360
13819,38.7124
13759,7.2072
13820,37.6043
13760,7.1012
13761,7.0755
13821,37.8341
13822,37.1956
13762,7.3336
13763,7.1224
13823,38.8603
13824,37.4659
13764,7.2556
13765,6.9140
13825,38.5278
13766,7.0002
13826,37.4745
13767,7.0227
13827,37.8196
13828,37.5170
13768,7.2014
13829,37.4705
13769,7.2105
13830,38.2862
13770,7.4531
13771,7.0053
13831,38.0772
13772,7.0869
13832,38.3959
13833,37.2803
13773,7.2495
13834,38.6944
13774,7.0833
13775,7.0154
13835,38.1256
13836,36.8873
13776,7.1638
13837,37.5511
13777,7.1132
13838,38.2265
13778,7.0804
13839,37.1410
13779,6.9847
13840,37.7039
13780,7.2940
13781,6.8636
13841,39.1149
13782,6.9756
13842,37.4913
13843,38.0001
13783,7.4282
13784,7.0178
13844,38.1934
13845,37.3225
13785,7.3368
13846,39.5546
13786,7.3779
13847,37.8854
13787,7.0713
13848,36.9699
13788,7.3164
13789,7.0752
13849,37.9739
13850,37.5714
13790,7.3769
13791,7.0048
13851,38.1441
13852,37.4580
13792,7.4767
13793,6.9224
13853,39.2492
13794,6.9165
13854,37.6184
13795,7.0399
13855,37.4438
13856,37.2287
13796,7.3659
13857,38.4334
13797,7.7553
13798,6.8732
13858,38.8341
13799,6.8841
13859,37.0870
13800,6.8968
13860,37.3505
13861,37.4469
13801,7.0265
13862,37.3338
13802,7.3302
13863,39.1460
13803,7.0748
13804,6.8392
13864,38.4219
13865,36.8564
13805,7.0689
13806,6.9995
13866,37.8052
13867,37.6585
13807,7.1057
13868,37.5396
13808,7.0317
13869,37.9618
13809,7.3159
13870,38.5329
13810,7.0329
13811,6.8932
13871,37.5999
13872,36.8834
13812,7.0242
13873,37.6148
13813,7.2102
13874,37.2944
13814,7.1086
13875,37.6930
13815,7.0210
13816,6.9348
13876,38.2417
13817,7.4404
13877,37.4734
13878,37.8334
13818,7.0987
13879,39.6672
13819,7.2812
13880,39.0760
13820,7.2539
13881,38.1727
13821,7.2035
13822,7.0221
13882,39.9162
13823,7.0407
13883,37.5427
13824,6.9688
13884,37.9470
13825,7.1789
13885,37.7772
13886,37.8974
13826,7.2567
13887,38.3135
13827,7.1272
13828,7.0285
13888,38.3652
13829,7.0211
13889,37.8512
13830,7.0347
13890,37.3458
13891,37.0559
13831,7.0847
13892,37.6706
13832,7.3345
13833,7.1072
13893,39.7107
13834,7.0223
13894,37.9114
13835,6.9868
13895,37.5291
13836,7.1145
13896,37.4092
13897,37.1895
13837,7.3604
13838,7.0018
13898,38.1517
13899,37.2729
13839,7.1250
13900,37.4783
13840,7.0264
13841,7.1567
13901,38.0264
13902,37.5225
13842,7.1411
13903,37.8752
13843,7.1782
13844,7.1010
13904,38.3486
13905,36.7350
13845,7.3568
13846,7.0634
13906,38.2839
13847,7.0055
13907,37.9051
13908,37.3844
13848,7.0990
13909,37.4829
13849,7.4180
13850,6.9650
13910,38.4804
13911,37.1215
13851,7.2640
13912,38.1480
13852,7.4347
13853,7.0564
13913,38.6364
13854,7.0788
13914,37.7933
13915,37.5170
13855,7.0211
13916,37.7003
13856,7.0532
13917,37.9066
13857,6.9190
13918,37.4261
13858,7.0817
13919,38.1890
13859,6.9840
13920,37.7211
13860,7.1226
13921,38.1648
13861,7.1351
13922,37.5151
13862,7.0164
13923,37.4828
13863,7.2082
13924,38.5619
13864,7.2010
13865,6.8402
13925,38.9679
13926,36.9085
13866,7.0555
13927,38.1434
13867,7.3978
13868,6.8519
13928,38.4219
13929,36.7434
13869,6.9750
13930,37.7365
13870,7.4868
13931,37.6774
13871,6.8667
13872,6.9585
13932,37.5389
13933,36.9599
13873,7.0740
13934,38.5121
13874,7.2492
13875,6.8755
13935,39.1790
13876,6.9384
13936,37.3237
13877,6.8740
13937,37.6426
13878,6.9892
13938,37.4466
13939,36.6676
13879,7.1123
13940,38.5360
13880,7.2632
13881,6.8632
13941,38.4289
13882,6.8176
13942,37.9201
13883,6.9213
13943,36.8462
13944,37.4057
13884,7.1353
13945,40.2605
13885,7.2752
13946,37.7428
13886,7.3911
13947,38.5764
13887,7.1393
13888,6.9951
13948,38.5042
13889,6.9375
13949,37.6479
13890,7.0344
13950,37.7661
13951,37.4933
13891,7.4652
13952,38.5072
13892,7.1885
13893,6.9688
13953,38.5310
13894,7.0242
13954,37.1984
13955,37.7242
13895,7.0843
13956,36.9389
13896,7.0314
13957,37.6779
13897,7.2797
13958,38.0162
13898,7.0694
13959,38.9511
13899,7.1547
13960,37.4081
13900,7.0934
13961,38.3983
13901,7.1585
13902,7.0453
13962,37.3182
13903,7.0845
13963,37.8332
13964,37.2381
13904,7.1239
13905,7.0003
13965,38.2544
13906,7.0185
13966,37.4730
13967,37.4482
13907,7.1151
13968,37.6240
13908,7.0114
13969,37.8387
13909,7.0739
13970,37.5143
13910,7.3339
13911,7.0536
13971,38.2681
13912,7.1041
13972,37.3395
13973,37.3685
13913,7.2575
13974,38.5232
13914,7.3967
13975,38.2261
13915,7.2300
13916,7.1075
13976,38.2439
13917,7.1181
13977,37.5671
13978,37.9852
13918,7.2119
13979,37.7204
13919,7.1740
13980,38.7062
13920,7.3322
13981,37.6099
13921,7.6543
13922,7.0066
13982,37.9482
13923,6.9899
13983,37.9543
13924,7.0134
13984,37.8208
13985,37.3155
13925,7.1237
13986,37.6684
13926,7.1667
13927,6.9105
13987,38.3349
13988,37.9908
13928,7.1199
13929,6.9316
13989,38.1652
13990,37.4586
13930,7.4367
13991,38.4863
13931,7.2270
13992,39.1400
13932,6.8401
13993,37.3981
13933,6.9902
13934,6.9462
13994,37.4961
13995,37.4606
13935,7.0825
13996,37.6343
13936,7.3252
13997,39.2077
13937,7.1551
13998,38.7100
13938,7.3837
13939,6.8506
13999,38.5879
13940,6.9025
14000,36.6429
13941,7.1382
14001,37.0596
14002,37.4282
13942,7.3926
14003,38.2642
13943,7.2268
13944,7.0211
14004,38.8160
13945,7.0412
14005,37.5331
14006,37.5987
13946,6.9962
14007,38.6119
13947,7.3432
14008,38.5052
13948,7.2861
14009,39.1398
13949,7.0125
13950,7.0453
14010,37.6248
13951,7.1977
14011,37.8763
14012,37.3168
13952,7.1104
14013,37.3201
13953,7.2064
14014,37.7893
13954,7.0825
13955,7.0359
14015,38.7530
13956,6.9278
14016,37.4494
13957,7.0821
14017,37.5233
14018,37.2668
13958,7.2797
14019,39.4358
13959,7.0373
14020,38.0948
13960,6.9728
13961,6.9587
14021,37.9247
13962,7.0532
14022,37.1141
14023,38.3091
13963,7.3699
14024,38.6080
13964,7.2653
13965,6.9220
14025,38.4925
13966,6.9020
14026,37.2878
13967,6.9696
14027,37.5713
13968,6.8825
14028,38.0050
13969,6.8632
14029,37.1176
14030,37.0999
13970,7.0429
14031,37.2047
13971,6.9611
14032,37.7957
13972,6.8969
14033,37.8576
13973,6.9761
14034,36.9452
13974,7.0324
14035,37.6395
13975,7.1928
13976,6.9303
14036,38.0777
13977,7.0365
14037,37.9807
14038,37.1277
13978,7.2984
13979,7.3529
14039,39.3046
13980,6.9693
14040,37.5805
14041,37.1325
13981,7.1179
14042,37.4832
13982,6.9439
14043,38.2113
13983,7.3240
14044,37.2253
13984,6.9915
14045,37.9138
13985,7.2292
14046,37.4881
13986,6.9230
14047,38.5710
13987,7.0698
14048,38.1859
13988,6.9839
14049,37.8353
13989,7.0099
14050,37.4380
13990,7.3144
14051,39.1511
13991,6.9454
13992,6.8553
14052,37.9983
14053,36.6140
13993,6.9512
14054,38.1073
13994,6.9058
14055,37.5723
13995,6.8078
14056,37.3185
13996,7.0106
14057,37.2285
13997,7.1152
14058,39.0328
13998,7.0949
14059,38.0088
13999,7.2470
14000,6.8988
14060,38.2082
14001,6.9882
14061,37.1326
14062,37.3530
14002,7.0337
14003,6.9623
14063,39.0800
14064,37.0122
14004,7.1975
14065,38.0464
14005,6.9869
14066,37.4623
14006,6.9657
14007,6.9578
14067,37.9320
14068,37.0550
14008,6.9069
14069,37.2841
14009,7.0340
14010,6.7957
14070,38.0915
14071,37.1717
14011,6.9214
14072,37.3901
14012,7.0365
14013,6.8771
14073,38.8613
14074,37.1947
14014,7.1642
14015,6.6903
14075,39.2036
14016,6.8087
14076,37.2898
14077,37.8737
14017,6.9365
14018,6.7935
14078,38.3471
14079,37.1411
14019,7.0778
14080,36.9015
14020,6.9439
14021,6.9047
14081,38.7126
14082,37.5044
14022,7.0998
14023,6.7703
14083,38.6224
14024,6.9643
14084,37.2223
14085,38.9405
14025,7.2405
14026,6.8622
14086,39.2377
14027,6.8974
14087,38.3582
14088,37.3572
14028,7.1418
14029,6.8239
14089,39.0529
14090,36.8860
14030,6.9113
14031,6.7203
14091,39.1799
14032,6.9198
14092,37.5515
14093,37.6963
14033,7.2276
14034,6.8200
14094,39.2602
14035,6.8869
14095,37.7970
14096,37.1005
14036,7.1195
14037,6.7667
14097,38.3972
14098,37.7414
14038,6.9859
14099,37.8558
14039,7.1164
14040,6.8256
14100,38.3059
14101,36.8634
14041,6.9753
14042,6.7358
14102,37.9312
14103,36.7274
14043,6.9747
14104,37.1906
14044,7.0824
14045,6.8045
14105,38.1731
14046,6.9564
14106,37.7859
14107,37.6980
14047,7.0849
14048,6.8712
14108,38.0089
14109,37.1567
14049,6.8671
14110,38.6125
14050,6.9791
14051,6.9284
14111,37.6060
14112,38.1502
14052,7.1516
14053,6.7238
14113,38.2156
14114,37.1082
14054,7.0691
14115,37.7495
14055,7.0776
14056,6.9089
14116,40.8585
14117,37.7791
14057,7.1496
14118,38.4745
14058,6.8296
14059,7.0547
14119,38.0469
14120,38.2031
14060,7.0698
14061,6.7972
14121,38.1787
14062,6.8584
14122,37.3555
14123,36.9733
14063,7.1145
14064,6.7923
14124,38.6746
14125,37.2715
14065,6.8340
14066,6.8565
14126,38.1642
14127,37.3185
14067,6.8072
14068,6.6976
14128,38.3219
14129,37.2052
14069,6.8215
14070,6.7484
14130,39.6510
14131,36.7825
14071,6.7376
14072,6.9241
14132,37.9966
14133,36.9923
14073,7.2226
14074,6.8621
14134,38.0116
14135,37.2887
14075,7.0797
14076,6.7572
14136,37.9382
14077,6.8582
14137,37.4043
14078,6.9147
14138,37.4541
14139,37.4029
14079,7.0135
14080,6.8136
14140,38.2506
14141,37.4857
14081,6.9530
14142,37.6686
14082,6.8047
14143,38.0234
14083,7.0672
14144,38.2618
14084,6.9400
14085,6.8007
14145,37.4510
14146,37.1366
14086,6.8888
14147,37.7640
14087,6.8740
14088,6.8134
14148,38.0369
14149,37.1448
14089,6.8762
14150,37.9196
14090,7.2046
14091,6.8218
14151,38.2954
14092,6.9378
14152,37.7109
14153,38.0993
14093,6.6615
14154,37.9691
14094,6.7948
14155,37.7818
14095,7.0594
14096,6.7922
14156,38.3360
14157,36.9941
14097,6.9758
14158,38.3731
14098,6.7116
14099,6.7968
14159,37.2782
14160,37.0484
14100,6.7324
14161,37.2748
14101,6.8853
14162,37.7053
14102,7.1485
14163,39.2441
14103,7.0425
14104,6.7213
14164,39.1166
14165,36.8868
14105,6.7664
14106,6.8382
14166,37.9134
14107,6.7575
14167,37.0612
14168,36.6489
14108,7.2500
14169,37.7469
14109,7.0500
14170,38.0254
14110,6.9936
14111,6.7778
14171,38.1308
14172,37.6241
14112,6.8713
14173,38.0798
14113,7.0156
14114,6.7968
14174,37.9208
14115,7.0149
14175,37.4439
14176,37.3202
14116,7.0304
14177,39.2250
14117,7.0400
14118,6.8231
14178,38.1048
14119,7.0183
14179,37.4015
14180,37.5307
14120,7.2346
14181,38.4936
14121,7.0856
14122,7.0320
14182,37.7860
14183,38.1812
14123,7.0466
14184,37.6002
14124,6.8523
14125,6.8027
14185,38.2037
14186,36.9183
14126,7.1019
14127,6.9446
14187,38.1219
14188,37.9815
14128,7.1265
14129,7.2811
14189,38.5507
14130,6.8415
14190,37.0550
14191,36.9119
14131,7.0959
14192,38.6646
14132,6.8453
14133,6.9324
14193,38.6523
14194,38.3241
14134,7.1113
14135,6.9533
14195,38.2772
14196,38.2594
14136,6.8024
14137,6.6877
14197,39.1401
14138,6.8071
14198,36.9503
14199,37.4416
14139,6.8356
14140,7.1200
14200,38.5775
14201,37.2946
14141,6.8606
14202,38.8284
14142,6.9937
14143,6.7321
14203,39.3757
14144,6.6479
14204,37.4948
14145,6.8328
14205,36.6413
14206,37.0797
14146,6.8354
14207,38.0384
14147,7.1455
14148,6.8587
14208,38.1449
14209,37.7963
14149,7.0918
14150,6.7356
14210,38.0699
14151,6.7567
14211,37.4635
14152,6.9138
14212,37.9327
14213,37.6693
14153,7.1442
14214,38.6191
14154,6.9792
14215,38.0802
14155,7.1848
14156,6.8238
14216,38.1829
14217,37.5927
14157,7.2876
14158,6.7914
14218,38.6064
14159,6.8709
14219,37.0312
14160,6.9917
14220,38.2306
14221,37.5140
14161,7.1652
14222,38.6322
14162,6.9520
14223,37.8430
14163,7.2115
14164,6.8895
14224,38.9899
14165,6.8144
14225,37.8783
14226,37.4799
14166,6.8829
14167,7.0507
14227,37.1782
14228,37.8006
14168,7.2915
14229,38.5929
14169,7.1516
14230,38.2266
14170,6.9667
14231,37.0289
14171,7.3305
14232,39.3039
14172,7.2383
14173,6.9569
14233,38.6632
14174,6.8829
14234,37.1082
14175,6.9583
14235,37.5631
14236,37.3226
14176,7.1860
14237,38.6559
14177,6.8418
14238,37.6793
14178,6.7993
14239,37.5856
14179,7.1347
14240,37.8776
14180,6.9604
14181,6.8233
14241,38.3442
14182,6.8881
14242,37.7588
14183,6.9834
14243,37.8721
14244,38.2649
14184,7.2044
14185,6.9563
14245,38.4553
14246,37.4414
14186,6.9353
14247,37.7449
14187,6.9054
14248,37.8062
14188,7.1862
14189,6.8564
14249,38.4777
14190,6.8888
14250,37.3619
14251,37.5218
14191,6.9960
14252,38.3868
14192,6.8551
14193,6.9635
14253,37.9285
14254,37.5496
14194,7.3550
14255,39.1599
14195,7.2043
14256,39.1561
14196,6.9088
14197,6.8446
14257,38.0424
14198,6.8922
14258,37.3740
14259,37.4802
14199,7.3014
14200,6.9408
14260,38.6510
14261,37.0429
14201,7.1213
14262,38.3370
14202,6.9092
14203,6.7198
14263,38.3563
14204,6.8220
14264,37.3255
14205,6.9228
14265,37.6403
14266,37.9465
14206,7.1955
14267,38.1858
14207,6.8873
14208,6.8512
14268,39.5885
14269,36.6336
14209,7.4073
14210,6.8309
14270,38.1368
14271,37.3866
14211,6.8067
14272,37.3981
14212,6.9551
14213,6.8460
14273,37.4229
14274,37.0627
14214,8.6067
14275,38.8463
14215,8.7298
14216,8.9091
14276,38.9254
14277,37.5810
14217,8.9034
14218,8.4729
14278,39.4193
14219,8.8694
14279,38.4174
14280,38.4836
14220,8.7942
14281,38.5132
14221,9.0887
14282,38.7098
14222,8.8491
14223,8.5446
14283,38.7582
14284,38.1922
14224,8.3587
14225,8.5958
14285,38.2051
14286,37.5448
14226,8.7643
14287,37.6224
14227,8.9470
14288,38.2757
14228,8.7851
14229,8.7687
14289,38.9866
14230,8.6061
14290,37.9475
14231,8.5177
14291,37.2861
14292,37.4123
14232,8.5697
14293,38.8258
14233,8.6453
14294,39.1089
14234,9.4738
14235,8.5769
14295,40.4396
14236,8.5935
14296,37.7441
14237,8.6377
14297,37.9416
14298,37.9578
14238,8.8023
14299,38.6616
14239,8.9016
14300,38.7084
14240,8.6020
14241,8.4549
14301,38.3119
14242,8.6604
14302,38.2170
14243,8.7062
14303,38.2514
14304,37.8113
14244,8.4593
14305,37.8785
14245,8.8469
14246,8.4643
14306,38.6333
14247,8.5282
14307,38.0376
14248,8.6653
14308,38.1877
14309,38.0542
14249,8.6550
14310,38.9050
14250,8.6552
14311,38.2198
14251,8.6753
14252,8.5340
14312,39.1595
14313,37.4946
14253,8.6900
14254,8.5645
14314,38.7343
14315,37.7676
14255,8.8744
14316,38.5848
14256,8.5514
14317,38.0998
14257,8.8293
14258,8.5878
14318,38.4896
14319,37.5367
14259,8.8471
14320,38.7861
14260,8.5407
14321,37.1699
14261,8.9053
14262,8.6323
14322,38.9738
14323,37.6841
14263,8.6452
14264,8.5454
14324,39.2299
14265,8.5209
14325,37.6431
14326,37.4354
14266,8.5643
14327,38.1239
14267,8.6195
14268,8.6949
14328,38.6596
14329,37.6155
14269,8.8835
14270,8.6709
14330,39.0565
14271,8.4789
14331,38.5314
14332,37.7524
14272,8.4736
14333,38.7733
14273,8.8536
14274,8.5429
14334,38.8800
14335,37.9024
14275,8.4476
14276,8.4234
14336,38.1194
14337,37.4757
14277,8.5834
14338,38.0089
14278,8.4903
14339,38.5008
14279,8.8190
14280,8.5836
14340,38.4433
14341,37.4739
14281,8.8261
14342,38.0937
14282,8.7302
14343,37.7130
14283,8.6737
14344,39.5404
14284,8.5798
14345,38.0713
14285,8.5580
14286,8.4919
14346,38.4405
14347,37.8167
14287,8.5369
14288,8.7384
14348,38.5641
14349,38.3773
14289,8.5525
14350,38.0375
14290,8.8650
14291,8.3918
14351,39.0670
14352,36.8076
14292,8.4883
14353,38.1599
14293,8.6426
14354,38.4388
14294,8.5961
14355,37.6381
14295,8.6124
14356,38.1413
14296,8.7584
14297,8.4909
14357,38.2271
14358,37.2610
14298,8.6346
14359,38.5146
14299,8.7887
14300,8.4881
14360,38.1100
14361,37.6039
14301,8.8177
14302,8.5481
14362,39.1072
14303,8.4817
14363,37.7218
14364,37.5040
14304,8.7837
14365,38.4032
14305,8.6952
14366,37.8035
14306,8.5522
14367,37.8876
14307,8.8368
14308,8.3814
14368,39.3914
14309,8.4581
14369,37.3338
14370,38.1568
14310,8.7849
14311,8.6488
14371,38.1474
14372,37.7503
14312,8.3119
14373,37.3170
14313,8.7667
14314,8.4422
14374,39.0375
14315,8.4681
14375,37.7626
14376,37.6096
14316,8.4937
14377,38.1661
14317,8.8399
14378,38.2641
14318,8.5489
14379,38.4016
14319,8.9637
14320,8.3998
14380,39.4816
14321,8.3957
14381,38.2085
14322,8.4262
14382,37.1726
14323,8.4728
14383,37.6230
14384,38.2158
14324,8.5801
14385,38.1216
14325,8.6928
14326,8.5154
14386,39.0900
14327,8.2355
14387,38.2061
14328,8.3500
14388,37.6272
14389,38.0227
14329,8.4453
14390,38.0837
14330,8.6046
14391,38.3346
14331,9.2686
14332,8.2431
14392,38.3714
14393,37.4385
14333,8.4862
14334,8.4981
14394,38.5017
14335,8.3064
14395,37.9547
14396,37.3315
14336,8.7026
14397,38.8333
14337,8.8049
14338,8.3956
14398,39.4718
14339,8.4823
14399,39.0821
14340,8.3750
14400,38.1589
14341,8.4566
14401,37.4237
14402,37.4808
14342,8.5680
14403,37.7007
14343,8.6782
14344,8.5513
14404,39.7293
14345,8.4427
14405,38.5320
14346,8.5979
14406,37.4454
14347,8.9641
14407,38.5081
14408,37.4541
14348,8.7674
14409,39.0226
14349,8.9874
14350,8.4076
14410,40.0638
14351,7.8998
14411,38.4911
14352,7.9111
14412,37.5510
14353,7.9100
14413,37.6194
14414,37.7398
14354,8.1264
14355,7.9502
14415,39.2033
14356,7.8546
14416,38.6056
14357,8.0286
14417,38.2418
14358,7.9393
14418,38.1150
14419,39.1652
14359,8.0834
14420,37.7407
14360,8.1009
14361,7.7873
14421,38.1882
14362,7.8407
14422,37.2799
14423,37.8273
14363,8.0778
14424,38.2166
14364,8.0700
14425,38.6545
14365,7.9477
14426,38.8121
14366,7.9099
14367,8.0971
14427,38.2424
14428,37.6861
14368,8.2713
14369,8.0094
14429,38.3076
14430,37.8675
14370,8.1058
14431,38.3857
14371,9.6350
14372,7.9661
14432,40.0130
14373,8.2517
14433,37.4487
14374,7.8096
14434,38.2861
14375,7.8819
14435,37.4977
14436,38.4364
14376,7.9686
14437,37.5775
14377,8.1370
14378,7.6675
14438,39.7695
14379,7.7327
14439,38.1157
14440,37.7231
14380,7.7356
14381,7.9233
14441,37.9007
14442,37.8551
14382,7.7008
14443,37.8095
14383,8.0550
14444,38.8892
14384,8.0725
14445,37.8357
14385,8.0582
14386,7.9654
14446,38.2968
14447,38.0564
14387,7.7795
14448,38.0911
14388,7.8981
14389,7.7225
14449,44.6780
14450,37.1723
14390,8.0734
14451,38.5807
14391,8.0538
14392,7.7780
14452,38.6067
14393,7.8535
14453,37.9762
14454,37.8585
14394,8.1785
14395,7.7564
14455,38.6499
14396,8.0389
14456,37.5762
14457,37.8413
14397,7.7958
14398,7.9303
14458,38.2058
14459,37.9523
14399,7.7048
14460,38.4131
14400,7.8205
14401,7.7448
14461,39.2491
14402,7.6973
14462,37.5578
14463,37.7838
14403,8.2349
14404,7.8884
14464,38.4576
14465,38.2812
14405,7.9936
14466,40.3064
14406,7.8849
14407,7.6768
14467,39.1983
14468,38.1158
14408,7.6922
14409,7.7595
14469,38.4590
14410,7.6849
14470,38.1276
14471,37.7751
14411,7.8258
14412,7.7632
14472,38.8744
14473,37.7590
14413,7.6952
14414,7.8590
14474,38.1674
14475,37.7792
14415,8.1078
14476,38.5480
14416,7.9739
14477,37.7327
14417,7.6654
14478,37.8378
14418,8.1602
14419,7.6919
14479,39.8609
14420,7.7538
14480,37.8325
14481,38.6394
14421,7.8730
14482,37.6364
14422,8.1219
14423,7.7985
14483,38.6280
14484,37.7716
14424,7.7152
14485,38.1330
14425,8.1259
14426,7.7474
14486,39.5692
14427,7.7283
14487,38.0518
14428,7.7041
14488,37.5931
14489,36.8432
14429,8.0448
14430,7.7122
14490,39.2686
14491,37.7553
14431,7.8497
14432,7.8406
14492,38.5054
14493,37.7645
14433,7.7672
14434,7.9245
14494,38.6245
14495,40.2233
14435,7.9224
14496,38.0824
14436,7.6287
14497,37.8535
14437,8.0663
14438,7.9163
14498,39.0344
14439,7.8267
14499,37.6831
14500,37.2992
14440,8.0549
14441,7.7320
14501,38.6401
14442,8.4145
14502,38.1454
14503,38.5669
14443,8.2881
14504,38.9359
14444,8.0347
14505,38.0875
14445,7.8474
14446,8.3874
14506,38.2127
14507,38.0685
14447,8.0801
14448,7.9278
14508,38.5134
14509,38.4488
14449,8.3170
14510,37.8180
14450,8.3520
14511,38.3936
14451,9.1684
14512,38.8102
14452,8.3264
14453,7.9252
14513,39.1440
14454,7.8706
14514,38.7429
14455,8.0212
14515,38.0094
14456,8.3785
14516,37.9646
14517,37.4841
14457,8.9929
14518,39.2799
14458,7.9598
14459,8.0801
14519,38.6825
14520,38.2422
14460,8.1475
14461,8.1287
14521,38.8141
14522,37.7251
14462,7.9708
14523,38.3210
14463,9.3911
14524,38.6995
14464,8.1254
14465,8.0948
14525,39.0691
14466,8.0217
14526,38.3318
14467,8.0732
14527,38.1658
14528,38.0532
14468,8.1477
14529,37.8218
14469,8.9455
14530,40.6175
14470,8.2038
14471,8.2122
14531,39.0457
14532,38.2341
14472,8.2231
14473,8.0579
14533,38.5319
14474,8.3973
14534,38.5356
14535,37.7628
14475,8.6245
14476,8.4428
14536,41.7865
14477,8.5118
14537,38.3166
14538,37.6061
14478,8.9280
14479,8.6501
14539,38.6499
14540,37.6219
14480,8.6101
14481,8.3233
14541,39.1535
14542,38.1996
14482,8.1450
14483,8.0129
14543,38.7720
14484,8.4022
14544,38.5191
14545,37.4818
14485,8.7127
14546,38.3722
14486,8.0426
14487,7.9929
14547,39.1417
14488,8.1244
14548,38.7050
14489,8.1135
14549,38.0766
14550,37.0138
14490,8.3643
14551,38.0757
14491,8.4134
14492,8.1472
14552,38.6823
14553,38.6969
14493,7.9513
14494,8.2345
14554,38.6908
14555,37.8522
14495,8.5446
14556,39.4912
14496,8.3201
14497,8.0489
14557,38.6986
14498,8.0892
14558,37.7348
14559,37.4144
14499,8.7043
14560,38.4024
14500,8.5816
14561,38.3938
14501,8.0462
14502,8.0757
14562,39.1128
14503,8.0301
14563,38.4369
14564,37.6080
14504,8.3081
14565,37.9262
14505,8.3051
14566,38.4133
14506,8.3098
14567,38.3928
14507,8.0877
14508,8.3054
14568,39.0218
14569,38.3416
14509,8.0842
14510,7.9922
14570,38.5254
14511,8.8964
14571,38.1562
14572,37.7112
14512,8.1502
14513,9.1087
14573,39.1048
14574,37.6645
14514,8.2231
14515,8.0393
14575,40.2734
14516,7.9799
14576,37.8736
14517,8.1087
14577,37.9796
14578,37.5245
14518,9.0624
14579,38.6938
14519,8.5958
14580,38.6280
14520,7.8865
14581,37.5670
14521,8.7035
14582,38.6032
14522,7.9816
14583,38.7722
14523,8.2971
14584,38.1048
14524,8.5047
14585,38.3060
14525,8.0947
14586,37.8756
14526,7.8977
14587,38.5496
14527,8.1822
14588,37.5029
14528,8.3242
14589,38.3939
14529,9.0434
14590,38.3226
14530,8.4181
14531,7.9381
14591,38.9959
14532,8.1010
14592,37.6995
14593,37.5074
14533,8.3989
14594,38.7549
14534,8.8617
14595,38.7426
14535,8.1973
14596,38.9579
14536,8.1014
14537,8.3346
14597,38.2050
14598,38.7113
14538,8.1247
14599,37.8998
14539,9.0949
14600,39.5431
14540,8.4980
14541,8.1701
14601,38.8933
14542,8.1149
14602,38.8448
14543,7.8186
14603,38.7366
14544,9.3373
14604,38.3576
14605,38.4720
14545,8.0740
14546,8.7243
14606,38.5665
14607,38.2368
14547,8.4116
14548,8.1306
14608,39.5138
14549,8.3458
14609,38.2645
14550,8.1981
14610,37.7280
14611,37.7217
14551,8.9500
14612,38.9757
14552,8.3237
14553,8.1296
14613,38.9995
14554,7.9053
14614,38.9847
14555,8.0384
14615,38.2877
14616,38.2920
14556,9.0390
14617,38.6691
14557,8.5154
14618,38.8082
14558,7.8239
14559,7.8792
14619,38.5353
14560,7.9328
14620,37.8397
14621,38.0276
14561,8.8304
14622,37.9284
14562,8.2479
14563,7.8990
14623,40.1495
14564,8.0919
14624,38.4229
14565,7.6963
14625,38.4367
14626,37.3480
14566,9.1634
14627,38.5888
14567,7.9746
14568,8.2262
14628,39.2380
14629,37.6319
14569,7.7704
14630,38.3164
14570,8.0528
14571,8.9838
14631,38.6805
14632,38.3453
14572,8.7182
14573,7.7391
14633,39.9634
14574,8.4017
14634,37.6398
14635,37.8035
14575,8.6455
14636,38.7150
14576,8.3290
14637,39.0102
14577,8.3383
14638,39.2780
14578,8.0689
14579,7.8358
14639,38.7417
14580,8.0994
14640,38.5872
14581,8.5110
14641,38.6991
14642,37.7913
14582,8.5639
14643,39.6177
14583,8.0230
14584,7.9066
14644,38.7892
14585,8.4658
14645,37.9192
14646,38.2041
14586,7.7671
14647,38.6219
14587,8.1746
14588,7.7828
14648,41.0136
14589,7.8786
14649,38.2714
14650,37.6367
14590,7.7297
14591,7.7586
14651,39.6549
14652,38.1349
14592,7.9811
14653,38.5323
14593,8.0072
14594,7.6849
14654,38.9120
14655,38.5793
14595,7.8388
14596,7.9005
14656,37.7641
14657,38.2504
14597,7.9177
14658,39.0704
14598,8.2410
14659,38.1484
14599,8.1027
14600,7.6898
14660,38.5951
14601,8.0050
14661,38.3580
14602,7.8838
14662,37.8587
14663,37.8167
14603,7.8999
14664,38.5398
14604,7.8618
14665,38.5433
14605,7.5358
14606,7.7471
14666,41.4241
14607,7.9062
14667,37.6199
14668,38.3211
14608,7.9357
14609,7.6461
14669,39.7506
14610,7.8810
14670,37.7241
14611,7.5922
14671,38.3798
14612,7.6686
14672,37.5284
14613,7.7468
14673,38.9862
14674,38.4977
14614,7.9656
14615,7.7257
14675,38.5304
14676,38.1249
14616,7.7452
14677,38.1651
14617,7.9289
14678,38.3933
14618,7.8106
14679,38.3124
14619,8.0404
14680,38.7995
14620,7.7039
14621,7.6721
14681,40.7312
14622,7.6683
14682,37.5341
14683,37.5420
14623,8.0537
14624,7.9276
14684,39.1041
14625,7.6032
14685,38.7746
14686,37.5347
14626,7.9233
14627,7.7622
14687,37.7850
14688,38.3745
14628,7.7051
14689,38.1028
14629,8.0536
14690,39.5405
14630,7.8835
14631,7.7644
14691,38.5903
14692,37.7064
14632,7.8762
14693,38.4912
14633,7.9335
14694,38.5132
14634,8.0125
14695,38.7528
14635,7.8005
14636,7.6733
14696,38.3152
14637,7.6909
14697,38.9717
14638,7.7480
14698,38.4053
14699,37.9496
14639,8.1466
14700,39.5728
14640,7.6513
14701,38.1576
14641,7.7195
14702,38.7043
14642,7.5953
14703,38.1064
14643,7.7391
14704,38.2975
14644,7.7616
14705,39.5188
14645,7.7265
14706,38.3682
14646,8.1262
14647,7.6214
14707,38.6850
14648,7.5832
14708,37.8361
14709,38.0783
14649,7.8109
14710,38.7456
14650,7.8862
14711,38.1799
14651,8.0619
14652,7.5784
14712,39.4168
14653,7.6971
14713,38.1564
14714,37.8634
14654,7.7108
14655,7.8988
14715,38.8190
14716,38.7792
14656,7.9754
14657,7.6665
14717,38.7501
14718,37.4226
14658,8.0537
14659,7.6709
14719,39.1345
14660,7.7143
14720,38.7990
14721,38.2929
14661,8.0310
14722,38.6014
14662,7.7459
14723,37.9589
14663,7.6618
14664,7.7133
14724,38.6408
14725,38.5473
14665,8.0042
14726,38.2499
14666,7.5042
14727,38.2001
14667,7.8468
14728,37.9987
14668,7.5149
14669,7.6705
14729,38.2821
14730,37.7147
14670,7.6438
14731,38.8060
14671,7.7741
14732,38.2510
14672,7.7197
14733,37.6547
14673,8.1107
14674,7.6483
14734,39.9125
14735,38.3896
14675,7.6989
14736,38.5116
14676,8.0049
14677,7.5142
14737,39.5972
14738,37.3741
14678,7.9578
14739,38.6676
14679,7.8949
14680,7.5272
14740,39.2486
14681,7.7647
14741,37.7965
14742,37.8065
14682,7.7299
14683,7.8704
14743,38.6417
14744,38.4615
14684,8.1521
14685,7.7063
14745,39.3026
14746,38.8810
14686,7.8000
14747,37.3473
14687,7.7269
14688,7.7782
14748,38.0847
14749,38.4120
14689,8.1244
14750,40.3882
14690,7.8320
14691,7.6194
14751,39.4975
14692,7.7424
14752,38.7166
14693,7.6722
14753,37.6888
14694,7.7420
14754,38.5149
14755,37.8436
14695,7.8767
14696,7.7158
14756,38.4377
14757,38.1409
14697,7.7164
14758,38.1820
14698,7.6934
14699,7.7370
14759,38.1092
14760,38.8420
14700,8.0912
14701,7.6862
14761,39.3183
14762,37.9293
14702,7.7432
14703,7.6641
14763,38.1192
14764,37.7962
14704,7.8126
14765,37.7266
14705,8.1127
14706,7.5466
14766,38.5557
14767,37.8977
14707,7.8342
14768,38.2469
14708,7.7607
14769,38.9059
14709,7.7837
14770,38.6674
14710,7.7494
14711,7.6766
14771,38.8703
14772,37.5780
14712,8.1406
14773,38.5724
14713,7.9700
14714,7.6824
14774,39.6938
14775,37.5365
14715,7.6248
14776,38.4938
14716,7.7355
14777,38.7078
14717,7.6938
14778,39.3552
14718,7.8358
14779,38.5158
14719,7.6958
14780,38.6092
14720,7.8849
14721,7.6572
14781,38.9452
14782,37.8149
14722,7.8967
14783,38.8271
14723,8.1480
14784,39.4321
14724,7.7219
14725,7.6221
14785,38.1412
14786,37.7601
14726,7.7240
14787,38.1721
14727,7.8449
14788,38.3475
14728,8.3598
14789,37.9123
14729,7.6730
14730,7.7259
14790,39.2353
14791,37.7633
14731,7.6848
14792,38.4284
14732,7.9023
14733,7.7503
14793,38.3726
14794,38.1016
14734,7.7087
14795,38.2083
14735,7.8012
14736,7.6395
14796,40.1894
14797,37.1212
14737,7.7297
14738,7.7106
14798,39.0149
14799,38.3823
14739,7.8735
14800,38.3330
14740,7.9851
14801,38.9145
14741,7.7338
14802,38.6456
14742,7.6966
14743,7.7714
14803,38.0802
14804,38.1173
14744,7.8871
14805,38.5765
14745,7.7515
14806,38.1784
14746,8.2642
14747,7.5181
14807,38.9942
14748,7.7058
14808,37.7873
14809,37.8885
14749,7.8037
14810,37.9697
14750,7.6866
14751,7.7854
14811,39.3971
14812,37.6994
14752,7.8634
14753,7.6099
14813,39.9219
14754,7.5347
14814,38.5632
14755,7.7522
14815,37.6716
14756,7.6269
14816,38.2333
14817,37.9165
14757,7.6905
14818,37.9273
14758,7.9573
14759,7.5819
14819,38.8086
14820,37.2629
14760,7.8076
14821,38.1147
14761,7.6782
14822,37.9486
14762,8.1532
14823,38.4449
14763,7.6449
14824,37.7436
14764,8.2832
14765,7.5663
14825,39.2300
14766,7.8255
14826,37.5780
14767,7.4887
14827,37.4262
14828,40.6819
14768,7.7143
14829,38.6070
14769,7.8089
14830,37.7799
14770,7.8830
14831,39.4227
14771,7.6961
14772,7.6605
14832,38.9579
14773,7.7119
14833,37.4298
14774,7.7475
14834,38.8053
14835,37.8807
14775,7.9757
14776,7.5233
14836,38.0888
14777,7.5017
14837,38.3917
14838,37.2913
14778,7.7154
14839,38.9438
14779,7.9254
14840,38.1263
14780,7.6448
14841,38.3382
14781,7.7263
14842,38.7444
14782,7.7554
14843,38.1891
14783,7.7985
14844,39.1136
14784,8.2915
14785,7.5694
14845,38.2119
14846,38.0917
14786,7.7128
14847,38.2735
14787,7.7013
14788,7.7097
14848,38.7934
14849,38.0674
14789,7.9678
14850,37.9143
14790,7.9813
14851,38.5437
14791,7.8991
14852,38.6221
14792,7.8219
14793,7.7988
14853,38.7918
14794,7.6584
14854,38.1248
14855,37.8029
14795,8.1220
14796,7.6938
14856,38.9210
14857,38.5090
14797,8.0437
14798,7.7741
14858,39.7421
14859,37.5897
14799,7.6881
14860,38.0327
14800,7.7864
14861,38.8358
14801,7.7035
14802,7.7437
14862,38.7034
14863,38.3179
14803,7.9048
14864,39.0780
14804,7.7174
14865,38.1114
14805,8.3123
14866,38.7109
14806,7.6873
14867,38.5185
14807,8.1442
14868,37.9082
14808,7.7184
14809,8.0072
14869,38.9604
14870,37.6216
14810,8.1471
14811,7.6245
14871,39.8666
14872,38.2725
14812,8.4738
14813,7.6974
14873,38.9781
14814,7.7157
14874,39.2467
14815,7.6845
14875,38.2993
14816,8.2101
14876,38.4625
14877,38.0153
14817,7.9733
14878,38.7622
14818,8.0193
14879,38.4678
14819,7.6606
14880,38.7994
14820,7.9981
14881,38.4855
14821,7.7346
14822,7.9455
14882,38.5501
14883,38.3847
14823,7.8226
14884,37.7681
14824,7.8489
14885,38.6944
14825,7.8179
14886,39.2713
14826,8.0644
14827,7.7185
14887,39.8001
14828,7.6630
14888,38.3903
14829,7.6545
14889,37.9257
14890,38.1938
14830,7.8588
14891,38.1173
14831,7.7542
14892,38.3692
14832,9.6697
14833,8.3752
14893,38.3758
14894,37.3389
14834,8.0786
14895,37.0657
14835,8.2147
14896,36.7139
14836,8.3033
14897,38.8962
14837,8.0939
14898,37.3799
14838,8.4148
14899,38.2734
14839,8.1442
14900,37.7737
14840,8.0290
14901,37.5021
14841,8.2340
14842,8.0744
14902,38.3176
14903,36.6348
14843,8.5403
14904,37.3142
14844,8.1239
14905,37.1824
14845,8.7124
14906,39.0180
14846,8.1753
14907,37.2156
14847,8.1438
14908,37.3810
14848,8.6371
14849,8.0585
14909,37.7841
14910,36.8377
14850,8.6114
14911,37.8077
14851,8.1679
14912,36.9255
14852,8.7387
14853,8.1362
14913,38.7224
14914,37.3640
14854,8.1393
14915,38.0995
14855,8.3667
14916,37.8597
14856,8.1227
14917,36.7980
14857,8.0994
14918,38.5244
14858,8.6830
14859,7.9936
14919,37.8135
14920,36.5596
14860,8.0718
14921,37.8132
14861,8.6115
14922,37.7141
14862,8.1830
14923,37.2970
14863,8.7513
14924,37.6642
14864,8.2165
14925,37.7223
14865,8.1599
14926,37.4723
14866,8.3040
14927,37.3515
14867,8.1420
14928,37.5051
14868,8.6215
14929,37.6794
14869,8.2200
14930,36.6246
14870,8.2794
14871,8.0087
14931,38.2939
14932,36.7631
14872,8.5759
14933,37.9510
14873,8.1035
14934,36.5210
14874,8.3937
14935,38.0236
14875,8.1268
14936,37.3966
14876,8.2292
14877,8.0655
14937,37.7179
14938,37.2098
14878,8.0208
14939,37.1361
14879,8.4451
14940,38.3241
14880,8.5426
14941,38.5340
14881,8.2257
14942,37.1296
14882,8.1826
14943,36.9631
14883,8.1512
14944,36.9327
14884,8.0362
14945,37.0647
14885,8.4031
14946,37.9699
14886,8.1864
14947,36.7019
14887,8.3721
14948,37.8749
14888,8.0773
14949,37.1562
14889,8.3693
14950,38.0599
14890,8.0209
14951,37.5893
14891,7.9613
14952,37.3917
14892,8.5551
14893,8.0113
14953,37.9202
14954,37.1885
14894,8.1409
14955,37.0940
14895,8.0108
14956,38.1250
14896,8.1675
14957,36.9133
14897,8.0721
14958,37.2543
14898,8.1145
14959,37.2859
14899,8.0647
14960,37.5286
14900,8.0359
14961,37.1150
14901,8.1097
14962,37.3564
14902,8.2162
14903,8.2123
14963,39.4008
14964,36.7075
14904,8.4898
14965,37.7933
14905,8.1192
14966,37.9732
14906,8.0877
14967,36.9960
14907,8.2901
14968,38.9182
14908,8.4307
14909,8.0810
14969,38.2748
14910,8.0934
14970,37.0984
14971,37.2797
14911,8.1553
14972,37.9381
14912,8.4501
14973,37.7070
14913,8.0425
14974,36.7347
14914,8.4221
14975,37.7848
14915,8.2613
14976,37.3460
14916,8.1427
14977,37.3516
14917,8.5304
14918,8.1146
14978,37.3135
14979,36.8232
14919,8.4127
14920,7.9676
14980,38.9376
14981,36.8398
14921,8.4117
14982,37.5161
14922,8.0819
14983,36.9815
14923,8.2089
14984,37.9370
14924,8.3008
14985,37.7207
14925,8.1718
14986,36.5851
14926,8.3391
14987,37.7359
14927,8.1523
14988,37.0451
14928,8.3483
14929,8.0436
14989,37.6915
14990,37.5072
14930,8.2972
14991,37.4323
14931,8.2856
14992,38.5195
14932,8.0500
14993,37.1579
14933,8.6863
14994,37.9746
14934,8.1350
14995,38.1311
14935,8.2049
14996,38.1368
14936,8.0485
14997,36.6944
14937,9.5680
14998,38.4225
14938,9.9633
14999,37.9643
14939,10.6170
15000,38.4203
14940,10.5162
15001,37.5223
14941,10.3423
15002,36.8683
14942,10.5179
15003,37.5156
14943,9.9931
15004,37.2662
14944,8.6965
15005,37.1927
14945,11.3131
14946,10.3478
15006,40.1887
14947,10.3423
15007,37.0277
15008,37.9765
14948,10.3368
15009,37.3092
14949,10.1694
15010,37.8798
14950,10.6350
15011,37.8189
14951,10.7032
14952,9.8380
15012,38.2293
15013,36.7777
14953,10.3171
15014,37.6389
14954,10.2341
15015,37.2930
14955,10.2865
15016,37.2627
14956,9.9890
15017,37.8968
14957,10.0748
15018,39.4831
14958,9.2568
15019,37.3441
14959,11.1690
15020,38.5514
14960,10.4923
15021,36.8549
14961,10.5234
15022,37.2332
14962,9.7332
15023,37.0291
14963,10.4761
14964,9.1694
15024,39.1140
15025,36.7289
14965,10.7929
15026,37.5036
14966,10.4569
15027,37.7537
14967,10.3509
15028,37.1664
14968,10.1118
15029,36.8949
14969,10.4350
15030,37.4966
14970,10.0246
15031,37.2825
14971,10.1804
15032,37.5093
14972,10.2569
15033,37.1889
14973,10.1288
15034,37.7914
14974,10.1071
15035,38.3273
14975,10.2582
15036,37.2707
14976,10.4393
14977,8.8015
15037,38.0676
15038,36.6489
14978,11.1422
14979,10.4337
15039,39.0014
15040,36.8241
14980,10.3090
15041,36.5211
14981,9.9995
15042,37.3039
14982,10.4050
14983,9.2623
15043,38.5241
15044,37.6015
14984,10.3359
15045,37.9059
14985,10.3424
15046,36.8776
14986,9.8615
15047,37.5504
14987,10.1448
15048,37.6641
14988,10.1481
15049,37.3618
14989,9.7911
15050,37.7933
14990,10.4535
15051,37.8377
14991,10.4580
15052,37.9286
14992,10.0362
15053,36.7265
14993,10.2848
15054,37.5916
14994,9.8884
15055,37.8920
14995,10.2378
15056,37.7231
14996,10.2346
15057,37.1527
14997,10.3057
14998,8.7757
15058,37.2753
15059,36.7547
14999,10.9132
15060,38.1101
15000,10.2648
15061,36.7397
15001,10.4391
15062,37.5423
15002,10.6879
15063,38.6040
15003,10.4316
15064,37.1258
15004,8.7363
15065,37.3841
15005,10.8120
15066,37.7090
15006,10.4919
15067,37.7128
15007,10.4177
15008,9.8399
15068,37.8772
15069,36.9177
15009,9.9395
15070,37.3752
15010,9.1554
15071,38.2417
15011,11.1818
15012,10.2915
15072,38.0342
15073,36.9249
15013,10.2097
15074,38.0646
15014,9.9594
15075,37.2225
15015,9.5913
15076,38.2284
15016,9.9633
15077,38.0318
15017,10.2945
15078,37.8538
15018,10.2274
15079,37.3137
15019,10.2970
15080,37.6181
15020,10.5004
15081,37.4063
15021,9.9104
15082,36.5139
15022,10.2177
15083,37.8538
15023,10.5097
15084,37.2228
15024,9.6957
15085,38.1244
15025,10.5639
15086,37.6633
15026,10.1044
15087,37.2180
15027,9.3227
15088,37.6625
15028,10.2098
15089,37.6604
15029,10.0836
15090,37.0365
15030,9.6962
15091,36.9033
15031,10.4884
15092,38.9258
15032,10.5595
15033,9.1047
15093,36.3445
15094,36.5132
15034,11.2162
15095,38.2546
15035,10.2980
15096,36.2508
15036,9.0984
15097,37.5053
15037,11.0074
15038,10.2726
15098,37.6482
15099,36.7255
15039,9.6404
15100,37.0598
15040,10.3295
15101,37.2864
15041,10.1953
15102,36.8929
15042,9.8059
15103,37.7321
15043,10.5444
15104,37.6810
15044,10.0592
15105,38.2120
15045,9.7447
15106,37.3685
15046,10.5280
15047,10.2029
15107,38.8959
15108,36.8919
15048,9.6266
15109,37.0365
15049,10.8326
15050,10.1211
15110,37.8776
15111,36.4659
15051,9.7740
15112,37.5696
15052,10.3262
15113,38.0799
15053,10.2643
15114,38.6178
15054,9.9545
15115,36.6403
15055,10.3134
15116,37.7939
15056,10.4523
15117,37.9963
15057,9.5249
15118,36.5310
15058,11.0914
15059,10.2630
15119,37.7989
15120,36.5009
15060,10.0627
15121,37.8485
15061,10.3790
15122,37.8531
15062,10.0293
15123,36.9862
15063,9.3306
15124,37.8010
15064,11.0801
15125,37.7225
15065,10.3631
15126,36.6951
15066,10.2371
15127,37.6362
15067,10.3868
15128,37.4081
15068,9.5496
15129,38.5135
15069,9.0736
15130,38.6814
15070,11.2181
15071,10.2619
15131,40.4590
15072,10.2057
15132,39.7232
15073,10.0345
15133,38.7080
15074,9.6742
15134,37.9395
15135,37.6189
15075,8.6930
15136,37.9718
15076,10.8970
15077,10.1475
15137,40.0536
15138,39.1319
15078,10.4463
15079,10.0359
15139,38.1581
15140,38.4034
15080,10.0120
15141,38.4877
15081,10.0386
15142,37.2920
15082,9.3853
15143,41.9919
15083,10.0653
15144,38.5324
15084,10.0081
15145,38.2206
15085,10.4079
15146,38.5791
15086,10.3950
15087,10.1127
15147,38.8852
15148,38.3989
15088,9.5511
15089,8.0941
15149,38.9251
15150,37.5329
15090,7.9689
15151,37.5873
15091,8.1659
15092,8.4184
15152,38.9376
15153,37.7348
15093,7.9115
15154,38.3149
15094,7.8071
15155,38.5812
15095,7.8782
15156,38.3445
15096,7.9721
15157,37.8717
15097,7.7954
15098,7.6409
15158,39.1446
15159,37.5196
15099,7.8999
15160,37.5539
15100,8.4356
15101,7.6724
15161,38.9029
15162,37.8564
15102,7.6162
15163,37.3952
15103,7.7741
15104,7.6705
15164,38.9074
15165,37.6365
15105,7.7187
15106,7.7384
15166,38.5394
15167,37.4972
15107,7.8192
15168,37.6837
15108,8.1802
15169,38.5398
15109,7.7369
15110,7.7130
15170,39.1507
15171,37.5165
15111,7.8288
15112,7.6542
15172,38.9994
15113,7.8685
15173,37.4411
15174,37.8620
15114,8.3972
15175,38.6865
15115,8.4646
15116,7.7126
15176,39.9278
15117,7.6316
15177,37.8710
15118,7.6666
15178,36.4472
15179,37.6299
15119,8.0034
15180,38.0626
15120,7.9371
15181,38.9858
15121,8.2689
15182,37.7330
15122,7.6444
15183,38.1684
15123,7.9522
15184,38.5102
15124,8.2916
15125,7.7094
15185,38.8716
15186,37.4201
15126,7.7924
15187,38.5373
15127,7.9076
15188,37.6639
15128,7.8806
15189,38.2177
15129,8.2441
15190,38.5678
15130,8.2918
15131,7.9914
15191,38.6313
15132,7.8416
15192,38.4264
15133,7.8918
15193,38.0860
15194,37.9521
15134,7.8494
15195,38.7823
15135,8.2022
15196,38.4339
15136,7.8569
15197,38.5325
15137,8.2196
15198,37.4161
15138,7.8473
15199,38.5033
15139,7.9599
15140,7.7965
15200,38.9338
15201,37.8942
15141,8.6824
15142,7.8250
15202,38.9223
15143,7.7627
15203,37.8320
15204,37.9212
15144,7.8278
15205,39.0321
15145,7.6702
15206,38.6147
15146,7.6328
15207,37.8662
15147,8.3501
15148,7.8148
15208,39.8291
15209,38.2208
15149,8.1061
15210,37.7493
15150,8.4877
15151,7.6931
15211,39.3624
15212,37.7887
15152,7.7863
15213,38.2851
15153,7.7868
15214,40.0844
15154,7.7010
15215,37.6782
15155,7.8473
15216,38.4092
15156,8.3734
15157,7.7202
15217,39.2829
15158,7.7781
15218,37.4613
15219,37.4071
15159,8.1065
15160,7.6913
15220,38.5405
15221,37.3981
15161,7.7701
15222,37.9891
15162,7.9806
15163,7.6653
15223,39.3507
15164,7.6393
15224,37.4793
15225,37.3779
15165,8.0561
15166,7.7766
15226,38.6627
15227,37.9169
15167,8.2317
15228,38.3673
15168,7.9802
15169,7.6267
15229,39.8437
15170,7.8105
15230,37.1103
15171,7.8849
15231,37.6188
15232,37.8418
15172,8.3507
15233,38.6276
15173,7.6959
15234,37.5140
15174,7.6018
15235,37.5401
15175,7.7663
15236,37.1032
15176,7.6664
15237,38.1856
15177,7.6755
15238,38.7830
15178,8.2317
15179,7.5703
15239,38.7249
15180,7.6791
15240,37.8619
15181,7.9456
15241,37.8110
15242,38.9991
15182,8.1061
15243,38.1446
15183,7.8119
15244,40.8385
15184,7.6622
15245,38.5570
15185,7.9079
15186,7.7428
15246,37.6573
15187,7.9098
15247,38.0971
15248,38.8204
15188,8.1988
15249,39.0277
15189,8.1995
15250,38.3997
15190,8.2386
15191,7.6034
15251,40.2097
15192,7.6978
15252,37.2083
15253,37.9482
15193,7.7759
15194,7.6252
15254,38.6690
15255,37.0083
15195,7.8207
15256,38.2095
15196,8.6123
15197,7.7257
15257,39.1108
15198,7.7747
15258,38.4529
15199,7.8752
15259,38.1235
15260,38.4814
15200,8.3126
15261,38.1877
15201,7.9952
15262,38.4726
15202,7.8190
15263,38.5227
15203,7.7735
15204,7.7135
15264,38.5725
15265,37.8929
15205,7.9906
15266,38.8313
15206,7.8270
15207,7.8484
15267,41.0068
15268,38.0479
15208,7.7953
15269,37.8094
15209,7.7697
15270,37.3298
15210,7.9110
15271,36.9721
15211,7.8888
15272,37.5474
15212,8.2291
15273,38.3015
15213,7.7072
15214,7.7075
15274,37.7611
15275,36.5930
15215,7.7524
15276,37.1799
15216,7.9149
15277,37.9899
15217,8.1932
15278,38.5029
15218,7.9599
15219,7.8840
15279,38.5410
15220,7.7163
15280,38.0393
15221,7.6553
15281,36.4068
15282,36.5830
15222,8.6312
15283,37.9991
15223,8.3661
15284,38.8291
15224,8.4435
15285,37.8141
15225,7.8264
15226,7.6000
15286,37.9710
15287,36.2182
15227,7.8116
15288,37.2063
15228,7.8097
15289,38.0184
15229,8.2434
15230,7.6793
15290,38.1096
15291,36.6008
15231,7.7966
15232,7.9384
15292,38.7382
15293,37.2952
15233,8.0719
15294,37.9154
15234,8.0218
15295,37.3260
15235,7.9863
15236,7.9712
15296,38.3541
15297,36.9208
15237,7.6822
15298,37.2300
15238,7.8990
15299,37.6463
15239,7.9102
15300,37.7341
15240,8.3517
15301,38.3319
15241,8.2354
15242,7.8178
15302,38.3516
15303,37.0725
15243,7.6850
15244,7.6915
15304,37.3329
15305,36.5932
15245,7.9821
15306,38.1587
15246,7.9575
15307,37.7153
15247,8.6414
15248,7.7027
15308,38.1686
15309,38.0435
15249,7.9239
15250,7.7955
15310,37.2002
15311,36.9843
15251,7.7770
15312,37.4703
15252,8.4050
15313,38.1909
15253,8.2280
15254,7.7067
15314,37.8632
15255,7.8196
15315,36.5156
15316,36.5907
15256,7.9041
15317,37.4724
15257,7.9052
15318,37.9516
15258,8.2922
15319,37.9202
15259,7.9338
15320,37.8749
15260,8.1456
15321,37.8662
15261,7.7541
15322,38.3870
15262,8.1920
15323,37.2219
15263,8.0274
15324,38.3515
15264,8.2866
15265,7.7373
15325,37.9229
15266,7.9293
15326,37.6647
15327,37.3231
15267,8.2697
15328,37.9384
15268,8.0444
15329,37.5472
15269,7.8145
15270,7.8276
15330,38.3184
15331,37.5170
15271,7.9031
15332,37.4127
15272,7.8785
15333,39.5379
15273,8.1468
15334,36.8960
15274,7.7913
15335,37.6147
15275,7.8920
15336,37.8393
15276,7.8594
15337,38.4794
15277,7.8733
15338,37.5498
15278,8.0310
15339,37.8900
15279,7.8801
15280,7.8233
15340,38.1229
15341,37.4760
15281,7.7484
15342,37.3892
15282,7.8503
15343,37.5366
15283,7.7666
15344,37.4478
15284,7.9093
15285,7.6909
15345,38.5294
15286,7.7712
15346,39.5455
15347,36.9702
15287,7.8496
15348,38.2319
15288,8.1357
15349,37.7232
15289,7.7155
15350,37.5711
15290,7.7582
15351,37.4273
15291,8.7935
15292,7.6994
15352,37.7694
15353,37.5340
15293,8.5866
15354,38.6042
15294,7.8352
15355,37.8254
15295,7.7351
15356,37.4346
15296,7.7096
15357,37.1874
15297,7.7374
15358,37.3697
15298,7.8766
15359,37.7799
15299,8.3423
15300,7.6945
15360,38.5850
15361,36.9744
15301,7.8568
15362,37.7179
15302,8.3993
15303,7.6942
15363,38.5243
15364,37.0980
15304,7.9061
15365,36.8626
15305,8.2425
15366,37.7210
15306,7.9588
15367,36.7143
15307,7.8870
15368,37.8775
15308,8.0526
15369,38.8615
15309,7.9091
15310,7.7715
15370,37.3354
15371,36.6885
15311,7.7192
15372,37.5501
15312,8.0200
15373,36.6561
15313,7.8500
15374,37.6597
15314,8.3562
15315,7.8522
15375,39.1544
15376,38.0464
15316,8.1661
15377,37.2086
15317,8.2949
15318,8.2265
15378,38.2038
15379,37.8294
15319,8.3809
15380,38.1060
15320,7.9456
15381,37.5711
15321,7.5530
15382,37.2216
15322,7.7260
15323,7.7387
15383,38.2048
15384,37.4976
15324,7.8165
15385,37.5471
15325,8.3344
15326,7.7611
15386,38.2918
15387,37.9087
15327,7.8076
15388,38.4400
15328,7.8152
15389,37.2827
15329,8.2625
15390,38.3848
15330,7.7487
15391,37.8240
15331,7.7799
15392,37.6036
15332,7.7423
15393,37.2220
15333,7.9559
15394,37.3155
15334,8.2349
15395,38.2075
15335,7.8785
15336,7.6974
15396,39.3711
15397,36.7951
15337,7.7600
15398,37.1546
15338,7.7810
15399,37.3891
15339,7.9790
15400,37.8011
15340,8.4021
15401,38.2417
15341,7.8220
15342,7.8523
15402,37.9150
15403,37.8566
15343,7.9959
15404,37.5269
15344,7.8293
15405,37.9887
15345,8.1691
15406,39.0516
15346,8.4129
15407,37.4137
15347,7.8525
15348,7.7149
15408,37.3707
15409,36.6834
15349,7.8690
15410,37.1402
15350,7.9339
15411,37.6622
15351,8.0816
15352,7.7016
15412,38.3802
15413,36.8414
15353,7.9013
15414,37.7101
15354,8.0157
15415,37.0200
15355,7.9890
15416,37.6737
15356,8.1133
15417,38.4198
15357,7.7608
15418,37.4670
15358,7.8481
15419,37.2137
15359,7.7401
15360,7.8004
15420,38.4017
15421,36.9109
15361,7.8626
15422,38.4761
15362,7.8563
15423,37.7272
15363,8.2451
15364,7.8145
15424,37.7344
15425,36.9641
15365,7.8547
15426,38.1632
15366,8.1560
15367,7.6959
15427,37.1400
15428,37.3450
15368,8.2632
15429,39.2373
15369,8.2986
15370,7.7888
15430,38.0236
15431,37.2618
15371,7.9672
15432,36.9485
15372,7.9003
15433,37.4576
15373,7.8342
15434,36.8587
15374,7.9869
15435,38.0447
15375,8.5421
15376,7.8950
15436,37.9485
15437,36.8664
15377,8.1939
15438,37.6793
15378,7.9533
15439,37.2348
15379,7.8554
15440,37.3534
15380,7.8801
15441,37.5738
15381,8.1771
15442,37.6097
15382,7.9006
15443,37.1207
15383,8.1433
15444,37.0302
15384,7.8710
15445,37.2742
15385,8.2070
15446,38.5161
15386,7.7926
15447,37.0182
15387,8.2932
15388,7.7367
15448,38.0264
15449,36.8356
15389,7.6882
15450,36.9053
15390,7.9466
15451,37.1358
15391,8.0102
15452,37.2969
15392,7.9462
15453,37.2596
15393,7.9877
15454,38.0775
15394,7.6976
15395,7.7443
15455,37.8233
15456,36.9446
15396,7.8915
15397,7.7993
15457,37.7630
15458,36.9480
15398,8.4406
15459,39.1168
15399,7.9145
15460,37.0822
15400,7.7984
15401,7.7029
15461,38.6270
15462,38.1533
15402,7.7256
15463,38.5519
15403,7.9782
15464,37.9605
15404,8.2047
15465,38.8242
15405,8.1611
15466,38.5131
15406,8.6071
15407,7.7569
15467,38.4440
15468,37.5250
15408,7.8852
15409,8.1729
15469,38.7570
15470,38.1583
15410,8.3078
15471,39.4575
15411,7.8093
15472,38.3981
15412,8.0144
15473,37.8864
15413,8.2202
15474,38.4722
15414,8.1909
15415,7.7677
15475,38.1779
15476,37.2690
15416,7.8741
15417,7.7387
15477,39.5989
15478,38.2963
15418,7.8569
15479,37.6787
15419,7.8441
15480,38.4960
15420,8.3466
15421,7.7711
15481,39.1807
15422,7.7973
15482,38.6469
15423,7.8642
15483,37.4906
15484,37.7411
15424,7.9264
15485,38.3681
15425,8.0776
15486,38.5644
15426,7.7587
15427,7.7663
15487,38.7740
15428,7.7096
15488,38.7906
15489,36.8717
15429,7.8303
15490,38.6555
15430,8.0631
15431,7.7771
15491,38.6655
15492,38.0899
15432,8.3139
15433,7.7184
15493,38.9166
15434,7.7042
15494,38.2022
15435,8.0709
15495,37.6532
15496,37.9766
15436,8.4847
15437,7.7777
15497,39.2368
15498,37.9091
15438,8.0488
15499,39.0200
15439,8.4439
15440,7.7624
15500,39.6353
15441,7.7760
15501,38.9216
15502,37.6735
15442,7.8143
15503,38.3024
15443,7.9106
15444,7.7805
15504,37.9738
15505,38.3520
15445,8.2179
15446,7.7853
15506,38.8696
15447,7.8502
15507,38.1686
15508,37.9841
15448,7.7930
15509,38.3047
15449,7.8008
15510,37.1978
15450,7.7514
15511,38.3202
15451,8.2339
15452,7.9310
15512,39.3414
15453,7.5045
15513,39.1200
15514,38.3988
15454,8.0305
15515,38.5270
15455,8.1761
15516,38.8647
15456,8.1959
15457,7.7612
15517,39.4497
15458,7.6869
15518,38.8805
15519,38.5552
15459,7.7517
15460,7.7790
15520,39.0494
15521,38.4417
15461,7.9814
15462,7.8059
15522,40.2792
15463,7.8076
15523,38.6097
15524,38.5882
15464,8.4245
15465,7.7578
15525,39.7980
15526,38.6372
15466,7.8819
15467,7.8243
15527,38.7455
15528,38.5490
15468,8.3354
15469,7.7212
15529,38.3040
15530,38.5407
15470,7.8275
15471,7.8968
15531,38.2686
15532,38.5228
15472,7.9809
15533,38.1870
15473,8.7199
15474,7.8555
15534,38.7116
15475,7.8676
15535,38.1973
15536,38.8934
15476,8.0992
15537,39.1149
15477,7.8871
15478,7.8678
15538,38.9777
15539,38.7458
15479,7.8154
15540,39.1457
15480,7.9937
15541,38.9245
15481,8.0408
15542,38.4697
15482,8.9667
15483,7.7389
15543,40.1494
15484,7.7377
15544,38.7651
15485,7.6689
15545,37.9267
15546,37.9101
15486,7.7973
15487,7.8422
15547,39.1412
15548,38.1136
15488,7.7799
15549,38.7250
15489,8.1022
15490,7.6883
15550,38.7369
15551,38.3466
15491,7.8746
15492,7.6420
15552,38.4306
15553,38.7658
15493,7.9118
15554,38.8268
15494,7.6157
15555,37.8447
15495,7.7686
15556,38.5338
15496,7.6453
15497,7.6072
15557,38.7514
15558,38.1612
15498,7.8141
15499,7.6112
15559,39.3522
15560,37.9805
15500,7.9620
15561,38.5266
15501,7.6381
15562,37.9729
15502,7.7981
15503,7.9020
15563,38.7696
15564,38.6938
15504,8.1743
15505,7.7044
15565,39.3540
15506,7.6873
15566,39.2668
15567,38.1128
15507,7.8594
15568,38.5242
15508,7.8053
15509,7.8178
15569,38.6920
15570,38.6911
15510,8.1605
15511,7.7501
15571,38.6587
15512,7.8704
15572,38.2148
15573,38.3602
15513,7.7470
15514,7.8687
15574,38.0962
15575,37.9162
15515,7.8532
15576,38.3792
15516,8.3097
15517,7.5748
15577,38.9552
15578,38.6534
15518,7.6695
15519,7.8997
15579,37.8130
15520,7.5751
15580,37.9741
15521,7.8553
15581,38.4903
15582,37.9374
15522,7.8538
15523,7.7856
15583,39.0111
15524,7.6119
15584,37.8373
15585,38.2778
15525,8.0599
15526,7.5384
15586,38.5880
15587,37.5851
15527,8.2041
15528,7.5403
15588,38.3532
15589,38.1625
15529,8.2352
15530,7.5603
15590,38.8661
15531,7.5811
15591,38.4000
15592,37.5924
15532,7.8276
15593,38.2259
15533,7.7447
15594,38.4170
15534,7.8617
15595,38.2575
15535,7.6211
15596,39.1956
15536,7.8330
15537,7.5600
15597,38.3898
15598,38.7254
15538,7.7217
15599,38.2810
15539,8.0993
15540,7.4350
15600,39.2261
15541,7.6355
15601,37.7242
15602,37.8767
15542,8.2556
15543,7.5475
15603,38.9393
15544,7.5155
15604,38.4965
15605,37.8701
15545,7.4905
15606,38.5696
15546,7.8158
15607,38.0564
15547,7.5337
15608,38.6976
15548,7.5129
15609,38.2435
15549,7.6951
15550,7.5323
15610,38.4190
15611,38.1455
15551,8.1461
15552,7.4676
15612,38.9541
15553,7.5538
15613,38.4867
15554,7.4797
15614,39.1273
15615,38.4008
15555,8.1484
15556,7.4809
15616,39.4448
15557,7.5405
15617,38.8216
15618,37.8623
15558,7.5975
15559,7.5573
15619,39.1278
15620,37.6405
15560,7.6262
15621,38.7728
15561,7.5411
15622,38.4679
15562,7.7715
15563,7.4654
15623,40.0077
15564,7.5768
15624,37.6196
15625,39.0913
15565,7.8256
15566,7.5350
15626,38.1864
15627,37.9816
15567,7.7300
15628,38.2009
15568,7.9996
15569,7.4847
15629,38.3869
15570,7.5272
15630,37.7776
15631,37.4729
15571,7.5741
15632,38.8764
15572,7.4964
15633,37.4507
15573,8.1343
15574,7.6017
15634,40.0585
15635,37.8874
15575,7.5687
15576,7.5843
15636,38.4260
15637,38.6714
15577,7.9966
15578,7.5460
15638,39.4263
15639,37.6671
15579,7.7245
15640,38.8185
15580,7.6750
15641,38.1190
15581,7.6658
15582,7.5062
15642,38.3333
15643,37.6285
15583,7.6155
15644,38.3420
15584,7.8515
15585,7.6573
15645,38.9227
15646,37.8578
15586,7.7623
15647,38.3645
15587,7.5398
15588,7.5216
15648,38.9605
15649,37.4653
15589,7.6080
15650,38.8200
15590,7.6636
15651,38.8283
15591,8.3689
15592,7.6439
15652,39.1582
15653,38.3159
15593,10.4473
15594,8.0032
15654,37.7756
15655,37.7676
15595,7.6953
15656,38.2447
15596,7.9040
15657,38.6392
15597,8.8795
15658,38.7999
15598,8.2888
15599,7.6935
15659,39.1199
15600,7.5959
15660,37.9941
15601,7.7141
15661,37.6027
15602,8.1578
15662,39.0951
15663,38.1833
15603,8.3229
15664,39.1539
15604,7.8013
15605,7.6096
15665,38.8657
15666,37.5627
15606,8.4046
15667,37.7656
15607,7.8795
15608,7.7621
15668,38.6213
15609,8.9922
15669,38.8309
15670,37.4441
15610,8.0521
15611,7.9459
15671,39.1573
15672,37.6486
15612,7.8994
15613,7.7961
15673,38.7425
15614,8.0434
15674,37.8592
15675,38.1269
15615,8.1543
15676,37.9020
15616,7.9964
15677,39.2207
15617,8.0711
15618,8.0886
15678,40.0599
15679,39.7721
15619,7.9769
15620,7.8066
15680,39.3490
15621,7.8651
15681,38.3528
15622,8.3754
15682,37.5690
15683,37.6797
15623,8.3852
15624,8.2226
15684,39.2160
15685,38.2284
15625,8.4028
15686,38.5821
15626,7.7817
15687,37.8028
15627,8.1611
15688,38.1981
15628,8.1341
15689,39.0542
15629,8.0111
15690,38.7207
15630,8.1866
15691,37.9833
15631,8.1988
15632,8.0360
15692,38.8776
15693,37.7740
15633,8.2746
15694,38.1821
15634,7.9869
15695,39.4841
15635,7.9456
15636,8.0126
15696,38.8686
15697,37.7790
15637,7.9086
15638,8.1682
15698,38.5569
15699,37.8708
15639,8.4196
15700,38.6417
15640,7.8550
15641,7.7753
15701,38.7037
15642,8.2899
15702,38.1035
15703,37.9020
15643,8.4277
15704,38.7054
15644,7.9453
15705,38.4587
15645,8.4457
15706,38.3975
15646,8.3161
15647,7.8824
15707,39.2321
15708,37.5680
15648,8.3453
15709,38.3439
15649,8.0639
15710,39.2481
15650,7.8223
15711,37.9426
15651,8.2312
15712,37.8999
15652,8.9298
15713,38.5320
15653,8.2362
15654,7.8398
15714,39.1537
15655,7.8164
15715,38.4935
15716,37.5547
15656,8.3063
15717,37.8095
15657,8.1426
15658,7.8306
15718,38.7478
15719,37.9464
15659,8.7713
15720,38.1977
15660,7.9838
15661,7.7891
15721,39.1308
15662,7.6892
15722,38.1405
15663,8.9449
15723,37.3580
15724,37.5111
15664,8.1358
15665,7.8936
15725,39.6080
15726,38.5822
15666,8.1917
15727,38.2834
15667,7.8360
15668,7.9515
15728,38.6126
15729,37.7558
15669,7.7881
15730,38.0162
15670,9.1220
15731,39.3779
15671,8.2139
15672,7.7592
15732,39.6507
15673,8.0176
15733,38.1651
15734,37.6437
15674,7.8166
15675,8.2731
15735,38.6483
15736,38.1219
15676,8.1649
15737,39.1408
15677,8.5915
15738,38.2804
15678,8.2348
15679,7.8121
15739,38.9978
15680,7.9737
15740,38.1466
15741,38.0345
15681,7.9138
15742,38.4467
15682,7.8240
15743,37.6430
15683,8.6246
15744,38.3557
15684,8.9072
15745,39.1193
15685,8.0206
15686,7.7682
15746,39.4376
15747,37.6848
15687,8.2705
15748,38.4775
15688,7.9566
15689,7.9784
15749,38.1145
15750,37.8030
15690,8.6817
15751,38.3929
15691,8.6410
15752,39.4705
15692,8.0751
15693,7.6940
15753,39.0024
15694,7.7447
15754,38.0249
15755,37.2978
15695,7.9258
15696,8.0463
15756,38.1210
15757,37.6416
15697,8.1658
15758,39.1232
15698,7.7841
15759,38.0972
15699,7.9112
15760,38.9783
15700,8.0528
15761,37.4399
15701,7.8842
15702,7.7737
15762,39.0441
15703,8.1579
15763,37.5112
15764,37.6798
15704,8.7253
15765,38.6387
15705,8.1688
15706,7.8175
15766,38.7138
15707,8.5180
15767,37.4059
15768,37.4782
15708,8.1821
15709,7.8269
15769,39.3283
15770,38.1130
15710,8.3231
15771,38.2806
15711,8.2494
15772,39.1768
15712,7.7066
15773,37.9884
15713,7.9389
15774,37.9985
15714,8.7679
15775,38.7334
15715,8.2662
15716,7.8922
15776,39.3271
15717,8.7861
15777,38.4411
15778,37.7823
15718,8.1348
15719,7.6660
15779,38.6603
15780,37.9894
15720,7.8892
15781,38.1373
15721,8.4049
15782,39.3593
15722,7.9178
15783,38.0288
15723,8.0336
15784,38.7152
15724,8.6462
15785,38.4624
15725,8.4139
15726,7.7348
15786,39.7785
15727,7.9565
15787,38.4139
15788,37.3920
15728,7.8962
15789,37.9801
15729,7.6971
15790,37.7962
15730,8.1192
15791,37.9311
15731,8.2954
15792,38.7461
15732,8.2614
15733,7.7026
15793,39.0993
15734,7.8587
15794,37.8277
15795,37.8305
15735,8.3017
15796,37.5743
15736,8.0621
15797,38.7905
15737,8.0497
15798,37.5628
15738,8.2633
15799,39.1722
15739,7.9737
15740,8.2623
15800,39.5063
15801,38.2945
15741,8.1323
15802,38.4573
15742,7.9626
15803,38.0402
15743,8.5769
15804,38.1899
15744,8.2644
15745,8.6698
15805,39.1953
15806,38.7358
15746,7.8253
15747,7.8141
15807,38.3344
15808,38.3855
15748,8.7345
15809,37.0930
15749,8.2679
15750,7.9127
15810,38.7752
15811,37.5391
15751,7.8327
15812,38.2570
15752,8.8697
15813,37.8045
15753,8.2481
15754,7.9329
15814,39.1225
15755,8.1799
15815,38.6587
15816,38.9443
15756,8.0944
15817,38.3927
15757,7.8036
15758,7.9875
15818,38.7460
15819,37.3349
15759,8.0510
15820,37.9565
15760,7.9402
15821,38.5100
15761,8.2078
15822,38.5370
15762,7.8792
15823,38.4390
15763,8.1597
15824,37.7182
15764,8.1585
15825,38.7948
15765,7.8102
15766,8.0174
15826,39.0184
15827,37.9660
15767,9.0959
15828,38.7477
15768,8.2541
15769,8.2370
15829,39.4056
15830,38.3123
15770,7.7645
15771,7.8083
15831,37.9147
15772,9.1185
15832,38.4018
15833,37.9314
15773,7.8694
15774,7.8818
15834,39.7914
15835,38.0202
15775,7.7680
15836,38.4602
15776,8.1228
15837,38.1423
15777,7.8437
15778,7.9428
15838,39.1809
15839,37.4960
15779,8.3482
15840,40.2654
15780,7.8439
15781,7.9948
15841,38.2111
15842,37.7487
15782,8.1209
15843,39.7167
15783,8.0077
15844,37.7801
15784,7.8267
15785,7.7616
15845,38.5010
15846,37.9355
15786,8.2758
15847,38.4161
15787,7.9549
15848,39.0635
15788,8.7305
15849,39.7602
15789,8.9826
15790,8.2794
15850,39.0547
15791,7.6998
15851,38.0343
15792,8.0229
15852,37.6850
15853,38.2590
15793,8.2977
15854,38.8046
15794,7.9097
15795,8.7083
15855,39.5932
15856,38.4896
15796,8.2474
15857,39.0855
15797,8.2587
15858,38.1612
15798,7.7423
15799,7.6290
15859,39.3784
15800,8.2334
15860,37.5326
15861,37.6022
15801,7.9345
15862,38.4579
15802,8.2893
15863,38.1414
15803,7.8237
15804,8.3070
15864,38.7002
15865,38.2183
15805,7.9903
15866,38.2987
15806,8.0608
15867,38.3369
15807,7.8491
15808,7.7234
15868,39.3687
15869,37.8421
15809,8.3052
15870,38.8858
15810,8.0125
15811,7.8242
15871,38.8424
15812,8.1422
15872,38.2683
15873,38.3808
15813,8.6579
15874,39.2450
15814,8.2851
15815,7.6821
15875,38.9586
15816,8.5925
15876,37.9020
15877,38.1241
15817,8.2951
15818,7.7658
15878,39.0418
15819,8.4780
15879,38.0725
15880,37.4914
15820,8.2803
15881,38.5668
15821,7.9005
15822,7.8333
15882,39.5790
15823,8.5813
15883,38.5150
15884,38.2308
15824,7.8826
15825,7.6910
15885,39.2914
15826,8.0293
15886,37.3490
15887,37.7257
15827,8.7257
15888,38.5901
15828,7.8854
15829,7.7670
15889,39.8560
15830,8.2695
15890,38.5769
15891,38.3693
15831,8.0657
15832,7.6910
15892,38.0170
15893,37.6278
15833,8.5357
15894,37.9539
15834,7.9909
15835,7.7332
15895,41.8003
15836,8.3578
15896,37.9200
15897,38.2180
15837,7.7643
15838,7.6938
15898,37.8748
15899,38.3051
15839,8.1028
15840,7.9584
15900,38.0716
15901,37.6592
15841,8.3747
15902,38.1834
15842,8.6754
15843,8.2742
15903,40.7826
15844,7.7369
15904,39.5664
15845,7.7587
15905,38.2905
15846,8.2355
15906,38.7138
15907,38.2432
15847,8.6467
15908,39.8584
15848,8.1908
15849,7.7377
15909,40.8218
15850,7.7486
15910,40.0556
15851,8.6057
15911,37.7354
15912,37.9439
15852,7.8432
15853,8.6541
15913,39.8695
15914,39.2546
15854,7.8626
15855,7.6980
15915,39.5359
15856,7.7981
15916,38.9357
15857,8.2044
15917,38.4671
15918,38.8086
15858,8.0562
15859,8.0822
15919,40.2079
15860,7.7354
15920,39.1420
15861,8.2338
15921,38.7760
15922,38.4645
15862,7.6649
15863,8.7198
15923,38.6641
15924,39.8945
15864,8.1790
15865,7.7140
15925,40.5102
15866,7.5746
15926,39.5988
15867,8.0009
15927,38.0315
15868,8.2479
15928,37.9774
15929,38.2914
15869,7.7797
15930,39.5326
15870,7.9677
15931,39.8995
15871,7.6102
15872,8.0038
15932,39.3251
15933,37.7151
15873,7.8258
15874,7.5548
15934,39.7694
15875,8.5451
15935,38.5416
15936,37.9114
15876,8.1321
15877,8.1731
15937,40.5580
15938,39.3469
15878,7.6721
15879,7.8148
15939,39.1291
15940,38.0280
15880,7.8688
15881,8.1969
15941,38.1304
15942,38.0087
15882,8.2873
15943,40.0018
15883,7.8795
15944,38.4799
15884,7.8543
15945,38.8840
15885,7.8417
15946,38.9652
15886,8.2939
15947,39.7981
15887,7.6217
15948,38.9451
15888,8.3790
15949,38.0254
15889,8.1558
15890,7.6418
15950,40.1616
15891,7.8939
15951,39.8837
15892,8.1179
15952,39.1632
15953,38.9514
15893,8.0400
15954,37.9480
15894,7.7885
15895,8.3211
15955,39.9709
15956,37.9114
15896,8.1645
15957,38.3479
15897,8.0042
15898,7.8403
15958,39.7612
15899,8.0233
15959,39.7259
15960,37.4369
15900,7.9020
15961,39.2249
15901,7.9336
15902,7.9178
15962,39.7085
15963,39.2255
15903,8.2676
15964,39.5497
15904,7.8487
15965,39.3189
15905,7.8494
15906,8.5260
15966,42.3802
15967,38.1133
15907,8.1692
15968,37.9930
15908,8.1165
15909,7.6355
15969,42.6200
15910,8.5609
15970,40.4611
15971,37.8981
15911,7.8726
15912,7.7896
15972,39.0714
15913,8.3651
15973,39.5569
15914,7.8042
15974,39.7038
15915,7.7590
15975,39.8046
15916,8.1039
15976,37.6918
15977,37.7519
15917,7.8376
15918,8.3371
15978,38.7079
15979,39.8677
15919,8.0399
15920,7.9197
15980,40.0356
15921,7.8239
15981,39.0234
15922,8.0689
15982,39.0567
15983,38.3231
15923,7.8542
15924,8.9391
15984,39.9383
15985,40.3221
15925,8.1647
15926,7.7030
15986,39.9722
15927,7.7602
15987,39.6358
15928,8.3183
15988,37.9583
15929,8.1277
15989,38.0101
15990,38.3609
15930,8.2923
15991,40.5018
15931,8.2180
15992,39.9858
15932,7.8164
15933,7.9549
15993,39.0083
15934,7.6833
15994,41.2056
15935,7.9003
15995,38.6729
15996,37.4690
15936,9.0159
15997,37.8015
15937,7.8963
15938,7.8437
15998,39.2477
15939,7.7530
15999,38.6965
15940,7.9846
16000,38.3623
16001,38.3297
15941,7.7048
16002,38.4520
15942,8.8028
16003,38.8331
15943,8.1229
15944,8.2594
16004,40.5873
15945,7.6900
16005,39.9849
15946,7.8547
16006,39.1536
15947,8.6550
16007,38.9713
16008,37.6472
15948,7.8716
15949,8.2112
16009,39.6582
16010,38.5009
15950,7.9004
15951,8.5398
16011,38.9560
16012,38.5393
15952,7.9061
15953,8.0318
16013,39.4764
15954,7.8722
16014,39.5819
16015,37.9270
15955,7.7268
15956,8.2559
16016,38.4951
16017,38.6233
15957,7.9711
15958,8.8077
16018,39.2999
16019,37.9789
15959,7.8666
15960,7.6765
16020,40.3945
15961,8.1202
16021,40.8702
15962,7.8255
16022,38.9047
15963,8.9962
16023,38.1070
16024,37.9969
15964,8.1536
15965,7.6634
16025,38.8009
15966,7.7093
16026,37.7276
15967,8.2510
16027,38.0211
16028,38.2400
15968,7.8469
15969,8.6882
16029,38.8120
16030,38.1914
15970,8.1155
15971,7.6075
16031,40.6289
15972,7.6079
16032,40.3228
15973,7.6465
16033,38.9292
15974,7.5844
16034,39.2544
15975,8.8765
16035,38.5841
16036,38.3896
15976,7.8875
15977,7.7436
16037,39.9807
15978,7.7882
16038,40.1161
15979,8.3492
16039,39.4818
15980,7.9364
16040,40.3770
15981,8.9784
16041,39.2849
15982,7.7984
16042,40.5981
15983,7.7518
16043,40.4531
15984,8.8876
16044,38.8844
15985,7.7052
16045,40.4248
15986,7.9002
16046,38.7866
15987,8.1441
16047,38.1677
16048,37.6014
15988,8.0084
15989,8.2209
16049,38.6977
15990,7.8594
16050,39.1054
16051,37.6112
15991,8.0831
15992,7.7399
16052,39.1847
15993,8.1818
16053,38.9933
15994,7.8756
16054,39.4522
16055,38.8242
15995,11.3423
15996,7.7859
16056,40.5332
16057,38.8758
15997,8.0668
15998,7.9863
16058,39.1900
16059,38.5213
15999,7.9571
16000,8.5172
16060,40.8363
16001,7.5068
16061,39.9944
16002,9.0214
16062,38.9170
16003,7.4901
16063,39.1195
16064,38.7163
16004,9.1071
16065,38.4515
16005,7.5882
16066,38.4587
16006,7.5927
16007,7.3675
16067,39.3510
16008,7.6049
16068,38.8157
16009,7.5606
16069,39.0903
16010,7.9434
16070,39.7929
16071,39.2779
16011,7.5794
16072,39.3582
16012,8.3806
16073,39.6648
16013,7.8933
16014,7.4673
16074,40.9058
16015,8.0048
16075,39.1411
16076,38.2103
16016,8.6680
16017,8.7183
16077,40.1096
16018,7.9534
16078,39.7595
16079,38.0650
16019,7.9161
16020,7.4564
16080,39.6697
16021,7.7757
16081,39.0574
16082,38.0639
16022,8.1172
16083,39.6132
16023,8.0612
16024,7.6147
16084,39.6071
16085,39.4311
16025,8.4970
16086,38.2513
16026,8.0689
16027,7.9233
16087,41.0040
16028,8.1988
16088,39.3680
16089,39.3388
16029,7.5647
16030,8.3958
16090,39.6542
16031,8.4957
16091,39.5920
16092,39.2242
16032,9.5010
16033,7.5737
16093,41.5651
16034,7.2855
16094,40.6536
16035,7.5246
16095,38.0190
16036,7.6418
16096,38.8279
16097,39.0894
16037,7.5132
16098,39.3723
16038,7.8008
16099,39.6380
16039,7.5689
16040,7.7540
16100,39.2800
16101,39.1789
16041,7.9822
16102,40.3143
16042,7.5906
16043,7.7641
16103,39.8913
16104,39.5559
16044,7.7483
16105,38.6349
16045,7.7252
16106,38.8040
16046,9.3290
16107,40.1290
16047,8.6956
16048,9.0226
16108,40.1695
16049,8.8645
16109,40.9025
16050,8.7602
16110,39.8626
16051,8.8316
16111,38.5682
16052,9.0920
16112,39.1695
16113,39.7593
16053,8.6044
16054,9.0592
16114,39.9370
16055,8.9796
16115,40.0533
16056,8.7799
16116,39.1805
16117,38.3529
16057,8.8880
16058,9.0143
16118,40.3251
16119,39.3767
16059,8.9394
16120,39.9574
16060,8.8771
16061,8.8043
16121,41.1690
16062,9.2218
16122,39.2658
16123,38.7464
16063,8.7108
16064,8.9922
16124,38.9838
16125,38.9310
16065,8.4263
16066,8.6885
16126,39.9434
16067,8.8405
16127,40.0204
16068,9.0645
16128,38.5643
16129,38.1792
16069,8.4058
16070,8.8281
16130,40.6925
16131,38.5546
16071,9.0462
16132,39.2258
16072,8.9410
16133,39.2980
16073,8.7474
16074,8.6811
16134,40.7360
16075,8.9567
16135,39.4042
16136,39.0091
16076,8.8316
16137,39.2250
16077,8.7168
16138,39.4026
16078,8.5599
16079,8.9957
16139,39.2768
16140,39.3926
16080,8.3866
16081,8.8308
16141,40.8381
16142,41.3021
16082,8.8642
16083,8.7328
16143,39.0271
16144,38.7647
16084,8.6179
16085,8.6206
16145,39.7975
16086,8.9523
16146,39.4561
16147,39.3707
16087,8.5637
16088,8.8764
16148,40.0898
16149,39.5114
16089,8.5650
16090,8.6850
16150,39.6184
16151,38.4894
16091,8.8987
16152,38.4376
16092,8.8336
16153,39.2823
16093,8.7032
16094,8.8228
16154,39.3343
16095,9.3607
16155,38.4198
16156,38.1284
16096,8.3246
16097,8.6879
16157,39.2010
16098,8.8447
16158,38.7526
16159,38.7989
16099,8.6858
16100,8.6669
16160,39.5280
16101,8.8965
16161,41.3457
16162,38.4903
16102,8.9754
16163,38.6707
16103,8.2314
16104,8.8311
16164,40.3816
16105,9.2614
16165,41.2884
16166,39.3250
16106,8.7606
16107,8.6391
16167,38.5494
16108,8.8760
16168,38.6334
16169,37.9454
16109,8.6386
16110,8.5311
16170,39.1387
16111,8.9989
16171,37.8096
16172,39.3465
16112,8.5296
16173,39.3080
16113,8.6501
16114,8.7054
16174,39.3963
16175,39.1658
16115,9.0037
16176,38.8225
16116,8.7251
16117,8.6351
16177,41.2522
16118,9.0217
16178,39.1287
16179,38.8002
16119,8.5910
16180,38.6126
16120,8.6330
16121,8.9252
16181,38.5178
16182,38.5961
16122,8.6524
16123,9.0292
16183,40.3705
16184,40.0000
16124,8.9206
16125,8.6970
16185,39.3311
16126,8.8180
16186,38.9039
16127,9.0555
16187,39.1611
16188,38.3764
16128,8.8556
16189,39.2994
16129,8.4805
16130,8.6915
16190,39.3929
16131,8.5941
16191,38.4981
16132,8.4574
16192,38.3627
16193,37.9355
16133,8.6644
16194,39.7265
16134,9.7347
16195,38.4282
16135,7.6964
16136,8.9118
16196,39.3561
16197,39.0642
16137,8.5201
16138,8.6464
16198,38.8980
16199,38.0561
16139,8.8225
16140,8.8296
16200,39.6511
16201,38.1342
16141,8.8083
16202,39.3146
16142,8.4999
16143,8.5066
16203,39.1198
16144,8.8131
16204,38.4812
16205,38.6726
16145,8.9241
16206,39.1964
16146,9.0908
16207,38.3387
16147,8.7873
16208,40.9595
16148,9.2785
16209,39.7268
16149,8.8562
16150,8.6773
16210,40.0812
16151,8.6187
16211,38.3488
16152,8.9153
16212,38.8785
16213,38.6776
16153,9.0544
16214,38.8498
16154,8.4931
16215,39.1311
16155,9.0410
16156,8.5940
16216,39.8316
16157,8.5869
16217,38.6762
16158,8.7943
16218,37.9114
16219,39.2826
16159,8.8633
16220,38.8706
16160,9.5271
16221,39.7107
16161,8.2032
16162,8.7768
16222,39.7701
16163,8.6281
16223,38.6667
16164,8.7693
16224,38.5145
16225,38.4298
16165,8.8228
16226,38.6686
16166,8.7891
16227,39.6933
16167,8.9790
16228,39.1297
16168,8.5063
16169,8.7053
16229,38.5836
16170,8.7413
16230,38.2892
16231,38.0294
16171,8.7036
16232,38.7400
16172,8.6792
16173,9.0979
16233,38.8357
16234,38.5102
16174,8.5273
16235,38.9197
16175,8.8198
16176,8.7988
16236,40.0365
16237,38.3310
16177,8.9210
16238,39.1677
16178,8.6421
16239,39.1449
16179,8.7126
16180,8.6814
16240,39.4442
16241,38.0028
16181,8.6967
16242,39.9852
16182,8.5791
16183,8.5333
16243,39.9034
16244,38.7745
16184,8.7405
16245,39.1530
16185,9.6566
16246,38.8566
16186,7.8227
16187,8.5923
16247,40.1223
16188,9.3003
16248,39.0731
16249,38.7339
16189,8.2899
16250,40.2588
16190,8.7828
16191,8.7388
16251,39.0611
16252,38.6322
16192,9.1157
16253,39.3751
16193,9.0255
16254,39.8146
16194,8.6230
16195,8.6778
16255,39.7189
16196,8.9692
16256,39.1696
16257,38.3631
16197,8.7141
16258,39.2015
16198,8.7069
16259,39.0888
16199,8.9485
16260,38.6118
16200,8.6813
16261,41.2028
16201,9.1391
16262,39.4247
16202,8.6382
16203,8.6928
16263,40.5687
16204,8.8991
16264,37.7787
16265,38.7689
16205,8.6521
16266,39.0376
16206,8.9685
16267,39.1744
16207,9.0798
16268,38.6440
16208,8.2086
16269,40.0361
16209,8.6228
16210,8.7185
16270,39.8599
16271,38.4190
16211,8.7699
16272,38.1607
16212,8.5590
16273,39.0080
16213,8.7708
16274,38.8610
16214,8.8460
16275,40.3203
16215,9.3281
16276,39.3105
16216,8.5288
16217,8.7448
16277,39.5438
16278,39.4213
16218,9.1213
16279,38.8741
16219,8.4529
16220,8.9892
16280,38.8168
16281,39.3808
16221,8.5671
16282,39.4130
16222,8.8291
16283,38.8449
16223,8.9857
16224,8.9374
16284,39.5393
16285,38.2957
16225,8.4315
16286,38.3713
16226,9.4040
16287,38.8238
16227,8.6234
16288,39.3293
16228,9.0712
16289,39.6642
16229,8.5502
16230,8.6403
16290,39.9911
16231,8.6783
16291,38.8965
16232,8.9318
16292,38.2555
16293,38.2330
16233,8.7106
16294,38.6257
16234,9.6379
16295,40.4548
16235,8.5267
16296,39.6387
16236,8.7897
16237,8.5849
16297,39.3864
16298,38.1120
16238,8.8526
16299,39.1685
16239,8.5257
16240,8.6603
16300,40.1630
16241,8.9663
16301,39.9043
16302,38.4172
16242,8.4621
16243,8.6669
16303,39.3948
16244,8.7600
16304,38.3769
16305,38.9602
16245,9.1776
16306,39.8855
16246,8.2082
16247,8.5108
16307,39.5444
16248,9.0170
16308,39.2990
16309,38.8485
16249,8.2824
16250,8.5319
16310,39.2856
16251,8.7951
16311,38.6089
16312,38.4026
16252,8.9245
16313,38.7387
16253,8.2684
16254,8.6639
16314,40.2469
16315,38.9066
16255,9.0248
16316,38.7447
16256,8.6251
16257,8.8133
16317,39.1399
16258,8.7227
16318,39.2080
16319,37.9508
16259,8.7403
16320,38.4476
16260,8.3949
16261,8.7562
16321,39.8643
16322,39.5204
16262,9.0242
16323,39.5504
16263,8.6471
16324,38.8358
16264,8.7991
16265,8.7040
16325,39.4537
16326,39.0252
16266,9.1086
16327,38.9974
16267,8.9551
16328,38.6571
16268,8.3571
16269,8.5691
16329,39.2761
16330,38.7159
16270,8.6575
16331,38.9482
16271,8.8269
16272,8.7020
16332,40.3721
16333,38.0314
16273,9.5019
16334,38.7935
16274,7.4022
16335,39.7423
16275,8.8630
16276,8.5080
16336,39.3981
16337,38.3195
16277,8.5028
16278,8.4243
16338,39.5030
16339,38.1154
16279,9.0400
16340,39.0081
16280,8.5583
16281,8.7158
16341,40.2195
16342,38.7711
16282,8.9320
16343,39.6038
16283,8.3843
16284,8.4890
16344,38.8105
16285,8.5023
16345,40.4358
16346,38.7396
16286,9.0998
16347,38.7903
16287,8.2727
16288,8.5134
16348,39.5903
16289,8.8102
16349,38.8219
16350,38.7217
16290,8.3278
16351,38.8887
16291,8.7844
16292,8.7352
16352,39.5202
16293,8.7493
16353,38.9286
16354,38.8686
16294,8.8690
16355,38.3945
16295,8.2554
16296,8.8752
16356,39.6528
16357,39.0257
16297,8.4835
16298,8.5478
16358,38.9425
16299,8.9969
16359,38.2251
16360,38.2029
16300,8.4209
16301,8.9446
16361,39.6948
16362,38.2503
16302,8.1012
16303,8.6447
16363,39.5982
16304,8.6307
16364,39.3377
16365,38.2311
16305,8.7708
16366,38.2027
16306,9.1857
16367,40.0834
16307,8.4795
16368,39.9199
16308,9.0478
16369,39.3557
16309,8.0609
16310,8.4623
16370,39.8847
16311,8.4853
16371,38.6188
16312,8.3404
16372,38.1424
16373,38.3257
16313,8.6202
16374,39.0436
16314,9.0758
16375,39.3628
16315,8.2401
16316,8.4659
16376,39.5076
16317,8.7415
16377,39.8285
16378,39.2602
16318,8.4440
16379,38.9161
16319,8.5912
16380,38.6652
16320,8.6350
16381,38.3149
16321,8.9332
16382,38.3161
16322,8.6401
16323,8.8858
16383,39.8240
16384,38.1503
16324,8.7140
16385,38.6948
16325,8.7945
16386,39.3273
16326,8.6988
16327,8.5456
16387,38.9980
16388,38.1435
16328,9.3768
16389,39.3259
16329,8.2313
16330,8.6070
16390,40.7109
16331,8.5878
16391,39.2271
16392,37.6277
16332,8.2649
16333,8.7075
16393,38.7254
16394,39.0203
16334,8.8490
16395,39.3921
16335,9.1889
16396,38.9260
16336,7.8542
16337,8.5362
16397,39.6390
16338,8.4768
16398,39.2190
16339,8.4262
16399,37.9965
16340,8.9399
16400,38.2721
16401,37.5183
16341,8.0688
16402,39.3197
16342,8.8323
16403,39.5158
16343,8.4818
16404,38.7283
16344,8.7459
16405,39.0171
16345,8.8527
16406,38.7823
16346,8.2267
16407,39.0436
16347,8.5894
16348,8.6596
16408,39.2425
16409,38.5293
16349,8.4401
16410,39.4580
16350,8.8130
16411,39.7624
16351,8.5108
16412,38.5034
16352,8.7142
16413,38.5992
16353,8.3168
16414,38.5560
16354,8.8855
16415,40.0181
16355,8.6347
16416,39.8132
16356,8.5770
16417,38.4850
16357,8.4645
16358,8.7492
16418,39.6720
16419,39.2097
16359,8.6756
16360,8.5799
16420,38.5843
16421,38.4541
16361,8.7176
16362,8.7795
16422,39.3698
16423,39.3295
16363,9.4042
16424,38.3380
16364,7.6990
16365,8.3600
16425,39.7969
16366,8.5350
16426,38.2675
16367,8.4163
16427,38.5020
16368,8.8809
16428,37.6717
16429,38.8743
16369,8.3836
16430,38.6755
16370,8.7914
16431,39.6187
16371,8.4219
16372,8.4525
16432,39.7272
16373,8.4301
16433,38.9667
16374,8.5266
16434,38.4427
16375,8.6222
16435,38.9333
16436,38.5586
16376,8.9098
16437,38.6657
16377,8.2035
16378,8.7239
16438,40.8962
16379,8.5926
16439,39.5526
16380,8.4474
16440,39.9242
16381,8.3837
16441,39.1159
16382,8.8954
16442,38.5399
16443,38.8374
16383,8.5865
16384,8.5385
16444,39.6458
16385,8.6433
16445,38.2013
16446,39.2835
16386,8.5938
16447,38.8412
16387,8.4179
16388,8.8512
16448,39.0512
16449,38.2114
16389,8.0229
16390,8.5216
16450,38.6004
16391,8.8288
16451,38.4694
16452,38.6176
16392,8.6268
16453,38.8306
16393,8.6628
16454,38.7142
16394,8.4838
16455,38.4744
16395,8.9805
16456,38.7211
16396,8.5185
16397,8.7132
16457,39.6845
16458,38.9966
16398,8.5593
16459,38.2017
16399,8.9309
16460,38.4648
16400,8.4960
16461,38.7236
16401,9.0852
16462,38.5944
16402,8.7293
16463,40.5541
16403,8.6603
16404,8.5803
16464,39.2964
16465,38.2533
16405,8.3123
16406,8.4295
16466,38.7597
16467,38.6140
16407,8.6897
16468,39.2215
16408,8.6487
16469,38.5722
16409,8.5783
16470,39.4814
16410,8.8370
16471,39.4258
16411,8.3640
16412,8.5614
16472,39.9429
16413,8.5583
16473,38.1846
16414,8.6109
16474,39.9741
16475,39.0734
16415,8.5247
16476,39.3387
16416,8.9801
16477,38.9618
16417,9.3350
16478,39.6334
16418,8.5704
16479,39.9181
16419,8.4034
16420,8.3856
16480,39.6568
16481,38.3505
16421,8.5685
16482,37.8530
16422,8.4326
16483,38.3831
16423,8.8420
16484,38.5816
16424,8.5872
16485,39.5968
16425,8.8376
16486,39.3867
16426,8.5783
16427,8.6142
16487,39.5067
16488,37.9757
16428,8.6930
16489,37.7163
16429,8.5795
16490,38.7075
16430,7.9746
16491,39.2187
16431,8.9633
16492,39.4079
16432,8.3216
16493,38.9075
16433,8.7757
16494,38.7948
16434,8.4524
16495,39.2232
16435,8.8861
16496,38.0475
16436,8.7672
16497,38.7652
16437,8.5924
16438,8.5151
16498,40.1397
16499,39.2070
16439,8.5677
16500,38.9762
16440,8.4304
16501,39.2070
16441,8.6822
16502,39.2947
16442,8.7658
16443,8.5457
16503,39.4087
16504,38.4155
16444,8.6583
16505,39.6178
16445,8.7183
16506,39.1260
16446,8.4845
16507,39.4560
16447,8.3415
16508,39.3454
16448,8.7085
16509,39.2987
16449,8.5234
16510,40.6817
16450,8.4160
16511,39.8584
16451,8.5939
16512,38.4897
16452,8.3277
16513,38.4862
16453,8.7967
16514,38.9675
16454,8.5014
16455,8.6665
16515,38.9966
16516,38.7127
16456,8.7674
16517,39.6291
16457,8.3822
16458,8.3609
16518,39.4873
16519,37.9028
16459,8.3402
16520,38.6292
16460,8.3683
16521,39.3190
16461,8.6299
16522,38.9095
16462,8.3678
16523,39.1207
16463,8.6704
16524,38.6058
16464,8.4792
16525,38.7187
16465,8.6254
16466,8.9256
16526,39.4923
16527,38.0106
16467,7.9910
16528,38.7624
16468,8.6210
16529,38.6872
16469,8.5116
16530,39.3013
16470,8.9386
16531,39.2498
16471,8.3326
16532,38.7249
16472,8.5705
16533,38.8420
16473,8.7245
16534,38.7290
16474,8.3794
16535,39.0854
16475,8.6239
16536,39.6793
16476,8.6615
16537,38.9147
16477,8.9066
16538,38.5271
16478,8.0934
16539,40.1206
16479,8.5699
16480,8.4239
16540,39.9006
16541,37.9224
16481,8.9552
16542,38.7125
16482,8.3613
16483,8.6379
16543,40.1932
16484,8.9530
16544,38.8560
16545,38.0597
16485,9.0495
16546,39.6222
16486,8.4815
16487,8.4054
16547,40.0216
16548,38.5290
16488,8.6467
16549,39.2950
16489,8.7074
16550,39.9012
16490,8.8184
16551,39.3282
16491,8.7662
16492,8.7637
16552,39.4378
16553,38.4350
16493,8.8630
16554,39.3266
16494,8.1279
16495,8.5631
16555,39.9626
16556,38.4733
16496,8.5125
16497,8.7375
16557,39.1815
16558,37.9458
16498,8.6302
16559,38.4658
16499,8.4352
16560,39.6017
16500,8.8286
16561,38.6946
16501,8.6176
16562,38.3755
16502,8.5750
16563,39.1490
16503,8.6305
16564,39.3188
16504,8.5311
16505,8.9219
16565,39.4975
16566,38.9225
16506,8.5554
16567,40.0510
16507,8.5426
16508,8.7993
16568,39.5523
16569,37.9711
16509,8.3750
16570,39.7539
16510,8.6953
16571,39.4192
16511,8.3380
16572,38.9321
16512,8.3735
16573,38.3307
16513,8.7169
16574,38.7805
16514,8.4647
16575,40.3873
16515,8.7047
16576,39.1081
16516,8.8059
16577,38.6549
16517,8.1911
16578,39.4159
16518,8.8122
16579,38.1383
16519,8.0451
16580,38.8739
16520,8.7116
16581,39.8939
16521,8.4529
16582,39.3384
16522,8.7533
16583,39.2450
16523,8.5865
16584,39.5480
16524,8.7139
16585,39.3078
16525,8.6878
16586,38.7133
16526,8.2347
16587,40.3169
16527,8.8565
16588,39.0450
16528,8.4480
16589,38.3157
16529,8.4997
16590,38.8560
16530,8.5271
16591,38.6942
16531,8.4094
16592,38.8044
16532,8.3237
16593,38.5921
16533,8.5365
16594,38.7279
16534,8.5840
16595,39.5873
16535,8.6757
16596,38.9318
16536,8.4448
16597,39.4636
16537,8.7735
16598,39.0517
16538,8.4405
16539,8.5100
16599,40.8993
16540,8.5902
16600,39.3303
16601,38.2131
16541,8.5727
16602,39.5196
16542,8.4606
16603,38.8600
16543,8.5089
16544,8.4625
16604,40.3532
16605,37.7721
16545,8.8602
16606,39.5126
16546,8.5065
16607,39.3222
16547,8.7831
16608,38.6096
16548,8.3411
16549,8.4106
16609,40.1474
16610,39.7061
16550,8.8564
16611,38.8722
16551,8.5599
16612,38.6526
16552,8.6857
16613,38.3893
16553,8.4171
16614,39.3768
16554,8.6844
16615,39.3853
16555,8.6521
16616,38.6725
16556,8.3957
16617,39.7115
16557,8.5966
16618,39.5777
16558,8.2885
16619,40.5528
16559,8.6149
16620,39.0869
16560,8.9459
16621,38.4192
16561,8.2425
16562,9.0420
16622,40.1734
16623,38.0779
16563,7.5651
16564,8.5304
16624,40.2439
16625,38.6565
16565,8.4886
16626,39.7808
16566,8.8224
16627,40.0446
16567,8.6683
16628,40.1100
16568,8.7246
16629,38.3154
16569,8.4168
16570,8.7125
16630,39.4439
16631,38.7271
16571,8.7506
16632,39.2726
16572,8.6902
16633,38.6538
16573,8.2152
16634,39.7988
16574,8.2928
16575,8.3773
16635,40.0551
16636,38.2567
16576,8.3525
16637,38.5841
16577,8.2397
16638,38.9677
16578,8.2847
16639,40.3888
16579,8.2389
16580,8.5191
16640,39.1590
16641,37.9884
16581,8.5682
16642,39.4242
16582,8.6682
16643,39.4322
16583,8.9610
16644,38.7115
16584,8.4758
16645,38.5157
16585,8.3515
16646,39.0130
16586,8.3418
16647,38.9969
16587,8.9005
16648,38.0010
16588,8.5994
16649,39.4540
16589,8.1785
16650,38.9312
16590,8.2381
16651,38.2172
16591,8.1839
16652,38.6265
16592,8.5360
16593,8.7484
16653,39.1277
16654,38.3686
16594,7.5985
16655,39.2261
16595,8.4162
16656,38.9447
16596,8.4888
16657,39.4545
16597,8.6521
16658,39.6152
16598,8.3769
16659,39.6663
16599,8.2415
16660,39.5132
16600,8.4853
16661,39.4174
16601,8.5822
16662,39.3466
16602,8.2002
16663,40.0332
16603,8.3242
16604,8.5038
16664,38.4135
16665,39.2344
16605,8.3933
16666,39.5848
16606,8.2664
16667,38.7865
16607,8.2492
16668,38.9808
16608,7.9833
16669,39.3739
16609,7.9197
16610,7.8404
16670,42.3946
16671,38.7829
16611,7.7028
16672,39.1017
16612,7.2910
16613,7.5842
16673,39.9189
16614,8.1883
16674,39.7159
16675,38.2272
16615,7.8765
16676,39.1079
16616,8.1018
16677,39.6005
16617,7.7318
16618,7.9429
16678,39.3069
16679,37.9509
16619,8.0690
16680,39.0381
16620,7.6656
16621,8.1061
16681,39.1549
16682,38.7684
16622,7.6794
16683,39.7320
16623,8.2366
16684,38.7740
16624,7.9979
16685,39.1724
16625,7.6914
16686,39.8007
16626,7.8091
16687,39.6499
16627,7.7177
16688,38.6043
16628,8.2214
16689,38.8215
16629,8.0180
16630,8.1001
16690,40.2405
16691,39.6077
16631,7.8279
16692,38.5202
16632,7.6542
16693,38.9328
16633,7.7462
16694,39.1688
16634,7.9280
16695,38.6739
16635,7.7350
16696,38.9232
16636,8.0657
16697,39.0303
16637,7.8398
16698,39.3111
16638,7.8570
16699,39.5022
16639,7.8659
16700,38.8841
16640,8.1792
16701,37.7792
16641,7.4383
16702,40.1179
16642,8.1597
16703,38.7630
16643,8.0250
16704,39.7289
16644,7.7671
16705,39.0975
16645,8.2377
16706,39.4146
16646,7.6803
16647,8.0260
16707,39.5710
16708,38.3598
16648,7.8293
16709,38.9953
16649,7.6350
16710,40.3804
16650,7.6169
16711,39.1572
16651,8.1440
16712,38.4339
16652,7.6063
16713,39.5818
16653,8.3737
16714,39.0560
16654,8.2450
16715,39.7283
16655,7.9132
16656,7.9716
16716,39.3269
16717,38.5061
16657,7.8748
16718,39.2381
16658,7.9173
16719,38.4182
16659,8.2089
16720,39.7962
16660,7.7434
16721,38.2828
16661,7.9841
16722,40.0637
16662,7.7499
16723,39.6926
16663,7.9914
16724,38.7980
16664,8.0836
16725,39.4169
16665,8.0595
16726,39.8882
16666,7.7800
16727,38.8995
16667,7.9160
16728,39.2501
16668,7.9000
16729,38.8025
16669,7.8066
16730,39.1372
16670,7.8963
16731,39.7095
16671,8.1679
16732,38.4298
16672,7.8915
16733,38.7109
16673,7.9842
16734,39.9335
16674,7.7567
16735,40.2562
16675,8.2055
16736,38.2281
16676,7.8786
16737,39.1693
16677,7.6351
16738,39.3685
16678,8.3421
16739,38.4644
16679,7.2633
16680,8.1349
16740,39.2801
16741,38.4052
16681,7.5393
16742,38.4703
16682,7.9292
16743,39.5617
16683,7.9660
16744,38.7103
16684,7.8241
16745,39.4171
16685,7.7113
16746,39.4834
16686,8.0816
16747,39.0678
16687,7.5993
16688,7.8398
16748,39.1342
16749,38.6517
16689,8.3281
16750,38.3435
16690,7.5902
16751,39.2429
16691,7.6674
16752,38.6690
16692,7.9675
16753,38.4787
16693,7.7867
16754,39.8599
16694,7.9659
16755,40.1668
16695,7.6650
16756,38.7505
16696,8.0244
16757,38.4306
16697,7.7071
16758,40.7439
16698,8.0348
16759,38.4527
16699,7.9929
16760,39.1719
16700,7.7364
16761,39.1196
16701,8.1274
16762,39.0702
16702,7.5812
16703,7.8938
16763,40.0498
16764,38.8151
16704,7.7606
16765,38.5754
16705,7.8155
16766,39.3241
16706,7.7478
16707,7.9839
16767,39.5966
16768,38.4077
16708,7.9864
16769,38.4877
16709,7.7773
16770,39.4440
16710,7.7503
16771,39.2978
16711,7.8013
16772,39.1631
16712,8.1111
16773,39.4299
16713,8.0208
16774,39.8516
16714,8.0248
16775,39.0971
16715,7.7401
16776,38.9473
16716,8.0888
16777,38.9850
16717,8.2600
16718,8.0826
16778,40.4327
16779,39.3466
16719,7.8862
16780,39.0628
16720,8.5664
16781,38.7164
16721,7.7178
16782,39.3917
16722,7.9894
16783,38.8448
16723,8.1910
16784,38.6554
16724,8.0271
16785,40.0458
16725,7.8820
16786,39.2632
16726,8.0671
16787,38.9239
16727,7.7882
16788,39.4721
16728,7.8385
16789,38.8250
16729,8.1991
16790,40.3935
16730,8.1474
16791,39.0431
16731,7.7461
16732,8.1253
16792,39.9157
16793,38.3746
16733,8.0007
16794,38.9416
16734,7.6696
16795,39.1099
16735,7.7366
16736,8.4135
16796,40.7208
16797,39.1745
16737,8.0405
16798,39.8474
16738,8.0353
16799,39.3223
16739,7.9133
16800,40.1340
16740,7.9770
16801,39.7926
16741,7.7702
16802,38.5921
16742,7.8960
16803,38.8262
16743,7.7973
16804,38.9407
16744,7.5425
16805,38.9278
16745,7.7557
16806,38.2089
16746,8.1985
16807,40.0803
16747,7.7886
16808,38.5683
16748,7.8485
16809,38.4529
16749,7.7828
16810,39.1452
16750,7.9245
16811,38.6519
16751,7.7826
16812,38.6582
16752,7.6131
16753,8.1948
16813,40.0578
16814,38.4620
16754,7.5964
16815,39.0701
16755,8.1641
16816,38.7313
16756,7.8482
16817,39.0727
16757,8.1877
16818,38.9933
16758,8.0323
16819,39.8928
16759,8.3601
16820,40.1919
16760,7.5488
16761,8.0899
16821,39.6856
16822,39.1568
16762,7.8793
16823,40.7157
16763,8.1239
16824,38.9185
16764,8.3413
16825,39.1151
16765,7.7090
16766,8.2129
16826,39.2936
16827,38.4579
16767,7.8995
16828,38.9794
16768,7.9858
16829,38.8796
16769,7.8433
16770,7.7611
16830,39.2702
16831,38.1208
16771,8.0203
16832,39.7128
16772,8.1251
16833,38.4925
16773,7.8998
16774,8.1365
16834,40.0771
16835,38.3215
16775,7.6512
16836,39.1287
16776,8.2042
16837,38.6802
16777,7.8831
16838,39.2396
16778,7.9582
16839,38.4594
16779,8.0061
16840,39.2693
16780,7.7196
16841,39.4302
16781,7.9925
16842,37.7080
16782,7.8589
16843,39.0981
16783,7.6233
16844,38.1703
16784,7.7443
16845,38.6646
16785,8.1876
16846,38.4817
16786,7.6209
16847,39.4517
16787,8.1709
16848,38.4554
16788,8.0887
16849,40.0289
16789,8.1604
16850,38.8763
16790,8.0973
16851,39.8626
16791,7.9238
16852,39.0388
16792,7.9725
16853,39.4811
16793,7.9390
16854,39.1602
16794,8.4109
16855,39.2960
16795,7.8240
16856,40.0870
16796,8.3749
16857,39.4262
16797,8.1837
16858,39.2829
16798,8.4298
16859,39.8399
16799,8.1300
16860,39.6941
16800,8.0729
16861,39.1237
16801,8.1450
16862,39.3543
16802,8.2147
16863,39.5171
16803,7.7225
16804,8.2332
16864,39.3562
16865,38.2913
16805,7.6864
16866,39.3667
16806,7.9139
16867,39.5270
16807,7.8333
16868,38.7495
16808,7.8924
16869,39.6185
16809,8.1683
16870,38.4599
16810,7.8247
16871,39.1639
16811,8.0283
16872,38.7350
16812,7.9220
16873,38.8435
16813,8.0741
16874,40.1097
16814,8.1403
16875,38.9226
16815,7.8066
16876,40.2553
16816,8.0713
16877,38.3429
16817,7.6733
16878,38.9461
16818,8.3677
16879,38.7613
16819,7.6967
16880,39.8811
16820,7.9739
16881,39.1363
16821,7.8732
16822,7.9432
16882,39.4563
16883,39.4915
16823,7.7518
16884,38.6670
16824,7.7349
16885,38.1977
16825,7.9974
16886,38.9321
16826,7.9092
16887,38.9614
16827,7.9879
16888,40.6130
16828,7.9347
16889,39.2853
16829,8.2655
16890,38.9566
16830,7.8830
16831,8.0535
16891,40.1998
16892,38.8155
16832,7.7510
16893,38.8515
16833,8.4013
16894,39.0109
16834,7.7469
16835,7.6358
16895,40.2568
16896,38.5689
16836,8.2266
16897,39.1178
16837,8.2069
16898,38.3356
16838,7.5985
16899,38.9573
16839,8.2282
16900,39.3538
16840,8.0126
16901,38.8821
16841,7.6599
16902,39.7916
16842,8.2188
16903,39.2074
16843,8.3301
16904,38.7088
16844,8.1665
16905,39.3153
16845,8.1103
16906,38.8012
16846,7.6921
16907,38.7213
16847,7.7705
16908,39.7745
16848,8.1990
16909,38.7967
16849,7.9370
16910,39.3346
16850,8.2816
16911,38.7235
16851,7.7156
16852,7.7735
16912,39.9130
16913,39.0441
16853,8.0527
16914,39.7133
16854,7.6839
16915,39.3313
16855,7.8846
16916,39.6833
16856,7.7087
16917,38.6830
16857,8.1168
16918,39.1994
16858,8.1998
16919,39.5829
16859,7.5196
16920,39.5315
16860,7.4438
16921,40.3325
16861,7.6795
16922,38.6172
16862,6.9763
16923,39.0799
16863,7.0534
16924,38.6577
16864,6.9929
16925,39.0958
16865,6.6529
16926,38.4950
16866,7.0458
16927,39.4308
16867,7.3858
16928,38.8894
16868,6.9652
16869,7.1036
16929,39.3304
16930,38.9482
16870,6.7596
16931,39.9349
16871,7.0362
16932,38.6079
16872,7.1295
16933,38.6962
16873,7.4080
16934,39.1923
16874,7.3340
16875,6.6532
16935,39.9677
16876,6.8048
16936,40.2090
16937,38.3999
16877,7.1289
16938,39.8623
16878,6.7662
16939,39.8777
16879,7.3603
16940,39.2925
16880,6.9200
16941,38.7314
16881,7.3096
16942,38.8749
16882,7.4551
16943,38.9864
16883,7.1129
16884,7.4152
16944,39.5991
16945,37.9186
16885,6.9767
16886,6.9114
16946,38.7616
16947,38.6363
16887,6.9339
16948,39.3124
16888,6.7605
16949,39.2845
16889,7.0366
16950,38.4892
16890,6.9662
16891,6.7085
16951,39.2489
16952,37.8984
16892,7.1367
16953,39.1468
16893,6.8941
16954,39.5419
16894,6.8378
16895,6.9104
16955,39.5430
16956,39.1865
16896,6.6679
16957,39.0628
16897,7.0322
16958,38.7741
16898,6.8834
16959,39.3439
16899,6.6688
16960,38.8488
16900,7.0358
16961,38.5903
16901,6.9972
16902,6.6162
16962,40.1031
16963,38.5396
16903,6.6693
16964,38.3284
16904,6.8527
16905,7.1354
16965,39.6236
16966,39.1979
16906,7.1723
16967,39.1758
16907,6.9727
16968,39.0567
16908,7.0370
16969,39.8398
16909,6.6038
16970,39.3568
16910,6.8167
16971,38.8364
16911,7.4816
16972,38.9236
16912,6.9830
16913,7.2867
16973,39.5220
16974,39.1400
16914,6.9827
16975,38.8689
16915,6.5473
16976,38.5460
16916,7.0939
16977,39.3524
16917,6.9835
16978,38.9404
16918,6.7231
16979,38.4374
16919,6.8453
16980,38.3477
16920,6.7240
16981,39.6216
16921,7.1088
16982,39.4924
16922,6.9089
16983,39.1724
16923,6.8878
16984,39.0291
16924,6.9097
16985,39.2500
16925,7.0654
16986,38.5643
16926,7.0370
16987,39.5463
16927,6.9640
16988,40.0012
16928,6.7652
16989,39.1510
16929,6.8659
16930,6.6043
16990,40.8467
16931,6.5956
16991,42.4102
16992,38.6090
16932,6.8428
16993,38.6690
16933,7.0893
16994,39.0101
16934,7.2784
16995,38.4831
16935,7.1595
16996,40.4332
16936,7.0732
16997,38.5009
16937,7.1729
16998,39.0963
16938,6.7179
16939,6.5040
16999,38.7383
16940,6.8099
17000,38.6477
17001,37.6947
16941,7.2909
17002,39.2904
16942,7.1501
16943,6.7695
17003,40.0040
17004,38.8611
16944,7.0299
17005,38.1557
16945,6.9018
17006,39.1473
16946,8.1983
17007,39.4156
16947,8.6077
17008,39.5180
16948,7.5862
16949,8.1913
17009,39.4562
17010,38.9953
16950,8.1029
17011,39.9041
16951,7.9336
17012,38.5304
16952,7.8321
17013,38.8933
16953,7.7718
17014,38.4589
16954,8.3777
17015,38.7254
16955,8.0730
17016,40.6275
16956,8.1608
17017,38.6035
16957,8.3424
17018,39.6245
16958,7.9356
16959,7.9610
17019,39.9574
16960,8.1270
17020,38.8821
16961,8.3025
17021,39.0398
17022,38.8123
16962,7.9469
17023,39.9844
16963,8.2208
17024,40.6885
16964,7.8430
17025,38.7287
16965,7.7954
16966,7.8449
17026,39.3425
17027,37.9582
16967,8.2136
17028,37.8250
16968,7.9983
17029,40.3140
16969,8.0985
17030,38.9135
16970,7.7435
16971,7.9115
17031,39.0436
17032,38.9230
16972,7.9667
17033,38.4883
16973,7.8686
17034,38.9548
16974,8.2380
17035,39.3998
16975,7.6567
17036,39.8850
16976,8.1474
17037,38.7986
16977,7.6802
17038,39.5119
16978,7.6238
16979,7.9636
17039,38.3900
17040,38.8302
16980,8.2610
17041,37.8217
16981,7.4233
16982,8.2018
17042,39.9255
17043,38.7960
16983,7.6360
17044,39.7129
16984,8.5099
17045,38.6243
16985,7.6646
17046,39.6551
16986,7.8270
17047,39.4268
16987,7.9081
17048,39.4768
16988,7.8815
17049,38.4702
16989,7.9982
17050,38.9574
16990,7.7542
16991,7.9784
17051,40.1880
17052,38.6275
16992,8.0213
16993,8.0171
17053,40.5183
17054,39.2337
16994,8.0310
17055,39.0201
16995,7.5346
16996,8.2849
17056,39.9667
17057,39.0652
16997,7.7665
17058,38.9651
16998,8.0137
17059,39.7777
16999,7.7930
17060,38.5580
17000,8.0971
17061,39.4155
17001,8.4495
17062,39.3716
17002,7.4982
17003,7.6807
17063,38.9968
17004,7.6425
17064,38.3645
17005,7.9245
17065,38.5002
17066,38.2717
17006,8.2960
17067,38.4233
17007,8.0471
17068,39.1006
17008,7.7220
17069,39.5517
17009,7.9611
17070,39.1947
17010,7.8929
17071,38.9687
17011,8.1243
17072,38.3963
17012,7.6239
17013,7.6376
17073,39.8591
17014,8.3173
17074,38.5495
17075,38.2850
17015,8.0248
17076,40.6619
17016,8.1171
17077,39.0876
17017,7.7537
17018,8.1436
17078,38.8790
17079,38.4789
17019,7.8179
17080,39.1970
17020,7.6048
17021,7.9073
17081,39.5847
17082,38.3651
17022,7.9905
17083,39.3388
17023,8.1480
17084,39.6068
17024,8.2764
17085,39.5007
17025,7.6471
17026,8.3993
17086,39.0991
17087,40.0813
17027,7.8447
17028,7.9538
17088,40.1123
17029,8.4819
17089,39.2967
17090,38.8900
17030,7.5991
17091,38.9141
17031,7.9235
17092,39.3166
17032,8.1178
17093,38.8375
17033,8.7129
17094,38.8091
17034,7.5025
17035,7.8856
17095,39.3639
17096,38.6046
17036,8.3099
17097,38.3657
17037,7.4633
17038,7.6359
17098,39.3875
17039,7.6208
17099,38.8936
17040,7.9349
17100,38.6713
17101,38.0673
17041,7.8956
17102,38.5540
17042,7.6339
17103,39.5578
17043,8.6468
17104,38.3411
17044,8.3981
17105,40.1066
17045,7.9602
17046,7.6387
17106,39.4558
17047,7.5532
17107,38.4489
17048,7.8410
17108,38.1038
17109,37.7302
17049,7.8736
17110,38.8725
17050,8.0771
17111,39.7513
17051,8.4954
17112,40.7669
17052,7.6369
17053,8.3867
17113,39.9754
17114,39.0150
17054,7.8406
17115,39.3371
17055,7.6901
17056,7.8244
17116,39.8992
17117,38.6594
17057,8.0951
17118,39.7200
17058,8.2799
17119,38.9253
17059,7.9156
17120,39.5720
17060,8.2909
17061,7.8818
17121,40.0082
17122,39.3531
17062,8.0183
17123,38.5123
17063,7.9889
17124,39.7651
17064,7.8144
17125,38.8437
17065,7.8730
17126,38.3015
17066,7.7728
17127,39.4340
17067,8.0065
17128,39.4758
17068,8.1357
17129,39.9406
17069,8.2816
17130,39.5175
17070,7.8860
17131,39.4163
17071,7.7406
17132,38.6024
17072,7.9112
17133,39.1069
17073,7.6567
17074,8.1763
17134,39.7508
17135,38.8783
17075,7.7760
17136,38.8401
17076,7.9775
17137,39.0404
17077,7.8705
17138,38.7436
17078,7.9325
17139,39.0035
17079,7.9431
17140,38.9010
17080,7.6219
17141,38.7173
17081,7.9738
17142,38.4514
17082,7.8186
17143,39.5549
17083,8.3132
17144,39.4054
17084,7.6340
17145,38.7678
17085,8.0140
17146,39.2574
17086,8.0534
17147,38.7237
17087,7.7175
17148,39.3159
17088,7.7430
17149,39.9030
17089,8.0266
17150,38.4812
17090,7.9823
17151,38.6001
17091,7.8576
17152,39.6632
17092,8.1264
17153,39.7658
17093,8.1780
17154,37.8696
17094,7.9726
17155,39.3199
17095,7.8351
17156,40.5672
17096,8.0250
17157,38.9883
17097,7.9122
17158,38.4259
17098,8.0293
17159,39.5964
17099,8.0452
17160,39.9115
17100,8.1576
17161,38.3543
17101,7.9245
17162,39.4274
17102,7.8605
17163,39.8868
17103,7.9050
17164,39.3142
17104,7.6583
17165,39.3330
17105,8.0576
17166,38.7153
17106,7.8897
17167,38.9708
17107,7.5086
17168,39.1790
17108,7.9056
17169,38.9343
17109,7.7467
17110,8.0004
17170,39.5609
17171,39.0766
17111,7.9418
17172,38.3441
17112,7.8173
17173,39.2619
17113,7.6815
17174,39.5550
17114,7.9115
17175,38.3346
17115,7.8480
17176,39.1377
17116,7.6597
17177,39.3131
17117,8.0828
17178,39.1493
17118,7.8384
17179,39.7370
17119,7.9916
17180,39.4306
17120,7.7339
17181,39.5520
17121,7.8372
17182,38.3665
17122,7.7858
17183,39.5024
17123,8.2014
17184,39.6524
17124,7.8960
17125,7.9452
17185,39.1884
17186,37.5974
17126,7.7816
17187,38.8839
17127,7.8126
17128,7.8899
17188,40.4975
17189,39.4306
17129,7.7491
17190,38.4442
17130,7.8669
17191,39.2257
17131,8.2130
17192,38.6958
17132,7.7949
17193,39.2560
17133,8.3446
17194,39.1540
17134,8.2141
17195,39.4441
17135,8.2557
17196,39.2538
17136,8.0465
17197,39.5253
17137,8.0734
17198,40.2718
17138,8.1451
17199,38.4731
17139,7.7986
17200,39.8041
17140,8.1035
17201,40.0609
17141,7.8715
17202,38.4146
17142,8.2149
17203,38.6705
17143,7.9477
17204,39.4631
17144,7.9635
17205,38.8090
17145,7.8433
17206,38.2991
17146,7.7871
17207,38.7895
17147,8.2444
17208,40.2929
17148,8.1663
17209,38.3010
17149,7.7131
17210,39.3054
17150,7.8023
17211,39.2858
17151,7.8632
17212,39.8700
17152,8.2647
17213,38.7523
17153,7.9559
17214,38.7599
17154,7.8736
17215,40.0726
17155,8.3972
17216,39.3117
17156,7.5794
17157,8.2425
17217,39.7891
17218,37.8807
17158,7.7780
17219,39.4456
17159,7.8826
17220,39.5502
17160,8.3619
17221,38.7386
17161,7.9490
17222,39.6251
17162,7.9668
17223,39.8292
17163,8.2702
17224,38.7465
17164,8.0373
17225,38.5954
17165,7.5990
17226,39.1858
17166,8.2068
17227,38.7898
17167,8.1649
17228,39.1182
17168,8.2388
17229,38.9508
17169,8.1061
17230,39.2700
17170,8.3003
17231,39.6402
17171,8.1681
17232,40.1279
17172,8.0072
17173,7.9754
17233,39.6804
17234,38.5333
17174,7.8925
17235,40.3160
17175,8.1080
17236,38.2657
17176,7.6473
17237,40.4840
17177,8.3826
17238,38.8845
17178,7.9476
17239,39.5368
17179,8.2289
17240,40.2377
17180,8.1459
17241,40.4007
17181,7.8357
17242,38.9104
17182,8.2399
17243,39.2389
17183,7.7680
17184,8.2177
17244,39.4903
17245,38.5099
17185,7.6782
17246,38.4822
17186,8.0375
17247,39.4261
17187,7.8970
17188,8.0089
17248,41.4342
17249,38.5395
17189,7.8056
17250,39.0329
17190,8.0461
17251,38.8563
17191,6.9827
17192,7.7589
17252,41.1175
17193,7.9577
17253,39.0440
17254,38.1354
17194,8.0878
17255,38.7218
17195,7.7652
17256,39.1183
17196,8.2412
17257,39.3044
17197,8.0945
17258,38.7216
17198,7.8435
17259,39.3148
17199,8.2025
17260,38.8972
17200,7.7816
17261,38.3214
17201,7.8619
17262,39.0607
17202,7.8187
17263,39.4452
17203,7.8281
17264,38.6745
17204,7.9814
17265,38.7605
17205,7.8979
17266,39.0648
17206,8.1724
17267,39.2388
17207,7.3619
17208,7.9285
17268,39.9378
17269,39.2012
17209,8.0979
17270,39.3686
17210,7.9352
17271,39.7399
17211,7.9145
17272,39.5712
17212,7.9600
17273,39.9069
17213,8.2799
17274,39.9351
17214,8.0142
17275,39.1095
17215,7.9273
17276,39.3495
17216,7.6892
17277,38.8134
17217,7.8035
17278,39.6712
17218,8.2926
17279,39.6667
17219,8.0106
17280,38.8798
17220,8.1282
17281,39.5412
17221,8.0719
17282,39.6525
17222,8.1380
17283,38.9260
17223,7.9267
17284,39.4369
17224,7.8973
17225,8.0857
17285,39.2925
17286,39.0451
17226,7.7682
17227,8.3784
17287,39.5582
17288,38.9045
17228,7.8725
17289,39.7008
17229,8.1122
17290,39.1408
17230,8.0478
17291,39.3373
17231,8.0678
17292,38.9037
17232,8.0047
17293,38.8388
17233,7.9036
17294,39.2288
17234,8.0214
17295,39.4541
17235,7.9818
17296,39.6221
17236,7.9801
17297,39.3023
17237,8.2296
17298,38.2482
17238,7.9694
17299,39.2802
17239,7.6154
17300,40.3977
17240,7.9541
17301,38.7594
17241,7.9262
17302,38.9607
17242,8.1998
17303,39.7808
17243,7.9878
17304,39.9363
17244,8.0777
17305,38.3826
17245,8.0586
17246,8.0816
17306,39.2920
17307,38.7323
17247,7.8902
17308,39.0403
17248,8.1872
17309,38.5447
17249,8.0531
17310,38.8799
17250,7.8655
17311,39.8567
17251,7.8120
17312,39.0749
17252,7.8069
17313,39.3972
17253,7.8175
17314,38.5237
17254,7.7879
17315,39.1752
17255,7.8636
17316,39.3860
17256,8.1113
17317,39.1589
17257,7.7334
17318,39.8482
17258,8.1677
17319,39.5710
17259,7.9375
17320,39.2144
17260,7.8418
17321,38.4323
17261,7.9488
17322,39.2074
17262,7.9304
17323,39.3168
17263,7.6261
17324,38.6972
17264,7.8509
17325,38.8911
17265,8.0434
17326,39.4377
17266,8.0256
17327,38.9746
17267,8.1727
17328,39.7140
17268,7.8583
17329,39.4136
17269,7.8282
17330,39.2636
17270,8.0154
17331,39.0712
17271,8.1494
17332,38.6695
17272,7.7328
17333,40.2595
17273,7.9761
17334,38.1967
17274,7.9378
17335,40.4911
17275,7.8114
17336,39.4431
17276,7.9174
17337,38.5909
17277,7.8520
17338,40.1427
17278,8.1836
17339,39.0180
17279,7.7474
17340,40.0753
17280,8.2610
17341,39.7297
17281,8.0752
17342,39.0995
17282,7.7958
17343,39.2446
17283,8.2158
17284,8.0923
17344,40.4569
17345,38.4793
17285,7.8347
17346,38.7148
17286,7.8891
17347,39.9470
17287,8.1693
17348,38.0853
17288,7.8068
17349,39.5022
17289,7.9185
17350,39.4231
17290,8.2279
17351,38.8657
17291,7.9419
17352,39.2801
17292,7.7957
17293,8.2832
17353,39.6154
17354,38.6857
17294,8.0516
17355,38.7640
17295,7.6553
17356,40.3777
17296,8.3182
17357,38.0279
17297,8.0560
17358,39.5334
17298,7.8178
17359,38.9439
17299,7.5807
17360,39.3400
17300,7.9249
17361,38.9183
17301,7.6428
17302,8.4058
17362,39.5534
17363,38.4843
17303,7.7265
17364,39.0564
17304,7.5347
17365,38.9088
17305,8.1511
17366,38.0151
17306,7.8441
17367,40.6572
17307,8.3003
17368,40.0626
17308,7.8921
17369,38.3853
17309,8.0244
17370,39.2027
17310,7.8670
17371,39.0537
17311,8.2450
17372,38.5389
17312,8.2162
17373,39.4596
17313,8.2333
17374,38.8547
17314,8.3638
17375,39.3588
17315,7.7506
17376,39.7406
17316,8.1533
17377,38.0793
17317,7.5746
17378,38.5811
17318,8.0484
17379,38.9188
17319,7.8104
17380,39.1502
17320,7.9343
17381,38.7845
17321,8.1128
17382,38.6042
17322,8.1238
17383,39.2474
17323,7.9398
17384,39.0225
17324,7.9009
17385,39.0802
17325,7.8656
17386,39.2679
17326,7.7654
17387,39.6553
17327,8.0104
17388,38.6205
17328,7.9735
17389,38.7335
17329,8.2362
17390,39.2632
17330,8.4384
17391,40.1753
17331,8.0616
17392,39.8649
17332,8.3504
17393,38.6072
17333,8.0187
17394,38.9710
17334,7.9031
17395,39.0571
17335,8.0066
17396,38.9038
17336,7.8376
17397,38.8571
17337,8.3350
17398,39.4658
17338,7.7559
17339,8.1352
17399,39.3283
17400,38.2990
17340,7.6825
17401,39.7253
17341,7.9387
17402,38.8134
17342,8.1961
17403,40.4706
17343,7.9930
17404,39.5394
17344,7.9829
17405,39.7801
17345,7.6668
17406,38.5931
17346,8.0731
17407,38.3239
17347,7.8856
17408,39.0884
17348,7.7080
17409,40.3891
17349,8.4746
17410,39.4880
17350,8.0818
17411,39.3083
17351,7.8594
17412,39.5855
17352,8.2066
17413,39.5289
17353,8.1177
17414,39.0991
17354,7.6686
17415,39.0290
17355,8.1237
17416,38.7224
17356,7.9524
17417,39.0227
17357,7.8587
17418,39.3484
17358,8.1141
17419,38.3386
17359,7.9352
17420,40.6944
17360,8.0548
17421,38.4697
17361,7.9911
17422,38.4815
17362,8.0086
17423,39.6730
17363,8.0992
17424,38.5614
17364,7.8849
17425,38.5052
17365,7.9055
17366,7.9218
17426,40.9509
17427,38.6629
17367,8.0026
17428,39.1322
17368,8.3329
17429,38.9612
17369,7.6855
17430,39.4589
17370,8.4674
17431,39.0945
17371,8.2585
17432,40.2497
17372,8.2656
17433,38.9422
17373,7.7777
17374,8.1776
17434,39.8988
17435,39.6165
17375,8.0378
17436,40.3410
17376,7.8941
17437,38.7913
17377,7.8757
17438,39.3115
17378,7.8916
17439,39.0875
17379,7.7258
17440,39.0392
17380,7.8968
17441,38.0698
17381,7.7666
17442,39.2291
17382,7.7397
17443,39.4593
17383,8.1420
17444,37.6607
17384,7.7861
17385,8.0201
17445,40.0887
17446,38.3036
17386,7.8046
17447,39.5472
17387,7.9130
17448,39.1931
17388,7.9484
17449,38.6217
17389,8.1078
17450,39.1709
17390,7.7152
17451,39.4492
17391,7.9753
17452,39.3443
17392,7.7816
17453,39.4072
17393,7.7850
17454,39.1984
17394,8.1034
17455,37.9511
17395,7.6097
17456,39.4976
17396,7.9744
17457,38.2693
17397,7.7501
17458,38.4110
17398,7.8974
17459,38.4929
17399,7.8167
17460,39.0377
17400,7.7812
17461,38.6211
17401,8.1377
17462,39.4571
17402,8.1387
17463,39.0172
17403,8.0698
17464,39.0797
17404,7.8249
17465,39.2943
17405,8.2873
17466,38.7752
17406,7.7128
17467,38.7282
17407,8.0732
17468,39.3552
17408,7.9681
17469,39.5792
17409,8.0911
17470,38.5807
17410,8.0432
17471,39.3560
17411,7.6717
17472,39.1326
17412,8.1532
17473,38.8916
17413,7.9394
17474,38.6155
17414,7.9663
17475,39.4223
17415,8.4281
17476,39.1640
17416,7.4975
17417,8.0436
17477,39.0600
17478,38.5437
17418,8.1688
17479,38.9448
17419,7.6698
17420,8.1656
17480,40.0727
17481,39.0166
17421,7.7637
17422,7.9120
17482,39.7278
17483,38.3265
17423,7.6083
17484,39.2057
17424,7.8837
17425,7.6189
17485,42.0087
17486,38.0836
17426,8.2883
17487,39.7671
17427,8.0652
17488,39.5965
17428,7.8735
17489,40.7388
17429,7.6517
17490,38.2374
17430,8.3199
17491,38.5351
17431,7.8827
17492,39.6470
17432,7.8807
17433,7.6683
17493,45.3501
17434,7.9635
17494,38.8849
17495,38.8877
17435,7.9981
17436,8.1242
17496,39.2816
17497,38.1998
17437,7.5876
17498,38.6953
17438,8.1922
17499,38.6960
17439,8.0504
17500,39.1392
17440,8.0075
17501,40.6086
17441,8.0527
17502,38.9342
17442,8.0559
17503,38.8854
17443,7.8303
17504,40.7340
17444,8.1651
17505,38.8564
17445,8.1293
17506,39.0465
17446,8.1358
17507,39.1861
17447,7.7221
17448,8.2880
17508,39.4421
17509,38.1987
17449,8.2948
17510,39.8964
17450,8.3229
17511,38.3839
17451,7.7420
17512,38.6381
17452,8.1884
17513,39.2016
17453,8.2210
17514,39.0035
17454,7.9229
17515,39.6429
17455,8.0859
17516,39.6719
17456,8.3099
17517,38.5566
17457,8.1069
17518,39.2220
17458,7.9942
17519,38.7813
17459,7.7574
17520,38.3794
17460,8.0052
17521,39.3385
17461,8.0760
17522,39.5381
17462,7.6316
17523,39.7443
17463,8.3163
17524,38.0597
17464,7.8239
17465,8.0561
17525,39.6584
17526,38.7460
17466,7.8553
17527,40.2946
17467,8.1790
17528,38.6757
17468,7.8384
17529,39.5040
17469,7.9121
17530,39.0275
17470,8.0524
17531,39.0305
17471,7.9805
17532,39.7824
17472,7.9099
17533,40.1031
17473,7.7118
17534,40.0698
17474,8.1305
17535,38.9717
17475,7.8060
17536,39.1621
17476,7.9692
17537,39.0639
17477,7.7702
17538,38.7732
17478,7.7672
17539,39.4103
17479,7.9572
17540,39.5596
17480,8.1065
17541,38.8712
17481,7.6988
17482,7.9149
17542,39.3002
17543,38.8133
17483,8.0699
17544,40.0910
17484,7.9072
17545,38.2968
17485,8.0962
17546,39.2341
17486,8.4523
17547,39.6421
17487,7.8457
17548,39.8089
17488,8.1179
17549,39.3376
17489,7.8886
17550,38.6669
17490,8.4098
17551,39.1575
17491,7.8127
17552,39.6866
17492,8.2296
17553,38.5410
17493,7.3844
17554,38.9049
17494,8.3280
17555,38.0402
17495,7.7809
17556,39.3892
17496,7.9037
17557,39.6282
17497,8.0521
17558,38.3357
17498,7.9478
17559,38.5191
17499,7.9208
17560,38.9219
17500,8.1271
17561,38.8816
17501,7.9706
17502,8.0417
17562,39.4018
17563,38.3399
17503,7.9259
17564,39.0925
17504,7.7606
17565,38.3625
17505,8.1514
17566,39.3530
17506,8.0407
17567,39.7416
17507,7.8406
17568,39.6347
17508,8.1777
17569,39.1298
17509,7.5998
17570,39.1410
17510,8.2089
17571,39.2221
17511,7.9060
17572,39.3022
17512,8.1453
17573,38.9043
17513,8.0435
17574,39.1018
17514,7.7712
17575,39.3384
17515,8.0951
17576,39.0271
17516,7.8909
17577,38.4322
17517,7.6192
17578,39.4075
17518,8.0679
17579,38.9200
17519,8.4356
17580,38.7696
17520,7.4175
17581,38.7370
17521,8.0023
17582,39.0742
17522,8.1011
17583,39.3949
17523,7.9565
17584,38.6368
17524,8.0209
17585,38.9098
17525,7.7948
17586,39.4272
17526,8.2044
17587,38.9785
17527,7.8333
17588,38.8825
17528,8.1000
17589,38.7568
17529,7.9256
17590,39.5743
17530,8.0288
17591,38.3466
17531,7.6765
17592,38.6843
17532,8.0726
17593,37.9877
17533,7.8339
17594,39.6125
17534,7.9649
17595,39.2574
17535,8.1435
17596,39.2900
17536,7.8295
17597,39.6217
17537,7.8583
17598,38.9058
17538,8.2288
17599,38.8068
17539,7.7366
17600,40.2082
17540,7.9306
17601,39.4547
17541,7.9879
17602,39.3591
17542,7.8067
17543,7.9663
17603,40.2094
17604,38.7273
17544,7.7481
17545,7.8595
17605,39.0451
17606,38.2853
17546,7.5085
17607,39.0436
17547,8.3767
17608,38.4044
17548,7.3411
17549,7.8572
17609,40.5202
17610,37.8134
17550,7.7121
17611,38.7212
17551,7.8928
17612,39.3295
17552,7.5208
17613,39.5578
17553,8.0457
17614,38.2372
17554,7.9115
17615,39.5216
17555,8.1210
17616,39.5072
17556,7.6089
17557,8.1139
17617,39.4323
17618,37.9537
17558,8.1091
17619,38.8182
17559,7.9121
17620,39.6194
17560,8.1040
17621,39.2581
17561,7.6679
17622,39.2629
17562,8.3250
17623,38.6285
17563,7.9099
17624,40.0678
17564,7.9990
17625,38.3279
17565,7.8998
17626,38.9835
17566,7.6546
17627,38.1311
17567,8.1790
17628,38.5064
17568,8.0368
17629,40.1492
17569,7.7740
17630,38.7273
17570,7.9477
17631,39.3667
17571,8.1842
17632,39.1350
17572,8.0418
17633,39.2284
17573,7.8359
17634,39.7854
17574,8.2343
17635,38.7582
17575,7.7295
17636,39.9756
17576,8.4363
17637,39.7957
17577,7.7213
17638,39.0127
17578,8.0029
17639,39.0654
17579,7.8242
17640,38.8117
17580,8.1871
17641,38.1725
17581,7.8517
17582,8.1031
17642,40.3735
17643,38.4286
17583,8.0474
17644,39.7166
17584,8.1319
17645,39.2331
17585,8.1512
17646,39.1436
17586,8.0246
17647,38.7421
17587,8.0374
17648,39.2682
17588,7.9863
17649,39.4021
17589,8.1368
17650,38.5355
17590,7.6876
17651,39.6233
17591,7.9761
17652,38.2816
17592,8.1208
17653,39.4655
17593,8.0720
17654,37.9542
17594,7.3397
17655,39.4766
17595,8.2164
17656,38.3067
17596,7.7651
17657,39.8089
17597,7.7724
17658,39.2118
17598,7.9863
17659,39.2820
17599,7.6869
17660,38.9136
17600,7.8433
17661,39.0829
17601,7.7407
17662,38.7070
17602,7.9194
17663,38.9123
17603,7.9278
17664,39.5196
17604,7.7232
17665,39.3271
17605,8.3541
17666,40.2043
17606,8.0440
17667,39.6585
17607,8.0233
17668,40.5462
17608,7.8994
17669,39.2104
17609,8.0815
17670,39.6915
17610,7.7903
17671,39.0783
17611,8.2295
17672,39.5610
17612,8.1545
17673,38.8847
17613,8.0686
17674,39.4414
17614,8.1477
17675,38.7149
17615,7.6500
17676,38.9490
17616,8.0536
17677,38.8065
17617,7.8912
17678,39.1565
17618,7.6847
17679,38.9229
17619,7.9608
17680,38.9659
17620,7.5211
17681,38.3525
17621,7.7122
17682,38.3428
17622,8.1005
17683,39.0205
17623,7.7678
17684,39.3144
17624,8.0292
17685,38.1853
17625,8.2012
17686,39.6065
17626,8.1479
17687,38.8023
17627,7.9434
17688,38.8774
17628,8.0668
17689,40.1568
17629,7.9957
17690,38.6927
17630,8.0783
17691,39.0265
17631,7.8951
17692,38.9607
17632,7.5969
17633,8.1377
17693,39.1897
17694,38.7355
17634,7.9354
17635,8.0438
17695,38.9292
17696,38.2908
17636,7.9197
17697,39.6341
17637,7.8582
17698,38.8167
17638,7.5755
17699,38.3172
17639,8.2645
17700,39.8809
17640,7.8692
17701,39.8767
17641,8.1225
17702,39.7531
17642,8.3467
17703,38.7795
17643,7.8738
17704,38.8485
17644,7.8133
17705,39.9195
17645,7.9493
17706,38.8142
17646,8.0424
17707,39.1026
17647,7.6303
17708,39.0639
17648,7.7373
17709,38.5805
17649,7.9190
17710,38.7889
17650,7.9038
17711,39.0608
17651,8.1140
17712,39.0892
17652,7.9356
17713,39.5827
17653,7.9891
17714,38.6334
17654,7.8245
17715,38.2386
17655,7.8252
17716,39.2395
17656,7.9925
17717,38.4074
17657,8.1717
17718,40.0076
17658,7.8611
17719,39.3525
17659,8.0492
17720,38.7059
17660,8.0853
17721,38.8938
17661,7.6258
17722,38.7330
17662,8.2023
17723,38.6073
17663,7.7479
17664,8.0074
17724,39.7848
17725,39.4831
17665,7.9886
17726,38.9253
17666,7.7762
17667,8.2929
17727,39.6809
17728,38.5579
17668,7.8487
17729,39.6624
17669,7.8438
17730,38.5335
17670,8.2779
17731,39.6002
17671,7.9546
17732,39.1877
17672,7.6530
17733,39.7148
17673,8.0335
17734,39.2069
17674,8.0503
17735,39.2436
17675,7.9661
17736,38.7953
17676,7.8333
17737,39.9062
17677,8.2302
17738,38.7319
17678,7.5510
17739,38.6163
17679,8.0735
17740,39.2437
17680,7.8649
17741,39.1159
17681,7.6240
17682,8.0275
17742,39.1196
17743,39.3886
17683,7.8342
17744,39.4308
17684,8.1056
17745,38.1013
17685,7.4779
17746,38.9890
17686,7.8690
17747,39.2627
17687,8.2738
17748,38.6243
17688,7.4404
17749,39.5422
17689,7.9927
17750,38.6950
17690,7.9092
17751,38.7109
17691,8.0220
17752,40.9739
17692,7.6940
17753,38.3190
17693,7.7667
17754,38.3762
17694,7.6549
17755,38.7099
17695,8.0750
17756,39.3324
17696,8.1642
17757,39.4047
17697,7.8180
17758,38.5872
17698,8.2395
17759,39.3142
17699,7.8834
17760,38.8780
17700,7.9510
17761,38.5728
17701,7.8919
17762,40.0471
17702,8.0067
17763,38.8019
17703,8.1787
17764,38.3785
17704,7.7436
17765,39.4672
17705,8.0970
17766,39.9416
17706,7.8832
17767,38.3976
17707,7.8847
17768,39.1506
17708,7.9596
17769,40.0701
17709,7.7730
17770,38.9728
17710,7.9149
17771,38.4996
17711,8.1107
17772,39.4061
17712,7.8661
17773,39.9558
17713,8.2680
17774,38.6376
17714,7.8162
17775,40.1780
17715,8.2740
17776,39.4331
17716,8.0444
17777,39.4429
17717,8.0420
17778,39.4807
17718,8.2106
17779,38.8388
17719,7.7068
17780,39.2480
17720,7.7591
17781,39.3250
17721,7.8258
17782,38.9260
17722,7.9640
17723,7.7055
17783,39.6079
17784,38.4559
17724,8.1245
17785,38.4915
17725,7.7107
17786,39.2739
17726,7.6298
17727,7.8554
17787,39.3192
17788,38.5641
17728,7.9112
17789,39.1015
17729,7.9679
17790,39.3769
17730,8.4842
17791,42.0899
17731,7.8536
17792,39.7821
17732,8.0906
17793,39.3580
17733,8.4206
17734,8.0414
17794,40.5886
17795,38.3452
17735,8.2387
17796,39.6148
17736,8.2095
17797,39.3399
17737,7.7977
17738,7.6160
17798,39.2831
17799,38.0512
17739,8.2462
17800,38.7977
17740,8.0965
17801,40.4816
17741,7.7448
17742,7.9799
17802,39.3242
17803,38.5762
17743,7.8876
17804,39.1673
17744,8.5364
17805,38.5516
17745,7.4977
17746,8.1924
17806,38.9424
17807,39.1636
17747,8.0944
17808,39.2900
17748,7.8797
17809,39.3980
17749,8.2314
17810,38.9275
17750,8.0192
17811,39.8756
17751,8.3578
17812,38.4468
17752,7.8449
17813,39.9758
17753,8.3381
17814,39.5399
17754,7.9494
17815,38.4050
17755,8.0846
17816,38.7971
17756,7.8661
17817,39.1336
17757,8.3103
17818,38.4750
17758,7.8521
17819,38.7778
17759,7.7311
17820,38.8518
17760,8.1276
17821,39.6887
17761,7.8536
17822,38.7814
17762,7.7746
17763,6.8277
17823,38.9985
17824,38.2460
17764,7.2255
17765,6.8153
17825,40.2177
17826,38.7753
17766,6.9389
17827,39.4275
17767,7.1539
17768,7.9092
17828,39.7430
17829,38.6119
17769,8.1662
17830,39.4782
17770,7.6065
17831,38.1697
17771,7.8147
17832,39.3352
17772,8.1489
17833,38.9720
17773,7.7033
17834,39.2181
17774,8.1390
17835,38.9760
17775,7.7960
17776,7.8046
17836,39.7153
17777,8.1217
17837,38.7423
17838,38.7111
17778,7.7908
17839,38.7165
17779,8.2114
17840,38.6752
17780,7.7705
17841,38.9954
17781,7.6788
17842,38.6179
17782,7.9162
17843,39.2080
17783,7.7435
17784,8.1532
17844,39.5908
17845,39.7213
17785,7.9270
17846,39.1239
17786,7.7230
17787,7.8568
17847,38.7020
17788,8.0422
17848,39.4709
17849,38.1094
17789,7.7692
17790,8.0293
17850,39.8342
17851,38.4388
17791,8.3425
17852,38.9993
17792,7.8299
17793,7.9260
17853,40.3116
17794,7.9091
17854,39.9289
17855,38.0562
17795,8.0173
17856,39.3189
17796,8.6671
17857,38.8668
17797,7.4719
17798,7.6725
17858,39.5569
17799,8.1086
17859,38.1545
17860,39.0351
17800,7.6983
17801,7.8982
17861,39.1799
17802,7.9505
17862,38.2085
17863,38.2487
17803,8.7327
17864,38.7494
17804,7.1897
17805,7.9282
17865,40.5550
17806,8.0592
17866,38.4739
17807,8.0805
17867,38.0636
17868,39.1010
17808,7.9074
17809,8.3222
17869,38.8613
17870,38.9848
17810,8.2422
17871,38.8457
17811,7.7202
17812,7.9778
17872,38.5775
17873,38.7341
17813,7.8200
17874,38.1554
17814,7.9309
17875,38.8794
17815,8.1736
17876,38.8409
17816,7.7731
17877,38.5198
17817,7.9707
17878,39.0207
17818,7.6774
17819,7.8873
17879,38.6612
17880,38.7525
17820,7.6291
17821,7.6659
17881,39.0371
17822,7.8945
17882,38.8863
17883,38.9426
17823,8.3517
17884,39.0235
17824,8.1701
17885,39.4755
17825,7.8100
17826,7.7548
17886,39.8000
17827,8.0135
17887,39.5115
17888,38.7782
17828,7.8524
17829,7.6651
17889,39.2909
17830,7.7177
17890,38.1766
17831,8.6493
17891,39.2032
17892,39.4303
17832,7.5168
17833,7.6219
17893,38.8092
17894,38.6984
17834,8.0344
17835,8.0386
17895,39.2697
17896,38.2335
17836,7.8634
17897,39.2997
17837,7.5006
17838,7.9979
17898,39.1269
17899,39.1011
17839,7.9631
17840,7.7771
17900,39.2973
17841,7.9741
17901,38.6757
17902,39.0786
17842,8.1961
17903,39.2136
17843,7.9184
17844,7.6284
17904,39.3415
17905,38.0493
17845,7.9402
17906,38.6660
17846,7.6329
17847,7.8629
17907,38.7592
17848,8.0000
17908,39.0053
17909,39.3047
17849,8.1244
17910,39.1592
17850,7.6704
17851,7.8580
17911,38.7895
17852,8.0150
17912,39.4398
17913,39.9182
17853,7.8437
17854,7.9643
17914,38.7237
17915,38.8493
17855,8.6143
17916,39.2690
17856,7.9623
17857,7.8510
17917,39.8020
17858,8.1612
17918,38.3984
17919,38.7956
17859,7.9748
17860,7.8339
17920,38.9730
17861,7.9389
17921,38.5953
17862,8.2743
17922,38.4828
17923,38.7714
17863,7.9256
17924,39.6160
17864,7.8447
17925,38.5496
17865,8.2772
17926,39.0764
17866,8.0725
17927,38.7710
17867,7.9338
17928,38.9004
17868,7.9503
17929,38.9044
17869,7.8796
17870,8.4664
17930,39.1124
17931,38.6938
17871,7.4290
17872,7.8275
17932,40.0098
17873,7.9709
17933,38.8779
17934,37.9502
17874,8.2993
17935,38.7427
17875,7.5444
17936,39.1228
17876,7.8161
17877,7.2293
17937,38.3994
17938,38.0083
17878,6.9396
17879,7.6833
17939,39.6985
17940,38.8351
17880,7.7542
17941,39.2427
17881,8.1534
17942,38.5251
17882,7.6904
17943,39.3917
17883,7.9504
17944,39.0757
17884,7.8270
17945,38.6420
17885,8.1042
17946,39.3380
17886,7.9722
17947,38.0302
17887,7.8338
17948,40.3319
17888,7.7715
17889,8.0947
17949,39.1364
17950,38.7717
17890,7.9350
17891,6.6534
17951,39.6429
17892,6.8112
17952,38.8173
17953,38.7518
17893,7.3529
17954,42.6461
17894,6.4986
17895,6.5098
17955,38.7154
17956,38.3450
17896,7.0753
17897,7.9477
17957,39.9329
17958,38.2875
17898,7.7142
17899,7.6040
17959,38.5693
17900,7.6052
17960,39.1207
17901,7.7706
17961,38.2619
17962,38.4056
17902,8.2443
17963,38.9922
17903,7.7353
17904,7.9995
17964,39.2621
17965,38.6026
17905,7.6915
17906,7.6578
17966,39.4393
17907,7.6421
17967,38.8731
17908,7.7603
17968,38.1978
17909,8.1060
17969,38.8180
17970,37.9281
17910,7.9823
17971,39.4989
17911,8.5046
17972,38.9182
17912,7.6297
17913,7.6311
17973,39.9449
17914,7.6843
17974,38.3628
17915,7.6408
17975,38.7635
17916,8.0111
17976,38.3608
17977,38.7231
17917,8.1954
17978,38.0914
17918,8.4942
17979,38.4546
17919,6.9196
17920,7.7483
17980,40.4290
17921,7.5859
17981,39.6186
17922,7.7304
17982,37.6728
17923,7.8232
17983,38.7435
17924,8.1493
17984,38.6792
17985,38.2730
17925,8.3733
17986,39.5307
17926,7.7119
17927,7.6150
17987,39.1988
17928,7.7313
17988,38.5884
17929,7.6513
17989,38.7508
17930,7.9714
17990,37.9598
17991,37.8776
17931,7.9000
17992,39.2641
17932,7.9841
17993,38.9813
17933,7.5941
17934,7.8095
17994,38.8081
17995,38.4426
17935,7.8057
17936,7.9456
17996,38.5796
17997,38.6791
17937,7.7124
17998,39.6359
17938,7.9990
17999,39.0185
17939,7.9504
18000,39.0486
17940,7.6760
18001,38.9196
17941,7.7018
18002,38.6417
17942,8.0093
17943,7.7819
18003,38.7408
17944,8.3501
18004,39.7530
18005,39.0199
17945,7.5290
17946,7.6738
18006,38.7291
18007,38.3716
17947,8.4294
18008,38.2765
17948,7.3126
17949,7.8760
18009,39.1068
18010,37.8248
17950,7.7547
17951,7.6290
18011,39.3451
17952,8.6217
18012,38.8491
18013,38.3832
17953,7.6617
17954,7.6926
18014,39.5761
17955,8.3680
18015,38.3556
18016,40.1159
17956,7.5262
17957,7.9167
18017,39.1573
18018,38.5727
17958,7.7099
18019,38.2956
17959,7.4353
18020,38.7168
17960,8.0723
18021,38.6100
17961,7.9290
17962,7.8051
18022,40.0231
17963,7.6596
18023,39.1781
17964,7.7050
18024,39.3068
18025,38.7252
17965,8.0419
18026,39.1999
17966,7.8918
18027,39.1609
17967,8.3563
18028,38.4804
17968,7.6318
17969,7.9008
18029,38.9830
18030,38.4891
17970,7.6510
18031,38.5777
17971,7.6912
18032,37.8463
17972,7.6858
18033,39.6734
17973,8.3150
18034,38.0167
17974,7.4096
18035,38.8403
17975,8.5036
18036,38.7455
17976,7.6399
17977,7.6627
18037,38.9163
18038,37.6959
17978,7.9287
17979,8.4330
18039,39.3653
18040,38.0141
17980,7.3865
17981,7.9206
18041,39.3919
18042,38.3044
17982,7.5934
18043,38.8094
17983,8.1783
18044,38.8183
17984,7.5710
18045,39.4413
17985,7.8218
18046,38.1839
17986,7.8030
17987,8.6287
18047,39.7534
18048,39.1610
17988,7.6640
17989,7.6854
18049,40.9888
17990,7.2876
18050,39.0900
17991,7.5800
18051,38.7523
18052,38.7048
17992,7.7294
17993,7.0294
18053,39.2983
18054,37.9277
17994,6.6806
18055,38.5778
17995,6.8182
18056,38.3773
17996,7.2500
18057,37.9859
17997,7.0587
18058,39.4417
17998,6.7951
18059,38.5372
17999,7.0389
18060,39.1989
18000,7.2229
18061,38.5546
18001,7.2519
18002,6.6188
18062,38.6774
18003,6.5454
18063,38.3822
18064,37.9634
18004,7.4958
18065,38.7503
18005,7.2827
18006,6.5819
18066,39.9210
18007,6.5685
18067,38.3206
18068,37.3151
18008,7.4445
18069,38.2158
18009,7.2339
18010,6.4293
18070,38.8400
18071,37.4079
18011,7.1602
18072,38.1791
18012,7.2183
18073,38.9399
18013,7.0737
18074,38.0172
18014,6.8010
18015,6.4850
18075,39.0379
18076,37.9372
18016,7.8242
18077,38.5281
18017,7.2209
18018,6.5077
18078,38.9202
18019,6.4756
18079,37.9616
18080,37.5859
18020,6.6598
18081,38.9053
18021,7.8034
18082,39.2265
18022,7.7595
18083,39.3863
18023,7.1275
18024,6.8452
18084,38.8194
18085,38.3377
18025,7.0649
18026,6.4795
18086,38.9335
18027,6.7954
18087,38.0477
18028,7.7822
18088,38.4230
18089,38.5789
18029,7.2011
18030,6.5366
18090,38.9611
18091,38.2655
18031,7.3003
18092,38.2647
18032,7.1786
18033,6.5340
18093,39.5608
18034,7.1513
18094,38.0367
18035,6.9182
18095,38.5626
18096,38.2397
18036,7.7577
18097,39.0369
18037,7.4427
18038,6.5971
18098,39.7628
18099,37.8166
18039,7.3909
18100,39.2911
18040,6.7952
18041,6.6068
18101,39.0360
18042,6.6311
18102,38.8679
18103,37.4353
18043,7.7722
18104,38.3068
18044,8.0582
18105,39.5466
18045,7.2806
18046,6.5656
18106,38.9440
18047,6.8764
18107,38.2340
18108,38.0982
