batch_index,latency_ms
1,35.8816
2,38.9521
3,36.9690
4,39.6390
5,38.3885
6,38.5746
7,37.7906
8,34.9878
9,39.0834
10,37.8336
11,35.8754
12,35.2338
13,37.6494
14,38.4621
15,38.3033
16,37.6051
17,38.2579
18,38.0524
19,34.8401
20,38.1154
21,37.7231
22,38.5185
23,38.1016
24,38.3616
25,37.1261
26,37.1934
27,37.0427
28,39.5842
29,37.4443
30,39.2822
31,38.5383
32,42.6623
33,37.5669
34,36.9490
35,36.9072
36,37.0610
37,36.8217
38,33.9361
39,39.7876
40,38.1321
41,39.7117
42,36.1232
43,37.2820
44,36.0702
45,38.8155
46,38.0546
47,36.2924
48,39.7572
49,38.9826
50,34.9701
51,34.9425
52,38.5520
53,34.9269
54,37.9683
55,36.8659
56,34.0392
57,35.9012
58,36.6649
59,35.5204
60,36.1580
61,35.5490
1,18.2667
2,14.8242
3,15.6340
62,41.6493
4,13.1206
5,14.6841
6,11.3460
63,37.2039
7,12.8829
8,14.3872
9,12.2853
64,37.6025
10,11.7121
11,15.2704
12,11.7840
65,36.7960
13,11.6238
14,14.5303
15,11.0883
66,36.0980
16,12.6544
17,11.0308
67,35.8790
18,12.8621
68,38.1666
19,11.4114
69,35.5095
20,11.3211
70,35.3257
21,12.2780
71,37.3087
22,11.2884
72,35.4875
23,11.6805
73,35.4406
24,11.6297
74,36.2134
25,12.5973
75,37.8420
26,11.5995
76,37.5219
27,10.9799
77,37.8874
28,12.8897
78,37.3341
29,11.4011
79,35.0129
30,11.8465
80,34.7195
31,11.4498
81,34.8907
32,11.0965
82,33.8797
33,12.0362
83,36.0387
34,12.7940
84,36.4865
35,11.4615
85,34.1849
36,12.1870
86,34.2436
37,11.0111
87,34.4725
38,10.8433
88,34.4548
39,11.8377
89,36.7283
40,11.0115
90,34.2244
41,12.2591
91,36.5164
42,12.1739
92,35.9391
43,13.8344
93,37.8249
44,13.2470
94,36.3762
45,12.0009
95,36.4965
46,11.1934
96,34.1507
47,12.3134
97,36.8332
48,11.4514
98,36.8989
49,10.6155
99,34.2710
50,11.1116
100,34.1981
51,10.9410
101,33.8018
52,10.7575
102,34.2520
53,10.7798
103,34.4256
54,11.1910
104,34.4859
55,11.2464
105,34.4828
56,11.6389
106,36.2814
57,11.7493
107,36.4474
58,10.6782
108,33.9663
59,12.4778
109,36.2395
60,11.7206
110,35.5605
61,11.9263
111,35.7306
62,10.2347
112,34.4320
63,11.5214
113,36.0791
64,10.3675
114,34.8393
65,10.7384
115,33.4367
66,10.2744
116,34.7032
67,11.6265
117,36.3460
68,10.7383
118,35.3912
69,10.3995
119,33.9990
70,11.4190
120,36.5648
71,11.0092
121,34.5850
72,10.9645
122,33.7509
73,10.4088
123,34.2021
74,10.6009
124,34.0347
75,12.9021
125,36.3548
76,11.4975
126,35.4025
77,11.0635
127,36.3927
78,12.0780
128,36.8777
79,10.8325
129,34.7506
80,9.7028
130,36.0737
81,11.7494
131,36.2255
82,10.3862
132,38.3804
83,9.7956
133,34.6592
84,9.3586
134,36.5117
85,10.1283
135,34.2174
86,10.0663
136,34.5026
87,10.2418
137,35.0923
88,9.8414
138,35.2375
89,10.0682
139,34.8244
90,10.0446
140,35.0066
91,10.2041
141,37.7454
92,12.6542
142,36.6434
93,11.7830
143,34.1429
94,12.2388
144,35.2641
95,11.1030
145,38.6279
96,10.7512
146,34.9188
97,10.9375
147,34.6684
98,10.6218
148,34.8227
99,11.0367
149,35.3129
100,11.8397
150,35.2950
101,10.5976
151,34.5000
102,10.7956
152,35.0261
103,11.2313
153,38.2440
104,11.1513
154,38.1948
105,11.8666
155,34.5371
106,10.9201
156,34.6692
107,10.9279
157,34.4176
108,10.7645
158,35.1814
109,12.1865
159,36.5952
110,10.7359
160,37.7352
111,10.8595
161,34.9796
112,11.1971
162,35.6187
113,10.4384
163,38.4267
114,11.1778
164,35.0320
115,10.9685
165,36.0682
116,11.7070
166,38.1844
117,11.0931
167,37.6633
118,10.5619
168,34.4890
119,10.6448
169,34.9448
120,10.2422
170,35.8552
121,10.7090
171,34.9886
122,12.3600
172,36.9735
123,11.5629
173,37.0411
124,10.6576
174,34.3400
125,10.7284
175,34.9841
126,10.9547
176,34.7244
127,11.4814
177,38.5687
128,10.4067
178,34.3291
129,10.7576
179,34.6165
130,11.1523
180,34.9135
131,10.7806
181,34.4683
132,10.9306
182,34.8300
133,11.0160
183,37.8133
134,10.5738
184,34.5370
135,10.8219
185,34.7082
136,10.7341
186,34.8528
137,11.2023
187,34.8956
138,11.0132
188,35.0357
139,10.8902
189,35.5038
140,12.5885
190,37.8475
141,10.1095
191,34.5698
142,11.1078
192,38.0754
143,10.6580
193,36.8543
144,10.2596
194,37.3000
145,10.3462
195,35.4117
146,10.1492
196,34.8734
147,10.1001
197,35.2082
148,9.9345
198,35.1062
149,10.4400
199,34.9701
150,10.2912
200,35.4836
151,9.8756
201,35.0079
152,10.9389
202,35.1449
153,10.7747
203,37.3234
154,9.6648
204,34.1805
155,9.7115
205,34.0568
156,9.9751
206,34.7967
157,10.3132
207,36.7013
158,10.2080
208,34.3264
159,9.7758
209,37.5501
160,10.1412
210,35.1043
161,10.3162
211,37.9151
162,10.8192
212,38.3040
163,11.8334
213,37.4131
164,11.2854
214,35.7279
165,11.0514
215,36.1029
166,10.6352
216,34.8488
167,11.2312
217,35.5602
168,11.7279
218,38.5020
169,11.0336
219,36.8675
170,11.7654
220,36.0222
171,11.8310
221,35.7606
172,11.9156
222,36.2120
173,11.4015
223,36.0181
174,11.5312
224,35.9647
175,9.5539
225,39.7526
176,10.7768
226,37.2225
177,10.8711
227,36.6956
178,11.5267
228,38.3282
179,11.1472
229,36.4165
180,9.8176
230,38.1228
181,11.5606
231,35.9026
182,11.0111
232,36.6354
183,11.8206
233,36.0559
184,11.9672
234,36.6579
185,11.9666
235,35.9085
186,11.7007
236,35.2446
187,11.1169
237,37.3312
188,12.0592
238,37.6793
189,11.4037
239,35.2277
190,10.7157
240,36.0178
191,11.2827
241,39.2738
192,10.5724
242,36.0671
193,11.3051
243,39.2133
194,11.4312
244,37.4013
195,11.1453
245,38.1997
196,10.8521
246,37.1615
197,12.0535
247,38.1300
198,11.0347
248,35.9915
199,11.3048
249,37.9435
200,11.9221
250,37.8938
201,11.7852
251,36.0493
202,10.9776
252,35.9591
203,10.2786
253,38.2372
204,10.5060
254,37.6457
205,9.6082
255,38.3348
206,10.8939
256,38.0639
207,11.2957
257,36.1129
208,11.1856
258,35.2544
209,10.9163
259,35.8469
210,10.5649
260,37.8366
211,11.1603
261,35.9781
212,10.9452
262,35.8272
213,11.4004
263,35.2824
214,11.6087
264,35.4794
215,11.0284
265,37.9185
216,11.0130
266,35.8410
217,11.5765
267,35.5452
218,10.1589
268,37.9871
219,11.3947
269,35.6789
220,11.9129
270,36.4681
221,11.1284
271,35.9210
222,11.2135
272,35.5441
223,11.6652
273,38.6095
224,10.9740
274,34.9253
225,11.2996
275,35.1935
226,11.0897
276,35.4307
227,11.0389
277,35.2150
228,10.7116
278,36.4967
229,11.4558
279,35.7220
230,11.0865
280,36.0965
231,11.4232
281,38.2425
232,11.2221
282,35.6972
233,11.1665
283,37.4344
234,11.0268
284,34.9507
235,11.4373
285,35.5298
236,12.0418
286,37.8082
237,11.3892
287,35.8334
238,10.9227
288,36.0820
239,11.6417
289,35.7176
240,11.1825
290,35.5302
241,10.7320
291,38.4962
242,11.3689
292,35.2889
243,11.1069
293,35.6352
244,11.1136
294,35.3770
245,11.2837
295,35.4015
246,11.6653
296,37.6925
247,10.6436
297,35.9104
248,11.7860
298,39.5132
249,11.6929
299,35.5281
250,11.6629
300,36.2611
251,10.9627
301,36.4375
252,11.3397
302,38.4253
253,10.9128
303,37.7837
254,10.7564
304,36.3490
255,11.5605
305,35.7257
256,11.1941
306,35.3722
257,10.8139
307,37.8674
258,11.5013
308,35.4614
259,11.4855
309,35.5219
260,11.4263
310,36.0875
261,11.9137
311,35.8639
262,11.7578
312,35.9462
263,10.2526
313,38.7634
264,11.8225
314,37.8674
265,11.8411
315,40.0869
266,11.7152
316,35.6779
267,11.1730
317,35.6969
268,10.9947
318,34.9994
269,11.0675
319,35.5260
270,10.8068
320,35.6786
271,10.7987
321,34.9086
272,10.9345
322,35.4443
273,11.5528
323,36.2878
274,9.9487
324,38.0745
275,9.9549
325,36.7333
276,10.2144
326,35.9345
277,10.9993
327,36.1135
278,9.8779
328,36.6114
279,11.0004
329,36.3429
280,9.9212
330,35.6853
281,9.9032
331,35.9553
282,10.5352
332,36.3857
283,10.9490
333,36.1281
284,10.8249
334,36.9137
285,11.2061
335,37.9492
286,10.9629
336,35.7002
287,10.5041
337,35.1432
288,11.0475
338,35.6229
289,10.7523
339,35.0482
290,10.3961
340,37.5309
291,10.5792
341,35.1454
292,10.7842
342,37.6657
293,8.5045
343,36.7621
294,10.6806
344,34.8757
295,10.7445
345,35.2276
296,10.7552
346,35.5590
297,10.3201
347,35.9999
298,10.9091
348,35.5925
299,10.7955
349,35.2181
300,10.3669
350,35.3042
301,10.4787
351,35.4079
302,10.6056
352,35.9533
303,10.8966
353,35.8302
304,10.9956
354,35.9518
305,10.9798
355,35.5076
306,11.2888
356,35.3898
307,10.5746
357,35.2678
308,10.2774
358,34.8584
309,10.6357
359,34.7823
310,10.5394
360,35.7231
311,10.8144
361,35.6829
312,11.1941
362,35.0966
313,10.7474
363,35.1494
314,11.4378
364,36.1033
315,10.6082
365,35.0734
316,10.7961
366,35.2481
317,10.7124
367,35.5659
318,10.7177
368,35.2775
319,10.8851
369,35.6962
320,10.5519
370,35.6364
321,10.4291
371,35.3669
322,10.7424
372,35.6513
323,10.4162
373,35.6268
324,10.2587
374,35.2025
325,10.7484
375,35.6012
326,11.1324
376,35.3697
327,10.4775
377,35.4981
328,10.5870
378,35.3863
329,9.9274
379,34.7540
330,10.3883
380,35.2828
331,10.5602
381,35.4165
332,10.3392
382,34.5280
333,10.4477
383,35.1775
334,10.5014
384,34.7148
335,8.3796
385,37.1090
336,9.7346
386,34.8535
337,10.0156
387,35.5019
338,9.8327
388,34.5735
339,9.9243
389,35.2575
340,10.4213
390,34.8095
341,10.3708
391,35.6216
342,10.4062
392,35.4400
343,10.5527
393,35.5730
344,10.1690
394,37.7187
345,10.2124
395,35.0193
346,10.4481
396,35.4133
347,10.4766
397,37.6656
348,9.9963
398,34.7914
349,10.0218
399,35.4864
350,10.6796
400,35.0009
351,10.8194
401,35.3958
352,10.0371
402,35.3001
353,10.3806
403,34.8254
354,10.1642
404,35.3426
355,10.2182
405,35.2602
356,10.1196
406,35.1934
357,10.8449
407,34.6802
358,10.1930
408,35.5220
359,10.4481
409,35.4741
360,10.3087
410,37.1738
361,10.5466
411,35.6623
362,10.8804
412,37.1449
363,9.9796
413,34.6411
364,10.7124
414,34.5845
365,10.0758
415,34.1414
366,10.3729
416,34.5577
367,10.5301
417,34.9785
368,10.0008
418,34.4975
369,8.3828
419,37.5659
370,10.0711
420,35.3122
371,8.8927
421,38.3867
372,10.7498
422,35.3590
373,10.6896
423,36.9166
374,10.5678
424,35.2945
375,10.8823
425,35.6118
376,10.9399
426,35.6953
377,11.1103
427,36.4020
378,10.7704
428,35.8611
379,10.7815
429,35.5729
380,10.7897
430,34.9395
381,9.1190
431,37.3843
382,10.4969
432,34.6584
383,10.4347
433,35.5814
384,11.0457
434,36.0310
385,10.4389
435,35.6202
386,10.3974
436,35.7427
387,10.7448
437,35.7400
388,10.4122
438,37.5768
389,10.8047
439,35.7458
390,10.6438
440,35.2427
391,10.9470
441,35.3845
392,10.6918
442,35.8989
393,11.0062
443,35.3685
394,10.8107
444,37.7476
395,10.2899
445,35.2811
396,10.9426
446,35.8986
397,10.5531
447,35.6108
398,10.6435
448,35.7534
399,10.1359
449,37.1505
400,10.6167
450,37.1307
401,10.8672
451,35.7244
402,10.4905
452,35.6276
403,10.6271
453,35.6089
404,10.5294
454,34.5704
405,10.6821
455,35.2240
406,10.6498
456,35.7271
407,10.5302
457,35.4235
408,10.6307
458,35.5574
409,10.3166
459,35.3148
410,10.3612
460,35.5730
411,10.4895
461,38.1442
412,9.1693
462,37.7954
413,10.2096
463,35.0577
414,10.8821
464,37.4085
415,10.3179
465,34.8375
416,10.2135
466,34.6513
417,10.1465
467,34.8831
418,10.1809
468,35.1494
419,10.0429
469,35.0729
420,10.6168
470,34.9878
421,10.4704
471,34.9645
422,10.7076
472,35.7507
423,10.2469
473,34.9294
424,10.5203
474,35.3842
425,10.4099
475,35.1016
426,10.2137
476,34.9932
427,10.7661
477,35.1203
428,10.1406
478,35.1122
429,10.0463
479,35.1109
430,9.8743
480,35.1898
431,11.4407
481,36.7511
432,10.6435
482,34.8345
433,9.7804
483,34.9346
434,10.1842
484,34.8849
435,10.8033
485,35.2347
436,10.7084
486,35.3696
437,10.1031
487,35.1664
438,10.1064
488,36.0423
439,10.2465
489,34.1805
440,10.0321
490,35.1609
441,10.8066
491,35.5497
442,10.0576
492,35.3540
443,10.6233
493,35.0784
444,10.0098
494,34.9913
445,10.0327
495,35.3242
446,10.0049
496,35.0296
447,10.0738
497,35.1332
448,10.3750
498,34.0139
449,9.8790
499,35.5136
450,10.7444
500,35.4568
451,11.0914
501,35.0852
452,10.7885
502,35.1202
453,10.6305
503,35.4787
454,10.4547
504,34.9439
455,10.8264
505,38.1715
456,8.5378
506,37.6211
457,10.6730
507,35.4016
458,10.1759
508,34.8428
459,10.5720
509,35.2557
460,10.3902
510,34.9860
461,10.6814
511,36.2862
462,10.2854
512,37.7031
463,10.7886
513,35.7291
464,11.1204
514,35.8687
465,10.8932
515,38.1093
466,10.5433
516,36.0159
467,10.6532
517,35.7380
468,10.7040
518,35.9835
469,10.7905
519,35.0098
470,10.5320
520,35.5001
471,10.8025
521,35.5246
472,10.6858
522,35.7428
473,10.4034
523,35.2546
474,10.4540
524,35.6223
475,10.7007
525,36.0462
476,11.0308
526,35.6766
477,10.8690
527,35.0279
478,10.5502
528,36.0597
479,10.6780
529,35.5286
480,10.2495
530,37.9748
481,10.5630
531,35.2856
482,10.7341
532,35.9339
483,10.5056
533,35.7233
484,10.6506
534,35.7883
485,10.7190
535,35.8185
486,10.6130
536,34.9969
487,10.6457
537,35.1463
488,10.8876
538,35.7155
489,10.4699
539,35.7948
490,10.5957
540,35.6360
491,10.6257
541,35.3842
492,10.7240
542,35.3468
493,10.5931
543,35.8808
494,10.8386
544,36.0304
495,10.3974
545,37.8992
496,10.6766
546,35.4813
497,10.2006
547,35.3940
498,10.3774
548,35.3976
499,9.8721
549,35.9920
500,10.2226
550,35.3678
501,10.4471
551,35.8520
502,10.3211
552,36.1153
503,10.0655
553,35.5094
504,10.4436
554,36.0230
505,9.8138
555,35.7443
506,9.9863
556,35.5574
507,10.1475
557,35.0356
508,9.8176
558,34.7099
509,10.3137
559,34.9576
510,9.9647
560,35.0829
511,9.7045
561,35.7276
512,9.6868
562,34.7552
513,9.8134
563,37.3574
514,10.4261
564,35.9486
515,10.4134
565,35.1734
516,10.9294
566,35.6957
517,10.8417
567,36.2228
518,10.4953
568,35.4288
519,10.6942
569,36.3372
520,10.7768
570,35.8909
521,10.4540
571,35.3209
522,10.7279
572,35.2902
523,9.8285
573,36.1586
524,10.8535
574,35.4345
525,10.2814
575,35.9135
526,9.7711
576,35.2043
527,9.8937
577,35.7143
528,10.5188
578,35.4206
529,10.4058
579,35.2675
530,13.4111
580,36.2278
531,12.7902
581,35.9530
532,12.5581
582,35.7818
533,14.0376
583,38.6277
534,13.4323
584,36.9467
535,11.5385
585,35.1457
536,12.3487
586,35.6285
537,12.6585
587,35.2896
538,12.6561
588,35.2978
539,12.4577
589,35.4922
540,12.1381
590,35.3704
541,12.4175
591,34.9985
542,11.7297
592,35.2632
543,12.1579
593,35.5942
544,12.7877
594,37.1518
545,11.7921
595,35.8406
546,12.3274
596,36.5052
547,12.4488
597,35.9170
548,12.1824
598,35.7401
549,11.8030
599,35.2156
550,12.1264
600,35.5362
551,11.3993
601,35.1288
552,11.9965
602,35.5960
553,11.9542
603,34.9559
554,11.8119
604,34.6965
555,12.0844
605,35.2897
556,11.6896
606,35.5243
557,11.6093
607,35.4319
558,12.1045
608,35.6872
559,12.0168
609,35.6802
560,12.9913
610,35.1084
561,12.1728
611,35.1922
562,12.5233
612,34.9446
563,11.6873
613,35.0089
564,12.3565
614,35.7144
565,12.6052
615,35.8584
566,12.2279
616,35.3584
567,12.1573
617,35.1171
568,13.5595
618,37.1457
569,12.8325
619,35.5784
570,12.1496
620,35.6904
571,12.2358
621,35.2254
572,11.7805
622,35.2180
573,11.9973
623,35.2939
574,13.5293
624,36.0408
575,12.6193
625,35.6146
576,12.4484
626,35.1121
577,11.7235
627,35.6849
578,12.9647
628,37.7323
579,12.7648
629,34.9736
580,12.2279
630,35.3005
581,12.9901
631,36.8761
582,13.4662
632,37.3312
583,12.1408
633,35.7514
584,12.4104
634,36.0280
585,13.0778
635,35.5402
586,12.2344
636,35.5159
587,12.4636
637,36.2495
588,12.5019
638,35.5569
589,12.5945
639,35.7472
590,11.9280
640,35.9999
591,12.9086
641,35.8116
592,12.4769
642,35.9608
593,12.8806
643,36.4118
594,11.9649
644,35.7015
595,12.0471
645,35.7770
596,12.2419
646,36.1094
597,12.3282
647,35.6469
598,12.5784
648,36.1305
599,12.4837
649,35.6547
600,13.0579
650,35.5574
601,12.3112
651,35.6826
602,12.5703
652,36.2987
603,12.6750
653,36.2309
604,12.9339
654,36.0276
605,13.0028
655,35.3404
606,13.1472
656,35.5326
607,12.7135
657,35.2887
608,12.1157
658,35.5556
609,13.0156
659,36.1897
610,12.1883
660,36.7339
611,12.8367
661,35.6158
612,12.2675
662,36.4038
613,12.9043
663,35.8272
614,12.1449
664,35.9914
615,12.3394
665,35.9363
616,11.9080
666,35.9054
617,12.2156
667,36.1171
618,12.3390
668,35.6010
619,12.4585
669,35.9229
620,12.2789
670,35.8104
621,12.6566
671,35.9455
622,12.2038
672,36.3201
623,13.0472
673,36.0716
624,12.1053
674,36.2633
625,13.4925
675,37.9853
626,12.6807
676,36.1077
627,12.5773
677,36.0372
628,12.8709
678,35.7723
629,13.1868
679,38.1371
630,12.9330
680,35.2558
631,12.5142
681,35.5003
632,12.6222
682,35.5966
633,12.4385
683,35.9618
634,12.2683
684,35.7951
635,12.0443
685,35.3259
636,12.2492
686,35.8016
637,12.6692
687,35.9816
638,12.7237
688,35.6814
639,12.7272
689,36.0604
640,12.3460
690,36.0660
641,12.7196
691,35.5015
642,12.2132
692,35.8773
643,12.0793
693,35.8534
644,12.9202
694,35.9353
645,12.5558
695,36.2507
646,12.6764
696,36.1950
647,12.5962
697,35.7366
648,12.4492
698,35.8745
649,14.1051
699,37.2885
650,13.3107
700,36.4779
651,15.1883
701,36.2430
652,13.4329
702,35.8470
653,13.3261
703,35.8253
654,13.8160
704,36.2331
655,13.3116
705,35.4007
656,13.3941
706,36.5235
657,13.1389
707,36.2368
658,13.2949
708,36.0997
659,13.9819
709,36.2789
660,13.8477
710,37.7729
661,13.4710
711,36.4644
662,13.3277
712,36.5881
663,13.5930
713,36.1153
664,13.1982
714,35.9437
665,13.2296
715,35.9604
666,13.2384
716,35.8278
667,13.3729
717,35.6569
668,13.2496
718,35.8710
669,13.8908
719,36.1660
670,13.3203
720,36.0406
671,14.5628
721,38.2146
672,13.2105
722,35.4772
673,14.8823
723,35.4364
674,13.5546
724,35.9586
675,13.3859
725,36.0527
676,13.4925
726,36.5407
677,13.7148
727,35.2503
678,13.5894
728,35.5384
679,13.3838
729,36.0837
680,13.5415
730,36.0772
681,13.7340
731,36.2535
682,12.8845
732,35.8087
683,13.7882
733,36.4177
684,13.7533
734,35.8600
685,13.5428
735,36.2815
686,14.9105
736,36.2589
687,13.8180
737,35.4017
688,14.1007
738,36.2804
689,14.7071
739,35.7239
690,13.6721
740,35.4702
691,13.1050
741,35.9809
692,13.9958
742,36.4812
693,13.2032
743,35.4143
694,13.6683
744,36.0975
695,13.5143
745,36.0708
696,13.4022
746,36.2636
697,13.0025
747,36.0351
698,14.4931
748,36.1176
699,13.7122
749,36.0375
700,14.0517
750,36.2567
701,13.1253
751,35.4174
702,13.0689
752,35.9306
703,13.8003
753,35.4927
704,15.3222
754,35.8594
705,13.7645
755,35.9350
706,13.8159
756,37.5342
707,13.2113
757,35.4516
708,13.1894
758,36.0380
709,13.9983
759,36.3830
710,13.2137
760,36.1126
711,13.9472
761,37.9586
712,13.0395
762,35.3386
713,13.3745
763,37.7044
714,13.8033
764,35.9292
715,13.1537
765,36.6475
716,13.8202
766,36.0601
717,13.4975
767,35.7884
718,13.1923
768,36.0864
719,13.3317
769,35.9964
720,13.7536
770,37.1418
721,14.2967
771,37.3729
722,13.1639
772,35.9014
723,13.3360
773,35.9445
724,13.6001
774,36.3582
725,13.0707
775,36.1564
726,13.3992
776,36.3482
727,13.2547
777,36.1046
728,14.9751
778,36.8303
729,13.9282
779,36.0322
730,13.3906
780,36.2730
731,13.9705
781,35.3299
732,13.4389
782,36.1400
733,13.2095
783,35.2667
734,13.2108
784,36.1546
735,13.5188
785,36.5264
736,13.4932
786,36.3550
737,13.3140
787,36.1129
738,13.0970
788,35.7684
739,13.1095
789,36.0239
740,13.3872
790,35.5070
741,13.3634
791,36.1098
742,13.3249
792,35.5136
743,13.1292
793,36.1790
744,13.5674
794,37.7398
745,13.9297
795,36.1012
746,13.9598
796,35.8718
747,13.2027
797,35.6961
748,13.5088
798,36.5927
749,13.1491
799,35.9221
750,14.1017
800,35.4770
751,13.5909
801,36.2842
752,13.5793
802,36.2917
753,13.8354
803,36.4755
754,13.8948
804,35.6313
755,13.5663
805,36.1069
756,13.6804
806,36.0556
757,13.6698
807,36.0898
758,13.5459
808,38.6128
759,14.0861
809,35.3151
760,13.6543
810,35.0934
761,13.8297
811,35.8725
762,13.4227
812,35.7991
763,13.3352
813,35.8868
764,13.5144
814,35.7781
765,13.2577
815,35.5457
766,14.3189
816,35.9119
767,13.4260
817,35.9138
768,14.0148
818,35.9994
769,13.3248
819,35.9806
770,13.4869
820,36.0400
771,13.8917
821,36.0270
772,13.1581
822,36.3007
773,14.4671
823,36.1129
774,13.3282
824,36.2109
775,13.9487
825,37.9938
776,14.0234
826,35.9261
777,13.4218
827,36.1998
778,14.0314
828,36.3277
779,14.1556
829,36.1201
780,13.6952
830,35.9759
781,14.3828
831,36.0535
782,13.5835
832,36.3589
783,13.4986
833,36.0571
784,13.2848
834,36.3621
785,14.7916
835,35.8880
786,14.4578
836,35.5487
787,13.3205
837,36.6340
788,13.2749
838,36.0063
789,15.4722
839,38.3842
790,11.2322
840,35.7559
791,10.0492
841,33.8329
792,10.3779
842,34.4716
793,10.1569
843,34.2021
794,10.1220
844,33.9625
795,10.3294
845,34.2675
796,9.7231
846,34.7126
797,9.8738
847,33.9849
798,10.2272
848,34.2358
799,10.0389
849,33.8811
800,9.8542
850,34.4723
801,9.9172
851,34.2422
802,10.0220
852,33.8069
803,9.7793
853,33.6675
804,10.2119
854,33.8044
805,10.1228
855,33.6921
806,9.7066
856,34.2554
807,10.1394
857,33.7988
808,10.0551
858,34.0966
809,10.2093
859,33.9999
810,10.0033
860,33.8167
811,10.0126
861,33.6183
812,9.5697
862,33.7782
813,8.4990
863,33.9249
814,8.5646
864,33.4141
815,8.3785
865,36.8623
816,8.3427
866,34.0965
817,8.2103
867,33.5712
818,8.4256
868,34.0935
819,8.5036
869,35.1274
820,8.6256
870,34.7283
821,8.5601
871,34.7889
822,8.5247
872,34.0183
823,8.8028
873,34.1857
824,8.6477
874,36.6454
825,8.8203
875,34.4838
826,8.6630
876,34.1191
827,8.6925
877,34.4629
828,8.3379
878,34.8696
829,8.3532
879,34.9126
830,8.4674
880,34.9075
831,8.6975
881,34.6286
832,8.8540
882,34.7514
833,8.5346
883,34.0537
834,8.2725
884,33.9255
835,8.5408
885,33.6267
836,8.8852
886,33.9227
837,8.9090
887,34.0437
838,8.9476
888,34.0938
839,8.7461
889,33.8667
840,8.7077
890,33.6316
841,8.3218
891,34.0613
842,8.3094
892,33.9323
843,8.0289
893,34.6276
844,8.7369
894,34.5983
845,9.9076
895,34.2282
846,9.2453
896,34.4729
847,9.1174
897,33.7685
848,9.2506
898,34.0186
849,9.3726
899,33.9880
850,9.1006
900,34.5729
851,9.3078
901,33.5050
852,9.2465
902,33.6839
853,9.2913
903,34.1787
854,9.3223
904,33.7913
855,10.7792
905,33.9436
856,9.9376
906,35.0167
857,9.4354
907,34.8934
858,9.3526
908,33.5232
859,9.3429
909,33.7097
860,9.3488
910,33.9713
861,9.1893
911,33.4988
862,9.3748
912,33.8366
863,9.1741
913,34.1260
864,9.4010
914,34.1126
865,9.2062
915,34.0693
866,9.2633
916,34.3557
867,9.2082
917,34.0063
868,9.5208
918,34.4780
869,9.1094
919,34.0510
870,9.4207
920,33.7294
871,9.5545
921,37.1500
872,10.4325
922,33.9428
873,9.3123
923,33.9782
874,10.5717
924,34.2331
875,9.3119
925,34.2136
876,9.3610
926,34.0084
877,9.0910
927,33.7686
878,9.2827
928,33.5283
879,10.6685
929,33.6398
880,9.0339
930,33.3579
881,9.4402
931,33.9832
882,9.2629
932,34.1930
883,9.1782
933,35.1127
884,9.1475
934,33.6031
885,10.0028
935,37.6363
886,10.6011
936,34.0114
887,9.5547
937,34.6921
888,10.0134
938,36.6383
889,9.5010
939,34.2861
890,9.4814
940,34.2978
891,9.1389
941,33.4123
892,10.3086
942,34.2549
893,8.4473
943,33.9711
894,7.6861
944,33.9016
895,8.4825
945,34.6380
896,8.7698
946,34.3057
897,8.8624
947,34.6691
898,9.4423
948,34.2439
899,9.0276
949,34.1698
900,7.2910
950,34.1636
901,7.3825
951,34.0424
902,7.4742
952,34.1311
903,7.3427
953,33.4628
904,7.5787
954,34.0791
905,7.5994
955,34.0716
906,7.4328
956,33.9034
907,7.5650
957,34.6804
908,8.7268
958,33.7760
909,7.5177
959,34.1515
960,34.0180
910,7.6231
961,33.4875
911,7.6840
962,34.2781
912,9.5176
963,37.2812
913,9.6306
964,34.3351
914,9.3345
965,33.9052
915,9.1911
966,34.1682
916,9.6252
967,33.3650
917,9.3351
968,34.3002
918,8.8582
969,34.2501
919,9.4015
970,33.8249
920,7.6124
971,34.0986
921,7.4427
972,34.2441
922,7.3214
973,34.3074
923,7.3472
974,34.1816
924,8.6674
975,34.1691
925,7.4435
976,33.6259
926,7.3961
977,34.1932
927,7.3721
978,33.4567
928,7.2830
979,34.2028
980,34.5160
929,7.5163
981,34.5498
930,7.6053
982,34.6578
931,9.0108
983,33.8478
932,9.7164
984,34.2116
933,9.0725
985,34.0434
934,8.9317
986,33.7744
935,9.4439
987,33.7987
936,8.9999
988,33.9502
937,8.8863
989,35.6267
938,10.1127
990,33.3416
939,8.5762
991,33.9713
940,7.4574
992,34.0740
941,7.2882
993,34.0537
942,7.2458
994,34.1230
943,7.2235
995,33.5947
944,7.2308
996,33.4389
945,7.3793
997,34.2995
946,7.3945
998,34.2703
947,7.3452
999,34.1426
948,7.4089
1000,33.1741
949,7.3068
1001,33.7341
950,7.3983
1002,34.0106
951,7.2450
1003,33.9980
952,7.4631
1004,34.3859
1005,34.1939
953,7.5001
1006,34.4779
954,7.9239
1007,34.0802
955,8.1638
1008,35.0413
956,9.1629
1009,34.0176
957,9.3393
1010,33.8342
958,9.1086
1011,33.6699
959,11.2861
1012,33.1818
960,9.7072
1013,34.0346
961,9.7309
1014,34.6871
962,8.5543
1015,34.0914
963,7.3787
1016,34.2547
964,7.5312
1017,34.1349
965,7.5778
1018,34.1921
966,7.3721
1019,34.2986
967,7.3478
1020,34.4657
968,7.2850
1021,36.6374
969,7.2044
1022,34.1715
970,7.3050
1023,33.9455
971,9.5637
1024,33.7271
972,7.3831
1025,34.1895
973,7.3939
1026,33.5047
974,7.2351
1027,33.8472
1028,34.1462
975,7.4446
1029,33.9550
976,7.5949
1030,33.6856
977,8.7990
1031,34.0846
978,9.6026
1032,34.1774
979,9.3060
1033,34.0241
980,9.0142
1034,34.0118
981,9.1388
1035,33.2229
982,9.0831
1036,33.5214
983,9.3764
1037,33.9281
984,9.4383
1038,36.9626
985,8.9865
1039,33.9335
986,7.3681
1040,33.9764
987,7.4745
1041,34.3238
988,7.3784
1042,34.0922
989,7.4036
1043,33.9002
990,7.5285
1044,33.1621
991,7.5220
1045,34.3972
992,7.5282
1046,36.0874
993,7.3306
1047,33.9478
994,7.4178
1048,34.3703
995,7.3601
1049,34.2584
996,7.4389
1050,34.0890
1051,34.4844
997,7.7776
1052,34.2080
998,7.7303
1053,34.4856
999,8.1693
1054,33.5421
1000,9.6000
1055,33.9086
1001,10.0785
1056,33.4316
1002,9.4998
1057,34.1394
1003,9.2669
1058,33.8489
1004,8.7950
1059,33.6930
1005,8.9794
1060,33.8642
1006,7.3386
1061,33.9581
1007,7.4732
1062,34.1128
1008,7.3981
1063,33.6907
1009,7.4481
1064,34.1908
1010,7.5476
1065,33.7105
1011,7.4597
1066,34.2004
1012,7.4113
1067,34.0570
1013,7.4802
1068,34.1872
1069,33.8887
1014,7.6012
1070,34.1059
1015,7.9378
1071,34.5524
1016,7.9961
1072,34.2218
1017,9.3143
1073,33.6438
1018,9.3438
1074,34.1418
1019,9.1323
1075,33.9448
1020,8.8915
1076,33.6449
1021,8.9600
1077,33.0407
1022,10.1203
1078,34.3978
1023,10.0828
1079,34.2895
1024,9.3470
1080,34.4263
1025,7.7325
1081,33.9721
1026,7.3774
1082,33.6055
1027,7.2318
1083,33.8863
1028,7.4670
1084,33.8864
1029,7.3434
1085,36.2160
1030,7.5153
1086,34.1602
1031,7.4456
1087,34.0192
1032,7.3935
1088,33.6759
1033,7.4788
1089,34.2154
1034,7.4798
1090,34.1383
1035,7.3586
1091,33.9984
1092,33.8415
1036,7.9019
1093,34.1335
1037,8.8921
1094,34.4379
1038,8.7665
1095,34.0045
1039,10.3980
1096,33.9519
1040,10.3983
1097,36.1686
1041,8.8392
1098,33.8586
1042,9.1246
1099,33.7550
1043,9.1962
1100,33.8534
1044,8.8316
1101,34.0766
1045,8.9965
1102,33.8017
1046,11.3495
1103,33.8970
1047,7.9554
1104,34.2277
1048,7.3975
1105,34.0384
1049,7.3851
1106,34.1090
1050,7.4594
1107,34.6311
1051,7.4428
1108,33.8391
1052,7.3983
1109,33.7692
1053,7.4332
1110,34.8574
1054,8.6090
1111,34.1989
1055,7.4138
1112,33.9584
1056,7.3460
1113,34.1578
1114,33.6883
1057,7.7517
1115,33.9993
1058,9.6160
1116,34.9014
1059,9.3890
1117,34.0753
1060,9.6443
1118,33.8402
1061,10.3833
1119,36.6082
1062,10.0130
1120,33.7932
1063,9.1479
1121,34.2793
1064,10.1846
1122,34.0218
1065,9.3658
1123,34.7012
1066,10.0008
1124,37.3373
1067,8.9794
1125,34.2803
1068,7.6783
1126,33.9032
1069,7.3674
1127,33.9704
1070,7.3420
1128,33.9342
1071,7.4031
1129,34.3322
1072,7.4898
1130,33.8829
1073,7.3433
1131,34.1336
1074,7.3383
1132,34.0749
1075,7.4041
1133,33.8977
1076,7.4129
1134,33.7717
1077,7.4831
1135,34.0677
1078,7.4687
1136,34.1463
1079,7.1773
1137,33.6964
1138,33.9943
1080,7.6298
1139,34.6076
1081,10.3778
1140,33.4819
1082,9.1773
1141,34.1272
1083,9.0773
1142,34.8207
1084,9.2157
1143,33.9291
1085,8.4795
1144,36.4786
1086,9.5573
1145,33.7404
1087,9.7444
1146,33.9652
1088,8.1503
1147,33.8710
1089,7.2219
1148,34.3289
1090,7.3646
1149,33.6683
1091,7.4499
1150,33.9299
1092,7.3605
1151,34.1564
1093,8.6380
1152,34.3298
1094,7.5427
1153,34.1206
1095,7.3907
1154,34.1113
1096,7.4800
1155,34.3913
1097,7.3236
1156,33.9480
1098,7.4162
1157,34.0885
1158,33.7796
1099,7.5328
1159,33.5897
1100,7.9701
1160,33.9683
1101,8.2369
1161,34.6441
1102,9.3780
1162,33.6631
1103,9.1649
1163,33.4780
1104,9.2619
1164,33.5062
1105,9.1500
1165,33.6721
1106,8.8971
1166,33.9562
1107,9.7801
1167,33.8218
1108,7.3164
1168,34.1545
1109,7.4026
1169,33.9707
1110,7.4385
1170,33.6852
1111,7.5258
1171,34.1846
1112,7.4604
1172,34.1079
1113,7.3649
1173,34.4022
1114,7.4553
1174,33.5576
1115,7.5615
1175,33.9287
1176,34.5576
1116,7.5040
1177,34.1803
1117,8.8840
1118,7.7114
1178,34.9652
1179,34.5639
1119,7.7018
1180,34.4746
1120,7.4002
1181,34.1438
1121,7.4895
1182,34.4475
1122,7.5466
1183,34.7302
1123,7.6205
1184,33.6401
1124,7.5169
1185,34.6198
1125,7.5362
1186,34.5691
1126,7.7117
1187,34.2193
1127,7.5678
1188,34.7980
1128,8.7965
1129,7.5035
1189,35.0060
1190,34.2204
1130,7.4164
1191,34.7770
1131,7.6025
1192,35.2519
1132,7.4448
1193,34.0870
1133,7.6833
1194,34.5944
1134,7.3993
1135,7.4494
1195,34.6247
1196,34.0743
1136,7.3748
1197,34.8421
1137,7.4756
1138,7.4812
1198,34.3779
1199,34.1016
1139,7.5648
1200,34.4523
1140,7.6605
1201,33.6476
1141,7.6381
1202,34.6277
1142,7.5038
1203,33.6239
1143,7.7699
1204,35.0416
1144,7.7149
1205,34.5762
1145,8.9029
1206,35.8441
1146,7.7504
1207,33.6783
1147,8.7526
1148,7.4921
1208,35.1850
1209,33.8621
1149,7.8333
1210,35.0934
1150,7.6184
1211,34.2112
1151,7.7493
1212,34.7732
1152,8.7286
1153,7.6060
1213,35.2105
1214,34.0943
1154,7.5285
1215,34.7899
1155,7.4194
1216,34.5023
1156,7.5473
1217,34.6228
1157,7.5331
1218,34.8855
1158,7.4505
1219,34.3145
1159,8.7476
1220,35.0065
1160,7.5668
1221,34.2859
1161,7.5499
1222,34.7998
1162,7.7032
1223,34.1321
1163,7.6456
1224,34.5463
1164,7.4740
1225,34.4234
1165,7.4149
1226,33.4725
1166,7.4708
1227,34.6386
1167,7.5509
1228,34.3099
1168,7.6610
1229,34.0492
1169,7.4675
1230,35.2570
1170,7.5387
1231,33.9998
1171,7.4328
1232,34.5928
1172,7.5036
1233,34.4775
1173,7.4424
1234,33.9509
1174,7.3999
1235,34.5630
1175,7.6214
1176,7.5625
1236,33.9739
1237,33.8619
1177,7.4150
1178,7.6222
1238,34.5719
1179,7.3769
1239,36.4766
1180,7.5188
1240,33.8515
1241,34.5824
1181,8.9932
1182,7.3071
1242,34.4594
1243,33.7450
1183,7.5803
1244,34.1450
1184,7.4395
1245,34.9685
1185,8.6956
1246,35.0420
1186,8.8388
1247,34.6289
1187,7.4610
1248,34.4320
1188,7.4910
1249,33.8257
1189,7.4915
1250,34.9804
1190,7.4460
1251,33.6188
1191,7.5005
1252,34.7603
1192,8.6662
1253,35.0166
1193,7.7675
1254,36.8784
1194,7.5869
1255,34.1589
1195,7.6704
1256,35.0292
1196,7.5493
1257,34.6075
1197,8.6974
1258,35.1474
1198,7.6355
1259,34.2305
1199,7.5728
1260,34.7469
1200,7.4007
1261,34.6401
1201,7.4194
1262,34.6881
1202,7.3978
1263,33.9260
1203,7.3517
1264,34.2905
1204,7.5022
1265,34.4357
1205,7.5767
1206,7.4776
1266,34.3521
1267,34.2723
1207,7.5476
1208,7.4716
1268,33.8620
1269,33.6354
1209,7.4290
1210,7.4197
1270,34.5274
1271,34.0510
1211,7.6459
1272,34.7186
1212,7.2288
1273,33.5877
1213,7.4401
1274,34.3171
1214,7.6137
1275,34.5402
1215,7.3941
1276,34.7529
1216,7.5043
1277,34.3455
1217,7.3740
1278,35.0652
1218,7.6223
1279,34.3706
1219,7.5524
1280,34.3878
1220,7.7008
1221,7.4247
1281,35.0323
1282,34.2795
1222,7.3652
1283,34.4329
1223,7.5875
1284,34.2639
1224,7.5725
1285,33.9398
1225,7.5358
1286,34.6736
1226,7.8609
1227,7.5021
1287,37.1810
1288,34.2775
1228,7.4105
1289,34.7397
1229,7.4678
1290,35.1460
1230,7.4816
1291,34.6824
1231,7.5375
1292,34.7629
1232,8.7441
1293,35.4561
1233,7.8153
1234,7.3950
1294,34.4962
1235,7.4453
1295,33.9930
1236,7.3181
1296,34.2169
1297,34.2162
1237,7.4340
1298,34.5162
1238,7.2865
1299,33.9652
1239,7.3034
1300,34.3176
1240,7.4816
1301,34.5621
1241,7.3247
1302,34.1382
1242,7.2714
1303,34.1919
1243,7.3478
1304,34.4324
1244,8.8793
1245,7.5264
1305,35.0904
1246,7.5228
1306,34.0711
1247,7.3124
1307,34.5835
1308,33.5803
1248,7.5576
1309,34.8237
1249,7.4141
1250,8.6472
1310,34.3741
1311,34.4885
1251,7.5194
1252,7.2358
1312,34.2395
1313,33.7133
1253,7.5618
1254,7.2816
1314,37.2220
1255,7.3638
1315,36.4038
1316,33.9567
1256,7.2583
1317,33.6120
1257,7.3350
1258,7.2678
1318,35.0614
1319,33.6718
1259,7.3595
1320,34.7600
1260,7.3559
1321,34.2706
1261,7.4701
1322,34.5015
1262,7.3030
1323,34.5066
1263,7.6736
1324,34.8696
1264,7.4825
1265,7.4466
1325,34.3009
1326,33.9444
1266,7.4772
1327,34.5699
1267,7.5578
1328,34.5676
1268,7.2244
1329,33.8082
1269,7.3506
1330,34.4329
1270,7.6533
1271,7.4273
1331,35.0253
1272,7.3654
1332,37.6238
1333,34.2630
1273,7.5166
1334,34.0434
1274,8.6602
1275,7.4475
1335,34.9346
1336,33.7862
1276,7.4426
1337,34.6852
1277,7.2147
1338,34.3011
1278,7.4527
1339,34.3532
1279,7.3332
1340,34.5478
1280,7.3411
1281,7.3641
1341,34.3255
1342,34.1244
1282,7.4450
1343,34.0165
1283,7.4425
1344,35.3140
1284,7.5027
1345,34.4970
1285,7.2681
1346,33.6519
1286,7.4550
1347,34.8885
1287,7.4313
1348,34.2151
1288,7.5229
1349,34.5339
1289,7.2035
1350,33.8557
1290,7.4098
1351,34.8306
1291,7.3963
1352,34.5936
1292,7.4556
1353,34.5895
1293,7.5835
1354,34.4165
1294,7.4377
1355,34.6310
1295,7.4820
1356,33.9426
1296,7.4271
1357,34.4477
1297,7.2722
1358,34.5851
1298,7.5350
1359,34.4229
1299,7.3939
1360,34.9117
1300,7.4406
1361,34.0329
1301,7.4237
1362,34.3998
1302,7.4368
1363,34.3319
1303,7.5306
1364,34.1235
1304,7.5506
1365,34.6051
1305,7.3537
1366,34.5849
1306,7.4611
1367,34.6336
1307,7.7393
1308,7.3688
1368,35.5309
1309,7.3372
1369,34.4584
1310,7.3553
1370,34.1960
1371,34.2356
1311,7.4786
1312,8.4919
1372,34.3418
1373,34.2300
1313,7.6099
1374,34.4872
1314,7.4529
1375,34.4349
1315,7.4792
1376,34.4031
1316,7.6251
1317,7.4889
1377,35.0727
1378,34.0288
1318,7.5952
1379,34.6318
1319,8.9194
1320,7.5425
1380,35.7171
1381,33.8868
1321,7.3819
1382,34.4364
1322,7.4579
1383,35.1323
1323,7.5233
1384,34.2864
1324,7.6238
1385,34.4408
1325,7.5926
1386,34.3105
1326,7.5552
1387,33.8974
1327,8.7049
1328,8.0332
1388,35.1596
1329,7.4327
1389,34.2452
1390,33.7160
1330,7.3983
1391,34.5586
1331,9.0369
1392,35.2133
1332,7.6038
1393,34.3141
1333,7.5277
1394,35.1473
1334,7.5653
1395,34.5397
1335,8.7846
1336,7.5818
1396,35.4795
1337,7.5268
1397,33.8637
1398,34.2162
1338,7.4126
1399,34.2928
1339,7.5044
1400,34.6747
1340,7.5279
1341,7.3707
1401,34.0987
1402,34.3823
1342,7.3632
1343,7.2664
1403,34.1142
1404,33.8440
1344,7.4086
1405,34.6998
1345,7.3532
1406,34.2320
1346,7.3456
1407,34.0529
1347,7.3196
1408,34.3560
1348,7.3723
1409,34.6467
1349,7.3361
1410,33.9876
1350,7.4655
1411,34.4910
1351,7.4815
1412,34.9715
1352,7.4007
1413,33.7364
1353,7.5544
1414,34.9327
1354,8.6648
1355,7.5183
1415,35.3595
1356,7.4177
1416,34.1763
1357,7.3830
1417,34.2465
1418,34.0348
1358,7.4490
1419,34.6007
1359,7.5136
1420,33.9331
1360,7.6892
1421,35.3270
1361,7.2616
1422,33.9254
1362,7.3192
1423,34.1598
1363,7.5094
1424,34.6824
1364,7.4794
1425,34.8750
1365,7.4541
1426,34.4225
1366,8.7308
1367,7.7974
1427,34.4906
1368,7.3386
1428,34.4013
1429,33.9891
1369,7.5691
1430,34.2826
1370,7.3866
1431,33.9894
1371,7.3217
1432,34.0117
1372,7.4625
1433,34.7706
1373,7.3788
1434,34.2623
1374,10.0077
1435,33.6035
1375,9.0404
1436,32.8117
1376,8.2801
1437,33.2450
1377,8.1700
1438,33.3378
1378,8.3372
1439,33.8168
1379,8.3072
1440,33.3681
1380,8.3791
1441,33.5651
1381,8.3888
1442,33.5823
1382,8.2849
1443,33.1531
1383,8.3815
1384,8.1737
1444,33.9661
1445,33.0051
1385,8.4091
1446,34.3056
1386,8.6110
1447,33.7834
1387,8.2897
1448,32.9901
1388,8.3943
1389,8.1591
1449,33.5866
1450,32.7614
1390,9.2606
1451,33.3630
1391,8.7765
1452,34.0959
1392,8.4337
1453,33.6378
1393,8.3487
1454,32.7315
1394,8.2156
1455,33.1420
1395,8.2594
1456,33.2069
1396,8.1043
1457,33.2884
1397,8.1978
1458,33.5163
1398,8.6420
1399,8.3491
1459,34.0466
1460,33.1272
1400,8.2652
1401,9.3542
1461,35.7120
1402,8.5816
1462,33.5235
1463,33.1138
1403,8.0606
1464,33.6340
1404,8.2876
1465,33.8812
1405,8.0205
1466,33.1107
1406,8.3405
1467,33.9730
1407,8.2408
1468,33.6401
1408,8.2852
1469,33.7440
1409,8.2085
1410,8.2899
1470,34.1598
1471,33.3585
1411,8.2718
1472,33.4536
1412,8.1178
1473,33.2375
1413,8.0017
1474,33.0697
1414,8.6925
1475,34.3840
1415,8.0117
1476,32.6793
1416,8.6033
1477,34.3113
1417,8.1864
1478,33.5032
1418,9.4224
1419,8.5059
1479,36.8510
1480,32.5426
1420,9.5276
1421,8.7343
1481,34.9615
1422,8.0929
1482,33.1329
1483,33.4142
1423,8.2482
1484,33.4449
1424,8.2621
1485,33.6872
1425,9.3789
1486,34.5359
1426,8.8340
1487,33.2315
1427,8.0752
1488,33.6821
1428,8.4990
1489,34.0895
1429,8.1771
1490,33.4205
1430,8.5522
1491,34.5616
1431,8.3191
1492,34.3939
1432,9.4257
1433,8.2462
1493,34.1496
1494,33.0814
1434,8.1600
1435,8.1901
1495,33.4216
1496,33.2642
1436,8.1671
1497,33.5808
1437,8.5950
1498,33.9804
1438,8.0589
1499,32.8406
1439,8.1097
1500,33.9035
1440,8.0848
1501,33.7011
1441,8.3021
1502,33.7105
1442,8.3470
1503,34.4079
1443,8.2999
1504,33.4930
1444,8.3044
1505,33.2640
1445,8.5368
1506,33.5807
1446,8.3089
1507,32.9992
1447,8.2906
1508,33.6582
1448,8.4609
1509,33.7970
1449,8.3192
1510,33.4508
1450,8.2742
1511,33.3771
1451,8.3863
1512,34.0230
1452,8.3220
1453,8.3519
1513,33.2975
1514,33.6910
1454,9.4207
1455,8.1758
1515,33.9823
1516,33.0959
1456,8.3358
1517,34.0475
1457,8.2195
1518,34.0204
1458,9.3223
1519,33.9292
1459,9.4521
1520,34.2875
1460,8.4982
1461,7.9760
1521,33.7175
1522,32.7088
1462,8.3409
1523,33.7891
1463,7.8399
1524,32.8702
1464,8.2296
1525,33.5121
1465,9.7701
1526,34.6703
1466,8.4348
1527,33.1813
1467,8.2298
1528,33.3745
1468,8.3221
1529,33.4573
1469,8.1548
1530,33.7746
1470,9.5735
1471,8.3388
1531,34.6487
1532,33.0665
1472,8.2482
1533,34.1268
1473,8.3129
1534,33.5343
1474,8.0546
1535,33.0371
1475,8.1158
1536,33.0506
1476,8.1972
1537,33.3514
1477,8.2120
1538,33.6843
1478,8.3067
1539,33.6001
1479,8.3384
1540,33.9575
1480,8.1433
1541,32.9059
1481,8.2954
1542,33.0134
1482,8.3772
1543,33.8129
1483,8.2923
1544,33.5217
1484,8.3471
1545,33.8792
1485,8.1044
1546,32.7822
1486,8.3342
1547,33.8247
1487,8.4589
1548,33.5420
1488,8.5087
1489,8.2593
1549,33.9391
1550,33.4211
1490,8.6342
1551,34.1551
1491,8.4062
1492,8.3248
1552,34.0867
1553,33.1991
1493,8.7990
1554,34.4942
1494,8.4819
1555,33.7488
1495,8.4826
1556,33.6765
1496,8.5409
1557,32.9812
1497,8.2346
1558,33.1573
1498,8.3800
1559,33.6827
1499,9.0075
1560,34.5205
1500,8.5075
1561,33.3279
1501,8.7718
1502,8.2431
1562,36.8233
1503,8.3391
1563,33.4249
1564,33.6002
1504,8.4373
1565,34.0677
1505,9.4162
1506,8.5190
1566,34.4961
1567,33.3588
1507,8.1909
1568,33.4858
1508,8.4576
1569,33.8640
1509,8.0486
1570,33.0038
1510,8.2132
1571,34.0389
1511,8.2790
1512,8.0734
1572,34.2745
1573,33.1572
1513,8.3190
1574,33.6472
1514,8.7802
1515,7.9399
1575,34.2297
1576,32.7702
1516,8.0563
1577,33.3416
1517,9.4874
1518,8.2300
1578,34.2000
1579,33.1165
1519,8.7402
1580,34.1506
1520,8.0355
1581,32.8573
1521,8.0761
1582,33.3117
1522,8.6346
1523,9.2707
1583,34.1148
1584,33.5573
1524,8.4006
1585,33.5136
1525,8.5308
1586,33.9928
1526,8.1434
1587,33.6525
1527,8.1174
1588,33.2898
1528,8.1784
1589,33.6198
1529,8.0794
1590,32.3458
1530,8.6156
1531,8.0473
1591,34.6237
1592,32.9517
1532,8.5715
1533,8.1066
1593,33.9062
1594,33.2675
1534,8.1245
1595,33.5166
1535,8.4964
1596,34.3640
1536,8.3864
1597,33.7117
1537,8.6632
1538,8.1950
1598,34.0963
1599,33.0746
1539,8.0201
1600,32.6834
1540,8.2164
1601,33.7432
1541,8.5009
1602,33.5018
1542,8.2571
1603,33.4719
1543,8.6445
1544,8.1744
1604,34.2285
1605,32.7668
1545,8.1127
1606,33.4003
1546,8.1521
1607,33.7351
1547,9.4758
1608,34.2763
1548,8.4991
1609,33.5246
1549,8.1825
1610,33.6272
1550,8.0692
1611,33.1637
1551,8.2846
1612,33.7978
1552,8.2418
1613,33.8526
1553,8.5673
1554,8.1218
1614,34.2127
1615,32.9240
1555,8.0284
1616,33.5728
1556,8.5661
1617,34.2185
1557,8.1738
1618,33.6241
1558,8.0685
1619,32.8558
1559,8.6024
1560,8.1018
1620,34.2316
1621,33.1909
1561,8.2502
1622,33.3051
1562,8.1742
1623,33.8055
1563,8.1176
1624,33.5681
1564,8.2482
1625,33.3540
1565,8.5981
1626,34.4434
1566,8.4056
1567,8.1955
1627,33.2366
1628,32.6550
1568,8.4826
1629,33.9244
1569,8.3835
1630,33.1690
1570,8.1191
1631,33.0893
1571,8.4765
1632,34.1862
1572,8.1348
1633,33.4475
1573,8.0701
1634,32.9667
1574,8.6753
1635,34.1809
1575,8.2129
1576,8.2549
1636,33.5980
1637,33.1766
1577,8.7402
1638,34.0274
1578,8.2948
1639,33.1785
1579,8.2793
1640,33.1328
1580,8.6248
1641,34.7924
1581,8.2737
1642,33.5067
1582,8.4581
1643,33.4787
1583,8.6111
1644,33.9909
1584,8.2319
1645,33.4060
1585,9.2813
1646,33.6389
1586,8.2376
1647,33.8570
1587,8.4314
1648,33.9954
1588,8.1127
1649,33.3420
1589,8.6324
1590,8.0612
1650,34.1109
1651,33.0293
1591,8.1813
1652,33.6899
1592,9.5607
1653,34.6773
1593,8.6024
1654,33.0442
1594,7.9854
1655,33.3897
1595,8.0425
1656,34.4428
1596,8.1483
1597,8.1314
1657,33.6163
1658,33.0911
1598,8.5457
1659,34.1725
1599,8.1485
1660,33.5750
1600,9.6183
1661,33.5895
1601,8.3177
1662,33.9937
1602,8.1897
1663,33.6980
1603,8.0011
1664,33.0495
1604,9.6176
1605,8.2821
1665,34.7899
1666,33.1632
1606,8.1566
1667,34.4178
1607,8.0870
1668,33.8961
1608,9.4921
1669,34.0921
1609,8.1967
1670,33.3617
1610,8.1786
1671,33.7184
1611,7.9431
1672,33.1572
1612,8.0239
1673,33.2460
1613,8.0219
1674,33.5441
1614,8.1039
1675,34.0880
1615,8.5058
1676,33.8949
1616,8.2586
1677,33.2691
1617,8.6697
1678,34.2658
1618,8.1359
1679,33.0319
1619,8.0408
1680,33.1671
1620,8.2922
1681,34.3575
1621,7.9521
1682,33.5102
1622,8.3340
1683,33.6464
1623,8.1992
1684,33.7765
1624,8.1460
1685,33.7688
1625,8.1105
1686,32.9250
1626,8.6280
1687,34.4525
1627,9.5866
1628,8.4870
1688,35.1370
1689,33.1442
1629,8.0601
1690,33.9558
1630,8.0489
1691,33.0068
1631,8.1044
1692,33.6012
1632,8.0966
1693,33.6443
1633,8.5974
1694,34.2672
1634,8.5154
1635,7.9609
1695,33.8359
1696,32.8666
1636,8.4088
1637,8.1052
1697,34.4134
1698,33.4154
1638,8.3400
1699,33.5809
1639,9.5151
1640,8.0855
1700,34.2377
1701,33.3674
1641,8.0028
1702,33.2301
1642,8.5730
1643,7.9909
1703,34.1313
1704,32.6386
1644,8.0006
1705,33.7956
1645,8.6499
1646,8.0272
1706,34.0690
1707,33.1097
1647,8.5818
1708,33.7202
1648,8.1325
1709,33.5086
1649,8.3185
1710,33.2813
1650,8.4414
1711,33.8311
1651,8.1533
1712,34.1232
1652,8.3091
1653,8.0693
1713,33.3784
1714,33.0903
1654,8.0055
1715,33.3908
1655,8.3333
1716,33.6697
1656,8.2243
1717,33.3292
1657,8.0566
1718,33.3558
1658,8.2549
1719,34.0493
1659,7.9994
1720,33.4399
1660,8.0315
1721,33.0413
1661,8.5435
1722,34.2897
1662,8.1416
1723,33.0035
1663,9.1893
1724,33.9136
1664,8.1799
1725,33.7630
1665,8.0686
1726,34.0078
1666,8.0708
1727,32.9936
1667,8.4755
1668,8.0467
1728,34.0020
1729,33.2138
1669,7.9625
1730,32.7622
1670,8.1726
1731,33.7253
1671,8.2863
1732,33.7137
1672,8.1676
1733,33.3402
1673,8.3432
1734,34.2665
1674,9.1648
1675,8.6238
1735,34.0471
1736,33.1478
1676,8.2478
1737,33.2877
1677,8.2023
1738,33.6470
1678,8.5008
1679,8.1555
1739,33.8456
1740,33.3179
1680,8.2727
1741,33.2140
1681,8.2587
1742,33.7600
1682,8.2637
1743,33.3993
1683,8.3210
1744,33.4599
1684,8.3127
1745,33.4305
1685,8.3397
1746,33.0573
1686,8.2072
1747,33.1901
1687,8.4142
1748,33.1661
1688,8.1273
1749,32.7628
1689,8.2225
1750,33.5035
1690,8.2776
1751,33.3438
1691,9.3192
1752,34.3390
1692,8.4825
1753,32.6189
1693,9.1843
1754,34.1409
1694,8.7488
1755,33.0389
1695,8.2519
1756,33.9962
1696,8.2755
1757,33.5643
1697,8.2827
1758,33.7854
1698,9.1868
1759,34.0975
1699,8.5440
1760,33.0067
1700,8.0899
1761,33.9996
1701,8.2024
1762,33.4209
1702,8.3010
1763,33.3382
1703,8.3429
1764,34.1899
1704,8.2168
1765,33.6864
1705,9.3177
1766,33.7444
1706,8.6557
1767,33.5610
1707,8.1391
1768,33.3064
1708,8.2098
1769,33.3972
1709,8.1770
1770,33.0889
1710,8.1041
1771,33.3747
1711,7.9766
1772,32.8354
1712,8.0951
1773,33.2996
1713,8.0381
1774,33.3785
1714,8.1880
1775,33.4166
1715,8.0969
1716,8.1366
1776,34.3942
1777,32.7707
1717,8.0568
1778,33.3081
1718,8.1661
1779,33.2228
1719,8.4276
1720,8.1575
1780,33.8335
1781,32.8246
1721,8.3386
1782,32.9360
1722,8.1331
1783,33.3866
1723,8.4412
1784,33.3607
1724,8.2131
1785,33.5454
1725,8.3517
1786,32.9455
1726,8.3380
1787,33.6565
1727,9.4108
1788,33.7021
1728,8.5425
1789,33.0829
1729,8.5225
1790,33.3880
1730,8.3550
1791,33.4626
1731,9.2478
1792,34.4954
1732,9.5008
1793,33.7155
1733,8.8942
1794,33.4044
1734,8.1137
1795,33.4309
1735,8.3609
1796,33.5582
1736,8.0373
1797,32.6528
1737,8.3171
1798,34.1307
1738,9.2289
1799,36.0065
1739,8.6249
1800,33.4431
1740,8.2171
1801,33.5277
1741,8.1495
1802,33.1111
1742,8.3091
1803,33.7028
1743,9.6450
1744,8.4937
1804,34.5359
1745,8.0167
1805,32.9938
1806,33.1468
1746,8.2444
1807,33.4188
1747,8.2171
1808,33.0958
1748,8.0330
1809,33.3258
1749,8.1783
1810,33.3373
1750,8.3661
1811,33.6121
1751,8.1025
1812,33.4925
1752,8.1701
1813,33.2651
1753,8.0294
1814,33.5300
1754,8.1569
1755,8.2064
1815,33.4962
1816,33.3254
1756,8.5934
1817,34.0446
1757,8.3986
1818,33.5479
1758,8.0800
1819,32.6490
1759,8.5629
1820,33.9484
1760,8.3055
1821,33.1585
1761,8.2757
1822,33.5014
1762,8.2933
1823,33.7216
1763,8.1638
1824,33.1219
1764,8.3386
1825,33.7764
1765,8.4964
1826,33.3309
1766,8.3494
1827,33.8113
1767,8.5022
1828,33.5324
1768,8.2590
1829,33.2803
1769,8.3028
1830,33.5801
1770,8.1263
1831,33.1548
1771,8.2496
1832,33.4926
1772,8.3835
1833,34.0096
1773,8.3950
1834,33.7132
1774,8.3298
1835,33.7221
1775,10.4395
1836,36.9882
1776,10.5448
1837,33.2451
1777,10.3523
1778,10.3879
1838,36.5569
1839,34.1485
1779,10.3398
1840,36.6290
1780,10.2367
1841,33.6034
1781,10.6104
1782,10.5039
1842,36.3650
1843,33.4031
1783,10.4051
1844,33.1360
1784,10.9432
1845,34.4198
1785,10.4648
1846,34.1002
1786,10.3961
1847,33.6412
1787,10.4845
1848,33.7510
1788,10.4513
1849,34.4349
1789,10.7509
1850,35.1572
1790,10.6892
1851,33.2853
1791,10.8391
1852,34.0290
1792,10.4137
1853,34.3111
1793,10.3969
1854,33.7314
1794,10.2854
1855,36.4818
1795,10.4337
1856,34.1255
1796,10.1519
1857,33.5221
1797,10.4287
1858,34.0118
1798,10.3671
1859,36.8763
1799,10.1445
1860,34.1989
1800,10.3382
1861,36.2177
1801,10.2845
1862,33.9350
1802,10.5104
1863,33.8455
1803,10.3218
1864,34.4631
1804,10.0230
1865,33.8774
1805,10.0498
1866,34.2432
1806,10.1175
1867,33.9887
1807,10.0974
1868,33.7355
1808,9.9491
1869,33.5401
1809,10.1905
1870,33.7985
1810,9.9540
1871,34.2005
1811,9.9693
1872,34.5395
1812,10.4584
1813,9.9535
1873,34.6676
1874,33.4632
1814,9.9209
1875,33.6203
1815,10.1432
1876,34.1937
1816,10.1281
1877,33.5483
1817,10.5663
1818,9.9409
1878,36.2379
1879,33.7185
1819,10.2264
1880,33.7108
1820,10.1934
1821,9.8901
1881,36.5593
1882,33.3419
1822,10.1708
1883,33.6633
1823,10.0590
1884,34.0267
1824,9.8660
1885,33.6941
1825,10.1520
1886,33.7965
1826,10.1611
1887,35.9702
1827,10.1398
1888,33.8019
1828,10.1661
1889,35.8257
1829,10.4741
1890,34.1207
1830,10.2154
1891,35.6307
1831,10.1381
1892,35.5643
1832,10.1133
1893,33.3904
1833,10.0689
1894,34.5039
1834,9.9148
1895,33.9424
1835,10.2988
1896,34.3367
1836,9.8553
1897,33.9732
1837,9.9655
1898,34.8246
1838,10.0409
1839,10.1277
1899,36.1652
1900,33.5659
1840,10.1656
1901,34.2256
1841,9.9277
1902,34.7437
1842,10.3915
1903,34.7881
1843,10.2021
1844,9.8342
1904,34.2000
1905,33.1823
1845,10.2983
1906,34.3503
1846,9.8242
1907,33.9899
1847,10.0099
1908,34.0235
1848,9.9442
1909,34.8319
1849,10.2993
1910,33.9925
1850,9.9413
1851,10.1779
1911,36.0290
1912,33.1695
1852,10.1233
1913,33.6481
1853,10.0720
1914,34.1010
1854,10.0736
1915,33.7968
1855,10.1602
1916,33.4892
1856,10.1191
1917,33.9779
1857,9.8830
1918,33.8923
1858,9.9782
1919,33.6773
1859,10.0782
1920,34.3167
1860,10.0374
1921,33.4493
1861,10.0114
1922,33.8167
1862,10.1688
1923,34.3211
1863,10.2022
1924,33.5053
1864,10.0222
1925,33.9350
1865,10.2886
1926,34.5842
1866,10.0213
1927,34.1553
1867,10.2323
1928,33.9878
1868,10.4186
1929,34.4636
1869,10.0851
1930,35.7626
1870,10.2893
1931,34.1358
1871,10.3577
1932,34.1293
1872,10.4697
1933,35.8689
1873,9.9709
1934,34.7521
1874,10.0732
1935,33.8605
1875,10.1744
1936,33.9424
1876,10.3676
1937,34.7585
1877,10.0107
1938,34.0934
1878,9.9839
1939,34.8033
1879,9.8449
1940,36.6501
1880,10.1829
1941,33.8587
1881,10.1209
1942,34.1976
1882,9.9911
1943,33.7289
1883,9.9715
1944,34.3015
1884,10.3871
1945,34.3933
1885,10.1723
1946,33.5281
1886,10.0487
1947,33.7176
1887,9.9891
1948,35.0192
1888,9.9114
1949,33.7521
1889,10.2542
1950,35.1746
1890,10.0219
1951,34.8833
1891,9.8359
1952,34.2246
1892,9.9733
1953,34.1698
1893,9.7710
1954,35.2305
1894,10.1028
1955,33.8530
1895,10.1549
1956,34.2144
1896,9.8978
1957,33.8571
1897,9.9667
1958,34.2091
1898,9.9050
1959,34.5347
1899,9.8317
1960,34.4942
1900,9.8664
1961,34.8294
1901,9.9047
1962,34.5336
1902,10.3882
1963,35.9588
1903,10.1491
1964,34.2831
1904,10.0554
1965,35.3905
1905,10.0874
1966,34.3591
1906,10.1537
1967,34.4729
1907,10.3552
1968,36.0007
1908,9.9985
1969,33.8936
1909,10.0595
1910,9.8389
1970,34.9429
1971,33.4719
1911,10.0698
1972,34.3942
1912,10.6893
1973,34.4800
1913,10.2780
1974,34.3533
1914,10.0881
1975,36.3157
1915,10.0633
1976,34.3683
1916,10.0771
1977,33.8849
1917,9.8942
1978,33.9984
1918,10.5779
1979,35.5048
1919,9.9100
1980,33.9397
1920,9.9957
1981,33.9193
1921,9.9811
1982,34.7395
1922,9.9054
1923,10.3536
1983,35.8198
1984,35.7596
1924,9.9059
1985,34.3625
1925,10.0973
1926,9.7765
1986,35.1176
1987,33.6984
1927,10.0108
1988,34.0152
1928,9.9304
1989,33.9085
1929,9.7566
1990,34.0379
1930,10.1394
1991,34.9131
1931,9.9350
1992,34.4285
1932,9.7856
1993,35.1164
1933,10.3312
1934,9.8440
1994,35.1715
1995,33.2781
1935,9.8520
1996,34.2157
1936,9.9802
1997,33.8985
1937,9.9332
1998,34.2440
1938,10.1732
1999,34.6041
1939,10.0055
1940,9.8344
2000,36.7055
2001,33.4301
1941,9.8227
2002,34.8812
1942,9.7305
2003,34.3517
1943,9.9294
2004,33.6861
1944,9.9929
2005,34.0787
1945,9.7324
2006,34.3481
1946,9.9793
2007,33.6889
1947,9.9229
2008,34.1963
1948,9.9177
2009,34.4548
1949,10.2198
2010,34.4387
1950,9.8560
2011,34.3762
1951,9.8501
2012,34.4144
1952,9.8315
2013,34.4716
1953,9.7829
2014,34.1789
1954,10.1043
2015,34.7914
1955,9.7117
1956,9.6464
2016,34.5080
2017,33.8070
1957,9.8281
2018,34.6938
1958,10.0152
2019,34.3086
1959,9.8581
2020,33.9898
1960,9.8918
2021,34.6526
1961,9.8074
2022,34.0817
1962,9.8107
2023,34.5067
1963,9.9609
2024,34.2296
1964,10.0711
2025,35.0785
1965,10.0040
2026,33.6447
1966,10.0280
2027,34.1316
1967,9.9468
2028,34.3602
1968,10.0211
2029,34.9961
1969,9.7879
2030,33.6501
1970,9.7522
2031,34.0282
1971,9.7584
2032,34.1677
1972,10.2140
2033,34.7692
1973,9.7507
2034,34.4032
1974,9.6217
2035,33.9322
1975,9.8634
2036,33.9739
1976,10.3148
2037,35.0108
1977,9.9216
2038,33.2770
1978,9.7942
2039,34.4188
1979,9.8737
2040,33.9481
1980,9.7439
2041,34.7884
1981,9.6921
2042,33.8958
1982,10.1041
2043,34.1836
1983,9.7835
2044,33.9205
1984,9.8383
2045,34.1437
1985,9.7791
2046,34.2928
1986,9.8460
2047,34.1474
1987,9.6068
1988,9.7913
2048,35.8281
1989,9.8135
2049,39.4691
2050,33.1529
1990,10.0184
2051,33.4598
1991,9.8238
2052,33.9301
1992,10.4673
1993,10.0847
2053,34.3579
2054,33.4595
1994,10.1023
2055,34.5813
1995,9.6663
2056,34.4383
1996,9.7988
2057,34.1232
1997,9.8886
2058,34.6567
1998,9.9112
2059,34.0072
1999,10.2608
2060,34.5862
2000,9.7958
2061,34.0142
2001,9.7951
2062,34.0199
2002,9.7714
2063,33.5546
2003,9.9598
2064,34.4285
2004,9.5799
2065,34.1928
2005,9.7613
2066,34.3137
2006,9.8651
2067,33.7831
2007,10.1674
2068,34.5038
2008,9.6198
2069,33.4556
2009,9.8629
2070,34.0990
2010,10.2890
2071,34.6200
2011,10.0455
2072,33.4777
2012,10.5065
2013,9.7893
2073,36.5832
2074,33.6208
2014,9.7605
2075,34.8330
2015,10.0311
2076,34.2606
2016,9.6893
2077,33.9088
2017,10.3239
2078,35.2541
2018,9.9046
2079,34.6542
2019,9.8516
2080,33.4723
2020,9.7270
2081,33.2106
2021,9.8628
2082,34.2727
2022,10.0080
2083,33.6607
2023,9.7427
2084,34.0858
2024,9.8792
2085,33.6714
2025,10.0566
2086,33.3408
2026,9.9601
2087,34.3121
2027,10.1281
2088,34.4753
2028,9.8627
2089,33.6287
2029,9.7326
2090,34.4435
2030,9.7219
2091,34.9053
2031,9.9886
2092,34.5134
2032,9.7419
2093,33.9688
2033,9.9820
2094,33.4436
2034,10.0382
2095,33.9283
2035,9.8349
2096,33.7117
2036,9.8823
2097,34.8678
2037,9.9178
2098,33.9667
2038,9.9143
2099,34.4136
2039,9.7902
2040,9.6680
2100,35.6505
2101,33.9474
2041,10.2351
2102,34.6444
2042,9.5279
2103,33.4297
2043,9.5073
2104,34.3424
2044,9.7603
2105,33.7799
2045,9.9266
2106,33.6765
2046,10.3743
2107,34.3667
2047,9.9934
2108,34.2039
2048,9.9851
2109,33.3977
2049,9.9865
2050,10.0438
2110,35.8501
2111,34.0106
2051,9.9489
2112,33.5885
2052,10.0481
2113,33.8185
2053,9.9852
2114,33.8547
2054,10.0599
2115,34.3184
2055,9.8164
2116,33.9831
2056,9.9921
2117,34.1006
2057,9.7844
2118,33.9538
2058,9.8987
2119,34.3516
2059,9.9782
2120,33.5901
2060,10.0467
2121,34.3277
2061,10.1105
2122,34.3552
2062,10.3082
2123,34.3911
2063,10.0488
2124,34.1777
2064,10.1390
2125,34.3986
2065,10.0097
2126,33.5943
2066,9.8861
2127,33.3564
2067,9.8269
2128,33.3780
2068,9.8921
2129,34.7630
2069,9.8453
2070,9.6884
2130,34.7922
2131,33.2677
2071,9.9316
2132,33.6171
2072,9.8333
2133,34.2959
2073,9.9793
2134,34.0891
2074,9.8983
2135,34.8212
2075,9.7110
2136,33.6497
2076,9.8233
2137,34.0168
2077,9.8057
2138,34.2731
2078,10.1621
2139,34.6098
2079,9.7568
2140,33.4469
2080,9.8450
2141,33.9270
2081,10.2328
2142,34.5752
2082,9.8366
2143,33.8687
2083,9.9402
2144,33.7871
2084,10.5929
2145,35.3609
2085,9.7352
2146,34.0015
2086,9.8779
2147,34.0029
2087,9.8338
2148,34.6599
2088,9.8239
2149,34.2058
2089,9.8814
2150,33.6920
2090,9.7874
2091,9.7843
2151,35.7304
2152,33.7069
2092,10.0344
2153,33.6705
2093,10.1645
2154,34.4386
2094,9.9418
2155,34.6542
2095,9.7341
2156,34.1233
2096,9.8164
2157,34.0034
2097,9.9091
2158,33.9171
2098,10.0956
2159,33.7621
2099,9.9904
2160,33.6344
2100,9.8339
2161,34.1597
2101,9.8409
2162,34.2003
2102,9.7008
2163,33.3837
2103,10.0418
2164,34.7056
2104,9.6819
2165,34.4132
2105,9.8223
2166,34.2828
2106,9.7933
2167,33.7746
2107,10.1566
2168,34.8388
2108,9.8628
2169,33.4016
2109,9.6472
2170,33.9684
2110,9.5435
2171,34.6534
2111,9.7510
2172,33.4341
2112,9.9957
2173,34.5460
2113,9.5829
2174,33.7311
2114,9.6688
2175,33.9026
2115,9.5854
2176,34.1446
2116,9.7433
2177,33.9491
2117,10.0714
2118,9.3354
2178,35.4318
2179,33.1407
2119,9.2683
2180,33.8063
2120,9.2757
2181,33.3624
2121,9.3597
2182,33.9232
2122,9.6193
2123,9.3073
2183,35.5060
2184,35.5047
2124,9.3342
2185,33.9696
2125,9.4061
2186,34.1198
2126,9.6984
2187,34.3058
2127,9.3727
2188,33.9068
2128,9.4985
2189,34.1009
2129,9.6959
2190,34.0860
2130,9.8620
2191,33.8638
2131,9.6503
2192,33.9816
2132,9.9245
2193,34.4751
2133,9.4373
2194,33.8148
2134,9.5594
2195,33.8369
2135,9.7387
2196,33.9104
2136,9.6587
2197,33.4741
2137,9.6556
2198,34.3348
2138,9.5309
2199,33.7897
2139,9.5174
2200,33.8289
2140,9.6032
2201,33.1905
2141,9.4945
2202,34.3397
2142,9.8436
2203,34.6616
2143,9.5775
2204,33.8253
2144,9.4434
2205,34.2068
2145,9.5698
2206,35.9442
2146,9.6287
2207,34.8521
2147,9.6542
2208,33.6660
2148,9.4952
2209,33.5150
2149,9.6624
2210,34.1851
2150,9.5428
2211,33.7902
2151,9.4610
2212,33.8907
2152,9.5103
2213,33.4777
2153,9.5968
2214,34.4736
2154,9.7248
2215,33.9628
2155,9.6484
2216,34.2493
2156,9.6122
2217,34.6705
2157,9.4648
2218,34.1250
2158,9.4343
2219,34.3253
2159,9.7400
2220,34.4712
2160,9.5017
2221,33.7465
2161,9.5601
2222,34.8172
2162,9.7153
2223,33.6905
2163,9.5551
2224,34.0968
2164,9.5044
2225,35.9598
2165,9.7163
2226,33.4022
2166,9.4788
2227,34.1142
2167,9.6108
2228,33.5839
2168,9.5756
2229,33.7813
2169,9.4804
2230,33.1871
2170,9.3141
2231,34.1556
2171,9.8357
2232,34.0660
2172,9.3156
2233,33.4626
2173,9.3483
2234,33.4721
2174,9.5827
2235,34.7127
2175,9.4203
2236,34.3444
2176,9.2233
2237,33.8572
2177,9.2578
2238,34.2660
2178,9.5277
2239,33.9399
2179,9.3726
2240,34.6221
2180,9.5290
2241,35.3260
2181,9.8331
2242,34.9199
2182,9.3476
2243,33.8805
2183,9.4912
2244,33.6963
2184,9.5059
2245,34.1905
2185,9.5431
2246,34.0540
2186,9.8529
2247,34.2439
2187,9.8411
2188,9.4055
2248,34.5207
2249,33.3973
2189,9.7640
2250,36.2817
2190,9.1722
2251,34.0470
2191,9.8009
2252,33.6886
2192,9.6238
2253,33.6291
2193,9.4802
2254,34.4163
2194,9.6148
2255,34.3375
2195,9.5874
2256,33.3810
2196,10.0568
2257,34.6738
2197,9.7350
2258,33.9500
2198,9.6532
2259,33.6963
2199,9.7099
2260,36.0549
2200,9.7078
2261,33.6995
2201,9.5101
2262,33.9978
2202,9.5838
2263,33.6528
2203,9.5622
2264,34.4834
2204,9.7162
2265,33.4913
2205,9.6231
2266,34.3311
2206,9.5796
2267,33.4808
2207,9.6812
2268,34.2506
2208,9.6058
2269,34.3517
2209,9.5570
2270,34.1519
2210,9.8861
2271,34.3947
2211,9.6997
2272,34.4960
2212,9.6732
2273,34.7688
2213,9.6317
2274,33.7122
2214,9.5093
2275,34.6341
2215,9.4865
2276,34.8753
2216,9.5667
2277,33.9574
2217,10.1460
2278,34.9759
2218,9.6857
2279,33.4345
2219,9.6862
2280,33.8920
2220,10.0614
2221,9.5588
2281,35.9137
2282,33.5845
2222,9.6035
2283,33.5457
2223,9.6162
2284,33.5878
2224,9.3747
2285,33.7815
2225,9.6123
2286,34.0378
2226,9.4504
2287,34.2620
2227,9.5433
2288,33.6239
2228,9.4804
2289,34.1268
2229,9.3651
2290,33.6298
2230,9.4107
2291,34.4128
2231,9.3924
2292,33.8017
2232,9.8166
2233,9.3697
2293,35.0722
2294,33.3950
2234,9.4882
2295,33.6970
2235,9.4204
2296,34.1904
2236,9.5961
2297,34.2933
2237,9.2714
2298,34.2823
2238,9.4906
2299,34.7006
2239,9.3045
2300,33.6636
2240,9.3465
2301,34.5778
2241,9.2615
2302,34.1266
2242,9.6918
2303,33.6358
2243,9.4627
2304,34.8414
2244,9.5602
2305,34.0042
2245,9.5882
2306,34.9768
2246,9.5613
2307,34.2949
2247,9.7908
2308,33.5056
2248,9.5581
2309,34.0705
2249,9.8264
2310,35.0275
2250,9.5791
2311,34.0830
2251,9.6753
2312,33.9380
2252,9.6512
2313,36.7610
2253,9.7096
2314,34.0605
2254,9.6647
2315,33.8399
2255,9.5064
2316,34.0446
2256,9.4755
2317,34.5941
2257,9.4384
2318,34.2269
2258,9.4495
2319,34.8586
2259,9.5140
2320,34.0838
2260,9.4302
2321,33.9873
2261,9.2558
2322,34.0909
2262,9.6883
2323,34.8050
2263,9.3412
2324,33.2328
2264,9.8505
2265,9.3279
2325,35.2865
2326,33.3278
2266,9.2328
2327,34.0644
2267,9.2504
2328,34.4852
2268,9.6883
2329,34.7688
2269,9.2453
2330,34.2491
2270,9.2965
2331,34.3941
2271,9.3889
2332,34.2455
2272,9.5122
2333,33.5099
2273,9.7818
2334,35.5192
2274,9.3549
2335,35.0572
2275,9.3464
2336,33.8613
2276,9.3208
2337,33.0182
2277,9.2158
2338,34.3173
2278,9.2318
2339,33.8791
2279,9.6592
2340,34.6841
2280,9.4443
2341,33.3265
2281,9.2062
2342,34.4415
2282,9.2140
2343,33.4741
2283,9.1355
2344,34.4789
2284,9.2846
2345,34.4306
2285,9.6950
2346,34.3300
2286,9.3358
2347,34.5032
2287,9.1268
2348,34.6107
2288,9.4603
2349,34.4643
2289,9.3698
2350,34.2486
2290,9.7127
2351,34.8044
2291,9.3912
2352,33.3811
2292,9.4795
2353,33.8692
2293,9.5238
2354,33.9490
2294,9.4347
2355,34.8061
2295,9.4735
2356,34.6950
2296,9.8056
2357,34.9246
2297,9.3563
2358,34.3142
2298,9.1165
2359,34.5672
2299,8.9660
2360,34.2473
2300,9.1285
2361,34.8027
2301,9.0941
2362,33.4951
2302,9.4481
2363,34.9157
2303,9.4434
2364,33.9205
2304,9.2497
2365,33.5228
2305,9.0776
2366,34.4938
2306,8.9841
2367,34.7298
2307,9.4810
2368,34.6828
2308,9.0046
2369,33.1765
2309,9.2608
2370,34.6696
2310,9.0772
2371,33.8950
2311,9.0846
2372,34.2580
2312,9.7584
2313,9.4959
2373,34.2282
2374,33.7961
2314,9.4906
2375,34.6729
2315,9.5070
2376,34.1624
2316,9.2955
2377,34.3541
2317,9.0120
2378,33.8766
2318,9.6397
2379,34.9389
2319,9.2083
2380,34.5219
2320,9.4330
2381,33.6395
2321,9.7224
2382,34.5686
2322,9.0929
2383,34.0266
2323,9.0675
2384,34.0387
2324,9.1436
2385,34.1268
2325,9.0979
2386,33.9833
2326,9.0707
2387,34.6409
2327,9.1535
2388,33.2689
2328,9.1577
2389,34.3756
2329,9.0571
2390,34.6430
2330,9.2247
2391,34.0880
2331,9.1556
2392,34.0738
2332,9.3784
2393,34.0628
2333,9.2811
2394,34.2723
2334,9.3798
2395,34.6630
2335,9.2696
2396,33.8306
2336,9.1776
2397,33.7842
2337,9.3048
2398,34.9532
2338,9.3438
2399,34.1729
2339,9.3577
2400,34.6836
2340,9.2932
2401,34.5123
2341,9.3680
2402,33.9708
2342,9.3753
2403,34.1299
2343,9.3122
2404,35.0481
2344,9.4150
2405,34.5799
2345,9.3818
2406,34.7850
2346,9.4206
2407,34.7370
2347,9.4268
2408,34.2951
2348,9.3390
2409,34.4638
2349,9.4619
2410,34.3036
2350,9.3488
2411,33.6031
2351,9.3777
2412,33.7668
2352,9.1927
2353,9.0546
2413,34.4141
2414,33.8049
2354,9.0935
2415,34.4383
2355,9.1469
2416,33.5203
2356,9.0819
2417,34.1667
2357,9.4181
2418,35.1899
2358,9.2567
2419,33.6247
2359,9.1913
2420,33.6574
2360,9.2657
2421,33.8806
2361,9.6064
2422,34.6047
2362,9.1678
2423,33.7388
2363,9.1933
2424,33.6686
2364,9.2969
2425,33.5850
2365,9.9093
2426,34.6412
2366,9.1395
2427,33.4853
2367,9.3434
2428,33.7985
2368,9.3912
2429,34.2755
2369,9.2389
2430,34.3063
2370,9.5283
2431,34.6418
2371,9.3305
2432,34.4018
2372,9.6084
2433,33.8189
2373,9.3705
2434,34.5599
2374,9.5491
2435,33.2374
2375,9.3944
2436,34.8642
2376,9.5843
2437,33.7824
2377,9.3648
2438,35.1719
2378,9.4671
2439,33.6895
2379,9.2537
2440,34.3598
2380,9.1691
2441,33.5788
2381,9.2950
2442,33.8270
2382,9.3243
2443,34.3568
2383,9.2535
2444,34.0705
2384,9.2317
2445,33.7738
2385,9.4899
2446,34.1340
2386,9.3652
2447,34.2377
2387,9.4325
2448,34.1291
2388,9.2956
2449,34.2798
2389,9.5652
2450,33.4608
2390,9.5102
2451,33.9225
2391,9.4863
2452,33.8643
2392,9.4237
2453,34.2250
2393,9.6041
2454,33.7551
2394,9.3765
2455,34.3188
2395,9.3879
2456,34.7418
2396,9.3737
2457,33.3395
2397,9.4294
2458,34.3073
2398,9.3640
2459,34.7146
2399,9.3538
2460,34.2583
2400,9.3470
2461,34.3423
2401,9.4800
2462,33.9123
2402,9.3248
2463,34.2121
2403,9.3647
2464,34.0968
2404,9.3542
2465,34.4766
2405,9.4606
2466,34.2530
2406,9.2619
2467,34.4376
2407,9.0432
2408,9.0699
2468,34.6217
2469,32.9441
2409,9.3216
2470,34.3846
2410,9.6397
2411,9.0947
2471,35.1333
2472,33.5409
2412,9.2820
2473,34.3258
2413,9.3158
2474,34.3029
2414,9.2106
2475,33.9550
2415,9.7721
2476,34.1606
2416,9.6391
2477,33.2485
2417,9.6437
2478,33.8089
2418,9.6362
2479,34.7724
2419,9.6620
2480,33.5269
2420,9.8892
2481,34.7842
2421,9.5455
2482,33.6983
2422,9.4792
2483,34.0586
2423,9.4880
2484,33.2747
2424,9.2084
2485,33.7963
2425,9.2900
2486,34.3236
2426,9.2877
2487,33.6329
2427,9.5415
2488,34.9528
2428,9.3768
2489,36.3130
2429,9.0981
2490,34.0549
2430,9.4442
2431,9.2800
2491,36.1304
2492,33.5366
2432,9.2213
2493,33.9226
2433,9.3814
2494,34.1324
2434,9.4926
2495,34.1272
2435,9.3589
2496,34.4964
2436,9.3242
2497,34.3422
2437,9.0817
2498,34.4820
2438,9.2827
2499,34.1963
2439,9.4083
2500,34.0589
2440,9.3600
2501,34.2015
2441,9.3210
2502,34.5472
2442,9.4517
2443,9.3327
2503,34.6793
2504,33.0872
2444,9.4217
2505,34.2598
2445,9.4312
2506,33.7749
2446,9.4230
2507,34.3518
2447,9.2965
2508,33.5791
2448,9.2012
2509,34.1291
2449,9.3292
2510,34.4373
2450,9.3917
2511,33.8419
2451,9.6384
2452,9.2268
2512,34.7134
2513,33.5788
2453,9.2877
2514,33.8658
2454,8.9742
2515,34.1055
2455,9.0900
2516,34.5859
2456,9.5886
2457,9.2025
2517,34.2961
2518,33.8012
2458,9.6281
2459,9.3300
2519,34.4324
2520,33.5081
2460,9.5698
2521,35.0529
2461,9.4607
2522,33.8792
2462,9.2273
2523,33.5892
2463,9.7813
2524,34.3379
2464,9.4614
2525,33.5340
2465,9.2722
2526,34.3563
2466,9.3282
2527,33.4271
2467,9.4629
2528,34.0628
2468,9.2962
2529,33.5653
2469,9.1938
2530,33.8311
2470,8.9433
2531,33.8805
2471,9.3140
2532,33.9821
2472,9.3760
2533,33.7593
2473,9.2203
2534,33.7246
2474,9.4633
2535,34.0920
2475,9.2646
2536,33.7993
2476,9.6343
2537,34.9338
2477,9.4547
2538,34.3335
2478,9.7188
2539,34.5430
2479,9.1129
2540,33.6219
2480,9.3722
2541,34.3840
2481,9.2133
2542,34.1918
2482,9.1883
2543,33.4370
2483,9.4127
2544,34.8808
2484,9.2696
2545,33.4435
2485,9.1152
2546,34.4957
2486,9.6589
2547,34.2514
2487,9.6922
2548,34.1699
2488,9.6291
2549,33.1353
2489,10.0025
2490,9.4756
2550,35.5103
2551,33.6692
2491,9.3963
2552,33.3529
2492,9.6309
2553,34.1732
2493,9.9675
2494,9.6890
2554,34.7749
2555,34.3687
2495,9.4629
2556,33.9900
2496,9.2795
2557,35.6338
2497,9.2271
2558,34.6655
2498,9.6312
2559,34.8350
2499,9.2926
2500,9.1933
2560,35.3865
2561,34.4183
2501,9.1142
2502,9.1366
2562,35.5354
2563,34.2063
2503,9.0494
2564,34.8171
2504,9.1920
2565,34.5397
2505,9.0935
2566,35.3114
2506,9.3674
2567,34.5698
2507,9.0399
2568,34.5384
2508,9.3267
2569,34.4989
2509,9.3615
2570,35.0831
2510,9.4028
2571,34.8087
2511,9.3373
2512,9.1364
2572,35.0012
2573,34.6571
2513,9.4336
2574,34.1885
2514,9.1450
2575,34.7967
2515,9.2132
2576,34.8214
2516,9.0784
2577,34.8222
2517,9.1627
2518,9.4477
2578,35.5262
2579,34.5986
2519,9.3714
2580,34.9808
2520,9.6174
2581,35.6722
2521,9.3513
2582,34.8104
2522,9.2099
2583,35.6680
2523,9.2585
2524,9.0991
2584,35.7187
2585,34.4082
2525,9.4011
2526,9.0884
2586,34.9278
2527,9.3699
2587,34.3759
2588,34.4595
2528,9.1181
2589,34.8285
2529,9.3989
2590,33.7817
2530,9.6148
2531,9.0988
2591,35.2129
2532,9.1551
2592,34.3744
2593,34.8580
2533,9.1142
2594,34.5601
2534,9.2455
2595,34.6119
2535,9.3838
2596,35.4054
2536,9.3491
2537,9.2496
2597,34.5690
2598,34.2762
2538,9.3869
2599,34.7752
2539,9.4981
2540,9.2878
2600,35.4392
2601,34.7427
2541,9.1872
2602,34.2784
2542,9.3638
2603,35.2654
2543,9.5370
2604,34.0883
2544,9.1764
2605,35.2781
2545,9.2492
2606,34.5995
2546,9.4785
2607,35.2745
2547,9.4496
2608,35.2425
2548,9.0348
2609,34.7266
2549,9.3252
2610,35.1713
2550,9.2466
2551,9.1969
2611,34.8389
2612,34.4204
2552,9.6751
2553,9.0802
2613,35.8455
2554,9.0148
2614,34.3894
2555,9.1591
2615,34.9984
2616,34.7903
2556,9.4264
2617,34.9264
2557,9.2954
2558,9.0453
2618,35.9238
2619,35.2732
2559,9.1991
2620,34.3510
2560,9.0904
2561,9.2485
2621,35.4619
2622,34.2688
2562,9.3665
2623,35.3500
2563,9.2391
2624,34.8882
2564,9.1670
2625,34.9063
2565,9.3948
2626,34.0461
2566,9.1506
2627,35.4221
2567,9.3440
2628,35.5346
2568,9.2357
2629,34.4008
2569,9.1962
2630,34.5135
2570,9.0253
2631,34.5566
2571,9.0103
2572,9.0204
2632,35.2065
2633,34.0237
2573,9.2026
2574,9.2266
2634,35.8255
2635,34.2285
2575,9.2364
2636,34.6212
2576,9.0452
2637,34.4935
2577,9.0709
2638,34.7010
2578,9.3210
2639,34.8140
2579,9.1544
2640,34.9270
2580,9.2231
2641,35.0748
2581,9.0944
2642,35.2555
2582,9.0985
2643,35.2936
2583,9.3823
2584,9.0342
2644,35.4604
2645,34.7780
2585,9.0703
2646,34.8031
2586,9.2518
2647,34.6230
2587,9.1280
2648,34.4094
2588,9.0757
2589,9.1106
2649,35.3936
2650,34.7079
2590,9.0527
2651,34.4407
2591,9.0700
2652,34.4565
2592,8.9757
2653,35.1896
2593,9.0264
2654,34.9565
2594,9.0590
2655,34.6852
2595,9.1000
2656,35.0962
2596,8.8559
2657,34.8639
2597,9.0362
2658,35.4935
2598,8.8661
2659,34.5034
2599,9.0668
2660,34.9804
2600,9.0539
2661,34.8541
2601,8.8550
2662,35.4443
2602,9.0315
2663,35.1549
2603,9.0102
2664,35.0150
2604,9.0698
2665,34.2533
2605,8.9135
2666,34.7861
2606,8.9212
2667,34.3198
2607,8.9406
2668,35.0254
2608,9.1944
2669,34.6927
2609,8.8202
2670,35.1514
2610,9.0306
2611,8.7540
2671,34.9620
2672,34.4419
2612,8.7081
2673,34.4147
2613,9.1323
2614,8.8098
2674,35.1071
2675,35.3068
2615,8.8304
2616,8.5840
2676,35.0325
2677,34.2255
2617,9.0563
2678,35.4239
2618,9.0076
2679,34.5238
2619,8.8217
2680,34.2588
2620,8.7332
2621,8.8286
2681,34.8010
2682,33.8544
2622,8.7495
2683,35.1409
2623,9.1208
2684,34.9546
2624,8.8624
2625,8.8223
2685,34.7098
2686,34.4647
2626,9.1933
2687,35.4565
2627,9.0773
2688,34.8532
2628,9.1399
2689,34.2244
2629,9.0488
2690,35.5844
2630,9.2898
2691,34.5261
2631,8.9587
2692,34.8192
2632,8.7290
2693,34.8884
2633,9.0518
2694,35.8645
2634,8.7926
2695,35.0018
2635,8.9597
2696,34.8249
2636,8.9322
2697,35.1164
2637,9.0301
2638,8.7361
2698,34.6329
2639,8.7823
2699,34.3324
2700,34.5279
2640,8.9906
2701,34.8256
2641,8.9250
2702,34.6181
2642,8.7557
2703,34.8379
2643,8.9366
2704,34.7400
2644,8.6626
2705,34.5650
2645,8.7259
2706,34.2671
2646,8.7858
2707,34.4441
2647,8.9613
2648,8.8058
2708,35.3625
2649,8.9140
2709,34.5757
2710,34.1697
2650,9.0126
2711,34.0977
2651,9.2695
2712,34.2685
2652,8.9804
2713,37.1705
2653,9.1569
2654,9.0365
2714,34.4285
2715,34.1875
2655,9.1580
2716,35.2145
2656,8.8456
2717,34.4616
2657,8.8285
2718,37.4295
2658,8.8391
2719,34.7604
2659,9.1216
2720,35.5408
2660,8.9270
2661,8.8690
2721,35.1531
2662,8.9724
2722,34.3751
2723,34.1447
2663,8.7894
2724,34.7972
2664,8.8716
2665,8.6703
2725,35.0282
2666,8.7720
2726,34.2682
2727,34.2575
2667,8.9401
2728,35.0697
2668,8.8329
2729,36.8088
2669,8.7930
2670,8.7455
2730,35.0873
2731,34.4165
2671,9.1824
2672,8.7473
2732,35.5492
2673,8.8754
2733,34.5082
2674,8.9493
2734,34.7448
2735,33.9463
2675,8.9185
2736,34.9395
2676,9.1815
2737,34.3195
2677,9.0804
2738,35.3289
2678,9.0280
2739,34.9831
2679,9.0288
2740,34.1982
2680,8.8991
2741,35.0197
2681,8.9206
2742,34.6298
2682,8.9259
2743,34.7773
2683,9.2243
2684,8.9773
2744,35.3566
2685,8.9809
2745,34.1559
2746,34.5942
2686,8.8537
2747,35.1504
2687,8.8768
2748,34.0198
2688,8.6462
2749,35.3616
2689,8.7423
2750,34.8709
2690,8.9088
2751,34.7716
2691,8.9789
2692,8.8196
2752,34.7080
2753,34.0745
2693,9.1246
2754,34.9195
2694,9.1418
2695,8.8940
2755,34.7644
2696,8.8262
2756,35.2698
2697,8.9723
2757,34.7629
2758,34.1817
2698,8.8915
2759,34.8937
2699,8.8189
2760,35.1169
2700,8.8747
2761,35.4228
2701,9.0843
2762,35.0248
2702,9.0439
2763,34.3997
2703,8.9755
2764,35.3872
2704,8.9466
2765,34.9285
2705,8.8419
2766,34.6349
2706,8.7924
2707,8.7984
2767,34.4321
2708,8.8954
2768,34.6373
2769,34.1446
2709,8.7877
2770,34.0433
2710,8.8479
2711,8.5749
2771,36.4260
2772,34.4758
2712,8.7413
2713,8.8749
2773,34.9122
2774,34.8963
2714,8.7252
2775,35.6523
2715,8.8074
2776,34.4340
2716,8.8565
2777,35.4528
2717,8.9216
2778,34.3306
2718,8.9991
2779,35.0000
2719,8.7898
2780,34.7039
2720,8.9050
2721,9.3001
2781,34.7341
2782,35.0671
2722,9.0139
2783,34.2886
2723,8.8230
2784,35.2436
2724,8.8540
2785,34.7323
2725,8.8764
2786,35.8604
2726,8.8975
2787,35.0879
2727,9.0006
2788,34.9945
2728,9.0171
2789,34.1092
2729,9.0585
2730,9.0269
2790,35.0830
2731,8.8546
2791,34.0902
2792,34.1932
2732,8.7898
2733,8.5529
2793,35.5699
2794,34.1440
2734,8.6788
2795,34.7445
2735,8.9639
2796,34.4021
2736,9.0212
2737,8.7539
2797,35.3760
2738,8.8357
2798,34.0075
2799,34.4699
2739,8.8537
2800,34.1004
2740,8.7997
2801,34.8954
2741,9.0758
2742,8.9962
2802,34.9043
2803,34.2885
2743,9.1411
2804,34.8819
2744,9.2566
2805,34.8463
2745,9.2090
2806,34.0915
2746,9.2054
2807,35.0773
2747,9.2115
2808,35.0903
2748,9.0405
2809,35.2361
2749,9.2659
2810,35.3072
2750,9.1960
2811,35.1678
2751,9.0597
2812,34.4711
2752,9.2282
2753,8.9153
2813,35.3608
2814,34.6363
2754,9.2877
2755,8.7991
2815,34.9582
2816,34.6860
2756,9.0443
2817,34.6316
2757,9.0035
2818,34.9340
2758,9.1336
2819,35.4399
2759,9.1122
2820,34.2095
2760,9.0566
2761,9.2776
2821,34.6561
2822,34.4669
2762,9.1877
2763,9.1020
2823,35.7933
2764,9.0720
2824,34.3936
2825,34.5980
2765,9.4468
2826,35.1697
2766,9.4247
2827,34.3956
2767,9.2410
2828,35.4178
2768,8.8701
2829,35.0374
2769,8.9603
2830,35.0051
2770,8.9454
2831,35.1478
2771,9.1078
2832,34.8447
2772,9.1474
2833,34.3452
2773,8.8253
2774,8.7650
2834,34.9804
2835,34.7264
2775,8.9255
2776,8.6929
2836,34.6967
2837,34.6723
2777,8.7687
2838,34.7968
2778,8.7953
2839,34.7196
2779,8.9524
2840,35.1377
2780,8.8083
2781,8.8550
2841,35.1490
2842,34.1584
2782,9.2516
2783,8.6897
2843,35.5510
2844,34.3307
2784,8.9038
2845,34.8223
2785,8.9977
2786,9.1256
2846,35.1513
2847,34.5990
2787,8.9169
2788,8.9363
2848,35.6636
2849,34.0603
2789,9.0929
2790,8.8397
2850,35.0020
2851,34.1560
2791,9.1204
2852,35.2473
2792,9.0131
2853,34.6287
2793,8.8838
2854,34.7939
2794,8.9762
2855,34.7549
2795,8.8550
2856,35.6182
2796,8.9111
2857,34.5224
2797,8.9007
2798,8.6398
2858,34.3122
2799,8.8656
2859,34.6622
2860,34.2198
2800,9.0397
2861,35.3242
2801,8.7063
2802,8.5651
2862,34.2721
2863,34.3742
2803,8.7759
2864,34.9628
2804,9.0364
2865,34.9953
2805,8.9199
2866,35.0107
2806,9.0710
2867,34.6516
2807,9.0270
2868,34.6611
2808,9.2116
2869,34.4370
2809,8.9740
2870,34.3473
2810,8.9384
2871,35.0397
2811,9.0082
2872,35.4199
2812,9.0619
2873,34.8955
2813,8.9229
2874,34.6928
2814,8.8997
2875,34.8826
2815,8.8151
2876,34.9476
2816,8.9783
2877,35.3027
2817,8.9619
2878,35.1192
2818,8.9578
2879,34.6839
2819,8.7718
2880,37.0173
2820,8.7852
2821,8.7863
2881,35.1640
2822,8.6733
2882,33.9925
2883,34.2861
2823,9.1246
2884,34.9680
2824,8.7112
2885,35.4339
2825,8.8322
2826,8.7221
2886,34.5342
2887,34.8967
2827,9.1566
2888,34.5748
2828,8.9411
2889,35.3543
2829,8.8564
2890,34.3111
2830,8.8488
2891,35.2557
2831,8.7770
2892,34.1802
2832,8.9134
2833,9.1067
2893,35.3315
2894,34.1203
2834,9.2191
2895,34.3462
2835,9.0860
2896,35.3790
2836,9.3533
2897,34.8798
2837,8.9699
2898,35.2775
2838,9.1836
2839,8.7651
2899,35.8646
2900,35.0054
2840,9.0617
2901,34.8331
2841,8.9928
2902,35.0205
2842,9.1514
2843,8.6609
2903,34.8174
2844,8.6965
2904,33.8604
2845,8.7698
2905,37.2960
2906,34.2293
2846,8.9664
2907,34.9308
2847,9.7963
2908,34.4341
2848,9.4843
2849,9.3555
2909,35.4817
2850,9.3931
2910,34.0660
2851,9.4266
2911,34.8935
2912,34.2151
2852,9.1095
2853,9.2018
2913,35.6932
2854,9.0346
2914,34.5632
2915,34.3249
2855,9.2083
2856,9.1222
2916,35.2710
2917,34.0592
2857,9.0924
2918,34.6025
2858,9.3507
2859,9.0965
2919,36.0644
2860,8.9191
2920,34.5911
2921,34.5299
2861,9.2057
2862,8.8590
2922,36.1097
2923,34.5072
2863,9.0491
2924,34.4521
2864,9.0779
2865,8.7587
2925,35.2518
2926,34.3564
2866,8.9219
2927,34.7498
2867,9.0462
2868,8.9838
2928,36.0654
2929,34.1868
2869,8.8044
2930,33.8283
2870,8.8476
2931,35.2201
2871,8.7590
2932,34.3244
2872,8.8855
2933,34.9118
2873,9.0214
2934,35.3304
2874,9.0524
2935,34.1567
2875,9.0295
2936,35.1671
2876,8.7968
2937,35.0665
2877,9.0899
2938,35.0201
2878,9.1909
2939,35.0318
2879,8.8962
2940,34.9016
2880,8.8457
2941,35.0565
2881,8.7683
2942,34.6070
2882,8.9936
2943,34.8174
2883,8.9492
2944,34.8987
2884,8.8243
2945,35.0557
2885,9.0319
2946,34.6730
2886,8.9643
2947,34.8818
2887,8.8395
2948,35.0204
2888,8.8889
2949,34.9934
2889,8.9924
2950,35.2946
2890,8.8762
2891,8.8395
2951,34.5406
2952,35.2668
2892,8.9238
2953,35.5110
2893,9.0062
2954,34.4780
2894,9.2314
2955,35.2956
2895,8.9458
2956,34.5829
2896,8.9182
2897,8.7527
2957,35.4393
2958,34.8565
2898,9.1011
2959,34.1386
2899,9.2915
2900,8.7547
2960,35.3878
2961,34.7843
2901,9.1871
2962,35.7826
2902,8.9312
2963,34.0441
2903,9.3526
2964,35.2194
2904,8.9883
2965,34.6070
2905,8.8409
2966,34.4871
2906,9.3425
2967,35.3355
2907,9.2355
2968,34.7690
2908,8.7926
2969,35.6848
2909,8.7736
2970,34.8029
2910,8.8302
2971,35.8161
2911,8.8370
2912,9.1176
2972,35.5531
2973,33.8175
2913,8.9855
2974,35.0837
2914,9.1364
2915,8.7523
2975,35.7909
2976,33.8929
2916,8.8808
2977,36.0768
2917,8.8065
2978,35.8204
2918,8.9887
2979,34.4768
2919,8.6610
2980,34.4463
2920,9.1116
2921,8.9730
2981,34.8601
2982,33.7932
2922,9.1733
2983,35.0184
2923,8.7206
2984,34.9192
2924,8.8204
2985,35.0423
2925,8.7712
2986,34.4805
2926,8.8290
2987,34.9827
2927,9.0510
2988,35.8002
2928,8.7267
2989,34.7559
2929,9.2114
2990,34.9879
2930,8.7834
2931,8.6863
2991,34.9350
2992,34.3846
2932,9.0408
2993,35.2488
2933,8.7893
2934,8.7840
2994,35.4184
2995,34.0277
2935,9.3518
2996,35.7137
2936,9.0285
2997,34.4093
2937,9.2575
2938,8.9184
2998,35.6784
2999,34.1683
2939,9.3488
3000,35.3937
2940,8.7978
2941,8.8375
3001,35.0009
3002,33.9502
2942,8.8178
2943,9.0108
3003,35.3280
3004,34.1765
2944,9.3364
2945,8.9479
3005,37.8046
3006,35.0299
2946,8.9562
3007,34.6727
2947,9.0011
3008,34.0575
2948,8.8096
3009,34.7464
2949,9.2267
3010,35.4453
2950,8.9462
3011,35.0562
2951,9.1367
2952,8.9423
3012,34.4624
3013,34.2610
2953,9.1515
3014,35.9026
2954,9.0886
3015,34.4377
2955,8.9930
3016,37.2912
2956,8.9632
3017,34.6369
2957,8.9353
3018,34.6554
2958,8.8196
3019,35.4654
2959,9.0604
3020,34.1552
2960,8.9221
3021,35.3031
2961,9.0170
3022,34.9690
2962,8.8315
3023,34.8613
2963,9.0479
3024,33.9354
2964,8.9385
2965,8.8180
3025,35.7390
3026,34.2620
2966,9.3034
3027,36.0185
2967,9.0160
3028,35.2846
2968,8.7955
3029,34.4609
2969,9.2452
2970,8.8935
3030,35.4364
3031,34.4208
2971,9.2811
2972,8.8996
3032,35.4414
3033,34.4147
2973,9.2062
3034,35.3343
2974,8.7630
3035,34.1995
2975,8.9507
3036,34.3664
2976,9.1469
3037,36.6416
2977,9.0432
3038,34.4831
2978,8.8065
3039,34.9992
2979,8.7804
3040,34.9978
2980,8.9438
3041,34.9833
2981,9.1644
3042,34.8051
2982,9.2915
3043,35.5958
2983,8.8910
3044,34.4010
2984,8.8736
3045,34.9937
2985,8.9665
2986,8.7977
3046,35.2042
3047,34.2522
2987,8.8299
3048,34.9563
2988,8.8606
3049,35.1027
2989,8.7312
3050,35.3486
2990,9.0811
3051,34.9720
2991,9.0718
3052,35.3795
2992,8.8013
3053,34.6778
2993,8.9602
3054,34.4004
2994,8.8956
3055,35.0880
2995,8.9807
3056,34.6835
2996,8.9172
3057,35.0119
2997,8.8260
3058,35.2937
2998,9.1229
3059,34.7556
2999,8.9495
3060,35.0162
3000,8.7640
3061,34.8425
3001,8.7608
3062,35.6255
3002,8.9182
3063,34.9569
3003,9.0222
3064,36.5613
3004,9.6072
3065,35.2305
3005,9.0737
3006,8.7971
3066,35.0999
3067,34.2772
3007,9.2046
3068,35.6436
3008,9.1809
3069,34.7453
3009,8.9939
3070,34.2002
3010,9.2120
3071,35.1362
3011,9.0046
3072,34.4588
3012,9.2107
3073,35.1946
3013,8.9022
3074,35.0876
3014,9.0934
3075,35.0319
3015,8.9684
3076,35.0690
3016,9.1046
3077,34.8014
3017,8.9015
3078,35.1270
3018,8.9244
3079,34.0195
3019,9.1298
3080,35.2942
3020,9.1313
3081,35.1813
3021,8.8450
3082,34.7368
3022,9.0722
3083,34.0147
3023,8.8133
3084,35.0548
3024,8.9617
3085,35.0133
3025,8.8293
3086,36.9196
3026,9.0213
3087,34.9629
3027,8.8299
3088,34.5764
3028,9.1295
3089,34.9811
3029,8.9354
3090,34.3799
3030,8.6947
3091,34.8956
3031,8.7707
3092,34.9781
3032,8.8220
3093,34.7188
3033,8.9880
3094,35.3463
3034,8.9244
3095,34.1995
3035,8.8716
3096,36.1017
3036,8.7958
3097,34.5701
3037,8.6862
3098,35.7351
3038,8.7063
3099,35.4590
3039,8.9710
3100,34.8781
3040,8.9738
3101,34.9711
3041,8.9655
3102,34.9745
3042,8.9305
3103,34.8669
3043,9.3451
3104,35.6026
3044,8.9613
3105,34.4242
3045,8.8801
3106,34.3835
3046,8.8321
3107,34.8558
3047,9.0517
3108,35.1894
3048,8.7826
3109,34.2684
3049,9.0413
3050,8.9029
3110,35.3241
3111,34.4494
3051,9.0302
3112,35.8942
3052,9.0968
3053,8.9139
3113,35.3573
3114,34.9222
3054,8.7327
3115,34.2972
3055,8.9541
3116,35.3926
3056,9.0303
3117,34.8565
3057,9.0236
3118,35.9848
3058,8.7829
3119,34.5082
3059,8.6845
3120,35.1188
3060,8.7554
3121,34.7712
3061,8.8351
3122,35.5149
3062,8.8117
3123,35.3948
3063,8.8602
3124,34.7656
3064,8.8922
3125,35.3533
3065,8.7737
3126,34.8995
3066,9.1177
3127,34.7691
3067,9.0911
3128,35.4039
3068,8.9831
3129,35.6204
3069,8.9444
3130,34.8294
3070,8.8933
3131,34.3151
3071,9.0254
3132,35.1819
3072,8.9870
3133,35.0316
3073,8.8017
3134,35.8566
3074,8.9597
3135,34.5744
3075,8.8841
3136,34.7507
3076,9.0087
3137,35.2044
3077,9.0744
3138,34.5871
3078,8.9532
3139,35.2763
3079,9.0297
3140,34.8405
3080,8.6839
3141,34.2052
3081,8.8460
3142,35.1170
3082,9.0147
3143,34.4005
3083,9.0953
3084,8.9109
3144,35.5189
3145,34.1856
3085,9.3516
3086,8.7975
3146,36.2618
3087,9.0650
3147,34.1259
3148,34.8705
3088,9.0803
3149,34.6636
3089,8.7279
3150,35.7989
3090,8.9379
3091,8.7823
3151,35.8321
3152,33.9749
3092,9.0010
3093,8.6257
3153,36.9879
3154,34.7907
3094,8.8847
3155,35.0988
3095,8.9008
3156,34.6516
3096,9.1100
3097,9.1310
3157,36.0365
3158,34.9407
3098,9.2005
3159,35.4879
3099,8.7412
3160,34.6815
3100,8.6453
3161,34.9440
3101,8.7293
3162,34.6509
3102,9.1696
3103,8.7306
3163,35.4320
3164,33.8205
3104,9.0825
3105,8.7707
3165,35.7578
3166,33.8937
3106,9.0704
3107,8.7134
3167,35.5427
3168,34.2830
3108,9.0008
3109,8.7886
3169,35.8089
3170,34.8788
3110,9.0658
3171,34.9412
3111,8.9437
3172,35.0372
3112,8.9435
3113,8.7751
3173,35.4948
3174,34.1320
3114,9.0422
3175,34.9330
3115,8.7960
3176,34.8793
3116,8.7799
3177,34.4538
3117,8.7367
3178,35.3893
3118,9.0611
3179,35.8794
3119,8.8873
3180,34.6240
3120,9.0902
3181,35.6882
3121,8.9529
3182,35.4790
3122,9.2130
3123,8.8253
3183,35.6189
3184,34.7093
3124,8.9606
3185,34.2993
3125,9.1813
3186,35.5612
3126,8.9361
3127,8.7812
3187,34.9840
3188,33.7791
3128,9.0925
3189,37.0463
3129,9.1754
3130,8.8603
3190,35.5779
3191,35.4263
3131,8.9525
3192,33.7759
3132,8.8264
3193,34.8253
3133,8.7792
3194,35.5212
3134,9.1460
3195,35.5722
3135,8.7830
3196,35.7537
3136,9.1583
3137,8.9913
3197,35.2763
3138,8.9900
3198,34.8690
3199,34.0601
3139,9.3957
3200,35.4957
3140,8.9703
3141,8.9628
3201,35.3377
3202,34.2571
3142,9.1119
3203,35.7885
3143,9.0971
3144,8.7946
3204,35.1226
3205,33.6527
3145,9.0957
3206,35.5698
3146,9.1514
3207,34.8156
3147,9.3803
3148,8.8339
3208,35.6845
3209,33.7753
3149,9.1405
3210,36.1084
3150,9.1509
3151,8.9618
3211,34.8765
3212,34.5607
3152,8.7817
3213,34.8357
3153,9.0734
3214,35.7227
3154,8.8377
3155,8.8554
3215,35.1852
3216,33.9978
3156,9.1637
3217,35.6197
3157,8.7835
3158,8.9011
3218,35.3770
3219,33.9174
3159,9.1453
3220,35.0084
3160,9.2235
3161,8.8362
3221,36.1219
3222,34.1603
3162,8.9059
3223,35.7411
3163,8.7887
3224,37.8392
3164,8.9384
3225,34.8725
3165,8.9594
3166,8.6106
3226,34.9069
3167,8.6856
3227,34.9036
3228,34.3830
3168,9.0067
3229,36.0745
3169,9.0003
3170,8.7765
3230,35.8137
3231,35.3219
3171,8.9614
3232,34.5451
3172,8.9344
3233,35.2411
3173,8.7397
3234,36.7481
3174,8.9117
3235,34.2321
3175,9.0608
3176,8.9605
3236,35.7453
3237,34.3058
3177,9.0041
3238,35.8563
3178,8.6973
3239,34.0353
3179,8.8685
3240,35.6646
3180,8.8771
3181,8.5491
3241,35.5976
3182,8.6154
3242,34.2114
3243,34.1352
3183,9.0890
3244,35.2997
3184,8.6724
3245,34.8360
3185,8.7711
3246,35.0260
3186,8.9627
3247,34.9713
3187,9.0398
3248,35.4155
3188,8.8388
3189,8.7356
3249,34.9285
3250,34.5965
3190,9.1745
3251,35.3930
3191,9.0440
3252,34.6839
3192,9.0511
3253,35.6126
3193,9.1998
3254,35.7865
3194,8.7958
3195,8.7652
3255,35.2092
3256,34.0453
3196,9.0963
3197,8.8531
3257,36.1162
3258,34.1358
3198,9.2765
3199,9.0740
3259,36.3991
3260,34.7062
3200,9.3218
3201,8.9227
3261,37.4582
3262,34.8751
3202,8.9221
3203,8.9576
3263,35.6742
3264,34.0423
3204,8.8197
3265,35.7769
3205,8.8232
3266,34.9341
3206,8.9248
3207,8.6376
3267,37.7545
3268,34.8109
3208,8.8468
3269,35.2703
3209,8.7238
3270,35.3053
3210,9.0094
3271,34.4905
3211,8.8169
3272,36.0303
3212,9.0009
3273,34.1118
3213,9.0006
3274,34.6845
3214,8.9227
3215,8.7070
3275,35.7312
3276,34.6286
3216,8.7782
3217,8.7213
3277,35.4591
3278,34.5306
3218,9.1073
3279,37.3325
3219,8.8274
3220,8.6966
3280,34.9882
3281,34.4177
3221,9.0117
3282,36.1573
3222,8.8700
3223,8.6665
3283,35.4830
3284,34.2503
3224,8.8281
3285,35.4113
3225,8.8874
3286,34.4544
3226,8.8896
3227,8.7792
3287,35.8850
3288,35.0840
3228,9.1920
3289,35.5032
3229,8.9008
3290,35.9572
3230,8.6450
3231,8.7429
3291,35.5400
3292,33.6022
3232,8.8508
3293,35.5507
3233,8.7832
3294,34.7388
3234,8.7922
3295,35.5725
3235,8.9020
3296,34.7987
3236,9.0140
3237,8.6356
3297,36.2128
3238,8.8234
3298,34.1787
3299,34.6909
3239,9.0412
3300,35.4916
3240,9.2671
3241,8.8878
3301,35.7219
3302,34.7866
3242,8.8790
3303,34.8128
3243,8.6407
3244,8.8309
3304,35.0530
3305,34.4185
3245,9.1885
3306,35.4718
3246,9.1928
3307,35.4415
3247,8.9002
3308,35.0435
3248,8.9751
3249,8.8277
3309,34.6997
3310,34.0963
3250,9.2860
3311,36.2961
3251,8.8041
3312,34.6738
3252,8.8432
3313,35.1398
3253,8.7572
3314,35.3859
3254,9.3592
3315,35.0776
3255,9.0027
3316,33.9728
3256,9.1402
3317,35.2346
3257,9.1153
3318,35.0303
3258,9.2792
3319,34.2896
3259,9.4436
3320,35.2777
3260,8.9450
3321,34.9176
3261,9.0353
3322,34.1410
3262,9.1996
3323,35.2558
3263,9.1599
3324,35.5629
3264,9.0057
3325,34.4380
3265,9.0883
3326,35.2071
3266,9.9200
3327,34.7174
3267,9.1138
3328,34.9913
3268,9.2064
3329,34.2052
3269,9.1965
3330,35.1258
3270,9.5166
3331,34.8890
3271,9.0786
3332,34.3760
3272,9.2527
3333,35.2819
3273,9.5497
3334,34.4717
3274,9.1087
3335,35.7912
3275,8.8681
3336,34.9569
3276,9.2113
3337,34.9637
3277,8.9109
3338,34.8697
3278,9.0350
3339,35.6498
3279,8.9765
3340,34.5174
3280,8.8919
3341,35.3020
3281,8.8990
3342,35.1591
3282,9.0859
3343,34.4897
3283,9.0354
3344,36.2863
3284,9.0569
3345,34.2572
3285,9.1542
3346,34.6472
3286,8.6842
3347,35.4917
3287,8.9126
3348,34.3294
3288,9.0755
3349,35.0928
3289,8.8577
3350,34.6540
3290,8.7411
3351,34.8096
3291,8.7151
3352,35.0364
3292,8.7430
3353,34.7124
3293,8.8047
3354,35.5670
3294,8.7550
3355,36.6830
3295,8.7883
3356,35.3313
3296,8.7875
3357,35.0872
3297,8.7004
3358,34.6571
3298,8.7118
3359,34.6744
3299,8.8748
3360,35.5813
3300,8.8045
3361,34.3645
3301,8.8979
3362,35.1806
3302,8.7402
3363,34.6587
3303,8.7374
3364,34.6162
3304,8.6505
3365,35.3129
3305,8.5773
3366,34.5185
3306,8.7390
3367,35.1295
3307,8.8569
3368,34.5273
3308,8.7505
3309,8.7282
3369,35.8169
3370,34.5293
3310,8.7199
3371,35.1015
3311,8.7805
3312,8.6164
3372,36.2645
3373,35.1728
3313,8.6799
3314,8.7377
3374,35.5322
3375,34.0484
3315,8.8999
3316,8.6266
3376,35.3357
3377,34.2299
3317,8.7630
3378,35.2974
3318,8.5045
3379,34.7405
3319,8.7267
3380,35.0096
3320,9.1727
3321,8.7346
3381,36.1985
3382,34.5275
3322,8.8012
3323,8.5431
3383,36.0033
3384,34.0934
3324,8.9614
3385,35.8734
3325,8.9587
3386,34.5147
3326,9.6895
3327,8.7589
3387,39.7264
3388,33.5240
3328,8.8564
3389,33.7189
3329,9.7560
3390,34.4708
3330,9.9162
3391,33.6004
3331,9.3350
3392,34.3812
3332,9.7007
3333,9.7340
3393,35.2052
3394,33.4150
3334,9.7028
3395,34.3550
3335,9.5214
3396,34.2011
3336,9.6451
3397,33.9449
3337,9.6210
3398,34.0661
3338,9.3587
3399,34.8100
3339,9.3985
3400,34.5408
3340,9.6182
3401,34.2332
3341,9.3570
3342,9.3776
3402,34.3496
3403,33.2107
3343,9.7376
3404,34.9880
3344,9.4335
3405,34.2042
3345,9.5551
3406,35.1815
3346,9.5922
3347,9.2494
3407,35.4637
3408,33.9333
3348,9.3406
3409,33.8933
3349,9.6242
3410,34.6521
3350,9.1700
3411,34.0050
3351,9.2950
3412,34.3829
3352,9.3008
3413,33.5212
3353,8.9214
3414,34.0762
3354,8.9805
3415,33.5132
3355,9.1516
3356,9.0504
3416,34.9831
3417,33.5709
3357,9.2528
3358,8.8087
3418,35.1878
3419,33.8643
3359,9.4101
3420,34.3256
3360,8.9493
3421,33.5473
3361,9.0420
3422,34.8851
3362,8.9275
3423,34.0589
3363,8.9882
3424,34.4412
3364,9.4965
3425,34.2570
3365,9.1427
3426,34.3059
3366,9.1867
3427,34.6215
3367,9.2770
3428,33.7749
3368,9.0072
3429,34.2623
3369,9.2975
3370,9.0891
3430,34.9484
3431,33.7089
3371,9.4682
3432,34.7882
3372,9.1517
3373,8.9003
3433,34.2031
3434,33.4522
3374,9.2937
3435,34.3628
3375,9.0656
3436,34.6591
3376,9.2975
3437,34.0878
3377,8.9060
3438,33.9617
3378,9.1031
3379,8.9788
3439,35.4954
3440,33.7676
3380,9.5834
3441,35.0729
3381,8.9688
3442,33.9356
3382,9.3715
3443,34.0437
3383,9.0065
3444,34.7001
3384,9.3751
3445,34.3370
3385,9.3737
3446,34.2130
3386,8.9862
3447,33.6340
3387,9.2459
3448,34.9828
3388,8.9128
3449,33.6307
3389,9.1483
3450,33.6328
3390,9.1917
3451,35.0521
3391,9.0477
3452,33.6160
3392,9.3173
3393,8.8186
3453,34.8378
3454,33.4215
3394,9.1154
3455,34.7110
3395,9.2875
3456,34.7392
3396,9.0279
3457,34.1002
3397,8.8100
3458,33.5403
3398,9.2957
3459,34.8714
3399,9.0341
3460,33.5752
3400,9.4799
3461,34.1259
3401,9.2226
3462,33.7062
3402,9.2222
3403,9.0690
3463,35.2777
3464,33.3319
3404,8.9102
3465,34.6579
3405,9.0905
3406,9.0320
3466,35.2701
3467,35.0131
3407,9.0368
3468,33.4216
3408,9.4664
3469,34.5020
3409,9.1826
3470,33.7747
3410,9.7339
3411,8.9366
3471,34.4390
3472,33.9056
3412,9.4696
3413,9.1430
3473,34.6075
3474,33.0311
3414,9.5277
3475,34.6517
3415,9.2401
3476,33.6896
3416,9.5999
3477,34.5426
3417,9.6345
3418,9.1936
3478,34.4816
3479,33.4907
3419,9.2458
3420,8.9538
3480,35.0142
3481,34.0975
3421,9.0982
3482,33.9935
3422,9.1474
3483,34.2488
3423,9.3648
3484,35.2311
3424,9.2139
3485,34.4809
3425,9.5040
3486,34.7397
3426,9.3094
3427,9.1175
3487,34.7898
3488,33.2330
3428,9.4111
3489,34.1963
3429,9.5198
3430,9.3008
3490,36.1216
3491,33.3862
3431,9.8246
3492,34.5389
3432,9.4861
3493,34.6833
3433,9.4062
3494,33.3641
3434,9.2462
3495,33.7664
3435,9.1263
3496,34.4990
3436,9.0053
3497,34.6748
3437,9.4688
3498,33.9640
3438,9.1268
3499,34.9489
3439,9.3663
3500,34.6070
3440,9.3746
3501,34.2833
3441,9.6008
3502,34.5756
3442,9.4952
3443,9.1082
3503,34.3024
3504,33.7043
3444,9.8012
3505,34.3944
3445,9.5529
3506,34.9543
3446,9.6135
3447,9.1431
3507,40.1372
3508,33.5005
3448,9.2270
3509,33.0308
3449,9.2119
3510,34.8054
3450,9.1428
3511,34.5248
3451,9.6038
3512,34.3339
3452,9.8764
3513,34.7285
3453,9.3898
3454,9.3004
3514,34.2713
3515,33.2320
3455,9.1448
3516,33.5733
3456,9.4264
3517,34.8365
3457,9.2030
3518,34.0054
3458,9.3958
3519,34.5623
3459,9.0621
3520,34.0354
3460,9.1126
3521,33.9725
3461,9.2006
3522,34.5131
3462,9.5400
3523,34.4137
3463,9.0460
3524,33.9069
3464,9.0724
3525,34.4251
3465,9.1132
3526,33.7661
3466,9.1509
3527,34.7125
3467,9.0043
3528,33.2088
3468,9.0509
3529,34.0999
3469,9.1320
3530,33.8645
3470,8.8282
3531,33.7616
3471,9.1394
3532,34.0569
3472,9.0291
3533,33.7054
3473,9.0843
3534,33.9973
3474,9.0077
3535,34.0366
3475,9.1334
3536,33.6587
3476,8.8549
3537,33.8779
3477,8.9656
3538,34.1935
3478,9.3460
3539,34.4085
3479,8.9025
3540,33.7419
3480,9.2472
3541,33.5760
3481,8.9917
3542,34.4572
3482,9.0239
3543,34.1044
3483,9.0535
3544,34.5603
3484,9.1013
3545,33.5919
3485,9.2450
3546,34.0983
3486,9.0032
3547,33.9633
3487,9.1458
3548,34.3327
3488,9.0258
3549,34.4589
3489,9.1357
3550,34.1994
3490,9.2654
3551,34.4336
3491,9.1917
3552,33.5092
3492,9.2781
3553,34.7001
3493,9.2419
3554,34.4001
3494,9.2507
3555,34.3609
3495,9.0722
3556,34.4750
3496,9.0788
3557,34.6504
3497,9.1062
3558,34.1131
3498,9.2010
3559,33.9051
3499,9.2579
3560,33.8867
3500,9.2405
3561,33.8722
3501,9.3835
3562,34.2634
3502,9.5500
3563,34.5446
3503,9.2838
3564,34.0522
3504,9.3320
3565,33.3992
3505,9.0557
3566,34.5533
3506,9.4285
3567,33.8869
3507,9.6832
3568,34.2906
3508,9.2199
3569,33.6168
3509,8.9254
3570,34.1606
3510,9.0838
3571,33.6770
3511,9.0179
3572,34.1949
3512,9.1583
3573,34.9921
3513,9.1290
3574,33.9424
3514,9.1608
3575,33.6659
3515,9.1438
3576,33.7856
3516,9.2637
3577,33.7119
3517,9.3088
3578,34.2324
3518,9.1241
3579,35.3056
3519,9.2277
3580,34.2989
3520,9.0715
3581,33.5989
3521,9.1875
3582,34.2600
3522,9.2643
3583,34.3365
3523,9.2233
3584,34.0737
3524,9.1745
3585,34.7911
3525,9.2181
3586,33.4959
3526,9.6097
3587,34.2514
3527,9.4733
3588,33.9593
3528,9.3189
3589,34.0425
3529,9.5069
3530,9.1992
3590,34.7419
3591,33.4963
3531,9.5028
3592,33.6138
3532,9.4272
3593,33.9933
3533,9.3600
3594,33.9260
3534,9.3563
3595,34.4989
3535,9.2763
3596,34.8319
3536,9.4367
3597,34.2478
3537,9.3438
3598,34.3604
3538,9.3425
3599,34.1385
3539,9.5520
3600,35.0170
3540,9.6926
3601,34.0683
3541,9.4721
3602,34.5337
3542,9.3683
3603,33.5489
3543,9.2108
3604,34.4390
3544,9.3467
3605,34.3801
3545,8.9326
3606,34.3225
3546,8.9926
3607,34.4066
3547,9.1736
3608,34.0682
3548,9.4896
3609,34.8386
3549,9.2733
3610,34.6691
3550,9.4617
3611,33.3902
3551,9.1917
3612,34.1077
3552,9.3343
3613,34.0210
3553,9.3549
3614,34.1212
3554,9.0945
3615,33.6254
3555,9.8039
3616,35.0308
3556,9.2555
3617,33.8241
3557,9.1466
3618,33.3244
3558,9.3322
3619,34.6918
3559,11.2152
3620,34.5479
3560,7.8073
3561,6.9102
3621,34.6650
3622,33.4889
3562,7.3985
3623,34.8644
3563,7.0419
3624,34.1325
3564,7.2598
3625,34.0036
3565,7.2814
3626,34.6850
3566,7.2556
3627,34.6072
3567,7.2882
3568,7.0934
3628,34.9882
3629,33.4372
3569,7.2466
3570,7.0751
3630,36.3807
3631,34.4766
3571,7.0637
3632,34.2732
3572,7.3731
3633,35.0512
3573,7.7662
3634,35.8025
3574,7.2858
3635,35.8161
3575,7.2630
3636,34.9702
3576,7.5788
3637,36.1318
3577,7.3953
3638,35.2757
3578,7.4611
3639,35.1303
3579,7.1963
3640,34.8320
3580,7.7084
3581,6.8864
3641,36.9259
3642,34.3743
3582,7.2768
3643,35.9545
3583,7.1777
3644,34.2471
3584,7.3732
3645,35.8918
3585,7.2144
3646,35.4718
3586,7.3195
3647,34.7964
3587,7.0751
3648,35.2057
3588,7.6958
3649,35.0903
3589,7.8316
3650,35.4651
3590,7.6193
3651,34.5745
3591,7.7118
3652,34.8015
3592,7.3074
3653,34.3481
3593,7.4753
3654,35.8956
3594,7.6624
3655,34.5260
3595,7.7680
3656,35.3020
3596,7.5456
3657,35.2146
3597,7.4250
3658,34.7591
3598,7.0622
3659,34.4334
3599,7.3360
3660,34.8641
3600,7.2116
3601,7.4646
3661,35.0387
3662,35.0572
3602,7.3814
3663,35.7099
3603,7.5489
3604,7.3561
3664,35.7752
3605,7.5229
3665,34.2958
3666,35.4572
3606,7.2137
3667,35.4229
3607,7.3625
3608,7.4505
3668,35.2210
3669,34.7635
3609,7.4244
3670,35.4667
3610,7.5431
3671,34.9307
3611,7.3789
3672,34.5726
3612,8.8035
3673,35.7987
3613,7.0234
3674,34.2456
3614,7.2296
3675,35.0749
3615,6.8586
3676,35.3156
3616,6.9458
3677,35.5037
3617,7.4995
3678,34.7433
3618,7.8566
3679,35.7200
3619,7.3838
3680,35.5311
3620,6.8943
3681,34.6953
3621,7.1631
3682,35.5876
3622,6.9693
3683,34.7406
3623,7.3439
3684,34.5523
3624,7.3474
3685,34.3249
3625,7.5297
3686,35.4918
3626,7.1997
3687,34.7337
3627,7.0311
3688,35.1155
3628,7.0227
3689,35.3661
3629,6.8354
3690,35.2610
3630,7.2200
3691,35.6341
3631,7.2937
3692,35.1963
3632,7.2659
3693,35.3959
3633,6.9332
3694,35.4708
3634,7.5104
3695,35.1757
3635,7.0844
3696,35.3306
3636,7.0753
3697,35.8930
3637,6.8639
3698,34.8565
3638,6.8552
3699,35.2880
3639,7.0958
3700,35.3110
3640,7.1207
3701,34.4360
3641,7.5905
3702,34.9360
3642,7.1364
3703,35.8721
3643,7.0805
3704,34.3549
3644,7.2235
3705,36.0305
3645,6.8658
3706,35.3366
3646,7.4251
3707,35.5504
3647,6.9730
3708,34.8594
3648,6.9264
3709,35.9046
3649,7.0160
3710,34.8920
3650,7.0629
3711,35.3806
3651,6.7193
3712,34.4663
3652,6.9958
3713,35.1902
3653,6.9754
3714,34.8405
3654,7.5066
3715,34.8910
3655,7.2532
3716,35.0952
3656,7.2782
3717,35.8758
3657,7.0487
3718,34.4768
3658,7.0292
3719,35.0406
3659,7.4182
3720,35.5473
3660,7.0310
3721,34.6755
3661,7.1658
3722,35.4428
3662,7.2533
3723,35.2445
3663,7.3251
3724,33.7769
3664,7.0368
3725,34.4164
3665,7.6069
3726,35.4700
3666,7.3464
3727,34.5218
3667,7.2848
3728,35.5466
3668,6.8258
3729,34.1244
3669,7.3677
3730,35.6716
3670,7.0874
3731,35.7158
3671,6.9073
3732,34.6998
3672,7.4892
3733,37.3428
3673,7.1975
3734,34.5061
3674,6.9978
3735,34.8944
3675,7.1028
3736,34.9708
3676,6.9240
3737,35.1012
3677,7.4500
3738,35.5943
3678,7.0490
3739,34.7850
3679,7.1850
3740,35.2296
3680,7.4516
3741,35.0753
3681,7.3598
3742,35.7173
3682,7.5118
3743,35.3290
3683,7.0427
3744,34.3146
3684,7.3301
3745,35.4152
3685,7.4885
3746,34.6167
3686,7.0985
3747,35.2343
3687,7.4155
3748,35.5246
3688,7.1155
3689,7.2496
3749,35.4271
3750,34.9163
3690,7.0772
3751,36.2196
3691,7.5176
3692,7.1429
3752,34.5615
3753,34.6600
3693,7.1702
3754,35.5521
3694,7.3043
3695,6.8355
3755,35.7065
3696,6.9953
3756,34.5690
3757,34.9478
3697,7.0795
3758,36.7933
3698,7.1575
3759,34.7537
3699,7.1817
3760,35.0671
3700,7.1527
3761,35.2829
3701,7.4585
3702,6.7924
3762,36.6701
3763,34.2904
3703,7.3225
3764,34.9522
3704,7.3071
3765,35.4441
3705,7.1026
3766,34.3858
3706,7.3494
3767,34.9224
3707,7.1915
3768,35.4723
3708,7.5072
3769,35.9213
3709,7.0600
3770,35.9304
3710,7.3781
3711,6.6590
3771,35.0510
3772,34.5520
3712,6.8965
3773,34.7734
3713,7.3010
3774,35.6946
3714,7.2663
3775,35.4471
3715,7.4942
3776,35.5509
3716,7.3578
3777,35.2096
3717,7.3067
3778,34.6387
3718,7.2625
3779,35.3217
3719,7.5211
3720,6.8223
3780,38.7043
3781,34.0782
3721,7.4599
3782,34.8458
3722,7.1183
3783,35.1232
3723,7.3028
3784,34.4549
3724,7.2757
3785,34.5832
3725,7.5416
3786,35.6753
3726,6.9331
3787,34.7605
3727,7.3438
3788,35.6591
3728,6.8728
3789,35.1702
3729,7.3055
3790,34.8376
3730,7.1714
3791,35.2513
3731,7.3970
3792,35.6238
3732,7.3647
3793,35.2412
3733,7.4839
3734,7.0630
3794,37.4900
3795,34.4877
3735,7.2239
3796,35.4425
3736,7.3414
3797,35.3874
3737,7.0012
3798,34.6509
3738,7.4638
3799,35.5345
3739,6.6855
3800,34.1942
3740,7.5213
3741,7.1509
3801,35.5754
3802,34.8164
3742,7.0346
3803,35.0560
3743,7.2741
3804,34.2863
3744,7.0977
3745,6.8690
3805,35.7443
3746,6.8993
3806,34.0639
3807,34.4150
3747,7.0861
3808,34.9992
3748,7.1804
3809,35.5102
3749,7.3826
3750,7.1379
3810,35.6002
3811,34.6375
3751,7.2053
3752,6.7548
3812,35.9802
3753,6.9271
3813,34.3585
3814,34.0833
3754,6.9286
3755,6.9369
3815,36.7435
3816,33.8120
3756,7.1763
3817,35.5469
3757,7.0914
3818,35.7323
3758,6.8869
3759,6.9264
3819,35.4439
3820,34.6666
3760,6.9299
3761,6.9207
3821,35.3522
3822,34.5601
3762,7.1937
3823,35.0547
3763,7.1472
3824,35.5089
3764,7.1885
3825,35.6590
3765,7.0625
3766,7.0438
3826,34.9106
3827,35.0748
3767,7.3126
3828,35.5173
3768,6.8791
3829,34.3670
3769,7.2373
3830,34.4978
3770,7.0315
3771,6.9897
3831,35.5717
3832,33.9721
3772,7.4594
3833,35.6700
3773,6.9377
3834,36.1418
3774,6.8616
3835,35.2989
3775,6.7864
3776,6.8054
3836,35.4749
3837,36.2960
3777,6.9693
3778,6.6794
3838,35.9726
3779,6.8393
3839,34.1389
3840,35.5904
3780,6.7777
3841,35.3097
3781,7.3897
3842,34.6303
3782,7.0890
3843,35.7599
3783,7.4782
3844,36.0267
3784,6.9962
3785,6.7049
3845,35.3632
3846,34.7390
3786,6.9263
3847,34.0225
3787,6.7771
3848,35.7004
3788,6.7486
3849,34.6480
3789,6.8018
3850,35.0357
3790,6.8188
3851,35.7762
3791,6.7049
3852,34.8588
3792,6.6988
3853,34.2122
3793,6.9894
3854,35.7288
3794,7.0595
3855,35.6920
3795,6.7197
3856,34.3310
3796,6.6366
3857,35.1561
3797,6.7047
3858,35.6935
3798,6.8454
3859,35.0712
3799,6.9727
3860,35.7470
3800,7.0486
3861,34.1276
3801,7.3705
3862,36.1296
3802,7.2950
3803,6.7087
3863,34.9130
3864,34.7683
3804,6.8841
3865,34.8236
3805,6.9468
3866,35.3251
3806,7.0481
3867,34.6381
3807,7.3398
3868,35.0787
3808,7.2549
3869,34.7061
3809,7.1386
3870,35.3293
3810,7.0610
3871,35.9541
3811,7.2140
3812,7.1215
3872,35.6332
3873,34.7234
3813,7.0838
3874,34.4088
3814,7.3688
3875,35.2441
3815,6.8432
3876,34.9168
3816,7.1848
3877,35.5771
3817,6.6401
3878,35.0887
3818,6.9930
3819,6.9642
3879,35.1326
3880,35.0412
3820,7.2210
3881,35.6891
3821,6.9716
3822,7.3044
3882,37.2874
3883,34.9203
3823,7.4831
3884,34.7998
3824,7.2774
3885,35.5009
3825,7.1146
3886,34.7262
3826,6.8564
3887,34.7005
3827,6.7629
3888,35.4327
3828,6.6652
3889,34.7378
3829,7.0076
3890,34.9421
3830,7.1352
3891,36.1357
3831,7.1091
3892,35.0487
3832,7.0661
3893,35.1202
3833,6.8627
3894,34.4819
3834,7.1349
3835,6.7423
3895,35.9116
3896,35.1661
3836,7.0824
3897,34.7530
3837,6.9981
3898,34.3250
3838,7.0712
3899,35.5976
3839,7.0626
3900,35.6717
3840,7.1707
3901,35.3669
3841,7.1282
3902,35.4037
3842,7.1312
3903,35.3688
3843,6.9413
3844,6.9448
3904,35.2676
3845,7.1161
3905,34.8331
3906,33.8226
3846,6.9006
3907,34.8455
3847,6.9991
3908,35.9557
3848,7.3089
3909,35.5945
3849,6.9848
3910,34.7728
3850,7.1727
3851,6.8797
3911,36.5255
3912,34.0331
3852,7.2337
3913,34.8739
3853,7.1108
3914,35.0970
3854,7.1996
3915,34.7649
3855,7.3334
3916,35.5885
3856,7.1735
3917,35.4752
3857,7.3329
3858,7.0710
3918,35.8050
3919,35.4365
3859,7.0578
3920,34.8601
3860,7.3084
3861,7.0857
3921,38.1664
3922,37.6929
3862,7.1563
3923,34.9360
3863,7.1211
3924,35.5593
3864,7.4526
3925,35.4278
3865,7.1556
3866,7.0585
3926,35.2719
3927,34.6070
3867,7.4472
3868,6.6580
3928,35.5892
3929,33.5726
3869,7.1293
3930,36.4454
3870,7.0743
3871,6.9844
3931,35.1122
3932,34.5076
3872,7.3184
3933,35.8745
3873,6.8531
3934,34.8160
3874,7.1406
3935,34.9777
3875,7.0769
3936,35.5410
3876,7.0176
3877,6.7128
3937,38.2420
3938,34.3833
3878,7.2638
3939,34.4841
3879,6.9270
3880,6.9364
3940,40.8318
3881,6.8792
3941,34.7729
3942,34.6641
3882,7.3911
3883,7.0205
3943,36.6629
3944,34.4986
3884,7.2964
3945,34.8383
3885,7.2707
3946,35.5321
3886,7.0658
3947,35.2571
3887,7.1577
3888,6.6813
3948,34.8636
3949,36.5950
3889,7.0858
3890,6.8893
3950,34.6093
3951,34.2238
3891,7.1555
3952,35.5533
3892,7.1041
3953,35.6284
3893,7.0129
3954,34.9504
3894,7.2436
3955,35.2648
3895,6.9728
3956,34.4636
3896,7.2649
3957,34.7962
3897,7.0433
3958,35.5411
3898,7.1275
3959,35.7201
3899,6.9154
3960,35.0370
3900,7.0514
3961,35.5721
3901,7.1852
3962,35.3538
3902,6.9449
3903,6.7450
3963,34.5889
3964,33.9002
3904,6.9604
3905,6.7993
3965,35.4573
3966,34.9358
3906,6.9952
3967,34.4198
3907,7.3379
3968,36.4201
3908,6.6006
3909,6.9721
3969,35.2984
3970,34.6396
3910,6.8561
3971,35.6672
3911,7.2946
3912,6.8953
3972,35.8554
3913,6.9080
3973,36.8055
3974,34.2079
3914,7.0534
3975,35.5883
3915,6.9220
3976,34.4835
3916,6.7847
3977,35.1661
3917,6.8782
3978,34.8921
3918,7.0769
3979,34.3641
3919,6.8446
3980,34.7665
3920,7.2879
3981,34.7099
3921,6.9850
3982,35.3041
3922,7.1189
3983,35.2411
3923,6.9535
3984,34.6584
3924,7.4319
3925,6.8805
3985,36.0223
3986,34.2528
3926,6.8463
3987,35.4205
3927,6.9800
3928,6.8871
3988,36.1707
3989,35.5692
3929,7.2528
3930,6.4808
3990,35.5506
3991,33.7890
3931,6.8080
3932,7.4984
3992,36.6194
3933,7.0692
3993,34.4230
3994,34.2948
3934,7.2354
3935,6.9202
3995,36.2561
3996,35.1875
3936,7.3661
3937,6.9772
3997,35.5261
3998,34.2783
3938,6.8416
3939,6.7297
3999,35.7980
4000,35.3181
3940,7.1116
4001,34.2290
3941,7.0798
4002,35.2081
3942,7.0451
4003,34.3594
3943,6.7759
4004,35.7971
3944,6.7440
4005,35.0561
3945,7.0557
3946,6.9055
4006,35.5761
4007,34.5859
3947,7.4449
4008,35.7880
3948,7.1468
4009,34.9449
3949,6.8985
3950,6.9919
4010,36.4972
3951,6.9768
4011,36.2811
4012,36.2265
3952,7.0496
3953,7.1530
4013,36.1333
4014,34.4576
3954,7.1263
4015,35.4726
3955,7.1960
3956,6.7827
4016,35.3097
4017,34.1301
3957,6.7085
4018,34.8238
3958,7.2229
4019,34.9497
3959,6.7142
4020,36.0318
3960,7.1054
3961,6.8383
4021,34.8046
4022,33.7382
3962,7.1283
3963,6.9195
4023,36.0494
4024,34.2761
3964,6.6233
3965,6.5698
4025,35.5806
4026,34.6691
3966,6.6649
3967,6.5945
4027,35.8002
4028,34.5430
3968,6.7323
4029,34.8051
3969,6.7295
3970,6.5610
4030,36.4688
4031,34.2811
3971,6.6666
4032,35.6567
3972,6.6848
4033,35.5048
3973,6.7915
3974,6.6205
4034,35.1633
4035,35.3869
3975,6.8972
4036,35.1436
3976,7.0604
4037,34.7160
3977,6.9109
3978,6.4302
4038,35.3088
4039,33.9987
3979,7.1083
4040,34.3786
3980,6.8992
4041,34.1178
3981,6.9476
4042,35.2484
3982,7.3288
4043,35.1173
3983,6.9905
3984,6.6627
4044,36.3400
4045,34.3881
3985,7.1115
3986,6.6099
4046,36.4622
4047,33.9332
3987,7.0544
4048,35.4054
3988,7.2170
4049,34.9230
3989,7.2231
4050,35.3116
3990,6.9461
4051,35.0058
3991,7.0788
4052,35.1070
3992,6.8794
3993,6.7093
4053,36.0109
3994,6.6664
4054,34.7356
4055,34.0098
3995,7.2649
4056,35.1609
3996,7.0113
3997,7.1025
4057,35.7540
4058,34.6540
3998,6.9965
4059,35.8711
3999,6.9504
4060,34.7778
4000,6.8620
4001,6.7290
4061,35.2194
4062,34.5283
4002,7.0755
4003,7.1122
4063,36.2475
4004,6.8292
4064,34.8396
4065,34.7459
4005,7.3095
4066,35.1939
4006,6.6117
4007,7.0259
4067,35.6844
4068,34.5872
4008,6.9160
4009,6.7192
4069,36.1363
4070,34.5670
4010,7.1428
4011,6.8709
4071,35.5391
4072,34.6125
4012,7.0426
4073,35.0026
4013,6.8634
4014,6.7834
4074,35.4400
4075,35.0191
4015,6.8402
4076,34.9476
4016,7.2282
4077,35.0543
4017,6.7860
4078,34.5712
4018,6.7824
4079,35.1752
4019,7.1487
4080,35.3624
4020,6.9512
4081,34.5528
4021,6.7794
4082,34.2779
4022,6.9902
4083,35.6828
4023,6.8081
4084,35.0323
4024,6.9294
4025,6.7190
4085,35.3535
4026,6.7685
4086,37.0075
4087,34.6607
4027,6.7595
4028,6.8236
4088,35.2839
4089,34.4820
4029,7.0507
4090,35.6966
4030,6.6848
4091,35.4494
4031,6.9887
4032,6.9321
4092,35.0644
4093,33.7223
4033,6.9411
4034,6.9984
4094,35.5047
4095,34.3622
4035,7.1031
4096,34.8477
4036,6.0413
4097,35.6025
4037,6.2284
4038,5.9928
4098,35.3364
4099,34.2233
4039,6.1420
4100,34.6748
4040,6.6868
4041,6.3710
4101,35.1402
4102,34.7570
4042,6.5321
4103,35.4043
4043,6.6817
4104,35.2854
4044,6.1512
4045,6.0543
4105,34.7821
4106,33.9976
4046,6.6677
4107,35.1433
4047,6.6012
4108,35.3902
4048,6.5369
4049,6.2866
4109,35.2271
4110,34.5330
4050,6.4502
4111,35.4059
4051,6.2214
4112,34.2399
4052,6.6719
4113,36.0033
4053,6.0375
4114,35.1918
4054,5.9582
4115,35.2138
4055,6.4142
4056,5.8791
4116,36.5650
4117,34.7923
4057,6.4177
4118,36.6938
4058,5.8502
4119,34.4531
4059,5.9503
4120,35.7548
4060,6.2114
4121,34.6944
4061,6.6209
4122,36.0552
4062,6.2410
4123,35.4637
4063,6.7051
4124,35.2422
4064,6.5430
4125,35.2197
4065,6.2185
4126,35.4673
4066,6.6051
4067,6.1588
4127,35.4561
4128,34.4301
4068,6.4269
4129,34.9620
4069,6.2898
4130,34.8011
4070,6.3047
4131,35.9616
4071,6.5346
4132,34.3588
4072,6.2234
4073,5.9568
4133,35.7650
4134,34.7773
4074,6.6136
4135,34.4880
4075,6.1701
4076,5.9127
4136,35.6975
4137,34.7039
4077,6.4596
4078,6.2946
4138,35.1533
4139,34.5133
4079,6.4063
4140,35.7828
4080,6.3303
4081,6.0523
4141,36.7315
4082,6.1119
4142,34.6190
4143,34.6694
4083,6.5071
4084,6.1489
4144,35.2356
4145,34.2568
4085,6.4207
4146,35.8232
4086,6.2836
4147,35.3405
4087,5.9906
4148,35.6135
4088,6.7265
4089,5.8528
4149,35.7451
4090,6.2780
4150,34.6330
4091,6.3284
4151,34.2730
4152,34.1466
4092,6.0166
4153,35.8794
4093,6.0597
4154,34.9708
4094,5.9759
4155,35.6845
4095,6.0092
4096,5.8198
4156,36.0093
4097,5.9995
4157,34.7225
4158,34.7129
4098,6.0336
4159,34.8895
4099,6.6314
4160,35.1033
4100,6.2445
4161,35.0696
4101,6.3604
4162,34.7290
4102,6.4121
4163,35.4727
4103,6.4447
4104,5.8867
4164,35.4870
4165,34.6010
4105,6.2129
4166,35.8594
4106,6.1776
4107,5.8815
4167,35.7590
4168,35.2063
4108,6.0431
4169,35.0963
4109,5.8849
4170,34.8607
4110,5.9020
4171,35.5477
4111,5.8430
4172,35.0310
4112,5.9310
4173,35.2824
4113,6.2359
4174,36.2281
4114,6.2709
4175,35.0234
4115,6.6772
4176,35.7284
4116,6.1984
4177,35.3010
4117,6.0452
4178,34.6193
4118,6.2845
4179,35.2566
4119,7.1383
4180,35.5022
4120,6.6338
4121,5.9216
4181,35.1969
4182,35.0528
4122,6.5530
4183,35.6513
4123,6.6644
4124,6.3061
4184,36.0660
4185,34.4258
4125,6.6434
4126,6.3427
4186,36.3629
4187,34.5374
4127,6.1691
4128,6.0305
4188,35.2697
4189,34.0261
4129,6.4134
4190,35.2759
4130,6.2161
4191,35.3230
4131,6.6217
4192,37.5044
4132,6.6529
4193,35.7226
4133,6.2473
4194,35.2880
4134,6.4094
4135,5.9739
4195,35.6378
4136,6.1472
4196,34.6235
4137,6.2659
4197,34.9424
4198,34.7342
4138,6.3360
4139,5.9080
4199,35.5821
4200,33.8578
4140,5.9271
4201,34.7474
4141,5.8529
4202,34.3745
4142,6.1422
4203,34.7329
4143,5.9419
4144,5.8906
4204,35.3217
4205,34.7476
4145,6.2698
4206,34.4706
4146,6.0463
4207,35.6020
4147,5.9837
4208,35.9729
4148,6.2346
4149,6.3312
4209,35.6426
4210,34.3303
4150,5.9001
4211,34.3077
4151,6.2848
4212,35.4046
4152,6.3658
4213,34.2450
4153,6.4865
4214,35.6906
4154,6.3079
4155,5.8223
4215,35.3940
4216,35.0775
4156,6.1008
4157,6.3953
4217,35.3814
4218,34.9972
4158,6.4180
4159,6.0048
4219,35.9551
4220,34.4617
4160,6.3918
4221,35.1457
4161,5.9538
4162,6.2543
4222,35.5227
4223,33.9790
4163,6.4651
4164,6.0678
4224,35.4639
4225,34.6472
4165,6.1275
4166,6.4552
4226,35.7987
4227,34.8085
4167,6.6053
4228,36.0033
4168,6.6022
4229,34.8037
4169,6.2850
4230,34.7699
4170,6.4492
4171,6.4422
4231,35.7043
4232,34.6290
4172,6.3872
4173,6.1407
4233,35.6097
4234,34.8203
4174,6.2012
4235,36.3243
4175,6.1449
4176,6.3630
4236,34.9392
4237,35.2185
4177,6.0532
4238,34.5057
4178,6.4898
4179,6.0214
4239,36.6175
4240,34.0483
4180,6.1209
4181,6.3162
4241,35.1146
4242,34.7314
4182,6.6402
4243,34.7757
4183,6.3658
4184,6.1255
4244,35.4817
4245,36.6367
4185,6.1782
4186,6.2922
4246,36.6381
4247,35.1896
4187,5.9089
4248,34.8924
4188,5.9084
4249,34.4924
4189,6.1475
4250,35.4159
4190,6.2281
4251,35.8509
4191,5.9967
4252,34.8701
4192,6.2265
4253,36.0270
4193,6.1586
4194,5.8437
4254,35.6382
4255,34.0842
4195,5.9532
4196,5.8950
4256,35.8455
4257,34.2231
4197,5.9118
4198,5.9298
4258,35.1177
4259,34.3227
4199,6.0106
4260,36.4919
4200,6.3160
4201,5.9193
4261,35.1805
4262,34.0058
4202,6.0394
4203,5.8325
4263,36.0066
4264,34.1366
4204,6.0409
4265,34.7893
4205,5.9293
4206,5.8467
4266,36.0092
4267,34.1413
4207,5.9688
4268,35.4474
4208,6.2079
4269,34.6521
4209,6.2874
4270,35.7574
4210,6.7276
4211,6.1468
4271,36.0021
4272,34.9661
4212,6.3665
4273,35.4561
4213,5.9279
4274,34.7032
4214,6.4241
4275,34.3651
4215,6.3766
4216,6.1029
4276,35.6329
4277,34.1445
4217,6.2353
4278,34.8552
4218,6.3153
4219,6.4054
4279,35.9026
4280,33.9711
4220,6.3388
4221,6.2287
4281,35.9336
4282,34.5233
4222,6.2371
4223,5.9953
4283,34.9650
4284,34.3967
4224,5.9854
4285,35.2088
4225,6.4260
4286,35.4679
4226,6.6115
4287,34.7299
4227,6.1145
4288,35.6919
4228,6.4353
4289,34.7646
4229,6.2703
4290,35.6148
4230,6.5229
4291,35.2864
4231,6.6882
4292,34.9003
4232,6.3930
4293,34.3727
4233,6.4989
4294,35.2431
4234,6.5796
4295,35.4805
4235,5.9983
4236,5.9150
4296,35.3176
4297,34.6968
4237,6.3678
4298,34.9752
4238,6.2807
4239,5.8636
4299,35.3485
4240,6.1188
4300,34.5582
4301,34.6193
4241,6.0661
4302,35.9519
4242,6.2253
4243,5.9207
4303,35.2738
4304,34.6818
4244,5.9217
4305,34.7758
4245,5.9165
4306,35.0449
4246,6.1441
4307,34.4055
4247,5.9486
4248,5.9318
4308,35.8274
4309,34.2445
4249,6.5451
4310,35.1817
4250,6.0443
4311,36.1045
4251,6.0430
4312,34.5239
4252,6.0084
4253,6.0715
4313,35.9975
4314,35.7329
4254,6.0336
4255,6.2508
4315,36.0851
4316,34.1574
4256,6.4753
4317,35.6365
4257,6.2128
4318,35.0015
4258,6.1901
4259,5.9803
4319,35.4837
4320,34.2685
4260,6.0100
4321,35.6902
4261,6.2350
4322,34.7564
4262,6.1346
4323,37.1976
4263,6.2903
4264,5.9859
4324,35.3922
4325,34.9299
4265,5.9627
4326,34.4491
4266,6.2930
4327,35.6305
4267,6.2676
4328,35.5742
4268,6.2154
4269,5.8244
4329,35.4481
4330,34.0623
4270,6.0813
4331,35.1786
4271,5.9773
4332,35.5081
4272,5.9450
4273,5.8159
4333,35.1632
4334,34.6852
4274,6.4433
4335,36.4132
4275,6.5857
4336,34.9110
4276,5.9747
4337,35.6234
4277,5.9723
4278,5.9061
4338,35.3774
4339,35.1383
4279,6.2086
4340,34.2066
4280,6.0021
4281,5.8628
4341,38.3321
4342,34.0327
4282,6.0920
4343,34.4253
4283,6.2046
4344,34.5005
4284,6.3021
4345,35.8869
4285,5.9156
4346,35.1194
4286,6.0142
4287,6.3749
4347,35.0993
4348,35.0612
4288,6.0509
4349,34.9861
4289,6.0220
4290,5.9961
4350,35.7790
4351,33.9941
4291,6.0190
4352,35.4891
4292,6.1605
4353,34.7604
4293,6.2681
4354,35.0930
4294,5.9256
4355,35.3752
4295,6.1040
4356,34.7480
4296,5.9803
4357,35.0198
4297,6.9746
4358,35.7324
4298,6.5999
4299,6.0554
4359,34.8250
4360,34.7639
4300,6.2006
4361,35.4285
4301,6.0764
4362,34.3342
4302,6.1524
4363,35.4842
4303,6.1316
4364,34.4140
4304,6.0457
4365,33.8386
4305,6.1319
4366,35.1383
4306,6.1220
4367,35.1097
4307,6.1734
4368,35.2508
4308,6.2259
4369,35.5082
4309,6.2669
4370,34.6963
4310,6.3578
4371,35.0719
4311,6.0553
4372,33.8884
4312,6.3110
4373,34.9677
4313,6.1579
4374,34.4149
4314,5.8972
4315,5.9262
4375,34.9924
4376,34.1839
4316,6.0544
4377,36.0476
4317,6.3981
4318,6.0891
4378,35.9422
4379,34.1537
4319,6.4068
4320,5.8292
4380,36.1216
4381,33.3618
4321,6.3313
4382,35.2323
4322,6.3346
4383,35.5332
4323,6.4605
4384,33.6421
4324,6.2293
4385,36.1485
4325,6.3442
4326,6.1369
4386,35.5004
4387,36.4413
4327,6.4175
4388,35.9629
4328,6.4436
4389,34.6011
4329,6.6115
4330,6.0403
4390,35.3635
4391,33.9000
4331,6.2683
4392,35.0847
4332,6.3849
4393,34.3908
4333,6.0460
4394,35.3414
4334,6.0157
4335,5.9529
4395,35.1980
4396,35.1831
4336,6.2148
4397,34.0906
4337,6.0711
4398,35.7541
4338,6.0101
4399,34.0017
4339,6.2460
4400,35.1853
4340,6.1436
4401,35.2011
4341,6.1070
4342,6.1304
4402,35.6883
4403,34.6701
4343,6.3015
4404,34.2651
4344,6.2036
4405,35.1865
4345,6.2249
4406,33.8642
4346,6.1049
4407,36.2080
4347,6.1538
4408,34.6001
4348,6.2409
4409,35.0323
4349,6.2020
4410,34.9185
4350,6.6154
4411,34.6448
4351,6.5304
4352,6.0151
4412,35.8969
4413,34.7203
4353,6.4427
4414,35.0741
4354,6.4839
4415,35.0122
4355,6.0404
4416,35.0236
4356,6.0254
4417,34.4142
4357,6.6169
4418,34.7702
4358,6.4428
4419,35.7380
4359,6.2260
4360,6.3942
4420,35.4914
4421,33.9096
4361,6.4845
4422,35.6777
4362,6.1682
4423,34.5257
4363,6.3609
4424,34.2526
4364,6.6975
4425,35.2388
4365,6.5675
4366,5.9817
4426,35.6519
4427,33.7992
4367,6.2340
4368,5.9578
4428,35.1262
4429,34.2372
4369,6.6825
4430,35.8370
4370,6.3978
4431,34.6178
4371,6.6063
4372,6.0711
4432,35.4524
4433,34.3379
4373,6.2045
4374,6.0187
4434,35.9473
4435,33.5644
4375,6.7065
4436,35.4677
4376,6.2510
4437,35.4210
4377,6.1056
4438,34.2235
4378,6.1848
4379,5.9659
4439,35.1894
4440,33.9678
4380,6.1543
4441,34.6986
4381,6.5614
4442,35.2253
4382,6.0406
4443,35.2112
4383,6.0619
4444,35.3659
4384,6.0763
4445,34.6136
4385,6.5903
4446,36.0511
4386,6.1680
4447,34.8913
4387,6.1603
4448,35.2861
4388,6.1545
4449,35.1517
4389,6.1824
4450,34.6131
4390,6.0561
4391,5.9454
4451,34.6619
4452,34.8434
4392,6.0017
4453,35.0621
4393,5.9474
4454,34.3736
4394,5.9078
4455,35.0426
4395,6.0291
4396,5.9506
4456,34.7606
4457,34.8912
4397,6.1605
4398,5.9370
4458,35.1521
4459,34.4393
4399,6.6002
4460,35.3346
4400,6.0145
4461,34.4142
4401,6.3006
4462,35.7660
4402,6.0835
4463,35.2081
4403,6.4773
4404,6.0425
4464,34.6414
4465,34.6122
4405,6.4275
4466,35.6609
4406,6.2543
4467,35.4500
4407,5.8866
4468,33.7819
4408,6.0772
4469,35.8762
4409,6.0463
4470,35.1567
4410,6.1134
4471,34.4328
4411,6.1733
4412,5.9271
4472,35.7711
4473,34.4600
4413,5.9361
4474,35.3995
4414,5.9446
4415,5.9999
4475,34.7142
4476,34.8500
4416,6.0612
4477,36.1101
4417,6.0764
4478,34.3080
4418,6.0272
4479,34.2046
4419,6.1056
4480,35.6783
4420,6.0755
4421,5.9491
4481,34.8286
4482,33.9755
4422,6.1406
4483,35.4523
4423,6.2755
4424,6.4675
4484,35.4741
4485,34.4995
4425,6.5979
4426,6.0628
4486,35.9650
4487,34.5292
4427,6.2245
4488,34.7324
4428,6.4314
4429,6.0998
4489,35.6961
4430,6.0709
4490,34.7932
4491,34.1794
4431,6.3756
4492,35.2094
4432,6.2613
4433,6.0482
4493,34.8963
4494,34.2747
4434,6.5507
4495,35.4971
4435,6.0721
4496,34.1835
4436,6.1015
4497,35.5199
4437,6.5269
4498,34.4452
4438,6.6865
4499,34.5385
4439,6.3569
4500,34.7929
4440,6.4571
4501,34.5655
4441,6.5517
4502,34.6340
4442,5.9633
4503,34.8354
4443,5.9468
4444,5.9925
4504,35.5772
4505,34.2675
4445,6.3076
4506,35.8875
4446,6.0963
4507,35.3270
4447,6.1297
4508,34.7839
4448,6.1438
4509,35.9503
4449,5.9881
4510,34.6842
4450,6.0245
4511,35.4088
4451,6.1592
4512,34.9008
4452,6.0619
4513,33.9082
4453,6.3908
4454,5.9166
4514,34.9298
4515,33.9815
4455,6.0772
4516,34.6374
4456,6.0784
4457,5.8824
4517,34.7084
4518,33.6176
4458,6.5016
4519,35.1908
4459,6.3253
4520,34.7093
4460,6.4148
4461,6.0098
4521,35.5492
4522,34.4652
4462,6.4477
4463,6.0248
4523,35.6055
4524,33.7294
4464,6.3606
4525,35.8316
4465,5.9809
4526,34.5547
4466,6.0178
4527,34.6715
4467,6.5029
4528,35.8869
4468,6.2312
4529,34.5106
4469,6.0568
4470,5.9019
4530,35.6971
4531,34.3988
4471,6.5015
4532,34.1462
4472,6.2149
4473,6.0063
4533,35.4123
4534,34.5349
4474,6.2856
4535,35.4763
4475,5.9277
4536,34.7817
4476,6.0813
4537,35.0598
4477,6.0659
4538,35.3930
4478,6.0959
4539,34.5888
4479,6.6786
4480,6.0674
4540,35.9371
4541,34.6876
4481,6.3144
4542,35.1357
4482,6.1824
4543,34.5842
4483,6.0481
4544,34.4007
4484,6.0948
4545,34.6959
4485,6.3960
4546,35.6777
4486,6.1487
4547,34.8305
4487,6.1024
4548,33.9862
4488,6.1889
4549,35.9334
4489,6.2417
4550,34.4277
4490,6.1824
4551,34.9546
4491,6.3241
4552,34.2948
4492,6.6355
4553,35.7202
4493,6.0712
4554,33.8944
4494,6.2562
4555,34.2929
4495,6.4237
4556,35.0495
4496,6.1443
4497,5.9304
4557,35.0770
4558,34.0645
4498,6.3922
4559,35.0895
4499,6.1979
4500,6.1100
4560,35.4333
4561,34.8034
4501,6.0076
4562,35.0275
4502,6.0122
4563,34.3910
4503,6.4446
4504,5.9301
4564,35.9689
4565,33.8128
4505,5.9850
4566,34.8665
4506,6.0535
4567,34.8693
4507,6.1616
4568,35.3362
4508,6.3290
4569,34.6496
4509,6.2790
4570,34.4790
4510,6.1192
4511,6.1001
4571,35.5423
4572,34.0851
4512,6.1886
4573,34.7401
4513,6.0565
4574,34.5127
4514,6.0610
4575,35.0633
4515,6.0435
4576,34.3444
4516,6.3315
4577,35.0086
4517,6.0166
4578,35.1619
4518,6.1213
4519,6.0448
4579,34.7996
4580,34.7720
4520,6.2711
4581,35.8910
4521,5.9164
4582,33.7024
4522,6.0415
4583,34.6925
4523,6.0592
4584,35.2072
4524,6.1696
4585,34.0968
4525,6.0528
4526,5.9572
4586,34.9464
4587,34.2598
4527,6.1189
4588,35.5233
4528,6.1084
4589,34.8798
4529,6.4206
4590,36.0813
4530,6.2986
4531,6.0987
4591,35.7300
4592,35.5117
4532,6.2149
4593,35.4169
4533,6.4439
4594,34.4912
4534,6.6961
4595,36.0078
4535,6.2776
4536,5.9494
4596,35.1258
4597,34.9061
4537,5.9406
4598,34.5449
4538,6.5956
4539,5.9574
4599,36.0038
4540,5.9829
4600,34.6481
4601,34.2284
4541,6.2271
4602,35.8596
4542,6.0559
4543,6.0084
4603,35.8227
4604,34.4637
4544,6.6010
4605,34.6763
4545,6.4879
4606,34.4199
4546,6.4842
4607,34.3968
4547,6.1791
4548,6.0366
4608,35.6611
4609,33.7887
4549,6.0904
4610,35.3970
4550,6.2168
4551,6.0211
4611,34.9816
4612,34.3949
4552,6.1164
4613,35.3250
4553,6.4186
4614,34.5703
4554,6.0314
4615,34.2386
4555,6.2304
4616,35.5607
4556,6.1353
4617,34.6121
4557,6.1803
4558,6.0410
4618,35.9466
4619,34.3240
4559,6.2547
4620,34.3485
4560,6.4366
4621,35.2328
4561,6.5291
4562,6.6242
4622,35.1742
4623,34.4475
4563,6.8253
4624,35.6882
4564,6.0367
4625,34.2432
4565,6.4355
4566,5.9714
4626,35.0828
4627,33.7117
4567,6.1023
4628,35.0736
4568,6.3513
4629,35.0496
4569,6.2366
4570,6.4808
4630,35.3608
4631,34.5527
4571,6.0506
4572,6.0686
4632,35.4962
4633,34.5987
4573,6.2123
4634,35.4209
4574,5.9719
4635,34.5459
4575,6.6842
4636,34.7442
4576,6.6503
4637,35.2474
4577,6.1222
4578,6.0592
4638,34.8756
4639,33.7282
4579,6.4152
4640,35.6454
4580,6.2819
4581,6.0633
4641,34.9854
4642,36.6767
4582,6.4638
4583,6.3361
4643,35.7721
4644,34.2222
4584,6.4357
4645,35.6563
4585,6.5577
4586,6.1228
4646,35.3237
4587,6.3080
4647,34.3781
4648,34.2649
4588,6.3121
4649,34.3515
4589,6.0774
4650,35.4475
4590,6.0810
4591,6.0765
4651,36.3792
4652,34.0590
4592,6.4221
4593,6.4821
4653,35.2382
4654,34.4438
4594,6.2331
4655,35.1140
4595,5.9834
4656,34.8335
4596,6.4334
4657,35.2506
4597,6.2932
4658,34.5362
4598,6.5117
4659,34.9277
4599,6.2980
4660,35.4427
4600,6.3674
4661,35.2066
4601,6.3649
4662,34.6077
4602,6.5983
4603,5.9067
4663,36.1975
4664,34.4861
4604,5.9781
4665,35.2473
4605,5.9036
4666,33.9903
4606,5.9457
4667,34.6503
4607,6.0968
4668,34.6088
4608,6.0659
4609,5.8876
4669,35.0546
4670,34.7187
4610,6.0002
4611,5.9320
4671,35.7542
4672,34.2063
4612,6.1698
4673,35.4759
4613,6.0633
4674,35.0851
4614,6.4492
4675,35.6258
4615,6.3958
4616,6.3731
4676,35.7231
4677,33.6519
4617,6.4808
4678,34.7105
4618,6.2957
4679,34.0519
4619,6.6186
4680,35.9858
4620,6.2792
4621,6.4203
4681,35.6924
4682,34.3846
4622,6.1256
4683,35.3649
4623,5.9378
4684,35.5934
4624,6.1290
4685,37.4250
4625,6.2727
4626,5.9575
4686,34.9689
4687,33.8284
4627,5.9406
4688,34.6599
4628,6.1162
4629,5.8395
4689,35.1187
4690,33.8680
4630,6.0553
4691,34.9816
4631,5.9607
4692,34.9082
4632,6.1325
4693,35.5675
4633,5.9297
4694,35.2707
4634,6.1429
4635,5.9147
4695,35.7310
4696,34.6010
4636,6.0407
4697,34.9029
4637,6.3206
4698,35.0666
4638,5.9044
4699,35.5093
4639,5.9348
4700,33.7747
4640,6.0173
4701,34.8960
4641,5.8790
4702,34.9867
4642,6.2541
4643,6.0531
4703,35.6848
4704,35.0390
4644,6.2809
4645,5.7685
4705,35.7186
4706,33.5614
4646,6.2965
4707,35.7186
4647,6.1543
4708,35.1069
4648,6.6389
4709,35.2879
4649,6.3656
4710,34.4101
4650,6.6380
4711,35.3219
4651,6.1394
4652,5.7609
4712,35.9765
4713,34.0511
4653,6.3839
4714,34.9290
4654,6.2116
4655,5.9210
4715,35.2632
4716,34.8545
4656,5.9375
4717,34.9327
4657,5.9605
4718,33.8983
4658,6.0247
4719,35.7014
4659,6.1265
4720,34.6996
4660,5.8723
4721,35.1632
4661,5.9275
4722,33.9199
4662,5.9965
4723,36.1360
4663,5.9124
4724,35.1013
4664,5.9656
4725,34.6200
4665,5.9255
4726,35.0029
4666,6.1531
4727,34.3842
4667,6.1573
4728,35.6257
4668,6.1069
4669,5.9630
4729,35.5035
4730,34.7146
4670,5.9041
4671,5.8141
4731,35.4018
4732,33.9555
4672,5.9482
4673,5.8124
4733,35.5974
4734,34.2360
4674,5.8684
4675,5.8854
4735,34.8947
4736,34.1702
4676,6.4845
4737,35.7920
4677,5.9104
4738,34.2465
4678,6.2167
4739,34.7649
4679,6.1481
4680,5.8217
4740,35.5109
4741,34.2722
4681,6.1589
4742,34.8831
4682,6.0572
4683,6.2863
4743,35.9762
4744,33.8778
4684,6.2738
4745,34.9839
4685,6.0753
4686,5.9253
4746,35.3812
4747,34.6708
4687,6.0473
4748,35.6084
4688,6.2140
4689,5.9041
4749,37.6526
4750,34.3666
4690,6.1662
4691,5.8949
4751,35.3288
4752,35.8818
4692,6.1828
4693,5.8562
4753,35.0946
4754,34.1775
4694,6.0165
4755,35.6046
4695,5.9436
4756,34.8321
4696,6.4336
4757,34.8678
4697,5.9286
4758,34.3984
4698,6.4317
4759,34.2153
4699,6.4243
4760,35.2443
4700,6.0312
4761,34.1733
4701,6.1500
4762,34.6603
4702,5.9562
4763,36.1407
4703,6.0467
4764,34.6746
4704,5.9477
4765,35.7562
4705,5.9736
4766,34.4882
4706,6.0799
4767,34.4936
4707,6.0401
4768,35.1070
4708,5.9566
4709,5.7742
4769,35.9566
4770,35.5314
4710,6.0734
4771,35.0010
4711,6.6238
4772,35.3791
4712,6.1466
4713,6.2752
4773,35.3714
4774,34.3803
4714,6.3947
4775,35.1691
4715,6.2378
4776,34.8516
4716,6.6136
4777,34.3262
4717,6.4573
4778,35.3967
4718,6.1641
4779,35.3192
4719,6.5533
4780,35.1448
4720,6.5375
4721,5.8646
4781,34.9335
4782,34.8230
4722,5.9249
4783,34.9192
4723,5.9538
4784,34.3030
4724,6.3819
4785,35.5983
4725,5.9409
4786,34.1988
4726,5.9440
4787,34.6064
4727,5.9907
4788,36.3634
4728,5.9370
4789,34.4729
4729,6.4018
4730,5.9404
4790,36.4459
4791,34.8225
4731,6.1349
4732,6.0624
4792,35.4457
4793,33.7116
4733,6.0021
4794,35.9125
4734,5.8365
4795,33.9938
4735,6.4549
4796,35.5039
4736,5.8656
4797,34.9938
4737,5.9518
4798,35.7362
4738,6.0282
4799,34.2075
4739,6.3145
4800,35.5611
4740,6.3500
4801,34.4178
4741,5.9460
4802,34.7206
4742,6.1054
4743,6.0898
4803,35.6461
4804,35.0092
4744,6.5001
4805,35.6073
4745,6.3340
4806,34.9316
4746,6.2264
4807,34.6419
4747,6.1495
4748,6.0156
4808,35.1104
4809,34.9165
4749,6.2863
4810,35.3309
4750,6.2139
4811,34.6781
4751,6.4591
4812,35.6615
4752,5.8330
4813,34.3247
4753,6.1433
4814,35.4201
4754,5.9415
4815,35.1017
4755,5.8888
4816,35.1558
4756,6.3109
4817,34.2548
4757,5.9339
4818,35.8361
4758,5.9934
4819,33.9784
4759,5.8686
4820,34.8046
4760,5.7681
4821,33.9777
4761,6.4070
4822,35.3317
4762,6.2189
4823,35.0717
4763,6.0095
4824,34.5842
4764,6.6477
4825,35.8488
4765,5.9485
4826,35.3738
4766,5.8507
4827,34.5417
4767,6.4205
4828,33.8455
4768,6.2242
4829,35.3176
4769,6.1730
4830,35.2352
4770,6.4177
4831,34.5941
4771,6.0143
4832,34.8266
4772,5.8192
4833,34.9670
4773,5.9844
4834,34.7132
4774,6.3646
4835,36.1338
4775,6.2220
4836,34.5174
4776,5.9694
4837,35.2437
4777,5.9501
4838,35.4364
4778,5.9415
4839,34.4154
4779,6.2696
4840,35.2323
4780,6.4243
4841,34.7100
4781,6.2040
4842,33.7097
4782,6.2739
4843,35.3248
4783,5.9572
4844,34.3549
4784,6.3262
4785,5.8289
4845,35.8221
4786,6.1969
4846,34.8471
4847,34.6774
4787,6.2482
4848,35.4178
4788,5.9782
4849,34.0227
4789,5.9317
4850,35.6102
4790,5.9537
4851,36.2738
4791,6.0028
4852,34.3055
4792,6.0045
4853,34.6486
4793,6.0025
4854,35.8119
4794,5.9073
4855,34.8627
4795,5.9768
4856,35.6650
4796,5.9169
4857,34.9155
4797,5.9939
4858,34.0103
4798,6.1755
4859,35.2071
4799,6.3858
4800,5.9075
4860,35.1422
4861,33.6934
4801,6.2696
4862,35.5925
4802,6.0853
4803,6.3761
4863,35.5167
4864,34.2662
4804,6.2481
4805,5.8728
4865,36.3322
4866,34.1741
4806,6.1648
4867,35.3760
4807,6.3865
4808,5.7420
4868,35.0494
4869,34.0227
4809,6.3118
4870,34.1888
4810,5.8457
4871,35.2405
4811,6.0043
4872,34.8615
4812,6.1837
4873,36.5176
4813,6.0911
4814,5.8715
4874,34.9147
4875,34.6825
4815,6.1067
4876,34.9079
4816,5.9493
4877,34.8011
4817,5.9204
4878,35.2667
4818,6.2671
4879,35.3141
4819,6.4524
4820,6.3260
4880,35.3466
4881,34.4943
4821,6.5339
4882,34.7682
4822,6.4583
4823,6.5036
4883,35.0281
4884,34.5479
4824,6.1165
4825,5.8687
4885,35.9015
4886,34.6164
4826,6.3398
4827,5.8527
4887,35.3162
4888,33.6828
4828,6.3059
4829,5.8798
4889,35.2199
4890,34.4659
4830,6.0055
4891,35.7496
4831,5.8365
4892,34.4680
4832,5.9126
4893,35.5975
4833,5.9810
4894,34.4816
4834,6.1303
4895,35.1321
4835,6.0762
4896,35.3598
4836,6.2584
4897,35.3445
4837,5.8999
4898,34.2081
4838,6.3617
4899,35.8190
4839,6.3813
4900,34.5548
4840,6.3014
4841,5.9186
4901,35.5736
4902,34.3987
4842,6.1846
4903,34.9183
4843,5.9437
4844,5.8163
4904,35.3226
4905,34.1311
4845,6.1593
4906,35.0038
4846,5.9184
4847,5.8804
4907,35.8111
4908,34.3320
4848,6.1026
4909,35.7051
4849,6.0480
4910,35.2135
4850,5.9112
4911,34.6820
4851,5.8884
4912,35.3010
4852,6.5145
4913,34.8935
4853,6.4458
4854,5.8934
4914,35.3444
4915,34.3492
4855,6.9072
4916,34.7746
4856,6.2252
4857,6.0374
4917,35.1810
4918,34.0325
4858,6.2523
4919,35.0303
4859,6.1005
4860,5.9919
4920,36.5450
4921,34.2054
4861,6.1069
4862,6.0015
4922,35.5419
4923,34.6967
4863,6.2244
4924,35.2430
4864,6.2035
4925,34.9773
4865,6.2602
4926,34.7900
4866,6.1488
4927,35.3411
4867,5.9433
4928,34.5639
4868,6.0358
4929,34.5850
4869,6.0806
4930,35.3441
4870,6.0990
4931,34.6119
4871,6.0045
4932,34.1252
4872,6.4919
4933,35.6149
4873,6.4199
4934,35.4677
4874,6.3607
4875,6.0696
4935,35.1369
4876,6.0166
4936,36.9798
4937,33.9672
4877,6.2294
4878,6.0966
4938,35.9114
4939,34.6976
4879,6.1038
4940,34.7214
4880,6.1044
4941,34.7663
4881,6.2530
4942,35.8546
4882,6.0864
4943,34.7310
4883,6.2416
4944,35.4509
4884,6.0327
4945,34.7132
4885,6.2191
4946,35.9464
4886,6.1262
4947,34.6836
4887,6.5793
4888,5.9165
4948,35.7737
4949,34.9950
4889,5.9759
4950,34.9813
4890,5.9666
4951,35.2656
4891,5.9966
4952,34.5357
4892,6.6271
4953,35.5320
4893,6.8250
4894,6.0082
4954,36.0976
4955,34.0193
4895,6.3092
4956,34.8417
4896,6.0757
4957,34.3894
4897,6.5384
4958,35.0690
4898,6.5578
4959,35.1371
4899,6.1000
4960,34.4216
4900,6.6335
4901,6.0442
4961,35.4543
4962,34.3363
4902,6.1728
4903,6.0671
4963,36.5009
4964,34.2280
4904,6.6055
4905,6.3554
4965,34.8245
4966,35.0480
4906,6.1639
4907,6.0445
4967,36.2484
4968,34.1199
4908,6.4089
4969,35.4857
4909,6.1210
4970,34.6293
4910,6.3439
4971,35.4345
4911,6.1072
4972,35.1988
4912,6.2022
4973,35.2429
4913,6.0697
4974,34.7894
4914,6.3017
4975,35.3613
4915,6.0235
4976,34.2976
4916,6.0054
4977,35.1127
4917,5.9952
4978,34.3807
4918,6.3405
4979,35.1925
4919,6.8234
4980,35.4497
4920,6.4139
4981,34.9323
4921,6.4312
4982,34.4379
4922,6.5733
4923,6.0259
4983,36.1319
4984,35.0561
4924,6.1667
4925,6.0942
4985,35.3039
4986,35.0033
4926,6.7154
4987,35.1379
4927,6.3911
4928,6.3040
4988,35.6819
4989,35.2969
4929,6.2757
4990,36.3106
4930,6.1173
4931,5.9665
4991,34.9616
4932,6.0719
4992,34.5643
4993,33.8742
4933,6.1300
4994,35.1175
4934,6.5417
4995,34.0169
4935,5.9914
4996,35.8602
4936,5.9079
4997,35.0811
4937,6.0835
4998,36.0963
4938,5.9105
4999,35.2093
4939,5.8341
5000,35.4811
4940,5.8565
5001,34.0233
4941,6.3542
5002,36.4130
4942,6.1196
4943,5.8542
5003,35.7169
5004,34.9167
4944,6.3135
5005,35.2641
4945,6.2588
5006,34.9398
4946,6.2496
5007,35.4369
4947,6.2485
5008,34.6871
4948,6.2520
5009,34.9110
4949,5.8516
5010,34.7422
4950,6.6252
5011,35.9696
4951,5.8494
5012,35.5727
4952,6.2229
5013,35.5589
4953,6.3246
5014,34.9669
4954,6.1498
5015,34.6166
4955,6.3510
5016,35.6248
4956,5.8902
5017,35.3035
4957,6.2283
5018,34.9580
4958,6.2729
5019,34.6333
4959,6.0509
5020,35.4743
4960,6.0852
5021,34.3929
4961,6.0425
5022,34.6785
4962,6.2657
5023,34.9681
4963,5.8311
5024,35.8138
4964,5.8019
5025,33.9981
4965,5.9741
5026,36.4721
4966,5.9479
5027,34.4579
4967,5.8312
5028,35.0778
4968,5.8162
5029,34.5567
4969,6.1320
5030,35.6567
4970,5.9500
4971,5.8679
5031,35.0284
5032,34.8112
4972,5.9147
5033,35.6704
4973,5.8385
5034,35.6159
4974,5.9497
5035,34.0190
4975,6.0876
5036,35.5614
4976,5.8808
5037,35.3800
4977,5.9412
5038,34.9857
4978,5.9262
5039,35.1460
4979,6.0161
5040,35.4450
4980,6.2211
5041,35.5286
4981,6.4296
5042,35.2258
4982,5.9838
5043,34.7102
4983,5.8206
5044,34.9340
4984,6.4556
4985,5.7694
5045,35.6742
5046,34.7239
4986,6.0244
5047,34.6183
4987,6.0577
5048,35.4064
4988,6.0349
5049,35.4431
4989,5.9058
5050,33.9617
4990,6.0485
5051,34.2280
4991,6.0357
5052,35.0808
4992,5.8690
5053,34.1687
4993,5.9939
5054,34.8777
4994,5.8044
5055,34.9723
4995,5.9069
5056,34.4469
4996,6.1087
5057,36.4266
4997,6.0456
5058,35.9464
4998,5.7444
5059,34.2980
4999,5.8234
5060,34.2523
5000,5.8737
5061,35.0875
5001,5.9239
5062,35.8253
5002,5.7175
5063,33.9106
5003,5.9100
5064,34.7189
5004,5.9604
5065,35.4795
5005,6.0492
5066,35.1595
5006,5.9626
5067,35.0665
5007,6.1071
5008,6.0045
5068,35.9563
5069,36.0921
5009,6.0007
5010,5.8370
5070,36.0534
5071,34.3054
5011,5.9535
5072,36.2280
5012,5.8345
5073,34.4269
5013,6.1159
5014,5.9156
5074,35.8141
5075,34.3971
5015,6.1067
5076,35.8985
5016,6.2017
5077,34.5631
5017,5.8699
5078,35.9024
5018,5.9503
5079,34.9023
5019,5.9333
5080,35.9772
5020,5.9856
5081,34.9392
5021,5.8047
5082,34.4299
5022,6.0258
5083,35.1502
5023,5.8436
5084,33.9854
5024,5.8979
5025,5.7796
5085,36.2049
5086,33.7301
5026,5.8684
5087,35.0651
5027,5.7772
5088,34.5835
5028,5.9495
5089,33.9469
5029,5.9083
5090,35.3660
5030,6.0539
5031,5.7335
5091,35.8823
5092,33.7090
5032,5.9917
5033,5.8332
5093,35.2295
5094,34.6857
5034,6.1737
5095,35.3646
5035,5.8605
5036,5.7960
5096,34.9754
5097,34.3753
5037,5.8983
5098,35.3483
5038,6.0806
5039,5.7811
5099,35.0183
5100,34.3232
5040,6.0032
5101,35.6390
5041,5.7984
5102,34.2216
5042,6.0567
5103,34.7504
5043,5.9994
5104,34.9574
5044,6.0061
5105,34.7699
5045,5.8181
5106,35.0806
5046,5.7947
5107,34.9717
5047,5.9918
5108,34.8702
5048,6.1081
5109,35.5725
5049,6.0716
5110,36.3921
5050,5.8567
5111,34.3503
5051,5.8654
5112,35.5467
5052,5.7962
5113,34.3719
5053,5.8897
5114,35.7070
5054,5.9376
5055,5.7050
5115,35.1797
5116,34.0619
5056,6.0514
5117,35.0258
5057,5.7860
5118,34.2479
5058,6.0312
5119,34.6122
5059,5.9370
5060,5.7773
5120,36.2854
5121,34.4201
5061,6.6115
5122,36.0465
5062,6.0572
5123,35.6032
5063,6.0033
5124,34.4954
5064,5.7572
5125,34.6217
5065,5.8055
5126,34.5861
5066,6.0205
5127,34.5212
5067,5.8901
5068,5.7449
5128,36.8279
5129,34.0827
5069,5.8601
5130,35.4276
5070,6.0702
5071,5.7941
5131,35.4195
5132,34.6443
5072,6.2858
5133,35.1554
5073,5.9057
5134,35.1839
5074,6.0634
5135,34.3787
5075,5.9262
5136,35.5940
5076,5.8657
5137,34.3222
5077,6.2928
5138,35.0895
5078,6.4845
5139,35.1762
5079,6.5888
5140,35.6949
5080,6.1710
5141,35.2850
5081,6.4373
5142,34.4309
5082,6.2632
5143,34.6616
5083,6.3514
5144,34.4542
5084,5.9797
5085,5.8682
5145,35.0037
5146,34.2811
5086,6.2077
5147,34.8648
5087,6.3054
5148,35.6437
5088,6.1334
5149,34.6087
5089,5.9194
5150,35.1006
5090,6.4326
5091,5.8530
5151,35.6135
5152,34.8469
5092,6.3503
5093,6.0312
5153,35.8948
5154,33.8058
5094,6.2921
5155,35.0906
5095,5.8038
5156,33.8965
5096,6.0683
5157,34.5544
5097,5.9497
5158,35.0713
5098,6.1093
5159,35.2149
5099,5.9037
5160,34.6960
5100,6.2256
5101,6.1940
5161,35.4205
5162,35.2654
5102,6.5678
5163,34.9590
5103,6.4033
5164,34.3988
5104,6.2706
5165,34.4685
5105,6.0815
5166,35.0052
5106,5.8580
5167,33.8957
5107,6.0442
5168,34.1851
5108,6.3292
5169,34.6296
5109,6.0043
5170,35.6487
5110,6.0225
5171,34.6355
5111,6.0330
5172,35.6214
5112,6.1355
5173,34.8918
5113,6.3123
5174,34.6131
5114,6.5000
5175,34.7851
5115,6.3371
5176,34.1741
5116,5.9024
5177,33.5380
5117,6.0201
5178,34.7992
5118,6.2072
5179,35.2974
5119,6.0124
5180,34.7914
5120,6.0591
5181,34.9516
5121,6.1175
5182,35.8511
5122,6.1719
5183,34.3495
5123,6.0548
5184,34.6011
5124,6.2064
5125,6.0297
5185,35.3268
5186,34.4963
5126,6.1881
5127,6.0463
5187,35.2493
5188,34.6090
5128,6.0972
5129,5.9522
5189,36.1543
5190,34.3289
5130,6.3634
5191,35.7452
5131,6.4840
5192,35.2307
5132,6.0597
5133,5.9112
5193,37.7642
5194,33.7194
5134,6.0397
5195,34.7303
5135,5.9582
5196,34.8062
5136,5.9048
5197,34.9867
5137,5.9843
5198,35.0504
5138,5.9756
5199,34.0792
5139,6.2519
5200,35.8599
5140,6.4719
5201,35.4160
5141,6.0470
5202,33.8764
5142,6.0118
5203,34.9899
5143,6.0022
5204,34.0868
5144,6.3052
5205,35.0983
5145,6.1662
5206,35.1808
5146,6.2399
5207,34.8501
5147,6.1339
5208,35.5756
5148,6.1097
5209,33.8934
5149,6.4888
5150,5.9519
5210,35.2082
5211,33.9700
5151,6.1168
5212,34.5145
5152,6.0391
5213,34.6583
5153,6.3651
5154,6.0976
5214,35.4013
5215,33.9811
5155,6.5544
5216,35.0904
5156,6.1596
5217,35.6344
5157,6.0985
5218,34.5201
5158,5.9312
5159,5.9976
5219,34.5038
5220,34.3020
5160,6.0801
5221,35.9031
5161,6.4207
5222,35.3874
5162,5.9204
5223,34.3676
5163,5.8008
5224,34.6973
5164,5.9214
5225,35.4720
5165,5.9053
5166,5.7627
5226,34.7424
5227,34.6247
5167,5.9126
5228,34.6351
5168,5.8859
5229,34.5557
5169,5.8395
5170,5.8661
5230,35.4948
5231,34.6190
5171,6.1593
5232,35.1942
5172,5.9383
5173,6.1880
5233,35.6981
5174,5.7699
5234,33.9912
5235,34.1740
5175,5.8965
5236,34.7532
5176,5.8517
5177,5.8307
5237,34.9513
5238,33.9706
5178,6.0088
5239,34.7317
5179,5.9443
5240,35.4409
5180,6.1307
5181,5.7770
5241,35.4075
5242,34.4560
5182,5.8365
5243,34.8283
5183,6.5953
5244,34.6751
5184,5.7495
5245,34.2577
5185,6.0785
5246,35.2430
5186,5.7961
5247,34.4658
5187,5.8823
5248,34.4685
5188,5.9348
5249,36.2550
5189,5.7790
5250,36.5108
5190,6.1688
5191,5.8639
5251,35.1540
5252,34.6637
5192,6.0909
5193,5.7494
5253,35.3123
5254,33.7117
5194,5.9690
5195,5.8194
5255,36.1088
5256,35.0508
5196,6.3060
5257,34.0753
5197,5.8588
5198,5.9108
5258,35.4643
5259,34.3057
5199,5.9982
5260,34.8080
5200,5.9000
5261,34.5034
5201,6.0893
5262,34.9952
5202,5.8582
5263,34.9577
5203,5.8971
5264,34.7771
5204,5.9374
5265,34.7813
5205,5.9291
5206,5.8661
5266,35.9745
5207,5.8424
5267,34.6982
5268,35.2027
5208,6.3839
5209,5.7593
5269,35.9994
5270,33.8722
5210,6.0489
5271,35.6112
5211,6.2949
5272,34.5151
5212,5.9843
5273,34.6167
5213,5.9566
5274,34.4838
5214,6.1917
5215,5.7228
5275,35.8845
5276,33.9859
5216,6.0173
5277,34.8563
5217,5.9396
5218,5.9486
5278,35.3685
5279,34.4522
5219,5.9223
5280,35.4247
5220,5.9542
5281,34.6821
5221,5.8934
5222,5.7585
5282,35.5702
5283,34.7725
5223,5.8525
5284,34.1376
5224,6.4168
5285,35.8483
5225,5.8197
5226,5.8374
5286,35.2089
5287,33.7435
5227,6.0267
5288,35.2230
5228,5.9672
5229,5.7638
5289,35.6524
5290,34.2318
5230,6.5226
5291,35.2492
5231,5.8232
5232,5.9105
5292,34.8207
5293,34.8001
5233,6.0256
5294,34.8005
5234,5.9799
5295,36.4213
5235,5.9923
5296,34.5731
5236,6.5581
5237,5.6725
5297,34.7008
5238,5.8390
5298,33.8705
5299,34.5678
5239,6.0449
5300,34.5485
5240,6.7181
5301,35.4877
5241,6.3927
5302,35.3420
5242,6.4962
5243,6.4421
5303,35.0544
5304,34.6440
5244,6.3161
5245,6.1788
5305,34.9312
5306,34.4772
5246,6.3205
5307,34.8687
5247,6.3224
5308,35.0083
5248,5.9599
5309,34.9656
5249,6.2901
5310,34.8850
5250,6.2153
5311,34.9327
5251,6.3085
5252,6.1531
5312,35.9666
5253,6.3094
5313,34.2425
5314,35.0456
5254,5.8480
5315,34.2671
5255,6.3083
5316,34.8584
5256,6.2858
5257,5.8159
5317,35.8265
5318,33.8833
5258,5.9863
5319,33.9644
5259,5.8843
5320,35.5216
5260,5.8094
5321,34.1404
5261,6.4259
5322,35.4003
5262,6.2179
5263,6.0643
5323,35.0575
5324,34.6258
5264,5.8499
5325,35.1995
5265,5.9526
5326,34.1321
5266,6.0600
5327,35.0068
5267,6.0344
5328,34.9354
5268,5.7228
5329,33.6274
5269,5.8798
5270,5.8139
5330,35.1672
5331,34.9627
5271,5.8850
5332,35.0480
5272,6.3366
5333,35.5143
5273,6.3954
5334,34.8188
5274,6.3404
5335,34.8756
5275,6.1345
5336,34.9330
5276,6.4731
5337,35.1034
5277,5.9952
5338,34.9201
5278,5.9016
5339,34.7764
5279,5.9154
5340,35.1076
5280,6.0673
5341,34.6888
5281,5.9478
5342,34.9857
5282,6.0568
5343,35.6148
5283,5.9709
5344,35.1115
5284,6.1741
5345,34.4000
5285,6.3607
5346,37.3180
5286,5.9665
5347,34.1572
5287,6.4727
5348,35.1872
5288,5.8275
5349,34.9496
5289,6.3283
5350,35.7210
5290,6.5578
5351,34.9051
5291,6.0722
5352,35.5510
5292,5.7666
5353,34.3528
5293,5.8846
5294,5.9163
5354,34.9777
5355,35.8138
5295,5.9767
5356,34.1648
5296,6.0847
5357,35.1373
5297,6.0176
5358,34.9925
5298,6.0540
5359,34.8019
5299,5.8629
5300,5.7379
5360,35.6535
5361,34.5054
5301,6.4891
5302,6.2402
5362,34.8505
5363,34.4873
5303,5.9176
5364,35.0444
5304,5.8010
5365,33.9457
5305,6.0929
5366,35.0054
5306,6.0253
5367,35.3911
5307,5.8576
5308,5.7040
5368,35.3637
5369,33.8711
5309,5.9917
5370,34.4535
5310,6.5666
5311,5.8234
5371,35.6306
5372,34.8165
5312,6.0082
5373,34.3711
5313,6.1176
5374,35.6673
5314,6.0497
5375,35.2158
5315,6.1855
5316,5.8965
5376,35.3388
5317,5.9850
5377,33.9689
5378,34.1718
5318,6.5551
5319,5.7997
5379,35.4498
5380,34.2680
5320,6.4140
5381,34.0972
5321,6.0707
5382,35.2254
5322,6.1033
5383,35.4445
5323,6.5267
5324,5.7735
5384,35.5836
5325,5.8233
5385,34.7343
5386,34.5458
5326,6.2571
5387,34.7710
5327,6.1878
5388,35.4174
5328,6.3490
5329,6.1044
5389,35.2958
5390,35.1399
5330,8.1823
5391,40.1200
5331,9.6996
5392,35.9967
5332,9.5487
5393,34.5029
5333,9.6206
5394,35.4422
5334,9.2778
5395,35.0062
5335,9.6020
5396,36.6507
5336,9.3057
5397,35.0523
5337,9.5828
5398,36.9601
5338,9.4609
5399,35.2616
5339,9.1613
5400,35.1570
5340,9.1130
5401,34.7823
5341,9.1270
5402,36.2145
5342,9.0574
5403,35.0251
5343,8.9660
5404,35.7651
5344,9.2187
5405,36.2212
5345,9.0591
5406,34.7430
5346,9.0009
5407,35.6785
5347,9.2999
5348,8.8318
5408,36.4649
5409,34.2656
5349,9.0003
5350,9.0844
5410,35.4660
5411,34.8296
5351,8.9806
5412,35.2917
5352,9.2556
5413,35.7446
5353,8.9648
5414,35.6142
5354,9.2011
5415,35.6318
5355,8.9914
5416,35.0584
5356,9.2838
5417,35.1126
5357,9.0721
5418,34.8460
5358,9.5084
5419,36.4679
5359,9.0064
5420,35.3074
5360,9.1117
5421,34.7131
5361,8.9580
5422,34.8609
5362,9.0188
5423,35.4862
5363,8.9642
5424,34.9200
5364,9.2541
5425,36.5947
5365,9.0906
5366,9.0452
5426,36.3025
5427,34.7842
5367,8.9730
5428,35.2441
5368,9.0725
5429,35.1799
5369,9.1846
5430,35.5808
5370,9.1331
5371,9.0419
5431,36.5483
5432,35.0708
5372,8.9134
5433,34.5514
5373,9.1652
5434,35.8776
5374,9.3059
5435,35.7042
5375,9.2069
5436,35.6047
5376,9.2316
5437,35.6557
5377,9.1751
5438,34.6211
5378,9.0905
5379,9.0071
5439,35.6969
5440,34.8032
5380,9.0534
5441,34.6460
5381,9.0375
5442,35.3501
5382,9.3790
5383,8.8981
5443,36.4696
5444,35.1056
5384,9.0132
5445,34.2271
5385,9.0977
5446,35.8167
5386,9.3341
5447,35.3665
5387,8.9777
5448,35.8118
5388,9.1612
5449,35.0465
5389,8.8444
5450,35.2063
5390,8.9552
5451,34.9062
5391,9.0165
5452,35.8449
5392,9.0878
5453,35.5962
5393,9.0353
5454,35.9745
5394,8.9312
5455,35.2095
5395,8.9135
5456,35.6858
5396,9.0608
5457,34.8001
5397,9.1037
5458,35.8506
5398,9.0716
5399,8.9123
5459,35.6307
5400,8.9352
5460,37.1780
5461,33.9525
5401,9.1402
5402,9.0146
5462,36.6526
5463,34.9416
5403,8.9452
5464,36.1649
5404,9.2087
5465,34.7504
5405,9.0110
5406,9.2257
5466,36.5750
5467,35.7820
5407,9.2160
5408,9.0804
5468,35.5163
5469,35.0363
5409,9.3496
5410,8.9727
5470,35.5899
5471,34.9260
5411,9.1794
5472,35.5177
5412,8.9043
5473,35.2561
5413,8.8044
5414,8.9056
5474,35.9769
5475,35.1661
5415,9.5979
5476,35.6666
5416,9.1725
5417,8.7322
5477,35.6392
5478,34.3439
5418,9.2524
5479,35.5690
5419,9.1540
5480,35.9195
5420,9.2303
5481,36.1088
5421,8.9790
5482,35.6752
5422,8.9090
5483,35.0359
5423,9.2427
5424,9.0059
5484,36.7654
5485,34.6231
5425,9.1046
5426,8.9247
5486,35.9943
5487,34.5936
5427,8.9908
5428,8.9205
5488,36.8364
5489,34.4462
5429,9.1337
5490,35.6655
5430,9.1840
5431,8.9737
5491,35.5184
5492,34.8232
5432,8.8652
5493,34.0626
5433,9.2275
5494,36.0090
5434,9.0562
5495,35.0416
5435,8.8766
5496,35.5383
5436,9.0662
5437,8.8977
5497,41.9867
5498,34.4417
5438,9.2165
5499,34.6143
5439,9.0941
5500,35.7184
5440,9.2044
5501,36.3514
5441,8.9316
5502,35.0387
5442,8.9270
5503,35.5966
5443,9.0019
5504,34.6342
5444,8.8677
5505,35.3872
5445,8.9356
5506,35.1383
5446,8.7916
5507,34.5196
5447,8.9626
5508,35.7984
5448,9.2053
5449,9.1196
5509,36.7263
5450,8.9821
5510,35.7852
5511,34.9969
5451,8.8408
5512,34.9966
5452,9.0577
5513,35.4282
5453,9.3269
5514,36.5017
5454,9.0177
5515,35.6446
5455,8.8408
5516,35.2037
5456,8.8343
5457,8.8663
5517,35.3339
5518,34.5488
5458,8.8250
5519,34.8869
5459,9.2442
5460,8.9464
5520,36.2525
5521,35.3124
5461,9.0311
5522,35.0551
5462,8.9689
5523,36.1588
5463,9.0475
5524,36.5738
5464,9.0661
5525,34.8719
5465,8.8870
5526,35.7309
5466,8.9773
5527,36.2956
5467,8.3766
5528,35.0212
5468,8.4813
5529,35.9772
5469,8.2593
5530,35.2004
5470,8.4417
5531,37.9797
5471,8.6970
5532,35.2574
5472,8.5151
5533,35.0125
5473,8.3998
5534,35.6559
5474,8.5014
5475,8.4231
5535,36.8717
5476,8.4254
5536,35.6658
5537,34.4888
5477,8.5907
5478,8.3712
5538,36.5242
5539,35.0374
5479,8.2530
5540,34.4608
5480,8.5465
5541,36.2084
5481,8.5316
5482,8.4712
5542,35.9639
5543,35.5757
5483,8.5196
5544,35.0425
5484,8.5779
5485,8.3749
5545,37.3479
5546,35.0949
5486,8.4146
5547,34.4317
5487,8.4902
5548,36.2606
5488,8.3525
5489,8.3950
5549,35.2546
5550,35.5708
5490,8.2658
5551,34.7360
5491,8.5596
5552,36.1217
5492,8.3164
5553,34.7548
5493,8.4677
5554,35.8147
5494,8.5621
5495,8.4632
5555,35.6251
5496,8.3351
5556,35.3470
5557,34.8799
5497,8.7215
5558,34.9675
5498,8.4218
5559,35.3618
5499,8.3489
5560,35.9951
5500,8.5806
5561,35.6177
5501,8.6800
5562,36.2086
5502,8.4466
5563,35.1811
5503,8.5644
5564,36.2262
5504,8.4472
5565,37.3435
5505,8.6063
5566,34.9278
5506,8.4031
5567,34.6559
5507,8.4636
5568,35.8398
5508,8.4855
5569,35.3771
5509,8.2280
5570,34.9003
5510,8.5973
5571,35.9544
5511,8.4025
5572,34.4454
5512,8.3357
5573,35.3582
5513,8.3613
5574,35.2776
5514,8.5779
5575,36.1933
5515,8.5289
5576,35.7228
5516,8.5349
5577,35.1138
5517,8.3254
5578,35.3379
5518,8.5209
5579,35.9946
5519,8.7010
5580,35.2860
5520,8.5096
5581,36.1238
5521,8.5337
5582,35.6149
5522,8.3602
5583,34.9725
5523,8.4515
5584,36.2762
5524,8.3537
5585,35.2600
5525,8.3899
5586,35.4157
5526,8.5408
5587,35.8658
5527,8.4380
5588,34.7818
5528,8.3584
5589,36.5317
5529,8.3329
5590,35.1851
5530,8.6188
5591,35.8218
5531,8.6192
5592,35.9296
5532,8.2558
5593,35.1121
5533,8.2804
5594,34.9872
5534,8.4285
5595,34.8947
5535,8.5777
5596,36.1993
5536,8.3581
5597,35.1799
5537,8.4796
5598,34.2137
5538,8.2740
5599,36.0809
5539,8.3960
5600,34.8181
5540,8.3850
5601,34.8746
5541,8.6593
5602,35.6686
5542,8.7313
5603,37.2017
5543,8.5838
5604,35.5362
5544,8.3889
5605,35.3842
5545,8.4582
5606,36.2608
5546,8.3628
5607,35.2001
5547,8.4095
5608,35.1879
5548,8.8598
5549,8.4297
5609,37.7686
5610,34.6581
5550,8.3965
5611,35.5139
5551,8.4744
5612,34.8769
5552,8.4124
5613,35.5366
5553,8.3782
5614,35.3118
5554,8.4265
5615,34.9933
5555,8.5257
5616,36.7459
5556,8.4649
5557,8.1692
5617,35.6918
5618,34.7597
5558,8.4701
5619,35.5475
5559,8.4502
5560,8.4270
5620,35.9128
5621,34.8105
5561,8.6425
5622,36.0029
5562,8.8353
5623,36.7929
5563,8.4200
5624,35.2033
5564,8.4357
5625,35.7691
5565,8.4771
5626,34.6638
5566,8.6937
5627,35.8702
5567,8.5289
5628,35.9197
5568,8.5882
5629,35.0536
5569,8.2923
5630,34.6884
5570,8.4783
5631,36.0778
5571,8.2319
5632,34.5903
5572,8.6465
5573,8.5077
5633,36.8932
5634,35.4131
5574,8.3558
5635,35.1631
5575,8.3934
5636,35.0993
5576,8.5894
5637,35.9183
5577,8.3222
5638,36.4586
5578,8.4660
5579,8.2557
5639,36.1106
5640,34.1424
5580,8.4755
5641,35.5104
5581,8.3902
5642,34.8504
5582,8.5639
5643,36.1725
5583,8.2539
5644,34.8534
5584,8.6606
5645,35.8372
5585,8.4522
5646,35.9109
5586,8.4899
5647,39.4093
5587,8.5410
5648,35.9245
5588,8.5467
5649,34.6439
5589,8.5843
5650,36.5003
5590,8.3990
5651,35.4970
5591,8.5310
5652,35.9374
5592,8.4636
5653,35.2077
5593,8.3488
5654,35.7090
5594,8.2325
5655,34.9965
5595,8.3524
5656,35.5901
5596,8.4586
5657,36.0852
5597,8.4344
5658,36.4102
5598,8.5207
5659,34.8491
5599,8.5095
5660,35.7366
5600,8.5126
5661,35.6725
5601,8.2420
5662,35.3095
5602,8.4503
5663,35.9234
5603,8.4747
5664,35.9656
5604,8.5259
5605,8.3625
5665,36.8427
5666,35.0669
5606,8.5263
5607,8.3194
5667,36.5356
5668,34.4485
5608,8.5503
5669,35.9283
5609,8.4617
5670,34.8507
5610,8.7635
5671,36.2753
5611,8.4795
5672,35.7915
5612,8.5190
5673,35.3828
5613,8.3850
5674,35.1626
5614,8.5718
5675,35.9027
5615,8.4491
5676,36.9130
5616,8.3365
5677,35.1779
5617,8.7162
5678,35.0173
5618,8.4050
5679,35.6642
5619,8.4614
5680,34.8949
5620,8.5354
5681,36.4692
5621,8.5280
5682,35.8199
5622,8.3977
5623,8.4785
5683,36.2211
5684,35.4845
5624,8.4771
5685,35.7926
5625,8.3886
5686,34.9914
5626,8.4055
5687,35.8185
5627,8.4736
5688,35.5359
5628,8.3301
5689,35.0931
5629,8.4508
5690,35.5209
5630,8.4731
5691,36.1220
5631,8.3861
5692,34.1679
5632,8.5886
5633,8.5032
5693,38.9092
5694,35.8480
5634,8.2035
5695,34.4968
5635,8.2804
5696,34.9443
5636,8.4377
5697,35.5454
5637,8.4227
5698,35.2839
5638,8.3383
5699,35.5299
5639,8.3855
5700,35.2997
5640,8.5898
5701,36.1587
5641,8.3173
5702,34.8749
5642,8.7511
5703,36.0642
5643,8.5997
5704,34.8177
5644,8.6263
5705,36.8503
5645,8.7222
5706,34.5491
5646,8.2961
5707,34.9750
5647,8.3733
5708,35.7590
5648,8.3849
5709,35.2909
5649,8.3578
5710,34.2514
5650,8.4827
5711,36.4532
5651,8.3335
5712,35.1006
5652,8.3760
5713,35.2331
5653,8.4529
5714,34.7804
5654,8.6286
5715,35.9607
5655,8.6895
5716,35.6916
5656,8.9315
5717,35.8877
5657,8.6911
5718,35.2339
5658,8.8821
5659,8.2478
5719,36.9594
5720,34.7366
5660,8.6414
5721,35.1878
5661,8.2912
5722,35.2764
5662,8.3736
5723,35.5739
5663,8.3606
5724,35.0148
5664,8.4495
5725,35.7230
5665,8.5499
5726,35.7988
5666,8.5144
5727,34.9898
5667,8.5724
5728,36.2213
5668,8.5025
5729,35.4808
5669,8.2373
5730,35.0554
5670,8.5065
5731,35.3604
5671,8.4113
5732,35.3191
5672,8.3838
5733,35.1359
5673,8.3077
5734,35.1117
5674,8.4705
5735,36.7458
5675,8.3596
5736,34.7293
5676,8.2506
5737,35.1291
5677,8.2971
5738,34.6094
5678,8.3083
5739,35.1019
5679,8.4829
5740,35.9974
5680,8.6330
5741,35.7810
5681,8.5933
5742,34.9122
5682,8.7601
5743,36.0425
5683,8.4552
5744,37.5500
5684,8.5647
5745,35.1107
5685,8.6398
5746,36.3309
5686,8.5357
5747,35.6817
5687,8.3620
5688,8.3107
5748,35.8338
5749,34.7030
5689,8.4804
5750,35.5105
5690,8.3631
5751,35.5818
5691,8.3057
5752,35.0945
5692,8.4974
5753,35.3677
5693,8.4005
5754,34.9020
5694,8.6112
5755,35.3230
5695,8.5194
5756,36.5095
5696,8.4380
5757,34.9122
5697,8.6806
5758,35.5840
5698,8.5043
5759,34.9206
5699,8.5027
5760,35.8137
5700,8.1639
5761,35.2098
5701,8.3706
5762,35.4111
5702,8.2736
5763,35.3181
5703,8.6138
5764,35.6121
5704,8.4815
5765,35.2829
5705,8.4716
5766,35.0843
5706,8.2747
5767,34.3632
5707,8.5351
5768,35.9084
5708,8.3245
5769,35.2657
5709,8.5781
5770,35.6074
5710,8.4171
5771,34.7146
5711,8.4588
5772,35.5679
5712,8.6770
5773,35.9785
5713,8.5477
5774,36.0600
5714,8.4982
5775,35.8062
5715,8.5865
5776,34.6393
5716,8.4589
5777,35.2478
5717,8.8481
5778,36.0412
5718,8.7117
5779,34.8321
5719,8.8827
5780,35.5528
5720,8.5140
5781,35.3680
5721,8.5001
5782,36.2174
5722,8.6328
5783,35.8978
5723,8.7320
5784,36.1656
5724,8.4826
5785,35.7545
5725,8.3508
5786,35.2638
5726,8.4445
5787,36.1756
5727,8.4804
5788,35.4180
5728,8.5303
5789,35.4630
5729,8.4056
5790,35.3636
5730,8.5261
5791,35.7418
5731,8.2888
5792,35.5128
5732,8.4870
5793,34.9783
5733,8.4828
5794,37.2770
5734,8.5851
5795,35.0565
5735,8.3977
5796,35.2601
5736,8.5795
5797,36.1910
5737,8.5411
5798,34.5851
5738,8.4174
5799,36.0888
5739,8.4284
5800,35.0586
5740,8.4072
5801,36.3278
5741,8.4709
5802,35.7723
5742,8.5959
5803,36.0719
5743,8.6105
5804,36.5486
5744,8.3257
5805,35.4027
5745,8.3693
5806,35.4756
5746,8.5739
5747,8.4582
5807,35.8119
5808,35.1910
5748,8.2731
5809,35.4919
5749,8.6612
5810,35.8745
5750,8.3258
5811,34.9949
5751,8.5531
5812,36.2586
5752,8.6443
5813,36.4473
5753,8.5612
5814,36.1737
5754,8.4351
5815,35.2597
5755,8.1189
5816,34.4630
5756,8.4889
5757,8.4245
5817,41.5051
5818,34.9575
5758,8.5062
5819,36.2179
5759,8.4903
5760,8.4704
5820,36.1919
5821,35.2598
5761,8.5759
5822,35.5001
5762,8.2846
5823,35.8594
5763,8.6321
5824,35.6212
5764,8.3724
5825,34.6374
5765,8.3458
5826,35.0227
5766,8.5274
5827,35.0279
5767,8.5725
5828,37.0141
5768,8.2851
5829,34.7244
5769,8.4398
5830,35.8546
5770,8.3974
5831,34.8921
5771,8.4157
5832,35.2709
5772,8.4293
5833,34.6900
5773,8.4537
5834,35.7795
5774,8.3160
5835,36.1905
5775,8.2736
5836,36.4560
5776,8.1484
5837,35.0152
5777,8.4371
5778,8.3396
5838,36.0851
5839,34.2039
5779,8.5434
5840,36.2899
5780,8.3582
5841,35.0796
5781,8.5299
5842,36.1715
5782,8.5584
5843,35.0954
5783,8.4002
5844,35.6455
5784,8.4685
5845,35.1701
5785,8.6239
5846,36.0242
5786,8.3622
5847,34.2854
5787,8.4072
5848,35.8661
5788,8.4229
5849,35.2215
5789,8.3693
5850,34.9600
5790,8.4164
5851,35.4601
5791,8.4694
5852,35.9287
5792,8.4531
5853,35.6962
5793,8.3122
5854,35.2596
5794,8.2025
5855,35.0944
5795,8.7633
5856,36.9087
5796,8.4285
5857,35.2202
5797,8.3088
5858,35.2845
5798,8.3276
5859,37.7219
5799,8.3930
5860,35.0418
5800,8.7513
5861,35.9023
5801,8.5631
5862,35.1899
5802,8.5482
5863,36.5264
5803,8.1729
5864,35.1097
5804,8.4173
5865,35.5294
5805,8.3471
5866,35.6030
5806,8.4103
5867,35.4264
5807,8.1601
5868,35.1150
5808,8.3267
5869,35.6512
5809,8.4390
5870,36.1405
5810,8.4083
5871,35.8474
5811,8.4099
5872,36.4885
5812,8.2315
5873,34.8232
5813,8.1720
5874,37.4046
5814,8.4035
5875,34.7730
5815,8.6452
5876,36.2768
5816,8.3751
5877,36.1856
5817,8.3675
5878,35.1664
5818,8.4058
5879,34.9520
5819,8.4330
5880,35.2180
5820,8.5478
5881,35.0995
5821,10.0437
5822,8.7176
5882,36.5945
5883,35.2233
5823,9.1105
5824,8.7741
5884,36.7547
5825,8.7769
5885,35.6311
5826,8.6215
5886,35.1877
5887,35.8833
5827,8.7419
5888,35.9733
5828,8.6058
5889,34.9792
5829,8.6229
5890,35.7437
5830,8.6009
5891,35.6228
5831,8.5634
5892,34.9398
5832,8.5686
5893,36.4454
5833,8.3127
5894,34.8415
5834,8.3706
5895,35.3406
5835,8.6065
5896,36.5815
5836,8.4901
5897,35.4904
5837,8.3749
5898,35.6129
5838,8.4352
5899,36.0039
5839,8.4847
5900,36.6172
5840,8.5968
5901,35.6497
5841,8.5441
5902,36.1187
5842,8.5528
5903,35.0486
5843,8.6177
5904,35.1632
5844,8.6729
5905,36.8377
5845,8.4875
5906,35.8304
5846,8.5563
5907,36.1893
5847,8.5744
5908,36.1561
5848,8.6834
5909,35.7227
5849,8.7191
5910,36.0140
5850,8.4320
5911,35.3217
5851,8.4837
5912,35.4582
5852,8.5100
5913,35.4837
5853,8.4155
5914,35.9061
5854,8.5541
5915,36.5212
5855,8.5539
5916,35.4598
5856,8.4954
5917,35.7451
5857,8.4313
5918,36.1695
5858,8.3734
5919,35.2630
5859,8.7285
5920,36.5373
5860,8.7100
5921,35.8008
5861,8.4307
5922,35.5905
5862,8.4018
5923,34.4439
5863,8.7822
5924,36.6645
5864,8.5307
5925,34.5643
5865,8.6927
5926,35.6928
5866,8.7668
5927,35.9900
5867,8.5193
5928,35.8149
5868,8.4323
5929,34.8076
5869,8.4040
5930,35.7327
5870,8.4999
5931,35.9227
5871,8.4608
5932,35.5904
5872,8.5043
5933,34.9783
5873,8.5856
5934,35.9001
5874,8.1942
5935,34.9819
5875,8.4635
5876,8.3670
5936,36.5557
5937,35.1292
5877,8.2793
5938,34.4624
5878,8.5245
5939,36.7913
5879,8.3479
5940,34.8884
5880,8.4213
5941,36.3667
5881,8.4442
5942,35.7903
5882,8.4539
5943,35.5807
5883,8.4512
5944,35.4163
5884,8.6010
5945,35.1873
5885,8.4998
5946,35.2483
5886,8.3362
5947,35.6158
5887,8.1591
5948,34.3911
5888,8.4636
5949,36.2660
5889,8.5563
5950,37.2076
5890,8.7416
5951,35.7026
5891,8.2773
5952,34.5730
5892,8.7781
5953,35.9396
5893,8.4738
5954,35.7479
5894,8.4019
5955,35.2214
5895,8.4089
5956,35.5863
5896,8.7031
5957,35.9321
5897,8.6145
5958,36.4178
5898,8.4377
5959,34.8426
5899,8.2615
5960,35.3313
5900,8.4523
5961,35.2771
5901,8.3468
5962,35.2570
5902,8.3831
5963,35.5237
5903,8.5018
5964,35.5983
5904,8.4003
5965,35.6854
5905,8.2187
5966,34.9192
5906,8.4926
5967,36.3747
5907,8.3488
5968,35.0764
5908,8.4131
5969,35.3546
5909,8.3906
5970,35.3956
5910,8.3284
5971,35.4690
5911,8.4600
5972,36.1227
5912,8.2828
5973,34.9777
5913,8.3650
5974,35.6217
5914,8.6175
5975,36.4982
5915,8.3845
5976,35.1650
5916,8.5825
5977,35.8054
5917,8.5117
5978,35.8290
5918,8.4347
5979,35.1268
5919,8.5106
5980,36.0895
5920,8.7784
5981,35.6109
5921,8.3368
5982,35.3094
5922,8.4787
5983,36.1616
5923,8.2898
5984,35.1422
5924,8.2978
5985,35.8088
5925,8.6443
5986,35.5311
5926,8.3641
5987,34.7258
5927,8.4944
5988,35.3337
5928,8.4229
5989,35.8997
5929,8.3892
5990,35.6107
5930,8.3928
5991,35.3859
5931,8.1532
5992,34.7891
5932,8.5336
5993,36.5418
5933,8.6958
5994,35.8202
5934,8.5882
5995,35.7036
5935,8.4169
5996,35.0792
5936,8.7455
5997,36.3246
5937,8.3701
5998,35.3020
5938,8.4740
5999,35.9647
5939,8.6505
6000,36.1974
5940,8.4800
6001,34.9233
5941,8.2930
6002,35.1357
5942,8.5128
6003,36.0143
5943,8.5595
6004,35.9379
5944,8.4913
6005,35.4459
5945,8.6077
6006,34.8130
5946,8.8998
5947,8.4765
6007,36.4346
6008,34.9027
5948,8.6505
6009,36.9688
5949,8.5054
6010,35.1536
5950,8.4834
6011,34.6442
5951,8.6260
6012,35.9305
5952,8.4454
6013,35.0657
5953,8.5083
6014,35.4467
5954,8.6992
6015,35.2139
5955,8.4042
6016,35.5897
5956,8.4253
6017,35.3638
5957,8.3665
6018,35.3123
5958,8.5714
6019,35.7206
5959,8.3355
6020,35.7707
5960,8.5069
6021,36.1234
5961,8.4422
6022,35.5406
5962,8.3946
6023,35.4734
5963,8.7419
6024,36.3766
5964,8.5455
6025,35.5487
5965,8.3824
6026,35.4792
5966,8.4053
6027,35.4076
5967,8.7306
6028,36.2538
5968,8.3907
6029,35.4861
5969,8.6291
6030,35.7500
5970,8.5970
6031,35.7070
5971,8.4822
6032,34.8237
5972,8.6994
6033,35.8127
5973,8.4031
6034,35.3740
5974,8.4534
5975,8.2840
6035,36.1693
6036,35.0266
5976,8.2992
6037,36.0474
5977,8.4076
6038,35.4556
5978,8.4243
6039,35.3341
5979,8.7402
6040,35.6682
5980,8.6354
5981,8.5074
6041,35.0927
6042,35.5343
5982,8.3830
6043,35.1609
5983,8.9239
5984,8.5337
6044,36.6588
6045,35.2663
5985,8.7267
6046,35.5837
5986,8.3423
6047,35.1040
5987,8.3724
6048,34.7539
5988,8.6159
6049,35.6611
5989,8.6126
6050,35.8053
5990,8.4494
6051,35.7092
5991,8.6057
6052,36.2662
5992,8.4279
6053,35.3373
5993,8.4496
6054,36.0481
5994,8.3227
6055,34.6370
5995,8.5728
6056,35.2847
5996,8.8369
6057,36.4874
5997,8.6385
6058,35.9134
5998,8.5787
6059,35.3883
5999,8.5269
6000,8.4524
6060,35.9269
6061,35.1942
6001,8.7393
6062,35.1809
6002,8.6276
6063,35.8087
6003,8.5642
6064,35.7573
6004,8.4940
6065,35.6438
6005,8.3218
6066,35.1031
6006,8.4949
6067,35.7289
6007,8.4111
6068,35.4703
6008,8.5055
6069,35.4448
6009,8.4288
6070,35.2773
6010,8.6707
6071,35.9625
6011,8.4749
6072,35.6267
6012,8.6052
6073,36.4266
6013,8.6927
6074,35.4835
6014,8.6196
6075,35.8319
6015,8.3735
6076,35.0274
6016,8.4798
6077,35.3725
6017,8.6033
6078,36.2192
6018,8.6474
6079,36.0637
6019,8.6179
6080,35.5620
6020,8.5155
6081,35.2775
6021,8.5506
6082,36.0093
6022,8.6213
6083,35.3992
6023,8.7831
6084,35.8566
6024,8.5244
6085,35.1203
6025,8.6309
6086,35.7553
6026,8.6975
6087,36.3025
6027,8.6597
6088,36.5649
6028,8.2586
6089,34.6445
6029,8.7549
6090,35.6877
6030,8.7056
6091,35.7632
6031,8.3832
6092,35.1173
6032,8.6704
6093,35.4999
6033,8.4385
6094,34.6914
6034,8.4691
6095,37.7790
6035,8.4586
6096,35.1279
6036,8.6552
6097,35.8553
6037,8.4622
6098,35.2873
6038,8.2939
6099,35.0814
6039,8.4574
6100,35.0968
6040,8.3882
6101,35.4542
6041,8.4270
6102,34.4520
6042,8.4316
6103,35.3969
6043,8.5782
6104,35.6518
6044,8.5567
6105,34.5703
6045,8.5766
6106,35.4096
6046,8.4994
6107,35.7357
6047,8.2728
6108,34.5516
6048,8.6271
6109,36.6621
6049,8.2523
6110,34.8644
6050,8.3440
6111,35.3945
6051,8.5753
6112,35.6058
6052,8.4040
6113,35.1055
6053,8.5118
6114,34.7882
6054,8.6230
6115,35.8188
6055,8.5611
6116,34.7578
6056,8.3283
6117,35.2339
6057,8.5091
6118,36.4948
6058,8.5775
6119,35.4467
6059,8.8626
6120,36.4582
6060,8.7792
6061,8.5117
6121,36.5701
6122,34.8045
6062,8.4929
6123,35.7370
6063,8.7187
6124,35.6480
6064,8.6857
6125,36.1793
6065,8.7732
6126,35.7854
6066,8.5985
6127,35.9196
6067,8.5173
6128,34.8345
6068,8.4850
6129,35.5339
6069,8.6608
6130,36.1159
6070,8.7678
6131,35.8951
6071,8.6853
6132,35.6525
6072,8.4785
6133,35.0393
6073,8.7765
6134,36.2973
6074,8.8608
6135,36.1859
6075,8.5156
6136,34.7152
6076,8.8547
6137,36.5391
6077,8.5535
6138,35.1767
6078,8.5689
6139,37.2240
6079,8.6874
6140,34.8701
6080,8.7433
6141,35.1627
6081,8.7574
6142,35.8904
6082,8.5343
6143,35.0411
6083,8.8142
6144,35.3436
6084,8.7263
6145,35.8786
6085,8.6685
6146,35.6674
6086,8.8072
6087,8.6188
6147,36.7756
6148,34.6604
6088,8.6050
6149,35.8568
6089,8.4858
6150,35.0584
6090,8.4061
6151,34.9957
6091,8.5180
6152,36.7188
6092,8.4860
6153,35.5069
6093,8.4007
6154,35.1329
6094,8.4954
6155,34.9819
6095,8.7779
6156,35.5615
6096,8.3433
6157,35.0223
6097,8.9475
6158,36.5665
6098,8.7845
6159,35.7021
6099,8.4388
6160,35.7526
6100,8.8607
6161,35.8876
6101,8.8685
6162,35.8285
6102,8.4997
6163,35.3534
6103,8.4587
6164,35.5520
6104,8.5825
6165,35.4155
6105,8.6934
6166,35.7661
6106,8.9235
6167,36.5695
6107,8.7000
6168,35.6707
6108,8.4178
6169,35.2225
6109,8.6017
6170,36.2265
6110,8.4925
6171,34.9527
6111,8.6231
6172,35.6019
6112,8.6152
6173,36.2257
6113,8.6136
6174,34.5318
6114,8.6478
6175,36.4701
6115,8.5902
6176,35.2127
6116,8.7266
6177,35.4055
6117,8.9468
6178,36.4096
6118,8.8022
6179,36.3028
6119,8.7395
6180,34.7637
6120,8.5971
6181,35.5506
6121,8.6953
6182,35.4437
6122,8.5568
6183,34.9136
6123,8.6547
6184,35.4237
6124,8.5937
6185,35.8851
6125,8.8584
6186,35.4723
6126,8.7749
6127,8.6796
6187,36.4432
6188,34.5562
6128,8.8287
6189,36.5380
6129,8.8622
6190,35.9558
6130,9.2423
6131,8.4346
6191,37.0622
6132,8.4955
6192,34.3672
6193,34.7806
6133,8.6668
6194,35.9086
6134,8.5836
6195,34.8558
6135,8.9230
6196,36.2760
6136,8.7389
6197,36.2664
6137,8.7093
6138,8.4421
6198,38.2095
6199,34.3562
6139,8.9298
6200,35.4078
6140,8.8993
6201,35.2378
6141,9.0385
6142,8.5281
6202,36.1039
6203,34.6445
6143,8.7537
6204,35.4835
6144,8.4708
6205,35.2780
6145,8.6046
6206,34.9370
6146,8.3268
6207,34.9382
6147,8.4539
6208,35.3394
6148,8.6891
6149,8.6389
6209,38.7177
6210,34.9469
6150,8.7808
6211,36.1043
6151,8.5259
6212,35.3561
6152,8.4541
6213,35.1791
6153,8.5691
6214,35.0357
6154,8.5336
6215,35.9755
6155,8.4734
6216,35.7000
6156,8.5375
6217,35.5481
6157,8.6977
6218,35.7355
6158,8.6690
6159,8.7072
6219,35.9141
6220,34.8869
6160,8.6988
6221,35.2974
6161,8.6485
6222,35.8282
6162,8.7386
6223,35.1366
6163,8.7559
6224,36.4429
6164,8.5380
6225,35.8530
6165,8.2791
6226,34.9574
6166,8.5041
6227,35.3687
6167,8.5533
6228,35.4761
6168,8.7539
6229,35.9634
6169,8.6039
6170,8.3618
6230,36.5309
6231,34.2766
6171,8.6344
6232,35.0629
6172,8.5001
6233,35.2556
6173,8.5924
6234,36.0639
6174,8.4819
6235,35.1864
6175,8.9333
6176,8.4905
6236,37.5757
6177,8.5523
6237,35.0884
6238,35.3304
6178,8.3954
6239,34.6885
6179,8.2765
6240,34.9289
6180,8.7253
6241,36.0170
6181,8.6776
6242,35.8841
6182,8.7124
6243,35.7546
6183,8.6340
6244,34.7880
6184,8.7066
6245,35.4701
6185,8.8109
6246,36.5453
6186,8.4193
6247,35.1886
6187,8.6624
6248,35.9620
6188,8.6046
6249,35.9754
6189,8.3462
6250,35.0742
6190,8.5961
6251,35.5231
6191,8.5852
6252,36.0021
6192,8.7666
6253,34.9326
6193,8.9243
6254,35.7106
6194,8.6757
6255,36.2336
6195,8.5320
6256,35.4143
6196,8.6694
6257,35.8471
6197,8.5223
6258,35.5109
6198,8.4558
6259,35.0314
6199,8.5265
6260,35.6432
6200,8.4879
6261,35.4663
6201,8.6303
6262,35.9581
6202,8.5143
6263,35.9606
6203,8.6197
6264,36.1422
6204,8.7431
6265,35.5639
6205,8.5394
6266,35.2098
6206,8.6603
6267,35.6704
6207,8.6623
6268,36.1499
6208,8.6653
6269,35.1239
6209,8.6492
6270,35.5734
6210,8.6110
6271,35.7182
6211,8.7225
6272,36.1528
6212,8.4480
6273,34.6622
6213,8.9421
6274,36.5676
6214,8.5759
6275,34.4487
6215,8.6855
6276,34.6588
6216,8.5595
6277,35.5981
6217,8.8330
6278,35.7309
6218,8.7316
6279,36.1248
6219,8.5002
6280,35.0795
6220,8.4621
6281,35.1941
6221,8.5768
6282,36.4914
6222,8.6408
6283,35.4444
6223,8.6196
6224,8.5441
6284,36.8737
6285,34.9990
6225,8.5124
6286,35.2962
6226,8.5120
6287,35.6139
6227,8.7836
6288,35.0921
6228,8.7288
6289,36.6968
6229,8.5937
6290,35.6780
6230,8.6279
6291,34.7847
6231,8.4212
6292,35.2405
6232,8.4486
6293,35.5371
6233,8.4067
6294,34.9513
6234,8.7034
6295,36.3987
6235,8.5885
6296,35.9515
6236,8.3424
6297,35.0876
6237,8.6484
6298,35.7828
6238,8.9164
6299,35.2598
6239,8.6178
6300,35.6444
6240,8.6011
6301,35.1764
6241,8.5895
6302,35.2824
6242,8.6468
6303,36.0447
6243,8.6078
6304,35.9589
6244,8.6502
6245,8.4801
6305,36.9918
6306,34.5415
6246,8.5470
6307,35.8544
6247,8.6645
6308,35.3370
6248,8.6189
6309,35.2906
6249,8.7901
6310,36.0330
6250,8.9502
6251,8.5716
6311,35.8943
6312,34.7942
6252,8.7399
6313,35.2544
6253,8.7132
6314,35.7067
6254,8.6353
6315,36.1091
6255,8.6320
6316,35.6980
6256,8.5038
6317,34.9172
6257,8.5017
6318,35.3114
6258,8.4868
6319,35.1101
6259,8.6295
6320,35.3157
6260,8.5882
6321,35.3910
6261,8.4510
6322,35.5799
6262,8.5765
6323,35.1653
6263,9.1845
6264,8.5615
6324,37.0642
6325,35.2318
6265,8.6381
6326,35.5519
6266,8.5268
6327,36.0675
6267,8.7309
6328,36.0402
6268,8.5183
6329,34.8609
6269,8.6662
6330,36.1129
6270,8.8306
6331,35.1343
6271,8.7295
6332,35.6289
6272,8.6998
6333,35.7946
6273,8.8015
6334,36.3107
6274,8.7437
6335,36.5059
6275,8.4792
6336,34.8563
6276,8.7374
6337,35.9499
6277,8.6898
6338,35.4690
6278,8.6865
6339,36.3798
6279,8.6619
6340,35.8242
6280,8.5539
6341,35.3333
6281,8.4850
6342,35.3361
6282,8.5470
6343,35.5141
6283,8.6846
6344,35.7023
6284,8.6671
6345,35.9518
6285,8.6942
6346,36.5291
6286,8.4550
6347,35.5004
6287,8.6534
6348,36.6555
6288,8.5594
6349,36.0418
6289,8.5194
6350,34.6528
6290,8.7845
6351,35.4221
6291,8.6925
6352,36.0494
6292,8.6695
6353,34.9715
6293,8.4173
6354,38.6626
6294,8.7362
6355,35.6706
6295,8.7606
6356,35.4857
6296,8.6847
6357,36.0394
6297,8.6457
6358,35.6002
6298,8.4724
6359,35.9477
6299,8.7237
6360,35.0162
6300,8.7781
6361,35.6372
6301,8.5520
6362,35.9865
6302,8.4984
6363,35.5402
6303,8.5044
6364,35.3625
6304,8.6024
6365,35.1030
6305,8.7775
6366,36.5877
6306,8.7051
6367,35.6803
6307,8.2187
6368,35.2703
6308,8.5015
6369,35.4009
6309,8.5234
6370,36.4310
6310,8.5258
6371,35.5617
6311,8.5111
6372,35.4608
6312,8.4539
6373,35.8282
6313,8.5711
6374,35.8632
6314,8.5388
6375,35.7871
6315,8.4215
6376,34.5809
6316,8.7220
6377,35.4301
6317,8.5317
6378,35.2978
6318,8.5485
6319,8.6620
6379,36.6358
6380,35.7340
6320,8.4090
6381,35.2046
6321,8.4245
6322,8.5386
6382,36.3257
6383,35.9930
6323,8.4098
6384,35.7196
6324,8.5969
6385,36.2673
6325,8.4362
6386,35.3230
6326,8.2599
6387,34.4954
6327,8.4810
6388,35.5249
6328,8.6028
6329,8.4880
6389,38.3410
6390,34.6643
6330,8.5956
6391,35.8304
6331,8.5695
6392,35.9553
6332,8.5116
6393,35.8258
6333,8.6044
6394,35.9117
6334,8.5150
6395,34.3891
6335,8.5386
6396,35.5287
6336,8.5301
6397,35.4599
6337,8.4367
6398,35.0586
6338,8.6071
6399,35.7894
6339,8.5019
6400,35.1491
6340,8.6840
6401,36.5016
6341,8.9395
6402,35.8073
6342,8.4526
6403,35.6185
6343,8.4656
6404,35.3965
6344,8.4516
6405,35.1215
6345,8.3338
6406,35.4656
6346,8.3157
6407,35.4178
6347,8.4799
6408,35.3935
6348,8.7061
6409,36.5852
6349,8.2231
6410,34.5973
6350,8.3951
6411,35.7341
6351,8.3663
6412,35.7151
6352,8.3138
6413,35.1079
6353,8.3770
6414,36.3885
6354,8.2324
6415,34.5009
6355,10.0027
6356,8.3334
6416,35.9387
6417,34.1510
6357,8.7064
6418,36.5021
6358,8.5047
6419,36.4688
6359,8.3536
6420,34.9886
6360,8.3468
6421,36.2269
6361,8.4563
6422,34.9559
6362,8.3506
6423,35.3855
6363,8.4076
6364,8.1521
6424,36.5393
6425,34.1774
6365,8.4517
6426,36.3092
6366,8.5359
6367,8.2031
6427,35.8922
6428,34.5813
6368,8.2662
6429,34.6015
6369,8.1720
6430,35.7215
6370,8.2698
6431,34.7431
6371,8.4040
6432,35.7737
6372,8.5488
6373,8.0409
6433,36.0140
6434,34.4147
6374,8.3722
6435,35.2000
6375,8.2615
6436,35.0548
6376,8.3139
6437,35.6478
6377,8.3167
6438,35.3472
6378,8.4295
6379,8.2131
6439,35.4509
6440,34.9274
6380,8.3760
6441,35.8070
6381,8.2400
6442,36.5123
6382,8.1130
6443,34.9727
6383,8.4200
6444,36.5020
6384,8.3404
6445,34.8736
6385,8.1835
6446,34.6392
6386,8.2820
6447,35.2577
6387,8.3664
6448,36.3891
6388,8.2606
6449,35.5714
6389,8.3571
6450,36.4336
6390,8.4345
6451,34.9334
6391,8.4176
6452,35.5671
6392,8.3251
6453,35.3545
6393,8.3285
6454,35.0209
6394,8.2643
6455,34.9167
6395,8.8364
6396,8.3595
6456,36.7908
6457,34.7049
6397,8.4064
6458,35.8240
6398,8.3016
6459,35.2548
6399,8.2835
6460,34.8915
6400,8.5539
6461,36.4093
6401,8.5045
6462,36.0211
6402,8.4567
6463,36.9839
6403,8.2226
6464,34.7418
6404,8.3941
6465,36.1249
6405,8.4215
6466,34.8383
6406,8.6648
6467,35.2804
6407,8.4032
6468,35.7295
6408,8.5116
6469,35.8935
6409,8.5510
6470,35.2621
6410,8.7665
6411,8.2755
6471,36.7373
6412,8.2770
6472,35.4338
6473,34.5343
6413,8.7263
6414,8.1605
6474,37.5493
6475,34.1946
6415,8.7274
6416,8.4048
6476,36.8057
6477,35.5762
6417,8.3333
6478,36.5575
6418,8.2486
6479,36.9946
6419,8.3535
6480,34.8379
6420,8.6414
6421,8.5430
6481,36.0675
6482,35.0737
6422,8.6640
6483,35.8264
6423,8.3931
6484,35.9409
6424,8.6319
6485,35.5169
6425,8.3734
6426,8.3815
6486,35.7625
6487,34.7993
6427,8.5129
6488,36.1409
6428,8.6441
6489,34.9782
6429,8.4656
6490,35.5642
6430,8.3616
6491,34.7613
6431,8.5956
6492,35.7544
6432,8.3999
6493,35.3192
6433,8.3537
6494,35.8866
6434,8.3570
6495,35.5736
6435,8.5714
6496,34.6200
6436,8.4584
6497,36.6608
6437,8.3471
6498,34.9131
6438,8.4228
6499,35.6421
6439,8.3937
6440,8.1118
6500,35.6138
6501,35.1114
6441,8.5042
6502,35.8207
6442,8.6004
6443,8.3916
6503,37.1540
6504,35.3316
6444,8.2717
6505,34.8324
6445,8.8191
6506,37.4069
6446,8.5460
6447,8.1881
6507,35.8581
6508,34.1832
6448,8.6925
6509,35.6781
6449,8.4731
6450,8.2520
6510,37.3968
6511,34.9042
6451,8.5491
6512,34.7886
6452,8.5540
6513,35.5249
6453,8.4523
6514,35.5535
6454,8.3509
6515,34.8245
6455,8.9121
6516,37.7496
6456,8.6437
6517,35.5122
6457,8.4694
6518,35.2601
6458,8.5883
6519,35.0454
6459,8.7041
6520,36.0727
6460,8.3205
6521,35.8758
6461,8.4586
6522,35.1957
6462,8.5839
6523,35.7337
6463,8.4102
6524,34.9132
6464,8.4474
6525,36.4224
6465,8.5384
6526,35.6130
6466,8.3518
6527,35.4253
6467,8.6464
6528,35.2039
6468,8.3979
6529,35.1843
6469,8.3925
6530,35.4204
6470,8.5249
6531,35.3932
6471,8.3318
6532,34.2088
6472,8.4802
6533,36.3664
6473,8.4738
6534,35.3434
6474,8.4314
6535,35.1659
6475,8.4959
6536,36.0858
6476,8.3495
6537,35.6978
6477,8.2931
6538,35.3587
6478,8.3441
6539,35.2676
6479,8.4420
6540,35.6955
6480,8.2282
6541,34.7716
6481,8.3803
6542,35.5326
6482,8.3997
6543,35.4813
6483,8.5139
6544,35.4025
6484,8.5221
6545,35.7050
6485,8.4983
6546,36.3348
6486,8.3718
6547,34.6437
6487,8.3977
6548,35.4539
6488,8.3809
6549,35.3433
6489,8.5004
6550,36.4577
6490,8.9583
6551,35.3849
6491,8.8218
6552,36.0865
6492,8.2852
6553,35.0909
6493,8.3296
6554,35.4065
6494,8.6515
6555,36.2096
6495,8.5128
6556,35.7114
6496,8.3342
6557,35.5307
6497,8.1964
6558,35.1403
6498,9.5581
6559,35.8770
6499,8.4209
6560,34.7527
6500,8.6082
6561,36.4819
6501,8.4816
6562,34.4763
6502,8.3993
6563,37.8532
6503,8.7266
6504,8.2321
6564,36.0291
6565,34.6667
6505,8.3272
6566,34.8055
6506,8.7096
6567,36.1388
6507,8.5292
6568,35.6313
6508,8.7553
6569,36.0390
6509,8.4960
6570,36.1014
6510,8.3955
6571,34.5016
6511,8.3851
6512,8.3592
6572,37.2008
6573,34.4935
6513,8.6059
6574,35.5057
6514,8.9239
6575,36.5949
6515,8.3007
6576,34.8778
6516,8.7230
6577,36.1019
6517,8.4118
6578,34.9045
6518,8.5500
6519,8.4527
6579,39.4097
6520,8.3904
6580,34.9128
6581,34.5372
6521,8.4255
6582,35.5553
6522,8.6330
6523,8.2383
6583,35.8396
6584,34.4941
6524,8.5608
6585,36.0400
6525,8.4730
6586,35.2279
6526,8.3995
6587,35.8040
6527,8.4391
6588,34.9905
6528,8.8062
6529,8.4056
6589,37.8565
6590,34.6992
6530,8.2865
6591,34.5041
6531,8.4135
6592,35.6468
6532,8.4683
6593,36.9140
6533,8.5149
6594,36.2164
6534,8.3722
6595,35.7057
6535,8.3811
6596,35.6956
6536,8.2773
6597,34.7696
6537,8.3418
6598,35.1112
6538,8.3091
6599,35.7707
6539,8.4633
6600,36.8444
6540,8.2736
6601,34.4657
6541,8.2992
6602,35.5400
6542,8.2755
6603,35.6960
6543,8.4331
6604,35.8658
6544,8.3061
6605,35.0908
6545,8.3604
6606,35.4796
6546,8.1890
6607,35.3768
6547,8.5467
6608,36.2891
6548,8.5092
6609,35.5409
6549,8.4034
6610,34.7356
6550,8.6768
6611,37.5798
6551,9.1968
6612,35.1826
6552,8.4506
6613,36.0479
6553,8.5187
6614,37.0358
6554,8.3006
6615,35.6852
6555,8.1173
6616,34.2314
6556,8.4518
6617,35.8776
6557,8.4213
6618,35.2351
6558,8.3052
6619,37.5802
6559,8.3668
6620,34.7972
6560,8.4466
6621,35.3726
6561,8.6997
6562,8.2292
6622,36.9936
6623,34.8233
6563,8.3425
6624,35.2012
6564,8.5889
6625,35.8990
6565,8.4463
6626,34.7331
6566,8.3273
6627,35.3779
6567,8.5380
6628,36.8175
6568,8.5321
6629,36.0166
6569,8.5164
6630,35.9636
6570,8.6516
6631,36.1625
6571,8.4472
6632,35.0366
6572,8.2319
6633,34.6521
6573,8.6995
6634,36.2499
6574,8.2237
6635,35.2873
6575,8.4573
6636,36.0024
6576,8.2239
6637,35.5369
6577,8.3139
6638,34.3080
6578,8.4319
6639,36.1682
6579,8.5959
6640,36.5854
6580,8.5903
6641,36.2043
6581,8.3769
6642,35.4104
6582,8.6151
6643,36.9480
6583,8.4161
6644,34.4947
6584,8.3851
6645,35.2391
6585,8.7261
6646,36.0130
6586,8.4555
6587,8.3853
6647,36.0503
6648,34.6842
6588,8.7818
6589,8.3970
6649,36.1795
6650,35.1259
6590,8.3746
6651,35.1816
6591,8.4412
6652,35.5443
6592,8.3740
6653,36.7409
6593,8.6062
6654,35.7434
6594,8.3273
6655,35.0417
6595,8.4096
6656,35.3483
6596,8.6057
6657,36.1214
6597,8.5626
6598,8.5171
6658,35.8009
6659,35.1630
6599,8.2586
6660,34.8469
6600,8.7095
6601,8.5090
6661,35.8902
6662,36.0555
6602,8.3675
6663,35.1526
6603,8.7342
6664,35.7629
6604,8.4019
6665,35.3467
6605,8.2372
6666,34.8531
6606,8.3391
6667,35.5162
6607,8.4818
6668,34.8650
6608,8.4176
6669,35.3420
6609,8.7058
6610,8.3632
6670,36.6773
6671,34.6722
6611,8.5017
6672,35.5543
6612,8.5867
6673,36.3711
6613,8.3567
6674,34.6713
6614,8.5138
6675,35.2213
6615,8.5625
6616,8.3681
6676,35.7710
6677,34.7119
6617,8.2772
6678,35.2743
6618,8.2503
6679,34.4863
6619,8.3134
6680,35.0408
6620,8.4348
6681,35.5852
6621,8.7709
6622,8.2804
6682,36.6167
6683,34.7806
6623,8.4194
6684,36.1109
6624,8.2316
6685,34.8496
6625,8.4581
6686,35.4905
6626,8.2405
6687,35.4067
6627,8.5196
6688,36.2278
6628,8.5505
6629,8.0383
6689,35.6155
6690,34.0715
6630,8.3353
6691,35.8779
6631,8.2266
6692,35.1461
6632,8.5008
6693,36.1435
6633,8.3347
6694,35.3588
6634,7.9453
6695,34.6823
6635,8.3729
6636,8.2158
6696,36.1624
6697,34.9636
6637,8.3614
6698,34.6016
6638,8.4084
6699,36.4631
6639,8.2778
6700,35.6537
6640,8.2978
6701,35.1898
6641,8.2545
6702,35.5515
6642,8.3800
6703,34.8933
6643,8.2318
6704,36.2020
6644,8.3307
6705,36.1287
6645,8.0662
6646,8.2428
6706,35.6548
6707,34.7550
6647,8.0013
6708,35.6148
6648,7.9972
6709,35.2455
6649,8.0402
6710,34.9528
6650,8.2588
6711,35.8837
6651,8.1911
6712,36.0507
6652,8.1548
6713,34.6113
6653,8.2941
6714,35.2124
6654,8.2778
6715,35.1202
6655,8.2866
6716,35.2223
6656,8.3342
6717,36.1048
6657,8.1115
6718,35.0248
6658,8.4019
6719,35.6222
6659,8.1302
6720,35.1933
6660,8.1579
6721,34.9283
6661,8.3054
6722,35.3620
6662,8.3280
6723,35.6764
6663,8.2731
6724,35.5751
6664,8.2092
6725,35.4881
6665,8.3104
6726,36.8556
6666,8.0267
6727,35.4708
6667,7.9133
6728,34.6987
6668,8.2156
6729,35.4993
6669,8.5422
6730,36.2186
6670,8.3319
6731,36.3724
6671,8.4769
6732,35.7653
6672,8.2992
6733,35.2206
6673,8.2137
6734,35.8219
6674,8.3375
6735,35.5562
6675,8.7511
6736,36.5411
6676,8.5421
6677,8.1170
6737,36.7550
6738,34.4585
6678,8.1028
6739,35.3942
6679,8.2801
6740,34.9888
6680,8.4776
6741,36.3363
6681,8.4984
6682,8.0955
6742,35.7880
6743,34.6201
6683,8.3267
6744,35.3172
6684,8.3701
6745,36.0933
6685,8.1207
6746,35.2650
6686,8.2036
6747,35.5459
6687,8.3893
6748,36.3425
6688,8.2089
6749,35.8265
6689,8.3449
6750,35.0114
6690,8.3819
6751,36.8872
6691,8.0880
6752,35.5423
6692,8.1435
6753,35.7038
6693,8.1177
6754,35.0017
6694,8.0587
6755,35.2487
6695,8.2223
6756,35.9775
6696,8.1589
6757,35.7090
6697,8.3059
6758,35.8593
6698,8.4581
6759,36.6568
6699,8.2049
6760,35.4869
6700,8.3145
6761,35.3951
6701,8.2257
6762,35.8226
6702,8.3851
6763,36.2138
6703,8.2304
6764,34.9062
6704,8.2760
6765,36.4477
6705,8.2751
6766,35.8870
6706,8.3936
6767,35.7467
6707,8.2180
6768,35.1633
6708,8.2406
6769,35.4380
6709,8.2864
6770,34.8620
6710,8.3356
6771,36.1312
6711,8.5473
6772,35.3476
6712,8.1686
6773,35.7948
6713,8.1431
6774,34.7954
6714,8.1867
6775,35.0300
6715,8.2278
6776,36.1772
6716,8.3867
6777,38.2831
6717,8.1576
6778,36.3126
6718,8.3459
6779,35.3819
6719,8.7599
6720,8.1639
6780,36.7882
6781,34.5357
6721,8.1460
6782,35.5673
6722,8.4609
6783,35.4356
6723,8.1876
6784,36.1660
6724,8.2046
6785,35.7349
6725,8.3684
6786,36.3709
6726,8.2187
6787,35.3026
6727,8.0403
6788,35.8040
6728,8.3190
6789,35.6600
6729,8.2732
6790,36.0189
6730,8.5943
6791,35.9844
6731,8.1726
6792,34.6607
6732,8.6315
6733,8.4237
6793,37.7044
6794,35.0546
6734,8.1752
6795,34.4197
6735,8.3532
6796,36.1914
6736,7.9881
6797,34.8640
6737,8.2404
6798,35.4788
6738,8.3494
6799,35.9097
6739,8.1905
6800,35.2573
6740,8.2566
6801,35.3656
6741,8.2594
6802,35.4919
6742,8.1938
6803,35.1605
6743,8.3268
6804,35.6691
6744,8.2675
6805,35.3609
6745,8.2209
6806,35.2875
6746,8.2163
6807,36.2553
6747,8.1100
6808,34.8640
6748,8.3784
6809,36.4819
6749,8.3273
6810,36.6549
6750,8.0301
6751,7.9521
6811,34.9643
6812,33.9244
6752,8.1375
6813,35.2723
6753,8.6794
6814,36.8330
6754,8.2161
6815,34.9046
6755,8.1622
6816,35.0504
6756,8.1945
6817,35.4337
6757,8.4536
6758,8.4417
6818,36.1593
6819,35.9392
6759,8.3197
6820,35.5920
6760,8.2856
6821,36.4322
6761,8.3211
6822,35.6774
6762,8.2754
6823,34.8844
6763,8.3776
6824,34.6101
6764,8.6072
6825,36.9284
6765,8.1882
6826,35.2360
6766,8.0941
6827,34.6668
6767,8.5861
6828,36.9413
6768,8.2426
6829,34.6251
6769,8.1609
6830,35.0920
6770,7.9814
6831,35.0146
6771,8.2999
6832,35.4629
6772,7.9636
6833,35.6056
6773,8.1277
6834,35.4542
6774,8.0278
6835,35.0556
6775,8.3159
6776,8.0926
6836,36.1839
6837,34.7766
6777,8.1539
6838,35.7177
6778,8.1377
6839,34.8301
6779,8.1343
6840,35.7550
6780,8.2373
6841,36.2894
6781,8.2913
6842,35.9095
6782,8.2257
6843,35.8751
6783,8.1722
6844,35.2701
6784,8.0245
6845,35.2751
6785,8.0571
6846,35.2920
6786,8.0087
6847,34.7304
6787,8.1677
6848,35.1096
6788,8.5063
6849,36.8824
6789,8.1309
6850,34.5353
6790,8.1059
6851,35.5360
6791,8.2039
6852,34.0228
6792,8.4120
6853,35.8981
6793,8.1716
6794,8.0176
6854,35.3042
6855,34.3406
6795,8.2285
6856,34.8830
6796,8.3721
6797,8.1471
6857,35.8062
6858,34.2678
6798,8.4280
6859,36.0193
6799,8.1641
6860,34.9606
6800,8.1401
6801,8.1539
6861,35.3447
6862,34.5300
6802,9.3608
6803,8.3082
6863,36.9561
6804,8.0850
6864,34.9184
6865,34.3982
6805,8.1526
6866,35.4568
6806,8.4645
6867,35.7713
6807,8.3029
6868,35.4972
6808,8.5319
6809,8.1816
6869,36.5274
6870,35.2175
6810,8.1925
6811,8.2520
6871,35.6132
6872,35.5218
6812,8.5495
6873,35.7863
6813,8.3571
6874,36.0139
6814,8.0600
6875,34.7539
6815,8.0229
6876,35.4521
6816,8.0219
6877,34.8198
6817,8.1368
6878,35.7845
6818,7.9951
6879,35.3861
6819,8.0733
6820,8.0056
6880,36.8087
6881,34.3023
6821,8.0434
6882,35.4575
6822,8.2515
6883,35.1803
6823,8.0805
6884,35.1767
6824,8.4118
6885,35.6342
6825,8.4119
6886,37.1196
6826,8.1361
6887,35.0277
6827,8.0453
6888,35.2251
6828,8.0409
6889,35.1927
6829,8.1847
6890,35.5825
6830,7.9757
6891,34.7789
6831,8.0513
6892,37.4497
6832,8.2284
6893,34.8777
6833,8.5439
6834,8.0708
6894,36.7463
6895,34.4040
6835,8.2879
6896,36.2167
6836,8.2545
6897,35.1946
6837,8.3258
6898,35.8957
6838,8.0906
6899,34.7269
6839,8.2233
6900,36.3704
6840,8.5361
6901,35.1606
6841,8.1404
6902,35.8018
6842,8.2824
6903,35.9079
6843,8.3394
6904,36.3888
6844,8.3874
6905,35.7673
6845,8.1821
6906,35.4788
6846,8.2033
6907,35.6874
6847,8.3547
6908,35.9528
6848,8.1587
6909,34.9315
6849,8.4579
6910,35.9792
6850,8.0201
6911,34.2014
6851,8.1320
6912,35.1489
6852,8.1449
6913,36.2759
6853,8.1800
6914,35.1736
6854,8.8587
6915,36.0386
6855,8.2196
6916,34.8769
6856,8.4858
6857,8.0964
6917,36.5334
6918,34.7311
6858,8.0602
6919,36.2980
6859,8.0848
6920,35.5845
6860,8.0277
6921,35.1221
6861,8.2078
6922,35.8671
6862,8.2593
6923,36.1195
6863,8.2471
6924,35.9843
6864,8.1878
6925,35.4603
6865,8.3185
6926,36.2661
6866,8.1412
6927,35.5547
6867,8.1119
6928,35.5666
6868,8.2235
6929,35.0351
6869,8.1426
6930,35.4873
6870,8.0733
6931,34.6691
6871,8.2497
6932,35.3121
6872,8.1807
6933,35.6135
6873,7.9977
6934,34.6644
6874,8.2727
6935,36.2240
6875,8.1029
6936,35.1898
6876,8.1653
6937,35.1800
6877,8.2918
6938,35.7173
6878,8.3347
6939,36.0779
6879,8.2638
6940,35.7375
6880,8.1508
6941,35.2092
6881,8.1463
6942,35.4622
6882,8.2275
6943,35.7229
6883,8.2849
6944,35.0545
6884,8.2237
6945,35.0268
6885,7.9847
6946,35.3825
6886,8.3860
6947,36.3185
6887,8.1129
6948,35.1019
6888,7.9125
6949,34.7704
6889,7.9480
6950,35.0739
6890,8.2816
6951,36.4586
6891,8.2518
6952,35.9389
6892,8.2942
6953,35.2637
6893,8.0939
6954,35.2835
6894,8.1787
6955,35.2949
6895,8.1950
6956,36.4256
6896,8.0081
6957,34.4555
6897,8.4346
6958,36.4522
6898,8.1601
6959,36.2283
6899,7.9804
6960,34.7154
6900,8.0151
6961,35.3847
6901,8.2155
6962,35.6019
6902,8.2417
6963,35.3694
6903,8.0216
6964,35.2927
6904,8.2419
6965,35.5601
6905,8.0890
6966,34.8431
6906,8.0501
6967,35.5620
6907,8.1937
6968,34.5805
6908,8.4060
6909,8.0594
6969,35.6989
6970,34.7915
6910,8.2551
6971,35.9346
6911,7.8723
6972,34.8003
6912,8.2317
6913,7.9234
6973,36.5430
6974,35.1815
6914,7.9696
6975,35.1240
6915,8.2889
6916,8.1176
6976,35.6222
6977,34.9214
6917,8.0630
6978,35.6875
6918,8.1678
6979,35.7213
6919,8.2895
6980,35.5821
6920,8.2380
6981,34.2116
6921,8.4658
6922,8.2485
6982,36.3247
6983,35.6292
6923,7.9840
6984,34.9100
6924,8.1144
6985,35.4381
6925,8.1536
6986,35.2448
6926,8.1435
6987,34.8374
6927,8.1064
6988,35.8157
6928,7.9482
6989,34.6880
6929,8.2165
6990,36.3408
6930,8.1303
6991,34.7495
6931,8.0061
6992,35.1167
6932,8.1984
6993,35.2594
6933,8.2736
6994,35.1518
6934,8.1394
6995,35.2668
6935,8.2265
6996,35.2579
6936,8.0050
6997,35.3550
6937,8.0306
6998,35.4074
6938,8.1491
6999,35.2242
6939,8.3002
7000,36.5182
6940,8.2646
7001,35.8395
6941,8.2285
7002,34.6826
6942,8.1635
7003,34.2904
6943,8.3368
7004,35.5341
6944,8.1918
7005,36.2055
6945,8.3782
7006,35.3998
6946,8.1650
7007,35.3889
6947,8.1029
7008,34.8503
6948,8.3988
7009,36.4652
6949,8.3820
7010,35.6742
6950,8.2454
6951,8.0233
7011,36.4639
7012,34.2019
6952,8.2408
7013,35.5020
6953,8.1015
7014,35.0638
6954,8.0916
7015,35.2436
6955,8.0798
7016,35.1069
6956,8.1250
7017,35.4354
6957,8.2504
7018,35.9514
6958,8.0868
7019,35.7333
6959,7.9598
7020,34.5600
6960,8.1315
7021,35.0414
6961,8.1116
7022,35.5754
6962,8.2900
7023,36.2146
6963,8.1924
7024,37.0236
6964,7.9462
7025,34.8459
6965,8.1511
7026,34.6560
6966,8.1472
7027,35.8265
6967,8.3437
7028,35.4690
6968,8.1765
7029,35.3311
6969,8.0025
7030,35.5161
6970,8.0485
7031,35.8896
6971,7.8998
7032,34.4267
6972,8.3708
7033,36.2832
6973,8.0755
7034,34.9675
6974,8.2000
7035,35.5658
6975,8.1104
7036,35.1427
6976,8.0281
7037,36.0820
6977,8.1368
7038,35.6804
6978,8.0269
7039,35.5881
6979,7.8965
7040,34.6535
6980,8.1008
7041,36.1480
6981,8.3421
7042,35.7225
6982,8.0252
7043,35.1741
6983,8.1983
7044,36.4483
6984,8.3252
6985,8.1566
7045,35.4968
7046,34.6721
6986,8.2919
6987,8.3463
7047,36.0507
7048,34.7265
6988,8.1897
6989,8.1662
7049,35.6673
7050,35.3254
6990,8.0307
7051,34.4411
6991,8.1663
7052,36.2451
6992,8.0308
7053,34.5805
6993,8.1839
7054,36.3499
6994,8.2040
7055,35.5603
6995,8.2221
6996,8.1028
7056,36.4366
7057,36.9813
6997,7.9798
7058,35.1167
6998,8.0805
7059,36.2971
6999,8.0595
7060,35.9358
7000,8.1563
7061,35.9412
7001,7.9192
7062,34.8436
7002,8.0781
7063,36.2475
7003,8.0588
7064,35.2601
7004,8.1523
7065,35.3812
7005,8.2143
7066,36.0041
7006,8.1539
7067,35.4727
7007,8.0206
7068,34.4170
7008,7.9426
7069,34.8699
7009,8.0064
7070,35.5589
7010,8.3460
7071,34.9263
7011,8.3230
7072,35.9848
7012,7.9235
7073,35.1124
7013,8.1109
7074,34.8294
7014,8.1959
7075,35.8924
7015,8.3624
7076,36.8458
7016,8.3556
7077,35.4380
7017,8.1856
7078,35.6378
7018,8.0764
7079,34.5429
7019,8.0219
7080,35.3850
7020,8.0535
7081,35.5487
7021,7.9625
7082,34.4282
7022,8.1539
7083,35.7611
7023,8.4433
7024,8.3542
7084,36.4624
7085,36.0253
7025,8.2957
7086,35.4961
7026,8.0550
7087,34.9387
7027,8.3300
7088,36.2283
7028,8.2438
7089,35.3368
7029,8.2207
7090,35.6832
7030,8.3461
7091,35.0099
7031,8.0496
7092,35.2940
7032,8.2351
7093,35.7075
7033,8.0063
7094,34.5316
7034,8.1887
7095,36.0119
7035,8.2438
7096,36.0775
7036,8.1092
7097,35.1941
7037,8.1302
7098,35.1322
7038,8.1637
7099,36.5949
7039,8.2012
7100,34.7594
7040,8.2497
7101,35.5690
7041,8.1935
7102,36.0384
7042,8.1261
7103,35.5709
7043,8.0900
7104,35.7987
7044,7.9988
7105,35.0657
7045,8.1560
7106,35.7014
7046,8.3133
7107,35.1652
7047,8.3308
7108,35.5047
7048,8.2752
7109,36.0297
7049,8.3547
7110,35.8733
7050,8.2811
7111,37.7486
7051,8.3483
7112,34.7696
7052,8.2420
7113,38.0985
7053,8.6767
7054,8.2498
7114,37.1620
7115,34.0027
7055,8.5015
7116,34.8377
7056,8.4878
7117,34.7117
7057,8.4768
7118,34.7930
7058,8.5514
7119,36.8871
7059,8.3865
7120,35.2763
7060,8.2805
7121,34.5604
7061,8.2834
7122,34.6764
7062,9.2158
7123,35.7659
7063,8.5711
7124,34.3180
7064,9.1967
7125,36.1861
7065,8.5448
7126,34.2632
7066,8.3902
7127,34.6624
7067,8.6873
7128,34.9039
7068,8.5688
7129,35.2802
7069,8.5008
7130,34.1316
7070,8.3711
7131,34.9551
7071,8.9562
7132,35.4602
7072,8.5274
7133,34.2157
7073,8.5210
7134,34.4755
7074,8.2342
7135,34.7080
7075,8.8034
7136,35.4398
7076,8.4143
7137,34.9770
7077,8.5661
7138,35.2409
7078,8.6118
7139,35.2140
7079,8.3000
7140,34.4269
7080,8.2769
7141,34.7549
7081,9.0506
7142,35.4737
7082,8.4853
7143,34.8817
7083,8.8693
7144,35.2372
7084,8.2243
7145,34.1019
7085,8.9061
7146,35.7629
7086,8.4762
7147,34.0230
7087,8.7942
7148,34.9902
7088,8.3432
7149,34.8322
7089,8.7530
7150,35.0168
7090,8.4583
7151,34.7283
7091,8.3391
7152,34.9321
7092,8.2763
7153,34.8827
7093,8.4667
7154,35.3812
7094,8.4761
7155,35.1188
7095,8.4025
7156,35.7243
7096,8.3567
7157,34.6573
7097,8.6931
7158,34.5976
7098,8.4661
7159,35.3667
7099,8.4498
7160,34.7654
7100,8.3379
7161,34.9193
7101,8.4023
7162,35.1819
7102,8.6674
7163,34.9265
7103,8.4639
7164,35.3076
7104,8.4383
7165,34.9003
7105,8.4785
7166,35.3418
7106,8.4604
7167,34.9191
7107,8.4129
7168,35.1070
7108,8.4477
7169,35.0864
7109,8.5054
7170,35.2618
7110,8.3273
7171,34.6390
7111,10.0950
7172,36.0622
7112,7.4885
7173,35.4739
7113,7.0631
7174,35.6176
7114,7.7509
7175,36.4138
7115,7.2928
7116,6.9569
7176,35.7385
7177,35.0921
7117,7.2828
7118,7.0591
7178,36.6411
7179,35.5192
7119,7.3262
7180,36.2490
7120,6.9788
7181,35.2381
7121,7.5754
7182,35.5854
7122,7.0986
7183,35.1089
7123,7.0376
7184,36.2465
7124,7.3554
7185,35.7370
7125,7.3157
7186,35.9245
7126,6.9305
7187,34.8352
7127,7.0061
7188,36.1972
7128,6.8462
7189,35.1164
7129,6.7987
7190,34.4401
7130,7.3007
7191,35.1254
7131,6.8750
7192,35.3198
7132,7.0348
7193,35.6790
7133,7.2811
7194,36.3137
7134,7.0347
7195,35.1704
7135,6.9494
7196,34.8010
7136,7.4176
7197,35.6487
7137,7.1660
7198,36.5173
7138,7.7067
7139,7.0564
7199,35.7328
7200,34.2423
7140,7.7292
7201,35.0279
7141,7.5661
7202,35.6771
7142,7.5744
7203,35.6386
7143,7.7521
7204,37.0130
7144,7.3567
7205,35.5445
7145,6.9570
7206,34.6537
7146,7.7748
7147,6.9545
7207,36.1669
7208,34.6118
7148,7.4986
7209,36.5388
7149,7.4911
7210,35.0693
7150,6.8821
7211,36.5121
7151,7.4448
7212,35.8759
7152,6.9504
7153,7.3540
7213,38.2552
7214,34.6433
7154,6.9437
7215,35.6808
7155,7.3146
7216,35.0786
7156,7.4203
7217,35.6476
7157,7.3344
7218,35.1006
7158,7.5441
7219,36.1877
7159,7.0356
7220,35.3934
7160,7.3597
7221,35.8633
7161,6.9236
7222,35.1130
7162,7.1287
7223,35.2803
7163,7.5237
7224,36.2343
7164,7.3673
7225,35.8408
7165,7.3387
7226,34.1902
7166,7.1698
7227,34.6206
7167,7.5435
7228,36.4826
7168,7.3759
7229,34.4005
7169,7.2023
7230,36.4445
7170,7.8759
7231,36.0283
7171,7.0973
7232,34.8991
7172,7.2295
7233,33.8717
7173,7.1108
7234,35.2140
7174,7.3134
7235,35.4713
7175,7.2156
7236,34.7312
7176,7.3740
7237,36.0772
7177,7.1933
7178,7.0419
7238,36.5161
7239,34.6085
7179,7.2801
7240,35.2895
7180,7.0024
7241,34.0588
7181,7.4957
7242,35.4714
7182,7.1305
7243,34.4747
7183,6.9185
7244,34.5321
7184,7.2713
7245,36.2722
7185,7.2298
7186,6.8768
7246,35.2421
7247,34.1345
7187,7.1127
7248,36.4108
7188,7.4085
7249,35.1196
7189,6.9367
7250,34.8681
7190,7.4096
7251,35.2206
7191,7.3248
7192,7.2559
7252,35.8389
7253,34.2881
7193,6.9778
7254,35.3504
7194,7.6360
7255,36.4779
7195,7.3296
7196,6.8170
7256,35.1235
7257,34.9330
7197,7.3443
7258,35.6235
7198,7.1593
7259,34.6936
7199,7.1886
7260,34.6403
7200,7.6631
7261,35.0928
7201,6.9411
7262,35.2596
7202,7.1380
7263,36.7987
7203,7.0961
7204,6.9249
7264,35.4061
7265,34.4583
7205,7.3622
7266,35.2367
7206,7.2234
7267,35.7447
7207,6.8972
7268,34.7698
7208,7.2807
7269,34.8375
7209,7.0876
7270,35.4465
7210,7.2618
7271,35.2529
7211,6.8101
7272,34.6360
7212,6.9353
7273,35.8424
7213,7.0637
7274,35.6207
7214,6.8449
7275,35.2650
7215,7.0952
7276,35.4992
7216,7.2989
7277,35.0780
7217,7.3812
7278,35.7072
7218,7.1120
7279,36.2784
7219,7.4459
7280,35.9092
7220,7.2794
7221,6.9191
7281,35.7746
7282,34.1390
7222,7.3782
7283,35.9314
7223,6.9960
7284,35.0126
7224,7.5682
7285,35.6749
7225,7.3743
7286,36.1358
7226,7.3020
7287,35.1921
7227,7.7888
7288,36.3562
7228,7.1403
7289,35.0835
7229,6.8626
7290,34.1314
7230,6.9471
7291,35.5555
7231,7.3891
7292,35.3362
7232,6.8866
7293,35.4467
7233,7.3424
7294,35.2814
7234,6.9436
7295,35.5236
7235,7.2727
7296,34.9062
7236,7.2338
7297,35.2724
7237,7.8195
7238,7.0919
7298,36.0699
7299,35.1584
7239,7.7537
7300,35.5806
7240,7.1548
7301,35.2038
7241,7.2869
7302,34.9852
7242,7.6427
7243,6.7836
7303,36.5269
7304,34.6944
7244,6.8440
7305,35.0335
7245,7.3348
7306,35.5171
7246,7.4608
7307,36.4889
7247,7.1688
7308,34.4168
7248,6.8849
7309,34.4267
7249,6.8738
7310,35.4608
7250,7.0257
7251,6.5121
7311,35.0556
7312,34.1404
7252,7.5370
7313,36.1843
7253,6.7572
7314,34.8244
7254,6.8951
7315,35.5841
7255,7.0695
7316,36.2155
7256,6.7069
7317,34.9828
7257,6.8434
7318,36.4080
7258,6.6344
7319,34.4070
7259,6.9076
7320,35.6979
7260,6.9148
7321,35.1946
7261,6.9795
7322,35.8238
7262,6.8733
7323,35.4579
7263,7.1431
7264,6.7254
7324,36.5477
7325,34.4349
7265,6.8008
7326,35.1830
7266,6.6835
7327,34.8786
7267,7.2578
7268,6.7276
7328,36.0030
7329,36.8718
7269,7.5292
7330,34.8914
7270,6.9937
7331,36.2051
7271,7.4063
7272,6.7386
7332,36.2335
7333,34.7249
7273,7.0909
7334,36.0305
7274,7.5118
7335,39.0116
7275,7.2567
7336,36.2712
7276,7.0167
7277,6.6845
7337,36.6952
7338,34.7209
7278,7.1809
7339,35.1397
7279,7.1845
7340,34.2283
7280,7.4620
7281,6.9341
7341,36.5138
7342,34.1466
7282,7.3420
7343,35.1871
7283,7.4324
7344,36.2113
7284,7.2613
7285,6.7063
7345,35.8927
7346,34.1561
7286,7.1213
7347,35.6819
7287,7.1396
7348,35.9544
7288,7.0752
7349,35.7381
7289,6.7179
7350,35.3936
7290,6.5580
7351,34.7251
7291,6.7761
7352,36.5843
7292,7.2907
7293,6.9430
7353,36.2084
7354,34.0724
7294,7.1074
7355,35.3823
7295,7.2858
7296,6.8608
7356,36.2834
7357,34.5716
7297,7.3407
7358,35.5939
7298,6.7578
7359,35.1653
7299,7.2109
7360,36.2184
7300,7.3224
7361,35.5176
7301,7.4197
7302,7.1218
7362,36.6581
7363,35.1785
7303,7.0581
7364,35.4109
7304,7.1813
7365,34.5692
7305,7.1454
7306,6.6359
7366,36.2616
7367,35.1188
7307,7.3115
7368,35.9993
7308,7.0700
7369,34.1741
7309,6.9554
7310,6.8859
7370,36.1158
7371,34.0097
7311,7.4049
7372,36.5981
7312,7.4622
7373,36.0103
7313,7.6212
7374,35.0443
7314,6.9968
7375,35.3271
7315,7.3000
7316,6.6389
7376,36.2198
7377,34.0471
7317,7.5983
7378,36.1411
7318,6.8331
7379,34.7239
7319,6.9233
7380,35.3818
7320,7.2380
7381,34.4442
7321,7.4002
7382,36.6022
7322,7.2045
7383,35.9800
7323,7.5225
7324,6.6437
7384,36.1566
7385,35.3099
7325,7.0999
7326,6.7054
7386,35.6599
7387,34.4824
7327,7.3153
7388,36.6176
7328,6.9146
7389,35.1087
7329,7.2699
7390,35.8895
7330,7.6228
7391,36.4001
7331,7.1023
7332,6.6125
7392,36.0361
7393,34.6379
7333,7.1942
7394,35.8721
7334,6.9592
7395,35.2786
7335,7.0640
7396,35.0671
7336,6.6659
7397,34.3449
7337,7.1308
7398,35.0568
7338,6.8487
7399,36.1954
7339,6.8020
7400,35.4741
7340,7.0082
7341,6.4992
7401,36.1365
7402,34.3163
7342,7.4128
7403,35.3188
7343,6.7977
7404,36.3327
7344,7.1344
7345,6.6073
7405,36.0211
7406,34.6521
7346,6.8795
7407,35.2211
7347,6.6443
7408,34.2273
7348,6.8446
7349,6.6254
7409,36.3592
7410,35.3718
7350,7.5170
7411,35.5242
7351,7.1754
7412,35.3762
7352,6.8066
7413,35.3028
7353,6.7286
7414,35.5530
7354,7.4118
7415,35.1623
7355,6.5968
7416,36.0419
7356,6.9081
7357,6.6547
7417,36.3071
7418,35.2924
7358,6.6492
7419,35.1850
7359,7.3693
7420,36.2166
7360,6.9786
7361,6.5601
7421,37.4493
7422,35.4556
7362,6.7590
7423,36.3044
7363,6.6263
7364,6.6399
7424,38.4879
7425,34.6518
7365,6.6358
7426,36.7774
7366,6.8139
7367,6.6663
7427,37.2372
7368,6.7566
7428,35.8584
7369,6.6515
7429,35.1395
7430,35.0205
7370,6.8295
7371,6.5070
7431,36.7427
7432,34.2585
7372,6.7978
7433,36.9836
7373,6.7900
7374,6.6614
7434,36.3648
7435,35.4812
7375,6.4034
7436,34.6521
7376,6.4449
7437,34.9227
7377,6.6471
7438,36.6414
7378,6.5868
7439,34.7628
7379,6.9269
7440,36.4804
7380,6.5547
7441,35.6107
7381,6.6391
7442,35.3003
7382,6.6089
7443,34.8985
7383,6.5569
7444,36.1315
7384,6.5625
7445,34.9038
7385,7.0169
7446,36.3756
7386,6.9409
7387,6.4787
7447,36.9083
7448,35.5459
7388,6.6593
7389,6.4706
7449,35.5216
7450,35.2174
7390,8.2018
7391,6.9164
7451,37.6918
7452,35.4321
7392,6.6602
7453,35.7293
7393,6.6714
7454,36.6911
7394,6.4453
7455,35.5010
7395,7.0628
7396,6.2708
7456,36.4946
7457,34.6026
7397,6.5080
7458,35.9966
7398,6.5238
7459,35.3775
7399,6.5445
7460,36.8589
7400,6.3703
7461,34.9320
7401,6.6107
7462,35.8328
7402,6.4152
7403,6.3664
7463,35.7393
7404,6.3439
7464,35.5363
7405,6.2952
7465,35.2331
7466,34.5083
7406,6.4592
7467,36.6454
7407,6.4709
7468,36.1412
7408,6.5031
7469,37.2795
7409,6.4059
7470,36.4069
7410,6.5153
7471,35.5187
7411,6.5902
7472,36.8329
7412,6.4463
7413,6.4015
7473,36.6336
7474,35.3495
7414,6.4341
7475,35.6352
7415,6.4078
7476,35.4901
7416,6.9103
7477,36.0432
7417,6.3962
7478,35.7174
7418,6.4169
7419,6.9800
7479,37.1581
7480,35.3058
7420,6.6352
7481,35.0305
7421,6.5892
7482,36.0040
7422,7.0535
7483,35.3254
7423,6.4185
7484,35.0911
7424,6.4718
7485,36.7071
7425,6.4562
7486,35.5001
7426,6.8358
7427,6.2875
7487,36.8935
7488,35.1824
7428,6.6300
7489,35.6977
7429,6.8992
7490,37.2363
7430,6.3190
7491,34.6389
7431,6.8786
7492,36.2033
7432,6.4068
7493,35.9528
7433,6.4104
7494,35.9250
7434,6.4195
7435,6.6266
7495,36.3182
7496,35.2594
7436,6.8740
7437,6.6011
7497,36.3693
7498,35.6110
7438,6.6101
7499,35.5920
7439,6.5697
7440,6.2912
7500,36.2124
7501,35.3572
7441,6.5187
7502,34.5768
7442,6.4455
7503,35.9401
7443,6.5288
7504,35.6713
7444,6.4163
7505,35.3274
7445,6.3532
7506,36.8878
7446,6.5725
7507,35.6434
7447,6.3627
7508,35.6959
7448,6.4663
7509,34.7814
7449,6.6189
7510,36.3382
7450,6.8218
7511,36.5041
7451,6.3894
7512,35.9302
7452,6.7663
7513,35.1764
7453,6.8504
7454,6.5375
7514,36.9589
7455,6.3786
7515,35.4841
7516,35.7689
7456,7.0730
7457,6.4935
7517,36.3365
7518,34.6477
7458,6.7847
7519,36.5216
7459,6.9264
7520,36.0348
7460,6.4514
7521,36.5941
7461,6.4168
7522,36.1060
7462,6.3048
7523,34.3743
7463,6.3821
7464,6.3098
7524,37.8416
7525,35.2719
7465,6.4669
7526,36.7471
7466,6.4933
7527,34.6252
7467,6.5342
7528,35.4388
7468,6.6014
7529,36.6954
7469,6.3466
7530,34.7961
7470,6.3589
7531,37.4891
7471,6.5362
7472,6.3020
7532,36.8065
7533,34.0078
7473,6.5721
7474,6.9106
7534,36.3955
7535,35.3067
7475,7.0490
7536,35.9452
7476,6.4805
7477,6.3759
7537,37.1106
7538,36.8715
7478,6.5314
7539,34.7375
7479,6.3459
7540,35.7628
7480,6.5754
7541,35.7968
7481,6.5155
7542,36.1004
7482,6.4283
7543,35.3171
7483,6.5186
7544,36.0327
7484,6.8092
7545,36.4220
7485,6.4538
7546,35.2743
7486,6.5834
7547,36.2026
7487,6.6385
7548,34.9881
7488,6.6634
7549,36.2425
7489,6.5682
7550,35.8787
7490,6.6979
7551,36.0072
7491,6.6204
7552,34.5755
7492,6.6508
7553,35.9746
7493,6.5243
7554,36.6649
7494,6.4135
7555,34.6866
7495,6.7113
7556,36.2664
7496,6.5220
7557,35.5794
7497,6.4646
7558,35.5569
7498,7.2297
7559,36.4644
7499,6.4385
7560,35.8128
7500,6.5369
7561,35.6706
7501,6.9722
7502,6.3276
7562,36.3342
7563,34.4703
7503,6.4476
7564,35.4166
7504,7.3610
7565,35.8508
7505,6.6976
7566,35.8770
7506,6.4723
7567,34.9454
7507,6.5086
7568,36.3383
7508,6.5822
7569,36.1682
7509,6.5073
7570,36.0736
7510,6.7489
7571,35.9662
7511,6.3994
7572,34.4166
7512,6.3874
7573,35.1244
7513,6.7667
7574,35.5686
7514,6.9703
7575,38.8641
7515,6.4163
7576,35.8868
7516,6.7692
7577,35.2684
7517,6.5424
7518,6.3844
7578,37.0392
7519,6.3586
7579,35.8380
7520,6.4247
7580,35.3321
7581,35.1791
7521,6.3825
7582,36.3222
7522,6.7613
7523,6.3890
7583,36.6063
7584,36.0182
7524,6.9200
7585,36.1535
7525,6.6762
7526,6.2664
7586,37.3457
7527,6.3562
7587,34.6621
7528,6.3308
7588,35.8303
7589,34.8248
7529,7.1062
7590,37.4199
7530,6.4629
7531,6.3100
7591,36.9182
7592,34.8483
7532,6.7587
7593,36.1720
7533,6.4411
7594,35.3048
7534,6.3637
7595,36.2783
7535,6.5877
7596,35.6178
7536,6.9539
7597,36.1627
7537,6.4554
7598,36.5313
7538,6.9292
7539,6.3533
7599,36.8000
7600,34.9234
7540,6.5251
7541,6.4551
7601,36.5009
7602,35.0339
7542,6.9882
7603,35.9276
7543,6.7697
7604,35.3518
7544,6.9236
7605,38.8300
7545,6.7390
7606,37.4327
7546,6.7333
7607,35.9033
7547,6.4590
7608,35.9319
7548,6.5653
7609,35.8835
7549,6.8627
7550,6.4591
7610,36.3827
7611,38.4393
7551,6.4837
7612,34.7404
7552,6.4468
7553,6.5005
7613,36.8714
7614,35.9257
7554,6.4225
7615,36.6050
7555,6.4210
7616,35.0161
7556,6.3994
7617,34.6318
7557,6.3799
7618,36.5931
7558,6.4220
7619,35.8875
7559,7.0608
7620,36.9871
7560,6.6305
7561,6.3480
7621,36.3182
7622,35.4447
7562,7.0259
7563,6.3840
7623,36.8602
7624,36.0321
7564,6.8582
7625,35.9107
7565,6.4043
7626,36.0496
7566,7.0056
7567,6.5982
7627,36.4037
7628,35.3087
7568,6.7739
7569,6.3006
7629,36.2783
7630,34.6108
7570,6.3978
7631,36.4658
7571,6.6004
7632,36.2773
7572,6.3494
7633,35.1086
7573,6.4117
7634,35.7379
7574,6.6017
7635,36.2540
7575,6.4705
7636,35.8696
7576,6.4841
7637,35.3266
7577,6.3931
7638,35.8732
7578,6.5635
7639,35.3798
7579,6.3539
7580,6.3890
7640,36.2659
7641,35.9291
7581,6.9480
7642,35.9374
7582,6.9145
7583,6.6716
7643,37.2004
7644,35.5504
7584,6.9539
7585,6.3934
7645,36.3393
7586,6.3777
7646,36.0359
7647,35.3678
7587,6.6565
7648,36.7708
7588,6.5205
7649,34.7869
7589,6.6067
7650,36.2341
7590,6.5248
7591,6.4199
7651,36.4111
7652,35.7433
7592,6.3414
7653,34.5957
7593,6.4170
7654,35.7656
7594,6.9050
7655,36.3292
7595,6.8023
7596,6.3960
7656,36.1589
7657,35.2591
7597,6.5377
7658,36.3306
7598,6.2809
7659,35.0741
7599,6.5398
7660,34.7183
7600,6.5322
7661,35.6414
7601,6.9079
7662,35.6197
7602,6.5021
7663,37.5358
7603,6.3576
7664,35.0208
7604,6.4167
7665,35.3958
7605,6.3945
7606,6.3271
7666,36.3803
7667,34.5179
7607,6.5274
7668,36.1658
7608,6.4877
7669,34.7013
7609,6.7937
7670,35.7229
7610,6.8291
7611,6.3570
7671,36.4003
7672,35.4217
7612,6.7917
7673,35.1673
7613,7.0239
7674,36.7694
7614,6.3157
7675,35.6193
7615,6.5109
7676,36.0714
7616,6.5022
7677,35.5785
7617,6.5962
7678,36.0146
7618,6.8892
7619,6.4010
7679,36.6766
7680,35.2827
7620,6.5989
7681,36.0487
7621,6.7000
7682,35.9758
7622,6.4951
7683,35.4681
7623,6.4655
7684,36.1742
7624,6.4571
7685,36.3918
7625,6.4481
7686,35.1841
7626,6.4731
7687,36.1651
7627,6.4649
7688,35.7369
7628,6.3892
7689,36.5722
7629,6.3556
7690,34.9362
7630,6.4990
7691,35.2923
7631,6.3653
7632,6.5156
7692,36.5710
7633,6.3979
7693,36.5726
7694,34.5818
7634,6.4864
7635,6.3391
7695,35.6299
7696,35.5406
7636,6.4668
7697,36.2424
7637,6.3679
7698,34.9894
7638,6.5101
7699,36.6411
7639,6.5936
7640,6.3460
7700,36.7334
7701,35.3750
7641,6.3804
7702,35.5526
7642,6.5421
7643,6.2971
7703,35.4813
7704,34.6580
7644,7.1221
7705,35.1598
7645,7.0932
7706,35.7128
7646,6.6465
7707,36.5336
7647,6.5691
7648,6.4659
7708,36.4959
7649,6.4846
7709,35.5067
7710,35.6144
7650,6.6019
7711,35.0773
7651,6.8292
7712,35.2908
7652,6.4862
7713,35.7487
7653,6.4797
7714,35.7658
7654,6.6154
7715,36.3361
7655,6.5668
7656,6.6120
7716,37.5394
7717,34.9148
7657,6.9283
7718,35.5688
7658,6.8283
7719,35.3909
7659,6.6135
7660,6.3377
7720,36.5451
7721,34.8115
7661,6.5165
7722,35.3049
7662,6.4321
7723,36.5263
7663,6.4759
7724,34.7886
7664,6.6055
7725,35.4842
7665,6.3810
7726,35.2245
7666,6.9002
7727,35.3475
7667,6.4436
7728,35.0815
7668,6.7328
7729,35.2176
7669,6.9625
7730,35.5496
7670,6.6762
7731,35.3100
7671,6.9282
7672,6.3641
7732,36.8605
7733,35.6394
7673,7.1318
7734,34.6685
7674,6.6801
7735,35.5288
7675,6.3661
7736,35.1337
7676,6.4102
7677,6.3566
7737,36.9366
7738,35.8278
7678,6.4039
7739,36.0198
7679,6.4439
7740,36.1469
7680,6.8328
7741,35.6009
7681,7.1814
7742,36.4319
7682,6.7288
7743,35.5157
7683,6.6373
7744,35.5583
7684,6.7034
7745,35.9823
7685,6.6785
7686,6.2051
7746,38.2068
7687,6.1770
7747,35.1470
7748,34.6925
7688,6.4352
7749,35.1774
7689,6.7332
7750,35.4248
7690,6.5389
7751,35.0831
7691,6.7964
7752,37.0255
7692,6.7173
7693,6.5716
7753,36.0621
7754,34.8769
7694,6.4254
7755,35.5501
7695,6.3214
7756,35.6698
7696,6.3927
7757,35.9600
7697,6.4465
7758,36.6546
7698,6.4758
7759,35.7926
7699,6.4350
7760,36.6061
7700,6.3253
7761,35.7274
7701,6.3862
7762,36.0017
7702,6.5446
7763,36.2483
7703,6.8077
7764,35.6086
7704,6.5193
7765,36.5049
7705,6.5573
7706,6.5949
7766,36.4769
7767,35.3442
7707,6.4679
7708,6.3363
7768,36.4188
7769,35.5421
7709,6.3016
7770,35.1813
7710,6.5708
7771,36.0591
7711,6.5946
7772,36.3791
7712,6.3149
7773,35.9149
7713,6.4171
7774,34.1713
7714,6.3996
7775,36.2442
7715,6.5299
7776,35.9298
7716,6.4112
7777,34.8929
7717,6.4658
7778,36.9279
7718,6.4708
7779,35.1624
7719,6.4098
7780,36.3338
7720,6.5243
7781,36.8671
7721,6.3182
7782,34.9678
7722,6.6833
7783,35.2358
7723,6.4058
7784,35.1220
7724,6.3622
7785,34.8190
7725,6.3575
7786,35.5517
7726,6.5721
7787,36.1198
7727,5.8321
7788,36.2242
7728,5.7949
7789,35.8495
7729,5.8814
7790,34.9706
7730,5.8366
7791,36.0864
7731,5.9431
7792,35.4525
7732,6.0527
7793,36.8138
7733,5.9716
7794,35.9195
7734,5.8526
7795,35.8009
7735,5.8876
7796,37.2037
7736,5.9954
7737,5.7802
7797,36.0767
7798,35.3502
7738,5.9981
7799,35.7940
7739,6.0890
7800,36.9772
7740,6.2219
7741,5.9354
7801,36.1712
7802,35.5103
7742,6.0903
7803,35.2779
7743,6.0870
7744,5.9934
7804,37.0326
7805,34.6433
7745,6.1425
7746,5.9476
7806,35.8444
7807,34.1295
7747,5.9909
7808,35.8235
7748,6.2162
7809,35.8041
7749,6.0621
7810,36.4414
7750,6.0867
7811,34.8928
7751,5.9930
7812,35.8884
7752,6.0148
7813,35.8070
7753,6.0742
7814,36.7880
7754,6.1534
7815,35.7715
7755,6.0414
7816,35.1672
7756,6.0504
7817,35.7485
7757,6.2159
7818,36.2609
7758,6.0978
7759,6.1702
7819,36.3172
7820,35.5396
7760,6.0054
7821,35.4209
7761,6.0624
7822,36.5160
7762,6.2053
7763,6.1659
7823,36.1409
7824,34.5412
7764,6.5390
7825,36.6622
7765,5.9898
7826,35.8035
7766,6.0243
7827,35.0237
7767,6.2440
7828,35.6126
7768,6.1673
7829,34.8198
7769,5.9547
7830,36.4389
7770,5.9513
7771,5.9511
7831,36.1355
7832,34.9648
7772,5.9848
7833,35.4209
7773,6.6304
7834,35.5110
7774,5.9169
7835,36.1082
7775,5.9210
7776,5.8934
7836,36.8277
7837,35.4635
7777,6.1121
7838,36.4827
7778,6.0500
7839,35.5778
7779,6.0530
7840,35.5050
7780,5.9536
7781,5.8546
7841,36.7854
7842,34.1015
7782,6.6049
7843,35.3257
7783,6.1598
7784,5.8175
7844,37.4816
7845,34.3395
7785,6.0055
7786,5.8550
7846,37.4305
7847,35.5897
7787,5.8609
7788,5.8248
7848,35.1422
7849,34.1889
7789,6.1376
7850,35.5401
7790,5.8440
7851,35.6067
7791,5.8632
7852,34.7679
7792,5.9385
7853,36.1189
7793,6.1024
7794,5.8337
7854,36.7745
7795,6.0817
7855,35.3674
7856,35.8822
7796,6.0132
7857,34.9217
7797,5.9704
7858,35.0588
7798,5.8534
7859,35.3630
7799,6.0209
7860,35.5045
7800,5.9947
7801,5.7719
7861,36.5522
7862,34.6440
7802,6.1548
7863,36.0638
7803,6.0476
7804,5.9713
7864,36.2899
7865,34.5613
7805,5.8847
7866,35.2658
7806,6.5110
7867,36.1361
7807,6.0512
7868,36.6131
7808,6.1850
7869,36.3368
7809,5.9594
7870,35.8457
7810,6.4233
7871,36.2109
7811,6.1794
7872,35.1679
7812,6.4298
7873,36.5808
7813,6.1756
7874,35.1667
7814,6.1285
7875,36.0700
7815,6.1398
7876,35.4939
7816,5.9792
7877,36.8012
7817,6.3559
7878,35.6934
7818,6.6625
7879,36.3242
7819,6.2051
7880,36.7993
7820,6.5575
7821,6.2860
7881,37.5548
7882,34.6983
7822,6.2810
7883,35.2783
7823,6.1779
7884,35.2772
7824,6.2482
7885,35.6187
7825,6.0475
7826,6.0094
7886,35.8632
7887,34.6727
7827,6.3622
7888,35.5622
7828,6.3399
7889,36.3196
7829,5.9972
7890,35.9500
7830,6.1652
7891,36.0441
7831,6.4548
7892,36.3946
7832,6.1441
7893,35.1176
7833,6.4132
7894,35.5735
7834,6.5357
7835,5.7451
7895,37.4552
7896,34.8024
7836,6.2753
7897,35.3847
7837,6.3847
7898,35.7867
7838,6.4798
7899,35.8099
7839,6.2356
7900,36.0494
7840,6.0528
7901,34.7442
7841,5.9513
7902,35.7776
7842,6.0237
7903,36.4689
7843,6.0074
7904,36.1837
7844,6.0241
7905,35.5793
7845,5.9859
7906,34.7960
7846,6.0738
7907,36.8056
7847,6.2148
7908,36.2846
7848,6.0318
7849,5.9078
7909,36.1014
7910,34.3198
7850,6.1350
7911,36.4061
7851,5.9990
7912,36.3026
7852,5.8577
7913,35.6033
7853,6.0443
7914,35.1208
7854,6.1877
7915,35.9809
7855,6.1761
7916,36.2020
7856,5.9504
7917,35.6373
7857,6.1025
7918,35.1988
7858,5.9713
7919,36.3030
7859,5.9067
7920,35.8691
7860,5.9719
7921,35.0379
7861,5.8715
7922,35.6483
7862,5.9780
7863,5.7935
7923,36.8785
7924,34.3244
7864,6.2794
7925,36.0818
7865,5.8989
7926,35.3343
7866,5.9438
7867,5.7841
7927,36.3286
7928,34.4497
7868,5.9367
7929,36.7923
7869,5.8504
7930,35.5513
7870,5.8484
7931,35.6581
7871,5.8351
7872,5.9812
7932,36.4587
7933,35.2089
7873,5.9633
7934,37.0276
7874,6.1833
7935,36.2832
7875,5.9621
7936,35.6848
7876,6.0896
7937,36.0338
7877,6.1424
7938,36.5151
7878,6.2791
7939,36.1425
7879,6.4610
7940,36.2457
7880,6.2721
7941,34.9376
7881,6.1724
7942,35.9354
7882,6.6382
7943,35.6734
7883,6.4262
7944,35.0930
7884,6.1327
7945,35.5048
7885,6.3730
7946,35.9703
7886,6.5163
7947,36.6856
7887,6.3076
7948,35.7232
7888,6.3554
7949,36.0978
7889,6.4387
7950,36.9876
7890,6.4660
7891,5.8823
7951,37.4456
7952,35.4770
7892,6.4659
7953,35.1684
7893,6.3134
7894,6.1757
7954,36.0948
7955,34.6340
7895,6.1883
7956,35.0590
7896,6.4581
7897,6.3376
7957,36.6075
7958,35.5731
7898,6.0037
7959,35.6582
7899,6.6200
7960,35.4259
7900,6.5848
7901,6.2943
7961,36.6604
7962,35.1545
7902,6.4014
7963,36.0956
7903,6.1186
7964,35.5274
7904,6.1261
7905,5.8693
7965,36.8797
7966,35.7434
7906,6.1008
7967,35.5921
7907,6.3096
7968,36.5525
7908,6.6244
7969,36.0745
7909,6.3811
7910,6.2707
7970,35.9384
7971,35.9842
7911,6.3108
7972,36.1522
7912,5.8835
7973,36.4153
7913,6.0752
7974,34.8068
7914,5.8940
7915,5.9031
7975,36.0257
7976,35.4092
7916,6.0829
7917,5.8932
7977,36.2004
7978,35.8218
7918,6.2617
7979,36.0388
7919,6.4334
7980,35.8332
7920,6.1167
7981,35.3353
7921,6.3109
7982,36.3849
7922,6.3865
7983,35.5740
7923,6.2906
7984,36.1542
7924,5.8597
7985,34.4246
7925,6.2959
7926,6.1866
7986,36.3697
7987,34.3889
7927,6.2405
7928,6.0738
7988,36.8786
7989,35.6995
7929,5.8728
7990,35.9947
7930,6.4147
7991,36.3979
7931,6.2897
7992,36.1554
7932,5.8874
7993,34.4219
7933,6.0565
7994,35.1929
7934,6.4203
7995,35.6023
7935,6.4807
7936,6.2255
7996,35.7678
7997,35.4055
7937,6.3427
7998,36.9123
7938,5.9757
7999,35.7658
7939,6.1787
7940,5.9389
8000,36.1451
8001,35.5305
7941,5.9499
7942,6.1642
8002,36.5868
7943,5.8204
8003,35.4567
8004,35.6194
7944,6.0335
8005,36.0831
7945,6.1415
8006,35.6246
7946,5.9114
7947,5.8093
8007,37.4740
8008,35.4144
7948,6.0024
7949,5.8708
8009,36.1477
8010,35.2630
7950,5.9227
8011,35.7855
7951,5.9829
8012,34.8409
7952,6.0213
8013,35.6694
7953,6.2769
8014,34.6283
7954,5.9202
8015,36.4542
7955,6.3356
7956,6.8896
8016,37.2814
8017,35.5033
7957,6.6227
8018,36.3578
7958,6.8593
8019,34.8188
7959,6.7864
8020,34.7291
7960,6.2927
8021,36.3580
7961,6.7597
8022,35.5975
7962,6.8839
8023,35.3747
7963,6.5876
8024,36.0463
7964,7.1399
8025,36.4414
7965,7.0522
8026,35.2430
7966,6.0254
8027,37.1211
7967,7.1073
8028,36.1093
7968,6.6465
8029,36.3762
7969,6.7537
7970,6.9323
8030,36.4663
8031,34.8697
7971,6.1075
8032,37.7561
7972,7.1821
8033,36.0152
7973,7.1974
8034,36.3648
7974,6.5675
8035,35.9131
7975,7.0647
8036,35.7572
7976,5.9784
8037,36.6921
7977,7.2055
8038,35.6802
7978,6.2939
8039,37.1034
7979,7.0454
8040,35.8095
7980,6.6554
8041,36.3374
7981,7.0253
8042,35.9887
7982,6.5178
7983,7.1313
8043,36.9633
8044,36.0326
7984,6.8593
8045,35.2235
7985,6.9171
8046,35.8349
7986,6.9440
8047,36.6750
7987,6.9613
8048,35.6416
7988,7.0735
8049,36.6520
7989,6.5432
8050,36.4168
7990,6.8714
8051,36.1037
7991,7.2814
8052,35.5473
7992,6.4348
8053,35.4741
7993,6.8375
8054,35.3741
7994,6.7738
8055,34.9749
7995,6.1362
8056,36.8747
7996,6.9633
8057,35.9780
7997,7.2042
8058,35.0117
7998,6.7509
8059,35.5238
7999,7.0487
8060,36.2473
8000,6.0212
8061,36.0711
8001,6.9581
8062,36.7583
8002,7.1979
8063,35.8718
8003,6.3691
8064,36.3594
8004,6.9934
8005,7.0137
8065,35.3081
8066,35.8738
8006,5.9741
8007,5.7551
8067,36.3519
8068,35.0644
8008,6.2176
8009,5.7677
8069,36.6942
8070,35.2460
8010,5.7357
8071,35.4519
8011,5.8296
8012,5.6578
8072,36.5570
8013,5.8586
8073,35.4022
8074,35.4856
8014,6.1805
8015,5.7800
8075,36.3015
8076,35.4269
8016,5.9616
8077,35.7780
8017,5.8351
8078,35.0882
8018,5.8125
8079,35.4878
8019,5.8540
8080,36.5475
8020,5.8364
8081,35.4284
8021,5.9275
8082,35.4456
8022,6.4566
8023,5.7915
8083,35.7824
8084,35.8776
8024,6.1628
8025,5.7940
8085,37.3460
8086,35.8112
8026,6.5058
8087,36.6762
8027,5.9932
8088,35.9447
8028,6.0292
8089,36.5590
8029,6.0030
8030,5.6944
8090,36.1083
8031,5.7334
8091,35.3269
8092,35.3580
8032,5.8211
8093,35.8858
8033,6.1645
8094,36.2726
8034,5.8393
8035,5.8313
8095,41.7322
8036,5.7464
8096,35.4420
8097,34.5624
8037,5.8017
8098,34.9277
8038,5.8923
8099,35.2654
8039,5.7982
8100,34.6423
8040,5.8215
8101,35.9299
8041,6.2283
8042,6.1877
8102,36.0047
8103,35.6791
8043,5.9456
8104,36.4021
8044,6.4652
8105,35.7909
8045,6.4889
8106,36.0231
8046,5.7311
8107,35.8492
8047,5.8271
8048,5.9686
8108,37.8977
8109,35.3635
8049,7.1214
8050,5.9671
8110,38.7956
8051,6.1903
8111,35.7602
8112,35.2724
8052,5.8816
8113,34.7789
8053,6.4989
8114,36.7960
8054,6.0537
8115,35.7589
8055,6.3845
8116,35.3244
8056,6.6230
8117,34.9272
8057,6.1602
8118,35.6686
8058,6.5170
8059,5.8195
8119,35.8286
8120,34.9017
8060,6.4046
8121,36.3031
8061,6.4648
8062,5.8988
8122,36.5607
8123,35.5589
8063,6.5239
8124,35.0756
8064,6.1416
8125,35.3881
8065,6.5545
8066,5.7485
8126,36.8679
8127,35.2659
8067,6.4549
8128,36.5788
8068,5.9872
8129,34.9428
8069,6.4660
8070,5.9384
8130,36.2589
8131,35.7844
8071,6.4252
8072,5.8182
8132,36.0886
8133,35.3832
8073,6.5059
8074,5.8902
8134,35.5020
8135,35.4048
8075,6.6169
8136,36.2622
8076,6.3934
8077,6.2365
8137,37.0458
8138,34.6736
8078,6.1547
8139,35.5051
8079,6.5521
8080,5.8405
8140,36.8484
8141,34.7342
8081,6.6703
8142,36.5281
8082,6.3685
8143,35.0637
8083,6.2640
8144,35.2347
8084,6.6180
8145,35.5462
8085,6.4477
8086,6.1713
8146,36.2987
8147,34.7320
8087,6.5450
8088,5.8307
8148,36.4136
8149,34.3666
8089,6.6899
8150,36.1032
8090,6.1896
8151,35.9466
8091,6.3216
8152,35.5696
8092,6.1973
8093,6.3401
8153,37.8810
8154,36.5214
8094,6.1205
8155,35.3494
8095,5.9668
8156,34.8595
8096,6.6658
8097,5.8469
8157,36.2694
8158,35.0297
8098,6.4693
8099,5.8738
8159,36.8457
8160,35.1818
8100,6.5414
8161,36.1060
8101,6.6103
8102,6.0287
8162,36.1292
8163,35.9341
8103,6.6210
8164,35.5401
8104,6.7440
8165,36.0642
8105,6.4844
8166,35.6735
8106,5.9478
8167,35.3889
8107,6.4276
8168,35.6252
8108,5.9576
8169,35.2549
8109,6.5339
8170,36.9060
8110,5.9668
8171,34.7598
8111,6.7045
8172,36.3102
8112,6.2870
8173,36.2932
8113,6.7318
8174,35.3032
8114,6.2627
8175,38.4773
8115,6.4822
8176,35.9094
8116,6.1227
8177,35.5593
8117,6.6657
8178,36.0039
8118,6.2097
8179,35.3301
8119,6.5660
8180,35.8668
8120,6.1242
8181,35.0716
8121,6.5420
8182,35.7916
8122,6.2424
8183,35.5739
8123,6.7139
8124,5.7821
8184,37.1678
8185,34.0926
8125,6.4881
8186,36.6591
8126,6.0482
8187,35.4593
8127,6.5555
8188,35.3110
8128,5.8340
8189,34.5283
8129,6.5049
8190,34.8448
8130,6.2373
8191,35.9913
8131,5.7760
8132,6.1026
8192,36.7443
8193,35.3266
8133,6.4388
8134,5.6692
8194,36.6845
8195,34.5683
8135,6.0612
8196,36.0266
8136,6.3417
8197,35.4465
8137,6.0639
8198,36.5332
8138,6.1771
8199,36.0764
8139,5.9506
8200,36.5322
8140,6.1907
8201,35.6140
8141,6.0779
8202,36.9276
8142,5.8459
8203,34.8787
8143,6.1286
8204,36.2387
8144,5.8809
8205,34.9501
8145,6.3095
8206,36.3125
8146,6.0168
8207,37.2508
8147,6.2541
8208,35.8103
8148,6.3659
8209,35.8317
8149,6.1301
8210,35.3908
8150,6.1466
8211,35.3844
8151,6.2322
8212,35.9886
8152,6.1494
8213,35.9156
8153,6.1852
8214,36.1454
8154,5.8575
8215,35.5244
8155,5.7253
8216,34.8180
8156,6.4235
8217,36.2567
8157,5.8224
8218,35.8858
8158,5.8722
8219,39.8921
8159,6.2326
8220,35.4417
8160,5.9276
8221,36.7561
8161,6.5279
8222,35.4857
8162,6.4264
8163,5.9847
8223,36.1138
8224,34.8198
8164,6.1602
8225,35.3867
8165,6.3801
8226,35.8214
8166,6.8239
8167,5.6806
8227,37.2043
8168,6.0742
8228,34.9581
8229,35.5295
8169,6.2772
8230,36.7297
8170,6.3001
8231,36.7943
8171,6.3917
8172,6.0291
8232,36.0935
8233,35.5650
8173,6.0147
8234,36.1666
8174,5.8500
8235,35.8325
8175,6.3424
8176,5.8508
8236,37.1226
8237,35.6813
8177,6.7363
8238,36.3282
8178,6.7086
8239,36.7937
8179,6.0336
8240,36.0953
8180,6.6296
8241,35.5364
8181,5.9964
8242,35.9227
8182,6.3752
8183,5.8056
8243,36.4023
8244,35.2000
8184,5.9660
8185,5.7799
8245,36.8414
8246,34.7036
8186,6.0310
8247,36.4805
8187,6.2523
8248,35.9026
8188,5.9702
8249,34.9495
8189,6.0276
8250,36.1229
8190,5.9570
8251,35.6878
8191,6.3514
8252,36.4159
8192,5.7675
8253,34.6769
8193,6.3778
8194,5.7846
8254,35.8417
8255,36.0734
8195,6.3671
8256,36.8169
8196,6.2853
8197,5.8183
8257,36.1813
8258,35.6174
8198,6.0297
8199,5.7609
8259,37.0010
8200,5.7679
8260,35.6695
8261,35.4003
8201,6.2874
8202,5.7449
8262,36.4898
8263,35.5907
8203,5.9726
8264,36.9527
8204,5.8801
8265,34.7994
8205,5.9688
8266,36.0128
8206,6.2648
8207,5.8137
8267,36.8936
8268,34.9836
8208,5.9626
8269,36.1059
8209,5.9490
8270,36.1378
8210,6.1272
8271,35.6934
8211,5.9851
8272,35.6774
8212,6.2767
8273,37.9959
8213,6.2490
8274,36.0150
8214,5.9662
8275,35.2083
8215,6.1070
8276,37.0484
8216,6.2889
8217,5.9461
8277,36.1241
8278,36.0457
8218,6.0672
8279,36.3487
8219,5.9340
8280,34.9391
8220,5.8215
8281,34.8042
8221,5.9053
8282,35.8534
8222,5.8317
8283,34.9034
8223,6.0787
8224,6.0343
8284,37.0655
8225,5.8742
8285,35.0724
8286,34.7495
8226,6.3935
8287,36.6940
8227,5.9373
8288,35.3794
8228,5.8058
8289,35.1154
8229,5.9994
8230,5.7954
8290,39.0477
8291,36.2442
8231,6.4299
8232,5.7501
8292,36.1832
8293,35.0136
8233,5.7530
8294,34.9014
8234,6.3320
8295,36.8118
8235,5.8251
8296,35.7214
8236,5.9488
8297,36.4549
8237,6.2826
8298,35.8507
8238,6.2984
8299,36.2940
8239,5.8783
8300,36.1559
8240,6.2508
8241,5.8553
8301,37.1192
8302,35.0254
8242,6.3212
8243,5.7814
8303,36.5680
8304,35.6501
8244,5.9812
8245,5.7293
8305,36.8688
8306,34.9521
8246,5.9071
8307,35.7453
8247,6.2438
8308,35.2403
8248,6.0820
8249,5.8372
8309,37.4997
8250,5.8748
8310,35.3454
8311,34.7576
8251,6.0138
8252,5.7671
8312,36.8801
8313,35.0772
8253,6.2467
8254,5.7704
8314,36.2421
8315,35.4447
8255,6.3658
8256,5.7977
8316,36.6030
8317,35.4366
8257,6.0176
8258,5.7240
8318,36.5536
8319,34.6996
8259,6.1790
8320,35.1705
8260,6.2218
8321,36.0043
8261,5.7965
8322,35.7310
8262,6.0153
8263,5.8619
8323,36.7096
8324,35.8790
8264,5.9999
8325,35.1033
8265,5.7920
8326,35.6850
8266,5.8903
8267,5.8564
8327,35.7809
8328,34.7500
8268,5.9699
8329,35.9330
8269,5.9572
8330,36.2108
8270,5.9795
8331,36.9171
8271,6.1699
8272,5.7231
8332,36.6748
8333,34.9420
8273,6.2946
8334,36.3612
8274,6.1360
8275,5.8192
8335,36.2602
8336,35.6959
8276,6.2653
8337,35.7257
8277,5.8230
8338,34.4729
8278,6.3489
8279,5.6700
8339,36.5120
8340,34.1617
8280,5.8887
8341,35.9797
8281,6.1326
8342,35.7575
8282,6.2692
8343,36.2108
8283,5.8363
8344,35.0786
8284,6.4971
8285,5.7924
8345,36.1488
8346,34.7882
8286,6.5977
8347,35.3264
8287,5.9487
8288,5.7512
8348,37.5001
8349,35.2324
8289,5.6740
8350,35.2335
8290,5.9054
8351,35.6280
8291,5.8563
8352,34.6959
8292,5.7919
8293,5.8266
8353,38.3736
8354,35.3556
8294,6.2587
8355,36.6254
8295,5.8951
8356,35.7169
8296,5.8130
8357,35.5460
8297,5.8478
8358,36.0663
8298,5.8302
8359,36.4626
8299,5.9437
8360,35.2518
8300,5.8189
8361,35.7938
8301,6.4406
8362,36.1609
8302,5.7948
8363,35.9974
8303,5.9651
8364,35.0932
8304,5.9299
8365,35.4186
8305,6.3061
8366,34.7837
8306,6.0511
8367,35.8443
8307,5.8253
8308,5.7353
8368,37.0565
8369,35.2188
8309,6.3717
8370,35.1631
8310,5.7889
8311,5.7719
8371,36.4939
8372,35.4644
8312,6.3476
8313,5.7628
8373,37.3385
8374,35.3830
8314,6.6335
8375,36.5668
8315,6.2721
8376,36.0904
8316,6.4221
8377,35.1545
8317,6.3037
8378,36.3916
8318,6.4772
8319,6.1083
8379,37.0472
8380,35.2538
8320,5.7760
8381,36.1940
8321,6.2752
8382,34.9233
8322,6.1256
8383,34.9398
8323,5.8182
8384,35.5766
8324,5.8445
8385,36.4763
8325,5.9991
8386,35.2014
8326,5.7626
8387,35.8698
8327,5.8675
8388,35.2792
8328,5.7581
8389,35.4306
8329,5.8080
8390,35.7752
8330,5.9437
8391,35.9864
8331,5.8250
8392,35.9011
8332,5.8131
8393,34.8108
8333,5.8200
8394,37.2578
8334,6.4051
8395,35.5042
8335,6.1371
8396,35.9072
8336,6.2112
8397,36.6227
8337,5.7011
8398,35.4480
8338,5.8061
8399,35.5719
8339,5.7959
8400,35.9501
8340,5.9057
8401,34.7811
8341,5.9257
8342,6.0928
8402,35.6214
8403,35.5760
8343,6.1394
8404,36.1391
8344,5.9451
8405,36.1837
8345,6.2603
8406,34.7111
8346,6.1681
8407,36.2122
8347,5.7521
8408,35.1753
8348,5.8400
8409,35.9931
8349,5.9025
8410,37.2234
8350,6.2272
8411,35.1626
8351,6.3577
8352,6.0902
8412,37.5517
8353,5.9270
8413,35.8093
8414,35.2819
8354,6.2860
8415,36.9133
8355,6.4931
8356,5.6681
8416,37.0592
8417,34.7730
8357,5.8230
8358,5.7597
8418,36.0491
8419,35.5516
8359,5.9739
8360,5.7436
8420,36.7519
8421,34.6268
8361,6.0051
8422,35.9547
8362,5.8244
8423,34.7975
8363,6.1698
8424,34.7961
8364,5.8337
8425,35.9988
8365,5.9541
8426,35.5266
8366,6.3564
8427,35.1190
8367,6.1814
8428,35.5745
8368,6.3105
8369,5.7510
8429,36.7953
8430,35.7602
8370,6.2463
8371,5.7405
8431,36.9000
8432,35.6511
8372,5.8023
8433,35.5165
8373,5.9479
8434,35.4300
8374,5.6821
8435,35.0860
8375,5.8511
8436,34.9266
8376,5.9799
8437,36.2553
8377,6.4086
8438,35.6587
8378,6.1378
8439,36.6159
8379,5.7709
8440,35.1025
8380,6.0521
8441,36.1298
8381,5.8586
8442,36.4436
8382,5.6969
8443,34.8971
8383,6.3606
8444,34.8643
8384,5.9477
8445,35.4589
8385,5.9750
8446,35.7443
8386,6.1957
8387,6.1886
8447,36.3581
8448,34.7638
8388,6.0986
8449,34.9604
8389,5.9860
8450,35.4152
8390,6.2601
8451,36.5589
8391,5.9429
8452,35.5720
8392,6.3982
8453,36.4350
8393,6.0334
8454,36.1233
8394,6.3368
8395,5.9815
8455,36.4272
8456,34.9728
8396,6.5267
8397,5.7386
8457,36.4945
8458,34.7394
8398,6.2983
8459,36.0573
8399,6.2306
8460,37.7820
8400,5.9129
8461,34.9178
8401,6.2821
8462,36.8135
8402,6.1644
8403,6.1199
8463,36.7905
8404,5.9576
8464,36.1339
8465,34.7527
8405,6.3483
8466,36.2265
8406,6.0473
8467,35.7329
8407,5.7405
8468,35.8923
8408,5.9690
8469,36.4413
8409,6.3465
8470,35.9970
8410,6.0278
8471,35.7377
8411,6.3726
8472,36.1350
8412,6.1474
8473,35.8858
8413,6.3251
8474,36.5969
8414,5.9326
8475,34.8746
8415,6.0506
8476,35.4018
8416,6.3809
8417,6.0856
8477,36.7801
8418,6.0045
8478,35.7244
8479,35.6764
8419,6.2016
8420,5.8711
8480,36.5171
8481,34.1607
8421,5.8108
8482,35.2266
8422,6.2911
8483,35.1045
8423,6.2656
8484,37.4468
8424,6.3134
8425,5.8219
8485,36.8751
8426,5.8279
8486,35.6440
8487,36.0955
8427,6.2371
8428,5.8691
8488,35.7523
8489,35.7087
8429,6.0047
8430,5.8192
8490,36.5854
8491,35.3040
8431,6.5827
8492,35.8658
8432,6.0165
8493,38.6076
8433,6.1205
8434,5.9766
8494,35.5805
8495,36.0191
8435,6.3219
8496,35.9331
8436,5.7308
8497,34.7866
8437,6.1228
8498,36.0094
8438,5.8529
8499,35.6849
8439,6.1290
8440,5.7716
8500,36.1562
8501,34.2562
8441,6.0960
8502,36.5887
8442,6.2621
8503,34.8793
8443,5.9107
8504,34.4544
8444,6.2734
8505,36.2508
8445,5.6864
8506,35.7472
8446,5.8701
8507,36.5824
8447,5.9726
8508,35.7103
8448,6.1113
8509,34.6774
8449,6.1687
8510,35.7111
8450,6.0180
8511,36.9864
8451,5.8484
8512,35.7675
8452,6.2812
8513,35.4958
8453,5.9105
8454,6.0884
8514,35.9757
8515,35.5885
8455,6.3657
8516,35.7787
8456,5.9521
8517,35.1071
8457,5.8709
8518,35.8625
8458,5.7271
8459,5.7316
8519,36.9202
8520,35.9208
8460,6.2603
8521,35.7926
8461,6.3967
8522,35.7590
8462,6.2751
8523,35.6029
8463,6.0193
8524,36.6670
8464,6.2036
8465,5.9606
8525,36.3197
8526,34.2477
8466,6.1725
8527,36.1371
8467,6.5435
8528,36.3594
8468,6.3052
8529,35.5118
8469,5.7998
8530,35.1197
8470,6.2602
8531,36.5845
8471,6.4149
8532,36.1291
8472,6.5027
8533,35.9690
8473,5.9377
8534,36.3011
8474,6.1868
8475,6.2469
8535,35.8189
8536,35.4096
8476,5.9569
8537,35.4038
8477,6.3032
8538,35.7895
8478,6.3150
8539,36.4737
8479,5.9307
8540,34.8658
8480,6.3101
8541,35.9551
8481,5.9714
8542,35.7672
8482,6.2151
8483,5.6965
8543,37.3809
8544,34.9283
8484,5.8373
8485,5.7406
8545,36.4361
8546,35.8091
8486,6.1712
8547,35.4498
8487,6.0965
8488,6.1077
8548,36.8967
8549,35.4829
8489,5.8591
8550,37.1455
8490,5.8140
8551,35.0296
8491,5.9948
8552,35.8493
8492,6.0649
8493,5.7967
8553,36.8568
8554,35.2682
8494,5.9313
8555,36.1174
8495,6.3093
8556,35.9302
8496,5.9486
8557,35.6640
8497,6.1825
8498,5.7725
8558,36.1556
8559,34.6828
8499,6.0801
8560,36.3948
8500,6.3171
8501,5.7551
8561,36.6280
8562,35.3108
8502,6.1159
8503,5.9041
8563,36.8131
8564,35.5593
8504,6.1271
8565,35.8271
8505,6.3882
8566,36.7142
8506,6.0882
8567,36.1541
8507,5.9536
8568,36.4155
8508,5.9830
8569,35.2480
8509,6.1492
8570,35.2128
8510,5.9448
8571,35.2679
8511,6.1969
8572,35.1016
8512,6.3131
8573,35.8786
8513,5.8825
8574,36.2213
8514,5.7374
8575,35.4416
8515,6.1687
8516,6.2853
8576,36.6098
8577,35.3321
8517,6.0817
8518,6.2535
8578,36.8906
8579,34.7280
8519,6.2433
8520,5.9728
8580,36.1039
8521,6.2475
8581,35.9744
8582,35.8328
8522,6.1017
8583,35.2776
8523,6.0141
8584,36.6066
8524,6.1718
8525,6.3053
8585,35.7844
8586,34.8324
8526,6.4842
8587,36.5220
8527,6.0499
8588,36.4248
8528,5.8636
8589,34.8082
8529,6.1521
8590,35.4710
8530,6.1534
8591,35.2322
8531,6.3445
8592,36.3863
8532,6.2732
8533,5.8461
8593,36.3383
8594,35.5456
8534,5.7979
8595,35.5671
8535,5.8036
8596,34.9865
8536,6.1195
8597,36.1459
8537,5.9985
8598,34.9709
8538,6.3371
8599,37.3062
8539,6.0698
8540,6.2340
8600,36.6109
8601,34.8778
8541,5.9455
8602,34.7823
8542,5.9917
8603,36.2883
8543,6.2667
8544,5.7583
8604,35.1358
8605,34.6132
8545,6.0366
8606,35.4848
8546,5.8658
8607,36.9163
8547,5.9401
8608,35.4729
8548,5.7679
8609,35.5714
8549,6.0158
8610,35.3290
8550,5.9998
8551,5.7632
8611,36.0836
8612,34.6134
8552,5.9776
8613,35.5619
8553,5.9835
8614,36.4356
8554,5.8531
8615,36.6073
8555,6.0808
8616,35.0745
8556,6.0578
8617,35.7768
8557,6.2200
8618,36.1645
8558,6.2822
8619,36.0631
8559,6.3644
8620,35.7829
8560,6.1409
8621,36.2200
8561,6.1860
8622,36.1276
8562,6.4798
8563,6.1136
8623,36.3108
8624,35.6479
8564,6.1523
8625,35.1342
8565,6.3822
8566,6.0073
8626,36.1855
8627,34.4194
8567,5.9464
8628,35.3908
8568,6.2893
8629,34.7648
8569,6.0956
8630,35.6121
8570,6.0308
8631,36.0375
8571,6.3941
8632,36.5933
8572,6.5639
8633,36.6490
8573,6.2128
8634,35.7773
8574,6.2007
8635,35.0995
8575,6.1678
8576,6.1432
8636,34.7676
8637,35.4827
8577,6.1193
8578,5.9041
8638,35.5655
8639,34.5918
8579,6.2747
8640,35.2241
8580,5.8500
8641,35.6260
8581,5.8944
8642,36.1041
8582,6.0187
8643,36.0696
8583,5.7988
8644,36.0295
8584,5.8646
8645,35.4283
8585,5.9656
8646,35.9115
8586,5.8479
8647,34.6543
8587,5.9839
8648,36.9125
8588,5.9290
8649,35.9622
8589,5.7513
8650,36.5240
8590,6.1884
8651,35.3710
8591,6.0178
8652,36.1510
8592,6.0782
8653,35.7580
8593,5.8425
8654,35.5145
8594,5.6974
8655,36.4784
8595,5.9903
8656,36.4001
8596,6.2014
8597,6.1053
8657,36.2532
8658,35.7223
8598,6.3400
8599,6.1535
8659,36.5239
8660,36.2878
8600,6.1151
8661,35.3216
8601,6.2369
8662,36.0118
8602,6.1683
8663,36.3908
8603,6.2814
8604,5.9602
8664,35.9832
8665,36.2115
8605,5.9136
8666,35.1183
8606,6.1962
8667,36.7764
8607,5.9823
8668,35.6943
8608,6.4867
8669,35.6412
8609,6.0275
8670,35.7959
8610,6.4004
8671,34.8398
8611,6.2142
8672,36.5846
8612,6.3575
8613,6.0567
8673,36.0846
8674,35.2743
8614,5.8629
8675,35.0506
8615,6.2586
8676,36.1014
8616,5.8754
8677,35.6892
8617,6.0146
8678,35.4494
8618,6.2029
8679,35.7046
8619,6.2353
8680,36.1170
8620,5.9384
8681,34.5949
8621,5.8783
8682,35.7068
8622,5.9362
8623,5.7804
8683,35.7838
8684,34.7962
8624,6.3442
8685,36.1360
8625,6.2645
8626,6.0658
8686,36.4366
8687,34.4144
8627,5.8755
8688,35.6115
8628,6.3146
8689,35.8906
8629,5.8841
8690,35.5621
8630,5.8769
8691,36.6382
8631,5.9933
8632,5.7749
8692,38.1069
8633,5.7152
8693,35.8970
8694,34.5254
8634,5.9541
8695,35.2359
8635,5.7471
8696,35.8850
8636,5.9700
8697,35.3125
8637,5.7112
8698,35.1507
8638,5.9763
8699,35.6785
8639,5.9093
8700,36.4466
8640,6.0018
8701,37.0803
8641,5.8498
8702,35.5383
8642,6.4785
8703,35.9592
8643,5.7941
8644,5.7270
8704,36.4957
8705,35.5031
8645,5.9261
8646,5.9028
8706,35.3013
8707,35.2123
8647,5.9305
8708,35.4496
8648,5.7241
8709,35.9409
8649,6.2285
8710,35.6317
8650,6.2281
8711,35.4462
8651,6.2888
8652,6.0030
8712,35.8526
8713,34.5871
8653,6.3496
8714,35.8281
8654,6.0546
8715,34.2824
8655,5.9454
8716,35.5923
8656,6.0747
8717,36.3187
8657,6.1910
8718,34.9386
8658,6.3213
8659,6.2118
8719,36.7373
8720,35.5214
8660,6.2809
8721,36.7784
8661,6.3021
8722,36.1403
8662,6.0414
8723,35.3956
8663,6.3756
8724,35.4043
8664,6.0228
8725,36.5251
8665,6.4574
8726,35.2403
8666,6.3061
8667,5.9986
8727,36.3703
8728,35.2631
8668,6.4139
8729,35.9801
8669,6.1305
8730,35.5478
8670,6.3457
8671,6.1372
8731,36.6672
8732,35.4254
8672,6.2195
8733,34.9298
8673,5.9309
8734,34.9688
8674,6.1656
8735,35.5642
8675,5.9358
8736,35.3000
8676,6.5649
8677,6.1505
8737,36.0443
8738,34.6144
8678,5.7325
8739,35.9000
8679,5.9801
8740,34.2164
8680,6.2048
8741,36.4136
8681,6.5855
8742,36.7872
8682,6.0998
8743,34.7716
8683,6.1113
8744,35.9453
8684,6.3821
8745,36.4487
8685,5.9571
8746,34.8064
8686,6.3546
8747,35.9083
8687,6.3108
8748,34.6605
8688,5.9351
8749,35.2444
8689,6.1678
8750,35.8726
8690,6.2260
8751,35.7521
8691,6.3992
8752,36.2668
8692,6.1615
8693,5.8103
8753,37.3206
8754,34.7748
8694,6.2974
8755,35.2141
8695,5.8584
8756,35.0527
8696,6.3049
8757,35.8443
8697,6.4317
8698,6.0839
8758,37.1624
8759,34.3212
8699,6.1074
8700,5.9344
8760,36.2477
8761,34.7609
8701,6.4593
8762,35.3179
8702,6.0026
8763,35.4998
8703,6.2935
8764,35.4944
8704,6.2799
8765,34.7449
8705,6.0949
8766,35.6269
8706,6.2899
8767,35.0442
8707,6.2376
8768,35.8842
8708,6.1911
8769,36.7628
8709,6.3191
8770,37.1082
8710,5.7646
8771,34.6637
8711,6.0809
8772,35.3112
8712,6.4895
8773,35.5339
8713,6.1368
8774,36.0057
8714,6.4504
8715,5.7865
8775,35.9220
8776,34.7252
8716,5.9984
8777,36.2182
8717,6.1879
8778,35.9048
8718,6.0936
8779,36.1330
8719,6.4449
8780,34.7094
8720,6.0338
8781,36.3677
8721,5.9972
8782,35.3283
8722,6.0492
8723,5.8138
8783,36.4402
8784,34.4759
8724,5.8589
8785,36.9225
8725,6.5290
8726,6.3126
8786,36.0178
8787,34.9875
8727,6.1928
8788,34.9200
8728,6.5848
8789,36.2072
8729,5.9137
8790,34.8164
8730,5.9817
8791,35.7433
8731,6.2569
8792,36.3831
8732,6.3272
8733,6.1602
8793,36.3995
8794,35.5588
8734,6.0966
8735,5.9480
8795,36.0751
8796,35.2844
8736,6.2440
8797,35.8829
8737,6.1819
8798,35.0474
8738,6.4824
8799,36.1429
8739,6.0509
8800,36.9030
8740,5.8195
8801,34.6508
8741,6.0353
8802,35.5100
8742,6.3962
8743,5.9151
8803,36.1766
8804,34.9497
8744,5.7288
8805,35.4610
8745,5.9802
8806,34.3370
8746,6.4074
8807,35.7990
8747,6.3790
8748,6.1644
8808,36.6354
8809,35.4533
8749,6.0531
8750,6.1743
8810,36.3291
8751,6.1993
8811,34.7322
8812,35.3908
8752,6.2498
8813,35.4513
8753,6.4094
8814,35.8505
8754,6.2231
8815,35.8193
8755,6.2658
8816,36.5438
8756,6.1936
8817,36.6829
8757,6.3628
8758,5.6973
8818,36.2197
8819,34.3767
8759,6.2099
8820,36.8808
8760,6.2079
8761,6.1108
8821,35.5387
8822,35.9609
8762,6.5328
8823,36.2396
8763,6.2416
8824,35.8588
8764,5.8676
8825,36.3346
8765,5.8165
8826,34.3501
8766,6.0536
8827,36.2226
8767,6.1225
8768,5.7658
8828,36.0138
8829,35.3718
8769,6.3262
8830,35.1731
8770,6.4422
8771,6.2769
8831,36.3701
8832,34.2521
8772,6.0360
8833,35.9174
8773,6.1634
8834,35.4634
8774,5.8135
8835,35.9946
8775,5.7927
8836,35.6859
8776,6.2914
8837,36.9927
8777,5.8319
8838,36.1295
8778,5.8841
8839,37.0892
8779,5.8433
8840,35.5222
8780,6.3716
8841,36.1690
8781,6.0089
8842,35.5254
8782,6.5549
8783,5.7052
8843,36.3285
8844,35.2848
8784,5.7775
8845,35.4309
8785,6.0145
8786,6.1712
8846,37.1358
8847,35.4633
8787,6.3896
8848,35.0812
8788,5.7992
8789,5.9886
8849,36.1644
8850,35.3182
8790,5.9670
8851,36.3085
8791,6.0714
8852,36.0771
8792,6.1819
8853,35.2329
8793,5.8353
8854,36.3552
8794,5.9553
8795,5.8946
8855,35.7929
8856,35.8000
8796,5.9289
8857,35.6376
8797,6.0926
8858,35.5182
8798,5.9660
8859,36.5315
8799,5.8873
8860,35.3083
8800,5.8406
8861,35.6519
8801,5.8284
8862,35.6169
8802,5.7971
8863,34.7586
8803,6.0264
8804,5.7430
8864,35.7903
8865,35.1723
8805,5.8235
8866,36.3830
8806,5.8003
8867,35.7204
8807,5.7467
8868,35.4819
8808,5.8482
8869,34.5469
8809,5.8287
8810,5.7147
8870,36.4856
8871,35.7965
8811,5.9124
8872,35.4345
8812,5.9696
8873,36.1987
8813,5.7866
8874,35.7657
8814,5.7612
8815,5.6382
8875,36.8357
8876,35.3205
8816,5.7764
8877,35.4745
8817,5.7629
8878,34.6656
8818,5.9304
8879,35.9051
8819,5.7306
8820,5.7296
8880,36.1089
8881,34.2879
8821,6.0345
8882,36.1936
8822,5.8192
8823,5.5932
8883,37.1599
8884,34.9528
8824,6.2899
8885,35.1940
8825,6.3080
8826,5.6701
8886,35.8899
8887,35.5990
8827,6.0432
8888,35.1798
8828,6.0557
8889,36.2735
8829,5.8498
8890,36.0782
8830,5.8571
8831,5.6607
8891,35.9818
8892,34.4390
8832,6.2631
8893,35.1239
8833,5.8877
8894,35.6191
8834,5.8144
8835,5.7238
8895,36.3641
8896,34.6613
8836,5.9796
8897,35.3172
8837,5.8369
8898,36.1965
8838,6.0507
8899,35.3760
8839,5.9455
8840,5.7907
8900,36.7158
8841,5.6945
8901,35.6816
8902,34.0931
8842,5.8379
8843,5.7370
8903,36.4302
8904,35.1542
8844,5.7759
8905,34.6949
8845,5.8876
8906,36.3542
8846,5.8362
8907,36.5116
8847,5.7520
8848,5.6879
8908,36.0918
8909,34.8266
8849,5.7759
8910,34.4158
8850,5.9192
8851,5.7354
8911,37.2684
8852,5.8649
8912,35.4823
8913,35.4394
8853,6.0310
8914,35.9487
8854,6.4204
8915,36.1350
8855,6.0167
8856,5.7111
8916,36.3975
8857,5.7006
8917,36.1772
8918,34.4236
8858,5.8226
8859,5.8367
8919,36.1943
8920,35.7870
8860,5.7982
8921,36.0871
8861,5.8522
8922,35.0851
8862,5.7684
8923,36.4147
8863,5.9159
8864,5.8536
8924,35.8341
8925,35.9144
8865,5.8347
8866,5.9245
8926,35.6889
8927,35.3869
8867,6.0747
8928,37.0188
8868,5.9031
8929,35.5462
8869,5.8490
8930,35.1233
8870,5.9201
8931,36.2745
8871,5.9048
8932,36.5580
8872,6.0115
8873,5.7404
8933,35.9945
8874,5.7408
8934,35.6588
8935,34.2507
8875,6.3176
8936,35.1561
8876,5.9395
8937,35.4543
8877,6.0246
8938,35.3049
8878,6.1469
8939,37.1819
8879,5.9410
8880,5.7374
8940,36.3353
8881,5.7469
8941,34.8153
8882,5.7059
8942,35.4563
8943,34.7328
8883,6.1758
8944,34.8147
8884,5.7468
8945,35.2535
8885,5.9672
8946,35.5120
8886,5.9412
8887,5.7888
8947,37.2922
8888,5.8113
8948,36.4621
8949,35.4430
8889,6.3124
8950,35.6776
8890,6.8437
8951,35.2684
8891,8.7409
8952,36.1096
8892,8.4945
8953,37.2183
8893,7.1942
8954,35.4826
8894,8.4794
8895,7.0571
8955,36.8083
8956,35.3583
8896,8.1997
8957,36.8244
8897,7.9712
8958,36.0878
8898,7.0170
8959,35.7749
8899,8.0668
8960,36.4090
8900,7.2203
8961,36.5957
8901,7.2058
8902,6.9858
8962,36.6295
8963,35.3115
8903,7.9900
8904,7.0506
8964,36.8608
8965,34.7382
8905,7.1649
8966,36.7557
8906,7.2394
8967,36.6674
8907,7.0058
8968,35.4281
8908,7.1892
8969,36.4451
8909,7.2018
8970,36.3205
8910,7.8885
8971,36.7579
8911,7.1114
8972,36.3816
8912,7.1669
8973,35.9176
8913,7.9225
8914,8.0308
8974,37.8303
8975,35.6771
8915,8.1984
8916,8.1516
8976,37.0340
8977,35.3128
8917,8.0103
8978,36.2099
8918,8.0542
8979,35.8980
8919,8.0357
8920,8.0520
8980,36.9237
8981,35.6301
8921,7.9930
8982,37.3733
8922,8.1195
8983,36.0450
8923,8.1110
8984,35.7295
8924,9.5159
8985,37.9335
8925,7.9934
8986,36.3228
8926,8.1095
8987,36.1291
8927,8.0454
8928,7.8963
8988,36.8860
8989,35.1659
8929,8.0708
8990,35.8318
8930,8.2606
8991,37.1821
8931,8.0928
8992,36.6899
8932,8.1162
8993,36.3688
8933,7.9772
8994,37.9502
8934,8.2273
8995,36.3239
8935,8.2027
8996,35.5565
8936,9.3415
8997,36.7908
8937,7.9999
8998,35.9810
8938,8.0660
8999,36.7629
8939,9.3336
9000,37.4723
8940,8.2686
9001,35.5166
8941,8.0098
9002,36.5012
8942,8.0592
9003,35.3469
8943,8.2353
9004,36.8483
8944,8.0684
9005,36.2675
8945,7.8032
9006,36.6574
8946,7.9636
9007,36.0133
8947,7.9590
8948,8.0501
9008,36.3364
9009,35.5251
8949,8.0888
8950,8.1496
9010,36.1311
9011,35.6539
8951,8.2005
8952,7.9549
9012,36.8944
9013,35.3502
8953,7.9079
8954,8.1053
9014,37.0671
9015,35.6851
8955,8.0029
9016,35.9109
8956,8.0519
9017,36.6500
8957,7.8794
9018,36.7219
8958,8.2794
9019,36.2586
8959,7.9468
8960,7.9868
9020,37.2222
9021,35.6804
8961,7.9652
9022,36.3969
8962,8.0242
9023,35.9407
8963,8.1758
8964,7.9561
9024,36.7637
9025,35.3523
8965,7.9476
9026,36.7692
8966,9.0737
8967,7.7454
9027,37.2145
8968,7.9057
9028,35.7418
9029,35.8313
8969,8.3441
8970,7.8929
9030,37.2462
9031,35.9935
8971,7.9063
9032,36.7625
8972,8.1123
8973,7.9448
9033,36.6271
9034,35.7244
8974,8.1681
9035,36.1165
8975,7.9054
8976,7.8195
9036,37.1793
9037,37.0454
8977,7.9351
9038,36.3576
8978,8.0649
8979,7.8880
9039,37.2574
9040,35.6935
8980,7.9903
9041,35.4819
8981,7.8589
9042,35.2127
8982,8.0629
9043,35.5049
8983,8.2051
9044,36.7344
8984,7.9900
9045,35.5415
8985,8.0549
9046,36.2921
8986,7.8458
9047,35.1465
8987,7.8622
9048,36.4315
8988,8.0473
9049,36.6868
8989,7.7724
9050,36.2864
8990,7.7526
9051,36.2192
8991,9.1683
8992,8.0479
9052,38.0873
9053,36.6686
8993,8.0028
8994,7.9245
9054,36.7528
9055,35.7417
8995,7.7733
9056,36.0283
8996,8.1351
9057,36.3294
8997,7.8055
8998,8.0113
9058,36.7104
9059,35.6737
8999,7.8608
9000,7.9204
9060,36.2964
9061,35.5358
9001,9.5050
9002,7.8173
9062,37.5742
9063,35.7074
9003,9.2052
9064,37.2168
9004,7.8867
9065,35.7100
9005,7.8331
9066,35.9668
9006,8.0012
9067,36.3626
9007,7.8408
9068,35.9033
9008,7.9210
9069,36.7985
9009,7.8845
9010,7.8188
9070,36.7800
9071,35.6702
9011,8.1070
9072,36.8398
9012,7.8118
9073,35.8553
9013,7.9606
9014,7.9131
9074,37.1397
9075,35.5646
9015,8.1575
9076,36.6660
9016,7.9780
9077,36.3471
9017,7.8721
9078,35.9180
9018,8.1422
9079,36.9672
9019,7.8533
9080,35.2659
9020,7.8709
9081,36.1794
9021,8.0653
9082,36.5757
9022,8.0279
9083,36.0894
9023,8.0011
9084,36.2681
9024,9.2914
9025,7.9221
9085,37.9579
9026,7.8889
9086,36.1544
9087,35.0163
9027,7.9983
9028,7.8979
9088,36.6293
9089,35.4458
9029,7.8333
9090,35.8914
9030,7.7863
9091,37.5088
9031,8.0644
9092,35.5353
9032,8.0433
9093,37.0663
9033,8.0301
9094,35.4721
9034,8.1015
9095,36.7930
9035,7.8557
9096,35.5377
9036,8.1642
9097,36.6782
9037,8.1233
9098,36.8476
9038,7.9147
9099,35.0731
9039,7.7879
9100,37.2730
9040,8.0291
9101,35.2722
9041,8.1660
9102,36.7400
9042,7.8267
9103,36.1980
9043,7.8823
9104,36.0660
9044,7.9670
9105,36.0562
9045,8.1104
9106,36.7422
9046,7.9523
9107,36.0158
9047,8.0352
9108,35.5767
9048,7.8956
9109,36.9987
9049,8.0502
9110,36.2202
9050,7.9462
9111,36.1886
9051,7.9610
9112,36.3459
9052,7.9763
9113,35.8452
9053,8.1303
9054,7.9650
9114,37.2969
9115,35.8533
9055,7.7506
9116,37.3344
9056,9.0260
9057,7.9089
9117,37.2765
9118,35.6979
9058,8.0171
9059,7.8089
9119,37.0941
9120,35.2909
9060,7.7831
9121,36.9723
9061,8.0573
9062,7.8627
9122,36.4944
9123,34.5977
9063,7.9671
9124,36.6174
9064,8.9911
9125,37.2384
9065,8.0862
9126,35.7209
9066,7.9718
9127,37.0359
9067,7.8030
9128,35.8821
9068,8.1051
9069,7.8803
9129,36.6748
9130,36.0033
9070,7.8770
9131,36.6679
9071,7.8925
9132,36.6978
9072,7.8610
9133,37.3391
9073,7.7965
9134,35.8496
9074,8.0170
9135,36.6184
9075,7.7862
9136,35.8107
9076,7.8652
9137,36.3283
9077,7.9493
9078,7.7492
9138,36.4286
9139,35.4593
9079,7.8424
9140,36.4085
9080,7.6688
9141,36.6284
9081,7.8215
9142,35.6975
9082,7.8816
9083,9.0477
9143,37.4310
9144,36.2991
9084,9.1143
9145,37.2833
9085,8.2044
9146,35.8972
9086,7.8489
9147,35.9752
9087,8.0839
9148,36.7174
9088,7.8905
9149,35.7572
9089,9.1924
9090,7.6102
9150,37.3049
9091,7.8824
9151,35.8752
9152,35.9448
9092,8.0173
9093,7.8231
9153,36.5874
9154,35.0680
9094,9.1745
9095,7.9121
9155,37.5894
9156,35.5780
9096,7.8802
9157,35.6867
9097,8.1128
9158,37.0459
9098,7.7321
9159,35.8526
9099,7.9975
9160,36.7859
9100,7.8840
9161,36.1711
9101,7.8304
9162,35.9373
9102,7.8439
9163,37.5691
9103,8.0392
9164,35.8687
9104,7.8828
9165,36.4372
9105,8.0586
9166,36.7256
9106,7.8533
9167,35.8969
9107,8.1468
9168,36.4958
9108,7.7455
9169,36.5434
9109,9.0472
9110,8.1228
9170,37.2622
9171,35.4999
9111,7.9363
9172,37.3784
9112,7.8156
9173,36.2569
9113,8.1283
9174,36.6447
9114,7.9168
9175,35.1032
9115,7.8994
9176,35.6373
9116,8.0470
9177,36.5589
9117,7.9666
9178,35.6234
9118,7.8101
9179,36.9692
9119,7.8746
9180,36.3558
9120,7.9521
9121,7.7432
9181,41.2606
9182,34.9568
9122,8.0033
9183,36.8278
9123,7.8911
9184,35.4817
9124,7.7972
9185,35.8931
9125,9.1955
9186,37.8930
9126,7.9303
9187,35.4851
9127,7.8250
9188,35.9171
9128,7.8911
9129,7.7465
9189,37.2229
9190,35.6698
9130,7.9143
9191,36.3577
9131,7.8003
9192,36.1179
9132,7.9728
9193,36.4261
9133,8.0279
9194,36.5437
9134,9.0506
9195,37.0869
9135,7.8203
9196,34.7423
9136,7.8345
9197,36.6357
9137,7.7198
9198,36.6037
9138,7.8761
9199,35.9352
9139,7.7792
9200,36.0640
9140,7.8176
9201,36.3175
9141,7.6602
9202,36.9595
9142,8.9567
9203,37.7097
9143,8.0718
9204,36.0125
9144,8.1445
9205,36.2780
9145,8.0068
9206,37.2650
9146,7.6792
9207,36.0098
9147,7.7517
9208,37.1320
9148,7.9161
9209,35.7988
9149,7.7272
9210,36.8333
9150,7.8593
9211,35.4312
9151,7.9593
9212,36.4441
9152,7.9046
9213,36.8258
9153,7.8963
9214,36.4310
9154,7.9411
9215,35.7836
9155,7.9340
9216,36.5640
9156,7.8929
9217,36.1100
9157,7.9544
9218,36.0470
9158,8.0000
9219,36.8795
9159,7.8082
9220,36.0190
9160,7.7749
9221,36.9925
9161,7.7059
9222,35.9486
9162,7.9179
9223,36.3972
9163,7.8119
9224,35.7945
9164,7.8120
9225,36.9692
9165,7.7324
9226,35.8093
9166,7.4947
9227,35.3301
9167,7.4040
9228,36.7745
9168,7.7869
9229,36.9424
9169,7.5897
9230,36.3697
9170,7.8683
9231,35.9572
9171,7.4850
9232,36.2517
9172,7.5118
9233,35.0552
9173,7.8697
9234,36.3137
9174,8.8312
9235,37.5460
9175,8.0187
9236,35.7751
9176,7.5638
9237,35.0202
9177,7.8061
9238,36.9168
9178,7.8083
9239,35.2749
9179,7.8051
9180,7.5655
9240,37.5558
9241,35.4612
9181,7.5957
9242,36.9019
9182,7.6014
9243,36.4995
9183,7.6968
9244,36.9741
9184,7.7216
9245,35.9500
9185,7.5795
9246,36.8382
9186,8.9376
9187,7.5598
9247,36.8190
9248,35.6797
9188,7.6605
9249,36.3371
9189,7.7140
9250,35.8101
9190,7.6926
9251,36.3498
9191,7.7052
9252,37.6117
9192,8.7310
9253,37.0849
9193,7.7212
9254,36.2711
9194,7.5663
9255,36.3470
9195,7.6946
9256,35.7645
9196,7.8204
9257,36.7319
9197,7.6147
9258,36.4078
9198,7.4195
9259,36.6701
9199,7.5092
9260,36.2604
9200,7.6457
9261,36.1374
9201,7.6560
9262,36.1743
9202,7.4337
9203,7.5915
9263,37.4260
9264,35.6095
9204,7.7684
9265,36.7609
9205,7.4986
9266,36.4628
9206,7.4552
9267,36.2728
9207,7.6908
9268,35.9184
9208,7.5254
9269,37.1446
9209,7.5418
9270,36.0978
9210,7.7793
9271,37.0038
9211,7.5277
9272,35.8431
9212,8.6600
9213,7.6661
9273,36.9698
9274,36.2165
9214,7.4292
9215,7.5982
9275,36.9742
9276,35.5287
9216,7.7324
9277,36.1288
9217,7.6267
9278,36.1556
9218,7.4482
9279,36.7739
9219,7.6924
9280,36.5461
9220,7.4591
9281,36.4570
9221,7.5639
9282,36.9351
9222,7.7691
9283,36.2216
9223,7.5266
9284,36.1972
9224,7.7409
9285,36.4109
9225,7.4271
9286,36.2928
9226,7.5329
9287,36.5139
9227,7.6674
9288,36.3315
9228,7.6120
9289,35.5014
9229,7.4289
9290,36.4016
9230,7.6544
9231,7.5670
9291,36.5650
9292,35.6270
9232,7.6442
9233,7.3433
9293,36.9125
9294,35.3228
9234,7.5753
9295,37.5496
9235,7.5513
9296,35.6801
9236,7.7546
9297,36.8277
9237,7.5196
9298,36.0743
9238,7.3414
9299,36.4083
9239,7.6803
9300,37.1828
9240,7.6677
9301,36.8359
9241,7.7220
9302,36.2225
9242,7.4306
9243,7.2856
9303,37.0806
9304,36.0138
9244,7.4067
9305,36.2729
9245,7.2600
9306,37.0917
9246,7.4962
9307,36.9367
9247,7.3727
9308,35.6797
9248,7.4189
9309,37.4651
9249,7.5700
9310,37.0320
9250,7.6474
9311,36.3353
9251,9.0455
9312,37.1928
9252,9.0208
9253,7.8336
9313,37.9634
9314,35.8199
9254,7.6746
9315,36.2547
9255,7.4615
9316,37.0011
9256,7.6787
9317,35.9137
9257,7.8664
9318,36.8018
9258,7.7126
9319,36.0649
9259,7.6669
9320,37.0750
9260,7.5969
9321,36.8279
9261,7.6456
9322,36.4077
9262,7.4879
9323,36.2066
9263,7.5643
9324,36.8526
9264,7.8203
9325,37.0027
9265,7.4167
9326,36.7854
9266,7.5299
9267,7.5421
9327,37.2135
9328,35.9719
9268,7.6121
9329,36.4782
9269,7.4668
9330,37.0592
9270,7.3977
9271,7.3051
9331,36.9956
9332,35.7694
9272,7.4123
9333,37.2491
9273,7.7578
9334,36.6364
9274,8.6943
9335,37.4067
9275,7.8967
9336,36.2117
9276,7.6962
9277,7.5822
9337,36.8508
9338,35.9341
9278,7.5383
9279,7.4419
9339,37.1541
9340,35.7583
9280,7.4377
9341,37.0568
9281,7.5109
9342,36.8446
9282,7.4042
9343,37.0252
9283,7.5672
9344,36.6114
9284,7.5546
9345,36.4466
9285,7.3595
9346,36.8488
9286,7.5039
9347,36.6010
9287,7.7517
9348,36.5129
9288,7.7386
9349,36.4108
9289,7.5150
9350,35.8042
9290,7.6005
9291,7.4621
9351,37.1461
9352,36.4247
9292,7.7003
9353,36.3613
9293,7.5528
9354,35.9115
9294,7.5564
9355,36.2902
9295,7.8280
9356,36.7702
9296,7.4932
9357,36.3098
9297,7.4821
9298,7.5225
9358,37.0922
9359,36.4172
9299,7.6672
9360,36.7649
9300,7.7872
9361,36.6511
9301,7.6733
9362,36.0306
9302,7.6313
9363,36.5101
9303,7.6178
9364,36.3985
9304,7.5206
9365,36.1860
9305,7.4717
9366,36.3474
9306,7.5724
9307,7.4640
9367,36.4010
9368,36.1594
9308,7.5335
9369,37.5500
9309,7.4851
9370,36.1548
9310,7.4986
9371,36.4101
9311,7.6450
9372,36.4091
9312,7.6028
9373,37.2891
9313,7.6773
9374,36.4083
9314,7.6432
9375,35.5282
9315,7.5559
9376,36.5530
9316,7.4612
9377,36.2625
9317,7.7295
9378,36.8964
9318,7.5974
9379,37.2159
9319,7.5511
9380,35.8095
9320,7.6361
9381,36.1087
9321,7.5734
9382,36.8196
9322,7.5917
9383,35.4681
9323,7.6658
9384,36.5607
9324,7.6370
9325,7.5742
9385,36.7612
9386,35.3725
9326,7.7488
9387,36.7454
9327,7.5596
9328,7.5515
9388,37.0843
9389,36.1412
9329,7.4638
9390,35.9188
9330,7.7255
9391,37.2350
9331,7.7247
9392,36.0370
9332,7.5352
9393,36.0791
9333,8.7273
9394,37.9967
9334,7.6234
9395,36.2800
9335,7.5619
9396,36.0147
9336,7.5607
9397,35.8111
9337,8.8611
9398,37.3211
9338,7.7176
9399,35.0647
9339,7.5284
9400,36.3830
9340,7.5300
9401,35.8219
9341,7.5937
9402,36.4244
9342,7.6958
9403,36.7439
9343,8.6296
9344,7.8741
9404,37.5220
9405,35.2980
9345,7.7461
9406,36.2605
9346,7.5689
9407,36.5313
9347,7.4731
9408,36.2261
9348,7.5973
9409,36.6969
9349,7.6646
9410,36.7541
9350,7.6806
9411,35.6681
9351,7.6153
9412,36.4888
9352,7.5133
9413,36.0625
9353,7.5821
9414,36.3415
9354,7.6454
9415,36.3229
9355,7.5459
9416,36.3549
9356,7.4903
9417,36.6707
9357,7.6074
9418,36.6555
9358,7.4408
9419,35.2950
9359,7.5400
9420,36.9368
9360,7.3653
9421,36.3582
9361,7.6386
9422,35.9996
9362,7.3031
9423,36.7240
9363,7.4580
9424,36.8004
9364,7.5937
9425,36.2460
9365,7.5212
9426,36.1632
9366,7.5231
9427,36.0116
9367,7.7298
9428,36.6308
9368,7.4760
9429,35.6773
9369,7.3883
9430,36.2615
9370,7.4919
9431,36.9794
9371,7.2113
9432,36.1865
9372,7.3790
9433,36.8432
9373,7.3812
9434,36.5685
9374,7.1778
9435,35.2102
9375,7.4513
9436,36.6183
9376,7.4179
9437,36.9424
9377,7.3828
9438,35.3236
9378,8.6293
9439,37.3688
9379,7.6495
9440,36.3312
9380,7.4249
9441,36.0676
9381,8.6985
9382,7.4352
9442,37.7321
9443,35.2439
9383,7.4550
9444,36.2036
9384,7.3243
9445,36.1373
9385,8.7629
9386,7.5350
9446,37.6509
9447,35.4635
9387,7.5654
9448,35.4964
9388,7.3132
9449,35.5749
9389,7.4271
9450,36.4886
9390,7.6010
9451,35.9150
9391,7.3103
9452,37.9491
9392,7.5146
9453,36.0630
9393,7.4201
9454,36.3375
9394,7.4221
9455,36.5595
9395,7.3137
9456,36.4408
9396,7.5239
9457,35.5261
9397,7.5527
9458,37.5200
9398,7.4947
9459,36.2598
9399,7.3472
9460,35.5525
9400,7.6914
9461,36.8571
9401,7.4456
9462,36.5234
9402,7.3793
9403,7.1627
9463,37.5474
9464,35.9845
9404,7.5855
9465,36.7213
9405,8.4818
9406,7.3485
9466,37.6819
9407,7.2790
9467,36.3401
9468,34.6804
9408,7.4762
9409,7.4443
9469,36.6258
9470,35.2323
9410,7.5113
9471,36.7080
9411,7.2320
9472,35.1856
9412,7.3182
9473,36.2819
9413,7.5403
9474,36.6579
9414,7.4327
9475,36.1844
9415,7.2720
9476,37.4033
9416,7.1632
9477,36.8061
9417,7.3568
9478,36.9200
9418,7.5222
9479,35.6462
9419,7.4106
9480,35.9894
9420,8.6902
9421,7.2414
9481,37.5328
9482,36.1669
9422,7.2212
9483,36.3487
9423,7.5323
9484,35.8707
9424,7.3773
9485,36.6678
9425,7.3145
9486,35.2745
9426,7.2880
9487,36.4683
9427,7.5033
9488,36.9296
9428,7.4132
9489,36.3413
9429,7.3960
9490,36.6481
9430,7.3390
9491,36.4717
9431,7.4381
9492,36.6491
9432,7.5619
9493,36.7654
9433,7.5123
9494,36.7343
9434,7.2740
9495,36.9255
9435,7.2428
9436,7.2264
9496,36.8326
9497,36.4973
9437,8.6637
9498,36.9339
9438,7.3229
9499,36.4145
9439,7.3721
9500,35.8582
9440,8.5574
9441,7.6260
9501,37.1607
9502,36.1473
9442,7.2498
9503,35.9016
9443,8.4599
9504,36.8653
9444,7.4236
9505,36.1202
9445,7.3649
9506,36.4103
9446,7.3239
9507,35.9254
9447,7.4546
9508,37.1316
9448,7.4772
9509,36.2451
9449,7.3660
9510,36.9011
9450,7.5381
9511,35.7368
9451,7.5256
9512,36.1459
9452,7.4864
9513,35.7885
9453,7.5299
9514,36.8778
9454,7.4096
9515,35.5573
9455,7.5299
9456,7.4516
9516,37.6540
9517,35.7869
9457,7.3606
9458,7.2159
9518,38.8227
9519,36.2280
9459,7.4509
9520,36.2519
9460,7.2884
9521,35.8806
9461,7.6051
9522,36.8866
9462,7.4590
9523,35.7893
9463,7.3528
9524,35.9773
9464,8.7897
9465,7.5637
9525,38.1292
9526,36.2372
9466,7.2511
9527,36.3748
9467,7.6000
9528,36.5919
9468,7.3994
9529,36.1210
9469,7.5899
9530,37.5267
9470,7.3484
9531,36.7415
9471,7.4017
9532,37.0738
9472,7.4454
9533,35.8899
9473,7.5238
9534,36.3955
9474,7.3461
9535,36.7859
9475,7.2539
9536,36.1820
9476,7.3158
9537,35.6896
9477,7.5716
9538,36.3739
9478,7.3032
9539,36.5270
9479,8.5320
9540,37.2696
9480,7.7580
9481,7.3060
9541,36.7699
9542,35.9133
9482,7.3091
9543,35.9360
9483,7.2427
9544,36.3965
9484,7.5498
9545,36.5157
9485,7.4003
9546,36.4570
9486,7.2254
9487,7.3090
9547,37.8055
9488,7.1666
9548,35.8561
9549,35.9800
9489,7.5639
9550,39.5653
9490,7.0816
9551,37.2854
9491,7.3445
9552,36.3708
9492,7.3368
9553,36.5551
9493,7.2044
9554,36.6633
9494,7.2430
9555,36.6843
9495,7.4439
9556,36.2313
9496,7.3265
9557,35.9511
9497,7.2765
9558,34.7585
9498,8.7232
9559,37.9531
9499,7.7782
9500,7.1303
9560,36.6610
9561,36.0862
9501,7.5433
9562,36.2527
9502,7.2082
9563,36.4011
9503,7.5167
9564,36.3236
9504,7.3283
9565,36.1489
9505,7.3535
9566,36.5216
9506,7.4464
9567,36.5652
9507,7.3111
9568,35.7463
9508,7.5273
9569,36.0900
9509,7.3581
9570,36.2409
9510,7.3802
9571,36.4088
9511,7.3243
9572,35.7495
9512,7.6195
9573,36.6473
9513,7.3249
9574,35.5303
9514,7.4883
9575,36.9585
9515,8.5183
9576,37.0723
9516,7.5665
9577,36.1737
9517,7.1153
9578,37.1649
9518,7.3546
9519,7.0977
9579,37.1216
9580,36.0628
9520,7.3296
9581,36.2664
9521,7.4860
9582,36.7193
9522,7.2917
9583,35.8010
9523,7.3039
9584,36.0621
9524,7.3665
9585,36.4404
9525,7.1684
9586,37.0600
9526,7.3910
9587,35.9904
9527,7.4400
9588,36.1556
9528,7.1406
9589,36.4448
9529,7.3137
9590,37.0729
9530,7.3451
9591,36.0885
9531,7.4119
9532,7.4008
9592,37.1835
9593,35.6470
9533,8.5354
9594,37.5923
9534,7.5882
9595,36.7456
9535,7.4780
9596,35.8620
9536,7.5900
9597,36.7949
9537,7.1961
9598,36.7059
9538,7.2973
9599,36.0640
9539,7.1840
9600,35.3604
9540,7.3812
9601,36.1823
9541,7.4200
9602,35.6839
9542,10.3581
9603,36.1118
9543,7.7644
9604,35.2233
9544,7.4316
9605,35.5719
9545,7.5709
9606,35.1614
9546,8.4877
9607,35.3366
9547,8.9010
9608,37.0262
9548,7.8831
9549,7.3131
9609,36.1544
9610,35.8749
9550,7.4889
9611,34.8709
9551,8.4280
9612,36.0691
9552,8.3304
9613,35.4487
9553,7.8037
9614,35.5175
9554,7.8629
9615,35.0492
9555,7.7289
9616,37.6587
9556,8.4516
9617,36.0011
9557,7.6217
9618,34.9566
9558,7.5940
9619,35.7949
9559,8.6450
9620,36.1231
9560,8.0874
9621,35.2494
9561,8.9113
9622,35.9638
9562,8.9170
9623,36.4738
9563,8.1752
9624,35.3620
9564,8.3375
9625,35.7336
9565,8.1544
9626,35.1097
9566,9.1040
9627,35.7970
9567,8.1688
9628,35.6733
9568,7.8802
9629,35.2254
9569,9.9315
9570,7.8373
9630,36.2680
9631,35.2796
9571,9.3605
9632,35.8586
9572,7.9511
9633,35.8222
9573,8.0879
9634,35.6391
9574,8.4966
9635,35.7100
9575,7.7112
9636,35.1421
9576,7.7548
9637,35.4048
9577,8.9039
9638,35.7845
9578,7.7826
9639,34.8501
9579,9.1080
9640,35.8081
9580,7.9025
9641,35.0170
9581,9.9288
9642,37.6783
9582,8.1481
9643,34.9203
9583,7.8814
9644,35.0260
9584,9.1746
9645,35.7179
9585,7.5777
9646,35.3919
9586,8.7910
9647,35.7017
9587,9.4121
9648,35.8499
9588,7.7654
9649,35.9302
9589,7.9414
9650,36.4307
9590,8.0296
9651,35.0249
9591,7.9216
9652,35.8946
9592,8.8980
9653,35.9373
9593,8.3876
9654,36.2175
9594,7.8420
9655,35.4234
9595,7.6703
9656,35.1488
9596,7.9281
9657,35.4444
9597,8.4243
9658,36.6412
9598,9.5849
9659,35.9583
9599,8.2173
9660,34.3206
9600,8.3271
9661,35.7354
9601,7.8996
9662,35.6608
9602,8.0129
9663,41.6663
9603,7.9459
9664,36.5342
9604,8.9763
9665,36.2699
9605,8.4072
9606,7.7524
9666,35.5359
9667,34.7062
9607,7.6180
9668,35.7834
9608,8.7973
9669,36.0735
9609,8.6752
9670,35.6941
9610,9.7060
9671,36.4406
9611,8.1915
9672,34.9592
9612,8.1245
9673,35.1598
9613,9.2020
9674,35.7199
9614,8.5396
9675,35.2869
9615,7.7405
9676,35.8280
9616,8.1121
9677,36.0197
9617,7.7845
9678,34.3258
9618,9.1219
9679,35.2614
9619,7.5880
9680,35.6907
9620,8.8347
9681,35.8447
9621,7.7146
9682,34.9758
9622,9.7757
9623,7.7292
9683,36.2397
9684,35.3800
9624,7.7046
9685,35.3607
9625,7.9650
9686,35.8136
9626,7.9302
9687,35.7951
9627,9.4132
9628,7.5862
9688,36.4771
9689,34.6849
9629,8.7201
9690,35.5549
9630,8.7211
9691,35.6502
9631,7.9472
9692,35.2607
9632,8.4409
9693,35.4880
9633,7.5532
9694,35.2498
9634,9.8551
9635,7.9032
9695,36.5819
9696,34.8694
9636,7.5590
9697,37.9927
9637,8.2579
9698,35.7571
9638,8.5490
9639,7.8750
9699,35.7205
9700,35.0197
9640,8.5111
9701,35.7003
9641,7.8866
9702,35.3762
9642,8.1829
9703,35.3061
9643,7.3584
9704,35.4589
9644,8.2649
9705,34.8013
9645,8.2767
9706,35.5560
9646,7.6563
9707,35.2056
9647,8.1409
9708,35.8355
9648,7.6831
9709,35.1682
9649,8.3636
9710,35.1798
9650,8.2657
9711,35.8406
9651,7.7493
9712,35.2787
9652,8.0978
9713,35.9389
9653,9.0437
9714,35.6579
9654,8.6179
9715,35.7431
9655,7.3074
9716,34.3625
9656,7.8406
9717,36.3645
9657,7.8419
9718,35.0716
9658,9.2564
9719,35.7970
9659,7.4365
9720,35.2929
9660,9.6141
9721,36.3600
9661,9.0877
9722,35.4497
9662,7.6832
9723,35.0660
9663,7.9998
9724,35.6942
9664,8.7146
9665,7.5883
9725,37.3186
9726,35.1561
9666,8.7599
9727,36.1804
9667,7.8491
9728,34.5788
9668,7.9926
9729,35.8254
9669,9.5206
9670,7.4724
9730,36.1827
9731,34.4922
9671,9.0444
9672,7.5990
9732,36.2552
9733,35.1187
9673,7.8410
9734,35.7591
9674,8.6952
9735,35.7004
9675,10.2295
9676,7.9572
9736,37.1473
9737,34.7078
9677,8.1932
9738,35.0566
9678,8.9702
9679,7.5760
9739,36.1847
9740,34.8190
9680,8.5116
9741,36.1742
9681,7.2242
9742,35.8007
9682,7.6549
9743,35.6107
9683,8.3014
9744,35.7293
9684,7.8600
9745,34.7295
9685,8.0766
9746,36.0416
9686,7.3557
9747,34.5590
9687,9.9398
9748,36.6136
9688,8.0076
9749,34.5514
9689,8.6696
9750,36.1344
9690,8.6611
9751,36.1488
9691,7.8268
9752,35.1029
9692,8.1589
9753,35.8140
9693,7.8921
9754,35.3233
9694,8.0678
9755,35.8008
9695,7.2761
9756,35.3656
9696,7.5491
9757,35.9619
9697,9.1032
9758,35.5562
9698,8.0218
9759,35.3781
9699,7.5002
9760,34.7916
9700,8.7722
9761,35.0524
9701,7.7633
9762,35.3774
9702,8.2133
9763,36.2085
9703,7.3141
9764,35.4713
9704,8.5037
9765,36.5438
9705,8.1122
9766,34.8504
9706,8.6989
9767,35.4524
9707,7.5984
9768,36.2339
9708,9.6905
9769,36.4428
9709,9.0187
9770,35.6118
9710,7.2047
9771,35.5008
9711,7.6380
9772,35.9420
9712,8.7292
9773,35.8615
9713,7.4632
9774,35.3968
9714,8.6788
9775,36.0278
9715,7.8606
9776,35.2533
9716,7.7265
9777,35.8431
9717,7.4826
9778,35.5332
9718,9.1408
9719,7.7171
9779,36.1843
9780,35.0672
9720,7.6711
9781,36.0053
9721,8.0978
9782,36.2553
9722,7.6175
9723,7.6450
9783,41.3916
9784,34.0196
9724,7.7325
9785,35.0172
9725,8.8711
9726,7.5896
9786,36.1695
9787,34.8581
9727,8.6172
9788,36.6860
9728,7.3855
9789,37.1051
9729,7.3125
9790,35.4735
9730,7.3385
9791,35.3459
9731,8.6060
9792,35.6589
9732,7.5246
9793,33.6752
9733,8.8697
9794,35.8052
9734,7.6495
9795,34.8252
9735,7.6001
9796,35.2834
9736,7.3834
9797,35.5204
9737,8.9718
9798,36.0941
9738,7.4064
9799,35.3887
9739,9.0943
9800,36.3610
9740,7.4633
9801,34.8707
9741,7.9534
9802,35.9454
9742,8.8621
9803,36.7615
9743,8.9845
9804,36.6587
9744,8.3017
9805,35.4626
9745,9.1355
9746,7.5312
9806,36.0620
9807,34.7075
9747,7.7508
9808,34.7192
9748,9.0639
9809,36.3841
9749,8.3887
9810,35.3018
9750,8.3143
9811,35.4432
9751,8.3278
9812,35.6760
9752,9.3179
9813,36.2446
9753,8.1635
9754,7.1725
9814,35.8321
9815,35.0334
9755,8.5472
9816,35.6493
9756,8.2638
9817,35.6812
9757,7.6512
9818,35.0086
9758,9.1089
9819,35.9145
9759,8.2421
9820,35.7259
9760,7.9751
9821,35.2285
9761,7.9891
9822,36.0403
9762,8.0535
9823,35.7948
9763,7.6779
9824,35.4509
9764,9.2362
9825,36.4961
9765,8.1844
9826,35.1470
9766,8.8737
9827,35.7747
9767,7.4117
9828,35.3268
9768,7.7013
9829,35.6783
9769,7.3047
9830,35.9306
9770,7.4400
9831,34.6473
9771,7.3339
9832,35.6317
9772,7.3076
9833,35.5880
9773,7.4343
9834,35.6899
9774,7.2489
9835,35.5777
9775,8.5286
9836,36.3159
9776,7.3323
9777,7.2617
9837,36.3330
9838,34.0691
9778,7.1968
9839,35.0011
9779,7.3061
9840,35.2585
9780,7.3329
9841,35.5013
9781,7.2979
9842,36.5915
9782,7.4850
9843,35.7603
9783,7.2848
9844,34.8681
9784,7.4615
9845,35.1987
9785,7.2642
9846,35.4651
9786,7.4468
9847,34.8881
9787,7.2603
9848,35.6811
9788,7.6266
9789,7.0986
9849,36.0956
9850,33.9417
9790,7.4963
9851,36.5359
9791,7.1975
9852,35.1258
9792,7.2512
9853,36.4225
9793,7.5026
9854,35.4695
9794,7.4751
9855,35.8001
9795,7.4705
9856,35.4546
9796,7.2440
9857,35.4947
9797,7.1777
9858,35.0079
9798,7.5115
9859,35.3239
9799,7.2614
9860,35.5516
9800,7.8595
9861,35.7022
9801,7.4005
9862,35.8767
9802,7.4849
9863,35.6615
9803,7.3917
9864,35.5096
9804,7.3426
9865,35.9070
9805,7.2865
9866,35.7228
9806,7.4175
9867,36.5887
9807,8.6152
9808,7.4006
9868,36.4150
9869,37.3832
9809,7.4842
9870,36.1517
9810,7.5548
9871,35.5569
9811,7.3333
9872,36.6347
9812,7.2172
9873,35.1755
9813,7.2895
9874,34.6726
9814,7.3201
9875,35.3722
9815,7.6391
9876,36.4279
9816,8.0367
9877,35.6014
9817,7.7051
9878,36.8854
9818,7.5552
9879,34.8222
9819,7.8819
9880,35.8417
9820,7.4718
9881,35.7923
9821,7.5922
9882,36.4941
9822,7.7457
9883,35.7035
9823,7.7647
9884,36.1478
9824,7.8323
9885,34.8719
9825,8.0539
9886,35.8428
9826,7.5194
9887,34.9017
9827,7.9527
9888,35.5782
9828,7.5894
9889,35.5758
9829,7.6363
9890,35.3839
9830,7.6253
9891,35.5785
9831,7.8398
9892,36.2580
9832,7.5360
9893,38.3621
9833,7.3556
9894,35.4285
9834,7.9422
9895,36.5792
9835,8.5430
9896,35.5050
9836,7.8914
9897,35.6175
9837,7.5111
9898,35.2848
9838,8.0471
9839,7.5418
9899,36.1089
9900,34.6796
9840,9.2072
9901,36.7266
9841,7.7930
9902,35.5488
9842,7.8348
9903,35.7095
9843,7.7410
9904,36.0141
9844,7.7678
9905,34.9544
9845,7.6714
9906,36.2400
9846,7.7316
9907,34.8859
9847,8.1115
9908,35.8986
9848,7.4035
9909,35.8190
9849,7.7049
9910,35.2323
9850,7.8211
9911,35.6118
9851,7.5954
9912,36.0672
9852,7.8761
9913,35.6626
9853,7.4529
9914,36.2643
9854,7.5913
9915,35.7838
9855,7.8855
9916,35.8887
9856,7.9049
9917,35.4564
9857,7.4126
9918,34.6746
9858,7.9382
9919,35.9021
9859,7.5844
9920,35.4387
9860,8.9780
9921,36.7353
9861,7.8775
9922,35.2805
9862,7.6626
9923,36.4266
9863,7.9378
9864,7.8850
9924,36.4601
9925,34.9358
9865,7.7738
9926,34.4890
9866,8.1055
9927,35.9853
9867,7.8988
9928,35.5485
9868,7.7934
9929,34.9696
9869,7.5675
9930,36.3057
9870,7.9745
9931,36.0307
9871,7.6266
9932,34.5360
9872,7.6723
9933,34.9302
9873,7.7081
9934,35.2954
9874,7.8602
9935,35.8266
9875,8.1093
9936,36.3228
9876,9.1054
9937,36.8494
9877,7.8857
9938,36.1771
9878,7.4499
9939,36.0583
9879,7.9345
9940,37.0084
9880,7.5714
9941,36.4093
9881,8.1737
9942,36.5699
9882,7.6132
9943,35.9802
9883,7.9146
9944,37.1003
9884,7.8481
9945,36.3145
9885,7.4977
9946,36.5460
9886,7.8813
9947,35.4693
9887,7.8220
9948,36.4935
9888,7.7904
9949,36.8215
9889,7.9683
9950,35.7566
9890,8.1563
9951,36.3985
9891,7.8340
9952,36.2871
9892,7.6923
9953,37.4565
9893,8.7346
9954,37.3318
9894,7.9157
9955,36.4270
9895,7.2928
9956,36.0618
9896,7.9920
9897,7.6231
9957,37.5476
9958,36.0200
9898,9.1728
9899,7.5378
9959,37.6056
9960,35.5868
9900,8.1278
9961,36.7658
9901,7.5627
9962,35.3748
9902,8.4447
9963,36.8997
9903,7.5640
9964,36.5673
9904,7.7985
9965,35.8184
9905,7.9179
9966,35.3332
9906,7.7443
9967,34.9736
9907,7.9926
9968,35.8750
9908,7.9328
9969,35.6465
9909,7.8668
9970,35.8835
9910,8.0040
9971,35.6497
9911,7.3975
9972,35.6295
9912,7.5524
9973,34.4058
9913,7.7403
9974,36.5387
9914,8.2482
9975,35.9719
9915,7.9735
9916,7.4111
9976,36.0041
9977,34.6684
9917,7.8767
9978,34.6904
9918,7.6549
9979,35.4641
9919,7.9638
9980,35.5298
9920,7.8260
9981,36.1145
9921,7.7200
9982,35.1564
9922,7.4305
9983,36.2190
9923,7.6778
9984,34.4874
9924,7.7710
9985,34.9057
9925,7.7792
9986,36.7111
9926,8.0421
9987,36.1938
9927,7.6123
9988,34.6988
9928,7.5896
9989,34.6249
9929,7.7816
9990,35.0972
9930,7.9716
9991,36.4589
9931,7.6896
9992,34.4783
9932,8.0854
9993,36.1004
9933,7.5420
9994,35.1674
9934,7.8681
9995,35.1657
9935,7.8482
9996,35.7580
9936,8.0979
9997,35.8896
9937,8.8475
9998,36.0954
9938,7.9326
9999,35.6699
9939,7.4303
10000,35.6309
9940,7.8304
10001,34.7522
9941,7.8445
10002,35.9715
9942,7.5897
10003,36.5143
9943,9.0777
9944,7.5475
10004,36.7857
10005,34.5832
9945,7.7530
10006,34.5696
9946,7.9127
10007,35.8964
9947,7.7848
10008,35.4598
9948,7.9379
10009,36.1867
9949,8.0527
10010,36.2648
9950,7.7436
10011,35.3215
9951,7.8501
10012,35.3033
9952,7.9212
10013,35.3178
9953,7.3757
10014,35.9999
9954,8.1671
10015,36.0538
9955,8.2354
10016,35.8241
9956,7.8376
10017,35.3600
9957,7.7858
10018,35.3299
9958,7.3173
10019,35.3460
9959,7.7755
10020,35.3701
9960,8.1181
10021,36.4272
9961,7.9561
10022,35.1726
9962,7.2576
10023,35.7799
9963,7.6087
10024,35.7253
9964,7.7782
10025,35.0044
9965,7.8742
10026,36.2220
9966,8.2472
10027,35.7966
9967,7.6869
10028,34.9220
9968,7.9244
10029,35.4130
9969,7.7330
10030,36.0238
9970,7.7819
10031,35.2187
9971,8.2433
10032,36.2648
9972,7.5293
10033,36.0501
9973,8.0125
10034,35.4795
9974,7.9006
10035,35.5971
9975,7.8774
10036,35.0564
9976,7.9169
10037,35.0665
9977,7.9479
10038,36.0764
9978,7.7076
10039,34.8540
9979,8.0852
10040,34.5140
9980,7.8117
10041,36.1796
9981,7.8435
10042,34.3422
9982,7.9892
10043,35.9038
9983,8.1324
10044,35.9991
9984,7.7831
10045,34.9362
9985,7.7150
10046,36.0269
9986,7.7339
10047,35.5913
9987,7.8068
10048,35.5761
9988,7.7478
10049,35.0332
9989,8.0921
10050,36.1109
9990,7.7125
10051,35.9958
9991,7.8524
10052,35.3589
9992,7.8836
10053,35.3857
9993,7.9118
9994,7.3954
10054,36.0345
10055,35.2572
9995,7.9502
10056,35.5329
9996,7.6298
10057,35.6922
9997,7.8175
10058,34.9350
9998,7.8883
10059,35.3639
9999,8.1016
10060,36.3147
10000,7.8830
10061,35.7163
10001,7.6621
10062,35.7777
10002,8.7108
10063,36.1110
10003,8.8983
10004,7.7131
10064,36.6152
10065,34.6158
10005,8.0363
10066,36.4076
10006,7.7134
10067,34.8162
10007,7.7679
10068,35.3747
10008,7.8113
10069,35.6639
10009,7.6214
10070,35.2627
10010,7.8011
10071,35.6556
10011,7.9510
10072,36.4558
10012,7.3770
10073,35.6789
10013,8.0645
10074,35.8603
10014,7.6642
10075,35.9923
10015,7.5565
10076,35.2715
10016,7.5550
10077,36.2926
10017,8.1033
10078,36.0054
10018,7.6212
10079,35.5508
10019,7.9955
10080,34.7113
10020,8.3138
10081,36.5155
10021,7.8333
10082,35.0901
10022,7.7108
10083,35.7298
10023,9.0806
10084,36.3006
10024,7.7852
10085,34.7191
10025,8.8647
10086,36.6649
10026,8.0079
10087,36.3422
10027,7.4759
10088,35.6316
10028,7.9745
10089,35.4713
10029,8.0209
10090,35.8447
10030,7.8617
10091,35.2548
10031,7.8792
10092,35.3537
10032,8.0006
10093,36.0399
10033,7.8318
10094,35.3239
10034,7.7038
10095,35.4211
10035,7.5724
10096,36.0497
10036,7.4192
10097,35.9385
10037,7.9246
10098,35.9260
10038,8.0704
10099,35.6173
10039,7.7515
10100,34.8355
10040,7.9895
10101,35.8117
10041,7.8865
10102,35.0738
10042,7.9915
10103,36.0101
10043,8.0471
10104,34.9841
10044,7.6729
10105,35.9303
10045,7.6270
10106,34.7573
10046,8.2175
10107,36.1095
10047,7.8228
10108,35.2075
10048,9.0083
10109,36.6856
10049,7.5329
10110,35.6859
10050,7.3356
10111,35.2540
10051,7.5979
10112,35.5124
10052,7.3236
10113,35.1627
10053,8.1869
10114,35.4989
10054,7.4853
10055,7.3134
10115,36.1564
10116,34.8749
10056,7.6708
10117,36.2935
10057,7.5561
10118,35.2310
10058,8.5723
10119,37.6936
10059,7.5571
10120,35.9454
10060,7.3631
10121,36.0691
10061,7.3343
10122,35.3709
10062,7.3780
10123,35.5238
10063,8.8164
10124,35.7897
10064,7.9205
10125,36.0609
10065,7.7362
10126,34.9947
10066,7.3640
10127,36.0167
10067,7.1390
10128,35.4594
10068,7.3502
10129,35.1553
10069,7.6846
10130,36.3023
10070,7.6599
10131,35.5865
10071,7.9272
10132,35.1717
10072,7.4164
10133,36.1986
10073,7.2675
10134,34.6213
10074,7.4584
10135,35.5182
10075,8.9032
10136,36.1571
10076,7.5385
10137,35.9544
10077,7.5495
10138,35.1840
10078,7.3719
10139,36.3162
10079,7.1846
10140,35.9170
10080,8.0867
10141,35.1969
10081,7.6545
10142,36.2592
10082,7.4341
10143,36.1250
10083,7.4703
10144,35.1322
10084,8.4508
10145,36.7418
10085,7.9372
10146,35.0854
10086,7.9600
10147,35.7618
10087,7.5532
10148,35.2406
10088,7.5045
10149,35.6185
10089,7.8129
10150,35.1255
10090,7.4870
10151,35.4914
10091,7.7246
10152,35.3222
10092,7.7855
10153,35.8367
10093,7.4494
10154,35.2787
10094,8.6926
10155,36.7976
10095,7.6061
10156,34.0899
10096,7.6641
10157,36.0786
10097,8.0145
10158,35.3271
10098,7.3546
10159,36.2214
10099,7.3803
10160,35.3208
10100,7.1830
10161,36.0781
10101,7.7535
10162,35.7180
10102,7.5474
10163,35.2386
10103,7.6408
10164,36.1008
10104,7.6033
10165,35.6550
10105,7.3953
10166,35.3801
10106,7.3990
10167,36.0066
10107,7.4354
10168,35.5777
10108,7.6585
10169,36.1909
10109,7.3478
10170,35.1056
10110,7.1937
10171,35.4886
10111,7.2119
10172,35.4856
10112,7.4247
10173,35.7847
10113,7.4377
10174,36.2190
10114,7.3750
10175,36.5308
10115,7.3674
10176,35.8984
10116,7.1816
10177,35.3851
10117,7.4451
10178,35.1884
10118,7.4226
10179,36.1183
10119,7.4197
10180,35.7245
10120,7.1447
10181,35.3200
10121,7.2135
10182,35.6992
10122,7.5866
10183,35.5357
10123,7.5131
10184,35.4464
10124,7.5882
10185,36.4338
10125,7.1862
10186,34.3337
10126,7.3014
10187,35.9064
10127,7.3334
10188,35.5958
10128,7.3828
10189,35.9648
10129,9.0224
10190,36.4392
10130,7.4396
10191,35.6766
10131,7.4726
10192,36.2300
10132,8.5497
10193,36.7287
10133,7.2679
10194,35.5925
10134,7.4250
10195,35.6292
10135,7.4740
10196,35.9361
10136,8.9589
10197,36.7746
10137,7.2487
10198,35.8548
10138,7.1128
10199,33.8838
10139,7.4509
10200,35.6469
10140,7.4887
10201,35.6517
10141,7.6676
10202,35.3854
10142,7.3831
10143,7.1667
10203,36.9022
10204,34.5338
10144,7.7866
10205,35.7280
10145,7.6028
10146,7.5180
10206,36.3497
10207,35.4602
10147,7.8251
10208,35.6676
10148,7.6364
10209,36.9431
10149,7.0908
10210,35.5095
10150,7.7188
10211,35.1273
10151,7.6914
10212,35.9697
10152,7.5340
10213,35.6241
10153,7.6225
10214,36.2162
10154,7.4746
10215,35.9403
10155,7.3305
10216,35.8155
10156,8.4007
10217,36.6109
10157,7.1842
10218,35.2195
10158,7.6606
10219,34.4545
10159,7.6433
10220,35.6922
10160,7.3818
10221,35.2013
10161,7.3757
10222,35.5864
10162,7.2697
10223,34.2615
10163,7.6653
10224,35.6673
10164,7.6057
10225,35.6671
10165,7.3536
10226,35.8318
10166,7.4197
10227,38.4580
10167,7.4434
10228,35.2728
10168,7.3985
10229,36.1136
10169,7.5398
10230,35.1575
10170,7.6622
10231,35.9759
10171,8.7032
10232,36.5157
10172,7.3286
10233,36.0436
10173,7.2856
10234,35.6543
10174,7.2574
10235,34.7150
10175,7.9797
10236,36.3256
10176,7.4742
10237,34.8813
10177,7.5438
10238,35.9145
10178,7.3366
10239,35.8307
10179,7.1166
10240,35.5478
10180,8.5890
10241,35.4672
10181,7.8218
10242,35.8384
10182,7.4959
10243,35.6079
10183,7.4530
10244,35.9911
10184,7.3811
10245,35.7878
10185,7.5200
10246,36.4375
10186,7.7847
10247,36.4809
10187,7.3418
10248,36.4175
10188,7.1458
10249,35.6798
10189,7.2304
10250,34.8825
10190,7.6629
10251,35.0510
10191,8.9011
10252,36.6519
10192,7.3466
10253,35.6621
10193,7.3692
10254,36.2265
10194,7.1201
10255,35.5149
10195,7.2321
10256,35.1690
10196,7.9534
10257,35.5573
10197,7.3734
10258,35.6209
10198,8.4312
10259,36.1644
10199,7.6924
10260,35.5399
10200,7.3080
10261,35.4169
10201,7.7874
10262,35.6746
10202,7.3907
10263,34.8513
10203,8.0112
10264,36.0862
10204,7.5542
10265,35.7614
10205,7.2778
10266,35.2694
10206,7.2825
10267,36.1327
10207,7.3345
10268,35.8089
10208,7.8677
10269,35.4266
10209,7.4564
10270,36.3804
10210,7.2626
10271,36.1365
10211,7.2117
10272,34.9119
10212,7.8725
10273,35.4817
10213,7.6339
10274,36.0311
10214,8.1036
10275,35.1665
10215,8.8213
10276,37.0301
10216,7.1111
10277,35.4145
10217,7.0767
10278,35.5859
10218,8.1809
10279,35.6575
10219,7.3506
10280,35.6261
10220,7.7087
10281,35.9322
10221,7.4596
10282,35.3091
10222,7.1032
10283,35.8517
10223,7.3606
10284,35.2534
10224,7.5736
10285,35.3166
10225,7.7364
10286,35.8774
10226,7.4436
10287,36.1047
10227,7.1478
10288,34.4331
10228,7.4942
10289,35.7400
10229,7.3165
10290,34.8722
10230,8.7465
10291,36.2242
10231,7.4896
10292,35.4433
10232,7.4277
10293,35.3284
10233,7.5497
10294,35.4866
10234,7.1302
10295,35.5633
10235,7.2885
10296,34.9284
10236,7.4852
10297,35.8209
10237,7.4400
10298,36.7028
10238,7.4326
10299,35.1480
10239,7.1467
10300,35.7210
10240,7.5523
10301,35.4832
10241,7.3386
10302,36.5156
10242,7.5352
10303,35.7719
10243,7.6008
10304,35.8333
10244,7.0871
10305,35.8612
10245,7.3575
10306,35.7568
10246,7.6921
10307,35.5966
10247,7.4656
10308,35.8290
10248,7.4118
10309,34.2917
10249,8.6588
10310,36.5118
10250,7.0510
10311,35.4099
10251,7.8962
10312,35.2357
10252,7.4716
10313,35.7262
10253,7.3313
10314,35.5681
10254,7.5148
10315,34.6737
10255,7.4661
10316,35.5424
10256,7.3346
10317,35.0357
10257,7.5992
10318,35.4801
10258,7.5168
10319,35.6605
10259,7.4663
10320,35.0801
10260,7.5870
10321,35.8535
10261,7.4243
10322,35.1909
10262,7.3386
10323,35.1622
10263,7.3353
10324,35.6392
10264,7.5348
10325,35.5634
10265,7.5737
10326,35.8303
10266,8.6184
10327,36.5855
10267,7.3610
10328,35.1470
10268,7.2777
10329,36.3971
10269,7.3253
10330,35.7657
10270,7.6176
10331,35.7746
10271,8.1134
10332,35.4367
10272,7.6310
10333,36.0183
10273,7.4793
10334,34.8629
10274,7.5817
10335,35.5904
10275,7.5758
10336,35.2670
10276,7.7661
10337,36.4342
10277,7.6863
10338,35.1922
10278,7.5452
10339,35.6024
10279,7.2292
10340,35.1551
10280,7.3550
10341,35.4603
10281,7.9710
10342,35.1821
10282,7.2497
10343,36.9392
10283,7.3542
10344,35.1237
10284,7.4618
10345,36.5522
10285,7.4662
10346,36.2442
10286,7.5098
10347,35.1119
10287,8.4352
10348,36.6036
10288,7.2753
10289,7.3274
10349,36.3141
10350,34.7276
10290,7.3438
10351,35.0553
10291,7.3333
10352,36.1095
10292,8.1696
10353,35.1604
10293,7.5295
10354,35.9072
10294,7.3267
10355,35.4702
10295,7.4258
10356,36.0275
10296,7.2454
10357,36.4082
10297,7.1509
10358,34.7007
10298,7.6466
10359,36.7039
10299,7.4022
10360,36.5337
10300,7.1553
10361,35.9037
10301,7.4109
10362,35.0845
10302,7.4581
10363,35.9958
10303,7.4789
10364,34.8990
10304,7.7842
10365,35.7739
10305,7.2547
10366,35.2241
10306,7.0531
10367,35.5690
10307,7.0689
10368,36.2733
10308,7.3425
10369,35.1261
10309,7.5428
10370,35.9742
10310,7.3887
10371,36.0441
10311,7.5136
10372,35.6178
10312,7.5098
10373,35.5240
10313,8.4556
10374,36.5781
10314,7.6079
10375,35.2749
10315,7.6961
10376,35.8028
10316,7.1959
10377,34.9436
10317,7.4869
10378,35.3672
10318,7.5923
10379,36.2569
10319,7.3654
10380,35.4673
10320,7.5973
10381,35.5905
10321,7.7192
10382,35.7115
10322,7.2747
10383,35.5602
10323,7.5976
10384,35.9327
10324,7.5429
10385,35.9065
10325,7.2400
10386,34.6626
10326,7.9646
10387,35.4570
10327,7.5460
10388,35.6061
10328,7.3907
10389,35.1919
10329,7.7415
10390,34.9829
10330,7.5016
10331,7.0942
10391,36.0053
10392,35.1672
10332,8.8812
10393,36.8151
10333,7.2656
10394,35.2540
10334,7.5108
10395,35.6399
10335,7.6830
10396,35.5337
10336,7.4113
10397,36.5440
10337,7.7365
10398,35.6240
10338,7.4147
10399,35.5272
10339,7.3429
10400,35.7001
10340,7.3454
10401,36.1466
10341,7.9375
10402,35.3513
10342,7.4296
10403,36.3638
10343,7.3068
10404,35.3024
10344,7.8324
10405,34.7399
10345,7.7310
10406,36.1703
10346,7.3144
10407,35.1178
10347,7.4698
10408,35.3906
10348,7.4957
10409,36.3407
10349,7.4614
10410,35.2858
10350,7.3749
10411,34.5536
10351,7.6086
10412,35.3307
10352,7.7124
10413,35.8831
10353,7.7937
10414,35.3716
10354,7.5145
10415,36.6612
10355,7.0915
10416,35.6923
10356,7.1307
10417,35.9996
10357,7.7505
10418,36.0259
10358,7.2761
10419,35.6314
10359,7.6403
10420,35.4289
10360,7.5778
10421,35.5861
10361,8.6109
10422,36.6073
10362,7.5521
10423,34.8542
10363,7.5279
10424,35.0130
10364,7.5703
10425,35.9925
10365,7.9163
10426,35.4764
10366,7.7617
10427,35.7768
10367,7.4703
10428,36.0760
10368,7.2106
10429,34.6440
10369,7.7203
10430,35.3452
10370,7.4926
10431,35.6543
10371,7.8116
10432,35.9965
10372,8.0143
10433,35.6590
10373,7.2384
10434,35.4369
10374,7.1454
10435,35.7660
10375,7.1048
10436,35.6611
10376,7.4013
10437,35.5752
10377,7.3251
10438,36.3324
10378,7.0214
10439,37.6794
10379,7.1459
10440,35.0595
10380,7.9234
10441,35.3893
10381,7.2382
10442,35.6062
10382,7.1642
10443,34.8728
10383,7.4602
10444,35.3807
10384,7.4392
10445,35.4459
10385,8.4499
10446,36.1154
10386,7.5168
10447,35.7534
10387,7.0275
10448,35.7680
10388,7.1383
10449,35.5613
10389,7.2940
10450,34.9711
10390,7.5773
10451,35.8386
10391,7.4738
10452,35.9204
10392,6.9847
10453,35.7279
10393,7.0453
10454,34.8263
10394,7.1986
10455,35.8594
10395,7.4641
10456,34.8382
10396,7.5372
10457,35.4131
10397,7.3749
10458,36.0560
10398,7.1421
10459,34.9883
10399,7.4027
10460,35.6063
10400,7.3964
10461,35.6897
10401,7.4414
10462,35.7401
10402,7.7080
10463,35.1965
10403,7.2896
10464,36.1553
10404,7.5363
10465,35.2626
10405,8.6925
10406,7.1957
10466,36.7619
10467,34.0333
10407,7.3729
10468,35.6290
10408,7.7506
10469,35.3590
10409,7.2597
10470,35.9270
10410,7.2705
10471,35.0604
10411,7.3294
10472,35.3930
10412,7.2877
10473,36.2502
10413,6.9458
10474,35.3058
10414,7.4557
10475,35.6436
10415,7.2232
10476,36.5715
10416,7.3954
10477,35.6790
10417,7.5271
10478,35.6715
10418,7.1802
10479,35.8258
10419,7.4124
10480,35.1884
10420,7.5641
10481,35.8275
10421,7.3136
10482,35.7756
10422,7.2398
10483,35.6668
10423,7.3686
10484,35.3332
10424,7.5500
10485,35.6434
10425,7.5461
10486,35.1513
10426,8.4524
10487,36.8005
10427,7.0794
10488,35.1053
10428,7.3944
10489,35.1637
10429,7.2946
10490,35.8823
10430,7.1252
10491,35.7196
10431,7.4434
10492,34.9903
10432,7.3062
10493,35.8125
10433,7.1041
10494,35.2687
10434,7.2667
10495,35.7610
10435,7.2011
10496,34.8912
10436,7.4629
10497,36.0464
10437,7.4358
10498,35.4435
10438,8.2460
10499,36.2647
10439,7.1313
10500,35.1053
10440,7.2483
10501,35.7213
10441,8.3935
10502,36.9233
10442,7.1611
10503,34.7172
10443,7.1894
10504,35.2385
10444,7.3751
10505,37.3012
10445,7.0484
10506,35.8304
10446,7.2205
10507,35.9323
10447,7.4918
10508,36.0627
10448,7.5786
10509,36.6244
10449,7.0979
10510,36.2575
10450,7.0349
10511,35.7061
10451,7.4148
10512,35.9799
10452,7.8433
10513,36.7301
10453,7.3107
10514,37.0573
10454,7.1646
10515,35.6836
10455,7.3576
10516,36.7543
10456,7.3565
10517,35.7921
10457,7.7842
10518,36.0800
10458,7.6661
10519,37.1819
10459,8.2749
10520,36.9503
10460,8.3677
10461,7.1140
10521,36.9364
10522,36.0488
10462,7.3880
10523,36.8387
10463,8.2243
10524,36.4375
10464,7.5229
10525,36.8616
10465,7.0523
10526,35.9723
10466,7.0518
10527,36.7261
10467,7.3771
10528,36.1244
10468,7.6165
10529,37.0487
10469,7.0363
10530,36.9360
10470,7.6148
10531,36.9153
10471,7.1357
10532,36.1094
10472,7.7702
10533,36.7709
10473,7.0326
10534,36.2521
10474,7.3070
10535,35.4288
10475,7.6258
10536,36.6931
10476,7.1429
10537,36.1257
10477,7.2636
10538,38.5641
10478,7.1441
10539,36.5980
10479,7.0700
10540,36.0576
10480,8.6098
10481,7.1089
10541,36.6790
10542,34.3011
10482,7.1530
10543,35.1814
10483,7.1704
10544,34.4879
10484,7.4603
10545,35.0000
10485,7.4975
10546,35.5436
10486,7.4595
10547,35.7771
10487,7.2117
10548,34.9875
10488,7.3521
10549,35.6137
10489,7.5288
10550,36.1399
10490,7.2824
10551,36.1856
10491,7.1251
10552,35.3946
10492,7.4366
10553,35.8781
10493,8.3027
10554,36.9793
10494,7.2499
10555,35.6945
10495,7.2036
10556,35.9497
10496,7.5236
10557,35.7380
10497,7.4522
10558,35.6710
10498,7.8633
10559,34.6846
10499,7.2369
10560,36.1851
10500,7.1855
10561,34.9407
10501,7.2140
10562,35.2938
10502,7.2997
10563,35.3806
10503,8.6196
10564,36.6688
10504,7.2486
10565,35.1715
10505,7.0450
10566,36.0841
10506,7.2788
10567,35.5934
10507,7.3853
10568,35.6261
10508,7.3799
10569,34.9527
10509,7.6834
10570,35.7958
10510,7.3388
10571,35.7273
10511,7.3667
10572,35.0549
10512,8.0864
10573,36.1078
10513,7.7099
10574,35.9422
10514,7.4392
10575,35.2184
10515,7.7078
10576,36.0134
10516,7.2808
10577,35.5513
10517,7.3072
10578,35.3574
10518,7.7121
10579,35.9476
10519,7.4333
10580,35.6671
10520,7.0241
10581,36.0546
10521,7.3462
10582,34.1995
10522,7.7370
10583,36.3314
10523,7.6004
10584,34.9812
10524,7.9200
10585,35.9731
10525,7.6007
10586,34.9546
10526,8.5795
10587,35.9859
10527,8.6168
10588,35.4029
10528,7.6850
10589,35.5920
10529,7.3517
10590,35.0507
10530,7.6297
10591,35.2086
10531,7.6103
10592,35.5395
10532,7.6108
10593,34.9585
10533,7.7326
10594,35.7968
10534,7.3077
10595,37.3342
10535,7.5196
10596,34.7979
10536,7.5583
10597,36.1305
10537,7.4149
10598,35.2066
10538,8.6216
10599,35.4529
10539,7.7551
10600,35.7524
10540,7.1974
10601,34.4855
10541,7.6899
10602,35.8615
10542,8.4191
10603,35.4269
10543,7.2211
10604,35.4423
10544,8.0054
10605,35.5361
10545,7.3846
10606,35.0370
10546,8.0398
10607,35.6925
10547,8.3164
10608,35.2727
10548,8.0776
10609,35.8568
10549,7.2072
10610,34.6055
10550,7.8526
10611,36.0280
10551,7.2768
10612,34.7082
10552,7.7362
10613,35.6604
10553,7.8799
10614,35.4184
10554,7.9928
10555,7.4786
10615,37.2941
10616,37.8067
10556,7.1922
10617,36.6535
10557,7.2499
10618,38.9157
10558,8.4612
10619,38.5974
10559,8.2840
10620,36.9996
10560,7.7632
10561,7.0282
10621,38.5888
10622,36.9008
10562,7.2398
10563,7.2277
10623,37.3671
10624,36.5749
10564,8.0970
10625,36.7757
10565,8.0713
10626,37.3223
10566,7.2561
10627,38.6413
10567,7.4207
10628,37.2323
10568,7.1196
10629,38.0924
10569,7.3899
10570,7.4802
10630,37.6914
10631,36.7595
10571,7.5973
10572,7.3088
10632,37.6349
10633,37.9464
10573,7.5163
10634,38.3434
10574,7.6413
10635,38.4160
10575,7.4287
10636,37.0851
10576,7.3620
10637,37.2378
10577,7.7924
10638,37.2130
10578,7.2844
10639,36.9211
10579,7.1975
10580,7.4278
10640,37.9340
10581,7.2991
10641,37.3818
10642,37.0818
10582,7.3717
10643,37.6972
10583,7.4184
10644,37.3488
10584,7.1481
10585,7.0646
10645,37.1545
10646,36.4727
10586,8.4314
10587,7.1266
10647,37.2473
10648,36.2589
10588,7.3611
10649,36.7961
10589,7.5590
10650,37.3732
10590,7.1813
10651,36.9827
10591,7.1323
10652,36.7817
10592,7.2339
10653,36.7560
10593,7.3209
10654,37.8799
10594,7.2671
10655,37.5196
10595,7.0971
10656,37.1223
10596,7.0540
10657,37.3127
10597,7.1895
10658,36.6597
10598,7.1206
10659,36.9167
10599,7.3313
10660,37.0283
10600,7.2192
10661,36.8369
10601,7.1544
10662,35.9766
10602,7.3330
10663,37.2575
10603,7.5240
10604,6.9764
10664,37.2125
10665,37.4289
10605,7.3361
10666,36.9654
10606,7.3740
10667,37.4536
10607,7.2692
10668,36.3962
10608,7.2547
10669,35.3745
10609,7.2130
10670,37.3030
10610,7.2761
10611,7.0116
10671,37.0759
10672,36.6307
10612,7.4583
10673,36.7763
10613,7.1831
10614,6.8553
10674,37.5723
10675,36.8496
10615,7.1665
10616,6.9658
10676,37.2961
10677,35.4216
10617,7.4808
10678,37.1722
10618,7.3198
10679,35.9636
10619,7.2456
10680,37.2720
10620,8.3201
10681,37.1333
10621,7.1261
10682,37.5272
10622,7.3150
10683,36.1003
10623,7.3130
10684,37.0492
10624,7.1773
10685,36.2863
10625,7.3534
10686,36.7860
10626,7.1512
10687,36.4409
10627,8.2650
10688,38.0166
10628,7.5432
10629,7.0929
10689,37.2829
10690,36.3803
10630,7.4699
10691,36.7778
10631,7.2654
10692,36.5061
10632,7.3990
10693,35.8724
10633,7.5350
10694,37.2875
10634,7.4652
10635,7.3162
10695,38.3394
10696,36.4031
10636,7.1784
10697,36.6952
10637,7.5530
10698,36.6241
10638,7.4068
10699,36.2100
10639,8.3395
10700,37.2665
10640,7.5388
10641,7.1204
10701,38.1264
10702,35.9357
10642,7.3583
10703,36.5423
10643,8.3121
10644,7.7352
10704,37.7840
10705,36.6124
10645,7.8935
10706,37.3107
10646,7.2875
10647,6.9894
10707,38.1278
10708,37.2250
10648,7.2628
10709,36.3135
10649,7.1355
10710,37.2287
10650,8.4998
10711,36.3228
10651,7.7797
10712,37.2592
10652,7.4603
10713,37.3208
10653,7.2651
10714,37.1718
10654,7.1718
10715,37.1967
10655,7.1873
10716,36.3269
10656,7.5560
10717,36.5686
10657,7.5259
10718,36.6655
10658,7.4343
10719,37.3451
10659,7.2206
10720,36.2978
10660,7.1900
10721,36.8275
10661,7.4683
10722,36.8145
10662,7.0311
10723,37.2596
10663,8.3712
10724,36.0426
10664,7.3495
10725,37.6064
10665,8.7714
10726,37.5424
10666,10.3306
10727,36.5914
10667,8.2152
10728,36.7730
10668,8.1801
10729,38.0869
10669,9.9579
10730,37.6655
10670,9.5981
10671,9.7026
10731,37.9093
10732,36.0806
10672,9.5988
10733,36.5461
10673,9.3728
10734,37.1935
10674,9.6865
10735,37.5003
10675,9.6523
10736,36.5495
10676,9.8628
10737,37.9180
10677,9.8501
10738,36.5477
10678,9.6024
10739,37.5627
10679,9.6711
10740,37.1369
10680,9.8423
10741,37.0227
10681,9.5474
10742,37.2742
10682,9.8144
10743,37.4567
10683,9.8918
10744,37.1443
10684,9.7576
10745,37.1744
10685,9.3226
10746,37.3000
10686,9.6511
10747,37.1416
10687,9.5940
10748,37.8980
10688,9.7174
10749,36.7172
10689,9.2503
10750,37.1758
10690,10.0382
10751,36.8372
10691,9.4465
10752,36.7315
10692,9.3954
10753,37.0158
10693,9.9179
10754,36.6332
10694,9.2603
10755,37.5529
10695,9.7827
10756,37.3497
10696,9.6044
10757,36.9621
10697,9.6385
10758,36.8839
10698,10.0163
10759,36.4511
10699,9.9454
10700,9.7436
10760,37.9432
10701,9.6395
10761,37.3718
10762,36.1125
10702,9.7760
10763,38.1020
10703,9.8463
10764,37.4438
10704,9.2888
10765,37.4859
10705,9.7389
10766,37.2837
10706,9.7981
10767,36.9176
10707,9.7976
10768,36.8825
10708,9.5862
10769,36.9243
10709,9.0460
10770,36.8038
10710,9.9736
10771,37.4559
10711,9.6766
10772,36.8671
10712,9.5929
10773,37.3401
10713,9.3444
10774,36.8028
10714,9.9224
10775,37.7464
10715,9.7966
10776,37.4277
10716,9.8860
10777,36.4115
10717,9.6503
10778,37.4366
10718,9.6743
10779,36.5188
10719,9.5312
10780,37.1544
10720,9.8314
10781,36.6672
10721,9.7451
10782,36.4714
10722,9.8792
10723,9.9643
10783,38.1784
10784,37.1533
10724,9.7179
10785,37.9532
10725,9.7509
10786,36.9971
10726,10.0969
10787,36.5112
10727,9.9781
10788,37.9360
10728,9.9663
10789,37.1648
10729,9.7680
10790,37.8702
10730,9.6853
10791,36.7313
10731,9.6462
10792,36.9280
10732,9.7823
10793,37.9548
10733,10.0113
10794,36.5715
10734,9.6039
10795,37.0345
10735,9.6847
10796,38.0144
10736,9.8912
10797,36.6388
10737,9.8137
10798,36.6823
10738,10.0035
10799,37.3858
10739,9.8045
10800,36.5362
10740,9.6855
10801,37.8312
10741,9.7653
10802,37.2673
10742,10.1013
10743,9.8482
10803,37.5049
10804,37.0478
10744,9.6246
10805,37.2054
10745,9.9133
10806,38.6047
10746,9.8769
10807,37.0725
10747,9.5378
10808,37.8001
10748,9.8356
10809,36.6070
10749,9.6291
10810,37.2819
10750,9.6634
10811,37.3367
10751,9.7843
10812,37.0702
10752,9.6353
10813,37.9551
10753,10.0470
10814,37.2099
10754,9.3206
10815,37.3123
10755,9.4124
10816,36.3706
10756,9.8250
10817,36.9458
10757,10.2567
10818,37.8103
10758,9.8030
10819,37.5156
10759,9.6725
10820,36.9186
10760,9.7519
10821,37.2965
10761,9.6034
10822,36.2929
10762,10.0768
10823,37.2401
10763,9.6533
10824,37.0891
10764,9.8532
10825,37.4434
10765,9.5626
10826,36.7978
10766,9.7173
10827,37.0497
10767,9.7159
10828,37.4517
10768,9.6641
10829,37.2272
10769,10.2505
10830,36.5840
10770,9.8008
10831,37.0372
10771,9.5704
10832,37.3333
10772,9.6115
10833,37.1812
10773,9.8700
10774,9.7800
10834,37.4251
10835,36.1779
10775,9.5435
10836,37.1196
10776,9.4465
10837,37.2307
10777,9.4365
10838,36.3314
10778,9.9486
10839,36.8974
10779,9.5523
10840,37.1968
10780,9.6075
10841,36.3813
10781,9.6069
10842,37.7374
10782,9.7992
10843,36.1085
10783,9.5431
10844,37.7912
10784,9.5878
10845,36.2811
10785,9.6690
10786,9.7682
10846,37.3584
10847,37.4267
10787,9.4560
10848,37.4104
10788,9.7090
10849,37.2509
10789,9.9743
10850,36.7704
10790,9.5215
10791,10.0395
10851,37.3839
10852,36.9098
10792,9.7478
10853,37.4048
10793,9.6121
10854,37.1233
10794,9.8409
10855,36.5361
10795,9.6880
10856,37.2581
10796,9.8021
10857,36.2225
10797,9.5417
10858,36.7061
10798,9.6143
10859,36.8671
10799,9.6746
10800,9.7431
10860,37.2731
10861,37.2197
10801,9.5843
10862,37.2387
10802,9.7546
10863,36.6140
10803,9.7080
10864,36.9127
10804,9.5085
10865,37.0399
10805,9.8837
10866,36.4431
10806,9.8207
10867,37.8588
10807,9.8076
10868,37.0795
10808,9.8109
10869,36.7729
10809,9.4558
10870,37.9141
10810,9.6139
10871,36.8586
10811,10.0579
10872,36.4616
10812,9.4280
10873,37.3217
10813,9.6904
10874,36.5722
10814,9.5803
10875,37.7635
10815,9.9394
10876,36.0479
10816,9.4928
10877,38.0709
10817,9.8211
10878,36.9862
10818,9.7285
10879,36.1181
10819,9.4546
10880,37.2556
10820,9.6416
10881,36.6763
10821,9.6364
10882,36.9508
10822,9.5661
10883,37.2864
10823,9.6758
10884,35.9871
10824,10.0166
10825,9.6552
10885,38.1114
10886,35.7767
10826,9.6680
10887,36.6845
10827,9.7257
10888,36.5038
10828,9.3850
10889,36.3748
10829,9.6386
10890,37.4193
10830,9.7317
10891,36.1548
10831,9.5930
10892,36.1767
10832,9.7197
10893,36.3002
10833,9.7199
10894,36.8127
10834,9.7427
10895,36.2663
10835,9.8531
10896,37.8143
10836,9.7819
10897,35.8973
10837,9.6273
10898,37.8283
10838,9.5637
10899,36.2932
10839,9.7360
10900,37.1178
10840,9.6339
10901,37.3736
10841,9.7184
10902,37.0851
10842,9.5756
10903,36.7452
10843,9.4762
10904,36.6908
10844,9.4537
10905,37.1844
10845,9.8146
10906,36.4851
10846,9.6409
10907,37.0174
10847,9.8252
10908,37.7511
10848,9.5195
10909,36.5616
10849,9.7021
10910,36.2169
10850,9.6238
10911,36.4710
10851,9.4289
10912,37.8402
10852,9.4288
10913,36.2308
10853,9.6748
10914,36.8803
10854,9.5846
10915,37.4640
10855,9.4659
10916,36.6801
10856,9.8150
10917,37.4875
10857,9.7578
10918,36.8019
10858,9.6394
10919,38.1129
10859,9.7148
10920,36.9478
10860,9.5119
10921,36.5698
10861,9.8097
10922,36.8134
10862,9.6294
10923,36.0848
10863,9.5188
10924,37.6543
10864,9.5688
10925,36.8361
10865,9.8573
10926,36.3926
10866,9.6021
10927,37.5066
10867,9.4901
10928,36.6355
10868,9.7958
10929,36.6237
10869,9.4090
10930,36.6864
10870,9.7756
10931,36.7926
10871,9.5178
10932,37.3751
10872,9.7459
10933,36.8004
10873,9.5180
10934,36.7099
10874,9.6080
10935,36.0562
10875,9.4816
10936,36.4093
10876,9.4969
10937,37.0872
10877,9.5959
10938,37.2329
10878,9.7653
10939,36.3126
10879,9.4208
10940,37.5504
10880,9.4507
10941,36.6104
10881,9.7727
10942,36.5614
10882,9.5556
10943,37.2305
10883,9.9742
10944,36.0459
10884,9.5809
10945,37.2005
10885,9.5415
10946,36.5185
10886,9.6236
10947,36.7748
10887,9.6633
10948,37.4819
10888,9.5710
10949,36.5555
10889,9.6307
10890,9.6996
10950,38.0017
10951,37.1122
10891,9.5554
10952,36.7766
10892,9.4929
10953,37.3150
10893,9.5799
10954,36.2079
10894,9.4358
10955,37.4383
10895,9.4836
10956,36.2988
10896,9.5641
10957,36.6181
10897,9.5226
10958,37.1636
10898,9.6213
10959,36.6222
10899,9.4455
10960,37.2150
10900,9.7700
10961,37.2264
10901,9.6019
10962,36.0527
10902,9.8008
10963,36.3107
10903,9.5639
10964,36.9310
10904,9.5386
10965,37.0606
10905,9.7386
10966,36.6696
10906,9.5613
10967,37.0674
10907,9.4191
10968,37.0024
10908,9.7439
10969,37.1523
10909,9.5387
10970,37.9687
10910,9.4758
10971,38.1104
10911,9.6883
10972,37.2041
10912,9.6657
10973,36.8645
10913,9.5857
10974,37.4649
10914,9.5166
10975,37.2123
10915,9.4321
10976,36.8725
10916,9.3786
10977,36.7708
10917,9.7967
10978,35.9604
10918,9.5061
10979,37.8001
10919,9.7735
10980,36.3439
10920,9.4806
10981,37.4320
10921,9.5092
10922,9.4715
10982,37.5262
10983,36.4167
10923,9.5341
10984,36.8474
10924,9.5731
10985,36.2585
10925,9.4805
10986,36.5946
10926,10.0252
10927,9.4799
10987,37.3719
10988,36.5467
10928,9.5113
10989,36.9240
10929,9.8358
10990,36.2805
10930,10.0340
10991,37.8474
10931,9.7481
10932,9.4804
10992,38.8372
10933,9.6620
10993,36.9586
10994,36.7264
10934,9.6234
10995,36.5091
10935,9.6126
10996,37.1375
10936,9.3396
10997,37.3256
10937,9.6471
10998,36.3372
10938,9.6905
10999,36.2407
10939,9.5298
11000,37.2684
10940,9.4476
11001,36.2836
10941,9.4329
11002,36.6260
10942,9.6947
11003,37.9376
10943,9.7082
11004,36.0039
10944,9.4933
11005,38.2867
10945,9.5096
11006,36.6669
10946,9.4798
11007,37.0728
10947,9.7023
11008,36.1545
10948,9.5107
11009,36.6095
10949,9.4919
11010,37.7669
10950,9.4353
11011,36.8547
10951,9.3665
11012,36.7182
10952,9.6339
11013,37.2282
10953,9.4187
11014,37.1581
10954,9.3827
11015,37.8425
10955,9.7121
11016,35.6927
10956,9.3779
11017,36.8361
10957,9.3769
10958,9.3870
11018,37.4106
11019,36.8381
10959,9.3582
11020,37.7452
10960,9.5424
11021,37.3421
10961,9.3873
11022,37.6267
10962,9.7449
11023,36.3298
10963,9.4070
11024,36.9850
10964,9.3182
11025,37.4533
10965,9.7727
11026,36.6180
10966,9.5710
11027,36.3825
10967,9.4135
11028,37.1957
10968,9.7656
11029,36.4016
10969,9.4316
11030,36.9731
10970,9.5815
10971,9.4037
11031,38.7703
11032,36.6171
10972,9.5795
11033,36.6596
10973,9.5346
11034,37.3567
10974,9.7794
11035,37.0097
10975,9.6369
11036,36.7539
10976,9.5453
11037,37.1434
10977,9.3089
11038,37.3983
10978,9.3786
11039,36.7282
10979,9.4306
10980,9.7902
11040,37.9064
11041,37.2360
10981,9.5198
11042,37.6074
10982,9.4019
11043,37.7422
10983,9.5433
11044,36.5344
10984,9.6421
11045,37.6453
10985,13.2869
10986,9.7978
11046,38.1741
10987,9.6868
11047,38.3577
11048,36.2068
10988,9.6420
11049,37.8097
10989,9.7455
11050,37.2057
10990,9.7751
11051,36.9232
10991,9.7054
11052,37.0688
10992,9.5330
11053,37.0347
10993,9.4465
11054,37.6801
10994,9.5012
11055,37.9305
10995,9.7591
11056,36.7061
10996,9.5199
10997,9.5488
11057,38.1910
11058,36.7751
10998,9.3763
11059,37.0587
10999,9.3496
11060,36.9484
11000,9.6985
11061,37.6770
11001,9.9259
11062,37.5489
11002,9.7952
11063,37.8293
11003,9.5646
11064,37.2115
11004,9.5684
11065,36.9408
11005,9.7438
11066,37.0971
11006,10.0831
11007,9.9537
11067,37.9830
11068,37.1166
11008,9.5268
11069,37.5826
11009,9.4512
11010,9.7517
11070,37.6570
11071,37.0742
11011,9.4102
11072,37.1571
11012,9.5176
11073,37.9646
11013,9.4208
11074,37.8268
11014,9.6757
11075,37.7942
11015,9.3636
11016,9.7548
11076,37.4366
11077,37.2882
11017,9.5939
11018,9.6771
11078,38.1018
11079,36.9550
11019,9.4109
11080,37.2366
11020,9.4422
11081,38.1966
11021,9.5028
11082,36.8836
11022,9.5476
11083,37.5251
11023,9.3974
11084,37.1077
11024,9.5467
11085,37.6713
11025,9.7106
11086,37.7311
11026,9.5955
11087,36.3500
11027,10.0346
11028,9.5137
11088,37.2895
11089,37.4138
11029,9.5502
11090,36.8869
11030,9.4805
11091,37.1616
11031,9.8285
11092,38.2096
11032,9.6400
11093,37.4920
11033,9.6619
11094,36.8983
11034,9.3202
11095,37.3253
11035,9.7721
11096,36.8391
11036,9.3939
11097,37.9902
11037,9.5363
11098,36.9748
11038,9.5320
11099,37.9006
11039,9.4657
11100,37.9871
11040,9.6831
11101,37.1771
11041,9.2935
11102,37.4615
11042,9.4387
11103,37.6280
11043,9.4714
11104,37.1101
11044,9.6280
11105,37.2614
11045,9.4171
11106,37.3403
11046,9.4259
11107,36.7854
11047,9.6095
11108,37.4197
11048,9.5314
11109,37.1122
11049,9.8803
11110,38.1289
11050,9.7668
11051,9.3057
11111,39.5656
11112,37.0987
11052,9.4718
11113,37.0758
11053,9.5591
11114,37.2695
11054,9.9846
11115,37.5646
11055,10.6616
11056,9.4043
11116,38.1455
11057,9.5646
11117,37.6629
11118,35.9429
11058,9.7780
11119,37.0522
11059,11.0053
11120,38.4676
11060,10.2820
11121,38.1921
11061,10.1406
11122,38.5022
11062,11.0695
11123,36.2135
11063,9.5557
11124,37.7669
11064,9.5047
11125,37.0270
11065,9.6192
11126,37.5846
11066,9.4016
11127,37.1013
11067,9.5024
11128,37.7731
11068,9.6267
11129,37.1642
11069,9.6268
11130,36.8054
11070,9.4383
11131,37.8100
11071,9.5218
11132,37.7067
11072,9.4884
11133,37.8934
11073,9.7511
11134,37.0024
11074,9.7555
11135,37.1425
11075,9.3664
11136,37.1675
11076,9.6282
11137,37.6199
11077,9.4184
11138,37.2269
11078,9.5527
11139,37.4020
11079,9.6920
11140,37.3463
11080,10.1404
11141,37.5698
11081,9.5176
11142,37.9585
11082,9.3580
11143,36.9574
11083,9.3741
11144,37.3473
11084,9.4136
11145,37.1371
11085,9.5158
11146,38.2175
11086,9.5837
11147,37.2276
11087,9.6930
11148,38.9898
11088,9.5261
11149,38.0138
11089,9.5808
11150,36.6962
11090,9.6843
11151,36.7521
11091,9.8805
11152,37.7293
11092,9.5857
11153,37.7217
11093,9.4423
11154,37.6520
11094,9.5616
11155,37.2726
11095,9.6602
11156,36.7217
11096,9.7573
11157,37.2056
11097,9.7447
11158,37.7635
11098,9.6255
11159,37.0585
11099,9.7866
11160,36.9700
11100,9.4500
11101,9.8630
11161,37.4851
11162,37.1873
11102,9.6716
11163,37.7527
11103,9.5634
11164,36.9969
11104,9.4661
11165,37.5470
11105,9.6142
11106,9.5092
11166,38.6101
11167,36.6956
11107,9.9882
11168,37.2294
11108,9.8319
11109,9.5994
11169,37.3641
11170,37.6025
11110,9.7156
11171,37.8579
11111,9.3800
11172,37.3576
11112,9.6972
11173,37.4241
11113,9.9704
11174,36.9926
11114,10.4551
11115,9.5489
11175,37.7870
11176,37.6276
11116,9.8670
11177,36.4597
11117,9.4369
11118,9.7478
11178,37.7869
11179,36.1695
11119,10.5382
11180,37.6527
11120,10.0049
11181,37.1070
11121,10.0639
11182,37.8242
11122,9.7703
11183,37.5280
11123,10.1270
11184,36.7086
11124,10.0281
11185,38.6585
11125,9.7133
11186,37.2376
11126,9.8553
11187,37.5418
11127,9.8256
11188,36.7579
11128,9.7738
11189,37.8558
11129,10.1842
11130,9.6181
11190,37.9816
11191,36.5555
11131,9.9689
11192,37.4319
11132,9.7563
11133,10.3629
11193,37.8906
11194,37.0926
11134,10.0720
11195,37.1757
11135,9.7557
11196,36.8764
11136,9.7916
11137,9.6267
11197,37.3008
11198,37.0571
11138,10.2862
11199,37.4793
11139,9.9152
11200,37.0560
11140,10.4457
11201,37.2117
11141,9.9125
11202,37.5404
11142,9.5169
11203,37.8551
11143,9.0182
11204,37.3642
11144,9.2560
11205,37.3081
11145,9.2376
11206,36.9312
11146,9.2917
11207,37.1135
11147,9.2167
11208,37.2233
11148,9.4000
11209,37.3375
11149,9.4410
11210,36.3476
11150,9.2669
11211,36.6439
11151,9.6195
11152,8.9175
11212,37.7380
11213,36.8701
11153,9.8096
11214,37.7836
11154,9.6119
11215,37.1474
11155,9.3667
11216,37.0412
11156,9.4423
11217,37.4446
11157,9.4400
11218,37.9640
11158,9.5549
11219,37.2865
11159,9.6097
11160,8.9550
11220,37.4241
11221,36.5656
11161,9.3540
11222,37.3989
11162,9.4532
11223,37.8086
11163,9.5304
11164,9.1611
11224,37.6400
11225,36.9291
11165,9.5643
11226,36.4286
11166,9.3780
11227,37.4094
11167,9.2496
11228,36.6342
11168,9.4894
11229,38.0630
11169,9.2951
11230,36.9889
11170,9.8655
11231,37.3352
11171,9.5242
11172,8.9437
11232,37.9858
11233,37.3088
11173,9.5340
11234,36.5905
11174,9.4333
11235,38.1441
11175,9.3201
11236,36.7378
11176,9.4078
11237,38.0993
11177,9.4175
11238,37.3859
11178,9.7383
11239,36.0073
11179,9.3784
11180,9.3081
11240,38.5723
11241,37.2637
11181,9.3715
11182,9.0437
11242,38.1841
11243,37.6802
11183,9.3792
11244,37.2352
11184,9.6956
11245,37.3305
11185,9.6538
11246,37.5241
11186,9.3612
11187,9.0354
11247,37.7159
11188,9.5258
11248,37.3868
11249,39.6948
11189,9.8583
11250,36.9099
11190,9.5099
11251,37.9995
11191,9.6424
11192,9.1388
11252,38.2781
11253,37.0428
11193,9.0895
11254,36.2075
11194,9.2389
11255,37.2584
11195,9.2382
11256,37.1629
11196,9.3068
11197,9.3128
11257,37.3113
11258,36.5085
11198,9.4386
11259,36.7646
11199,9.3375
11260,37.8167
11200,9.6232
11261,37.7282
11201,9.2394
11262,37.0469
11202,9.1345
11263,37.4942
11203,9.4753
11264,36.8154
11204,9.3948
11205,9.2075
11265,37.8476
11266,37.7644
11206,9.5889
11207,9.2183
11267,38.0577
11268,37.6186
11208,9.5893
11209,9.4955
11269,37.9375
11270,36.9982
11210,9.3583
11211,8.8177
11271,37.8554
11272,37.7847
11212,9.0294
11273,37.1723
11213,9.4732
11274,37.1108
11214,9.4600
11275,36.8348
11215,9.7928
11276,37.8045
11216,9.3596
11217,9.2017
11277,37.6162
11218,8.8669
11278,37.4510
11279,37.4440
11219,9.0634
11280,37.3507
11220,9.4034
11281,37.4695
11221,9.4501
11222,9.0504
11282,38.1753
11223,9.1143
11283,37.4016
11284,37.3444
11224,9.1248
11285,37.2275
11225,9.4214
11286,37.2585
11226,9.5478
11227,8.8648
11287,37.8801
11288,37.0488
11228,9.2694
11289,37.6531
11229,9.3989
11290,37.4882
11230,9.7131
11291,36.4054
11231,9.3506
11292,37.9334
11232,9.4512
11293,36.9780
11233,9.1740
11294,37.4411
11234,9.2390
11295,36.9975
11235,9.1857
11296,37.7296
11236,9.5880
11297,36.8063
11237,9.5199
11298,37.1581
11238,9.2206
11239,9.3982
11299,37.5808
11300,36.2073
11240,9.4841
11301,37.8140
11241,9.5486
11302,37.3588
11242,9.0444
11303,37.5271
11243,9.3783
11244,9.2251
11304,37.3727
11305,37.5669
11245,9.4505
11306,37.6921
11246,9.4368
11307,37.2366
11247,9.7345
11248,8.8670
11308,38.4357
11249,9.4036
11309,37.0523
11310,36.4329
11250,9.6032
11311,37.2758
11251,9.5815
11312,37.1500
11252,9.2136
11313,37.4234
11253,9.2735
11314,37.0063
11254,8.8711
11315,37.2135
11255,9.4959
11316,36.9912
11256,9.3734
11317,36.9724
11257,9.6067
11318,36.9342
11258,9.8214
11259,9.2223
11319,37.6648
11320,36.5777
11260,9.4028
11321,37.6060
11261,9.6997
11322,37.1506
11262,9.1578
11323,37.5108
11263,9.7005
11324,37.1605
11264,9.4672
11265,9.0459
11325,38.0871
11326,37.1045
11266,10.0827
11327,36.9383
11267,10.3918
11268,8.8841
11328,38.8452
11269,9.4473
11329,37.2605
11330,37.8423
11270,9.3260
11331,37.6711
11271,9.1045
11332,37.2242
11272,9.7836
11333,37.1566
11273,9.7795
11334,36.5497
11274,9.0918
11275,8.9399
11335,37.1595
11336,37.3492
11276,9.1055
11337,37.1260
11277,9.6662
11338,37.4837
11278,9.3652
11339,37.7335
11279,9.5082
11280,8.8600
11340,37.7541
11281,9.0321
11341,37.4833
11342,36.8696
11282,10.0641
11343,37.0162
11283,9.6713
11344,37.6730
11284,9.4434
11345,38.2346
11285,8.9796
11346,36.9002
11286,8.9878
11347,37.5102
11287,8.9652
11348,37.1696
11288,9.7817
11349,37.0246
11289,9.8306
11350,38.3686
11290,9.2161
11351,37.0782
11291,9.4816
11352,37.5272
11292,9.0814
11353,37.4228
11293,9.5656
11354,37.7116
11294,9.7144
11355,38.1836
11295,9.5952
11356,37.4658
11296,8.9307
11297,9.2412
11357,37.5099
11298,9.2901
11358,38.0941
11359,37.9860
11299,9.3045
11360,38.0115
11300,9.5678
11361,36.4275
11301,9.6217
11362,37.1838
11302,9.4415
11303,9.0193
11363,37.7179
11364,37.4076
11304,9.5812
11365,37.0419
11305,9.3018
11366,37.6741
11306,9.3836
11367,37.9704
11307,9.5690
11368,36.0438
11308,9.3482
11309,9.4870
11369,38.2345
11370,36.2251
11310,9.6909
11371,36.7697
11311,9.5455
11372,36.7890
11312,9.5742
11373,37.0743
11313,9.5678
11314,9.3174
11374,36.7309
11375,37.8804
11315,9.1838
11376,37.1043
11316,9.8564
11377,36.8238
11317,9.9876
11318,9.3198
11378,38.3956
11379,37.9813
11319,9.3747
11380,37.4069
11320,8.9578
11381,37.7768
11321,9.4585
11382,37.1865
11322,10.2690
11383,37.6597
11323,10.6604
11324,9.4142
11384,37.3945
11325,8.8411
11385,37.6351
11326,9.2171
11386,37.1782
11387,37.1153
11327,9.6746
11388,37.1250
11328,10.4920
11389,38.0595
11329,9.4389
11390,36.9741
11330,9.3632
11391,36.8175
11331,9.2864
11332,8.6969
11392,38.5104
11393,36.7297
11333,9.0521
11394,36.6594
11334,9.1912
11395,37.6019
11335,8.8358
11396,37.9425
11336,8.8711
11397,37.2819
11337,9.0394
11398,36.9404
11338,8.7902
11399,36.6396
11339,8.8365
11400,36.9431
11340,9.6820
11401,37.1857
11341,9.7892
11402,37.0572
11342,9.0296
11403,36.7405
11343,8.9693
11404,36.9324
11344,9.3137
11405,36.7709
11345,9.8071
11406,37.4025
11346,9.7671
11407,36.8783
11347,9.7189
11408,36.9978
11348,9.6512
11409,37.4490
11349,9.6792
11410,36.7110
11350,9.7676
11351,9.6659
11411,36.7551
11412,35.8778
11352,10.0292
11353,9.9243
11413,37.4841
11414,36.5263
11354,10.4520
11415,37.0342
11355,8.9692
11416,35.8858
11356,8.7220
11417,36.6690
11357,9.1232
11418,36.8589
11358,10.0955
11359,8.9965
11419,37.2857
11360,8.9289
11420,36.7093
11421,35.8884
11361,8.9223
11422,36.9341
11362,8.7558
11423,36.9095
11363,8.9428
11424,37.1582
11364,8.8331
11425,36.8797
11365,8.8135
11426,36.8495
11366,8.9534
11427,37.4630
11367,8.9954
11428,36.6434
11368,9.5095
11369,8.7510
11429,37.3986
11430,36.7208
11370,9.2177
11431,36.6739
11371,9.3138
11432,37.7353
11372,9.0130
11433,36.0387
11373,9.3234
11434,36.8661
11374,10.0444
11375,8.7593
11435,37.3401
11376,8.7283
11436,37.2564
11437,36.1147
11377,9.2534
11438,37.6997
11378,8.9502
11439,36.2165
11379,10.2895
11440,37.0404
11380,8.8859
11441,37.3924
11381,8.7190
11442,37.4406
11382,8.6853
11443,36.7157
11383,8.9381
11444,36.9342
11384,8.9487
11445,36.9151
11385,9.4803
11446,37.8053
11386,9.0547
11387,8.9257
11447,37.9447
11448,37.1806
11388,8.7262
11449,37.2034
11389,8.9372
11450,36.3067
11390,9.0722
11451,37.6081
11391,9.9190
11392,8.7825
11452,38.8539
11393,8.6890
11453,37.0800
11454,36.2070
11394,9.2147
11455,35.6144
11395,8.9994
11456,37.2015
11396,10.1386
11457,38.5521
11397,8.9539
11398,8.6868
11458,37.9451
11459,36.3834
11399,8.9782
11460,36.4550
11400,9.4670
11461,36.9402
11401,8.9228
11462,36.5999
11402,8.7759
11463,37.0499
11403,8.8883
11464,36.6480
11404,8.8539
11465,37.0500
11405,9.2189
11466,37.9903
11406,8.8643
11467,36.7304
11407,9.2169
11468,37.3360
11408,9.0453
11469,37.3778
11409,8.9646
11410,8.8985
11470,37.3684
11471,35.7168
11411,8.8857
11472,37.1057
11412,8.7775
11473,36.5666
11413,8.8849
11474,37.4299
11414,8.7431
11475,36.8657
11415,8.9245
11476,36.4078
11416,9.1644
11477,36.5030
11417,9.2142
11478,36.2803
11418,9.1738
11479,37.3499
11419,10.0383
11420,9.0070
11480,38.5734
11481,36.1487
11421,9.0524
11482,37.1259
11422,8.9931
11483,36.3862
11423,8.8855
11484,36.9255
11424,9.4590
11485,36.3775
11425,10.3810
11426,8.6418
11486,37.6244
11427,8.6532
11487,37.0751
11428,8.7457
11488,36.5584
11489,36.2800
11429,9.0349
11490,36.4629
11430,10.1849
11491,37.9190
11431,8.9492
11432,8.7824
11492,37.7028
11493,36.2043
11433,9.7261
11494,36.8576
11434,8.6205
11495,36.9752
11435,8.9598
11496,38.7676
11436,9.1143
11497,36.4933
11437,8.8769
11498,37.2737
11438,8.7351
11499,36.8420
11439,8.7999
11500,37.1912
11440,8.8294
11501,36.8645
11441,8.7288
11502,36.6299
11442,9.0271
11503,36.8152
11443,9.2055
11504,37.0130
11444,8.8092
11505,36.7894
11445,9.0888
11506,36.5847
11446,8.9492
11507,37.1085
11447,8.9951
11448,8.6366
11508,37.6294
11509,36.5420
11449,8.6989
11510,36.2856
11450,8.9456
11511,37.2228
11451,8.9098
11512,37.0478
11452,9.1703
11513,37.3265
11453,8.9893
11514,36.8524
11454,8.9020
11515,36.9477
11455,8.9421
11516,36.7656
11456,8.9275
11517,38.2282
11457,8.9224
11518,36.8847
11458,8.8724
11519,37.4709
11459,8.8971
11520,36.8833
11460,8.7728
11521,37.2140
11461,8.9912
11522,37.6987
11462,8.9864
11523,37.1258
11463,8.8699
11524,38.0797
11464,9.0041
11525,36.4557
11465,9.1128
11526,36.6541
11466,9.3041
11527,36.6128
11467,8.8255
11528,37.0855
11468,8.8982
11529,36.8761
11469,9.5983
11530,37.4217
11470,8.9703
11531,37.2548
11471,8.9942
11532,37.4429
11472,9.1856
11533,36.7022
11473,8.8459
11534,37.0022
11474,9.1463
11535,36.9163
11475,9.1520
11536,38.0343
11476,8.8536
11477,9.0817
11537,37.1546
11538,36.3059
11478,8.8752
11539,37.1594
11479,9.1601
11540,37.5376
11480,9.5837
11541,37.0352
11481,9.2683
11542,37.4961
11482,8.7643
11483,8.8782
11543,37.5070
11544,36.7742
11484,9.1407
11545,37.5146
11485,9.0815
11546,37.2656
11486,9.1328
11547,37.6271
11487,9.7559
11548,37.5493
11488,8.9641
11549,37.2105
11489,9.0644
11550,37.6317
11490,8.8882
11551,37.3078
11491,9.0605
11552,36.1565
11492,8.8601
11553,36.9659
11493,8.8693
11554,36.8874
11494,9.1307
11555,37.2896
11495,9.0143
11556,36.8110
11496,8.8700
11557,36.8442
11497,8.8759
11558,38.0903
11498,8.9778
11559,36.4257
11499,8.9755
11560,36.7064
11500,8.9663
11561,37.2372
11501,8.8283
11562,37.3773
11502,8.8664
11563,37.3964
11503,8.9739
11564,37.3041
11504,8.6955
11565,37.6838
11505,8.7630
11566,37.7059
11506,8.8772
11567,37.0856
11507,9.0901
11568,37.1041
11508,8.8794
11569,37.7007
11509,8.9534
11570,36.8305
11510,8.9710
11511,8.8180
11571,39.0029
11572,35.9700
11512,8.8929
11573,36.5675
11513,8.8469
11574,38.0534
11514,9.2564
11575,37.3559
11515,9.8380
11576,37.6358
11516,9.3421
11577,37.9775
11517,9.0882
11578,37.0204
11518,8.9147
11579,36.5587
11519,8.9662
11580,36.8145
11520,8.8346
11581,36.8455
11521,9.5123
11582,36.8380
11522,8.8985
11523,8.7650
11583,38.0926
11584,37.0981
11524,9.0498
11585,36.3119
11525,10.3475
11586,37.2206
11526,10.6443
11587,37.9485
11527,10.8979
11588,37.4814
11528,10.5169
11589,37.5633
11529,10.9069
11590,36.5403
11530,11.0095
11591,37.2852
11531,10.7765
11592,37.2969
11532,10.6960
11593,36.9044
11533,10.4033
11594,36.5575
11534,10.7594
11595,36.2821
11535,10.7434
11596,36.2592
11536,11.9106
11537,8.7383
11597,38.0846
11538,9.2083
11598,37.1083
11599,37.0652
11539,11.7845
11600,37.1926
11540,10.9803
11601,38.3525
11541,11.1796
11602,36.7388
11542,13.5084
11543,10.3154
11603,37.5127
11544,9.9243
11604,37.6017
11605,36.2420
11545,10.1937
11606,36.0104
11546,11.5016
11607,36.8530
11547,13.3274
11608,38.3736
11548,13.1541
11549,12.3371
11609,39.7044
11610,36.9893
11550,13.2759
11611,36.6511
11551,12.9295
11552,10.0663
11612,36.3104
11613,36.1702
11553,13.5997
11554,13.0055
11614,37.9070
11555,9.8781
11615,36.8468
11616,36.5309
11556,8.8004
11617,36.2470
11557,8.7645
11618,36.8367
11558,9.1434
11619,37.8222
11559,8.9973
11560,8.8022
11620,37.7065
11621,36.2348
11561,8.9442
11622,36.5891
11562,8.9471
11623,37.2814
11563,8.9364
11624,36.4911
11564,9.2364
11625,37.6100
11565,9.3090
11566,8.9757
11626,37.7925
11627,35.8423
11567,9.5083
11628,36.1942
11568,9.1076
11629,36.8234
11569,8.9673
11630,37.1557
11570,9.4515
11631,37.5163
11571,8.8802
11632,37.0264
11572,9.0194
11633,35.5454
11573,8.8161
11634,36.6353
11574,8.8908
11635,36.8282
11575,9.7444
11636,36.3329
11576,9.1268
11637,38.1206
11577,8.9974
11578,9.2131
11638,37.1602
11639,36.4207
11579,9.1705
11640,37.0483
11580,9.3205
11641,36.1346
11581,9.4735
11642,37.7943
11582,9.5755
11583,8.6911
11643,38.5125
11644,36.5195
11584,8.7843
11645,36.4524
11585,9.1308
11646,36.4802
11586,9.0366
11647,37.0196
11587,9.3732
11648,37.8351
11588,8.9420
11649,37.5760
11589,9.1562
11650,36.6866
11590,9.2098
11651,36.0803
11591,9.2864
11652,37.1215
11592,9.9417
11653,37.0079
11593,9.2192
11654,38.3925
11594,9.2211
11595,8.7917
11655,37.1936
11656,35.9794
11596,8.7751
11657,35.9189
11597,9.1108
11658,36.4145
11598,9.2557
11659,37.9601
11599,9.3053
11660,37.7406
11600,9.2666
11661,36.3383
11601,9.3150
11662,37.8217
11602,9.5189
11663,36.3860
11603,9.0787
11664,36.5780
11604,9.2486
11665,38.3667
11605,9.2770
11666,37.0557
11606,9.1534
11667,36.6422
11607,9.0595
11668,36.2747
11608,8.9297
11669,37.5850
11609,9.3139
11670,37.0148
11610,9.2246
11671,37.7805
11611,9.0154
11672,36.9131
11612,9.1711
11613,8.8574
11673,36.9914
11674,36.0695
11614,8.8761
11675,36.5418
11615,9.7315
11676,37.1587
11616,9.4253
11617,9.1396
11677,37.5764
11678,36.2067
11618,8.9798
11679,36.5305
11619,8.9020
11680,36.6897
11620,9.2885
11681,36.9911
11621,9.1476
11682,37.6230
11622,8.8567
11683,36.7722
11623,8.9108
11684,37.0744
11624,9.0655
11685,36.0493
11625,9.0159
11686,36.9921
11626,9.2696
11687,36.0323
11627,9.0810
11688,36.9078
11628,8.9940
11689,36.7996
11629,9.3529
11690,37.0173
11630,9.3351
11691,37.1522
11631,9.3239
11692,36.5552
11632,9.2519
11693,37.1116
11633,9.2774
11694,37.9691
11634,9.2495
11695,36.5160
11635,9.3418
11696,37.1179
11636,9.0676
11697,36.9821
11637,8.9690
11698,37.0311
11638,9.5772
11699,36.3495
11639,9.4091
11640,9.0560
11700,37.9383
11701,36.1697
11641,8.9547
11702,36.6389
11642,9.4803
11703,35.8182
11643,9.2982
11704,37.1901
11644,9.3066
11705,36.4303
11645,8.9851
11706,37.7124
11646,9.1328
11707,36.4015
11647,9.1953
11708,36.8235
11648,9.0995
11709,36.8515
11649,9.0173
11710,37.3179
11650,9.0551
11711,36.6387
11651,9.0610
11712,37.9917
11652,9.2995
11713,35.8620
11653,9.1777
11654,8.9461
11714,37.9522
11715,37.1140
11655,9.1675
11716,35.8448
11656,9.0082
11717,37.4530
11657,8.9860
11718,37.6386
11658,8.9598
11719,36.9219
11659,9.0533
11720,36.5265
11660,8.9835
11721,36.5733
11661,9.1010
11722,36.7966
11662,8.9418
11723,37.0412
11663,8.9955
11724,37.2878
11664,9.3833
11725,36.3553
11665,8.8938
11726,36.5526
11666,9.2409
11727,36.7793
11667,9.0513
11728,37.7742
11668,8.9423
11729,36.8710
11669,9.1919
11730,36.9921
11670,9.3439
11731,36.3832
11671,8.9561
11732,37.4188
11672,9.2650
11733,37.5158
11673,9.0922
11734,36.5883
11674,8.8574
11735,36.4356
11675,9.2084
11736,36.7911
11676,8.9902
11737,37.3601
11677,8.9318
11738,37.7757
11678,8.9184
11679,8.8092
11739,36.8988
11740,36.4557
11680,9.0580
11741,36.7143
11681,9.0275
11742,37.3439
11682,9.2785
11743,37.0602
11683,9.2547
11684,8.9660
11744,37.9994
11745,36.4161
11685,8.9165
11746,37.2062
11686,9.0546
11747,36.9344
11687,9.0341
11748,38.3052
11688,8.8091
11749,36.8576
11689,9.0052
11750,37.1152
11690,8.9147
11751,36.7259
11691,8.9644
11752,36.4014
11692,9.0390
11753,37.1735
11693,8.9565
11754,36.4350
11694,9.0858
11755,36.7476
11695,8.9365
11756,37.5804
11696,9.0636
11757,37.0657
11697,8.8945
11758,36.1855
11698,8.8741
11759,36.8918
11699,8.8966
11760,37.1682
11700,8.8733
11761,36.8405
11701,8.8617
11762,37.5949
11702,8.7392
11763,36.2545
11703,8.9484
11764,37.0697
11704,9.1233
11765,36.7548
11705,8.9145
11706,8.8952
11766,38.4041
11767,37.2536
11707,9.0309
11768,36.1219
11708,8.9133
11769,37.2893
11709,8.9292
11770,37.5253
11710,8.8406
11771,36.5350
11711,9.1121
11772,37.3391
11712,8.9141
11773,36.9337
11713,9.0320
11774,36.2977
11714,8.8820
11775,37.1512
11715,8.8970
11776,36.5712
11716,9.3256
11777,36.2884
11717,9.2551
11718,8.9052
11778,37.9102
11719,8.8169
11779,37.4971
11780,36.3330
11720,8.9237
11781,36.7516
11721,8.7566
11782,36.6422
11722,9.4216
11783,37.3896
11723,9.1142
11724,8.8478
11784,37.4659
11725,8.9694
11785,37.5693
11786,36.2888
11726,8.8954
11787,36.3163
11727,9.1694
11788,37.1809
11728,9.4236
11789,37.0844
11729,8.9302
11730,9.0332
11790,38.3860
11791,35.8219
11731,9.1358
11792,35.9168
11732,8.9865
11793,36.6768
11733,9.7568
11794,36.8913
11734,8.9934
11735,9.0475
11795,38.0310
11736,9.1787
11796,36.6071
11797,36.0897
11737,9.0254
11798,36.4559
11738,9.6139
11799,36.8814
11739,9.1977
11800,37.7084
11740,8.9175
11801,37.1721
11741,8.8857
11802,36.7572
11742,9.0874
11803,36.6339
11743,8.9643
11804,36.5084
11744,9.5261
11805,37.2170
11745,9.0770
11806,37.1630
11746,8.9130
11807,37.8621
11747,8.9913
11808,37.1897
11748,9.3618
11809,36.3779
11749,9.5446
11810,36.8146
11750,9.3395
11811,36.6994
11751,9.0002
11812,37.6877
11752,8.8980
11813,36.5986
11753,8.9791
11814,36.4220
11754,8.8786
11815,36.5127
11755,9.4796
11816,37.1080
11756,8.9886
11817,37.6811
11757,8.9376
11818,36.7277
11758,8.8849
11759,9.0723
11819,36.7742
11820,35.9421
11760,9.8161
11821,37.4789
11761,9.2804
11822,38.1086
11762,8.8124
11823,36.3386
11763,8.9186
11824,36.6755
11764,8.9274
11825,37.1028
11765,8.9315
11826,36.5019
11766,9.3247
11827,37.4365
11767,9.1733
11828,37.7288
11768,9.1152
11829,37.5219
11769,9.0399
11770,8.6783
11830,37.1274
11831,36.4684
11771,9.3470
11832,37.4035
11772,9.4804
11833,37.1538
11773,9.1773
11774,8.8596
11834,37.9043
11835,37.4114
11775,8.9983
11836,37.6803
11776,8.7836
11837,37.1197
11777,9.0748
11838,36.0903
11778,9.1429
11839,37.7544
11779,9.1216
11780,9.0564
11840,40.5533
11841,37.2333
11781,8.7564
11842,36.7371
11782,8.7620
11843,36.6868
11783,8.9316
11844,37.6931
11784,8.9023
11845,36.7606
11785,8.8662
11846,37.7110
11786,9.0885
11847,36.9853
11787,8.9025
11788,9.1245
11848,38.5822
11849,36.1417
11789,9.1998
11850,37.0930
11790,9.2424
11851,37.3846
11791,9.3640
11852,36.8923
11792,9.0461
11793,9.1634
11853,37.6849
11854,36.5945
11794,9.0589
11855,37.4474
11795,9.6742
11856,37.3961
11796,8.9460
11797,8.8969
11857,38.2189
11858,37.4634
11798,8.7852
11859,36.9079
11799,9.0969
11860,36.2712
11800,8.9910
11861,36.4476
11801,9.5638
11862,38.3157
11802,9.0592
11803,8.8595
11863,38.1187
11804,8.8000
11864,37.5807
11865,36.3854
11805,8.8934
11866,36.8980
11806,9.0395
11867,36.9074
11807,9.1788
11808,8.8986
11868,37.5834
11869,37.6148
11809,8.8329
11870,37.0721
11810,8.9744
11871,37.4071
11811,9.0955
11872,37.4761
11812,9.1867
11873,37.6328
11813,9.0847
11874,38.0837
11814,8.8696
11875,36.3414
11815,9.4778
11876,39.1728
11816,9.0120
11877,37.1924
11817,8.9519
11878,36.6722
11818,8.9803
11879,37.4436
11819,9.0729
11880,36.1873
11820,8.7306
11881,39.7997
11821,9.6477
11882,36.6936
11822,8.9669
11823,9.1971
11883,38.4064
11824,8.9959
11884,36.4596
11885,37.1536
11825,9.3349
11886,37.0347
11826,8.9140
11887,37.2894
11827,9.1411
11888,36.4246
11828,8.9352
11889,37.1809
11829,8.9593
11890,36.7524
11830,8.9239
11891,37.3325
11831,9.1107
11892,36.8622
11832,9.0478
11893,35.8778
11833,9.4418
11894,36.2163
11834,9.2878
11895,37.2165
11835,9.0162
11896,36.8148
11836,9.0013
11897,36.0526
11837,9.0851
11898,36.8456
11838,8.8014
11899,37.0656
11839,8.9854
11900,36.7291
11840,9.2190
11901,37.1227
11841,9.1087
11902,36.7278
11842,9.1790
11843,9.0317
11903,36.9301
11904,36.6119
11844,9.1897
11905,36.8229
11845,8.8810
11906,37.3110
11846,9.1595
11847,8.7884
11907,38.3376
11908,36.0768
11848,8.8195
11909,36.5697
11849,9.1474
11910,36.0333
11850,9.1018
11911,37.2109
11851,9.3051
11912,36.6113
11852,9.0142
11913,37.4029
11853,8.9149
11914,36.1929
11854,8.8790
11915,37.0147
11855,9.1009
11916,36.3419
11856,9.0490
11917,36.5696
11857,9.2709
11918,37.3725
11858,8.9751
11859,9.0237
11919,37.5448
11920,36.6737
11860,8.9198
11921,36.3452
11861,9.4454
11922,36.1571
11862,9.1259
11923,37.6159
11863,9.3254
11924,37.1679
11864,8.8480
11925,37.0073
11865,8.8559
11926,37.5743
11866,9.1079
11927,37.0251
11867,9.6053
11928,36.5155
11868,8.9325
11929,38.2161
11869,9.1540
11930,36.7813
11870,9.1557
11931,36.3609
11871,9.1045
11932,35.6575
11872,9.1004
11933,37.2612
11873,9.0846
11934,37.4988
11874,9.0788
11935,36.8639
11875,8.8993
11936,36.6610
11876,9.2355
11937,37.1930
11877,8.8790
11938,37.0915
11878,9.3966
11939,35.7711
11879,8.9633
11940,37.6420
11880,9.0225
11941,36.3555
11881,9.0003
11942,36.9041
11882,9.0818
11943,37.2081
11883,9.0718
11944,37.1455
11884,9.1498
11945,36.8660
11885,9.3783
11886,9.0558
11946,38.0202
11947,36.5268
11887,9.0630
11948,35.8110
11888,9.1168
11949,37.6767
11889,8.8342
11950,37.1558
11890,9.6062
11951,36.5680
11891,9.1621
11892,8.9646
11952,37.8730
11953,36.3031
11893,9.4175
11954,36.0079
11894,9.4131
11955,36.7981
11895,9.2553
11896,9.1477
11956,37.7970
11957,36.5275
11897,9.1242
11958,36.6303
11898,9.1689
11959,36.5162
11899,9.0366
11960,36.5057
11900,9.3226
11961,36.9002
11901,9.3527
11962,37.2474
11902,9.0842
11963,36.4587
11903,9.0020
11964,36.3630
11904,9.3520
11965,36.9665
11905,9.0508
11966,37.2815
11906,9.8568
11967,36.2122
11907,9.1805
11908,8.9869
11968,37.3007
11969,36.8505
11909,8.9761
11970,36.4034
11910,9.0789
11971,37.0054
11911,9.1294
11972,37.3898
11912,9.4190
11973,36.9851
11913,9.0824
11914,8.5366
11974,37.1875
11975,36.3813
11915,9.1990
11976,35.9464
11916,9.5666
11977,36.5747
11917,9.2924
11978,38.0175
11918,9.2579
11979,35.9945
11919,8.9250
11980,36.9636
11920,8.9244
11981,36.5515
11921,9.1551
11982,36.5551
11922,8.6945
11983,37.2417
11923,9.0344
11984,36.7150
11924,9.0552
11925,8.8593
11985,37.7208
11986,36.3778
11926,9.1802
11987,36.3485
11927,9.1546
11988,36.6935
11928,9.0912
11989,37.1113
11929,9.1055
11990,36.7882
11930,9.1041
11991,36.5798
11931,9.5737
11992,36.7525
11932,9.3215
11933,8.9076
11993,37.7213
11994,36.5750
11934,9.1842
11995,36.6208
11935,8.9541
11996,37.6202
11936,8.9280
11997,36.3353
11937,9.0175
11998,37.0083
11938,9.1909
11999,37.0495
11939,8.8661
12000,36.5270
11940,9.4945
12001,37.8109
11941,9.3612
11942,8.8817
12002,36.6669
12003,36.3816
11943,8.9819
12004,36.4295
11944,8.8366
12005,37.0370
11945,9.4237
12006,36.4579
11946,9.1396
12007,37.0885
11947,9.0418
12008,37.4505
11948,8.9200
12009,36.4387
11949,8.9139
12010,36.3671
11950,8.8250
12011,37.5637
11951,8.9799
12012,37.1355
11952,9.0419
12013,36.6366
11953,8.9059
12014,36.9575
11954,8.8853
12015,36.9302
11955,9.2399
12016,37.9134
11956,9.0524
12017,37.3260
11957,9.0355
12018,36.9638
11958,9.0397
12019,36.4788
11959,9.1571
12020,36.2792
11960,9.0370
12021,36.8643
11961,9.3604
12022,37.1305
11962,9.3605
12023,36.7734
11963,9.1777
12024,37.4999
11964,9.3222
12025,36.8838
11965,9.4283
11966,9.1275
12026,37.1854
11967,9.0980
12027,37.7440
12028,37.3283
11968,8.8590
12029,36.9857
11969,9.2720
12030,36.6572
11970,8.8928
12031,37.3834
11971,8.8587
12032,37.0105
11972,9.1846
12033,36.1168
11973,8.9016
12034,36.8126
11974,9.1621
12035,37.6771
11975,8.9733
12036,37.2100
11976,9.3043
12037,36.2611
11977,9.0034
12038,37.2875
11978,9.3361
12039,36.7200
11979,9.0947
11980,8.9550
12040,37.5945
12041,36.2513
11981,9.1033
12042,36.6470
11982,9.2732
12043,36.8628
11983,9.4098
12044,37.7722
11984,9.4104
12045,36.6889
11985,8.9744
12046,36.7306
11986,9.1501
12047,36.6149
11987,9.1306
12048,36.5641
11988,9.3446
12049,36.3997
11989,9.0690
12050,37.1282
11990,9.1305
12051,37.4516
11991,9.2682
12052,36.1461
11992,8.9907
12053,37.5229
11993,9.3268
12054,36.1588
11994,9.4582
12055,36.7956
11995,9.1838
12056,37.8423
11996,9.0074
12057,36.8113
11997,9.2210
12058,36.3730
11998,8.8863
12059,36.4737
11999,9.0744
12060,36.6260
12000,8.7702
12061,36.8692
12001,9.3004
12062,36.7751
12002,9.1760
12063,36.8472
12003,8.9880
12064,37.3952
12004,9.4344
12065,37.2573
12005,9.1109
12066,37.1952
12006,9.1856
12067,36.0158
12007,8.8808
12068,37.1752
12008,9.0608
12069,36.8735
12009,9.0920
12010,9.6710
12070,37.3234
12071,36.2137
12011,9.0725
12072,37.0959
12012,8.9814
12073,35.8209
12013,8.9398
12014,8.8741
12074,37.3496
12075,36.6665
12015,8.9317
12076,36.9389
12016,8.8911
12077,37.4565
12017,9.1075
12078,37.0803
12018,8.8402
12019,9.0319
12079,37.9838
12080,36.5007
12020,9.3570
12081,37.4155
12021,9.1922
12022,8.9105
12082,37.1736
12083,36.0415
12023,9.1546
12084,36.6635
12024,9.1493
12085,37.0494
12025,9.1659
12086,36.4044
12026,9.5385
12087,36.4783
12027,9.0957
12028,9.1728
12088,37.5982
12089,36.0290
12029,9.3012
12090,36.6458
12030,8.9157
12031,8.9752
12091,37.9533
12092,36.2937
12032,9.3966
12093,37.6737
12033,8.8306
12094,37.2646
12034,9.1849
12095,36.7867
12035,8.7791
12036,9.0272
12096,37.5684
12097,36.3955
12037,9.0059
12098,37.3801
12038,9.0105
12099,36.3121
12039,9.0323
12100,36.6791
12040,8.9255
12101,37.5103
12041,9.1305
12102,36.3476
12042,9.0917
12103,37.4972
12043,8.7108
12104,36.8777
12044,8.7779
12105,36.3540
12045,9.2986
12106,37.4457
12046,8.8973
12107,37.4162
12047,8.9962
12108,36.2199
12048,9.1023
12109,36.6433
12049,9.1192
12110,35.7646
12050,8.5978
12111,36.9597
12051,8.8447
12112,37.2167
12052,9.1859
12053,8.9913
12113,37.9339
12114,36.4836
12054,9.0528
12115,36.3873
12055,8.9845
12116,37.4118
12056,9.0112
12117,37.1876
12057,9.1513
12118,36.1481
12058,8.8379
12119,37.1381
12059,9.0085
12120,36.6835
12060,8.9459
12121,36.6832
12061,8.9884
12122,37.5401
12062,9.1574
12123,36.1377
12063,9.0434
12124,37.3369
12064,9.2053
12125,37.1428
12065,9.1544
12126,37.5693
12066,9.1458
12127,36.3916
12067,9.1603
12128,36.8049
12068,9.1503
12129,36.3139
12069,9.0508
12130,37.7511
12070,9.2192
12131,36.6246
12071,9.0565
12132,37.4330
12072,9.1555
12133,36.3410
12073,8.9919
12134,36.9297
12074,8.9595
12135,36.4324
12075,9.0335
12136,37.3739
12076,9.1752
12137,37.0525
12077,9.1078
12138,36.5909
12078,9.0943
12139,38.0375
12079,9.4634
12140,35.9428
12080,8.7772
12141,36.9856
12081,9.1768
12142,36.9933
12082,8.9440
12143,37.3837
12083,9.1109
12144,37.8706
12084,9.1569
12145,35.6469
12085,9.2931
12146,37.6663
12086,9.2083
12087,9.0770
12147,37.7508
12148,36.7909
12088,9.1211
12149,36.5497
12089,9.1613
12150,37.2999
12090,9.1308
12151,36.3900
12091,9.1302
12152,37.1480
12092,9.0633
12153,36.3832
12093,8.9105
12154,36.8168
12094,8.9150
12155,36.5565
12095,8.8721
12156,37.0915
12096,8.8453
12157,36.8894
12097,8.9537
12158,37.2047
12098,8.9771
12159,36.6667
12099,9.3572
12160,36.8642
12100,8.9302
12161,36.2841
12101,9.1424
12162,37.0340
12102,8.9203
12163,36.7055
12103,9.1063
12164,36.3335
12104,8.7798
12165,36.5586
12105,8.5776
12166,36.8116
12106,8.6524
12167,36.3977
12107,9.0079
12108,8.7175
12168,37.9368
12169,36.3304
12109,8.8467
12170,36.9695
12110,8.9464
12171,37.8075
12111,8.8323
12172,36.7724
12112,8.8934
12173,36.4137
12113,8.7518
12114,9.0380
12174,38.9017
12175,38.1476
12115,9.5390
12176,36.1609
12116,9.2937
12177,37.6290
12117,9.4305
12178,36.7838
12118,9.1938
12179,36.9081
12119,9.0429
12180,36.7475
12120,9.5779
12121,8.9987
12181,36.8256
12182,35.6904
12122,9.0084
12183,37.4986
12123,11.0314
12184,37.3480
12124,11.1534
12185,37.1987
12125,10.7371
12186,37.1963
12126,10.7827
12187,36.9935
12127,11.0500
12188,37.2325
12128,11.4183
12189,37.7899
12129,10.9887
12190,35.9829
12130,11.1330
12191,37.2084
12131,11.5626
12192,36.8702
12132,10.7478
12193,36.7110
12133,11.0199
12194,36.7878
12134,10.7608
12195,36.8201
12135,10.5500
12196,37.1207
12136,10.3512
12197,37.3252
12137,10.4177
12198,36.0994
12138,10.3688
12199,36.8310
12139,10.5037
12200,36.6337
12140,10.4780
12201,37.1380
12141,10.3000
12202,36.6747
12142,10.8271
12203,36.1029
12143,10.2530
12204,36.9923
12144,10.4144
12205,36.5633
12145,10.6900
12206,36.8639
12146,10.7614
12207,37.6306
12147,8.9932
12208,36.3639
12148,9.3523
12209,37.0442
12149,9.2490
12210,37.2174
12150,8.9706
12211,37.0146
12151,9.1464
12212,37.1348
12152,8.9538
12213,36.4518
12153,8.8613
12214,37.1011
12154,8.8510
12215,37.5543
12155,8.7913
12216,37.3389
12156,9.0113
12217,36.6429
12157,9.0604
12218,36.6778
12158,8.9811
12219,37.2381
12159,9.6786
12220,36.9602
12160,9.2610
12221,38.4480
12161,8.7866
12222,36.8820
12162,8.9464
12223,37.3176
12163,8.7051
12224,36.6194
12164,8.8554
12225,36.9118
12165,8.9981
12226,37.2030
12166,9.1156
12227,36.7605
12167,8.8914
12228,37.9227
12168,9.1278
12229,35.9136
12169,8.9258
12230,36.8629
12170,8.9907
12231,36.2731
12171,9.7263
12232,36.7573
12172,9.1527
12173,8.9242
12233,37.7863
12234,36.6150
12174,9.1250
12235,36.3475
12175,9.1283
12236,36.6245
12176,9.3008
12237,36.8472
12177,8.8381
12238,37.2180
12178,9.1636
12239,37.6398
12179,9.0958
12240,36.5869
12180,9.0087
12241,37.7457
12181,9.0775
12242,36.5177
12182,9.3553
12243,36.7917
12183,9.3486
12184,8.9295
12244,38.0225
12245,35.9309
12185,8.9352
12246,37.0316
12186,8.9013
12247,37.6473
12187,8.8210
12248,37.6806
12188,9.1317
12249,36.4107
12189,9.1290
12250,37.5842
12190,9.1235
12251,36.2452
12191,9.1966
12252,36.4285
12192,9.1851
12253,37.4629
12193,9.0870
12254,35.9033
12194,9.0304
12255,37.5288
12195,9.0176
12256,37.1385
12196,8.8366
12257,36.7321
12197,8.8392
12258,37.2769
12198,9.1314
12259,36.4182
12199,9.1719
12260,37.4999
12200,8.7985
12261,36.3402
12201,8.7464
12262,37.6106
12202,8.7449
12263,37.0683
12203,9.2475
12264,36.8971
12204,9.0446
12265,37.3791
12205,8.9542
12266,36.9033
12206,9.2616
12267,37.5341
12207,9.0720
12268,36.5407
12208,8.8010
12209,8.8397
12269,39.3983
12270,36.2657
12210,8.9761
12271,36.3917
12211,8.7956
12272,36.9462
12212,9.2623
12273,37.1112
12213,8.8028
12274,36.9985
12214,8.8791
12275,36.6628
12215,8.9246
12276,36.7265
12216,8.6772
12277,36.7922
12217,8.7756
12278,37.2355
12218,8.7744
12279,37.2156
12219,9.0652
12280,36.6849
12220,8.8307
12281,36.5664
12221,8.9804
12282,36.9832
12222,9.0453
12283,36.8824
12223,8.9309
12284,37.8581
12224,9.0380
12285,37.4571
12225,8.9246
12286,36.5303
12226,8.8247
12287,36.4811
12227,9.1190
12288,36.7669
12228,8.8883
12289,37.7711
12229,8.9316
12290,37.0726
12230,8.6999
12291,36.6417
12231,8.9196
12292,38.0918
12232,9.0979
12293,36.1739
12233,8.7707
12294,36.8866
12234,8.9637
12295,37.4392
12235,8.8126
12296,36.9659
12236,9.0928
12297,36.7024
12237,8.9191
12298,37.2277
12238,8.8353
12299,36.8129
12239,9.0053
12300,37.6377
12240,8.7745
12301,37.0337
12241,8.9289
12302,37.0656
12242,8.9781
12303,37.3040
12243,8.8705
12304,37.1283
12244,8.7960
12305,36.7935
12245,8.8563
12306,37.0591
12246,8.8596
12247,8.8089
12307,37.8405
12308,36.6100
12248,8.8921
12309,37.1486
12249,8.7318
12310,37.4309
12250,8.8107
12311,36.8491
12251,8.8220
12312,37.9324
12252,8.8838
12313,37.0356
12253,8.9463
12314,36.9846
12254,8.9187
12315,36.1902
12255,8.8641
12316,37.5535
12256,8.8631
12317,35.7226
12257,8.9142
12318,37.3300
12258,8.7830
12319,37.0348
12259,8.7293
12320,37.0958
12260,8.7243
12321,36.5527
12261,9.0239
12322,36.3302
12262,9.0111
12323,37.3675
12263,9.1124
12264,8.8720
12324,37.6860
12325,36.2314
12265,9.0054
12326,36.9320
12266,8.6919
12327,37.0574
12267,8.8726
12328,36.8543
12268,8.9925
12329,36.0526
12269,9.0151
12330,37.7495
12270,9.1427
12331,36.9813
12271,8.8711
12332,37.6049
12272,9.0031
12333,36.9707
12273,8.7553
12334,36.4592
12274,9.2117
12335,37.5582
12275,9.0826
12276,8.7413
12336,38.1447
12337,36.2942
12277,9.0165
12338,35.8994
12278,9.0885
12339,37.1318
12279,9.2389
12340,36.5647
12280,9.1491
12281,8.8346
12341,38.0745
12342,36.2336
12282,8.8482
12343,36.8064
12283,8.8237
12344,36.7413
12284,8.9124
12345,36.7826
12285,8.9926
12346,37.6910
12286,8.6828
12287,8.9140
12347,36.8919
12348,36.4247
12288,8.9808
12349,37.0489
12289,8.9059
12350,37.5974
12290,8.5176
12351,36.6917
12291,8.7704
12352,36.3090
12292,8.9438
12353,36.8461
12293,9.0150
12354,36.9728
12294,8.9763
12355,36.8257
12295,9.0946
12356,37.4198
12296,9.0935
12357,36.3294
12297,9.0054
12358,36.9831
12298,8.6387
12359,37.1659
12299,8.7607
12360,37.7219
12300,8.9092
12361,35.6920
12301,8.7633
12302,9.0855
12362,37.3007
12363,36.6977
12303,9.0961
12364,36.6880
12304,9.3520
12305,8.8753
12365,37.3402
12366,36.0533
12306,8.9918
12367,37.2422
12307,8.8355
12368,36.8607
12308,8.8701
12369,36.4423
12309,9.1968
12370,36.2109
12310,9.0042
12371,36.7035
12311,9.0834
12372,36.5402
12312,8.9657
12373,36.7116
12313,8.9332
12374,36.1741
12314,9.0508
12375,36.6538
12315,9.3409
12376,36.9395
12316,9.3159
12377,36.3536
12317,9.1222
12378,37.1213
12318,9.2034
12379,37.2197
12319,8.8896
12380,36.1118
12320,9.4964
12381,37.3518
12321,9.6067
12382,36.5981
12322,9.4309
12383,37.3019
12323,9.6381
12384,37.7214
12324,9.4907
12385,35.9517
12325,9.4298
12386,36.8208
12326,10.1656
12387,35.8070
12327,9.5220
12388,37.2811
12328,9.0494
12389,37.7960
12329,9.2389
12390,36.3140
12330,9.2993
12391,36.1457
12331,9.2340
12332,9.2823
12392,37.3183
12393,36.0201
12333,9.3160
12394,36.5680
12334,8.8953
12395,37.4156
12335,8.7500
12396,35.9617
12336,8.8394
12397,36.8057
12337,8.9906
12398,36.5540
12338,9.7888
12399,35.7013
12339,9.0182
12400,38.5954
12340,8.9980
12401,37.5616
12341,8.9351
12402,36.4982
12342,8.8810
12403,36.3662
12343,8.9165
12404,36.9209
12344,9.6562
12405,37.1460
12345,8.8849
12406,38.4275
12346,9.1000
12407,37.1003
12347,9.3377
12408,36.5264
12348,9.0916
12409,35.4623
12349,9.2255
12410,37.4380
12350,9.0078
12411,37.8083
12351,8.9551
12412,36.6204
12352,8.8216
12353,8.9607
12413,37.6593
12414,36.7882
12354,9.2497
12415,36.3482
12355,9.0683
12416,36.1958
12356,9.3439
12417,37.2788
12357,9.2218
12418,37.1541
12358,8.9522
12359,8.8705
12419,38.4902
12420,36.9743
12360,8.9488
12421,36.2619
12361,9.0026
12422,36.7510
12362,9.4645
12423,36.5932
12363,9.2356
12424,37.6261
12364,9.0068
12425,37.3984
12365,8.9445
12426,37.0117
12366,8.9648
12427,36.4130
12367,9.2152
12428,37.0927
12368,10.0359
12429,36.7769
12369,9.2998
12430,37.8349
12370,8.9141
12431,36.5419
12371,8.8594
12432,36.3147
12372,9.0277
12433,37.3497
12373,8.9047
12434,36.6241
12374,8.9381
12435,36.3803
12375,9.0281
12436,36.8035
12376,8.9360
12437,36.6337
12377,9.2132
12438,36.7135
12378,8.9667
12439,36.7426
12379,8.7379
12440,37.3257
12380,9.0023
12441,36.2611
12381,9.1827
12382,8.8210
12442,38.6251
12443,36.1633
12383,9.0056
12444,36.7035
12384,9.0120
12445,36.8781
12385,9.2159
12446,36.5842
12386,9.1017
12447,37.3722
12387,9.0612
12448,37.0534
12388,8.9351
12449,37.5934
12389,8.9190
12450,37.4280
12390,8.8958
12451,36.5941
12391,9.1672
12452,36.5348
12392,9.1233
12453,36.9602
12393,8.7631
12454,37.3278
12394,8.9625
12455,36.2385
12395,8.5934
12456,36.9697
12396,8.8627
12457,36.3291
12397,9.0111
12458,36.4867
12398,8.8044
12459,37.1355
12399,8.8380
12460,37.3559
12400,9.2772
12461,35.9461
12401,9.1224
12462,37.4427
12402,8.7990
12463,37.0245
12403,8.9804
12464,36.4404
12404,8.7913
12465,37.3277
12405,9.1468
12466,37.0797
12406,9.2166
12467,36.8369
12407,9.2170
12408,8.9454
12468,38.2096
12469,37.1151
12409,8.8370
12470,37.4050
12410,9.1469
12471,37.0433
12411,9.2530
12472,36.9291
12412,9.2885
12473,37.2207
12413,9.0371
12474,37.2934
12414,8.6148
12475,37.3301
12415,8.9642
12476,36.5745
12416,9.1973
12477,36.1471
12417,9.0835
12478,37.0464
12418,9.2286
12479,36.7914
12419,9.1706
12480,37.3500
12420,9.1060
12481,36.7886
12421,9.0431
12482,36.8838
12422,9.1249
12483,36.2848
12423,9.1145
12484,36.8016
12424,9.0003
12485,37.5859
12425,9.2433
12486,37.2186
12426,9.1037
12487,36.0901
12427,8.8680
12488,36.6921
12428,9.1330
12489,36.3436
12429,9.1990
12490,37.2737
12430,9.2054
12491,37.3243
12431,9.2066
12492,36.9273
12432,9.0291
12433,8.9651
12493,37.7523
12494,36.7617
12434,9.0562
12495,37.2204
12435,9.3855
12496,36.5385
12436,9.2744
12497,36.8994
12437,12.6375
12438,7.3255
12498,37.8398
12499,36.6211
12439,7.5131
12500,36.9448
12440,8.3601
12501,36.2728
12441,7.5829
12502,37.7276
12442,7.5580
12503,37.1386
12443,7.3970
12504,36.9080
12444,7.2752
12505,36.6141
12445,7.4143
12506,36.5860
12446,7.3469
12507,37.0679
12447,7.7316
12508,37.5023
12448,7.5909
12509,36.4439
12449,7.4636
12510,36.8665
12450,7.3295
12511,37.0831
12451,7.3044
12512,36.8549
12452,7.8021
12513,36.9551
12453,7.2518
12514,37.9584
12454,7.6158
12515,37.2786
12455,7.5569
12516,37.0384
12456,7.2630
12517,36.7700
12457,7.5134
12518,36.6556
12458,8.1132
12519,38.8961
12459,7.6174
12460,7.3489
12520,37.1866
12521,36.1915
12461,7.2874
12522,36.9397
12462,7.8970
12523,38.0897
12463,7.6253
12464,7.3012
12524,37.2540
12525,36.6274
12465,7.3451
12526,36.9710
12466,7.6357
12527,37.0546
12467,7.3429
12528,37.1242
12468,7.8043
12529,37.7014
12469,7.3548
12530,36.4747
12470,7.4623
12531,37.3691
12471,7.3970
12532,36.3850
12472,7.6392
12533,37.1741
12473,7.5596
12534,36.7716
12474,7.6830
12535,37.9426
12475,7.2853
12536,36.4242
12476,7.4750
12537,37.4718
12477,7.3164
12538,37.0445
12478,7.6538
12539,37.2542
12479,7.2957
12540,36.2519
12480,7.6049
12541,37.0803
12481,7.3878
12542,36.3458
12482,7.5445
12543,37.2194
12483,7.4173
12544,37.1225
12484,7.6928
12545,37.5947
12485,7.7123
12546,38.2166
12486,7.3240
12547,37.3462
12487,7.3116
12548,36.5753
12488,7.3030
12549,36.9388
12489,7.6542
12490,7.2373
12550,37.5666
12551,36.9806
12491,7.6491
12552,37.4020
12492,7.5037
12553,36.8534
12493,7.7404
12554,37.4168
12494,7.3093
12555,36.6053
12495,7.6168
12556,37.9451
12496,7.3096
12557,37.4544
12497,7.3544
12498,7.5368
12558,42.4304
12559,36.6725
12499,7.2345
12560,36.5392
12500,7.2699
12561,36.8129
12501,7.5655
12562,37.3372
12502,7.4011
12563,36.5062
12503,7.5974
12564,36.8326
12504,7.3163
12565,36.6764
12505,7.5389
12566,37.2289
12506,7.2532
12567,36.7488
12507,7.4717
12568,36.9683
12508,7.3448
12569,36.7255
12509,7.2794
12570,37.5068
12510,7.5583
12571,37.5946
12511,7.2079
12572,36.5891
12512,7.4190
12573,37.7968
12513,7.2387
12574,36.8388
12514,7.5774
12575,37.5931
12515,7.5399
12576,37.7541
12516,7.3543
12577,36.8982
12517,7.3322
12578,37.2464
12518,7.3235
12579,37.4117
12519,7.3266
12580,36.8525
12520,7.3760
12581,37.3236
12521,7.6123
12582,37.2093
12522,7.5100
12583,37.2386
12523,7.3812
12584,37.2908
12524,7.4965
12585,36.8454
12525,7.2624
12586,36.7830
12526,7.4623
12587,37.8952
12527,7.4039
12588,37.7914
12528,7.3719
12589,37.0521
12529,7.3979
12590,37.6092
12530,7.6675
12591,37.6096
12531,7.2794
12592,36.9905
12532,7.3484
12593,37.5987
12533,7.5747
12594,36.9189
12534,7.3489
12595,36.9012
12535,7.3869
12596,37.1519
12536,7.5861
12597,37.0715
12537,7.2946
12598,37.1118
12538,7.2881
12599,36.1165
12539,7.2620
12600,36.8596
12540,7.5820
12541,7.4708
12601,37.1737
12602,36.6761
12542,7.5749
12603,37.5841
12543,7.2440
12604,36.8981
12544,7.5744
12605,38.0717
12545,7.1907
12606,35.9633
12546,7.6578
12607,37.7455
12547,7.3980
12548,7.2894
12608,37.7801
12609,36.4039
12549,7.6478
12610,37.0573
12550,7.4303
12611,37.8401
12551,7.4750
12612,36.9419
12552,7.3138
12613,36.9067
12553,7.2807
12614,37.4745
12554,7.5362
12615,37.5367
12555,7.2824
12616,36.3951
12556,7.5271
12617,37.8899
12557,7.2315
12618,36.4602
12558,7.6427
12619,37.5733
12559,7.3527
12620,37.3470
12560,7.4307
12621,37.3939
12561,7.2159
12622,36.4975
12562,7.6107
12623,37.7706
12563,7.3300
12624,37.2688
12564,7.1379
12625,37.3300
12565,7.5856
12626,38.4857
12566,7.0279
12627,35.8709
12567,7.3654
12628,36.8974
12568,7.1446
12629,36.6774
12569,7.3985
12630,36.8146
12570,7.2767
12631,37.4054
12571,7.4776
12632,36.9705
12572,7.2153
12633,36.9447
12573,7.3385
12634,37.8303
12574,7.3344
12635,37.7904
12575,7.3083
12636,36.9242
12576,7.3326
12637,37.3569
12577,7.3437
12638,36.8121
12578,7.1743
12639,36.5289
12579,7.2997
12640,36.9698
12580,7.3006
12641,37.2113
12581,7.5019
12642,37.5611
12582,7.4860
12643,37.7802
12583,7.2457
12644,36.9786
12584,7.2933
12645,37.1841
12585,7.2416
12646,37.2234
12586,7.2475
12647,36.9529
12587,7.2286
12648,37.5992
12588,7.3961
12649,37.5748
12589,7.2937
12650,37.6991
12590,7.4678
12651,37.1698
12591,7.4749
12652,37.2558
12592,7.4141
12653,36.9975
12593,7.2467
12654,37.2755
12594,7.3537
12655,36.8266
12595,7.5675
12656,37.2336
12596,7.2736
12657,36.1959
12597,7.4132
12658,37.2627
12598,7.3083
12659,37.8759
12599,7.2767
12660,37.4892
12600,7.3281
12661,36.8784
12601,7.3026
12662,37.5101
12602,7.3483
12663,36.8823
12603,7.1893
12664,37.2852
12604,7.2864
12665,37.5159
12605,7.4116
12666,36.8739
12606,7.4319
12667,37.3171
12607,7.4377
12668,37.0154
12608,7.3019
12669,37.6021
12609,7.4057
12670,37.0627
12610,7.5045
12671,38.1774
12611,7.4390
12672,37.0919
12612,7.5280
12673,37.9030
12613,7.1549
12674,36.7732
12614,7.4446
12675,37.4729
12615,7.2386
12676,37.0879
12616,7.1587
12677,37.8946
12617,7.4102
12678,37.2291
12618,7.3212
12679,37.2368
12619,7.2987
12680,37.2974
12620,7.2109
12681,36.5080
12621,7.3652
12622,7.1040
12682,37.6830
12683,37.0427
12623,7.1730
12684,36.4060
12624,7.2521
12685,37.4401
12625,7.0652
12686,36.9897
12626,7.0590
12687,36.9978
12627,7.2463
12688,37.4115
12628,7.5652
12689,37.4382
12629,7.4285
12690,37.3560
12630,7.2557
12691,36.9100
12631,7.5163
12692,37.7836
12632,7.3659
12633,7.0432
12693,38.4532
12694,36.0674
12634,7.4188
12695,37.5844
12635,7.2543
12696,36.8897
12636,7.2673
12697,37.6255
12637,7.5207
12698,37.6092
12638,7.3778
12699,37.3605
12639,7.1845
12700,37.3033
12640,7.2112
12701,36.9152
12641,7.4526
12702,37.7165
12642,6.4632
12703,37.4356
12643,6.8746
12704,36.8625
12644,6.9550
12705,37.4110
12645,6.4764
12706,36.9500
12646,6.9711
12707,37.4971
12647,6.5356
12708,37.1508
12648,6.8789
12709,37.7433
12649,6.5754
12710,36.8223
12650,6.4982
12711,37.0437
12651,6.8535
12712,37.9603
12652,6.6382
12653,6.3875
12713,37.6546
12714,36.2328
12654,6.6326
12715,37.1866
12655,6.7973
12716,37.6107
12656,6.5041
12657,6.3837
12717,37.5082
12718,36.3877
12658,6.7601
12719,37.8809
12659,6.5098
12720,37.0113
12660,6.8180
12661,6.4721
12721,37.4152
12722,36.9120
12662,6.6962
12723,37.0943
12663,6.5614
12664,6.5087
12724,37.9192
12725,36.7790
12665,6.5791
12726,37.6349
12666,6.4351
12727,36.8565
12667,6.4336
12728,37.5088
12668,6.5167
12729,38.0827
12669,6.8167
12730,37.4781
12670,6.5020
12731,36.7703
12671,6.4820
12732,36.9817
12672,6.5373
12733,36.8297
12673,6.3943
12674,6.8080
12734,37.4807
12735,36.1978
12675,6.6877
12736,37.7174
12676,6.6723
12737,37.6273
12677,6.3823
12738,36.8366
12678,6.4207
12679,6.3716
12739,36.9562
12740,37.1492
12680,6.4447
12741,37.1178
12681,6.4729
12682,6.3434
12742,36.8695
12743,36.7464
12683,6.4357
12744,37.8585
12684,6.3785
12745,36.3239
12685,6.4830
12746,36.5843
12686,6.4981
12747,37.0709
12687,6.4493
12748,37.5238
12688,6.4739
12749,37.1761
12689,6.5515
12750,36.5782
12690,6.7587
12691,6.3652
12751,38.7007
12752,36.4563
12692,6.5967
12753,36.4323
12693,6.7660
12754,37.6649
12694,6.7274
12695,6.3813
12755,37.8418
12756,36.7915
12696,6.5002
12757,36.8995
12697,6.3893
12758,37.2127
12698,6.4443
12759,36.4476
12699,6.3626
12760,36.6667
12700,6.6176
12761,37.9565
12701,6.7617
12762,37.6200
12702,6.4595
12763,36.6010
12703,6.6552
12764,37.6330
12704,6.6716
12705,6.2936
12765,37.5529
12766,36.4187
12706,6.5465
12767,36.6954
12707,6.3548
12768,36.4646
12708,6.4051
12709,6.3390
12769,37.0567
12770,36.3176
12710,6.4667
12771,37.5915
12711,6.3787
12772,37.5019
12712,6.3778
12773,37.3018
12713,6.5968
12774,36.8720
12714,6.4791
12775,36.8512
12715,6.7377
12776,37.5468
12716,6.5901
12717,6.3130
12777,37.4461
12778,36.9890
12718,6.4300
12779,36.7683
12719,6.7361
12780,37.0982
12720,6.5872
12781,36.6247
12721,7.5752
12782,38.2037
12722,7.3904
12723,6.6854
12783,38.4705
12784,38.2751
12724,7.8846
12725,6.6652
12785,38.1963
12786,37.2142
12726,6.9707
12787,38.4643
12727,7.0629
12788,37.5535
12728,6.6055
12789,37.3470
12729,6.5820
12790,37.5196
12730,6.5343
12791,37.4595
12731,7.9742
12732,6.7232
12792,38.8699
12733,6.9872
12793,37.9968
12794,37.1422
12734,7.1420
12735,6.4041
12795,38.0454
12796,38.1697
12736,6.7725
12797,38.2211
12737,7.2493
12798,37.6804
12738,7.4269
12799,37.5603
12739,6.9709
12800,37.5462
12740,6.7819
12801,37.4005
12741,6.8007
12802,37.4407
12742,6.7155
12803,37.5715
12743,7.3403
12744,6.6758
12804,39.3375
12805,37.5169
12745,6.9095
12806,37.4797
12746,6.6251
12747,6.4665
12807,39.2645
12808,36.6183
12748,7.8321
12809,38.6764
12749,7.9539
12810,38.3792
12750,6.8244
12811,37.3379
12751,6.7200
12812,37.6812
12752,7.7738
12813,38.2071
12753,7.4129
12754,7.0112
12814,37.5474
12815,37.2535
12755,6.8486
12816,37.5930
12756,8.8154
12757,6.7877
12817,38.4894
12758,7.1229
12818,37.0140
12819,37.3145
12759,7.5462
12820,37.6701
12760,7.2331
12821,37.7528
12761,6.8509
12822,37.3422
12762,6.3666
12823,36.7853
12763,7.8040
12764,6.5441
12824,38.2473
12765,6.3692
12825,37.0123
12826,37.5788
12766,6.5706
12827,37.2588
12767,6.9649
12768,6.6047
12828,38.0908
12829,38.2405
12769,7.0483
12830,38.3414
12770,8.1886
12831,37.9831
12771,6.8067
12772,6.4530
12832,37.2360
12833,36.9651
12773,6.3733
12774,6.7342
12834,37.6701
12835,36.4824
12775,7.5135
12836,37.4894
12776,8.5207
12777,6.4483
12837,40.2983
12778,6.4600
12838,37.0555
12779,6.5231
12839,38.2847
12780,6.2953
12840,39.0304
12781,7.0266
12841,36.9810
12842,37.7981
12782,8.8790
12843,37.1706
12783,6.5279
12844,36.7501
12784,7.7999
12845,37.8470
12785,7.2567
12846,37.4311
12786,6.7796
12847,36.8760
12787,6.4390
12848,37.4836
12788,6.3849
12849,37.4672
12789,8.1525
12790,6.9545
12850,37.9247
12791,6.2703
12851,36.9959
12852,36.8383
12792,6.4286
12853,37.8757
12793,6.3893
12854,37.0131
12794,7.7490
12795,6.3049
12855,38.7199
12856,36.4002
12796,8.1310
12797,6.4478
12857,37.9257
12858,36.3670
12798,6.4671
12799,6.3018
12859,38.1807
12860,37.1304
12800,6.4418
12861,38.0149
12801,6.5208
12862,38.0158
12802,7.6073
12863,37.6254
12803,7.8507
12804,6.5259
12864,38.6502
12805,6.2824
12865,37.3552
12866,36.9186
12806,6.5331
12867,37.4604
12807,6.3097
12868,37.4206
12808,7.5817
12869,38.4856
12809,6.9493
12810,6.2268
12870,37.5731
12871,36.6277
12811,6.6750
12812,6.2772
12872,37.3584
12813,6.3074
12873,38.4200
12874,37.7337
12814,7.1952
12815,6.3051
12875,37.8441
12876,37.8863
12816,6.8386
12817,6.2018
12877,38.1991
12878,38.1349
12818,6.2931
12819,6.2182
12879,37.3894
12880,37.4806
12820,6.6406
12881,37.1895
12821,7.2141
12882,38.2670
12822,7.3595
12823,6.2329
12883,37.9235
12884,37.0596
12824,6.4459
12885,36.8777
12825,7.3208
12886,37.8221
12826,6.4049
12827,6.3021
12887,37.8790
12888,37.5140
12828,6.3190
12889,36.9647
12829,7.0301
12890,37.2004
12830,6.3785
12891,37.6836
12831,6.8843
12892,37.5906
12832,6.6312
12893,37.4486
12833,7.3130
12834,6.3080
12894,38.0770
12835,6.2357
12895,37.8529
12896,36.6792
12836,6.5191
12897,37.7485
12837,6.3263
12898,38.2598
12838,6.5183
12899,37.3584
12839,7.5589
12900,37.8791
12840,6.7236
12841,6.2874
12901,37.3192
12902,37.3212
12842,6.5051
12843,6.4511
12903,37.4319
12904,37.7410
12844,6.4453
12905,38.2572
12845,8.1481
12846,6.5225
12906,37.7030
12847,6.4052
12907,37.4535
12848,6.4066
12908,37.4204
12909,37.0103
12849,7.2114
12910,37.6547
12850,6.9250
12911,37.8125
12851,7.8688
12912,37.6867
12852,7.8414
12913,38.1099
12853,7.1059
12914,37.2717
12854,7.0605
12855,6.3654
12915,37.2317
12916,37.0548
12856,6.4634
12917,37.5201
12857,6.4461
12918,37.3422
12858,8.1970
12919,37.0316
12859,7.9123
12860,6.4528
12920,38.5772
12861,6.3085
12921,36.8794
12862,6.2475
12922,37.3207
12923,37.2061
12863,7.0302
12924,37.3725
12864,7.4820
12925,38.2149
12865,7.7144
12866,6.3415
12926,38.0578
12927,37.4894
12867,6.4785
12928,36.9029
12868,6.6791
12929,37.9324
12869,6.6582
12930,36.9271
12870,7.2649
12931,37.2382
12871,8.3168
12872,6.4251
12932,37.3924
12933,38.0670
12873,6.4873
12874,6.2875
12934,38.0390
12935,36.3672
12875,6.5742
12936,36.8892
12876,6.7945
12877,6.3983
12937,37.6547
12938,36.8437
12878,6.4953
12879,6.2029
12939,38.1541
12880,6.4927
12940,37.1122
12941,36.5174
12881,6.3995
12942,36.7420
12882,6.6656
12943,37.0235
12883,6.5704
12944,37.4754
12884,6.3449
12885,6.1496
12945,38.1331
12946,36.0133
12886,6.4891
12887,6.3393
12947,37.0682
12948,36.4557
12888,6.2771
12949,37.2872
12889,6.2221
12950,36.2034
12890,6.3534
12951,37.2179
12891,6.5842
12952,37.5098
12892,6.4069
12893,6.3385
12953,37.8746
12954,36.9169
12894,6.4504
12955,36.5182
12895,6.3550
12956,37.8197
12896,6.5202
12957,36.2252
12897,6.6184
12958,37.2706
12898,6.6167
12959,38.1947
12899,6.4784
12960,36.8121
12900,6.3751
12961,36.7001
12901,6.3789
12902,6.2588
12962,37.7890
12963,36.9591
12903,6.3062
12964,36.2467
12904,6.5679
12965,37.6554
12905,6.3419
12906,6.2697
12966,38.5075
12967,36.6169
12907,6.3036
12968,36.7886
12908,6.3580
12969,37.7853
12909,6.3413
12970,37.7259
12910,6.3396
12971,36.6672
12911,6.3173
12972,36.5989
12912,6.3839
12973,36.2842
12913,6.2785
12974,36.8922
12914,6.5663
12975,37.2594
12915,6.3784
12976,38.7531
12916,6.3640
12977,37.3660
12917,6.4034
12978,37.2230
12918,6.3127
12979,36.1490
12919,6.3118
12980,36.9334
12920,6.2683
12981,36.6686
12921,6.3678
12982,37.6272
12922,6.3837
12983,37.3374
12923,6.5545
12984,37.4889
12924,6.4139
12925,6.4080
12985,37.3147
12986,37.1054
12926,6.4458
12987,36.6758
12927,6.5484
12928,6.3055
12988,37.8418
12989,36.7227
12929,6.3337
12990,37.9764
12930,6.3456
12991,36.6224
12931,6.3142
12992,37.4794
12932,6.6452
12993,37.2450
12933,6.3419
12994,37.1125
12934,6.2378
12995,36.0054
12935,6.4228
12996,37.2928
12936,6.6895
12937,6.3119
12997,38.3765
12998,37.0629
12938,6.3976
12999,36.8134
12939,6.3215
13000,37.0410
12940,6.5931
13001,37.1846
12941,6.3108
13002,37.0496
12942,6.3192
13003,37.1133
12943,6.2834
13004,36.7728
12944,6.5372
13005,36.7811
12945,6.3294
13006,36.6540
12946,6.2827
12947,6.2240
13007,37.8220
13008,36.7681
12948,6.2080
13009,36.1729
12949,6.2056
13010,36.6099
12950,6.6904
13011,37.5262
12951,6.7076
13012,36.3928
12952,6.5668
13013,36.5417
12953,6.7247
12954,6.3714
13014,37.8769
13015,37.3628
12955,6.6949
13016,36.7657
12956,6.4680
13017,37.2250
12957,6.2679
13018,36.0595
12958,6.7102
13019,37.1453
12959,6.8407
12960,6.3359
13020,37.5252
13021,38.1278
12961,7.0233
12962,6.3917
13022,37.4579
13023,37.2223
12963,6.3069
13024,37.5770
12964,6.4678
13025,37.7344
12965,6.2374
13026,38.0619
12966,7.0904
12967,6.3536
13027,37.7466
13028,36.8543
12968,6.3862
13029,37.7821
12969,6.3448
13030,36.9994
12970,7.0187
12971,6.2193
13031,37.5226
13032,36.7209
12972,7.0297
13033,38.5876
12973,6.5822
12974,6.3302
13034,38.6371
12975,6.3081
13035,37.2899
13036,36.8414
12976,6.7632
13037,37.5649
12977,6.5225
13038,37.0642
12978,7.2030
13039,37.4251
12979,6.5235
13040,39.1601
12980,6.5572
13041,37.4322
12981,7.1281
12982,6.2092
13042,38.0007
12983,6.2911
13043,37.6971
13044,38.3306
12984,6.2725
12985,6.2088
13045,38.8121
13046,37.3419
12986,7.0237
12987,6.1316
13047,38.1087
13048,36.4420
12988,7.0420
12989,6.5595
13049,37.4478
12990,6.2945
13050,37.3807
13051,37.0713
12991,6.4423
13052,37.6989
12992,6.7059
13053,37.8976
12993,7.5105
12994,6.6193
13054,37.4642
13055,37.1743
12995,6.5403
13056,37.2224
12996,6.6664
13057,37.0970
12997,6.5408
13058,37.3984
12998,7.0071
13059,37.4374
12999,7.1751
13060,38.1687
13000,8.7015
13001,6.9771
13061,36.8800
13062,36.7421
13002,6.6639
13063,37.0318
13003,6.3049
13064,37.9977
13004,6.4176
13065,37.3008
13005,6.7883
13066,38.4884
13006,7.3033
13067,37.9828
13007,7.5374
13008,6.3226
13068,38.4675
13009,6.3445
13069,36.9187
13010,6.3397
13070,37.4127
13071,36.4674
13011,7.4268
13012,6.3453
13072,38.2159
13013,6.4033
13073,36.8736
13074,37.6942
13014,7.4779
13015,6.3524
13075,37.8901
13016,6.2679
13076,36.1873
13077,36.3552
13017,6.7459
13078,36.9144
13018,7.0560
13019,6.4176
13079,37.9964
13080,37.0171
13020,6.6798
13081,37.8799
13021,6.9224
13082,37.9493
13022,6.9707
13023,6.5669
13083,37.0075
13024,6.3720
13084,37.0999
13085,37.2062
13025,7.2321
13026,6.3841
13086,37.6724
13027,6.3622
13087,37.4235
13088,37.3610
13028,7.3252
13029,6.6230
13089,38.7338
13030,6.3719
13090,37.0291
13091,36.8762
13031,6.2493
13092,37.4273
13032,7.3796
13033,6.3452
13093,37.9061
13094,36.5455
13034,6.3995
13095,36.9448
13035,7.4811
13036,6.4079
13096,38.2756
13037,6.3998
13097,37.0972
13038,6.2559
13098,37.0012
13099,36.4544
13039,7.2961
13040,6.2985
13100,37.9923
13101,36.7532
13041,6.7851
13102,37.0491
13042,7.1886
13103,38.4781
13043,6.6713
13104,36.7365
13044,6.3253
13105,36.8503
13045,6.4371
13106,37.1531
13046,6.4542
13107,37.7929
13047,6.4817
13108,37.5993
13048,6.6375
13109,37.8842
13049,7.1987
13050,6.2442
13110,37.7801
13051,6.4144
13111,37.1548
13112,37.3734
13052,6.3340
13113,37.2605
13053,6.8946
13114,37.3878
13054,6.5497
13115,37.4369
13055,6.3759
13116,37.2303
13056,7.4154
13057,6.6083
13117,37.7194
13058,6.3818
13118,36.7941
13059,6.2508
13119,37.4366
13120,37.0955
13060,6.3014
13121,37.6163
13061,7.2939
13062,6.2995
13122,37.8712
13123,37.3171
13063,7.0128
13124,36.6233
13064,7.8262
13065,6.3656
13125,38.4303
13066,6.3514
13126,36.0472
13127,37.5430
13067,6.3479
13128,36.9368
13068,6.8453
13069,6.8621
13129,37.2249
13130,36.7022
13070,7.4563
13131,37.8138
13071,7.7084
13072,6.5791
13132,37.8749
13073,6.4886
13133,36.3672
13074,6.4100
13134,37.4223
13135,37.9538
13075,6.5801
13136,37.2331
13076,7.6212
13137,37.5350
13077,7.0205
13138,37.6618
13078,7.4311
13139,38.4082
13079,6.6397
13140,37.7425
13080,7.0852
13141,37.1479
13081,7.0841
13142,37.4310
13082,7.1150
13083,6.4858
13143,37.0780
13144,37.5389
13084,6.4147
13085,6.2027
13145,38.1004
13146,36.2716
13086,6.9191
13087,6.1878
13147,37.9768
13148,37.2005
13088,8.3276
13089,6.5899
13149,37.9401
13090,6.1804
13150,37.6910
13151,36.3294
13091,6.2166
13152,37.1029
13092,7.2384
13153,37.7647
13093,7.9154
13154,37.7893
13094,7.8221
13155,36.7716
13095,6.9390
13156,37.9666
13096,6.9394
13157,40.3925
13097,7.6550
13098,6.8376
13158,36.6727
13159,36.8557
13099,6.5227
13160,36.9895
13100,7.7186
13101,6.6538
13161,38.8031
13162,37.0071
13102,6.5579
13163,37.7654
13103,7.7002
13104,6.7441
13164,38.6489
13105,6.3250
13165,37.4051
13106,6.3692
13166,37.3883
13167,37.5284
13107,7.4000
13108,6.4054
13168,38.0311
13169,36.6397
13109,6.6416
13170,38.2792
13110,7.6784
13171,38.1875
13111,6.8972
13112,6.3434
13172,37.0212
13173,37.4164
13113,7.6185
13114,6.3205
13174,37.4705
13115,6.2626
13175,37.1834
13116,6.3024
13176,37.1007
13177,37.3008
13117,7.7849
13118,6.2716
13178,37.9678
13179,36.9093
13119,6.7838
13180,37.4970
13120,7.8109
13121,6.4739
13181,38.5765
13182,37.7448
13122,6.7749
13123,6.4940
13183,37.4556
13184,36.5742
13124,6.9053
13185,37.7779
13125,6.3552
13186,37.1038
13126,6.6127
13187,37.4680
13127,7.4664
13188,37.6234
13128,6.5766
13129,6.3471
13189,37.6953
13190,36.8239
13130,6.7666
13191,37.6460
13131,6.9747
13192,37.7184
13132,7.5533
13133,6.2213
13193,38.6469
13134,6.3779
13194,37.6340
13195,36.8325
13135,7.1935
13136,6.2365
13196,37.4155
13197,36.8639
13137,6.5979
13198,36.9768
13138,7.4417
13199,37.6395
13139,7.2565
13200,37.0179
13140,7.4238
13141,6.2851
13201,37.3861
13142,6.4956
13202,37.6255
13203,37.9634
13143,7.6287
13144,6.3158
13204,38.2036
13145,6.3652
13205,36.5803
13206,37.2882
13146,7.2995
13147,6.3142
13207,38.0183
13208,36.6532
13148,6.6146
13209,36.7573
13149,7.6394
13210,37.9651
13150,6.7946
13211,36.7873
13151,7.1655
13152,6.3565
13212,37.7672
13213,36.6027
13153,6.3729
13214,36.7657
13154,7.4769
13155,6.3585
13215,37.9472
13156,6.3465
13216,36.8449
13217,35.9942
13157,7.2421
13158,6.3295
13218,37.4955
13219,37.3753
13159,7.2677
13160,6.3721
13220,38.1779
13221,36.7156
13161,6.6951
13222,37.3791
13162,7.1167
13223,37.3371
13163,6.6798
13224,36.7778
13164,6.5390
13225,37.2250
13165,6.5358
13226,37.0816
13166,6.6318
13227,37.0557
13167,7.3664
13228,37.5919
13168,6.4191
13169,6.2088
13229,37.4103
13230,37.3524
13170,6.3594
13231,37.1040
13171,6.9360
13172,6.5982
13232,37.4200
13233,36.8949
13173,6.8187
13234,38.1561
13174,7.0596
13235,37.3144
13175,6.8372
13176,6.1556
13236,37.8461
13177,6.1392
13237,37.0442
13238,36.8456
13178,7.4681
13179,6.2586
13239,39.0810
13240,37.1835
13180,7.3571
13181,6.1276
13241,37.5405
13242,36.9540
13182,6.8648
13243,37.0949
13183,6.6259
13184,7.1582
13244,37.8347
13245,36.5293
13185,7.4605
13246,38.0114
13186,7.2090
13187,6.1312
13247,37.7116
13188,6.1890
13248,36.8221
13249,37.6827
13189,6.5364
13250,38.3637
13190,7.0855
13251,37.1446
13191,6.8063
13192,6.2096
13252,37.5718
13253,36.9992
13193,6.7551
13194,6.2525
13254,37.5222
13255,37.1626
13195,7.3386
13256,37.7212
13196,6.4734
13257,37.2775
13197,6.6438
13258,37.5255
13198,7.0561
13199,6.2893
13259,39.2864
13200,6.5446
13260,37.0091
13261,37.0691
13201,7.1386
13202,6.2252
13262,36.8938
13203,6.2723
13263,36.8321
13264,36.8990
13204,7.4461
13265,37.6952
13205,7.1118
13266,37.5256
13206,7.1382
13267,37.4021
13207,6.6017
13208,6.4447
13268,37.6278
13269,39.2413
13209,7.0697
13210,6.3499
13270,37.8113
13211,6.3734
13271,37.7685
13272,37.1116
13212,7.6415
13273,37.6889
13213,7.0352
13274,37.6661
13214,7.3277
13215,6.3507
13275,37.6746
13276,37.6616
13216,6.8848
13277,37.9446
13217,7.1777
13218,6.8288
13278,37.9453
13219,6.1957
13279,38.3313
13280,37.1468
13220,7.0287
13281,36.7140
13221,7.3600
13282,37.8264
13222,7.2484
13223,6.2414
13283,37.5692
13224,6.3353
13284,36.7549
13285,37.1278
13225,6.3660
13226,6.1523
13286,37.7808
13287,37.2827
13227,6.9700
13288,37.8516
13228,7.3560
13289,38.2316
13229,7.0871
13230,6.2264
13290,38.3105
13291,37.3718
13231,6.3051
13232,6.2423
13292,37.2257
13293,36.7944
13233,6.5107
13294,38.1317
13234,6.5491
13295,37.3061
13235,7.0283
13296,37.6412
13236,7.2541
13237,6.1225
13297,37.7727
13238,6.2440
13298,36.7195
13299,36.4784
13239,7.0494
13240,6.3700
13300,37.4616
13301,37.2096
13241,6.8657
13302,37.4929
13242,7.2243
13303,37.0086
13243,6.7976
13304,37.3451
13244,7.2859
13305,37.7860
13245,6.2496
13306,37.3536
13246,6.3324
13307,37.2656
13247,7.0184
13308,37.8724
13248,6.3731
13309,37.7472
13249,6.8917
13310,37.5199
13250,6.3646
13311,37.0300
13251,6.3278
13312,37.3283
13252,7.1567
13253,6.1800
13313,37.2621
13314,36.9278
13254,6.3373
13315,37.1909
13255,7.1205
13316,37.5383
13256,6.6263
13317,37.2989
13257,6.8943
13258,6.7032
13318,37.6778
13319,36.8476
13259,7.4135
13320,37.5340
13260,7.0444
13261,6.2775
13321,37.2990
13322,37.0380
13262,6.4901
13323,37.9383
13263,6.4353
13324,37.1095
13264,7.1526
13265,6.4747
13325,37.3424
13326,36.9561
13266,6.7848
13327,37.7021
13267,6.9990
13268,6.5494
13328,37.5361
13329,36.8153
13269,7.3751
13270,6.3544
13330,37.8997
13331,36.2368
13271,7.0312
13332,38.0426
13272,7.2388
13333,37.2798
13273,6.4213
13274,6.7573
13334,37.3407
13335,36.9994
13275,7.3588
13276,6.7963
13336,37.7922
13337,37.1129
13277,7.3579
13278,6.3437
13338,37.7148
13279,6.4808
13339,37.4263
13340,37.3781
13280,7.4067
13281,6.2229
13341,37.6052
13342,36.9285
13282,6.7125
13343,37.0375
13283,6.9004
13284,6.7337
13344,38.4475
13345,37.4058
13285,7.5667
13286,6.2236
13346,37.8315
13287,6.2019
13347,37.5858
13348,37.0959
13288,7.1229
13289,6.6540
13349,37.4695
13290,6.2914
13350,37.5538
13351,36.2852
13291,7.3583
13292,6.3224
13352,38.3550
13293,6.2444
13353,37.4871
13354,37.2264
13294,6.7986
13355,37.4122
13295,6.2952
13356,37.0438
13296,6.3224
13357,37.2032
13297,7.2351
13358,38.0274
13298,6.9173
13359,37.6259
13299,6.9752
13300,6.3033
13360,37.8667
13361,36.5738
13301,6.4372
13362,37.8088
13302,6.3052
13363,36.9695
13303,6.3802
13364,37.6089
13304,6.9152
13365,37.1767
13305,7.2651
13366,37.5705
13306,6.4631
13367,36.8573
13307,7.1083
13308,6.2843
13368,37.8163
13309,6.3728
13369,38.3745
13370,37.2681
13310,6.3833
13371,37.4490
13311,6.4651
13372,37.4879
13312,6.9487
13313,6.5651
13373,37.7815
13374,37.1824
13314,7.8661
13315,6.4075
13375,39.1802
13316,6.4138
13376,36.6688
13377,36.9994
13317,6.9560
13378,38.0558
13318,6.2213
13379,36.8604
13319,6.3450
13380,37.1294
13320,6.4203
13381,37.2528
13321,6.3241
13382,37.5132
13322,7.1922
13383,38.0307
13323,6.4562
13324,6.3261
13384,37.2209
13385,37.2584
13325,6.9999
13326,6.3703
13386,39.1185
13387,38.2478
13327,6.5046
13388,37.3193
13328,6.4663
13389,37.8153
13329,6.8013
13390,37.5165
13330,7.3156
13331,6.3382
13391,38.2155
13332,6.2278
13392,37.5175
13393,36.5896
13333,6.3475
13394,37.4710
13334,6.4372
13395,37.0563
13335,6.6060
13396,37.2275
13336,7.6168
13337,6.4203
13397,38.6555
13338,6.4097
13398,37.3672
13399,37.0959
13339,7.4221
13340,6.2878
13400,38.0840
13341,6.2485
13401,37.6649
13402,37.4864
13342,6.5543
13403,37.3281
13343,7.3195
13344,6.2895
13404,37.8847
13405,37.2310
13345,7.1223
13346,6.3780
13406,37.5506
13407,37.3030
13347,7.3129
13348,6.3978
13408,38.2412
13349,6.5128
13409,38.0112
13350,6.6751
13410,37.1261
13411,36.6526
13351,7.1979
13412,37.4128
13352,6.8617
13413,37.7241
13353,6.8663
13414,36.8138
13354,7.1537
13415,37.7420
13355,7.1360
13356,6.2640
13416,37.3892
13357,6.3087
13417,37.6715
13418,36.9986
13358,6.2715
13419,36.4869
13359,7.3680
13360,6.6525
13420,38.0731
13361,6.3294
13421,36.7883
13422,36.0737
13362,7.1049
13423,37.9684
13363,6.6926
13424,37.8055
13364,7.3085
13365,6.7321
13425,37.8037
13426,37.1387
13366,7.7334
13367,6.2717
13427,38.4370
13368,6.3343
13428,36.8264
13429,36.3723
13369,6.6571
13430,37.2367
13370,7.2195
13371,6.5169
13431,37.4858
13432,36.7918
13372,7.6446
13373,6.1445
13433,37.7627
13374,6.1498
13434,37.5817
13435,37.2709
13375,6.2670
13436,37.8473
13376,6.2096
13437,37.0585
13377,6.7968
13438,37.9255
13378,6.8901
13439,37.9745
13379,7.1318
13380,6.5931
13440,37.1531
13441,37.4814
13381,7.5809
13382,6.6671
13442,37.5871
13443,37.2644
13383,6.9648
13444,38.0564
13384,6.3381
13445,37.3527
13385,6.9442
13386,6.3344
13446,39.3042
13387,6.8416
13447,36.6960
13448,36.1012
13388,7.5216
13449,38.5620
13389,7.3973
13450,37.7246
13390,6.6040
13451,37.0926
13391,6.4491
13452,37.3367
13392,6.5798
13453,37.1642
13393,7.0066
13394,6.4529
13454,37.8707
13395,6.4608
13455,38.3584
13456,37.2486
13396,7.2832
13397,6.3801
13457,37.8001
13458,37.1444
13398,6.6055
13459,37.0189
13399,6.4104
13460,37.5398
13400,6.4956
13461,37.7237
13401,7.3007
13402,6.2964
13462,40.0195
13403,6.2843
13463,38.2148
13404,6.5065
13464,37.3352
13465,38.0190
13405,7.1949
13406,6.3257
13466,37.8780
13467,37.0103
13407,6.4064
13468,37.5562
13408,7.1702
13469,37.7774
13409,6.8809
13470,38.1267
13410,7.2391
13411,6.9434
13471,37.5982
13412,6.4104
13472,37.9191
13473,37.5656
13413,7.6574
13414,6.3283
13474,37.9650
13415,6.4106
13475,37.4722
13416,6.6124
13476,37.6705
13477,37.5798
13417,7.5129
13478,38.0731
13418,6.5618
13419,6.4953
13479,37.2120
13480,36.8859
13420,7.4585
13481,38.3011
13421,6.6931
13482,37.4076
13422,6.5242
13483,37.5162
13423,7.1500
13484,38.1629
13424,6.6001
13485,36.9934
13425,7.6087
13426,6.5349
13486,37.6766
13487,37.4848
13427,6.8173
13488,36.9274
13428,7.4999
13429,6.7909
13489,37.4117
13490,37.1832
13430,6.7934
13491,37.0179
13431,6.7751
13492,37.3890
13432,7.8655
13433,6.6136
13493,38.0334
13434,6.5470
13494,37.9507
13495,37.1479
13435,7.6019
13496,37.4269
13436,6.5075
13497,38.0763
13437,7.4374
13438,6.7193
13498,38.0299
13439,6.3570
13499,40.2704
13440,6.2858
13500,36.8820
13501,37.5045
13441,6.5215
13502,37.0972
13442,7.1753
13443,6.6885
13503,37.5842
13504,36.2979
13444,6.9955
13505,37.5512
13445,6.4866
13446,6.6367
13506,37.6758
13507,37.2962
13447,7.2547
13448,6.7606
13508,37.2367
13509,37.3815
13449,6.7620
13510,37.7651
13450,7.5316
13451,6.4055
13511,38.2331
13512,37.1991
13452,7.1068
13513,37.7169
13453,6.8972
13514,38.0144
13454,6.9798
13515,37.8960
13455,7.2252
13516,37.3507
13456,6.8677
13457,6.8108
13517,39.7245
13518,36.8951
13458,6.7987
13519,37.7946
13459,6.5009
13520,37.6448
13460,7.8172
13461,6.7796
13521,38.8700
13462,6.4700
13522,36.8732
13523,36.7744
13463,6.6879
13464,6.4959
13524,37.0647
13525,37.2699
13465,7.4299
13526,37.2589
13466,7.6108
13527,38.3135
13467,6.5010
13528,37.5981
13468,7.7829
13469,7.0908
13529,37.7656
13530,37.2545
13470,6.9185
13471,6.3654
13531,37.1800
13472,6.2846
13532,37.1707
13533,36.7803
13473,7.5476
13534,38.1926
13474,8.3165
13535,38.5503
13475,7.5989
13476,6.5825
13536,38.0967
13477,6.6892
13537,37.0051
13478,6.3906
13538,37.3812
13539,36.8556
13479,7.2380
13540,37.4693
13480,7.3928
13481,7.3142
13541,38.0465
13542,38.1871
13482,7.3031
13483,6.4429
13543,38.3267
13484,6.6951
13544,37.4676
13485,6.2362
13545,37.5903
13546,37.5698
13486,7.8628
13547,37.6937
13487,8.3084
13548,37.3967
13488,7.1874
13489,7.2297
13549,38.0467
13490,6.7892
13550,37.2991
13491,7.6119
13551,37.8590
13552,37.6404
13492,6.8175
13493,7.2712
13553,37.9181
13554,36.5613
13494,7.9587
13555,38.5797
13495,6.6724
13556,36.8388
13496,6.5871
13497,6.3495
13557,37.1844
13498,7.2174
13558,37.6374
13559,37.2109
13499,7.1353
13500,7.1311
13560,37.5344
13561,37.2957
13501,6.9648
13502,6.3877
13562,37.9257
13503,6.3578
13563,37.1174
13564,37.6498
13504,7.3213
13565,37.7777
13505,7.5006
13506,6.5525
13566,37.7112
13507,6.9543
13567,37.2033
13568,36.8642
13508,7.4365
13509,6.3913
13569,41.0709
13510,7.3457
13570,37.2356
13571,37.7456
13511,7.4435
13572,37.2906
13512,8.2190
13573,37.7709
13513,7.1250
13514,6.6742
13574,38.2240
13515,6.3885
13575,37.2325
13516,7.1880
13576,37.3457
13577,37.3353
13517,6.5376
13578,37.6864
13518,9.1643
13579,37.7975
13519,9.0524
13580,39.1513
13520,7.7231
13521,6.6205
13581,37.9246
13582,36.9819
13522,7.7021
13583,37.5641
13523,7.9813
13524,6.6673
13584,37.2806
13525,7.7205
13585,37.2125
13586,36.8936
13526,8.5057
13587,37.6156
13527,7.2391
13528,6.2973
13588,37.9740
13589,36.8233
13529,7.3116
13590,37.1193
13530,7.4031
13531,6.5318
13591,38.5199
13592,37.7094
13532,8.0380
13593,37.5806
13533,7.6183
13594,37.5636
13534,7.7182
13535,6.7359
13595,38.0502
13596,36.7366
13536,7.1295
13597,36.9384
13537,7.7350
13538,6.9677
13598,38.1432
13599,37.2907
13539,7.3775
13540,6.3306
13600,37.5732
13541,6.4362
13601,37.0496
13602,37.7407
13542,8.6888
13603,37.8559
13543,9.5226
13604,38.1226
13544,6.4904
13605,37.5614
13545,6.5542
13606,37.2969
13546,7.6840
13547,6.9974
13607,37.8062
13608,37.0584
13548,8.7548
13609,37.5902
13549,10.0385
13550,6.7651
13610,38.2590
13611,37.4730
13551,6.3622
13612,36.9804
13552,7.8922
13553,6.9895
13613,38.4558
13554,9.5109
13614,37.9277
13615,36.6345
13555,9.9040
13556,7.4412
13616,38.5015
13557,7.0848
13617,37.5332
13618,37.5374
13558,7.2156
13619,37.3778
13559,7.6045
13620,37.4017
13560,9.1853
13621,37.9354
13561,8.1895
13562,7.6359
13622,38.1064
13623,36.8029
13563,6.7553
13624,37.1426
13564,7.1359
13625,37.5488
13565,7.4294
13566,7.3209
13626,37.3823
13627,36.2921
13567,9.0142
13568,6.5234
13628,38.3991
13629,37.5471
13569,7.7895
13570,6.6889
13630,38.1201
13571,6.3243
13631,36.3313
13632,37.9890
13572,6.9976
13633,36.9937
13573,8.7474
13634,38.1893
13574,7.8040
13575,6.7502
13635,37.8011
13576,6.2125
13636,36.7172
13577,6.4059
13637,36.7385
13638,37.1804
13578,9.3744
13639,38.0643
13579,10.1379
13640,37.9143
13580,7.9391
13581,6.5340
13641,38.3477
13582,6.4679
13642,36.9422
13583,8.1841
13643,37.2170
13644,37.2548
13584,8.1816
13645,37.4360
13585,10.1560
13646,38.1904
13586,8.8589
13587,6.6092
13647,38.2741
13588,6.3314
13648,37.4544
13589,6.5933
13649,37.5321
13650,36.5229
13590,10.3331
13651,37.7489
13591,10.6880
13652,38.3832
13592,12.2818
13593,7.8113
13653,36.7939
13654,37.1051
13594,7.8279
13655,37.4353
13595,6.6125
13656,37.4363
13596,6.7033
13657,37.5167
13597,12.8122
13598,8.9410
13658,37.7994
13659,36.9622
13599,7.9474
13660,37.5586
13600,6.8363
13661,37.0206
13601,7.7229
13662,37.3026
13602,12.2473
13663,38.5903
13603,9.8023
13664,37.8025
13604,7.9465
13665,37.1400
13605,9.3666
13606,6.8573
13666,40.2159
13607,7.6618
13667,37.6895
13668,37.0501
13608,11.9332
13669,37.9368
13609,6.6728
13670,37.5853
13610,6.8318
13671,37.2917
13611,8.9951
13672,37.6414
13612,7.1317
13613,7.0419
13673,37.6690
13674,37.0027
13614,12.4144
13615,6.5268
13675,38.0273
13676,37.0992
13616,6.8307
13677,38.2146
13617,8.0077
13618,6.6815
13678,37.8465
13619,7.7603
13679,36.7539
13680,37.0433
13620,12.5449
13681,38.7540
13621,6.5607
13682,37.8257
13622,6.7175
13683,38.2733
13623,7.1202
13624,6.2925
13684,38.1244
13685,36.5943
13625,11.6682
13686,37.9071
13626,12.4755
13627,6.9928
13687,38.1949
13628,7.0522
13688,37.0794
13689,37.2515
13629,7.4958
13630,8.1419
13690,37.0820
13691,36.6273
13631,12.6406
13692,38.3042
13632,11.4115
13633,8.9670
13693,37.5667
13694,36.8248
13634,7.1899
13695,37.8506
13635,7.2628
13696,37.4731
13636,7.1750
13697,37.8246
13637,12.1425
13638,7.5270
13698,37.7041
13699,37.6700
13639,6.6966
13700,36.9022
13640,7.2663
13641,8.4112
13701,37.8728
13702,36.9360
13642,8.4809
13703,37.7607
13643,10.3165
13704,38.1821
13644,11.4281
13645,6.8466
13705,37.6114
13646,6.5321
13706,38.1118
13707,37.3039
13647,8.3345
13708,37.6587
13648,9.8870
13649,6.9133
13709,38.7401
13710,36.8516
13650,10.1884
13651,7.1870
13711,37.8080
13712,37.5257
13652,7.5148
13713,36.9834
13653,11.9708
13654,6.3745
13714,37.4041
13715,37.5314
13655,7.2991
13656,7.3777
13716,39.0440
13717,37.3863
13657,7.1454
13718,36.6760
13658,7.4090
13719,37.4584
13659,8.8475
13720,38.3719
13660,7.1570
13721,37.3140
13661,8.9309
13722,38.0672
13662,7.1810
13723,37.4515
13663,7.6305
13724,36.7078
13664,7.6892
13725,37.4409
13665,9.5520
13666,7.1407
13726,38.0430
13727,36.7373
13667,6.8096
13728,37.3662
13668,7.2825
13729,37.5120
13669,8.4986
13730,37.3409
13670,7.9843
13731,36.8755
13671,7.5545
13732,37.5828
13672,7.4036
13733,37.8340
13673,7.4154
13734,37.2179
13674,7.5705
13735,36.9232
13675,8.7555
13736,37.7581
13676,8.3412
13737,37.3508
13677,7.3275
13738,36.7915
13678,7.6089
13739,38.2348
13679,7.6619
13680,8.4153
13740,37.6204
13741,37.7116
13681,8.9579
13682,7.7406
13742,37.8572
13683,7.0366
13743,37.0910
13744,36.5351
13684,7.3834
13745,37.5230
13685,8.2594
13746,37.5837
13686,8.7272
13747,37.9896
13687,7.8867
13688,7.6373
13748,37.5870
13689,7.3393
13749,36.9354
13750,37.2800
13690,7.1533
13751,37.8678
13691,7.8717
13752,37.7313
13692,7.9516
13753,37.2138
13693,7.6624
13754,37.8625
13694,7.0682
13755,37.4006
13695,6.9046
13756,38.1249
13696,6.8872
13757,36.7307
13697,7.7998
13758,37.4229
13698,7.2737
13759,37.2721
13699,6.8748
13760,37.1060
13700,7.4649
13761,36.9425
13701,8.2308
13702,6.9477
13762,38.3079
13703,7.2511
13763,37.2214
13764,36.5779
13704,8.8135
13765,37.5729
13705,7.3383
13766,37.6745
13706,7.8778
13767,37.7050
13707,8.8985
13708,6.6294
13768,37.8944
13769,37.6096
13709,7.5534
13770,37.5254
13710,8.0064
13711,6.8170
13771,37.7903
13772,37.2152
13712,7.7439
13773,36.9403
13713,8.7121
13714,7.5722
13774,37.8373
13775,36.5378
13715,7.1754
13776,37.4935
13716,8.7654
13777,37.4001
13717,7.4760
13778,37.3965
13718,7.9767
13779,37.5332
13719,8.2406
13780,37.7004
13720,8.2952
13721,6.9607
13781,37.6284
13722,6.6641
13782,37.2145
13783,37.0280
13723,7.5953
13784,37.9905
13724,9.1149
13785,38.1570
13725,7.5551
13786,38.1887
13726,7.3421
13727,6.7666
13787,37.4506
13788,36.9787
13728,6.4664
13789,37.1327
13729,7.2408
13790,37.8557
13730,7.6525
13731,7.1566
13791,38.1160
13792,36.2673
13732,7.4747
13733,6.9290
13793,37.9982
13794,36.7052
13734,6.8722
13735,7.4737
13795,37.4995
13796,37.7427
13736,8.1443
13797,38.6231
13737,7.1652
13738,6.8107
13798,38.8172
13739,6.6161
13799,36.6337
13800,37.3252
13740,7.3947
13801,37.4362
13741,7.2224
13802,38.0347
13742,7.2690
13803,38.4283
13743,8.2175
13804,38.4982
13744,7.0976
13805,37.2710
13745,7.3164
13806,39.6276
13746,6.9444
13807,37.6492
13747,8.5547
13808,37.3058
13748,7.7280
13809,37.6835
13749,8.0536
13810,37.3861
13750,7.3791
13811,37.6256
13751,6.7021
13812,37.1452
13752,7.1268
13813,37.8634
13753,7.4006
13814,37.4377
13754,7.8291
13815,37.8765
13755,7.3888
13816,37.5965
13756,7.8573
13757,7.0258
13817,37.4733
13818,37.5099
13758,7.0674
13759,7.5169
13819,38.1350
13820,36.7020
13760,9.0082
13821,37.9078
13761,7.6244
13762,6.6098
13822,37.5583
13763,6.5155
13823,37.2178
13824,36.5251
13764,8.0298
13825,37.9227
13765,7.4032
13826,38.1026
13766,8.7475
13827,37.5162
13767,7.3451
13828,37.2086
13768,7.4428
13829,37.8707
13769,7.6691
13830,37.1943
13770,7.7225
13831,36.6749
13771,8.4111
13832,37.0451
13772,8.1746
13833,37.8269
13773,7.1596
13834,37.6703
13774,7.0088
13835,37.0567
13775,7.5642
13836,37.0460
13776,7.9837
13837,38.1659
13777,7.9940
13778,7.4070
13838,37.4017
13839,37.0911
13779,7.8691
13780,7.0401
13840,37.6500
13841,37.1407
13781,7.5807
13842,37.0635
13782,9.0017
13843,37.7948
13783,7.5149
13784,6.8402
13844,37.7968
13785,7.2377
13845,36.5066
13846,37.4276
13786,7.9818
13787,7.7830
13847,37.6483
13848,36.8747
13788,8.4384
13789,6.6885
13849,38.8382
13790,6.4897
13850,36.8850
13791,6.7591
13851,36.7083
13852,38.2261
13792,7.7631
13853,38.0791
13793,8.0957
13794,7.5537
13854,38.3643
13855,36.5522
13795,7.2509
13856,37.8283
13796,7.1888
13797,6.3109
13857,37.4079
13858,36.6160
13798,9.3109
13859,37.4498
13799,10.0253
13800,6.9649
13860,38.4272
13801,6.6486
13861,37.5123
13862,37.4647
13802,6.9007
13863,36.6234
13803,7.5439
13864,37.0453
13804,9.4881
13865,38.5094
13805,8.9053
13806,7.5463
13866,37.8705
13807,7.5378
13867,37.0712
13808,7.2539
13868,37.6804
13869,36.9088
13809,7.0838
13870,37.1077
13810,10.4793
13871,38.5275
13811,7.5687
13812,7.8678
13872,38.3541
13813,7.3406
13873,36.3919
13874,37.0310
13814,7.3048
13875,37.3255
13815,7.4481
13876,37.9311
13816,8.3719
13877,36.7842
13817,8.8151
13818,7.1152
13878,38.2167
13879,37.4166
13819,6.7798
13880,37.4429
13820,7.9783
13821,7.2785
13881,36.9263
13882,37.6353
13822,10.4809
13883,37.8605
13823,8.9875
13824,8.1416
13884,37.6860
13825,7.6174
13885,36.5133
13886,37.1975
13826,7.3748
13887,37.6646
13827,8.0618
13888,37.1410
13828,8.7932
13829,7.5267
13889,38.5246
13890,36.7430
13830,7.2721
13891,38.0195
13831,8.0281
13892,37.5042
13832,7.4132
13893,37.1674
13833,8.6300
13894,38.0583
13834,8.8805
13835,7.2347
13895,37.7162
13896,36.9090
13836,6.7316
13897,37.7427
13837,7.4594
13898,36.6981
13838,7.1143
13899,37.2465
13839,8.4340
13840,7.2931
13900,38.4271
13901,36.9706
13841,7.6089
13902,38.4140
13842,7.1302
13903,36.9148
13843,7.0181
13904,36.5470
13844,7.3020
13905,37.0952
13845,7.9473
13906,37.9898
13846,7.4734
13847,7.3797
13907,37.5865
13908,36.8381
13848,8.1539
13849,6.6774
13909,38.1671
13850,7.0279
13910,37.0907
13911,37.5450
13851,8.4734
13912,37.9823
13852,7.2358
13913,37.3689
13853,7.4735
13914,38.0086
13854,8.3782
13915,36.9383
13855,6.7389
13916,37.8003
13856,7.2373
13917,37.5599
13857,7.7470
13918,37.1026
13858,7.0821
13919,36.9568
13859,6.9124
13920,37.3564
13860,7.6843
13921,38.3985
13861,6.4990
13922,37.3815
13862,7.3505
13923,37.3722
13863,8.2070
13864,6.5129
13924,38.2813
13865,7.2338
13925,37.5495
13926,36.9962
13866,6.8615
13927,37.5896
13867,6.4524
13868,7.3665
13928,37.5402
13929,36.8259
13869,8.3519
13930,37.8655
13870,7.5760
13871,6.4715
13931,38.2804
13872,7.2157
13932,36.4185
13933,36.5792
13873,7.2020
13874,6.9773
13934,38.0275
13935,36.9693
13875,10.0064
13936,37.7583
13876,8.7315
13877,7.6220
13937,38.0257
13878,7.0476
13938,36.7708
13939,37.1804
13879,7.2308
13940,36.5520
13880,7.5723
13941,37.7397
13881,10.6966
13942,37.9206
13882,7.7363
13943,37.2552
13883,7.4287
13884,7.5002
13944,37.9318
13885,7.4111
13945,37.0137
13946,37.8152
13886,7.3649
13947,39.5696
13887,7.7435
13948,38.0330
13888,9.0385
13889,7.3600
13949,38.2234
13950,37.8669
13890,7.3694
13951,37.2077
13891,7.2647
13952,37.9437
13892,7.3479
13953,37.5200
13893,8.5470
13954,37.9190
13894,7.6585
13955,37.5046
13895,7.2767
13956,37.4663
13896,8.0748
13957,38.1173
13897,7.6998
13898,6.5601
13958,36.8046
13899,7.3170
13959,37.0268
13960,36.6941
13900,8.8767
13901,7.3248
13961,39.3195
13962,37.3228
13902,8.6976
13963,37.3641
13903,6.8839
13964,37.3960
13904,7.6930
13965,37.2869
13905,7.3321
13966,36.9837
13906,8.6153
13967,36.7263
13907,7.4082
13968,37.6970
13908,6.8970
13969,36.9781
13909,7.1632
13970,37.5133
13910,8.1386
13971,37.6563
13911,8.3413
13912,8.0111
13972,38.5491
13973,36.8808
13913,6.9247
13974,37.9377
13914,7.6075
13915,6.5253
13975,38.0941
13916,7.7747
13976,37.2981
13977,37.1504
13917,8.9784
13918,6.9665
13978,37.6399
13979,36.8251
13919,7.1611
13920,6.3995
13980,37.3132
13981,37.3910
13921,7.4369
13982,37.2318
13922,9.5883
13983,38.1918
13923,7.9452
13984,37.3469
13924,7.6833
13925,6.6183
13985,37.1122
13986,36.7215
13926,6.4871
13987,37.8712
13927,7.1842
13988,37.7512
13928,8.3111
13989,38.1922
13929,7.1287
13930,6.4938
13990,37.8478
13931,6.3708
13991,37.1399
13992,37.2077
13932,7.3440
13993,38.7958
13933,7.7582
13994,37.4238
13934,8.4863
13935,6.3276
13995,38.3038
13936,6.6565
13996,36.7213
13937,6.5373
13997,36.2271
13998,37.0850
13938,7.7218
13999,37.1016
13939,9.4961
14000,37.9149
13940,8.2364
14001,38.1037
13941,7.5018
14002,38.1130
13942,7.4020
14003,38.3627
13943,7.0670
14004,37.4954
13944,8.4630
14005,37.7783
13945,8.7490
13946,7.3866
14006,37.9519
14007,36.5599
13947,7.0298
14008,37.4289
13948,6.8844
14009,37.3526
13949,9.4551
14010,37.4553
13950,8.4772
13951,7.5687
14011,37.1430
13952,7.9678
14012,37.1794
14013,36.8354
13953,6.8755
14014,36.8689
13954,7.5348
14015,38.0090
13955,11.0761
14016,38.7701
13956,7.6674
13957,6.4796
14017,37.5659
13958,6.8095
14018,36.8117
14019,37.3270
13959,9.0373
14020,37.4814
13960,7.9898
14021,37.9624
13961,7.5766
14022,37.0281
13962,7.5918
13963,7.5149
14023,38.1345
13964,8.3242
14024,36.9628
14025,37.0346
13965,7.8368
14026,37.6936
13966,6.7571
14027,37.7003
13967,6.9219
14028,37.1886
13968,6.7888
14029,37.0073
13969,7.0729
14030,36.7038
13970,7.3146
14031,36.9957
13971,7.4171
14032,37.2431
13972,6.4719
14033,36.8006
13973,6.8284
14034,36.9853
13974,7.3376
14035,37.5885
13975,6.8733
13976,6.2942
14036,37.1843
14037,36.6995
13977,7.1455
14038,36.7247
13978,6.4789
13979,6.3317
14039,38.0522
14040,36.5933
13980,7.1622
14041,37.2999
13981,6.5625
13982,6.2728
14042,38.5750
13983,6.9461
14043,36.2782
14044,36.5587
13984,6.7954
14045,37.5918
13985,6.8985
14046,37.0630
13986,7.2154
14047,37.7617
13987,6.5879
13988,7.0470
14048,37.9926
14049,36.2515
13989,6.3396
13990,6.3159
14050,37.3225
13991,7.3340
14051,37.2369
14052,36.8453
13992,7.5601
14053,37.1800
13993,6.7907
14054,37.4744
13994,6.4705
13995,6.3974
14055,37.7499
14056,36.9219
13996,6.7686
14057,37.7065
13997,6.6150
14058,37.6781
13998,8.1799
14059,37.1299
13999,7.6047
14060,37.9140
14000,6.7886
14061,37.8694
14001,7.2802
14062,37.3627
14002,6.6445
14003,6.3101
14063,38.2043
14004,6.4148
14064,36.9648
14005,6.3681
14065,37.5267
14066,37.3588
14006,7.3429
14067,37.0790
14007,6.3632
14068,37.1051
14008,7.3399
14069,36.6377
14009,6.2621
14010,6.1847
14070,37.9059
14071,36.6634
14011,7.1238
14072,37.1773
14012,6.4886
14013,6.3322
14073,37.9040
14074,36.6669
14014,7.1895
14075,37.5290
14015,6.8123
14076,38.3257
14016,7.0938
14077,38.1013
14017,6.4532
14018,6.1600
14078,37.8641
14079,36.8132
14019,7.0978
14080,37.1554
14020,6.5176
14021,6.1708
14081,37.4203
14082,36.0146
14022,7.1609
14083,37.5020
14023,6.5503
14084,37.9355
14024,7.0934
14085,37.0515
14025,6.1567
14026,6.1989
14086,37.6298
14087,37.6352
14027,7.1020
14088,37.2974
14028,6.5189
14029,6.1069
14089,37.6008
14090,36.0332
14030,7.1798
14091,37.7146
14031,6.5764
14092,38.0658
14032,7.1761
14093,36.3919
14033,6.3014
14034,6.3241
14094,37.7422
14095,36.5543
14035,7.1512
14096,37.2371
14036,6.2889
14097,37.6845
14037,6.3328
14098,36.4693
14038,7.0067
14099,36.9319
14039,6.5529
14040,6.3565
14100,37.3564
14101,36.4533
14041,6.9577
14102,36.6696
14042,6.6083
14103,37.4072
14043,7.0867
14104,36.5555
14044,6.2236
14045,6.1057
14105,38.4421
14106,36.6240
14046,7.2784
14107,38.0473
14047,6.4258
14048,6.2374
14108,37.4720
14109,36.2624
14049,7.2863
14110,35.9971
14050,6.3058
14111,38.1582
14051,7.2845
14112,36.7828
14052,6.5532
14053,6.3102
14113,37.5497
14114,37.4804
14054,6.8344
14115,37.3970
14055,7.2154
14116,38.3181
14056,6.2788
14117,36.8009
14057,7.0038
14118,36.8063
14058,6.3023
14059,6.9664
14119,38.3387
14120,36.9900
14060,6.4900
14121,36.7878
14061,7.2101
14122,36.7160
14062,7.4266
14123,37.5071
14063,6.5534
14064,6.1030
14124,37.4964
14065,7.1595
14125,36.7785
14126,37.1879
14066,6.4871
14067,6.7719
14127,37.6231
14128,36.6153
14068,6.4822
14129,37.3929
14069,7.3958
14130,36.6307
14070,6.2363
14071,6.4207
14131,38.2906
14132,36.3405
14072,6.1151
14133,37.1634
14073,6.7014
14134,36.4221
14074,6.4741
14135,36.9948
14075,7.0191
14136,37.7348
14076,6.5793
14137,37.1825
14077,6.9981
14138,36.5944
14078,6.2479
14079,6.1862
14139,38.1096
14080,6.2281
14140,37.0527
14141,36.4210
14081,7.0764
14142,37.0691
14082,6.3261
14083,6.2206
14143,37.7077
14144,36.4433
14084,7.5300
14145,37.1044
14085,7.4290
14146,37.9541
14086,6.7066
14087,6.0052
14147,37.2499
14088,6.1860
14148,35.8119
14149,36.5487
14089,7.0728
14150,37.2739
14090,6.4470
14151,37.7347
14091,6.7533
14152,36.5085
14092,7.5234
14153,38.9062
14093,6.5966
14154,37.7469
14094,6.3712
14095,6.7019
14155,37.3423
14156,36.7201
14096,6.7273
14157,37.7670
14097,7.2108
14158,36.8238
14098,6.2361
14159,38.1300
14099,6.9859
14160,36.6896
14100,6.2381
14101,6.1037
14161,37.7873
14102,6.3234
14162,36.8730
14163,36.5328
14103,7.2182
14164,36.9011
14104,7.9868
14165,37.1262
14105,7.4682
14166,38.7358
14106,6.7404
14107,6.1251
14167,38.0503
14108,6.0838
14168,36.7517
14109,6.2790
14169,36.1465
14170,36.2129
14110,7.5048
14171,36.8508
14111,7.1852
14172,37.2110
14112,6.8558
14173,37.3540
14113,6.1146
14114,7.0981
14174,36.7904
14175,36.4638
14115,6.9414
14176,37.3505
14116,6.5589
14117,6.1886
14177,37.9333
14178,36.1569
14118,7.1615
14179,37.1267
14119,6.9311
14180,37.8046
14120,6.6596
14121,6.0313
14181,37.3662
14182,36.2082
14122,7.3173
14183,36.5533
14123,6.5213
14184,37.4270
14124,6.5046
14125,6.5090
14185,37.6720
14186,37.0296
14126,7.0502
14187,37.1763
14127,6.4229
14128,7.0912
14188,37.4591
14189,36.4854
14129,6.5149
14130,7.0617
14190,38.1603
14191,36.3398
14131,6.3286
14132,6.2085
14192,37.6713
14193,36.7848
14133,7.1737
14194,37.4519
14134,6.3172
14135,6.2042
14195,38.3042
14196,36.9803
14136,7.3373
14197,38.2335
14137,6.5107
14138,6.6267
14198,38.8262
14199,36.2031
14139,6.2382
14140,6.1973
14200,37.1340
14201,36.6096
14141,7.1674
14202,36.7650
14142,6.2896
14203,37.9370
14143,7.7742
14204,36.5395
14144,6.9606
14205,37.2805
14145,6.6076
14206,37.2932
14146,6.2143
14207,36.7777
14147,6.1197
14148,7.1715
14208,37.3243
14209,36.4351
14149,7.4823
14210,38.0667
14150,6.9734
14211,37.6422
14151,7.0912
14212,36.3847
14152,6.2381
14153,6.1865
14213,37.8999
14154,6.2566
14214,36.7378
14155,7.4164
14215,37.1042
14216,36.1323
14156,7.3173
14217,37.7422
14157,7.7600
14218,37.5388
14158,6.3815
14159,6.7202
14219,38.1313
14220,37.2147
14160,6.3940
14161,6.1807
14221,37.4002
14162,6.2143
14222,36.4680
14223,36.7341
14163,7.1385
14224,37.3563
14164,7.0153
14225,38.0952
14165,7.2554
14226,37.7494
14166,6.2520
14167,6.1141
14227,37.5737
14168,6.0893
14228,36.8855
14169,6.3742
14229,35.9663
14230,36.4947
14170,8.3016
14231,37.0615
14171,7.5077
14232,38.4907
14172,6.6550
14173,6.5602
14233,37.8441
14234,36.5871
14174,6.9852
14235,37.3157
14175,6.4400
14176,6.1358
14236,37.5641
14177,6.0258
14237,36.3383
14238,36.2015
14178,6.9238
14239,37.4012
14179,6.4985
14240,37.3630
14180,6.9828
14241,36.8826
14181,6.5891
14242,37.5479
14182,7.0573
14243,37.2136
14183,6.1943
14184,6.1804
14244,37.5252
14245,36.1782
14185,6.0670
14246,36.4073
14186,7.0321
14247,37.5546
14187,6.2498
14188,6.4830
14248,37.7944
14249,36.8399
14189,7.4109
14250,37.2032
14190,7.7468
14251,38.2446
14191,6.5559
14192,6.1467
14252,37.9060
14193,6.3356
14253,37.2659
14254,36.0397
14194,6.5176
14255,36.1839
14195,7.0923
14256,37.9936
14196,7.4477
14257,38.0529
14197,6.9671
14258,37.5653
14198,6.2671
14259,36.8004
14199,6.1380
14260,37.1715
14200,6.6244
14261,37.2245
14201,7.2131
14262,38.0277
14202,6.6958
14263,38.1045
14203,7.3389
14264,37.3172
14204,7.4393
14265,38.9392
14205,6.7976
14206,6.0842
14266,37.6630
14207,6.1503
14267,36.9560
14208,6.4875
14268,36.7090
14269,36.3601
14209,7.1496
14270,37.9584
14210,6.5732
14211,7.0207
14271,38.1223
14272,36.7508
14212,6.1828
14213,6.5041
14273,37.5017
14274,36.3415
14214,7.9868
14215,7.6436
14275,37.8184
14276,36.9456
14216,8.2929
14277,35.9783
14217,8.4909
14278,38.5675
14218,8.2322
14219,8.4729
14279,38.3243
14280,37.6704
14220,8.2316
14281,38.0960
14221,7.9713
14222,7.7184
14282,37.3842
14283,37.3852
14223,8.5879
14284,37.5502
14224,9.5344
14225,8.0516
14285,38.9158
14286,37.5375
14226,8.0113
14227,8.1835
14287,38.2223
14288,37.3895
14228,7.7700
14289,37.4889
14229,8.4094
14290,37.9789
14230,8.9894
14231,8.3262
14291,38.4703
14292,37.7110
14232,8.2878
14293,38.0357
14233,8.0543
14294,38.2898
14234,8.4136
14295,37.8237
14235,8.3916
14296,37.5759
14236,8.6302
14237,8.1668
14297,37.9430
14298,36.7189
14238,8.3994
14299,37.7777
14239,8.5341
14300,37.2783
14240,8.3643
14301,37.8157
14241,9.0167
14242,8.3573
14302,38.4618
14303,37.3356
14243,8.4045
14304,38.4164
14244,8.3273
14305,37.9488
14245,8.1627
14306,37.8642
14246,8.3996
14307,38.7550
14247,8.6491
14308,38.0223
14248,8.3321
14309,37.8525
14249,8.1287
14310,38.7061
14250,8.2029
14311,36.7507
14251,8.2524
14312,37.6578
14252,8.1524
14313,37.4947
14253,8.8344
14314,38.0908
14254,8.3481
14315,37.5031
14255,8.6143
14316,38.2629
14256,8.1049
14317,37.5026
14257,8.2529
14318,37.8607
14258,8.0695
14319,38.1445
14259,8.7438
14320,38.2864
14260,8.1301
14321,37.8878
14261,8.0710
14322,37.2228
14262,8.0181
14323,37.2892
14263,8.6471
14324,38.0509
14264,8.4520
14325,37.5596
14265,8.8417
14266,8.4210
14326,38.6181
14327,37.1907
14267,8.1096
14328,37.8496
14268,8.2127
14329,37.5956
14269,8.7897
14330,38.5044
14270,8.3486
14331,38.1759
14271,8.4909
14272,8.4200
14332,38.6428
14333,37.6693
14273,8.1579
14334,37.7468
14274,8.6310
14335,37.9972
14275,8.6106
14276,8.3210
14336,38.2670
14337,37.3912
14277,8.6144
14338,37.6509
14278,8.2616
14339,37.8545
14279,8.3859
14340,38.1032
14280,8.3450
14341,38.0313
14281,8.7446
14342,38.0312
14282,8.5185
14343,37.4851
14283,8.0702
14344,37.5575
14284,8.0119
14345,38.2785
14285,8.4698
14346,37.4000
14286,8.1552
14347,38.2778
14287,8.4854
14348,37.6384
14288,8.1002
14349,37.9700
14289,8.6210
14350,38.2571
14290,8.0424
14351,37.8326
14291,7.9745
14352,37.9948
14292,8.8441
14353,37.6032
14293,8.2195
14354,37.5910
14294,8.3926
14355,37.8575
14295,8.3651
14356,38.4786
14296,8.0656
14357,37.8742
14297,8.5816
14358,38.5752
14298,8.2945
14359,37.7979
14299,8.0390
14360,37.4423
14300,8.1487
14361,38.7485
14301,8.6410
14362,38.0908
14302,8.5043
14363,38.1810
14303,8.7025
14304,8.2972
14364,38.0021
14305,8.3683
14365,37.7997
14366,37.2428
14306,8.6815
14307,8.4697
14367,38.2973
14368,36.9227
14308,8.5943
14369,38.1117
14309,8.8030
14370,38.7516
14310,8.2477
14311,8.3953
14371,38.2609
14372,37.5061
14312,8.4838
14373,37.8611
14313,8.5505
14374,38.0407
14314,8.2443
14375,38.0918
14315,8.5666
14376,38.5350
14316,8.0580
14377,37.5601
14317,8.4260
14318,8.2335
14378,38.3509
14379,36.6015
14319,8.3810
14380,37.8854
14320,8.7683
14381,39.2060
14321,8.6826
14382,38.6202
14322,8.1212
14383,37.2412
14323,8.3179
14324,8.3948
14384,37.8771
14385,37.2185
14325,8.4729
14386,38.0151
14326,8.3676
14387,38.3225
14327,8.6299
14388,38.1758
14328,8.1606
14389,38.5007
14329,8.3189
14330,8.2033
14390,38.0078
14391,36.8739
14331,8.4054
14392,38.5809
14332,8.4703
14393,37.4435
14333,8.5057
14394,38.4378
14334,7.6937
14395,37.7767
14335,8.0940
14396,37.0149
14336,8.6014
14397,37.8724
14337,8.3199
14398,37.7669
14338,8.4634
14399,37.5212
14339,8.4758
14400,38.5039
14340,8.3136
14341,8.0520
14401,38.8917
14402,36.8890
14342,8.5502
14403,37.8837
14343,8.5539
14404,37.7158
14344,8.5435
14405,38.2029
14345,8.8010
14406,38.1290
14346,7.7532
14407,38.0854
14347,8.1343
14408,36.7337
14348,8.7057
14409,37.3314
14349,8.6514
14410,37.7033
14350,9.3705
14411,37.9926
14351,7.8854
14352,7.2951
14412,38.5701
14413,37.4655
14353,7.4509
14414,37.8126
14354,7.6495
14415,37.3347
14355,8.1525
14416,37.7976
14356,7.9735
14357,7.6567
14417,38.5473
14418,37.7852
14358,7.9984
14419,37.4491
14359,8.0078
14420,38.1841
14360,7.6255
14421,37.6202
14361,7.7975
14422,38.1582
14362,7.7497
14423,38.2645
14363,7.6527
14424,38.0008
14364,7.3072
14425,37.6449
14365,7.3295
14426,36.8300
14366,7.8741
14427,37.9468
14367,8.0553
14428,38.0980
14368,7.3162
14429,38.6573
14369,7.2313
14370,7.4287
14430,37.5536
14431,37.4839
14371,7.2124
14432,37.4793
14372,7.6492
14433,37.0203
14373,8.7981
14434,37.8922
14374,7.7309
14435,37.7268
14375,7.5892
14436,37.7769
14376,7.2347
14437,37.7679
14377,7.2082
14438,37.1753
14378,7.5180
14439,37.4734
14379,8.5956
14440,38.4294
14380,7.6477
14441,38.0580
14381,7.3869
14382,7.3171
14442,38.1923
14443,37.4686
14383,7.1085
14384,7.1683
14444,38.0265
14445,37.6356
14385,7.8911
14446,38.6916
14386,8.0452
14387,7.7205
14447,39.3465
14448,37.5644
14388,7.6485
14449,37.6446
14389,7.2501
14450,38.1102
14390,7.4948
14391,7.4420
14451,44.4219
14392,7.8271
14452,37.6517
14453,37.8505
14393,7.7795
14454,37.1563
14394,7.7803
14455,37.8431
14395,7.8518
14456,38.4319
14396,8.0815
14397,7.9292
14457,38.2432
14458,36.8815
14398,7.7260
14459,37.4190
14399,7.9091
14460,37.5053
14400,7.7768
14461,37.8404
14401,7.5168
14462,37.5834
14402,8.1112
14403,7.6083
14463,39.0196
14464,37.9816
14404,7.9714
14465,37.5093
14405,7.4669
14466,38.5083
14406,7.3567
14467,37.1165
14407,7.4176
14408,7.7853
14468,39.8855
14469,37.8898
14409,7.5753
14470,37.6938
14410,7.9551
14471,37.6193
14411,7.6382
14472,37.6773
14412,7.3551
14473,38.1017
14413,7.6738
14474,37.9550
14414,7.8094
14415,7.2321
14475,37.4014
14476,36.9388
14416,7.2367
14417,7.8320
14477,38.2878
14478,37.1953
14418,7.9336
14479,38.0122
14419,7.2153
14480,37.0930
14420,7.8158
14481,37.1497
14421,8.0477
14422,7.1550
14482,38.8571
14423,7.0617
14483,36.8216
14484,36.8709
14424,7.9507
14485,37.6432
14425,7.9412
14486,38.2553
14426,7.5789
14487,37.3324
14427,8.2124
14488,37.9784
14428,7.7791
14489,37.3934
14429,7.9052
14490,37.5550
14430,7.7752
14491,37.1816
14431,8.2657
14492,37.6974
14432,7.6367
14493,37.7445
14433,8.4228
14494,38.2797
14434,7.5578
14495,38.4366
14435,7.0940
14496,37.2476
14436,7.0375
14437,7.0163
14497,39.0454
14438,7.2914
14498,38.2663
14499,37.3192
14439,8.0756
14500,38.0644
14440,8.3587
14501,37.9664
14441,7.5857
14442,7.5045
14502,38.4851
14503,37.1245
14443,7.6716
14504,37.6825
14444,7.1472
14505,37.5715
14445,7.1702
14506,37.7780
14446,7.2977
14507,38.0904
14447,7.7127
14508,38.0009
14448,7.8542
14449,6.9348
14509,37.9564
14510,37.1366
14450,7.1763
14511,37.7892
14451,7.0863
14512,37.7919
14452,7.3162
14513,38.4652
14453,7.5071
14514,38.1083
14454,8.7371
14515,38.3711
14455,7.4199
14516,37.2164
14456,7.5609
14517,38.2133
14457,7.0561
14518,37.8641
14458,7.1290
14459,7.5677
14519,37.9449
14520,37.3095
14460,8.6358
14521,38.0065
14461,7.5134
14522,37.9743
14462,7.2812
14523,37.8743
14463,7.1989
14464,7.1866
14524,37.5769
14525,38.1050
14465,7.3450
14526,36.6340
14466,8.0764
14527,38.5801
14467,7.2137
14528,37.5008
14468,6.9595
14529,38.2144
14469,7.3149
14530,37.3326
14470,6.8235
14531,37.3252
14471,6.9076
14532,39.4571
14472,6.9119
14533,37.0919
14473,7.1270
14534,37.6780
14474,7.1005
14535,37.3977
14475,6.9820
14536,38.1689
14476,7.1080
14537,37.3291
14477,6.9525
14538,37.7004
14478,6.8801
14539,36.8201
14479,6.9101
14540,37.4782
14480,6.8150
14541,37.3251
14481,7.1974
14542,37.9826
14482,7.2313
14543,37.6408
14483,6.9992
14544,37.8560
14484,7.1441
14485,6.8121
14545,37.5907
14546,36.5242
14486,6.8944
14547,37.2647
14487,7.2276
14548,37.4806
14488,7.2613
14489,6.8006
14549,38.6654
14550,36.8235
14490,6.9832
14551,38.8533
14491,7.0356
14552,37.3629
14492,6.9909
14553,36.9800
14493,6.9953
14554,37.2110
14494,7.1182
14555,38.3433
14495,6.7794
14556,36.3866
14496,7.1194
14557,37.7413
14497,6.9454
14558,37.0522
14498,7.1172
14559,37.8686
14499,7.0800
14560,37.3602
14500,6.8164
14561,36.9511
14501,7.1497
14562,37.4397
14502,6.9880
14563,37.1150
14503,7.1529
14564,37.6934
14504,6.8821
14565,36.6744
14505,7.0923
14566,38.3515
14506,6.8702
14567,37.3827
14507,6.8565
14568,37.6608
14508,7.0945
14569,37.6874
14509,6.9908
14570,37.0689
14510,6.8463
14511,6.8041
14571,37.6920
14572,36.8293
14512,7.0986
14513,6.8952
14573,38.5340
14574,36.2637
14514,7.0703
14575,37.6401
14515,7.1240
14576,37.2131
14516,7.2120
14577,37.7043
14517,7.1313
14578,36.8503
14518,7.2059
14579,37.8039
14519,7.1433
14580,37.5136
14520,7.1105
14581,36.5300
14521,6.9407
14582,37.5321
14522,7.2378
14523,6.9356
14583,39.4331
14584,37.9159
14524,6.9449
14585,37.8742
14525,6.8596
14586,36.5404
14526,6.9995
14587,37.2532
14527,7.2064
14588,37.3493
14528,7.0067
14589,38.1205
14529,6.9071
14590,37.2983
14530,6.8854
14591,37.1856
14531,7.1215
14592,37.3049
14532,6.9128
14593,37.5468
14533,7.1271
14594,38.2128
14534,6.8360
14595,36.6831
14535,6.9381
14596,37.7191
14536,6.8986
14597,37.1854
14537,7.1193
14598,37.4650
14538,6.8790
14599,37.8919
14539,6.9312
14600,37.7018
14540,6.8442
14601,37.2769
14541,6.8353
14602,37.1486
14542,7.0667
14603,38.1155
14543,6.8890
14604,37.3179
14544,7.2001
14605,37.6926
14545,6.9859
14606,37.0753
14546,7.1400
14607,37.5433
14547,6.9140
14608,37.2997
14548,7.0762
14609,37.5343
14549,7.2951
14550,6.8092
14610,39.5853
14611,36.9921
14551,6.8271
14612,36.7127
14552,7.2211
14613,37.6248
14553,7.0186
14614,38.0507
14554,6.8727
14615,37.0870
14555,7.0764
14616,37.1829
14556,7.2361
14617,37.7299
14557,7.0328
14618,37.2035
14558,6.9279
14619,37.2383
14559,7.2497
14620,37.9332
14560,6.9163
14621,37.5365
14561,7.0158
14622,38.3288
14562,6.8310
14623,37.8659
14563,6.9085
14624,37.4003
14564,7.1492
14625,37.8566
14565,6.9271
14626,37.2036
14566,7.1234
14627,37.7167
14567,6.9341
14628,37.1772
14568,7.0108
14629,37.3111
14569,7.0485
14630,37.3427
14570,6.9734
14631,37.5862
14571,6.9174
14632,37.7798
14572,6.9326
14633,37.1520
14573,7.1777
14634,37.4311
14574,6.9355
14635,37.8897
14575,7.1962
14636,37.5519
14576,7.1684
14637,37.9918
14577,7.1375
14638,37.1225
14578,6.9562
14639,37.7710
14579,7.0117
14640,37.9652
14580,6.8652
14641,37.4137
14581,6.9391
14642,37.2667
14582,6.9447
14643,37.6926
14583,6.9490
14644,37.6878
14584,7.0083
14645,37.7491
14585,7.2117
14646,38.1354
14586,7.0400
14647,36.9757
14587,7.0490
14648,37.1658
14588,7.0703
14649,37.6034
14589,7.3115
14590,6.9694
14650,40.1944
14651,36.9920
14591,7.2748
14652,38.5475
14592,7.0659
14653,36.7487
14593,7.1713
14654,37.7865
14594,7.1402
14655,37.3463
14595,7.0581
14656,37.4482
14596,7.3590
14657,38.1157
14597,7.1426
14658,37.8190
14598,7.1258
14659,37.6261
14599,7.0095
14660,37.4494
14600,7.1418
14661,37.3490
14601,7.0848
14662,38.0915
14602,6.9772
14663,36.7960
14603,7.1321
14664,37.5194
14604,7.3463
14665,37.2438
14605,7.0906
14666,38.2482
14606,7.0416
14667,36.8865
14607,7.2556
14608,6.9485
14668,40.2575
14609,7.0243
14669,36.6829
14670,36.6224
14610,7.0097
14671,38.0029
14611,6.9756
14672,37.7451
14612,6.9785
14673,37.8202
14613,6.9850
14674,36.7361
14614,6.9015
14675,37.9214
14615,7.0788
14676,37.3536
14616,7.1506
14677,37.7272
14617,6.9134
14678,36.7627
14618,7.1846
14679,37.6243
14619,6.9694
14680,37.3578
14620,7.0579
14681,37.1824
14621,6.9527
14682,37.7392
14622,6.8532
14623,6.8882
14683,39.0665
14624,6.8700
14684,37.2916
14685,36.8367
14625,7.1051
14626,6.7715
14686,39.2642
14687,36.4912
14627,6.8961
14688,37.4022
14628,6.9379
14689,37.4525
14629,7.1532
14690,38.0378
14630,7.0139
14691,37.2129
14631,7.1669
14692,37.7213
14632,7.0194
14693,36.8739
14633,6.9293
14694,36.9499
14634,7.1755
14695,37.6004
14635,7.0059
14696,37.3755
14636,7.1489
14697,37.6182
14637,6.8388
14698,37.4596
14638,7.1589
14699,37.5076
14639,6.8630
14700,36.6649
14640,6.9061
14701,37.5056
14641,7.0797
14702,37.2395
14642,7.2242
14703,37.7492
14643,7.0040
14704,37.9047
14644,6.9572
14705,37.6985
14645,7.1379
14706,37.5827
14646,6.9039
14707,37.0896
14647,6.9139
14708,37.2054
14648,6.9745
14709,37.7216
14649,6.9539
14710,37.7873
14650,6.9001
14711,37.1970
14651,6.9610
14712,38.2025
14652,6.8280
14713,36.4483
14653,7.1327
14714,38.1975
14654,6.9053
14715,36.6079
14655,7.0971
14716,37.6866
14656,6.9908
14717,38.0120
14657,7.1280
14718,36.7772
14658,7.1671
14719,38.0412
14659,6.9498
14720,38.4862
14660,6.8587
14721,37.1671
14661,6.9397
14722,38.0345
14662,6.8886
14723,36.3736
14663,7.0975
14724,37.2185
14664,7.1138
14665,6.9874
14725,37.4606
14726,37.6368
14666,6.7875
14727,36.7629
14667,6.9707
14728,37.6234
14668,7.0121
14729,37.6567
14669,6.8751
14730,38.1598
14670,6.9546
14731,37.7906
14671,6.7831
14732,37.6308
14672,6.8710
14733,36.9996
14673,7.1197
14734,37.2160
14674,6.8192
14735,36.7394
14675,7.0880
14736,37.8019
14676,6.9668
14737,37.4249
14677,7.1748
14738,37.7917
14678,6.9700
14739,36.8412
14679,7.1538
14740,38.1440
14680,7.0200
14741,37.7484
14681,7.1374
14742,38.2810
14682,6.8408
14743,36.7006
14683,6.8911
14744,37.3925
14684,6.9320
14745,37.0245
14685,7.0325
14746,38.0002
14686,7.1725
14687,6.8064
14747,38.5738
14748,36.5912
14688,6.9830
14749,37.7254
14689,6.8934
14750,37.3475
14690,7.0458
14751,37.5555
14691,7.2242
14752,38.6816
14692,6.8573
14753,37.2132
14693,6.9877
14754,37.2007
14694,7.0395
14755,37.0750
14695,7.0722
14756,38.0345
14696,7.0539
14757,38.1702
14697,7.1359
14758,38.4262
14698,6.9304
14759,37.1312
14699,7.1236
14760,38.0904
14700,7.0014
14761,38.2932
14701,7.1939
14762,37.4220
14702,6.8924
14763,37.0936
14703,6.8726
14764,37.2452
14704,7.0717
14765,37.3487
14705,6.8860
14766,37.2906
14706,7.0292
14767,38.0762
14707,7.0661
14768,37.1842
14708,7.1251
14769,37.9176
14709,7.1411
14770,37.4392
14710,6.9490
14771,36.5088
14711,6.9305
14772,37.6840
14712,7.1951
14773,38.0220
14713,7.1267
14774,38.5137
14714,6.9022
14775,39.2135
14715,7.0701
14776,36.9004
14716,6.9620
14777,36.9944
14717,6.9345
14778,38.2120
14718,6.9312
14779,36.9706
14719,6.9453
14780,37.0676
14720,7.1261
14781,37.8432
14721,7.0219
14782,38.0783
14722,7.1861
14783,37.7065
14723,6.9902
14784,37.4101
14724,6.8939
14785,36.8767
14725,7.1432
14786,37.6426
14726,7.1499
14787,37.3317
14727,6.8908
14788,38.5475
14728,6.8797
14789,36.8731
14729,6.9812
14790,37.7349
14730,7.0693
14791,37.5862
14731,6.8442
14792,37.3497
14732,6.8933
14793,37.3737
14733,6.9651
14794,37.4754
14734,6.8651
14795,36.7014
14735,7.1090
14796,37.7834
14736,7.0262
14797,36.8691
14737,7.1177
14798,37.9831
14738,7.1219
14799,37.4127
14739,6.9612
14800,37.1623
14740,7.0000
14801,37.4997
14741,6.8572
14802,37.6234
14742,7.1533
14803,37.8343
14743,6.8568
14804,37.1421
14744,6.9905
14805,36.7474
14745,7.1890
14806,37.4436
14746,7.0312
14807,37.8046
14747,7.0192
14808,36.8332
14748,7.2180
14809,38.3933
14749,7.3577
14810,38.5031
14750,7.0365
14811,37.2481
14751,6.9260
14812,37.8277
14752,7.0168
14813,37.2966
14753,6.9934
14814,37.2058
14754,7.1376
14815,37.4240
14755,6.9049
14816,37.6404
14756,6.9295
14817,37.3813
14757,6.8872
14818,37.0703
14758,7.1787
14819,37.7470
14759,7.0874
14820,36.5586
14760,7.2314
14821,38.0162
14761,6.9972
14822,36.8401
14762,7.1864
14823,38.4793
14763,6.8471
14824,36.6975
14764,7.1532
14825,37.5307
14765,6.9343
14826,37.5703
14766,7.2363
14827,37.6156
14767,7.0098
14828,38.4154
14768,6.9174
14829,37.2079
14769,7.1021
14830,37.4197
14770,6.8688
14831,36.6327
14771,7.4361
14832,38.0415
14772,7.1626
14833,38.1874
14773,6.8101
14834,37.4037
14774,6.8554
14835,36.8344
14775,7.2419
14836,38.4125
14776,6.9086
14837,37.1047
14777,7.2004
14838,38.2162
14778,6.9294
14839,36.7564
14779,6.8819
14840,37.4345
14780,7.3152
14841,37.7632
14781,7.0949
14842,37.0580
14782,7.0261
14843,37.3191
14783,7.2373
14844,37.9544
14784,7.0132
14845,37.4198
14785,6.8590
14846,37.1913
14786,7.1533
14847,37.4792
14787,6.9735
14848,37.2826
14788,7.2538
14849,37.9684
14789,7.0391
14850,36.8566
14790,7.1847
14851,37.5977
14791,6.9451
14852,37.4794
14792,6.8776
14853,37.5664
14793,7.1708
14854,38.1374
14794,7.0135
14855,37.2595
14795,7.0300
14856,38.4167
14796,7.2401
14857,38.0386
14797,7.1152
14858,37.2049
14798,6.9082
14859,37.6747
14799,6.9931
14860,37.2614
14800,7.1362
14861,36.9606
14801,7.0243
14862,37.3391
14802,7.2960
14863,38.0020
14803,6.8561
14864,36.6820
14804,7.1982
14865,37.6290
14805,6.9387
14866,37.3665
14806,7.0337
14867,38.0063
14807,7.0845
14868,36.7126
14808,6.9278
14869,38.1900
14809,6.8567
14870,36.6604
14810,7.0648
14871,36.8270
14811,6.9253
14872,36.8505
14812,7.0058
14873,37.2507
14813,6.9307
14874,38.1110
14814,7.0645
14875,38.0953
14815,7.3162
14876,38.1685
14816,6.8963
14817,6.8385
14877,37.5032
14878,37.6369
14818,6.8518
14819,6.7410
14879,37.3863
14880,36.3799
14820,6.9418
14881,37.8836
14821,7.0536
14882,37.6468
14822,7.1619
14883,38.0381
14823,6.9428
14884,37.0455
14824,6.7658
14885,37.1266
14825,6.8484
14886,37.6528
14826,6.8242
14887,36.9954
14827,6.9238
14888,37.6489
14828,7.2376
14889,37.9960
14829,6.8748
14890,37.7927
14830,7.2327
14891,37.4577
14831,6.9197
14892,36.5865
14832,7.0142
14893,37.6313
14833,7.0830
14894,37.2319
14834,7.4404
14835,6.9469
14895,38.7499
14896,37.3276
14836,7.3622
14897,37.9266
14837,7.1546
14898,38.5533
14838,6.9557
14899,37.0871
14839,7.0127
14900,37.2711
14840,7.0132
14901,36.7525
14841,7.1074
14902,38.0120
14842,7.0186
14903,37.3219
14843,7.2617
14904,38.0530
14844,7.4584
14845,7.0529
14905,38.1417
14906,36.9442
14846,7.2607
14847,6.9602
14907,38.1247
14908,37.6400
14848,7.0635
14909,38.0849
14849,6.9741
14850,6.9804
14910,37.5305
14911,37.7566
14851,7.2611
14912,37.9854
14852,7.1838
14913,37.9917
14853,7.1135
14914,37.2242
14854,7.2539
14915,38.1392
14855,7.1407
14916,37.5396
14856,7.1610
14917,38.2292
14857,7.0440
14918,38.0693
14858,7.4042
14919,38.2543
14859,7.1034
14920,37.5761
14860,7.1784
14921,37.9687
14861,7.3631
14922,37.3645
14862,7.3056
14923,37.7967
14863,7.0760
14924,37.6147
14864,7.4290
14865,7.0559
14925,38.6912
14926,37.5392
14866,7.2065
14927,37.8467
14867,7.1479
14928,37.0914
14868,7.0602
14929,37.4823
14869,7.0020
14930,37.1096
14870,7.3496
14931,38.3604
14871,7.4644
14932,37.9902
14872,7.1983
14933,38.0254
14873,7.0096
14934,37.3574
14874,7.1113
14935,36.9714
14875,7.3737
14936,38.6523
14876,7.1682
14937,36.9932
14877,7.2845
14938,38.1430
14878,7.1120
14939,37.4887
14879,7.1413
14940,38.2751
14880,7.0680
14941,37.0701
14881,7.3370
14942,37.6565
14882,7.3829
14943,37.9259
14883,7.0571
14944,37.6765
14884,7.2212
14945,38.1741
14885,7.1169
14946,37.8887
14886,7.2950
14947,37.9870
14887,7.0897
14948,36.9920
14888,7.2104
14949,38.5400
14889,7.3196
14950,37.6098
14890,7.1877
14951,37.6784
14891,7.1604
14952,37.2734
14892,7.1403
14953,37.6419
14893,7.1419
14954,37.9678
14894,7.1536
14955,37.3503
14895,7.1583
14956,38.4470
14896,7.0858
14957,36.9527
14897,7.0536
14958,39.9026
14898,7.2229
14959,37.2647
14899,7.0499
14960,37.4206
14900,6.9881
14961,37.1575
14901,7.2350
14962,37.7290
14902,7.3645
14963,37.9335
14903,6.9780
14964,37.1859
14904,7.2766
14965,40.1966
14905,7.3632
14906,7.0641
14966,37.7788
14967,37.2324
14907,7.2598
14968,37.2306
14908,7.2565
14909,7.1718
14969,38.2240
14970,37.0940
14910,7.4096
14971,37.6981
14911,7.1245
14972,37.5887
14912,7.4223
14973,38.1952
14913,7.0810
14914,7.0739
14974,37.7852
14975,37.6533
14915,7.3803
14916,6.9708
14976,37.4714
14977,36.8405
14917,7.1557
14978,37.9071
14918,7.2531
14979,38.2812
14919,7.2849
14980,36.8327
14920,6.9641
14921,7.0107
14981,37.9687
14982,37.9508
14922,7.4179
14983,38.3729
14923,7.3162
14984,36.9093
14924,7.6038
14985,37.5576
14925,7.0867
14986,38.1445
14926,7.0076
14987,37.4461
14927,7.1363
14988,38.2877
14928,7.0225
14989,37.0546
14929,7.1240
14990,38.2097
14930,7.1191
14991,38.1483
14931,7.2184
14992,37.7039
14932,7.0766
14993,38.4638
14933,7.0431
14994,37.7635
14934,7.3205
14995,37.7935
14935,7.3730
14996,37.2168
14936,7.1328
14997,37.6939
14937,7.3419
14998,37.8051
14938,7.3522
14999,37.5336
14939,7.2822
15000,38.1070
14940,7.1585
15001,37.3668
14941,7.2952
15002,38.1526
14942,7.2303
15003,37.3706
14943,7.1468
15004,37.0791
14944,7.1171
15005,37.8659
14945,7.2955
15006,37.5302
14946,7.5106
15007,38.6491
14947,7.2759
15008,37.4819
14948,7.0201
15009,37.5989
14949,7.0044
15010,37.8616
14950,7.1399
15011,37.3254
14951,7.1018
15012,37.2494
14952,7.2239
15013,38.4069
14953,7.0979
15014,37.5288
14954,7.8172
15015,38.4238
14955,7.3075
14956,6.9848
15016,37.9183
15017,36.9299
14957,7.0760
15018,37.4664
14958,7.4624
15019,37.8737
14959,7.0825
14960,7.1212
15020,39.7128
15021,37.7983
14961,7.2627
15022,37.9916
14962,7.2055
15023,38.0643
14963,7.1794
15024,36.6159
14964,7.2665
15025,37.0637
14965,7.2778
15026,38.3836
14966,7.3733
15027,38.7758
14967,7.3215
15028,37.2571
14968,7.0710
15029,36.7036
14969,7.1328
15030,37.7366
14970,7.3506
15031,37.5303
14971,7.2891
14972,6.9720
15032,38.4957
15033,37.0841
14973,7.1128
15034,37.3059
14974,7.0881
15035,38.6258
14975,7.1700
15036,37.8850
14976,7.1744
15037,37.0583
14977,7.0777
15038,37.2207
14978,7.2740
15039,38.4481
14979,7.1043
15040,37.3449
14980,7.3286
14981,6.9723
15041,38.3218
15042,37.6846
14982,7.2844
15043,37.3444
14983,7.1608
15044,37.5796
14984,7.3942
15045,37.6886
14985,7.2527
15046,37.6572
14986,7.3879
15047,38.6362
14987,7.1039
15048,37.2320
14988,7.1747
15049,37.8643
14989,7.2712
15050,37.0420
14990,6.9250
15051,37.6233
14991,7.0816
15052,37.5031
14992,7.4251
15053,38.0288
14993,7.1127
15054,37.8078
14994,7.2902
15055,37.6661
14995,7.4568
15056,37.5613
14996,7.0884
15057,37.3760
14997,7.4234
15058,38.4643
14998,7.1313
15059,36.7793
14999,7.3906
15060,37.7358
15000,7.2321
15061,37.4113
15001,7.3821
15062,38.3777
15002,7.2241
15063,37.6180
15003,7.1763
15064,37.2743
15004,7.3296
15065,37.6027
15005,7.3589
15066,38.0592
15006,7.1596
15067,37.8606
15007,7.3978
15068,38.0001
15008,7.0434
15069,38.0147
15009,7.1047
15070,37.0377
15010,7.2954
15071,37.6851
15011,7.3108
15072,37.4837
15012,7.2955
15073,38.1126
15013,7.3726
15074,37.7204
15014,6.9828
15075,37.2268
15015,7.1737
15016,7.1629
15076,38.4239
15077,38.0887
15017,7.1510
15078,37.7128
15018,7.5016
15079,39.0188
15019,6.9893
15080,36.8433
15020,7.4293
15081,38.1986
15021,7.2266
15082,38.4155
15022,7.1599
15083,36.6682
15023,7.3446
15084,38.0891
15024,7.1024
15085,37.2008
15025,7.3955
15086,38.2169
15026,7.1827
15087,38.0219
15027,7.1033
15088,38.0917
15028,6.9960
15089,36.9025
15029,7.2707
15090,37.3965
15030,7.3531
15091,38.4032
15031,7.1429
15092,38.6681
15032,7.2580
15093,38.3065
15033,7.3576
15034,7.1472
15094,38.2769
15095,36.7867
15035,7.5769
15096,37.6761
15036,7.3858
15037,7.0021
15097,38.2817
15098,36.4791
15038,7.1743
15099,37.4854
15039,7.3562
15040,6.9831
15100,38.2286
15101,36.5060
15041,7.4110
15102,38.7950
15042,7.3414
15103,37.7057
15043,7.0769
15104,38.2500
15044,6.9922
15105,36.8357
15045,7.9810
15106,37.9187
15046,6.9689
15107,37.1652
15047,7.5806
15108,37.8040
15048,7.3489
15109,37.8098
15049,7.1503
15110,37.5645
15050,7.3750
15111,38.0168
15051,7.3020
15112,37.7040
15052,7.1310
15113,37.2215
15053,7.0826
15114,37.0067
15054,7.3442
15115,37.6755
15055,7.0182
15116,38.0513
15056,7.1760
15117,36.9748
15057,7.3191
15118,37.7118
15058,7.1576
15119,37.5104
15059,7.3969
15120,38.7228
15060,7.2618
15121,37.1010
15061,7.0017
15122,37.4879
15062,7.1592
15123,37.9739
15063,7.2551
15124,37.5628
15064,7.0536
15125,37.1987
15065,7.4033
15126,38.1583
15066,7.2896
15127,38.0424
15067,7.1235
15128,37.1636
15068,7.1922
15129,36.5963
15069,7.4143
15130,37.9970
15070,7.3619
15131,37.1894
15071,7.3737
15132,37.7387
15072,7.1449
15133,37.6981
15073,7.1216
15134,37.4477
15074,7.0755
15135,37.0098
15075,7.0735
15136,37.2296
15076,7.3139
15137,37.1408
15077,7.6060
15138,38.3395
15078,7.2697
15139,36.9610
15079,7.4903
15140,37.8501
15080,7.1981
15141,37.5724
15081,7.5035
15142,37.0679
15082,7.4701
15143,37.1567
15083,7.3117
15144,37.8106
15084,7.4024
15145,37.3001
15085,7.3975
15146,37.2859
15086,7.3599
15147,38.3065
15087,7.3091
15148,38.0919
15088,6.9755
15149,36.8442
15089,7.1139
15150,37.3743
15090,7.3335
15091,7.0423
15151,37.6334
15152,36.7181
15092,7.1102
15153,37.8377
15093,7.1338
15154,37.1796
15094,7.0079
15155,37.4768
15095,6.9260
15156,37.4816
15096,6.8176
15157,36.8650
15097,7.1943
15158,37.8660
15098,6.9882
15159,37.3172
15099,7.3914
15100,6.9145
15160,38.3785
15161,36.3591
15101,6.9790
15162,36.6614
15102,7.2318
15103,6.8924
15163,37.8475
15164,37.3584
15104,7.4600
15165,37.5043
15105,7.0119
15166,36.5419
15106,7.1647
15167,37.9750
15107,7.1751
15168,36.8633
15108,7.1619
15169,37.8319
15109,7.1203
15170,37.5486
15110,7.2545
15171,38.1727
15111,7.3865
15172,37.0871
15112,7.1510
15173,38.1558
15113,7.0257
15174,37.5057
15114,7.0880
15175,36.9133
15115,7.1455
15176,38.3001
15116,7.1015
15177,37.4046
15117,6.9102
15178,37.6775
15118,6.9114
15179,38.0969
15119,6.9878
15180,37.0640
15120,7.0782
15181,37.4908
15121,7.3456
15182,37.7634
15122,7.1655
15183,37.3973
15123,7.2073
15184,37.5519
15124,7.0623
15185,37.6826
15125,7.1077
15186,37.4976
15126,7.1098
15187,37.5877
15127,7.2665
15188,38.8307
15128,7.3078
15189,37.2441
15129,7.1108
15190,37.4391
15130,7.1593
15191,37.9490
15131,7.1700
15192,37.4298
15132,7.1611
15193,37.5875
15133,7.4160
15194,38.5418
15134,7.1476
15195,37.8663
15135,7.3774
15196,37.5294
15136,7.0441
15197,36.7470
15137,7.2044
15198,37.7701
15138,7.0218
15199,38.3336
15139,7.0051
15200,38.1427
15140,6.9572
15201,37.2040
15141,7.0973
15202,37.6930
15142,6.8459
15203,37.9140
15143,6.9556
15204,37.9362
15144,6.9132
15205,37.5349
15145,7.0468
15206,37.6099
15146,7.3368
15207,38.0537
15147,7.1092
15208,36.7346
15148,7.2869
15209,37.6600
15149,6.9539
15210,37.3263
15150,7.3213
15151,6.8793
15211,38.3069
15212,36.5223
15152,7.2916
15213,39.5627
15153,7.0641
15214,38.1325
15154,7.0254
15215,36.8361
15155,7.0515
15156,7.0060
15216,40.9108
15217,36.3332
15157,7.0761
15218,37.4892
15158,7.5069
15219,37.9692
15159,6.9747
15220,37.0836
15160,7.1137
15221,37.5189
15161,6.9744
15222,37.5154
15162,6.9453
15223,37.6027
15163,6.9991
15224,37.5091
15164,7.0759
15225,37.8011
15165,6.8765
15226,36.5736
15166,7.0227
15227,38.0351
15167,6.7910
15228,37.6644
15168,6.7686
15229,38.4008
15169,6.9472
15230,37.5841
15170,7.1148
15171,6.7363
15231,38.5048
15232,37.0580
15172,7.0535
15233,37.6311
15173,6.9081
15234,36.7998
15174,7.1965
15235,37.2864
15175,6.9440
15236,37.8617
15176,6.8806
15237,37.2894
15177,7.0820
15238,36.6899
15178,7.2295
15239,38.2590
15179,7.0823
15240,38.0595
15180,6.9065
15241,37.1955
15181,6.8948
15242,38.1992
15182,7.4118
15243,37.4860
15183,7.0666
15244,36.6305
15184,7.0143
15245,36.8450
15185,7.1622
15246,39.3269
15186,7.0337
15247,37.0707
15187,7.3792
15248,38.1086
15188,7.1666
15249,37.8315
15189,7.3201
15250,38.0078
15190,7.2677
15251,36.8188
15191,7.2302
15252,37.6081
15192,7.2802
15253,38.1641
15193,7.0020
15254,36.8854
15194,7.0866
15255,37.8129
15195,7.3262
15256,37.5416
15196,7.1959
15257,38.2691
15197,7.2658
15258,37.3565
15198,7.1532
15259,37.5949
15199,7.0198
15260,38.1429
15200,7.0747
15261,37.2427
15201,6.8370
15262,37.0019
15202,6.8928
15263,37.9659
15203,7.0615
15264,37.3544
15204,6.7716
15265,37.1830
15205,6.7550
15266,37.8860
15206,6.6337
15267,37.2011
15207,6.6104
15268,38.0559
15208,6.7998
15269,39.6619
15209,6.7197
15270,36.7825
15210,6.8124
15271,37.1416
15211,7.1431
15272,38.2091
15212,6.9854
15273,37.9169
15213,6.8738
15274,37.6367
15214,6.9377
15275,38.1028
15215,6.6864
15276,36.9526
15216,7.6981
15277,37.9086
15217,6.9009
15278,37.1545
15218,6.8041
15279,37.4690
15219,7.4315
15280,37.5334
15220,6.9073
15221,6.7820
15281,38.7255
15282,36.4998
15222,6.7948
15283,37.1362
15223,6.8923
15284,36.9441
15224,7.1979
15285,37.6712
15225,6.6820
15286,37.3045
15226,6.9223
15287,37.3207
15227,6.9679
15288,37.5432
15228,6.8180
15289,37.3480
15229,6.9644
15290,38.4194
15230,6.7574
15291,36.8053
15231,6.9732
15292,37.8727
15232,6.5953
15293,37.0750
15233,6.6522
15294,36.8904
15234,7.0019
15295,37.8756
15235,6.7490
15296,38.1410
15236,6.9664
15297,36.7273
15237,6.7696
15298,37.8460
15238,6.7462
15299,36.2702
15239,6.7458
15300,37.6102
15240,6.7637
15301,37.2944
15241,6.7618
15302,37.6033
15242,6.7656
15303,37.6240
15243,7.0166
15304,37.7261
15244,6.7604
15305,36.7059
15245,6.9135
15306,36.9527
15246,6.6185
15307,37.1963
15247,6.8713
15308,38.0425
15248,6.6563
15309,36.8311
15249,7.1134
15250,6.6944
15310,38.9448
15311,36.8921
15251,6.7050
15312,36.7010
15252,6.9323
15253,6.6191
15313,38.4091
15314,36.9630
15254,6.8065
15315,36.9826
15255,6.6081
15316,37.7383
15256,6.7017
15317,37.1148
15257,6.6228
15318,37.4265
15258,6.6857
15319,37.2977
15259,6.5952
15320,36.8391
15260,6.9815
15321,37.6917
15261,6.9258
15322,37.4562
15262,6.6480
15323,37.1952
15263,6.7521
15324,37.2197
15264,6.6504
15325,37.0542
15265,6.8922
15326,37.7992
15266,7.3312
15327,37.7712
15267,6.7319
15328,36.7012
15268,6.7912
15329,36.8723
15269,6.7265
15330,37.6004
15270,6.6563
15331,37.2277
15271,6.6832
15332,36.9929
15272,6.8123
15333,36.9509
15273,6.9637
15334,38.8183
15274,6.9063
15335,39.8893
15275,6.8236
15336,36.7103
15276,6.8873
15337,38.1672
15277,6.5822
15338,37.8325
15278,6.6739
15339,37.1630
15279,6.9409
15340,37.9732
15280,6.9355
15341,38.0744
15281,6.7987
15342,37.0673
15282,6.6270
15343,37.7211
15283,6.7274
15344,37.4539
15284,6.7551
15345,37.8927
15285,6.9522
15346,37.9387
15286,6.7778
15347,37.1756
15287,7.0349
15348,38.8346
15288,7.0595
15349,36.9890
15289,6.7469
15350,38.1688
15290,6.7865
15351,37.8789
15291,6.6658
15352,37.0611
15292,6.9953
15353,38.4457
15293,6.7942
15354,37.5800
15294,6.7700
15355,37.0660
15295,6.9829
15356,37.6821
15296,6.6699
15357,37.2728
15297,7.0042
15358,37.6312
15298,7.0333
15359,38.1978
15299,6.6757
15360,37.8027
15300,6.7807
15361,37.0745
15301,7.0424
15362,37.8050
15302,6.7992
15363,37.4506
15303,6.6302
15364,37.2817
15304,6.9547
15365,38.1660
15305,6.7491
15366,38.4037
15306,6.9858
15367,37.1752
15307,6.8696
15368,37.6091
15308,6.7047
15369,37.2246
15309,6.7100
15370,37.0811
15310,6.8386
15371,37.3657
15311,6.9855
15372,37.5282
15312,6.8116
15373,37.8434
15313,6.6796
15374,37.4648
15314,6.6634
15375,36.7871
15315,6.7944
15376,37.8707
15316,6.9687
15377,38.2255
15317,6.6892
15378,37.0319
15318,7.0117
15379,38.5538
15319,6.7202
15380,36.8217
15320,6.8968
15381,37.7451
15321,6.7965
15382,37.6455
15322,6.6467
15383,36.7635
15323,6.7403
15384,37.6687
15324,6.7488
15385,37.9781
15325,6.9733
15386,37.7846
15326,6.6930
15387,37.6157
15327,6.9794
15388,37.1228
15328,6.6759
15389,37.2600
15329,6.6799
15390,37.4796
15330,6.8694
15391,37.4361
15331,6.7547
15392,38.0451
15332,6.7766
15393,36.4548
15333,7.0301
15394,38.7308
15334,6.6761
15395,37.2107
15335,6.6586
15396,36.8865
15336,6.7928
15397,37.6440
15337,7.3011
15338,6.6432
15398,37.6986
15399,36.4173
15339,6.8056
15400,38.1954
15340,6.7675
15401,37.3998
15341,6.9397
15402,37.8016
15342,6.6812
15403,37.0880
15343,6.8077
15404,37.1080
15344,6.8135
15405,38.2363
15345,6.7377
15406,37.4979
15346,6.6261
15407,37.3945
15347,6.6003
15408,36.8826
15348,6.8993
15409,38.0283
15349,6.6376
15410,37.9301
15350,6.8676
15411,37.9931
15351,6.6229
15412,37.1122
15352,7.0239
15413,37.6543
15353,6.8939
15414,37.3733
15354,6.7835
15415,37.2887
15355,6.7157
15416,37.7045
15356,6.7114
15417,37.5696
15357,6.6780
15418,38.7448
15358,7.2758
15419,36.9246
15359,6.9528
15420,38.4795
15360,6.7437
15421,37.0044
15361,6.7182
15422,36.9727
15362,6.9716
15423,37.5511
15363,6.6890
15424,36.9751
15364,6.8479
15425,37.5547
15365,6.8364
15426,37.9127
15366,6.6847
15427,37.3727
15367,6.5819
15428,36.9216
15368,6.5922
15429,37.3843
15369,6.6692
15430,37.1756
15370,6.9172
15431,37.3244
15371,6.5522
15432,37.8082
15372,6.6250
15433,36.6616
15373,6.6563
15434,37.1123
15374,6.5041
15435,36.9060
15375,6.6881
15436,36.3215
15376,6.8778
15437,37.4686
15377,6.7975
15438,37.4583
15378,6.6448
15439,37.9174
15379,6.5384
15440,36.4734
15380,6.8269
15441,37.5462
15381,6.6740
15442,37.3571
15382,6.6102
15443,36.9652
15383,6.8790
15444,37.9498
15384,6.5836
15445,37.2860
15385,6.8965
15446,37.7125
15386,6.7989
15447,38.0623
15387,6.7450
15448,37.1736
15388,6.7420
15449,38.1327
15389,6.9873
15450,37.9371
15390,6.6496
15451,36.4838
15391,6.7438
15452,36.9750
15392,7.5172
15453,37.7144
15393,6.8295
15454,36.6102
15394,6.9601
15455,37.8514
15395,6.7224
15456,38.1770
15396,6.8842
15457,37.0051
15397,6.6561
15458,37.5011
15398,6.6878
15459,37.6353
15399,6.6073
15460,36.7221
15400,6.9593
15461,37.4206
15401,6.6853
15462,37.3004
15402,6.6793
15463,37.8974
15403,6.7529
15464,36.9432
15404,6.9207
15465,37.7313
15405,6.8460
15466,36.8823
15406,7.0919
15467,37.4221
15407,6.9083
15468,37.7146
15408,6.6703
15469,37.9453
15409,6.7716
15470,36.6113
15410,6.7272
15411,6.5126
15471,38.6653
15472,36.2186
15412,7.0317
15473,38.3428
15413,6.7535
15474,38.0954
15414,6.8210
15475,38.0877
15415,6.7610
15476,37.2746
15416,6.8165
15477,37.6456
15417,6.7324
15478,37.3261
15418,6.6776
15479,37.6160
15419,6.7336
15480,37.8437
15420,6.6927
15481,37.2997
15421,6.8524
15482,38.1334
15422,7.0155
15483,38.7283
15423,6.8462
15484,36.0487
15424,6.9053
15485,39.4123
15425,6.6782
15486,37.1933
15426,6.8799
15487,37.6429
15427,6.7135
15488,37.3230
15428,6.7983
15489,37.8428
15429,6.7509
15490,38.0371
15430,6.7193
15491,37.9976
15431,6.7589
15492,37.1775
15432,6.9537
15493,37.1892
15433,6.9243
15494,37.9279
15434,6.9123
15495,37.5957
15435,6.8211
15496,38.3566
15436,6.9119
15497,37.8779
15437,6.8446
15498,37.0331
15438,6.9189
15499,37.6253
15439,6.7104
15500,37.5317
15440,6.6789
15501,37.6771
15441,6.9610
15502,37.9489
15442,6.7786
15503,36.7031
15443,6.8111
15504,37.5718
15444,6.6341
15505,36.5366
15445,6.9880
15506,38.2299
15446,6.8571
15507,36.5994
15447,6.9010
15508,37.7852
15448,6.9089
15509,36.9611
15449,6.8382
15510,38.3062
15450,6.7109
15511,36.8778
15451,6.8806
15512,37.1649
15452,7.0212
15513,37.9951
15453,6.8717
15514,38.4105
15454,6.6581
15515,37.0069
15455,6.9510
15516,38.3771
15456,6.6713
15517,36.8836
15457,6.7407
15518,37.6365
15458,6.7877
15519,37.1745
15459,6.7386
15520,36.7278
15460,6.9479
15521,37.8065
15461,6.7096
15522,37.0130
15462,6.9411
15523,38.2392
15463,6.7150
15524,39.3485
15464,6.7034
15525,36.9795
15465,6.8783
15526,37.8158
15466,6.8019
15527,37.6345
15467,6.7326
15528,37.4120
15468,6.7705
15529,37.6579
15469,6.6858
15530,37.4253
15470,6.8139
15531,38.4439
15471,6.7233
15532,37.3287
15472,6.9258
15533,37.6554
15473,6.8941
15474,6.6671
15534,38.5693
15535,36.6394
15475,7.2643
15536,38.2736
15476,6.6813
15537,37.0590
15477,6.7866
15538,37.3469
15478,6.8903
15539,37.8241
15479,6.7306
15540,36.6913
15480,6.9719
15541,37.9524
15481,6.9252
15542,37.9647
15482,6.9277
15543,37.4530
15483,6.7086
15544,37.9309
15484,6.9048
15545,36.5567
15485,6.9842
15546,37.8271
15486,7.0435
15547,37.5582
15487,6.7589
15548,37.5834
15488,6.8191
15549,36.9714
15489,7.0746
15550,38.8099
15490,6.8890
15551,36.9847
15491,7.0968
15552,37.6400
15492,6.7120
15553,37.8252
15493,6.5569
15554,37.2339
15494,6.7831
15555,38.2609
15495,6.6853
15556,37.7128
15496,6.7273
15557,36.8432
15497,7.0627
15558,38.2437
15498,6.6972
15559,37.0072
15499,6.6600
15560,36.9911
15500,6.7442
15561,37.0091
15501,6.6621
15562,37.4461
15502,6.6705
15563,36.7979
15503,6.9516
15564,37.7130
15504,6.7853
15565,37.5725
15505,6.6984
15566,36.7097
15506,6.8813
15567,37.3684
15507,6.7534
15568,37.1648
15508,6.8713
15569,37.4481
15509,6.6704
15570,37.3488
15510,6.7132
15571,38.0325
15511,6.7585
15572,36.9505
15512,7.3133
15573,37.7705
15513,6.8597
15574,37.0687
15514,6.7151
15575,37.0421
15515,6.5692
15576,37.4802
15516,6.6978
15577,37.0699
15517,6.5252
15578,36.7215
15518,6.8948
15579,37.7538
15519,6.6146
15580,37.2638
15520,6.8391
15581,37.5639
15521,6.7631
15582,37.6857
15522,6.7050
15583,37.2144
15523,6.4603
15584,38.1218
15524,6.6850
15585,36.7784
15525,6.8228
15586,38.8377
15526,6.5496
15587,36.7134
15527,6.8649
15588,37.5886
15528,6.8221
15529,6.5701
15589,37.9447
15590,36.9481
15530,6.8386
15591,38.0673
15531,6.6193
15592,37.7675
15532,6.7030
15593,38.5497
15533,6.5013
15594,37.3717
15534,6.6166
15595,37.4974
15535,6.8391
15536,6.3843
15596,38.6868
15597,36.1259
15537,6.4546
15598,37.2307
15538,6.7723
15599,37.9106
15539,6.5326
15540,6.5747
15600,37.7600
15601,36.7300
15541,6.5778
15602,37.3569
15542,6.8739
15603,37.5976
15543,6.7213
15604,37.2013
15544,6.6359
15605,37.3009
15545,6.8043
15606,37.6175
15546,6.6031
15607,37.1352
15547,6.8943
15548,6.4987
15608,39.1842
15609,37.2977
15549,6.5269
15610,38.0220
15550,6.5927
15611,37.8979
15551,6.5128
15552,6.4201
15612,38.2333
15613,36.5018
15553,6.4373
15614,36.7111
15554,6.5880
15615,38.1638
15555,6.5395
15556,6.3607
15616,38.0513
15617,36.5809
15557,6.4482
15618,36.7517
15558,6.5016
15619,38.4829
15559,6.6784
15620,37.7499
15560,6.4348
15621,36.7879
15561,6.8226
15622,39.4309
15562,6.6295
15623,36.7954
15563,6.4875
15624,37.5880
15564,6.5266
15625,37.7190
15565,6.6170
15626,38.2470
15566,6.4225
15627,37.7074
15567,6.6652
15628,37.9336
15568,6.3847
15629,37.1098
15569,6.7450
15630,37.2673
15570,6.5085
15631,37.6842
15571,6.7085
15632,37.6830
15572,6.4168
15633,36.9672
15573,6.7704
15574,6.3761
15634,38.7566
15635,36.9904
15575,6.4678
15636,37.4404
15576,6.7192
15637,37.9664
15577,6.4273
15638,37.9822
15578,6.5990
15639,36.7054
15579,6.6315
15640,37.9629
15580,6.8379
15641,38.6084
15581,6.6131
15642,36.5025
15582,6.7973
15643,37.8966
15583,6.8114
15644,37.5498
15584,6.6354
15645,36.9219
15585,6.5972
15646,37.1381
15586,6.5971
15647,37.4536
15587,6.8472
15588,6.5008
15648,38.2517
15649,36.8205
15589,6.7900
15650,37.0394
15590,6.5431
15651,38.6326
15591,6.7348
15652,36.6231
15592,6.7574
15653,37.4491
15593,6.5631
15654,37.5351
15594,6.8677
15655,38.3434
15595,6.6946
15656,36.5499
15596,6.4184
15657,36.7895
15597,6.5411
15658,37.0678
15598,6.4752
15659,37.2969
15599,6.8071
15660,38.0497
15600,6.5319
15661,37.3662
15601,6.9293
15662,37.8209
15602,6.5237
15663,37.5998
15603,6.7692
15604,6.4097
15664,38.5638
15605,6.4140
15665,36.7275
15666,36.5975
15606,6.7867
15667,38.1234
15607,6.5640
15668,37.8281
15608,6.7827
15609,6.5316
15669,37.3189
15670,36.5826
15610,6.5567
15671,38.1829
15611,6.6702
15672,37.9719
15612,6.4604
15673,37.3885
15613,6.7510
15674,37.9410
15614,6.5404
15675,37.5245
15615,6.4728
15616,6.4201
15676,37.7775
15677,36.7699
15617,6.3567
15678,37.5179
15618,6.7006
15679,37.4926
15619,6.5306
15680,37.7857
15620,6.4492
15681,37.2251
15621,6.5410
15682,37.9964
15622,6.7344
15623,6.4136
15683,37.9945
15684,37.2398
15624,6.4773
15685,36.8237
15625,6.4062
15686,36.8927
15626,6.4346
15687,38.4698
15627,6.5101
15688,38.3015
15628,6.7136
15689,37.4661
15629,6.4330
15630,6.3869
15690,37.5712
15691,36.4829
15631,6.6079
15692,38.1459
15632,6.4262
15633,6.5755
15693,37.9669
15694,36.4847
15634,6.4799
15695,38.5923
15635,6.4937
15636,6.4003
15696,37.9334
15697,36.2319
15637,6.4349
15698,37.6185
15638,6.4362
15699,37.3735
15639,6.4374
15700,37.3920
15640,6.6830
15641,6.4503
15701,37.8699
15702,37.1604
15642,6.4102
15703,37.5608
15643,6.3450
15644,6.3343
15704,37.7544
15645,6.3425
15705,36.9993
15706,36.8558
15646,6.3761
15707,37.7065
15647,6.4932
15708,36.8032
15648,6.3889
15709,37.2539
15649,6.6941
15650,6.3891
15710,38.2863
15711,36.8263
15651,6.4866
15712,36.8954
15652,6.6067
15713,37.5761
15653,6.2886
15654,6.2980
15714,37.5013
15715,35.9310
15655,6.4140
15716,37.7326
15656,6.3653
15657,6.3800
15717,37.8376
15718,37.8826
15658,6.5656
15719,36.4372
15659,6.6002
15720,38.3383
15660,6.5839
15721,37.8660
15661,6.2545
15722,36.7847
15662,6.5897
15723,37.7380
15663,6.3581
15664,6.3327
15724,38.2043
15725,36.9656
15665,6.3185
15726,37.3277
15666,6.3440
15727,37.0976
15667,6.4151
15728,38.3098
15668,6.3753
15729,37.5529
15669,6.4247
15670,6.3250
15730,38.5846
15731,37.1199
15671,6.5876
15732,37.4315
15672,6.6247
15733,37.6664
15673,6.6788
15734,38.2409
15674,6.4211
15675,6.5134
15735,38.0421
15736,36.5636
15676,6.5162
15737,36.9661
15677,6.3733
15738,38.2398
15678,6.3619
15739,36.7474
15679,6.6483
15740,37.5881
15680,6.7112
15741,38.8509
15681,6.4839
15742,38.3635
15682,6.4555
15743,37.2649
15683,6.5568
15744,37.5896
15684,6.5930
15745,37.4403
15685,6.4591
15746,37.6866
15686,6.3812
15747,37.3430
15687,6.4435
15748,38.5225
15688,6.6457
15749,38.0614
15689,6.5104
15750,36.7724
15690,6.5676
15751,36.7789
15691,6.5589
15692,6.4056
15752,38.0484
15753,37.3130
15693,6.6115
15754,37.2923
15694,6.4697
15755,38.0165
15695,6.4302
15756,38.1805
15696,6.4316
15757,37.2833
15697,6.2837
15698,6.3371
15758,37.5153
15759,37.3270
15699,6.3387
15760,37.0407
15700,6.6975
15761,37.3260
15701,6.5978
15762,38.7718
15702,6.4809
15703,6.4494
15763,37.8835
15764,36.8600
15704,6.3816
15705,6.3318
15765,37.8699
15766,36.7806
15706,6.6407
15767,37.0141
15707,6.4456
15768,38.0446
15708,6.6112
15769,37.9297
15709,6.4865
15770,37.1183
15710,6.5425
15771,37.4774
15711,6.5718
15712,6.2699
15772,37.6809
15773,37.0056
15713,6.4168
15774,37.3488
15714,6.8176
15715,6.3583
15775,38.5652
15776,36.7319
15716,6.5382
15777,36.9530
15717,6.6633
15778,38.0042
15718,6.6701
15779,37.4427
15719,6.3697
15780,37.8078
15720,6.4324
15781,36.5328
15721,6.4755
15782,37.5703
15722,6.2238
15783,36.5415
15723,6.3439
15784,36.7952
15724,6.4927
15725,6.3385
15785,37.8781
15786,36.5535
15726,6.4711
15787,37.4060
15727,6.5507
15788,38.2578
15728,6.7826
15789,37.9790
15729,6.5438
15790,36.8774
15730,6.3195
15791,37.2508
15731,6.4718
15792,36.7110
15732,6.6182
15793,37.4371
15733,6.5017
15794,37.1513
15734,6.6053
15795,37.6914
15735,6.3372
15796,38.1227
15736,6.5258
15797,37.3044
15737,6.3698
15798,36.3360
15738,6.5287
15799,38.0575
15739,6.4735
15800,37.9834
15740,6.4455
15801,38.2939
15741,6.6985
15802,37.2941
15742,6.3716
15743,6.3027
15803,38.3634
15744,6.3017
15804,36.8950
15805,36.7097
15745,6.3658
15746,6.4148
15806,37.7370
15807,36.2843
15747,6.4388
15748,6.4108
15808,38.4630
15809,37.4543
15749,6.3711
15750,6.3531
15810,38.7433
15751,6.2933
15811,36.9326
15812,36.8038
15752,6.2498
15753,6.2874
15813,37.7802
15814,37.2304
15754,6.5674
15815,36.9123
15755,6.6784
15816,38.8494
15756,6.6231
15817,37.5202
15757,6.2879
15818,37.3472
15758,6.6286
15819,38.2314
15759,6.6696
15820,38.3587
15760,6.4476
15821,37.0820
15761,6.3270
15822,36.7616
15762,6.4879
15823,37.4940
15763,6.5616
15764,6.4410
15824,38.0970
15825,36.9127
15765,6.3816
15826,37.9974
15766,6.2816
15827,37.4315
15767,6.3934
15828,37.3929
15768,6.3293
15769,6.2999
15829,38.3569
15830,37.6960
15770,6.5696
15831,37.6565
15771,6.3542
15772,6.3436
15832,38.5500
15833,37.0840
15773,6.5900
15834,37.5963
15774,6.5206
15835,36.5323
15775,6.5604
15836,37.5138
15776,6.5481
15777,6.4277
15837,37.7631
15838,36.6972
15778,6.6457
15779,6.3544
15839,38.6680
15840,37.2586
15780,6.4204
15781,6.3096
15841,38.6693
15782,6.2889
15842,39.5678
15843,37.3619
15783,6.5349
15784,6.3212
15844,37.4471
15845,36.5107
15785,6.3731
15786,6.3451
15846,37.8882
15847,37.0614
15787,6.5162
15788,6.3362
15848,37.4752
15849,37.4279
15789,8.6668
15850,37.6174
15790,6.8201
15851,38.9317
15791,6.3215
15852,35.9466
15792,6.5115
15853,37.8699
15793,6.2840
15794,6.3188
15854,37.7718
15855,37.3394
15795,6.2807
15856,37.0416
15796,6.5130
15857,37.1735
15797,6.2953
15858,38.1856
15798,6.5175
15859,36.8331
15799,6.4217
15800,6.3322
15860,38.6819
15861,37.0429
15801,6.5977
15802,6.3509
15862,37.6989
15863,36.7693
15803,6.3944
15864,36.9689
15804,6.3379
15805,6.4954
15865,38.6669
15866,37.0459
15806,6.6306
15867,38.0495
15807,6.4172
15868,37.1960
15808,6.4158
15869,37.6527
15809,6.7056
15870,38.2255
15810,6.4556
15811,6.3060
15871,37.8137
15872,36.8649
15812,6.5201
15873,36.4328
15813,6.4043
15814,6.3329
15874,38.0302
15815,6.3103
15875,36.9509
15876,36.3142
15816,6.5166
15877,38.2261
15817,6.6872
15818,6.3618
15878,38.2911
15819,6.4421
15879,37.1752
15880,37.2056
15820,6.4143
15821,6.3671
15881,38.1520
15822,6.3831
15882,37.8264
15883,38.2027
15823,6.3814
15884,37.5070
15824,6.4057
15885,39.0258
15825,6.4972
15886,36.9992
15826,6.6484
15887,36.4444
15827,6.4525
15828,6.3785
15888,38.0061
15889,36.8876
15829,6.5619
15890,37.4973
15830,6.8486
15891,38.2249
15831,6.4385
15892,37.3636
15832,6.4260
15893,37.3482
15833,6.4505
15894,37.3841
15834,6.5347
15835,6.3103
15895,37.9157
15896,37.5739
15836,6.5266
15897,39.2194
15837,6.4503
15898,37.1368
15838,6.7497
15899,37.5066
15839,6.5911
15900,37.3405
15840,6.8622
15901,38.4504
15841,6.5313
15902,36.7502
15842,6.5661
15903,37.3814
15843,6.4059
15904,37.2268
15844,6.5882
15905,38.0972
15845,6.4455
15906,37.3068
15846,6.4622
15907,38.0215
15847,6.4889
15908,37.6366
15848,6.6957
15849,6.5919
15909,37.9270
15910,37.0123
15850,6.7702
15911,38.2176
15851,6.4371
15912,37.4985
15852,6.4403
15913,37.6196
15853,6.4164
15914,37.2628
15854,6.5442
15915,37.2587
15855,6.4246
15916,37.0056
15856,6.7938
15917,38.3273
15857,6.6761
15918,37.0749
15858,6.4694
15919,37.0690
15859,6.4770
15920,37.6114
15860,6.8059
15921,38.0421
15861,6.4793
15922,37.2991
15862,6.6298
15923,37.6278
15863,6.4585
15924,37.3626
15864,6.4291
15925,37.4767
15865,6.6784
15926,37.7433
15866,6.5096
15927,38.0273
15867,6.7901
15928,37.8706
15868,6.4026
15929,36.5457
15869,6.7274
15870,6.3307
15930,37.5179
15931,36.8825
15871,6.5105
15932,36.9931
15872,6.4190
15933,38.2616
15873,6.7973
15934,37.7669
15874,6.7335
15875,6.3970
15935,37.7291
15936,37.5080
15876,6.6549
15937,37.8387
15877,6.5653
15878,6.4940
15938,37.6497
15939,36.8056
15879,6.4341
15940,38.3762
15880,6.5106
15941,37.5859
15881,6.3987
15942,38.0001
15882,6.3760
15943,37.2810
15883,6.5615
15944,37.0176
15884,6.4414
15945,37.5916
15885,6.6622
15946,38.5117
15886,6.3518
15947,36.6633
15887,6.3593
15948,37.7662
15888,6.6901
15949,38.5555
15889,6.6767
15950,38.0564
15890,6.2536
15891,6.3063
15951,37.0718
15952,36.6967
15892,6.4558
15953,37.9748
15893,6.6585
15894,6.2959
15954,37.4817
15955,36.7067
15895,6.3267
15896,6.3297
15956,38.7541
15957,36.9733
15897,6.4729
15958,37.9454
15898,6.4149
15959,37.4892
15899,6.5540
15960,37.2100
15900,6.7117
15961,38.0486
15901,6.4064
15962,37.6815
15902,6.5456
15963,36.6616
15903,6.6562
15964,37.9652
15904,6.5097
15965,37.9232
15905,6.5251
15966,37.2343
15906,6.7194
15967,38.7875
15907,6.5904
15908,6.3919
15968,39.9162
15969,36.6980
15909,6.7888
15970,37.8774
15910,6.5902
15971,39.3291
15911,6.4317
15972,37.4948
15912,6.3542
15973,36.9899
15913,6.6931
15974,38.1395
15914,6.3777
15975,36.7858
15915,6.8229
15976,39.0935
15916,6.6234
15977,36.9314
15917,6.5379
15978,37.9807
15918,6.4386
15979,37.9491
15919,6.3613
15980,37.7772
15920,6.3274
15981,36.6550
15921,6.7589
15982,38.4124
15922,6.4405
15983,37.3526
15923,6.4053
15984,37.4326
15924,6.2590
15985,37.0463
15925,6.3923
15986,37.2020
15926,6.8311
15987,38.4687
15927,6.4011
15988,37.1654
15928,6.4166
15989,38.7052
15929,6.5787
15990,36.6240
15930,6.4310
15991,37.6133
15931,6.3553
15992,37.8427
15932,6.4683
15993,37.7691
15933,6.4593
15994,38.3420
15934,6.5342
15995,37.4186
15935,6.6992
15996,38.1739
15936,6.5718
15997,37.4661
15937,6.2941
15938,6.2899
15998,37.8250
15999,37.2695
15939,6.7443
16000,37.7274
15940,6.6407
16001,37.9573
15941,6.5344
15942,6.3054
16002,37.7739
16003,37.0842
15943,6.3630
16004,38.0209
15944,6.6073
15945,6.4517
16005,37.9796
16006,37.2311
15946,6.7441
16007,38.1202
15947,6.3639
16008,36.7703
15948,6.7499
16009,38.1469
15949,6.4568
16010,37.0643
15950,6.4602
16011,36.9653
15951,6.7134
16012,38.0216
15952,6.3881
16013,37.0475
15953,6.3808
16014,37.7377
15954,6.6821
16015,37.5977
15955,6.4280
16016,38.5720
15956,6.6052
15957,6.5030
16017,37.6103
16018,37.3054
15958,6.5836
16019,38.6857
15959,6.5379
16020,37.7221
15960,6.7429
15961,6.5545
16021,38.5913
16022,38.1735
15962,6.7668
16023,37.4792
15963,6.5765
16024,36.8439
15964,6.4760
16025,38.1927
15965,6.6724
16026,36.7685
15966,6.7683
15967,6.3951
16027,38.4094
16028,36.8463
15968,6.4728
16029,37.1236
15969,6.7858
16030,38.1365
15970,6.4253
16031,37.9389
15971,6.7881
16032,38.2550
15972,6.5911
16033,37.8887
15973,6.7686
15974,6.3907
16034,38.1171
16035,37.2449
15975,6.5091
16036,37.5242
15976,6.4217
16037,38.0707
15977,6.6425
16038,37.8135
15978,6.4894
16039,38.4092
15979,6.5652
16040,37.5387
15980,6.3337
16041,37.1499
15981,6.6383
16042,37.9372
15982,6.3758
16043,36.7743
15983,6.6503
16044,37.7804
15984,6.6807
15985,6.3793
16045,37.8155
16046,36.9524
15986,6.3254
16047,37.6704
15987,6.3750
16048,37.9110
15988,6.7337
16049,37.1224
15989,6.6015
16050,37.1516
15990,6.7453
16051,37.5357
15991,6.8127
16052,38.0354
15992,6.7143
16053,37.0467
15993,7.1751
16054,37.9697
15994,7.5538
16055,37.8154
15995,11.2431
15996,7.8199
16056,38.6651
16057,37.5442
15997,7.1956
16058,37.3667
15998,7.1657
16059,37.7705
15999,7.2158
16060,37.4096
16000,9.5380
16061,38.0725
16001,7.6152
16002,7.0548
16062,38.4788
16063,37.4113
16003,7.2002
16064,37.3785
16004,7.3455
16065,38.0339
16005,7.4524
16066,37.8396
16006,7.1562
16067,37.8720
16007,7.6350
16068,38.2871
16008,7.2644
16069,37.3863
16009,7.6612
16070,39.0279
16010,7.2510
16071,38.0877
16011,7.1342
16072,37.8126
16012,7.5169
16013,7.2276
16073,38.2794
16074,36.9983
16014,7.5783
16075,37.6894
16015,7.6166
16076,38.6593
16016,7.1848
16077,37.4970
16017,7.3109
16078,38.0169
16018,7.6352
16079,37.7936
16019,7.4540
16080,37.7626
16020,7.4434
16021,7.1118
16081,38.2899
16082,37.1492
16022,7.5626
16023,7.2178
16083,38.8637
16084,36.9636
16024,7.2077
16085,37.5883
16025,7.7016
16086,38.2293
16026,7.0896
16087,37.1465
16027,7.1166
16088,37.4825
16028,7.4969
16089,38.6278
16029,7.6341
16090,39.1420
16030,7.4360
16091,37.4245
16031,7.1962
16092,37.6142
16032,7.2722
16093,37.6758
16033,7.0791
16094,37.5281
16034,7.2128
16095,38.2759
16035,7.5206
16096,38.2001
16036,7.2272
16097,37.9009
16037,7.2376
16098,37.6177
16038,7.5395
16099,38.7899
16039,7.3784
16100,38.0370
16040,7.3350
16101,38.2241
16041,7.3366
16102,38.1386
16042,7.2795
16103,37.8734
16043,7.5736
16104,37.8275
16044,7.5460
16105,38.3983
16045,7.0751
16106,36.9641
16046,7.5468
16107,37.9755
16047,7.2689
16108,38.3440
16048,7.2638
16109,37.4822
16049,7.2484
16110,38.3242
16050,7.2456
16111,38.3067
16051,7.1166
16112,38.0184
16052,7.3664
16113,37.3516
16053,7.5384
16114,36.7763
16054,7.2559
16115,37.1631
16055,7.3058
16116,37.9858
16056,7.5393
16117,37.7522
16057,7.3141
16118,36.8844
16058,7.1640
16119,37.0292
16059,7.5267
16120,38.1405
16060,7.3367
16121,37.5920
16061,7.7458
16122,38.5392
16062,7.2114
16123,37.6535
16063,7.0153
16124,38.6033
16064,7.2418
16125,38.5647
16065,7.5323
16126,38.3170
16066,6.9772
16127,38.3006
16067,7.1995
16128,37.5603
16068,6.8916
16129,37.6444
16069,7.5768
16130,38.3924
16070,6.9412
16131,36.9568
16071,7.1733
16132,37.6342
16072,7.6974
16133,39.3994
16073,7.0706
16134,38.5167
16074,7.1232
16135,38.3751
16075,7.1174
16136,37.6242
16076,7.4781
16137,38.5386
16077,6.9905
16138,37.7162
16078,7.2162
16139,38.5225
16079,7.0574
16140,38.9093
16080,7.1045
16141,38.4221
16081,7.1049
16142,38.1925
16082,7.1707
16143,37.9642
16083,7.2361
16144,38.2483
16084,7.0962
16145,38.1214
16085,7.2004
16146,38.2209
16086,7.1270
16147,38.2147
16087,7.0414
16148,38.0659
16088,7.1506
16149,37.5418
16089,7.4538
16150,37.6014
16090,7.0056
16091,6.9126
16151,38.2299
16152,37.5560
16092,7.7861
16093,6.8043
16153,38.3420
16094,6.9608
16154,37.7569
16155,37.3026
16095,7.5909
16156,38.5916
16096,6.9989
16097,6.7629
16157,38.3519
16158,37.5750
16098,7.0287
16159,38.3999
16099,7.6258
16160,38.0886
16100,7.4648
16161,38.5761
16101,6.9648
16162,37.9213
16102,7.5658
16103,6.8160
16163,39.9979
16104,8.9436
16164,37.0555
16165,37.8100
16105,7.8908
16166,38.3225
16106,7.0682
16167,38.7138
16107,7.0520
16168,37.4118
16108,7.3829
16169,38.6644
16109,7.0972
16170,38.2013
16110,6.9476
16171,37.8563
16111,7.0468
16172,37.8462
16112,7.6164
16173,38.3685
16113,7.1775
16174,37.5315
16114,7.0594
16175,38.2615
16115,7.8527
16176,39.1798
16116,7.0775
16117,7.1939
16177,37.8254
16178,37.5621
16118,7.5339
16179,38.4215
16119,7.4331
16180,37.2956
16120,7.1562
16181,38.3296
16121,7.0042
16182,37.9114
16122,7.0719
16183,37.5699
16123,7.0140
16184,37.2310
16124,6.9484
16185,38.5035
16125,7.8441
16126,6.8897
16186,39.7899
16127,6.7986
16187,37.3769
16188,36.9734
16128,7.3571
16129,6.8978
16189,37.9468
16190,38.0418
16130,9.5453
16191,37.1611
16131,7.6844
16192,39.6432
16132,7.6563
16193,38.3960
16133,7.2704
16134,6.9170
16194,37.6707
16135,6.8305
16195,38.2669
16196,36.6629
16136,7.9747
16197,37.6637
16137,7.2231
16198,39.0131
16138,7.4557
16139,6.8610
16199,38.4947
16200,37.4295
16140,6.7768
16201,37.9684
16141,7.0348
16202,38.0525
16142,6.8777
16203,37.5542
16143,8.3987
16204,37.8836
16144,7.3648
16205,38.3085
16145,7.9447
16146,6.8558
16206,38.4974
16147,6.8548
16207,37.6180
16148,6.9125
16208,38.3648
16209,37.7180
16149,9.7062
16210,38.9213
16150,7.7015
16211,38.4519
16151,7.6620
16152,6.9309
16212,37.9788
16213,37.6601
16153,7.0652
16214,37.1506
16154,6.8523
16215,37.6619
16155,7.5437
16216,37.6608
16156,7.3395
16217,38.4917
16157,7.8700
16218,38.8315
16158,6.9084
16159,6.8248
16219,38.0291
16160,6.9104
16220,37.6455
16221,38.2797
16161,7.1340
16222,38.4282
16162,7.6712
16223,38.6218
16163,6.8282
16224,37.2053
16164,7.2862
16225,38.5684
16165,6.9863
16166,6.7936
16226,38.7180
16167,6.7985
16227,37.9174
16228,37.1688
16168,6.9589
16229,37.6303
16169,7.0182
16230,40.2896
16170,7.0377
16231,37.7092
16171,7.3251
16172,6.7645
16232,38.0553
16233,36.8843
16173,7.1829
16234,37.3709
16174,7.3603
16235,38.5542
16175,6.9101
16236,37.4610
16176,8.9551
16237,37.0257
16177,6.9959
16238,39.4541
16178,7.3901
16179,6.8648
16239,37.9374
16180,6.9211
16240,37.8392
16241,37.1610
16181,6.9069
16242,38.6899
16182,6.8550
16243,37.5663
16183,7.4594
16244,37.2566
16184,6.9589
16245,38.6528
16185,6.9468
16246,38.0852
16186,6.9858
16247,37.3521
16187,7.8331
16248,37.7800
16188,7.1909
16249,38.0152
16189,6.9576
16190,6.8272
16250,39.1094
16251,37.9623
16191,7.0372
16252,38.1978
16192,7.1946
16253,38.3605
16193,6.8969
16254,37.9904
16194,7.1146
16255,36.8113
16195,7.5583
16256,39.1815
16196,7.5431
16257,38.7125
16197,7.3350
16198,6.7952
16258,38.4261
16199,6.9155
16259,37.6720
16260,37.3012
16200,6.8996
16201,6.7865
16261,38.6973
16262,37.5599
16202,7.9437
16263,38.5431
16203,8.3582
16264,37.9151
16204,7.5719
16265,38.8540
16205,7.3926
16206,6.8257
16266,38.4602
16207,6.9148
16267,37.7419
16268,36.8777
16208,7.2605
16269,37.9766
16209,7.0930
16270,37.7272
16210,8.7051
16271,37.3343
16211,6.8836
16272,39.2946
16212,7.9238
16213,6.7352
16273,38.7036
16214,6.9557
16274,38.0881
16215,6.7628
16275,38.1270
16276,36.9142
16216,7.0195
16277,38.0863
16217,6.9154
16218,6.8041
16278,40.3694
16279,37.8724
16219,7.3365
16220,6.7977
16280,38.0140
16221,7.0157
16281,38.2728
16282,37.8600
16222,6.9611
16283,37.9192
16223,6.9011
16284,37.6886
16224,7.5236
16225,7.0743
16285,39.3159
16286,38.7092
16226,6.8398
16227,6.9072
16287,38.4683
16288,38.0943
16228,7.2366
16289,38.6724
16229,6.9283
16290,39.1213
16230,7.6334
16291,40.2691
16231,6.9739
16292,39.5148
16232,7.4357
16233,6.9804
16293,41.2124
16234,6.9280
16294,39.4898
16235,6.6016
16295,39.0846
16296,39.1737
16236,6.7129
16297,38.9693
16237,6.6545
16298,40.9305
16238,7.0475
16239,6.6126
16299,39.0183
16240,7.0145
16300,39.2916
16301,39.6064
16241,6.8815
16302,38.3207
16242,7.3767
16243,6.7533
16303,39.2457
16244,7.1413
16304,37.9547
16305,38.3168
16245,7.3194
16246,6.6431
16306,40.0393
16247,7.6121
16307,38.7766
16308,38.1224
16248,7.7554
16309,39.0020
16249,7.3275
16250,6.7825
16310,39.1824
16251,6.7700
16311,40.5078
16312,37.9407
16252,7.7062
16253,6.8872
16313,40.2158
16254,6.7153
16314,39.6872
16315,39.4456
16255,6.9508
16316,40.2220
16256,7.1525
16317,39.4999
16257,7.1540
16258,6.8603
16318,39.7209
16319,39.7691
16259,7.1756
16320,39.2593
16260,7.4196
16261,6.7328
16321,39.5058
16262,6.8678
16322,40.2338
16323,38.6424
16263,7.0576
16324,38.1576
16264,6.8670
16325,40.3381
16265,6.9729
16266,6.6953
16326,39.9396
16267,6.8220
16327,39.2110
16268,7.0832
16328,39.6294
16269,7.4094
16329,39.5848
16330,37.6097
16270,7.5874
16331,39.8007
16271,7.5301
16272,6.8493
16332,39.1035
16273,7.1044
16333,39.4693
16274,6.6413
16334,41.8186
16275,6.9731
16335,38.1239
16336,39.3539
16276,7.6795
16337,39.4896
16277,7.3442
16338,38.8203
16278,6.7846
16339,38.7624
16279,7.0515
16280,6.8377
16340,39.8814
16341,38.9711
16281,6.6400
16342,39.8253
16282,6.9410
16343,39.5877
16283,6.7983
16344,37.9847
16284,6.7467
16345,40.0949
16285,6.6925
16346,40.4135
16286,6.6411
16347,41.1310
16287,6.8545
16288,6.7867
16348,39.2329
16349,37.6421
16289,6.8946
16350,38.9327
16290,6.6761
16351,38.6179
16291,6.8915
16292,7.0563
16352,38.9921
16353,37.4959
16293,7.5765
16294,6.6218
16354,39.1898
16295,7.0438
16355,39.0790
16356,39.0003
16296,6.8249
16297,6.7061
16357,39.3075
16358,39.1284
16298,7.4763
16299,6.6817
16359,39.2411
16360,38.6837
16300,6.5318
16301,6.5546
16361,38.8521
16302,6.6516
16362,39.6764
16363,39.2953
16303,7.4251
16304,6.7216
16364,39.6617
16365,40.1723
16305,7.3248
16306,6.5967
16366,39.7169
16367,38.9621
16307,7.0459
16308,7.2119
16368,39.6936
16309,7.0491
16369,41.8441
16370,37.9050
16310,7.5266
16371,38.9653
16311,7.3360
16312,6.5580
16372,39.1194
16373,38.3840
16313,6.8396
16374,39.2934
16314,6.6513
16375,39.3585
16315,6.8439
16316,6.6779
16376,40.2458
16317,6.6451
16377,39.8539
16378,39.0822
16318,7.1376
16379,39.3342
16319,7.2405
16320,7.4245
16380,39.2469
16381,40.3496
16321,7.5992
16322,7.0207
16382,39.1055
16323,6.5833
16383,39.2792
16324,6.5735
16384,37.7355
16385,39.4127
16325,7.2303
16326,6.5605
16386,38.9066
16387,39.7041
16327,7.1542
16328,6.5568
16388,40.0669
16329,6.7702
16389,39.4763
16330,7.3110
16390,39.2055
16391,39.0427
16331,7.1794
16392,39.2021
16332,7.7951
16333,6.8627
16393,39.7872
16334,6.9146
16394,38.9911
16395,39.0870
16335,6.9927
16336,6.8596
16396,39.1469
16397,39.0624
16337,7.5227
16338,6.7528
16398,39.6362
16399,39.3170
16339,6.6609
16400,38.9910
16340,6.6687
16401,39.8082
16341,6.5857
16342,6.6072
16402,39.7023
16343,6.7671
16403,39.1692
16404,39.6849
16344,6.6818
16405,38.7911
16345,6.7577
16406,38.9344
16346,7.0718
16347,6.6848
16407,38.9735
16408,39.7614
16348,6.8729
16409,39.8432
16349,6.7842
16410,38.8238
16350,6.6190
16411,38.3573
16351,6.7655
16412,39.3323
16352,6.7009
16413,39.4336
16353,7.4779
16414,39.9838
16354,6.7724
16355,6.7147
16415,39.7426
16356,6.6976
16416,39.6229
16417,39.1598
16357,6.9065
16418,39.0147
16358,6.7709
16419,39.5752
16359,7.0799
16420,40.1377
16360,7.3811
16361,6.6908
16421,39.9589
16362,6.5401
16422,39.9927
16423,36.8839
16363,6.5876
16424,37.0204
16364,6.8054
16425,39.0019
16365,7.3419
16426,37.8812
16366,7.0958
16427,37.9265
16367,7.0102
16428,38.1370
16368,6.7281
16429,37.7107
16369,6.6951
16430,37.7867
16370,6.9548
16431,37.7929
16371,7.0693
16432,37.8819
16372,6.9008
16433,37.5099
16373,7.3654
16434,37.6402
16374,7.0453
16435,37.3009
16375,7.3424
16436,37.9332
16376,6.6009
16437,37.8174
16377,7.4306
16378,6.6709
16438,38.4601
16439,36.5194
16379,7.0967
16440,39.1202
16380,6.5758
16441,37.4580
16381,6.6685
16442,37.9852
16382,6.9077
16443,37.3624
16383,6.7617
16444,38.9841
16384,6.5461
16445,36.7651
16385,7.0704
16446,38.2519
16386,6.9397
16387,6.4925
16447,38.4235
16448,37.7901
16388,7.0302
16389,6.8057
16449,38.8597
16450,37.5647
16390,6.8907
16391,6.5485
16451,38.3627
16452,36.7615
16392,7.1326
16393,6.4066
16453,38.2896
16454,36.5496
16394,6.9374
16455,37.6418
16395,6.8754
16456,37.9269
16396,6.6767
16457,38.2725
16397,7.0201
16458,38.2632
16398,6.9238
16459,38.5811
16399,6.6219
16400,6.4866
16460,39.1923
16401,6.4179
16461,36.8806
16402,6.6655
16462,36.7365
16463,37.5398
16403,7.1467
16464,37.9105
16404,7.0007
16465,37.7766
16405,6.6147
16466,39.4740
16406,6.8385
16407,6.4348
16467,38.4378
16468,36.2926
16408,6.8014
16469,38.0293
16409,6.9537
16470,38.3615
16410,6.9031
16471,36.8637
16411,6.7672
16472,40.1717
16412,6.7030
16473,37.9907
16413,6.8114
16474,37.7712
16414,6.5913
16415,6.4668
16475,38.6773
16416,6.6266
16476,36.6091
16477,37.4866
16417,6.8456
16418,6.7288
16478,38.3751
16479,37.6947
16419,7.3484
16480,38.8141
16420,7.2947
16481,38.6621
16421,7.1942
16422,6.5449
16482,39.0161
16423,6.4982
16483,37.2216
16424,6.5258
16484,37.0496
16485,37.6727
16425,6.6000
16486,38.9600
16426,6.7296
16487,37.4138
16427,7.1646
16488,38.3408
16428,7.0518
16489,37.9918
16429,6.9689
16430,6.8445
16490,38.3374
16431,7.2184
16491,38.0258
16492,36.7829
16432,7.3644
16493,38.3686
16433,7.0192
16434,6.7458
16494,38.5721
16495,37.3913
16435,7.2102
16496,37.9988
16436,7.3404
16497,37.6566
16437,7.0612
16438,7.2531
16498,37.4083
16499,37.7253
16439,6.8486
16500,38.9857
16440,6.9972
16441,6.6156
16501,37.9714
16502,37.4621
16442,7.1371
16503,36.9032
16443,6.8136
16504,37.7634
16444,6.9694
16505,37.8840
16445,6.8871
16446,6.9289
16506,38.7263
16507,37.6496
16447,7.1270
16448,6.9244
16508,37.8757
16509,36.3837
16449,7.0041
16510,38.8904
16450,6.8384
16451,6.5478
16511,37.9959
16512,39.7162
16452,6.8901
16513,37.9624
16453,6.8269
16454,6.9054
16514,38.1783
16515,36.7137
16455,6.5347
16456,6.9914
16516,38.1317
16517,37.6580
16457,6.8077
16458,6.6680
16518,38.0553
16519,37.3479
16459,7.3555
16520,37.7919
16460,6.9010
16461,6.5981
16521,38.8419
16522,37.8731
16462,7.0324
16523,37.9645
16463,6.8154
16464,6.5365
16524,37.7700
16525,37.1141
16465,6.6563
16466,6.7380
16526,39.5026
16527,37.1410
16467,6.8496
16528,38.6850
16468,6.6928
16469,6.4909
16529,38.1392
16530,37.2651
16470,7.0629
16471,6.4751
16531,38.3874
16532,36.7570
16472,6.5520
16533,38.5258
16473,6.6853
16534,36.6417
16474,6.8907
16535,38.4276
16475,8.5906
16536,36.7478
16476,6.8338
16537,38.8433
16477,7.0441
16478,6.8537
16538,38.3955
16539,39.5224
16479,6.8856
16540,37.5279
16480,8.3896
16541,37.7939
16481,7.1328
16542,38.7276
16482,7.0457
16483,6.7763
16543,37.8558
16544,36.8531
16484,6.9954
16545,38.0095
16485,6.7848
16486,6.7602
16546,38.1523
16547,37.7995
16487,8.9339
16548,38.2350
16488,7.1008
16549,38.1944
16489,6.8888
16490,6.7338
16550,39.7380
16491,6.6861
16551,37.1077
16552,36.5796
16492,6.7498
16553,38.4500
16493,6.9609
16554,37.7384
16494,6.7129
16555,37.7444
16495,8.0008
16556,38.1418
16496,6.6527
16557,37.8691
16497,6.8977
16558,37.8604
16498,6.7526
16559,36.9562
16499,6.6970
16500,6.7202
16560,38.1197
16561,36.7798
16501,7.1870
16562,38.0258
16502,7.0825
16563,37.8351
16503,6.7388
16564,36.8654
16504,7.1332
16565,37.6189
16505,7.1117
16566,37.6584
16506,7.1559
16567,37.8775
16507,6.7925
16508,6.7449
16568,38.3691
16569,36.7796
16509,6.8036
16570,37.9294
16510,6.6380
16571,37.6886
16511,6.8006
16572,36.7650
16512,6.8214
16513,6.6970
16573,38.7733
16574,37.5111
16514,6.7241
16515,6.7382
16575,39.4299
16576,37.3510
16516,7.1555
16577,38.6665
16517,7.0502
16518,6.9924
16578,38.5967
16579,37.9315
16519,7.1497
16580,38.4429
16520,7.1450
16521,6.7910
16581,38.0857
16582,37.9036
16522,7.1690
16583,38.3289
16523,7.0730
16584,38.1133
16524,6.8720
16585,37.5531
16525,7.1590
16586,37.9920
16526,7.1070
16587,37.6828
16527,8.5350
16588,36.9892
16528,6.7891
16589,38.3027
16529,7.1263
16530,7.1555
16590,38.1370
16591,37.3430
16531,7.0686
16592,37.3922
16532,7.1212
16593,38.4603
16533,6.8932
16594,38.0815
16534,7.2240
16595,38.8607
16535,7.9992
16596,37.5081
16536,6.9912
16597,38.3316
16537,7.0732
16538,7.0906
16598,38.4928
16599,36.9931
16539,7.1655
16600,37.7636
16540,6.6825
16601,37.0591
16541,6.5299
16542,6.5871
16602,38.8810
16543,6.8063
16603,36.9381
16604,37.1367
16544,7.3678
16605,37.5044
16545,6.8536
16606,37.9995
16546,6.6013
16547,6.5716
16607,38.6622
16608,37.0871
16548,6.8871
16609,38.1079
16549,8.7202
16610,37.7713
16550,7.0518
16611,38.1894
16551,7.0746
16612,38.3490
16552,6.9562
16553,6.6801
16613,38.3282
16614,37.5657
16554,6.8363
16615,38.7532
16555,6.9164
16616,38.1755
16556,7.0082
16557,6.6559
16617,39.0063
16618,36.9966
16558,6.7392
16619,38.2236
16559,8.1724
16620,38.1425
16560,6.6228
16621,37.5440
16561,6.6507
16622,38.5650
16562,6.7846
16623,37.5340
16563,6.7180
16624,37.0897
16564,6.6529
16625,38.1719
16565,6.8097
16626,37.6539
16566,6.9952
16627,38.0296
16567,6.9865
16628,37.0503
16568,6.7150
16629,38.3447
16569,6.5974
16630,36.9769
16570,6.9957
16571,6.6097
16631,38.2406
16632,36.7359
16572,6.6586
16573,6.5498
16633,38.9723
16634,36.9308
16574,6.9783
16635,38.1078
16575,7.5677
16636,38.0070
16576,6.7112
16637,38.4635
16577,6.5718
16638,37.6635
16578,6.6997
16639,37.7550
16579,6.8949
16640,37.5133
16580,7.1164
16641,38.3842
16581,7.1516
16582,6.6411
16642,39.2499
16643,37.4277
16583,7.1858
16644,38.6668
16584,7.0517
16645,38.2666
16585,6.8904
16586,7.1305
16646,37.3491
16647,37.6276
16587,6.7797
16648,39.2800
16588,6.8911
16649,37.8691
16589,6.6563
16650,37.4899
16590,6.8962
16651,37.6439
16591,7.0041
16652,38.7078
16592,6.9298
16653,37.2770
16593,6.6807
16654,37.2665
16594,7.0318
16655,37.9612
16595,6.6294
16656,37.7754
16596,6.8689
16657,37.7126
16597,6.9195
16658,38.9011
16598,8.1888
16659,36.9706
16599,6.6722
16660,38.2744
16600,6.9329
16661,37.6357
16601,6.6911
16662,38.1295
16602,6.9945
16663,37.8387
16603,7.5261
16664,37.2439
16604,6.9279
16665,37.9560
16605,6.9616
16606,6.6302
16666,38.1183
16667,37.8888
16607,6.4213
16668,37.4339
16608,6.2310
16669,38.8850
16609,6.6344
16670,37.5616
16610,6.5220
16611,6.0876
16671,37.9654
16672,42.7087
16612,6.0564
16673,37.0189
16613,7.6724
16674,37.5138
16614,6.4613
16675,37.9656
16615,6.3577
16676,38.2126
16616,6.1925
16617,6.0854
16677,37.1502
16678,37.5731
16618,6.1110
16679,38.0445
16619,6.1368
16680,37.6848
16620,6.2431
16681,37.7958
16621,7.0104
16682,36.9700
16622,6.5612
16683,39.0311
16623,6.5086
16624,6.1407
16684,38.5045
16685,37.3014
16625,6.4637
16626,6.0236
16686,37.9583
16687,36.7747
16627,6.1195
16688,37.8725
16628,6.5017
16629,6.1298
16689,37.8789
16690,37.2801
16630,8.2358
16691,38.1970
16631,6.5461
16692,37.7394
16632,6.4469
16693,38.1043
16633,6.3487
16694,37.5508
16634,6.3599
16695,37.3545
16635,6.5040
16696,38.8151
16636,6.5570
16637,6.1863
16697,37.9236
16698,37.0423
16638,6.4638
16699,38.4397
16639,6.7562
16700,36.8108
16640,6.2507
16701,38.3302
16641,6.3802
16642,6.4799
16702,38.5639
16703,38.2260
16643,6.4690
16704,37.9073
16644,6.5511
16705,37.6278
16645,6.6386
16706,38.3993
16646,6.5209
16707,37.6781
16647,6.8529
16708,38.1862
16648,6.6629
16709,38.3488
16649,6.5764
16650,6.1934
16710,38.0319
16711,37.1072
16651,6.5570
16712,38.4316
16652,6.5541
16653,6.2003
16713,38.6091
16714,37.2573
16654,6.4329
16715,37.9792
16655,6.2595
16656,6.2491
16716,39.2997
16717,36.7627
16657,6.2098
16718,38.7227
16658,6.4877
16659,6.2272
16719,37.4669
16720,36.9641
16660,6.6368
16721,38.6043
16661,6.4365
16722,37.8183
16662,6.5948
16723,38.1752
16663,7.7079
16724,38.0394
16664,6.4216
16725,38.6491
16665,6.5000
16726,37.6170
16666,6.1955
16727,36.8445
16667,6.5249
16728,37.3428
16668,6.2625
16729,39.0300
16669,6.3832
16730,36.8319
16670,6.5184
16731,37.1713
16671,6.5479
16732,37.5714
16672,6.5256
16733,38.1008
16673,6.5340
16734,37.6748
16674,6.6552
16735,38.4160
16675,6.2633
16736,37.8649
16676,6.4363
16737,40.1594
16677,6.3375
16678,6.1375
16738,38.0674
16739,36.9203
16679,6.5581
16740,38.0220
16680,6.1214
16741,37.7136
16681,6.3304
16742,36.9260
16682,6.2637
16743,39.2485
16683,6.0919
16744,36.7981
16684,6.1280
16745,36.6363
16685,6.2073
16686,6.2723
16746,39.4572
16747,37.5860
16687,6.2016
16688,6.9592
16748,39.0521
16749,36.7258
16689,6.4944
16750,38.4199
16690,6.4666
16691,6.1051
16751,37.7976
16752,36.9407
16692,8.0433
16753,39.0100
16693,6.5848
16754,38.6644
16694,6.5255
16755,37.8983
16695,6.6755
16756,37.1628
16696,6.2697
16757,38.9156
16697,6.6559
16758,38.0661
16698,6.4987
16699,6.1619
16759,38.0110
16760,39.9277
16700,6.5106
16701,6.1896
16761,38.0426
16762,36.6429
16702,6.5624
16763,38.1126
16703,7.2231
16764,38.5131
16704,6.3113
16765,37.3131
16705,6.6030
16766,38.4172
16706,6.1964
16767,37.8421
16707,6.6153
16768,37.8511
16708,6.6388
16769,38.5003
16709,6.2736
16770,37.7920
16710,6.7067
16771,37.6124
16711,6.2634
16772,39.1072
16712,6.2288
16773,37.6366
16713,6.2489
16774,38.3229
16714,7.5199
16775,38.2768
16715,6.5866
16776,37.6467
16716,6.1161
16717,6.2165
16777,37.9309
16778,37.5781
16718,6.5578
16779,38.7515
16719,6.4375
16780,38.0851
16720,6.4824
16721,6.1088
16781,37.9354
16782,37.6238
16722,6.2329
16783,38.8284
16723,6.5092
16784,37.6534
16724,6.4973
16785,38.0478
16725,6.6204
16786,38.2802
16726,6.4820
16787,37.7382
16727,6.0527
16788,38.6319
16728,6.1973
16789,38.2125
16729,6.2644
16730,5.8861
16790,38.1750
16791,36.9191
16731,5.8533
16732,5.7466
16792,39.2394
16793,36.5386
16733,6.0536
16794,38.5660
16734,5.9033
16795,38.0981
16735,5.7728
16796,37.2180
16736,5.8325
16797,37.4561
16737,6.0476
16798,38.4186
16738,5.9472
16799,37.4538
16739,6.2868
16800,37.5852
16740,5.9826
16801,37.5258
16741,5.8493
16802,37.7995
16742,6.0082
16803,38.8733
16743,5.7351
16804,36.7986
16744,6.0612
16805,38.2048
16745,6.1335
16806,38.4313
16746,6.1872
16807,37.7151
16747,6.0991
16748,5.7021
16808,39.0118
16809,36.3914
16749,5.8186
16810,38.2670
16750,6.1378
16811,38.7667
16751,5.8529
16812,37.9376
16752,6.1924
16813,38.0171
16753,6.1433
16814,38.1487
16754,6.0813
16815,38.4975
16755,5.8179
16816,37.2471
16756,5.7819
16817,37.7479
16757,6.0967
16818,37.7944
16758,6.0985
16819,37.6058
16759,5.8156
16820,38.1966
16760,6.4947
16821,38.4891
16761,5.8941
16762,5.8521
16822,39.9830
16823,38.0082
16763,5.9176
16824,38.7558
16764,5.7545
16825,37.3181
16765,5.8582
16826,37.6607
16766,5.9885
16827,37.6807
16767,5.9514
16828,37.7514
16768,6.0842
16829,37.7294
16769,5.9772
16830,38.0080
16770,5.7547
16771,5.7011
16831,38.9289
16832,37.6825
16772,6.0082
16773,5.7796
16833,37.9942
16834,37.9534
16774,5.9265
16835,38.4089
16775,6.0775
16836,38.4595
16776,6.0660
16837,37.9777
16777,5.9621
16838,37.5937
16778,5.9060
16839,38.7711
16779,5.9177
16840,38.2424
16780,5.7820
16841,38.1834
16781,5.8568
16842,37.6646
16782,7.6097
16843,38.5691
16783,7.0572
16784,6.4533
16844,37.3511
16845,36.2161
16785,6.6893
16846,36.8331
16786,6.3621
16847,37.2913
16787,6.8699
16848,37.9015
16788,7.1018
16849,36.6963
16789,6.4491
16850,37.0692
16790,7.5000
16851,36.5804
16791,6.4200
16852,37.3729
16792,7.4596
16853,37.1866
16793,7.0022
16854,37.4347
16794,7.1709
16855,36.7089
16795,7.5988
16856,37.2841
16796,6.8001
16797,7.2975
16857,37.6832
16858,36.0693
16798,6.9125
16859,37.9230
16799,6.9786
16860,37.3303
16800,7.2990
16861,36.7243
16801,6.4680
16862,37.3333
16802,6.3328
16863,36.9127
16803,6.9514
16864,37.2272
16804,7.2877
16865,38.0277
16805,7.6278
16866,37.3581
16806,6.8183
16867,37.5481
16807,7.0452
16868,36.6639
16808,7.5161
16869,38.1411
16809,6.9897
16870,37.8981
16810,8.0003
16871,37.0572
16811,8.6277
16812,6.5867
16872,38.0344
16873,36.5887
16813,8.6051
16814,6.9926
16874,37.4688
16875,37.1230
16815,7.9967
16876,37.9059
16816,7.7808
16877,36.3958
16817,6.1815
16878,37.3167
16818,8.2105
16879,37.7451
16819,7.1578
16880,37.4402
16820,8.5639
16821,6.1552
16881,37.1969
16882,36.2416
16822,8.0919
16883,37.4920
16823,6.8372
16884,36.7183
16824,8.4272
16885,37.4236
16825,7.8437
16886,37.0122
16826,8.0314
16887,37.4988
16827,6.7615
16888,36.1577
16828,7.4378
16889,37.4672
16829,6.7693
16890,37.4967
16830,8.1262
16891,38.1364
16831,7.8320
16832,6.6011
16892,36.5158
16893,36.2210
16833,8.2294
16894,38.2848
16834,7.9137
16895,36.9358
16835,7.7190
16896,36.6577
16836,6.6520
16897,36.7460
16837,8.1136
16898,37.6121
16838,7.9044
16899,36.5819
16839,8.0172
16900,36.8444
16840,6.2287
16901,36.3366
16841,8.1311
16902,37.5580
16842,6.5422
16903,36.8568
16843,7.4128
16904,38.2222
16844,8.5530
16845,7.2199
16905,37.5239
16906,37.0895
16846,7.0954
16907,37.4886
16847,8.1571
16848,6.0700
16908,37.6603
16909,36.3834
16849,8.1967
16910,38.1946
16850,7.8946
16851,6.2536
16911,37.1394
16912,35.9161
16852,8.1050
16913,37.7264
16853,6.6028
16914,37.2285
16854,8.1484
16915,37.1104
16855,7.7882
16916,36.0566
16856,7.6172
16917,37.0089
16857,6.9260
16918,37.0694
16858,8.7324
16859,7.1968
16919,38.2507
16920,36.0329
16860,7.8270
16921,37.4384
16861,7.5310
16922,37.0097
16862,7.8718
16923,37.3441
16863,8.5598
16864,6.4550
16924,38.0841
16925,36.0431
16865,8.2198
16926,37.7878
16866,8.0284
16927,37.0793
16867,8.1470
16928,37.0013
16868,7.3838
16929,37.3126
16869,8.3520
16870,6.2241
16930,37.9687
16931,36.4150
16871,8.1522
16932,37.8201
16872,7.3457
16933,37.3577
16873,8.4609
16934,37.3512
16874,7.2137
16935,37.4271
16875,8.4307
16876,6.0682
16936,37.0409
16937,35.9380
16877,7.9123
16938,38.3984
16878,8.4284
16939,37.5536
16879,7.9400
16940,36.1706
16880,6.5555
16941,36.6011
16881,8.2322
16882,6.1104
16942,38.0491
16943,35.6790
16883,8.1396
16944,37.9536
16884,7.4361
16945,36.9819
16885,7.1477
16946,37.1778
16886,8.3978
16887,6.4815
16947,37.7123
16948,35.7701
16888,8.2711
16949,37.6200
16889,8.0066
16950,36.8412
16890,7.4234
16951,36.1986
16891,8.4807
16952,37.3493
16892,6.7702
16953,36.9480
16893,8.2786
16954,37.3723
16894,7.8111
16955,36.5251
16895,7.8736
16956,36.8020
16896,6.6852
16957,36.3099
16897,8.1484
16958,37.8877
16898,7.8701
16959,37.7986
16899,8.1721
16960,36.6521
16900,7.9158
16961,37.0525
16901,8.5052
16962,36.9655
16902,7.7842
16963,36.0463
16903,6.5139
16964,36.3509
16904,8.3523
16965,37.4233
16905,7.9097
16966,36.6388
16906,6.8172
16967,36.4393
16907,8.1151
16968,37.0580
16908,6.9595
16969,36.0525
16909,8.4547
16970,37.5161
16910,6.2075
16971,36.3904
16911,8.1614
16972,37.5388
16912,7.7982
16973,36.1150
16913,7.6081
16974,36.7554
16914,6.5900
16975,37.2501
16915,8.1490
16976,37.4075
16916,6.8854
16977,37.4782
16917,8.6396
16978,38.0890
16918,7.9805
16919,6.1758
16979,36.5793
16980,35.8525
16920,8.0718
16981,37.4588
16921,7.7401
16982,37.1658
16922,6.2822
16983,36.5359
16923,8.1120
16984,37.9165
16924,7.7676
16985,36.6199
16925,7.6399
16986,36.2000
16926,6.4394
16987,36.3680
16927,8.1277
16988,37.0575
16928,7.3867
16989,37.8380
16929,6.5580
16990,37.3672
16930,8.0981
16991,37.1991
16931,8.3991
16992,38.1076
16932,7.9346
16933,7.8606
16993,42.3416
16934,7.8262
16994,37.5698
16995,36.2427
16935,7.6993
16996,37.4270
16936,8.1641
16997,36.8131
16937,6.2947
16998,36.4871
16938,8.2089
16999,37.7589
16939,6.3374
17000,36.8480
16940,8.0568
17001,37.9548
16941,8.0835
17002,36.5758
16942,7.9197
17003,36.6404
16943,7.9009
17004,36.7985
16944,6.6815
17005,36.1631
16945,8.1750
17006,38.1867
16946,7.8685
17007,36.7025
16947,6.4795
17008,36.4131
16948,8.1512
17009,37.6652
16949,7.1558
17010,36.3044
16950,7.0789
17011,37.9038
16951,8.4466
16952,6.7574
17012,37.4778
17013,35.9624
16953,8.2510
16954,7.5805
17014,37.8968
17015,36.2264
16955,8.2510
17016,36.9022
16956,7.5844
17017,37.0780
16957,6.2235
17018,36.5445
16958,8.0828
17019,37.2559
16959,7.2957
17020,37.3722
16960,8.3939
16961,7.4861
17021,37.7301
17022,35.9799
16962,7.9073
17023,37.4422
16963,7.8157
17024,36.4988
16964,6.3068
17025,36.7307
16965,8.0395
17026,37.6349
16966,7.8934
17027,38.0518
16967,7.7873
17028,36.9403
16968,7.9504
17029,37.2934
16969,7.9572
17030,36.7686
16970,7.3132
17031,37.0610
16971,7.0742
17032,37.5872
16972,7.7842
17033,37.8400
16973,8.4623
16974,7.9044
17034,38.0471
17035,36.6684
16975,7.9225
17036,36.3570
16976,8.1880
17037,36.4287
16977,6.1734
17038,37.9422
16978,8.0904
17039,37.3777
16979,6.5903
17040,36.5921
16980,8.1829
17041,37.6087
16981,8.1069
17042,36.4121
16982,7.9722
16983,6.1425
17043,36.5329
17044,36.8986
16984,8.0617
17045,38.4317
16985,6.8321
17046,36.4223
16986,8.0864
17047,37.0097
16987,7.6109
17048,36.6222
16988,8.0540
17049,37.1598
16989,7.6566
17050,37.2547
16990,8.3348
16991,7.2159
17051,37.9647
17052,35.8775
16992,7.2595
17053,37.3164
16993,8.5409
17054,37.3016
16994,7.7283
17055,36.7688
16995,8.4063
17056,36.7681
16996,6.8605
17057,37.3595
16997,7.9681
17058,36.9771
16998,8.0106
17059,37.3326
16999,7.7262
17060,36.7984
17000,7.8790
17061,37.4836
17001,7.8428
17062,37.8954
17002,6.7950
17063,36.6673
17003,7.3776
17064,38.2201
17004,7.0745
17065,36.7941
17005,8.4767
17066,37.4353
17006,8.0123
17067,36.2990
17007,7.8752
17068,37.3834
17008,8.0792
17069,36.9322
17009,7.7649
17070,37.2360
17010,6.8284
17071,37.0781
17011,8.2514
17072,38.2353
17012,7.8868
17073,37.3205
17013,7.8982
17074,36.6147
17014,6.8481
17075,36.9177
17015,8.2792
17076,37.4361
17016,7.8541
17077,36.1030
17017,6.4683
17078,36.8954
17018,8.0833
17079,37.9854
17019,7.8294
17080,37.3493
17020,8.2382
17021,6.6651
17081,36.5916
17082,36.4391
17022,8.2715
17083,38.1052
17023,7.9600
17084,35.8419
17024,6.8951
17085,37.8171
17025,8.5738
17086,37.7391
17026,7.2843
17087,36.1675
17027,7.9887
17088,37.7024
17028,7.8139
17089,36.7618
17029,6.3820
17090,37.3054
17030,8.2731
17091,37.9617
17031,7.9310
17092,37.3606
17032,7.3304
17093,37.5471
17033,8.4956
17094,37.7632
17034,8.0199
17095,37.4900
17035,7.8712
17096,36.9421
17036,6.2188
17097,36.4254
17037,8.0936
17098,38.3620
17038,7.8909
17099,36.7056
17039,6.1877
17100,36.4435
17040,8.2306
17101,37.6264
17041,7.8858
17102,36.5291
17042,7.8552
17103,37.1167
17043,7.7588
17104,37.3427
17044,6.1847
17105,36.3295
17045,8.1850
17106,37.6813
17046,6.3248
17107,36.7189
17047,6.7581
17108,37.4045
17048,8.3110
17109,37.4298
17049,7.8826
17110,36.2688
17050,7.9917
17111,36.2455
17051,7.8775
17112,36.8633
17052,6.3189
17113,36.4005
17053,7.0434
17114,37.2808
17054,6.7128
17115,37.7341
17055,8.3882
17056,7.4550
17116,38.0369
17117,36.2054
17057,6.9434
17118,37.6384
17058,8.2924
17119,37.9183
17059,7.9123
17120,36.7800
17060,7.8400
17121,36.1193
17061,6.3975
17122,36.6813
17062,8.2294
17123,38.1275
17063,7.9370
17124,37.2652
17064,7.8116
17125,36.4826
17065,6.1785
17126,36.5429
17066,8.0586
17127,37.5906
17067,7.7675
17128,36.8479
17068,7.6705
17129,36.2997
17069,7.3589
17130,37.7713
17070,7.7644
17131,37.6009
17071,8.1578
17132,37.5883
17072,7.2615
17133,36.3449
17073,8.4387
17074,6.4803
17134,38.0973
17135,36.7758
17075,8.1939
17136,37.6804
17076,8.1516
17137,36.8208
17077,7.0490
17138,36.2344
17078,8.1634
17139,38.2344
17079,7.6325
17140,36.7671
17080,8.5193
17141,37.7745
17081,7.5854
17142,36.9095
17082,8.1162
17143,37.5755
17083,8.2502
17144,36.9602
17084,6.5332
17145,36.0982
17085,8.2042
17146,37.6148
17086,7.8437
17147,36.2541
17087,8.1793
17148,37.0486
17088,7.3086
17149,36.1203
17089,7.0194
17150,37.1856
17090,8.6068
17151,37.5283
17091,8.0930
17152,36.6550
17092,6.8129
17153,36.4532
17093,7.6795
17154,37.6774
17094,8.1436
17155,37.6385
17095,7.7779
17156,35.7525
17096,6.5187
17157,36.4373
17097,7.0000
17158,38.1599
17098,8.6098
17159,37.2043
17099,8.0096
17100,6.0464
17160,37.2723
17161,36.9130
17101,6.6610
17162,37.5559
17102,6.1536
17163,37.6266
17103,6.1476
17164,36.0604
17104,6.4384
17165,37.0653
17105,6.4405
17166,37.2928
17106,5.8505
17167,37.0823
17107,6.3822
17168,37.1855
17108,6.0614
17169,36.9485
17109,6.0611
17170,36.7210
17110,6.5629
17171,37.2490
17111,6.3010
17172,36.3552
17112,6.1482
17173,37.2231
17113,6.1955
17174,36.5945
17114,6.2289
17175,37.1424
17115,6.1279
17176,37.5947
17116,5.8876
17177,36.7129
17117,5.9366
17178,36.3239
17118,6.0814
17179,36.6556
17119,5.9354
17180,36.8123
17120,6.1895
17181,37.4040
17121,6.1354
17182,37.0430
17122,5.8480
17183,36.2428
17123,6.2602
17184,37.6356
17124,5.8506
17185,36.1261
17125,6.2355
17186,38.0397
17126,6.2684
17187,37.4459
17127,6.1456
17188,37.9245
17128,5.8826
17189,36.9303
17129,6.2386
17190,37.4451
17130,6.2427
17131,5.8808
17191,37.9900
17192,37.0676
17132,5.9565
17193,36.9822
17133,6.4374
17194,37.6262
17134,5.9525
17195,37.1905
17135,6.0638
17196,37.6584
17136,6.2318
17197,36.6896
17137,6.2200
17198,37.4588
17138,6.0369
17199,36.4834
17139,6.1078
17200,37.1668
17140,6.2056
17201,37.0364
17141,5.8804
17202,35.7479
17142,6.0690
17203,37.5532
17143,6.0270
17144,5.7787
17204,37.4897
17205,35.7630
17145,6.1038
17206,38.1059
17146,6.3406
17207,37.5577
17147,6.1709
17148,5.9220
17208,38.5152
17209,36.6188
17149,6.3301
17210,37.1850
17150,6.1333
17211,37.4668
17151,5.8988
17212,36.7582
17152,6.0245
17213,37.0931
17153,6.3696
17214,37.1607
17154,6.3913
17155,5.9445
17215,37.6623
17216,36.2470
17156,6.5060
17217,37.1115
17157,5.9700
17218,36.6129
17158,6.2485
17219,37.7434
17159,6.3957
17160,5.8149
17220,38.2792
17221,36.1377
17161,6.1406
17222,37.6438
17162,6.2780
17223,37.3209
17163,5.8840
17224,36.6415
17164,6.1585
17225,37.8083
17165,6.3866
17166,5.9850
17226,37.4354
17227,37.1130
17167,6.2936
17228,38.1648
17168,6.1106
17229,37.9116
17169,5.9252
17230,36.6827
17170,6.0623
17231,37.1980
17171,6.2902
17232,37.1958
17172,6.3990
17233,37.7345
17173,5.9668
17234,36.4475
17174,6.0601
17235,37.7558
17175,6.3868
17236,37.7697
17176,6.1582
17237,36.7981
17177,6.3046
17238,36.8960
17178,6.2565
17239,37.0112
17179,6.0791
17180,5.8793
17240,37.6283
17241,36.1789
17181,6.1030
17242,37.7368
17182,6.1551
17243,36.2088
17183,6.1055
17244,37.5245
17184,6.1406
17245,36.6528
17185,6.3475
17246,37.9634
17186,6.2694
17247,36.7676
17187,6.5188
17248,36.5486
17188,6.3395
17249,37.7864
17189,6.6789
17250,39.7602
17190,5.8183
17251,36.8418
17191,5.9229
17252,37.1222
17192,6.2438
17253,36.7296
17193,6.0670
17254,37.5581
17194,6.2184
17255,38.3937
17195,5.9351
17256,36.5715
17196,6.1488
17257,37.8931
17197,6.6624
17258,37.8952
17198,6.0654
17259,36.6636
17199,6.7752
17260,37.4248
17200,6.2731
17261,38.6817
17201,6.2997
17202,6.1845
17262,37.2465
17263,36.2955
17203,6.6001
17264,37.4075
17204,6.2429
17265,37.1047
17205,6.3342
17266,37.2638
17206,6.0255
17267,36.3484
17207,5.9124
17268,36.4843
17208,6.3216
17269,37.9382
17209,6.7510
17270,36.6842
17210,6.1606
17271,37.5889
17211,6.0385
17272,35.9519
17212,6.5398
17273,37.4626
17213,6.3284
17274,37.3005
17214,6.0146
17275,37.2357
17215,6.0673
17216,5.9662
17276,37.2486
17277,35.9418
17217,6.1065
17278,37.4512
17218,6.2834
17279,36.6794
17219,6.1966
17280,38.3542
17220,6.0696
17281,36.4689
17221,6.1578
17222,5.8657
17282,37.5070
17283,36.3294
17223,6.3576
17284,37.5718
17224,6.7848
17285,36.3356
17225,6.1392
17286,36.5215
17226,6.5231
17227,5.9269
17287,37.4934
17288,36.1596
17228,6.0702
17289,37.2372
17229,6.5627
17230,6.2584
17290,37.2784
17291,37.2537
17231,6.5741
17292,37.4192
17232,6.5349
17293,36.8328
17233,6.6601
17294,37.4542
17234,6.1766
17295,36.4957
17235,6.5495
17296,38.2496
17236,6.7855
17297,37.3134
17237,6.2158
17298,36.5027
17238,6.5785
17299,37.4807
17239,6.3739
17240,5.8387
17300,36.8279
17301,35.6683
17241,6.4690
17302,37.4167
17242,6.5365
17303,37.6372
17243,6.1643
17304,36.6471
17244,6.7703
17305,37.3299
17245,6.5023
17306,37.0444
17246,6.3453
17247,5.8375
17307,37.6850
17308,36.1964
17248,6.1383
17249,5.8290
17309,38.0092
17310,36.2311
17250,6.2116
17311,37.2357
17251,5.9337
17312,36.4712
17252,6.1624
17313,36.3771
17253,6.1030
17314,37.5093
17254,6.0066
17315,37.2416
17255,6.4077
17316,38.3560
17256,5.8966
17317,36.5127
17257,6.1784
17318,37.4501
17258,5.9732
17319,36.8368
17259,6.2954
17320,37.6917
17260,6.1630
17321,37.6744
17261,6.0119
17322,37.1397
17262,6.3070
17323,37.6397
17263,6.6907
17324,37.0401
17264,6.0947
17325,37.7676
17265,5.8831
17326,37.3474
17266,6.3808
17327,37.7143
17267,6.3641
17328,37.5454
17268,6.8884
17329,37.8796
17269,6.4573
17330,36.4174
17270,6.5737
17331,38.1348
17271,6.0350
17332,36.3418
17272,6.4682
17333,37.2643
17273,6.0675
17334,36.8513
17274,6.4798
17335,37.6148
17275,6.4947
17336,37.7487
17276,6.3006
17337,36.7304
17277,6.1813
17338,37.8881
17278,6.3711
17339,36.4380
17279,6.0668
17340,36.8163
17280,6.6650
17341,36.8028
17281,5.9027
17342,36.3461
17282,6.0901
17343,37.2116
17283,5.7974
17344,35.8031
17284,6.1138
17345,36.7988
17285,6.0191
17346,37.3345
17286,6.1003
17347,37.6244
17287,6.2646
17348,36.4934
17288,6.1547
17289,5.8643
17349,37.5712
17350,36.1057
17290,5.8550
17351,36.9811
17291,6.0890
17352,37.1234
17292,5.9423
17353,36.8176
17293,6.1784
17354,36.5154
17294,6.0577
17355,37.0997
17295,6.1592
17296,5.8746
17356,38.1324
17357,35.5598
17297,6.0337
17358,36.7985
17298,6.1321
17359,38.6615
17299,6.0678
17360,36.9319
17300,6.3600
17301,5.7662
17361,37.6671
17362,35.6839
17302,6.0967
17363,37.8445
17303,5.8519
17364,36.3989
17304,6.0776
17365,37.3350
17305,6.2132
17366,37.8193
17306,6.1358
17367,37.8534
17307,5.8748
17368,36.5793
17308,6.2316
17369,37.0155
17309,6.2933
17370,37.7288
17310,6.1197
17371,36.6511
17311,6.1597
17372,37.6524
17312,6.0853
17373,36.7128
17313,6.1884
17374,37.4386
17314,6.0609
17375,35.6665
17315,6.5515
17376,37.0240
17316,6.3943
17377,36.9257
17317,6.2022
17378,37.5745
17318,6.5472
17379,37.3785
17319,6.0971
17380,36.6939
17320,6.4353
17381,37.0171
17321,5.9100
17382,37.2110
17322,6.1292
17383,37.8778
17323,6.5618
17384,36.3724
17324,6.1775
17385,37.9060
17325,6.2932
17386,36.8089
17326,6.1293
17387,37.2306
17327,6.3040
17388,37.3150
17328,6.5841
17389,37.1872
17329,6.4037
17390,36.3173
17330,6.6418
17391,37.8087
17331,6.8705
17392,37.8450
17332,6.4511
17393,38.0140
17333,6.0603
17394,35.9905
17334,6.4584
17395,37.8842
17335,6.1050
17396,36.3898
17336,6.3802
17397,37.7586
17337,6.7344
17398,37.5748
17338,6.2690
17399,36.7585
17339,6.5361
17400,37.8211
17340,6.5809
17401,37.1507
17341,6.1445
17402,38.1273
17342,6.4076
17403,36.3370
17343,6.6763
17404,38.0419
17344,6.3038
17405,37.4380
17345,6.0386
17406,35.6944
17346,6.3895
17407,37.6422
17347,6.5043
17408,37.3694
17348,6.3894
17409,36.5070
17349,6.2242
17410,36.1201
17350,6.4635
17411,37.4134
17351,6.6230
17412,38.0347
17352,6.4356
17413,37.1443
17353,6.2976
17414,36.2112
17354,6.2371
17415,37.7974
17355,6.6746
17416,38.1327
17356,6.7479
17417,36.7063
17357,6.5121
17418,37.4837
17358,6.1312
17419,36.5723
17359,6.4517
17420,37.6032
17360,6.7951
17421,37.9854
17361,6.2144
17422,35.9460
17362,6.1791
17423,37.7377
17363,6.6170
17424,37.4544
17364,6.4854
17425,37.6335
17365,6.7120
17366,6.2678
17426,37.7474
17427,36.6397
17367,6.0609
17428,37.6113
17368,6.0905
17429,37.0675
17369,5.9470
17430,36.2868
17370,6.6458
17431,36.8436
17371,6.1277
17432,37.2375
17372,6.2961
17433,37.4123
17373,5.7982
17434,36.9492
17374,6.1085
17435,37.5763
17375,5.9045
17436,37.6947
17376,6.0836
17437,37.5591
17377,5.9213
17438,36.4676
17378,6.2777
17439,37.0092
17379,6.0364
17440,37.1363
17380,5.9782
17441,36.4612
17381,6.1283
17442,37.0783
17382,5.9109
17443,36.8200
17383,6.1592
17444,37.1874
17384,6.0792
17445,37.7141
17385,6.1422
17446,36.2040
17386,6.1607
17447,36.8302
17387,6.6473
17448,38.5788
17388,6.4901
17449,36.5824
17389,6.2838
17450,37.1257
17390,6.4991
17451,36.8722
17391,6.8035
17452,38.5164
17392,6.9861
17453,37.6303
17393,5.9327
17454,36.5360
17394,6.3086
17455,36.7367
17395,6.5557
17456,38.2315
17396,6.1037
17397,5.8922
17457,36.7826
17458,35.3265
17398,6.5595
17459,37.0928
17399,6.5039
17460,37.4703
17400,6.6810
17461,37.3166
17401,6.2006
17462,36.4647
17402,6.1282
17463,36.8823
17403,6.2926
17464,36.7580
17404,6.5372
17465,36.8777
17405,6.2607
17466,37.4196
17406,6.6997
17467,37.3709
17407,6.2309
17468,36.6670
17408,6.3794
17469,36.5744
17409,6.3429
17470,37.8544
17410,6.5472
17471,36.4085
17411,6.5323
17472,37.6212
17412,6.3784
17473,37.6106
17413,5.9211
17474,36.6971
17414,6.0515
17475,37.5270
17415,6.3309
17476,37.4531
17416,6.3373
17477,36.7587
17417,6.4002
17478,38.0713
17418,6.3512
17479,37.3740
17419,6.1175
17480,37.6921
17420,5.8955
17481,36.2375
17421,6.3119
17482,37.9390
17422,6.4678
17483,37.9392
17423,5.8424
17484,36.6975
17424,6.2654
17485,37.9137
17425,5.8704
17486,36.7812
17426,5.8959
17487,42.5462
17427,5.8957
17428,5.9372
17488,37.0845
17489,36.8965
17429,6.3404
17490,36.4036
17430,6.6106
17491,38.4102
17431,6.6609
17492,37.6709
17432,6.5239
17493,37.4346
17433,6.5088
17494,36.5797
17434,6.5742
17495,37.3977
17435,6.2209
17496,37.1827
17436,6.2645
17497,36.4576
17437,6.6825
17498,37.1521
17438,6.3029
17499,37.5560
17439,6.4027
17500,37.0386
17440,6.7281
17501,37.3436
17441,6.2241
17502,36.2002
17442,6.4126
17503,37.9467
17443,6.3236
17504,37.9661
17444,6.0324
17505,35.9793
17445,6.1559
17506,36.5390
17446,6.1948
17507,38.4310
17447,6.0050
17508,37.0528
17448,6.3677
17509,37.2240
17449,5.9416
17510,35.8889
17450,6.1581
17511,37.3732
17451,5.9156
17512,36.6217
17452,6.3600
17453,6.1825
17513,37.7741
17514,35.9915
17454,6.4721
17515,37.5579
17455,6.2430
17516,37.1142
17456,6.4485
17517,37.8606
17457,5.9873
17518,36.5992
17458,6.2836
17459,6.0085
17519,37.8707
17520,36.5759
17460,6.4045
17521,37.7167
17461,6.6845
17522,37.2042
17462,6.6194
17523,37.8478
17463,6.2761
17524,36.6258
17464,6.2157
17525,35.9177
17465,6.1625
17526,37.5417
17466,5.8334
17527,36.8631
17467,6.0568
17528,37.3214
17468,6.6920
17529,36.5744
17469,6.3594
17530,37.3131
17470,5.8995
17531,36.3467
17471,6.1039
17532,38.0130
17472,5.8974
17533,36.3096
17473,6.1831
17534,37.3751
17474,6.0481
17535,36.7633
17475,6.1457
17536,37.4532
17476,6.2554
17537,37.5815
17477,5.8821
17538,36.4358
17478,6.6420
17539,37.9909
17479,5.9733
17540,36.8484
17480,6.2296
17541,37.4938
17481,6.4410
17542,38.1846
17482,6.1098
17543,37.4485
17483,6.6674
17544,37.3963
17484,6.2084
17545,37.5421
17485,6.3767
17546,36.9687
17486,6.3131
17547,36.9810
17487,7.2408
17548,37.5451
17488,6.3880
17549,37.1577
17489,7.1240
17550,36.4977
17490,6.5107
17551,37.9255
17491,6.1839
17552,36.9737
17492,6.8410
17553,36.9525
17493,7.1231
17554,36.8988
17494,6.3832
17555,37.8188
17495,7.1679
17556,36.0787
17496,6.4516
17557,38.1663
17497,7.2970
17558,37.1403
17498,6.8226
17559,37.3019
17499,6.1195
17560,37.1300
17500,6.9319
17561,36.7877
17501,6.7686
17562,38.5404
17502,6.6500
17563,37.7786
17503,7.2724
17564,37.0752
17504,6.5168
17565,38.2910
17505,6.7801
17566,37.3790
17506,6.8058
17507,6.4814
17567,37.6634
17568,36.9408
17508,6.8291
17569,37.9131
17509,7.3505
17570,37.4379
17510,6.3897
17571,38.5780
17511,6.3977
17572,38.2905
17512,6.3905
17573,37.1145
17513,6.0630
17574,37.6177
17514,6.1188
17575,37.1680
17515,6.7123
17576,36.9313
17516,6.2745
17577,37.8268
17517,6.1369
17578,37.3248
17518,6.3566
17579,36.9958
17519,6.9233
17580,38.0515
17520,6.3857
17581,37.2333
17521,7.0271
17582,36.5632
17522,7.2364
17583,38.1622
17523,6.3431
17524,6.9858
17584,38.1051
17585,36.9456
17525,6.3327
17586,37.5527
17526,6.2382
17587,37.0910
17527,6.9928
17588,37.9315
17528,6.1325
17589,38.5907
17529,6.9847
17590,37.4483
17530,6.0987
17591,38.7703
17531,6.9753
17592,37.4798
17532,6.0054
17593,37.9754
17533,6.8953
17594,37.0692
17534,7.1389
17595,38.4418
17535,7.2546
17596,36.6218
17536,6.0869
17537,6.5813
17597,38.3920
17598,36.7302
17538,7.2531
17599,37.0610
17539,6.3934
17600,38.1269
17540,6.4821
17601,37.3696
17541,7.2630
17602,38.2988
17542,6.0964
17543,6.2390
17603,38.7437
17604,37.0658
17544,7.1601
17605,38.2361
17545,6.3004
17606,37.9365
17546,6.4337
17607,38.4226
17547,5.9976
17608,37.3167
17548,6.6996
17609,38.0174
17549,6.4987
17610,38.2142
17550,7.2436
17611,37.4791
17551,6.5226
17612,38.4307
17552,6.9800
17613,37.6665
17553,6.3921
17614,37.9640
17554,6.9492
17615,37.8281
17555,6.3329
17616,38.0524
17556,6.6332
17617,37.4068
17557,7.7333
17618,37.7034
17558,7.3451
17619,38.6213
17559,6.3548
17560,6.0855
17620,38.1934
17621,37.0494
17561,7.2457
17622,37.9103
17562,6.3465
17623,38.0361
17563,7.4003
17624,38.2353
17564,6.4390
17625,38.4442
17565,7.1031
17626,37.0552
17566,6.1561
17567,6.3058
17627,38.3515
17628,36.7447
17568,6.7506
17569,6.4319
17629,38.0166
17630,37.5678
17570,7.4664
17631,37.6338
17571,6.3261
17632,38.0241
17572,6.3197
17633,37.8768
17573,6.8952
17574,6.7892
17634,38.1927
17635,36.7201
17575,7.5874
17636,38.6800
17576,6.7687
17637,38.0083
17577,5.9974
17638,37.6138
17578,6.5286
17639,38.2429
17579,6.4517
17640,38.6928
17580,6.2769
17641,37.8868
17581,6.9310
17642,37.7479
17582,6.3319
17643,38.1705
17583,6.9009
17644,37.7055
17584,6.4051
17645,38.4096
17585,6.5501
17646,37.6164
17586,6.7333
17647,38.8770
17587,6.6310
17648,38.1690
17588,6.3392
17649,37.5295
17589,6.6356
17650,37.0923
17590,6.9114
17651,39.1676
17591,6.3338
17652,37.4955
17592,6.8525
17653,37.9631
17593,6.3010
17654,38.1395
17594,6.3965
17655,37.6997
17595,6.6789
17656,37.5873
17596,6.8680
17657,38.4000
17597,6.3232
17658,38.5740
17598,6.9455
17659,37.3348
17599,6.1943
17660,38.1118
17600,6.1621
17661,37.2016
17601,6.5309
17662,37.7001
17602,6.7081
17663,37.9070
17603,6.3353
17664,38.1459
17604,6.6457
17665,37.1767
17605,7.1549
17666,37.6467
17606,6.9840
17667,37.9220
17607,6.4709
17668,38.4388
17608,5.9823
17669,36.8449
17609,6.4966
17610,6.0492
17670,44.2020
17671,36.6117
17611,6.8456
17672,37.7335
17612,6.4005
17673,38.8938
17613,6.5670
17674,37.7786
17614,6.4526
17675,38.2394
17615,7.4262
17676,38.4444
17616,6.9196
17617,6.7987
17677,38.6802
17678,36.5720
17618,6.0504
17679,37.9565
17619,6.6841
17680,36.9855
17620,6.4060
17681,38.5252
17621,6.3681
17682,37.6147
17622,6.8925
17683,38.6871
17623,6.4905
17684,37.4295
17624,6.5857
17685,38.6511
17625,6.3892
17686,37.8489
17626,6.5685
17687,37.8836
17627,6.8968
17688,37.1111
17628,7.7867
17689,38.4261
17629,6.8250
17690,37.0451
17630,6.7654
17691,39.3435
17631,6.7388
17692,38.1380
17632,6.3078
17693,38.2276
17633,6.6252
17694,36.8635
17634,7.0132
17695,38.0799
17635,6.5009
17636,6.6532
17696,38.5048
17697,36.6400
17637,6.2253
17638,6.9559
17698,39.1587
17699,37.6236
17639,6.2270
17700,37.6700
17640,6.6239
17701,37.4536
17641,6.5748
17702,37.1048
17642,7.7220
17703,38.3114
17643,6.6445
17644,6.0435
17704,38.9283
17705,38.0014
17645,6.4251
17706,38.1693
17646,7.3550
17707,37.9890
17647,6.5065
17708,38.7329
17648,6.0384
17709,37.5096
17649,7.1157
17710,37.4296
17650,6.3790
17711,38.8790
17651,6.1522
17712,37.1993
17652,6.8007
17713,37.8314
17653,6.1907
17714,37.8722
17654,7.1980
17715,37.5891
17655,7.3274
17716,37.9584
17656,6.3800
17657,7.2393
17717,38.0244
17718,36.6561
17658,6.3982
17719,38.4412
17659,7.4405
17720,38.0699
17660,6.4163
17721,38.0712
17661,6.5587
17722,36.9580
17662,7.1980
17723,37.8655
17663,6.7662
17724,37.0070
17664,6.9605
17725,38.2832
17665,7.5445
17726,37.5927
17666,6.5677
17727,38.0679
17667,5.9613
17728,37.5535
17668,6.9342
17729,37.7394
17669,6.1210
17730,37.6704
17670,6.8872
17731,37.8713
17671,6.0539
17732,38.4565
17672,6.6635
17733,37.6528
17673,6.3617
17734,37.9130
17674,7.1531
17735,37.3277
17675,6.6422
17676,5.9721
17736,38.6691
17737,37.3725
17677,6.4164
17738,37.1430
17678,7.1882
17739,37.8004
17679,6.5284
17740,38.0827
17680,6.0940
17741,37.1182
17681,5.9452
17742,37.1874
17682,6.5175
17743,38.0747
17683,6.4732
17744,37.9306
17684,5.9877
17745,37.4501
17685,6.8838
17746,37.1424
17686,6.1557
17747,38.6913
17687,7.0391
17748,37.8931
17688,6.2384
17749,38.4415
17689,6.1195
17750,37.1298
17690,7.2755
17751,37.7410
17691,6.1141
17752,38.8926
17692,6.3455
17753,37.8413
17693,6.6875
17754,40.0438
17694,6.0792
17755,37.7602
17695,6.0721
17756,37.5188
17696,6.9658
17757,37.8557
17697,6.4280
17758,37.3732
17698,6.7588
17759,37.6912
17699,6.3742
17760,37.2959
17700,6.9778
17761,37.7854
17701,6.9399
17762,37.7548
17702,6.7285
17763,37.4985
17703,7.1260
17764,37.7836
17704,6.5575
17765,38.3161
17705,5.9918
17766,37.4579
17706,7.0198
17767,36.9526
17707,6.0714
17768,38.6409
17708,5.9990
17769,36.7191
17709,7.2923
17770,37.8332
17710,6.6770
17771,38.2681
17711,6.0344
17772,37.0528
17712,7.0372
17773,38.9147
17713,7.4162
17774,37.6260
17714,6.9184
17775,38.2023
17715,6.8513
17716,7.4512
17776,38.9241
17777,36.8776
17717,6.8580
17778,37.8009
17718,6.7467
17779,37.7623
17719,7.5328
17780,38.2812
17720,6.5153
17781,37.4179
17721,6.2571
17782,37.5999
17722,6.6285
17783,37.8311
17723,6.7981
17784,37.6297
17724,6.8278
17785,37.2512
17725,6.3494
17786,38.0177
17726,6.3554
17787,36.8417
17727,7.4212
17788,37.7172
17728,7.3115
17789,38.2297
17729,6.5925
17790,37.6003
17730,5.9779
17791,37.2988
17731,6.3702
17792,37.1483
17732,7.2707
17793,38.8228
17733,6.8290
17794,38.2732
17734,6.4432
17795,37.5927
17735,6.8957
17796,36.9152
17736,6.3983
17797,38.4157
17737,6.0069
17798,37.3051
17738,6.1264
17799,37.6525
17739,6.9890
17800,37.6739
17740,6.2748
17801,38.7856
17741,6.3327
17802,37.6359
17742,6.6861
17803,38.2007
17743,6.8923
17744,6.4070
17804,38.3907
17805,37.6688
17745,6.1719
17806,37.7469
17746,6.8683
17807,37.6823
17747,6.8784
17808,37.9211
17748,6.1851
17809,38.1199
17749,7.0839
17810,37.2077
17750,6.1466
17811,38.1172
17751,6.6174
17812,37.8147
17752,7.3646
17813,37.3556
17753,6.1658
17814,37.5827
17754,6.4700
17815,37.1900
17755,6.3767
17816,38.2070
17756,6.1447
17817,37.3485
17757,6.5166
17818,36.9044
17758,7.5966
17819,38.5695
17759,6.4577
17820,38.7245
17760,6.3733
17821,38.2858
17761,6.0883
17822,37.5030
17762,6.5549
17823,37.5425
17763,6.6393
17824,38.4703
17764,7.2095
17825,37.9381
17765,6.1298
17826,37.6215
17766,6.3502
17827,37.0610
17767,6.9538
17768,6.0586
17828,38.0598
17829,36.8612
17769,6.8335
17830,38.0458
17770,6.1906
17831,37.3472
17771,6.0737
17832,37.5282
17772,6.7490
17833,38.3046
17773,6.2871
17834,37.3542
17774,6.7924
17835,38.1001
17775,6.9296
17836,38.1580
17776,6.5200
17837,37.8308
17777,6.7698
17838,37.4299
17778,6.6051
17779,5.9946
17839,38.2274
17840,37.6025
17780,7.0643
17841,38.2820
17781,6.0882
17842,37.9519
17782,6.1716
17843,37.4344
17783,6.4771
17844,36.5961
17784,6.7659
17845,37.9413
17785,6.6905
17846,37.6799
17786,6.5560
17847,37.4370
17787,7.0839
17848,38.1372
17788,6.2713
17849,37.8046
17789,6.4487
17850,37.7138
17790,6.5152
17851,36.9617
17791,7.1928
17852,37.3125
17792,6.3484
17853,38.0065
17793,6.4600
17854,37.4616
17794,6.8649
17855,37.8366
17795,6.8133
17856,37.3167
17796,6.5388
17857,37.5131
17797,6.4785
17858,36.9596
17798,6.9168
17859,37.9647
17799,7.3497
17860,37.7610
17800,6.4973
17861,38.6265
17801,6.2504
17862,37.7250
17802,7.0242
17863,37.2506
17803,6.2952
17864,38.0353
17804,6.3369
17865,37.9010
17805,6.5519
17866,37.1052
17806,7.3288
17867,37.7311
17807,6.7610
17808,6.1454
17868,39.2229
17869,37.4023
17809,6.5357
17870,38.9265
17810,6.6712
17871,37.9994
17811,6.0725
17872,36.7233
17812,7.5603
17873,38.4853
17813,6.2819
17814,6.0683
17874,39.1335
17815,6.3971
17875,37.6144
17876,37.1012
17816,6.1522
17877,37.2776
17817,6.1245
17878,37.5674
17818,7.1518
17879,36.9291
17819,6.2849
17880,37.6445
17820,6.4487
17881,37.5870
17821,6.1595
17882,37.7012
17822,6.8255
17883,37.0410
17823,6.5576
17824,6.3167
17884,38.5732
17885,36.5443
17825,6.2101
17886,37.3286
17826,7.0065
17887,36.7682
17827,7.3975
17888,38.8302
17828,6.6140
17829,5.9688
17889,37.9546
17890,36.7844
17830,7.0218
17891,36.8614
17831,6.3069
17892,38.1050
17832,6.3565
17833,6.0811
17893,38.2816
17894,37.1197
17834,7.0090
17895,37.6803
17835,6.1785
17836,5.9881
17896,38.4797
17897,37.1036
17837,6.2577
17898,36.7357
17838,6.7493
17899,37.2411
17839,6.0595
17900,38.2963
17840,6.2123
17901,37.1005
17841,6.1890
17902,37.6175
17842,6.0167
17903,38.0356
17843,6.2801
17904,38.3092
17844,6.0568
17905,37.2468
17845,7.3416
17906,38.3334
17846,6.3666
17847,5.9893
17907,38.2656
17908,36.7339
17848,6.1501
17909,38.4190
17849,6.4268
17910,37.8524
17850,6.3401
17911,36.7654
17851,6.8208
17912,37.5176
17852,6.2476
17913,37.4267
17853,6.2421
17914,36.9629
17854,6.3033
17855,6.0762
17915,37.8333
17916,37.0134
17856,6.1917
17917,37.3112
17857,6.5909
17918,37.5191
17858,6.9504
17919,37.8187
17859,6.4567
17920,38.4368
17860,6.3195
17921,37.1970
17861,6.6325
17922,38.1983
17862,6.3573
17923,38.0095
17863,6.3512
17924,37.6321
17864,6.2369
17925,37.3384
17865,7.0521
17926,36.8606
17866,6.6512
17927,38.0780
17867,6.1318
17928,37.3783
17868,6.9070
17929,38.5459
17869,6.8261
17930,37.8477
17870,6.9323
17871,6.4218
17931,38.0673
17932,37.1792
17872,6.2432
17933,37.9064
17873,7.5335
17934,38.5406
17874,6.5301
17875,6.6308
17935,38.4399
17936,37.8190
17876,6.2014
17937,37.4602
17877,6.3306
17938,37.8100
17878,6.4152
17879,5.9581
17939,38.4856
17940,36.9789
17880,6.8849
17941,37.6531
17881,6.2336
17882,6.1339
17942,38.5284
17943,36.8585
17883,6.2135
17944,37.7992
17884,6.7549
17945,37.0515
17885,6.3798
17946,37.8047
17886,6.2949
17947,37.7734
17887,6.3630
17948,37.6777
17888,6.1130
17949,37.4427
17889,6.8846
17950,38.0839
17890,6.1234
17951,38.4583
17891,6.0753
17952,36.9279
17892,6.8497
17953,37.9042
17893,6.5262
17954,37.8178
17894,6.4386
17895,5.9802
17955,38.1784
17896,6.2267
17956,40.1178
17957,36.4147
17897,5.9916
17958,36.8934
17898,6.7702
17959,37.2906
17899,6.1686
17960,38.3070
17900,6.5052
17961,37.5489
17901,6.9058
17902,6.2724
17962,38.2286
17963,37.1482
17903,6.1957
17964,37.5895
17904,6.4630
17965,36.9660
17905,6.8766
17966,37.1113
17906,6.1332
17967,37.8027
17907,6.8875
17968,37.6377
17908,6.5307
17909,6.2156
17969,39.2884
17970,36.5004
17910,6.0921
17971,36.6823
17911,6.3252
17972,38.8052
17912,6.2882
17973,37.4560
17913,6.2708
17974,37.7669
17914,6.8179
17975,37.0369
17915,6.5882
17976,38.7153
17916,6.5898
17977,37.5027
17917,6.5026
17978,37.1540
17918,6.3561
17979,38.2833
17919,6.2073
17980,37.9320
17920,6.4381
17981,36.8986
17921,7.8341
17982,38.1809
17922,6.4262
17923,6.1008
17983,38.4707
17984,37.3197
17924,6.1799
17985,37.4767
17925,6.6038
17986,37.4449
17926,6.1992
17987,37.6290
17927,6.7370
17988,36.3547
17928,7.2905
17989,37.7644
17929,6.8910
17990,38.3052
17930,6.2343
17991,37.3105
17931,6.0781
17992,37.7888
17932,6.1077
17993,37.3950
17933,5.9898
17994,37.3569
17934,6.3402
17995,38.1237
17935,6.9254
17996,37.7973
17936,6.6391
17997,38.3310
17937,6.1395
17998,37.5232
17938,6.4947
17999,36.8292
17939,6.3548
18000,37.7075
17940,6.5566
18001,37.9033
17941,6.3738
18002,37.5311
17942,6.6179
18003,36.5885
17943,6.5099
18004,38.4532
17944,6.5411
18005,37.8717
17945,6.5529
18006,38.4209
17946,6.1660
18007,36.8351
17947,6.5576
18008,37.9437
17948,6.3617
17949,5.8581
18009,38.0822
18010,37.1242
17950,7.5094
18011,37.7046
17951,6.1320
18012,38.3050
17952,6.5197
18013,37.7486
17953,6.4599
17954,6.5652
18014,38.2017
18015,37.6360
17955,7.3270
18016,37.8053
17956,6.4492
18017,38.3770
17957,6.3374
17958,5.9319
18018,38.0426
18019,36.3185
17959,6.2763
18020,37.9610
17960,6.1167
18021,37.3796
17961,6.3663
18022,37.9496
17962,6.5246
18023,36.9794
17963,7.1551
18024,37.4960
17964,6.1852
18025,38.4622
17965,6.1500
17966,5.9196
18026,37.4581
18027,36.6836
17967,6.1669
18028,37.5356
17968,6.9061
18029,38.4576
17969,6.3602
18030,37.4237
17970,6.5685
18031,37.5512
17971,6.5227
17972,6.5299
18032,38.3719
18033,36.9957
17973,6.4445
18034,38.5029
17974,6.6939
18035,36.5709
17975,6.3760
18036,38.4030
17976,7.0193
18037,36.9210
17977,6.0678
18038,38.3125
17978,6.9292
18039,37.5987
17979,6.0544
17980,6.0537
18040,38.2782
18041,37.1035
17981,6.0547
18042,36.9224
17982,6.7407
18043,37.1857
17983,6.0499
18044,37.8985
17984,6.3121
18045,37.3284
17985,6.1102
18046,37.2233
17986,6.7901
18047,38.0003
17987,6.5212
17988,6.5087
18048,38.0843
18049,38.1532
17989,6.3971
17990,6.8694
18050,38.1946
18051,36.7888
17991,6.4847
18052,38.3474
17992,5.9980
18053,36.8836
17993,6.4117
18054,37.7572
17994,6.9470
18055,36.9605
17995,6.5048
18056,38.3112
17996,6.6504
17997,6.1808
18057,37.9572
18058,37.3448
17998,6.3051
18059,36.6335
17999,6.1305
18060,37.5131
18000,6.4446
18061,38.7241
18001,6.3635
18062,38.0833
18002,6.3041
18063,37.4250
18003,6.0594
18064,37.1370
18004,6.3752
18005,5.9003
18065,39.0975
18066,37.3209
18006,6.1134
18067,36.9010
18007,7.0064
18068,37.9643
18008,6.6676
18069,39.1604
18009,6.0761
18010,6.0555
18070,37.5546
18071,36.4513
18011,6.5500
18072,36.9793
18012,6.0660
18013,6.0868
18073,38.2199
18074,37.0854
18014,6.2481
18075,37.5492
18015,6.3995
18076,37.2320
18016,6.3793
18077,37.5158
18017,7.2877
18078,37.6530
18018,6.0784
18019,6.3888
18079,38.6986
18080,37.0599
18020,6.3386
18081,37.3481
18021,6.1771
18082,36.9624
18022,6.0248
18083,37.6475
18023,6.2747
18084,36.5905
18024,6.9192
18085,39.6520
18025,6.4935
18026,6.0445
18086,38.4417
18087,37.1529
18027,6.4155
18088,37.7634
18028,6.1409
18089,37.6820
18029,6.2516
18090,37.5618
18030,6.0510
18091,38.1962
18031,6.8203
18092,37.8930
18032,6.3932
18093,38.3766
18033,5.9754
18094,36.7635
18034,7.1887
18095,37.8733
18035,6.2232
18036,6.0325
18096,39.3042
18097,37.1914
18037,6.1174
18098,37.6626
18038,6.5363
18099,37.1637
18039,7.2976
18100,37.5099
18040,6.5557
18041,6.0315
18101,38.7849
18102,37.3564
18042,6.7403
18103,37.0299
18043,6.4003
18044,6.1025
18104,38.2929
18105,37.1368
18045,6.1155
18106,37.7764
18046,7.1388
18107,37.4681
18047,7.0914
18108,38.0142
