batch_index,latency_ms
1,37.9086
2,39.5611
3,38.4184
4,38.7157
5,38.1094
6,34.1742
7,36.1530
8,36.6532
9,37.4402
10,34.5350
11,35.1280
12,37.2245
13,38.7335
14,37.6217
15,36.6431
16,38.2633
17,37.2629
18,34.5438
19,38.7266
20,35.7217
21,38.0478
22,36.5080
23,37.1957
24,37.2768
25,37.0300
26,36.8867
27,38.6662
28,37.6003
29,37.8886
30,38.1423
31,38.1071
32,36.8512
33,37.7331
34,37.4232
35,37.9784
36,38.9475
37,34.2101
38,38.3091
39,37.2297
40,37.5554
41,34.5027
42,34.3285
43,34.3671
44,37.3025
45,37.4886
46,34.7314
47,38.1362
48,34.2494
49,34.3308
50,34.3645
51,37.2219
52,33.4087
53,36.5802
54,35.5324
55,33.4870
56,36.6418
57,36.6699
58,35.5432
59,36.5457
60,35.8667
61,35.0603
1,17.0218
2,13.8502
3,10.7526
4,9.3051
62,38.9726
5,10.4760
6,10.0471
7,8.1157
8,7.4858
63,39.6430
9,7.8550
10,11.2189
11,9.0311
12,7.6058
64,35.6882
13,8.1313
14,11.6128
15,7.7806
65,36.2123
16,9.2706
66,36.2058
17,10.1009
67,37.8043
18,10.4870
68,35.6126
19,10.6570
69,35.7737
20,11.0966
70,36.5686
21,10.3162
71,34.1210
22,11.1535
72,36.5204
23,10.1537
73,34.2547
24,10.8372
74,36.7752
25,10.4977
75,36.4395
26,9.1983
76,36.7762
27,9.9261
77,36.6683
28,9.9628
78,34.0303
29,10.2805
79,33.8554
30,9.9223
80,33.5140
31,12.1217
81,34.2452
32,12.8195
82,36.3683
33,13.0456
83,36.3382
34,11.6036
84,35.0625
35,11.9724
85,34.7919
36,11.8374
86,34.5577
37,12.7310
87,34.5700
38,16.4067
88,40.1310
39,15.6168
89,38.8008
40,14.8451
90,38.3973
41,14.8014
91,38.6763
42,15.1771
92,38.9716
43,16.5214
93,39.3344
44,15.0147
94,36.0900
45,14.6299
95,35.7401
46,13.9156
96,38.3382
47,14.0201
97,37.2929
48,14.7488
98,36.2157
49,13.6035
99,36.6359
50,14.1779
100,36.6446
51,13.7500
101,36.3170
52,13.5931
102,37.6687
53,13.8673
103,36.6373
54,13.0935
104,36.4257
55,15.1276
105,38.3044
56,14.7239
106,38.2657
57,14.0902
107,38.0085
58,13.9718
108,39.0907
59,13.5682
109,39.5745
60,14.1189
110,38.6382
61,13.7318
111,36.9569
62,13.8937
112,38.0391
63,13.6884
113,36.5858
64,14.9255
114,36.4846
65,14.2276
115,36.1054
66,13.5041
116,37.9363
67,13.7008
117,36.3453
68,13.3985
118,36.1169
69,14.2610
119,39.0984
70,13.4922
120,36.7335
71,13.3268
121,36.2034
72,13.4915
122,36.9480
73,13.7342
123,36.5575
74,14.6029
124,38.9730
75,13.4654
125,37.3802
76,13.9325
126,38.1626
77,13.0908
127,39.1769
78,11.8913
128,37.1266
79,12.1984
129,38.6207
80,11.9877
130,38.3341
81,11.4722
131,38.4000
82,11.4004
132,36.8399
83,11.3402
133,38.2698
84,11.7045
134,35.9766
85,11.8958
135,35.6939
86,11.9772
136,36.1578
87,11.9204
137,36.2180
88,11.5383
138,35.9017
89,11.3044
139,35.8404
90,11.5315
140,37.8283
91,12.7804
141,37.6428
92,11.4999
142,35.6732
93,10.6265
143,35.9463
94,10.0368
144,39.5654
95,10.6552
145,36.3713
96,10.4206
146,36.3201
97,10.1338
147,36.8569
98,9.7657
148,35.6472
99,10.1356
149,34.9581
100,10.0516
150,35.1106
101,11.6595
151,35.6396
102,12.5663
152,37.1970
103,12.5131
153,37.3062
104,10.1581
154,34.4475
105,10.1778
155,34.5327
106,9.9381
156,35.2790
107,10.2336
157,34.4015
108,9.5465
158,37.8049
109,8.4556
159,36.3599
110,10.4490
160,36.4906
111,10.0910
161,34.6879
112,10.7383
162,36.8296
113,9.8476
163,34.7598
114,9.7295
164,34.6141
115,8.9691
165,36.2880
116,8.6251
166,37.1556
117,10.3943
167,34.3991
118,10.2649
168,34.7740
119,10.1194
169,34.3128
120,10.1137
170,34.0972
121,10.8502
171,36.9332
122,10.7096
172,36.3572
123,9.5778
173,34.1958
124,9.7178
174,34.7040
125,10.1292
175,34.3802
126,10.1794
176,36.6356
127,10.0241
177,34.2219
128,10.2249
178,34.4877
129,10.1718
179,34.7251
130,9.7246
180,34.2457
131,9.9895
181,34.1395
132,10.6624
182,36.4067
133,10.0127
183,34.5359
134,9.8208
184,34.2881
135,9.9634
185,35.5145
136,10.1819
186,34.4864
137,9.9040
187,34.7851
138,10.2525
188,34.6617
139,9.2649
189,35.8449
140,9.9189
190,34.1602
141,11.6854
191,38.0937
142,9.3937
192,36.4699
143,10.5131
193,36.0584
144,9.7076
194,34.6505
145,9.6981
195,34.1448
146,9.7307
196,34.4725
147,12.0190
197,35.0760
148,11.2328
198,34.9127
149,11.1335
199,34.8950
150,11.0666
200,34.6795
151,11.8895
201,35.1134
152,12.2130
202,36.9536
153,12.0270
203,34.9011
154,11.6368
204,34.7826
155,11.8214
205,35.3066
156,12.3955
206,36.5254
157,11.9169
207,34.8062
158,11.4815
208,34.7940
159,11.5618
209,35.0991
160,12.1908
210,36.6028
161,11.9982
211,36.6222
162,12.2317
212,36.9928
163,11.6123
213,34.3416
164,11.3490
214,35.2972
165,11.0831
215,34.9361
166,12.1493
216,35.0762
167,12.2258
217,36.8356
168,11.8988
218,34.5309
169,11.7052
219,35.3861
170,11.4812
220,35.6736
171,11.3990
221,34.9921
172,11.5283
222,34.9429
173,11.5341
223,34.9988
174,11.5274
224,34.8472
175,11.5132
225,35.2173
176,12.0390
226,35.1019
177,11.7130
227,34.9727
178,10.9167
228,36.2817
179,11.1703
229,34.8809
180,11.0888
230,34.8428
181,11.2942
231,34.6124
182,11.7635
232,34.2919
183,11.6851
233,35.1308
184,12.6456
234,37.2792
185,10.8856
235,34.7343
186,12.1805
236,34.9923
187,11.6460
237,34.8697
188,11.3748
238,35.1911
189,12.1455
239,34.6347
190,13.2030
240,34.9143
191,12.7618
241,35.0779
192,12.9902
242,34.8456
193,13.5214
243,35.7031
194,13.6214
244,35.2482
195,13.0301
245,36.0353
196,12.6851
246,35.4083
197,14.1714
247,37.2549
198,14.7587
248,37.3568
199,12.9017
249,35.0306
200,13.2987
250,34.7279
201,13.4902
251,35.5272
202,13.1275
252,35.3958
203,13.4066
253,35.0649
204,13.0028
254,34.6659
205,13.3127
255,35.5569
206,13.5229
256,35.4599
207,12.6282
257,35.5243
208,13.0363
258,34.7835
209,13.4438
259,36.9067
210,13.2333
260,35.3150
211,13.3896
261,35.3496
212,13.9669
262,37.1090
213,13.2375
263,35.0000
214,13.2618
264,34.9349
215,13.2774
265,35.2848
216,13.1822
266,34.7993
217,13.2259
267,35.0804
218,14.6562
268,37.7509
219,13.2459
269,35.1436
220,13.4264
270,35.0624
221,13.4617
271,34.7401
222,13.4265
272,35.1237
223,14.5626
273,37.2036
224,13.7679
274,34.7490
225,13.0088
275,34.9815
226,14.0064
276,36.9943
227,14.0063
277,35.0884
228,14.1747
278,36.0393
229,14.0769
279,35.1548
230,12.4831
280,35.1540
231,13.9975
281,36.5940
232,14.6875
282,37.9629
233,13.0429
283,35.1310
234,13.6235
284,34.7202
235,14.2711
285,36.9053
236,13.8822
286,34.7438
237,14.9104
287,35.2787
238,13.9405
288,34.7267
239,13.4823
289,35.5865
240,13.7496
290,37.1162
241,13.2568
291,34.8084
242,13.5670
292,34.5264
243,13.9441
293,35.1404
244,13.8482
294,34.6342
245,14.5171
295,37.1421
246,13.8242
296,35.8257
247,14.4218
297,36.7098
248,13.1093
298,35.7306
249,13.9942
299,35.1524
250,13.4881
300,34.8669
251,13.4514
301,36.7419
252,12.9229
302,36.0668
253,13.6680
303,34.5186
254,13.3312
304,34.8053
255,13.1937
305,34.6341
256,14.0194
306,37.2249
257,12.9104
307,35.0571
258,13.0107
308,34.8115
259,13.3007
309,34.3833
260,13.1803
310,34.9052
261,12.6433
311,34.8977
262,14.4967
312,37.0590
263,14.2965
313,36.9453
264,12.1265
314,38.4636
265,12.6188
315,35.0501
266,13.2742
316,34.9936
267,13.4182
317,35.1855
268,13.1132
318,34.4398
269,12.9352
319,35.1889
270,13.3534
320,34.9597
271,13.8840
321,34.5257
272,13.4053
322,35.6677
273,13.5067
323,37.0079
274,12.3270
324,34.9149
275,12.4390
325,35.2054
276,13.2995
326,37.2606
277,12.4863
327,35.6827
278,12.1746
328,34.9578
279,12.2195
329,34.2716
280,12.3737
330,34.9715
281,12.1757
331,34.3953
282,12.2973
332,34.7749
283,12.0927
333,35.1538
284,13.5050
334,37.1956
285,11.8690
335,35.5149
286,12.5693
336,35.0203
287,12.1286
337,34.3226
288,12.1251
338,34.5609
289,12.9337
339,36.6736
290,11.4484
340,34.4481
291,12.3001
341,36.8852
292,13.1255
342,36.4977
293,11.8522
343,34.5068
294,12.2374
344,35.0645
295,11.5890
345,34.3632
296,11.8440
346,34.4533
297,11.8290
347,35.1108
298,11.9951
348,34.4425
299,12.3521
349,34.3577
300,11.9004
350,33.8230
301,10.6017
351,34.0652
302,10.7095
352,34.1552
303,10.4900
353,33.5299
304,12.0368
354,33.1189
305,11.1326
355,33.6256
306,11.7011
356,32.9503
307,7.3644
357,33.6611
308,7.7032
358,33.8008
309,8.2118
359,33.3738
310,7.6958
360,32.9666
311,8.0232
361,32.6615
312,8.0373
362,33.9130
313,7.8242
363,33.0927
364,32.6626
314,7.5858
365,33.3677
315,7.4719
366,33.7776
316,7.3526
317,7.0704
367,35.7992
368,33.0868
318,7.3421
369,33.8994
319,7.6241
370,32.8582
320,7.8583
371,35.6593
321,8.8098
372,36.2321
322,10.7611
373,37.1044
323,9.8919
374,36.5380
324,10.3871
375,38.8077
325,7.2063
376,35.9974
326,7.1737
327,6.8153
377,35.6588
328,6.8899
378,34.8739
329,7.0900
379,35.4165
330,7.2979
380,35.5547
331,7.9787
381,34.8400
332,7.7641
382,35.1473
333,7.6817
383,35.5171
334,7.2748
384,37.8243
335,7.7018
385,35.3904
336,7.1428
386,35.2774
337,8.2760
387,37.9883
338,7.1217
388,34.5175
339,7.2557
389,34.9237
340,7.2581
390,34.9388
341,7.2615
391,34.6915
342,7.7995
392,34.9969
343,7.6789
393,37.3120
344,7.3140
394,34.6750
345,7.2093
395,35.0478
346,7.3494
396,37.0783
347,7.4965
397,34.8921
348,7.3817
398,35.1755
349,7.4562
399,34.8352
350,7.2919
400,34.5050
351,7.2966
401,35.1639
352,7.4263
402,34.7085
353,7.3964
403,34.4961
354,7.3115
404,35.1988
355,7.3024
405,34.9065
356,7.5357
406,34.7903
357,7.5306
407,37.0916
358,7.3120
408,34.8804
359,7.7329
409,36.9137
360,7.9110
410,35.1594
361,7.1809
411,36.9163
362,6.8914
412,34.8472
363,7.1629
413,35.0266
364,7.9634
414,35.1317
365,6.0955
415,35.2271
366,6.0533
416,34.7729
367,6.1315
417,34.4720
368,6.5207
418,37.6284
369,6.1429
419,35.1864
370,6.0844
420,38.4395
371,6.2102
421,35.0183
372,6.1339
422,37.3878
373,6.1519
423,34.8645
374,6.1298
424,35.4740
375,6.1772
425,35.2122
376,6.4316
426,35.5170
377,6.5289
427,34.9880
378,6.2573
428,34.9256
379,6.2730
429,35.5987
380,6.3174
430,37.1668
381,6.1950
431,34.8332
382,6.5672
432,35.0743
383,6.5975
433,34.4173
384,6.7640
434,34.9822
385,6.7723
435,34.4935
386,6.3192
436,35.2127
387,6.6359
437,37.3338
388,6.6035
438,34.4103
389,6.5890
439,34.5366
390,6.8899
440,34.5287
391,6.7607
441,34.7824
392,6.5962
442,34.4475
393,6.7731
443,36.3176
394,7.2662
444,34.8537
395,6.2878
445,35.0306
396,7.1457
446,34.6070
397,7.0917
447,34.8555
398,6.8737
448,36.8183
399,6.8497
449,35.8981
400,7.2711
450,34.5414
401,6.8997
451,34.7349
402,6.6324
452,35.1993
403,6.5513
453,34.6745
404,6.1208
454,34.5600
405,6.0838
455,34.4508
406,6.5187
456,34.7834
407,6.6951
457,34.3380
408,6.5196
458,34.5770
409,6.6424
459,34.4574
410,7.1728
460,36.9554
411,6.7197
461,36.9528
412,6.9628
462,33.9402
413,7.0854
463,36.5963
414,6.7909
464,34.4138
415,6.3179
465,34.4787
416,6.0759
466,34.3995
417,6.2947
467,34.8022
418,5.9670
468,34.5206
419,6.2497
469,34.9293
420,6.2917
470,34.6999
421,6.0044
471,34.5224
422,5.9559
472,34.7816
423,6.0380
473,34.7668
424,6.0173
474,34.9071
425,6.6593
475,34.7393
426,6.5809
476,34.7138
427,7.0114
477,34.5778
478,35.1313
428,6.5491
479,34.3767
429,7.3386
480,37.4107
430,7.2182
481,36.8883
431,7.9737
482,36.2525
432,7.0470
483,35.0913
433,6.1030
484,34.2743
434,6.1225
435,6.0198
485,34.6957
436,6.0440
486,33.6859
437,6.1603
487,34.8289
438,6.4762
488,34.8824
439,6.1237
489,35.0485
440,6.6906
490,34.4767
441,6.3226
491,34.3678
492,34.6757
442,6.6472
493,35.6250
443,7.0884
494,35.4564
444,8.3299
495,36.3338
445,8.4455
496,36.4148
446,8.8420
497,36.1085
447,8.0311
498,36.1418
448,8.8985
499,35.1019
449,8.0975
500,35.2554
450,8.4481
501,34.8808
451,7.8087
502,35.8809
452,7.3252
503,35.2912
453,8.0850
504,36.8012
454,7.1223
505,36.9128
455,7.7896
506,35.1928
456,6.9909
507,35.1339
457,6.6076
508,35.3558
458,6.2240
509,35.0538
459,6.6116
460,6.4474
510,36.5305
461,6.5605
511,37.4992
462,6.5432
512,34.1277
463,7.6469
513,34.5752
464,7.1678
514,36.5600
465,7.0204
515,36.6433
466,6.9072
516,34.7434
467,7.1664
517,34.8897
468,7.3351
518,34.9872
469,7.5582
519,34.7175
470,7.6463
520,34.8282
471,7.5027
521,34.5024
472,7.7228
522,36.7351
473,7.8357
523,34.2493
524,34.7905
474,7.4339
525,35.6878
475,8.5289
526,37.3607
476,7.0133
527,34.8965
477,7.2485
478,7.0328
528,34.6766
479,7.0927
529,36.8061
480,7.2506
530,35.3427
481,7.4156
531,34.6159
482,7.8519
532,34.8025
483,7.8319
533,37.1004
534,34.6639
484,7.3594
535,35.1385
485,7.4191
486,7.0413
536,36.3362
487,6.8613
537,34.7934
538,34.9139
488,7.1742
489,7.1173
539,37.0769
540,35.0019
490,7.2372
541,34.7291
491,7.2302
542,34.2494
492,7.2513
543,35.2057
493,7.1522
544,35.0158
494,8.2312
545,35.5838
495,7.4938
546,35.6441
496,8.0177
547,36.0023
497,7.0910
548,35.3451
498,7.6718
549,35.5237
499,8.4346
550,35.5718
500,8.2187
551,35.3647
501,7.6813
552,35.7944
502,7.1200
553,35.3900
503,7.4593
554,35.4349
504,8.6547
555,35.8358
505,8.3802
556,36.2082
506,9.2893
557,36.1781
507,9.6849
558,35.8084
508,8.2709
559,35.5169
509,8.0284
560,35.5692
510,8.6199
561,34.8925
511,7.2941
512,7.0116
562,37.9153
513,6.9334
563,34.6262
514,7.1681
564,34.5935
565,34.6588
515,7.9786
566,35.2188
516,7.5221
567,34.6777
517,9.4862
568,35.3862
518,8.4265
569,35.4702
519,6.9803
570,34.5589
520,7.3851
571,35.8596
521,7.3533
572,35.4809
522,8.1000
573,35.4143
523,8.3647
574,35.2734
524,9.4347
575,35.1479
525,9.1595
576,36.5380
526,9.4348
577,36.6439
527,8.5141
578,35.1041
528,9.6218
579,35.7116
529,8.2991
580,37.8007
530,7.0627
581,35.1498
531,7.0993
582,34.8957
532,6.8475
583,37.5133
533,7.1262
584,34.8363
534,7.0052
585,34.7587
535,7.3259
586,35.1416
536,7.6228
587,35.4025
537,9.0512
588,36.3243
538,10.2397
589,36.1008
539,9.5965
590,34.7264
540,9.3105
591,34.1629
541,8.8261
592,37.0616
542,8.7503
593,37.5736
543,9.5231
594,34.7731
544,9.1565
595,38.1848
545,9.1923
596,35.1007
546,9.2634
597,35.0989
547,8.6536
598,36.2726
548,8.1221
599,34.7871
549,8.5480
600,36.6199
550,9.0210
601,35.9803
551,9.3176
602,35.8176
552,9.3192
603,35.0463
553,9.6021
604,35.2461
554,9.2201
605,34.6410
555,9.3663
606,35.3792
556,9.9985
607,34.8396
557,9.2863
608,34.2470
558,10.4426
609,34.4233
559,9.6271
610,34.0512
560,9.7054
611,34.4246
561,9.6267
612,34.2292
562,6.9338
613,34.3492
563,6.9344
614,34.7614
564,7.3894
615,34.3490
565,6.9437
616,34.1665
566,6.8471
617,34.5777
567,7.2761
618,34.2687
568,6.7386
619,34.4395
569,6.9894
620,34.8126
570,6.9828
621,33.8968
571,7.2131
622,33.9637
572,7.4144
623,33.6288
573,6.8916
624,34.3037
574,7.4540
625,34.2150
626,34.2196
575,7.1496
627,34.0573
576,7.1666
628,34.9539
577,7.8586
629,34.2961
578,8.8063
630,38.0583
579,7.6516
631,37.1353
580,6.9625
632,35.2453
581,8.2973
633,35.2977
582,9.0425
634,37.5886
583,9.0558
635,36.4859
584,8.8709
636,36.0317
585,9.1127
637,34.8978
586,9.1966
638,35.2580
587,9.2162
639,35.2354
588,9.0105
640,34.6878
589,7.8622
641,37.2480
590,9.3774
642,35.4692
591,8.9450
643,34.1990
592,10.8435
644,35.4269
593,10.4516
645,35.1188
594,8.7812
646,36.0667
595,8.8331
647,35.9404
596,9.0205
648,34.8643
597,8.8472
649,35.6969
598,9.5631
650,35.8983
599,9.4455
651,35.8572
600,9.4471
652,34.5791
601,8.6412
653,36.0096
602,9.8966
654,35.3519
603,8.2546
655,35.1373
604,8.5027
656,35.0590
605,6.9106
657,35.2234
606,6.7620
658,34.9685
607,6.8442
659,35.5431
608,6.7708
660,35.8853
609,6.8716
661,34.6814
610,8.0550
662,34.2503
611,7.0391
663,35.0265
612,6.9233
664,34.4918
613,6.9657
665,35.1612
614,6.9253
666,34.4346
615,6.9705
667,34.1553
616,7.0893
668,34.6288
617,7.0029
669,34.0771
618,6.9001
670,34.6519
619,6.8952
671,34.8562
620,7.2083
672,34.3079
673,34.1468
621,7.0827
674,37.3334
622,7.2395
675,34.9108
623,8.6186
676,35.4664
624,8.4281
677,36.2798
625,7.6710
678,35.2882
626,7.1117
679,34.9105
627,9.2204
680,35.1905
628,9.4147
681,35.4795
629,9.2307
682,34.8018
630,9.0040
683,35.5481
631,9.1237
684,35.1620
632,9.2389
685,35.4984
633,8.6492
686,35.4023
634,8.9491
687,35.8257
635,8.9754
688,35.4535
636,9.1304
689,35.6218
637,9.9233
690,34.9491
638,8.9819
691,35.5585
639,8.9324
692,36.1648
640,10.3967
693,35.5916
641,8.7027
694,34.8304
642,10.8983
695,36.6336
643,8.1261
696,35.5097
644,9.1825
697,35.7916
645,10.0838
698,37.3692
646,10.4882
699,37.1501
647,10.5510
700,36.5949
648,10.3171
701,36.5446
649,9.5813
702,38.5670
650,10.0372
703,35.6350
651,10.0246
704,35.6902
652,9.6973
705,36.1515
653,10.6918
706,35.3381
654,10.0014
707,35.4150
655,9.5114
708,35.0148
656,10.2898
709,38.8362
657,9.5749
710,36.1527
658,9.8755
711,35.6429
659,9.2463
712,35.4546
660,10.4262
713,36.4546
661,9.0352
714,36.2616
662,10.3735
715,36.1937
663,10.4868
716,35.5150
664,8.6026
717,35.4536
665,8.7995
718,35.7221
666,10.3627
719,38.5217
667,10.3384
720,36.7129
668,10.7701
721,35.7932
669,7.9831
722,34.2100
670,8.5664
723,35.2125
671,8.2693
724,36.2462
672,10.0674
725,36.3258
673,9.7748
726,35.2285
674,7.0433
727,34.6666
675,6.7928
728,34.5619
676,7.0592
729,34.7963
677,6.9103
730,34.3801
678,6.8131
731,34.8377
679,7.2928
732,34.4498
680,6.8787
733,34.4268
681,7.4802
734,34.5931
735,33.9219
682,7.1877
736,34.1429
683,7.4487
737,34.9862
684,7.9974
738,35.4715
685,9.6544
739,35.5460
686,9.8929
740,36.4671
687,8.4688
741,35.9362
688,9.1501
742,37.0726
689,8.5900
743,36.4238
690,8.1354
744,35.3314
691,9.2176
745,35.7613
692,9.5436
746,36.1646
693,9.8219
747,36.2222
694,10.0597
748,36.0930
695,10.0821
749,36.4529
696,9.4423
750,35.8004
697,8.8936
751,36.5244
698,8.7062
752,35.0997
699,9.0047
753,35.0113
700,9.1708
754,34.9156
701,9.0929
755,35.7013
702,8.7051
756,34.8340
703,8.8344
757,34.5408
704,9.1317
758,35.8504
705,8.7121
759,34.3986
706,8.9155
760,38.4050
707,8.6341
761,38.3256
708,9.2780
762,38.7179
709,9.2267
763,35.5751
710,9.0267
764,34.8675
711,8.7800
765,34.9445
712,9.1731
766,38.2108
713,8.7934
767,35.5371
714,8.8287
768,35.7691
715,9.5589
769,36.4972
716,9.8266
770,35.9105
717,9.6747
771,36.3886
718,9.9398
772,35.7054
719,10.1660
773,36.2947
720,10.0430
774,36.0836
721,10.3736
775,36.8835
722,10.3761
776,36.7596
723,12.2061
777,36.6992
724,9.7599
778,36.5670
725,11.2232
779,35.5228
726,10.0019
780,35.3375
727,10.2106
781,35.6783
728,9.2008
782,35.2607
729,8.1243
783,34.9215
730,7.3840
784,35.1145
731,7.0342
785,34.6205
732,7.7027
786,34.6963
733,7.2197
787,34.4492
734,6.8510
788,34.1597
735,6.8760
789,34.8651
736,6.9988
790,34.5805
737,7.0926
791,36.7918
738,6.9871
792,34.7542
739,7.0270
793,34.3648
740,7.0425
794,34.4293
741,7.0363
795,34.2276
796,34.5233
742,7.1474
797,35.1378
743,7.0705
798,35.4193
744,7.0268
799,34.7438
745,7.2336
800,34.9061
746,9.1443
801,35.9077
747,8.4636
802,35.2958
748,8.8380
803,36.6668
749,8.2961
804,35.8259
750,7.9463
805,35.3437
751,8.6578
806,36.2143
752,8.8627
807,39.0306
753,7.7481
808,35.2135
754,8.6997
809,36.0335
755,9.1280
810,37.0116
756,9.0591
811,36.7128
757,9.3890
812,35.5046
758,9.0728
813,36.3473
759,9.2032
814,35.7442
760,9.7530
815,35.1468
761,9.3337
816,36.1502
762,8.8792
817,35.5123
763,8.5241
818,38.1812
764,9.0421
819,35.3290
765,9.3428
820,36.0270
766,9.0625
821,36.7966
767,9.4218
822,35.2254
768,9.4018
823,36.6718
769,8.4631
824,38.5228
770,9.0820
825,36.3535
771,8.2990
826,37.4481
772,8.0273
827,35.3419
773,7.9902
828,35.0968
774,8.5024
829,36.3280
775,8.4144
830,36.1321
776,8.5498
831,35.8476
777,8.8699
832,37.2456
778,8.4915
833,36.2886
779,8.3494
834,36.4124
780,8.6637
835,36.3751
781,8.1825
836,35.5539
782,8.9562
837,36.6057
783,9.8314
838,38.1394
784,8.6065
839,36.3684
785,7.8289
840,34.9526
786,8.8456
841,37.0727
787,8.1693
842,36.1044
788,8.3307
843,35.4943
789,7.9935
844,35.7707
790,7.9689
845,35.3673
791,11.5454
846,35.3206
792,12.3923
847,35.3943
793,11.5010
848,34.8960
794,11.3038
849,34.9921
795,11.4920
850,35.4963
796,12.0598
851,34.8546
797,12.7209
852,35.7947
798,12.1823
853,35.9319
799,12.0927
854,36.3743
800,11.9667
855,35.5670
801,12.9061
856,35.1669
802,12.8195
857,35.9498
803,12.3329
858,35.8921
804,12.2832
859,36.1680
805,12.0749
860,35.8667
806,11.7886
861,36.0150
807,12.4292
862,35.0397
808,12.1763
863,35.1634
809,12.8872
864,35.1552
810,12.9723
865,35.5543
811,10.3731
866,34.6244
812,9.5355
867,34.8272
813,9.7806
868,34.6444
814,9.4935
869,34.8199
815,8.2614
870,34.9883
816,10.4286
871,38.1017
817,12.5006
872,35.3332
818,11.0267
873,38.0065
819,12.4175
874,35.9497
820,9.3778
875,34.9099
821,11.4901
876,35.2605
822,10.6140
877,35.0501
823,10.1365
878,34.9317
824,9.0484
879,35.6025
825,8.9547
880,34.5727
826,8.5817
881,34.9454
827,8.3259
882,34.5661
828,8.1828
883,33.8291
829,8.3890
884,34.4276
830,8.3148
885,34.3607
831,8.2555
886,34.3055
887,35.0165
832,8.8264
888,35.1346
833,8.6992
889,35.0844
834,8.7024
890,35.0665
835,8.3992
891,34.7872
836,9.2914
892,35.6768
837,9.2526
893,36.1327
838,9.3220
894,35.3665
839,9.1915
895,35.3821
840,9.7193
896,35.2254
841,10.1309
897,36.1250
842,10.1092
898,35.6357
843,10.0022
899,35.4637
844,10.8855
900,35.8134
845,11.8925
901,35.2954
846,11.3025
902,34.4843
847,11.7682
903,35.5410
848,11.4087
904,35.3618
849,11.4866
905,35.3120
850,11.4264
906,35.4303
851,11.7816
907,34.6536
852,11.4459
908,35.4862
853,11.2921
909,35.2858
854,11.7614
910,34.7656
855,11.2527
911,35.0587
856,11.8254
912,35.5927
857,12.6436
913,34.2790
858,12.3564
914,34.8281
859,10.4103
915,35.6312
860,9.9950
916,34.0989
861,8.8726
917,35.1726
862,8.7912
918,34.8089
863,9.4395
919,34.5631
864,8.6351
920,37.0932
865,8.4584
921,34.3361
866,9.2167
922,34.3131
867,9.8632
923,36.8051
868,11.1714
924,34.9252
869,11.1663
925,34.9031
870,11.8715
926,35.3120
871,11.8284
927,34.8616
872,11.5947
928,35.2807
873,10.1724
929,34.8040
874,10.8640
930,34.6647
875,9.8527
931,34.2806
876,8.1092
932,34.4497
877,8.3967
933,34.3122
878,8.1952
934,33.8463
879,8.2482
935,34.2072
880,8.4378
936,34.3902
881,8.3283
937,36.1577
882,8.5068
938,34.5935
883,9.8403
939,34.5004
884,8.3966
940,36.1858
885,8.5538
941,34.6126
886,8.6743
942,34.0036
887,8.6255
943,34.4893
888,8.7886
944,34.7992
945,34.4574
889,8.8837
946,34.5549
890,9.4520
947,35.0396
891,9.0103
948,35.5446
892,9.5886
949,35.4511
893,10.1336
950,36.1482
894,9.2954
951,35.9202
895,10.1433
952,35.3402
896,10.0111
953,36.3139
897,9.7027
954,36.0246
898,9.3672
955,35.7321
899,8.7414
956,35.8890
900,8.5190
957,34.7500
901,8.3474
958,34.8170
902,8.7369
959,35.4380
903,8.5210
960,35.6531
904,8.7467
961,34.5466
905,8.7455
906,8.3130
962,37.9262
907,8.4813
963,34.0415
964,34.5483
908,8.7410
965,34.8284
909,8.9673
966,34.8660
910,11.1036
967,35.7804
911,10.0518
968,35.9167
912,9.9468
969,35.5316
913,9.9131
970,36.4099
914,9.7105
971,36.1427
915,10.0969
972,36.1730
916,10.1129
973,35.5591
917,9.7093
974,35.5394
918,9.7060
975,36.1569
919,10.0901
976,35.5094
920,10.0099
977,35.4498
921,10.1396
978,35.7992
922,12.1777
979,35.8626
923,12.0552
980,36.2423
924,12.0208
981,35.2418
925,12.1893
982,35.7943
926,12.5072
983,35.5736
927,11.9907
984,35.3886
928,11.5332
985,35.2188
929,11.5721
986,35.1490
930,11.7013
987,35.9866
931,11.3932
988,35.5342
932,11.8419
989,34.7607
933,12.2501
990,35.6619
934,11.4270
991,35.3788
935,10.1461
992,35.5233
936,11.6330
993,35.8326
937,12.4330
994,35.3495
938,12.2499
995,34.1294
939,11.7297
996,35.6373
940,11.8985
997,35.3915
941,12.2877
998,38.3173
942,11.5438
999,35.4126
943,11.9736
1000,35.0986
944,9.4162
1001,34.3635
945,9.1361
1002,35.3128
946,8.4371
1003,34.4157
947,8.6994
1004,34.8407
948,8.4786
1005,34.4866
949,8.8516
1006,34.2294
950,10.0325
1007,34.9633
951,9.1630
1008,34.0758
952,8.3456
1009,34.3338
953,8.6853
1010,34.5258
954,9.2642
1011,34.5952
955,8.2974
1012,34.0459
956,7.0771
1013,34.4456
957,7.1233
1014,34.1603
958,7.3421
1015,34.3531
959,8.4107
1016,34.4368
960,7.4266
1017,34.2167
961,7.0719
1018,34.5349
962,7.1549
1019,36.3493
963,7.1796
1020,34.5588
964,6.9991
1021,34.3451
965,6.9478
1022,34.3687
966,6.8770
1023,34.0356
967,7.0177
1024,34.5913
1025,33.7998
968,6.8593
1026,34.4835
969,8.0391
1027,34.5448
970,8.7976
1028,35.5535
971,9.1388
1029,35.3925
972,9.2259
1030,34.3615
973,9.0160
1031,34.9445
974,9.0957
1032,34.0793
975,8.7599
1033,34.7187
976,8.9838
1034,35.0341
977,9.1155
1035,34.7941
978,9.1396
1036,34.8860
979,8.3131
1037,35.4974
980,9.3880
1038,35.5271
981,10.1375
1039,36.1136
982,8.9876
1040,35.9993
983,9.0110
1041,35.4704
984,8.1089
1042,35.2030
985,9.6287
1043,36.2664
986,9.7137
1044,35.9931
987,9.8879
1045,35.2676
988,9.4953
1046,35.4449
989,9.7712
1047,35.3710
990,8.6999
1048,37.8589
991,8.8863
1049,35.9838
992,8.7552
1050,35.0402
993,9.2120
1051,35.2013
994,9.2542
1052,35.2402
995,9.1237
1053,35.1192
996,9.1792
1054,36.0411
997,9.1520
1055,35.8482
998,9.4212
1056,35.2888
999,9.6367
1057,35.8482
1000,8.8623
1058,35.1565
1001,10.3017
1059,35.8693
1002,10.0205
1060,35.5728
1003,9.9813
1061,35.6092
1004,10.1796
1062,36.1730
1005,9.6273
1063,36.3265
1006,9.9060
1064,35.9190
1007,9.5272
1065,36.1535
1008,9.4230
1066,35.6966
1009,10.0890
1067,35.7030
1010,10.1149
1068,35.2983
1011,9.8276
1069,35.4839
1012,10.3214
1070,36.0196
1013,10.0837
1071,35.7588
1014,10.4792
1072,34.6864
1015,9.6297
1073,35.0548
1016,10.8891
1074,35.7576
1017,10.5777
1075,35.6970
1018,10.2551
1076,38.2648
1019,10.4534
1077,36.0176
1020,9.9927
1078,36.1678
1021,9.4976
1079,35.5449
1022,9.6039
1080,35.7661
1023,9.0072
1081,35.4270
1024,9.2470
1082,35.2268
1025,8.8841
1083,36.0349
1026,9.0733
1084,38.6622
1027,9.4738
1085,35.3888
1028,9.8873
1086,36.7400
1029,9.4121
1087,36.2036
1030,9.0322
1088,35.0765
1031,9.1626
1089,37.0787
1032,9.3062
1090,35.4935
1033,9.1474
1091,36.4063
1034,9.0458
1092,36.5122
1035,9.3332
1093,35.4375
1036,8.0826
1094,35.2903
1037,9.3992
1095,36.6861
1038,8.3698
1096,35.8551
1039,9.2978
1097,35.9535
1040,8.6587
1098,36.0214
1041,7.3985
1099,35.0222
1042,8.0812
1100,35.3343
1043,8.7944
1101,35.6227
1044,7.7283
1102,35.1058
1045,7.6726
1103,34.8319
1046,9.2973
1104,34.8720
1047,9.6855
1105,36.7178
1048,9.1396
1106,36.0325
1049,9.2824
1107,35.0817
1050,8.8910
1108,36.0601
1051,9.2319
1109,35.5425
1052,8.3021
1110,35.6609
1053,9.0001
1111,34.6953
1054,9.5487
1112,36.2873
1055,9.8778
1113,36.0563
1056,11.0437
1114,36.1887
1057,9.9657
1115,36.7892
1058,10.0039
1116,36.0596
1059,9.2010
1117,37.8560
1060,7.9399
1118,37.2595
1061,7.4173
1119,35.9469
1062,7.6777
1120,35.6971
1063,7.6954
1121,35.2167
1064,8.4229
1122,35.5286
1065,9.4507
1123,35.9323
1066,9.1076
1124,34.6173
1067,8.6940
1125,35.1662
1068,9.3497
1126,36.1585
1069,8.9538
1127,35.0554
1070,9.3142
1128,35.6861
1071,8.1401
1129,35.2975
1072,8.2477
1130,35.7358
1073,8.6029
1131,35.6395
1074,9.1442
1132,36.0004
1075,8.3525
1133,36.0178
1076,8.9420
1134,35.9075
1077,8.1266
1135,35.4431
1078,8.9936
1136,35.5626
1079,9.0252
1137,35.3635
1080,9.1124
1138,35.8511
1081,9.5396
1139,35.3191
1082,9.4169
1140,36.0128
1083,9.7486
1141,36.3462
1084,9.7845
1142,35.6977
1085,9.8098
1143,36.5747
1086,9.7518
1144,36.4080
1087,9.3960
1145,35.8000
1088,8.9814
1146,35.7918
1089,9.2653
1147,36.3719
1090,8.8394
1148,35.6961
1091,9.1553
1149,34.8572
1092,8.9891
1150,35.2274
1093,9.1129
1151,35.3149
1094,8.9344
1152,36.3265
1095,8.8661
1153,35.4907
1096,8.8033
1154,35.5075
1097,9.3461
1155,35.5471
1098,8.8141
1156,34.7691
1099,9.2284
1157,35.9501
1100,9.1476
1158,35.9357
1101,8.9992
1159,35.8123
1102,9.6172
1160,36.5264
1103,9.7780
1161,36.1296
1104,10.0181
1162,35.9310
1105,9.9781
1163,36.2866
1106,9.4594
1164,35.0987
1107,9.3104
1165,36.2879
1108,9.6987
1166,36.7621
1109,9.8063
1167,35.7249
1110,9.7633
1168,35.8038
1111,9.7650
1169,35.2572
1112,9.3163
1170,36.0645
1113,8.9454
1171,35.4982
1114,8.9789
1172,35.3221
1115,9.2985
1173,35.3894
1116,9.2250
1174,35.8279
1117,8.7142
1175,34.9227
1118,9.1871
1176,36.0670
1119,9.0686
1177,36.1774
1120,9.4320
1178,36.2284
1121,8.9249
1179,35.9732
1122,8.9491
1180,35.1591
1123,8.9431
1181,36.3725
1124,9.6301
1182,36.1533
1125,10.0304
1183,35.2036
1126,9.7422
1184,35.7981
1127,10.2549
1185,36.1342
1128,9.5227
1186,35.8448
1129,9.9568
1187,36.7614
1130,10.0483
1188,37.3369
1131,9.6386
1189,35.7492
1132,9.4615
1190,36.0402
1133,9.5355
1191,38.0521
1134,9.3651
1192,36.4224
1135,9.2377
1193,34.8901
1136,9.2182
1194,35.6724
1137,9.9310
1195,36.2769
1138,9.9580
1196,35.8681
1139,10.0624
1197,35.7245
1140,9.8190
1198,36.3338
1141,9.7846
1199,36.2861
1142,10.0728
1200,35.7938
1143,10.2994
1201,37.1083
1144,9.9422
1202,36.2959
1145,10.0038
1203,36.0675
1146,9.3734
1204,35.7721
1147,9.4993
1205,36.2340
1148,10.0845
1206,35.7799
1149,9.4744
1207,36.0045
1150,9.1243
1208,36.0313
1151,9.5503
1209,36.2963
1152,8.5897
1210,35.2259
1153,8.8807
1211,36.2088
1154,9.3564
1212,36.3462
1155,8.8212
1213,35.4042
1156,11.0910
1214,36.5724
1157,9.2964
1215,36.2361
1158,9.4146
1216,36.4615
1159,9.1775
1217,36.7507
1160,8.8879
1218,35.8487
1161,8.9560
1219,35.4522
1162,8.8923
1220,35.7828
1163,9.6502
1221,36.0546
1164,9.7939
1222,35.5365
1165,9.7257
1223,36.2515
1166,9.8302
1224,35.2889
1167,10.3892
1225,35.2622
1168,10.3503
1226,35.9730
1169,10.3731
1227,35.9036
1170,10.1088
1228,35.0071
1171,9.6025
1229,35.8239
1172,10.6755
1230,35.7356
1173,10.3668
1231,35.7880
1174,10.8881
1232,35.9752
1175,10.9647
1233,35.4248
1176,10.0701
1234,35.1168
1177,9.2111
1235,34.0884
1178,8.1626
1236,34.5996
1179,7.3088
1237,35.3551
1180,8.7576
1238,35.7278
1181,8.6191
1239,34.9142
1182,9.2731
1240,35.1930
1183,11.6490
1241,35.1314
1184,10.7152
1242,35.5098
1185,7.9537
1243,35.2992
1186,7.8794
1244,35.1111
1187,7.0376
1245,35.0277
1188,7.2223
1246,34.5591
1189,7.3221
1247,34.4166
1190,7.1791
1248,34.9305
1191,7.2312
1249,34.2688
1192,7.3051
1250,34.2589
1193,6.8157
1251,34.5694
1194,7.0314
1252,34.0233
1195,7.1758
1253,34.6494
1254,34.1142
1196,7.4885
1255,35.2825
1197,7.3732
1256,35.0055
1198,8.3420
1257,35.5695
1199,8.4410
1258,35.4196
1200,8.3163
1259,35.0511
1201,8.0471
1260,35.6279
1202,8.7884
1261,35.6296
1203,9.3841
1262,35.1870
1204,9.0290
1263,36.2602
1205,7.9530
1264,35.2564
1206,8.1828
1265,34.6987
1207,8.9986
1266,36.9996
1208,9.3490
1267,35.9422
1209,8.2992
1268,34.2044
1210,8.8682
1269,36.3762
1211,8.5364
1270,35.1549
1212,8.2080
1271,35.3508
1213,7.9059
1272,35.2210
1214,8.0459
1273,35.3125
1215,8.7318
1274,35.9113
1216,9.0438
1275,36.7398
1217,8.5541
1276,35.6132
1218,8.3009
1277,38.4351
1219,7.5340
1278,35.0596
1220,7.2959
1279,35.1144
1221,8.4112
1280,35.5791
1222,8.6344
1281,35.3379
1223,8.4395
1282,35.9006
1224,8.4894
1283,35.9987
1225,8.7757
1284,36.5998
1226,8.7956
1285,36.0916
1227,9.3717
1286,36.8787
1228,9.2001
1287,36.5280
1229,8.0183
1288,35.7258
1230,8.9831
1289,36.6168
1231,9.4268
1290,36.6852
1232,10.1266
1291,36.6338
1233,8.6333
1292,36.2552
1234,8.8973
1293,36.7590
1235,8.6907
1294,36.4205
1236,8.4386
1295,35.9088
1237,7.9928
1296,35.3680
1238,8.1064
1297,35.8162
1239,7.5581
1298,34.5791
1240,8.4070
1299,35.6383
1241,7.8771
1300,34.9748
1242,7.0084
1301,35.6137
1243,7.7562
1302,35.0593
1244,7.0334
1303,34.4267
1245,9.3290
1304,35.5099
1246,8.7329
1305,34.8861
1247,9.1255
1306,35.7591
1248,8.9906
1307,36.1860
1249,8.9038
1308,35.6680
1250,9.1180
1309,34.7767
1251,9.0492
1310,35.0080
1252,8.9144
1311,35.5199
1253,8.9734
1312,36.5225
1254,9.4768
1313,36.3586
1255,9.1711
1314,36.6666
1256,9.1144
1315,36.0900
1257,8.9489
1316,35.7013
1258,9.3680
1317,36.8848
1259,8.9873
1318,36.2935
1260,9.0930
1319,36.2769
1261,9.7073
1320,36.3968
1262,8.7699
1321,36.3129
1263,9.6606
1322,36.8116
1264,10.2831
1323,35.9594
1265,10.3494
1324,36.3966
1266,9.7223
1325,36.8088
1267,9.9534
1326,36.3213
1268,9.2139
1327,35.6796
1269,9.7793
1328,36.7081
1270,8.8317
1329,35.0941
1271,9.6001
1330,36.1886
1272,8.7303
1331,35.4699
1273,9.5183
1332,36.5480
1274,9.0254
1333,35.6229
1275,8.1880
1334,35.3012
1276,9.7211
1335,36.9076
1277,8.7720
1336,35.8197
1278,9.5062
1337,35.7999
1279,8.8946
1338,36.7493
1280,8.8391
1339,34.9633
1281,9.1585
1340,35.0893
1282,9.1960
1341,35.4392
1283,9.5265
1342,35.3860
1284,9.4880
1343,36.4023
1285,9.5288
1344,36.8146
1286,9.6716
1345,36.1432
1287,8.5290
1346,35.6857
1288,9.9983
1347,36.2787
1289,9.9182
1348,35.8740
1290,9.6729
1349,36.1621
1291,10.0619
1350,36.2424
1292,10.0059
1351,36.2689
1293,9.8010
1352,37.2445
1294,9.6997
1353,35.9869
1295,10.1412
1354,37.2046
1296,10.0180
1355,37.7785
1297,9.6350
1356,36.8706
1298,9.9086
1357,36.4123
1299,9.6292
1358,35.9831
1300,9.6099
1359,36.1521
1301,9.8210
1360,36.5900
1302,9.7527
1361,35.9825
1303,9.4136
1362,36.5649
1304,10.3482
1363,36.1337
1305,9.8572
1364,36.4310
1306,9.0711
1365,36.5497
1307,9.2158
1366,35.3860
1308,9.2835
1367,35.3895
1309,8.9813
1368,35.1035
1310,8.5099
1369,35.6963
1311,9.1693
1370,34.9163
1312,8.9418
1371,35.2588
1313,9.1853
1372,35.1740
1314,9.1264
1373,35.4937
1315,9.2551
1374,36.0914
1316,9.2997
1375,38.3601
1317,8.6685
1376,35.6452
1318,10.3975
1377,36.4490
1319,8.5733
1378,35.9461
1320,10.0007
1379,36.2431
1321,9.8693
1380,35.6248
1322,9.8779
1381,36.7107
1323,9.5522
1382,36.5312
1324,9.7869
1383,36.8102
1325,9.8637
1384,35.6198
1326,9.8950
1385,35.9024
1327,9.8294
1386,36.4584
1328,9.7343
1387,36.2408
1329,10.8541
1388,36.6914
1330,9.9190
1389,36.0339
1331,8.6894
1390,39.0759
1332,9.6483
1391,37.1014
1333,8.9001
1392,35.8753
1334,9.0523
1393,35.0349
1335,9.0870
1394,34.7281
1336,9.3016
1395,35.0548
1337,9.3925
1396,35.8744
1338,9.5876
1397,35.7463
1339,8.3742
1398,34.9191
1340,8.9255
1399,35.5834
1341,9.0893
1400,35.5196
1342,9.0939
1401,34.9455
1343,9.2002
1402,35.7136
1344,9.6395
1403,35.9941
1345,9.5996
1404,35.9793
1346,8.4650
1405,36.2693
1347,9.4465
1406,36.1384
1348,9.4254
1407,35.9122
1349,9.8739
1408,36.2797
1350,9.7416
1409,36.5626
1351,9.2219
1410,36.4694
1352,9.6295
1411,36.1094
1353,10.2535
1412,35.3387
1354,9.7235
1413,34.9553
1355,9.7796
1414,34.9160
1356,11.1947
1415,34.7454
1357,10.3404
1416,35.4343
1358,11.4085
1417,36.0310
1359,11.0218
1418,35.6193
1360,10.5470
1419,35.7417
1361,10.9488
1420,35.5635
1362,10.4685
1421,35.6349
1363,8.9657
1422,34.9799
1364,9.0841
1423,35.1972
1365,7.1291
1424,34.6833
1366,7.0806
1425,35.4474
1367,7.2487
1426,34.5336
1368,6.7357
1427,35.1111
1369,6.9924
1428,34.8631
1370,7.2155
1429,34.0128
1371,7.3961
1430,34.7632
1372,7.4738
1431,34.6606
1373,6.9990
1432,34.8307
1374,7.0530
1433,35.7392
1375,7.1201
1434,34.4288
1376,7.3479
1435,34.3971
1377,6.9314
1436,34.7896
1378,7.1361
1437,34.1128
1379,6.9310
1438,34.4856
1380,7.2738
1439,34.8809
1381,7.1768
1440,34.1965
1382,7.3494
1441,34.4611
1442,33.8645
1383,7.0873
1443,35.1282
1384,8.1245
1444,35.4458
1385,9.3010
1445,35.6701
1386,9.3723
1446,34.5817
1387,8.5938
1447,34.4195
1388,8.4251
1448,33.4851
1389,8.1726
1449,34.1116
1390,8.3130
1450,34.5238
1391,8.3264
1451,34.6745
1392,9.3413
1452,34.4000
1393,8.0446
1453,33.5985
1394,6.7733
1454,34.8191
1395,6.7109
1455,34.3937
1396,6.7468
1456,33.7847
1397,6.7858
1457,34.2767
1398,6.7926
1458,34.5122
1399,6.6745
1459,33.9375
1400,6.8989
1460,34.0900
1401,6.4988
1461,34.6402
1402,6.5973
1462,33.7758
1403,6.6718
1463,34.2672
1404,6.7784
1464,33.9019
1405,6.6552
1465,34.7339
1406,6.8383
1466,33.8814
1407,6.8109
1467,34.6086
1468,34.2110
1408,7.0803
1409,6.8044
1469,34.8516
1470,34.2036
1410,6.8634
1471,34.2812
1411,6.7318
1472,35.0728
1412,6.8182
1473,34.0366
1413,6.8202
1414,6.8128
1474,35.3850
1475,34.1921
1415,7.0761
1416,6.8622
1476,35.3536
1477,34.1426
1417,7.1212
1418,6.8483
1478,35.4098
1419,6.6876
1479,34.1888
1480,34.0122
1420,6.8961
1481,34.4740
1421,7.0706
1482,34.8425
1422,6.9335
1483,34.6130
1423,6.9631
1484,34.5869
1424,6.7989
1425,6.7835
1485,35.3003
1486,34.1948
1426,7.0982
1487,34.6177
1427,6.8248
1488,34.9245
1428,7.1435
1489,34.6184
1429,8.2810
1430,6.8137
1490,35.9533
1491,34.2982
1431,7.0698
1492,34.5095
1432,7.0628
1493,34.6545
1433,6.9905
1494,35.0480
1434,6.9244
1495,34.4525
1435,6.9351
1436,6.8215
1496,35.6671
1437,6.7130
1497,34.7059
1498,33.9749
1438,7.0369
1439,6.8325
1499,35.4077
1500,34.4288
1440,7.0214
1501,34.8585
1441,6.8177
1442,6.7432
1502,35.2003
1503,34.4803
1443,6.9905
1444,7.0434
1504,36.6436
1505,34.5375
1445,7.0684
1506,34.6785
1446,6.8300
1447,6.6894
1507,35.1844
1508,33.5303
1448,6.8213
1509,34.8379
1449,7.0763
1450,6.8956
1510,34.4963
1511,34.2547
1451,6.7876
1512,34.0958
1452,6.9241
1513,34.3675
1453,6.8347
1514,34.9953
1454,6.8160
1515,34.4230
1455,6.8854
1516,35.6489
1456,8.3956
1517,35.3179
1457,7.2049
1518,35.3065
1458,6.8535
1519,34.8636
1459,6.9031
1520,34.3698
1460,7.2233
1461,6.8109
1521,35.9121
1462,6.7339
1522,34.3172
1523,33.9178
1463,6.8158
1524,34.7257
1464,6.7242
1465,6.9168
1525,34.4183
1526,34.6233
1466,6.7150
1467,6.7053
1527,34.9249
1468,6.7492
1528,34.6680
1529,34.3605
1469,6.7672
1530,34.5662
1470,6.9685
1531,34.9398
1471,6.9253
1532,34.3039
1472,7.1231
1533,34.9735
1473,6.8501
1534,34.4403
1474,7.0168
1475,6.9786
1535,34.9430
1536,34.7522
1476,6.8343
1537,34.4680
1477,6.7165
1538,34.2347
1478,7.1235
1539,35.4246
1479,7.0198
1540,34.2556
1480,6.8384
1541,33.8625
1481,7.0257
1542,34.3073
1482,6.9671
1543,34.6787
1483,7.0807
1544,34.9207
1484,6.8581
1545,34.5880
1485,6.9183
1486,6.7753
1546,34.2661
1547,34.2336
1487,6.8109
1548,35.0579
1488,6.8277
1549,34.4436
1489,6.9161
1550,34.8993
1490,7.1195
1491,6.7742
1551,35.1671
1552,34.3333
1492,6.8374
1553,34.3399
1493,6.9400
1494,6.7570
1554,34.6211
1555,33.8653
1495,7.0368
1496,6.7541
1556,35.0740
1557,34.1884
1497,6.8964
1558,34.1919
1498,6.7932
1559,35.1660
1499,7.1815
1500,6.7661
1560,38.0700
1561,34.4020
1501,6.8108
1562,34.9237
1502,6.6834
1563,34.8620
1503,6.8687
1564,34.9470
1504,6.8090
1565,34.9884
1505,8.2740
1566,35.4265
1506,6.8290
1567,34.4528
1507,6.9279
1568,34.8725
1508,6.7731
1569,34.7554
1509,7.0972
1510,6.6831
1570,35.4618
1571,33.8739
1511,6.7240
1572,34.5764
1512,6.9016
1573,35.0383
1513,6.7550
1514,6.8102
1574,35.0327
1575,33.9349
1515,6.9253
1576,34.9085
1516,6.9332
1577,34.4779
1517,6.8194
1578,33.9045
1518,6.9957
1519,6.7394
1579,35.3008
1580,34.0448
1520,6.7221
1521,6.6124
1581,35.0286
1582,34.2156
1522,6.6796
1583,34.2066
1523,6.9342
1524,6.7405
1584,35.5880
1585,34.4627
1525,6.7398
1586,34.2827
1526,6.9700
1587,35.5376
1527,6.8010
1588,34.6746
1528,6.8704
1589,34.8491
1529,6.7895
1530,6.6930
1590,34.9605
1591,33.9658
1531,6.8074
1532,6.6024
1592,35.5440
1593,33.8270
1533,6.9327
1534,6.5860
1594,35.4658
1535,6.6741
1595,34.4495
1596,33.5389
1536,6.7493
1537,6.7562
1597,35.0420
1598,34.1959
1538,7.0559
1539,6.7346
1599,35.4493
1540,6.6977
1600,34.5027
1541,6.8331
1601,34.5107
1602,33.9288
1542,7.0729
1543,6.7818
1603,35.5110
1604,33.8381
1544,6.8391
1545,6.5541
1605,35.7104
1546,6.5615
1606,34.1850
1607,33.8471
1547,8.3777
1608,34.7821
1548,7.8537
1609,34.5335
1549,7.1275
1610,33.9075
1550,7.1793
1611,33.8318
1551,7.3402
1612,33.5948
1552,7.2285
1613,34.0594
1553,7.1908
1614,33.5910
1554,7.3819
1615,33.9288
1555,7.2572
1616,33.8026
1556,7.2455
1617,34.3622
1557,7.5578
1618,34.0904
1558,7.1482
1559,7.2012
1619,33.8395
1620,33.3564
1560,7.5903
1621,34.3405
1561,7.1392
1622,33.6000
1562,7.3139
1623,33.8122
1563,7.7429
1624,34.5370
1564,7.2039
1625,33.8846
1565,7.5108
1626,33.4367
1566,7.5559
1627,34.4780
1567,7.2950
1628,33.2389
1568,7.0962
1629,36.0709
1569,7.1644
1630,33.6027
1570,7.1080
1631,33.7525
1571,7.2618
1632,34.2795
1572,7.1584
1633,33.7406
1573,7.0527
1634,33.3616
1574,7.1859
1635,34.4485
1575,7.1810
1636,33.6090
1576,7.1194
1637,33.7311
1577,7.1410
1638,34.3227
1578,7.1400
1639,34.0246
1579,7.0848
1640,33.9481
1580,7.2141
1641,34.5663
1581,7.1364
1642,33.8618
1582,7.1350
1643,33.5648
1583,7.1690
1644,34.5590
1584,7.0884
1645,34.1539
1585,7.4553
1646,34.0788
1586,7.2801
1647,33.5274
1587,7.0790
1648,33.6451
1588,7.4537
1649,34.0387
1589,7.3235
1650,33.2327
1590,7.3683
1591,7.2049
1651,34.2275
1652,33.5096
1592,7.3210
1653,33.2150
1593,7.4055
1654,34.9396
1594,7.1751
1655,33.3333
1595,7.0810
1656,33.8748
1596,7.4771
1657,33.9382
1597,7.3784
1598,6.9348
1658,33.6838
1659,33.2404
1599,7.4856
1660,34.2814
1600,7.5347
1661,34.3053
1601,7.1011
1662,33.4851
1602,8.4834
1663,34.9752
1603,7.1550
1604,7.2242
1664,34.0724
1665,33.4444
1605,7.4859
1606,6.9928
1666,34.2658
1667,32.6884
1607,7.4596
1668,33.8242
1608,7.2820
1669,33.9375
1609,7.1115
1670,33.1839
1610,7.6211
1671,34.1201
1611,7.2383
1672,33.8702
1612,7.0737
1673,33.5347
1613,7.1936
1674,33.5559
1614,7.3696
1675,34.3891
1615,7.4867
1676,34.3467
1616,7.6992
1617,7.0215
1677,33.9884
1678,33.6296
1618,7.6699
1619,6.9479
1679,34.6273
1680,33.3656
1620,7.2170
1681,33.6491
1621,7.2045
1682,34.0639
1622,6.9838
1683,33.1630
1623,7.5404
1684,34.2650
1624,7.0916
1685,33.6295
1625,7.1150
1626,7.0777
1686,33.4493
1687,33.1800
1627,7.8127
1688,34.5690
1628,7.4537
1629,7.1485
1689,34.1472
1690,33.8024
1630,7.5490
1631,7.2072
1691,34.1673
1692,33.7228
1632,7.1685
1693,34.0515
1633,7.0288
1694,33.9710
1634,7.5909
1695,34.5533
1635,7.5099
1636,7.1275
1696,34.2042
1697,33.4345
1637,7.6561
1698,35.1868
1638,7.3149
1699,33.5205
1639,7.2885
1700,33.9895
1640,7.4955
1701,34.2826
1641,7.0359
1702,33.0436
1642,7.2168
1703,33.4771
1643,7.3941
1644,7.1285
1704,34.4088
1705,33.3290
1645,7.2101
1706,34.3113
1646,7.5656
1647,7.1883
1707,34.0886
1708,33.2576
1648,7.7096
1709,34.2338
1649,7.3633
1710,33.5317
1650,7.5171
1711,33.7152
1651,7.7956
1712,34.8564
1652,7.2767
1713,33.0135
1653,7.2637
1654,7.0955
1714,33.9322
1715,32.6197
1655,7.5240
1716,33.7792
1656,7.6620
1657,7.1360
1717,33.9436
1718,32.7191
1658,7.1266
1719,33.3898
1659,7.6222
1720,34.4324
1660,9.3629
1721,34.1995
1661,9.3487
1722,33.7128
1662,9.3763
1663,9.1719
1723,34.4522
1724,33.4586
1664,9.2029
1725,33.9038
1665,8.9552
1726,32.7814
1666,9.5036
1727,34.5456
1667,9.4897
1728,33.8234
1668,8.9475
1669,8.6319
1729,33.8167
1730,33.4596
1670,9.1927
1731,33.4334
1671,9.1107
1732,33.4879
1672,9.3687
1733,33.4945
1673,9.5311
1734,34.1261
1674,8.7965
1735,33.5687
1675,8.4284
1736,33.5957
1676,8.8063
1737,32.7501
1677,9.3436
1738,33.7316
1678,9.1015
1739,33.2042
1679,8.9210
1740,34.1398
1680,9.3866
1741,33.4768
1681,9.1112
1742,33.4722
1682,9.4769
1743,33.2607
1683,9.3343
1744,33.7071
1684,9.3282
1745,33.5755
1685,8.6582
1746,32.8809
1686,8.8312
1747,34.2652
1687,9.4283
1748,34.1370
1688,9.4395
1749,33.3157
1689,9.4446
1750,33.2212
1690,9.3232
1751,33.7830
1691,9.1547
1752,33.7003
1692,9.2196
1693,8.9558
1753,33.4724
1754,32.8821
1694,9.2491
1695,8.9563
1755,34.2542
1756,32.9269
1696,9.1717
1757,34.0793
1697,9.3579
1758,33.9973
1698,9.3485
1759,33.1816
1699,9.1020
1760,33.5482
1700,9.2912
1761,33.4169
1701,9.4664
1762,34.0858
1702,11.0406
1703,8.9603
1763,34.5458
1764,33.2903
1704,9.9134
1765,34.0701
1705,9.5533
1766,33.7408
1706,9.2538
1767,33.8918
1707,9.1568
1768,33.7209
1708,9.0162
1769,34.5389
1709,8.9064
1710,9.0453
1770,33.6672
1771,33.0580
1711,9.1402
1772,33.8831
1712,9.0842
1773,34.0567
1713,9.2946
1774,33.5121
1714,9.2867
1775,33.9539
1715,9.1611
1776,33.9170
1716,8.5589
1777,33.8408
1717,9.1376
1778,33.7728
1718,9.2932
1779,33.6479
1719,9.5523
1780,33.8333
1720,9.3823
1781,32.6106
1721,9.0831
1782,33.4959
1722,9.7105
1723,8.3933
1783,34.1504
1784,33.4277
1724,8.2837
1725,7.0056
1785,33.2840
1786,33.1944
1726,7.0467
1787,33.5072
1727,7.0283
1788,33.2853
1728,7.3954
1789,34.0058
1729,8.5505
1730,7.5557
1790,34.4857
1791,33.7048
1731,7.3208
1792,33.6158
1732,7.4249
1793,34.1007
1733,7.2611
1794,33.8243
1734,6.9881
1795,33.2207
1735,7.0273
1796,33.6164
1736,6.9553
1797,33.7702
1737,7.2637
1798,33.8512
1738,7.0635
1799,34.2292
1739,6.9162
1800,33.8000
1740,7.3449
1801,34.1353
1741,7.0298
1802,33.5943
1742,7.0368
1803,33.7486
1743,7.0559
1804,33.7743
1744,6.9782
1805,33.6730
1745,6.9441
1806,34.2306
1746,6.9361
1807,33.0985
1747,6.8540
1808,33.2002
1748,6.9739
1809,33.6177
1749,6.9154
1810,33.8428
1750,6.9318
1811,33.0031
1751,6.8637
1812,33.8111
1752,6.9653
1753,6.7325
1813,33.6522
1814,32.2160
1754,7.4138
1815,34.2667
1755,7.1274
1756,6.9882
1816,33.6456
1817,33.4728
1757,6.9896
1818,33.5155
1758,6.9843
1819,33.4777
1759,6.9371
1820,33.5644
1760,6.9576
1821,33.8542
1761,7.0874
1822,33.0471
1762,7.2138
1763,6.9548
1823,34.3614
1824,33.2115
1764,6.8625
1825,33.3103
1765,7.0084
1826,33.6332
1766,7.4113
1827,33.6191
1767,7.0717
1828,33.1614
1768,7.1091
1829,33.7744
1769,7.1524
1830,33.2619
1770,7.2561
1831,33.6602
1771,7.3349
1832,33.9347
1772,7.0271
1833,33.4725
1773,7.0186
1834,34.1626
1774,7.0503
1835,33.4760
1775,9.3613
1836,36.1408
1776,9.4134
1837,33.7639
1777,9.2826
1778,9.3909
1838,37.0985
1839,33.3602
1779,9.7251
1840,34.8582
1780,9.6450
1841,33.9783
1781,9.5574
1842,34.3663
1782,9.2861
1843,34.0131
1783,9.4248
1844,34.1363
1784,9.5386
1785,9.3904
1845,34.9869
1846,33.4894
1786,9.4639
1847,33.8544
1787,9.6140
1848,33.6561
1788,9.2763
1849,34.2531
1789,9.5005
1850,33.6783
1790,9.7031
1791,9.3751
1851,34.9967
1852,33.5811
1792,9.6667
1853,36.1189
1793,9.6117
1854,33.6342
1794,9.2225
1855,34.5357
1795,9.4781
1856,34.3455
1796,9.2615
1797,9.2927
1857,35.6362
1858,32.9866
1798,9.4619
1859,35.7314
1799,9.1893
1860,34.4371
1800,9.2084
1861,34.2816
1801,9.4052
1862,33.5824
1802,9.3383
1863,34.1135
1803,9.3147
1864,34.3575
1804,9.2828
1865,34.1071
1805,9.4373
1866,34.0258
1806,9.4330
1867,34.4462
1807,9.5631
1868,34.2829
1808,9.3734
1869,34.0098
1809,9.5703
1870,34.1823
1810,9.2781
1871,34.1648
1811,9.3859
1872,33.8130
1812,9.6162
1873,36.7272
1813,9.2744
1874,34.1134
1814,9.2283
1875,34.0214
1815,9.1883
1816,9.1720
1876,36.5953
1877,33.6229
1817,9.7542
1878,35.1695
1818,9.4315
1819,9.4287
1879,36.1725
1880,33.4745
1820,9.6090
1881,33.6194
1821,9.1891
1882,33.6684
1822,9.6780
1883,34.5574
1823,9.1010
1884,33.9416
1824,9.3975
1825,9.3775
1885,36.0838
1886,33.7252
1826,9.5241
1887,33.8300
1827,9.2938
1888,34.4353
1828,9.1218
1889,33.8720
1829,9.4819
1830,9.3067
1890,36.9687
1891,33.4186
1831,9.2168
1892,34.5654
1832,9.3693
1893,33.9843
1833,9.2780
1894,33.8774
1834,9.2023
1895,34.2968
1835,9.1017
1896,33.9807
1836,9.3928
1837,9.2029
1897,36.4007
1898,34.6309
1838,9.2521
1899,34.2682
1839,9.3198
1900,33.9455
1840,9.2258
1841,9.2884
1901,36.7109
1902,33.7451
1842,9.6138
1903,35.1731
1843,9.3624
1904,33.8189
1844,9.2184
1905,33.5652
1845,9.1061
1906,34.1885
1846,9.1894
1907,34.1387
1847,9.0144
1908,34.0205
1848,9.1876
1909,36.2335
1849,9.1981
1910,33.7664
1850,9.4706
1911,34.7889
1851,9.0376
1912,33.6705
1852,9.2892
1913,33.8476
1853,9.4157
1914,34.2113
1854,9.1284
1915,34.2886
1855,9.1481
1916,34.3113
1856,9.0952
1917,35.0411
1857,9.2263
1918,34.2846
1858,9.1119
1919,34.1707
1859,9.1099
1920,33.8167
1860,9.1726
1861,9.1965
1921,34.6859
1922,33.3776
1862,9.1697
1923,36.3067
1863,9.2286
1924,33.4653
1864,9.2628
1925,33.6997
1865,9.1070
1926,36.3666
1866,9.1650
1927,34.3484
1867,9.2238
1928,36.2140
1868,9.3769
1929,35.9856
1869,9.7427
1930,35.3578
1870,9.2787
1931,34.4416
1871,9.2448
1932,35.1512
1872,9.1098
1933,34.5326
1873,9.1288
1934,34.3474
1874,9.2141
1935,34.9551
1875,9.1407
1936,33.7819
1876,9.6293
1937,36.4855
1877,9.2774
1878,9.2216
1938,40.4369
1939,33.5713
1879,9.0517
1940,33.7811
1880,9.0807
1941,34.5935
1881,9.0768
1942,34.3738
1882,9.2229
1943,34.1150
1883,9.2390
1944,34.5637
1884,9.1784
1945,36.1210
1885,9.0993
1946,34.4534
1886,9.1406
1947,33.9290
1887,9.2508
1948,34.5424
1888,9.0000
1949,33.9811
1889,9.6007
1950,34.8226
1890,9.7359
1951,34.0332
1891,9.6873
1952,34.8002
1892,9.3449
1953,33.6691
1893,9.4840
1954,33.8848
1894,9.1240
1955,33.9058
1895,9.2304
1956,34.9447
1896,9.0847
1957,34.2629
1897,9.1761
1958,35.3936
1898,9.3097
1959,33.9278
1899,9.0486
1960,34.1271
1900,8.9981
1961,34.1660
1901,9.0993
1962,33.7969
1902,9.3649
1963,35.0608
1903,9.0159
1964,34.5211
1904,9.1277
1965,34.0884
1905,9.3711
1906,9.1799
1966,37.5003
1967,33.4776
1907,9.2379
1968,34.3271
1908,9.5878
1969,34.6622
1909,9.0637
1970,34.2039
1910,9.1187
1971,34.6480
1911,8.9577
1972,34.3914
1912,9.2932
1973,34.2471
1913,9.1063
1974,34.2421
1914,9.4206
1975,34.9457
1915,9.1996
1976,35.0114
1916,9.2270
1977,34.1799
1917,9.1444
1978,34.1909
1918,9.2535
1979,34.5387
1919,9.5471
1980,34.9731
1920,9.1045
1981,35.7710
1921,9.2061
1982,33.9040
1922,9.2402
1983,34.2842
1923,9.1948
1984,34.8711
1924,9.1898
1985,33.9488
1925,8.9993
1986,33.8673
1926,9.5025
1987,34.9998
1927,9.0951
1988,33.5101
1928,8.9179
1989,34.4500
1929,9.3080
1990,34.5489
1930,9.0652
1991,34.0842
1931,9.5826
1992,35.6516
1932,9.1193
1993,33.9171
1933,8.9854
1994,34.2800
1934,9.9132
1995,34.9667
1935,9.1664
1996,33.7016
1936,9.0637
1997,34.1030
1937,9.2412
1998,36.7428
1938,9.2842
1999,33.8314
1939,9.3057
2000,34.1541
1940,8.9903
2001,34.5165
1941,9.1401
2002,36.9165
1942,9.2432
2003,34.1469
1943,9.1494
2004,34.7985
1944,9.0920
2005,33.7281
1945,9.3865
2006,34.2985
1946,9.1411
2007,33.9113
1947,9.0867
2008,34.5368
1948,9.4191
2009,34.5760
1949,9.1572
2010,34.2041
1950,9.4816
2011,34.9745
1951,9.2245
2012,34.5256
1952,9.1418
2013,34.5024
1953,9.4919
2014,34.4568
1954,9.1541
2015,33.9751
1955,9.5732
1956,9.1641
2016,37.1203
2017,33.5091
1957,9.1013
2018,34.5613
1958,9.1627
2019,34.0601
1959,9.1311
2020,34.2550
1960,9.2620
2021,33.9820
1961,9.4694
2022,34.6745
1962,9.1648
2023,33.7152
1963,9.2456
2024,34.2589
1964,9.0557
2025,34.1573
1965,9.4901
2026,34.5680
1966,9.1759
2027,33.6575
1967,9.1695
2028,34.6439
1968,9.3347
2029,34.2749
1969,10.9894
1970,9.0970
2030,34.3716
2031,33.7020
1971,11.7290
2032,34.7671
1972,9.1237
2033,33.7571
1973,9.5651
2034,34.4246
1974,9.0953
2035,34.6317
1975,9.0068
2036,33.9409
1976,8.9583
2037,33.2821
1977,9.2078
1978,8.9495
2038,34.6352
2039,33.7966
1979,9.2877
2040,35.3143
1980,9.0983
2041,34.0394
1981,9.4425
2042,34.3397
1982,9.0288
2043,34.2633
1983,9.4505
2044,34.8928
1984,9.1004
2045,33.5322
1985,9.1633
2046,34.1542
1986,9.1027
1987,9.1174
2047,37.5377
2048,34.0705
1988,9.2694
2049,34.0616
1989,8.8439
2050,33.4028
1990,9.3098
1991,9.0966
2051,34.4111
2052,33.4122
1992,9.2343
2053,34.0190
1993,9.6137
1994,9.0489
2054,34.7166
2055,33.6269
1995,9.0501
2056,34.1524
1996,9.1689
2057,34.4057
1997,9.2523
2058,33.9136
1998,9.0531
2059,34.3015
1999,9.1124
2060,33.8377
2000,9.0435
2061,34.3513
2001,9.5425
2062,33.8615
2002,9.2372
2063,34.2254
2003,9.3310
2064,34.2211
2004,9.2575
2065,34.0388
2005,9.4236
2066,34.2697
2006,9.0086
2067,33.8500
2007,9.2053
2068,35.8065
2008,9.6147
2009,8.9185
2069,34.6268
2010,9.0272
2070,33.9120
2071,34.2461
2011,9.4853
2012,8.8808
2072,34.5379
2073,35.9382
2013,9.4123
2014,8.8877
2074,35.1572
2075,33.5863
2015,8.8814
2076,34.2917
2016,9.5113
2077,34.6920
2017,9.5028
2078,33.8837
2018,9.9282
2079,34.7393
2019,9.1223
2080,33.4564
2020,9.0937
2081,33.5607
2021,9.2739
2082,34.0619
2022,10.0090
2083,34.0748
2023,9.6173
2084,33.8313
2024,9.3214
2085,34.0785
2025,9.7963
2026,9.2827
2086,34.1183
2087,33.8439
2027,9.7865
2088,34.3173
2028,9.8792
2089,35.3248
2029,9.4131
2090,33.5423
2030,9.8407
2091,35.1219
2031,9.9695
2092,33.8015
2032,9.5795
2093,34.0874
2033,9.4749
2094,33.8890
2034,10.1519
2035,9.3508
2095,35.2157
2096,33.4962
2036,9.3499
2097,33.9423
2037,9.2314
2098,33.5989
2038,9.2506
2099,33.8954
2039,9.4795
2100,34.8500
2040,10.0146
2101,34.8926
2041,9.5765
2102,33.5087
2042,11.0085
2103,34.6480
2043,9.7982
2104,33.9015
2044,9.7545
2105,33.6276
2045,9.8874
2106,34.0429
2046,10.1070
2107,34.2244
2047,9.2175
2108,33.6243
2048,9.2484
2109,33.9329
2049,9.0450
2110,34.0267
2050,9.0889
2111,33.6320
2051,9.8200
2112,34.4523
2052,9.3709
2113,34.1075
2053,10.2251
2114,34.3713
2054,9.3604
2115,33.5319
2055,9.9326
2056,9.6979
2116,34.6559
2117,33.7066
2057,9.9413
2118,34.5128
2058,10.0065
2119,35.1177
2059,10.1999
2120,35.5291
2060,10.0042
2121,34.9271
2061,10.3490
2122,35.1512
2062,9.8513
2123,34.0802
2063,9.1963
2124,34.4781
2064,9.1887
2125,34.1019
2065,9.8030
2126,34.2850
2066,9.8907
2127,36.3560
2067,9.7401
2128,34.2782
2068,9.4395
2129,33.9522
2069,10.1145
2130,34.5827
2070,10.0724
2071,9.0135
2131,34.9223
2072,8.9650
2132,33.3150
2133,33.7947
2073,10.1291
2134,34.6709
2074,9.8444
2135,34.0372
2075,9.7700
2136,34.6168
2076,9.6799
2137,34.5016
2077,9.6923
2138,33.9078
2078,9.4513
2139,33.8683
2079,9.3613
2080,8.9301
2140,36.3860
2141,35.6796
2081,9.6700
2142,35.5104
2082,8.9541
2143,35.6289
2083,9.0505
2144,34.8860
2084,9.0088
2145,36.0186
2085,8.8046
2146,35.5470
2086,8.9397
2147,34.5180
2087,8.7752
2148,35.7533
2088,8.8475
2089,8.9964
2149,37.9304
2150,35.2019
2090,9.3952
2151,35.7410
2091,8.8059
2092,8.9058
2152,35.6498
2153,34.9394
2093,9.0311
2154,36.3103
2094,8.8668
2155,35.2247
2095,9.0452
2156,35.2331
2096,9.0809
2157,35.6818
2097,9.0241
2158,35.5625
2098,9.1786
2099,8.8763
2159,38.3864
2100,8.9217
2160,38.5019
2101,9.0292
2161,35.5712
2162,35.2355
2102,9.1486
2163,35.4605
2103,9.0655
2164,35.4468
2104,8.9494
2165,34.7163
2105,9.1610
2166,35.1153
2106,8.9846
2167,34.8123
2107,8.9307
2168,35.6723
2108,9.4309
2169,35.2205
2109,8.9731
2170,35.1768
2110,9.1438
2171,35.1724
2111,9.0329
2112,8.8620
2172,36.1250
2173,35.2926
2113,9.0770
2114,8.8925
2174,35.3971
2175,34.8528
2115,9.2560
2176,35.0443
2116,9.2626
2177,35.2886
2117,9.0981
2178,38.2922
2118,8.9175
2119,8.5666
2179,36.1126
2120,8.6621
2180,35.2268
2121,8.5002
2181,34.9422
2182,34.7218
2122,8.6662
2183,35.0455
2123,8.9488
2184,35.3022
2124,8.9249
2185,35.2185
2125,8.6532
2186,35.4233
2126,8.5395
2187,35.2654
2127,8.5766
2188,35.2877
2128,8.7989
2189,34.9624
2129,8.6591
2190,34.6566
2130,8.4459
2191,35.7299
2131,8.6620
2192,34.9971
2132,9.1570
2193,35.7091
2133,8.7843
2194,35.4414
2134,8.6382
2195,35.3537
2135,8.9989
2196,35.0400
2136,8.6974
2197,35.7038
2137,8.7998
2198,35.7124
2138,8.7661
2199,36.0563
2139,8.5898
2200,34.5950
2140,8.5967
2141,8.7705
2201,35.7258
2202,34.4207
2142,8.8531
2203,36.2045
2143,8.9016
2144,8.6520
2204,36.1545
2205,35.3245
2145,9.0980
2206,34.8022
2146,8.6335
2207,35.7237
2147,8.8376
2208,35.6125
2148,8.6927
2209,34.8571
2149,8.5958
2210,35.8465
2150,8.7060
2211,36.1033
2151,8.8882
2152,8.5468
2212,38.1278
2213,34.8085
2153,8.6860
2214,34.8601
2154,8.8877
2215,35.6788
2155,8.8146
2216,35.6756
2156,8.6638
2217,34.8075
2157,8.5937
2218,34.8392
2158,8.6262
2219,35.6762
2159,8.7356
2220,34.7395
2160,8.6814
2221,35.0031
2161,8.6341
2222,34.7649
2162,9.3247
2163,8.7150
2223,37.3092
2224,35.1012
2164,8.7264
2225,35.2041
2165,8.6717
2226,34.9350
2166,8.5679
2227,35.5117
2167,8.7047
2228,35.5409
2168,8.6746
2229,35.7993
2169,8.8449
2230,35.3589
2170,8.8484
2231,34.7659
2171,8.8277
2232,35.4544
2172,8.8722
2173,8.6137
2233,35.9490
2174,8.6709
2234,35.0160
2235,34.8081
2175,8.7322
2236,35.4226
2176,8.6132
2177,8.4751
2237,38.8100
2178,8.4018
2238,35.5843
2239,34.9295
2179,8.5395
2240,35.2279
2180,8.5137
2241,35.5527
2181,8.4985
2242,35.9156
2182,8.9164
2243,35.6599
2183,8.4128
2244,34.7508
2184,8.5251
2245,34.9130
2185,8.5427
2246,34.7669
2186,8.7897
2247,34.9104
2187,9.1495
2248,38.3951
2188,8.9955
2189,8.7672
2249,36.4151
2250,35.1816
2190,8.6514
2191,8.6104
2251,38.0096
2252,35.2802
2192,8.8560
2253,35.8607
2193,8.8954
2254,35.0402
2194,8.6598
2255,35.0497
2195,8.9161
2256,35.4706
2196,8.9344
2257,35.1546
2197,8.8257
2258,36.7662
2198,8.8385
2259,34.6519
2199,8.7196
2260,35.1469
2200,8.7090
2261,35.7709
2201,8.8610
2262,35.1236
2202,9.3757
2203,8.8116
2263,35.9778
2264,35.0736
2204,8.9439
2265,34.9308
2205,8.7833
2266,35.5637
2206,8.7603
2267,35.1012
2207,8.7435
2268,34.9422
2208,8.8418
2269,35.3510
2209,8.6890
2270,35.3752
2210,8.7747
2271,34.6027
2211,8.8999
2272,36.1589
2212,8.7863
2273,34.7472
2213,8.7972
2274,34.7105
2214,8.9988
2275,36.3367
2215,8.7988
2276,34.4190
2216,8.6154
2277,34.8652
2217,8.7362
2278,36.8240
2218,8.8790
2279,34.6538
2219,8.4891
2280,35.1453
2220,8.6045
2281,36.2450
2221,8.8541
2282,35.1061
2222,8.8176
2283,35.1315
2223,8.6091
2284,35.3487
2224,8.6716
2225,8.6200
2285,36.6489
2286,35.1784
2226,8.7175
2227,8.3569
2287,35.8201
2228,8.6759
2288,34.4955
2289,34.7840
2229,8.5214
2290,34.6897
2230,8.7226
2291,35.1553
2231,8.5702
2292,35.3450
2232,8.6320
2293,35.1149
2233,8.9634
2234,8.4980
2294,35.9037
2235,8.7107
2295,34.1629
2296,34.3736
2236,8.6517
2297,34.9594
2237,8.5504
2298,35.5222
2238,8.7377
2299,36.4256
2239,8.6368
2240,8.6516
2300,34.8945
2301,35.2627
2241,8.6721
2302,35.9636
2242,8.8988
2303,35.4473
2243,8.8327
2304,34.1486
2244,8.6982
2305,35.1730
2245,8.8199
2306,35.0297
2246,8.6905
2307,35.0446
2247,8.8187
2308,35.5541
2248,8.7653
2309,35.0856
2249,9.4698
2310,36.7482
2250,8.8912
2251,8.7990
2311,38.4910
2252,8.6753
2312,37.2882
2313,35.0110
2253,8.6959
2254,8.5871
2314,35.8018
2315,35.6171
2255,8.7098
2316,34.8527
2256,8.4042
2317,35.3161
2257,8.4944
2318,36.1103
2258,8.4298
2319,35.3876
2259,8.6009
2260,8.3205
2320,35.8424
2321,34.6718
2261,9.0046
2322,35.6772
2262,8.5725
2323,34.8534
2263,8.5009
2324,34.6601
2264,8.6471
2325,35.5168
2265,8.4201
2326,35.3060
2266,8.6284
2267,8.4003
2327,36.1005
2328,34.6424
2268,8.8190
2329,35.4361
2269,8.6677
2330,34.5154
2270,8.5553
2331,35.2022
2271,8.7765
2272,8.5606
2332,35.5691
2273,8.4838
2333,35.2377
2334,34.0733
2274,8.8459
2335,36.3592
2275,8.7543
2276,8.2430
2336,36.1475
2277,8.3582
2337,34.9813
2278,8.1425
2338,34.5211
2339,35.0820
2279,8.2258
2340,35.7668
2280,8.8282
2281,8.4416
2341,36.5567
2342,34.9812
2282,8.2454
2343,34.7648
2283,8.4353
2344,35.7582
2284,8.3081
2345,35.8252
2285,8.5278
2346,35.0819
2286,9.0002
2287,8.7738
2347,36.1169
2348,35.5199
2288,8.5432
2349,35.6075
2289,8.5054
2350,34.8620
2290,8.8406
2351,35.9565
2291,8.7403
2352,34.4113
2292,8.5107
2353,35.5838
2293,8.6832
2354,35.9079
2294,8.4664
2355,35.0485
2295,8.5449
2356,35.7154
2296,8.5336
2357,35.3748
2297,8.6918
2358,34.7316
2298,8.4136
2359,35.9588
2299,8.5807
2360,35.7513
2300,8.5094
2361,35.5473
2301,8.6221
2302,8.3556
2362,35.5006
2363,34.6399
2303,9.2723
2364,36.1005
2304,8.7003
2365,35.3715
2305,8.6054
2366,35.4356
2306,8.5870
2367,35.2206
2307,8.4575
2368,35.7194
2308,9.0841
2309,8.3561
2369,35.7267
2370,34.3932
2310,8.7308
2311,8.3018
2371,35.3005
2372,34.9109
2312,8.4585
2373,35.4158
2313,8.9315
2314,8.5566
2374,36.2469
2375,35.3455
2315,8.8105
2376,36.1181
2316,8.8512
2377,34.4166
2317,8.6956
2318,8.4412
2378,36.4414
2319,8.3986
2379,38.1158
2380,34.9428
2320,8.6726
2381,35.1210
2321,8.8247
2322,8.4846
2382,36.4050
2383,34.4332
2323,8.4913
2384,35.3191
2324,8.5882
2325,8.4724
2385,35.6805
2386,35.4474
2326,9.1681
2387,35.7873
2327,8.6386
2388,35.5586
2328,8.6041
2389,35.0291
2329,8.5804
2390,35.5942
2330,8.7809
2391,35.3183
2331,8.7909
2392,35.0065
2332,8.4310
2393,34.8364
2333,8.4784
2394,35.8337
2334,8.7408
2335,8.7721
2395,35.8364
2396,34.8929
2336,9.1152
2397,35.6519
2337,8.5633
2398,35.0035
2338,8.7922
2399,35.8368
2339,8.5476
2400,35.5876
2340,8.4943
2401,34.8214
2341,8.9236
2402,34.6451
2342,8.6740
2403,36.0860
2343,8.4707
2404,35.2587
2344,8.4419
2405,34.5971
2345,9.0007
2346,8.6946
2406,36.5854
2347,8.6886
2407,34.6659
2408,34.8516
2348,8.6544
2409,34.6865
2349,8.4969
2410,35.8298
2350,8.7176
2411,34.7524
2351,8.6358
2412,36.5222
2352,8.5966
2413,37.3070
2353,8.5837
2354,8.3302
2414,36.8715
2415,34.7823
2355,8.4887
2416,34.4575
2356,8.3653
2417,35.2891
2357,8.5349
2418,36.1892
2358,8.7300
2419,36.0848
2359,8.8811
2360,8.4754
2420,35.7299
2421,34.7381
2361,8.5201
2422,35.8589
2362,8.6385
2423,35.0831
2363,8.5588
2424,35.4740
2364,8.6659
2425,35.3206
2365,8.6886
2426,34.8819
2366,8.5407
2427,34.5992
2367,8.8026
2368,8.5716
2428,36.2183
2429,34.7812
2369,8.5989
2430,36.4782
2370,8.7424
2431,35.4897
2371,8.6709
2432,35.6921
2372,8.8523
2433,34.7085
2373,8.7624
2434,35.3407
2374,8.6111
2435,34.8098
2375,9.0601
2436,36.4966
2376,8.6748
2437,35.1608
2377,8.6380
2438,34.9131
2378,8.4026
2439,34.8787
2379,8.4962
2440,35.0499
2380,8.4497
2441,35.4403
2381,8.5742
2442,35.4043
2382,8.5798
2443,35.5884
2383,8.5873
2444,34.7121
2384,8.6450
2445,34.6005
2385,8.7030
2446,35.0523
2386,8.5923
2447,35.3009
2387,8.5700
2448,35.6687
2388,8.8535
2449,34.2728
2389,8.5287
2450,34.2108
2390,8.4042
2451,34.2350
2391,8.4710
2452,33.0824
2392,8.6185
2453,34.3210
2393,8.5314
2454,34.3434
2394,8.8344
2455,33.9954
2395,8.8148
2456,34.5866
2396,8.5031
2397,8.6832
2457,34.7433
2458,33.5061
2398,8.9606
2459,35.0708
2399,8.6750
2400,8.6085
2460,34.6506
2461,33.6605
2401,8.8167
2462,34.9984
2402,8.4136
2463,33.5623
2403,8.3427
2464,35.0226
2404,8.6218
2465,34.4304
2405,8.4258
2466,34.4042
2406,8.5716
2467,34.8146
2407,8.5848
2468,34.3957
2408,8.8612
2469,34.1999
2409,8.5914
2470,34.2264
2410,8.8423
2471,35.3097
2411,9.2632
2412,8.5271
2472,35.1484
2473,34.2022
2413,8.7444
2474,33.9314
2414,8.4803
2475,33.6964
2415,8.5485
2476,34.0814
2416,8.4770
2477,33.7099
2417,8.4720
2478,33.5896
2418,8.5807
2479,34.1601
2419,8.4138
2480,34.6142
2420,8.6649
2481,34.6712
2421,8.4928
2482,34.3262
2422,8.4753
2483,34.3329
2423,8.6112
2484,34.4432
2424,8.6674
2485,33.8611
2425,9.1995
2486,34.8021
2426,8.5654
2427,8.5304
2487,35.8294
2488,33.4317
2428,8.5627
2489,34.1391
2429,8.6402
2490,34.3859
2430,8.6286
2491,33.6785
2431,8.4868
2492,34.3002
2432,8.5718
2493,33.8428
2433,8.5067
2494,34.6014
2434,8.6999
2495,34.6146
2435,8.6348
2496,34.1855
2436,9.3054
2497,34.9351
2437,8.6156
2498,34.0570
2438,8.4443
2499,33.6880
2439,8.4380
2500,33.9763
2440,8.6187
2501,34.5481
2441,9.7139
2502,34.4685
2442,8.9089
2503,34.3621
2443,8.4458
2504,34.0829
2444,8.8325
2505,35.2093
2445,8.6970
2506,33.7462
2446,8.8029
2507,34.7134
2447,8.5035
2508,34.0043
2448,8.8243
2509,34.6099
2449,8.9780
2510,33.9438
2450,8.7988
2511,33.6955
2451,9.1512
2512,34.6329
2452,8.7953
2513,36.3524
2453,9.5155
2514,34.0802
2454,9.7365
2515,34.3018
2455,9.4302
2516,34.8942
2456,9.0962
2517,34.1502
2457,10.2662
2458,9.0288
2518,34.2045
2519,33.5785
2459,8.8422
2520,34.1375
2460,9.5334
2521,33.8905
2461,9.2489
2522,33.7329
2462,8.7747
2523,33.8861
2463,9.0427
2524,34.4093
2464,8.7301
2525,33.6838
2465,9.9705
2466,8.7181
2526,34.8984
2467,8.5187
2527,33.3990
2528,33.9192
2468,8.7640
2529,34.4456
2469,9.0641
2530,33.8043
2470,9.3704
2531,34.4941
2471,9.2991
2532,33.6644
2472,9.5696
2473,9.2969
2533,34.3612
2534,33.4018
2474,9.1258
2535,33.8482
2475,8.7870
2536,34.8778
2476,9.3081
2537,34.2646
2477,9.3733
2538,34.4292
2478,9.3197
2539,34.1740
2479,9.9580
2540,34.2950
2480,9.0507
2541,34.1478
2481,9.1943
2542,34.4312
2482,9.3777
2543,34.4956
2483,8.8986
2544,34.3622
2484,10.4590
2485,8.9851
2545,34.9280
2486,8.6492
2546,33.6828
2547,33.5381
2487,9.3542
2548,34.1429
2488,9.7085
2549,33.7705
2489,9.4055
2550,34.9932
2490,8.7634
2551,33.8676
2491,11.0923
2552,35.0498
2492,9.7443
2553,33.6303
2493,9.5869
2554,34.5376
2494,9.4432
2555,34.1924
2495,9.1888
2556,33.7833
2496,8.9434
2557,34.7298
2497,8.7905
2558,33.9364
2498,9.4877
2559,34.2862
2499,9.8147
2560,34.2991
2500,9.3583
2561,33.6576
2501,9.4779
2562,34.3913
2502,9.6402
2503,8.5981
2563,33.8474
2564,33.6986
2504,9.0380
2565,33.6431
2505,9.3716
2566,34.1178
2506,9.1006
2567,34.2379
2507,9.3123
2508,8.8108
2568,34.2476
2569,33.7819
2509,9.4149
2570,34.1703
2510,9.2768
2571,34.2462
2511,8.7266
2572,33.8117
2512,9.8579
2573,33.9911
2513,9.5541
2574,34.5177
2514,9.1827
2575,34.1412
2515,9.4567
2516,9.3064
2576,34.3947
2577,33.8023
2517,10.0370
2578,34.0092
2518,9.3336
2579,34.4297
2519,9.5927
2580,33.8933
2520,9.2935
2521,8.6872
2581,34.6511
2582,33.3164
2522,8.8202
2583,34.9058
2523,8.8962
2584,34.0910
2524,8.8644
2585,34.2443
2525,9.2315
2586,34.3522
2526,8.7978
2587,33.8086
2527,9.3491
2588,34.3215
2528,9.4058
2589,33.6989
2529,9.4705
2530,8.7879
2590,34.4981
2591,33.9395
2531,10.9826
2532,9.5435
2592,35.0713
2593,33.6268
2533,9.3851
2594,33.4512
2534,9.5318
2595,33.9132
2535,9.3171
2596,34.1049
2536,8.9524
2597,33.6693
2537,8.6904
2598,34.0121
2538,9.0129
2599,34.2792
2539,9.0577
2600,33.4877
2540,9.5497
2601,35.0036
2541,9.4913
2602,35.2515
2542,9.4224
2603,33.9387
2543,9.5026
2604,34.0268
2544,9.9913
2605,34.5193
2545,9.5054
2606,34.0181
2546,9.3063
2607,34.0011
2547,9.0035
2608,34.0090
2548,8.7619
2609,34.5245
2549,9.0810
2610,34.4180
2550,8.8681
2611,34.8318
2551,9.1019
2612,34.1302
2552,9.3775
2613,34.5336
2553,9.0216
2614,33.7668
2554,8.7513
2615,34.5084
2555,9.3248
2616,34.1492
2556,9.5237
2617,34.0159
2557,9.4505
2618,34.5203
2558,9.6347
2619,34.3493
2559,9.1818
2620,33.4402
2560,9.2501
2621,33.9207
2561,9.2743
2622,33.8557
2562,9.5250
2563,8.9341
2623,35.1145
2624,33.4168
2564,9.0015
2625,34.8472
2565,8.6744
2626,33.8712
2566,8.8131
2627,35.1187
2567,9.2513
2628,34.1368
2568,8.8494
2629,34.0068
2569,8.9233
2630,33.9334
2570,9.1652
2631,33.9072
2571,9.2581
2632,34.8018
2572,9.3270
2633,33.4312
2573,9.5268
2634,33.6680
2574,8.9382
2635,34.2802
2575,9.1775
2636,33.6184
2576,9.1425
2637,34.1776
2577,9.3777
2638,33.9150
2578,9.1199
2639,33.9156
2579,9.2477
2640,33.9967
2580,9.0221
2641,33.3377
2581,8.6982
2642,34.4129
2582,8.6661
2643,33.4733
2583,8.9774
2644,34.2813
2584,8.5518
2645,34.0660
2585,8.9239
2646,34.1494
2586,9.0233
2647,34.0355
2587,9.4317
2648,34.0107
2588,9.3675
2649,34.1999
2589,9.9212
2590,8.9971
2650,34.7050
2651,33.7012
2591,8.9759
2652,33.6493
2592,8.6426
2653,33.8704
2593,9.4741
2654,34.0363
2594,9.5460
2655,35.1797
2595,9.4909
2656,33.8691
2596,9.4198
2657,33.4060
2597,9.4052
2658,34.4746
2598,8.9440
2659,33.5484
2599,9.0828
2660,33.7444
2600,8.4697
2661,33.8268
2601,8.7185
2662,33.6476
2602,8.5003
2663,34.7664
2603,8.5948
2664,33.6252
2604,8.8089
2665,34.3843
2605,9.5997
2606,9.0181
2666,34.4705
2667,33.4662
2607,9.1920
2668,34.4520
2608,9.3283
2669,33.8193
2609,9.1037
2670,34.1073
2610,8.4601
2671,33.5420
2611,9.5709
2672,34.8060
2612,9.2877
2673,33.6634
2613,9.2855
2674,35.0613
2614,9.5787
2675,34.1045
2615,9.4911
2676,33.6931
2616,9.7783
2617,8.5432
2677,34.2326
2678,33.5826
2618,9.2902
2679,34.4182
2619,9.0129
2680,33.3806
2620,9.2714
2681,33.2874
2621,8.8640
2682,33.5806
2622,8.5130
2683,34.0449
2623,8.5476
2684,34.1937
2624,8.7610
2685,33.9900
2625,10.2724
2686,34.3190
2626,9.4209
2687,34.8282
2627,9.0481
2688,34.4651
2628,9.0636
2689,33.5654
2629,10.5417
2690,34.5229
2630,9.5717
2691,34.1621
2631,9.4059
2692,33.6494
2632,8.9177
2693,33.2256
2633,9.2165
2694,33.8278
2634,10.4107
2695,34.3811
2635,8.7318
2696,34.1043
2636,8.7634
2697,34.1416
2637,8.6257
2698,34.3230
2638,9.2560
2699,34.4152
2639,9.4231
2700,34.4533
2640,9.4060
2701,34.2180
2641,9.5800
2702,34.2149
2642,9.2697
2703,33.9595
2643,9.1963
2704,34.3703
2644,9.4888
2705,33.6300
2645,9.1831
2706,33.4765
2646,9.2305
2647,8.7852
2707,34.1491
2708,33.0795
2648,8.9008
2709,34.3435
2649,8.9340
2710,34.4134
2650,9.2306
2711,35.8731
2651,9.4410
2712,33.5469
2652,9.4482
2713,33.9664
2653,8.7740
2714,33.5402
2654,8.8808
2715,34.3818
2655,9.2816
2716,36.5415
2656,9.3213
2717,33.4494
2657,9.4418
2718,34.3387
2658,9.9564
2659,9.0795
2719,34.9737
2660,8.4662
2720,33.6688
2721,34.3123
2661,8.4505
2722,34.1086
2662,9.4369
2723,34.0487
2663,9.5676
2724,33.8690
2664,9.7571
2725,34.3303
2665,9.4494
2666,8.9341
2726,34.2338
2667,8.6357
2727,35.3744
2728,33.4525
2668,9.0117
2669,8.4379
2729,33.9634
2730,33.9100
2670,8.6149
2671,8.7258
2731,34.3006
2732,33.4167
2672,9.4583
2733,34.4419
2673,9.2427
2674,9.0517
2734,34.3282
2735,33.4487
2675,9.2506
2736,33.4676
2676,9.2261
2737,34.1550
2677,9.3682
2738,34.3513
2678,9.2998
2739,33.9923
2679,8.6202
2740,34.2251
2680,8.7812
2741,34.4709
2681,8.7669
2742,33.8484
2682,9.6252
2743,34.8310
2683,9.2971
2744,34.4261
2684,9.2386
2745,33.9721
2685,9.7585
2746,34.6749
2686,9.8329
2747,33.7360
2687,9.4688
2688,9.0009
2748,34.2579
2749,33.3182
2689,9.1944
2750,34.8974
2690,9.2497
2751,33.4484
2691,8.9816
2752,33.4865
2692,8.7593
2753,34.4396
2693,10.4445
2754,33.7218
2694,9.0252
2695,8.7835
2755,35.5912
2756,33.7938
2696,9.9068
2757,33.8116
2697,9.3008
2758,34.9918
2698,11.1340
2759,33.3959
2699,9.1888
2760,33.6775
2700,9.0609
2701,8.7823
2761,33.9143
2762,33.3540
2702,8.6124
2763,33.7210
2703,11.9905
2764,34.8340
2704,9.7362
2705,8.5206
2765,34.8196
2706,8.3415
2766,34.3073
2767,33.8409
2707,8.7177
2768,34.0215
2708,9.2184
2769,34.3000
2709,9.1977
2770,33.9658
2710,9.0105
2771,33.9860
2711,10.7795
2712,9.0426
2772,34.4091
2713,9.1705
2773,33.7532
2774,33.0939
2714,9.1699
2775,33.6344
2715,8.4729
2776,33.4139
2716,8.6893
2777,33.6590
2717,10.0955
2778,36.1208
2718,9.3590
2719,9.9786
2779,35.2822
2780,33.9862
2720,9.3027
2721,8.9309
2781,34.7874
2782,33.1393
2722,10.1579
2783,33.7217
2723,9.3166
2784,34.0238
2724,11.6657
2785,34.1060
2725,8.9280
2786,34.6908
2726,8.9338
2787,34.1543
2727,8.8632
2788,33.2683
2728,9.0494
2789,33.7514
2729,8.6763
2790,34.1406
2730,8.7463
2791,33.8979
2731,8.8917
2792,33.8969
2732,9.5430
2793,34.7172
2733,9.5591
2734,8.6108
2794,34.5280
2795,33.4101
2735,10.3975
2736,9.0520
2796,34.2401
2797,33.3444
2737,8.6545
2738,8.5838
2798,36.2241
2739,8.7875
2799,34.0923
2740,8.7327
2800,33.4101
2801,33.5089
2741,9.3145
2802,34.4426
2742,8.7870
2803,34.4281
2743,9.4182
2744,8.6991
2804,34.1600
2805,33.6657
2745,8.8259
2806,33.4133
2746,9.4363
2807,34.5975
2747,9.6650
2748,8.8718
2808,34.0998
2809,32.9861
2749,8.7455
2810,34.6755
2750,8.5991
2811,33.5943
2751,8.8995
2812,34.4276
2752,9.0113
2813,33.8346
2753,8.7725
2814,34.6772
2754,9.6859
2815,35.2934
2755,9.7209
2756,8.9292
2816,34.4111
2817,32.9714
2757,9.5854
2818,34.3599
2758,10.2437
2759,9.2127
2819,34.1782
2820,34.2380
2760,9.1276
2761,8.8405
2821,34.0985
2822,33.4692
2762,8.6274
2823,33.2856
2763,8.8281
2824,34.1708
2764,10.3186
2825,34.7397
2765,9.1239
2826,34.1166
2766,9.1975
2827,34.3802
2767,11.2323
2828,33.8864
2768,9.5852
2829,34.0912
2769,8.8442
2770,8.4266
2830,33.4589
2831,33.6480
2771,8.5139
2832,34.3326
2772,8.6116
2833,34.2116
2773,9.1751
2834,34.7299
2774,9.2186
2835,34.8955
2775,8.9734
2836,33.9559
2776,9.5341
2777,8.6516
2837,34.2029
2838,33.6150
2778,8.5409
2839,34.2042
2779,8.8710
2840,34.1315
2780,8.7999
2841,34.3370
2781,9.1292
2782,9.0810
2842,34.1820
2843,33.4577
2783,8.4057
2844,33.4927
2784,12.7697
2845,34.5504
2785,9.6805
2846,35.1155
2786,9.2735
2847,34.1033
2787,9.2677
2788,8.2984
2848,33.5460
2849,33.5984
2789,10.6616
2850,33.6467
2790,10.0872
2791,9.1072
2851,35.1268
2792,8.5720
2852,33.5503
2853,33.0935
2793,9.2824
2854,33.9962
2794,10.4212
2855,34.6564
2795,9.5271
2796,8.4027
2856,34.6509
2857,33.1440
2797,8.8965
2858,34.7503
2798,9.2371
2859,34.5508
2799,9.2764
2860,34.1799
2800,9.6704
2861,33.4929
2801,8.6376
2862,34.0954
2802,8.5249
2803,8.5198
2863,34.2335
2864,33.5295
2804,8.4818
2865,33.9065
2805,9.6417
2866,34.0024
2806,9.0717
2867,34.8512
2807,9.5779
2868,33.9073
2808,9.1426
2809,9.7654
2869,36.4895
2870,33.2095
2810,9.2986
2871,34.1635
2811,10.1275
2872,33.9994
2812,9.3465
2873,33.7412
2813,8.7661
2874,33.8711
2814,8.7059
2875,33.5845
2815,8.6285
2876,34.2841
2816,8.6432
2877,33.9864
2817,8.4679
2878,36.5253
2818,8.5048
2879,33.7415
2819,8.6897
2880,34.4630
2820,8.8611
2881,34.1027
2821,9.2533
2882,34.2690
2822,9.5174
2823,8.7247
2883,33.8583
2884,33.8625
2824,9.6802
2885,33.8821
2825,9.2296
2886,34.4941
2826,9.4348
2827,9.0928
2887,34.6202
2828,9.0380
2888,33.7388
2889,33.7335
2829,8.8310
2890,33.6443
2830,8.7200
2891,33.3519
2831,8.6597
2892,33.6401
2832,8.9367
2893,34.8058
2833,9.0712
2894,34.5342
2834,9.2502
2895,33.6974
2835,9.3531
2896,33.5100
2836,9.3233
2897,34.1924
2837,9.0891
2898,34.1193
2838,8.7118
2899,33.6886
2839,8.3585
2900,33.9367
2840,8.7769
2901,34.2094
2841,8.7616
2902,34.2721
2842,8.6638
2903,33.8096
2843,8.6442
2904,33.8566
2844,9.6789
2905,34.1950
2845,9.9545
2846,8.8571
2906,33.9424
2907,33.2941
2847,9.3813
2908,34.1694
2848,9.2162
2849,8.3417
2909,33.8592
2910,33.8940
2850,8.8773
2911,33.8935
2851,8.7054
2912,34.3651
2852,8.7333
2913,33.2910
2853,8.6504
2914,34.6678
2854,8.7151
2915,33.7951
2855,9.4274
2916,34.5692
2856,8.7529
2917,33.1941
2857,9.1889
2918,35.2372
2858,9.3998
2919,34.3247
2859,8.7291
2920,34.0333
2860,8.6349
2921,34.0627
2861,9.0921
2922,33.8708
2862,8.9749
2923,34.4199
2863,8.8775
2924,34.5550
2864,9.5492
2925,34.3348
2865,8.8013
2926,33.7161
2866,9.1319
2927,34.5883
2867,9.8104
2928,34.1607
2868,9.6936
2929,34.8769
2869,9.0476
2930,34.1292
2870,9.9078
2931,34.1981
2871,10.6009
2872,9.2048
2932,34.7492
2933,33.0727
2873,9.4619
2934,33.9249
2874,9.9000
2875,9.0217
2935,34.7750
2936,33.5912
2876,9.7860
2937,33.4874
2877,10.3746
2878,9.1620
2938,34.6027
2939,33.8691
2879,9.8493
2940,34.0758
2880,10.2026
2881,9.2936
2941,34.8960
2882,9.3686
2942,33.9643
2943,33.3853
2883,9.8151
2884,8.7934
2944,35.4478
2945,33.9330
2885,9.8525
2946,34.5360
2886,9.4859
2947,34.3716
2887,9.0868
2948,33.5418
2888,10.3058
2949,34.2929
2889,9.8590
2890,8.4032
2950,34.3907
2951,36.0260
2891,8.6537
2952,33.9021
2892,9.2676
2953,34.3967
2893,9.6947
2954,35.3263
2894,9.4012
2955,33.6669
2895,9.3425
2956,34.2645
2896,8.9369
2957,33.9904
2897,8.5624
2958,34.0240
2898,8.6725
2959,34.4161
2899,9.2660
2960,34.8399
2900,8.9504
2961,34.1459
2901,9.6790
2902,8.5975
2962,34.5801
2963,34.0155
2903,9.3219
2904,8.9405
2964,35.1112
2965,33.2794
2905,8.9521
2966,34.8936
2906,9.4316
2967,34.6279
2907,9.4519
2968,34.6048
2908,9.9402
2909,8.5685
2969,34.5799
2970,33.3788
2910,8.7241
2971,34.4060
2911,8.6463
2972,33.3913
2912,8.9450
2973,34.0397
2913,10.1738
2974,34.9399
2914,8.7457
2975,33.6590
2915,8.8207
2976,34.0403
2916,9.1925
2977,34.5751
2917,9.5057
2978,34.3772
2918,8.7294
2979,33.4591
2919,8.5697
2980,34.0235
2920,8.9911
2981,34.8115
2921,8.6820
2982,33.9675
2922,9.9781
2983,35.0397
2923,10.8219
2924,8.7017
2984,34.6202
2985,34.1087
2925,8.7140
2986,33.8310
2926,8.9750
2987,34.6058
2927,9.7900
2988,34.5718
2928,9.2703
2989,34.0095
2929,10.1203
2930,8.5000
2990,34.7565
2991,33.4611
2931,8.8356
2992,34.0790
2932,9.0191
2993,34.6068
2933,9.1519
2994,34.0870
2934,8.8013
2995,34.5093
2935,9.4885
2936,8.6959
2996,35.0751
2997,33.2093
2937,9.5826
2998,34.7932
2938,8.8936
2999,33.8746
2939,9.1212
3000,34.8560
2940,8.6811
3001,34.4894
2941,8.9069
3002,33.7266
2942,9.4297
3003,36.1858
2943,9.2492
3004,33.7201
2944,9.3424
3005,34.5372
2945,8.6290
3006,34.0821
2946,8.9329
3007,34.0303
2947,8.6209
3008,33.9151
2948,8.9912
3009,34.6416
2949,9.5326
3010,34.7778
2950,8.8361
3011,34.0096
2951,8.4826
3012,33.8535
2952,8.9015
3013,34.1339
2953,9.3656
2954,8.7499
3014,36.1029
3015,33.3425
2955,10.1348
3016,34.5869
2956,10.5300
2957,8.6415
3017,34.9479
2958,8.6120
3018,33.6643
3019,33.4809
2959,8.5885
3020,34.3560
2960,10.2554
3021,34.9151
2961,10.1799
3022,34.7921
2962,9.6241
2963,8.6041
3023,33.9071
3024,33.6679
2964,8.8204
3025,33.2052
2965,8.7399
3026,34.5524
2966,9.5167
3027,34.8302
2967,9.0178
3028,33.8373
2968,8.7677
3029,34.0865
2969,8.7395
3030,34.4291
2970,8.7763
3031,33.8767
2971,9.0513
3032,34.4749
2972,9.0372
3033,34.3325
2973,9.0042
3034,34.7739
2974,8.5883
3035,34.2718
2975,8.9724
3036,34.4433
2976,9.2180
3037,34.5397
2977,8.7468
3038,34.5030
2978,9.4601
2979,8.4412
3039,34.7609
3040,33.6262
2980,8.6421
3041,34.0731
2981,8.7254
3042,34.7138
2982,9.5175
3043,34.2659
2983,8.8330
3044,34.5317
2984,8.9922
3045,33.5371
2985,9.0246
3046,33.9971
2986,8.8813
3047,34.0629
2987,9.5913
3048,34.5857
2988,9.4864
3049,33.6620
2989,9.9747
2990,8.7327
3050,35.0147
2991,8.7488
3051,33.4534
3052,33.9272
2992,9.2808
2993,9.0824
3053,34.3485
3054,33.3043
2994,10.4060
3055,34.4920
2995,9.6605
2996,8.9890
3056,34.5909
2997,8.4354
3057,33.7201
3058,33.7237
2998,8.9651
3059,34.0694
2999,10.2668
3000,9.0021
3060,34.7456
3061,34.2308
3001,8.8325
3062,33.7057
3002,8.5821
3063,34.3471
3003,8.6573
3064,35.0275
3004,8.6220
3065,33.8408
3005,8.8280
3066,34.2742
3006,8.7655
3067,34.0206
3007,9.7968
3068,34.6489
3008,8.6954
3069,33.7669
3009,8.8210
3070,34.0199
3010,9.6179
3011,8.4601
3071,34.7227
3072,33.5399
3012,8.5953
3073,34.3757
3013,8.9925
3074,33.8059
3014,9.5076
3015,8.5912
3075,34.9414
3076,33.6333
3016,8.7916
3077,34.3681
3017,9.7219
3018,8.6024
3078,34.7883
3079,34.0355
3019,8.7464
3080,34.0481
3020,9.0327
3081,34.4840
3021,8.5641
3082,34.1456
3022,8.4744
3083,37.0278
3023,9.3172
3084,36.6029
3024,9.7003
3025,8.8159
3085,34.0768
3086,33.7537
3026,9.4445
3027,8.8387
3087,34.5230
3088,33.1584
3028,8.6177
3089,34.5623
3029,9.2650
3090,34.3882
3030,10.1147
3031,8.7001
3091,34.7299
3092,33.5256
3032,8.5428
3093,34.0783
3033,8.8219
3094,34.2675
3034,9.4003
3035,9.7082
3095,35.3573
3096,33.8267
3036,10.0489
3037,8.6398
3097,34.6469
3038,8.5101
3098,34.4975
3099,33.6201
3039,8.6491
3100,33.9684
3040,9.0158
3101,34.1626
3041,10.3035
3102,34.9077
3042,9.5080
3103,34.6286
3043,9.3847
3104,33.4646
3044,8.7777
3105,34.5457
3045,8.6429
3106,33.8545
3046,9.3245
3107,34.2374
3047,10.1923
3048,9.0311
3108,35.8319
3049,9.0860
3109,34.2308
3110,33.6094
3050,9.9456
3051,9.3081
3111,34.1098
3112,34.2970
3052,10.4664
3113,34.3810
3053,9.2850
3114,34.2272
3054,8.9903
3055,8.7890
3115,34.5230
3116,33.6384
3056,8.7365
3117,34.1500
3057,9.3360
3118,33.7884
3058,10.3621
3059,8.9799
3119,34.5678
3120,33.5080
3060,8.8864
3121,33.6938
3061,8.5497
3122,34.4424
3062,9.1766
3123,34.5145
3063,10.0451
3124,35.3319
3064,9.4245
3125,34.8057
3065,9.1444
3066,8.5554
3126,34.0274
3127,33.2383
3067,8.7391
3128,34.1086
3068,9.2059
3129,34.3164
3069,9.6276
3130,34.8201
3070,9.0168
3131,33.8251
3071,9.3228
3132,34.0669
3072,9.8261
3073,9.3017
3133,34.6109
3134,33.0260
3074,9.8891
3135,34.6969
3075,9.2665
3136,33.8436
3076,8.5975
3137,34.0342
3077,8.7745
3138,34.9719
3078,9.4409
3079,9.0640
3139,34.8149
3140,33.5186
3080,9.6340
3081,8.7369
3141,35.1211
3142,34.2063
3082,8.6926
3143,34.3858
3083,8.6036
3144,34.1049
3084,9.2667
3145,34.6282
3085,9.2620
3146,34.4503
3086,9.1384
3147,34.2805
3087,9.1959
3088,8.5419
3148,34.0001
3149,33.3277
3089,8.8348
3150,34.6301
3090,9.6446
3151,34.3796
3091,10.1047
3092,8.4450
3152,34.6871
3153,33.2725
3093,9.8770
3094,8.3649
3154,34.4042
3155,33.0428
3095,8.5185
3156,34.7256
3096,8.3310
3157,34.3933
3097,9.5976
3098,8.5044
3158,34.9137
3159,33.9651
3099,9.3906
3160,34.6720
3100,8.5580
3161,33.7885
3101,8.5363
3162,35.2257
3102,8.4734
3163,34.3893
3103,9.3884
3104,8.4005
3164,35.6555
3165,33.5612
3105,9.8865
3106,8.3757
3166,34.4003
3167,34.2353
3107,9.8820
3108,8.5018
3168,34.6437
3169,33.3911
3109,9.8106
3110,8.3413
3170,35.0799
3171,33.3611
3111,8.6110
3172,34.0733
3112,8.6071
3173,33.9489
3113,9.7339
3114,8.2595
3174,35.2710
3175,34.3211
3115,9.7565
3176,34.7372
3116,8.5501
3177,34.0397
3117,8.3437
3178,34.3314
3118,9.1693
3179,34.6609
3119,9.8071
3120,8.4156
3180,34.5058
3181,33.4598
3121,9.5429
3182,35.2874
3122,9.2762
3183,34.3851
3123,10.4151
3124,8.5908
3184,34.9458
3185,33.4536
3125,8.3708
3186,33.2170
3126,9.5393
3187,34.6911
3127,8.9599
3128,8.8161
3188,34.5427
3189,34.0810
3129,9.7428
3190,34.6741
3130,9.9628
3191,34.3095
3131,9.3876
3132,8.4569
3192,34.1167
3193,33.4860
3133,8.7507
3194,34.5131
3134,9.0497
3195,34.8561
3135,9.9805
3196,34.1842
3136,9.3709
3197,34.8993
3137,9.5534
3198,34.7313
3138,8.9834
3139,8.5940
3199,33.7615
3200,33.2824
3140,9.4927
3201,35.6672
3141,10.2344
3142,8.5121
3202,34.4711
3203,33.8992
3143,9.6498
3204,34.7842
3144,10.7559
3145,8.2673
3205,35.0480
3206,33.1997
3146,8.4895
3207,33.9093
3147,8.5323
3208,34.3914
3148,9.6964
3149,8.5809
3209,35.9061
3210,34.0125
3150,9.4920
3211,34.8834
3151,8.7514
3152,8.3417
3212,34.2194
3213,33.5393
3153,8.7111
3214,35.1146
3154,10.2961
3215,34.7017
3155,9.6159
3156,8.5447
3216,34.1785
3217,33.7986
3157,9.7901
3218,34.9946
3158,9.0767
3159,8.3410
3219,34.2250
3220,33.6431
3160,8.5179
3221,34.0830
3161,9.4403
3162,8.6262
3222,36.2539
3223,33.7208
3163,10.0619
3224,35.3574
3164,9.6739
3225,34.2203
3165,9.1274
3226,34.2084
3166,9.7310
3227,34.4694
3167,8.6365
3228,33.5626
3168,8.6154
3229,34.8953
3169,10.4967
3230,34.7349
3170,9.6786
3231,34.6973
3171,8.6947
3232,33.3462
3172,8.5139
3233,34.3593
3173,9.7696
3234,34.7572
3174,8.4112
3235,34.6626
3175,8.4584
3236,34.4259
3176,9.6161
3177,8.2824
3237,35.2421
3238,33.4565
3178,9.8031
3239,34.5247
3179,8.8906
3240,34.0140
3180,9.4694
3241,35.1668
3181,10.6034
3182,8.4823
3242,34.9044
3183,8.4503
3243,33.7393
3244,33.6194
3184,9.5435
3185,8.5982
3245,35.7305
3246,33.4733
3186,9.6343
3247,34.9569
3187,9.0411
3248,34.5258
3188,10.2161
3189,8.7918
3249,34.7388
3250,33.6215
3190,8.4971
3251,34.1879
3191,9.5850
3192,8.7199
3252,35.0016
3253,34.6150
3193,9.3294
3254,36.0547
3194,10.6158
3255,35.5036
3195,9.0713
3196,8.3914
3256,33.8215
3257,33.4172
3197,9.3916
3198,8.4789
3258,34.4180
3259,34.1951
3199,9.4696
3260,34.9168
3200,8.6310
3261,33.5950
3201,9.4080
3262,34.9939
3202,8.7836
3263,33.8502
3203,9.7592
3204,8.4649
3264,34.7042
3265,34.0242
3205,10.0050
3266,35.2799
3206,8.8321
3267,33.6447
3207,9.6490
3268,34.5190
3208,8.8561
3269,33.4598
3209,8.6064
3270,34.3670
3210,9.0024
3271,34.5960
3211,8.6593
3272,33.9200
3212,9.8009
3213,8.3820
3273,35.3790
3274,34.1819
3214,8.6600
3275,33.4122
3215,9.7445
3216,8.2862
3276,35.0489
3277,33.8053
3217,9.3156
3218,8.5777
3278,34.7461
3279,33.7058
3219,9.2118
3280,35.1053
3220,8.8399
3281,34.6700
3221,8.6076
3282,33.8777
3222,9.3045
3283,35.1013
3223,9.0169
3224,8.4613
3284,34.7050
3285,34.4127
3225,9.2708
3226,8.3679
3286,34.4997
3287,34.2663
3227,9.1826
3288,35.1451
3228,8.5373
3289,34.2445
3229,9.5329
3290,35.2740
3230,9.1139
3291,34.4011
3231,8.6139
3292,33.6183
3232,8.6085
3293,33.8777
3233,9.6065
3294,35.7902
3234,8.6798
3295,34.5875
3235,9.2856
3296,35.3602
3236,8.6330
3297,33.8801
3237,10.0611
3298,34.7154
3238,9.1267
3299,34.3074
3239,9.4348
3300,34.1236
3240,9.8749
3301,34.7013
3241,8.7328
3302,34.1038
3242,8.6871
3303,34.7571
3243,9.3800
3304,34.8573
3244,9.2460
3305,34.5247
3245,9.5689
3306,34.2470
3246,10.2427
3307,35.2554
3247,8.6925
3308,33.9301
3248,8.5524
3309,34.3167
3249,8.7808
3310,34.1137
3250,9.1688
3311,34.1829
3251,9.0372
3312,34.5598
3252,9.6199
3313,34.8495
3253,9.0325
3314,33.9129
3254,8.4890
3315,34.2042
3255,8.6307
3316,34.6753
3256,9.3019
3317,34.8820
3257,8.7467
3318,34.9275
3258,8.5539
3319,34.4845
3259,8.7573
3320,34.4891
3260,8.4850
3321,34.4943
3261,8.7225
3322,34.8284
3262,9.3895
3323,34.6703
3263,8.8467
3324,34.7931
3264,8.7180
3325,33.8804
3265,9.4880
3326,34.8230
3266,10.7912
3267,8.6309
3327,35.0389
3268,9.0943
3328,34.2713
3329,33.3174
3269,10.0870
3330,34.6292
3270,9.2486
3271,9.3174
3331,34.3587
3332,33.9549
3272,10.1963
3333,34.7720
3273,8.8398
3334,33.5402
3274,9.9947
3335,34.1825
3275,10.3377
3276,9.3355
3336,34.7008
3337,33.6241
3277,9.1134
3338,33.8944
3278,10.0334
3279,8.7786
3339,34.8738
3340,33.7697
3280,10.1765
3341,34.2224
3281,11.1311
3282,8.8475
3342,34.4260
3343,33.6418
3283,9.5487
3344,33.7998
3284,10.3791
3285,8.6687
3345,34.4868
3346,33.5181
3286,9.8045
3347,34.4329
3287,10.2351
3348,34.4014
3288,9.3238
3349,33.6843
3289,9.8379
3350,34.1717
3290,9.9986
3351,35.1834
3291,9.1850
3352,33.8810
3292,9.8063
3353,36.0938
3293,9.6205
3354,34.3909
3294,8.7107
3355,33.9259
3295,9.3539
3356,33.1269
3296,9.9017
3297,8.5114
3357,34.6797
3358,33.4607
3298,9.5682
3359,34.4941
3299,9.9112
3360,35.0959
3300,8.7974
3361,33.7534
3301,9.3734
3362,33.5726
3302,10.1983
3303,8.7409
3363,34.4193
3364,34.2128
3304,9.5590
3365,34.5367
3305,10.2873
3366,35.0869
3306,9.2229
3367,34.0605
3307,8.7527
3368,33.8181
3308,9.2177
3369,34.9670
3309,8.9236
3370,33.9308
3310,9.2040
3371,34.1058
3311,9.7038
3372,34.7320
3312,9.0574
3373,34.3129
3313,9.4672
3374,34.2612
3314,8.9152
3375,34.3943
3315,9.2060
3376,34.1986
3316,9.7997
3377,34.2650
3317,8.6551
3378,34.1423
3318,9.0788
3379,34.0314
3319,8.6486
3380,34.4457
3320,8.7134
3381,33.7980
3321,9.6503
3322,8.5110
3382,34.8799
3383,33.2354
3323,9.9422
3324,8.4349
3384,34.5161
3385,35.8712
3325,8.9349
3386,34.2416
3326,8.7518
3387,33.8819
3327,9.3083
3388,34.4457
3328,9.5004
3329,8.3963
3389,34.4283
3390,34.0121
3330,10.3406
3331,9.0564
3391,34.7339
3392,33.8911
3332,8.8235
3393,35.5329
3333,11.4288
3334,9.5233
3394,34.8085
3395,33.6349
3335,9.4062
3396,34.2070
3336,9.2273
3397,34.5352
3337,9.1601
3398,34.5234
3338,10.0229
3399,34.5953
3339,9.7485
3400,34.5995
3340,10.1105
3401,34.6704
3341,9.5656
3402,34.3267
3342,9.7260
3343,8.5496
3403,34.4293
3404,34.2500
3344,10.3617
3405,34.5957
3345,8.9056
3406,33.8885
3346,10.1353
3407,34.6036
3347,10.1991
3348,8.6285
3408,34.6102
3409,33.4990
3349,8.6065
3410,33.7222
3350,9.8736
3411,34.5831
3351,9.0527
3412,33.4389
3352,9.8206
3413,35.4436
3353,8.7500
3414,34.0014
3354,8.8518
3415,34.6913
3355,8.8544
3416,33.8796
3356,9.8824
3357,8.7537
3417,34.6691
3418,33.3149
3358,9.8195
3359,8.6695
3419,35.1730
3420,33.9527
3360,9.6880
3361,8.5385
3421,34.8336
3422,33.2540
3362,9.7086
3363,8.5087
3423,34.4803
3424,34.7635
3364,8.5996
3425,35.0630
3365,10.3245
3366,8.5499
3426,34.5571
3427,33.4993
3367,9.4070
3428,34.5222
3368,9.0828
3429,34.0994
3369,9.0193
3430,34.4728
3370,10.3907
3371,9.0758
3431,34.5874
3432,34.3414
3372,10.4520
3433,34.6291
3373,9.5526
3374,8.8172
3434,35.0660
3435,33.6762
3375,9.5232
3436,34.3890
3376,9.0318
3437,34.1763
3377,8.6942
3438,34.7042
3378,8.6199
3439,34.4663
3379,9.8535
3380,8.4651
3440,34.7127
3441,34.0427
3381,10.1174
3382,8.6524
3442,35.0963
3443,33.3396
3383,9.5635
3444,34.5119
3384,8.8367
3445,34.1109
3385,9.4675
3446,35.0209
3386,9.0005
3387,8.5432
3447,34.2567
3448,34.4638
3388,9.6099
3449,34.8056
3389,8.6599
3450,34.1147
3390,8.4027
3451,34.0395
3391,9.5477
3452,34.6659
3392,8.9153
3453,33.7548
3393,9.9390
3394,8.5226
3454,34.5132
3455,33.6295
3395,8.8121
3456,33.9345
3396,10.2842
3397,8.5174
3457,34.6206
3458,33.8187
3398,8.8458
3459,33.9061
3399,9.6002
3400,8.6263
3460,34.7908
3461,34.4260
3401,9.2369
3462,34.8347
3402,8.5285
3463,34.4378
3403,9.6294
3404,8.6311
3464,34.8244
3465,33.2958
3405,8.5325
3466,33.9084
3406,10.1644
3467,34.8133
3407,9.3687
3468,33.8802
3408,10.1275
3469,34.2645
3409,9.7372
3470,34.4065
3410,9.6803
3471,34.5476
3411,9.8584
3472,34.6693
3412,8.3864
3473,34.0695
3413,9.5452
3414,8.4069
3474,35.0560
3475,33.2722
3415,9.3359
3416,8.3952
3476,34.8740
3477,33.2713
3417,9.4797
3478,35.1742
3418,9.4085
3479,34.3498
3419,8.7189
3480,33.7715
3420,10.1455
3421,8.7142
3481,35.4720
3482,33.5140
3422,8.5782
3483,33.6803
3423,8.5330
3484,34.4097
3424,9.7245
3485,34.2440
3425,8.8320
3486,34.2580
3426,10.4663
3487,34.6544
3427,9.5250
3428,8.8819
3488,36.2824
3489,33.4199
3429,8.6447
3490,34.2119
3430,9.8708
3431,8.4816
3491,37.4432
3492,35.6242
3432,8.5211
3493,36.1937
3433,9.7573
3434,8.2908
3494,37.3777
3435,8.2327
3495,36.8445
3496,35.3790
3436,9.5368
3497,37.4449
3437,8.9508
3438,8.5217
3498,35.6471
3499,35.0793
3439,9.1704
3500,37.2365
3440,9.9360
3441,8.5347
3501,36.9860
3502,35.7839
3442,8.5624
3503,35.0706
3443,9.9710
3444,8.1096
3504,35.3910
3505,39.2942
3445,8.8769
3506,35.9522
3446,9.7284
3447,8.1890
3507,36.9754
3508,35.7054
3448,8.4862
3509,35.6633
3449,8.5316
3510,35.7730
3450,9.1652
3511,36.4909
3451,9.2388
3512,35.3277
3452,9.5775
3513,35.8160
3453,8.2409
3514,35.5800
3454,8.2934
3515,36.6596
3455,9.0394
3456,8.4584
3516,35.9990
3517,35.6803
3457,9.8594
3458,9.4890
3518,37.0418
3519,35.8403
3459,9.5283
3520,36.7111
3460,9.1486
3521,37.1201
3461,9.1718
3522,36.0946
3462,10.0509
3523,37.0036
3463,9.4250
3464,8.5069
3524,37.1579
3465,8.5822
3525,35.3342
3466,8.4258
3526,35.8981
3527,36.0876
3467,9.2266
3528,36.4996
3468,9.1771
3529,36.2085
3469,9.3299
3530,36.8849
3470,9.5792
3531,35.9201
3471,9.2665
3532,35.9370
3472,10.1215
3533,35.4804
3473,8.8964
3534,36.2807
3474,9.5496
3535,36.3173
3475,9.1377
3536,36.0188
3476,9.1044
3537,35.8652
3477,9.8016
3538,36.6828
3478,9.1208
3539,35.9827
3479,9.0813
3540,36.7753
3480,9.5859
3481,9.2834
3541,36.6640
3542,35.9056
3482,9.5677
3543,36.5896
3483,9.7981
3544,37.0431
3484,9.5847
3485,9.0161
3545,37.0249
3546,35.4843
3486,9.3187
3547,35.8807
3487,9.6373
3548,36.0236
3488,9.4991
3549,36.2239
3489,9.5743
3550,35.6172
3490,9.9334
3551,35.7072
3491,9.8051
3492,9.3212
3552,35.9855
3553,35.2585
3493,9.9375
3554,36.4486
3494,9.4759
3555,35.7165
3495,9.1591
3496,9.2634
3556,35.5876
3557,35.6423
3497,10.3233
3498,9.3255
3558,36.6832
3499,8.9087
3559,35.1219
3560,35.2308
3500,9.3771
3561,35.7146
3501,9.4171
3562,35.5955
3502,9.7198
3503,9.0158
3563,36.6567
3564,35.3946
3504,9.3806
3565,35.4562
3505,9.6002
3566,35.4298
3506,9.4254
3567,35.9860
3507,9.4207
3568,35.5809
3508,9.6019
3509,9.1254
3569,35.4869
3570,34.3561
3510,9.2627
3511,9.3492
3571,35.8106
3572,35.3824
3512,9.2452
3573,35.7454
3513,9.5913
3574,35.8265
3514,9.3136
3575,34.4537
3515,9.7594
3576,36.8634
3516,8.8251
3577,35.9499
3517,8.9965
3578,36.9837
3518,9.1716
3579,35.8595
3519,8.8158
3520,8.8932
3580,35.3845
3581,35.8772
3521,8.7920
3582,35.8908
3522,9.4813
3523,9.3393
3583,35.7634
3584,34.8621
3524,8.7365
3585,35.7229
3525,9.1508
3586,35.7389
3526,9.4600
3587,35.8291
3527,9.8103
3588,35.6520
3528,9.3062
3589,35.0096
3529,9.8002
3590,36.0257
3530,8.8229
3591,35.0484
3531,9.1561
3532,9.4186
3592,36.1281
3593,34.9399
3533,9.3804
3594,36.0670
3534,9.8949
3595,34.9376
3535,9.8897
3596,36.3356
3536,9.4565
3597,35.0113
3537,9.2154
3538,8.7279
3598,35.1729
3599,35.0146
3539,9.5358
3600,35.6166
3540,9.4154
3541,8.6390
3601,35.6309
3602,36.1266
3542,9.3322
3603,36.5916
3543,9.5581
3544,9.1828
3604,35.9625
3605,35.2737
3545,9.2552
3606,36.6001
3546,9.2182
3607,35.8765
3547,9.4669
3608,36.1087
3548,9.1920
3609,36.2116
3549,8.9462
3610,35.6606
3550,8.6125
3611,36.0090
3551,9.1803
3612,35.5280
3552,8.9179
3613,35.9792
3553,9.3497
3614,36.3130
3554,9.8481
3615,36.1627
3555,9.7170
3616,36.2748
3556,8.7007
3617,35.9804
3557,8.8342
3618,36.3900
3558,10.0827
3619,36.3201
3559,8.9352
3620,36.6474
3560,8.0377
3621,36.8507
3561,7.7788
3622,36.1046
3562,7.8555
3623,36.2500
3563,8.1855
3624,36.3209
3564,7.1705
3625,35.2066
3565,8.7434
3566,7.4659
3626,36.6847
3627,35.2605
3567,7.5585
3628,36.3274
3568,7.6113
3569,6.7988
3629,36.4798
3630,35.5553
3570,8.0268
3571,7.1347
3631,35.9049
3572,7.1289
3632,34.8051
3633,34.9926
3573,7.8889
3634,36.2076
3574,8.4123
3635,37.4035
3575,7.8326
3636,36.6901
3576,7.9577
3577,6.9436
3637,37.2007
3578,7.1055
3638,35.7946
3579,7.1430
3639,36.2826
3640,35.5026
3580,8.2357
3641,36.6285
3581,7.8952
3582,8.0813
3642,37.0992
3643,36.4743
3583,8.4593
3584,7.7757
3644,36.6472
3585,7.3728
3645,36.2658
3586,7.3346
3646,35.5644
3647,36.3183
3587,7.3629
3648,36.5012
3588,7.7389
3649,37.0328
3589,7.8110
3590,7.2677
3650,36.3789
3651,36.7125
3591,7.2938
3652,35.5988
3592,7.5338
3653,36.5318
3593,7.5162
3654,36.6092
3594,7.3356
3655,36.2091
3595,8.2763
3656,36.1736
3596,8.4374
3657,36.0623
3597,7.6611
3598,7.1530
3658,35.7850
3659,35.4388
3599,7.4115
3660,35.9445
3600,7.9636
3661,36.3684
3601,7.6997
3662,35.8894
3602,8.3438
3603,7.1873
3663,36.7056
3604,7.1127
3664,35.5505
3665,35.4379
3605,7.5970
3666,35.8653
3606,8.5334
3607,7.0771
3667,36.7198
3668,35.5590
3608,7.5339
3669,38.1426
3609,7.4735
3670,36.0889
3610,7.2570
3611,7.6177
3671,36.0069
3672,35.2865
3612,8.0766
3673,36.4673
3613,7.1861
3614,7.4635
3674,36.3855
3675,35.3435
3615,7.6191
3616,7.1616
3676,36.2297
3677,35.9606
3617,7.3422
3678,36.8917
3618,8.4267
3679,36.1535
3619,8.9912
3620,7.7558
3680,36.5173
3621,7.6869
3681,37.4892
3622,7.4434
3682,35.9252
3623,7.1175
3683,36.4674
3624,7.7086
3684,35.5724
3685,36.5326
3625,7.5760
3686,36.2028
3626,7.3759
3627,7.8900
3687,35.8415
3688,36.4980
3628,7.7134
3689,36.1018
3629,8.0585
3630,7.9620
3690,36.1793
3691,36.8517
3631,8.1563
3692,36.5261
3632,8.3861
3633,7.9873
3693,36.4175
3694,36.7542
3634,7.3577
3695,36.6574
3635,7.4671
3636,7.0607
3696,35.8996
3637,7.1200
3697,35.7242
3698,35.9224
3638,7.4551
3699,36.4924
3639,9.2059
3700,36.4621
3640,7.2364
3641,7.6571
3701,36.9122
3702,36.0887
3642,7.6351
3703,36.2671
3643,7.3374
3644,8.1461
3704,36.7288
3705,36.3750
3645,8.9420
3646,7.8545
3706,38.4064
3647,7.4416
3707,37.5898
3648,7.4636
3708,36.0683
3649,7.1881
3709,36.6828
3650,7.7560
3710,35.4787
3711,36.6295
3651,8.0413
3652,7.3008
3712,37.1119
3713,36.3175
3653,7.5717
3654,7.0393
3714,36.5933
3655,7.9418
3715,36.2655
3716,37.1201
3656,9.4567
3717,37.5719
3657,7.2228
3658,7.3445
3718,36.7831
3719,35.9441
3659,7.6119
3720,35.3401
3660,7.3680
3721,35.8569
3661,8.6191
3722,37.0230
3662,8.0456
3723,36.7471
3663,7.9895
3664,7.2929
3724,37.1909
3665,7.4135
3725,35.4489
3726,35.5103
3666,7.3499
3667,8.1619
3727,36.4159
3728,36.6934
3668,7.8658
3669,7.2557
3729,36.3070
3670,7.4436
3730,35.6865
3671,7.4802
3731,39.5952
3672,7.1920
3732,37.0578
3673,7.6271
3733,36.3309
3734,37.0613
3674,7.5701
3675,7.2003
3735,36.6972
3736,35.8482
3676,7.7968
3737,36.1188
3677,7.8669
3678,8.1407
3738,36.4644
3739,36.3725
3679,7.5986
3740,36.8780
3680,7.3232
3681,7.2806
3741,37.0455
3682,7.2173
3742,36.7848
3743,36.0538
3683,7.7534
3744,36.8757
3684,7.9388
3685,6.9855
3745,37.2463
3746,36.4062
3686,7.3279
3747,36.8456
3687,7.8041
3748,36.0969
3688,8.1563
3689,7.1198
3749,36.8307
3750,36.3250
3690,7.4839
3751,36.8527
3691,6.8884
3752,36.3290
3692,7.1206
3753,36.0763
3693,7.9767
3754,36.4971
3694,7.9581
3755,36.2381
3695,6.9102
3756,36.9928
3696,7.5851
3757,36.6218
3697,7.4679
3758,36.8679
3698,7.2113
3699,7.2570
3759,37.4344
3760,36.5323
3700,7.5582
3761,37.2295
3701,7.5400
3702,6.9571
3762,36.5794
3763,36.6125
3703,7.4995
3764,35.9839
3704,7.2360
3765,37.3169
3705,6.9893
3766,36.4151
3706,7.8463
3767,36.8142
3707,8.3165
3768,37.2292
3708,8.4866
3709,6.9960
3769,36.9923
3710,7.0094
3770,35.2128
3771,36.4358
3711,7.0569
3772,36.4832
3712,7.4143
3773,36.2724
3713,8.2289
3774,39.4937
3714,7.6625
3775,37.7019
3715,7.6841
3716,7.0118
3776,36.1326
3717,6.9714
3777,36.6614
3718,7.1396
3778,39.1088
3719,7.8525
3779,36.6800
3780,36.3380
3720,7.9096
3721,7.1860
3781,36.8835
3722,7.1041
3782,35.8713
3723,7.3543
3783,36.2017
3784,36.4414
3724,7.8296
3785,37.1911
3725,8.2291
3786,36.9793
3726,7.2683
3727,7.2637
3787,36.8215
3728,7.0488
3788,37.1656
3729,7.2239
3789,36.9225
3790,36.5495
3730,7.0243
3791,35.8325
3731,7.5538
3792,38.2308
3732,8.0874
3733,7.0035
3793,35.7475
3734,6.9017
3794,36.3195
3795,36.0236
3735,7.6460
3796,35.8051
3736,7.8960
3737,7.4191
3797,35.8347
3798,36.5530
3738,8.3511
3739,6.8810
3799,38.1925
3740,7.2254
3800,36.5822
3741,6.9556
3801,36.1710
3802,35.8487
3742,7.3982
3803,36.1896
3743,7.1604
3804,36.3333
3744,8.0478
3805,36.4746
3745,6.9845
3806,37.2925
3746,7.3962
3807,36.0573
3747,7.4590
3808,35.9585
3748,8.1863
3809,37.1761
3749,7.7485
3810,36.6251
3750,7.3773
3751,6.9810
3811,36.8737
3812,35.8145
3752,8.1768
3753,6.9888
3813,37.8946
3754,6.6314
3814,35.3957
3815,36.4069
3755,7.6091
3756,6.7201
3816,37.2055
3817,36.2417
3757,7.2615
3818,37.6817
3758,7.2878
3819,37.3281
3759,7.1233
3820,36.4283
3760,7.5329
3821,36.9018
3761,7.0242
3822,37.0356
3762,7.5590
3823,36.0753
3763,7.3906
3824,36.5246
3764,7.6095
3825,37.1115
3765,7.4037
3826,37.7433
3766,7.5990
3827,36.5663
3767,7.1489
3828,37.5284
3768,7.1673
3769,7.3507
3829,36.9570
3770,6.9878
3830,36.7344
3831,35.9343
3771,7.9926
3772,7.1573
3832,36.6657
3773,7.0972
3833,36.6066
3834,35.4930
3774,7.5217
3835,36.8854
3775,7.2972
3836,36.7403
3776,7.4862
3777,7.2376
3837,37.4504
3838,37.8985
3778,7.4764
3779,7.3748
3839,36.8613
3780,6.8257
3840,36.0462
3841,35.5403
3781,7.8568
3782,7.0285
3842,37.8416
3843,36.8124
3783,7.6085
3844,37.2190
3784,7.7139
3845,36.4847
3785,7.0957
3846,36.3790
3786,7.5036
3787,7.1593
3847,36.9189
3848,36.6803
3788,7.5234
3849,36.5168
3789,7.4885
3790,6.8312
3850,35.8255
3851,36.9710
3791,7.6259
3792,7.0275
3852,37.1710
3793,6.9367
3853,36.5689
3854,36.7454
3794,7.6075
3855,36.0694
3795,7.0706
3856,36.5400
3796,7.2543
3857,36.5131
3797,7.6968
3858,37.0305
3798,7.6295
3799,6.9055
3859,36.1631
3860,36.7142
3800,8.5256
3801,7.1675
3861,37.2631
3802,7.1658
3862,36.7062
3863,36.2490
3803,7.4884
3804,7.7112
3864,36.4035
3865,36.5157
3805,7.3962
3866,35.9811
3806,7.0970
3867,37.3323
3807,7.5569
3868,37.1265
3808,7.5405
3869,36.7118
3809,7.6584
3870,36.6367
3810,7.2552
3871,36.1325
3811,7.1688
3872,36.7519
3812,7.6779
3873,36.7427
3813,8.0054
3814,6.9816
3874,35.9200
3875,35.9930
3815,8.2606
3816,7.1073
3876,36.7698
3877,37.1465
3817,7.6423
3878,37.1929
3818,7.4329
3819,7.4755
3879,37.4738
3820,6.9598
3880,38.4293
3881,35.7528
3821,8.2185
3882,36.2899
3822,7.1645
3823,7.0830
3883,37.1632
3884,34.8533
3824,6.9273
3885,36.6283
3825,7.6014
3826,7.0894
3886,37.7491
3887,35.7469
3827,7.3771
3888,35.9737
3828,7.8049
3829,7.1136
3889,36.8383
3890,36.6204
3830,7.3172
3891,36.3201
3831,7.5400
3892,37.2831
3832,7.3661
3833,7.1443
3893,37.3500
3894,36.2182
3834,6.8713
3895,36.7324
3835,7.6995
3836,6.8047
3896,37.1058
3837,6.6017
3897,35.5204
3838,6.7378
3898,36.2968
3899,36.1306
3839,7.2002
3900,36.0989
3840,7.6465
3841,6.8883
3901,37.3155
3902,37.2271
3842,7.3886
3843,6.6656
3903,37.2841
3904,37.1889
3844,8.0991
3845,6.7517
3905,38.9222
3846,6.6680
3906,37.5466
3847,6.7709
3907,35.8969
3848,6.6693
3908,36.9876
3909,36.0360
3849,7.2629
3910,36.1862
3850,6.8539
3911,36.1695
3851,7.1654
3852,6.5529
3912,37.0708
3853,6.6364
3913,35.6366
3914,36.1553
3854,6.9361
3915,35.8794
3855,6.9179
3916,35.9712
3856,7.5491
3917,36.8457
3857,7.8539
3918,36.6624
3858,7.4667
3859,6.9051
3919,38.6178
3860,6.7466
3920,41.2424
3861,6.8988
3921,35.2220
3922,36.0943
3862,7.7902
3923,36.2487
3863,7.4422
3924,35.9268
3864,7.5040
3865,6.6802
3925,36.3149
3866,6.8429
3926,38.3838
3927,34.9454
3867,7.3270
3928,36.9042
3868,6.9586
3929,36.1363
3869,7.1854
3930,36.3966
3870,7.5703
3931,36.1876
3871,7.2196
3872,6.8847
3932,36.4306
3933,35.3985
3873,7.8693
3934,35.8505
3874,7.0819
3875,7.0315
3935,38.3691
3936,36.0589
3876,7.0029
3937,35.5077
3877,7.1127
3938,36.9089
3878,7.5001
3939,35.6552
3879,6.9431
3940,35.8183
3880,7.3042
3941,36.2978
3881,6.7930
3942,35.5321
3882,7.3775
3943,36.1062
3883,6.9243
3944,36.0756
3884,7.1926
3945,36.3227
3885,7.8949
3946,35.4422
3886,7.8881
3947,36.3742
3887,6.8356
3948,36.4478
3888,7.0158
3949,36.4348
3889,7.5062
3950,37.1981
3890,7.2788
3891,7.3472
3951,36.3256
3952,35.1218
3892,8.0951
3953,35.8493
3893,7.3486
3894,6.7161
3954,36.6666
3955,34.8631
3895,6.5519
3956,35.0527
3896,7.1230
3957,36.2579
3897,8.7036
3958,36.2064
3898,9.8378
3899,7.6816
3959,36.9792
3900,7.5967
3960,37.4928
3901,6.8660
3961,36.2710
3962,34.8483
3902,7.2007
3963,36.1889
3903,7.1516
3964,35.6638
3904,7.3021
3965,35.9559
3905,7.5112
3966,36.1669
3906,7.3997
3907,7.0940
3967,36.3582
3968,36.3376
3908,8.3148
3909,7.1709
3969,36.8489
3910,7.1721
3970,35.8043
3911,7.2588
3971,42.6297
3972,34.9603
3912,7.1588
3973,36.4764
3913,7.3141
3914,6.9248
3974,36.0073
3975,35.1316
3915,7.7729
3916,7.0446
3976,36.8278
3977,35.9550
3917,6.9398
3978,36.4484
3918,7.0006
3979,36.4693
3919,7.2087
3980,36.4083
3920,8.1531
3981,36.3879
3921,7.7584
3922,6.9726
3982,36.0136
3983,35.5124
3923,6.7443
3984,36.4137
3924,6.8962
3985,35.3713
3925,7.3853
3986,36.9138
3926,7.5649
3927,6.9761
3987,37.2938
3988,35.5980
3928,7.4665
3989,37.7160
3929,7.3770
3990,35.2797
3930,7.0191
3931,7.0318
3991,36.7702
3992,36.1487
3932,8.4295
3933,6.8675
3993,36.4370
3934,6.6385
3994,35.4729
3995,36.6005
3935,8.1054
3936,6.8469
3996,36.3642
3997,35.6488
3937,7.0944
3998,36.6003
3938,7.6865
3999,36.2745
3939,7.7721
3940,6.6583
4000,36.5286
3941,6.4519
4001,35.9817
4002,35.9607
3942,6.9843
3943,6.6688
4003,36.2158
4004,35.6177
3944,8.1665
3945,8.6859
4005,37.6078
4006,36.0808
3946,8.3662
3947,8.3591
4007,36.5704
4008,36.8908
3948,8.5197
3949,8.2116
4009,39.0002
4010,36.5535
3950,9.1050
3951,8.6044
4011,37.4030
3952,8.6951
4012,35.8982
4013,36.6203
3953,8.3247
3954,8.2052
4014,35.9028
4015,35.9840
3955,8.2224
4016,37.0660
3956,8.5353
3957,8.1903
4017,37.7296
3958,8.3418
4018,36.1926
4019,35.9892
3959,8.4459
4020,36.6504
3960,8.7638
3961,8.3491
4021,37.1935
3962,8.1410
4022,36.9756
4023,36.0884
3963,8.6663
3964,8.2034
4024,37.3836
4025,37.3663
3965,8.7546
3966,8.5808
4026,36.2736
4027,37.4601
3967,8.7202
3968,8.8273
4028,37.4340
3969,8.3116
4029,36.5435
4030,36.0262
3970,6.8818
4031,36.0015
3971,7.1792
4032,35.6973
3972,7.2950
4033,36.0423
3973,7.3074
4034,36.8760
3974,6.8567
4035,35.9320
3975,8.0104
4036,36.5108
3976,8.0161
3977,6.9326
4037,36.8289
4038,36.5033
3978,7.5785
3979,6.8499
4039,36.8609
3980,6.6298
4040,37.0062
3981,6.4626
4041,35.6688
4042,35.3168
3982,6.7044
4043,36.6605
3983,6.5454
4044,36.2513
3984,7.2235
3985,6.5558
4045,36.2618
4046,35.4825
3986,7.7000
3987,6.6023
4047,36.8894
3988,6.6040
4048,36.3610
3989,6.5242
4049,35.0869
4050,35.7875
3990,7.3225
3991,6.6914
4051,36.6782
4052,36.2995
3992,6.5858
4053,36.6498
3993,7.2853
3994,6.5552
4054,36.5773
3995,6.5683
4055,36.4921
3996,6.5202
4056,36.3501
3997,6.5710
4057,39.3884
3998,6.4350
4058,36.1195
4059,35.2400
3999,7.2045
4000,6.4938
4060,37.5586
4061,35.9517
4001,7.3274
4002,6.6450
4062,36.2281
4063,36.6738
4003,7.3627
4004,6.5318
4064,36.5054
4005,7.1702
4065,35.5859
4066,35.9838
4006,7.0301
4067,36.7817
4007,7.6075
4008,6.4851
4068,37.5214
4069,35.4936
4009,7.3490
4010,6.7366
4070,36.0931
4071,35.9730
4011,7.1502
4012,6.5674
4072,35.5583
4073,35.2826
4013,6.5289
4074,35.9765
4014,7.3743
4015,6.7020
4075,36.7976
4016,6.8069
4076,35.8505
4077,36.1923
4017,6.8847
4078,36.1850
4018,6.6699
4079,35.7606
4019,6.7327
4080,36.1762
4020,7.5386
4021,6.3629
4081,36.8821
4022,6.7309
4082,35.9379
4083,36.4455
4023,7.2619
4024,6.5086
4084,39.5821
4085,37.0335
4025,6.8017
4086,36.0120
4026,6.5147
4027,6.5170
4087,35.9437
4088,35.9046
4028,6.9916
4029,7.1805
4089,35.7990
4090,35.5519
4030,7.3318
4091,36.5012
4031,7.7397
4032,6.6457
4092,36.4824
4033,6.5231
4093,35.3765
4094,35.9435
4034,6.5748
4035,6.2709
4095,36.1941
4096,35.8246
4036,6.9847
4097,37.1021
4037,6.9224
4098,36.8978
4038,7.9459
4039,6.3784
4099,36.8020
4040,5.9396
4100,36.3467
4041,5.8202
4101,35.9428
4042,5.9596
4102,35.8614
4043,5.8647
4103,37.0205
4104,36.3433
4044,6.9068
4045,5.9300
4105,36.2958
4046,5.8995
4106,36.0451
4107,35.4650
4047,6.2043
4108,35.6765
4048,5.9274
4109,35.3144
4049,6.7891
4050,5.9435
4110,36.1973
4111,36.1588
4051,6.1840
4052,5.8910
4112,36.2220
4113,35.9394
4053,6.5773
4054,5.7648
4114,36.3641
4115,34.6553
4055,5.9955
4116,37.0287
4056,6.5053
4057,5.9407
4117,36.5280
4118,36.0514
4058,7.1827
4059,5.9203
4119,36.3220
4060,5.8790
4120,35.9543
4061,5.8770
4121,35.4563
4122,35.8271
4062,6.8679
4063,5.9508
4123,36.1437
4124,35.8151
4064,6.5358
4065,6.3383
4125,36.2031
4126,36.7466
4066,6.7547
4127,36.3778
4067,6.6770
4068,5.9814
4128,36.2737
4129,35.9064
4069,6.6483
4070,5.9875
4130,36.7926
4131,36.7338
4071,6.8146
4072,5.9200
4132,36.5768
4133,36.0412
4073,6.6418
4074,5.8362
4134,36.0276
4075,5.8182
4135,35.9094
4136,35.7430
4076,6.5688
4077,5.8239
4137,36.1194
4138,36.2781
4078,5.9176
4079,6.7093
4139,35.3817
4140,36.2174
4080,6.7645
4141,37.3117
4081,7.6086
4082,6.0848
4142,36.4947
4083,5.8446
4143,36.3672
4084,5.7369
4144,36.5050
4085,5.7041
4145,35.3308
4146,35.4143
4086,6.1835
4147,35.5749
4087,7.0074
4148,36.1603
4088,6.6572
4149,37.2531
4089,6.6245
4090,5.8154
4150,36.7824
4091,5.8256
4151,36.4436
4092,5.8221
4152,36.3575
4093,5.8884
4153,35.2256
4154,35.6480
4094,6.9439
4155,36.5502
4095,6.5281
4156,36.0991
4096,6.3358
4097,5.8793
4157,35.6291
4098,5.8924
4158,36.2069
4099,5.9695
4159,35.8779
4100,6.0223
4160,35.9620
4161,35.6592
4101,6.7893
4102,5.9840
4162,36.9904
4163,35.7651
4103,6.4067
4164,35.7547
4104,6.5569
4105,6.1418
4165,35.4078
4166,35.8879
4106,6.3845
4167,35.8095
4107,6.6289
4108,6.0412
4168,36.1787
4109,5.9338
4169,35.0321
4110,6.0484
4170,36.1018
4171,37.0580
4111,6.5722
4112,5.8881
4172,37.0100
4173,35.3472
4113,5.8862
4174,35.3482
4114,6.8971
4175,35.9114
4115,6.1474
4176,35.9446
4116,6.5781
4177,35.6113
4117,5.9057
4178,36.1651
4118,6.1516
4179,36.0825
4119,6.6392
4180,35.9819
4120,6.6409
4181,37.0524
4121,5.9313
4122,6.5190
4182,36.3031
4183,37.1487
4123,6.0536
4184,36.1933
4124,6.7858
4125,5.9024
4185,36.8789
4186,36.7330
4126,5.9307
4127,5.8622
4187,35.6548
4188,36.3757
4128,6.4672
4129,6.4507
4189,36.8191
4190,38.8768
4130,5.9627
4191,36.3711
4131,6.7603
4192,36.1811
4132,7.0376
4193,36.8269
4133,6.2191
4194,36.9466
4134,6.5639
4195,35.9504
4135,6.3909
4196,36.1119
4136,6.5525
4137,5.8876
4197,35.0499
4138,5.7590
4198,34.9675
4199,36.4259
4139,6.5532
4140,5.7676
4200,35.3226
4201,36.5278
4141,6.6334
4142,5.8310
4202,36.2424
4143,5.8695
4203,35.6975
4204,35.6929
4144,6.9046
4145,5.7452
4205,36.3351
4146,5.9032
4206,35.2304
4207,35.5685
4147,6.8203
4208,35.8245
4148,5.9319
4209,36.2459
4149,6.7809
4150,5.8522
4210,35.9798
4151,5.8894
4211,36.0411
4212,34.8922
4152,6.9075
4153,6.2609
4213,34.8689
4214,33.8690
4154,7.1245
4215,35.3105
4155,6.0699
4216,34.2461
4156,6.0951
4217,33.9410
4157,6.9599
4158,5.9213
4218,34.9684
4219,34.0181
4159,6.4734
4220,34.7017
4160,6.1224
4221,34.6067
4161,6.9522
4222,35.4036
4162,7.0696
4163,5.8532
4223,35.3048
4224,34.6985
4164,6.6838
4165,5.8526
4225,34.7028
4226,33.8103
4166,7.0840
4167,5.9636
4227,34.8246
4228,33.8434
4168,7.0320
4229,34.5784
4169,6.4499
4230,34.2588
4170,6.0945
4231,34.4310
4171,6.9204
4172,5.8028
4232,34.9307
4233,33.6106
4173,7.0150
4174,6.2106
4234,35.2819
4235,33.7254
4175,6.5061
4236,35.7418
4176,6.6874
4177,5.9328
4237,34.8608
4238,33.9262
4178,5.9580
4239,34.2603
4179,6.5538
4240,35.1094
4180,5.9030
4241,33.9474
4181,6.6828
4182,5.9762
4242,35.9167
4243,35.7859
4183,6.3921
4244,34.3259
4184,7.0439
4185,5.9527
4245,35.6328
4246,33.9483
4186,6.5784
4247,34.4300
4187,6.0054
4248,34.7648
4188,5.9068
4249,34.0370
4189,6.5062
4250,34.3751
4190,6.7556
4251,34.5087
4191,7.1002
4192,6.0641
4252,35.3158
4253,33.8370
4193,7.0634
4254,36.1618
4194,6.5719
4255,34.5064
4195,5.9165
4256,34.2647
4196,7.0772
4197,5.8732
4257,34.6561
4258,33.9784
4198,6.8930
4199,6.7223
4259,34.5286
4260,34.2507
4200,6.8654
4261,35.2335
4201,6.9011
4202,5.9799
4262,35.1165
4263,33.8324
4203,6.8814
4204,6.0753
4264,35.2126
4265,34.1613
4205,6.1256
4266,34.6578
4206,7.0097
4207,5.8247
4267,35.4649
4268,33.2048
4208,7.0710
4209,6.3690
4269,34.3437
4270,33.0060
4210,7.1970
4271,35.1810
4211,6.9706
4212,5.9087
4272,34.9140
4273,33.7492
4213,7.0420
4214,5.9934
4274,35.0147
4275,33.7572
4215,6.1089
4276,34.8562
4216,7.1357
4217,6.0990
4277,34.7714
4278,33.9946
4218,6.1032
4279,33.8297
4219,6.5849
4280,34.5567
4220,5.9901
4281,33.3652
4221,6.3933
4282,34.6024
4222,5.9521
4283,34.4374
4223,6.6786
4224,5.9860
4284,35.1584
4285,33.9521
4225,7.3288
4286,35.3211
4226,6.0426
4227,5.9135
4287,34.5031
4288,34.1551
4228,6.9727
4289,34.4012
4229,6.5578
4290,33.9685
4230,7.1047
4291,34.5015
4231,7.1519
4232,5.8806
4292,34.7166
4293,34.5378
4233,6.4914
4294,34.7742
4234,6.9060
4295,35.2712
4235,6.0172
4296,33.9117
4236,6.8135
4297,34.4301
4237,6.1479
4298,34.3295
4238,6.4817
4299,35.1062
4239,7.1751
4240,5.8588
4300,35.3923
4301,33.9454
4241,6.5728
4302,34.2637
4242,7.1299
4303,36.0908
4243,6.5389
4244,5.9669
4304,34.5026
4305,34.5351
4245,5.8624
4306,33.9622
4246,7.2406
4247,6.1167
4307,35.8496
4308,33.4866
4248,6.6776
4309,34.2061
4249,6.2762
4310,34.7562
4250,6.4876
4311,34.4862
4251,7.1324
4312,34.8366
4252,6.0716
4313,33.9126
4253,7.1755
4254,5.9738
4314,35.4821
4315,34.7712
4255,7.1144
4256,5.9060
4316,34.8568
4317,33.7064
4257,6.3788
4318,34.0935
4258,7.0817
4319,35.1728
4259,6.8484
4260,5.9358
4320,34.7013
4321,36.8809
4261,6.7611
4322,34.9063
4262,6.0732
4323,33.8911
4263,6.5171
4324,34.8629
4264,7.0838
4265,5.8241
4325,34.7854
4326,33.4813
4266,6.2499
4327,34.3679
4267,6.9708
4328,34.9003
4268,6.6307
4329,34.8864
4269,6.6508
4270,5.8712
4330,34.6516
4331,34.1081
4271,6.4152
4332,34.6824
4272,6.1856
4333,34.5398
4273,6.7602
4274,5.7801
4334,35.2755
4335,33.4572
4275,7.1304
4276,6.7062
4336,35.2787
4337,33.8788
4277,7.1743
4338,35.1102
4278,6.8715
4279,5.9721
4339,36.9168
4340,34.2121
4280,6.0387
4341,33.9779
4281,6.1438
4342,35.2797
4282,6.6276
4343,34.4465
4283,6.0835
4344,34.3792
4284,7.3457
4345,35.2671
4285,7.0194
4346,35.0765
4286,7.3693
4347,35.1044
4287,5.9885
4348,33.3221
4288,6.1304
4349,34.2265
4289,6.5957
4350,34.5870
4290,6.8558
4291,5.9822
4351,34.2865
4352,33.5915
4292,6.9273
4353,34.7318
4293,6.4060
4354,35.2169
4294,6.1163
4355,34.3790
4295,6.6055
4356,35.0277
4296,5.9732
4357,34.1704
4297,6.2130
4358,34.1614
4298,6.3366
4359,34.5362
4299,6.5667
4360,35.1603
4300,6.4068
4361,33.2009
4301,7.1863
4362,34.9109
4302,5.9802
4363,35.2229
4303,7.0538
4304,5.9513
4364,34.5549
4365,33.9140
4305,6.8757
4366,34.6325
4306,7.2155
4367,35.1946
4307,6.6560
4368,34.1607
4308,6.4515
4369,34.6819
4309,6.0945
4310,5.8603
4370,34.8397
4371,33.6248
4311,6.6809
4312,6.0073
4372,35.0506
4373,34.1189
4313,7.4126
4374,34.5528
4314,6.0671
4375,34.1337
4315,7.0274
4316,6.4380
4376,35.0265
4377,33.2171
4317,7.3144
4378,35.4128
4318,7.1943
4319,6.0080
4379,35.4653
4380,34.1505
4320,7.1647
4321,6.3080
4381,35.1644
4382,34.5223
4322,6.0095
4383,34.4545
4323,6.8448
4324,6.4570
4384,34.5342
4385,36.9394
4325,6.8338
4386,34.4645
4326,7.0552
4327,5.8951
4387,34.6515
4388,33.7924
4328,7.0955
4329,5.9680
4389,35.5737
4390,33.3981
4330,6.7067
4391,35.2123
4331,5.8423
4392,33.9968
4332,7.4009
4393,35.1761
4333,6.2443
4394,33.9867
4334,6.9322
4395,35.1790
4335,5.9800
4396,34.1035
4336,6.1153
4397,34.1509
4337,5.8600
4398,33.5949
4338,7.0525
4399,35.0081
4339,6.3119
4400,34.9992
4340,6.5640
4401,34.3988
4341,6.0823
4402,34.3143
4342,6.6492
4403,34.9252
4343,6.3188
4344,5.8605
4404,34.3298
4405,34.5540
4345,7.0774
4406,34.3083
4346,6.0300
4407,34.5775
4347,7.1433
4348,5.8957
4408,34.7908
4409,34.4714
4349,6.8547
4410,34.6883
4350,6.3669
4411,33.3429
4351,6.8900
4412,34.3705
4352,6.9852
4353,5.8127
4413,34.9813
4414,33.5373
4354,6.8226
4415,34.6484
4355,6.7639
4416,35.4949
4356,6.7450
4357,5.9302
4417,34.4050
4418,34.0959
4358,6.4721
4419,34.1864
4359,7.4421
4360,6.3396
4420,34.9330
4361,5.9515
4421,33.9406
4422,34.3337
4362,7.0221
4423,34.5137
4363,6.4139
4424,34.4232
4364,6.3785
4425,34.4339
4365,7.0434
4426,34.9678
4366,6.8655
4367,5.8790
4427,34.9903
4428,34.6791
4368,6.6792
4429,34.4479
4369,5.9944
4430,33.5038
4370,7.1607
4431,34.8960
4371,5.8801
4432,33.7266
4372,7.0410
4373,5.9056
4433,34.3802
4434,34.3617
4374,6.6482
4375,5.9898
4435,34.7099
4436,34.2592
4376,6.8369
4437,35.2258
4377,6.5477
4378,5.8793
4438,35.0102
4439,33.5938
4379,7.0528
4380,6.2411
4440,34.7694
4441,33.9276
4381,6.8478
4442,34.5408
4382,7.3704
4443,34.4226
4383,6.6316
4444,35.8930
4384,6.7092
4385,6.5559
4445,36.5152
4446,35.4314
4386,5.9330
4447,35.0967
4387,5.9242
4448,35.3186
4388,6.7865
4449,35.1580
4389,6.1238
4450,35.5699
4390,6.8600
4451,35.8611
4391,5.9017
4452,34.5243
4392,6.0605
4453,35.5898
4393,6.8932
4454,36.1448
4394,5.9162
4455,34.5599
4395,6.0283
4396,6.0959
4456,36.2167
4397,5.9264
4457,34.9396
4458,35.5045
4398,5.9916
4399,5.8371
4459,35.2894
4460,34.8559
4400,6.6048
4401,6.7863
4461,35.3212
4462,34.9313
4402,6.3565
4463,36.4256
4403,6.4457
4404,5.8022
4464,36.7612
4405,5.8413
4465,33.9597
4466,35.6755
4406,6.9447
4467,35.3459
4407,5.8576
4408,6.9917
4468,35.5723
4469,36.4285
4409,6.1281
4470,36.0592
4410,6.3778
4411,5.7984
4471,35.7975
4472,35.0957
4412,6.4543
4413,5.8282
4473,35.3773
4474,35.0274
4414,6.3593
4415,5.8205
4475,36.0303
4416,5.9116
4476,34.9031
4477,35.0010
4417,6.3563
4418,6.2394
4478,35.8870
4479,34.1902
4419,6.4858
4480,34.8961
4420,6.3536
4481,36.3151
4421,6.3097
4422,6.0984
4482,35.8091
4483,34.5379
4423,6.4634
4484,35.9786
4424,6.6610
4425,5.9424
4485,36.2689
4486,35.3374
4426,6.5350
4427,6.2814
4487,35.9277
4488,35.3499
4428,6.0434
4489,34.8094
4429,6.1407
4430,6.0559
4490,36.3113
4431,6.7790
4491,34.8221
4492,35.8355
4432,6.4487
4493,35.9753
4433,6.8235
4434,6.0984
4494,35.7312
4495,35.2933
4435,6.7101
4436,5.9747
4496,35.4977
4497,35.6247
4437,6.4885
4438,5.9593
4498,36.5145
4499,34.8129
4439,6.7092
4500,35.9709
4440,6.1885
4501,35.1802
4441,6.0253
4502,35.6510
4442,6.2033
4503,35.1016
4443,6.8181
4504,36.5127
4444,6.4100
4445,6.0532
4505,36.1033
4506,35.0654
4446,6.0101
4507,35.5262
4447,6.5049
4508,34.0764
4448,6.6511
4509,35.6157
4449,6.1718
4510,36.5777
4450,6.3792
4511,35.4100
4451,6.0824
4452,5.8308
4512,35.6474
4453,5.9722
4513,34.4497
4514,36.2751
4454,6.2793
4455,6.3664
4515,36.0381
4516,35.1046
4456,6.4880
4517,36.3795
4457,5.9415
4458,5.8064
4518,34.9495
4519,34.2355
4459,6.0991
4460,5.8147
4520,35.9464
4521,34.0078
4461,6.0444
4462,5.7734
4522,35.4772
4523,34.3849
4463,6.3957
4464,6.2997
4524,36.0188
4525,35.3081
4465,6.4121
4466,5.9410
4526,35.5905
4527,35.0347
4467,5.9132
4528,35.3451
4468,6.3783
4469,5.7472
4529,36.1294
4530,35.0980
4470,6.0378
4471,5.8306
4531,35.2298
4532,34.7844
4472,6.4697
4533,35.2528
4473,6.4356
4474,5.8754
4534,36.2679
4535,35.3770
4475,6.2380
4536,35.1152
4476,6.3118
4537,36.2474
4477,6.0625
4538,34.9401
4478,6.0007
4479,5.7412
4539,35.9394
4540,35.2308
4480,6.3617
4481,5.7789
4541,36.1652
4542,34.8872
4482,5.8820
4543,35.2281
4483,6.1753
4544,35.3763
4484,6.0137
4545,35.9868
4485,5.9340
4546,35.4974
4486,6.1192
4547,35.5167
4487,5.9289
4548,35.0028
4488,5.9144
4549,34.5726
4489,6.0155
4490,5.8910
4550,35.6725
4551,34.8428
4491,6.4564
4492,5.9123
4552,35.9409
4553,35.0760
4493,6.1377
4494,5.8328
4554,36.0643
4495,6.3349
4555,34.6363
4556,35.2635
4496,6.5420
4557,36.2085
4497,6.6342
4498,5.9497
4558,36.1612
4559,34.3182
4499,6.2703
4560,35.7516
4500,6.5554
4501,5.8874
4561,35.3107
4562,35.2066
4502,6.0568
4563,35.6223
4503,5.8712
4564,34.7759
4504,6.4028
4505,6.3234
4565,36.4123
4566,35.3249
4506,6.5591
4567,35.0973
4507,6.0410
4568,34.3205
4508,5.9739
4569,35.4488
4509,6.3266
4570,35.2681
4510,6.3699
4571,36.1623
4511,6.6986
4512,6.3637
4572,36.4137
4573,34.2464
4513,5.9073
4574,35.4310
4514,6.2373
4575,35.4518
4515,6.6412
4576,35.4270
4516,6.6064
4577,35.5174
4517,6.8683
4578,36.0274
4518,6.5258
4519,5.9880
4579,35.4393
4520,5.9910
4580,34.8749
4581,35.2013
4521,6.7208
4522,6.5095
4582,35.4694
4583,35.4122
4523,6.3179
4584,35.0878
4524,6.0105
4525,5.8574
4585,35.6776
4586,33.8195
4526,6.0153
4527,5.9791
4587,35.3679
4588,34.8578
4528,6.1207
4589,36.3576
4529,6.9632
4590,34.9945
4530,6.1146
4591,36.7857
4531,6.3848
4592,34.7701
4532,6.1400
4593,35.1950
4533,5.9389
4594,34.7942
4534,6.3966
4595,35.8736
4535,6.4778
4596,36.1112
4536,6.3147
4537,5.7873
4597,35.3989
4598,34.6540
4538,5.9124
4599,35.4065
4539,6.0128
4540,5.8256
4600,35.6755
4601,34.7641
4541,6.7413
4602,35.9065
4542,6.6094
4603,36.2750
4543,6.3541
4544,5.8403
4604,35.6169
4605,35.0756
4545,6.0910
4606,35.6978
4546,6.5625
4607,35.7238
4547,5.8693
4608,35.7178
4548,6.5168
4549,6.6022
4609,35.6904
4610,35.0104
4550,6.4024
4611,35.4812
4551,5.8247
4612,34.8423
4552,5.8384
4613,34.7518
4553,6.0747
4554,5.8693
4614,35.7614
4615,34.6240
4555,5.7699
4616,34.8957
4556,6.1012
4557,5.7826
4617,36.3758
4618,34.6755
4558,6.0262
4559,5.8018
4619,35.3897
4560,6.2006
4620,34.5110
4621,35.3943
4561,6.2921
4622,35.3442
4562,6.4015
4563,5.8251
4623,35.2664
4624,34.8096
4564,6.3575
4565,5.7365
4625,35.7917
4626,34.3193
4566,6.0969
4567,6.1835
4627,35.6509
4628,35.1969
4568,6.4468
4629,35.9016
4569,6.3882
4630,35.0733
4570,6.2718
4571,5.8549
4631,35.7773
4632,35.1465
4572,6.3247
4573,5.8180
4633,35.0889
4634,34.2911
4574,6.0363
4575,5.8363
4635,36.0079
4636,34.9530
4576,6.4812
4637,35.0674
4577,6.0748
4638,36.0910
4578,6.0644
4579,5.7310
4639,36.2566
4640,36.8685
4580,5.8273
4641,34.4944
4581,5.9727
4642,35.1582
4582,6.0971
4643,35.5224
4583,6.4609
4584,6.4247
4644,35.6980
4645,34.5159
4585,6.0915
4646,36.1146
4586,6.3417
4587,5.8569
4647,35.2858
4588,5.7796
4648,35.8732
4589,6.5035
4649,35.8223
4650,34.3168
4590,6.2615
4651,34.9844
4591,5.9849
4592,6.0410
4652,35.5708
4653,34.9659
4593,6.5569
4594,6.8161
4654,35.2529
4655,34.7972
4595,6.1182
4656,36.0016
4596,5.9854
4657,34.5671
4597,6.4496
4598,5.9366
4658,35.8721
4659,35.0306
4599,6.3497
4660,36.7453
4600,6.4464
4661,35.6502
4601,5.8509
4662,34.7874
4602,6.0706
4663,35.7609
4603,6.5070
4604,5.8509
4664,35.5661
4665,34.8736
4605,6.3557
4606,5.9101
4666,35.8975
4607,6.2169
4667,34.8410
4668,35.3689
4608,6.3624
4669,35.6257
4609,6.5141
4610,5.9246
4670,35.8565
4671,35.2518
4611,6.4986
4612,5.9163
4672,35.7089
4673,34.7752
4613,6.3960
4674,34.9395
4614,5.8601
4675,34.5516
4615,6.3643
4676,35.9278
4616,6.3313
4617,5.7919
4677,35.1855
4678,34.9293
4618,6.4223
4619,6.4647
4679,36.0184
4680,34.6734
4620,6.4722
4681,35.5274
4621,6.1190
4622,5.9439
4682,36.0763
4683,35.9885
4623,5.7632
4684,35.3411
4624,6.0986
4685,35.9122
4625,5.9413
4686,35.3145
4626,6.3929
4627,6.2506
4687,35.3440
4688,34.8177
4628,6.2896
4689,35.1147
4629,6.3975
4630,5.8389
4690,35.4539
4691,34.6575
4631,5.9838
4692,34.8457
4632,6.2439
4693,34.5680
4633,7.0282
4694,35.6910
4634,6.4611
4695,35.8798
4635,6.5139
4636,5.7616
4696,35.5671
4697,34.1825
4637,6.6740
4698,36.4653
4638,6.4336
4699,36.2428
4639,6.3888
4640,5.8452
4700,35.6568
4701,35.5553
4641,6.3606
4702,35.6831
4642,5.9841
4703,34.7138
4643,6.0756
4704,35.9590
4644,5.9601
4705,34.5433
4645,5.9906
4646,6.2675
4706,35.2158
4707,33.8316
4647,6.0501
4708,36.1428
4648,5.9718
4709,34.9753
4649,6.3268
4650,6.1546
4710,35.5909
4711,35.4404
4651,6.4082
4712,35.7099
4652,6.3882
4653,5.7918
4713,35.6805
4654,5.7856
4714,34.5682
4715,35.1330
4655,6.0213
4656,5.8183
4716,35.8611
4717,35.0846
4657,6.3626
4658,5.8944
4718,35.0675
4719,34.7703
4659,6.1431
4720,35.1891
4660,5.9127
4721,35.4729
4661,6.1196
4662,5.8550
4722,36.0227
4723,35.2104
4663,6.4741
4724,35.2280
4664,5.9681
4725,34.9024
4665,5.9435
4726,35.1899
4666,6.4934
4727,35.7600
4667,6.3253
4728,35.1744
4668,6.4662
4729,36.2149
4669,6.5149
4670,5.8774
4730,35.7714
4731,35.9421
4671,6.3519
4672,5.8063
4732,35.5703
4733,34.9263
4673,5.9798
4674,5.7588
4734,35.4110
4735,34.7259
4675,6.2688
4676,6.0638
4736,35.1172
4737,34.3903
4677,6.1042
4738,35.8925
4678,6.2540
4739,34.8934
4679,6.5025
4740,35.9957
4680,6.3864
4681,6.0501
4741,35.9042
4742,34.7935
4682,5.8917
4743,35.1042
4683,6.1124
4684,6.2091
4744,36.0516
4745,34.8682
4685,6.3868
4746,35.3982
4686,6.3510
4687,6.5040
4747,34.9824
4748,34.8221
4688,6.1434
4749,36.2663
4689,6.0126
4690,5.8457
4750,37.9467
4751,34.6332
4691,6.3619
4692,5.9214
4752,35.5420
4753,35.2603
4693,5.8072
4754,35.0260
4694,6.0428
4755,35.2173
4695,6.0200
4756,35.5039
4696,5.9936
4757,34.4396
4697,6.0346
4698,5.8094
4758,35.2166
4759,34.4959
4699,6.0471
4760,35.2729
4700,6.0760
4701,6.7621
4761,36.1728
4762,35.2894
4702,6.7404
4763,36.4781
4703,6.4741
4764,35.5249
4704,5.8824
4765,34.5962
4705,5.9093
4766,35.0427
4706,6.2975
4767,34.5615
4707,6.6507
4768,37.3834
4708,6.1713
4769,35.1368
4709,6.0735
4710,5.7920
4770,36.0096
4771,34.5687
4711,6.2508
4772,35.6908
4712,5.8063
4773,34.8975
4713,5.9192
4714,5.8769
4774,35.1538
4775,35.0288
4715,6.4878
4776,35.8373
4716,5.9438
4777,35.4900
4717,6.3114
4778,35.3156
4718,6.3959
4779,35.8916
4719,6.0469
4780,36.1147
4720,6.3936
4781,35.8086
4721,5.8559
4722,5.7761
4782,35.8605
4783,34.4355
4723,6.0267
4724,5.8607
4784,36.2555
4785,35.0616
4725,6.4592
4786,35.3876
4726,5.9747
4787,35.0716
4727,6.2137
4788,34.8315
4728,5.9650
4789,35.8170
4729,6.0290
4790,35.1950
4730,6.0598
4731,5.8213
4791,36.6333
4792,35.7680
4732,6.2858
4733,5.8414
4793,35.0191
4794,34.9862
4734,6.1741
4795,35.6211
4735,6.4225
4796,35.0441
4736,6.3356
4797,35.4091
4737,5.8468
4798,35.1065
4738,6.0651
4739,5.7414
4799,36.1059
4800,34.0497
4740,6.3906
4741,5.9397
4801,35.7970
4802,34.3730
4742,5.7156
4803,35.4924
4743,6.0383
4744,5.7839
4804,35.7071
4805,33.9157
4745,6.0102
4746,5.9548
4806,34.9777
4807,34.1625
4747,6.6466
4808,35.7476
4748,5.8318
4749,5.6496
4809,35.2855
4810,34.2097
4750,5.7447
4811,35.9568
4751,5.7918
4812,35.4856
4752,5.9407
4753,5.7650
4813,35.5177
4814,34.6673
4754,6.0603
4815,35.0801
4755,5.8668
4816,36.1025
4756,5.9381
4817,35.2070
4757,5.7755
4818,35.6711
4758,5.9905
4759,5.7215
4819,35.9525
4820,34.9621
4760,5.9792
4761,5.8395
4821,35.9095
4822,35.6566
4762,5.7911
4823,35.2408
4763,5.8927
4764,5.7091
4824,36.7191
4825,34.2976
4765,5.9636
4826,35.8203
4766,5.9836
4767,5.6460
4827,35.6317
4828,34.2599
4768,5.9363
4829,34.9521
4769,6.0196
4830,35.3479
4770,6.0100
4771,5.8658
4831,36.0012
4832,34.9099
4772,6.0179
4833,35.3615
4773,5.7623
4774,5.7229
4834,35.3025
4835,34.2758
4775,5.7255
4836,35.5372
4776,6.0549
4777,5.6920
4837,36.0420
4838,34.4776
4778,5.8581
4839,36.0228
4779,5.8644
4840,35.6074
4780,6.0800
4841,35.7040
4781,5.9625
4782,5.6960
4842,35.5481
4843,35.3444
4783,5.9934
4844,35.6844
4784,5.8136
4845,34.4355
4785,5.8343
4786,5.8237
4846,36.3093
4847,35.1862
4787,5.8956
4848,34.4598
4788,6.5417
4789,5.6526
4849,37.9609
4850,34.6346
4790,5.8619
4851,35.0980
4791,5.6765
4852,35.3904
4792,5.6665
4853,34.9970
4793,5.8371
4854,34.6133
4794,5.7341
4855,36.0309
4795,5.8883
4856,35.4068
4796,5.9256
4797,5.6094
4857,36.2490
4858,34.8305
4798,5.8288
4859,35.8331
4799,5.7905
4860,35.5899
4800,5.8663
4861,35.0488
4801,5.7262
4862,35.7989
4802,5.9571
4863,35.2128
4803,5.8696
4804,5.8235
4864,35.6985
4865,35.5398
4805,5.8650
4806,5.8323
4866,36.4849
4867,34.4904
4807,6.2168
4868,36.2723
4808,6.3971
4809,5.8128
4869,35.7930
4810,6.1103
4870,35.2616
4871,35.3039
4811,6.0971
4812,6.1616
4872,36.2138
4873,34.7535
4813,6.4078
4874,35.6048
4814,6.4541
4815,5.7389
4875,35.5124
4876,35.4248
4816,6.1180
4817,5.7984
4877,36.3078
4878,34.2979
4818,5.9421
4879,34.9723
4819,6.4089
4880,36.3240
4820,6.0210
4821,5.7889
4881,36.3427
4822,5.6135
4882,35.4700
4883,33.9208
4823,6.0674
4824,5.6593
4884,36.2740
4885,34.3549
4825,6.2531
4826,5.8662
4886,36.2056
4887,35.2589
4827,5.9986
4828,5.6697
4888,35.2528
4889,34.3041
4829,6.2523
4830,5.8744
4890,36.1411
4891,34.7513
4831,6.1343
4892,35.7362
4832,5.8719
4893,35.4934
4833,6.1978
4834,5.7842
4894,35.1924
4895,35.0269
4835,6.1178
4896,34.9629
4836,6.3168
4897,35.5948
4837,6.3233
4898,35.5187
4838,5.7133
4899,35.6265
4839,6.4333
4840,5.9436
4900,35.2969
4901,35.7986
4841,5.9623
4842,5.9077
4902,36.2957
4903,35.1945
4843,5.9077
4904,35.5199
4844,6.0055
4845,5.8010
4905,36.5044
4906,34.5213
4846,5.8490
4907,35.5693
4847,5.9369
4848,5.8699
4908,35.8337
4909,34.7421
4849,5.9352
4910,35.2207
4850,6.2055
4851,5.7225
4911,36.0944
4912,34.5335
4852,5.9352
4853,5.8916
4913,36.4268
4914,35.3546
4854,6.1966
4855,5.8284
4915,35.9304
4916,34.3197
4856,6.1944
4917,35.5023
4857,6.0159
4858,5.9138
4918,35.5601
4919,34.7601
4859,6.1628
4920,34.8039
4860,5.9771
4921,35.9852
4861,6.1053
4922,35.8644
4862,5.9570
4863,6.2711
4923,36.1989
4924,35.3243
4864,5.9724
4925,35.1289
4865,5.9904
4926,35.1023
4866,6.3349
4927,34.3486
4867,6.1091
4928,34.9567
4868,6.2968
4929,34.2919
4869,6.3275
4930,34.5003
4870,6.2699
4931,35.1516
4871,5.9943
4932,34.5204
4872,5.9686
4933,34.3780
4873,6.5727
4934,37.1047
4874,6.0806
4935,34.6372
4875,6.3116
4936,34.7230
4876,5.9501
4877,6.0028
4937,34.0939
4938,33.4106
4878,6.5036
4939,34.5282
4879,6.1976
4940,34.7501
4880,6.3364
4881,5.9164
4941,35.4267
4942,34.2021
4882,6.3388
4883,6.3085
4943,35.9237
4944,33.8675
4884,6.4280
4945,35.0540
4885,6.2690
4946,36.4953
4886,6.6579
4947,34.5409
4887,6.3347
4948,34.1542
4888,6.1134
4949,35.1943
4889,6.2885
4950,34.3264
4890,6.6285
4951,34.6418
4891,6.4298
4952,35.3840
4892,5.9289
4953,34.1138
4893,6.2574
4954,35.2108
4894,6.1405
4895,5.8404
4955,35.1727
4956,33.8079
4896,6.0651
4957,34.2515
4897,5.8670
4958,34.0763
4898,6.0634
4959,34.7924
4899,6.2347
4960,34.7560
4900,6.0287
4961,34.2070
4901,6.2581
4962,35.3380
4902,5.8921
4963,33.9296
4903,6.1641
4964,35.1736
4904,5.9833
4965,34.6897
4905,6.2494
4906,5.8601
4966,34.6046
4967,34.1458
4907,6.0143
4968,34.4537
4908,5.8867
4969,33.7518
4909,6.0634
4970,35.0997
4910,6.6504
4971,34.7658
4911,6.3625
4972,34.6426
4912,6.5361
4973,34.7048
4913,6.6214
4974,35.1250
4914,6.0085
4975,34.1751
4915,6.1273
4976,35.3257
4916,6.1783
4977,34.8777
4917,6.6331
4978,35.3850
4918,6.3107
4979,34.4619
4919,6.5423
4980,34.8528
4920,6.5005
4981,35.9620
4921,6.3098
4982,34.9012
4922,6.3360
4983,34.1114
4923,6.2194
4984,34.9969
4924,5.8698
4985,33.7782
4925,6.3172
4986,34.7142
4926,6.0243
4987,33.9193
4927,6.3984
4988,35.1214
4928,6.1890
4989,34.5471
4929,6.1798
4990,34.4882
4930,6.2179
4991,35.5922
4931,6.1133
4932,5.8459
4992,35.1054
4933,5.9677
4993,33.9891
4994,34.5336
4934,6.4281
4995,34.9566
4935,6.0344
4996,33.7133
4936,6.1593
4997,35.8553
4937,6.3026
4998,34.1881
4938,6.1030
4999,34.9907
4939,5.9451
5000,34.1421
4940,6.3101
4941,6.0448
5001,34.6074
5002,34.4198
4942,6.1385
5003,34.4936
4943,6.2322
5004,35.1951
4944,6.1037
5005,33.7605
4945,6.4351
5006,35.6214
4946,6.0496
5007,34.3958
4947,6.4002
4948,5.9748
5008,34.8052
5009,34.1232
4949,6.4125
5010,34.7802
4950,6.0890
5011,34.5620
4951,6.1680
5012,35.8724
4952,6.1237
5013,34.1769
4953,6.2522
5014,35.6754
4954,6.0935
5015,33.6910
4955,5.9418
5016,34.1412
4956,6.1552
5017,35.3439
4957,6.1193
5018,34.5262
4958,5.9784
5019,34.3493
4959,6.0176
5020,34.3519
4960,6.2567
4961,6.1212
5021,35.7477
5022,35.2798
4962,6.2218
5023,34.3173
4963,6.4610
5024,34.0790
4964,6.2307
5025,35.1187
4965,6.0740
5026,33.6007
4966,6.1151
5027,34.8144
4967,6.3419
5028,35.2315
4968,6.4256
5029,35.1322
4969,5.9694
5030,34.8962
4970,6.4233
5031,35.4990
4971,6.2691
5032,34.3953
4972,5.9668
5033,33.8472
4973,6.4616
5034,35.3907
4974,6.4368
4975,5.8929
5035,35.9143
5036,33.9704
4976,6.3654
5037,34.5470
4977,5.9995
5038,34.1614
4978,6.0871
5039,35.0902
4979,6.1120
5040,35.0127
4980,6.4510
5041,35.1749
4981,6.0579
5042,34.4997
4982,6.1010
5043,35.7181
4983,6.2576
5044,34.4332
4984,5.8912
5045,33.6979
4985,6.0951
4986,5.9099
5046,35.0076
5047,34.1148
4987,6.3152
5048,35.2080
4988,6.3074
5049,35.0014
4989,6.3763
4990,5.8865
5050,34.6546
5051,34.5737
4991,5.9558
5052,34.7103
4992,6.4123
4993,5.9284
5053,34.4120
5054,34.5124
4994,6.3563
5055,34.8742
4995,6.1430
5056,35.2509
4996,5.9918
5057,34.7752
4997,6.3303
5058,35.1505
4998,6.3273
5059,34.2784
4999,6.1796
5060,34.1918
5000,6.1765
5061,33.9699
5001,6.1188
5062,34.7872
5002,6.1183
5063,34.2770
5003,6.0693
5064,33.7308
5004,6.4755
5065,34.6509
5005,6.2180
5066,35.6594
5006,6.4582
5007,6.0545
5067,35.2455
5068,33.9260
5008,5.9957
5069,34.2391
5009,5.9309
5070,35.0808
5010,6.1008
5011,5.9306
5071,34.8508
5072,34.2760
5012,6.1941
5073,35.2755
5013,6.1864
5074,34.2856
5014,6.2941
5015,5.8455
5075,34.7238
5076,33.5889
5016,6.1098
5077,34.8129
5017,6.0343
5078,34.0199
5018,6.2127
5079,35.2465
5019,6.0134
5080,34.3315
5020,6.0933
5081,35.3319
5021,6.4156
5082,35.2378
5022,6.1124
5083,33.8401
5023,6.1582
5084,35.0187
5024,6.1382
5085,34.5834
5025,6.1045
5026,5.9421
5086,35.3137
5087,34.3320
5027,6.3940
5088,34.5467
5028,5.8950
5089,33.8092
5029,6.0151
5090,33.2840
5030,6.2033
5091,34.7660
5031,6.1016
5032,5.8721
5092,34.8288
5093,33.5421
5033,6.1744
5034,5.9491
5094,35.6035
5095,33.6437
5035,6.3815
5096,34.0959
5036,6.0425
5097,34.5787
5037,6.1473
5098,34.2953
5038,6.1189
5099,34.5231
5039,6.2694
5100,34.7572
5040,6.1122
5101,34.5111
5041,6.2902
5042,5.9382
5102,34.9658
5103,34.0268
5043,6.3482
5104,34.9654
5044,6.3309
5105,34.7694
5045,6.2675
5106,35.0117
5046,6.4132
5107,34.6152
5047,5.9117
5108,34.1520
5048,6.1120
5109,34.1661
5049,6.0660
5110,34.1601
5050,6.0998
5111,34.2982
5051,6.0666
5112,34.2349
5052,6.1793
5053,6.0495
5113,35.0838
5114,33.7752
5054,6.1490
5115,34.6809
5055,6.6297
5056,5.9935
5116,35.5770
5117,33.8284
5057,6.0326
5118,33.7067
5058,5.9858
5119,34.2044
5059,6.3244
5120,34.6072
5060,6.0727
5121,34.4674
5061,5.9299
5122,33.5971
5062,6.1028
5123,34.9052
5063,6.1579
5064,6.0195
5124,34.9634
5125,34.7084
5065,6.0080
5126,34.7155
5066,5.9384
5127,33.4756
5067,6.2595
5128,33.9808
5068,6.1013
5129,34.6495
5069,5.9897
5130,34.0684
5070,6.0373
5131,34.7143
5071,6.3454
5132,34.6934
5072,5.8745
5133,33.7890
5073,6.0469
5134,34.5986
5074,6.3503
5135,34.7820
5075,5.9432
5136,34.5131
5076,6.1559
5077,5.9212
5137,36.1116
5138,33.8495
5078,6.0172
5139,34.3327
5079,6.1904
5140,35.0615
5080,6.0602
5141,34.2780
5081,6.1772
5082,6.0798
5142,35.6164
5143,34.2196
5083,6.4473
5144,34.8381
5084,6.1822
5145,34.3541
5085,6.3254
5086,6.1148
5146,34.6954
5147,34.0706
5087,6.5451
5148,35.0613
5088,6.4913
5149,34.7473
5089,6.1002
5150,34.0634
5090,6.7873
5151,33.8962
5091,6.5234
5152,34.1574
5092,6.1530
5153,34.3094
5093,6.3462
5094,6.1321
5154,34.5254
5155,33.5088
5095,6.0011
5156,35.1063
5096,6.0410
5157,33.6047
5097,5.8519
5158,34.1377
5098,6.7150
5159,35.2211
5099,6.1927
5160,33.3863
5100,6.1775
5161,34.6264
5101,6.2494
5162,35.0120
5102,6.1069
5163,35.2586
5103,6.1915
5104,5.8903
5164,34.4197
5165,34.1765
5105,6.6437
5166,34.5083
5106,6.0321
5167,35.1108
5107,5.9867
5168,34.0591
5108,6.6583
5169,35.3528
5109,6.4219
5170,34.1340
5110,5.9681
5171,34.5091
5111,6.1564
5172,34.1281
5112,6.1014
5173,35.2020
5113,6.2835
5174,34.0741
5114,6.2931
5175,35.1960
5115,6.3890
5176,34.9655
5116,6.4984
5177,34.0879
5117,6.4144
5178,35.3597
5118,6.6772
5179,35.0041
5119,6.3150
5180,34.4155
5120,5.9321
5181,34.4895
5121,6.3786
5182,35.3527
5122,6.3217
5183,34.7788
5123,6.4024
5184,34.1199
5124,6.0042
5185,35.0413
5125,6.2134
5126,6.0125
5186,34.9207
5187,33.5388
5127,6.4021
5128,5.8366
5188,35.8439
5189,33.6882
5129,6.0830
5130,6.3785
5190,34.9196
5191,35.9046
5131,6.2854
5192,34.7556
5132,6.1275
5193,35.0942
5133,6.6078
5134,5.8424
5194,34.8284
5195,33.5544
5135,6.1545
5196,34.8609
5136,6.3788
5197,34.5020
5137,6.4992
5198,34.7876
5138,6.7366
5139,5.8691
5199,35.2662
5200,34.4952
5140,6.4631
5201,34.4770
5141,6.5821
5142,6.0676
5202,34.9860
5203,34.1270
5143,6.0774
5204,35.1320
5144,6.4407
5205,35.3395
5145,6.2301
5206,35.2344
5146,6.3343
5207,34.7041
5147,6.2991
5208,35.3696
5148,6.2165
5209,34.8211
5149,6.1490
5210,34.1467
5150,6.2579
5151,5.9518
5211,34.7591
5212,34.0044
5152,6.4705
5213,34.2132
5153,6.1495
5214,35.0694
5154,6.1947
5155,5.9660
5215,34.9258
5216,33.6334
5156,6.6492
5217,35.2337
5157,6.5509
5158,6.3285
5218,35.1377
5219,34.3612
5159,6.1038
5220,34.6885
5160,6.5885
5221,34.7813
5161,6.2399
5222,34.7022
5162,6.2624
5163,6.0195
5223,34.9665
5224,33.4160
5164,6.4003
5225,35.0887
5165,6.4996
5226,35.1385
5166,6.2696
5227,33.7182
5167,6.1675
5228,33.6197
5168,6.0592
5229,34.1842
5169,6.3651
5230,35.3101
5170,6.2545
5231,34.1862
5171,6.2151
5232,34.1726
5172,6.4974
5233,34.6507
5173,6.0499
5174,6.2438
5234,34.5124
5175,5.8658
5235,33.2314
5236,33.8009
5176,6.6562
5237,34.8482
5177,6.3990
5178,6.0880
5238,35.3950
5239,33.9259
5179,6.7972
5240,34.9367
5180,6.3126
5241,34.6556
5181,6.2257
5182,5.9248
5242,34.8014
5243,33.0299
5183,6.0553
5244,34.1539
5184,6.5238
5245,34.3287
5185,6.2840
5246,34.1755
5186,6.3990
5247,35.0400
5187,6.6312
5248,36.5209
5188,6.1257
5249,34.7436
5189,6.6506
5250,34.4131
5190,6.4066
5251,33.7421
5191,6.4927
5192,6.2075
5252,34.8196
5253,34.0679
5193,6.4895
5194,5.7306
5254,34.8814
5255,33.7091
5195,6.0501
5256,35.0652
5196,5.8305
5257,34.5873
5197,6.1705
5258,33.9180
5198,6.1372
5199,5.9553
5259,35.8558
5260,33.4450
5200,6.2797
5201,6.0356
5261,35.2828
5262,33.9495
5202,6.5687
5263,34.4481
5203,6.1169
5264,35.2729
5204,5.7417
5265,33.6457
5205,6.6493
5266,34.6892
5206,6.2512
5207,6.0003
5267,34.9035
5268,34.4960
5208,6.2721
5269,34.6693
5209,6.2386
5270,34.4307
5210,6.0788
5271,34.1047
5211,6.3913
5272,34.5139
5212,6.3750
5213,5.8617
5273,36.1172
5274,33.7541
5214,5.9579
5275,34.3182
5215,6.1829
5276,35.2084
5216,5.9024
5277,33.6315
5217,6.5132
5278,35.0544
5218,6.0914
5219,5.7096
5279,34.5867
5280,33.2319
5220,6.1329
5281,35.0304
5221,6.3307
5282,34.5202
5222,6.1391
5223,6.1351
5283,34.9072
5284,34.0770
5224,6.1480
5285,34.3622
5225,6.4448
5286,35.4501
5226,6.2539
5287,33.5295
5227,6.1245
5288,34.1356
5228,6.4840
5289,35.9001
5229,6.3627
5230,5.8895
5290,34.8448
5291,33.7896
5231,6.6831
5292,34.6298
5232,6.2758
5233,6.1134
5293,35.0373
5294,34.1143
5234,6.6179
5295,35.0578
5235,6.2085
5296,34.9633
5236,6.0563
5297,34.2455
5237,6.6437
5238,5.9535
5298,35.2114
5239,5.9936
5299,34.9587
5300,33.8860
5240,6.1642
5301,35.1714
5241,6.6249
5302,34.9279
5242,6.3908
5303,34.9823
5243,6.3474
5244,6.1896
5304,34.6252
5305,33.2428
5245,6.2748
5246,5.6877
5306,34.5645
5307,33.6605
5247,6.2053
5308,34.4271
5248,6.5052
5309,34.8866
5249,6.4960
5310,34.3252
5250,6.4149
5311,34.2358
5251,6.2979
5312,34.1845
5252,6.4635
5313,34.6448
5253,6.1443
5314,33.6577
5254,6.2023
5315,33.5846
5255,6.3040
5316,34.5001
5256,6.4148
5317,35.0942
5257,6.3241
5258,6.2460
5318,37.7098
5319,33.8191
5259,5.9896
5320,34.1115
5260,6.3876
5321,34.9453
5261,6.1436
5322,33.7266
5262,6.4286
5323,35.1656
5263,6.1274
5324,34.4780
5264,5.9869
5325,33.7091
5265,6.3128
5266,6.1744
5326,34.3636
5327,33.7703
5267,6.6646
5328,34.4123
5268,6.4673
5269,6.1072
5329,35.1084
5330,34.1516
5270,5.8696
5331,34.2514
5271,6.3718
5332,34.2643
5272,6.3490
5333,34.8942
5273,6.0785
5334,35.0928
5274,6.2573
5335,34.1098
5275,6.4703
5276,6.0406
5336,35.2064
5337,33.9568
5277,6.2715
5338,34.6587
5278,6.2740
5339,34.8196
5279,5.9500
5340,33.6854
5280,6.6087
5341,34.6020
5281,6.5864
5342,34.5748
5282,6.1162
5343,34.2030
5283,6.4188
5344,34.6732
5284,6.3931
5345,34.3605
5285,6.4063
5346,34.2659
5286,6.1457
5287,5.9687
5347,35.1617
5348,34.1013
5288,6.2650
5349,35.0774
5289,6.2350
5350,34.2403
5290,6.5266
5351,34.9598
5291,6.5878
5352,34.8472
5292,6.5581
5353,35.0835
5293,6.2443
5354,34.1839
5294,6.1000
5355,33.9745
5295,6.1375
5356,34.3428
5296,6.4265
5357,34.2107
5297,6.4450
5358,35.1826
5298,6.3985
5359,35.0736
5299,6.4060
5360,33.8885
5300,6.1569
5301,5.8448
5361,35.1629
5362,33.5168
5302,6.3319
5363,34.7065
5303,6.3419
5364,33.8029
5304,6.5849
5365,33.8275
5305,6.1033
5366,33.2080
5306,6.5184
5367,35.6856
5307,6.5760
5368,35.4589
5308,6.4895
5309,6.0381
5369,34.8836
5370,33.8062
5310,5.9371
5371,33.1741
5311,6.0673
5312,6.0179
5372,35.2148
5373,33.6495
5313,6.4672
5374,34.4158
5314,6.4330
5375,34.9184
5315,6.3425
5376,35.4611
5316,6.3750
5317,5.9412
5377,34.5469
5318,5.9841
5378,34.0388
5379,33.8856
5319,6.0825
5320,5.9294
5380,35.1522
5381,33.2565
5321,6.4367
5382,35.6343
5322,6.2687
5383,34.5439
5323,6.3279
5384,34.7136
5324,6.0311
5325,5.7515
5385,34.8652
5386,33.5395
5326,6.2750
5387,33.6691
5327,6.4980
5388,35.0989
5328,6.2830
5389,34.0265
5329,6.0666
5390,35.1653
5330,9.0715
5391,35.8244
5331,10.0833
5392,35.5930
5332,9.6956
5333,9.4794
5393,35.7018
5394,34.7124
5334,9.3769
5395,35.0277
5335,9.2215
5396,34.8575
5336,9.5805
5397,35.2110
5337,9.6225
5338,9.1656
5398,35.3035
5399,34.3212
5339,9.0568
5400,34.2055
5340,9.3543
5401,35.2702
5341,9.6600
5402,36.3802
5342,9.3637
5403,35.7144
5343,9.2818
5404,34.7167
5344,9.0364
5405,34.3131
5345,9.3151
5406,35.2898
5346,9.1230
5407,34.8924
5347,9.1291
5408,35.1264
5348,9.3584
5409,36.0136
5349,9.1572
5410,34.9726
5350,9.2118
5411,34.6616
5351,8.9493
5412,36.4794
5352,9.4738
5413,34.9394
5353,9.0725
5414,34.4589
5354,9.0104
5415,34.2818
5355,8.9743
5416,34.6221
5356,9.1082
5417,35.0206
5357,8.9360
5418,34.2303
5358,9.3573
5419,36.6021
5359,9.5201
5420,35.5063
5360,9.2612
5421,33.9821
5361,9.0397
5422,34.1846
5362,9.0379
5423,33.9334
5363,9.1291
5424,35.3171
5364,9.0189
5425,34.7881
5365,8.9434
5426,34.8051
5366,9.2612
5427,35.1691
5367,9.4537
5368,9.3229
5428,35.1003
5429,34.9862
5369,9.5887
5430,35.0832
5370,9.2359
5431,35.2881
5371,9.0721
5432,34.3749
5372,9.2663
5433,35.2019
5373,9.0882
5434,34.8728
5374,9.0703
5435,34.4708
5375,8.9744
5436,34.2188
5376,9.3280
5377,8.9054
5437,35.4801
5438,33.9099
5378,8.9388
5439,34.5160
5379,8.8559
5440,34.3398
5380,9.0013
5441,34.7978
5381,9.2404
5442,35.3923
5382,9.2809
5443,35.3184
5383,8.8551
5444,33.7041
5384,9.2742
5385,8.8704
5445,36.0836
5446,33.5809
5386,9.0957
5447,34.4314
5387,9.0909
5448,35.3578
5388,9.4625
5449,35.5138
5389,9.0375
5450,34.2068
5390,9.0117
5451,34.9475
5391,9.1958
5392,8.8639
5452,35.3778
5453,33.7721
5393,9.4086
5454,35.3171
5394,9.1051
5455,34.3899
5395,9.4198
5456,35.2415
5396,9.0039
5457,34.5446
5397,9.1246
5458,34.4784
5398,9.1810
5459,35.7701
5399,8.9647
5460,34.1676
5400,9.1040
5461,35.7112
5401,8.9422
5462,34.1057
5402,9.2493
5463,34.9054
5403,8.9724
5464,34.1349
5404,9.3772
5405,8.9674
5465,35.9646
5466,34.1508
5406,8.9904
5467,34.2879
5407,9.1331
5468,34.5993
5408,9.0411
5469,34.9932
5409,9.0706
5470,34.8135
5410,9.4101
5411,8.9995
5471,35.2178
5472,34.7571
5412,9.0772
5473,35.3443
5413,9.0854
5474,34.6579
5414,8.9655
5475,35.0465
5415,9.4641
5416,9.0270
5476,36.0984
5477,33.9169
5417,8.9460
5478,34.9345
5418,9.0198
5479,34.4068
5419,9.0220
5480,34.9100
5420,8.9468
5481,34.6027
5421,9.5785
5422,8.9548
5482,35.9826
5483,33.4057
5423,8.9950
5484,34.4460
5424,9.2176
5485,35.1026
5425,9.0165
5486,34.8669
5426,8.9665
5487,34.1967
5427,9.1000
5488,35.3071
5428,9.1590
5489,34.9810
5429,9.2901
5490,35.0934
5430,9.0834
5491,34.4031
5431,9.1388
5492,34.3770
5432,8.9157
5493,34.6008
5433,9.3107
5494,35.6815
5434,9.0106
5495,37.7586
5435,9.0620
5436,9.1199
5496,35.4228
5437,8.9669
5497,34.9650
5498,34.8414
5438,9.3879
5499,35.6110
5439,9.0975
5500,34.2367
5440,8.9344
5441,8.9519
5501,35.4203
5502,34.3174
5442,9.0892
5503,34.4290
5443,9.1434
5504,35.8119
5444,9.0004
5505,33.9944
5445,8.9810
5506,35.0364
5446,9.1332
5507,34.1985
5447,9.0909
5508,34.6481
5448,9.1827
5509,35.6499
5449,9.0751
5510,34.6352
5450,9.2737
5511,34.3424
5451,9.0086
5512,35.0927
5452,9.2487
5513,35.4455
5453,9.0153
5514,34.6099
5454,9.4063
5455,9.1004
5515,35.9764
5516,34.2625
5456,9.3762
5517,35.1951
5457,9.0888
5518,34.3299
5458,8.9802
5519,34.9183
5459,9.1203
5520,34.6453
5460,9.2560
5521,35.1020
5461,9.0066
5522,34.7154
5462,9.0741
5523,34.8016
5463,8.7562
5524,33.8497
5464,9.0883
5525,35.6441
5465,9.3248
5526,34.4225
5466,9.1795
5467,8.4299
5527,34.8815
5528,34.3770
5468,8.6068
5529,36.6831
5469,9.0655
5530,36.1558
5470,8.4771
5471,8.6224
5531,35.1707
5532,34.3592
5472,8.7678
5473,8.6290
5533,35.6482
5534,34.3511
5474,8.4036
5535,34.2971
5475,8.8563
5536,35.2821
5476,8.5732
5537,33.4825
5477,8.6176
5538,35.5832
5478,8.4618
5539,36.4010
5479,8.6807
5480,8.3046
5540,36.0811
5541,33.8036
5481,8.7530
5542,34.8864
5482,8.6258
5543,35.5977
5483,8.4033
5544,34.4219
5484,8.7138
5545,35.2232
5485,8.4722
5546,34.7434
5486,8.5681
5547,35.8464
5487,8.4718
5548,34.3965
5488,8.8087
5549,34.5588
5489,8.5032
5550,34.4681
5490,8.3725
5551,34.4901
5491,8.5022
5552,34.4949
5492,8.5505
5553,35.4464
5493,8.4341
5554,34.4207
5494,8.6278
5555,34.6508
5495,8.6790
5556,35.3808
5496,8.4087
5557,34.5452
5497,8.7177
5558,35.0126
5498,8.8172
5559,35.5058
5499,8.2421
5560,33.9357
5500,8.6287
5561,36.2208
5501,8.6587
5562,35.0044
5502,8.3341
5563,36.3090
5503,8.4997
5504,8.4139
5564,35.5577
5565,34.0199
5505,8.8652
5566,35.7862
5506,8.6607
5567,34.6664
5507,9.5435
5568,35.2522
5508,8.6253
5569,34.5918
5509,8.9146
5510,8.4076
5570,35.7702
5571,34.4771
5511,8.4465
5572,34.7216
5512,8.7211
5573,35.3280
5513,8.3295
5574,35.0963
5514,8.4888
5575,34.9447
5515,8.7134
5576,34.6134
5516,8.2189
5577,34.0041
5517,8.3305
5578,35.1892
5518,8.5192
5579,35.0150
5519,8.4173
5580,34.4471
5520,8.5331
5581,34.4306
5521,8.8926
5582,36.3050
5522,8.3669
5523,8.3817
5583,35.6078
5584,33.7826
5524,8.4837
5585,35.3443
5525,8.6760
5586,35.0537
5526,8.6962
5587,34.4522
5527,8.5886
5588,35.6921
5528,8.6813
5529,8.2610
5589,35.3719
5590,33.7826
5530,8.3095
5591,34.7916
5531,8.7408
5592,35.2784
5532,8.5368
5593,35.7808
5533,8.4682
5594,34.4608
5534,8.3891
5595,34.8491
5535,8.6510
5596,35.6620
5536,8.4247
5597,34.9842
5537,8.5717
5598,36.4034
5538,8.6032
5599,34.3985
5539,8.7443
5600,35.2375
5540,8.4539
5601,35.1216
5541,9.3490
5602,34.6146
5542,8.9457
5603,34.9287
5543,8.6153
5604,34.3684
5544,8.5110
5605,34.7494
5545,8.4549
5606,34.7675
5546,8.4894
5607,34.8670
5547,8.6540
5608,34.9336
5548,8.9928
5609,36.0228
5549,9.2005
5550,8.5996
5610,36.3177
5611,34.3553
5551,8.6236
5612,34.6745
5552,8.8134
5613,35.2669
5553,9.0645
5614,35.6730
5554,8.6423
5615,34.3294
5555,8.9679
5616,35.4885
5556,8.6683
5617,35.3143
5557,8.5243
5618,34.9071
5558,8.7924
5619,35.4621
5559,8.5806
5620,34.4391
5560,8.9321
5621,34.9433
5561,8.5630
5622,34.3319
5562,8.8952
5623,35.6157
5563,8.5705
5624,34.5663
5564,8.5493
5625,34.6577
5565,8.4801
5626,35.0126
5566,8.7851
5627,35.6880
5567,8.6940
5628,34.7218
5568,8.5623
5629,34.6203
5569,8.9564
5630,35.6190
5570,8.7164
5631,35.2508
5571,8.4697
5632,33.6908
5572,8.6643
5633,35.4349
5573,8.7922
5634,35.8123
5574,8.5778
5635,34.3588
5575,8.5427
5636,34.1757
5576,8.6063
5637,34.4353
5577,8.9114
5638,35.4696
5578,8.6865
5639,34.6674
5579,8.9013
5580,8.6687
5640,37.1630
5641,35.0436
5581,8.5060
5642,34.7573
5582,8.6881
5643,35.3337
5583,8.4358
5644,34.3485
5584,8.6521
5645,37.1521
5585,9.1216
5646,35.8864
5586,8.6269
5647,35.2574
5587,8.6222
5648,34.6887
5588,8.8524
5649,35.2369
5589,8.9765
5650,35.0759
5590,8.5733
5651,33.9323
5591,8.7259
5592,8.7047
5652,35.6202
5653,34.7662
5593,8.7873
5654,35.2799
5594,8.6738
5655,33.9450
5595,8.6428
5656,34.5251
5596,9.1540
5657,35.8101
5597,8.5587
5658,34.1400
5598,8.6037
5659,34.2319
5599,8.6786
5660,35.2426
5600,8.9234
5661,35.6893
5601,8.6789
5662,34.7518
5602,8.7585
5663,34.7390
5603,8.6008
5664,35.0510
5604,8.8485
5665,35.0478
5605,8.5033
5666,34.1882
5606,8.7134
5667,35.4797
5607,8.6215
5668,35.0805
5608,8.7615
5669,35.4926
5609,8.6273
5670,34.7019
5610,8.7802
5671,35.7853
5611,8.7891
5672,35.0349
5612,8.6105
5673,34.6158
5613,8.5248
5674,34.6867
5614,8.6749
5675,34.8594
5615,8.8899
5616,8.7668
5676,36.2036
5677,35.1655
5617,8.3858
5678,34.3618
5618,8.5317
5679,34.6523
5619,8.6968
5680,35.5308
5620,8.5789
5681,34.6765
5621,8.7744
5682,35.1406
5622,8.5821
5683,34.3264
5623,8.5211
5684,35.1157
5624,8.6483
5685,34.5672
5625,8.7072
5686,35.5711
5626,8.5110
5687,34.7204
5627,8.5132
5688,34.2513
5628,8.8223
5689,35.3134
5629,8.4528
5690,34.6761
5630,8.4491
5691,36.1584
5631,8.5188
5692,34.7793
5632,8.8497
5693,35.5530
5633,8.7797
5634,8.5327
5694,34.7287
5695,34.3437
5635,8.5333
5696,35.2352
5636,8.3897
5697,34.0787
5637,8.5494
5698,35.5771
5638,8.4962
5699,34.1872
5639,8.6940
5700,35.3117
5640,8.5460
5701,35.7524
5641,8.4410
5702,33.9708
5642,8.6649
5703,34.6334
5643,8.9089
5644,8.4380
5704,35.7134
5705,34.2967
5645,8.4638
5706,34.7990
5646,8.7066
5707,36.2201
5647,8.5026
5708,34.6703
5648,8.8315
5709,35.5025
5649,8.9822
5650,8.3889
5710,36.1334
5711,34.1935
5651,8.5171
5652,8.4046
5712,35.2803
5713,34.5268
5653,8.7550
5714,34.8991
5654,8.9567
5715,35.8437
5655,8.6822
5716,35.0816
5656,8.5259
5717,34.6796
5657,8.3803
5718,35.1536
5658,8.7661
5719,35.5674
5659,8.8411
5660,8.4574
5720,36.4420
5721,34.1707
5661,8.5928
5722,35.1360
5662,8.5879
5723,35.5736
5663,8.7067
5724,35.7454
5664,8.5474
5725,34.3366
5665,9.0866
5726,36.2359
5666,8.3610
5727,34.1789
5667,8.4707
5728,34.4875
5668,8.4606
5729,34.9974
5669,8.4935
5730,34.6418
5670,8.5705
5731,35.1429
5671,8.9940
5732,35.1204
5672,8.4919
5733,34.5810
5673,8.7228
5734,35.5206
5674,8.8017
5675,8.7057
5735,35.3225
5736,35.7558
5676,8.7193
5737,34.7722
5677,9.0979
5678,8.3880
5738,36.1282
5739,34.1245
5679,8.4259
5740,34.3184
5680,8.7730
5741,35.8841
5681,8.5031
5682,8.4465
5742,37.4207
5743,33.9785
5683,8.4449
5744,34.3854
5684,8.5078
5745,35.0139
5685,8.5965
5746,34.2458
5686,8.9451
5687,8.5710
5747,36.4035
5748,34.8419
5688,8.4366
5749,34.6394
5689,9.0060
5750,36.1394
5690,8.6878
5751,34.6491
5691,8.5339
5752,35.0764
5692,8.5204
5753,34.7440
5693,8.6473
5754,34.8295
5694,8.7115
5755,35.8725
5695,8.7265
5696,8.7198
5756,35.6532
5757,34.7373
5697,8.4737
5758,34.7085
5698,8.6290
5759,35.4207
5699,8.5889
5760,34.8820
5700,8.9355
5761,35.5281
5701,8.8171
5762,35.3926
5702,8.7359
5763,34.8280
5703,8.8329
5764,35.5548
5704,8.9015
5705,8.5665
5765,35.1999
5766,34.5267
5706,9.1449
5707,8.6450
5767,36.0353
5708,8.4550
5768,35.1383
5769,34.2421
5709,8.9613
5770,35.9682
5710,8.6101
5771,34.4083
5711,8.5803
5772,34.4939
5712,8.4547
5773,35.2927
5713,8.3721
5774,34.5983
5714,8.5367
5775,35.6432
5715,8.7543
5716,8.6736
5776,35.2793
5777,34.0032
5717,8.9036
5778,36.2602
5718,8.6740
5779,35.4593
5719,8.7693
5780,35.3092
5720,8.4557
5781,34.1032
5721,8.4011
5782,34.7162
5722,8.7557
5783,34.7141
5723,8.5749
5784,35.0034
5724,8.4749
5785,35.4002
5725,8.5823
5786,34.9941
5726,8.6401
5787,35.1838
5727,8.3728
5788,34.2054
5728,8.6031
5789,35.5043
5729,8.5424
5790,35.1982
5730,8.4931
5791,34.5752
5731,8.4459
5792,33.9693
5732,8.5256
5793,34.5841
5733,8.4684
5794,35.0952
5734,8.9072
5795,35.2435
5735,8.3751
5796,34.4826
5736,8.5064
5797,34.7940
5737,8.9481
5738,8.5663
5798,36.7992
5799,34.9831
5739,8.6869
5800,36.9711
5740,8.6360
5801,35.6889
5741,8.3799
5802,36.4947
5742,8.6206
5803,35.2352
5743,9.1029
5744,8.6340
5804,36.9439
5805,36.3753
5745,8.5045
5746,8.4641
5806,36.4970
5807,35.8206
5747,8.8026
5748,8.3663
5808,36.4131
5809,36.3159
5749,8.3957
5810,34.7614
5750,8.3826
5811,37.0808
5751,8.5658
5812,35.7331
5752,8.4323
5813,37.2591
5753,8.8538
5754,8.2182
5814,36.6989
5815,38.2876
5755,8.3302
5816,36.3452
5756,8.7218
5817,35.4406
5757,8.4379
5818,36.9771
5758,8.2833
5819,35.1244
5759,8.2453
5820,37.9861
5760,8.4936
5821,35.6522
5761,8.3173
5822,36.4804
5762,8.4602
5763,8.3365
5823,37.6823
5824,36.0734
5764,8.3302
5765,8.2695
5825,37.2598
5826,36.6808
5766,8.5619
5827,36.8305
5767,8.6339
5828,35.9986
5768,8.6501
5829,37.2884
5769,8.5476
5830,36.6006
5770,8.5908
5831,36.6220
5771,8.6930
5772,8.4629
5832,37.8135
5833,35.6556
5773,8.5800
5834,38.2786
5774,8.6461
5775,8.3717
5835,36.9958
5836,35.1223
5776,8.4356
5837,35.8505
5777,8.7174
5838,36.0012
5778,8.6049
5839,36.3146
5779,8.8932
5840,36.4078
5780,8.6455
5841,37.0839
5781,8.7977
5842,35.5528
5782,8.8065
5783,8.6541
5843,36.8381
5784,8.5316
5844,36.8080
5845,35.3887
5785,8.7786
5846,37.0632
5786,8.5280
5847,36.1901
5787,8.4381
5848,35.9889
5788,8.3998
5849,36.0738
5789,8.5736
5850,36.6056
5790,8.8152
5851,36.7651
5791,8.4061
5852,35.9621
5792,8.5023
5853,36.7526
5793,8.7771
5854,36.9313
5794,8.6911
5855,36.1094
5795,8.7572
5856,36.4597
5796,8.6765
5857,37.6333
5797,8.5606
5858,36.4312
5798,8.8426
5859,36.4711
5799,8.5940
5860,36.6265
5800,8.7189
5861,37.5000
5801,8.8485
5802,8.7219
5862,36.2708
5863,36.2153
5803,8.4694
5864,35.8672
5804,8.7773
5865,34.4879
5805,8.3921
5866,35.9451
5806,8.5025
5867,35.7197
5807,9.1441
5808,8.4522
5868,37.1209
5869,35.0375
5809,8.4690
5870,35.8475
5810,8.8208
5871,36.1157
5811,8.6335
5812,8.4680
5872,38.5484
5813,8.4716
5873,35.9409
5874,35.5734
5814,8.5173
5875,36.0159
5815,8.7347
5876,36.1842
5816,8.5870
5877,36.2392
5817,8.5617
5818,8.5283
5878,37.5143
5879,35.7074
5819,8.8378
5880,35.0655
5820,8.7460
5881,36.3467
5821,8.4421
5882,36.3958
5822,8.4215
5883,35.9156
5823,8.8176
5824,8.4264
5884,37.4098
5825,8.5479
5885,36.1792
5886,34.6014
5826,8.6849
5887,37.2289
5827,8.6483
5888,36.2562
5828,8.6258
5829,8.6077
5889,36.9735
5890,35.8200
5830,8.5113
5891,36.0259
5831,9.1154
5892,37.7109
5832,8.8266
5893,36.7042
5833,8.7848
5894,37.5019
5834,8.5331
5895,36.0162
5835,8.7988
5896,36.6449
5836,8.4826
5897,36.3018
5837,8.6938
5898,35.7760
5838,8.8161
5899,36.9813
5839,8.7451
5900,36.0268
5840,8.6175
5901,36.0701
5841,8.5695
5902,35.6863
5842,9.1584
5843,8.7009
5903,36.8772
5844,8.6518
5904,36.9321
5905,35.8634
5845,8.3462
5846,8.4586
5906,36.4426
5907,35.0959
5847,8.6937
5908,36.9665
5848,8.7546
5909,36.3728
5849,8.7113
5850,8.4706
5910,36.2257
5911,36.7383
5851,8.8079
5912,36.2894
5852,8.6237
5853,8.4804
5913,37.4758
5914,36.4622
5854,8.5087
5915,37.3969
5855,8.7821
5916,36.8530
5856,8.8169
5917,37.4908
5857,8.7493
5918,35.7283
5858,8.8934
5859,8.5228
5919,36.8223
5920,36.2503
5860,8.4295
5921,36.8374
5861,8.6950
5922,37.0565
5862,8.8274
5863,8.6166
5923,37.5374
5924,37.4074
5864,8.4856
5925,36.2910
5865,8.8132
5866,8.6785
5926,37.2070
5927,36.4459
5867,8.5972
5928,37.3130
5868,8.4551
5929,35.1655
5869,8.3637
5930,36.5025
5870,8.5222
5931,35.3276
5871,8.5077
5932,36.0429
5872,8.7103
5933,36.9667
5873,8.6941
5934,36.9156
5874,8.9793
5875,8.4307
5935,37.6320
5936,36.1937
5876,8.6811
5937,36.8990
5877,8.8352
5938,35.8599
5878,8.4729
5939,36.7238
5879,8.7885
5940,36.2599
5880,8.7517
5881,8.3597
5941,36.7042
5942,34.8848
5882,8.4775
5883,8.4193
5943,36.9448
5884,8.4054
5944,36.0683
5945,35.9652
5885,8.4572
5886,8.4136
5946,37.0510
5947,35.4649
5887,8.9557
5888,8.4234
5948,36.8965
5949,35.8458
5889,8.3636
5950,36.4825
5890,8.4634
5891,8.2840
5951,36.4571
5952,34.6845
5892,8.6549
5953,36.0849
5893,8.5437
5894,8.5835
5954,36.7722
5895,8.5210
5955,36.7778
5956,35.6736
5896,8.3727
5957,35.3578
5897,8.4826
5898,8.6198
5958,35.9517
5959,36.6660
5899,8.9488
5960,36.3188
5900,8.4713
5961,36.1260
5901,8.5649
5902,8.4167
5962,36.7454
5963,36.9188
5903,8.6024
5964,36.3761
5904,8.4355
5965,35.5064
5905,8.3942
5906,8.2471
5966,36.3441
5967,34.9771
5907,8.4515
5908,8.5306
5968,36.4044
5969,37.1607
5909,8.3950
5970,35.3961
5910,8.4923
5971,36.2667
5911,9.0948
5912,8.3138
5972,37.6772
5973,35.2968
5913,8.4084
5914,8.3984
5974,36.4339
5975,36.7925
5915,8.1564
5976,35.1941
5916,8.3400
5977,36.4810
5917,8.8552
5918,8.2304
5978,43.8993
5919,8.5344
5979,35.8289
5920,8.4423
5980,36.6341
5921,8.5203
5981,36.6987
5922,8.6694
5982,36.5500
5983,36.4615
5923,8.9873
5924,8.4308
5984,36.6369
5985,35.0716
5925,8.3908
5986,36.3466
5926,8.5954
5987,35.8214
5927,8.6815
5988,36.6658
5928,8.6621
5989,36.2003
5929,8.9617
5930,8.4774
5990,37.5633
5931,8.3247
5991,37.0278
5992,35.2458
5932,8.6213
5993,35.4566
5933,8.3688
5994,36.4876
5934,8.7429
5995,35.6064
5935,8.5283
5996,36.8203
5936,8.7777
5997,35.8463
5937,8.5260
5938,8.3118
5998,37.3079
5999,35.7173
5939,8.4310
6000,35.8081
5940,8.4357
6001,34.9388
5941,8.3788
6002,36.1368
5942,8.6838
6003,36.7645
5943,8.8985
5944,8.3106
6004,36.3902
5945,8.2449
6005,36.1701
6006,35.0547
5946,8.5205
6007,36.9720
5947,8.4193
6008,36.3726
5948,8.3715
6009,35.6317
5949,8.3854
5950,8.3544
6010,37.1264
6011,34.7841
5951,8.3702
6012,35.7143
5952,8.6601
6013,37.4537
5953,8.4400
6014,36.0418
5954,8.3966
6015,36.7724
5955,8.3032
6016,35.3071
5956,8.6618
5957,8.2436
6017,36.3273
6018,35.5806
5958,8.5602
6019,35.2755
5959,8.8977
5960,8.5064
6020,36.7008
5961,8.4790
6021,36.1524
6022,35.2741
5962,8.3234
6023,35.8500
5963,8.5155
6024,36.1379
5964,8.4330
6025,36.4562
5965,8.5592
5966,8.4716
6026,37.2079
6027,35.4613
5967,8.3463
6028,35.0575
5968,8.8944
6029,37.0906
5969,8.4579
6030,35.3664
5970,8.5577
5971,8.2436
6031,37.9947
6032,35.8275
5972,8.6057
6033,37.4652
5973,8.3204
6034,35.5919
5974,8.4192
6035,34.9104
5975,8.3601
6036,36.1934
5976,8.5635
6037,36.8416
5977,8.4500
6038,36.4074
5978,8.4054
6039,35.4642
5979,8.9966
5980,8.3793
6040,36.8103
6041,35.5100
5981,8.3529
6042,35.4820
5982,8.3927
6043,35.6200
5983,8.3611
6044,35.8315
5984,8.7435
6045,37.4759
5985,8.8677
5986,8.4943
6046,36.6237
5987,8.2827
6047,36.6863
6048,34.8361
5988,8.4513
6049,35.3011
5989,8.9275
6050,36.6981
5990,8.7147
5991,8.4961
6051,37.4105
5992,8.2811
6052,37.1854
6053,35.1864
5993,8.3881
6054,35.9296
5994,8.3982
6055,36.2598
5995,8.5033
6056,35.9881
5996,9.0124
5997,8.3689
6057,36.8177
6058,34.8150
5998,8.4247
6059,35.4104
5999,8.6107
6000,8.4534
6060,36.8808
6061,36.2487
6001,8.6438
6062,39.2817
6002,8.5584
6003,8.2129
6063,37.0735
6004,8.5021
6064,35.7395
6065,36.8478
6005,8.7371
6066,36.9160
6006,8.7041
6067,36.5850
6007,8.2810
6068,36.3669
6008,8.4969
6069,36.3289
6009,8.3433
6010,8.4540
6070,36.0371
6071,36.5522
6011,8.5044
6072,36.0223
6012,8.4416
6073,35.4546
6013,8.5381
6074,37.4992
6014,10.5396
6015,8.4297
6075,36.6525
6016,8.3189
6076,36.5320
6077,35.6183
6017,8.9693
6018,8.2711
6078,36.7880
6079,35.6977
6019,8.2956
6020,8.3344
6080,36.5818
6081,35.3030
6021,8.2349
6022,8.1928
6082,37.1901
6083,35.5125
6023,8.5724
6084,37.0065
6024,8.2063
6085,35.7638
6025,8.4384
6026,8.2637
6086,37.5349
6087,35.6869
6027,8.4771
6028,8.2309
6088,36.6858
6029,8.2754
6089,35.9530
6090,35.7865
6030,8.9838
6031,8.6820
6091,36.7694
6092,36.9971
6032,8.4919
6093,37.1308
6033,8.4002
6034,8.4581
6094,36.2218
6095,37.0436
6035,8.5229
6096,37.3142
6036,8.1770
6097,36.2436
6037,8.3789
6098,36.4653
6038,8.6181
6039,8.2825
6099,37.9764
6040,8.2118
6100,37.0180
6101,36.1060
6041,8.5320
6102,35.5661
6042,8.5917
6043,8.1946
6103,36.7882
6104,36.2977
6044,8.4725
6105,36.9546
6045,8.5017
6046,8.2351
6106,37.3920
6107,36.0371
6047,8.5666
6048,8.5160
6108,36.5347
6109,37.1648
6049,8.4079
6050,8.1963
6110,36.6925
6051,8.2744
6111,36.5772
6112,36.8786
6052,8.2967
6113,36.4674
6053,8.4722
6054,8.3027
6114,37.6463
6115,36.5031
6055,8.4539
6116,36.7333
6056,8.3441
6117,35.7752
6057,8.4361
6058,8.3212
6118,37.2405
6119,36.5238
6059,8.5162
6060,8.2689
6120,36.8003
6121,35.5531
6061,8.8490
6062,8.2225
6122,37.6799
6063,8.3627
6123,37.1191
6064,8.4587
6124,36.8972
6065,8.3616
6125,37.4163
6126,36.1418
6066,8.6940
6067,8.2392
6127,36.8699
6068,8.1845
6128,35.9686
6069,8.1754
6129,36.0641
6130,34.7874
6070,8.2842
6131,36.1109
6071,8.3245
6132,36.4352
6072,8.7529
6073,8.3577
6133,37.2014
6074,8.4060
6134,36.2379
6135,37.1786
6075,8.3858
6136,36.7669
6076,8.6137
6137,36.0139
6077,8.1961
6138,39.6301
6078,8.5081
6079,8.3589
6139,37.0251
6080,8.3848
6140,37.1412
6141,35.8083
6081,8.8599
6082,8.3773
6142,36.6748
6083,8.4979
6143,36.0005
6144,36.8424
6084,8.5662
6145,37.4857
6085,8.7444
6146,36.6878
6086,8.4135
6087,8.2935
6147,35.7317
6088,8.3553
6148,36.1016
6149,35.0245
6089,8.5242
6150,37.5570
6090,8.3631
6151,37.0072
6091,8.2870
6152,36.7781
6092,8.5370
6153,36.9175
6093,8.3855
6094,9.0726
6154,37.0895
6155,36.0824
6095,10.5959
6156,37.0505
6096,10.6120
6157,36.5562
6097,10.6236
6158,35.2126
6098,10.5543
6159,36.8199
6099,10.2807
6160,36.4867
6100,10.5600
6161,35.9001
6101,10.4871
6162,36.0687
6102,10.5301
6103,10.6929
6163,36.7577
6164,36.2586
6104,10.3989
6165,35.9535
6105,10.4734
6166,36.5997
6106,10.4889
6167,36.5070
6107,10.6742
6168,37.1875
6108,10.4312
6109,10.3414
6169,36.3580
6170,36.1570
6110,10.5625
6171,36.2428
6111,10.3742
6172,35.0354
6112,10.2697
6173,36.6073
6113,11.1077
6114,10.4391
6174,37.2658
6115,10.4381
6175,36.2880
6176,36.0634
6116,10.2688
6177,35.8702
6117,10.7180
6118,10.2517
6178,37.5272
6179,35.5389
6119,10.8402
6180,35.8550
6120,10.3195
6181,35.2909
6121,10.4964
6122,10.5639
6182,37.8316
6123,10.3398
6183,36.5396
6184,35.1335
6124,10.7071
6185,36.2274
6125,10.4143
6186,36.8200
6126,10.6244
6187,34.7157
6127,8.8879
6188,34.4990
6128,8.5748
6189,36.1514
6129,8.6901
6190,34.2312
6130,8.5432
6191,35.0837
6131,8.8767
6192,35.2215
6132,8.4630
6193,35.0511
6133,8.4520
6194,34.6493
6134,8.4523
6195,35.2700
6135,8.7031
6196,34.3725
6136,9.0350
6137,8.3929
6197,37.8209
6198,34.1688
6138,8.4612
6199,34.5447
6139,8.7949
6200,35.4372
6140,8.3508
6201,34.7428
6141,8.6563
6202,36.2702
6142,8.6448
6203,35.5072
6143,8.5146
6204,35.7382
6144,8.3437
6205,34.4962
6145,8.7041
6206,34.8316
6146,8.5212
6207,35.1024
6147,8.8681
6148,8.3770
6208,37.3971
6209,33.9964
6149,8.5964
6210,34.8668
6150,9.0852
6151,8.5096
6211,36.1913
6212,34.1666
6152,8.6085
6213,34.6411
6153,9.0330
6214,35.5543
6154,8.5810
6215,34.0906
6155,8.5238
6216,35.1848
6156,8.6425
6217,35.9382
6157,8.9492
6218,35.3067
6158,8.8103
6219,34.9858
6159,8.9149
6220,35.6218
6160,8.7485
6221,34.4510
6161,8.4702
6222,34.4742
6162,8.6954
6223,35.6804
6163,8.5581
6224,34.0741
6164,8.9503
6225,36.3080
6165,8.5149
6226,34.2817
6166,8.4733
6227,34.6069
6167,8.6146
6228,34.9164
6168,9.0162
6169,8.6753
6229,36.2516
6230,35.4754
6170,8.5339
6231,35.0898
6171,8.7452
6232,35.8789
6172,8.3783
6233,34.4947
6173,8.4160
6234,34.2566
6174,8.5507
6235,34.4570
6175,8.8354
6236,35.8266
6176,8.5499
6237,35.0798
6177,8.6315
6238,34.9356
6178,8.4759
6239,34.7284
6179,8.4968
6240,34.6916
6180,8.4508
6241,34.4751
6181,8.6848
6242,36.1490
6182,8.7514
6243,35.5073
6183,8.6605
6244,34.0619
6184,8.8409
6245,34.7911
6185,8.7202
6246,35.3963
6186,8.4619
6247,34.7981
6187,8.7301
6248,35.4477
6188,8.9014
6249,35.0613
6189,8.3892
6250,34.7899
6190,8.7559
6251,36.0042
6191,8.7000
6252,34.1642
6192,8.5586
6253,34.4508
6193,9.0343
6254,35.3781
6194,8.5957
6255,35.0398
6195,8.5795
6256,34.4368
6196,8.5899
6257,35.1109
6197,8.5037
6258,34.8095
6198,8.8180
6259,35.2660
6199,9.2210
6260,35.3966
6200,8.5611
6261,34.9213
6201,8.9259
6262,35.9473
6202,8.5935
6263,34.5586
6203,9.1299
6264,35.2108
6204,8.6621
6265,34.6258
6205,8.5725
6266,34.7521
6206,8.4916
6267,33.9483
6207,8.6729
6268,34.7460
6208,8.3864
6269,34.4531
6209,8.7813
6270,34.5955
6210,8.7349
6211,8.6108
6271,35.8468
6272,34.2704
6212,9.0176
6273,36.2031
6213,8.8511
6274,34.3255
6214,8.9564
6275,35.0091
6215,8.6537
6276,34.5868
6216,8.7637
6277,35.7894
6217,8.5690
6278,34.7479
6218,8.6946
6279,34.7867
6219,8.5471
6280,34.7355
6220,8.6737
6281,35.1654
6221,8.6019
6282,35.0461
6222,8.5155
6283,34.0128
6223,8.8553
6284,34.8068
6224,8.7400
6285,35.1347
6225,8.6103
6286,34.5941
6226,8.6469
6287,35.0074
6227,8.6615
6288,35.6801
6228,8.4876
6289,34.7428
6229,8.7909
6290,35.3928
6230,8.4181
6291,34.5958
6231,8.5529
6292,34.6522
6232,8.7027
6293,35.8597
6233,8.6347
6294,35.6372
6234,8.4244
6295,34.1783
6235,8.7811
6296,34.8825
6236,8.4877
6297,35.8909
6237,8.5754
6298,34.5905
6238,8.6980
6299,34.8191
6239,8.8137
6300,34.8634
6240,8.8607
6301,34.9297
6241,9.0945
6302,35.1958
6242,8.8042
6303,34.4023
6243,8.4310
6304,33.7495
6244,8.6822
6305,36.0967
6245,8.5820
6306,34.9932
6246,8.5709
6307,34.8859
6247,8.6487
6248,8.5005
6308,34.8855
6309,34.1070
6249,8.4025
6310,34.4646
6250,8.6791
6311,34.9016
6251,9.0255
6252,8.6320
6312,35.5999
6313,34.4665
6253,8.7314
6314,34.5795
6254,8.7169
6315,36.3243
6255,8.4008
6316,34.2991
6256,8.6072
6317,34.0291
6257,8.8254
6318,35.3658
6258,8.5273
6259,8.5969
6319,35.7932
6320,34.4487
6260,8.6694
6321,35.3251
6261,9.0190
6322,35.4517
6262,8.6536
6323,34.9777
6263,8.6840
6324,34.9265
6264,8.6550
6325,35.5609
6265,8.7409
6326,35.6541
6266,8.4978
6327,34.8434
6267,8.5721
6328,34.4310
6268,8.6357
6329,34.0373
6269,10.0760
6330,36.6765
6270,8.5414
6331,34.8187
6271,8.7217
6332,34.3347
6272,8.6749
6333,34.3909
6273,8.7472
6334,34.6277
6274,8.7513
6335,34.1305
6275,8.8765
6336,34.7074
6276,8.9837
6337,36.1728
6277,8.8031
6338,34.6638
6278,8.8157
6339,34.9589
6279,8.9477
6340,35.2696
6280,8.9769
6341,35.0333
6281,8.6831
6342,34.4573
6282,8.8149
6343,34.7534
6283,8.8610
6344,34.6162
6284,9.1836
6285,8.6271
6345,34.9034
6346,34.0447
6286,8.7576
6347,35.0183
6287,8.9102
6348,35.7206
6288,8.8728
6349,34.7359
6289,9.0149
6350,34.5316
6290,9.2040
6351,35.2756
6291,8.8746
6352,36.0671
6292,8.8915
6353,34.7375
6293,8.8528
6354,34.8352
6294,8.8656
6295,8.9471
6355,37.1186
6356,35.0185
6296,8.7304
6357,34.9180
6297,8.6841
6358,34.7963
6298,9.0635
6359,35.5144
6299,9.1425
6360,35.1205
6300,8.6559
6361,34.2502
6301,8.8122
6362,35.6804
6302,8.9162
6363,34.0433
6303,8.7838
6364,34.9849
6304,8.6935
6365,35.1513
6305,9.1221
6306,8.8140
6366,35.4259
6367,35.0794
6307,9.2684
6368,35.7432
6308,8.9183
6369,35.1993
6309,8.7161
6370,34.3771
6310,8.7608
6371,34.3976
6311,8.8138
6372,34.4874
6312,9.3411
6373,36.1037
6313,8.9312
6374,34.3909
6314,8.9389
6375,35.1735
6315,8.8517
6376,34.2668
6316,9.1636
6377,35.4928
6317,9.3320
6318,8.7157
6378,35.7096
6379,34.4368
6319,8.8118
6380,35.4184
6320,8.9190
6381,34.4647
6321,8.8613
6382,34.4677
6322,8.8430
6383,34.9100
6323,8.9969
6324,8.7391
6384,34.9026
6385,34.6279
6325,8.8607
6386,34.5026
6326,8.7186
6387,34.7717
6327,8.9743
6328,8.7273
6388,35.7102
6389,33.7260
6329,8.7535
6390,34.6964
6330,9.0120
6331,8.7217
6391,35.0613
6392,34.4323
6332,9.1567
6333,8.7536
6393,35.0960
6394,34.2306
6334,8.7747
6395,34.9928
6335,8.9899
6396,35.2666
6336,8.5437
6397,34.5660
6337,8.8994
6398,35.3430
6338,8.9808
6339,8.6628
6399,36.0261
6400,33.9213
6340,8.7311
6401,33.7304
6341,8.7498
6402,34.7568
6342,9.3662
6343,8.5414
6403,36.1713
6404,34.0107
6344,9.2607
6345,8.7327
6405,35.3501
6406,33.8849
6346,8.8958
6407,35.4696
6347,9.2498
6408,36.1027
6348,8.6304
6409,34.7479
6349,8.9093
6410,35.2424
6350,8.8292
6411,34.2992
6351,8.6037
6412,34.7586
6352,9.0337
6413,35.0489
6353,8.8983
6414,35.3884
6354,8.7345
6415,34.8740
6355,8.6597
6416,34.5536
6356,8.8320
6417,35.3752
6357,8.9570
6418,34.8538
6358,8.7374
6419,34.5617
6359,8.9573
6420,34.5675
6360,9.2465
6361,8.7894
6421,35.2165
6422,34.3669
6362,9.2613
6363,8.7077
6423,35.3291
6424,33.9550
6364,9.7526
6365,8.7723
6425,36.1365
6426,34.1311
6366,8.8276
6427,34.7420
6367,9.0800
6368,8.8886
6428,34.9800
6429,34.3226
6369,9.2229
6430,35.8444
6370,8.8893
6431,35.4655
6371,8.8133
6432,34.4697
6372,8.7905
6433,34.5462
6373,8.6315
6434,34.8612
6374,8.7754
6435,34.6687
6375,8.6152
6436,34.0687
6376,8.7567
6437,34.3991
6377,8.9415
6438,35.4990
6378,8.6155
6439,34.9335
6379,9.0755
6440,35.2810
6380,8.8581
6441,33.5147
6381,8.9182
6382,8.6236
6442,35.2879
6443,33.8829
6383,8.7015
6444,34.0526
6384,8.7944
6445,34.5526
6385,8.7680
6446,34.7781
6386,8.8743
6447,33.7960
6387,8.9226
6388,8.5578
6448,35.0692
6449,33.6474
6389,8.7557
6450,35.0266
6390,9.2634
6451,35.5187
6391,8.9254
6452,36.2121
6392,9.0995
6453,34.6566
6393,8.7346
6454,33.8350
6394,9.1094
6455,35.4374
6395,9.0865
6456,34.2795
6396,9.4231
6397,8.9900
6457,36.1604
6458,34.9087
6398,8.8567
6459,34.7738
6399,8.7730
6460,34.8035
6400,8.9247
6461,36.7680
6401,8.9077
6462,34.8644
6402,9.4668
6403,8.6375
6463,36.0793
6464,34.0596
6404,8.8826
6465,34.2791
6405,8.8438
6466,34.6157
6406,9.0000
6467,36.1034
6407,9.4411
6468,34.7437
6408,8.8755
6469,33.5518
6409,8.9827
6470,34.8747
6410,9.1625
6471,35.1453
6411,8.6307
6472,34.5570
6412,8.7994
6473,34.5690
6413,8.9945
6474,35.7745
6414,8.8706
6475,35.3527
6415,8.7738
6476,35.0274
6416,8.7885
6477,34.7098
6417,9.1448
6418,8.6488
6478,34.6587
6479,34.3543
6419,9.0583
6480,34.6933
6420,9.2984
6481,34.7492
6421,9.1856
6482,35.0788
6422,9.1267
6483,36.0375
6423,8.5671
6484,33.7610
6424,8.6676
6485,35.8317
6425,8.5754
6486,34.6648
6426,8.5641
6487,35.2105
6427,8.4823
6488,34.7913
6428,8.4726
6489,35.1689
6429,8.6231
6490,34.7451
6430,8.5193
6491,35.3486
6431,8.7879
6492,35.3316
6432,8.6333
6493,35.6428
6433,8.8519
6494,35.5327
6434,8.7438
6495,34.8561
6435,8.6905
6496,34.5275
6436,9.0986
6437,8.4173
6497,36.0757
6498,33.8376
6438,8.6902
6499,35.0053
6439,8.4673
6500,34.2435
6440,8.7692
6501,34.6333
6441,9.0517
6502,35.9768
6442,8.7972
6503,34.8871
6443,8.5601
6504,35.0548
6444,8.5667
6505,34.5411
6445,8.9388
6506,35.8639
6446,8.6975
6507,34.6343
6447,8.5943
6508,35.6263
6448,8.6535
6509,34.8166
6449,8.5114
6510,34.8728
6450,8.6224
6511,34.8732
6451,8.7525
6512,35.3022
6452,8.6817
6513,35.7142
6453,8.6374
6514,34.5537
6454,8.7243
6515,35.4729
6455,8.9400
6516,35.6247
6456,9.0409
6457,8.4840
6517,35.6488
6518,33.8615
6458,8.5778
6519,34.8993
6459,8.4419
6520,34.4466
6460,9.0354
6521,35.2695
6461,8.7047
6522,34.6474
6462,9.1252
6523,35.7961
6463,8.9159
6524,35.8488
6464,8.5164
6465,8.5550
6525,36.9969
6526,35.1732
6466,8.5120
6527,35.5648
6467,8.7389
6528,36.5557
6468,9.0122
6529,36.4478
6469,8.4486
6530,35.3242
6470,8.5426
6531,36.0973
6471,8.4829
6472,8.5883
6532,37.2352
6533,35.8334
6473,8.6323
6534,35.7686
6474,8.4775
6475,8.5034
6535,36.3454
6476,8.5046
6536,37.0779
6537,36.0185
6477,9.0025
6478,8.3298
6538,36.0585
6539,35.3438
6479,8.7283
6540,36.2392
6480,8.4639
6481,8.4987
6541,36.8430
6542,35.3279
6482,8.6170
6543,36.0137
6483,8.6660
6544,34.6668
6484,8.6859
6545,34.6331
6485,8.5680
6546,34.6106
6486,9.0800
6487,8.6850
6547,36.5271
6488,8.5195
6548,35.0179
6549,34.1787
6489,8.4931
6550,34.4317
6490,8.7746
6551,35.8480
6491,8.8287
6552,35.5830
6492,8.9090
6553,35.3902
6493,8.8030
6494,8.3989
6554,35.0309
6555,34.0692
6495,8.7968
6556,35.2470
6496,8.5588
6557,34.5090
6497,8.6980
6558,34.9592
6498,9.1596
6559,35.6411
6499,8.7013
6560,34.8527
6500,8.5706
6561,34.1624
6501,8.6991
6562,35.5513
6502,8.5495
6563,35.3630
6503,8.7897
6564,35.1675
6504,8.6389
6565,34.2523
6505,8.5597
6566,34.9397
6506,8.5792
6567,34.9925
6507,8.5703
6568,34.8494
6508,8.7101
6569,35.0311
6509,8.8176
6510,8.4845
6570,35.6366
6571,35.0488
6511,8.6291
6572,35.4602
6512,8.4963
6573,34.7830
6513,8.5921
6574,34.9913
6514,8.8389
6575,35.1923
6515,8.7805
6576,34.8355
6516,8.6198
6517,8.3909
6577,37.3013
6578,33.9968
6518,8.6545
6579,35.5527
6519,8.4911
6580,34.5760
6520,8.5446
6581,35.1733
6521,8.8101
6582,34.6098
6522,9.1189
6583,35.4378
6523,8.5530
6584,34.2532
6524,8.6267
6585,34.9909
6525,8.5238
6586,34.6338
6526,8.5231
6587,34.9234
6527,8.6621
6588,34.5975
6528,9.3036
6589,36.3669
6529,8.8542
6590,35.0155
6530,8.4976
6591,34.5307
6531,8.4992
6592,35.1226
6532,8.9173
6593,35.1480
6533,8.6433
6594,34.6254
6534,8.7699
6595,35.5155
6535,8.7380
6596,34.4673
6536,8.8414
6597,35.1650
6537,8.7470
6598,34.9753
6538,8.7179
6599,35.1801
6539,8.6931
6600,35.9947
6540,8.6614
6601,34.4447
6541,8.6139
6602,34.0992
6542,8.6242
6543,8.5165
6603,35.2172
6604,34.4723
6544,8.4691
6605,34.6965
6545,9.0405
6606,35.4320
6546,8.6219
6607,35.4061
6547,8.5826
6608,35.8644
6548,9.0825
6609,34.4625
6549,9.2338
6610,34.4710
6550,8.9075
6611,35.0358
6551,12.4649
6552,10.4530
6612,36.7340
6553,10.2911
6613,35.5996
6614,35.8473
6554,10.2110
6555,10.4596
6615,35.8055
6616,35.9930
6556,10.5868
6617,38.7665
6557,10.2435
6618,36.0017
6558,10.4012
6619,36.3732
6559,11.1734
6620,36.5084
6560,10.1594
6621,35.2620
6561,10.3852
6622,36.6774
6562,10.6423
6623,35.9798
6563,10.5106
6624,36.0334
6564,10.4210
6625,34.6377
6565,10.4650
6566,10.2483
6626,37.5296
6627,35.4374
6567,10.1396
6628,36.0270
6568,10.2247
6629,35.4591
6569,10.6172
6570,10.4759
6630,36.4936
6631,36.5094
6571,10.1631
6632,35.4987
6572,10.3232
6633,36.7717
6573,10.4017
6634,36.0683
6574,10.4968
6635,35.8566
6575,10.2938
6636,36.5215
6576,10.1030
6637,35.8361
6577,10.3108
6638,35.5807
6578,10.2649
6639,36.1996
6579,10.3737
6640,36.0418
6580,10.7970
6641,36.6612
6581,10.2115
6642,35.4680
6582,10.6234
6643,36.5281
6583,10.7120
6584,10.6494
6644,36.4455
6645,36.5531
6585,10.3760
6646,35.6137
6586,10.2211
6587,10.5387
6647,36.8860
6648,36.7285
6588,10.5006
6649,36.2682
6589,10.4319
6590,10.2914
6650,36.6535
6651,35.4137
6591,10.4421
6652,36.1257
6592,10.2214
6653,36.7315
6593,10.4565
6654,35.7500
6594,10.5498
6655,36.0163
6595,10.4345
6656,35.8936
6596,10.2484
6657,35.1798
6597,10.1459
6658,35.9968
6598,10.3570
6659,35.9542
6599,10.2736
6660,36.2087
6600,10.5563
6661,36.5993
6601,9.9464
6662,35.3778
6602,10.1452
6663,35.9632
6603,10.4470
6664,35.3903
6604,10.5492
6605,10.1444
6665,38.2667
6666,35.3497
6606,10.2029
6667,36.0700
6607,10.3656
6668,35.6647
6608,10.1802
6669,35.4880
6609,10.2174
6610,10.1152
6670,36.3880
6671,35.3839
6611,10.3488
6672,36.9186
6612,10.2901
6673,36.2022
6613,10.5263
6614,10.4053
6674,36.5895
6675,36.0149
6615,10.2673
6676,36.1904
6616,10.5642
6617,10.3680
6677,36.7130
6678,36.2193
6618,10.4893
6679,36.8447
6619,10.2651
6680,35.0749
6620,10.5338
6681,36.1781
6621,10.5483
6682,35.6565
6622,10.1024
6683,36.2347
6623,10.2633
6624,10.4576
6684,36.0645
6625,10.4517
6685,36.1948
6686,35.3172
6626,10.5958
6627,10.6791
6687,36.8277
6688,36.2193
6628,10.2788
6689,36.7253
6629,10.5281
6690,35.6363
6630,10.4131
6691,36.8511
6631,10.3034
6692,36.5785
6632,10.1877
6693,36.4772
6633,10.3014
6694,36.8721
6634,10.5187
6695,37.4292
6635,10.3506
6696,35.9780
6636,10.1375
6697,35.7325
6637,10.3549
6638,10.2806
6698,36.5197
6699,36.1622
6639,10.1200
6700,36.4249
6640,10.3515
6641,10.0213
6701,36.2729
6702,35.9460
6642,10.2041
6703,36.1166
6643,10.0398
6704,36.1984
6644,10.4164
6705,35.4949
6645,10.1608
6706,36.1222
6646,10.3544
6647,10.0503
6707,36.4750
6708,35.4406
6648,10.1926
6709,35.5908
6649,9.9802
6710,35.6010
6650,10.2223
6711,35.0386
6651,10.4716
6712,37.2032
6652,9.7517
6713,35.9659
6653,10.3268
6654,10.0291
6714,36.7069
6715,35.2810
6655,10.0812
6716,36.0536
6656,10.1107
6717,35.2661
6657,10.3781
6658,10.0185
6718,37.0812
6719,35.3273
6659,10.1193
6660,10.0406
6720,36.8658
6661,10.1672
6721,35.5822
6722,34.6953
6662,9.8401
6723,35.5408
6663,9.9444
6724,36.3350
6664,10.1092
6725,35.7034
6665,10.0506
6726,36.8568
6666,10.3882
6667,10.0995
6727,35.5467
6728,35.4567
6668,10.0276
6729,35.6762
6669,10.2944
6730,36.4141
6670,10.2835
6731,36.5751
6671,10.3741
6672,10.0282
6732,36.5802
6733,35.6786
6673,9.8895
6674,10.3122
6734,35.3866
6735,36.2315
6675,10.3666
6736,35.7747
6676,10.0204
6737,35.9106
6677,10.1663
6678,9.8058
6738,36.6426
6739,35.2007
6679,10.1652
6680,10.2483
6740,35.8511
6741,35.2469
6681,10.2812
6742,36.6159
6682,10.2382
6743,37.3786
6683,10.3382
6744,36.4699
6684,10.1115
6745,36.9126
6685,10.0628
6746,36.2153
6686,10.1768
6747,36.0176
6687,10.0741
6748,36.9104
6688,9.9116
6749,35.6313
6689,9.9457
6750,35.7010
6690,9.9931
6751,35.9451
6691,10.3072
6752,36.0922
6692,10.1788
6753,36.3631
6693,10.2260
6754,36.0107
6694,9.9851
6695,9.9627
6755,36.9340
6756,35.3529
6696,9.9535
6757,36.5419
6697,10.0508
6698,10.3152
6758,36.2051
6759,36.2064
6699,10.1064
6760,36.3552
6700,10.2413
6701,9.9837
6761,36.7867
6762,34.9654
6702,9.7186
6763,34.9297
6703,10.0507
6704,9.6175
6764,35.9907
6765,35.0876
6705,10.1592
6766,35.7208
6706,10.2374
6707,9.8335
6767,37.8902
6708,9.9188
6768,36.4024
6769,35.1143
6709,9.9791
6710,10.0659
6770,36.9455
6771,35.9724
6711,10.2266
6772,36.1971
6712,10.2412
6773,37.0668
6713,9.9815
6774,36.2614
6714,10.0015
6715,9.8623
6775,37.7460
6776,36.1556
6716,9.9106
6777,35.7735
6717,10.2861
6778,37.3253
6718,9.7492
6779,35.0914
6719,10.2029
6780,35.9900
6720,10.1659
6781,36.7699
6721,10.1009
6722,10.0213
6782,35.9685
6783,35.7849
6723,9.9712
6724,10.0443
6784,35.7816
6785,35.8763
6725,10.2068
6786,36.8407
6726,10.3385
6727,9.7723
6787,37.2476
6728,10.1430
6788,35.5463
6789,36.2224
6729,10.0137
6790,35.5511
6730,10.0270
6791,35.9080
6731,10.2894
6732,10.0074
6792,36.9503
6793,36.0296
6733,9.8461
6794,35.1141
6734,10.1617
6735,9.9172
6795,36.6695
6796,35.3262
6736,10.3461
6797,37.1536
6737,10.3007
6738,10.0412
6798,36.7696
6799,35.5508
6739,10.0928
6800,36.2293
6740,10.3510
6801,36.4441
6741,10.2635
6802,37.0677
6742,10.2032
6743,9.8497
6803,36.8609
6744,10.1359
6804,35.4717
6745,9.7880
6805,36.2107
6806,35.1049
6746,10.1361
6807,36.3697
6747,10.0990
6808,36.7538
6748,10.2787
6809,36.4750
6749,10.1123
6810,36.4565
6750,10.2844
6811,36.9583
6751,10.3258
6752,9.8523
6812,36.4411
6813,34.9959
6753,10.0102
6754,10.3652
6814,36.9327
6815,35.9931
6755,10.0887
6816,36.7648
6756,10.1594
6817,35.7547
6757,9.9795
6818,35.1420
6758,10.0174
6819,35.9546
6759,9.8703
6820,36.2638
6760,10.2344
6761,9.9658
6821,37.1081
6762,10.0890
6822,35.4638
6823,35.9535
6763,10.2112
6824,36.3130
6764,10.2281
6825,36.0231
6765,9.8670
6826,35.9139
6766,10.1892
6827,37.5721
6767,10.2814
6768,10.1170
6828,37.0264
6769,10.0039
6829,36.2157
6830,36.1760
6770,10.0469
6831,36.3478
6771,9.9234
6832,36.3205
6772,9.7818
6773,9.8029
6833,36.3422
6834,35.3356
6774,10.0165
6835,35.6420
6775,10.0420
6836,35.9977
6776,10.0534
6837,36.0277
6777,10.3742
6838,36.4548
6778,10.0194
6839,36.4223
6779,10.3096
6780,10.0460
6840,36.6103
6841,35.3493
6781,10.0402
6842,36.2161
6782,10.1595
6843,35.7101
6783,10.2008
6784,10.0041
6844,36.5660
6785,10.1634
6845,36.5241
6846,36.5932
6786,10.0979
6847,36.6492
6787,10.1515
6848,36.6330
6788,9.9943
6849,35.6248
6789,9.6576
6850,35.6649
6790,10.3516
6791,9.9978
6851,36.4605
6852,35.4216
6792,9.9921
6853,35.8131
6793,9.9567
6854,36.0216
6794,10.1523
6855,36.7121
6795,9.9251
6856,35.1715
6796,10.0888
6857,37.4506
6797,10.3189
6858,36.5910
6798,10.0318
6859,35.2302
6799,10.2196
6860,35.4040
6800,10.0118
6861,36.8828
6801,10.1093
6862,36.1689
6802,10.3197
6863,36.3473
6803,10.1436
6864,36.5563
6804,10.3498
6865,36.9176
6805,9.9757
6866,35.4638
6806,10.1600
6867,36.5994
6807,10.2419
6868,36.4631
6808,10.0393
6869,36.5202
6809,10.2638
6870,35.7476
6810,10.0074
6871,36.1514
6811,10.2078
6872,36.0661
6812,10.0031
6873,35.6788
6813,10.1574
6814,10.1089
6874,37.0277
6875,35.7628
6815,10.0157
6876,35.6679
6816,10.0099
6877,36.9840
6817,10.0381
6818,10.0975
6878,37.7166
6879,36.2100
6819,10.2546
6820,10.2093
6880,36.9790
6821,9.9903
6881,36.3521
6882,35.8238
6822,10.3153
6823,10.0045
6883,36.8629
6884,35.3967
6824,10.1061
6885,35.7792
6825,10.0621
6886,36.2922
6826,10.2189
6887,35.6880
6827,10.2303
6888,36.4934
6828,10.0614
6889,36.4027
6829,10.1234
6830,10.0619
6890,38.2981
6891,36.3733
6831,10.1856
6832,9.9412
6892,36.2677
6893,35.8973
6833,9.8745
6894,35.8610
6834,10.1125
6895,35.9698
6835,9.8998
6836,10.0682
6896,36.5090
6897,36.3232
6837,9.8724
6838,10.0035
6898,35.9925
6839,9.7367
6899,36.3986
6900,35.3762
6840,9.9366
6841,9.5753
6901,36.1596
6902,34.7912
6842,10.0300
6903,35.4827
6843,10.0443
6844,10.0100
6904,37.0031
6905,35.9836
6845,9.8731
6906,36.0538
6846,9.9572
6847,9.9880
6907,37.2845
6908,35.6176
6848,10.0772
6909,36.3783
6849,10.4570
6910,36.6545
6850,10.0484
6911,36.4562
6851,10.1636
6912,35.6689
6852,10.0583
6913,36.4455
6853,10.1304
6914,35.9961
6854,10.3785
6915,35.5369
6855,10.2473
6916,35.6324
6856,9.8428
6917,34.5915
6857,10.0567
6858,9.7079
6918,36.6156
6919,35.0690
6859,10.1559
6920,36.5847
6860,9.9413
6921,35.6390
6861,10.1063
6922,35.8284
6862,10.0923
6923,37.2993
6863,10.0202
6924,36.4506
6864,9.7417
6865,10.0477
6925,35.2295
6926,36.0693
6866,10.0179
6927,36.5149
6867,9.9554
6928,35.6686
6868,10.2742
6929,36.4505
6869,10.1635
6870,9.9576
6930,36.4846
6931,34.7988
6871,10.1455
6932,36.2473
6872,10.0630
6933,35.7058
6873,10.3665
6874,10.1371
6934,37.3818
6935,35.4974
6875,10.0937
6876,10.0808
6936,36.6488
6877,10.1786
6937,36.0773
6878,10.3424
6938,36.0643
6939,36.0131
6879,10.1204
6880,9.9267
6940,36.2027
6941,35.4787
6881,9.9737
6942,36.4269
6882,9.8760
6883,10.0998
6943,35.3051
6944,36.3462
6884,10.2150
6945,35.3393
6885,10.1826
6886,10.1869
6946,37.0628
6887,10.3647
6947,36.1056
6888,10.1632
6948,36.5874
6889,10.1366
6949,36.1335
6950,35.5452
6890,10.2016
6951,37.1081
6891,10.0452
6952,36.5778
6892,10.0262
6893,9.8946
6953,36.5519
6954,35.4097
6894,10.2100
6955,35.9930
6895,9.8985
6956,35.3713
6896,10.2369
6957,35.9365
6897,10.3485
6958,37.0868
6898,10.2636
6899,9.8936
6959,36.3677
6960,35.4266
6900,10.2601
6961,36.5115
6901,10.0511
6962,36.0027
6902,10.0731
6963,36.3283
6903,10.1923
6964,35.3967
6904,10.1009
6965,36.8844
6905,10.1055
6906,10.1479
6966,37.1954
6907,10.4469
6967,36.2852
6968,36.1594
6908,10.0038
6909,10.1333
6969,36.8520
6970,35.5707
6910,10.1342
6971,36.1338
6911,10.2708
6912,9.9757
6972,35.5151
6973,35.5653
6913,10.0291
6974,35.6750
6914,10.1816
6975,36.2079
6915,10.3071
6976,35.6166
6916,10.3812
6917,10.0212
6977,37.4102
6918,10.0667
6978,36.1401
6979,35.3694
6919,9.8473
6980,35.1531
6920,10.1984
6981,37.4144
6921,9.8089
6982,35.2387
6922,9.8594
6983,36.4444
6923,10.2391
6984,36.7308
6924,10.2529
6985,35.8882
6925,10.3029
6926,10.0561
6986,36.8628
6987,35.0885
6927,10.0678
6988,36.6409
6928,9.8127
6989,35.6478
6929,9.8217
6990,36.6700
6930,10.2826
6991,35.3518
6931,10.0882
6932,10.3311
6992,36.6031
6993,34.7919
6933,10.0656
6994,37.6221
6934,10.0938
6995,36.5690
6935,9.6421
6996,35.3854
6936,9.9930
6997,35.0725
6937,9.9154
6938,10.1878
6998,36.8875
6999,35.5492
6939,9.8495
6940,9.9328
7000,36.3713
7001,35.0807
6941,10.2138
7002,36.3689
6942,9.9749
7003,35.6039
6943,10.2800
7004,36.8050
6944,10.1714
7005,36.0002
6945,10.3839
6946,9.9406
7006,37.1037
6947,10.1372
7007,35.5860
7008,35.5851
6948,10.0552
6949,10.0561
7009,36.2949
7010,34.8356
6950,10.0130
7011,35.8559
6951,9.9659
6952,9.9395
7012,36.4193
7013,35.2770
6953,9.8983
7014,35.2815
6954,9.9457
7015,36.4467
6955,9.9970
7016,35.8332
6956,10.2447
7017,36.9548
6957,10.3067
6958,9.9196
7018,36.2107
7019,34.8893
6959,10.4115
6960,9.9739
7020,36.6052
7021,34.6487
6961,9.8999
7022,38.0385
6962,9.9727
7023,36.4340
6963,9.9214
7024,36.4831
6964,10.0255
7025,36.1771
6965,10.1178
7026,35.5809
6966,10.6998
6967,10.0209
7027,36.2873
7028,34.9858
6968,10.2834
7029,36.5663
6969,9.8126
7030,35.9896
6970,10.1263
6971,10.0349
7031,35.9501
7032,35.5075
6972,9.8623
7033,36.2783
6973,10.4345
7034,36.4553
6974,9.8933
6975,10.0406
7035,36.0666
6976,10.1592
7036,37.1173
7037,35.5691
6977,10.0249
6978,9.8888
7038,36.3947
7039,34.7950
6979,10.0416
6980,9.9860
7040,37.0757
7041,35.5860
6981,10.2395
6982,10.0278
7042,35.9542
7043,36.3212
6983,9.9165
6984,10.0024
7044,39.5509
6985,10.0576
7045,35.5039
7046,35.8165
6986,10.1641
7047,35.7923
6987,10.1995
7048,36.4740
6988,9.9743
7049,35.7932
6989,9.9852
7050,35.9393
6990,10.0847
6991,9.9826
7051,37.0088
7052,35.3256
6992,10.0359
6993,9.8784
7053,35.8510
7054,35.4025
6994,10.0100
7055,36.3946
6995,9.9344
6996,10.0356
7056,38.7530
6997,9.9239
7057,36.5106
7058,35.2003
6998,9.8317
7059,35.3268
6999,10.2459
7060,36.0899
7000,9.8753
7061,36.4508
7001,9.9702
7002,10.1154
7062,36.1917
7003,10.1032
7063,36.2131
7064,35.9655
7004,10.0512
7065,35.8856
7005,10.0166
7066,36.1599
7006,9.9738
7007,9.7785
7067,36.0457
7068,35.3541
7008,10.3119
7009,10.0061
7069,37.0951
7070,34.7576
7010,10.4907
7071,36.5742
7011,10.1751
7072,36.6765
7012,10.2921
7013,10.2225
7073,36.9412
7014,10.0403
7074,36.2240
7015,9.9092
7075,35.6911
7076,35.2717
7016,9.9832
7077,36.1783
7017,10.0337
7078,36.0010
7018,10.1300
7019,9.9082
7079,37.2624
7020,10.0981
7080,35.8721
7021,10.1824
7081,36.1271
7082,35.6878
7022,10.3576
7083,35.9633
7023,10.5801
7084,37.1607
7024,10.0426
7025,9.7801
7085,36.7021
7026,9.8475
7086,35.0961
7087,35.5084
7027,10.2097
7088,36.2298
7028,10.2396
7089,35.3567
7029,10.3350
7090,37.0739
7030,9.9307
7091,35.2061
7031,9.9464
7032,10.4057
7092,35.9173
7093,35.0267
7033,10.2057
7034,10.2862
7094,36.9891
7095,36.3765
7035,10.4316
7036,10.1537
7096,36.5937
7037,10.3381
7097,35.6288
7098,35.8173
7038,10.1750
7099,36.0641
7039,10.3249
7040,10.2674
7100,37.4779
7101,35.5978
7041,10.1949
7042,10.2066
7102,36.1034
7043,10.1953
7103,36.3316
7104,35.3891
7044,10.6374
7105,36.7975
7045,10.1359
7046,10.3076
7106,36.9718
7107,35.9021
7047,10.2353
7108,36.5707
7048,10.3440
7109,35.7602
7049,10.0732
7110,37.5229
7050,10.2087
7111,36.1682
7051,10.0670
7112,34.6437
7052,8.8949
7113,37.5282
7053,8.9988
7114,36.0225
7054,8.9521
7115,35.3491
7055,8.8395
7116,34.3774
7056,8.4177
7117,34.5770
7057,8.8104
7058,8.3527
7118,37.6018
7119,33.9922
7059,8.3789
7120,35.1244
7060,8.7904
7121,35.5053
7061,8.5887
7122,36.3503
7062,8.5398
7123,34.1350
7063,8.4216
7124,33.9594
7064,8.6217
7125,34.2247
7065,8.4309
7126,34.6419
7066,8.3899
7127,34.8324
7067,8.9754
7068,8.2980
7128,35.4705
7129,33.7264
7069,8.4753
7130,34.3703
7070,8.7501
7131,35.5101
7071,8.6643
7132,35.2029
7072,8.4530
7133,34.0378
7073,8.4599
7134,35.0595
7074,8.3210
7135,34.2402
7075,8.6517
7136,35.8806
7076,8.3060
7137,34.2748
7077,8.5967
7138,34.8442
7078,9.1502
7079,8.3752
7139,36.1342
7140,34.0163
7080,8.5613
7141,34.8489
7081,8.6141
7142,35.1337
7082,8.5683
7143,35.0691
7083,8.6019
7144,34.5380
7084,9.0713
7085,8.3995
7145,35.6964
7146,34.4197
7086,8.7206
7147,34.8401
7087,9.0230
7148,35.2815
7088,8.6267
7149,35.4367
7089,8.6309
7150,34.2690
7090,8.8941
7151,34.8607
7091,8.4270
7152,34.3530
7092,8.8903
7153,35.1099
7093,8.7084
7154,34.7866
7094,8.4892
7155,34.6391
7095,8.4705
7156,33.7102
7096,8.9004
7097,8.3607
7157,36.2928
7158,34.6020
7098,8.4266
7159,34.2755
7099,8.4840
7160,35.2643
7100,8.6845
7161,35.1399
7101,8.7161
7162,34.6617
7102,9.0981
7163,35.9180
7103,8.6274
7164,35.3251
7104,8.4108
7165,33.8851
7105,8.4190
7166,34.8919
7106,8.7997
7167,35.3987
7107,8.6972
7168,34.7901
7108,8.5445
7169,34.9326
7109,8.8623
7170,35.1668
7110,8.6768
7171,35.1951
7111,10.3754
7172,34.9834
7112,7.3357
7173,34.8728
7113,7.5046
7174,35.4249
7114,7.8222
7175,34.6525
7115,7.6019
7176,36.0525
7116,7.2613
7177,34.2932
7117,7.8653
7178,35.1015
7118,7.0812
7179,35.2859
7119,7.3517
7180,35.2033
7120,7.3309
7181,35.1386
7121,7.8318
7182,35.0881
7122,7.3154
7183,35.8181
7123,7.4341
7184,35.4257
7124,7.3216
7185,36.1499
7125,6.9617
7186,34.8629
7126,7.3807
7187,36.1742
7127,7.8165
7188,35.5201
7128,7.1006
7189,34.3522
7129,7.2580
7190,35.5118
7130,7.9794
7191,36.0631
7131,7.4568
7192,35.7957
7132,7.5100
7193,34.5514
7133,7.2009
7194,36.2714
7134,7.5030
7195,36.0097
7135,7.3935
7196,35.4853
7136,7.1060
7197,35.4641
7137,7.4725
7198,36.1694
7138,7.6582
7199,35.8657
7139,7.5912
7200,35.0475
7140,7.4953
7201,35.5360
7141,6.9394
7202,34.4159
7142,7.3927
7203,37.0099
7143,7.0664
7204,35.0867
7144,7.5766
7205,35.3787
7145,7.7727
7206,34.6279
7146,7.1549
7207,35.2305
7147,7.8133
7208,35.1947
7148,7.0606
7209,34.1571
7149,7.4785
7210,35.9133
7150,7.2142
7211,35.1681
7151,7.8143
7212,35.6654
7152,7.3856
7213,35.8047
7153,6.8478
7214,34.5629
7154,7.6920
7215,36.0235
7155,7.3901
7156,6.9845
7216,35.7979
7217,34.7986
7157,7.6280
7218,36.0202
7158,7.3442
7219,35.0985
7159,7.4828
7220,35.3506
7160,7.5262
7221,35.0248
7161,7.7287
7222,35.6932
7162,7.1891
7223,35.0486
7163,7.6107
7224,36.2495
7164,7.3510
7225,35.5892
7165,7.6456
7226,35.6143
7166,6.9647
7227,34.7765
7167,7.3881
7228,35.4333
7168,7.3433
7229,35.3826
7169,6.9323
7230,35.3827
7170,7.5576
7231,36.0636
7171,7.1933
7232,34.7118
7172,7.4125
7173,6.8530
7233,35.7866
7234,33.7367
7174,7.3452
7235,37.7627
7175,7.5416
7236,36.4004
7176,7.2480
7237,34.7273
7177,7.9130
7238,35.9055
7178,7.3792
7239,35.1736
7179,6.8245
7240,34.2445
7180,7.0065
7181,7.0585
7241,35.7346
7242,34.3292
7182,7.2985
7183,6.7577
7243,36.2261
7244,34.4497
7184,7.3013
7245,36.4210
7185,7.4083
7246,36.1046
7186,7.3537
7247,35.3469
7187,6.8631
7248,34.8150
7188,7.3786
7249,35.6389
7189,6.9744
7250,35.4512
7190,6.9576
7251,35.6996
7191,7.0539
7252,35.4134
7192,7.2286
7193,7.2756
7253,36.2270
7254,35.0163
7194,7.1378
7255,34.0990
7195,7.3097
7256,35.3648
7196,7.2950
7257,35.3860
7197,7.3685
7258,35.0866
7198,7.4217
7259,35.0820
7199,7.2580
7260,34.7428
7200,7.0192
7261,34.6461
7201,7.6102
7262,36.0827
7202,7.3774
7263,35.7747
7203,7.6879
7204,6.9833
7264,37.1768
7205,7.2237
7265,34.2890
7266,34.1812
7206,7.7123
7267,35.7932
7207,7.1694
7268,35.0389
7208,7.3565
7269,35.3640
7209,7.0593
7270,34.6477
7210,7.7038
7271,35.1026
7211,7.4058
7212,7.1465
7272,35.6995
7273,35.0434
7213,7.5476
7274,35.5005
7214,7.7640
7275,36.1959
7215,7.1439
7276,34.3326
7216,6.9557
7277,35.5857
7217,7.4282
7278,34.6257
7218,7.9065
7279,36.7630
7219,7.2775
7280,35.3805
7220,7.4634
7221,7.2984
7281,37.5195
7282,34.9896
7222,7.3302
7283,35.4008
7223,7.3636
7284,34.5254
7224,7.6485
7285,34.7792
7225,7.3160
7286,36.0813
7226,7.5029
7287,35.4769
7227,7.4382
7288,35.2994
7228,6.9789
7289,35.2098
7229,7.5094
7290,36.1770
7230,7.2464
7291,35.5186
7231,6.8395
7292,35.2029
7232,8.7350
7293,36.0408
7233,6.9183
7294,35.6110
7234,7.6758
7295,34.7618
7235,7.5025
7296,35.8852
7236,7.2061
7297,35.1286
7237,6.9306
7298,34.4032
7238,7.2123
7299,35.1359
7239,7.1740
7300,34.2590
7240,7.6122
7241,6.7444
7301,35.7017
7302,35.2574
7242,7.1522
7303,34.5787
7243,7.4538
7244,6.7585
7304,36.0531
7305,34.0392
7245,7.6629
7306,35.0810
7246,7.4627
7307,35.9771
7247,7.7893
7308,35.3280
7248,6.9866
7309,35.7632
7249,7.2034
7310,34.6836
7250,7.2398
7311,36.3507
7251,7.4196
7252,6.7434
7312,35.7703
7313,34.3799
7253,7.0991
7314,35.9166
7254,6.9026
7315,35.2012
7255,7.3214
7316,36.7603
7256,7.1122
7317,35.4210
7257,7.3557
7318,34.8895
7258,7.6227
7259,6.7189
7319,36.1442
7320,34.0040
7260,7.5178
7261,6.9516
7321,36.0310
7322,35.2617
7262,7.3686
7263,6.7822
7323,36.1256
7324,34.4324
7264,7.1856
7265,6.6487
7325,36.6403
7326,33.8442
7266,7.4379
7267,7.1317
7327,35.9468
7328,34.5032
7268,7.4257
7329,35.7147
7269,7.0051
7330,34.7018
7270,7.2864
7331,36.1167
7271,6.9440
7332,35.7238
7272,7.6502
7273,7.0522
7333,37.0528
7334,35.0592
7274,7.5747
7335,35.8431
7275,7.3423
7336,36.2680
7276,7.1278
7337,36.0811
7277,7.2179
7278,7.0357
7338,35.6887
7339,35.0327
7279,7.0864
7280,7.0144
7340,35.9542
7341,34.9282
7281,6.8584
7282,6.9231
7342,36.0609
7343,35.2421
7283,7.4797
7344,35.2856
7284,6.9548
7345,35.4281
7285,7.4401
7286,6.6679
7346,35.6030
7347,34.6120
7287,7.2200
7348,35.2117
7288,7.4603
7349,36.2327
7289,7.4141
7290,6.7182
7350,35.5924
7351,34.6053
7291,7.4174
7352,36.0816
7292,7.0887
7353,36.0076
7293,7.0049
7294,7.1575
7354,35.1834
7355,35.2844
7295,6.9706
7356,34.8880
7296,7.3403
7297,7.0252
7357,36.1336
7358,35.0615
7298,7.1596
7359,35.3236
7299,6.9165
7360,35.2893
7300,7.2049
7361,36.0956
7301,7.1373
7362,34.9245
7302,6.9811
7303,6.8304
7363,35.5841
7364,34.3211
7304,7.4882
7365,35.6884
7305,6.9916
7366,34.9203
7306,6.8979
7307,6.5864
7367,35.6677
7368,34.8868
7308,7.1430
7309,7.0960
7369,36.4346
7370,34.8280
7310,7.2999
7311,7.0513
7371,35.4409
7372,34.1690
7312,7.0617
7373,36.3565
7313,6.8111
7374,35.9195
7314,6.8945
7375,34.7948
7315,6.6674
7376,34.5841
7316,6.9675
7317,6.7439
7377,36.6840
7378,35.2367
7318,7.0703
7379,35.6690
7319,6.7791
7380,35.6047
7320,7.1882
7321,6.6259
7381,36.1391
7382,34.6548
7322,7.3206
7383,36.0430
7323,7.0373
7384,35.5404
7324,7.3649
7325,6.9219
7385,35.5761
7386,33.8661
7326,7.6638
7327,6.5966
7387,36.0711
7388,34.5069
7328,7.3120
7329,7.1859
7389,36.3207
7390,35.0249
7330,7.3457
7391,35.2595
7331,7.5845
7392,35.9775
7332,7.1401
7393,35.1372
7333,7.3757
7394,35.4956
7334,7.3604
7335,6.7460
7395,36.0096
7396,33.7425
7336,7.3147
7337,6.7248
7397,35.9715
7398,34.7893
7338,7.4572
7399,35.6769
7339,7.0512
7340,6.7336
7400,36.5297
7401,35.7156
7341,7.0716
7342,6.6195
7402,35.1118
7403,36.2623
7343,7.3100
7344,6.8204
7404,35.9897
7405,34.7538
7345,6.8677
7346,7.1377
7406,36.0055
7407,34.8363
7347,6.9264
7348,6.6161
7408,36.2253
7409,34.7635
7349,7.3674
7350,6.9674
7410,36.4944
7411,35.1191
7351,7.1110
7412,34.8589
7352,7.0052
7413,34.8049
7353,7.2697
7414,36.1714
7354,6.9181
7415,34.3825
7355,7.4747
7416,35.4340
7356,6.7918
7417,35.5124
7357,6.8906
7418,35.2161
7358,6.6864
7419,35.4389
7359,6.9624
7420,35.4888
7360,7.3522
7421,36.0556
7361,7.2168
7362,6.7169
7422,36.5322
7423,35.0933
7363,7.3519
7424,35.5888
7364,7.1429
7425,35.8169
7365,6.7539
7426,35.8029
7366,7.0301
7427,35.8424
7367,7.0600
7428,35.8871
7368,6.6524
7429,34.6774
7369,6.9654
7430,35.1495
7370,6.7517
7431,38.6667
7371,6.5807
7432,35.0035
7372,6.8992
7433,36.4775
7373,6.5068
7434,37.0586
7374,6.5180
7435,35.0430
7375,6.7583
7436,36.7025
7376,6.5705
7437,35.6021
7377,7.2901
7378,6.4033
7438,36.9816
7439,36.0669
7379,6.8905
7440,37.2617
7380,6.9618
7381,6.4809
7441,37.5419
7382,6.4892
7442,37.4601
7383,6.6020
7443,36.0959
7444,35.2575
7384,6.8216
7445,36.4834
7385,6.5269
7446,36.7691
7386,6.5356
7447,36.5820
7387,6.9115
7388,6.5009
7448,36.7542
7389,6.3300
7449,37.0248
7390,6.4408
7450,35.6212
7451,37.1015
7391,6.3540
7452,35.8029
7392,7.1548
7393,6.4537
7453,37.2413
7454,36.0641
7394,6.6798
7455,36.4528
7395,6.4362
7456,37.1452
7396,6.7205
7457,35.7402
7397,6.7327
7398,6.4561
7458,36.7740
7459,35.9724
7399,6.5120
7460,36.1473
7400,6.8077
7461,36.9925
7401,6.6716
7462,36.0894
7402,6.5374
7463,36.1526
7403,6.7774
7404,6.3940
7464,37.5280
7405,6.3621
7465,35.4028
7466,36.3688
7406,6.7046
7467,36.0660
7407,6.9269
7408,6.5076
7468,39.1071
7469,36.3877
7409,6.3870
7470,35.8953
7410,6.5759
7471,38.7796
7411,6.7040
7472,36.8933
7412,6.6161
7473,35.7695
7413,6.8520
7414,6.8376
7474,37.7229
7415,6.8471
7475,35.4417
7416,6.4653
7476,36.1959
7477,36.5419
7417,6.5508
7478,36.5275
7418,6.5101
7479,35.5217
7419,6.4199
7480,36.5071
7420,6.6412
7481,36.2055
7421,6.4464
7482,35.8779
7422,7.1686
7483,37.5012
7423,6.4802
7484,36.2729
7424,6.5245
7485,36.0847
7425,6.7664
7426,6.6098
7486,37.2553
7487,36.8879
7427,6.6190
7428,6.9047
7488,36.4111
7489,36.3243
7429,6.9350
7490,35.9085
7430,6.4954
7431,6.3851
7491,36.8987
7492,35.6288
7432,6.4193
7493,35.2568
7433,6.4969
7494,36.9807
7434,6.6540
7495,36.1471
7435,6.7071
7436,6.4668
7496,36.0398
7497,35.6299
7437,6.6727
7438,6.4054
7498,36.5327
7499,35.3012
7439,6.8269
7500,35.1165
7440,6.9943
7441,6.6727
7501,37.4516
7442,6.5232
7502,36.7904
7503,36.1833
7443,6.6227
7504,36.6600
7444,7.2145
7445,6.4346
7505,37.2763
7506,36.2684
7446,6.9100
7447,6.8496
7507,37.1783
7508,38.3658
7448,6.8345
7449,6.5147
7509,36.4674
7450,6.8579
7510,38.0170
7511,35.7958
7451,6.4642
7512,37.3453
7452,6.5885
7513,36.1281
7453,6.3823
7514,35.6796
7454,6.8040
7515,37.0436
7455,6.6006
7516,34.8140
7456,6.6212
7517,35.4592
7457,7.1193
7518,36.2895
7458,7.2559
7519,35.8490
7459,6.7706
7520,36.7372
7460,6.3361
7521,35.8361
7461,6.6650
7522,35.3834
7462,6.9461
7463,6.5308
7523,36.9746
7524,36.0421
7464,6.5635
7465,6.9175
7525,36.7007
7526,36.8379
7466,6.9087
7467,6.4729
7527,36.1260
7528,35.4874
7468,6.5786
7529,35.9798
7469,6.6542
7470,6.3683
7530,36.7070
7531,35.8406
7471,6.2703
7532,35.9548
7472,6.4055
7473,6.3456
7533,36.5840
7534,36.4775
7474,6.6721
7475,6.3145
7535,36.3666
7536,34.9656
7476,7.1601
7537,36.4754
7477,6.4421
7478,6.3284
7538,37.0122
7539,35.8188
7479,6.5151
7540,36.5840
7480,6.5926
7541,35.8425
7481,6.5489
7542,36.6483
7482,6.6692
7483,6.3934
7543,36.4185
7544,35.3678
7484,6.5786
7545,35.5260
7485,6.4766
7486,6.2888
7546,37.0322
7547,35.8618
7487,6.5595
7548,36.4437
7488,6.6866
7549,35.2207
7489,6.4913
7550,37.4687
7490,7.0794
7491,6.3732
7551,37.0872
7492,6.3968
7552,36.1751
7553,35.1794
7493,6.6967
7554,36.0128
7494,6.4818
7495,6.4142
7555,36.4053
7556,36.8008
7496,6.5532
7557,36.0614
7497,6.3553
7558,36.1571
7498,6.7396
7559,36.5672
7499,6.7192
7560,36.7338
7500,6.3462
7561,35.5624
7501,6.4372
7562,36.5616
7502,6.4343
7503,6.4251
7563,37.6414
7504,6.4739
7564,35.9809
7565,36.4303
7505,6.4092
7566,35.3789
7506,6.5548
7567,35.9677
7507,6.4086
7568,35.3811
7508,6.7656
7569,36.6176
7509,6.6666
7570,37.1410
7510,6.3642
7571,35.7946
7511,6.6588
7512,6.9384
7572,36.3835
7513,6.7225
7573,37.0199
7574,39.5620
7514,6.6221
7575,35.8719
7515,6.7184
7576,36.1095
7516,6.9323
7517,6.3455
7577,36.0070
7578,35.8815
7518,6.9241
7519,6.2948
7579,37.1433
7520,6.6184
7580,35.3882
7581,35.6502
7521,6.9580
7582,35.9757
7522,6.6386
7583,36.9618
7523,7.1291
7524,6.3479
7584,36.5453
7585,35.2266
7525,6.6061
7586,36.5518
7526,6.7068
7527,6.2504
7587,36.1659
7528,6.8413
7588,36.0893
7529,6.3551
7589,36.0976
7590,35.4012
7530,6.6210
7591,36.1369
7531,6.3794
7532,6.7322
7592,36.5629
7593,35.2055
7533,6.9659
7594,36.3518
7534,6.5494
7595,36.0996
7535,6.5098
7536,6.3423
7596,36.4789
7597,35.1942
7537,6.6453
7598,36.0038
7538,6.4242
7599,37.4087
7539,6.7071
7600,37.2874
7540,6.3560
7601,36.4572
7541,6.5686
7542,6.3856
7602,36.2076
7603,36.1709
7543,6.5086
7544,6.4738
7604,36.0504
7605,37.1731
7545,6.3540
7606,36.4099
7546,6.8824
7607,36.1959
7547,6.7424
7608,36.3188
7548,6.8425
7549,6.3450
7609,36.1455
7610,35.6164
7550,6.4826
7611,35.9695
7551,6.2928
7552,6.3532
7612,35.9008
7613,35.5701
7553,6.9254
7554,6.4931
7614,36.6114
7615,36.4810
7555,6.5666
7556,6.5789
7616,37.0288
7557,6.6409
7617,36.4610
7618,35.5353
7558,6.9969
7559,6.6855
7619,37.0794
7620,36.4856
7560,7.0022
7621,36.8919
7561,7.1263
7562,6.7515
7622,36.9727
7623,35.8176
7563,6.8575
7564,6.6217
7624,37.0891
7625,36.2833
7565,7.0862
7566,6.3093
7626,37.3840
7627,35.7381
7567,6.2885
7568,6.3381
7628,36.4283
7629,35.9062
7569,6.7775
7630,36.9220
7570,6.9411
7631,36.3767
7571,7.0760
7632,35.9507
7572,7.0581
7573,6.3106
7633,36.0372
7574,6.3574
7634,36.3719
7635,36.0110
7575,6.4622
7636,36.3033
7576,7.0759
7637,35.9579
7577,6.6177
7578,6.2244
7638,36.9344
7579,6.4640
7639,36.1304
7640,34.9954
7580,6.3941
7581,6.5168
7641,38.1185
7642,35.8153
7582,6.8201
7643,37.0264
7583,6.8380
7584,6.5063
7644,37.1461
7645,34.9860
7585,7.0523
7586,6.4538
7646,36.5523
7647,35.6195
7587,6.6441
7648,35.8112
7588,6.5765
7589,6.7967
7649,37.5940
7650,35.5661
7590,6.7306
7651,36.9719
7591,6.9054
7592,6.8580
7652,37.0366
7593,6.6614
7653,36.2971
7594,6.5452
7654,37.2172
7655,36.7128
7595,6.7832
7656,36.7020
7596,6.7948
7597,6.5469
7657,37.3919
7658,36.6400
7598,7.0009
7599,6.2969
7659,38.3010
7600,6.2841
7660,36.9054
7601,6.6291
7661,35.8949
7662,36.2317
7602,7.0851
7663,36.7313
7603,6.5532
7604,6.7170
7664,36.9031
7665,36.2816
7605,6.9639
7666,35.5057
7606,6.3690
7607,6.7971
7667,37.8302
7668,35.9209
7608,6.6891
7609,6.4175
7669,35.2381
7670,34.9857
7610,6.8757
7671,36.6590
7611,6.8577
7612,6.6733
7672,36.9164
7673,35.9366
7613,6.8006
7674,35.8405
7614,6.4313
7675,36.3461
7615,6.5726
7676,36.3109
7616,7.1977
7677,36.8687
7617,6.9503
7678,35.5862
7618,6.8908
7679,36.1207
7619,6.5644
7680,35.7218
7620,7.1815
7681,35.8983
7621,7.1175
7682,36.8605
7622,6.6169
7683,36.4788
7623,6.5882
7684,35.8676
7624,6.5357
7685,36.0501
7625,6.2913
7686,36.5537
7626,6.5986
7687,35.2815
7627,6.9608
7688,36.9498
7628,6.2664
7689,36.1569
7629,6.9966
7690,36.2110
7630,6.7537
7691,35.9763
7631,6.7673
7692,36.5384
7632,6.5750
7633,6.2801
7693,36.8265
7634,6.3002
7694,36.5714
7695,35.3176
7635,6.6581
7636,6.2367
7696,35.5998
7697,35.0234
7637,6.5809
7698,36.9256
7638,6.7366
7699,36.4637
7639,6.4054
7700,37.1271
7640,6.8842
7641,6.5063
7701,37.2349
7642,6.6641
7702,36.1323
7703,36.0211
7643,6.9617
7644,6.2278
7704,36.7152
7705,34.9497
7645,6.9684
7706,35.1649
7646,6.8607
7707,37.8353
7647,7.0819
7708,35.7768
7648,6.4560
7649,6.4632
7709,37.8575
7650,6.8067
7710,35.9542
7651,6.4405
7711,35.3197
7712,34.6529
7652,6.9591
7713,35.6112
7653,6.5978
7714,35.8187
7654,6.5390
7715,35.8749
7655,6.5576
7716,36.9751
7656,6.9096
7657,6.5937
7717,37.2674
7658,6.8402
7718,35.2681
7659,6.1484
7719,36.2827
7720,34.9149
7660,6.7739
7661,6.9352
7721,36.4810
7722,35.2954
7662,6.6687
7723,36.1329
7663,6.8742
7724,37.0039
7664,6.8658
7665,6.3153
7725,36.1533
7726,35.0687
7666,6.6020
7727,36.6154
7667,6.5158
7728,36.1613
7668,6.2204
7729,35.3085
7669,6.9794
7730,37.0531
7670,6.6405
7731,36.3901
7671,6.3025
7732,36.3361
7672,6.3666
7673,6.3872
7733,36.9929
7674,6.2781
7734,36.3308
7735,35.0601
7675,6.6516
7736,36.6167
7676,6.4862
7737,35.3379
7677,6.3064
7738,36.5020
7678,6.7772
7739,35.2165
7679,6.4575
7740,35.5262
7680,7.1004
7681,6.2591
7741,36.8814
7742,36.3230
7682,6.6551
7743,37.5169
7683,6.9987
7744,36.4432
7684,6.4085
7745,37.7135
7685,6.4851
7746,35.9731
7686,6.5941
7747,36.0024
7687,6.4988
7688,6.2632
7748,35.4730
7749,36.5120
7689,6.3533
7750,35.8207
7690,6.2548
7751,35.8426
7691,6.2897
7752,36.9329
7692,6.3026
7753,36.2740
7693,6.5417
7694,6.2901
7754,36.8660
7695,6.2116
7755,36.0486
7756,35.1026
7696,6.2451
7757,35.4795
7697,6.6536
7758,37.5552
7698,6.5271
7699,6.2625
7759,36.5632
7760,35.7901
7700,6.8243
7761,36.1004
7701,6.7362
7702,6.2599
7762,36.5234
7703,6.1808
7763,36.7048
7764,35.3991
7704,6.3763
7765,37.1601
7705,6.3574
7766,37.2751
7706,6.5261
7707,6.2517
7767,36.8707
7768,35.9673
7708,6.5036
7709,6.6929
7769,35.9633
7770,36.3009
7710,6.2596
7771,35.5341
7711,6.8113
7772,37.3007
7712,6.8783
7773,35.8003
7713,6.5668
7714,6.1614
7774,37.3159
7775,35.8667
7715,6.6885
7776,35.9650
7716,6.5687
7717,6.2791
7777,36.9389
7778,36.0828
7718,6.6976
7779,36.8069
7719,6.6332
7780,36.6325
7720,6.3819
7781,36.4954
7721,6.3402
7722,6.3892
7782,36.9047
7723,6.2923
7783,35.9140
7724,6.6368
7784,35.6479
7785,35.7518
7725,6.7349
7786,36.8255
7726,6.5399
7787,35.4397
7727,6.4926
7788,36.2784
7728,6.0284
7789,36.3068
7729,6.1448
7730,6.0113
7790,35.3713
7791,34.8446
7731,6.0914
7732,6.2525
7792,37.0685
7793,35.5454
7733,6.1524
7794,35.7994
7734,5.7738
7795,36.8551
7735,6.0502
7796,36.4955
7736,5.7677
7797,36.1270
7737,5.9567
7738,5.7572
7798,35.5909
7799,35.9526
7739,5.7968
7800,36.8100
7740,6.1911
7801,36.4252
7741,6.2505
7742,5.7683
7802,37.0275
7743,6.2126
7803,36.5818
7804,35.5218
7744,6.1900
7745,5.7660
7805,35.9615
7806,35.5301
7746,6.6851
7747,6.2899
7807,36.9199
7808,35.8359
7748,6.0580
7809,35.8654
7749,6.1433
7810,37.8675
7750,6.5237
7751,6.2035
7811,36.7566
7812,35.9192
7752,6.3632
7813,36.8482
7753,5.8095
7814,36.2435
7754,6.1696
7755,5.9953
7815,36.9950
7756,5.7885
7816,35.1703
7817,35.6254
7757,6.0147
7818,35.4947
7758,6.0476
7819,35.7233
7759,5.9138
7760,5.6628
7820,37.1454
7821,35.0756
7761,5.6625
7822,35.4095
7762,5.8186
7823,37.7830
7763,5.9273
7764,6.0566
7824,36.0644
7825,35.1078
7765,5.8104
7826,36.7682
7766,5.8474
7827,35.3341
7767,5.7754
7828,36.2747
7768,6.3082
7829,37.4639
7769,5.9144
7830,34.9273
7770,5.8455
7831,37.3474
7771,5.7191
7772,5.7012
7832,36.4940
7833,35.2369
7773,6.0696
7834,36.6281
7774,5.8236
7835,36.5287
7775,5.7944
7836,35.6431
7776,5.6966
7837,36.0244
7777,5.9911
7838,36.2705
7778,6.1451
7779,5.9486
7839,37.1859
7780,5.8448
7840,36.3128
7841,36.0029
7781,6.0628
7782,5.6716
7842,36.3499
7843,35.3112
7783,5.7134
7844,35.3078
7784,6.3409
7785,5.7111
7845,36.8912
7846,35.9036
7786,6.0534
7787,5.9115
7847,36.9018
7788,6.0814
7848,35.0217
7789,6.1330
7849,35.8099
7850,34.9706
7790,6.4060
7851,37.4033
7791,6.3287
7792,6.1198
7852,36.8860
7853,35.2741
7793,6.4430
7854,37.1642
7794,5.9426
7795,5.8769
7855,36.8531
7796,6.1768
7856,35.1630
7857,35.7844
7797,6.1182
7858,35.6406
7798,5.6925
7859,35.6634
7799,6.8073
7860,35.6370
7800,5.9333
7861,37.5121
7801,6.4055
7802,5.7846
7862,37.9314
7803,6.2235
7863,35.9097
7864,36.1891
7804,6.1296
7805,5.7930
7865,36.9856
7806,6.1144
7866,35.4198
7867,36.3394
7807,6.6397
7868,36.7090
7808,6.0145
7869,37.1636
7809,6.1210
7810,5.7350
7870,37.1043
7871,36.0709
7811,5.9592
7872,35.9282
7812,6.0198
7873,36.6611
7813,6.1129
7814,5.7274
7874,36.4691
7875,35.5754
7815,5.7167
7876,35.3506
7816,6.0115
7877,36.1856
7817,5.8260
7818,6.2655
7878,36.8057
7819,5.9035
7879,36.2114
7880,39.2774
7820,6.3417
7881,35.8134
7821,5.7919
7822,5.9906
7882,36.0003
7883,34.7322
7823,5.9845
7884,35.8144
7824,5.7431
7885,35.5214
7825,5.7966
7886,35.9023
7826,5.8838
7887,35.7850
7827,5.9232
7888,36.2212
7828,6.1004
7889,36.3257
7829,6.0872
7890,36.5351
7830,6.1666
7831,5.7504
7891,37.0207
7892,35.4304
7832,6.2005
7833,6.0356
7893,37.0076
7894,34.8599
7834,6.3087
7895,37.3228
7835,5.9759
7836,5.8013
7896,37.1168
7837,5.7700
7897,36.0774
7898,35.4218
7838,5.8109
7899,36.8032
7839,6.0410
7900,35.2038
7840,5.8736
7841,5.7720
7901,37.1342
7842,6.2303
7902,36.2964
7903,35.6269
7843,6.0786
7904,36.1089
7844,6.0114
7845,5.7638
7905,36.3087
7906,36.3961
7846,6.0507
7907,36.2558
7847,5.8039
7908,35.9783
7848,6.0352
7909,36.2204
7849,6.4136
7850,6.2433
7910,36.5515
7911,34.6986
7851,6.4593
7912,37.1483
7852,6.1124
7853,5.8866
7913,37.2007
7854,5.6900
7914,35.8674
7915,34.9720
7855,6.0852
7916,35.6115
7856,6.2893
7857,5.7205
7917,36.6652
7918,35.1879
7858,6.4372
7919,36.4733
7859,6.0610
7920,36.5600
7860,5.7773
7921,35.3273
7861,6.2856
7922,35.0959
7862,5.8038
7923,36.7504
7863,5.8848
7864,5.7133
7924,36.1894
7925,36.0347
7865,5.7583
7866,5.9110
7926,37.1126
7927,36.1209
7867,6.1395
7868,5.7306
7928,36.6457
7929,36.5318
7869,6.5066
7870,5.6554
7930,37.0108
7931,35.7036
7871,6.4344
7932,37.1000
7872,6.1129
7873,5.6746
7933,35.9720
7934,34.8581
7874,6.0304
7935,36.7446
7875,6.4705
7876,6.1725
7936,36.6386
7877,5.7631
7937,35.9215
7938,36.1462
7878,6.4463
7939,37.0937
7879,5.9062
7940,35.1219
7880,6.6745
7881,5.6706
7941,36.3169
7942,34.8115
7882,6.3436
7943,37.0249
7883,6.1237
7884,5.6565
7944,36.6750
7885,5.9122
7945,35.5233
7946,36.1656
7886,6.5994
7887,5.7420
7947,37.5348
7888,5.8350
7948,36.5224
7949,36.5620
7889,5.8357
7950,36.9325
7890,6.0592
7951,36.9141
7891,6.1161
7892,5.6196
7952,36.9874
7893,5.7501
7953,35.9220
7954,36.0293
7894,6.3180
7895,5.7237
7955,36.8005
7896,6.1413
7956,35.8514
7957,35.8161
7897,5.9398
7898,5.8854
7958,36.7375
7959,35.9579
7899,5.7299
7960,36.0058
7900,6.2025
7961,35.4560
7901,6.2779
7902,5.7908
7962,36.0561
7963,35.8701
7903,5.9787
7964,36.2311
7904,6.0083
7965,36.1319
7905,5.7661
7906,5.7015
7966,37.0316
7967,35.6629
7907,5.8735
7968,36.6542
7908,6.0857
7969,36.8718
7909,6.3420
7970,35.8796
7910,6.5363
7911,5.7025
7971,36.8296
7972,35.7244
7912,6.5050
7973,37.1288
7913,6.3298
7914,6.2131
7974,37.1733
7975,36.0351
7915,6.2570
7916,5.7422
7976,36.4509
7977,36.0073
7917,5.6835
7918,5.7547
7978,35.9477
7979,35.6714
7919,5.7342
7980,36.4163
7920,5.9745
7981,36.0993
7921,6.4622
7982,35.3548
7922,6.0064
7923,6.2431
7983,36.2843
7984,35.9742
7924,6.3327
7925,6.0288
7985,36.9144
7986,36.1879
7926,5.9936
7927,5.6541
7987,36.5033
7988,35.0628
7928,5.8076
7929,5.7081
7989,36.7725
7990,35.5488
7930,5.8978
7991,36.5952
7931,6.4952
7992,36.1102
7932,6.3913
7933,5.6811
7993,36.6737
7934,5.7915
7994,36.0883
7995,35.6155
7935,6.0733
7996,36.8058
7936,5.9730
7937,5.7081
7997,35.8145
7998,35.7160
7938,6.2530
7939,6.2851
7999,37.1027
8000,36.4653
7940,6.3314
7941,5.9489
8001,35.9065
8002,35.2249
7942,6.3495
7943,6.1582
8003,37.1301
7944,6.2035
8004,35.6999
8005,36.0408
7945,6.3668
8006,35.9879
7946,6.1781
8007,35.6630
7947,5.9803
8008,36.3251
7948,5.9500
8009,35.5586
7949,6.3629
7950,6.2131
8010,36.4273
8011,36.0719
7951,5.8442
7952,5.8796
8012,35.7610
8013,35.9950
7953,6.6364
8014,36.7709
7954,6.4492
8015,36.1699
7955,6.3858
8016,36.8910
7956,5.7783
7957,5.6617
8017,37.4117
8018,35.3469
7958,5.9397
8019,35.7071
7959,5.9232
8020,36.2140
7960,5.9258
8021,36.4295
7961,6.0673
8022,36.7061
7962,6.2981
8023,36.3756
7963,5.8526
8024,36.3148
7964,6.0127
8025,36.6293
7965,5.8813
7966,5.6778
8026,36.4947
8027,35.1652
7967,5.8195
8028,36.4660
7968,5.9423
8029,35.6269
7969,6.4811
8030,36.9292
7970,6.2972
7971,5.6641
8031,35.9935
8032,35.7437
7972,5.9336
7973,5.8250
8033,37.4628
8034,34.9999
7974,6.5055
8035,36.5396
7975,6.4792
7976,5.6372
8036,36.8659
8037,34.7567
7977,6.0908
7978,6.0306
8038,36.8220
8039,35.7851
7979,6.2712
7980,5.7040
8040,36.8527
8041,35.7984
7981,6.0457
8042,35.7342
7982,6.5962
8043,36.5086
7983,6.1041
7984,6.0900
8044,36.5729
8045,35.6297
7985,6.3195
8046,36.2637
7986,5.9928
8047,36.5248
7987,5.9578
8048,35.7036
7988,5.7445
8049,36.0868
7989,5.7938
8050,36.5360
7990,5.9821
8051,35.8798
7991,5.6995
7992,5.7478
8052,35.9952
8053,34.9650
7993,6.0225
8054,37.2866
7994,5.9626
8055,36.2497
7995,5.7327
8056,35.9834
7996,5.8739
7997,5.8921
8057,37.5099
7998,5.8954
8058,35.9498
8059,35.7388
7999,6.3469
8060,36.0361
8000,6.4538
8061,35.6589
8001,5.8140
8062,36.9747
8002,5.9173
8003,5.7288
8063,36.7397
8064,35.2602
8004,5.7842
8005,5.5413
8065,37.2706
8066,34.8936
8006,5.7378
8067,36.2336
8007,6.0348
8008,5.7838
8068,36.2682
8069,36.4426
8009,6.0783
8010,5.7918
8070,36.6335
8071,35.0856
8011,6.0906
8072,36.6083
8012,6.2725
8013,5.6857
8073,36.1489
8014,5.6585
8074,36.7682
8075,35.7220
8015,5.9256
8016,6.1348
8076,36.5826
8077,35.5769
8017,6.0948
8018,5.6924
8078,36.5553
8079,34.7681
8019,6.3032
8080,37.4197
8020,6.2456
8021,5.8833
8081,35.9870
8022,5.9940
8082,35.8954
8083,35.0761
8023,6.2713
8024,5.8545
8084,37.6387
8085,35.8992
8025,6.0262
8026,6.0631
8086,36.9755
8087,35.6799
8027,6.0106
8088,36.8313
8028,5.7590
8089,38.4982
8029,6.0285
8090,37.1755
8030,5.9367
8031,5.8391
8091,36.0048
8032,5.8048
8092,35.6912
8093,36.7504
8033,6.1025
8094,39.6576
8034,5.9366
8095,35.3623
8035,5.6465
8096,36.3390
8036,6.0625
8037,5.6888
8097,36.5865
8038,5.7533
8098,35.7062
8099,36.6546
8039,5.7648
8040,5.8445
8100,36.1636
8101,35.6787
8041,6.4351
8102,37.3989
8042,6.0166
8043,5.7045
8103,37.0482
8104,35.1127
8044,5.7342
8045,5.9622
8105,36.8666
8106,35.8561
8046,5.8410
8107,36.0097
8047,6.0527
8108,37.0997
8048,5.7186
8049,5.6310
8109,37.3075
8110,35.6139
8050,5.9232
8111,36.8053
8051,6.0991
8052,5.9543
8112,35.4013
8113,35.7756
8053,5.8774
8114,35.1088
8054,5.9631
8055,6.0042
8115,36.7791
8116,35.0645
8056,6.5290
8057,5.8399
8117,36.5561
8118,35.7346
8058,6.2660
8119,36.6187
8059,5.7768
8060,5.8547
8120,36.9936
8121,35.3707
8061,6.3076
8122,37.3976
8062,5.9553
8063,6.0451
8123,36.8668
8124,35.7357
8064,6.1278
8125,36.0485
8065,6.5146
8126,36.2576
8066,6.2320
8067,5.9795
8127,37.0405
8128,35.2678
8068,6.0215
8069,6.2353
8129,37.1684
8130,35.7223
8070,6.4412
8071,5.9740
8131,36.1963
8132,35.1554
8072,5.7954
8073,6.0228
8133,36.6795
8134,36.0056
8074,5.9500
8075,5.6888
8135,36.1357
8136,35.6034
8076,5.9641
8137,36.3969
8077,6.1517
8078,5.9049
8138,35.8499
8139,34.9034
8079,6.2851
8140,36.4387
8080,5.8213
8081,6.2179
8141,37.4899
8142,35.6854
8082,6.0080
8143,36.0223
8083,5.9324
8144,35.6560
8084,5.7342
8145,35.4346
8085,6.0332
8146,36.4443
8086,6.0833
8087,5.6324
8147,36.8454
8148,34.9668
8088,6.3204
8089,5.6731
8149,35.8395
8150,35.8388
8090,6.4960
8151,36.4924
8091,5.9594
8092,5.9145
8152,36.1353
8153,36.3505
8093,5.7915
8154,36.5213
8094,6.3149
8155,36.0667
8095,5.6707
8156,36.2044
8096,5.9960
8157,35.1338
8097,6.1585
8098,6.1068
8158,37.5221
8159,35.5157
8099,6.0112
8100,5.8427
8160,36.1309
8161,35.1249
8101,6.3457
8162,36.5554
8102,6.0440
8103,5.7443
8163,36.6230
8164,36.3550
8104,6.0428
8165,35.8876
8105,6.2701
8166,37.6100
8106,6.0724
8107,5.9130
8167,36.7195
8168,36.0258
8108,6.0641
8169,35.8622
8109,5.6757
8170,35.0903
8110,5.7775
8111,6.1865
8171,37.0293
8172,36.4903
8112,6.0694
8173,35.9771
8113,6.0256
8174,37.9424
8114,6.0805
8175,36.4483
8115,6.0336
8116,5.8219
8176,36.4266
8177,35.2760
8117,6.2606
8178,35.8298
8118,6.1532
8179,36.4126
8119,6.6062
8180,36.1297
8120,6.3341
8121,6.0866
8181,36.2668
8182,35.1279
8122,6.1552
8183,35.6970
8123,5.6382
8184,35.3021
8124,6.0555
8125,5.9716
8185,36.3548
8186,35.6867
8126,5.7834
8127,5.7183
8187,36.8406
8188,35.6807
8128,6.1004
8129,6.1244
8189,36.8822
8190,34.8530
8130,6.3758
8191,35.5013
8131,6.4749
8192,35.5620
8132,5.8449
8133,5.8409
8193,36.2257
8194,36.3810
8134,6.0861
8135,6.1753
8195,37.7759
8196,35.1403
8136,6.0215
8197,35.8596
8137,5.9071
8198,35.7808
8138,6.1980
8199,37.1436
8139,6.3506
8200,35.4073
8140,6.1607
8201,35.7885
8141,5.7417
8202,36.0312
8142,5.7559
8203,35.4141
8143,5.9942
8204,36.2213
8144,5.7254
8205,35.7981
8145,5.6786
8206,35.3848
8146,5.8538
8207,36.5433
8147,5.9581
8208,36.2043
8148,6.0020
8209,35.6657
8149,5.6792
8210,35.2431
8150,6.2293
8151,5.8953
8211,36.8464
8212,36.0162
8152,6.3765
8213,36.1063
8153,6.2657
8214,35.7692
8154,6.0343
8215,35.9128
8155,6.0152
8216,36.5262
8156,6.2902
8217,36.3264
8157,6.4258
8218,41.9085
8158,6.0166
8219,36.2529
8159,6.5098
8220,36.6254
8160,6.2269
8221,36.3590
8161,6.1883
8222,35.3948
8162,5.8607
8223,36.5384
8163,5.8145
8164,5.6320
8224,36.8194
8165,5.6661
8225,35.1344
8226,35.1135
8166,6.0938
8227,36.3021
8167,5.7327
8168,5.5650
8228,35.8999
8229,34.9436
8169,6.0643
8230,35.9246
8170,5.8126
8231,37.7638
8171,6.5456
8232,36.4074
8172,6.1074
8233,36.1321
8173,5.7401
8234,35.9254
8174,6.3043
8235,37.1047
8175,5.7794
8236,36.9821
8176,5.7622
8177,6.0147
8237,36.8543
8238,36.2400
8178,6.1231
8239,36.8736
8179,6.0118
8180,5.7756
8240,36.8342
8241,36.0749
8181,6.0667
8182,5.7734
8242,36.8464
8243,35.6356
8183,6.2688
8184,5.6484
8244,36.7033
8245,35.6726
8185,5.8798
8246,36.4753
8186,5.7170
8247,36.1867
8187,6.5096
8248,36.0507
8188,5.8925
8249,35.3982
8189,5.7026
8250,36.2355
8190,6.0737
8251,36.5264
8191,5.6299
8252,35.5946
8192,5.6703
8193,5.9965
8253,35.5766
8254,36.3738
8194,6.3939
8255,35.5548
8195,6.1482
8256,34.8428
8196,6.1978
8257,37.3733
8197,5.9411
8258,35.7992
8198,6.2406
8259,36.0417
8199,5.9456
8200,5.9951
8260,37.1498
8201,5.8531
8261,34.8876
8262,35.8885
8202,6.2042
8203,5.9725
8263,36.1759
8264,34.9063
8204,6.0552
8265,36.0260
8205,6.3392
8266,36.2783
8206,6.2712
8267,36.8983
8207,6.0003
8208,5.7563
8268,36.5487
8269,35.5015
8209,5.9030
8270,37.2957
8210,5.6926
8271,36.0089
8211,6.1069
8272,38.4289
8212,6.5708
8273,37.0249
8213,6.3171
8274,36.5054
8214,5.8377
8215,5.7858
8275,39.8355
8276,36.4132
8216,5.7760
8277,35.7426
8217,6.5307
8218,6.3113
8278,37.1289
8279,36.4162
8219,6.1396
8220,5.6388
8280,36.7721
8221,5.8499
8281,35.9238
8282,36.4299
8222,6.5627
8223,5.7306
8283,37.3727
8284,35.0541
8224,6.0723
8225,5.8685
8285,36.5654
8226,6.0240
8286,35.1556
8287,35.5310
8227,5.9591
8228,6.1718
8288,36.2591
8289,35.7745
8229,6.4444
8290,35.4818
8230,6.0088
8291,36.2273
8231,5.8666
8292,36.3503
8232,6.3165
8233,5.6428
8293,37.4086
8234,6.2310
8294,36.1823
8295,35.6753
8235,5.6411
8296,35.8180
8236,5.7440
8297,36.0646
8237,6.1089
8298,36.3035
8238,6.1923
8299,36.6278
8239,6.3904
8300,36.5125
8240,5.9579
8301,35.9936
8241,7.8305
8242,6.1554
8302,36.4176
8303,34.3708
8243,6.4105
8244,6.0206
8304,35.9965
8305,34.8032
8245,6.6679
8306,35.5279
8246,6.1672
8307,34.3413
8247,6.4858
8308,35.7929
8248,6.9146
8309,35.7035
8249,6.2210
8250,5.9510
8310,36.0090
8311,34.5488
8251,6.5145
8312,34.3857
8252,6.4011
8313,35.3543
8253,5.9650
8314,35.4698
8254,6.5819
8255,5.9525
8315,36.3898
8316,34.8908
8256,6.3905
8257,6.4156
8317,36.4649
8318,35.0232
8258,6.2263
8259,6.0131
8319,35.9139
8320,35.1302
8260,5.9684
8321,34.3614
8261,6.5208
8322,35.4413
8262,6.4421
8323,36.0970
8263,6.2193
8264,6.1347
8324,35.3115
8265,5.9302
8325,35.9361
8326,35.1849
8266,5.9551
8327,34.9682
8267,6.0980
8328,35.1125
8268,6.0381
8329,34.1919
8269,6.1898
8330,35.2126
8270,6.3267
8331,35.7187
8271,6.4683
8332,35.8456
8272,5.9544
8273,5.9622
8333,35.2765
8334,34.3188
8274,6.2185
8335,36.5014
8275,6.3676
8336,34.8349
8276,5.9792
8337,35.0782
8277,6.3457
8278,5.9177
8338,35.4999
8339,34.1262
8279,6.2058
8280,6.2819
8340,35.9259
8341,34.6557
8281,6.1120
8342,35.3664
8282,6.3284
8343,36.0486
8283,6.2654
8344,35.0546
8284,5.7845
8345,34.4459
8285,6.6089
8346,35.6799
8286,6.1679
8347,35.5007
8287,6.5537
8348,35.2355
8288,6.1154
8289,5.7818
8349,35.8995
8350,35.3848
8290,5.9750
8351,34.1143
8291,6.0050
8352,36.1535
8292,6.1061
8353,35.3596
8293,6.5247
8294,5.7035
8354,35.5668
8355,34.4358
8295,6.3029
8356,35.8574
8296,5.8156
8357,34.9995
8297,6.1550
8358,35.7750
8298,6.7241
8359,35.7932
8299,6.3712
8360,35.4217
8300,6.5055
8361,34.9293
8301,6.1386
8362,35.1202
8302,6.3416
8363,35.7619
8303,6.2525
8364,34.9927
8304,6.4204
8365,35.0356
8305,6.4620
8366,35.0031
8306,6.4372
8367,34.0993
8307,6.5410
8368,36.1736
8308,6.2378
8309,5.7762
8369,35.4091
8370,35.4351
8310,6.5884
8371,35.8233
8311,6.2957
8372,35.0007
8312,6.1282
8373,34.7397
8313,6.0865
8374,37.0818
8314,5.7905
8375,35.0394
8315,6.1636
8376,36.0214
8316,6.5128
8377,35.2272
8317,6.2146
8378,35.4075
8318,6.4325
8379,34.9997
8319,6.1312
8380,35.4796
8320,6.0616
8381,35.4943
8321,6.3133
8322,5.9201
8382,35.7772
8323,6.0117
8383,35.8470
8384,35.1033
8324,6.0092
8385,34.6139
8325,6.2359
8386,36.5400
8326,6.3999
8387,35.6968
8327,6.1474
8388,36.0438
8328,6.1100
8389,34.2402
8329,6.4417
8390,35.8196
8330,6.5150
8391,35.2351
8331,5.9963
8392,34.8332
8332,6.3521
8393,35.1605
8333,6.0380
8394,35.4547
8334,6.2264
8395,36.0149
8335,6.3697
8396,35.7833
8336,6.3002
8397,34.9336
8337,6.5967
8338,5.9377
8398,35.7001
8399,34.1104
8339,6.0721
8400,35.0825
8340,6.2802
8401,36.5434
8341,6.0218
8402,35.2960
8342,6.1271
8403,34.8832
8343,5.9285
8404,35.2283
8344,6.1227
8405,35.6657
8345,5.9636
8346,5.8095
8406,35.4772
8407,34.4770
8347,6.3925
8408,36.2883
8348,5.8960
8409,34.6453
8349,6.2789
8410,34.8405
8350,6.1871
8411,36.7916
8351,6.0355
8412,35.2263
8352,6.2356
8413,36.7439
8353,5.9086
8414,34.4439
8354,5.9944
8415,35.2288
8355,6.2695
8416,36.8130
8356,6.2270
8357,6.2077
8417,35.9518
8418,35.2481
8358,6.2034
8359,5.9147
8419,36.2625
8420,34.6994
8360,6.4000
8361,5.7679
8421,35.3443
8422,34.3667
8362,6.0993
8363,5.8448
8423,35.4816
8364,5.9824
8424,35.2363
8425,34.4143
8365,6.1896
8426,37.0600
8366,5.9962
8427,35.5626
8367,6.3608
8428,36.0027
8368,6.4255
8429,35.7527
8369,6.2617
8370,5.9697
8430,36.7006
8431,34.9697
8371,6.5484
8372,5.9086
8432,35.6172
8433,34.3675
8373,5.9641
8434,34.0613
8374,6.1044
8435,35.4342
8375,5.9274
8436,35.6581
8376,5.9841
8437,35.6125
8377,5.9877
8438,35.1629
8378,6.0907
8439,34.9028
8379,6.1899
8380,5.8651
8440,36.3239
8441,35.2966
8381,6.2022
8442,35.7408
8382,6.3908
8443,35.4452
8383,6.0883
8444,35.6572
8384,6.0917
8445,36.4005
8385,6.4295
8446,35.5000
8386,6.3796
8447,36.0829
8387,6.4308
8388,5.9029
8448,35.7525
8389,6.0124
8449,34.4493
8450,35.6097
8390,6.4217
8451,36.0919
8391,6.3665
8392,5.8788
8452,35.2737
8453,34.2160
8393,6.0996
8454,35.5463
8394,6.0068
8455,35.7988
8395,6.4636
8396,5.9044
8456,36.4565
8457,35.3407
8397,6.4124
8398,5.8550
8458,35.1163
8459,34.4292
8399,6.4170
8460,35.2731
8400,6.5777
8461,36.2246
8401,6.0575
8462,35.7362
8402,5.9908
8463,35.6190
8403,6.2105
8464,35.3819
8404,6.1854
8405,5.8119
8465,34.4312
8466,34.1855
8406,6.1412
8467,36.3346
8407,6.3872
8468,35.8483
8408,6.3059
8469,34.5628
8409,6.0205
8470,35.5780
8410,6.8145
8471,35.0468
8411,5.8526
8472,34.5638
8412,6.0214
8473,34.8507
8413,6.3843
8474,35.1538
8414,6.4643
8475,35.6476
8415,5.9560
8476,35.1673
8416,6.3638
8477,36.0121
8417,6.1437
8418,5.8808
8478,36.2792
8479,34.6930
8419,6.0396
8480,35.8113
8420,6.1905
8421,5.9212
8481,36.2206
8482,35.2197
8422,6.0964
8483,35.2671
8423,6.1432
8484,36.1929
8424,6.4314
8485,36.2967
8425,6.3674
8426,5.9173
8486,36.5951
8427,5.8670
8487,34.6133
8488,34.7623
8428,6.5620
8429,5.9139
8489,36.2406
8490,34.2862
8430,6.1998
8431,5.9636
8491,35.3068
8492,36.7072
8432,6.2367
8493,35.4109
8433,6.3678
8494,36.0147
8434,6.0629
8435,5.9187
8495,36.7246
8496,34.8353
8436,6.1581
8437,5.9359
8497,35.4652
8498,34.2976
8438,6.3683
8499,34.9200
8439,6.4850
8500,36.0523
8440,6.6422
8441,5.8706
8501,35.8187
8502,34.1571
8442,6.2093
8503,35.1885
8443,6.0428
8444,5.9830
8504,35.3958
8505,35.0150
8445,6.5904
8506,35.8378
8446,6.5298
8507,36.2096
8447,6.4795
8508,35.9442
8448,6.2612
8449,5.9959
8509,35.4355
8510,34.5655
8450,6.6519
8511,37.1161
8451,6.5561
8512,36.1450
8452,6.4229
8513,36.4510
8453,6.1567
8514,34.8220
8454,6.2237
8455,6.0031
8515,36.1945
8516,35.0632
8456,6.4548
8517,35.7040
8457,6.1012
8518,35.6666
8458,6.1474
8519,35.6725
8459,6.1776
8520,35.9845
8460,6.0717
8521,35.1809
8461,6.0083
8522,35.9883
8462,6.5990
8523,36.8203
8463,6.5005
8524,33.9709
8464,6.1174
8525,36.1357
8465,6.0447
8466,5.8712
8526,35.7402
8527,34.2570
8467,6.2100
8528,37.0436
8468,6.6797
8469,6.0170
8529,35.6956
8530,34.5578
8470,6.4609
8531,35.6876
8471,6.6153
8532,35.2874
8472,6.5188
8533,35.1997
8473,6.3582
8534,34.7963
8474,6.3425
8535,36.2753
8475,6.5895
8476,5.9348
8536,35.6133
8537,34.4816
8477,6.0158
8538,34.4114
8478,6.4529
8539,35.9468
8479,6.2638
8480,6.0331
8540,35.0596
8541,35.3751
8481,6.2160
8542,35.7319
8482,6.5124
8543,35.8423
8483,6.3652
8544,35.0618
8484,6.1313
8545,35.4024
8485,6.0769
8546,34.4822
8486,6.1267
8547,35.5918
8487,6.6912
8548,36.1143
8488,6.4974
8489,6.0619
8549,35.1145
8550,33.9965
8490,6.2913
8551,35.8083
8491,6.1083
8552,35.4475
8492,6.1705
8553,35.8001
8493,6.6414
8494,6.0372
8554,35.9831
8555,35.3270
8495,6.1111
8556,34.4489
8496,6.0602
8557,34.5337
8497,6.0557
8558,34.4631
8498,6.3576
8499,6.0206
8559,36.2417
8560,35.0195
8500,6.4595
8561,35.8824
8501,6.3298
8502,6.0426
8562,35.9080
8563,35.6572
8503,6.2565
8504,6.0705
8564,35.7073
8565,35.3919
8505,6.1033
8566,35.7399
8506,6.3636
8567,35.6714
8507,6.2059
8568,35.5178
8508,6.3966
8569,35.9433
8509,6.0583
8570,35.0819
8510,6.1864
8571,35.3349
8511,6.0055
8572,34.5146
8512,6.3426
8573,35.2412
8513,6.1769
8574,35.4109
8514,6.7101
8575,37.3045
8515,6.1056
8576,35.5990
8516,6.3511
8517,5.8260
8577,36.2206
8578,34.7191
8518,6.1301
8519,5.8706
8579,36.7952
8580,36.5338
8520,6.3246
8581,36.2209
8521,6.1957
8522,5.9153
8582,36.4014
8583,35.9434
8523,6.3486
8584,37.1055
8524,6.5099
8585,36.9208
8525,5.9143
8526,5.9388
8586,35.6785
8587,36.6338
8527,6.3662
8588,36.7452
8528,6.0954
8529,5.9161
8589,37.0370
8590,36.2762
8530,5.9409
8591,36.3478
8531,6.1607
8592,36.0280
8532,6.4585
8593,36.9896
8533,6.2002
8534,5.8891
8594,36.3938
8595,36.6534
8535,6.3665
8536,5.8420
8596,36.4245
8597,35.3056
8537,5.9844
8598,36.3546
8538,6.0926
8599,35.7799
8539,6.3327
8600,36.9157
8540,6.1068
8541,5.9033
8601,36.6860
8542,5.8416
8602,36.5734
8603,34.8996
8543,6.2867
8544,5.8943
8604,36.4620
8545,5.9234
8605,36.3430
8606,36.1925
8546,6.4211
8607,36.6409
8547,6.1698
8608,36.4735
8548,5.9510
8609,36.0458
8549,5.9900
8550,5.8144
8610,36.6762
8611,35.6314
8551,6.5045
8552,5.7576
8612,36.9098
8613,35.0476
8553,6.2897
8614,36.3069
8554,6.1587
8615,37.3887
8555,6.2467
8556,5.8532
8616,37.6751
8617,35.3144
8557,6.2356
8618,35.2903
8558,6.0019
8559,5.8193
8619,36.9141
8560,5.8647
8620,36.1840
8621,37.0287
8561,6.1786
8622,36.0753
8562,6.1180
8623,37.2433
8563,6.2083
8564,5.8329
8624,36.3913
8565,6.1571
8625,36.3421
8626,36.6660
8566,6.3015
8567,5.7649
8627,37.1992
8568,6.1228
8628,35.7520
8569,5.9974
8629,35.9933
8630,36.1291
8570,6.4204
8571,5.9928
8631,37.2324
8632,37.2062
8572,6.4449
8633,37.4907
8573,6.0234
8634,36.0523
8574,6.0533
8635,36.1735
8575,6.2065
8576,5.7785
8636,37.2812
8577,5.8226
8637,36.6996
8638,36.2701
8578,6.0489
8579,5.7746
8639,37.2615
8580,6.1537
8640,36.9534
8641,35.9489
8581,6.3173
8642,37.1055
8582,6.4181
8643,36.6865
8583,6.6284
8644,36.8686
8584,5.7811
8645,35.7732
8585,6.0915
8646,36.4192
8586,6.5770
8587,5.7395
8647,35.8388
8648,36.7405
8588,5.8737
8649,37.0356
8589,6.0765
8650,36.0773
8590,5.9302
8651,35.8664
8591,6.2684
8652,37.4362
8592,5.9650
8653,35.5769
8593,6.5215
8594,6.1357
8654,36.6246
8655,36.7897
8595,6.3218
8656,36.9648
8596,6.3907
8657,36.8188
8597,6.2940
8598,6.1183
8658,36.1731
8659,36.6187
8599,5.8481
8660,36.6758
8600,6.4974
8661,35.6622
8601,6.2513
8662,36.5625
8602,6.3896
8663,37.3713
8603,6.2944
8664,35.5544
8604,6.0512
8605,5.8336
8665,36.6103
8666,36.4925
8606,6.1316
8667,35.3755
8607,5.8233
8668,36.5044
8608,6.0954
8669,35.4851
8609,6.5961
8670,37.0436
8610,6.0711
8671,36.5824
8611,5.8926
8672,36.0799
8612,6.1531
8673,37.3570
8613,6.0671
8614,5.7709
8674,36.2433
8615,5.8984
8675,36.2956
8676,36.6215
8616,5.9370
8677,36.0980
8617,5.8290
8618,5.7854
8678,37.8495
8619,5.8584
8679,36.6591
8680,36.5991
8620,6.2439
8621,5.7128
8681,37.9220
8622,5.9494
8682,35.7179
8683,36.7878
8623,6.0851
8624,5.9069
8684,36.4743
8685,37.3954
8625,6.5437
8686,36.6830
8626,5.9548
8627,5.7967
8687,37.6605
8688,37.0453
8628,5.7535
8689,36.2342
8629,6.2947
8630,6.1463
8690,36.6554
8691,38.6392
8631,6.5644
8692,36.6708
8632,6.8056
8633,6.2626
8693,37.1757
8634,6.1033
8694,36.3804
8695,35.8432
8635,6.4425
8696,36.6558
8636,6.2037
8637,6.1677
8697,36.4884
8638,5.7291
8698,36.6643
8639,6.0004
8699,36.6264
8700,37.8829
8640,5.9451
8701,37.1838
8641,6.4947
8642,5.8479
8702,37.4911
8703,36.5594
8643,6.3224
8704,36.7616
8644,6.1846
8645,5.7559
8705,37.7532
8646,6.1344
8706,37.0052
8647,6.0940
8707,36.2088
8708,36.3552
8648,6.5323
8709,36.5168
8649,6.2388
8650,5.7813
8710,36.8678
8711,36.2255
8651,5.8689
8712,36.6949
8652,6.1425
8653,5.8261
8713,36.9254
8714,36.4740
8654,5.9087
8655,5.8448
8715,37.0344
8656,5.7848
8716,36.6226
8717,36.0824
8657,5.9134
8658,5.8306
8718,37.2733
8719,36.6114
8659,6.1846
8660,5.7526
8720,35.9237
8721,36.1744
8661,6.1294
8722,37.4240
8662,5.8965
8723,36.1153
8663,6.1161
8664,5.7472
8724,37.2615
8725,35.3798
8665,6.1156
8666,5.7796
8726,36.7535
8727,36.3519
8667,6.4551
8668,5.7513
8728,36.6609
8729,35.5194
8669,6.6029
8670,5.7807
8730,36.2892
8731,36.1579
8671,6.3756
8672,5.9392
8732,36.2060
8673,5.7734
8733,36.7810
8734,36.1981
8674,6.0923
8735,36.6221
8675,6.6580
8676,6.1617
8736,37.1388
8737,36.5879
8677,6.0306
8678,5.8099
8738,37.4967
8679,6.1074
8739,36.3119
8680,5.8206
8740,36.1064
8741,36.2546
8681,6.1814
8742,36.6915
8682,6.7141
8683,6.2556
8743,37.4313
8744,36.3692
8684,5.7673
8745,36.0916
8685,6.1808
8686,5.7763
8746,38.4889
8687,5.6411
8747,36.4658
8688,5.8084
8748,35.9199
8689,6.0256
8749,36.5812
8750,36.4234
8690,6.4645
8691,5.8017
8751,36.3040
8752,36.1928
8692,6.1240
8753,36.7370
8693,6.2703
8694,5.7383
8754,36.8242
8695,5.7775
8755,35.8376
8696,6.0181
8756,36.4381
8697,5.8390
8757,37.0393
8758,36.8427
8698,6.0245
8699,5.7126
8759,37.2008
8760,35.7459
8700,5.9141
8701,5.8047
8761,36.2202
8762,35.5657
8702,6.1426
8763,37.7788
8703,6.1503
8704,5.7164
8764,37.0369
8705,5.7524
8765,35.5671
8766,36.6055
8706,6.0637
8707,5.5981
8767,37.1469
8708,5.8265
8768,35.7800
8769,36.8102
8709,6.2738
8770,37.2877
8710,6.1690
8711,6.0676
8771,36.8878
8712,5.7337
8772,35.7154
8773,35.5407
8713,5.9912
8774,37.2377
8714,6.3862
8775,37.2248
8715,5.9415
8716,6.2963
8776,36.8599
8777,35.9775
8717,6.3152
8778,37.0435
8718,6.2501
8779,36.7947
8719,6.4462
8720,5.8286
8780,37.3992
8781,35.7651
8721,6.0856
8782,37.4633
8722,5.9103
8783,36.9995
8723,6.3655
8724,5.9098
8784,36.9239
8785,35.6926
8725,6.1446
8786,36.6964
8726,6.0364
8727,6.0007
8787,36.5814
8728,5.8226
8788,37.5784
8789,36.4058
8729,6.3675
8730,6.2812
8790,36.4409
8731,5.9880
8791,37.3479
8792,36.8021
8732,6.4805
8793,36.9617
8733,6.4349
8734,5.8373
8794,37.1609
8795,36.5790
8735,6.4049
8736,5.8274
8796,36.6014
8737,5.7191
8797,36.7854
8738,6.0781
8798,35.8988
8799,35.5877
8739,6.6703
8800,36.8973
8740,6.2073
8741,5.8141
8801,36.6061
8742,6.1389
8802,36.7541
8803,36.7955
8743,6.2532
8744,5.8977
8804,36.0662
8805,36.3935
8745,6.2521
8746,5.9017
8806,35.9137
8807,36.1874
8747,5.8724
8808,35.5322
8748,5.9398
8809,36.5541
8749,6.8991
8810,37.4220
8750,6.5253
8751,5.7958
8811,37.8298
8752,5.7949
8812,35.8113
8753,6.0640
8813,36.3285
8754,6.3200
8814,36.3098
8755,5.8628
8815,36.8077
8816,35.3950
8756,5.9024
8817,35.9625
8757,6.2563
8818,37.0625
8758,6.6273
8759,6.0092
8819,36.5893
8820,36.0747
8760,6.4682
8821,36.6650
8761,6.0695
8762,6.2485
8822,36.0931
8823,36.2973
8763,6.4937
8824,36.1236
8764,6.1563
8825,36.5252
8765,6.1570
8766,6.0654
8826,35.8828
8827,36.7456
8767,6.5137
8828,36.8568
8768,6.3662
8769,5.9063
8829,37.1793
8770,5.8957
8830,35.7339
8831,35.3727
8771,6.3826
8772,6.0795
8832,37.4042
8773,6.1061
8833,36.6951
8834,35.7403
8774,6.0818
8835,36.6394
8775,6.5182
8776,6.0504
8836,37.4142
8837,36.9116
8777,5.9801
8838,36.7926
8778,6.1092
8839,35.7475
8779,6.2208
8780,5.9808
8840,37.2934
8781,5.8987
8841,36.4355
8782,6.1611
8842,35.6239
8843,36.4387
8783,6.4548
8784,5.9929
8844,36.0266
8845,35.5303
8785,6.1709
8846,36.5378
8786,6.1804
8787,5.9636
8847,37.1842
8788,5.9559
8848,35.9105
8849,35.8154
8789,6.0540
8850,36.2881
8790,6.1555
8851,36.4534
8791,6.4557
8792,5.9923
8852,37.6493
8793,5.9753
8853,36.7039
8854,36.7410
8794,6.4125
8795,5.9805
8855,37.2435
8796,6.1130
8856,35.9721
8857,36.2640
8797,6.2147
8798,6.1497
8858,37.0168
8859,36.2015
8799,6.1492
8860,37.4455
8800,6.1315
8861,36.1190
8801,6.0793
8862,36.2408
8802,6.5817
8803,6.0061
8863,37.3476
8864,35.6305
8804,5.9811
8865,35.4891
8805,6.1346
8866,39.2153
8806,6.4768
8867,36.4661
8807,6.0316
8868,36.1788
8808,6.1332
8869,35.4011
8809,6.2793
8870,37.0909
8810,6.4476
8811,5.9827
8871,36.1140
8812,6.0636
8872,35.3490
8873,36.1819
8813,6.4364
8874,36.3447
8814,6.1094
8875,36.4287
8815,6.1128
8816,5.9060
8876,37.5474
8817,5.9555
8877,35.7908
8818,5.9820
8878,35.9810
8879,35.3440
8819,6.1154
8880,35.8011
8820,6.3130
8821,6.1326
8881,36.9248
8882,36.3330
8822,6.4579
8883,36.1475
8823,6.2263
8824,5.8002
8884,37.6134
8825,5.9290
8885,35.9168
8826,5.8760
8886,36.2830
8827,6.0249
8887,35.2489
8828,6.1467
8888,36.2526
8889,36.6801
8829,6.5772
8890,36.3432
8830,6.2042
8891,37.9363
8831,6.5855
8832,5.8911
8892,37.3192
8833,5.9709
8893,35.8930
8834,6.1065
8894,36.3075
8895,36.6506
8835,6.4133
8836,6.0570
8896,36.8639
8897,35.6380
8837,6.1035
8898,36.3493
8838,6.4285
8839,5.9857
8899,39.9830
8900,35.4469
8840,6.0473
8841,5.8362
8901,36.0153
8842,5.9726
8902,35.7582
8903,36.1784
8843,6.4108
8844,6.0112
8904,36.8325
8845,5.9442
8905,36.2728
8906,35.2964
8846,6.4273
8907,35.9675
8847,6.5051
8908,37.0306
8848,6.4697
8849,5.9133
8909,36.8469
8850,6.0333
8910,35.7579
8911,36.1189
8851,6.3811
8852,5.9970
8912,37.1061
8853,5.9640
8913,35.1729
8914,35.4899
8854,6.2391
8915,36.8024
8855,6.4902
8916,37.1634
8856,6.4952
8857,5.9607
8917,37.1092
8858,5.9476
8918,36.4528
8919,36.1895
8859,6.4101
8860,6.0329
8920,36.7966
8921,36.2955
8861,6.4156
8922,35.6650
8862,6.4651
8923,36.1888
8863,6.4514
8924,36.2925
8864,6.4783
8865,5.9689
8925,37.2792
8866,5.9397
8926,36.4789
8867,5.9709
8927,35.2105
8928,35.4944
8868,6.3574
8929,36.2414
8869,6.1741
8870,6.2096
8930,36.5577
8931,36.4958
8871,6.4361
8932,37.4683
8872,6.4913
8873,5.8560
8933,37.4100
8874,5.9353
8934,36.1325
8875,6.0073
8935,35.5772
8936,36.0766
8876,6.2071
8937,35.5552
8877,6.3057
8938,35.6024
8878,6.7724
8939,38.1426
8879,6.5603
8940,36.8468
8880,6.4592
8881,5.8027
8941,38.4290
8882,5.8684
8942,36.1038
8883,5.9232
8943,35.6523
8884,6.0379
8944,35.4384
8945,35.7542
8885,6.4163
8946,35.7948
8886,6.5702
8947,37.4731
8887,6.4758
8888,5.8913
8948,37.6967
8889,5.9673
8949,35.7173
8950,36.0049
8890,8.2877
8891,8.4450
8951,36.9473
8952,36.4419
8892,8.7010
8953,38.0869
8893,8.8577
8954,37.4980
8894,7.4625
8955,36.6990
8895,8.5400
8956,37.3298
8896,7.4340
8897,7.3887
8957,36.1036
8958,36.6622
8898,7.5492
8959,36.9116
8899,7.6751
8960,36.7121
8900,8.7417
8901,7.4981
8961,37.6116
8962,36.8507
8902,7.5135
8903,8.2863
8963,36.9650
8964,37.3723
8904,8.4388
8965,36.5751
8905,8.5635
8966,36.4871
8906,8.6635
8907,8.2329
8967,37.5496
8908,8.3227
8968,37.2212
8969,36.6564
8909,8.1604
8970,35.2897
8910,8.2396
8971,36.1007
8911,8.2897
8972,36.7433
8912,8.3294
8973,36.6516
8913,8.3656
8974,37.7297
8914,8.3406
8975,36.8417
8915,8.4590
8916,8.2935
8976,37.1819
8977,37.3514
8917,9.4369
8978,37.7081
8918,8.5750
8979,36.6364
8919,8.5812
8920,8.1859
8980,38.4730
8921,8.2550
8981,37.0591
8982,36.4858
8922,8.3790
8983,36.8771
8923,8.6017
8984,36.9897
8924,8.4670
8985,37.4324
8925,8.6354
8926,8.4413
8986,37.7974
8987,36.5004
8927,8.2062
8988,37.3822
8928,8.4971
8989,36.8753
8929,8.3254
8990,36.8572
8930,8.5769
8991,36.0726
8931,8.7121
8932,8.3177
8992,37.1007
8933,8.1645
8993,38.7861
8994,35.7271
8934,8.3491
8995,36.5019
8935,8.0715
8996,36.9730
8936,8.8487
8937,8.1069
8997,37.6102
8998,37.3863
8938,8.3115
8999,36.8075
8939,8.3142
8940,8.1801
9000,37.1803
8941,8.2860
9001,36.2722
9002,36.3622
8942,8.4992
9003,37.5982
8943,8.1130
9004,37.4406
8944,8.5441
9005,37.1519
8945,8.4993
8946,8.3496
9006,36.8426
9007,36.6815
8947,8.4312
9008,35.8934
8948,8.4191
9009,37.0622
8949,8.5242
8950,8.2131
9010,37.3604
9011,36.5587
8951,8.4136
8952,8.2330
9012,37.1108
9013,36.2539
8953,8.3536
8954,8.5454
9014,37.0867
9015,36.7178
8955,8.7169
8956,8.3351
9016,37.5891
9017,36.8606
8957,8.3706
9018,36.9939
8958,8.2415
9019,37.3053
8959,8.4269
8960,8.0673
9020,37.7101
9021,35.8297
8961,8.2135
9022,36.4578
8962,8.2183
8963,8.0106
9023,37.6859
9024,36.7561
8964,8.2004
9025,36.9418
8965,8.4165
8966,8.2429
9026,37.9359
9027,36.4299
8967,8.2577
9028,36.7084
8968,8.1482
9029,36.7771
8969,9.3175
8970,8.2243
9030,38.0244
9031,36.9235
8971,8.3945
9032,37.0782
8972,8.2101
8973,8.1324
9033,37.3138
9034,35.5927
8974,8.4463
9035,37.0180
8975,8.5109
9036,37.3710
8976,8.1975
9037,36.6593
8977,8.4951
9038,37.9674
8978,8.4283
8979,8.0809
9039,38.7023
9040,36.6743
8980,7.8373
8981,7.8515
9041,37.0750
9042,37.3876
8982,8.0713
9043,36.5382
8983,8.0516
9044,37.3927
8984,8.0762
9045,37.1876
8985,8.1828
9046,36.7868
8986,8.0378
9047,37.9287
8987,9.0173
9048,37.5834
8988,8.3690
9049,36.8294
8989,8.1971
8990,8.0142
9050,36.6141
9051,36.4677
8991,8.1701
9052,37.1927
8992,8.0450
9053,36.1332
8993,7.8101
9054,37.8925
8994,7.8912
9055,36.5433
8995,7.9695
8996,7.7564
9056,36.7199
9057,36.6668
8997,8.0590
8998,7.8667
9058,37.9438
9059,35.9302
8999,8.6584
9000,8.3086
9060,37.2060
9001,8.2183
9061,37.2802
9062,37.2243
9002,8.6787
9063,37.4344
9003,8.9645
9064,36.8935
9004,8.4768
9005,8.5027
9065,37.6402
9006,8.3568
9066,36.8849
9067,36.9853
9007,10.1234
9008,8.7083
9068,38.2408
9069,37.7809
9009,8.6517
9070,37.0145
9010,8.5610
9011,8.6063
9071,37.0553
9072,36.2125
9012,8.7449
9013,8.7780
9073,38.8521
9014,8.2015
9074,37.0069
9015,9.3729
9075,37.5330
9076,37.9045
9016,8.3975
9077,37.7450
9017,8.9615
9018,8.3653
9078,37.2826
9079,36.6435
9019,8.0513
9080,37.1304
9020,9.4350
9081,38.3922
9021,8.2919
9082,37.5960
9022,7.9951
9083,37.6599
9023,8.2074
9084,37.3929
9024,8.6158
9025,7.7379
9085,38.1400
9086,36.8013
9026,8.0145
9087,37.5067
9027,8.8633
9028,9.1962
9088,37.3161
9089,37.5343
9029,8.7539
9090,37.8033
9030,8.8442
9031,8.2181
9091,37.3204
9092,37.2939
9032,8.5522
9093,37.1327
9033,8.1050
9034,8.3094
9094,37.9520
9035,8.0254
9095,37.6904
9096,37.0023
9036,8.9976
9037,9.3415
9097,38.2196
9098,37.5021
9038,9.2440
9039,7.9569
9099,37.9902
9100,37.3032
9040,9.2727
9101,38.3061
9041,8.5205
9102,36.9027
9042,8.5438
9103,36.9348
9043,7.9898
9104,37.8483
9044,8.4586
9105,36.5983
9045,8.7341
9046,8.0186
9106,38.0176
9047,7.8461
9107,37.0486
9108,38.1584
9048,8.3942
9109,37.4241
9049,8.5993
9110,37.4583
9050,9.5657
9111,37.9231
9051,8.9612
9112,36.9403
9052,8.9908
9113,36.2509
9053,10.1635
9114,37.3706
9054,8.1736
9055,7.8997
9115,38.2104
9116,37.8426
9056,9.4525
9057,7.9558
9117,37.9382
9118,37.8825
9058,8.2034
9119,38.1830
9059,10.0414
9060,8.5749
9120,37.8127
9061,8.5321
9121,36.4067
9122,36.4907
9062,8.5751
9063,9.6241
9123,37.6743
9124,36.7522
9064,9.0802
9065,8.1698
9125,37.3982
9066,8.4794
9126,37.1107
9127,37.3293
9067,9.7324
9068,8.3552
9128,38.4003
9129,36.0299
9069,9.3500
9070,8.2737
9130,38.4216
9071,9.2717
9131,37.6267
9072,8.0906
9132,37.5573
9073,9.1306
9133,36.9435
9134,37.7398
9074,9.0482
9075,8.3140
9135,37.4112
9076,8.3092
9136,37.4280
9077,8.1635
9137,37.2828
9138,37.4666
9078,9.0580
9079,8.5406
9139,38.8382
9080,8.4974
9140,37.0735
9141,36.7351
9081,9.6555
9082,8.8394
9142,38.3032
9083,8.0795
9143,37.4963
9144,36.8763
9084,9.4665
9085,7.9060
9145,38.1772
9086,8.2427
9146,37.3246
9147,37.1366
9087,8.6776
9148,36.9691
9088,8.8791
9089,8.7198
9149,37.5264
9090,7.9566
9150,37.2746
9151,37.6157
9091,8.4740
9152,37.1357
9092,9.9574
9153,37.4551
9093,9.8850
9094,9.8673
9154,37.5232
9155,37.1471
9095,9.2103
9156,37.7399
9096,8.7521
9157,37.1945
9097,10.1150
9158,36.5136
9098,8.6051
9159,36.9773
9099,9.0829
9160,36.7449
9100,8.5225
9161,37.4156
9101,9.2353
9102,8.6585
9162,37.0237
9163,37.0542
9103,9.4327
9104,8.9530
9164,38.5275
9165,36.5384
9105,8.5446
9106,8.2833
9166,37.6292
9167,37.8326
9107,9.3802
9168,38.2327
9108,9.6526
9109,8.1085
9169,38.2839
9110,7.8582
9170,36.2325
9111,8.1756
9171,38.3054
9172,37.6924
9112,8.2060
9173,37.7525
9113,8.5604
9174,38.0662
9114,8.3773
9175,37.3177
9115,9.7215
9116,9.4545
9176,37.6570
9117,7.8785
9177,37.7667
9178,36.9723
9118,9.4733
9179,37.3028
9119,9.6280
9120,9.5698
9180,43.6369
9121,8.0252
9181,37.0734
9182,36.2407
9122,8.7384
9183,36.7829
9123,8.3956
9184,37.3548
9124,8.5948
9185,37.1923
9125,9.4977
9186,38.0702
9126,8.1217
9187,37.8772
9127,9.2895
9128,9.6876
9188,38.5376
9129,8.9950
9189,36.4078
9190,37.5195
9130,9.0374
9191,37.0850
9131,9.6427
9192,37.5997
9132,10.1234
9133,8.7802
9193,37.9731
9194,36.3848
9134,8.8898
9135,9.3495
9195,37.2623
9196,36.8294
9136,8.8177
9197,36.8535
9137,8.3491
9198,37.3451
9138,9.4794
9199,37.9402
9139,8.7253
9200,36.4903
9140,8.7470
9201,37.3435
9141,9.8219
9142,9.4965
9202,37.5335
9143,7.9381
9203,36.9187
9204,37.2972
9144,9.4377
9205,37.8803
9145,9.4983
9146,7.8244
9206,37.2993
9207,37.1345
9147,9.4580
9208,38.2402
9148,9.6660
9149,9.2510
9209,38.2045
9150,8.1133
9210,37.3025
9211,37.2605
9151,9.0547
9152,8.1275
9212,37.4270
9213,37.2638
9153,9.3859
9214,37.2223
9154,9.6697
9215,37.2968
9155,8.5969
9156,9.1716
9216,37.5512
9217,38.2199
9157,8.8276
9158,9.1617
9218,37.1274
9219,38.0154
9159,8.2307
9220,37.3774
9160,8.2540
9221,36.6901
9161,9.9446
9162,8.2464
9222,37.5803
9163,8.7288
9223,36.8526
9224,37.0516
9164,8.2127
9225,36.8345
9165,8.9340
9166,8.9402
9226,37.3392
9167,7.7287
9227,36.6161
9228,36.2868
9168,7.8161
9229,37.7895
9169,7.7663
9230,37.0265
9170,9.2889
9171,8.9704
9231,37.6148
9172,8.7626
9232,36.6542
9233,37.0515
9173,9.5295
9234,37.5136
9174,9.1236
9235,37.0736
9175,7.6719
9236,37.0670
9176,9.2108
9237,38.4770
9177,9.3743
9238,35.8325
9178,9.0525
9239,37.3944
9179,8.6668
9240,37.1888
9180,9.4344
9181,9.3440
9241,37.9430
9242,36.7544
9182,8.9696
9243,36.5379
9183,8.9422
9244,37.6246
9184,9.3035
9245,37.1139
9185,9.7346
9186,8.6884
9246,37.0339
9187,8.9171
9247,38.4801
9188,9.1795
9248,36.9456
9249,37.1429
9189,8.9008
9250,38.2181
9190,9.4176
9251,37.2241
9191,9.7427
9192,8.6841
9252,37.1775
9253,37.3481
9193,9.1926
9254,37.3323
9194,9.0336
9255,37.1358
9195,9.0148
9256,37.1521
9196,9.6857
9257,37.3755
9197,9.2990
9258,38.0624
9198,9.1379
9259,37.1224
9199,8.9838
9260,37.1773
9200,9.3798
9261,37.8614
9201,9.6031
9262,36.7239
9202,9.5265
9263,36.5451
9203,8.9036
9264,37.2336
9204,9.5506
9265,37.0206
9205,8.9537
9266,37.2586
9206,9.0645
9267,36.2074
9207,9.3447
9268,37.5360
9208,9.5773
9269,37.1859
9209,8.9332
9270,37.1550
9210,9.4541
9271,37.6468
9211,9.2025
9272,37.2789
9212,9.2317
9273,38.5592
9213,9.1040
9274,36.5541
9214,9.3839
9215,8.8968
9275,37.5096
9276,37.4618
9216,9.3166
9217,8.8381
9277,37.7569
9218,8.9928
9278,37.4035
9279,37.5709
9219,9.0393
9280,37.4474
9220,9.6567
9221,9.2631
9281,37.5938
9282,36.5491
9222,9.1789
9283,36.9868
9223,9.0005
9284,37.6283
9224,9.3868
9285,37.4130
9225,8.9507
9286,37.1927
9226,9.2811
9287,38.0535
9227,9.1418
9288,37.3900
9228,9.0173
9289,37.4662
9229,9.2304
9290,38.3653
9230,9.4102
9231,8.7282
9291,39.3150
9292,37.7534
9232,9.4423
9293,37.9055
9233,9.0963
9294,37.4267
9234,9.2337
9295,37.7446
9235,8.9303
9296,37.7656
9236,9.3435
9297,37.7145
9237,8.9478
9298,37.2650
9238,8.9348
9299,37.4656
9239,8.9955
9300,37.8151
9240,9.1531
9301,38.0509
9241,9.1762
9302,37.4952
9242,9.4819
9243,8.9162
9303,37.8643
9304,37.4635
9244,9.6237
9305,38.0460
9245,9.4426
9306,36.1246
9246,9.1318
9307,36.4204
9247,9.5952
9248,9.3325
9308,38.6973
9309,36.3682
9249,8.9346
9310,37.3497
9250,8.9363
9311,37.4906
9251,9.4137
9312,37.0773
9252,9.2051
9253,8.8261
9313,37.1191
9314,37.4423
9254,8.9023
9315,36.6050
9255,8.8782
9316,36.2626
9256,8.9685
9317,37.1550
9257,9.4561
9318,37.6844
9258,9.7556
9259,10.0223
9319,37.9730
9260,9.1476
9320,37.2198
9321,37.3678
9261,8.8213
9322,37.5770
9262,9.2080
9323,37.2576
9263,9.2858
9324,37.4883
9264,9.5225
9265,8.9049
9325,38.1869
9326,37.2230
9266,8.8233
9267,8.9411
9327,37.5558
9328,37.5047
9268,9.1238
9269,8.9990
9329,37.1016
9330,36.5412
9270,9.4401
9331,37.7024
9271,9.3033
9332,37.4653
9272,9.5543
9333,36.7964
9273,9.2948
9334,36.3189
9274,9.0059
9335,35.9395
9275,10.0520
9336,36.2063
9276,9.8154
9337,35.8727
9277,9.2160
9338,35.4850
9278,9.2984
9339,36.0625
9279,9.6394
9340,36.4849
9280,9.6656
9341,35.6079
9281,9.3741
9342,36.1960
9282,10.1004
9343,36.2023
9283,9.5676
9344,35.8804
9284,9.7954
9345,36.1822
9285,9.6506
9346,35.7278
9286,9.1522
9347,36.4389
9287,9.8022
9348,36.3681
9288,9.4715
9349,35.5981
9289,8.9852
9350,36.5584
9290,9.3148
9351,35.0532
9291,9.7607
9352,35.9840
9292,9.2652
9353,34.2537
9293,9.7152
9354,36.8036
9294,9.4631
9355,35.2256
9295,9.2983
9356,35.7637
9296,9.4686
9357,35.9843
9297,9.1475
9358,36.5462
9298,9.6617
9299,9.2594
9359,36.3130
9360,35.0954
9300,9.2181
9361,35.6422
9301,9.0025
9362,36.1493
9302,9.3355
9363,35.3305
9303,10.0181
9364,36.1975
9304,9.3249
9365,36.0085
9305,9.3284
9366,35.5359
9306,10.0070
9307,9.0741
9367,36.1928
9368,35.7937
9308,9.6637
9369,35.7287
9309,8.9742
9370,36.6784
9310,9.5214
9371,35.7260
9311,9.0852
9372,35.4469
9312,9.9207
9373,36.9168
9313,9.2614
9374,35.3743
9314,9.9715
9375,36.8060
9315,9.2973
9376,35.1266
9316,9.4596
9377,36.0160
9317,9.7097
9378,35.9505
9318,9.1310
9379,35.5192
9319,9.0903
9380,35.3713
9320,7.9908
9381,35.5116
9321,10.1760
9382,36.2163
9322,8.0688
9383,34.7349
9323,9.7934
9384,36.5203
9324,9.0991
9385,35.4909
9325,7.9928
9386,35.2267
9326,9.7558
9387,36.0397
9327,9.0009
9388,35.4450
9328,9.1045
9389,36.5243
9329,9.3606
9390,36.7999
9330,9.5174
9391,35.7014
9331,9.2101
9392,36.9029
9332,9.7546
9333,8.8468
9393,37.0021
9394,35.0438
9334,7.8276
9395,34.8450
9335,9.0621
9396,35.7228
9336,9.8861
9337,9.3057
9397,36.0620
9398,35.6098
9338,9.2096
9399,36.4279
9339,9.7241
9340,9.2969
9400,37.1753
9401,34.6673
9341,9.1756
9402,35.2971
9342,9.6660
9403,36.3407
9343,9.7120
9404,36.8567
9344,9.2929
9405,36.1163
9345,9.5737
9406,36.2020
9346,8.1547
9407,35.4221
9347,10.1573
9408,36.0773
9348,8.1366
9409,35.1889
9349,9.0464
9410,35.4047
9350,8.9352
9411,36.5043
9351,9.8412
9412,35.9972
9352,8.9333
9413,35.7507
9353,9.1290
9414,36.2102
9354,9.0778
9415,35.9629
9355,9.0100
9416,36.1928
9356,8.9736
9417,36.2982
9357,9.8647
9418,37.3701
9358,9.7454
9419,35.4660
9359,9.7061
9420,35.5925
9360,9.0281
9421,35.5089
9361,9.0094
9422,35.5168
9362,9.6054
9363,7.5796
9423,36.2106
9424,35.4095
9364,9.1722
9425,36.4748
9365,9.8921
9426,36.9904
9366,9.6231
9427,35.0600
9367,9.4942
9428,36.4043
9368,8.9311
9429,35.7455
9369,7.9617
9430,35.6861
9370,9.7698
9371,7.7039
9431,36.3653
9432,34.9936
9372,9.0382
9433,35.8739
9373,9.6043
9374,9.1206
9434,36.4845
9435,35.0915
9375,9.0044
9436,39.0693
9376,9.4797
9377,8.8572
9437,36.2015
9438,35.5500
9378,9.6868
9439,35.8054
9379,7.5031
9440,34.4067
9380,9.2638
9441,36.3481
9381,9.6333
9442,36.3621
9382,8.8719
9443,36.5050
9383,8.1701
9444,36.0945
9384,9.5102
9445,37.2539
9385,9.3946
9446,35.4749
9386,8.7325
9447,36.0146
9387,9.0019
9448,35.4099
9388,8.8733
9449,35.6376
9389,8.5011
9450,36.1453
9390,9.1257
9451,35.6607
9391,9.6290
9452,36.6207
9392,8.6210
9453,35.3739
9393,8.9858
9454,35.9343
9394,8.8073
9455,35.4162
9395,7.7264
9456,35.3804
9396,8.1287
9457,35.7988
9397,9.7214
9458,36.0870
9398,8.8722
9459,36.8969
9399,9.0531
9460,35.2695
9400,7.8525
9461,35.6583
9401,8.9380
9462,35.9940
9402,9.6267
9463,36.5071
9403,8.9213
9464,35.4366
9404,9.6950
9465,35.8723
9405,8.8427
9466,35.5191
9406,8.8839
9467,35.6774
9407,8.8308
9468,36.3562
9408,9.7611
9469,36.1558
9409,9.1105
9470,35.8245
9410,9.4043
9471,35.9386
9411,9.4695
9412,8.3018
9472,36.3561
9473,34.9587
9413,9.5542
9474,35.8313
9414,8.8775
9475,36.7697
9415,9.3661
9476,36.7674
9416,9.2011
9477,35.3805
9417,8.9711
9478,35.9567
9418,8.9639
9479,36.9418
9419,9.0002
9480,35.5171
9420,8.8376
9421,7.5437
9481,36.5341
9482,35.4792
9422,9.3396
9483,36.1331
9423,9.2931
9484,35.7906
9424,9.1609
9485,35.5926
9425,8.7238
9486,36.5078
9426,9.6123
9487,36.1255
9427,9.5264
9488,35.3717
9428,8.4886
9489,35.6399
9429,9.5189
9430,8.9960
9490,36.1225
9491,34.8585
9431,8.7738
9492,35.9847
9432,9.1083
9493,36.2327
9433,9.8259
9434,7.5897
9494,36.5845
9495,34.7736
9435,8.8201
9496,36.1584
9436,8.8273
9497,35.5963
9437,8.7809
9498,35.8286
9438,9.4826
9439,7.8213
9499,36.0386
9500,34.2941
9440,8.2243
9501,36.2668
9441,8.7616
9502,36.0975
9442,9.0531
9503,36.5161
9443,9.6491
9504,36.0942
9444,9.1297
9505,35.6022
9445,8.4960
9506,35.8013
9446,9.4197
9507,35.9622
9447,9.4919
9508,36.3041
9448,9.0817
9509,35.7481
9449,8.9675
9510,35.5915
9450,7.7750
9511,34.7659
9451,8.9499
9512,36.2404
9452,9.0825
9513,35.9519
9453,9.5958
9514,35.2723
9454,9.0300
9515,36.3312
9455,9.2137
9516,35.0364
9456,9.0315
9517,37.7305
9457,9.2478
9518,36.1346
9458,8.8659
9519,35.3994
9459,9.1938
9520,36.9813
9460,9.3755
9521,36.0267
9461,9.2072
9522,35.7355
9462,8.8457
9523,35.2898
9463,9.6073
9464,9.2649
9524,36.3679
9525,35.3409
9465,8.8010
9526,36.5006
9466,9.0755
9527,35.4903
9467,10.0348
9528,36.3920
9468,9.2055
9529,35.4741
9469,9.6722
9530,36.2157
9470,9.7693
9531,36.8021
9471,8.8128
9532,35.2143
9472,9.4504
9533,35.7011
9473,9.6135
9534,36.1049
9474,9.2370
9535,34.9849
9475,10.1768
9476,9.1677
9536,36.7018
9537,35.8264
9477,9.0611
9538,35.5088
9478,9.1677
9539,35.8174
9479,8.9911
9540,35.3119
9480,9.6465
9481,8.8150
9541,36.5337
9482,8.9591
9542,41.9556
9543,35.5484
9483,9.4631
9544,35.0059
9484,9.3955
9545,36.4095
9485,9.2229
9546,36.3267
9486,9.2963
9547,35.9984
9487,8.8538
9548,35.6731
9488,9.0018
9549,35.4406
9489,9.3187
9550,35.6492
9490,9.4083
9551,36.2978
9491,9.2168
9552,35.8653
9492,9.6747
9553,36.0677
9493,9.0411
9554,35.4153
9494,9.0401
9555,35.8647
9495,9.9023
9496,8.7257
9556,35.9159
9557,35.6723
9497,9.1351
9558,35.9796
9498,8.2091
9559,35.0814
9499,8.9477
9560,36.0018
9500,8.9077
9561,35.6702
9501,8.0795
9562,35.3390
9502,9.0208
9563,36.5505
9503,9.3498
9564,35.3557
9504,9.1813
9565,36.3589
9505,9.0343
9566,35.3222
9506,7.8483
9567,35.6262
9507,9.2883
9568,36.3373
9508,9.1270
9569,35.9605
9509,9.9281
9510,9.0188
9570,36.1323
9571,35.1229
9511,8.7934
9572,35.8973
9512,9.0694
9573,36.1802
9513,8.9916
9574,35.8717
9514,9.4123
9575,36.1969
9515,9.0133
9576,35.3570
9516,8.6736
9577,36.0873
9517,9.0439
9578,36.3247
9518,9.7352
9519,7.4512
9579,36.1773
9580,34.3544
9520,7.8290
9581,35.7921
9521,9.6715
9582,36.4983
9522,9.0573
9583,36.1875
9523,9.0352
9584,35.7856
9524,9.6711
9525,9.2123
9585,37.1035
9586,35.2257
9526,8.9267
9587,35.1106
9527,8.7602
9588,35.7474
9528,9.0008
9589,35.9294
9529,7.7707
9590,34.9302
9530,8.2748
9591,35.9272
9531,8.0721
9592,35.0772
9532,7.6450
9593,36.0619
9533,9.9156
9594,36.6780
9534,8.8203
9595,35.7199
9535,8.8152
9596,36.3961
9536,9.5246
9597,36.5772
9537,8.7987
9598,35.8448
9538,9.1629
9599,35.9886
9539,9.5316
9600,36.4443
9540,9.3320
9601,35.3152
9541,7.9550
9602,34.7125
9542,12.5583
9603,36.4340
9543,11.5862
9544,10.8978
9604,36.1530
9605,35.2376
9545,10.8389
9606,36.1460
9546,11.5861
9607,35.3135
9547,11.8807
9608,37.1196
9548,11.4877
9609,36.2578
9549,10.8836
9610,35.4074
9550,10.0373
9611,35.9505
9551,11.8686
9612,35.1844
9552,11.8125
9613,36.0788
9553,11.8448
9614,35.9776
9554,11.0842
9615,37.2844
9555,11.2577
9616,35.5343
9556,11.5752
9617,35.6862
9557,11.0650
9618,36.5489
9558,11.0776
9619,35.6005
9559,11.5769
9620,36.2693
9560,10.9357
9621,35.4367
9561,11.7839
9622,35.9083
9562,11.5048
9623,36.2500
9563,11.5036
9624,35.5114
9564,11.6683
9625,36.2289
9565,10.0555
9626,34.7960
9566,12.0525
9627,36.2095
9567,11.0574
9628,35.4834
9568,9.7815
9629,35.7358
9569,11.2057
9630,36.3110
9570,10.8502
9631,36.1788
9571,12.0980
9632,36.3174
9572,11.3941
9633,35.5467
9573,11.5482
9634,35.7365
9574,11.6864
9635,35.8916
9575,11.1868
9636,35.8404
9576,11.3127
9637,35.3488
9577,11.6057
9638,35.5089
9578,10.8397
9639,35.6385
9579,11.8343
9640,35.6440
9580,10.8101
9641,36.4050
9581,11.6248
9642,35.5641
9582,11.0657
9643,36.0613
9583,11.3194
9644,36.0234
9584,12.0331
9645,35.5998
9585,10.9628
9646,36.1969
9586,11.8468
9647,36.0840
9587,12.2189
9648,36.1902
9588,11.7278
9649,36.1351
9589,11.6747
9650,35.5218
9590,11.4048
9651,35.7862
9591,11.5229
9652,35.5572
9592,11.9315
9653,36.0652
9593,11.6712
9654,36.1895
9594,11.2697
9655,35.6908
9595,11.1821
9656,36.0304
9596,11.4899
9657,36.0789
9597,11.7521
9658,35.5781
9598,12.0419
9659,36.1364
9599,11.2185
9660,35.5003
9600,11.5284
9661,36.2458
9601,9.6870
9662,34.4324
9602,11.1934
9663,36.5737
9603,11.8006
9664,36.2368
9604,11.9098
9665,36.5050
9605,11.2015
9666,35.7396
9606,10.8307
9667,36.8024
9607,11.1137
9668,36.1380
9608,11.8080
9669,35.7912
9609,11.5035
9670,35.6198
9610,11.3324
9671,36.2125
9611,9.9607
9672,35.3444
9612,11.1115
9673,36.3259
9613,11.8427
9674,35.8093
9614,11.4663
9675,35.9445
9615,11.5106
9676,36.1196
9616,11.2480
9677,36.6658
9617,11.2325
9678,35.3217
9618,11.6246
9679,36.5737
9619,9.9133
9680,35.6942
9620,11.4317
9681,35.8947
9621,10.5540
9682,35.4453
9622,11.7505
9683,36.5094
9623,10.7720
9684,35.1607
9624,10.2817
9685,35.6010
9625,11.5074
9686,35.8945
9626,11.2706
9687,36.2099
9627,11.2845
9688,35.2564
9628,11.4524
9629,11.3397
9689,36.3719
9690,35.8212
9630,11.5225
9691,36.0605
9631,10.0489
9692,35.7052
9632,11.6008
9693,35.9915
9633,11.1576
9694,36.4169
9634,11.6510
9695,35.1978
9635,10.6635
9696,37.6117
9636,11.0338
9697,36.3620
9637,11.5138
9698,36.0416
9638,11.7504
9699,35.6792
9639,10.7262
9700,35.1006
9640,11.2400
9701,36.4342
9641,11.1251
9702,35.2618
9642,10.1478
9703,35.5887
9643,10.7709
9704,35.9485
9644,11.3541
9705,35.4483
9645,11.1947
9706,35.8313
9646,10.9195
9647,9.7552
9707,36.4656
9708,34.0929
9648,10.8138
9709,36.1536
9649,11.2028
9710,35.6007
9650,10.9371
9711,35.6114
9651,10.8151
9712,36.6351
9652,11.2393
9713,35.3779
9653,11.5440
9714,36.4763
9654,10.5551
9715,36.5572
9655,10.4282
9716,35.4224
9656,10.8686
9717,35.8098
9657,11.0526
9718,35.7568
9658,11.7072
9719,37.0301
9659,10.7734
9720,37.6642
9660,10.6040
9721,33.5437
9661,10.6356
9722,35.0453
9662,10.6278
9723,35.6593
9663,11.2527
9724,36.0598
9664,11.1723
9725,36.8777
9665,10.6556
9726,34.7989
9666,11.6103
9727,36.0636
9667,10.6460
9728,35.8244
9668,10.9782
9729,36.1047
9669,11.7340
9730,35.8570
9670,10.0621
9731,36.6765
9671,11.6572
9732,36.0675
9672,9.7207
9733,35.2442
9673,11.3370
9734,36.0093
9674,11.4036
9735,36.4155
9675,12.5151
9676,10.5049
9736,36.4201
9737,35.1999
9677,10.8467
9738,35.2967
9678,10.8749
9739,36.5831
9679,10.6280
9740,35.4598
9680,11.5734
9741,36.2494
9681,9.6099
9742,35.0603
9682,10.9988
9743,35.5713
9683,11.1446
9744,35.4482
9684,9.7170
9745,34.3221
9685,11.2347
9746,36.0554
9686,10.9007
9747,36.2202
9687,11.4230
9748,36.3988
9688,10.8040
9749,36.1896
9689,11.5224
9690,9.5473
9750,36.1957
9751,35.4234
9691,10.6774
9752,35.1075
9692,11.3089
9753,35.8490
9693,11.1153
9754,37.0829
9694,11.2484
9755,35.6069
9695,10.9277
9756,36.3595
9696,10.5927
9757,34.7565
9697,11.5102
9758,36.0235
9698,9.8317
9759,35.1687
9699,11.0113
9760,36.1968
9700,10.5823
9761,36.2051
9701,10.4535
9762,35.1782
9702,11.2004
9763,36.1413
9703,11.1052
9764,35.8826
9704,11.5013
9765,35.7604
9705,11.0096
9766,35.4805
9706,11.4291
9767,35.9991
9707,10.6955
9768,35.7014
9708,11.1578
9769,36.4561
9709,10.6135
9770,36.0272
9710,10.9281
9771,36.5466
9711,10.8170
9772,34.5811
9712,11.4145
9773,35.6593
9713,10.6241
9774,36.1398
9714,11.3458
9775,36.2209
9715,10.5952
9776,35.8575
9716,10.7388
9777,35.6697
9717,10.6030
9778,35.3300
9718,11.6894
9779,35.9113
9719,9.5605
9780,35.1261
9720,11.1561
9781,37.2172
9721,11.2543
9782,35.3473
9722,11.0068
9783,35.8664
9723,10.4526
9784,35.6227
9724,10.8501
9785,35.2767
9725,10.5232
9786,35.8672
9726,9.5405
9787,35.4851
9727,10.9809
9788,35.8222
9728,10.7762
9789,36.3736
9729,10.3526
9790,35.3883
9730,10.8263
9791,35.7495
9731,11.4303
9792,36.3305
9732,10.5493
9793,35.9920
9733,11.4477
9794,35.8666
9734,10.7681
9795,35.5408
9735,10.7876
9796,34.9658
9736,10.8976
9797,35.7241
9737,11.4772
9798,36.6075
9738,10.5372
9799,36.2613
9739,11.6490
9800,35.8302
9740,10.4741
9801,35.2627
9741,11.3686
9802,35.4886
9742,11.1643
9803,36.3783
9743,11.4013
9804,36.2291
9744,10.6127
9805,35.8113
9745,11.5990
9806,36.2359
9746,10.4154
9807,35.1886
9747,10.7615
9808,35.7727
9748,11.4308
9809,36.5869
9749,10.9340
9810,35.2263
9750,11.0332
9811,35.7347
9751,10.1150
9812,36.1712
9752,10.6886
9813,35.8707
9753,11.3038
9814,35.9704
9754,10.6849
9815,36.1807
9755,11.1070
9816,35.1671
9756,11.2464
9817,35.5376
9757,10.2636
9818,35.5043
9758,11.4739
9819,36.7960
9759,10.8357
9820,36.4522
9760,10.9532
9821,35.7502
9761,11.2544
9822,35.4858
9762,11.1378
9823,35.8353
9763,10.7658
9824,36.4772
9764,11.6998
9765,10.5569
9825,36.3341
9826,35.6619
9766,10.3639
9827,36.2974
9767,8.8770
9828,35.6729
9768,10.6393
9829,35.7952
9769,9.0519
9830,35.6626
9770,10.8955
9831,36.6441
9771,10.5828
9832,36.2183
9772,10.5400
9833,35.7675
9773,10.4131
9834,35.7730
9774,10.5322
9835,35.8516
9775,10.4740
9836,35.9150
9776,9.1770
9837,34.5649
9777,8.7421
9838,35.5616
9778,9.4345
9839,35.9498
9779,10.6093
9840,36.0872
9780,10.3546
9841,36.2594
9781,8.9506
9842,34.8869
9782,9.4212
9843,35.9549
9783,10.3132
9844,36.2302
9784,10.5559
9845,35.3379
9785,10.6509
9846,35.7715
9786,10.5304
9847,35.9210
9787,10.6103
9848,36.5710
9788,10.4355
9849,35.9845
9789,10.3726
9850,35.8543
9790,10.5533
9851,35.7178
9791,10.5055
9852,36.5947
9792,10.6142
9853,35.8109
9793,10.5174
9854,35.3290
9794,10.4080
9855,36.6526
9795,10.6772
9856,35.7496
9796,10.1919
9857,35.5645
9797,10.2430
9858,36.1223
9798,10.3530
9859,36.9142
9799,10.4812
9860,35.4072
9800,10.8555
9861,35.8619
9801,10.4443
9862,36.3161
9802,10.5938
9863,35.3733
9803,10.3349
9864,35.1789
9804,10.5439
9865,35.7575
9805,10.2844
9866,36.0773
9806,10.1797
9867,36.2334
9807,10.9311
9868,36.8039
9808,10.2465
9869,35.1726
9809,10.2594
9870,36.9345
9810,10.7656
9871,36.8387
9811,10.8514
9872,35.1355
9812,10.4884
9873,36.2502
9813,11.1206
9874,36.3128
9814,10.5669
9875,35.3764
9815,10.6865
9876,35.8231
9816,10.9028
9817,10.5739
9877,36.4618
9878,35.4190
9818,10.5304
9879,37.0827
9819,10.8207
9880,34.8020
9820,10.6183
9881,36.6251
9821,10.0253
9882,36.0771
9822,10.3285
9883,35.7969
9823,10.6230
9884,35.9576
9824,10.4214
9885,35.8800
9825,10.7361
9886,35.6854
9826,10.3815
9887,35.7582
9827,11.0901
9888,36.0944
9828,10.7265
9889,35.3409
9829,10.7381
9830,9.2406
9890,36.4463
9891,37.3275
9831,10.8876
9892,36.3441
9832,10.6217
9893,36.2232
9833,9.8993
9894,35.6522
9834,10.9505
9895,35.8534
9835,10.3782
9896,36.0318
9836,10.4883
9897,36.3098
9837,10.2927
9898,35.6182
9838,11.0061
9899,35.9116
9839,10.2693
9900,35.3908
9840,11.1713
9901,36.3549
9841,10.4262
9902,35.4086
9842,10.6101
9903,35.7359
9843,9.9108
9904,35.9207
9844,10.0742
9905,36.3125
9845,9.9642
9906,35.3965
9846,10.1157
9907,35.5897
9847,10.0943
9908,35.8539
9848,10.0981
9909,35.6852
9849,10.3337
9910,36.1647
9850,9.8912
9911,35.3798
9851,10.1973
9912,35.5380
9852,10.0875
9913,35.8399
9853,9.8264
9914,36.3999
9854,9.9086
9915,36.5217
9855,9.9119
9916,35.4729
9856,10.1177
9917,36.2427
9857,9.8059
9918,36.4368
9858,9.7848
9919,35.8840
9859,9.8480
9920,37.0843
9860,10.0331
9921,34.6801
9861,10.0045
9922,36.6158
9862,10.0184
9923,35.3825
9863,10.0240
9924,36.1533
9864,10.1412
9925,36.1061
9865,9.9010
9926,35.7243
9866,10.2560
9927,35.9870
9867,9.8755
9928,36.1635
9868,10.2472
9929,35.7457
9869,10.4908
9930,35.8448
9870,9.8332
9931,35.6057
9871,10.2519
9932,36.0686
9872,10.2524
9933,35.4736
9873,9.7956
9934,35.6046
9874,9.8111
9935,35.7484
9875,10.0771
9936,35.8197
9876,10.3380
9877,9.9613
9937,37.2845
9878,9.6925
9938,35.2286
9939,36.0131
9879,9.7191
9940,36.0538
9880,9.6739
9941,36.0750
9881,10.5054
9942,36.3004
9882,10.2301
9943,35.1401
9883,9.8675
9944,36.4723
9884,10.0099
9945,34.8828
9885,9.8075
9946,35.7051
9886,8.8157
9947,35.1806
9887,10.3350
9948,36.1521
9888,10.0356
9949,35.3702
9889,10.1828
9890,9.7850
9950,37.2185
9951,33.9107
9891,9.8517
9952,35.1222
9892,10.2696
9893,8.5982
9953,36.0859
9954,34.9560
9894,10.2324
9895,8.6763
9955,35.8537
9956,35.6519
9896,9.9338
9897,9.8918
9957,36.8642
9958,35.2192
9898,10.3375
9899,9.7699
9959,36.7163
9960,35.4705
9900,9.8392
9961,36.5705
9901,10.2700
9962,35.9237
9902,10.2503
9963,36.0493
9903,10.1720
9964,35.5742
9904,9.9797
9965,35.9004
9905,9.8698
9966,35.6083
9906,10.1021
9967,35.3912
9907,10.0896
9968,36.8178
9908,10.3252
9969,35.6539
9909,10.3069
9970,35.5540
9910,10.1741
9971,35.4629
9911,10.0508
9972,35.4749
9912,10.2329
9973,36.1014
9913,10.3218
9974,35.1875
9914,10.6126
9975,36.1594
9915,9.8668
9976,35.4060
9916,9.9626
9977,35.5804
9917,9.8319
9918,8.7503
9978,36.6780
9979,35.0885
9919,9.4346
9980,36.2564
9920,10.5116
9981,36.2900
9921,10.2343
9982,36.2097
9922,10.1239
9983,35.2100
9923,10.0401
9984,35.8743
9924,10.0418
9985,35.6169
9925,10.5037
9986,36.2261
9926,9.0157
9987,35.6257
9927,10.1126
9988,36.8847
9928,10.2209
9989,35.4630
9929,10.0382
9990,35.8322
9930,10.1546
9991,35.4200
9931,10.1477
9992,36.4917
9932,9.8078
9993,36.1503
9933,9.9800
9994,35.3902
9934,9.8782
9935,9.8462
9995,36.4317
9996,35.4454
9936,10.2524
9997,35.6027
9937,10.0039
9998,36.5505
9938,9.8993
9999,36.5949
9939,8.9540
10000,35.3989
9940,9.8147
10001,36.4113
9941,9.7803
10002,36.1770
9942,9.9133
10003,36.0355
9943,10.2621
10004,36.4619
9944,10.1944
10005,35.2564
9945,10.0679
10006,35.9535
9946,10.1151
10007,36.4248
9947,10.0494
10008,36.5527
9948,9.9358
10009,36.7292
9949,9.7776
10010,36.6159
9950,10.0849
10011,35.4639
9951,9.9880
10012,36.6078
9952,9.9370
10013,35.6871
9953,9.7882
10014,34.5831
9954,9.9534
10015,36.7292
9955,9.9653
10016,36.1336
9956,9.8574
10017,35.5976
9957,8.4413
10018,35.0279
9958,9.8905
10019,35.9508
9959,10.1305
10020,36.0910
9960,10.0134
10021,36.5089
9961,10.3441
10022,36.1818
9962,10.1392
10023,35.4912
9963,9.9018
10024,37.2124
9964,9.8290
10025,34.8443
9965,10.0840
10026,35.7085
9966,10.0359
10027,36.6361
9967,9.7360
10028,35.5882
9968,9.6440
10029,36.0485
9969,9.8129
9970,10.1537
10030,36.8706
10031,35.5568
9971,10.2385
10032,36.1786
9972,10.3411
10033,36.4680
9973,10.0175
10034,35.5376
9974,10.0849
10035,36.0099
9975,9.6987
10036,35.3879
9976,8.7331
10037,35.9254
9977,9.7861
10038,37.4134
9978,10.0100
10039,35.4397
9979,10.1830
10040,35.9341
9980,10.0857
10041,36.0657
9981,9.9878
9982,9.9889
10042,37.0546
10043,35.9682
9983,9.7849
10044,36.3759
9984,10.1424
10045,35.4264
9985,10.5095
10046,35.8433
9986,10.0625
10047,36.2032
9987,10.3262
10048,35.5005
9988,9.8823
10049,35.9595
9989,9.7575
10050,36.1661
9990,10.1445
10051,35.5541
9991,9.9250
10052,35.7057
9992,10.0534
10053,35.7291
9993,10.2248
9994,10.3006
10054,36.9927
10055,35.5560
9995,9.7790
10056,36.6390
9996,9.7672
10057,34.7979
9997,9.8287
10058,35.4585
9998,10.1644
10059,36.6493
9999,9.7183
10060,35.7956
10000,9.9536
10061,35.9451
10001,9.9376
10062,36.0222
10002,9.9250
10063,35.5360
10003,8.6173
10064,35.3584
10004,10.2999
10065,36.0551
10005,9.9419
10066,35.4143
10006,9.8974
10067,34.8688
10007,8.9922
10068,35.8984
10008,10.0851
10069,36.1077
10009,10.0139
10070,35.4119
10010,10.4816
10071,36.2118
10011,8.6135
10072,36.3066
10012,10.0974
10073,35.6916
10013,9.8005
10074,36.0938
10014,10.0737
10075,35.7427
10015,9.7685
10076,36.4217
10016,10.2183
10077,36.4637
10017,10.1852
10078,36.7145
10018,9.9904
10079,34.8801
10019,10.2203
10080,35.9003
10020,10.2293
10081,35.5498
10021,9.8196
10082,35.9690
10022,9.9667
10083,35.4867
10023,10.0436
10084,35.9402
10024,10.0861
10085,35.9675
10025,10.0187
10086,36.1555
10026,10.3749
10087,36.4725
10027,9.9773
10088,34.9576
10028,8.6914
10089,35.7839
10029,10.0830
10090,36.2055
10030,10.1086
10091,35.3398
10031,10.2594
10092,36.7096
10032,9.7856
10093,36.2149
10033,10.3166
10094,36.1006
10034,9.7272
10095,35.5683
10035,9.8634
10096,35.2107
10036,10.1519
10097,36.3852
10037,9.9696
10098,36.3300
10038,10.4241
10099,36.4136
10039,10.0413
10100,35.4382
10040,9.8033
10101,36.5953
10041,10.0739
10102,35.5043
10042,10.0033
10103,35.6889
10043,9.9890
10104,35.3354
10044,10.3693
10045,9.7271
10105,36.7641
10106,35.3817
10046,10.3019
10107,36.3849
10047,9.9198
10108,35.6136
10048,9.9963
10109,36.5309
10049,10.0637
10110,35.2366
10050,9.9995
10111,35.6093
10051,9.9672
10112,35.4734
10052,9.9019
10113,35.9702
10053,10.0702
10114,35.2207
10054,10.3416
10115,35.9689
10055,9.9553
10116,36.0492
10056,10.1948
10117,37.3280
10057,10.0473
10118,35.4570
10058,9.6781
10119,36.5241
10059,10.2148
10120,35.8903
10060,10.1752
10061,10.0971
10121,37.2408
10062,8.5159
10122,35.6320
10123,34.9468
10063,10.0852
10124,36.9111
10064,10.1277
10125,35.9390
10065,9.7560
10126,36.6048
10066,9.9812
10127,34.6955
10067,10.1155
10128,35.8817
10068,10.0238
10129,36.0736
10069,10.3487
10130,35.4379
10070,10.5229
10131,35.9818
10071,9.8755
10132,35.6429
10072,9.7674
10133,36.0371
10073,9.9954
10134,35.8051
10074,9.7938
10135,36.6195
10075,10.0551
10136,36.0528
10076,10.3508
10137,35.1925
10077,10.0620
10138,35.9408
10078,9.9621
10139,34.5829
10079,9.7089
10140,36.8958
10080,9.8506
10141,36.4238
10081,10.0596
10142,36.6811
10082,9.7462
10143,36.4282
10083,9.7313
10144,36.0586
10084,10.0743
10145,35.8762
10085,10.0026
10146,35.4011
10086,10.0840
10147,35.9790
10087,10.0118
10148,35.5174
10088,9.7747
10149,36.1829
10089,10.1082
10150,36.1970
10090,9.6959
10151,36.4548
10091,10.0595
10152,35.2744
10092,10.0564
10153,36.0953
10093,9.6867
10154,36.6356
10094,9.7557
10155,36.3317
10095,9.9168
10156,36.7535
10096,10.0901
10097,8.6011
10157,36.6053
10158,35.3408
10098,10.3630
10159,35.9982
10099,8.7424
10160,34.9919
10100,10.1038
10161,36.0178
10101,9.8002
10162,35.7109
10102,10.4155
10163,36.5633
10103,10.3364
10164,35.7357
10104,10.2756
10105,10.1190
10165,36.7548
10166,35.7378
10106,10.0937
10167,35.6192
10107,9.7292
10168,36.5485
10108,10.1102
10169,37.3245
10109,10.0001
10170,35.6228
10110,10.0972
10111,8.7220
10171,36.0296
10172,35.2444
10112,10.1400
10173,36.0080
10113,10.1600
10174,36.1203
10114,10.2937
10175,36.2931
10115,10.1982
10176,36.2004
10116,9.9057
10177,35.8915
10117,10.2719
10178,35.1906
10118,9.9497
10179,36.4888
10119,10.0540
10180,36.2658
10120,9.9919
10181,35.4727
10121,10.6405
10122,9.8272
10182,36.6307
10183,35.6780
10123,10.1780
10184,36.0296
10124,10.0751
10185,35.7695
10125,9.8132
10186,36.0109
10126,9.8997
10187,37.0878
10127,9.8472
10188,35.8578
10128,10.2628
10189,36.0736
10129,10.1055
10190,35.7195
10130,9.1515
10191,35.5193
10131,9.8648
10192,36.1303
10132,9.8126
10193,35.5652
10133,9.6963
10194,36.4648
10134,9.9465
10195,36.0065
10135,10.0533
10196,36.8378
10136,10.1258
10197,35.8346
10137,10.5091
10198,36.5314
10138,9.9467
10199,34.9997
10139,8.3261
10200,35.6514
10140,10.0052
10201,36.1181
10141,10.0535
10202,35.6530
10142,9.8157
10203,36.5634
10143,9.9086
10204,36.4259
10144,10.2091
10205,35.9147
10145,8.9006
10206,35.7195
10146,10.0395
10207,35.6289
10147,10.1146
10208,35.7981
10148,10.4651
10209,36.0918
10149,9.8313
10210,36.6447
10150,10.0951
10211,35.4976
10151,9.9833
10212,35.9528
10152,10.0389
10213,35.6814
10153,10.1387
10214,36.3018
10154,9.9164
10215,36.0931
10155,9.7139
10216,35.7550
10156,9.9064
10217,35.7498
10157,10.2114
10218,35.5678
10158,9.7454
10219,36.0051
10159,10.4247
10220,36.2291
10160,10.2285
10221,35.8655
10161,9.7455
10222,36.0797
10162,10.0620
10223,35.8406
10163,8.6753
10224,34.9876
10164,8.9497
10225,37.6543
10165,9.7166
10166,9.8111
10226,37.2642
10227,35.5570
10167,10.4449
10228,35.8776
10168,9.8845
10229,35.4277
10169,9.8359
10230,36.6104
10170,10.1610
10231,36.4647
10171,10.0822
10232,35.7567
10172,8.9967
10233,35.8502
10173,10.0968
10234,35.9117
10174,9.9436
10235,35.9338
10175,8.6672
10236,34.3520
10176,9.9581
10237,37.2626
10177,10.0930
10238,35.0995
10178,8.7730
10239,35.9229
10179,9.8828
10240,35.3587
10180,9.7801
10241,36.4551
10181,9.9496
10242,35.4746
10182,9.7562
10243,36.2795
10183,10.0847
10244,35.7984
10184,10.1574
10245,35.9193
10185,9.9097
10246,35.2716
10186,9.9074
10247,36.4875
10187,10.3730
10248,35.5703
10188,9.9564
10249,35.2645
10189,10.1272
10250,35.7119
10190,8.6319
10251,34.5772
10191,8.6376
10252,35.8985
10192,10.0553
10253,36.0724
10193,10.0577
10254,36.0655
10194,9.9113
10255,35.2278
10195,9.9660
10256,35.8493
10196,9.9672
10257,35.6864
10197,10.7178
10258,36.4140
10198,9.7279
10259,35.8737
10199,9.7916
10260,35.6268
10200,9.8362
10261,36.3850
10201,8.5551
10262,34.3594
10202,10.0262
10203,8.5333
10263,36.4938
10264,35.8189
10204,9.9937
10265,35.1784
10205,9.5814
10266,36.1383
10206,9.8559
10267,35.7307
10207,9.7784
10268,35.8970
10208,9.9147
10269,36.0601
10209,9.9476
10270,35.8279
10210,9.9871
10271,36.8678
10211,9.9192
10272,35.4694
10212,10.0343
10273,36.2170
10213,9.9382
10274,35.5905
10214,8.8156
10275,36.4915
10215,10.2479
10276,36.3198
10216,9.6671
10277,36.2105
10217,10.2232
10278,35.9738
10218,10.0638
10279,35.4948
10219,9.8040
10280,35.6761
10220,9.8147
10281,35.7349
10221,10.1629
10282,37.2082
10222,9.8935
10283,35.3759
10223,9.6259
10284,35.9237
10224,9.6930
10285,35.6198
10225,9.9688
10286,35.6989
10226,9.8696
10287,36.5085
10227,9.8115
10288,36.3243
10228,9.6826
10289,35.6024
10229,9.9225
10290,35.7240
10230,9.9291
10291,35.4637
10231,10.0736
10292,36.6707
10232,10.0066
10293,35.2884
10233,9.8006
10294,36.5942
10234,9.9393
10295,35.9709
10235,9.9747
10296,35.6615
10236,9.7321
10297,36.9047
10237,9.6562
10298,35.2316
10238,10.0517
10299,35.8080
10239,9.8500
10300,35.6187
10240,10.0450
10301,35.0666
10241,9.6776
10302,36.2040
10242,9.7315
10303,36.3709
10243,9.7309
10304,35.7437
10244,9.8393
10305,35.6587
10245,9.9671
10306,35.3537
10246,9.9989
10307,35.8955
10247,10.1594
10308,36.1048
10248,9.7616
10309,35.5816
10249,10.0870
10310,35.8416
10250,9.9573
10311,35.2371
10251,9.9934
10312,35.4280
10252,9.0913
10313,35.5311
10253,10.0569
10314,36.6243
10254,9.9332
10315,35.2205
10255,9.6803
10316,35.8278
10256,10.1020
10317,35.8201
10257,10.0001
10318,35.9122
10258,10.4711
10319,36.4494
10259,10.0338
10320,35.6729
10260,9.7064
10261,8.4391
10321,35.8017
10322,35.0815
10262,9.6519
10323,35.9998
10263,9.6878
10324,36.3280
10264,9.9776
10325,36.1986
10265,9.8882
10326,35.8860
10266,9.9651
10327,36.0640
10267,9.6637
10328,35.7144
10268,9.9759
10329,35.5653
10269,9.9961
10270,8.5045
10330,36.2436
10331,34.8119
10271,10.3734
10332,36.2908
10272,10.1663
10273,9.6754
10333,37.3673
10334,36.0199
10274,9.6836
10335,35.6625
10275,9.8495
10336,36.2251
10276,9.9883
10337,36.4494
10277,8.4819
10338,34.5484
10278,10.2935
10339,36.1048
10279,10.0163
10340,35.5551
10280,10.0034
10341,35.3439
10281,9.7755
10342,35.4143
10282,8.9798
10343,35.6602
10283,9.9373
10344,35.9729
10284,10.0335
10345,36.2384
10285,10.0729
10346,36.6225
10286,9.7798
10347,35.9520
10287,10.0638
10348,35.4925
10288,10.2844
10289,9.6352
10349,36.6733
10350,35.3253
10290,9.6523
10351,35.9861
10291,9.9753
10352,35.5227
10292,9.9437
10353,35.0516
10293,10.5082
10354,36.4279
10294,10.1121
10295,10.0206
10355,36.4525
10356,35.2474
10296,9.4569
10357,35.2448
10297,10.0093
10358,35.5810
10298,9.9501
10359,37.0789
10299,10.0355
10360,36.3589
10300,9.7903
10361,35.6849
10301,10.0848
10362,35.7436
10302,10.2525
10363,35.9980
10303,9.8047
10364,35.6861
10304,10.0266
10365,35.8396
10305,10.0376
10366,36.2630
10306,9.8730
10367,35.1148
10307,9.9239
10368,35.0507
10308,9.7622
10369,36.3065
10309,10.0977
10370,36.0629
10310,10.1476
10371,36.3951
10311,10.0820
10372,35.3355
10312,10.0355
10373,35.7343
10313,9.9503
10374,35.6296
10314,9.9587
10375,35.5611
10315,10.0168
10376,36.6093
10316,9.9634
10377,34.7409
10317,9.9811
10378,35.9397
10318,9.8832
10379,35.5959
10319,9.9629
10380,35.5930
10320,9.9591
10381,36.0513
10321,10.3738
10322,10.0434
10382,36.8859
10383,35.4111
10323,9.9309
10384,35.5543
10324,10.1631
10385,35.9124
10325,10.0383
10386,35.0054
10326,9.9930
10387,35.9272
10327,9.9191
10388,36.3762
10328,9.9726
10389,35.2037
10329,10.0118
10390,35.6592
10330,10.1769
10391,35.9684
10331,9.6764
10392,35.6833
10332,10.0158
10393,35.4547
10333,10.1231
10394,36.6713
10334,9.9681
10395,35.3688
10335,9.9944
10396,35.9545
10336,10.1310
10397,36.4834
10337,9.8838
10398,35.3869
10338,9.9590
10399,35.8366
10339,9.8365
10400,35.3201
10340,9.6946
10401,35.6844
10341,9.9508
10402,36.0016
10342,10.0924
10403,36.4441
10343,9.9919
10404,34.7861
10344,10.0464
10405,35.7673
10345,10.0776
10406,36.3299
10346,9.7724
10407,36.2611
10347,9.9727
10408,35.7242
10348,10.3644
10409,35.9542
10349,9.9590
10410,35.3766
10350,9.6757
10411,36.1673
10351,9.8605
10412,36.0109
10352,9.9218
10413,35.1415
10353,9.9421
10414,36.6012
10354,10.0949
10415,35.9355
10355,10.0327
10416,36.1469
10356,10.0396
10417,35.1196
10357,9.8609
10418,37.2798
10358,9.7312
10419,36.2583
10359,8.6771
10420,35.1809
10360,10.3460
10421,35.9906
10361,9.7781
10422,36.5636
10362,9.9667
10423,35.0457
10363,9.7223
10424,36.8319
10364,9.9486
10425,35.4634
10365,10.0635
10426,36.3621
10366,10.3719
10427,36.5220
10367,9.7195
10428,36.2650
10368,9.7509
10429,35.4428
10369,9.9588
10430,36.5776
10370,8.5204
10431,35.5964
10371,9.9934
10432,35.8913
10372,9.8356
10433,35.9992
10373,9.7694
10434,36.6596
10374,10.1832
10435,35.5869
10375,9.9407
10436,35.3269
10376,10.1440
10437,37.5414
10377,9.9229
10438,36.1032
10378,8.7277
10439,35.4757
10379,9.6928
10440,36.0924
10380,9.8260
10441,36.2205
10381,10.0422
10442,36.7499
10382,9.9856
10443,35.2547
10383,9.9513
10444,35.5434
10384,10.1482
10445,36.1538
10385,10.1511
10446,35.1044
10386,9.6786
10447,36.0279
10387,9.8587
10448,36.2565
10388,9.8384
10449,35.6854
10389,10.0876
10450,35.7180
10390,8.6754
10451,35.2578
10391,10.2116
10452,36.6704
10392,10.0078
10453,35.6968
10393,9.8680
10454,35.1948
10394,9.9534
10455,35.9207
10395,9.7427
10456,36.0116
10396,10.2960
10457,36.1837
10397,9.7620
10458,36.0303
10398,8.6572
10459,34.5482
10399,10.0190
10460,36.2895
10400,10.0238
10461,35.6686
10401,9.8104
10462,35.6940
10402,9.9046
10463,36.5722
10403,10.1274
10464,35.6618
10404,10.1429
10465,35.8873
10405,9.9093
10466,36.8890
10406,9.8951
10467,35.7284
10407,10.2196
10468,35.8818
10408,10.0380
10469,36.5573
10409,10.2879
10410,9.6691
10470,37.0734
10471,35.5219
10411,8.7069
10472,34.3522
10412,9.7832
10473,35.5655
10413,9.8577
10474,35.1754
10414,8.5766
10475,36.2144
10415,10.0481
10476,37.2118
10416,9.8889
10477,35.3724
10417,10.1256
10478,36.0480
10418,9.9531
10479,34.8814
10419,9.7353
10480,35.6614
10420,10.0024
10481,36.0355
10421,10.4430
10482,36.2972
10422,9.8630
10483,36.2101
10423,9.9779
10484,35.3140
10424,10.1159
10485,35.9558
10425,10.1022
10486,36.0008
10426,9.8015
10487,36.2637
10427,8.5257
10488,35.2922
10428,9.9948
10489,35.9876
10429,9.6348
10490,36.4069
10430,9.8971
10491,35.6602
10431,10.1278
10492,36.3327
10432,8.5745
10493,35.1689
10433,10.0371
10494,36.3385
10434,10.0643
10495,34.9227
10435,9.8650
10496,34.8428
10436,8.7212
10497,35.4251
10437,10.3554
10498,36.4311
10438,9.7498
10499,36.8548
10439,10.0130
10500,36.0841
10440,10.0915
10501,35.7566
10441,10.1735
10502,35.9680
10442,10.0688
10503,37.8609
10443,10.2883
10504,36.1262
10444,9.8627
10505,36.4193
10445,9.9798
10506,36.0268
10446,10.0106
10507,35.8311
10447,9.7288
10508,35.6616
10448,10.0457
10509,35.8549
10449,9.8440
10510,35.8173
10450,10.0086
10511,35.6117
10451,10.1342
10512,36.0381
10452,10.3350
10513,35.8750
10453,10.1435
10514,35.2917
10454,10.0002
10515,35.9701
10455,10.2742
10516,35.7566
10456,10.0719
10517,35.6546
10457,10.2758
10518,35.6876
10458,10.5689
10519,36.3972
10459,9.7990
10520,35.8382
10460,10.0055
10521,36.3410
10461,9.7839
10522,35.7440
10462,8.5692
10523,34.6079
10463,10.2978
10524,35.9774
10464,9.8767
10465,9.8093
10525,36.8345
10526,35.2267
10466,9.9168
10527,35.9366
10467,9.7892
10528,35.8710
10468,9.8155
10529,35.7854
10469,9.7953
10530,35.3979
10470,10.1383
10531,35.5220
10471,9.8168
10532,36.6081
10472,9.9335
10533,35.8271
10473,10.1689
10534,35.6196
10474,9.8794
10535,35.8885
10475,8.7746
10536,36.5374
10476,10.5180
10477,10.0221
10537,36.4376
10538,35.3486
10478,10.0102
10539,35.1207
10479,9.9313
10540,36.2203
10480,10.1206
10541,35.6978
10481,10.2168
10482,9.8060
10542,38.1398
10543,35.1167
10483,10.0472
10544,36.1494
10484,9.9416
10545,35.3482
10485,10.3703
10546,36.3768
10486,8.7213
10547,34.6995
10487,9.0268
10548,35.7334
10488,9.8093
10549,36.8432
10489,9.8044
10550,36.3127
10490,9.9441
10551,35.2334
10491,9.9104
10552,35.1434
10492,10.0854
10553,35.9226
10493,9.9536
10554,35.6867
10494,9.9643
10555,35.5051
10495,10.1183
10556,35.9462
10496,10.3164
10557,36.1711
10497,10.0318
10558,35.1166
10498,9.8215
10559,35.5675
10499,10.0288
10560,36.5448
10500,9.8767
10561,35.4414
10501,9.9410
10562,35.2966
10502,9.9773
10563,35.6611
10503,9.8949
10564,36.1855
10504,10.0224
10565,35.6570
10505,10.3306
10566,36.2589
10506,10.0149
10567,35.5404
10507,9.9094
10568,35.0964
10508,9.7767
10569,35.7458
10509,9.7880
10570,36.6774
10510,9.7560
10571,36.6622
10511,9.7099
10572,35.6906
10512,10.1149
10573,35.2752
10513,9.0075
10574,35.5041
10514,10.0295
10575,36.6069
10515,10.2290
10576,35.6652
10516,10.5660
10517,9.7929
10577,36.5238
10578,35.7055
10518,9.7863
10579,36.3443
10519,10.4729
10580,36.0422
10520,8.7198
10581,34.9272
10521,9.8880
10582,35.5827
10522,10.0288
10523,9.7597
10583,36.7526
10584,35.4710
10524,10.2118
10585,36.4202
10525,9.8536
10586,35.3152
10526,10.1124
10587,36.1553
10527,10.1454
10588,35.6106
10528,8.9110
10589,35.5442
10529,10.1375
10590,36.1578
10530,10.2206
10591,35.3277
10531,10.5721
10592,36.5267
10532,9.9832
10593,38.1679
10533,10.0760
10594,35.8155
10534,9.8497
10595,35.7015
10535,10.2220
10596,35.8458
10536,9.8279
10597,36.2114
10537,10.0125
10598,35.8775
10538,10.2265
10599,36.0696
10539,10.1103
10600,36.4618
10540,10.0637
10601,35.7919
10541,9.9270
10602,35.7094
10542,10.0015
10603,36.7451
10543,10.0380
10544,10.1174
10604,38.5037
10605,34.8512
10545,10.1151
10606,36.5554
10546,10.2130
10607,35.4696
10547,10.2421
10608,35.8574
10548,10.3996
10609,36.6231
10549,9.8521
10610,36.8804
10550,10.2650
10611,34.9016
10551,10.5341
10552,9.7160
10612,37.7856
10613,35.2628
10553,9.9736
10614,35.5162
10554,10.4422
10615,36.3345
10555,10.0864
10616,35.1797
10556,10.0969
10617,36.5985
10557,9.8398
10618,36.2964
10558,9.8466
10619,36.0607
10559,10.1376
10620,35.9391
10560,10.3966
10621,36.7745
10561,10.0182
10622,35.6801
10562,10.1351
10623,35.2205
10563,9.8107
10564,8.7189
10624,36.4181
10625,35.1034
10565,10.4305
10626,36.2879
10566,10.0593
10627,36.1901
10567,9.7664
10568,9.8633
10628,36.1067
10629,37.8711
10569,9.4461
10630,36.1340
10570,9.9333
10631,35.3610
10571,10.1416
10632,37.0235
10572,9.8323
10633,35.5688
10573,10.0822
10634,35.6175
10574,10.0649
10635,36.1179
10575,9.7375
10636,36.0830
10576,10.0827
10637,35.9661
10577,9.9310
10638,35.2246
10578,10.3055
10639,35.7304
10579,10.1206
10640,35.3977
10580,10.0860
10641,36.1867
10581,10.2026
10642,35.5441
10582,10.2009
10643,35.5434
10583,9.8232
10644,36.2970
10584,8.6933
10645,35.5953
10585,10.0590
10646,35.8337
10586,9.8962
10647,35.6617
10587,10.0232
10648,35.8659
10588,10.1819
10649,35.5951
10589,10.4098
10650,35.6143
10590,10.2020
10651,35.7762
10591,10.2713
10652,35.4596
10592,9.7828
10653,36.1880
10593,8.6918
10654,35.6163
10594,10.1811
10655,36.9657
10595,10.3130
10656,35.6326
10596,10.6370
10657,36.0842
10597,10.2560
10658,35.6063
10598,10.1681
10659,35.0754
10599,10.2773
10660,35.8873
10600,10.2895
10661,35.9614
10601,9.8446
10662,35.9016
10602,10.3455
10663,35.5806
10603,10.4285
10664,36.0494
10604,9.9954
10665,35.8548
10605,9.8810
10666,37.1235
10606,10.0547
10667,35.7803
10607,10.0386
10668,36.0835
10608,9.8575
10669,36.3738
10609,10.0465
10670,35.8402
10610,10.5787
10671,36.8900
10611,10.0182
10672,35.3452
10612,10.1063
10673,36.4161
10613,10.1608
10674,36.0396
10614,10.1233
10675,36.1819
10615,10.2252
10676,35.5586
10616,10.3258
10677,36.7432
10617,10.0819
10678,35.3352
10618,10.2820
10679,36.4350
10619,10.1634
10680,35.1696
10620,9.2718
10681,36.0865
10621,9.9240
10682,36.1830
10622,9.9269
10683,36.0312
10623,9.9510
10684,35.2256
10624,9.8885
10685,35.9532
10625,10.0182
10686,36.0485
10626,10.0865
10687,35.8094
10627,10.0035
10688,36.2484
10628,10.1368
10689,35.8454
10629,10.2131
10690,36.6876
10630,9.8769
10691,36.2383
10631,9.8813
10692,36.0456
10632,10.2132
10693,36.1774
10633,10.1788
10694,35.7533
10634,9.9380
10635,8.5305
10695,36.4685
10696,34.2679
10636,9.9330
10697,35.6907
10637,9.9713
10698,36.0332
10638,10.1467
10699,35.2498
10639,8.7712
10700,35.6233
10640,9.9842
10701,36.8982
10641,9.7508
10702,34.2989
10642,10.2612
10703,35.6197
10643,10.0336
10704,35.9522
10644,9.8863
10705,35.2817
10645,9.9258
10706,35.6575
10646,10.2593
10707,36.8203
10647,9.9813
10708,35.7899
10648,10.0471
10709,35.0801
10649,9.8528
10710,36.1546
10650,10.0408
10711,35.9507
10651,9.7631
10712,36.1165
10652,10.3969
10713,35.9621
10653,10.1972
10714,35.2081
10654,10.1976
10715,35.8332
10655,10.0508
10716,35.3327
10656,8.6487
10717,35.0346
10657,9.8300
10718,36.5500
10658,10.2752
10719,36.8121
10659,10.1073
10720,35.1101
10660,10.1031
10721,36.1537
10661,10.0355
10722,35.0369
10662,9.9094
10723,35.7059
10663,10.0967
10724,36.0706
10664,10.0351
10725,35.6786
10665,13.0237
10666,9.2864
10726,36.0663
10727,35.8419
10667,9.7351
10728,36.7178
10668,9.2886
10729,35.5021
10669,9.6262
10730,36.5766
10670,9.5050
10731,36.2481
10671,9.3300
10732,36.1599
10672,9.4331
10733,35.7086
10673,9.4237
10734,35.0495
10674,9.6259
10735,36.6270
10675,9.2968
10736,35.8793
10676,9.6475
10737,37.0110
10677,9.3213
10738,35.8729
10678,9.3422
10739,36.7085
10679,9.7285
10740,36.7515
10680,9.2253
10741,35.2599
10681,9.6871
10742,35.8453
10682,9.4457
10743,36.5477
10683,9.4170
10744,36.6880
10684,9.7392
10745,36.6677
10685,9.3874
10746,35.6873
10686,9.3326
10747,35.5140
10687,9.4615
10748,36.0730
10688,9.3598
10749,35.9562
10689,9.2749
10750,35.9774
10690,9.5761
10751,36.0993
10691,9.4163
10752,36.6420
10692,9.3144
10753,35.1250
10693,9.4104
10754,36.6977
10694,9.5487
10755,36.7045
10695,9.6680
10696,9.3312
10756,36.9202
10757,36.1259
10697,9.4206
10758,36.3954
10698,9.4488
10759,35.3601
10699,9.6407
10760,36.7917
10700,9.6205
10701,9.1197
10761,37.2091
10762,35.6113
10702,9.1013
10763,35.3615
10703,9.5333
10764,36.5421
10704,9.3963
10765,35.3651
10705,9.7048
10766,36.8635
10706,9.2638
10707,9.2968
10767,36.1764
10768,35.5467
10708,9.6617
10769,36.7442
10709,9.3006
10770,36.0751
10710,9.6150
10771,36.2037
10711,9.2981
10772,35.8738
10712,9.8780
10713,9.3147
10773,36.6699
10774,35.6238
10714,9.4129
10775,35.7276
10715,9.3736
10776,37.3777
10716,9.6760
10777,36.6130
10717,9.6707
10778,36.4423
10718,9.1569
10779,35.1779
10719,9.3243
10780,37.2051
10720,9.8115
10721,9.1978
10781,37.4826
10782,35.4585
10722,9.4743
10783,36.0582
10723,9.6554
10784,36.8018
10724,9.4103
10785,36.0501
10725,9.2622
10786,36.1784
10726,9.4369
10787,35.7358
10727,9.2670
10788,35.7193
10728,9.6113
10729,9.3702
10789,37.7161
10790,35.9800
10730,9.2977
10791,35.2501
10731,9.2744
10792,36.5585
10732,9.2293
10793,35.5920
10733,9.6360
10734,9.0639
10794,37.2638
10795,36.1882
10735,8.7752
10796,35.6386
10736,8.8256
10797,36.4359
10737,9.1387
10798,36.2205
10738,8.7925
10799,36.6225
10739,9.1622
10800,36.4302
10740,8.8024
10801,35.0623
10741,9.1065
10802,36.2429
10742,8.7266
10803,36.2419
10743,9.1203
10804,36.1152
10744,8.8336
10805,36.0470
10745,8.8933
10806,35.6347
10746,9.0459
10807,36.3183
10747,8.7430
10808,36.3593
10748,9.1589
10749,8.7522
10809,37.4562
10810,35.8933
10750,8.8461
10811,36.4626
10751,9.0736
10812,37.1153
10752,9.1012
10813,36.9413
10753,8.6821
10814,35.4076
10754,8.7207
10815,36.2354
10755,8.9355
10816,37.6686
10756,8.7704
10817,35.9389
10757,8.9517
10818,36.4808
10758,9.1152
10819,36.2784
10759,8.6147
10820,35.6963
10760,8.7159
10821,35.9562
10761,8.7037
10822,35.9502
10762,8.8167
10823,36.2932
10763,8.9034
10764,8.6831
10824,37.6986
10825,35.8142
10765,8.7406
10826,36.1953
10766,8.6976
10827,35.8293
10767,8.7273
10828,36.2915
10768,9.1895
10829,36.4445
10769,8.9568
10830,35.1889
10770,9.1799
10831,37.5405
10771,8.8544
10832,35.9634
10772,8.9940
10833,36.8795
10773,8.7791
10834,36.1232
10774,9.0109
10775,8.7747
10835,37.0091
10836,36.1515
10776,8.7271
10837,35.9636
10777,9.1004
10778,8.8857
10838,36.6479
10839,36.1033
10779,8.9890
10840,36.2934
10780,8.7649
10841,35.6802
10781,8.7128
10842,36.3782
10782,8.7962
10843,36.4265
10783,8.7852
10844,35.9665
10784,9.0743
10785,8.7329
10845,36.4199
10846,35.6774
10786,8.9680
10847,36.4180
10787,8.7179
10848,35.6921
10788,9.0169
10849,36.2042
10789,8.7061
10850,36.2826
10790,8.6857
10851,37.0951
10791,8.6863
10852,36.4409
10792,8.9621
10853,37.0607
10793,9.1209
10794,8.6687
10854,37.4972
10855,35.5030
10795,8.7934
10856,36.2853
10796,8.9656
10797,9.1912
10857,37.1005
10858,36.5335
10798,9.0710
10859,36.6410
10799,8.6958
10860,35.7587
10800,9.0513
10861,37.1703
10801,9.0054
10802,8.6688
10862,36.4769
10863,35.7482
10803,8.7915
10864,36.5552
10804,9.0056
10865,35.7898
10805,8.9096
10866,36.0877
10806,8.7337
10867,36.1555
10807,8.8054
10868,36.6456
10808,8.7527
10869,35.8768
10809,8.7178
10870,36.7538
10810,8.6532
10871,36.0100
10811,8.7749
10872,36.8744
10812,9.0733
10813,8.6580
10873,37.0336
10874,36.4111
10814,9.0322
10875,36.6000
10815,8.8846
10816,8.6622
10876,37.4260
10877,35.4113
10817,8.6492
10878,36.1160
10818,9.0952
10819,8.6443
10879,37.0463
10880,36.0473
10820,9.0761
10821,8.5505
10881,37.1735
10882,36.0331
10822,9.0391
10883,36.5455
10823,8.5522
10884,35.5145
10824,8.8409
10885,36.3283
10825,9.2061
10886,36.7622
10826,8.7452
10887,36.2485
10827,9.0727
10888,35.5629
10828,9.1702
10889,36.7503
10829,9.0884
10890,35.6117
10830,9.4106
10891,36.0584
10831,9.1590
10832,9.1937
10892,38.8158
10893,35.9900
10833,9.0846
10894,36.2881
10834,9.1956
10895,35.9755
10835,9.4708
10896,36.3849
10836,9.0679
10897,35.8844
10837,9.0589
10898,35.2943
10838,9.5128
10839,9.1340
10899,36.4094
10900,35.4987
10840,9.6029
10901,37.4008
10841,9.0782
10902,36.2826
10842,9.1293
10903,35.7536
10843,9.5514
10904,36.6224
10844,9.2822
10905,36.1916
10845,9.1505
10906,35.6861
10846,9.6558
10907,36.2067
10847,9.2289
10908,35.8132
10848,9.5800
10849,9.1161
10909,36.3947
10910,36.4059
10850,9.1377
10911,35.8310
10851,9.5525
10912,36.3793
10852,9.1596
10913,35.9493
10853,9.5704
10914,36.7832
10854,9.2902
10915,36.7720
10855,9.2800
10916,35.3448
10856,9.2415
10917,35.4825
10857,9.3813
10918,36.8519
10858,9.1244
10919,35.5008
10859,9.1097
10920,36.3494
10860,9.3132
10921,35.5520
10861,9.0815
10922,36.0065
10862,9.5323
10863,9.2207
10923,36.8862
10924,35.3958
10864,9.4900
10925,36.1278
10865,8.9653
10926,36.1471
10866,9.1815
10927,35.9158
10867,9.1374
10928,35.5146
10868,8.9951
10929,36.7543
10869,9.3002
10930,37.2365
10870,9.1148
10931,35.5086
10871,9.1504
10932,36.0260
10872,9.1207
10933,36.1693
10873,9.4986
10934,36.8231
10874,9.2957
10935,36.2194
10875,9.5257
10936,37.0691
10876,9.1898
10937,36.1086
10877,9.5164
10938,36.2510
10878,9.1628
10939,35.7816
10879,9.5111
10940,36.3010
10880,9.4269
10941,35.6114
10881,9.3238
10942,36.3558
10882,9.5653
10883,9.0707
10943,37.2312
10944,35.0884
10884,9.2002
10945,36.9736
10885,9.2815
10946,36.4078
10886,9.0109
10947,35.4302
10887,9.4500
10948,36.7396
10888,9.4783
10889,9.0894
10949,36.4766
10950,35.6562
10890,9.4172
10951,36.4472
10891,9.0783
10952,35.7339
10892,9.1468
10953,36.4455
10893,9.5045
10954,36.7975
10894,9.3290
10955,35.7616
10895,9.1459
10956,35.2998
10896,9.1182
10957,36.1172
10897,9.4734
10958,37.2837
10898,9.0633
10959,35.5851
10899,9.3884
10960,36.4986
10900,9.1325
10961,35.4148
10901,9.0449
10962,36.2544
10902,9.3943
10963,36.2292
10903,9.1491
10964,36.5837
10904,9.1011
10965,35.7730
10905,9.1991
10906,9.0369
10966,37.1351
10967,35.7573
10907,9.4623
10968,36.3436
10908,9.3907
10969,36.1100
10909,9.1177
10970,36.4539
10910,9.0748
10971,36.4735
10911,9.1913
10972,36.1269
10912,9.5447
10973,37.3553
10913,9.4343
10974,35.9697
10914,9.1527
10975,36.6274
10915,9.4507
10976,37.0868
10916,9.0662
10977,36.0865
10917,9.1820
10978,35.7703
10918,9.4186
10979,37.0995
10919,9.4527
10980,37.4859
10920,9.1800
10981,35.6173
10921,9.4459
10982,36.4349
10922,9.4837
10983,37.6201
10923,9.2424
10984,35.5759
10924,9.1563
10985,36.0436
10925,9.1853
10986,36.5340
10926,9.4636
10987,37.3353
10927,9.2605
10928,9.0395
10988,37.3236
10989,35.8132
10929,9.3901
10990,36.4566
10930,9.1682
10991,35.9247
10931,9.4281
10992,37.0574
10932,9.4564
10993,36.4999
10933,9.4402
10994,36.2599
10934,9.2233
10995,36.7296
10935,9.1409
10996,36.3020
10936,9.0689
10997,35.7918
10937,9.2808
10998,36.9653
10938,9.0457
10999,36.5411
10939,9.1644
11000,36.4128
10940,9.0936
11001,35.7624
10941,9.0409
11002,36.1741
10942,9.0985
11003,36.1742
10943,9.0638
11004,35.9085
10944,9.3736
11005,36.5896
10945,9.1639
11006,36.4827
10946,9.3432
11007,36.3246
10947,9.3923
11008,37.3542
10948,8.9802
11009,36.1564
10949,9.1344
11010,35.6402
10950,9.4744
10951,9.0450
11011,37.0857
11012,35.4937
10952,9.1689
11013,36.5031
10953,9.0518
11014,35.8612
10954,9.0930
11015,36.8688
10955,9.5785
10956,9.0314
11016,37.2943
11017,35.1279
10957,9.1452
11018,37.2529
10958,9.4024
10959,9.1050
11019,37.4563
11020,35.8975
10960,9.5782
10961,9.0618
11021,37.0374
11022,35.9068
10962,9.4364
11023,36.8171
10963,9.4791
11024,36.6284
10964,9.2609
11025,35.4883
10965,9.0393
11026,36.4198
10966,9.0463
11027,36.2029
10967,9.1026
11028,36.6087
10968,9.0658
11029,37.0932
10969,9.4005
11030,35.7597
10970,9.0715
11031,36.2285
10971,8.9843
11032,36.0002
10972,9.5190
11033,36.9966
10973,9.0446
11034,36.0876
10974,9.2231
11035,36.2330
10975,9.3969
11036,36.6587
10976,9.5550
10977,9.0339
11037,36.8634
11038,36.1866
10978,9.5750
10979,9.0580
11039,37.4272
11040,36.5698
10980,9.2102
11041,35.6560
10981,9.3243
11042,37.1866
10982,9.0585
11043,35.9793
10983,9.0480
11044,36.1835
10984,9.1391
11045,35.6315
10985,9.5449
11046,36.6301
10986,9.2318
11047,36.3883
10987,9.0971
11048,36.2237
10988,9.4744
11049,37.2238
10989,9.1305
11050,36.2998
10990,9.0085
11051,36.0606
10991,9.4647
10992,8.8826
11052,36.8202
11053,35.2102
10993,8.9174
11054,36.8347
10994,8.9953
11055,36.0922
10995,9.6288
10996,8.8587
11056,37.3169
11057,36.0407
10997,8.9676
11058,35.6484
10998,9.1378
11059,36.9300
10999,9.3558
11060,37.0940
11000,9.1262
11061,36.0024
11001,9.0153
11062,37.3194
11002,9.4685
11003,8.9222
11063,36.8943
11064,35.5287
11004,8.9076
11065,35.6409
11005,8.9917
11066,36.1588
11006,9.3291
11067,36.0818
11007,9.0088
11068,36.5208
11008,9.1315
11069,35.9996
11009,8.8491
11070,35.5617
11010,8.9897
11071,37.2443
11011,8.9063
11072,35.9464
11012,9.2925
11073,37.8488
11013,9.0001
11074,36.4802
11014,9.3323
11075,36.2057
11015,8.9081
11076,35.8691
11016,9.0294
11077,36.4462
11017,8.9948
11078,37.0038
11018,9.4599
11019,8.9581
11079,36.8582
11080,35.9084
11020,9.2939
11081,37.0212
11021,9.0105
11022,8.9808
11082,36.0085
11083,35.2991
11023,9.1947
11084,35.4975
11024,9.1978
11085,35.7339
11025,9.1886
11086,35.8270
11026,9.0368
11087,35.9264
11027,9.2536
11088,36.8053
11028,9.3852
11089,36.9254
11029,8.9030
11090,36.4106
11030,8.9581
11091,35.8875
11031,9.0216
11092,36.7085
11032,9.0011
11093,35.9273
11033,9.4323
11094,36.6464
11034,8.9794
11095,35.1991
11035,8.9371
11096,36.2121
11036,8.8862
11097,36.0697
11037,9.4062
11098,36.6352
11038,9.1286
11099,36.5590
11039,9.0402
11100,35.7972
11040,9.2978
11101,35.9199
11041,9.0025
11102,36.7329
11042,9.0163
11103,36.2138
11043,8.9124
11104,36.3416
11044,9.4183
11105,36.9535
11045,8.9088
11106,36.0369
11046,9.2082
11107,36.7519
11047,8.9601
11108,36.3992
11048,8.9992
11109,36.3470
11049,9.3612
11110,37.1954
11050,9.4191
11051,8.8992
11111,37.1540
11112,35.6951
11052,9.2642
11113,36.6866
11053,8.9681
11114,36.2987
11054,8.9947
11115,36.7316
11055,9.2916
11116,36.9457
11056,8.9813
11117,36.4038
11057,9.2742
11118,36.1554
11058,9.0190
11119,35.6224
11059,9.0683
11120,36.0727
11060,9.3810
11121,36.4863
11061,9.2602
11122,37.1343
11062,9.1509
11123,36.2088
11063,9.0088
11124,35.8901
11064,9.0835
11125,37.0273
11065,8.9230
11126,35.9747
11066,9.4633
11127,36.6768
11067,8.9329
11128,35.8979
11068,8.9620
11129,35.7512
11069,8.9302
11130,35.8912
11070,9.0782
11131,37.1936
11071,9.2883
11132,36.5123
11072,8.9417
11133,35.5304
11073,9.0690
11134,36.5999
11074,8.9952
11135,36.2760
11075,9.2930
11136,36.4823
11076,9.2901
11077,8.9038
11137,37.2076
11138,36.1407
11078,8.9320
11139,36.6205
11079,8.8781
11140,35.8273
11080,9.2972
11141,36.8529
11081,8.9026
11142,36.6086
11082,9.1982
11083,8.8860
11143,36.5008
11144,35.4926
11084,8.7444
11145,35.4686
11085,8.9086
11146,36.7935
11086,9.0913
11087,8.9212
11147,36.7462
11148,35.5883
11088,9.3531
11089,8.9222
11149,37.1401
11150,35.6580
11090,9.2908
11091,8.9372
11151,36.5463
11152,36.1536
11092,9.4695
11153,37.2349
11093,9.3352
11094,8.8399
11154,36.5944
11155,35.2210
11095,8.8484
11156,35.5436
11096,8.9836
11157,36.4370
11097,9.0853
11158,36.2742
11098,8.8906
11159,36.6216
11099,8.5124
11160,36.0204
11100,8.5682
11161,35.5488
11101,8.7340
11162,36.2956
11102,8.5743
11163,36.2739
11103,8.7460
11164,36.2700
11104,8.9696
11165,37.3864
11105,8.3158
11166,35.3748
11106,8.4105
11167,36.8442
11107,8.5573
11168,36.9554
11108,8.5320
11169,36.0528
11109,8.4128
11170,36.5889
11110,8.7765
11171,37.2416
11111,8.8930
11112,8.3528
11172,37.0561
11173,35.0771
11113,8.4802
11174,36.4956
11114,8.8054
11175,36.1407
11115,8.4354
11176,36.0362
11116,8.9913
11177,36.7812
11117,8.9217
11118,8.6570
11178,37.0908
11179,36.8587
11119,8.6679
11180,36.2972
11120,8.6929
11181,36.4801
11121,8.4056
11182,35.7810
11122,8.6029
11183,36.3275
11123,8.7887
11184,36.2270
11124,8.5922
11185,36.5024
11125,8.3946
11186,35.3995
11126,8.4467
11187,36.0284
11127,8.6273
11188,37.7027
11128,8.5517
11189,35.7066
11129,8.5033
11190,37.3861
11130,8.7950
11191,35.8937
11131,8.5382
11192,36.1509
11132,8.5090
11193,36.2005
11133,8.9158
11134,8.3928
11194,36.7518
11195,35.9286
11135,8.9896
11136,8.4227
11196,37.3025
11197,37.2681
11137,8.4080
11198,35.3618
11138,8.4836
11199,36.1114
11139,8.5934
11200,36.7108
11140,9.0155
11201,36.7474
11141,8.6965
11202,35.8715
11142,8.0841
11203,36.0213
11143,7.9564
11204,36.1517
11144,7.9074
11205,35.6389
11145,7.8385
11206,36.2929
11146,7.8772
11207,36.3636
11147,7.6540
11208,35.8352
11148,7.9012
11209,36.3076
11149,7.6782
11210,35.8587
11150,7.7803
11211,36.1224
11151,8.0966
11212,36.1902
11152,7.9083
11213,35.8430
11153,7.7817
11214,36.8368
11154,7.7361
11215,36.2366
11155,7.8301
11216,37.1197
11156,7.7226
11217,36.5357
11157,7.9931
11218,35.2952
11158,7.7494
11219,35.8591
11159,7.8250
11220,37.0643
11160,7.7900
11221,36.8832
11161,7.7550
11222,36.0312
11162,8.1164
11223,36.3306
11163,7.7339
11224,35.7854
11164,7.7816
11225,35.6367
11165,8.0114
11166,7.6635
11226,37.0805
11227,35.5797
11167,7.7407
11228,35.8028
11168,8.0747
11169,7.6575
11229,36.4730
11230,35.1079
11170,8.2788
11231,37.3437
11171,7.7119
11232,36.0600
11172,7.9547
11233,36.1736
11173,7.8906
11234,37.1796
11174,8.2864
11175,7.7183
11235,36.8447
11236,35.5076
11176,7.6855
11237,36.0184
11177,7.8172
11238,36.4479
11178,8.1533
11239,37.2885
11179,7.6505
11240,36.1664
11180,8.2085
11181,7.6243
11241,36.6784
11242,35.0052
11182,7.8136
11243,36.5073
11183,8.1833
11244,36.2381
11184,7.8218
11245,35.8647
11185,7.6977
11246,36.7784
11186,7.9574
11247,38.1313
11187,7.7440
11248,35.8837
11188,7.6808
11249,35.5880
11189,7.8606
11250,36.7822
11190,8.2168
11251,36.8238
11191,7.9479
11252,36.2128
11192,7.8690
11253,37.2039
11193,7.6963
11254,36.0336
11194,7.8058
11255,35.5642
11195,7.5798
11256,34.8694
11196,7.9828
11257,37.0092
11197,7.8623
11258,36.3817
11198,7.7595
11259,35.6696
11199,7.7408
11260,35.7619
11200,8.2191
11261,36.4650
11201,7.7562
11262,36.1965
11202,7.9615
11263,36.5188
11203,7.7162
11264,35.5255
11204,7.7926
11265,35.8403
11205,7.6455
11266,36.0146
11206,8.1077
11267,36.7414
11207,7.6627
11268,35.6431
11208,7.7544
11269,36.1712
11209,8.0454
11270,36.4261
11210,8.0638
11271,36.9093
11211,7.7247
11212,7.6604
11272,36.0713
11273,35.4520
11213,8.1786
11274,36.6638
11214,8.0632
11275,36.6319
11215,7.7443
11276,36.3443
11216,7.9033
11277,35.7065
11217,7.6930
11278,35.6653
11218,7.7852
11279,36.2116
11219,8.0435
11280,36.2030
11220,7.6729
11281,35.6070
11221,7.9810
11222,7.6105
11282,37.3524
11283,35.0069
11223,7.7297
11284,35.9156
11224,8.1155
11285,36.8380
11225,7.8098
11286,36.3612
11226,8.0403
11287,36.7942
11227,8.0494
11228,7.6919
11288,36.8807
11289,35.8638
11229,7.6771
11290,35.7475
11230,7.7353
11291,36.4425
11231,7.9671
11292,36.3546
11232,7.9025
11233,7.5667
11293,37.4276
11294,35.0707
11234,7.9246
11295,36.1085
11235,7.4878
11296,35.0458
11236,7.5682
11297,36.4159
11237,8.1343
11298,36.3977
11238,7.7203
11299,35.4291
11239,7.6699
11300,36.9730
11240,7.5707
11301,36.6738
11241,8.0028
11302,36.4741
11242,7.8253
11303,36.3937
11243,7.6756
11304,36.1732
11244,7.6974
11305,36.7709
11245,7.6797
11306,36.9263
11246,7.6702
11307,35.7176
11247,7.9860
11248,7.5816
11308,37.3097
11309,36.1327
11249,7.6142
11310,36.9602
11250,8.2230
11311,36.2411
11251,7.5727
11312,35.8492
11252,7.6820
11313,36.2624
11253,7.8066
11254,7.6870
11314,36.5233
11315,35.5764
11255,7.5877
11316,36.0343
11256,7.7315
11317,36.5652
11257,7.9703
11318,36.4818
11258,8.0309
11319,37.1185
11259,7.9533
11320,36.4261
11260,8.2319
11321,36.0338
11261,8.0981
11322,35.9251
11262,8.2563
11323,35.8881
11263,8.2040
11324,36.4234
11264,8.5604
11325,36.5564
11265,8.2272
11326,35.6296
11266,8.4150
11327,36.3510
11267,8.4938
11268,7.8462
11328,37.5944
11329,36.1488
11269,7.8838
11330,36.2276
11270,8.0496
11331,36.8272
11271,8.0190
11332,35.5882
11272,8.5178
11333,36.8538
11273,8.3946
11334,36.9975
11274,7.8116
11335,36.2062
11275,7.6496
11336,36.4151
11276,7.9983
11337,36.9236
11277,7.6348
11338,36.7056
11278,8.0044
11339,36.3774
11279,7.6836
11340,36.7201
11280,7.5998
11341,36.2881
11281,7.9312
11342,36.5069
11282,7.5595
11343,35.1740
11283,7.6768
11344,36.3012
11284,7.7939
11345,36.4326
11285,7.6383
11346,36.5205
11286,7.5663
11347,35.8738
11287,7.7305
11348,35.9486
11288,7.8291
11349,36.2980
11289,7.6008
11350,36.2983
11290,7.7066
11351,36.5141
11291,8.0068
11352,36.6053
11292,7.6957
11353,36.4789
11293,7.6334
11354,35.9747
11294,7.6306
11355,36.3464
11295,8.0732
11296,7.7871
11356,37.0368
11357,35.8102
11297,7.6738
11358,36.3023
11298,7.5474
11359,35.7953
11299,7.9751
11360,36.3069
11300,7.6462
11361,35.8381
11301,8.1022
11362,36.7116
11302,7.5899
11363,35.2812
11303,7.6522
11364,35.9772
11304,7.6716
11365,36.3225
11305,8.0677
11366,36.9998
11306,7.5286
11367,35.9027
11307,7.9713
11368,36.1107
11308,7.8823
11369,36.4025
11309,7.6672
11370,36.8311
11310,8.1135
11371,36.7067
11311,7.8781
11372,36.4651
11312,7.6200
11373,36.0504
11313,8.0681
11374,36.5146
11314,7.5705
11375,35.5238
11315,7.5927
11376,36.7132
11316,7.7131
11377,36.3128
11317,8.0492
11378,36.4454
11318,7.8603
11379,36.3232
11319,8.0009
11380,35.8074
11320,7.5457
11381,36.1263
11321,8.0328
11382,36.4962
11322,7.6438
11383,36.0137
11323,7.9806
11384,36.2871
11324,7.9625
11385,36.7413
11325,7.7515
11386,36.3629
11326,8.1254
11387,37.1635
11327,8.1416
11388,36.8182
11328,8.0635
11389,37.5619
11329,8.1863
11390,37.5063
11330,8.0763
11391,36.9374
11331,7.8475
11392,37.5788
11332,8.1084
11393,36.8755
11333,7.9125
11394,37.1873
11334,8.1381
11395,37.6414
11335,7.9352
11396,37.6734
11336,7.8474
11397,37.1625
11337,7.9227
11398,37.4957
11338,7.8625
11399,37.3735
11339,7.8723
11400,36.4437
11340,8.0853
11401,37.1280
11341,7.7207
11402,35.6839
11342,7.1105
11403,36.8803
11343,6.6633
11404,37.2824
11344,6.5316
11405,36.8268
11345,6.7569
11406,37.5836
11346,6.7542
11407,37.6378
11347,6.7738
11408,37.3456
11348,6.5748
11409,37.5316
11349,6.5626
11410,36.4651
11350,6.6467
11411,36.7015
11351,6.8144
11412,37.8723
11352,6.6692
11413,37.7517
11353,6.7714
11414,37.4660
11354,6.5943
11415,36.8122
11355,6.5242
11416,37.2090
11356,6.5167
11417,36.6848
11357,6.5205
11418,37.7134
11358,6.5411
11419,36.6484
11359,6.8861
11420,37.8828
11360,6.7355
11421,37.3149
11361,6.6176
11422,37.2167
11362,6.6493
11423,37.8660
11363,6.5305
11424,36.6358
11364,6.8631
11425,37.7292
11365,6.6472
11426,37.1669
11366,6.7266
11427,37.0657
11367,6.6011
11428,37.6416
11368,6.6778
11429,36.6005
11369,6.8859
11430,38.0331
11370,6.6686
11431,36.8095
11371,6.5827
11432,37.6258
11372,6.6231
11433,36.5341
11373,6.7789
11434,37.4030
11374,6.8622
11435,37.9884
11375,6.5050
11436,36.4583
11376,6.8362
11377,6.5333
11437,37.9745
11438,35.7049
11378,6.8344
11439,37.2824
11379,6.7978
11440,36.6236
11380,6.6234
11441,37.5980
11381,6.5621
11382,6.5643
11442,37.3920
11443,37.4382
11383,6.7595
11444,37.1642
11384,6.7332
11445,36.3059
11385,6.8887
11446,37.9831
11386,6.9747
11447,37.5785
11387,6.4890
11448,36.8145
11388,6.5843
11449,37.0774
11389,6.5679
11450,37.1686
11390,6.7393
11451,36.5634
11391,6.7586
11452,37.4535
11392,6.6331
11393,6.5782
11453,37.9983
11454,36.2999
11394,6.7156
11455,36.7565
11395,6.6258
11456,36.8708
11396,6.8262
11457,38.0352
11397,6.8132
11458,36.9180
11398,6.7098
11459,36.2954
11399,6.7683
11400,6.4685
11460,38.3601
11461,36.4540
11401,6.5138
11462,36.6106
11402,6.5602
11463,38.0362
11403,6.5099
11404,6.5405
11464,37.8554
11405,6.5369
11465,36.9109
11466,36.2829
11406,6.4884
11467,36.4217
11407,6.5561
11468,37.1827
11408,6.6005
11469,37.2369
11409,6.6041
11470,37.3871
11410,6.6522
11471,37.0879
11411,6.6142
11472,37.8763
11412,6.5218
11473,37.4368
11413,6.5872
11474,36.4088
11414,6.7404
11475,37.3376
11415,6.7042
11476,37.5728
11416,6.6884
11477,37.6640
11417,6.6308
11478,36.7839
11418,6.6683
11479,36.9793
11419,6.8198
11480,37.2760
11420,6.7038
11481,37.5691
11421,6.5952
11482,36.8323
11422,6.6429
11483,37.6409
11423,6.6048
11484,36.7108
11424,6.6457
11485,37.8043
11425,6.9025
11426,6.6012
11486,37.2609
11487,36.1221
11427,6.7771
11488,37.6963
11428,6.6814
11489,36.3444
11429,6.8703
11430,6.6968
11490,37.7001
11491,36.0667
11431,6.5621
11492,37.7250
11432,6.6775
11493,36.9299
11433,6.5138
11494,39.8430
11434,6.6390
11435,6.6161
11495,37.4783
11496,37.3086
11436,6.4525
11497,37.3423
11437,6.4812
11498,38.0332
11438,6.7296
11499,36.3928
11439,6.5139
11500,37.9022
11440,6.5700
11501,36.6145
11441,6.7330
11502,36.5557
11442,6.5200
11503,36.7245
11443,6.5492
11504,36.8158
11444,6.5383
11505,36.6914
11445,6.6054
11506,37.7205
11446,6.4955
11507,37.3390
11447,6.5788
11508,36.6280
11448,6.5317
11509,37.3837
11449,6.5630
11510,37.0194
11450,6.5572
11511,37.2423
11451,6.7593
11512,37.1027
11452,6.6033
11513,36.8345
11453,6.8441
11514,37.6780
11454,6.7517
11515,37.4785
11455,6.6718
11516,37.6877
11456,6.6874
11517,37.9082
11457,6.5411
11518,36.7848
11458,6.8511
11519,38.0829
11459,6.6188
11520,37.0262
11460,6.4933
11521,37.3056
11461,6.6243
11522,36.8322
11462,6.4787
11523,36.4968
11463,6.8560
11464,6.5459
11524,37.9415
11525,36.3328
11465,6.8499
11526,38.4118
11466,6.6139
11527,36.9990
11467,6.7854
11528,37.2350
11468,6.7559
11529,36.6454
11469,6.7837
11530,36.7248
11470,6.7770
11471,6.6336
11531,37.2679
11532,36.2176
11472,6.5557
11533,38.2995
11473,6.7005
11534,36.9653
11474,6.5758
11535,36.5306
11475,6.8753
11536,37.6629
11476,6.8050
11537,37.9094
11477,6.6748
11538,36.8718
11478,6.4694
11479,6.7255
11539,37.4389
11540,36.6342
11480,6.5244
11541,37.5223
11481,6.7399
11542,37.5339
11482,6.5438
11543,37.0799
11483,6.5746
11544,36.4079
11484,6.8129
11485,6.5278
11545,37.1902
11546,35.7681
11486,6.8078
11547,37.4557
11487,6.8946
11548,38.1933
11488,6.8599
11549,37.1674
11489,6.7570
11490,6.4967
11550,38.0130
11551,36.6310
11491,6.5792
11552,36.6982
11492,6.6526
11553,36.8276
11493,6.6850
11554,36.4402
11494,6.4721
11555,37.5800
11495,6.7505
11556,36.9819
11496,6.4591
11557,36.8655
11497,6.4450
11558,36.6555
11498,6.6520
11559,37.2171
11499,6.7571
11560,37.3168
11500,6.5934
11561,35.9867
11501,6.4929
11502,6.5218
11562,37.3237
11563,36.0727
11503,6.7850
11564,37.5146
11504,6.5295
11565,37.0015
11505,6.4793
11566,37.0123
11506,6.5790
11567,37.7146
11507,6.4436
11568,36.5371
11508,6.8225
11569,39.4411
11509,6.4970
11570,37.4343
11510,6.6983
11571,36.8339
11511,6.7100
11572,37.0230
11512,6.6861
11573,36.9528
11513,6.6453
11574,36.5556
11514,6.6673
11575,36.9934
11515,6.6438
11576,37.9473
11516,6.4519
11577,37.1624
11517,6.3791
11578,36.8977
11518,6.6638
11579,36.5664
11519,6.7399
11580,37.5726
11520,6.6774
11581,36.9576
11521,6.6046
11582,36.9597
11522,6.5087
11583,37.2629
11523,6.5105
11584,37.6268
11524,6.6810
11585,38.4799
11525,6.7550
11526,6.5434
11586,37.3360
11587,37.0131
11527,6.7571
11588,36.8090
11528,6.8709
11589,37.2579
11529,6.5564
11590,38.2948
11530,6.5883
11531,6.4991
11591,37.1727
11592,37.5221
11532,6.3896
11593,35.8780
11533,6.7242
11594,37.3091
11534,6.6343
11595,36.8640
11535,7.9356
11596,37.5958
11536,10.0327
11597,37.1115
11537,6.9658
11598,36.6712
11538,7.3251
11599,37.3725
11539,9.3586
11600,37.2831
11540,9.0917
11601,36.9448
11541,9.2021
11602,38.0007
11542,10.5863
11603,37.7718
11543,8.6987
11604,37.5086
11544,8.2662
11605,36.9808
11545,8.4762
11606,37.7191
11546,9.2379
11607,39.0876
11547,10.6070
11608,37.6865
11548,10.5167
11609,37.5994
11549,10.1303
11610,36.7055
11550,10.3450
11611,37.7095
11551,10.2929
11612,37.7737
11552,8.4427
11613,36.9899
11553,10.8494
11554,10.4606
11614,38.6447
11615,37.0034
11555,7.7779
11616,37.0151
11556,8.0233
11617,36.8948
11557,7.8766
11618,37.4780
11558,7.9144
11619,36.9277
11559,7.4980
11560,6.5057
11620,37.1424
11621,36.8062
11561,6.4590
11622,36.2791
11562,6.8448
11623,38.4297
11563,6.4907
11624,35.7209
11564,6.5394
11625,36.9797
11565,6.7716
11626,38.6596
11566,6.4827
11627,36.4213
11567,6.4749
11628,37.2852
11568,6.5636
11629,37.6440
11569,6.7530
11630,37.8247
11570,6.5179
11631,36.9537
11571,6.6346
11632,36.9599
11572,6.7514
11633,37.3616
11573,6.5316
11634,36.6814
11574,6.7184
11635,37.4769
11575,6.5798
11636,36.7091
11576,6.4415
11637,37.9516
11577,6.5773
11638,37.0647
11578,6.4330
11639,36.6034
11579,6.6358
11640,37.2094
11580,6.4685
11641,36.2604
11581,6.8411
11642,38.1984
11582,6.4488
11643,36.4944
11583,6.5734
11644,38.2497
11584,6.4499
11645,37.2542
11585,6.4618
11646,36.5709
11586,6.8318
11647,37.6125
11587,6.5990
11648,37.1331
11588,6.7823
11649,37.4924
11589,6.5029
11650,36.8253
11590,6.5792
11651,36.9813
11591,6.7639
11652,37.0823
11592,6.4907
11653,36.7941
11593,6.4974
11654,36.8820
11594,6.5739
11655,37.7934
11595,6.7227
11656,38.1881
11596,6.5233
11657,37.1288
11597,6.5933
11658,36.0520
11598,6.7913
11659,36.9962
11599,6.6306
11660,37.2676
11600,6.5660
11601,6.4894
11661,38.8304
11662,36.0759
11602,6.7564
11663,37.2322
11603,6.4825
11664,36.1690
11604,6.7665
11665,37.6387
11605,6.8592
11606,6.6453
11666,38.6390
11667,37.4296
11607,6.4609
11668,36.8404
11608,6.5871
11669,37.7010
11609,6.6470
11670,36.9338
11610,6.8635
11671,37.8299
11611,6.7087
11672,36.7805
11612,6.7060
11673,37.6139
11613,6.4572
11674,36.4465
11614,6.7594
11675,37.3307
11615,6.6104
11676,37.0922
11616,6.7032
11617,6.4730
11677,37.6160
11678,36.7702
11618,6.6392
11679,37.2174
11619,6.4034
11680,36.2687
11620,6.4654
11681,37.0459
11621,6.5136
11682,37.4319
11622,6.5559
11623,6.4927
11683,37.8343
11624,6.5275
11684,37.4332
11685,36.9371
11625,6.4981
11686,37.5387
11626,6.5853
11687,36.9601
11627,6.5553
11688,37.1067
11628,6.4545
11689,37.0918
11629,6.7285
11690,36.8371
11630,6.6111
11691,38.4788
11631,6.5812
11692,36.6695
11632,6.6801
11633,6.4844
11693,38.4765
11694,36.6727
11634,6.5836
11695,36.6375
11635,6.4625
11696,36.4674
11636,6.6607
11697,37.4703
11637,6.6079
11698,38.1958
11638,6.7305
11699,36.5612
11639,6.4580
11700,37.5223
11640,6.4314
11701,35.8378
11641,6.5213
11702,37.2381
11642,6.4717
11703,37.3629
11643,6.3580
11704,36.6015
11644,6.3572
11705,36.8206
11645,6.6284
11646,6.3766
11706,37.6244
11707,36.9135
11647,6.4851
11708,37.2958
11648,6.5321
11709,36.6806
11649,6.4284
11710,38.3537
11650,6.6033
11711,38.1672
11651,6.5216
11712,37.6538
11652,6.6170
11653,6.5910
11713,36.7561
11714,36.4828
11654,6.4656
11715,37.4452
11655,6.6243
11716,37.4050
11656,6.8373
11717,37.7494
11657,6.6920
11658,6.4383
11718,37.4369
11719,36.1334
11659,6.7257
11720,37.5581
11660,6.5619
11721,37.1835
11661,6.7774
11722,37.1396
11662,6.5550
11723,37.3525
11663,6.4420
11724,36.4818
11664,6.6769
11725,37.1369
11665,6.3916
11726,36.5866
11666,6.7169
11727,37.5405
11667,6.7881
11728,37.9019
11668,6.4153
11729,36.4281
11669,6.8381
11670,6.4049
11730,38.5228
11671,6.4504
11731,36.6978
11732,36.6605
11672,6.4931
11733,37.0551
11673,6.6114
11734,38.0753
11674,6.5685
11735,37.6184
11675,6.5806
11736,36.4306
11676,6.6798
11737,37.5798
11677,6.6144
11738,36.3706
11678,6.7339
11739,37.8062
11679,6.5895
11740,37.2401
11680,6.6340
11741,36.9619
11681,6.7370
11742,36.5804
11682,6.7565
11683,6.5141
11743,37.5149
11744,36.5748
11684,6.4514
11745,37.0701
11685,6.4788
11746,37.0456
11686,6.4431
11747,36.7818
11687,6.4529
11748,37.2136
11688,6.6152
11689,6.3851
11749,37.5150
11750,36.4821
11690,6.3724
11691,6.5625
11751,37.6046
11752,36.8879
11692,6.4148
11753,36.8013
11693,6.6421
11754,37.0443
11694,6.2914
11755,36.6028
11695,6.4519
11756,36.4778
11696,6.4015
11757,37.3040
11697,6.2921
11758,36.3910
11698,6.3871
11759,37.5787
11699,6.3498
11760,36.4667
11700,6.4070
11761,36.8480
11701,6.6618
11702,6.3951
11762,37.7862
11763,37.1921
11703,6.4497
11764,36.9070
11704,6.3907
11705,6.4075
11765,37.6826
11766,37.4959
11706,6.5643
11767,37.1960
11707,6.2944
11768,37.2022
11708,6.4206
11769,36.5529
11709,6.5493
11770,36.8610
11710,6.3934
11771,36.6136
11711,6.7147
11772,36.9967
11712,6.6509
11773,36.7722
11713,6.8174
11714,6.3700
11774,38.1001
11715,6.4899
11775,36.1592
11776,37.0519
11716,6.6632
11777,37.9749
11717,6.6289
11778,37.1798
11718,6.4360
11719,6.4841
11779,37.3071
11780,37.3897
11720,6.3926
11781,36.6458
11721,6.4156
11722,6.5868
11782,37.4358
11783,37.2475
11723,6.3334
11784,37.0571
11724,6.4536
11785,38.1460
11725,6.5545
11786,36.9690
11726,6.7457
11787,37.0117
11727,6.4977
11788,36.5178
11728,6.6358
11789,37.3699
11729,6.4605
11790,36.7796
11730,6.4640
11791,37.9220
11731,6.5421
11792,37.2792
11732,6.7496
11793,37.6175
11733,6.6477
11794,37.2115
11734,6.7077
11795,37.1386
11735,6.4647
11796,37.7151
11736,7.1396
11797,37.8199
11737,6.7262
11798,36.9725
11738,6.4397
11799,36.6243
11739,6.6208
11800,37.1674
11740,6.4771
11801,37.2141
11741,6.5829
11802,36.6420
11742,6.9027
11803,37.0171
11743,6.6560
11804,36.5086
11744,6.4641
11805,38.1982
11745,6.5040
11806,37.6659
11746,6.5186
11807,36.6129
11747,6.5001
11808,37.5678
11748,6.3929
11809,36.8905
11749,6.4930
11810,37.5801
11750,6.5544
11811,37.6067
11751,6.7974
11752,6.5016
11812,38.4716
11813,36.7722
11753,6.4136
11814,37.7229
11754,6.5142
11815,37.2062
11755,6.6587
11816,38.0600
11756,6.3501
11817,37.4859
11757,6.3370
11818,37.1701
11758,6.6284
11759,6.2908
11819,37.6129
11820,35.7479
11760,6.6254
11761,6.5156
11821,37.7732
11822,36.1644
11762,6.6531
11823,37.8957
11763,6.4708
11764,6.4361
11824,36.9097
11825,37.0559
11765,6.6653
11826,37.3418
11766,6.4457
11827,36.9446
11767,6.4607
11828,37.3804
11768,6.5369
11829,37.2196
11769,6.5744
11830,37.7990
11770,6.6400
11831,36.2039
11771,6.7853
11832,37.7028
11772,6.4924
11833,36.7973
11773,6.7871
11774,6.4695
11834,38.0560
11835,37.1877
11775,6.3970
11836,36.2380
11776,6.8908
11777,6.4927
11837,38.2125
11838,40.6045
11778,6.7734
11839,37.3931
11779,6.7775
11780,6.4817
11840,37.4200
11841,36.4485
11781,6.7297
11782,6.4867
11842,37.1711
11843,37.0680
11783,6.5865
11844,36.2459
11784,6.6734
11845,36.7296
11785,6.4460
11846,39.4712
11786,6.6754
11847,37.4689
11787,6.4761
11848,37.4974
11788,6.8111
11789,6.4936
11849,37.6165
11850,36.6488
11790,6.6891
11851,37.8220
11791,6.6198
11852,36.8488
11792,6.7360
11853,37.7205
11793,6.3785
11854,37.1621
11794,6.6578
11855,36.6918
11795,6.5909
11856,37.0753
11796,6.6358
11857,37.0061
11797,6.5883
11858,37.5835
11798,6.4015
11859,37.3550
11799,6.3311
11860,36.6854
11800,6.5863
11861,37.2151
11801,6.3318
11862,36.9843
11802,6.5916
11863,37.3765
11803,6.4563
11864,37.1506
11804,6.6316
11865,36.9672
11805,6.6630
11866,37.6051
11806,6.3850
11867,37.2458
11807,6.4465
11868,36.7173
11808,6.6324
11869,37.4566
11809,6.4894
11870,37.3148
11810,6.5161
11811,6.3916
11871,37.7203
11872,36.9118
11812,6.6391
11813,6.3898
11873,38.0743
11874,38.6715
11814,6.6258
11815,6.4091
11875,38.6133
11876,37.2100
11816,6.5241
11877,36.7000
11817,6.3228
11878,36.9417
11818,6.2868
11879,36.5525
11819,6.6542
11820,6.4920
11880,37.5423
11881,36.9377
11821,6.5838
11882,37.2996
11822,6.5052
11883,37.5323
11823,6.7264
11884,38.0477
11824,6.7236
11825,6.4613
11885,37.2277
11886,36.8028
11826,6.5946
11887,36.9659
11827,6.3534
11888,36.7750
11828,6.3752
11889,37.8499
11829,6.5819
11890,37.0833
11830,6.3313
11891,36.1996
11831,6.6088
11892,37.5284
11832,6.4627
11893,37.2669
11833,6.6633
11894,37.8726
11834,6.6284
11835,6.2969
11895,37.9545
11896,36.7900
11836,6.4343
11897,37.2181
11837,6.4599
11898,37.6062
11838,6.3038
11899,37.4882
11839,6.5397
11900,37.3859
11840,6.3365
11901,37.9515
11841,6.5793
11902,37.0720
11842,6.4958
11903,38.2181
11843,6.4265
11904,37.5194
11844,6.4422
11905,37.4285
11845,6.5603
11906,36.5440
11846,6.4078
11847,6.4356
11907,37.6283
11908,36.4729
11848,6.4010
11909,37.4949
11849,6.3471
11910,36.8476
11850,6.6444
11911,38.0016
11851,6.4097
11912,37.8214
11852,6.5112
11913,36.6723
11853,6.3445
11914,38.0251
11854,6.4314
11915,37.2004
11855,6.6017
11916,37.2669
11856,6.4678
11917,36.7367
11857,6.6146
11918,37.4704
11858,6.5507
11919,37.2303
11859,6.5117
11920,37.5362
11860,6.6335
11921,36.3437
11861,6.6242
11922,37.4138
11862,6.6390
11923,37.8230
11863,6.4759
11924,38.4893
11864,6.5737
11925,37.3251
11865,6.3445
11926,37.1544
11866,6.3936
11927,36.6339
11867,6.4031
11928,36.3304
11868,6.4765
11929,37.0262
11869,6.4852
11930,37.3673
11870,6.3220
11931,36.6181
11871,6.3984
11932,37.6143
11872,6.3526
11933,36.7917
11873,6.4294
11934,38.0113
11874,6.5383
11875,6.3171
11935,37.5250
11936,36.2353
11876,6.4780
11937,37.3661
11877,6.6041
11938,37.2826
11878,6.4370
11939,36.8219
11879,6.6170
11940,37.8286
11880,6.5574
11941,37.2802
11881,6.4256
11942,36.9768
11882,6.3565
11943,36.7611
11883,6.6255
11944,37.1864
11884,6.4215
11945,36.9896
11885,6.6451
11946,37.2335
11886,6.5040
11947,37.7431
11887,6.6764
11948,37.5214
11888,6.4479
11949,38.1571
11889,6.6107
11950,36.3800
11890,6.7532
11891,6.5405
11951,38.5464
11952,36.3190
11892,6.7211
11953,38.2712
11893,6.7370
11954,37.9145
11894,6.4035
11955,37.1304
11895,6.6523
11956,37.3314
11896,6.4777
11957,37.0528
11897,6.4347
11958,37.0773
11898,6.6067
11959,37.1819
11899,6.4037
11960,37.9749
11900,6.4145
11961,36.1215
11901,6.6427
11962,37.0753
11902,6.2958
11963,36.4057
11903,6.5851
11964,37.2433
11904,6.2938
11965,36.5596
11905,6.2958
11966,36.8826
11906,6.6744
11967,36.8539
11907,6.2991
11968,37.1576
11908,6.3622
11969,37.4258
11909,6.3882
11970,37.2025
11910,6.6345
11971,36.6637
11911,6.7196
11972,37.9611
11912,6.4570
11973,36.8656
11913,6.6348
11914,6.4592
11974,37.6488
11975,37.6730
11915,6.5252
11976,36.6288
11916,6.7280
11977,37.4156
11917,6.4263
11978,36.1992
11918,6.4123
11979,36.9120
11919,6.6376
11980,37.3919
11920,6.5336
11981,36.9055
11921,6.5752
11982,36.8384
11922,6.4627
11983,37.9000
11923,6.6159
11984,36.9423
11924,6.4378
11985,36.6545
11925,6.6523
11986,37.8290
11926,6.7186
11987,37.0255
11927,6.4413
11988,36.8292
11928,6.7081
11989,37.3072
11929,6.3314
11990,36.6105
11930,6.6309
11991,36.7924
11931,6.4795
11992,37.8734
11932,6.5945
11933,6.4059
11993,37.0341
11994,37.5923
11934,6.4597
11995,37.1391
11935,6.7050
11996,37.7046
11936,6.5499
11997,37.6149
11937,6.4101
11998,37.3202
11938,6.6209
11939,6.3026
11999,37.2092
12000,35.7266
11940,6.6679
12001,37.9037
11941,6.6519
11942,6.3843
12002,38.2369
11943,6.3456
12003,37.2184
12004,36.7129
11944,6.7393
11945,6.4708
12005,37.8863
12006,36.6418
11946,6.6491
12007,36.6898
11947,6.4246
12008,37.8217
11948,6.4364
12009,37.3623
11949,6.5673
12010,36.9834
11950,6.5436
11951,6.4500
12011,37.5688
12012,36.5599
11952,6.4938
12013,38.0467
11953,6.5811
11954,6.5432
12014,37.6324
11955,6.3632
12015,36.9578
12016,35.9128
11956,6.7251
12017,38.0068
11957,6.6141
12018,37.1234
11958,6.3929
12019,37.0557
11959,6.6379
12020,37.9466
11960,6.4880
12021,37.0488
11961,6.6495
12022,37.1584
11962,6.6199
12023,37.2417
11963,6.4236
12024,37.3890
11964,6.4262
12025,37.7189
11965,6.6704
11966,6.2951
12026,37.2860
12027,36.0368
11967,6.7136
12028,37.3391
11968,6.7648
11969,6.3165
12029,37.0401
12030,36.3932
11970,6.5898
12031,36.4525
11971,6.5695
12032,37.8324
11972,6.5639
12033,36.9765
11973,6.6165
12034,36.7046
11974,6.3431
11975,6.3744
12035,37.4222
12036,36.3391
11976,6.6856
12037,38.1947
11977,6.4165
12038,36.4257
11978,6.6688
12039,37.0274
11979,6.3833
12040,37.4076
11980,6.4778
12041,37.6898
11981,6.6412
12042,37.3565
11982,6.6012
12043,36.7268
11983,6.6636
12044,37.8107
11984,6.5162
12045,36.9811
11985,6.5037
12046,37.5225
11986,6.3788
12047,36.9931
11987,6.4176
12048,36.7261
11988,6.4187
12049,37.4329
11989,6.4511
12050,37.5094
11990,6.3319
12051,37.0074
11991,6.5063
12052,36.5167
11992,6.4515
12053,37.8271
11993,6.3422
12054,37.0511
11994,6.6230
11995,6.3280
12055,36.9434
12056,36.5994
11996,6.4442
12057,37.3286
11997,6.3917
12058,36.5811
11998,6.6657
12059,37.6776
11999,6.5473
12060,37.2362
12000,6.6521
12061,37.4878
12001,6.3901
12062,38.8871
12002,6.4213
12063,36.8439
12003,6.5354
12064,37.9528
12004,6.6423
12065,37.3406
12005,6.3832
12066,36.9246
12006,6.4419
12067,38.4346
12007,6.4396
12068,36.8042
12008,6.7216
12009,6.3760
12069,38.7622
12070,35.9142
12010,6.6863
12071,37.3840
12011,6.6011
12012,6.4250
12072,37.5587
12073,36.6495
12013,6.5437
12014,6.3153
12074,38.0896
12075,36.5230
12015,6.3107
12076,37.8866
12016,6.3439
12077,37.0040
12017,6.3773
12078,37.3221
12018,6.4395
12079,37.5818
12019,6.4249
12080,36.7447
12020,6.4848
12081,36.7757
12021,6.6391
12082,37.4002
12022,6.3598
12083,37.1992
12023,6.5440
12084,37.2182
12024,6.7063
12085,37.8100
12025,6.4835
12086,36.9701
12026,6.5665
12087,36.7307
12027,6.5734
12088,37.1016
12028,6.5834
12089,37.0490
12029,6.7370
12090,38.0407
12030,6.3918
12091,37.1002
12031,6.4661
12092,37.2725
12032,6.3686
12093,37.5123
12033,6.6163
12034,6.4605
12094,37.1871
12095,37.2609
12035,6.7393
12036,6.3910
12096,38.6911
12097,36.1977
12037,6.4574
12098,37.5036
12038,6.4976
12099,37.7725
12039,6.5212
12040,6.4434
12100,38.5790
12101,36.1940
12041,6.6031
12102,36.9919
12042,6.7436
12103,37.5581
12043,6.7130
12044,6.4850
12104,37.5490
12105,36.0736
12045,6.4973
12106,38.2911
12046,6.7463
12047,6.4226
12107,37.9830
12108,36.9075
12048,6.5462
12109,36.9256
12049,6.4021
12110,37.6301
12050,6.4872
12111,39.5696
12051,6.6811
12112,37.8654
12052,6.6934
12053,6.5004
12113,37.1639
12054,6.5086
12114,37.1986
12115,36.6101
12055,6.4269
12116,36.6300
12056,6.5663
12117,36.4646
12057,6.5413
12058,6.6107
12118,37.5388
12119,37.1941
12059,6.3739
12120,36.7946
12060,6.4141
12121,37.6777
12061,6.4228
12122,36.0902
12062,6.6257
12123,37.2608
12063,6.3815
12124,37.1270
12064,6.5555
12125,37.1103
12065,6.4146
12126,36.8231
12066,6.4903
12127,36.3833
12067,6.6842
12068,6.5725
12128,37.8552
12129,36.3055
12069,6.5557
12070,6.4297
12130,37.7335
12131,36.2625
12071,6.7215
12132,37.8358
12072,6.5549
12133,37.3649
12073,6.7078
12134,37.2483
12074,6.4723
12135,36.1112
12075,6.4611
12136,37.6866
12076,6.7151
12137,36.5548
12077,6.4548
12078,6.4661
12138,38.1479
12139,36.5618
12079,6.6447
12080,6.5795
12140,37.4402
12141,36.5295
12081,6.4914
12082,6.4656
12142,38.1865
12083,6.4218
12143,37.3700
12144,36.5363
12084,6.5518
12145,37.0176
12085,6.5788
12146,38.0769
12086,6.6971
12087,6.4345
12147,38.0171
12148,36.4106
12088,6.6907
12089,6.4227
12149,38.0265
12150,36.6747
12090,6.4336
12151,36.2316
12091,6.6650
12152,36.9128
12092,6.4258
12093,6.6004
12153,37.9727
12094,6.3600
12154,36.6173
12155,36.5153
12095,6.5698
12156,37.0126
12096,6.5243
12157,36.5513
12097,6.6300
12098,6.5933
12158,37.1232
12159,36.6237
12099,6.4827
12160,37.2149
12100,6.5719
12101,6.3175
12161,39.0896
12102,6.3963
12162,36.4544
12163,36.8037
12103,6.4117
12164,38.1216
12104,6.4891
12165,36.6533
12105,6.6834
12106,6.4955
12166,37.6685
12167,36.2346
12107,6.5885
12108,6.4456
12168,38.2962
12169,36.6147
12109,6.4840
12170,37.0294
12110,6.7067
12171,37.8424
12111,6.4535
12172,36.5759
12112,6.3512
12173,36.8827
12113,6.8313
12114,6.4019
12174,38.5613
12175,36.5435
12115,6.3381
12176,36.3761
12116,6.3402
12177,37.2528
12117,6.2761
12178,36.4093
12118,6.6215
12179,37.9414
12119,6.3830
12180,37.6572
12120,6.3534
12181,36.6010
12121,6.3203
12122,6.3492
12182,37.5690
12183,36.2001
12123,6.6728
12184,37.0916
12124,6.8295
12185,37.9200
12125,6.4772
12186,36.1686
12126,6.6549
12187,37.5682
12127,6.5211
12128,6.3499
12188,37.3938
12189,36.0995
12129,6.4030
12190,36.7383
12130,6.5638
12131,6.3699
12191,37.1733
12192,36.7420
12132,6.5918
12193,36.9961
12133,6.3758
12194,38.3817
12134,6.3055
12195,36.4112
12135,6.3936
12196,36.5842
12136,6.3855
12197,36.8722
12137,6.6544
12138,6.4098
12198,38.1732
12199,35.9249
12139,6.5911
12200,37.9662
12140,6.4409
12201,36.4301
12141,6.5310
12202,37.1602
12142,6.3883
12203,36.5168
12143,6.6115
12144,6.3870
12204,38.2155
12205,36.3283
12145,6.5026
12206,36.9554
12146,6.6295
12147,6.2600
12207,39.6474
12148,6.3788
12208,36.4627
12209,37.2461
12149,6.3547
12150,6.3211
12210,38.4496
12211,37.0476
12151,6.5107
12212,37.9530
12152,6.3466
12213,36.5869
12153,6.4616
12214,36.8682
12154,6.6342
12215,37.2563
12155,6.3821
12216,38.0257
12156,6.3530
12217,36.7145
12157,6.5001
12158,6.3850
12218,37.4405
12219,36.5686
12159,6.5814
12220,37.3529
12160,6.6864
12161,6.3977
12221,37.9658
12222,36.4454
12162,6.4959
12223,36.6329
12163,6.5728
12224,37.1858
12164,6.4141
12225,37.1496
12165,6.5064
12226,37.1913
12166,6.3352
12227,37.7856
12167,6.4356
12228,36.0962
12168,6.4171
12229,37.6849
12169,6.3578
12230,36.9787
12170,6.4197
12231,37.5650
12171,6.4764
12232,36.7921
12172,6.3627
12173,6.3186
12233,37.2969
12234,36.1965
12174,6.3282
12235,36.8400
12175,6.4972
12236,37.0195
12176,6.3004
12237,36.7676
12177,6.5728
12238,38.2947
12178,6.7266
12179,6.2932
12239,38.1374
12180,6.3371
12240,36.2495
12241,36.1978
12181,6.4953
12242,37.5673
12182,6.4477
12243,36.7395
12183,6.3394
12244,37.0963
12184,6.3694
12245,37.3089
12185,6.3002
12246,36.5580
12186,6.5931
12247,37.6559
12187,6.3006
12248,36.4346
12188,6.4888
12249,36.9645
12189,6.5204
12250,36.9125
12190,6.5057
12191,6.3695
12251,37.9083
12252,35.9558
12192,6.5764
12253,37.7368
12193,6.4879
12254,37.0635
12194,6.4069
12255,37.4100
12195,6.3295
12256,37.0773
12196,6.6477
12197,6.3416
12257,38.2138
12258,36.0158
12198,6.6095
12259,37.9979
12199,6.3917
12260,37.5927
12200,6.4204
12261,36.7177
12201,6.2959
12262,37.3948
12202,6.6302
12203,6.6189
12263,37.3608
12264,36.3542
12204,6.4308
12265,37.8136
12205,6.3468
12206,6.4241
12266,37.2733
12267,39.4767
12207,6.5994
12208,6.5615
12268,37.7083
12209,6.3023
12269,36.5584
12270,36.2228
12210,6.3931
12271,37.5869
12211,6.3402
12272,36.9649
12212,6.4403
12273,36.9474
12213,6.5204
12274,36.7321
12214,6.3438
12275,37.9051
12215,6.3401
12276,36.3745
12216,6.3541
12277,37.7426
12217,6.2658
12278,36.4003
12218,6.2743
12219,6.5226
12279,37.0291
12280,36.7569
12220,6.2404
12281,36.3770
12221,6.5559
12282,38.1372
12222,6.5632
12223,6.3292
12283,38.1993
12284,36.3822
12224,6.3527
12285,37.3730
12225,6.3601
12286,36.1256
12226,6.3910
12287,37.1302
12227,6.6810
12288,37.7357
12228,6.5138
12289,38.0138
12229,6.5338
12290,36.5382
12230,6.4378
12231,6.3675
12291,38.4817
12232,6.3145
12292,36.7066
12293,36.7627
12233,6.3175
12294,37.6943
12234,6.5401
12295,37.1635
12235,6.4122
12296,36.8335
12236,6.5329
12297,36.7376
12237,6.4472
12298,37.5471
12238,6.3957
12299,36.0668
12239,6.6344
12300,36.6959
12240,6.5624
12301,37.1137
12241,6.4346
12302,37.7031
12242,6.3539
12303,37.0692
12243,6.6211
12244,6.4094
12304,37.5975
12245,6.3229
12305,36.5470
12306,36.4046
12246,6.3873
12247,6.3017
12307,38.9153
12308,36.1158
12248,6.6976
12249,6.3170
12309,37.7568
12310,36.9036
12250,6.3956
12311,37.3296
12251,6.4168
12312,37.3658
12252,6.5874
12313,36.8436
12253,6.4935
12254,6.3276
12314,37.6756
12315,36.6601
12255,6.3265
12316,37.3522
12256,6.7047
12257,6.3214
12317,37.2025
12318,36.3995
12258,6.5540
12319,36.9983
12259,6.3232
12320,36.9267
12260,6.4079
12321,37.1106
12261,6.4105
12322,36.2224
12262,6.5470
12323,37.3873
12263,6.6377
12324,37.7344
12264,6.3772
12325,37.3691
12265,6.5256
12326,37.4874
12266,6.4716
12327,37.1444
12267,6.3276
12328,36.5013
12268,6.5252
12329,37.1182
12269,6.4018
12270,6.3432
12330,38.0948
12331,36.2990
12271,6.5530
12332,36.9056
12272,6.3673
12333,37.6222
12273,6.3357
12334,36.2319
12274,6.6681
12335,37.6298
12275,6.3211
12276,6.4225
12336,36.7561
12337,35.8751
12277,6.5971
12338,37.3798
12278,6.2522
12339,36.6226
12279,6.3748
12340,36.6082
12280,6.3083
12341,37.7719
12281,6.3095
12342,36.6231
12282,6.6172
12343,36.8540
12283,6.3610
12344,37.2516
12284,6.3954
12345,36.7055
12285,6.5581
12346,36.9252
12286,6.3644
12287,6.2923
12347,37.8524
12348,36.7298
12288,6.6129
12349,37.4273
12289,6.3687
12290,6.4705
12350,37.9248
12351,35.9474
12291,6.6314
12352,38.4299
12292,6.6911
12293,6.2482
12353,37.9160
12354,36.2738
12294,6.5581
12355,37.0198
12295,6.2489
12356,36.5733
12296,6.4289
12357,36.8766
12297,6.3470
12358,37.5913
12298,6.5919
12359,37.5728
12299,6.3736
12360,37.2474
12300,6.3796
12361,36.8949
12301,6.5909
12362,37.1083
12302,6.4673
12363,37.1431
12303,6.3887
12364,37.0320
12304,6.3359
12305,6.3526
12365,37.2476
12366,36.6815
12306,6.6947
12307,6.3293
12367,37.5952
12368,36.5912
12308,6.2979
12369,37.1073
12309,6.4492
12370,37.0590
12310,6.3968
12371,37.8063
12311,6.5321
12312,6.3709
12372,36.9393
12373,36.8437
12313,6.5433
12374,36.8387
12314,6.5672
12375,37.9094
12315,6.5250
12376,36.7390
12316,6.7023
12377,37.7186
12317,6.7493
12318,6.6045
12378,37.6838
12319,6.5588
12379,36.5364
12380,37.2642
12320,6.4483
12381,37.3871
12321,6.6377
12382,37.4504
12322,6.5663
12383,36.4872
12323,6.3776
12384,37.6607
12324,6.3217
12385,36.8006
12325,6.3488
12386,37.8111
12326,6.3766
12387,36.5216
12327,6.3799
12388,37.7857
12328,6.4257
12389,38.0735
12329,6.3337
12390,36.3512
12330,6.3883
12391,37.6663
12331,6.3850
12392,36.9524
12332,6.6376
12393,37.6507
12333,6.3515
12394,36.9928
12334,6.5689
12395,37.7123
12335,6.5921
12396,36.6369
12336,6.3587
12397,37.2734
12337,6.3585
12398,36.9679
12338,6.6917
12399,37.4205
12339,6.6519
12400,38.4431
12340,6.5352
12401,37.1047
12341,6.3451
12402,36.9964
12342,6.5114
12403,37.3764
12343,6.6295
12404,37.6685
12344,6.5946
12405,36.0524
12345,6.5759
12406,36.6984
12346,6.7860
12407,37.6118
12347,6.3002
12408,36.5485
12348,6.4030
12409,37.8559
12349,6.5671
12410,37.6414
12350,6.3744
12411,36.6643
12351,6.5984
12412,37.2798
12352,6.5991
12353,6.3593
12413,37.2992
12414,37.3090
12354,6.5518
12415,36.6831
12355,6.6394
12416,37.1972
12356,6.5179
12417,37.0819
12357,6.6034
12418,38.2221
12358,6.3901
12419,37.8996
12359,6.4812
12420,36.1686
12360,6.4216
12421,36.7111
12361,6.6253
12422,36.7963
12362,6.3419
12423,37.1935
12363,6.5394
12424,37.6328
12364,6.5630
12425,36.8698
12365,6.4991
12426,37.3496
12366,6.5134
12427,36.5381
12367,6.6030
12368,6.3597
12428,38.2277
12429,35.6149
12369,6.3720
12430,37.7852
12370,6.4651
12431,36.8967
12371,6.5994
12372,6.3156
12432,37.4228
12433,36.7003
12373,6.5374
12434,37.3208
12374,6.4409
12435,36.6331
12375,6.5930
12436,37.5129
12376,6.5311
12437,36.8838
12377,6.2395
12438,36.3815
12378,6.3932
12439,36.8966
12379,6.3033
12440,36.6586
12380,6.5946
12441,36.6106
12381,6.2956
12382,6.2726
12442,37.3144
12443,35.9204
12383,6.3616
12444,37.5783
12384,6.3083
12445,36.6926
12385,6.5944
12446,36.9659
12386,6.3537
12447,37.0690
12387,6.5864
12448,37.2010
12388,6.3826
12449,37.1784
12389,6.3942
12390,6.4937
12450,37.4906
12451,36.0340
12391,6.6587
12452,38.2816
12392,6.4848
12453,36.7906
12393,6.5914
12454,37.4906
12394,6.3659
12455,35.6619
12395,6.5392
12396,6.3532
12456,37.2752
12457,36.3096
12397,6.5479
12458,36.9428
12398,6.6615
12459,37.4355
12399,6.4191
12460,37.0683
12400,6.3557
12461,36.9280
12401,6.2829
12462,37.0039
12402,6.3487
12463,37.0321
12403,6.4059
12464,36.7664
12404,6.6569
12465,37.1640
12405,6.3658
12466,37.2024
12406,6.4536
12467,36.9135
12407,6.4249
12468,37.9829
12408,6.5568
12469,36.6254
12409,6.6259
12470,37.3190
12410,6.4230
12471,38.0357
12411,6.3938
12472,37.2386
12412,6.6489
12473,37.4748
12413,6.6287
12474,38.1838
12414,6.5131
12475,37.0287
12415,6.3569
12476,36.1518
12416,6.5562
12477,35.8759
12417,6.4641
12478,37.7914
12418,6.7443
12479,38.1915
12419,6.6596
12420,6.4372
12480,37.1366
12481,36.6289
12421,6.3685
12482,37.2779
12422,6.4259
12483,37.0427
12423,6.2534
12484,36.1559
12424,6.3668
12485,37.4792
12425,6.3146
12486,37.1890
12426,6.4187
12487,37.5483
12427,6.3495
12488,37.3558
12428,6.3048
12429,6.3403
12489,37.5317
12490,36.5954
12430,6.3561
12491,37.7729
12431,6.3443
12492,37.5729
12432,6.4155
12493,36.4933
12433,6.3484
12494,37.9428
12434,6.5779
12495,36.5999
12435,6.6344
12496,37.1595
12436,6.4287
12497,37.8628
12437,12.4739
12438,6.8812
12498,38.4636
12499,37.1583
12439,8.0155
12500,37.1835
12440,8.1437
12501,37.9743
12441,7.4445
12502,38.1083
12442,7.2415
12503,37.3193
12443,8.0865
12444,7.7780
12504,38.3154
12505,37.4345
12445,6.9781
12506,36.4915
12446,8.0059
12447,7.7976
12507,37.7085
12508,36.8766
12448,7.8933
12509,36.9801
12449,6.8723
12510,36.7239
12450,7.4030
12511,38.0587
12451,8.0159
12512,36.8688
12452,7.0537
12513,37.6410
12453,7.8533
12514,37.5282
12454,8.0828
12515,38.0288
12455,7.1442
12516,37.4433
12456,7.7875
12517,38.1073
12457,8.0761
12518,36.7690
12458,8.2097
12459,8.0025
12519,38.3397
12520,37.3307
12460,7.9899
12461,6.7988
12521,37.9248
12462,6.7289
12522,37.8704
12523,36.4966
12463,8.2970
12524,37.8608
12464,7.0842
12525,37.7012
12465,8.4387
12526,37.5479
12466,7.0587
12527,37.4346
12467,6.8310
12528,36.5677
12468,6.7493
12529,37.6069
12469,7.1016
12530,37.5087
12470,6.9975
12531,37.3254
12471,6.7477
12532,37.2207
12472,7.8777
12473,6.8894
12533,38.3420
12534,36.7705
12474,8.5202
12535,38.4757
12475,8.1658
12476,7.9716
12536,38.0680
12537,36.9001
12477,6.8292
12538,36.7757
12478,6.8268
12539,37.1549
12479,8.6591
12480,7.9194
12540,37.9534
12481,7.9942
12541,37.1406
12542,37.3929
12482,8.2612
12483,6.8558
12543,38.3461
12484,7.1464
12544,37.6883
12545,37.0590
12485,7.2498
12546,37.9836
12486,7.3358
12487,7.2315
12547,37.9727
12548,36.7931
12488,7.6558
12549,37.5076
12489,7.5924
12550,37.4399
12490,7.4110
12551,37.2067
12491,7.2328
12552,37.7405
12492,7.0072
12553,37.0496
12493,8.6081
12554,38.5833
12494,8.1855
12495,6.9514
12555,37.8929
12496,7.7970
12556,42.4880
12557,37.3344
12497,8.3244
12558,37.7110
12498,8.0079
12499,6.9017
12559,37.5975
12560,36.8674
12500,7.5231
12561,37.7433
12501,7.1890
12562,36.6857
12502,7.3134
12563,37.6303
12503,7.2706
12564,38.2465
12504,7.4026
12505,6.6979
12565,37.6147
12566,36.7035
12506,8.0310
12507,8.4904
12567,38.1830
12568,36.8585
12508,7.0364
12569,37.7704
12509,6.7146
12570,37.3354
12510,6.9349
12571,36.9662
12511,7.0041
12572,37.1358
12512,7.1496
12573,36.3624
12513,8.3368
12574,37.8351
12514,7.5980
12515,7.1816
12575,37.9599
12576,36.2298
12516,7.4932
12577,37.7780
12517,7.5312
12518,6.7308
12578,37.4897
12579,37.1400
12519,6.7164
12580,36.8686
12520,8.3333
12581,38.8845
12521,8.2585
12522,7.9631
12582,38.3862
12583,37.7247
12523,7.8941
12524,6.8504
12584,37.5376
12525,6.8333
12585,37.4562
12586,37.3014
12526,7.1658
12587,37.7507
12527,7.0027
12588,37.2063
12528,7.8908
12529,6.8141
12589,37.4710
12590,37.0728
12530,7.3855
12531,6.7410
12591,37.3783
12532,6.7455
12592,37.2270
12593,36.4189
12533,6.7846
12534,7.8624
12594,38.6680
12535,6.7965
12595,37.3136
12596,36.5859
12536,7.1467
12597,37.4932
12537,6.7198
12538,6.9048
12598,37.4557
12599,36.4553
12539,6.9209
12600,36.2647
12540,7.3694
12601,38.0646
12541,6.8639
12602,37.0812
12542,8.5022
12603,37.8854
12543,7.8870
12544,7.9754
12604,38.1773
12605,36.9539
12545,7.4333
12546,6.9121
12606,37.9235
12547,6.8774
12607,37.3647
12608,37.4968
12548,7.1133
12609,37.4861
12549,8.1230
12610,37.7750
12550,6.8917
12611,37.2162
12551,7.0172
12612,38.1099
12552,8.2386
12553,7.9692
12613,37.6770
12614,37.0619
12554,7.9560
12615,37.6568
12555,8.0826
12556,7.9749
12616,37.6126
12617,36.7815
12557,8.2091
12558,7.0879
12618,37.7604
12619,36.9126
12559,8.0651
12560,7.7956
12620,38.0412
12621,36.9207
12561,7.8948
12622,38.0265
12562,8.0396
12623,37.3317
12563,7.0324
12564,6.7080
12624,38.0192
12625,36.7760
12565,7.9984
12626,38.6001
12566,7.9613
12567,6.7797
12627,37.8201
12568,7.8197
12628,37.2110
12629,36.9709
12569,7.1272
12630,36.9066
12570,8.0674
12631,38.2816
12571,7.0905
12632,36.8025
12572,7.2963
12573,7.7807
12633,37.9587
12634,37.9526
12574,7.8614
12635,38.2501
12575,8.2252
12636,37.6978
12576,8.0886
12577,7.9452
12637,37.7903
12638,37.6078
12578,7.9985
12579,7.6360
12639,38.1248
12640,36.7217
12580,8.0097
12641,37.5292
12581,7.7633
12642,37.4701
12582,7.7815
12643,37.2246
12583,7.9319
12644,36.9365
12584,7.7916
12645,38.3422
12585,7.8667
12646,37.7689
12586,7.7276
12647,36.8581
12587,7.6614
12648,38.0232
12588,7.9223
12649,37.8712
12589,7.8200
12650,37.7955
12590,7.7953
12651,37.3567
12591,7.9238
12652,37.3419
12592,8.0638
12653,37.4102
12593,8.0894
12654,38.2634
12594,7.9178
12655,36.8361
12595,7.7668
12656,38.2537
12596,7.8906
12657,36.9988
12597,7.9368
12658,37.9199
12598,7.8334
12599,8.0202
12659,37.8936
12660,36.7841
12600,8.0082
12601,7.6524
12661,37.8432
12662,36.3406
12602,8.0521
12603,7.6172
12663,37.8924
12664,37.1759
12604,8.1556
12665,37.2174
12605,7.8745
12666,37.6888
12606,8.0328
12667,37.1407
12607,7.9847
12668,37.1840
12608,7.9272
12669,37.6917
12609,7.7190
12670,37.0883
12610,7.8173
12671,36.9002
12611,8.1865
12672,38.3835
12612,7.9287
12673,37.2450
12613,7.9607
12674,37.7339
12614,7.8229
12675,37.9719
12615,7.7103
12676,36.9918
12616,7.8656
12677,37.5011
12617,8.1070
12618,7.8356
12678,38.1058
12679,37.4459
12619,8.1137
12680,37.2092
12620,7.7789
12681,37.8741
12621,7.8610
12682,37.4107
12622,7.6361
12683,37.5045
12623,8.0126
12684,38.1984
12624,7.8115
12685,37.8888
12625,7.7033
12686,37.6442
12626,7.9559
12687,37.7310
12627,8.0023
12688,37.5237
12628,7.7761
12689,38.6338
12629,8.0166
12630,7.9451
12690,39.0495
12691,37.7445
12631,8.0917
12632,7.6679
12692,38.7267
12693,37.3111
12633,7.7630
12694,37.7456
12634,7.7788
12695,37.6789
12635,8.0015
12636,7.8430
12696,38.2109
12697,37.0967
12637,8.0026
12638,7.8619
12698,38.8887
12699,38.2099
12639,8.9888
12640,7.7424
12700,38.0754
12701,36.4943
12641,7.9126
12702,37.1674
12642,7.4451
12703,37.7555
12643,7.3622
12704,37.9232
12644,7.5073
12705,38.2176
12645,7.1226
12646,7.1718
12706,38.1577
12707,37.2170
12647,7.1486
12648,7.2885
12708,38.1819
12709,37.7240
12649,7.1769
12710,38.1075
12650,7.2108
12711,37.3944
12651,7.2505
12712,38.0845
12652,7.3950
12713,37.5323
12653,7.1349
12714,37.4252
12654,7.2993
12715,37.0633
12655,7.2122
12716,38.4864
12656,7.3180
12717,37.0070
12657,7.1086
12718,37.7204
12658,7.1739
12719,37.7674
12659,7.2508
12720,38.8632
12660,7.2082
12721,37.8633
12661,7.1194
12722,37.3452
12662,7.0690
12723,37.5106
12663,7.3735
12664,7.1517
12724,38.8483
12725,38.1243
12665,7.1317
12726,36.6552
12666,7.3254
12727,38.1500
12667,7.1881
12728,36.9486
12668,7.1803
12729,37.9576
12669,7.0909
12730,37.9825
12670,7.1990
12731,37.2010
12671,7.0677
12732,37.1365
12672,7.3302
12673,7.0405
12733,37.8783
12734,37.0085
12674,7.0875
12675,7.0953
12735,37.0890
12736,37.3092
12676,7.3597
12737,37.9472
12677,7.4085
12678,7.2270
12738,38.8593
12739,36.6490
12679,7.2330
12680,7.0960
12740,38.5834
12741,37.0832
12681,7.8432
12742,37.8683
12682,7.4362
12743,36.5620
12683,7.1631
12744,38.2245
12684,7.5462
12745,37.3355
12685,7.1465
12746,37.3779
12686,7.3775
12747,37.8656
12687,7.1935
12748,37.3697
12688,7.1852
12749,38.7266
12689,7.3112
12750,36.9464
12690,7.1230
12751,37.4245
12691,7.3422
12752,38.6083
12692,7.2645
12753,37.3831
12693,7.3271
12754,36.4248
12694,7.3614
12755,37.8543
12695,7.1543
12756,37.4626
12696,6.9528
12757,37.1668
12697,7.0810
12758,37.2160
12698,7.3773
12759,38.5002
12699,7.3259
12760,37.1344
12700,7.1472
12761,36.9153
12701,7.1941
12762,37.5913
12702,7.4033
12763,37.8889
12703,7.2523
12764,37.8864
12704,7.0745
12765,37.0923
12705,7.0961
12766,37.5740
12706,7.1673
12707,7.0276
12767,37.4412
12768,36.6174
12708,7.1006
12769,37.6285
12709,7.4178
12710,6.9095
12770,37.8753
12771,36.3373
12711,7.1976
12772,37.3996
12712,7.4035
12773,38.1792
12713,7.2769
12774,37.1304
12714,7.2153
12775,37.2313
12715,7.1911
12776,37.6626
12716,7.4471
12777,37.9613
12717,7.0379
12718,7.1092
12778,37.7907
12779,37.1075
12719,7.2138
12780,36.7679
12720,7.1968
12781,36.9427
12721,9.1109
12782,37.0680
12722,9.1006
12783,38.1268
12723,7.8325
12784,36.8968
12724,8.8604
12785,36.8896
12725,8.2713
12786,37.7383
12726,8.3177
12787,36.2805
12727,8.3114
12788,37.3171
12728,8.0367
12789,36.4060
12729,8.0350
12790,37.2476
12730,8.0025
12791,36.4871
12731,8.9046
12792,37.1036
12732,7.9396
12793,36.1820
12733,8.5483
12794,36.7247
12734,8.4156
12795,37.3492
12735,8.1067
12796,36.9100
12736,7.9270
12797,35.8951
12737,8.2069
12798,36.4642
12738,8.7820
12799,37.7064
12739,8.7832
12800,36.4647
12740,8.1880
12801,36.7142
12741,7.5992
12802,38.0433
12742,7.5365
12803,36.0764
12743,8.6045
12804,36.3082
12744,7.9696
12805,38.0145
12745,8.2801
12806,36.1933
12746,8.7131
12807,36.6464
12747,8.0146
12808,36.4644
12748,9.0271
12809,36.8092
12749,11.4898
12810,37.1879
12750,8.9140
12811,35.9616
12751,8.6180
12812,36.2248
12752,8.9714
12813,36.7329
12753,8.6569
12814,36.1273
12754,8.4313
12815,36.0305
12755,8.2637
12816,36.6594
12756,9.8151
12817,36.8863
12757,8.0550
12818,36.1314
12758,8.5624
12819,37.2679
12759,9.2540
12820,37.1871
12760,8.6162
12821,36.2037
12761,8.2097
12822,36.7974
12762,8.7030
12823,37.3672
12763,10.0516
12824,36.4685
12764,7.9787
12825,37.1795
12765,8.2059
12826,36.7423
12766,8.5793
12827,36.7751
12767,8.4630
12828,36.7882
12768,8.0121
12829,36.7605
12769,8.6428
12830,37.1617
12770,10.8686
12831,37.9925
12771,8.4612
12832,35.7375
12772,7.9672
12833,36.6935
12773,8.4184
12774,7.7445
12834,36.7872
12835,35.2815
12775,8.8962
12836,36.6160
12776,10.7899
12837,36.6902
12777,7.9446
12838,35.7896
12778,8.1451
12839,36.4869
12779,8.0915
12840,36.8276
12780,7.9608
12841,36.9567
12781,8.1674
12842,36.1195
12782,10.0263
12843,37.4253
12783,9.9630
12784,8.9266
12844,37.1620
12845,35.4924
12785,8.7129
12846,36.3433
12786,8.2715
12847,36.5623
12787,8.3652
12848,37.0748
12788,8.3144
12849,35.5709
12789,9.9953
12850,36.8868
12790,8.2459
12851,36.2982
12791,8.1538
12852,36.6260
12792,8.0532
12853,36.6677
12793,8.0261
12854,36.3949
12794,9.1339
12855,36.5380
12795,8.2778
12856,37.0430
12796,9.4350
12857,36.7931
12797,8.2080
12858,36.8942
12798,8.5721
12859,36.8847
12799,8.2639
12860,36.0633
12800,8.0636
12861,36.5925
12801,8.1358
12862,35.9416
12802,9.5226
12863,36.9185
12803,9.9171
12864,36.8183
12804,8.0315
12865,36.9378
12805,7.8532
12866,35.8678
12806,8.1779
12867,36.4701
12807,8.0149
12868,36.2801
12808,8.7332
12869,36.8141
12809,10.1992
12870,36.5887
12810,8.1115
12871,35.9969
12811,8.2734
12872,36.4134
12812,8.4827
12873,36.5605
12813,7.9828
12874,36.0618
12814,8.5641
12875,36.2648
12815,9.8404
12816,8.2810
12876,36.9551
12877,35.9215
12817,8.6530
12878,36.5566
12818,7.9319
12879,35.9353
12819,7.6312
12880,36.9069
12820,7.6734
12881,35.8240
12821,8.6189
12882,37.0530
12822,10.6946
12883,37.3514
12823,8.5387
12884,36.8303
12824,8.0871
12885,36.4382
12825,8.7775
12886,36.5610
12826,9.1268
12887,36.5603
12827,7.7568
12888,35.7575
12828,7.6078
12889,36.8300
12829,8.1277
12890,36.7777
12830,8.1931
12891,36.7289
12831,8.1441
12892,36.0994
12832,8.0866
12893,37.0294
12833,8.8134
12894,37.1750
12834,9.8870
12835,8.0123
12895,38.7105
12836,7.9362
12896,36.2760
12897,36.6040
12837,7.8030
12898,37.1885
12838,7.7326
12899,36.0008
12839,9.0742
12900,36.9919
12840,9.1099
12901,37.1422
12841,8.0545
12902,36.3672
12842,8.2565
12903,36.8774
12843,8.1786
12904,36.9708
12844,8.2879
12905,36.2179
12845,9.6917
12906,36.3032
12846,8.0629
12907,36.2621
12847,7.8886
12908,36.7915
12848,8.3852
12909,36.8024
12849,8.5899
12910,36.4960
12850,8.1331
12911,36.5746
12851,9.6709
12912,37.0868
12852,10.1195
12853,8.4502
12913,37.5126
12914,36.2182
12854,8.4685
12915,37.2419
12855,7.9449
12916,36.4429
12856,8.4235
12917,36.8759
12857,8.3222
12918,36.5902
12858,9.8421
12919,36.3885
12859,8.8474
12920,35.8693
12860,7.9984
12921,37.1018
12861,8.2826
12922,37.2254
12862,8.0837
12923,36.4636
12863,7.7961
12924,36.1190
12864,8.8877
12925,37.4156
12865,10.9414
12926,37.5862
12866,8.5276
12927,36.6786
12867,7.7201
12928,35.6935
12868,7.7698
12929,36.8357
12869,7.5912
12930,36.7458
12870,8.6324
12931,36.2738
12871,9.4197
12932,37.3886
12872,9.9844
12873,7.5010
12933,37.2173
12874,7.0330
12934,37.8675
12875,7.0457
12935,37.2324
12936,37.0125
12876,7.1771
12937,36.7797
12877,7.0393
12878,6.9715
12938,37.9504
12939,36.5848
12879,7.0272
12880,7.0793
12940,37.8704
12881,7.1061
12941,37.4497
12882,7.1737
12942,37.2845
12943,37.9342
12883,7.3340
12944,37.9273
12884,7.2200
12945,38.2364
12885,7.2878
12886,7.0916
12946,38.2462
12947,37.2684
12887,6.8586
12888,7.0186
12948,37.3373
12949,37.6486
12889,7.0068
12950,36.7854
12890,7.2027
12951,37.3828
12891,7.1978
12952,38.5912
12892,7.0521
12953,38.6773
12893,7.2971
12894,7.0270
12954,38.5317
12895,7.1218
12955,37.4216
12956,37.0417
12896,7.0829
12897,7.0936
12957,37.9281
12958,36.9727
12898,7.0657
12959,36.9796
12899,7.7228
12900,7.0723
12960,38.3531
12901,6.9681
12961,37.2447
12962,36.1503
12902,7.2709
12903,7.0969
12963,37.9527
12904,7.2116
12964,37.5542
12965,37.2044
12905,7.1076
12966,36.9223
12906,7.1970
12907,7.0884
12967,38.1231
12908,7.2741
12968,37.2641
12969,38.0198
12909,7.3906
12970,37.5930
12910,7.1475
12971,37.4697
12911,7.0856
12912,7.0682
12972,37.5497
12973,36.8609
12913,7.0807
12974,36.9952
12914,7.4077
12975,37.6626
12915,7.0706
12976,36.9954
12916,7.3100
12977,37.6867
12917,7.1173
12978,37.2970
12918,7.2335
12979,38.0186
12919,7.1085
12980,37.2205
12920,7.3470
12921,7.0137
12981,37.9049
12982,36.5451
12922,7.1376
12983,38.5274
12923,7.3021
12984,37.8682
12924,7.4455
12985,37.6136
12925,6.9937
12926,7.1167
12986,37.3285
12987,36.9796
12927,7.2718
12988,37.2332
12928,7.4254
12929,7.1009
12989,37.9415
12990,37.0929
12930,7.5593
12931,7.2564
12991,39.2133
12932,7.1623
12992,38.0181
12993,37.5569
12933,7.3523
12994,38.0485
12934,7.2060
12935,7.0461
12995,38.2572
12996,36.5496
12936,7.1293
12997,37.8274
12937,7.2693
12938,7.2812
12998,38.1438
12999,37.2731
12939,7.2371
12940,7.3571
13000,38.1393
13001,37.7586
12941,7.1533
13002,37.3713
12942,7.2984
13003,37.2298
12943,7.2358
12944,7.1791
13004,38.1131
12945,7.0382
13005,37.3579
13006,36.9872
12946,6.8988
13007,37.3988
12947,7.5237
12948,6.9629
13008,38.1838
13009,36.2955
12949,7.0690
13010,36.8745
12950,7.2160
13011,36.9409
12951,7.4171
13012,38.2116
12952,7.3662
13013,37.4139
12953,7.0765
13014,36.1961
12954,7.2902
12955,7.5022
13015,38.1499
13016,36.5867
12956,7.1574
13017,37.9699
12957,7.1272
13018,37.8834
12958,7.6417
13019,37.6092
12959,7.3698
13020,37.9702
12960,8.6120
13021,37.5285
12961,7.9704
13022,35.8562
12962,7.9066
12963,7.5404
13023,37.2341
13024,36.2153
12964,7.6850
13025,36.6708
12965,7.7137
13026,37.1864
12966,8.3967
13027,36.5737
12967,8.1329
13028,36.7057
12968,7.5829
13029,35.7437
12969,7.5773
13030,36.6995
12970,8.0368
13031,36.5473
12971,8.0641
13032,37.5069
12972,8.2166
13033,36.7703
12973,7.9465
13034,36.9610
12974,7.5741
13035,36.5573
12975,7.7503
12976,7.8180
13036,39.6846
13037,35.3849
12977,8.0470
12978,8.1095
13038,38.9220
13039,36.0264
12979,7.9021
13040,36.2688
12980,7.6642
13041,36.8010
12981,8.1785
13042,35.9743
12982,8.1580
13043,36.8859
12983,7.6107
13044,36.0532
12984,7.6686
13045,36.8892
12985,7.5942
13046,36.2933
12986,8.2056
13047,36.6547
12987,7.9765
13048,36.7404
12988,8.6615
13049,36.1182
12989,8.1097
13050,36.9229
12990,7.5337
13051,36.4428
12991,7.6854
13052,35.8466
12992,7.4916
13053,36.9553
12993,8.4368
13054,36.3553
12994,7.9792
13055,36.5891
12995,7.5135
13056,36.6962
12996,7.6244
13057,36.1721
12997,7.5876
13058,36.5984
12998,7.6978
13059,37.3488
12999,7.8700
13060,37.0535
13000,8.9781
13061,36.9626
13001,7.7351
13062,36.4497
13002,7.7356
13063,36.2441
13003,7.7694
13064,37.1188
13004,7.5763
13065,35.8267
13005,7.6135
13066,36.1120
13006,8.5065
13067,36.0286
13007,9.0576
13068,37.6714
13008,7.7864
13069,37.3459
13009,7.4743
13070,37.0014
13010,7.4897
13071,35.8353
13011,8.6508
13072,36.3199
13012,8.0169
13073,36.8114
13013,7.5631
13074,35.9375
13014,8.5925
13075,36.5131
13015,7.5857
13076,36.2475
13016,7.3952
13077,36.2631
13017,7.7385
13078,36.6261
13018,8.3636
13079,36.6921
13019,7.6856
13080,36.4089
13020,7.7124
13081,36.4231
13021,8.5744
13082,36.9620
13022,8.4434
13083,36.3512
13023,7.8549
13084,36.5013
13024,7.5428
13085,36.1507
13025,8.3350
13086,36.7439
13026,7.6317
13087,36.5513
13027,7.4037
13088,35.7046
13028,8.4589
13089,37.5805
13029,7.9695
13090,36.8408
13030,7.6622
13091,36.3676
13031,7.3977
13092,35.9902
13032,8.5490
13093,36.4845
13033,7.9736
13094,37.2631
13034,7.5140
13095,36.5334
13035,8.7061
13096,36.4596
13036,8.1931
13097,36.6642
13037,7.6398
13098,36.6508
13038,7.5976
13099,37.0446
13039,8.5648
13100,37.2134
13040,8.0031
13041,7.7319
13101,36.9165
13102,36.8903
13042,8.2850
13103,37.5406
13043,7.7847
13104,36.1910
13044,7.7687
13105,36.6246
13045,7.6382
13106,36.5329
13046,7.5349
13107,36.6392
13047,7.3926
13108,37.0886
13048,7.7205
13109,37.2348
13049,8.3239
13110,36.7144
13050,7.7638
13111,36.3165
13051,7.4430
13112,36.3275
13052,7.5721
13113,36.2151
13053,7.7741
13114,35.9797
13054,8.1243
13115,37.2811
13055,7.7925
13116,36.2582
13056,8.7447
13117,37.1265
13057,8.0188
13118,36.9763
13058,7.7596
13119,36.5582
13059,7.4370
13060,7.6579
13120,37.1922
13121,35.7816
13061,8.5717
13122,36.8626
13062,7.8770
13063,8.0800
13123,40.0093
13124,35.9085
13064,8.6332
13125,36.6356
13065,7.9261
13126,37.2973
13066,7.6833
13127,36.7287
13067,7.5555
13128,36.5639
13068,7.9793
13129,36.6449
13069,7.8351
13130,37.3232
13070,8.8901
13131,36.4455
13071,9.0589
13132,36.9439
13072,7.7557
13133,36.1936
13073,7.6831
13134,36.8104
13074,7.4761
13135,36.5133
13075,7.5502
13136,35.9085
13076,8.8970
13137,36.1720
13077,8.7055
13138,37.6472
13078,8.5405
13139,36.9119
13079,8.0524
13080,8.2100
13140,36.8462
13141,35.8786
13081,8.3915
13142,36.2345
13082,8.2745
13143,36.6274
13083,7.4510
13144,36.7569
13084,7.8382
13145,36.1758
13085,7.6625
13146,36.4418
13086,7.7220
13147,36.1262
13087,7.8121
13148,36.9813
13088,9.8512
13149,37.0117
13089,8.2299
13150,36.9374
13090,7.4509
13151,36.4220
13091,7.4431
13152,36.5351
13092,7.6120
13153,35.9939
13093,8.2022
13154,36.4115
13094,8.5068
13155,36.6383
13095,7.5674
13156,37.0096
13096,7.7617
13157,36.1169
13097,8.5952
13158,37.0356
13098,7.6207
13159,36.6891
13099,7.2684
13160,36.5735
13100,8.5642
13161,37.4525
13101,7.8601
13162,37.1069
13102,7.5897
13163,36.4926
13103,8.5271
13164,36.7252
13104,7.5557
13165,36.5038
13105,7.5408
13166,36.7901
13106,7.2467
13167,35.9612
13107,7.9262
13168,36.0737
13108,7.6226
13169,36.9835
13109,7.5794
13170,36.0074
13110,8.2122
13171,36.9836
13111,7.9730
13172,37.2742
13112,7.3141
13173,35.9774
13113,8.4849
13174,37.8869
13114,7.5141
13175,35.8208
13115,7.1588
13176,36.1171
13116,7.4432
13177,36.0650
13117,8.1968
13178,35.5575
13118,7.5652
13179,37.0246
13119,7.3361
13180,36.0934
13120,8.3536
13181,36.6485
13121,7.7055
13182,36.6313
13122,7.4230
13183,35.9956
13123,7.5085
13124,7.5861
13184,36.9448
13185,36.0199
13125,7.7269
13186,37.0046
13126,7.6639
13187,35.6975
13127,8.3832
13188,37.6489
13128,7.6849
13189,36.6986
13129,7.4245
13190,36.1719
13130,7.5621
13191,35.9083
13131,8.0780
13192,36.8976
13132,8.5642
13193,36.8631
13133,7.6950
13194,36.9361
13134,7.3940
13195,36.0287
13135,8.0851
13196,37.8842
13136,7.8917
13137,7.3766
13197,37.0921
13198,36.8255
13138,8.0104
13199,35.6591
13139,8.1742
13200,37.3814
13140,8.4982
13201,36.7080
13141,7.9624
13142,7.3641
13202,37.2421
13203,35.9564
13143,8.3989
13204,36.5262
13144,7.6668
13145,7.4180
13205,37.9359
13206,35.9314
13146,8.2451
13207,35.3254
13147,7.5671
13148,7.4044
13208,37.2055
13209,35.7483
13149,8.2738
13210,36.4266
13150,7.8293
13211,37.0214
13151,8.1935
13212,35.7670
13152,7.5129
13153,7.3496
13213,37.3699
13214,35.1281
13154,8.3779
13215,35.9901
13155,8.0001
13216,36.7582
13156,7.3863
13217,35.8090
13157,8.4267
13218,36.2448
13158,7.4515
13219,36.6085
13159,8.4725
13220,36.2942
13160,7.5007
13221,36.3885
13161,7.6655
13222,36.4777
13162,8.5837
13223,38.1426
13163,7.7328
13224,36.7678
13164,7.4484
13225,35.7363
13165,7.6854
13226,36.7377
13166,7.7239
13227,36.3530
13167,8.5171
13228,36.9439
13168,7.8434
13169,7.2817
13229,37.5504
13230,35.9563
13170,7.4929
13231,36.1175
13171,8.0773
13232,36.7317
13172,7.6819
13233,36.6385
13173,7.8387
13234,36.0889
13174,8.3087
13235,37.1099
13175,8.0789
13236,37.0845
13176,7.7007
13237,36.6020
13177,7.3776
13238,36.3271
13178,8.3184
13239,36.1970
13179,7.3155
13240,37.3892
13180,8.0081
13241,37.5257
13181,7.7117
13242,35.9121
13182,8.0642
13243,36.2634
13183,7.7482
13244,36.5646
13184,7.2635
13245,35.8491
13185,8.4272
13246,36.6836
13186,8.4240
13247,36.6761
13187,7.9565
13188,7.4341
13248,36.9355
13189,7.5752
13249,36.7322
13250,36.4986
13190,7.9528
13251,36.7075
13191,7.6935
13252,36.9053
13192,7.3521
13253,36.2205
13193,8.1095
13254,36.3834
13194,7.9325
13255,37.1305
13195,7.9581
13256,36.3136
13196,7.7556
13257,36.7113
13197,7.5986
13258,39.1161
13198,8.2780
13259,35.9110
13199,7.5587
13260,37.2354
13200,7.5055
13261,36.2898
13201,8.4064
13262,36.2210
13202,7.6644
13203,7.2826
13263,37.1640
13204,7.6899
13264,36.5960
13265,36.7393
13205,8.4955
13266,36.6824
13206,8.4018
13267,37.4892
13207,8.0244
13268,38.4189
13208,7.3316
13269,36.3568
13209,8.0654
13270,35.6969
13210,7.8733
13211,7.2070
13271,37.2121
13272,34.9879
13212,7.7548
13273,36.8183
13213,8.2598
13274,37.8249
13214,8.3314
13275,37.6222
13215,7.8328
13216,7.4964
13276,37.4814
13277,35.6942
13217,8.1148
13278,35.9157
13218,7.5841
13279,37.6724
13219,7.3548
13280,36.0625
13220,7.2969
13281,35.8297
13221,8.3380
13282,36.1814
13222,8.6431
13283,38.0975
13223,8.6544
13224,7.2523
13284,37.1798
13225,7.5676
13285,35.8153
13286,35.8943
13226,7.6470
13287,36.3548
13227,7.6268
13288,36.7468
13228,8.0334
13289,37.0237
13229,8.5636
13290,37.1846
13230,7.9385
13291,37.0824
13231,7.3260
13292,36.5204
13232,7.3425
13293,35.2194
13233,7.6780
13294,36.5308
13234,7.8256
13295,36.4087
13235,8.1511
13296,36.7939
13236,8.5541
13297,36.9617
13237,7.8713
13238,7.2523
13298,36.8579
13239,8.1563
13299,36.3130
13300,35.9142
13240,7.7892
13301,36.7243
13241,7.7160
13302,35.9080
13242,8.2354
13303,37.3062
13243,7.6563
13304,37.3335
13244,7.9511
13305,37.2459
13245,7.7213
13306,36.6808
13246,7.5048
13307,36.9816
13247,8.0270
13308,37.0816
13248,7.7647
13309,36.3406
13249,7.7312
13310,36.1731
13250,8.0251
13311,36.9602
13251,7.5502
13312,37.0627
13252,8.3922
13313,36.4549
13253,7.6759
13254,7.3069
13314,37.7255
13315,35.8947
13255,8.4314
13316,35.8019
13256,7.5555
13317,36.6757
13257,7.8375
13318,36.7243
13258,7.6448
13319,36.8397
13259,8.5764
13320,36.3255
13260,8.0860
13321,36.9628
13261,7.7823
13262,7.3106
13322,37.2047
13323,35.9081
13263,7.3477
13324,36.4223
13264,8.4289
13325,36.1878
13265,7.5540
13326,36.9397
13266,7.7458
13327,36.1123
13267,8.5229
13328,36.7678
13268,7.8278
13329,36.6369
13269,7.9126
13330,36.0881
13270,7.8293
13271,7.7665
13331,37.0209
13332,36.0056
13272,8.2628
13333,37.1018
13273,8.0181
13334,37.1982
13274,7.3848
13335,36.7557
13275,8.2955
13336,36.7469
13276,7.8084
13337,37.1085
13277,8.4309
13338,35.5638
13278,7.7357
13279,7.2744
13339,38.3988
13340,36.0203
13280,8.0621
13341,36.2215
13281,7.7597
13282,7.8012
13342,37.1994
13343,36.7027
13283,8.4301
13344,36.9382
13284,7.8996
13345,36.9474
13285,8.5324
13346,36.2490
13286,7.5856
13347,37.1318
13287,7.4414
13348,36.1506
13288,8.2525
13349,36.7639
13289,7.7936
13350,36.6097
13290,7.4587
13351,36.3361
13291,8.4246
13352,35.7834
13292,7.5913
13353,37.2397
13293,7.4608
13354,36.3593
13294,7.8343
13355,37.1696
13295,8.5572
13296,7.4935
13356,36.7008
13357,36.2207
13297,8.0037
13358,35.8459
13298,7.8699
13359,37.2441
13299,8.4340
13360,36.2587
13300,7.9790
13301,7.2606
13361,36.9816
13362,35.6185
13302,7.3871
13363,36.1730
13303,7.5677
13364,36.6131
13304,7.6926
13365,36.9234
13305,8.5027
13366,37.9414
13306,7.7864
13367,37.3272
13307,7.9864
13368,35.8816
13308,7.8075
13309,7.3503
13369,37.3619
13370,36.0327
13310,7.5267
13371,36.4333
13311,7.4963
13372,36.3722
13312,7.7790
13373,36.3557
13313,7.8186
13374,36.7394
13314,8.4631
13375,35.8015
13315,7.6318
13376,38.1090
13316,7.4375
13377,36.8018
13317,8.3726
13378,36.1076
13318,7.5281
13379,37.3651
13319,7.3318
13380,35.7440
13320,7.4855
13381,35.7860
13321,7.5027
13382,36.3072
13322,7.9807
13383,36.1485
13323,7.7725
13384,36.7947
13324,7.3085
13385,36.5125
13325,8.1753
13386,36.3602
13326,7.4698
13387,36.7490
13327,7.4041
13388,35.7057
13328,7.4946
13389,36.2286
13329,7.4372
13390,36.7252
13330,8.4820
13391,36.6495
13331,7.4625
13392,36.7952
13332,7.3248
13333,7.2748
13393,36.8425
13394,36.0019
13334,7.4443
13395,36.3923
13335,7.6284
13396,36.6876
13336,8.5286
13397,36.6762
13337,7.7027
13398,37.2573
13338,7.4113
13399,36.3970
13339,8.4431
13400,36.6290
13340,7.4644
13401,37.1717
13341,7.4298
13402,35.9080
13342,7.5852
13403,36.2004
13343,8.3450
13404,36.4647
13344,7.4517
13405,37.0531
13345,8.0883
13406,35.9306
13346,7.8477
13347,8.1772
13407,37.9442
13408,36.7620
13348,7.6659
13409,37.2259
13349,7.3774
13410,36.8308
13350,7.3395
13411,36.6138
13351,8.5407
13412,36.2596
13352,7.6590
13413,37.3320
13353,7.3363
13414,36.4367
13354,7.9628
13415,36.2471
13355,8.3606
13416,36.9170
13356,7.8733
13417,36.4079
13357,7.4640
13418,36.0754
13358,7.2609
13419,35.2302
13359,8.2503
13420,36.4206
13360,7.6147
13421,37.0579
13361,7.3996
13422,35.9735
13362,8.0774
13423,36.1817
13363,7.3378
13424,36.9142
13364,7.6963
13425,37.1902
13365,7.5187
13426,36.0407
13366,8.3717
13427,36.4781
13367,7.4494
13368,7.2901
13428,37.8306
13369,7.5223
13429,35.8305
13430,35.7790
13370,7.9821
13431,37.5203
13371,7.7916
13432,37.2858
13372,8.5696
13433,36.0681
13373,7.7732
13434,37.7492
13374,7.3353
13435,36.3736
13375,7.3627
13436,35.7386
13376,7.3575
13437,36.5055
13377,8.2523
13438,35.8396
13378,7.8261
13439,37.0227
13379,7.7830
13440,36.6252
13380,7.4589
13441,36.6378
13381,8.4338
13442,36.0431
13382,7.5378
13443,37.6587
13383,7.8091
13444,36.4502
13384,7.7827
13385,7.7688
13445,39.3093
13446,36.8816
13386,7.8522
13387,7.2152
13447,36.2997
13448,35.3374
13388,8.5410
13449,35.6875
13389,8.3377
13450,36.8719
13390,8.2920
13451,36.9701
13391,7.3848
13452,36.0888
13392,7.4289
13453,36.1309
13393,7.9153
13454,36.8310
13394,8.1200
13395,7.3838
13455,37.5120
13456,35.9305
13396,8.3811
13457,37.0250
13397,7.7390
13458,36.9570
13398,7.5285
13459,35.5502
13399,7.5573
13460,36.5017
13400,7.5591
13461,36.9679
13401,8.4215
13462,37.0813
13402,7.7393
13463,37.5968
13403,7.6560
13464,36.0874
13404,7.4617
13465,36.1935
13405,8.2543
13466,37.0219
13406,7.8538
13467,36.7861
13407,7.5534
13468,36.3224
13408,7.9338
13469,37.2812
13409,8.0578
13470,37.6154
13410,8.3983
13471,36.5572
13411,8.1182
13472,37.2260
13412,7.3196
13473,35.9777
13413,8.6137
13474,37.2447
13414,8.0388
13475,36.9474
13415,7.5206
13476,36.4459
13416,7.4628
13477,35.6355
13417,8.2819
13478,36.4212
13418,7.6293
13419,7.3013
13479,38.0864
13480,36.3280
13420,8.1844
13481,35.7061
13421,7.5842
13482,37.2981
13422,7.5086
13483,35.8734
13423,7.3805
13484,36.3232
13424,7.6678
13485,36.5776
13425,8.3554
13486,36.5229
13426,7.8477
13427,7.4521
13487,36.9109
13488,36.4778
13428,8.6219
13489,37.0190
13429,7.9656
13490,36.8111
13430,7.5160
13491,37.0324
13431,7.2885
13492,36.3876
13432,8.3918
13493,37.3658
13433,7.6326
13494,37.3157
13434,7.3609
13495,36.2888
13435,8.0562
13496,36.3239
13436,7.8874
13497,37.7649
13437,8.5182
13498,37.8402
13438,7.5198
13499,36.4590
13439,7.4571
13500,36.5988
13440,7.3466
13501,36.2984
13441,7.3722
13502,36.2940
13442,8.3727
13503,36.5559
13443,7.6708
13504,36.7809
13444,8.2060
13505,36.1095
13445,7.5872
13446,7.3227
13506,37.1478
13507,36.0402
13447,8.1074
13508,36.8074
13448,7.7921
13449,7.3202
13509,37.1551
13510,36.0780
13450,7.7198
13511,36.2162
13451,7.8130
13512,37.2393
13452,8.2918
13513,37.6160
13453,7.8056
13514,36.2655
13454,7.5669
13515,36.5656
13455,8.5224
13516,38.9724
13456,7.8606
13517,36.9124
13457,7.7721
13518,36.9714
13458,7.6988
13519,36.3941
13459,7.5038
13520,36.4265
13460,8.4291
13521,36.0765
13461,7.9153
13522,36.8124
13462,7.4766
13523,36.8943
13463,7.7110
13524,36.5745
13464,7.4110
13525,36.2085
13465,7.3834
13526,36.6210
13466,8.4964
13527,37.2887
13467,8.4744
13528,37.1916
13468,8.5774
13529,36.4989
13469,8.2909
13530,39.2978
13470,8.1269
13531,36.5130
13471,7.5544
13532,36.8396
13472,7.4362
13533,36.3695
13473,8.6221
13534,35.9348
13474,9.0531
13535,37.5957
13475,8.4897
13536,37.0394
13476,7.8477
13537,36.5958
13477,7.3287
13538,36.3706
13478,7.5234
13539,36.7778
13479,7.8543
13540,36.4760
13480,8.3390
13541,36.7695
13481,8.0156
13542,37.0600
13482,8.6491
13543,36.2035
13483,8.2385
13484,7.5656
13544,37.7051
13545,35.8660
13485,7.6005
13546,36.1452
13486,7.5852
13547,36.1990
13487,9.3356
13548,37.5142
13488,9.3345
13549,38.1196
13489,7.8031
13550,36.5867
13490,7.7439
13551,36.3000
13491,7.6327
13552,36.9189
13492,7.9122
13553,36.5850
13493,8.1228
13494,8.4631
13554,37.6479
13555,35.7897
13495,8.6310
13556,37.3278
13496,7.9326
13557,36.4676
13497,7.6683
13558,36.6904
13498,7.6939
13559,36.7189
13499,8.1311
13560,37.0631
13500,7.8672
13561,36.8799
13501,8.3137
13562,36.3613
13502,7.7337
13563,36.5050
13503,7.3369
13564,36.5946
13504,7.3421
13565,35.5259
13505,8.5841
13566,37.0260
13506,7.6307
13507,7.3488
13567,37.0946
13568,35.7697
13508,8.4024
13569,36.1950
13509,7.5858
13570,37.0140
13510,7.7194
13571,37.6183
13511,7.8290
13572,35.9282
13512,8.6303
13573,36.9321
13513,8.9681
13574,37.2277
13514,7.6879
13575,36.8015
13515,7.5016
13576,36.6590
13516,7.5902
13577,36.1555
13517,7.4436
13578,35.7593
13518,7.8949
13579,36.3951
13519,10.5643
13580,36.6996
13520,9.8042
13521,8.2061
13581,38.3162
13582,36.0331
13522,8.6659
13583,36.5383
13523,9.4427
13584,37.4279
13524,8.1185
13585,36.3123
13525,7.6336
13586,36.3026
13526,9.3044
13587,36.7974
13527,8.1178
13588,36.2397
13528,8.2733
13589,36.1687
13529,8.3749
13590,36.4253
13530,9.7168
13591,37.3167
13531,8.0365
13592,35.9426
13532,9.0279
13593,36.9145
13533,9.0728
13594,36.5811
13534,8.7153
13595,36.2494
13535,8.0940
13596,36.9379
13536,8.2189
13597,36.3894
13537,9.3836
13598,36.9763
13538,8.5666
13599,36.8188
13539,8.7471
13600,36.1142
13540,7.9173
13601,36.5275
13541,7.7821
13602,36.4470
13542,7.8531
13603,36.4956
13543,10.8267
13604,37.2671
13544,8.8828
13545,8.0859
13605,37.1952
13606,35.7301
13546,8.7426
13607,36.8942
13547,8.1161
13608,36.2747
13548,8.3583
13609,36.5537
13549,11.5275
13610,37.0553
13550,8.4295
13611,36.7444
13551,8.3104
13552,8.8895
13612,36.7312
13613,36.5488
13553,7.8284
13614,36.3121
13554,8.7437
13615,37.3989
13555,10.7510
13616,37.5230
13556,8.6186
13557,7.7095
13617,37.0056
13558,8.4943
13618,36.0570
13619,35.6216
13559,8.3310
13620,36.9478
13560,9.5231
13621,36.7802
13561,9.4530
13622,37.1695
13562,8.2173
13623,36.5922
13563,7.9920
13624,36.1523
13564,8.5523
13625,35.7957
13565,8.2316
13626,36.2194
13566,7.8731
13627,36.5428
13567,9.6809
13628,36.6288
13568,8.5213
13569,8.4183
13629,36.9027
13630,36.1345
13570,7.8984
13631,36.0395
13571,8.1981
13632,37.1783
13572,8.0924
13633,36.7605
13573,9.0121
13634,36.0009
13574,9.3283
13575,7.9445
13635,36.9290
13636,36.8458
13576,8.2690
13637,37.1869
13577,7.7361
13638,35.7837
13578,7.7151
13639,36.6851
13579,8.9472
13640,37.0234
13580,9.2856
13641,36.8411
13581,7.6067
13642,36.3601
13582,8.2689
13643,36.0457
13583,7.8407
13644,36.3921
13584,7.9466
13645,36.1399
13585,8.8004
13646,37.1209
13586,10.2962
13647,36.8022
13587,7.7602
13648,36.3149
13588,7.5961
13649,37.4034
13589,7.5534
13650,36.1909
13590,8.6336
13651,36.7550
13591,9.9729
13652,36.3074
13592,9.2098
13653,36.3063
13593,7.8463
13654,37.0652
13594,8.2026
13655,35.8426
13595,8.0348
13656,36.3396
13596,8.1635
13657,36.1747
13597,9.3667
13658,35.8237
13598,8.4491
13659,38.2847
13599,8.3421
13600,8.0674
13660,37.8958
13601,8.8965
13661,35.8870
13662,36.3091
13602,9.0398
13663,35.6477
13603,8.5875
13664,36.2461
13604,8.5488
13605,8.7240
13665,38.6889
13666,35.8839
13606,8.0019
13667,35.9039
13607,8.3880
13668,36.0718
13608,9.6444
13669,36.6970
13609,8.8788
13610,8.1253
13670,36.8646
13671,36.0902
13611,8.8583
13672,35.9144
13612,8.2809
13673,36.3479
13613,7.8150
13674,35.8839
13614,9.8963
13675,37.8589
13615,9.1430
13616,8.2753
13676,36.4541
13677,36.2851
13617,8.7712
13678,35.4817
13618,7.9084
13679,36.9616
13619,7.8214
13680,36.5763
13620,10.2178
13681,36.9503
13621,9.1455
13622,8.2171
13682,36.7435
13683,35.6705
13623,8.4365
13684,37.0240
13624,7.5660
13685,36.4893
13625,8.6508
13686,36.6019
13626,11.4912
13687,37.3671
13627,7.5394
13688,36.1434
13628,8.1735
13689,36.3158
13629,8.6681
13690,36.3090
13630,8.1180
13691,35.6821
13631,9.7413
13692,36.3801
13632,9.8705
13693,37.8162
13633,7.9903
13634,7.8457
13694,36.7732
13695,35.8068
13635,8.4570
13696,36.7478
13636,8.3269
13697,36.5530
13637,9.7098
13698,37.6735
13638,8.4883
13639,8.0205
13699,36.9767
13700,36.2507
13640,8.6283
13701,35.9799
13641,7.8476
13702,37.0451
13642,8.6985
13703,36.1828
13643,8.4606
13704,36.8291
13644,10.0608
13705,37.1115
13645,8.9472
13646,7.8015
13706,36.3762
13707,35.9167
13647,9.4199
13708,36.3343
13648,8.3864
13709,35.9365
13649,8.7892
13650,8.8200
13710,36.8454
13711,35.9929
13651,8.8092
13652,8.4834
13712,37.4656
13713,35.9978
13653,9.3943
13714,36.8069
13654,8.3186
13655,8.2683
13715,37.4100
13716,35.4456
13656,8.1659
13717,36.4695
13657,7.8933
13718,37.3167
13658,8.1944
13719,36.6429
13659,9.6426
13720,36.7494
13660,9.2602
13721,36.7240
13661,9.3582
13722,36.4828
13662,8.8960
13663,8.5163
13723,37.0160
13724,36.1429
13664,8.6795
13725,36.4411
13665,10.5396
13726,36.9167
13666,8.6899
13667,8.1729
13727,37.5801
13668,8.4971
13728,36.0470
13729,36.2078
13669,9.8208
13730,36.0684
13670,9.1746
13731,37.1647
13671,8.1657
13732,36.6567
13672,8.7434
13733,36.2705
13673,8.9621
13734,36.0218
13674,8.5812
13735,36.5654
13675,9.8386
13736,36.7962
13676,10.0703
13737,37.0587
13677,8.3055
13738,36.8893
13678,8.5640
13739,35.1233
13679,8.6355
13740,36.8364
13680,8.9738
13741,36.2213
13681,9.9064
13742,37.4519
13682,8.6342
13743,36.1878
13683,8.6899
13684,8.3400
13744,37.0759
13745,36.0234
13685,9.6267
13746,36.2395
13686,10.1233
13747,37.0066
13687,9.8439
13748,36.4293
13688,8.9054
13749,36.9901
13689,8.0987
13750,36.5650
13690,8.6252
13751,35.7049
13691,9.1993
13752,36.0505
13692,9.4098
13753,37.6476
13693,9.1119
13754,37.4375
13694,8.5317
13755,36.1269
13695,8.5779
13756,35.8829
13696,8.3236
13757,36.7294
13697,8.7932
13758,36.7721
13698,9.1306
13759,37.1726
13699,8.5519
13760,36.6279
13700,8.8559
13761,36.3291
13701,9.4270
13762,36.3978
13702,8.5068
13763,36.0938
13703,8.4250
13764,36.9811
13704,10.0345
13765,37.2459
13705,8.3152
13766,36.2908
13706,8.9709
13767,35.6050
13707,10.2372
13768,37.1104
13708,8.5484
13769,36.9430
13709,10.2434
13770,35.3935
13710,11.4573
13771,36.3388
13711,10.1153
13712,8.9503
13772,36.8736
13773,36.0547
13713,9.6495
13774,36.9936
13714,7.8972
13775,36.4538
13715,8.4528
13776,37.1938
13716,9.3042
13777,35.9532
13717,8.2713
13778,36.7753
13718,8.6852
13779,36.9629
13719,8.9131
13780,37.0634
13720,8.8752
13781,36.6302
13721,7.8835
13782,36.4565
13722,7.7296
13783,36.9050
13723,7.9011
13784,36.0947
13724,9.7984
13785,37.8076
13725,8.7947
13726,8.6490
13786,37.6112
13787,35.8691
13727,8.0127
13788,36.7210
13728,8.1342
13789,36.6151
13729,7.6273
13790,36.2736
13730,8.8215
13791,36.5615
13731,7.4905
13792,36.4164
13732,8.8558
13793,36.4413
13733,7.8294
13794,35.4358
13734,8.4178
13795,36.6863
13735,7.7528
13796,37.0103
13736,8.8662
13797,36.4324
13737,8.4824
13798,36.4845
13738,7.9483
13799,35.5048
13739,7.8400
13800,36.8570
13740,7.9102
13801,36.2532
13741,8.7312
13802,36.9229
13742,8.4184
13803,36.6444
13743,8.6889
13804,36.5774
13744,8.2788
13805,38.2644
13745,8.3942
13806,36.5151
13746,8.2299
13807,36.3572
13747,9.5189
13808,37.0399
13748,9.7529
13809,37.0947
13749,9.0182
13810,36.1010
13750,8.4131
13811,36.6001
13751,8.1938
13812,36.5642
13752,8.5905
13813,35.8323
13753,8.3396
13814,36.0130
13754,9.0762
13815,35.8101
13755,8.1390
13816,36.3080
13756,8.9125
13817,36.8311
13757,7.8821
13818,36.7524
13758,8.3034
13819,36.5414
13759,7.9699
13820,36.4391
13760,9.5010
13821,36.6273
13761,8.3939
13822,36.6904
13762,7.8922
13823,36.0905
13763,7.8537
13824,35.9455
13764,9.1084
13825,36.8199
13765,8.9172
13826,36.5678
13766,10.0845
13827,36.8851
13767,8.6435
13768,8.3174
13828,36.9151
13769,8.3466
13829,35.3607
13830,35.5260
13770,8.3427
13831,36.2670
13771,8.8971
13832,36.4720
13772,8.7491
13833,36.4810
13773,8.0410
13774,8.1241
13834,37.0457
13835,36.6337
13775,8.3994
13836,35.8306
13776,8.4162
13837,36.8387
13777,8.4502
13838,35.7446
13778,7.7707
13839,35.8224
13779,8.4271
13840,36.8912
13780,7.4784
13841,36.9286
13781,8.0330
13842,36.5318
13782,9.3404
13843,36.5420
13783,8.5961
13844,37.1619
13784,8.3871
13845,36.2937
13785,7.7000
13846,36.3997
13786,9.0187
13847,36.8423
13787,7.7142
13848,35.6626
13788,8.9509
13849,36.6576
13789,7.6928
13850,36.0837
13790,7.9298
13851,36.7909
13791,7.7050
13852,36.0825
13792,8.5716
13853,37.0491
13793,9.8196
13854,37.7992
13794,8.5254
13855,36.0320
13795,8.8528
13796,8.0446
13856,37.0071
13857,36.0001
13797,7.4302
13858,35.8364
13798,7.9431
13859,36.6102
13799,11.2729
13860,36.8336
13800,8.7781
13801,7.8135
13861,37.0326
13802,7.9503
13862,36.0925
13863,35.6352
13803,8.8024
13864,36.7731
13804,9.8458
13865,37.9112
13805,9.9806
13806,8.6185
13866,36.9130
13867,36.1189
13807,7.7972
13868,35.9258
13808,7.8124
13869,36.2020
13809,8.0437
13870,36.0558
13810,10.9441
13871,36.7994
13811,9.5322
13812,8.8947
13872,37.3374
13873,36.0006
13813,7.7760
13874,36.0282
13814,8.1166
13875,36.2605
13815,8.4743
13876,35.8008
13816,8.9631
13877,36.5845
13817,9.8420
13878,36.6402
13818,8.0502
13879,36.2574
13819,8.1987
13820,8.5203
13880,38.0843
13881,35.0407
13821,8.2943
13882,36.4725
13822,10.8905
13883,36.9929
13823,9.8151
13824,8.8532
13884,37.7241
13885,36.0139
13825,8.1555
13886,37.6185
13826,7.8158
13887,36.3349
13827,7.8090
13888,36.3057
13828,9.2767
13889,36.4485
13829,8.1638
13890,36.7326
13830,7.9051
13891,36.0749
13831,8.7991
13892,36.6640
13832,8.2182
13893,36.4571
13833,9.5529
13894,36.9367
13834,9.7753
13895,36.8127
13835,8.2288
13896,35.9953
13836,7.8705
13897,35.5861
13837,8.2037
13898,35.6595
13838,8.5976
13899,36.4654
13839,9.5480
13900,36.4987
13840,8.3146
13901,37.4778
13841,8.2873
13902,36.2367
13842,8.5988
13903,36.0501
13843,8.0225
13904,36.9594
13844,8.3898
13905,36.4936
13845,8.8525
13906,36.5608
13846,8.6136
13907,36.9094
13847,8.1592
13908,36.0935
13848,9.1210
13909,37.4748
13849,7.9715
13910,36.0752
13850,7.7231
13911,36.3163
13851,9.3336
13912,36.8507
13852,8.7741
13913,36.8237
13853,8.6575
13914,35.6482
13854,9.5494
13915,36.5412
13855,8.7437
13856,8.3375
13916,37.0649
13857,8.5255
13917,35.8586
13918,35.7958
13858,8.3588
13919,36.3006
13859,8.2608
13920,36.9193
13860,8.3649
13921,36.2296
13861,7.8875
13922,36.3115
13862,7.8887
13923,37.2171
13863,9.5110
13924,36.7102
13864,7.7007
13925,36.1582
13865,7.9120
13926,36.6541
13866,8.3351
13927,36.9739
13867,8.0460
13928,36.3302
13868,7.8624
13929,36.7136
13869,9.0432
13930,36.1946
13870,9.2495
13871,7.6335
13931,36.9339
13932,36.0254
13872,7.5986
13933,36.6094
13873,8.6258
13934,36.4878
13874,7.7324
13935,36.2069
13875,10.3884
13936,36.4787
13876,10.2720
13937,36.8887
13877,8.5272
13938,36.1378
13878,8.0741
13879,8.0016
13939,36.8048
13940,35.6119
13880,8.6310
13941,36.1136
13881,11.0672
13942,36.9882
13882,9.7701
13943,37.0384
13883,8.9728
13944,35.0313
13884,8.7668
13945,37.1223
13885,8.0962
13886,7.9978
13946,38.1942
13947,36.4399
13887,8.5608
13948,35.5786
13888,10.4599
13949,36.7471
13889,8.2168
13890,7.9402
13950,36.7600
13951,35.5672
13891,8.6273
13952,36.3618
13892,8.3711
13953,35.8723
13893,9.8326
13954,37.5444
13894,9.3289
13955,36.9300
13895,7.8923
13956,36.0021
13896,8.9746
13957,35.7553
13897,8.3573
13958,36.2085
13898,7.9376
13959,37.3767
13899,7.9837
13960,36.1668
13900,9.9780
13961,36.3421
13901,8.5868
13962,36.4597
13902,9.9072
13963,37.0744
13903,8.7035
13904,8.7168
13964,37.5229
13905,8.7604
13965,36.4600
13966,34.8755
13906,9.8281
13967,37.1244
13907,8.8113
13908,8.1912
13968,37.2359
13969,35.9929
13909,8.3595
13970,36.4747
13910,8.3655
13971,35.8251
13911,9.3327
13972,36.3113
13912,9.1907
13973,36.5411
13913,8.8051
13974,37.0291
13914,9.1959
13975,35.0486
13915,8.1842
13976,36.3803
13916,8.2178
13977,36.9566
13917,9.9020
13978,36.2302
13918,8.1790
13979,36.1920
13919,8.3522
13980,36.0630
13920,7.8377
13981,37.3495
13921,7.8366
13982,36.0335
13922,10.3248
13983,36.8885
13923,9.0941
13984,37.6855
13924,8.7578
13985,36.2315
13925,7.8391
13986,36.5964
13926,7.9774
13987,36.6085
13927,8.1632
13988,36.8190
13928,9.2894
13989,36.2648
13929,8.7233
13990,37.2599
13930,7.9332
13991,36.3797
13931,7.9293
13992,36.5687
13932,8.2378
13993,36.5569
13933,8.7445
13994,36.1744
13934,9.7370
13995,36.9951
13935,7.6226
13996,36.1095
13936,7.6358
13997,36.4488
13937,8.0108
13998,36.5585
13938,8.6166
13999,35.8303
13939,11.1882
14000,37.0382
13940,9.6742
14001,37.4752
13941,8.3534
14002,36.8924
13942,8.2328
13943,8.1721
14003,36.4692
14004,35.4674
13944,9.4678
14005,36.2978
13945,10.4795
14006,36.6384
13946,8.1469
14007,36.6453
13947,8.0865
14008,36.0543
13948,8.3184
14009,36.1667
13949,10.7081
14010,35.6069
13950,10.1419
13951,8.7531
14011,37.1553
14012,35.8851
13952,8.7800
14013,36.3934
13953,8.5319
13954,8.5370
14014,37.0850
14015,35.7593
13955,11.9628
14016,36.7979
13956,9.0744
13957,7.7254
14017,37.1503
13958,7.7109
14018,35.6459
14019,35.9987
13959,9.5576
14020,35.3511
13960,9.2285
14021,36.6828
13961,8.7722
14022,36.4080
13962,8.6550
14023,37.2816
13963,8.4657
14024,36.1883
13964,9.1681
14025,36.1764
13965,8.7541
14026,38.0232
13966,7.5097
13967,7.0720
14027,38.0980
13968,7.1338
14028,36.7193
14029,36.4330
13969,7.1951
14030,37.8754
13970,7.2684
14031,36.5077
13971,7.6029
13972,7.0020
14032,37.8492
14033,36.6027
13973,7.0256
14034,36.5232
13974,7.1437
14035,37.3359
13975,7.0236
14036,37.2748
13976,7.1276
14037,36.6424
13977,7.0271
14038,37.3965
13978,7.2807
14039,37.4902
13979,7.7870
13980,6.9758
14040,38.6637
13981,7.0257
14041,36.5772
14042,37.0056
13982,7.4843
13983,6.8895
14043,37.3616
13984,7.0472
14044,36.4154
14045,36.6592
13985,7.2127
13986,7.0621
14046,37.6247
14047,36.5888
13987,7.3076
14048,37.7034
13988,7.3552
13989,7.0467
14049,37.9410
14050,36.9779
13990,7.2313
14051,37.5896
13991,7.4486
13992,7.2916
14052,36.8709
14053,36.2834
13993,7.3520
14054,38.7553
13994,7.2915
14055,37.7005
13995,7.2184
13996,6.9861
14056,38.1221
13997,6.8878
14057,37.0029
14058,36.3659
13998,7.3903
13999,7.0537
14059,38.9601
14060,36.3421
14000,7.1374
14061,38.2301
14001,7.2220
14002,6.8404
14062,37.9697
14063,36.1663
14003,7.3011
14004,6.9167
14064,39.1235
14005,7.1877
14065,36.5559
14066,37.1273
14006,7.1622
14067,37.3343
14007,7.2922
14068,37.4988
14008,7.3609
14009,7.0044
14069,38.4609
14070,38.1356
14010,7.1155
14011,6.7793
14071,37.5627
14072,37.1967
14012,7.0971
14073,36.9113
14013,7.0815
14014,6.8145
14074,37.4725
14075,36.8875
14015,6.9181
14076,37.0017
14016,6.9728
14077,37.9672
14017,6.8434
14078,37.2946
14018,7.1121
14019,6.8448
14079,37.5301
14080,36.7837
14020,6.9523
14081,37.0502
14021,7.1827
14022,6.7895
14082,37.0154
14083,36.6524
14023,7.3389
14084,37.4509
14024,7.2358
14025,6.9440
14085,38.0229
14086,36.6011
14026,7.2461
14027,6.8636
14087,38.0839
14088,37.0719
14028,6.8730
14089,37.5507
14029,7.1154
14030,6.8957
14090,38.4266
14031,6.8512
14091,37.7747
14092,36.9394
14032,7.1689
14033,6.8968
14093,38.7745
14094,37.3259
14034,7.2285
14035,6.9024
14095,38.1496
14096,37.7965
14036,7.0848
14097,38.1790
14037,7.2652
14038,7.0529
14098,38.1315
14099,38.1116
14039,7.2570
14100,37.1019
14040,7.2973
14041,6.7235
14101,36.9762
14102,36.7150
14042,6.9165
14103,37.1230
14043,7.1487
14104,37.7161
14044,7.0695
14105,36.9207
14045,6.9244
14046,6.7257
14106,38.2859
14047,6.9938
14107,37.3941
14108,37.4256
14048,7.2243
14049,6.8116
14109,38.9129
14050,6.8220
14110,37.3624
14111,36.8553
14051,7.2004
14112,38.0913
14052,6.9952
14113,37.3265
14053,6.9714
14054,6.8998
14114,39.1278
14115,36.9404
14055,7.0797
14116,37.4045
14056,7.3067
14057,6.7615
14117,40.1189
14058,6.7974
14118,36.6917
14119,36.1987
14059,6.9030
14120,37.6165
14060,7.2046
14121,38.1167
14061,6.8233
14122,37.8966
14062,7.1083
14123,37.2181
14063,7.0951
14124,37.5528
14064,7.2274
14065,6.8183
14125,38.2072
14066,6.8695
14126,36.8820
14127,36.9138
14067,7.1039
14068,6.9674
14128,38.0375
14129,37.1894
14069,6.9430
14130,37.9752
14070,7.3237
14131,36.6997
14071,7.0164
14072,6.7295
14132,37.7351
14133,36.4788
14073,6.8046
14074,6.8506
14134,37.1843
14135,36.8381
14075,7.1011
14136,37.4958
14076,6.9459
14137,37.9993
14077,7.3105
14138,37.5798
14078,6.9069
14139,37.3137
14079,6.8734
14080,6.7011
14140,38.1171
14081,6.8225
14141,36.3890
14082,6.8208
14142,36.9131
14143,37.3699
14083,7.0900
14084,6.7359
14144,38.0469
14145,36.5680
14085,6.8906
14146,37.4520
14086,6.8974
14147,38.8213
14087,6.8352
14088,6.8116
14148,37.1766
14089,6.8026
14149,36.4842
14150,37.3058
14090,6.9574
14151,36.8416
14091,7.1013
14092,6.7184
14152,39.0153
14153,36.5418
14093,7.1041
14154,37.5358
14094,7.1270
14095,6.7989
14155,37.6368
14096,6.8936
14156,37.0295
14157,36.6782
14097,7.1349
14158,37.5576
14098,6.9336
14159,37.3471
14099,6.9906
14100,6.8041
14160,38.5371
14161,36.7975
14101,7.0768
14102,6.8383
14162,37.9963
14103,6.8660
14163,36.4114
14164,37.7316
14104,6.9495
14165,37.6675
14105,7.2788
14166,37.6123
14106,6.9928
14167,38.1836
14107,7.1243
14108,6.7292
14168,37.9255
14109,6.7982
14169,36.9045
14110,6.8495
14170,37.9174
14111,6.9463
14171,36.2733
14172,36.9256
14112,7.1345
14173,38.2699
14113,7.2320
14174,38.0653
14114,6.9889
14115,6.8080
14175,37.3268
14176,37.0955
14116,7.1632
14177,37.8772
14117,7.1431
14118,6.8956
14178,38.2941
14119,6.9128
14179,37.1992
14180,36.6600
14120,6.9247
14181,37.9017
14121,7.1674
14122,6.7162
14182,38.7428
14123,6.8044
14183,36.6619
14184,37.5946
14124,7.1279
14185,37.6015
14125,7.1333
14126,6.7339
14186,37.7972
14187,36.6147
14127,6.9235
14188,37.8408
14128,7.2776
14129,6.7854
14189,38.6405
14190,37.2420
14130,7.2018
14131,6.8033
14191,37.7789
14192,37.2191
14132,7.1367
14133,6.7842
14193,38.0893
14194,36.7785
14134,7.0972
14195,37.9566
14135,6.9288
14136,6.8690
14196,38.1204
14197,37.1234
14137,6.9131
14198,38.1587
14138,6.8906
14139,6.8061
14199,37.6924
14140,6.8899
14200,37.1578
14141,6.7492
14201,37.0157
14202,36.9176
14142,6.9328
14203,37.8121
14143,6.9184
14144,6.8696
14204,38.8428
14205,37.1252
14145,7.2649
14206,39.5494
14146,6.8856
14147,6.8000
14207,38.0734
14208,36.8092
14148,6.9576
14149,6.8942
14209,37.0953
14210,36.8600
14150,6.8538
14211,37.8537
14151,7.1756
14152,6.6560
14212,37.9420
14213,36.2953
14153,6.9019
14154,6.6853
14214,38.0320
14155,6.8484
14215,36.7299
14156,6.9151
14216,37.1003
14217,37.7384
14157,7.5377
14218,38.3379
14158,7.1093
14219,37.6961
14159,6.9086
14160,6.8853
14220,37.9240
14221,37.6370
14161,6.7101
14162,6.8162
14222,37.4058
14163,6.8047
14223,37.2302
14224,37.2342
14164,6.9430
14225,36.7448
14165,6.7863
14226,37.6335
14166,7.6956
14227,37.9924
14167,7.1644
14168,6.8696
14228,38.9961
14169,6.6862
14229,37.8821
14170,6.8483
14230,36.9456
14231,37.0217
14171,6.8343
14232,37.4673
14172,6.8406
14233,37.8784
14173,6.8491
14174,6.9207
14234,37.6585
14235,37.3786
14175,7.1384
14236,37.5632
14176,6.9182
14177,6.7335
14237,37.5121
14178,6.7249
14238,36.8424
14239,36.4119
14179,6.8775
14240,37.7854
14180,7.2102
14181,6.8922
14241,37.5771
14242,36.2406
14182,7.0425
14243,37.9770
14183,7.1273
14244,37.3149
14184,7.0844
14185,6.7338
14245,38.5038
14186,6.8709
14246,36.9066
14247,37.7983
14187,6.7470
14248,36.5531
14188,6.7944
14189,6.8275
14249,38.1251
14250,36.7326
14190,6.8076
14251,37.2664
14191,7.0165
14252,37.7997
14192,6.8792
14193,6.9802
14253,37.7570
14194,6.7979
14254,37.0569
14195,6.8387
14255,37.1722
14256,37.5018
14196,6.8302
14257,36.9485
14197,6.9471
14258,38.2153
14198,7.1218
14259,38.5638
14199,6.8881
14260,36.5384
14200,6.8372
14201,6.8670
14261,37.7491
14262,36.9109
14202,7.3306
14263,37.9497
14203,7.2017
14264,38.4924
14204,6.7772
14265,37.5252
14205,6.9114
14266,38.4701
14206,6.8541
14207,6.9186
14267,38.1620
14208,6.8347
14268,36.0950
14209,6.7776
14269,37.7889
14270,36.6728
14210,6.9864
14271,37.1002
14211,7.2316
14212,6.8941
14272,38.1691
14273,37.1124
14213,7.1907
14274,38.6259
14214,9.3850
14275,38.0357
14215,9.0945
14216,9.1859
14276,37.6498
14217,9.2026
14277,38.0071
14278,37.7450
14218,9.6926
14279,38.2894
14219,9.4543
14280,38.1085
14220,9.6175
14221,9.2377
14281,38.2648
14282,37.5005
14222,9.1374
14283,37.4753
14223,9.2601
14284,37.5546
14224,9.2420
14285,37.7310
14225,9.1712
14286,38.3090
14226,9.3100
14227,9.1871
14287,37.9004
14228,9.1602
14288,37.0234
14229,9.3028
14289,36.7714
14290,37.3804
14230,9.3652
14291,37.8702
14231,9.4239
14292,38.8437
14232,9.3113
14233,9.2730
14293,38.0050
14234,9.1905
14294,37.5511
14295,37.0802
14235,9.5107
14296,38.3933
14236,9.4106
14297,37.5645
14237,9.3215
14238,9.3463
14298,38.3509
14299,37.7875
14239,9.0591
14240,9.3910
14300,37.7580
14241,9.2509
14301,38.5471
14302,36.8717
14242,9.6334
14243,9.1500
14303,38.7567
14304,37.4713
14244,9.4637
14305,37.5622
14245,9.4107
14306,37.8189
14246,9.4023
14307,37.3882
14247,9.3362
14308,38.6120
14248,9.5918
14249,9.2839
14309,39.0956
14250,9.2137
14310,37.4201
14251,9.1852
14311,37.8951
14312,36.7570
14252,9.2538
14313,37.9311
14253,9.3644
14314,37.7484
14254,9.4754
14255,9.1067
14315,39.3855
14316,36.9334
14256,9.2459
14257,9.3965
14317,37.8188
14318,38.0884
14258,9.2535
14319,38.0369
14259,9.1802
14320,38.8299
14260,9.4755
14261,9.0281
14321,39.4175
14262,8.9951
14322,37.2196
14263,9.1057
14323,37.0359
14324,36.9525
14264,9.4174
14325,38.6402
14265,9.6007
14326,37.3512
14266,9.4294
14267,9.2256
14327,38.2212
14268,9.2549
14328,37.6608
14329,37.7837
14269,9.5158
14330,38.5331
14270,9.5360
14271,9.1513
14331,38.6348
14332,37.0753
14272,9.2135
14273,9.2195
14333,38.3947
14274,9.4116
14334,37.3439
14335,37.8426
14275,9.4361
14336,39.1886
14276,9.2490
14277,9.2981
14337,38.0635
14338,37.9997
14278,9.0824
14279,9.1475
14339,37.7903
14340,37.8108
14280,9.3101
14281,9.0581
14341,38.9328
14342,37.1683
14282,9.3635
14283,9.1024
14343,38.3065
14284,9.2593
14344,37.5321
14345,37.3807
14285,9.4956
14346,38.3169
14286,9.3988
14287,9.3637
14347,39.0007
14348,38.2716
14288,9.1080
14289,9.2341
14349,38.4238
14350,38.4826
14290,9.8860
14291,8.9140
14351,38.0251
14292,8.9920
14352,37.2114
14353,37.0203
14293,9.3054
14294,9.0276
14354,38.3833
14295,9.2454
14355,37.7331
14356,37.8959
14296,9.3328
14297,9.0832
14357,38.2808
14358,38.1053
14298,9.1357
14359,37.2672
14299,9.0944
14300,9.1090
14360,38.2797
14301,9.0389
14361,37.7620
14362,37.5271
14302,9.1769
14303,9.1496
14363,39.4242
14364,37.7002
14304,9.1608
14365,37.0253
14305,8.9998
14366,37.8604
14306,9.4597
14367,38.3536
14307,9.0604
14368,37.9728
14308,9.2448
14369,37.5322
14309,9.0704
14370,38.1494
14310,9.1543
14311,8.9251
14371,38.7101
14372,37.2119
14312,9.2173
14313,9.1373
14373,38.2803
14374,36.9953
14314,8.9487
14375,38.0748
14315,9.1108
14376,38.6897
14316,9.0421
14377,38.8584
14317,9.4154
14378,37.6696
14318,9.1504
14379,37.8190
14319,9.0975
14320,9.0142
14380,38.4764
14381,37.2520
14321,9.0942
14382,37.8408
14322,9.1289
14383,37.1841
14323,9.0241
14384,37.6853
14324,9.0910
14385,37.8584
14325,9.0951
14386,37.6630
14326,8.9830
14387,38.6119
14327,9.4755
14388,38.3149
14328,9.1990
14389,37.2568
14329,9.0815
14390,38.4391
14330,9.0406
14391,38.3979
14331,9.2120
14332,9.1046
14392,38.3432
14393,36.9338
14333,9.1740
14394,38.3119
14334,9.1822
14395,37.4409
14335,9.3064
14396,38.5299
14336,9.1699
14397,37.8846
14337,9.0413
14398,38.3497
14338,9.2823
14399,38.0516
14339,9.1470
14400,38.4186
14340,8.9710
14401,38.2234
14341,9.1705
14342,9.2599
14402,38.4087
14403,37.8926
14343,9.0623
14404,38.1835
14344,9.3517
14405,37.6978
14345,9.2391
14346,8.9573
14406,39.1722
14407,37.1545
14347,9.1067
14408,37.8540
14348,9.0997
14409,37.4290
14349,9.1345
14350,9.0940
14410,38.3691
14411,37.7655
14351,8.9914
14352,8.4567
14412,39.4498
14353,8.4554
14413,36.8074
14414,36.9424
14354,8.5527
14415,38.5827
14355,8.5717
14416,36.9604
14356,8.8856
14357,8.6824
14417,38.4965
14418,37.4729
14358,8.6220
14359,8.3508
14419,38.5629
14420,36.5328
14360,8.4837
14421,38.2437
14361,8.8158
14422,37.3764
14362,8.4543
14423,37.9081
14363,8.4864
14424,37.8323
14364,8.4701
14365,8.4335
14425,38.8443
14426,37.1209
14366,8.8123
14427,38.4381
14367,8.4867
14428,37.4974
14368,8.4669
14429,37.4935
14369,8.5747
14430,38.0297
14370,8.4124
14431,37.7680
14371,8.5302
14432,38.0550
14372,8.4763
14373,8.7544
14433,38.7712
14434,37.4138
14374,8.9968
14375,8.5438
14435,38.3194
14436,37.5686
14376,8.5004
14437,36.7304
14377,8.8080
14438,38.2199
14378,8.6945
14439,37.7275
14379,8.8443
14440,38.7405
14380,8.7011
14441,38.0678
14381,8.6706
14442,37.2591
14382,8.6453
14443,38.1893
14383,8.6132
14444,37.2918
14384,8.5860
14445,38.2720
14385,8.7207
14446,38.4070
14386,8.9195
14447,38.6406
14387,8.8753
14448,38.2711
14388,9.0772
14449,38.3097
14389,8.4138
14390,8.7284
14450,40.2366
14391,8.6239
14451,38.5931
14392,8.5749
14452,38.0498
14453,37.2496
14393,8.8018
14454,38.0118
14394,8.7813
14455,37.8687
14395,8.4536
14456,37.6419
14396,8.5746
14457,38.2248
14397,8.5765
14458,38.1981
14398,8.4320
14459,38.6253
14399,8.5275
14400,8.0996
14460,36.9924
14461,36.4462
14401,8.7710
14402,8.5525
14462,38.5517
14463,37.2664
14403,8.7434
14404,8.8648
14464,38.2413
14465,37.7959
14405,8.7060
14466,38.0249
14406,8.8872
14407,8.5933
14467,40.5056
14408,8.6526
14468,37.7055
14469,36.8998
14409,8.8462
14410,8.5873
14470,38.2728
14471,37.1409
14411,8.7709
14412,8.7084
14472,38.6456
14473,37.7404
14413,8.6613
14474,37.7264
14414,8.8642
14475,39.0398
14415,8.5047
14476,37.2872
14416,8.5618
14477,37.2678
14417,8.6053
14478,38.0709
14418,8.5302
14419,8.5775
14479,38.6364
14480,37.4698
14420,8.5471
14481,37.2192
14421,8.7814
14422,8.8970
14482,38.3056
14483,37.4151
14423,8.6101
14484,38.7836
14424,8.5851
14485,37.5399
14425,8.8552
14426,8.7358
14486,38.8230
14487,38.5266
14427,8.6364
14488,37.5598
14428,8.8976
14489,38.4860
14429,8.7264
14490,37.0231
14430,8.5588
14491,38.6643
14431,8.7058
14492,37.6505
14432,8.7053
14433,8.9465
14493,38.1190
14494,37.2904
14434,8.5984
14495,38.0419
14435,8.6255
14436,8.7520
14496,40.1673
14497,37.4028
14437,8.9382
14498,37.4559
14438,8.9871
14499,38.2425
14439,9.0497
14500,38.1610
14440,9.2368
14441,8.7460
14501,38.0198
14502,38.2950
14442,8.9641
14503,37.3954
14443,9.3047
14444,8.4858
14504,38.4907
14505,36.9123
14445,8.5878
14506,37.9239
14446,8.7070
14507,38.9549
14447,8.9672
14508,37.5513
14448,8.6855
14509,38.0364
14449,8.6974
14510,38.0192
14450,8.6065
14511,37.3149
14451,8.4966
14512,38.2558
14452,8.7346
14513,37.9122
14453,8.8609
14514,38.1018
14454,8.8384
14515,38.6944
14455,8.7464
14456,8.8462
14516,37.8736
14517,37.1440
14457,8.7326
14518,37.1514
14458,8.8950
14519,37.3423
14459,8.7408
14520,38.6103
14460,9.0053
14521,38.9341
14461,9.3727
14462,8.5259
14522,38.2642
14463,8.5759
14523,37.2009
14524,36.8095
14464,8.6664
14525,37.9678
14465,8.6542
14526,37.5139
14466,8.8888
14527,38.0790
14467,9.0351
14528,38.0486
14468,8.6806
14469,8.6053
14529,38.5398
14530,36.9382
14470,8.6472
14471,8.5781
14531,40.0609
14532,36.8066
14472,9.3811
14533,38.7038
14473,8.6390
14474,8.6072
14534,38.2181
14535,37.8610
14475,8.6355
14536,37.8154
14476,8.7858
14477,8.5110
14537,39.3773
14538,37.8922
14478,9.1257
14539,38.1937
14479,8.9295
14540,37.5610
14480,8.4068
14541,37.0912
14481,8.5244
14542,37.5148
14482,9.1462
14543,38.1088
14483,8.5494
14544,37.4554
14484,8.8723
14545,38.2699
14485,8.5183
14546,37.4355
14486,8.8585
14547,37.9415
14487,8.7237
14548,37.7700
14488,8.6220
14549,37.5375
14489,8.4372
14550,37.3700
14490,8.5576
14551,37.3922
14491,9.0959
14492,8.5294
14552,38.2637
14553,36.8751
14493,8.7772
14554,37.8515
14494,8.6634
14555,38.2686
14495,8.8429
14496,8.4945
14556,38.1194
14557,36.8859
14497,8.7991
14558,38.3842
14498,9.0627
14559,38.1582
14499,8.6139
14560,37.7975
14500,8.7798
14561,38.0299
14501,8.8020
14562,37.5588
14502,8.8687
14563,38.1101
14503,8.9546
14564,38.4027
14504,8.8937
14565,37.7591
14505,8.6519
14566,37.1291
14506,8.6456
14567,37.3217
14507,8.6740
14568,38.0139
14508,8.6557
14569,37.5148
14509,8.7129
14570,38.4252
14510,9.0919
14571,40.0685
14511,8.9266
14572,37.7737
14512,8.5504
14573,37.3802
14513,8.7527
14574,37.9366
14514,8.9479
14575,37.9143
14515,8.9151
14576,38.0062
14516,8.7671
14577,38.6664
14517,9.0669
14578,38.0698
14518,8.9207
14579,37.5970
14519,9.1435
14580,38.7062
14520,8.9900
14581,37.5028
14521,8.7988
14582,38.8321
14522,8.8689
14583,38.2464
14523,8.9950
14524,8.6903
14584,37.9509
14585,37.2038
14525,8.4934
14526,8.6401
14586,38.2884
14587,36.6882
14527,8.7014
14588,38.1980
14528,8.7017
14589,38.5283
14529,8.8249
14530,8.5373
14590,37.5934
14591,37.0217
14531,8.8157
14592,38.3530
14532,8.6631
14593,37.9342
14533,8.8170
14594,38.4437
14534,8.5629
14535,8.5599
14595,38.1676
14536,8.6267
14596,38.0449
14597,36.9427
14537,8.7558
14598,37.7724
14538,8.6646
14599,38.3684
14539,8.6029
14600,38.3868
14540,8.4583
14601,37.3844
14541,8.8287
14542,8.6256
14602,38.1463
14603,37.1795
14543,9.3684
14544,8.4909
14604,39.2430
14605,37.2603
14545,8.5282
14606,37.9056
14546,8.7624
14547,8.5973
14607,37.9808
14608,37.1867
14548,9.1414
14609,38.2400
14549,8.9739
14610,37.7792
14550,9.1302
14551,8.5458
14611,37.9080
14552,8.5285
14612,37.7419
14613,36.9163
14553,8.6206
14614,37.4955
14554,8.6325
14615,38.1605
14555,8.8080
14616,38.5610
14556,8.8110
14617,37.3733
14557,8.4553
14618,36.8916
14558,9.0840
14619,37.9228
14559,8.7137
14620,38.1615
14560,9.1995
14561,8.6992
14621,38.8442
14622,37.5400
14562,8.5108
14563,8.5672
14623,37.7860
14624,38.0766
14564,8.8399
14625,37.6592
14565,9.1404
14566,8.5516
14626,38.4226
14627,36.9230
14567,8.8547
14568,8.7409
14628,38.5342
14569,8.6153
14629,36.8654
14630,37.9594
14570,10.5187
14571,8.7130
14631,39.0603
14632,36.7027
14572,8.7335
14633,37.1271
14573,8.7022
14634,37.6949
14574,8.7756
14635,37.9730
14575,9.2710
14636,38.9366
14576,8.5601
14637,37.6947
14577,9.1939
14638,37.9099
14578,9.1110
14639,37.3801
14579,8.8433
14640,38.1100
14580,8.7141
14641,38.0646
14581,8.8902
14642,37.2995
14582,8.8143
14643,38.5110
14583,9.0440
14644,37.5350
14584,9.0815
14645,38.1641
14585,9.1870
14646,38.1612
14586,9.2260
14587,8.8892
14647,38.6094
14648,37.3355
14588,8.8905
14589,9.0610
14649,39.0845
14650,37.8891
14590,8.9166
14591,9.0603
14651,38.8945
14592,8.9375
14652,37.6081
14653,36.9632
14593,9.0490
14654,37.8629
14594,8.9212
14655,37.8379
14595,8.7318
14656,38.6589
14596,8.7121
14657,38.1104
14597,8.7062
14598,8.8072
14658,38.1299
14659,37.0006
14599,8.9194
14660,37.2627
14600,8.9378
14661,38.4332
14601,9.6088
14662,38.6602
14602,8.8189
14663,37.5661
14603,8.8202
14664,38.0852
14604,9.2936
14665,38.3442
14605,9.0322
14666,38.4525
14606,8.8507
14607,8.9803
14667,43.4951
14668,38.3027
14608,8.6268
14669,37.5488
14609,8.9477
14610,9.0636
14670,38.1903
14671,37.8696
14611,8.6901
14672,37.4032
14612,9.0515
14673,37.5404
14613,8.6284
14674,37.2359
14614,8.9063
14675,37.8311
14615,8.7893
14676,38.0078
14616,9.1088
14677,38.1696
14617,9.0521
14618,8.6946
14678,37.8323
14679,36.9037
14619,8.9139
14680,38.3408
14620,8.9670
14621,8.9251
14681,38.5273
14682,40.2393
14622,8.7242
14683,37.9889
14623,8.8621
14684,37.3339
14624,8.7789
14685,37.6217
14625,8.9407
14686,37.6888
14626,9.0563
14627,8.6461
14687,37.7200
14688,37.0132
14628,8.7437
14689,37.2737
14629,8.9094
14690,37.3609
14630,8.7689
14691,38.6645
14631,9.3827
14692,37.6283
14632,9.0640
14633,8.7034
14693,38.3580
14694,36.6970
14634,8.7800
14695,38.0267
14635,8.6612
14696,37.2952
14636,8.7604
14697,37.3344
14637,8.5676
14698,37.7609
14638,8.9030
14699,38.0722
14639,8.7847
14640,8.8881
14700,38.1009
14701,37.4288
14641,8.9552
14702,37.1927
14642,9.2918
14703,37.8508
14643,9.0056
14704,37.7615
14644,8.7300
14705,38.0000
14645,9.0362
14706,37.1592
14646,8.7392
14707,38.1883
14647,8.7867
14708,38.3603
14648,9.0085
14709,38.1540
14649,9.0603
14710,37.5931
14650,8.6775
14711,37.9752
14651,9.0943
14712,38.5169
14652,8.6142
14653,8.7911
14713,37.5973
14714,37.1470
14654,9.2746
14655,8.8857
14715,38.7929
14716,37.2913
14656,8.9163
14717,37.5082
14657,8.7547
14718,37.8291
14658,9.1577
14719,38.1820
14659,9.1870
14720,37.9386
14660,8.7602
14721,37.8973
14661,8.8053
14722,37.2754
14662,8.6835
14663,8.8534
14723,38.1802
14724,36.8096
14664,8.7363
14725,38.0897
14665,8.8093
14726,37.5647
14666,8.6431
14667,8.6796
14727,37.9824
14728,36.7542
14668,9.0650
14729,38.1758
14669,8.8656
14730,38.0407
14670,8.8614
14731,37.7268
14671,8.8328
14732,37.7933
14672,8.8097
14733,38.6189
14673,8.9355
14734,36.8867
14674,8.7015
14735,38.1398
14675,9.0067
14736,38.2593
14676,9.0643
14737,38.2799
14677,8.7732
14738,37.3832
14678,9.0646
14739,38.2149
14679,8.7501
14740,37.1422
14680,8.7333
14741,37.5975
14681,8.8638
14742,37.8976
14682,9.2308
14683,9.0133
14743,37.9665
14744,37.5051
14684,8.8697
14745,38.3126
14685,8.9073
14746,37.0669
14686,9.0298
14747,38.0951
14687,9.2518
14688,8.7414
14748,37.5983
14749,37.0542
14689,8.7495
14750,37.5490
14690,8.7918
14751,37.0063
14691,9.0752
14752,38.2129
14692,9.5014
14693,8.7683
14753,39.1368
14754,37.2750
14694,8.5618
14755,36.8120
14695,8.9069
14756,37.6445
14696,8.6767
14697,8.8431
14757,37.6430
14758,37.3433
14698,9.3088
14699,8.7859
14759,38.4714
14760,37.9713
14700,8.9826
14761,37.2087
14701,9.0157
14762,37.9046
14702,9.0987
14763,37.8063
14703,9.3895
14764,37.8237
14704,9.3181
14705,8.9016
14765,38.7021
14766,37.6963
14706,8.8740
14767,36.4910
14707,8.7522
14768,38.5312
14708,9.1591
14769,37.5168
14709,8.8267
14770,37.8833
14710,8.8152
14771,37.4336
14711,9.0212
14772,37.9771
14712,9.1420
14773,37.8830
14713,9.2315
14714,8.9353
14774,38.4671
14775,37.0352
14715,8.7965
14776,37.6371
14716,9.1858
14777,38.4373
14717,8.9792
14778,37.4977
14718,8.8890
14779,37.2672
14719,8.8915
14780,38.3580
14720,8.9989
14781,37.3479
14721,8.7352
14782,37.7227
14722,9.2940
14783,37.9654
14723,9.3767
14724,9.1314
14784,38.3161
14725,8.8953
14785,37.6307
14786,37.3554
14726,9.5895
14787,38.2970
14727,8.8494
14788,37.8811
14728,9.0410
14789,38.7223
14729,8.9875
14790,37.2790
14730,8.6054
14791,37.0895
14731,8.7439
14792,38.4356
14732,8.9206
14793,37.6897
14733,8.9912
14794,38.2364
14734,8.7895
14795,38.2358
14735,9.1035
14796,37.9170
14736,8.6704
14797,37.2162
14737,8.9678
14798,37.9296
14738,9.2197
14739,9.0233
14799,38.3659
14800,37.2731
14740,8.8331
14801,37.2905
14741,9.2389
14802,38.6890
14742,8.9027
14803,38.1447
14743,8.8424
14744,9.0013
14804,37.4858
14805,38.3536
14745,8.7827
14806,37.4610
14746,8.9936
14807,37.8291
14747,9.1900
14808,37.7532
14748,8.9601
14809,37.9770
14749,9.3814
14810,38.0266
14750,8.8112
14751,8.9929
14811,37.5082
14812,37.6474
14752,9.0550
14813,37.6253
14753,8.9912
14814,38.1657
14754,8.9177
14815,37.3369
14755,9.0732
14816,37.3397
14756,8.9199
14817,38.5701
14757,9.2554
14758,8.8006
14818,38.5177
14819,37.5282
14759,8.9804
14820,37.5258
14760,9.0450
14821,38.7463
14761,9.2195
14762,8.7811
14822,38.7156
14823,36.7733
14763,8.5805
14824,37.4780
14764,9.0976
14825,37.2260
14765,8.7843
14826,37.4079
14766,8.7817
14827,37.6850
14767,9.4478
14828,39.1020
14768,8.7728
14769,8.8036
14829,38.1681
14830,37.1148
14770,8.9908
14831,37.7811
14771,8.6665
14832,38.0679
14772,8.6790
14833,37.6114
14773,9.0799
14834,37.7584
14774,8.7344
14835,37.2208
14775,8.9930
14836,37.2563
14776,8.8642
14837,38.3028
14777,9.1518
14838,37.7096
14778,9.4262
14779,8.9456
14839,38.6546
14840,36.9399
14780,8.9397
14841,37.4368
14781,8.7856
14842,37.9545
14782,8.8325
14843,37.2974
14783,8.9482
14844,38.4711
14784,8.9878
14845,37.7783
14785,9.4508
14846,39.0670
14786,9.0924
14847,37.3719
14787,8.7761
14788,9.0581
14848,38.0352
14849,38.5076
14789,8.9329
14850,37.3105
14790,9.2967
14791,8.7358
14851,38.0710
14792,8.8835
14852,38.0528
14853,37.3027
14793,9.2300
14794,8.8095
14854,37.9822
14855,37.2829
14795,9.3866
14796,8.8608
14856,38.3620
14857,37.6997
14797,9.3836
14858,37.3835
14798,9.2222
14859,37.8538
14799,8.8604
14860,37.1263
14800,9.0290
14861,38.2623
14801,9.1117
14862,38.2812
14802,9.3672
14863,37.5630
14803,9.3494
14804,8.7998
14864,38.7824
14805,8.7800
14865,36.7711
14866,37.1160
14806,9.4753
14867,38.8187
14807,9.0737
14868,37.4648
14808,8.9397
14869,37.8417
14809,8.9460
14870,38.0263
14810,8.7939
14871,37.2024
14811,8.8580
14872,38.5677
14812,9.1176
14873,37.4272
14813,8.9113
14874,37.8575
14814,9.0022
14875,37.7517
14815,9.3218
14876,37.8513
14816,9.0335
14877,37.1435
14817,8.9940
14878,37.8748
14818,8.9911
14879,38.3797
14819,8.6575
14880,37.2759
14820,8.9379
14881,37.7741
14821,8.9355
14882,38.3319
14822,8.9338
14883,37.6340
14823,8.9553
14884,37.4277
14824,8.8462
14885,38.2989
14825,8.8461
14826,8.6312
14886,37.3705
14887,36.7866
14827,9.0139
14888,37.4682
14828,9.4040
14889,38.1426
14829,9.2646
14890,38.0396
14830,8.8587
14831,8.7630
14891,37.7328
14892,36.8336
14832,8.8405
14893,37.3609
14833,8.9420
14894,37.7572
14834,8.8856
14895,37.9770
14835,9.3954
14836,8.8344
14896,38.3736
14897,37.6231
14837,8.9304
14898,36.8226
14838,9.1681
14839,9.1410
14899,38.8894
14900,37.8203
14840,8.7823
14901,36.8988
14841,8.9588
14902,38.9401
14842,8.8687
14903,37.9219
14843,9.5003
14904,37.4128
14844,8.7117
14905,38.4649
14845,8.7414
14906,37.6015
14846,8.8879
14907,38.3282
14847,8.9159
14908,37.5038
14848,8.7538
14909,37.2825
14849,8.7954
14910,37.8634
14850,9.0976
14911,37.6482
14851,9.1558
14912,37.8882
14852,9.2431
14853,8.5888
14913,37.8574
14914,36.7659
14854,8.8704
14915,37.5037
14855,9.5002
14856,9.2736
14916,38.2766
14917,37.0383
14857,9.1041
14918,37.6164
14858,9.2142
14919,37.8290
14859,8.9585
14920,37.8548
14860,8.8997
14921,37.7826
14861,9.5877
14922,37.9982
14862,8.9319
14863,8.7222
14923,37.3311
14924,37.6521
14864,8.7598
14925,38.1209
14865,9.1625
14926,38.9374
14866,8.8040
14927,37.9285
14867,8.7476
14928,37.9228
14868,8.8528
14929,38.0001
14869,8.8275
14930,38.0996
14870,9.0856
14931,38.3656
14871,8.7094
14932,38.0310
14872,8.8068
14933,37.3776
14873,8.8556
14934,37.3926
14874,8.8293
14935,38.2889
14875,8.6561
14936,37.6901
14876,9.2362
14937,38.5143
14877,9.2524
14938,37.8268
14878,9.1806
14879,8.8990
14939,44.8233
14880,8.7700
14940,37.6931
14881,9.2147
14941,36.6313
14942,38.0907
14882,9.4611
14943,37.9910
14883,8.7965
14944,37.9391
14884,8.8277
14945,37.3419
14885,9.0961
14946,37.0339
14886,8.9633
14947,37.3743
14887,9.2791
14948,38.4215
14888,9.0473
14949,38.5844
14889,9.1944
14950,38.0086
14890,9.0760
14951,37.7200
14891,8.7698
14952,37.7174
14892,8.8179
14953,37.8286
14893,9.0996
14954,38.1155
14894,8.9358
14955,38.3331
14895,8.7279
14896,8.8507
14956,38.3251
14957,37.6166
14897,9.0878
14958,37.5242
14898,8.8222
14959,38.2300
14899,8.8456
14960,37.7568
14900,8.8307
14961,37.7254
14901,8.9216
14962,37.9065
14902,8.9671
14963,37.5319
14903,8.9737
14964,37.6182
14904,9.0199
14965,38.0096
14905,9.0431
14966,38.2564
14906,9.1573
14967,37.1537
14907,9.2237
14968,38.4122
14908,9.2636
14969,37.3853
14909,8.8496
14970,38.2792
14910,8.9773
14971,38.5589
14911,9.1948
14972,37.3422
14912,8.8461
14973,37.3658
14913,9.3277
14974,38.0052
14914,8.9086
14975,38.0811
14915,8.9813
14976,37.8475
14916,8.9541
14977,37.3482
14917,8.8636
14978,37.5002
14918,8.7530
14979,38.0087
14919,8.7538
14980,37.1872
14920,8.8202
14981,38.9669
14921,9.1121
14982,36.6934
14922,9.1660
14983,38.8884
14923,9.0264
14984,37.1949
14924,9.5500
14985,38.1286
14925,9.2085
14986,37.7424
14926,9.0671
14987,37.3348
14927,9.0046
14988,37.5237
14928,8.8047
14989,38.1213
14929,8.9967
14990,37.7609
14930,9.0582
14991,37.5924
14931,8.7841
14992,38.0570
14932,9.1422
14993,37.2301
14933,9.2516
14994,38.4338
14934,9.1493
14995,37.4493
14935,9.3041
14996,37.8654
14936,9.2748
14997,37.8270
14937,9.0053
14998,37.6916
14938,8.9674
14999,38.2115
14939,9.0421
15000,37.1337
14940,9.2475
15001,38.2785
14941,9.1849
15002,37.8304
14942,8.7855
15003,37.4254
14943,9.0655
15004,37.7714
14944,8.7631
15005,37.5542
14945,8.7346
15006,37.6165
14946,8.9155
15007,38.2562
14947,8.7559
15008,38.3579
14948,9.2008
15009,37.8451
14949,9.0619
15010,37.5511
14950,9.0488
15011,37.7687
14951,9.1736
15012,37.3896
14952,8.7703
15013,37.4964
14953,8.9491
15014,38.3570
14954,9.0231
15015,37.1489
14955,9.0559
15016,38.1041
14956,8.7993
15017,37.2917
14957,8.8058
15018,38.0594
14958,8.9050
15019,37.2622
14959,8.6420
15020,37.5014
14960,8.8020
15021,37.8530
14961,8.8202
15022,37.6701
14962,9.0159
15023,38.1308
14963,8.5884
14964,8.7207
15024,37.6625
15025,36.9432
14965,8.7489
15026,37.8481
14966,8.9762
15027,37.1168
14967,8.7149
15028,37.8084
14968,8.6099
15029,37.2862
14969,8.6580
15030,37.2824
14970,8.6651
15031,37.8541
14971,9.1375
15032,37.3686
14972,8.7029
15033,37.5352
14973,8.6798
15034,37.7696
14974,8.8527
15035,37.7549
14975,9.0328
15036,39.1204
14976,8.9735
15037,37.4306
14977,8.8654
15038,38.1410
14978,8.8968
15039,37.5546
14979,8.7680
15040,38.2898
14980,8.7960
15041,37.6692
14981,9.1220
14982,8.7804
15042,38.3026
15043,37.6047
14983,8.7106
15044,37.9175
14984,9.0822
15045,39.1017
14985,9.0528
14986,8.8571
15046,37.6719
15047,37.4204
14987,9.3360
14988,8.5189
15048,38.7688
14989,8.7716
15049,36.6534
15050,36.9832
14990,8.8116
15051,37.9386
14991,8.9525
15052,38.2390
14992,8.8882
15053,37.4326
14993,8.9062
15054,37.7948
14994,8.6135
15055,37.2463
14995,8.9796
15056,37.7986
14996,8.7752
15057,37.3018
14997,8.8041
15058,38.2443
14998,9.1079
14999,8.9163
15059,37.9868
15060,38.3827
15000,8.7818
15061,37.2680
15001,8.7967
15062,39.5100
15002,9.5554
15003,8.6460
15063,39.3747
15004,8.9207
15064,37.9087
15065,37.3220
15005,9.4080
15006,8.7461
15066,38.1346
15067,37.2680
15007,8.9442
15068,38.7033
15008,8.7527
15069,38.3455
15009,8.6919
15010,8.7181
15070,37.7940
15071,37.6847
15011,8.8855
15072,38.3324
15012,8.5150
15073,36.9808
15013,9.1858
15074,39.4318
15014,8.9121
15075,37.7681
15015,9.0325
15076,37.4830
15016,8.6885
15077,37.4758
15017,8.8071
15078,37.9272
15018,9.0774
15079,38.0447
15019,9.0486
15020,8.7178
15080,38.5699
15081,37.1077
15021,8.8280
15082,37.5110
15022,9.2736
15023,8.8394
15083,38.4657
15084,36.9391
15024,9.2143
15085,38.4440
15025,9.0334
15086,37.5802
15026,9.0423
15087,37.5924
15027,9.1416
15088,37.9288
15028,8.6474
15089,38.0135
15029,9.0079
15090,37.3829
15030,8.9853
15091,37.6663
15031,8.8993
15092,37.7588
15032,8.7357
15033,8.6006
15093,37.9287
15094,36.8914
15034,9.2371
15035,8.7045
15095,38.5616
15096,36.9366
15036,8.8707
15097,37.1982
15037,9.2502
15038,8.8506
15098,37.9590
15099,38.0507
15039,8.9107
15100,37.4165
15040,8.7942
15101,37.8277
15041,9.3822
15102,37.7900
15042,9.0739
15103,38.8208
15043,8.6838
15104,37.3106
15044,8.7704
15105,38.4095
15045,9.1207
15106,37.1525
15046,9.4561
15047,8.8879
15107,38.5448
15108,37.1759
15048,8.8927
15109,36.9936
15049,8.9694
15050,8.6447
15110,37.8899
15111,37.6194
15051,8.9772
15112,38.0767
15052,8.7270
15053,8.7438
15113,37.5982
15114,36.6331
15054,8.7850
15115,38.5267
15055,9.3370
15056,8.6241
15116,38.4738
15117,37.2046
15057,8.9195
15118,37.8856
15058,9.5177
15119,37.9931
15059,9.1877
15120,38.2534
15060,8.9092
15121,37.9318
15061,9.2672
15122,38.1810
15062,9.0777
15123,38.0096
15063,8.7688
15124,37.6989
15064,8.9381
15065,8.7103
15125,38.7751
15126,37.2909
15066,8.7851
15127,38.1936
15067,9.4501
15068,8.8106
15128,38.6848
15069,9.0432
15129,37.0227
15130,37.3881
15070,9.2484
15071,8.9054
15131,39.3383
15132,37.2457
15072,9.2211
15133,38.4313
15073,8.6093
15134,37.5066
15074,8.9892
15135,37.4306
15075,8.9684
15136,38.7006
15076,9.1166
15137,38.4048
15077,9.0046
15138,37.3624
15078,9.0924
15139,38.8754
15079,9.0084
15140,37.0930
15080,8.7639
15141,36.4692
15081,8.7321
15142,37.2293
15082,8.5520
15143,36.6740
15083,8.7573
15144,37.7083
15084,8.9076
15145,36.6954
15085,9.0005
15146,36.6084
15086,8.9022
15147,37.3581
15087,8.9800
15148,37.0225
15088,8.7599
15149,36.3278
15089,8.6759
15150,36.6296
15090,8.6710
15151,36.4875
15091,8.6528
15152,36.8750
15092,8.9096
15153,36.5269
15093,8.8755
15154,36.9349
15094,8.7662
15155,36.5921
15095,8.6579
15156,36.2346
15096,8.7353
15157,37.0647
15097,8.6381
15158,36.2891
15098,9.1154
15159,37.0042
15099,8.9051
15160,37.5427
15100,8.6398
15101,8.7215
15161,36.9373
15162,36.0153
15102,8.7807
15163,36.8845
15103,8.9215
15164,36.9821
15104,8.8647
15165,36.0235
15105,8.5487
15166,36.4407
15106,8.7221
15167,37.0162
15107,8.9687
15108,8.6452
15168,37.3680
15169,36.7171
15109,9.1422
15110,8.6663
15170,37.3108
15171,36.5420
15111,9.1403
15172,37.1304
15112,9.0136
15173,37.5121
15113,8.8598
15174,36.5512
15114,9.0866
15115,8.9007
15175,37.8210
15176,36.0642
15116,8.7772
15177,36.6312
15117,9.3333
15178,37.7079
15118,8.6485
15179,36.7334
15119,8.8034
15180,37.2042
15120,8.7666
15181,36.8734
15121,9.0062
15182,38.0776
15122,8.6574
15183,36.3525
15123,8.7014
15184,36.8263
15124,9.3200
15185,38.0617
15125,8.8081
15186,35.8764
15126,8.9695
15187,36.6614
15127,9.0126
15188,37.4524
15128,9.3098
15189,37.9652
15129,8.8580
15190,37.0228
15130,8.9048
15191,36.3864
15131,8.7318
15192,36.3916
15132,9.2244
15193,37.2444
15133,8.7508
15194,37.3136
15134,8.9115
15195,36.9550
15135,8.7612
15196,36.0795
15136,8.9751
15197,37.7810
15137,8.8186
15198,37.5732
15138,9.1085
15199,37.6719
15139,8.8129
15200,37.3900
15140,8.8027
15201,37.0595
15141,8.7806
15202,36.4346
15142,8.7585
15203,36.7174
15143,8.9894
15204,36.8497
15144,8.8081
15205,37.9211
15145,8.7452
15206,36.8467
15146,8.7067
15207,36.5312
15147,8.8232
15208,37.5821
15148,8.9697
15209,37.3653
15149,8.6943
15210,35.9849
15150,9.4618
15211,39.5393
15151,8.6673
15212,36.2136
15152,8.7951
15213,36.2316
15153,9.0740
15214,37.6064
15154,8.8401
15155,8.7893
15215,37.8303
15216,36.7166
15156,9.1604
15217,37.6472
15157,8.7480
15218,36.3873
15158,8.8635
15219,36.7974
15159,9.0966
15220,37.2312
15160,8.7429
15221,36.5252
15161,8.7407
15222,36.6904
15162,8.9642
15163,8.8303
15223,37.8331
15224,36.3346
15164,9.0669
15225,37.3969
15165,9.2796
15166,8.7039
15226,37.4397
15227,36.4483
15167,8.8008
15228,36.8538
15168,8.8685
15229,36.6493
15169,9.0097
15230,37.5388
15170,9.6131
15231,37.1125
15171,9.0157
15172,8.7568
15232,37.6378
15233,36.2743
15173,8.6711
15234,36.4546
15174,8.8044
15235,36.7298
15175,9.0911
15236,37.0294
15176,8.9953
15237,37.2422
15177,9.0345
15238,36.0820
15178,8.9416
15239,36.9277
15179,8.8378
15240,37.4752
15180,9.1330
15241,36.8626
15181,8.7995
15242,36.3563
15182,8.9732
15243,36.9196
15183,8.8626
15244,37.2234
15184,8.8296
15245,36.3540
15185,8.9764
15246,36.8127
15186,9.3706
15247,37.2568
15187,8.8843
15248,36.4503
15188,9.0392
15249,37.1677
15189,8.6503
15250,36.3006
15190,8.9822
15251,36.7960
15191,9.2240
15252,37.5124
15192,8.9999
15253,38.0883
15193,9.0738
15254,36.9704
15194,8.8149
15255,36.1617
15195,8.7596
15256,37.0848
15196,8.6123
15257,36.9292
15197,8.7484
15258,36.2250
15198,8.8283
15259,36.9022
15199,9.3638
15260,37.9051
15200,8.9708
15261,37.0851
15201,8.9706
15262,37.6440
15202,8.9063
15263,36.5303
15203,8.9150
15264,37.1131
15204,9.0889
15265,36.9715
15205,8.8341
15266,36.7631
15206,8.9320
15267,37.1058
15207,9.1982
15268,37.2781
15208,8.8375
15269,36.8800
15209,9.0496
15270,37.3460
15210,8.9351
15271,36.8564
15211,8.9863
15272,36.6442
15212,8.7878
15273,36.8813
15213,8.7192
15274,36.5338
15214,9.1195
15275,36.9151
15215,8.9589
15276,37.6713
15216,8.8625
15277,37.3623
15217,8.7436
15278,37.0074
15218,8.6236
15279,36.5976
15219,8.8332
15280,36.0901
15220,8.9272
15281,37.3434
15221,8.8131
15282,37.1019
15222,8.6230
15283,36.3704
15223,9.1172
15284,37.5954
15224,8.8313
15285,36.6340
15225,9.0022
15286,36.9354
15226,8.7135
15287,36.5443
15227,8.6388
15288,36.5435
15228,8.6625
15289,36.5144
15229,8.7616
15290,36.5318
15230,8.9530
15291,36.9214
15231,8.7865
15292,36.8040
15232,9.0620
15293,36.8671
15233,8.8199
15294,36.2192
15234,8.6915
15295,36.5486
15235,8.7987
15296,36.2427
15236,8.9514
15237,8.7864
15297,37.3896
15298,36.0857
15238,9.1652
15239,8.6720
15299,37.6791
15300,36.6193
15240,8.7214
15301,36.5042
15241,8.7078
15302,36.7107
15242,8.6512
15303,36.4067
15243,8.6474
15304,36.4436
15244,9.1241
15245,8.6722
15305,36.9045
15306,36.4324
15246,9.0085
15307,37.6877
15247,8.6700
15308,36.1294
15248,9.1797
15309,37.5410
15249,9.1749
15310,37.0734
15250,8.9479
15311,36.8960
15251,9.1197
15312,37.1687
15252,8.6910
15313,36.3996
15253,8.7833
15314,36.9408
15254,9.1395
15315,36.6394
15255,8.9571
15316,37.1027
15256,9.0066
15317,37.0340
15257,8.8043
15258,8.7488
15318,38.9954
15319,37.3336
15259,8.6965
15320,36.2628
15260,9.0159
15321,37.3845
15261,8.7493
15322,37.2445
15262,8.5962
15323,36.2720
15263,8.9248
15324,36.8770
15264,8.7573
15325,36.4267
15265,8.7671
15326,36.1197
15266,9.0578
15327,37.7132
15267,8.7224
15328,36.6765
15268,8.7853
15329,35.8846
15269,8.9829
15330,37.1541
15270,9.0064
15331,37.3877
15271,8.7107
15332,36.4276
15272,9.0305
15333,36.8553
15273,8.7744
15334,37.5439
15274,8.7525
15335,37.1186
15275,8.9496
15276,8.9833
15336,37.2541
15337,36.5126
15277,8.8954
15338,36.8559
15278,8.7563
15339,36.4443
15279,8.8304
15340,36.4909
15280,9.1287
15341,36.9931
15281,8.9711
15282,8.8626
15342,37.5404
15343,35.9913
15283,8.9989
15344,36.6660
15284,8.8755
15345,37.0694
15285,8.8849
15346,37.3657
15286,8.8774
15347,38.4327
15287,8.7849
15348,37.4926
15288,8.6346
15349,35.8561
15289,8.7761
15350,36.4838
15290,9.0567
15351,37.6678
15291,9.2262
15352,37.9252
15292,8.8935
15353,36.8820
15293,8.8675
15354,36.9470
15294,8.6807
15355,36.8777
15295,8.8548
15356,36.8943
15296,8.8770
15357,37.5317
15297,8.6826
15358,36.8166
15298,8.9887
15359,36.7422
15299,8.9836
15360,37.1737
15300,8.8244
15361,36.3330
15301,8.8240
15362,36.6046
15302,9.2957
15363,37.7835
15303,9.0010
15364,36.5734
15304,8.9569
15365,36.4190
15305,9.1811
15366,37.1109
15306,8.9244
15367,37.3007
15307,8.6702
15368,36.1618
15308,8.9196
15369,37.4872
15309,9.0037
15370,36.0964
15310,8.8381
15371,36.5324
15311,9.0626
15372,36.6573
15312,8.7883
15373,36.7164
15313,8.8898
15374,36.3903
15314,8.9984
15375,36.9382
15315,8.9970
15376,35.9980
15316,9.1723
15377,37.9459
15317,8.9781
15378,36.9593
15318,8.7691
15379,36.2060
15319,8.8246
15380,36.3657
15320,9.0384
15381,36.9389
15321,8.8078
15382,35.9931
15322,9.1202
15383,37.0159
15323,8.7082
15384,36.3809
15324,8.7177
15385,36.5547
15325,8.8265
15386,37.2780
15326,8.8894
15387,36.1185
15327,9.3553
15388,37.2477
15328,9.4631
15389,37.9934
15329,9.2027
15390,36.9110
15330,8.6832
15391,35.9974
15331,9.0051
15392,37.1818
15332,9.2544
15333,8.6878
15393,37.2311
15394,36.0952
15334,8.6985
15395,36.7730
15335,8.6813
15396,36.6334
15336,9.1023
15397,36.6159
15337,8.9627
15398,37.5212
15338,8.8107
15339,8.8032
15399,38.1786
15400,36.1607
15340,8.7359
15401,36.9119
15341,8.9303
15402,36.1148
15342,9.1068
15403,37.1552
15343,8.8908
15404,36.9292
15344,8.9702
15405,37.2975
15345,8.7781
15406,36.3839
15346,8.6415
15407,37.0063
15347,9.2372
15408,37.5194
15348,9.0155
15409,37.1340
15349,8.8420
15410,36.5140
15350,9.0780
15411,36.5468
15351,8.8794
15412,36.7181
15352,8.8994
15413,36.7947
15353,8.8360
15414,36.8397
15354,8.8178
15415,36.8524
15355,8.8016
15416,36.8684
15356,8.7845
15417,36.6206
15357,8.7633
15418,36.9608
15358,8.7479
15419,37.3228
15359,8.6739
15420,36.2078
15360,9.2105
15421,37.4063
15361,9.0256
15422,36.7816
15362,8.7296
15423,36.4054
15363,8.8399
15424,36.7174
15364,8.6029
15425,36.2920
15365,8.8016
15426,36.4969
15366,9.2070
15367,9.1302
15427,37.4093
15428,36.8066
15368,8.9061
15429,36.2938
15369,9.0519
15430,36.8247
15370,8.8456
15431,36.8145
15371,9.0531
15432,37.2741
15372,8.7140
15433,36.6281
15373,8.8211
15434,36.3327
15374,8.8359
15435,36.4780
15375,9.1686
15376,8.6883
15436,37.0134
15437,36.2318
15377,8.8990
15438,36.8995
15378,8.8570
15439,36.9287
15379,9.0775
15380,8.6293
15440,36.8042
15441,35.4948
15381,8.8844
15442,36.9119
15382,8.7293
15443,36.8163
15383,8.8523
15444,37.5721
15384,8.6957
15445,36.8134
15385,8.8502
15446,36.4877
15386,9.0474
15447,37.1362
15387,8.6622
15448,36.0762
15388,9.1058
15449,37.4457
15389,8.8388
15450,36.9144
15390,9.0005
15451,37.1395
15391,9.1320
15452,36.5791
15392,8.9419
15453,36.6860
15393,8.9644
15394,8.8819
15454,37.4280
15455,36.4602
15395,8.9421
15456,37.4853
15396,9.0895
15457,37.2054
15397,8.8557
15458,37.1754
15398,8.8913
15459,37.3333
15399,8.8540
15460,37.1542
15400,8.8159
15461,37.7270
15401,8.7772
15402,8.8789
15462,37.5917
15463,36.8725
15403,8.6937
15464,37.9816
15404,8.8498
15465,36.7103
15405,8.9430
15466,37.8032
15406,9.1294
15467,38.2766
15407,9.0047
15468,38.5717
15408,9.1253
15469,37.9732
15409,9.1056
15470,37.5843
15410,9.0380
15471,38.2725
15411,8.9787
15472,37.9910
15412,9.1321
15473,37.8115
15413,9.4316
15474,38.8111
15414,9.1380
15475,37.0903
15415,8.9577
15476,36.6468
15416,8.7836
15477,37.2830
15417,9.5262
15478,38.0494
15418,8.9181
15479,37.9950
15419,8.9853
15480,37.3860
15420,8.7806
15481,37.2342
15421,8.9595
15482,37.2073
15422,9.2762
15483,37.8344
15423,9.1960
15424,8.9076
15484,38.7922
15485,38.0095
15425,8.9752
15486,37.0169
15426,8.8430
15487,37.2475
15427,8.8895
15488,37.3879
15428,8.9325
15489,37.6493
15429,9.3742
15490,39.3399
15430,8.9498
15491,37.6828
15431,8.8141
15492,37.2896
15432,8.7691
15493,37.3947
15433,8.9958
15494,38.3162
15434,8.9313
15495,37.6054
15435,9.3349
15496,38.8135
15436,8.8180
15437,8.8388
15497,38.4527
15498,37.0613
15438,9.2928
15499,38.2825
15439,8.8948
15500,38.0146
15440,8.7225
15501,37.3151
15441,8.8622
15502,37.8419
15442,9.0962
15503,38.0263
15443,9.0825
15504,37.7894
15444,8.7585
15445,8.9658
15505,37.9718
15506,37.2769
15446,8.8158
15507,37.4759
15447,8.8768
15508,37.1442
15448,8.6433
15509,38.3495
15449,8.8768
15510,37.0862
15450,8.7617
15511,38.0176
15451,8.6883
15452,8.8221
15512,38.7278
15513,37.0125
15453,9.0116
15514,37.6617
15454,9.2204
15455,8.8279
15515,37.9035
15516,37.7341
15456,8.8928
15517,37.1902
15457,8.8078
15518,36.7212
15458,8.9381
15519,37.4998
15459,9.2872
15460,8.7394
15520,38.0930
15521,37.5937
15461,9.0624
15522,37.4634
15462,8.8182
15523,37.7176
15463,8.8708
15524,37.2235
15464,9.0289
15465,8.9883
15525,38.6938
15526,37.1197
15466,8.8523
15527,40.1461
15467,8.8993
15528,38.1632
15468,8.8340
15529,38.1325
15469,8.9392
15530,37.8854
15470,9.1090
15531,37.5155
15471,9.2837
15532,37.6730
15472,8.8595
15533,37.2510
15473,9.2479
15474,8.8965
15534,38.5186
15535,37.6832
15475,8.9111
15536,37.3172
15476,9.2263
15477,9.0398
15537,38.9487
15478,9.0166
15538,38.4088
15539,38.0628
15479,8.8496
15540,37.3290
15480,8.8279
15541,37.8511
15481,9.0662
15542,37.5101
15482,8.9688
15543,37.3501
15483,8.7474
15544,37.6659
15484,9.3105
15545,39.0378
15485,8.9603
15546,38.1875
15486,8.9531
15547,37.3057
15487,9.0525
15488,8.9896
15548,37.5564
15549,36.9520
15489,9.3652
15550,38.4956
15490,9.0965
15551,37.9948
15491,9.1236
15552,37.5091
15492,9.2117
15553,38.8372
15493,9.0179
15494,8.7173
15554,38.5032
15555,37.4644
15495,9.2104
15496,8.6290
15556,38.3936
15557,36.7659
15497,9.4422
15558,38.4737
15498,8.9525
15559,38.2441
15499,8.8604
15500,8.8206
15560,38.1628
15561,37.4218
15501,8.8053
15562,37.8829
15502,9.0665
15503,8.8013
15563,37.9088
15564,37.0396
15504,9.1531
15565,38.9780
15505,8.9957
15566,37.1459
15506,9.2259
15567,38.0759
15507,8.6896
15508,8.8827
15568,38.4566
15569,37.7115
15509,8.6815
15570,37.3917
15510,8.7742
15511,8.7141
15571,39.2348
15572,37.8136
15512,9.1154
15573,37.6908
15513,8.6204
15514,8.9308
15574,38.2032
15575,37.3068
15515,8.9801
15576,37.8715
15516,8.8664
15517,8.6389
15577,37.9821
15578,37.1746
15518,8.9995
15579,37.6612
15519,9.3429
15580,37.9136
15520,8.8221
15581,37.7627
15521,8.7129
15582,38.2463
15522,8.7443
15583,37.3060
15523,9.0064
15584,37.8573
15524,8.6459
15585,37.6694
15525,8.7805
15526,8.6002
15586,38.9847
15587,38.3251
15527,8.6418
15588,37.8719
15528,8.8881
15529,8.6824
15589,37.9740
15590,37.7020
15530,8.9983
15591,38.4465
15531,8.5268
15592,37.6856
15532,8.9432
15533,8.6256
15593,39.2282
15594,37.1064
15534,8.8688
15595,38.3636
15535,8.8757
15596,38.6262
15536,8.5510
15597,36.2639
15537,8.6195
15598,36.5655
15538,8.7267
15599,36.4065
15539,8.9371
15600,37.1024
15540,8.5954
15601,36.3057
15541,8.7863
15602,36.8035
15542,8.9831
15603,36.6980
15543,8.8544
15604,37.3086
15544,8.8485
15605,36.6514
15545,9.1619
15606,37.5256
15546,8.9979
15607,36.4215
15547,8.6977
15608,36.8878
15548,8.9785
15609,37.1017
15549,8.8782
15610,37.4880
15550,8.9388
15611,37.4618
15551,8.8728
15612,36.6237
15552,8.5810
15613,36.2965
15553,8.6796
15614,36.8803
15554,8.7387
15615,36.8841
15555,8.5939
15616,38.3909
15556,8.6194
15617,37.6577
15557,8.3977
15618,37.1646
15558,8.4349
15619,38.5673
15559,8.5443
15620,38.3849
15560,8.5684
15621,37.7192
15561,8.5141
15562,8.3734
15622,39.2099
15623,36.8127
15563,8.7362
15624,37.0577
15564,8.9281
15625,38.0760
15565,8.4680
15626,37.7994
15566,8.4811
15627,38.2250
15567,8.6057
15628,37.6233
15568,8.4353
15629,37.9265
15569,8.2738
15630,36.9113
15570,8.6171
15631,37.9756
15571,8.9654
15632,38.2108
15572,8.5780
15633,37.5810
15573,8.6103
15634,37.4181
15574,8.3988
15635,37.8003
15575,8.5789
15636,37.6948
15576,8.6265
15637,38.4358
15577,8.6862
15638,38.1363
15578,8.3832
15639,37.4762
15579,8.5259
15640,37.5590
15580,8.9278
15641,39.0735
15581,8.6314
15642,37.0751
15582,8.4767
15643,37.3867
15583,8.4873
15644,37.6866
15584,8.3260
15645,37.4952
15585,8.5578
15646,37.6400
15586,8.4214
15647,37.4910
15587,8.5349
15648,37.3846
15588,8.5641
15649,37.6004
15589,8.4700
15650,38.4561
15590,8.6785
15651,37.0791
15591,8.2677
15652,37.2182
15592,8.4564
15653,37.8166
15593,8.3668
15654,37.3007
15594,8.3026
15655,37.6695
15595,8.5150
15656,37.6061
15596,8.4098
15657,38.0710
15597,8.5572
15658,37.6375
15598,8.5593
15659,37.6620
15599,8.3999
15660,37.0760
15600,8.4853
15661,37.6722
15601,8.8317
15662,38.6791
15602,8.8254
15663,37.3473
15603,8.4180
15664,36.6129
15604,8.6232
15665,37.5192
15605,8.7547
15666,38.8558
15606,8.7434
15667,37.1641
15607,8.5818
15668,37.6902
15608,8.6128
15669,37.6569
15609,8.4919
15670,37.2872
15610,8.5856
15671,38.0974
15611,8.6620
15672,38.1226
15612,8.6146
15673,37.9618
15613,8.3807
15674,37.9061
15614,8.7680
15675,36.9338
15615,8.7583
15676,38.4389
15616,8.3506
15677,37.3737
15617,8.6003
15678,37.8328
15618,8.7386
15679,38.0821
15619,8.7168
15680,36.9870
15620,8.4300
15681,37.9210
15621,8.6559
15682,38.3303
15622,8.6550
15623,8.4793
15683,38.1727
15684,36.8943
15624,8.7519
15685,38.3910
15625,8.5833
15686,37.2693
15626,8.8216
15687,38.6975
15627,8.4477
15688,37.4743
15628,8.5920
15689,38.8848
15629,8.4655
15690,37.6427
15630,8.5376
15631,8.3448
15691,38.8260
15692,36.7837
15632,8.4461
15693,38.2648
15633,8.4826
15694,37.3051
15634,8.2240
15695,37.8410
15635,8.6577
15696,38.2319
15636,8.2679
15697,37.6637
15637,8.3722
15698,36.8433
15638,8.6063
15699,37.8965
15639,8.3795
15700,37.7433
15640,8.3439
15701,37.3038
15641,8.4646
15642,8.4942
15702,37.8903
15703,36.9533
15643,8.4648
15704,38.2360
15644,8.6717
15645,8.3597
15705,38.1412
15646,8.4658
15706,37.8358
15707,36.8183
15647,8.4912
15708,38.7639
15648,8.7022
15709,37.1626
15649,8.3872
15710,37.8918
15650,8.3313
15711,37.7167
15651,8.8882
15652,8.6146
15712,37.1983
15713,37.7495
15653,8.6598
15714,37.7955
15654,8.4439
15655,8.4020
15715,38.2787
15716,37.2272
15656,8.7787
15717,37.7456
15657,8.3531
15718,37.6049
15658,8.5740
15659,8.1172
15719,37.9987
15720,36.8578
15660,8.8233
15721,38.2949
15661,8.7605
15662,8.2968
15722,37.8246
15723,36.8977
15663,8.3988
15724,37.2463
15664,8.2979
15665,8.3546
15725,38.1251
15666,8.3089
15726,37.5351
15727,36.6145
15667,8.4320
15728,37.8373
15668,8.6940
15729,38.0686
15669,8.5052
15730,38.5076
15670,8.4217
15671,8.5138
15731,38.3628
15672,8.3097
15732,37.7403
15733,37.5031
15673,8.2686
15734,37.5639
15674,8.6612
15735,38.3381
15675,8.6720
15736,37.6915
15676,8.5251
15737,38.8976
15677,8.5006
15738,36.8025
15678,8.3779
15679,8.1834
15739,37.7637
15740,36.7777
15680,8.6342
15741,37.8509
15681,8.7219
15742,38.5845
15682,8.3473
15743,37.4598
15683,8.3238
15744,37.8127
15684,8.4288
15685,8.4895
15745,37.9682
15746,37.3680
15686,8.8870
15747,39.2614
15687,9.0108
15748,38.4257
15688,8.5365
15749,38.9074
15689,8.3595
15750,36.7052
15690,8.3507
15751,37.4699
15691,8.3940
15752,37.6839
15692,8.4952
15753,37.6796
15693,8.4313
15754,37.5090
15694,8.3960
15755,37.4216
15695,8.5542
15696,8.3141
15756,38.5375
15757,37.5525
15697,8.1617
15758,38.3498
15698,8.3476
15759,37.2815
15699,8.3604
15760,37.3290
15700,8.4195
15761,37.9419
15701,8.6343
15762,37.6573
15702,8.2643
15763,38.0125
15703,8.8752
15764,38.7458
15704,8.7385
15765,37.5457
15705,8.4016
15766,38.0643
15706,8.3245
15767,37.4755
15707,8.8069
15768,37.7456
15708,8.7882
15709,8.3583
15769,38.7211
15770,36.9722
15710,8.6981
15771,37.7642
15711,8.5700
15772,38.0963
15712,8.5399
15773,38.0760
15713,8.6511
15774,38.8465
15714,8.7172
15775,36.8624
15715,8.3011
15776,37.4832
15716,8.4968
15777,37.5602
15717,8.7589
15778,39.1101
15718,8.5877
15779,37.6494
15719,8.4389
15780,37.6595
15720,8.4526
15781,37.2883
15721,8.4153
15782,38.3126
15722,8.4339
15783,38.5693
15723,8.4735
15784,37.4319
15724,8.5200
15785,38.5158
15725,8.4227
15786,37.7609
15726,8.5138
15787,38.3262
15727,8.4447
15788,38.4901
15728,8.3814
15789,37.8496
15729,8.4310
15790,37.6275
15730,8.1530
15791,37.5765
15731,8.3510
15732,8.4709
15792,37.8121
15793,37.0614
15733,8.4080
15734,8.6044
15794,37.9244
15795,37.3000
15735,8.9542
15796,38.7031
15736,8.4096
15797,37.7058
15737,8.4522
15738,8.4907
15798,37.8160
15799,38.0132
15739,8.6811
15800,37.1941
15740,8.4904
15801,38.2059
15741,8.4157
15802,37.9914
15742,8.7186
15803,38.5702
15743,9.0775
15744,8.2701
15804,38.5621
15745,8.4012
15805,37.4337
15806,36.8093
15746,8.4409
15747,8.1362
15807,38.0944
15808,36.9212
15748,8.6627
15749,8.3546
15809,38.4497
15810,37.3247
15750,8.7003
15811,37.7414
15751,8.7110
15752,8.5375
15812,37.7905
15813,37.3121
15753,8.4461
15754,8.1546
15814,38.9738
15755,8.6060
15815,37.2705
15816,37.6299
15756,8.5956
15817,37.7950
15757,8.4843
15818,38.4127
15758,8.3795
15819,37.3162
15759,8.1767
15820,37.7435
15760,8.6405
15821,38.3051
15761,8.4618
15762,8.3128
15822,38.1477
15823,37.0981
15763,8.2401
15824,37.6350
15764,8.6086
15765,8.4268
15825,38.2357
15826,37.8089
15766,8.2978
15827,37.7679
15767,8.5118
15828,37.3755
15768,8.4699
15829,37.2723
15769,8.9107
15770,8.4846
15830,38.5514
15831,37.3134
15771,8.5153
15832,38.1006
15772,8.8789
15773,8.1136
15833,37.9700
15834,36.4857
15774,8.3970
15775,8.3605
15835,37.6065
15836,36.9789
15776,8.6855
15837,38.8578
15777,8.9073
15778,8.5554
15838,38.3703
15839,37.8995
15779,8.5359
15780,8.4177
15840,38.2939
15841,36.9521
15781,8.6428
15842,38.2474
15782,8.6264
15843,37.6877
15783,8.3892
15844,37.6014
15784,8.6610
15845,38.3697
15785,8.5951
15846,37.0234
15786,8.3411
15847,38.1884
15787,8.6259
15848,38.3030
15788,8.4167
15849,37.4708
15789,8.9112
15850,38.4440
15790,8.5818
15851,37.8019
15791,8.5818
15792,8.3987
15852,38.7861
15853,37.3784
15793,8.6928
15854,38.5740
15794,8.5790
15795,8.3266
15855,38.6955
15796,8.3296
15856,37.1228
15857,36.9965
15797,8.2927
15858,37.4434
15798,8.5080
15799,8.2363
15859,38.6498
15860,37.5149
15800,8.6640
15801,8.3045
15861,38.1377
15862,37.2567
15802,8.6864
15803,8.3260
15863,38.4921
15864,36.7277
15804,8.4774
15865,37.2096
15805,8.2957
15806,8.4165
15866,39.8338
15867,38.1967
15807,8.4528
15868,37.8359
15808,8.5227
15869,38.0903
15809,8.4563
15870,37.5933
15810,8.7279
15871,38.1645
15811,8.2641
15872,37.8451
15812,8.5300
15873,38.1649
15813,8.6625
15874,37.9136
15814,8.3781
15875,37.3911
15815,8.4355
15816,8.1885
15876,38.6608
15877,36.8960
15817,8.7888
15818,8.2257
15878,38.7917
15879,36.7682
15819,8.3772
15880,37.7912
15820,8.5579
15881,38.4492
15821,8.2802
15882,37.4844
15822,8.6080
15883,38.2475
15823,8.8812
15884,38.6953
15824,8.6144
15885,37.5478
15825,8.3977
15886,38.3101
15826,8.2030
15887,37.0480
15827,8.3302
15888,37.7407
15828,8.3647
15889,38.0069
15829,8.5098
15890,38.2524
15830,8.4470
15891,37.5673
15831,8.5704
15832,8.5112
15892,38.0978
15833,8.3463
15893,37.6364
15894,37.5942
15834,8.1956
15895,38.7072
15835,8.2824
15896,37.6458
15836,8.4598
15897,37.1082
15837,8.5635
15838,8.2241
15898,38.2830
15899,37.3489
15839,8.4156
15900,37.6025
15840,8.6706
15841,8.3845
15901,38.1398
15902,37.3072
15842,8.5636
15903,37.5317
15843,8.3497
15904,38.5549
15844,8.6461
15905,38.4715
15845,8.6919
15906,38.6765
15846,8.3362
15907,37.4900
15847,8.4174
15908,37.2019
15848,8.4139
15909,37.3832
15849,8.7416
15910,38.3260
15850,8.7280
15911,39.0217
15851,8.6790
15912,38.1854
15852,8.4233
15853,8.2889
15913,37.9419
15914,36.9546
15854,8.5749
15915,38.5330
15855,8.4701
15856,8.1910
15916,39.0644
15917,37.7367
15857,8.4477
15918,37.8556
15858,8.2395
15919,37.4843
15859,8.4461
15920,37.8895
15860,8.6551
15921,37.5637
15861,8.5614
15862,8.2865
15922,39.2329
15863,8.2937
15923,38.0349
15924,37.4776
15864,8.4472
15925,38.3015
15865,8.3351
15926,37.2347
15866,8.3970
15927,38.3573
15867,8.5316
15928,38.0284
15868,8.2321
15929,37.6285
15869,8.2424
15930,37.4708
15870,8.3490
15931,37.8809
15871,8.4756
15932,37.7597
15872,8.4225
15933,37.6183
15873,8.6696
15934,37.5085
15874,8.2647
15935,37.5976
15875,8.3249
15936,38.1257
15876,8.6123
15937,38.2190
15877,8.2818
15878,8.3476
15938,38.8131
15939,37.0938
15879,8.4389
15940,37.8841
15880,8.4545
15941,37.5749
15881,8.4778
15942,38.5026
15882,8.3535
15943,38.1758
15883,8.4534
15884,8.3164
15944,37.8803
15945,37.3611
15885,8.3591
15946,37.9491
15886,8.6144
15887,8.3055
15947,38.4265
15948,37.0384
15888,8.2484
15949,37.4455
15889,8.2913
15950,38.5770
15890,8.3816
15951,38.4887
15891,8.3072
15952,38.5994
15892,8.7520
15953,38.4644
15893,8.2520
15954,38.3965
15894,8.4783
15955,38.0942
15895,8.4165
15956,37.5593
15896,8.1587
15957,37.0580
15897,8.3987
15958,37.9748
15898,8.2879
15959,37.8201
15899,8.3991
15960,37.8059
15900,8.6500
15961,37.9225
15901,8.2670
15962,38.0700
15902,8.4427
15963,38.4614
15903,8.2566
15964,37.3719
15904,8.3796
15965,38.4232
15905,8.1297
15966,37.9197
15906,8.4318
15967,40.1525
15907,8.3014
15968,37.6357
15908,8.1451
15969,37.7034
15909,8.3105
15970,37.4280
15910,8.4951
15971,38.2600
15911,8.6654
15972,38.0542
15912,8.2166
15913,8.5269
15973,38.0619
15974,37.4396
15914,8.3424
15975,38.1600
15915,8.2211
15976,37.6752
15916,8.6982
15917,8.3635
15977,38.7099
15918,8.2796
15978,37.3296
15979,36.9316
15919,8.1707
15980,37.6810
15920,8.5130
15981,38.1777
15921,8.3848
15982,37.0774
15922,8.7163
15923,8.2624
15983,38.3047
15984,37.2490
15924,8.5663
15985,38.2177
15925,8.2984
15986,37.5338
15926,8.9191
15987,39.0368
15927,8.4125
15988,37.7058
15928,8.3902
15989,37.9226
15929,8.6261
15990,38.1374
15930,8.6635
15991,37.4696
15931,8.3439
15992,38.2219
15932,8.4330
15993,38.4355
15933,8.3826
15994,38.2085
15934,8.3597
15995,36.9785
15935,8.4030
15996,38.4510
15936,8.5492
15997,37.1973
15937,8.3771
15998,38.1638
15938,8.3587
15999,37.9185
15939,8.5310
16000,38.2509
15940,8.4819
16001,37.8515
15941,8.5539
16002,38.2671
15942,8.1694
16003,37.0925
15943,8.3681
16004,37.8478
15944,8.4411
16005,38.4704
15945,8.3597
16006,37.4404
15946,8.5067
16007,38.4747
15947,8.4700
15948,8.3358
16008,38.4296
16009,37.5029
15949,8.4145
16010,38.0428
15950,8.5872
16011,38.4036
15951,8.2949
16012,37.5237
15952,8.2387
16013,38.4653
15953,8.3215
16014,37.0765
15954,8.6105
16015,38.4649
15955,8.2254
16016,37.9043
15956,8.2723
16017,38.0384
15957,8.3204
16018,38.0999
15958,8.4430
16019,37.8535
15959,8.4605
16020,38.1443
15960,8.5996
16021,38.4708
15961,8.3520
16022,37.3880
15962,8.7662
16023,38.6773
15963,8.1909
15964,8.0697
16024,37.7814
16025,36.3545
15965,8.2694
15966,8.4906
16026,37.9980
16027,37.7950
15967,8.4298
15968,8.3587
16028,38.2306
16029,37.2209
15969,8.7172
16030,38.9686
15970,8.2250
15971,8.1559
16031,38.2026
16032,37.3820
15972,8.2988
16033,38.6857
15973,8.4948
16034,37.9016
15974,8.0856
16035,37.3540
15975,8.1671
16036,36.7984
15976,8.3777
16037,38.3098
15977,8.2915
16038,37.7008
15978,8.2984
16039,37.8229
15979,8.4511
16040,38.3944
15980,8.4856
16041,37.9603
15981,8.4538
16042,38.3958
15982,8.5652
16043,38.0935
15983,8.2898
16044,37.1282
15984,8.2068
16045,38.2058
15985,8.2856
16046,37.4617
15986,8.3877
16047,38.7373
15987,8.6061
16048,38.2501
15988,8.3526
16049,37.6331
15989,8.4411
16050,38.4542
15990,8.3012
16051,37.1438
15991,8.1674
16052,37.7803
15992,8.2674
15993,8.2344
16053,37.9832
16054,37.5010
15994,11.0842
15995,7.2001
16055,38.1840
16056,37.7183
15996,7.4539
16057,38.1318
15997,7.3303
16058,37.7517
15998,7.2376
16059,37.6780
15999,7.1070
16060,37.0199
16000,7.3201
16061,37.6537
16001,7.1439
16062,38.5457
16002,7.7204
16003,7.6466
16063,38.4834
16004,7.4764
16064,37.5225
16065,37.5061
16005,7.3012
16066,37.4810
16006,7.3242
16007,7.3309
16067,38.0438
16068,37.5940
16008,7.5869
16069,39.0519
16009,7.3083
16010,7.0968
16070,38.3371
16071,38.0175
16011,7.6839
16072,38.3161
16012,7.4527
16073,38.3559
16013,7.2437
16074,37.8706
16014,7.6494
16075,37.1029
16015,7.9208
16076,37.6132
16016,7.7047
16017,7.5765
16077,38.0012
16078,36.6314
16018,7.6639
16079,36.7823
16019,7.8826
16020,7.3011
16080,38.0724
16081,36.3454
16021,7.6325
16082,37.4745
16022,7.8698
16083,37.7184
16023,7.3211
16084,36.7444
16024,7.1119
16085,37.0770
16025,7.5908
16086,37.5219
16026,7.9108
16087,37.1955
16027,7.5803
16028,7.2644
16088,38.7446
16089,36.2115
16029,7.7518
16090,37.7523
16030,7.1659
16091,37.8092
16031,7.2115
16092,37.4593
16032,7.1820
16093,37.3155
16033,7.4732
16094,36.8245
16034,7.2782
16095,36.7541
16035,7.4795
16096,38.1498
16036,7.3593
16037,7.2173
16097,38.1610
16098,36.9234
16038,7.5258
16099,37.9242
16039,7.3392
16100,36.9212
16040,7.6646
16101,37.6978
16041,7.8661
16102,38.1403
16042,7.7304
16103,37.4539
16043,7.5549
16104,38.1740
16044,8.0907
16105,37.4941
16045,7.9410
16046,7.5557
16106,37.7788
16107,37.0044
16047,7.2937
16108,36.6298
16048,7.6377
16109,37.0937
16049,8.0297
16110,38.0934
16050,7.7895
16111,38.1881
16051,7.4340
16112,37.0788
16052,7.7237
16113,37.1315
16053,7.4635
16114,36.8610
16054,7.5432
16115,37.4555
16055,7.6056
16116,37.5238
16056,7.7363
16117,38.0141
16057,7.1539
16118,36.9783
16058,7.4733
16119,37.2616
16059,7.5234
16120,36.6948
16060,7.6169
16121,37.6228
16061,7.5661
16122,38.0536
16062,7.4780
16063,7.1938
16123,37.7648
16124,36.7982
16064,7.4729
16125,37.9424
16065,7.1269
16126,36.0041
16066,6.9179
16127,37.6463
16067,7.2803
16128,36.7886
16068,7.8286
16069,7.2395
16129,38.1497
16130,36.7921
16070,7.4852
16071,7.4740
16131,37.7287
16132,36.1892
16072,7.8448
16133,37.9471
16073,7.5519
16134,36.8081
16074,7.2578
16135,37.3587
16075,7.5570
16136,37.9437
16076,7.4363
16137,37.0751
16077,7.2666
16138,38.2618
16078,7.2812
16139,37.1343
16079,7.2436
16140,37.5531
16080,7.5944
16141,36.7963
16081,7.1797
16142,36.8367
16082,7.7227
16143,37.0948
16083,7.6484
16144,36.9234
16084,7.2844
16145,37.2755
16085,7.6140
16146,36.9292
16086,10.6847
16147,37.2537
16087,8.6120
16148,36.9196
16088,8.5878
16149,37.5265
16089,8.3365
16150,36.8811
16090,8.5543
16151,37.4129
16091,8.2335
16152,37.1008
16092,8.2775
16153,37.0594
16093,7.7238
16154,37.1738
16094,8.2195
16155,36.3664
16095,7.8252
16156,37.3824
16096,9.0561
16157,37.3522
16097,8.0257
16158,38.1543
16098,8.1269
16159,36.8752
16099,7.9638
16160,36.9748
16100,8.8441
16161,37.7188
16101,8.1238
16162,39.2057
16102,7.8454
16163,36.9368
16103,8.2018
16164,37.3269
16104,7.8918
16165,37.4876
16105,7.9635
16166,37.6693
16106,7.6092
16107,8.0928
16167,37.9604
16168,37.5240
16108,8.3029
16169,37.0506
16109,8.2581
16170,37.4396
16110,7.7997
16171,37.8096
16111,8.6157
16172,37.0634
16112,8.2813
16113,7.8083
16173,39.0684
16174,36.3964
16114,7.9108
16175,37.1139
16115,7.6066
16176,38.0478
16116,8.0840
16177,37.3221
16117,8.4864
16178,37.2618
16118,8.1977
16179,37.8669
16119,8.5099
16120,7.2788
16180,38.0935
16181,36.0709
16121,7.7318
16182,36.4825
16122,7.9588
16183,37.0518
16123,8.2281
16184,37.5383
16124,7.9302
16185,36.7067
16125,7.8291
16186,36.9135
16126,8.5690
16187,36.9412
16127,7.3295
16188,36.9315
16128,8.5702
16189,37.3914
16129,7.8108
16190,37.6109
16130,8.0163
16191,36.9556
16131,7.6939
16192,37.2680
16132,8.5803
16133,7.4615
16193,38.0178
16194,37.0694
16134,8.2158
16195,37.6106
16135,7.7616
16196,36.7535
16136,7.9617
16197,37.1593
16137,7.8067
16198,37.2648
16138,9.0418
16199,37.2560
16139,7.7681
16200,36.7910
16140,8.3878
16201,38.6116
16141,8.0291
16202,38.0040
16142,8.1405
16203,37.6583
16143,7.6067
16204,36.5331
16144,8.0057
16205,37.8204
16145,8.3952
16206,37.6098
16146,7.5878
16207,36.9810
16147,8.1667
16208,37.6669
16148,7.6189
16209,37.6489
16149,7.2709
16210,36.4921
16150,8.0546
16211,37.5902
16151,8.4424
16152,7.4028
16212,37.5407
16213,37.1261
16153,8.7384
16214,37.7533
16154,7.5947
16215,37.1013
16155,7.8478
16216,37.0975
16156,7.4972
16217,36.2243
16157,8.6962
16218,37.8966
16158,7.4882
16219,37.6210
16159,8.4199
16220,37.1953
16160,8.2707
16221,37.2259
16161,7.7889
16222,36.5012
16162,7.5972
16223,36.7075
16163,8.4311
16224,38.2361
16164,7.6526
16225,37.3056
16165,8.2271
16226,37.5561
16166,8.1996
16227,37.6022
16167,7.4724
16228,37.0114
16168,7.8454
16229,37.2075
16169,7.3756
16230,36.7431
16170,8.0830
16231,37.8959
16171,7.3163
16232,36.9183
16172,8.1837
16173,7.7811
16233,38.5621
16174,7.3333
16234,36.5970
16235,37.4039
16175,8.0773
16176,7.2620
16236,37.4844
16237,36.6809
16177,7.8245
16238,37.3839
16178,7.9605
16239,37.3691
16179,8.7120
16180,7.5122
16240,37.1952
16181,7.1907
16241,36.9472
16242,36.9762
16182,7.8377
16243,37.9245
16183,7.2885
16244,37.2061
16184,7.1979
16245,37.0257
16185,7.7853
16246,38.0249
16186,7.1152
16247,36.6468
16187,7.1764
16248,36.4920
16188,7.4750
16249,38.2558
16189,7.6401
16250,37.4491
16190,7.2642
16251,37.4209
16191,7.1051
16252,36.4347
16192,7.6043
16253,36.7957
16193,7.3420
16254,38.2486
16194,7.1690
16255,36.6337
16195,7.1393
16256,36.1923
16196,7.5182
16257,37.8682
16197,7.9368
16258,38.4794
16198,8.1891
16199,7.2541
16259,36.9430
16200,7.1236
16260,36.9400
16261,36.9372
16201,7.3915
16262,37.7710
16202,7.4336
16263,37.8060
16203,7.4752
16264,36.3725
16204,7.1886
16265,37.8002
16205,7.8241
16266,37.6449
16206,8.6039
16207,7.2591
16267,37.8035
16208,7.4903
16268,36.5200
16269,37.0146
16209,7.7933
16270,38.0020
16210,7.4538
16271,36.4650
16211,7.2705
16272,36.5607
16212,7.6179
16273,38.0556
16213,8.6989
16274,37.6076
16214,8.1008
16275,36.9961
16215,7.4472
16216,7.2779
16276,37.2692
16277,36.7793
16217,7.5669
16278,38.6684
16218,8.7875
16219,7.4006
16279,37.7914
16280,36.7412
16220,8.4070
16281,37.6365
16221,7.2759
16282,36.1688
16222,7.0975
16283,37.0537
16223,7.7521
16284,37.4354
16224,7.2572
16285,37.2048
16225,8.1057
16286,38.5660
16226,7.5309
16287,37.0166
16227,7.2012
16288,36.7016
16228,6.9652
16289,37.4055
16229,7.6551
16290,38.0478
16230,7.1692
16291,37.5480
16231,7.6589
16292,37.7533
16232,7.2728
16293,36.9930
16233,8.5429
16294,39.0360
16234,8.2154
16295,36.8495
16235,7.3819
16296,36.7194
16236,7.4318
16297,37.5526
16237,7.9274
16298,37.8892
16238,7.8072
16299,37.1266
16239,7.4334
16300,36.5530
16240,8.5783
16301,37.1006
16241,7.6892
16302,37.0330
16242,8.8573
16303,37.6401
16243,7.9540
16304,36.9790
16244,8.5813
16305,37.2566
16245,7.4354
16306,37.0388
16246,8.3919
16307,36.9871
16247,8.0871
16308,37.5659
16248,8.6710
16309,37.8616
16249,8.6547
16250,7.7380
16310,37.0116
16311,36.2368
16251,8.9466
16312,37.7061
16252,8.6471
16313,37.2600
16253,7.5133
16314,37.5258
16254,8.1112
16315,37.5442
16255,7.9976
16316,36.8765
16256,8.2985
16317,37.2961
16257,7.8130
16318,36.8338
16258,8.2789
16319,37.9445
16259,7.8690
16260,7.6348
16320,38.2095
16321,36.6173
16261,8.2747
16322,37.0996
16262,7.5576
16323,36.7819
16263,7.9733
16264,7.9112
16324,38.6685
16325,37.3105
16265,8.8349
16326,38.1462
16266,7.5662
16327,37.4648
16267,8.2762
16328,37.6164
16268,7.6606
16329,37.5956
16269,7.3838
16330,37.3411
16270,8.6474
16331,37.7579
16271,8.2409
16332,36.8230
16272,7.3481
16333,40.0231
16273,7.7385
16334,36.9301
16274,7.7665
16335,37.5685
16275,7.4352
16336,37.5520
16276,8.3201
16337,37.3836
16277,8.1932
16338,37.9826
16278,8.4329
16279,7.8719
16339,37.4424
16340,36.4618
16280,8.6495
16281,7.8814
16341,37.8904
16342,37.1408
16282,8.7276
16343,37.4609
16283,8.1143
16344,37.1558
16284,7.5053
16345,37.8624
16285,7.9312
16286,7.8312
16346,40.6636
16347,36.3058
16287,7.9663
16348,36.7736
16288,8.0355
16349,37.8429
16289,8.2599
16350,38.6849
16290,8.2874
16291,7.6339
16351,38.3277
16352,36.4252
16292,7.9583
16353,37.0723
16293,8.4163
16354,37.3848
16294,7.6223
16355,38.5253
16295,8.0088
16356,37.0628
16296,8.3628
16357,37.7777
16297,7.8597
16358,37.4734
16298,8.3111
16359,37.8655
16299,7.7345
16360,36.7719
16300,7.9365
16361,37.8036
16301,7.7113
16362,37.7877
16302,7.6945
16363,37.2760
16303,7.7202
16364,36.9598
16304,8.4389
16365,37.6591
16305,8.0472
16366,37.9569
16306,7.8280
16367,36.4686
16307,7.6070
16308,7.7250
16368,39.5135
16369,37.4249
16309,7.6904
16370,37.1349
16310,8.2927
16371,37.2027
16311,7.8749
16372,37.0588
16312,8.1707
16373,37.2751
16313,7.6093
16374,36.6547
16314,7.9185
16375,36.3653
16315,8.0261
16376,37.2494
16316,8.0112
16377,37.3512
16317,7.9876
16378,36.9051
16318,8.1830
16319,7.9034
16379,38.0716
16380,36.2358
16320,8.9080
16381,38.1542
16321,7.7558
16382,37.1967
16322,8.2967
16383,37.0089
16323,7.6627
16384,37.6126
16324,8.1030
16385,37.4653
16325,7.6903
16386,37.1404
16326,7.9972
16387,37.7199
16327,7.8191
16388,37.3255
16328,7.9003
16389,37.4821
16329,7.7531
16390,37.8594
16330,7.6263
16391,37.0316
16331,8.3862
16392,37.1200
16332,8.3373
16333,7.3883
16393,38.1227
16394,36.5219
16334,8.3626
16395,37.2798
16335,7.5328
16396,37.6992
16336,7.7057
16397,37.1267
16337,7.4685
16398,36.9162
16338,8.2054
16399,38.1882
16339,8.1443
16340,7.8036
16400,37.6186
16401,36.3999
16341,7.7472
16402,37.5760
16342,8.1757
16403,37.0645
16343,7.6080
16404,37.3013
16344,8.2592
16405,37.5577
16345,7.7478
16406,36.5537
16346,8.2339
16407,37.2723
16347,7.6620
16348,7.7929
16408,37.4493
16409,36.1681
16349,8.0159
16410,37.4311
16350,7.5218
16411,36.9725
16351,7.8397
16412,36.5997
16352,8.1378
16413,37.9949
16353,8.1085
16414,37.7196
16354,7.9573
16415,36.6307
16355,7.6890
16416,39.1717
16356,7.9585
16417,37.3779
16357,7.8892
16418,37.2518
16358,8.1372
16359,7.4994
16419,37.3811
16420,36.6507
16360,8.1279
16361,7.2775
16421,37.3635
16422,36.4235
16362,8.1641
16423,37.3465
16363,8.2074
16424,36.7539
16364,7.8143
16425,36.5219
16365,7.7280
16426,37.2602
16366,8.4757
16427,37.4781
16367,8.2443
16428,37.1018
16368,7.7723
16429,36.1604
16369,8.3219
16430,37.7740
16370,7.6553
16431,37.2108
16371,7.6977
16432,37.7526
16372,7.8791
16433,37.5067
16373,8.3511
16434,37.5354
16374,7.7212
16435,36.5858
16375,7.8949
16436,36.7227
16376,8.4996
16437,37.8048
16377,7.6653
16438,36.4205
16378,8.2114
16439,37.4470
16379,7.6484
16440,37.8906
16380,8.1164
16441,36.9765
16381,7.8638
16442,36.7569
16382,8.0284
16443,36.8225
16383,7.9746
16444,37.5406
16384,8.1625
16445,37.2291
16385,8.1161
16446,37.4746
16386,8.5103
16447,37.9891
16387,7.8337
16448,36.7932
16388,8.5448
16449,38.0268
16389,7.6716
16450,36.7991
16390,7.9130
16451,37.4644
16391,8.2693
16392,7.2880
16452,37.4547
16453,36.4953
16393,7.9527
16394,7.3611
16454,37.7712
16395,7.0113
16455,36.8388
16456,37.0851
16396,7.5012
16457,36.7392
16397,7.0371
16458,37.3180
16398,8.1275
16459,37.8065
16399,7.8193
16460,36.9340
16400,7.6536
16401,7.0989
16461,38.5231
16402,6.8851
16462,36.7671
16463,35.8339
16403,7.1113
16464,36.7218
16404,7.9029
16465,37.0863
16405,7.0033
16466,37.9402
16406,7.8273
16467,37.5566
16407,7.7410
16408,6.9784
16468,37.5874
16469,36.6238
16409,7.3005
16470,36.8221
16410,7.8823
16411,7.0190
16471,37.5154
16472,36.8073
16412,7.3767
16473,37.5846
16413,7.4783
16474,37.9321
16414,7.8598
16475,37.9019
16415,7.8160
16416,7.0129
16476,38.4756
16417,7.2523
16477,35.9643
16478,36.8941
16418,7.4196
16479,36.8864
16419,7.0880
16480,36.3710
16420,7.8921
16481,38.3089
16421,7.9516
16482,38.8042
16422,7.8323
16423,6.9701
16483,36.6299
16424,6.9602
16484,37.1544
16485,36.3315
16425,7.2302
16486,36.1982
16426,7.3520
16487,37.7863
16427,7.8536
16488,37.4234
16428,8.0148
16489,38.6170
16429,7.4965
16490,37.3491
16430,7.9353
16431,6.7813
16491,37.7589
16432,7.2567
16492,35.9263
16493,37.5974
16433,7.7345
16494,37.7989
16434,8.1671
16435,7.0141
16495,37.2427
16496,36.7962
16436,7.5301
16497,37.6378
16437,7.1445
16498,37.0850
16438,7.7526
16439,7.0558
16499,38.3985
16500,36.9619
16440,7.6668
16501,37.9620
16441,7.6583
16442,6.8386
16502,37.1231
16503,36.0436
16443,7.0770
16504,37.0184
16444,7.5934
16505,38.3786
16445,7.0877
16506,36.9473
16446,7.3776
16507,37.3056
16447,7.1359
16508,37.1166
16448,8.0974
16449,7.0668
16509,38.1985
16510,36.8227
16450,7.7148
16511,36.9994
16451,7.1074
16512,38.4633
16452,7.1705
16513,36.7024
16453,7.8352
16514,38.0338
16454,7.9448
16455,7.0290
16515,37.6280
16516,37.3304
16456,7.6964
16457,6.9406
16517,38.1559
16518,37.2187
16458,7.6577
16519,36.9939
16459,7.3452
16520,36.3574
16460,7.7966
16521,37.7033
16461,7.6201
16522,37.1118
16462,7.2820
16523,37.0808
16463,7.6929
16524,38.2238
16464,6.9555
16525,37.7598
16465,7.2650
16526,36.5637
16466,7.6613
16467,7.0011
16527,38.2711
16528,36.8648
16468,7.2459
16529,37.7495
16469,7.1410
16530,36.8104
16470,7.0345
16531,37.1461
16471,7.1153
16532,37.2695
16472,6.9477
16533,36.7819
16473,7.2779
16474,7.3129
16534,38.9737
16535,36.8684
16475,7.4704
16536,36.7765
16476,7.1173
16537,37.4846
16477,7.3652
16538,37.9413
16478,7.4237
16539,37.3051
16479,7.0007
16540,38.1768
16480,6.9936
16541,36.9355
16481,7.7497
16542,37.0159
16482,7.8197
16543,38.0789
16483,7.3375
16484,6.9587
16544,37.2875
16545,36.9045
16485,7.6197
16546,37.8010
16486,7.6589
16487,6.8672
16547,38.2566
16548,37.1726
16488,7.0810
16549,37.5678
16489,7.5158
16550,38.3594
16490,7.3494
16491,6.8140
16551,37.5146
16552,36.5289
16492,7.1458
16553,37.0662
16493,7.2286
16554,37.5628
16494,7.2186
16555,36.1199
16495,7.4476
16556,37.9623
16496,7.5584
16557,37.5442
16497,7.0280
16558,36.5467
16498,7.2560
16499,6.9464
16559,38.6290
16560,36.0914
16500,7.7186
16501,7.0619
16561,37.7415
16562,37.5248
16502,7.9394
16563,37.6186
16503,7.5266
16564,36.8929
16504,7.2630
16565,36.7180
16505,7.4504
16566,37.5196
16506,7.5401
16567,37.6763
16507,6.8913
16568,37.1402
16508,7.7344
16509,6.8067
16569,37.6471
16570,36.2561
16510,7.2297
16571,37.7198
16511,7.3391
16512,6.8311
16572,36.6700
16573,36.5150
16513,7.8559
16574,37.8485
16514,7.1181
16575,36.6165
16515,7.5671
16576,37.6356
16516,7.1806
16577,35.9032
16517,7.4452
16578,38.5657
16518,7.7756
16519,7.3883
16579,37.7337
16580,36.7181
16520,7.4485
16581,37.8524
16521,7.2828
16582,37.7382
16522,7.3676
16583,36.4001
16523,7.6820
16584,37.5144
16524,7.6381
16585,37.7670
16525,7.2050
16586,36.6037
16526,7.6326
16587,38.3944
16527,7.3639
16588,36.8971
16528,7.0487
16589,37.5079
16529,7.5775
16590,38.3509
16530,7.5543
16531,6.9279
16591,37.4304
16592,36.6004
16532,8.0540
16593,37.7540
16533,7.4578
16534,6.9959
16594,38.5821
16595,36.3827
16535,7.7744
16536,6.9525
16596,38.2447
16597,37.1608
16537,7.6539
16598,37.8103
16538,7.7762
16539,6.7719
16599,37.3472
16600,36.2791
16540,7.5150
16601,38.1618
16541,7.1485
16602,37.4435
16542,7.1512
16543,6.7198
16603,37.6666
16604,36.2042
16544,6.9405
16605,36.2507
16545,7.6415
16606,37.9313
16546,7.6947
16607,37.6780
16547,7.2369
16548,7.1821
16608,37.7734
16609,36.4012
16549,7.1361
16610,37.8194
16550,7.2274
16611,36.1003
16551,7.4986
16612,37.7725
16552,7.6673
16613,38.1147
16553,7.1847
16614,37.1139
16554,7.0350
16615,37.9911
16555,6.9073
16616,37.5714
16556,7.1845
16617,36.9382
16557,7.3017
16558,6.9052
16618,38.7600
16619,36.3250
16559,7.3962
16620,37.6113
16560,7.3492
16621,37.6881
16561,6.9016
16622,37.0079
16562,7.0759
16623,37.3324
16563,6.8487
16624,36.7440
16564,6.8516
16625,36.7096
16565,7.3157
16626,37.3110
16566,7.5156
16627,37.0985
16567,7.3815
16628,37.3168
16568,6.8272
16629,36.6425
16569,7.4773
16630,37.6309
16570,6.9355
16631,37.2510
16571,7.3486
16572,6.7848
16632,37.4346
16633,35.9828
16573,7.1389
16634,37.2423
16574,7.1924
16635,36.9640
16575,7.3990
16636,38.1508
16576,6.9245
16637,36.6195
16577,7.2846
16638,37.6178
16578,7.2472
16579,6.8042
16639,37.9589
16640,36.5655
16580,7.7560
16641,38.7525
16581,7.7574
16642,37.6110
16582,7.9088
16583,7.1823
16643,38.0780
16644,36.9328
16584,6.8875
16645,37.3349
16585,7.3558
16646,38.4031
16586,7.3882
16587,6.9637
16647,37.9317
16648,36.7604
16588,7.7308
16649,38.3340
16589,7.0305
16650,37.4319
16590,7.3644
16651,37.0810
16591,6.9501
16652,36.4308
16592,7.2140
16653,37.9817
16593,7.7639
16654,37.4252
16594,6.9383
16655,36.5936
16595,7.7937
16656,37.1324
16596,7.4803
16657,37.1629
16597,6.8804
16658,37.1060
16598,7.2118
16599,6.7598
16659,38.1389
16660,35.9551
16600,7.2188
16661,39.0162
16601,7.0303
16662,37.4792
16602,6.9245
16663,38.0299
16603,7.3667
16664,38.0073
16604,6.9153
16665,36.9161
16605,7.1966
16666,38.7289
16606,7.4428
16607,6.2145
16667,37.6421
16668,36.4650
16608,6.4727
16669,36.5970
16609,7.2959
16670,38.0882
16610,6.4650
16671,40.4109
16611,7.3574
16672,37.7038
16612,7.3614
16673,37.0143
16613,6.5130
16674,36.9026
16614,6.9461
16675,37.8784
16615,6.8773
16676,37.7381
16616,7.5199
16617,6.3272
16677,37.6792
16618,6.3486
16678,36.9218
16679,36.5192
16619,6.8012
16680,38.1530
16620,6.5377
16681,37.4263
16621,6.8332
16622,6.5813
16682,38.1723
16683,37.6317
16623,6.7540
16684,38.2833
16624,7.0182
16625,6.2485
16685,37.7583
16686,36.1100
16626,6.7754
16627,6.4012
16687,37.9085
16688,37.2344
16628,7.1707
16689,38.1046
16629,7.2184
16630,6.3140
16690,37.7992
16691,36.9521
16631,6.8898
16692,37.2026
16632,6.8442
16693,37.3271
16633,7.0769
16634,6.3041
16694,37.6266
16695,36.7611
16635,6.3357
16696,36.8705
16636,6.7895
16697,37.8140
16637,7.5193
16638,6.7396
16698,37.4965
16699,36.5623
16639,7.2191
16640,6.4747
16700,37.1972
16701,37.2808
16641,6.8901
16702,36.9790
16642,6.6544
16703,38.0207
16643,6.4284
16704,37.4824
16644,7.0193
16705,37.5604
16645,7.0244
16706,37.4265
16646,7.2601
16707,37.5093
16647,7.3533
16708,37.7323
16648,7.0537
16709,38.1086
16649,7.0456
16710,38.5247
16650,6.7501
16651,6.5140
16711,37.4351
16712,37.6256
16652,7.0006
16713,37.2918
16653,7.2346
16654,6.5178
16714,38.0122
16655,6.5764
16715,37.3415
16716,37.8147
16656,6.7829
16657,6.5249
16717,38.5445
16718,36.7237
16658,7.0613
16719,37.8946
16659,7.1179
16660,6.6240
16720,37.7964
16721,36.2871
16661,7.2287
16722,37.3609
16662,6.3559
16723,37.4967
16663,7.3537
16724,38.1459
16664,6.8230
16725,36.7536
16665,6.6980
16726,38.3078
16666,7.0953
16727,37.2732
16667,6.8295
16728,36.9609
16668,6.8964
16729,37.4621
16669,6.5679
16670,6.3103
16730,38.2625
16731,36.5737
16671,6.9953
16732,37.9553
16672,6.9497
16733,36.7539
16673,7.1384
16734,38.0298
16674,6.4907
16735,37.7943
16675,7.1156
16736,37.3612
16676,6.5068
16737,37.1542
16677,7.4043
16738,38.1227
16678,6.3761
16739,36.8570
16679,6.5765
16740,37.2272
16680,7.1618
16741,37.2354
16681,7.1949
16682,6.4351
16742,37.5376
16743,36.6052
16683,6.8926
16744,38.1311
16684,6.6707
16745,36.6344
16685,7.0363
16746,37.2204
16686,7.1150
16747,37.5076
16687,6.7281
16748,36.6217
16688,6.6336
16749,38.1290
16689,6.5252
16750,36.3643
16690,7.2268
16751,38.9559
16691,7.3600
16692,6.4109
16752,37.7992
16753,37.0503
16693,6.7616
16754,36.6300
16694,6.8800
16755,37.3082
16695,7.2637
16756,37.0230
16696,6.3996
16757,36.4947
16697,7.0295
16758,38.1602
16698,7.2219
16759,39.1199
16699,6.2878
16760,36.7069
16700,7.0487
16761,37.1574
16701,7.1216
16702,6.6929
16762,38.1398
16763,36.7110
16703,6.8015
16764,37.9138
16704,7.2408
16765,37.8361
16705,6.8594
16766,36.5469
16706,6.6647
16767,37.7192
16707,6.8412
16768,36.6711
16708,6.9919
16769,37.8959
16709,7.3086
16770,37.6445
16710,6.7948
16771,37.6136
16711,6.7889
16772,36.6687
16712,6.6522
16773,37.6208
16713,7.0600
16774,37.7941
16714,7.2364
16775,37.4710
16715,6.9083
16776,37.5623
16716,6.7413
16777,37.5742
16717,6.8060
16718,6.3123
16778,38.3535
16779,37.4615
16719,7.2752
16780,37.9352
16720,6.4411
16781,37.3690
16721,6.9899
16722,6.6801
16782,37.9961
16783,36.9573
16723,6.8001
16724,6.2638
16784,38.7442
16785,36.1338
16725,6.5895
16786,38.4693
16726,6.8865
16787,37.0270
16727,6.4104
16788,37.0755
16728,7.0548
16789,38.4580
16729,6.4520
16790,36.5491
16730,6.8996
16731,6.4660
16791,38.0869
16792,36.9363
16732,6.7453
16733,6.2639
16793,39.2322
16794,37.5565
16734,6.7148
16795,37.9261
16735,6.4941
16736,6.1919
16796,38.1717
16797,38.1046
16737,7.1112
16798,37.7224
16738,6.4300
16739,6.1587
16799,37.5639
16800,37.1473
16740,6.9594
16801,38.2145
16741,6.7973
16802,38.3506
16742,7.0301
16803,39.1982
16743,6.6931
16744,6.2031
16804,38.5432
16805,37.6166
16745,7.0252
16806,38.3233
16746,6.9023
16807,38.5455
16747,6.6077
16808,38.0288
16748,6.9014
16749,6.5387
16809,38.1141
16810,37.9492
16750,6.9427
16811,38.9698
16751,6.4769
16812,37.6526
16752,6.1572
16813,37.7394
16753,6.6031
16814,39.9615
16754,6.2012
16815,38.3614
16755,6.5143
16816,38.8531
16756,6.0927
16817,37.0565
16757,6.1646
16818,38.3067
16758,6.8156
16819,38.1317
16759,6.3925
16820,37.8337
16760,6.4883
16821,41.4650
16761,6.3188
16822,38.4606
16762,6.2719
16823,37.6286
16763,6.5590
16824,38.1273
16764,6.4643
16765,6.1272
16825,38.6798
16826,38.0049
16766,6.5821
16827,38.0686
16767,6.7516
16828,38.4956
16768,6.6000
16829,37.4893
16769,6.7595
16830,37.4995
16770,6.8504
16831,37.7013
16771,6.7732
16772,6.1956
16832,38.7957
16833,37.3173
16773,6.4910
16774,6.1786
16834,38.2265
16835,37.2562
16775,6.1726
16836,37.2698
16776,6.7623
16837,38.9544
16777,6.8250
16778,6.5516
16838,38.7245
16839,37.2005
16779,6.2694
16840,37.0151
16780,6.7378
16841,37.5878
16781,6.6806
16842,38.1229
16782,6.2720
16843,36.7930
16783,6.9706
16844,37.4351
16784,6.8561
16785,6.1714
16845,37.3712
16846,37.0969
16786,6.2586
16847,37.0806
16787,6.2457
16848,38.3181
16788,6.5915
16849,37.3889
16789,6.1892
16850,36.6344
16790,6.4001
16851,37.7963
16791,6.1828
16852,37.0999
16792,6.3801
16853,37.2349
16793,6.2641
16854,36.8695
16794,6.7544
16855,38.1210
16795,6.4694
16856,37.4824
16796,6.7506
16857,37.9224
16797,6.8066
16798,6.1506
16858,37.8298
16859,35.7094
16799,6.4154
16860,37.4106
16800,6.4589
16861,36.8619
16801,6.5115
16862,38.0568
16802,6.5925
16863,37.3979
16803,6.3242
16864,37.0014
16804,6.4925
16865,36.6689
16805,6.3523
16866,37.5698
16806,6.9821
16867,37.8089
16807,6.5410
16868,37.3579
16808,6.3382
16869,35.9763
16809,6.4019
16870,37.6962
16810,6.8137
16871,38.0531
16811,6.4424
16872,36.5336
16812,6.3269
16873,37.6362
16813,6.2566
16874,37.1136
16814,6.3698
16875,37.5048
16815,6.2478
16876,37.6562
16816,6.6356
16877,36.7290
16817,6.1992
16878,36.8769
16818,6.5693
16879,37.2549
16819,6.3843
16880,37.7125
16820,6.2045
16881,36.8547
16821,6.3334
16882,38.1149
16822,6.2913
16883,37.4444
16823,6.3714
16884,36.9459
16824,6.2131
16885,36.6067
16825,6.4129
16886,37.5092
16826,6.2856
16887,36.7866
16827,6.5376
16828,6.3075
16888,36.8148
16889,37.1062
16829,6.4291
16890,37.5662
16830,6.5524
16891,38.8378
16831,6.4392
16892,37.4727
16832,6.1980
16893,36.5782
16833,6.3606
16894,36.5641
16834,6.2940
16895,36.9773
16835,6.2403
16896,37.1388
16836,6.2159
16897,36.9415
16837,6.2397
16898,37.0523
16838,6.7303
16899,37.9568
16839,6.5467
16900,37.4169
16840,6.7127
16901,36.5727
16841,6.2727
16902,37.1531
16842,6.6543
16903,38.3431
16843,6.6107
16904,36.8053
16844,6.3579
16905,37.2892
16845,6.3303
16906,37.4100
16846,6.3345
16907,37.8362
16847,6.5519
16908,37.1455
16848,6.3250
16909,37.1865
16849,6.2328
16910,37.4170
16850,6.4701
16911,38.4430
16851,6.2825
16912,36.9218
16852,6.5482
16913,36.5116
16853,6.5541
16914,37.1093
16854,6.3988
16915,37.2744
16855,6.8901
16916,37.7851
16856,6.7000
16917,36.7674
16857,6.5040
16918,37.0270
16858,6.5110
16919,36.9104
16859,6.3128
16860,6.2590
16920,37.3337
16921,36.8775
16861,6.6255
16922,37.5663
16862,6.5130
16923,36.6201
16863,6.4497
16924,37.0973
16864,6.3680
16865,6.2190
16925,37.6411
16926,36.2132
16866,6.6145
16927,37.9845
16867,6.2866
16928,37.2998
16868,6.4522
16929,36.8764
16869,6.2043
16930,36.8890
16870,6.6653
16871,6.7372
16931,37.5711
16932,37.0921
16872,6.3389
16933,38.1204
16873,6.1960
16934,36.9670
16874,6.3518
16935,37.6132
16875,6.4283
16936,36.3380
16876,6.8435
16937,38.5207
16877,6.6732
16938,37.2515
16878,6.7297
16939,37.9597
16879,6.5347
16880,6.1622
16940,37.7522
16941,36.6379
16881,6.3778
16942,36.8265
16882,6.8512
16943,37.6664
16883,6.6533
16944,37.5591
16884,6.9573
16945,36.5335
16885,6.2061
16946,37.0269
16886,6.9165
16947,37.5299
16887,6.4823
16888,6.6425
16948,38.0028
16949,36.5958
16889,6.5654
16950,37.5090
16890,6.2893
16951,37.0302
16891,6.5612
16952,36.6244
16892,6.3795
16953,37.3421
16893,6.6518
16954,37.2177
16894,6.4853
16955,37.6964
16895,6.6536
16956,36.5655
16896,6.8687
16957,37.0959
16897,6.2398
16958,36.8928
16898,6.6788
16959,38.6113
16899,6.5257
16960,37.0835
16900,6.8864
16961,36.9184
16901,6.6076
16962,38.2634
16902,6.5831
16903,6.1892
16963,37.6548
16964,37.0438
16904,6.1880
16965,36.5653
16905,6.3981
16966,37.6292
16906,6.4335
16907,6.2762
16967,37.1022
16968,37.5632
16908,6.5467
16909,6.7266
16969,37.5800
16970,36.6120
16910,6.5980
16971,37.6375
16911,6.2734
16972,37.3418
16912,6.3886
16973,37.0175
16913,6.2776
16974,37.2644
16914,6.4067
16975,38.1203
16915,6.5951
16976,37.1889
16916,6.3620
16977,37.7625
16917,6.6962
16978,37.6620
16918,6.5332
16919,6.1239
16979,38.2755
16980,35.8544
16920,6.6834
16981,36.3872
16921,6.8355
16982,38.1177
16922,6.4190
16983,36.6877
16923,6.7945
16984,37.0717
16924,6.4244
16985,37.4513
16925,6.2317
16986,36.7026
16926,6.9610
16987,37.2598
16927,6.2309
16988,36.5242
16928,6.2975
16989,37.7032
16929,6.8314
16990,36.8565
16930,7.1182
16991,36.7697
16931,6.6627
16992,42.9713
16932,7.5007
16993,36.9126
16933,7.1006
16934,6.4482
16994,38.5516
16935,6.5613
16995,36.7876
16996,36.0350
16936,6.7316
16997,37.4301
16937,6.7915
16998,37.5080
16938,6.2697
16999,36.8125
16939,6.7375
17000,38.2707
16940,6.4776
17001,37.0146
16941,6.4814
17002,37.6491
16942,6.6158
17003,37.6208
16943,6.5893
17004,36.7953
16944,6.6521
17005,37.0399
16945,6.2714
17006,37.5403
16946,6.3649
17007,37.7010
16947,6.5456
17008,36.6668
16948,6.2688
17009,37.0752
16949,6.4382
16950,6.1765
17010,37.8233
17011,36.1043
16951,6.8881
17012,38.2811
16952,6.4229
16953,6.6649
17013,37.8508
17014,36.3756
16954,6.3668
16955,6.7073
17015,38.1771
17016,36.4806
16956,6.7338
17017,37.5817
16957,6.4022
17018,36.9704
16958,6.6636
17019,37.0950
16959,6.6044
17020,37.2235
16960,6.2694
17021,37.2402
16961,6.6203
17022,37.4169
16962,6.2644
17023,36.4152
16963,6.8595
17024,36.9979
16964,6.2864
17025,36.4009
16965,6.8847
17026,38.0828
16966,6.7399
17027,38.3063
16967,6.9145
17028,36.7255
16968,6.2374
17029,36.9865
16969,6.4457
17030,37.1987
16970,6.1954
17031,36.4613
16971,6.4196
17032,36.8259
16972,6.4596
17033,37.6017
16973,6.6061
17034,40.1572
16974,6.8406
16975,6.0693
17035,37.0843
17036,36.2654
16976,6.4553
17037,36.0202
16977,6.5017
17038,37.2704
16978,6.4924
17039,37.0605
16979,6.4015
17040,37.5300
16980,6.1363
17041,36.3825
16981,6.3515
17042,36.8451
16982,6.5051
17043,37.3991
16983,6.6307
17044,37.1132
16984,6.4922
17045,37.0739
16985,6.7436
16986,6.4414
17046,37.9289
17047,36.7904
16987,6.6800
17048,36.7844
16988,6.5338
17049,37.1137
16989,7.1544
17050,37.5724
16990,6.2228
17051,36.4547
16991,6.6286
16992,6.5591
17052,37.8084
17053,37.2197
16993,7.0493
17054,36.6838
16994,6.6607
17055,37.2862
16995,6.2956
17056,36.3091
16996,7.1104
16997,6.3140
17057,37.9513
17058,36.6867
16998,7.0858
17059,37.5628
16999,6.8788
17060,37.6214
17000,6.3442
17061,36.6377
17001,7.0331
17062,37.8235
17002,6.3571
17063,36.6339
17003,6.7660
17064,37.1770
17004,6.5012
17065,37.4972
17005,6.8766
17066,37.4754
17006,6.8953
17067,37.5926
17007,7.2166
17068,37.1612
17008,6.9837
17069,37.1139
17009,6.3774
17070,36.7382
17010,6.7016
17071,37.0274
17011,6.7789
17072,36.9166
17012,6.5181
17073,36.8166
17013,7.3891
17014,6.2122
17074,38.2086
17075,36.6297
17015,6.4325
17076,36.5162
17016,6.6585
17077,37.4538
17017,6.6102
17078,36.7134
17018,6.1968
17079,36.9504
17019,6.7045
17080,37.4211
17020,6.6032
17081,37.1075
17021,6.6991
17022,6.1889
17082,37.2629
17083,36.5147
17023,6.7963
17024,6.3838
17084,37.8256
17085,37.0214
17025,7.0177
17086,37.1634
17026,6.6846
17027,6.3185
17087,37.5461
17088,36.5824
17028,6.9021
17089,38.0262
17029,6.3410
17090,36.0363
17030,6.9249
17091,37.7479
17031,6.9547
17092,36.8765
17032,6.4299
17093,36.4598
17033,7.1691
17094,38.2369
17034,7.1230
17095,38.2515
17035,6.2187
17096,36.0642
17036,6.3519
17097,37.6495
17037,6.2716
17098,36.6751
17038,6.4036
17099,37.3303
17039,7.1325
17100,37.3893
17040,6.2647
17101,37.2607
17041,6.5249
17102,38.3477
17042,6.3322
17103,36.7946
17043,6.4157
17104,36.4928
17044,6.0722
17105,35.7892
17045,6.7925
17106,38.4149
17046,6.7973
17107,37.4359
17047,6.5493
17108,36.4846
17048,6.9447
17109,37.4484
17049,6.6238
17110,37.5731
17050,6.4238
17111,36.7161
17051,6.6758
17052,6.1082
17112,37.7994
17113,36.8503
17053,6.4752
17114,37.2055
17054,6.9680
17115,36.9653
17055,6.8599
17116,37.1490
17056,6.5656
17117,37.6377
17057,6.3065
17118,37.1548
17058,6.5401
17119,37.3784
17059,6.4385
17120,37.0488
17060,6.9945
17121,37.0571
17061,6.6305
17122,36.3424
17062,6.6061
17123,37.7198
17063,6.2995
17124,36.9471
17064,6.5395
17125,38.3903
17065,6.3165
17126,36.5147
17066,6.7776
17127,37.8196
17067,6.6879
17128,37.5361
17068,6.3781
17129,37.7021
17069,6.4032
17130,37.5135
17070,6.5452
17131,37.4396
17071,6.6102
17132,36.7567
17072,6.5525
17133,36.7136
17073,6.1478
17134,36.6571
17074,6.2904
17135,36.9340
17075,6.1414
17136,36.8253
17076,6.3317
17137,38.4790
17077,6.6700
17078,6.2522
17138,37.9181
17139,36.3869
17079,6.5643
17140,37.9796
17080,6.7521
17141,37.2871
17081,6.7777
17082,6.1659
17142,37.3468
17143,36.0683
17083,6.3876
17144,37.7879
17084,6.1588
17145,36.4192
17085,6.5023
17146,37.1201
17086,6.3900
17147,38.2149
17087,6.7449
17148,37.2926
17088,6.5826
17149,36.3952
17089,6.2425
17150,36.4226
17090,6.4724
17151,37.7439
17091,6.8082
17152,37.2771
17092,6.6623
17093,6.1843
17153,37.6251
17154,36.4480
17094,6.5193
17155,37.0072
17095,6.8425
17096,6.6136
17156,37.9354
17157,36.0310
17097,6.3419
17158,37.1405
17098,6.7451
17159,37.7439
17099,6.8392
17160,38.7702
17100,6.5171
17101,6.5551
17161,37.4224
17162,36.9639
17102,6.7662
17163,38.4450
17103,6.3555
17164,36.1637
17104,6.3179
17165,36.7688
17105,6.4813
17166,38.3553
17106,6.5696
17167,37.4972
17107,6.5186
17168,36.9079
17108,6.5991
17169,37.6970
17109,6.2425
17170,36.7704
17110,6.4596
17171,36.5907
17111,6.4508
17172,38.4340
17112,6.5056
17173,36.3704
17113,6.6763
17174,37.5557
17114,6.7457
17175,37.9583
17115,6.6900
17176,37.1122
17116,6.6093
17177,37.1738
17117,6.3216
17178,36.5063
17118,6.5538
17179,36.5013
17119,6.4205
17180,37.8237
17120,6.2070
17181,36.8159
17121,6.8946
17182,37.6386
17122,6.7105
17183,37.4639
17123,6.4099
17184,36.0350
17124,6.7910
17185,37.3687
17125,6.4166
17186,37.0739
17126,6.8122
17187,37.8183
17127,6.7278
17188,37.2944
17128,6.5198
17189,36.9248
17129,6.1694
17190,36.1353
17130,6.9584
17191,38.3325
17131,6.6128
17132,6.2594
17192,37.7404
17193,36.3037
17133,6.2603
17194,37.0938
17134,6.8048
17195,37.4594
17135,6.7101
17196,36.9987
17136,6.8795
17197,37.1742
17137,6.2652
17198,37.3180
17138,6.5566
17199,37.4211
17139,6.4206
17200,37.6447
17140,6.5649
17201,36.9730
17141,6.6203
17202,37.8753
17142,6.2391
17203,37.6632
17143,6.3164
17204,37.2617
17144,6.4085
17205,37.4907
17145,6.3705
17206,37.2039
17146,6.7281
17207,38.0491
17147,6.5819
17208,37.0727
17148,6.6451
17149,6.3301
17209,38.0319
17210,36.9390
17150,6.8965
17211,37.2456
17151,6.5466
17212,36.5039
17152,6.4455
17213,37.0293
17153,6.6233
17214,37.6005
17154,6.5394
17215,37.1057
17155,6.5815
17156,6.1485
17216,37.4915
17217,35.9003
17157,7.0026
17218,37.2887
17158,7.0591
17219,37.3888
17159,6.9810
17220,37.6157
17160,6.7273
17221,37.3560
17161,6.2532
17222,36.7674
17162,6.6377
17223,37.5522
17163,6.2447
17224,36.4238
17164,6.5682
17225,37.3086
17165,6.8168
17226,38.0755
17166,6.5830
17227,36.9023
17167,6.5162
17228,38.0241
17168,6.6072
17229,37.7663
17169,6.4012
17170,6.8006
17230,37.4288
17231,37.4092
17171,6.6949
17232,37.5478
17172,6.6245
17233,36.7522
17173,6.8651
17234,37.6377
17174,6.5042
17235,36.7957
17175,6.4827
17236,36.7865
17176,6.8752
17237,37.5762
17177,6.7906
17238,36.5787
17178,6.6066
17239,36.7529
17179,6.5054
17240,36.5660
17180,6.3503
17241,37.3669
17181,6.4012
17242,36.7503
17182,6.9659
17243,37.6920
17183,7.0485
17244,37.5263
17184,6.5478
17245,36.8404
17185,6.8347
17246,36.7399
17186,6.8304
17247,36.8919
17187,6.5113
17248,37.1517
17188,6.6364
17249,36.7978
17189,6.8244
17250,39.9091
17190,6.5225
17251,36.8566
17191,6.1234
17252,36.8251
17192,6.2223
17253,36.3612
17193,6.7736
17254,38.6309
17194,6.6925
17255,37.3455
17195,6.3547
17196,6.1267
17256,37.9815
17257,36.6405
17197,6.8144
17258,37.2341
17198,6.6266
17259,37.7425
17199,6.3659
17260,37.2532
17200,6.8847
17261,37.3174
17201,6.8941
17262,37.9691
17202,6.4646
17203,6.4706
17263,37.3320
17264,35.9910
17204,6.3047
17265,37.0994
17205,6.3770
17266,36.9111
17206,6.3607
17267,37.6158
17207,6.2747
17268,35.8858
17208,6.5466
17269,37.0199
17209,6.5120
17270,37.1831
17210,6.6302
17271,37.4206
17211,6.3199
17212,6.6331
17272,37.4807
17273,35.6554
17213,6.5160
17274,38.2128
17214,6.5438
17275,37.6464
17215,6.2598
17276,37.9088
17216,6.4990
17217,6.2518
17277,37.6063
17278,36.2160
17218,6.3611
17279,38.4320
17219,6.3587
17280,36.8140
17220,6.3201
17281,37.0787
17221,6.1760
17282,36.1508
17222,6.3720
17223,6.2594
17283,37.4890
17284,35.8189
17224,6.5589
17285,37.6458
17225,6.6067
17286,36.4951
17226,6.4531
17287,37.1560
17227,6.3350
17228,6.2263
17288,37.6335
17289,36.6913
17229,6.6487
17290,37.5893
17230,6.5398
17231,6.2256
17291,37.4681
17292,36.0784
17232,6.3252
17233,6.2552
17293,37.8525
17294,36.6593
17234,6.5092
17295,38.0337
17235,6.3050
17296,37.4675
17236,6.4450
17297,37.9982
17237,6.5019
17298,37.6083
17238,6.3769
17299,36.1628
17239,6.3680
17300,37.5624
17240,6.4900
17301,37.1856
17241,6.2998
17302,36.7420
17242,6.8579
17303,37.3847
17243,6.7372
17304,37.6466
17244,6.5516
17305,36.3575
17245,6.8113
17306,37.5757
17246,7.0084
17307,36.7666
17247,6.5503
17248,6.3029
17308,37.7565
17309,36.0346
17249,6.7532
17250,6.4632
17310,37.6231
17311,36.4131
17251,6.7543
17312,37.2567
17252,6.2171
17313,35.9484
17253,6.9963
17314,38.0115
17254,6.6911
17315,36.4896
17255,7.1032
17316,37.1703
17256,6.7960
17317,37.9710
17257,6.5944
17318,36.7513
17258,6.3215
17319,37.4707
17259,6.7113
17320,36.3379
17260,6.9295
17321,37.5849
17261,6.8466
17322,37.8281
17262,6.6099
17323,37.5509
17263,6.5059
17324,37.3998
17264,6.6679
17325,38.0315
17265,6.6475
17326,37.1120
17266,6.4680
17327,36.8826
17267,6.3858
17328,37.9573
17268,6.5272
17329,37.9810
17269,6.9791
17330,37.7456
17270,6.4886
17331,36.6859
17271,6.6233
17332,37.4578
17272,6.4123
17333,37.2879
17273,6.5384
17334,37.1346
17274,6.6131
17335,36.9125
17275,6.8372
17336,37.5837
17276,6.3969
17337,37.4388
17277,6.2373
17338,36.7274
17278,6.7115
17339,37.6295
17279,6.2797
17340,36.1175
17280,6.3938
17341,37.5695
17281,6.5169
17342,37.2844
17282,6.2160
17343,37.3486
17283,6.6290
17344,37.0003
17284,6.2723
17345,36.7116
17285,6.6634
17346,36.9855
17286,6.6033
17347,37.1958
17287,6.3864
17288,6.2292
17348,38.2702
17349,35.9495
17289,6.3152
17350,37.3981
17290,6.4555
17351,37.2538
17291,6.4712
17352,37.2686
17292,6.5913
17293,6.6596
17353,37.7780
17354,35.7553
17294,6.8459
17355,37.6205
17295,6.8623
17356,37.3901
17296,6.3163
17297,6.4912
17357,37.7220
17358,36.1844
17298,6.4271
17359,38.0398
17299,6.5307
17300,6.1643
17360,37.2092
17361,36.1305
17301,6.4261
17362,38.1629
17302,6.9013
17363,35.9688
17303,7.0258
17364,38.1560
17304,6.8576
17365,37.4215
17305,6.2547
17366,37.0743
17306,6.4420
17367,36.3490
17307,6.3179
17368,37.0106
17308,6.2407
17369,36.4014
17309,6.8156
17370,37.0081
17310,6.8981
17371,37.8000
17311,6.2749
17372,36.2602
17312,6.7897
17373,36.8125
17313,6.5958
17374,36.3881
17314,6.6648
17315,6.6183
17375,38.1473
17376,36.1502
17316,6.3708
17377,37.6645
17317,6.6056
17378,36.7033
17318,6.8973
17379,37.5417
17319,6.7700
17380,37.2181
17320,6.3624
17381,35.6443
17321,6.2943
17382,37.4900
17322,6.5623
17383,36.7583
17323,6.5039
17324,6.2531
17384,38.5302
17385,36.5595
17325,6.7997
17386,37.1593
17326,6.5003
17387,36.9720
17327,6.3081
17388,36.6797
17328,6.8167
17389,37.6461
17329,6.7499
17390,37.6232
17330,6.2913
17391,37.2307
17331,6.7092
17392,37.8942
17332,6.9548
17393,37.7586
17333,6.5781
17334,6.2950
17394,37.5088
17395,36.2811
17335,6.3460
17396,37.5942
17336,6.4236
17397,37.4066
17337,6.4401
17398,36.8046
17338,6.3472
17399,38.1171
17339,6.2723
17400,36.1927
17340,6.5248
17401,37.8516
17341,6.7801
17402,37.4115
17342,6.8981
17343,6.5487
17403,37.5004
17404,36.2330
17344,6.7749
17405,37.5002
17345,6.6224
17406,37.5137
17346,6.2976
17407,36.1622
17347,6.5820
17408,36.4895
17348,6.8391
17409,36.9281
17349,6.6306
17410,36.8173
17350,6.6592
17411,37.1555
17351,6.7099
17412,36.0291
17352,6.7534
17413,36.9852
17353,6.5253
17414,37.4452
17354,6.8022
17415,36.9091
17355,6.7843
17416,37.8192
17356,6.8901
17417,37.3868
17357,6.7038
17418,37.5176
17358,6.9453
17359,6.3260
17419,37.2572
17420,36.6780
17360,6.5238
17421,38.0835
17361,6.3523
17422,36.5801
17362,6.6922
17423,37.6777
17363,6.8991
17424,37.5522
17364,6.4778
17425,36.5002
17365,6.6362
17426,37.1880
17366,6.4340
17367,6.2343
17427,38.6371
17428,37.1529
17368,6.5765
17429,37.9346
17369,6.7477
17370,6.2601
17430,36.9625
17431,36.7037
17371,6.6059
17432,37.1610
17372,6.4198
17433,36.9822
17373,6.3862
17434,38.0831
17374,6.2610
17435,36.7152
17375,6.2907
17436,37.1108
17376,6.6596
17437,37.6750
17377,6.4934
17438,37.2924
17378,6.3675
17439,37.0404
17379,6.4739
17440,37.3762
17380,6.3425
17381,6.3956
17441,37.7172
17442,36.1649
17382,6.2983
17443,36.7203
17383,6.5459
17444,36.5259
17384,6.8405
17445,37.5215
17385,6.7875
17446,37.1095
17386,6.4305
17447,36.9478
17387,6.4830
17448,36.5316
17388,6.3921
17449,37.2925
17389,6.7585
17450,37.0721
17390,6.7149
17451,38.0914
17391,6.4585
17452,36.9428
17392,6.8489
17453,37.9010
17393,6.5241
17454,37.4178
17394,6.2508
17455,37.2447
17395,6.6152
17456,37.5392
17396,6.6330
17457,37.2436
17397,6.1457
17458,36.2973
17398,6.5227
17459,37.6838
17399,6.5310
17460,37.5701
17400,6.6729
17461,38.4738
17401,6.4395
17462,37.4046
17402,6.1928
17463,36.6623
17403,7.0010
17464,37.7734
17404,6.5872
17465,37.1549
17405,6.8997
17466,37.0450
17406,6.5655
17467,36.7624
17407,6.8178
17468,37.9725
17408,6.6925
17469,37.7158
17409,6.3567
17470,36.9717
17410,6.4015
17471,37.4854
17411,6.2956
17472,37.2062
17412,6.5700
17473,37.3666
17413,6.7477
17474,36.7723
17414,6.7631
17475,38.0098
17415,6.3798
17476,37.1568
17416,7.0082
17417,6.1524
17477,37.4136
17478,35.9232
17418,6.8161
17479,37.2811
17419,6.8785
17480,37.8807
17420,6.7892
17421,6.2384
17481,37.4437
17482,36.0383
17422,6.5863
17483,37.6522
17423,6.9503
17484,38.1898
17424,6.5405
17485,36.7358
17425,6.9600
17486,37.7897
17426,6.8485
17487,37.0249
17427,6.5401
17488,37.8633
17428,6.4129
17429,6.4123
17489,37.5404
17490,35.8151
17430,6.9363
17491,37.7632
17431,6.6930
17492,37.5819
17432,6.5196
17493,38.0966
17433,7.0214
17434,6.1805
17494,39.6456
17495,37.0470
17435,7.0146
17496,38.2308
17436,6.9808
17437,6.2773
17497,36.8133
17498,36.1524
17438,6.6356
17499,37.2910
17439,6.5794
17500,37.0976
17440,6.4457
17501,36.3191
17441,6.4147
17502,37.9860
17442,6.4193
17503,36.8937
17443,6.9085
17504,39.1072
17444,6.9650
17505,37.4832
17445,6.8845
17506,36.3402
17446,6.7282
17507,37.0592
17447,6.5617
17508,36.9731
17448,6.2511
17509,36.5950
17449,6.3272
17450,6.5924
17510,37.4647
17511,36.7148
17451,6.4244
17512,37.8828
17452,6.6794
17513,37.3823
17453,6.7915
17514,37.1082
17454,6.3874
17515,36.9822
17455,6.4059
17516,38.7659
17456,6.7075
17517,36.9137
17457,6.5420
17518,37.2384
17458,6.7461
17519,36.7460
17459,6.6438
17460,6.5775
17520,38.7535
17521,36.7303
17461,6.5856
17522,37.4027
17462,6.9343
17523,37.6805
17463,6.9980
17464,6.5955
17524,38.1902
17525,36.2433
17465,6.4914
17526,35.9756
17466,6.3701
17527,37.0588
17467,6.9694
17528,37.4017
17468,6.7174
17529,37.6723
17469,6.2591
17530,37.1304
17470,6.7415
17531,37.3206
17471,6.3427
17532,36.3891
17472,6.5345
17473,6.2995
17533,37.2589
17534,36.6060
17474,6.6195
17535,37.7406
17475,6.8112
17536,36.6877
17476,6.7633
17537,37.5141
17477,6.7307
17538,37.3106
17478,6.5284
17539,36.2757
17479,6.9192
17540,37.8558
17480,6.2509
17541,37.2809
17481,6.9991
17542,36.9174
17482,6.7193
17543,37.5471
17483,6.3693
17544,36.9334
17484,6.8522
17545,38.1980
17485,6.9275
17486,6.6758
17546,37.8547
17547,36.8325
17487,6.9374
17548,37.3140
17488,6.3200
17549,36.6473
17489,6.8877
17550,38.3259
17490,6.4349
17551,37.1161
17491,6.4520
17552,37.7696
17492,6.5226
17553,37.4221
17493,6.7776
17554,37.1193
17494,6.9664
17555,37.0402
17495,6.8964
17556,37.6331
17496,6.5604
17557,37.4029
17497,6.8830
17558,36.6114
17498,6.6587
17559,37.6741
17499,6.7488
17560,37.8681
17500,6.3249
17561,36.9526
17501,6.2280
17562,37.0936
17502,6.4029
17563,37.6106
17503,6.1711
17564,37.1925
17504,6.6824
17565,37.3687
17505,6.4702
17566,37.2295
17506,6.7004
17567,37.3432
17507,6.8668
17508,6.3240
17568,37.7833
17569,36.1707
17509,6.7858
17570,37.0398
17510,6.9807
17571,37.5739
17511,6.7031
17572,38.2196
17512,6.6978
17573,36.8849
17513,6.6113
17574,37.0853
17514,6.5240
17575,37.6950
17515,6.4015
17576,37.5069
17516,6.2743
17577,37.6730
17517,6.5477
17578,37.1771
17518,6.7460
17579,36.8876
17519,6.4345
17580,36.6847
17520,6.5745
17581,38.6825
17521,6.1463
17582,36.3770
17522,6.8660
17583,37.6525
17523,6.5099
17584,37.9420
17524,6.4750
17525,6.3147
17585,39.4739
17586,35.8747
17526,6.3187
17587,38.2338
17527,6.3143
17588,37.4488
17528,6.5981
17589,37.3763
17529,6.4312
17590,37.7872
17530,6.2674
17591,37.0571
17531,6.7684
17592,38.3401
17532,6.4826
17593,35.9292
17533,6.6126
17594,37.5690
17534,6.2673
17595,38.0814
17535,6.7029
17596,37.2981
17536,6.2016
17597,36.1897
17537,6.4641
17538,6.4156
17598,37.7308
17599,36.5441
17539,6.9743
17600,37.3773
17540,6.4616
17601,37.3231
17541,6.4649
17602,37.5133
17542,6.6506
17603,36.5433
17543,6.6869
17604,37.1687
17544,6.6823
17605,36.8266
17545,6.5245
17606,36.8436
17546,6.4760
17607,38.6553
17547,6.3936
17608,37.0563
17548,6.4852
17609,36.5351
17549,6.2459
17610,37.7887
17550,6.4761
17611,37.9896
17551,6.5816
17612,36.8461
17552,6.5267
17613,38.2402
17553,6.1941
17614,37.2839
17554,6.5300
17615,37.6974
17555,6.7043
17616,38.4256
17556,6.6679
17617,37.2834
17557,6.2299
17618,36.7396
17558,6.5707
17619,38.2185
17559,6.5629
17620,37.9260
17560,6.7776
17561,6.4883
17621,37.3844
17622,37.0986
17562,6.7942
17623,37.6734
17563,6.3641
17624,37.2895
17564,6.3431
17625,38.1111
17565,6.7758
17626,37.5447
17566,6.2443
17627,36.8017
17567,6.5374
17568,6.4038
17628,38.2284
17629,36.5232
17569,6.5441
17570,6.4380
17630,38.1403
17631,36.8115
17571,6.5891
17632,36.9563
17572,6.6805
17633,37.4951
17573,6.6768
17634,37.7001
17574,6.6602
17575,6.5697
17635,37.2159
17636,36.2899
17576,6.3707
17637,37.2806
17577,6.4111
17638,37.0482
17578,6.3886
17639,37.3902
17579,6.8696
17640,38.2055
17580,6.7510
17641,36.7141
17581,6.7813
17642,37.5936
17582,6.5525
17643,36.8428
17583,6.5544
17644,37.0007
17584,6.4419
17645,36.8485
17585,6.5105
17646,37.7022
17586,6.3175
17647,36.0700
17587,6.5851
17648,37.6029
17588,6.5975
17649,37.0750
17589,6.5852
17650,36.6614
17590,6.4409
17651,36.7428
17591,6.5351
17652,37.8037
17592,6.5378
17653,37.1807
17593,6.8035
17654,36.9795
17594,6.3697
17655,37.0160
17595,6.3320
17656,37.3905
17596,6.6132
17657,37.8790
17597,6.3692
17658,37.4849
17598,6.4293
17659,38.0466
17599,6.6888
17660,36.8881
17600,6.3608
17661,36.9184
17601,6.4707
17662,37.1866
17602,6.5489
17663,37.5394
17603,6.1992
17664,36.4565
17604,6.6565
17665,37.8003
17605,6.3640
17666,37.4988
17606,6.5062
17667,37.2277
17607,6.6299
17668,37.2293
17608,6.3489
17669,38.6520
17609,6.4473
17670,37.0337
17610,6.3373
17611,6.0879
17671,37.9100
17672,36.4720
17612,6.3688
17673,37.5433
17613,6.3080
17674,37.5321
17614,6.7752
17675,37.2975
17615,6.6331
17676,36.7485
17616,6.7634
17677,38.2451
17617,6.5498
17618,6.1649
17678,37.3280
17679,36.3443
17619,6.3864
17680,37.4266
17620,6.3052
17681,36.9295
17621,6.4140
17682,37.8527
17622,6.4411
17683,36.8829
17623,6.3676
17624,6.1513
17684,37.5910
17685,35.9686
17625,6.3064
17686,37.0108
17626,6.2522
17687,37.7352
17627,6.8288
17688,37.5889
17628,6.1788
17689,36.5606
17629,6.4119
17690,37.3829
17630,6.2036
17691,36.1812
17631,6.4309
17692,38.0810
17632,6.5213
17693,37.2889
17633,6.4911
17694,37.0288
17634,6.2097
17695,37.2286
17635,6.5326
17696,37.3715
17636,6.6397
17637,6.6164
17697,37.3841
17698,36.5845
17638,6.4603
17699,37.2033
17639,6.2539
17700,36.6997
17640,6.5570
17701,37.5604
17641,6.3128
17702,36.9999
17642,6.5082
17703,36.2453
17643,6.6672
17704,37.6973
17644,6.5725
17705,37.1611
17645,6.3616
17706,36.2823
17646,6.5339
17707,38.2167
17647,6.8403
17708,38.2959
17648,6.8779
17709,36.6853
17649,6.6475
17710,37.3417
17650,6.4251
17711,36.8641
17651,6.7705
17712,37.4267
17652,6.7499
17713,36.8775
17653,6.6506
17714,37.5151
17654,6.7988
17715,38.0055
17655,6.7682
17716,37.4131
17656,6.8387
17717,37.0666
17657,6.5886
17718,36.1780
17658,6.6709
17719,37.4477
17659,6.4776
17720,37.2940
17660,6.6827
17721,36.9595
17661,6.5141
17722,37.4804
17662,6.3279
17723,36.6509
17663,6.8626
17724,37.5665
17664,6.5363
17725,37.8567
17665,6.6060
17726,37.7649
17666,6.4525
17727,37.1917
17667,6.5736
17728,37.0336
17668,6.2506
17729,36.3675
17669,6.2127
17730,36.9430
17670,6.4213
17731,37.8414
17671,6.2289
17732,37.1974
17672,6.3864
17733,37.0927
17673,6.2077
17734,36.4731
17674,6.3118
17735,37.2193
17675,6.5826
17736,37.4763
17676,6.3235
17737,36.8272
17677,6.3956
17678,6.5787
17738,38.4982
17739,36.1091
17679,6.5300
17740,37.7457
17680,6.3437
17681,6.1477
17741,37.7146
17742,37.1306
17682,6.7127
17743,37.4399
17683,6.8398
17744,37.3807
17684,6.5813
17745,37.3687
17685,6.4483
17746,36.3447
17686,6.4804
17747,37.0742
17687,6.7128
17748,37.0888
17688,6.3715
17749,37.2043
17689,6.8100
17750,38.0964
17690,6.6078
17751,37.4943
17691,6.8501
17752,37.6099
17692,6.7372
17753,40.0252
17693,6.3339
17754,37.2011
17694,7.0313
17755,37.4339
17695,6.4058
17756,36.2833
17696,6.4027
17757,37.1870
17697,6.8751
17758,37.0875
17698,6.6142
17759,37.5279
17699,6.7161
17760,37.4682
17700,6.6569
17761,37.6700
17701,6.2440
17762,36.0094
17702,6.7329
17763,37.7651
17703,6.7294
17764,37.3960
17704,6.9520
17765,36.9000
17705,6.6367
17766,38.6427
17706,6.3362
17767,36.5662
17707,6.2335
17768,36.1133
17708,6.6824
17769,37.6565
17709,6.4389
17770,36.4621
17710,6.8280
17771,37.7619
17711,6.5378
17772,37.6331
17712,6.5419
17773,37.7072
17713,6.5511
17774,38.1042
17714,6.9582
17775,36.8510
17715,6.6180
17776,38.5996
17716,6.9241
17777,37.4088
17717,6.4725
17778,36.6078
17718,6.9716
17779,38.2526
17719,6.6632
17780,36.3560
17720,6.5409
17781,37.1932
17721,6.7500
17782,37.6595
17722,6.3912
17783,36.9736
17723,6.5879
17784,36.7443
17724,6.7591
17725,6.7201
17785,40.2548
17786,36.1392
17726,6.4959
17787,37.4845
17727,6.4524
17788,37.6093
17728,6.5815
17789,37.5204
17729,6.7021
17790,37.0867
17730,6.8127
17791,37.3305
17731,6.5330
17792,38.6445
17732,6.6283
17793,37.3275
17733,6.7223
17794,37.1368
17734,6.5346
17795,37.3731
17735,6.8697
17796,37.6377
17736,6.5531
17797,36.5976
17737,6.7288
17798,37.2447
17738,6.3461
17799,36.9801
17739,6.2703
17800,37.1592
17740,6.9093
17801,37.1782
17741,6.4816
17802,37.0491
17742,6.1945
17803,36.4755
17743,6.8198
17804,38.7824
17744,6.9758
17745,6.4683
17805,37.9169
17806,36.7669
17746,6.5064
17807,37.1483
17747,7.0793
17748,6.2846
17808,37.4336
17809,36.3079
17749,6.5807
17810,37.1922
17750,6.8099
17811,37.1292
17751,6.6524
17812,37.3384
17752,6.3876
17813,37.5869
17753,6.5694
17814,37.2894
17754,6.6372
17815,37.7860
17755,6.7504
17816,37.2423
17756,6.6544
17757,6.4122
17817,37.7243
17818,36.6453
17758,7.0204
17819,37.0941
17759,6.5777
17820,38.7302
17760,6.7361
17821,37.2917
17761,6.4487
17822,37.3930
17762,6.8238
17823,37.7784
17763,6.5168
17824,36.9113
17764,7.0170
17825,37.2360
17765,7.0804
17826,37.6875
17766,6.1476
17767,5.9027
17827,38.5839
17828,36.9872
17768,6.0848
17769,5.9035
17829,38.0968
17830,37.0326
17770,6.1560
17831,37.7739
17771,6.1526
17832,38.4607
17772,5.9735
17833,37.7419
17773,5.9999
17834,38.0852
17774,5.9747
17835,37.6073
17775,6.2005
17836,38.2123
17776,6.2100
17837,37.2448
17777,6.1554
17778,6.0187
17838,38.1942
17839,37.8033
17779,6.2140
17840,37.7632
17780,6.1212
17841,38.6184
17781,6.0847
17842,38.0905
17782,6.0554
17843,38.1820
17783,6.2510
17784,5.9671
17844,38.6329
17845,37.2126
17785,6.2079
17846,37.8570
17786,6.0174
17847,37.9045
17787,6.0175
17848,38.0401
17788,6.2032
17849,37.8440
17789,6.0027
17850,37.6993
17790,6.0536
17851,38.1325
17791,6.1470
17852,37.3081
17792,5.9208
17853,37.3400
17793,5.9168
17794,5.8575
17854,39.1022
17855,36.9791
17795,5.9311
17856,38.0091
17796,6.1637
17797,5.8619
17857,38.4307
17798,5.9543
17858,37.0547
17859,36.9513
17799,6.1923
17860,37.8062
17800,6.0835
17861,39.4817
17801,6.4710
17862,38.4183
17802,6.0775
17863,36.8123
17803,6.0740
17864,36.8771
17804,6.0935
17865,38.7589
17805,6.5876
17866,37.0002
17806,6.4863
17867,38.8608
17807,6.3003
17868,37.9595
17808,6.5575
17869,38.4521
17809,6.1539
17870,37.6377
17810,6.1504
17871,38.2051
17811,6.5478
17812,5.9640
17872,38.0272
17873,37.9351
17813,6.8955
17874,38.4103
17814,6.3824
17815,5.9354
17875,38.7814
17816,6.3479
17876,37.8850
17877,37.7391
17817,6.3460
17878,37.2370
17818,6.4544
17879,37.7631
17819,5.9733
17880,37.9351
17820,6.2057
17881,37.7134
17821,6.1488
17882,37.2570
17822,6.5207
17883,37.5365
17823,6.5048
17884,39.0498
17824,6.0919
17825,5.8424
17885,38.4006
17886,36.6793
17826,6.0909
17827,6.0832
17887,38.3024
17888,38.3589
17828,6.1549
17889,39.8051
17829,5.9399
17830,5.9568
17890,38.2039
17831,6.0086
17891,37.4948
17892,38.4418
17832,6.6476
17893,38.7996
17833,5.8551
17894,37.2549
17834,6.2362
17895,37.1507
17835,6.0180
17896,38.7741
17836,6.0318
17837,5.9085
17897,38.1192
17838,5.9166
17898,37.4692
17899,36.6734
17839,5.9893
17900,37.8863
17840,6.0552
17841,5.9240
17901,38.9441
17902,37.4743
17842,6.2366
17903,37.7600
17843,6.1101
17904,38.1594
17844,5.9941
17905,37.5613
17845,5.9604
17906,37.8204
17846,6.4558
17907,38.6443
17847,6.2700
17908,38.2428
17848,6.1747
17909,38.9369
17849,6.1224
17850,5.9544
17910,38.4676
17851,6.1062
17911,37.9258
17912,36.8942
17852,7.4123
17913,37.8129
17853,5.9109
17854,5.7967
17914,38.0192
17915,37.3358
17855,5.9891
17856,5.8742
17916,38.4199
17917,37.6723
17857,5.8967
17918,37.4945
17858,5.8664
17919,37.9294
17859,6.0755
17920,37.8076
17860,6.1740
17861,5.7307
17921,38.1729
17922,36.9844
17862,6.0395
17923,38.0115
17863,6.0063
17924,37.7553
17864,5.8049
17925,37.4556
17865,5.8132
17926,37.7367
17866,5.8353
17927,38.5032
17867,6.0503
17868,5.8552
17928,38.0479
17929,37.5604
17869,5.8781
17930,38.4453
17870,6.0536
17931,38.3333
17871,6.0297
17872,5.8323
17932,37.8109
17933,36.8915
17873,6.1032
17934,37.9507
17874,6.2594
17935,38.5745
17875,6.2873
17876,5.8696
17936,39.3231
17877,5.8945
17937,37.4872
17938,38.2541
17878,5.9284
17939,37.0895
17879,5.8817
17880,5.9165
17940,38.6759
17881,6.0060
17941,38.0331
17942,38.1335
17882,6.0059
17883,6.1902
17943,38.8018
17944,36.8643
17884,6.0743
17945,37.8089
17885,6.1604
17946,37.6622
17886,6.4789
17947,37.9678
17887,5.9755
17948,37.2582
17888,6.5327
17949,38.3413
17889,6.4812
17950,37.8171
17890,6.4226
17951,37.7036
17891,5.8757
17892,6.0196
17952,38.5420
17953,37.0584
17893,6.2396
17954,37.7791
17894,6.0793
17895,5.8875
17955,40.8066
17956,37.8159
17896,5.7950
17957,37.3677
17897,6.1072
17898,5.8224
17958,38.2469
17959,36.9015
17899,6.2875
17960,37.7844
17900,6.0251
17961,38.9459
17901,5.8814
17962,37.5990
17902,6.1842
17963,37.8559
17903,6.1526
17964,38.2250
17904,6.1809
17965,37.3061
17905,6.0980
17966,37.4309
17906,5.8676
17967,37.1674
17907,6.4329
17968,38.0522
17908,6.0305
17969,38.3659
17909,5.9375
17970,37.9187
17910,6.0030
17971,37.6493
17911,5.9655
17972,38.0647
17912,6.0652
17973,37.7582
17913,5.9107
17974,37.5048
17914,5.9635
17975,38.2120
17915,6.1667
17976,37.3639
17916,6.0160
17977,38.7640
17917,5.9782
17978,37.7741
17918,5.9665
17979,38.1867
17919,6.1280
17980,37.3894
17920,5.9138
17981,36.9009
17921,6.3203
17982,37.6677
17922,6.6387
17983,38.1743
17923,6.0712
17984,37.6028
17924,6.0150
17985,37.3614
17925,5.9535
17986,37.3794
17926,5.9098
17987,37.5405
17927,6.5319
17928,5.9267
17988,38.2999
17989,37.4864
17929,6.5802
17990,38.7249
17930,6.3566
17991,37.3981
17931,6.0110
17992,37.8660
17932,5.9123
17993,37.7333
17933,5.8116
17994,37.2037
17934,6.3262
17995,37.6156
17935,6.3574
17996,38.2325
17936,6.0476
17997,38.1992
17937,6.4543
17938,5.7638
17998,38.2480
17999,36.9775
17939,5.8516
18000,37.4341
17940,6.4448
18001,37.7778
17941,6.1513
18002,38.1986
17942,6.2943
17943,5.7877
18003,38.2509
18004,37.5440
17944,6.0291
18005,38.5901
17945,5.9336
18006,37.6458
17946,6.0390
17947,6.2096
18007,38.7497
18008,37.5703
17948,5.9909
18009,38.0111
17949,6.6286
17950,6.1044
18010,38.5441
18011,36.5184
17951,6.1544
18012,38.3008
17952,5.8286
18013,37.8831
17953,6.4087
18014,37.4606
17954,6.5112
17955,6.2660
18015,38.6539
18016,37.3161
17956,6.3043
18017,38.0750
17957,6.3872
18018,40.3695
17958,6.0127
17959,5.7752
18019,37.6170
18020,37.4792
17960,6.2230
18021,37.2332
17961,6.1171
18022,37.0759
17962,6.2435
18023,38.2422
17963,6.2736
18024,36.9352
17964,6.1979
18025,36.8895
17965,6.3083
18026,37.6148
17966,5.8511
17967,5.9023
18027,37.2225
18028,37.0361
17968,6.0867
18029,38.3338
17969,5.9756
18030,38.2143
17970,6.2860
18031,38.5866
17971,6.0402
18032,37.8557
17972,5.9528
17973,5.8539
18033,38.7675
18034,37.5225
17974,5.8485
18035,36.9285
17975,6.0878
18036,37.3801
17976,6.0847
17977,5.9140
18037,39.0136
18038,37.0182
17978,6.1977
18039,37.5488
17979,6.0291
18040,38.9861
17980,6.2627
17981,5.9453
18041,38.8673
17982,5.9060
18042,37.7651
18043,36.5746
17983,6.2396
18044,38.3109
17984,6.2592
18045,38.3592
17985,5.9712
18046,37.6479
17986,6.0036
18047,38.6769
17987,6.1153
18048,37.8116
17988,6.2422
18049,37.6338
17989,6.1551
18050,37.2828
17990,6.2191
18051,38.2059
17991,5.9874
18052,37.7688
17992,6.1886
18053,38.4086
17993,5.9648
18054,37.5835
17994,5.9447
18055,37.7055
17995,5.9167
18056,36.7265
17996,5.9707
18057,37.6478
17997,6.2472
17998,6.3517
18058,38.1187
17999,6.1056
18059,36.9783
18060,37.1452
18000,6.0260
18061,37.3998
18001,6.3983
18062,37.6051
18002,6.5699
18063,38.3192
18003,6.0122
18064,38.1452
18004,6.1649
18065,37.5632
18005,6.2392
18006,6.2425
18066,38.5835
18007,5.9835
18067,37.3435
18068,37.8914
18008,6.6581
18069,37.7834
18009,6.4430
18010,5.8957
18070,38.3462
18011,6.1038
18071,36.9370
18072,38.2133
18012,6.2411
18073,37.8485
18013,6.0879
18014,6.0069
18074,39.2420
18015,6.2071
18075,37.8109
18076,36.8565
18016,6.2146
18077,37.8182
18017,5.9965
18078,38.6911
18018,6.3559
18079,37.9141
18019,6.4372
18020,6.3446
18080,38.3044
18081,37.6066
18021,5.9717
18022,6.0002
18082,37.9348
18083,37.7680
18023,5.8946
18024,5.9829
18084,37.4972
18085,37.6377
18025,6.5093
18086,38.2170
18026,6.4323
18027,5.8926
18087,37.5096
18088,37.7224
18028,5.9976
18089,38.2429
18029,6.1631
18090,37.3990
18030,6.0490
18091,36.5770
18031,6.2574
18092,37.6611
18032,6.2302
18093,39.1412
18033,6.2040
18034,6.5144
18094,38.1507
18095,36.9091
18035,6.1723
18096,37.9036
18036,6.0106
18037,5.8479
18097,39.2190
18038,5.8719
18098,36.5700
18099,37.5406
18039,6.1293
18100,37.3392
18040,6.0373
18101,38.5997
18041,6.0122
18042,5.7856
18102,39.3931
18043,5.8981
18103,36.6560
18104,37.1986
18044,6.1947
18045,5.8218
18105,38.2966
18046,5.9749
18106,38.1960
18107,37.1606
18047,6.5881
18108,38.5667
