batch_index,latency_ms
1,43.0470
2,37.7148
3,38.8176
4,38.2427
5,34.3305
6,37.6092
7,36.7517
8,36.0031
9,34.7756
10,34.7411
11,37.4495
12,38.0235
13,37.0739
14,36.3562
15,37.9864
16,38.1666
17,34.8136
18,37.3018
19,36.9328
20,38.5129
21,37.7499
22,38.8016
23,37.8200
24,37.6078
25,37.7365
26,37.9841
27,36.6484
28,38.7378
29,38.5859
30,39.9454
31,37.3968
32,38.8122
33,37.3062
34,37.9706
35,37.4118
36,34.9964
37,38.8393
38,36.9993
39,38.3123
40,34.9227
41,35.4793
42,35.4278
43,37.2887
44,37.5003
45,34.4726
46,38.0908
47,34.5256
48,36.0252
49,34.8153
50,37.5786
51,33.9830
52,36.9111
53,36.1711
54,33.3327
55,36.5420
56,37.1458
57,36.0331
58,36.2994
59,35.4589
60,34.2407
61,36.2488
1,13.8472
2,13.6192
3,13.2535
4,8.1259
62,41.7755
5,8.0874
6,11.6305
7,11.1110
8,7.8819
63,39.7230
9,7.9920
10,11.4849
11,8.3120
12,8.1727
64,36.5573
13,7.9594
14,10.4310
15,11.5618
65,39.0492
16,11.9722
66,35.7719
17,10.8814
67,35.4049
18,11.4727
68,35.6367
19,10.6964
69,38.5505
20,10.0074
70,39.3142
21,10.7738
71,35.6024
22,10.9879
72,38.3091
23,10.8892
73,36.2065
24,10.0465
74,37.6200
25,10.8025
75,37.6293
26,11.3974
76,38.3940
27,9.4008
77,37.9819
28,10.5235
78,36.1597
29,10.6539
79,36.4907
30,10.4449
80,36.2857
31,10.6343
81,36.3504
32,10.3405
82,38.6453
33,11.6021
83,37.8447
34,11.2303
84,36.3590
35,10.8180
85,35.7584
36,10.7584
86,36.4213
37,11.0032
87,36.6765
38,9.7671
88,39.4993
39,11.1789
89,36.0155
40,10.6760
90,38.9508
41,10.5510
91,37.9039
42,10.9159
92,38.7148
43,11.3519
93,38.3716
44,10.6657
94,38.9034
45,10.7505
95,36.5495
46,10.3555
96,37.3867
47,11.1937
97,38.1971
48,10.7854
98,36.0221
49,10.0853
99,35.3942
50,10.5688
100,35.4314
51,10.3673
101,35.7006
52,10.1170
102,35.2672
53,10.7531
103,35.5218
54,10.5627
104,36.2098
55,10.4250
105,38.6519
56,11.0319
106,37.7315
57,10.2839
107,36.0528
58,11.1250
108,38.0710
59,10.3555
109,38.1546
60,10.2880
110,38.6443
61,10.6816
111,35.8620
62,10.7034
112,36.0962
63,10.8464
113,35.1903
64,10.9601
114,35.7556
65,10.3677
115,35.8390
66,10.8459
116,37.8511
67,10.4428
117,35.5348
68,10.2727
118,35.7986
69,11.1922
119,37.8108
70,10.6846
120,36.1747
71,10.4557
121,36.9665
72,11.1466
122,36.6242
73,10.5210
123,35.9473
74,10.6690
124,38.7803
75,10.4329
125,35.4332
76,10.7983
126,38.3932
77,11.7775
127,39.0280
78,11.0121
128,36.2945
79,12.2635
129,38.5840
80,11.8476
130,38.2271
81,11.8308
131,38.4771
82,10.7303
132,36.2635
83,11.4401
133,37.9909
84,11.5121
134,36.0071
85,10.2852
135,35.5351
86,10.6303
136,35.7419
87,10.4954
137,35.4987
88,10.6699
138,36.1568
89,11.0259
139,35.6443
90,10.7004
140,37.9998
91,10.8152
141,38.4275
92,10.7652
142,35.7758
93,10.2310
143,36.4783
94,9.2925
144,39.0270
95,10.3597
145,38.0198
96,10.9451
146,36.3414
97,11.2197
147,36.5556
98,11.0056
148,35.6490
99,12.7584
149,36.6267
100,11.3380
150,36.3476
101,10.9052
151,36.4465
102,10.6408
152,38.2790
103,11.0071
153,38.1730
104,10.7701
154,36.2099
105,11.3856
155,35.8869
106,11.0773
156,36.2161
107,11.2966
157,36.0523
108,11.3770
158,38.1101
109,10.8120
159,37.9739
110,12.0670
160,37.6834
111,10.8738
161,36.1175
112,11.0068
162,38.5605
113,10.5058
163,36.1408
114,10.9414
164,36.2433
115,11.3141
165,38.5380
116,11.2447
166,37.6534
117,10.1572
167,34.6823
118,10.6939
168,35.8598
119,10.3681
169,35.4775
120,10.1405
170,36.3753
121,10.1352
171,38.6253
122,10.3033
172,38.5516
123,11.0378
173,36.2575
124,11.0082
174,36.0314
125,10.8132
175,36.4907
126,10.4493
176,40.0551
127,10.6394
177,37.1217
128,11.0019
178,36.0780
129,10.2857
179,36.7108
130,10.2188
180,35.4392
131,10.4094
181,35.7898
132,11.7430
182,37.9744
133,11.6501
183,36.4649
134,10.9183
184,36.4282
135,11.2845
185,36.2591
136,10.2772
186,35.3637
137,10.4083
187,36.4507
138,10.3185
188,35.9447
139,10.2767
189,38.6987
140,10.7330
190,35.5458
141,10.2641
191,39.9069
142,10.2960
192,39.6601
143,11.7028
193,38.5058
144,10.3839
194,36.3949
145,10.6484
195,35.9353
146,10.6931
196,35.7990
147,10.3105
197,35.4539
148,10.3409
198,35.1700
149,10.2440
199,35.7247
150,10.3537
200,35.7993
151,10.5912
201,36.0213
152,9.7472
202,38.0034
153,10.4921
203,35.8068
154,10.9135
204,35.9578
155,10.4819
205,36.3089
156,10.7780
206,38.1087
157,10.8254
207,35.8451
158,9.5591
208,36.4629
159,10.2013
209,35.9091
160,11.0983
210,38.1026
161,9.8640
211,38.6798
162,9.6845
212,38.3389
163,10.4382
213,36.2396
164,10.4040
214,36.4507
165,10.2733
215,36.0752
166,10.6984
216,35.4785
167,9.5289
217,38.5385
168,10.5432
218,36.4426
169,10.0721
219,36.7830
170,9.6956
220,37.1799
171,10.2118
221,37.3890
172,10.1289
222,37.1821
173,10.2990
223,36.8355
174,10.6845
224,36.0410
175,10.5287
225,35.7552
176,10.5287
226,35.8438
177,10.7999
227,35.9686
178,11.8736
228,38.6634
179,9.9994
229,35.9231
180,10.3482
230,35.9073
181,10.1484
231,35.8358
182,10.5151
232,37.0184
183,10.5513
233,36.2719
184,10.3275
234,38.6949
185,10.4972
235,36.3237
186,10.4367
236,36.7548
187,10.4809
237,36.3022
188,10.6931
238,36.3662
189,11.1236
239,38.4129
190,10.0038
240,36.5137
191,9.7761
241,35.2587
192,10.3627
242,36.5073
193,10.0254
243,35.9326
194,10.2040
244,36.0370
195,10.3399
245,36.4697
196,10.0859
246,35.7072
197,10.6146
247,38.2858
198,9.8202
248,37.9275
199,9.9445
249,35.7500
200,10.2686
250,35.3956
201,10.9279
251,36.0504
202,10.4338
252,36.5339
203,10.2045
253,35.7070
204,9.1647
254,38.1134
205,9.6937
255,37.3852
206,10.3870
256,35.6599
207,9.9059
257,35.8769
208,10.2024
258,35.3888
209,9.3588
259,38.0499
210,9.9443
260,35.9562
211,10.0317
261,35.9945
212,11.8428
262,37.8232
213,9.8792
263,35.2972
214,10.6555
264,36.0864
215,9.9965
265,36.0540
216,10.3988
266,35.5680
217,9.9315
267,35.9329
218,9.6874
268,38.8471
219,10.0707
269,36.3585
220,10.0248
270,35.3919
221,9.5550
271,35.0082
222,9.8064
272,35.1573
223,9.2499
273,38.0200
224,10.0441
274,35.6340
225,10.0597
275,35.6336
226,11.2901
276,37.9128
227,10.2190
277,35.9996
228,10.3436
278,35.5728
229,9.9944
279,36.2670
230,10.1744
280,36.0333
231,11.4286
281,38.2363
232,10.9961
282,39.3071
233,10.2644
283,36.3039
234,10.7650
284,37.0081
235,11.4363
285,38.2132
236,10.3836
286,36.9163
237,10.3975
287,35.8632
238,10.1429
288,35.6682
239,10.7205
289,36.0937
240,10.7783
290,37.9027
241,11.6851
291,35.7956
242,10.7606
292,36.4721
243,10.2569
293,36.2311
244,10.3671
294,35.9934
245,11.0689
295,37.7399
246,10.3131
296,36.2073
247,10.0744
297,37.8851
248,10.4941
298,36.1119
249,10.1249
299,37.1175
250,10.0739
300,36.0964
251,10.0797
301,38.0731
252,9.9027
302,39.0351
253,10.1270
303,36.2655
254,10.1091
304,35.7528
255,10.2104
305,36.6813
256,10.5419
306,37.2852
257,10.9406
307,36.3237
258,10.5511
308,35.5234
259,10.3220
309,35.9768
260,10.2772
310,35.5677
261,9.7368
311,35.6526
262,10.3029
312,38.3097
263,9.5872
313,37.2763
264,11.1116
314,37.2621
265,10.8011
315,35.6482
266,10.1554
316,35.8891
267,10.5016
317,36.6465
268,9.9221
318,38.0412
269,9.6486
319,37.3792
270,10.2901
320,36.2685
271,10.4071
321,37.0018
272,10.5476
322,36.1094
273,9.5036
323,38.8574
274,9.0571
324,36.2283
275,9.5670
325,36.7861
276,9.4482
326,36.7260
277,9.9848
327,37.7541
278,9.2672
328,36.4880
279,8.8808
329,35.2078
280,9.2617
330,35.6635
281,8.8910
331,36.5722
282,9.6387
332,36.0391
283,8.2269
333,38.2102
284,8.8839
334,36.1495
285,9.7323
335,35.7162
286,10.0666
336,36.1265
287,9.5400
337,36.1237
288,10.1313
338,35.7269
289,10.3676
339,37.7288
290,9.6415
340,35.5958
291,9.7280
341,35.9437
292,10.0616
342,36.0818
293,9.8818
343,36.0313
294,9.7061
344,36.0934
295,10.3835
345,36.0455
296,9.3195
346,36.6752
297,9.9851
347,35.8210
298,10.4990
348,36.2070
299,10.2918
349,36.6273
300,10.3061
350,35.8367
301,8.9714
351,38.1094
302,10.0964
352,36.1938
303,9.8170
353,35.4094
304,9.6917
354,36.0524
305,9.8671
355,36.1287
306,9.7646
356,35.0877
307,9.7843
357,35.6017
308,9.7212
358,36.2546
309,10.1470
359,36.4868
310,9.9361
360,35.9857
311,9.6220
361,35.1865
312,10.0429
362,37.3085
313,9.9287
363,35.7757
314,9.9699
364,34.9686
315,9.8087
365,35.9814
316,10.0299
366,36.0763
317,9.9814
367,35.8866
318,9.6341
368,35.8463
319,10.0887
369,35.5454
320,9.9855
370,35.9159
321,9.8814
371,36.4742
322,8.4677
372,37.9143
323,9.7410
373,35.9198
324,9.7944
374,35.9495
325,9.2292
375,35.6315
326,10.0647
376,37.5193
327,8.2182
377,37.6100
328,9.9578
378,35.6630
329,10.0988
379,36.1428
330,9.3778
380,36.7242
331,10.4325
381,35.3653
332,10.4057
382,35.5713
333,9.7066
383,35.6995
334,9.4790
384,35.7984
335,9.4702
385,35.5020
336,10.3316
386,36.3594
337,9.4906
387,35.2568
338,9.6031
388,35.7198
339,11.2905
389,35.5985
340,12.3922
390,37.7175
341,11.7867
391,37.4468
342,11.1139
392,35.7952
343,11.4556
393,38.0516
344,10.8981
394,36.7179
345,11.2702
395,36.1340
346,11.2986
396,35.7607
347,10.9590
397,35.8229
348,10.7345
398,35.6619
349,11.0885
399,35.9152
350,11.4409
400,36.3611
351,10.8276
401,36.2159
352,10.9936
402,35.7066
353,11.2500
403,36.1605
354,10.9308
404,36.3413
355,10.9582
405,38.2453
356,10.9043
406,36.7521
357,11.6851
407,36.7355
358,11.6418
408,37.9912
359,10.1982
409,34.8646
360,9.8775
410,34.1771
361,9.8799
411,35.0339
362,10.5484
412,36.6405
363,10.1763
413,34.3029
364,10.1266
414,34.8435
365,10.1376
415,34.7551
366,9.8967
416,34.5613
367,9.9146
417,34.4225
368,10.3114
418,35.4877
369,11.0867
419,36.7196
370,9.9895
420,35.2773
371,9.9993
421,34.3457
372,10.1723
422,34.8664
373,10.1490
423,34.9529
374,10.0234
424,35.4621
375,10.0655
425,34.5725
376,10.3013
426,34.6183
377,10.3075
427,35.3751
378,10.2960
428,34.9907
379,10.5050
429,36.6369
380,9.7436
430,34.7013
381,10.0652
431,34.8311
382,10.1553
432,34.6440
383,10.0612
433,34.5784
384,10.0939
434,34.6204
385,10.1005
435,34.7773
386,9.9393
436,36.8463
387,10.5642
437,35.3797
388,10.4131
438,35.1538
389,10.1784
439,34.8129
390,9.9927
440,34.5125
391,9.9117
441,34.8568
392,11.4941
442,36.6001
393,9.9462
443,35.4041
394,10.0658
444,35.0696
395,9.7457
445,34.6931
396,9.8828
446,34.8495
397,10.5883
447,37.2760
398,11.2553
448,37.3613
399,9.9206
449,34.2763
400,10.4391
450,35.4824
401,10.0135
451,34.9079
402,10.2499
452,35.4257
403,9.9222
453,34.8666
404,10.3626
454,35.1643
405,10.2632
455,34.6132
406,11.5892
456,36.9030
407,10.2528
457,35.3018
408,9.8042
458,35.4701
409,11.0620
459,36.2499
410,9.5737
460,37.2518
411,10.0172
461,34.7764
412,10.0259
462,35.0077
413,9.9026
463,34.3394
414,10.0471
464,34.6453
415,10.0387
465,35.1102
416,10.0964
466,34.8490
417,10.3630
467,35.8210
418,10.2504
468,34.6319
419,10.1538
469,34.2959
420,10.2158
470,34.7871
421,10.2752
471,34.9478
422,10.3594
472,35.1638
423,10.3259
473,35.1736
424,11.0637
474,36.0600
425,10.3185
475,34.7298
426,10.2944
476,35.0461
427,10.1598
477,35.3218
428,10.2513
478,35.1235
429,9.9520
479,34.6670
430,9.9548
480,34.9273
431,10.2764
481,35.3610
432,10.1644
482,35.2710
433,9.9297
483,35.1252
434,10.1976
484,35.1819
435,10.1577
485,34.6480
436,10.3228
486,35.3250
437,10.4301
487,35.4400
438,10.3350
488,35.3387
439,10.1651
489,34.4649
440,10.4382
490,34.7364
441,10.1992
491,37.1275
442,9.9491
492,34.7815
443,10.2367
493,35.5704
444,10.2474
494,34.3955
445,10.0399
495,35.0756
446,10.1353
496,35.9597
447,9.9398
497,34.7090
448,10.3335
498,35.1003
449,10.1912
499,34.9037
450,10.2325
500,34.7431
451,9.9193
501,34.8079
452,9.5067
502,35.3730
453,9.8598
503,34.8536
454,9.6597
504,36.4262
455,10.2349
505,35.7752
456,9.9334
506,35.0088
457,10.2199
507,35.6526
458,9.9625
508,35.4173
459,10.9703
509,37.2970
460,9.3605
510,37.0978
461,9.9838
511,34.9033
462,9.9999
512,34.5471
463,11.0477
513,36.7308
464,10.2028
514,34.5348
465,9.9999
515,35.4181
466,10.0856
516,34.7931
467,10.3476
517,34.6549
468,9.8016
518,35.1789
469,10.1252
519,35.2093
470,9.9145
520,34.6723
471,9.8651
521,34.6149
472,9.9900
522,34.7845
473,10.1451
523,34.5795
474,9.9858
524,34.9295
475,9.7118
525,34.9340
476,10.4206
526,34.9153
477,10.2231
527,34.8804
478,10.1731
528,36.0609
479,10.4162
529,34.9799
480,10.1603
530,35.4379
481,10.0896
531,34.9294
482,10.0893
532,35.0704
483,10.1132
533,34.8816
484,9.7495
534,35.0810
485,10.2231
535,34.3706
486,10.1285
536,34.5837
487,10.2038
537,34.9127
488,9.8654
538,34.9393
489,10.0399
539,34.7310
490,9.9667
540,35.1622
491,9.8347
541,35.0289
492,10.0145
542,34.4652
493,10.9082
543,36.6978
494,11.1179
544,35.1019
495,11.1582
545,37.4724
496,10.8908
546,36.0112
497,10.8819
547,36.1759
498,10.9615
548,35.8710
499,11.1481
549,35.3918
500,10.5499
550,36.3037
501,10.9331
551,35.7784
502,10.8558
552,36.0632
503,11.5687
553,36.4042
504,11.5720
554,36.1993
505,11.1675
555,35.4092
506,10.6707
556,35.7871
507,10.8600
557,36.4027
508,11.4636
558,36.0118
509,10.7990
559,36.6919
510,11.2433
560,35.9743
511,10.6801
561,38.4472
512,12.2927
562,38.1279
513,11.2438
563,35.7765
514,11.2699
564,36.4144
515,10.7553
565,36.4197
516,11.2861
566,36.2654
517,11.2376
567,35.9291
518,10.8940
568,35.3254
519,11.2866
569,36.3365
520,11.0157
570,35.6135
521,10.9072
571,35.8939
522,10.7765
572,36.6889
523,11.3800
573,36.6117
524,11.3247
574,36.0895
525,11.3843
575,36.5266
526,11.3168
576,36.4725
527,11.4256
577,38.3265
528,10.9659
578,36.4839
529,11.1015
579,35.2308
530,11.0047
580,36.4815
531,11.5264
581,36.3504
532,10.6913
582,36.3017
533,11.5660
583,36.2812
534,11.3787
584,36.5890
535,11.1974
585,36.3542
536,11.1668
586,35.9749
537,11.4167
587,35.3948
538,11.2893
588,36.1068
539,10.9139
589,35.7488
540,10.7646
590,36.4464
541,10.8537
591,36.6542
542,10.5867
592,38.2526
543,10.9987
593,35.2172
544,11.3900
594,38.3504
545,10.8537
595,35.9141
546,10.9513
596,36.1803
547,11.5656
597,36.0206
548,10.8236
598,36.1232
549,11.2066
599,36.3024
550,11.4147
600,35.2367
551,10.8846
601,35.5360
552,11.0583
602,38.6353
553,10.8360
603,35.7799
554,11.0019
604,35.9379
555,10.9327
605,35.7421
556,10.8031
606,36.1208
557,10.6321
607,36.3901
558,10.7944
608,35.7747
559,10.5716
609,36.1311
560,10.5416
610,36.1508
561,11.3191
611,35.9664
562,10.8788
612,35.5433
563,11.4366
613,35.7541
564,11.2774
614,35.9810
565,10.5311
615,35.8385
566,12.1677
616,37.3116
567,11.5295
617,36.1677
568,11.3387
618,35.7616
569,9.1260
619,36.5060
570,10.7187
620,35.8955
571,10.2744
621,36.1017
572,10.4103
622,36.1391
573,10.4371
623,36.4848
574,10.1211
624,36.5215
575,10.5192
625,36.6523
576,10.0020
626,36.6462
577,10.6353
627,36.9881
578,10.8363
628,36.5640
579,10.3507
629,35.6744
580,8.6982
630,37.9165
581,10.3589
631,36.6431
582,10.2703
632,36.9283
583,10.5697
633,36.4376
584,10.0569
634,35.7365
585,9.9938
635,35.5938
586,10.4085
636,36.2851
587,10.2247
637,35.6902
588,9.8055
638,36.0573
589,9.6887
639,36.5696
590,10.6118
640,36.3856
591,10.3324
641,36.1764
592,10.2349
642,35.7497
593,9.9713
643,36.2349
594,10.2588
644,36.7024
595,10.2329
645,35.9158
596,10.2257
646,35.9854
597,9.8388
647,37.9414
598,9.7550
648,37.5278
599,10.0412
649,35.4093
600,9.6099
650,35.8668
601,9.9394
651,36.0882
602,10.1602
652,36.0079
603,9.8956
653,36.2835
604,10.2266
654,35.1780
605,10.1005
655,35.5579
606,9.8146
656,35.8388
607,9.8762
657,35.6752
608,9.7294
658,35.9945
609,9.6636
659,34.5398
610,9.4615
660,36.3452
611,9.9120
661,36.1690
612,10.3155
662,35.9812
613,10.1913
663,36.1975
614,10.0554
664,35.9945
615,9.8575
665,35.9929
616,9.8755
666,36.0364
617,9.3686
667,36.9863
618,10.5378
668,36.5249
619,10.0244
669,36.1313
620,10.1686
670,36.4066
621,9.7317
671,36.0766
622,9.8613
672,36.5105
623,9.8515
673,36.6416
624,9.8825
674,36.2481
625,10.3321
675,36.1641
626,10.2970
676,36.0754
627,9.9899
677,36.2760
628,9.9024
678,36.3154
629,9.9795
679,36.7128
630,9.7451
680,36.6774
631,9.8211
681,35.8225
632,9.8342
682,35.6674
633,7.9945
683,37.3150
634,9.3732
684,35.7611
635,9.8119
685,35.0215
636,9.9295
686,35.8222
637,10.2301
687,35.8999
638,10.1295
688,37.7895
639,9.1603
689,35.4802
640,9.5994
690,35.4138
641,9.8641
691,36.4259
642,9.6710
692,35.5899
643,9.2210
693,36.3575
644,9.3038
694,35.3735
645,8.8518
695,37.9966
646,10.3499
696,36.1793
647,10.0244
697,36.6706
648,9.5018
698,36.0013
649,10.6347
699,35.8415
650,9.5947
700,36.8507
651,8.3316
701,38.0594
652,10.2739
702,36.2263
653,10.6573
703,39.4356
654,10.3082
704,37.5715
655,10.1141
705,37.0418
656,10.4550
706,36.9186
657,11.0877
707,37.2101
658,10.0321
708,36.7070
659,10.2349
709,36.3183
660,10.1098
710,36.9182
661,9.7233
711,36.2832
662,9.7919
712,36.1713
663,9.2971
713,35.3649
664,10.0231
714,36.2188
665,9.8735
715,35.6946
666,10.1159
716,36.7708
667,10.0003
717,36.2242
668,9.9225
718,36.2169
669,10.2906
719,36.1357
670,9.7085
720,35.8873
671,10.3169
721,36.6261
672,10.2708
722,36.1012
673,10.0901
723,36.8895
674,9.8521
724,36.0042
675,9.5927
725,36.6750
676,9.7835
726,36.3571
677,9.7480
727,36.6046
678,10.1590
728,35.7865
679,10.3015
729,35.9942
680,9.5654
730,36.3827
681,8.5355
731,39.0916
682,10.8452
732,36.0133
683,9.8406
733,37.4064
684,10.1559
734,38.3853
685,10.6324
735,38.8768
686,10.5865
736,37.0029
687,10.6597
737,37.0037
688,9.8113
738,36.8368
689,10.6371
739,36.8648
690,8.1701
740,38.9103
691,9.9472
741,35.7519
692,9.7659
742,36.0983
693,9.7860
743,36.2175
694,9.2032
744,36.3771
695,9.6027
745,36.7916
696,9.7478
746,36.2412
697,9.9180
747,35.9786
698,10.3136
748,36.4757
699,8.3495
749,38.7947
700,11.5855
750,37.3636
701,10.4835
751,39.9651
702,10.4672
752,37.3938
703,10.5333
753,36.9259
704,9.5052
754,37.2081
705,10.0015
755,37.0419
706,9.6584
756,36.2003
707,9.9932
757,36.6584
708,9.5144
758,35.8370
709,9.5781
759,36.4770
710,10.1173
760,36.2316
711,7.8725
761,38.0053
712,9.9039
762,35.6022
713,10.3618
763,36.0796
714,9.9134
764,35.9640
715,9.1610
765,38.4500
716,9.3362
766,36.5579
717,9.8128
767,35.7864
718,10.1024
768,35.8823
719,9.0444
769,38.9056
720,9.9597
770,36.0877
721,9.7115
771,36.0576
722,9.9525
772,36.1242
723,10.1310
773,36.0658
724,10.2479
774,36.7237
725,9.3774
775,36.3583
726,9.5204
776,36.0805
727,9.9940
777,36.0013
728,9.3818
778,36.9089
729,9.4363
779,36.3203
730,9.8526
780,36.5552
731,9.9017
781,36.1338
732,10.0656
782,36.1904
733,10.0422
783,36.2549
734,10.2388
784,36.2204
735,9.6810
785,35.8564
736,10.0000
786,36.1562
737,10.1513
787,35.7334
738,9.5936
788,36.6049
739,10.0402
789,35.9744
740,8.4742
790,37.3692
741,9.8931
791,36.1105
742,8.4485
792,38.1114
743,9.8380
793,35.8787
744,10.0474
794,35.4715
745,10.1731
795,35.7635
746,10.1493
796,35.3846
747,9.9723
797,35.9223
748,10.0520
798,35.9639
749,9.9965
799,35.9636
750,9.3018
800,36.0710
751,9.5197
801,36.5055
752,9.7168
802,36.0966
753,8.2564
803,37.9208
754,9.9934
804,35.9468
755,9.8165
805,35.8161
756,9.2118
806,38.3935
757,9.8416
807,36.1311
758,9.9357
808,35.4290
759,9.8201
809,35.7668
760,9.5893
810,36.0243
761,9.0417
811,36.1611
762,10.1859
812,35.7154
763,10.3959
813,36.1684
764,10.0549
814,35.9281
765,9.7263
815,35.9204
766,9.6945
816,36.0275
767,9.5587
817,35.7667
768,9.5563
818,35.5600
769,10.0417
819,36.2654
770,10.3205
820,36.5136
771,9.6998
821,35.6658
772,9.9869
822,35.4970
773,9.0550
823,38.0829
774,10.4389
824,35.9249
775,8.9844
825,38.4043
776,9.8923
826,36.4350
777,11.9406
827,36.0960
778,9.0308
828,35.5218
779,9.1006
829,35.8408
780,8.8790
830,36.2039
781,8.9019
831,35.5614
782,8.1408
832,36.2246
783,8.3559
833,35.8787
784,8.8334
834,35.7325
785,8.6157
835,36.1630
786,8.5123
836,36.0437
787,9.6859
837,38.3854
788,10.3327
838,38.5322
789,8.1367
839,36.7358
790,8.6330
840,36.0907
791,9.7635
841,35.6741
792,9.3061
842,37.0860
793,9.5495
843,36.2229
794,9.9688
844,35.9679
795,10.1170
845,36.8264
796,9.7378
846,37.6356
797,10.2315
847,37.4886
798,10.2376
848,36.8404
799,10.2223
849,36.7719
800,9.6629
850,36.8173
801,10.0632
851,36.5978
802,9.5017
852,36.3605
803,9.7491
853,37.5633
804,9.6045
854,37.4368
805,9.3117
855,37.8624
806,10.4468
856,37.7445
807,9.3895
857,37.5817
808,9.9995
858,37.3677
809,9.9268
859,37.0162
810,10.0591
860,36.4580
811,9.7555
861,37.6139
812,8.7329
862,37.1300
813,8.4995
863,38.8948
814,8.5377
864,36.9185
815,8.6301
865,37.1396
816,8.9050
866,36.1278
817,9.5118
867,37.3375
818,9.1397
868,36.2985
819,8.4582
869,36.0534
820,8.8295
870,36.8160
821,8.1524
871,38.7982
822,8.8529
872,36.3796
823,8.8520
873,35.4533
824,8.7683
874,36.3577
825,8.7406
875,35.9479
826,9.2571
876,36.0053
827,9.2437
877,36.7718
828,8.9638
878,36.3500
829,9.7606
879,36.6710
830,8.9376
880,36.7037
831,9.6220
881,36.3320
832,9.9215
882,37.4367
833,10.3118
883,37.8245
834,9.6144
884,39.1891
835,10.5071
885,36.4994
836,10.9745
886,37.3664
837,10.3796
887,37.8080
838,10.6485
888,37.6296
839,9.9780
889,37.1593
840,8.4430
890,36.5536
841,9.1668
891,35.8781
842,8.6381
892,36.2662
843,8.7043
893,35.4916
844,9.1296
894,35.6690
845,8.5403
895,36.0167
846,8.7799
896,35.7634
847,9.2665
897,35.5426
848,8.4463
898,38.1961
849,8.8268
899,35.9403
850,8.4686
900,35.8838
851,8.7795
901,35.7811
852,9.0377
902,35.3312
853,8.9953
903,35.6617
854,9.0067
904,36.0887
855,8.5704
905,36.2476
856,8.5971
906,36.1992
857,8.8074
907,35.2826
858,8.9653
908,35.2750
859,9.0191
909,36.1181
860,8.8855
910,35.2841
861,8.6971
911,35.6783
862,8.8135
912,35.9733
863,8.6190
913,36.0812
864,8.4391
914,36.4351
865,8.7027
915,35.6825
866,8.8506
916,36.0104
867,8.7703
917,36.2166
868,8.7053
918,35.7599
869,8.7060
919,35.8252
870,9.1390
920,35.8913
871,8.6980
921,35.7346
872,9.2467
922,35.5112
873,8.8420
923,35.6653
874,9.0415
924,35.8136
875,8.9698
925,35.5826
876,8.8435
926,38.1691
877,9.2924
927,36.3969
878,8.8305
928,36.3886
879,8.9699
929,37.0406
880,9.4857
930,36.5554
881,9.9740
931,37.8723
882,11.0016
932,36.2068
883,10.7950
933,36.6497
884,10.5716
934,37.5279
885,10.6072
935,36.6326
886,10.7362
936,37.5788
887,10.2948
937,36.0463
888,9.4842
938,36.1212
889,9.0195
939,36.8394
890,7.9250
940,36.9895
891,8.3447
941,37.0538
892,8.4876
942,36.1347
893,8.4850
943,36.7371
894,8.4251
944,35.9154
895,8.4001
945,36.2027
896,8.2436
946,36.5772
897,8.3055
947,36.0937
898,8.0568
948,36.3694
899,8.2259
949,36.5241
900,8.9398
950,36.5553
901,9.5251
951,36.5726
902,8.5746
952,36.9575
903,8.8563
953,38.1010
904,9.8419
954,37.7120
905,9.7772
955,37.1733
906,9.7654
956,36.0757
907,9.7422
957,37.6854
908,9.6222
958,36.3344
909,9.2539
959,36.2115
910,8.9073
960,36.3879
911,8.7199
961,38.9896
912,9.0453
962,36.0365
913,10.0089
963,36.1606
914,9.9277
964,37.0992
915,9.3274
965,36.1766
916,9.1979
966,37.1668
917,9.0508
967,35.8921
918,9.0381
968,35.5682
919,8.3207
969,36.5304
920,8.5533
970,37.2888
921,8.8686
971,36.6306
922,9.0358
972,35.9365
923,8.6365
973,37.5225
924,9.1219
974,37.3900
925,9.7095
975,37.0639
926,9.6850
976,36.5184
927,9.6958
977,37.0905
928,9.3761
978,36.8172
929,9.1405
979,36.5454
930,8.7619
980,36.7515
931,8.5851
981,36.1329
932,8.6157
982,35.6179
933,8.2863
983,37.0076
934,8.5119
984,36.4649
935,8.6336
985,35.5890
936,9.6400
986,35.3017
937,8.7811
987,35.8288
938,8.4880
988,35.6802
939,9.0367
989,36.4715
940,9.7195
990,36.2941
941,9.3797
991,35.9948
942,9.6981
992,36.2229
943,9.6598
993,36.0823
944,8.9008
994,36.4152
945,11.2985
995,35.4381
946,9.2489
996,37.0921
947,9.6531
997,38.1619
948,11.4040
998,36.3159
949,9.8605
999,36.4796
950,10.3739
1000,37.0983
951,10.9826
1001,36.1469
952,10.6489
1002,36.5182
953,10.0616
1003,36.6273
954,12.6593
1004,36.2897
955,13.1420
1005,35.2452
956,13.3400
1006,36.3486
957,12.8572
1007,36.3153
958,12.7979
1008,36.2612
959,13.0302
1009,36.4814
960,11.2993
1010,36.9701
961,10.6127
1011,37.2230
962,10.0031
1012,36.7078
963,9.2130
1013,37.4918
964,9.5308
1014,36.3281
965,9.2377
1015,36.7015
966,9.5560
1016,36.7415
967,8.7049
1017,36.9299
968,9.0481
1018,38.5867
969,7.9954
1019,37.8632
970,8.9954
1020,35.0412
971,8.7605
1021,35.8715
972,8.7795
1022,35.8065
973,8.7565
1023,36.1228
974,8.4109
1024,36.2616
975,8.4723
1025,35.6844
976,8.8292
1026,35.7941
977,8.7841
1027,36.4065
978,8.3344
1028,36.4440
979,8.7745
1029,35.9250
980,8.6527
1030,36.0658
981,8.9525
1031,35.9277
982,9.2034
1032,36.4554
983,8.6933
1033,36.5028
984,9.3059
1034,35.7999
985,9.4017
1035,35.6062
986,9.1744
1036,35.9674
987,9.9140
1037,36.5426
988,9.1268
1038,35.8460
989,8.3525
1039,36.5187
990,9.5663
1040,35.6037
991,8.9197
1041,35.7909
992,9.0702
1042,37.1703
993,9.9067
1043,36.4424
994,10.0158
1044,36.4431
995,9.8530
1045,36.4651
996,9.5764
1046,36.7380
997,12.4378
1047,36.5993
998,13.6882
1048,36.9977
999,12.6221
1049,38.0750
1000,11.8013
1050,36.9572
1001,10.6448
1051,38.7397
1002,9.9901
1052,37.7146
1003,8.6352
1053,36.7600
1004,9.0954
1054,36.7933
1005,8.6025
1055,36.4770
1006,8.2813
1056,36.0980
1007,8.2196
1057,35.8209
1008,8.7054
1058,35.3329
1009,8.4128
1059,35.4811
1010,8.9718
1060,35.3947
1011,7.7463
1061,38.2410
1012,8.1890
1062,35.9190
1013,9.2112
1063,35.8538
1014,8.5006
1064,36.2837
1015,8.9431
1065,36.1284
1016,8.6425
1066,36.3764
1017,8.7449
1067,35.4217
1018,8.0775
1068,35.8663
1019,8.2706
1069,35.5203
1020,8.2959
1070,36.4054
1021,8.3526
1071,35.7566
1022,8.1411
1072,35.7141
1023,8.2585
1073,35.9148
1024,8.2126
1074,36.9077
1025,8.0518
1075,35.8591
1026,8.0159
1076,35.8959
1027,8.0907
1077,36.1712
1028,8.5615
1078,36.3569
1029,8.5176
1079,35.9426
1030,8.0615
1080,36.2531
1031,8.2954
1081,36.2045
1032,8.7172
1082,36.4593
1033,8.8843
1083,36.7905
1034,9.1803
1084,37.0992
1035,9.6075
1085,37.7575
1036,9.9712
1086,37.6511
1037,10.7150
1087,37.1263
1038,10.0943
1088,37.1899
1039,10.0033
1089,37.0973
1040,9.4479
1090,36.2836
1041,9.7588
1091,37.3246
1042,9.9007
1092,36.0533
1043,9.1043
1093,36.4226
1044,9.0046
1094,36.0618
1045,8.6968
1095,35.7269
1046,8.8856
1096,35.6877
1047,9.4441
1097,35.7486
1048,8.9626
1098,36.1098
1049,8.5105
1099,36.4360
1050,8.9246
1100,35.7381
1051,9.2528
1101,35.6070
1052,9.6850
1102,35.5262
1053,9.1119
1103,36.0613
1054,9.1328
1104,35.3615
1055,9.3421
1105,36.1671
1056,9.3831
1106,35.5526
1057,9.8533
1107,35.5248
1058,9.7910
1108,36.1007
1059,9.4855
1109,35.7649
1060,9.8174
1110,35.9243
1061,10.0775
1111,36.1533
1062,9.5661
1112,36.8021
1063,10.0565
1113,36.2233
1064,9.6859
1114,35.6952
1065,9.3498
1115,36.5668
1066,10.0896
1116,36.9612
1067,10.2361
1117,36.5522
1068,10.0507
1118,37.2594
1069,9.7527
1119,37.5784
1070,10.6948
1120,37.8046
1071,10.7026
1121,37.9751
1072,8.9590
1122,38.7353
1073,9.4333
1123,36.8674
1074,9.3892
1124,37.2838
1075,9.3802
1125,36.1405
1076,8.8357
1126,36.9907
1077,8.2580
1127,36.1271
1078,8.3611
1128,35.9165
1079,8.7786
1129,36.0499
1080,9.0260
1130,36.0344
1081,8.6488
1131,35.6372
1082,9.0409
1132,35.6818
1083,8.7624
1133,35.1648
1084,9.0319
1134,35.9549
1085,8.7201
1135,35.7141
1086,8.7118
1136,35.8002
1087,8.7796
1137,35.9307
1088,7.9923
1138,36.5750
1089,8.8311
1139,35.4583
1090,9.0016
1140,36.6001
1091,8.8082
1141,36.3254
1092,8.9816
1142,36.3377
1093,8.7488
1143,36.3979
1094,8.8093
1144,36.4204
1095,8.5208
1145,36.9210
1096,8.6503
1146,35.4820
1097,8.5140
1147,37.7813
1098,8.8369
1148,35.5506
1099,8.5345
1149,35.6660
1100,8.8797
1150,36.1967
1101,8.8451
1151,36.1753
1102,8.4928
1152,36.4996
1103,8.5590
1153,36.0808
1104,7.9919
1154,35.6797
1105,8.3785
1155,35.9412
1106,8.0426
1156,35.7261
1107,8.7320
1157,35.0104
1108,8.6640
1158,35.5364
1109,8.5336
1159,35.6004
1110,9.0710
1160,35.8838
1111,8.6840
1161,36.7227
1112,9.4217
1162,35.3913
1113,8.7420
1163,36.7876
1114,8.7987
1164,36.1554
1115,9.3393
1165,36.4583
1116,9.5429
1166,36.8261
1117,10.3027
1167,36.9406
1118,10.1989
1168,36.3635
1119,9.2705
1169,36.5247
1120,10.0230
1170,36.7758
1121,9.3222
1171,36.3646
1122,9.1586
1172,36.9330
1123,9.6429
1173,36.7349
1124,9.0266
1174,36.1346
1125,8.8641
1175,35.0547
1126,9.0472
1176,35.8984
1127,8.0450
1177,36.1206
1128,8.7691
1178,36.5496
1129,9.3116
1179,35.9833
1130,8.6087
1180,35.2099
1131,8.8787
1181,35.2685
1132,8.5771
1182,36.0798
1133,8.4459
1183,34.8403
1134,8.4808
1184,35.6820
1135,8.7451
1185,36.0748
1136,8.5545
1186,36.1758
1137,8.2958
1187,36.4368
1138,8.9056
1188,35.9429
1139,8.7342
1189,36.1822
1140,8.8589
1190,36.2530
1141,8.2564
1191,35.8237
1142,8.8050
1192,36.0604
1143,9.0593
1193,35.6002
1144,8.1336
1194,35.4074
1145,9.1821
1195,35.6656
1146,8.3357
1196,35.8140
1147,8.7558
1197,35.8919
1148,8.1300
1198,35.8388
1149,8.9521
1199,35.7625
1150,8.6953
1200,35.3200
1151,8.5932
1201,35.8172
1152,8.3853
1202,35.8809
1153,8.4156
1203,35.5887
1154,8.6507
1204,36.0773
1155,8.6792
1205,35.0827
1156,8.4224
1206,35.3961
1157,8.8760
1207,35.6701
1158,9.1436
1208,35.6755
1159,9.0904
1209,36.1126
1160,8.7716
1210,35.7559
1161,8.9719
1211,35.9522
1162,9.2146
1212,36.2306
1163,8.5224
1213,36.4693
1164,9.3554
1214,36.4720
1165,8.6216
1215,36.3852
1166,8.8177
1216,36.7560
1167,8.3542
1217,36.2189
1168,8.5155
1218,36.4159
1169,8.0662
1219,35.9826
1170,8.4188
1220,35.7741
1171,8.2803
1221,35.5698
1172,8.8573
1222,35.9361
1173,8.0496
1223,36.1041
1174,8.3138
1224,35.9678
1175,8.4449
1225,36.7761
1176,8.6777
1226,36.7756
1177,9.3578
1227,36.0760
1178,8.7957
1228,35.9175
1179,8.5197
1229,34.9236
1180,8.1478
1230,35.7195
1181,8.9136
1231,35.5233
1182,8.9874
1232,35.4965
1183,8.6385
1233,36.4589
1184,8.5040
1234,34.8905
1185,8.1797
1235,35.6025
1186,8.7465
1236,35.3696
1187,9.2591
1237,36.4671
1188,8.6997
1238,35.5648
1189,9.0904
1239,36.3443
1190,9.0905
1240,35.3893
1191,9.0542
1241,35.5227
1192,8.8374
1242,35.8469
1193,8.9617
1243,36.3045
1194,8.8181
1244,35.3079
1195,9.9924
1245,35.1125
1196,8.5939
1246,36.1781
1197,9.1266
1247,35.5895
1198,8.9700
1248,35.9274
1199,8.9234
1249,35.2531
1200,8.6100
1250,36.1681
1201,8.6755
1251,35.5864
1202,9.0770
1252,35.5775
1203,8.8114
1253,36.4977
1204,9.2501
1254,36.3079
1205,8.7260
1255,36.0739
1206,8.0909
1256,36.5233
1207,8.7897
1257,36.5948
1208,8.7360
1258,36.1336
1209,8.6000
1259,35.5288
1210,8.4965
1260,35.7911
1211,8.2246
1261,35.5243
1212,8.4242
1262,38.2673
1213,8.7638
1263,36.0858
1214,8.7997
1264,35.6482
1215,8.4819
1265,35.9536
1216,8.8014
1266,36.1899
1217,8.6262
1267,36.6636
1218,8.7612
1268,35.2547
1219,8.2094
1269,36.5988
1220,8.7198
1270,35.5359
1221,8.4705
1271,36.2803
1222,8.3815
1272,36.4976
1223,8.8405
1273,36.6764
1224,8.8401
1274,35.7751
1225,8.7537
1275,35.7913
1226,7.7130
1276,37.5799
1227,9.2606
1277,35.9163
1228,9.8121
1278,36.4281
1229,10.0077
1279,37.2235
1230,9.3553
1280,36.4896
1231,10.1096
1281,37.5610
1232,9.4238
1282,36.4655
1233,9.6965
1283,37.0324
1234,9.5372
1284,37.1468
1235,9.2156
1285,36.9320
1236,9.9246
1286,36.9522
1237,9.5143
1287,36.4830
1238,9.9769
1288,37.1543
1239,9.1315
1289,37.3615
1240,9.1668
1290,37.2717
1241,9.2651
1291,37.6775
1242,9.2410
1292,36.5237
1243,9.0416
1293,36.2850
1244,9.3464
1294,36.7330
1245,9.0308
1295,36.6349
1246,8.7932
1296,37.0236
1247,8.6626
1297,36.9698
1248,8.7350
1298,36.3043
1249,8.2944
1299,36.0831
1250,8.2204
1300,36.5928
1251,8.2811
1301,36.1606
1252,8.2856
1302,36.1281
1253,8.2791
1303,35.9137
1254,8.1126
1304,36.1848
1255,8.5145
1305,36.1139
1256,8.9999
1306,37.1561
1257,8.7873
1307,36.6807
1258,9.2805
1308,36.5514
1259,8.5557
1309,36.1186
1260,8.7549
1310,36.9376
1261,8.2530
1311,36.1586
1262,8.0238
1312,36.7474
1263,8.3681
1313,35.5093
1264,8.7697
1314,35.9291
1265,8.1864
1315,36.4843
1266,8.8742
1316,35.9523
1267,8.2725
1317,35.8504
1268,8.2385
1318,35.8670
1269,8.2771
1319,35.8321
1270,8.6163
1320,35.9741
1271,8.1166
1321,36.1318
1272,8.0814
1322,36.2275
1273,8.0150
1323,35.6857
1274,8.1144
1324,36.7343
1275,8.2078
1325,35.9976
1276,8.1098
1326,36.2644
1277,7.7141
1327,37.8723
1278,8.3635
1328,36.2039
1279,8.2268
1329,35.7964
1280,8.5842
1330,35.8868
1281,8.9839
1331,35.3372
1282,8.3991
1332,35.1909
1283,8.4957
1333,35.1659
1284,8.2775
1334,35.8370
1285,8.8534
1335,35.4561
1286,8.6521
1336,35.4177
1287,8.6980
1337,35.8100
1288,8.8225
1338,35.6497
1289,8.5752
1339,35.9404
1290,9.1975
1340,36.2288
1291,8.5745
1341,36.5747
1292,8.6971
1342,36.4609
1293,8.2360
1343,36.4416
1294,8.4164
1344,36.1847
1295,8.3843
1345,35.9663
1296,8.8173
1346,35.9034
1297,8.1592
1347,36.8414
1298,8.4037
1348,35.9438
1299,8.3063
1349,36.0673
1300,8.3305
1350,35.8975
1301,8.7261
1351,35.8575
1302,8.4039
1352,35.4746
1303,8.0935
1353,36.0759
1304,8.5106
1354,35.4942
1305,8.1957
1355,35.3838
1306,8.1255
1356,36.0870
1307,7.8617
1357,36.2518
1308,8.1194
1358,35.8961
1309,8.0155
1359,36.2209
1310,8.0392
1360,36.0544
1311,8.2993
1361,35.8167
1312,8.2295
1362,35.8927
1313,8.3814
1363,35.4702
1314,8.9028
1364,35.6450
1315,8.6741
1365,35.8400
1316,8.5224
1366,36.2668
1317,8.3510
1367,35.6967
1318,8.3379
1368,35.8131
1319,8.0977
1369,36.1193
1320,8.4291
1370,36.0765
1321,9.1554
1371,37.2103
1322,8.6604
1372,36.8208
1323,8.8033
1373,36.8234
1324,8.9119
1374,37.8502
1325,8.4724
1375,35.8414
1326,7.8745
1376,36.3250
1327,8.4241
1377,36.0396
1328,8.0666
1378,36.5315
1329,8.2564
1379,35.9287
1330,9.0950
1380,35.8674
1331,8.2004
1381,36.2341
1332,8.1430
1382,35.7298
1333,8.2844
1383,36.2394
1334,8.1016
1384,36.0141
1335,7.8844
1385,36.0467
1336,8.2141
1386,36.1352
1337,8.2504
1387,35.5044
1338,8.1108
1388,36.2123
1339,8.2193
1389,35.9753
1340,8.6160
1390,36.3353
1341,8.3152
1391,36.2209
1342,8.4131
1392,36.3552
1343,8.9394
1393,35.7915
1344,8.6041
1394,36.2071
1345,8.2930
1395,36.3325
1346,8.3955
1396,35.9174
1347,8.5319
1397,35.8707
1348,8.4500
1398,35.2421
1349,7.9894
1399,36.3464
1350,8.4708
1400,35.8464
1351,7.9954
1401,35.7849
1352,8.4294
1402,35.8571
1353,8.1353
1403,36.4130
1354,8.7413
1404,36.1218
1355,8.8226
1405,35.6891
1356,8.6777
1406,35.0826
1357,8.1941
1407,36.1314
1358,8.2468
1408,35.7182
1359,10.9120
1409,36.1553
1360,10.4491
1410,36.5921
1361,9.6456
1411,36.9138
1362,9.9474
1412,35.8213
1363,10.4950
1413,37.0729
1364,9.9429
1414,37.2791
1365,10.6480
1415,37.4210
1366,10.5794
1416,37.9336
1367,10.7192
1417,38.0991
1368,10.1705
1418,38.1022
1369,11.2462
1419,37.1836
1370,10.3429
1420,37.8930
1371,10.2576
1421,37.8518
1372,9.6748
1422,37.9352
1373,9.7414
1423,37.5974
1374,10.0609
1424,36.4052
1375,9.4637
1425,36.7020
1376,9.0727
1426,36.8008
1377,9.6120
1427,36.6431
1378,10.0365
1428,36.6977
1379,10.0960
1429,36.6563
1380,9.8237
1430,36.0184
1381,9.6500
1431,35.9646
1382,10.2054
1432,36.7246
1383,10.1045
1433,36.6842
1384,9.6893
1434,36.8670
1385,10.2783
1435,36.1174
1386,9.7649
1436,36.5356
1387,10.1289
1437,36.6379
1388,8.3192
1438,38.2230
1389,10.1092
1439,36.2295
1390,10.1119
1440,36.0513
1391,9.8385
1441,36.9900
1392,9.4930
1442,36.9350
1393,9.3617
1443,37.3503
1394,10.0714
1444,37.5955
1395,9.0959
1445,38.0806
1396,11.0181
1446,37.2753
1397,11.6212
1447,38.3836
1398,10.5986
1448,36.7538
1399,10.6005
1449,38.2173
1400,9.5214
1450,38.9690
1401,10.1561
1451,38.7116
1402,10.7256
1452,37.8812
1403,9.9790
1453,36.8697
1404,9.7280
1454,35.7627
1405,9.3795
1455,36.5311
1406,9.2725
1456,35.7091
1407,9.8966
1457,36.5572
1408,9.7490
1458,36.7731
1409,9.7464
1459,36.5985
1410,9.5721
1460,36.5507
1411,9.7246
1461,36.2204
1412,9.7678
1462,37.1217
1413,9.4909
1463,38.1851
1414,10.1028
1464,36.7849
1415,10.0570
1465,36.7432
1416,9.7480
1466,36.7937
1417,9.2355
1467,36.8994
1418,9.9367
1468,36.6471
1419,9.9314
1469,37.1512
1420,9.5393
1470,37.3129
1421,9.8853
1471,36.7932
1422,9.9675
1472,37.0243
1423,9.6580
1473,36.4545
1424,9.3543
1474,36.9079
1425,10.0697
1475,36.5740
1426,9.0356
1476,38.5478
1427,10.3358
1477,36.5874
1428,9.9722
1478,35.4389
1429,10.2454
1479,36.7008
1430,9.9870
1480,36.8621
1431,9.9674
1481,36.2839
1432,10.3809
1482,36.4643
1433,9.6294
1483,36.2097
1434,10.0956
1484,36.3164
1435,9.8720
1485,37.3381
1436,9.5400
1486,40.3866
1437,10.0139
1487,38.6667
1438,10.5192
1488,36.8009
1439,10.6742
1489,36.9894
1440,11.0020
1490,37.2424
1441,9.7727
1491,37.8128
1442,10.3839
1492,38.0357
1443,10.1759
1493,37.9181
1444,9.5058
1494,37.5410
1445,10.0592
1495,37.1859
1446,10.3573
1496,37.5552
1447,10.0860
1497,38.0150
1448,9.8774
1498,37.3081
1449,9.2722
1499,37.0820
1450,10.2656
1500,36.3807
1451,9.6551
1501,36.5752
1452,10.1373
1502,35.9213
1453,9.4124
1503,36.3848
1454,9.3626
1504,35.7508
1455,9.5470
1505,36.0728
1456,9.0611
1506,36.4721
1457,9.5861
1507,35.7027
1458,9.0060
1508,35.7083
1459,9.7551
1509,35.5788
1460,9.4387
1510,36.3390
1461,9.0846
1511,35.7346
1462,9.3961
1512,36.5924
1463,9.0156
1513,35.4081
1464,9.3057
1514,35.6747
1465,9.4377
1515,36.2966
1466,9.5969
1516,36.5620
1467,9.4151
1517,35.9291
1468,9.7035
1518,36.8815
1469,9.0342
1519,36.9834
1470,10.0551
1520,36.1290
1471,9.7460
1521,36.0093
1472,9.7044
1522,35.7876
1473,9.3097
1523,36.3807
1474,9.4289
1524,37.1441
1475,9.9086
1525,36.2314
1476,9.4909
1526,37.5406
1477,9.7895
1527,36.4946
1478,9.6989
1528,36.1173
1479,9.6749
1529,37.6210
1480,9.7747
1530,37.2057
1481,9.9419
1531,36.4031
1482,9.9528
1532,37.3012
1483,9.5623
1533,36.5806
1484,9.6584
1534,36.0452
1485,9.2356
1535,37.0913
1486,10.1679
1536,37.6774
1487,9.5854
1537,36.2251
1488,9.3655
1538,36.1710
1489,10.3384
1539,36.5739
1490,8.9733
1540,36.8413
1491,11.0020
1541,36.9606
1492,8.7610
1542,38.1205
1493,10.1121
1543,36.2584
1494,8.9199
1544,37.5569
1495,9.9487
1545,36.9945
1496,9.7961
1546,36.8856
1497,9.5856
1547,36.4236
1498,9.9227
1548,36.3504
1499,9.3751
1549,36.4468
1500,9.1812
1550,36.5617
1501,9.9554
1551,36.9910
1502,9.9629
1552,36.9033
1503,9.9166
1553,36.3687
1504,9.4947
1554,36.3396
1505,9.6011
1555,35.9789
1506,10.3524
1556,37.0890
1507,9.7918
1557,37.3400
1508,9.7633
1558,37.0387
1509,8.7001
1559,39.2231
1510,9.6632
1560,35.9647
1511,9.8757
1561,36.2959
1512,9.8045
1562,36.7813
1513,10.0421
1563,36.7389
1514,10.2741
1564,36.2626
1515,9.8247
1565,36.5188
1516,10.0601
1566,36.6136
1517,10.0228
1567,37.2135
1518,10.3186
1568,37.1312
1519,9.6161
1569,36.3639
1520,9.5705
1570,36.1199
1521,9.7772
1571,36.6071
1522,9.6777
1572,36.6980
1523,9.5586
1573,37.4989
1524,8.3307
1574,37.6762
1525,10.0135
1575,36.3577
1526,9.4242
1576,36.4990
1527,9.4302
1577,36.2857
1528,9.2457
1578,37.2664
1529,9.9509
1579,37.1050
1530,9.7677
1580,36.3022
1531,9.8165
1581,36.2327
1532,9.6506
1582,37.6337
1533,10.1564
1583,36.8768
1534,10.1735
1584,36.7713
1535,9.5184
1585,36.6349
1536,10.0952
1586,36.0535
1537,10.0145
1587,36.8629
1538,10.1385
1588,37.0012
1539,9.5091
1589,36.1432
1540,9.8993
1590,37.8512
1541,9.4394
1591,36.7421
1542,9.8984
1592,36.0820
1543,9.6830
1593,37.2710
1544,9.5729
1594,36.6598
1545,9.0565
1595,36.3590
1546,9.8420
1596,37.0769
1547,9.3466
1597,37.2128
1548,9.2554
1598,36.2012
1549,9.1525
1599,37.9831
1550,9.9523
1600,36.1487
1551,9.5288
1601,36.4965
1552,9.0453
1602,37.0286
1553,9.3511
1603,36.6182
1554,9.0226
1604,35.6779
1555,9.8015
1605,37.2371
1556,9.6837
1606,36.1550
1557,9.3088
1607,36.4047
1558,9.1705
1608,36.9283
1559,9.8860
1609,35.7611
1560,9.5287
1610,36.4024
1561,9.8699
1611,37.1772
1562,9.7549
1612,36.4266
1563,9.5437
1613,35.8317
1564,8.7836
1614,37.2712
1565,9.4760
1615,35.8569
1566,8.5891
1616,37.4290
1567,9.2846
1617,36.6852
1568,9.1877
1618,36.7271
1569,9.7427
1619,36.7558
1570,9.1484
1620,37.8126
1571,9.6187
1621,36.1817
1572,9.2027
1622,36.3920
1573,9.2624
1623,37.2449
1574,10.2661
1624,37.5950
1575,9.6302
1625,36.4611
1576,9.2394
1626,37.4528
1577,10.1341
1627,36.2930
1578,9.1768
1628,36.5143
1579,9.2860
1629,37.0753
1580,8.8624
1630,37.4307
1581,9.3452
1631,36.2457
1582,9.0953
1632,37.6715
1583,9.5198
1633,36.7183
1584,9.7351
1634,36.1011
1585,9.3479
1635,37.2462
1586,9.9162
1636,36.0006
1587,9.5505
1637,36.1124
1588,9.6356
1638,37.3708
1589,9.4365
1639,37.0070
1590,9.1585
1640,36.8798
1591,9.3713
1641,37.1191
1592,9.5980
1642,37.8912
1593,10.2615
1643,36.4205
1594,9.3868
1644,36.4050
1595,10.0183
1645,37.7225
1596,9.4371
1646,37.9227
1597,11.1137
1647,37.2884
1598,9.9379
1648,36.6914
1599,8.5710
1649,37.6048
1600,10.0178
1650,36.1296
1601,9.4640
1651,37.0121
1602,8.8410
1652,37.2098
1603,10.0714
1653,36.2549
1604,9.5393
1654,37.5476
1605,9.9242
1655,36.2157
1606,9.8121
1656,37.1337
1607,9.2664
1657,36.8857
1608,9.0312
1658,37.9081
1609,8.9629
1659,36.7936
1610,9.7135
1660,36.9436
1611,9.8940
1661,37.7714
1612,10.0707
1662,36.0389
1613,9.5682
1663,36.2774
1614,9.0752
1664,37.5258
1615,9.4115
1665,36.9585
1616,9.6792
1666,36.4683
1617,9.6622
1667,38.0946
1618,9.3757
1668,36.4945
1619,9.8545
1669,36.2174
1620,8.4971
1670,37.6057
1621,9.4086
1671,35.7334
1622,8.4446
1672,37.6553
1623,10.5042
1673,37.4798
1624,10.6194
1674,36.7237
1625,8.9436
1675,36.3739
1626,9.0166
1676,36.7878
1627,8.9522
1677,35.4910
1628,8.7455
1678,35.6587
1629,9.1190
1679,35.3763
1630,9.4132
1680,36.2724
1631,9.3838
1681,35.9475
1632,9.1749
1682,35.8685
1633,9.3101
1683,36.4244
1634,9.7548
1684,36.9919
1635,9.3496
1685,35.5364
1636,10.3265
1686,37.0809
1637,9.5310
1687,35.8794
1638,9.5034
1688,36.4828
1639,9.0231
1689,36.1110
1640,9.4394
1690,36.3089
1641,9.5281
1691,36.4278
1642,10.3082
1692,35.9258
1643,9.5585
1693,35.9935
1644,9.7523
1694,35.7711
1645,9.5525
1695,35.7818
1646,10.3402
1696,36.3943
1647,9.9639
1697,35.9223
1648,10.4946
1698,36.3849
1649,10.2572
1699,36.3446
1650,9.8417
1700,36.0238
1651,9.6728
1701,36.1628
1652,10.1440
1702,36.1451
1653,11.2700
1703,35.5027
1654,10.1688
1704,34.4008
1655,10.0131
1705,34.5746
1656,9.7059
1706,34.9509
1657,9.6064
1707,34.9652
1658,10.0586
1708,34.4050
1659,9.8527
1709,34.7433
1660,9.3614
1710,34.5286
1661,9.2228
1711,35.0098
1662,9.4954
1712,34.5209
1663,9.0662
1713,34.7678
1664,8.9182
1714,34.7610
1665,9.2162
1715,34.9109
1666,9.1273
1716,35.1152
1667,9.1416
1717,35.1870
1668,9.5190
1718,34.8751
1669,9.7522
1719,35.2501
1670,9.6129
1720,35.3515
1671,9.4346
1721,34.5964
1672,9.5318
1722,34.8707
1673,9.5583
1723,35.3634
1674,9.7033
1724,35.6211
1675,9.4411
1725,35.1876
1676,9.5495
1726,34.5246
1677,9.4044
1727,34.3848
1678,9.0831
1728,35.2046
1679,9.0640
1729,33.9730
1680,9.1575
1730,34.9290
1681,9.1679
1731,35.1714
1682,9.3208
1732,35.2775
1683,8.9651
1733,35.3528
1684,9.1462
1734,34.6171
1685,9.4550
1735,34.9779
1686,9.2217
1736,35.6898
1687,9.4534
1737,34.8343
1688,9.5699
1738,35.0282
1689,9.6207
1739,34.6586
1690,9.9915
1740,34.7204
1691,10.2600
1741,34.5706
1692,10.4202
1742,34.9442
1693,9.9627
1743,35.0022
1694,9.4174
1744,34.8183
1695,9.5406
1745,35.1362
1696,9.5431
1746,34.4825
1697,9.9414
1747,34.7680
1698,9.4898
1748,35.0552
1699,9.8553
1749,34.8675
1700,9.0984
1750,35.2436
1701,9.0038
1751,33.9470
1702,8.7821
1752,34.7146
1703,9.2097
1753,34.9911
1704,9.0811
1754,34.7390
1705,9.1751
1755,35.1558
1706,9.1534
1756,35.0048
1707,8.9290
1757,34.9908
1708,9.3675
1758,34.9547
1709,9.5276
1759,35.4762
1710,9.7132
1760,35.4460
1711,9.4798
1761,34.8427
1712,9.5570
1762,35.0664
1713,9.6600
1763,34.8954
1714,9.1519
1764,34.9112
1715,9.3733
1765,35.4523
1716,9.4933
1766,35.1867
1717,9.2499
1767,34.8046
1718,9.4982
1768,35.1045
1719,9.1222
1769,35.0721
1720,8.8003
1770,35.1467
1721,9.1204
1771,35.5025
1722,9.1217
1772,35.8948
1723,8.6947
1773,34.7821
1724,8.8047
1774,34.8701
1725,9.4242
1775,34.3054
1726,9.6847
1776,34.8112
1727,9.4124
1777,34.4011
1728,9.7335
1778,34.5520
1729,9.9965
1779,34.9055
1730,9.8568
1780,34.2400
1731,9.7678
1781,34.6178
1732,9.6327
1782,34.5031
1733,9.8070
1783,35.5957
1734,9.6378
1784,34.9526
1735,9.6473
1785,35.6540
1736,9.7266
1786,34.4559
1737,9.4977
1787,34.5324
1738,9.2655
1788,35.1452
1739,9.0261
1789,35.7161
1740,9.1516
1790,35.0858
1741,9.1169
1791,34.5347
1742,9.3944
1792,35.6390
1743,9.2527
1793,34.7653
1744,8.9817
1794,34.9830
1745,9.2436
1795,34.5076
1746,9.2595
1796,34.9686
1747,9.1802
1797,34.5298
1748,9.5016
1798,34.7457
1749,9.5403
1799,35.1057
1750,9.4452
1800,35.3726
1751,9.6984
1801,35.0221
1752,9.4231
1802,35.7089
1753,9.4361
1803,35.5431
1754,9.6691
1804,34.8859
1755,9.4558
1805,34.2716
1756,9.4539
1806,35.2526
1757,9.4151
1807,34.8390
1758,9.2268
1808,35.4880
1759,9.3057
1809,35.0871
1760,9.6010
1810,34.8381
1761,9.6180
1811,35.0265
1762,10.4832
1812,34.8683
1763,10.3955
1813,35.3773
1764,10.1520
1814,34.7716
1765,10.1095
1815,35.6000
1766,10.4397
1816,34.7248
1767,9.3183
1817,35.3459
1768,8.8659
1818,35.2895
1769,9.3713
1819,35.4524
1770,9.0363
1820,34.7676
1771,9.2362
1821,34.8727
1772,9.2254
1822,35.1739
1773,9.2877
1823,35.0498
1774,9.8080
1824,34.5183
1775,9.6133
1825,35.4469
1776,10.2146
1826,35.1412
1777,10.2811
1827,34.8875
1778,9.9536
1828,34.2705
1779,9.9269
1829,34.6779
1780,9.6908
1830,35.2080
1781,9.6325
1831,35.0675
1782,9.3402
1832,34.5253
1783,9.8370
1833,34.5508
1784,9.7107
1834,34.4239
1785,9.9571
1835,35.3001
1786,10.4755
1836,34.9116
1787,10.3679
1837,34.9040
1788,10.7212
1838,35.4908
1789,12.3323
1839,37.9912
1790,11.0826
1840,34.8488
1791,10.4474
1841,35.8842
1792,10.0739
1842,35.5496
1793,10.6438
1843,35.2428
1794,10.4859
1844,35.1564
1795,9.7302
1845,37.7870
1796,10.0947
1846,34.9536
1797,9.8767
1847,36.1138
1798,10.1478
1848,36.0258
1799,9.8442
1849,35.5756
1800,9.9391
1850,35.6110
1801,9.8170
1851,35.5663
1802,9.7678
1852,34.7598
1803,9.9573
1853,35.3999
1804,10.2164
1854,36.2693
1805,10.1703
1855,35.1339
1806,11.2529
1856,37.2355
1807,10.1359
1857,36.0587
1808,9.6357
1858,37.8481
1809,10.3318
1859,34.8109
1810,10.3196
1860,34.9369
1811,9.8777
1861,35.0363
1812,9.5349
1862,35.3173
1813,9.5389
1863,35.5662
1814,9.9077
1864,35.3629
1815,9.4218
1865,35.2963
1816,9.7707
1866,35.6115
1817,9.6728
1867,34.7749
1818,9.9420
1868,35.1632
1819,10.2813
1869,35.9681
1820,10.9233
1870,35.1506
1821,10.7104
1871,36.0515
1822,10.7145
1872,35.6651
1823,10.9589
1873,35.2081
1824,10.5716
1874,35.2790
1825,10.8293
1875,36.0500
1826,10.9871
1876,35.3699
1827,10.7878
1877,35.6781
1828,11.6428
1878,37.3865
1829,9.9521
1879,35.1675
1830,9.6368
1880,35.3756
1831,9.6956
1881,35.3232
1832,9.6684
1882,35.2545
1833,9.8100
1883,35.3890
1834,9.9258
1884,35.8553
1835,9.7871
1885,35.4721
1836,11.5126
1886,37.8701
1837,9.6697
1887,35.2016
1838,9.8206
1888,35.0009
1839,10.2077
1889,35.0084
1840,10.0284
1890,35.1320
1841,10.3935
1891,36.6561
1842,10.3575
1892,36.6869
1843,10.3380
1893,37.4169
1844,10.4334
1894,36.9749
1845,10.0979
1895,36.9012
1846,10.1301
1896,37.1332
1847,10.1268
1897,37.5625
1848,10.3914
1898,37.4059
1849,10.2625
1899,37.9549
1850,9.8335
1900,37.0769
1851,10.6854
1901,40.2198
1852,10.6693
1902,36.5616
1853,10.6503
1903,38.8532
1854,10.2554
1904,37.3374
1855,10.0765
1905,36.6150
1856,9.9133
1906,36.5727
1857,10.1360
1907,36.9537
1858,10.5051
1908,39.2059
1859,10.2644
1909,36.7228
1860,10.3454
1910,36.6466
1861,9.5009
1911,35.8846
1862,9.1862
1912,36.5850
1863,9.3810
1913,36.6419
1864,9.2915
1914,36.4522
1865,12.4830
1915,38.5575
1866,11.8694
1916,37.4235
1867,11.7665
1917,38.0389
1868,12.4375
1918,38.0201
1869,11.9633
1919,37.8424
1870,11.9293
1920,38.4723
1871,12.1814
1921,37.9091
1872,12.0218
1922,39.5570
1873,12.0560
1923,37.6893
1874,11.5649
1924,38.0561
1875,11.8698
1925,37.3622
1876,12.2109
1926,37.1241
1877,11.7583
1927,37.5379
1878,11.7276
1928,37.3970
1879,11.9878
1929,38.3012
1880,12.3441
1930,37.6703
1881,11.9692
1931,37.6248
1882,11.9047
1932,37.5955
1883,11.4921
1933,40.8517
1884,12.2882
1934,38.3132
1885,12.0152
1935,36.8949
1886,11.6632
1936,40.1573
1887,12.0427
1937,40.8683
1888,12.6392
1938,38.7619
1889,12.2053
1939,37.9084
1890,12.0936
1940,37.7978
1891,11.6696
1941,37.7405
1892,11.8753
1942,37.7300
1893,12.1027
1943,38.3882
1894,12.7460
1944,39.7700
1895,11.0892
1945,40.4055
1896,12.6628
1946,37.2919
1897,12.1758
1947,37.0118
1898,11.7265
1948,37.2269
1899,12.4623
1949,36.5393
1900,11.9968
1950,37.6799
1901,11.7169
1951,37.9046
1902,11.6743
1952,37.8922
1903,11.8234
1953,37.9537
1904,12.1579
1954,37.4133
1905,11.9335
1955,37.5976
1906,11.8411
1956,37.6337
1907,12.1845
1957,36.9397
1908,11.5521
1958,37.1948
1909,11.6929
1959,40.1924
1910,12.0695
1960,37.9797
1911,12.1874
1961,37.8033
1912,11.2150
1962,40.0525
1913,12.1161
1963,40.2337
1914,12.1781
1964,38.8813
1915,13.4832
1965,40.2735
1916,11.5840
1966,37.7458
1917,12.6020
1967,38.5127
1918,12.1516
1968,37.6501
1919,12.1575
1969,37.4874
1920,11.9778
1970,37.8862
1921,12.0603
1971,38.1705
1922,12.1877
1972,37.8041
1923,11.8877
1973,37.4562
1924,12.2366
1974,37.5657
1925,11.8423
1975,37.4763
1926,12.1930
1976,38.4848
1927,11.8392
1977,37.2053
1928,12.0069
1978,37.4907
1929,11.7802
1979,38.6802
1930,11.9906
1980,40.0265
1931,11.4843
1981,40.1806
1932,12.1780
1982,38.1978
1933,12.2810
1983,37.8965
1934,11.7546
1984,38.0803
1935,11.9274
1985,37.5699
1936,11.6171
1986,38.3851
1937,12.0247
1987,37.2373
1938,12.0697
1988,37.8918
1939,12.1906
1989,37.8810
1940,12.1657
1990,38.0574
1941,12.2008
1991,38.0735
1942,11.9830
1992,38.5733
1943,11.8939
1993,36.6264
1944,11.9453
1994,37.7171
1945,11.8496
1995,38.1443
1946,11.7252
1996,38.7294
1947,12.0519
1997,37.0946
1948,11.8407
1998,38.4617
1949,11.7606
1999,38.0134
1950,11.9862
2000,38.1576
1951,12.0058
2001,38.3366
1952,11.8655
2002,38.2718
1953,12.1249
2003,37.5666
1954,11.9655
2004,38.8355
1955,11.9627
2005,37.5295
1956,11.9386
2006,36.0463
1957,11.9291
2007,37.8225
1958,11.9984
2008,38.3663
1959,11.8282
2009,37.4607
1960,12.1558
2010,37.8938
1961,12.3941
2011,38.8011
1962,12.0747
2012,38.2999
1963,11.0004
2013,36.8150
1964,9.6583
2014,34.7929
1965,10.7581
2015,37.1066
1966,9.7730
2016,34.7387
1967,10.3064
2017,35.6364
1968,10.0149
2018,34.9862
1969,10.2597
2019,35.3309
1970,9.7657
2020,34.7805
1971,9.7182
2021,34.7581
1972,10.1173
2022,34.9837
1973,9.5725
2023,35.3825
1974,10.1435
2024,35.1315
1975,9.8500
2025,35.6454
1976,11.7177
2026,37.7743
1977,9.5957
2027,36.1657
1978,9.6409
2028,34.9313
1979,9.7287
2029,35.2057
1980,9.6373
2030,34.8470
1981,9.6418
2031,35.2531
1982,9.5028
2032,35.2783
1983,9.2774
2033,34.8870
1984,9.7357
2034,34.8742
1985,9.7566
2035,35.2459
1986,9.9314
2036,34.9065
1987,10.0975
2037,35.2481
1988,10.1704
2038,35.3052
1989,9.9733
2039,39.2172
1990,11.6084
2040,38.8643
1991,10.7721
2041,39.1428
1992,11.8768
2042,37.8603
1993,11.3925
2043,37.4219
1994,11.4848
2044,37.7547
1995,11.4476
2045,37.9967
1996,10.2349
2046,40.6832
1997,11.2761
2047,36.7938
1998,11.5001
2048,37.4171
1999,11.3799
2049,37.2136
2000,11.2181
2050,36.5489
2001,11.4448
2051,36.9904
2002,11.7873
2052,37.6428
2003,11.8448
2053,38.1523
2004,10.1440
2054,35.1683
2005,10.2213
2055,35.3259
2006,10.0431
2056,35.4440
2007,10.6304
2057,35.0419
2008,10.7220
2058,35.6807
2009,10.8614
2059,35.9881
2010,11.0189
2060,35.5503
2011,10.8103
2061,36.1676
2012,11.0198
2062,35.4416
2013,10.2123
2063,36.0312
2014,10.0866
2064,35.7264
2015,11.7296
2065,37.2369
2016,10.2927
2066,35.4410
2017,11.7587
2067,38.5808
2018,10.5941
2068,35.4253
2019,10.1194
2069,35.2087
2020,10.0804
2070,35.8658
2021,11.1225
2071,37.1478
2022,10.5379
2072,35.3119
2023,10.8218
2073,37.2400
2024,10.0462
2074,35.3696
2025,10.0251
2075,35.2727
2026,10.4199
2076,35.4666
2027,10.4188
2077,35.8435
2028,10.1604
2078,36.2520
2029,10.3801
2079,35.6119
2030,10.0596
2080,35.4381
2031,10.2360
2081,35.5615
2032,10.0098
2082,35.5798
2033,10.1373
2083,35.3148
2034,10.1679
2084,35.2778
2035,10.1160
2085,35.7350
2036,9.9347
2086,35.4721
2037,10.1615
2087,35.9630
2038,10.5009
2088,35.1799
2039,10.4776
2089,35.3401
2040,10.7089
2090,35.1181
2041,10.6577
2091,35.6541
2042,10.6476
2092,35.6831
2043,10.8161
2093,35.4935
2044,10.1138
2094,35.3404
2045,10.4711
2095,35.4533
2046,10.2303
2096,35.5621
2047,10.0584
2097,35.7244
2048,9.6783
2098,37.1942
2049,9.6906
2099,35.8533
2050,9.2332
2100,36.7240
2051,9.1665
2101,36.7843
2052,9.1195
2102,36.9402
2053,9.2399
2103,36.5542
2054,9.4486
2104,36.8489
2055,9.8203
2105,36.9682
2056,9.2000
2106,36.8039
2057,9.3365
2107,36.8909
2058,9.2538
2108,36.7686
2059,9.0292
2109,36.4306
2060,9.1338
2110,36.2375
2061,9.3536
2111,36.6813
2062,9.7131
2112,36.6327
2063,10.2535
2113,39.2841
2064,9.6566
2114,36.4405
2065,9.1712
2115,37.1095
2066,9.1883
2116,36.4475
2067,9.8949
2117,38.9059
2068,9.5675
2118,36.1879
2069,9.2676
2119,36.1233
2070,9.4691
2120,36.3009
2071,9.1409
2121,36.6068
2072,9.2411
2122,37.1428
2073,8.9779
2123,36.6714
2074,9.3089
2124,36.9085
2075,8.5251
2125,38.4703
2076,9.1977
2126,36.5962
2077,9.9941
2127,36.8301
2078,10.0711
2128,36.0516
2079,9.6608
2129,37.1268
2080,9.2795
2130,37.6092
2081,9.8730
2131,36.1743
2082,9.2234
2132,36.6419
2083,9.9539
2133,36.8356
2084,9.5215
2134,36.5392
2085,10.1221
2135,36.0594
2086,9.3484
2136,35.9165
2087,9.5717
2137,35.7846
2088,9.4207
2138,38.4196
2089,10.4049
2139,39.7650
2090,9.1967
2140,36.2892
2091,9.8302
2141,35.7831
2092,10.0487
2142,36.4282
2093,9.5740
2143,36.3352
2094,9.1835
2144,36.8075
2095,9.6142
2145,37.0481
2096,9.2617
2146,36.2070
2097,9.0075
2147,37.1437
2098,9.3567
2148,39.8217
2099,9.2972
2149,35.5552
2100,9.0114
2150,35.9703
2101,9.1267
2151,36.5686
2102,9.3999
2152,35.4847
2103,9.2014
2153,36.3897
2104,9.1235
2154,37.0508
2105,9.8736
2155,36.6161
2106,9.1424
2156,37.0324
2107,9.3085
2157,36.9970
2108,9.6657
2158,37.5111
2109,9.2446
2159,36.3377
2110,9.0785
2160,37.8848
2111,8.9912
2161,36.0709
2112,8.9814
2162,36.5831
2113,8.8561
2163,36.0944
2114,8.9655
2164,36.0873
2115,9.0614
2165,36.5241
2116,9.0055
2166,36.5876
2117,8.9226
2167,36.7763
2118,9.0674
2168,36.4663
2119,8.6947
2169,36.8570
2120,9.1002
2170,37.1895
2121,9.0283
2171,36.6205
2122,8.5786
2172,36.4051
2123,8.7364
2173,36.4406
2124,9.3531
2174,37.0123
2125,8.8527
2175,36.6960
2126,9.4114
2176,37.7114
2127,9.6879
2177,36.5284
2128,9.0818
2178,36.0794
2129,8.9479
2179,35.9512
2130,9.9356
2180,36.8227
2131,9.6908
2181,39.0301
2132,9.0995
2182,36.8056
2133,9.9250
2183,35.9437
2134,9.2084
2184,36.4535
2135,9.2289
2185,36.5032
2136,8.9787
2186,36.7426
2137,9.6862
2187,36.9771
2138,9.0825
2188,37.4954
2139,9.5584
2189,36.4304
2140,9.2582
2190,36.6578
2141,9.3711
2191,37.2213
2142,9.9429
2192,37.1340
2143,9.0554
2193,36.2174
2144,9.0847
2194,36.2436
2145,9.0448
2195,36.1719
2146,8.5942
2196,36.3974
2147,8.9428
2197,36.9187
2148,8.8480
2198,36.7706
2149,8.7673
2199,36.8566
2150,8.5213
2200,36.2508
2151,8.6469
2201,35.8556
2152,8.5354
2202,36.8510
2153,8.3904
2203,36.6821
2154,8.5944
2204,36.1776
2155,8.3911
2205,36.6556
2156,8.3796
2206,36.7386
2157,8.3960
2207,36.8796
2158,8.3435
2208,36.9728
2159,8.7997
2209,36.9683
2160,8.8704
2210,36.1032
2161,8.8388
2211,35.7029
2162,11.7240
2212,38.5181
2163,11.3514
2213,38.4055
2164,11.4366
2214,37.7530
2165,11.5271
2215,37.9937
2166,11.4543
2216,38.2025
2167,11.6077
2217,38.0639
2168,11.6258
2218,38.1774
2169,11.5136
2219,37.2839
2170,11.6232
2220,38.7165
2171,11.3901
2221,38.0365
2172,8.3357
2222,39.2195
2173,8.6600
2223,36.4315
2174,8.8177
2224,36.9524
2175,8.6436
2225,36.1626
2176,8.6691
2226,36.4997
2177,8.6772
2227,36.3816
2178,9.2324
2228,36.2124
2179,8.7870
2229,36.8379
2180,8.9838
2230,35.9894
2181,8.8417
2231,37.2698
2182,8.7584
2232,36.8642
2183,8.6803
2233,36.3996
2184,8.6511
2234,36.5008
2185,8.7367
2235,36.4842
2186,8.7045
2236,37.3176
2187,9.1407
2237,37.3400
2188,8.9540
2238,37.0976
2189,8.6329
2239,37.0126
2190,9.6464
2240,37.5289
2191,10.2152
2241,36.9819
2192,9.0857
2242,37.3761
2193,9.2895
2243,36.3181
2194,9.7867
2244,36.5557
2195,9.5052
2245,36.9077
2196,9.3187
2246,36.6879
2197,10.2343
2247,39.5434
2198,9.8571
2248,36.9035
2199,8.9059
2249,36.4729
2200,9.1445
2250,37.0409
2201,9.2272
2251,36.7162
2202,9.2286
2252,36.7348
2203,9.4813
2253,36.5559
2204,8.8579
2254,37.0971
2205,9.5175
2255,36.6927
2206,8.3849
2256,36.0251
2207,9.6556
2257,38.5358
2208,9.4960
2258,36.3464
2209,8.4876
2259,35.8533
2210,9.0580
2260,36.4149
2211,9.5318
2261,36.8894
2212,8.5134
2262,36.7219
2213,8.5490
2263,36.9227
2214,8.3792
2264,36.6418
2215,8.8961
2265,36.3195
2216,8.8711
2266,36.8262
2217,8.5301
2267,36.8701
2218,8.6316
2268,36.8265
2219,8.8067
2269,36.3931
2220,8.8283
2270,37.6165
2221,8.6955
2271,37.1722
2222,8.9098
2272,37.1163
2223,9.0257
2273,36.2811
2224,8.7967
2274,35.9126
2225,8.5939
2275,35.9652
2226,8.7068
2276,37.2342
2227,8.7951
2277,35.6282
2228,8.5608
2278,35.9698
2229,8.6973
2279,37.4728
2230,8.6464
2280,36.9759
2231,8.6297
2281,37.0558
2232,8.8035
2282,36.4813
2233,8.8960
2283,36.5522
2234,8.7993
2284,37.0626
2235,8.7335
2285,36.6034
2236,8.4959
2286,36.6368
2237,8.6928
2287,35.6011
2238,8.5703
2288,37.1560
2239,8.9572
2289,36.7250
2240,8.7002
2290,36.5158
2241,9.4536
2291,36.5087
2242,9.4069
2292,36.7737
2243,9.9864
2293,36.9760
2244,9.3599
2294,37.3896
2245,9.5691
2295,36.5615
2246,9.5210
2296,37.8375
2247,9.5613
2297,37.1412
2248,9.5953
2298,36.9933
2249,9.4463
2299,37.0336
2250,9.1090
2300,36.0387
2251,9.5275
2301,35.7452
2252,9.1522
2302,36.6618
2253,9.1756
2303,36.5557
2254,8.5372
2304,36.2116
2255,9.9488
2305,36.3720
2256,9.1337
2306,36.9904
2257,8.7327
2307,36.7925
2258,8.1400
2308,35.8376
2259,8.4691
2309,36.7581
2260,8.6746
2310,39.4415
2261,8.5424
2311,36.6808
2262,8.8967
2312,36.7598
2263,8.3708
2313,35.9410
2264,8.6418
2314,36.1074
2265,8.7662
2315,36.3550
2266,8.5505
2316,36.6880
2267,8.4589
2317,36.9135
2268,8.4050
2318,36.8218
2269,7.9662
2319,37.7428
2270,8.5054
2320,36.7201
2271,8.9931
2321,37.2719
2272,8.6397
2322,36.9776
2273,8.5532
2323,36.4185
2274,8.3059
2324,37.1060
2275,8.2531
2325,36.3501
2276,8.3643
2326,36.0493
2277,8.3577
2327,36.8154
2278,8.3584
2328,36.6114
2279,8.4194
2329,36.5283
2280,8.7912
2330,36.5056
2281,8.4155
2331,36.4014
2282,8.8115
2332,36.3888
2283,8.8084
2333,36.2663
2284,8.8185
2334,36.4245
2285,8.7633
2335,37.2086
2286,8.6164
2336,36.7004
2287,8.6698
2337,36.2813
2288,8.6140
2338,36.1873
2289,8.7836
2339,36.0933
2290,8.6314
2340,35.6913
2291,8.5963
2341,37.1593
2292,9.2266
2342,36.5349
2293,8.7069
2343,35.8014
2294,8.5720
2344,36.8603
2295,8.3225
2345,37.0409
2296,8.5120
2346,36.3703
2297,8.7772
2347,37.1789
2298,8.6541
2348,36.9378
2299,8.7577
2349,37.0221
2300,8.7218
2350,36.5635
2301,8.4448
2351,36.8548
2302,8.4105
2352,36.6841
2303,8.6808
2353,36.6778
2304,8.5969
2354,37.3513
2305,8.4127
2355,37.6125
2306,8.4304
2356,35.7903
2307,8.6792
2357,36.0784
2308,8.6335
2358,36.0066
2309,8.6822
2359,35.6634
2310,8.7859
2360,36.8387
2311,8.7780
2361,37.0539
2312,8.5351
2362,35.9904
2313,8.7279
2363,35.8304
2314,8.8042
2364,36.3920
2315,8.6704
2365,36.4496
2316,8.5995
2366,36.1145
2317,8.7441
2367,36.5443
2318,9.0616
2368,36.3263
2319,9.2559
2369,35.8796
2320,8.9397
2370,36.5291
2321,8.8995
2371,37.0994
2322,9.1528
2372,36.5588
2323,9.1382
2373,36.3306
2324,8.8536
2374,36.8999
2325,9.4827
2375,37.1583
2326,9.4732
2376,36.9491
2327,9.5252
2377,36.8759
2328,9.7884
2378,35.8117
2329,8.7165
2379,36.1526
2330,8.8238
2380,35.7972
2331,8.8700
2381,35.9207
2332,9.3481
2382,36.0250
2333,8.4941
2383,36.1233
2334,8.6224
2384,36.8604
2335,9.0055
2385,35.8821
2336,8.5717
2386,36.0800
2337,8.8222
2387,36.7651
2338,8.5865
2388,36.1118
2339,9.3082
2389,37.3278
2340,8.5822
2390,36.6663
2341,8.2898
2391,36.2693
2342,8.8787
2392,37.0395
2343,8.3660
2393,36.8667
2344,8.1849
2394,37.2652
2345,8.4602
2395,36.4495
2346,8.4357
2396,36.1819
2347,8.8747
2397,36.0890
2348,8.3785
2398,36.7230
2349,8.3857
2399,36.6414
2350,8.4134
2400,36.7706
2351,8.2969
2401,36.6031
2352,8.5489
2402,36.5772
2353,8.3709
2403,36.6361
2354,8.6541
2404,37.9979
2355,8.4018
2405,36.5540
2356,8.2646
2406,36.8613
2357,8.4597
2407,35.6762
2358,8.6582
2408,36.9644
2359,8.4507
2409,36.7732
2360,8.3751
2410,36.4130
2361,8.6230
2411,36.0811
2362,9.0663
2412,38.3573
2363,8.5223
2413,36.9534
2364,8.7477
2414,36.3882
2365,8.6531
2415,36.1862
2366,8.5292
2416,37.3171
2367,9.0195
2417,36.0297
2368,8.9155
2418,35.8132
2369,9.0685
2419,36.2452
2370,8.9190
2420,36.7651
2371,8.7702
2421,36.5565
2372,9.1401
2422,36.4309
2373,8.9329
2423,37.5586
2374,8.7281
2424,36.8475
2375,9.1445
2425,36.9541
2376,9.0360
2426,36.8151
2377,8.9954
2427,36.3196
2378,8.5048
2428,36.4317
2379,8.9705
2429,35.9388
2380,8.6103
2430,36.3193
2381,8.5353
2431,35.7214
2382,8.4932
2432,36.0499
2383,8.8818
2433,36.6860
2384,9.0451
2434,36.8011
2385,8.5094
2435,36.5256
2386,9.0587
2436,36.0875
2387,8.9486
2437,35.8292
2388,8.8268
2438,36.0545
2389,8.2805
2439,36.3359
2390,8.4021
2440,36.5244
2391,8.3185
2441,36.6380
2392,8.3117
2442,35.8325
2393,8.7292
2443,36.0365
2394,8.4144
2444,36.5658
2395,8.4887
2445,36.8610
2396,8.6041
2446,37.3041
2397,8.0138
2447,37.3505
2398,8.4175
2448,36.9860
2399,8.0641
2449,35.7555
2400,7.8052
2450,36.0048
2401,8.0773
2451,36.4735
2402,8.1849
2452,36.4808
2403,8.2400
2453,36.4079
2404,8.1046
2454,35.7017
2405,8.1365
2455,35.8322
2406,8.0462
2456,36.9416
2407,7.9859
2457,35.7744
2408,8.4489
2458,35.5345
2409,8.2855
2459,35.9467
2410,8.1756
2460,35.9088
2411,8.5278
2461,35.4732
2412,8.2982
2462,36.8219
2413,8.0268
2463,36.4876
2414,7.1385
2464,37.9252
2415,8.1012
2465,35.8134
2416,8.1265
2466,36.2342
2417,8.0290
2467,35.6871
2418,8.3941
2468,36.1007
2419,8.0113
2469,36.2500
2420,8.2307
2470,36.1896
2421,8.6413
2471,35.4603
2422,8.3480
2472,36.9282
2423,8.2480
2473,35.4471
2424,8.4654
2474,36.2343
2425,8.1109
2475,36.2282
2426,8.2700
2476,36.0753
2427,9.3243
2477,38.7196
2428,7.9665
2478,36.4723
2429,9.2566
2479,36.4666
2430,8.3329
2480,35.8250
2431,8.1339
2481,36.5763
2432,8.2335
2482,36.3444
2433,8.4379
2483,36.2625
2434,8.4320
2484,36.3008
2435,8.3630
2485,35.5679
2436,8.7729
2486,38.9351
2437,8.2776
2487,36.6561
2438,8.3772
2488,35.9789
2439,8.2603
2489,35.9149
2440,8.4980
2490,36.2855
2441,8.6463
2491,36.2836
2442,8.2929
2492,35.7483
2443,8.1445
2493,36.1869
2444,8.1196
2494,35.8056
2445,8.1615
2495,36.1667
2446,8.3695
2496,35.6659
2447,8.1512
2497,36.5950
2448,8.2739
2498,35.9158
2449,8.3792
2499,36.9685
2450,8.1871
2500,36.7260
2451,8.4280
2501,36.1321
2452,8.1200
2502,35.9722
2453,8.0746
2503,36.4472
2454,8.3799
2504,36.0799
2455,8.3024
2505,36.4729
2456,8.4416
2506,36.3357
2457,8.1038
2507,35.8029
2458,8.1195
2508,35.8502
2459,8.4967
2509,36.0318
2460,8.2260
2510,36.2478
2461,8.1952
2511,36.3616
2462,9.2625
2512,36.1627
2463,7.9468
2513,35.8853
2464,8.1409
2514,35.6176
2465,8.1242
2515,36.5347
2466,7.9754
2516,36.1532
2467,7.8986
2517,36.4858
2468,8.3551
2518,36.0165
2469,7.9379
2519,36.5719
2470,8.0477
2520,36.5477
2471,8.1879
2521,35.8742
2472,8.5058
2522,35.7791
2473,7.1798
2523,43.6640
2474,8.2101
2524,35.3896
2475,8.2655
2525,35.9743
2476,8.4189
2526,35.8756
2477,8.5810
2527,36.2697
2478,8.1898
2528,35.8533
2479,8.3440
2529,36.2058
2480,8.3996
2530,35.8247
2481,8.3078
2531,36.3342
2482,10.9497
2532,37.1239
2483,10.9808
2533,37.5362
2484,10.7744
2534,37.3069
2485,10.6290
2535,36.9951
2486,10.7667
2536,37.5469
2487,10.6072
2537,37.6850
2488,10.6564
2538,37.4479
2489,10.7462
2539,36.2117
2490,10.9579
2540,37.8664
2491,10.3487
2541,38.1258
2492,9.6641
2542,36.0844
2493,8.9657
2543,34.9827
2494,9.1594
2544,35.7479
2495,9.3227
2545,35.0605
2496,9.0637
2546,35.1735
2497,9.0123
2547,35.4295
2498,9.4570
2548,36.0646
2499,8.8227
2549,35.5852
2500,8.8383
2550,35.4982
2501,8.9850
2551,35.4641
2502,9.0854
2552,35.2151
2503,8.9972
2553,35.7804
2504,9.2343
2554,35.2455
2505,8.9124
2555,35.0487
2506,9.1267
2556,35.4714
2507,8.3031
2557,35.5229
2508,8.8951
2558,34.9499
2509,8.9105
2559,35.1529
2510,8.9267
2560,35.3034
2511,9.2196
2561,35.6544
2512,9.1516
2562,35.6787
2513,8.7315
2563,35.8137
2514,8.6761
2564,35.8691
2515,8.5561
2565,35.5515
2516,9.0292
2566,35.3845
2517,10.0278
2567,35.9486
2518,8.6355
2568,35.1064
2519,8.2317
2569,35.5446
2520,8.8994
2570,34.9835
2521,8.2156
2571,35.1380
2522,8.6069
2572,35.7660
2523,8.8477
2573,35.6583
2524,8.7827
2574,35.6153
2525,8.5665
2575,35.0953
2526,8.5755
2576,35.0153
2527,8.1725
2577,35.7611
2528,8.6668
2578,35.5679
2529,8.4047
2579,34.9123
2530,8.4066
2580,35.3684
2531,8.2326
2581,35.5516
2532,9.0829
2582,35.3770
2533,8.3067
2583,35.5086
2534,9.0879
2584,35.3132
2535,8.8177
2585,35.3266
2536,9.2550
2586,35.7080
2537,8.9314
2587,35.3356
2538,9.0348
2588,35.0065
2539,9.1843
2589,35.7452
2540,8.8172
2590,35.6007
2541,8.5795
2591,35.0325
2542,8.3365
2592,35.2704
2543,9.0419
2593,35.7529
2544,8.7797
2594,35.0736
2545,9.0177
2595,35.5032
2546,8.8363
2596,35.5901
2547,8.8419
2597,35.6693
2548,8.8594
2598,35.5246
2549,8.8856
2599,35.3488
2550,8.9374
2600,35.5851
2551,8.6434
2601,35.8348
2552,8.9140
2602,34.9345
2553,8.4608
2603,35.3598
2554,9.1778
2604,36.0038
2555,8.7737
2605,35.1739
2556,8.9849
2606,35.7100
2557,8.8146
2607,35.4770
2558,8.8823
2608,35.0771
2559,8.6206
2609,35.1493
2560,9.0699
2610,35.7377
2561,8.5932
2611,35.6280
2562,9.0755
2612,35.9453
2563,8.9743
2613,35.5828
2564,8.7058
2614,35.6131
2565,8.4694
2615,36.0226
2566,8.6127
2616,35.0290
2567,8.4769
2617,35.3963
2568,8.9955
2618,35.1146
2569,8.3099
2619,35.2585
2570,8.6366
2620,35.3388
2571,8.6713
2621,35.4501
2572,8.6433
2622,35.2140
2573,8.9666
2623,35.5682
2574,8.8241
2624,35.9297
2575,9.0001
2625,35.1293
2576,8.5057
2626,35.7053
2577,9.1484
2627,35.3863
2578,9.1735
2628,35.5646
2579,8.4417
2629,35.4742
2580,8.6514
2630,34.9939
2581,8.9371
2631,35.3218
2582,8.9343
2632,35.3674
2583,9.1067
2633,35.4910
2584,8.8506
2634,35.1455
2585,8.5216
2635,36.0112
2586,8.3582
2636,35.9270
2587,8.5647
2637,35.7507
2588,8.9987
2638,35.8518
2589,9.0768
2639,35.3673
2590,9.0886
2640,35.8133
2591,8.9232
2641,35.2023
2592,8.8481
2642,35.9251
2593,8.5242
2643,35.2796
2594,8.8458
2644,35.9515
2595,8.7293
2645,35.1908
2596,8.6917
2646,35.9211
2597,8.6720
2647,35.1095
2598,8.8166
2648,35.1280
2599,8.1678
2649,35.5109
2600,8.2176
2650,35.6813
2601,9.0245
2651,37.3013
2602,8.3630
2652,35.1571
2603,8.0623
2653,35.2566
2604,8.6199
2654,35.2719
2605,8.1126
2655,35.6489
2606,8.2036
2656,35.2188
2607,7.9592
2657,34.5516
2608,8.0213
2658,35.1858
2609,8.0605
2659,35.2901
2610,8.3261
2660,34.9635
2611,8.1270
2661,35.0733
2612,8.9526
2662,35.4379
2613,9.1766
2663,34.5775
2614,8.5167
2664,34.6568
2615,8.5932
2665,35.3542
2616,6.2185
2666,34.5805
2617,6.2293
2667,34.6873
2618,6.4508
2668,34.3379
2619,6.2875
2669,34.4521
2620,6.3514
2670,34.8749
2621,6.0677
2671,35.0549
2622,6.2537
2672,34.6131
2623,6.5019
2673,35.0016
2624,6.4394
2674,34.8732
2625,6.7630
2675,34.2246
2676,36.5277
2626,6.5870
2677,35.1727
2627,6.8247
2678,35.1957
2628,7.2052
2679,35.1788
2629,8.7744
2680,35.9912
2630,8.0384
2681,34.3288
2631,8.6024
2682,34.8433
2632,8.6094
2683,35.1308
2633,8.6061
2684,34.7178
2634,9.0438
2685,35.5856
2635,8.5290
2686,34.9845
2636,8.5040
2687,34.7257
2637,9.1771
2688,35.2003
2638,8.8243
2689,34.8473
2639,6.5332
2690,34.1057
2640,6.1071
2691,34.4592
2641,6.4382
2692,35.4427
2642,6.2965
2693,34.3865
2643,6.2580
2694,35.8313
2644,6.0615
2695,34.9839
2645,6.2680
2696,34.6843
2646,6.2803
2697,34.7797
2647,6.7126
2698,34.5980
2648,6.6233
2699,34.1988
2649,6.2965
2700,34.6800
2650,6.2876
2701,34.4010
2702,34.3949
2651,6.9829
2703,35.1684
2652,8.6990
2704,35.6245
2653,8.0865
2705,34.7687
2654,8.7278
2706,35.1764
2655,8.5895
2707,35.0839
2656,8.1051
2708,35.3813
2657,8.4995
2709,35.1850
2658,8.8750
2710,34.5809
2659,8.3928
2711,35.0324
2660,9.6089
2712,35.0785
2661,6.6742
2713,34.4428
2662,6.3377
2714,34.8465
2663,6.3168
2715,34.3996
2664,6.5782
2716,37.9268
2665,6.1190
2717,34.9731
2666,6.2121
2718,34.8937
2667,5.9746
2719,34.9490
2668,6.4609
2720,34.6159
2669,6.6140
2721,34.5048
2670,6.5237
2722,35.1877
2671,6.4508
2723,34.1636
2672,6.4829
2724,34.1256
2725,34.4102
2673,6.4787
2726,34.5948
2674,9.6911
2727,38.4064
2675,7.6272
2728,34.6124
2676,8.7074
2729,35.0012
2677,8.4907
2730,35.4890
2678,8.8654
2731,35.2675
2679,8.5261
2732,35.6130
2680,8.0153
2733,34.7286
2681,8.7268
2734,35.0345
2682,8.6083
2735,35.5638
2683,8.5702
2736,35.8280
2684,7.8631
2737,34.8909
2685,9.8346
2738,34.5941
2686,7.8311
2739,34.7167
2687,6.2154
2740,34.5265
2688,6.0407
2741,34.6537
2689,6.3201
2742,34.6908
2690,6.0465
2743,35.5649
2691,6.3743
2744,34.7390
2692,6.4464
2745,34.4621
2693,6.5802
2746,34.5405
2694,6.6029
2747,34.6622
2748,34.5372
2695,6.4350
2749,34.3221
2696,7.6297
2750,35.3672
2697,8.6797
2751,35.3210
2698,8.1359
2752,35.6103
2699,9.0176
2753,35.4697
2700,8.7325
2754,34.7822
2701,8.4555
2755,34.7840
2702,8.3289
2756,35.1474
2703,8.7844
2757,35.3861
2704,9.0717
2758,34.4706
2705,8.9419
2759,35.1086
2706,8.7629
2760,35.2453
2707,6.2978
2761,35.8118
2708,6.5922
2762,34.6042
2709,6.4133
2763,34.4943
2710,6.4949
2764,34.7792
2711,6.6804
2765,35.1158
2712,6.5967
2766,35.0918
2713,6.5981
2767,34.4196
2714,6.5620
2768,35.1538
2715,6.6291
2769,34.3764
2716,6.1405
2770,34.5836
2717,6.4665
2771,34.2104
2718,6.2880
2772,34.5588
2773,34.5653
2719,6.5633
2774,34.8391
2720,7.7127
2775,35.3119
2721,8.2626
2776,35.9319
2722,8.3479
2777,34.6595
2723,8.9415
2778,35.1559
2724,8.3200
2779,34.7315
2725,8.4901
2780,34.9126
2726,8.0337
2781,34.8221
2727,8.2293
2782,34.8085
2728,9.4393
2783,34.8752
2729,9.2211
2784,35.9108
2730,9.3587
2785,35.2267
2731,6.0829
2786,34.2893
2732,6.1858
2787,35.3253
2733,6.1096
2788,34.8074
2734,6.5942
2789,35.1588
2735,6.4658
2790,35.3593
2736,6.4424
2791,34.6435
2737,6.2796
2792,34.3675
2738,6.5023
2793,34.5921
2739,6.5311
2794,34.4116
2740,6.3816
2795,34.7551
2796,34.1919
2741,6.6441
2797,34.5026
2742,6.2895
2798,34.7429
2743,7.2256
2799,35.1651
2744,7.5062
2800,34.9629
2745,8.3112
2801,34.6008
2746,8.3629
2802,35.2219
2747,8.0343
2803,34.9637
2748,8.0625
2804,34.6049
2749,8.5611
2805,34.7092
2750,8.2022
2806,35.4873
2751,8.5376
2807,35.2743
2752,7.2513
2808,34.6907
2753,9.3574
2809,35.7209
2754,9.7291
2810,34.6676
2755,6.8039
2811,34.3774
2756,6.2938
2812,34.3450
2757,6.2091
2813,34.5453
2758,6.3447
2814,34.5604
2759,6.2999
2815,34.9052
2760,6.2503
2816,34.7001
2761,6.3440
2817,34.4061
2762,6.1180
2818,34.5013
2763,6.3743
2819,34.8419
2764,6.2959
2820,34.0967
2821,34.9761
2765,6.8041
2822,35.6063
2766,8.0619
2823,35.4403
2767,8.1559
2824,35.3605
2768,8.4354
2825,35.4355
2769,8.7329
2826,34.5261
2770,8.3443
2827,35.5949
2771,8.2619
2828,34.4793
2772,8.1364
2829,35.0056
2773,7.9778
2830,35.1477
2774,7.3463
2831,35.6955
2775,8.9201
2832,36.1803
2776,8.2018
2833,34.7141
2777,6.2930
2834,35.4215
2778,6.0705
2835,34.5057
2779,6.2457
2836,34.4901
2780,6.1802
2837,34.4669
2781,6.1826
2838,34.7282
2782,6.0500
2839,34.0606
2783,6.2134
2840,34.8468
2784,6.4524
2841,34.1986
2785,6.7506
2842,34.5570
2843,34.5793
2786,6.5440
2844,34.2212
2787,8.4687
2845,35.0849
2788,8.6972
2846,35.5481
2789,8.4846
2847,34.7750
2790,8.6354
2848,35.8109
2791,8.4334
2849,35.0998
2792,8.2935
2850,35.5348
2793,8.2251
2851,34.7166
2794,7.8977
2852,34.8303
2795,7.0271
2853,34.6370
2796,9.3105
2854,34.6273
2797,7.1674
2855,34.8529
2798,6.3169
2856,34.6776
2799,6.1266
2857,34.4160
2800,6.0498
2858,34.9487
2801,6.3641
2859,34.4204
2802,6.1796
2860,34.6950
2803,6.3611
2861,34.3473
2804,6.2349
2862,34.8900
2805,6.2074
2863,34.9320
2806,6.8261
2864,35.4654
2807,6.3140
2865,34.6014
2866,34.2163
2808,6.7645
2867,35.4442
2809,7.3476
2868,36.3564
2810,8.9129
2869,37.7094
2811,8.0638
2870,35.5981
2812,8.2330
2871,34.8041
2813,8.6255
2872,35.0854
2814,8.3814
2873,34.8229
2815,8.7501
2874,34.7671
2816,7.9361
2875,34.8285
2817,8.3834
2876,35.7522
2818,8.8893
2877,34.8578
2819,9.5740
2878,36.6095
2820,9.9522
2879,35.2523
2821,7.5299
2880,34.5827
2822,6.5837
2881,34.9668
2823,6.4191
2882,35.0672
2824,6.7543
2883,34.9492
2825,6.3008
2884,35.4765
2826,6.2282
2885,34.8773
2827,6.3540
2886,34.6903
2828,6.6130
2887,34.7590
2829,6.6773
2888,34.1896
2830,6.3080
2889,34.7020
2831,6.6374
2890,35.2602
2832,6.4377
2891,34.5420
2892,34.0938
2833,6.5046
2893,35.3191
2834,7.5775
2894,34.9631
2835,8.5124
2895,34.6331
2836,8.3847
2896,35.0121
2837,8.4119
2897,34.7943
2838,8.4400
2898,34.1354
2839,8.5513
2899,34.9006
2840,8.8156
2900,35.3235
2841,8.3902
2901,35.2870
2842,9.6811
2902,34.7003
2843,9.7244
2903,35.4977
2844,7.3258
2904,34.6697
2845,6.2018
2905,34.6286
2846,6.2500
2906,34.3706
2847,6.5093
2907,34.4279
2848,6.1733
2908,34.9240
2849,6.6147
2909,34.3643
2850,6.4097
2910,35.0105
2851,6.4744
2911,34.2625
2912,34.5528
2852,6.3325
2913,34.4639
2853,6.4888
2914,34.8041
2854,6.7735
2915,35.0363
2855,6.4392
2916,35.0286
2856,6.6419
2917,35.4175
2857,6.7992
2858,6.4236
2918,35.7042
2859,6.4430
2919,34.6412
2920,34.5972
2860,6.9601
2861,6.5379
2921,35.5144
2922,34.0764
2862,6.7789
2923,35.1527
2863,6.4863
2864,6.4820
2924,35.7023
2865,6.4694
2925,34.5890
2926,34.6706
2866,6.9049
2867,6.3949
2927,36.1211
2868,6.2958
2928,34.5316
2929,34.3725
2869,6.7470
2870,6.3304
2930,35.7713
2931,35.1012
2871,6.8376
2932,35.0020
2872,6.6329
2873,6.5008
2933,35.6412
2874,6.2708
2934,34.5145
2935,34.9218
2875,6.6616
2876,6.7418
2936,36.3445
2937,34.9774
2877,6.5302
2938,35.0244
2878,6.4068
2879,6.4000
2939,35.8796
2880,6.5877
2940,35.1648
2941,34.0527
2881,6.1607
2882,6.2981
2942,35.5347
2943,34.3854
2883,6.7584
2944,35.6469
2884,6.6692
2885,6.2463
2945,35.1636
2946,34.2189
2886,6.7052
2947,35.2612
2887,6.3147
2888,6.3926
2948,35.2016
2889,6.7508
2949,34.6920
2950,34.5452
2890,6.7249
2951,35.3895
2891,6.6132
2952,35.0824
2892,6.7211
2953,35.6047
2893,6.4932
2954,35.3902
2894,6.6226
2895,6.2804
2955,35.6739
2956,34.6914
2896,6.5110
2957,34.9655
2897,6.6966
2958,35.2205
2898,6.2238
2959,34.5058
2899,6.7908
2960,35.4640
2900,6.6053
2961,34.7946
2901,6.6475
2902,6.7130
2962,36.3162
2963,35.1049
2903,6.3452
2964,34.4065
2904,6.7266
2965,35.8354
2905,6.4965
2966,34.7566
2906,6.7538
2907,6.5613
2967,36.0886
2968,34.9713
2908,6.3404
2909,6.3460
2969,35.2256
2970,34.5984
2910,6.5580
2971,34.6085
2911,6.7140
2972,35.3514
2912,6.5815
2913,6.3413
2973,35.2628
2974,34.9429
2914,6.5660
2975,35.0601
2915,6.5125
2916,6.7536
2976,35.0561
2977,34.7115
2917,6.4283
2978,35.1426
2918,7.0263
2919,6.4348
2979,35.9656
2980,35.1279
2920,6.9148
2981,36.0044
2921,6.5515
2922,6.2491
2982,35.2980
2923,6.4884
2983,35.3341
2984,34.1057
2924,6.7421
2985,35.9850
2925,6.6986
2926,6.6480
2986,35.3382
2987,34.4049
2927,6.4122
2928,6.6532
2988,35.8809
2929,6.4280
2989,34.4152
2990,34.8417
2930,6.5960
2991,35.5396
2931,6.9670
2932,6.3783
2992,36.2553
2993,34.7003
2933,6.4856
2934,6.5104
2994,35.6155
2995,34.3140
2935,6.9940
2936,6.2823
2996,35.2797
2997,34.3754
2937,6.4611
2998,35.3451
2938,6.6311
2999,35.5374
2939,6.6096
3000,34.5493
2940,6.4792
2941,6.3171
3001,35.2697
3002,34.3708
2942,6.6213
2943,6.6178
3003,35.6864
3004,34.1106
2944,6.2383
2945,6.5514
3005,35.6064
3006,34.1455
2946,6.4182
3007,35.2373
2947,6.8457
3008,36.1187
2948,6.5270
3009,35.3567
2949,6.5026
2950,6.4094
3010,34.9881
3011,35.1509
2951,6.5612
2952,6.3665
3012,35.4122
3013,34.7153
2953,7.2173
3014,37.6036
2954,6.6261
3015,35.7637
2955,6.5461
2956,6.4227
3016,34.7924
3017,34.5829
2957,6.4597
3018,34.8974
2958,6.7943
3019,35.7266
2959,6.8047
3020,36.1172
2960,6.4044
2961,6.1958
3021,35.7541
2962,6.2988
3022,34.6985
3023,34.4188
2963,6.6301
3024,34.2137
2964,6.7214
3025,36.1434
2965,6.4316
3026,35.2000
2966,6.4988
2967,6.5378
3027,35.5268
3028,34.6052
2968,6.6983
3029,35.1887
2969,6.9003
2970,6.5147
3030,35.5595
3031,34.9116
2971,6.3679
2972,6.1665
3032,35.9737
3033,34.0936
2973,6.4172
3034,34.6028
2974,6.7864
2975,6.5442
3035,36.0394
3036,34.2216
2976,6.3040
2977,6.6119
3037,35.6275
3038,34.8353
2978,6.5566
2979,6.0649
3039,35.3946
3040,34.5634
2980,6.7935
3041,36.1480
2981,6.4554
2982,6.4748
3042,35.3978
3043,34.9380
2983,7.0240
2984,6.7608
3044,35.4785
3045,34.5550
2985,6.5133
2986,6.4930
3046,36.1324
3047,34.7912
2987,6.3769
2988,6.3608
3048,35.4863
2989,6.3836
3049,34.5247
3050,34.6580
2990,6.4253
2991,6.4747
3051,35.3886
3052,35.1088
2992,6.9218
3053,35.9465
2993,6.7145
2994,6.1615
3054,36.4027
2995,6.4290
3055,34.6783
3056,34.3112
2996,6.5610
3057,34.8979
2997,6.7447
3058,35.6480
2998,6.1605
3059,34.6866
2999,6.1730
3060,34.9275
3000,6.6835
3061,34.6675
3001,6.7145
3062,35.9502
3002,6.3206
3063,34.9833
3003,6.4062
3004,6.3549
3064,35.1396
3065,34.7002
3005,6.5932
3066,35.5106
3006,6.3392
3007,6.2012
3067,35.1960
3068,34.2566
3008,6.6355
3009,6.5502
3069,35.5715
3070,34.7390
3010,7.1119
3071,35.2404
3011,6.5856
3072,34.8951
3012,6.3442
3013,6.6178
3073,35.7366
3074,34.5607
3014,6.2297
3075,35.0290
3015,6.5231
3016,6.3247
3076,35.2285
3077,34.7516
3017,6.8493
3078,35.7939
3018,6.6665
3079,35.0970
3019,6.4078
3080,34.9545
3020,6.5174
3081,34.2661
3021,6.3427
3082,34.8017
3022,6.9554
3023,6.2499
3083,35.7732
3084,36.5828
3024,6.6829
3085,35.5153
3025,6.6158
3086,34.8035
3026,6.8373
3027,6.4956
3087,35.1469
3088,34.5011
3028,6.6233
3089,35.6305
3029,6.1384
3030,6.8028
3090,35.0917
3091,34.9993
3031,6.4861
3092,35.3333
3032,6.5696
3033,6.3987
3093,35.8897
3094,34.3676
3034,6.7571
3035,6.4053
3095,36.3494
3096,34.5661
3036,6.5867
3097,34.5021
3037,6.6318
3098,34.9141
3038,6.2859
3099,35.2874
3039,6.8192
3100,34.8817
3040,6.2336
3041,6.0938
3101,35.6232
3042,6.5056
3102,34.5454
3103,34.5719
3043,6.6891
3044,6.4028
3104,35.5908
3105,34.0851
3045,6.4379
3106,35.8979
3046,6.7473
3047,6.0937
3107,35.3659
3108,34.3133
3048,6.3869
3049,6.1061
3109,35.4899
3110,33.6362
3050,6.8312
3111,35.8488
3051,6.5285
3052,6.2011
3112,35.5607
3053,6.0450
3113,34.5484
3114,34.7558
3054,6.1488
3115,35.0899
3055,6.5787
3116,34.4320
3056,6.4246
3117,36.1117
3057,5.9406
3058,6.4893
3118,36.4189
3119,35.1130
3059,6.6294
3120,34.7936
3060,6.4004
3121,35.2351
3061,6.8394
3122,35.6717
3062,6.3339
3063,6.0216
3123,35.4091
3064,6.2870
3124,34.0048
3125,34.2644
3065,6.7778
3126,35.8596
3066,6.5448
3127,34.7465
3067,6.5211
3128,35.7688
3068,6.2005
3069,6.2643
3129,35.6321
3130,35.0819
3070,6.5894
3071,6.6474
3131,35.1097
3132,34.5064
3072,6.4395
3133,35.5887
3073,6.4818
3074,6.3069
3134,35.2741
3075,6.5279
3135,34.3738
3136,33.8085
3076,6.7096
3137,35.6493
3077,6.1868
3138,34.2073
3078,6.2104
3079,6.7830
3139,35.9127
3140,34.7224
3080,6.7197
3141,34.7114
3081,6.9167
3142,35.4730
3082,6.2822
3143,34.7238
3083,6.7245
3144,35.8281
3084,6.4699
3085,6.4792
3145,35.6422
3146,34.2185
3086,6.2939
3147,35.3403
3087,6.7610
3148,35.4382
3088,6.8376
3149,35.1671
3089,6.6266
3150,35.2880
3090,6.6714
3091,6.5175
3151,35.6115
3152,34.9408
3092,6.8444
3153,35.5136
3093,6.7582
3154,35.4648
3094,6.8778
3155,35.6056
3095,6.0158
3156,34.5808
3096,6.5058
3157,35.5590
3097,6.7606
3158,35.8368
3098,6.1566
3159,35.1426
3099,6.4818
3160,34.6927
3100,6.3936
3161,35.3523
3101,6.2781
3162,34.3865
3102,6.2613
3163,35.3897
3103,6.5281
3164,35.5729
3104,6.6289
3165,35.2614
3105,6.4834
3166,34.3960
3106,6.7563
3107,6.3448
3167,36.4082
3168,35.0489
3108,6.8917
3169,35.5309
3109,6.4448
3170,35.7177
3110,6.7189
3111,6.3637
3171,35.2103
3172,34.7159
3112,6.6936
3173,35.6345
3113,7.0539
3174,35.8753
3114,6.7457
3175,35.1974
3115,6.4589
3176,35.2331
3116,6.8910
3177,36.4610
3117,6.2465
3178,35.4867
3118,6.6166
3179,35.2764
3119,6.7718
3180,35.0902
3120,6.5308
3121,6.4861
3181,35.9271
3182,34.0149
3122,6.3603
3183,35.5839
3123,6.8932
3184,36.4434
3124,6.5415
3125,6.4873
3185,35.4373
3186,34.0695
3126,6.5761
3187,35.3742
3127,6.3533
3128,6.0742
3188,35.5082
3189,33.9928
3129,7.1319
3190,35.3733
3130,6.2955
3191,35.3661
3131,6.4190
3192,34.6042
3132,6.3705
3193,35.5969
3133,6.8542
3194,35.8243
3134,6.4634
3135,6.5153
3195,35.7920
3196,33.8144
3136,6.4429
3197,35.4974
3137,6.8047
3198,36.0070
3138,6.7140
3139,6.4429
3199,35.8539
3200,34.9396
3140,6.7491
3201,35.3031
3141,6.9837
3142,6.2769
3202,35.6439
3203,34.1766
3143,6.4406
3204,35.6333
3144,6.4680
3205,34.9078
3145,6.4001
3206,35.5713
3146,6.4897
3207,35.7093
3147,6.7715
3208,35.1410
3148,6.1783
3149,6.3290
3209,34.9572
3210,34.7145
3150,6.5890
3211,35.5233
3151,7.0053
3212,36.4048
3152,6.5611
3153,6.0151
3213,35.6106
3214,34.3992
3154,6.8126
3215,35.3725
3155,6.1815
3216,35.4650
3156,6.2095
3157,6.6796
3217,34.7481
3218,34.3177
3158,6.3843
3219,35.7727
3159,6.2683
3220,35.3160
3160,6.7111
3221,35.5417
3161,6.6942
3222,36.8457
3162,7.1289
3223,35.8227
3163,6.1180
3164,6.1784
3224,35.6717
3165,6.0761
3225,34.9541
3226,34.1588
3166,6.8208
3227,35.7317
3167,6.5734
3168,6.7382
3228,35.6362
3229,34.5218
3169,6.5928
3230,34.7624
3170,6.4653
3171,6.7805
3231,35.6260
3232,36.6313
3172,6.7747
3233,35.4412
3173,6.7757
3234,35.5940
3174,6.2114
3235,34.3410
3175,6.9006
3236,36.2686
3176,6.6796
3237,35.1490
3177,6.7545
3238,35.1775
3178,6.2373
3179,6.4007
3239,35.5892
3240,34.0411
3180,6.1515
3241,34.1661
3181,6.7375
3242,35.3265
3182,6.7941
3243,35.6914
3183,6.6787
3244,35.6461
3184,6.8419
3245,35.4284
3185,6.7282
3186,6.3916
3246,35.7546
3247,34.6396
3187,6.2345
3248,34.8158
3188,6.9725
3249,35.6094
3189,6.6111
3250,35.3175
3190,7.0458
3251,35.8540
3191,6.6150
3252,35.7279
3192,6.8407
3193,6.5807
3253,35.4788
3254,34.4503
3194,6.9378
3255,35.4563
3195,6.7711
3256,34.6783
3196,6.6007
3257,35.6036
3197,6.4692
3258,35.0298
3198,6.3384
3259,35.3803
3199,6.3676
3260,34.3628
3200,6.7263
3261,35.5106
3201,6.5750
3262,34.6236
3202,6.2724
3263,35.9251
3203,6.8079
3264,35.4121
3204,6.4166
3205,6.7062
3265,35.6873
3266,34.7845
3206,7.0644
3267,35.8362
3207,6.6144
3208,6.4017
3268,35.4928
3269,34.8352
3209,6.6775
3270,36.3499
3210,6.5146
3271,35.5379
3211,6.8312
3272,34.8156
3212,6.4907
3273,35.8179
3213,6.8248
3274,35.0315
3214,6.7870
3275,35.4563
3215,6.2850
3276,34.2868
3216,6.5887
3277,35.5388
3217,6.7631
3218,6.4961
3278,35.6107
3279,34.1378
3219,6.6636
3280,36.0325
3220,6.5647
3221,6.7543
3281,35.3706
3282,34.8119
3222,6.6762
3283,35.6615
3223,6.9633
3284,35.2108
3224,6.3416
3225,6.5123
3285,35.3118
3286,34.2600
3226,6.7817
3287,35.9151
3227,6.7116
3288,35.6373
3228,6.5879
3289,34.9457
3229,6.1948
3290,34.4501
3230,6.5237
3291,35.7003
3231,6.3054
3292,35.1421
3232,7.1206
3293,35.7731
3233,6.5216
3294,34.7668
3234,6.8407
3295,35.9801
3235,6.4245
3296,34.4089
3236,6.4012
3297,34.5073
3237,6.4610
3298,35.6511
3238,6.8554
3239,6.1329
3299,35.7580
3300,34.3542
3240,6.6882
3301,35.1656
3241,6.6555
3242,6.1022
3302,35.5207
3303,34.1396
3243,7.1440
3304,36.6254
3244,6.8524
3305,36.6482
3245,6.9008
3246,6.5244
3306,35.5907
3247,6.4660
3307,34.4160
3308,34.2984
3248,6.9805
3309,35.5563
3249,6.4444
3310,34.9818
3250,6.7478
3311,35.8808
3251,6.2552
3252,6.1812
3312,35.0371
3313,34.1807
3253,6.5909
3314,34.9382
3254,6.7836
3315,35.0616
3255,6.6396
3256,6.3381
3316,35.5447
3317,34.6935
3257,6.7337
3318,35.8496
3258,6.0838
3319,34.7691
3259,6.3837
3320,34.9544
3260,6.9273
3321,35.0562
3261,7.0069
3322,36.0340
3262,6.6105
3263,6.4373
3323,35.5044
3324,34.4603
3264,6.7100
3325,35.7500
3265,6.5568
3266,6.0885
3326,34.7516
3327,34.5183
3267,6.9112
3328,36.4987
3268,6.8872
3269,6.3748
3329,35.5065
3330,34.2149
3270,6.8721
3271,6.2217
3331,35.6836
3272,6.8136
3332,34.7790
3333,34.5629
3273,6.9463
3274,6.6048
3334,36.2149
3335,34.9113
3275,6.4442
3336,34.9832
3276,6.7824
3277,6.5436
3337,35.3752
3338,34.3604
3278,6.6690
3339,35.6252
3279,6.5708
3280,6.4702
3340,35.9534
3281,6.4066
3341,34.2226
3342,34.9188
3282,6.9033
3283,6.2626
3343,35.9881
3344,34.2644
3284,6.7610
3345,35.9773
3285,6.5013
3286,6.5072
3346,35.8318
3287,6.2160
3347,33.9111
3348,34.3037
3288,6.7094
3289,6.3792
3349,35.6639
3350,34.4695
3290,6.8964
3351,35.6438
3291,6.9487
3292,6.4367
3352,35.8549
3293,6.7534
3353,36.1289
3354,35.1413
3294,6.5847
3295,6.2643
3355,35.7185
3356,34.9544
3296,6.6126
3357,35.4612
3297,6.8822
3298,6.3998
3358,35.5659
3299,6.6349
3359,34.8733
3360,35.2535
3300,6.7695
3301,6.2955
3361,35.6383
3362,34.4240
3302,6.4913
3363,35.9790
3303,6.7398
3304,6.5782
3364,36.6771
3305,6.4081
3365,34.7937
3366,34.1341
3306,6.9369
3307,6.2395
3367,35.8968
3368,34.1614
3308,6.4408
3369,34.8829
3309,7.3778
3310,6.3224
3370,35.4490
3371,34.6606
3311,6.2405
3312,6.2071
3372,35.4694
3373,34.4123
3313,6.4979
3314,6.4168
3374,36.1537
3375,34.6239
3315,6.7161
3376,36.0432
3316,6.5143
3377,35.5760
3317,6.4352
3378,34.6413
3318,6.9278
3379,35.6387
3319,6.2357
3380,34.4951
3320,6.5646
3381,35.5068
3321,6.3318
3382,34.9034
3322,7.0077
3323,6.4370
3383,35.6950
3384,34.8432
3324,6.8334
3325,6.6532
3385,39.2476
3386,35.6011
3326,6.3663
3387,36.6691
3327,6.5816
3388,36.7080
3328,6.4335
3389,35.9791
3329,6.9457
3390,36.4102
3330,6.0588
3391,36.3251
3331,6.4852
3392,35.4985
3332,6.4411
3393,35.3333
3333,6.5502
3394,35.9417
3334,6.2197
3395,36.1240
3335,6.4789
3396,36.3800
3336,6.7594
3397,36.0903
3337,5.9703
3338,6.1418
3398,36.1419
3399,34.6411
3339,6.4705
3340,6.3637
3400,36.6031
3401,35.2175
3341,6.1478
3402,35.8442
3342,5.9190
3403,35.7262
3343,6.2336
3404,36.4423
3344,6.5990
3345,5.9896
3405,36.5853
3406,35.5186
3346,6.2411
3407,36.0484
3347,6.5650
3408,36.1942
3348,6.4791
3409,36.2078
3349,6.3200
3410,36.0182
3350,6.5025
3411,35.9847
3351,6.7025
3352,6.4141
3412,36.3471
3413,35.1108
3353,6.0484
3354,5.8598
3414,36.2007
3415,34.9860
3355,6.5729
3416,36.9220
3356,6.1721
3417,35.0642
3357,6.4227
3358,6.5058
3418,36.6126
3419,35.4867
3359,6.3660
3420,36.5373
3360,6.6978
3421,35.8615
3361,6.4039
3422,35.5397
3362,6.6610
3423,36.5540
3363,6.6016
3424,35.6944
3364,6.6159
3425,35.5054
3365,6.1695
3426,36.1473
3366,6.7947
3427,36.4644
3367,6.6089
3368,6.3941
3428,36.3623
3429,35.9814
3369,6.9695
3430,36.4420
3370,6.5027
3371,5.8743
3431,36.3888
3432,34.9547
3372,6.1871
3433,36.2037
3373,6.8135
3434,36.2105
3374,6.5126
3375,6.2715
3435,36.7162
3436,35.9367
3376,6.4594
3437,36.4335
3377,6.7317
3438,35.6813
3378,6.5530
3439,35.8910
3379,6.0944
3440,35.4537
3380,6.7195
3441,36.0066
3381,5.9632
3442,35.9272
3382,6.5388
3443,36.3494
3383,6.7449
3384,6.0583
3444,36.5661
3445,35.1148
3385,6.7768
3446,36.4936
3386,6.4303
3447,36.2722
3387,6.5487
3448,35.4760
3388,6.7105
3389,6.4260
3449,36.4535
3450,35.4826
3390,6.5197
3391,6.2570
3451,36.7807
3452,34.9005
3392,6.2205
3453,34.9344
3393,6.2045
3454,36.3217
3394,6.7364
3395,6.6849
3455,36.2416
3456,35.7958
3396,6.5586
3457,36.2614
3397,6.4135
3458,35.8802
3398,6.6428
3459,36.0778
3399,6.5678
3460,35.6882
3400,6.1795
3461,36.9165
3401,6.3263
3462,35.3820
3402,6.2431
3463,36.2150
3403,6.3685
3464,36.4829
3404,6.4912
3465,36.0061
3405,6.1756
3466,35.7551
3406,6.4617
3407,5.9334
3467,37.5274
3468,35.3094
3408,6.4043
3409,6.3644
3469,36.7593
3470,34.8484
3410,6.3570
3411,6.5526
3471,36.4428
3472,35.5631
3412,6.6988
3473,36.3092
3413,6.2425
3474,35.5373
3414,6.4837
3475,35.5765
3415,6.3660
3476,36.2063
3416,6.4464
3477,35.6926
3417,6.6102
3418,6.4299
3478,36.3120
3479,34.8813
3419,6.6359
3480,35.9046
3420,6.6030
3481,35.9883
3421,6.6871
3482,36.4775
3422,6.1785
3483,35.9759
3423,6.3853
3484,36.6404
3424,6.5738
3425,6.3954
3485,36.9833
3426,6.1921
3486,35.0111
3487,34.9696
3427,6.3974
3428,6.0894
3488,38.7180
3489,35.2445
3429,6.2749
3490,35.9453
3430,6.1682
3431,5.9380
3491,36.4667
3492,35.1931
3432,6.3518
3493,35.7551
3433,6.4921
3494,37.2025
3434,6.6911
3435,6.5284
3495,36.4432
3496,35.5528
3436,6.0901
3497,36.1204
3437,6.4495
3438,6.3292
3498,35.9486
3499,35.0526
3439,6.7279
3500,36.0489
3440,6.4639
3441,6.0129
3501,36.4563
3502,35.0996
3442,6.7139
3503,36.8569
3443,6.2662
3504,35.3788
3444,6.2370
3445,6.0939
3505,36.3075
3446,6.2375
3506,35.1701
3507,35.2415
3447,6.4677
3508,36.7285
3448,6.2294
3509,35.8397
3449,6.7189
3510,35.7558
3450,6.2118
3511,36.5553
3451,6.5616
3452,6.2215
3512,36.4978
3453,6.2019
3513,35.1720
3514,35.2612
3454,6.4529
3515,36.1393
3455,6.3807
3516,35.4022
3456,6.6868
3517,37.3557
3457,6.5170
3458,6.3104
3518,36.3977
3519,35.1287
3459,6.3918
3520,35.8976
3460,6.5020
3521,36.2318
3461,6.2138
3462,6.4819
3522,35.8029
3523,35.2836
3463,6.1746
3524,35.3305
3464,6.0293
3525,35.6265
3465,6.1515
3526,35.6540
3466,6.4585
3527,36.3690
3467,6.3281
3468,5.9004
3528,36.4257
3529,35.2102
3469,6.3565
3470,6.3657
3530,35.9766
3531,35.3918
3471,6.3359
3472,6.2609
3532,36.7842
3533,35.2452
3473,6.3998
3534,36.4566
3474,6.3004
3535,35.5962
3475,6.4719
3536,35.1300
3476,6.4338
3537,36.9656
3477,6.3113
3478,6.2810
3538,36.4865
3479,6.3308
3539,35.2481
3480,6.5808
3540,35.3777
3541,35.8312
3481,6.3901
3542,35.9888
3482,6.6190
3543,36.7115
3483,6.7433
3484,6.3031
3544,35.6592
3545,36.3305
3485,6.3809
3546,36.5432
3486,6.3496
3547,36.1053
3487,6.2153
3488,5.8662
3548,37.4084
3549,34.9320
3489,6.7434
3490,6.2688
3550,36.8932
3491,6.3922
3551,35.0422
3552,34.9917
3492,6.6237
3493,6.3734
3553,36.6794
3554,35.4152
3494,6.0906
3555,35.5580
3495,6.3948
3496,6.3807
3556,36.4933
3497,6.2809
3557,35.3218
3558,35.3446
3498,6.4968
3559,36.0876
3499,6.6440
3560,35.7855
3500,6.3908
3561,35.4004
3501,6.5028
3562,36.8013
3502,6.3482
3503,6.1520
3563,35.6217
3504,6.4499
3564,35.6964
3565,35.7531
3505,6.4433
3566,37.4683
3506,6.6971
3507,5.8942
3567,36.4227
3508,6.2079
3568,35.3497
3569,35.5079
3509,6.4944
3570,35.4484
3510,6.6867
3571,36.4678
3511,6.5651
3572,35.8762
3512,6.0872
3513,6.0050
3573,35.6037
3574,34.8247
3514,6.7041
3515,6.2498
3575,36.7153
3576,35.5883
3516,6.6055
3517,5.7976
3577,36.5436
3518,6.1518
3578,35.3757
3579,35.6405
3519,6.5515
3520,6.0149
3580,36.8330
3581,35.3136
3521,6.1202
3582,35.3617
3522,6.6845
3523,6.1853
3583,36.4819
3584,35.9593
3524,6.4328
3585,35.8168
3525,6.5711
3526,6.2546
3586,36.4613
3587,35.8147
3527,6.8239
3588,35.6650
3528,6.2889
3529,6.0901
3589,37.3221
3530,6.2090
3590,34.9659
3591,36.1798
3531,6.4495
3532,6.4358
3592,36.1863
3593,35.6203
3533,6.2876
3594,36.0944
3534,6.3149
3535,6.2502
3595,36.4644
3536,6.1075
3596,35.7075
3597,35.0666
3537,6.5825
3538,6.1861
3598,36.1810
3599,35.9063
3539,6.1219
3540,6.1576
3600,36.3759
3541,6.6204
3601,35.9912
3542,6.2097
3602,35.3131
3603,35.1276
3543,6.5711
3544,6.1340
3604,36.9402
3545,6.2482
3605,35.5056
3606,35.4337
3546,6.3683
3607,36.4331
3547,6.1466
3608,36.3081
3548,6.3813
3609,35.5652
3549,6.2594
3610,36.6099
3550,6.4593
3611,36.1727
3551,6.4455
3552,6.2349
3612,36.6367
3613,36.2992
3553,6.5031
3554,6.1941
3614,37.3234
3555,6.1122
3615,35.0120
3616,35.3014
3556,6.1903
3617,36.2351
3557,6.4933
3618,36.2673
3558,6.7697
3619,35.7756
3559,7.4022
3620,36.0067
3560,8.2499
3621,37.2529
3561,7.1118
3562,6.8986
3622,36.4617
3563,7.2226
3623,35.7073
3624,35.1823
3564,7.7583
3625,36.8279
3565,7.4049
3566,7.0070
3626,37.4832
3627,35.8485
3567,7.1219
3628,36.1661
3568,7.1948
3629,35.8616
3569,7.3119
3630,36.1132
3570,7.2134
3631,35.9980
3571,7.3989
3632,36.7167
3572,7.6475
3573,7.3698
3633,37.5291
3634,36.2142
3574,7.3366
3575,6.9687
3635,36.9173
3576,6.9963
3636,35.8391
3637,35.8041
3577,7.2731
3638,36.2390
3578,7.4165
3639,36.8108
3579,7.3631
3640,36.7880
3580,7.2051
3641,36.0911
3581,7.4151
3582,7.1344
3642,36.7284
3583,7.2501
3643,36.2907
3584,6.9263
3644,35.8602
3645,35.8195
3585,6.8762
3646,35.6194
3586,7.1781
3647,37.0976
3587,7.5647
3588,7.3273
3648,35.9598
3649,35.6495
3589,7.1174
3590,6.9206
3650,36.5369
3651,36.0949
3591,7.6789
3592,7.3133
3652,37.4224
3653,35.8680
3593,7.3435
3654,35.2636
3594,7.3231
3595,7.2300
3655,38.0531
3596,7.3017
3656,36.1853
3597,7.2510
3657,35.7389
3658,36.3306
3598,7.4843
3599,7.3395
3659,36.0963
3660,35.2910
3600,7.5121
3601,7.3465
3661,37.4662
3602,7.0660
3662,35.6959
3603,6.9872
3663,35.5005
3664,35.2280
3604,8.2330
3665,36.8280
3605,7.2630
3606,7.0520
3666,36.3992
3667,35.1405
3607,7.5492
3608,7.1681
3668,36.2929
3609,7.2377
3669,35.4941
3670,35.7095
3610,7.7703
3671,37.6029
3611,7.3787
3612,7.4721
3672,36.0049
3673,36.2865
3613,7.0452
3674,36.6321
3614,7.0177
3615,7.1941
3675,36.5365
3676,35.4990
3616,7.2780
3677,35.8709
3617,7.5307
3618,7.0498
3678,37.1487
3619,7.3149
3679,36.1353
3680,35.5300
3620,7.2186
3621,6.8374
3681,35.6809
3682,36.3971
3622,7.5106
3683,35.5321
3623,7.0652
3624,6.9591
3684,36.3357
3625,7.3267
3685,35.4659
3686,35.5591
3626,7.1138
3627,7.2247
3687,36.9660
3628,7.1800
3688,35.6807
3689,36.0727
3629,7.1505
3630,7.1069
3690,36.9401
3631,7.1555
3691,35.6264
3692,35.7303
3632,7.2585
3633,6.9441
3693,36.2279
3634,7.2270
3694,35.8560
3695,35.7493
3635,6.9598
3636,6.9338
3696,35.5062
3697,37.8791
3637,7.0543
3698,36.5914
3638,7.3590
3639,6.8913
3699,37.0311
3640,7.6357
3700,36.2061
3641,6.8679
3701,37.9933
3642,7.1001
3702,36.1784
3703,35.1154
3643,7.6036
3704,37.3994
3644,7.0958
3645,7.3613
3705,35.9911
3646,7.2412
3706,36.1913
3707,35.4440
3647,7.1332
3708,36.3513
3648,7.3434
3709,36.0956
3649,7.4465
3710,37.0008
3650,7.2626
3651,6.9250
3711,36.3620
3652,7.1310
3712,35.8944
3653,7.2185
3713,35.2557
3714,35.5861
3654,7.6928
3715,36.8343
3655,7.2453
3656,6.8163
3716,37.1499
3657,6.7929
3717,35.5270
3658,7.1368
3718,36.4525
3719,36.2718
3659,7.2259
3720,35.7601
3660,7.6224
3721,36.4459
3661,7.3584
3662,6.6727
3722,38.0675
3663,6.7678
3723,35.6871
3664,7.1481
3724,36.1889
3665,7.0378
3725,35.8206
3726,35.5829
3666,7.4146
3667,7.0018
3727,36.8884
3668,6.8302
3728,36.6102
3669,7.1977
3729,35.8718
3730,35.6939
3670,7.1330
3671,7.0204
3731,36.4384
3732,36.6249
3672,7.0570
3673,6.9749
3733,36.8035
3674,6.8965
3734,35.9147
3675,6.7923
3735,35.9685
3736,35.7219
3676,6.9900
3737,36.3130
3677,7.2438
3678,6.9298
3738,36.3063
3679,6.9581
3739,35.8663
3740,35.5330
3680,7.3232
3681,7.2349
3741,36.5682
3742,35.7405
3682,7.5875
3683,7.0986
3743,36.4801
3744,35.8369
3684,6.9010
3745,35.5757
3685,6.9486
3746,36.1859
3686,7.5715
3687,6.9384
3747,36.8233
3748,35.1127
3688,7.1761
3749,36.8673
3689,7.0846
3690,7.1452
3750,36.7089
3751,35.3574
3691,7.1993
3752,35.9641
3692,7.5968
3693,6.7391
3753,36.5958
3694,7.0511
3754,35.5744
3755,36.2184
3695,6.9408
3696,7.0158
3756,37.2175
3697,6.8295
3757,36.2107
3758,35.2473
3698,7.2242
3759,36.0188
3699,7.4856
3700,7.0165
3760,37.0487
3761,35.4909
3701,7.6057
3762,36.5384
3702,6.9822
3703,7.2747
3763,36.6188
3764,36.1824
3704,7.2582
3765,36.7202
3705,7.3397
3766,36.4845
3706,7.1224
3707,6.8579
3767,36.9876
3708,6.9919
3768,35.2885
3769,37.9903
3709,7.1480
3710,6.9364
3770,35.0935
3771,34.6979
3711,7.4546
3772,37.1097
3712,7.3059
3713,7.2191
3773,36.9629
3714,7.2689
3774,35.4167
3775,36.0220
3715,7.2416
3716,7.2113
3776,36.3556
3777,35.8288
3717,7.6221
3778,36.1689
3718,7.2483
3719,7.3618
3779,36.7329
3720,7.1432
3780,36.0768
3781,36.1124
3721,7.3563
3782,37.1482
3722,7.2550
3783,38.9934
3723,7.3963
3784,37.0081
3724,7.1699
3725,6.8679
3785,37.4039
3726,7.2379
3786,36.5260
3727,7.1395
3787,35.9293
3788,35.5151
3728,7.0391
3789,36.3502
3729,7.3438
3790,36.1204
3730,7.1948
3731,7.3878
3791,36.5512
3792,35.7050
3732,6.9957
3793,34.8574
3733,8.0101
3794,36.7663
3734,7.2950
3735,7.0624
3795,36.2960
3796,35.4469
3736,7.3856
3737,6.9667
3797,36.4481
3798,35.3823
3738,6.9713
3739,6.8283
3799,35.9944
3800,36.0047
3740,7.2639
3741,6.8296
3801,37.5284
3802,35.7240
3742,7.3077
3743,6.8304
3803,36.7835
3744,7.3075
3804,35.2346
3805,35.7852
3745,7.3047
3746,7.1869
3806,37.0768
3807,36.4129
3747,6.9106
3748,7.1677
3808,36.3324
3809,35.6296
3749,7.0044
3750,7.2265
3810,37.0844
3751,7.1280
3811,35.5797
3812,35.5971
3752,7.0058
3753,7.0702
3813,36.5259
3814,35.3239
3754,7.3061
3815,36.7380
3755,7.2173
3816,36.2073
3756,7.2779
3757,7.2253
3817,36.5118
3818,35.5274
3758,7.0520
3759,6.9980
3819,36.9213
3760,6.8659
3820,35.0260
3821,38.4998
3761,6.9725
3822,35.6427
3762,7.2474
3823,36.1523
3763,7.1365
3764,7.1067
3824,36.8450
3825,35.4529
3765,6.8942
3766,6.7307
3826,36.5166
3767,7.0921
3827,34.9557
3828,35.3119
3768,7.2902
3769,6.6804
3829,36.4855
3830,35.1679
3770,7.1528
3831,36.1674
3771,7.4937
3832,36.9051
3772,7.3550
3773,7.0809
3833,36.5628
3774,6.8574
3834,36.8082
3835,35.9952
3775,7.0765
3776,7.0646
3836,36.7937
3837,36.1728
3777,6.7975
3838,35.6993
3778,7.4739
3839,36.2787
3779,6.8390
3840,35.7777
3780,7.2959
3841,35.7978
3781,6.9572
3842,36.5142
3782,7.0703
3783,6.9238
3843,36.6836
3784,6.9090
3844,35.9051
3845,35.8621
3785,7.4599
3786,7.3668
3846,36.7308
3847,35.7747
3787,7.1123
3848,35.5797
3788,7.4074
3849,36.7549
3789,6.9548
3790,6.9949
3850,36.2966
3851,36.2941
3791,7.1929
3852,36.1405
3792,7.1103
3853,37.2903
3793,7.5513
3854,36.4886
3794,7.1825
3795,7.6635
3855,36.6174
3796,6.9228
3856,36.9918
3857,35.4922
3797,7.6263
3798,7.1343
3858,36.4063
3859,36.8368
3799,7.1554
3860,36.4723
3800,7.2822
3861,36.4915
3801,7.2008
3862,35.7487
3802,6.8932
3863,36.3839
3803,7.7530
3864,37.7204
3804,7.0759
3805,7.1778
3865,36.2635
3866,35.6160
3806,7.0373
3867,35.4214
3807,7.0066
3868,35.3106
3808,6.9067
3869,36.0628
3809,7.4110
3870,36.5120
3810,7.3215
3871,36.2236
3811,7.0221
3872,36.2323
3812,6.9634
3873,36.7280
3813,7.2752
3874,35.8587
3814,7.4484
3875,35.3187
3815,6.9842
3876,37.1807
3816,6.7979
3817,7.1920
3877,35.9731
3878,35.1072
3818,7.4132
3879,36.7036
3819,7.2295
3820,6.9556
3880,36.4802
3881,35.6507
3821,7.0390
3882,35.9184
3822,7.3350
3823,7.1759
3883,36.7980
3824,7.2038
3884,36.3049
3885,36.1556
3825,7.0239
3826,6.8357
3886,36.4986
3827,6.9891
3887,35.4407
3888,35.1942
3828,6.8085
3829,7.1863
3889,36.5682
3830,7.2963
3890,36.1663
3891,36.7547
3831,6.8822
3892,36.2063
3832,7.4219
3833,7.0581
3893,36.8651
3894,36.1387
3834,7.2841
3895,35.7300
3835,7.2196
3896,35.9230
3836,7.1856
3897,36.0339
3837,7.2443
3898,36.3077
3838,7.2561
3899,36.2368
3839,7.5979
3840,7.1280
3900,36.2972
3901,36.0407
3841,7.0568
3842,6.9917
3902,36.8169
3843,6.9933
3903,35.3653
3904,35.0603
3844,7.4005
3905,36.2470
3845,7.2088
3906,35.7588
3846,7.0382
3907,37.4822
3847,7.2051
3908,36.0075
3848,7.1177
3849,6.9450
3909,37.0544
3850,6.7171
3910,35.8023
3911,35.4801
3851,6.7094
3912,36.7017
3852,7.1078
3913,36.2652
3853,6.8934
3914,36.1681
3854,7.3748
3915,36.4552
3855,7.3819
3916,36.7127
3856,6.8319
3857,6.6946
3917,35.8282
3918,35.8097
3858,7.3308
3919,37.8048
3859,7.4230
3920,35.2867
3860,7.3913
3921,37.0258
3861,7.2461
3922,38.0779
3862,6.9049
3863,6.8650
3923,35.7481
3864,6.8179
3924,36.1624
3925,35.1321
3865,7.2967
3866,7.1410
3926,36.6303
3927,36.3124
3867,7.0870
3928,36.7204
3868,7.3242
3869,6.9759
3929,36.4460
3930,35.2085
3870,7.3267
3931,35.5681
3871,7.4121
3872,7.0764
3932,42.7467
3873,7.0498
3933,35.7993
3934,35.6117
3874,6.9695
3875,6.6159
3935,35.9515
3936,35.6815
3876,7.1203
3937,37.2415
3877,7.1546
3878,6.5776
3938,37.1594
3879,7.1193
3939,35.3310
3940,36.3416
3880,6.9562
3881,6.7569
3941,36.4099
3942,35.2252
3882,6.8121
3943,35.7263
3883,7.5021
3944,36.5476
3884,7.2566
3885,6.9216
3945,36.5995
3886,7.1546
3946,37.0775
3947,35.4189
3887,7.0783
3888,6.7076
3948,36.1968
3949,35.6774
3889,7.1683
3950,35.8545
3890,6.9275
3951,36.9001
3891,7.0793
3952,36.2445
3892,7.1851
3893,7.0794
3953,36.2091
3894,7.0275
3954,35.6458
3955,34.8000
3895,6.7560
3956,36.1071
3896,7.0427
3957,36.4636
3897,6.7012
3898,6.5980
3958,36.6521
3899,6.7005
3959,35.4219
3900,6.8191
3960,36.4974
3901,6.6607
3961,35.9201
3962,34.8641
3902,7.0699
3903,6.6854
3963,36.3340
3904,7.0321
3964,36.1526
3965,35.7425
3905,6.8692
3966,36.2844
3906,6.8433
3907,6.7994
3967,36.6826
3968,35.6586
3908,7.2277
3909,6.8178
3969,37.0880
3910,6.7703
3970,37.6767
3971,35.2324
3911,6.8079
3972,35.7096
3912,7.1757
3913,6.6277
3973,36.0066
3974,35.6732
3914,6.8625
3915,6.7701
3975,37.2079
3916,6.9466
3976,35.6308
3917,6.6246
3977,36.7276
3978,36.2491
3918,7.0507
3979,35.7905
3919,6.8927
3920,6.9256
3980,37.2333
3921,7.2065
3981,35.8572
3922,6.6502
3982,37.7032
3923,6.8190
3983,35.9809
3984,36.5138
3924,7.3075
3985,36.1904
3925,7.2381
3926,6.8649
3986,37.3162
3987,35.9162
3927,6.6578
3928,6.9680
3988,37.0458
3989,36.1246
3929,7.2430
3930,6.9331
3990,36.5301
3931,6.9355
3991,35.7325
3992,35.7413
3932,7.3600
3933,6.9815
3993,36.4147
3994,35.2815
3934,7.2777
3935,6.6637
3995,37.0047
3996,36.0199
3936,7.2726
3937,6.9389
3997,36.2744
3998,35.4788
3938,7.0400
3999,36.0529
3939,7.3517
3940,7.0918
4000,35.8994
4001,35.2910
3941,6.8886
3942,6.6360
4002,36.6026
4003,35.7520
3943,6.9406
3944,6.9132
4004,36.4916
4005,36.0435
3945,7.2421
3946,7.0529
4006,36.0483
4007,35.6958
3947,7.2394
3948,6.4895
4008,38.2906
4009,35.0578
3949,8.7767
4010,35.1821
3950,7.2877
4011,36.1473
3951,6.8583
4012,35.1373
3952,7.5012
4013,36.1756
3953,7.3601
4014,35.8375
3954,6.7835
4015,35.2082
3955,7.0499
4016,34.9662
3956,6.9102
4017,35.8192
3957,7.1516
3958,6.8369
4018,36.6294
4019,35.0442
3959,6.8597
4020,35.2260
3960,7.5207
4021,35.6141
3961,6.9057
4022,35.1913
3962,7.4506
3963,6.9034
4023,36.5655
4024,34.4848
3964,7.2748
3965,6.9376
4025,35.4514
4026,34.5686
3966,7.0421
4027,36.1662
3967,7.4625
3968,6.7341
4028,36.5622
4029,35.8927
3969,7.1704
4030,36.1225
3970,7.1026
4031,36.9707
3971,7.1392
3972,6.9423
4032,36.3677
3973,6.8100
4033,36.1451
4034,36.2331
3974,7.4830
3975,6.8517
4035,37.2125
3976,6.6445
4036,38.7576
4037,35.0717
3977,7.0871
4038,35.6812
3978,6.9056
4039,34.7552
3979,7.2975
4040,35.7935
3980,6.8181
4041,35.4738
3981,7.2712
4042,35.4315
3982,6.8655
4043,34.7562
3983,7.0577
3984,6.5296
4044,36.0561
4045,34.5417
3985,7.0057
4046,36.0486
3986,6.7931
4047,35.8376
3987,7.2888
4048,35.8741
3988,6.8545
4049,35.2582
3989,7.3371
4050,35.7836
3990,7.1094
3991,6.7085
4051,36.1479
4052,34.5613
3992,6.9768
4053,35.0006
3993,6.8255
4054,35.6285
3994,7.3982
3995,6.8369
4055,35.9154
4056,34.7956
3996,7.0337
4057,35.8897
3997,7.3453
4058,35.9032
3998,7.0334
3999,7.0198
4059,35.9221
4060,34.4323
4000,7.1097
4061,35.6839
4001,7.1049
4062,34.7651
4002,7.1363
4063,34.7410
4003,6.8682
4064,35.1902
4004,7.0716
4005,6.6840
4065,35.4530
4066,34.2842
4006,7.3630
4007,6.9540
4067,36.0848
4068,34.5982
4008,7.1878
4009,6.7275
4069,36.4138
4070,34.0742
4010,7.0861
4071,35.1455
4011,7.3701
4012,6.6099
4072,37.5582
4073,34.3664
4013,6.9760
4074,34.6438
4014,7.0879
4075,35.4656
4015,6.7921
4076,34.9322
4016,7.0179
4077,34.8334
4017,7.0292
4078,35.7881
4018,7.1213
4019,6.8926
4079,35.9817
4080,34.1011
4020,7.1151
4081,35.8254
4021,7.3093
4082,35.9426
4022,6.9837
4023,6.6402
4083,36.0195
4084,34.4522
4024,6.9403
4085,35.1419
4025,6.9076
4086,35.5657
4026,6.7262
4087,34.8151
4027,7.2533
4088,36.2990
4028,7.3706
4029,6.9688
4089,36.1885
4090,34.8052
4030,6.8512
4091,35.2264
4031,7.3145
4092,36.6630
4032,6.7693
4093,34.2463
4033,6.7181
4094,35.2317
4034,7.3406
4095,36.2136
4035,6.8580
4036,6.4849
4096,36.2020
4097,34.4463
4037,6.5961
4098,35.2303
4038,6.2498
4039,6.0427
4099,35.6753
4100,34.3155
4040,6.3865
4101,34.6054
4041,6.4038
4102,35.8408
4042,6.2728
4043,6.2539
4103,35.8525
4104,34.6527
4044,5.8818
4105,34.5939
4045,6.0740
4106,35.5157
4046,6.6333
4047,6.1101
4107,35.4087
4108,34.4715
4048,6.8242
4109,36.0347
4049,6.0637
4110,36.0061
4050,6.1423
4111,35.5716
4051,6.0646
4112,35.4671
4052,6.3633
4113,34.8062
4053,6.3086
4054,6.4110
4114,35.8694
4115,34.9334
4055,6.6485
4116,36.3160
4056,6.3248
4117,35.6258
4057,6.4739
4118,34.9257
4058,6.2018
4119,34.9445
4059,6.4072
4120,35.7936
4060,6.4455
4121,35.5840
4061,6.5143
4122,35.7772
4062,5.9246
4123,34.6022
4063,6.6994
4124,36.1459
4064,6.4653
4125,35.0313
4065,6.0484
4126,35.0855
4066,6.6338
4127,36.0834
4067,6.1686
4128,35.3660
4068,6.6916
4129,36.1110
4069,6.2316
4130,35.3266
4070,6.5999
4131,35.6760
4071,6.3943
4072,6.2030
4132,35.0331
4133,34.6137
4073,6.3273
4134,35.4368
4074,6.4977
4135,35.7415
4075,6.3603
4136,35.4905
4076,6.0121
4137,34.8264
4077,6.5674
4138,35.6445
4078,6.2432
4079,6.4405
4139,35.6080
4140,34.5307
4080,6.4414
4141,34.2837
4081,6.6015
4082,6.0915
4142,35.9340
4143,35.2665
4083,6.5337
4144,35.1506
4084,6.1215
4145,35.0866
4085,6.6007
4146,36.0717
4086,6.4714
4087,6.1916
4147,35.3565
4088,5.9843
4148,35.3006
4149,33.8722
4089,6.3851
4150,35.3020
4090,6.6153
4151,35.7009
4091,6.0136
4152,35.2694
4092,6.1527
4153,36.3200
4093,6.5270
4094,6.0100
4154,35.6096
4155,34.4502
4095,6.3847
4156,35.3551
4096,6.2486
4157,34.9321
4097,6.0660
4158,34.5142
4098,6.6829
4159,36.2422
4099,6.4464
4160,35.3229
4100,6.2378
4161,34.5344
4101,6.6703
4162,35.3519
4102,6.3211
4163,34.8847
4103,6.3362
4164,35.1872
4104,6.7024
4105,6.2482
4165,35.7548
4166,34.9291
4106,6.4103
4167,35.1680
4107,6.1721
4168,34.6758
4108,6.7329
4169,35.9891
4109,6.2329
4170,34.8701
4110,6.0592
4171,35.2211
4111,6.5617
4172,35.6833
4112,6.2761
4173,34.9291
4113,6.5667
4174,35.6721
4114,6.3347
4175,35.4713
4115,6.4001
4176,35.3901
4116,6.2140
4177,36.3122
4117,6.7839
4178,36.2202
4118,6.3414
4179,36.1591
4119,6.4597
4180,34.1616
4120,7.0267
4181,36.7734
4121,6.2866
4122,6.0813
4182,35.1704
4183,35.0087
4123,6.7589
4124,6.3030
4184,35.8566
4185,34.4613
4125,6.6200
4186,35.7984
4126,6.2738
4187,34.5987
4127,5.9475
4188,36.4272
4128,6.3185
4189,37.6499
4129,6.5667
4190,34.8111
4130,6.4617
4191,35.8985
4131,5.9443
4192,35.6192
4132,8.8979
4133,6.7973
4193,35.8204
4134,6.2837
4194,34.5147
4135,6.1535
4195,34.8363
4196,35.0196
4136,6.3234
4137,5.9543
4197,35.3730
4198,34.4345
4138,6.6082
4139,6.0654
4199,36.8282
4200,34.3348
4140,6.2933
4201,35.5587
4141,6.3980
4142,6.0865
4202,35.9190
4203,34.9559
4143,6.1468
4204,35.1169
4144,6.3437
4205,36.1111
4145,5.9845
4206,34.8043
4146,6.2923
4147,5.9269
4207,35.4238
4208,34.2202
4148,6.4795
4209,36.5822
4149,6.3540
4210,35.5026
4150,6.0650
4211,35.5886
4151,7.0447
4212,35.5711
4152,6.5506
4213,35.8611
4153,6.9521
4214,34.8741
4154,6.6493
4155,6.8438
4215,35.3449
4216,33.9834
4156,6.7366
4217,35.4509
4157,6.3863
4218,35.4207
4158,6.8765
4219,35.0591
4159,6.5203
4160,6.8723
4220,35.4887
4221,35.2489
4161,6.5526
4222,35.5060
4162,7.0133
4223,35.0474
4163,6.5835
4164,6.3506
4224,36.2232
4225,33.8785
4165,6.9708
4226,35.9035
4166,7.0428
4227,36.1799
4167,6.4524
4228,35.2499
4168,6.5035
4229,35.0618
4169,6.8618
4230,35.0742
4170,6.5834
4171,6.6840
4231,36.1596
4232,35.2486
4172,6.7226
4233,35.8400
4173,6.5372
4174,6.2831
4234,36.0533
4235,34.1220
4175,6.6472
4236,34.9012
4176,6.6582
4237,35.9510
4177,6.6825
4238,34.7642
4178,6.8176
4239,36.2405
4179,6.3677
4240,35.3076
4180,6.7899
4241,34.9557
4181,6.7673
4182,6.2431
4242,38.2166
4243,34.3412
4183,6.7570
4244,36.0453
4184,6.4683
4245,34.2267
4185,6.7502
4246,35.6932
4186,6.3468
4247,34.8242
4187,6.7237
4248,34.4576
4188,6.9183
4249,35.9136
4189,6.4605
4250,35.2403
4190,6.6350
4251,35.1643
4191,6.6212
4252,35.9591
4192,6.9176
4253,34.6429
4193,6.5082
4254,35.9030
4194,6.3915
4255,34.6716
4195,6.5268
4256,35.6006
4196,6.3105
4257,35.1656
4197,7.0692
4258,35.4347
4198,6.9905
4199,6.6797
4259,37.2536
4260,35.5046
4200,6.6277
4201,6.3230
4261,36.0312
4262,35.3626
4202,6.6600
4263,34.8768
4203,6.7510
4264,36.0229
4204,6.4830
4265,34.2379
4205,6.7922
4266,36.0449
4206,6.4087
4267,35.2043
4207,6.6866
4268,35.4199
4208,6.7223
4269,35.8916
4209,6.5761
4270,34.2373
4210,6.8653
4271,36.1720
4211,6.3354
4272,35.3569
4212,6.6915
4273,34.8599
4213,6.5876
4214,6.2660
4274,36.1520
4275,34.2935
4215,6.6238
4276,35.2605
4216,6.6890
4217,6.6668
4277,36.2520
4278,35.5794
4218,6.4918
4279,35.5817
4219,6.8898
4280,34.2222
4220,6.5333
4281,35.7585
4221,6.9494
4282,34.8660
4222,6.5860
4223,6.6079
4283,36.3159
4284,35.7350
4224,6.9968
4285,34.6761
4225,6.5832
4286,36.1304
4226,6.4566
4287,35.0001
4227,7.0398
4288,35.4270
4228,6.7252
4229,6.4624
4289,35.9912
4290,34.5492
4230,6.8208
4291,35.3103
4231,6.5479
4292,35.6336
4232,6.8650
4293,34.9815
4233,6.6759
4294,35.9105
4234,6.3369
4295,34.7435
4235,6.9126
4296,35.2461
4236,6.6046
4297,35.2735
4237,6.3678
4298,35.2903
4238,6.4113
4299,34.3894
4239,6.7538
4300,35.8618
4240,6.7824
4301,35.9852
4241,6.3706
4302,35.2978
4242,6.4919
4303,34.7770
4243,6.6672
4304,35.1176
4244,6.6469
4305,35.1560
4245,6.6546
4306,35.9002
4246,6.2780
4307,34.3428
4247,6.9483
4308,35.6416
4248,6.7625
4309,36.4566
4249,6.6782
4310,35.2214
4250,7.1196
4311,37.0011
4251,6.7526
4312,34.9181
4252,6.8075
4313,36.1047
4253,6.4845
4314,35.2364
4254,6.7020
4315,35.5031
4255,7.0001
4316,35.4719
4256,6.7531
4257,6.5438
4317,35.6395
4318,34.0847
4258,6.6644
4319,35.9930
4259,6.4252
4320,37.0781
4260,7.0200
4321,34.5973
4261,6.5576
4322,35.9942
4262,6.3195
4323,34.7632
4263,6.4675
4324,35.1637
4264,6.3713
4325,35.0227
4265,6.9851
4326,36.1865
4266,6.6191
4327,35.5008
4267,6.4199
4328,35.4084
4268,6.3529
4329,35.4266
4269,7.0782
4330,35.7460
4270,6.8013
4271,6.4018
4331,36.4010
4332,34.7331
4272,6.8568
4333,36.9665
4273,6.6874
4334,34.9777
4274,6.9566
4335,35.8291
4275,6.7576
4276,6.3201
4336,36.4842
4337,34.7683
4277,7.0734
4338,36.9776
4278,6.7025
4339,35.4726
4279,6.4634
4340,35.5600
4280,6.5460
4341,36.0029
4281,6.4000
4342,35.4382
4282,7.4577
4343,35.2924
4283,6.8110
4344,35.7814
4284,6.1923
4345,34.2064
4285,6.3191
4346,34.6247
4286,6.6920
4347,35.5395
4287,6.4849
4348,36.1055
4288,6.4336
4349,35.3638
4289,6.7373
4350,35.9350
4290,6.2148
4351,35.2186
4291,7.2709
4352,34.5502
4292,6.8803
4293,6.4520
4353,36.8548
4354,34.9770
4294,6.5772
4355,34.8460
4295,6.8026
4356,35.8176
4296,6.3545
4357,35.5531
4297,6.6344
4358,35.0564
4298,6.7500
4359,35.5811
4299,6.6648
4360,35.2791
4300,6.6803
4301,6.3944
4361,38.4080
4362,34.7895
4302,6.3689
4363,34.5867
4303,7.4240
4364,35.5256
4304,6.8753
4305,6.3714
4365,36.4304
4366,34.5286
4306,6.3618
4367,35.5066
4307,6.9326
4368,35.1699
4308,6.7425
4369,35.6469
4309,6.3052
4370,34.8900
4310,6.4416
4371,35.8376
4311,6.5776
4372,34.9034
4312,6.6701
4373,36.0178
4313,6.6152
4374,34.9069
4314,6.8204
4375,35.4471
4315,6.6739
4376,36.0559
4316,6.8474
4377,34.4184
4317,6.7164
4378,35.5723
4318,6.3715
4379,34.9233
4319,7.0610
4380,34.7728
4320,6.5848
4321,6.8208
4381,35.9047
4382,34.3872
4322,6.7257
4383,35.3489
4323,6.6618
4384,37.5987
4324,6.2996
4385,34.9689
4325,6.6991
4386,35.4457
4326,6.4011
4387,35.2958
4327,6.5822
4388,35.8568
4328,6.8955
4389,35.8076
4329,6.6577
4330,6.5203
4390,35.7645
4391,34.7542
4331,6.7242
4392,35.7449
4332,6.6634
4393,35.6526
4333,6.3460
4394,34.6848
4334,6.5840
4395,35.2949
4335,6.6397
4336,6.3734
4396,35.4552
4397,34.4540
4337,6.7983
4398,35.9654
4338,6.6720
4399,36.1455
4339,6.5204
4340,6.2827
4400,35.4918
4401,35.0196
4341,6.3553
4402,34.5230
4342,6.7539
4403,36.3998
4343,6.7404
4404,35.8864
4344,6.5674
4405,35.4857
4345,6.6501
4406,34.8328
4346,6.6024
4407,35.4963
4347,6.3725
4408,34.6573
4348,7.2977
4409,35.7220
4349,6.7051
4350,6.6356
4410,36.2675
4411,34.8724
4351,6.5059
4412,34.7148
4352,7.0572
4413,35.7300
4353,6.5712
4354,6.2584
4414,35.5326
4415,34.9604
4355,6.3798
4416,34.3168
4356,6.8298
4417,36.2068
4357,6.3456
4418,34.9599
4358,6.3879
4419,34.3233
4359,6.7751
4420,35.7496
4360,6.3939
4421,35.2612
4361,6.3012
4422,34.9255
4362,6.8881
4423,34.5219
4363,6.5681
4424,35.8508
4364,6.7206
4425,35.1212
4365,6.6510
4366,6.8400
4426,35.8562
4427,34.9336
4367,6.7009
4428,36.1879
4368,6.6113
4429,34.3412
4369,6.6331
4430,35.8220
4370,7.2174
4431,34.9698
4371,6.4989
4432,35.3467
4372,6.2310
4433,34.9362
4373,6.9755
4434,34.9252
4374,6.8400
4375,6.5176
4435,35.6906
4436,34.4048
4376,6.5488
4437,35.7622
4377,6.4325
4438,35.0684
4378,6.7794
4439,35.1814
4379,6.6625
4440,35.8544
4380,7.2319
4441,35.6122
4381,6.8958
4382,6.2104
4442,36.2201
4443,34.8680
4383,6.8013
4444,35.9653
4384,6.5136
4445,35.6537
4385,6.8770
4446,35.7340
4386,6.2611
4447,34.9549
4387,6.6482
4448,35.3550
4388,6.6018
4449,35.7332
4389,6.6428
4450,34.3804
4390,6.7372
4451,35.8626
4391,6.9909
4452,35.7962
4392,6.6529
4393,6.3216
4453,35.8696
4454,35.0946
4394,6.6842
4455,35.2827
4395,6.4862
4456,36.0252
4396,6.4689
4457,35.2190
4397,6.5459
4458,35.8676
4398,6.7132
4399,7.0258
4459,36.4057
4460,34.7219
4400,6.9599
4401,6.1889
4461,36.7846
4462,34.6153
4402,6.6879
4463,35.0820
4403,7.0022
4464,35.9043
4404,6.5141
4465,35.4374
4405,6.7173
4466,35.4895
4406,7.0540
4467,35.6334
4407,6.7445
4408,6.6317
4468,36.2949
4469,34.8630
4409,6.6259
4410,7.0779
4470,35.3847
4471,33.9783
4411,6.8313
4412,6.2482
4472,35.9850
4473,34.9004
4413,7.1254
4474,35.0756
4414,7.1705
4475,36.3484
4415,6.3475
4416,6.6726
4476,35.9180
4477,34.4238
4417,7.0622
4478,35.8348
4418,6.6356
4419,7.0242
4479,35.3041
4480,34.7202
4420,6.9762
4481,36.5507
4421,6.6844
4422,7.1101
4482,36.3089
4483,34.6765
4423,7.2622
4424,6.6972
4484,36.2509
4485,34.8423
4425,7.2486
4486,35.9167
4426,6.8250
4427,6.1398
4487,36.1711
4488,34.9073
4428,6.8252
4489,35.6199
4429,7.1764
4490,36.2405
4430,6.5685
4431,7.0692
4491,35.8494
4492,34.5677
4432,6.7581
4433,7.0678
4493,36.0128
4494,35.2887
4434,6.9847
4435,6.8293
4495,36.3046
4496,35.2205
4436,6.5640
4497,35.8722
4437,6.5798
4498,35.4847
4438,6.2801
4499,35.8644
4439,6.3703
4500,35.5267
4440,6.7574
4501,35.4732
4441,6.4792
4442,7.0492
4502,35.4579
4503,34.5414
4443,7.1158
4504,36.3660
4444,6.2155
4505,35.3808
4445,7.2689
4506,35.7395
4446,6.9304
4447,6.9500
4507,36.3689
4508,35.0635
4448,6.9567
4449,6.4002
4509,36.4249
4450,6.9403
4510,35.3178
4511,35.2635
4451,6.6297
4512,36.5125
4452,6.7732
4513,35.6587
4453,7.0126
4514,35.5271
4454,6.4105
4455,7.0555
4515,36.2523
4516,34.9761
4456,6.9514
4457,6.9020
4517,35.6161
4518,34.9295
4458,6.5279
4519,35.5975
4459,6.8275
4520,34.5430
4460,6.6752
4461,6.5057
4521,36.1982
4522,35.0117
4462,7.0151
4523,36.2195
4463,6.3834
4464,6.8965
4524,36.3117
4525,34.9424
4465,6.6625
4466,7.0768
4526,36.3385
4527,35.4112
4467,7.0845
4468,6.4013
4528,36.5131
4529,35.2043
4469,6.6200
4530,35.0390
4470,6.5990
4531,35.6792
4471,6.8226
4532,34.7629
4472,6.9024
4533,35.9267
4473,6.2871
4534,35.8023
4474,7.2041
4535,35.6252
4475,7.1101
4536,36.0108
4476,6.4799
4537,34.9690
4477,6.4091
4538,35.5525
4478,6.3770
4539,34.6834
4479,7.1299
4540,35.9382
4480,6.8318
4541,35.3313
4481,6.2363
4542,35.0856
4482,6.8543
4543,35.2465
4483,6.9359
4544,36.0641
4484,6.3005
4545,35.4334
4485,7.0004
4546,35.6770
4486,6.6992
4547,35.2595
4487,6.2721
4548,35.3524
4488,7.2054
4549,36.5978
4489,6.8666
4550,35.3710
4490,6.8135
4551,35.7039
4491,6.4451
4492,6.4691
4552,35.1584
4553,34.2481
4493,7.0208
4554,35.3481
4494,6.6799
4495,6.5811
4555,35.9583
4556,35.2189
4496,6.9022
4557,35.0908
4497,6.5869
4558,35.8987
4498,7.2608
4559,35.1167
4499,6.8561
4560,36.2282
4500,7.0505
4561,34.9110
4501,6.7904
4562,35.7210
4502,7.0642
4563,35.4209
4503,6.8662
4504,7.0839
4564,35.7091
4565,35.0755
4505,6.7862
4506,6.6519
4566,36.1496
4567,35.2295
4507,7.0048
4568,35.6288
4508,6.6418
4509,6.7660
4569,36.9298
4570,34.7088
4510,6.5093
4571,35.6049
4511,6.9662
4572,35.5920
4512,6.9063
4513,6.2121
4573,36.1966
4574,34.7275
4514,7.2353
4575,35.4689
4515,6.8814
4516,6.1428
4576,36.4508
4517,6.5602
4577,34.6638
4578,35.2343
4518,6.9028
4579,35.7384
4519,6.8494
4580,35.5898
4520,6.9363
4581,35.8652
4521,6.9755
4582,35.0976
4522,6.7445
4583,35.5311
4523,6.5032
4584,35.6421
4524,6.8855
4585,34.7149
4525,6.8048
4586,36.0136
4526,6.6275
4587,35.5885
4527,6.8906
4588,36.5549
4528,6.7347
4529,6.2590
4589,35.8578
4590,34.8068
4530,6.7324
4591,35.6808
4531,6.2365
4592,35.5526
4532,7.0014
4593,35.9799
4533,6.7609
4594,35.8638
4534,6.3040
4595,34.9536
4535,6.9058
4596,34.8353
4536,6.5751
4537,6.2574
4597,36.5900
4598,34.9344
4538,6.3166
4599,34.9475
4539,7.2694
4600,35.3637
4540,6.8988
4541,6.2104
4601,37.0187
4602,34.3589
4542,6.5711
4603,35.1534
4543,6.6339
4604,35.8502
4544,6.6153
4605,35.5510
4545,6.6425
4546,6.9367
4606,35.9746
4607,35.0486
4547,6.7756
4608,35.4630
4548,6.4193
4609,35.5290
4549,6.6485
4610,35.3606
4550,6.7115
4611,36.0541
4551,6.3781
4612,35.3210
4552,6.8152
4613,35.1641
4553,6.6527
4614,35.8352
4554,6.6870
4615,35.4488
4555,6.5134
4616,35.5457
4556,6.4171
4617,35.0043
4557,6.5805
4618,35.1658
4558,6.7733
4619,35.8859
4559,6.6012
4560,6.3162
4620,36.0960
4621,34.1768
4561,6.7345
4622,35.3312
4562,6.5941
4623,35.4349
4563,6.6366
4564,6.7238
4624,35.9542
4625,35.0259
4565,6.6388
4626,35.2406
4566,6.7477
4627,36.1726
4567,6.5675
4568,6.6292
4628,35.7082
4629,35.3544
4569,6.9096
4630,36.2875
4570,6.5245
4631,35.3171
4571,6.6490
4632,35.2343
4572,6.4295
4633,36.2068
4573,6.5077
4634,34.9132
4574,6.8261
4635,35.3726
4575,6.6690
4576,6.8121
4636,36.4366
4637,34.3135
4577,6.7663
4578,6.4286
4638,35.6595
4579,6.6800
4639,36.7384
4640,34.7695
4580,6.5333
4641,35.7415
4581,6.6870
4642,34.8741
4582,7.3206
4643,36.1364
4583,6.7424
4584,6.2026
4644,35.8786
4645,34.6482
4585,6.3083
4646,34.5974
4586,6.6103
4647,35.0055
4587,7.1545
4648,36.0097
4588,7.1037
4589,6.4549
4649,36.0476
4650,34.1264
4590,6.7707
4651,35.8912
4591,6.3597
4652,35.2069
4592,7.1796
4653,35.4178
4593,6.6336
4654,36.2300
4594,6.8226
4655,36.1623
4595,6.5802
4656,35.9549
4596,6.5626
4657,34.7364
4597,6.7883
4658,36.4876
4598,6.3508
4659,35.2763
4599,6.6837
4660,35.4267
4600,6.6708
4661,35.9169
4601,6.9839
4662,35.5977
4602,6.7278
4663,35.7026
4603,6.3199
4664,34.8454
4604,6.5195
4665,35.0566
4605,7.0125
4666,35.7440
4606,6.5686
4667,35.1364
4607,6.5591
4668,34.8240
4608,6.7980
4669,36.2590
4609,6.2889
4670,35.0682
4610,6.3191
4671,35.1991
4611,6.4952
4672,35.7170
4612,6.7427
4673,36.1194
4613,6.6019
4674,35.4274
4614,6.5804
4675,34.7818
4615,6.8731
4676,37.1311
4616,6.3059
4677,34.6294
4617,7.1728
4678,35.2380
4618,6.7896
4679,35.9261
4619,6.5748
4680,35.2024
4620,6.7002
4681,35.5269
4621,6.5408
4682,37.4771
4622,6.5252
4683,34.8700
4623,6.6863
4624,6.3007
4684,35.6419
4685,34.4134
4625,7.9635
4686,36.6564
4626,6.6419
4687,35.4898
4627,6.3290
4688,35.5390
4628,6.5284
4689,35.0153
4629,6.5915
4690,35.2722
4630,6.9171
4691,35.7509
4631,7.2410
4692,35.5792
4632,7.0932
4693,35.1950
4633,6.3730
4694,34.7885
4634,6.7446
4695,35.3841
4635,7.4230
4696,34.7013
4636,6.5918
4697,36.2351
4637,7.1240
4698,35.2402
4638,6.8354
4639,6.8674
4699,35.5482
4700,35.1438
4640,7.2362
4701,36.3482
4641,6.8332
4702,34.8531
4642,7.1115
4703,36.2235
4643,6.7722
4704,35.3572
4644,6.7542
4705,35.6000
4645,7.0034
4706,35.0284
4646,6.3296
4707,35.5766
4647,6.5323
4708,34.7455
4648,6.9484
4709,36.0280
4649,6.7001
4710,36.0235
4650,6.1882
4711,35.5825
4651,6.6618
4712,34.5533
4652,6.6291
4653,6.8132
4713,35.6026
4714,35.2227
4654,6.8550
4715,35.7983
4655,6.8421
4716,35.0848
4656,6.8565
4717,36.2050
4657,7.0533
4718,34.9767
4658,6.9383
4659,6.4562
4719,36.3851
4720,34.4296
4660,6.5387
4721,37.5609
4661,6.3583
4722,34.4207
4662,6.6268
4723,35.7090
4663,6.5901
4724,35.2262
4664,6.5458
4725,34.8742
4665,7.0576
4726,36.1118
4666,6.8887
4727,35.8733
4667,6.6892
4728,35.0770
4668,6.5451
4729,36.2170
4669,6.7806
4730,34.8382
4670,6.6610
4671,6.8248
4731,36.2502
4732,34.3959
4672,6.8494
4733,35.6580
4673,6.6415
4734,35.4035
4674,7.0478
4735,35.7753
4675,6.5342
4736,36.0992
4676,6.6394
4737,36.3696
4677,6.8181
4678,6.4198
4738,36.0986
4739,35.6175
4679,6.5218
4740,35.0457
4680,7.0172
4741,35.9228
4681,6.4534
4742,34.6841
4682,7.0639
4743,36.0606
4683,6.9655
4684,6.7197
4744,36.0992
4745,34.9604
4685,7.3020
4746,35.8766
4686,6.9569
4747,35.2420
4687,6.4670
4688,6.5632
4748,36.1646
4749,36.9999
4689,6.8070
4750,35.6180
4690,6.3502
4751,35.7827
4691,6.8756
4752,34.5739
4692,6.8951
4753,35.9668
4693,7.1512
4754,35.8621
4694,6.9138
4695,6.2888
4755,36.8159
4696,6.5758
4756,34.4923
4757,34.5311
4697,7.0722
4758,35.7702
4698,6.4471
4759,35.3920
4699,6.8967
4760,36.0096
4700,7.3293
4701,7.0960
4761,37.0784
4762,34.6277
4702,6.9188
4703,6.4633
4763,36.4021
4764,34.8328
4704,6.8232
4765,35.4996
4705,7.0709
4766,35.7832
4706,6.5793
4767,37.0340
4707,6.5008
4768,34.4150
4708,6.6779
4769,35.6574
4709,6.7096
4770,34.9316
4710,6.9817
4711,6.7197
4771,36.2206
4772,35.0604
4712,6.8600
4773,35.7384
4713,6.6679
4774,35.0198
4714,6.7422
4775,35.8668
4715,6.5420
4776,35.0544
4716,6.7693
4777,35.6286
4717,7.2997
4778,36.3195
4718,6.7273
4779,36.1020
4719,6.4758
4780,34.7593
4720,6.8437
4781,35.4637
4721,6.8881
4782,34.7544
4722,7.1165
4783,35.4191
4723,6.5520
4724,6.4701
4784,35.5924
4785,34.6647
4725,7.2163
4786,36.1070
4726,6.4435
4787,35.5625
4727,6.5727
4788,36.0136
4728,6.5728
4789,35.8599
4729,6.1791
4790,35.6497
4730,7.4033
4791,35.1266
4731,6.7401
4792,35.3273
4732,7.0370
4793,34.8886
4733,6.8420
4794,35.9481
4734,6.7981
4795,34.5177
4735,7.0102
4736,6.8230
4796,36.1028
4797,34.8634
4737,6.9642
4798,35.7121
4738,6.5181
4799,35.4386
4739,6.5024
4800,35.2288
4740,6.9307
4801,36.0623
4741,6.3723
4802,34.8276
4742,6.8102
4743,6.4007
4803,36.4833
4804,34.0461
4744,6.8726
4805,36.4433
4745,6.4650
4746,7.0618
4806,35.7907
4807,35.6389
4747,6.5940
4808,36.2645
4748,6.6876
4809,34.8470
4749,7.0217
4750,6.3920
4810,36.8091
4811,34.7100
4751,7.2860
4812,35.6454
4752,6.9180
4813,36.9128
4753,6.3536
4814,35.0617
4754,6.6692
4815,34.8578
4755,6.9170
4756,6.6147
4816,35.7908
4817,35.3769
4757,7.1239
4818,36.8601
4758,6.2940
4759,6.8586
4819,35.6681
4820,34.6578
4760,6.9324
4821,35.8443
4761,6.8470
4822,34.5127
4762,7.5730
4823,35.5705
4763,6.7265
4824,35.8573
4764,6.6467
4825,35.3398
4765,6.6170
4826,35.1184
4766,6.8637
4827,36.1422
4767,6.6153
4828,35.4166
4768,6.9138
4829,35.0065
4769,6.7775
4830,36.6681
4770,6.6596
4831,35.3188
4771,6.6654
4832,34.9662
4772,7.0880
4833,35.9977
4773,6.1475
4834,35.3975
4774,7.0414
4835,35.3369
4775,6.5425
4836,35.6009
4776,6.3306
4837,35.2221
4777,6.9245
4838,35.9120
4778,6.7465
4839,35.8797
4779,6.2214
4840,35.1444
4780,6.8032
4841,35.2419
4781,6.7914
4842,35.1133
4782,6.6863
4783,6.1698
4843,35.8265
4784,7.2865
4844,35.3464
4845,35.3864
4785,6.9557
4846,36.0012
4786,6.2277
4847,35.3562
4787,7.0298
4788,6.5441
4848,37.8148
4849,34.4978
4789,6.5164
4850,35.8269
4790,7.3859
4851,35.7101
4791,6.5467
4792,6.7567
4852,35.8569
4853,35.3633
4793,6.7221
4794,6.3513
4854,35.5998
4855,34.3964
4795,6.6360
4856,35.9917
4796,6.8542
4857,34.6198
4797,6.9540
4858,35.3118
4798,6.8479
4859,34.8108
4799,7.0602
4860,35.6938
4800,6.6699
4861,35.7965
4801,6.7646
4862,35.3165
4802,7.0110
4863,35.7413
4803,6.6305
4864,34.8211
4804,7.1918
4865,35.5592
4805,6.4852
4806,6.2173
4866,37.1956
4867,34.2064
4807,6.8812
4868,35.2406
4808,6.7358
4809,6.6090
4869,36.0953
4870,34.9577
4810,7.1513
4871,35.7694
4811,6.7394
4812,6.6641
4872,35.9745
4873,34.3837
4813,6.9337
4874,35.7064
4814,6.5566
4875,35.3013
4815,6.6227
4876,35.6292
4816,7.1304
4877,35.3333
4817,6.5575
4878,36.2989
4818,6.3728
4879,34.3747
4819,6.7930
4880,35.7217
4820,6.8189
4881,36.3888
4821,6.4850
4882,35.1537
4822,6.6677
4883,36.0427
4823,6.7681
4884,34.5035
4824,6.7863
4825,6.8281
4885,35.6065
4886,34.7188
4826,6.9909
4887,36.3232
4827,7.2222
4888,35.1035
4828,6.6452
4889,35.6250
4829,6.7001
4890,35.4773
4830,6.9439
4891,35.5407
4831,6.5611
4892,34.5883
4832,6.4588
4893,34.6706
4833,6.9079
4894,36.1469
4834,6.4218
4895,34.9842
4835,6.9944
4896,35.0903
4836,6.8485
4897,35.9404
4837,6.9160
4898,34.8907
4838,6.5638
4899,35.9365
4839,6.2058
4900,34.5258
4840,6.8257
4901,35.5191
4841,6.9025
4902,35.9506
4842,6.2924
4903,35.1915
4843,7.1041
4904,35.7265
4844,6.8981
4905,36.1528
4845,6.6409
4906,34.8824
4846,6.8749
4907,35.8035
4847,6.7714
4908,35.7939
4848,6.9430
4909,34.4322
4849,6.8139
4850,6.5205
4910,36.0926
4911,34.3654
4851,6.6539
4852,6.1687
4912,35.6000
4913,34.4731
4853,7.0357
4914,35.4534
4854,6.9004
4915,35.7347
4855,6.1980
4916,34.7708
4856,7.0862
4917,34.6567
4857,6.4595
4918,36.3942
4858,6.6597
4919,35.5649
4859,6.8384
4860,6.5857
4920,35.8875
4921,35.5895
4861,6.3486
4922,35.6531
4862,6.5502
4923,35.5489
4863,6.6333
4924,34.7214
4864,6.9022
4925,35.7912
4865,6.5674
4926,35.2014
4866,6.4604
4927,34.7793
4867,7.1611
4928,35.9667
4868,6.3738
4929,36.0092
4869,6.5266
4930,34.8568
4870,6.4525
4931,35.7879
4871,7.0260
4932,35.8822
4872,6.8825
4873,6.4614
4933,38.4364
4934,35.0839
4874,6.8022
4935,35.0637
4875,7.1345
4936,36.8046
4876,6.3120
4937,34.8468
4877,6.7991
4938,36.0512
4878,6.8158
4939,34.8917
4879,6.6211
4940,36.2509
4880,6.6343
4941,35.4144
4881,6.8204
4942,34.9238
4882,7.0218
4943,36.3328
4883,6.9168
4944,35.6707
4884,6.6171
4945,35.1833
4885,7.0704
4946,35.8282
4886,6.4972
4947,34.8278
4887,7.0466
4948,34.8406
4888,6.9799
4889,6.2505
4949,36.3744
4950,34.8103
4890,7.0523
4951,35.6309
4891,6.5991
4892,6.7497
4952,35.7077
4953,35.6443
4893,6.6691
4954,35.1463
4894,6.7133
4955,35.2400
4895,6.9627
4956,35.2936
4896,6.7960
4957,35.5273
4897,6.7262
4958,35.8868
4898,6.4721
4959,36.0394
4899,6.4825
4960,34.6393
4900,7.1222
4961,36.2072
4901,6.9321
4962,34.7468
4902,6.7098
4963,35.6190
4903,6.4970
4964,35.4214
4904,6.8117
4965,36.1065
4905,6.6248
4966,35.1403
4906,6.6061
4967,35.5347
4907,6.5155
4968,35.8012
4908,6.8301
4969,35.1780
4909,7.2099
4970,35.9398
4910,6.5256
4971,35.9750
4911,6.6806
4972,35.7530
4912,6.6239
4973,35.8294
4913,7.0969
4974,35.6302
4914,6.6902
4915,6.3561
4975,35.9426
4976,34.6753
4916,6.6387
4977,35.7236
4917,6.8618
4978,35.8866
4918,6.5140
4979,35.0181
4919,6.9450
4980,34.2638
4920,6.7811
4921,6.7757
4981,36.3313
4982,34.9693
4922,6.4534
4923,6.6399
4983,35.8826
4984,34.9482
4924,6.9558
4985,35.6398
4925,6.8077
4986,36.2509
4926,6.6040
4987,35.3395
4927,7.2406
4988,35.8863
4928,7.0274
4929,6.6841
4989,37.5214
4990,34.5790
4930,6.5185
4991,35.2869
4931,6.2713
4992,36.1229
4932,6.9008
4993,35.2065
4933,6.6114
4994,35.8209
4934,7.0418
4995,34.8053
4935,6.8853
4996,35.8754
4936,6.4853
4997,35.1380
4937,6.2685
4998,35.2090
4938,6.2349
4999,34.8193
4939,7.1781
5000,35.6081
4940,7.0653
4941,6.2263
5001,36.6487
5002,34.6304
4942,6.4369
5003,35.3503
4943,7.1586
5004,36.7201
4944,6.5508
4945,6.5308
5005,36.0228
5006,35.1671
4946,6.5983
5007,35.2603
4947,6.3577
5008,34.9927
4948,7.1075
5009,35.6126
4949,7.3486
5010,35.6805
4950,6.8719
4951,6.4803
5011,36.2210
5012,34.8769
4952,6.8596
5013,34.7628
4953,6.8558
5014,35.7748
4954,6.7181
4955,6.6950
5015,35.8575
5016,34.9014
4956,6.9485
5017,35.4779
4957,6.7873
5018,35.1332
4958,6.6390
5019,34.6456
4959,6.8882
5020,35.0405
4960,6.6485
5021,35.6443
4961,6.9574
5022,35.6812
4962,7.1869
5023,35.3927
4963,6.9247
5024,35.4697
4964,6.7127
5025,35.5488
4965,6.9771
4966,6.4965
5026,36.9144
5027,34.7622
4967,7.2526
5028,35.7339
4968,6.9378
5029,35.4830
4969,6.1794
5030,34.5430
4970,6.8570
5031,35.1020
4971,6.6041
4972,6.5861
5032,37.7207
5033,36.5799
4973,6.3417
5034,35.9984
4974,6.4532
4975,6.5874
5035,36.5519
5036,36.7615
4976,6.7257
5037,37.2226
4977,6.7661
5038,36.9303
4978,6.4818
5039,36.1730
4979,7.3381
5040,37.0709
4980,7.0244
4981,6.5898
5041,36.5590
5042,36.4571
4982,6.6740
4983,6.5017
5043,36.8923
4984,7.0426
5044,36.3493
5045,36.4730
4985,7.1675
4986,6.5341
5046,38.2013
4987,6.4641
5047,35.9497
4988,6.5357
5048,36.3633
5049,36.3087
4989,6.9988
4990,6.3344
5050,36.9268
5051,34.8786
4991,7.2352
5052,35.7529
4992,7.0367
4993,6.4401
5053,37.5721
5054,34.7057
4994,7.2433
5055,35.7794
4995,7.3936
5056,35.6058
4996,6.5894
5057,36.5775
4997,6.8218
5058,35.0304
4998,7.2314
5059,35.4803
4999,7.4069
5060,36.3430
5000,6.5313
5061,34.8565
5001,6.9075
5062,35.1422
5002,7.2918
5063,36.0077
5003,6.9796
5004,6.7907
5064,36.6180
5065,35.7659
5005,6.8397
5066,35.9049
5006,6.9365
5067,35.5604
5007,7.0812
5008,7.1353
5068,35.7135
5069,34.9913
5009,7.1499
5010,6.6886
5070,36.3731
5071,34.8905
5011,7.2354
5012,6.4476
5072,36.1980
5073,34.7982
5013,7.2680
5074,36.2916
5014,7.2095
5075,35.7023
5015,7.2250
5076,35.7744
5016,7.5938
5077,35.1588
5017,7.1992
5078,36.6649
5018,7.0895
5079,35.0972
5019,7.2283
5080,34.7585
5020,7.3438
5081,36.3142
5021,6.9549
5082,35.1376
5022,7.2573
5023,6.8879
5083,35.9553
5084,35.1017
5024,7.2141
5085,35.4774
5025,6.8428
5086,35.3532
5026,6.6882
5087,35.3766
5027,7.0487
5088,35.9685
5028,7.1681
5089,36.4885
5029,7.1579
5090,35.2440
5030,7.0229
5031,6.6853
5091,35.9156
5092,35.1323
5032,6.5136
5093,35.2838
5033,6.5108
5034,6.5536
5094,35.9071
5095,34.4863
5035,7.3200
5096,36.1617
5036,6.4532
5097,35.9738
5037,6.7512
5098,34.6485
5038,6.7761
5099,35.2310
5039,6.9686
5100,35.6782
5040,6.7258
5101,35.0658
5041,6.8833
5102,35.7149
5042,6.6691
5103,35.2422
5043,7.4448
5044,6.5324
5104,36.5931
5105,34.7327
5045,6.5395
5106,35.6554
5046,6.8423
5107,36.1343
5047,7.0512
5108,35.6894
5048,7.4985
5109,35.2567
5049,7.0069
5050,6.7274
5110,36.8656
5111,34.4912
5051,7.3113
5112,35.5626
5052,6.8490
5113,36.3949
5053,6.7119
5114,34.6083
5054,6.7878
5055,6.3583
5115,35.6480
5116,34.6448
5056,6.9623
5117,36.0167
5057,7.0148
5118,35.7642
5058,6.6496
5119,34.9126
5059,7.5775
5120,35.9515
5060,7.0836
5061,6.4216
5121,36.0974
5122,34.8197
5062,6.6594
5123,34.6618
5063,6.3057
5124,34.9442
5064,6.6203
5125,35.4505
5065,7.0429
5126,36.0986
5066,6.6988
5127,34.6892
5067,7.2008
5128,35.8744
5068,6.4233
5069,6.8292
5129,35.6790
5130,35.2054
5070,6.9469
5071,6.7532
5131,36.4172
5072,7.1214
5132,35.8356
5133,35.2765
5073,6.9495
5074,7.0687
5134,35.8777
5135,36.2376
5075,6.7927
5136,35.0656
5076,6.8411
5137,35.9779
5077,7.3212
5138,34.8355
5078,7.1316
5079,6.5219
5139,37.0008
5140,36.1755
5080,6.7397
5141,36.2585
5081,6.6111
5142,35.8265
5082,6.6590
5083,6.2532
5143,36.5254
5144,35.3822
5084,6.5756
5145,36.1238
5085,7.2397
5146,37.6454
5086,6.2488
5147,36.2360
5087,6.8435
5148,35.6526
5088,7.6438
5089,6.6921
5149,36.3102
5150,36.2911
5090,6.8236
5091,6.1917
5151,36.3486
5152,35.4716
5092,6.9827
5153,37.0865
5093,6.1188
5094,6.0230
5154,36.2390
5095,5.9669
5155,35.5561
5156,35.4525
5096,6.2393
5097,6.4811
5157,36.8732
5158,35.2048
5098,6.4113
5099,6.4744
5159,36.8023
5160,35.1132
5100,6.3343
5101,6.1097
5161,36.3340
5162,35.4821
5102,6.2509
5163,36.3724
5103,6.8576
5164,36.4810
5104,6.5721
5105,6.3724
5165,36.4477
5166,35.6575
5106,6.5230
5167,35.9984
5107,6.9526
5108,6.2395
5168,37.0180
5169,35.2626
5109,6.9386
5170,36.6168
5110,6.6135
5171,35.8248
5111,6.2803
5172,35.6724
5112,6.3520
5173,35.7458
5113,6.3596
5114,6.3068
5174,35.2827
5175,35.7189
5115,6.2161
5116,6.3038
5176,36.6473
5177,36.0394
5117,6.0797
5178,36.5358
5118,6.5286
5179,35.2260
5119,6.5438
5180,36.6594
5120,6.6876
5121,6.5524
5181,36.8191
5182,35.4363
5122,6.6558
5123,6.0382
5183,35.7226
5184,35.3524
5124,6.7849
5125,6.3167
5185,36.0318
5186,35.6690
5126,6.9839
5187,36.5362
5127,6.5428
5188,35.9869
5128,6.0257
5189,35.0808
5129,6.5364
5190,37.1294
5130,6.5635
5131,6.0250
5191,36.5372
5192,35.2930
5132,6.5321
5193,36.4675
5133,6.3339
5134,6.2859
5194,36.7358
5195,35.5247
5135,6.8835
5136,6.2942
5196,37.0853
5197,35.1300
5137,6.2246
5198,36.2460
5138,6.4295
5199,34.9549
5139,6.2956
5200,35.9037
5140,6.9618
5141,6.1872
5201,36.1904
5202,34.8868
5142,6.2404
5203,36.3519
5143,6.8311
5204,36.6318
5144,6.3566
5205,35.2372
5145,6.9811
5146,7.4498
5206,37.0469
5207,35.7943
5147,6.4349
5208,36.1300
5148,6.0032
5209,35.4600
5149,6.3927
5210,35.6389
5150,6.4578
5211,36.0655
5151,6.6527
5152,6.0609
5212,36.1749
5213,35.5886
5153,6.3039
5214,36.5383
5154,6.9200
5155,6.2671
5215,36.7268
5156,6.1032
5216,36.2258
5217,35.2596
5157,6.1354
5218,35.7346
5158,6.0214
5219,36.0699
5159,6.3634
5220,36.9091
5160,6.4675
5221,36.0171
5161,6.4570
5222,35.4507
5162,6.4251
5163,6.1386
5223,37.1782
5224,34.5806
5164,6.2878
5165,6.0804
5225,35.1696
5226,34.6885
5166,6.1186
5227,35.0095
5167,6.5925
5228,36.5259
5168,6.3365
5229,34.1867
5169,6.2598
5230,35.3179
5170,6.7831
5171,6.4179
5231,36.2782
5172,6.2318
5232,35.8451
5233,34.6311
5173,6.2820
5234,34.5628
5174,6.2084
5175,5.9538
5235,36.1934
5236,34.9129
5176,5.9822
5237,35.6279
5177,6.8036
5238,36.3128
5178,6.5898
5239,35.4642
5179,6.5343
5240,35.2884
5180,6.6230
5241,35.0091
5181,6.4748
5242,35.5282
5182,6.2401
5243,35.5121
5183,6.1890
5244,35.0922
5184,6.2498
5245,35.4124
5185,6.3192
5246,34.6375
5186,6.2981
5247,37.5411
5187,6.4168
5248,35.2819
5188,6.2935
5249,35.5692
5189,6.1574
5250,35.1499
5190,6.2163
5191,6.1048
5251,35.2967
5252,35.1623
5192,6.6847
5253,35.3305
5193,6.4414
5194,6.0470
5254,36.7151
5255,35.3764
5195,6.5216
5256,36.3368
5196,6.4386
5257,34.8603
5197,6.2382
5258,35.1693
5198,6.1879
5259,34.9230
5199,6.2075
5260,34.9755
5200,6.4686
5201,5.9180
5261,36.2067
5262,35.0441
5202,6.5682
5263,35.7919
5203,6.6845
5204,6.1924
5264,36.4505
5265,35.1854
5205,6.0409
5266,35.4960
5206,6.8644
5267,36.1960
5207,6.2903
5268,35.0639
5208,6.1020
5269,34.8677
5209,6.4776
5270,36.1070
5210,6.5201
5271,35.4950
5211,6.2598
5272,34.3447
5212,6.4176
5273,35.8829
5213,6.2704
5274,34.6143
5214,6.1152
5275,35.0685
5215,6.5436
5276,35.6045
5216,6.2223
5277,35.0319
5217,6.3339
5278,35.8703
5218,6.3475
5279,35.3115
5219,6.8118
5220,5.9599
5280,36.4912
5281,34.4221
5221,6.0889
5282,35.5850
5222,6.6967
5283,36.4260
5223,6.4546
5224,6.3488
5284,35.8931
5285,35.1920
5225,6.2995
5286,35.5425
5226,7.1299
5287,37.0946
5227,6.2033
5288,34.9927
5228,6.5771
5289,35.1440
5229,6.6771
5230,6.1049
5290,36.7140
5291,35.2733
5231,6.8944
5292,35.8786
5232,6.6002
5233,6.2540
5293,35.9755
5234,6.0003
5294,39.6021
5235,6.4103
5295,35.8737
5296,34.4773
5236,6.3456
5297,34.8853
5237,6.2695
5298,35.7650
5238,5.9837
5299,35.3028
5239,6.7534
5300,35.4836
5240,6.2535
5241,6.5613
5301,35.6617
5302,35.1329
5242,6.5106
5243,6.2677
5303,36.1037
5304,35.2444
5244,6.2567
5305,35.1352
5245,6.1350
5306,35.2214
5246,6.5459
5247,6.0211
5307,36.4374
5308,35.1868
5248,6.3445
5309,35.1063
5249,6.5411
5310,36.2710
5250,6.4177
5311,34.9031
5251,5.9726
5312,34.9475
5252,6.1239
5313,35.2000
5253,6.0315
5314,35.2938
5254,6.7425
5255,5.9789
5315,36.1328
5316,35.0949
5256,6.1855
5317,35.0412
5257,6.5550
5258,6.3144
5318,35.9826
5319,34.5286
5259,6.0917
5320,35.6339
5260,6.1924
5261,6.0798
5321,35.8487
5322,35.0312
5262,6.1992
5263,6.2994
5323,36.3225
5324,35.2198
5264,6.2482
5325,35.2650
5265,6.5735
5266,6.3529
5326,36.0253
5327,35.3511
5267,6.6209
5328,35.7645
5268,6.3165
5329,34.6079
5269,5.9877
5330,35.7537
5270,6.1874
5331,35.6588
5271,6.5574
5332,34.5912
5272,6.2964
5273,5.8737
5333,35.8292
5334,34.4690
5274,6.7972
5335,35.6991
5275,6.5659
5276,6.1082
5336,35.4378
5337,34.5949
5277,6.7073
5338,35.9490
5278,6.4190
5339,35.7461
5279,6.2913
5340,34.9502
5280,6.4815
5341,36.3695
5281,6.4529
5342,34.4945
5282,6.4448
5343,36.0754
5283,6.1890
5344,35.2767
5284,6.5650
5345,35.8188
5285,6.1579
5346,35.9790
5286,6.4739
5347,35.6866
5287,6.2513
5348,35.4284
5288,6.0178
5349,35.3652
5289,6.1871
5350,35.6714
5290,5.9622
5351,35.6775
5291,6.4834
5352,35.6166
5292,6.6084
5293,6.0236
5353,35.4726
5354,34.7646
5294,6.0393
5355,35.9110
5295,6.6714
5356,34.9083
5296,6.2610
5357,37.0326
5297,6.8102
5298,6.1461
5358,36.3387
5359,35.2122
5299,6.4415
5300,6.4203
5360,35.5566
5361,34.5007
5301,5.9647
5362,34.9915
5302,6.2584
5363,35.1836
5303,6.9628
5364,35.2415
5304,6.5812
5365,36.5984
5305,6.7297
5306,6.2347
5366,36.1353
5367,35.1279
5307,6.3540
5368,34.7408
5308,6.4451
5369,35.0039
5309,6.3257
5370,34.7715
5310,6.3527
5371,35.4933
5311,6.3388
5372,35.4424
5312,6.3276
5373,36.2367
5313,6.3240
5374,35.8442
5314,6.1327
5375,34.6600
5315,5.8683
5376,34.9917
5316,6.4427
5377,35.4401
5317,6.4334
5378,35.1974
5318,6.3238
5379,35.0706
5319,6.5175
5380,35.4600
5320,6.2746
5381,36.1700
5321,6.6276
5322,6.4616
5382,36.4448
5383,34.6086
5323,5.9643
5384,34.9074
5324,6.3327
5385,35.9485
5325,6.2770
5386,34.7704
5326,6.7008
5327,5.9659
5387,36.1950
5388,34.3172
5328,6.3134
5389,34.8725
5329,6.4774
5330,6.1848
5390,36.0271
5391,34.4571
5331,7.5047
5392,36.2601
5332,7.7576
5393,35.7542
5333,7.8227
5394,38.1673
5334,7.6741
5395,35.1847
5335,7.6772
5396,36.2991
5336,7.5205
5397,34.8261
5337,7.7938
5398,35.6946
5338,7.7754
5399,35.7655
5339,7.7774
5400,37.2554
5340,7.8714
5341,7.5825
5401,36.2751
5402,34.9808
5342,7.8196
5403,36.1984
5343,7.5938
5404,35.2001
5344,7.7402
5405,36.8048
5345,7.7634
5406,36.4992
5346,7.8662
5347,7.6652
5407,36.3609
5408,36.1028
5348,7.6387
5349,7.6687
5409,36.1188
5410,34.8019
5350,7.6227
5411,35.8661
5351,7.7848
5412,35.2448
5352,7.9584
5353,7.7409
5413,37.5453
5414,35.9105
5354,7.7570
5355,7.6702
5415,36.0590
5416,34.8741
5356,7.8433
5417,36.0810
5357,8.0771
5418,36.2323
5358,7.8973
5419,36.3088
5359,7.7508
5420,35.8368
5360,7.7108
5421,35.8193
5361,7.7672
5422,35.5690
5362,7.7741
5423,35.5824
5363,7.8180
5424,36.2138
5364,7.8332
5365,7.7068
5425,36.3973
5426,35.5182
5366,7.7025
5427,35.4312
5367,7.6547
5428,36.1184
5368,7.7710
5429,35.9939
5369,7.8088
5370,7.8691
5430,36.2567
5431,35.0052
5371,7.6848
5432,35.8007
5372,7.7120
5433,35.2321
5373,7.6699
5374,7.6943
5434,36.7465
5435,35.2207
5375,8.0380
5436,37.5019
5376,7.6485
5437,35.7157
5377,7.8414
5378,7.7048
5438,36.6237
5439,34.5597
5379,7.7091
5440,35.6049
5380,7.6923
5441,35.4220
5381,8.0201
5442,36.7116
5382,7.7244
5383,7.6851
5443,36.2328
5444,36.0661
5384,7.7276
5445,36.5526
5385,7.7012
5446,35.4218
5386,7.7903
5447,36.4585
5387,7.6668
5448,36.2011
5388,7.6919
5449,36.6948
5389,7.6847
5450,35.3819
5390,7.7033
5451,35.0495
5391,7.7288
5452,36.0184
5392,7.7730
5453,35.5963
5393,7.7566
5454,35.4869
5394,7.6778
5455,35.8482
5395,7.7900
5396,7.6980
5456,36.7261
5457,35.6334
5397,7.9358
5398,7.6537
5458,37.1843
5459,35.3250
5399,7.7273
5460,35.7254
5400,7.9011
5401,7.5343
5461,36.3538
5462,35.2820
5402,7.8088
5463,36.7789
5403,7.6003
5464,35.7826
5404,7.7365
5405,7.6119
5465,36.1758
5466,35.5967
5406,7.9045
5407,7.6179
5467,36.7779
5468,35.0492
5408,7.8514
5409,7.5503
5469,36.9270
5470,35.2226
5410,7.5867
5471,36.2568
5411,7.6748
5472,36.0571
5412,7.5587
5473,36.1372
5413,7.6741
5474,35.5397
5414,7.8888
5475,36.8992
5415,7.8615
5416,7.5769
5476,36.3587
5477,34.9388
5417,7.5408
5478,34.5420
5418,8.1142
5479,36.5055
5419,7.7776
5480,36.1542
5420,7.6619
5481,36.5122
5421,7.6193
5482,35.4223
5422,7.6893
5483,36.0072
5423,7.6144
5484,35.5479
5424,7.7854
5485,36.0136
5425,7.5129
5486,34.8197
5426,7.8399
5487,35.5760
5427,7.6389
5488,35.2733
5428,7.9320
5489,36.4023
5429,7.8512
5430,7.5380
5490,36.0819
5491,34.7427
5431,7.7166
5492,36.0479
5432,7.9919
5433,7.6205
5493,37.2120
5434,7.6428
5494,41.5065
5495,35.3913
5435,7.6724
5496,35.8878
5436,7.5684
5497,35.3842
5437,7.7709
5498,35.8274
5438,7.6966
5499,36.4388
5439,7.6741
5500,35.5703
5440,7.6829
5501,35.9201
5441,7.5996
5502,36.8225
5442,7.5708
5503,35.1104
5443,7.7257
5504,36.4447
5444,7.6410
5505,35.7513
5445,7.5891
5506,34.8883
5446,7.6723
5507,35.6619
5447,7.8435
5448,7.5899
5508,36.2697
5509,35.1719
5449,7.5023
5510,35.5568
5450,7.6353
5511,35.9650
5451,7.8660
5512,35.9627
5452,7.9505
5513,36.6061
5453,7.8182
5514,36.5246
5454,7.6046
5515,35.9923
5455,7.5785
5456,7.5346
5516,36.1509
5457,7.6646
5517,35.2087
5518,35.6281
5458,7.9350
5519,37.0838
5459,7.4779
5520,34.8765
5460,7.5423
5521,35.5635
5461,7.4345
5522,34.9504
5462,7.4732
5523,34.7973
5463,7.5648
5524,35.4534
5464,7.6690
5525,35.9491
5465,7.5367
5526,35.6775
5466,7.4951
5527,34.8923
5467,7.9618
5468,7.0201
5528,38.1148
5469,6.9668
5529,35.7932
5530,35.3845
5470,7.0271
5531,37.0861
5471,7.1988
5532,35.0187
5472,7.1945
5533,35.1003
5473,7.1866
5534,36.9461
5474,6.9262
5535,34.8896
5475,6.9939
5536,36.1305
5476,7.0886
5537,35.2818
5477,7.0998
5538,35.1905
5478,7.2665
5539,35.8480
5479,7.2850
5480,6.9695
5540,36.1277
5541,34.7225
5481,7.0889
5542,36.6466
5482,7.3140
5483,6.9679
5543,36.6743
5544,34.6483
5484,7.2404
5545,36.4992
5485,7.1296
5546,35.5076
5486,7.2708
5487,6.9203
5547,36.1779
5548,34.9782
5488,7.0229
5549,35.0976
5489,7.1866
5550,37.2153
5490,7.0581
5551,35.7222
5491,7.2566
5552,36.7221
5492,7.1874
5493,6.9985
5553,36.1438
5494,7.0322
5554,36.6964
5555,35.0077
5495,7.0867
5556,36.6039
5496,7.0169
5497,6.8453
5557,37.4463
5498,6.9482
5558,35.6835
5559,36.0151
5499,6.8806
5500,6.9205
5560,37.0165
5501,6.9639
5561,35.8171
5502,6.8988
5562,38.2156
5563,35.9353
5503,7.2671
5504,6.9441
5564,36.4983
5565,35.6078
5505,7.1651
5566,36.8671
5506,6.9829
5567,36.6643
5507,6.9188
5508,6.9117
5568,36.8342
5509,6.9698
5569,35.8214
5570,35.7570
5510,7.0654
5571,37.2986
5511,6.9578
5512,7.0974
5572,37.0382
5573,36.7432
5513,7.2460
5514,7.0044
5574,37.3610
5575,36.7296
5515,6.9192
5516,6.9877
5576,35.6887
5577,35.7341
5517,6.9304
5578,36.4695
5518,6.9834
5579,36.2164
5519,7.2322
5580,36.7518
5520,7.2350
5521,6.9478
5581,38.2119
5522,6.9114
5582,36.5208
5523,7.0068
5583,35.7368
5524,6.9516
5584,36.4529
5585,35.4319
5525,7.2142
5526,6.9108
5586,37.9273
5527,6.9290
5587,35.6477
5588,36.0168
5528,6.9908
5589,35.6925
5529,7.0987
5590,36.8360
5530,7.0719
5531,6.9540
5591,36.8661
5532,7.0671
5592,36.2350
5593,36.8115
5533,7.0588
5594,36.7515
5534,7.0456
5535,7.0342
5595,36.9811
5596,36.6224
5536,7.0882
5537,6.9259
5597,36.8537
5538,7.0799
5598,35.6148
5599,36.0524
5539,7.1417
5600,36.6539
5540,6.9461
5541,6.9669
5601,37.3022
5542,6.9771
5602,36.0436
5603,35.9109
5543,7.1319
5544,6.8824
5604,37.3221
5545,7.3249
5605,35.4673
5606,36.2763
5546,7.3604
5607,37.4311
5547,7.0050
5608,36.9404
5548,6.9678
5609,36.4843
5549,6.9416
5550,6.7953
5610,36.3880
5611,35.5115
5551,7.0669
5612,36.1299
5552,7.0909
5613,37.0964
5553,7.0527
5554,6.9064
5614,37.3623
5555,6.9852
5615,35.2072
5616,36.2240
5556,7.1094
5617,37.1728
5557,7.3982
5558,7.0188
5618,37.0539
5619,35.8990
5559,7.0769
5620,37.6588
5560,7.0396
5561,6.9778
5621,37.9667
5562,6.9494
5622,35.7345
5623,35.0783
5563,7.0259
5624,36.1914
5564,7.2223
5565,6.9118
5625,37.0791
5626,36.4174
5566,7.0684
5627,36.6490
5567,6.9573
5568,6.8523
5628,37.1859
5569,7.0394
5629,35.7397
5570,6.9859
5630,37.1442
5631,35.5951
5571,7.1760
5572,6.9352
5632,37.7675
5573,6.9267
5633,36.8261
5574,6.9682
5634,35.6499
5635,35.8573
5575,7.1417
5576,6.8954
5636,37.0712
5637,35.5304
5577,6.9910
5578,6.7981
5638,37.7641
5579,6.8246
5639,35.8947
5580,6.8830
5640,35.6697
5641,35.9669
5581,7.0371
5642,36.2494
5582,6.9638
5643,36.1505
5583,7.1171
5584,6.8405
5644,38.9826
5645,35.5544
5585,6.9126
5586,6.9096
5646,36.5407
5647,35.6389
5587,7.1804
5588,6.9387
5648,37.2514
5649,36.6110
5589,6.8739
5650,36.3206
5590,6.9983
5651,35.7753
5591,7.1338
5652,36.8659
5592,7.0677
5593,6.9316
5653,36.1845
5654,35.4399
5594,7.0967
5595,6.9139
5655,37.0203
5596,6.8851
5656,36.4882
5657,35.6485
5597,7.0878
5658,36.9278
5598,7.2345
5599,6.9714
5659,36.7365
5600,7.1211
5660,35.9383
5661,36.3571
5601,7.3344
5662,36.3885
5602,7.1887
5603,6.9927
5663,36.6651
5664,35.5203
5604,7.0869
5605,7.3145
5665,37.2820
5666,36.7125
5606,7.2904
5667,36.9743
5607,7.2532
5668,36.4817
5608,7.0579
5669,36.5768
5609,7.0977
5670,36.5302
5610,7.5047
5671,36.8385
5611,7.3334
5612,7.3277
5672,36.5332
5673,35.8683
5613,7.0163
5614,6.9881
5674,36.9673
5675,35.8313
5615,7.0712
5676,35.6839
5616,7.1516
5677,36.7978
5617,7.0472
5678,36.2982
5618,7.0798
5679,36.5094
5619,7.0283
5680,37.4687
5620,6.9613
5621,7.3323
5681,35.8922
5682,35.9646
5622,7.0544
5683,36.0397
5623,8.5436
5624,7.2375
5684,37.4990
5625,7.0050
5685,35.9052
5686,35.6242
5626,8.2800
5687,37.1856
5627,7.2146
5688,35.9318
5628,7.1702
5629,7.0662
5689,36.8430
5630,7.0519
5690,37.3935
5691,36.3834
5631,8.0799
5632,7.3513
5692,37.2302
5693,35.9390
5633,7.5907
5634,7.1419
5694,37.1128
5635,7.2520
5695,36.8265
5636,7.1629
5696,37.0425
5697,36.0215
5637,8.2546
5638,7.1921
5698,37.4092
5639,7.3115
5699,37.4202
5640,7.1606
5700,35.9722
5701,35.3912
5641,7.9878
5642,7.2794
5702,36.8077
5703,36.7824
5643,7.6337
5644,7.2587
5704,37.5098
5645,7.1447
5705,36.3483
5646,7.1138
5706,36.0859
5707,35.8068
5647,7.9265
5648,7.0575
5708,37.5030
5649,7.0032
5709,36.2646
5650,7.0206
5710,37.2975
5711,35.6860
5651,7.2556
5712,36.0178
5652,7.5095
5713,37.1577
5653,8.2197
5654,7.1063
5714,36.9719
5655,7.0300
5715,36.6707
5656,7.0763
5716,35.9709
5717,35.8937
5657,8.1253
5658,7.1007
5718,38.1870
5659,7.1222
5719,36.0962
5660,7.1160
5720,36.3036
5721,36.8775
5661,7.2562
5722,36.0877
5662,7.3087
5723,37.4624
5663,8.2716
5664,7.0352
5724,37.8461
5665,6.9966
5725,37.6182
5666,7.0661
5726,35.8819
5667,6.9868
5727,36.6222
5728,35.8006
5668,7.1920
5729,36.4717
5669,8.2368
5670,7.0286
5730,37.1732
5671,7.1511
5731,36.1321
5732,36.8912
5672,7.2079
5673,7.0597
5733,36.9828
5734,35.9204
5674,7.2357
5735,36.3660
5675,7.4048
5676,7.1113
5736,37.5242
5677,7.1568
5737,35.9198
5738,36.7370
5678,7.4855
5739,37.2491
5679,7.3116
5740,37.1293
5680,7.2247
5681,7.1086
5741,38.1518
5742,36.2751
5682,7.3370
5683,7.1722
5743,36.0271
5744,36.9272
5684,8.0683
5745,37.1168
5685,7.6906
5746,37.8765
5686,8.1821
5687,7.6551
5747,36.5630
5688,7.2078
5748,35.4813
5689,7.2602
5749,37.0053
5750,37.4016
5690,7.2612
5691,7.1491
5751,37.2474
5752,36.3191
5692,7.3405
5693,7.1030
5753,37.8279
5694,7.2031
5754,36.1597
5755,35.8292
5695,7.2777
5696,7.2629
5756,36.4994
5757,37.1429
5697,7.2971
5758,36.6898
5698,7.3694
5759,37.2648
5699,7.2250
5760,35.9809
5700,7.3285
5701,7.0717
5761,37.0056
5762,35.8143
5702,8.3561
5703,7.1929
5763,37.8393
5764,36.6892
5704,7.3477
5705,7.1368
5765,36.6214
5706,7.2921
5766,36.1191
5767,37.0453
5707,7.8512
5768,37.5165
5708,7.2232
5709,7.1483
5769,36.7066
5770,36.2228
5710,7.8795
5711,7.1528
5771,36.7634
5712,7.1407
5772,36.8130
5773,37.0034
5713,7.2753
5714,7.1324
5774,36.3957
5715,7.1926
5775,36.5713
5776,36.5450
5716,8.3824
5717,7.1746
5777,37.6976
5718,7.1184
5778,36.6778
5779,35.4143
5719,7.3170
5720,7.1483
5780,37.3011
5781,36.1316
5721,7.2590
5782,36.5092
5722,7.4958
5723,7.2308
5783,37.2784
5724,7.1253
5784,36.6185
5785,36.3295
5725,7.2655
5786,36.4218
5726,7.3769
5787,36.6838
5727,7.3860
5788,36.2578
5728,7.3351
5789,37.0303
5729,7.1514
5790,35.9042
5730,7.2738
5791,36.5588
5731,7.3141
5792,36.8547
5732,7.3617
5793,36.8895
5733,7.3062
5734,7.1662
5794,37.5468
5795,36.1971
5735,7.9127
5736,7.0816
5796,36.6898
5737,7.1932
5797,36.4886
5798,36.7051
5738,7.2476
5739,7.1197
5799,36.9691
5800,35.2420
5740,7.8785
5801,36.6206
5741,7.8326
5742,7.1965
5802,37.0270
5803,35.9647
5743,8.2943
5744,7.0633
5804,36.1985
5805,34.5553
5745,8.3600
5746,7.1002
5806,37.0161
5747,7.1098
5807,35.1424
5808,35.6878
5748,7.3876
5809,37.4245
5749,7.0510
5810,37.2009
5750,7.0782
5811,37.9260
5751,7.5153
5752,7.0043
5812,37.8390
5753,7.1151
5813,36.5997
5754,7.1242
5814,43.6277
5755,7.0933
5815,37.9242
5756,7.1684
5816,37.3122
5817,37.0885
5757,8.0440
5758,7.2521
5818,37.1947
5759,7.0955
5819,36.3169
5760,7.0844
5820,35.9309
5821,37.2827
5761,8.5682
5762,7.3712
5822,38.2326
5763,7.2798
5823,36.2753
5764,7.1565
5824,36.1963
5765,7.1358
5825,36.7975
5826,37.1458
5766,8.3035
5767,7.3484
5827,37.7823
5768,7.2041
5828,36.6100
5769,7.0447
5829,36.2581
5830,36.5018
5770,7.2487
5771,7.3332
5831,37.0637
5832,37.5255
5772,8.1655
5773,7.2513
5833,39.8962
5774,7.0742
5834,37.2924
5775,7.1085
5835,36.5803
5776,7.0341
5836,37.9281
5777,7.1626
5837,36.4567
5838,36.3750
5778,8.0119
5779,7.2123
5839,37.5737
5780,7.2037
5840,37.9447
5781,7.0715
5841,37.1278
5782,7.0283
5842,37.0814
5783,7.1332
5843,36.7769
5844,37.0853
5784,7.8626
5785,7.1691
5845,37.3808
5786,7.1458
5846,36.8015
5787,7.0006
5847,37.8656
5788,7.0490
5848,36.3351
5849,36.7620
5789,7.5416
5790,7.1105
5850,37.2079
5791,7.0358
5851,37.7092
5792,7.0185
5852,37.2592
5853,36.8766
5793,7.2217
5794,7.0705
5854,36.7844
5855,38.4393
5795,7.0961
5856,38.7367
5796,7.2483
5797,7.1700
5857,36.1491
5798,7.0621
5858,38.3163
5859,36.9628
5799,7.2876
5800,7.0879
5860,37.9154
5801,7.0962
5861,37.0928
5802,7.0364
5862,37.5375
5863,35.9652
5803,7.0883
5804,7.1009
5864,37.1330
5865,36.8889
5805,7.8747
5806,7.0081
5866,37.7123
5867,36.2379
5807,7.2188
5808,7.1404
5868,37.0430
5869,37.5354
5809,7.8491
5810,7.0440
5870,37.3871
5811,7.0579
5871,39.3661
5812,7.1076
5872,36.6637
5813,7.0455
5873,36.4785
5874,36.5070
5814,7.3741
5875,38.5300
5815,8.4293
5816,7.2544
5876,38.0620
5817,7.2466
5877,37.0861
5818,7.0902
5878,35.7824
5819,7.0464
5879,35.8439
5880,36.0858
5820,7.4249
5821,7.1576
5881,38.1747
5882,35.8462
5822,8.5168
5823,7.7243
5883,37.9141
5824,7.4514
5884,35.6044
5825,7.2048
5885,35.9225
5886,36.5959
5826,7.7638
5827,7.3349
5887,37.8531
5888,37.2256
5828,7.6816
5829,7.1748
5889,37.1780
5830,7.2263
5890,37.1085
5831,6.9794
5891,36.9176
5892,36.0177
5832,7.4470
5833,7.0317
5893,36.9485
5834,7.0177
5894,37.7061
5835,7.0231
5895,37.0309
5836,7.0360
5896,36.6468
5897,36.5249
5837,7.1045
5898,37.3509
5838,7.1747
5899,36.8289
5839,7.4044
5900,37.7213
5840,7.9732
5841,6.9685
5901,38.3730
5842,7.1104
5902,36.3495
5903,35.7337
5843,7.3244
5844,6.9880
5904,38.4284
5845,7.1125
5905,36.7477
5906,37.5283
5846,7.9448
5847,6.9670
5907,37.2153
5848,7.0932
5908,36.6177
5849,7.0097
5909,37.0982
5910,36.6806
5850,7.2762
5911,37.4894
5851,7.2652
5912,37.2191
5852,7.3732
5853,7.0255
5913,36.9813
5914,37.0977
5854,7.1410
5915,37.0693
5855,7.0465
5916,36.6751
5856,7.9025
5857,7.1537
5917,38.0226
5918,36.9605
5858,7.3318
5859,7.2928
5919,37.7965
5860,7.1362
5920,38.4917
5861,7.2336
5921,37.2991
5922,36.7256
5862,8.3859
5863,7.3107
5923,37.6426
5864,7.0462
5924,36.8188
5865,7.2338
5925,36.0010
5926,36.7934
5866,7.3158
5867,7.2069
5927,36.9721
5868,7.3082
5928,36.8333
5929,37.7516
5869,7.4006
5930,36.7848
5870,7.4342
5931,38.0736
5871,8.0951
5872,7.1971
5932,37.9892
5873,7.2016
5933,35.7090
5874,7.3779
5934,36.1209
5935,36.9923
5875,7.3411
5936,36.0187
5876,7.5822
5937,36.5544
5877,7.5837
5878,7.1787
5938,37.3640
5879,7.3929
5939,35.9102
5940,36.1305
5880,7.1907
5941,36.7866
5881,7.2889
5942,35.8541
5882,7.3005
5943,36.1080
5883,7.3245
5884,7.2451
5944,37.1772
5945,35.5392
5885,7.6424
5886,7.2024
5946,38.2805
5887,7.2199
5947,35.9296
5948,36.9129
5888,7.2706
5889,7.1880
5949,36.7227
5890,7.3816
5950,36.1900
5951,36.6827
5891,7.4034
5892,7.1155
5952,38.4032
5893,7.1725
5953,36.0253
5954,35.8903
5894,7.6305
5895,7.1920
5955,37.3887
5896,7.2728
5956,35.6770
5957,35.6326
5897,7.6061
5958,37.4397
5898,7.3728
5899,7.2096
5959,37.1424
5900,7.2832
5960,35.7654
5961,35.5199
5901,7.1790
5902,7.3312
5962,36.3371
5963,35.9982
5903,7.2430
5904,7.2042
5964,37.6410
5965,36.0818
5905,7.2674
5966,35.3969
5906,7.3097
5967,35.9805
5907,7.4466
5908,7.3177
5968,36.9150
5969,35.8618
5909,7.3013
5910,7.1368
5970,37.1935
5911,7.0941
5971,36.2375
5912,7.2385
5972,36.1732
5913,7.2077
5973,37.3491
5974,35.9602
5914,7.2494
5975,36.2469
5915,7.5225
5916,7.2277
5976,37.3248
5917,7.1968
5977,36.9979
5918,7.2951
5978,36.5642
5979,35.9867
5919,7.5075
5980,37.4969
5920,7.3084
5981,36.8016
5921,7.6251
5922,7.1543
5982,37.7357
5983,36.2445
5923,7.3463
5924,7.0051
5984,37.8702
5985,36.1432
5925,7.1323
5986,35.9654
5926,7.3319
5987,36.5224
5927,7.4295
5928,6.9063
5988,37.7572
5989,35.6422
5929,6.9420
5930,6.9862
5990,35.9635
5991,35.4941
5931,7.0305
5992,36.6116
5932,7.2213
5993,36.4184
5933,7.0899
5934,7.1183
5994,37.0816
5995,37.1746
5935,6.9947
5936,6.9517
5996,36.7844
5997,35.6017
5937,7.0759
5938,6.9811
5998,37.4082
5999,35.7918
5939,7.2422
5940,6.9975
6000,36.8464
6001,35.6762
5941,7.2808
5942,6.9903
6002,37.1195
5943,7.1189
6003,35.8344
6004,36.5916
5944,7.0578
5945,7.0515
6005,36.8227
6006,36.9392
5946,7.0094
6007,36.1822
5947,7.2614
5948,6.9055
6008,37.2361
6009,35.3279
5949,7.0307
6010,37.1270
5950,7.1037
6011,36.0814
5951,7.0521
6012,37.8784
5952,6.9782
6013,36.5097
5953,7.1733
6014,37.2687
5954,6.9815
5955,6.9070
6015,36.5418
5956,7.0122
6016,35.4908
6017,35.6909
5957,7.1107
5958,6.9082
6018,38.2424
6019,35.3876
5959,7.1053
6020,36.2235
5960,7.2546
5961,6.9893
6021,36.5108
6022,35.8884
5962,7.2159
6023,37.1091
5963,7.4085
6024,37.5408
5964,7.0522
5965,6.9407
6025,37.0226
6026,36.2999
5966,7.0966
6027,37.1875
5967,7.0337
6028,36.0655
5968,7.3080
5969,6.9716
6029,37.2911
6030,35.8767
5970,7.2777
6031,37.1321
5971,7.2747
5972,7.1160
6032,36.7087
5973,7.0021
6033,36.3358
6034,36.1289
5974,7.0614
6035,37.0070
5975,7.1247
6036,36.8682
5976,7.0985
6037,36.5602
5977,7.4164
5978,6.9862
6038,37.8022
5979,7.0053
6039,35.1198
6040,36.3860
5980,7.1415
6041,36.4233
5981,7.2837
5982,7.1642
6042,36.9034
6043,36.7303
5983,7.2790
5984,7.0606
6044,36.8405
6045,36.1187
5985,7.2417
6046,36.6681
5986,7.1668
6047,35.9686
5987,7.4012
6048,37.5060
5988,7.4642
5989,7.0030
6049,37.1920
5990,7.0172
6050,36.1065
6051,35.9949
5991,7.0599
6052,36.5794
5992,7.1268
6053,35.9445
5993,7.2525
6054,36.5956
5994,7.3584
5995,7.0943
6055,36.8560
5996,7.1930
6056,36.9078
6057,37.1714
5997,6.9867
6058,36.4521
5998,7.1060
6059,35.4409
5999,7.1872
6060,37.1169
6000,7.2399
6001,7.0803
6061,38.0411
6002,6.9719
6062,36.1344
6063,35.9078
6003,7.1855
6064,35.9213
6004,7.3055
6065,36.6412
6005,7.2534
6066,37.6236
6006,7.1259
6067,36.8826
6007,7.1460
6008,7.0776
6068,37.5847
6009,6.9592
6069,36.0329
6070,35.7154
6010,7.0217
6071,36.5630
6011,7.1844
6072,37.1177
6012,7.3223
6013,6.9044
6073,37.0038
6074,35.5087
6014,7.2060
6075,36.8569
6015,7.3280
6016,7.0280
6076,36.6960
6077,36.2849
6017,7.1279
6018,7.0383
6078,36.0255
6079,35.9071
6019,7.2729
6020,7.1070
6080,37.1339
6081,36.3799
6021,7.1591
6082,36.6926
6022,7.5524
6023,6.8784
6083,37.8237
6024,7.0229
6084,36.0731
6085,36.5116
6025,7.0186
6026,7.0766
6086,36.4352
6027,7.1096
6087,36.4300
6088,36.3330
6028,7.5114
6029,7.0022
6089,37.4084
6090,36.0902
6030,7.1956
6091,35.8480
6031,7.3569
6032,7.0288
6092,38.8761
6033,6.9983
6093,36.1225
6094,35.6931
6034,7.4146
6095,36.7129
6035,7.2791
6036,6.9972
6096,37.4797
6037,7.1214
6097,35.3741
6098,35.9595
6038,7.2594
6039,7.1669
6099,35.9425
6100,36.1073
6040,7.3528
6041,7.0289
6101,37.2848
6102,35.6071
6042,6.9585
6103,35.9681
6043,7.0575
6104,37.2046
6044,7.0791
6105,36.0071
6045,7.0576
6106,37.6241
6046,7.1635
6107,35.8220
6047,7.0346
6048,7.0167
6108,37.3774
6049,7.1295
6109,36.1566
6110,37.1215
6050,7.1261
6111,36.6301
6051,7.0201
6052,7.1185
6112,36.2857
6113,36.0407
6053,7.3693
6054,7.0444
6114,36.8801
6115,35.9825
6055,7.1695
6056,7.0627
6116,36.8716
6117,36.5007
6057,7.0315
6058,7.0236
6118,36.9941
6119,36.1144
6059,7.3702
6060,7.0001
6120,37.9819
6061,6.9381
6121,36.8767
6062,6.9764
6122,35.5236
6123,36.0150
6063,7.1192
6124,36.4843
6064,7.3965
6065,6.9202
6125,38.0898
6066,7.0065
6126,35.7844
6127,35.6407
6067,7.1088
6128,36.4234
6068,7.0640
6129,36.1813
6069,7.3311
6130,36.6953
6070,7.4110
6071,7.0398
6131,36.6719
6072,7.0812
6132,36.2885
6133,36.3497
6073,7.1007
6074,6.9909
6134,36.8828
6135,35.8455
6075,7.3072
6136,37.9296
6076,7.2704
6077,6.8900
6137,37.4514
6078,7.0619
6138,35.8237
6139,35.9728
6079,7.0948
6080,7.0013
6140,37.1572
6081,6.9107
6141,36.7827
6142,35.4263
6082,7.3570
6143,37.7804
6083,7.3456
6084,7.0585
6144,37.1431
6085,6.9778
6145,36.7301
6086,7.0436
6146,35.7139
6147,36.5734
6087,7.1305
6148,36.3962
6088,7.0481
6149,37.5194
6089,6.9838
6090,6.9835
6150,37.0831
6151,36.4808
6091,6.9974
6092,6.9758
6152,36.7822
6153,35.5473
6093,6.9824
6154,37.2834
6094,7.1310
6155,36.9016
6095,7.0125
6156,36.2470
6096,7.1018
6157,36.3814
6097,7.2142
6098,6.9981
6158,36.4033
6159,35.5315
6099,7.0916
6160,37.6195
6100,7.2784
6101,7.0316
6161,37.2276
6162,36.9529
6102,7.2277
6103,7.0881
6163,36.0975
6164,36.8023
6104,7.3230
6105,7.0903
6165,37.0333
6166,36.7454
6106,7.3516
6107,6.9133
6167,36.9507
6168,35.7446
6108,7.0950
6109,7.0426
6169,36.8402
6170,36.7051
6110,7.1599
6171,37.5409
6111,7.3161
6112,6.9908
6172,36.8797
6113,7.0487
6173,37.4301
6174,36.7855
6114,7.1423
6115,6.9205
6175,37.1776
6116,7.0900
6176,36.0108
6177,36.5688
6117,7.0593
6118,6.7971
6178,37.5970
6119,6.8833
6179,36.3571
6120,6.9758
6180,36.5896
6121,7.0364
6181,36.4244
6122,7.0404
6182,36.9025
6183,35.8873
6123,7.0979
6184,37.3775
6124,7.0538
6185,36.2907
6125,7.0843
6126,6.9530
6186,37.5074
6127,6.9831
6187,36.0540
6188,37.0727
6128,7.1114
6189,36.6776
6129,7.4542
6130,6.9202
6190,37.3046
6131,6.8995
6191,36.1922
6192,35.7451
6132,7.1470
6133,7.1137
6193,37.5518
6194,36.8958
6134,7.3052
6195,39.6038
6135,7.0654
6196,36.8567
6136,7.0340
6197,36.8334
6137,7.2316
6138,7.0983
6198,36.3129
6139,7.1977
6199,36.5204
6200,35.8995
6140,7.4774
6141,6.9518
6201,37.3927
6202,35.9973
6142,6.9932
6203,37.3417
6143,7.1104
6204,36.2836
6144,7.0705
6205,36.4770
6145,7.2514
6146,7.0162
6206,38.2666
6147,6.9094
6207,35.8987
6208,36.5763
6148,7.0990
6149,6.8925
6209,37.2342
6210,35.8216
6150,7.1257
6211,36.4130
6151,7.2555
6152,6.9285
6212,37.5524
6213,36.5362
6153,6.9305
6214,36.7274
6154,7.9928
6155,7.4961
6215,35.7738
6216,36.2104
6156,7.2733
6217,36.4942
6157,7.4966
6158,6.9050
6218,37.4655
6159,7.1698
6219,36.1946
6160,6.9057
6220,37.0961
6221,35.9914
6161,7.0962
6222,35.8133
6162,7.3798
6223,37.2937
6163,7.1171
6164,6.8031
6224,37.3560
6165,7.0185
6225,36.0965
6226,36.3536
6166,7.0472
6167,7.0205
6227,37.7628
6228,35.8569
6168,7.1548
6169,6.9898
6229,38.1374
6170,6.8785
6230,36.5987
6171,7.0237
6231,35.7493
6232,36.1346
6172,7.1160
6233,37.0706
6173,7.0471
6234,36.3751
6174,7.4537
6175,6.9151
6235,38.1387
6176,7.0336
6236,36.1435
6177,6.9943
6237,36.9316
6178,7.1032
6238,36.0967
6239,36.1187
6179,7.3353
6240,36.6707
6180,7.1595
6181,6.9973
6241,38.2272
6182,6.9944
6242,36.7047
6183,7.0738
6243,35.8012
6184,7.0478
6244,35.9410
6245,36.7374
6185,6.9721
6246,36.2836
6186,7.3985
6247,38.4120
6187,6.9542
6188,6.9175
6248,36.8922
6189,6.9122
6249,35.8499
6250,35.9349
6190,6.9472
6251,36.5654
6191,7.0675
6252,36.7255
6192,7.4022
6193,6.9260
6253,38.3289
6194,6.8125
6254,36.7873
6255,36.3284
6195,7.0433
6196,6.9997
6256,36.9577
6257,35.7030
6197,7.1876
6258,37.4012
6198,7.0672
6259,36.6244
6199,6.9873
6200,7.0662
6260,36.0316
6261,36.2133
6201,7.5014
6202,7.1039
6262,37.0771
6263,35.7268
6203,7.2598
6264,36.6959
6204,7.1381
6265,36.6507
6205,7.5859
6266,37.5733
6206,7.9578
6207,7.1924
6267,37.0018
6268,36.0575
6208,7.5348
6209,7.0075
6269,36.5915
6270,36.1720
6210,7.4777
6271,36.7474
6211,7.2789
6272,36.3499
6212,8.0017
6213,7.2956
6273,36.6753
6214,7.3794
6274,36.8591
6215,7.3052
6275,36.0715
6276,36.1408
6216,7.7742
6217,7.0251
6277,37.5165
6278,36.4756
6218,7.5523
6279,36.2551
6219,7.6508
6280,36.3703
6220,7.2901
6281,37.0302
6221,7.5218
6282,37.2233
6222,7.5102
6223,7.2879
6283,36.7244
6224,7.3772
6284,36.5023
6285,35.9107
6225,7.7195
6286,37.3011
6226,7.4878
6287,36.8704
6227,7.0906
6288,37.4061
6228,7.6279
6229,6.9454
6289,38.1595
6230,7.0019
6290,35.5569
6291,36.3612
6231,7.5539
6292,36.9758
6232,7.3863
6233,7.4432
6293,36.4733
6294,36.6406
6234,8.0570
6235,6.9554
6295,37.2812
6236,7.3489
6296,36.7097
6297,36.3135
6237,7.4529
6298,36.2406
6238,7.5766
6299,37.1231
6239,7.8497
6240,7.1620
6300,36.9848
6241,7.1412
6301,36.6219
6242,7.1449
6302,35.9444
6303,36.7402
6243,7.2888
6304,37.6762
6244,7.1534
6305,36.2446
6245,7.5059
6246,7.3130
6306,37.4391
6307,36.7411
6247,7.6237
6248,7.3862
6308,37.2113
6309,36.1371
6249,7.8131
6250,6.9697
6310,37.5744
6311,36.1240
6251,7.4784
6252,7.5853
6312,36.3232
6253,7.2261
6313,36.6432
6254,7.1788
6314,36.2339
6315,35.4107
6255,7.5347
6256,6.9344
6316,37.7315
6257,7.2031
6317,35.7747
6258,7.2179
6318,36.2557
6319,37.1689
6259,7.7326
6260,7.1794
6320,36.9050
6321,36.6702
6261,7.1362
6322,36.8306
6262,8.0015
6263,7.4991
6323,38.3916
6264,7.2388
6324,36.2284
6325,35.8949
6265,7.5541
6266,7.0724
6326,36.9608
6267,7.5153
6327,35.8442
6328,36.2028
6268,7.7762
6269,7.2541
6329,37.1182
6330,36.1680
6270,7.5252
6331,37.4481
6271,7.5893
6272,7.3836
6332,37.2885
6333,36.3176
6273,7.4566
6334,36.5372
6274,7.9642
6275,7.2892
6335,37.1383
6276,7.0379
6336,36.8358
6277,7.2894
6337,35.9968
6338,35.7208
6278,7.8948
6279,7.1453
6339,37.3354
6340,35.9360
6280,7.4716
6281,7.0574
6341,36.5752
6342,36.6248
6282,7.5760
6283,7.0022
6343,36.8067
6344,36.0863
6284,7.2458
6285,7.0695
6345,36.6720
6346,36.6955
6286,7.2007
6347,36.5942
6287,7.2061
6348,36.5067
6288,7.2905
6349,37.4879
6289,7.2416
6290,7.1145
6350,37.2634
6291,6.9545
6351,39.6033
6352,36.4556
6292,7.3388
6353,36.3927
6293,7.3695
6354,36.4652
6294,7.2390
6355,36.2617
6295,7.6807
6356,37.1928
6296,7.4352
6297,7.0626
6357,37.5458
6298,7.1504
6358,36.4364
6359,36.4606
6299,7.3038
6300,7.4566
6360,36.3945
6361,37.9443
6301,7.2117
6362,36.3267
6302,7.1470
6303,6.9423
6363,37.1294
6364,36.0305
6304,7.5011
6365,37.3306
6305,7.7471
6306,6.9451
6366,37.1327
6307,7.1127
6367,36.5335
6368,36.8533
6308,7.4917
6309,7.0869
6369,36.5128
6370,36.6782
6310,7.3173
6371,36.5549
6311,7.5513
6312,7.0396
6372,37.0766
6313,7.0431
6373,36.0837
6374,35.8743
6314,7.2157
6375,36.4846
6315,7.3863
6316,7.1343
6376,37.4402
6317,7.1361
6377,35.4317
6378,36.6624
6318,7.9329
6319,7.2176
6379,37.7196
6320,7.1024
6380,35.3216
6381,35.7065
6321,7.3488
6322,7.2695
6382,37.2324
6383,36.0133
6323,7.4650
6384,37.0333
6324,7.2620
6385,36.3424
6325,7.1607
6326,7.0440
6386,38.2579
6387,35.7407
6327,7.2172
6388,36.3236
6328,7.4348
6329,6.9863
6389,36.8926
6390,36.4090
6330,7.3519
6391,36.7417
6331,7.3159
6392,36.6774
6332,7.5188
6393,36.4898
6333,7.4278
6394,36.0544
6334,7.2896
6395,36.6309
6335,7.1738
6396,36.3552
6336,7.3535
6337,6.9853
6397,36.8727
6398,36.2583
6338,7.4301
6399,35.7959
6339,7.2404
6400,36.6006
6340,7.6071
6341,7.3781
6401,37.5851
6402,36.4794
6342,7.5201
6403,37.0643
6343,7.1778
6404,36.4153
6344,7.3528
6405,35.9548
6345,7.3118
6406,37.1367
6346,7.6791
6347,7.0352
6407,37.4260
6348,7.3658
6408,35.8199
6409,35.8383
6349,7.2696
6410,36.1973
6350,7.6108
6411,37.4331
6351,7.2012
6412,36.6400
6352,7.3111
6413,37.0062
6353,7.3727
6354,6.9640
6414,36.6837
6415,35.5076
6355,7.6673
6356,7.1685
6416,36.9786
6417,35.7589
6357,7.2686
6418,36.9309
6358,7.4746
6359,7.4032
6419,37.1117
6420,35.8429
6360,7.8841
6361,7.0517
6421,36.5163
6422,35.8300
6362,7.8272
6363,7.1199
6423,36.7008
6364,7.4507
6424,36.8118
6425,37.3956
6365,8.2278
6366,7.6472
6426,38.2846
6367,7.2091
6427,35.8158
6428,36.3708
6368,7.5929
6429,36.7548
6369,7.3381
6370,7.3531
6430,36.4487
6431,37.2642
6371,8.0898
6372,7.1009
6432,37.4379
6373,6.9378
6433,35.6823
6434,35.5893
6374,7.5839
6375,7.1864
6435,36.6274
6436,36.5683
6376,7.9502
6437,36.4250
6377,7.3953
6378,7.3596
6438,36.7757
6379,6.9899
6439,36.1690
6380,6.9983
6440,36.1523
6381,7.2959
6441,36.6836
6442,35.6647
6382,7.6510
6383,7.0122
6443,37.3155
6384,6.9562
6444,37.1716
6445,36.9627
6385,7.2943
6446,35.8007
6386,7.1983
6447,36.4960
6387,7.3959
6448,36.2138
6388,7.6075
6389,7.1949
6449,37.2004
6390,6.9475
6450,36.7130
6451,35.8846
6391,7.3123
6452,35.3827
6392,7.6039
6393,7.3318
6453,38.5705
6454,35.6601
6394,8.0319
6395,7.0317
6455,38.2017
6396,6.9646
6456,36.5388
6397,7.3432
6457,36.4736
6458,35.8464
6398,7.3986
6399,7.2070
6459,37.3452
6460,37.2141
6400,7.2096
6401,7.1790
6461,37.3208
6402,7.2193
6462,35.5389
6463,36.1227
6403,7.4023
6464,36.2548
6404,7.4998
6465,36.9699
6405,7.7407
6406,6.9581
6466,36.7890
6467,36.0066
6407,7.4351
6408,7.2134
6468,38.1564
6409,7.0598
6469,36.8109
6410,7.0443
6470,36.5475
6471,36.0721
6411,7.4471
6412,7.1418
6472,37.4241
6473,36.2104
6413,7.4987
6414,7.1056
6474,37.7387
6475,35.8687
6415,7.2457
6416,7.2379
6476,37.4679
6477,35.4672
6417,7.5407
6478,36.4246
6418,7.6111
6419,7.1574
6479,37.7227
6480,36.5273
6420,7.8296
6421,7.2440
6481,37.7629
6482,36.3569
6422,7.5411
6483,36.5796
6423,7.4159
6424,7.0981
6484,36.6193
6485,37.1056
6425,7.4917
6426,6.9628
6486,37.9105
6487,37.0521
6427,7.1675
6428,7.0892
6488,36.2662
6489,36.3615
6429,7.5681
6490,37.3764
6430,7.4144
6491,36.8676
6431,7.5351
6492,36.5208
6432,7.7175
6433,7.2257
6493,37.3005
6494,35.8209
6434,7.7993
6435,7.0290
6495,37.3370
6496,35.8272
6436,7.3817
6497,36.8800
6437,7.6258
6438,7.3996
6498,37.5738
6499,36.0519
6439,7.8344
6440,7.3218
6500,37.6206
6501,35.2597
6441,7.3192
6502,36.6894
6442,7.5727
6503,37.3991
6443,7.4724
6504,36.9293
6444,7.2699
6445,7.1550
6505,37.3423
6506,36.3970
6446,7.2257
6507,36.8828
6447,7.3165
6448,7.0158
6508,36.5154
6449,7.3030
6509,36.0638
6510,36.2162
6450,7.4320
6451,7.2502
6511,37.3763
6452,7.3118
6512,35.8238
6513,36.6545
6453,7.1860
6514,36.3025
6454,7.7430
6455,7.1855
6515,37.9103
6456,7.1603
6516,36.6695
6517,35.3689
6457,7.4504
6518,35.9323
6458,7.4844
6459,7.4788
6519,37.0058
6520,36.3169
6460,7.4696
6521,37.2699
6461,7.2149
6522,36.2513
6462,7.3278
6463,6.9417
6523,37.3803
6524,35.5183
6464,7.1917
6465,7.1932
6525,37.1095
6526,36.1396
6466,7.7528
6527,38.3481
6467,7.2812
6528,36.1129
6468,7.3048
6529,35.9708
6469,7.6423
6470,6.9159
6530,37.3930
6531,35.4621
6471,7.3730
6532,36.9061
6472,7.2027
6473,7.0912
6533,36.2167
6474,7.1085
6534,35.5900
6535,35.7391
6475,7.7560
6476,7.0111
6536,36.9352
6477,7.4158
6537,36.0716
6538,36.5309
6478,7.5681
6479,6.9940
6539,37.5746
6540,36.2502
6480,7.2911
6541,38.0507
6481,7.3632
6482,6.9621
6542,36.7722
6483,7.3039
6543,36.0453
6544,36.0962
6484,7.3955
6485,6.8530
6545,37.1086
6486,6.8063
6546,36.1677
6487,6.9159
6547,36.5139
6548,36.7624
6488,6.8917
6549,35.9308
6489,7.2038
6550,37.3900
6490,7.2171
6491,6.7807
6551,37.4140
6492,6.8079
6552,35.8218
6553,35.7832
6493,7.0065
6494,6.9401
6554,36.5125
6555,36.7593
6495,6.8814
6556,36.0034
6496,7.0288
6497,6.7156
6557,38.7117
6498,6.8304
6558,35.3367
6499,6.9435
6559,35.7446
6560,37.5355
6500,6.9941
6561,37.5158
6501,7.0328
6562,37.1472
6502,7.3622
6503,6.9074
6563,38.1499
6504,6.9316
6564,35.6384
6505,6.9831
6565,36.1621
6506,7.0029
6566,36.1753
6567,37.0924
6507,7.3759
6508,6.9897
6568,38.1728
6509,6.8409
6569,39.3961
6510,6.7821
6570,36.2410
6511,6.9351
6571,35.7190
6512,6.9160
6572,36.5474
6573,36.1603
6513,7.3141
6574,37.2974
6514,7.0892
6575,36.6491
6515,6.8921
6516,6.7769
6576,40.1121
6517,6.8833
6577,36.8170
6518,6.9176
6578,36.9936
6519,6.9609
6579,35.9386
6580,36.2056
6520,7.1830
6581,37.2353
6521,7.4863
6582,37.7728
6522,7.0794
6583,36.0023
6523,6.9775
6584,36.5716
6524,7.2077
6525,6.9683
6585,36.7194
6586,35.9461
6526,7.1989
6587,36.7417
6527,7.4159
6588,37.4165
6528,6.9056
6589,35.4521
6529,7.1161
6530,6.9281
6590,37.1737
6531,7.0161
6591,35.7383
6592,36.8250
6532,7.0261
6593,37.1915
6533,7.0082
6594,37.1438
6534,7.2113
6535,6.9654
6595,36.5340
6536,6.9528
6596,36.2627
6597,36.4516
6537,7.0680
6598,36.7169
6538,6.9499
6539,6.9158
6599,36.8266
6540,6.9274
6600,36.7941
6541,7.0100
6601,36.8582
6542,6.9180
6602,36.7432
6603,36.0683
6543,7.3546
6544,6.9972
6604,37.7837
6545,6.9951
6605,36.6588
6606,36.8033
6546,7.0921
6547,6.8975
6607,37.8237
6548,6.9868
6608,36.2213
6609,36.6410
6549,7.3173
6610,36.9754
6550,7.0316
6551,6.9179
6611,37.4037
6612,36.0141
6552,7.0799
6553,6.8154
6613,37.8692
6614,35.6391
6554,7.1313
6615,36.5313
6555,7.0288
6616,39.9924
6556,6.9226
6617,36.5956
6557,7.0185
6558,7.0329
6618,36.8438
6559,6.8491
6619,37.0580
6620,36.2402
6560,7.3684
6561,6.9406
6621,37.9406
6562,7.0115
6622,36.1018
6623,36.1413
6563,7.0838
6564,6.7563
6624,38.3806
6565,7.0128
6625,36.2011
6626,36.9332
6566,7.2510
6567,6.8989
6627,37.0099
6568,6.9216
6628,37.1001
6629,36.2538
6569,7.1432
6570,6.8513
6630,38.1191
6571,6.8367
6631,36.1852
6632,36.4556
6572,8.2881
6633,35.8655
6573,8.4616
6574,8.1563
6634,37.5248
6635,37.6278
6575,8.4691
6576,8.1397
6636,37.8058
6637,35.9649
6577,8.1736
6638,35.6183
6578,8.2894
6639,37.8067
6579,8.4544
6640,36.7227
6580,8.1691
6641,36.7286
6581,8.4068
6582,8.2272
6642,37.7223
6643,36.6193
6583,8.4312
6644,37.4317
6584,8.5017
6585,8.1447
6645,37.3325
6586,8.1868
6646,36.9554
6647,35.6175
6587,8.5825
6588,8.1540
6648,36.9595
6589,8.1978
6649,36.1482
6650,36.2887
6590,8.5368
6591,8.1680
6651,36.9263
6652,36.9760
6592,8.3090
6653,36.3120
6593,8.4795
6594,8.1693
6654,36.7780
6655,36.1038
6595,8.1926
6656,37.0576
6596,8.5561
6597,8.0823
6657,38.1174
6598,8.2301
6658,36.0064
6659,35.8479
6599,8.5777
6600,8.0787
6660,38.0059
6661,35.7347
6601,8.2332
6662,36.9813
6602,8.8132
6663,37.4519
6603,8.3773
6664,36.4527
6604,8.5107
6665,35.9326
6605,8.3731
6606,8.2683
6666,36.5321
6667,35.0403
6607,8.3332
6668,35.7527
6608,8.8572
6609,8.2965
6669,36.3631
6670,35.3249
6610,8.3421
6671,35.4309
6611,8.2713
6672,34.7419
6612,8.2336
6673,35.4504
6613,8.5455
6674,36.3882
6614,8.6967
6615,8.3420
6675,36.8076
6676,35.1160
6616,8.5145
6677,35.6998
6617,8.5163
6618,8.2906
6678,36.2998
6679,35.5996
6619,8.3915
6680,36.1127
6620,7.8037
6621,7.0409
6681,36.5464
6622,7.0256
6682,35.4834
6623,7.1074
6683,35.0753
6684,35.6966
6624,7.3675
6625,6.9188
6685,37.2625
6686,34.6496
6626,7.2636
6687,36.1795
6627,6.9164
6628,6.9450
6688,35.7215
6689,35.1102
6629,6.9339
6690,34.6017
6630,7.1380
6691,36.4184
6631,7.0588
6692,36.6350
6632,7.0334
6693,36.0147
6633,6.8700
6634,6.7710
6694,36.2424
6695,34.7413
6635,6.7896
6696,35.8687
6636,6.9013
6697,35.5590
6637,7.1320
6698,36.4650
6638,7.0191
6639,6.7956
6699,36.3238
6700,34.8277
6640,7.0269
6641,6.7879
6701,36.5928
6642,6.7138
6702,35.2504
6703,35.0591
6643,6.9837
6704,35.5216
6644,7.1381
6705,37.0828
6645,7.0275
6706,35.7790
6646,6.9552
6707,35.5227
6647,6.8920
6708,35.5555
6648,7.1009
6709,36.4672
6649,7.0264
6710,35.7757
6650,7.0714
6711,35.9783
6651,6.9625
6712,35.6586
6652,6.9589
6713,34.7688
6653,7.0222
6714,35.0512
6654,6.9571
6715,35.7148
6655,7.0826
6716,35.5022
6656,6.8825
6717,35.0843
6657,7.2625
6658,6.8841
6718,36.5463
6719,35.1656
6659,6.9061
6720,35.2239
6660,7.0202
6721,35.7116
6661,7.1215
6722,36.7908
6662,7.0773
6723,35.7378
6663,6.9091
6724,35.5206
6664,6.9172
6725,34.8564
6665,6.8621
6666,6.9295
6726,35.1205
6727,35.8174
6667,9.3288
6728,36.5050
6668,9.3775
6729,36.5005
6669,8.4844
6670,7.9395
6730,36.7372
6731,35.4218
6671,8.5738
6672,8.9674
6732,35.9796
6733,34.8393
6673,9.0769
6734,36.2211
6674,9.2310
6735,36.5716
6675,8.1128
6676,7.9918
6736,36.0490
6677,8.5470
6737,36.6019
6678,8.7571
6738,35.6418
6739,35.2142
6679,9.5609
6740,36.2280
6680,8.4852
6681,7.9695
6741,36.2508
6742,35.2477
6682,8.1802
6743,35.8920
6683,9.0445
6684,8.8447
6744,35.8385
6745,34.9479
6685,9.0128
6746,37.1085
6686,8.2433
6747,35.0811
6687,9.0914
6688,8.8503
6748,36.6028
6749,35.3296
6689,8.7919
6750,36.3652
6690,8.9372
6751,34.9184
6691,8.9782
6752,35.8128
6692,8.5868
6693,8.1266
6753,36.2446
6754,35.1232
6694,8.3319
6755,35.8894
6695,8.0334
6756,36.1046
6696,7.9734
6757,34.5065
6697,8.0983
6758,36.3273
6698,8.4819
6699,8.0819
6759,37.1138
6760,34.7255
6700,8.2307
6761,35.9376
6701,8.0226
6762,36.2463
6702,8.1327
6763,35.0380
6703,8.1369
6764,36.4441
6704,8.5163
6705,8.0266
6765,36.3574
6766,34.9352
6706,8.0865
6767,35.4072
6707,8.3366
6768,35.9248
6708,8.0949
6709,6.7484
6769,35.6442
6770,34.3846
6710,6.9747
6771,37.2759
6711,6.9095
6772,37.2083
6712,6.9318
6713,6.6771
6773,36.4652
6774,36.4047
6714,6.7615
6775,35.3499
6715,6.8973
6776,36.1666
6716,6.7801
6777,35.9883
6717,6.7935
6778,35.3043
6718,6.9114
6719,6.7629
6779,36.6713
6780,35.8173
6720,6.8721
6781,35.4126
6721,6.7010
6722,6.7486
6782,35.6397
6783,34.9512
6723,6.7797
6784,35.7687
6724,6.8856
6785,36.0274
6725,6.7374
6786,35.4065
6726,6.7169
6787,34.9127
6727,6.9298
6728,6.8540
6788,35.8922
6789,35.9204
6729,6.8620
6790,36.8971
6730,6.9325
6791,36.2133
6731,6.7653
6732,6.6755
6792,36.1872
6793,34.7156
6733,6.7813
6794,35.5350
6734,6.8970
6795,35.6758
6735,7.1256
6796,35.9310
6736,6.9658
6797,36.5127
6737,6.8780
6798,35.2501
6738,6.8826
6799,35.3251
6739,6.8926
6800,36.4001
6740,7.1601
6801,36.2108
6741,6.8336
6742,6.8685
6802,35.7688
6803,36.1530
6743,6.9975
6804,35.0523
6744,7.0954
6745,6.9275
6805,36.4038
6806,35.1715
6746,7.0121
6807,36.5728
6747,6.8428
6748,6.7780
6808,36.2541
6809,34.6546
6749,6.9652
6810,35.0676
6750,6.8490
6811,35.6668
6751,7.0592
6812,36.8246
6752,6.9265
6813,35.6507
6753,6.9107
6814,35.4929
6754,6.9275
6755,6.8725
6815,36.7056
6756,6.8231
6816,36.3384
6817,34.7998
6757,7.0744
6818,36.5264
6758,7.1885
6759,6.7659
6819,36.7523
6760,6.8295
6820,35.1421
6821,35.5069
6761,7.0002
6822,36.1130
6762,6.8953
6823,35.7337
6763,7.1256
6824,35.8777
6764,6.9848
6825,36.4414
6765,6.9191
6766,6.7986
6826,36.5183
6767,6.8505
6827,35.0510
6768,6.9050
6828,35.1021
6829,35.3637
6769,7.0163
6830,36.7411
6770,6.9195
6831,36.9742
6771,6.8566
6832,35.0091
6772,6.7791
6773,6.8073
6833,35.4227
6834,35.4029
6774,6.9331
6835,35.4735
6775,7.1015
6836,35.7131
6776,7.1077
6837,36.1927
6777,6.8199
6838,35.4978
6778,6.8523
6839,35.2539
6779,6.8295
6840,35.4841
6780,6.8826
6841,36.0678
6781,7.1139
6782,6.7929
6842,36.3783
6843,35.9841
6783,6.7923
6844,35.3295
6784,6.8346
6845,35.2730
6785,6.9499
6846,36.6318
6786,7.5210
6847,36.6087
6787,7.0666
6788,6.8732
6848,36.2071
6789,6.8142
6849,35.0941
6850,35.5113
6790,7.0837
6791,6.8411
6851,36.3934
6852,35.8074
6792,6.7952
6853,35.2770
6793,6.8786
6854,35.8259
6794,7.1201
6855,36.3487
6795,6.8489
6856,35.1542
6796,6.9175
6857,36.1138
6797,6.8577
6858,36.4873
6798,6.9536
6859,35.4910
6799,6.8954
6860,35.3688
6800,6.9519
6801,6.8676
6861,36.5009
6862,34.7684
6802,6.8924
6863,35.3502
6803,7.1450
6864,36.6906
6804,7.0826
6805,6.8697
6865,36.2496
6866,35.6069
6806,7.1207
6867,35.7883
6807,6.7543
6868,35.6054
6808,6.8270
6869,35.8768
6809,6.8931
6870,34.7832
6810,7.1029
6871,36.5325
6811,6.8758
6812,6.8456
6872,36.4063
6873,35.1817
6813,6.8967
6874,36.8320
6814,6.9272
6875,35.1636
6815,6.8470
6876,35.5201
6816,7.0317
6877,37.3185
6817,7.0627
6878,36.1550
6818,6.9544
6879,35.0148
6819,6.9248
6880,36.1839
6820,7.0694
6881,36.5898
6821,6.9345
6822,6.8426
6882,35.5210
6883,35.3498
6823,7.0675
6884,35.9139
6824,6.8919
6825,6.8269
6885,36.4152
6886,35.8309
6826,7.0601
6827,6.7148
6887,36.4204
6888,34.4446
6828,6.9842
6889,36.6724
6829,6.9312
6890,36.6096
6830,6.9247
6891,35.4715
6831,6.9028
6892,35.3016
6832,6.8299
6893,35.4884
6833,7.1004
6834,6.8700
6894,37.0322
6895,35.6976
6835,7.0849
6896,37.0467
6836,6.9400
6897,35.0611
6837,6.8075
6898,35.0569
6838,6.9587
6899,36.3018
6839,6.7906
6900,35.5901
6840,6.8605
6901,35.1166
6841,7.0916
6842,6.7656
6902,36.7460
6843,6.8918
6903,35.3132
6904,35.1541
6844,6.9950
6905,36.8765
6845,6.8374
6906,35.6519
6846,6.9060
6907,35.6793
6847,6.8951
6908,35.9505
6848,7.0773
6909,36.0330
6849,6.9131
6910,36.2627
6850,7.0335
6911,35.7321
6851,6.9000
6912,35.2538
6852,6.9935
6913,35.8173
6853,6.9240
6914,35.8105
6854,6.8480
6915,35.6086
6855,7.1858
6916,36.1019
6856,6.8240
6917,35.8435
6857,6.8384
6918,35.1777
6858,6.7775
6919,35.4698
6859,6.8471
6920,35.5094
6860,6.8321
6921,35.2043
6861,6.9158
6922,35.9160
6862,6.7936
6923,35.8610
6863,6.7121
6924,34.4280
6864,6.7921
6925,35.3857
6865,6.8670
6926,35.7556
6866,6.9991
6927,35.3272
6867,7.1071
6868,6.8024
6928,36.6884
6869,6.7600
6929,35.2485
6930,34.6101
6870,7.2009
6931,36.8715
6871,6.8641
6872,6.8374
6932,35.6352
6933,34.9209
6873,7.0045
6934,36.5762
6874,6.7151
6935,34.8947
6875,6.7823
6936,35.1174
6876,6.8328
6937,35.5303
6877,7.1559
6938,36.5714
6878,6.8523
6939,34.8726
6879,7.1211
6880,6.7571
6940,37.5500
6881,6.7905
6941,35.2606
6882,6.9023
6942,35.7317
6943,35.7863
6883,7.0417
6884,6.7634
6944,36.2749
6945,35.2129
6885,6.8009
6946,35.9907
6886,6.9021
6947,35.9775
6887,6.8536
6948,35.6480
6888,6.9264
6949,35.1580
6889,7.0391
6950,36.3877
6890,7.0970
6891,6.7783
6951,36.1373
6952,35.9875
6892,6.9178
6893,6.8594
6953,36.2291
6954,35.1421
6894,6.8284
6955,36.0343
6895,6.9265
6956,36.2703
6896,7.1450
6897,6.6438
6957,36.9084
6958,34.7832
6898,6.9526
6959,36.0331
6899,6.8959
6960,34.8791
6900,7.1355
6961,35.7562
6901,6.9521
6962,35.0057
6902,7.0061
6963,36.1982
6903,6.8042
6904,6.7400
6964,36.7524
6965,34.6093
6905,6.8214
6966,34.8692
6906,7.1165
6967,36.9115
6907,6.9242
6968,35.6128
6908,7.1149
6909,6.7257
6969,37.6098
6970,34.7597
6910,6.8031
6971,35.0686
6911,6.7852
6972,35.5395
6912,7.1466
6973,35.8429
6913,6.8779
6974,36.2968
6914,7.2094
6915,6.7561
6975,37.2347
6916,6.7893
6976,34.9115
6977,34.5716
6917,6.8471
6978,35.5329
6918,6.8111
6979,35.6473
6919,7.0089
6980,36.7293
6920,7.0698
6921,6.7698
6981,36.7528
6982,35.0334
6922,6.9398
6983,36.4020
6923,6.8222
6924,6.7535
6984,35.3614
6985,35.1888
6925,7.0733
6986,36.0338
6926,6.8630
6987,35.7592
6927,7.0477
6928,6.7503
6988,37.0721
6989,35.2375
6929,6.8739
6990,36.4817
6930,6.7639
6991,35.1016
6931,6.9035
6992,36.6985
6932,6.7942
6993,35.7739
6933,6.8587
6934,6.8297
6994,35.7627
6995,35.6838
6935,6.8059
6996,35.8322
6936,7.0334
6997,35.4954
6937,7.0805
6998,35.9804
6938,6.7968
6999,35.5805
6939,6.9248
6940,6.8709
7000,35.8580
7001,35.6745
6941,7.1518
6942,6.9534
7002,36.1088
7003,35.0307
6943,6.9379
6944,6.8148
7004,35.9681
7005,34.9505
6945,6.9938
7006,35.9249
6946,6.8102
7007,35.8789
6947,7.0223
7008,35.9506
6948,7.1832
7009,37.3022
6949,7.0745
6950,6.8319
7010,36.3415
7011,36.2900
6951,6.7746
7012,35.7622
6952,6.9256
7013,35.9713
6953,6.8122
7014,34.8358
6954,6.8562
7015,35.6706
6955,7.0243
6956,6.7563
7016,36.3594
7017,35.0768
6957,6.7794
7018,36.1693
6958,6.8582
7019,36.1112
6959,6.8922
7020,36.4960
6960,6.9596
7021,37.3112
6961,7.1593
6962,6.7820
7022,37.2036
7023,35.2206
6963,6.7569
7024,35.4557
6964,6.8790
7025,35.1790
6965,6.8223
7026,35.3537
6966,7.1214
7027,36.1111
6967,6.9784
6968,6.7381
7028,36.3935
7029,34.7244
6969,6.7606
7030,35.4376
6970,6.8826
6971,6.8950
7031,36.9394
7032,35.2222
6972,7.0215
6973,6.8255
7033,37.4197
6974,6.7848
7034,35.0052
7035,34.9002
6975,6.9473
6976,6.7628
7036,36.3843
7037,35.1118
6977,6.8454
7038,36.6191
6978,6.9409
7039,35.5677
6979,7.0144
6980,6.9043
7040,35.7918
7041,35.3489
6981,6.9783
7042,36.8145
6982,6.9886
7043,35.2884
6983,6.9020
6984,6.9502
7044,36.7799
7045,35.0812
6985,7.1480
6986,6.8518
7046,37.0360
7047,35.2138
6987,7.0707
6988,6.7857
7048,36.2329
6989,6.8734
7049,35.3311
7050,35.1385
6990,6.8685
7051,36.5206
6991,6.8164
6992,6.8230
7052,35.2557
7053,34.2781
6993,7.0049
7054,38.7514
6994,7.0306
6995,6.8029
7055,36.7167
6996,6.7963
7056,35.7833
7057,35.1456
6997,6.8300
7058,35.8521
6998,7.1079
7059,36.3783
6999,6.8691
7000,6.7368
7060,36.5599
7061,34.4687
7001,6.8157
7062,34.7076
7002,6.8435
7063,36.0792
7003,6.8580
7064,36.6166
7004,7.0769
7065,36.9980
7005,6.7411
7066,34.7630
7006,6.7959
7007,6.8680
7067,35.8620
7068,36.0038
7008,6.8464
7069,34.8946
7009,7.1402
7070,36.5905
7010,7.0043
7071,36.9166
7011,6.8129
7072,34.8645
7012,6.8347
7013,6.8495
7073,36.7278
7074,35.7867
7014,6.8562
7075,35.7907
7015,7.1308
7076,36.4574
7016,7.0647
7017,6.7208
7077,37.4155
7078,35.0211
7018,6.8821
7019,6.7997
7079,36.0140
7080,35.1701
7020,6.9085
7081,35.5109
7021,7.1021
7082,36.2484
7022,7.0498
7023,6.7702
7083,36.8771
7024,6.7068
7084,35.2874
7085,34.9749
7025,6.8732
7086,35.9369
7026,7.0131
7087,35.9843
7027,7.0766
7088,36.5005
7028,6.9093
7089,36.2309
7029,6.8776
7090,35.8968
7030,6.7854
7091,35.6248
7031,6.8886
7092,35.7763
7032,7.0641
7093,35.8328
7033,7.0616
7034,6.6844
7094,37.3254
7095,34.8705
7035,7.0641
7096,35.8175
7036,6.8413
7097,35.1784
7037,7.0220
7098,35.6375
7038,6.8127
7099,35.2895
7039,6.9925
7040,6.8294
7100,36.4828
7041,6.7890
7101,36.0977
7102,34.8325
7042,6.8852
7103,35.1359
7043,6.9768
7104,37.2027
7044,6.6959
7105,35.5726
7045,6.7882
7046,6.7812
7106,37.3091
7047,6.8501
7107,34.9706
7108,37.1458
7048,6.8904
7109,36.4793
7049,7.0854
7110,35.8970
7050,6.8372
7111,38.9508
7051,6.9574
7112,36.2736
7052,7.2473
7053,6.6951
7113,36.1083
7114,34.7624
7054,6.8211
7115,36.0042
7055,6.6788
7116,37.1020
7056,6.9631
7117,36.1631
7057,6.9054
7118,36.4136
7058,7.0572
7119,35.6955
7059,6.8717
7120,36.3232
7060,6.7805
7121,35.1916
7061,6.7658
7122,35.6950
7062,6.8638
7123,35.2316
7063,6.8167
7124,36.1680
7064,6.7817
7125,35.6480
7065,7.0464
7066,6.8455
7126,36.8076
7127,36.7090
7067,6.6914
7068,6.8047
7128,35.5358
7129,35.2163
7069,6.9661
7070,6.7683
7130,36.3789
7131,35.0190
7071,6.9394
7132,36.5678
7072,6.7250
7133,35.2605
7073,7.0451
7134,35.8440
7074,6.8776
7135,35.1280
7075,6.9273
7136,35.9457
7076,7.0960
7077,6.8506
7137,36.9375
7078,6.7720
7138,35.3903
7139,34.9499
7079,7.0331
7140,35.9506
7080,6.9782
7141,36.0818
7081,6.7876
7142,35.0970
7082,7.1315
7083,6.7222
7143,36.4374
7144,34.9746
7084,6.7719
7145,35.4808
7085,7.1130
7146,36.5737
7086,7.0223
7087,6.8403
7147,36.5334
7148,36.0209
7088,7.0644
7149,36.3577
7089,6.8266
7150,36.4178
7090,6.7808
7151,35.3967
7091,6.8875
7152,35.2025
7092,6.8212
7153,36.3228
7093,6.8025
7154,35.3138
7094,7.1766
7095,6.8374
7155,36.3889
7156,36.1791
7096,6.8894
7157,36.2969
7097,6.7886
7158,35.6795
7098,6.9386
7159,36.2743
7099,6.8349
7160,35.5834
7100,7.0940
7101,6.7161
7161,37.4636
7102,6.8048
7162,35.1322
7163,35.4605
7103,6.8330
7164,35.6135
7104,6.9777
7165,36.0258
7105,7.0045
7166,36.2109
7106,6.8091
7167,36.1078
7107,6.8526
7168,37.3019
7108,6.8515
7169,34.9065
7109,6.9680
7170,36.2879
7110,6.8548
7171,36.8031
7111,10.0663
7172,36.7481
7112,7.8013
7113,7.1253
7173,37.2182
7114,7.1759
7174,36.3499
7175,35.8972
7115,7.4787
7116,7.2075
7176,36.7059
7177,35.9512
7117,7.1622
7178,36.2275
7118,7.3750
7179,36.9202
7119,7.3968
7180,36.1776
7120,7.0877
7181,35.6655
7121,7.1319
7182,35.9583
7122,7.7474
7123,7.0602
7183,37.1219
7124,7.0283
7184,35.9576
7185,35.1201
7125,7.0857
7186,35.6521
7126,7.3574
7127,7.1672
7187,36.4143
7188,35.2185
7128,7.3584
7189,36.7709
7129,7.2207
7190,36.2075
7130,7.1349
7191,35.2471
7131,7.2653
7192,36.3035
7132,7.2677
7193,36.7141
7133,7.2934
7194,36.4303
7134,7.3885
7195,36.6638
7135,7.6526
7136,7.0789
7196,38.2751
7197,34.8823
7137,7.0958
7138,7.1741
7198,35.8578
7199,35.9071
7139,7.4032
7140,7.1937
7200,36.6053
7201,37.7920
7141,7.4093
7202,36.6511
7142,7.4175
7143,7.1119
7203,36.8714
7204,35.5650
7144,7.2398
7145,7.1346
7205,37.1835
7206,35.1805
7146,7.4529
7147,7.0964
7207,36.6049
7208,37.3426
7148,7.3017
7209,36.7461
7149,7.5670
7150,7.1162
7210,36.3033
7211,35.9562
7151,7.2035
7152,7.2497
7212,36.9240
7213,34.8403
7153,7.3371
7154,7.1922
7214,37.1459
7215,35.7315
7155,7.3532
7216,36.4220
7156,7.1667
7157,7.1838
7217,37.2260
7218,35.9453
7158,7.1156
7219,35.8597
7159,7.2316
7220,36.3280
7160,7.3255
7221,35.4252
7161,7.4489
7222,37.1373
7162,7.4095
7223,35.9065
7163,7.3440
7224,36.1147
7164,7.1513
7225,35.9591
7165,7.5244
7166,7.0460
7226,37.4273
7227,34.9848
7167,7.3303
7228,36.0784
7168,7.5384
7169,7.0061
7229,37.5346
7170,7.0964
7230,34.8299
7231,35.1668
7171,7.4012
7232,35.8627
7172,7.4170
7173,7.0563
7233,37.6501
7174,7.2169
7234,35.6610
7235,35.7698
7175,7.7386
7176,7.1102
7236,37.8934
7177,7.1539
7237,35.1696
7238,35.8096
7178,7.0797
7239,35.7805
7179,7.4150
7180,7.0117
7240,36.9349
7241,36.0410
7181,7.0697
7242,36.2775
7182,7.2159
7243,37.1366
7183,7.2126
7184,6.9738
7244,36.2118
7245,34.7090
7185,7.5359
7186,6.9652
7246,37.4685
7247,34.8390
7187,7.3127
7248,37.4449
7188,7.1755
7249,35.8803
7189,7.4995
7250,36.8303
7190,7.0838
7251,35.8634
7191,7.0038
7252,35.6155
7192,7.1401
7253,36.4217
7193,7.2974
7194,7.0515
7254,36.8859
7255,35.8068
7195,7.3556
7256,36.4353
7196,7.0350
7257,35.8312
7197,7.0226
7258,34.8262
7198,7.2739
7259,37.0135
7199,6.9965
7260,35.8577
7200,7.3860
7201,6.9313
7261,36.7892
7262,34.8687
7202,7.2692
7263,37.3277
7203,7.1157
7264,36.4598
7204,7.2510
7265,37.1447
7205,7.1969
7266,35.9119
7206,7.0579
7267,37.0804
7207,7.1348
7268,36.4057
7208,7.1530
7209,6.9472
7269,36.7693
7270,34.9481
7210,7.1658
7271,35.7485
7211,7.2709
7212,7.0127
7272,37.4284
7273,35.9101
7213,6.9428
7274,35.2709
7214,7.2191
7275,36.2330
7215,7.2019
7216,7.0240
7276,36.4191
7277,35.6027
7217,7.3445
7218,6.9549
7278,37.4751
7279,37.8905
7219,7.1571
7280,35.8522
7220,7.0677
7221,7.1439
7281,37.1794
7282,35.8453
7222,7.2054
7283,36.2120
7223,7.3192
7224,7.0083
7284,36.9239
7285,35.6936
7225,7.6672
7226,6.9680
7286,36.7199
7227,6.9113
7287,36.1303
7288,34.7357
7228,7.0942
7289,36.4983
7229,7.4800
7290,36.7025
7230,6.9699
7291,35.4322
7231,7.1880
7292,36.4942
7232,7.1752
7293,35.9214
7233,7.0396
7294,36.0874
7234,6.9367
7295,34.9148
7235,7.2133
7296,36.9151
7236,6.9302
7297,35.7439
7237,6.9395
7298,35.9192
7238,7.0061
7299,36.3576
7239,6.9792
7300,36.0425
7240,7.3244
7241,6.9307
7301,37.3126
7302,36.0141
7242,7.0300
7303,36.0470
7243,7.0413
7304,36.6830
7244,6.9941
7305,36.1662
7245,7.2955
7246,7.0921
7306,37.2593
7307,34.8366
7247,7.3508
7308,37.0407
7248,7.0133
7249,6.7280
7309,37.0699
7250,6.7106
7310,35.8625
7311,35.5637
7251,7.0501
7312,36.7905
7252,7.2115
7253,6.8104
7313,37.2586
7314,35.2021
7254,7.1559
7315,36.6460
7255,7.0000
7316,37.0582
7256,6.7509
7317,34.9174
7257,6.7795
7318,35.6520
7258,6.8426
7319,36.6691
7259,7.0671
7260,6.7621
7320,37.3356
7321,35.8283
7261,7.0968
7322,36.6157
7262,6.9185
7323,35.3886
7263,6.9597
7324,36.3124
7264,6.7282
7325,35.0490
7265,6.8976
7326,36.9090
7266,6.8354
7327,35.9800
7267,7.0065
7328,36.2037
7268,6.8531
7329,36.2412
7269,7.0647
7330,36.7847
7270,6.7763
7331,35.1142
7271,6.9724
7332,37.6270
7272,6.9872
7333,37.2101
7273,7.2287
7334,37.5816
7274,7.1979
7335,35.8130
7275,6.8566
7336,35.7314
7276,7.2097
7337,37.6949
7277,6.8191
7338,35.9001
7278,7.0775
7279,6.7265
7339,36.6369
7340,35.2302
7280,7.1200
7341,37.0776
7281,6.8351
7342,35.9665
7282,7.3568
7283,6.6994
7343,37.4297
7344,34.8406
7284,6.8020
7345,35.9637
7285,7.0788
7346,36.7855
7286,7.0650
7287,6.7215
7347,36.9555
7348,35.0743
7288,6.8319
7349,35.3309
7289,7.0341
7350,36.7989
7290,7.1093
7291,6.8121
7351,37.3249
7352,35.4670
7292,6.8110
7353,35.5810
7293,7.1215
7294,6.8166
7354,37.0897
7355,34.9743
7295,7.0774
7356,36.4134
7296,6.8776
7357,36.0210
7297,7.2684
7298,6.7922
7358,37.3572
7359,35.7240
7299,6.9857
7360,36.5799
7300,6.9603
7361,35.6784
7301,7.0618
7362,35.7424
7302,8.2893
7363,36.1385
7303,7.1671
7304,6.9848
7364,36.1898
7365,35.8014
7305,7.1293
7366,36.9498
7306,6.9449
7367,36.0739
7307,7.1233
7308,7.3877
7368,36.9470
7369,35.1812
7309,7.0931
7370,36.1429
7310,7.0511
7371,36.4815
7311,7.0387
7372,36.1063
7312,7.2215
7373,36.6769
7313,7.1544
7374,37.6783
7314,6.8305
7375,35.8019
7315,6.8074
7376,35.8030
7316,7.0914
7377,36.4188
7317,7.1292
7318,6.9166
7378,37.2170
7379,35.3786
7319,7.2969
7380,36.0602
7320,6.9121
7381,36.2166
7321,7.1565
7322,6.8775
7382,35.6682
7383,35.9778
7323,7.0613
7324,6.8853
7384,36.2496
7385,34.8365
7325,6.9257
7386,36.3591
7326,7.0149
7387,35.3563
7327,6.9976
7388,35.5694
7328,7.1371
7389,35.8860
7329,7.1643
7330,6.7669
7390,37.8146
7391,35.9256
7331,7.2254
7392,36.1255
7332,6.7945
7393,35.1257
7333,7.0226
7394,36.1188
7334,6.9135
7395,36.2856
7335,7.2775
7396,36.6577
7336,7.1233
7337,6.7638
7397,36.9538
7398,35.7200
7338,7.1123
7399,36.7635
7339,6.8462
7400,36.3400
7340,6.8103
7401,37.5557
7341,7.0735
7402,36.0899
7342,7.0317
7403,36.6446
7343,7.5389
7404,35.7143
7344,7.4025
7405,36.6356
7345,6.8890
7406,35.0482
7346,6.9326
7407,36.3183
7347,6.6631
7408,35.1090
7348,6.9308
7409,36.2913
7349,6.8962
7410,36.5128
7350,7.1856
7351,6.8670
7411,36.8501
7412,35.0503
7352,7.0540
7353,6.8739
7413,37.0565
7414,35.7995
7354,6.9997
7355,6.6898
7415,38.1039
7416,35.7352
7356,6.8677
7417,36.3870
7357,6.9344
7418,36.6604
7358,7.1975
7419,36.9641
7359,7.0798
7420,36.2551
7360,6.9698
7421,36.9902
7361,7.0035
7422,36.0655
7362,6.9652
7423,37.3916
7363,7.5842
7364,6.7754
7424,37.6414
7365,7.0728
7425,35.8330
7426,35.8170
7366,6.9433
7427,35.7124
7367,7.1280
7428,35.1661
7368,7.0305
7369,6.9321
7429,37.3278
7430,35.6174
7370,7.0492
7431,36.3471
7371,7.4233
7372,6.7495
7432,35.8910
7373,6.7335
7433,36.4746
7434,35.5542
7374,6.7741
7435,35.5852
7375,7.1217
7376,6.9001
7436,37.5681
7437,34.8113
7377,7.1549
7438,37.3402
7378,7.1502
7379,6.7209
7439,36.8862
7440,35.6093
7380,6.9849
7441,35.7575
7381,6.8285
7442,35.2437
7382,6.9976
7443,35.6748
7383,6.7463
7444,35.6454
7384,7.2898
7445,36.8894
7385,6.7367
7446,35.9961
7386,6.8334
7447,36.0899
7387,6.6981
7448,35.5527
7388,7.5860
7389,7.3524
7449,37.1567
7450,36.2308
7390,7.1897
7451,37.0071
7391,7.4359
7392,6.7300
7452,37.6629
7453,34.9404
7393,7.2067
7394,6.9094
7454,38.4198
7395,6.9902
7455,36.1587
7456,35.6384
7396,6.9191
7457,36.2956
7397,7.3151
7398,6.8608
7458,37.5570
7459,35.2057
7399,7.1432
7460,36.2074
7400,7.3061
7401,6.8386
7461,37.2487
7402,6.9887
7462,36.7040
7463,35.2905
7403,7.1976
7464,35.4729
7404,7.1743
7405,7.2387
7465,36.3411
7466,35.4906
7406,7.0390
7467,37.0519
7407,7.3193
7408,6.8008
7468,36.4118
7469,36.8339
7409,7.3792
7470,36.4966
7410,6.9779
7471,36.1932
7411,6.9948
7472,35.9990
7412,7.4124
7473,36.8294
7413,7.2827
7474,36.6072
7414,6.8500
7475,36.4319
7415,6.9913
7476,35.7762
7416,7.1294
7477,36.3846
7417,6.8593
7478,35.8446
7418,7.1246
7479,36.4440
7419,6.9678
7480,36.3144
7420,6.7491
7421,6.7620
7481,36.7029
7482,34.8458
7422,7.5262
7423,6.7491
7483,37.7356
7484,35.8794
7424,7.1509
7425,6.9288
7485,36.4146
7486,34.7855
7426,6.9282
7487,35.5773
7427,7.0235
7488,36.8521
7428,6.9633
7429,6.8400
7489,36.5481
7490,35.0775
7430,7.5778
7491,36.6152
7431,7.1621
7492,35.1630
7432,7.0072
7433,7.0673
7493,36.6659
7494,35.9270
7434,7.0560
7435,6.9260
7495,36.9794
7496,35.8591
7436,6.8719
7497,36.0815
7437,7.1486
7498,36.6456
7438,6.8519
7499,36.1145
7439,7.0009
7500,34.9038
7440,6.9977
7441,7.2238
7501,36.7116
7502,36.4557
7442,6.9932
7503,35.1986
7443,7.6023
7444,6.9381
7504,38.4090
7505,35.9256
7445,7.0784
7446,7.1679
7506,36.7175
7507,34.8055
7447,6.8854
7508,37.4950
7448,7.4984
7509,36.0692
7449,7.5016
7510,36.3923
7450,6.8326
7511,36.5898
7451,7.1055
7452,6.9864
7512,37.0425
7513,35.3184
7453,7.1000
7514,36.4936
7454,7.3785
7455,6.9014
7515,36.2247
7516,35.4205
7456,7.4255
7517,36.5063
7457,6.7805
7518,35.2384
7458,7.0361
7519,36.5166
7459,7.2474
7460,6.8349
7520,36.8463
7461,6.9797
7521,35.9146
7522,35.8411
7462,7.2757
7523,35.8221
7463,7.1441
7524,36.5130
7464,7.5217
7525,36.5864
7465,7.2030
7526,36.9437
7466,7.1386
7527,36.1833
7467,6.7933
7528,36.2499
7468,6.9719
7529,36.4407
7469,7.1412
7470,6.8974
7530,36.2545
7531,36.1065
7471,7.7176
7532,36.9242
7472,6.8922
7533,35.4457
7473,7.1754
7534,36.1275
7474,7.3900
7475,7.2191
7535,37.1313
7536,35.9085
7476,7.1084
7537,36.7417
7477,7.3258
7478,7.1140
7538,36.8554
7539,35.2315
7479,7.4243
7480,6.9979
7540,36.4114
7541,35.4634
7481,7.3083
7542,36.3609
7482,7.2300
7543,36.3176
7483,7.2956
7484,6.9723
7544,35.6370
7545,35.0575
7485,7.1764
7546,35.7399
7486,7.1927
7547,36.8093
7487,7.1672
7488,7.2713
7548,37.1259
7549,36.0279
7489,7.0271
7550,36.4346
7490,7.2408
7551,36.3297
7491,7.0879
7552,36.2870
7492,7.2527
7553,36.5804
7493,7.2698
7554,35.6129
7494,6.9358
7555,36.7410
7495,7.4931
7496,7.1062
7556,36.2870
7557,35.7702
7497,7.5128
7558,36.3630
7498,6.6993
7559,35.6729
7499,7.0726
7500,6.7137
7560,37.0854
7561,36.0971
7501,7.2385
7562,36.4846
7502,7.2436
7563,36.3952
7503,7.0432
7564,36.2749
7504,7.4211
7505,7.5075
7565,36.9121
7566,35.8633
7506,7.4789
7567,37.7842
7507,7.2392
7568,36.1481
7508,7.2416
7509,6.9952
7569,35.6971
7570,35.6938
7510,6.9461
7571,35.8536
7511,7.4184
7512,7.1717
7572,36.7518
7573,36.4714
7513,7.1705
7514,7.2392
7574,37.3789
7575,35.9412
7515,7.0379
7576,36.4242
7516,6.8855
7577,35.6459
7517,7.0066
7518,7.0278
7578,36.0930
7579,35.5263
7519,7.7618
7580,37.3232
7520,7.5930
7521,6.9874
7581,37.0545
7582,34.5980
7522,7.1952
7583,38.6282
7523,7.3024
7524,7.1621
7584,36.8361
7525,6.9726
7585,35.9202
7586,35.0707
7526,7.2157
7587,37.0870
7527,7.4103
7588,36.4723
7528,7.3783
7589,36.4229
7529,7.4265
7590,36.4851
7530,7.6939
7591,36.9705
7531,7.2652
7532,6.8469
7592,37.3578
7533,7.3700
7593,35.9672
7594,35.8619
7534,7.8594
7595,36.6723
7535,7.3937
7596,36.9893
7536,7.7146
7537,7.0002
7597,37.7828
7538,7.2375
7598,36.1927
7539,6.6940
7599,35.6224
7600,35.3260
7540,7.1020
7601,35.7095
7541,7.5462
7602,36.1146
7542,6.9534
7603,36.7835
7543,7.4343
7544,6.9553
7604,36.9346
7545,7.1997
7605,36.7599
7546,6.9786
7606,35.8221
7607,36.2929
7547,7.2262
7608,36.8583
7548,6.9244
7609,36.3524
7549,7.4729
7610,36.8871
7550,7.0521
7551,6.8199
7611,36.3877
7612,35.2596
7552,6.8954
7613,36.1405
7553,7.0523
7614,35.2085
7554,7.3993
7615,36.0588
7555,7.5861
7616,37.1141
7556,6.8771
7617,35.5342
7557,6.8860
7618,36.1124
7558,7.5735
7559,7.0245
7619,37.0501
7620,35.7398
7560,7.5336
7621,36.9941
7561,6.9435
7622,36.3646
7562,7.4761
7563,7.0592
7623,37.2237
7624,36.4325
7564,7.2945
7565,7.0610
7625,36.2694
7626,36.2235
7566,7.4483
7567,6.9503
7627,37.0854
7628,35.0580
7568,7.2979
7569,7.0113
7629,37.5416
7630,35.8230
7570,7.1210
7631,36.2619
7571,7.2579
7632,35.2525
7572,7.1620
7633,36.9212
7573,7.3240
7634,36.3712
7574,7.1883
7575,7.4121
7635,37.3051
7636,35.9941
7576,6.8930
7637,35.5975
7577,7.3658
7578,7.0887
7638,36.4345
7639,35.0675
7579,7.3241
7640,35.9136
7580,7.4504
7581,7.0180
7641,37.7395
7642,36.2177
7582,7.3134
7583,6.6251
7643,35.7490
7644,35.0549
7584,7.3225
7645,35.7654
7585,7.2974
7586,7.1890
7646,37.1510
7647,34.8258
7587,7.1467
7648,36.9472
7588,7.4094
7589,7.1361
7649,36.9795
7650,35.1386
7590,6.9676
7591,7.1324
7651,35.4895
7652,35.7108
7592,7.4323
7653,36.1919
7593,7.2263
7594,7.0087
7654,36.5257
7655,35.1839
7595,7.4509
7656,37.2249
7596,6.9269
7657,36.2994
7597,7.2211
7658,35.6615
7598,6.9842
7659,36.7573
7599,7.7757
7660,36.0762
7600,7.3476
7661,37.2613
7601,7.4395
7602,6.9061
7662,37.1568
7663,35.4568
7603,7.0182
7604,7.2023
7664,37.3611
7605,6.9889
7665,36.3208
7666,35.8412
7606,6.8641
7667,35.4126
7607,7.0124
7668,36.4586
7608,6.9902
7609,6.7303
7669,36.1149
7670,34.9531
7610,7.2412
7671,35.8408
7611,7.0417
7612,7.1992
7672,36.6044
7673,35.7878
7613,6.9988
7674,37.2217
7614,7.5760
7675,35.9344
7615,7.4221
7676,37.1805
7616,6.7519
7617,6.6989
7677,35.5352
7678,34.8924
7618,7.5247
7679,37.0945
7619,6.9676
7620,7.1338
7680,36.2238
7681,35.0187
7621,7.4322
7622,7.3153
7682,36.2059
7683,35.8094
7623,7.0813
7684,36.5280
7624,6.8477
7685,36.4153
7625,6.9102
7686,35.7540
7626,7.1524
7687,37.2929
7627,7.3981
7688,35.8239
7628,7.1259
7689,36.3270
7629,7.1746
7630,6.9866
7690,38.0225
7631,6.9577
7691,35.1343
7692,36.6782
7632,7.1109
7633,7.0139
7693,36.5229
7694,35.9558
7634,7.1129
7695,36.5769
7635,7.5984
7696,36.3906
7636,7.2588
7697,37.4386
7637,7.3618
7638,7.1179
7698,37.3440
7639,7.0199
7699,35.8372
7700,35.9374
7640,7.0175
7641,6.8029
7701,37.5293
7702,36.6342
7642,6.6921
7703,35.2179
7643,7.4623
7704,36.9357
7644,7.0867
7705,37.2308
7645,7.0157
7646,6.8000
7706,36.7545
7647,7.1443
7707,36.2090
7708,35.4117
7648,6.9373
7709,36.6983
7649,6.8234
7710,36.0134
7650,6.7949
7711,35.6163
7651,7.4537
7712,37.2841
7652,6.8724
7713,34.9280
7653,7.4560
7654,6.7535
7714,37.3245
7655,6.9655
7715,35.3713
7656,6.8738
7716,35.0090
7717,35.1177
7657,7.4352
7718,37.6299
7658,7.0901
7719,35.0837
7659,7.5556
7720,36.5103
7660,7.3220
7661,6.8314
7721,37.1425
7722,35.5864
7662,6.7327
7723,35.8423
7663,6.9444
7724,36.1838
7664,7.0675
7665,7.1822
7725,36.3416
7726,35.6644
7666,7.0647
7727,35.9582
7667,7.0876
7668,7.0584
7728,37.0891
7729,34.6844
7669,7.2037
7730,36.4376
7670,6.8725
7731,36.0558
7671,7.3102
7732,35.9013
7672,7.1442
7673,7.3023
7733,37.0749
7734,36.2387
7674,7.3195
7675,7.1052
7735,37.7921
7736,35.4314
7676,7.2247
7737,35.7695
7677,6.9222
7738,36.4840
7678,7.1687
7739,35.8020
7679,7.1814
7740,36.3649
7680,7.1589
7681,6.7646
7741,37.0216
7742,36.5024
7682,7.4526
7683,6.6789
7743,42.9114
7684,7.0834
7744,36.0199
7685,6.9668
7745,35.9517
7686,7.0146
7746,35.8507
7747,35.6824
7687,7.1871
7748,36.7756
7688,7.0159
7749,35.6266
7689,7.2405
7750,37.1800
7690,7.3337
7691,6.9674
7751,36.2794
7752,35.5629
7692,6.8251
7753,36.4255
7693,7.1038
7694,7.0887
7754,36.0808
7755,35.0261
7695,7.0673
7756,36.4906
7696,7.1163
7757,35.0800
7697,6.9460
7758,36.9985
7698,7.1061
7699,6.8368
7759,36.5398
7760,34.9832
7700,7.0640
7761,36.5848
7701,7.0219
7762,35.7448
7702,7.5654
7763,37.5009
7703,7.0880
7704,6.6437
7764,37.1869
7765,35.2158
7705,7.1786
7766,36.6796
7706,6.8331
7767,35.7272
7707,6.7352
7768,36.3375
7708,7.0091
7769,36.5089
7709,7.4014
7770,36.5836
7710,6.9867
7771,36.9899
7711,7.1363
7772,36.1927
7712,7.0492
7773,35.8790
7713,6.7506
7774,36.3247
7714,7.1435
7775,35.2228
7715,7.2296
7776,36.1126
7716,7.0947
7777,35.8625
7717,7.2459
7778,36.5960
7718,7.2579
7719,6.8891
7779,37.3900
7720,6.7280
7780,35.2638
7721,6.7865
7781,35.7153
7782,34.6688
7722,7.4839
7783,36.4015
7723,7.1661
7784,37.5808
7724,8.8083
7785,35.3263
7725,7.1072
7726,7.0508
7786,37.1208
7787,35.2111
7727,6.2753
7788,35.1221
7728,6.7209
7789,36.4396
7729,6.5104
7790,35.3025
7730,6.5405
7791,36.8405
7731,6.3638
7792,35.2788
7732,7.0643
7733,6.4905
7793,37.1265
7794,36.0899
7734,6.9765
7735,6.4765
7795,37.3720
7796,35.1733
7736,6.3208
7797,35.8688
7737,6.7606
7798,36.1741
7738,6.5974
7739,6.1248
7799,36.6411
7800,35.9214
7740,6.3103
7801,35.2869
7741,6.8691
7802,37.1131
7742,6.5351
7803,35.5128
7743,6.2869
7804,36.2661
7744,6.2896
7805,35.6896
7745,6.5047
7746,6.3747
7806,37.0972
7807,34.8925
7747,6.8227
7808,36.5404
7748,6.5636
7809,35.0948
7749,6.4175
7810,37.0485
7750,6.4014
7811,36.9088
7751,6.5069
7752,6.5202
7812,38.0640
7813,34.5991
7753,6.4259
7814,36.3517
7754,6.1845
7815,35.3993
7755,6.3442
7816,36.6981
7756,6.9905
7817,37.1255
7757,6.4887
7818,35.7525
7758,6.5330
7819,35.9214
7759,6.9178
7820,36.7798
7760,6.3179
7821,36.5490
7761,6.5578
7822,35.6070
7762,6.6844
7823,36.6383
7763,6.2180
7824,35.5010
7764,6.2623
7825,36.2466
7765,6.4054
7826,35.8207
7766,6.5918
7827,36.7775
7767,6.9272
7768,6.1074
7828,37.1213
7829,35.1879
7769,6.4680
7830,35.7893
7770,6.5471
7831,36.6055
7771,6.1258
7832,35.6456
7772,6.5237
7833,35.2960
7773,6.8166
7774,6.5324
7834,37.4337
7835,35.4340
7775,6.7498
7836,36.3143
7776,6.5278
7837,35.3244
7777,6.1490
7838,36.1983
7778,6.5002
7779,6.0702
7839,36.9456
7840,34.9061
7780,6.2776
7841,36.2161
7781,6.8544
7782,6.0617
7842,37.7354
7843,34.3752
7783,6.4299
7784,6.3044
7844,36.9640
7785,5.9787
7845,35.7376
7846,35.0522
7786,6.1307
7847,34.9494
7787,6.5918
7848,36.3889
7788,6.5472
7789,6.6533
7849,37.3911
7850,36.1415
7790,6.2184
7851,35.9778
7791,6.3539
7852,37.3003
7792,6.4778
7793,6.0912
7853,35.5467
7854,35.5496
7794,6.3883
7855,36.7269
7795,6.2298
7856,35.7392
7796,6.5680
7857,36.4325
7797,6.6867
7858,36.8129
7798,6.5199
7799,6.5767
7859,37.7876
7860,36.0335
7800,6.3924
7861,35.1036
7801,6.4656
7802,6.3750
7862,37.4747
7863,35.2571
7803,6.2568
7864,36.8993
7804,7.2201
7865,36.9053
7805,6.4958
7866,36.8483
7806,6.5412
7807,6.0881
7867,37.8158
7808,6.0808
7868,34.8521
7869,35.8560
7809,6.4065
7870,36.7685
7810,6.8064
7871,36.9352
7811,6.2161
7872,36.0404
7812,6.3966
7873,35.9666
7813,6.3789
7874,35.2932
7814,6.3652
7815,6.5063
7875,37.3304
7876,35.2108
7816,6.1343
7877,35.7018
7817,6.6105
7878,38.2149
7818,6.4420
7879,37.9993
7819,6.1370
7880,36.4933
7820,6.6134
7881,36.2623
7821,6.1487
7882,36.1199
7822,6.6684
7823,6.5136
7883,37.4759
7824,6.1805
7884,35.8576
7885,36.2596
7825,6.7169
7886,37.0717
7826,6.2012
7887,36.1642
7827,6.8810
7888,37.1187
7828,6.5492
7889,36.3232
7829,6.4173
7890,36.8311
7830,6.7168
7891,36.5700
7831,6.1334
7892,35.9989
7832,6.6217
7893,37.2112
7833,6.4964
7834,6.1987
7894,36.5375
7895,35.8227
7835,6.6209
7896,37.0876
7836,6.8677
7897,36.0517
7837,6.6062
7898,37.5036
7838,6.1617
7899,35.6975
7839,6.1416
7900,36.2679
7840,6.4566
7901,37.1160
7841,6.1589
7902,36.2802
7842,6.5182
7903,36.5007
7843,6.2807
7904,35.6015
7844,6.5328
7905,36.1533
7845,6.4237
7846,6.1049
7906,37.3554
7907,35.8245
7847,6.1700
7908,35.2971
7848,6.3177
7909,36.4905
7849,6.6350
7850,6.1965
7910,37.3858
7911,34.8389
7851,6.3443
7912,36.3572
7852,6.1420
7913,36.8551
7853,6.3330
7914,36.7317
7854,6.1852
7855,6.3157
7915,36.5418
7916,36.1057
7856,6.3408
7857,6.0783
7917,37.6169
7858,6.2376
7918,35.8068
7919,35.9581
7859,6.3122
7920,36.6445
7860,6.4574
7921,36.9367
7861,6.4204
7922,36.4015
7862,6.3383
7923,36.3445
7863,6.1318
7924,36.0892
7864,6.3800
7865,6.0987
7925,37.4236
7926,36.2419
7866,6.4583
7867,6.2074
7927,36.7262
7928,35.9407
7868,6.5527
7869,6.1078
7929,37.0942
7930,35.0722
7870,6.1715
7931,36.0607
7871,6.4372
7932,36.2371
7872,6.3234
7873,6.0545
7933,36.7844
7874,6.1656
7934,35.0652
7935,35.3962
7875,6.5027
7936,37.1942
7876,6.2760
7937,36.6141
7877,6.3014
7938,35.8824
7878,6.2581
7939,35.6872
7879,6.4726
7940,36.4636
7880,6.4326
7881,6.0357
7941,36.0642
7882,6.0856
7942,36.3379
7943,35.8557
7883,6.3808
7884,6.0447
7944,36.3597
7945,36.1451
7885,6.6587
7946,36.3572
7886,6.3702
7947,35.7698
7887,6.5330
7948,37.7355
7888,6.5101
7889,5.9953
7949,38.1964
7890,6.0749
7950,35.7311
7951,35.3327
7891,6.4716
7892,6.1851
7952,36.4819
7953,36.4770
7893,6.4254
7954,36.4192
7894,6.7023
7895,6.4421
7955,37.2442
7956,35.3198
7896,6.3979
7897,6.0405
7957,37.4238
7958,36.0154
7898,6.2340
7899,6.1285
7959,37.2818
7960,35.1274
7900,6.1360
7961,37.3553
7901,6.3266
7962,36.7322
7902,6.2626
7903,6.0270
7963,37.3613
7964,35.2043
7904,6.2832
7965,36.3754
7905,6.2172
7966,35.9903
7906,6.1893
7967,37.4233
7907,6.3864
7908,6.0952
7968,36.8901
7969,35.7003
7909,6.5289
7970,37.1914
7910,6.4817
7911,6.1460
7971,36.7041
7972,34.8482
7912,6.3451
7913,6.1160
7973,37.1813
7974,35.8405
7914,6.2513
7975,36.3453
7915,6.4521
7976,36.5651
7916,6.5295
7977,36.0342
7917,6.4221
7978,36.0050
7918,6.1548
7979,36.1179
7919,6.1538
7980,35.4732
7920,6.3367
7981,36.7520
7921,6.1575
7982,35.9680
7922,6.1971
7983,35.9041
7923,6.3809
7984,36.8920
7924,6.2205
7985,35.5687
7925,6.5521
7986,36.3683
7926,6.0953
7987,35.3691
7927,6.4770
7928,6.3448
7988,36.7733
7989,36.5381
7929,6.1468
7930,6.0990
7990,38.0084
7991,36.1739
7931,6.5736
7992,35.7457
7932,6.5399
7993,36.5508
7933,6.0840
7994,36.3219
7934,6.2780
7995,36.4875
7935,6.2768
7996,36.3695
7936,6.2640
7997,36.0823
7937,6.5098
7938,6.1427
7998,35.6484
7999,35.6325
7939,6.2814
7940,6.2102
8000,36.3226
7941,6.4461
8001,35.8322
8002,35.8805
7942,6.5535
8003,36.1682
7943,6.2507
8004,35.1140
7944,6.2840
7945,6.2930
8005,36.4074
8006,36.2891
7946,6.4205
7947,6.1448
8007,36.6698
8008,35.6894
7948,6.3024
7949,6.0397
8009,36.7032
8010,34.8794
7950,6.4596
7951,6.4527
8011,37.4729
8012,36.0883
7952,6.3950
8013,36.8288
7953,6.0085
8014,35.9017
7954,6.1610
8015,36.2920
7955,6.5142
8016,37.3311
7956,6.1341
8017,36.3155
7957,6.1089
8018,35.5072
7958,6.4447
8019,37.1035
7959,6.1263
8020,36.3624
7960,6.5249
8021,35.6985
7961,6.1385
8022,36.7252
7962,6.0689
8023,35.3310
7963,6.1133
8024,35.8276
7964,6.4142
7965,6.3238
8025,36.8568
8026,36.2106
7966,6.4114
8027,36.5746
7967,6.3669
8028,36.5613
7968,6.1875
8029,36.1334
7969,6.3947
8030,37.0964
7970,6.2170
8031,36.9344
7971,6.1622
8032,36.0594
7972,6.4100
7973,6.1301
8033,37.1371
8034,36.6607
7974,6.4116
8035,36.9055
7975,6.1893
8036,36.1290
7976,6.9208
7977,6.4578
8037,37.4381
8038,35.9577
7978,6.1711
7979,6.2609
8039,36.5327
8040,36.2388
7980,6.6679
7981,6.2114
8041,37.0387
8042,35.8636
7982,6.5228
8043,36.5668
7983,6.2612
8044,34.9119
7984,6.5848
8045,37.2415
7985,6.4054
7986,6.2565
8046,35.8674
8047,35.2176
7987,6.8175
8048,36.0831
7988,6.1793
7989,6.5581
8049,36.4359
8050,35.5588
7990,6.3454
7991,6.2654
8051,36.4066
8052,35.9715
7992,6.5206
8053,36.1637
7993,6.5636
7994,6.1048
8054,37.4477
7995,6.2766
8055,35.7648
8056,35.6972
7996,6.0695
7997,6.3790
8057,36.5877
8058,35.0056
7998,6.4564
8059,36.1338
7999,6.0701
8000,6.2567
8060,36.7461
8061,35.8978
8001,6.4446
8002,6.1056
8062,36.3968
8003,6.3926
8063,35.8655
8064,34.6554
8004,6.3576
8005,6.0642
8065,37.5072
8066,35.2399
8006,6.4851
8067,37.2832
8007,6.2204
8068,36.5450
8008,6.3789
8069,36.5607
8009,6.5332
8010,6.2202
8070,37.8625
8011,6.2000
8071,36.5455
8072,35.7924
8012,6.3393
8013,6.2679
8073,36.9984
8074,36.3926
8014,6.3708
8015,7.0889
8075,36.1473
8076,36.0188
8016,6.6489
8077,37.1658
8017,6.4828
8018,6.0904
8078,37.9496
8019,6.1787
8079,35.4587
8080,35.0512
8020,6.3564
8081,35.1085
8021,6.2438
8082,35.9175
8022,6.9832
8083,37.0003
8023,7.0310
8084,36.0927
8024,6.5457
8085,36.5919
8025,6.8501
8086,35.9701
8026,6.1947
8087,38.2094
8027,6.4637
8088,36.8454
8028,6.4246
8089,35.3602
8029,6.3213
8090,36.7090
8030,6.6323
8091,36.8894
8031,6.2326
8032,6.6916
8092,38.6530
8093,35.0829
8033,6.4869
8094,36.3347
8034,6.3450
8095,36.6572
8035,6.4667
8096,36.8847
8036,6.4377
8037,6.5463
8097,36.5850
8098,35.4333
8038,6.4426
8099,36.2229
8039,6.6805
8100,37.2646
8040,6.2927
8101,35.1176
8041,6.2470
8042,6.0845
8102,36.2980
8103,35.2031
8043,6.3014
8104,35.8610
8044,6.2891
8045,5.9683
8105,38.7706
8106,34.5212
8046,6.2493
8107,35.2394
8047,6.3667
8108,36.1960
8048,6.1115
8109,35.7526
8049,6.4612
8110,37.1046
8050,6.2436
8111,35.9229
8051,6.5157
8052,6.1966
8112,37.2291
8113,35.7326
8053,6.1568
8114,35.9012
8054,6.1747
8115,36.0605
8055,6.1587
8116,35.7252
8056,6.2884
8117,36.2324
8057,6.1592
8118,37.0916
8058,6.1063
8119,35.3209
8059,6.7579
8060,6.4277
8120,38.0277
8121,35.6728
8061,6.0845
8122,35.9766
8062,6.1196
8123,35.8623
8063,6.3629
8064,6.0205
8124,36.6539
8125,34.6325
8065,6.3308
8066,6.1199
8126,36.9442
8127,35.6343
8067,6.2623
8068,6.1215
8128,36.7162
8129,35.7658
8069,6.4472
8070,6.1213
8130,36.9822
8131,35.1167
8071,6.4871
8132,36.2128
8072,5.9729
8133,35.1288
8073,6.1190
8134,35.6496
8074,6.4536
8135,36.8255
8075,6.2107
8136,35.8531
8076,6.4580
8137,36.9344
8077,6.4208
8078,6.0865
8138,36.5067
8139,34.9257
8079,6.5162
8140,36.1842
8080,6.3390
8141,35.8300
8081,6.0798
8142,35.7948
8082,6.2740
8143,35.7798
8083,6.4308
8144,36.9622
8084,6.1862
8145,36.2691
8085,6.0836
8146,35.8681
8086,6.1625
8147,36.3579
8087,6.2669
8148,36.4789
8088,6.4139
8089,6.1189
8149,36.6959
8150,35.4207
8090,6.4705
8091,6.1662
8151,36.2495
8152,35.8076
8092,6.4883
8153,37.4371
8093,6.1021
8154,35.5205
8094,6.4402
8155,36.1403
8095,6.3179
8156,35.9406
8096,6.2747
8157,36.2496
8097,6.1318
8158,35.8286
8098,6.3848
8159,36.0890
8099,6.4468
8160,36.5739
8100,6.2453
8161,35.3420
8101,6.4232
8162,36.0272
8102,6.4152
8163,36.5603
8103,6.4641
8164,36.8814
8104,6.1265
8165,36.0058
8105,6.7089
8166,36.8432
8106,6.0878
8167,35.4173
8107,6.2940
8168,36.9070
8108,6.2616
8169,36.5597
8109,6.1915
8170,35.7698
8110,6.3045
8171,36.3421
8111,6.4269
8172,37.5630
8112,6.1360
8173,36.7429
8113,6.3990
8114,6.0545
8174,36.4962
8175,35.0716
8115,6.4539
8176,37.1701
8116,6.2631
8117,6.4551
8177,36.6040
8178,36.1291
8118,6.9297
8179,35.8293
8119,6.3450
8180,36.3962
8120,6.5023
8181,36.1660
8121,6.1399
8182,36.3448
8122,6.1945
8183,36.6138
8123,6.3564
8124,6.0942
8184,36.0453
8185,34.9613
8125,6.8091
8126,6.0999
8186,36.7341
8187,35.4605
8127,6.2687
8188,36.0417
8128,6.3861
8189,36.9618
8129,6.3656
8130,6.2121
8190,36.6169
8191,35.6620
8131,6.4388
8132,6.1088
8192,36.9947
8193,35.3441
8133,6.2892
8194,36.2461
8134,5.9857
8195,35.5155
8135,6.4587
8196,36.7673
8136,6.4015
8197,36.0036
8137,6.2847
8138,6.1461
8198,36.2028
8199,35.7593
8139,6.3923
8200,36.2649
8140,6.4329
8141,6.1201
8201,36.9149
8202,35.3434
8142,6.3204
8203,37.2802
8143,6.1727
8204,35.0438
8144,6.2872
8205,36.4065
8145,6.5665
8206,37.2749
8146,6.2213
8207,36.4146
8147,6.1871
8208,37.4151
8148,6.1366
8209,36.0672
8149,6.2633
8210,36.8208
8150,6.5657
8211,37.0078
8151,6.4042
8152,6.2380
8212,37.0041
8213,35.8632
8153,6.5065
8154,6.5419
8214,35.8894
8215,35.5850
8155,6.4694
8156,6.1471
8216,39.4403
8217,35.1080
8157,6.7013
8158,6.2730
8218,36.7230
8219,35.0951
8159,6.2771
8220,36.1787
8160,6.4124
8161,6.1286
8221,38.5563
8162,6.2664
8222,35.1659
8223,36.0530
8163,6.4469
8224,36.8078
8164,6.4888
8165,6.2541
8225,37.2182
8226,35.9206
8166,6.3189
8227,35.9341
8167,6.7615
8228,36.2871
8168,6.6399
8229,36.3344
8169,6.4646
8230,36.9867
8170,6.5380
8231,35.9649
8171,6.3502
8232,37.0246
8172,6.0979
8233,35.4412
8173,6.9347
8234,37.2015
8174,6.6513
8235,36.0038
8175,6.4027
8236,36.7138
8176,6.3775
8237,36.1665
8177,6.3611
8238,36.5847
8178,6.1797
8179,6.1613
8239,36.4670
8240,35.6816
8180,6.2134
8181,6.3916
8241,36.2464
8242,35.8042
8182,6.3041
8183,6.0933
8243,36.8287
8244,34.9183
8184,6.2896
8185,6.1571
8245,37.1603
8246,36.0700
8186,6.1183
8247,35.9990
8187,6.2554
8188,6.0661
8248,36.5791
8249,35.7569
8189,6.4946
8250,36.7859
8190,6.2267
8191,6.1001
8251,37.1394
8252,35.9178
8192,6.0564
8253,35.3527
8193,6.2810
8254,36.3271
8194,6.3378
8195,6.0580
8255,37.1455
8256,35.2514
8196,6.4908
8197,6.0380
8257,38.1729
8258,35.7896
8198,6.2110
8259,35.0471
8199,6.6439
8260,36.2371
8200,6.2792
8261,35.6841
8201,6.4501
8202,6.2686
8262,36.4628
8263,35.2967
8203,6.3544
8264,37.1319
8204,6.1693
8265,36.4100
8205,6.3893
8266,35.3473
8206,6.2472
8267,36.8661
8207,6.3362
8208,6.0959
8268,35.9175
8269,35.0870
8209,6.4333
8210,6.1380
8270,38.0648
8271,35.0276
8211,6.2728
8272,37.1498
8212,6.0893
8213,6.0595
8273,37.8336
8274,35.1773
8214,6.2722
8215,6.2052
8275,37.0892
8276,35.7575
8216,6.4123
8277,37.1776
8217,6.0463
8218,6.2293
8278,35.8830
8279,35.5442
8219,6.3183
8220,6.4762
8280,37.1776
8281,35.7562
8221,6.3916
8222,6.0236
8282,36.8877
8283,35.0255
8223,6.2606
8284,36.3937
8224,6.3313
8285,35.7261
8225,6.1398
8286,35.6467
8226,6.2334
8287,35.9256
8227,6.4334
8228,6.2982
8288,36.8065
8289,36.1171
8229,6.5150
8230,6.1475
8290,37.7117
8291,35.6591
8231,6.4507
8292,36.6900
8232,6.1332
8293,35.5667
8233,6.2930
8294,35.6332
8234,6.6959
8295,37.0994
8235,6.4234
8296,36.2110
8236,6.4782
8297,36.2667
8237,6.3368
8298,35.4021
8238,6.4681
8299,36.6466
8239,6.1968
8300,36.4541
8240,6.4692
8301,35.8676
8241,6.3930
8302,36.1144
8242,6.6694
8243,6.2548
8303,37.2311
8304,35.2862
8244,6.3455
8245,6.2816
8305,36.7676
8306,36.6516
8246,6.3736
8247,6.2321
8307,37.4070
8248,6.4054
8308,36.3456
8309,35.0350
8249,6.6901
8310,37.1034
8250,6.6633
8311,35.6648
8251,6.4922
8252,6.0810
8312,36.6719
8313,36.2407
8253,6.8501
8254,6.5098
8314,36.8587
8315,36.4952
8255,6.5186
8256,6.2637
8316,37.3473
8317,35.9461
8257,6.5183
8318,36.9446
8258,6.4930
8319,35.9081
8259,6.7311
8320,36.4894
8260,6.8727
8261,6.4387
8321,37.7472
8262,6.6468
8322,35.8547
8323,36.4609
8263,6.2967
8324,35.9497
8264,6.6378
8325,36.8216
8265,6.6326
8326,36.2703
8266,6.5663
8327,36.6601
8267,6.9201
8268,6.2434
8328,37.0740
8329,34.7557
8269,6.9000
8270,6.3131
8330,37.1050
8331,35.6141
8271,6.6744
8332,36.2123
8272,6.7222
8273,6.5467
8333,35.9028
8334,36.2304
8274,6.6241
8275,6.1800
8335,35.7290
8336,35.3113
8276,6.5895
8277,6.4790
8337,36.8890
8338,35.4740
8278,6.2196
8339,35.6796
8279,6.6929
8340,36.6166
8280,6.6251
8281,6.2987
8341,36.5907
8342,34.9858
8282,6.6561
8343,36.8997
8283,6.5482
8344,36.0313
8284,6.5225
8345,35.9484
8285,6.3564
8286,6.4047
8346,36.6109
8287,6.1304
8347,35.8914
8348,35.9856
8288,6.6098
8289,6.2196
8349,37.0583
8350,35.7712
8290,6.4362
8351,37.0558
8291,6.4850
8352,34.9294
8292,6.4861
8353,36.5211
8293,6.7257
8354,36.3278
8294,6.2085
8355,35.8553
8295,6.6001
8356,35.6390
8296,6.5190
8357,36.3784
8297,6.7080
8358,37.4833
8298,6.1986
8359,36.1397
8299,6.5161
8360,36.5886
8300,6.9512
8301,5.9946
8361,37.3873
8362,35.8756
8302,6.7804
8303,6.0740
8363,36.5225
8364,35.2463
8304,6.3694
8365,36.2659
8305,6.4241
8306,6.5494
8366,36.2639
8367,35.2557
8307,6.6886
8368,36.7656
8308,6.5938
8369,36.3507
8309,6.2469
8370,35.3202
8310,6.6908
8371,36.0859
8311,6.1430
8372,35.6756
8312,6.6749
8373,35.9403
8313,6.5601
8374,36.9051
8314,6.6559
8375,36.1844
8315,6.4044
8376,35.6285
8316,6.6784
8317,6.2199
8377,37.7674
8378,35.5133
8318,6.7484
8379,36.6297
8319,6.5138
8380,36.6408
8320,6.2509
8381,35.0986
8321,6.7292
8382,36.3970
8322,6.5849
8383,36.6154
8323,6.8800
8384,37.2803
8324,6.2408
8385,35.5880
8325,6.5322
8326,6.3016
8386,36.3848
8387,35.6054
8327,6.7358
8328,6.3194
8388,37.3041
8389,35.9504
8329,6.5211
8390,36.1513
8330,6.5760
8391,35.0393
8331,6.2497
8392,36.4741
8332,6.5608
8333,6.2465
8393,36.0348
8394,35.8628
8334,6.5528
8335,6.0858
8395,37.1351
8396,35.0511
8336,6.1184
8397,36.6008
8337,6.4869
8398,36.0003
8338,6.5899
8399,36.6145
8339,6.3564
8340,6.1825
8400,37.3489
8401,35.9474
8341,6.7151
8342,6.0606
8402,37.0284
8403,35.1607
8343,6.3483
8404,36.0002
8344,6.1138
8405,36.5739
8345,6.3770
8406,35.9656
8346,6.3025
8407,35.9818
8347,6.6575
8408,36.4468
8348,6.2362
8409,36.3321
8349,6.7696
8350,6.3482
8410,37.0427
8411,36.3486
8351,6.4324
8412,35.5194
8352,6.3826
8413,35.9708
8353,6.4241
8354,6.3711
8414,36.7458
8415,38.2450
8355,6.8043
8356,6.0635
8416,36.9454
8417,35.0456
8357,6.4090
8358,6.4058
8418,36.8766
8419,34.9787
8359,6.4038
8420,36.1528
8360,6.5044
8421,35.7725
8361,6.2266
8422,35.6867
8362,6.0684
8423,36.0108
8363,6.3940
8424,35.9933
8364,6.5219
8425,35.6597
8365,6.2605
8426,36.5022
8366,6.7658
8427,37.4720
8367,6.2336
8428,36.9854
8368,6.5528
8369,6.0425
8429,36.2176
8430,35.7151
8370,6.6162
8431,36.1860
8371,6.4242
8432,36.1432
8372,6.0389
8433,35.9790
8373,6.0399
8434,35.6173
8374,6.8114
8435,36.3342
8375,6.3260
8436,36.2947
8376,6.3346
8437,36.9533
8377,6.3790
8438,36.0568
8378,6.1127
8439,36.2837
8379,6.6037
8440,35.7329
8380,6.6404
8441,36.4211
8381,6.5161
8442,35.7037
8382,6.4842
8443,37.9479
8383,6.3588
8444,36.1628
8384,6.1167
8445,35.4166
8385,6.3417
8446,35.4218
8386,6.1756
8447,36.2291
8387,6.6410
8448,35.7610
8388,6.5557
8449,36.7884
8389,6.5223
8450,36.8260
8390,6.3327
8451,36.1466
8391,6.7777
8452,36.6999
8392,6.4883
8453,36.4359
8393,5.9880
8454,35.5814
8394,6.6774
8395,6.2390
8455,37.0188
8456,35.3602
8396,6.6417
8457,35.5797
8397,6.3118
8458,37.7625
8398,6.5022
8459,35.2985
8399,6.3038
8460,35.5285
8400,6.8817
8401,6.3298
8461,37.1373
8462,34.9685
8402,6.1485
8463,35.5002
8403,6.3402
8464,35.3396
8404,6.7473
8405,6.3380
8465,37.6282
8406,6.1812
8466,36.3201
8467,35.6693
8407,6.4069
8468,36.0365
8408,6.3492
8469,35.9500
8409,6.6706
8470,35.7186
8410,6.3268
8471,36.3868
8411,6.7031
8412,6.2945
8472,36.4791
8413,6.5271
8473,36.1177
8474,36.3146
8414,6.7686
8415,6.3193
8475,37.5906
8416,6.2665
8476,35.9856
8477,34.8635
8417,6.7001
8418,6.2086
8478,37.5995
8479,35.5493
8419,6.5627
8480,36.4779
8420,6.3401
8481,35.8752
8421,6.6422
8482,36.5782
8422,6.8856
8423,5.9645
8483,37.0856
8484,34.5437
8424,6.6957
8485,36.2213
8425,6.9343
8426,6.3033
8486,36.9825
8487,36.0288
8427,6.4499
8488,36.6232
8428,6.7021
8489,36.0757
8429,6.3796
8490,38.2113
8430,6.7661
8431,6.2998
8491,38.1307
8432,6.1930
8492,36.1919
8493,36.1933
8433,6.5029
8494,36.6143
8434,6.4699
8435,6.4479
8495,38.2572
8496,37.0237
8436,7.0095
8497,38.0334
8437,6.7352
8498,37.1079
8438,6.2371
8499,37.0493
8439,6.7486
8440,6.0456
8500,37.3058
8441,6.3000
8501,36.8776
8502,36.3041
8442,6.5170
8443,6.6897
8503,36.8769
8504,37.1885
8444,6.5601
8505,37.7422
8445,6.0066
8446,6.1173
8506,36.1674
8507,35.8766
8447,6.3529
8508,35.8752
8448,6.4683
8509,36.3704
8449,6.8139
8450,6.1571
8510,37.0962
8511,35.8333
8451,6.7584
8452,6.5192
8512,36.7536
8513,35.8591
8453,6.1291
8514,36.7650
8454,6.3750
8455,6.2978
8515,35.9042
8516,35.8051
8456,6.7145
8517,37.3904
8457,6.4604
8518,34.9908
8458,6.4151
8519,36.2231
8459,6.8412
8520,35.9978
8460,6.4931
8521,36.6087
8461,6.3233
8462,6.2683
8522,36.9568
8523,34.9945
8463,6.3530
8524,36.1990
8464,6.7003
8525,36.4843
8465,6.6305
8526,36.4021
8466,6.3846
8527,35.3791
8467,6.8044
8528,35.7679
8468,6.4331
8529,36.2703
8469,6.7762
8530,36.6563
8470,6.2716
8531,35.9834
8471,6.4795
8532,37.3114
8472,6.5690
8473,6.2102
8533,36.9093
8534,35.8877
8474,6.3474
8535,35.8449
8475,6.4904
8536,35.3786
8476,6.4334
8477,6.3654
8537,36.8391
8538,35.8500
8478,6.5257
8539,34.8674
8479,6.3342
8540,36.5775
8480,6.4125
8481,6.2196
8541,37.8381
8542,35.9651
8482,6.3562
8483,6.5728
8543,36.3778
8544,35.8609
8484,6.4772
8485,6.3163
8545,36.9340
8486,6.5092
8546,35.5051
8547,35.8345
8487,6.7608
8548,37.0512
8488,6.1252
8549,35.2306
8489,6.3882
8550,35.0194
8490,6.8610
8551,36.8954
8491,6.2053
8552,35.3089
8492,6.7048
8493,6.1582
8553,37.1786
8554,35.0017
8494,6.5553
8555,35.9530
8495,6.1200
8556,36.2703
8496,6.2268
8557,35.6347
8497,6.6151
8558,36.7261
8498,6.6909
8499,6.1475
8559,37.4770
8500,6.5280
8560,34.5800
8501,6.2399
8561,35.8464
8562,35.6181
8502,6.5477
8563,35.5591
8503,6.5824
8504,6.3116
8564,37.5009
8565,36.4714
8505,6.5124
8566,37.4160
8506,6.6615
8507,6.1421
8567,35.9602
8568,34.8381
8508,6.3906
8569,36.4039
8509,6.4362
8570,36.1050
8510,6.2329
8571,35.8529
8511,6.6208
8572,36.5699
8512,6.6507
8573,37.1162
8513,6.5205
8514,6.2302
8574,36.3327
8575,36.0117
8515,6.5546
8516,6.5922
8576,36.5020
8577,35.1315
8517,6.8863
8578,37.4724
8518,6.1194
8579,35.2902
8519,6.1031
8580,35.4155
8520,6.6655
8581,36.2715
8521,6.5496
8582,36.4500
8522,6.5907
8583,36.5867
8523,6.2656
8524,6.4353
8584,35.9683
8585,35.8359
8525,6.6320
8526,6.4816
8586,37.6611
8527,6.1532
8587,35.8964
8588,35.7334
8528,6.1297
8589,35.9534
8529,6.4848
8530,6.1907
8590,37.1254
8531,6.1853
8591,36.0103
8592,35.8697
8532,6.7024
8593,35.9973
8533,6.5771
8594,35.2849
8534,6.2463
8595,35.6571
8535,6.3214
8596,35.3334
8536,6.7515
8597,36.3006
8537,6.8636
8598,37.3244
8538,6.1680
8599,34.7691
8539,6.3091
8600,35.9510
8540,6.4876
8541,6.0762
8601,36.5726
8542,6.0399
8602,35.8933
8603,34.7067
8543,6.4263
8604,37.0183
8544,6.6875
8605,38.2392
8545,6.6924
8546,6.1882
8606,38.0283
8547,6.2245
8607,36.4090
8608,36.4579
8548,6.2182
8549,6.1522
8609,37.3978
8550,6.1541
8610,36.7388
8551,6.2928
8611,36.9272
8612,36.4312
8552,6.3925
8553,6.0513
8613,37.7067
8554,6.1358
8614,35.4653
8615,36.4816
8555,6.5448
8616,36.6311
8556,6.4618
8557,6.2209
8617,37.1258
8618,36.3458
8558,6.8510
8619,36.5331
8559,6.9912
8620,37.6808
8560,6.9482
8561,6.3957
8621,37.6303
8562,6.3019
8622,37.1173
8623,36.9599
8563,6.8548
8564,6.4571
8624,37.5124
8565,6.3128
8625,36.6245
8626,36.2667
8566,6.4959
8627,36.4503
8567,6.8716
8568,6.6580
8628,38.1884
8629,36.7389
8569,6.4750
8570,6.3315
8630,36.9656
8631,36.9922
8571,6.8824
8572,6.1967
8632,39.5037
8573,6.4692
8633,36.6920
8574,6.4118
8634,36.4453
8635,36.8762
8575,6.6266
8576,6.1801
8636,38.0430
8637,36.1762
8577,6.1625
8578,6.4063
8638,37.2611
8639,36.5743
8579,6.8690
8640,37.2575
8580,6.8028
8581,6.3881
8641,38.2339
8582,6.2700
8642,36.9105
8643,36.7265
8583,6.4437
8584,6.4693
8644,36.3619
8645,37.0700
8585,6.6887
8646,36.9867
8586,6.6604
8587,6.2101
8647,38.1414
8648,36.7025
8588,6.3933
8589,6.1925
8649,38.3146
8590,6.2175
8650,37.0666
8651,37.3743
8591,6.1517
8652,37.0699
8592,6.4274
8653,37.2208
8593,6.7487
8594,6.5626
8654,37.9725
8595,6.0158
8655,36.7597
8656,36.6500
8596,6.3635
8657,36.9433
8597,6.2531
8658,37.0820
8598,6.5264
8659,37.9342
8599,6.1950
8660,36.1085
8600,6.1616
8661,37.1025
8601,6.5263
8602,6.0603
8662,36.9725
8663,36.2726
8603,6.0429
8664,36.3137
8604,6.5487
8605,6.1997
8665,37.9082
8606,6.1359
8666,37.3292
8667,36.5435
8607,6.3089
8668,37.3699
8608,6.0837
8669,37.1829
8609,6.1767
8670,37.3316
8610,6.4915
8611,6.0455
8671,36.9526
8612,6.1954
8672,36.7314
8613,6.5177
8673,36.9717
8674,36.4254
8614,6.7649
8615,6.4695
8675,37.1468
8616,6.3556
8676,36.7823
8677,36.5311
8617,6.9059
8618,6.3907
8678,37.7788
8619,6.1382
8679,36.8221
8680,35.5148
8620,6.5759
8681,37.7743
8621,6.2513
8682,36.2892
8622,6.5250
8683,37.4224
8623,6.6660
8624,6.3678
8684,38.2759
8685,36.6713
8625,6.2510
8626,6.1635
8686,38.1728
8627,6.1061
8687,37.2505
8688,36.1512
8628,6.5644
8629,6.1025
8689,40.0799
8630,6.5084
8690,37.4127
8691,36.2673
8631,6.1627
8632,6.1536
8692,37.2220
8693,36.8695
8633,6.6957
8634,6.0347
8694,38.1189
8635,6.0358
8695,36.1445
8696,36.1590
8636,6.0374
8637,6.1190
8697,36.0430
8698,37.3160
8638,6.5214
8639,5.9878
8699,37.7202
8640,6.1422
8700,36.2266
8701,37.2123
8641,6.2863
8642,6.0574
8702,37.4536
8643,6.0939
8703,36.9208
8644,5.9746
8704,37.1257
8645,6.1987
8705,36.3402
8706,37.7038
8646,6.6471
8647,6.0362
8707,38.1274
8708,35.5229
8648,6.1177
8709,36.5813
8649,6.8972
8650,6.0598
8710,37.1254
8711,36.7636
8651,6.0787
8652,6.0361
8712,37.4247
8653,6.2795
8713,37.1671
8714,36.5596
8654,6.9573
8655,6.2269
8715,37.8556
8716,37.0620
8656,6.3376
8657,6.0839
8717,36.1717
8718,36.5581
8658,6.7756
8659,6.5789
8719,37.5848
8720,36.9703
8660,6.1195
8661,6.5685
8721,37.2330
8722,36.1536
8662,6.5801
8663,6.1269
8723,37.4902
8724,36.2392
8664,6.6588
8665,6.1835
8725,37.5593
8726,36.9551
8666,6.4574
8667,6.3137
8727,37.3494
8728,37.2391
8668,7.0474
8669,6.4089
8729,37.9607
8730,35.9928
8670,6.6704
8671,6.4297
8731,37.4487
8732,36.0951
8672,6.8546
8673,6.2830
8733,37.2823
8674,6.0751
8734,37.0294
8735,36.2644
8675,6.3219
8676,6.3399
8736,36.8487
8677,6.0125
8737,37.2062
8678,6.4984
8738,36.5773
8739,36.6593
8679,6.6119
8680,6.3400
8740,37.2496
8681,6.2257
8741,36.1650
8742,37.3262
8682,6.5275
8683,6.1486
8743,38.1695
8684,6.5158
8744,36.3302
8685,6.4118
8745,36.7204
8686,6.0737
8746,36.4882
8747,36.2818
8687,6.4308
8688,6.0288
8748,37.0269
8749,35.8691
8689,6.3919
8750,36.6241
8690,6.2412
8691,6.2047
8751,37.2914
8752,36.8758
8692,6.4548
8693,6.1208
8753,37.6083
8694,6.1972
8754,36.3776
8755,36.1653
8695,6.3168
8696,6.0541
8756,37.3743
8757,36.6409
8697,6.2575
8698,6.4262
8758,37.2627
8759,36.2031
8699,6.3819
8760,37.3866
8700,6.9986
8701,6.5160
8761,38.0094
8702,6.3646
8762,36.7270
8763,36.5471
8703,6.2209
8704,6.2046
8764,38.1862
8705,6.0266
8765,36.8983
8706,6.3462
8766,36.9902
8767,37.0879
8707,6.9065
8708,6.2789
8768,38.2224
8709,6.3219
8769,37.4130
8770,36.1524
8710,6.4259
8771,37.1490
8711,6.6807
8712,6.5078
8772,37.7158
8713,6.4239
8773,36.6629
8774,36.6372
8714,7.0475
8775,37.1666
8715,6.1153
8716,6.2238
8776,36.3735
8717,6.5326
8777,36.6573
8778,35.9789
8718,6.4770
8779,37.9471
8719,6.6832
8720,6.3224
8780,37.8494
8721,6.1382
8781,37.1192
8782,36.9261
8722,6.7301
8723,6.1670
8783,37.7229
8724,6.4805
8784,37.4496
8725,6.4129
8785,37.3701
8786,37.1725
8726,6.6503
8787,37.1755
8727,6.0609
8728,6.2539
8788,37.0347
8789,38.0667
8729,6.9807
8790,37.5113
8730,6.6130
8791,37.1445
8731,6.3492
8732,6.1520
8792,37.2882
8733,6.1623
8793,37.4751
8734,6.0418
8794,37.0226
8735,6.3301
8795,37.0283
8796,36.4161
8736,6.1507
8797,36.9377
8737,6.6283
8738,6.0332
8798,38.2301
8739,6.0561
8799,36.9982
8800,36.5836
8740,6.1839
8741,6.2851
8801,36.3440
8802,36.5319
8742,6.2128
8743,6.2463
8803,37.6154
8804,36.2683
8744,6.6645
8805,38.1902
8745,6.6023
8746,6.4658
8806,37.5883
8807,37.6588
8747,6.3305
8748,6.4189
8808,37.7918
8749,6.5167
8809,36.2045
8750,6.2465
8810,36.6241
8751,6.2714
8811,36.5733
8812,37.0485
8752,6.3186
8813,36.9379
8753,6.6358
8814,37.6629
8754,6.7284
8755,6.0194
8815,38.3232
8816,36.2759
8756,6.2082
8817,36.7772
8757,6.9625
8758,6.4439
8818,38.0149
8759,6.1320
8819,37.9288
8760,6.1519
8820,36.3963
8821,37.2913
8761,6.5428
8822,37.9214
8762,6.4404
8823,38.4668
8763,6.5309
8764,6.6709
8824,37.2696
8825,37.3071
8765,6.6276
8766,6.5848
8826,37.6057
8767,6.1094
8827,37.5916
8768,6.5783
8828,36.7988
8769,6.2076
8829,37.2399
8830,36.5656
8770,6.7364
8771,6.2133
8831,37.7789
8832,36.0245
8772,6.3010
8773,6.1220
8833,37.4085
8774,6.3098
8834,36.1564
8775,6.4768
8835,36.5367
8836,37.4018
8776,6.9377
8777,6.3927
8837,39.0828
8778,6.6417
8838,36.4333
8779,6.2727
8839,36.7592
8840,36.8361
8780,6.2158
8781,6.2549
8841,37.6395
8782,6.3724
8842,36.8750
8843,36.5214
8783,6.6985
8784,6.3287
8844,36.8752
8845,36.4573
8785,6.3296
8786,6.5264
8846,36.9714
8787,6.3990
8847,37.3044
8848,37.1393
8788,7.0295
8789,6.1737
8849,37.8039
8790,6.3932
8850,37.2698
8851,36.5464
8791,6.7462
8792,6.2905
8852,37.8446
8793,6.4605
8853,36.6319
8794,6.3638
8854,36.5328
8795,6.4276
8855,37.2526
8856,36.7772
8796,6.2923
8797,6.2989
8857,37.7433
8798,6.3872
8858,36.7783
8859,36.3567
8799,6.4343
8800,6.4028
8860,36.9493
8801,6.1945
8861,36.2941
8802,6.2336
8862,37.3462
8863,36.9491
8803,6.5322
8864,38.7890
8804,6.2312
8805,6.2486
8865,37.5207
8806,6.3384
8866,37.4715
8867,37.7623
8807,7.1375
8808,6.1721
8868,37.9352
8809,6.1432
8869,36.3279
8870,35.9537
8810,6.5848
8811,6.1898
8871,37.0647
8872,35.4534
8812,6.7860
8813,6.1517
8873,38.5251
8814,6.3805
8874,35.8998
8875,35.5713
8815,6.2799
8876,35.3333
8816,6.5208
8877,36.0498
8817,6.4061
8878,35.8528
8818,6.5025
8879,35.8628
8819,6.5180
8880,37.3834
8820,6.8946
8821,5.9851
8881,37.6068
8822,6.5403
8882,35.5056
8883,35.8874
8823,6.6693
8824,6.2077
8884,35.3847
8885,35.2925
8825,6.1060
8886,35.7423
8826,6.7067
8887,36.1769
8827,6.7917
8888,37.3396
8828,6.7083
8829,6.1895
8889,36.9707
8830,6.1252
8890,36.9646
8831,6.5913
8891,36.0128
8892,36.1856
8832,6.5790
8833,6.2306
8893,36.5787
8894,35.9095
8834,6.2459
8895,36.1823
8835,6.2916
8836,6.3020
8896,37.2248
8897,38.0790
8837,6.1599
8838,6.2654
8898,36.3796
8839,6.5599
8899,35.8245
8900,35.6931
8840,6.6072
8901,36.5767
8841,6.4788
8842,6.3183
8902,35.6251
8903,35.7697
8843,6.3247
8844,6.5207
8904,36.4013
8905,36.6465
8845,6.7594
8846,6.4834
8906,37.9223
8847,6.3318
8907,35.9031
8908,36.2420
8848,6.9260
8849,6.1955
8909,36.0295
8910,34.9820
8850,6.4265
8911,35.8948
8851,6.4350
8912,35.4746
8852,6.2828
8913,37.1761
8853,6.3957
8854,6.4143
8914,36.0264
8915,35.3892
8855,6.7010
8916,36.2117
8856,6.2233
8857,6.5548
8917,36.3113
8918,36.0533
8858,6.6646
8919,36.5004
8859,6.2454
8920,35.3495
8860,6.3152
8921,36.6266
8861,7.0359
8862,6.2066
8922,38.4698
8863,6.3133
8923,35.8537
8924,36.4174
8864,6.4013
8925,35.3039
8865,6.5354
8926,36.5751
8866,6.6998
8867,6.5630
8927,36.7294
8928,35.7570
8868,7.0786
8929,37.2775
8869,6.6850
8870,6.5552
8930,36.9851
8871,6.3239
8931,36.4761
8872,6.3029
8932,35.9020
8933,35.7422
8873,6.5585
8934,37.1642
8874,6.1544
8935,35.6808
8875,6.2633
8936,36.6745
8876,6.7209
8937,37.3571
8877,6.6768
8878,6.4011
8938,37.3036
8879,6.0817
8939,35.9660
8880,6.1761
8940,35.9582
8881,6.3425
8941,36.1830
8942,36.2589
8882,6.6709
8943,36.4908
8883,6.7054
8944,36.7566
8884,6.3757
8885,6.2951
8945,36.3301
8946,36.4637
8886,6.2004
8947,36.3237
8887,6.4555
8888,6.0444
8948,35.5821
8949,35.0170
8889,6.4603
8950,36.5456
8890,6.8283
8951,36.1330
8891,9.0738
8952,37.8211
8892,9.0822
8893,7.4951
8953,37.6651
8954,36.2241
8894,8.4636
8895,8.1115
8955,37.2783
8896,8.1477
8956,36.0888
8957,36.3922
8897,7.7503
8898,8.2177
8958,37.6111
8959,36.5141
8899,8.6634
8900,7.3913
8960,37.7836
8901,7.5260
8961,36.0004
8962,36.1835
8902,7.6783
8903,8.2119
8963,37.3936
8964,36.5472
8904,7.5583
8965,35.6822
8905,7.7485
8966,36.3697
8906,7.5480
8967,36.7717
8907,7.5856
8968,36.2316
8908,8.4993
8909,8.0626
8969,37.4860
8970,36.3115
8910,8.4075
8971,36.8961
8911,7.5351
8972,36.3324
8912,7.6181
8913,7.4060
8973,36.3771
8974,35.1342
8914,8.2826
8915,7.4072
8975,37.0736
8976,35.6197
8916,7.5863
8977,36.6466
8917,7.5881
8978,36.4229
8918,7.7877
8979,37.0527
8919,7.5175
8980,36.6158
8920,7.9224
8921,7.5200
8981,37.5359
8982,36.1846
8922,8.1888
8983,36.4412
8923,8.4260
8984,38.0776
8924,8.0508
8925,7.6187
8985,38.2204
8986,36.3766
8926,7.5952
8927,7.4159
8987,36.5755
8988,35.8342
8928,7.6009
8989,35.7584
8929,7.9895
8990,37.7567
8930,7.6809
8931,7.6192
8991,38.3556
8992,35.7263
8932,7.6881
8993,36.5624
8933,7.6748
8934,7.5230
8994,37.4011
8995,36.0813
8935,7.5810
8996,36.5242
8936,7.8327
8997,37.3251
8937,7.5734
8998,36.5162
8938,7.5860
8999,36.0170
8939,7.6051
9000,36.9861
8940,7.6746
9001,36.8258
8941,7.5762
9002,36.1873
8942,7.6344
9003,37.2450
8943,7.6191
9004,36.8738
8944,7.5692
9005,36.5792
8945,7.6516
9006,37.4027
8946,7.6456
8947,7.6030
9007,36.3562
9008,36.0611
8948,7.5908
9009,37.6655
8949,7.4772
9010,35.9319
8950,7.9326
8951,7.4972
9011,37.9109
9012,34.8700
8952,7.7611
8953,7.4254
9013,37.2884
9014,36.6843
8954,7.6788
9015,36.9859
8955,7.4748
9016,36.1802
8956,7.7640
9017,37.4799
8957,7.5806
9018,36.8268
8958,7.7579
9019,36.2787
8959,7.5571
9020,35.6101
8960,7.3777
9021,36.6702
8961,7.3708
9022,35.9463
8962,7.4510
9023,37.7118
8963,7.4004
9024,36.0058
8964,7.7384
9025,37.2491
8965,7.4547
8966,7.3494
9026,36.2425
9027,36.2642
8967,7.3518
9028,35.3444
8968,7.6607
8969,7.3432
9029,37.6280
9030,35.9923
8970,7.3965
9031,36.0234
8971,7.8368
8972,7.2733
9032,37.8824
8973,7.4939
9033,35.1769
9034,36.5801
8974,7.8987
8975,7.3306
9035,37.0404
9036,35.9117
8976,7.4698
9037,35.9578
8977,8.6460
8978,7.4735
9038,38.5440
8979,7.4094
9039,37.0464
9040,36.7818
8980,7.6269
9041,37.6415
8981,7.7950
9042,37.0832
8982,7.9813
8983,7.3230
9043,38.5759
8984,7.2899
9044,37.6026
9045,37.0908
8985,7.6300
9046,37.7327
8986,7.4647
9047,36.9621
8987,7.4128
9048,38.8491
8988,8.7595
9049,38.4419
8989,8.0686
9050,37.5328
8990,7.7356
9051,37.9828
8991,7.6083
9052,37.5535
8992,7.7612
8993,7.5322
9053,38.8425
9054,36.7243
8994,7.4843
9055,36.5805
8995,7.7237
9056,37.4880
8996,7.6061
8997,7.3643
9057,38.4580
9058,37.4271
8998,7.7432
8999,7.4436
9059,38.5622
9060,36.8569
9000,7.8680
9061,37.2013
9001,7.4057
9062,38.1713
9002,7.5714
9063,37.9150
9003,7.4336
9004,7.8076
9064,38.2259
9065,38.1955
9005,8.1333
9066,36.9585
9006,7.4692
9067,37.4950
9007,7.6440
9068,37.0504
9008,7.2821
9009,7.3598
9069,37.6776
9070,37.1627
9010,7.4679
9071,37.7870
9011,7.4373
9072,37.8669
9012,8.5358
9013,7.4604
9073,38.8019
9074,37.0186
9014,8.0072
9075,38.5656
9015,8.5177
9076,37.9321
9016,7.7277
9077,38.3659
9017,8.2957
9078,37.5248
9018,8.0691
9079,38.0448
9019,7.9232
9080,37.0177
9020,8.4193
9021,7.7615
9081,37.8107
9082,37.7639
9022,8.1404
9083,37.9172
9023,8.0075
9084,38.4422
9024,8.3833
9025,7.5546
9085,36.9684
9086,36.7654
9026,8.3630
9027,8.4340
9087,38.9958
9088,37.1047
9028,7.6191
9089,37.2892
9029,7.4592
9090,38.1094
9030,7.7317
9091,37.4581
9031,8.4448
9032,7.6371
9092,37.5265
9093,37.3404
9033,8.0876
9034,7.9001
9094,37.8271
9095,37.9116
9035,7.5706
9096,38.1647
9036,8.3251
9097,37.7881
9037,7.7140
9098,37.4357
9038,8.0702
9099,37.0321
9039,8.0475
9100,37.5340
9040,8.3037
9101,37.8482
9041,7.8439
9102,38.0637
9042,8.0120
9103,37.7102
9043,8.0729
9104,38.7140
9044,8.2653
9105,38.5698
9045,8.0334
9046,7.8382
9106,37.8167
9107,36.3972
9047,8.4207
9108,38.0012
9048,8.3108
9049,7.3720
9109,37.2125
9110,37.1777
9050,7.3623
9111,38.2486
9051,7.5150
9112,37.4209
9052,8.3576
9113,38.1299
9053,7.5727
9114,36.6365
9054,7.9253
9115,37.1836
9055,8.4174
9056,7.6752
9116,37.1030
9117,36.6214
9057,7.8430
9058,7.2375
9118,39.1017
9119,37.0045
9059,7.4147
9120,37.3589
9060,7.7215
9061,7.2719
9121,38.4983
9122,37.1788
9062,7.5210
9123,38.0242
9063,7.4476
9124,37.4527
9064,7.5111
9125,38.0639
9065,7.5229
9126,37.4201
9066,7.5200
9127,38.2223
9067,8.4395
9068,7.2894
9128,37.7072
9129,37.3216
9069,7.8689
9130,38.0630
9070,8.1968
9131,37.1129
9071,7.8684
9132,37.5275
9072,8.0260
9133,37.6244
9073,7.5510
9074,7.3328
9134,38.7779
9075,7.4441
9135,38.5992
9136,37.4076
9076,7.8304
9137,37.5474
9077,7.4397
9078,7.2755
9138,38.1049
9139,37.5287
9079,7.3797
9080,7.2360
9140,38.7672
9141,37.5092
9081,7.2659
9142,37.5318
9082,7.2031
9143,36.9086
9083,7.5373
9084,7.4184
9144,37.6893
9085,7.2165
9145,38.6392
9146,36.8949
9086,7.3928
9087,7.2748
9147,37.3700
9148,36.8239
9088,7.3796
9149,37.8100
9089,7.3322
9150,37.5136
9090,7.2912
9151,37.7965
9091,7.3124
9152,37.8617
9092,7.4348
9153,37.9540
9093,7.2976
9154,37.5286
9094,7.5646
9155,38.0623
9095,7.3638
9156,37.3974
9096,7.9496
9097,7.2422
9157,37.9409
9098,7.2867
9158,37.5925
9159,36.0141
9099,7.4601
9160,38.1487
9100,7.5500
9161,37.5878
9101,7.4283
9162,38.2126
9102,7.5185
9163,37.4972
9103,7.4360
9164,37.5339
9104,7.4167
9165,37.6125
9105,7.6821
9166,37.3739
9106,8.2664
9167,38.3362
9107,7.4736
9168,37.7958
9108,8.3176
9169,37.7838
9109,8.0934
9170,36.8840
9110,8.3664
9171,37.4160
9111,7.7877
9172,38.0998
9112,8.0113
9173,37.0471
9113,7.7567
9174,38.3053
9114,7.5102
9175,36.8413
9115,8.0220
9176,38.6864
9116,8.3172
9117,7.7118
9177,37.4323
9118,7.7584
9178,39.5131
9119,7.1650
9179,38.4730
9180,37.4071
9120,7.5506
9181,38.1229
9121,7.2725
9182,37.0129
9122,7.2110
9183,37.2521
9123,7.2939
9184,38.1521
9124,7.5827
9185,38.2765
9125,7.7371
9126,7.1717
9186,38.4576
9187,36.5900
9127,7.9037
9128,7.5606
9188,37.9374
9189,37.1806
9129,7.4943
9190,37.5501
9130,7.2967
9191,38.0229
9131,7.3270
9192,37.4908
9132,7.6222
9193,38.1191
9133,7.4328
9194,37.8064
9134,7.4746
9195,38.2028
9135,7.7980
9196,37.6898
9136,7.8204
9197,37.9053
9137,7.9687
9198,37.5993
9138,7.4599
9199,38.3184
9139,7.4150
9200,37.8398
9140,7.4214
9201,37.4001
9141,7.9244
9202,37.9527
9142,8.0916
9203,36.8802
9143,7.4752
9204,37.3612
9144,8.1752
9205,38.4475
9145,7.8282
9206,37.1701
9146,8.2455
9207,38.3548
9147,7.5430
9208,37.1083
9148,8.0587
9209,37.4674
9149,8.2260
9210,37.6313
9150,7.2581
9211,38.0270
9151,7.8924
9212,38.0437
9152,8.4231
9153,7.5522
9213,37.7322
9214,37.2915
9154,8.0224
9155,8.1227
9215,37.8608
9156,7.3657
9216,37.5198
9217,37.2798
9157,8.2840
9218,38.0485
9158,7.6331
9219,37.0956
9159,7.7234
9220,37.4567
9160,8.4946
9221,36.6576
9161,7.9001
9222,38.2281
9162,8.0013
9223,36.2892
9163,7.4487
9224,38.0916
9164,7.6155
9225,37.5808
9165,8.0104
9166,7.4034
9226,37.6702
9227,37.3129
9167,8.1001
9228,38.0755
9168,7.8336
9229,37.7715
9169,7.6202
9230,37.0498
9170,8.1024
9171,7.2927
9231,37.4252
9232,38.0174
9172,7.5537
9233,38.0825
9173,7.8024
9234,37.9062
9174,7.5530
9175,7.1800
9235,37.1745
9236,37.7000
9176,7.7749
9177,7.3103
9237,37.5051
9238,37.6465
9178,7.5034
9239,37.8171
9179,6.9425
9240,36.5835
9180,8.2374
9181,7.0789
9241,38.5166
9242,37.7819
9182,7.8805
9183,7.2526
9243,37.4014
9244,38.0193
9184,7.9393
9185,8.0448
9245,39.3660
9246,36.9761
9186,7.5523
9247,37.0618
9187,7.5310
9248,37.3222
9188,7.4969
9249,37.3816
9189,7.3424
9250,37.3904
9190,7.5915
9251,38.0408
9191,7.6773
9252,37.6882
9192,8.0339
9193,7.2534
9253,37.8809
9194,7.1753
9254,38.0826
9255,37.0343
9195,8.3092
9256,39.1177
9196,7.7643
9257,38.0256
9197,7.9862
9198,7.1908
9258,37.5307
9259,37.2725
9199,7.1656
9260,37.4790
9200,7.2007
9261,37.0686
9201,7.8928
9202,6.9331
9262,38.4469
9263,37.1470
9203,8.2492
9204,7.0964
9264,38.0731
9205,6.9584
9265,37.4111
9206,7.1821
9266,36.9901
9267,37.9249
9207,8.1491
9208,7.3533
9268,38.3729
9269,37.6215
9209,7.9550
9210,7.2449
9270,38.0451
9211,6.8823
9271,37.5484
9212,7.0193
9272,36.9101
9273,36.9502
9213,8.0425
9274,38.3562
9214,8.0885
9275,37.4143
9215,7.3185
9276,37.7965
9216,7.8463
9217,7.4299
9277,38.3971
9278,37.5600
9218,8.0876
9279,38.1381
9219,7.0954
9280,37.3652
9220,7.1296
9281,37.5312
9221,7.5764
9282,37.7572
9222,7.3275
9283,37.1697
9223,7.9187
9284,38.3706
9224,7.4871
9285,36.7916
9225,8.2971
9286,37.7220
9226,8.3637
9287,36.9215
9227,8.0955
9228,7.1640
9288,38.0012
9289,37.3601
9229,7.9812
9230,7.2542
9290,38.3708
9291,37.3539
9231,7.7589
9232,7.2481
9292,37.5082
9293,36.8452
9233,7.8985
9294,37.7332
9234,7.4598
9295,37.2324
9235,7.6089
9296,38.2715
9236,7.5450
9297,36.9221
9237,8.0335
9238,7.3707
9298,37.4974
9299,36.7576
9239,7.7228
9240,6.8468
9300,39.1741
9301,38.2140
9241,8.3424
9242,6.8412
9302,38.5930
9243,6.7641
9303,37.4297
9244,6.8725
9304,37.3047
9305,37.8137
9245,7.0537
9306,38.4015
9246,6.8202
9307,36.4509
9247,7.7243
9248,7.5122
9308,38.5316
9309,37.2496
9249,7.3780
9250,6.9488
9310,37.2857
9311,37.1364
9251,8.1294
9252,7.7305
9312,38.2646
9313,37.2304
9253,7.5073
9314,37.5358
9254,7.6785
9255,7.4303
9315,37.3490
9316,36.9356
9256,8.2286
9317,38.0315
9257,6.9983
9318,38.0139
9258,7.3162
9319,37.9941
9259,8.7340
9260,7.3645
9320,38.0834
9321,37.4475
9261,7.4953
9322,37.8277
9262,7.0465
9323,37.2887
9263,6.9693
9324,38.9722
9264,7.5703
9325,37.8671
9265,8.5447
9326,39.0827
9266,8.2274
9327,36.9280
9267,7.1088
9328,36.9746
9268,7.9949
9329,37.3643
9269,7.3997
9270,6.8995
9330,38.5121
9331,36.4139
9271,6.9714
9332,37.5131
9272,7.9329
9333,38.0644
9273,7.9928
9334,37.1380
9274,7.2013
9335,37.4519
9275,7.1838
9276,7.2223
9336,38.6252
9337,36.5644
9277,7.6600
9278,6.9816
9338,38.8410
9339,37.2369
9279,7.2716
9340,37.7676
9280,7.2413
9341,37.6162
9281,7.6154
9282,6.9444
9342,38.6306
9343,37.2378
9283,6.8535
9344,37.5408
9284,7.2519
9345,37.8570
9285,7.2052
9346,37.7278
9286,7.2896
9347,37.3909
9287,7.7664
9348,37.9701
9288,7.7847
9349,37.3514
9289,7.9461
9350,38.3038
9290,7.0788
9351,36.3810
9291,8.0449
9292,7.2399
9352,38.1216
9353,37.1343
9293,7.3474
9354,37.5505
9294,7.9381
9355,38.1792
9295,7.6032
9356,38.0393
9296,8.1739
9297,6.8353
9357,37.7744
9358,36.8469
9298,7.5613
9359,37.6591
9299,8.0542
9300,7.0184
9360,38.4868
9361,37.0379
9301,7.7273
9362,37.4735
9302,7.6461
9363,38.1176
9303,7.4246
9364,37.5244
9304,7.7938
9365,37.2519
9305,7.4144
9306,7.1066
9366,38.0601
9367,35.9712
9307,8.0646
9368,37.9381
9308,7.3086
9369,37.3846
9309,7.5489
9370,37.4830
9310,8.3264
9371,38.0423
9311,7.2038
9372,37.4701
9312,8.0110
9373,37.6762
9313,7.2785
9374,38.6917
9314,7.7424
9375,37.4693
9315,7.6598
9376,37.0631
9316,7.7162
9377,38.3052
9317,8.2677
9318,7.4096
9378,38.7549
9379,36.8022
9319,7.8790
9380,36.0439
9320,7.3743
9381,37.9551
9321,7.4607
9382,37.0253
9322,7.4823
9383,38.2015
9323,7.7769
9324,7.3148
9384,38.1821
9385,36.9262
9325,7.9413
9386,38.2921
9326,8.9532
9327,8.0385
9387,38.3534
9388,37.2270
9328,7.6288
9389,36.9566
9329,7.8015
9390,38.9360
9330,8.1032
9331,6.8933
9391,37.8809
9392,37.0537
9332,7.1013
9393,37.7531
9333,7.5166
9394,38.3062
9334,7.9978
9395,38.1602
9335,6.9027
9396,37.3016
9336,7.8217
9397,38.2272
9337,7.9299
9338,6.8803
9398,38.5162
9399,36.9867
9339,7.6688
9400,37.0793
9340,7.5290
9401,37.2282
9341,7.4461
9402,37.5180
9342,6.9341
9403,37.4000
9343,6.8071
9404,36.5367
9344,7.8786
9405,37.9279
9345,8.0200
9406,37.9121
9346,7.7976
9407,37.9106
9347,7.5766
9408,38.6390
9348,7.8452
9349,7.2641
9409,37.6801
9410,37.9460
9350,7.2417
9411,38.2377
9351,7.8503
9412,37.1553
9352,7.5400
9413,38.3503
9353,7.6247
9414,38.2070
9354,8.1508
9355,7.1683
9415,37.8079
9416,37.2232
9356,6.9879
9417,37.7504
9357,7.2715
9418,37.1199
9358,8.1639
9359,7.1535
9419,38.2896
9420,37.3191
9360,8.0319
9421,37.6821
9361,7.5033
9422,37.1218
9362,7.7719
9423,37.4500
9363,7.9517
9424,37.5310
9364,6.9030
9425,37.9500
9365,7.1155
9426,37.5515
9366,7.5415
9427,38.1029
9367,7.6933
9428,37.6666
9368,7.4107
9429,38.1390
9369,7.4793
9370,7.4653
9430,41.4429
9431,36.0292
9371,7.9140
9372,6.9357
9432,37.6503
9433,37.6076
9373,7.5359
9434,37.8520
9374,7.5489
9435,37.5155
9375,7.8736
9436,38.8462
9376,7.8938
9437,37.1058
9377,7.3644
9438,37.4499
9378,7.4214
9439,37.2480
9379,7.5105
9440,38.1885
9380,8.0538
9441,38.2391
9381,7.1240
9442,37.2027
9382,7.7678
9443,37.8878
9383,7.3396
9444,36.4573
9384,7.5154
9385,6.9600
9445,37.9062
9446,36.9716
9386,8.1533
9447,38.0762
9387,7.9290
9388,6.9245
9448,37.6739
9389,7.1228
9449,37.2235
9450,37.7724
9390,7.8038
9391,7.8163
9451,38.8554
9452,37.8200
9392,7.9300
9453,37.6500
9393,7.6760
9454,37.2351
9394,7.6948
9455,37.4385
9395,7.5620
9456,37.6428
9396,7.9390
9457,39.5618
9397,7.8038
9458,37.8844
9398,7.6872
9459,37.2823
9399,7.9484
9460,37.2381
9400,7.1902
9461,37.0137
9401,8.0979
9402,6.9362
9462,38.5690
9463,36.4143
9403,7.2456
9464,38.4555
9404,8.1615
9405,7.2154
9465,37.5288
9406,7.4152
9466,37.0369
9467,37.4630
9407,6.9731
9408,6.9977
9468,38.7145
9469,36.1944
9409,7.1045
9410,6.7828
9470,37.9638
9471,37.0895
9411,6.9170
9472,37.8211
9412,7.3354
9473,37.6065
9413,7.0400
9474,37.0384
9414,7.0863
9475,37.6848
9415,7.3000
9476,37.4723
9416,7.6815
9477,37.1442
9417,8.0603
9478,38.4127
9418,7.4162
9479,38.5055
9419,8.0360
9480,37.7589
9420,7.6570
9481,37.2696
9421,7.2704
9482,36.8893
9422,8.1072
9423,7.0890
9483,39.0856
9484,37.5848
9424,7.6514
9425,6.9483
9485,38.0444
9486,37.4587
9426,7.4713
9487,38.4959
9427,6.8035
9488,37.2578
9428,7.2609
9489,37.3844
9429,7.5923
9490,37.2265
9430,7.4777
9491,37.8067
9431,7.3706
9492,37.7054
9432,7.4222
9493,38.3795
9433,7.7057
9494,37.0055
9434,7.7908
9495,37.6908
9435,7.3936
9496,36.3665
9436,7.4168
9497,37.5705
9437,7.0458
9498,37.9002
9438,7.5635
9499,37.7868
9439,7.9040
9440,7.2237
9500,37.7780
9501,36.4830
9441,7.2706
9502,37.3014
9442,6.9483
9503,37.3621
9443,7.4153
9444,6.9943
9504,37.6171
9505,37.9475
9445,6.6946
9506,37.5586
9446,8.1405
9447,7.3408
9507,38.5587
9508,37.7426
9448,7.6369
9449,7.0385
9509,38.0685
9510,37.3975
9450,7.6279
9451,7.0523
9511,38.4635
9512,37.3369
9452,8.1814
9453,6.9206
9513,38.1860
9454,6.6882
9514,37.4191
9455,6.7120
9515,38.8916
9516,36.8492
9456,7.9562
9457,7.6180
9517,38.5078
9518,37.8638
9458,6.9575
9519,37.1469
9459,6.7650
9520,37.2794
9460,7.7356
9461,7.5778
9521,38.6324
9522,37.1075
9462,6.9102
9523,36.7673
9463,7.5606
9524,38.3726
9464,7.7533
9465,7.1447
9525,36.8753
9526,37.9717
9466,7.2277
9527,38.7544
9467,7.1158
9528,37.3240
9468,7.7472
9529,38.2300
9469,6.8993
9530,38.1164
9470,6.8936
9531,37.3085
9471,6.7860
9532,37.3110
9472,7.1969
9533,38.3082
9473,7.9894
9534,37.7541
9474,6.9608
9535,37.4038
9475,7.1327
9536,37.5678
9476,7.6853
9537,37.7684
9477,7.7233
9478,7.6238
9538,38.9601
9539,36.8609
9479,7.2289
9480,7.6458
9540,38.9420
9481,7.3458
9541,37.5001
9542,37.8218
9482,7.1669
9543,37.7441
9483,7.0313
9544,38.1255
9484,7.1374
9545,37.2190
9485,7.7932
9486,7.0526
9546,38.5023
9487,6.8261
9547,36.9138
9548,36.9182
9488,7.4778
9549,38.2151
9489,7.3297
9550,38.2195
9490,7.9582
9551,37.3511
9491,6.8676
9552,38.2753
9492,7.4639
9553,37.6022
9493,8.0332
9554,37.7674
9494,7.2403
9555,38.2613
9495,7.6763
9496,7.3851
9556,37.5349
9557,36.9977
9497,7.1853
9558,37.2348
9498,7.9870
9499,6.7844
9559,37.8598
9560,37.3260
9500,7.9266
9501,6.8667
9561,38.0421
9562,37.0429
9502,7.4263
9563,38.0637
9503,7.4211
9564,37.6135
9504,7.5410
9565,37.9100
9505,7.7347
9566,37.5502
9506,7.3548
9567,37.0244
9507,7.6687
9508,6.9157
9568,38.2038
9569,37.2798
9509,7.4411
9570,37.8980
9510,7.3344
9571,37.0943
9511,7.7069
9572,37.5460
9512,7.3502
9573,37.2679
9513,7.1647
9574,38.8170
9514,7.5763
9575,37.5925
9515,7.8100
9576,37.4382
9516,7.6069
9577,37.4439
9517,8.1611
9518,7.2270
9578,38.4088
9579,37.3939
9519,7.6430
9580,36.7551
9520,6.9959
9581,38.1841
9521,7.7997
9522,7.0424
9582,38.4626
9583,36.8667
9523,6.9803
9584,37.9474
9524,7.2040
9585,37.2742
9525,7.5782
9586,37.3039
9526,7.8991
9587,38.6774
9527,7.3670
9588,36.9626
9528,7.7111
9589,37.6013
9529,8.0934
9590,38.2271
9530,7.6248
9531,7.2551
9591,37.5525
9592,36.0207
9532,7.0771
9593,37.4483
9533,7.3149
9594,38.6213
9534,7.4588
9595,37.1693
9535,7.7722
9596,39.2757
9536,7.5454
9597,37.5276
9537,7.7171
9598,38.0995
9538,7.3218
9599,37.3774
9539,7.0442
9540,6.7079
9600,37.5205
9601,37.3033
9541,7.9428
9602,38.6334
9542,9.1878
9543,7.1749
9603,37.9614
9544,6.9251
9604,36.9569
9605,36.7308
9545,7.7256
9606,38.1727
9546,7.7292
9607,37.8459
9547,6.8547
9608,37.0621
9548,6.8567
9549,6.7878
9609,38.4913
9610,36.9134
9550,7.1685
9611,37.8449
9551,7.4891
9552,6.7734
9612,38.5859
9553,6.6752
9613,39.6997
9614,37.5876
9554,6.8166
9615,37.6528
9555,7.2724
9616,38.8190
9556,7.0127
9617,37.2747
9557,6.8589
9618,37.8481
9558,7.0286
9619,38.6316
9559,7.3877
9620,37.9904
9560,7.7876
9621,37.7526
9561,6.7877
9622,37.5165
9562,7.4713
9623,37.6772
9563,7.8234
9624,37.7805
9564,7.3232
9625,37.4148
9565,8.0508
9566,7.1241
9626,37.7213
9627,37.7166
9567,7.2057
9628,37.0479
9568,7.6134
9629,38.9152
9569,7.6294
9630,37.5836
9570,7.9883
9631,37.3673
9571,7.2669
9632,38.0422
9572,7.6922
9633,37.3475
9573,6.7487
9634,38.1464
9574,6.8713
9635,37.1803
9575,6.8394
9636,37.7147
9576,6.8632
9637,38.0529
9577,7.1119
9638,37.1074
9578,7.0822
9579,6.6564
9639,38.4007
9640,37.0668
9580,7.1137
9641,38.2114
9581,7.9794
9642,37.7882
9582,7.1868
9643,37.6557
9583,7.9010
9644,37.8406
9584,7.2512
9645,37.6336
9585,7.5453
9646,37.6199
9586,6.9697
9647,38.9661
9587,6.5907
9648,37.1139
9588,6.6311
9589,6.5929
9649,37.8466
9650,36.9749
9590,6.7409
9651,37.6426
9591,7.8047
9652,38.5276
9592,6.7822
9653,38.0264
9593,6.9557
9654,37.9463
9594,6.8445
9595,6.5606
9655,37.3075
9656,37.2871
9596,6.9891
9657,39.2810
9597,8.6965
9598,6.9258
9658,38.8033
9599,6.6450
9659,37.5699
9600,6.8983
9660,38.0003
9601,6.8007
9661,37.4067
9662,37.2730
9602,8.0541
9663,39.5817
9603,7.4852
9664,37.9496
9604,7.5067
9605,6.9951
9665,37.1912
9606,6.6925
9666,37.1016
9667,37.5524
9607,9.0060
9608,7.6379
9668,39.1901
9669,37.6772
9609,7.7295
9670,37.9522
9610,7.9534
9611,7.1440
9671,38.2614
9672,36.6966
9612,7.5996
9673,37.5890
9613,7.4107
9674,38.2708
9614,7.0965
9675,37.4210
9615,6.8139
9676,37.9474
9616,7.0722
9677,36.9787
9617,7.4068
9618,6.8555
9678,38.1397
9679,37.6342
9619,7.4009
9680,38.6984
9620,7.1695
9681,36.9942
9621,7.7369
9622,7.8053
9682,38.2316
9683,38.3748
9623,6.8385
9684,37.1865
9624,6.9705
9685,37.7048
9625,7.4411
9686,37.9204
9626,7.7654
9627,7.5890
9687,37.6643
9688,37.8155
9628,7.2136
9689,37.9009
9629,7.6335
9690,37.6749
9630,7.1694
9691,37.3759
9631,7.5780
9692,37.7231
9632,6.8665
9693,36.9944
9633,6.8505
9694,39.3777
9634,7.3696
9695,37.5900
9635,6.8157
9696,37.6331
9636,7.3599
9697,38.4976
9637,7.7776
9638,7.1352
9698,38.0972
9699,36.6245
9639,7.0560
9700,38.5350
9640,7.2394
9701,38.2537
9641,7.9606
9642,6.5803
9702,37.8255
9703,37.6871
9643,7.1730
9704,37.5864
9644,7.3444
9705,37.7081
9645,7.0931
9706,37.6857
9646,7.6457
9707,38.1025
9647,7.1513
9708,37.3199
9648,7.0873
9709,37.6637
9649,7.1346
9710,37.8783
9650,7.6191
9651,6.8115
9711,38.0543
9712,37.4510
9652,7.2438
9653,6.4302
9713,38.3435
9654,6.5120
9714,37.3452
9715,37.7119
9655,6.3733
9716,36.8874
9656,6.3580
9717,36.9178
9657,7.6592
9658,6.7954
9718,38.7187
9719,37.3372
9659,7.8588
9660,6.6784
9720,38.0636
9661,7.5636
9721,37.3637
9722,37.6824
9662,6.8994
9723,36.9993
9663,7.3429
9724,38.2636
9664,7.4258
9725,36.4806
9665,7.8224
9666,6.7677
9726,37.4538
9667,6.4702
9727,36.8486
9728,38.7778
9668,7.6543
9729,38.2314
9669,6.9855
9730,37.3937
9670,7.2904
9731,38.5390
9671,7.7667
9672,6.7971
9732,37.6872
9733,37.4370
9673,7.2226
9734,38.2057
9674,8.2651
9675,7.4247
9735,39.7710
9676,7.0414
9736,37.6287
9677,6.2928
9737,37.6620
9678,6.3200
9738,37.8448
9739,37.0996
9679,7.6959
9680,6.5147
9740,38.3929
9741,37.8298
9681,6.9193
9742,37.0018
9682,6.9997
9743,37.7331
9683,7.1621
9744,37.6377
9684,8.3317
9685,6.5514
9745,38.2172
9746,36.9778
9686,7.0399
9747,37.9443
9687,7.3766
9748,37.6741
9688,6.9648
9689,7.0152
9749,37.7834
9750,37.2487
9690,7.2940
9751,37.7092
9691,7.3553
9752,38.1717
9692,7.2507
9753,37.7784
9693,7.4750
9694,6.5170
9754,38.1864
9755,36.9771
9695,6.7516
9756,37.4691
9696,7.2714
9757,38.4982
9697,7.6431
9698,6.9880
9758,37.6933
9759,37.1555
9699,7.5730
9700,6.8501
9760,38.5946
9761,36.5417
9701,7.8034
9762,37.5844
9702,6.8586
9763,36.6870
9703,7.2205
9764,38.4336
9704,7.7146
9765,38.0009
9705,7.2095
9766,37.7745
9706,6.9928
9767,37.2605
9707,7.2322
9708,6.7843
9768,38.4421
9769,37.0609
9709,6.3911
9770,37.2057
9710,6.5312
9771,37.4573
9711,7.3704
9712,6.8826
9772,37.9852
9773,36.8236
9713,7.0284
9774,37.9782
9714,7.5148
9715,6.6442
9775,37.9441
9716,6.5801
9776,36.7879
9777,37.0119
9717,7.3912
9778,38.5305
9718,7.5937
9779,37.3244
9719,6.6002
9780,38.4664
9720,7.2181
9781,37.7984
9721,6.7944
9782,36.8305
9722,6.9385
9783,38.0813
9723,7.0308
9784,37.5132
9724,7.2078
9725,6.3672
9785,38.1391
9786,37.2681
9726,8.0147
9727,6.6632
9787,38.2637
9788,36.8450
9728,6.5685
9729,6.4772
9789,37.2682
9790,37.2486
9730,7.2962
9731,6.6650
9791,37.9067
9792,37.2473
9732,7.4043
9733,6.6858
9793,37.7848
9734,6.3133
9794,37.2544
9795,37.5109
9735,6.4178
9796,37.2175
9736,6.9922
9797,38.5287
9737,6.7443
9798,37.0022
9738,7.0203
9799,39.3422
9739,8.1767
9740,6.2978
9800,38.3071
9741,6.5533
9801,37.6565
9802,38.0415
9742,7.6705
9743,6.6831
9803,38.7015
9804,37.1282
9744,7.3700
9745,6.6173
9805,37.7298
9806,36.3515
9746,6.7425
9807,36.6276
9747,8.2120
9748,7.1142
9808,38.5984
9749,7.0280
9809,36.9478
9810,37.9523
9750,7.2923
9811,37.4384
9751,7.2349
9812,36.8337
9752,7.7775
9753,6.3734
9813,37.8258
9814,36.9509
9754,6.5918
9815,38.4391
9755,7.2396
9756,6.4993
9816,38.7111
9817,36.7916
9757,7.7856
9818,37.8730
9758,7.1447
9819,37.3765
9759,6.9981
9820,37.3594
9760,7.0862
9821,37.4415
9761,7.2292
9762,6.6281
9822,38.0035
9823,37.1863
9763,7.9873
9764,6.8698
9824,38.3099
9825,37.0658
9765,7.0715
9826,37.6045
9766,6.9218
9827,37.5685
9767,7.1103
9828,38.9520
9768,7.3166
9829,37.1355
9769,7.1752
9770,6.5232
9830,38.3831
9831,36.9158
9771,7.0477
9832,37.8531
9772,7.1906
9833,37.8720
9773,6.9068
9834,37.8556
9774,6.8020
9835,37.7499
9775,7.4736
9776,6.5908
9836,38.3418
9777,6.4921
9837,36.8261
9838,37.5879
9778,6.6499
9839,37.0934
9779,7.6536
9780,6.5253
9840,38.1107
9841,36.9460
9781,7.0652
9842,38.0415
9782,7.0872
9843,36.8087
9783,6.8357
9784,6.6523
9844,37.7037
9845,37.0611
9785,7.0342
9846,39.1080
9786,7.1625
9847,37.8162
9787,6.9828
9788,6.3417
9848,38.1426
9849,36.9921
9789,6.2782
9850,36.9258
9790,6.3063
9851,38.0718
9791,6.8712
9792,6.2847
9852,38.4422
9853,37.7762
9793,6.4962
9794,6.3021
9854,38.8196
9795,6.3341
9855,38.3962
9856,37.2391
9796,6.3464
9857,37.8837
9797,6.3555
9858,37.2027
9798,6.6766
9859,37.9765
9799,7.3169
9860,38.1974
9800,6.3331
9861,37.4879
9801,6.5656
9862,37.9952
9802,6.4300
9863,37.7225
9803,6.4186
9864,37.4836
9804,6.2481
9865,36.5707
9805,7.4090
9806,6.1714
9866,38.0363
9807,6.2454
9867,37.0088
9868,37.3855
9808,7.3231
9809,6.2448
9869,39.7919
9870,37.0262
9810,6.2274
9871,37.1158
9811,6.8520
9872,37.8930
9812,6.4285
9813,6.2048
9873,37.8766
9874,36.4990
9814,7.2274
9815,6.2807
9875,38.1632
9876,37.7646
9816,7.3032
9877,37.9878
9817,6.4857
9818,6.2392
9878,37.5367
9879,38.2609
9819,6.6299
9880,37.3384
9820,7.4170
9881,38.5901
9821,7.3322
9882,37.4164
9822,6.7059
9883,36.8686
9823,6.6018
9884,37.6217
9824,7.2642
9825,6.7948
9885,39.1647
9886,38.0409
9826,6.5778
9887,37.4460
9827,7.2508
9888,38.1696
9828,7.4577
9829,7.0161
9889,39.9180
9890,36.8762
9830,6.6358
9891,37.6318
9831,7.2056
9892,37.4564
9832,7.1339
9893,37.5089
9833,7.6819
9834,6.8495
9894,37.9195
9895,36.7067
9835,7.1699
9836,6.7261
9896,38.6258
9897,36.8470
9837,7.9656
9838,6.8322
9898,38.0763
9899,36.5717
9839,6.4621
9900,37.6297
9840,7.3737
9901,37.7679
9841,6.9313
9902,37.4037
9842,7.8454
9843,6.5049
9903,37.9558
9904,37.4171
9844,7.0729
9905,36.7829
9845,6.8105
9906,37.6613
9846,7.4976
9907,37.7128
9847,7.1834
9848,6.3098
9908,37.6867
9909,36.8701
9849,6.9138
9910,36.6467
9850,7.0474
9911,37.9673
9851,7.8788
9852,6.2328
9912,38.0852
9913,37.4391
9853,6.6581
9914,37.1155
9854,7.2297
9915,38.1655
9855,7.3381
9916,37.3850
9856,6.9462
9917,37.4758
9857,7.3111
9918,38.2046
9858,6.7596
9919,37.1550
9859,6.6423
9920,37.9570
9860,7.5735
9861,6.5990
9921,37.0409
9922,36.8776
9862,7.0891
9863,6.6700
9923,38.7862
9924,36.2358
9864,6.4059
9925,38.3497
9865,7.4872
9926,37.7975
9866,7.3316
9867,6.8974
9927,38.0171
9928,37.0330
9868,6.9072
9929,37.2965
9869,7.4572
9930,38.4279
9870,7.4713
9931,37.0044
9871,6.6843
9932,37.3575
9872,6.3401
9933,37.1398
9873,6.3611
9934,37.4971
9874,6.7562
9935,38.1404
9875,6.5363
9936,38.1350
9876,7.2347
9937,38.0476
9877,7.2974
9938,37.2628
9878,7.4942
9939,37.5507
9879,7.7765
9940,37.3111
9880,6.4317
9941,37.7428
9881,6.5555
9942,37.8876
9882,6.7476
9943,38.1119
9883,7.0957
9944,38.1488
9884,6.7322
9945,37.0111
9885,7.2757
9946,38.2272
9886,6.7914
9947,37.4749
9887,7.6442
9888,6.3668
9948,38.2427
9949,37.0069
9889,7.1634
9950,37.7533
9890,7.2783
9951,37.8683
9891,7.3701
9952,37.8353
9892,7.4548
9953,37.5821
9893,7.3593
9894,7.2865
9954,36.9281
9955,37.3900
9895,8.2266
9896,6.9519
9956,38.4666
9957,36.6339
9897,7.0230
9958,38.0836
9898,7.3079
9959,36.9714
9899,7.2982
9900,6.6060
9960,37.4786
9961,37.4032
9901,7.4832
9962,38.5333
9902,6.5235
9963,37.0124
9903,6.4218
9964,37.6520
9904,6.6966
9905,6.4412
9965,38.3449
9966,36.8765
9906,6.4629
9967,37.3786
9907,6.8222
9968,38.2914
9908,6.4825
9969,37.7067
9909,6.7038
9970,37.6915
9910,6.4888
9971,36.9262
9911,6.4535
9972,35.7104
9912,6.8459
9973,38.7000
9913,7.1152
9974,37.7587
9914,6.5416
9915,6.3652
9975,38.0177
9916,6.2841
9976,36.9679
9917,6.3800
9977,36.7201
9978,37.1797
9918,6.9302
9979,38.3238
9919,7.6614
9920,6.4709
9980,38.3643
9981,37.0021
9921,6.6813
9922,7.1236
9982,37.9782
9923,6.4551
9983,37.8364
9984,37.1888
9924,7.3125
9985,38.5125
9925,7.4717
9986,38.2411
9926,6.7787
9927,6.5079
9987,37.8122
9928,6.4333
9988,37.1247
9929,6.5358
9989,37.0450
9990,36.2645
9930,6.6325
9991,38.1257
9931,7.1477
9932,6.4357
9992,38.4961
9933,6.4636
9993,37.5970
9934,6.5382
9994,36.8744
9995,37.9080
9935,6.9917
9936,6.5290
9996,38.1407
9997,36.7396
9937,6.8426
9998,37.9020
9938,6.5311
9939,6.4555
9999,37.3811
10000,36.6538
9940,6.4805
10001,37.7747
9941,6.7906
10002,37.1410
9942,6.4296
10003,38.2756
9943,6.4347
10004,37.1299
9944,6.6007
9945,6.4296
10005,37.9363
10006,37.7939
9946,7.1358
9947,6.4934
10007,39.1106
10008,37.3493
9948,6.8380
10009,38.5793
9949,6.6473
10010,37.3627
9950,6.4261
10011,37.3926
9951,6.4167
10012,36.8108
9952,6.5243
10013,37.3553
9953,6.9603
10014,38.5248
9954,7.0747
9955,6.5007
10015,38.5567
9956,6.3208
10016,37.6777
9957,6.4710
10017,36.8027
9958,6.4214
10018,37.8647
10019,37.3292
9959,6.7462
10020,38.9303
9960,6.6660
10021,37.6008
9961,6.4374
9962,6.3722
10022,37.5664
9963,6.4785
10023,37.0156
10024,36.4005
9964,6.4265
10025,37.8655
9965,7.1119
9966,6.5022
10026,38.0620
10027,37.5245
9967,6.7495
9968,6.4663
10028,38.1244
9969,6.5194
10029,37.6842
10030,37.4374
9970,6.8683
10031,38.3348
9971,6.5970
10032,37.6501
9972,6.5565
10033,37.4833
9973,6.4919
9974,6.4567
10034,37.7763
9975,6.4295
10035,37.8225
10036,36.5180
9976,6.9624
9977,6.4215
10037,38.4671
10038,36.8826
9978,6.4690
10039,37.8298
9979,6.4703
9980,6.4537
10040,37.8619
9981,6.4420
10041,37.9027
10042,37.2518
9982,7.1336
10043,38.2447
9983,6.5845
10044,37.0936
9984,6.4777
10045,37.2129
9985,7.2420
9986,6.4545
10046,38.3523
9987,6.4240
10047,37.1525
10048,37.3877
9988,7.1862
9989,6.4590
10049,38.5663
10050,36.9838
9990,6.5824
9991,6.3767
10051,38.0800
10052,37.1741
9992,7.1608
9993,6.4480
10053,38.6535
10054,37.2337
9994,7.1255
9995,6.5143
10055,38.1142
9996,6.4447
10056,37.3032
10057,37.2517
9997,6.3676
10058,37.4853
9998,6.9955
10059,38.1529
9999,6.6190
10060,37.2440
10000,6.4715
10061,37.8635
10001,6.5655
10062,37.6098
10002,6.6033
10003,6.4242
10063,37.3221
10064,37.2628
10004,7.0141
10005,6.5244
10065,38.7912
10066,37.0784
10006,6.5143
10067,37.4167
10007,6.9534
10068,38.1283
10008,6.6608
10009,6.4405
10069,37.5602
10070,37.5995
10010,6.9500
10011,6.3989
10071,38.8394
10072,36.0265
10012,6.5611
10073,38.0992
10013,6.4439
10074,37.8098
10014,6.5570
10075,38.1294
10015,6.5327
10076,37.8506
10016,7.2281
10017,6.5025
10077,39.7675
10078,37.0828
10018,6.6704
10079,37.0705
10019,6.8979
10020,6.6042
10080,38.0516
10081,37.4334
10021,6.6422
10082,37.2600
10022,6.9808
10023,6.4613
10083,38.9102
10084,36.8857
10024,6.7503
10085,37.4380
10025,6.8776
10086,38.1601
10026,6.8147
10027,6.4837
10087,37.9962
10088,37.3172
10028,6.6660
10029,6.4694
10089,39.3734
10030,6.5541
10090,37.0280
10091,37.2928
10031,7.3420
10092,38.0283
10032,6.6313
10093,38.5699
10033,6.6503
10094,36.8348
10034,6.4357
10095,37.2022
10035,6.5549
10096,38.0943
10036,6.6726
10097,37.5238
10037,6.9522
10098,37.8113
10038,6.5191
10039,6.4766
10099,38.0414
10040,6.4518
10100,37.9763
10101,37.6761
10041,6.6494
10102,36.5149
10042,7.0342
10103,38.5234
10043,6.6808
10044,6.5851
10104,38.0229
10105,37.3149
10045,7.4798
10046,8.3948
10106,38.0768
10107,37.6150
10047,7.7025
10108,38.0357
10048,8.1965
10109,38.1243
10049,8.2391
10050,7.6671
10110,37.4302
10111,37.6194
10051,8.1981
10052,7.8800
10112,37.8281
10113,36.7826
10053,9.0494
10054,7.5443
10114,38.2438
10055,7.9729
10115,39.0931
10116,36.8620
10056,7.6905
10117,38.0483
10057,7.6975
10118,36.5535
10058,7.7019
10119,37.6844
10059,7.6614
10120,37.9941
10060,7.5278
10121,37.6778
10061,7.4937
10122,38.3506
10062,7.5941
10123,37.2435
10063,7.7712
10124,37.7821
10064,7.8651
10125,38.8557
10065,7.6398
10066,7.4235
10126,37.3613
10067,7.2559
10127,37.1992
10128,36.9544
10068,7.2331
10129,38.3572
10069,7.6229
10070,7.1896
10130,38.3872
10131,35.5221
10071,8.2196
10072,7.2156
10132,37.5648
10073,7.2419
10133,37.2387
10134,37.4890
10074,7.3999
10135,38.7445
10075,9.8696
10076,7.6440
10136,38.2633
10137,37.2097
10077,8.4410
10078,7.5426
10138,37.8458
10079,7.9596
10139,37.8407
10140,37.2370
10080,9.3805
10081,7.9005
10141,39.3288
10082,7.7409
10142,37.8489
10143,36.8369
10083,8.3280
10144,37.4810
10084,8.4397
10145,37.8450
10085,8.5197
10146,37.7965
10086,8.0803
10147,38.1147
10087,7.7715
10148,37.7391
10088,7.7877
10149,38.3390
10089,8.6751
10090,7.3605
10150,37.5845
10151,36.9026
10091,7.5143
10152,37.3272
10092,7.3864
10153,37.1927
10093,7.5159
10154,37.5573
10094,7.3102
10155,36.9712
10095,7.4932
10156,37.7326
10096,7.4719
10157,37.9121
10097,8.2064
10098,7.2328
10158,38.1797
10159,38.2765
10099,7.2909
10100,7.4411
10160,37.6981
10161,37.2627
10101,7.5659
10162,37.6086
10102,7.5570
10163,37.5446
10103,7.3880
10164,37.9301
10104,7.4977
10165,37.6582
10105,7.3289
10166,38.0251
10106,7.3110
10167,37.1399
10107,7.6068
10168,37.9984
10108,7.5796
10169,37.7060
10109,7.4140
10110,7.2871
10170,38.2173
10111,7.2075
10171,37.5884
10172,37.0841
10112,7.3186
10173,37.5866
10113,7.7148
10174,37.8537
10114,7.5266
10175,38.3843
10115,7.3672
10116,7.3561
10176,37.8341
10177,36.9278
10117,7.5519
10178,37.6668
10118,7.6688
10119,7.4317
10179,38.5012
10180,37.7960
10120,7.4154
10181,37.8848
10121,7.3868
10182,37.1429
10122,8.0621
10123,7.5929
10183,37.7046
10184,37.5336
10124,7.3057
10185,38.0173
10125,7.3739
10186,37.6879
10126,7.2816
10187,37.9818
10127,7.3772
10188,37.3819
10128,7.4883
10189,37.1811
10129,8.6273
10130,7.3259
10190,37.9896
10131,7.3823
10191,37.7038
10192,37.1925
10132,7.5697
10193,37.8818
10133,7.5782
10194,37.5127
10134,7.3858
10195,37.1128
10135,7.4936
10196,38.1586
10136,8.1892
10137,7.2861
10197,38.0890
10198,36.3446
10138,7.5263
10199,38.1526
10139,7.5201
10200,38.0358
10140,7.5261
10201,37.8443
10141,8.1900
10142,7.4335
10202,38.4261
10143,7.3150
10203,37.7322
10204,36.9471
10144,7.6760
10205,38.0060
10145,7.4013
10206,37.0063
10146,7.7371
10207,37.7456
10147,7.6479
10208,39.2337
10148,7.5300
10209,38.1682
10149,7.6533
10210,36.9172
10150,7.7462
10211,38.0417
10151,7.4987
10212,37.4719
10152,7.7817
10213,37.4148
10153,7.5507
10214,38.0795
10154,7.4218
10215,38.5743
10155,7.5534
10216,37.4681
10156,7.5903
10217,37.4371
10157,7.4218
10218,37.1707
10158,7.8491
10159,7.4553
10219,38.6906
10220,36.3320
10160,7.5818
10161,7.5191
10221,37.8486
10222,37.2516
10162,7.3889
10223,38.2889
10163,7.6257
10224,37.5225
10164,7.5172
10225,37.2923
10165,7.5199
10226,37.7303
10166,7.5432
10227,37.3469
10167,8.0974
10228,37.8147
10168,7.6737
10229,37.8734
10169,7.7953
10230,39.2141
10170,7.7940
10231,36.9952
10171,7.6968
10232,38.0182
10172,7.5759
10233,37.2910
10173,7.8962
10174,7.2676
10234,38.7193
10235,37.4048
10175,7.8913
10176,7.2809
10236,38.9441
10237,37.5190
10177,7.6963
10178,7.3947
10238,38.2958
10179,7.3780
10239,36.8752
10240,36.9270
10180,8.4733
10181,7.2382
10241,38.2672
10182,7.1849
10242,37.6862
10243,37.4864
10183,7.2367
10244,37.5047
10184,7.4228
10245,36.9443
10185,7.7507
10246,38.4540
10186,7.7439
10247,37.3584
10187,7.4591
10188,7.3981
10248,37.0696
10249,37.2334
10189,7.7544
10250,37.1847
10190,7.7066
10251,38.4470
10191,7.6426
10252,36.8548
10192,7.6098
10253,38.4142
10193,7.8058
10194,7.4536
10254,37.1703
10255,37.0427
10195,7.6657
10256,37.7016
10196,8.3823
10197,7.4378
10257,38.7581
10258,37.8133
10198,7.4658
10259,37.9970
10199,7.6819
10200,7.3942
10260,38.2211
10261,37.2990
10201,7.9764
10202,7.6741
10262,38.7909
10263,37.1806
10203,8.1703
10204,7.2088
10264,37.2060
10205,7.2989
10265,37.6425
10266,37.0127
10206,7.4804
10207,7.2105
10267,37.9866
10268,37.4391
10208,8.2122
10269,39.2922
10209,7.6686
10270,37.4963
10210,7.4894
10211,7.2072
10271,36.9754
10272,37.3414
10212,8.1741
10213,7.3315
10273,38.2209
10274,36.8389
10214,8.3949
10215,7.4282
10275,38.3704
10216,7.1233
10276,37.5432
10217,7.2553
10277,37.6562
10278,37.9050
10218,8.5939
10219,7.2359
10279,38.2893
10280,38.0943
10220,7.4702
10281,38.7284
10221,7.6865
10282,36.8297
10222,7.6762
10283,37.7455
10223,7.5212
10284,37.4176
10224,7.6865
10285,37.2949
10225,7.5908
10286,37.7147
10226,7.9931
10227,7.3514
10287,38.1542
10288,37.4975
10228,7.3498
10229,7.3708
10289,38.2285
10290,36.3527
10230,7.4902
10231,7.2262
10291,39.6434
10292,37.4685
10232,7.6323
10233,7.4310
10293,38.2131
10294,36.8322
10234,7.3483
10295,37.9435
10235,7.5677
10296,36.8078
10236,7.7685
10297,37.8791
10237,7.7155
10298,37.8121
10238,7.7192
10299,37.4499
10239,7.5236
10300,37.7960
10240,7.6012
10301,37.7927
10241,7.3756
10302,37.6117
10242,7.4256
10303,38.3004
10243,7.2797
10304,37.6871
10244,7.4916
10305,36.9587
10245,7.8072
10306,38.4120
10246,7.4127
10307,37.7690
10247,7.6530
10308,37.3736
10248,7.6034
10309,37.5824
10249,7.6051
10310,37.1844
10250,7.5215
10311,37.4537
10251,8.3368
10252,7.4743
10312,38.9806
10313,37.4757
10253,7.3456
10314,37.7240
10254,7.7383
10255,7.3164
10315,38.3064
10316,37.4035
10256,7.7022
10317,37.0835
10257,7.5234
10318,37.9705
10258,7.5164
10319,36.8704
10259,7.5481
10320,38.0377
10260,7.4468
10321,37.4429
10261,7.5226
10322,37.4256
10262,7.6148
10323,37.5699
10263,7.4015
10324,37.8465
10264,7.4749
10325,38.8958
10265,7.7781
10326,37.6244
10266,7.5571
10327,37.7864
10267,7.4649
10328,37.3620
10268,7.3995
10329,38.2663
10269,7.3320
10330,38.1759
10270,7.6385
10331,37.3143
10271,8.2992
10272,7.4780
10332,38.9680
10333,37.0699
10273,7.7106
10274,7.5938
10334,37.5472
10335,37.4286
10275,7.8858
10336,38.1526
10276,7.5770
10337,37.0574
10277,7.6355
10278,7.5652
10338,38.8403
10339,37.1095
10279,7.6092
10340,37.0627
10280,7.5513
10341,38.2974
10281,8.4156
10342,38.4553
10282,7.5177
10343,36.2203
10283,7.5125
10344,37.5466
10284,7.5811
10285,7.4925
10345,37.9048
10346,37.0950
10286,7.5523
10347,39.1550
10287,8.6134
10288,7.3077
10348,38.5852
10349,37.8972
10289,8.1947
10350,37.5302
10290,7.4527
10291,7.3502
10351,37.3670
10352,37.8820
10292,8.5272
10293,7.2476
10353,38.1517
10354,36.9144
10294,7.4356
10355,37.3863
10295,7.4134
10356,37.6890
10296,7.4406
10297,7.2974
10357,37.3158
10358,37.1333
10298,7.9837
10299,7.2818
10359,38.4145
10360,38.3177
10300,7.3052
10361,36.2522
10301,7.4371
10362,37.4099
10302,7.3596
10363,37.7921
10303,7.5315
10364,36.9539
10304,7.4250
10365,37.3720
10305,7.4338
10366,37.5634
10306,7.3236
10367,38.1022
10307,7.5295
10368,37.2418
10308,7.4599
10369,37.9032
10309,7.3457
10370,38.4492
10310,7.3265
10371,37.6962
10311,7.4669
10372,37.8607
10312,7.5420
10373,37.1654
10313,7.6475
10374,37.5116
10314,7.6999
10375,37.3693
10315,7.6812
10376,37.2281
10316,7.7677
10377,37.3339
10317,7.5382
10378,38.4969
10318,7.6856
10379,36.6019
10319,7.3905
10380,38.0606
10320,7.7175
10381,38.2584
10321,7.6222
10382,36.2398
10322,7.4268
10383,38.2417
10323,7.6493
10324,7.5705
10384,37.9644
10385,37.2128
10325,7.5195
10386,37.0189
10326,8.4562
10327,7.2485
10387,38.4357
10388,37.0516
10328,7.4900
10389,37.1254
10329,7.7950
10390,38.6749
10330,7.6888
10391,37.2858
10331,7.6527
10392,37.6549
10332,7.8816
10333,7.2813
10393,38.1383
10334,7.4358
10394,37.3629
10395,37.3578
10335,7.9657
10336,7.3618
10396,38.5740
10397,37.0221
10337,8.3869
10338,7.4469
10398,39.4552
10339,7.4862
10399,36.8658
10400,37.4160
10340,7.4961
10401,37.7483
10341,8.2393
10342,7.2690
10402,38.5853
10343,7.4621
10403,37.1925
10404,36.5670
10344,7.6971
10405,38.4092
10345,7.8233
10346,7.4712
10406,37.9532
10407,37.0201
10347,7.4685
10408,38.5139
10348,7.4586
10409,37.6835
10349,7.7222
10410,37.9348
10350,7.5787
10411,38.2734
10351,7.4712
10412,37.4157
10352,7.6899
10413,37.6484
10353,7.9376
10354,7.7658
10414,38.7405
10355,7.3309
10415,37.2791
10416,37.4328
10356,7.7078
10417,38.1078
10357,8.0376
10418,38.1158
10358,8.7571
10419,38.4034
10359,7.9930
10420,38.2656
10360,7.7600
10361,7.4920
10421,37.4142
10362,7.5572
10422,38.0383
10423,36.8471
10363,7.7026
10424,37.9749
10364,7.4978
10425,38.1731
10365,8.3662
10366,7.7297
10426,38.3154
10427,37.8158
10367,7.5458
10428,36.4161
10368,7.3791
10429,37.8358
10369,7.7153
10430,38.0081
10370,7.7607
10431,37.7105
10371,7.9192
10432,37.5090
10372,7.8309
10433,37.9090
10373,7.5554
10434,39.0565
10374,7.6666
10375,7.4825
10435,38.0458
10436,37.1164
10376,7.8389
10437,37.8790
10377,7.5786
10438,37.4988
10378,7.4447
10439,37.7737
10379,7.3655
10440,37.8566
10380,8.0444
10381,7.4951
10441,38.4648
10442,37.1759
10382,7.6099
10443,37.7492
10383,7.8013
10384,7.7134
10444,37.8163
10445,36.9217
10385,8.0720
10446,37.8846
10386,7.5789
10447,37.1141
10387,7.3728
10448,38.5648
10388,7.6043
10449,37.4248
10389,7.5997
10450,37.8717
10390,7.9991
10391,7.4297
10451,39.2631
10392,7.4583
10452,38.3429
10393,7.5754
10453,38.6313
10454,37.6634
10394,7.8054
10455,37.3804
10395,7.9075
10456,38.1437
10396,7.6913
10457,37.9587
10397,7.6875
10458,37.6547
10398,7.4762
10459,38.4116
10399,7.7766
10460,37.8483
10400,7.8015
10461,37.8176
10401,7.9294
10462,37.8681
10402,7.8762
10463,37.8485
10403,7.4400
10464,37.8634
10404,7.8675
10465,38.0445
10405,7.5439
10406,7.4322
10466,37.8117
10467,36.2563
10407,7.6577
10468,37.8892
10408,7.7368
10409,7.3632
10469,38.9498
10470,37.0469
10410,7.5724
10471,36.9906
10411,7.4807
10472,38.5276
10412,7.5850
10473,37.5204
10413,7.6001
10474,37.2409
10414,7.6349
10475,37.5727
10415,7.4876
10476,36.9902
10416,7.5746
10477,37.0429
10417,7.5852
10478,37.5482
10418,7.7216
10479,37.4885
10419,7.7945
10480,38.1031
10420,7.7547
10481,36.8791
10421,7.5484
10482,38.0899
10422,7.7151
10483,37.4597
10423,7.6018
10484,38.4786
10424,7.7689
10485,37.6420
10425,7.7439
10486,38.7266
10426,7.5782
10487,38.4416
10427,7.4685
10488,37.8962
10428,7.7595
10489,37.5144
10429,7.6789
10430,7.6720
10490,37.5986
10491,37.3303
10431,7.4596
10492,38.1175
10432,7.5726
10493,37.4999
10433,7.7773
10494,37.2919
10434,7.5278
10495,38.3626
10435,7.6439
10496,38.2900
10436,7.7089
10497,38.3111
10437,7.6063
10498,37.2660
10438,7.6219
10499,37.8108
10439,7.4119
10500,38.1554
10440,7.6551
10501,39.4488
10441,7.7844
10442,7.3046
10502,37.4640
10503,37.4428
10443,7.4579
10504,37.3747
10444,7.5074
10505,38.2961
10445,7.6821
10506,37.1586
10446,7.5823
10507,38.1952
10447,7.5169
10508,38.5709
10448,7.6893
10509,37.7332
10449,7.5875
10510,37.9245
10450,7.4931
10511,38.3585
10451,7.7795
10512,37.9809
10452,7.8279
10513,37.6413
10453,7.6914
10514,36.9911
10454,7.6010
10515,38.3890
10455,7.7719
10516,37.9755
10456,7.6938
10517,37.4546
10457,7.8980
10518,37.9707
10458,7.5416
10519,38.1949
10459,7.5481
10520,37.5200
10460,7.6970
10461,7.5389
10521,37.1293
10522,37.1456
10462,7.7386
10523,37.7238
10463,8.1046
10524,38.0723
10464,7.7015
10525,37.4662
10465,7.6915
10526,37.6810
10466,7.5972
10527,37.5557
10467,7.8031
10528,37.2903
10468,7.4969
10529,37.5374
10469,7.5035
10530,36.8143
10470,7.2754
10531,38.5452
10471,7.5042
10532,37.7541
10472,7.7178
10533,37.5239
10473,7.4579
10474,7.6015
10534,40.2773
10535,36.9600
10475,7.4087
10536,38.2029
10476,7.4670
10537,36.9309
10477,7.6578
10538,37.8042
10478,7.6188
10539,37.3871
10479,7.5211
10480,7.4296
10540,39.4375
10541,36.9931
10481,7.4575
10542,37.4301
10482,7.3688
10543,37.8118
10483,7.6820
10544,37.1952
10484,7.4139
10545,37.9678
10485,7.5145
10546,37.4391
10486,7.7469
10547,37.3914
10487,7.6170
10548,37.4309
10488,7.6593
10549,36.6919
10489,7.9365
10490,7.6383
10550,39.0728
10551,37.7587
10491,7.7688
10552,37.8938
10492,7.9069
10553,37.9786
10493,7.8051
10554,38.2069
10494,7.8759
10555,37.5459
10495,7.6207
10556,37.1856
10496,7.8810
10557,37.9291
10497,7.7046
10558,36.7240
10498,8.1122
10499,7.6074
10559,38.9650
10500,7.2842
10560,37.4393
10561,38.4309
10501,7.7923
10562,36.8342
10502,7.7376
10563,37.7136
10503,7.6202
10504,7.2986
10564,38.1606
10565,37.5929
10505,7.5371
10566,38.3126
10506,7.7456
10507,7.6132
10567,38.9244
10568,37.3754
10508,7.8421
10569,37.6126
10509,7.8423
10570,37.8221
10510,7.6314
10511,7.5955
10571,37.2531
10572,37.4512
10512,8.4266
10513,7.3344
10573,38.2363
10574,37.3289
10514,7.8390
10575,37.2995
10515,8.1742
10516,7.5916
10576,37.9642
10577,37.3146
10517,7.6965
10578,37.8621
10518,8.1201
10519,7.7908
10579,39.5195
10520,7.6698
10580,36.9725
10581,37.1888
10521,7.9778
10522,7.7466
10582,37.8491
10583,37.0410
10523,7.6461
10584,38.2901
10524,7.5233
10525,7.8851
10585,38.3319
10586,37.4109
10526,7.7365
10587,37.7071
10527,9.4913
10528,7.5212
10588,38.3212
10529,7.5500
10589,37.3085
10590,36.8748
10530,7.8658
10531,7.5713
10591,39.8879
10592,37.0523
10532,8.0553
10593,37.8282
10533,7.9823
10534,7.6721
10594,37.3699
10595,37.1034
10535,8.0172
10596,38.2444
10536,7.7210
10537,7.4526
10597,38.9889
10598,37.5814
10538,8.0568
10599,38.1927
10539,7.8205
10600,37.0273
10540,7.6122
10601,36.3456
10541,7.6720
10602,38.2197
10542,7.5295
10603,37.6947
10543,7.5269
10604,37.3651
10544,7.7218
10545,7.6669
10605,38.2739
10546,7.5691
10606,38.0264
10607,37.3305
10547,9.0074
10548,7.6116
10608,38.6678
10549,7.6693
10609,36.4473
10550,7.5521
10610,37.4003
10611,37.4609
10551,7.6747
10552,7.3883
10612,38.0651
10613,37.9455
10553,7.9064
10554,7.6006
10614,38.9936
10615,37.4964
10555,8.0564
10556,7.4884
10616,37.3446
10617,37.0372
10557,7.4829
10618,37.1987
10558,7.5966
10619,37.0173
10559,8.9117
10560,7.5107
10620,39.8265
10561,7.4167
10621,36.9687
10562,7.5329
10622,36.9880
10623,37.1294
10563,7.6867
10624,37.4813
10564,8.6266
10625,37.4847
10565,7.6695
10626,37.2889
10566,7.7924
10627,37.6992
10567,7.5807
10628,37.6541
10568,7.8055
10569,7.5329
10629,37.9778
10630,37.4306
10570,7.8690
10631,38.2117
10571,7.4140
10632,37.9699
10572,7.6782
10633,37.2448
10573,7.8201
10634,37.8492
10574,7.9485
10635,37.0283
10575,7.8173
10576,7.4832
10636,39.0725
10637,37.4124
10577,7.8656
10578,7.3247
10638,37.3347
10639,37.8791
10579,7.6346
10580,7.6099
10640,38.1312
10581,7.6545
10641,37.6256
10642,37.7610
10582,7.7581
10643,37.3681
10583,7.6579
10644,38.1781
10584,7.7196
10645,37.1877
10585,9.0041
10586,7.3185
10646,36.9433
10647,37.9740
10587,7.4945
10648,37.2156
10588,7.3766
10649,38.2798
10589,7.4130
10650,37.0560
10590,7.3083
10651,37.6039
10591,7.2448
10652,37.1043
10592,7.4631
10593,7.3260
10653,38.0353
10654,37.8826
10594,7.7463
10595,7.1703
10655,38.2962
10596,7.2266
10656,36.2518
10597,7.2617
10657,37.2022
10658,36.8951
10598,7.6217
10599,7.2140
10659,38.1220
10660,36.8658
10600,7.1054
10661,36.0931
10601,7.1531
10662,37.6118
10602,7.1904
10663,37.0665
10603,7.3637
10664,38.1893
10604,7.3862
10605,7.4218
10665,37.7987
10606,7.2086
10666,37.1076
10667,36.7823
10607,7.7691
10668,38.2003
10608,7.3406
10609,7.1221
10669,38.1615
10670,36.6736
10610,7.2631
10671,38.2139
10611,7.2493
10612,7.2634
10672,37.0003
10673,37.1118
10613,7.3123
10674,39.0260
10614,7.2030
10675,36.3016
10615,7.7067
10616,7.2520
10676,38.4544
10677,36.6278
10617,7.6118
10678,38.4911
10618,7.4204
10679,37.1101
10619,7.3511
10680,36.9182
10620,7.1869
10681,38.3583
10621,7.2107
10682,37.9835
10622,7.3911
10683,37.2382
10623,7.1375
10684,37.0918
10624,7.1925
10625,7.1268
10685,37.7496
10686,37.3633
10626,7.6871
10627,7.7874
10687,38.6354
10688,36.7533
10628,8.2498
10629,7.1512
10689,38.2136
10690,36.3119
10630,7.3464
10691,36.8266
10631,7.5514
10692,38.8728
10632,7.9359
10693,38.2171
10633,7.1650
10634,7.1362
10694,36.9635
10695,37.5056
10635,7.6725
10636,7.2582
10696,37.7889
10637,7.5292
10697,37.3935
10698,37.3039
10638,8.2738
10699,38.6505
10639,8.7519
10640,7.2424
10700,37.9404
10641,7.2544
10701,36.7754
10702,37.5212
10642,7.5022
10643,7.3514
10703,36.9897
10704,37.6391
10644,8.2710
10705,38.1291
10645,8.2991
10646,7.3609
10706,38.4688
10647,7.5768
10707,38.4448
10708,36.9326
10648,7.7090
10649,7.3147
10709,37.5925
10710,36.4788
10650,8.9403
10711,37.8024
10651,7.7853
10712,37.1300
10652,7.3526
10713,38.3089
10653,7.3720
10654,7.2666
10714,37.4276
10655,7.3209
10715,37.1301
10716,37.2564
10656,8.0812
10717,38.1496
10657,7.6959
10718,37.3337
10658,7.2317
10659,7.4550
10719,37.6065
10720,36.3997
10660,7.3896
10721,37.4048
10661,7.7030
10662,7.4753
10722,37.5317
10723,36.5511
10663,8.2635
10664,7.3333
10724,38.5181
10665,7.2395
10725,36.7271
10726,36.9771
10666,10.2447
10727,38.3921
10667,10.3350
10728,38.6978
10668,10.1119
10729,37.5218
10669,10.3826
10670,8.0813
10730,38.2173
10731,37.8487
10671,10.2578
10672,8.1231
10732,38.5482
10673,8.1493
10733,36.9653
10734,38.0739
10674,8.1492
10735,37.8837
10675,8.1126
10736,37.8582
10676,8.2427
10737,38.3867
10677,8.0778
10738,37.6773
10678,8.1731
10739,38.1776
10679,8.1199
10740,38.8407
10680,10.1677
10681,8.1502
10741,38.6204
10742,38.5543
10682,8.0727
10743,36.8917
10683,8.1554
10744,38.4784
10684,8.2239
10745,39.4239
10685,8.2283
10746,38.4097
10686,8.1837
10747,38.3547
10687,8.0171
10748,37.4627
10688,8.1678
10689,8.1185
10749,38.9721
10750,37.4275
10690,8.1371
10751,38.9136
10691,8.2315
10752,37.8751
10692,8.2098
10753,37.4055
10693,8.2478
10754,38.3945
10694,8.1746
10755,36.6893
10695,8.2075
10756,39.5115
10696,8.3961
10757,37.1854
10697,8.1615
10758,37.8237
10698,8.1479
10759,38.0242
10699,8.0979
10700,7.9981
10760,37.8227
10761,37.4447
10701,8.1534
10762,39.5409
10702,8.3791
10763,38.4152
10703,8.2680
10764,37.9684
10704,8.3803
10765,39.0894
10705,8.3500
10706,8.0795
10766,38.9218
10707,8.2407
10767,37.6569
10768,38.1697
10708,8.1117
10769,38.2356
10709,7.9938
10770,38.0372
10710,8.4643
10771,38.1443
10711,10.2533
10712,8.0226
10772,39.1299
10773,37.5086
10713,8.0194
10774,38.2748
10714,7.9958
10775,38.2494
10715,8.1390
10776,38.4276
10716,8.1645
10777,38.0925
10717,8.2932
10778,37.7823
10718,8.1851
10719,8.0515
10779,39.1685
10780,37.1375
10720,8.1766
10781,38.2082
10721,8.2060
10782,38.1395
10722,8.2461
10783,38.6066
10723,8.1794
10784,38.4076
10724,8.0209
10785,37.5117
10725,7.9572
10786,37.4910
10726,8.4008
10787,38.3959
10727,8.3187
10788,37.5500
10728,8.5843
10789,38.5950
10729,8.1211
10790,37.7092
10730,8.1238
10791,38.3616
10731,8.1392
10792,38.5592
10732,8.1660
10793,38.6395
10733,8.2777
10794,37.7059
10734,8.1586
10795,38.9887
10735,8.1886
10796,38.5830
10736,8.3677
10797,38.9345
10737,8.2245
10798,37.7747
10738,8.0679
10799,37.7561
10739,8.0289
10800,38.5949
10740,8.0546
10801,37.9362
10741,8.2906
10742,7.8585
10802,39.0331
10803,37.1542
10743,8.2061
10804,38.1151
10744,8.0632
10805,37.8992
10745,8.1263
10806,38.3068
10746,8.1849
10747,8.0902
10807,38.7913
10808,37.3123
10748,8.2947
10809,38.8749
10749,8.1726
10810,37.7245
10750,8.2987
10811,37.9978
10751,10.2338
10752,7.9950
10812,39.1284
10813,37.8341
10753,8.2098
10754,8.0677
10814,38.7215
10815,38.7148
10755,8.1428
10816,37.6405
10756,8.2356
10817,38.4012
10757,10.2335
10758,8.0535
10818,38.1857
10819,38.0752
10759,7.9986
10760,8.0671
10820,38.4235
10821,37.3008
10761,8.3413
10762,8.1715
10822,38.7369
10823,37.5893
10763,7.9304
10824,37.9450
10764,8.2107
10825,38.6768
10765,7.9867
10766,7.9838
10826,38.1496
10827,37.3461
10767,8.0464
10828,37.5035
10768,8.0298
10829,38.2146
10769,8.1399
10830,37.9963
10770,8.0841
10771,8.0149
10831,38.2880
10832,37.4227
10772,8.0850
10773,8.0746
10833,39.2743
10834,37.6721
10774,8.1113
10835,39.1999
10775,7.9867
10776,7.9461
10836,39.1637
10837,37.7170
10777,7.9617
10838,38.6256
10778,9.8526
10779,8.0497
10839,38.7325
10840,37.7775
10780,8.2465
10781,8.0128
10841,37.6284
10842,36.6241
10782,8.0139
10843,38.4020
10783,8.0540
10844,38.7033
10784,8.2705
10785,8.0120
10845,38.7676
10846,37.8565
10786,8.3883
10847,38.4203
10787,8.0616
10848,37.9020
10788,8.0528
10849,37.2978
10789,8.1083
10790,7.9257
10850,38.1738
10851,37.0495
10791,8.7369
10792,7.9911
10852,39.3765
10853,38.2973
10793,8.2905
10854,37.5809
10794,10.0327
10855,38.9671
10795,8.1576
10856,38.7553
10796,8.2764
10857,38.7268
10797,7.8683
10858,37.4593
10798,10.3630
10799,7.9787
10859,38.8771
10860,37.6566
10800,8.1072
10861,38.1621
10801,8.1038
10802,7.8677
10862,38.3548
10863,37.2706
10803,8.5396
10864,38.1660
10804,7.9738
10865,37.2265
10805,10.2184
10866,38.5755
10806,9.8731
10867,38.4516
10807,10.1596
10868,37.6690
10808,10.1598
10809,9.7456
10869,39.2852
10870,37.7179
10810,10.2870
10871,37.9237
10811,10.4226
10872,37.0675
10812,9.9587
10873,37.7120
10813,10.0885
10874,38.2449
10814,9.8747
10875,37.7509
10815,10.0776
10876,38.4758
10816,10.1981
10877,37.8292
10817,9.8455
10878,38.1333
10818,10.0998
10879,38.4374
10819,9.9626
10880,37.3515
10820,10.2995
10881,37.5015
10821,9.9793
10822,9.8642
10882,38.6507
10883,37.5368
10823,9.9043
10824,9.7873
10884,38.3205
10825,9.7657
10885,38.3392
10886,39.0074
10826,10.0705
10827,9.9086
10887,38.1094
10888,38.6811
10828,10.1278
10889,37.9443
10829,9.9394
10830,7.9638
10890,38.2362
10891,37.7186
10831,7.9753
10892,38.2167
10832,7.9029
10893,37.8332
10833,8.0840
10894,38.6626
10834,10.1829
10895,38.6591
10835,9.8388
10896,37.4532
10836,9.8419
10837,9.7922
10897,38.2565
10898,37.8463
10838,9.9656
10899,38.2858
10839,10.1615
10900,38.8055
10840,10.0078
10901,38.9822
10841,10.1256
10902,38.2577
10842,9.9175
10903,38.1856
10843,10.0535
10904,39.3240
10844,9.9453
10905,37.6889
10845,9.9627
10906,38.2484
10846,9.7988
10907,38.4520
10847,10.2708
10908,37.9372
10848,10.1337
10849,10.0699
10909,38.3538
10910,37.7829
10850,10.2095
10911,39.4441
10851,10.1230
10912,37.1263
10852,10.1123
10913,37.8990
10853,10.2227
10914,37.5515
10854,9.9422
10915,38.2522
10855,9.9068
10916,38.2085
10856,9.8656
10917,38.3322
10857,10.2636
10918,38.7963
10858,9.9348
10919,38.2992
10859,9.9043
10920,38.0191
10860,10.0388
10861,10.0162
10921,39.3479
10922,38.0261
10862,10.1564
10923,38.8281
10863,10.1333
10924,38.4083
10864,10.1232
10925,38.1057
10865,10.0399
10926,38.1489
10866,10.2176
10927,38.8385
10867,10.0308
10928,38.0978
10868,10.1818
10929,38.0032
10869,10.2664
10930,37.7674
10870,9.9987
10931,38.8530
10871,10.1988
10872,9.9841
10932,38.3813
10933,38.8606
10873,9.9784
10934,38.2868
10874,10.0615
10935,37.9933
10875,9.9747
10936,38.8728
10876,9.9433
10937,38.9667
10877,9.8276
10938,38.0266
10878,9.8387
10939,37.9482
10879,9.8500
10940,38.1554
10880,9.7867
10941,38.5636
10881,9.9352
10882,10.1753
10942,39.4859
10943,36.9728
10883,9.8680
10944,38.0409
10884,9.9741
10945,38.9207
10885,9.8569
10946,37.5882
10886,9.9849
10947,37.9590
10887,9.9523
10948,38.4918
10888,9.8337
10889,9.7282
10949,38.2151
10950,38.0478
10890,9.9543
10951,37.8679
10891,10.0931
10952,38.2601
10892,10.0073
10953,38.4127
10893,9.8382
10894,9.9619
10954,39.2360
10955,38.0715
10895,9.7347
10956,38.4518
10896,9.7938
10957,38.3073
10897,10.0580
10958,37.6446
10898,9.8370
10959,37.6845
10899,9.8233
10960,37.6101
10900,9.8753
10961,39.4591
10901,9.9936
10962,37.1446
10902,9.9946
10963,38.9356
10903,9.8792
10904,10.0009
10964,38.4950
10965,37.9876
10905,9.8243
10966,38.3043
10906,9.8923
10967,38.5291
10907,9.7928
10968,37.5273
10908,9.7866
10969,38.5275
10909,9.7543
10970,38.7036
10910,10.0590
10971,37.4329
10911,10.1983
10972,38.3214
10912,10.0218
10973,38.4234
10913,10.0745
10974,38.8973
10914,10.1924
10975,38.7978
10915,9.9949
10976,38.2754
10916,10.3215
10977,37.2154
10917,10.2575
10978,38.2621
10918,9.9303
10979,37.9897
10919,10.0003
10980,38.7242
10920,9.7384
10981,37.7200
10921,10.0675
10982,37.8133
10922,10.1772
10983,37.7235
10923,10.0814
10984,38.7000
10924,10.0155
10985,38.3807
10925,9.9753
10926,9.8810
10986,39.7134
10927,9.8170
10987,37.5143
10928,9.6511
10988,38.6440
10989,37.5528
10929,10.4119
10990,37.9658
10930,10.6699
10931,9.7303
10991,39.3265
10932,10.0863
10992,37.5276
10993,37.0114
10933,10.2465
10994,37.8846
10934,10.1875
10995,38.3146
10935,9.9368
10936,9.9699
10996,38.8894
10997,38.7203
10937,10.4943
10998,37.6880
10938,10.2332
10999,37.7876
10939,9.8256
11000,38.2623
10940,9.7672
11001,38.3784
10941,9.8477
10942,10.0583
11002,38.8210
11003,38.6015
10943,9.9998
11004,38.5516
10944,10.2580
11005,38.0760
10945,9.9161
10946,9.6653
11006,38.8417
11007,37.1673
10947,9.8694
11008,37.8782
10948,10.2218
11009,37.9727
10949,10.0410
11010,38.5091
10950,9.8776
11011,38.0538
10951,10.0206
11012,38.1922
10952,9.9434
11013,38.2399
10953,10.0833
11014,38.0073
10954,10.0267
11015,37.2648
10955,9.9080
11016,38.9480
10956,9.9680
11017,39.0787
10957,10.1876
11018,37.3246
10958,9.9341
11019,37.9138
10959,9.8618
11020,37.4983
10960,10.0268
11021,38.6241
10961,9.9223
11022,38.0919
10962,10.2204
11023,37.3047
10963,9.9713
11024,38.7480
10964,9.7826
11025,37.4951
10965,10.2410
11026,38.8730
10966,9.9126
11027,38.2329
10967,10.0650
11028,37.2007
10968,10.0452
11029,38.6538
10969,10.0034
10970,9.6639
11030,39.3232
11031,37.3927
10971,10.0922
11032,38.7027
10972,9.9908
11033,37.8125
10973,9.9330
11034,38.4516
10974,10.0336
11035,38.9974
10975,9.7919
11036,38.1197
10976,10.1079
11037,38.0759
10977,9.8256
11038,37.8031
10978,9.9448
11039,38.3663
10979,9.9990
11040,38.3846
10980,10.0907
11041,37.3199
10981,9.7109
11042,39.0256
10982,9.8359
11043,37.4424
10983,9.6755
11044,37.5872
10984,9.9581
11045,37.9712
10985,10.1807
11046,39.0578
10986,10.0773
11047,37.9498
10987,9.9393
11048,38.0808
10988,10.0037
10989,10.0017
11049,39.8994
11050,37.3995
10990,9.7120
11051,37.9330
10991,9.7184
11052,38.2038
10992,10.5105
10993,10.1731
11053,39.1751
11054,39.0760
10994,10.1476
11055,37.8194
10995,9.8810
10996,9.7654
11056,39.2510
11057,37.9936
10997,9.9309
11058,38.6328
10998,10.1087
11059,38.0465
10999,10.0818
11060,38.6262
11000,10.0478
11061,38.3703
11001,9.6770
11062,37.7605
11002,10.0783
11063,38.5795
11003,10.1453
11064,38.0820
11004,9.8519
11065,37.6107
11005,10.3932
11006,9.8185
11066,38.3825
11067,37.6079
11007,10.0497
11068,39.1505
11008,10.0741
11009,9.4993
11069,37.6510
11070,37.4056
11010,10.0247
11071,39.0162
11011,10.1166
11012,9.7243
11072,38.0959
11073,37.8130
11013,10.0294
11074,38.2025
11014,9.9092
11015,9.9242
11075,37.5485
11076,37.3788
11016,10.2823
11017,9.8029
11077,38.3341
11078,38.0843
11018,10.2114
11079,38.0414
11019,9.6950
11080,38.1361
11020,10.0125
11081,38.5588
11021,9.9988
11082,38.9138
11022,10.0423
11083,37.5780
11023,10.1306
11084,38.2126
11024,9.8282
11085,38.0029
11025,9.9671
11086,37.4488
11026,9.8697
11027,10.0236
11087,39.4388
11088,37.9079
11028,9.6980
11089,37.3530
11029,9.9133
11090,37.9800
11030,9.9753
11091,37.8851
11031,9.9025
11092,37.8348
11032,9.9862
11093,38.6037
11033,10.0312
11094,37.5835
11034,9.9195
11095,38.7502
11035,9.7972
11096,38.4048
11036,9.6923
11097,38.5278
11037,9.7813
11098,38.1668
11038,9.8674
11099,39.5401
11039,10.0690
11100,37.7532
11040,10.0479
11101,39.1445
11041,9.8678
11102,38.3120
11042,10.1403
11103,37.6487
11043,10.2302
11104,39.1923
11044,10.1663
11105,38.2897
11045,9.7214
11106,37.9933
11046,9.8850
11107,38.2539
11047,9.9978
11108,37.6447
11048,10.1610
11109,38.1911
11049,9.9406
11110,38.8253
11050,10.1123
11111,37.8985
11051,9.7783
11112,38.4952
11052,9.9157
11053,10.2800
11113,38.2992
11114,37.4375
11054,10.6904
11055,9.6822
11115,39.7532
11056,10.0800
11116,38.0185
11117,37.9517
11057,9.9547
11118,37.5098
11058,10.1569
11119,37.9563
11059,11.4068
11120,38.4356
11060,10.4920
11061,10.3239
11121,37.4132
11122,37.8009
11062,10.8960
11063,8.7065
11123,37.7684
11124,38.6580
11064,8.4957
11065,8.6418
11125,39.2481
11066,8.3665
11126,38.3652
11127,37.9442
11067,8.2746
11128,37.6365
11068,8.2143
11129,38.5164
11069,8.6536
11130,38.5767
11070,8.5039
11131,38.8319
11071,8.1667
11132,38.4054
11072,8.2424
11133,38.4043
11073,7.9512
11134,38.6408
11074,8.4618
11135,38.6639
11075,7.9137
11136,39.2376
11076,8.0286
11077,8.0676
11137,37.9469
11138,37.5951
11078,7.9236
11139,37.2108
11079,8.7994
11140,39.0986
11080,8.7712
11141,38.3086
11081,10.1565
11142,38.0285
11082,8.1261
11143,37.8986
11083,8.1283
11144,38.2714
11084,8.7957
11085,8.4234
11145,38.3147
11146,37.6868
11086,8.6721
11147,38.6391
11087,8.1233
11148,38.5861
11088,8.0686
11149,38.6051
11089,7.8394
11090,8.4155
11150,38.1147
11151,37.9666
11091,8.8005
11152,38.2706
11092,8.4053
11093,8.1639
11153,38.4775
11154,37.9291
11094,8.1303
11155,37.6822
11095,8.0345
11156,38.1859
11096,8.6483
11157,39.0477
11097,8.3544
11158,37.9531
11098,7.9398
11159,37.8517
11099,7.9028
11160,38.2752
11100,8.0421
11161,37.3870
11101,8.1576
11102,8.5665
11162,38.5954
11163,37.9158
11103,8.0052
11164,38.2253
11104,7.9787
11165,38.2862
11105,8.1917
11166,38.4323
11106,8.5120
11167,38.2412
11107,8.6597
11108,8.2008
11168,39.0617
11169,37.2357
11109,8.7415
11170,38.7423
11110,8.1043
11171,37.9565
11111,8.1385
11112,8.5094
11172,38.4675
11173,37.6552
11113,8.7856
11114,8.2178
11174,38.9339
11175,37.0491
11115,8.3315
11176,37.8957
11116,8.0704
11117,7.9547
11177,38.4262
11178,37.1306
11118,8.8087
11179,38.1581
11119,8.5083
11180,38.2964
11120,8.6391
11181,37.7368
11121,8.5661
11122,8.2980
11182,38.2514
11183,37.7075
11123,8.3756
11184,38.1866
11124,8.3676
11185,38.1352
11125,8.7004
11186,38.0020
11126,10.0179
11127,8.2522
11187,38.2536
11188,37.9679
11128,8.5249
11189,38.4496
11129,8.2993
11190,37.7584
11130,8.2350
11191,38.2093
11131,8.6909
11132,8.2375
11192,38.3410
11193,36.8287
11133,9.2645
11134,8.6424
11194,39.5732
11195,38.5912
11135,10.2079
11136,8.3472
11196,38.1369
11197,37.4235
11137,8.0245
11198,37.1723
11138,8.7191
11199,38.2876
11139,8.5464
11200,38.6451
11140,8.7900
11141,8.8802
11201,38.3441
11202,38.0724
11142,8.5878
11203,38.4016
11143,8.2180
11204,37.8610
11144,8.1089
11205,38.2231
11145,7.7731
11206,38.0351
11146,7.6875
11207,37.7155
11147,7.7525
11208,38.8994
11148,7.5189
11149,7.8448
11209,38.4321
11210,37.1881
11150,7.5410
11211,38.9549
11151,7.6239
11152,7.8939
11212,38.0515
11213,37.9377
11153,7.4207
11154,7.4366
11214,39.1328
11155,7.8553
11215,37.6902
11216,38.0245
11156,7.8614
11157,7.5841
11217,39.5248
11158,7.6344
11218,38.0184
11159,7.6076
11219,38.5358
11220,37.3299
11160,7.6503
11221,38.5554
11161,7.9111
11222,38.6913
11162,7.7204
11163,8.2435
11223,39.2413
11224,37.6046
11164,7.5190
11225,37.9967
11165,7.6640
11166,7.7164
11226,38.6690
11227,37.8242
11167,7.6159
11228,38.9177
11168,7.7922
11229,37.4491
11169,8.2683
11230,38.2704
11170,7.7143
11171,7.2226
11231,39.2927
11232,37.1524
11172,8.2077
11233,38.7567
11173,7.8610
11234,38.0431
11174,7.5188
11235,38.3569
11175,7.4243
11236,37.7483
11176,7.6759
11237,38.0242
11177,7.7706
11238,37.6652
11178,7.9740
11179,7.4897
11239,39.1494
11240,37.8191
11180,7.4652
11181,7.4478
11241,37.8281
11242,38.4793
11182,7.7019
11243,38.5121
11183,7.4615
11244,38.1530
11184,8.0010
11245,38.9918
11185,7.5317
11186,7.3483
11246,38.0424
11187,7.4953
11247,37.4382
11248,37.2617
11188,8.1443
11249,39.4683
11189,8.3690
11250,38.1618
11190,8.2210
11191,8.1684
11251,39.4507
11252,37.4246
11192,8.0307
11253,37.9523
11193,7.5313
11254,38.0654
11194,8.3052
11255,37.5622
11195,8.1817
11196,7.8875
11256,39.0613
11257,37.3368
11197,7.5056
11198,7.7752
11258,38.5535
11259,38.0383
11199,7.6192
11260,38.5377
11200,8.4310
11201,7.7380
11261,39.8131
11262,36.7932
11202,7.5792
11263,37.5913
11203,7.5657
11204,7.8885
11264,38.5339
11265,37.6268
11205,7.6711
11206,7.4388
11266,38.5000
11267,37.6289
11207,7.5612
11208,8.0389
11268,39.2961
11269,37.4746
11209,7.6979
11210,7.5369
11270,39.7358
11271,37.1377
11211,7.3358
11212,7.4786
11272,38.9568
11213,7.8674
11273,38.2696
11274,37.6913
11214,7.7668
11275,38.3382
11215,7.4506
11216,7.2633
11276,38.5466
11217,7.3955
11277,37.9972
11218,7.5011
11278,37.9625
11279,37.8680
11219,8.1267
11280,37.6708
11220,7.6113
11221,7.2750
11281,38.2944
11282,37.5608
11222,7.5520
11283,38.1417
11223,7.4082
11284,37.6314
11224,8.1779
11285,37.8285
11225,8.1882
11226,7.7162
11286,39.5322
11287,37.3615
11227,7.3581
11288,37.9346
11228,7.3906
11229,9.6912
11289,38.5511
11290,37.7532
11230,8.3941
11231,8.1343
11291,38.7838
11292,37.8244
11232,7.9633
11293,38.5604
11233,7.8934
11294,38.5384
11234,7.3308
11295,38.3054
11235,7.9853
11296,38.4445
11236,7.3281
11297,36.9587
11237,7.5007
11238,7.4234
11298,38.4831
11299,37.6427
11239,7.6507
11300,38.7601
11240,7.4530
11241,7.6013
11301,37.9153
11302,37.9745
11242,7.1373
11243,7.2791
11303,38.3533
11304,37.2103
11244,7.8204
11245,7.7120
11305,38.8843
11306,37.6582
11246,8.0811
11247,7.4564
11307,39.1851
11248,7.2055
11308,37.6482
11309,37.1603
11249,7.4987
11250,7.5670
11310,38.9718
11311,38.8489
11251,8.1909
11312,38.6017
11252,7.6265
11313,38.4274
11253,7.5613
11254,7.2342
11314,38.9161
11315,38.2907
11255,7.6128
11256,7.9353
11316,38.5739
11317,38.1057
11257,7.9623
11258,7.1405
11318,38.6652
11259,7.2531
11319,37.3386
11320,38.2082
11260,9.4233
11261,7.4369
11321,39.4113
11322,37.6595
11262,8.0146
11323,38.9647
11263,7.3299
11264,7.1376
11324,38.7262
11265,7.9625
11325,37.9770
11326,37.1265
11266,8.3533
11267,7.2374
11327,39.4292
11268,7.8319
11328,37.4560
11329,38.2541
11269,7.4599
11270,7.1831
11330,39.4678
11331,37.5030
11271,8.1570
11332,38.3537
11272,8.0328
11333,39.0829
11273,7.4452
11274,7.1264
11334,38.6269
11275,7.5597
11335,37.4863
11276,7.9355
11336,38.4985
11337,38.0932
11277,8.1134
11338,38.8365
11278,7.2690
11279,7.0819
11339,38.7789
11280,7.3806
11340,37.5929
11341,37.3626
11281,7.5950
11342,37.3517
11282,8.3200
11343,38.7356
11283,7.4298
11344,39.0940
11284,7.2831
11285,7.1308
11345,38.1992
11286,7.1609
11346,37.6142
11347,37.4517
11287,7.7655
11348,38.3324
11288,7.8383
11349,38.7777
11289,7.2765
11290,7.1134
11350,38.3881
11291,7.3767
11351,37.6467
11292,7.7508
11352,38.1121
11353,37.4055
11293,8.1533
11354,38.5448
11294,7.2977
11355,38.2684
11295,7.6979
11296,7.3988
11356,38.6139
11297,7.7863
11357,37.4207
11358,37.6793
11298,8.0334
11299,7.8779
11359,39.3135
11360,38.9116
11300,7.6310
11361,37.8470
11301,7.2705
11302,7.0833
11362,38.4046
11363,37.2455
11303,7.6643
11364,38.2831
11304,7.7392
11305,7.7211
11365,39.6644
11366,36.8755
11306,7.3110
11307,7.4708
11367,38.7382
11308,7.2831
11368,37.7250
11369,38.0020
11309,7.9224
11370,38.6531
11310,7.4020
11311,7.5778
11371,37.9218
11372,38.0522
11312,7.2682
11313,7.3889
11373,38.3108
11314,7.3178
11374,37.0231
11375,38.0593
11315,8.0129
11376,38.4781
11316,7.8356
11317,7.6289
11377,38.1444
11378,37.5203
11318,7.4546
11319,7.1807
11379,38.3606
11320,7.7870
11380,38.6483
11381,38.9533
11321,8.2119
11382,37.6437
11322,8.1096
11323,7.0477
11383,39.4794
11324,7.2189
11384,37.5475
11325,7.2883
11385,37.5157
11326,7.5295
11386,38.1928
11387,37.5680
11327,8.6052
11388,40.0418
11328,7.6175
11389,37.9759
11329,7.2790
11390,37.8592
11330,7.2090
11391,38.3265
11331,7.5632
11332,7.9910
11392,38.1413
11393,37.7212
11333,7.7525
11394,38.4431
11334,7.5057
11395,39.3348
11335,7.5446
11396,38.3776
11336,7.4178
11337,7.2399
11397,38.4808
11398,38.2154
11338,7.3148
11399,38.2226
11339,7.4000
11400,38.6035
11340,7.7760
11401,38.6125
11341,9.5079
11402,38.3967
11342,7.4605
11343,7.3738
11403,39.0627
11344,7.3144
11404,37.8727
11405,37.9852
11345,7.6171
11346,7.1285
11406,38.0813
11347,7.1559
11407,37.5317
11348,7.2107
11408,38.1852
11409,38.5648
11349,7.1695
11410,38.1062
11350,7.2079
11411,39.1415
11351,7.6575
11352,7.1429
11412,39.4156
11353,7.1801
11413,37.7135
11354,7.1402
11414,39.9168
11415,38.4508
11355,7.2101
11356,7.2060
11416,38.5981
11417,38.6238
11357,7.5923
11358,7.1352
11418,39.3007
11359,6.9875
11419,38.3288
11360,7.1154
11420,37.1998
11361,7.1044
11421,38.0485
11422,39.0314
11362,7.2569
11423,38.9203
11363,7.1682
11364,6.9914
11424,38.2049
11365,7.0225
11425,38.1735
11426,39.8036
11366,8.4165
11427,38.0824
11367,7.5238
11368,7.5778
11428,38.5801
11429,37.6637
11369,9.1406
11430,38.3684
11370,7.2341
11371,7.2163
11431,39.5729
11432,37.3008
11372,11.3594
11433,38.8336
11373,7.7246
11374,7.0583
11434,38.9988
11375,8.0931
11435,37.5282
11436,37.7201
11376,7.0973
11377,7.3511
11437,38.0039
11438,38.4782
11378,12.2465
11439,38.3197
11379,7.3525
11440,38.6635
11380,7.2795
11441,39.6411
11381,7.3879
11442,37.9888
11382,7.3792
11443,38.8442
11383,7.8702
11444,38.5007
11384,7.7787
11445,38.1184
11385,7.2905
11386,7.1280
11446,38.5346
11387,7.2294
11447,37.9891
11448,37.4433
11388,7.1555
11449,37.9763
11389,7.8514
11450,37.2861
11390,7.5648
11391,7.2914
11451,39.4625
11392,7.0948
11452,38.8419
11393,6.9896
11453,37.7480
11394,7.8901
11454,37.1312
11455,37.7742
11395,8.1301
11456,38.8097
11396,7.2406
11397,7.0882
11457,40.2469
11398,7.0996
11458,37.6088
11459,37.3185
11399,7.1649
11460,37.9789
11400,7.9768
11461,38.7714
11401,7.3781
11462,38.2109
11402,7.2712
11463,37.9113
11403,7.1996
11464,37.9267
11404,7.3002
11405,7.2080
11465,39.2781
11406,7.2685
11466,38.4927
11467,37.5240
11407,7.4488
11468,38.3707
11408,7.1830
11409,7.0950
11469,38.4483
11470,37.5131
11410,7.0818
11411,7.1579
11471,37.5330
11472,37.4519
11412,7.3547
11473,38.4451
11413,7.0961
11414,6.9946
11474,38.0607
11415,6.9451
11475,37.9477
11476,37.3200
11416,7.1697
11477,37.2869
11417,7.9903
11478,39.3480
11418,7.6290
11419,7.1532
11479,38.6660
11420,7.0489
11480,38.9044
11421,7.1490
11481,37.4192
11422,7.4812
11482,38.2185
11483,38.1385
11423,8.0963
11484,38.5024
11424,7.5908
11425,7.0683
11485,39.0663
11426,7.0817
11486,37.4093
11427,7.1077
11487,37.6357
11428,7.3526
11488,37.7928
11489,37.5622
11429,8.2950
11490,39.1449
11430,7.5683
11491,38.3326
11431,7.3505
11492,37.3482
11432,9.2842
11433,7.4016
11493,39.4750
11434,7.3960
11494,37.5854
11495,37.2644
11435,7.2172
11496,38.0946
11436,7.0439
11497,37.5297
11437,8.0842
11498,37.9544
11438,7.3745
11499,38.3277
11439,7.1955
11500,37.1885
11440,7.0276
11441,7.0181
11501,38.4834
11502,37.2981
11442,7.2769
11443,7.0688
11503,39.4319
11504,37.7755
11444,7.1016
11505,37.1630
11445,7.2234
11506,38.5370
11446,7.1162
11447,7.0329
11507,38.4766
11448,7.0880
11508,37.4098
11449,7.1962
11509,37.5067
11510,36.7954
11450,7.2846
11511,38.3671
11451,7.2452
11452,7.1550
11512,38.9829
11453,7.0039
11513,38.4290
11514,37.3431
11454,7.0396
11515,37.4367
11455,7.1647
11516,38.2492
11456,7.3819
11517,38.6895
11457,6.9636
11458,7.0546
11518,37.9815
11459,7.3038
11519,38.2190
11520,37.6453
11460,7.2368
11521,37.8057
11461,7.0739
11462,7.2978
11522,38.3321
11523,38.2782
11463,7.3120
11524,38.2977
11464,7.0510
11465,7.0901
11525,38.2229
11466,7.0056
11526,39.3027
11527,37.6083
11467,7.2505
11528,37.7994
11468,7.1097
11469,7.6243
11529,38.5344
11530,38.2779
11470,7.5374
11471,7.0869
11531,40.1716
11532,37.3826
11472,7.1845
11533,38.5258
11473,8.0014
11534,38.5874
11474,9.6884
11475,7.0897
11535,39.5992
11476,7.0670
11536,37.2122
11477,7.0052
11537,37.4890
11478,7.1999
11538,37.6822
11539,37.6928
11479,7.9085
11540,38.8109
11480,7.9615
11481,7.0401
11541,38.8259
11482,7.0346
11542,37.6906
11483,7.1176
11543,37.5779
11484,7.0786
11544,38.1062
11545,38.0176
11485,7.9369
11546,37.9232
11486,7.6006
11487,7.1119
11547,38.4480
11488,7.0026
11548,37.3392
11489,7.5701
11549,38.0568
11550,38.1517
11490,7.4848
11491,7.8249
11551,38.1338
11552,37.1738
11492,7.6330
11493,7.1857
11553,38.7212
11554,37.4790
11494,7.2437
11495,6.9995
11555,38.8982
11496,7.1864
11556,38.1407
11557,38.0694
11497,7.3333
11558,38.3191
11498,7.1422
11559,37.8923
11499,7.1834
11500,7.2322
11560,37.4564
11561,38.7420
11501,7.2964
11562,39.3928
11502,7.0586
11563,38.1904
11503,7.4632
11564,38.0360
11504,7.1258
11565,38.0863
11505,7.3116
11566,37.5955
11506,7.0656
11567,37.7834
11507,7.7775
11568,37.7195
11508,7.1104
11569,37.8195
11509,7.1588
11510,6.9546
11570,39.2222
11511,7.0284
11571,37.1736
11512,7.2946
11572,38.0369
11573,38.2009
11513,7.5287
11574,39.0417
11514,7.8828
11575,38.8942
11515,8.3334
11516,6.9715
11576,40.2663
11517,7.0101
11577,37.0147
11518,6.9979
11578,37.7746
11519,7.3543
11579,38.0766
11580,37.3199
11520,7.9830
11581,38.3037
11521,8.0032
11522,7.1067
11582,39.1487
11523,6.9766
11583,37.8873
11524,6.9033
11584,37.6408
11525,7.2968
11585,37.3108
11586,37.8715
11526,8.0655
11587,38.1149
11527,7.3197
11528,7.0321
11588,39.0489
11529,7.3029
11589,37.6907
11590,37.5444
11530,7.0538
11591,37.6984
11531,7.0422
11592,38.4749
11532,7.6124
11593,38.5038
11533,7.5846
11534,7.5672
11594,40.0191
11595,37.7743
11535,7.4846
11536,6.9189
11596,38.5791
11537,7.1545
11597,36.8974
11598,37.6511
11538,7.3097
11599,39.0228
11539,7.0691
11600,37.4128
11540,8.0245
11601,38.6823
11541,7.2026
11542,7.0529
11602,39.8106
11543,7.0007
11603,37.6447
11604,37.4691
11544,7.2654
11605,37.4706
11545,7.5263
11606,38.5349
11546,8.0327
11607,39.6043
11547,8.1542
11548,7.6439
11608,39.4070
11609,37.7148
11549,7.7337
11550,7.2519
11610,39.1858
11551,8.0556
11611,37.5478
11612,37.9757
11552,8.4225
11553,7.1733
11613,39.4579
11554,7.7930
11614,37.0783
11615,37.6229
11555,7.5809
11556,7.3564
11616,38.0861
11617,37.5658
11557,8.2612
11618,37.5906
11558,8.5667
11619,38.2751
11559,7.2498
11620,37.6188
11560,7.5297
11561,7.1829
11621,38.0980
11622,37.5712
11562,7.4463
11623,37.9566
11563,8.2238
11624,38.9495
11564,7.7526
11565,7.2070
11625,38.8908
11566,7.5320
11626,38.1817
11567,7.3428
11627,37.4424
11568,7.3946
11628,37.9686
11629,37.9001
11569,8.2767
11630,39.2945
11570,7.6170
11571,7.1460
11631,39.1250
11572,7.2966
11632,37.1227
11573,7.0801
11633,37.5626
11574,8.1913
11634,38.9340
11635,38.7613
11575,8.9190
11576,7.2146
11636,38.9135
11577,7.0389
11637,37.4454
11578,7.0749
11638,37.2482
11579,7.4970
11639,37.4478
11640,37.9551
11580,8.4420
11641,38.1060
11581,8.1236
11642,39.2597
11582,7.4727
11583,7.3105
11643,38.6497
11584,7.2600
11644,38.1902
11585,7.6485
11645,37.7963
11646,37.5686
11586,8.0420
11647,38.8163
11587,7.6154
11648,38.0086
11588,7.4742
11589,7.2213
11649,38.2068
11590,6.9853
11650,37.5069
11651,37.7677
11591,8.3074
11652,38.2780
11592,8.6005
11593,7.2515
11653,38.5412
11594,7.2429
11654,38.3184
11595,7.2576
11655,36.8086
11656,36.9903
11596,7.4420
11597,7.9723
11657,37.7855
11658,37.3111
11598,8.0462
11599,7.2638
11659,39.1220
11600,7.1810
11660,37.7728
11601,7.3406
11661,37.4178
11602,7.6183
11662,38.0466
11663,37.9638
11603,8.0527
11664,38.7268
11604,7.4387
11605,7.2926
11665,39.8494
11606,7.2841
11666,37.6641
11607,7.2724
11667,37.2752
11668,37.9568
11608,8.2181
11669,39.0538
11609,8.4215
11670,38.5053
11610,7.5246
11611,7.4453
11671,39.1981
11612,7.3213
11672,38.5862
11673,37.1637
11613,7.5940
11674,38.1874
11614,8.1055
11675,37.4201
11615,8.5053
11616,7.2828
11676,39.0124
11617,7.2299
11677,37.7048
11618,7.3305
11678,37.5401
11619,7.5227
11679,38.4587
11680,37.6084
11620,8.7379
11681,38.6566
11621,7.6936
11682,38.8201
11622,7.4579
11683,38.6277
11623,9.6208
11624,7.6685
11684,37.9947
11625,7.5065
11685,37.8947
11686,37.8149
11626,8.0860
11687,38.9625
11627,7.5655
11688,38.4640
11628,7.4191
11629,7.2770
11689,37.7115
11690,37.2952
11630,7.3590
11631,7.7152
11691,38.9878
11692,38.5085
11632,8.3465
11633,7.9683
11693,38.9061
11694,38.5630
11634,7.8585
11635,7.3600
11695,38.8209
11636,7.5265
11696,38.4172
11637,8.1049
11697,37.8425
11698,37.9266
11638,8.5861
11639,7.3921
11699,40.1553
11640,7.8367
11700,38.0767
11641,7.4096
11701,37.7441
11702,37.0177
11642,7.9709
11643,7.6675
11703,39.1362
11704,37.3380
11644,7.6626
11705,38.7771
11645,7.2554
11646,7.2846
11706,37.7921
11647,7.4451
11707,37.6681
11708,38.2648
11648,7.5491
11709,37.9856
11649,8.2543
11710,38.9907
11650,7.7977
11711,38.5213
11651,7.4093
11712,37.5255
11652,7.5470
11653,7.3541
11713,38.4659
11654,7.5613
11714,37.5406
11715,37.5201
11655,8.0820
11716,37.8658
11656,7.5525
11717,38.2501
11657,7.4579
11658,7.3231
11718,38.6317
11659,7.2206
11719,38.3347
11660,7.3471
11720,37.8652
11721,37.8173
11661,7.6517
11722,38.7568
11662,7.4805
11663,7.0394
11723,38.3688
11724,37.5636
11664,7.1015
11725,37.4166
11665,7.8556
11726,38.7588
11666,7.9432
11727,38.1370
11667,7.4555
11668,7.0378
11728,38.9327
11669,6.9980
11729,38.0365
11670,7.6846
11730,37.7969
11731,38.0427
11671,7.9413
11732,39.1087
11672,7.4082
11673,7.0460
11733,39.4683
11674,7.4146
11734,37.6086
11735,38.4313
11675,7.3681
11736,37.9670
11676,7.8811
11737,38.5271
11677,7.6263
11678,7.2758
11738,38.7413
11679,7.1058
11739,37.4323
11740,37.6797
11680,7.3424
11681,7.8182
11741,38.2674
11742,38.0899
11682,8.0388
11683,7.0387
11743,38.8085
11684,7.1797
11744,37.4943
11685,7.2294
11745,38.8698
11746,37.7180
11686,7.3436
11687,7.3537
11747,39.2160
11748,36.8740
11688,7.8548
11689,7.0521
11749,39.0575
11690,7.2522
11750,38.4855
11751,37.8901
11691,7.5180
11752,38.3093
11692,7.1887
11693,7.9274
11753,38.0616
11754,38.0026
11694,7.8964
11695,7.2633
11755,38.6678
11696,7.0581
11756,37.4824
11757,37.0918
11697,7.1291
11758,37.4553
11698,7.3610
11759,37.5827
11699,7.5739
11700,7.3182
11760,38.3869
11761,37.7747
11701,7.6107
11702,6.9707
11762,37.7925
11703,7.7155
11763,38.0955
11764,37.6466
11704,7.9912
11705,7.2021
11765,38.2100
11706,7.0039
11766,38.4691
11707,7.2606
11767,37.5208
11768,38.2656
11708,7.4917
11769,38.1839
11709,7.5920
11770,37.8844
11710,7.9198
11711,6.9459
11771,39.8400
11712,7.1262
11772,37.3933
11713,7.2047
11773,37.3297
11774,37.2747
11714,7.3462
11775,37.7669
11715,7.9718
11776,38.2848
11716,8.3508
11717,7.1102
11777,38.6977
11718,7.0091
11778,37.3692
11719,6.9737
11779,37.5577
11720,7.8208
11780,37.4225
11781,36.6005
11721,8.8211
11782,39.5244
11722,8.8581
11723,7.2030
11783,38.7519
11724,7.1957
11784,37.8831
11725,7.0411
11785,37.5152
11726,8.2431
11786,36.2090
11787,39.2031
11727,8.6361
11788,39.1289
11728,7.4116
11729,7.1580
11789,38.3468
11730,7.3764
11790,37.8195
11731,7.3303
11791,37.8656
11792,38.0001
11732,8.4987
11793,39.2976
11733,8.7688
11734,7.1377
11794,39.0934
11735,7.0086
11795,37.1540
11736,7.3527
11796,36.4249
11737,8.2604
11797,37.8932
11798,38.6073
11738,9.0215
11799,38.6509
11739,7.7172
11800,37.9496
11740,7.2966
11741,7.0603
11801,38.2758
11742,7.2867
11802,36.9696
11803,37.0171
11743,8.4054
11804,38.6619
11744,8.7555
11745,7.2223
11805,38.8846
11746,7.3108
11806,38.5935
11747,7.2967
11807,38.5986
11748,8.4462
11808,37.6829
11809,37.4101
11749,8.8716
11810,38.7954
11750,8.3512
11751,7.1510
11811,39.1137
11752,7.2385
11812,37.5570
11753,7.1655
11813,37.9400
11754,8.1025
11814,37.3387
11815,37.9897
11755,8.8193
11756,7.2802
11816,39.4939
11757,7.2545
11817,37.9464
11758,7.2576
11818,37.5494
11759,7.9205
11819,37.3733
11820,37.6572
11760,8.6985
11821,38.3873
11761,7.2961
11762,7.1740
11822,37.4146
11823,37.0204
11763,7.4417
11764,7.1842
11824,37.9825
11765,7.8216
11825,37.3941
11826,37.7306
11766,8.5371
11827,38.7303
11767,7.3916
11768,7.2465
11828,37.6027
11769,7.3335
11829,37.9989
11830,37.1525
11770,7.5729
11831,38.0718
11771,8.4397
11832,37.9774
11772,8.3884
11773,7.2097
11833,39.3887
11774,7.3634
11834,37.7780
11775,7.2289
11835,39.2424
11776,9.9305
11836,38.6420
11837,38.8730
11777,7.9425
11838,38.8627
11778,7.3371
11839,38.0008
11779,8.2516
11840,38.0883
11780,7.9187
11841,39.0320
11781,7.3424
11842,37.9250
11782,7.8825
11843,38.8799
11783,7.8119
11784,7.3513
11844,38.9077
11845,37.5921
11785,7.7447
11786,7.2677
11846,38.6440
11787,7.2747
11847,37.7641
11848,37.3242
11788,8.0189
11849,38.3416
11789,7.9345
11790,7.9388
11850,38.4362
11851,37.4752
11791,8.1456
11792,7.2378
11852,39.2163
11793,7.7223
11853,38.1246
11794,8.0537
11854,38.0304
11855,38.0006
11795,8.8602
11796,7.8573
11856,39.2679
11797,7.3633
11857,38.2362
11798,7.0840
11858,38.7416
11799,7.4950
11859,37.3103
11860,38.1023
11800,8.2504
11861,38.1796
11801,8.4795
11802,7.2548
11862,38.8426
11803,7.4367
11863,37.8126
11804,7.1362
11864,37.6372
11805,7.4049
11865,37.9616
11866,37.3928
11806,8.2857
11867,39.5068
11807,7.4534
11808,7.3524
11868,37.6383
11809,7.1474
11869,38.5085
11870,37.7008
11810,7.1637
11811,7.8071
11871,40.0226
11872,38.7782
11812,7.8739
11813,6.9975
11873,38.5569
11874,37.7342
11814,7.6935
11875,38.2130
11815,8.4188
11816,7.8879
11876,40.0784
11877,37.9741
11817,7.4494
11818,7.1948
11878,38.2519
11819,7.2879
11879,37.8615
11880,38.7306
11820,8.2894
11881,38.0449
11821,8.1254
11822,7.3981
11882,39.2464
11823,7.2710
11883,37.3680
11884,36.8838
11824,7.8235
11885,37.4854
11825,7.9030
11826,7.7886
11886,39.2116
11887,37.2042
11827,8.0485
11828,6.9750
11888,39.7092
11829,7.1819
11889,39.4781
11830,7.7935
11890,37.5399
11831,7.2418
11891,39.7220
11832,8.1801
11892,38.2238
11893,37.8018
11833,8.3423
11834,7.1387
11894,39.2800
11835,7.8138
11895,38.1425
11896,38.1443
11836,7.4742
11837,7.2623
11897,38.4111
11898,37.6102
11838,8.1879
11899,39.1549
11839,8.3057
11900,38.9328
11840,7.3425
11901,37.3696
11841,7.4149
11842,7.4015
11902,37.3961
11903,37.5698
11843,8.0558
11904,38.1233
11844,8.5091
11905,38.7676
11845,7.6839
11846,7.1433
11906,39.0794
11847,7.1671
11907,37.8167
11848,7.9546
11908,38.6768
11909,37.0788
11849,7.8002
11910,38.6756
11850,7.9618
11911,38.5028
11851,8.3969
11852,7.2357
11912,38.6897
11853,7.2146
11913,37.8512
11854,7.8539
11914,37.5589
11915,38.6865
11855,7.3960
11856,8.3614
11916,37.8060
11917,39.8452
11857,8.4297
11858,7.1065
11918,38.4914
11859,7.2101
11919,37.4303
11860,8.0760
11920,38.2786
11921,37.8682
11861,8.5240
11862,8.1225
11922,38.5979
11923,37.4898
11863,8.0178
11924,38.7650
11864,7.4382
11865,7.3372
11925,37.8919
11866,8.1658
11926,37.6830
11927,38.0082
11867,8.6043
11868,7.5569
11928,39.4669
11869,7.1647
11929,38.7623
11870,7.2040
11930,37.5905
11871,7.8096
11931,37.6829
11932,38.4823
11872,8.2491
11933,38.2553
11873,8.4334
11874,7.1821
11934,39.2235
11935,37.5564
11875,7.8309
11936,37.4620
11876,7.3617
11877,7.7423
11937,38.1126
11938,37.9905
11878,8.6697
11879,7.2935
11939,39.0763
11940,38.0607
11880,7.6802
11881,7.6987
11941,38.2657
11942,38.3122
11882,7.6211
11883,7.9718
11943,39.4819
11944,37.7019
11884,7.8347
11885,7.1454
11945,39.3387
11886,7.3234
11946,37.4846
11887,7.5376
11947,37.7447
11948,37.7606
11888,7.5072
11889,7.9116
11949,38.8239
11950,37.1698
11890,7.8838
11891,7.3445
11951,38.5570
11892,7.5598
11952,37.7540
11953,37.2831
11893,7.7378
11954,37.4973
11894,8.0631
11895,8.1116
11955,40.0734
11956,37.4373
11896,7.6949
11897,7.4435
11957,39.3445
11898,7.3742
11958,37.6393
11959,38.9025
11899,8.3224
11960,39.0848
11900,8.4898
11901,7.3931
11961,38.8137
11902,7.4388
11962,37.9966
11903,7.5677
11963,37.1691
11964,37.9996
11904,8.1712
11905,7.9818
11965,38.8229
11966,37.4961
11906,8.8055
11907,7.0811
11967,39.3739
11908,7.1030
11968,37.2957
11909,7.9946
11969,37.8763
11970,38.3673
11910,7.8650
11911,7.9258
11971,39.0001
11972,37.2374
11912,8.0962
11913,7.2044
11973,38.8070
11974,36.9327
11914,7.4969
11915,8.0871
11975,38.2694
11976,37.7522
11916,8.4510
11917,7.6914
11977,38.7158
11978,38.5198
11918,7.4421
11979,38.0178
11919,7.2133
11920,7.2853
11980,38.4786
11981,37.6344
11921,7.8448
11982,37.7871
11922,7.9100
11983,38.7275
11923,7.9084
11924,7.3090
11984,38.7791
11985,37.2194
11925,7.5067
11926,7.5221
11986,38.6050
11987,37.0047
11927,8.2087
11988,38.4216
11928,7.4836
11929,7.2822
11989,39.0891
11930,7.9991
11990,38.2200
11991,37.6796
11931,8.6661
11932,7.4423
11992,38.8052
11993,36.7245
11933,7.9853
11994,38.6400
11934,7.5524
11935,7.3845
11995,38.2792
11996,38.0553
11936,8.2743
11997,39.3720
11937,7.3375
11998,38.0345
11938,7.4168
11939,8.3162
11999,38.1189
12000,38.3665
11940,8.7476
11941,7.2222
12001,39.3465
12002,37.1806
11942,7.5577
12003,38.4567
11943,7.8813
11944,7.7337
12004,38.3318
12005,37.6649
11945,8.7593
11946,8.0315
12006,39.3415
11947,7.9138
12007,38.7906
12008,38.7510
11948,7.6460
12009,36.9235
11949,7.6166
12010,38.6554
11950,8.5003
12011,37.9307
11951,8.0896
12012,37.9358
11952,8.1673
12013,38.3971
11953,7.7651
12014,38.0965
11954,8.2034
12015,38.1357
11955,7.9081
11956,7.5791
12016,38.7384
12017,37.7230
11957,7.9105
11958,7.2220
12018,38.8933
11959,7.2877
12019,37.6722
12020,37.7862
11960,8.1931
12021,37.6726
11961,8.1891
11962,7.2188
12022,39.1018
11963,7.9025
12023,37.5138
12024,37.7479
11964,8.5111
11965,7.2897
12025,39.1000
11966,8.0189
12026,37.9784
12027,37.4804
11967,7.8698
11968,7.3683
12028,38.4746
12029,37.1760
11969,8.3806
12030,37.9676
11970,7.9352
12031,37.7351
11971,8.4107
12032,39.0924
11972,8.1602
12033,38.1689
11973,7.9663
12034,38.4833
11974,8.2135
12035,38.6160
11975,7.2198
12036,37.2124
11976,7.2812
11977,7.5506
12037,38.5455
12038,37.8994
11978,7.4866
11979,7.2337
12039,39.4944
11980,7.3064
12040,37.6889
12041,38.4899
11981,7.6050
12042,37.8234
11982,7.5794
12043,37.6745
11983,8.1866
11984,7.0358
12044,38.8807
11985,7.3165
12045,37.5473
12046,37.2032
11986,7.4493
11987,7.5013
12047,39.2794
12048,37.1283
11988,8.4603
11989,7.0571
12049,39.0245
11990,7.0585
12050,38.2745
12051,37.5749
11991,7.2347
12052,38.8193
11992,7.1541
12053,38.1340
11993,7.4590
12054,37.8254
11994,7.9971
11995,7.2342
12055,39.5029
11996,7.4567
12056,37.9239
12057,37.7563
11997,7.2810
12058,37.8803
11998,7.3533
12059,38.0740
11999,7.2658
12060,38.6400
12000,7.3328
12061,38.3702
12001,7.1127
12062,38.1020
12002,7.1209
12003,7.6838
12063,38.3538
12064,37.7706
12004,8.2167
12065,38.8241
12005,7.0973
12066,37.8834
12006,7.4270
12067,38.2023
12007,7.2720
12068,37.8604
12008,7.0956
12009,7.4791
12069,38.2239
12070,37.1095
12010,8.4333
12011,7.1825
12071,40.2825
12012,7.3238
12072,37.5355
12073,38.0777
12013,7.0661
12074,37.0989
12014,7.2130
12075,38.7305
12015,8.0602
12076,38.7003
12016,7.5801
12077,38.0009
12017,7.6329
12078,38.6147
12018,7.3015
12019,7.6640
12079,37.7587
12080,38.0261
12020,8.0539
12081,38.8176
12021,7.1643
12082,37.4237
12022,7.6326
12083,38.2374
12023,7.5194
12024,7.1227
12084,38.6111
12085,38.2216
12025,7.9713
12086,37.8900
12026,8.0345
12027,7.1847
12087,39.9005
12028,7.9295
12088,37.4086
12089,38.0560
12029,7.3984
12030,6.9541
12090,39.2395
12031,7.7055
12091,37.0748
12092,37.8883
12032,7.5186
12033,7.6249
12093,38.7635
12094,38.2335
12034,7.6005
12035,7.2667
12095,38.7923
12096,36.8740
12036,7.3968
12097,38.3981
12037,7.9152
12098,38.1907
12038,7.7519
12099,37.4221
12039,7.3465
12100,38.4726
12040,7.3806
12101,37.9169
12041,7.6522
12102,38.2617
12042,7.4514
12043,7.3151
12103,38.6465
12044,7.7024
12104,37.6642
12105,37.8261
12045,7.3071
12046,7.3400
12106,39.0475
12047,8.1652
12107,37.9957
12108,39.9498
12048,7.7783
12109,37.4644
12049,7.8470
12110,38.7132
12050,8.3710
12051,7.7217
12111,39.0523
12052,7.7408
12112,38.1878
12113,37.7904
12053,7.7934
12114,37.7279
12054,7.7612
12115,37.6977
12055,7.9111
12116,38.0548
12056,7.8143
12117,38.1638
12057,7.7358
12118,37.6094
12058,7.7528
12119,38.4877
12059,7.5998
12120,38.4442
12060,8.0293
12121,38.4234
12061,7.7270
12122,37.5870
12062,7.8657
12123,38.4959
12063,7.7840
12124,37.8228
12064,7.2402
12125,37.6505
12065,7.6961
12126,39.4663
12066,7.3487
12127,38.3073
12067,7.6496
12128,37.9645
12068,7.4490
12129,38.5911
12069,7.4839
12130,38.4143
12070,7.2039
12131,38.7854
12071,7.7814
12132,37.4691
12072,7.6749
12073,7.8991
12133,38.7167
12134,38.1274
12074,7.5558
12135,37.9039
12075,7.6130
12136,38.9826
12076,7.4234
12137,38.9806
12077,7.7751
12138,38.3558
12078,7.7635
12139,37.8597
12079,8.2778
12140,38.3225
12080,7.9795
12141,37.9696
12081,7.6370
12142,38.3125
12082,7.2646
12143,38.2575
12083,7.4012
12144,37.8657
12084,7.9968
12145,38.3025
12085,8.1010
12086,7.7372
12146,39.7941
12147,37.8820
12087,7.3791
12088,7.2437
12148,38.8657
12089,7.4500
12149,38.5105
12150,37.7690
12090,8.0779
12091,7.7563
12151,38.8640
12152,37.8052
12092,7.6902
12153,38.6074
12093,7.4859
12154,38.3633
12094,7.6937
12155,38.5099
12095,8.0028
12096,7.3869
12156,38.9262
12157,37.7273
12097,7.8746
12158,38.2712
12098,8.3114
12159,39.1528
12099,7.5838
12160,37.8004
12100,7.4929
12161,37.4975
12101,7.4424
12162,38.2503
12102,7.3177
12163,37.8500
12103,7.6151
12164,38.7316
12104,7.3143
12105,7.6371
12165,39.1149
12166,37.5671
12106,8.5142
12107,8.4637
12167,39.1246
12168,38.6209
12108,7.2922
12169,38.1892
12109,7.6634
12170,38.6066
12110,7.6129
12111,8.6702
12171,39.7791
12172,37.7596
12112,8.5509
12173,38.6185
12113,8.5675
12114,7.8350
12174,38.2416
12175,38.3677
12115,9.2208
12116,8.0538
12176,39.5659
12177,38.0734
12117,12.7699
12118,8.1984
12178,38.4358
12119,8.2564
12179,37.2951
12120,8.1703
12180,39.2780
12181,37.7029
12121,8.4749
12182,38.1402
12122,8.3781
12123,8.2750
12183,38.2289
12124,7.0984
12184,38.2173
12185,37.6979
12125,7.0525
12126,7.1317
12186,38.3530
12127,7.0756
12187,39.8306
12188,38.6408
12128,7.1717
12189,37.8713
12129,7.0646
12190,37.9565
12130,7.0627
12191,37.6173
12131,7.2058
12192,38.7382
12132,6.9909
12193,37.9354
12133,7.0244
12194,38.1881
12134,7.1555
12195,38.1630
12135,7.3149
12136,7.0412
12196,39.4908
12197,37.9726
12137,7.2320
12198,37.8373
12138,7.0725
12199,38.6265
12139,7.2853
12200,38.5738
12140,7.1168
12141,6.9838
12201,38.5290
12202,37.6922
12142,7.3906
12143,7.0445
12203,38.8655
12204,37.3057
12144,7.3250
12145,6.9715
12205,39.1769
12206,37.8249
12146,7.1161
12147,8.2986
12207,38.6641
12208,37.5031
12148,9.2686
12209,39.4230
12149,8.4524
12210,38.6201
12150,8.4742
12211,37.7911
12151,8.2617
12152,8.1664
12212,38.3280
12213,37.4954
12153,8.4142
12214,37.9967
12154,8.2663
12215,38.6965
12155,8.2905
12216,37.5856
12156,8.2076
12217,38.0187
12157,8.3537
12158,8.1985
12218,38.2362
12219,37.4511
12159,11.7319
12160,8.3198
12220,38.4308
12161,8.1863
12221,37.3392
12222,38.1642
12162,8.2827
12163,8.1878
12223,37.8485
12224,38.3771
12164,8.3393
12225,38.4573
12165,8.4382
12226,38.6965
12166,8.4926
12167,8.1707
12227,39.0174
12168,8.1844
12228,37.4933
12169,8.2446
12229,37.7233
12230,38.0180
12170,8.3729
12231,38.9262
12171,9.5561
12172,8.2375
12232,38.6744
12173,8.1791
12233,37.7180
12174,8.1127
12234,37.3184
12235,37.3866
12175,8.4109
12236,37.4656
12176,8.5405
12237,39.0103
12177,8.4216
12238,38.0523
12178,8.2499
12239,37.4772
12179,8.2684
12180,8.2354
12240,39.1933
12181,8.1874
12241,37.9825
12242,36.9769
12182,9.0167
12243,39.2235
12183,8.3990
12244,37.6962
12184,8.3966
12245,38.0411
12185,8.4923
12246,38.4306
12186,8.3164
12187,8.3904
12247,38.3505
12248,38.0632
12188,8.6357
12189,8.3482
12249,38.8255
12190,8.2446
12250,37.9950
12251,37.5701
12191,9.0354
12192,8.2970
12252,39.0621
12253,38.4903
12193,8.3643
12254,37.4196
12194,8.4780
12255,38.3907
12195,8.2667
12256,37.3234
12196,8.3144
12257,38.4012
12197,8.4263
12258,37.4417
12198,8.7330
12259,38.9980
12199,8.2573
12260,37.7671
12200,10.5550
12261,39.3222
12201,10.4081
12202,10.5821
12262,37.7856
12263,37.3311
12203,10.8180
12204,10.7216
12264,44.2393
12205,10.3343
12265,37.7886
12266,37.3260
12206,11.1367
12207,10.4806
12267,38.4339
12268,37.9839
12208,11.0261
12269,37.7517
12209,10.5141
12270,38.6394
12210,10.8512
12271,38.0688
12211,10.4372
12272,37.6702
12212,10.9743
12273,37.9822
12213,10.4995
12274,38.0471
12214,10.4982
12275,38.6275
12215,10.6023
12276,37.8103
12216,10.8045
12277,38.0548
12217,10.6762
12278,38.5553
12218,10.8305
12219,10.5124
12279,37.8544
12280,37.8155
12220,10.8121
12281,38.5767
12221,10.8210
12282,38.7152
12222,10.5267
12223,10.4573
12283,39.4214
12284,38.1341
12224,10.7863
12285,38.2757
12225,10.7299
12286,37.3420
12226,10.7877
12287,38.2165
12227,10.9151
12288,38.7664
12228,10.8111
12289,37.0376
12229,10.5931
12290,38.7592
12230,10.7423
12291,37.8876
12231,10.8514
12292,37.8834
12232,10.7403
12293,38.5332
12233,10.6668
12294,38.4655
12234,10.7557
12235,10.4165
12295,38.6982
12296,37.9707
12236,10.4405
12297,38.3513
12237,10.7775
12298,37.3887
12238,10.5841
12299,38.7067
12239,10.4177
12300,37.6756
12240,10.4046
12301,37.8050
12241,10.9871
12302,38.2452
12242,10.5157
12303,38.0970
12243,10.4307
12304,37.8586
12244,10.5273
12305,37.6825
12245,10.5416
12246,10.7015
12306,38.7758
12307,37.5773
12247,10.5389
12308,38.1190
12248,10.9395
12309,38.1899
12249,10.6053
12310,38.8030
12250,10.8497
12251,10.3798
12311,38.3164
12312,37.8483
12252,10.6070
12313,39.1055
12253,10.8174
12254,10.3965
12314,39.1391
12315,38.0642
12255,10.7635
12316,38.2722
12256,10.5202
12317,37.5678
12257,10.5554
12318,38.5945
12258,10.5625
12319,38.3250
12259,10.7273
12320,37.8791
12260,10.6452
12261,10.4813
12321,38.0890
12322,37.3192
12262,10.8396
12323,38.5889
12263,10.7117
12324,38.5476
12264,10.8269
12325,37.0233
12265,10.7077
12326,37.6255
12266,10.6063
12327,37.9046
12267,10.6026
12328,37.5371
12268,10.6213
12329,38.5682
12269,10.5798
12330,38.1616
12270,10.6064
12331,38.4112
12271,10.9001
12272,10.5124
12332,38.3268
12333,37.6083
12273,10.7953
12334,38.3077
12274,11.1654
12275,10.6992
12335,39.8891
12336,37.1714
12276,10.6753
12337,38.4092
12277,10.5873
12278,10.5817
12338,38.0572
12339,37.4475
12279,11.1147
12340,38.5397
12280,10.8470
12341,37.5562
12281,10.9089
12342,38.0758
12282,10.8259
12283,10.4370
12343,37.7898
12344,37.9549
12284,10.7159
12345,38.0617
12285,10.8651
12286,10.4825
12346,38.8801
12347,37.3243
12287,11.1109
12348,37.8145
12288,10.8369
12289,10.8087
12349,38.7716
12350,37.2154
12290,9.1642
12351,38.2595
12291,9.0534
12352,38.5149
12292,9.5801
12353,37.2900
12293,9.4586
12354,38.9924
12294,9.5302
12295,9.2834
12355,38.8211
12356,38.3642
12296,9.0168
12357,38.3586
12297,9.3080
12358,38.9320
12298,9.0422
12299,9.1471
12359,38.4627
12360,37.1507
12300,9.6571
12301,9.0230
12361,37.9998
12362,37.0002
12302,9.3003
12363,38.4070
12303,9.6113
12304,9.1611
12364,38.5832
12365,37.3742
12305,9.3964
12306,9.2508
12366,39.3614
12307,9.0576
12367,37.3812
12368,38.9453
12308,9.2339
12369,38.7346
12309,9.2046
12370,38.0605
12310,9.0642
12371,37.9457
12311,9.0413
12312,9.0027
12372,37.4798
12373,38.2175
12313,9.2527
12374,38.1160
12314,9.0841
12375,37.7358
12315,9.2118
12376,38.3490
12316,9.2461
12377,38.9583
12317,9.1176
12378,37.4628
12318,9.2032
12379,36.9587
12319,9.1433
12380,37.4854
12320,9.0256
12381,37.6311
12321,9.5520
12382,38.9652
12322,9.1453
12323,9.0632
12383,38.8235
12324,9.2190
12384,37.6633
12385,38.3508
12325,9.4163
12386,37.5072
12326,10.2125
12327,8.8125
12387,39.5637
12388,37.2971
12328,9.1228
12329,8.7638
12389,37.4729
12390,37.3613
12330,9.4667
12331,9.0669
12391,39.0005
12392,37.8833
12332,10.0683
12393,38.5888
12333,9.4904
12334,8.8834
12394,38.6717
12395,37.4936
12335,9.4945
12396,37.7758
12336,9.3190
12337,8.8924
12397,38.2550
12398,38.1044
12338,10.4762
12399,38.3664
12339,9.3872
12340,8.9724
12400,38.1711
12341,9.1760
12401,37.5624
12342,9.0448
12402,37.8986
12403,37.9541
12343,9.0892
12404,38.2755
12344,10.6397
12345,9.0642
12405,39.1000
12406,37.8525
12346,9.1231
12347,9.1642
12407,38.1022
12348,9.5180
12408,38.2164
12409,38.3308
12349,9.3558
12410,39.4333
12350,9.3804
12411,38.1990
12351,9.3508
12412,38.6217
12352,9.5253
12413,37.2609
12353,9.3708
12414,37.7748
12354,9.2052
12355,9.1234
12415,38.3892
12416,38.1812
12356,9.7182
12417,38.9137
12357,9.3822
12358,9.0886
12418,39.2434
12359,9.1637
12419,37.8394
12360,9.1356
12420,38.7315
12361,9.1213
12421,37.8692
12422,38.0997
12362,9.8590
12423,39.1527
12363,9.2140
12364,8.8537
12424,38.4479
12365,9.1124
12425,37.9966
12426,39.5673
12366,9.3595
12367,9.1495
12427,37.6556
12428,37.6290
12368,10.8754
12369,9.1824
12429,38.9817
12370,8.7888
12430,37.4578
12371,8.8802
12431,37.4918
12432,38.7910
12372,9.2472
12373,8.7907
12433,38.8835
12434,37.7700
12374,9.2141
12435,38.4480
12375,9.3897
12436,38.2323
12376,9.5735
12437,38.4861
12377,9.0554
12438,38.2278
12378,9.5230
12379,9.1797
12439,38.0845
12440,37.4446
12380,9.4903
12441,39.6040
12381,8.9556
12442,37.7121
12382,9.1673
12443,37.4145
12383,9.2289
12384,8.9165
12444,38.9507
12445,37.4500
12385,9.2093
12446,38.4650
12386,9.4001
12447,39.2373
12387,9.2699
12448,38.6401
12388,9.2436
12389,9.3196
12449,37.9583
12390,9.1607
12450,37.1387
12451,37.1085
12391,9.3627
12452,39.1254
12392,9.5112
12393,9.0020
12453,38.0346
12454,37.6137
12394,9.4619
12395,9.2751
12455,38.9209
12396,9.0996
12456,37.5869
12457,38.5541
12397,9.5239
12458,38.4818
12398,9.6137
12459,37.4040
12399,9.3500
12460,38.1588
12400,9.7769
12461,38.5343
12401,9.1869
12402,9.2040
12462,38.4478
12463,38.1957
12403,9.4184
12404,9.0376
12464,38.0181
12465,37.6208
12405,9.3291
12466,38.9371
12406,9.8381
12467,39.5036
12407,9.3224
12408,8.9601
12468,37.6136
12409,9.1856
12469,38.1551
12470,37.3142
12410,10.0747
12411,8.9576
12471,39.1746
12472,37.6682
12412,9.4281
12413,9.0438
12473,39.0329
12474,39.0376
12414,9.0908
12415,9.0107
12475,38.0956
12476,37.3691
12416,8.9990
12477,38.3779
12417,9.4263
12478,38.6791
12418,8.9644
12479,38.0451
12419,9.2574
12480,38.9736
12420,9.2641
12481,37.1785
12421,9.3502
12422,9.1257
12482,38.4562
12483,38.7305
12423,9.4391
12484,38.8010
12424,9.1448
12485,39.4534
12425,9.1907
12426,8.9131
12486,37.2779
12427,9.0842
12487,38.6534
12488,37.6879
12428,9.5526
12489,38.0528
12429,9.4344
12490,38.6751
12430,9.3109
12491,38.4074
12431,9.4801
12432,9.4320
12492,37.8611
12493,37.4994
12433,9.4004
12494,38.1897
12434,9.4361
12495,38.4260
12435,9.4326
12496,38.9093
12436,9.3297
12497,37.6845
12437,12.9431
12438,8.0885
12498,38.3287
12439,8.1726
12499,38.0655
12500,38.0351
12440,8.6470
12441,7.4134
12501,38.8465
12442,7.7127
12502,38.0327
12443,7.7550
12503,37.8176
12444,7.5039
12504,37.8870
12505,37.9595
12445,7.6956
12506,38.4778
12446,7.7881
12507,38.3663
12447,7.6524
12508,37.5307
12448,7.5307
12449,7.4170
12509,38.7590
12450,7.7066
12510,38.1510
12451,7.5884
12511,37.8777
12512,38.0295
12452,8.7608
12453,7.3981
12513,40.8056
12454,7.6403
12514,38.2672
12455,7.3562
12515,39.0012
12456,7.3579
12516,37.7573
12457,7.4232
12517,38.3070
12518,38.0013
12458,8.2727
12459,7.5887
12519,39.6324
12460,7.6989
12520,37.2297
12461,7.4001
12521,38.2655
12522,38.6556
12462,8.0560
12463,7.3554
12523,39.0347
12524,37.3227
12464,7.5514
12465,7.3556
12525,37.4588
12526,38.9822
12466,8.0586
12467,7.3990
12527,38.5969
12528,38.1285
12468,7.8324
12469,7.5526
12529,38.6450
12470,7.5425
12530,37.1379
12471,7.5091
12531,38.1428
12472,7.4498
12532,37.1189
12533,37.2690
12473,7.8683
12474,7.4186
12534,38.9915
12535,37.8129
12475,8.1322
12476,7.9816
12536,38.3033
12537,38.0264
12477,8.0100
12478,7.6421
12538,37.9608
12479,7.6565
12539,37.7500
12540,38.3033
12480,7.5304
12481,7.3692
12541,38.3146
12542,37.0567
12482,7.5675
12543,38.3010
12483,8.0095
12484,7.3734
12544,38.7909
12485,7.6683
12545,38.3415
12486,7.7542
12546,38.1499
12547,38.3579
12487,7.7820
12488,7.4492
12548,38.0070
12549,37.4266
12489,8.2503
12490,7.3774
12550,39.2985
12551,37.1035
12491,7.7216
12492,7.3124
12552,39.2389
12493,7.6229
12553,44.4990
12494,7.4057
12554,38.3466
12555,38.2931
12495,7.4619
12556,38.9388
12496,7.8287
12497,7.3987
12557,38.5198
12558,39.6290
12498,7.8408
12499,7.2590
12559,38.4042
12500,7.6341
12560,38.3039
12501,7.3535
12561,38.0738
12562,37.3574
12502,7.7437
12503,7.5047
12563,39.2471
12504,7.2413
12564,37.1769
12505,7.3113
12565,37.5784
12566,37.5648
12506,8.1356
12567,39.1847
12507,7.6428
12508,7.3079
12568,38.4804
12509,7.5714
12569,38.0455
12510,7.2901
12570,38.0640
12511,7.2619
12571,37.9695
12572,37.4449
12512,8.2502
12513,7.5842
12573,39.2481
12514,7.3162
12574,38.0947
12575,38.2648
12515,7.3006
12516,7.5032
12576,37.5440
12577,37.7852
12517,7.3105
12518,7.3740
12578,38.3324
12579,37.5181
12519,8.1435
12520,7.7860
12580,39.3180
12581,37.7291
12521,7.3484
12522,7.2397
12582,38.1209
12583,37.9283
12523,7.7842
12584,37.9985
12524,7.7323
12585,38.4510
12525,8.0301
12526,7.2993
12586,39.2085
12587,37.2935
12527,7.5477
12588,38.3048
12528,7.8104
12529,7.5845
12589,38.9035
12530,7.2450
12590,37.9067
12591,37.8470
12531,7.6002
12532,7.2551
12592,39.0527
12533,7.3282
12593,37.6391
12594,37.3496
12534,7.3794
12595,38.1453
12535,7.6515
12536,7.2752
12596,39.9265
12537,7.4835
12597,37.6732
12538,7.2367
12598,37.6631
12539,7.5395
12599,37.7926
12600,38.1721
12540,7.8529
12601,38.9585
12541,7.7729
12542,7.4317
12602,38.4313
12603,37.9237
12543,8.1120
12544,7.4963
12604,38.7317
12545,7.3722
12605,37.6166
12546,7.3183
12606,37.5106
12607,38.7077
12547,7.5625
12548,7.3401
12608,38.1899
12609,38.1062
12549,7.9342
12550,7.5498
12610,38.9572
12551,7.2722
12611,38.1039
12612,38.1829
12552,7.3368
12553,7.3750
12613,38.9332
12614,37.0834
12554,7.3117
12615,37.7001
12555,7.7742
12556,7.5579
12616,39.1860
12617,38.3118
12557,7.3543
12558,7.6961
12618,38.4890
12619,37.5004
12559,7.3493
12560,7.3282
12620,38.1432
12621,38.6202
12561,8.0420
12562,7.6807
12622,39.9988
12563,7.5672
12623,38.4100
12624,38.9849
12564,7.8533
12565,7.1729
12625,39.9573
12566,7.6728
12626,37.6311
12627,37.8181
12567,7.5704
12628,38.3835
12568,7.5256
12569,7.7017
12629,38.3318
12630,39.2801
12570,7.7226
12571,7.5425
12631,39.6373
12632,37.7773
12572,7.4905
12633,37.6408
12573,7.6284
12634,37.6846
12574,8.0067
12575,7.5499
12635,39.1226
12636,37.9499
12576,7.9992
12637,39.4378
12577,7.6917
12638,38.5016
12578,7.5721
12579,7.4780
12639,38.2162
12640,38.9309
12580,8.0961
12641,38.8783
12581,7.9397
12642,38.9785
12582,7.6369
12583,7.8062
12643,38.0769
12644,38.2724
12584,7.6569
12645,38.6224
12585,7.4264
12586,7.2721
12646,38.1582
12647,37.6581
12587,7.7081
12588,7.5237
12648,39.4288
12589,7.4815
12649,38.2241
12590,7.5316
12650,38.4627
12651,37.6181
12591,7.5002
12592,7.5975
12652,39.3222
12653,38.1938
12593,7.5161
12594,7.5985
12654,37.9923
12655,37.7868
12595,8.2001
12596,7.6151
12656,39.2627
12597,7.5993
12657,38.3046
12658,37.9208
12598,7.9393
12599,7.5893
12659,38.7987
12660,38.0903
12600,7.7106
12601,7.5898
12661,39.2831
12602,7.3080
12662,38.3475
12663,37.8222
12603,7.7363
12604,7.4646
12664,38.6188
12605,7.2155
12665,37.4260
12666,37.5335
12606,7.5719
12667,38.4436
12607,7.7566
12608,7.2083
12668,38.0672
12669,37.8432
12609,7.7990
12610,7.7917
12670,38.8655
12671,37.9404
12611,8.1574
12612,7.5554
12672,40.5852
12613,7.5153
12673,38.0382
12614,7.3458
12674,38.5158
12675,37.2291
12615,8.1999
12616,7.2352
12676,39.5890
12677,37.2728
12617,7.5824
12618,7.6152
12678,38.1662
12679,37.8136
12619,7.6075
12620,7.5726
12680,39.0476
12681,38.3166
12621,7.6076
12682,38.5533
12622,8.0058
12623,7.5142
12683,39.1727
12624,7.5063
12684,38.6235
12625,7.2600
12685,37.8204
12686,37.3316
12626,8.0351
12627,7.2022
12687,38.8846
12628,7.1872
12688,37.4691
12689,37.5718
12629,7.6132
12630,7.8860
12690,39.1019
12631,7.5894
12691,38.4593
12692,38.2386
12632,7.6706
12693,38.3643
12633,7.4090
12694,38.0840
12634,7.6369
12695,38.1409
12635,8.0692
12636,7.5522
12696,40.3184
12697,37.5189
12637,7.6922
12638,7.5080
12698,38.7193
12639,7.5086
12699,37.9412
12640,7.6111
12700,37.7194
12641,7.3548
12701,37.6271
12702,37.7827
12642,7.2316
12703,38.7717
12643,7.5335
12644,6.9271
12704,38.4113
12645,6.9989
12705,37.9593
12706,38.2248
12646,6.6619
12647,6.9330
12707,38.1510
12648,6.5593
12708,37.9773
12709,37.5295
12649,6.9594
12650,6.8188
12710,39.5812
12651,6.5452
12711,38.3598
12652,6.8107
12712,37.5066
12713,37.5401
12653,7.2673
12654,6.7963
12714,39.3185
12655,6.6549
12715,37.6037
12716,37.9396
12656,7.5992
12657,6.9262
12717,39.0287
12658,6.8426
12718,39.0625
12659,7.0232
12719,38.7407
12720,38.9267
12660,7.0328
12721,38.3695
12661,6.9809
12662,6.5667
12722,39.1833
12723,37.7837
12663,7.3605
12664,6.5209
12724,40.0988
12665,7.1260
12725,37.6907
12666,7.1107
12726,38.1534
12727,39.3253
12667,7.2725
12668,6.6011
12728,39.4322
12669,6.5417
12729,37.4657
12730,37.5644
12670,6.8828
12671,6.8543
12731,38.0121
12672,6.6488
12732,38.1746
12733,37.9081
12673,6.6390
12734,37.6480
12674,7.0025
12675,6.7106
12735,38.6164
12676,6.4334
12736,37.3474
12677,6.5057
12737,37.7382
12738,37.7391
12678,7.2561
12679,6.9361
12739,39.3684
12680,6.6718
12740,38.3668
12741,37.5965
12681,6.9867
12682,6.8107
12742,38.9900
12683,7.1757
12743,37.5785
12684,6.9948
12744,38.1136
12745,39.3718
12685,7.6514
12686,6.5332
12746,39.0537
12687,6.5345
12747,37.4803
12748,38.3190
12688,6.7962
12749,37.8681
12689,7.1236
12750,38.0273
12690,6.9675
12691,6.9329
12751,38.3036
12752,38.4825
12692,7.3543
12693,6.9197
12753,39.5078
12754,37.7922
12694,6.9694
12755,38.1376
12695,6.9437
12696,6.8101
12756,38.2500
12697,6.9012
12757,38.1016
12698,6.9604
12758,37.4496
12759,38.6976
12699,7.3432
12700,6.5490
12760,39.3265
12701,6.7243
12761,37.5518
12762,38.1953
12702,7.2319
12703,6.5607
12763,40.5054
12704,6.5520
12764,37.2060
12705,7.0604
12765,38.2305
12766,38.3169
12706,6.9314
12707,6.9946
12767,38.1181
12768,38.2875
12708,6.6582
12769,37.7975
12709,7.2126
12710,6.8181
12770,39.2902
12711,6.9729
12771,38.1007
12772,38.1042
12712,6.7454
12773,38.1035
12713,7.0349
12774,38.3456
12714,7.4184
12715,6.6214
12775,39.0544
12716,6.9036
12776,37.7254
12777,37.9131
12717,6.8596
12778,38.2720
12718,6.8785
12779,38.0052
12719,6.7577
12780,38.4350
12720,7.0684
12721,7.1254
12781,38.4414
12782,38.3147
12722,9.0115
12723,8.3161
12783,39.7432
12784,38.4788
12724,8.2820
12725,8.1895
12785,38.5009
12786,39.2881
12726,8.3317
12787,39.0499
12727,7.8495
12728,8.2071
12788,38.5072
12789,38.2187
12729,8.6711
12730,7.9277
12790,38.6031
12731,7.8154
12791,37.4917
12792,37.4325
12732,8.2023
12733,7.7721
12793,38.2217
12794,37.1083
12734,8.4849
12795,39.0974
12735,8.2298
12796,38.8864
12736,8.3665
12737,8.0650
12797,40.0421
12738,8.0486
12798,37.6405
12739,7.9632
12799,39.8516
12740,8.1111
12800,37.5439
12801,37.6088
12741,8.5382
12742,7.8072
12802,40.6046
12803,37.3370
12743,7.8669
12804,37.9192
12744,8.1223
12745,8.0863
12805,38.8602
12746,8.0566
12806,38.0450
12807,38.2908
12747,7.2931
12808,39.1653
12748,8.4838
12749,6.6962
12809,39.2391
12750,6.6255
12810,37.8351
12751,6.4364
12811,38.1415
12752,6.9998
12812,37.7387
12753,6.4822
12813,37.6294
12814,37.9380
12754,6.9656
12755,6.7795
12815,38.2366
12756,6.9200
12816,38.6702
12817,38.5464
12757,7.2735
12758,6.3800
12818,39.0495
12759,6.6710
12819,37.1194
12760,6.7975
12820,37.4760
12821,38.5742
12761,7.2701
12762,6.7558
12822,39.2885
12763,6.7637
12823,37.3009
12824,37.6322
12764,7.2632
12765,6.7789
12825,38.3314
12766,7.1369
12826,38.8099
12827,38.7272
12767,6.8596
12828,38.7947
12768,7.4147
12769,6.7478
12829,40.0655
12770,6.5052
12830,38.3757
12771,6.6736
12831,37.2030
12772,7.1499
12832,39.3991
12833,38.2048
12773,6.8945
12834,38.1798
12774,7.4260
12775,6.7935
12835,40.1475
12776,6.8593
12836,38.8656
12777,6.7815
12837,38.3961
12838,37.6501
12778,6.9965
12839,38.0111
12779,7.0693
12840,38.3486
12780,7.0850
12841,38.9722
12781,7.8434
12842,39.3286
12782,6.9384
12783,6.7166
12843,37.8264
12784,6.5750
12844,38.1847
12785,6.9697
12845,38.3203
12846,38.3029
12786,7.3680
12847,38.4185
12787,7.3436
12788,6.8103
12848,39.1919
12849,37.4939
12789,6.8932
12850,37.9062
12790,6.9076
12791,6.5088
12851,37.7975
12852,37.4196
12792,7.2976
12793,6.8720
12853,39.8591
12854,37.7850
12794,7.3164
12795,6.7349
12855,39.2052
12796,6.8104
12856,37.7839
12797,6.8699
12857,38.3706
12858,38.1203
12798,7.1143
12859,37.7247
12799,6.5035
12860,37.7384
12800,7.6576
12861,39.4053
12801,7.1976
12802,6.7005
12862,38.9029
12803,6.4987
12863,37.5322
12864,37.1413
12804,6.9578
12805,6.8817
12865,39.0487
12866,37.9089
12806,6.9342
12867,38.5151
12807,7.2083
12868,38.6614
12808,6.7237
12869,37.7379
12809,6.7360
12810,6.5434
12870,38.0405
12871,37.7556
12811,6.7277
12872,37.5662
12812,7.5623
12873,39.2149
12813,6.8611
12874,37.3681
12814,7.2660
12815,6.8862
12875,39.3429
12876,38.4980
12816,7.0183
12817,6.8620
12877,39.1349
12878,38.0533
12818,6.9087
12879,38.1159
12819,6.5984
12880,38.0083
12820,7.1412
12881,38.6919
12821,6.9023
12822,7.2187
12882,37.5672
12883,37.7312
12823,7.1638
12824,6.7364
12884,39.0710
12825,6.7827
12885,38.4346
12886,38.1835
12826,6.7701
12887,38.5992
12827,6.8614
12888,39.0889
12828,6.7883
12889,38.6940
12829,6.8222
12830,6.7613
12890,38.5136
12891,37.9049
12831,7.3358
12832,6.8200
12892,39.2508
12833,6.7342
12893,37.7735
12894,37.4863
12834,6.5479
12895,37.9021
12835,6.8882
12896,37.9311
12836,6.8691
12897,38.1249
12837,7.3641
12838,6.8028
12898,39.3647
12839,6.8218
12899,38.1622
12840,7.0134
12900,37.8697
12901,39.3598
12841,6.7428
12902,37.4504
12842,6.5366
12903,37.9840
12843,7.4025
12904,39.1735
12844,6.8217
12905,37.1794
12845,7.0748
12846,6.4999
12906,37.9273
12907,37.7200
12847,7.2500
12908,38.2514
12848,6.8821
12909,38.2549
12849,6.9282
12910,38.5182
12850,7.9113
12851,6.7446
12911,39.8371
12852,6.9165
12912,37.5062
12853,6.7475
12913,38.2112
12854,6.9794
12914,37.2546
12915,38.5955
12855,6.5452
12916,37.9305
12856,7.4570
12917,39.2355
12857,6.8518
12918,37.5952
12858,6.8122
12859,6.8208
12919,38.2765
12860,6.5565
12920,38.1785
12861,6.9228
12921,37.8382
12922,38.0640
12862,6.9943
12923,40.2318
12863,7.6508
12864,6.8017
12924,39.7058
12865,6.4798
12925,38.3931
12866,7.0484
12926,37.5264
12867,6.6736
12927,38.1459
12928,37.8376
12868,7.3485
12929,39.4411
12869,7.3803
12930,39.0821
12870,7.1915
12871,6.9103
12931,38.3643
12872,6.9140
12932,38.8647
12933,37.9690
12873,6.6471
12934,37.7225
12874,6.9015
12935,38.3334
12875,7.0795
12936,38.4706
12876,7.4153
12877,6.9159
12937,39.2729
12878,6.6461
12938,37.9842
12879,7.1620
12939,37.6591
12940,38.3253
12880,7.0548
12881,6.8759
12941,38.2144
12942,37.2837
12882,7.3599
12883,6.8977
12943,38.9234
12944,37.6647
12884,7.0803
12885,6.5851
12945,38.4138
12946,37.4353
12886,6.6128
12887,6.7077
12947,38.4207
12948,37.9455
12888,7.4729
12889,7.0773
12949,39.4819
12950,38.8160
12890,7.3649
12891,6.5081
12951,39.3017
12892,7.2329
12952,37.6299
12893,6.8404
12953,38.6775
12894,6.8392
12954,38.5684
12955,37.7023
12895,7.0504
12956,38.9894
12896,7.5859
12897,6.7955
12957,39.2322
12898,6.8888
12958,37.4311
12959,38.2979
12899,7.2964
12900,7.1166
12960,38.5684
12961,37.8945
12901,6.9857
12902,6.8781
12962,38.2391
12963,37.6905
12903,7.4703
12904,6.9236
12964,39.3578
12905,6.7788
12965,38.2224
12966,37.7707
12906,6.6314
12967,38.7067
12907,7.3681
12908,6.4853
12968,42.3780
12909,6.4881
12969,37.0575
12910,6.5386
12970,38.5855
12971,37.7056
12911,7.1842
12912,6.4354
12972,38.5690
12913,6.5050
12973,37.9544
12974,37.7536
12914,6.9977
12915,7.1828
12975,39.1000
12916,6.8128
12976,38.8202
12917,6.4940
12977,38.5938
12918,6.8583
12978,37.7048
12979,38.0976
12919,6.5619
12980,38.1228
12920,7.0488
12981,38.1320
12921,7.4512
12922,6.7336
12982,39.3134
12923,6.6775
12983,37.8587
12924,6.8400
12984,37.9482
12985,38.3685
12925,7.0321
12926,6.9427
12986,37.9123
12987,38.1605
12927,7.3677
12988,39.2406
12928,7.0144
12929,6.8883
12989,38.3196
12990,38.3493
12930,7.1824
12991,39.4804
12931,7.0178
12932,6.4996
12992,39.2248
12933,6.8702
12993,37.8101
12994,38.2366
12934,7.2017
12935,6.5444
12995,38.9813
12936,6.7100
12996,38.1993
12997,37.3009
12937,6.9945
12998,38.3113
12938,6.9385
12939,6.8311
12999,38.0105
13000,38.3644
12940,7.7661
12941,6.8249
13001,40.5188
12942,6.5154
13002,38.7933
12943,6.8526
13003,38.0206
13004,38.1337
12944,7.3139
12945,7.2978
13005,38.6314
13006,38.5745
12946,6.9849
12947,6.5455
13007,38.0308
13008,37.7433
12948,7.3074
12949,7.0124
13009,38.7342
12950,6.8843
13010,38.4582
13011,38.3286
12951,7.1677
12952,6.5900
13012,38.4567
13013,37.8531
12953,6.8229
12954,6.8309
13014,38.5476
12955,6.8475
13015,39.2711
13016,38.1205
12956,7.2768
12957,6.7952
13017,39.0855
12958,6.5733
13018,37.9009
13019,38.8404
12959,6.8485
12960,6.8423
13020,37.7555
13021,38.1180
12961,6.9037
13022,38.3123
12962,6.5477
12963,6.5255
13023,38.0527
13024,37.8620
12964,7.2663
12965,6.5479
13025,39.2500
12966,6.4947
13026,38.1447
13027,37.9288
12967,6.8444
13028,38.0620
12968,6.9833
12969,6.8658
13029,37.8434
13030,38.3180
12970,7.3323
12971,6.9138
13031,40.1463
12972,6.4831
13032,38.9187
12973,6.8919
13033,37.5207
13034,39.0504
12974,6.9551
12975,6.5059
13035,41.2586
13036,37.6442
12976,6.9624
13037,38.2086
12977,6.8377
13038,38.5332
12978,7.0129
13039,39.3042
12979,7.2705
12980,6.8907
13040,39.1165
12981,6.8854
13041,39.0745
13042,38.0813
12982,6.7109
12983,7.0285
13043,38.6439
13044,38.0938
12984,7.0607
12985,6.9088
13045,38.8125
13046,38.1735
12986,7.3460
12987,6.6139
13047,39.2357
13048,37.8282
12988,7.1173
12989,6.8584
13049,38.4351
13050,37.6317
12990,6.9427
13051,38.6193
12991,7.4737
12992,6.9441
13052,39.4200
13053,37.6929
12993,6.9134
12994,6.8506
13054,38.2211
13055,38.1894
12995,6.9796
12996,7.0204
13056,38.1275
13057,38.0851
12997,7.1513
13058,38.8775
12998,7.3526
12999,6.5179
13059,39.3287
13000,6.8139
13060,37.6431
13001,6.8150
13061,38.4366
13002,6.9231
13062,38.5578
13063,38.3192
13003,7.1192
13064,38.4248
13004,7.3647
13065,38.4450
13005,7.5315
13006,6.8755
13066,40.3463
13007,6.8772
13067,37.8750
13008,6.9500
13068,37.8407
13069,37.8594
13009,7.0848
13010,6.9972
13070,39.4511
13071,37.7892
13011,6.9465
13072,38.4556
13012,7.3800
13013,6.8660
13073,39.0542
13014,6.7724
13074,37.8230
13015,6.8514
13075,38.2087
13076,38.7459
13016,6.9717
13017,6.7987
13077,38.5605
13018,6.8141
13078,38.2412
13079,37.5418
13019,7.3333
13020,6.7394
13080,39.3100
13021,6.7661
13081,37.9286
13022,6.8259
13082,38.6096
13083,37.7822
13023,7.2936
13024,6.7520
13084,38.9853
13025,6.8598
13085,37.3341
13086,38.4397
13026,6.9202
13027,6.7394
13087,38.2906
13028,6.5307
13088,37.6090
13089,37.5361
13029,7.0307
13090,37.7887
13030,7.3247
13031,6.8141
13091,39.3433
13032,6.9678
13092,37.8494
13093,39.1420
13033,7.1928
13034,6.7723
13094,39.5457
13035,6.8910
13095,37.5116
13096,38.1810
13036,6.9428
13097,38.1741
13037,6.9223
13038,6.8686
13098,38.6661
13039,6.6172
13099,37.9473
13100,38.2312
13040,7.0619
13041,6.7162
13101,39.0019
13042,6.8278
13102,37.6501
13043,6.7906
13103,38.7959
13044,6.9032
13104,38.6445
13045,6.7778
13105,38.2014
13106,38.2414
13046,6.7291
13107,37.7844
13047,6.6755
13048,6.4895
13108,38.5789
13049,6.4693
13109,37.6786
13050,6.7690
13110,37.2183
13111,37.5642
13051,6.8941
13112,38.1909
13052,6.8747
13113,38.3180
13053,6.9706
13114,38.3801
13054,7.0896
13055,6.8076
13115,38.5067
13056,6.9180
13116,37.7964
13057,7.0144
13117,38.1857
13058,6.8905
13118,38.2854
13059,7.0987
13119,37.7282
13060,6.9484
13120,44.2318
13121,38.4265
13061,7.1504
13122,38.9516
13062,6.8831
13063,6.8867
13123,38.7542
13064,6.9699
13124,38.0280
13125,38.1012
13065,6.6204
13126,38.1276
13066,6.9532
13067,6.9294
13127,38.0749
13128,38.0989
13068,7.3622
13129,39.0028
13069,7.5630
13070,6.8610
13130,38.9507
13071,6.6268
13131,37.7037
13072,6.6783
13132,37.8930
13133,37.4044
13073,7.0272
13074,7.4368
13134,38.6145
13135,38.4531
13075,7.5145
13136,39.1056
13076,9.0184
13077,6.8516
13137,39.9202
13078,6.9385
13138,38.4034
13079,6.9878
13139,37.9464
13080,6.8981
13140,37.9755
13081,7.0818
13141,37.7801
13142,37.7927
13082,6.9303
13143,38.0627
13083,6.8107
13144,37.3555
13084,6.9042
13085,6.5003
13145,38.0300
13146,37.0214
13086,7.3096
13087,6.8684
13147,38.9151
13088,6.8972
13148,37.7354
13149,37.7743
13089,7.1664
13090,6.8200
13150,37.9177
13151,38.0548
13091,6.9851
13092,6.7671
13152,39.9895
13153,37.3684
13093,7.2364
13094,6.7165
13154,39.3538
13095,6.7195
13155,38.5072
13096,6.7278
13156,37.6342
13097,6.8137
13157,37.5822
13158,38.7045
13098,7.3529
13099,6.7929
13159,39.2994
13160,37.4022
13100,6.9612
13161,38.8837
13101,7.3212
13102,6.7028
13162,39.2627
13103,6.7319
13163,37.3172
13104,6.4821
13164,37.8686
13165,37.2319
13105,7.4297
13106,6.7382
13166,39.0130
13107,6.8284
13167,37.7910
13168,37.8264
13108,7.1350
13109,6.8117
13169,39.0929
13110,6.8127
13170,37.7469
13171,37.8940
13111,6.9453
13112,6.8777
13172,38.9005
13173,38.9825
13113,6.5986
13174,36.8506
13114,6.7584
13175,37.5034
13115,7.1198
13116,6.6612
13176,38.6835
13117,6.7937
13177,36.6989
13178,37.8784
13118,7.2710
13119,6.6790
13179,38.7924
13120,6.7647
13180,36.9450
13121,6.8505
13181,38.1023
13182,38.4107
13122,6.8627
13183,38.1725
13123,6.8748
13184,38.4101
13124,6.7779
13185,37.8061
13125,7.0335
13126,7.1492
13186,38.5439
13127,6.7482
13187,37.6703
13188,38.1266
13128,6.7129
13189,38.0240
13129,6.8143
13190,38.9336
13130,7.1202
13131,6.7320
13191,38.7480
13132,6.8440
13192,37.6131
13193,37.9106
13133,6.6292
13134,6.8343
13194,38.6971
13135,6.4932
13195,37.6355
13196,37.9950
13136,7.1615
13197,38.8727
13137,6.9164
13198,38.9916
13138,7.6065
13139,6.4413
13199,39.2393
13140,6.6507
13200,37.3387
13201,38.2384
13141,7.4969
13142,6.7935
13202,38.8766
13143,6.5140
13203,37.4566
13204,37.5400
13144,7.3744
13205,38.8199
13145,6.9781
13146,6.8186
13206,38.5166
13207,38.1483
13147,6.9134
13208,38.0208
13148,7.0288
13209,38.3362
13149,7.3866
13150,6.9364
13210,38.4757
13211,37.6091
13151,6.9543
13212,37.9459
13152,7.1499
13153,7.1630
13213,38.4264
13154,6.5146
13214,37.0090
13215,37.9438
13155,7.7146
13156,6.8637
13216,39.0971
13217,37.7561
13157,7.3290
13158,6.4653
13218,39.8273
13159,6.7896
13219,37.6523
13220,38.7877
13160,7.0104
13161,6.5104
13221,38.7073
13162,7.1060
13222,37.4003
13223,37.5927
13163,6.8382
13164,6.5574
13224,38.7475
13225,37.3106
13165,6.9767
13226,39.1686
13166,6.9977
13167,6.4810
13227,37.4829
13228,37.2853
13168,6.8629
13229,37.8792
13169,6.9230
13170,6.5512
13230,38.3663
13231,37.3846
13171,6.9191
13232,38.2761
13172,7.7592
13233,38.9636
13173,6.9539
13174,6.8052
13234,38.1254
13175,6.8137
13235,38.0571
13236,37.8475
13176,7.2763
13177,6.4692
13237,38.9927
13238,37.3996
13178,7.3805
13179,6.8654
13239,39.3373
13240,39.1915
13180,7.2203
13181,6.6483
13241,38.2785
13182,6.6328
13242,37.1884
13243,37.6375
13183,7.2095
13244,39.2342
13184,7.8308
13185,6.8121
13245,39.1108
13186,6.7364
13246,37.7853
13187,6.5247
13247,37.8817
13248,37.3495
13188,7.3087
13189,6.7985
13249,39.1249
13190,6.8652
13250,37.6307
13251,38.1021
13191,7.3657
13252,38.9995
13192,6.7765
13253,37.9350
13193,7.0129
13254,38.2291
13194,6.5408
13255,37.7035
13195,6.9901
13256,38.4609
13196,7.1247
13257,38.9690
13197,6.8110
13198,6.8950
13258,37.9596
13259,38.1287
13199,7.2694
13200,6.5004
13260,39.0651
13261,37.0084
13201,6.9716
13262,37.7534
13202,6.8707
13263,38.1234
13203,7.2923
13264,39.3940
13204,7.1396
13205,7.1439
13265,38.2919
13206,6.8679
13266,37.4670
13267,37.8492
13207,6.9679
13208,6.8218
13268,39.0845
13209,6.7402
13269,37.5914
13270,37.0359
13210,7.0694
13271,38.7956
13211,7.2327
13272,38.5545
13212,7.4710
13213,6.5756
13273,38.7679
13214,6.9014
13274,37.1367
13275,38.4573
13215,7.3176
13216,6.7891
13276,40.0080
13217,6.8315
13277,37.4651
13278,37.5561
13218,7.0263
13279,38.2978
13219,7.3049
13280,39.0829
13220,7.8900
13221,6.5199
13281,39.3740
13222,6.8149
13282,36.9053
13283,37.8274
13223,6.9517
13284,37.9108
13224,7.1200
13225,7.0877
13285,37.8414
13286,38.2990
13226,7.3510
13287,39.5156
13227,7.3104
13228,6.8738
13288,38.5021
13289,37.5334
13229,7.0406
13230,6.8621
13290,37.6728
13291,38.0607
13231,6.6301
13292,37.2166
13232,7.0005
13293,38.2221
13233,7.0956
13294,39.0000
13234,7.3450
13295,38.6158
13235,7.0238
13296,37.9767
13236,6.6814
13297,37.5070
13237,6.8971
13238,6.8673
13298,39.4173
13299,37.7006
13239,7.3473
13300,38.7718
13240,6.9837
13301,38.1936
13241,6.8753
13302,38.0113
13242,6.9827
13243,6.8332
13303,38.7268
13244,6.7774
13304,37.4429
13305,37.4559
13245,7.0272
13246,6.8736
13306,38.5711
13307,37.9202
13247,7.4102
13248,6.9624
13308,40.1760
13309,37.5755
13249,7.1577
13310,37.9892
13250,7.3441
13311,39.3062
13251,6.7245
13252,6.8879
13312,38.0371
13313,37.4540
13253,7.1855
13254,6.6003
13314,38.8120
13315,36.9172
13255,7.0672
13316,37.8092
13256,7.0551
13317,37.8294
13257,7.0376
13318,39.1910
13258,7.5152
13259,6.5394
13319,38.7821
13260,6.8320
13320,38.0585
13321,37.5384
13261,7.0256
13322,37.9913
13262,7.3442
13263,6.8349
13323,38.8201
13324,37.5873
13264,6.8648
13325,38.2540
13265,7.4723
13326,39.3032
13266,6.6773
13327,37.5951
13267,7.0934
13268,6.8486
13328,38.1901
13329,37.9889
13269,6.6859
13330,38.1296
13270,7.1417
13271,6.8047
13331,39.2712
13272,6.8906
13332,37.5428
13333,38.2280
13273,7.4255
13274,6.9002
13334,39.8937
13335,37.8408
13275,7.3947
13276,6.5975
13336,38.7487
13337,37.4800
13277,7.1040
13338,37.9000
13278,7.4891
13279,7.0593
13339,39.6734
13340,38.4665
13280,7.0277
13341,38.3079
13281,7.4541
13282,7.0492
13342,39.7019
13343,38.2058
13283,7.0938
13284,6.8584
13344,38.8741
13285,6.9620
13345,37.6609
13346,37.6614
13286,7.3867
13287,6.7637
13347,39.1970
13288,6.5852
13348,37.6528
13349,37.9233
13289,7.4638
13290,6.5282
13350,39.0193
13351,36.5712
13291,6.8774
13352,37.9739
13292,6.6602
13353,38.6730
13293,6.9355
13294,6.5972
13354,37.9777
13355,37.6348
13295,7.0185
13356,38.6340
13296,7.0896
13357,39.6005
13297,6.7423
13298,6.8316
13358,38.3458
13299,6.8671
13359,38.1428
13360,38.5371
13300,6.6417
13361,37.4708
13301,7.0032
13302,6.9299
13362,38.0053
13363,38.9708
13303,7.2061
13304,6.9078
13364,39.2816
13365,37.3762
13305,6.9408
13306,6.8552
13366,38.6566
13307,6.8772
13367,38.0344
13368,37.9446
13308,7.2813
13369,38.4154
13309,6.7118
13370,37.2762
13310,7.3837
13371,38.4404
13311,6.8802
13372,38.0281
13312,7.6534
13313,6.5487
13373,39.1934
13374,37.5537
13314,7.0295
13375,38.6728
13315,7.3441
13316,6.8703
13376,39.5958
13317,6.9033
13377,37.7420
13378,37.9035
13318,6.5827
13379,37.4011
13319,6.5885
13380,37.9055
13320,7.0657
13381,38.6905
13321,6.6981
13322,6.8112
13382,37.8320
13383,37.6364
13323,7.3808
13324,6.5397
13384,40.3767
13325,7.0655
13385,37.4155
13326,7.0139
13386,39.4504
13387,39.7035
13327,7.0605
13388,38.4266
13328,7.3313
13389,39.4856
13329,6.5897
13390,37.3644
13330,6.7500
13391,36.9195
13331,7.1081
13332,6.9009
13392,38.5066
13393,38.1625
13333,6.6605
13394,38.2732
13334,7.3190
13395,39.0971
13335,6.8105
13336,6.5843
13396,38.0341
13397,38.0958
13337,7.5049
13338,6.7967
13398,39.3619
13339,6.9930
13399,37.5993
13400,37.7284
13340,6.8284
13401,37.4549
13341,7.5540
13342,6.4389
13402,40.3292
13403,36.7774
13343,7.1136
13344,6.5747
13404,38.8141
13405,36.8852
13345,6.6877
13346,6.7318
13406,39.3128
13347,6.7654
13407,37.7403
13348,6.7478
13408,37.8836
13409,37.8906
13349,7.2556
13410,38.6931
13350,6.9410
13411,39.0418
13351,6.9958
13412,38.6325
13352,6.9836
13413,38.2775
13353,7.7697
13354,6.7934
13414,39.4897
13355,6.8158
13415,37.8907
13356,6.8923
13416,38.3184
13417,38.1597
13357,6.9636
13358,6.3987
13418,38.2487
13359,7.0911
13419,37.2186
13420,39.0388
13360,7.2966
13361,6.7278
13421,39.5003
13422,37.6601
13362,7.1923
13363,6.5481
13423,39.1913
13424,38.5566
13364,7.0038
13365,6.9255
13425,39.8255
13366,6.8237
13426,37.8366
13427,38.1824
13367,7.3893
13428,37.9015
13368,6.5614
13369,6.5026
13429,39.0448
13430,37.7427
13370,7.4219
13431,39.1018
13371,7.5158
13432,38.5669
13372,6.7575
13433,37.8361
13373,6.7949
13374,7.1990
13434,38.2057
13435,38.7252
13375,7.0431
13436,38.6765
13376,6.8774
13437,37.7218
13377,6.9447
13378,6.8654
13438,38.3233
13439,38.3413
13379,7.3191
13380,6.8410
13440,38.8459
13381,6.8320
13441,37.8618
13382,6.6691
13442,43.9944
13443,37.6777
13383,7.1134
13444,38.8103
13384,7.0307
13385,6.8186
13445,38.7583
13446,37.8800
13386,7.0396
13447,38.7131
13387,7.3047
13388,6.4348
13448,39.0656
13449,37.7700
13389,6.9180
13390,6.8027
13450,38.0998
13451,38.2634
13391,6.9409
13392,6.7127
13452,38.6325
13393,6.8596
13453,37.5765
13454,38.3236
13394,7.2894
13395,6.7497
13455,39.0547
13396,6.7639
13456,37.5591
13457,37.6829
13397,6.5048
13398,6.7715
13458,38.5139
13459,38.1725
13399,7.4444
13400,6.7776
13460,39.1850
13461,37.7161
13401,6.5895
13402,6.8138
13462,38.2475
13463,38.0553
13403,7.2775
13404,6.4905
13464,39.2269
13465,37.2711
13405,6.9342
13466,37.0796
13406,7.1688
13407,6.7556
13467,39.9123
13468,37.4508
13408,6.9863
13409,6.5332
13469,38.8285
13410,7.2232
13470,37.4061
13471,38.1457
13411,7.4646
13412,6.7593
13472,39.3806
13413,6.7905
13473,37.7947
13414,6.8657
13474,37.7434
13475,37.3304
13415,7.0831
13416,6.7395
13476,39.6993
13417,6.5174
13477,37.4756
13478,37.3583
13418,7.2576
13419,6.4912
13479,38.3611
13420,6.7611
13480,38.6873
13421,6.8358
13481,38.8950
13482,37.7102
13422,6.9187
13483,38.6563
13423,7.6039
13424,6.7505
13484,39.2924
13425,6.8349
13485,37.8347
13486,38.5670
13426,7.1639
13427,6.4727
13487,39.4989
13428,7.1327
13488,37.7132
13429,6.8432
13489,38.0571
13490,38.0840
13430,7.2733
13431,6.4836
13491,39.4476
13432,6.5030
13492,38.2018
13493,37.2007
13433,7.2544
13434,7.0589
13494,38.4895
13495,39.2595
13435,6.9940
13436,6.7892
13496,41.7924
13497,37.1742
13437,6.6334
13498,37.5469
13438,6.4908
13439,6.8318
13499,38.0930
13500,38.3010
13440,6.9931
13441,6.5528
13501,39.1358
13502,37.2260
13442,6.9515
13443,6.7615
13503,39.7506
13444,6.5152
13504,37.4146
13505,37.8235
13445,7.0884
13446,6.7461
13506,39.3020
13507,37.8928
13447,7.0553
13508,37.7611
13448,6.8457
13449,6.9035
13509,38.6507
13510,37.9563
13450,7.0530
13511,38.7887
13451,6.7761
13452,6.8934
13512,38.6030
13513,40.9070
13453,7.5742
13454,6.8040
13514,38.8844
13455,6.8573
13515,38.0164
13516,37.5519
13456,7.0220
13457,6.6688
13517,38.7216
13518,37.6386
13458,7.1829
13459,6.5982
13519,38.9750
13520,37.1282
13460,6.9664
13521,36.7574
13461,6.8037
13462,6.8639
13522,37.9113
13523,38.6354
13463,7.0137
13524,37.3704
13464,7.3214
13525,38.9757
13465,7.4155
13466,6.6750
13526,38.4105
13467,6.4634
13527,38.1376
13468,6.7053
13528,37.3844
13469,6.4927
13529,37.9279
13470,6.5729
13530,37.1920
13531,37.5140
13471,6.6470
13472,7.1385
13532,38.6584
13533,38.4024
13473,7.0254
13474,7.0054
13534,38.8954
13475,6.6672
13535,37.1972
13476,6.7413
13536,36.9709
13477,6.4902
13537,37.0959
13538,36.4146
13478,8.0188
13479,6.9225
13539,39.0458
13540,36.5593
13480,7.4773
13541,37.7395
13481,6.4572
13542,36.1561
13482,6.7161
13543,37.1657
13483,7.0476
13544,37.7761
13484,6.8497
13545,37.2864
13485,7.0821
13546,37.9103
13486,8.3866
13487,6.7041
13547,38.1805
13488,6.7941
13548,36.9474
13489,6.5736
13549,37.1228
13550,36.8892
13490,7.9102
13491,6.7214
13551,38.0863
13552,37.0067
13492,6.6286
13553,37.2872
13493,8.2759
13494,6.7210
13554,38.5887
13495,6.4607
13555,36.7415
13496,6.5998
13556,35.9859
13557,36.6771
13497,7.5682
13498,6.6410
13558,38.2144
13559,36.5399
13499,7.7556
13500,6.9266
13560,37.9425
13561,37.2865
13501,6.9676
13502,6.6390
13562,38.0621
13563,36.7644
13503,8.0317
13504,7.3920
13564,38.5036
13505,6.6535
13565,36.0884
13566,36.2502
13506,8.0828
13507,6.8475
13567,38.5460
13508,6.9608
13568,37.5332
13569,37.0181
13509,7.9085
13570,38.2488
13510,7.3408
13571,38.4625
13511,8.0454
13512,6.9045
13572,38.4496
13513,6.9048
13573,36.6171
13574,36.8931
13514,6.7224
13575,36.8807
13515,7.1121
13576,37.6919
13516,7.9943
13577,37.3043
13517,7.4371
13578,38.1258
13518,9.5689
13519,6.9002
13579,37.9250
13520,6.9988
13580,37.2627
13581,37.9372
13521,7.8247
13522,6.9095
13582,38.1768
13583,36.7180
13523,7.2009
13584,36.9615
13524,7.7536
13585,37.7568
13525,7.4041
13526,6.5316
13586,38.3100
13527,6.6899
13587,36.5298
13588,36.4985
13528,7.9329
13529,6.8864
13589,38.4396
13590,36.7585
13530,7.0332
13591,39.5182
13531,7.0934
13532,6.8437
13592,39.3835
13533,7.2108
13593,36.7594
13594,37.1467
13534,6.6302
13595,36.5767
13535,7.4244
13596,37.9650
13536,6.9656
13597,37.5771
13537,7.2302
13538,6.8973
13598,38.0272
13599,37.1313
13539,6.9533
13600,37.2645
13540,7.2733
13601,36.5505
13541,8.1245
13602,38.4329
13542,9.1111
13543,6.8092
13603,38.1483
13544,6.5492
13604,36.4938
13605,36.2590
13545,6.5145
13606,36.5805
13546,9.2111
13607,38.2092
13547,7.5377
13608,37.5355
13548,9.2607
13549,6.8059
13609,38.6131
13550,6.8829
13610,36.8002
13611,37.1292
13551,6.7395
13612,36.9169
13552,8.5123
13613,38.5364
13553,7.6196
13614,37.9498
13554,9.9782
13555,6.7665
13615,39.3081
13556,6.8180
13616,36.8114
13557,6.5445
13617,37.0244
13618,36.5858
13558,7.6511
13619,37.7300
13559,7.5463
13620,38.3850
13560,8.6889
13561,6.7280
13621,39.1757
13562,6.3628
13622,36.8874
13563,6.4688
13623,35.8210
13624,36.0461
13564,6.8936
13625,37.0375
13565,7.5171
13626,38.3551
13566,7.4264
13567,6.7414
13627,38.1993
13568,6.4145
13628,37.6873
13629,37.0347
13569,6.7595
13570,6.5236
13630,37.5805
13631,37.4408
13571,6.8248
13632,37.8524
13572,7.7770
13573,6.7291
13633,38.0981
13574,6.7774
13634,37.5094
13575,6.5404
13635,36.9274
13636,37.7373
13576,6.7856
13637,37.3574
13577,6.9599
13638,37.7185
13578,7.6273
13579,6.7707
13639,38.3812
13640,36.8196
13580,6.7602
13641,36.7821
13581,6.5604
13642,37.1762
13582,6.8714
13643,37.7074
13583,7.8334
13644,38.1590
13584,7.8200
13645,38.2987
13585,6.7713
13646,36.9217
13586,6.9241
13647,36.8799
13587,6.5182
13648,36.8706
13588,7.1331
13649,38.0026
13589,8.0140
13650,38.6925
13590,7.7497
13651,38.2666
13591,7.5714
13592,6.6717
13652,37.9224
13653,36.5380
13593,6.7467
13594,6.7661
13654,37.6065
13655,37.0690
13595,7.0839
13656,37.7660
13596,7.8810
13657,38.5170
13597,6.7068
13658,37.0394
13598,6.8522
13599,6.7614
13659,37.3888
13600,7.2236
13660,37.0193
13661,37.0760
13601,7.8968
13662,39.5888
13602,6.9933
13663,37.4268
13603,6.8798
13664,37.0088
13604,6.9291
13665,37.6813
13605,6.7811
13666,36.8652
13606,6.9115
13667,37.2062
13607,7.8083
13608,6.7568
13668,38.2454
13609,6.8593
13669,37.2167
13670,36.8147
13610,7.3319
13671,37.3908
13611,6.8905
13612,6.5933
13672,37.8473
13673,36.1677
13613,7.2051
13674,39.0717
13614,6.5385
13675,36.5647
13615,6.5014
13676,36.9068
13616,7.2661
13677,37.8148
13617,6.8576
13678,36.7793
13618,6.9358
13679,37.6580
13619,7.9506
13620,6.8350
13680,37.9068
13621,6.8289
13681,37.2588
13682,36.8533
13622,6.8569
13683,37.2025
13623,7.0180
13684,36.9736
13624,7.6407
13685,38.1108
13625,7.7839
13626,6.9444
13686,39.2050
13627,7.0212
13687,37.1477
13628,6.8954
13688,36.9311
13689,36.9772
13629,7.8169
13690,38.2583
13630,8.0278
13691,39.0736
13631,7.8311
13632,6.5574
13692,38.9777
13633,7.0143
13693,35.9001
13634,6.6760
13694,37.1585
13695,36.9702
13635,7.0427
13696,37.4247
13636,7.8016
13637,6.4076
13697,38.7106
13698,36.3125
13638,6.5290
13699,36.6988
13639,6.7924
13700,37.1979
13640,6.4986
13701,37.5086
13641,6.5249
13702,36.0563
13642,6.9031
13703,37.9378
13643,6.8911
13644,6.3987
13704,38.8862
13645,6.8403
13705,36.4771
13706,36.8266
13646,6.9284
13707,36.7997
13647,7.9674
13648,6.5159
13708,39.3494
13709,36.8199
13649,7.5994
13650,6.7619
13710,38.3284
13651,6.8454
13711,37.5646
13712,37.4522
13652,7.7303
13653,6.7658
13713,38.3083
13654,6.8295
13714,37.1200
13715,37.0769
13655,7.4694
13656,6.7451
13716,37.8742
13717,37.8545
13657,6.8684
13718,37.4857
13658,8.2351
13659,6.8340
13719,38.5020
13720,37.3080
13660,7.2681
13661,6.7342
13721,37.8929
13662,6.7855
13722,37.2547
13663,6.8563
13723,36.7387
13724,36.9660
13664,11.2719
13665,6.5316
13725,38.7697
13666,6.8142
13726,36.4645
13727,36.6990
13667,6.9439
13728,38.1255
13668,7.1623
13729,37.8712
13669,9.3133
13670,6.8971
13730,38.7721
13731,36.7345
13671,6.9441
13732,36.9993
13672,6.5804
13733,36.6953
13673,7.2448
13734,38.0436
13674,6.5739
13735,36.5922
13675,12.1121
13676,6.5198
13736,38.9148
13677,6.9743
13737,36.6008
13678,6.8021
13738,37.1753
13739,36.8237
13679,6.5922
13740,37.4895
13680,12.7797
13681,6.8331
13741,38.7728
13682,6.8242
13742,36.8995
13683,6.5241
13743,36.4753
13744,36.9967
13684,8.3148
13745,37.7270
13685,7.0428
13746,37.1373
13686,12.4579
13687,6.4469
13747,37.6996
13688,6.9034
13748,36.2020
13689,6.8069
13749,37.6495
13750,37.6981
13690,6.9268
13751,37.5096
13691,7.6122
13752,37.7703
13692,8.5034
13693,6.7701
13753,38.2482
13694,6.5273
13754,37.0841
13755,36.6124
13695,6.9494
13756,36.7866
13696,8.5125
13757,38.5052
13697,6.9814
13698,6.6167
13758,37.2622
13759,36.6374
13699,8.0274
13760,37.6947
13700,7.4879
13701,6.7829
13761,37.1691
13762,36.8870
13702,6.6536
13763,37.2151
13703,9.5679
13704,6.7782
13764,37.5499
13765,36.7437
13705,6.9692
13766,37.8450
13706,9.2288
13707,6.7804
13767,39.2599
13708,6.8444
13768,36.6368
13769,36.9697
13709,8.7622
13710,6.8796
13770,37.7262
13711,6.8866
13771,36.2454
13772,36.7430
13712,10.6281
13713,6.7208
13773,38.1924
13714,6.8598
13774,36.2012
13775,36.6678
13715,7.7520
13716,6.8837
13776,38.0365
13777,37.3333
13717,7.0006
13778,36.8334
13718,7.9549
13779,38.0500
13719,6.7802
13780,36.7008
13720,6.8863
13781,37.7116
13721,6.8053
13782,37.0999
13722,6.9818
13783,37.8227
13723,11.6757
13724,6.7336
13784,38.6962
13785,36.5373
13725,6.9333
13786,38.4195
13726,6.9892
13787,36.9195
13727,6.8956
13788,37.2440
13728,7.9254
13729,6.6455
13789,38.4262
13790,36.3685
13730,7.6953
13731,6.9065
13791,38.6082
13792,36.7466
13732,7.4561
13733,6.8408
13793,38.0497
13794,36.9299
13734,7.2267
13795,38.0138
13735,7.9072
13736,6.9386
13796,38.5116
13737,6.9151
13797,38.1547
13798,36.8242
13738,6.9964
13799,37.5102
13739,7.3633
13740,6.9685
13800,38.1050
13801,36.6081
13741,7.9993
13742,6.8480
13802,40.1648
13743,6.7156
13803,36.7042
13804,37.1397
13744,8.0901
13745,6.4527
13805,37.6453
13806,36.5201
13746,7.5534
13807,37.8902
13747,13.2481
13748,6.3943
13808,38.8734
13749,6.7582
13809,36.0072
13750,6.7910
13810,36.6184
13751,7.3961
13811,36.8295
13812,37.2347
13752,7.2184
13813,37.6380
13753,7.0492
13814,37.8412
13754,7.1680
13815,37.2973
13755,7.0686
13816,37.9410
13756,7.2000
13817,37.4813
13757,6.9641
13818,37.9327
13758,7.3405
13819,37.7610
13759,7.0698
13760,6.8935
13820,38.3293
13821,37.1402
13761,6.9988
13762,6.9426
13822,37.6735
13823,37.9484
13763,8.0549
13764,7.0077
13824,38.6859
13825,37.2391
13765,8.4212
13766,6.7642
13826,39.3513
13767,6.7569
13827,36.9710
13768,6.5851
13828,36.1167
13829,37.0073
13769,7.1761
13830,37.5837
13770,7.9062
13831,37.9168
13771,7.2209
13772,6.6751
13832,37.9939
13833,37.4566
13773,6.8369
13834,37.7436
13774,6.9311
13835,37.9694
13775,6.9954
13776,6.9173
13836,38.2348
13837,37.6780
13777,7.1061
13778,6.8953
13838,38.0856
13839,37.0902
13779,7.0615
13840,37.6301
13780,7.0385
13841,38.9637
13781,8.0001
13782,6.6361
13842,38.4408
13783,6.8673
13843,36.6592
13844,36.9391
13784,7.3511
13785,6.9411
13845,37.9705
13846,36.4292
13786,7.8093
13847,38.1066
13787,7.2367
13788,6.9076
13848,37.5205
13849,37.5397
13789,7.1384
13790,6.7097
13850,37.5379
13851,36.8983
13791,7.9951
13792,6.9295
13852,38.3674
13853,37.4068
13793,7.8460
13794,6.7466
13854,38.3608
13795,7.2696
13855,37.4277
13796,7.3696
13856,37.3633
13857,37.0135
13797,8.0388
13858,37.9686
13798,9.3752
13799,6.5522
13859,38.4807
13800,7.0278
13860,36.3631
13801,6.8436
13861,36.8794
13802,7.6337
13862,37.5054
13863,36.8227
13803,8.0902
13864,38.9313
13804,9.9062
13805,6.9105
13865,38.7209
13806,6.8365
13866,37.4770
13807,6.9327
13867,36.7160
13808,7.1946
13868,36.5007
13869,37.3887
13809,7.8368
13870,39.2521
13810,10.2676
13811,6.6927
13871,38.7396
13812,6.8539
13872,36.7391
13813,7.0499
13873,37.1350
13814,6.7536
13874,37.2715
13875,36.8678
13815,7.5071
13876,38.2679
13816,7.3364
13817,6.6921
13877,40.5702
13818,6.8739
13878,36.5088
13819,6.8132
13879,37.6506
13880,36.7009
13820,7.1547
13881,37.6140
13821,7.7783
13882,37.9219
13822,10.2732
13823,6.9970
13883,38.4470
13824,6.8646
13884,36.8224
13825,6.9088
13885,36.7520
13826,6.9376
13886,36.9173
13887,37.4411
13827,8.7849
13828,7.1576
13888,38.5832
13829,6.6240
13889,36.8733
13890,36.3964
13830,6.9900
13831,6.8553
13891,38.2560
13892,36.9909
13832,6.9616
13893,37.3519
13833,8.3809
13834,6.6395
13894,38.8196
13835,6.8708
13895,37.0556
13896,36.6461
13836,7.2034
13837,6.7790
13897,37.9557
13898,36.0612
13838,8.1292
13839,6.8898
13899,38.9794
13840,6.8479
13900,37.3366
13901,37.0209
13841,6.9009
13902,37.2045
13842,6.9234
13903,37.1123
13843,7.0331
13904,38.1380
13844,7.4324
13845,6.6082
13905,38.1444
13906,36.9836
13846,6.9927
13907,37.9968
13847,6.8649
13908,36.9268
13848,7.1171
13909,38.1764
13849,7.1227
13910,37.2533
13850,8.4084
13851,7.0533
13911,39.0443
13852,6.6845
13912,36.7470
13913,37.3901
13853,7.4568
13854,7.1123
13914,37.8840
13855,6.8603
13915,37.0621
13916,37.8053
13856,6.7691
13917,37.6534
13857,6.9543
13918,37.0596
13858,6.9293
13919,37.9434
13859,7.0645
13920,37.8222
13860,7.1367
13921,37.0457
13861,7.1341
13862,6.8768
13922,39.0809
13863,6.9389
13923,36.7420
13924,37.1090
13864,7.9466
13925,38.7236
13865,7.3553
13866,6.8799
13926,37.5080
13927,36.8492
13867,7.0468
13928,37.6897
13868,8.1868
13869,6.8865
13929,38.1071
13870,6.8814
13930,37.1716
13931,36.5881
13871,7.6260
13932,37.9562
13872,7.1054
13873,7.3276
13933,38.5733
13934,38.1915
13874,8.3116
13935,38.6665
13875,10.0813
13876,6.8329
13936,38.1691
13877,6.5384
13937,36.9688
13878,6.8652
13938,36.7092
13879,7.6121
13939,36.9722
13940,36.5374
13880,8.0405
13941,38.5143
13881,10.6295
13882,6.8998
13942,38.1458
13883,6.9116
13943,39.0794
13884,6.9464
13944,37.7192
13885,6.9479
13945,37.0893
13946,37.0344
13886,6.9299
13947,37.3895
13887,8.1735
13888,6.5752
13948,39.0648
13949,37.3348
13889,6.9845
13950,37.5344
13890,7.2639
13891,6.6687
13951,37.1495
13952,36.6799
13892,7.8042
13953,37.9790
13893,7.9533
13894,6.9532
13954,37.9408
13895,6.9622
13955,37.7542
13896,6.8544
13956,38.0500
13897,6.8494
13957,36.8795
13958,36.9696
13898,7.7064
13959,38.0916
13899,7.4315
13960,38.0276
13900,6.9815
13961,36.9437
13901,8.0326
13902,6.4981
13962,38.2750
13963,36.9091
13903,7.2917
13904,6.8900
13964,37.3832
13965,36.8258
13905,8.0784
13906,6.8976
13966,37.9000
13907,6.5505
13967,37.1093
13968,36.5584
13908,6.7764
13969,36.7259
13909,7.3001
13910,6.9103
13970,37.7878
13971,37.3714
13911,7.9809
13912,6.6122
13972,39.2648
13913,6.8267
13973,36.7792
13914,6.7055
13974,37.9722
13975,36.4414
13915,7.7041
13976,37.8077
13916,7.4903
13917,6.5302
13977,37.6613
13978,36.6021
13918,6.7673
13979,36.5141
13919,7.0208
13980,36.7412
13920,7.3491
13981,37.9969
13921,8.3874
13982,38.4700
13922,7.3404
13923,6.4411
13983,38.3470
13984,36.5986
13924,7.0480
13925,6.8081
13985,37.3337
13986,37.5950
13926,7.3942
13987,37.8945
13927,7.7915
13928,6.7883
13988,38.2284
13989,36.8669
13929,6.9895
13930,6.8849
13990,37.6327
13991,37.8085
13931,6.8258
13992,37.4972
13932,8.3089
13933,6.5165
13993,38.5118
13934,6.5702
13994,36.8723
13995,36.2793
13935,6.9742
13996,38.0829
13936,6.8714
13997,36.8822
13937,8.1346
13998,38.1769
13938,7.5182
13999,37.6683
13939,9.9762
13940,6.5035
14000,38.5366
13941,6.9270
14001,37.0503
13942,7.2268
14002,38.0357
14003,36.7447
13943,6.8835
14004,36.6999
13944,11.7455
13945,6.5096
14005,38.4390
13946,6.5838
14006,36.6893
13947,6.8474
14007,36.6020
14008,36.7938
13948,6.6573
14009,37.4714
13949,13.0835
13950,6.7834
14010,38.1302
13951,6.8948
14011,36.8505
13952,6.8984
14012,36.7698
13953,7.1316
14013,36.8260
14014,36.1704
13954,11.5003
14015,38.3427
13955,13.1873
13956,7.8623
14016,38.0715
13957,6.5574
14017,36.7393
13958,7.0081
14018,36.4491
14019,37.4623
13959,13.3304
13960,10.5824
14020,38.5310
14021,36.9063
13961,11.6106
13962,8.3419
14022,37.3478
13963,7.5765
14023,37.0649
14024,36.9441
13964,8.0400
14025,38.3698
13965,7.6042
14026,37.7182
13966,7.2591
14027,37.4025
13967,7.3278
14028,37.7818
13968,7.3179
13969,7.0528
14029,37.3031
13970,6.9314
14030,36.9357
13971,6.7687
14031,37.8929
14032,36.5141
13972,6.5644
14033,37.1904
13973,6.6728
13974,6.4288
14034,37.5471
14035,36.4962
13975,6.5865
14036,37.2472
13976,7.9471
13977,6.5679
14037,38.3891
13978,6.7416
14038,36.7031
14039,37.3707
13979,7.3730
13980,6.7202
14040,38.1241
13981,6.7407
14041,37.3680
14042,37.1567
13982,7.0751
14043,37.8857
13983,7.0151
14044,37.8067
13984,6.8765
14045,37.2884
13985,7.0411
13986,6.8089
14046,38.6963
14047,37.2374
13987,7.1383
14048,37.9472
13988,6.4754
14049,36.5509
13989,6.5156
14050,36.8100
13990,6.5545
14051,36.9121
13991,8.2332
14052,37.8491
13992,7.2102
13993,6.7726
14053,38.2228
14054,37.0346
13994,6.5629
14055,37.2810
13995,7.0212
14056,37.5339
13996,6.7573
14057,37.2982
13997,7.1019
14058,38.1355
13998,8.6409
13999,6.5529
14059,38.2689
14060,36.4893
14000,7.9846
14001,6.7803
14061,38.7992
14002,6.7502
14062,36.7476
14063,36.2372
14003,6.6133
14004,6.5554
14064,37.9040
14065,36.6522
14005,7.7251
14006,6.7125
14066,38.0518
14067,37.1391
14007,7.3331
14008,6.6721
14068,38.4309
14069,36.4546
14009,6.6942
14070,37.3890
14010,7.4240
14011,6.5465
14071,38.3199
14072,36.6776
14012,6.4024
14073,36.2304
14013,7.0824
14074,38.5157
14014,6.6009
14075,37.0572
14015,7.2828
14016,6.5198
14076,38.6769
14077,36.7189
14017,6.6324
14078,37.6363
14018,7.1065
14019,6.2086
14079,38.2408
14020,6.3623
14080,36.1774
14081,37.3046
14021,7.4672
14022,6.5856
14082,39.0082
14083,37.3112
14023,7.3948
14024,6.5442
14084,38.5435
14025,6.2861
14085,36.8210
14086,36.2566
14026,7.6297
14027,6.5983
14087,38.1512
14028,6.3248
14088,36.8768
14089,36.7943
14029,7.8274
14030,6.6314
14090,38.6354
14091,36.9602
14031,7.7644
14032,6.5878
14092,38.2438
14033,6.5638
14093,36.9920
14094,36.7885
14034,7.4827
14035,6.5369
14095,37.7322
14036,6.7032
14096,37.0455
14097,37.0275
14037,7.8172
14038,6.5112
14098,38.8671
14039,6.5511
14099,37.1389
14100,37.1514
14040,6.9618
14041,6.5960
14101,37.5932
14102,37.7932
14042,7.2452
14043,6.5699
14103,37.2303
14044,6.6354
14104,36.9597
14105,37.1254
14045,7.7702
14046,6.5325
14106,38.1303
14047,6.6145
14107,36.7815
14108,37.1865
14048,7.5860
14049,6.6566
14109,38.1664
14110,36.6902
14050,7.7226
14051,6.3202
14111,39.1073
14052,6.5883
14112,36.8889
14113,36.5603
14053,7.4416
14054,6.5767
14114,40.0191
14055,6.6157
14115,36.6027
14116,37.3137
14056,7.7678
14057,6.6238
14117,38.5920
14118,37.2297
14058,6.9509
14119,37.4028
14059,6.5838
14120,37.1900
14060,6.7275
14121,37.9030
14061,8.0612
14062,6.5722
14122,38.3895
14063,6.5932
14123,36.7868
14124,37.1070
14064,7.6379
14065,6.6174
14125,38.1035
14126,36.9826
14066,6.6086
14067,6.4102
14127,38.7454
14128,36.7165
14068,7.8233
14069,6.6422
14129,38.3512
14130,37.4741
14070,6.5034
14071,6.5590
14131,37.3059
14132,37.3884
14072,6.7038
14073,6.4178
14133,37.4405
14134,36.3333
14074,7.9474
14075,6.3635
14135,38.6890
14136,36.5275
14076,7.0483
14077,6.5374
14137,37.7050
14138,37.4911
14078,6.6400
14079,6.6756
14139,37.6028
14140,37.1837
14080,7.9016
14081,6.6114
14141,38.3003
14142,37.7364
14082,6.6871
14143,37.1175
14083,7.0285
14144,37.7414
14084,7.9375
14085,6.5738
14145,38.2391
14086,6.3295
14146,36.8141
14147,36.7558
14087,6.7670
14148,36.5467
14088,7.2506
14089,6.6316
14149,39.1308
14150,37.3553
14090,6.4569
14151,36.8460
14091,7.3812
14152,38.3529
14092,6.3511
14153,36.6946
14093,6.3028
14154,36.6735
14094,6.8530
14155,38.0176
14095,6.7628
14156,37.8835
14096,7.6280
14097,6.7140
14157,38.2710
14158,36.6628
14098,7.2894
14099,6.6114
14159,37.7429
14100,6.6511
14160,37.5368
14161,38.0743
14101,6.3059
14162,37.1423
14102,7.1164
14163,37.8569
14103,8.0279
14164,38.4864
14104,7.8530
14105,6.3066
14165,38.2567
14166,36.3257
14106,6.6291
14107,6.2938
14167,37.3446
14108,6.7465
14168,37.3456
14169,37.1406
14109,7.1626
14170,37.9294
14110,7.5888
14171,37.8319
14111,6.4922
14112,6.2480
14172,37.7142
14173,36.6288
14113,6.8261
14174,37.3194
14114,7.0156
14115,6.5522
14175,38.1757
14116,6.9091
14176,37.1419
14177,37.5129
14117,7.9234
14178,37.7443
14118,7.0102
14119,6.5100
14179,38.1021
14120,6.7838
14180,36.3607
14181,36.9011
14121,7.7680
14182,38.3639
14122,6.7847
14183,37.5384
14123,6.3699
14184,36.2749
14124,6.3656
14185,38.0792
14125,6.8470
14126,6.3530
14186,38.2211
14187,37.1199
14127,6.9421
14128,6.2812
14188,38.2994
14189,36.9382
14129,7.3233
14130,6.2300
14190,38.4022
14131,6.6055
14191,37.2540
14192,36.9731
14132,7.6900
14193,38.5001
14133,6.6374
14134,6.7026
14194,37.9302
14195,37.6860
14135,7.8084
14136,6.3042
14196,38.9454
14197,36.4236
14137,6.7559
14138,6.5306
14198,38.1896
14139,6.3489
14199,37.1881
14200,36.0400
14140,7.5030
14141,6.3232
14201,38.3838
14202,36.7151
14142,7.3666
14203,38.0888
14143,7.6160
14144,6.4998
14204,38.0488
14145,6.3120
14205,37.0675
14146,6.6543
14206,36.3474
14207,37.0870
14147,6.8655
14208,37.6470
14148,8.1936
14149,6.5777
14209,38.3847
14210,37.6739
14150,7.1072
14151,6.2687
14211,38.0693
14212,36.6292
14152,6.6970
14213,37.4298
14153,6.4352
14214,37.3445
14154,7.4084
14215,37.5833
14155,7.0800
14216,37.8345
14156,7.9464
14157,6.3264
14217,38.2378
14218,36.8888
14158,6.8307
14219,37.5403
14159,6.5061
14220,37.3994
14160,6.7684
14221,37.2151
14161,6.6734
14222,37.2671
14162,7.4049
14223,37.6648
14163,6.7230
14224,37.5642
14164,8.2134
14165,6.2968
14225,38.2457
14166,6.5267
14226,36.6627
14167,6.6548
14227,36.9374
14168,6.9389
14228,37.7208
14229,37.5470
14169,7.3362
14230,38.7426
14170,8.8922
14171,6.8797
14231,39.0954
14232,36.5837
14172,6.8290
14233,38.6886
14173,7.2372
14174,6.5429
14234,38.1134
14175,6.5980
14235,36.9415
14176,6.3450
14236,37.5765
14237,36.4484
14177,7.5256
14178,6.3623
14238,37.7627
14239,36.9124
14179,6.5239
14240,37.7264
14180,6.7229
14241,36.7198
14181,7.6734
14182,6.2918
14242,38.8718
14243,36.3836
14183,6.5794
14244,37.7922
14184,6.6564
14245,37.0666
14185,7.8660
14186,6.3359
14246,38.7236
14247,36.4322
14187,6.3343
14248,37.9192
14188,7.0163
14249,37.8300
14189,7.9871
14190,6.5692
14250,38.3027
14191,6.5028
14251,37.5855
14252,37.5039
14192,6.6446
14253,37.6199
14193,6.7049
14254,37.4659
14194,6.9373
14255,36.7823
14195,11.7028
14256,38.9245
14196,8.2405
14257,37.1069
14197,6.3738
14258,37.6244
14198,6.6859
14199,6.3646
14259,37.0539
14260,36.4456
14200,9.9250
14201,7.5025
14261,38.0378
14262,37.3250
14202,8.1326
14263,39.2897
14203,10.1910
14204,6.4928
14264,38.4156
14205,6.2637
14265,37.0942
14206,6.3767
14266,36.9729
14267,37.2735
14207,6.2231
14268,37.0373
14208,6.5300
14209,6.2558
14269,38.7271
14270,36.8429
14210,6.3719
14211,5.8539
14271,37.7422
14272,36.7184
14212,6.2636
14213,5.8711
14273,38.4095
14274,36.4422
14214,7.4051
14275,37.2982
14215,8.0634
14276,38.1871
14216,8.0355
14217,7.8065
14277,39.1158
14278,37.3045
14218,8.1554
14219,7.6562
14279,39.1870
14220,7.6461
14280,37.8252
14281,37.4457
14221,7.7746
14282,37.5826
14222,8.1845
14283,39.4216
14223,8.1062
14224,7.6999
14284,38.5648
14285,36.5093
14225,7.9638
14226,7.6168
14286,38.9496
14227,7.6575
14287,37.5515
14288,36.7333
14228,7.8001
14289,38.6831
14229,8.4481
14230,7.7480
14290,38.5962
14231,7.6175
14291,37.3725
14232,7.6323
14292,37.1936
14293,37.5564
14233,8.0413
14294,39.8887
14234,7.7610
14295,38.1319
14235,8.5462
14236,7.6077
14296,38.8262
14237,7.6601
14297,37.1166
14238,7.6776
14298,37.5515
14299,37.2064
14239,7.7770
14300,38.1049
14240,8.0068
14301,38.7562
14241,7.7007
14302,37.7486
14242,7.7688
14303,37.1883
14243,7.7993
14304,37.5266
14244,7.8572
14305,38.3507
14245,7.9579
14306,37.6451
14246,8.1876
14247,7.7146
14307,38.3284
14308,37.3874
14248,7.8433
14249,7.8134
14309,38.0939
14310,37.5401
14250,8.0073
14311,38.3638
14251,7.6246
14312,37.6082
14252,7.9642
14253,7.6210
14313,38.6928
14314,37.6724
14254,7.6967
14255,7.6301
14315,38.3737
14316,37.5641
14256,7.6312
14317,37.5320
14257,7.6903
14318,37.6812
14258,8.0452
14259,7.6887
14319,38.5645
14320,37.5255
14260,7.6818
14321,37.5769
14261,7.8904
14322,36.9457
14262,7.9541
14263,7.6875
14323,39.5605
14324,37.9356
14264,7.7409
14265,7.7430
14325,38.4161
14266,7.6700
14326,39.1965
14327,36.9560
14267,7.7323
14328,38.5338
14268,8.0072
14269,7.6406
14329,39.0448
14330,37.2711
14270,7.9926
14271,7.6420
14331,38.4695
14332,37.2438
14272,7.6774
14333,38.3313
14273,7.7758
14334,38.0088
14274,8.0702
14275,7.5927
14335,39.1501
14336,36.6213
14276,7.7398
14277,7.6333
14337,38.0239
14338,37.9678
14278,7.7505
14339,38.9977
14279,7.7106
14340,38.9663
14280,7.9535
14281,7.6351
14341,38.6752
14282,7.6655
14342,37.0249
14343,37.6104
14283,7.6214
14344,37.5899
14284,7.7723
14345,37.3124
14285,7.5966
14346,38.2068
14286,7.6274
14287,7.5443
14347,37.9464
14348,36.7326
14288,7.9067
14289,7.5438
14349,39.4291
14290,7.7778
14350,37.7255
14351,37.4439
14291,8.0634
14292,7.5471
14352,38.5547
14353,37.4834
14293,7.5820
14354,37.3987
14294,7.7488
14355,37.8147
14295,7.6578
14356,37.6294
14296,7.8760
14357,38.3728
14297,7.6466
14298,7.6237
14358,38.7325
14359,37.5811
14299,7.6691
14360,37.6074
14300,8.0224
14301,7.6233
14361,38.3936
14362,37.1987
14302,7.9323
14303,7.6143
14363,39.4326
14304,7.6020
14364,37.0811
14365,37.6793
14305,7.8773
14366,38.8162
14306,7.6565
14307,7.5881
14367,38.4685
14368,37.3254
14308,7.8321
14309,7.6331
14369,39.5229
14310,7.6207
14370,38.0309
14371,36.9962
14311,7.6692
14312,7.5620
14372,38.4089
14373,37.7231
14313,7.7515
14374,38.2762
14314,7.6008
14315,7.4744
14375,39.5376
14316,7.6151
14376,37.7671
14317,7.4426
14377,39.2532
14318,7.5292
14378,37.9690
14379,38.1369
14319,7.7714
14380,38.5157
14320,8.0199
14321,7.6442
14381,39.3553
14322,7.5621
14382,38.6799
14323,7.5378
14383,38.1783
14324,7.6065
14384,37.9721
14385,39.1394
14325,8.2043
14386,37.9330
14326,7.8530
14327,7.5771
14387,40.2905
14328,7.5248
14388,38.4748
14329,7.4407
14389,38.0573
14330,7.5192
14390,38.0884
14391,38.8582
14331,7.5966
14392,37.9187
14332,7.7309
14333,7.4771
14393,40.3617
14334,7.4712
14394,38.9369
14335,7.4030
14395,38.0550
14336,7.4800
14396,38.0328
14397,38.7700
14337,7.5313
14398,37.9367
14338,8.1601
14339,7.5310
14399,39.3772
14340,7.4205
14400,38.8517
14341,7.4145
14401,38.0931
14342,7.4472
14402,38.9550
14343,7.4799
14403,38.5961
14404,37.4568
14344,7.7447
14345,7.9521
14405,39.8236
14346,7.5158
14406,38.0686
14347,7.4867
14407,37.8786
14348,7.4200
14408,37.6014
14409,37.4042
14349,7.8407
14410,39.4565
14350,7.8730
14351,6.9069
14411,39.5441
14412,37.9549
14352,6.9758
14353,6.9028
14413,37.9382
14354,6.8827
14414,38.0428
14415,38.4229
14355,7.0721
14356,6.9515
14416,39.2236
14357,6.8347
14417,38.6590
14358,6.8576
14418,38.4760
14419,37.7885
14359,6.9473
14420,38.8428
14360,6.9556
14421,38.8518
14361,6.8573
14362,6.8712
14422,38.5551
14363,6.8448
14423,38.7948
14364,6.9101
14424,38.2209
14425,37.1905
14365,6.8176
14426,39.7756
14366,7.0151
14427,38.6858
14367,6.9888
14368,6.8946
14428,38.6735
14429,37.9304
14369,6.9066
14370,6.9785
14430,38.9961
14431,38.4817
14371,7.0202
14432,38.2167
14372,7.0126
14433,39.6673
14373,7.0227
14374,6.8445
14434,38.5250
14375,6.8326
14435,38.4573
14376,6.8623
14436,37.8381
14377,7.1726
14437,38.0148
14438,38.1106
14378,6.9938
14439,39.7231
14379,6.9944
14380,6.9612
14440,37.9723
14441,38.1927
14381,6.8844
14382,6.8709
14442,38.7417
14443,38.1678
14383,6.9013
14444,38.1959
14384,6.9182
14385,6.7987
14445,39.2917
14386,6.8910
14446,38.7807
14387,6.8166
14447,45.0253
14388,7.0397
14448,37.9127
14449,37.6571
14389,6.8578
14390,7.0908
14450,39.3316
14451,38.6203
14391,7.2228
14452,39.9321
14392,6.9925
14393,6.8702
14453,40.1092
14394,7.0026
14454,38.4210
14455,37.8981
14395,7.0128
14396,6.8037
14456,39.0135
14397,6.9179
14457,38.1407
14458,38.5769
14398,6.8565
14399,6.8927
14459,38.3943
14400,6.7964
14460,39.4074
14461,38.7377
14401,6.8347
14402,6.8506
14462,39.1882
14403,6.9182
14463,39.2460
14464,40.6194
14404,6.8830
14405,6.8572
14465,38.5577
14466,38.5290
14406,6.8116
14467,38.3321
14407,7.0408
14408,6.8300
14468,39.4882
14469,38.1048
14409,6.8599
14410,6.7951
14470,39.6039
14411,6.8978
14471,38.3182
14472,38.4230
14412,7.0018
14413,6.7660
14473,38.9673
14474,37.7795
14414,6.9793
14415,6.8983
14475,38.8534
14476,38.9469
14416,7.1104
14417,6.8280
14477,39.9849
14418,6.9115
14478,38.3150
14479,38.4835
14419,7.1874
14420,6.8549
14480,39.6320
14421,6.8555
14481,37.6669
14422,6.9710
14482,37.8429
14483,38.1590
14423,7.1619
14424,6.8017
14484,39.1154
14485,37.4955
14425,7.1332
14486,39.4045
14426,7.0399
14427,6.8331
14487,40.5044
14428,6.8121
14488,38.5161
14429,6.8852
14489,38.6757
14490,38.1362
14430,7.0803
14431,6.8571
14491,38.4936
14492,37.6864
14432,7.1052
14433,6.7658
14493,40.5531
14434,6.8944
14494,37.9973
14495,38.6339
14435,6.9445
14436,6.8744
14496,39.1693
14497,38.3612
14437,6.9386
14498,38.4010
14438,6.9818
14439,6.8301
14499,39.6482
14440,6.9586
14500,38.7440
14501,37.8104
14441,7.1414
14442,6.7915
14502,39.9349
14443,6.8654
14503,38.1930
14504,39.2966
14444,6.8598
14505,38.1399
14445,6.8832
14506,38.4039
14446,6.9366
14447,6.9116
14507,40.2590
14508,38.0758
14448,6.8044
14449,6.8339
14509,38.3299
14510,38.4333
14450,6.9620
14511,37.7612
14451,6.8997
14512,38.4752
14452,7.0980
14513,39.1086
14453,7.1545
14454,6.8632
14514,39.7424
14455,6.7116
14515,39.0290
14456,6.7837
14516,38.0737
14457,6.8457
14517,38.0726
14518,37.4206
14458,7.0767
14519,39.1409
14459,7.1243
14460,6.8029
14520,39.9920
14461,6.7409
14521,37.9574
14462,6.7499
14522,38.1482
14523,37.6168
14463,6.7842
14524,38.3110
14464,7.1272
14525,38.5246
14465,6.8686
14526,39.3961
14466,6.8397
14467,6.7775
14527,38.2290
14468,6.7229
14528,40.1622
14469,6.9042
14529,37.8001
14530,38.3910
14470,7.1661
14531,39.3621
14471,7.0770
14472,6.9080
14532,39.1748
14533,37.6102
14473,7.0672
14474,6.8214
14534,39.4254
14475,6.8833
14535,38.0564
14536,37.7395
14476,6.8288
14477,6.7574
14537,40.2527
14478,6.9041
14538,37.5242
14539,37.6582
14479,7.0117
14480,6.8204
14540,39.4443
14541,37.6189
14481,7.1157
14482,6.7986
14542,39.1253
14543,38.5599
14483,6.9208
14484,6.7451
14544,38.9584
14485,6.8675
14545,37.5975
14546,37.4515
14486,7.1761
14547,39.0992
14487,6.7819
14488,6.8639
14548,38.8871
14549,38.0181
14489,6.9685
14490,6.8540
14550,37.8384
14491,6.9981
14551,38.0680
14552,38.1313
14492,7.0840
14493,6.7674
14553,39.1680
14554,38.3447
14494,7.0103
14495,6.8364
14555,38.8277
14556,37.4664
14496,7.2458
14557,40.7112
14497,6.9064
14498,6.8508
14558,39.3322
14499,6.7984
14559,38.3759
14500,6.9256
14560,38.4573
14561,38.4665
14501,7.0722
14562,38.6611
14502,7.0397
14503,6.7700
14563,38.9480
14504,6.8506
14564,37.6262
14565,38.4425
14505,6.9270
14566,38.4022
14506,6.7859
14567,38.3443
14507,6.8928
14568,39.2924
14508,6.8792
14509,6.7845
14569,39.6561
14570,37.6337
14510,6.8689
14511,6.8869
14571,38.7564
14512,7.0422
14572,37.9752
14573,38.4733
14513,6.9617
14514,7.0103
14574,39.7083
14575,38.3977
14515,6.9294
14576,39.3069
14516,7.1606
14577,38.1688
14517,6.9526
14518,6.9873
14578,37.9826
14579,38.7829
14519,7.1761
14580,38.4779
14520,6.9194
14521,6.7598
14581,40.6347
14522,6.7857
14582,38.0398
14583,37.5493
14523,7.0935
14524,6.7536
14584,40.1500
14585,38.6765
14525,6.8233
14586,38.1425
14526,7.0529
14527,6.8032
14587,39.7541
14528,6.8449
14588,38.6379
14589,38.4138
14529,6.8229
14590,38.7077
14530,6.9193
14591,38.5647
14531,6.8220
14532,6.8004
14592,39.2393
14533,6.7364
14593,38.5204
14534,6.9486
14594,38.0652
14595,39.8722
14535,6.8346
14596,38.6900
14536,7.1603
14537,6.7539
14597,40.1500
14538,6.7755
14598,38.1129
14539,6.8533
14599,38.2725
14600,38.4207
14540,7.0101
14601,38.8335
14541,6.8511
14542,6.7540
14602,39.6186
14603,37.8974
14543,6.9131
14544,6.7582
14604,38.1980
14545,7.1315
14605,37.9937
14606,38.6664
14546,6.9151
14547,6.9190
14607,40.7727
14608,38.2161
14548,7.1025
14549,6.8292
14609,39.7492
14550,6.7226
14610,38.0605
14551,7.0822
14611,38.3368
14612,38.4657
14552,6.9919
14613,39.1009
14553,7.0514
14614,39.0360
14554,6.9619
14555,6.8110
14615,37.8414
14556,6.7873
14616,38.5190
14617,37.8253
14557,6.9984
14618,38.8714
14558,7.1487
14619,39.4276
14559,6.8682
14560,6.8218
14620,39.3300
14561,6.8008
14621,38.2623
14562,6.9772
14622,38.0634
14623,38.1776
14563,6.9231
14564,6.8432
14624,40.4901
14565,7.0125
14625,38.2923
14566,6.8923
14626,39.0267
14567,7.0031
14627,37.8756
14628,38.2271
14568,6.9545
14569,6.7796
14629,39.4538
14630,37.2269
14570,6.8945
14571,7.0150
14631,38.7120
14572,6.9671
14632,39.1909
14633,38.9480
14573,7.1612
14574,6.8365
14634,39.3214
14575,6.8178
14635,37.9876
14636,38.8815
14576,6.8777
14637,38.9624
14577,7.0870
14638,38.7167
14578,7.0675
14639,39.5157
14579,6.8497
14580,6.8686
14640,39.1045
14581,6.7993
14641,39.4035
14582,6.9378
14642,38.0957
14643,38.1216
14583,7.1849
14584,6.8556
14644,40.3513
14585,6.8142
14645,38.1357
14586,6.8600
14646,40.2233
14587,6.9334
14647,38.1758
14648,37.9355
14588,6.8518
14589,6.7197
14649,39.6263
14590,6.8140
14650,37.7784
14651,38.1160
14591,7.2950
14592,6.8307
14652,40.2277
14593,7.0024
14653,38.4454
14654,38.7138
14594,7.2233
14595,6.9384
14655,39.0352
14596,6.8703
14656,38.4010
14597,6.7947
14657,39.1614
14658,38.1929
14598,7.0235
14659,38.2776
14599,7.1856
14660,40.2910
14600,6.8585
14601,6.8702
14661,39.4235
14602,6.8333
14662,38.2829
14603,6.8643
14663,38.5525
14664,41.4037
14604,7.0136
14665,39.0836
14605,6.9205
14666,38.5031
14606,7.1292
14607,6.8088
14667,40.5050
14608,6.9466
14668,38.3583
14669,38.0042
14609,6.9453
14610,6.7975
14670,39.6247
14611,6.8675
14671,37.8880
14612,6.7766
14672,38.5609
14613,6.7955
14673,37.9124
14614,6.8924
14674,38.7970
14675,37.6457
14615,7.0931
14616,6.8288
14676,40.0117
14677,38.5078
14617,7.0794
14678,38.0831
14618,6.8789
14619,6.8737
14679,40.4931
14680,37.9933
14620,7.1031
14681,40.7446
14621,6.9343
14622,6.8422
14682,38.6444
14623,6.9467
14683,37.7737
14684,38.2517
14624,7.2105
14625,6.7906
14685,39.0894
14626,6.7861
14686,38.0572
14687,37.9399
14627,7.0193
14628,6.8192
14688,38.9442
14629,6.9357
14689,39.1770
14690,38.0283
14630,7.1418
14631,6.7646
14691,39.3517
14632,6.8695
14692,38.9974
14693,38.4354
14633,7.0902
14634,6.9223
14694,39.6174
14695,38.0380
14635,7.1455
14696,40.3337
14636,6.8025
14637,6.7619
14697,39.0432
14698,37.8991
14638,6.9339
14639,6.8362
14699,38.1271
14700,37.8757
14640,6.8968
14701,39.9407
14641,6.9479
14702,38.8960
14642,6.9277
14643,6.7440
14703,39.6788
14704,37.8616
14644,7.0040
14705,38.2947
14645,6.8574
14706,39.6215
14646,6.7876
14707,38.1113
14647,7.0695
14648,6.8086
14708,39.1643
14649,6.8702
14709,38.2172
14710,38.7463
14650,6.9465
14651,6.8965
14711,39.1419
14712,37.8262
14652,6.9314
14653,6.7511
14713,39.2470
14654,6.7796
14714,37.8660
14715,38.4237
14655,6.8161
14656,6.9486
14716,39.3952
14717,38.0787
14657,7.1182
14658,6.8466
14718,40.9602
14719,38.6498
14659,7.0337
14660,6.8490
14720,39.9756
14661,6.8897
14721,38.6252
14722,38.4859
14662,6.8804
14723,39.1676
14663,7.1038
14664,6.8142
14724,39.1755
14665,6.8500
14725,38.3260
14666,6.9329
14726,38.4470
14727,38.7222
14667,6.9031
14728,38.4481
14668,6.8780
14729,39.4407
14669,6.8523
14670,6.7477
14730,39.4266
14731,37.2416
14671,6.9522
14672,6.8254
14732,41.2366
14673,6.9236
14733,38.5622
14734,37.9361
14674,7.0984
14675,6.8688
14735,39.4324
14736,38.7917
14676,6.8519
14737,38.7104
14677,6.9588
14678,6.8263
14738,39.6996
14739,37.8582
14679,7.0142
14740,37.8445
14680,6.9272
14681,6.7913
14741,39.3437
14682,6.8437
14742,37.8149
14743,38.3848
14683,6.8961
14684,6.9328
14744,39.1795
14745,38.2505
14685,6.8992
14686,6.8725
14746,39.8377
14687,6.7646
14747,38.7657
14688,6.8110
14748,38.4311
14689,6.9042
14749,38.0477
14750,38.1584
14690,7.0232
14751,39.4834
14691,6.8694
14692,6.8255
14752,39.2821
14693,6.7862
14753,39.2171
14694,6.7475
14754,37.7185
14695,6.8558
14755,37.7508
14756,37.7632
14696,7.0368
14697,6.8386
14757,39.6734
14698,6.8448
14758,37.9571
14759,38.1868
14699,6.8609
14700,7.0911
14760,39.0033
14761,38.8051
14701,7.3859
14702,6.7820
14762,39.0123
14703,6.8586
14763,38.2621
14704,6.9057
14764,37.9024
14765,38.5642
14705,6.9609
14766,37.8886
14706,6.7814
14707,6.8004
14767,38.7249
14768,38.0276
14708,6.8747
14769,38.3031
14709,6.8397
14770,38.9222
14710,6.8369
14771,38.5087
14711,7.0679
14712,6.8564
14772,39.0327
14773,38.3658
14713,7.0395
14774,39.2082
14714,7.0763
14715,6.8244
14775,39.2324
14716,6.8130
14776,38.3845
14777,37.9667
14717,6.9361
14778,38.9264
14718,6.8594
14779,38.0834
14719,7.0507
14780,39.5335
14720,6.8957
14721,6.8489
14781,40.0510
14722,6.8158
14782,38.9203
14723,6.9275
14783,39.1226
14784,38.0809
14724,7.0789
14785,39.1493
14725,6.7935
14726,6.8695
14786,39.2331
14787,37.8550
14727,6.8361
14788,38.5854
14728,7.1416
14789,39.0582
14729,7.1349
14790,38.2806
14730,6.8494
14791,39.4709
14731,6.9111
14792,37.8871
14732,7.0278
14733,6.7895
14793,39.5112
14734,6.8088
14794,38.5478
14735,6.9378
14795,38.7304
14796,37.5260
14736,6.9156
14737,6.8820
14797,40.7366
14798,38.6796
14738,7.0083
14739,6.9582
14799,38.5587
14800,38.6652
14740,7.0069
14801,38.4797
14741,6.8292
14742,6.9147
14802,39.7252
14803,38.4607
14743,6.8384
14744,6.9044
14804,38.5541
14805,38.4689
14745,7.1416
14806,38.3719
14746,6.9433
14807,38.5488
14747,6.9133
14748,6.7863
14808,39.4774
14749,6.9197
14809,38.3472
14750,6.9084
14810,38.0460
14811,38.0167
14751,6.9334
14752,7.0238
14812,39.0238
14813,37.4990
14753,6.8457
14814,38.7792
14754,6.9360
14755,6.6701
14815,38.5816
14756,6.8489
14816,37.8509
14757,6.7904
14817,37.5239
14818,38.8732
14758,7.1525
14819,37.6473
14759,7.0547
14760,6.8854
14820,39.5920
14761,6.8033
14821,38.0941
14762,6.8925
14822,37.9668
14823,37.7396
14763,6.7355
14824,37.6388
14764,6.9556
14825,37.8362
14765,6.9593
14766,6.7095
14826,39.4591
14767,6.7927
14827,38.2448
14828,37.9970
14768,6.9137
14829,38.4070
14769,6.7202
14830,38.6788
14770,7.0534
14831,40.2034
14771,7.0172
14832,39.0884
14772,7.1428
14773,6.7212
14833,39.2438
14774,6.7444
14834,37.5108
14775,6.9774
14835,38.3436
14836,38.3539
14776,7.0283
14777,6.8495
14837,39.1519
14778,6.7984
14838,38.5449
14839,38.3956
14779,6.9264
14840,39.6913
14780,6.9010
14841,37.3910
14781,6.8466
14842,39.3852
14782,6.8309
14783,6.7889
14843,38.8696
14844,36.9730
14784,7.0722
14845,38.9251
14785,6.9417
14786,6.9614
14846,38.5665
14847,38.6509
14787,6.9041
14848,38.7882
14788,7.0782
14789,6.8834
14849,38.9608
14850,37.8263
14790,7.1027
14851,38.2325
14791,7.0203
14852,39.3717
14792,6.9871
14853,38.6609
14793,7.1371
14794,7.0161
14854,39.0521
14795,6.9235
14855,38.8952
14856,38.5601
14796,7.0625
14797,6.9389
14857,39.8229
14858,38.2566
14798,7.1438
14799,6.8480
14859,39.9468
14860,37.5546
14800,6.9073
14861,37.8236
14801,7.1152
14862,39.1714
14802,7.0083
14803,6.8060
14863,38.4449
14864,37.7392
14804,6.8307
14865,38.5202
14805,6.9491
14866,38.5379
14806,7.1314
14867,39.6418
14807,6.8384
14868,38.3683
14808,7.1424
14869,39.7978
14809,6.8894
14810,6.8813
14870,38.0396
14871,37.6491
14811,6.9198
14812,6.9889
14872,39.6232
14873,39.5737
14813,7.0924
14874,39.3497
14814,6.9440
14815,6.6697
14875,38.6639
14816,6.8738
14876,37.4385
14877,37.7704
14817,7.0107
14878,38.0341
14818,7.0372
14879,39.0917
14819,6.8488
14880,38.3530
14820,6.9256
14821,6.8471
14881,40.3909
14822,6.8750
14882,37.9783
14823,7.0180
14883,38.3620
14884,38.1445
14824,6.8962
14885,38.3621
14825,7.1443
14886,39.1033
14826,7.2134
14887,39.1753
14827,7.2363
14828,6.8442
14888,39.9421
14829,6.7476
14889,37.6736
14830,6.9741
14890,38.5817
14831,6.8892
14891,38.3901
14892,37.6485
14832,7.1160
14893,38.7443
14833,7.3249
14834,6.8760
14894,39.2882
14835,6.7954
14895,38.7150
14836,6.8516
14896,38.2829
14837,6.8394
14897,38.2723
14898,38.8484
14838,7.0056
14899,37.5580
14839,6.8909
14900,39.2715
14840,6.9560
14841,6.7601
14901,37.9676
14902,37.7326
14842,6.9973
14843,6.8079
14903,39.0422
14904,37.4911
14844,7.0901
14845,6.8809
14905,38.8536
14906,37.9386
14846,6.9165
14847,6.7850
14907,40.0495
14848,6.9010
14908,37.8493
14909,37.8675
14849,6.9414
14850,6.9036
14910,39.9100
14851,6.7376
14911,42.2436
14852,6.8928
14912,37.9299
14913,38.9333
14853,7.0988
14854,6.8205
14914,39.4162
14855,6.7917
14915,38.1366
14916,37.4766
14856,6.8652
14857,6.8437
14917,39.5162
14858,6.8567
14918,38.4896
14919,38.6855
14859,7.0937
14860,6.7775
14920,40.0035
14861,6.7983
14921,38.0258
14922,37.9696
14862,6.9914
14863,6.8706
14923,38.7192
14924,37.9856
14864,7.0595
14925,39.3459
14865,6.8716
14866,6.8195
14926,40.0274
14867,6.7431
14927,37.8800
14928,37.7825
14868,6.9302
14929,39.7199
14869,7.1471
14870,6.7986
14930,39.9755
14931,38.1564
14871,6.8813
14872,6.8183
14932,38.5511
14933,37.7003
14873,7.0736
14874,6.9495
14934,40.3659
14935,38.7903
14875,7.0621
14876,6.8257
14936,41.0359
14877,6.7890
14937,39.1338
14878,6.8172
14938,37.9015
14879,6.9167
14939,38.7195
14940,38.3790
14880,6.9507
14941,39.2037
14881,7.1831
14882,6.9080
14942,39.6816
14883,6.8128
14943,38.7834
14884,6.8055
14944,37.7859
14885,6.8736
14945,37.8739
14946,37.7148
14886,6.8964
14887,6.8939
14947,39.2616
14948,38.3544
14888,6.9945
14949,38.7418
14889,6.8727
14950,38.1125
14890,7.0421
14951,39.3841
14891,6.7872
14952,38.8688
14892,6.9969
14953,38.8502
14893,7.0049
14894,6.7379
14954,38.6644
14895,6.7513
14955,38.2130
14956,38.0205
14896,6.8726
14957,39.0098
14897,6.7982
14958,39.2598
14898,6.9133
14959,38.4237
14899,6.8942
14960,38.5137
14900,6.8123
14961,38.6373
14901,6.9126
14962,37.8886
14902,7.0089
14963,38.6742
14903,6.9747
14904,6.9006
14964,39.3365
14965,38.9399
14905,6.7748
14966,38.4742
14906,6.8644
14967,39.6074
14907,7.0996
14968,38.0196
14908,6.9123
14969,38.5029
14909,6.9697
14910,6.7675
14970,39.8944
14911,6.8317
14971,38.3326
14912,6.9337
14972,38.5017
14973,38.3276
14913,7.0792
14914,6.9090
14974,39.1838
14975,38.4788
14915,7.1522
14916,6.7961
14976,40.3296
14917,6.8843
14977,39.0768
14978,38.1159
14918,6.8682
14919,6.9271
14979,38.8372
14980,38.2560
14920,6.8473
14921,6.8724
14981,39.1383
14982,38.1397
14922,7.0059
14923,6.8175
14983,38.5454
14984,37.9951
14924,6.8536
14985,39.0877
14925,6.8439
14986,38.6323
14926,6.9330
14987,38.6997
14927,7.2129
14928,6.8348
14988,39.6094
14989,38.3463
14929,6.9056
14930,6.8090
14990,39.0869
14991,38.5352
14931,7.0062
14992,39.2490
14932,6.8322
14993,39.2133
14933,6.9484
14994,39.0583
14934,7.0632
14935,6.8906
14995,40.3491
14996,38.2365
14936,6.7895
14937,6.8393
14997,38.3846
14998,37.9384
14938,7.1211
14999,39.0781
14939,7.1289
15000,39.5075
14940,7.1769
14941,6.9291
15001,39.4053
14942,6.8505
15002,38.1861
15003,38.8939
14943,7.1907
14944,6.8256
15004,38.7653
14945,6.9233
15005,38.8656
15006,38.8070
14946,6.8818
15007,38.9245
14947,6.9908
15008,38.2104
14948,7.0357
14949,6.9006
15009,39.4819
15010,38.3064
14950,6.9417
15011,39.1773
14951,6.8216
15012,38.3598
14952,6.8483
14953,6.8653
15013,38.7379
15014,37.8552
14954,7.2985
14955,6.8581
15015,40.2360
14956,6.7876
15016,38.0570
15017,37.8979
14957,6.9119
15018,39.4374
14958,6.9368
14959,6.9144
15019,38.7917
15020,38.2504
14960,7.2180
14961,6.8946
15021,39.4239
14962,6.8372
15022,38.7370
14963,6.8463
15023,37.9949
15024,38.1857
14964,7.1576
14965,6.8922
15025,39.4925
15026,37.7591
14966,6.9834
15027,39.6636
14967,7.1662
14968,6.9289
15028,38.5521
15029,37.8547
14969,7.0847
15030,38.6826
14970,7.1074
14971,6.9953
15031,38.9073
15032,38.0557
14972,6.8882
14973,7.2501
15033,38.7937
15034,38.4542
14974,7.0151
15035,39.0035
14975,6.8820
15036,38.3267
14976,6.9167
15037,38.9753
14977,6.8886
14978,6.9195
15038,38.5857
15039,37.3807
14979,6.9439
15040,39.1912
14980,7.1461
14981,6.8375
15041,38.3903
14982,6.8532
15042,38.1313
15043,37.8417
14983,7.0502
14984,6.9514
15044,39.4883
15045,37.8263
14985,7.1296
14986,6.8842
15046,40.1617
15047,38.0865
14987,7.0078
15048,38.6538
14988,7.0607
15049,39.1614
14989,6.8136
15050,39.7639
14990,6.9078
15051,38.8574
14991,7.0185
14992,6.8146
15052,39.4842
14993,6.8461
15053,37.7964
15054,37.7522
14994,6.9144
14995,6.8967
15055,39.6388
15056,39.2765
14996,6.9002
14997,6.8084
15057,39.3426
15058,38.3425
14998,6.9020
14999,6.8471
15059,38.5345
15060,38.4302
15000,6.8800
15001,6.7928
15061,39.4475
15062,37.8804
15002,6.8587
15063,38.8094
15003,6.8605
15004,6.6992
15064,38.9943
15005,6.9962
15065,37.9189
15066,39.5181
15006,6.9022
15067,40.1512
15007,6.8662
15008,6.8377
15068,38.7125
15009,6.7278
15069,38.0958
15070,38.1628
15010,6.7807
15071,39.2211
15011,6.8489
15072,38.5978
15012,6.8896
15013,6.7885
15073,39.3127
15014,6.8302
15074,39.1123
15015,6.7634
15075,38.4959
15076,38.2882
15016,6.8281
15077,39.3014
15017,7.0009
15078,38.5518
15018,7.0445
15019,6.8703
15079,39.4786
15080,38.5473
15020,6.8279
15081,38.9981
15021,6.9965
15022,6.7313
15082,38.8285
15083,37.9140
15023,6.8453
15084,39.4401
15024,6.9832
15085,38.0763
15025,6.9029
15086,39.3461
15026,7.0698
15027,6.8113
15087,39.1571
15028,6.8020
15088,39.0383
15089,38.6059
15029,6.8924
15030,6.7411
15090,39.4382
15091,38.0027
15031,6.9374
15092,38.5076
15032,7.1357
15033,6.8188
15093,38.9787
15034,6.7069
15094,38.6690
15095,38.3510
15035,7.1246
15036,6.8356
15096,39.5511
15037,6.9143
15097,38.0750
15098,37.9902
15038,6.8912
15039,6.8948
15099,38.5534
15040,6.7817
15100,38.1206
15101,38.7018
15041,6.8931
15042,6.7674
15102,40.3988
15103,38.5444
15043,6.8102
15104,38.3580
15044,6.8608
15045,6.8002
15105,39.5306
15106,37.8762
15046,6.9223
15107,39.3483
15047,7.0150
15048,6.8063
15108,39.6783
15049,6.8797
15109,38.3222
15110,38.3824
15050,7.0304
15051,6.7436
15111,38.7934
15112,38.3869
15052,6.7773
15113,38.4718
15053,7.1116
15054,6.7720
15114,39.8598
15115,37.9943
15055,6.9562
15116,38.6222
15056,7.1325
15117,39.9151
15057,6.9236
15058,6.8012
15118,38.1485
15119,38.2884
15059,6.8713
15060,6.7538
15120,39.2486
15061,6.8793
15121,38.0749
15122,37.8480
15062,6.7487
15063,6.8872
15123,38.8970
15124,38.1186
15064,7.1081
15125,39.4075
15065,7.2610
15066,6.7873
15126,40.0733
15067,6.8569
15127,38.5033
15068,6.8231
15128,38.4353
15069,6.9284
15129,38.9855
15130,38.8305
15070,6.9415
15131,38.9613
15071,7.1078
15072,6.9609
15132,40.8737
15133,37.8953
15073,6.9875
15134,38.1757
15074,7.0441
15075,6.8627
15135,38.3894
15076,6.8576
15136,38.1092
15137,38.0715
15077,6.9929
15138,39.3191
15078,6.9612
15139,38.5126
15079,6.8395
15080,6.8919
15140,38.7787
15141,38.3064
15081,6.9070
15082,6.9169
15142,38.7645
15143,38.5420
15083,6.8177
15144,38.9021
15084,6.9663
15145,38.5981
15085,7.0401
15146,38.7985
15086,6.9328
15147,39.0824
15087,6.9363
15088,6.8392
15148,39.1043
15149,38.0480
15089,6.8529
15090,6.8153
15150,38.7005
15091,6.8141
15151,38.1235
15152,38.6561
15092,6.8627
15093,6.7727
15153,39.1011
15154,38.3120
15094,7.0527
15155,39.4619
15095,6.8068
15156,38.3759
15096,6.8237
15097,6.8469
15157,38.9812
15158,38.7553
15098,7.1255
15099,6.7398
15159,39.3387
15100,6.8429
15160,38.2416
15161,38.3191
15101,7.0951
15102,6.7476
15162,39.5110
15103,6.7612
15163,37.8988
15164,37.9130
15104,6.9214
15105,6.7425
15165,39.1683
15166,37.7002
15106,6.8303
15107,6.7763
15167,39.0206
15108,6.9268
15168,37.9569
15169,38.2528
15109,6.7872
15170,39.6889
15110,7.0930
15111,6.7257
15171,39.1469
15172,38.0026
15112,6.8678
15113,6.9200
15173,38.0256
15114,6.8832
15174,38.3719
15175,37.7367
15115,7.0687
15176,38.9734
15116,7.1492
15117,6.8805
15177,39.3777
15118,6.7863
15178,38.5157
15119,6.8271
15179,38.1348
15120,6.7215
15180,39.0093
15121,6.7810
15181,38.1280
15182,37.6716
15122,6.9001
15183,39.6137
15123,7.0535
15184,38.4223
15124,6.7840
15185,39.0909
15125,7.1037
15126,6.8089
15186,39.4927
15127,6.8265
15187,39.4724
15128,6.8103
15188,38.2405
15189,38.1627
15129,6.9264
15190,38.1499
15130,7.2106
15191,39.5854
15131,6.8821
15132,6.9213
15192,39.7769
15133,6.8298
15193,38.8514
15134,6.7527
15194,38.0114
15195,38.0574
15135,6.9394
15196,39.2643
15136,6.9700
15197,39.8199
15137,6.7916
15138,6.7981
15198,38.8796
15199,37.9376
15139,6.9117
15200,39.1286
15140,6.7813
15141,6.8621
15201,38.0742
15202,37.9110
15142,7.1415
15143,6.7757
15203,40.4587
15144,6.8527
15204,38.3924
15205,38.5027
15145,6.9039
15206,38.8638
15146,7.0163
15147,6.9960
15207,38.7101
15208,38.6655
15148,6.8642
15149,6.8515
15209,39.4800
15150,6.8368
15210,38.9313
15211,38.4169
15151,7.0793
15152,6.7683
15212,40.0262
15213,37.7227
15153,7.0451
15214,39.3685
15154,6.8602
15215,37.8858
15155,6.8618
15216,39.2269
15156,7.0617
15217,38.7168
15157,6.8764
15158,6.8177
15218,39.2437
15159,6.7180
15219,38.0623
15220,37.5234
15160,6.8107
15161,6.7343
15221,39.5999
15222,37.5298
15162,7.0710
15223,39.1820
15163,7.7990
15164,6.6675
15224,39.2513
15165,6.7888
15225,38.3349
15166,6.7718
15226,38.8696
15167,6.8026
15227,38.6031
15228,37.7639
15168,7.4661
15229,40.3764
15169,7.0069
15170,6.6637
15230,38.8976
15171,6.6714
15231,38.1515
15172,6.7900
15232,38.0272
15233,38.0751
15173,7.7483
15174,6.8971
15234,39.7533
15175,6.9041
15235,38.3645
15176,6.8912
15236,38.4438
15237,38.8213
15177,6.9837
15238,38.0685
15178,7.0312
15239,39.7382
15179,6.9360
15180,6.6706
15240,39.9828
15181,6.7428
15241,38.4784
15182,6.7432
15242,38.1726
15243,37.8623
15183,6.8190
15244,39.1660
15184,6.9376
15245,39.5782
15185,7.2388
15186,6.7676
15246,39.9621
15187,6.9235
15247,38.1295
15188,6.9063
15248,37.6592
15249,38.1217
15189,7.1864
15190,7.0405
15250,39.6102
15251,38.9452
15191,7.0179
15192,6.8398
15252,39.5341
15193,6.7830
15253,38.4286
15254,37.9323
15194,6.7732
15195,6.7863
15255,38.3445
15256,37.8872
15196,6.8367
15257,38.2585
15197,6.9179
15198,6.6978
15258,40.3835
15199,6.7506
15259,37.7549
15200,6.8077
15260,37.9356
15261,37.7507
15201,7.0570
15262,39.8125
15202,6.7729
15263,38.6799
15203,6.8599
15264,39.0684
15204,6.8023
15205,6.7253
15265,39.1617
15266,38.5014
15206,7.0889
15267,38.6330
15207,7.0073
15208,6.8241
15268,40.7960
15209,6.7047
15269,40.0448
15210,6.7246
15270,38.5858
15211,6.8143
15271,37.6685
15272,37.9371
15212,6.9162
15273,38.9873
15213,7.5153
15214,6.8223
15274,39.5733
15215,6.7245
15275,38.4472
15216,6.9228
15276,37.4161
15277,38.3250
15217,6.9490
15278,39.2542
15218,7.3983
15279,40.1326
15219,7.3663
15220,6.7631
15280,39.3297
15221,6.7474
15281,38.0001
15222,6.7718
15282,37.9463
15283,38.2030
15223,7.3366
15284,37.7572
15224,7.1375
15225,6.7904
15285,39.9474
15226,6.7898
15286,38.6436
15227,6.7189
15287,38.2263
15228,6.9125
15288,38.2211
15289,38.2521
15229,7.1733
15290,39.0762
15230,7.2901
15231,6.7791
15291,39.8104
15232,6.7623
15292,38.0240
15233,6.8291
15293,37.9806
15294,37.9201
15234,7.4927
15235,6.9150
15295,39.9164
15296,38.2986
15236,8.3232
15237,6.6850
15297,39.0419
15238,6.7752
15298,38.6093
15239,6.7088
15299,39.1509
15240,6.6835
15300,37.6104
15301,37.9290
15241,6.7345
15302,38.3837
15242,6.9362
15243,6.7622
15303,39.0424
15244,6.7013
15304,38.7983
15245,6.6698
15305,38.5072
15306,37.4412
15246,6.6965
15307,38.2475
15247,6.8112
15308,38.9718
15248,7.1512
15249,6.6107
15309,39.4796
15250,6.6802
15310,38.0394
15251,6.7006
15311,37.8771
15252,6.7103
15312,37.7188
15313,37.7466
15253,7.0039
15314,39.0141
15254,7.1250
15255,6.6678
15315,40.9358
15256,6.7353
15316,38.4378
15257,6.6456
15317,38.4733
15258,6.7053
15318,37.8945
15319,37.5438
15259,6.8254
15320,40.1942
15260,6.8852
15321,38.1684
15261,6.7436
15322,38.3388
15262,6.7208
15263,6.7645
15323,39.0326
15264,6.8378
15324,39.5273
15325,38.2002
15265,6.9392
15266,6.6905
15326,40.0990
15267,6.7916
15327,37.8152
15328,38.1621
15268,7.0266
15269,6.7687
15329,39.4784
15270,6.8400
15330,38.5565
15271,6.6820
15331,38.2707
15332,37.4124
15272,6.7041
15333,40.4520
15273,6.7982
15274,6.6734
15334,38.7897
15275,6.7321
15335,38.9380
15336,38.1128
15276,7.0355
15277,6.7039
15337,39.6258
15338,37.4794
15278,6.9135
15339,38.9062
15279,7.0225
15280,6.6924
15340,39.3727
15281,6.7489
15341,38.4283
15282,6.7039
15342,38.2333
15343,38.5061
15283,6.8064
15344,39.9708
15284,6.8706
15345,38.2896
15285,6.9555
15346,38.9683
15286,6.9162
15287,6.7518
15347,38.7081
15348,37.6127
15288,6.8318
15349,39.4261
15289,6.9036
15290,6.7394
15350,38.9980
15291,6.7781
15351,38.3303
15352,37.8227
15292,6.9253
15293,6.7856
15353,39.1827
15354,38.0132
15294,6.8394
15355,38.4625
15295,6.7593
15296,6.7394
15356,39.1245
15297,6.7823
15357,37.6293
15298,6.6482
15358,38.3715
15359,37.8588
15299,6.8367
15360,38.6585
15300,6.7901
15301,6.7112
15361,39.9118
15302,6.7605
15362,37.8086
15363,38.0077
15303,6.9918
15304,6.7789
15364,40.0552
15305,6.7949
15365,38.5704
15366,38.4113
15306,6.7075
15307,6.7248
15367,38.1232
15368,37.7902
15308,6.7665
15369,38.0649
15309,6.8010
15370,39.2595
15310,6.8893
15311,6.7444
15371,39.1127
15372,38.1387
15312,6.9395
15313,6.7476
15373,39.2444
15374,38.2535
15314,7.0457
15375,38.3822
15315,6.8513
15376,39.2945
15316,6.8674
15377,37.7985
15317,6.9102
15378,37.8656
15318,6.9323
15319,6.7645
15379,38.8675
15380,38.0137
15320,7.0328
15321,6.7753
15381,39.5633
15322,6.7019
15382,37.6554
15383,37.8601
15323,6.9409
15324,6.7051
15384,38.8786
15385,37.6648
15325,6.9696
15386,38.5069
15326,6.8566
15327,6.7717
15387,38.3208
15388,38.8221
15328,6.9530
15329,6.9697
15389,38.5922
15390,38.4883
15330,7.0253
15331,6.7581
15391,39.3713
15392,37.9496
15332,6.7816
15333,6.8189
15393,38.5826
15334,6.9234
15394,38.2034
15395,38.5977
15335,7.0410
15396,38.9323
15336,6.9471
15337,6.6813
15397,39.3289
15338,6.7882
15398,37.1092
15399,37.7994
15339,6.9381
15400,37.9445
15340,6.8468
15401,38.3744
15341,6.8335
15342,6.8131
15402,39.4780
15343,6.8446
15403,38.0745
15344,6.9891
15404,38.7418
15345,6.8200
15405,39.5081
15406,38.2648
15346,7.0068
15407,39.6942
15347,6.7354
15408,38.4647
15348,6.7143
15349,6.7274
15409,38.0420
15350,6.7611
15410,38.1760
15411,38.4141
15351,6.9376
15412,38.4559
15352,6.8157
15353,6.7689
15413,39.0066
15354,6.7200
15414,38.5804
15355,6.7216
15415,38.5790
15356,6.8399
15416,38.3633
15417,37.6860
15357,6.8812
15418,39.4317
15358,7.0605
15419,39.1939
15359,6.7701
15420,38.1569
15360,6.7922
15361,6.8044
15421,38.7879
15362,6.8481
15422,38.2951
15363,6.8769
15423,38.1546
15424,38.1136
15364,7.3014
15365,6.8359
15425,39.7687
15366,6.8018
15426,38.2103
15367,6.7342
15427,38.6475
15368,6.9298
15428,37.6205
15429,38.0417
15369,7.2175
15430,38.8954
15370,7.1577
15371,6.9689
15431,39.7324
15372,6.7773
15432,39.6081
15373,6.7209
15433,37.9533
15374,6.7725
15434,38.6925
15375,6.7745
15435,37.9516
15436,38.6928
15376,6.8408
15377,6.6981
15437,39.2699
15378,6.7911
15438,37.7472
15379,6.7459
15439,38.0878
15440,38.0764
15380,6.8031
15441,38.8482
15381,6.9198
15442,38.9871
15382,6.9727
15383,6.7516
15443,40.1275
15384,6.7346
15444,38.8618
15385,6.8226
15445,38.2896
15446,38.3029
15386,6.8933
15387,6.7389
15447,39.0644
15448,38.2422
15388,6.9706
15389,6.6929
15449,39.1249
15390,6.6898
15450,37.6942
15391,6.7675
15451,38.2715
15392,6.7620
15452,37.6697
15453,38.3345
15393,6.8292
15454,39.1410
15394,7.0832
15395,6.6907
15455,39.4250
15396,6.7932
15456,38.0257
15397,6.7123
15457,39.2055
15398,6.7641
15458,37.9364
15459,39.2003
15399,7.0794
15400,6.8130
15460,39.6832
15461,38.4376
15401,6.8329
15402,6.7108
15462,39.0904
15463,38.6208
15403,6.7052
15464,38.0982
15404,6.8129
15465,39.2333
15405,6.9814
15406,6.7532
15466,40.3634
15407,6.6983
15467,38.7216
15408,6.7086
15468,38.3789
15469,37.8364
15409,6.8269
15470,38.1044
15410,6.8070
15471,38.5312
15411,6.9301
15412,6.7072
15472,40.4102
15413,6.7381
15473,38.8746
15414,6.7577
15474,38.4536
15475,37.7689
15415,7.1632
15416,6.7081
15476,40.0775
15417,6.7464
15477,38.4518
15418,6.7382
15478,38.2854
15419,6.8223
15479,38.9563
15480,38.8749
15420,6.8042
15481,38.2884
15421,6.9662
15422,6.6756
15482,39.8433
15423,6.7272
15483,38.3890
15424,6.6534
15484,38.9618
15425,6.7549
15485,37.4096
15486,38.8666
15426,6.7481
15487,37.8897
15427,7.1129
15428,6.7074
15488,39.8926
15429,6.6854
15489,38.0312
15430,6.8140
15490,37.9864
15491,38.1486
15431,6.7874
15492,38.5909
15432,6.8937
15493,38.1645
15433,7.1197
15434,6.6856
15494,40.5539
15435,6.7111
15495,39.1408
15436,6.7272
15496,38.2915
15497,38.8299
15437,6.8571
15438,6.7380
15498,39.4728
15439,6.7848
15499,38.5064
15500,37.9584
15440,6.8963
15441,6.8609
15501,39.6231
15442,6.7203
15502,39.1352
15443,6.7123
15503,38.8481
15444,6.7119
15504,38.3974
15445,6.8350
15505,38.1291
15506,38.3963
15446,7.0782
15447,6.8897
15507,39.1797
15448,6.7587
15508,39.4620
15449,6.7353
15509,38.3093
15450,6.7562
15510,39.2966
15451,6.8027
15511,38.8754
15512,37.9325
15452,7.0478
15453,6.7564
15513,39.8831
15454,6.7365
15514,38.2771
15515,38.4049
15455,6.8877
15516,37.5048
15456,6.7582
15517,38.3941
15457,7.1029
15458,6.6336
15518,39.7165
15459,6.8025
15519,38.3569
15520,37.9369
15460,6.8236
15461,6.8043
15521,38.8930
15522,38.1417
15462,6.7708
15523,39.2641
15463,6.7568
15464,6.8202
15524,39.9172
15525,38.3186
15465,7.1531
15466,6.7239
15526,40.0515
15467,6.7323
15527,38.7873
15468,6.7150
15528,38.4052
15529,38.0833
15469,7.0546
15470,6.7977
15530,39.5289
15531,38.0957
15471,6.7996
15472,6.7096
15532,39.1751
15473,6.8589
15533,37.9753
15534,38.7068
15474,7.1018
15475,6.8521
15535,39.0126
15476,6.5762
15536,38.2905
15537,37.6747
15477,6.9371
15538,38.7164
15478,7.0030
15539,38.6003
15479,6.7765
15540,37.9807
15480,6.7293
15541,38.9188
15481,6.8190
15482,6.8030
15542,40.0720
15543,38.0127
15483,7.0533
15484,6.7266
15544,40.0456
15485,6.6744
15545,37.8425
15486,6.7466
15546,37.8427
15547,38.0697
15487,7.0127
15488,6.7857
15548,40.0606
15549,38.0694
15489,7.0376
15550,38.6431
15490,7.1899
15491,6.6445
15551,39.6065
15492,6.7166
15552,38.1859
15493,6.7764
15553,38.7830
15554,38.5523
15494,6.7547
15555,38.1866
15495,6.8786
15556,38.2181
15496,6.8126
15557,38.5814
15497,6.7233
15498,6.7758
15558,38.5769
15559,37.9629
15499,6.9291
15500,6.7862
15560,39.3869
15501,6.7600
15561,38.7274
15502,6.8366
15562,38.5971
15563,38.8268
15503,6.9384
15504,6.7929
15564,39.2486
15565,37.6936
15505,7.3635
15506,6.7016
15566,39.2051
15507,6.7708
15567,38.2624
15508,6.7839
15568,39.3883
15509,6.7368
15569,38.9491
15570,37.7846
15510,6.7998
15571,39.2957
15511,6.9415
15512,6.6697
15572,39.1997
15513,6.7712
15573,38.4124
15514,6.6308
15574,39.5093
15515,6.4950
15575,38.4404
15576,37.7118
15516,6.6468
15577,38.1011
15517,6.9533
15518,6.6246
15578,39.7214
15519,6.5582
15579,39.0623
15520,6.6031
15580,38.8288
15521,6.5649
15581,38.3352
15522,6.7700
15582,38.5045
15583,39.5864
15523,6.8752
15524,6.5626
15584,39.1339
15585,37.2797
15525,6.7266
15586,37.6066
15526,6.9036
15527,6.5815
15587,39.2476
15588,37.8234
15528,6.9268
15529,6.6593
15589,39.7815
15590,37.9602
15530,6.6572
15531,6.5142
15591,39.1626
15532,6.5154
15592,37.8114
15593,38.1870
15533,6.8850
15534,6.5227
15594,39.7311
15535,6.6788
15595,38.8623
15596,39.2170
15536,6.8029
15597,39.2157
15537,6.6348
15538,6.6289
15598,39.1130
15599,38.1215
15539,6.6742
15600,38.9595
15540,6.6755
15541,6.5473
15601,39.2523
15542,6.5642
15602,38.8512
15603,38.4363
15543,6.5703
15544,6.5347
15604,39.1742
15545,6.5909
15605,37.9853
15606,37.9283
15546,6.6019
15607,38.5822
15547,6.6071
15608,38.0711
15548,6.5737
15609,38.7127
15549,6.7722
15610,39.7702
15550,6.5936
15551,6.7119
15611,38.6247
15612,38.2656
15552,6.7399
15553,6.5256
15613,40.1863
15554,6.5803
15614,38.0483
15615,37.6487
15555,6.7064
15616,38.0201
15556,6.6795
15557,6.5866
15617,40.1919
15558,6.5753
15618,38.2221
15619,38.1539
15559,6.8460
15560,6.5275
15620,39.5148
15561,6.5327
15621,38.2949
15622,37.6825
15562,6.5562
15623,38.9393
15563,6.8731
15564,6.6227
15624,39.6015
15565,6.5462
15625,38.0616
15626,37.6627
15566,6.6131
15567,6.5877
15627,38.9289
15628,37.7013
15568,6.7916
15629,39.0083
15569,6.8286
15570,6.5542
15630,39.2186
15571,6.6359
15631,38.7620
15572,6.6157
15632,38.7670
15573,6.7162
15633,38.3033
15634,38.6732
15574,6.6789
15575,6.6014
15635,39.6563
15576,6.5237
15636,37.9958
15637,37.8273
15577,6.5757
15638,38.2447
15578,6.9188
15579,6.5261
15639,39.7408
15640,37.8753
15580,6.5641
15641,38.5190
15581,6.7161
15642,38.5993
15582,6.6613
15583,6.5435
15643,39.1544
15644,38.0209
15584,6.8197
15645,39.3649
15585,6.5726
15586,6.5429
15646,38.6684
15587,6.6014
15647,37.9737
15648,37.8889
15588,6.5705
15589,6.6618
15649,38.7970
15650,38.4779
15590,6.6436
15651,38.8229
15591,6.6394
15652,38.3490
15592,6.5943
15653,38.5328
15593,6.7074
15654,39.0336
15594,6.6411
15595,6.4719
15655,38.0810
15596,6.5409
15656,37.9920
15657,37.8661
15597,6.6567
15658,39.6577
15598,6.7074
15659,38.8847
15599,7.2815
15600,6.5070
15660,40.1392
15601,6.4925
15661,37.1432
15602,6.5924
15662,37.5347
15603,6.5750
15663,37.9452
15664,37.8324
15604,6.9056
15665,39.0118
15605,6.5535
15606,6.5852
15666,39.4826
15607,6.6164
15667,38.6579
15668,37.9527
15608,6.7052
15669,38.3906
15609,6.6439
15670,37.7143
15610,6.8645
15671,38.5767
15611,6.6330
15612,6.6545
15672,39.3101
15673,38.4680
15613,6.7457
15614,6.5211
15674,38.6147
15675,38.1285
15615,6.7198
15616,6.5623
15676,38.7725
15677,37.3180
15617,6.9750
15678,39.6146
15618,6.6394
15679,38.8637
15619,6.5755
15680,37.9414
15620,6.5732
15681,38.7565
15621,6.6350
15622,6.5220
15682,38.3267
15623,6.6877
15683,37.4101
15684,37.9971
15624,6.7718
15625,6.5899
15685,39.8287
15686,37.8018
15626,6.8434
15687,38.9983
15627,6.8897
15628,6.6081
15688,38.7609
15689,37.7781
15629,6.6887
15690,38.5114
15630,6.6039
15691,38.6445
15631,6.8991
15692,37.9036
15632,6.6707
15633,6.5721
15693,38.7124
15694,37.5868
15634,6.7023
15695,38.8924
15635,6.9315
15696,39.9832
15636,6.6516
15637,6.6871
15697,38.4070
15698,38.4914
15638,6.7025
15639,6.6992
15699,38.7933
15700,38.7942
15640,6.7691
15701,39.1077
15641,6.8469
15642,6.5504
15702,38.8469
15643,6.6780
15703,37.7706
15704,37.6151
15644,6.8708
15645,6.6919
15705,39.3870
15706,38.4117
15646,6.7710
15707,38.3009
15647,6.8478
15648,6.5077
15708,40.0578
15649,6.4956
15709,37.7201
15710,37.4262
15650,6.5852
15711,38.9929
15651,6.5630
15652,6.5316
15712,39.1424
15713,37.7726
15653,6.9102
15714,38.4582
15654,6.8533
15655,6.5897
15715,39.2997
15656,6.5242
15716,38.1537
15657,6.6280
15717,39.2364
15718,38.4102
15658,6.8653
15659,6.5725
15719,39.3243
15660,6.6909
15720,39.0229
15721,37.2772
15661,6.5502
15662,6.5417
15722,39.1797
15663,6.5744
15723,37.9873
15664,6.5389
15724,38.1018
15725,38.2342
15665,6.6835
15666,6.5067
15726,40.0407
15667,6.5199
15727,38.5495
15728,37.6384
15668,6.6702
15669,6.6170
15729,38.4221
15730,37.8715
15670,6.6659
15731,38.3559
15671,6.6857
15732,39.4109
15672,6.7026
15673,6.5924
15733,39.8370
15674,6.4562
15734,37.9515
15675,6.4413
15735,38.5777
15676,6.6524
15736,38.5086
15737,38.3362
15677,6.5309
15738,38.6411
15678,6.9205
15739,39.6350
15679,6.9312
15680,6.4307
15740,40.1096
15681,6.5397
15741,38.5028
15682,6.5856
15742,37.6819
15743,38.3733
15683,6.7538
15744,37.5988
15684,6.6016
15745,38.5236
15685,6.7311
15746,39.6558
15686,6.6318
15687,6.5479
15747,39.9398
15688,6.5181
15748,38.0190
15749,38.0361
15689,6.5116
15690,6.4915
15750,38.4547
15751,37.7151
15691,6.6262
15752,37.9043
15692,6.6175
15753,39.8893
15693,6.6475
15694,6.5436
15754,39.3481
15695,6.3966
15755,38.5165
15696,6.5182
15756,37.5646
15697,6.5513
15757,37.6090
15758,38.6139
15698,6.6171
15759,38.6029
15699,6.7439
15760,38.9521
15700,6.5525
15701,6.5838
15761,38.2974
15762,38.8480
15702,6.4921
15703,6.4622
15763,38.8192
15704,6.5465
15764,38.2826
15765,37.5632
15705,6.9144
15766,39.9889
15706,6.8755
15707,6.4567
15767,39.6753
15708,6.5565
15768,38.5049
15769,38.0723
15709,6.4723
15710,6.5213
15770,38.6748
15771,38.2833
15711,6.7450
15772,38.9835
15712,6.8638
15713,6.5041
15773,39.2992
15714,6.5571
15774,37.9253
15775,38.0744
15715,6.9642
15776,39.5305
15716,6.7926
15717,6.6333
15777,39.1317
15718,6.5782
15778,39.2752
15779,38.2124
15719,6.7663
15720,6.4743
15780,39.5963
15721,6.4423
15781,38.4017
15782,37.6246
15722,6.6617
15723,6.5017
15783,38.7598
15784,38.1108
15724,6.5508
15785,38.6122
15725,6.5054
15786,37.7427
15726,6.6543
15727,6.4978
15787,40.4364
15728,6.5512
15788,38.4395
15789,38.0987
15729,6.8167
15790,37.8830
15730,6.5990
15791,38.5239
15731,6.7547
15792,38.4866
15732,6.8195
15793,38.7753
15733,7.1562
15734,6.5306
15794,39.1449
15735,6.5031
15795,38.1069
15736,6.5504
15796,38.1486
15797,38.4079
15737,6.6543
15798,38.1741
15738,6.7181
15799,38.2906
15739,6.8973
15800,39.0351
15740,6.8568
15741,6.6231
15801,39.5400
15802,37.7507
15742,6.5806
15803,38.6560
15743,6.6753
15744,6.6347
15804,39.5859
15805,38.1649
15745,6.8352
15746,6.5000
15806,38.9599
15807,37.5711
15747,6.8550
15748,6.6914
15808,40.2790
15749,6.6235
15809,38.0844
15810,38.5389
15750,6.9103
15751,6.5667
15811,39.0963
15812,38.3284
15752,6.7064
15753,6.7835
15813,38.9663
15814,38.1148
15754,6.7997
15755,6.4717
15815,40.2220
15816,37.8707
15756,6.8411
15817,38.0837
15757,6.5875
15818,38.7232
15758,6.5975
15759,6.5547
15819,39.1121
15820,38.1862
15760,6.7556
15821,38.6930
15761,6.6812
15822,39.9287
15762,6.7612
15823,38.2708
15763,6.8913
15764,6.6280
15824,39.2762
15825,38.9212
15765,6.5622
15826,38.6716
15766,6.5904
15767,6.5600
15827,39.4630
15828,37.4538
15768,6.7742
15829,39.2046
15769,6.5540
15770,6.5907
15830,39.5029
15831,38.2011
15771,6.5591
15772,6.4585
15832,39.1869
15833,38.4685
15773,6.8851
15834,38.2531
15774,6.7035
15775,6.4882
15835,40.1166
15836,37.6412
15776,6.6278
15777,6.5475
15837,38.8694
15838,38.6409
15778,6.7898
15779,6.4414
15839,38.7562
15840,38.4765
15780,6.5502
15841,38.0844
15781,6.6088
15782,6.5339
15842,39.0839
15843,38.0280
15783,6.5277
15784,6.6273
15844,38.8393
15845,38.5124
15785,6.5527
15846,38.7908
15786,6.7086
15847,37.6967
15787,6.5900
15848,38.6553
15788,6.5870
15849,39.3388
15789,6.5986
15850,38.1863
15790,6.8328
15791,6.5580
15851,38.9483
15792,6.4569
15852,38.7775
15793,6.5364
15853,37.9074
15854,38.5063
15794,6.4556
15855,38.5753
15795,6.8286
15796,6.5897
15856,39.1788
15857,37.9908
15797,6.9469
15798,6.5437
15858,40.0838
15859,38.0502
15799,6.4903
15800,6.6061
15860,38.3632
15801,6.5633
15861,38.7880
15862,38.4738
15802,6.5912
15803,6.5891
15863,40.4267
15864,38.5758
15804,6.5590
15805,6.6303
15865,38.9505
15866,38.1285
15806,6.5600
15867,38.7506
15807,6.5975
15868,38.7098
15808,7.0016
15809,6.5253
15869,40.3034
15810,6.5806
15870,38.2320
15871,38.2625
15811,6.6710
15812,6.4661
15872,39.1269
15813,6.5526
15873,38.0517
15874,37.8639
15814,6.6304
15875,39.0059
15815,6.8382
15816,6.5902
15876,39.9640
15817,6.5254
15877,38.4647
15878,38.0877
15818,6.5478
15819,6.5670
15879,39.1314
15820,6.5629
15880,38.8664
15881,37.8837
15821,6.5836
15882,38.3942
15822,6.8986
15823,6.5115
15883,39.4466
15824,6.5548
15884,38.6501
15885,37.8504
15825,6.7881
15826,6.4371
15886,39.1334
15827,6.5459
15887,37.7936
15888,38.6507
15828,6.6505
15889,38.6556
15829,6.5931
15830,6.5228
15890,39.8444
15891,38.3383
15831,6.6219
15892,38.2924
15832,6.4467
15833,6.5651
15893,38.3742
15834,6.5735
15894,38.0792
15895,38.4887
15835,6.7196
15836,6.5113
15896,39.7019
15837,6.6221
15897,37.6663
15898,39.0157
15838,6.5595
15839,6.5560
15899,39.3520
15840,6.5615
15900,38.4396
15841,6.5614
15901,39.3004
15902,37.8051
15842,7.1570
15903,39.4935
15843,7.2233
15844,6.4625
15904,40.0388
15845,6.5578
15905,37.6381
15846,6.4423
15906,38.2966
15847,6.6268
15907,37.6449
15908,38.5901
15848,6.6564
15909,39.3027
15849,6.6717
15850,6.4489
15910,40.0638
15911,37.5177
15851,6.5954
15912,37.9643
15852,6.7165
15913,38.8886
15853,6.6564
15854,6.5965
15914,40.5071
15915,38.9902
15855,6.5534
15856,6.4715
15916,39.3804
15917,37.9944
15857,6.6256
15858,6.4904
15918,38.6998
15919,37.6403
15859,6.6528
15860,6.5748
15920,38.5207
15921,38.2668
15861,6.5098
15862,6.4691
15922,38.7389
15923,37.6581
15863,6.5450
15924,39.8802
15864,6.6061
15925,38.3070
15865,6.8066
15866,6.5295
15926,40.1938
15867,6.4943
15927,38.4030
15868,6.4472
15928,38.2945
15869,6.4763
15929,37.7653
15930,37.6874
15870,6.5830
15931,38.5832
15871,6.5877
15932,39.0891
15872,6.6250
15873,6.4954
15933,39.5363
15934,38.4257
15874,6.5483
15875,6.6227
15935,38.7877
15876,6.5919
15936,38.1969
15937,38.1363
15877,6.6363
15938,40.2658
15878,6.6377
15939,38.0592
15879,6.5962
15880,6.5018
15940,39.2031
15881,6.5456
15941,38.4493
15882,6.4901
15942,39.1552
15943,37.8928
15883,6.6544
15944,39.4683
15884,6.5230
15945,39.1855
15885,6.5892
15946,38.2546
15886,6.5152
15947,39.3155
15887,6.7794
15948,39.8714
15888,6.5853
15889,6.6103
15949,38.5298
15950,38.0140
15890,6.5560
15951,39.1910
15891,6.7503
15892,6.4677
15952,39.2309
15953,38.0459
15893,6.6312
15894,6.4607
15954,38.2832
15955,38.0897
15895,6.8268
15896,6.5438
15956,41.2166
15957,38.1139
15897,6.6384
15958,38.6401
15898,6.9039
15899,6.6952
15959,39.4141
15900,6.5018
15960,39.3135
15961,37.6503
15901,6.7519
15962,38.8835
15902,6.9426
15903,6.6116
15963,38.7544
15964,40.3223
15904,6.7828
15965,38.3812
15905,6.8366
15966,39.9324
15906,6.5163
15907,6.4447
15967,40.3368
15908,6.5995
15968,37.7309
15969,38.8291
15909,6.6293
15970,39.2579
15910,6.5276
15911,6.5150
15971,38.9591
15972,38.4658
15912,6.6123
15973,38.6290
15913,6.5189
15974,38.2019
15914,6.4750
15975,39.4893
15915,6.6347
15916,6.4704
15976,37.9110
15917,6.5283
15977,38.5100
15978,38.5715
15918,6.4983
15979,38.5169
15919,6.6139
15980,38.9391
15920,6.5059
15981,38.9181
15921,6.5922
15982,38.1074
15922,6.6408
15923,6.4668
15983,37.9184
15984,37.6145
15924,6.7983
15985,39.2336
15925,6.6606
15986,39.1182
15926,6.8819
15987,39.3699
15927,6.4976
15988,37.4460
15928,6.7398
15929,6.4919
15989,38.7737
15930,6.5436
15990,38.0383
15991,38.2687
15931,6.8156
15992,39.5718
15932,6.5165
15993,38.6970
15933,6.5504
15994,38.7402
15934,6.5894
15935,6.5384
15995,39.2628
15936,6.5088
15996,38.9806
15997,37.6691
15937,6.9080
15998,38.9800
15938,6.6446
15939,6.4773
15999,40.1653
16000,37.5170
15940,6.5842
15941,6.4752
16001,38.9788
16002,37.4932
15942,6.6232
16003,39.2961
15943,6.8599
16004,38.3365
15944,6.6216
16005,39.3314
15945,6.6072
16006,39.2457
15946,6.5888
16007,38.3551
15947,6.6480
15948,6.5629
16008,38.5181
16009,37.8186
15949,6.7789
15950,6.5402
16010,40.1010
16011,37.7306
15951,6.5614
15952,6.6883
16012,38.7887
16013,38.0790
15953,6.8673
15954,6.3781
16014,39.3024
15955,6.5340
16015,37.8209
16016,38.2073
15956,6.5441
15957,6.5321
16017,39.2247
16018,38.3899
15958,6.7040
15959,6.6295
16019,38.9922
16020,37.9782
15960,6.6420
16021,40.5859
15961,6.5530
15962,6.5131
16022,39.5995
15963,6.4619
16023,37.9788
15964,6.4900
16024,37.9142
16025,38.4246
15965,6.8067
15966,6.4739
16026,39.6477
15967,6.5277
16027,38.4513
15968,6.5258
16028,39.1042
16029,38.5820
15969,6.6187
16030,37.7396
15970,6.6212
16031,38.3413
15971,6.6607
16032,39.3817
15972,6.6751
15973,6.6019
16033,39.5840
15974,6.5459
16034,37.9533
15975,6.4536
16035,39.2856
15976,6.6592
16036,39.0882
16037,37.6029
15977,6.6945
16038,40.7016
15978,6.8495
16039,38.3764
15979,6.7508
16040,38.8187
15980,6.6369
16041,39.1939
15981,6.7208
16042,38.2672
15982,6.7445
16043,39.1062
15983,6.7509
15984,6.6565
16044,39.2155
16045,38.6678
15985,6.6822
16046,38.8209
15986,6.8642
15987,6.6482
16047,38.5190
15988,8.0106
16048,38.1319
16049,37.3245
15989,7.2578
15990,6.9409
16050,38.6208
15991,6.9412
16051,38.3645
16052,37.9488
15992,6.9448
16053,38.0875
15993,6.9560
16054,37.7336
15994,6.8677
16055,37.8319
15995,11.1196
16056,39.1621
15996,8.3740
15997,7.3144
16057,38.7465
16058,37.3264
15998,7.9630
15999,7.3489
16059,39.6426
16060,36.7599
16000,9.3717
16001,7.3886
16061,38.8937
16062,37.3935
16002,7.4247
16063,37.8908
16003,7.3327
16064,37.9649
16004,7.2779
16065,37.8880
16005,7.4735
16066,37.3491
16006,7.9711
16067,38.1712
16007,7.2610
16068,37.5952
16008,7.4490
16069,37.8114
16009,7.3469
16070,37.8080
16010,7.4247
16071,37.9658
16011,7.3205
16072,38.1511
16012,7.6613
16073,38.5543
16013,7.9253
16074,39.4344
16014,7.8610
16015,7.3829
16075,38.8416
16076,37.0712
16016,7.8270
16077,37.9406
16017,7.6599
16078,38.1351
16018,7.3947
16079,37.8193
16019,7.3997
16080,37.5070
16020,7.7678
16021,7.6340
16081,39.2068
16022,7.6178
16082,38.2091
16083,38.2422
16023,7.7557
16084,38.2369
16024,7.9608
16085,38.4291
16025,7.9250
16086,38.4876
16026,7.8803
16087,38.0163
16027,7.5201
16088,38.5251
16028,7.4507
16089,38.4067
16029,7.5357
16090,39.5396
16030,7.4873
16091,38.0288
16031,7.3989
16092,37.8517
16032,7.4846
16093,38.4425
16033,7.6787
16094,40.2664
16034,7.7456
16035,7.3375
16095,38.2978
16096,37.0071
16036,7.3733
16097,37.1637
16037,7.3925
16098,38.1398
16038,7.4580
16099,38.7899
16039,7.3601
16100,38.1369
16040,7.3932
16101,37.5913
16041,7.3577
16102,37.9645
16042,7.7265
16103,38.3109
16043,7.6541
16104,39.3760
16044,7.4529
16105,37.2494
16045,7.3042
16106,37.1177
16046,7.3058
16107,38.0500
16047,7.4204
16108,38.2195
16048,7.9853
16109,38.2821
16049,7.2897
16110,38.8299
16050,7.7692
16111,37.7087
16051,7.3407
16112,38.0167
16052,7.4003
16113,38.1261
16053,7.8979
16114,38.5118
16054,7.5652
16115,38.7578
16055,7.4303
16116,38.9200
16056,7.4194
16117,37.7861
16057,7.7077
16118,38.1529
16058,7.4974
16119,37.8205
16059,7.3838
16120,38.7637
16060,7.8023
16121,39.4957
16061,7.4758
16122,38.9685
16062,7.4348
16123,38.3727
16063,7.7453
16124,37.9852
16064,7.4716
16125,37.7054
16065,7.3538
16126,38.0507
16066,7.5050
16067,7.1677
16127,40.0423
16128,38.2310
16068,7.6532
16069,7.6639
16129,38.3896
16130,37.8827
16070,7.7671
16071,7.6214
16131,40.1304
16072,7.2779
16132,38.1329
16133,37.6906
16073,7.5664
16134,37.8012
16074,8.0032
16075,7.2452
16135,39.2593
16136,37.2994
16076,7.2513
16137,38.1453
16077,7.5448
16138,38.4964
16078,7.2377
16139,38.2219
16079,7.6324
16140,38.2482
16080,7.6595
16141,38.5367
16081,7.4999
16142,38.9053
16082,7.6738
16143,38.1453
16083,7.2679
16144,37.5522
16084,7.3531
16145,38.6124
16085,7.6322
16086,7.1785
16146,39.0600
16147,37.4542
16087,7.2354
16148,38.0230
16088,7.3472
16149,38.4910
16089,7.2759
16150,37.7879
16090,7.5508
16091,7.1359
16151,39.2113
16152,37.3066
16092,7.2364
16153,37.8444
16093,7.5319
16154,38.3343
16094,7.2509
16095,7.1738
16155,38.7474
16156,37.0118
16096,7.6440
16157,38.1795
16097,7.8024
16098,7.5373
16158,39.3579
16099,7.4992
16159,40.4867
16160,37.5484
16100,7.6558
16161,38.7937
16101,7.3525
16102,7.1083
16162,38.2642
16163,37.2763
16103,7.7099
16164,39.1476
16104,9.2428
16105,7.3836
16165,39.5662
16166,37.5078
16106,7.5825
16167,37.6629
16107,7.1869
16168,37.8954
16108,7.2232
16169,37.8168
16109,7.4772
16170,38.5754
16110,7.5232
16111,7.2343
16171,38.4830
16172,37.2130
16112,7.6502
16173,38.6572
16113,7.5897
16174,38.5221
16114,7.5617
16115,7.6347
16175,39.5043
16176,37.2573
16116,7.4826
16177,38.1983
16117,7.6231
16118,7.2143
16178,39.6350
16179,37.2995
16119,7.4035
16180,38.8467
16120,7.2161
16181,38.0827
16121,7.3940
16182,37.9915
16122,7.3293
16183,38.1489
16123,7.5698
16184,38.9856
16124,7.2363
16185,38.0143
16125,7.3558
16186,38.8528
16126,7.5317
16187,37.7273
16127,7.1642
16188,37.2256
16128,7.2864
16189,38.3363
16129,7.7124
16190,38.7183
16130,9.6502
16131,7.1689
16191,38.8185
16132,7.5662
16192,37.7704
16133,7.1772
16193,37.4442
16194,36.9487
16134,7.2698
16195,37.9895
16135,7.4398
16196,37.8876
16136,8.0843
16137,7.2044
16197,38.8521
16198,38.2701
16138,7.2005
16199,38.1822
16139,7.3267
16200,37.9066
16140,7.2201
16201,37.9443
16141,7.1710
16202,37.4511
16142,7.6387
16203,39.2916
16143,8.9749
16144,7.3242
16204,38.8977
16145,7.1072
16205,37.1254
16206,37.2582
16146,7.1384
16207,37.3175
16147,7.1761
16208,37.0495
16148,7.3980
16209,39.9830
16149,9.9604
16150,7.1240
16210,40.1147
16211,36.9786
16151,7.4399
16152,7.1972
16212,37.9054
16213,37.3650
16153,7.6340
16214,37.8577
16154,7.5351
16215,38.5878
16155,8.2922
16216,38.7790
16156,7.2041
16157,7.1622
16217,38.7487
16158,7.7081
16218,37.8541
16219,37.2451
16159,7.1367
16220,37.4542
16160,7.5620
16221,38.7419
16161,7.5878
16222,38.3587
16162,7.7655
16163,7.1211
16223,38.8832
16224,37.0774
16164,7.2078
16225,37.4026
16165,7.2218
16226,38.1092
16166,7.2406
16227,38.3113
16167,7.5710
16228,38.9616
16168,7.2536
16229,38.8897
16169,7.9342
16170,7.1247
16230,38.9570
16171,7.1568
16231,37.1803
16232,37.5645
16172,7.9480
16233,40.0798
16173,7.2120
16174,7.3672
16234,38.8113
16235,37.4908
16175,7.5427
16236,38.6751
16176,8.7960
16177,7.1736
16237,37.9698
16238,37.2027
16178,7.2006
16239,37.5351
16179,7.6206
16240,39.7628
16180,7.6193
16181,7.2682
16241,38.3854
16242,37.7010
16182,7.5713
16243,39.4135
16183,7.8340
16184,7.5607
16244,38.2154
16245,38.9331
16185,7.2694
16246,38.2025
16186,7.3252
16247,38.4797
16187,8.0457
16248,38.3484
16188,7.1755
16249,37.4399
16189,7.4208
16250,37.7988
16190,7.3830
16251,40.0402
16191,7.3042
16252,37.9488
16192,7.2468
16253,38.2946
16193,7.2288
16254,38.5192
16194,7.5810
16255,39.6843
16195,7.7675
16256,38.4470
16196,7.2684
16197,7.2054
16257,38.0661
16258,37.5973
16198,7.6153
16199,7.1457
16259,39.0145
16260,37.1232
16200,7.1393
16261,37.6759
16201,7.4673
16262,39.9293
16202,7.8313
16263,38.2077
16203,8.4740
16204,7.1004
16264,38.3785
16205,7.1356
16265,37.6970
16266,37.5590
16206,7.7515
16267,38.2698
16207,7.5003
16208,7.1637
16268,39.3838
16269,36.8698
16209,7.3605
16270,39.2202
16210,8.9235
16211,7.1576
16271,38.7793
16212,7.1688
16272,37.6733
16273,37.6062
16213,7.2464
16274,38.7355
16214,7.1243
16275,37.5051
16215,7.8676
16216,7.2417
16276,39.4942
16277,38.1891
16217,7.6974
16218,7.3888
16278,39.6343
16279,37.4986
16219,7.1578
16280,38.2204
16220,7.1461
16281,38.5274
16221,7.4885
16282,38.5281
16222,7.8855
16223,7.2595
16283,39.2395
16284,37.7274
16224,7.4757
16225,7.1172
16285,38.7808
16286,37.6363
16226,7.4338
16287,38.8175
16227,7.4996
16288,37.6732
16228,7.8506
16289,39.8971
16229,7.2209
16290,38.3573
16230,7.8882
16231,7.1555
16291,39.0807
16232,7.1024
16292,37.8485
16293,37.3364
16233,7.0755
16294,37.4731
16234,7.8282
16295,40.1779
16235,7.2870
16296,38.5488
16236,7.3630
16297,38.6212
16237,7.3462
16238,6.9158
16298,38.3970
16299,37.5567
16239,7.2673
16300,37.9665
16240,7.7752
16241,7.1219
16301,38.9752
16302,37.8019
16242,7.3925
16303,37.5860
16243,7.5308
16244,7.3731
16304,39.5666
16245,7.0018
16305,37.4337
16306,37.6688
16246,7.3981
16307,38.6676
16247,8.4742
16248,7.4683
16308,39.3581
16309,37.3959
16249,7.5413
16310,39.0742
16250,7.3682
16251,7.0068
16311,39.2674
16252,7.3527
16312,38.3448
16313,38.4254
16253,7.1653
16314,38.4082
16254,7.4956
16255,7.2894
16315,40.0336
16256,7.1740
16316,37.1298
16317,37.9748
16257,7.4526
16318,38.9125
16258,7.0725
16259,6.9004
16319,37.8777
16320,37.8570
16260,7.0532
16321,39.0693
16261,7.8878
16262,7.0112
16322,39.4963
16323,37.9957
16263,7.2307
16324,39.0999
16264,7.2242
16325,38.5163
16265,6.9867
16326,37.9174
16266,7.2587
16327,37.6539
16267,7.3058
16328,37.9387
16268,7.2713
16329,39.9032
16269,7.4100
16270,6.8860
16330,40.4254
16271,7.3470
16331,38.6448
16332,37.5332
16272,6.9909
16273,7.3454
16333,38.5881
16334,38.2520
16274,7.1528
16335,38.3161
16275,7.4792
16336,40.1807
16276,7.0726
16277,6.9075
16337,38.7382
16338,37.8341
16278,6.9005
16279,7.1133
16339,38.5977
16340,37.6393
16280,7.1759
16341,38.8103
16281,7.7820
16282,7.0578
16342,38.9208
16283,7.0497
16343,41.2961
16344,38.4755
16284,7.3635
16345,38.2560
16285,6.9985
16286,7.1575
16346,39.4680
16347,37.7822
16287,6.9531
16348,38.1883
16288,7.3464
16289,7.1917
16349,39.9776
16290,7.0029
16350,37.4269
16351,37.7004
16291,7.4608
16352,39.2460
16292,7.2989
16353,37.7194
16293,7.1649
16354,37.6101
16294,7.1831
16295,7.1166
16355,39.2513
16356,37.3923
16296,7.5726
16297,7.0341
16357,39.0283
16358,38.1056
16298,7.0021
16359,38.4655
16299,7.0740
16300,6.9519
16360,37.9220
16361,37.1693
16301,7.1942
16362,38.2468
16302,7.2133
16363,38.5419
16303,7.3874
16304,6.8809
16364,39.6131
16305,6.7995
16365,39.7074
16306,7.0118
16366,37.0707
16367,37.7410
16307,7.4775
16368,38.2186
16308,7.7639
16309,6.9613
16369,40.5248
16370,38.0692
16310,7.5547
16311,6.9726
16371,40.0937
16312,6.9881
16372,37.2639
16313,7.0516
16373,37.9295
16374,38.4131
16314,7.0499
16375,38.1230
16315,7.0717
16376,38.9715
16316,7.4652
16377,38.9201
16317,7.0110
16378,37.4687
16318,6.9661
16379,37.9438
16319,7.3085
16380,38.2184
16320,7.5259
16321,6.9751
16381,38.0951
16382,37.8223
16322,7.0386
16383,38.3768
16323,7.4532
16324,7.0449
16384,39.0148
16385,37.8107
16325,7.7965
16326,7.2509
16386,40.1976
16387,38.1554
16327,7.2409
16388,37.1652
16328,7.4147
16389,38.2364
16329,7.4701
16390,39.4850
16330,7.5148
16331,6.9579
16391,39.8431
16332,7.4546
16392,37.6533
16393,38.5241
16333,7.2965
16334,6.9653
16394,38.6363
16395,37.6387
16335,7.4646
16396,38.4458
16336,7.3729
16397,38.1846
16337,7.3049
16398,38.5687
16338,6.9807
16339,7.0643
16399,38.5431
16340,7.1032
16400,37.8937
16341,7.2585
16401,37.8351
16402,38.5049
16342,7.7083
16343,7.2058
16403,39.7691
16404,38.7355
16344,7.8353
16405,38.8321
16345,7.2687
16346,6.8569
16406,38.9614
16407,37.4171
16347,7.8331
16348,7.2469
16408,39.7236
16349,7.2295
16409,40.0713
16410,38.8022
16350,7.1412
16411,39.6835
16351,7.1046
16352,7.1863
16412,39.4026
16353,7.0011
16413,39.3732
16414,39.1419
16354,7.7689
16415,39.2587
16355,7.5674
16416,38.5089
16356,7.7877
16357,7.2810
16417,39.9096
16418,38.9651
16358,7.5692
16359,7.0414
16419,39.0517
16420,39.0242
16360,7.4937
16361,6.9591
16421,39.3775
16422,38.2994
16362,7.3334
16423,38.4608
16363,7.3298
16424,38.7640
16364,7.4314
16425,38.9070
16365,7.3687
16366,6.9560
16426,40.0031
16367,7.0380
16427,39.0186
16368,7.2975
16428,38.5414
16369,7.2270
16429,38.6794
16430,38.1021
16370,7.1999
16431,39.1174
16371,7.5686
16432,39.7432
16372,7.8065
16373,7.2942
16433,39.0657
16374,6.9796
16434,38.1080
16435,38.5104
16375,7.1206
16376,7.1259
16436,38.9751
16437,38.9836
16377,7.1113
16438,39.4186
16378,7.5870
16379,6.8431
16439,40.3013
16380,7.2862
16440,39.7478
16381,7.3592
16441,38.7393
16382,7.3055
16442,38.9433
16383,7.4007
16443,39.2816
16444,38.9443
16384,7.2689
16385,7.2084
16445,40.7108
16386,7.0480
16446,39.3409
16447,38.1914
16387,7.1013
16448,38.7543
16388,7.4605
16389,7.4610
16449,38.6799
16450,37.9376
16390,7.6970
16391,7.2253
16451,38.8730
16452,37.2622
16392,7.1670
16453,37.3737
16393,7.2557
16454,38.8282
16394,7.2427
16455,38.9206
16395,7.2218
16456,37.8055
16396,7.6405
16457,39.3775
16397,7.6146
16398,7.1029
16458,39.9040
16399,6.9567
16459,37.9222
16460,37.1983
16400,7.1019
16461,37.9018
16401,7.3298
16462,38.8958
16402,7.5029
16463,38.2349
16403,7.5981
16464,38.7892
16404,7.3927
16405,7.3002
16465,38.7691
16466,38.0011
16406,7.1657
16467,37.8754
16407,7.1783
16468,37.8851
16408,7.0429
16469,37.4093
16409,7.5111
16470,38.3924
16410,7.4935
16471,38.9393
16411,7.7819
16472,38.4766
16412,7.8226
16413,7.3709
16473,38.7797
16474,37.4814
16414,6.9861
16475,37.6697
16415,7.0705
16476,39.2534
16416,6.9597
16477,38.1116
16417,7.0494
16478,39.4293
16418,7.5408
16479,39.9679
16419,7.5155
16480,38.8436
16420,6.9009
16481,38.0874
16421,6.9291
16482,37.4045
16422,6.9545
16483,37.5394
16423,7.3461
16484,39.2043
16424,6.9589
16485,37.5890
16425,7.7412
16486,39.1270
16426,7.0835
16487,39.0010
16427,7.4034
16428,6.9621
16488,38.7697
16429,6.9469
16489,37.4383
16490,37.7128
16430,7.3208
16491,38.9244
16431,7.6711
16492,39.1220
16432,7.5161
16493,38.0435
16433,7.2083
16494,37.9133
16434,7.0688
16495,39.0255
16435,7.3298
16436,6.9293
16496,38.6230
16497,37.9138
16437,7.5087
16498,38.5281
16438,7.8369
16439,6.9043
16499,39.5579
16500,37.5605
16440,7.0418
16501,38.8228
16441,7.2267
16502,38.4126
16442,6.9819
16503,38.2078
16443,7.7367
16444,7.2252
16504,38.7123
16505,37.9205
16445,7.5767
16446,6.9048
16506,39.7354
16507,37.6574
16447,7.3626
16448,6.9130
16508,41.5586
16509,38.1673
16449,6.9514
16510,37.3617
16450,7.6843
16511,38.9814
16451,7.3850
16452,6.9335
16512,39.5982
16513,37.6126
16453,7.6361
16514,39.4601
16454,7.4331
16515,37.5915
16455,7.2592
16456,6.8441
16516,38.7814
16517,37.2127
16457,7.2776
16518,38.3458
16458,7.6370
16459,7.3633
16519,38.5612
16520,37.9114
16460,7.5946
16521,38.1146
16461,7.1951
16522,38.3212
16462,6.9243
16523,37.2685
16463,7.7161
16524,38.6798
16464,7.2456
16525,38.1903
16465,7.1944
16526,39.4422
16466,7.2860
16467,7.1129
16527,37.8504
16528,38.0093
16468,7.7417
16529,38.6020
16469,6.9437
16530,37.3762
16470,7.8909
16531,39.4811
16471,7.0375
16532,37.9945
16472,7.6820
16533,38.5386
16473,7.0113
16534,38.2286
16474,7.2291
16535,40.2232
16475,8.5798
16476,6.9587
16536,39.6441
16537,37.2829
16477,7.6240
16538,38.8012
16478,7.1831
16539,37.7278
16479,7.5531
16540,39.2733
16480,8.2647
16481,7.4596
16541,38.6451
16482,7.4777
16542,38.8515
16543,38.3687
16483,7.4459
16484,7.0124
16544,39.3963
16485,7.0608
16545,37.6066
16546,37.2012
16486,7.5712
16547,39.8841
16487,8.8490
16488,7.0043
16548,38.9738
16549,37.3577
16489,7.4634
16550,37.4770
16490,7.7751
16551,38.9150
16491,7.1429
16552,37.4218
16492,7.5153
16493,7.0495
16553,39.8562
16554,37.8261
16494,7.1340
16555,38.5060
16495,8.2628
16496,6.8613
16556,38.6580
16557,36.9662
16497,7.5072
16498,7.3649
16558,38.6221
16559,37.0617
16499,7.4658
16560,38.9001
16500,7.5551
16561,38.5101
16501,7.2133
16562,37.4928
16502,7.4806
16563,37.9546
16503,7.4997
16564,37.7108
16504,7.5017
16565,38.2056
16505,7.3184
16566,38.7261
16506,7.4418
16567,38.2665
16507,7.4131
16568,38.4128
16508,7.1436
16509,7.0251
16569,38.1721
16570,37.7261
16510,7.4267
16571,38.5955
16511,7.1608
16572,37.9714
16512,7.5474
16573,39.1967
16513,7.2805
16574,37.9496
16514,7.2642
16575,38.6445
16515,7.2858
16576,38.9237
16516,7.0720
16577,38.3106
16517,7.3713
16578,39.0516
16518,7.4173
16519,6.9040
16579,38.8078
16580,37.4717
16520,7.4656
16581,38.1950
16521,7.3123
16582,38.8876
16522,7.7197
16583,38.2213
16523,7.0750
16584,38.3295
16524,7.3899
16585,39.4832
16525,7.4840
16586,38.4434
16526,7.8444
16587,38.6418
16527,8.5905
16528,6.9076
16588,38.2635
16589,38.0289
16529,7.2686
16590,38.3995
16530,7.8785
16591,38.7063
16531,7.2290
16592,37.8488
16532,7.0059
16593,38.1293
16533,7.0612
16594,38.2643
16534,7.3549
16595,38.4252
16535,8.2658
16596,38.0271
16536,7.0878
16597,37.7076
16537,7.5481
16598,38.8855
16538,7.7017
16599,38.2002
16539,8.0968
16540,7.2964
16600,38.7999
16541,7.0321
16601,37.6517
16602,37.5733
16542,7.1262
16603,38.0407
16543,7.2507
16604,39.2135
16544,8.0236
16545,6.9388
16605,38.6015
16606,37.6620
16546,7.1917
16607,39.0095
16547,6.8716
16608,38.5891
16548,6.9002
16609,37.5047
16549,9.0974
16550,7.3394
16610,39.8713
16551,6.8669
16611,38.2077
16612,37.8876
16552,7.6171
16613,38.0907
16553,7.0487
16614,39.4365
16554,7.3156
16615,39.1925
16555,7.3265
16616,37.8247
16556,7.5112
16617,39.1357
16557,7.0787
16618,39.0522
16558,7.2794
16619,38.3325
16559,8.1563
16560,6.9342
16620,39.1529
16621,37.4759
16561,7.3067
16622,38.1121
16562,7.5549
16563,6.9546
16623,39.0946
16624,37.3451
16564,7.4852
16565,6.8699
16625,39.0498
16626,37.0681
16566,7.4733
16627,38.5952
16567,7.5992
16628,37.8319
16568,7.5643
16629,38.4229
16569,7.3091
16630,37.7785
16570,7.5017
16571,7.2643
16631,39.3400
16632,37.6148
16572,7.3088
16633,38.9894
16573,7.0241
16634,38.7902
16574,7.5668
16635,39.4177
16575,7.5398
16576,7.0529
16636,38.7416
16637,36.7006
16577,7.2833
16638,38.9183
16578,7.2436
16639,38.6192
16579,7.3799
16640,38.3181
16580,6.9720
16641,37.5541
16581,7.2507
16642,37.7567
16582,7.6254
16643,39.8354
16583,7.7274
16584,6.9543
16644,38.7386
16645,37.6412
16585,7.4638
16646,39.1769
16586,7.7997
16647,38.4770
16587,7.1392
16588,7.2294
16648,38.4336
16649,37.5105
16589,7.5230
16650,38.8250
16590,7.4004
16651,38.6608
16591,7.1564
16652,38.3493
16592,7.1950
16653,39.0979
16593,7.2314
16594,6.9512
16654,38.5651
16655,37.8332
16595,7.6021
16656,39.1661
16596,7.3367
16657,37.2464
16597,7.6412
16658,39.2192
16598,8.4630
16659,38.3211
16599,6.8876
16660,37.7014
16600,7.4439
16661,37.9461
16601,7.3087
16662,38.0277
16602,7.2569
16663,38.9732
16603,7.7883
16664,38.7303
16604,7.1214
16665,37.3755
16605,7.1343
16666,37.9827
16606,7.2229
16667,39.8404
16607,7.0647
16608,6.6752
16668,40.6597
16669,37.7871
16609,7.2307
16670,39.0862
16610,6.9662
16671,38.3004
16611,6.5073
16672,38.8482
16612,6.6338
16673,37.2229
16613,7.6146
16674,38.8242
16614,6.5265
16615,6.3602
16675,38.0551
16676,37.7091
16616,6.7543
16677,38.5580
16617,6.4368
16678,38.4145
16618,6.7049
16679,38.0051
16619,6.6995
16680,37.6461
16620,6.4740
16681,37.8509
16621,7.7395
16622,6.6236
16682,38.7405
16683,37.5303
16623,6.9470
16624,6.6742
16684,38.6006
16685,38.0485
16625,7.1194
16686,38.9552
16626,6.4913
16687,39.5868
16627,6.5159
16688,38.2771
16628,6.6003
16689,37.9951
16629,6.6523
16690,38.3300
16630,8.3345
16631,6.3974
16691,38.4368
16692,37.8704
16632,6.8071
16693,37.9718
16633,7.1802
16694,38.9006
16634,6.8948
16695,39.4019
16635,6.8687
16696,38.9563
16636,6.6815
16697,38.8039
16637,6.6513
16698,38.5766
16638,6.8306
16699,39.6825
16639,6.9228
16640,6.5254
16700,39.2305
16701,37.7142
16641,6.6244
16702,38.9036
16642,7.3954
16643,6.4596
16703,41.0349
16704,38.1650
16644,7.2446
16705,38.6830
16645,6.8754
16706,38.8224
16646,7.0262
16707,40.1116
16647,7.4611
16648,6.4163
16708,39.1857
16709,37.3715
16649,6.5008
16710,38.3140
16650,6.9424
16711,39.0317
16651,6.5541
16712,38.9261
16652,6.8953
16713,37.8682
16653,6.9069
16714,38.6194
16654,6.7916
16715,38.5844
16655,7.0044
16716,38.9994
16656,7.0397
16657,6.8821
16717,39.4409
16718,38.2940
16658,6.6733
16719,38.4507
16659,6.6630
16720,39.0486
16660,6.8440
16721,39.1092
16661,6.7722
16722,38.2096
16662,6.9024
16723,40.1451
16663,7.5432
16664,6.7030
16724,39.2751
16725,39.0267
16665,6.8783
16726,39.1809
16666,6.9241
16727,39.7884
16667,6.4191
16728,39.0884
16668,6.9324
16729,39.9025
16669,6.6414
16730,39.2075
16670,7.4589
16731,39.7340
16671,6.9709
16672,6.6081
16732,38.7724
16733,41.7321
16673,7.0180
16734,39.5778
16674,6.7959
16735,39.1521
16675,6.5875
16676,6.4692
16736,39.5522
16737,38.9454
16677,6.5516
16738,39.1677
16678,7.3908
16679,6.9307
16739,39.5771
16740,38.9745
16680,7.1267
16681,6.5763
16741,40.4871
16682,6.8869
16742,39.0892
16743,38.7485
16683,7.1339
16684,6.6782
16744,40.6418
16745,39.1527
16685,7.4124
16746,39.3535
16686,6.4331
16747,37.8783
16687,6.5214
16748,38.5675
16688,7.4664
16689,6.7093
16749,38.7441
16750,38.0966
16690,6.7980
16751,38.5073
16691,6.9282
16752,39.0507
16692,7.7253
16753,38.4595
16693,6.7610
16754,38.1076
16694,6.9187
16755,39.3158
16695,6.9025
16756,39.4859
16696,7.1884
16697,6.5388
16757,38.5236
16758,38.6113
16698,7.2843
16699,6.4433
16759,39.1022
16760,37.3505
16700,6.5521
16761,38.1979
16701,6.6204
16762,38.5372
16702,6.5283
16763,38.1681
16703,7.3742
16704,6.5104
16764,38.9616
16765,37.8343
16705,6.4791
16766,38.1185
16706,6.7602
16767,38.2667
16707,6.6425
16708,6.8641
16768,38.8088
16769,36.8855
16709,6.8606
16770,39.1217
16710,7.0520
16771,38.9034
16711,6.4957
16772,38.4014
16712,6.4393
16773,38.3254
16713,6.5769
16774,38.9519
16714,7.8113
16715,6.3976
16775,39.1709
16776,37.3994
16716,6.9209
16777,38.9025
16717,6.8040
16778,38.4601
16718,6.8975
16779,38.2298
16719,6.8628
16780,38.0773
16720,6.9676
16721,6.4302
16781,38.9200
16782,37.5244
16722,6.7297
16783,39.9836
16723,6.8615
16784,38.1913
16724,6.8235
16785,38.1467
16725,7.2150
16786,38.9760
16726,7.2524
16787,38.3019
16727,6.9962
16788,40.8384
16728,6.4480
16789,38.3436
16729,6.5478
16790,40.1002
16730,6.1615
16791,38.8920
16731,6.5472
16792,39.0083
16732,6.6175
16733,6.1981
16793,40.7681
16794,39.3694
16734,6.3027
16795,38.6712
16735,6.6814
16796,39.6531
16736,6.7240
16797,38.8008
16737,6.2600
16798,38.7427
16738,6.5051
16799,40.0581
16739,6.2685
16800,38.6834
16740,6.5102
16801,39.0885
16741,6.8184
16742,6.3048
16802,39.3048
16803,38.3430
16743,6.2476
16804,38.9677
16744,6.7341
16805,39.7636
16745,6.3336
16746,6.2090
16806,39.3580
16807,38.3192
16747,7.3027
16808,39.7689
16748,6.2689
16809,39.1002
16749,6.3054
16810,39.1038
16750,6.3910
16811,39.6372
16751,6.3860
16812,38.9712
16752,6.6813
16813,39.8052
16753,6.3986
16754,6.2237
16814,39.1855
16815,38.7340
16755,6.3379
16816,39.3779
16756,6.3109
16817,39.4930
16757,6.7237
16818,39.7932
16758,6.3393
16819,39.1398
16759,7.2642
16820,38.9753
16760,6.1909
16821,38.8202
16761,7.5374
16762,6.2075
16822,40.5092
16763,6.1104
16823,40.3096
16824,38.2950
16764,6.1386
16825,38.9133
16765,6.2131
16826,38.9920
16766,6.3215
16767,6.3146
16827,38.8109
16828,39.1499
16768,6.7163
16769,6.3603
16829,39.3917
16830,39.3653
16770,6.4543
16771,6.1559
16831,39.5371
16832,38.3842
16772,6.1953
16833,38.5308
16773,6.4305
16834,38.9758
16774,6.8990
16775,6.1942
16835,39.3407
16836,38.6205
16776,6.1158
16837,38.5604
16777,6.3336
16838,38.7730
16778,7.1673
16779,6.2913
16839,39.9808
16840,38.8198
16780,6.2592
16841,39.2523
16781,6.7580
16782,6.2467
16842,39.8850
16843,39.0761
16783,6.3247
16844,38.8714
16784,6.1823
16845,39.0714
16785,6.4690
16786,6.1290
16846,40.7116
16847,39.3299
16787,6.5739
16848,39.3656
16788,6.3010
16849,38.1445
16789,6.7774
16790,6.1647
16850,38.9977
16851,38.3574
16791,6.7308
16852,38.6875
16792,6.4316
16853,40.1024
16793,6.3690
16854,39.4502
16794,6.6809
16855,39.5419
16795,6.7285
16856,38.7141
16796,6.7339
16857,39.1227
16797,6.7039
16858,40.2505
16798,6.6605
16859,39.1134
16799,6.6086
16860,39.8391
16800,6.5929
16861,38.4758
16801,6.4239
16862,38.7000
16802,6.1026
16863,38.7722
16803,6.3841
16864,40.1034
16804,6.8789
16805,6.6130
16865,39.9470
16866,38.8051
16806,6.6564
16867,39.4769
16807,6.4932
16868,39.9925
16808,6.6625
16869,38.6381
16809,6.8330
16810,6.6039
16870,39.8633
16871,38.2526
16811,6.9040
16812,6.1643
16872,39.5587
16873,38.1652
16813,6.6978
16874,38.8787
16814,6.5068
16875,39.9123
16815,6.2889
16876,38.4295
16816,6.8962
16817,6.1059
16877,39.1812
16878,38.3324
16818,6.8837
16819,6.6452
16879,39.3770
16880,37.5338
16820,6.6983
16821,6.4025
16881,40.5450
16882,37.7790
16822,6.6004
16823,6.3356
16883,39.2961
16884,38.5123
16824,6.3241
16885,38.9427
16825,6.5424
16886,38.6063
16826,6.7427
16887,39.5116
16827,6.5221
16888,38.7584
16828,6.9127
16889,40.4034
16829,6.7124
16830,6.6993
16890,39.0052
16891,39.1914
16831,6.7350
16832,6.5906
16892,39.8007
16893,38.6459
16833,6.2639
16894,39.2243
16834,6.5605
16895,39.0285
16835,6.6855
16836,6.3265
16896,39.1940
16897,38.4022
16837,6.4047
16898,38.7810
16838,6.5825
16899,38.5020
16839,6.6946
16900,40.2056
16840,6.3944
16901,38.2011
16841,6.5973
16902,39.8242
16842,6.2084
16903,39.0555
16843,6.1890
16904,38.6815
16844,6.6144
16905,39.0736
16845,6.7475
16906,39.0755
16846,6.2836
16907,38.4660
16847,7.0574
16908,40.3568
16848,6.7465
16849,6.2648
16909,38.8460
16910,37.8019
16850,6.8562
16851,6.3324
16911,39.6938
16912,37.8692
16852,6.8065
16853,6.4996
16913,39.0797
16914,37.7385
16854,6.5955
16915,39.1122
16855,6.4907
16916,38.4274
16856,6.6430
16917,39.4818
16857,6.4191
16918,37.8800
16858,6.4980
16919,39.0005
16859,6.4212
16920,38.6979
16860,6.4719
16921,39.5244
16861,6.5314
16862,6.7989
16922,38.9316
16923,39.1744
16863,6.6486
16864,6.2802
16924,39.9552
16925,38.7640
16865,6.5544
16866,6.3331
16926,39.5692
16927,38.5319
16867,6.3641
16928,40.2095
16868,6.8450
16929,38.0141
16869,6.3249
16870,6.6415
16930,39.6298
16931,38.4561
16871,6.7796
16872,6.1517
16932,39.6763
16933,38.5023
16873,6.8578
16934,39.8110
16874,6.7520
16935,39.1253
16875,6.9093
16876,6.5654
16936,40.5209
16877,6.4621
16937,39.5777
16938,38.5008
16878,6.1787
16939,38.7463
16879,6.8127
16940,39.4352
16880,6.6021
16941,37.9590
16881,6.9220
16882,6.6523
16942,40.6142
16943,38.1271
16883,6.5177
16944,40.0426
16884,6.7122
16885,6.4079
16945,38.9003
16946,38.4628
16886,6.7665
16887,6.3348
16947,39.7637
16948,38.6230
16888,6.5573
16949,39.6067
16889,6.4320
16950,39.4170
16890,6.4101
16951,39.7290
16891,6.7729
16892,6.2938
16952,39.4666
16953,37.8621
16893,6.5520
16954,39.2112
16894,6.5886
16955,39.5601
16895,6.8296
16896,6.3799
16956,40.1154
16957,38.7344
16897,6.8024
16898,6.6229
16958,39.5785
16959,39.4395
16899,6.8833
16960,39.0974
16900,6.7409
16961,38.1752
16901,6.6404
16962,39.5256
16902,6.5625
16903,6.5624
16963,39.3997
16964,38.1148
16904,6.4980
16965,38.7395
16905,6.4488
16906,6.7207
16966,39.3045
16967,37.4261
16907,6.7154
16968,40.3029
16908,6.4984
16969,37.9881
16909,6.8420
16970,39.6769
16910,6.6288
16971,39.0905
16911,6.6746
16972,38.1507
16912,6.6402
16973,38.8177
16913,6.8732
16914,6.5091
16974,38.9747
16975,37.3017
16915,6.6805
16916,6.6432
16976,40.0052
16977,38.5097
16917,6.3310
16978,38.9036
16918,6.5240
16919,6.2825
16979,39.0778
16980,38.5052
16920,6.2802
16981,38.5228
16921,6.8168
16922,6.2034
16982,40.4166
16983,39.0623
16923,6.4967
16984,39.3379
16924,6.8126
16985,38.8627
16925,6.4630
16926,6.2647
16986,39.9505
16987,38.9392
16927,6.1754
16988,39.7074
16928,6.6854
16929,6.3973
16989,45.2896
16990,38.2787
16930,6.5149
16991,38.3222
16931,6.3182
16992,39.1573
16932,6.7990
16993,38.2808
16933,6.7521
16994,38.8672
16934,6.7596
16995,39.8625
16935,6.3932
16996,38.3470
16936,6.6908
16937,6.3527
16997,39.9069
16998,38.3898
16938,6.9523
16939,6.3585
16999,40.7246
16940,6.0802
17000,38.7511
16941,6.4100
17001,37.9376
17002,38.6253
16942,6.8416
17003,39.7207
16943,6.7754
16944,6.3948
17004,40.4782
16945,6.7914
17005,38.3334
17006,39.3005
16946,6.4406
16947,6.2554
17007,39.8491
17008,38.4426
16948,7.0031
17009,38.7500
16949,6.7370
16950,6.2340
17010,39.5187
17011,37.8517
16951,6.6733
16952,6.2918
17012,40.0428
17013,37.6089
16953,6.5805
17014,38.7447
16954,6.7439
17015,38.6112
16955,6.8107
17016,39.2105
16956,6.5646
16957,6.6527
17017,40.1276
17018,38.0075
16958,6.5637
17019,40.1410
16959,6.1587
17020,38.4411
16960,6.6264
17021,38.8084
16961,6.6133
16962,6.3187
17022,39.2873
17023,38.4826
16963,6.8904
17024,40.0909
16964,6.4452
17025,39.3730
16965,6.7090
17026,39.1002
16966,6.1987
16967,6.7068
17027,39.1727
16968,6.7010
17028,38.6356
17029,37.4006
16969,6.5689
17030,39.9823
16970,6.6779
16971,6.2425
17031,41.7944
17032,37.7246
16972,6.8271
17033,38.7478
16973,6.7546
17034,38.8738
16974,6.5498
17035,38.8488
16975,6.7252
17036,38.1952
16976,6.4616
16977,6.6620
17037,39.7320
17038,37.7196
16978,6.9134
16979,6.1019
17039,39.4038
16980,6.4412
17040,38.7885
16981,6.4286
17041,38.3410
17042,38.2672
16982,6.7634
17043,38.8972
16983,6.5805
17044,38.1046
16984,6.4414
16985,6.1723
17045,39.6408
17046,37.7102
16986,6.4415
17047,38.8787
16987,6.4996
17048,39.0067
16988,6.3633
17049,39.0526
16989,6.8400
17050,38.7787
16990,6.4578
17051,39.6731
16991,6.9318
16992,6.4170
17052,39.3755
17053,38.4886
16993,6.5847
16994,6.5257
17054,39.1680
17055,38.6861
16995,6.9386
17056,40.8476
16996,6.5354
16997,6.3936
17057,39.4217
17058,39.5663
16998,6.7213
17059,39.7887
16999,6.4806
17060,38.2291
17000,6.2899
17061,38.5133
17001,6.9859
17062,39.1958
17002,6.6211
17063,39.2303
17003,6.7332
17004,6.6133
17064,39.7153
17005,6.3937
17065,37.6980
17066,38.0990
17006,6.5082
17067,38.7035
17007,6.7519
17068,38.8730
17008,6.8081
17069,38.7593
17009,6.6503
17010,6.3237
17070,40.2697
17071,40.0524
17011,6.6337
17072,38.6775
17012,6.3403
17073,38.5379
17013,6.8440
17014,6.5516
17074,39.2413
17015,6.5338
17075,38.6725
17076,38.7366
17016,6.4078
17077,39.2670
17017,6.6323
17078,38.9441
17018,6.3353
17019,6.6617
17079,39.5467
17080,38.0569
17020,6.6391
17081,39.6392
17021,6.0285
17082,37.6607
17022,6.4279
17083,38.2473
17023,6.6896
17084,40.0823
17024,6.3501
17085,38.6548
17025,6.6365
17086,39.3416
17026,6.3796
17087,39.5201
17027,6.6277
17088,38.6465
17028,6.6535
17029,6.2369
17089,40.5496
17030,6.5812
17090,38.4312
17091,38.9829
17031,6.6796
17032,6.4210
17092,40.5585
17093,38.3220
17033,6.7413
17094,38.8660
17034,6.5285
17095,38.4541
17035,6.4108
17036,6.7179
17096,39.6865
17097,39.4543
17037,6.6492
17098,38.4612
17038,6.9342
17039,6.5119
17099,39.9783
17040,6.4791
17100,38.7867
17041,6.3543
17101,38.3418
17102,38.0141
17042,6.7646
17103,39.1622
17043,6.9166
17044,6.7930
17104,39.6142
17105,38.1901
17045,6.9405
17106,39.6512
17046,6.6856
17047,6.6968
17107,38.7543
17048,6.5541
17108,38.9455
17049,6.5188
17109,38.3955
17110,39.0727
17050,6.5247
17111,38.4100
17051,7.1563
17112,40.3091
17052,6.8702
17113,39.4580
17053,7.0453
17054,6.4942
17114,40.0509
17115,38.8454
17055,6.6498
17116,39.6120
17056,6.8045
17057,6.5453
17117,39.8486
17118,39.0151
17058,6.5589
17059,6.3842
17119,39.6654
17120,38.7540
17060,7.0499
17061,6.4078
17121,40.9649
17122,39.0177
17062,6.8051
17123,38.0213
17063,6.5326
17124,39.3173
17064,7.0583
17065,6.1000
17125,40.9783
17066,6.2529
17126,38.9724
17127,39.0533
17067,6.5436
17128,38.7161
17068,6.5302
17129,39.2425
17069,6.8851
17130,39.2271
17070,6.4097
17131,38.2249
17071,6.8970
17132,39.3151
17072,6.3558
17133,39.0100
17073,6.4192
17134,39.0821
17074,6.1926
17075,6.1745
17135,39.3081
17136,37.9887
17076,6.3782
17137,38.9944
17077,6.4074
17138,39.0593
17078,6.5371
17139,39.6878
17079,6.0713
17140,38.4131
17080,6.6163
17141,39.7817
17081,6.4067
17142,38.8512
17082,6.6628
17143,38.3221
17083,6.5595
17084,6.8003
17144,40.4925
17145,38.6778
17085,6.4185
17146,39.1224
17086,6.2836
17147,39.3849
17087,6.5929
17148,39.2762
17088,6.7088
17149,40.2342
17089,6.8211
17150,38.2348
17090,6.3609
17151,38.4156
17091,7.0615
17152,39.6700
17092,6.7042
17153,39.6519
17093,6.4241
17094,6.5368
17154,38.9700
17155,39.8329
17095,6.9788
17156,39.8337
17096,6.7077
17157,40.2900
17097,6.8635
17158,38.9649
17098,6.5621
17159,38.4308
17099,7.1288
17160,40.4542
17100,6.7326
17101,6.3363
17161,39.5093
17162,38.5410
17102,6.5213
17163,38.8067
17103,6.5189
17164,38.6451
17104,6.5172
17165,38.8068
17105,6.9563
17106,6.4722
17166,40.1596
17167,39.0357
17107,6.6948
17168,38.7529
17108,6.7736
17169,39.1749
17109,6.5398
17170,37.9765
17110,6.7933
17111,6.5140
17171,39.4972
17172,37.7586
17112,6.2552
17173,39.5158
17113,6.4014
17174,39.1549
17114,6.3753
17115,6.7137
17175,38.8628
17176,38.0346
17116,6.5249
17177,38.3085
17117,6.8538
17178,38.5624
17118,6.4874
17179,39.0995
17119,6.8905
17120,6.1849
17180,39.9331
17181,37.8360
17121,6.9597
17122,6.1667
17182,39.5139
17183,38.2261
17123,6.9714
17184,39.4673
17124,6.5453
17185,39.2067
17125,7.0698
17126,6.5388
17186,39.8340
17127,6.3834
17187,38.5736
17188,38.4686
17128,6.8040
17129,6.2985
17189,39.8441
17190,38.7510
17130,6.4704
17191,39.1992
17131,6.4253
17192,39.1274
17132,6.3482
17193,38.7874
17133,6.6847
17194,38.8795
17134,6.4176
17195,39.1531
17135,6.8152
17196,39.0851
17136,6.3440
17197,39.2059
17137,6.8623
17198,40.2717
17138,6.6900
17139,6.3937
17199,39.7200
17200,37.8303
17140,6.6213
17201,39.2030
17141,6.3174
17202,39.4052
17142,6.3031
17203,38.3037
17143,6.7478
17204,39.4752
17144,6.7055
17205,38.5662
17145,6.4416
17206,38.6341
17146,6.6821
17207,38.2846
17147,6.4046
17208,38.9086
17148,6.1945
17209,38.2801
17149,6.6104
17210,38.2172
17150,6.6530
17211,39.8640
17151,6.2031
17212,38.5313
17152,6.8366
17153,6.5893
17213,39.1319
17214,38.4559
17154,6.3301
17215,38.5932
17155,6.4384
17216,39.0737
17156,6.3951
17217,39.8919
17157,6.5628
17158,6.4305
17218,38.9763
17219,38.1329
17159,6.9222
17220,39.6974
17160,6.6653
17161,6.6424
17221,39.2864
17222,37.7449
17162,6.7677
17163,6.5509
17223,40.8789
17164,6.6892
17224,39.3837
17225,38.7582
17165,6.6153
17226,38.7174
17166,6.2344
17167,6.2599
17227,40.0130
17228,38.9661
17168,6.6825
17229,39.1001
17169,6.5260
17230,39.6159
17170,6.3603
17231,39.9212
17171,6.1932
17232,38.6992
17172,7.0205
17233,39.5271
17173,6.7125
17174,6.6273
17234,39.0902
17235,40.7206
17175,6.5782
17236,39.2698
17176,6.5680
17237,38.2355
17177,6.4434
17178,6.2019
17238,40.1129
17239,37.8458
17179,6.9083
17240,38.9590
17180,6.7679
17241,38.6898
17181,6.8332
17182,6.5014
17242,39.7230
17243,38.5843
17183,6.5566
17244,39.5218
17184,6.3389
17185,6.3795
17245,39.1206
17246,39.1284
17186,6.3474
17247,39.4895
17187,6.9706
17248,40.1387
17188,6.6592
17189,6.0749
17249,39.6689
17250,37.7161
17190,6.7083
17251,39.5641
17191,6.7850
17252,38.8325
17192,6.7192
17253,39.8850
17193,6.4190
17254,38.0203
17194,6.6894
17255,38.5986
17195,6.7150
17256,40.2193
17196,6.5500
17257,39.1792
17197,6.7176
17258,38.4495
17198,6.5332
17259,39.4603
17199,6.9084
17200,6.0957
17260,39.3551
17261,38.6309
17201,6.8323
17262,38.8209
17202,6.5673
17263,39.0565
17203,7.0304
17204,6.5238
17264,39.5800
17265,38.6626
17205,6.9392
17266,39.5210
17206,6.6881
17267,39.2974
17207,6.4688
17268,39.2123
17208,6.5774
17209,6.0640
17269,40.2480
17270,37.6470
17210,6.5138
17271,39.8217
17211,6.5330
17272,38.9641
17212,6.4838
17273,38.3986
17213,6.8597
17274,38.8352
17214,6.3492
17275,38.1706
17215,6.2898
17276,39.4799
17216,6.5524
17277,38.6853
17217,6.6018
17278,38.9022
17218,6.5042
17279,38.4071
17219,6.4868
17220,6.1329
17280,40.5492
17281,38.1387
17221,6.7336
17282,39.6833
17222,6.4016
17283,39.4122
17223,6.5364
17284,38.4894
17224,6.3711
17285,39.7293
17225,6.1307
17286,38.0427
17226,6.3247
17287,39.0730
17227,6.9692
17228,6.5543
17288,39.2677
17289,38.4255
17229,6.8516
17290,39.1721
17230,6.3638
17291,38.6038
17231,6.4141
17292,38.4822
17232,6.3639
17293,38.4256
17233,6.6140
17294,38.2029
17234,6.6980
17295,39.0852
17235,6.6283
17296,38.9543
17236,6.4534
17297,38.6717
17237,6.5017
17238,6.2274
17298,39.4263
17299,38.2691
17239,6.8634
17300,40.7069
17240,6.1749
17301,38.9170
17241,6.1541
17302,38.7369
17242,6.2102
17303,38.8899
17243,6.7824
17304,38.6898
17244,6.5312
17245,6.4738
17305,39.3093
17306,37.7530
17246,6.4926
17247,6.4857
17307,39.6712
17308,39.3730
17248,6.7274
17249,6.6267
17309,39.9236
17310,38.0390
17250,6.2407
17311,38.9257
17251,6.9366
17252,6.2095
17312,39.6571
17313,38.3934
17253,6.2219
17314,38.8647
17254,6.3879
17315,39.4457
17255,6.9428
17316,40.6954
17256,6.3710
17317,38.4601
17257,6.2348
17318,38.7922
17258,6.5510
17319,39.8061
17259,6.6600
17320,39.9093
17260,6.1960
17321,38.9174
17261,6.2772
17322,38.2385
17262,6.4536
17323,39.3227
17263,6.2420
17324,38.9523
17264,6.2591
17325,39.3628
17265,6.2730
17326,38.5795
17266,6.1618
17327,38.6944
17267,6.4757
17328,38.8812
17268,6.4037
17329,38.8273
17269,6.2892
17330,39.1670
17270,6.1795
17331,38.7673
17271,6.2847
17332,37.9979
17272,6.4636
17333,39.1042
17273,6.4387
17274,6.2231
17334,39.2103
17335,37.3629
17275,6.8387
17336,40.0640
17276,6.2689
17337,38.6157
17277,6.4095
17338,39.3737
17278,6.5185
17279,6.2967
17339,39.2300
17340,38.4840
17280,6.4587
17341,39.7409
17281,6.3406
17342,39.1865
17282,6.2594
17343,39.0241
17283,6.5044
17344,39.5164
17284,6.4054
17285,6.1848
17345,38.7972
17346,38.5223
17286,6.3287
17347,39.9044
17287,6.5025
17348,38.6264
17288,6.3520
17349,38.5104
17289,6.3919
17290,6.2650
17350,39.6967
17351,38.5580
17291,6.4867
17352,38.6147
17292,6.5441
17353,39.4613
17293,6.2058
17294,6.1960
17354,39.8829
17355,38.6953
17295,6.6968
17356,39.0900
17296,7.0080
17297,6.1918
17357,40.3190
17358,38.6724
17298,6.7533
17359,39.2396
17299,6.5938
17360,38.2033
17300,6.6033
17361,39.7201
17301,6.3913
17362,38.3075
17302,6.6931
17303,6.4412
17363,39.6764
17364,38.9379
17304,7.0180
17365,39.4975
17305,6.6462
17306,6.7440
17366,38.7511
17367,38.1894
17307,6.3699
17368,40.4954
17308,6.4905
17369,38.0420
17309,6.6216
17370,39.2112
17310,6.3807
17371,39.6555
17311,6.2340
17312,6.2565
17372,39.4587
17373,37.9347
17313,7.0070
17314,6.4802
17374,39.2904
17375,38.5966
17315,7.0463
17376,39.2018
17316,6.8808
17317,6.4270
17377,39.2200
17378,38.2052
17318,6.4334
17379,39.0260
17319,6.1617
17380,38.3559
17320,6.8952
17321,6.5490
17381,39.7280
17382,37.5571
17322,6.6695
17383,39.6583
17323,6.7480
17384,39.3717
17324,6.5785
17385,39.1266
17325,6.6540
17386,38.9787
17326,6.5835
17387,39.7272
17327,6.6854
17388,39.2115
17328,6.9556
17389,38.5483
17329,6.5155
17390,39.5270
17330,6.6078
17391,39.5953
17331,6.4625
17392,38.3455
17332,6.7166
17333,6.4684
17393,39.0513
17394,38.1994
17334,6.9532
17395,39.6443
17335,6.6854
17396,39.7266
17336,6.1897
17397,39.0061
17337,6.5783
17398,39.5283
17338,6.5650
17399,39.0023
17339,6.5048
17340,6.2772
17400,38.9898
17401,39.5379
17341,6.5270
17402,38.8236
17342,6.7130
17403,39.0908
17343,6.2469
17404,39.1964
17344,6.7696
17405,39.0832
17345,6.3888
17346,6.1930
17406,40.3478
17347,6.3218
17407,39.1101
17408,38.4996
17348,6.9444
17409,39.9799
17349,6.3765
17410,38.9526
17350,6.7751
17411,39.0930
17351,6.3000
17412,39.8027
17352,6.7329
17413,39.5074
17353,6.6268
17414,38.8568
17354,6.5462
17415,39.3993
17355,6.5740
17416,39.0264
17356,6.4273
17417,38.3956
17357,6.8604
17418,39.6531
17358,6.2276
17419,38.9758
17359,6.6985
17420,38.5215
17360,6.5122
17421,40.1589
17361,6.7488
17422,38.5669
17362,7.0229
17423,39.1476
17363,6.4304
17364,6.1986
17424,40.1046
17425,37.6711
17365,6.5383
17426,39.5391
17366,6.8190
17367,6.2281
17427,39.4779
17428,38.1000
17368,6.2354
17429,38.8089
17369,6.3899
17430,39.4456
17370,6.8245
17371,6.2944
17431,39.2897
17432,38.0599
17372,6.5054
17433,39.1238
17373,6.8297
17434,38.5011
17374,6.5385
17375,6.1332
17435,40.2597
17436,39.3175
17376,6.2579
17437,38.0744
17377,6.5682
17438,38.9378
17378,6.4308
17439,38.6781
17379,6.7096
17440,38.9203
17380,6.2852
17381,6.2246
17441,39.2839
17442,38.2006
17382,6.4704
17443,39.6670
17383,6.5620
17384,6.3064
17444,39.3666
17445,37.9092
17385,6.7507
17386,6.4832
17446,38.9008
17447,38.0205
17387,6.2969
17448,39.1739
17388,6.6492
17449,38.8703
17389,6.1140
17450,37.9554
17390,6.5834
17451,38.8185
17391,6.9460
17452,39.5337
17392,6.5602
17453,38.6136
17393,6.9015
17454,39.7246
17394,6.4889
17395,6.7510
17455,39.3411
17456,38.3911
17396,6.7497
17397,6.1818
17457,39.3805
17458,38.6460
17398,6.8429
17399,6.4186
17459,40.6201
17460,38.9458
17400,6.7529
17401,6.2113
17461,39.5728
17462,38.0720
17402,6.9477
17463,38.6870
17403,6.2143
17464,38.6187
17404,6.9546
17465,38.6010
17405,6.7682
17406,6.2674
17466,40.4813
17467,38.8806
17407,6.5164
17468,39.2423
17408,6.2846
17469,39.3620
17409,6.5832
17470,38.6599
17410,6.9470
17471,40.6496
17411,6.7395
17472,39.0593
17412,6.8584
17413,6.1516
17473,39.9773
17474,37.7787
17414,6.8311
17475,38.8235
17415,6.8845
17476,38.9311
17416,6.6666
17477,39.8278
17417,6.6868
17418,6.3577
17478,40.1197
17479,38.9903
17419,6.4538
17480,38.6700
17420,6.9117
17421,6.7046
17481,40.7399
17482,38.5172
17422,6.7616
17423,6.4859
17483,41.2578
17484,38.1689
17424,6.5464
17485,38.6699
17425,6.5587
17426,6.2763
17486,39.1659
17487,38.0518
17427,6.2479
17488,39.6872
17428,6.5896
17489,38.7483
17429,6.7879
17430,6.5734
17490,38.9809
17431,6.6651
17491,41.7465
17492,38.1669
17432,6.8690
17493,38.7676
17433,6.5763
17434,6.2759
17494,40.5996
17435,6.4101
17495,37.6607
17496,38.1202
17436,6.5194
17437,6.6114
17497,38.9894
17498,38.3341
17438,6.6139
17439,6.6663
17499,39.4483
17500,38.6786
17440,7.6803
17501,39.2298
17441,6.3419
17442,6.3740
17502,39.9654
17443,6.2556
17503,39.0703
17504,39.3939
17444,6.6741
17445,6.1615
17505,39.8535
17506,38.6563
17446,6.1421
17507,39.3650
17447,6.4128
17508,38.8185
17448,6.5735
17449,6.1572
17509,38.8795
17510,38.3582
17450,6.3918
17451,6.1444
17511,39.7541
17512,38.2217
17452,6.7284
17513,40.3662
17453,6.2405
17514,38.4035
17454,6.9910
17515,39.8130
17455,6.1282
17516,38.9388
17456,6.7219
17457,6.1283
17517,39.5575
17518,38.5703
17458,6.7792
17519,39.1497
17459,6.6165
17520,38.3237
17460,6.6479
17461,6.0334
17521,40.4263
17522,38.2923
17462,6.2323
17523,38.4320
17463,6.7872
17464,6.0037
17524,39.5614
17525,38.0276
17465,6.2849
17466,6.0560
17526,38.9899
17527,37.8836
17467,6.5708
17468,6.0829
17528,39.3207
17529,37.7396
17469,6.6721
17470,6.0831
17530,39.7901
17531,38.1779
17471,6.1507
17532,39.0158
17472,6.3765
17533,38.8048
17473,6.8156
17534,39.3933
17474,6.8256
17535,38.8481
17475,6.4991
17536,39.3196
17476,6.7042
17537,39.8185
17477,6.3665
17538,39.1638
17478,6.3170
17539,39.4161
17479,6.2715
17540,39.2625
17480,6.3637
17541,39.3251
17481,6.1123
17542,38.4704
17482,6.6225
17483,6.0605
17543,39.7448
17544,38.5252
17484,6.1681
17545,39.1914
17485,6.2777
17546,38.7231
17486,6.5826
17547,39.6030
17487,6.4761
17548,39.2545
17488,6.4997
17489,6.2164
17549,40.3175
17550,39.5552
17490,6.4357
17551,38.7676
17491,6.2241
17552,38.4157
17492,6.8502
17493,6.1405
17553,38.9708
17554,37.8815
17494,6.3418
17495,6.3241
17555,40.4844
17556,38.5739
17496,6.7150
17557,40.3317
17497,6.7196
17558,38.5015
17498,6.2949
17559,38.6448
17499,6.2284
17560,39.3433
17500,6.2267
17561,39.3414
17501,6.3874
17562,39.7314
17502,6.4175
17503,6.1915
17563,39.7070
17564,39.6185
17504,6.2033
17565,39.1040
17505,6.1440
17566,38.1513
17506,6.2092
17567,39.2659
17507,6.2549
17568,39.3650
17508,6.5578
17509,6.2870
17569,40.8242
17570,38.8871
17510,6.7019
17511,6.3024
17571,39.6819
17572,39.5172
17512,6.2531
17573,39.1706
17513,6.2626
17574,38.3731
17514,6.2168
17575,39.7109
17515,6.4420
17576,38.9016
17516,6.2796
17577,38.6108
17517,6.2557
17578,39.2683
17518,6.4995
17579,39.0771
17519,6.2344
17580,37.9190
17520,6.2828
17581,40.1748
17521,6.8377
17582,39.1005
17522,6.1743
17583,38.7923
17523,6.6633
17524,6.4841
17584,40.2592
17585,38.2107
17525,6.2544
17586,38.9967
17526,6.5313
17587,39.2052
17527,6.1921
17588,38.4829
17528,6.5038
17529,6.0971
17589,39.9074
17590,38.9707
17530,6.9688
17531,6.1267
17591,39.3757
17592,38.1814
17532,6.7153
17533,6.1450
17593,39.8736
17594,38.0222
17534,7.0208
17535,6.0971
17595,40.8000
17596,39.2175
17536,6.2421
17597,39.5177
17537,6.4790
17598,39.0943
17538,6.6895
17539,6.2365
17599,39.6213
17600,39.0377
17540,6.6735
17541,6.1472
17601,40.3340
17602,38.8944
17542,6.2653
17603,38.8517
17543,6.4847
17544,6.2049
17604,39.0307
17605,38.4983
17545,6.4594
17546,6.1758
17606,39.0414
17607,38.6762
17547,6.2706
17608,39.7730
17548,6.3938
17609,38.8384
17549,6.2623
17550,6.0882
17610,39.8277
17611,38.9045
17551,6.6318
17612,40.0659
17552,6.1976
17613,38.7849
17553,6.9967
17554,6.2009
17614,38.8189
17615,38.7654
17555,6.2851
17616,40.2261
17556,6.3190
17617,39.8709
17557,6.9188
17558,6.3228
17618,39.6431
17619,39.3286
17559,6.2646
17620,39.0727
17560,6.5690
17621,39.5631
17561,6.2160
17622,38.5550
17562,6.5076
17563,6.6822
17623,39.3940
17624,38.1252
17564,6.6671
17565,6.2047
17625,39.8302
17626,37.9233
17566,6.5035
17627,38.8230
17567,6.1759
17628,38.6833
17568,6.3535
17629,39.0177
17569,6.6474
17630,39.7434
17570,6.1814
17631,38.3390
17571,6.2591
17572,6.1971
17632,39.8066
17633,37.8667
17573,6.5492
17634,39.3864
17574,6.5073
17575,6.1800
17635,40.4462
17636,38.7471
17576,6.2437
17637,39.8048
17577,6.6816
17638,39.2508
17578,6.2203
17639,39.1954
17579,6.2294
17640,39.2205
17580,6.5185
17581,6.1329
17641,39.4958
17642,37.8164
17582,7.1443
17583,6.5962
17643,39.8657
17644,37.9459
17584,6.6022
17645,38.5472
17585,6.1210
17646,39.1399
17586,6.8664
17587,6.0989
17647,39.4775
17648,38.2691
17588,6.8922
17649,38.6545
17589,6.1578
17650,38.9046
17590,6.2117
17651,38.4244
17591,6.5080
17592,6.4556
17652,39.3607
17653,38.6878
17593,6.2056
17654,38.9117
17594,6.7122
17655,38.9775
17595,6.7465
17596,6.1407
17656,38.8223
17657,38.0364
17597,6.6931
17598,6.0495
17658,39.6248
17659,38.0448
17599,6.6175
17660,38.6550
17600,6.1471
17661,38.6013
17601,6.1334
17662,39.0140
17602,6.1960
17663,39.7167
17603,6.4848
17664,39.0253
17604,6.4425
17665,39.9095
17605,6.3323
17606,6.0575
17666,41.5568
17667,38.4095
17607,6.4165
17668,39.3861
17608,6.1647
17669,39.9968
17609,6.3586
17670,38.4583
17610,6.5207
17671,40.4301
17611,6.2368
17672,39.3159
17612,6.1992
17673,38.1793
17613,6.3060
17674,39.2261
17614,6.4421
17615,6.1584
17675,39.2693
17676,38.1463
17616,6.4420
17677,39.6976
17617,6.5695
17678,38.1271
17618,6.4033
17679,38.7092
17619,6.4896
17680,39.4893
17620,6.5663
17681,39.7372
17621,6.0775
17682,38.0440
17622,6.2030
17683,39.5490
17623,6.2698
17684,39.8861
17624,6.4706
17685,39.4171
17625,6.2169
17686,37.9810
17626,6.5857
17687,39.4029
17627,6.2234
17688,39.1491
17628,6.6616
17689,39.3709
17629,6.3248
17690,38.8229
17630,6.4185
17691,39.2132
17631,6.2439
17692,39.5432
17632,6.6173
17693,39.1872
17633,6.6258
17634,6.0712
17694,39.5500
17695,37.6817
17635,6.4420
17636,6.1284
17696,38.9986
17697,39.2895
17637,6.3560
17698,39.0126
17638,6.1905
17699,38.8820
17639,6.1142
17700,38.8271
17640,6.2278
17701,39.0148
17641,6.5543
17642,6.1963
17702,39.9559
17703,38.6194
17643,6.3287
17704,39.2255
17644,6.3663
17705,40.1441
17645,6.5525
17646,6.0521
17706,39.4399
17707,38.6046
17647,6.1654
17708,38.0858
17648,6.5145
17709,39.5105
17649,6.2892
17710,39.2353
17650,6.0661
17711,38.7962
17651,6.2257
17712,39.2339
17652,6.2002
17713,39.1536
17653,6.5265
17654,6.0717
17714,39.4581
17715,38.3732
17655,6.3226
17716,38.4471
17656,6.5228
17657,6.1312
17717,40.0657
17718,38.4367
17658,6.4609
17719,39.6988
17659,6.2436
17720,38.4265
17660,6.5647
17721,39.5703
17661,6.4085
17722,39.2927
17662,6.6627
17723,39.9804
17663,6.1894
17724,38.2513
17664,6.3464
17665,6.2018
17725,40.3188
17726,38.5047
17666,6.4043
17727,39.1586
17667,6.4807
17668,6.2016
17728,39.3691
17729,38.5944
17669,6.5399
17730,39.4291
17670,6.2693
17731,38.9960
17671,6.7492
17732,40.2753
17672,6.3481
17733,38.7209
17673,7.0801
17674,6.1687
17734,41.0507
17675,6.0703
17735,38.8581
17736,38.0158
17676,6.5490
17737,39.5749
17677,6.5796
17678,6.1760
17738,40.6188
17739,38.4470
17679,6.1448
17740,39.1520
17680,6.1073
17741,38.7467
17681,6.5496
17742,39.3013
17682,6.1331
17743,38.6639
17683,6.3097
17744,38.3707
17684,6.4429
17685,6.2100
17745,39.4476
17746,38.4930
17686,6.5851
17747,39.3586
17687,6.1965
17748,39.0392
17688,6.3123
17749,38.2422
17689,6.2114
17690,6.2831
17750,40.9998
17751,38.3936
17691,6.1577
17752,39.0727
17692,6.5232
17693,6.2617
17753,38.8964
17754,38.4353
17694,6.1954
17755,38.6101
17695,6.2208
17756,38.8530
17696,6.2318
17757,39.4309
17697,6.1457
17758,39.1495
17698,6.1614
17759,38.3338
17699,6.5398
17760,39.5705
17700,6.1070
17761,39.1528
17701,6.2144
17762,39.4926
17702,6.8356
17703,6.0993
17763,39.0254
17764,38.2510
17704,6.2273
17765,38.9360
17705,6.4845
17766,39.6244
17706,6.2715
17767,38.5631
17707,6.3871
17768,39.8814
17708,6.2620
17769,39.7588
17709,6.2620
17710,6.2489
17770,39.9794
17771,38.6617
17711,6.3496
17772,38.6865
17712,6.6062
17773,40.2389
17713,6.2915
17714,6.2239
17774,39.6807
17775,38.3631
17715,6.5775
17776,39.2144
17716,6.2541
17777,38.2106
17717,6.5114
17778,39.0018
17718,6.5295
17719,6.1821
17779,40.3191
17780,38.6848
17720,6.4503
17781,39.1436
17721,6.5992
17782,39.0302
17722,6.1860
17783,38.4985
17723,6.5030
17724,6.1237
17784,39.4903
17785,37.7545
17725,6.2624
17786,39.5112
17726,6.5292
17787,39.3210
17727,6.7561
17728,6.1541
17788,39.1240
17729,6.0233
17789,40.0088
17790,37.4457
17730,6.2253
17791,38.2302
17731,6.3527
17792,39.8251
17732,6.5034
17733,6.2243
17793,40.2839
17794,38.4058
17734,6.8601
17735,6.1047
17795,39.8653
17736,6.1294
17796,38.2012
17797,38.1510
17737,6.2501
17798,39.3256
17738,6.5852
17739,6.1810
17799,40.4593
17740,6.3100
17800,38.6458
17801,38.8430
17741,6.6005
17802,39.7009
17742,6.1599
17743,6.1511
17803,39.0921
17804,38.6973
17744,6.2210
17805,39.1364
17745,6.4703
17806,38.4370
17746,6.4324
17747,6.2206
17807,38.8606
17808,38.7722
17748,6.5017
17809,39.3870
17749,6.2254
17810,39.1365
17750,6.2998
17811,39.5817
17751,6.5540
17752,6.1227
17812,40.0805
17813,38.1988
17753,6.4385
17814,39.0914
17754,6.1012
17815,38.8413
17755,6.1528
17816,38.4437
17756,6.2150
17817,39.4895
17757,6.5056
17758,6.1377
17818,39.2110
17819,38.4335
17759,6.3919
17820,39.0144
17760,6.0846
17821,38.4529
17761,6.1436
17822,38.4916
17762,6.1787
17823,38.7290
17763,6.5202
17764,6.1644
17824,39.5504
17825,38.4834
17765,6.4936
17766,6.1770
17826,39.1389
17827,38.7523
17767,6.2661
17828,38.7568
17768,6.4007
17769,6.1153
17829,39.0931
17830,38.8592
17770,6.1855
17831,38.7282
17771,6.2503
17832,38.4345
17772,6.1754
17833,39.0448
17773,6.2130
17834,39.4165
17774,6.0996
17835,38.8219
17775,6.2588
17836,39.2735
17776,6.1738
17777,6.1018
17837,39.7623
17778,6.1345
17838,38.6808
17839,38.0051
17779,6.5691
17780,6.2045
17840,40.1461
17841,39.0198
17781,6.1223
17842,38.5262
17782,6.1294
17843,39.2646
17783,6.1476
17844,39.4153
17784,6.1455
17845,38.9015
17785,6.1684
17846,38.8650
17786,6.2115
17847,39.2230
17787,6.1685
17848,38.3623
17788,6.2130
17789,6.1301
17849,39.2728
17850,38.0708
17790,6.5149
17791,6.0335
17851,39.4475
17792,6.1448
17852,37.9064
17853,37.9575
17793,6.4722
17854,39.5861
17794,6.2925
17795,6.1901
17855,38.5423
17856,38.1051
17796,6.1783
17857,38.6903
17797,6.3079
17858,38.8447
17798,6.2744
17799,6.1580
17859,40.0239
17800,6.1339
17860,38.8900
17861,38.9621
17801,6.2610
17802,6.0860
17862,39.5069
17803,6.2226
17863,37.8876
17804,6.4319
17864,38.8939
17865,38.6114
17805,6.2710
17866,39.7660
17806,6.1672
17807,6.1698
17867,37.9191
17868,38.4365
17808,6.3588
17869,39.8739
17809,6.4381
17810,6.2677
17870,39.0567
17871,38.4217
17811,6.5319
17872,39.9961
17812,6.1436
17873,38.5979
17813,6.1731
17814,6.1381
17874,38.9837
17875,38.3309
17815,6.2562
17876,38.6177
17816,6.3191
17877,38.9742
17817,6.5760
17878,39.6399
17818,6.3504
17879,39.5713
17819,6.2248
17880,38.6391
17820,6.2281
17881,39.1532
17821,6.3756
17822,6.0761
17882,39.4209
17883,37.7288
17823,6.3038
17884,39.1280
17824,6.3171
17885,38.4684
17825,6.5824
17886,39.4490
17826,6.4475
17827,6.0955
17887,39.2333
17828,6.2204
17888,38.0678
17889,39.0280
17829,6.4806
17830,6.1166
17890,39.0649
17831,6.1502
17891,38.4166
17892,38.6276
17832,6.3854
17893,40.0773
17833,6.5276
17834,6.1003
17894,39.7372
17835,6.1936
17895,38.8893
17836,6.1786
17896,39.1482
17897,37.9905
17837,6.6395
17898,40.2715
17838,6.1031
17839,6.1700
17899,38.4155
17900,38.8514
17840,6.1692
17901,38.9609
17841,6.3160
17902,38.8639
17842,6.2998
17903,38.7992
17843,6.4103
17904,39.1785
17844,6.4892
17845,6.0717
17905,40.0214
17846,6.1212
17906,38.1321
17907,38.0071
17847,6.3216
17908,38.2156
17848,6.1992
17909,38.7251
17849,6.2934
17910,38.3665
17850,6.4816
17911,39.7766
17851,6.2000
17912,39.1887
17852,6.2628
17853,6.1960
17913,39.8305
17914,38.6935
17854,6.2551
17915,38.1310
17855,6.2579
17916,38.5484
17856,6.2988
17917,38.4866
17857,6.2604
17858,6.1205
17918,40.5251
17859,6.2442
17919,38.2655
17920,38.6727
17860,6.2049
17861,6.1856
17921,40.2972
17862,6.1404
17922,39.3817
17863,6.2861
17923,38.3835
17924,38.9429
17864,6.2453
17865,6.1499
17925,39.5331
17866,6.2587
17926,39.0916
17927,38.4261
17867,6.5002
17928,39.8547
17868,6.4151
17869,6.1441
17929,40.3890
17930,38.6521
17870,6.1826
17871,6.2496
17931,39.0723
17932,38.8343
17872,6.3427
17873,6.1422
17933,41.7800
17874,6.0447
17934,38.8736
17875,6.1018
17935,37.8280
17936,38.6936
17876,6.2440
17877,6.2040
17937,39.2364
17878,6.1913
17938,39.2118
17939,38.0718
17879,6.5283
17880,6.1262
17940,39.1394
17941,38.7823
17881,6.2142
17942,38.0919
17882,6.1347
17943,38.9874
17883,6.3187
17944,39.0449
17884,6.1053
17945,38.3288
17885,6.1806
17946,38.7900
17886,6.4703
17947,38.7940
17887,6.4230
17948,38.1807
17888,6.5423
17889,6.0787
17949,40.3755
17890,6.2007
17950,38.6485
17951,38.9082
17891,6.2275
17892,6.1763
17952,45.0432
17893,6.1070
17953,39.4526
17894,6.1398
17954,38.8357
17955,39.2495
17895,6.1888
17896,6.2231
17956,38.9468
17957,39.5308
17897,6.4761
17898,6.1456
17958,39.4121
17959,38.9425
17899,6.6010
17900,6.0645
17960,39.9679
17901,6.0686
17961,38.1585
17902,6.5729
17962,38.8870
17903,6.1777
17963,38.9748
17964,38.7250
17904,6.5179
17905,6.1986
17965,39.7074
17966,38.5945
17906,6.5286
17907,6.1868
17967,40.5402
17908,6.0684
17968,39.1821
17909,6.2036
17969,38.6125
17910,6.3076
17970,39.9638
17911,6.1949
17971,38.6733
17972,39.0769
17912,6.1487
17973,38.3649
17913,6.4192
17914,6.2134
17974,40.3347
17915,6.0879
17975,38.6008
17916,6.0810
17976,39.0037
17917,6.1627
17977,38.9363
17918,6.1955
17978,38.7496
17979,38.2817
17919,6.4886
17980,39.0015
17920,6.2155
17981,40.6878
17921,6.2219
17922,6.0705
17982,38.3393
17923,6.0961
17983,38.4685
17924,6.2323
17984,39.4116
17925,6.1720
17985,38.8584
17986,38.3336
17926,6.5198
17987,39.1553
17927,6.5525
17928,6.0546
17988,39.7958
17929,6.0944
17989,38.4297
17930,6.0947
17990,38.4608
17931,6.2487
17991,38.6107
17992,38.0829
17932,6.1776
17993,39.2602
17933,6.2192
17994,39.2963
17934,6.1999
17995,38.6143
17935,6.2405
17936,6.1094
17996,38.8301
17997,38.7605
17937,6.1511
17998,38.6841
17938,6.1641
17999,39.6895
17939,6.3284
18000,39.8826
17940,6.3302
18001,38.9910
17941,6.4364
18002,38.8721
17942,6.1223
18003,39.3110
17943,6.0955
17944,6.0414
18004,39.6041
18005,38.3452
17945,6.2580
18006,38.4601
17946,6.1098
17947,6.0768
18007,39.4248
18008,38.4393
17948,6.3960
18009,39.0938
17949,6.1948
17950,6.1190
18010,39.4388
18011,38.6861
17951,6.3677
17952,6.1016
18012,39.3570
17953,6.2691
18013,38.2379
18014,39.5246
17954,6.3957
17955,6.1728
18015,40.6149
17956,6.1384
18016,38.9392
18017,38.5985
17957,6.1712
17958,6.1463
18018,39.1221
17959,6.1871
18019,39.6472
18020,39.4629
17960,6.1993
18021,39.1598
17961,6.2725
18022,39.1995
17962,6.4922
17963,6.1334
18023,39.2251
18024,38.7250
17964,6.2074
17965,6.1019
18025,39.3530
18026,38.8267
17966,6.3092
18027,38.3000
17967,6.2724
17968,6.1916
18028,39.6121
18029,38.8064
17969,6.4552
17970,6.1306
18030,39.5431
17971,6.0617
18031,38.9460
18032,38.7419
17972,6.2343
18033,38.0826
17973,6.4271
17974,6.2347
18034,39.7930
18035,38.9621
17975,6.4045
17976,6.2004
18036,39.1991
18037,39.4235
17977,6.7086
17978,6.1635
18038,39.4175
17979,6.0860
18039,39.3776
17980,6.3442
18040,38.5208
18041,38.8871
17981,6.5065
17982,6.1958
18042,39.4527
18043,39.0969
17983,6.1859
18044,38.4449
17984,6.2090
18045,39.1353
17985,6.4615
17986,6.0614
18046,38.8285
18047,38.0102
17987,6.2051
17988,6.2339
18048,39.6272
18049,39.5381
17989,6.4548
18050,38.9689
17990,6.1903
18051,38.9884
17991,6.2552
18052,38.4966
17992,6.3343
18053,38.1086
17993,6.9912
17994,6.1508
18054,39.6798
17995,6.1332
18055,38.4565
17996,6.2049
18056,38.8370
17997,6.1628
18057,38.9340
18058,38.2114
17998,6.1430
18059,38.5076
17999,6.1780
18060,39.1312
18000,6.2134
18061,38.7996
18001,6.1639
18062,38.4825
18002,6.2906
18003,6.1306
18063,38.7685
18064,38.0305
18004,6.3499
18065,38.6720
18005,6.3406
18066,38.6735
18006,6.2922
18007,6.1538
18067,40.0949
18008,6.1550
18068,38.9843
18009,6.2421
18069,39.0235
18070,38.2246
18010,6.2055
18011,6.2653
18071,39.2655
18012,6.3024
18072,40.0836
18073,39.5080
18013,6.2100
18074,38.9161
18014,6.1696
18075,38.7331
18015,6.1503
18016,6.1720
18076,38.3126
18017,6.2483
18077,47.6989
18078,38.1004
18018,6.1807
18019,6.1302
18079,39.7932
18020,6.1903
18080,38.7732
18021,6.2256
18081,38.4547
18082,38.6899
18022,6.3072
18083,38.2823
18023,6.3889
18024,6.1430
18084,41.5525
18025,6.1751
18085,38.7550
18086,38.8380
18026,6.1052
18087,38.5509
18027,6.2038
18028,6.2064
18088,38.6681
18089,38.1744
18029,6.4731
18090,39.8800
18030,6.2577
18031,6.1200
18091,40.4614
18032,6.2299
18092,38.8011
18093,38.7020
18033,6.5168
18034,6.1081
18094,40.0706
18035,6.2203
18095,38.3900
18036,6.2508
18096,38.4323
18097,38.2065
18037,6.6531
18098,39.6538
18038,6.2171
18039,6.0196
18099,39.2819
18100,37.8375
18040,6.2224
18101,39.5774
18041,6.2314
18102,38.4817
18042,6.1611
18043,6.2229
18103,38.1284
18104,37.9727
18044,6.3956
18105,38.6820
18045,6.3148
18106,39.0756
18046,6.5507
18047,6.2285
18107,40.6788
18108,37.7270
