batch_index,latency_ms
1,38.6164
2,41.2871
3,37.9096
4,42.0736
5,41.0430
6,36.4739
7,39.6255
8,37.8352
9,40.3096
10,36.3006
11,37.1245
12,39.6194
13,41.3533
14,39.2991
15,39.0023
16,41.3882
17,39.9546
18,36.6051
19,40.6825
20,38.3480
21,42.2995
22,39.2563
23,40.2705
24,39.1109
25,38.5791
26,38.0747
27,40.8843
28,39.2450
29,40.2206
30,40.6610
31,39.3861
32,39.0856
33,39.5343
34,39.1475
35,39.3695
36,40.1948
37,37.0396
38,38.4971
39,39.8598
40,41.8088
41,36.2013
42,37.3804
43,37.0702
44,41.9537
45,39.6790
46,35.4831
47,40.2194
48,38.5335
49,39.4780
50,36.7988
51,40.8132
52,34.9130
53,39.2780
54,40.0584
55,37.5627
56,40.2062
57,41.2115
58,38.2837
59,39.2971
60,38.9058
61,37.6858
1,13.5366
62,36.6635
2,9.0688
3,12.3286
4,12.6579
5,9.5903
63,40.6697
6,9.5950
7,13.0228
8,11.5033
64,37.8441
9,10.5464
10,9.7326
11,10.9664
12,7.9251
65,38.3851
13,8.0883
14,11.0390
15,11.3135
16,7.8781
66,45.3392
17,10.8398
67,38.0654
18,10.1282
68,41.1616
19,8.9293
69,38.1781
20,8.4628
70,39.0936
21,9.0384
71,39.9485
22,9.5206
72,37.9573
23,8.3194
73,38.0621
24,9.4667
74,38.6303
25,9.9251
75,41.8778
26,10.1691
76,40.2673
27,8.1254
77,40.8704
28,8.8441
78,39.9678
29,8.5648
79,37.3635
30,8.4303
80,38.2237
31,8.7570
81,37.8841
32,8.6059
82,38.1570
33,10.1640
83,41.1727
34,9.7003
84,41.4714
35,8.3299
85,40.4413
36,8.8228
86,39.9468
37,8.8004
87,38.4680
38,8.6167
88,37.6790
39,9.9703
89,41.5773
40,8.5384
90,38.0625
41,9.8512
91,40.0683
42,9.6713
92,40.4516
43,9.2653
93,40.8097
44,9.3147
94,41.6414
45,10.3458
95,40.8392
46,8.5647
96,39.4556
47,7.8884
97,40.5799
48,10.8085
98,39.6121
49,10.1952
99,37.8300
50,8.6019
100,38.3579
51,8.7374
101,37.6540
52,8.5417
102,38.2226
53,9.0889
103,37.5670
54,9.0646
104,38.2621
55,9.1276
105,37.4242
56,10.6395
106,43.8052
57,9.9232
107,40.0649
58,8.9319
108,38.0981
59,10.3666
109,39.0771
60,10.2740
110,41.6545
61,9.8938
111,39.5998
62,10.1355
112,37.8176
63,11.5281
113,39.5506
64,8.8740
114,36.7449
65,9.1812
115,38.4658
66,8.5944
116,38.3935
67,9.9735
117,40.1744
68,8.7807
118,38.6682
69,8.7722
119,39.2971
70,10.8245
120,39.1735
71,8.7570
121,39.7185
72,8.6846
122,38.6562
73,8.9734
123,38.5194
74,8.5458
124,39.6664
75,9.0198
125,40.4324
76,8.8588
126,38.4156
77,9.0596
127,40.7968
78,10.9755
128,40.7905
79,9.0857
129,38.1879
80,9.8641
130,40.9201
81,9.8509
131,41.5192
82,10.5140
132,40.3090
83,8.8795
133,38.2498
84,9.2458
134,40.9802
85,8.6201
135,38.1549
86,8.8540
136,38.2304
87,8.7166
137,39.1162
88,8.4469
138,39.1224
89,8.8401
139,37.9955
90,8.9100
140,38.2904
91,9.3184
141,39.4217
92,10.3244
142,40.6394
93,9.1878
143,40.8520
94,9.2779
144,38.5116
95,10.0201
145,42.0097
96,8.9318
146,39.2942
97,8.9352
147,38.1059
98,10.0029
148,39.3881
99,9.4266
149,37.3678
100,9.8629
150,37.4279
101,9.4479
151,39.0610
102,9.2134
152,38.0304
103,9.0464
153,43.8262
104,9.0513
154,41.8814
105,8.6310
155,38.2332
106,8.8025
156,38.5956
107,9.0160
157,38.1500
108,8.7484
158,39.1220
109,9.5540
159,40.4946
110,9.0484
160,40.2004
111,10.3040
161,41.0447
112,8.9276
162,40.3675
113,9.5727
163,40.8398
114,8.4893
164,38.5337
115,8.6489
165,39.2849
116,9.9543
166,39.8338
117,9.6453
167,40.1469
118,8.9513
168,38.7802
119,8.5741
169,38.0193
120,8.7180
170,38.0114
121,8.7161
171,39.1380
122,8.1095
172,40.6822
123,10.1457
173,40.8356
124,9.5008
174,38.2525
125,9.5763
175,37.6433
126,9.6861
176,37.4096
127,10.8623
177,41.7555
128,9.3836
178,39.6734
129,9.3680
179,38.5472
130,9.2233
180,38.5149
131,9.4828
181,39.0829
132,9.5971
182,38.1405
133,12.2414
183,40.9234
134,9.7791
184,38.2238
135,9.3739
185,39.0334
136,9.6641
186,38.8757
137,9.3689
187,38.0848
138,10.0468
188,38.8290
139,10.6314
189,39.8290
140,9.7208
190,39.6232
141,8.5776
191,38.0163
142,9.4354
192,42.3803
143,9.6021
193,41.0670
144,9.4564
194,43.5384
145,8.7699
195,38.5143
146,8.7381
196,39.4443
147,8.7866
197,38.2464
148,8.6256
198,38.5414
149,8.5186
199,38.8844
150,9.1215
200,38.7840
151,8.7749
201,39.0556
152,8.6961
202,39.3642
153,9.9667
203,39.1836
154,8.7418
204,38.5458
155,10.8892
205,41.5309
156,8.5267
206,38.1894
157,9.5682
207,40.5277
158,8.6036
208,38.4713
159,9.7579
209,38.9615
160,8.9144
210,39.5845
161,9.6873
211,39.8844
162,9.6497
212,39.9545
163,9.2551
213,41.3516
164,8.9098
214,38.8506
165,8.4791
215,39.9775
166,8.7947
216,38.9163
167,8.8744
217,38.0576
168,9.8731
218,40.3253
169,8.7453
219,38.1637
170,8.5603
220,38.8031
171,8.6791
221,38.0645
172,8.7381
222,40.5233
173,8.6973
223,39.9488
174,8.6926
224,39.1172
175,8.5636
225,38.9805
176,9.0269
226,38.6943
177,8.7671
227,38.1530
178,8.6546
228,38.9735
179,11.1874
229,40.0551
180,8.9026
230,39.9410
181,8.8646
231,38.2236
182,8.6197
232,37.9443
183,8.8310
233,37.9651
184,8.5426
234,38.8386
185,8.9144
235,39.5562
186,8.9904
236,38.5293
187,8.3866
237,39.4528
188,8.5645
238,38.3619
189,8.4568
239,39.4310
190,9.7749
240,40.3995
191,8.4032
241,39.5313
192,8.6693
242,37.9993
193,8.7626
243,39.8961
194,8.5390
244,38.5934
195,8.7320
245,38.7428
196,8.6002
246,37.9477
197,8.5431
247,39.8608
198,9.6334
248,40.5575
199,9.8697
249,40.3743
200,8.6521
250,40.7596
201,8.6313
251,37.9486
202,8.5966
252,38.3851
203,8.6917
253,38.6941
204,8.8275
254,38.8805
205,10.2471
255,40.8397
206,8.4498
256,38.1461
207,8.9283
257,38.9638
208,8.8882
258,37.8343
209,8.7158
259,38.2059
210,10.6697
260,41.1031
211,9.6288
261,37.2568
212,9.4903
262,40.0146
213,11.0331
263,39.3018
214,9.6867
264,37.8574
215,9.8875
265,37.4881
216,9.4559
266,39.0977
217,9.8829
267,36.9010
218,9.4944
268,37.5925
219,8.7700
269,40.4248
220,9.9774
270,37.5072
221,9.2755
271,38.5179
222,9.4578
272,38.0865
223,9.2596
273,38.5298
224,11.5436
274,40.5938
225,9.7384
275,39.3442
226,9.6677
276,37.8207
227,10.3888
277,39.0500
228,9.8033
278,38.4842
229,9.0633
279,38.8290
230,9.8513
280,36.9913
231,9.4508
281,37.7167
232,10.2538
282,39.4201
233,9.9559
283,41.9543
234,9.5612
284,37.2583
235,9.7316
285,38.0450
236,8.3385
286,40.3594
237,9.2376
287,36.9340
238,9.6501
288,38.3063
239,9.2977
289,37.9581
240,9.3878
290,38.1522
241,10.1841
291,39.5239
242,9.8478
292,37.6627
243,9.5764
293,38.4308
244,9.7550
294,37.7180
245,9.3291
295,39.0375
246,9.9265
296,40.1249
247,9.7985
297,36.7698
248,11.5244
298,40.3099
249,9.1332
299,39.0650
250,9.6242
300,38.0559
251,10.0673
301,37.4623
252,8.8811
302,41.6386
253,8.9357
303,40.5078
254,9.5589
304,37.8721
255,10.0009
305,38.0896
256,9.5963
306,37.7098
257,9.6813
307,39.5551
258,9.8838
308,37.4731
259,10.1755
309,38.1051
260,9.9098
310,37.8381
261,9.7323
311,37.4724
262,9.2884
312,38.8033
263,8.5470
313,40.1120
264,10.5545
314,40.0393
265,9.5083
315,40.3726
266,9.5899
316,36.7183
267,9.5385
317,37.5331
268,9.5184
318,39.2063
269,9.5127
319,38.6343
270,9.9016
320,37.1419
271,9.6661
321,36.8761
272,9.3500
322,37.0783
273,9.7123
323,37.1338
274,11.5239
324,38.9692
275,9.3112
325,36.9270
276,8.8075
326,37.2669
277,10.7130
327,38.3819
278,9.6356
328,36.7550
279,9.4024
329,36.7755
280,9.1234
330,37.3275
281,9.2167
331,37.1938
282,9.1739
332,36.6902
283,10.4090
333,37.6990
284,11.3051
334,37.5087
285,12.2025
335,38.6409
286,10.2241
336,37.4766
287,10.1700
337,36.7339
288,10.0050
338,35.9831
289,9.8948
339,38.1873
290,11.6022
340,40.1004
291,9.8118
341,36.6319
292,8.8848
342,39.9418
293,9.7726
343,39.7166
294,9.9739
344,36.7294
295,10.7808
345,37.0946
296,9.4661
346,37.4871
297,9.9560
347,37.3374
298,9.2050
348,36.6533
299,9.0062
349,37.1038
300,8.7193
350,37.9796
301,9.3184
351,36.3317
302,9.3070
352,36.4820
303,9.2146
353,36.1175
304,8.7504
354,37.5072
305,9.3534
355,35.6046
306,9.3948
356,36.5495
307,9.1305
357,36.9866
308,8.9286
358,37.4523
309,9.1777
359,36.4736
310,8.8226
360,36.5514
311,7.9510
361,39.2160
312,8.9906
362,36.7444
313,9.1882
363,37.1450
314,9.0620
364,37.5620
315,9.3565
365,36.7166
316,9.3046
366,37.3117
317,9.2366
367,37.8463
318,9.8133
368,38.6217
319,8.7180
369,37.9479
320,8.7999
370,37.1243
321,8.9846
371,36.4551
322,9.4090
372,37.2162
323,9.0917
373,37.5715
324,9.3063
374,36.1299
325,9.0811
375,37.0937
326,8.9060
376,39.4760
327,8.9026
377,37.3427
328,9.1111
378,36.4418
329,8.9986
379,38.3832
330,9.3349
380,38.3144
331,9.2851
381,36.9792
332,9.1668
382,37.9006
333,9.4003
383,37.6816
334,9.2015
384,36.8076
335,8.0082
385,39.0718
336,8.9880
386,36.5781
337,9.5417
387,37.3838
338,11.2178
388,40.2517
339,9.1515
389,36.3561
340,10.2668
390,37.3454
341,9.7649
391,37.6437
342,10.3527
392,37.0586
343,9.7566
393,37.3636
344,10.5762
394,39.7842
345,8.6836
395,37.7268
346,9.0552
396,38.1418
347,7.7999
397,39.5898
348,9.2498
398,37.1706
349,9.2050
399,36.5198
350,9.1309
400,37.2530
351,9.2905
401,37.3339
352,10.6049
402,37.4211
353,9.8931
403,36.9993
354,9.0020
404,38.4007
355,10.0973
405,37.2767
356,9.3238
406,38.1850
357,8.8753
407,38.1476
358,9.2604
408,40.5651
359,8.9589
409,37.3198
360,10.5269
410,41.3290
361,9.0761
411,37.9083
362,8.1728
412,40.1017
363,10.0986
413,36.1017
364,9.1635
414,36.5026
365,9.4938
415,37.4251
366,9.0049
416,38.5335
367,8.6406
417,37.8182
368,9.2143
418,37.3081
369,9.6583
419,38.1866
370,8.9593
420,38.5677
371,9.4942
421,40.6610
372,8.9286
422,37.9870
373,8.7756
423,40.3871
374,9.0345
424,37.3325
375,8.9613
425,36.8399
376,8.7951
426,39.3332
377,10.0345
427,37.2651
378,9.1380
428,37.2672
379,8.7699
429,37.7208
380,8.9344
430,37.7617
381,9.5093
431,39.8532
382,9.1576
432,37.5162
383,8.9344
433,37.3243
384,8.7253
434,38.0593
385,9.0524
435,38.6008
386,9.2102
436,37.3651
387,9.1204
437,36.6233
388,9.5968
438,40.2218
389,8.7103
439,37.3001
390,8.8603
440,37.5813
391,9.0247
441,38.7813
392,8.8367
442,38.0947
393,8.9964
443,38.0406
394,9.1104
444,39.8724
395,8.9265
445,37.8366
396,8.7946
446,37.3432
397,8.8188
447,37.1205
398,9.0510
448,37.6734
399,10.2044
449,39.4201
400,9.4025
450,39.7661
401,9.0135
451,37.7311
402,8.7970
452,36.7018
403,8.9191
453,37.7067
404,8.7148
454,37.7567
405,8.8644
455,38.1498
406,10.4022
456,37.1564
407,9.2685
457,36.8835
408,8.9815
458,38.3574
409,8.9462
459,36.9958
410,8.9286
460,37.2084
411,9.1999
461,40.5721
412,10.2408
462,40.4917
413,9.5659
463,39.7062
414,10.1748
464,39.2341
415,9.4956
465,36.9242
416,9.9522
466,38.4538
417,9.6739
467,38.9232
418,9.2852
468,39.2935
419,9.5630
469,39.3587
420,9.8322
470,39.0554
421,9.3270
471,39.4388
422,9.4273
472,40.0269
423,10.0090
473,40.2289
424,9.2253
474,39.6338
425,9.9209
475,37.8882
426,9.9041
476,38.5389
427,9.6728
477,38.5543
428,9.7253
478,39.3811
429,9.8106
479,39.4776
430,10.1040
480,39.8899
431,9.2268
481,40.3463
432,9.1292
482,41.0674
433,10.0293
483,38.9561
434,10.0132
484,37.3085
435,10.0310
485,37.8121
436,9.7762
486,37.8855
437,9.7578
487,38.9899
438,9.7793
488,39.7462
439,10.4529
489,39.8141
440,10.3130
490,38.9397
441,10.0139
491,40.2940
442,9.9681
492,38.5622
443,8.7459
493,41.4062
444,9.5683
494,38.9706
445,9.5409
495,39.6701
446,10.0480
496,39.5701
447,9.8888
497,38.5473
448,9.8549
498,38.9427
449,10.0391
499,39.6462
450,9.9622
500,38.7749
451,10.0107
501,39.1289
452,10.1196
502,37.5224
453,10.2092
503,38.3964
454,9.0993
504,39.6168
455,8.8649
505,41.4487
456,9.2908
506,41.4691
457,9.6065
507,38.6687
458,10.4394
508,38.3591
459,10.5920
509,38.3113
460,9.4878
510,38.3629
461,9.1098
511,40.5746
462,9.0275
512,39.6207
463,9.5480
513,38.4083
464,10.0992
514,37.9866
465,8.2925
515,40.5140
466,9.8436
516,37.9616
467,9.6093
517,39.6460
468,7.6164
518,37.9585
469,9.4256
519,40.0311
470,9.7947
520,38.4352
471,9.6924
521,38.0183
472,9.9213
522,38.0399
473,8.6003
523,40.6444
474,9.4419
524,38.2692
475,9.6695
525,38.7351
476,9.5539
526,38.5568
477,8.4842
527,40.2979
478,9.7430
528,39.6480
479,9.0105
529,39.6939
480,8.5185
530,41.4594
481,9.4994
531,38.2326
482,9.7443
532,38.7863
483,9.9350
533,38.6088
484,8.7572
534,41.0495
485,10.1199
535,38.2255
486,9.6540
536,37.6014
487,10.0374
537,39.6697
488,9.9189
538,38.9672
489,9.8311
539,38.6343
490,9.4252
540,37.8721
491,10.0146
541,38.1791
492,9.6052
542,38.7840
493,9.5162
543,38.3979
494,9.9443
544,38.9675
495,8.3458
545,41.1289
496,9.6866
546,38.7551
497,9.7597
547,39.2044
498,8.2961
548,40.4830
499,9.9696
549,38.2912
500,10.0323
550,37.7997
501,10.2370
551,38.0110
502,10.0475
552,37.2943
503,9.6236
553,35.6432
504,9.7891
554,37.3742
505,9.4675
555,37.1126
506,9.1596
556,37.1697
507,9.6347
557,38.3318
508,9.8690
558,38.0730
509,9.5022
559,37.4669
510,10.6184
560,38.8009
511,9.4462
561,38.8381
512,9.6561
562,37.2696
513,10.6136
563,40.0280
514,9.9045
564,36.9701
515,10.0717
565,37.6340
516,9.8719
566,37.0099
517,10.2128
567,37.2915
518,10.0258
568,37.6961
519,9.8977
569,36.2940
520,9.7275
570,36.7369
521,9.8970
571,37.0614
522,10.0474
572,37.2421
523,10.0611
573,36.0941
524,9.9624
574,37.3687
525,9.8955
575,37.0560
526,9.7580
576,37.7232
527,9.8687
577,37.6818
528,9.7541
578,37.8725
529,9.3938
579,36.7071
530,9.8921
580,37.9512
531,9.7380
581,37.0859
532,9.9788
582,36.7233
533,8.7245
583,39.1084
534,10.1223
584,38.7690
535,10.1406
585,36.5936
536,9.7113
586,37.2082
537,9.7554
587,37.5824
538,9.8538
588,37.3514
539,10.0274
589,37.5414
540,10.0458
590,38.1061
541,10.3105
591,36.3684
542,10.1650
592,38.3395
543,10.3123
593,41.4573
544,10.0407
594,38.2039
545,9.9022
595,37.0517
546,9.9030
596,37.6962
547,10.5747
597,37.5065
548,10.0661
598,38.2704
549,9.6292
599,36.3024
550,9.8732
600,36.7435
551,9.7501
601,36.5253
552,10.0308
602,37.5995
553,9.5345
603,37.4381
554,11.2718
604,39.8931
555,10.1421
605,37.1350
556,10.0843
606,37.6401
557,9.9266
607,37.7670
558,10.2192
608,37.2954
559,10.0894
609,37.5768
560,10.1647
610,38.0499
561,10.1215
611,37.8963
562,9.9063
612,37.0033
563,9.8968
613,36.9965
564,10.1587
614,36.9153
565,10.0071
615,37.4556
566,9.8666
616,37.6883
567,9.7444
617,36.5388
568,11.2084
618,40.3126
569,10.0617
619,38.4285
570,10.1274
620,38.3011
571,10.2008
621,37.5268
572,9.5182
622,37.1962
573,9.5474
623,36.8394
574,9.6348
624,37.9374
575,9.6648
625,37.4715
576,9.6000
626,37.6073
577,9.7893
627,36.9308
578,9.4525
628,37.7704
579,9.9727
629,37.4288
580,10.1438
630,37.4797
581,10.1516
631,39.0066
582,10.2402
632,37.4929
583,9.9675
633,37.5302
584,9.6678
634,36.7950
585,9.5553
635,36.7466
586,9.5388
636,36.9960
587,9.8362
637,37.5556
588,9.6867
638,36.2301
589,9.9434
639,36.8000
590,9.9760
640,38.2224
591,9.9587
641,37.1937
592,9.9463
642,41.2475
593,9.7764
643,37.2326
594,9.6603
644,36.9428
595,9.8558
645,37.2314
596,10.0279
646,37.6567
597,9.8561
647,36.7415
598,9.9414
648,37.7390
599,10.2608
649,37.0807
600,11.8806
650,39.6216
601,9.7733
651,36.0810
602,9.9016
652,36.4476
603,9.7362
653,37.0814
604,9.7283
654,35.2982
605,9.6918
655,37.1810
606,9.5407
656,38.4463
607,9.7794
657,36.7555
608,9.9279
658,37.6540
609,10.2058
659,37.3860
610,9.8581
660,36.9677
611,9.8285
661,36.1929
612,10.3186
662,37.5052
613,9.8591
663,37.5508
614,9.6073
664,37.8457
615,9.8957
665,37.7597
616,10.1197
666,37.7750
617,9.6019
667,37.9079
618,9.7833
668,37.6964
619,9.6981
669,38.2391
620,9.5079
670,37.0681
621,9.8616
671,37.6707
622,9.8781
672,37.0937
623,9.9603
673,37.9102
624,9.5006
674,37.1267
625,9.9630
675,38.2700
626,10.0591
676,37.5961
627,9.6148
677,38.2044
628,10.3804
678,37.7211
629,10.9557
679,39.3410
630,9.7921
680,36.1638
631,9.4296
681,35.8782
632,9.9466
682,37.5172
633,9.7083
683,37.2188
634,10.0001
684,37.1501
635,9.9715
685,36.8878
636,9.9923
686,37.3201
637,10.2115
687,36.9634
638,10.3695
688,36.6286
639,10.0885
689,38.5145
640,10.0818
690,36.2919
641,10.0586
691,36.8103
642,9.7622
692,37.2251
643,9.3894
693,38.0960
644,10.3235
694,37.0461
645,9.7469
695,36.1430
646,9.8965
696,36.4397
647,9.6406
697,37.8164
648,9.7917
698,35.9261
649,9.6552
699,36.0660
650,9.8399
700,35.9531
651,9.8842
701,37.6699
652,10.0846
702,37.2084
653,12.6282
703,39.9652
654,9.9779
704,37.2957
655,10.2168
705,37.8717
656,9.9915
706,37.2684
657,9.6349
707,37.0248
658,9.8115
708,38.3371
659,9.6541
709,37.2387
660,11.1927
710,38.6497
661,9.2926
711,37.4809
662,9.6421
712,35.9046
663,9.9730
713,37.3260
664,9.4497
714,36.9320
665,9.5324
715,37.1693
666,9.7948
716,37.6896
667,9.9176
717,38.0350
668,9.6425
718,37.1911
669,10.0759
719,37.6446
670,9.7383
720,36.7514
671,9.7548
721,36.1509
672,9.9417
722,36.6708
673,9.9472
723,36.6867
674,9.9632
724,36.9349
675,9.7296
725,37.0245
676,9.7502
726,38.1253
677,9.9659
727,36.8671
678,9.9002
728,37.4951
679,11.5537
729,38.2336
680,10.0972
730,36.5656
681,9.9417
731,37.5242
682,10.1508
732,36.3018
683,9.6911
733,36.6878
684,9.9586
734,38.5268
685,10.1122
735,36.9264
686,10.1647
736,36.0957
687,9.9142
737,37.7858
688,10.2324
738,37.1775
689,10.1059
739,37.5706
690,9.9046
740,37.7685
691,9.7848
741,37.0204
692,9.5968
742,37.4220
693,9.6725
743,38.9584
694,9.6927
744,37.5190
695,9.9854
745,37.0682
696,10.0101
746,37.8213
697,10.0250
747,37.0022
698,10.0192
748,36.3634
699,9.8306
749,38.1874
700,9.7645
750,37.9358
701,9.5460
751,37.0909
702,10.1024
752,37.3183
703,9.9278
753,37.9469
704,9.7824
754,37.6649
705,9.9943
755,37.3552
706,10.7604
756,37.2780
707,10.4045
757,37.9861
708,10.1147
758,36.1608
709,10.1054
759,37.0667
710,10.9312
760,39.1046
711,12.2239
761,39.1473
712,10.3508
762,36.5898
713,10.1303
763,37.3269
714,10.1103
764,38.2242
715,10.0391
765,37.3498
716,9.9917
766,38.3891
717,10.0273
767,38.4478
718,9.8977
768,37.9301
719,9.4246
769,37.1239
720,9.4981
770,37.0266
721,10.9233
771,40.0951
722,9.8966
772,37.4556
723,9.8665
773,36.3766
724,9.5465
774,37.7423
725,9.6978
775,37.6717
726,9.6542
776,37.2303
727,9.6500
777,36.9516
728,10.0973
778,37.7471
729,9.5410
779,36.9974
730,9.7907
780,38.0703
731,9.8389
781,36.7411
732,9.7001
782,37.2977
733,10.7836
783,37.6367
734,9.9389
784,35.9062
735,9.6798
785,37.1756
736,9.6106
786,37.4521
737,9.9783
787,37.4111
738,10.0613
788,36.4662
739,10.3364
789,37.0736
740,10.1836
790,37.3706
741,8.2116
791,37.4425
742,8.0407
792,35.8421
743,7.9464
793,37.4481
744,8.0069
794,36.6297
745,8.2807
795,37.0644
746,8.0297
796,37.2721
747,9.5567
797,38.4374
748,9.1746
798,38.6786
749,9.2188
799,36.6085
750,9.2218
800,37.6950
751,9.0171
801,37.5611
752,9.2662
802,36.5349
753,8.9415
803,37.1357
754,8.9842
804,36.4875
755,10.4228
805,36.6719
756,9.1590
806,37.4664
757,10.3151
807,37.0544
758,10.5898
808,40.4681
759,10.3408
809,37.3677
760,9.2276
810,38.5570
761,8.8408
811,38.0575
762,8.8458
812,37.4936
763,9.1933
813,37.2787
764,8.9320
814,38.0718
765,8.9522
815,36.1413
766,8.8793
816,37.8015
767,8.8531
817,37.1371
768,8.9367
818,37.0371
769,9.1136
819,36.5787
770,9.0211
820,37.4910
771,9.0421
821,37.0824
772,8.8313
822,36.7714
773,8.9171
823,37.0309
774,9.0888
824,37.2673
775,8.7662
825,39.7381
776,9.0900
826,36.0881
777,7.8540
827,39.6395
778,9.0722
828,36.5035
779,9.0546
829,37.6092
780,9.1392
830,37.4421
781,9.1009
831,37.8362
782,8.8295
832,37.1355
783,9.1849
833,36.1550
784,8.9683
834,37.8414
785,8.9346
835,37.1294
786,8.9296
836,36.6955
787,9.2484
837,36.4474
788,10.5109
838,37.3156
789,9.0807
839,36.6951
790,10.6608
840,37.7833
791,8.8623
841,38.3281
792,9.1980
842,36.8539
793,9.0356
843,36.4298
794,10.4014
844,36.4686
795,9.4107
845,36.8815
796,9.1474
846,36.2704
797,11.6000
847,39.5235
798,9.0329
848,36.8793
799,8.9628
849,37.6442
800,8.9485
850,37.8585
801,8.8970
851,37.0619
802,9.0197
852,37.0224
803,8.6029
853,37.0471
804,8.9312
854,37.2313
805,10.0753
855,37.5507
806,9.9635
856,36.3211
807,8.9716
857,36.9808
808,8.8363
858,37.7658
809,8.9683
859,36.4498
810,8.8697
860,36.7259
811,8.8448
861,37.2269
812,9.0039
862,37.4829
813,10.1408
863,36.7180
814,10.2002
864,35.0520
815,9.1241
865,37.9673
816,10.1235
866,36.6518
817,8.9768
867,36.5130
818,9.0956
868,37.4334
819,10.2323
869,37.3031
820,8.8011
870,36.3104
821,8.8900
871,37.5253
822,8.5873
872,39.4831
823,8.7422
873,36.2977
824,8.8858
874,37.4383
825,8.7735
875,37.4933
826,9.0168
876,36.8304
827,9.9836
877,37.2839
828,10.4393
878,36.6656
829,9.1872
879,37.5942
830,10.2537
880,36.8199
831,9.0219
881,36.7919
832,8.9685
882,37.1249
833,9.2527
883,37.0792
834,9.1595
884,36.8335
835,8.9906
885,37.2655
836,10.3905
886,36.8764
837,9.2104
887,37.2908
838,8.9319
888,37.0893
839,8.9755
889,38.0470
840,9.1023
890,37.6340
841,10.4188
891,37.3839
842,9.2899
892,37.4684
843,9.9871
893,37.0695
844,9.1728
894,37.6860
845,8.8622
895,36.7220
846,8.8935
896,37.3833
847,8.7775
897,37.6079
848,8.6338
898,36.8291
849,8.9092
899,36.2150
850,8.7649
900,37.5196
851,9.0623
901,37.3664
852,9.9668
902,36.8107
853,9.8151
903,37.4394
854,9.0043
904,37.2441
855,8.8843
905,36.0817
856,8.8397
906,37.4255
857,8.7220
907,36.7340
858,8.9653
908,37.1071
859,8.7464
909,37.9143
860,9.0593
910,37.7051
861,8.9390
911,37.1577
862,8.9713
912,37.1036
863,9.0656
913,37.0974
864,8.8861
914,37.9587
865,8.9256
915,37.3057
866,8.6878
916,36.4656
867,8.8523
917,36.2915
868,9.9365
918,36.5113
869,9.0117
919,36.9520
870,8.9844
920,37.3264
871,9.6870
921,38.7757
872,8.6695
922,37.6224
873,8.9901
923,37.4824
874,8.9398
924,36.8104
875,8.8335
925,37.4947
876,8.8626
926,36.9126
877,8.8507
927,37.1088
878,8.9158
928,37.1277
879,8.8493
929,37.3510
880,8.9506
930,37.6418
881,10.2447
931,37.7954
882,10.2605
932,36.5137
883,8.9345
933,37.3893
884,8.9118
934,38.1324
885,8.3354
935,39.0907
886,8.7740
936,36.3249
887,10.2994
937,36.1509
888,7.7815
938,37.5650
889,9.4397
939,37.2254
890,7.9487
940,38.1677
891,7.7825
941,37.3101
892,7.6593
942,37.8119
893,7.8670
943,36.3985
894,7.9605
944,36.4715
895,8.2242
945,36.8189
896,7.9394
946,36.2336
897,7.5639
947,37.0793
898,7.6655
948,38.6406
899,7.8501
949,37.6680
900,7.8381
950,36.8329
901,8.0299
951,38.0088
902,7.8834
952,36.1406
903,7.8419
953,37.2574
904,7.9312
954,37.1252
905,7.7055
955,37.9118
906,7.7652
956,37.7308
907,7.5721
957,36.9437
908,7.6544
958,36.8913
909,7.8129
959,37.4602
910,7.9965
960,36.8908
911,8.0382
961,37.0962
912,7.8606
962,37.3699
913,8.2846
963,39.9946
914,7.7783
964,36.1264
915,7.8002
965,36.3988
916,7.8979
966,37.4480
917,7.9994
967,36.5655
918,7.9318
968,36.4523
919,7.8311
969,36.4617
920,7.7055
970,37.1466
921,7.7846
971,37.1481
922,8.3314
972,37.1384
923,8.1587
973,36.8800
924,7.5984
974,36.2954
925,7.7105
975,37.1768
926,7.8271
976,36.3170
927,7.9829
977,36.7527
928,7.7018
978,37.6199
929,7.7672
979,37.6828
930,7.7292
980,37.0447
931,7.7707
981,37.4693
932,8.1538
982,38.3958
933,7.6096
983,37.3607
934,7.5729
984,37.0390
935,7.7574
985,36.4564
936,7.9615
986,37.1113
937,7.7061
987,37.5324
938,7.6409
988,37.1647
939,7.6587
989,36.6263
940,7.8579
990,37.2181
941,7.8825
991,36.5721
942,7.5698
992,36.5733
943,7.7355
993,37.2951
944,8.2495
994,36.3517
945,8.0707
995,36.1146
946,7.8347
996,36.4678
947,8.4262
997,36.8805
948,9.3455
998,38.6039
949,7.8353
999,37.3726
950,8.0116
1000,36.4392
951,7.7856
1001,38.0277
952,8.2844
1002,37.5173
953,8.3436
1003,36.0020
954,8.1059
1004,36.2231
955,7.8715
1005,37.7979
956,9.0035
1006,39.7637
957,8.0964
1007,36.6750
958,8.0423
1008,37.1853
959,8.3785
1009,35.9122
960,8.1244
1010,36.6710
961,8.1155
1011,37.6555
962,7.9387
1012,36.4235
963,8.1801
1013,38.8285
964,8.1397
1014,37.2232
965,7.9289
1015,37.0081
966,7.8985
1016,37.9363
967,8.5717
1017,38.5724
968,8.1472
1018,37.4236
969,8.0915
1019,37.2562
970,7.8733
1020,37.2876
971,7.7293
1021,38.0133
972,8.0356
1022,36.9061
973,7.9601
1023,37.3073
974,7.8716
1024,36.9997
975,7.8190
1025,37.6297
976,7.7045
1026,36.9723
977,7.5688
1027,37.0046
978,8.2401
1028,37.6062
979,8.0787
1029,37.5500
980,8.0014
1030,36.5031
981,7.9949
1031,36.5988
982,7.7792
1032,36.2212
983,8.1326
1033,37.7158
984,7.8453
1034,37.4424
985,8.0294
1035,35.8451
986,7.9187
1036,36.5791
987,7.9328
1037,37.3628
988,8.0380
1038,36.5402
989,7.6001
1039,37.5184
990,7.6810
1040,38.0917
991,7.8009
1041,37.9474
992,7.6440
1042,37.3100
993,7.7700
1043,37.1830
994,7.6118
1044,37.2234
995,8.1510
1045,36.8963
996,8.0310
1046,36.5679
997,8.3951
1047,39.1358
998,8.0685
1048,36.9395
999,7.5254
1049,37.2345
1000,7.0785
1050,37.3243
1001,7.8081
1051,37.4968
1002,8.1476
1052,37.9961
1003,7.7368
1053,37.3889
1004,7.8387
1054,37.5769
1005,7.9884
1055,38.1369
1006,7.7730
1056,36.9207
1007,7.7365
1057,37.4188
1008,8.0409
1058,36.7378
1009,7.6715
1059,36.4642
1010,7.6207
1060,37.6007
1011,7.6668
1061,37.2671
1012,7.6406
1062,38.7478
1013,7.9318
1063,36.4864
1014,7.9652
1064,36.3016
1015,7.8823
1065,37.4790
1016,7.5987
1066,38.4465
1017,7.6992
1067,37.6658
1018,7.8208
1068,36.6510
1019,7.7072
1069,36.9237
1020,7.7904
1070,37.8140
1021,8.0571
1071,37.1917
1022,7.9732
1072,37.1518
1023,7.8909
1073,37.8534
1024,7.8762
1074,36.7645
1025,7.7359
1075,35.8944
1026,7.7328
1076,36.9233
1027,7.7498
1077,36.7161
1028,8.0355
1078,37.9147
1029,7.9566
1079,38.2016
1030,7.9700
1080,37.1697
1031,8.0759
1081,37.5780
1032,8.0771
1082,37.8439
1033,7.8924
1083,37.5790
1034,7.7560
1084,37.6427
1035,7.8584
1085,36.7806
1036,7.7761
1086,37.0835
1037,7.8166
1087,36.3619
1038,7.6798
1088,36.9051
1039,7.8331
1089,38.1037
1040,8.5966
1090,39.8980
1041,7.8098
1091,37.2741
1042,7.7620
1092,36.5230
1043,7.6654
1093,37.6073
1044,8.2540
1094,39.4960
1045,7.6867
1095,36.4997
1046,7.8554
1096,37.0069
1047,7.7729
1097,37.3762
1048,9.3895
1098,37.3657
1049,8.9877
1099,38.0088
1050,8.8325
1100,37.0974
1051,9.0468
1101,37.5663
1052,9.0281
1102,37.9299
1053,8.9301
1103,37.7574
1054,8.8242
1104,37.2393
1055,8.5224
1105,37.6589
1056,8.9547
1106,36.5995
1057,8.6811
1107,37.6005
1058,8.6505
1108,36.9025
1059,8.5190
1109,36.9848
1060,8.9498
1110,36.0135
1061,10.0455
1111,35.4291
1062,9.2585
1112,37.1501
1063,10.0504
1113,37.0452
1064,9.0654
1114,37.4237
1065,9.0275
1115,37.7208
1066,8.6857
1116,36.8946
1067,10.1336
1117,37.3015
1068,8.7883
1118,37.3167
1069,9.0617
1119,37.3607
1070,10.1708
1120,35.2164
1071,9.3662
1121,36.3597
1072,8.9320
1122,36.9350
1073,9.0434
1123,36.9793
1074,8.7849
1124,37.4613
1075,8.9347
1125,35.7792
1076,9.0272
1126,36.6208
1077,9.1184
1127,36.6392
1078,10.4664
1128,37.9835
1079,10.2648
1129,37.5824
1080,9.6270
1130,37.3284
1081,8.9466
1131,37.6489
1082,9.1622
1132,35.9760
1083,9.1696
1133,36.2834
1084,9.2390
1134,35.8546
1085,9.5935
1135,36.9592
1086,10.1627
1136,36.7844
1087,10.0273
1137,36.9934
1088,9.2092
1138,37.2633
1089,10.5222
1139,38.1997
1090,9.1945
1140,37.9303
1091,8.9602
1141,37.7482
1092,10.5459
1142,38.0158
1093,8.7930
1143,37.1831
1094,8.9155
1144,37.7173
1095,9.0023
1145,37.3044
1096,8.7398
1146,37.1772
1097,9.1168
1147,37.3787
1098,9.0050
1148,37.7231
1099,9.5441
1149,40.4707
1100,10.1173
1150,37.3776
1101,10.1876
1151,36.1786
1102,8.8184
1152,38.5941
1103,10.5588
1153,37.7776
1104,8.8299
1154,38.0812
1105,9.0331
1155,38.1248
1106,9.1871
1156,36.5674
1107,8.8485
1157,36.4362
1108,8.9329
1158,35.8990
1109,10.0765
1159,37.2358
1110,9.2516
1160,36.7037
1111,8.6711
1161,36.2897
1112,8.7956
1162,37.2300
1113,9.2034
1163,37.2417
1114,9.8823
1164,37.2115
1115,8.0661
1165,37.5215
1116,9.5248
1166,37.4358
1117,7.8771
1167,37.2482
1118,7.7148
1168,37.9006
1119,7.8660
1169,37.0160
1120,7.9491
1170,37.4363
1121,7.9861
1171,37.3494
1122,7.7479
1172,36.6743
1123,7.7004
1173,36.4488
1124,8.1477
1174,36.5497
1125,8.1837
1175,37.5250
1126,8.4058
1176,38.0815
1127,8.0073
1177,38.2228
1128,7.8455
1178,37.9731
1129,7.7771
1179,37.3383
1130,8.3115
1180,36.2717
1131,7.7075
1181,37.5103
1132,7.7546
1182,36.9982
1133,7.8039
1183,36.6850
1134,7.6620
1184,37.9507
1135,7.5322
1185,37.4261
1136,7.8983
1186,38.0020
1137,8.0105
1187,37.7746
1138,8.1953
1188,37.8605
1139,8.1570
1189,37.3561
1140,8.0924
1190,36.2323
1141,8.3311
1191,36.0401
1142,7.8952
1192,37.4905
1143,8.0678
1193,36.7221
1144,8.1348
1194,36.8460
1145,7.6011
1195,36.8528
1146,7.9930
1196,36.2713
1147,7.8932
1197,36.7158
1148,8.1519
1198,37.6254
1149,7.8157
1199,37.4139
1150,8.0619
1200,37.4492
1151,7.6544
1201,36.8158
1152,7.6332
1202,37.8717
1153,7.5078
1203,37.2498
1154,8.0092
1204,36.8735
1155,8.2918
1205,36.3949
1156,8.0471
1206,35.7324
1157,7.6842
1207,35.9756
1158,7.6458
1208,36.7478
1159,7.7475
1209,36.9970
1160,8.1574
1210,37.2586
1161,7.8006
1211,37.6104
1162,8.8867
1212,37.1727
1163,7.9795
1213,37.3389
1164,7.7145
1214,37.1504
1165,7.5705
1215,37.6455
1166,8.2064
1216,37.3905
1167,7.7745
1217,36.4811
1168,7.9719
1218,36.3755
1169,8.1393
1219,37.2553
1170,7.8450
1220,37.8035
1171,7.8865
1221,37.6019
1172,7.6419
1222,37.1966
1173,7.9637
1223,36.8045
1174,8.1296
1224,36.6647
1175,7.7635
1225,36.7541
1176,7.8076
1226,36.9793
1177,7.8589
1227,36.6144
1178,7.7590
1228,37.1434
1179,7.9217
1229,37.9837
1180,7.6096
1230,36.8132
1181,7.6211
1231,36.9350
1182,8.1499
1232,36.4983
1183,7.9022
1233,36.3062
1184,7.9287
1234,36.9688
1185,7.8783
1235,37.5732
1186,7.8446
1236,37.3921
1187,7.8517
1237,35.9692
1188,7.7739
1238,35.2104
1189,8.0211
1239,37.1327
1190,7.8434
1240,36.8746
1191,8.0776
1241,36.1659
1192,7.7275
1242,36.6231
1193,8.0042
1243,37.0914
1194,7.7512
1244,36.9290
1195,8.0369
1245,37.6544
1196,8.1905
1246,37.0653
1197,6.7914
1247,39.3370
1198,8.0762
1248,36.7574
1199,7.8942
1249,36.2257
1200,7.8017
1250,37.4292
1201,7.6500
1251,37.4940
1202,8.1198
1252,36.7272
1203,7.7893
1253,36.6316
1204,8.0575
1254,37.8120
1205,7.8186
1255,37.4013
1206,8.0455
1256,36.9128
1207,7.9136
1257,36.6113
1208,7.9334
1258,35.7610
1209,7.7314
1259,37.6703
1210,7.7530
1260,37.7648
1211,7.8310
1261,36.8142
1212,7.6034
1262,36.5141
1213,8.2686
1263,37.0756
1214,8.9197
1264,36.7278
1215,8.7059
1265,37.2602
1216,8.6962
1266,37.1492
1217,9.2834
1267,36.4879
1218,8.8472
1268,36.7961
1219,10.0101
1269,36.5817
1220,9.1046
1270,35.7615
1221,8.8803
1271,38.1498
1222,9.0638
1272,37.0993
1223,9.0733
1273,37.2454
1224,9.0659
1274,36.9068
1225,10.3573
1275,36.8121
1226,8.8292
1276,36.4731
1227,8.8716
1277,37.2356
1228,9.0251
1278,37.3966
1229,8.9205
1279,36.8611
1230,8.8982
1280,38.2248
1231,10.1657
1281,36.7420
1232,9.2323
1282,37.1409
1233,8.8404
1283,37.1598
1234,9.0441
1284,36.9877
1235,8.8917
1285,36.5646
1236,8.8962
1286,38.0455
1237,8.4707
1287,40.0298
1238,9.1332
1288,37.4275
1239,8.7816
1289,37.5245
1240,9.9610
1290,37.8162
1241,9.2140
1291,37.9444
1242,9.1527
1292,38.5657
1243,8.7801
1293,37.6813
1244,9.1107
1294,36.9847
1245,9.1289
1295,36.2184
1246,8.8452
1296,37.0534
1247,8.8919
1297,37.3285
1248,8.7768
1298,37.2373
1249,8.8703
1299,36.9344
1250,8.6913
1300,37.4892
1251,9.9566
1301,37.0488
1252,10.1760
1302,37.9887
1253,10.2939
1303,37.7569
1254,9.0857
1304,36.5910
1255,9.0424
1305,36.9276
1256,10.0848
1306,37.2646
1257,9.4799
1307,36.0663
1258,8.8265
1308,37.0213
1259,9.1249
1309,36.7829
1260,9.1520
1310,37.1818
1261,10.3727
1311,37.7452
1262,8.7797
1312,37.7903
1263,8.9628
1313,37.5800
1264,9.0603
1314,37.8808
1265,8.7683
1315,37.7792
1266,9.2471
1316,37.1180
1267,8.8545
1317,37.8077
1268,8.9198
1318,37.1270
1269,9.0167
1319,38.0853
1270,8.8786
1320,37.5758
1271,10.2025
1321,37.4347
1272,7.6626
1322,37.6679
1273,7.5675
1323,36.5022
1274,7.8981
1324,37.4441
1275,7.9445
1325,36.4183
1276,7.5857
1326,36.9326
1277,7.8270
1327,37.5292
1278,8.5846
1328,37.3321
1279,7.8624
1329,37.7838
1280,7.9639
1330,37.0844
1281,8.4197
1331,36.3540
1282,7.8292
1332,37.5189
1283,7.8920
1333,37.4236
1284,7.9807
1334,37.2378
1285,8.3786
1335,37.6781
1286,7.9134
1336,36.8509
1287,7.9177
1337,36.1687
1288,8.3131
1338,37.4638
1289,7.9706
1339,37.1928
1290,8.0966
1340,37.2195
1291,8.0609
1341,36.5839
1292,7.6941
1342,37.3829
1293,7.7610
1343,37.7598
1294,7.9370
1344,37.6176
1295,8.2559
1345,37.4788
1296,7.8488
1346,38.0726
1297,8.0772
1347,37.7412
1298,7.7487
1348,37.5661
1299,7.7904
1349,36.5458
1300,7.6484
1350,37.4316
1301,7.9515
1351,36.3158
1302,7.9529
1352,37.5653
1303,8.0534
1353,36.9203
1304,7.7785
1354,36.3423
1305,8.3426
1355,36.6170
1306,7.8646
1356,37.2105
1307,8.1910
1357,37.2945
1308,8.0667
1358,37.6186
1309,8.1642
1359,35.6970
1310,8.0823
1360,36.5142
1311,7.9084
1361,36.0141
1312,7.9440
1362,37.1204
1313,7.8035
1363,36.6830
1314,7.7692
1364,36.8342
1315,8.1450
1365,36.4305
1316,7.9007
1366,36.9753
1317,7.9904
1367,36.9438
1318,7.7184
1368,37.3323
1319,8.0535
1369,36.7142
1320,7.8206
1370,37.1575
1321,7.8851
1371,36.7923
1322,7.8189
1372,36.7670
1323,7.7210
1373,37.1985
1324,7.9977
1374,37.1260
1325,8.0484
1375,36.4344
1326,7.7340
1376,37.2889
1327,8.1696
1377,36.7885
1328,7.6398
1378,36.2310
1329,7.7654
1379,36.5556
1330,7.5129
1380,38.0766
1331,7.6000
1381,38.1945
1332,7.8279
1382,36.4684
1333,7.7656
1383,36.8332
1334,7.9992
1384,37.1611
1335,8.0078
1385,36.9147
1336,8.2671
1386,36.3681
1337,7.9132
1387,37.1331
1338,7.9066
1388,36.9295
1339,7.9688
1389,35.9118
1340,7.9211
1390,36.3456
1341,9.2144
1391,38.6961
1342,7.5121
1392,35.9086
1343,7.8510
1393,36.8147
1344,7.6458
1394,36.7852
1345,7.7647
1395,37.0833
1346,7.7722
1396,36.6012
1347,7.9415
1397,37.3686
1348,8.0751
1398,36.7436
1349,7.7423
1399,37.0168
1350,7.8808
1400,36.1283
1351,8.0612
1401,37.1862
1352,8.1583
1402,36.0951
1353,7.6908
1403,35.9693
1354,7.8333
1404,37.2585
1355,7.6889
1405,36.7395
1356,7.8943
1406,37.2073
1357,7.0554
1407,39.1532
1358,7.7155
1408,36.0899
1359,7.8855
1409,37.8311
1360,7.9234
1410,36.4177
1361,7.8738
1411,37.4243
1362,7.9948
1412,37.2669
1363,8.1281
1413,36.5028
1364,7.6541
1414,37.9946
1365,8.0187
1415,36.5275
1366,7.8932
1416,37.0625
1367,7.6778
1417,37.5602
1368,7.9081
1418,36.7141
1369,7.1660
1419,37.3401
1370,7.8763
1420,36.6185
1371,7.8663
1421,38.2541
1372,7.7045
1422,35.5581
1373,8.1816
1423,36.3026
1374,8.4776
1424,36.3224
1375,7.7285
1425,35.8226
1376,8.1390
1426,36.1949
1377,7.9215
1427,36.2070
1378,7.8010
1428,36.5966
1379,7.9489
1429,36.4804
1380,7.7805
1430,36.5782
1381,7.7938
1431,36.6438
1382,8.1635
1432,36.8039
1383,8.0067
1433,38.7037
1384,7.7489
1434,37.1712
1385,7.7493
1435,36.4243
1386,8.0103
1436,37.1395
1387,8.1577
1437,36.8479
1388,7.7833
1438,36.5016
1389,7.9818
1439,36.9506
1390,7.8932
1440,36.8645
1391,7.6271
1441,36.9510
1392,7.6024
1442,37.5556
1393,7.8589
1443,37.4499
1394,7.6303
1444,36.3543
1395,8.0218
1445,36.8673
1396,7.6610
1446,37.4442
1397,7.7419
1447,37.1515
1398,7.8887
1448,37.1771
1399,7.9599
1449,37.3558
1400,7.9072
1450,37.7346
1401,7.7850
1451,36.8203
1402,7.5757
1452,35.6190
1403,7.6600
1453,36.5816
1404,7.7844
1454,35.7348
1405,8.0738
1455,36.8186
1406,7.9190
1456,35.5653
1407,8.0994
1457,36.1153
1408,7.5783
1458,36.2500
1409,8.0165
1459,37.4176
1410,7.9513
1460,37.3395
1411,8.0918
1461,36.8792
1412,8.1807
1462,36.8641
1413,7.8058
1463,36.0619
1414,10.8161
1464,36.7503
1415,9.2342
1465,36.8626
1416,9.1744
1466,36.7916
1417,9.3602
1467,36.4544
1418,9.0311
1468,37.4258
1419,9.1042
1469,37.6359
1420,9.2660
1470,36.7679
1421,9.1965
1471,35.9009
1422,9.3406
1472,36.1326
1423,9.2824
1473,36.4623
1424,9.3427
1474,37.7535
1425,9.2728
1475,37.4956
1426,9.2988
1476,38.1163
1427,10.3957
1477,37.8123
1428,10.7491
1478,36.5274
1429,9.0420
1479,37.8806
1430,9.1108
1480,36.7202
1431,8.7824
1481,37.1712
1432,8.9149
1482,36.5686
1433,10.0229
1483,37.0109
1434,9.2611
1484,37.9149
1435,10.0775
1485,37.1241
1436,8.0978
1486,37.4892
1437,7.9228
1487,36.5094
1438,7.7584
1488,36.9218
1439,8.5189
1489,37.9610
1440,7.8038
1490,36.7108
1441,8.1669
1491,36.9897
1442,7.8935
1492,37.0683
1443,8.0656
1493,36.6763
1444,8.1346
1494,36.8030
1445,8.1462
1495,36.6067
1446,7.9159
1496,37.6192
1447,8.1965
1497,36.2941
1448,7.8339
1498,36.9287
1449,7.8944
1499,35.7759
1450,7.7291
1500,36.9051
1451,7.6784
1501,38.5026
1452,8.0016
1502,37.1726
1453,7.8723
1503,36.2134
1454,7.8569
1504,35.9106
1455,8.3238
1505,36.8092
1456,7.9722
1506,37.3599
1457,7.8663
1507,36.8902
1458,7.9427
1508,37.6063
1459,8.5280
1509,36.8969
1460,7.7725
1510,36.8632
1461,7.7368
1511,36.2798
1462,8.1571
1512,37.4855
1463,8.2386
1513,36.7608
1464,8.1253
1514,36.1031
1465,7.7730
1515,36.4977
1466,8.0288
1516,36.6767
1467,8.3885
1517,37.6059
1468,8.0628
1518,37.4199
1469,8.1560
1519,36.4546
1470,7.9855
1520,37.0354
1471,8.5779
1521,37.2978
1472,7.8006
1522,35.8612
1473,7.8065
1523,37.3264
1474,7.8857
1524,37.2038
1475,8.1676
1525,36.7398
1476,8.1474
1526,36.7905
1477,7.7556
1527,37.2689
1478,8.1806
1528,35.4431
1479,7.6492
1529,36.4124
1480,7.7869
1530,37.7255
1481,8.0490
1531,36.1451
1482,7.6934
1532,37.1518
1483,7.8263
1533,37.2371
1484,8.2887
1534,36.0032
1485,7.8180
1535,36.7632
1486,7.9882
1536,37.2996
1487,7.9762
1537,37.1384
1488,7.7393
1538,36.3084
1489,7.8011
1539,36.5915
1490,7.9212
1540,36.2438
1491,7.9185
1541,35.8141
1492,8.1405
1542,35.2337
1493,7.8050
1543,36.8755
1494,7.7267
1544,37.1813
1495,7.8345
1545,36.4382
1496,7.6412
1546,37.8049
1497,7.8830
1547,36.1632
1498,9.0152
1548,37.1072
1499,8.0822
1549,37.0161
1500,8.0566
1550,36.1188
1501,8.0709
1551,35.9756
1502,8.0032
1552,36.0835
1503,7.8738
1553,37.6207
1504,7.8669
1554,36.6172
1505,8.1071
1555,37.1826
1506,8.1021
1556,36.6962
1507,7.9841
1557,36.5669
1508,8.2571
1558,35.8862
1509,7.9391
1559,38.1695
1510,7.8575
1560,36.8550
1511,9.8550
1561,40.3604
1512,8.1144
1562,35.9286
1513,8.0553
1563,37.8631
1514,7.9387
1564,36.0180
1515,7.8026
1565,37.3701
1516,8.0288
1566,36.4653
1517,7.8767
1567,36.2319
1518,8.0541
1568,37.3433
1519,7.8999
1569,37.9428
1520,8.2206
1570,36.7991
1521,7.6200
1571,37.5343
1522,7.8177
1572,37.1575
1523,7.9710
1573,36.5944
1524,7.8929
1574,37.2562
1525,8.1874
1575,36.9757
1526,8.1349
1576,36.6399
1527,7.9592
1577,35.7696
1528,7.7809
1578,37.2958
1529,8.0744
1579,37.0687
1530,8.1669
1580,37.1157
1531,8.0048
1581,36.8512
1532,7.8416
1582,36.8664
1533,7.9295
1583,37.2375
1534,10.6444
1584,36.6679
1535,9.0475
1585,37.1531
1536,8.8944
1586,37.8768
1537,8.9543
1587,38.2821
1538,8.9771
1588,37.6410
1539,8.8107
1589,36.9190
1540,8.7984
1590,37.8096
1541,8.7421
1591,38.2558
1542,8.7877
1592,37.3337
1543,8.6546
1593,36.9990
1544,10.1849
1594,35.2030
1545,7.7728
1595,37.2521
1546,7.9430
1596,35.9117
1547,7.7232
1597,36.8488
1548,7.6182
1598,36.8472
1549,7.7441
1599,36.9989
1550,8.1209
1600,36.7801
1551,9.1806
1601,37.1589
1552,7.7968
1602,37.0373
1553,7.5810
1603,36.7636
1554,7.7611
1604,36.9522
1555,7.8381
1605,38.3314
1556,7.9857
1606,37.1486
1557,7.6956
1607,36.9843
1558,7.9149
1608,36.8481
1559,7.8145
1609,36.4345
1560,7.7308
1610,36.1164
1561,8.0047
1611,37.2430
1562,7.8470
1612,36.9818
1563,7.7960
1613,37.4921
1564,8.1024
1614,36.4730
1565,7.8649
1615,36.3650
1566,7.7883
1616,38.0892
1567,8.0654
1617,37.1956
1568,7.9415
1618,36.8276
1569,7.9606
1619,37.4819
1570,7.8830
1620,36.6217
1571,7.8014
1621,36.8032
1572,7.8832
1622,36.3946
1573,8.2222
1623,36.7461
1574,9.5158
1624,36.9605
1575,8.3896
1625,36.9645
1576,8.0318
1626,36.5602
1577,8.5325
1627,36.6715
1578,8.1356
1628,36.3417
1579,8.2317
1629,36.9203
1580,8.2611
1630,36.8106
1581,8.2115
1631,37.7731
1582,7.8118
1632,36.2030
1583,7.7635
1633,37.3780
1584,7.8046
1634,36.2659
1585,7.7869
1635,37.3055
1586,7.9901
1636,36.8835
1587,8.3041
1637,36.8627
1588,8.1756
1638,37.3245
1589,8.0093
1639,37.4583
1590,8.0468
1640,37.2667
1591,8.4213
1641,36.3382
1592,8.0312
1642,36.2557
1593,8.0345
1643,36.7554
1594,7.9757
1644,36.4474
1595,8.0990
1645,35.7984
1596,8.2347
1646,36.3559
1597,8.0911
1647,35.7128
1598,8.0840
1648,36.0720
1599,8.1395
1649,36.2494
1600,9.4618
1650,36.4832
1601,8.8764
1651,37.4339
1602,9.0966
1652,36.7939
1603,9.0666
1653,37.1502
1604,8.7372
1654,35.9738
1605,8.9767
1655,37.1190
1606,8.8519
1656,36.2896
1607,10.3267
1657,35.8162
1608,9.4419
1658,37.1896
1609,10.3177
1659,37.1893
1610,8.8512
1660,36.3329
1611,8.9397
1661,35.3295
1612,8.5731
1662,35.7026
1613,10.2728
1663,36.2764
1614,9.1808
1664,37.5586
1615,8.6144
1665,36.5540
1616,10.0083
1666,36.1245
1617,8.8000
1667,37.3750
1618,8.9899
1668,37.3548
1619,8.7627
1669,37.6682
1620,8.8973
1670,37.7397
1621,8.9996
1671,36.2125
1622,9.0215
1672,36.9377
1623,8.7348
1673,36.4991
1624,10.1407
1674,37.3557
1625,10.2202
1675,36.9066
1626,9.1580
1676,36.2051
1627,8.7570
1677,37.0528
1628,9.0624
1678,37.7166
1629,8.8460
1679,36.0655
1630,8.9859
1680,37.0412
1631,8.9799
1681,37.0392
1632,10.2667
1682,37.3807
1633,10.0993
1683,36.5872
1634,9.3486
1684,37.4873
1635,10.2676
1685,37.3942
1636,9.2324
1686,37.3357
1637,9.1237
1687,37.6521
1638,10.3756
1688,37.4180
1639,9.0998
1689,37.0604
1640,8.9417
1690,38.2602
1641,8.9103
1691,36.9457
1642,8.7647
1692,37.2586
1643,8.6458
1693,35.4918
1644,9.0252
1694,36.2958
1645,8.7174
1695,36.1901
1646,10.0685
1696,35.4248
1647,9.9421
1697,36.2731
1648,8.6659
1698,37.0013
1649,11.6952
1699,38.8050
1650,9.8206
1700,36.1226
1651,8.8562
1701,36.7031
1652,9.2386
1702,37.2760
1653,9.1162
1703,36.7543
1654,9.0545
1704,37.0359
1655,10.2589
1705,36.6894
1656,8.7834
1706,36.8680
1657,8.9383
1707,37.0445
1658,8.7859
1708,36.6386
1659,8.8070
1709,36.7506
1660,10.0591
1710,37.1735
1661,8.9403
1711,36.0014
1662,10.1316
1712,37.3314
1663,8.6539
1713,37.4657
1664,8.7295
1714,36.4074
1665,8.7480
1715,36.6905
1666,8.6988
1716,37.3579
1667,8.9224
1717,36.7164
1668,9.0171
1718,36.7516
1669,8.7789
1719,36.9244
1670,8.8718
1720,36.7979
1671,10.1375
1721,37.6638
1672,9.8637
1722,37.1540
1673,9.0622
1723,38.2248
1674,8.7107
1724,37.6062
1675,8.5205
1725,36.9727
1676,8.5587
1726,35.5615
1677,8.7668
1727,35.7171
1678,8.7364
1728,37.1298
1679,8.5449
1729,36.6934
1680,8.7829
1730,36.9846
1681,8.6276
1731,36.5141
1682,8.4708
1732,37.3422
1683,8.8858
1733,36.7418
1684,8.6962
1734,36.9561
1685,8.6259
1735,36.9376
1686,8.5992
1736,36.3598
1687,10.0213
1737,36.0256
1688,9.0187
1738,37.1085
1689,8.7876
1739,37.2302
1690,8.8698
1740,36.4785
1691,8.7306
1741,35.7845
1692,8.6447
1742,35.5780
1693,8.9189
1743,35.6634
1694,8.7470
1744,36.9154
1695,9.0236
1745,36.7358
1696,8.7358
1746,37.3145
1697,8.8577
1747,37.6279
1698,8.9143
1748,37.6167
1699,8.8628
1749,37.8586
1700,9.9851
1750,37.5315
1701,10.3960
1751,38.1288
1702,9.0547
1752,37.8149
1703,9.3194
1753,37.6612
1704,8.6942
1754,37.3650
1705,8.8362
1755,36.5094
1706,9.8967
1756,40.6381
1707,9.2927
1757,38.8380
1708,10.0483
1758,37.7838
1709,9.0214
1759,38.4221
1710,8.6336
1760,38.7999
1711,8.7436
1761,38.1069
1712,8.9946
1762,38.4672
1713,9.1329
1763,37.8382
1714,9.8594
1764,37.3340
1715,8.6721
1765,37.4818
1716,8.7766
1766,37.7162
1717,8.7937
1767,38.9714
1718,8.5067
1768,37.3481
1719,8.8271
1769,37.6551
1720,10.0156
1770,37.7917
1721,9.2301
1771,37.4159
1722,8.7236
1772,38.1277
1723,8.6081
1773,37.8789
1724,8.6100
1774,37.7316
1725,9.0877
1775,37.4287
1726,8.6778
1776,37.6114
1727,8.5890
1777,38.2739
1728,10.2977
1778,38.2831
1729,8.5931
1779,37.0874
1730,8.8017
1780,38.0315
1731,9.0234
1781,38.0442
1732,8.9351
1782,38.2922
1733,9.0260
1783,38.2181
1734,8.5900
1784,38.0195
1735,9.0650
1785,37.9460
1736,8.5833
1786,38.1918
1737,8.7800
1787,37.8800
1738,8.7402
1788,37.6221
1739,9.0206
1789,36.8452
1740,8.8075
1790,38.5998
1741,8.7875
1791,38.0878
1742,9.8954
1792,38.0656
1743,8.7507
1793,38.2936
1744,8.6021
1794,37.9586
1745,8.8721
1795,37.8257
1746,8.8166
1796,38.0556
1747,8.6153
1797,37.6434
1748,8.8960
1798,38.5988
1749,8.7207
1799,37.7485
1750,8.8494
1800,38.1025
1751,9.1076
1801,36.8083
1752,8.6216
1802,37.6810
1753,8.7402
1803,38.0204
1754,8.7493
1804,37.3991
1755,8.9668
1805,37.9266
1756,8.8291
1806,37.8216
1757,8.8048
1807,37.1814
1758,8.7018
1808,37.4909
1759,9.0318
1809,37.9808
1760,9.1517
1810,37.3233
1761,8.8895
1811,36.8283
1762,8.7172
1812,39.1291
1763,9.0821
1813,38.1894
1764,8.8202
1814,37.6895
1765,10.0628
1815,36.9841
1766,8.8967
1816,37.7826
1767,8.7817
1817,39.0365
1768,8.8283
1818,38.7404
1769,8.5149
1819,37.9117
1770,8.8018
1820,37.4791
1771,10.1890
1821,38.6056
1772,8.7559
1822,37.3924
1773,8.6429
1823,37.3527
1774,9.0811
1824,38.0322
1775,8.6320
1825,37.8496
1776,10.5180
1826,38.2078
1777,10.7572
1827,37.4924
1778,10.8526
1828,37.6356
1779,10.8618
1829,37.4616
1780,10.7153
1830,37.0155
1781,10.9276
1831,37.3364
1782,10.9441
1832,38.0544
1783,10.6971
1833,38.5759
1784,10.7582
1834,37.3634
1785,10.8184
1835,38.8951
1786,10.8697
1836,36.5988
1787,12.0280
1837,42.1867
1788,11.1729
1838,38.8037
1789,10.5749
1839,41.0414
1790,10.8234
1840,37.2224
1791,12.1227
1841,40.8736
1792,11.2322
1842,38.3650
1793,10.9645
1843,37.6650
1794,11.1810
1844,37.8259
1795,10.6970
1845,37.8049
1796,11.4239
1846,37.8832
1797,12.2305
1847,38.9821
1798,11.1386
1848,37.6081
1799,10.9546
1849,37.9366
1800,11.1426
1850,38.3481
1801,10.6968
1851,37.9236
1802,11.1471
1852,37.5478
1803,11.0606
1853,38.2577
1804,11.0344
1854,38.1199
1805,11.5018
1855,37.8639
1806,11.1467
1856,37.3334
1807,10.8879
1857,37.8390
1808,10.3304
1858,41.9821
1809,10.8916
1859,38.5392
1810,12.0392
1860,39.7689
1811,11.2120
1861,37.1530
1812,10.7006
1862,37.0729
1813,11.0312
1863,37.5990
1814,10.8097
1864,37.3747
1815,10.6798
1865,37.7163
1816,10.9174
1866,39.0929
1817,10.8902
1867,37.0882
1818,11.1999
1868,37.9679
1819,11.2150
1869,37.7622
1820,10.9935
1870,36.9315
1821,11.1027
1871,38.0164
1822,11.0453
1872,37.6574
1823,10.9715
1873,38.2221
1824,10.8203
1874,40.1734
1825,11.1518
1875,37.1651
1826,10.9921
1876,37.6631
1827,12.1741
1877,40.2080
1828,11.1937
1878,38.0370
1829,10.7088
1879,37.3797
1830,11.1745
1880,38.1677
1831,10.5636
1881,38.2504
1832,11.2309
1882,37.8753
1833,11.3007
1883,37.7190
1834,11.0621
1884,39.3961
1835,11.2627
1885,38.2518
1836,11.0146
1886,38.5181
1837,11.0889
1887,37.5762
1838,10.5369
1888,42.2074
1839,10.9876
1889,38.0914
1840,10.9639
1890,38.4215
1841,11.0640
1891,37.2134
1842,10.8642
1892,37.9310
1843,11.0967
1893,38.6400
1844,11.0593
1894,38.0673
1845,11.0374
1895,38.0173
1846,11.0859
1896,38.8146
1847,10.7104
1897,38.2634
1848,12.4312
1898,41.0926
1849,10.9261
1899,37.2158
1850,10.8553
1900,37.5097
1851,11.1263
1901,37.9101
1852,12.7692
1902,41.5715
1853,11.0048
1903,37.2049
1854,10.9541
1904,37.4912
1855,11.2364
1905,38.2737
1856,11.1752
1906,37.3181
1857,10.9882
1907,38.6430
1858,11.0056
1908,37.9283
1859,10.9920
1909,37.5117
1860,12.3641
1910,40.0849
1861,10.6263
1911,38.1507
1862,13.1936
1912,39.6324
1863,11.1778
1913,37.6241
1864,10.8901
1914,39.5156
1865,10.8511
1915,37.8170
1866,10.9374
1916,37.4771
1867,10.8485
1917,37.6009
1868,10.9285
1918,37.7133
1869,11.0153
1919,39.0604
1870,11.1348
1920,37.3885
1871,11.2401
1921,38.0492
1872,11.2510
1922,37.7494
1873,11.0890
1923,38.0527
1874,10.9114
1924,38.2343
1875,11.2570
1925,37.3782
1876,10.6190
1926,38.1883
1877,11.1978
1927,37.8795
1878,11.1624
1928,37.4793
1879,11.3262
1929,37.3814
1880,10.6583
1930,40.0104
1881,11.0412
1931,37.7402
1882,11.0859
1932,38.4411
1883,10.7370
1933,37.6204
1884,10.5871
1934,37.5611
1885,10.7840
1935,37.7707
1886,10.8871
1936,38.2482
1887,10.8240
1937,37.5247
1888,10.6083
1938,40.4134
1889,10.8801
1939,41.3820
1890,11.2457
1940,37.8815
1891,11.2624
1941,38.4090
1892,10.7653
1942,37.4825
1893,11.0419
1943,38.1315
1894,10.9723
1944,38.7575
1895,11.0038
1945,38.6397
1896,11.1378
1946,37.9376
1897,10.7767
1947,42.1719
1898,10.7845
1948,38.3069
1899,10.9387
1949,39.8116
1900,11.0692
1950,37.7930
1901,11.1533
1951,37.7503
1902,10.7013
1952,38.2480
1903,10.7713
1953,38.0971
1904,11.0483
1954,38.2418
1905,10.7168
1955,38.3334
1906,10.6698
1956,37.5211
1907,10.8450
1957,38.6754
1908,10.7353
1958,39.3465
1909,10.8451
1959,38.2346
1910,11.8161
1960,42.2502
1911,10.6839
1961,38.8530
1912,11.9765
1962,38.5301
1913,10.9887
1963,37.9399
1914,11.1877
1964,37.4184
1915,10.8807
1965,37.8978
1916,11.0179
1966,38.0175
1917,10.9150
1967,41.0648
1918,11.0028
1968,38.1376
1919,11.3315
1969,38.5310
1920,11.1766
1970,37.7554
1921,10.9239
1971,39.4716
1922,10.8461
1972,38.8741
1923,10.7865
1973,38.9964
1924,10.8234
1974,39.3140
1925,10.9579
1975,39.3491
1926,10.6425
1976,38.5425
1927,10.5619
1977,39.8007
1928,10.7886
1978,37.7916
1929,11.1705
1979,38.3253
1930,10.4831
1980,40.6864
1931,11.0886
1981,37.1556
1932,12.5446
1982,41.1727
1933,11.9723
1983,40.3710
1934,10.5648
1984,37.6926
1935,10.6542
1985,38.8770
1936,10.8295
1986,37.9399
1937,11.0353
1987,37.9936
1938,10.9355
1988,38.1000
1939,10.5726
1989,38.6402
1940,10.8558
1990,38.4857
1941,10.8556
1991,38.2789
1942,11.1115
1992,38.3296
1943,11.0712
1993,38.6826
1944,10.9179
1994,38.1770
1945,11.1835
1995,37.3625
1946,11.3541
1996,38.6344
1947,11.0696
1997,36.7399
1948,11.1972
1998,39.6259
1949,10.9041
1999,38.2264
1950,11.5728
2000,37.9243
1951,11.0988
2001,37.1739
1952,10.8484
2002,37.5957
1953,10.7295
2003,38.5343
1954,11.1864
2004,37.5109
1955,11.0264
2005,37.6992
1956,10.9898
2006,38.7883
1957,11.2188
2007,38.5729
1958,10.6203
2008,37.8892
1959,11.2748
2009,38.3674
1960,10.9189
2010,39.1589
1961,10.8174
2011,39.0528
1962,10.8386
2012,37.8188
1963,10.9407
2013,37.0065
1964,11.0180
2014,39.4849
1965,10.9470
2015,37.5726
1966,10.5458
2016,38.6927
1967,10.9832
2017,38.1952
1968,11.0414
2018,38.5450
1969,10.8108
2019,38.2261
1970,10.5794
2020,37.9191
1971,11.1518
2021,37.8100
1972,11.1964
2022,38.6018
1973,11.1518
2023,40.2484
1974,11.0407
2024,38.7283
1975,11.2149
2025,37.6731
1976,10.7079
2026,39.0464
1977,11.0026
2027,38.4900
1978,11.1405
2028,40.5004
1979,10.8897
2029,39.2397
1980,11.2297
2030,37.9724
1981,12.9412
2031,41.9386
1982,11.1854
2032,37.8049
1983,11.1472
2033,38.6155
1984,11.0427
2034,38.3555
1985,10.9847
2035,38.3492
1986,10.8313
2036,38.9347
1987,11.2055
2037,38.8372
1988,11.3716
2038,37.8746
1989,10.8325
2039,37.9373
1990,10.8814
2040,38.1099
1991,10.8110
2041,37.7625
1992,11.0180
2042,38.6711
1993,10.9167
2043,38.7379
1994,10.6587
2044,39.2208
1995,10.7878
2045,38.0513
1996,10.8372
2046,37.1593
1997,10.6610
2047,37.9961
1998,10.3460
2048,42.5509
1999,10.5665
2049,37.6181
2000,10.6253
2050,38.2222
2001,10.8165
2051,38.7738
2002,10.4708
2052,37.8953
2003,10.8964
2053,38.7727
2004,10.5469
2054,37.7799
2005,11.4948
2055,40.8642
2006,11.2145
2056,38.1585
2007,11.2655
2057,38.2251
2008,11.3295
2058,38.9367
2009,10.9225
2059,38.6181
2010,10.8311
2060,39.1886
2011,10.8007
2061,38.1932
2012,10.8217
2062,38.5133
2013,11.0577
2063,38.0116
2014,11.2169
2064,36.9911
2015,11.0778
2065,38.6815
2016,10.8920
2066,38.1949
2017,10.9129
2067,39.1102
2018,11.2265
2068,37.0450
2019,11.1448
2069,38.1566
2020,11.0611
2070,38.4167
2021,11.0309
2071,37.7495
2022,10.5541
2072,37.8412
2023,12.1586
2073,41.2325
2024,11.3774
2074,41.3386
2025,11.1015
2075,38.2398
2026,10.7465
2076,38.4575
2027,11.2194
2077,38.0695
2028,11.1436
2078,38.6814
2029,11.0926
2079,37.4580
2030,11.0040
2080,39.6985
2031,11.1128
2081,38.4838
2032,10.4507
2082,37.7530
2033,10.6724
2083,36.6984
2034,10.6101
2084,37.9336
2035,10.9312
2085,38.3171
2036,10.5920
2086,38.5448
2037,10.8294
2087,38.3149
2038,10.6653
2088,38.4208
2039,11.0497
2089,37.7712
2040,10.7974
2090,37.7617
2041,10.7200
2091,38.9627
2042,10.2864
2092,37.4789
2043,10.5649
2093,38.1194
2044,10.4537
2094,38.3418
2045,10.4029
2095,38.5122
2046,10.7838
2096,37.9562
2047,10.4665
2097,37.4617
2048,10.6650
2098,37.2341
2049,10.7667
2099,37.5362
2050,11.0236
2100,37.5561
2051,10.4474
2101,37.9610
2052,10.6220
2102,37.9513
2053,10.8327
2103,37.6701
2054,10.6272
2104,36.9874
2055,10.7020
2105,38.2511
2056,10.7448
2106,37.1896
2057,10.7217
2107,37.8304
2058,10.6672
2108,38.4599
2059,12.0543
2109,41.1630
2060,10.7659
2110,39.2845
2061,11.0202
2111,38.8400
2062,10.7463
2112,36.4137
2063,10.8006
2113,38.2547
2064,10.8191
2114,38.4692
2065,10.7507
2115,38.4879
2066,10.7758
2116,37.7334
2067,10.8645
2117,38.2424
2068,10.9235
2118,36.5181
2069,11.0819
2119,37.7575
2070,11.1969
2120,37.4839
2071,10.6418
2121,37.5198
2072,10.7450
2122,38.0355
2073,10.6508
2123,38.0868
2074,10.6558
2124,37.4185
2075,10.5470
2125,37.2247
2076,10.8643
2126,36.7253
2077,10.7908
2127,36.8374
2078,10.5749
2128,38.0868
2079,10.4935
2129,38.0512
2080,10.7038
2130,39.3021
2081,10.7281
2131,37.4802
2082,10.8673
2132,37.4136
2083,10.4659
2133,37.6663
2084,12.7152
2134,39.4139
2085,10.9227
2135,37.2485
2086,10.8302
2136,37.9377
2087,10.7991
2137,38.3555
2088,10.8030
2138,37.3245
2089,10.7751
2139,38.1986
2090,10.8597
2140,38.1051
2091,10.9109
2141,38.6721
2092,11.9785
2142,41.2958
2093,11.1099
2143,38.7393
2094,10.7347
2144,38.1656
2095,10.8020
2145,37.8328
2096,10.8082
2146,38.2661
2097,10.5338
2147,37.2369
2098,10.8024
2148,38.0549
2099,10.4137
2149,38.5147
2100,10.3329
2150,41.3656
2101,10.5286
2151,37.6943
2102,10.3921
2152,36.9884
2103,10.7522
2153,38.9380
2104,10.7211
2154,38.1517
2105,10.6554
2155,37.9544
2106,11.0756
2156,37.7810
2107,10.5892
2157,38.2536
2108,10.4433
2158,38.2231
2109,11.8683
2159,41.1549
2110,10.6191
2160,37.8464
2111,11.0718
2161,38.5256
2112,10.7649
2162,37.8483
2113,10.7341
2163,37.9119
2114,10.3010
2164,40.2152
2115,10.5345
2165,37.0990
2116,11.0068
2166,38.1183
2117,11.2116
2167,38.4646
2118,10.7601
2168,38.4452
2119,10.7529
2169,39.4021
2120,10.8301
2170,38.2826
2121,10.8589
2171,37.0887
2122,10.4682
2172,38.2370
2123,10.5296
2173,39.4419
2124,11.2873
2174,40.1216
2125,10.5483
2175,38.4973
2126,10.7959
2176,38.6329
2127,10.6390
2177,37.6933
2128,10.6878
2178,37.9106
2129,10.4725
2179,38.9093
2130,10.7572
2180,38.0113
2131,10.7347
2181,38.4489
2132,11.1070
2182,37.3035
2133,10.5715
2183,38.8509
2134,10.5657
2184,37.5401
2135,10.5524
2185,39.0002
2136,10.6170
2186,37.7219
2137,10.2892
2187,38.2007
2138,10.2885
2188,37.7429
2139,10.2247
2189,37.4195
2140,10.5053
2190,40.1342
2141,10.5788
2191,37.6676
2142,10.5819
2192,38.4081
2143,10.3167
2193,37.6904
2144,10.4941
2194,38.6615
2145,10.3856
2195,39.3881
2146,10.8345
2196,39.2369
2147,10.6309
2197,37.4947
2148,10.5645
2198,37.3237
2149,10.6587
2199,38.5552
2150,10.4146
2200,37.9557
2151,10.5828
2201,37.8735
2152,10.4351
2202,37.7066
2153,10.1142
2203,37.6450
2154,10.3196
2204,38.4401
2155,10.5421
2205,38.8848
2156,10.2831
2206,38.3082
2157,10.4755
2207,38.4271
2158,10.7439
2208,38.2061
2159,10.1664
2209,38.2260
2160,10.3477
2210,38.0271
2161,10.3918
2211,37.7357
2162,10.6787
2212,38.3094
2163,10.4874
2213,38.9431
2164,10.3849
2214,38.1036
2165,10.1905
2215,38.7053
2166,10.3320
2216,39.2020
2167,10.8956
2217,38.9835
2168,10.5933
2218,38.0162
2169,10.4523
2219,38.4051
2170,10.7915
2220,38.4013
2171,10.8536
2221,37.5981
2172,10.9069
2222,36.8609
2173,10.2763
2223,38.2786
2174,9.7099
2224,40.3903
2175,10.3404
2225,38.2396
2176,10.6827
2226,37.6127
2177,10.3651
2227,39.0726
2178,10.7882
2228,37.9390
2179,10.3982
2229,37.5789
2180,10.4564
2230,38.3940
2181,10.5005
2231,38.2446
2182,10.8214
2232,37.8009
2183,10.6773
2233,38.4338
2184,10.7148
2234,38.8860
2185,10.8644
2235,37.1725
2186,10.3366
2236,39.0862
2187,10.8348
2237,38.7535
2188,10.4588
2238,38.0933
2189,10.3520
2239,37.7119
2190,10.6374
2240,37.6550
2191,10.3408
2241,38.9089
2192,10.7312
2242,37.9858
2193,12.5370
2243,41.2201
2194,10.5623
2244,38.3268
2195,10.2259
2245,39.6846
2196,10.6603
2246,38.6431
2197,10.2578
2247,37.4066
2198,10.5514
2248,38.1063
2199,10.3604
2249,43.3067
2200,13.0968
2250,39.9042
2201,13.0112
2251,39.1407
2202,13.2629
2252,38.8548
2203,13.1417
2253,39.1183
2204,13.0654
2254,40.0514
2205,13.2782
2255,39.3558
2206,13.3758
2256,39.3768
2207,13.2016
2257,40.2881
2208,13.6915
2258,38.5604
2209,12.7703
2259,41.5324
2210,13.1738
2260,39.5524
2211,13.0636
2261,39.5348
2212,13.2890
2262,39.9025
2213,12.0723
2263,38.1775
2214,11.8393
2264,37.6875
2215,12.0422
2265,36.9872
2216,11.9075
2266,38.5987
2217,11.7627
2267,38.1650
2218,12.3770
2268,38.3053
2219,11.9464
2269,37.2171
2220,12.0172
2270,36.8432
2221,12.2399
2271,38.9595
2222,11.7749
2272,37.8797
2223,12.9339
2273,37.3074
2224,12.5978
2274,37.7937
2225,12.2206
2275,38.7067
2226,12.4336
2276,37.9790
2227,12.4127
2277,38.0285
2228,11.8764
2278,36.7505
2229,12.0737
2279,39.3194
2230,11.7668
2280,36.5134
2231,11.7781
2281,38.3766
2232,12.2085
2282,37.2883
2233,12.0115
2283,36.8817
2234,11.8592
2284,37.6582
2235,11.7509
2285,36.9576
2236,11.8618
2286,38.2064
2237,11.8929
2287,38.7222
2238,11.9316
2288,37.9346
2239,12.0031
2289,37.6752
2240,12.1920
2290,38.2127
2241,11.8587
2291,37.8786
2242,11.8420
2292,37.7924
2243,11.6242
2293,38.9697
2244,11.8920
2294,37.9793
2245,12.1221
2295,38.8452
2246,12.2429
2296,38.6482
2247,12.0068
2297,38.5974
2248,12.3721
2298,39.2100
2249,11.8533
2299,38.2380
2250,11.9494
2300,39.0410
2251,11.9871
2301,37.3783
2252,12.1730
2302,37.1845
2253,12.0728
2303,37.9690
2254,11.8165
2304,38.4481
2255,11.9976
2305,36.7178
2256,11.7194
2306,37.3624
2257,12.2675
2307,37.0774
2258,11.6148
2308,37.5272
2259,11.9763
2309,38.2582
2260,11.8824
2310,38.1234
2261,11.8396
2311,37.4841
2262,11.6838
2312,42.7140
2263,11.9942
2313,38.4430
2264,12.0102
2314,36.8291
2265,12.0021
2315,39.6806
2266,11.8072
2316,36.4686
2267,11.9086
2317,37.6646
2268,11.6504
2318,37.0302
2269,11.8215
2319,37.7605
2270,11.6283
2320,36.8617
2271,12.0175
2321,37.7500
2272,12.2070
2322,37.8957
2273,12.0035
2323,37.5859
2274,12.1443
2324,39.8239
2275,11.6883
2325,37.2107
2276,12.0880
2326,37.2320
2277,12.0255
2327,37.4362
2278,11.8430
2328,39.0352
2279,12.0718
2329,37.2873
2280,12.2855
2330,38.2301
2281,11.6686
2331,38.3626
2282,11.9103
2332,38.1434
2283,11.6498
2333,37.8567
2284,11.6695
2334,38.1740
2285,11.5034
2335,37.3355
2286,11.5208
2336,37.6733
2287,11.5709
2337,37.4790
2288,11.4028
2338,38.2547
2289,11.8208
2339,38.3314
2290,11.7415
2340,37.2267
2291,11.9326
2341,37.4545
2292,11.6324
2342,37.7514
2293,11.9256
2343,37.6448
2294,11.9498
2344,36.9038
2295,11.5158
2345,37.1079
2296,11.6290
2346,37.7282
2297,11.8727
2347,38.9758
2298,11.7707
2348,37.2168
2299,11.6634
2349,37.5375
2300,11.8654
2350,37.9256
2301,11.8999
2351,38.4596
2302,12.1160
2352,38.0838
2303,11.6164
2353,38.1770
2304,11.7015
2354,37.4626
2305,11.7135
2355,37.2672
2306,12.5128
2356,39.0114
2307,11.5030
2357,37.7507
2308,11.8576
2358,38.3806
2309,11.7433
2359,38.2353
2310,11.9276
2360,37.4995
2311,12.2389
2361,38.3958
2312,11.7613
2362,37.8781
2313,11.7234
2363,37.5559
2314,12.4595
2364,37.9456
2315,11.6631
2365,37.8115
2316,11.8197
2366,38.4076
2317,11.7223
2367,38.1025
2318,11.5788
2368,36.9967
2319,12.2475
2369,38.2087
2320,12.2865
2370,38.9328
2321,12.2390
2371,38.4453
2322,12.0937
2372,38.5525
2323,12.3059
2373,37.5639
2324,12.1607
2374,36.8443
2325,11.8861
2375,37.8026
2326,11.4400
2376,37.4514
2327,11.8345
2377,38.2220
2328,11.7507
2378,38.6011
2329,11.5376
2379,38.2754
2330,11.3776
2380,37.9619
2331,12.0682
2381,37.4010
2332,12.0109
2382,38.1059
2333,11.5747
2383,37.6288
2334,11.5470
2384,37.6243
2335,11.5843
2385,38.8866
2336,12.4770
2386,37.6661
2337,11.7110
2387,38.5399
2338,11.6933
2388,37.5894
2339,11.8890
2389,38.5087
2340,11.9411
2390,37.4270
2341,11.6885
2391,38.0554
2342,12.6665
2392,38.4606
2343,12.0420
2393,37.8508
2344,12.2778
2394,37.0365
2345,11.8288
2395,37.3392
2346,11.9920
2396,38.5371
2347,11.7400
2397,38.7632
2348,11.5350
2398,37.6347
2349,11.7568
2399,37.6843
2350,11.5993
2400,38.1598
2351,11.6634
2401,37.4561
2352,11.8187
2402,38.0045
2353,11.6356
2403,37.4916
2354,11.7582
2404,37.7338
2355,11.8359
2405,37.6221
2356,11.6978
2406,38.4534
2357,11.7451
2407,37.3009
2358,11.3287
2408,36.5045
2359,11.9832
2409,37.5875
2360,11.5603
2410,37.5467
2361,11.5308
2411,38.0002
2362,11.6573
2412,37.4824
2363,11.8913
2413,37.6744
2364,11.5611
2414,39.0289
2365,11.7847
2415,37.4719
2366,11.7808
2416,37.2955
2367,12.0216
2417,38.3592
2368,11.7714
2418,38.1022
2369,11.8644
2419,38.0627
2370,11.7125
2420,39.9510
2371,11.6270
2421,38.6129
2372,11.7531
2422,38.9246
2373,11.3977
2423,38.2523
2374,11.4710
2424,37.5671
2375,11.7830
2425,37.4864
2376,11.5968
2426,37.4400
2377,11.8304
2427,38.1764
2378,11.6793
2428,37.7721
2379,11.2837
2429,38.2864
2380,11.5553
2430,38.3501
2381,11.8949
2431,37.9741
2382,11.4004
2432,38.0141
2383,11.7187
2433,38.9172
2384,11.4772
2434,37.7152
2385,11.7768
2435,37.0759
2386,11.8970
2436,37.9011
2387,11.9280
2437,38.2984
2388,11.8288
2438,38.0059
2389,11.4829
2439,37.2239
2390,11.5389
2440,38.2384
2391,11.6430
2441,36.9745
2392,11.5246
2442,37.9262
2393,11.9028
2443,38.0115
2394,11.7161
2444,38.6345
2395,12.0731
2445,37.8554
2396,11.7234
2446,38.0385
2397,11.6275
2447,38.3982
2398,11.6780
2448,38.8482
2399,11.0234
2449,36.9029
2400,11.6029
2450,37.9860
2401,11.3400
2451,37.5419
2402,11.6272
2452,37.8393
2403,11.6967
2453,38.3209
2404,11.5324
2454,37.0400
2405,11.6513
2455,37.3049
2406,11.7032
2456,39.4310
2407,11.6326
2457,37.4434
2408,11.7821
2458,37.8552
2409,11.7954
2459,38.5794
2410,11.8556
2460,38.0476
2411,11.8630
2461,37.8758
2412,11.8566
2462,37.3338
2413,11.5260
2463,38.1001
2414,11.9271
2464,37.5713
2415,11.6933
2465,37.5866
2416,11.7344
2466,37.1990
2417,11.7586
2467,38.0735
2418,11.5648
2468,37.9405
2419,12.1459
2469,38.1726
2420,11.7322
2470,37.3680
2421,11.4928
2471,36.6349
2422,11.5953
2472,38.8999
2423,11.7992
2473,37.4937
2424,11.8827
2474,39.9877
2425,12.8545
2475,38.3109
2426,12.4425
2476,37.7492
2427,12.8055
2477,38.1495
2428,12.2859
2478,38.3545
2429,13.9241
2479,39.4124
2430,12.4697
2480,38.0226
2431,12.2411
2481,38.2517
2432,12.6354
2482,38.5776
2433,12.8762
2483,38.4731
2434,12.2332
2484,37.4584
2435,12.8859
2485,37.9792
2436,13.0710
2486,36.3391
2437,12.4496
2487,37.4200
2438,13.8736
2488,40.3451
2439,12.4363
2489,38.3129
2440,12.3614
2490,37.5474
2441,12.5082
2491,38.6328
2442,12.7668
2492,37.9641
2443,12.3055
2493,38.7316
2444,13.2994
2494,39.5767
2445,12.4134
2495,38.0564
2446,12.1157
2496,38.8569
2447,12.8781
2497,38.5845
2448,12.1333
2498,37.9968
2449,12.6261
2499,38.3169
2450,12.2850
2500,37.8115
2451,12.6925
2501,37.8150
2452,12.5367
2502,37.8269
2453,12.5490
2503,37.5959
2454,12.5667
2504,38.0757
2455,12.6614
2505,38.0007
2456,12.4439
2506,36.9355
2457,12.2706
2507,37.3732
2458,12.3356
2508,36.7467
2459,12.1847
2509,37.6887
2460,13.2550
2510,38.3148
2461,12.6350
2511,37.7635
2462,12.3081
2512,37.7931
2463,12.4337
2513,38.1530
2464,12.6503
2514,38.7234
2465,12.5593
2515,38.2486
2466,12.2648
2516,38.6729
2467,12.7974
2517,37.9996
2468,12.4328
2518,38.8050
2469,12.6292
2519,37.7500
2470,12.4895
2520,37.5769
2471,12.0461
2521,37.8373
2472,12.4159
2522,38.5434
2473,12.4091
2523,37.5422
2474,12.4870
2524,37.3101
2475,12.5064
2525,38.3014
2476,12.4470
2526,37.6025
2477,12.6656
2527,37.2067
2478,12.3115
2528,37.8082
2479,12.3175
2529,37.9302
2480,12.7278
2530,37.1365
2481,12.1994
2531,37.1427
2482,12.5011
2532,37.0102
2483,12.6018
2533,36.8089
2484,12.2888
2534,37.9173
2485,12.5137
2535,38.2758
2486,12.5213
2536,37.1240
2487,12.6166
2537,36.9095
2488,12.6793
2538,37.6407
2489,12.3030
2539,37.4690
2490,12.8540
2540,37.8854
2491,12.6952
2541,37.6085
2492,12.2071
2542,38.0611
2493,12.5121
2543,37.6585
2494,12.9500
2544,38.1436
2495,12.5609
2545,38.4249
2496,12.4791
2546,37.9444
2497,12.3583
2547,37.3707
2498,12.3000
2548,37.8662
2499,12.1825
2549,37.7986
2500,12.4721
2550,39.7207
2501,12.3353
2551,38.0506
2502,12.4712
2552,36.6431
2503,12.5179
2553,38.0538
2504,12.7473
2554,36.9865
2505,12.3726
2555,37.5880
2506,12.4288
2556,37.3819
2507,12.1822
2557,37.0863
2508,12.4040
2558,36.1281
2509,12.5393
2559,39.0174
2510,13.7818
2560,39.6168
2511,13.4890
2561,38.5569
2512,13.3058
2562,39.1150
2513,13.5399
2563,38.7318
2514,13.4760
2564,41.4582
2515,12.4023
2565,37.2964
2516,12.5414
2566,37.4900
2517,11.5784
2567,37.1098
2518,11.4095
2568,37.8318
2519,11.8534
2569,38.2171
2520,11.9938
2570,38.3740
2521,11.9237
2571,38.4356
2522,11.9976
2572,37.0560
2523,11.6589
2573,37.9653
2524,11.9647
2574,38.3078
2525,11.4333
2575,38.2595
2526,11.9593
2576,38.9064
2527,11.6866
2577,37.6244
2528,12.0254
2578,37.8437
2529,11.4143
2579,38.3800
2530,11.9304
2580,37.7197
2531,11.7314
2581,37.9534
2532,11.7751
2582,38.2875
2533,12.0007
2583,37.6103
2534,11.9072
2584,38.2046
2535,12.1483
2585,37.9950
2536,12.3638
2586,37.0525
2537,11.7606
2587,37.5210
2538,11.9189
2588,37.8332
2539,11.5170
2589,38.0993
2540,11.7165
2590,37.4061
2541,12.1224
2591,37.9002
2542,11.9071
2592,38.0911
2543,11.9801
2593,39.3380
2544,11.9534
2594,38.3905
2545,12.3443
2595,38.3687
2546,11.7648
2596,37.9143
2547,11.5931
2597,37.6814
2548,11.7750
2598,37.9998
2549,12.1882
2599,36.9302
2550,11.6622
2600,37.2841
2551,11.5368
2601,36.3937
2552,11.4598
2602,38.1245
2553,12.2884
2603,37.3307
2554,12.1255
2604,37.9359
2555,11.6744
2605,38.0623
2556,11.9615
2606,37.6996
2557,11.4141
2607,36.7971
2558,11.4095
2608,37.6409
2559,12.1123
2609,39.4756
2560,11.7189
2610,38.0206
2561,11.7195
2611,37.3641
2562,12.1472
2612,38.3649
2563,12.2727
2613,38.2456
2564,12.2028
2614,36.9686
2565,11.7347
2615,37.6657
2566,14.0936
2616,41.6837
2567,11.7660
2617,38.2241
2568,11.4125
2618,37.4267
2569,11.9530
2619,38.5910
2570,11.8099
2620,38.6823
2571,11.9117
2621,38.3261
2572,12.0068
2622,38.7419
2573,11.8122
2623,38.0652
2574,11.4886
2624,38.3435
2575,12.1870
2625,38.4354
2576,11.8517
2626,37.6763
2577,11.7696
2627,38.1153
2578,11.9560
2628,38.4878
2579,11.6285
2629,37.8982
2580,11.5123
2630,38.6148
2581,11.7228
2631,37.6132
2582,11.6080
2632,37.3896
2583,11.7513
2633,38.6759
2584,11.2726
2634,37.6769
2585,12.2256
2635,37.1124
2586,12.4585
2636,38.8535
2587,11.8573
2637,38.2708
2588,11.5591
2638,37.6804
2589,12.0389
2639,38.8065
2590,12.0901
2640,38.5379
2591,11.6277
2641,37.9332
2592,13.5093
2642,40.7652
2593,11.4552
2643,37.8208
2594,11.4215
2644,37.8852
2595,11.7545
2645,37.8426
2596,11.9645
2646,38.2250
2597,13.0693
2647,40.5823
2598,11.4671
2648,36.7099
2599,11.7141
2649,37.1254
2600,11.5848
2650,36.4595
2601,11.4356
2651,37.0714
2602,11.7905
2652,37.3549
2603,11.8434
2653,38.0480
2604,11.4038
2654,38.0918
2605,11.2262
2655,37.0517
2606,11.8897
2656,39.1324
2607,11.4574
2657,37.3555
2608,11.6946
2658,37.5326
2609,11.7364
2659,37.1487
2610,11.5354
2660,38.7531
2611,11.7022
2661,38.6578
2612,12.1219
2662,38.7696
2613,11.1587
2663,38.1228
2614,11.3778
2664,37.4090
2615,11.5369
2665,38.5507
2616,11.2827
2666,38.4557
2617,11.7498
2667,37.5641
2618,11.5361
2668,37.3476
2619,11.6757
2669,37.3793
2620,11.8501
2670,38.4183
2621,12.2864
2671,38.3445
2622,11.5796
2672,37.1839
2623,11.3914
2673,38.3260
2624,11.7118
2674,37.2516
2625,11.5787
2675,38.3629
2626,11.4308
2676,36.8067
2627,11.9912
2677,37.5539
2628,12.1290
2678,38.1352
2629,11.6224
2679,37.4664
2630,11.7758
2680,37.7116
2631,11.4792
2681,37.1776
2632,11.6449
2682,38.7800
2633,12.4276
2683,38.9543
2634,11.6816
2684,37.2504
2635,11.6191
2685,37.8182
2636,11.7568
2686,39.1731
2637,11.7273
2687,38.5704
2638,11.5106
2688,37.9082
2639,11.5083
2689,38.4211
2640,11.5207
2690,37.6578
2641,11.8781
2691,37.2387
2642,11.5006
2692,37.9423
2643,11.4299
2693,38.2716
2644,11.3198
2694,36.5089
2645,11.3453
2695,38.4165
2646,11.8635
2696,37.5047
2647,11.4931
2697,37.7669
2648,11.2649
2698,38.4760
2649,11.5644
2699,37.0815
2650,11.4243
2700,38.2535
2651,11.5072
2701,37.4781
2652,11.9532
2702,38.5323
2653,11.7792
2703,38.3274
2654,11.7224
2704,37.8077
2655,11.6337
2705,38.1207
2656,11.4224
2706,38.0937
2657,11.6275
2707,38.9955
2658,11.4098
2708,38.0982
2659,11.3637
2709,37.5180
2660,11.5938
2710,38.0742
2661,11.4937
2711,37.0187
2662,12.5401
2712,40.2301
2663,11.2298
2713,39.6088
2664,11.8006
2714,38.7594
2665,11.4620
2715,37.5532
2666,11.7631
2716,37.5858
2667,13.6504
2717,39.6628
2668,11.7383
2718,38.5557
2669,11.5329
2719,38.8097
2670,11.6195
2720,37.6194
2671,11.8157
2721,37.5367
2672,11.4957
2722,37.6830
2673,11.7154
2723,36.2653
2674,11.7287
2724,37.9417
2675,11.5928
2725,39.6542
2676,11.3015
2726,37.5089
2677,11.7959
2727,38.7424
2678,11.4030
2728,41.0394
2679,11.7856
2729,37.8222
2680,11.6841
2730,37.7335
2681,11.6562
2731,38.5352
2682,11.5393
2732,36.5231
2683,11.7297
2733,37.9884
2684,11.9478
2734,37.6687
2685,11.2682
2735,37.7337
2686,11.7604
2736,39.5094
2687,11.4380
2737,38.3161
2688,11.3108
2738,36.8972
2689,11.6153
2739,38.1045
2690,11.5006
2740,38.4841
2691,11.9798
2741,37.3103
2692,11.8214
2742,38.8696
2693,11.4056
2743,37.3492
2694,12.1283
2744,37.8935
2695,11.5175
2745,38.3751
2696,12.9492
2746,41.3374
2697,11.5379
2747,37.5744
2698,11.8756
2748,38.6023
2699,11.6899
2749,38.4699
2700,11.6626
2750,37.7566
2701,11.7586
2751,37.7857
2702,11.6189
2752,37.6808
2703,12.0071
2753,37.7228
2704,11.6324
2754,36.7707
2705,11.3340
2755,38.5880
2706,11.7828
2756,39.6846
2707,11.6554
2757,37.9685
2708,11.5984
2758,37.4088
2709,11.5636
2759,37.6979
2710,11.7583
2760,37.1165
2711,11.6564
2761,38.0577
2712,11.8960
2762,38.1986
2713,11.7438
2763,38.1284
2714,11.5301
2764,38.4947
2715,11.3656
2765,37.2359
2716,11.2701
2766,38.1074
2717,11.7550
2767,37.1867
2718,11.6533
2768,37.5474
2719,11.5395
2769,38.0203
2720,11.9263
2770,38.1206
2721,11.8328
2771,37.4975
2722,11.3697
2772,38.8603
2723,11.4951
2773,38.3369
2724,11.5971
2774,38.1389
2725,11.2653
2775,38.0369
2726,11.4657
2776,37.4498
2727,11.5065
2777,38.1555
2728,11.6655
2778,38.6348
2729,11.4328
2779,37.8558
2730,11.8287
2780,38.6761
2731,11.5605
2781,38.2620
2732,11.6013
2782,37.4656
2733,11.6521
2783,38.0454
2734,11.7064
2784,38.0501
2735,11.8573
2785,38.0576
2736,11.7940
2786,37.1579
2737,11.6238
2787,37.8966
2738,11.9604
2788,38.0022
2739,11.1673
2789,37.3705
2740,11.3055
2790,38.9161
2741,11.4247
2791,37.8540
2742,11.7544
2792,38.2813
2743,11.2298
2793,37.9663
2744,11.7236
2794,38.0863
2745,11.6557
2795,37.7207
2746,11.5616
2796,38.7868
2747,11.7551
2797,38.6436
2748,11.5014
2798,37.6361
2749,12.9729
2799,40.4644
2750,11.8866
2800,37.0568
2751,11.4427
2801,37.3068
2752,11.5426
2802,36.6693
2753,11.4186
2803,37.5390
2754,11.3503
2804,37.2925
2755,11.6803
2805,37.4381
2756,11.3472
2806,37.9999
2757,11.5640
2807,37.0730
2758,11.7318
2808,39.9981
2759,11.5570
2809,37.9432
2760,11.5692
2810,37.8729
2761,11.2132
2811,37.1594
2762,11.6671
2812,37.9609
2763,11.6625
2813,37.8367
2764,11.5635
2814,38.2817
2765,11.9937
2815,37.4716
2766,11.3646
2816,36.6829
2767,11.5029
2817,38.5365
2768,11.6984
2818,37.2279
2769,11.7482
2819,37.4297
2770,11.4189
2820,37.7114
2771,11.5709
2821,38.0234
2772,11.6301
2822,39.0756
2773,11.4495
2823,37.7134
2774,11.7554
2824,37.5831
2775,11.3607
2825,37.8523
2776,11.6971
2826,37.9974
2777,11.5948
2827,36.9928
2778,11.7631
2828,38.6018
2779,11.5747
2829,38.2647
2780,13.5567
2830,42.6227
2781,12.0261
2831,37.5575
2782,12.1418
2832,38.7860
2783,12.5460
2833,38.7168
2784,12.7427
2834,39.0912
2785,11.8938
2835,37.8163
2786,11.8238
2836,37.7108
2787,11.5996
2837,37.8983
2788,11.4761
2838,37.0949
2789,11.4212
2839,37.7527
2790,11.2845
2840,37.2239
2791,11.2518
2841,38.6304
2792,11.5317
2842,37.2043
2793,11.3659
2843,38.2596
2794,11.7422
2844,37.5807
2795,11.6411
2845,37.6745
2796,11.7519
2846,38.2763
2797,11.6307
2847,38.2665
2798,11.6276
2848,37.7375
2799,11.5262
2849,38.9195
2800,11.2047
2850,37.0704
2801,11.2634
2851,37.5809
2802,11.5127
2852,38.5716
2803,11.6860
2853,37.7091
2804,11.4774
2854,36.1080
2805,11.7786
2855,38.9962
2806,11.5477
2856,38.6780
2807,11.1192
2857,37.2573
2808,11.2009
2858,38.2951
2809,11.3315
2859,38.0683
2810,11.8448
2860,38.2606
2811,11.7434
2861,37.9273
2812,11.7874
2862,37.9880
2813,11.4871
2863,37.4282
2814,11.8006
2864,38.1770
2815,11.7738
2865,37.2885
2816,11.5250
2866,38.3547
2817,11.3606
2867,37.6822
2818,11.3705
2868,38.7491
2819,11.5349
2869,36.9821
2820,12.5780
2870,40.9200
2821,11.4415
2871,38.0999
2822,11.4836
2872,37.7376
2823,11.3748
2873,38.1504
2824,11.3191
2874,38.3013
2825,11.4985
2875,37.6829
2826,11.5251
2876,37.9365
2827,11.5028
2877,37.3713
2828,11.6577
2878,38.5784
2829,12.0831
2879,40.3821
2830,11.6214
2880,37.1925
2831,11.9031
2881,37.5208
2832,11.7427
2882,38.7827
2833,11.3573
2883,37.3776
2834,11.4661
2884,38.0278
2835,11.3443
2885,38.8269
2836,11.6149
2886,38.2964
2837,11.3436
2887,37.5651
2838,11.3306
2888,38.0472
2839,11.3622
2889,37.5478
2840,11.5293
2890,38.6631
2841,12.0344
2891,37.7888
2842,11.7723
2892,38.4414
2843,11.9145
2893,38.4225
2844,11.3970
2894,37.2954
2845,11.5123
2895,36.6926
2846,11.2533
2896,37.7649
2847,11.5183
2897,37.9430
2848,11.4053
2898,38.5388
2849,11.2423
2899,37.7466
2850,11.4650
2900,38.2763
2851,11.3358
2901,36.2595
2852,11.3699
2902,38.2104
2853,11.8426
2903,39.5596
2854,11.7711
2904,38.2290
2855,11.6648
2905,36.8367
2856,12.1690
2906,37.5103
2857,11.7254
2907,37.8879
2858,11.8506
2908,37.3555
2859,11.9845
2909,39.7630
2860,11.7470
2910,38.6963
2861,11.7452
2911,38.1320
2862,12.0829
2912,37.9860
2863,11.4788
2913,38.4738
2864,11.4680
2914,37.9212
2865,11.6855
2915,37.6360
2866,11.3599
2916,38.3834
2867,11.9566
2917,38.5497
2868,11.8119
2918,37.0795
2869,11.4976
2919,38.1514
2870,11.3590
2920,37.5584
2871,11.6633
2921,38.1594
2872,11.3884
2922,37.4178
2873,11.9455
2923,37.0320
2874,11.5818
2924,39.7181
2875,11.6562
2925,37.9413
2876,11.7596
2926,37.8669
2877,11.8491
2927,37.6982
2878,11.6362
2928,37.7038
2879,11.8815
2929,36.6572
2880,11.3749
2930,37.5770
2881,11.6506
2931,38.4254
2882,11.4259
2932,36.9145
2883,11.3138
2933,39.1570
2884,11.4574
2934,36.9637
2885,11.4747
2935,37.8271
2886,11.8091
2936,37.5753
2887,11.6393
2937,38.6179
2888,11.5256
2938,38.7403
2889,11.6066
2939,37.1259
2890,11.4199
2940,37.3858
2891,11.6314
2941,36.1025
2892,11.4704
2942,38.8126
2893,11.2144
2943,38.0878
2894,11.7639
2944,38.0846
2895,11.8023
2945,37.6656
2896,11.4859
2946,38.8319
2897,12.4364
2947,37.9591
2898,11.8117
2948,37.4313
2899,11.4797
2949,37.5147
2900,11.3755
2950,38.0220
2901,11.8573
2951,38.7356
2902,12.1130
2952,37.2732
2903,11.6776
2953,37.9755
2904,11.4780
2954,37.7293
2905,11.4833
2955,37.7915
2906,11.4671
2956,37.3411
2907,11.2468
2957,37.9788
2908,11.3365
2958,38.0321
2909,11.2817
2959,38.3779
2910,11.5544
2960,37.6467
2911,11.5917
2961,37.4998
2912,11.3079
2962,37.9409
2913,11.5148
2963,37.8134
2914,11.7312
2964,37.5976
2915,12.0290
2965,38.3428
2916,11.9983
2966,36.2380
2917,11.9771
2967,36.7260
2918,11.3457
2968,37.4976
2919,11.6899
2969,38.7063
2920,11.5541
2970,36.8456
2921,11.8537
2971,37.7490
2922,11.3293
2972,38.3283
2923,11.6956
2973,37.4726
2924,11.4881
2974,37.7806
2925,11.7321
2975,37.0220
2926,11.3468
2976,36.7064
2927,11.5179
2977,39.0892
2928,11.7572
2978,38.3586
2929,11.5554
2979,37.4544
2930,11.3973
2980,37.2735
2931,11.4045
2981,37.5842
2932,11.5116
2982,36.9687
2933,11.7226
2983,37.5178
2934,11.4201
2984,37.4903
2935,11.7691
2985,37.7836
2936,11.3434
2986,36.8364
2937,11.3917
2987,36.2581
2938,11.5823
2988,36.8862
2939,11.5564
2989,37.4037
2940,11.5562
2990,37.9857
2941,11.6187
2991,36.7112
2942,11.4272
2992,37.7110
2943,11.4128
2993,38.3581
2944,11.7095
2994,37.2672
2945,11.2094
2995,37.6512
2946,11.4905
2996,38.9532
2947,11.3747
2997,37.3973
2948,11.3641
2998,37.8056
2949,11.5175
2999,38.0257
2950,11.6289
3000,37.3301
2951,11.6855
3001,37.7207
2952,11.4794
3002,37.9358
2953,11.6395
3003,37.3501
2954,12.5826
3004,40.3973
2955,11.2388
3005,36.9577
2956,11.6087
3006,38.2700
2957,11.1786
3007,37.2280
2958,11.3790
3008,37.2404
2959,11.6567
3009,36.9577
2960,11.4983
3010,37.5588
2961,11.6409
3011,37.6919
2962,11.4511
3012,37.2693
2963,11.6907
3013,38.3600
2964,11.5446
3014,36.8310
2965,13.2621
3015,39.5142
2966,11.4882
3016,37.5247
2967,11.2101
3017,37.5531
2968,11.5481
3018,36.8414
2969,11.3350
3019,39.1971
2970,11.3621
3020,36.7502
2971,11.4582
3021,37.1120
2972,14.3237
3022,38.3178
2973,14.9823
3023,38.2607
2974,14.3107
3024,39.7769
2975,14.6480
3025,37.9227
2976,14.6166
3026,39.5344
2977,15.0439
3027,39.5357
2978,14.9146
3028,39.9651
2979,14.7609
3029,38.8521
2980,15.1360
3030,39.4505
2981,14.9847
3031,39.7111
2982,14.7560
3032,39.0027
2983,14.2805
3033,38.9822
2984,15.3177
3034,38.4080
2985,14.8974
3035,39.1676
2986,14.9548
3036,39.7137
2987,14.9015
3037,39.0200
2988,14.5237
3038,37.7765
2989,14.6960
3039,40.2606
2990,14.8559
3040,38.3201
2991,15.0221
3041,38.5288
2992,15.0217
3042,39.0234
2993,14.9777
3043,38.9423
2994,14.4937
3044,38.9367
2995,14.9260
3045,38.8906
2996,14.4986
3046,38.5123
2997,14.5797
3047,38.9841
2998,14.8911
3048,39.0441
2999,14.7440
3049,40.2445
3000,14.3049
3050,39.1622
3001,14.5813
3051,38.0212
3002,14.8115
3052,38.4278
3003,14.9317
3053,39.3514
3004,15.0793
3054,39.8914
3005,14.7323
3055,39.5726
3006,14.5668
3056,37.9168
3007,15.1444
3057,40.3498
3008,14.3576
3058,38.6926
3009,14.6680
3059,39.0679
3010,14.8087
3060,39.3261
3011,14.8095
3061,38.9208
3012,14.8000
3062,38.3114
3013,14.5904
3063,37.3240
3014,15.0791
3064,38.6727
3015,14.5602
3065,38.9113
3016,14.7498
3066,39.2537
3017,15.2993
3067,38.8039
3018,14.9080
3068,38.3487
3019,14.5141
3069,39.4950
3020,15.0897
3070,37.2655
3021,14.8943
3071,39.0125
3022,14.8533
3072,38.8335
3023,14.7645
3073,39.7152
3024,14.6106
3074,38.0493
3025,14.7777
3075,39.0430
3026,14.7229
3076,38.9567
3027,14.7726
3077,37.8951
3028,15.6461
3078,38.4216
3029,15.1900
3079,39.0640
3030,15.1934
3080,40.8242
3031,14.9483
3081,38.1772
3032,14.8084
3082,38.1847
3033,14.7132
3083,40.8206
3034,15.1020
3084,38.0791
3035,15.7445
3085,41.2287
3036,14.4327
3086,38.1222
3037,15.1918
3087,39.4032
3038,14.3584
3088,39.3966
3039,14.7005
3089,38.1283
3040,14.9916
3090,39.6229
3041,14.7680
3091,39.3043
3042,14.9789
3092,39.1579
3043,14.2136
3093,39.2797
3044,14.6020
3094,38.7862
3045,15.3678
3095,38.0986
3046,15.1342
3096,38.4384
3047,15.2062
3097,38.2620
3048,15.4078
3098,39.0674
3049,14.7394
3099,39.5675
3050,14.8580
3100,40.9385
3051,14.5852
3101,38.5490
3052,15.1640
3102,40.4759
3053,14.2427
3103,37.5362
3054,14.4078
3104,38.4942
3055,14.9170
3105,38.8000
3056,14.7329
3106,37.7649
3057,14.7135
3107,38.8255
3058,15.0589
3108,38.8728
3059,14.7288
3109,40.2193
3060,14.7682
3110,37.3160
3061,14.5961
3111,39.2828
3062,14.7659
3112,38.6849
3063,15.1398
3113,40.4714
3064,14.8199
3114,39.2417
3065,15.0632
3115,41.3768
3066,14.5028
3116,38.9823
3067,14.8083
3117,38.5284
3068,15.4239
3118,39.2040
3069,14.5272
3119,39.8136
3070,15.1422
3120,38.3257
3071,15.0362
3121,37.3727
3072,14.7335
3122,38.8054
3073,14.7560
3123,39.0763
3074,15.1795
3124,38.2684
3075,15.2446
3125,38.0713
3076,14.6667
3126,39.7831
3077,14.7431
3127,39.1653
3078,14.7587
3128,38.3904
3079,15.0166
3129,40.1455
3080,14.5691
3130,38.0917
3081,14.4393
3131,39.9203
3082,14.4084
3132,38.4451
3083,14.5489
3133,40.1449
3084,14.6179
3134,39.6574
3085,15.0025
3135,38.5580
3086,14.7815
3136,38.8820
3087,15.4437
3137,38.4173
3088,15.4724
3138,38.6635
3089,14.7114
3139,39.6210
3090,15.0127
3140,38.7225
3091,14.5280
3141,37.1772
3092,15.1243
3142,38.9395
3093,14.4775
3143,37.7291
3094,14.7291
3144,39.0273
3095,14.1727
3145,38.3061
3096,15.2402
3146,38.6279
3097,14.7052
3147,39.6146
3098,14.8987
3148,39.4748
3099,14.5393
3149,38.7109
3100,14.6228
3150,39.3257
3101,14.2293
3151,38.1624
3102,14.9118
3152,39.8774
3103,14.7100
3153,38.0331
3104,14.9238
3154,39.1181
3105,14.9772
3155,39.6390
3106,14.9146
3156,39.0979
3107,14.8398
3157,40.6057
3108,14.8098
3158,38.5269
3109,14.6886
3159,39.4329
3110,14.5051
3160,40.2567
3111,14.4994
3161,38.7375
3112,14.7318
3162,39.2407
3113,15.0139
3163,40.0991
3114,14.6844
3164,39.0695
3115,15.0914
3165,39.3231
3116,14.7763
3166,38.8034
3117,15.1382
3167,37.7618
3118,14.8789
3168,40.4540
3119,15.2383
3169,39.1756
3120,13.3371
3170,39.5029
3121,11.7119
3171,37.3975
3122,11.8807
3172,38.1347
3123,11.9719
3173,38.0686
3124,11.4637
3174,36.6510
3125,11.9251
3175,38.1761
3126,11.8392
3176,37.7194
3127,11.8564
3177,37.9535
3128,11.7861
3178,38.3278
3129,11.5922
3179,37.3931
3130,11.7470
3180,37.6183
3131,11.6073
3181,37.1426
3132,11.3974
3182,37.9998
3133,11.7497
3183,37.8897
3134,11.6696
3184,38.5758
3135,11.7016
3185,38.2398
3136,11.4633
3186,37.7267
3137,11.7698
3187,38.3726
3138,11.7201
3188,37.6566
3139,11.4541
3189,38.4397
3140,11.5195
3190,37.6731
3141,11.4867
3191,37.2594
3142,11.8291
3192,37.6653
3143,11.4929
3193,37.7223
3144,11.4440
3194,37.1472
3145,11.7485
3195,38.8587
3146,11.5243
3196,36.7758
3147,11.8872
3197,37.9461
3148,11.8087
3198,38.1107
3149,11.1399
3199,37.8132
3150,11.5074
3200,38.0155
3151,11.2839
3201,38.0980
3152,11.5653
3202,37.5984
3153,11.2581
3203,37.4827
3154,11.3731
3204,37.9747
3155,12.0105
3205,37.7713
3156,11.5113
3206,36.6603
3157,11.4560
3207,37.6057
3158,11.5132
3208,38.3945
3159,11.4655
3209,38.5388
3160,11.5780
3210,36.9764
3161,11.8108
3211,37.8061
3162,11.4484
3212,37.2323
3163,11.5975
3213,37.3204
3164,11.7107
3214,39.2195
3165,11.4352
3215,36.4575
3166,11.3380
3216,37.9903
3167,11.4062
3217,38.0164
3168,11.2782
3218,37.2266
3169,11.6113
3219,37.9724
3170,11.8068
3220,38.2319
3171,11.2429
3221,37.7290
3172,11.3024
3222,37.8255
3173,12.8393
3223,39.8117
3174,12.1033
3224,37.1643
3175,11.9457
3225,39.0315
3176,11.5583
3226,37.4200
3177,11.7249
3227,37.4291
3178,11.7110
3228,36.5748
3179,11.7849
3229,39.4752
3180,11.4269
3230,37.4004
3181,11.6273
3231,37.8950
3182,11.4264
3232,37.6584
3183,11.4395
3233,38.3063
3184,11.6448
3234,37.2579
3185,11.6171
3235,39.1135
3186,11.5826
3236,37.2088
3187,11.8391
3237,39.4216
3188,11.4744
3238,38.0585
3189,11.3306
3239,36.8142
3190,11.6343
3240,37.4743
3191,11.4415
3241,38.7502
3192,11.2279
3242,36.4807
3193,11.6633
3243,38.5440
3194,11.1615
3244,37.3489
3195,11.3239
3245,37.6722
3196,13.8999
3246,38.8600
3197,14.8588
3247,38.8718
3198,14.8818
3248,38.6507
3199,14.8033
3249,38.7564
3200,14.2427
3250,38.7512
3201,14.6328
3251,38.1892
3202,14.9450
3252,39.3449
3203,14.6337
3253,39.7261
3204,14.9997
3254,38.5242
3205,14.8131
3255,39.3712
3206,14.9762
3256,38.1169
3207,14.5095
3257,39.6661
3208,14.7643
3258,37.9708
3209,14.1788
3259,41.6657
3210,14.8457
3260,39.4017
3211,14.4850
3261,37.9135
3212,14.4660
3262,38.2677
3213,14.6913
3263,40.4917
3214,15.0343
3264,38.4383
3215,15.1925
3265,39.9706
3216,14.9678
3266,39.2261
3217,14.8348
3267,40.0572
3218,14.5090
3268,38.9196
3219,14.8469
3269,38.3365
3220,14.6011
3270,39.1096
3221,14.8096
3271,38.5626
3222,14.8321
3272,38.6675
3223,14.9264
3273,38.9216
3224,14.4706
3274,37.9687
3225,14.8528
3275,38.8055
3226,15.0141
3276,40.0976
3227,14.6707
3277,38.5726
3228,14.8564
3278,38.3030
3229,15.3941
3279,38.5015
3230,14.2738
3280,37.4756
3231,14.5973
3281,40.4109
3232,15.1325
3282,38.3622
3233,14.7404
3283,38.2766
3234,14.4973
3284,37.8724
3235,15.0254
3285,39.8575
3236,14.7688
3286,40.6923
3237,14.8339
3287,38.3004
3238,14.4748
3288,38.5431
3239,14.5118
3289,39.1169
3240,14.3079
3290,38.8355
3241,14.6279
3291,38.5940
3242,14.5919
3292,39.3257
3243,14.6918
3293,38.4183
3244,15.0071
3294,39.8502
3245,14.9395
3295,37.9189
3246,15.0375
3296,37.7866
3247,15.2719
3297,39.2125
3248,14.6980
3298,38.3828
3249,14.7371
3299,38.7649
3250,14.6186
3300,39.3672
3251,14.9555
3301,38.5898
3252,14.7206
3302,39.7304
3253,14.8481
3303,38.5940
3254,14.4204
3304,39.3999
3255,14.0896
3305,39.3582
3256,14.2822
3306,39.4616
3257,14.6464
3307,38.9466
3258,14.3534
3308,39.2223
3259,14.7325
3309,37.9003
3260,14.3883
3310,38.2216
3261,14.1446
3311,37.3777
3262,14.6281
3312,38.6479
3263,14.6678
3313,37.6811
3264,14.3942
3314,38.7347
3265,14.7165
3315,38.8806
3266,14.2655
3316,40.3423
3267,14.9018
3317,39.1799
3268,14.7180
3318,38.9187
3269,14.4768
3319,39.2464
3270,14.6372
3320,39.1526
3271,14.4868
3321,39.8624
3272,14.7689
3322,38.2239
3273,14.7377
3323,40.0528
3274,14.7742
3324,37.4564
3275,14.6504
3325,39.8996
3276,14.3657
3326,39.5292
3277,14.6749
3327,38.6703
3278,14.9681
3328,40.0704
3279,14.4960
3329,37.3258
3280,14.9970
3330,37.9807
3281,14.5045
3331,39.1028
3282,14.4648
3332,39.1283
3283,15.0643
3333,38.0964
3284,15.2870
3334,38.3597
3285,14.9650
3335,38.8844
3286,15.4346
3336,39.4889
3287,14.7560
3337,38.9774
3288,14.6591
3338,38.7707
3289,14.7938
3339,39.4053
3290,14.9410
3340,39.2230
3291,14.4147
3341,39.6629
3292,14.7236
3342,38.5512
3293,14.8873
3343,38.7642
3294,14.5621
3344,37.9432
3295,14.4040
3345,39.1261
3296,14.8596
3346,38.4662
3297,14.3176
3347,37.1843
3298,14.9235
3348,38.6974
3299,14.4628
3349,37.9249
3300,14.8138
3350,37.7703
3301,14.7190
3351,37.6373
3302,14.5897
3352,39.5041
3303,15.2327
3353,38.0822
3304,15.2621
3354,42.2879
3305,14.6122
3355,38.3658
3306,14.7431
3356,39.1730
3307,14.5196
3357,37.5311
3308,14.8627
3358,39.7327
3309,14.2998
3359,37.3624
3310,15.2587
3360,38.1640
3311,15.0510
3361,39.3025
3312,14.9137
3362,38.7162
3313,14.5066
3363,38.5219
3314,14.7451
3364,38.0321
3315,14.8362
3365,38.6196
3316,14.7732
3366,38.6705
3317,15.0375
3367,38.1114
3318,15.3512
3368,39.7983
3319,14.4596
3369,39.6045
3320,14.7907
3370,38.1694
3321,14.3904
3371,40.0274
3322,14.8695
3372,38.4240
3323,15.0752
3373,40.2505
3324,15.0122
3374,40.0763
3325,15.2503
3375,40.1480
3326,15.1428
3376,39.2810
3327,15.6496
3377,38.1204
3328,15.2663
3378,38.8338
3329,14.8457
3379,38.9627
3330,15.5205
3380,38.3155
3331,15.0014
3381,39.5604
3332,14.7458
3382,38.9807
3333,14.9852
3383,39.6698
3334,14.7669
3384,38.3595
3335,14.5004
3385,38.2711
3336,15.1871
3386,40.2415
3337,14.5225
3387,38.0333
3338,14.4652
3388,38.6999
3339,14.7175
3389,38.2544
3340,14.9950
3390,38.9370
3341,14.6674
3391,39.8068
3342,14.4766
3392,38.5970
3343,14.4688
3393,37.2949
3344,14.6357
3394,39.7517
3345,14.6138
3395,38.4027
3346,14.8775
3396,38.8183
3347,14.8789
3397,39.6277
3348,15.3805
3398,38.8961
3349,14.8512
3399,38.2575
3350,14.2994
3400,37.6638
3351,14.8598
3401,39.4170
3352,15.1815
3402,38.2503
3353,14.7418
3403,38.8473
3354,11.5383
3404,38.6059
3355,11.6918
3405,36.5624
3356,11.6019
3406,37.5404
3357,11.6066
3407,37.5055
3358,11.5916
3408,37.5416
3359,11.3817
3409,37.0825
3360,11.3911
3410,37.7462
3361,11.4201
3411,37.4779
3362,11.5544
3412,37.5796
3363,11.2327
3413,36.9083
3364,11.4871
3414,37.6394
3365,11.0927
3415,37.2534
3366,11.4947
3416,37.2175
3367,11.4571
3417,37.4879
3368,11.2828
3418,36.9468
3369,11.4908
3419,38.8409
3370,11.5064
3420,37.6544
3371,11.5622
3421,36.9447
3372,11.5268
3422,37.3604
3373,11.6518
3423,38.7100
3374,11.6013
3424,37.1776
3375,11.8941
3425,37.5604
3376,11.0258
3426,37.7660
3377,11.5423
3427,38.2793
3378,11.3395
3428,37.6315
3379,11.2181
3429,37.0247
3380,11.8786
3430,38.3484
3381,11.3049
3431,37.4349
3382,11.5517
3432,37.2143
3383,11.4035
3433,38.3249
3384,11.3479
3434,37.9751
3385,11.7605
3435,38.6558
3386,11.7641
3436,37.6201
3387,11.4186
3437,37.9487
3388,11.3191
3438,37.6874
3389,11.3842
3439,38.4791
3390,11.5525
3440,38.0008
3391,11.7964
3441,36.9978
3392,11.4323
3442,36.9142
3393,11.0916
3443,38.4990
3394,11.4388
3444,36.7862
3395,11.4417
3445,38.0740
3396,11.2452
3446,37.3618
3397,11.5045
3447,37.7511
3398,11.4512
3448,38.0251
3399,11.6047
3449,37.6734
3400,11.6900
3450,37.3691
3401,11.1530
3451,36.8749
3402,11.6568
3452,38.6088
3403,11.5320
3453,36.7648
3404,11.5121
3454,38.3400
3405,11.3378
3455,37.0348
3406,11.4587
3456,37.3340
3407,11.5699
3457,37.9800
3408,11.6794
3458,37.4550
3409,11.4490
3459,37.9969
3410,11.5035
3460,38.6911
3411,11.1723
3461,36.7561
3412,11.6479
3462,37.1487
3413,11.4449
3463,37.8183
3414,11.6287
3464,37.5483
3415,11.3016
3465,36.6600
3416,11.5372
3466,37.1692
3417,11.2732
3467,37.5422
3418,11.5830
3468,36.6329
3419,11.3398
3469,38.1265
3420,11.2399
3470,38.6170
3421,11.5106
3471,37.0822
3422,11.2205
3472,37.6548
3423,11.4357
3473,37.9559
3424,11.3414
3474,36.4412
3425,11.4865
3475,37.1009
3426,11.4129
3476,39.0781
3427,11.3167
3477,37.8326
3428,11.3689
3478,38.3593
3429,11.3250
3479,36.8962
3430,11.3818
3480,36.8064
3431,11.2295
3481,38.0880
3432,11.2375
3482,37.1823
3433,13.7168
3483,37.4131
3434,14.6853
3484,38.9792
3435,14.2974
3485,39.4790
3436,14.8129
3486,38.0078
3437,14.2497
3487,39.3066
3438,14.6127
3488,39.2848
3439,14.8558
3489,40.8359
3440,14.7419
3490,37.8334
3441,14.4697
3491,38.2485
3442,14.6931
3492,38.2159
3443,14.5168
3493,37.3925
3444,14.6330
3494,37.9633
3445,14.5638
3495,38.3949
3446,14.3664
3496,38.9411
3447,14.3528
3497,37.5635
3448,14.6070
3498,38.6521
3449,14.5353
3499,39.2375
3450,14.5384
3500,39.1670
3451,14.3900
3501,37.9330
3452,14.4906
3502,38.8285
3453,15.1753
3503,38.4777
3454,14.4574
3504,39.2286
3455,14.5858
3505,39.8776
3456,14.2192
3506,43.0370
3457,14.3296
3507,40.0827
3458,14.5057
3508,39.3344
3459,14.8683
3509,37.1524
3460,11.3732
3510,38.8419
3461,11.3362
3511,37.4808
3462,11.0689
3512,38.8213
3463,11.2537
3513,36.9638
3464,11.5491
3514,37.1294
3465,11.1958
3515,36.5029
3466,11.6617
3516,37.3643
3467,11.5791
3517,37.7468
3468,11.5170
3518,38.1406
3469,12.0232
3519,37.9241
3470,11.8510
3520,37.5426
3471,11.6987
3521,36.6846
3472,11.7779
3522,36.9878
3473,11.4300
3523,36.0633
3474,11.9823
3524,36.9669
3475,11.9097
3525,37.5518
3476,11.5107
3526,38.6167
3477,11.3584
3527,37.9192
3478,11.5000
3528,38.1129
3479,11.6233
3529,37.2997
3480,11.5181
3530,39.8271
3481,11.7709
3531,37.5331
3482,11.6442
3532,38.1004
3483,11.5240
3533,37.6012
3484,11.9035
3534,38.1015
3485,12.0090
3535,37.2271
3486,11.5330
3536,38.4685
3487,11.5095
3537,37.6584
3488,11.5001
3538,38.0643
3489,11.5427
3539,37.7879
3490,11.5678
3540,37.4910
3491,11.7740
3541,38.4586
3492,11.5011
3542,38.6657
3493,11.2199
3543,37.9364
3494,11.5421
3544,37.0911
3495,11.8191
3545,38.1155
3496,11.6487
3546,37.8382
3497,11.5512
3547,37.4429
3498,11.5003
3548,38.3581
3499,11.5709
3549,37.7860
3500,11.5118
3550,37.0774
3501,11.5871
3551,37.8737
3502,11.3245
3552,36.6992
3503,11.5242
3553,37.0793
3504,11.6098
3554,38.6737
3505,11.6243
3555,37.8436
3506,11.8709
3556,38.1214
3507,11.7042
3557,38.4826
3508,11.2052
3558,36.9296
3509,11.9474
3559,38.2378
3510,11.6788
3560,36.8904
3511,11.5232
3561,38.2083
3512,11.6967
3562,37.8766
3513,11.6305
3563,38.3692
3514,11.6307
3564,36.8867
3515,11.6696
3565,37.3318
3516,11.2851
3566,36.8502
3517,11.5777
3567,37.6170
3518,11.5810
3568,37.4326
3519,11.4402
3569,37.6468
3520,11.7648
3570,39.1745
3521,11.6109
3571,37.1956
3522,11.5280
3572,37.6866
3523,11.5638
3573,37.3609
3524,11.2510
3574,37.0186
3525,11.7868
3575,37.6554
3526,11.3627
3576,38.6127
3527,11.3925
3577,38.5295
3528,11.6239
3578,38.3643
3529,11.5593
3579,37.7170
3530,11.4427
3580,37.7854
3531,11.5071
3581,37.5954
3532,11.4154
3582,36.9323
3533,11.3550
3583,37.7739
3534,11.4548
3584,39.0159
3535,11.3022
3585,36.7607
3536,11.4483
3586,38.9301
3537,11.5350
3587,37.5391
3538,11.2319
3588,38.3613
3539,11.5235
3589,37.2950
3540,11.7500
3590,37.6273
3541,11.6739
3591,37.3666
3542,11.4563
3592,37.8477
3543,11.4784
3593,37.9161
3544,11.3933
3594,38.8564
3545,11.2898
3595,38.5421
3546,11.4537
3596,37.3999
3547,11.3997
3597,37.6226
3548,11.4753
3598,37.8039
3549,11.3221
3599,37.5777
3550,11.1959
3600,38.0333
3551,11.4677
3601,38.3231
3552,11.4345
3602,36.4799
3553,11.4918
3603,37.8155
3554,11.6996
3604,39.0110
3555,11.6696
3605,37.1199
3556,11.4324
3606,37.3451
3557,11.2996
3607,37.8361
3558,11.6894
3608,37.3394
3559,14.2898
3609,37.5281
3560,9.6912
3610,38.1345
3561,9.6191
3611,38.2557
3562,9.9540
3612,37.6649
3563,9.6268
3613,38.0764
3564,10.0754
3614,37.0259
3565,9.6989
3615,37.2678
3566,9.5560
3616,37.6016
3567,9.7027
3617,36.9981
3568,9.2585
3618,37.3399
3569,9.3298
3619,38.3076
3570,9.6443
3620,37.8562
3571,9.1901
3621,37.7785
3572,9.7527
3622,37.8442
3573,9.7551
3623,38.6217
3574,9.7344
3624,38.1767
3575,9.6303
3625,38.5762
3576,9.4555
3626,37.3165
3577,9.9130
3627,38.6978
3578,9.1182
3628,40.2372
3579,9.0442
3629,38.3971
3580,9.0875
3630,39.3325
3581,9.5723
3631,37.4096
3582,9.2212
3632,38.4449
3583,9.7315
3633,37.9842
3584,9.9987
3634,37.8587
3585,9.6800
3635,37.5873
3586,9.5984
3636,38.6330
3587,9.3837
3637,38.4080
3588,9.1287
3638,38.0480
3589,9.2660
3639,39.3492
3590,9.6243
3640,38.3403
3591,9.5171
3641,37.6050
3592,9.6091
3642,37.6024
3593,9.8796
3643,37.7632
3594,9.0853
3644,37.4811
3595,9.4223
3645,37.7488
3596,9.6558
3646,38.7960
3597,9.4166
3647,39.8521
3598,9.5821
3648,37.1136
3599,9.3028
3649,38.3875
3600,10.0114
3650,38.2293
3601,10.1092
3651,38.4115
3602,9.2843
3652,39.7136
3603,9.7393
3653,38.2212
3604,9.3302
3654,37.1243
3605,9.2282
3655,37.7956
3606,9.3383
3656,38.4917
3607,9.9990
3657,38.6302
3608,9.6236
3658,38.1517
3609,9.8452
3659,37.9563
3610,9.8288
3660,38.1024
3611,9.6233
3661,38.6704
3612,10.0611
3662,37.9625
3613,9.8851
3663,37.7745
3614,9.3200
3664,37.7675
3615,9.3606
3665,37.0477
3616,9.3776
3666,37.7869
3617,9.4339
3667,38.0533
3618,9.1497
3668,38.2493
3619,9.9117
3669,38.8125
3620,9.2417
3670,37.6510
3621,9.3988
3671,38.3614
3622,9.2879
3672,39.0141
3623,9.8185
3673,37.6293
3624,9.7243
3674,37.5584
3625,9.8447
3675,37.6591
3626,9.6572
3676,38.4740
3627,9.6264
3677,38.4103
3628,10.2469
3678,38.6770
3629,9.4565
3679,37.4383
3630,9.5327
3680,38.4369
3631,9.3876
3681,38.5292
3632,9.5316
3682,38.6199
3633,9.4196
3683,38.0746
3634,9.3458
3684,38.3845
3635,9.3758
3685,38.9917
3636,9.3907
3686,38.3099
3637,9.7978
3687,39.7014
3638,9.0889
3688,37.8202
3639,9.0749
3689,39.0567
3640,9.2942
3690,38.4567
3641,9.1108
3691,38.7139
3642,9.7110
3692,38.5182
3643,9.4926
3693,39.9738
3644,9.2491
3694,38.8534
3645,9.4732
3695,39.2148
3646,9.2119
3696,38.1245
3647,9.2895
3697,38.6397
3648,9.2355
3698,38.1241
3649,9.5478
3699,37.0414
3650,9.5600
3700,39.0761
3651,9.8256
3701,37.4254
3652,9.4544
3702,37.6907
3653,9.1540
3703,37.3728
3654,9.0442
3704,38.2869
3655,9.5191
3705,37.7059
3656,9.7676
3706,39.2731
3657,9.3472
3707,39.1395
3658,9.2459
3708,37.6361
3659,9.5448
3709,38.0436
3660,9.5835
3710,39.1370
3661,9.2781
3711,36.9991
3662,9.4081
3712,40.1645
3663,9.2950
3713,38.5744
3664,9.7551
3714,37.1722
3665,9.5261
3715,37.8451
3666,9.4261
3716,38.9630
3667,9.4603
3717,39.6073
3668,9.6401
3718,37.5851
3669,8.9898
3719,39.0935
3670,9.5627
3720,39.2828
3671,9.2281
3721,38.1035
3672,9.1552
3722,38.0561
3673,9.2285
3723,38.5874
3674,9.3927
3724,38.7981
3675,9.2995
3725,37.4984
3676,9.4482
3726,38.7693
3677,9.6797
3727,38.3636
3678,9.3642
3728,38.1096
3679,9.4908
3729,37.5167
3680,9.7632
3730,38.4529
3681,9.2017
3731,38.2066
3682,10.1361
3732,39.6076
3683,9.4501
3733,37.8386
3684,9.6194
3734,39.1925
3685,9.3095
3735,38.0421
3686,9.5109
3736,37.8693
3687,9.5161
3737,39.1841
3688,9.4432
3738,36.4984
3689,9.3841
3739,37.5755
3690,9.1403
3740,38.7632
3691,9.2411
3741,39.6544
3692,8.8456
3742,37.8302
3693,9.2493
3743,36.9141
3694,9.4793
3744,38.5027
3695,9.5695
3745,38.8774
3696,9.6530
3746,37.1829
3697,9.4489
3747,38.0159
3698,9.3017
3748,37.8252
3699,9.2791
3749,39.8909
3700,9.2468
3750,38.2197
3701,9.3013
3751,37.4353
3702,9.6145
3752,38.1005
3703,9.6156
3753,39.2647
3704,9.1602
3754,38.1695
3705,9.7959
3755,38.8125
3706,9.1652
3756,37.6803
3707,9.2104
3757,38.4197
3708,9.5846
3758,38.0681
3709,9.2856
3759,38.1838
3710,9.3651
3760,39.2032
3711,9.4622
3761,38.5233
3712,9.3741
3762,37.9198
3713,9.5515
3763,39.2697
3714,9.4106
3764,38.0618
3715,9.5436
3765,37.9507
3716,9.6045
3766,39.1479
3717,9.4390
3767,37.9060
3718,9.5145
3768,37.2119
3719,9.1364
3769,37.9736
3720,9.3881
3770,38.3611
3721,9.1786
3771,37.8973
3722,9.2189
3772,39.3163
3723,9.6260
3773,37.9188
3724,9.9806
3774,38.9547
3725,9.5031
3775,38.2314
3726,9.3463
3776,39.3702
3727,9.7694
3777,38.5196
3728,9.5985
3778,39.8969
3729,10.3044
3779,40.5617
3730,9.6100
3780,39.2554
3731,9.4329
3781,38.0177
3732,9.6024
3782,38.0082
3733,9.6372
3783,38.3406
3734,9.2515
3784,39.9153
3735,9.4696
3785,38.8172
3736,9.3250
3786,38.9912
3737,9.4867
3787,38.8080
3738,9.8277
3788,38.5342
3739,9.2743
3789,37.7760
3740,9.3230
3790,38.7144
3741,8.8980
3791,39.1592
3742,9.3732
3792,38.5584
3743,10.3044
3793,41.1913
3744,9.1968
3794,37.9361
3745,9.0313
3795,37.9019
3746,9.4244
3796,37.3371
3747,9.5224
3797,38.4642
3748,9.8034
3798,37.6865
3749,9.3901
3799,38.8433
3750,9.8605
3800,38.2540
3751,9.3329
3801,38.2989
3752,9.6245
3802,37.7917
3753,9.4405
3803,37.3934
3754,9.6760
3804,37.3194
3755,9.9325
3805,38.4857
3756,9.6257
3806,38.9430
3757,9.8740
3807,38.2213
3758,9.8356
3808,38.8238
3759,9.7336
3809,38.6305
3760,9.8094
3810,38.5583
3761,9.4410
3811,38.1440
3762,9.3620
3812,39.0534
3763,9.4965
3813,38.6214
3764,9.2046
3814,37.9859
3765,8.9747
3815,38.1168
3766,9.5403
3816,37.2309
3767,9.7140
3817,37.9795
3768,9.6031
3818,38.4516
3769,9.2528
3819,38.0636
3770,9.5937
3820,38.1553
3771,9.2714
3821,39.5181
3772,9.5086
3822,38.3615
3773,9.3476
3823,37.6150
3774,9.6700
3824,38.6315
3775,9.4530
3825,37.2500
3776,9.6437
3826,37.1200
3777,9.1864
3827,39.0818
3778,9.3812
3828,38.5103
3779,9.1667
3829,38.7776
3780,9.7540
3830,38.0670
3781,9.0810
3831,39.9768
3782,9.6582
3832,39.4445
3783,9.7176
3833,37.1901
3784,9.6324
3834,36.9537
3785,9.3646
3835,37.6690
3786,9.4973
3836,37.7583
3787,9.5491
3837,37.5919
3788,9.4383
3838,36.1688
3789,9.6438
3839,39.6329
3790,9.5498
3840,37.0791
3791,9.1184
3841,38.2835
3792,9.4738
3842,39.1439
3793,9.4659
3843,40.1112
3794,9.3429
3844,39.2898
3795,9.8309
3845,37.2088
3796,9.4000
3846,38.6944
3797,9.3766
3847,37.7887
3798,9.1892
3848,38.8095
3799,9.3679
3849,38.4055
3800,9.3496
3850,38.4358
3801,9.2679
3851,37.3604
3802,9.5250
3852,37.8697
3803,10.1979
3853,39.4927
3804,9.2304
3854,38.3053
3805,8.9139
3855,37.4881
3806,8.9556
3856,37.7669
3807,9.2371
3857,36.8435
3808,9.2826
3858,37.1071
3809,9.0032
3859,37.8981
3810,8.9838
3860,37.5401
3811,8.9756
3861,37.3457
3812,9.1292
3862,37.5882
3813,9.0815
3863,37.0677
3814,9.0213
3864,37.8706
3815,8.9904
3865,38.2608
3816,9.6106
3866,37.8171
3817,9.7184
3867,39.9552
3818,9.4333
3868,37.6322
3819,8.8887
3869,39.6963
3820,9.1529
3870,37.6634
3821,8.9326
3871,40.0492
3822,9.4247
3872,36.9911
3823,9.2920
3873,38.6413
3824,9.2860
3874,38.2599
3825,10.2630
3875,38.8938
3826,9.3940
3876,38.3462
3827,8.9642
3877,37.4935
3828,8.8082
3878,38.0774
3829,9.4070
3879,37.0804
3830,9.2377
3880,38.0984
3831,10.2998
3881,40.3838
3832,9.3945
3882,38.5109
3833,9.1777
3883,37.8080
3834,9.2061
3884,38.1764
3835,9.0142
3885,38.0238
3836,8.8724
3886,37.5206
3837,9.0324
3887,37.9482
3838,9.1181
3888,39.4248
3839,9.1188
3889,37.1950
3840,9.0787
3890,36.8901
3841,8.9136
3891,38.8664
3842,9.2034
3892,38.2005
3843,9.1079
3893,37.2836
3844,9.0428
3894,38.6685
3845,9.1147
3895,40.1021
3846,9.0499
3896,38.2303
3847,9.3386
3897,37.4805
3848,9.0428
3898,38.9952
3849,9.1850
3899,38.1918
3850,9.3584
3900,38.1680
3851,9.3655
3901,37.7000
3852,8.9818
3902,38.9003
3853,9.1714
3903,37.6886
3854,9.3000
3904,36.9823
3855,9.1492
3905,39.0722
3856,9.2126
3906,37.0885
3857,9.2156
3907,38.2480
3858,8.9548
3908,37.7868
3859,9.3650
3909,38.0908
3860,8.9698
3910,37.2909
3861,8.9159
3911,38.0935
3862,9.1343
3912,37.7679
3863,9.0358
3913,36.8972
3864,8.9223
3914,38.7949
3865,9.0955
3915,37.8229
3866,12.0463
3916,38.7913
3867,12.9172
3917,38.3840
3868,10.2085
3918,37.9660
3869,9.4032
3919,37.2875
3870,10.5105
3920,41.0302
3871,9.4940
3921,38.1928
3872,9.1505
3922,37.4788
3873,9.3200
3923,38.6820
3874,9.4048
3924,38.7538
3875,9.4772
3925,38.9920
3876,9.5076
3926,38.3512
3877,9.4126
3927,38.2948
3878,8.9902
3928,38.7051
3879,8.8787
3929,37.8803
3880,8.8310
3930,38.5599
3881,9.3786
3931,37.3088
3882,9.3166
3932,39.3703
3883,10.0155
3933,39.9777
3884,9.0190
3934,37.5955
3885,9.3151
3935,38.7274
3886,9.2955
3936,38.3833
3887,9.3264
3937,38.0008
3888,9.7935
3938,42.0670
3889,9.5287
3939,39.2756
3890,9.3207
3940,37.3287
3891,9.0908
3941,37.4573
3892,9.0630
3942,38.0524
3893,9.2238
3943,37.4693
3894,9.5267
3944,38.8375
3895,9.4925
3945,37.6127
3896,9.0644
3946,38.3175
3897,10.2735
3947,40.2237
3898,9.2314
3948,37.5658
3899,8.9507
3949,38.3779
3900,9.0384
3950,37.6634
3901,8.9786
3951,38.2354
3902,9.2677
3952,37.1006
3903,9.0081
3953,38.4543
3904,9.3240
3954,38.0714
3905,9.0666
3955,37.7343
3906,9.1163
3956,36.8720
3907,8.8111
3957,38.5821
3908,9.1355
3958,37.5729
3909,9.1296
3959,38.7238
3910,9.0240
3960,38.8583
3911,9.1719
3961,37.3912
3912,9.1219
3962,39.1631
3913,9.4964
3963,39.8599
3914,9.5462
3964,38.1288
3915,9.0983
3965,39.2557
3916,8.8160
3966,38.4049
3917,9.3122
3967,39.1061
3918,9.1495
3968,38.3240
3919,8.9864
3969,38.1587
3920,9.2368
3970,38.3351
3921,9.8278
3971,40.8262
3922,9.2015
3972,36.9273
3923,9.5322
3973,37.0293
3924,9.4271
3974,37.5859
3925,8.9398
3975,38.4830
3926,9.1329
3976,38.1655
3927,8.9723
3977,37.9299
3928,9.0944
3978,36.0557
3929,8.9112
3979,39.6466
3930,9.1427
3980,38.2147
3931,9.5776
3981,38.1389
3932,9.1420
3982,38.1177
3933,9.2704
3983,37.2944
3934,9.2979
3984,39.6907
3935,9.5454
3985,38.2098
3936,8.8074
3986,37.4367
3937,9.2245
3987,39.3022
3938,9.5188
3988,38.6186
3939,9.6406
3989,38.1441
3940,9.5541
3990,37.9603
3941,9.2043
3991,38.6492
3942,9.5456
3992,38.4914
3943,9.3061
3993,37.7351
3944,9.0571
3994,38.4343
3945,9.2034
3995,39.6154
3946,9.3650
3996,37.1894
3947,9.1465
3997,37.6873
3948,9.3924
3998,38.0809
3949,9.1139
3999,38.2822
3950,9.4740
4000,37.9551
3951,9.2076
4001,38.7192
3952,9.3910
4002,38.0610
3953,9.3723
4003,39.7673
3954,9.6639
4004,37.7869
3955,9.4448
4005,39.4225
3956,9.3018
4006,38.9342
3957,9.4630
4007,39.4742
3958,9.1927
4008,37.9451
3959,10.7186
4009,40.7105
3960,8.9995
4010,37.3459
3961,9.0966
4011,37.2660
3962,9.1269
4012,37.2895
3963,9.6378
4013,37.5538
3964,9.2369
4014,38.8059
3965,8.9204
4015,37.1191
3966,8.9727
4016,37.3186
3967,9.0663
4017,38.0520
3968,8.9658
4018,37.8491
3969,9.3466
4019,37.7812
3970,9.3709
4020,37.3691
3971,9.4579
4021,38.0019
3972,9.2214
4022,37.2550
3973,8.8089
4023,38.5119
3974,9.2894
4024,37.9446
3975,9.2106
4025,38.4877
3976,9.2043
4026,37.7110
3977,9.1040
4027,38.2977
3978,9.2477
4028,37.8078
3979,9.4621
4029,38.4376
3980,9.2761
4030,37.7334
3981,9.4692
4031,39.0260
3982,9.8227
4032,38.8163
3983,9.3853
4033,38.5294
3984,9.1593
4034,38.5366
3985,9.0808
4035,38.5794
3986,9.4274
4036,37.8427
3987,9.0896
4037,37.6686
3988,9.0746
4038,38.1237
3989,8.9333
4039,38.5769
3990,9.2009
4040,37.7507
3991,9.2857
4041,36.8660
3992,9.1903
4042,37.6465
3993,9.3512
4043,39.3374
3994,9.2217
4044,37.0938
3995,9.2377
4045,37.8436
3996,9.2905
4046,37.2109
3997,8.7727
4047,38.9495
3998,8.9138
4048,38.5912
3999,9.2609
4049,38.1831
4000,8.8526
4050,37.6335
4001,9.3390
4051,37.9652
4002,9.4066
4052,39.6250
4003,9.4566
4053,38.5294
4004,9.1454
4054,37.3663
4005,9.1196
4055,39.2728
4006,9.4193
4056,38.7061
4007,9.2643
4057,39.4326
4008,10.3430
4058,38.3505
4009,8.9584
4059,38.4092
4010,9.4657
4060,38.9557
4011,9.0116
4061,37.2955
4012,9.3184
4062,38.6561
4013,9.2369
4063,37.6462
4014,9.1679
4064,39.6128
4015,9.3512
4065,38.2323
4016,8.9871
4066,36.5165
4017,9.6772
4067,37.9783
4018,9.3082
4068,37.9294
4019,9.5958
4069,38.1434
4020,10.8501
4070,37.2334
4021,8.7578
4071,37.7827
4022,9.2244
4072,36.6539
4023,9.0646
4073,37.3952
4024,8.8406
4074,38.6344
4025,10.2249
4075,38.7262
4026,8.7931
4076,38.6937
4027,9.5604
4077,37.3709
4028,8.9419
4078,38.5176
4029,8.9469
4079,37.9905
4030,9.0984
4080,38.4851
4031,9.2747
4081,38.9317
4032,8.7980
4082,37.7398
4033,9.3323
4083,36.5518
4034,8.9953
4084,38.7827
4035,9.5668
4085,39.3318
4036,8.2462
4086,39.3030
4037,8.3532
4087,37.9941
4038,8.3736
4088,39.6900
4039,8.8509
4089,39.5515
4040,8.0671
4090,36.9608
4041,8.3117
4091,38.2910
4042,8.0501
4092,37.7370
4043,8.4456
4093,38.1967
4044,8.6580
4094,38.0521
4045,8.7868
4095,37.9459
4046,8.4205
4096,40.1313
4047,8.4113
4097,38.6857
4048,8.6426
4098,38.8518
4049,8.1993
4099,38.0741
4050,8.4189
4100,37.5826
4051,8.3518
4101,37.8490
4052,8.0488
4102,39.2170
4053,8.3366
4103,37.7020
4054,9.0064
4104,37.8876
4055,8.6856
4105,39.1670
4056,8.2074
4106,39.0354
4057,8.5151
4107,38.7334
4058,8.1039
4108,38.2411
4059,8.4541
4109,38.0289
4060,8.4725
4110,38.0663
4061,8.3138
4111,38.5485
4062,8.3543
4112,38.2351
4063,8.4659
4113,38.0433
4064,8.4591
4114,37.7057
4065,8.3218
4115,39.4959
4066,8.7173
4116,37.8588
4067,8.6971
4117,38.6088
4068,8.6794
4118,37.9448
4069,8.1918
4119,37.0423
4070,8.4102
4120,38.5819
4071,8.4700
4121,39.0539
4072,8.4678
4122,37.9099
4073,8.3529
4123,39.3336
4074,8.5768
4124,39.3404
4075,8.7913
4125,38.4829
4076,8.9842
4126,38.4850
4077,8.5594
4127,38.8877
4078,8.7110
4128,38.0761
4079,8.2873
4129,39.8002
4080,8.4618
4130,38.4926
4081,8.7715
4131,38.4753
4082,8.3666
4132,38.7286
4083,8.5522
4133,37.9825
4084,8.4827
4134,38.4841
4085,8.1224
4135,38.1567
4086,8.8395
4136,38.5143
4087,8.6430
4137,38.7012
4088,8.3262
4138,39.1760
4089,8.5509
4139,39.2692
4090,8.5893
4140,37.5137
4091,8.4516
4141,37.9720
4092,8.2697
4142,38.4617
4093,8.5379
4143,37.8918
4094,8.3475
4144,38.3774
4095,8.2362
4145,39.5892
4096,8.6028
4146,38.6066
4097,8.5562
4147,38.3794
4098,8.5324
4148,39.2451
4099,8.1746
4149,39.0173
4100,8.4857
4150,38.1465
4101,8.3514
4151,37.3131
4102,8.4616
4152,37.9677
4103,8.7777
4153,37.7527
4104,8.5401
4154,38.2076
4105,8.3417
4155,38.1426
4106,8.3230
4156,37.3385
4107,8.7523
4157,37.9486
4108,8.5486
4158,38.8710
4109,8.6643
4159,37.8843
4110,8.5956
4160,38.1933
4111,8.3047
4161,39.2203
4112,8.4400
4162,37.6220
4113,8.7338
4163,38.5028
4114,8.2516
4164,39.4046
4115,8.2360
4165,38.4997
4116,8.3485
4166,37.9793
4117,8.3686
4167,39.5047
4118,8.4033
4168,37.3725
4119,8.2546
4169,37.9901
4120,8.5602
4170,39.2087
4121,8.6612
4171,38.2941
4122,8.3966
4172,38.0909
4123,8.2090
4173,38.7454
4124,8.6621
4174,38.1345
4125,8.4372
4175,38.8895
4126,8.7025
4176,37.8589
4127,8.5743
4177,36.6724
4128,8.0617
4178,38.4285
4129,8.2204
4179,37.8467
4130,8.4978
4180,38.6345
4131,8.1783
4181,37.8936
4132,7.9502
4182,37.5044
4133,8.1202
4183,39.9437
4134,8.1188
4184,38.2986
4135,8.1281
4185,37.5449
4136,8.2564
4186,37.6640
4137,8.1325
4187,38.5170
4138,8.9968
4188,38.3803
4139,8.2506
4189,40.1834
4140,9.4836
4190,40.1561
4141,8.7246
4191,38.3970
4142,8.3613
4192,38.3738
4143,9.2081
4193,37.9354
4144,8.5182
4194,39.1213
4145,8.2934
4195,38.9841
4146,8.0525
4196,37.3242
4147,8.1845
4197,38.8634
4148,8.3650
4198,37.1246
4149,8.6137
4199,38.3696
4150,8.1550
4200,38.8796
4151,8.2053
4201,37.8703
4152,8.3790
4202,38.0504
4153,8.0955
4203,37.5111
4154,8.1896
4204,37.9680
4155,8.2394
4205,39.4505
4156,8.7909
4206,37.5709
4157,8.5568
4207,38.4481
4158,7.9805
4208,38.6647
4159,8.0942
4209,37.9388
4160,8.2089
4210,37.9240
4161,8.1304
4211,38.5139
4162,8.0936
4212,39.3579
4163,8.1855
4213,39.0171
4164,8.1683
4214,39.0258
4165,8.1108
4215,37.4868
4166,8.4670
4216,37.0330
4167,7.9532
4217,40.4069
4168,8.1689
4218,38.3208
4169,8.0580
4219,38.0768
4170,8.1275
4220,37.3067
4171,8.3087
4221,39.3596
4172,8.2057
4222,38.4809
4173,8.2354
4223,38.2031
4174,8.2345
4224,38.0888
4175,8.1862
4225,37.9719
4176,8.2489
4226,38.8180
4177,8.0338
4227,38.0589
4178,8.1588
4228,36.5761
4179,8.2524
4229,39.1088
4180,8.2018
4230,38.8625
4181,8.0708
4231,39.4167
4182,8.0636
4232,37.9600
4183,8.0280
4233,37.5820
4184,8.0653
4234,38.8288
4185,8.1360
4235,39.1457
4186,8.1922
4236,37.6239
4187,8.1461
4237,38.9986
4188,8.4502
4238,38.6101
4189,8.3858
4239,37.9477
4190,8.1984
4240,38.5031
4191,8.3139
4241,38.2970
4192,8.2260
4242,37.9925
4193,10.0516
4243,40.1439
4194,8.5466
4244,37.5226
4195,8.2431
4245,37.7502
4196,7.9665
4246,36.5603
4197,8.2209
4247,38.8512
4198,8.4590
4248,38.5488
4199,8.0418
4249,37.6174
4200,8.0394
4250,37.9169
4201,8.2721
4251,39.2840
4202,8.4290
4252,36.9463
4203,8.1480
4253,39.2691
4204,8.5951
4254,38.3515
4205,8.6339
4255,39.1319
4206,8.3925
4256,38.5809
4207,8.7227
4257,38.2040
4208,8.6130
4258,37.1304
4209,8.3074
4259,38.2542
4210,8.0217
4260,38.0994
4211,8.4055
4261,38.3125
4212,8.0885
4262,39.3300
4213,8.3003
4263,37.7652
4214,8.2938
4264,38.2626
4215,7.9751
4265,39.5008
4216,8.2442
4266,38.1470
4217,8.2845
4267,38.5430
4218,8.0511
4268,38.7009
4219,8.3799
4269,38.0080
4220,8.3494
4270,39.3297
4221,8.6660
4271,37.2698
4222,8.2656
4272,38.2373
4223,8.4077
4273,36.8417
4224,8.2121
4274,37.9415
4225,8.4092
4275,36.8458
4226,8.1817
4276,37.8874
4227,8.2022
4277,38.9584
4228,8.1826
4278,37.2782
4229,8.5565
4279,37.3556
4230,8.2422
4280,38.3799
4231,8.4603
4281,37.5272
4232,8.3514
4282,38.2570
4233,8.0825
4283,37.2168
4234,8.3033
4284,37.9369
4235,8.5487
4285,39.0313
4236,8.6076
4286,37.6441
4237,8.2556
4287,38.2656
4238,8.3121
4288,39.1701
4239,8.1391
4289,38.3526
4240,8.4942
4290,37.4952
4241,8.1521
4291,39.1671
4242,9.8024
4292,38.7004
4243,8.3202
4293,36.5207
4244,8.0234
4294,37.1956
4245,8.0940
4295,38.5652
4246,8.0343
4296,38.0630
4247,8.0136
4297,37.9831
4248,8.1765
4298,36.9704
4249,8.1979
4299,38.7049
4250,8.2205
4300,37.8641
4251,8.0556
4301,37.0506
4252,8.1128
4302,38.1668
4253,8.2733
4303,37.9773
4254,8.2187
4304,39.3578
4255,8.6987
4305,37.4660
4256,8.2522
4306,38.6126
4257,8.6832
4307,37.6961
4258,8.7543
4308,39.3836
4259,8.5499
4309,38.1631
4260,8.6601
4310,37.7695
4261,8.2641
4311,37.9883
4262,8.3052
4312,37.9818
4263,8.3094
4313,37.1671
4264,8.3343
4314,37.7872
4265,8.4126
4315,38.0956
4266,8.6631
4316,38.2891
4267,8.6666
4317,37.9862
4268,8.4565
4318,37.9828
4269,8.9684
4319,39.1889
4270,8.3503
4320,40.7311
4271,8.8999
4321,40.0818
4272,8.5951
4322,37.8308
4273,8.4186
4323,37.7736
4274,8.5640
4324,37.5729
4275,8.8021
4325,39.0690
4276,8.6760
4326,38.3593
4277,8.4065
4327,38.2484
4278,8.3839
4328,39.5448
4279,8.3851
4329,38.2662
4280,8.3497
4330,37.7119
4281,8.4624
4331,38.4393
4282,8.5036
4332,37.4330
4283,8.4644
4333,36.8399
4284,8.2821
4334,37.9588
4285,8.3040
4335,37.6657
4286,8.4537
4336,37.8469
4287,8.6693
4337,36.7126
4288,8.4483
4338,38.0082
4289,9.8066
4339,40.0815
4290,8.4488
4340,37.2685
4291,8.5836
4341,37.3191
4292,8.4308
4342,38.3825
4293,8.6257
4343,37.6942
4294,8.7142
4344,38.3965
4295,8.2678
4345,37.8792
4296,8.2549
4346,39.9878
4297,8.6067
4347,38.3380
4298,8.5505
4348,38.9557
4299,8.7470
4349,37.3238
4300,8.6637
4350,38.7094
4301,8.7089
4351,37.1779
4302,8.7629
4352,37.8668
4303,8.4643
4353,38.6055
4304,8.1214
4354,37.6176
4305,8.2426
4355,38.5198
4306,8.6471
4356,37.1440
4307,8.5785
4357,38.6570
4308,8.6500
4358,38.0305
4309,8.4106
4359,38.2207
4310,8.6936
4360,37.5082
4311,8.4469
4361,38.2651
4312,8.4771
4362,39.6275
4313,8.1853
4363,38.1590
4314,8.7658
4364,37.6815
4315,8.1315
4365,40.5572
4316,8.3945
4366,37.9184
4317,8.4569
4367,36.6980
4318,8.4619
4368,38.6199
4319,8.3243
4369,38.0654
4320,8.4613
4370,37.5832
4321,8.4294
4371,40.4676
4322,8.7048
4372,37.8806
4323,8.4392
4373,39.1055
4324,8.6452
4374,37.7352
4325,8.6996
4375,38.4961
4326,8.1988
4376,39.1726
4327,8.0240
4377,38.2983
4328,8.6963
4378,37.6498
4329,8.7874
4379,38.2315
4330,8.6414
4380,37.1206
4331,8.3345
4381,38.2788
4332,8.1558
4382,39.2183
4333,8.2806
4383,39.3665
4334,8.1785
4384,38.4753
4335,9.8873
4385,40.2307
4336,8.7938
4386,38.1916
4337,8.3983
4387,39.0896
4338,8.4238
4388,37.4332
4339,8.6384
4389,38.4474
4340,8.4196
4390,37.5470
4341,8.4496
4391,38.0669
4342,8.3209
4392,37.8241
4343,8.2525
4393,39.6959
4344,8.6379
4394,37.1210
4345,8.5072
4395,36.9547
4346,8.1978
4396,37.8089
4347,9.4839
4397,39.4396
4348,8.0575
4398,38.7052
4349,8.4798
4399,36.6239
4350,8.3481
4400,38.9374
4351,8.4382
4401,38.5139
4352,8.2471
4402,37.6550
4353,8.2258
4403,38.9000
4354,8.4259
4404,37.6190
4355,8.5172
4405,38.8622
4356,8.5599
4406,37.8032
4357,8.1632
4407,38.0106
4358,8.6362
4408,37.0798
4359,8.3124
4409,38.6676
4360,8.1185
4410,37.4975
4361,8.3922
4411,38.0306
4362,8.3545
4412,38.6227
4363,8.2917
4413,37.7295
4364,8.7507
4414,37.7963
4365,7.9783
4415,39.0612
4366,8.7243
4416,38.0287
4367,8.5932
4417,36.7720
4368,8.4451
4418,37.6435
4369,8.4095
4419,38.0114
4370,8.1025
4420,38.1095
4371,8.0868
4421,39.1248
4372,8.3518
4422,37.7581
4373,8.3893
4423,37.9878
4374,7.9901
4424,38.0067
4375,8.6414
4425,38.9966
4376,8.9000
4426,37.9263
4377,8.7036
4427,37.8741
4378,8.7008
4428,37.6625
4379,8.3104
4429,38.7470
4380,8.5966
4430,38.8120
4381,8.6009
4431,36.8050
4382,8.4141
4432,37.4984
4383,8.3725
4433,37.9137
4384,8.2180
4434,37.7401
4385,8.1425
4435,37.7104
4386,8.2822
4436,39.7523
4387,8.3986
4437,38.4044
4388,8.3062
4438,37.8774
4389,8.2402
4439,39.0034
4390,8.5473
4440,39.6160
4391,8.6600
4441,38.6231
4392,8.0889
4442,38.9369
4393,8.2901
4443,38.2689
4394,8.5191
4444,38.9330
4395,8.6382
4445,38.1006
4396,8.3134
4446,38.2082
4397,8.5895
4447,38.3400
4398,8.6555
4448,37.2586
4399,8.3937
4449,38.9203
4400,8.5782
4450,38.2215
4401,8.5130
4451,37.7752
4402,8.1053
4452,38.1792
4403,8.4330
4453,36.7796
4404,8.2873
4454,38.5363
4405,8.5804
4455,37.8343
4406,8.5289
4456,38.5572
4407,8.3587
4457,38.3784
4408,8.7099
4458,37.5705
4409,8.1720
4459,39.1255
4410,8.6448
4460,37.6264
4411,8.3584
4461,39.1319
4412,8.4764
4462,38.9799
4413,8.1041
4463,37.2631
4414,8.5926
4464,38.7591
4415,8.4818
4465,38.5535
4416,8.5504
4466,38.3527
4417,8.1774
4467,38.0930
4418,8.6426
4468,39.1075
4419,8.7165
4469,38.8052
4420,8.9400
4470,37.3319
4421,8.5331
4471,37.6832
4422,8.4147
4472,39.7074
4423,8.4352
4473,37.0175
4424,8.4325
4474,37.7059
4425,8.3095
4475,38.6650
4426,8.3908
4476,37.2538
4427,8.0929
4477,38.1926
4428,8.3637
4478,38.0648
4429,8.4641
4479,38.3899
4430,8.1713
4480,38.9421
4431,8.1442
4481,37.2215
4432,8.3458
4482,40.0536
4433,8.6317
4483,38.2554
4434,8.3073
4484,40.1872
4435,8.3101
4485,36.9166
4436,8.2957
4486,38.9232
4437,8.2196
4487,38.2028
4438,8.0928
4488,37.6692
4439,8.2612
4489,39.2225
4440,8.1623
4490,38.7767
4441,8.4066
4491,37.6423
4442,8.3400
4492,38.3877
4443,8.4421
4493,37.5453
4444,8.3524
4494,38.4793
4445,8.3094
4495,38.1051
4446,8.3971
4496,37.4036
4447,8.2511
4497,37.6060
4448,8.6096
4498,38.8040
4449,8.7009
4499,37.3009
4450,8.3407
4500,37.8305
4451,8.1980
4501,38.6547
4452,8.3463
4502,38.8710
4453,8.0486
4503,37.4554
4454,8.4542
4504,38.1620
4455,8.2267
4505,37.2932
4456,8.4626
4506,39.2365
4457,7.9752
4507,37.9831
4458,8.1472
4508,38.5495
4459,8.4229
4509,39.5569
4460,8.1149
4510,38.7180
4461,8.4073
4511,38.7141
4462,8.5788
4512,38.0300
4463,8.4179
4513,37.6741
4464,8.7344
4514,38.5720
4465,8.0746
4515,38.2359
4466,8.2553
4516,38.0542
4467,8.8073
4517,37.3763
4468,8.5629
4518,37.5169
4469,8.6832
4519,37.5079
4470,8.3984
4520,37.3173
4471,8.4023
4521,37.8133
4472,8.2283
4522,37.6702
4473,8.5995
4523,38.2429
4474,8.0692
4524,38.3162
4475,8.4642
4525,38.0310
4476,8.3260
4526,38.7932
4477,8.3345
4527,36.4278
4478,8.3285
4528,38.5043
4479,8.2528
4529,38.5433
4480,8.1165
4530,39.1093
4481,8.0980
4531,38.4643
4482,8.1673
4532,39.3381
4483,8.6376
4533,38.6150
4484,8.2108
4534,39.0441
4485,8.1570
4535,38.6460
4486,8.0444
4536,38.6292
4487,8.3628
4537,39.0905
4488,8.3200
4538,36.5016
4489,8.7459
4539,38.8378
4490,8.5527
4540,38.1392
4491,8.4186
4541,39.5399
4492,8.1407
4542,38.0863
4493,8.5811
4543,36.8670
4494,8.5216
4544,37.8461
4495,8.2891
4545,38.3648
4496,8.4568
4546,37.5724
4497,8.4139
4547,38.3165
4498,8.4032
4548,37.3329
4499,8.1360
4549,37.4255
4500,8.5358
4550,38.1101
4501,8.5292
4551,37.8568
4502,8.2697
4552,38.9094
4503,8.2282
4553,38.5431
4504,8.2751
4554,37.4269
4505,8.1250
4555,38.8417
4506,8.1202
4556,38.2815
4507,8.1102
4557,39.2600
4508,8.1472
4558,38.2646
4509,8.5487
4559,38.3519
4510,8.2730
4560,38.1508
4511,8.5354
4561,38.8050
4512,8.0743
4562,38.8617
4513,8.1790
4563,38.9782
4514,8.1226
4564,37.5950
4515,8.0133
4565,39.2516
4516,7.9660
4566,38.8763
4517,8.6652
4567,37.1263
4518,8.5890
4568,38.2089
4519,8.0551
4569,37.6038
4520,8.4477
4570,38.6337
4521,8.4955
4571,41.2788
4522,8.5504
4572,37.0664
4523,8.2798
4573,37.6545
4524,8.5849
4574,38.1929
4525,9.8117
4575,41.2374
4526,8.3539
4576,38.8173
4527,8.3866
4577,38.9376
4528,8.4004
4578,37.5037
4529,8.2460
4579,39.5398
4530,7.9188
4580,38.7303
4531,8.3991
4581,37.7822
4532,8.5368
4582,38.9048
4533,8.4291
4583,39.3377
4534,8.0569
4584,39.4040
4535,8.1720
4585,38.4014
4536,8.0707
4586,37.6826
4537,8.1695
4587,37.5661
4538,8.4143
4588,38.0205
4539,8.0930
4589,38.0964
4540,8.0733
4590,38.1274
4541,7.9144
4591,38.5147
4542,8.3504
4592,37.8361
4543,8.2636
4593,38.7962
4544,8.0138
4594,37.5839
4545,8.1771
4595,38.8069
4546,8.2811
4596,37.9209
4547,8.4081
4597,39.5464
4548,8.4300
4598,37.5954
4549,8.4368
4599,38.4492
4550,8.1219
4600,38.9997
4551,8.1494
4601,39.0646
4552,8.5331
4602,38.0738
4553,8.6243
4603,39.0346
4554,8.6818
4604,38.8852
4555,8.5065
4605,38.4619
4556,8.2077
4606,39.8410
4557,8.0835
4607,38.7072
4558,8.3227
4608,38.3529
4559,8.4047
4609,38.6888
4560,8.1404
4610,37.9951
4561,8.1264
4611,38.4399
4562,8.5288
4612,38.0492
4563,8.1474
4613,39.1242
4564,8.1235
4614,37.8549
4565,7.9534
4615,38.8906
4566,8.4666
4616,38.5651
4567,7.9671
4617,38.1907
4568,8.4351
4618,37.0208
4569,8.2688
4619,39.2233
4570,8.3905
4620,37.9958
4571,8.5759
4621,37.6970
4572,8.0941
4622,39.2901
4573,8.1603
4623,38.8666
4574,8.2127
4624,38.6526
4575,8.3985
4625,39.8851
4576,8.5088
4626,38.7447
4577,8.7086
4627,37.3370
4578,8.2825
4628,36.9702
4579,8.4249
4629,37.6515
4580,8.3977
4630,39.2620
4581,8.3414
4631,38.1678
4582,8.1856
4632,38.9567
4583,8.1338
4633,37.5905
4584,8.1937
4634,38.6348
4585,8.5758
4635,38.4477
4586,8.3924
4636,37.4260
4587,8.4193
4637,38.7880
4588,8.3456
4638,37.7839
4589,8.3581
4639,39.0424
4590,8.5980
4640,39.9425
4591,8.5756
4641,39.3232
4592,8.2851
4642,38.0703
4593,8.0968
4643,38.6695
4594,8.4216
4644,39.6389
4595,8.5621
4645,38.7825
4596,8.5674
4646,38.5122
4597,8.4418
4647,39.2603
4598,8.5811
4648,38.5268
4599,8.4132
4649,38.6401
4600,8.5245
4650,39.0394
4601,8.4077
4651,38.4639
4602,7.9869
4652,38.5299
4603,8.2644
4653,38.4659
4604,8.5394
4654,38.2690
4605,8.5866
4655,37.2810
4606,8.3349
4656,38.0130
4607,8.0719
4657,39.4665
4608,8.0217
4658,38.5908
4609,8.0557
4659,38.5403
4610,8.2772
4660,38.7474
4611,8.0832
4661,38.2240
4612,8.1438
4662,38.0197
4613,8.4446
4663,37.5108
4614,8.3238
4664,38.1842
4615,8.2374
4665,39.1083
4616,8.4370
4666,39.4678
4617,8.2254
4667,38.5364
4618,8.6496
4668,38.3532
4619,8.2397
4669,38.7446
4620,8.5301
4670,38.3892
4621,8.1101
4671,39.1192
4622,8.5440
4672,39.1311
4623,8.5024
4673,38.3672
4624,8.3808
4674,38.9631
4625,8.5028
4675,37.8597
4626,8.3074
4676,38.8957
4627,8.4229
4677,38.3483
4628,8.4494
4678,38.2958
4629,8.3769
4679,38.0451
4630,8.3658
4680,37.5230
4631,8.5296
4681,37.9431
4632,8.7021
4682,38.0674
4633,8.8373
4683,37.9758
4634,8.5353
4684,39.1903
4635,8.3996
4685,38.3194
4636,8.2968
4686,37.7144
4637,8.2963
4687,37.8714
4638,8.4376
4688,38.6715
4639,8.4255
4689,38.7153
4640,8.7635
4690,38.4240
4641,8.2753
4691,39.4719
4642,8.6932
4692,37.7566
4643,8.1332
4693,38.4180
4644,8.5279
4694,38.6158
4645,8.5610
4695,38.0308
4646,8.5061
4696,37.3759
4647,8.1455
4697,37.9281
4648,8.4238
4698,37.9286
4649,8.1512
4699,38.8096
4650,8.3545
4700,39.1824
4651,8.2320
4701,38.6320
4652,8.4560
4702,38.8064
4653,8.5012
4703,38.4435
4654,8.2131
4704,38.0888
4655,8.4099
4705,38.0657
4656,8.6670
4706,37.9665
4657,8.6194
4707,38.7068
4658,8.1662
4708,37.9660
4659,8.6681
4709,37.7657
4660,8.4889
4710,37.4868
4661,8.2637
4711,38.2618
4662,8.0132
4712,39.0131
4663,8.0343
4713,37.8396
4664,8.1603
4714,38.8691
4665,8.3675
4715,38.3146
4666,8.4819
4716,37.3983
4667,8.3592
4717,39.1289
4668,7.9803
4718,38.3250
4669,8.4933
4719,37.5810
4670,8.3383
4720,38.3477
4671,8.9317
4721,37.3149
4672,8.3812
4722,37.8011
4673,8.7327
4723,37.1397
4674,8.2723
4724,38.3373
4675,8.6483
4725,38.5243
4676,8.5389
4726,37.8271
4677,8.2339
4727,38.6590
4678,8.6593
4728,39.0156
4679,8.4508
4729,36.9887
4680,8.5824
4730,39.2088
4681,8.4371
4731,37.6020
4682,8.3940
4732,39.4022
4683,8.1149
4733,39.2172
4684,8.6355
4734,38.6795
4685,8.6144
4735,38.2079
4686,8.5283
4736,38.4537
4687,8.3793
4737,38.2377
4688,8.5568
4738,39.2215
4689,8.3469
4739,38.8638
4690,8.3612
4740,39.6133
4691,8.1796
4741,38.6557
4692,8.4520
4742,37.6851
4693,8.4885
4743,38.1749
4694,8.4898
4744,38.2542
4695,8.2004
4745,38.5291
4696,8.4233
4746,37.8964
4697,8.3692
4747,39.0788
4698,8.4198
4748,37.5668
4699,8.3824
4749,38.1602
4700,9.8773
4750,40.6614
4701,8.4138
4751,38.1836
4702,8.4178
4752,38.2399
4703,8.7503
4753,38.7058
4704,8.0961
4754,37.7036
4705,8.1076
4755,37.6213
4706,8.2648
4756,37.9767
4707,8.5070
4757,37.4907
4708,8.6450
4758,38.1346
4709,8.2480
4759,38.8911
4710,8.0605
4760,38.0478
4711,8.4563
4761,38.0827
4712,8.3824
4762,38.4069
4713,8.5951
4763,38.1023
4714,8.6772
4764,37.6384
4715,8.6056
4765,39.1803
4716,8.7163
4766,38.3544
4717,8.2656
4767,38.8026
4718,9.4112
4768,40.3090
4719,8.0627
4769,38.6846
4720,8.4312
4770,36.9075
4721,8.5027
4771,38.3083
4722,8.6723
4772,37.1255
4723,8.4251
4773,38.4664
4724,8.2021
4774,38.7413
4725,8.3242
4775,38.3108
4726,8.0964
4776,36.9619
4727,8.1394
4777,38.8676
4728,8.1947
4778,38.1326
4729,8.5688
4779,37.8640
4730,8.1668
4780,39.5647
4731,8.3284
4781,38.4845
4732,8.7063
4782,37.2990
4733,8.4732
4783,39.1810
4734,8.6635
4784,38.1989
4735,8.4035
4785,39.8895
4736,8.4730
4786,38.6209
4737,8.6311
4787,37.5061
4738,8.4881
4788,38.8170
4739,8.8037
4789,38.2772
4740,8.4422
4790,37.2694
4741,8.3845
4791,37.2999
4742,8.4087
4792,37.5032
4743,8.2052
4793,39.0614
4744,8.2074
4794,39.0889
4745,8.3774
4795,37.4331
4746,8.2385
4796,39.4357
4747,8.6163
4797,39.1690
4748,8.2451
4798,38.6721
4749,8.6498
4799,37.5740
4750,8.1527
4800,38.2953
4751,8.4455
4801,38.2853
4752,8.4856
4802,38.8377
4753,8.1200
4803,38.1386
4754,7.9577
4804,38.6179
4755,8.2074
4805,37.9459
4756,8.3450
4806,38.2429
4757,7.9995
4807,38.9579
4758,8.1974
4808,37.7094
4759,7.9845
4809,37.7349
4760,8.3902
4810,37.8217
4761,8.4126
4811,37.7385
4762,8.3329
4812,38.3748
4763,8.5195
4813,37.3973
4764,9.4746
4814,38.5350
4765,8.3553
4815,38.7039
4766,8.3563
4816,37.4074
4767,8.0209
4817,37.7191
4768,8.1630
4818,37.8233
4769,8.1152
4819,38.7595
4770,8.1207
4820,38.1723
4771,8.5650
4821,38.4486
4772,8.3445
4822,39.5485
4773,8.1828
4823,39.6005
4774,8.2381
4824,38.5638
4775,8.5820
4825,38.6727
4776,8.4406
4826,37.2770
4777,8.3892
4827,38.6753
4778,8.2540
4828,36.2358
4779,8.1721
4829,39.3302
4780,8.2080
4830,39.4473
4781,8.1399
4831,37.1559
4782,7.9854
4832,38.1142
4783,8.3966
4833,37.8799
4784,8.1999
4834,38.1881
4785,8.1105
4835,39.6672
4786,8.4520
4836,38.2749
4787,8.4017
4837,37.2488
4788,8.1790
4838,38.3314
4789,8.3888
4839,38.0940
4790,8.1906
4840,37.5100
4791,8.3728
4841,38.1817
4792,8.5154
4842,38.7504
4793,8.2840
4843,38.0678
4794,8.2136
4844,36.4646
4795,8.3560
4845,39.1588
4796,8.3657
4846,37.7433
4797,8.4921
4847,38.6042
4798,8.1500
4848,39.1708
4799,8.0976
4849,40.5550
4800,8.2002
4850,38.5187
4801,8.1254
4851,38.4746
4802,8.4786
4852,38.3929
4803,8.7359
4853,39.8894
4804,8.6594
4854,38.6292
4805,8.4651
4855,38.6752
4806,8.5583
4856,38.5643
4807,8.6224
4857,37.1864
4808,8.4389
4858,37.3819
4809,8.1189
4859,39.4193
4810,8.5787
4860,38.7544
4811,8.6676
4861,38.7247
4812,8.3189
4862,37.4115
4813,8.5838
4863,38.1087
4814,8.2910
4864,39.4579
4815,9.7762
4865,38.8239
4816,8.8132
4866,38.7940
4817,8.1079
4867,38.5783
4818,8.4768
4868,38.4600
4819,8.9309
4869,37.3356
4820,8.5009
4870,39.0766
4821,8.2488
4871,36.9661
4822,8.4716
4872,38.6558
4823,8.6654
4873,36.5278
4824,8.6346
4874,40.3964
4825,8.4345
4875,38.1880
4826,8.2572
4876,37.3976
4827,8.5273
4877,39.4889
4828,8.0167
4878,37.8046
4829,8.2380
4879,38.4768
4830,8.4843
4880,38.5515
4831,8.5585
4881,37.5590
4832,8.3500
4882,38.9105
4833,8.6368
4883,38.5699
4834,8.4895
4884,37.9686
4835,8.5890
4885,38.4240
4836,8.6084
4886,38.4432
4837,8.5618
4887,37.6612
4838,8.4915
4888,38.4940
4839,8.3716
4889,38.9631
4840,8.5219
4890,37.5243
4841,8.0902
4891,38.0318
4842,8.3773
4892,39.4035
4843,8.3844
4893,37.5988
4844,8.5124
4894,36.8244
4845,8.5877
4895,37.4003
4846,8.1691
4896,38.6998
4847,8.4012
4897,38.1771
4848,8.4308
4898,40.0947
4849,8.1325
4899,36.4069
4850,8.2935
4900,39.7632
4851,8.1419
4901,38.1179
4852,8.4977
4902,38.8202
4853,8.7177
4903,39.0319
4854,10.6228
4904,39.0381
4855,9.6662
4905,38.0372
4856,10.0792
4906,38.6888
4857,9.7611
4907,38.4977
4858,9.5355
4908,37.3811
4859,9.4763
4909,38.1427
4860,9.4063
4910,37.8813
4861,9.3277
4911,37.0561
4862,9.5213
4912,38.5881
4863,9.6874
4913,38.7455
4864,9.2611
4914,38.5275
4865,9.4591
4915,37.6732
4866,9.3018
4916,38.7510
4867,9.4107
4917,39.3969
4868,9.7381
4918,38.5992
4869,9.3384
4919,38.7493
4870,9.3521
4920,38.0910
4871,9.4052
4921,38.3334
4872,9.4406
4922,37.8169
4873,9.3572
4923,37.7827
4874,9.6463
4924,38.3985
4875,9.2848
4925,37.2804
4876,9.2065
4926,38.2725
4877,9.7170
4927,36.7678
4878,9.6512
4928,38.1720
4879,9.7611
4929,37.7858
4880,9.7840
4930,37.3417
4881,9.1254
4931,39.0165
4882,8.9051
4932,37.9367
4883,8.6577
4933,39.2670
4884,8.1452
4934,40.6104
4885,8.3241
4935,38.4383
4886,8.2381
4936,38.5379
4887,8.4788
4937,37.9842
4888,8.7292
4938,39.6388
4889,8.8594
4939,39.1811
4890,8.7122
4940,37.4140
4891,8.6200
4941,38.8970
4892,8.5747
4942,38.5938
4893,8.4697
4943,38.5782
4894,8.3538
4944,38.0043
4895,8.5142
4945,39.1007
4896,8.0343
4946,38.9366
4897,8.1591
4947,37.2180
4898,10.4678
4948,39.0935
4899,9.5048
4949,38.5697
4900,9.7498
4950,38.1235
4901,9.4013
4951,37.9969
4902,9.5923
4952,38.7133
4903,9.1683
4953,37.7437
4904,9.0316
4954,39.0627
4905,9.2129
4955,38.2259
4906,9.7654
4956,38.7454
4907,9.5015
4957,39.2452
4908,9.2656
4958,38.2085
4909,9.2290
4959,38.8020
4910,9.4856
4960,38.6550
4911,9.0756
4961,39.3120
4912,9.5684
4962,37.7176
4913,9.3415
4963,38.9295
4914,9.0948
4964,36.7237
4915,9.2168
4965,37.9832
4916,9.2188
4966,37.9209
4917,9.4396
4967,38.8786
4918,9.4135
4968,37.9914
4919,9.4906
4969,37.4541
4920,9.3590
4970,37.4203
4921,9.2663
4971,38.0674
4922,9.1916
4972,38.2002
4923,8.9851
4973,36.9313
4924,9.0116
4974,37.9340
4925,9.5080
4975,37.2918
4926,9.5721
4976,38.2934
4927,9.3464
4977,38.5094
4928,9.0520
4978,37.5655
4929,9.3179
4979,38.4526
4930,9.1420
4980,37.7660
4931,9.1774
4981,37.8730
4932,9.5044
4982,38.3549
4933,9.6689
4983,38.3114
4934,9.4845
4984,37.4591
4935,9.7639
4985,38.4912
4936,9.1729
4986,38.5767
4937,9.4295
4987,38.7085
4938,9.4277
4988,38.9200
4939,9.1941
4989,38.0212
4940,9.3175
4990,38.5224
4941,9.2071
4991,38.6941
4942,9.3595
4992,38.2739
4943,9.3389
4993,37.7755
4944,9.0216
4994,38.5877
4945,9.2809
4995,36.9169
4946,9.4650
4996,37.5802
4947,9.7257
4997,37.3806
4948,9.4811
4998,36.8098
4949,9.6010
4999,38.0275
4950,9.5724
5000,38.1947
4951,9.6144
5001,38.5692
4952,9.2374
5002,38.0351
4953,9.3132
5003,37.8368
4954,8.9879
5004,36.1003
4955,8.9586
5005,36.4512
4956,9.3784
5006,38.8515
4957,9.4010
5007,39.9678
4958,9.3172
5008,37.9834
4959,9.1855
5009,39.1660
4960,9.1758
5010,39.3471
4961,9.3260
5011,39.1968
4962,9.4243
5012,38.4824
4963,9.2068
5013,38.1023
4964,9.4143
5014,37.6310
4965,9.2874
5015,37.8280
4966,9.5240
5016,37.9111
4967,9.3731
5017,38.9157
4968,9.0858
5018,38.5332
4969,9.2040
5019,37.9336
4970,9.6307
5020,37.1558
4971,9.3229
5021,38.0503
4972,9.5333
5022,37.1326
4973,9.7137
5023,37.6821
4974,9.1656
5024,37.7561
4975,9.6478
5025,36.4131
4976,9.2849
5026,36.7427
4977,9.6449
5027,37.4602
4978,9.1855
5028,39.0524
4979,9.2765
5029,38.3783
4980,9.3035
5030,37.2124
4981,9.5642
5031,37.2751
4982,9.5386
5032,38.7917
4983,9.5502
5033,37.6931
4984,9.4082
5034,38.5710
4985,9.2795
5035,37.7355
4986,9.0447
5036,37.6941
4987,9.3671
5037,37.6344
4988,9.4836
5038,38.2711
4989,9.4127
5039,38.6108
4990,9.5833
5040,38.7387
4991,9.3831
5041,37.1424
4992,9.5436
5042,39.0769
4993,9.5827
5043,38.3882
4994,9.1044
5044,36.7821
4995,9.4667
5045,38.5048
4996,9.6173
5046,37.9943
4997,10.1411
5047,37.6899
4998,9.4465
5048,38.5499
4999,9.5331
5049,37.1372
5000,9.2927
5050,37.7643
5001,9.5232
5051,38.9622
5002,9.6265
5052,38.0162
5003,9.4396
5053,37.5235
5004,9.4936
5054,38.5211
5005,9.2505
5055,37.4319
5006,9.4742
5056,39.1940
5007,9.3467
5057,37.1488
5008,9.6974
5058,38.0645
5009,9.4943
5059,39.3350
5010,9.2576
5060,38.5220
5011,9.5457
5061,38.7771
5012,9.9769
5062,37.6916
5013,8.2741
5063,37.5172
5014,8.3718
5064,37.5884
5015,8.5075
5065,37.8690
5016,8.1740
5066,37.3510
5017,8.3488
5067,39.0180
5018,8.4556
5068,37.7112
5019,8.2649
5069,39.2500
5020,8.5911
5070,37.5596
5021,8.3749
5071,39.4147
5022,8.5598
5072,37.6399
5023,8.3646
5073,38.4612
5024,8.3966
5074,38.9178
5025,8.2231
5075,37.5727
5026,8.2014
5076,38.1169
5027,8.1327
5077,39.4956
5028,8.5293
5078,38.7093
5029,8.1750
5079,38.0698
5030,8.0317
5080,38.3566
5031,8.0981
5081,38.3941
5032,8.2233
5082,38.0251
5033,8.8966
5083,39.3272
5034,10.9020
5084,38.7442
5035,9.3405
5085,38.1037
5036,9.5733
5086,38.5676
5037,9.7520
5087,37.9116
5038,9.2271
5088,38.4493
5039,9.3858
5089,37.9905
5040,9.5183
5090,38.4762
5041,9.4681
5091,37.4582
5042,9.5305
5092,38.3339
5043,9.2857
5093,37.5398
5044,9.2044
5094,37.2884
5045,9.4251
5095,36.6425
5046,9.2217
5096,37.3094
5047,9.1531
5097,37.9851
5048,9.2913
5098,37.3300
5049,9.0812
5099,37.7035
5050,8.7985
5100,38.5503
5051,9.3510
5101,38.6258
5052,9.2212
5102,38.0630
5053,8.6535
5103,38.2227
5054,9.1949
5104,36.6135
5055,8.9047
5105,36.5236
5056,9.3138
5106,37.3251
5057,9.0070
5107,37.5008
5058,9.2345
5108,38.5568
5059,9.1895
5109,37.8344
5060,9.3775
5110,36.6908
5061,9.5310
5111,37.3737
5062,9.4270
5112,38.1202
5063,8.9763
5113,37.7390
5064,9.2018
5114,36.6965
5065,9.0388
5115,38.0677
5066,9.3770
5116,37.5191
5067,9.2985
5117,38.2081
5068,8.8897
5118,39.1185
5069,8.9659
5119,37.0437
5070,8.6260
5120,38.9957
5071,9.4266
5121,39.0229
5072,9.4089
5122,37.5408
5073,8.9050
5123,38.6354
5074,9.5531
5124,37.9408
5075,9.6660
5125,37.8778
5076,9.1183
5126,38.1311
5077,9.2287
5127,38.0981
5078,9.2290
5128,38.4778
5079,9.4709
5129,37.5021
5080,9.3236
5130,37.4089
5081,9.4532
5131,37.1844
5082,9.7350
5132,37.0927
5083,9.5883
5133,37.2626
5084,9.1050
5134,38.6570
5085,9.2651
5135,38.3323
5086,9.2636
5136,37.2678
5087,9.1666
5137,39.4581
5088,9.5789
5138,37.7809
5089,9.3948
5139,38.1873
5090,9.5209
5140,37.7814
5091,9.5405
5141,37.3520
5092,9.4130
5142,37.9768
5093,9.4118
5143,38.5683
5094,9.3609
5144,37.5667
5095,9.1616
5145,38.8427
5096,9.2935
5146,37.9818
5097,9.5692
5147,38.0673
5098,9.6319
5148,38.1281
5099,9.3784
5149,38.0464
5100,9.0811
5150,37.1651
5101,9.3377
5151,38.5412
5102,10.6286
5152,37.1135
5103,9.3913
5153,38.5695
5104,9.3253
5154,38.6495
5105,9.4146
5155,37.8886
5106,9.3352
5156,38.0448
5107,9.2686
5157,37.4894
5108,9.1112
5158,37.1157
5109,8.9215
5159,37.1948
5110,9.5635
5160,38.8041
5111,9.3083
5161,38.1122
5112,8.8692
5162,39.0442
5113,9.0490
5163,36.8872
5114,9.6170
5164,38.3806
5115,9.5288
5165,38.6852
5116,9.0253
5166,38.7021
5117,9.3743
5167,38.1571
5118,9.2209
5168,38.4097
5119,9.3596
5169,37.0020
5120,9.1083
5170,38.6882
5121,9.2732
5171,39.2331
5122,9.5213
5172,37.3400
5123,9.3527
5173,37.2554
5124,9.0159
5174,36.9162
5125,9.2909
5175,37.4687
5126,9.0132
5176,38.0979
5127,8.8201
5177,38.1523
5128,8.7730
5178,38.4403
5129,9.1986
5179,36.7533
5130,8.8047
5180,38.7575
5131,9.0427
5181,37.2384
5132,9.1829
5182,36.8684
5133,9.2705
5183,38.6124
5134,9.3222
5184,37.4760
5135,9.4085
5185,36.9133
5136,8.5602
5186,38.4484
5137,9.0707
5187,37.2104
5138,8.6780
5188,37.8897
5139,9.0943
5189,38.4923
5140,9.1715
5190,38.4550
5141,7.8924
5191,40.6532
5142,9.2498
5192,37.8676
5143,9.3495
5193,37.9172
5144,9.4013
5194,38.0015
5145,8.8556
5195,38.5963
5146,9.1971
5196,38.0575
5147,9.2469
5197,37.8024
5148,9.1098
5198,36.7706
5149,9.2892
5199,36.3733
5150,9.1662
5200,36.1004
5151,9.2979
5201,37.5911
5152,9.1935
5202,37.2305
5153,8.6878
5203,38.2515
5154,8.9488
5204,37.6975
5155,8.7464
5205,39.0946
5156,9.0958
5206,37.7233
5157,9.0610
5207,37.6004
5158,9.1232
5208,37.6790
5159,9.4720
5209,39.1690
5160,8.9885
5210,39.0453
5161,8.9892
5211,37.7905
5162,9.3453
5212,38.2186
5163,9.1426
5213,37.8430
5164,9.4166
5214,38.6852
5165,9.1632
5215,37.5664
5166,9.5772
5216,38.1859
5167,9.5208
5217,38.6222
5168,9.6931
5218,36.9389
5169,9.2275
5219,38.5579
5170,9.2068
5220,36.9117
5171,8.9423
5221,38.1358
5172,9.0465
5222,37.7159
5173,9.3689
5223,37.7401
5174,9.3309
5224,38.3423
5175,8.6622
5225,38.4608
5176,9.2343
5226,37.5720
5177,9.4345
5227,37.2185
5178,9.5246
5228,37.4686
5179,8.9281
5229,37.8669
5180,9.1745
5230,37.8446
5181,9.2886
5231,37.3388
5182,9.5949
5232,37.3347
5183,9.3635
5233,37.1809
5184,8.8817
5234,37.0370
5185,8.7865
5235,37.9487
5186,9.4456
5236,37.9766
5187,9.0497
5237,38.0443
5188,9.5656
5238,38.3072
5189,9.5658
5239,38.4162
5190,9.5191
5240,37.1584
5191,9.4113
5241,36.5388
5192,9.4923
5242,37.1765
5193,9.2403
5243,38.7732
5194,9.0063
5244,37.4048
5195,9.3317
5245,37.9987
5196,9.2338
5246,37.8382
5197,8.9586
5247,36.7421
5198,9.3211
5248,38.3562
5199,8.9267
5249,36.3077
5200,9.0262
5250,38.7771
5201,8.7042
5251,37.6193
5202,8.9049
5252,37.3123
5203,9.1248
5253,37.6416
5204,9.3446
5254,39.0614
5205,9.1087
5255,37.3034
5206,9.2301
5256,37.9078
5207,9.2580
5257,36.6478
5208,8.8489
5258,37.7758
5209,9.0456
5259,38.1099
5210,8.6865
5260,38.8733
5211,8.8724
5261,37.9459
5212,9.2001
5262,38.9116
5213,9.0428
5263,38.6459
5214,7.7157
5264,39.6721
5215,9.0827
5265,38.3745
5216,9.1271
5266,36.6690
5217,8.8240
5267,37.7975
5218,9.6114
5268,37.2424
5219,9.1226
5269,37.5031
5220,9.4389
5270,37.6430
5221,9.1205
5271,36.9636
5222,9.1965
5272,36.9039
5223,9.1218
5273,38.3206
5224,9.4021
5274,38.9355
5225,9.2264
5275,37.4106
5226,9.0265
5276,36.5544
5227,9.0305
5277,37.9740
5228,9.4746
5278,37.5476
5229,9.6432
5279,37.7356
5230,9.3131
5280,38.2153
5231,9.2124
5281,37.9832
5232,8.8428
5282,38.1115
5233,9.1257
5283,37.7480
5234,8.8719
5284,38.8074
5235,9.2543
5285,38.8510
5236,9.8668
5286,38.6078
5237,9.3097
5287,37.9678
5238,9.1231
5288,37.7267
5239,9.6849
5289,37.6843
5240,8.9138
5290,37.8413
5241,8.9624
5291,37.7781
5242,9.4490
5292,37.6169
5243,9.1355
5293,36.7767
5244,9.1419
5294,38.2271
5245,9.2895
5295,36.7832
5246,8.9418
5296,37.9980
5247,8.8928
5297,37.0083
5248,8.8595
5298,38.3062
5249,8.7442
5299,37.8466
5250,9.3369
5300,37.5576
5251,9.1847
5301,36.9674
5252,9.4817
5302,38.4838
5253,9.4001
5303,37.2838
5254,9.9989
5304,37.6713
5255,9.7804
5305,37.6876
5256,9.1550
5306,38.8843
5257,9.5384
5307,37.8874
5258,7.9257
5308,42.0138
5259,9.1796
5309,38.0239
5260,9.3792
5310,37.9055
5261,9.7442
5311,36.8948
5262,9.6839
5312,37.3088
5263,9.6523
5313,37.2710
5264,9.7989
5314,38.0585
5265,9.2798
5315,38.3790
5266,9.2711
5316,37.8725
5267,9.1383
5317,37.3140
5268,9.5142
5318,38.4645
5269,9.1045
5319,38.9323
5270,9.2293
5320,37.3223
5271,9.6213
5321,37.2426
5272,9.3716
5322,37.4829
5273,9.6082
5323,38.1569
5274,9.6229
5324,37.1949
5275,9.3660
5325,36.8913
5276,9.4051
5326,38.3833
5277,9.2409
5327,37.1687
5278,9.4060
5328,36.2969
5279,9.3090
5329,38.0151
5280,9.5150
5330,38.7815
5281,9.4897
5331,38.1985
5282,9.2686
5332,37.0710
5283,9.3247
5333,37.8116
5284,9.3786
5334,38.1053
5285,9.1338
5335,37.6430
5286,8.9984
5336,39.4393
5287,9.4004
5337,39.3604
5288,9.2882
5338,37.7771
5289,9.2740
5339,38.1219
5290,9.1539
5340,37.4389
5291,9.5411
5341,37.1989
5292,9.5458
5342,38.9764
5293,9.5046
5343,38.7011
5294,9.3449
5344,38.2152
5295,9.7098
5345,38.3642
5296,9.3018
5346,37.5969
5297,9.6332
5347,37.9256
5298,9.1489
5348,37.1234
5299,9.3525
5349,37.6478
5300,9.6050
5350,37.1138
5301,9.3132
5351,38.2197
5302,9.2428
5352,37.7727
5303,8.7763
5353,37.3944
5304,9.3077
5354,37.9800
5305,9.3621
5355,37.8445
5306,8.7318
5356,38.5776
5307,9.1097
5357,37.3405
5308,9.1899
5358,37.6453
5309,9.1845
5359,37.9093
5310,8.9062
5360,37.6149
5311,8.9113
5361,37.7185
5312,8.8776
5362,38.0163
5313,9.2814
5363,38.7382
5314,9.5720
5364,37.3065
5315,9.1077
5365,38.6846
5316,9.2695
5366,37.8283
5317,9.5993
5367,36.9616
5318,9.5933
5368,37.4894
5319,9.0976
5369,37.7800
5320,9.4438
5370,38.3883
5321,9.0992
5371,37.3911
5322,9.9629
5372,38.2680
5323,9.4978
5373,37.8679
5324,8.8401
5374,37.2610
5325,9.1771
5375,38.3914
5326,9.3919
5376,37.5257
5327,9.2407
5377,38.0356
5328,9.5620
5378,37.9635
5329,9.3642
5379,37.1814
5330,9.2727
5380,37.3498
5331,10.9627
5381,37.1400
5332,11.0505
5382,37.8992
5333,11.5895
5383,38.5751
5334,10.8202
5384,37.5117
5335,10.5170
5385,37.1901
5336,10.9055
5386,38.2301
5337,10.6166
5387,37.0740
5338,10.5622
5388,38.2579
5339,10.4209
5389,38.0586
5340,10.6404
5390,37.4551
5341,10.6497
5391,38.1450
5342,10.4726
5392,38.2011
5343,10.3267
5393,37.4583
5344,10.8619
5394,38.9585
5345,10.3439
5395,38.4880
5346,10.3671
5396,38.9061
5347,11.0600
5397,38.5925
5348,10.6078
5398,38.8779
5349,10.5748
5399,38.4564
5350,11.0152
5400,38.6285
5351,10.2839
5401,37.2612
5352,10.7526
5402,39.7252
5353,10.8238
5403,37.4352
5354,10.7487
5404,39.2941
5355,10.7129
5405,39.1718
5356,10.5691
5406,37.8790
5357,10.3558
5407,38.6340
5358,10.3005
5408,38.7181
5359,10.4646
5409,38.0587
5360,10.6733
5410,38.3715
5361,10.3418
5411,38.9229
5362,10.4463
5412,37.1931
5363,11.0303
5413,37.3485
5364,10.9611
5414,37.7719
5365,10.6312
5415,37.8651
5366,10.3887
5416,37.6360
5367,10.5850
5417,38.3980
5368,10.3086
5418,37.3482
5369,10.2268
5419,43.6612
5370,11.4198
5420,39.0765
5371,10.5041
5421,39.7721
5372,10.8752
5422,38.7092
5373,10.7967
5423,38.0500
5374,10.6585
5424,39.1453
5375,10.9246
5425,37.7427
5376,10.4323
5426,38.4687
5377,10.4956
5427,38.6460
5378,10.0308
5428,37.8035
5379,10.3997
5429,38.4886
5380,11.2741
5430,39.7920
5381,10.7888
5431,38.5661
5382,10.2999
5432,37.2642
5383,10.4187
5433,38.3945
5384,10.8480
5434,39.0370
5385,10.1419
5435,37.9057
5386,10.2886
5436,38.7013
5387,10.2926
5437,36.8312
5388,10.3599
5438,38.0597
5389,10.6838
5439,38.9738
5390,10.7912
5440,38.2943
5391,11.8534
5441,39.1369
5392,10.3664
5442,38.7421
5393,10.5575
5443,38.9336
5394,10.4013
5444,38.4084
5395,10.6330
5445,38.4845
5396,9.9226
5446,37.5169
5397,10.3732
5447,37.2512
5398,10.3199
5448,37.0687
5399,10.4541
5449,38.7760
5400,10.4955
5450,38.9451
5401,10.1180
5451,37.7976
5402,10.1324
5452,39.5332
5403,10.4734
5453,38.2023
5404,10.4161
5454,37.9156
5405,10.6220
5455,37.7158
5406,10.2476
5456,40.0938
5407,10.6857
5457,38.0595
5408,10.6776
5458,37.9350
5409,10.3988
5459,37.9193
5410,10.2753
5460,39.2125
5411,11.0000
5461,37.6584
5412,11.6038
5462,36.9426
5413,10.6366
5463,37.4414
5414,10.5578
5464,37.1693
5415,10.2223
5465,38.0554
5416,10.7442
5466,38.8483
5417,10.6696
5467,37.9508
5418,10.3481
5468,37.9353
5419,10.7130
5469,38.3304
5420,10.1044
5470,38.4647
5421,10.3212
5471,38.5030
5422,10.0577
5472,39.9123
5423,10.2906
5473,39.8738
5424,10.5160
5474,39.5546
5425,10.4821
5475,38.0503
5426,10.3074
5476,38.8930
5427,10.3489
5477,37.6130
5428,9.8671
5478,38.9121
5429,10.8603
5479,38.8038
5430,10.3729
5480,38.7260
5431,10.9330
5481,37.7921
5432,10.8507
5482,38.6218
5433,11.1317
5483,36.7540
5434,10.9760
5484,39.0382
5435,10.3367
5485,38.0086
5436,10.5752
5486,37.8901
5437,10.7702
5487,36.9545
5438,10.8506
5488,38.3564
5439,10.9012
5489,38.1617
5440,10.4658
5490,38.4407
5441,10.8186
5491,39.0020
5442,10.5214
5492,39.1072
5443,11.0402
5493,38.4257
5444,10.2031
5494,39.4602
5445,8.6338
5495,45.9443
5446,10.3261
5496,37.5000
5447,10.1592
5497,37.6064
5448,10.1190
5498,39.4199
5449,10.0467
5499,39.3910
5450,9.8944
5500,38.3805
5451,10.5046
5501,39.6687
5452,10.3989
5502,38.5439
5453,10.3635
5503,37.7471
5454,10.3390
5504,37.8617
5455,10.5837
5505,38.7598
5456,10.5550
5506,37.6371
5457,10.0865
5507,38.7521
5458,10.7135
5508,37.8099
5459,10.4699
5509,37.6825
5460,10.4285
5510,37.8751
5461,10.2703
5511,38.4257
5462,10.2899
5512,38.4467
5463,10.7898
5513,37.9145
5464,10.3693
5514,36.7611
5465,10.3816
5515,37.0262
5466,10.5292
5516,37.8500
5467,10.6660
5517,37.5255
5468,9.7765
5518,37.7831
5469,9.9058
5519,39.0729
5470,9.8280
5520,37.7987
5471,9.6610
5521,38.6549
5472,9.8280
5522,38.0260
5473,10.1976
5523,38.2681
5474,10.1085
5524,40.1371
5475,9.7975
5525,37.7154
5476,9.6821
5526,38.0053
5477,9.4729
5527,38.9101
5478,9.6694
5528,38.5719
5479,11.3887
5529,40.6611
5480,9.8531
5530,37.6017
5481,9.8537
5531,39.7506
5482,10.0355
5532,38.2149
5483,9.6416
5533,37.6516
5484,10.1466
5534,38.6267
5485,9.7510
5535,39.3139
5486,9.9555
5536,37.9243
5487,10.0337
5537,37.8257
5488,10.1916
5538,38.1892
5489,10.1306
5539,39.4710
5490,9.9292
5540,37.5702
5491,10.0312
5541,38.6791
5492,9.8913
5542,38.1855
5493,10.0738
5543,38.3369
5494,10.1130
5544,38.2578
5495,9.8657
5545,39.4639
5496,10.1155
5546,38.8998
5497,10.1619
5547,39.7908
5498,10.1638
5548,39.4681
5499,9.8600
5549,37.1121
5500,9.6939
5550,37.9018
5501,10.1158
5551,38.5814
5502,10.0478
5552,38.8108
5503,10.1306
5553,38.4351
5504,9.7325
5554,38.7201
5505,9.8498
5555,36.7805
5506,10.4058
5556,39.2494
5507,9.6550
5557,39.0723
5508,10.1608
5558,39.5107
5509,10.0613
5559,39.2035
5510,9.9318
5560,37.5179
5511,10.1325
5561,38.5973
5512,9.6938
5562,37.9836
5513,11.0384
5563,40.6218
5514,10.0559
5564,38.7372
5515,9.6363
5565,36.6132
5516,10.1071
5566,37.3663
5517,10.7697
5567,38.4830
5518,9.8767
5568,38.0985
5519,9.7106
5569,37.6888
5520,9.8279
5570,38.2267
5521,9.7401
5571,39.4861
5522,9.9817
5572,38.2162
5523,9.8353
5573,37.8421
5524,9.9998
5574,37.8004
5525,10.2153
5575,38.9292
5526,10.0590
5576,38.2612
5527,9.6327
5577,39.1130
5528,9.8885
5578,39.6631
5529,10.0839
5579,37.3042
5530,10.2681
5580,37.3781
5531,9.6799
5581,37.3211
5532,10.2718
5582,38.7510
5533,9.8019
5583,37.8323
5534,9.8739
5584,37.5508
5535,9.9576
5585,37.7290
5536,10.0078
5586,37.6816
5537,9.9378
5587,39.5664
5538,9.8049
5588,37.8940
5539,10.2162
5589,38.5979
5540,9.9479
5590,38.5980
5541,9.5301
5591,38.0012
5542,9.6835
5592,37.3044
5543,10.6579
5593,39.5215
5544,10.2033
5594,38.2784
5545,9.7629
5595,37.0082
5546,9.7264
5596,38.2337
5547,9.4702
5597,37.9453
5548,9.5876
5598,37.2822
5549,10.9754
5599,37.7188
5550,10.2871
5600,38.3723
5551,10.0425
5601,37.0773
5552,9.8831
5602,37.6520
5553,9.8713
5603,38.0674
5554,9.8367
5604,39.9373
5555,10.1659
5605,37.6652
5556,10.1293
5606,37.8198
5557,10.0973
5607,38.0040
5558,9.8420
5608,38.2794
5559,9.7586
5609,39.3326
5560,9.8070
5610,39.8114
5561,9.9348
5611,38.1403
5562,9.8337
5612,37.6154
5563,9.8080
5613,38.7572
5564,10.0350
5614,36.9201
5565,9.6902
5615,38.7592
5566,9.7415
5616,39.1742
5567,9.7410
5617,39.1694
5568,9.4118
5618,37.7079
5569,10.7201
5619,38.1725
5570,10.0637
5620,36.0906
5571,10.1471
5621,37.6086
5572,10.1021
5622,37.6225
5573,9.6880
5623,37.2792
5574,9.9215
5624,37.3725
5575,9.8560
5625,38.3906
5576,9.8781
5626,37.6695
5577,10.0811
5627,38.3450
5578,10.4191
5628,37.7965
5579,9.9033
5629,38.3290
5580,9.8233
5630,38.7295
5581,10.2138
5631,40.3836
5582,9.9554
5632,39.0037
5583,9.5514
5633,37.3524
5584,9.4729
5634,38.1445
5585,9.7839
5635,38.1188
5586,9.6478
5636,39.5983
5587,9.5858
5637,39.2601
5588,9.9196
5638,38.6185
5589,10.1364
5639,38.0913
5590,9.8117
5640,38.1921
5591,9.9997
5641,37.4182
5592,9.8722
5642,39.1127
5593,10.1872
5643,37.8229
5594,9.9895
5644,37.9802
5595,9.5468
5645,40.6938
5596,10.1603
5646,38.7105
5597,9.8238
5647,37.9248
5598,9.7528
5648,37.9476
5599,9.8913
5649,37.8510
5600,9.7217
5650,37.8228
5601,10.1523
5651,36.3647
5602,10.6138
5652,37.6224
5603,10.2868
5653,37.8268
5604,9.9771
5654,37.8034
5605,9.9190
5655,36.6662
5606,9.9669
5656,38.1038
5607,10.0383
5657,36.8985
5608,10.2048
5658,38.4790
5609,9.8480
5659,37.7060
5610,9.9412
5660,37.9420
5611,9.8629
5661,38.4053
5612,10.1589
5662,38.8243
5613,9.8187
5663,38.2207
5614,9.4888
5664,38.0924
5615,9.6099
5665,37.3733
5616,9.6768
5666,37.6602
5617,9.8467
5667,37.2632
5618,9.8267
5668,39.1987
5619,9.8116
5669,38.2807
5620,10.2967
5670,38.4205
5621,10.1171
5671,38.0636
5622,9.6691
5672,40.1283
5623,9.6851
5673,39.1230
5624,10.2213
5674,37.3796
5625,9.9686
5675,37.9519
5626,10.0430
5676,38.8663
5627,9.9250
5677,37.4317
5628,10.3353
5678,39.8463
5629,11.3279
5679,37.6044
5630,9.0906
5680,38.3023
5631,8.9258
5681,39.9544
5632,8.8043
5682,38.8527
5633,8.9446
5683,38.9112
5634,9.1921
5684,39.0214
5635,8.8894
5685,38.2347
5636,8.9726
5686,37.5765
5637,9.1634
5687,37.4628
5638,8.5691
5688,38.2806
5639,8.7961
5689,37.5318
5640,8.9074
5690,39.3835
5641,10.0479
5691,41.5755
5642,8.8287
5692,38.5453
5643,8.6683
5693,38.0772
5644,8.8111
5694,38.9395
5645,9.0155
5695,39.0380
5646,9.1483
5696,38.5488
5647,8.9037
5697,37.7333
5648,8.8021
5698,39.5278
5649,9.0137
5699,37.7561
5650,9.0213
5700,37.4050
5651,8.6866
5701,39.6622
5652,8.9228
5702,37.1733
5653,8.9952
5703,38.7623
5654,9.1527
5704,38.1072
5655,9.1563
5705,38.7231
5656,9.1402
5706,38.3463
5657,8.7547
5707,38.8758
5658,8.7099
5708,38.8463
5659,8.9254
5709,38.9248
5660,9.0548
5710,38.4032
5661,8.9937
5711,37.7104
5662,8.6238
5712,38.6731
5663,8.8394
5713,37.8062
5664,8.6184
5714,38.7156
5665,8.9931
5715,39.4926
5666,8.8449
5716,37.9457
5667,8.6348
5717,37.8909
5668,8.8955
5718,38.6938
5669,8.9796
5719,38.5444
5670,8.6469
5720,38.4350
5671,9.0448
5721,38.6086
5672,9.0242
5722,37.9888
5673,9.1447
5723,37.3825
5674,8.9784
5724,38.5747
5675,8.7585
5725,37.0242
5676,8.7773
5726,39.0787
5677,8.9622
5727,38.9042
5678,8.8363
5728,38.3438
5679,8.7469
5729,38.2944
5680,8.9061
5730,39.6576
5681,9.0265
5731,37.7833
5682,8.9686
5732,38.2135
5683,8.5202
5733,38.5289
5684,8.9365
5734,37.7532
5685,8.7780
5735,38.2100
5686,8.8796
5736,37.5658
5687,8.7873
5737,38.1023
5688,9.0859
5738,37.3291
5689,8.8384
5739,37.6146
5690,8.7465
5740,38.9761
5691,8.6600
5741,40.1724
5692,10.0821
5742,41.5657
5693,8.9197
5743,37.2608
5694,8.6734
5744,38.5155
5695,8.6577
5745,38.9952
5696,8.5882
5746,38.5336
5697,8.6736
5747,38.3662
5698,8.5952
5748,39.8195
5699,8.6883
5749,38.2620
5700,8.7239
5750,39.0453
5701,8.6838
5751,37.9666
5702,8.6636
5752,38.1722
5703,8.8876
5753,38.2730
5704,8.9187
5754,38.0498
5705,8.8872
5755,37.4735
5706,8.7146
5756,37.7661
5707,8.9128
5757,37.1125
5708,9.0007
5758,38.1300
5709,8.8634
5759,37.6817
5710,8.7655
5760,37.9341
5711,8.8476
5761,37.3405
5712,8.6338
5762,38.6147
5713,8.7280
5763,37.3418
5714,8.9737
5764,37.3285
5715,8.8727
5765,38.3132
5716,8.7869
5766,37.7719
5717,8.7660
5767,37.8289
5718,8.6880
5768,39.5486
5719,8.6708
5769,38.2810
5720,8.8050
5770,38.2890
5721,8.9886
5771,37.9283
5722,8.8947
5772,38.1700
5723,8.6531
5773,38.7039
5724,8.7934
5774,38.2954
5725,9.0334
5775,38.3483
5726,8.5514
5776,38.3300
5727,8.6397
5777,38.9824
5728,8.8252
5778,39.0223
5729,8.9103
5779,39.1021
5730,8.8412
5780,38.2305
5731,8.5952
5781,38.4687
5732,8.9270
5782,37.9229
5733,8.6166
5783,38.0703
5734,8.7807
5784,37.8697
5735,8.8423
5785,38.0799
5736,8.4607
5786,39.7487
5737,8.9916
5787,38.6240
5738,8.9630
5788,37.0147
5739,8.6578
5789,38.3239
5740,8.6978
5790,37.8692
5741,9.1081
5791,38.2583
5742,9.0739
5792,37.7373
5743,8.8628
5793,37.8939
5744,8.9709
5794,37.6018
5745,9.2071
5795,38.8390
5746,8.8743
5796,38.4100
5747,9.0474
5797,38.3189
5748,9.0131
5798,38.4493
5749,9.2392
5799,39.2399
5750,8.7339
5800,38.2256
5751,9.2717
5801,38.2855
5752,9.1379
5802,38.1076
5753,8.8150
5803,38.3306
5754,9.0001
5804,36.9234
5755,9.0069
5805,38.9371
5756,9.0144
5806,38.3286
5757,9.0949
5807,37.3649
5758,9.3084
5808,43.5958
5759,9.2348
5809,38.8391
5760,8.8526
5810,39.0162
5761,9.1384
5811,37.8380
5762,8.8639
5812,38.1854
5763,8.7477
5813,38.5622
5764,8.8047
5814,38.0663
5765,8.7105
5815,40.8547
5766,8.8329
5816,38.7890
5767,8.8993
5817,38.1653
5768,8.9628
5818,39.5117
5769,8.7211
5819,37.6687
5770,8.7866
5820,38.5704
5771,8.8513
5821,37.8825
5772,8.6290
5822,39.1620
5773,8.7562
5823,37.7755
5774,8.8866
5824,38.3272
5775,8.7643
5825,37.8780
5776,8.6880
5826,36.2030
5777,8.8904
5827,37.7763
5778,8.6715
5828,38.2751
5779,8.9819
5829,38.1010
5780,8.4561
5830,37.8147
5781,8.8395
5831,39.1967
5782,8.6180
5832,38.2012
5783,8.7522
5833,37.4904
5784,10.2508
5834,39.5941
5785,8.7905
5835,37.9132
5786,8.7407
5836,36.7470
5787,8.9439
5837,38.0501
5788,11.7936
5838,38.4516
5789,9.1891
5839,38.6195
5790,9.0582
5840,39.2619
5791,9.0750
5841,37.8524
5792,8.9838
5842,39.3924
5793,8.9015
5843,37.8611
5794,8.7492
5844,39.4493
5795,8.8913
5845,37.9816
5796,8.6658
5846,38.1503
5797,8.8871
5847,37.7824
5798,8.9193
5848,37.3606
5799,8.8921
5849,37.7100
5800,8.6726
5850,38.3426
5801,8.6846
5851,37.6347
5802,8.6534
5852,38.5599
5803,8.6573
5853,38.1463
5804,8.5283
5854,38.5089
5805,8.8056
5855,38.5003
5806,9.5949
5856,39.5371
5807,10.7563
5857,41.9971
5808,8.8982
5858,38.0827
5809,9.1410
5859,37.5848
5810,8.9384
5860,37.1207
5811,8.6641
5861,38.6335
5812,9.5345
5862,37.0618
5813,9.0674
5863,38.9347
5814,8.7368
5864,39.3834
5815,8.8512
5865,37.7410
5816,8.5740
5866,38.1967
5817,8.8720
5867,39.6337
5818,9.0130
5868,37.8471
5819,8.9312
5869,37.4956
5820,8.6429
5870,39.8676
5821,8.8505
5871,38.6440
5822,9.6232
5872,40.0387
5823,8.7621
5873,37.7691
5824,8.8199
5874,38.9897
5825,8.9909
5875,36.7705
5826,8.6783
5876,38.0053
5827,8.9975
5877,38.7560
5828,8.9898
5878,39.9058
5829,8.9983
5879,38.1806
5830,9.0751
5880,37.5996
5831,8.8849
5881,38.6745
5832,8.6823
5882,38.3512
5833,8.7359
5883,37.5230
5834,8.9741
5884,39.3262
5835,8.8368
5885,38.8575
5836,9.1310
5886,38.2424
5837,8.6301
5887,38.9041
5838,8.9106
5888,38.4417
5839,8.7248
5889,38.6749
5840,8.5541
5890,38.3718
5841,8.7790
5891,38.5216
5842,8.8785
5892,37.0569
5843,8.6847
5893,39.4926
5844,8.8864
5894,37.0530
5845,8.8172
5895,38.9774
5846,8.8515
5896,37.6486
5847,9.0101
5897,38.7607
5848,8.9123
5898,37.2565
5849,8.7404
5899,37.9975
5850,8.9057
5900,38.1984
5851,8.7470
5901,39.1777
5852,8.9133
5902,37.2512
5853,8.6559
5903,38.7770
5854,8.7063
5904,38.4650
5855,8.7105
5905,38.8516
5856,8.5626
5906,39.7738
5857,8.8804
5907,38.2477
5858,8.8741
5908,38.1075
5859,8.8442
5909,37.9507
5860,8.5743
5910,39.6617
5861,8.8779
5911,38.2029
5862,8.9760
5912,38.4287
5863,8.7255
5913,37.8605
5864,8.6262
5914,39.4459
5865,8.7749
5915,37.5490
5866,8.5515
5916,38.5355
5867,8.6577
5917,37.3666
5868,8.8768
5918,38.9176
5869,8.8899
5919,38.6732
5870,8.6374
5920,38.1049
5871,9.0848
5921,38.1421
5872,8.8006
5922,39.2057
5873,8.5855
5923,40.1733
5874,8.9507
5924,38.6936
5875,8.7220
5925,39.4416
5876,8.7541
5926,37.5313
5877,8.7328
5927,37.5512
5878,8.6979
5928,37.6393
5879,8.9791
5929,37.7147
5880,8.7366
5930,38.2138
5881,8.6116
5931,37.2715
5882,8.1209
5932,41.6010
5883,8.6577
5933,38.0929
5884,8.7319
5934,39.6401
5885,8.9422
5935,38.4272
5886,8.8097
5936,39.1810
5887,8.6325
5937,38.1029
5888,8.8562
5938,38.7155
5889,8.8685
5939,37.5623
5890,8.7564
5940,38.2664
5891,8.8085
5941,37.7525
5892,8.9274
5942,38.6338
5893,9.0020
5943,37.7560
5894,8.9511
5944,37.4361
5895,8.6593
5945,37.1698
5896,8.7331
5946,39.9382
5897,8.4306
5947,39.3137
5898,8.3430
5948,37.7621
5899,8.5672
5949,38.1055
5900,8.4113
5950,39.1319
5901,8.5616
5951,38.7638
5902,8.7255
5952,39.8237
5903,8.6752
5953,38.9337
5904,8.4235
5954,38.1792
5905,8.7208
5955,38.3630
5906,9.0172
5956,38.0357
5907,8.8138
5957,38.0359
5908,8.8859
5958,38.6707
5909,8.9119
5959,38.8478
5910,8.8575
5960,37.7023
5911,9.0824
5961,37.0532
5912,8.4753
5962,38.6462
5913,9.0239
5963,36.5528
5914,9.0552
5964,37.3130
5915,8.7772
5965,38.2088
5916,8.6623
5966,38.6175
5917,8.7709
5967,37.4672
5918,8.7415
5968,38.3284
5919,8.7514
5969,38.8492
5920,8.9915
5970,37.8430
5921,8.7140
5971,38.4768
5922,8.7036
5972,38.2185
5923,8.7568
5973,36.9811
5924,9.0145
5974,38.6765
5925,8.8640
5975,37.9434
5926,8.7823
5976,38.5758
5927,8.6318
5977,39.3487
5928,8.8647
5978,37.9262
5929,9.5297
5979,40.1790
5930,8.8560
5980,38.5407
5931,9.0408
5981,39.4706
5932,9.0869
5982,38.3676
5933,8.9659
5983,37.4462
5934,8.5209
5984,37.6253
5935,8.5611
5985,36.0840
5936,8.5312
5986,38.0161
5937,8.5053
5987,37.9609
5938,8.4310
5988,38.4571
5939,8.3619
5989,38.4519
5940,8.3529
5990,38.6810
5941,8.9707
5991,38.8378
5942,8.5973
5992,37.8457
5943,8.4175
5993,38.9049
5944,8.3563
5994,38.2432
5945,8.5866
5995,37.3722
5946,8.5042
5996,37.2361
5947,8.4434
5997,36.1437
5948,8.5602
5998,38.3578
5949,8.6024
5999,37.8950
5950,8.6335
6000,38.2228
5951,8.6479
6001,38.6674
5952,8.7512
6002,38.0524
5953,8.7974
6003,38.0770
5954,9.4509
6004,38.7860
5955,9.0527
6005,38.6250
5956,8.9703
6006,38.0359
5957,8.7318
6007,39.8981
5958,9.0967
6008,38.8676
5959,8.8284
6009,37.6019
5960,9.0104
6010,38.3811
5961,8.9931
6011,38.1466
5962,8.9558
6012,37.0702
5963,8.5733
6013,37.3747
5964,8.8103
6014,38.6901
5965,8.7611
6015,39.4412
5966,8.7459
6016,38.9448
5967,8.7332
6017,37.9679
5968,8.4556
6018,38.6340
5969,8.8509
6019,39.4892
5970,8.9067
6020,38.3386
5971,8.5519
6021,37.7703
5972,8.5154
6022,37.9715
5973,9.7649
6023,38.5772
5974,8.9196
6024,38.6190
5975,8.9453
6025,37.7976
5976,8.9110
6026,38.1367
5977,8.5840
6027,39.5383
5978,8.8604
6028,37.8331
5979,8.9411
6029,36.8374
5980,8.8320
6030,39.3544
5981,8.8383
6031,36.7940
5982,8.8365
6032,38.1137
5983,8.8895
6033,38.0742
5984,8.5644
6034,38.9417
5985,8.9669
6035,37.7633
5986,8.6157
6036,38.3858
5987,8.5427
6037,39.3247
5988,8.9261
6038,37.8788
5989,8.9891
6039,37.5544
5990,8.8547
6040,38.9684
5991,8.6539
6041,38.6650
5992,8.4820
6042,38.6050
5993,8.8647
6043,39.0113
5994,8.8061
6044,38.3765
5995,8.8497
6045,38.2094
5996,8.8982
6046,38.0783
5997,8.6640
6047,38.6391
5998,9.0599
6048,38.0965
5999,8.6663
6049,38.8779
6000,8.7043
6050,37.2445
6001,8.5444
6051,38.7035
6002,8.5360
6052,37.0300
6003,8.5407
6053,37.0737
6004,9.8843
6054,37.5509
6005,8.7104
6055,37.5898
6006,9.3628
6056,39.4072
6007,9.0413
6057,37.9473
6008,8.7742
6058,37.1414
6009,8.9147
6059,39.0441
6010,8.9601
6060,39.0598
6011,8.9357
6061,38.5465
6012,8.9369
6062,38.4111
6013,9.0188
6063,38.2711
6014,9.0301
6064,37.6108
6015,9.0301
6065,37.6629
6016,8.9561
6066,37.2308
6017,9.0227
6067,38.4573
6018,8.9679
6068,37.9808
6019,8.7824
6069,37.8184
6020,8.8630
6070,37.8322
6021,8.5334
6071,39.3033
6022,9.5206
6072,37.9869
6023,9.0847
6073,37.9805
6024,8.8714
6074,38.0309
6025,8.8477
6075,38.9218
6026,8.8716
6076,37.5646
6027,9.0022
6077,38.1646
6028,9.2775
6078,37.1181
6029,9.1724
6079,38.7589
6030,8.8469
6080,36.7796
6031,8.9722
6081,36.1531
6032,8.8568
6082,38.0805
6033,8.9378
6083,38.7769
6034,8.6506
6084,38.4444
6035,8.7335
6085,38.6768
6036,9.0832
6086,38.9903
6037,9.0285
6087,38.2726
6038,9.2290
6088,38.1959
6039,8.8372
6089,39.5518
6040,9.0585
6090,38.9699
6041,8.7407
6091,37.5521
6042,8.6444
6092,38.3073
6043,9.6177
6093,39.8234
6044,8.7756
6094,37.5866
6045,8.5823
6095,38.0911
6046,8.7947
6096,37.4995
6047,9.6028
6097,37.7598
6048,9.1745
6098,37.7968
6049,9.1789
6099,38.5449
6050,9.2605
6100,37.1929
6051,9.1427
6101,37.7021
6052,9.7781
6102,39.4650
6053,9.1740
6103,38.0528
6054,9.0101
6104,37.3451
6055,9.0109
6105,37.9759
6056,8.9871
6106,38.5618
6057,9.0277
6107,38.3999
6058,9.0324
6108,37.5637
6059,8.7667
6109,38.3973
6060,8.8172
6110,35.7647
6061,8.7175
6111,38.6856
6062,8.6748
6112,37.2498
6063,8.7339
6113,39.2781
6064,8.6614
6114,38.0890
6065,8.8397
6115,37.0846
6066,8.8398
6116,38.8304
6067,9.0096
6117,38.3002
6068,8.7763
6118,38.2821
6069,8.5506
6119,38.0045
6070,8.5956
6120,37.9337
6071,8.6172
6121,37.6957
6072,8.7317
6122,37.2882
6073,8.5654
6123,38.1161
6074,8.8625
6124,37.7489
6075,8.6712
6125,37.7871
6076,8.6668
6126,38.7546
6077,8.6070
6127,40.3431
6078,8.7254
6128,38.0792
6079,8.8535
6129,38.5535
6080,8.5003
6130,39.0424
6081,8.7258
6131,38.4768
6082,8.7908
6132,37.5891
6083,9.0928
6133,37.3911
6084,8.7936
6134,36.7985
6085,8.8950
6135,37.7296
6086,8.8159
6136,37.5854
6087,8.0102
6137,41.7621
6088,8.7238
6138,37.6578
6089,8.7000
6139,37.5673
6090,8.7240
6140,38.6212
6091,8.7967
6141,38.7688
6092,8.8033
6142,38.2700
6093,8.6305
6143,38.0095
6094,8.6240
6144,39.1729
6095,9.2101
6145,38.0944
6096,9.0005
6146,37.4317
6097,8.7836
6147,38.6526
6098,8.7783
6148,38.7133
6099,8.7782
6149,36.7021
6100,8.7025
6150,37.1377
6101,8.4499
6151,38.4931
6102,8.8779
6152,38.6665
6103,8.6257
6153,37.9641
6104,8.7088
6154,37.2470
6105,8.4824
6155,38.5866
6106,8.5228
6156,39.1364
6107,8.4803
6157,39.4675
6108,8.7809
6158,37.9799
6109,8.7872
6159,38.6703
6110,8.5399
6160,38.4969
6111,8.7156
6161,37.8973
6112,8.9707
6162,37.7760
6113,9.2016
6163,39.3330
6114,8.6256
6164,38.9910
6115,8.5290
6165,38.0948
6116,8.8478
6166,36.5200
6117,9.6577
6167,38.8836
6118,8.9525
6168,37.7579
6119,8.7223
6169,38.4186
6120,9.0601
6170,37.6699
6121,8.7350
6171,38.6811
6122,8.9006
6172,37.2627
6123,8.6080
6173,38.6174
6124,9.0355
6174,39.6076
6125,8.7609
6175,38.1208
6126,8.7357
6176,37.4341
6127,8.7311
6177,38.1604
6128,8.4836
6178,39.6413
6129,8.6376
6179,38.0483
6130,8.6952
6180,38.2559
6131,8.9193
6181,38.0538
6132,8.9229
6182,37.4260
6133,8.5000
6183,39.7672
6134,8.6721
6184,38.1826
6135,8.7958
6185,38.4364
6136,8.8140
6186,38.5833
6137,8.6260
6187,37.3073
6138,10.2297
6188,38.0384
6139,11.5080
6189,37.4744
6140,9.9539
6190,37.3337
6141,9.7003
6191,37.4957
6142,9.8143
6192,37.8851
6143,9.8748
6193,37.5497
6144,9.8592
6194,37.6171
6145,10.2314
6195,37.9625
6146,9.9124
6196,42.2693
6147,9.8370
6197,38.2050
6148,10.4931
6198,38.3802
6149,9.9343
6199,38.8915
6150,10.1098
6200,37.5157
6151,10.2014
6201,36.9351
6152,10.5987
6202,37.6512
6153,10.4868
6203,37.7743
6154,9.7489
6204,37.5826
6155,9.8177
6205,38.0788
6156,10.0042
6206,38.9425
6157,9.0350
6207,40.2934
6158,9.6695
6208,38.3499
6159,9.8386
6209,38.1486
6160,9.5709
6210,37.8772
6161,9.9885
6211,38.3169
6162,10.0242
6212,38.2449
6163,9.6362
6213,38.5334
6164,10.0220
6214,37.6542
6165,10.0063
6215,38.4387
6166,10.4376
6216,37.7035
6167,9.9930
6217,37.0393
6168,9.8922
6218,36.4896
6169,9.9967
6219,38.9369
6170,9.7628
6220,38.0708
6171,10.0830
6221,38.6868
6172,9.9822
6222,38.0500
6173,9.6756
6223,38.1875
6174,9.7295
6224,38.4485
6175,10.0191
6225,37.5007
6176,9.5751
6226,39.8110
6177,9.9832
6227,38.6539
6178,9.9272
6228,38.2876
6179,10.0246
6229,37.7135
6180,9.9721
6230,38.6235
6181,9.9634
6231,37.2096
6182,10.3647
6232,39.1327
6183,10.3266
6233,37.3462
6184,9.9139
6234,37.4471
6185,9.6914
6235,37.6573
6186,9.5966
6236,38.5704
6187,9.9325
6237,37.2295
6188,9.7379
6238,37.6105
6189,9.8656
6239,38.7263
6190,9.8109
6240,37.2751
6191,9.6759
6241,37.5355
6192,10.0337
6242,38.7233
6193,9.9088
6243,37.8090
6194,9.7440
6244,38.8838
6195,9.8271
6245,38.2616
6196,9.8115
6246,37.8829
6197,9.9591
6247,37.6444
6198,9.8445
6248,39.2038
6199,9.8810
6249,37.3141
6200,9.9890
6250,38.7695
6201,9.4648
6251,37.6641
6202,9.9152
6252,38.4668
6203,10.1140
6253,39.3946
6204,10.1151
6254,38.5452
6205,9.9133
6255,38.6792
6206,10.1154
6256,38.3190
6207,10.0742
6257,37.7932
6208,10.1212
6258,38.8026
6209,9.9566
6259,39.2675
6210,10.0483
6260,38.9319
6211,9.6650
6261,38.3317
6212,9.7096
6262,37.8646
6213,10.1493
6263,39.0988
6214,9.5848
6264,37.9556
6215,10.2393
6265,38.5671
6216,10.0247
6266,38.2804
6217,9.9424
6267,38.4811
6218,10.1115
6268,38.2936
6219,9.8033
6269,38.1726
6220,10.0268
6270,37.2053
6221,10.0012
6271,37.2089
6222,10.0477
6272,37.7099
6223,9.7005
6273,37.6006
6224,9.8801
6274,38.6421
6225,9.5916
6275,37.9623
6226,9.5919
6276,37.6635
6227,10.2221
6277,38.6310
6228,10.1738
6278,37.5987
6229,10.0980
6279,38.1287
6230,9.7879
6280,38.1576
6231,9.6962
6281,39.0594
6232,9.7240
6282,38.7733
6233,9.9633
6283,36.6167
6234,9.8362
6284,38.7172
6235,9.8112
6285,38.7125
6236,9.6801
6286,38.1997
6237,10.0012
6287,38.5136
6238,9.9027
6288,37.8776
6239,9.8916
6289,38.0864
6240,9.9523
6290,38.9587
6241,10.1568
6291,37.6614
6242,9.8200
6292,39.3449
6243,10.1733
6293,38.7744
6244,9.8692
6294,39.0718
6245,10.0819
6295,38.2136
6246,9.8879
6296,38.2991
6247,10.0744
6297,39.4989
6248,9.5302
6298,38.5974
6249,9.8237
6299,38.6687
6250,9.5105
6300,37.9089
6251,10.2513
6301,40.1017
6252,9.8042
6302,38.2026
6253,10.4091
6303,38.1539
6254,10.0705
6304,38.1635
6255,9.9784
6305,37.2795
6256,9.7192
6306,37.1517
6257,10.5226
6307,38.4739
6258,10.0987
6308,38.1708
6259,10.2963
6309,37.5879
6260,10.0668
6310,38.9552
6261,9.7713
6311,38.3601
6262,9.7882
6312,38.5512
6263,10.0414
6313,37.4513
6264,9.9153
6314,37.3835
6265,10.1245
6315,38.8386
6266,9.6618
6316,37.9570
6267,9.6021
6317,38.1163
6268,9.9036
6318,37.8318
6269,9.9369
6319,38.0833
6270,9.8138
6320,38.7896
6271,9.7977
6321,38.4325
6272,9.8848
6322,38.1494
6273,9.7227
6323,38.5954
6274,9.6316
6324,38.7618
6275,9.9323
6325,38.2851
6276,9.6039
6326,37.5791
6277,9.7935
6327,38.3991
6278,10.1119
6328,37.4492
6279,10.4445
6329,38.5348
6280,9.8409
6330,37.2454
6281,10.1265
6331,37.4619
6282,10.4257
6332,38.1027
6283,9.9420
6333,38.7956
6284,9.6364
6334,38.6380
6285,9.9505
6335,37.4051
6286,9.7509
6336,39.2395
6287,10.0317
6337,38.7481
6288,9.7788
6338,37.6842
6289,10.2166
6339,40.5478
6290,9.0161
6340,38.8989
6291,8.8165
6341,38.9852
6292,8.8502
6342,39.3802
6293,8.8953
6343,40.0514
6294,8.9831
6344,37.6286
6295,9.0913
6345,38.4345
6296,9.2799
6346,38.7713
6297,8.7100
6347,37.4655
6298,8.7336
6348,38.5915
6299,8.7939
6349,38.9552
6300,8.4803
6350,39.6955
6301,8.6485
6351,37.8872
6302,7.6536
6352,46.1005
6303,8.6336
6353,38.3851
6304,8.8329
6354,37.1793
6305,8.7784
6355,38.0546
6306,9.1034
6356,38.3289
6307,8.9774
6357,38.1876
6308,8.6818
6358,38.9949
6309,8.7393
6359,38.6403
6310,8.8792
6360,38.9054
6311,8.6876
6361,39.1164
6312,9.1684
6362,38.1618
6313,8.7495
6363,39.6330
6314,9.1482
6364,39.6339
6315,8.9409
6365,38.7960
6316,9.0781
6366,38.7082
6317,9.0474
6367,39.3230
6318,9.2007
6368,38.7648
6319,8.7944
6369,39.0019
6320,9.1448
6370,38.1210
6321,9.1015
6371,38.5332
6322,9.0241
6372,37.9151
6323,9.0713
6373,38.8175
6324,9.2555
6374,37.7632
6325,9.0657
6375,37.1518
6326,8.7425
6376,38.7797
6327,8.5055
6377,37.5789
6328,9.0923
6378,38.5122
6329,8.7281
6379,39.0177
6330,8.6346
6380,38.5135
6331,8.6414
6381,39.2113
6332,8.6413
6382,38.7057
6333,8.5650
6383,37.9548
6334,8.7327
6384,39.2273
6335,8.5349
6385,39.9866
6336,8.8264
6386,37.3664
6337,8.5267
6387,39.1794
6338,8.6082
6388,38.4281
6339,8.7382
6389,38.5301
6340,8.6805
6390,38.8867
6341,8.5943
6391,37.4779
6342,8.9024
6392,38.4818
6343,8.6284
6393,38.2408
6344,8.4664
6394,37.9755
6345,8.6071
6395,39.3705
6346,8.7375
6396,37.3579
6347,8.6076
6397,39.7539
6348,8.6491
6398,38.7636
6349,8.9051
6399,38.0114
6350,8.6229
6400,39.9603
6351,8.9225
6401,37.6952
6352,8.7092
6402,38.0045
6353,8.6272
6403,39.4089
6354,8.8043
6404,38.8887
6355,8.8565
6405,38.8385
6356,8.7561
6406,38.4559
6357,8.7659
6407,38.3162
6358,8.6852
6408,38.2428
6359,8.5987
6409,36.3498
6360,8.7561
6410,38.3922
6361,8.8107
6411,38.4201
6362,8.9252
6412,37.8202
6363,8.7925
6413,37.5340
6364,8.7212
6414,38.3729
6365,8.5202
6415,38.4744
6366,8.8024
6416,38.4826
6367,8.8220
6417,38.3747
6368,9.0130
6418,38.1452
6369,8.8136
6419,38.0422
6370,9.0669
6420,36.9284
6371,8.8469
6421,38.6737
6372,8.5691
6422,37.9683
6373,8.5604
6423,38.3177
6374,8.6586
6424,39.0613
6375,8.7347
6425,38.1345
6376,8.7986
6426,38.1288
6377,8.7799
6427,38.4439
6378,8.8551
6428,37.3034
6379,8.5694
6429,39.8246
6380,8.8483
6430,38.8236
6381,8.4714
6431,39.5737
6382,8.6813
6432,36.9877
6383,8.5563
6433,38.0634
6384,8.4919
6434,39.2603
6385,8.4859
6435,37.1760
6386,8.7085
6436,37.8711
6387,8.7567
6437,38.1961
6388,8.8045
6438,39.1402
6389,8.6278
6439,37.6720
6390,8.7929
6440,36.9952
6391,8.8896
6441,39.1460
6392,8.8368
6442,37.1213
6393,8.5704
6443,37.7694
6394,8.8819
6444,37.6013
6395,8.8792
6445,37.1927
6396,8.7871
6446,37.5179
6397,8.7964
6447,38.5886
6398,8.8027
6448,36.8531
6399,8.4861
6449,39.0563
6400,8.8873
6450,37.9610
6401,8.7204
6451,36.9022
6402,8.4911
6452,38.6705
6403,8.6457
6453,37.2612
6404,8.6703
6454,37.7494
6405,8.5475
6455,38.4219
6406,8.8649
6456,38.1616
6407,8.8734
6457,37.7916
6408,8.6149
6458,39.4972
6409,8.7236
6459,38.4304
6410,8.9088
6460,38.2642
6411,8.7363
6461,39.7614
6412,8.6308
6462,37.1775
6413,8.6554
6463,38.5053
6414,8.9341
6464,37.7993
6415,8.8393
6465,37.3505
6416,8.6297
6466,38.6319
6417,8.7868
6467,37.5072
6418,8.7398
6468,37.9833
6419,8.7512
6469,38.7029
6420,8.5855
6470,38.6038
6421,8.6841
6471,38.7837
6422,8.6293
6472,38.5002
6423,8.7650
6473,39.1099
6424,8.5016
6474,38.9050
6425,8.7933
6475,36.8041
6426,8.5425
6476,37.7650
6427,8.6327
6477,38.5766
6428,8.7091
6478,37.7496
6429,8.7196
6479,37.6538
6430,8.6547
6480,39.1029
6431,8.8279
6481,37.3060
6432,8.6551
6482,37.3397
6433,8.7810
6483,37.8063
6434,8.7720
6484,39.2699
6435,8.6912
6485,37.2195
6436,8.6533
6486,37.9667
6437,8.4506
6487,38.8057
6438,8.4781
6488,38.2450
6439,8.7580
6489,38.5754
6440,9.5189
6490,39.7535
6441,8.8838
6491,37.2676
6442,8.7530
6492,38.0526
6443,8.9630
6493,37.6842
6444,8.8206
6494,37.9503
6445,8.7992
6495,40.1952
6446,8.9484
6496,38.6794
6447,9.1380
6497,37.3033
6448,8.8172
6498,38.1652
6449,8.7145
6499,38.2372
6450,8.7290
6500,38.6767
6451,8.6244
6501,39.0775
6452,8.9172
6502,38.3813
6453,8.5440
6503,37.8708
6454,8.6786
6504,39.0098
6455,8.7865
6505,38.6650
6456,8.7378
6506,39.7949
6457,8.6905
6507,37.9018
6458,8.7778
6508,37.8402
6459,8.5814
6509,38.5727
6460,8.6528
6510,38.4791
6461,8.7093
6511,37.4915
6462,8.6356
6512,37.5450
6463,8.7432
6513,39.1284
6464,8.8341
6514,38.1195
6465,8.7113
6515,38.8266
6466,8.9411
6516,39.2489
6467,8.3933
6517,38.5105
6468,8.9672
6518,38.1021
6469,8.6952
6519,37.9242
6470,8.7726
6520,37.6166
6471,9.6026
6521,38.7195
6472,9.0685
6522,39.2983
6473,8.8352
6523,38.0594
6474,8.6675
6524,39.4852
6475,8.6119
6525,38.7620
6476,8.9416
6526,38.0329
6477,9.4181
6527,38.6373
6478,8.8230
6528,36.6805
6479,8.6741
6529,38.5430
6480,8.5528
6530,39.5094
6481,8.3248
6531,38.4779
6482,8.4772
6532,39.4928
6483,8.7826
6533,37.7858
6484,8.4198
6534,38.8391
6485,8.5370
6535,37.3287
6486,8.7937
6536,37.9670
6487,8.5841
6537,39.2315
6488,8.5681
6538,37.7216
6489,8.5182
6539,38.6930
6490,8.4127
6540,38.3933
6491,8.5744
6541,38.8985
6492,8.8104
6542,38.1224
6493,8.4935
6543,38.2790
6494,8.6777
6544,38.3801
6495,8.9508
6545,37.8941
6496,8.6048
6546,37.4236
6497,8.6831
6547,37.8901
6498,8.6462
6548,38.2518
6499,8.3576
6549,37.7180
6500,8.6896
6550,37.3153
6501,8.7074
6551,38.0102
6502,8.5696
6552,39.6653
6503,8.7585
6553,38.4544
6504,8.7682
6554,39.1949
6505,8.7268
6555,38.3973
6506,8.6699
6556,37.8124
6507,8.8609
6557,36.2494
6508,9.0235
6558,38.7997
6509,8.7571
6559,38.3767
6510,8.7539
6560,37.4299
6511,8.1395
6561,40.5282
6512,8.8685
6562,38.4608
6513,8.9146
6563,38.6408
6514,8.5970
6564,37.8597
6515,8.5402
6565,39.2741
6516,9.0153
6566,38.0198
6517,8.5138
6567,39.5745
6518,8.5735
6568,39.3391
6519,9.7138
6569,40.7419
6520,9.7049
6570,40.0601
6521,8.9513
6571,37.9610
6522,8.4484
6572,39.4269
6523,8.7487
6573,37.3664
6524,8.5543
6574,37.2368
6525,8.5630
6575,39.6895
6526,8.6951
6576,37.9712
6527,11.1563
6577,41.0705
6528,8.7896
6578,37.7201
6529,8.4477
6579,37.4739
6530,8.5235
6580,36.6217
6531,8.7803
6581,37.7977
6532,8.4944
6582,36.4706
6533,8.7688
6583,37.6647
6534,8.9151
6584,38.7492
6535,8.7529
6585,38.8644
6536,8.5090
6586,38.8796
6537,8.7417
6587,37.9188
6538,8.7293
6588,37.5557
6539,8.7794
6589,38.9609
6540,8.6509
6590,38.2484
6541,8.5970
6591,37.2934
6542,8.7950
6592,40.1634
6543,8.5772
6593,37.6925
6544,8.8313
6594,37.8470
6545,8.6764
6595,38.3273
6546,8.9546
6596,38.2821
6547,8.8345
6597,37.0524
6548,8.7723
6598,38.8641
6549,8.8382
6599,37.6085
6550,9.4914
6600,39.0635
6551,8.5860
6601,40.2990
6552,9.0248
6602,36.9668
6553,9.8946
6603,37.8077
6554,9.2093
6604,37.8638
6555,8.8905
6605,38.4648
6556,8.8284
6606,37.8578
6557,8.7454
6607,38.5549
6558,8.6433
6608,39.3454
6559,8.7258
6609,37.1871
6560,8.7801
6610,39.7545
6561,8.8696
6611,39.4899
6562,8.5357
6612,37.4690
6563,8.6125
6613,37.2080
6564,8.6962
6614,38.3913
6565,8.8194
6615,39.0118
6566,8.4940
6616,38.6283
6567,9.7363
6617,40.7595
6568,8.6193
6618,36.8215
6569,8.8596
6619,37.9487
6570,8.6970
6620,38.7578
6571,8.7429
6621,37.1227
6572,8.5817
6622,38.6574
6573,8.7303
6623,38.2530
6574,8.6318
6624,38.1914
6575,8.5543
6625,38.2858
6576,8.5657
6626,38.4336
6577,8.7073
6627,39.1986
6578,8.7895
6628,37.5901
6579,8.7576
6629,37.1131
6580,8.6883
6630,38.4842
6581,8.5569
6631,38.5914
6582,8.4805
6632,39.0731
6583,8.4339
6633,38.8807
6584,8.7072
6634,37.5893
6585,8.8695
6635,38.0322
6586,8.4588
6636,38.3646
6587,8.8423
6637,38.1458
6588,8.4131
6638,39.4627
6589,8.6415
6639,39.2994
6590,8.6201
6640,37.2156
6591,8.6272
6641,38.7299
6592,8.6910
6642,38.0053
6593,8.4155
6643,40.0202
6594,8.5969
6644,37.1588
6595,8.5605
6645,37.4789
6596,8.7926
6646,38.5898
6597,8.8033
6647,38.9674
6598,8.8071
6648,38.5070
6599,8.6795
6649,37.4443
6600,8.8062
6650,38.6635
6601,8.7138
6651,36.8734
6602,8.7548
6652,38.0202
6603,8.5875
6653,39.0855
6604,8.4455
6654,38.4259
6605,8.6218
6655,37.7331
6606,8.7899
6656,38.0462
6607,8.6237
6657,38.4569
6608,8.6357
6658,38.6361
6609,8.6074
6659,39.3957
6610,8.7769
6660,37.1740
6611,8.8062
6661,38.4036
6612,8.6904
6662,37.8355
6613,8.6689
6663,38.4699
6614,8.7087
6664,39.0770
6615,8.6820
6665,37.8635
6616,8.7211
6666,37.9751
6617,8.6873
6667,39.1369
6618,8.7319
6668,38.1582
6619,8.8577
6669,38.6501
6620,8.6528
6670,37.5147
6621,8.6608
6671,38.8092
6622,8.5745
6672,37.2532
6623,8.7354
6673,36.9218
6624,8.4087
6674,38.4347
6625,8.5244
6675,37.6843
6626,8.4492
6676,39.3603
6627,8.6207
6677,39.1321
6628,8.8003
6678,38.1265
6629,8.6913
6679,39.0186
6630,8.7973
6680,38.0928
6631,8.7870
6681,38.6336
6632,8.3679
6682,38.0822
6633,8.2917
6683,37.8085
6634,8.7507
6684,37.8928
6635,8.6847
6685,38.8294
6636,8.6152
6686,37.6921
6637,8.7126
6687,38.0908
6638,8.3095
6688,37.9121
6639,8.8379
6689,40.2373
6640,8.5224
6690,38.5034
6641,8.4610
6691,39.4418
6642,8.3056
6692,39.0191
6643,8.6659
6693,38.0610
6644,8.4632
6694,36.3344
6645,8.5533
6695,39.0210
6646,8.3106
6696,38.6129
6647,8.4586
6697,37.7308
6648,8.7052
6698,37.7762
6649,8.3579
6699,38.5580
6650,8.3006
6700,38.2445
6651,8.5252
6701,38.3954
6652,8.7163
6702,38.8604
6653,8.5894
6703,38.5776
6654,8.6960
6704,38.9672
6655,8.7168
6705,38.8929
6656,8.3997
6706,38.2124
6657,8.6396
6707,37.9914
6658,8.5295
6708,38.7874
6659,8.5247
6709,39.6166
6660,8.9139
6710,37.6108
6661,8.6419
6711,37.9738
6662,8.9779
6712,37.9880
6663,8.4393
6713,37.9008
6664,8.9315
6714,38.6887
6665,8.6981
6715,38.1788
6666,8.7398
6716,37.5749
6667,8.8282
6717,37.4438
6668,8.8128
6718,37.7360
6669,8.8088
6719,37.0149
6670,8.6141
6720,37.9001
6671,8.7286
6721,39.0245
6672,8.6269
6722,39.2986
6673,8.6040
6723,39.1292
6674,9.4353
6724,38.4922
6675,8.6330
6725,38.3294
6676,8.6283
6726,38.7048
6677,8.4757
6727,39.7840
6678,8.6292
6728,38.3241
6679,8.7461
6729,38.5116
6680,8.5085
6730,38.1665
6681,8.8849
6731,37.5596
6682,8.6153
6732,39.1328
6683,8.8642
6733,37.3515
6684,8.5838
6734,38.6863
6685,8.3189
6735,39.7191
6686,8.3858
6736,37.4935
6687,8.5900
6737,39.0579
6688,8.6261
6738,37.8860
6689,8.8240
6739,37.8165
6690,8.8726
6740,38.9949
6691,8.8036
6741,37.9159
6692,8.6803
6742,39.3589
6693,8.7251
6743,38.1380
6694,8.5859
6744,39.3517
6695,8.6585
6745,40.0836
6696,8.6840
6746,38.2261
6697,8.6236
6747,38.2197
6698,8.4772
6748,39.2501
6699,8.7286
6749,36.8567
6700,8.8487
6750,38.0790
6701,8.4066
6751,38.3398
6702,8.5998
6752,39.0680
6703,8.6459
6753,37.7698
6704,8.6464
6754,39.1710
6705,8.9440
6755,37.7217
6706,9.0033
6756,38.4252
6707,8.9179
6757,38.9899
6708,8.8350
6758,38.7996
6709,8.7037
6759,38.5967
6710,8.6889
6760,37.6833
6711,8.6326
6761,38.6600
6712,8.4886
6762,37.7202
6713,8.5279
6763,37.9675
6714,8.6126
6764,39.1717
6715,8.4339
6765,38.0823
6716,8.4451
6766,38.0491
6717,8.9137
6767,39.4087
6718,8.4988
6768,38.3712
6719,8.5692
6769,39.4892
6720,8.6501
6770,37.3124
6721,8.4899
6771,37.7581
6722,8.6171
6772,37.8440
6723,8.7028
6773,38.5095
6724,8.9211
6774,38.3290
6725,9.8210
6775,41.2648
6726,8.6662
6776,38.0026
6727,8.6999
6777,36.4809
6728,8.4842
6778,38.6184
6729,8.4398
6779,38.8194
6730,8.4474
6780,37.8699
6731,8.4413
6781,37.3436
6732,8.5353
6782,37.0012
6733,8.3800
6783,38.2853
6734,8.6501
6784,38.5160
6735,8.3954
6785,38.7136
6736,8.3960
6786,37.1051
6737,8.3188
6787,38.9538
6738,8.4519
6788,36.8527
6739,8.3632
6789,37.6602
6740,8.5888
6790,38.0895
6741,7.9492
6791,41.4687
6742,8.5671
6792,37.5667
6743,8.5879
6793,37.1207
6744,8.5615
6794,37.9650
6745,8.4855
6795,38.3262
6746,8.5550
6796,38.2085
6747,8.6141
6797,37.9069
6748,8.6774
6798,38.4209
6749,8.8615
6799,37.9363
6750,8.4600
6800,38.3408
6751,8.5210
6801,40.2243
6752,8.4872
6802,38.0402
6753,8.3089
6803,37.7915
6754,8.4799
6804,39.1641
6755,8.3768
6805,38.5831
6756,8.6985
6806,38.3400
6757,8.3297
6807,38.2543
6758,8.4745
6808,37.8270
6759,8.5127
6809,37.4777
6760,8.3720
6810,36.9228
6761,8.1758
6811,38.1301
6762,8.3374
6812,36.9451
6763,8.4269
6813,38.8420
6764,8.4228
6814,39.5957
6765,8.3916
6815,37.4340
6766,8.4666
6816,39.1988
6767,8.3897
6817,38.2619
6768,8.2759
6818,37.8141
6769,8.1874
6819,38.0386
6770,8.5064
6820,38.4707
6771,8.5021
6821,38.5962
6772,8.4734
6822,37.6578
6773,8.2958
6823,38.5437
6774,8.5038
6824,38.1024
6775,8.5446
6825,38.1249
6776,8.3973
6826,39.0914
6777,8.4928
6827,37.5479
6778,8.2682
6828,38.9300
6779,9.5065
6829,37.8754
6780,8.9432
6830,37.6049
6781,8.5753
6831,37.8106
6782,8.7468
6832,38.8322
6783,8.4784
6833,38.2638
6784,8.6594
6834,37.9580
6785,8.9598
6835,38.8022
6786,8.6890
6836,38.4101
6787,8.4031
6837,38.4911
6788,8.9205
6838,37.6412
6789,9.1742
6839,38.7689
6790,8.3997
6840,39.9265
6791,8.6188
6841,38.0476
6792,8.8498
6842,38.7760
6793,8.5090
6843,38.8429
6794,8.5396
6844,37.7322
6795,8.7788
6845,37.4500
6796,8.4461
6846,38.8387
6797,8.6347
6847,37.5473
6798,8.3998
6848,38.6008
6799,8.9359
6849,38.5762
6800,8.5251
6850,39.1607
6801,8.7886
6851,36.8706
6802,8.7929
6852,38.7195
6803,8.7083
6853,38.1434
6804,8.5478
6854,37.4013
6805,8.5460
6855,37.8493
6806,8.3799
6856,36.7045
6807,8.2937
6857,37.9921
6808,8.3960
6858,37.8179
6809,8.4497
6859,39.5655
6810,8.5582
6860,39.3080
6811,8.3826
6861,37.4885
6812,8.3980
6862,36.9303
6813,8.3069
6863,38.6204
6814,8.3032
6864,38.0313
6815,8.4061
6865,39.4459
6816,8.4713
6866,38.1649
6817,8.2605
6867,37.5819
6818,8.3476
6868,37.5113
6819,8.2213
6869,38.4035
6820,8.3158
6870,37.6247
6821,8.3268
6871,38.2737
6822,8.3724
6872,37.5643
6823,8.3600
6873,37.3531
6824,8.3474
6874,38.3405
6825,8.3781
6875,37.1011
6826,8.1927
6876,38.1417
6827,8.2451
6877,38.5749
6828,7.9352
6878,39.9693
6829,8.2442
6879,37.6684
6830,8.3173
6880,38.4675
6831,8.2392
6881,38.5494
6832,8.3370
6882,38.3652
6833,8.3851
6883,37.4421
6834,8.2993
6884,37.6878
6835,8.4373
6885,37.9083
6836,8.4527
6886,36.6087
6837,8.3868
6887,37.3689
6838,9.0787
6888,37.3080
6839,8.3438
6889,38.6765
6840,8.8570
6890,39.9708
6841,8.6131
6891,39.1776
6842,8.8649
6892,37.3577
6843,8.5919
6893,38.3083
6844,8.4469
6894,40.5810
6845,8.6722
6895,37.4925
6846,8.5391
6896,38.0812
6847,8.6655
6897,37.9201
6848,8.5137
6898,39.8139
6849,8.9829
6899,38.1124
6850,8.6789
6900,37.3895
6851,8.8717
6901,38.1480
6852,8.4912
6902,37.1268
6853,8.4757
6903,37.2086
6854,8.4484
6904,39.3347
6855,8.6412
6905,38.1987
6856,8.6238
6906,38.6363
6857,8.6732
6907,37.8925
6858,8.4203
6908,37.7823
6859,8.5488
6909,38.1923
6860,8.4729
6910,38.1228
6861,8.9103
6911,38.9630
6862,8.7248
6912,38.8363
6863,8.4377
6913,38.1828
6864,8.6428
6914,36.6454
6865,8.6544
6915,37.7256
6866,8.6832
6916,38.9493
6867,8.7321
6917,38.6019
6868,8.8075
6918,39.8493
6869,8.4838
6919,37.4501
6870,8.6097
6920,37.4315
6871,8.9241
6921,37.2830
6872,8.5356
6922,38.5723
6873,8.4284
6923,36.6112
6874,8.2629
6924,38.1908
6875,8.3815
6925,37.5674
6876,8.2739
6926,37.6994
6877,8.4555
6927,37.5146
6878,8.2731
6928,38.2375
6879,8.3568
6929,38.3977
6880,8.3663
6930,38.5895
6881,8.3851
6931,38.1274
6882,8.2985
6932,39.4020
6883,8.6332
6933,37.0831
6884,8.5610
6934,37.6126
6885,8.2558
6935,37.1356
6886,8.4578
6936,39.5727
6887,8.3962
6937,39.1932
6888,8.2743
6938,38.3032
6889,8.4699
6939,39.1048
6890,9.3325
6940,37.9287
6891,8.5955
6941,38.3934
6892,8.6375
6942,37.0774
6893,9.3927
6943,37.9256
6894,8.9636
6944,37.8415
6895,8.7129
6945,37.4872
6896,8.5015
6946,38.8364
6897,8.3929
6947,37.7108
6898,8.4293
6948,39.1157
6899,8.5959
6949,37.9478
6900,8.5976
6950,37.4123
6901,8.4891
6951,39.0501
6902,8.9127
6952,36.6190
6903,8.6420
6953,38.1556
6904,8.7054
6954,37.9887
6905,8.6849
6955,37.6584
6906,8.5249
6956,38.4711
6907,8.6252
6957,38.8550
6908,8.5159
6958,38.9743
6909,8.9298
6959,38.1312
6910,8.9002
6960,37.1356
6911,8.9093
6961,38.2794
6912,8.7020
6962,38.7530
6913,8.6475
6963,37.2521
6914,8.6811
6964,39.0136
6915,8.4959
6965,38.7220
6916,8.8057
6966,37.9605
6917,8.8408
6967,37.9689
6918,8.6991
6968,37.4978
6919,8.6541
6969,38.0770
6920,8.5502
6970,38.2584
6921,8.6251
6971,38.6000
6922,9.2931
6972,38.4430
6923,8.3466
6973,39.5007
6924,7.9143
6974,37.8014
6925,9.5875
6975,37.4422
6926,8.0324
6976,37.8742
6927,8.1640
6977,39.9523
6928,7.9143
6978,37.6530
6929,8.0425
6979,38.3308
6930,8.1076
6980,39.2665
6931,8.2949
6981,37.4527
6932,7.9879
6982,38.4540
6933,8.2072
6983,39.2921
6934,7.7267
6984,38.1394
6935,8.0272
6985,38.1696
6936,8.2136
6986,39.4843
6937,8.3515
6987,37.2405
6938,8.0339
6988,37.0403
6939,8.1289
6989,38.6016
6940,8.1684
6990,38.1734
6941,8.1693
6991,37.3651
6942,8.0323
6992,38.1543
6943,7.7377
6993,36.5451
6944,8.3984
6994,37.8350
6945,8.1579
6995,37.8961
6946,8.1034
6996,39.9531
6947,8.1465
6997,39.3692
6948,8.0188
6998,37.3339
6949,8.1045
6999,37.6723
6950,8.0149
7000,38.5663
6951,8.1592
7001,38.1218
6952,8.0898
7002,38.9753
6953,8.0626
7003,38.4686
6954,7.7955
7004,38.5724
6955,10.0476
7005,39.3452
6956,7.8653
7006,39.7888
6957,7.8685
7007,38.0700
6958,7.9450
7008,38.8391
6959,7.7008
7009,38.4843
6960,8.4865
7010,37.8000
6961,7.7974
7011,39.1020
6962,7.7872
7012,36.5071
6963,7.8425
7013,38.5073
6964,8.3691
7014,39.5884
6965,8.3584
7015,37.5870
6966,8.2530
7016,39.4427
6967,8.5055
7017,37.8112
6968,8.3778
7018,38.3992
6969,8.0753
7019,38.2517
6970,8.3452
7020,37.7175
6971,7.9604
7021,37.4939
6972,8.1360
7022,40.1271
6973,8.2512
7023,37.4412
6974,8.1822
7024,37.1779
6975,7.9800
7025,39.4341
6976,8.0721
7026,37.2489
6977,7.9895
7027,39.4131
6978,8.0351
7028,37.4913
6979,8.2665
7029,39.1359
6980,8.7015
7030,37.5107
6981,8.2210
7031,40.0987
6982,8.0553
7032,37.5973
6983,8.2688
7033,37.6526
6984,8.2077
7034,37.3677
6985,8.0439
7035,38.8954
6986,7.9992
7036,37.5426
6987,7.9764
7037,37.6567
6988,8.0709
7038,38.0226
6989,8.2012
7039,36.9394
6990,7.7956
7040,37.9368
6991,7.8378
7041,38.6769
6992,8.0449
7042,38.7237
6993,8.2829
7043,38.7231
6994,9.7023
7044,41.0710
6995,7.9818
7045,38.5300
6996,8.4310
7046,38.4164
6997,8.1250
7047,39.8247
6998,8.4124
7048,40.0362
6999,8.2085
7049,37.5574
7000,8.3463
7050,38.0222
7001,8.1840
7051,38.7543
7002,7.9928
7052,38.0328
7003,8.2245
7053,38.8208
7004,7.9512
7054,38.2629
7005,8.3564
7055,40.0331
7006,7.8582
7056,40.8646
7007,8.2685
7057,39.0234
7008,8.1207
7058,37.3421
7009,7.9421
7059,38.8609
7010,8.0141
7060,37.9509
7011,8.2682
7061,38.2203
7012,7.9989
7062,37.2598
7013,8.6419
7063,37.5845
7014,7.8894
7064,37.1720
7015,8.3962
7065,39.0110
7016,8.2801
7066,38.7084
7017,8.2216
7067,39.1910
7018,8.0773
7068,38.3081
7019,8.1102
7069,40.3168
7020,7.9124
7070,37.5901
7021,7.9745
7071,37.5298
7022,8.2671
7072,38.5968
7023,8.1073
7073,40.5141
7024,8.3686
7074,39.1341
7025,8.2606
7075,38.9263
7026,8.0896
7076,38.8709
7027,8.1538
7077,39.0826
7028,8.2498
7078,37.6140
7029,8.2899
7079,38.8572
7030,8.0220
7080,39.9665
7031,8.0921
7081,38.1451
7032,8.1013
7082,38.2459
7033,8.0327
7083,38.3144
7034,7.9096
7084,38.7866
7035,8.0880
7085,38.1501
7036,8.4229
7086,39.4572
7037,8.0125
7087,38.2578
7038,8.0199
7088,39.1980
7039,8.0243
7089,38.3071
7040,7.9602
7090,38.6514
7041,7.9669
7091,38.5890
7042,8.1009
7092,37.8972
7043,7.9826
7093,38.6122
7044,8.0227
7094,38.7472
7045,7.9443
7095,38.1638
7046,7.9020
7096,38.0227
7047,7.9266
7097,36.9361
7048,8.2054
7098,38.7747
7049,8.6122
7099,38.4841
7050,8.2364
7100,38.6208
7051,8.2882
7101,38.3034
7052,8.2387
7102,39.7603
7053,8.2230
7103,38.4315
7054,7.8166
7104,36.9269
7055,8.1785
7105,38.5040
7056,8.3227
7106,38.9384
7057,8.5889
7107,39.0580
7058,8.1287
7108,38.2750
7059,8.1712
7109,39.4528
7060,10.0632
7110,40.6272
7061,8.3297
7111,37.8955
7062,8.4953
7112,37.9624
7063,9.4584
7113,40.3505
7064,8.2481
7114,39.5299
7065,8.3320
7115,37.5474
7066,8.3115
7116,38.2570
7067,8.1676
7117,38.1539
7068,9.7530
7118,40.1941
7069,8.0338
7119,38.9066
7070,8.1394
7120,40.1106
7071,8.0093
7121,39.4294
7072,7.8234
7122,38.8090
7073,8.1493
7123,39.1171
7074,8.0436
7124,37.7594
7075,8.5467
7125,37.9434
7076,8.2546
7126,38.5204
7077,7.7405
7127,39.7432
7078,8.1792
7128,38.3910
7079,7.8641
7129,38.6455
7080,8.2529
7130,38.6368
7081,8.5773
7131,38.6500
7082,8.1677
7132,37.5490
7083,8.0980
7133,38.7855
7084,8.2600
7134,39.5374
7085,8.0727
7135,36.9534
7086,7.7869
7136,37.6674
7087,7.9734
7137,38.6559
7088,7.7708
7138,36.6551
7089,8.1436
7139,40.4260
7090,7.9858
7140,38.1243
7091,8.1426
7141,38.6825
7092,8.0868
7142,39.6785
7093,7.9579
7143,38.6575
7094,7.6331
7144,38.2756
7095,8.0980
7145,39.4965
7096,8.0210
7146,39.7519
7097,7.7784
7147,36.6679
7098,7.8913
7148,39.0036
7099,7.8911
7149,37.9995
7100,8.0710
7150,39.4902
7101,8.4195
7151,37.2216
7102,8.0411
7152,39.5832
7103,8.3964
7153,39.9807
7104,8.0963
7154,38.4790
7105,8.0240
7155,37.8428
7106,8.0758
7156,37.9420
7107,8.1755
7157,39.8902
7108,8.0215
7158,37.2994
7109,8.0190
7159,38.2448
7110,8.0680
7160,37.3775
7111,8.7607
7161,38.1593
7112,9.4996
7162,40.0111
7113,9.1573
7163,37.1903
7114,9.0843
7164,40.0064
7115,9.1736
7165,38.3729
7116,9.0163
7166,37.9157
7117,9.0985
7167,37.6480
7118,9.3834
7168,39.2410
7119,9.1643
7169,37.5459
7120,9.3285
7170,37.7930
7121,9.3304
7171,39.9757
7122,9.3291
7172,38.4752
7123,9.0852
7173,40.7684
7124,9.2329
7174,38.1900
7125,9.7049
7175,38.4791
7126,9.3179
7176,39.1149
7127,9.1695
7177,38.0716
7128,9.4716
7178,39.1546
7129,9.5654
7179,37.9810
7130,9.1891
7180,40.3503
7131,9.1254
7181,38.6314
7132,9.4279
7182,39.1977
7133,9.1971
7183,39.5172
7134,9.4152
7184,37.5853
7135,9.4016
7185,40.5229
7136,9.6572
7186,38.7457
7137,9.7385
7187,39.3313
7138,9.2718
7188,38.8294
7139,9.2045
7189,38.6005
7140,9.0063
7190,39.6212
7141,9.3437
7191,40.6162
7142,9.2246
7192,38.6835
7143,9.2077
7193,39.6296
7144,9.2523
7194,40.5968
7145,9.2516
7195,39.8525
7146,9.3455
7196,39.2406
7147,9.3110
7197,37.8862
7148,9.2021
7198,39.2036
7149,9.2229
7199,38.1405
7150,8.9457
7200,37.5586
7151,9.2952
7201,39.9422
7152,9.8033
7202,38.3418
7153,10.4267
7203,41.4252
7154,9.4734
7204,39.1353
7155,9.4015
7205,38.5993
7156,9.2141
7206,38.3460
7157,9.5260
7207,40.2519
7158,9.5187
7208,38.7309
7159,9.5083
7209,39.0790
7160,10.9338
7210,41.8760
7161,9.6188
7211,38.0258
7162,8.6311
7212,45.3678
7163,9.4108
7213,40.1726
7164,9.5952
7214,39.9114
7165,9.4774
7215,39.1272
7166,9.4430
7216,39.3220
7167,9.3879
7217,39.3186
7168,9.2584
7218,38.2727
7169,9.3077
7219,39.2919
7170,9.1792
7220,39.8627
7171,9.2430
7221,39.5177
7172,9.2979
7222,39.2112
7173,9.4397
7223,38.9920
7174,9.4398
7224,38.7030
7175,9.1823
7225,40.5776
7176,9.2644
7226,37.9893
7177,9.2473
7227,37.7407
7178,9.2839
7228,40.7926
7179,9.3716
7229,39.0155
7180,9.1577
7230,39.0955
7181,9.4381
7231,38.4344
7182,9.5684
7232,38.7074
7183,9.2439
7233,38.8020
7184,9.2859
7234,39.5249
7185,9.5390
7235,38.6043
7186,9.4365
7236,39.9894
7187,8.7971
7237,39.9874
7188,9.5399
7238,39.3068
7189,9.4041
7239,38.8548
7190,9.4263
7240,40.0398
7191,9.5147
7241,37.7459
7192,9.5822
7242,39.1880
7193,9.2584
7243,38.2360
7194,9.5090
7244,38.4115
7195,9.5000
7245,39.1269
7196,9.4552
7246,39.4691
7197,9.1684
7247,39.6231
7198,9.1961
7248,38.9278
7199,9.3640
7249,39.7602
7200,9.4306
7250,39.9948
7201,9.3324
7251,38.7464
7202,9.6054
7252,38.8961
7203,9.4294
7253,40.3558
7204,9.4661
7254,38.3263
7205,9.3406
7255,39.5081
7206,9.4863
7256,39.2475
7207,9.1170
7257,39.8596
7208,9.1007
7258,39.1571
7209,9.2624
7259,38.1535
7210,9.3362
7260,38.7752
7211,9.1971
7261,38.1185
7212,9.4190
7262,38.7912
7213,9.2413
7263,38.5057
7214,9.4432
7264,38.3387
7215,9.0981
7265,37.3743
7216,9.4932
7266,39.6761
7217,9.4346
7267,39.7711
7218,9.2258
7268,37.3314
7219,9.0886
7269,39.0724
7220,9.1738
7270,38.4724
7221,8.9766
7271,38.8652
7222,9.1487
7272,37.5894
7223,9.3940
7273,38.1859
7224,8.9978
7274,38.9585
7225,9.1042
7275,39.3087
7226,9.4886
7276,39.9539
7227,9.0427
7277,39.1832
7228,8.9746
7278,39.9000
7229,9.1268
7279,40.4961
7230,9.4014
7280,36.9467
7231,9.2008
7281,38.5251
7232,8.5529
7282,42.0656
7233,9.3313
7283,39.8416
7234,9.0137
7284,40.4664
7235,9.7561
7285,38.2547
7236,9.7958
7286,39.1892
7237,9.2110
7287,38.2447
7238,8.8971
7288,40.3488
7239,9.5233
7289,38.3504
7240,8.9620
7290,39.1682
7241,9.1986
7291,39.2572
7242,8.8099
7292,40.1928
7243,9.3659
7293,39.5549
7244,9.4652
7294,39.3596
7245,9.4930
7295,37.9769
7246,9.5327
7296,39.1360
7247,9.3228
7297,38.5809
7248,9.1071
7298,37.4664
7249,8.9794
7299,39.0521
7250,8.8792
7300,39.2310
7251,9.5210
7301,39.5497
7252,10.0805
7302,38.0203
7253,8.8082
7303,39.4017
7254,9.2140
7304,36.8510
7255,9.5221
7305,38.6251
7256,8.9802
7306,38.1691
7257,8.7973
7307,39.0506
7258,9.9709
7308,38.8093
7259,8.6603
7309,39.8028
7260,8.9292
7310,38.2901
7261,8.8225
7311,37.2816
7262,8.7301
7312,38.7407
7263,9.4515
7313,38.2869
7264,9.0029
7314,38.3914
7265,8.6799
7315,38.2406
7266,9.0527
7316,38.0416
7267,9.0587
7317,39.5110
7268,9.4025
7318,37.2077
7269,9.3459
7319,38.4264
7270,9.0101
7320,37.7473
7271,8.9389
7321,38.7556
7272,9.1007
7322,38.7771
7273,9.4205
7323,38.6043
7274,8.9667
7324,40.0450
7275,9.0688
7325,38.0357
7276,9.1230
7326,39.3902
7277,8.8023
7327,38.3001
7278,8.8019
7328,39.9037
7279,8.9792
7329,39.4294
7280,9.0686
7330,39.2412
7281,9.1062
7331,39.4037
7282,9.3470
7332,38.9538
7283,9.2038
7333,38.8510
7284,9.7456
7334,38.1350
7285,9.3524
7335,39.2462
7286,9.0345
7336,36.9431
7287,9.3031
7337,38.6401
7288,9.4832
7338,38.5395
7289,8.9535
7339,38.4390
7290,9.2209
7340,38.7225
7291,8.9035
7341,37.5457
7292,9.0282
7342,39.3528
7293,9.1016
7343,38.0336
7294,9.2650
7344,39.4773
7295,9.2916
7345,39.5997
7296,8.7769
7346,39.5099
7297,8.9596
7347,39.9624
7298,8.9329
7348,39.7928
7299,9.2677
7349,38.5102
7300,9.0725
7350,38.8971
7301,9.0135
7351,39.1178
7302,9.1067
7352,38.8640
7303,8.7486
7353,38.7123
7304,9.0989
7354,39.4569
7305,8.8918
7355,39.2691
7306,8.5871
7356,39.1553
7307,9.2851
7357,39.1636
7308,9.2644
7358,39.9963
7309,9.0712
7359,37.9411
7310,9.2985
7360,38.4613
7311,8.7235
7361,39.8095
7312,8.9879
7362,40.8567
7313,8.9935
7363,38.0205
7314,8.9726
7364,38.2437
7315,9.1612
7365,39.5589
7316,9.2061
7366,38.8959
7317,8.8853
7367,37.1866
7318,8.6730
7368,39.4303
7319,8.9657
7369,38.3561
7320,8.7922
7370,39.3006
7321,8.5107
7371,38.1194
7322,8.6419
7372,38.0859
7323,9.1769
7373,37.4862
7324,8.5699
7374,38.3428
7325,8.6955
7375,39.5768
7326,8.7620
7376,38.9167
7327,8.6281
7377,38.9109
7328,9.2991
7378,38.9867
7329,9.1525
7379,38.0738
7330,9.0749
7380,38.8102
7331,8.7441
7381,38.6793
7332,8.7424
7382,39.9866
7333,8.9954
7383,39.1060
7334,9.0673
7384,38.8011
7335,8.7486
7385,40.3978
7336,8.9691
7386,38.5997
7337,8.9771
7387,41.2321
7338,8.6916
7388,38.7764
7339,8.8720
7389,39.2755
7340,9.1070
7390,39.2479
7341,9.1891
7391,38.9646
7342,9.2881
7392,39.4719
7343,8.9990
7393,37.6235
7344,8.9056
7394,40.3609
7345,9.0630
7395,37.9168
7346,9.1125
7396,38.4190
7347,9.0131
7397,39.0379
7348,9.1928
7398,38.7970
7349,8.9725
7399,38.8018
7350,8.6471
7400,40.1842
7351,9.0736
7401,38.8318
7352,8.9715
7402,39.3907
7353,9.0611
7403,39.7658
7354,9.5123
7404,42.6310
7355,9.0910
7405,38.6527
7356,9.1888
7406,38.3382
7357,8.9804
7407,38.4288
7358,9.7176
7408,40.2141
7359,9.0244
7409,38.8406
7360,8.6911
7410,39.6109
7361,8.9666
7411,37.3363
7362,8.6812
7412,38.0744
7363,9.0156
7413,38.8640
7364,9.1485
7414,38.8037
7365,8.6719
7415,40.2322
7366,9.0325
7416,38.1136
7367,8.6503
7417,39.7605
7368,8.8277
7418,39.2316
7369,8.7855
7419,38.8946
7370,8.4679
7420,38.3568
7371,8.6693
7421,39.3148
7372,8.4722
7422,39.4495
7373,8.4553
7423,38.2286
7374,8.5725
7424,38.3563
7375,8.9249
7425,39.3917
7376,9.1654
7426,38.9317
7377,8.8547
7427,38.9818
7378,8.8417
7428,40.2836
7379,8.4840
7429,39.1572
7380,8.6167
7430,41.3548
7381,9.2524
7431,38.9244
7382,9.2429
7432,37.8152
7383,8.7699
7433,38.1722
7384,8.6160
7434,39.7268
7385,9.3745
7435,39.0231
7386,8.5352
7436,40.3459
7387,8.7458
7437,39.3840
7388,9.0381
7438,38.5053
7389,8.8025
7439,38.0519
7390,8.6454
7440,38.8723
7391,9.0876
7441,37.3193
7392,8.7153
7442,38.6221
7393,9.0683
7443,38.3416
7394,8.7447
7444,38.7434
7395,8.7345
7445,38.8812
7396,8.6482
7446,38.9726
7397,8.8599
7447,37.0497
7398,9.1206
7448,38.4504
7399,8.6280
7449,39.6396
7400,10.9679
7450,37.1593
7401,9.0844
7451,40.0644
7402,8.7114
7452,38.9191
7403,8.8487
7453,38.6066
7404,8.9059
7454,38.8550
7405,8.6878
7455,40.2958
7406,9.0711
7456,39.4433
7407,9.2777
7457,38.5638
7408,8.9941
7458,38.9539
7409,9.3228
7459,38.2360
7410,9.0430
7460,40.4043
7411,8.7217
7461,39.3234
7412,9.0887
7462,37.6860
7413,9.1639
7463,39.1196
7414,9.0605
7464,38.2875
7415,8.7443
7465,38.8498
7416,9.0291
7466,37.7383
7417,9.0779
7467,38.4332
7418,8.7670
7468,41.1028
7419,9.0299
7469,39.8272
7420,8.8361
7470,39.8237
7421,9.0718
7471,39.8882
7422,10.0110
7472,40.5350
7423,9.0001
7473,36.2763
7424,8.8571
7474,39.2972
7425,9.4441
7475,36.8476
7426,9.1315
7476,38.6792
7427,8.9762
7477,38.0015
7428,8.6670
7478,38.7361
7429,8.6028
7479,37.8543
7430,8.6556
7480,37.4376
7431,8.9414
7481,39.6063
7432,9.2847
7482,39.8592
7433,9.0389
7483,38.1002
7434,9.1069
7484,38.6634
7435,8.9781
7485,39.7244
7436,9.1410
7486,39.4094
7437,8.6968
7487,39.5061
7438,9.4159
7488,38.6473
7439,9.2810
7489,39.1804
7440,9.3564
7490,39.8180
7441,8.5500
7491,40.4507
7442,8.6822
7492,40.1275
7443,8.8231
7493,39.0351
7444,9.0638
7494,39.8723
7445,9.1801
7495,39.7927
7446,9.0657
7496,39.0321
7447,8.5969
7497,39.0215
7448,9.3625
7498,39.4411
7449,8.7837
7499,39.6566
7450,9.0328
7500,39.8366
7451,9.2203
7501,39.4204
7452,9.0721
7502,39.8567
7453,8.7505
7503,38.7425
7454,9.2903
7504,38.3635
7455,8.6612
7505,38.8901
7456,8.6216
7506,39.1757
7457,8.9851
7507,38.6211
7458,8.6387
7508,38.2376
7459,8.7957
7509,39.0210
7460,8.4105
7510,39.3940
7461,10.3353
7511,40.1262
7462,8.9756
7512,38.0949
7463,8.5216
7513,39.6710
7464,8.6891
7514,37.5372
7465,8.8567
7515,39.1276
7466,8.7797
7516,38.1179
7467,8.7901
7517,38.8214
7468,9.9367
7518,37.6848
7469,9.1037
7519,38.3640
7470,8.6474
7520,39.1128
7471,8.8905
7521,38.2028
7472,9.0221
7522,38.6444
7473,8.6852
7523,39.6118
7474,8.9467
7524,37.7237
7475,9.1445
7525,37.3575
7476,9.1335
7526,39.0266
7477,8.8610
7527,39.7878
7478,8.7497
7528,38.6972
7479,8.8567
7529,40.5479
7480,8.5853
7530,39.4676
7481,9.2793
7531,38.3159
7482,9.0106
7532,36.8996
7483,8.9522
7533,38.8990
7484,9.0599
7534,38.9844
7485,8.6383
7535,39.0309
7486,9.3371
7536,38.1825
7487,9.2347
7537,39.5322
7488,8.6493
7538,39.6588
7489,8.7435
7539,39.5866
7490,8.6615
7540,39.1252
7491,8.5729
7541,38.9159
7492,8.6214
7542,39.2268
7493,8.7073
7543,39.3774
7494,9.2473
7544,39.6973
7495,8.9999
7545,37.9427
7496,9.0048
7546,38.3087
7497,8.9988
7547,39.5468
7498,9.1399
7548,38.6620
7499,8.9280
7549,37.4521
7500,8.8684
7550,39.1587
7501,9.2208
7551,38.6846
7502,8.8344
7552,38.4437
7503,8.5427
7553,38.7172
7504,8.8853
7554,39.8783
7505,8.8979
7555,39.2748
7506,8.5744
7556,40.3003
7507,8.5175
7557,38.3033
7508,8.5782
7558,39.4560
7509,9.7622
7559,39.5069
7510,8.5891
7560,38.1691
7511,8.6753
7561,39.1149
7512,8.6772
7562,39.7942
7513,8.8559
7563,39.4041
7514,8.9991
7564,37.5823
7515,9.0366
7565,40.0673
7516,8.5455
7566,38.8933
7517,8.5959
7567,41.2355
7518,9.0366
7568,39.6557
7519,8.8398
7569,37.5171
7520,8.8746
7570,37.4482
7521,8.9572
7571,39.5846
7522,8.7633
7572,38.5146
7523,8.9813
7573,38.9556
7524,8.8607
7574,38.5559
7525,8.6054
7575,37.9878
7526,9.0678
7576,39.7069
7527,9.1642
7577,38.1456
7528,8.7261
7578,39.8548
7529,8.7376
7579,40.6535
7530,8.7440
7580,37.6370
7531,8.7068
7581,39.0003
7532,8.5849
7582,38.9625
7533,8.5749
7583,38.5509
7534,8.9100
7584,39.7320
7535,8.8134
7585,37.7478
7536,9.1364
7586,41.5113
7537,8.6577
7587,38.0165
7538,8.6267
7588,39.5409
7539,8.6494
7589,37.4197
7540,8.6276
7590,40.1362
7541,9.0032
7591,38.5549
7542,8.7452
7592,37.8459
7543,8.4571
7593,38.3398
7544,8.4405
7594,38.3893
7545,8.4888
7595,39.4647
7546,8.6793
7596,39.4252
7547,10.1976
7597,39.5632
7548,8.7260
7598,37.5247
7549,9.0988
7599,38.3162
7550,8.6479
7600,38.2090
7551,8.6080
7601,38.0407
7552,8.6054
7602,37.4703
7553,8.8124
7603,38.2078
7554,8.8839
7604,38.3985
7555,9.2545
7605,38.8709
7556,8.4447
7606,40.3371
7557,8.4709
7607,39.6328
7558,8.8683
7608,38.3066
7559,8.8616
7609,38.5628
7560,8.6902
7610,39.1993
7561,9.0001
7611,37.6045
7562,8.7361
7612,39.1925
7563,9.1365
7613,37.8100
7564,8.7562
7614,38.3875
7565,8.7290
7615,39.2900
7566,8.7496
7616,38.9313
7567,8.9539
7617,38.1031
7568,8.8177
7618,38.7558
7569,9.1616
7619,38.6616
7570,8.8890
7620,39.3099
7571,9.2346
7621,38.5289
7572,9.6400
7622,40.1861
7573,8.8879
7623,39.3474
7574,8.7229
7624,38.0006
7575,8.6218
7625,39.0428
7576,8.7487
7626,37.9880
7577,8.6929
7627,37.8431
7578,9.0934
7628,39.1977
7579,8.8880
7629,39.7450
7580,8.6527
7630,39.8193
7581,8.7766
7631,39.6565
7582,8.4515
7632,39.4472
7583,8.8788
7633,37.3687
7584,8.8644
7634,39.3070
7585,8.8451
7635,39.8828
7586,8.6837
7636,39.8300
7587,8.7906
7637,39.3272
7588,8.9146
7638,38.1536
7589,9.2191
7639,38.6754
7590,8.6608
7640,39.2414
7591,8.9314
7641,39.3390
7592,8.9357
7642,37.2879
7593,8.6763
7643,38.6539
7594,8.9399
7644,39.5099
7595,8.8679
7645,40.6571
7596,8.5525
7646,38.3893
7597,8.7893
7647,39.4818
7598,9.9191
7648,38.2953
7599,9.2399
7649,39.4546
7600,8.6477
7650,38.8943
7601,8.8207
7651,39.4094
7602,8.8056
7652,39.1534
7603,8.6103
7653,37.8091
7604,9.1043
7654,39.6172
7605,8.7269
7655,38.5102
7606,9.0035
7656,38.7703
7607,9.3005
7657,39.0024
7608,9.0871
7658,38.8185
7609,9.0635
7659,39.4050
7610,8.9106
7660,37.9957
7611,8.6130
7661,38.8865
7612,8.7057
7662,38.6696
7613,8.9501
7663,37.1498
7614,8.8915
7664,38.4578
7615,9.1264
7665,38.8571
7616,9.5114
7666,40.0286
7617,8.6497
7667,38.0714
7618,8.5993
7668,38.8169
7619,9.1053
7669,36.7414
7620,9.0880
7670,39.5770
7621,9.3669
7671,37.5145
7622,9.1824
7672,38.3710
7623,9.1813
7673,38.5036
7624,8.7783
7674,40.9038
7625,8.7010
7675,39.7676
7626,8.8832
7676,39.2140
7627,8.7734
7677,39.9285
7628,8.7949
7678,37.9758
7629,8.9467
7679,38.2772
7630,9.2343
7680,39.0416
7631,9.2099
7681,39.1548
7632,9.2824
7682,38.3521
7633,8.9257
7683,38.6508
7634,9.2996
7684,40.0799
7635,8.8426
7685,39.2484
7636,8.8901
7686,39.3910
7637,8.9020
7687,38.5949
7638,9.1708
7688,38.2143
7639,9.1459
7689,38.3021
7640,8.7736
7690,40.0279
7641,9.2502
7691,39.3306
7642,9.3687
7692,39.0980
7643,9.1417
7693,39.2858
7644,8.6885
7694,38.6397
7645,8.7601
7695,40.1962
7646,8.8725
7696,39.6478
7647,9.1674
7697,38.4960
7648,8.6391
7698,39.2869
7649,9.4111
7699,38.4699
7650,8.8835
7700,37.9872
7651,9.0456
7701,38.6432
7652,8.9777
7702,38.4896
7653,8.9297
7703,38.8383
7654,8.4364
7704,40.9091
7655,8.9037
7705,38.0459
7656,8.8828
7706,38.0756
7657,8.8531
7707,38.3632
7658,8.9418
7708,39.1815
7659,9.1860
7709,38.9821
7660,9.0298
7710,38.0081
7661,8.7013
7711,38.0258
7662,8.8543
7712,39.9558
7663,8.8065
7713,38.1038
7664,9.0702
7714,38.4532
7665,9.0106
7715,37.8536
7666,8.8186
7716,38.6915
7667,8.5124
7717,38.8638
7668,8.6755
7718,38.3185
7669,8.6069
7719,38.5623
7670,8.4835
7720,39.1623
7671,8.7628
7721,37.1102
7672,8.7401
7722,38.8547
7673,8.5087
7723,38.2939
7674,8.8411
7724,39.1186
7675,8.9935
7725,38.8531
7676,9.1114
7726,37.8925
7677,8.6118
7727,40.0025
7678,9.0043
7728,37.9265
7679,9.0590
7729,37.8416
7680,9.1773
7730,39.8998
7681,8.8090
7731,38.8468
7682,8.5305
7732,39.6384
7683,8.8797
7733,39.0630
7684,8.9178
7734,38.0921
7685,8.5732
7735,38.9552
7686,8.4463
7736,37.8858
7687,8.9083
7737,39.0258
7688,8.8934
7738,39.2142
7689,9.2584
7739,37.7986
7690,8.9849
7740,39.2425
7691,8.6969
7741,38.2101
7692,8.7927
7742,37.8773
7693,8.6592
7743,39.1670
7694,8.6736
7744,40.3792
7695,9.2679
7745,39.3467
7696,8.8800
7746,41.5502
7697,8.9680
7747,37.9836
7698,9.0587
7748,39.3714
7699,8.8818
7749,38.9726
7700,8.7700
7750,38.9449
7701,8.7949
7751,37.6047
7702,8.9893
7752,39.3020
7703,8.7037
7753,39.1928
7704,8.9644
7754,38.6832
7705,8.9855
7755,38.1305
7706,8.6107
7756,38.9385
7707,8.5660
7757,40.6654
7708,9.1223
7758,38.3196
7709,8.8757
7759,38.2128
7710,9.1078
7760,38.9060
7711,8.8399
7761,39.2807
7712,8.7851
7762,39.1067
7713,8.5715
7763,38.5855
7714,8.4224
7764,39.4313
7715,8.8766
7765,40.1210
7716,9.2752
7766,39.4202
7717,8.9594
7767,39.3686
7718,8.6860
7768,38.8716
7719,8.5214
7769,39.3329
7720,8.9665
7770,39.6961
7721,8.4479
7771,38.9675
7722,8.6706
7772,38.4676
7723,9.2775
7773,37.7154
7724,9.1598
7774,39.3978
7725,8.9795
7775,38.5079
7726,9.1207
7776,39.6470
7727,8.6177
7777,38.7002
7728,8.0602
7778,38.1709
7729,8.4062
7779,38.7829
7730,8.0592
7780,38.9903
7731,7.9832
7781,38.7421
7732,7.9939
7782,37.6018
7733,8.4448
7783,38.2815
7734,8.0831
7784,40.1455
7735,8.1788
7785,39.4472
7736,8.1467
7786,39.3691
7737,8.0989
7787,38.6925
7738,8.2405
7788,39.8565
7739,8.2098
7789,38.4524
7740,8.5803
7790,38.3215
7741,7.8978
7791,39.2387
7742,8.0180
7792,38.7242
7743,8.2199
7793,38.2983
7744,8.0075
7794,38.2631
7745,8.2492
7795,38.3280
7746,8.2079
7796,39.5120
7747,8.3388
7797,38.5886
7748,8.1824
7798,38.5835
7749,8.1774
7799,38.9603
7750,8.3344
7800,38.8155
7751,8.2748
7801,39.6157
7752,7.9227
7802,38.6379
7753,8.2504
7803,38.8632
7754,8.2444
7804,38.5829
7755,8.1561
7805,39.4256
7756,8.0957
7806,38.4402
7757,8.3369
7807,40.0780
7758,8.3566
7808,37.4907
7759,8.3441
7809,38.4404
7760,8.4717
7810,39.1250
7761,8.3469
7811,41.8913
7762,8.5090
7812,38.0297
7763,8.1954
7813,38.0055
7764,8.2944
7814,38.8924
7765,8.3739
7815,38.8780
7766,8.0958
7816,38.1669
7767,7.9804
7817,38.7851
7768,8.3706
7818,39.2445
7769,8.0766
7819,37.2923
7770,8.1804
7820,38.9796
7771,8.1395
7821,39.1405
7772,8.1047
7822,38.6705
7773,8.0132
7823,38.3705
7774,8.0832
7824,39.7959
7775,7.8443
7825,38.0699
7776,8.1531
7826,39.1922
7777,8.0860
7827,38.8640
7778,7.9923
7828,39.2336
7779,8.2305
7829,40.1797
7780,8.3434
7830,40.4131
7781,7.9395
7831,39.5234
7782,7.9031
7832,38.4599
7783,8.0146
7833,38.5492
7784,8.1078
7834,38.9283
7785,8.1305
7835,38.9205
7786,8.2210
7836,38.6400
7787,8.2147
7837,39.7378
7788,8.5306
7838,39.1674
7789,8.4979
7839,38.3779
7790,8.1310
7840,39.2006
7791,8.2591
7841,40.9231
7792,8.1688
7842,37.5177
7793,8.1188
7843,38.8749
7794,7.9531
7844,38.3556
7795,8.4143
7845,40.7271
7796,8.4009
7846,38.4300
7797,8.4596
7847,38.7689
7798,8.4596
7848,38.6701
7799,8.0754
7849,39.8635
7800,7.8025
7850,38.9271
7801,8.1076
7851,38.3259
7802,8.4274
7852,38.9066
7803,8.3034
7853,37.7991
7804,8.1011
7854,38.8396
7805,8.0758
7855,39.1047
7806,8.1187
7856,39.4282
7807,8.4437
7857,38.8589
7808,8.2053
7858,38.5464
7809,7.9195
7859,37.6376
7810,8.1937
7860,39.1810
7811,7.9437
7861,38.8456
7812,8.0164
7862,38.6925
7813,8.0450
7863,39.0690
7814,7.9395
7864,39.8206
7815,8.2242
7865,38.8395
7816,8.0954
7866,39.2865
7817,8.0835
7867,37.3427
7818,8.1526
7868,39.0021
7819,8.1713
7869,39.9144
7820,8.1949
7870,37.6906
7821,8.2613
7871,39.2102
7822,8.1355
7872,39.3307
7823,8.1980
7873,38.3287
7824,8.4618
7874,38.3965
7825,8.4692
7875,38.1257
7826,8.1550
7876,39.0420
7827,7.9388
7877,39.7819
7828,8.0955
7878,38.8657
7829,8.4241
7879,37.3821
7830,8.0369
7880,38.9205
7831,9.1094
7881,39.5049
7832,8.1725
7882,39.9296
7833,8.1443
7883,38.2478
7834,7.9440
7884,38.7270
7835,8.2145
7885,39.2386
7836,8.0875
7886,39.5814
7837,8.1092
7887,38.3692
7838,8.1297
7888,38.0162
7839,8.0110
7889,38.8076
7840,8.0341
7890,38.0539
7841,7.9022
7891,39.7572
7842,8.0102
7892,38.6361
7843,8.0904
7893,39.9057
7844,8.2592
7894,38.7309
7845,8.2641
7895,39.3885
7846,8.0727
7896,38.6902
7847,8.4249
7897,38.7617
7848,8.3098
7898,38.6099
7849,7.9323
7899,39.0495
7850,7.9440
7900,39.1411
7851,7.9247
7901,38.8361
7852,8.2234
7902,38.3770
7853,8.1751
7903,38.6795
7854,8.5641
7904,38.1237
7855,8.2779
7905,39.6843
7856,7.9629
7906,39.7062
7857,8.1317
7907,39.7390
7858,8.0405
7908,39.4738
7859,8.3999
7909,38.9877
7860,8.5285
7910,37.9009
7861,7.9039
7911,38.6686
7862,8.0914
7912,38.6473
7863,8.2982
7913,38.5467
7864,8.3589
7914,38.9067
7865,7.9838
7915,38.7630
7866,8.1016
7916,39.7347
7867,8.0192
7917,38.9394
7868,8.0044
7918,38.6444
7869,8.3162
7919,38.9924
7870,8.2921
7920,37.4865
7871,8.2153
7921,40.2616
7872,8.2029
7922,38.1955
7873,8.0783
7923,38.7917
7874,8.2591
7924,39.4587
7875,8.4907
7925,38.2886
7876,8.3599
7926,37.5122
7877,8.2233
7927,37.2719
7878,8.3798
7928,38.3469
7879,8.3287
7929,37.6620
7880,8.2269
7930,39.4155
7881,8.2685
7931,38.9067
7882,8.1511
7932,40.1400
7883,7.9174
7933,37.9493
7884,7.9551
7934,38.0416
7885,8.2056
7935,38.2759
7886,8.4346
7936,38.5632
7887,8.1820
7937,39.3395
7888,8.1839
7938,38.6106
7889,8.1161
7939,38.6345
7890,8.2052
7940,39.2205
7891,7.9557
7941,38.2690
7892,8.1784
7942,38.0770
7893,8.4304
7943,39.3769
7894,8.0283
7944,39.2250
7895,7.8963
7945,38.3059
7896,8.2462
7946,39.8314
7897,8.2513
7947,38.6506
7898,7.7801
7948,39.6435
7899,7.9722
7949,37.6962
7900,8.0340
7950,37.8582
7901,8.0060
7951,39.5796
7902,7.8534
7952,37.7113
7903,7.9654
7953,38.2953
7904,7.9644
7954,37.6033
7905,8.1401
7955,38.0469
7906,7.9454
7956,37.6684
7907,8.0878
7957,37.4830
7908,8.2750
7958,39.6758
7909,8.1259
7959,38.8057
7910,8.2026
7960,39.4137
7911,7.9925
7961,39.7930
7912,7.8848
7962,38.5412
7913,8.2007
7963,40.6401
7914,8.0009
7964,39.0954
7915,7.9999
7965,39.6768
7916,7.8843
7966,39.6621
7917,7.9521
7967,38.9808
7918,7.7876
7968,38.9020
7919,7.8020
7969,39.2519
7920,7.8107
7970,38.7089
7921,7.9712
7971,38.7287
7922,8.2096
7972,37.7563
7923,8.4056
7973,39.4319
7924,8.1909
7974,40.6421
7925,8.3537
7975,38.1444
7926,8.0510
7976,38.1497
7927,8.0812
7977,38.9358
7928,8.2931
7978,40.7018
7929,8.2304
7979,38.1981
7930,8.0565
7980,37.8975
7931,8.2132
7981,38.9808
7932,8.0605
7982,39.4244
7933,8.4316
7983,38.8183
7934,8.2638
7984,39.8876
7935,8.2144
7985,39.0708
7936,8.4797
7986,39.1295
7937,8.3423
7987,38.0369
7938,8.2699
7988,37.2462
7939,8.3876
7989,38.1869
7940,8.2656
7990,39.2776
7941,8.1383
7991,39.3337
7942,7.9244
7992,38.2491
7943,8.1167
7993,39.3647
7944,8.5603
7994,38.4005
7945,8.2617
7995,39.7295
7946,7.9999
7996,39.3383
7947,8.1581
7997,39.4137
7948,8.0634
7998,39.8256
7949,8.2265
7999,39.0702
7950,7.7685
8000,39.7200
7951,7.7984
8001,39.9933
7952,7.9807
8002,39.7622
7953,8.2121
8003,39.4627
7954,7.9095
8004,39.4258
7955,8.4921
8005,38.3358
7956,8.0686
8006,39.7548
7957,8.0943
8007,39.2287
7958,8.2680
8008,38.9402
7959,7.9890
8009,38.5524
7960,8.2007
8010,39.5233
7961,8.3329
8011,38.4495
7962,8.1669
8012,38.7640
7963,8.3538
8013,37.7088
7964,8.3464
8014,38.6982
7965,7.9061
8015,39.2566
7966,8.1805
8016,40.8472
7967,8.2664
8017,38.9927
7968,8.2728
8018,38.4141
7969,8.2576
8019,40.0986
7970,8.1611
8020,38.5391
7971,8.2669
8021,38.4507
7972,8.1837
8022,39.1163
7973,8.4097
8023,37.5589
7974,8.0623
8024,39.0012
7975,8.0125
8025,39.0662
7976,8.0766
8026,40.1072
7977,7.8880
8027,38.6863
7978,8.0114
8028,38.5296
7979,8.1452
8029,38.7722
7980,8.6173
8030,38.9169
7981,8.4060
8031,39.8853
7982,8.4945
8032,38.6591
7983,7.9641
8033,38.9289
7984,8.0528
8034,38.9159
7985,8.2941
8035,39.3807
7986,8.5057
8036,38.7949
7987,7.8168
8037,39.0548
7988,8.2198
8038,39.4950
7989,8.0962
8039,38.5367
7990,8.0528
8040,38.8420
7991,8.3345
8041,40.1555
7992,8.3297
8042,39.9611
7993,7.8339
8043,39.5061
7994,7.9914
8044,39.6579
7995,7.8015
8045,39.6141
7996,7.8441
8046,40.7708
7997,8.1833
8047,38.8564
7998,8.4628
8048,38.5564
7999,8.1643
8049,39.6478
8000,8.1432
8050,39.6862
8001,7.9820
8051,38.5532
8002,7.8556
8052,40.3740
8003,8.2384
8053,38.4010
8004,7.9146
8054,38.8690
8005,7.9984
8055,38.1040
8006,7.9875
8056,39.0680
8007,8.2511
8057,36.8890
8008,8.1237
8058,39.1253
8009,8.2397
8059,40.0231
8010,7.9136
8060,40.4585
8011,7.8386
8061,39.5785
8012,7.9517
8062,39.2100
8013,8.1344
8063,37.4740
8014,7.8417
8064,38.7124
8015,8.0120
8065,38.8503
8016,7.9567
8066,37.8899
8017,7.8321
8067,38.7695
8018,7.9340
8068,39.2461
8019,8.5835
8069,38.0311
8020,8.1954
8070,39.4165
8021,7.9826
8071,37.4284
8022,8.1829
8072,38.6299
8023,8.1373
8073,39.5246
8024,8.0450
8074,39.0165
8025,8.3640
8075,37.8350
8026,8.2577
8076,40.4841
8027,7.9522
8077,39.4659
8028,8.1658
8078,39.3595
8029,8.0519
8079,39.1095
8030,7.9161
8080,38.3895
8031,8.2869
8081,38.5601
8032,8.2503
8082,38.3704
8033,8.0770
8083,38.9602
8034,8.1712
8084,39.7068
8035,8.2887
8085,40.5814
8036,8.1634
8086,39.0652
8037,8.1741
8087,39.3927
8038,8.1584
8088,38.4402
8039,8.0872
8089,37.6992
8040,9.3070
8090,40.2861
8041,8.1717
8091,37.9045
8042,8.1159
8092,39.1032
8043,9.2824
8093,38.3933
8044,8.4845
8094,38.7125
8045,9.2112
8095,42.4568
8046,8.4337
8096,37.9028
8047,8.0581
8097,39.7522
8048,7.9512
8098,39.4937
8049,8.0896
8099,38.7970
8050,8.1169
8100,38.2992
8051,8.3288
8101,39.8326
8052,8.0832
8102,38.8216
8053,8.1093
8103,40.5450
8054,8.3857
8104,37.9862
8055,8.0865
8105,39.5642
8056,8.1436
8106,38.8914
8057,8.0550
8107,40.0660
8058,14.1683
8108,42.6388
8059,10.8901
8109,39.9452
8060,9.9290
8110,40.0985
8061,9.8969
8111,39.7617
8062,9.8712
8112,39.7649
8063,9.9216
8113,39.5125
8064,9.7201
8114,39.9339
8065,9.2764
8115,40.3644
8066,9.4201
8116,38.4540
8067,9.1817
8117,39.5763
8068,9.4342
8118,38.5444
8069,9.7152
8119,39.6070
8070,9.5743
8120,38.7221
8071,9.5638
8121,39.8508
8072,9.7602
8122,39.4142
8073,9.1359
8123,39.8442
8074,9.1582
8124,38.5067
8075,9.1600
8125,39.0393
8076,9.6244
8126,40.0998
8077,9.3725
8127,37.3860
8078,9.5165
8128,39.0277
8079,9.4372
8129,39.8785
8080,9.3778
8130,37.9279
8081,9.3354
8131,38.5500
8082,9.2609
8132,38.7644
8083,9.2144
8133,38.9474
8084,9.4144
8134,37.3157
8085,9.2677
8135,38.4337
8086,9.2168
8136,38.4809
8087,9.2143
8137,38.5820
8088,9.1871
8138,40.0673
8089,9.4781
8139,38.8939
8090,9.1594
8140,40.1370
8091,9.1364
8141,38.2307
8092,9.2361
8142,39.1414
8093,9.1603
8143,39.6134
8094,9.0472
8144,39.1029
8095,9.3748
8145,39.3844
8096,9.5135
8146,40.0695
8097,9.2153
8147,38.5959
8098,8.9531
8148,38.4267
8099,9.2677
8149,38.9326
8100,9.0226
8150,39.1924
8101,9.3235
8151,39.3163
8102,9.0558
8152,38.2973
8103,9.1312
8153,39.8806
8104,9.0852
8154,39.9180
8105,9.0807
8155,38.6695
8106,9.3876
8156,38.8540
8107,9.1231
8157,38.1752
8108,9.4764
8158,39.0663
8109,9.1454
8159,39.1185
8110,9.2681
8160,38.5774
8111,9.3614
8161,37.5023
8112,9.1626
8162,38.1766
8113,9.5202
8163,39.3473
8114,9.5411
8164,38.5758
8115,9.2549
8165,37.5201
8116,9.6512
8166,39.8323
8117,9.1602
8167,38.9708
8118,9.3901
8168,38.8253
8119,9.5524
8169,38.8645
8120,9.6105
8170,37.8144
8121,9.6803
8171,39.4771
8122,9.6030
8172,40.2683
8123,9.3293
8173,38.0173
8124,9.2835
8174,40.4040
8125,9.0072
8175,41.7721
8126,9.3966
8176,38.1443
8127,9.3756
8177,39.5533
8128,9.2546
8178,39.1550
8129,9.6406
8179,38.5433
8130,9.2131
8180,38.2900
8131,9.2368
8181,39.6834
8132,8.9961
8182,38.7527
8133,9.1952
8183,41.1453
8134,9.3330
8184,39.4843
8135,9.8298
8185,39.0066
8136,9.4325
8186,38.1516
8137,9.5138
8187,38.7333
8138,9.4723
8188,39.0053
8139,9.2851
8189,39.2606
8140,9.1825
8190,38.8884
8141,9.1670
8191,37.7852
8142,9.3139
8192,38.7810
8143,9.5587
8193,38.5987
8144,9.3712
8194,40.2689
8145,9.6345
8195,39.1693
8146,9.4950
8196,38.6959
8147,9.5714
8197,39.5212
8148,9.2345
8198,38.9497
8149,9.4064
8199,37.8032
8150,9.3661
8200,38.6058
8151,9.7477
8201,37.8623
8152,9.7503
8202,38.5280
8153,9.4699
8203,38.9392
8154,9.2207
8204,39.4060
8155,9.5850
8205,39.0488
8156,9.7891
8206,39.7933
8157,9.6511
8207,39.2202
8158,9.0373
8208,38.2621
8159,9.3090
8209,37.9182
8160,9.4204
8210,39.1146
8161,9.2209
8211,39.1144
8162,9.4156
8212,37.9853
8163,9.1638
8213,38.9415
8164,9.2392
8214,37.9730
8165,9.0569
8215,38.0488
8166,9.0465
8216,39.3475
8167,9.5974
8217,38.4321
8168,9.1069
8218,38.4427
8169,8.6630
8219,41.0710
8170,9.3886
8220,37.8169
8171,9.3006
8221,39.4678
8172,9.2006
8222,39.5367
8173,9.4415
8223,39.1374
8174,9.4055
8224,38.7427
8175,9.4514
8225,38.2902
8176,9.0276
8226,37.0103
8177,9.3021
8227,38.4835
8178,9.2036
8228,38.6997
8179,9.1556
8229,38.0728
8180,9.1598
8230,37.7563
8181,8.9632
8231,39.7058
8182,8.8955
8232,38.6113
8183,8.8931
8233,38.5139
8184,9.3478
8234,39.1479
8185,9.5064
8235,39.8200
8186,9.2900
8236,38.6049
8187,9.1192
8237,38.7071
8188,9.0807
8238,39.3872
8189,9.4134
8239,39.3139
8190,9.1542
8240,38.4781
8191,8.9763
8241,38.6255
8192,9.1667
8242,38.0783
8193,9.0341
8243,38.4665
8194,9.1868
8244,39.1172
8195,9.2428
8245,39.0303
8196,9.2023
8246,38.3906
8197,9.4298
8247,39.0233
8198,9.3266
8248,39.8458
8199,8.8669
8249,39.8660
8200,8.7436
8250,39.0226
8201,8.9776
8251,38.4264
8202,9.0113
8252,39.2122
8203,8.9669
8253,38.9434
8204,8.9567
8254,38.5415
8205,9.2235
8255,40.2496
8206,8.7722
8256,38.9125
8207,8.9656
8257,38.2776
8208,8.9775
8258,36.8077
8209,8.9555
8259,37.6630
8210,9.1313
8260,38.7727
8211,9.0632
8261,36.8626
8212,9.0822
8262,39.1304
8213,9.3755
8263,39.6877
8214,9.0539
8264,37.3373
8215,9.0714
8265,38.0317
8216,8.9087
8266,39.6235
8217,9.1945
8267,38.2473
8218,8.9209
8268,38.9430
8219,8.9030
8269,38.1681
8220,8.8511
8270,39.3312
8221,8.9902
8271,39.4096
8222,8.8473
8272,38.2275
8223,9.9920
8273,39.9512
8224,8.9118
8274,39.0962
8225,8.8266
8275,38.7291
8226,10.2560
8276,40.9058
8227,9.0234
8277,38.2923
8228,8.7167
8278,38.6945
8229,9.2849
8279,37.0241
8230,9.0656
8280,38.6247
8231,8.9460
8281,38.8862
8232,9.0767
8282,39.0392
8233,9.0440
8283,37.6017
8234,8.9303
8284,38.7428
8235,9.0200
8285,37.7152
8236,9.3804
8286,38.9096
8237,9.1430
8287,38.6206
8238,8.9704
8288,37.6251
8239,9.1963
8289,38.1347
8240,8.8725
8290,39.3380
8241,8.7590
8291,39.8305
8242,9.0808
8292,39.9341
8243,8.8435
8293,39.2258
8244,8.9289
8294,38.4581
8245,9.3211
8295,38.8292
8246,9.1894
8296,38.8829
8247,9.2502
8297,38.7537
8248,8.8706
8298,38.0948
8249,8.9557
8299,38.3617
8250,9.3737
8300,39.2161
8251,9.0460
8301,38.7794
8252,9.0141
8302,39.3793
8253,8.8608
8303,37.8032
8254,9.0920
8304,37.9953
8255,8.8990
8305,38.5356
8256,8.8022
8306,38.8966
8257,9.5698
8307,40.3535
8258,9.0478
8308,39.2805
8259,9.1566
8309,39.9560
8260,8.8085
8310,38.1307
8261,9.2599
8311,39.2067
8262,9.2764
8312,38.6712
8263,9.2155
8313,38.7777
8264,8.7999
8314,38.5144
8265,9.1153
8315,37.8561
8266,9.4733
8316,39.5023
8267,8.9432
8317,38.6476
8268,9.2270
8318,38.8879
8269,8.9137
8319,38.5959
8270,9.3094
8320,40.3519
8271,9.2592
8321,38.9254
8272,9.2550
8322,38.5880
8273,8.7025
8323,37.6575
8274,9.0236
8324,38.1846
8275,8.9015
8325,37.8987
8276,8.7558
8326,38.1035
8277,8.8309
8327,39.3825
8278,8.9954
8328,38.3142
8279,8.7823
8329,38.7782
8280,8.8089
8330,38.5768
8281,9.2398
8331,38.5109
8282,8.9144
8332,39.0399
8283,8.8641
8333,38.4791
8284,8.7721
8334,38.1227
8285,8.5398
8335,38.4744
8286,8.7095
8336,40.1174
8287,8.9653
8337,38.5687
8288,9.1692
8338,38.7207
8289,9.3043
8339,39.2442
8290,9.2372
8340,38.2853
8291,8.8731
8341,37.7954
8292,9.1195
8342,37.9988
8293,9.2146
8343,39.1282
8294,8.7277
8344,38.1706
8295,9.2726
8345,37.1603
8296,8.9762
8346,39.0740
8297,9.4253
8347,38.6474
8298,8.9524
8348,38.7545
8299,8.9382
8349,38.2388
8300,8.9614
8350,37.8961
8301,8.8396
8351,38.3966
8302,9.0582
8352,38.1076
8303,10.0161
8353,40.5233
8304,9.3175
8354,38.6112
8305,8.9276
8355,37.5527
8306,9.0949
8356,38.0925
8307,9.0286
8357,38.6919
8308,8.8028
8358,38.2593
8309,8.9598
8359,38.7337
8310,8.6446
8360,40.1574
8311,9.0289
8361,38.5009
8312,9.0167
8362,38.2497
8313,8.8675
8363,38.2076
8314,8.8611
8364,38.9219
8315,8.9195
8365,39.2502
8316,8.6221
8366,38.6856
8317,8.7882
8367,37.7302
8318,8.8451
8368,39.3482
8319,8.6925
8369,39.1989
8320,8.6539
8370,37.8691
8321,9.2588
8371,38.3616
8322,9.0365
8372,38.2213
8323,8.5760
8373,38.9151
8324,8.9006
8374,37.3811
8325,9.1636
8375,38.3554
8326,9.3436
8376,38.8289
8327,9.1920
8377,38.2115
8328,8.7609
8378,39.2042
8329,9.0904
8379,39.1817
8330,8.6505
8380,38.4723
8331,9.1457
8381,39.5336
8332,9.2201
8382,38.0030
8333,8.6423
8383,40.0320
8334,9.2350
8384,38.0776
8335,8.8949
8385,38.5897
8336,9.2436
8386,39.1796
8337,8.8089
8387,38.8772
8338,8.9234
8388,39.1213
8339,8.9312
8389,38.4184
8340,8.9618
8390,38.9156
8341,9.0515
8391,37.8485
8342,9.5067
8392,39.3385
8343,8.9205
8393,38.3654
8344,8.9317
8394,37.7957
8345,9.1663
8395,38.5458
8346,9.2779
8396,37.6763
8347,9.1408
8397,39.6267
8348,8.8376
8398,39.2884
8349,9.2773
8399,39.1194
8350,9.1897
8400,40.2805
8351,9.2718
8401,38.8610
8352,8.8625
8402,37.8969
8353,9.0735
8403,39.6900
8354,8.9566
8404,38.9483
8355,9.2292
8405,38.5770
8356,8.8247
8406,38.5027
8357,8.9472
8407,39.2756
8358,9.1274
8408,39.0227
8359,8.9267
8409,37.2777
8360,8.9719
8410,39.1247
8361,9.5554
8411,38.3850
8362,9.2217
8412,39.4653
8363,9.2994
8413,38.5635
8364,8.8695
8414,38.0228
8365,9.0302
8415,38.5890
8366,9.2987
8416,36.8808
8367,9.0848
8417,39.3240
8368,8.9878
8418,39.0955
8369,8.8741
8419,38.8116
8370,8.7041
8420,38.6272
8371,8.9112
8421,38.9863
8372,9.0025
8422,38.1066
8373,8.8865
8423,39.3709
8374,8.7569
8424,36.3317
8375,8.8712
8425,38.3805
8376,8.6711
8426,38.5945
8377,8.9886
8427,41.0965
8378,8.8021
8428,39.1220
8379,9.2595
8429,37.7049
8380,8.8410
8430,39.0623
8381,9.4148
8431,37.7720
8382,8.9486
8432,38.2460
8383,9.3619
8433,38.3958
8384,9.3800
8434,37.5614
8385,9.5757
8435,37.8935
8386,9.0925
8436,38.5680
8387,8.9288
8437,37.6301
8388,8.8240
8438,38.3562
8389,8.8538
8439,38.0991
8390,8.7310
8440,38.4214
8391,8.5789
8441,38.7865
8392,9.1441
8442,37.8319
8393,9.0860
8443,39.5973
8394,8.9043
8444,38.9896
8395,9.3035
8445,39.8765
8396,8.8095
8446,39.9368
8397,8.7110
8447,38.1901
8398,8.8927
8448,39.0390
8399,8.8660
8449,38.0844
8400,8.7624
8450,37.8787
8401,8.6260
8451,40.0810
8402,9.1999
8452,38.3667
8403,8.7091
8453,38.3694
8404,10.0042
8454,39.0880
8405,9.2685
8455,38.4162
8406,9.1995
8456,38.8098
8407,8.8719
8457,39.3233
8408,8.7199
8458,37.0830
8409,9.1111
8459,36.6700
8410,8.8665
8460,38.7967
8411,8.8962
8461,38.3368
8412,8.7940
8462,38.0492
8413,9.4305
8463,39.2170
8414,9.3083
8464,39.0031
8415,9.2360
8465,38.5448
8416,8.7052
8466,37.7160
8417,8.8311
8467,38.8627
8418,9.2175
8468,38.9162
8419,8.7932
8469,37.9812
8420,8.6741
8470,39.1704
8421,8.5571
8471,39.0125
8422,8.6953
8472,38.1854
8423,9.1541
8473,38.3679
8424,9.3090
8474,37.9637
8425,9.0410
8475,38.2467
8426,8.7418
8476,38.0407
8427,8.4648
8477,38.6122
8428,8.7990
8478,38.4538
8429,9.3464
8479,38.6723
8430,9.1262
8480,39.5582
8431,9.3669
8481,37.2740
8432,9.1868
8482,39.8043
8433,9.1447
8483,38.1690
8434,8.8615
8484,38.0165
8435,9.2302
8485,40.0204
8436,8.8700
8486,38.6269
8437,9.3882
8487,39.2824
8438,9.4420
8488,38.8454
8439,9.2478
8489,37.5102
8440,9.2639
8490,38.9304
8441,9.5291
8491,38.3007
8442,9.0014
8492,38.9486
8443,9.4364
8493,40.2314
8444,9.0194
8494,38.8911
8445,8.9864
8495,37.7836
8446,9.0333
8496,39.1272
8447,9.0154
8497,37.6695
8448,8.7303
8498,40.0066
8449,9.1852
8499,38.8086
8450,8.9807
8500,36.9864
8451,8.6024
8501,39.5268
8452,9.4702
8502,38.7531
8453,8.7119
8503,38.0529
8454,8.9974
8504,36.5364
8455,8.8307
8505,38.7594
8456,8.7583
8506,38.7993
8457,8.6449
8507,37.5575
8458,8.6980
8508,38.5079
8459,8.6191
8509,39.4855
8460,8.7479
8510,38.8398
8461,8.9392
8511,39.0810
8462,9.2705
8512,37.2944
8463,9.0544
8513,38.8271
8464,9.5074
8514,38.4872
8465,8.8529
8515,39.6570
8466,8.8538
8516,39.3411
8467,8.8825
8517,37.8244
8468,8.8461
8518,38.7840
8469,8.9422
8519,39.6631
8470,9.0479
8520,38.3613
8471,8.8002
8521,38.9517
8472,8.8331
8522,39.1684
8473,8.9228
8523,39.6087
8474,8.7805
8524,40.0872
8475,8.9876
8525,37.6393
8476,9.4187
8526,38.1071
8477,9.2282
8527,37.9025
8478,8.9389
8528,39.4038
8479,8.9492
8529,39.5270
8480,9.2070
8530,39.6742
8481,9.5052
8531,39.2115
8482,9.3682
8532,39.2913
8483,8.8451
8533,38.5591
8484,9.1203
8534,38.4560
8485,8.8103
8535,38.1059
8486,9.2197
8536,37.4265
8487,9.2986
8537,40.1061
8488,8.9734
8538,38.6218
8489,8.8073
8539,38.0467
8490,8.9481
8540,39.0373
8491,9.0147
8541,38.7387
8492,9.1224
8542,38.3632
8493,9.1650
8543,38.0883
8494,8.6618
8544,37.9151
8495,8.8432
8545,38.5232
8496,8.8416
8546,37.8558
8497,8.8681
8547,38.4541
8498,8.7064
8548,39.1426
8499,8.7650
8549,38.5291
8500,8.7667
8550,36.8975
8501,9.0060
8551,37.9761
8502,9.1532
8552,38.0835
8503,9.2137
8553,38.2835
8504,9.1066
8554,39.1237
8505,9.4062
8555,38.4584
8506,8.9689
8556,38.4049
8507,8.7459
8557,37.6388
8508,8.7837
8558,38.2465
8509,9.3572
8559,39.6209
8510,9.1096
8560,39.4938
8511,9.1473
8561,39.1924
8512,9.0275
8562,39.9408
8513,9.2387
8563,38.6551
8514,9.2899
8564,39.5879
8515,9.0477
8565,38.7004
8516,9.2505
8566,38.0521
8517,9.2301
8567,38.6332
8518,9.4779
8568,36.8978
8519,9.3452
8569,37.6926
8520,9.0800
8570,38.3496
8521,9.3035
8571,37.9517
8522,9.2314
8572,37.3809
8523,8.9826
8573,37.1596
8524,9.6423
8574,38.5590
8525,8.9214
8575,38.6707
8526,8.9550
8576,38.3369
8527,8.8387
8577,38.4779
8528,8.9814
8578,39.5288
8529,8.8737
8579,39.5973
8530,8.7824
8580,38.4663
8531,9.3936
8581,39.1469
8532,8.7152
8582,39.9191
8533,9.4091
8583,39.2428
8534,9.2343
8584,38.2825
8535,8.7241
8585,39.4696
8536,9.1616
8586,38.6486
8537,9.0431
8587,38.0726
8538,9.3492
8588,39.1531
8539,9.0542
8589,38.3553
8540,8.6373
8590,38.8755
8541,8.8042
8591,38.1072
8542,8.7400
8592,36.0498
8543,8.8940
8593,38.9462
8544,9.0623
8594,40.0912
8545,9.0967
8595,37.8809
8546,8.8049
8596,38.1857
8547,8.4535
8597,39.4553
8548,8.7664
8598,39.0071
8549,9.0182
8599,38.5041
8550,9.2739
8600,39.3471
8551,9.0359
8601,38.7791
8552,8.9973
8602,37.9695
8553,9.0287
8603,38.7679
8554,8.6972
8604,37.0832
8555,9.0010
8605,37.7461
8556,8.9776
8606,37.1018
8557,8.8829
8607,37.9044
8558,8.9329
8608,38.4537
8559,8.6810
8609,38.3275
8560,8.7824
8610,38.5758
8561,8.9367
8611,38.2715
8562,8.8220
8612,37.1877
8563,8.5956
8613,39.2325
8564,8.6946
8614,38.0302
8565,8.6243
8615,38.3233
8566,8.5756
8616,38.0851
8567,8.8214
8617,39.6977
8568,9.1453
8618,39.5949
8569,8.7252
8619,39.1557
8570,9.1414
8620,38.6277
8571,9.1795
8621,38.0461
8572,8.8320
8622,39.0367
8573,8.8668
8623,38.2536
8574,9.2154
8624,38.4215
8575,9.2832
8625,38.1268
8576,9.0316
8626,38.7477
8577,9.2264
8627,37.5040
8578,9.1710
8628,37.8914
8579,9.2173
8629,38.3825
8580,9.0303
8630,37.7875
8581,9.3074
8631,38.9316
8582,9.0463
8632,38.5319
8583,8.8375
8633,38.5337
8584,9.2898
8634,37.2152
8585,8.8630
8635,39.2582
8586,8.7990
8636,39.0061
8587,9.3768
8637,38.1010
8588,9.3123
8638,38.2138
8589,9.4533
8639,38.5820
8590,9.0109
8640,39.2520
8591,9.3992
8641,38.7346
8592,9.3114
8642,38.8409
8593,9.1319
8643,38.7753
8594,9.0576
8644,36.9633
8595,8.8789
8645,40.0209
8596,9.1619
8646,38.1942
8597,9.0230
8647,40.2139
8598,9.1639
8648,38.7174
8599,9.0214
8649,37.2044
8600,9.2067
8650,39.4468
8601,9.1006
8651,38.5472
8602,9.1388
8652,38.8164
8603,9.2951
8653,38.8249
8604,9.3855
8654,38.6379
8605,8.9253
8655,37.9549
8606,8.8303
8656,37.5379
8607,8.7150
8657,38.2620
8608,9.1029
8658,38.8510
8609,8.9564
8659,38.8564
8610,8.8928
8660,38.8905
8611,9.0929
8661,38.4187
8612,8.5508
8662,39.9706
8613,8.6715
8663,38.9096
8614,8.8921
8664,37.7454
8615,8.7849
8665,38.3669
8616,8.7453
8666,39.4319
8617,9.0468
8667,37.6472
8618,8.5232
8668,39.6202
8619,8.6547
8669,38.4669
8620,9.2365
8670,37.7184
8621,8.7303
8671,37.1741
8622,9.0186
8672,37.1515
8623,8.7853
8673,36.9392
8624,8.7528
8674,37.7729
8625,8.9428
8675,38.9895
8626,9.1578
8676,38.7485
8627,9.0707
8677,38.0942
8628,8.9032
8678,38.8262
8629,8.6276
8679,37.3386
8630,8.5299
8680,38.2258
8631,9.2231
8681,38.0560
8632,8.9444
8682,37.6738
8633,8.6697
8683,38.6838
8634,8.9766
8684,37.2820
8635,8.5281
8685,39.3224
8636,9.1175
8686,38.0762
8637,9.2213
8687,37.6990
8638,9.4423
8688,38.0508
8639,9.0183
8689,38.0964
8640,9.2888
8690,37.7590
8641,8.8424
8691,38.9422
8642,9.7012
8692,40.6851
8643,9.2323
8693,39.7568
8644,8.8339
8694,38.0038
8645,9.0727
8695,38.8019
8646,8.7643
8696,37.6837
8647,8.8744
8697,38.8306
8648,8.6499
8698,36.8747
8649,8.9713
8699,38.9708
8650,9.6693
8700,39.3180
8651,9.3649
8701,39.6321
8652,8.9863
8702,39.7850
8653,8.7952
8703,38.4616
8654,9.1117
8704,38.8568
8655,9.4260
8705,37.2255
8656,9.1806
8706,39.0332
8657,9.1276
8707,37.8961
8658,8.9455
8708,39.5110
8659,9.3347
8709,36.8412
8660,8.8241
8710,37.9575
8661,9.0929
8711,38.6699
8662,9.0216
8712,37.1212
8663,8.8457
8713,39.2483
8664,8.8011
8714,38.8610
8665,9.0396
8715,37.1864
8666,9.0205
8716,36.5665
8667,8.6953
8717,39.8360
8668,9.0241
8718,37.9036
8669,8.8731
8719,39.1536
8670,9.2658
8720,38.2534
8671,9.1093
8721,38.3631
8672,9.2535
8722,38.3699
8673,9.3117
8723,38.2134
8674,8.6842
8724,38.1454
8675,8.8361
8725,38.1785
8676,8.8900
8726,39.4283
8677,8.8746
8727,38.5911
8678,8.7820
8728,37.2716
8679,8.6191
8729,38.4159
8680,8.6403
8730,38.4822
8681,8.8859
8731,39.7492
8682,8.9872
8732,38.0061
8683,9.3437
8733,38.1846
8684,9.0946
8734,37.6316
8685,9.1355
8735,39.5892
8686,8.9555
8736,38.2836
8687,8.9940
8737,38.8575
8688,8.8900
8738,38.5940
8689,8.8868
8739,39.1468
8690,8.7047
8740,37.7536
8691,8.9002
8741,38.7919
8692,8.7293
8742,37.4797
8693,9.0598
8743,37.1930
8694,8.6362
8744,38.7015
8695,8.7033
8745,38.7141
8696,8.9686
8746,37.2591
8697,8.8059
8747,37.8896
8698,8.8904
8748,37.8409
8699,8.8178
8749,38.0603
8700,8.7398
8750,37.9145
8701,8.6311
8751,37.8189
8702,8.9116
8752,38.1704
8703,9.0401
8753,37.6780
8704,8.8247
8754,40.8737
8705,9.0164
8755,38.4996
8706,9.2011
8756,39.3476
8707,9.0808
8757,37.8578
8708,8.7959
8758,38.2432
8709,9.2914
8759,39.9015
8710,9.4408
8760,38.8146
8711,8.6630
8761,38.9994
8712,8.7728
8762,39.0375
8713,8.8727
8763,37.5461
8714,8.9125
8764,36.9500
8715,9.1027
8765,37.3232
8716,9.0779
8766,38.6992
8717,8.9152
8767,38.1164
8718,9.2489
8768,39.5410
8719,9.4860
8769,39.0101
8720,9.0448
8770,38.7458
8721,9.1577
8771,38.3828
8722,9.0750
8772,38.4745
8723,9.3328
8773,38.0021
8724,9.5161
8774,38.0260
8725,8.7719
8775,38.5977
8726,9.0741
8776,38.6939
8727,9.1625
8777,36.9394
8728,9.0341
8778,37.6934
8729,9.3432
8779,39.1721
8730,8.8114
8780,37.2032
8731,8.7619
8781,36.6107
8732,9.2866
8782,39.3003
8733,9.3265
8783,39.1680
8734,9.4695
8784,38.9183
8735,9.0080
8785,38.4190
8736,8.9923
8786,37.9621
8737,9.3190
8787,39.5063
8738,9.1164
8788,40.0813
8739,9.3161
8789,37.5259
8740,8.7278
8790,38.9301
8741,8.9562
8791,40.5872
8742,9.4660
8792,38.4091
8743,8.6881
8793,38.4066
8744,9.1588
8794,38.4431
8745,9.0267
8795,38.4427
8746,9.1428
8796,38.3993
8747,9.1526
8797,38.4521
8748,8.9754
8798,38.3581
8749,8.9521
8799,40.2260
8750,8.8200
8800,39.4247
8751,9.0136
8801,37.1832
8752,8.9634
8802,37.8674
8753,8.8322
8803,38.3884
8754,8.8301
8804,38.4906
8755,8.8210
8805,38.3093
8756,8.7434
8806,38.3773
8757,8.6303
8807,37.5750
8758,8.8947
8808,38.8692
8759,8.7473
8809,38.2387
8760,8.7264
8810,38.8085
8761,8.7955
8811,39.2775
8762,8.9858
8812,37.4472
8763,9.1184
8813,39.1417
8764,8.7673
8814,37.1148
8765,8.8736
8815,37.9871
8766,9.2832
8816,38.1839
8767,9.1074
8817,38.4201
8768,9.2023
8818,38.4057
8769,8.7835
8819,38.1619
8770,8.6384
8820,38.9471
8771,9.3175
8821,37.4239
8772,8.7555
8822,38.9023
8773,8.8436
8823,38.6310
8774,8.6456
8824,38.5462
8775,9.0377
8825,37.0342
8776,8.8607
8826,38.8383
8777,8.8551
8827,38.3998
8778,9.0859
8828,37.6796
8779,8.7715
8829,39.0903
8780,8.6748
8830,38.2097
8781,8.5306
8831,38.2353
8782,8.7468
8832,38.3889
8783,9.0092
8833,38.3127
8784,8.9917
8834,38.3703
8785,9.0614
8835,37.1138
8786,9.3362
8836,37.3367
8787,8.8179
8837,38.5561
8788,9.1446
8838,39.1569
8789,9.0029
8839,37.7238
8790,9.3185
8840,38.0469
8791,9.2649
8841,37.7415
8792,8.8161
8842,37.6628
8793,8.8950
8843,38.0173
8794,9.3090
8844,38.3215
8795,8.8578
8845,37.2941
8796,8.7520
8846,37.7644
8797,9.0164
8847,38.6176
8798,8.8967
8848,38.4618
8799,9.0291
8849,39.1866
8800,9.3764
8850,39.1647
8801,9.2385
8851,38.5201
8802,8.9976
8852,38.2787
8803,9.4463
8853,38.2208
8804,8.9537
8854,39.1022
8805,9.0630
8855,38.0379
8806,8.8391
8856,39.4447
8807,9.2879
8857,38.3994
8808,9.0516
8858,38.7996
8809,9.0596
8859,38.3856
8810,9.4706
8860,38.7572
8811,9.1138
8861,39.3057
8812,9.3427
8862,39.0502
8813,9.2142
8863,38.0907
8814,9.2662
8864,38.0977
8815,9.2053
8865,39.3239
8816,9.1918
8866,39.8134
8817,10.1979
8867,40.0344
8818,9.3685
8868,39.1569
8819,9.0958
8869,38.9184
8820,8.6559
8870,38.1213
8821,9.2449
8871,38.7772
8822,8.7236
8872,38.9372
8823,8.9538
8873,38.0183
8824,9.1441
8874,37.6917
8825,9.1997
8875,37.5746
8826,8.9419
8876,37.7720
8827,9.1994
8877,37.0574
8828,9.3560
8878,39.4385
8829,9.3462
8879,39.0328
8830,9.4560
8880,37.8841
8831,8.8313
8881,38.1499
8832,9.1135
8882,38.8292
8833,9.3457
8883,37.7892
8834,8.8786
8884,39.1283
8835,9.3037
8885,38.8478
8836,9.3997
8886,39.0856
8837,9.1783
8887,39.1745
8838,8.9114
8888,39.5109
8839,8.8098
8889,37.3573
8840,9.4159
8890,38.4529
8841,8.7453
8891,39.2400
8842,9.4425
8892,38.7224
8843,8.8436
8893,37.7764
8844,9.0496
8894,38.0305
8845,9.0588
8895,37.6794
8846,9.2071
8896,39.3620
8847,9.0610
8897,39.6679
8848,9.1525
8898,38.5671
8849,9.3861
8899,38.5490
8850,11.9060
8900,40.6997
8851,9.2758
8901,37.7422
8852,9.0822
8902,39.4333
8853,9.0727
8903,39.1124
8854,9.0923
8904,37.2458
8855,9.4851
8905,37.9227
8856,9.5890
8906,39.2635
8857,9.2870
8907,39.5136
8858,9.2237
8908,38.7641
8859,9.0999
8909,39.1730
8860,9.0162
8910,39.7602
8861,9.5483
8911,37.7141
8862,9.3681
8912,39.2662
8863,10.0144
8913,39.3510
8864,9.2617
8914,38.7299
8865,8.8065
8915,38.2001
8866,8.9757
8916,40.1173
8867,8.7408
8917,39.6439
8868,9.1038
8918,38.5273
8869,9.0151
8919,38.6933
8870,9.4978
8920,37.7993
8871,9.1167
8921,37.5563
8872,8.9377
8922,38.7179
8873,8.9461
8923,38.1624
8874,9.3509
8924,37.9772
8875,9.0593
8925,39.5240
8876,9.0442
8926,39.1147
8877,9.1726
8927,39.2772
8878,8.8434
8928,38.6707
8879,9.1149
8929,38.7735
8880,8.8811
8930,38.6033
8881,8.9924
8931,39.5230
8882,9.4936
8932,38.7818
8883,8.9157
8933,38.8407
8884,9.3393
8934,39.0566
8885,8.7460
8935,38.5193
8886,9.3212
8936,38.8514
8887,9.4768
8937,39.3106
8888,9.3419
8938,38.9531
8889,9.1330
8939,38.3467
8890,9.1743
8940,37.9783
8891,11.1324
8941,37.6217
8892,12.3665
8942,37.2927
8893,12.4207
8943,40.3587
8894,11.7833
8944,38.7531
8895,12.2266
8945,39.9784
8896,11.8493
8946,37.3651
8897,12.3872
8947,38.7996
8898,11.9871
8948,39.3200
8899,11.9035
8949,39.2972
8900,11.7743
8950,38.5002
8901,12.1327
8951,37.4457
8902,12.0651
8952,38.8293
8903,12.1923
8953,39.0198
8904,11.6395
8954,39.1931
8905,9.7032
8955,39.9670
8906,10.8796
8956,40.1720
8907,10.9192
8957,39.6479
8908,9.9415
8958,39.1093
8909,10.7014
8959,40.2271
8910,9.9719
8960,39.5569
8911,9.7683
8961,39.7523
8912,10.9318
8962,38.4718
8913,10.2613
8963,38.9066
8914,10.0243
8964,39.9071
8915,10.0182
8965,40.4308
8916,9.8414
8966,38.7338
8917,9.9869
8967,39.0980
8918,9.8225
8968,38.9189
8919,9.7680
8969,38.4993
8920,9.8646
8970,39.4531
8921,9.9247
8971,39.8253
8922,9.7127
8972,39.2000
8923,9.6441
8973,39.4096
8924,10.8815
8974,38.2744
8925,10.1151
8975,39.1406
8926,9.9119
8976,39.6970
8927,9.8550
8977,39.4898
8928,10.8652
8978,40.4104
8929,10.0356
8979,40.0490
8930,9.3560
8980,39.4375
8931,9.9411
8981,38.5429
8932,9.8919
8982,39.3465
8933,9.9182
8983,38.7992
8934,11.2590
8984,39.2409
8935,9.8557
8985,40.6626
8936,10.1217
8986,39.6498
8937,10.0075
8987,38.9897
8938,9.7806
8988,39.1875
8939,9.9845
8989,39.1014
8940,10.1501
8990,38.1905
8941,9.7372
8991,37.8948
8942,9.5674
8992,38.6924
8943,9.7461
8993,38.9921
8944,9.5588
8994,42.0252
8945,9.6578
8995,39.7875
8946,9.9167
8996,38.1256
8947,9.6407
8997,38.4129
8948,9.7301
8998,37.8167
8949,9.6579
8999,38.6607
8950,9.7430
9000,39.3821
8951,9.7610
9001,39.6451
8952,9.7948
9002,39.1830
8953,9.8820
9003,38.8517
8954,9.6376
9004,39.1461
8955,9.6900
9005,38.3592
8956,9.7674
9006,38.8326
8957,9.7603
9007,39.4444
8958,9.8761
9008,39.5808
8959,9.6007
9009,39.7228
8960,9.7388
9010,38.1421
8961,9.7729
9011,39.1410
8962,9.8284
9012,39.2422
8963,9.9387
9013,39.3550
8964,9.6727
9014,39.0692
8965,9.6199
9015,38.1593
8966,9.6500
9016,38.5571
8967,9.6546
9017,38.4567
8968,9.6675
9018,38.3355
8969,9.6587
9019,38.1147
8970,9.8897
9020,38.4210
8971,9.7498
9021,38.4153
8972,9.8318
9022,38.6619
8973,9.7663
9023,38.9579
8974,9.6963
9024,39.5652
8975,9.8007
9025,39.5608
8976,9.8565
9026,37.3450
8977,9.6773
9027,38.2673
8978,9.5624
9028,38.4156
8979,9.6046
9029,37.5991
8980,9.6218
9030,38.6029
8981,9.8023
9031,38.2558
8982,9.7909
9032,38.4907
8983,9.7086
9033,40.1052
8984,9.6712
9034,38.5352
8985,9.7800
9035,38.8703
8986,9.7202
9036,39.3714
8987,9.7935
9037,39.2810
8988,9.7848
9038,38.6662
8989,9.8340
9039,37.6399
8990,10.0037
9040,38.5778
8991,9.8084
9041,38.7247
8992,9.7582
9042,38.4183
8993,9.7392
9043,39.8336
8994,10.6914
9044,38.3161
8995,10.9829
9045,38.9701
8996,11.6510
9046,40.4147
8997,10.9459
9047,39.9898
8998,10.8880
9048,39.0289
8999,11.2165
9049,40.1492
9000,11.0180
9050,39.5640
9001,11.0685
9051,38.6055
9002,10.8207
9052,38.8687
9003,11.1923
9053,39.8651
9004,11.2220
9054,40.1561
9005,11.3323
9055,39.3794
9006,11.8144
9056,39.5323
9007,10.6590
9057,39.5926
9008,11.6492
9058,38.4891
9009,11.1657
9059,38.2439
9010,11.1724
9060,38.8635
9011,12.1632
9061,38.8373
9012,11.2788
9062,39.9590
9013,11.8476
9063,38.3145
9014,10.8106
9064,38.4148
9015,10.9513
9065,38.4842
9016,11.0002
9066,39.0011
9017,10.7693
9067,40.8770
9018,10.9527
9068,39.1700
9019,11.6331
9069,40.1289
9020,11.8220
9070,37.6127
9021,10.9838
9071,38.6429
9022,11.1393
9072,39.7944
9023,10.7004
9073,39.1025
9024,11.0013
9074,39.5128
9025,11.8568
9075,38.4720
9026,11.8869
9076,38.8735
9027,11.8787
9077,38.9524
9028,12.4046
9078,39.0062
9029,11.4041
9079,39.2261
9030,10.9308
9080,38.8926
9031,11.7288
9081,39.6301
9032,11.4070
9082,39.2839
9033,12.0391
9083,38.7421
9034,12.3269
9084,39.2944
9035,11.2120
9085,38.4450
9036,10.9201
9086,39.7531
9037,11.0663
9087,39.5628
9038,12.2274
9088,39.8801
9039,11.6815
9089,38.9402
9040,10.9772
9090,39.0978
9041,11.1860
9091,38.7620
9042,11.1365
9092,40.4916
9043,11.6426
9093,39.3556
9044,11.4928
9094,39.5474
9045,10.9182
9095,39.2078
9046,12.0141
9096,38.9647
9047,11.2588
9097,38.4510
9048,11.4231
9098,38.1000
9049,11.7991
9099,39.6707
9050,11.5156
9100,39.2134
9051,10.9026
9101,39.6577
9052,11.9497
9102,39.1339
9053,12.3183
9103,38.7116
9054,11.4438
9104,39.5966
9055,11.8782
9105,38.8401
9056,12.0598
9106,38.6164
9057,11.1826
9107,40.0747
9058,11.2693
9108,39.3771
9059,11.1765
9109,39.2417
9060,11.2383
9110,39.2767
9061,11.2386
9111,39.0125
9062,11.1639
9112,37.9557
9063,10.9726
9113,39.5387
9064,11.1977
9114,40.1200
9065,11.9235
9115,39.4002
9066,12.3369
9116,39.6972
9067,11.2570
9117,38.7041
9068,10.9778
9118,38.5926
9069,11.2534
9119,39.0033
9070,12.0388
9120,38.9677
9071,11.0328
9121,39.7160
9072,10.9631
9122,40.7664
9073,12.1263
9123,39.1234
9074,11.6697
9124,39.2244
9075,11.1363
9125,38.1089
9076,11.6260
9126,39.3618
9077,12.0760
9127,39.5207
9078,11.0690
9128,38.0753
9079,11.8861
9129,39.6742
9080,10.9413
9130,39.0050
9081,12.0170
9131,40.6678
9082,11.8708
9132,38.8038
9083,12.1297
9133,39.5310
9084,12.1957
9134,39.0871
9085,12.2202
9135,40.1128
9086,11.8227
9136,38.9284
9087,12.3301
9137,39.6640
9088,11.9518
9138,40.5601
9089,12.3316
9139,39.1802
9090,11.8801
9140,40.0165
9091,11.9537
9141,39.9004
9092,11.8447
9142,39.3987
9093,11.9496
9143,40.0936
9094,11.8336
9144,38.2429
9095,11.9782
9145,39.3265
9096,11.9784
9146,39.3941
9097,11.9009
9147,39.1768
9098,11.9030
9148,38.5713
9099,11.7813
9149,38.8119
9100,12.0297
9150,41.0744
9101,12.1632
9151,39.5114
9102,12.3877
9152,40.8396
9103,11.9361
9153,38.6932
9104,11.7124
9154,38.3793
9105,12.1347
9155,38.7477
9106,12.2480
9156,38.2788
9107,11.8144
9157,38.3921
9108,12.1090
9158,39.9367
9109,11.9683
9159,38.8485
9110,11.8993
9160,38.7703
9111,11.9965
9161,39.8314
9112,12.0332
9162,39.4096
9113,11.9378
9163,39.2538
9114,12.1424
9164,39.0687
9115,12.1785
9165,38.7883
9116,12.0436
9166,39.7124
9117,12.1048
9167,38.7827
9118,12.2659
9168,38.8371
9119,11.8131
9169,40.3260
9120,12.0620
9170,39.9307
9121,11.9152
9171,39.6659
9122,12.2435
9172,39.5254
9123,11.9726
9173,39.1163
9124,12.0302
9174,38.5005
9125,11.8894
9175,38.8262
9126,11.9959
9176,39.6744
9127,11.9701
9177,39.7316
9128,12.0581
9178,38.8187
9129,12.0144
9179,38.4236
9130,11.4799
9180,39.5386
9131,10.2447
9181,45.8317
9132,10.9573
9182,38.2107
9133,10.8115
9183,41.0143
9134,11.9779
9184,39.0101
9135,11.9591
9185,41.0670
9136,12.0590
9186,39.9336
9137,11.0620
9187,39.5799
9138,10.7825
9188,39.2300
9139,11.8385
9189,39.5853
9140,11.8165
9190,39.2572
9141,11.8061
9191,38.5618
9142,11.2543
9192,38.9203
9143,10.7908
9193,38.7966
9144,10.8420
9194,38.7635
9145,11.2004
9195,39.4868
9146,11.9655
9196,39.4421
9147,11.2166
9197,38.9195
9148,10.8181
9198,38.2228
9149,10.8615
9199,40.0167
9150,10.7335
9200,39.0647
9151,10.9589
9201,39.7675
9152,11.6640
9202,38.9323
9153,11.8126
9203,38.8088
9154,11.8017
9204,39.1796
9155,11.0439
9205,39.6937
9156,10.9399
9206,39.0917
9157,11.0491
9207,39.5750
9158,10.7724
9208,40.1882
9159,11.7470
9209,38.6063
9160,11.0948
9210,39.2582
9161,11.0868
9211,39.4311
9162,11.7590
9212,38.8813
9163,11.5859
9213,38.4453
9164,11.5891
9214,40.7356
9165,10.9810
9215,39.0164
9166,10.6308
9216,38.3960
9167,11.6438
9217,39.5293
9168,11.8352
9218,38.6789
9169,10.6783
9219,38.6322
9170,11.6960
9220,39.0964
9171,11.2420
9221,39.4919
9172,11.8633
9222,39.6064
9173,10.7278
9223,39.0703
9174,11.7241
9224,38.9623
9175,11.4664
9225,39.1073
9176,11.6195
9226,39.5078
9177,11.4581
9227,38.7636
9178,11.5325
9228,39.8160
9179,10.7049
9229,39.7965
9180,11.4856
9230,38.2312
9181,10.9270
9231,39.3550
9182,11.4653
9232,39.7386
9183,11.8071
9233,40.3866
9184,11.9559
9234,38.3817
9185,10.9713
9235,38.2780
9186,11.4636
9236,39.2386
9187,11.7522
9237,39.3804
9188,12.0118
9238,40.2982
9189,11.9251
9239,38.7539
9190,11.3494
9240,39.7678
9191,12.0743
9241,39.8906
9192,11.8578
9242,38.0759
9193,11.6070
9243,38.6769
9194,11.6042
9244,39.2411
9195,11.9109
9245,39.4081
9196,11.8645
9246,39.2010
9197,11.8791
9247,38.3754
9198,11.8073
9248,38.5763
9199,11.7929
9249,39.6179
9200,11.8179
9250,39.3119
9201,11.7785
9251,39.1197
9202,11.9702
9252,39.7248
9203,11.9453
9253,39.8395
9204,11.8406
9254,38.9249
9205,11.7335
9255,40.2287
9206,12.0220
9256,40.3734
9207,11.7283
9257,39.3516
9208,11.7392
9258,40.0705
9209,11.6949
9259,39.4780
9210,11.6069
9260,38.7154
9211,11.8643
9261,39.9208
9212,12.0344
9262,39.2875
9213,11.9962
9263,39.5930
9214,12.0019
9264,39.3255
9215,11.6501
9265,38.9058
9216,11.8655
9266,39.1744
9217,12.0398
9267,39.8610
9218,11.6190
9268,39.4708
9219,11.7852
9269,38.7640
9220,12.0047
9270,39.3861
9221,11.9008
9271,39.3203
9222,11.9907
9272,39.6315
9223,11.7949
9273,38.8181
9224,11.7398
9274,39.3216
9225,11.5334
9275,39.6282
9226,11.7926
9276,39.3215
9227,11.5464
9277,39.4073
9228,11.7281
9278,39.6119
9229,11.8249
9279,39.5114
9230,11.5675
9280,38.5885
9231,11.5966
9281,38.5482
9232,11.8068
9282,39.2633
9233,11.8300
9283,39.4977
9234,11.7382
9284,38.9805
9235,11.7017
9285,39.1010
9236,11.6335
9286,40.7025
9237,12.2898
9287,39.9664
9238,12.2706
9288,39.2371
9239,11.9865
9289,39.4857
9240,11.9991
9290,39.2414
9241,11.8232
9291,38.6909
9242,12.0344
9292,39.4330
9243,11.9422
9293,38.7173
9244,11.6479
9294,38.3919
9245,11.8666
9295,39.5268
9246,11.6387
9296,38.6564
9247,11.7381
9297,39.2498
9248,11.5737
9298,39.5083
9249,11.8384
9299,39.3413
9250,12.0294
9300,40.1910
9251,11.9501
9301,38.7299
9252,11.5678
9302,38.7636
9253,11.9214
9303,39.1622
9254,11.7856
9304,38.5744
9255,11.7414
9305,38.7103
9256,11.8104
9306,40.4362
9257,11.7471
9307,38.3905
9258,11.6185
9308,39.9144
9259,11.8050
9309,38.7505
9260,11.8446
9310,38.3379
9261,12.0995
9311,39.5640
9262,12.0190
9312,38.9705
9263,11.7661
9313,40.8049
9264,11.8010
9314,38.2684
9265,11.7922
9315,39.4828
9266,11.9789
9316,40.1990
9267,11.9546
9317,39.7202
9268,11.9380
9318,39.2089
9269,11.6781
9319,40.1631
9270,11.6997
9320,39.7701
9271,11.8372
9321,39.1058
9272,11.5927
9322,39.0131
9273,11.8346
9323,39.5747
9274,11.7503
9324,39.1431
9275,11.8768
9325,39.3843
9276,12.0681
9326,40.1309
9277,11.9408
9327,40.3900
9278,11.8865
9328,39.4783
9279,11.7018
9329,39.1353
9280,11.7666
9330,40.1354
9281,11.8425
9331,38.6748
9282,11.9960
9332,39.4692
9283,12.0146
9333,39.5245
9284,11.9641
9334,39.1201
9285,11.9078
9335,39.5077
9286,11.5923
9336,38.3381
9287,11.7638
9337,39.6037
9288,11.6653
9338,39.2660
9289,12.0735
9339,39.8718
9290,12.0436
9340,39.0103
9291,11.9012
9341,39.2987
9292,12.1550
9342,40.7392
9293,11.7434
9343,39.3607
9294,11.9583
9344,38.7144
9295,11.6468
9345,38.9877
9296,11.8401
9346,40.5432
9297,11.8399
9347,38.6310
9298,11.8788
9348,38.7581
9299,11.5406
9349,38.7303
9300,11.6593
9350,38.6606
9301,11.2019
9351,39.2049
9302,11.9315
9352,37.7186
9303,11.9251
9353,39.1654
9304,12.0148
9354,40.6549
9305,11.4200
9355,38.2548
9306,11.8514
9356,39.7961
9307,11.9587
9357,39.0190
9308,11.7738
9358,38.9311
9309,11.7779
9359,39.5079
9310,11.9841
9360,39.6145
9311,12.1112
9361,39.6159
9312,11.6950
9362,39.3489
9313,11.8791
9363,38.4152
9314,11.7081
9364,39.2205
9315,11.6017
9365,39.3098
9316,11.9042
9366,39.7695
9317,11.4369
9367,38.8932
9318,11.9309
9368,39.6379
9319,11.8911
9369,39.5278
9320,11.5059
9370,38.9161
9321,11.6503
9371,38.9608
9322,11.6951
9372,39.4278
9323,11.7688
9373,39.0367
9324,11.7554
9374,40.3479
9325,11.8858
9375,39.2620
9326,11.6800
9376,38.8867
9327,11.7640
9377,38.9066
9328,11.6452
9378,39.8664
9329,11.5257
9379,38.7936
9330,11.4919
9380,39.5649
9331,11.6046
9381,39.5363
9332,11.7905
9382,37.8133
9333,11.6126
9383,38.4364
9334,11.7763
9384,37.9875
9335,11.7332
9385,39.6268
9336,11.6434
9386,38.3705
9337,11.7339
9387,39.6923
9338,11.6197
9388,39.9854
9339,11.8697
9389,39.1810
9340,11.6676
9390,39.6583
9341,11.9077
9391,39.6336
9342,11.8086
9392,40.7569
9343,11.9759
9393,38.8429
9344,11.6225
9394,40.7066
9345,11.9101
9395,40.9650
9346,11.7402
9396,39.1433
9347,11.9332
9397,39.2107
9348,11.8914
9398,38.6277
9349,11.8605
9399,38.8065
9350,11.5560
9400,39.2631
9351,11.6907
9401,39.1035
9352,11.5613
9402,39.7847
9353,11.6359
9403,39.0637
9354,12.1304
9404,40.1411
9355,11.8971
9405,39.6752
9356,12.1620
9406,39.5564
9357,11.7404
9407,39.2496
9358,11.7165
9408,38.9040
9359,11.8794
9409,39.6521
9360,11.5841
9410,38.2861
9361,11.9144
9411,40.6816
9362,11.5889
9412,38.5729
9363,11.7645
9413,40.0271
9364,11.8255
9414,39.9091
9365,11.7836
9415,39.8082
9366,11.7414
9416,39.4054
9367,11.6731
9417,38.9673
9368,11.7109
9418,38.8491
9369,11.7808
9419,39.5724
9370,11.8076
9420,39.0952
9371,11.4720
9421,39.6473
9372,11.6222
9422,37.7264
9373,12.0645
9423,39.9780
9374,11.9397
9424,38.7823
9375,11.2657
9425,44.2761
9376,11.5747
9426,38.5034
9377,10.3652
9427,39.9775
9378,12.0457
9428,39.4846
9379,11.5740
9429,38.0302
9380,11.6412
9430,39.0102
9381,11.8965
9431,38.8202
9382,11.5179
9432,38.6295
9383,11.8545
9433,40.2864
9384,11.2603
9434,39.4521
9385,12.0893
9435,39.3727
9386,12.0848
9436,39.2411
9387,11.6389
9437,39.2558
9388,11.8347
9438,37.7401
9389,11.6966
9439,39.1293
9390,11.8659
9440,38.4018
9391,11.6816
9441,37.9879
9392,11.6098
9442,40.3202
9393,11.9741
9443,39.1396
9394,11.8233
9444,39.7076
9395,11.9418
9445,39.5540
9396,11.7398
9446,39.1994
9397,11.6362
9447,38.7471
9398,11.7258
9448,38.5885
9399,11.7187
9449,39.5472
9400,11.7477
9450,38.2623
9401,11.6770
9451,39.0223
9402,11.4393
9452,38.7135
9403,11.6212
9453,39.2480
9404,11.8800
9454,39.0463
9405,11.7774
9455,39.4682
9406,11.2591
9456,39.2785
9407,11.8576
9457,39.7357
9408,11.9022
9458,40.6321
9409,11.5715
9459,40.0735
9410,11.5264
9460,38.8154
9411,11.7485
9461,39.6633
9412,11.7561
9462,39.6746
9413,11.7585
9463,40.5061
9414,11.5586
9464,38.3570
9415,11.5534
9465,38.5912
9416,11.7573
9466,38.8896
9417,11.7925
9467,39.2486
9418,12.1869
9468,39.3868
9419,12.0232
9469,40.1165
9420,11.5946
9470,38.4681
9421,11.9990
9471,39.6993
9422,11.9068
9472,38.9386
9423,11.7951
9473,39.0301
9424,11.9943
9474,40.8861
9425,11.7791
9475,40.6127
9426,11.4297
9476,38.1537
9427,11.7060
9477,39.0553
9428,11.7500
9478,39.3842
9429,11.9771
9479,38.8522
9430,12.0695
9480,39.7372
9431,12.0490
9481,40.8184
9432,11.8330
9482,39.2174
9433,11.5344
9483,39.8210
9434,11.7640
9484,38.5786
9435,12.3443
9485,39.4243
9436,11.6481
9486,38.9602
9437,11.7234
9487,39.1933
9438,11.6297
9488,38.5823
9439,12.1658
9489,39.9221
9440,11.4775
9490,39.1466
9441,11.5368
9491,39.2844
9442,11.1335
9492,39.2985
9443,11.6809
9493,39.7182
9444,11.5444
9494,38.9925
9445,11.3900
9495,39.2204
9446,11.7719
9496,38.6894
9447,11.8621
9497,40.0225
9448,11.8894
9498,39.2366
9449,11.4278
9499,38.8054
9450,11.4148
9500,39.4018
9451,11.7773
9501,39.2388
9452,11.6034
9502,39.1051
9453,11.8481
9503,39.7056
9454,11.7210
9504,39.6786
9455,11.8797
9505,40.1092
9456,11.8924
9506,39.0752
9457,11.8935
9507,39.5296
9458,11.9767
9508,38.0878
9459,12.0381
9509,39.0315
9460,11.6552
9510,39.5965
9461,11.9486
9511,40.0994
9462,11.9920
9512,40.3588
9463,11.8266
9513,39.3779
9464,11.8015
9514,39.6890
9465,11.6892
9515,39.1865
9466,11.5763
9516,38.2995
9467,11.3480
9517,38.5244
9468,12.0295
9518,41.2900
9469,11.7002
9519,38.1301
9470,11.7120
9520,38.9879
9471,11.6344
9521,38.7408
9472,11.4188
9522,39.1567
9473,12.0788
9523,39.7866
9474,11.6916
9524,38.8622
9475,11.7888
9525,40.0268
9476,11.9263
9526,38.7605
9477,11.9187
9527,39.9087
9478,11.7238
9528,41.5707
9479,11.1053
9529,49.1123
9480,11.7215
9530,38.8335
9481,11.5035
9531,39.7598
9482,12.0371
9532,39.2578
9483,11.5696
9533,38.7498
9484,11.4155
9534,39.8900
9485,12.0122
9535,39.4717
9486,11.2511
9536,39.3765
9487,11.3395
9537,39.5511
9488,11.9122
9538,38.4041
9489,11.7959
9539,39.9255
9490,12.0992
9540,39.4392
9491,11.8216
9541,39.3777
9492,11.5846
9542,38.9239
9493,11.8248
9543,39.0294
9494,11.7546
9544,40.7174
9495,11.7357
9545,39.9927
9496,12.1589
9546,39.3588
9497,11.5936
9547,39.8046
9498,11.7875
9548,40.1835
9499,11.4084
9549,39.4071
9500,12.0439
9550,40.4828
9501,11.8996
9551,38.7852
9502,12.0014
9552,39.7231
9503,11.6670
9553,37.6448
9504,11.3024
9554,38.8432
9505,11.9677
9555,40.3553
9506,12.0970
9556,39.1554
9507,11.4955
9557,38.5456
9508,11.3860
9558,38.7617
9509,11.7733
9559,39.9274
9510,11.4126
9560,38.0627
9511,11.7467
9561,39.3135
9512,11.6078
9562,39.1077
9513,11.7095
9563,39.6310
9514,11.8118
9564,38.9201
9515,11.9169
9565,39.9898
9516,11.3553
9566,38.6693
9517,11.5492
9567,38.6723
9518,12.1535
9568,39.7062
9519,11.2046
9569,37.3789
9520,11.2895
9570,39.6882
9521,11.9286
9571,40.2435
9522,11.9560
9572,39.4174
9523,11.8541
9573,39.7568
9524,11.7954
9574,39.0933
9525,11.6106
9575,37.9652
9526,11.4900
9576,39.3382
9527,11.8512
9577,39.7701
9528,11.4769
9578,39.7878
9529,11.5728
9579,39.4304
9530,11.7642
9580,38.2680
9531,11.6427
9581,39.3831
9532,12.1340
9582,39.8370
9533,11.4000
9583,38.0220
9534,11.7533
9584,38.4104
9535,11.5738
9585,39.0497
9536,11.9123
9586,39.4232
9537,11.7389
9587,38.8334
9538,12.0386
9588,39.3260
9539,11.8254
9589,39.3965
9540,11.7597
9590,39.3658
9541,11.4533
9591,39.5087
9542,11.8426
9592,38.8188
9543,11.6802
9593,39.9284
9544,11.7679
9594,40.3390
9545,12.0043
9595,41.4907
9546,11.6972
9596,39.8023
9547,11.8982
9597,39.2568
9548,11.7273
9598,39.2318
9549,11.5311
9599,38.7002
9550,11.6803
9600,39.3577
9551,11.4440
9601,38.6003
9552,11.5029
9602,39.8295
9553,11.3015
9603,38.7634
9554,11.4219
9604,39.1409
9555,11.1585
9605,38.9501
9556,11.6504
9606,38.7243
9557,11.9731
9607,39.2817
9558,11.8984
9608,39.4933
9559,11.7020
9609,38.7524
9560,11.4802
9610,39.5557
9561,12.0631
9611,39.1318
9562,11.6988
9612,39.5725
9563,11.6846
9613,38.9353
9564,11.7689
9614,39.5709
9565,11.6427
9615,39.1855
9566,12.6913
9616,41.0514
9567,12.0664
9617,39.8019
9568,11.8653
9618,39.3402
9569,11.6395
9619,40.5287
9570,11.3245
9620,38.3221
9571,11.6350
9621,39.9854
9572,11.7593
9622,38.4780
9573,11.8932
9623,39.2911
9574,11.5361
9624,38.5168
9575,11.7591
9625,38.2126
9576,11.3630
9626,38.3247
9577,11.6608
9627,39.1487
9578,11.9228
9628,39.3747
9579,11.4669
9629,39.0277
9580,11.7553
9630,40.0727
9581,11.7479
9631,37.7699
9582,11.6273
9632,39.3888
9583,11.6023
9633,38.5248
9584,11.7752
9634,39.0522
9585,11.7988
9635,39.4091
9586,11.5630
9636,38.1310
9587,12.0318
9637,39.1906
9588,11.7341
9638,39.4975
9589,11.9310
9639,40.1377
9590,11.7220
9640,38.3654
9591,11.6897
9641,38.7512
9592,11.9981
9642,40.1603
9593,11.4019
9643,39.6606
9594,11.4165
9644,38.2161
9595,11.5263
9645,39.0508
9596,12.1239
9646,39.5452
9597,11.9311
9647,39.9469
9598,11.8775
9648,39.8582
9599,11.8500
9649,39.0417
9600,11.9025
9650,38.3506
9601,12.0331
9651,39.6315
9602,11.8586
9652,39.5613
9603,11.9047
9653,40.0192
9604,11.7919
9654,40.2520
9605,11.6293
9655,39.5713
9606,11.5052
9656,38.3462
9607,11.8922
9657,38.9758
9608,11.4332
9658,38.4357
9609,11.5182
9659,38.7241
9610,11.6688
9660,39.2314
9611,11.4702
9661,38.8151
9612,11.8812
9662,40.2298
9613,11.6951
9663,39.9877
9614,11.3378
9664,39.9734
9615,11.2632
9665,38.8467
9616,12.0548
9666,39.6330
9617,11.4760
9667,39.7489
9618,11.2576
9668,40.8188
9619,12.0897
9669,39.5416
9620,11.7111
9670,39.7910
9621,11.6150
9671,37.8723
9622,11.4571
9672,39.0468
9623,11.7064
9673,38.7423
9624,11.5610
9674,39.2746
9625,11.9048
9675,39.7510
9626,11.5076
9676,39.8630
9627,11.3422
9677,40.0888
9628,11.9841
9678,39.2305
9629,11.5561
9679,39.4699
9630,11.4963
9680,38.7150
9631,11.5506
9681,39.1685
9632,11.5172
9682,39.8545
9633,11.2833
9683,38.9375
9634,11.3367
9684,39.6038
9635,11.7781
9685,38.8566
9636,11.7034
9686,40.4147
9637,11.8023
9687,39.2823
9638,11.7667
9688,38.5941
9639,11.5813
9689,39.7038
9640,11.7480
9690,39.0582
9641,11.5424
9691,37.8392
9642,11.5838
9692,39.1866
9643,11.4863
9693,38.3376
9644,11.6992
9694,39.4786
9645,11.5627
9695,38.3403
9646,11.1693
9696,39.1418
9647,12.2170
9697,41.0742
9648,11.4414
9698,39.7951
9649,11.7986
9699,39.4089
9650,11.9109
9700,39.8811
9651,11.6012
9701,39.7582
9652,11.5955
9702,38.8085
9653,11.8270
9703,39.3724
9654,11.5235
9704,38.5671
9655,11.1332
9705,39.1346
9656,11.6641
9706,39.2563
9657,11.6130
9707,40.5517
9658,11.2890
9708,39.2625
9659,11.8162
9709,38.9804
9660,11.4200
9710,38.9433
9661,11.2761
9711,39.0638
9662,11.6323
9712,39.1715
9663,12.2700
9713,39.3808
9664,11.4972
9714,39.7503
9665,11.6145
9715,40.3011
9666,11.7586
9716,40.0258
9667,11.5119
9717,37.6500
9668,12.0572
9718,39.9914
9669,11.5686
9719,38.9637
9670,11.1153
9720,38.5974
9671,11.1720
9721,39.1207
9672,11.8930
9722,39.9086
9673,11.4430
9723,39.4353
9674,11.5649
9724,39.5406
9675,11.5062
9725,39.1719
9676,11.2325
9726,38.6686
9677,11.4372
9727,39.4720
9678,11.4957
9728,39.7126
9679,11.5826
9729,40.5130
9680,11.6428
9730,40.3336
9681,11.3943
9731,40.4427
9682,11.3019
9732,40.3766
9683,11.7490
9733,40.2428
9684,11.2163
9734,39.8507
9685,11.2417
9735,40.3587
9686,10.9533
9736,43.0327
9687,11.4639
9737,39.0457
9688,11.1866
9738,39.8201
9689,10.9967
9739,38.9979
9690,10.8988
9740,39.2469
9691,10.9272
9741,38.9824
9692,11.4624
9742,39.3031
9693,11.2823
9743,39.8091
9694,11.2338
9744,39.5429
9695,10.7018
9745,39.4574
9696,11.0921
9746,40.9614
9697,11.7758
9747,38.6432
9698,11.3532
9748,40.4532
9699,11.7039
9749,39.6075
9700,10.9203
9750,38.3072
9701,11.2310
9751,40.5327
9702,11.4996
9752,40.6470
9703,11.2382
9753,39.9093
9704,11.2641
9754,40.4388
9705,11.1174
9755,39.7905
9706,11.6031
9756,39.4993
9707,11.1187
9757,39.8404
9708,11.2719
9758,38.8325
9709,11.4546
9759,39.1421
9710,11.3771
9760,39.8377
9711,11.3730
9761,38.1254
9712,11.3933
9762,39.3429
9713,11.4636
9763,38.8587
9714,11.7667
9764,40.3147
9715,11.5428
9765,39.0546
9716,11.0420
9766,39.0316
9717,11.2311
9767,38.5723
9718,11.1367
9768,39.3038
9719,11.0298
9769,38.8722
9720,11.5000
9770,39.3970
9721,11.4934
9771,38.9349
9722,11.1209
9772,39.8977
9723,11.3802
9773,39.8270
9724,11.7129
9774,40.1825
9725,11.3440
9775,40.2471
9726,11.7350
9776,40.2632
9727,11.6135
9777,38.4155
9728,11.8768
9778,39.6169
9729,10.9214
9779,39.3818
9730,11.1747
9780,38.3099
9731,11.4632
9781,39.4479
9732,11.3762
9782,39.6578
9733,11.7066
9783,39.3968
9734,11.3196
9784,40.7521
9735,11.8480
9785,39.8820
9736,11.6750
9786,39.8386
9737,11.5723
9787,38.9856
9738,11.3296
9788,40.5565
9739,11.6156
9789,39.5845
9740,11.1907
9790,38.0616
9741,11.3505
9791,39.0326
9742,11.5654
9792,39.1301
9743,11.9747
9793,39.8835
9744,11.3015
9794,39.7136
9745,11.2786
9795,38.7352
9746,11.5598
9796,39.9825
9747,11.4106
9797,40.5237
9748,11.5304
9798,40.7556
9749,11.1745
9799,39.3130
9750,11.3238
9800,40.6816
9751,11.4177
9801,40.1260
9752,11.2704
9802,40.2111
9753,11.2201
9803,39.1915
9754,11.5086
9804,40.3262
9755,11.6305
9805,39.9548
9756,11.6339
9806,39.8930
9757,11.4260
9807,40.5206
9758,11.5691
9808,39.2430
9759,11.5936
9809,38.8694
9760,10.9925
9810,38.5513
9761,11.1725
9811,39.0514
9762,11.4834
9812,39.4745
9763,11.3502
9813,38.4777
9764,11.3837
9814,38.2257
9765,11.0621
9815,39.7298
9766,11.6933
9816,40.0458
9767,11.2163
9817,39.7789
9768,11.3158
9818,40.5667
9769,11.1711
9819,39.0627
9770,11.1180
9820,39.6831
9771,11.4250
9821,38.4881
9772,11.6807
9822,38.9817
9773,11.3409
9823,40.1506
9774,11.3679
9824,40.0152
9775,11.4231
9825,39.3748
9776,11.5530
9826,38.6223
9777,11.1401
9827,39.6411
9778,11.3904
9828,39.2401
9779,11.4539
9829,39.2151
9780,11.2481
9830,39.5976
9781,11.1131
9831,39.3903
9782,11.3309
9832,40.3525
9783,12.1020
9833,39.7422
9784,11.2185
9834,39.3778
9785,11.4047
9835,39.4892
9786,11.5417
9836,38.4899
9787,11.6093
9837,40.5266
9788,11.5345
9838,40.2375
9789,11.3550
9839,40.7805
9790,11.5637
9840,39.7736
9791,11.2801
9841,39.1922
9792,11.2342
9842,38.7181
9793,11.2843
9843,41.0457
9794,11.5684
9844,40.0713
9795,11.2422
9845,38.8960
9796,11.2095
9846,40.2085
9797,10.9794
9847,39.3756
9798,11.3145
9848,38.8239
9799,11.2811
9849,38.9258
9800,10.9369
9850,40.5571
9801,11.0408
9851,39.0327
9802,11.3962
9852,41.3873
9803,11.0644
9853,39.6481
9804,11.3365
9854,37.9095
9805,11.2802
9855,40.6240
9806,11.5661
9856,39.8113
9807,11.4585
9857,39.2751
9808,11.0232
9858,40.8859
9809,11.3157
9859,40.7388
9810,11.1960
9860,38.0862
9811,11.2918
9861,39.4000
9812,11.4408
9862,39.5496
9813,11.5807
9863,39.0947
9814,11.1008
9864,39.5880
9815,11.3184
9865,39.4159
9816,11.3813
9866,40.0638
9817,11.0688
9867,40.1585
9818,11.0868
9868,39.6947
9819,11.5111
9869,41.0302
9820,11.4775
9870,40.1023
9821,11.4102
9871,39.0239
9822,10.9089
9872,40.4386
9823,11.4789
9873,40.9318
9824,11.2895
9874,39.2446
9825,11.5212
9875,39.4634
9826,11.0373
9876,37.7576
9827,11.0370
9877,39.0031
9828,11.0496
9878,38.6273
9829,11.2038
9879,37.9370
9830,11.0594
9880,40.0739
9831,11.3643
9881,39.2604
9832,11.4673
9882,39.4529
9833,11.3300
9883,38.6365
9834,11.2308
9884,39.4171
9835,11.7710
9885,39.3445
9836,11.0557
9886,39.5480
9837,11.3116
9887,39.5694
9838,11.3558
9888,40.0601
9839,11.4059
9889,40.6849
9840,11.3669
9890,39.7983
9841,11.5823
9891,39.3301
9842,11.3221
9892,41.8360
9843,11.0691
9893,40.2220
9844,11.3028
9894,38.9931
9845,11.0698
9895,39.2408
9846,11.2053
9896,40.2635
9847,11.6049
9897,39.5930
9848,11.3667
9898,39.0990
9849,11.3396
9899,38.6761
9850,11.3886
9900,38.9462
9851,11.5596
9901,40.8481
9852,11.5993
9902,39.9071
9853,11.2407
9903,39.9590
9854,11.3437
9904,39.5794
9855,11.4447
9905,39.3410
9856,11.2112
9906,37.7891
9857,10.9145
9907,38.8690
9858,11.6537
9908,38.8603
9859,11.1244
9909,39.5530
9860,11.0305
9910,39.9945
9861,11.5287
9911,38.7111
9862,11.3504
9912,40.1821
9863,11.2538
9913,38.8002
9864,11.4497
9914,39.6848
9865,11.5853
9915,39.9244
9866,11.3904
9916,39.1532
9867,11.2760
9917,39.6371
9868,11.1918
9918,39.7916
9869,11.4556
9919,39.0789
9870,10.9269
9920,40.7813
9871,11.4888
9921,39.8333
9872,11.4575
9922,39.6195
9873,11.0447
9923,38.3535
9874,11.3052
9924,39.3005
9875,11.3536
9925,38.8369
9876,11.4674
9926,39.4904
9877,11.1592
9927,40.1135
9878,11.4799
9928,40.3166
9879,11.5110
9929,38.7832
9880,11.1923
9930,39.3705
9881,11.4554
9931,39.9099
9882,11.2899
9932,38.1061
9883,11.4067
9933,38.9881
9884,11.4056
9934,40.1759
9885,11.2399
9935,38.9899
9886,11.0401
9936,40.2510
9887,11.0639
9937,40.2322
9888,11.4262
9938,39.1200
9889,10.9878
9939,39.3949
9890,11.1306
9940,39.3384
9891,11.5908
9941,39.1953
9892,11.1068
9942,38.7075
9893,11.2544
9943,39.7742
9894,10.9821
9944,39.2568
9895,11.4813
9945,38.7221
9896,11.3864
9946,39.2963
9897,11.7662
9947,39.3904
9898,11.1051
9948,40.8417
9899,11.1719
9949,39.2180
9900,11.1444
9950,40.5535
9901,11.3435
9951,39.6944
9902,11.1290
9952,40.2039
9903,11.5070
9953,38.6368
9904,11.3301
9954,38.9958
9905,11.2571
9955,39.4263
9906,11.1731
9956,39.0108
9907,11.1936
9957,39.2032
9908,11.1562
9958,39.3787
9909,11.5569
9959,41.5032
9910,11.4506
9960,39.4714
9911,11.4769
9961,39.8433
9912,11.0325
9962,39.4074
9913,11.5023
9963,39.4257
9914,11.0173
9964,39.2008
9915,11.6258
9965,40.8568
9916,11.2192
9966,39.1267
9917,11.3075
9967,39.3089
9918,11.3457
9968,39.3995
9919,11.5808
9969,38.7921
9920,11.6390
9970,39.2987
9921,11.7657
9971,39.6529
9922,11.5636
9972,38.9712
9923,11.4710
9973,39.3992
9924,11.6623
9974,39.7215
9925,11.2958
9975,39.0782
9926,11.1479
9976,39.0553
9927,11.1161
9977,39.5713
9928,11.3013
9978,39.3918
9929,11.1108
9979,39.6463
9930,11.3290
9980,40.5763
9931,11.4338
9981,39.7149
9932,11.4312
9982,39.2755
9933,11.4522
9983,40.5635
9934,11.0571
9984,40.0340
9935,11.3892
9985,39.1964
9936,11.5425
9986,38.1417
9937,11.8105
9987,39.9580
9938,11.7037
9988,40.4793
9939,10.9891
9989,40.5968
9940,11.2178
9990,38.5690
9941,11.1105
9991,39.8162
9942,11.2189
9992,39.2270
9943,11.8571
9993,38.6149
9944,11.3388
9994,38.5932
9945,11.3490
9995,40.0916
9946,11.0888
9996,39.3920
9947,11.2086
9997,39.0517
9948,11.1909
9998,38.3509
9949,11.3892
9999,39.9747
9950,11.1658
10000,40.0379
9951,11.1727
10001,39.2614
9952,11.0712
10002,38.8680
9953,11.4269
10003,38.8413
9954,11.1582
10004,40.1200
9955,11.2537
10005,39.7429
9956,11.1662
10006,40.8556
9957,11.1500
10007,39.3924
9958,11.3582
10008,41.6992
9959,11.4232
10009,39.9066
9960,10.9415
10010,39.5752
9961,10.9846
10011,39.5558
9962,11.1463
10012,39.6427
9963,11.4681
10013,40.0787
9964,11.4153
10014,39.2035
9965,11.4535
10015,39.1810
9966,11.4247
10016,39.3024
9967,11.3132
10017,39.5376
9968,11.1372
10018,38.5201
9969,11.3258
10019,40.1632
9970,11.5145
10020,39.7932
9971,11.5405
10021,39.1496
9972,11.2174
10022,39.7453
9973,11.4936
10023,39.9846
9974,11.4426
10024,39.0062
9975,11.3158
10025,38.4718
9976,10.9255
10026,39.2667
9977,11.3421
10027,38.9698
9978,11.4152
10028,39.9901
9979,11.3253
10029,39.5959
9980,11.5306
10030,39.7553
9981,11.1276
10031,39.6931
9982,11.3682
10032,39.3761
9983,11.2914
10033,38.9428
9984,11.7363
10034,39.2551
9985,12.4329
10035,41.2303
9986,11.3882
10036,38.9209
9987,11.1787
10037,40.7088
9988,11.1081
10038,38.6424
9989,11.4757
10039,39.8819
9990,11.1900
10040,38.7234
9991,11.0485
10041,38.9256
9992,11.5547
10042,39.1521
9993,11.4875
10043,39.0938
9994,11.7581
10044,39.7089
9995,11.1017
10045,37.9491
9996,11.3783
10046,39.7434
9997,11.0273
10047,39.3771
9998,11.3178
10048,39.8046
9999,11.1425
10049,40.7148
10000,11.7804
10050,38.9957
10001,11.1009
10051,39.9293
10002,11.1927
10052,38.7004
10003,11.1807
10053,39.8451
10004,11.4056
10054,38.1886
10005,11.2665
10055,39.1595
10006,12.3088
10056,39.3860
10007,11.3320
10057,39.9637
10008,10.9337
10058,37.8735
10009,11.3940
10059,39.8424
10010,11.2268
10060,39.4288
10011,11.4303
10061,39.2279
10012,11.2497
10062,39.0709
10013,10.9682
10063,38.8065
10014,11.0824
10064,40.3977
10015,11.5075
10065,38.6961
10016,11.3618
10066,39.3045
10017,10.9134
10067,39.1088
10018,11.2747
10068,39.9091
10019,11.3389
10069,38.9050
10020,10.8675
10070,40.6803
10021,11.1118
10071,39.9172
10022,11.2275
10072,40.0635
10023,11.0017
10073,40.1776
10024,11.2566
10074,39.3599
10025,11.1388
10075,39.0969
10026,11.2406
10076,39.6794
10027,11.4318
10077,39.7192
10028,11.3888
10078,40.6044
10029,11.3254
10079,39.1505
10030,10.9690
10080,38.6830
10031,11.4679
10081,39.2282
10032,11.2303
10082,39.3354
10033,10.9886
10083,38.5887
10034,11.1671
10084,38.8529
10035,11.4997
10085,39.7764
10036,10.9904
10086,40.1047
10037,11.4880
10087,38.4280
10038,11.5150
10088,40.4048
10039,11.3999
10089,39.3591
10040,11.0533
10090,39.7541
10041,11.2537
10091,39.4449
10042,11.0169
10092,39.3531
10043,11.8044
10093,40.5113
10044,11.1136
10094,39.8222
10045,11.2362
10095,38.5910
10046,11.1964
10096,39.4940
10047,11.0455
10097,39.9443
10048,11.0290
10098,39.6948
10049,11.1884
10099,39.7548
10050,11.0648
10100,39.0186
10051,10.9065
10101,38.6387
10052,11.0937
10102,38.3901
10053,11.0462
10103,38.4342
10054,11.1235
10104,38.5929
10055,11.2653
10105,40.4806
10056,11.1324
10106,38.7340
10057,11.3100
10107,39.3091
10058,11.1252
10108,39.5223
10059,11.1053
10109,38.5772
10060,11.1513
10110,39.7887
10061,11.4238
10111,40.3509
10062,10.9585
10112,39.6678
10063,11.2936
10113,40.1647
10064,11.2645
10114,39.8185
10065,11.1396
10115,39.0896
10066,11.0921
10116,39.7921
10067,11.0596
10117,40.7525
10068,10.5864
10118,40.8563
10069,11.0655
10119,39.3315
10070,11.3416
10120,39.8064
10071,11.7381
10121,39.5875
10072,11.0877
10122,38.6928
10073,11.5251
10123,39.8598
10074,10.9449
10124,39.5513
10075,11.0013
10125,40.5936
10076,10.9800
10126,38.1186
10077,11.4554
10127,38.9977
10078,11.3397
10128,39.7168
10079,11.2085
10129,39.1961
10080,11.4387
10130,39.8041
10081,11.5906
10131,40.1386
10082,10.7368
10132,39.7723
10083,10.8767
10133,38.3197
10084,11.8184
10134,39.1329
10085,11.7480
10135,38.6042
10086,11.3736
10136,38.9847
10087,11.4852
10137,38.6616
10088,11.5187
10138,40.3119
10089,11.6000
10139,39.4544
10090,11.0634
10140,39.0711
10091,11.3937
10141,40.5300
10092,11.5316
10142,39.9698
10093,10.8754
10143,39.9912
10094,11.1509
10144,39.3320
10095,11.4771
10145,41.6518
10096,11.3425
10146,40.9203
10097,11.4707
10147,39.4074
10098,11.3268
10148,39.8206
10099,11.3128
10149,38.7180
10100,11.3113
10150,38.1489
10101,11.0061
10151,39.8186
10102,11.0829
10152,40.2342
10103,11.3815
10153,39.9873
10104,11.2332
10154,40.1246
10105,11.0621
10155,39.8343
10106,11.1612
10156,40.0290
10107,11.3782
10157,39.9840
10108,11.3953
10158,40.5425
10109,11.0064
10159,38.9500
10110,11.2739
10160,39.2220
10111,11.8376
10161,38.8047
10112,10.9941
10162,39.8273
10113,10.9102
10163,38.7921
10114,11.7071
10164,39.6426
10115,11.6131
10165,40.2041
10116,11.1685
10166,39.8577
10117,11.3586
10167,39.7351
10118,11.3039
10168,39.9572
10119,11.5571
10169,39.2618
10120,11.2391
10170,38.3445
10121,11.5040
10171,38.0733
10122,11.7851
10172,39.1052
10123,11.4938
10173,38.9009
10124,11.3162
10174,39.0589
10125,11.0337
10175,38.5850
10126,11.4615
10176,38.8214
10127,11.4110
10177,38.6378
10128,11.0670
10178,40.3567
10129,11.6105
10179,39.6425
10130,11.4199
10180,38.5267
10131,11.3001
10181,39.3690
10132,11.7187
10182,39.5287
10133,11.0127
10183,39.4751
10134,11.4670
10184,39.3066
10135,11.2167
10185,39.4940
10136,11.2132
10186,38.8354
10137,11.3459
10187,39.2563
10138,10.9909
10188,39.6470
10139,11.1176
10189,38.3752
10140,11.0292
10190,39.7153
10141,11.5309
10191,38.2662
10142,11.4656
10192,37.7074
10143,11.2748
10193,40.5319
10144,11.5756
10194,39.4323
10145,11.4485
10195,39.7040
10146,11.3520
10196,39.8842
10147,11.4401
10197,39.3738
10148,10.8943
10198,38.0708
10149,10.9386
10199,38.3980
10150,11.3275
10200,39.3212
10151,11.0379
10201,38.8043
10152,11.3079
10202,39.0975
10153,11.7777
10203,38.9295
10154,11.6067
10204,39.2025
10155,11.1629
10205,38.7334
10156,11.1581
10206,39.3895
10157,11.4264
10207,40.0961
10158,11.2692
10208,39.4135
10159,11.0079
10209,39.9689
10160,11.4462
10210,40.3171
10161,11.1305
10211,39.1405
10162,11.2564
10212,39.8464
10163,11.1086
10213,40.2268
10164,11.2352
10214,38.9346
10165,11.1930
10215,40.0884
10166,11.3870
10216,38.8717
10167,11.4819
10217,39.4640
10168,11.2348
10218,39.3390
10169,11.5739
10219,39.4933
10170,11.1829
10220,40.0334
10171,11.5897
10221,39.0259
10172,11.2758
10222,38.8631
10173,11.2924
10223,39.6537
10174,11.2389
10224,39.4463
10175,11.1261
10225,40.7343
10176,10.8624
10226,43.4843
10177,11.0363
10227,38.4719
10178,11.1938
10228,39.1501
10179,11.2455
10229,39.0310
10180,11.5398
10230,38.5422
10181,11.1535
10231,39.7630
10182,10.8585
10232,39.2900
10183,11.5642
10233,39.3211
10184,11.1768
10234,40.1260
10185,11.4838
10235,39.1976
10186,11.3888
10236,39.6087
10187,11.1365
10237,39.4685
10188,11.5286
10238,40.0657
10189,11.3203
10239,38.4732
10190,11.2885
10240,38.9993
10191,11.6355
10241,39.4623
10192,11.0273
10242,39.1316
10193,10.8910
10243,39.3516
10194,11.3501
10244,39.4683
10195,10.9462
10245,39.2494
10196,11.4753
10246,39.5056
10197,11.8527
10247,38.6018
10198,11.0799
10248,38.9199
10199,10.9682
10249,38.7154
10200,11.0178
10250,39.3973
10201,11.1163
10251,39.3088
10202,11.2243
10252,39.3336
10203,11.5190
10253,39.5131
10204,11.3260
10254,40.1784
10205,11.7726
10255,39.6266
10206,11.5283
10256,40.1614
10207,11.1334
10257,38.8161
10208,10.9719
10258,39.3004
10209,11.5187
10259,38.3995
10210,11.1081
10260,38.4678
10211,11.3369
10261,39.9047
10212,11.1351
10262,40.4036
10213,11.3807
10263,39.9930
10214,11.0278
10264,39.1256
10215,11.4521
10265,40.3845
10216,11.3160
10266,38.3791
10217,11.7123
10267,39.0624
10218,11.4348
10268,39.0430
10219,11.3657
10269,39.3078
10220,11.0934
10270,38.2320
10221,11.2627
10271,39.0963
10222,10.9245
10272,39.2589
10223,12.0668
10273,39.9222
10224,11.8512
10274,39.8545
10225,10.8728
10275,39.6941
10226,11.3545
10276,39.4246
10227,11.2829
10277,38.9426
10228,11.1006
10278,39.1755
10229,11.3012
10279,41.5488
10230,11.1775
10280,39.3692
10231,11.4852
10281,39.4043
10232,11.2815
10282,39.7781
10233,11.0919
10283,39.6678
10234,11.1995
10284,39.3705
10235,10.8403
10285,39.1220
10236,11.1306
10286,38.8860
10237,11.1502
10287,39.8710
10238,11.1926
10288,38.6259
10239,11.3946
10289,38.3873
10240,11.2634
10290,39.9672
10241,11.1130
10291,40.1369
10242,11.1797
10292,39.7793
10243,11.1897
10293,38.4473
10244,11.3972
10294,39.1815
10245,11.2703
10295,40.8942
10246,11.2467
10296,39.9525
10247,11.3263
10297,38.5972
10248,11.3524
10298,39.1421
10249,11.5959
10299,40.2272
10250,11.3073
10300,38.4335
10251,10.9760
10301,40.1154
10252,10.6932
10302,42.6289
10253,11.1221
10303,38.6635
10254,11.0065
10304,38.9018
10255,10.9405
10305,38.3124
10256,11.2657
10306,39.6525
10257,11.3643
10307,38.6437
10258,11.4607
10308,39.1171
10259,11.0922
10309,39.2408
10260,11.5630
10310,39.7485
10261,11.0924
10311,38.4152
10262,11.4547
10312,39.7021
10263,11.5972
10313,39.2597
10264,11.4682
10314,39.6363
10265,11.2932
10315,38.9244
10266,11.3341
10316,40.3128
10267,11.1915
10317,38.0945
10268,11.2942
10318,38.9134
10269,11.4459
10319,38.9917
10270,11.4893
10320,37.9710
10271,11.1795
10321,40.4675
10272,11.5915
10322,40.3446
10273,11.2314
10323,38.8368
10274,11.3005
10324,39.5970
10275,11.1087
10325,39.4892
10276,11.4066
10326,37.9983
10277,11.0487
10327,38.9768
10278,11.3800
10328,38.7901
10279,11.5183
10329,37.7783
10280,11.4537
10330,38.9086
10281,11.2679
10331,39.6833
10282,11.4304
10332,39.4458
10283,11.6166
10333,39.4876
10284,11.2405
10334,37.6221
10285,11.4355
10335,39.5694
10286,11.1504
10336,39.1495
10287,11.3829
10337,39.5094
10288,11.5205
10338,38.7638
10289,11.3529
10339,38.9901
10290,11.2885
10340,39.3857
10291,11.1548
10341,39.6820
10292,11.7325
10342,39.5582
10293,11.3423
10343,39.3166
10294,11.2159
10344,39.4393
10295,11.5473
10345,39.2421
10296,11.5691
10346,40.4278
10297,11.6349
10347,39.3315
10298,11.2498
10348,39.0919
10299,11.4590
10349,38.8968
10300,11.2248
10350,39.2903
10301,11.7672
10351,39.3009
10302,11.2985
10352,38.6246
10303,11.2511
10353,39.4072
10304,11.1319
10354,39.2116
10305,10.9554
10355,38.9711
10306,11.3538
10356,39.3546
10307,11.1108
10357,38.8663
10308,11.2472
10358,39.4733
10309,11.1477
10359,38.9331
10310,11.2274
10360,38.4181
10311,11.1095
10361,39.3892
10312,11.2456
10362,38.3380
10313,11.3494
10363,39.7358
10314,11.3567
10364,38.3342
10315,11.3196
10365,39.5633
10316,11.2910
10366,39.8817
10317,11.3645
10367,39.0423
10318,11.2872
10368,39.4689
10319,11.1701
10369,39.4727
10320,11.6089
10370,39.7271
10321,10.8308
10371,38.6535
10322,10.9987
10372,39.9766
10323,11.0769
10373,38.6385
10324,11.3712
10374,39.2794
10325,11.0312
10375,38.6215
10326,11.5097
10376,38.9013
10327,11.5699
10377,38.7615
10328,11.1887
10378,40.0796
10329,11.1377
10379,38.7807
10330,11.3433
10380,39.2282
10331,11.5522
10381,39.5238
10332,11.3792
10382,38.4782
10333,11.5651
10383,39.7616
10334,11.3698
10384,38.0849
10335,11.2110
10385,38.9183
10336,11.3559
10386,39.7326
10337,11.7422
10387,38.5334
10338,11.6349
10388,39.4493
10339,11.3917
10389,40.1623
10340,11.0278
10390,39.6411
10341,11.5426
10391,38.6753
10342,11.4502
10392,39.0623
10343,11.8479
10393,40.1861
10344,12.1072
10394,39.5642
10345,11.1332
10395,38.4399
10346,11.2297
10396,38.2557
10347,11.1671
10397,39.4227
10348,11.3398
10398,40.1298
10349,11.2123
10399,39.9913
10350,11.5834
10400,38.8421
10351,11.3785
10401,39.0923
10352,11.5089
10402,39.8379
10353,11.2431
10403,39.1631
10354,11.5127
10404,39.3298
10355,11.2994
10405,40.8048
10356,11.7895
10406,38.4421
10357,11.6937
10407,38.5838
10358,11.5093
10408,39.1081
10359,11.4361
10409,39.5588
10360,11.6886
10410,38.2436
10361,11.2472
10411,38.9965
10362,11.3664
10412,38.5879
10363,11.6189
10413,39.7659
10364,11.3914
10414,39.8615
10365,11.3876
10415,39.0650
10366,11.5211
10416,38.7187
10367,11.5463
10417,39.0792
10368,11.0634
10418,39.5562
10369,11.3784
10419,39.7348
10370,11.1151
10420,38.8274
10371,11.3413
10421,39.1708
10372,11.6848
10422,38.4333
10373,11.5272
10423,38.2821
10374,11.6075
10424,39.2923
10375,11.1067
10425,38.6926
10376,10.9913
10426,39.7980
10377,11.0743
10427,39.8551
10378,11.2722
10428,40.2696
10379,11.1181
10429,38.8619
10380,11.2156
10430,39.2787
10381,11.1112
10431,39.7290
10382,11.1656
10432,38.5802
10383,11.2865
10433,39.4686
10384,11.3792
10434,39.2383
10385,11.3744
10435,39.4314
10386,11.3718
10436,38.6017
10387,11.1288
10437,39.3483
10388,11.0858
10438,39.6504
10389,11.0660
10439,39.3493
10390,11.3155
10440,39.2535
10391,11.4168
10441,37.9648
10392,11.5077
10442,38.7730
10393,11.3544
10443,38.8366
10394,11.5750
10444,38.9750
10395,11.1747
10445,38.9579
10396,11.0209
10446,38.4361
10397,11.2554
10447,38.9401
10398,11.6588
10448,39.5579
10399,11.0238
10449,39.4519
10400,11.1841
10450,39.9119
10401,11.3065
10451,40.2568
10402,11.2137
10452,38.9543
10403,11.4716
10453,38.9414
10404,11.3356
10454,39.3888
10405,11.1738
10455,38.9609
10406,11.4431
10456,39.5085
10407,11.6383
10457,39.6973
10408,11.4103
10458,39.7860
10409,11.2424
10459,38.7116
10410,11.2389
10460,39.2667
10411,11.4785
10461,40.1632
10412,11.4537
10462,38.4528
10413,11.8694
10463,40.4663
10414,11.3613
10464,38.0019
10415,11.5506
10465,39.4073
10416,11.1709
10466,40.6506
10417,11.5408
10467,40.3815
10418,11.4796
10468,38.9553
10419,11.5648
10469,39.6683
10420,11.2858
10470,38.8051
10421,11.5471
10471,38.3883
10422,11.4433
10472,38.6588
10423,10.9528
10473,39.9471
10424,11.4509
10474,39.1033
10425,11.2582
10475,38.9418
10426,11.1569
10476,39.2731
10427,11.7944
10477,39.4444
10428,11.2765
10478,38.7143
10429,11.3983
10479,39.2615
10430,11.2592
10480,40.4434
10431,11.0905
10481,39.5108
10432,11.3860
10482,38.5321
10433,11.7277
10483,39.8304
10434,11.4015
10484,38.8284
10435,11.0536
10485,38.5367
10436,11.3530
10486,39.3345
10437,11.0470
10487,41.1211
10438,11.5424
10488,39.2628
10439,11.1146
10489,39.9763
10440,11.4418
10490,38.8913
10441,11.2567
10491,39.2948
10442,11.2585
10492,38.7864
10443,11.1907
10493,37.9132
10444,11.5388
10494,38.7326
10445,11.1744
10495,39.4303
10446,11.5871
10496,39.5035
10447,11.4127
10497,40.3582
10448,11.8145
10498,39.9388
10449,11.0042
10499,40.6800
10450,11.4202
10500,37.9788
10451,11.3228
10501,39.2682
10452,11.2076
10502,39.0171
10453,11.5725
10503,40.5455
10454,11.2156
10504,39.0101
10455,11.1475
10505,38.5498
10456,11.1630
10506,39.2127
10457,11.3545
10507,38.7414
10458,11.2339
10508,39.0220
10459,11.5548
10509,39.0054
10460,10.8510
10510,39.4549
10461,11.0749
10511,39.5915
10462,11.2615
10512,38.4495
10463,11.9955
10513,38.8579
10464,11.8720
10514,39.9453
10465,12.2336
10515,39.9556
10466,12.1726
10516,38.9428
10467,12.3352
10517,39.8881
10468,12.0869
10518,39.3262
10469,11.8689
10519,38.3671
10470,11.9846
10520,38.0577
10471,12.2393
10521,38.9047
10472,11.8281
10522,38.5357
10473,12.0122
10523,38.6702
10474,11.9007
10524,39.1064
10475,12.2389
10525,39.6964
10476,12.0297
10526,38.8863
10477,12.1440
10527,40.0055
10478,11.9268
10528,37.4782
10479,11.8034
10529,38.8897
10480,11.6867
10530,39.8175
10481,12.5377
10531,40.6512
10482,11.9903
10532,38.9550
10483,11.4842
10533,40.3565
10484,11.3022
10534,40.3527
10485,11.9339
10535,40.6032
10486,12.3324
10536,40.6909
10487,11.5440
10537,39.4416
10488,11.9116
10538,39.6371
10489,11.7478
10539,39.5918
10490,11.7304
10540,39.7276
10491,12.2922
10541,39.2161
10492,11.9044
10542,39.6807
10493,11.9704
10543,38.5850
10494,12.0977
10544,39.3817
10495,12.3142
10545,41.3821
10496,12.0500
10546,38.6755
10497,11.9543
10547,39.8880
10498,12.1608
10548,41.4065
10499,12.0144
10549,41.3395
10500,11.1090
10550,42.0153
10501,12.1384
10551,40.6173
10502,12.0328
10552,40.8205
10503,12.2003
10553,39.0578
10504,11.8988
10554,39.7273
10505,12.0471
10555,41.7226
10506,12.1186
10556,39.9488
10507,12.1079
10557,39.9035
10508,11.7840
10558,39.5088
10509,12.5785
10559,42.8734
10510,12.6164
10560,39.4825
10511,12.1810
10561,38.9561
10512,12.4813
10562,38.8231
10513,11.9396
10563,39.7064
10514,11.9662
10564,38.9663
10515,12.3420
10565,38.1815
10516,12.4640
10566,39.6209
10517,11.3381
10567,40.2533
10518,12.6931
10568,40.0908
10519,12.3079
10569,41.0461
10520,12.4056
10570,39.3472
10521,11.6190
10571,40.0170
10522,12.2640
10572,39.7643
10523,12.5648
10573,39.9865
10524,12.0269
10574,39.6156
10525,12.2126
10575,41.0520
10526,12.4880
10576,40.0503
10527,12.3246
10577,37.8657
10528,11.1070
10578,39.7502
10529,11.1423
10579,38.3955
10530,11.1335
10580,37.9494
10531,11.1564
10581,39.7401
10532,11.5876
10582,39.8047
10533,11.3272
10583,39.7530
10534,11.0033
10584,40.0300
10535,10.8995
10585,38.8495
10536,11.5825
10586,39.0555
10537,11.2783
10587,39.2475
10538,11.3468
10588,39.1741
10539,11.1822
10589,39.8325
10540,11.3502
10590,40.2625
10541,11.7135
10591,39.5115
10542,11.5285
10592,38.0538
10543,11.2175
10593,38.6842
10544,11.3379
10594,40.5298
10545,12.0469
10595,43.7084
10546,11.5550
10596,39.7482
10547,11.1462
10597,40.5006
10548,11.3188
10598,38.5334
10549,11.3135
10599,39.1356
10550,11.6870
10600,38.8180
10551,11.5457
10601,40.8832
10552,11.4632
10602,38.6541
10553,11.5595
10603,40.0828
10554,11.3268
10604,39.0359
10555,11.4594
10605,38.3807
10556,11.4972
10606,39.6586
10557,11.3852
10607,39.1424
10558,11.3646
10608,38.6357
10559,11.2517
10609,40.8048
10560,11.3775
10610,39.2256
10561,11.1523
10611,38.7297
10562,11.2868
10612,39.7480
10563,11.1138
10613,40.6161
10564,11.3033
10614,38.2121
10565,11.2736
10615,38.2710
10566,11.6801
10616,38.1118
10567,11.4762
10617,39.5352
10568,10.8889
10618,39.9037
10569,11.2321
10619,40.2803
10570,11.1971
10620,39.1374
10571,11.1646
10621,38.6795
10572,11.4104
10622,40.1225
10573,11.5384
10623,39.3921
10574,11.2842
10624,39.8260
10575,11.1012
10625,39.8301
10576,11.0825
10626,38.4556
10577,11.3943
10627,39.7167
10578,11.2852
10628,39.5494
10579,11.2357
10629,39.7612
10580,10.8698
10630,39.2344
10581,11.3845
10631,38.7994
10582,11.3305
10632,38.5959
10583,11.0044
10633,40.8387
10584,11.3314
10634,38.7595
10585,10.9621
10635,39.6736
10586,11.1846
10636,38.8754
10587,11.4274
10637,39.0375
10588,11.0217
10638,39.6780
10589,11.2539
10639,39.5164
10590,10.9781
10640,40.2310
10591,11.3851
10641,38.9010
10592,11.1102
10642,38.3241
10593,10.8366
10643,38.2834
10594,10.9969
10644,39.9647
10595,11.1308
10645,39.8802
10596,10.9772
10646,40.3165
10597,11.2533
10647,39.5194
10598,11.1627
10648,38.3393
10599,11.6052
10649,38.9601
10600,11.1150
10650,39.7217
10601,10.9542
10651,39.8837
10602,11.2561
10652,41.7801
10603,11.5395
10653,40.3398
10604,11.2930
10654,39.6597
10605,11.2838
10655,39.5130
10606,11.1207
10656,39.0849
10607,11.4156
10657,38.7625
10608,11.0947
10658,38.7457
10609,11.3762
10659,39.2288
10610,11.5379
10660,40.1525
10611,11.0588
10661,39.3217
10612,11.1683
10662,39.0341
10613,11.1829
10663,39.7903
10614,11.0473
10664,40.1586
10615,10.9954
10665,40.2488
10616,11.4085
10666,40.0211
10617,11.1331
10667,38.6857
10618,10.8242
10668,41.4656
10619,11.2492
10669,39.4049
10620,11.1844
10670,39.9509
10621,11.1485
10671,39.3859
10622,11.1463
10672,39.4122
10623,11.3905
10673,40.4917
10624,11.5050
10674,38.8074
10625,11.5435
10675,40.6443
10626,11.2231
10676,39.7359
10627,11.0933
10677,40.2363
10628,11.2055
10678,40.1767
10629,11.0909
10679,40.5391
10630,11.2594
10680,39.3357
10631,11.4828
10681,40.6917
10632,11.2878
10682,39.6551
10633,11.4996
10683,39.3875
10634,11.5867
10684,38.8268
10635,11.4119
10685,40.0721
10636,11.3539
10686,40.4020
10637,11.3685
10687,40.7282
10638,11.1303
10688,40.5792
10639,11.2461
10689,39.1486
10640,11.1111
10690,40.8375
10641,11.0610
10691,39.7216
10642,11.3277
10692,39.5033
10643,11.5283
10693,39.6721
10644,11.3808
10694,39.8889
10645,11.2223
10695,39.0286
10646,11.3427
10696,39.3911
10647,11.3319
10697,39.2594
10648,11.2001
10698,39.9653
10649,11.1831
10699,41.2579
10650,11.2440
10700,39.2474
10651,11.2012
10701,40.3868
10652,10.9917
10702,38.3656
10653,11.2936
10703,40.3812
10654,11.3763
10704,38.7815
10655,11.1404
10705,39.6170
10656,11.0275
10706,39.4686
10657,11.3994
10707,39.3673
10658,11.0068
10708,38.0600
10659,11.1511
10709,38.5601
10660,11.2380
10710,39.3465
10661,10.7645
10711,38.5804
10662,11.2960
10712,40.1068
10663,11.2908
10713,40.1969
10664,11.1308
10714,39.5943
10665,11.0127
10715,38.6785
10666,11.8288
10716,39.8588
10667,10.1172
10717,40.0407
10668,9.8409
10718,39.1948
10669,10.1198
10719,38.8792
10670,9.7275
10720,38.5037
10671,10.2395
10721,39.6803
10672,9.9550
10722,39.0915
10673,10.1316
10723,38.1201
10674,9.7113
10724,39.0632
10675,10.1177
10725,39.5157
10676,9.8341
10726,38.8858
10677,9.7988
10727,38.6610
10678,9.9506
10728,40.5978
10679,9.7698
10729,39.6995
10680,10.1065
10730,40.0777
10681,9.7895
10731,39.8261
10682,9.8630
10732,38.3822
10683,9.5845
10733,42.0934
10684,10.0177
10734,38.8693
10685,9.8143
10735,39.1992
10686,9.9976
10736,40.3673
10687,9.9487
10737,41.0590
10688,10.1047
10738,41.0141
10689,10.0338
10739,38.9430
10690,10.0832
10740,38.9273
10691,10.3051
10741,41.5698
10692,9.8016
10742,40.0377
10693,10.0441
10743,39.6480
10694,10.3253
10744,38.3820
10695,10.3264
10745,40.1427
10696,10.0560
10746,39.8009
10697,10.0930
10747,39.4825
10698,10.1683
10748,39.2752
10699,9.7864
10749,40.4182
10700,9.7485
10750,40.2198
10701,10.1172
10751,39.6050
10702,9.9890
10752,40.3292
10703,9.9436
10753,39.4371
10704,9.8562
10754,38.2642
10705,10.1462
10755,39.4754
10706,10.0053
10756,39.4219
10707,9.8393
10757,39.5053
10708,9.8106
10758,39.4669
10709,10.0670
10759,40.8104
10710,9.9233
10760,40.1999
10711,10.1784
10761,38.2951
10712,9.9898
10762,39.2591
10713,9.8212
10763,39.5279
10714,10.1622
10764,38.4917
10715,9.9407
10765,39.3813
10716,10.1282
10766,39.8163
10717,9.8425
10767,38.7764
10718,9.6145
10768,38.6609
10719,9.6764
10769,39.6202
10720,10.0248
10770,39.3121
10721,9.9265
10771,40.4230
10722,9.9065
10772,39.5230
10723,9.8393
10773,39.1257
10724,10.0720
10774,39.5077
10725,9.9277
10775,41.0901
10726,10.1597
10776,39.3765
10727,9.8840
10777,38.7301
10728,9.7662
10778,39.3001
10729,10.0278
10779,38.2575
10730,9.8085
10780,39.7150
10731,9.9571
10781,39.8347
10732,10.7702
10782,40.1454
10733,9.6767
10783,40.0005
10734,9.8513
10784,40.4212
10735,9.8719
10785,39.9281
10736,9.8432
10786,39.7483
10737,10.0424
10787,39.8789
10738,10.1383
10788,39.6652
10739,9.8550
10789,39.9526
10740,10.2688
10790,38.6441
10741,10.0641
10791,38.3585
10742,10.0051
10792,38.8893
10743,9.9387
10793,39.1686
10744,9.7996
10794,39.5547
10745,9.8990
10795,38.8904
10746,10.0130
10796,39.4632
10747,9.8578
10797,40.3362
10748,9.9420
10798,39.1578
10749,9.9276
10799,41.3801
10750,10.0248
10800,39.5876
10751,9.9434
10801,39.9768
10752,10.1101
10802,38.4395
10753,9.7537
10803,38.5411
10754,10.2304
10804,40.2797
10755,9.7732
10805,39.7013
10756,10.0196
10806,39.9405
10757,9.7453
10807,39.4243
10758,9.7350
10808,38.7312
10759,9.9029
10809,40.3233
10760,9.8972
10810,39.4259
10761,9.7809
10811,39.0040
10762,9.8838
10812,39.9745
10763,9.7952
10813,39.4093
10764,10.1274
10814,38.8620
10765,9.8375
10815,38.7576
10766,9.9485
10816,38.3176
10767,9.9960
10817,39.5491
10768,9.7349
10818,39.7621
10769,9.7641
10819,38.6189
10770,10.0002
10820,40.9565
10771,9.7929
10821,39.5089
10772,9.9817
10822,39.4708
10773,9.9999
10823,39.8930
10774,9.7469
10824,38.9832
10775,9.8440
10825,39.1127
10776,9.9801
10826,38.7586
10777,9.9999
10827,39.2824
10778,9.8124
10828,40.4520
10779,9.7996
10829,37.7439
10780,9.9994
10830,39.4477
10781,9.8268
10831,38.7697
10782,9.9500
10832,39.8363
10783,9.6497
10833,38.8968
10784,9.9418
10834,39.7477
10785,9.9334
10835,40.2786
10786,9.8584
10836,39.1995
10787,9.9549
10837,39.4096
10788,9.8860
10838,39.7754
10789,9.9918
10839,39.2800
10790,9.9075
10840,39.5766
10791,9.9666
10841,38.8903
10792,9.9101
10842,40.1096
10793,9.9321
10843,39.6007
10794,9.8234
10844,38.7357
10795,9.7793
10845,40.5840
10796,10.0056
10846,38.3339
10797,9.9067
10847,39.2901
10798,9.8807
10848,40.2124
10799,9.7663
10849,39.3591
10800,9.9151
10850,41.7945
10801,9.9244
10851,39.8986
10802,10.1137
10852,40.3062
10803,9.7863
10853,39.8292
10804,9.9053
10854,40.6377
10805,10.0564
10855,40.6471
10806,10.0678
10856,39.1369
10807,9.8861
10857,40.0502
10808,9.7041
10858,38.3979
10809,9.7955
10859,39.2967
10810,10.1783
10860,39.5069
10811,9.8540
10861,40.1639
10812,9.7155
10862,39.4301
10813,9.8727
10863,38.9190
10814,9.7356
10864,39.7518
10815,9.9204
10865,39.3269
10816,9.9253
10866,39.3004
10817,9.8401
10867,38.8888
10818,9.7977
10868,39.5296
10819,9.7834
10869,40.5913
10820,9.8474
10870,37.8806
10821,10.3375
10871,39.7365
10822,9.8572
10872,39.9019
10823,9.7036
10873,40.2193
10824,9.8587
10874,41.2598
10825,9.7105
10875,38.8204
10826,9.8976
10876,39.6344
10827,9.7098
10877,40.6245
10828,9.8255
10878,39.5747
10829,9.5319
10879,39.4984
10830,9.9157
10880,40.6755
10831,9.9173
10881,40.4677
10832,9.9771
10882,39.7107
10833,9.7888
10883,40.0529
10834,10.1269
10884,39.1105
10835,9.8948
10885,40.2962
10836,9.7117
10886,39.1825
10837,9.9346
10887,39.0883
10838,9.8496
10888,38.4615
10839,9.8242
10889,39.5184
10840,9.8983
10890,38.5460
10841,9.8097
10891,39.8674
10842,9.8436
10892,40.0742
10843,10.0428
10893,39.6385
10844,9.8376
10894,39.9826
10845,10.1764
10895,41.3802
10846,9.8343
10896,39.5678
10847,9.7327
10897,39.7232
10848,9.8457
10898,39.9175
10849,9.9842
10899,38.8697
10850,9.6586
10900,40.1879
10851,9.7279
10901,39.5765
10852,9.9764
10902,40.1586
10853,9.8086
10903,39.8073
10854,9.7632
10904,38.5658
10855,9.8715
10905,39.7143
10856,9.9120
10906,39.2225
10857,10.1070
10907,39.1774
10858,9.8249
10908,39.7613
10859,10.1779
10909,38.8805
10860,9.9115
10910,39.3648
10861,9.8586
10911,40.7339
10862,9.7014
10912,38.4103
10863,9.8104
10913,41.1803
10864,9.9137
10914,39.3808
10865,10.0002
10915,39.5814
10866,10.0737
10916,39.7440
10867,9.8973
10917,39.5176
10868,9.8726
10918,40.7687
10869,9.9697
10919,39.6217
10870,9.7900
10920,38.7808
10871,9.9817
10921,38.9714
10872,9.8566
10922,40.1798
10873,10.1027
10923,39.5460
10874,10.0131
10924,39.8239
10875,9.9855
10925,39.5944
10876,9.9043
10926,39.1045
10877,9.6554
10927,39.3556
10878,10.5549
10928,39.4582
10879,10.2603
10929,41.4317
10880,9.7143
10930,39.9373
10881,10.1877
10931,39.7261
10882,9.7614
10932,39.8911
10883,10.0463
10933,38.6033
10884,9.9026
10934,40.2003
10885,9.9774
10935,39.6512
10886,10.1079
10936,39.5621
10887,9.8777
10937,40.0320
10888,9.9772
10938,38.5382
10889,9.8700
10939,39.6892
10890,9.7680
10940,39.6037
10891,9.9284
10941,39.3569
10892,10.0487
10942,41.4407
10893,9.9247
10943,39.7560
10894,9.8149
10944,38.9846
10895,9.9896
10945,39.9257
10896,9.7887
10946,40.4493
10897,9.8293
10947,39.8298
10898,9.9150
10948,39.6459
10899,9.8299
10949,39.6493
10900,9.9700
10950,40.6661
10901,9.9540
10951,38.7599
10902,9.8842
10952,39.8619
10903,10.0731
10953,40.2986
10904,9.8919
10954,39.5771
10905,10.1159
10955,39.0237
10906,10.0742
10956,39.8893
10907,9.9338
10957,38.6529
10908,10.1616
10958,38.9233
10909,9.7613
10959,38.6121
10910,9.9653
10960,39.3615
10911,9.8170
10961,39.3822
10912,9.8582
10962,39.0861
10913,9.8879
10963,39.6305
10914,9.8320
10964,39.7655
10915,9.6870
10965,39.6295
10916,9.7203
10966,39.0038
10917,9.8902
10967,38.7067
10918,10.1598
10968,40.4870
10919,9.7621
10969,39.8858
10920,9.7030
10970,39.1005
10921,9.8207
10971,39.4390
10922,9.8930
10972,38.9495
10923,9.8705
10973,39.8521
10924,9.8104
10974,38.8580
10925,9.5222
10975,39.1736
10926,10.0540
10976,39.3012
10927,10.1569
10977,39.0228
10928,10.0167
10978,39.1252
10929,9.8753
10979,40.6310
10930,9.9190
10980,40.2727
10931,10.0839
10981,40.4397
10932,9.7539
10982,38.9105
10933,9.6675
10983,40.3029
10934,10.2104
10984,40.5364
10935,9.9614
10985,40.1948
10936,9.9745
10986,40.1407
10937,9.9928
10987,39.6232
10938,9.7878
10988,40.1692
10939,9.6835
10989,38.6008
10940,10.0345
10990,40.5155
10941,9.8273
10991,40.7234
10942,9.8538
10992,39.4642
10943,9.6284
10993,39.5828
10944,9.7493
10994,38.7045
10945,9.8774
10995,39.3855
10946,9.8661
10996,39.9296
10947,9.7657
10997,39.5761
10948,9.9325
10998,40.2764
10949,9.8854
10999,39.2696
10950,9.8106
11000,39.2544
10951,9.7620
11001,40.1768
10952,10.2480
11002,39.4567
10953,9.8117
11003,39.0106
10954,9.9903
11004,40.3673
10955,9.9937
11005,39.6032
10956,10.0268
11006,39.1876
10957,9.9886
11007,39.6141
10958,9.9969
11008,39.1101
10959,9.7649
11009,40.1966
10960,9.7470
11010,39.7151
10961,10.1248
11011,39.6546
10962,9.8502
11012,39.6696
10963,9.8940
11013,40.8627
10964,9.8876
11014,39.6627
10965,9.9243
11015,40.5459
10966,9.8920
11016,40.3982
10967,9.6983
11017,39.7562
10968,9.8610
11018,40.3586
10969,9.8030
11019,39.6850
10970,9.7739
11020,38.7383
10971,9.7772
11021,38.7948
10972,9.9516
11022,40.4908
10973,9.8863
11023,38.5940
10974,9.8400
11024,39.9049
10975,9.9592
11025,39.1032
10976,10.0157
11026,39.1717
10977,9.9308
11027,38.4744
10978,9.8239
11028,40.1046
10979,9.9884
11029,41.0463
10980,9.7481
11030,39.5477
10981,9.9101
11031,39.8141
10982,9.8008
11032,38.7400
10983,9.9240
11033,39.7947
10984,9.9717
11034,39.4345
10985,9.8735
11035,38.7172
10986,9.8632
11036,40.1338
10987,9.7187
11037,38.5248
10988,10.0470
11038,40.7486
10989,9.8946
11039,39.9213
10990,9.8905
11040,39.4993
10991,9.8983
11041,40.1950
10992,9.9208
11042,39.7373
10993,10.0980
11043,39.0532
10994,10.0395
11044,39.9363
10995,9.7999
11045,39.5870
10996,9.7351
11046,38.7975
10997,9.8862
11047,41.6795
10998,9.6833
11048,39.1296
10999,9.8907
11049,39.0999
11000,9.9755
11050,39.0094
11001,9.8372
11051,40.3244
11002,9.8621
11052,41.0936
11003,9.8266
11053,39.4946
11004,9.6904
11054,40.1147
11005,9.9008
11055,40.4266
11006,10.1269
11056,39.3349
11007,9.8420
11057,39.4745
11008,10.0397
11058,40.1708
11009,10.0896
11059,38.5329
11010,9.7875
11060,40.3029
11011,10.3068
11061,38.9660
11012,9.8941
11062,38.7331
11013,9.8090
11063,39.2955
11014,10.0369
11064,39.1215
11015,9.8585
11065,39.4370
11016,10.0455
11066,39.9784
11017,9.7831
11067,39.0733
11018,9.7880
11068,39.5972
11019,9.6258
11069,39.6275
11020,9.7546
11070,39.8669
11021,9.7903
11071,38.9945
11022,9.8961
11072,39.0537
11023,10.1395
11073,40.0530
11024,9.7663
11074,39.0151
11025,9.8037
11075,39.3944
11026,9.9889
11076,38.8061
11027,10.0937
11077,40.0691
11028,9.9384
11078,39.4546
11029,9.7320
11079,38.8653
11030,9.7704
11080,38.8076
11031,9.9495
11081,39.1000
11032,9.4891
11082,39.8227
11033,10.0217
11083,38.1331
11034,9.9894
11084,39.1297
11035,9.9805
11085,39.7340
11036,10.0191
11086,39.4343
11037,9.8485
11087,39.8662
11038,9.8569
11088,39.3100
11039,9.8104
11089,39.3552
11040,9.8682
11090,40.6532
11041,9.9353
11091,38.7909
11042,9.7650
11092,38.4008
11043,9.8897
11093,39.0224
11044,9.6677
11094,38.9943
11045,9.9708
11095,39.3657
11046,9.9371
11096,39.4169
11047,9.7817
11097,39.4157
11048,9.7112
11098,39.0451
11049,9.8746
11099,39.2821
11050,9.9422
11100,39.2528
11051,10.1450
11101,40.3222
11052,9.9472
11102,38.4388
11053,9.9624
11103,40.2764
11054,10.1902
11104,39.7520
11055,10.0023
11105,37.8280
11056,9.7545
11106,39.9095
11057,9.7429
11107,39.5795
11058,9.7927
11108,38.1785
11059,10.1332
11109,38.9282
11060,9.7578
11110,39.8695
11061,9.8197
11111,38.9671
11062,9.6709
11112,40.0068
11063,9.8015
11113,39.6432
11064,9.7529
11114,38.2265
11065,9.8398
11115,39.5562
11066,9.7706
11116,39.5429
11067,9.8853
11117,39.7981
11068,9.8085
11118,38.2353
11069,9.8575
11119,39.4272
11070,10.2486
11120,39.5164
11071,9.9297
11121,39.4539
11072,9.7651
11122,39.4787
11073,9.9609
11123,40.0482
11074,9.8084
11124,39.7112
11075,9.7865
11125,39.1996
11076,10.1454
11126,39.0219
11077,9.7750
11127,39.8696
11078,9.8022
11128,40.0377
11079,9.8106
11129,38.6710
11080,9.6648
11130,39.1412
11081,9.9359
11131,38.2045
11082,9.7287
11132,39.4576
11083,9.6568
11133,39.5326
11084,10.0217
11134,39.8436
11085,9.8550
11135,39.4555
11086,9.5548
11136,39.0880
11087,9.8348
11137,40.1624
11088,9.5128
11138,39.2964
11089,9.8641
11139,39.6459
11090,9.7642
11140,38.5201
11091,9.9182
11141,39.3820
11092,9.8096
11142,39.3401
11093,9.7932
11143,39.0178
11094,9.6960
11144,39.1598
11095,9.8537
11145,40.7924
11096,9.4321
11146,39.4058
11097,10.2415
11147,39.3565
11098,9.7396
11148,40.0179
11099,9.5755
11149,38.9455
11100,9.7127
11150,39.6708
11101,9.9007
11151,39.2202
11102,9.9526
11152,40.8764
11103,9.9674
11153,38.3402
11104,9.9331
11154,40.0681
11105,9.9873
11155,40.2591
11106,9.6089
11156,39.6894
11107,9.4107
11157,38.7546
11108,9.5812
11158,39.9953
11109,10.0347
11159,39.3874
11110,9.9303
11160,38.3924
11111,9.9515
11161,38.5247
11112,9.9815
11162,38.8850
11113,9.7452
11163,38.7471
11114,9.9730
11164,39.3678
11115,9.8926
11165,40.0708
11116,10.0781
11166,39.1794
11117,9.7278
11167,38.4135
11118,9.7904
11168,39.0845
11119,9.7200
11169,39.3600
11120,9.7031
11170,39.4063
11121,9.7615
11171,38.1776
11122,9.7149
11172,38.8124
11123,9.8549
11173,38.8945
11124,9.5150
11174,39.7585
11125,9.6639
11175,39.5194
11126,9.6330
11176,39.6818
11127,9.6690
11177,39.9011
11128,9.7145
11178,39.0097
11129,9.7235
11179,39.6487
11130,9.7637
11180,39.0839
11131,9.8579
11181,39.5311
11132,9.8700
11182,38.9656
11133,9.6613
11183,39.8405
11134,9.8224
11184,39.3881
11135,10.0037
11185,38.4577
11136,9.5497
11186,39.6083
11137,9.7647
11187,39.9119
11138,9.7806
11188,39.0620
11139,9.6204
11189,38.8832
11140,9.7000
11190,38.9651
11141,9.6116
11191,40.4513
11142,9.7466
11192,38.5436
11143,9.1725
11193,39.6202
11144,9.3387
11194,38.9721
11145,9.2022
11195,39.4097
11146,9.3841
11196,40.1024
11147,9.2287
11197,38.8046
11148,9.3494
11198,40.1656
11149,9.3547
11199,41.0476
11150,9.5971
11200,39.7222
11151,9.2961
11201,39.6020
11152,9.2131
11202,39.1474
11153,9.3001
11203,38.4264
11154,9.3716
11204,38.1611
11155,9.2429
11205,40.6772
11156,9.1538
11206,40.0389
11157,9.4096
11207,39.0645
11158,9.1802
11208,40.5616
11159,9.3014
11209,39.2231
11160,9.0410
11210,39.7060
11161,9.6273
11211,39.5314
11162,9.8059
11212,38.6846
11163,9.2443
11213,40.5534
11164,9.5285
11214,40.6588
11165,9.3771
11215,39.9556
11166,9.2893
11216,39.3588
11167,9.2524
11217,39.3534
11168,9.5006
11218,40.1792
11169,9.1781
11219,40.5822
11170,9.3422
11220,40.3932
11171,9.3460
11221,37.7044
11172,9.2248
11222,40.1169
11173,9.4520
11223,38.7671
11174,9.2162
11224,38.9687
11175,9.5011
11225,38.7632
11176,9.2123
11226,39.5217
11177,10.0152
11227,42.2942
11178,9.7206
11228,38.7711
11179,9.6816
11229,39.5600
11180,9.3455
11230,39.3819
11181,9.8393
11231,38.2710
11182,9.4023
11232,39.0355
11183,9.3009
11233,39.1398
11184,9.6318
11234,39.1191
11185,9.5902
11235,38.5603
11186,9.2260
11236,40.1028
11187,9.5937
11237,39.4622
11188,9.6820
11238,38.0400
11189,9.4996
11239,38.9949
11190,9.5797
11240,38.8424
11191,9.4003
11241,39.4357
11192,9.2526
11242,39.5464
11193,9.4018
11243,39.5193
11194,9.2623
11244,39.0946
11195,9.4952
11245,39.3727
11196,9.1960
11246,40.1519
11197,9.5532
11247,38.8905
11198,9.1806
11248,42.0215
11199,9.2944
11249,39.3827
11200,9.2106
11250,38.8811
11201,9.5160
11251,39.9526
11202,9.2076
11252,41.3442
11203,9.6184
11253,39.4578
11204,9.2493
11254,38.6024
11205,9.3226
11255,39.6496
11206,9.2729
11256,38.7905
11207,9.2586
11257,39.6564
11208,9.0464
11258,40.5462
11209,9.3742
11259,39.8088
11210,9.3708
11260,40.4139
11211,9.5539
11261,39.5412
11212,9.3754
11262,40.4557
11213,9.4204
11263,39.4005
11214,9.1649
11264,39.6783
11215,9.3350
11265,39.7777
11216,9.5029
11266,40.1735
11217,9.4320
11267,38.5218
11218,9.0955
11268,39.9587
11219,9.3033
11269,38.7000
11220,9.1670
11270,39.6935
11221,9.1051
11271,39.7409
11222,9.3162
11272,39.5268
11223,9.2882
11273,39.0745
11224,9.2324
11274,40.2736
11225,9.4260
11275,39.2397
11226,8.9977
11276,40.2571
11227,9.0274
11277,39.1394
11228,9.0345
11278,40.2792
11229,9.4657
11279,39.0136
11230,9.3948
11280,39.3071
11231,8.7925
11281,40.4179
11232,8.8713
11282,39.7730
11233,9.1763
11283,40.0820
11234,10.1570
11284,39.3150
11235,9.6288
11285,39.4227
11236,9.7853
11286,39.9751
11237,9.7414
11287,41.6727
11238,11.0917
11288,41.0769
11239,10.1699
11289,40.6777
11240,11.0961
11290,41.1291
11241,10.7257
11291,39.0870
11242,10.4805
11292,39.7357
11243,10.5309
11293,37.7998
11244,10.9039
11294,40.8759
11245,10.0622
11295,39.2816
11246,10.4636
11296,39.6780
11247,10.5172
11297,40.1916
11248,9.4753
11298,38.8163
11249,9.1745
11299,39.4342
11250,9.2237
11300,38.8176
11251,9.2660
11301,40.0024
11252,9.2607
11302,38.9521
11253,8.9625
11303,39.8448
11254,9.2539
11304,40.4773
11255,9.2805
11305,40.7407
11256,9.3721
11306,38.1654
11257,9.1436
11307,39.4792
11258,9.1733
11308,39.4349
11259,9.0766
11309,40.1435
11260,9.2425
11310,39.0412
11261,9.1406
11311,39.5285
11262,9.0147
11312,39.6835
11263,9.0468
11313,40.0562
11264,9.1315
11314,39.1974
11265,9.0959
11315,39.5746
11266,9.3254
11316,40.6667
11267,9.4211
11317,39.1173
11268,9.3218
11318,39.1326
11269,9.2608
11319,39.7868
11270,9.0265
11320,39.6710
11271,9.3096
11321,39.1497
11272,9.2615
11322,39.8151
11273,9.3135
11323,39.3091
11274,9.2907
11324,39.4081
11275,9.1984
11325,41.0303
11276,9.0335
11326,40.2106
11277,9.3053
11327,41.4128
11278,9.5457
11328,39.5958
11279,9.4047
11329,39.5874
11280,9.5625
11330,39.1997
11281,9.2580
11331,39.6111
11282,9.2489
11332,39.8023
11283,9.1435
11333,39.3902
11284,9.0514
11334,38.7338
11285,9.2886
11335,38.7119
11286,9.2219
11336,38.6066
11287,9.0279
11337,39.8125
11288,9.0508
11338,40.2012
11289,8.8709
11339,39.0024
11290,9.5155
11340,38.2979
11291,8.8419
11341,40.2751
11292,9.5483
11342,38.8477
11293,9.3674
11343,39.9584
11294,9.2946
11344,38.9458
11295,9.1746
11345,39.3337
11296,9.2995
11346,40.2310
11297,9.1737
11347,39.1810
11298,9.3400
11348,38.9158
11299,9.2616
11349,40.6521
11300,9.4966
11350,39.7369
11301,9.3719
11351,39.6781
11302,9.4436
11352,39.0153
11303,9.0683
11353,40.3858
11304,9.1304
11354,40.5941
11305,9.4407
11355,39.0634
11306,9.0336
11356,39.3807
11307,9.1876
11357,39.2791
11308,9.2310
11358,40.6327
11309,9.3016
11359,39.1983
11310,9.3469
11360,39.1441
11311,9.5078
11361,38.8242
11312,9.3259
11362,39.6652
11313,9.4049
11363,39.4388
11314,9.2890
11364,39.6496
11315,9.2390
11365,39.0972
11316,9.1432
11366,40.2586
11317,9.3402
11367,38.0202
11318,9.2397
11368,40.0706
11319,9.4646
11369,40.2572
11320,9.5600
11370,39.5886
11321,9.3962
11371,39.8393
11322,9.2589
11372,39.7828
11323,9.2118
11373,39.4799
11324,9.1384
11374,40.1162
11325,9.5297
11375,40.1709
11326,9.5164
11376,38.8741
11327,9.3400
11377,39.2679
11328,9.3195
11378,39.4933
11329,9.2918
11379,39.5226
11330,9.3221
11380,39.3582
11331,9.3441
11381,39.1936
11332,9.0424
11382,39.3845
11333,9.4631
11383,39.1957
11334,9.4013
11384,38.7979
11335,9.2683
11385,39.7160
11336,9.1621
11386,39.3836
11337,9.4042
11387,39.3062
11338,9.3445
11388,40.4805
11339,9.2092
11389,38.6946
11340,9.3300
11390,40.3632
11341,9.1538
11391,38.7731
11342,9.4238
11392,39.1340
11343,9.4042
11393,39.0785
11344,9.1965
11394,40.3071
11345,9.1500
11395,40.7431
11346,9.0470
11396,39.4520
11347,9.1927
11397,39.5638
11348,9.5188
11398,39.4076
11349,9.0725
11399,40.2338
11350,9.4129
11400,38.6823
11351,8.8511
11401,39.5694
11352,9.3692
11402,39.5133
11353,9.1644
11403,40.2344
11354,9.2201
11404,39.9938
11355,9.6769
11405,39.4501
11356,9.3740
11406,41.1762
11357,9.2642
11407,39.3096
11358,9.4379
11408,39.2676
11359,9.1528
11409,40.6429
11360,9.2536
11410,38.4360
11361,9.1855
11411,41.1056
11362,9.3904
11412,38.8892
11363,9.2965
11413,39.6454
11364,9.3830
11414,40.4071
11365,9.3826
11415,38.3282
11366,9.1884
11416,39.3257
11367,9.2303
11417,40.2729
11368,9.4812
11418,39.2221
11369,9.3149
11419,40.6042
11370,9.2467
11420,40.6559
11371,9.1477
11421,38.9344
11372,9.1648
11422,39.7122
11373,9.2315
11423,39.8309
11374,9.3449
11424,40.1145
11375,8.9062
11425,41.0371
11376,9.2659
11426,41.2697
11377,9.3891
11427,39.3830
11378,9.2310
11428,39.0257
11379,9.2796
11429,39.6324
11380,10.6548
11430,43.8787
11381,9.2122
11431,39.9418
11382,9.3150
11432,39.6327
11383,9.0662
11433,39.0129
11384,9.4294
11434,39.0580
11385,9.5408
11435,39.1652
11386,9.3608
11436,39.5490
11387,9.2883
11437,40.0074
11388,9.1098
11438,39.9858
11389,9.3612
11439,39.4053
11390,9.1131
11440,40.0519
11391,9.6563
11441,39.0049
11392,9.5791
11442,40.0852
11393,9.4989
11443,39.4971
11394,9.3994
11444,38.9399
11395,10.9636
11445,43.4880
11396,9.4283
11446,40.4508
11397,9.2703
11447,40.5095
11398,8.9277
11448,39.8314
11399,9.5585
11449,39.9020
11400,9.1625
11450,39.8081
11401,9.3174
11451,39.6182
11402,9.3924
11452,39.7979
11403,9.2794
11453,39.7952
11404,9.6693
11454,39.1664
11405,9.2198
11455,39.4668
11406,9.2246
11456,40.7248
11407,9.2681
11457,39.9427
11408,9.5498
11458,39.9542
11409,9.3590
11459,38.1557
11410,9.2916
11460,39.7247
11411,10.5513
11461,42.5368
11412,9.1870
11462,39.5911
11413,9.2257
11463,40.1707
11414,9.2947
11464,40.4252
11415,9.3304
11465,40.1106
11416,9.0782
11466,40.2437
11417,9.4353
11467,41.5405
11418,9.3817
11468,40.7071
11419,8.9711
11469,39.7177
11420,9.1112
11470,40.0920
11421,9.0169
11471,39.9157
11422,9.1084
11472,41.0144
11423,9.3262
11473,40.2943
11424,9.3375
11474,40.1951
11425,9.3414
11475,39.4212
11426,9.1509
11476,39.7335
11427,9.2244
11477,39.8552
11428,9.4001
11478,40.0850
11429,9.1438
11479,39.2938
11430,9.2991
11480,39.4662
11431,9.1513
11481,40.6995
11432,9.0566
11482,39.9059
11433,9.1013
11483,39.8092
11434,9.5139
11484,40.3274
11435,10.0464
11485,40.0075
11436,8.9439
11486,40.9548
11437,9.1460
11487,41.0489
11438,9.3438
11488,39.1563
11439,8.9269
11489,40.1947
11440,9.5144
11490,40.8200
11441,9.3215
11491,39.9287
11442,9.7821
11492,40.0111
11443,9.4097
11493,39.9960
11444,9.1153
11494,40.1674
11445,9.0734
11495,41.7731
11446,9.2943
11496,39.6961
11447,9.0425
11497,39.9797
11448,9.1103
11498,39.8495
11449,8.9552
11499,39.5435
11450,9.4415
11500,38.9771
11451,9.3448
11501,39.4026
11452,9.1830
11502,39.5157
11453,9.0327
11503,40.1834
11454,9.1203
11504,38.7892
11455,9.0999
11505,39.2173
11456,9.1264
11506,41.5614
11457,9.4011
11507,40.5603
11458,9.2949
11508,40.4954
11459,9.2026
11509,39.1467
11460,8.7067
11510,39.4605
11461,9.1011
11511,39.1698
11462,9.1787
11512,39.3438
11463,9.7975
11513,40.5196
11464,9.4173
11514,39.5725
11465,9.2441
11515,41.2963
11466,9.2820
11516,39.1621
11467,9.1662
11517,39.0497
11468,9.6854
11518,40.0009
11469,9.0425
11519,39.1229
11470,9.2678
11520,39.9460
11471,9.1362
11521,39.1689
11472,8.9960
11522,39.2432
11473,9.0185
11523,39.2681
11474,9.1013
11524,41.4062
11475,9.3906
11525,39.2581
11476,9.0252
11526,39.3595
11477,9.3038
11527,38.7972
11478,8.8511
11528,39.8715
11479,9.1732
11529,40.9378
11480,9.2634
11530,39.7817
11481,9.5052
11531,40.3630
11482,9.1808
11532,40.9082
11483,8.8869
11533,38.3722
11484,9.2614
11534,39.0033
11485,9.4136
11535,39.9149
11486,9.4514
11536,39.8221
11487,9.2933
11537,40.1342
11488,9.2772
11538,39.7137
11489,9.3397
11539,38.1326
11490,9.1413
11540,39.7138
11491,9.3568
11541,39.2347
11492,9.2923
11542,39.9545
11493,9.0949
11543,40.1024
11494,9.0284
11544,39.7437
11495,9.6061
11545,39.7925
11496,9.1357
11546,40.0448
11497,9.5380
11547,39.4591
11498,9.1645
11548,39.7720
11499,9.2232
11549,39.5768
11500,9.0673
11550,40.1649
11501,9.3530
11551,38.7492
11502,9.4384
11552,39.3983
11503,9.5663
11553,39.8680
11504,9.2022
11554,40.0129
11505,9.1740
11555,39.4240
11506,8.9308
11556,39.1203
11507,8.8250
11557,39.2932
11508,9.2355
11558,38.8164
11509,8.7938
11559,40.4378
11510,9.3089
11560,39.9084
11511,9.2174
11561,38.3379
11512,9.0214
11562,38.5790
11513,9.4376
11563,40.3406
11514,9.1399
11564,39.8981
11515,9.1333
11565,40.0871
11516,9.3984
11566,39.1082
11517,9.4943
11567,39.8891
11518,9.0430
11568,39.8059
11519,9.2820
11569,39.1055
11520,8.9909
11570,39.7309
11521,8.3082
11571,45.7227
11522,9.1076
11572,39.5847
11523,9.1330
11573,39.0351
11524,8.9908
11574,39.7079
11525,9.3100
11575,38.2654
11526,9.0449
11576,39.5300
11527,9.4498
11577,38.0512
11528,9.3286
11578,39.4066
11529,9.4837
11579,38.9211
11530,9.0172
11580,40.5702
11531,9.2983
11581,39.5357
11532,8.8999
11582,38.9377
11533,9.3772
11583,39.5703
11534,9.0588
11584,39.5073
11535,8.8965
11585,39.1613
11536,9.4036
11586,38.8045
11537,8.8542
11587,39.6296
11538,8.9830
11588,39.3269
11539,9.4414
11589,39.1783
11540,9.5531
11590,39.6179
11541,9.0538
11591,38.2802
11542,9.3354
11592,39.6502
11543,9.2195
11593,39.4649
11544,9.0261
11594,40.4047
11545,9.0588
11595,38.1372
11546,9.2340
11596,38.9254
11547,9.1728
11597,40.2661
11548,9.0674
11598,39.5786
11549,9.1997
11599,40.7001
11550,9.1001
11600,41.6192
11551,9.3643
11601,40.3459
11552,9.1254
11602,40.7664
11553,9.3188
11603,39.9441
11554,9.4015
11604,39.5203
11555,9.0311
11605,39.5869
11556,9.4674
11606,39.1003
11557,9.2392
11607,39.5952
11558,9.4034
11608,38.3039
11559,11.2388
11609,41.8395
11560,9.0820
11610,40.1333
11561,9.5174
11611,39.1786
11562,9.2422
11612,39.8106
11563,9.0840
11613,39.8216
11564,9.1104
11614,40.1367
11565,9.0558
11615,39.3957
11566,9.1484
11616,39.2325
11567,9.0369
11617,39.5613
11568,9.1875
11618,39.1476
11569,9.0539
11619,39.5053
11570,9.1187
11620,39.8418
11571,9.3235
11621,38.8772
11572,8.9587
11622,41.6267
11573,9.2812
11623,40.0941
11574,9.5342
11624,38.4745
11575,9.1321
11625,40.1762
11576,9.1009
11626,39.5817
11577,8.9592
11627,39.8635
11578,9.3640
11628,39.0960
11579,9.0594
11629,40.6105
11580,9.1233
11630,39.1935
11581,8.8499
11631,40.0021
11582,9.6651
11632,40.8599
11583,9.0605
11633,40.3109
11584,9.2379
11634,39.1683
11585,9.4339
11635,39.9913
11586,9.2179
11636,38.7816
11587,9.1087
11637,39.1720
11588,9.5390
11638,38.8507
11589,9.2369
11639,39.2426
11590,9.3964
11640,39.4579
11591,9.1540
11641,40.5844
11592,9.1265
11642,39.8881
11593,9.4272
11643,39.6778
11594,9.1004
11644,38.3180
11595,9.4065
11645,39.8252
11596,9.2228
11646,39.8853
11597,9.0788
11647,39.2461
11598,9.4031
11648,38.8516
11599,9.0103
11649,39.4877
11600,9.1641
11650,38.6598
11601,9.0260
11651,40.0598
11602,9.1241
11652,39.5809
11603,9.1922
11653,39.7784
11604,9.0889
11654,40.7884
11605,9.3089
11655,38.6991
11606,9.0494
11656,39.4791
11607,8.8202
11657,40.3326
11608,9.1013
11658,39.3480
11609,9.3717
11659,39.0142
11610,9.2278
11660,39.4375
11611,9.1498
11661,39.5730
11612,9.3465
11662,40.2052
11613,9.4823
11663,39.5139
11614,9.0202
11664,39.3978
11615,9.1841
11665,39.9110
11616,9.3394
11666,39.8773
11617,9.2441
11667,38.7792
11618,9.0546
11668,40.1796
11619,8.8403
11669,38.9820
11620,9.0863
11670,39.9793
11621,9.1675
11671,39.4333
11622,9.1142
11672,40.3661
11623,9.0153
11673,40.6531
11624,9.0073
11674,39.6657
11625,9.1301
11675,40.2795
11626,9.3911
11676,40.7867
11627,9.3822
11677,39.7808
11628,9.0418
11678,39.4091
11629,9.0058
11679,38.7507
11630,8.9963
11680,38.9131
11631,9.4400
11681,39.0079
11632,9.2662
11682,40.0468
11633,9.0394
11683,40.7536
11634,9.1735
11684,39.5131
11635,9.1170
11685,39.9677
11636,9.2717
11686,38.9020
11637,8.9739
11687,40.7246
11638,9.1362
11688,40.5928
11639,9.2338
11689,39.8020
11640,9.4163
11690,39.7387
11641,8.9637
11691,39.4851
11642,9.2219
11692,40.3983
11643,9.1577
11693,39.5488
11644,9.0947
11694,39.7539
11645,9.3278
11695,40.1415
11646,9.1496
11696,38.9531
11647,9.2069
11697,40.6966
11648,9.0469
11698,38.9872
11649,9.3847
11699,39.5019
11650,9.2952
11700,39.7716
11651,9.2939
11701,39.2471
11652,9.1973
11702,38.7704
11653,8.8682
11703,39.8482
11654,9.0087
11704,39.6577
11655,9.1766
11705,38.6682
11656,9.0652
11706,40.0260
11657,9.0406
11707,39.4338
11658,9.2501
11708,38.6172
11659,9.6419
11709,39.9983
11660,9.1172
11710,39.6893
11661,9.5968
11711,38.7653
11662,9.5113
11712,39.7002
11663,9.1689
11713,39.5724
11664,9.0212
11714,40.6693
11665,9.3630
11715,38.5692
11666,9.4044
11716,39.8615
11667,9.3991
11717,39.5137
11668,9.4286
11718,38.0845
11669,9.3037
11719,40.7701
11670,9.1559
11720,40.6190
11671,9.3678
11721,39.4642
11672,9.4458
11722,39.9282
11673,9.2337
11723,40.2323
11674,9.2539
11724,39.5543
11675,8.9034
11725,40.4308
11676,9.2556
11726,39.9666
11677,9.3204
11727,39.5108
11678,9.3939
11728,41.4867
11679,9.0548
11729,40.9634
11680,8.9955
11730,39.3643
11681,9.0879
11731,39.8912
11682,9.2482
11732,38.5172
11683,9.0760
11733,39.5063
11684,9.5010
11734,40.2300
11685,9.5031
11735,39.3951
11686,9.4558
11736,39.3863
11687,9.0261
11737,40.5187
11688,9.2709
11738,38.2596
11689,8.8222
11739,40.7844
11690,9.1412
11740,39.8276
11691,8.8612
11741,39.5376
11692,8.9317
11742,39.1987
11693,9.1432
11743,40.9904
11694,9.3089
11744,39.5303
11695,9.1401
11745,40.8951
11696,8.9630
11746,39.6477
11697,8.9362
11747,40.0970
11698,9.0475
11748,39.2354
11699,9.1439
11749,39.8884
11700,9.0788
11750,40.3149
11701,9.1333
11751,41.3600
11702,9.1502
11752,39.8758
11703,9.0088
11753,40.1618
11704,9.1899
11754,39.5674
11705,8.8093
11755,40.4053
11706,9.2585
11756,39.6887
11707,9.0322
11757,39.1687
11708,9.1575
11758,39.2840
11709,9.1660
11759,40.0770
11710,9.4188
11760,40.9866
11711,8.8944
11761,38.9569
11712,9.0642
11762,39.0200
11713,9.0090
11763,40.8750
11714,9.2592
11764,40.4368
11715,9.2155
11765,40.5686
11716,9.4119
11766,39.3135
11717,8.9008
11767,39.0114
11718,9.1637
11768,39.0395
11719,8.7189
11769,38.7913
11720,8.9547
11770,38.2604
11721,8.9396
11771,41.0178
11722,9.1656
11772,39.2944
11723,9.0279
11773,38.6332
11724,8.9100
11774,40.1805
11725,8.9741
11775,39.3813
11726,8.9701
11776,38.7714
11727,9.1858
11777,39.3466
11728,9.0142
11778,39.9345
11729,9.2354
11779,39.7581
11730,9.0038
11780,38.0628
11731,9.0494
11781,41.5103
11732,9.2616
11782,40.4495
11733,9.1305
11783,40.5348
11734,9.2174
11784,39.1195
11735,9.1333
11785,39.2271
11736,9.0749
11786,39.9982
11737,9.2783
11787,38.9948
11738,8.9797
11788,39.6516
11739,9.4231
11789,39.1411
11740,9.1357
11790,39.0617
11741,9.1116
11791,40.1332
11742,9.1095
11792,39.9218
11743,9.2962
11793,40.9212
11744,8.9356
11794,40.4390
11745,9.1724
11795,38.6563
11746,8.7316
11796,40.2384
11747,8.9693
11797,39.5767
11748,9.0420
11798,39.2322
11749,8.8462
11799,40.2184
11750,9.3590
11800,38.5888
11751,8.9893
11801,40.1510
11752,9.2329
11802,39.6749
11753,9.0274
11803,40.3478
11754,8.9167
11804,40.2240
11755,9.0043
11805,39.0848
11756,8.9677
11806,40.3030
11757,9.1518
11807,39.8867
11758,9.1144
11808,40.0542
11759,8.9842
11809,40.3957
11760,9.3048
11810,39.4237
11761,8.8909
11811,39.5993
11762,9.1406
11812,38.8548
11763,9.0065
11813,38.3723
11764,8.8168
11814,39.7560
11765,9.0252
11815,40.3518
11766,9.2391
11816,39.2441
11767,9.1346
11817,39.0489
11768,8.9468
11818,39.9170
11769,8.9935
11819,40.8328
11770,9.0473
11820,39.8461
11771,8.8173
11821,39.4157
11772,8.8306
11822,39.8641
11773,9.2979
11823,40.0414
11774,8.9751
11824,39.1346
11775,9.0583
11825,40.3055
11776,9.0092
11826,40.6347
11777,8.9550
11827,41.3835
11778,9.1751
11828,41.1485
11779,9.2036
11829,39.3934
11780,8.9759
11830,41.0098
11781,8.9074
11831,39.9181
11782,9.1036
11832,38.5716
11783,9.0348
11833,39.5828
11784,9.1816
11834,40.2672
11785,9.4712
11835,40.1293
11786,9.0477
11836,39.9920
11787,9.1375
11837,38.5293
11788,9.1493
11838,38.2148
11789,9.0504
11839,40.4412
11790,7.9777
11840,45.5181
11791,9.2442
11841,38.4176
11792,8.9721
11842,39.5404
11793,9.0811
11843,38.9304
11794,9.1103
11844,38.3516
11795,9.1554
11845,39.7440
11796,9.1169
11846,39.5611
11797,9.2477
11847,39.4567
11798,8.6020
11848,42.5005
11799,9.0840
11849,41.2031
11800,9.1317
11850,39.5031
11801,9.0739
11851,38.4441
11802,8.9730
11852,39.9176
11803,9.3343
11853,39.2415
11804,9.5380
11854,39.3502
11805,9.1870
11855,38.8928
11806,9.1914
11856,39.9106
11807,9.2276
11857,39.9704
11808,9.3439
11858,39.8957
11809,8.9615
11859,39.9238
11810,8.9863
11860,39.4548
11811,9.0868
11861,39.6137
11812,9.4472
11862,38.9618
11813,9.2457
11863,38.7745
11814,9.1972
11864,39.5290
11815,9.0174
11865,40.7616
11816,8.9977
11866,39.4303
11817,8.9669
11867,41.8749
11818,9.0908
11868,38.8252
11819,9.0090
11869,39.6551
11820,9.2248
11870,38.8959
11821,8.8302
11871,40.3822
11822,9.3509
11872,40.6804
11823,9.1764
11873,39.6572
11824,9.2902
11874,38.3614
11825,9.2414
11875,39.3979
11826,9.0280
11876,42.3300
11827,9.2685
11877,38.8740
11828,9.3621
11878,38.9714
11829,9.3403
11879,39.8125
11830,9.0908
11880,38.8857
11831,9.7633
11881,41.9359
11832,9.2443
11882,39.2403
11833,9.2340
11883,39.8851
11834,9.2726
11884,39.9854
11835,9.2442
11885,39.1215
11836,8.8329
11886,39.1691
11837,9.1641
11887,38.9957
11838,9.1912
11888,38.8629
11839,9.2191
11889,40.0286
11840,9.1520
11890,39.7583
11841,9.4753
11891,39.0769
11842,9.0876
11892,38.2966
11843,9.3962
11893,39.6135
11844,9.2340
11894,40.4644
11845,9.2833
11895,39.3825
11846,8.9249
11896,41.2548
11847,9.1967
11897,38.9469
11848,8.9681
11898,40.2569
11849,8.9124
11899,40.6760
11850,9.2292
11900,39.6569
11851,9.4361
11901,38.9518
11852,9.0314
11902,39.9702
11853,9.1705
11903,39.6973
11854,9.0751
11904,40.4521
11855,9.1989
11905,39.6927
11856,9.4602
11906,39.0135
11857,9.1488
11907,40.3536
11858,9.4373
11908,38.9034
11859,9.3166
11909,38.9177
11860,9.0765
11910,38.5090
11861,9.0789
11911,39.1466
11862,9.3811
11912,38.7248
11863,9.0703
11913,38.1484
11864,9.1071
11914,40.6569
11865,9.2047
11915,39.6409
11866,9.0847
11916,40.1463
11867,8.9805
11917,40.5373
11868,8.9671
11918,39.5600
11869,9.0829
11919,40.4247
11870,8.9283
11920,39.8665
11871,8.8965
11921,38.5862
11872,8.8242
11922,40.4037
11873,9.4033
11923,39.5089
11874,8.9512
11924,40.8525
11875,8.9471
11925,38.9093
11876,9.4084
11926,39.2501
11877,8.9370
11927,39.6468
11878,9.2451
11928,38.9177
11879,9.3657
11929,39.2428
11880,8.9760
11930,39.7249
11881,9.0540
11931,39.6954
11882,8.8412
11932,39.5206
11883,9.1489
11933,41.6229
11884,9.0119
11934,41.0617
11885,9.0818
11935,39.8362
11886,9.1920
11936,38.2607
11887,9.2776
11937,39.1398
11888,9.1257
11938,38.9288
11889,9.0606
11939,40.3584
11890,9.0545
11940,39.3492
11891,9.1910
11941,39.6970
11892,9.0370
11942,40.8253
11893,9.1325
11943,39.4409
11894,9.3288
11944,40.2835
11895,9.2410
11945,39.6450
11896,8.9468
11946,39.2894
11897,8.9953
11947,40.2757
11898,9.2895
11948,38.6464
11899,8.9594
11949,39.5280
11900,8.9529
11950,40.1344
11901,9.1592
11951,40.2623
11902,8.9764
11952,41.2744
11903,9.4014
11953,38.4014
11904,9.2083
11954,39.9045
11905,9.2966
11955,39.4301
11906,9.1123
11956,38.1100
11907,9.0404
11957,38.9160
11908,9.4946
11958,39.7250
11909,9.2456
11959,40.4667
11910,9.2621
11960,39.5191
11911,9.7408
11961,39.5560
11912,8.9396
11962,40.1901
11913,9.1350
11963,39.9624
11914,8.9486
11964,39.6739
11915,9.1015
11965,39.8326
11916,8.9459
11966,39.7851
11917,9.1824
11967,41.1912
11918,9.0730
11968,39.3047
11919,9.1250
11969,40.1200
11920,9.3989
11970,39.7110
11921,8.9399
11971,39.6658
11922,9.0275
11972,40.1580
11923,9.3087
11973,38.8236
11924,8.8808
11974,38.7759
11925,8.9265
11975,39.6661
11926,8.9123
11976,40.1674
11927,9.0819
11977,38.6361
11928,9.3349
11978,39.6056
11929,9.0179
11979,39.5443
11930,8.9771
11980,39.2512
11931,9.1298
11981,39.4805
11932,8.9176
11982,39.5401
11933,8.9809
11983,40.4184
11934,8.9624
11984,41.1462
11935,9.4089
11985,39.6596
11936,9.0080
11986,38.6798
11937,9.2866
11987,39.2231
11938,9.1386
11988,38.7231
11939,9.0472
11989,38.5958
11940,9.3744
11990,40.0167
11941,9.3244
11991,38.6491
11942,9.4526
11992,39.3642
11943,9.3252
11993,38.7976
11944,9.2397
11994,38.2066
11945,9.3245
11995,38.7588
11946,9.0900
11996,39.0094
11947,9.2755
11997,38.8994
11948,9.2886
11998,38.7618
11949,9.2528
11999,39.1284
11950,9.3521
12000,38.6938
11951,9.2847
12001,40.1846
11952,9.0800
12002,38.6141
11953,9.2111
12003,40.2460
11954,8.9880
12004,39.0185
11955,9.1001
12005,39.2983
11956,9.4281
12006,39.9016
11957,9.2230
12007,39.7621
11958,9.2371
12008,39.3497
11959,8.8992
12009,39.5374
11960,8.9394
12010,40.1569
11961,9.1377
12011,39.5742
11962,9.1500
12012,39.7112
11963,8.8886
12013,39.7544
11964,8.9250
12014,40.4295
11965,9.2854
12015,39.7198
11966,9.4473
12016,37.7887
11967,9.2712
12017,39.4801
11968,9.1498
12018,39.2633
11969,9.1554
12019,39.6723
11970,9.4201
12020,38.9862
11971,9.1027
12021,40.2495
11972,9.4177
12022,39.3013
11973,9.3513
12023,40.0393
11974,9.0341
12024,39.8950
11975,9.1107
12025,39.4084
11976,9.0457
12026,39.9885
11977,9.1344
12027,40.0729
11978,8.9523
12028,39.0366
11979,9.1075
12029,39.6450
11980,9.6045
12030,38.9240
11981,9.0549
12031,39.9159
11982,9.2035
12032,39.1271
11983,9.3848
12033,38.7250
11984,9.2129
12034,39.8148
11985,9.3444
12035,39.6754
11986,8.9784
12036,40.4461
11987,9.0345
12037,39.5153
11988,9.0973
12038,39.0879
11989,8.7961
12039,38.8819
11990,9.1542
12040,40.6870
11991,9.0518
12041,39.2271
11992,9.0198
12042,39.9362
11993,9.0135
12043,38.8039
11994,9.0201
12044,40.4208
11995,9.2228
12045,39.8768
11996,9.1280
12046,39.6594
11997,9.1153
12047,39.2322
11998,9.0295
12048,39.5242
11999,9.1093
12049,40.1980
12000,8.9300
12050,38.8210
12001,9.0901
12051,41.0019
12002,8.9616
12052,39.2871
12003,8.9224
12053,39.8699
12004,8.9094
12054,39.1478
12005,9.0294
12055,40.2647
12006,9.5471
12056,39.3641
12007,9.1366
12057,40.7867
12008,9.3714
12058,39.2391
12009,9.1202
12059,38.8571
12010,9.1704
12060,40.0513
12011,9.1881
12061,39.5552
12012,9.1997
12062,38.8360
12013,9.0418
12063,39.0034
12014,8.9125
12064,40.0548
12015,9.2768
12065,38.2824
12016,9.2760
12066,39.0399
12017,8.9892
12067,40.0024
12018,9.2915
12068,38.9419
12019,9.3378
12069,38.9212
12020,8.9884
12070,39.5433
12021,8.9632
12071,40.6302
12022,9.2512
12072,38.6257
12023,9.0887
12073,39.2724
12024,9.4255
12074,40.5301
12025,9.4002
12075,39.0682
12026,9.1803
12076,40.3187
12027,8.9767
12077,41.3627
12028,8.8891
12078,40.7570
12029,9.2258
12079,39.1016
12030,9.2966
12080,39.6157
12031,9.2358
12081,38.9872
12032,8.9301
12082,39.9300
12033,9.3075
12083,38.6556
12034,8.9348
12084,40.0209
12035,8.9735
12085,39.4794
12036,9.0714
12086,39.5986
12037,9.0924
12087,40.0403
12038,9.1735
12088,39.3730
12039,9.2533
12089,38.6428
12040,9.3062
12090,39.9154
12041,8.9807
12091,39.8891
12042,8.9768
12092,40.5521
12043,9.1415
12093,39.1259
12044,9.1570
12094,38.3009
12045,9.1047
12095,39.8582
12046,9.2468
12096,39.7866
12047,9.3390
12097,39.7880
12048,9.2239
12098,38.8432
12049,9.1853
12099,41.1864
12050,9.4698
12100,39.8497
12051,9.3937
12101,38.8819
12052,8.8776
12102,40.4836
12053,9.0366
12103,39.3939
12054,9.0124
12104,40.2450
12055,9.1551
12105,38.9188
12056,9.3516
12106,39.7546
12057,8.9789
12107,39.9953
12058,8.9322
12108,39.9041
12059,9.2702
12109,40.8951
12060,9.2230
12110,40.4781
12061,9.0857
12111,39.5676
12062,9.1649
12112,40.1179
12063,10.3898
12113,40.5733
12064,8.9139
12114,38.4461
12065,8.7824
12115,39.0253
12066,8.9745
12116,38.0602
12067,9.1060
12117,38.3888
12068,8.8768
12118,40.3105
12069,9.1235
12119,39.3473
12070,9.0163
12120,39.5569
12071,9.1136
12121,39.4910
12072,9.2698
12122,38.3296
12073,8.9794
12123,39.9154
12074,9.0909
12124,39.8567
12075,8.8888
12125,39.8553
12076,9.0154
12126,39.0467
12077,9.0878
12127,39.1068
12078,9.1843
12128,40.3053
12079,8.9122
12129,39.3279
12080,9.0299
12130,40.7038
12081,9.1329
12131,40.5555
12082,9.1481
12132,38.8477
12083,9.1528
12133,39.2672
12084,9.1585
12134,40.3001
12085,9.0819
12135,40.1753
12086,9.6167
12136,39.3848
12087,9.0427
12137,39.3676
12088,8.9265
12138,39.6706
12089,9.0367
12139,40.9973
12090,8.9351
12140,40.1406
12091,9.4962
12141,39.2161
12092,9.2068
12142,39.4277
12093,9.2557
12143,39.8765
12094,9.2759
12144,38.4509
12095,9.0008
12145,40.0021
12096,9.0014
12146,39.3043
12097,9.0247
12147,39.6196
12098,9.2232
12148,39.4592
12099,9.1278
12149,38.8444
12100,8.8572
12150,41.0978
12101,9.0669
12151,38.7042
12102,8.7528
12152,39.6930
12103,9.3802
12153,38.3875
12104,9.4432
12154,39.9193
12105,9.2529
12155,39.1492
12106,9.0727
12156,40.1064
12107,9.0435
12157,39.8163
12108,9.2403
12158,38.4310
12109,9.3560
12159,39.2614
12110,9.2519
12160,39.0472
12111,9.5023
12161,38.5780
12112,9.0097
12162,40.9955
12113,9.3805
12163,38.8328
12114,8.8144
12164,40.5962
12115,9.3495
12165,39.5521
12116,9.0811
12166,39.7170
12117,8.9497
12167,39.3228
12118,8.8712
12168,39.6852
12119,9.0054
12169,39.9815
12120,9.2800
12170,39.6046
12121,9.2653
12171,39.2501
12122,9.3925
12172,39.5503
12123,9.0101
12173,39.0733
12124,8.9220
12174,40.0070
12125,9.1592
12175,38.8261
12126,8.9705
12176,39.3689
12127,8.9481
12177,39.3278
12128,9.3365
12178,39.0169
12129,9.3747
12179,38.6318
12130,9.1125
12180,40.5692
12131,9.1967
12181,39.3805
12132,9.0689
12182,38.3866
12133,9.0625
12183,39.9186
12134,8.9750
12184,39.4879
12135,9.1952
12185,38.4477
12136,8.9411
12186,39.5726
12137,8.9322
12187,39.7702
12138,9.1673
12188,38.3622
12139,8.9132
12189,38.4500
12140,9.1992
12190,40.6715
12141,9.1407
12191,39.5562
12142,9.1521
12192,38.9808
12143,9.1188
12193,39.4716
12144,9.3059
12194,38.6665
12145,8.5950
12195,39.2539
12146,8.8897
12196,39.4858
12147,9.1031
12197,38.4090
12148,9.0614
12198,38.9407
12149,8.8711
12199,40.4319
12150,8.9622
12200,40.9688
12151,9.2541
12201,39.9793
12152,8.9616
12202,39.2296
12153,9.0714
12203,39.6361
12154,9.2480
12204,39.6354
12155,9.1215
12205,39.8475
12156,8.8488
12206,40.8196
12157,9.2702
12207,37.7801
12158,9.1493
12208,38.9209
12159,8.8927
12209,39.9867
12160,9.0164
12210,39.0466
12161,9.1486
12211,40.2160
12162,8.9469
12212,39.9111
12163,9.0173
12213,40.4052
12164,9.0634
12214,39.4624
12165,8.8504
12215,40.1515
12166,9.2096
12216,40.5356
12167,8.9055
12217,40.2054
12168,8.9254
12218,40.2490
12169,9.1678
12219,38.7869
12170,8.9947
12220,40.0124
12171,8.9236
12221,39.6950
12172,9.0354
12222,40.2503
12173,9.0738
12223,40.3233
12174,9.3141
12224,39.5144
12175,9.5011
12225,39.1368
12176,9.6316
12226,38.7102
12177,9.1197
12227,39.7740
12178,8.8888
12228,40.5196
12179,8.9614
12229,40.5011
12180,8.8615
12230,39.7542
12181,9.2810
12231,39.8016
12182,8.8854
12232,40.3635
12183,9.2359
12233,38.3541
12184,8.8655
12234,39.4540
12185,8.9416
12235,39.5207
12186,8.9740
12236,40.4434
12187,9.2328
12237,41.0710
12188,9.1732
12238,38.4567
12189,9.0413
12239,40.0859
12190,9.2099
12240,40.8006
12191,9.1523
12241,39.2505
12192,9.0221
12242,39.4179
12193,9.5554
12243,39.1772
12194,9.5263
12244,39.8028
12195,9.2228
12245,39.3680
12196,8.9037
12246,39.6940
12197,8.9451
12247,39.5046
12198,9.0493
12248,40.4190
12199,9.0396
12249,38.6529
12200,9.0776
12250,38.5845
12201,9.1786
12251,40.1835
12202,9.3245
12252,40.1360
12203,9.1423
12253,39.5450
12204,9.4682
12254,38.8688
12205,9.2486
12255,39.6538
12206,9.1780
12256,39.0794
12207,9.1202
12257,38.6811
12208,9.4459
12258,41.1361
12209,9.3890
12259,41.0625
12210,8.9075
12260,39.6010
12211,9.1211
12261,39.4887
12212,9.1253
12262,39.8238
12213,9.1762
12263,40.6488
12214,9.1574
12264,39.9618
12215,9.0079
12265,40.4577
12216,8.9883
12266,40.0045
12217,9.2511
12267,38.9418
12218,9.3509
12268,39.4711
12219,8.7723
12269,42.9732
12220,9.1413
12270,40.5879
12221,8.9822
12271,39.4709
12222,9.0828
12272,39.0004
12223,9.4226
12273,39.4447
12224,9.2724
12274,40.1252
12225,9.0274
12275,40.5544
12226,9.3728
12276,38.5799
12227,9.2349
12277,38.6709
12228,8.8846
12278,39.2888
12229,9.1139
12279,40.1470
12230,9.0317
12280,41.5618
12231,9.0862
12281,41.5292
12232,9.1772
12282,40.1512
12233,9.2343
12283,40.0422
12234,9.0509
12284,39.5152
12235,9.1138
12285,39.3319
12236,9.1017
12286,40.3023
12237,9.0841
12287,39.9701
12238,9.0473
12288,40.2481
12239,9.5785
12289,39.3337
12240,9.1399
12290,38.8596
12241,8.9772
12291,39.8409
12242,9.1499
12292,40.2447
12243,9.3401
12293,39.4583
12244,8.9171
12294,39.6601
12245,9.1518
12295,39.5854
12246,9.2337
12296,41.0082
12247,9.1251
12297,39.5961
12248,8.7046
12298,40.0789
12249,9.0741
12299,40.3819
12250,9.0224
12300,40.6094
12251,9.4107
12301,38.3943
12252,9.0965
12302,39.8543
12253,9.0440
12303,39.4497
12254,8.8198
12304,39.9987
12255,9.1528
12305,41.2616
12256,9.0324
12306,39.2317
12257,9.0714
12307,39.2557
12258,8.8697
12308,41.6378
12259,9.3632
12309,39.5430
12260,8.8760
12310,39.4887
12261,8.9878
12311,40.0752
12262,8.8935
12312,41.3924
12263,9.6001
12313,39.1855
12264,9.0459
12314,39.5149
12265,8.9217
12315,37.6973
12266,9.0517
12316,40.3032
12267,8.8640
12317,40.1749
12268,9.2657
12318,38.5422
12269,9.3171
12319,40.2369
12270,9.4530
12320,39.7293
12271,9.3623
12321,39.4471
12272,9.7633
12322,40.4448
12273,9.1202
12323,40.1057
12274,8.9526
12324,39.8845
12275,9.2982
12325,40.1908
12276,8.9617
12326,39.7596
12277,9.2498
12327,39.6281
12278,9.0371
12328,39.6614
12279,8.9151
12329,40.2236
12280,9.2495
12330,39.9105
12281,9.3366
12331,40.0573
12282,9.3055
12332,38.8487
12283,9.0317
12333,39.1498
12284,9.0086
12334,40.3446
12285,9.1246
12335,39.5977
12286,9.0828
12336,39.9978
12287,9.3608
12337,39.7488
12288,9.4157
12338,39.0087
12289,8.9855
12339,39.3506
12290,9.0579
12340,39.2361
12291,8.9006
12341,40.6301
12292,9.0756
12342,41.2112
12293,9.1488
12343,39.5235
12294,9.2860
12344,40.8232
12295,9.2554
12345,39.1743
12296,9.2824
12346,40.0358
12297,9.2967
12347,39.0018
12298,9.0125
12348,40.7594
12299,8.9316
12349,40.5277
12300,8.9919
12350,40.5467
12301,9.0934
12351,40.6197
12302,9.2642
12352,39.3849
12303,9.3452
12353,40.1505
12304,8.9627
12354,40.0522
12305,9.0686
12355,40.5410
12306,9.3080
12356,40.2994
12307,9.2133
12357,38.8458
12308,9.3226
12358,38.9783
12309,9.1048
12359,40.0497
12310,9.3181
12360,39.3413
12311,9.0042
12361,39.4311
12312,9.0782
12362,39.4230
12313,8.9631
12363,40.1314
12314,9.3511
12364,39.7629
12315,9.0785
12365,40.1270
12316,9.1158
12366,39.8117
12317,9.3806
12367,39.8214
12318,9.1109
12368,39.1258
12319,9.0068
12369,38.4023
12320,8.7409
12370,39.8188
12321,9.1204
12371,39.6147
12322,9.2506
12372,39.8242
12323,9.0331
12373,41.1448
12324,9.4492
12374,39.0418
12325,9.2870
12375,38.6383
12326,9.0207
12376,40.7992
12327,9.4939
12377,40.4615
12328,8.9941
12378,40.3833
12329,9.1438
12379,40.4002
12330,9.0538
12380,39.6146
12331,9.2863
12381,38.2133
12332,9.3546
12382,39.7442
12333,9.2008
12383,38.0902
12334,8.9062
12384,39.3943
12335,8.8897
12385,39.6587
12336,9.1310
12386,39.2023
12337,9.1237
12387,39.4869
12338,9.1708
12388,40.7253
12339,9.0176
12389,38.8375
12340,8.7345
12390,40.4962
12341,9.2510
12391,40.1388
12342,9.3586
12392,39.7873
12343,9.0089
12393,39.2173
12344,8.7709
12394,40.0560
12345,9.3403
12395,39.3458
12346,9.4762
12396,40.8895
12347,9.5236
12397,40.2617
12348,9.3427
12398,38.8916
12349,9.4049
12399,40.1340
12350,9.2070
12400,40.0024
12351,9.0006
12401,39.4443
12352,8.9113
12402,40.0737
12353,8.9919
12403,40.4754
12354,9.0114
12404,39.1237
12355,9.4410
12405,39.2463
12356,8.9452
12406,39.1430
12357,8.7979
12407,39.9245
12358,9.0624
12408,39.4114
12359,8.8935
12409,40.6104
12360,9.0136
12410,39.7056
12361,9.1741
12411,39.4384
12362,9.1328
12412,39.3038
12363,9.2545
12413,38.7302
12364,9.1997
12414,40.1725
12365,9.4196
12415,38.6128
12366,9.2165
12416,39.9111
12367,9.2326
12417,40.0593
12368,9.3438
12418,38.6517
12369,9.2505
12419,39.8403
12370,9.1743
12420,40.5755
12371,9.4989
12421,39.7011
12372,9.5305
12422,38.4918
12373,8.9318
12423,38.3921
12374,9.2048
12424,40.6251
12375,9.4282
12425,39.2861
12376,9.3441
12426,40.1314
12377,9.2033
12427,41.8571
12378,9.2310
12428,41.3515
12379,9.0170
12429,39.4691
12380,8.9718
12430,40.4516
12381,9.2374
12431,40.8799
12382,9.2018
12432,39.3165
12383,9.1675
12433,40.3753
12384,9.0630
12434,39.9833
12385,9.5226
12435,39.9899
12386,9.4628
12436,39.1759
12387,8.9289
12437,40.2870
12388,9.1523
12438,39.1391
12389,8.9996
12439,40.2131
12390,9.1530
12440,39.7896
12391,9.3401
12441,39.2027
12392,9.3501
12442,40.7599
12393,9.3188
12443,40.2076
12394,9.4168
12444,39.4956
12395,9.0930
12445,39.2005
12396,9.1911
12446,38.8582
12397,9.0732
12447,41.1113
12398,8.9664
12448,39.8391
12399,9.0438
12449,40.5474
12400,9.5600
12450,38.5630
12401,9.1823
12451,39.2742
12402,9.3160
12452,40.3923
12403,9.2185
12453,39.6923
12404,9.0057
12454,38.9083
12405,8.9398
12455,40.6988
12406,9.2408
12456,39.1087
12407,9.1300
12457,40.6648
12408,9.0132
12458,39.3626
12409,9.4448
12459,38.5463
12410,8.8703
12460,40.1111
12411,9.3190
12461,39.8743
12412,10.0835
12462,39.7615
12413,9.1671
12463,39.2713
12414,8.8202
12464,40.3070
12415,8.8571
12465,39.0374
12416,8.7737
12466,39.0485
12417,9.1046
12467,39.7067
12418,8.9041
12468,40.0074
12419,9.4318
12469,39.1740
12420,8.8653
12470,39.2572
12421,8.9581
12471,39.1300
12422,8.8727
12472,40.9222
12423,9.0748
12473,39.2920
12424,8.8027
12474,39.4629
12425,9.1893
12475,39.5498
12426,9.2391
12476,39.1231
12427,8.9719
12477,40.1798
12428,9.2117
12478,40.9250
12429,9.3767
12479,39.7518
12430,9.0484
12480,39.6299
12431,8.9909
12481,39.3102
12432,9.0737
12482,39.0406
12433,9.0708
12483,39.2853
12434,9.1469
12484,40.0014
12435,8.9294
12485,40.2544
12436,9.0882
12486,40.6473
12437,9.1708
12487,39.2378
12438,14.7221
12488,39.1113
12439,9.4381
12489,41.4148
12440,9.1537
12490,39.6563
12441,8.9928
12491,38.3873
12442,8.6757
12492,39.7992
12443,9.0858
12493,39.3962
12444,9.2640
12494,39.7454
12445,8.7470
12495,39.3971
12446,8.4989
12496,40.5690
12447,8.7365
12497,38.9269
12448,8.5756
12498,40.7208
12449,8.6799
12499,40.1257
12450,8.5663
12500,39.9375
12451,8.7989
12501,39.3550
12452,9.0721
12502,40.1226
12453,8.5737
12503,38.9862
12454,8.6350
12504,39.5680
12455,9.2893
12505,40.5051
12456,8.9869
12506,39.3147
12457,8.9491
12507,40.0565
12458,8.8447
12508,40.9145
12459,8.7270
12509,39.5740
12460,8.9627
12510,40.1741
12461,8.7289
12511,40.1798
12462,9.1049
12512,39.1617
12463,8.9329
12513,40.9976
12464,8.9746
12514,39.9163
12465,9.0217
12515,39.2591
12466,8.5734
12516,40.5566
12467,8.8603
12517,39.5732
12468,8.6617
12518,38.8239
12469,8.6015
12519,39.1929
12470,9.2222
12520,39.5002
12471,8.9890
12521,39.2505
12472,8.8211
12522,39.3537
12473,9.1604
12523,41.8686
12474,8.4889
12524,40.3187
12475,8.9211
12525,39.9887
12476,8.7661
12526,39.8353
12477,8.8338
12527,39.4645
12478,9.0195
12528,39.4519
12479,8.7532
12529,39.3307
12480,8.5437
12530,39.3810
12481,9.2029
12531,39.0456
12482,9.4720
12532,40.7053
12483,9.2806
12533,39.5272
12484,8.6992
12534,39.9987
12485,8.6229
12535,39.0433
12486,8.7254
12536,39.3908
12487,9.1886
12537,39.0575
12488,9.1400
12538,39.5148
12489,9.1443
12539,39.1081
12490,9.1266
12540,40.1793
12491,8.5375
12541,40.1638
12492,9.0670
12542,39.2441
12493,8.7819
12543,39.9427
12494,8.6605
12544,39.8486
12495,8.9047
12545,39.5244
12496,8.7477
12546,39.9296
12497,8.6186
12547,39.5732
12498,8.6133
12548,40.3026
12499,8.5730
12549,38.4068
12500,8.5587
12550,39.6217
12501,9.0224
12551,39.9631
12502,9.0440
12552,39.9906
12503,8.9427
12553,39.8594
12504,8.6065
12554,40.8957
12505,9.0367
12555,39.4798
12506,8.6973
12556,40.5438
12507,8.8294
12557,40.3595
12508,10.9423
12558,41.9800
12509,8.7696
12559,39.4322
12510,8.7926
12560,39.7059
12511,9.0659
12561,40.3361
12512,8.7020
12562,40.3411
12513,8.4438
12563,41.5721
12514,8.8537
12564,40.3365
12515,9.1125
12565,38.8974
12516,9.1673
12566,39.2607
12517,9.1344
12567,40.6168
12518,9.2108
12568,38.8637
12519,9.3010
12569,39.4516
12520,9.0110
12570,39.9728
12521,9.0782
12571,39.6313
12522,8.7559
12572,40.8060
12523,8.6015
12573,40.2323
12524,8.8685
12574,40.4762
12525,9.1902
12575,40.0677
12526,8.5086
12576,39.7086
12527,9.0890
12577,39.5773
12528,8.7570
12578,38.4518
12529,9.2279
12579,40.0572
12530,8.9335
12580,40.9980
12531,8.8896
12581,39.8147
12532,8.7872
12582,38.8272
12533,9.2780
12583,39.3671
12534,8.9383
12584,39.6411
12535,9.3054
12585,39.3952
12536,9.0761
12586,39.2951
12537,8.7083
12587,39.0369
12538,9.2149
12588,39.2762
12539,9.1925
12589,40.7886
12540,9.6439
12590,40.0010
12541,9.3947
12591,39.2508
12542,9.2863
12592,41.3210
12543,8.8015
12593,39.4745
12544,8.6796
12594,39.5181
12545,8.7132
12595,40.0525
12546,8.6124
12596,39.2474
12547,8.6817
12597,39.5426
12548,8.5589
12598,39.9697
12549,8.6258
12599,39.0687
12550,8.8388
12600,40.0217
12551,8.6172
12601,39.7250
12552,8.9605
12602,40.3862
12553,8.8466
12603,40.1133
12554,8.6554
12604,41.7292
12555,8.7561
12605,39.2949
12556,8.7112
12606,38.8371
12557,8.6154
12607,39.6790
12558,8.5952
12608,39.8885
12559,8.6556
12609,38.8479
12560,8.5610
12610,39.4745
12561,8.8076
12611,39.4802
12562,9.1392
12612,40.4833
12563,8.8699
12613,39.9499
12564,8.6068
12614,40.3282
12565,8.9633
12615,40.9150
12566,9.1014
12616,40.4271
12567,9.1635
12617,38.4890
12568,8.4662
12618,39.4304
12569,8.6964
12619,39.9025
12570,8.7859
12620,39.1038
12571,8.8111
12621,39.0189
12572,8.6418
12622,40.2506
12573,8.4990
12623,39.9255
12574,8.5511
12624,38.6970
12575,8.5582
12625,41.2685
12576,8.4565
12626,40.0169
12577,8.9067
12627,39.0819
12578,8.6491
12628,40.0761
12579,8.5745
12629,38.6456
12580,8.6090
12630,39.5083
12581,8.4394
12631,39.0382
12582,8.4776
12632,40.8073
12583,8.5583
12633,39.9914
12584,8.5172
12634,38.9668
12585,8.6871
12635,38.8576
12586,9.6200
12636,39.4570
12587,9.0722
12637,39.9124
12588,8.8612
12638,40.0767
12589,9.1132
12639,39.9720
12590,9.0671
12640,40.4623
12591,8.9279
12641,38.9426
12592,9.0496
12642,39.7589
12593,8.6967
12643,38.6893
12594,9.0371
12644,41.1213
12595,9.0096
12645,39.2849
12596,9.0240
12646,40.3048
12597,9.1364
12647,39.8708
12598,9.2063
12648,39.7250
12599,9.2735
12649,39.6309
12600,8.8289
12650,40.5924
12601,8.8559
12651,40.1444
12602,8.9063
12652,41.7707
12603,9.0239
12653,39.1675
12604,8.7489
12654,39.5776
12605,8.9064
12655,39.4471
12606,8.7077
12656,38.5929
12607,8.7898
12657,39.0469
12608,8.8877
12658,41.3396
12609,8.9644
12659,40.2489
12610,8.8691
12660,40.6510
12611,8.7164
12661,38.9728
12612,8.4085
12662,39.8001
12613,8.5399
12663,39.4114
12614,9.0570
12664,40.0054
12615,9.4334
12665,39.5229
12616,9.5102
12666,40.3864
12617,8.9493
12667,39.8537
12618,9.0378
12668,39.7123
12619,9.2103
12669,39.4251
12620,9.0501
12670,39.6366
12621,9.0812
12671,41.0740
12622,9.2275
12672,39.9682
12623,9.2379
12673,39.7038
12624,9.1760
12674,39.6466
12625,9.0642
12675,38.9961
12626,9.1255
12676,40.5915
12627,8.7909
12677,41.7142
12628,9.0978
12678,40.1089
12629,8.8588
12679,39.0694
12630,8.9364
12680,40.8518
12631,9.4376
12681,39.6747
12632,8.7683
12682,41.0478
12633,8.6222
12683,39.6893
12634,9.2826
12684,40.3350
12635,8.5752
12685,39.5317
12636,9.2215
12686,39.6657
12637,9.2478
12687,39.1297
12638,9.1346
12688,40.5456
12639,8.7054
12689,39.7899
12640,8.9828
12690,39.1433
12641,8.8773
12691,40.5208
12642,9.3018
12692,39.6269
12643,8.5955
12693,39.4632
12644,8.0126
12694,41.1364
12645,8.2521
12695,40.6651
12646,8.2213
12696,39.1024
12647,8.1385
12697,40.2554
12648,8.0981
12698,40.0433
12649,7.9742
12699,38.9493
12650,8.0261
12700,39.2105
12651,8.2762
12701,40.4093
12652,8.0805
12702,40.1701
12653,8.1846
12703,41.2739
12654,8.0273
12704,40.9921
12655,8.1636
12705,40.1676
12656,8.0968
12706,40.0603
12657,8.0986
12707,40.3559
12658,8.4064
12708,39.8906
12659,8.1856
12709,40.1012
12660,8.1838
12710,39.9985
12661,8.3352
12711,39.3552
12662,7.9979
12712,40.6505
12663,8.0487
12713,41.3762
12664,8.1445
12714,39.5334
12665,8.0404
12715,40.1646
12666,8.1088
12716,40.3796
12667,7.9672
12717,39.0434
12668,7.9793
12718,41.0545
12669,8.0512
12719,40.7069
12670,8.6084
12720,39.8137
12671,7.8864
12721,40.1009
12672,8.0867
12722,39.1772
12673,8.0939
12723,38.1768
12674,7.6869
12724,38.3172
12675,8.1104
12725,40.4664
12676,7.9445
12726,39.6835
12677,8.1882
12727,39.7724
12678,7.8724
12728,41.4509
12679,8.0606
12729,40.4862
12680,8.2290
12730,39.9700
12681,8.5771
12731,40.1168
12682,8.5094
12732,38.7040
12683,7.9593
12733,40.9064
12684,8.1997
12734,40.5418
12685,8.1268
12735,39.4657
12686,7.9707
12736,39.3310
12687,8.4956
12737,40.5052
12688,8.1828
12738,40.8819
12689,8.3458
12739,40.1174
12690,8.2815
12740,39.9356
12691,8.4279
12741,39.5857
12692,8.1531
12742,40.7242
12693,8.0337
12743,38.9139
12694,8.2998
12744,39.5679
12695,8.5415
12745,41.3013
12696,8.3541
12746,40.2880
12697,8.1416
12747,39.4513
12698,8.3259
12748,40.1670
12699,8.3679
12749,40.3573
12700,8.3704
12750,39.2006
12701,8.4842
12751,40.8787
12702,8.3959
12752,40.5483
12703,8.1630
12753,40.7615
12704,8.3088
12754,38.6348
12705,8.2989
12755,40.3765
12706,8.6147
12756,39.0801
12707,8.3927
12757,40.3116
12708,8.9142
12758,40.8751
12709,8.1791
12759,42.0053
12710,8.7197
12760,39.2827
12711,8.0602
12761,40.5029
12712,8.4057
12762,40.6221
12713,8.2463
12763,38.6323
12714,8.0648
12764,38.5810
12715,8.1233
12765,39.5593
12716,8.2930
12766,41.4174
12717,8.1597
12767,39.6823
12718,8.3256
12768,41.4613
12719,8.2092
12769,40.7109
12720,8.0727
12770,39.5627
12721,8.0910
12771,39.4333
12722,7.9977
12772,40.3501
12723,8.0712
12773,39.1725
12724,8.2289
12774,39.7893
12725,8.1341
12775,39.5384
12726,8.2539
12776,40.6605
12727,8.2866
12777,39.8805
12728,8.3203
12778,39.6299
12729,7.9889
12779,39.4944
12730,8.1142
12780,39.5326
12731,8.1069
12781,39.7838
12732,8.3447
12782,39.8210
12733,8.2137
12783,39.4778
12734,8.1518
12784,39.5522
12735,8.0831
12785,39.9276
12736,8.4928
12786,38.9925
12737,8.2548
12787,38.9566
12738,8.2648
12788,39.7834
12739,8.0578
12789,39.8247
12740,8.1841
12790,39.7334
12741,8.0322
12791,38.8355
12742,8.2016
12792,38.0775
12743,8.0212
12793,41.0115
12744,8.5400
12794,40.4569
12745,7.9568
12795,39.7271
12746,8.0602
12796,40.1552
12747,8.9106
12797,41.1634
12748,8.1001
12798,39.0933
12749,8.2984
12799,39.2600
12750,8.5072
12800,39.8131
12751,8.1833
12801,39.9957
12752,8.1795
12802,40.4930
12753,8.3224
12803,40.9455
12754,7.7374
12804,40.7581
12755,7.9156
12805,40.6857
12756,8.4213
12806,38.8398
12757,10.0323
12807,43.4250
12758,8.5965
12808,40.3401
12759,8.3037
12809,41.5675
12760,8.4399
12810,39.2947
12761,8.3963
12811,40.3700
12762,8.3223
12812,39.1995
12763,8.2204
12813,41.2417
12764,8.5344
12814,39.2184
12765,8.1686
12815,39.4707
12766,8.0581
12816,40.0250
12767,8.2592
12817,39.3771
12768,8.3586
12818,40.0709
12769,8.7305
12819,40.8961
12770,7.9704
12820,40.5224
12771,8.4374
12821,42.1813
12772,8.2144
12822,39.4479
12773,7.9562
12823,39.7448
12774,8.1590
12824,40.8118
12775,8.1099
12825,39.6756
12776,8.5455
12826,40.5257
12777,7.9125
12827,39.5106
12778,8.1163
12828,39.9375
12779,8.4006
12829,39.2398
12780,8.0067
12830,41.1781
12781,8.3706
12831,39.8789
12782,8.2492
12832,40.4011
12783,8.3560
12833,38.8333
12784,8.4488
12834,39.2793
12785,8.5146
12835,39.8734
12786,8.4943
12836,39.4304
12787,8.3498
12837,40.3583
12788,8.1499
12838,39.5264
12789,8.3025
12839,39.3620
12790,8.1336
12840,39.8886
12791,8.3426
12841,39.9298
12792,8.2838
12842,38.2412
12793,8.0907
12843,40.2115
12794,8.4374
12844,39.8402
12795,8.0541
12845,40.6086
12796,8.4882
12846,39.0420
12797,8.1653
12847,39.7918
12798,8.2719
12848,39.5800
12799,8.0731
12849,40.8954
12800,8.5275
12850,39.1715
12801,8.3227
12851,39.3485
12802,8.4180
12852,39.7926
12803,8.2132
12853,39.9315
12804,8.2296
12854,38.9002
12805,8.2714
12855,39.6232
12806,8.2974
12856,39.0176
12807,8.1085
12857,40.2691
12808,8.2721
12858,40.0091
12809,8.4466
12859,38.2910
12810,8.0751
12860,38.5690
12811,8.3013
12861,39.3316
12812,8.2565
12862,40.7464
12813,8.3437
12863,40.8007
12814,8.2266
12864,40.3159
12815,8.6168
12865,40.9157
12816,8.4486
12866,41.0418
12817,8.1329
12867,39.4475
12818,8.0149
12868,39.3920
12819,8.2859
12869,39.2396
12820,8.3667
12870,39.5470
12821,8.0794
12871,39.1017
12822,8.3543
12872,40.4189
12823,8.3474
12873,38.5123
12824,8.1196
12874,39.4341
12825,8.0627
12875,39.3207
12826,8.1544
12876,39.6809
12827,8.3960
12877,39.2302
12828,8.1656
12878,40.5415
12829,8.3309
12879,40.2151
12830,8.2495
12880,39.6044
12831,8.1565
12881,40.7427
12832,8.2534
12882,41.3008
12833,8.2310
12883,40.2686
12834,8.2480
12884,38.9604
12835,8.3527
12885,40.5918
12836,8.4210
12886,39.9080
12837,8.2694
12887,39.9748
12838,8.0308
12888,39.1975
12839,8.2232
12889,39.9339
12840,8.2109
12890,39.4488
12841,8.0734
12891,39.3936
12842,8.1818
12892,38.4691
12843,8.2095
12893,40.5380
12844,8.1655
12894,40.1713
12845,8.5400
12895,39.6892
12846,8.1853
12896,40.6873
12847,8.2832
12897,39.2360
12848,8.8777
12898,40.1641
12849,8.3081
12899,39.5781
12850,8.2798
12900,40.6243
12851,8.2944
12901,38.4477
12852,8.1957
12902,39.8798
12853,8.7063
12903,39.5048
12854,8.1670
12904,39.4227
12855,8.1313
12905,39.8729
12856,8.6925
12906,39.4431
12857,8.3458
12907,37.9610
12858,8.2718
12908,40.4763
12859,8.1630
12909,40.3811
12860,8.1063
12910,39.6473
12861,8.6871
12911,40.2464
12862,8.6398
12912,39.4443
12863,8.4756
12913,40.2842
12864,8.2419
12914,40.2079
12865,8.3972
12915,40.8809
12866,8.1762
12916,40.4903
12867,8.4693
12917,40.4431
12868,8.4289
12918,40.5914
12869,8.2753
12919,39.3570
12870,8.1789
12920,39.7834
12871,8.3062
12921,39.7512
12872,8.4069
12922,39.0060
12873,8.7590
12923,39.8326
12874,8.2204
12924,40.0737
12875,8.3537
12925,39.0383
12876,8.3424
12926,40.1485
12877,8.0866
12927,38.9645
12878,8.4814
12928,39.3772
12879,8.3269
12929,38.8520
12880,8.2292
12930,39.4766
12881,8.2330
12931,39.7086
12882,8.3489
12932,39.7713
12883,8.3189
12933,41.5748
12884,8.3434
12934,39.2447
12885,8.1906
12935,38.6604
12886,8.2436
12936,38.8273
12887,8.1305
12937,39.2737
12888,8.4618
12938,39.8196
12889,8.1118
12939,40.2766
12890,8.1222
12940,38.8766
12891,8.2362
12941,39.1627
12892,8.3893
12942,40.9470
12893,8.5625
12943,40.8848
12894,8.2985
12944,39.5801
12895,8.1611
12945,40.3478
12896,8.2185
12946,39.7252
12897,8.0961
12947,40.8163
12898,8.1983
12948,39.3753
12899,8.4885
12949,40.2930
12900,8.4418
12950,41.3721
12901,8.7569
12951,40.1295
12902,8.2063
12952,38.9641
12903,8.3916
12953,39.5537
12904,8.3445
12954,40.1332
12905,8.6940
12955,38.9690
12906,8.7557
12956,39.6255
12907,8.3280
12957,40.2983
12908,8.6460
12958,39.3756
12909,8.2950
12959,38.8044
12910,8.3799
12960,39.7447
12911,8.2278
12961,39.7320
12912,8.3172
12962,39.7464
12913,8.2891
12963,40.0576
12914,8.2124
12964,40.3736
12915,8.4695
12965,38.9779
12916,8.2795
12966,38.9786
12917,8.4924
12967,42.3731
12918,8.4068
12968,38.4055
12919,8.2125
12969,38.7908
12920,8.5687
12970,39.6966
12921,8.3918
12971,40.5004
12922,8.5565
12972,40.0739
12923,8.4596
12973,40.2472
12924,8.3602
12974,40.4315
12925,8.5000
12975,39.2989
12926,8.2627
12976,39.7520
12927,8.3239
12977,40.4494
12928,8.3085
12978,40.2747
12929,8.2625
12979,39.5255
12930,8.4966
12980,39.7273
12931,8.8438
12981,40.3652
12932,8.4037
12982,39.7596
12933,8.6625
12983,38.8583
12934,8.2711
12984,40.2633
12935,8.7428
12985,40.3256
12936,8.1494
12986,40.3663
12937,8.3370
12987,39.9149
12938,8.5278
12988,39.3223
12939,8.4969
12989,39.3290
12940,8.3005
12990,39.5934
12941,8.2080
12991,40.0541
12942,8.5802
12992,38.7259
12943,8.2655
12993,39.3008
12944,8.7153
12994,39.5590
12945,8.2205
12995,38.9551
12946,8.2967
12996,39.1967
12947,8.2739
12997,38.0281
12948,8.6125
12998,39.7125
12949,8.1940
12999,40.9646
12950,8.2649
13000,39.8493
12951,8.3966
13001,39.5777
12952,8.3860
13002,40.3568
12953,8.1466
13003,39.9434
12954,8.3658
13004,39.5720
12955,8.3869
13005,39.3270
12956,8.2030
13006,39.2087
12957,8.2686
13007,39.8236
12958,8.5530
13008,40.6485
12959,8.4149
13009,39.1848
12960,8.1929
13010,40.2069
12961,8.3816
13011,40.0288
12962,8.2789
13012,39.7745
12963,8.2627
13013,39.8642
12964,8.5202
13014,41.3193
12965,8.5210
13015,38.3466
12966,8.1385
13016,40.0006
12967,8.2685
13017,39.6197
12968,8.2120
13018,40.1375
12969,8.3512
13019,38.7318
12970,8.7308
13020,40.0505
12971,8.4177
13021,38.9094
12972,8.3444
13022,40.1039
12973,8.4497
13023,40.6419
12974,9.0216
13024,40.2377
12975,8.5853
13025,40.6455
12976,8.4992
13026,39.8560
12977,8.5589
13027,38.8410
12978,8.1656
13028,39.5605
12979,8.1561
13029,39.2406
12980,8.2965
13030,38.9760
12981,8.5249
13031,39.5302
12982,8.4954
13032,39.7301
12983,8.2399
13033,39.5615
12984,8.7501
13034,38.6670
12985,8.4731
13035,39.9051
12986,8.2181
13036,40.5518
12987,8.0974
13037,39.8390
12988,8.5471
13038,39.6263
12989,8.2402
13039,39.8583
12990,8.0385
13040,42.4113
12991,8.3828
13041,39.5097
12992,8.8473
13042,41.1265
12993,8.6033
13043,39.5968
12994,8.6647
13044,39.0515
12995,8.3478
13045,41.6018
12996,8.2686
13046,40.2139
12997,8.7407
13047,39.9328
12998,8.4676
13048,41.3538
12999,8.4205
13049,39.8433
13000,8.7925
13050,39.6239
13001,8.5481
13051,39.9420
13002,8.1814
13052,40.4270
13003,8.2878
13053,39.5653
13004,8.5280
13054,39.9608
13005,8.5122
13055,40.3139
13006,8.4539
13056,39.7965
13007,8.5320
13057,39.9995
13008,8.0988
13058,40.0818
13009,8.4698
13059,39.5945
13010,8.4480
13060,39.6722
13011,8.3837
13061,40.1557
13012,8.1525
13062,39.6134
13013,8.1970
13063,39.6253
13014,8.2028
13064,38.9620
13015,8.2360
13065,39.8451
13016,8.0774
13066,39.6113
13017,8.1365
13067,41.4568
13018,8.3311
13068,41.3870
13019,8.0859
13069,39.6566
13020,8.6383
13070,42.0899
13021,8.2357
13071,41.0746
13022,8.5775
13072,40.9245
13023,8.0355
13073,39.7598
13024,8.1725
13074,39.6057
13025,8.3007
13075,40.5946
13026,8.3004
13076,40.0544
13027,8.2254
13077,39.2902
13028,8.2536
13078,40.1610
13029,8.2422
13079,40.5544
13030,8.4656
13080,40.4792
13031,8.1172
13081,39.1404
13032,8.2397
13082,39.9792
13033,8.1024
13083,40.6071
13034,8.1697
13084,40.2013
13035,8.2179
13085,40.1439
13036,8.3348
13086,40.6868
13037,8.1127
13087,41.3382
13038,8.2560
13088,40.1449
13039,8.0155
13089,39.4365
13040,7.8917
13090,40.4218
13041,8.0606
13091,40.5272
13042,8.2676
13092,39.8007
13043,8.2024
13093,39.7676
13044,8.1041
13094,40.9668
13045,7.9764
13095,40.5537
13046,8.0941
13096,39.8688
13047,8.6925
13097,39.5081
13048,8.4912
13098,40.7111
13049,8.1348
13099,41.2477
13050,7.9068
13100,39.9553
13051,7.8471
13101,40.1443
13052,8.5018
13102,39.9575
13053,8.2993
13103,40.9746
13054,8.2556
13104,39.0737
13055,8.1246
13105,40.6847
13056,8.1870
13106,39.4427
13057,8.2813
13107,40.3416
13058,9.0362
13108,39.6948
13059,8.2492
13109,39.8238
13060,8.0837
13110,40.7136
13061,8.4477
13111,40.3615
13062,8.1606
13112,40.0505
13063,8.2694
13113,41.5953
13064,8.1955
13114,41.9167
13065,8.0252
13115,40.2482
13066,8.3845
13116,40.6509
13067,8.0321
13117,41.2451
13068,8.6588
13118,38.9228
13069,8.0276
13119,40.8827
13070,8.4216
13120,40.7257
13071,8.1268
13121,39.6141
13072,8.2917
13122,41.5781
13073,8.0928
13123,39.7425
13074,8.3516
13124,39.6904
13075,8.6355
13125,42.7011
13076,8.1448
13126,38.9855
13077,8.2115
13127,39.9511
13078,8.5819
13128,38.9029
13079,8.4378
13129,40.9597
13080,8.5210
13130,39.1485
13081,8.3925
13131,40.8176
13082,8.2643
13132,38.9002
13083,8.2992
13133,41.5839
13084,8.1208
13134,39.1802
13085,7.9693
13135,40.5842
13086,8.4268
13136,40.2220
13087,8.6851
13137,39.9031
13088,8.1772
13138,42.1982
13089,8.6728
13139,41.5988
13090,8.1146
13140,39.5669
13091,8.1216
13141,39.7059
13092,8.6421
13142,39.9962
13093,8.4285
13143,40.7622
13094,8.4826
13144,40.3426
13095,8.5985
13145,40.0825
13096,8.1097
13146,39.9287
13097,8.4843
13147,41.0810
13098,8.7887
13148,40.5629
13099,8.3127
13149,40.4897
13100,8.5611
13150,40.8678
13101,8.4960
13151,40.9917
13102,7.9335
13152,40.4842
13103,8.2032
13153,40.6561
13104,8.4107
13154,40.8364
13105,8.3281
13155,40.6522
13106,8.4644
13156,41.4047
13107,8.3921
13157,39.6113
13108,8.5075
13158,40.1719
13109,8.0287
13159,39.2297
13110,8.7855
13160,40.3231
13111,8.7356
13161,41.0456
13112,8.5882
13162,41.0275
13113,8.0946
13163,39.3517
13114,7.9803
13164,39.0577
13115,8.1312
13165,40.3055
13116,8.3213
13166,40.2575
13117,8.5197
13167,40.7046
13118,8.3849
13168,40.9239
13119,8.2507
13169,40.9001
13120,8.7588
13170,38.9449
13121,8.4072
13171,39.5715
13122,8.7121
13172,41.7706
13123,8.4876
13173,39.9154
13124,8.1813
13174,39.9956
13125,8.3413
13175,40.0475
13126,8.5686
13176,40.6339
13127,8.4255
13177,40.7138
13128,8.1407
13178,41.4156
13129,8.3662
13179,41.4793
13130,8.5178
13180,40.0455
13131,8.4736
13181,41.2343
13132,8.0651
13182,40.4545
13133,8.6996
13183,40.7852
13134,8.3162
13184,39.9681
13135,8.2531
13185,41.0450
13136,8.3106
13186,41.0247
13137,8.5724
13187,41.2597
13138,8.3081
13188,40.3901
13139,8.4951
13189,40.6313
13140,8.5298
13190,40.3926
13141,7.9561
13191,39.8631
13142,8.4115
13192,40.2962
13143,8.3412
13193,39.5857
13144,8.1721
13194,41.2410
13145,8.6751
13195,40.7335
13146,8.8667
13196,40.1994
13147,8.4102
13197,39.2555
13148,8.4236
13198,40.4041
13149,8.2058
13199,39.7128
13150,8.3838
13200,39.6439
13151,8.3809
13201,40.7479
13152,8.3424
13202,38.8761
13153,8.2628
13203,41.4460
13154,8.3546
13204,41.8909
13155,8.2798
13205,38.6893
13156,7.9678
13206,39.6868
13157,8.2020
13207,40.4531
13158,8.3158
13208,40.0850
13159,8.0831
13209,39.1325
13160,8.2560
13210,40.1664
13161,8.6991
13211,41.8149
13162,8.5253
13212,39.5737
13163,8.3251
13213,42.3414
13164,8.7396
13214,41.0271
13165,8.2617
13215,39.4400
13166,8.3776
13216,41.0696
13167,8.4290
13217,40.2976
13168,8.3933
13218,40.3412
13169,8.6114
13219,41.3979
13170,8.0970
13220,38.6894
13171,8.1654
13221,40.0822
13172,8.3932
13222,40.1485
13173,8.2509
13223,40.3338
13174,8.2924
13224,40.6490
13175,8.3535
13225,39.3210
13176,8.1552
13226,39.2953
13177,7.9830
13227,39.1293
13178,8.4648
13228,40.1652
13179,8.3657
13229,40.2253
13180,8.6602
13230,39.8827
13181,8.3112
13231,40.6987
13182,8.0020
13232,39.4844
13183,7.9510
13233,39.8554
13184,8.0725
13234,40.3929
13185,8.3009
13235,40.2582
13186,8.1744
13236,39.9319
13187,8.2102
13237,40.1997
13188,8.3949
13238,39.5068
13189,8.2103
13239,40.5636
13190,8.1600
13240,40.3706
13191,8.5811
13241,39.4580
13192,8.1072
13242,39.8772
13193,8.9670
13243,38.4616
13194,7.9426
13244,39.1737
13195,8.6243
13245,38.8161
13196,8.3984
13246,39.7464
13197,8.0180
13247,39.7820
13198,8.1734
13248,39.8133
13199,8.6313
13249,39.8188
13200,8.4396
13250,41.2023
13201,8.2483
13251,39.0492
13202,8.2233
13252,39.6588
13203,8.4232
13253,40.7675
13204,9.0780
13254,39.4035
13205,8.5956
13255,39.2713
13206,8.2302
13256,40.0319
13207,8.0541
13257,40.3981
13208,8.2445
13258,40.7631
13209,8.3610
13259,39.3040
13210,8.7324
13260,41.1050
13211,8.5148
13261,39.7577
13212,8.4456
13262,39.8787
13213,8.5068
13263,40.2612
13214,8.3906
13264,40.6259
13215,8.2905
13265,38.6415
13216,8.2960
13266,39.8250
13217,8.6867
13267,39.4757
13218,8.5186
13268,39.4141
13219,8.3063
13269,38.2124
13220,8.2447
13270,39.3361
13221,8.4181
13271,39.3684
13222,8.2652
13272,41.6505
13223,8.4973
13273,41.3641
13224,8.2011
13274,39.3197
13225,7.9975
13275,41.0055
13226,8.4071
13276,40.4853
13227,8.4458
13277,39.6642
13228,8.5814
13278,39.7482
13229,8.4123
13279,40.1714
13230,8.9288
13280,39.9425
13231,8.4279
13281,40.7805
13232,8.4045
13282,40.9870
13233,8.7407
13283,39.5472
13234,8.6228
13284,40.0648
13235,8.5387
13285,39.5140
13236,8.4717
13286,40.0472
13237,8.4702
13287,39.1315
13238,8.4401
13288,41.2613
13239,8.3410
13289,39.7587
13240,8.3370
13290,40.1088
13241,8.0089
13291,40.9645
13242,8.4036
13292,40.0544
13243,8.2163
13293,39.4829
13244,8.3424
13294,39.4262
13245,8.0052
13295,40.3143
13246,8.5406
13296,40.1908
13247,8.4670
13297,40.1719
13248,8.3519
13298,39.8247
13249,8.2630
13299,40.5851
13250,8.1952
13300,39.1426
13251,8.1408
13301,39.1458
13252,8.0022
13302,39.5737
13253,8.6667
13303,40.1712
13254,8.1478
13304,38.8029
13255,8.4389
13305,39.9758
13256,8.2373
13306,40.0065
13257,8.8378
13307,39.8518
13258,8.3277
13308,40.9218
13259,8.6985
13309,39.8619
13260,8.3761
13310,39.8533
13261,8.1261
13311,39.7464
13262,8.1044
13312,39.6387
13263,8.6590
13313,40.5447
13264,8.2258
13314,39.6057
13265,8.4324
13315,40.4787
13266,8.3412
13316,40.3155
13267,7.9568
13317,40.0296
13268,8.1421
13318,40.0601
13269,8.1553
13319,41.4617
13270,8.4734
13320,38.9678
13271,8.1442
13321,40.3588
13272,8.2375
13322,40.5508
13273,8.7411
13323,39.7108
13274,8.0449
13324,41.1508
13275,8.8186
13325,41.0133
13276,8.8619
13326,40.0666
13277,8.4792
13327,39.9570
13278,8.0894
13328,39.7866
13279,8.2910
13329,39.7017
13280,8.8009
13330,39.1749
13281,8.3352
13331,39.4987
13282,8.3838
13332,39.1683
13283,8.2870
13333,38.9667
13284,8.0160
13334,39.3835
13285,8.5748
13335,38.5528
13286,8.4697
13336,40.2870
13287,8.2963
13337,40.1797
13288,8.5372
13338,39.9824
13289,8.0036
13339,39.2825
13290,8.3008
13340,42.1154
13291,8.1732
13341,41.2080
13292,8.3620
13342,40.2996
13293,8.7517
13343,39.9238
13294,8.3431
13344,40.9591
13295,8.1464
13345,39.2422
13296,7.9216
13346,39.6274
13297,8.3882
13347,39.2823
13298,8.4612
13348,41.1547
13299,8.5356
13349,40.6598
13300,8.3308
13350,38.8873
13301,8.3548
13351,38.7233
13302,8.2005
13352,39.8876
13303,8.2710
13353,39.6966
13304,8.1501
13354,40.0358
13305,8.7023
13355,41.3423
13306,8.1053
13356,40.4411
13307,8.4392
13357,39.8634
13308,8.2773
13358,41.1310
13309,8.5249
13359,39.7191
13310,8.4904
13360,41.6358
13311,8.5968
13361,41.0394
13312,8.1939
13362,39.3336
13313,8.2438
13363,41.2472
13314,8.1225
13364,40.2200
13315,8.4265
13365,40.5201
13316,8.2271
13366,40.4535
13317,8.3598
13367,38.9030
13318,8.1676
13368,39.0298
13319,8.0703
13369,38.5126
13320,8.0698
13370,39.0714
13321,8.2088
13371,39.8769
13322,8.5105
13372,40.6219
13323,8.1866
13373,40.2441
13324,8.3350
13374,40.4093
13325,8.5168
13375,40.1422
13326,8.4093
13376,39.6245
13327,8.1309
13377,40.6014
13328,8.7697
13378,39.8168
13329,8.0171
13379,39.4680
13330,8.4176
13380,39.6681
13331,8.4882
13381,40.5131
13332,8.3219
13382,40.5732
13333,8.2434
13383,41.3112
13334,8.5109
13384,40.2324
13335,8.4988
13385,40.7569
13336,8.5870
13386,39.5128
13337,8.2271
13387,40.7131
13338,8.2968
13388,40.2238
13339,9.3526
13389,41.6322
13340,8.2567
13390,39.6993
13341,8.4067
13391,40.4777
13342,8.2794
13392,39.6116
13343,7.8526
13393,40.3558
13344,8.1192
13394,39.9599
13345,8.3013
13395,39.8266
13346,8.1456
13396,40.4930
13347,8.2136
13397,39.6259
13348,8.4033
13398,38.8677
13349,8.1671
13399,40.9251
13350,7.9819
13400,38.9314
13351,7.9507
13401,39.8551
13352,8.5902
13402,39.4784
13353,8.3532
13403,38.0248
13354,8.4308
13404,39.1669
13355,8.1258
13405,39.7373
13356,8.3471
13406,39.4212
13357,8.3113
13407,37.9774
13358,8.1653
13408,39.0390
13359,8.0881
13409,40.2768
13360,8.5262
13410,39.9719
13361,8.2834
13411,39.3898
13362,8.3095
13412,41.1570
13363,8.1010
13413,40.6541
13364,8.1631
13414,39.7726
13365,8.5620
13415,39.2919
13366,8.5103
13416,39.6745
13367,8.2881
13417,39.9662
13368,8.1726
13418,41.5722
13369,8.4990
13419,40.6491
13370,8.6260
13420,39.8580
13371,8.0954
13421,40.7415
13372,8.4848
13422,40.9125
13373,8.6039
13423,40.7175
13374,8.2134
13424,40.7498
13375,8.3489
13425,38.9920
13376,8.4327
13426,39.1279
13377,8.3198
13427,39.2810
13378,8.4510
13428,40.6454
13379,8.4880
13429,38.7221
13380,8.4368
13430,41.1650
13381,8.3572
13431,40.5203
13382,8.0739
13432,39.6076
13383,8.3156
13433,39.7946
13384,8.3514
13434,39.6476
13385,8.3029
13435,40.3200
13386,8.3591
13436,38.3160
13387,8.2870
13437,39.7252
13388,8.4809
13438,40.3877
13389,8.4988
13439,39.9161
13390,8.2136
13440,40.1528
13391,8.1380
13441,39.7287
13392,8.2490
13442,40.5474
13393,8.5139
13443,39.2352
13394,8.7763
13444,40.1299
13395,8.4997
13445,39.5534
13396,8.5020
13446,38.8477
13397,9.0446
13447,42.6999
13398,8.4025
13448,38.6255
13399,8.0274
13449,43.8567
13400,8.3317
13450,39.6277
13401,8.1869
13451,40.1872
13402,8.4940
13452,40.5372
13403,8.1512
13453,39.0120
13404,8.5605
13454,38.4681
13405,8.4638
13455,41.8869
13406,8.1010
13456,40.8347
13407,8.4090
13457,40.2547
13408,8.4308
13458,41.2056
13409,8.3933
13459,40.2257
13410,8.4926
13460,40.0415
13411,8.3622
13461,39.6776
13412,8.5017
13462,39.3689
13413,8.1569
13463,40.6989
13414,7.8914
13464,38.7235
13415,8.5979
13465,41.5417
13416,8.7195
13466,39.6693
13417,8.6921
13467,39.8787
13418,8.2790
13468,40.4194
13419,8.5168
13469,41.0832
13420,8.7614
13470,40.1787
13421,8.8016
13471,39.1201
13422,8.5032
13472,40.1005
13423,8.5017
13473,39.8965
13424,8.0390
13474,37.7973
13425,8.0798
13475,39.6611
13426,8.4118
13476,39.5737
13427,7.8770
13477,41.5206
13428,8.4462
13478,40.6862
13429,8.0720
13479,39.8686
13430,8.2438
13480,40.7738
13431,8.3481
13481,40.1558
13432,8.5125
13482,39.8570
13433,8.4110
13483,39.6857
13434,8.0445
13484,39.0739
13435,8.3013
13485,39.9827
13436,8.0070
13486,39.2144
13437,7.9236
13487,39.9037
13438,8.3992
13488,39.7456
13439,8.2728
13489,40.6740
13440,8.4672
13490,39.2382
13441,8.1319
13491,40.6660
13442,8.8261
13492,40.1395
13443,8.3963
13493,40.5987
13444,8.0740
13494,40.6898
13445,8.1469
13495,39.4946
13446,8.0592
13496,39.9489
13447,8.3415
13497,40.5135
13448,8.2739
13498,39.2955
13449,8.3717
13499,39.7790
13450,8.0813
13500,41.1565
13451,8.2019
13501,38.5937
13452,8.3306
13502,39.9498
13453,8.2069
13503,40.3313
13454,8.3737
13504,39.9904
13455,8.2115
13505,40.7172
13456,8.0438
13506,39.7088
13457,8.5934
13507,39.3091
13458,8.1057
13508,40.4317
13459,8.0430
13509,39.7023
13460,8.5107
13510,40.0548
13461,8.5043
13511,39.9732
13462,8.1835
13512,39.7696
13463,8.3860
13513,41.1108
13464,8.2647
13514,39.5116
13465,8.2468
13515,39.3235
13466,8.3253
13516,39.7831
13467,8.2577
13517,39.3570
13468,9.0145
13518,42.4740
13469,8.2992
13519,39.6960
13470,8.1975
13520,39.5805
13471,8.1652
13521,39.9209
13472,8.2556
13522,39.8528
13473,8.3515
13523,40.2840
13474,8.3609
13524,40.9587
13475,8.2315
13525,40.2175
13476,8.1158
13526,40.0059
13477,8.1274
13527,40.0228
13478,8.5280
13528,39.6129
13479,8.0777
13529,40.3269
13480,8.3602
13530,40.4834
13481,8.4328
13531,39.6977
13482,8.2788
13532,38.4160
13483,8.7893
13533,40.1576
13484,8.5061
13534,40.2489
13485,8.4159
13535,40.7159
13486,8.0365
13536,38.4072
13487,8.2925
13537,39.4220
13488,8.3019
13538,39.7426
13489,8.4787
13539,40.2139
13490,8.3176
13540,39.5213
13491,8.1629
13541,40.3485
13492,8.2273
13542,39.4910
13493,8.0488
13543,39.6779
13494,7.9051
13544,39.1745
13495,8.1214
13545,40.4733
13496,7.9114
13546,40.3015
13497,7.9622
13547,40.0247
13498,8.4186
13548,39.9648
13499,8.1763
13549,39.9705
13500,8.0478
13550,41.2597
13501,8.1525
13551,39.5333
13502,8.5424
13552,39.8683
13503,8.4464
13553,41.1205
13504,8.1729
13554,40.0485
13505,8.3430
13555,39.5968
13506,8.5035
13556,39.2738
13507,9.0350
13557,39.9343
13508,8.1050
13558,39.4177
13509,8.2074
13559,40.9609
13510,8.2080
13560,40.6505
13511,8.1747
13561,40.0902
13512,8.2286
13562,40.3306
13513,8.1404
13563,39.8842
13514,8.4288
13564,39.5010
13515,8.3911
13565,40.0133
13516,8.2646
13566,40.4332
13517,8.0418
13567,38.3659
13518,8.7073
13568,40.3402
13519,8.1593
13569,40.0606
13520,8.3811
13570,40.1005
13521,8.5592
13571,40.1215
13522,8.6659
13572,39.2565
13523,8.1884
13573,39.4865
13524,8.2167
13574,39.0302
13525,8.0938
13575,40.9352
13526,8.0164
13576,40.0671
13527,8.7364
13577,40.2617
13528,8.1140
13578,39.4179
13529,7.9726
13579,40.7600
13530,8.9329
13580,39.9559
13531,8.2916
13581,39.5179
13532,8.3983
13582,40.9310
13533,8.3170
13583,39.5962
13534,8.1019
13584,39.1238
13535,8.1931
13585,38.6316
13536,8.1485
13586,40.2041
13537,8.2859
13587,39.8347
13538,8.1089
13588,40.6105
13539,8.3113
13589,40.9969
13540,8.4258
13590,40.3289
13541,8.0165
13591,39.0970
13542,8.0510
13592,40.5338
13543,8.7244
13593,39.7190
13544,8.6001
13594,38.7464
13545,8.5912
13595,41.5212
13546,8.1244
13596,39.9026
13547,8.0498
13597,40.9756
13548,8.2562
13598,40.7590
13549,8.3158
13599,39.7639
13550,8.3928
13600,39.5619
13551,8.5389
13601,40.4507
13552,8.5831
13602,38.6381
13553,8.4551
13603,38.9490
13554,8.0038
13604,40.4184
13555,7.8957
13605,39.4563
13556,8.0210
13606,40.1993
13557,8.5009
13607,39.6645
13558,8.2681
13608,38.5161
13559,8.4410
13609,39.4756
13560,8.5062
13610,39.1598
13561,8.0570
13611,39.0882
13562,8.2527
13612,40.0329
13563,8.4821
13613,39.0044
13564,7.9972
13614,41.1341
13565,8.4210
13615,39.9022
13566,8.0844
13616,39.8149
13567,8.5381
13617,39.2350
13568,8.2116
13618,40.7124
13569,8.2710
13619,39.6118
13570,8.2462
13620,41.0250
13571,8.5682
13621,40.0873
13572,8.1482
13622,39.4029
13573,8.3937
13623,39.8916
13574,8.3203
13624,40.4850
13575,8.4556
13625,39.5841
13576,8.0476
13626,40.1772
13577,8.2638
13627,41.9097
13578,8.4513
13628,39.2513
13579,8.1229
13629,39.6859
13580,8.1987
13630,39.7275
13581,8.2855
13631,39.5397
13582,8.4043
13632,40.6837
13583,8.1631
13633,40.3496
13584,8.6928
13634,40.2770
13585,8.2029
13635,39.6891
13586,8.6347
13636,40.6738
13587,8.3768
13637,39.5010
13588,8.5844
13638,40.3908
13589,8.1568
13639,39.7757
13590,8.8309
13640,39.1869
13591,8.8467
13641,39.2374
13592,8.1819
13642,39.6017
13593,8.5446
13643,40.5028
13594,8.5861
13644,39.5584
13595,8.1451
13645,39.5548
13596,8.4792
13646,40.2884
13597,8.2148
13647,40.1119
13598,8.4456
13648,38.9939
13599,8.5878
13649,41.4651
13600,8.4086
13650,39.6465
13601,8.3707
13651,39.8901
13602,8.2325
13652,39.5789
13603,8.3287
13653,38.5848
13604,8.0151
13654,39.2998
13605,8.1987
13655,39.8206
13606,8.1000
13656,39.5968
13607,8.2980
13657,39.4322
13608,8.1529
13658,40.6750
13609,8.7394
13659,39.5585
13610,8.4356
13660,40.6235
13611,8.3937
13661,41.6296
13612,8.2877
13662,39.7625
13613,8.2250
13663,40.3370
13614,8.5496
13664,40.6375
13615,8.1740
13665,38.8033
13616,8.6447
13666,40.3894
13617,9.0556
13667,41.2986
13618,8.1869
13668,39.8499
13619,7.9871
13669,38.7235
13620,8.3098
13670,41.2242
13621,8.2366
13671,39.9833
13622,8.5031
13672,40.3055
13623,8.0277
13673,39.1412
13624,8.6836
13674,40.8459
13625,8.1636
13675,39.6869
13626,8.6473
13676,40.5248
13627,8.3666
13677,39.3991
13628,8.6962
13678,40.1830
13629,8.5470
13679,38.7585
13630,8.5382
13680,39.5945
13631,8.2786
13681,39.2675
13632,8.0427
13682,39.7559
13633,8.8466
13683,41.1272
13634,8.3322
13684,39.8385
13635,8.4535
13685,40.5855
13636,8.1585
13686,39.6821
13637,8.5342
13687,39.5500
13638,8.9105
13688,38.8316
13639,8.2111
13689,39.7543
13640,9.0364
13690,39.2534
13641,7.9836
13691,40.2971
13642,8.2794
13692,40.9417
13643,8.5633
13693,39.5524
13644,8.1091
13694,40.5053
13645,8.1207
13695,38.9300
13646,8.2768
13696,39.2053
13647,8.7303
13697,39.6422
13648,8.3707
13698,39.7794
13649,8.1589
13699,40.6185
13650,8.3023
13700,39.9023
13651,8.7707
13701,40.3540
13652,8.3780
13702,40.3967
13653,8.4223
13703,40.1765
13654,8.8205
13704,40.2332
13655,8.6563
13705,38.6274
13656,8.5329
13706,38.6456
13657,8.5828
13707,38.5528
13658,8.1426
13708,40.0585
13659,8.3724
13709,39.7750
13660,8.2217
13710,40.1183
13661,8.5327
13711,38.5900
13662,8.4751
13712,39.3143
13663,8.3198
13713,39.8795
13664,8.3404
13714,38.6417
13665,8.7000
13715,40.8202
13666,8.8509
13716,39.7875
13667,8.5082
13717,39.9418
13668,8.2864
13718,40.1768
13669,8.3157
13719,39.9759
13670,8.3085
13720,39.4126
13671,8.2740
13721,40.0169
13672,7.9880
13722,39.1415
13673,8.1680
13723,39.9769
13674,8.8545
13724,40.0843
13675,8.1571
13725,40.1884
13676,8.1528
13726,40.1942
13677,8.4744
13727,39.6131
13678,8.4654
13728,40.1949
13679,8.2909
13729,40.5603
13680,8.0857
13730,39.5881
13681,8.6018
13731,39.8251
13682,8.0900
13732,40.5751
13683,8.3929
13733,40.4658
13684,8.1578
13734,39.4450
13685,8.6241
13735,40.2368
13686,8.4819
13736,40.3340
13687,8.3541
13737,39.3580
13688,8.3033
13738,40.6385
13689,8.6488
13739,39.9528
13690,8.5437
13740,39.6253
13691,8.3911
13741,39.3120
13692,8.2537
13742,39.5071
13693,8.4860
13743,39.4409
13694,8.5254
13744,39.5994
13695,8.4209
13745,38.4817
13696,8.4175
13746,40.9247
13697,8.5571
13747,39.2048
13698,8.4166
13748,39.2288
13699,8.1401
13749,38.7366
13700,8.3153
13750,40.6298
13701,8.2066
13751,39.6992
13702,8.0874
13752,40.4829
13703,8.2919
13753,39.1943
13704,8.2888
13754,40.4543
13705,8.4319
13755,40.6524
13706,8.2360
13756,40.3881
13707,8.2404
13757,39.2659
13708,8.3115
13758,40.9225
13709,8.3832
13759,39.6454
13710,8.3639
13760,39.9182
13711,8.5167
13761,39.8152
13712,8.3179
13762,40.0386
13713,8.5373
13763,38.3372
13714,8.1336
13764,39.6840
13715,8.1350
13765,38.7351
13716,8.1052
13766,40.2235
13717,8.0992
13767,39.5185
13718,7.8177
13768,40.3074
13719,8.5261
13769,38.2421
13720,8.7483
13770,39.7710
13721,8.4816
13771,39.8890
13722,8.2378
13772,39.4001
13723,8.0347
13773,40.8736
13724,8.4258
13774,39.7745
13725,8.1791
13775,38.9490
13726,8.1790
13776,39.5621
13727,8.4045
13777,39.6437
13728,8.3016
13778,40.0618
13729,8.1182
13779,38.1996
13730,8.5008
13780,40.2235
13731,8.3275
13781,39.3710
13732,8.4320
13782,38.9554
13733,8.2186
13783,40.3611
13734,8.2407
13784,39.9605
13735,7.9670
13785,40.6997
13736,8.5187
13786,39.2634
13737,8.4894
13787,40.6883
13738,8.3335
13788,39.7809
13739,8.2261
13789,39.2416
13740,8.2817
13790,39.2587
13741,8.2223
13791,40.0103
13742,8.4748
13792,38.8040
13743,8.1224
13793,39.3501
13744,8.2879
13794,40.7473
13745,8.3533
13795,39.9065
13746,8.3593
13796,38.6022
13747,8.4931
13797,39.3933
13748,8.3754
13798,39.5767
13749,8.4393
13799,39.4768
13750,8.1804
13800,40.4631
13751,8.3634
13801,40.5398
13752,8.3184
13802,40.1999
13753,8.6803
13803,40.8628
13754,8.4944
13804,39.3706
13755,8.3053
13805,40.4320
13756,8.3457
13806,39.9978
13757,9.2091
13807,41.3495
13758,8.3851
13808,39.4869
13759,8.2420
13809,40.8043
13760,8.2157
13810,40.2381
13761,8.0535
13811,39.2442
13762,8.4171
13812,40.2465
13763,8.8236
13813,38.4673
13764,8.6702
13814,39.2606
13765,8.2211
13815,39.8641
13766,8.5468
13816,39.1523
13767,8.3807
13817,39.5490
13768,8.5970
13818,38.1729
13769,8.0207
13819,39.9148
13770,8.5040
13820,40.6566
13771,8.3349
13821,39.1632
13772,8.3626
13822,39.3161
13773,8.3479
13823,40.6794
13774,8.4239
13824,39.7265
13775,8.4874
13825,40.2224
13776,8.2495
13826,39.6188
13777,8.2854
13827,40.0528
13778,8.8098
13828,40.1917
13779,8.5172
13829,40.5595
13780,8.4853
13830,39.5077
13781,8.4657
13831,39.8259
13782,8.1584
13832,40.2880
13783,8.2909
13833,39.9649
13784,8.4751
13834,38.9494
13785,7.9232
13835,39.8840
13786,8.5239
13836,39.3594
13787,8.3767
13837,40.4634
13788,8.6346
13838,41.1701
13789,8.3145
13839,40.5205
13790,8.1388
13840,40.7860
13791,8.8555
13841,38.6348
13792,8.2556
13842,39.1884
13793,8.1031
13843,39.0280
13794,8.4312
13844,40.5175
13795,8.4793
13845,40.1885
13796,8.5368
13846,38.8238
13797,8.1918
13847,39.2997
13798,8.3233
13848,39.4036
13799,8.6440
13849,39.8483
13800,7.9958
13850,39.9810
13801,8.2818
13851,39.7357
13802,8.0182
13852,39.6519
13803,8.5078
13853,39.8411
13804,8.7968
13854,40.2838
13805,8.4523
13855,40.4045
13806,8.5727
13856,39.7333
13807,8.4814
13857,40.7677
13808,8.4861
13858,38.4563
13809,8.5248
13859,40.7272
13810,8.1100
13860,39.8676
13811,8.4788
13861,40.3843
13812,8.7130
13862,40.5613
13813,8.6991
13863,39.6593
13814,8.5128
13864,38.6350
13815,8.1655
13865,40.6168
13816,8.6912
13866,40.2014
13817,8.1923
13867,40.5341
13818,8.2093
13868,40.1561
13819,8.4238
13869,41.3392
13820,8.3592
13870,39.3565
13821,8.2078
13871,38.6843
13822,8.2756
13872,40.6764
13823,8.2313
13873,40.4460
13824,8.2465
13874,39.8184
13825,8.3759
13875,40.3495
13826,8.5148
13876,40.4920
13827,8.2426
13877,40.3606
13828,7.9523
13878,39.8014
13829,8.2977
13879,40.1263
13830,8.3454
13880,38.5364
13831,8.5149
13881,38.4698
13832,9.5990
13882,41.5619
13833,8.3371
13883,40.1025
13834,8.5207
13884,40.1308
13835,8.2946
13885,39.7276
13836,8.2435
13886,38.5451
13837,8.5280
13887,40.3259
13838,8.1662
13888,40.6867
13839,8.2109
13889,39.5082
13840,8.0623
13890,39.9722
13841,8.5945
13891,39.0318
13842,8.3407
13892,39.6026
13843,8.3531
13893,39.3064
13844,8.4786
13894,40.4735
13845,8.4533
13895,40.0612
13846,8.5334
13896,38.9006
13847,8.3236
13897,40.3145
13848,8.4238
13898,40.0730
13849,7.9622
13899,39.4997
13850,7.8862
13900,38.8017
13851,8.3905
13901,38.7640
13852,8.2697
13902,39.9056
13853,8.3568
13903,39.7969
13854,8.1211
13904,40.9138
13855,7.9373
13905,38.1034
13856,8.1428
13906,40.3248
13857,8.3086
13907,40.3633
13858,8.5455
13908,39.8904
13859,8.4767
13909,40.4411
13860,8.5372
13910,39.0371
13861,8.3866
13911,38.8232
13862,8.4772
13912,39.9913
13863,8.1598
13913,41.7104
13864,8.5738
13914,40.2472
13865,8.4158
13915,40.7001
13866,8.0603
13916,39.3930
13867,8.3009
13917,39.7911
13868,8.2595
13918,41.3361
13869,8.1321
13919,39.7220
13870,8.0188
13920,41.2154
13871,8.5930
13921,41.1138
13872,7.9912
13922,40.2119
13873,8.6249
13923,40.6594
13874,8.6082
13924,39.7745
13875,8.4008
13925,40.3733
13876,8.4265
13926,39.4780
13877,8.4910
13927,39.5615
13878,8.4872
13928,39.4502
13879,8.6759
13929,40.1587
13880,8.2826
13930,41.4145
13881,8.5269
13931,40.0592
13882,8.6553
13932,40.8040
13883,8.2606
13933,39.5648
13884,8.4401
13934,40.4426
13885,7.9392
13935,40.1617
13886,8.5111
13936,41.0652
13887,8.3765
13937,41.0549
13888,8.4011
13938,41.2547
13889,8.2417
13939,39.0855
13890,8.3822
13940,39.3094
13891,8.1217
13941,39.8177
13892,8.4608
13942,38.2471
13893,8.2379
13943,40.4391
13894,8.3593
13944,40.2058
13895,8.3543
13945,40.6070
13896,8.5273
13946,39.6027
13897,8.2194
13947,39.4116
13898,9.2882
13948,41.4009
13899,8.1665
13949,39.3460
13900,8.3358
13950,39.4357
13901,8.1606
13951,41.5938
13902,8.5196
13952,40.4527
13903,8.1299
13953,40.2913
13904,8.6749
13954,39.2220
13905,8.4770
13955,40.2680
13906,8.2817
13956,40.7032
13907,8.4896
13957,40.2424
13908,8.3526
13958,41.2027
13909,8.1193
13959,39.0168
13910,7.7813
13960,41.2723
13911,8.3296
13961,40.2814
13912,8.4138
13962,39.9995
13913,8.1529
13963,40.1599
13914,8.1152
13964,40.3232
13915,8.6756
13965,39.0644
13916,8.3308
13966,40.7650
13917,8.4739
13967,40.7718
13918,8.2445
13968,39.4759
13919,8.1925
13969,40.4082
13920,8.5259
13970,39.7152
13921,8.1747
13971,40.6740
13922,8.3604
13972,40.1322
13923,8.3388
13973,40.6811
13924,8.5065
13974,38.5954
13925,8.4110
13975,41.2958
13926,8.0751
13976,39.3618
13927,8.5355
13977,40.0641
13928,8.3583
13978,40.5045
13929,8.3469
13979,40.0041
13930,8.5568
13980,41.1698
13931,8.6907
13981,40.9196
13932,8.5124
13982,39.5730
13933,8.4746
13983,41.6838
13934,8.2629
13984,39.2086
13935,8.2671
13985,39.7287
13936,8.3347
13986,39.7805
13937,8.3398
13987,38.8891
13938,8.3534
13988,39.7677
13939,8.4527
13989,40.5445
13940,8.1355
13990,40.9068
13941,8.5461
13991,40.4582
13942,8.1528
13992,40.9000
13943,8.0927
13993,39.3910
13944,8.1833
13994,40.2526
13945,8.2750
13995,39.0151
13946,8.1751
13996,40.7487
13947,8.1853
13997,40.0259
13948,8.3478
13998,40.2027
13949,8.4698
13999,41.1463
13950,8.4352
14000,41.5162
13951,7.8554
14001,38.6939
13952,8.6639
14002,40.0401
13953,8.1963
14003,39.7002
13954,8.2281
14004,39.9785
13955,8.0084
14005,39.5591
13956,8.6366
14006,40.8992
13957,8.1624
14007,39.8683
13958,8.5747
14008,40.2123
13959,8.2069
14009,40.1702
13960,8.0934
14010,40.1574
13961,8.4432
14011,40.1057
13962,8.1025
14012,39.4030
13963,8.6761
14013,40.6038
13964,8.5890
14014,40.4294
13965,8.2766
14015,40.5454
13966,8.1505
14016,40.5107
13967,8.4256
14017,40.4293
13968,8.4801
14018,38.5791
13969,8.2914
14019,40.0276
13970,8.4509
14020,38.6039
13971,8.2355
14021,40.3168
13972,8.2987
14022,39.4503
13973,8.1958
14023,40.2358
13974,8.2702
14024,40.7540
13975,8.4691
14025,40.6402
13976,8.4478
14026,40.0713
13977,8.4771
14027,40.3419
13978,8.1179
14028,40.3478
13979,8.5871
14029,39.9495
13980,8.3116
14030,41.8828
13981,8.1527
14031,40.5708
13982,7.9520
14032,39.3142
13983,7.7382
14033,39.7525
13984,8.1922
14034,38.9742
13985,7.9513
14035,39.6639
13986,8.2830
14036,39.8976
13987,8.4011
14037,41.8996
13988,8.1816
14038,39.9995
13989,8.2314
14039,39.9718
13990,7.8740
14040,39.5210
13991,8.4954
14041,39.8432
13992,8.2921
14042,40.9325
13993,8.8211
14043,40.9512
13994,8.2072
14044,40.5182
13995,8.2142
14045,40.0038
13996,8.0162
14046,39.9262
13997,8.1782
14047,38.7083
13998,8.3987
14048,38.6633
13999,8.4332
14049,40.8710
14000,8.1114
14050,39.7617
14001,8.4193
14051,39.6777
14002,8.0484
14052,39.7589
14003,8.0115
14053,39.6309
14004,8.2499
14054,39.4883
14005,8.2360
14055,40.1625
14006,8.4987
14056,40.8154
14007,8.3464
14057,40.9127
14008,7.8671
14058,39.8511
14009,8.3644
14059,39.4895
14010,8.3874
14060,40.2166
14011,8.0798
14061,38.9447
14012,8.1762
14062,39.1934
14013,8.2162
14063,39.8470
14014,8.2830
14064,41.1721
14015,7.9067
14065,39.7912
14016,8.3784
14066,38.4736
14017,8.2469
14067,40.8399
14018,8.6726
14068,40.1675
14019,8.3393
14069,38.8964
14020,8.2062
14070,41.4104
14021,8.3635
14071,40.8192
14022,7.8927
14072,40.1711
14023,8.1009
14073,40.1003
14024,8.7089
14074,40.8119
14025,7.7784
14075,40.6711
14026,8.5773
14076,39.7259
14027,8.1834
14077,39.7076
14028,8.4672
14078,41.2894
14029,8.3686
14079,39.0978
14030,8.1829
14080,40.2367
14031,8.1111
14081,40.9746
14032,8.3281
14082,39.5529
14033,8.0059
14083,39.1640
14034,8.3553
14084,41.2556
14035,8.3815
14085,39.9429
14036,7.9464
14086,39.8074
14037,7.9429
14087,39.0345
14038,8.3864
14088,40.8589
14039,8.1052
14089,40.4205
14040,8.5075
14090,40.0369
14041,8.2755
14091,39.5109
14042,8.3841
14092,41.0403
14043,8.2990
14093,41.3550
14044,7.8999
14094,40.5993
14045,8.0418
14095,40.1228
14046,8.2626
14096,40.1204
14047,8.1738
14097,40.1971
14048,8.2241
14098,39.7988
14049,8.0744
14099,40.0972
14050,8.3329
14100,39.8488
14051,8.3458
14101,40.3872
14052,8.4333
14102,39.1962
14053,8.4000
14103,40.2486
14054,8.1513
14104,40.4045
14055,7.9202
14105,39.5814
14056,8.1905
14106,39.5060
14057,8.3991
14107,40.4462
14058,8.1674
14108,39.7204
14059,8.6379
14109,40.2564
14060,8.1166
14110,39.6501
14061,8.2879
14111,41.5670
14062,8.4108
14112,39.5748
14063,8.0784
14113,40.8018
14064,8.0580
14114,39.4498
14065,8.3565
14115,40.0813
14066,8.2018
14116,38.7070
14067,8.3958
14117,39.7556
14068,8.0417
14118,39.7238
14069,7.9446
14119,41.8797
14070,8.1894
14120,40.5591
14071,7.9113
14121,39.5839
14072,8.4880
14122,39.4769
14073,8.1621
14123,42.0709
14074,8.2404
14124,39.9894
14075,8.3319
14125,41.3156
14076,8.0552
14126,40.4338
14077,8.2134
14127,40.5649
14078,8.3535
14128,41.3589
14079,8.4061
14129,39.6750
14080,8.1164
14130,39.4198
14081,8.1933
14131,39.4132
14082,8.2947
14132,39.7069
14083,8.3415
14133,39.4419
14084,8.0110
14134,41.9793
14085,8.3779
14135,40.7058
14086,8.2228
14136,41.1031
14087,8.2765
14137,40.0277
14088,8.2427
14138,40.3113
14089,7.9863
14139,41.2376
14090,7.8953
14140,39.7394
14091,8.3440
14141,40.2423
14092,8.2294
14142,41.3979
14093,8.0297
14143,40.4240
14094,8.1704
14144,40.3721
14095,8.0061
14145,40.5195
14096,8.2861
14146,40.3422
14097,8.1610
14147,38.3713
14098,8.0766
14148,41.0792
14099,8.0141
14149,40.3680
14100,8.1644
14150,40.0672
14101,8.0541
14151,39.7412
14102,7.9910
14152,39.0540
14103,8.0955
14153,39.4877
14104,8.1864
14154,38.8350
14105,8.2355
14155,38.7666
14106,8.2234
14156,40.8343
14107,8.3323
14157,40.4620
14108,7.9059
14158,39.5940
14109,8.2042
14159,38.6036
14110,8.3597
14160,41.1489
14111,8.0254
14161,39.1487
14112,8.3650
14162,40.5488
14113,8.2845
14163,41.1894
14114,8.2509
14164,40.5289
14115,8.3705
14165,39.4126
14116,8.0902
14166,40.3384
14117,8.3093
14167,39.3155
14118,7.9580
14168,40.2904
14119,8.0007
14169,38.5500
14120,8.6234
14170,40.2266
14121,8.3090
14171,39.8965
14122,8.3954
14172,39.9351
14123,8.2482
14173,39.6373
14124,8.3662
14174,42.2243
14125,8.2885
14175,39.5101
14126,8.2320
14176,41.1570
14127,8.0868
14177,39.3903
14128,8.0305
14178,38.9313
14129,8.0912
14179,38.7511
14130,8.4029
14180,40.6779
14131,8.4198
14181,39.6306
14132,8.1603
14182,40.2999
14133,8.4326
14183,41.0156
14134,8.4339
14184,39.8322
14135,8.3470
14185,41.0539
14136,8.4730
14186,39.5278
14137,8.2303
14187,39.8568
14138,8.2800
14188,40.7448
14139,8.4209
14189,40.1839
14140,7.9450
14190,41.0712
14141,7.9523
14191,40.1410
14142,7.9989
14192,39.6025
14143,8.0615
14193,39.6415
14144,8.0235
14194,40.1723
14145,7.9312
14195,39.7128
14146,8.1323
14196,39.8620
14147,8.2339
14197,39.9604
14148,8.2019
14198,41.1977
14149,8.2047
14199,40.4965
14150,7.8678
14200,39.9287
14151,7.9544
14201,40.3335
14152,8.2444
14202,40.0205
14153,7.8845
14203,39.5615
14154,8.2999
14204,38.9585
14155,8.4385
14205,41.3123
14156,8.3160
14206,39.4967
14157,8.5571
14207,40.5541
14158,7.9018
14208,39.7397
14159,7.8356
14209,40.6909
14160,8.2089
14210,40.1059
14161,8.5272
14211,39.2478
14162,8.3298
14212,40.1189
14163,8.2583
14213,40.2290
14164,8.1159
14214,39.3599
14165,7.8452
14215,40.0134
14166,7.6409
14216,39.7111
14167,7.9451
14217,39.5990
14168,8.2563
14218,40.6934
14169,8.3710
14219,39.6830
14170,7.6835
14220,39.7801
14171,8.0025
14221,39.2354
14172,8.1590
14222,40.8350
14173,7.9826
14223,39.8546
14174,7.9925
14224,41.0545
14175,8.2130
14225,39.9467
14176,8.0109
14226,39.9619
14177,8.5984
14227,39.2437
14178,8.0972
14228,40.2095
14179,8.0119
14229,39.2107
14180,8.0105
14230,40.4586
14181,8.3365
14231,40.3032
14182,8.0295
14232,40.5654
14183,8.1769
14233,39.5232
14184,8.1725
14234,39.5427
14185,8.2013
14235,40.2428
14186,8.1557
14236,40.6988
14187,8.5737
14237,40.2838
14188,8.0075
14238,39.6378
14189,7.9522
14239,39.8289
14190,8.4102
14240,40.2450
14191,8.1317
14241,38.8494
14192,7.8726
14242,39.6868
14193,8.3167
14243,40.1679
14194,8.1635
14244,40.0361
14195,8.2695
14245,40.4991
14196,8.4024
14246,39.1551
14197,7.9067
14247,39.1963
14198,8.3503
14248,39.9799
14199,8.2240
14249,40.5917
14200,8.1672
14250,40.0686
14201,8.2085
14251,39.9601
14202,8.5067
14252,39.7732
14203,8.3564
14253,40.2292
14204,7.8408
14254,40.0088
14205,7.7494
14255,40.0622
14206,8.5276
14256,39.9877
14207,7.8124
14257,39.4071
14208,7.8773
14258,39.7717
14209,8.2602
14259,40.2094
14210,8.1625
14260,40.1973
14211,8.1292
14261,39.1760
14212,8.1159
14262,40.2432
14213,8.1279
14263,41.4129
14214,8.2383
14264,39.8557
14215,8.9237
14265,40.3990
14216,9.6317
14266,39.5454
14217,9.5489
14267,40.4809
14218,9.3353
14268,40.1414
14219,9.8145
14269,40.8206
14220,9.4728
14270,39.9455
14221,9.5818
14271,39.8848
14222,9.2963
14272,39.6124
14223,9.3513
14273,38.7050
14224,9.3352
14274,40.4906
14225,9.5317
14275,40.7272
14226,9.5065
14276,39.5818
14227,9.4329
14277,40.3449
14228,9.5639
14278,40.8184
14229,9.6007
14279,38.8053
14230,9.4463
14280,40.1732
14231,9.6571
14281,41.1799
14232,9.6797
14282,41.5794
14233,9.4495
14283,39.0249
14234,9.4409
14284,40.1326
14235,9.4732
14285,39.5791
14236,9.4524
14286,40.9104
14237,10.2925
14287,39.2861
14238,9.4190
14288,39.4991
14239,9.5833
14289,40.0596
14240,9.3844
14290,40.2850
14241,9.6398
14291,39.7257
14242,9.6457
14292,40.2322
14243,9.5452
14293,39.3734
14244,9.4012
14294,40.8749
14245,9.4314
14295,40.4275
14246,9.4563
14296,39.2739
14247,9.3633
14297,40.2903
14248,9.7391
14298,39.3936
14249,9.6133
14299,41.5975
14250,9.5503
14300,41.1368
14251,9.6180
14301,39.8637
14252,9.5167
14302,40.9213
14253,9.7528
14303,39.6208
14254,9.4383
14304,41.2266
14255,9.4969
14305,39.4500
14256,9.5419
14306,39.4576
14257,9.4786
14307,40.1728
14258,9.5696
14308,39.3207
14259,9.4305
14309,41.3743
14260,9.8526
14310,40.9016
14261,9.4838
14311,41.3280
14262,9.6775
14312,39.7358
14263,9.4857
14313,40.8848
14264,9.7740
14314,39.4893
14265,9.3693
14315,38.9752
14266,9.7863
14316,40.7282
14267,9.6781
14317,39.5174
14268,9.2720
14318,40.2916
14269,9.4938
14319,40.0932
14270,9.4786
14320,40.3317
14271,9.6180
14321,40.8075
14272,9.5067
14322,39.8267
14273,9.4120
14323,40.6888
14274,9.4185
14324,40.0761
14275,9.3443
14325,40.7327
14276,9.4020
14326,40.1260
14277,9.3768
14327,40.2285
14278,9.5634
14328,40.2769
14279,9.6280
14329,39.2620
14280,9.6357
14330,39.6802
14281,9.7707
14331,39.8108
14282,9.5123
14332,41.2338
14283,9.5366
14333,38.3543
14284,9.2936
14334,39.2626
14285,9.6352
14335,40.1896
14286,9.5532
14336,40.2972
14287,9.4994
14337,40.4690
14288,9.5353
14338,40.6217
14289,9.4643
14339,41.3940
14290,9.8505
14340,39.2194
14291,9.7293
14341,40.4999
14292,9.5515
14342,40.3837
14293,9.7044
14343,39.3154
14294,9.3408
14344,41.0698
14295,9.5649
14345,39.5615
14296,9.5434
14346,40.3336
14297,9.5473
14347,40.4467
14298,9.4701
14348,39.8432
14299,9.4416
14349,39.3624
14300,9.7915
14350,40.6713
14301,9.3557
14351,39.1015
14302,9.3223
14352,41.2000
14303,9.6191
14353,40.2159
14304,9.5286
14354,40.7576
14305,9.7243
14355,40.2066
14306,9.6046
14356,41.0526
14307,9.5271
14357,40.4911
14308,9.4902
14358,39.8886
14309,9.7204
14359,39.3285
14310,9.5145
14360,39.7276
14311,9.5078
14361,40.8837
14312,9.5260
14362,39.8714
14313,9.7126
14363,40.4100
14314,9.6567
14364,39.9166
14315,10.0052
14365,39.2415
14316,9.4153
14366,39.3153
14317,9.6409
14367,40.2513
14318,9.5510
14368,39.9232
14319,9.5361
14369,40.0620
14320,9.7374
14370,39.5756
14321,9.9199
14371,39.9475
14322,9.6174
14372,39.8796
14323,9.9011
14373,41.3560
14324,9.6529
14374,39.4430
14325,9.5419
14375,40.7027
14326,9.7603
14376,41.3790
14327,9.6140
14377,41.2429
14328,9.0279
14378,40.3484
14329,9.9009
14379,40.5144
14330,9.6305
14380,40.6553
14331,9.3297
14381,39.6094
14332,9.5685
14382,39.8661
14333,9.7475
14383,40.0315
14334,9.3016
14384,40.7337
14335,9.6697
14385,40.1193
14336,9.4153
14386,40.6804
14337,9.3350
14387,40.4306
14338,9.7111
14388,40.1376
14339,9.4080
14389,39.1438
14340,9.5306
14390,41.8663
14341,9.6510
14391,40.3451
14342,9.5462
14392,39.2495
14343,9.5361
14393,40.4211
14344,9.6811
14394,40.6437
14345,9.7745
14395,39.9653
14346,9.3973
14396,40.8637
14347,9.7931
14397,39.9004
14348,9.8806
14398,39.3453
14349,9.4376
14399,39.9778
14350,9.7385
14400,39.5670
14351,9.2751
14401,38.7495
14352,9.0180
14402,40.7959
14353,9.1249
14403,41.2117
14354,9.0713
14404,40.2391
14355,9.1011
14405,40.2489
14356,8.8980
14406,40.2800
14357,8.8637
14407,40.2499
14358,8.8592
14408,39.2993
14359,9.2721
14409,40.7330
14360,9.1477
14410,40.0668
14361,9.2392
14411,41.1956
14362,9.1204
14412,39.6008
14363,8.9350
14413,40.2591
14364,8.8624
14414,40.1423
14365,9.0417
14415,40.2390
14366,8.9306
14416,39.8912
14367,9.2396
14417,40.5595
14368,9.0764
14418,40.0173
14369,8.9234
14419,40.9517
14370,9.2300
14420,39.6751
14371,8.9484
14421,39.2158
14372,9.0190
14422,40.0240
14373,8.9252
14423,40.9779
14374,9.2399
14424,39.9429
14375,9.0726
14425,39.4273
14376,8.8801
14426,39.8033
14377,8.8809
14427,39.8859
14378,8.9372
14428,39.6124
14379,8.9394
14429,40.1995
14380,9.1152
14430,39.7762
14381,8.9833
14431,41.6411
14382,9.2214
14432,41.7746
14383,9.1483
14433,39.8195
14384,9.0627
14434,39.6445
14385,8.9590
14435,39.4115
14386,8.9431
14436,41.6852
14387,8.9008
14437,39.9251
14388,9.1271
14438,40.1086
14389,9.0088
14439,41.5192
14390,9.1683
14440,40.5274
14391,9.2241
14441,41.1038
14392,8.9200
14442,40.0820
14393,8.9006
14443,40.4651
14394,9.0265
14444,39.9900
14395,9.1289
14445,40.3253
14396,9.0704
14446,40.7994
14397,9.1036
14447,41.0186
14398,9.1529
14448,40.0650
14399,8.8486
14449,39.8636
14400,8.9680
14450,40.5920
14401,8.7737
14451,40.3407
14402,8.3489
14452,44.9423
14403,8.9288
14453,40.7801
14404,8.9109
14454,39.6119
14405,9.0444
14455,40.8662
14406,9.1605
14456,39.6362
14407,9.4777
14457,40.1754
14408,8.8765
14458,41.2159
14409,9.1463
14459,40.2125
14410,9.0081
14460,40.8906
14411,9.0156
14461,40.8504
14412,8.9166
14462,40.3738
14413,9.0196
14463,40.3832
14414,8.8997
14464,40.4856
14415,8.9392
14465,39.2617
14416,9.0259
14466,39.9775
14417,9.1308
14467,39.3336
14418,9.0834
14468,38.9232
14419,8.7005
14469,41.6904
14420,9.0208
14470,40.7863
14421,9.0560
14471,39.6255
14422,8.9938
14472,40.4369
14423,8.8406
14473,39.7420
14424,8.8574
14474,39.7263
14425,8.9275
14475,40.9212
14426,9.0909
14476,39.3220
14427,9.0752
14477,39.8705
14428,9.1657
14478,39.6616
14429,8.8103
14479,40.6801
14430,9.2367
14480,41.1306
14431,9.2597
14481,40.6227
14432,9.4030
14482,40.0936
14433,9.1154
14483,39.7897
14434,9.0837
14484,40.5419
14435,8.7561
14485,39.9857
14436,9.1294
14486,41.3912
14437,9.1967
14487,40.6042
14438,9.0629
14488,39.8455
14439,8.8404
14489,40.4426
14440,9.1284
14490,39.2830
14441,8.9130
14491,40.8807
14442,8.7883
14492,40.1282
14443,8.8961
14493,40.5824
14444,9.1961
14494,41.4360
14445,9.0283
14495,39.2916
14446,9.2158
14496,39.2940
14447,8.7690
14497,41.4326
14448,10.0715
14498,42.8809
14449,9.0996
14499,39.7930
14450,9.1039
14500,39.7991
14451,9.0032
14501,40.1010
14452,9.4151
14502,39.0699
14453,9.0086
14503,40.8274
14454,9.1094
14504,40.2865
14455,9.0877
14505,40.2454
14456,9.0793
14506,40.8376
14457,8.8974
14507,39.5121
14458,9.1963
14508,40.9674
14459,9.0481
14509,40.2299
14460,8.9548
14510,40.4241
14461,8.7569
14511,40.4296
14462,9.1584
14512,40.3468
14463,9.0506
14513,41.0246
14464,9.4089
14514,40.5344
14465,8.9353
14515,40.4372
14466,8.9338
14516,41.1868
14467,9.3438
14517,40.4807
14468,9.0578
14518,39.7193
14469,9.1783
14519,40.0396
14470,8.8860
14520,39.5899
14471,8.8786
14521,40.0757
14472,9.1619
14522,39.3119
14473,8.8326
14523,41.2535
14474,8.9762
14524,40.3625
14475,8.9551
14525,40.3599
14476,8.8250
14526,40.6157
14477,8.8989
14527,41.7097
14478,9.2089
14528,39.9365
14479,9.1507
14529,39.5040
14480,9.0774
14530,39.4542
14481,9.1359
14531,41.9116
14482,9.0100
14532,40.4951
14483,10.1680
14533,42.3466
14484,8.8039
14534,40.5206
14485,9.1328
14535,39.8228
14486,9.3612
14536,40.0358
14487,8.8554
14537,39.9731
14488,9.1893
14538,40.5022
14489,9.0997
14539,40.8415
14490,8.9541
14540,40.5714
14491,9.0706
14541,40.2452
14492,9.1619
14542,39.6799
14493,8.9730
14543,41.2605
14494,9.0611
14544,39.9990
14495,9.1784
14545,39.4753
14496,9.1079
14546,40.6960
14497,9.2257
14547,40.1247
14498,9.0648
14548,39.8301
14499,9.0773
14549,39.4125
14500,8.8603
14550,39.6426
14501,8.9554
14551,39.9967
14502,9.0643
14552,39.4123
14503,8.9787
14553,40.3254
14504,9.0369
14554,40.1385
14505,8.7557
14555,39.7599
14506,8.9639
14556,40.9383
14507,9.1282
14557,39.9228
14508,8.9277
14558,40.1400
14509,8.7986
14559,40.4836
14510,9.2690
14560,41.3335
14511,9.1412
14561,38.7592
14512,9.0322
14562,38.6566
14513,8.9375
14563,40.1154
14514,9.2011
14564,39.4975
14515,9.2124
14565,40.1209
14516,9.2565
14566,39.8526
14517,8.8604
14567,41.4764
14518,9.1430
14568,40.9636
14519,8.7405
14569,40.9508
14520,8.9325
14570,40.1818
14521,8.7360
14571,41.4006
14522,9.1249
14572,38.7125
14523,8.9628
14573,40.5206
14524,8.8495
14574,40.5260
14525,8.9207
14575,40.4465
14526,9.1103
14576,40.2989
14527,9.1837
14577,40.4582
14528,9.1191
14578,41.6146
14529,8.9467
14579,41.0476
14530,8.9070
14580,40.5517
14531,8.8941
14581,39.9659
14532,9.0085
14582,38.9952
14533,9.0759
14583,41.2056
14534,8.7538
14584,42.5591
14535,9.3057
14585,40.4202
14536,9.1485
14586,39.8934
14537,8.8249
14587,41.5911
14538,8.9976
14588,40.4501
14539,9.1105
14589,39.4014
14540,8.8628
14590,39.4353
14541,8.8687
14591,40.0986
14542,9.1292
14592,40.2963
14543,9.1005
14593,40.5128
14544,8.8438
14594,39.7007
14545,8.8770
14595,40.7754
14546,9.1717
14596,39.7914
14547,9.0374
14597,40.7306
14548,9.1707
14598,41.1333
14549,9.0403
14599,38.9373
14550,8.9809
14600,40.3915
14551,8.7723
14601,41.5931
14552,9.0193
14602,40.2728
14553,8.7861
14603,40.0830
14554,9.3571
14604,38.7094
14555,8.8706
14605,39.7831
14556,9.2001
14606,39.2355
14557,9.1730
14607,40.7894
14558,9.0432
14608,38.8387
14559,8.9397
14609,41.1241
14560,9.0795
14610,41.0934
14561,8.9585
14611,41.2867
14562,8.8520
14612,40.2607
14563,9.1139
14613,39.8582
14564,9.1935
14614,39.5542
14565,8.9190
14615,41.5580
14566,9.0257
14616,39.7334
14567,8.8292
14617,41.1461
14568,8.9799
14618,40.4170
14569,9.7506
14619,41.9596
14570,8.9092
14620,39.9682
14571,9.0356
14621,40.3008
14572,9.1029
14622,39.9193
14573,8.9912
14623,41.4917
14574,9.2535
14624,40.4078
14575,8.9521
14625,39.7904
14576,9.1239
14626,39.8209
14577,9.1346
14627,39.6503
14578,8.8282
14628,40.6125
14579,8.7131
14629,40.6868
14580,8.9135
14630,40.5093
14581,8.6750
14631,40.5988
14582,9.0565
14632,38.7933
14583,9.0165
14633,38.9500
14584,8.8688
14634,41.1916
14585,8.9359
14635,40.3983
14586,9.0323
14636,40.3947
14587,8.8478
14637,40.8820
14588,9.0789
14638,40.1183
14589,9.2225
14639,40.4712
14590,8.9504
14640,40.1042
14591,9.0189
14641,41.3240
14592,9.1964
14642,39.8725
14593,9.9663
14643,41.6361
14594,9.2107
14644,40.0543
14595,8.9369
14645,40.9358
14596,8.9875
14646,40.3532
14597,9.2924
14647,41.3634
14598,9.2748
14648,39.7061
14599,8.9711
14649,40.6575
14600,9.1675
14650,41.1333
14601,9.2632
14651,43.8672
14602,9.0884
14652,39.6451
14603,8.9623
14653,40.8109
14604,8.9086
14654,39.9828
14605,9.3013
14655,40.3994
14606,9.0354
14656,40.2483
14607,8.9771
14657,40.4654
14608,9.4057
14658,40.3063
14609,8.9879
14659,39.6152
14610,9.1880
14660,40.0883
14611,8.9766
14661,38.7048
14612,8.8155
14662,40.3538
14613,8.6955
14663,40.5214
14614,8.7824
14664,42.2080
14615,9.0195
14665,39.8463
14616,9.1375
14666,39.5236
14617,8.8212
14667,40.4225
14618,8.9626
14668,39.8982
14619,8.1190
14669,47.0685
14620,8.8188
14670,40.1081
14621,9.0551
14671,40.3152
14622,8.9130
14672,39.9918
14623,9.0139
14673,41.0907
14624,9.1157
14674,40.0076
14625,9.1795
14675,40.4599
14626,8.9675
14676,40.1077
14627,8.7980
14677,40.1939
14628,8.9251
14678,40.9216
14629,8.6863
14679,40.1691
14630,9.1436
14680,39.8651
14631,9.1520
14681,39.8800
14632,9.2238
14682,39.5171
14633,9.1111
14683,39.8502
14634,9.9609
14684,42.2101
14635,8.9730
14685,40.1859
14636,8.9859
14686,38.9378
14637,9.0288
14687,40.5467
14638,9.1453
14688,40.2027
14639,8.8888
14689,39.7348
14640,9.0519
14690,40.4957
14641,8.7237
14691,40.9368
14642,9.0735
14692,40.5076
14643,9.1219
14693,39.4598
14644,8.8980
14694,40.0856
14645,9.0498
14695,39.4432
14646,9.2087
14696,40.0291
14647,9.2886
14697,39.9013
14648,8.8246
14698,40.4369
14649,9.0835
14699,39.9199
14650,9.2741
14700,40.1057
14651,9.0396
14701,38.7316
14652,8.9907
14702,41.0394
14653,9.0763
14703,39.4078
14654,8.7161
14704,40.9450
14655,9.1279
14705,39.7083
14656,9.0185
14706,40.6466
14657,9.0672
14707,39.9981
14658,9.0478
14708,41.0207
14659,8.7793
14709,40.5312
14660,9.0732
14710,40.2402
14661,9.2682
14711,39.6333
14662,9.0670
14712,39.5592
14663,9.2151
14713,41.1291
14664,9.2145
14714,39.8580
14665,8.8414
14715,40.4747
14666,8.8207
14716,40.9190
14667,8.9693
14717,40.5192
14668,8.9157
14718,40.3681
14669,8.8595
14719,40.0301
14670,9.3727
14720,40.4735
14671,8.8761
14721,40.3771
14672,8.9334
14722,40.4871
14673,9.0820
14723,39.4291
14674,9.1860
14724,42.2160
14675,9.0735
14725,39.8350
14676,8.9587
14726,40.3746
14677,8.9184
14727,39.0810
14678,9.1133
14728,39.6464
14679,9.0032
14729,40.9234
14680,8.7927
14730,40.5619
14681,8.9960
14731,39.8304
14682,8.9899
14732,40.3534
14683,8.9087
14733,40.9162
14684,9.2126
14734,40.0467
14685,8.9758
14735,40.1353
14686,8.6831
14736,41.0365
14687,8.9917
14737,40.0271
14688,9.1333
14738,41.0196
14689,8.7902
14739,40.3376
14690,9.0131
14740,39.4817
14691,9.0041
14741,39.8407
14692,8.9606
14742,41.4297
14693,9.1493
14743,39.4123
14694,9.1347
14744,41.9719
14695,9.2980
14745,39.7387
14696,9.0554
14746,41.1946
14697,8.9447
14747,41.2233
14698,8.7994
14748,41.9513
14699,9.6305
14749,39.9130
14700,8.5664
14750,40.3714
14701,8.6460
14751,39.9360
14702,8.7870
14752,40.3965
14703,8.7924
14753,40.9819
14704,8.8363
14754,40.6375
14705,9.1078
14755,41.4356
14706,9.0419
14756,41.8002
14707,9.1383
14757,40.7541
14708,8.8737
14758,41.1449
14709,9.2508
14759,39.2152
14710,8.7366
14760,41.5387
14711,8.8984
14761,40.9412
14712,8.6210
14762,40.5030
14713,8.8742
14763,41.2505
14714,8.8234
14764,39.8359
14715,8.9222
14765,40.8033
14716,8.8500
14766,41.7858
14717,9.2337
14767,41.0434
14718,8.7918
14768,39.6622
14719,8.9887
14769,38.5830
14720,8.8270
14770,39.2957
14721,8.6756
14771,41.2062
14722,8.9835
14772,41.1862
14723,8.7136
14773,40.3683
14724,8.8290
14774,41.0601
14725,8.6608
14775,39.4800
14726,8.7747
14776,39.6295
14727,8.8397
14777,40.5555
14728,8.6106
14778,41.9256
14729,8.9218
14779,40.6045
14730,8.8538
14780,40.5144
14731,8.7817
14781,40.1364
14732,8.6523
14782,40.6439
14733,9.0029
14783,41.2472
14734,8.7199
14784,42.1301
14735,8.8840
14785,40.1495
14736,9.8156
14786,40.6162
14737,8.8927
14787,42.7438
14738,8.8225
14788,41.4125
14739,9.0871
14789,40.5061
14740,8.8423
14790,41.7386
14741,8.8553
14791,40.5414
14742,8.8465
14792,39.3957
14743,9.1553
14793,40.2153
14744,9.0303
14794,40.0719
14745,8.7760
14795,39.2906
14746,8.8763
14796,40.8670
14747,9.0723
14797,40.0738
14748,8.9715
14798,41.0036
14749,9.0356
14799,42.0331
14750,9.0261
14800,40.2483
14751,9.2964
14801,41.2859
14752,8.9561
14802,41.5368
14753,8.9505
14803,40.1276
14754,9.0002
14804,40.0283
14755,9.0626
14805,39.9879
14756,9.1411
14806,41.8041
14757,8.9037
14807,41.7051
14758,8.9361
14808,40.4590
14759,9.1459
14809,39.6463
14760,9.2117
14810,40.8311
14761,8.7965
14811,40.9835
14762,9.2617
14812,40.8165
14763,9.1375
14813,39.7212
14764,9.1042
14814,39.8404
14765,9.0493
14815,40.9899
14766,9.0977
14816,40.8782
14767,8.9946
14817,39.8573
14768,9.1928
14818,39.6044
14769,9.2157
14819,40.4871
14770,9.1250
14820,41.3688
14771,8.9279
14821,40.1265
14772,9.0709
14822,39.7704
14773,8.9254
14823,40.2500
14774,9.1370
14824,41.3182
14775,8.9396
14825,40.9597
14776,9.0780
14826,40.7605
14777,8.9892
14827,40.5997
14778,8.8837
14828,41.0515
14779,8.8414
14829,41.0861
14780,9.1729
14830,40.4499
14781,9.0665
14831,39.4147
14782,9.0703
14832,40.0798
14783,9.0200
14833,40.7543
14784,9.2201
14834,40.0393
14785,8.9747
14835,40.2359
14786,8.8840
14836,40.6950
14787,9.1323
14837,40.4402
14788,9.2021
14838,40.0600
14789,8.9361
14839,40.8521
14790,9.0746
14840,40.0860
14791,8.9148
14841,41.3046
14792,8.7624
14842,41.1121
14793,9.1030
14843,39.5935
14794,8.8866
14844,40.6362
14795,8.9115
14845,41.9751
14796,8.7186
14846,40.7897
14797,9.1288
14847,40.9640
14798,8.9235
14848,39.4965
14799,8.8199
14849,40.0730
14800,9.0933
14850,39.8996
14801,9.1192
14851,40.0213
14802,8.7851
14852,40.5597
14803,8.9526
14853,40.3454
14804,9.1134
14854,41.1190
14805,8.8947
14855,41.8740
14806,9.0750
14856,40.3866
14807,9.0841
14857,41.1525
14808,8.9172
14858,41.9313
14809,8.9925
14859,40.5958
14810,8.8779
14860,40.8504
14811,8.9196
14861,41.0212
14812,8.9287
14862,40.7486
14813,9.1865
14863,39.6777
14814,9.0333
14864,39.7355
14815,8.8434
14865,41.0917
14816,8.9183
14866,41.2934
14817,9.0422
14867,40.1442
14818,9.2567
14868,40.9865
14819,8.8350
14869,41.1062
14820,8.9919
14870,40.9326
14821,8.9434
14871,40.6681
14822,8.8640
14872,41.3673
14823,8.8055
14873,40.4603
14824,8.9380
14874,39.5690
14825,8.9024
14875,40.7520
14826,8.8022
14876,39.0538
14827,8.8415
14877,39.9285
14828,9.1121
14878,39.0038
14829,8.9945
14879,40.8832
14830,8.9024
14880,39.3323
14831,9.2275
14881,39.9971
14832,9.2462
14882,38.6555
14833,9.0932
14883,40.7373
14834,8.8785
14884,39.7665
14835,8.7035
14885,41.3537
14836,8.9015
14886,39.9874
14837,8.7999
14887,40.6997
14838,8.9299
14888,39.6611
14839,9.0533
14889,39.4489
14840,8.9476
14890,39.8696
14841,9.1739
14891,40.0150
14842,9.1931
14892,40.6182
14843,8.8760
14893,40.1128
14844,8.8900
14894,41.6563
14845,9.2389
14895,39.9682
14846,8.6328
14896,39.3319
14847,9.0897
14897,40.5643
14848,9.0678
14898,40.9127
14849,8.8965
14899,39.6038
14850,8.8750
14900,40.4863
14851,9.1763
14901,39.2156
14852,8.7544
14902,39.7054
14853,9.0881
14903,40.6927
14854,9.0333
14904,39.5654
14855,8.9153
14905,39.3101
14856,8.8113
14906,39.6407
14857,9.0756
14907,39.1822
14858,8.9465
14908,40.2586
14859,9.1668
14909,41.1405
14860,8.9447
14910,40.0843
14861,9.0741
14911,40.0514
14862,8.9134
14912,40.7370
14863,9.0983
14913,39.5467
14864,9.1655
14914,39.5642
14865,9.0478
14915,40.8823
14866,7.9187
14916,47.6562
14867,8.7480
14917,40.5601
14868,8.9667
14918,39.2111
14869,8.9716
14919,39.0342
14870,9.0176
14920,40.4081
14871,9.0111
14921,40.4876
14872,9.4020
14922,39.7662
14873,8.8221
14923,40.0140
14874,8.8104
14924,41.8078
14875,9.1004
14925,40.7717
14876,8.8050
14926,41.9248
14877,8.9834
14927,40.7928
14878,8.9083
14928,41.2683
14879,9.0124
14929,39.5363
14880,9.0067
14930,39.5884
14881,8.8845
14931,39.8267
14882,8.9870
14932,39.4791
14883,8.8897
14933,39.8057
14884,8.9163
14934,40.1195
14885,8.9099
14935,40.7111
14886,9.0491
14936,40.8662
14887,9.2489
14937,40.1699
14888,9.0019
14938,40.3562
14889,9.3360
14939,41.1496
14890,9.0569
14940,39.6372
14891,8.4896
14941,42.6196
14892,9.0071
14942,40.0765
14893,9.0164
14943,41.9588
14894,8.9108
14944,40.7324
14895,9.0620
14945,40.1240
14896,9.1128
14946,41.2979
14897,8.8483
14947,40.7153
14898,9.1982
14948,39.7818
14899,9.0785
14949,40.2714
14900,8.9103
14950,39.5757
14901,8.9503
14951,40.4690
14902,8.9137
14952,40.8794
14903,9.1371
14953,40.3116
14904,9.0902
14954,40.5097
14905,9.3715
14955,40.0090
14906,8.7808
14956,40.8567
14907,8.9057
14957,41.8318
14908,9.0481
14958,39.0346
14909,9.0233
14959,39.8162
14910,9.0959
14960,40.4441
14911,9.1001
14961,40.8566
14912,8.7070
14962,40.9925
14913,8.8816
14963,40.7422
14914,8.8804
14964,40.1849
14915,8.8512
14965,39.9688
14916,9.0779
14966,40.5680
14917,8.7691
14967,40.7762
14918,8.9324
14968,40.0975
14919,9.2843
14969,40.0009
14920,9.1584
14970,39.9973
14921,8.7703
14971,39.8575
14922,9.1511
14972,40.3087
14923,9.2026
14973,40.2559
14924,9.0174
14974,39.8289
14925,8.8623
14975,40.5701
14926,9.1046
14976,39.5259
14927,8.9544
14977,40.7988
14928,9.1922
14978,40.6935
14929,8.8113
14979,39.8531
14930,8.8076
14980,40.7753
14931,9.0115
14981,39.8604
14932,8.7361
14982,40.5642
14933,9.0675
14983,41.1763
14934,8.9629
14984,41.7286
14935,8.8636
14985,40.1590
14936,8.8863
14986,40.2825
14937,8.9754
14987,40.4841
14938,9.2415
14988,39.6294
14939,8.8907
14989,40.9082
14940,9.5912
14990,40.3134
14941,8.8900
14991,40.4870
14942,8.8899
14992,41.9786
14943,9.2072
14993,41.8833
14944,9.1622
14994,39.9247
14945,8.9953
14995,40.1189
14946,9.1691
14996,40.7264
14947,8.8898
14997,39.8199
14948,8.9137
14998,39.3599
14949,8.8315
14999,40.4201
14950,8.8054
15000,40.0986
14951,8.7941
15001,41.2034
14952,9.0370
15002,41.2587
14953,9.0066
15003,40.1239
14954,8.5344
15004,40.4029
14955,9.1374
15005,40.4896
14956,9.3538
15006,39.6269
14957,9.1651
15007,40.7565
14958,9.0176
15008,40.3221
14959,8.8606
15009,40.9718
14960,8.7764
15010,39.7960
14961,8.7862
15011,39.5803
14962,9.1004
15012,39.5271
14963,8.7644
15013,40.4749
14964,8.9010
15014,39.7889
14965,8.6116
15015,39.3244
14966,8.8698
15016,41.9606
14967,8.9002
15017,40.0176
14968,9.1817
15018,39.8734
14969,8.8057
15019,40.7971
14970,8.9058
15020,40.4387
14971,8.7584
15021,40.6476
14972,9.0109
15022,39.5162
14973,8.8655
15023,40.1635
14974,8.7508
15024,41.0863
14975,8.9397
15025,38.8574
14976,8.8888
15026,39.5000
14977,8.5886
15027,41.0466
14978,8.7599
15028,39.6984
14979,8.6276
15029,40.8898
14980,8.6294
15030,40.1953
14981,8.6488
15031,41.4244
14982,8.5910
15032,40.1851
14983,8.6488
15033,39.6425
14984,8.4111
15034,40.4522
14985,8.7223
15035,40.5363
14986,8.7736
15036,39.1141
14987,9.0204
15037,39.8178
14988,8.8270
15038,39.9457
14989,8.7843
15039,40.1911
14990,8.6822
15040,40.2215
14991,8.8647
15041,39.6329
14992,8.7891
15042,40.0535
14993,8.9482
15043,39.1506
14994,8.8373
15044,39.7471
14995,8.5532
15045,39.3343
14996,8.6818
15046,41.3681
14997,8.8445
15047,39.8947
14998,8.8474
15048,40.2114
14999,8.7475
15049,39.8549
15000,8.6144
15050,39.8792
15001,8.9161
15051,39.0948
15002,8.7876
15052,41.0901
15003,8.9150
15053,41.3006
15004,8.9362
15054,40.2702
15005,9.0710
15055,40.4522
15006,8.9297
15056,39.2415
15007,9.0705
15057,39.6280
15008,8.6336
15058,39.4574
15009,8.7848
15059,40.1665
15010,8.7620
15060,40.4791
15011,8.6583
15061,40.6359
15012,8.7918
15062,40.9083
15013,8.5314
15063,41.8409
15014,8.6202
15064,40.4468
15015,8.8355
15065,40.7495
15016,8.9140
15066,39.5040
15017,8.7268
15067,39.6531
15018,9.1120
15068,39.5670
15019,8.7875
15069,41.6367
15020,9.1495
15070,40.1306
15021,8.7776
15071,39.3659
15022,9.0395
15072,40.8514
15023,9.0730
15073,40.1676
15024,8.4504
15074,41.0354
15025,8.7994
15075,41.7228
15026,9.1569
15076,40.7377
15027,8.7475
15077,39.9476
15028,8.8450
15078,39.8246
15029,9.1069
15079,40.3476
15030,9.1558
15080,40.1468
15031,9.2875
15081,40.3080
15032,8.7493
15082,40.0998
15033,8.8238
15083,41.2160
15034,8.7314
15084,41.2249
15035,8.9592
15085,40.5186
15036,8.8570
15086,40.1691
15037,9.1546
15087,40.2191
15038,9.1333
15088,41.5139
15039,9.1467
15089,40.6764
15040,8.7617
15090,41.2576
15041,8.7087
15091,40.2446
15042,8.7934
15092,40.8482
15043,8.8687
15093,39.0027
15044,8.9433
15094,41.1995
15045,8.9441
15095,40.9323
15046,8.7450
15096,39.2268
15047,8.8022
15097,40.3723
15048,8.8990
15098,40.7234
15049,9.2942
15099,39.6300
15050,8.8816
15100,40.8753
15051,8.7357
15101,40.9862
15052,9.0262
15102,41.3488
15053,9.2645
15103,40.8720
15054,9.0270
15104,39.8858
15055,8.7336
15105,39.7837
15056,8.8070
15106,40.5892
15057,8.7168
15107,39.3406
15058,8.9102
15108,39.9651
15059,9.3055
15109,40.4215
15060,9.0765
15110,39.9589
15061,8.8454
15111,40.4310
15062,9.0225
15112,39.7350
15063,8.7271
15113,40.4060
15064,8.7783
15114,40.5242
15065,8.9981
15115,40.0135
15066,8.8330
15116,41.6320
15067,8.9769
15117,41.1390
15068,8.9813
15118,39.7424
15069,9.3985
15119,40.3146
15070,8.8958
15120,40.4291
15071,8.6683
15121,40.7845
15072,8.9076
15122,40.2136
15073,8.8909
15123,39.9116
15074,8.6782
15124,40.3884
15075,9.0405
15125,40.6899
15076,9.0014
15126,39.7529
15077,8.8862
15127,39.9536
15078,9.2831
15128,41.2859
15079,8.8951
15129,41.4413
15080,9.4335
15130,41.7556
15081,9.2767
15131,41.2562
15082,8.8323
15132,40.5316
15083,8.9059
15133,39.8063
15084,8.6154
15134,41.5720
15085,8.9861
15135,40.2135
15086,8.9457
15136,40.0083
15087,9.0400
15137,39.7667
15088,8.9592
15138,39.4589
15089,9.4142
15139,40.5237
15090,8.9386
15140,40.4781
15091,8.8183
15141,39.4030
15092,9.2338
15142,41.3683
15093,8.8278
15143,39.5707
15094,9.2420
15144,40.1115
15095,8.8469
15145,41.0556
15096,9.0388
15146,40.7682
15097,8.9554
15147,39.9479
15098,8.9548
15148,39.6601
15099,9.1405
15149,40.3448
15100,8.6019
15150,40.1597
15101,8.6312
15151,40.6991
15102,9.0161
15152,40.5702
15103,8.9650
15153,40.8205
15104,9.2785
15154,39.8231
15105,9.0927
15155,40.2677
15106,8.7514
15156,39.7210
15107,8.5088
15157,40.4116
15108,8.4659
15158,40.1743
15109,8.7075
15159,39.9691
15110,8.9135
15160,39.8787
15111,9.2163
15161,40.0621
15112,9.1588
15162,39.5483
15113,8.6294
15163,40.0028
15114,8.6755
15164,40.4920
15115,8.4095
15165,40.2145
15116,8.5782
15166,42.5257
15117,8.8928
15167,40.8398
15118,8.5957
15168,41.2194
15119,8.8335
15169,40.4940
15120,9.2451
15170,39.5281
15121,9.0583
15171,41.1745
15122,8.8013
15172,40.6529
15123,8.8412
15173,40.7667
15124,9.0649
15174,38.8859
15125,8.8833
15175,40.2589
15126,8.8021
15176,40.0014
15127,8.8785
15177,40.0932
15128,8.9552
15178,38.6890
15129,8.6445
15179,40.5253
15130,8.7543
15180,39.1002
15131,9.1010
15181,40.1855
15132,8.6942
15182,40.0686
15133,8.9818
15183,39.5917
15134,8.8368
15184,40.3713
15135,8.8077
15185,39.7596
15136,8.8416
15186,39.5701
15137,8.7349
15187,40.4779
15138,8.9434
15188,39.6461
15139,8.8317
15189,40.9132
15140,8.7754
15190,41.1349
15141,8.8945
15191,40.3373
15142,8.7495
15192,40.1276
15143,8.4783
15193,39.6618
15144,8.8293
15194,40.3366
15145,8.6305
15195,39.2659
15146,8.4657
15196,39.5947
15147,8.8946
15197,40.0126
15148,8.4774
15198,40.6056
15149,8.4786
15199,40.5599
15150,8.6401
15200,40.4991
15151,8.6349
15201,39.6928
15152,8.3054
15202,41.7506
15153,8.7990
15203,39.6635
15154,8.3687
15204,39.3718
15155,8.7236
15205,39.8779
15156,8.5829
15206,39.9302
15157,8.4711
15207,39.6866
15158,8.7377
15208,39.6041
15159,8.7252
15209,39.8605
15160,8.5182
15210,39.8989
15161,8.9550
15211,39.6779
15162,8.6866
15212,40.5270
15163,8.5707
15213,40.1244
15164,8.5443
15214,39.3543
15165,8.7097
15215,38.7508
15166,8.8768
15216,40.7981
15167,8.7352
15217,40.7970
15168,8.6597
15218,39.3524
15169,8.7597
15219,40.0190
15170,8.8400
15220,40.6833
15171,8.7430
15221,40.7444
15172,9.0313
15222,39.7980
15173,8.8494
15223,39.6463
15174,9.0926
15224,39.5066
15175,8.7089
15225,40.7037
15176,8.8766
15226,40.4539
15177,9.2287
15227,41.7858
15178,8.9686
15228,40.3177
15179,8.9436
15229,40.7710
15180,8.8791
15230,39.9495
15181,9.0715
15231,38.9805
15182,8.4338
15232,40.9824
15183,8.8343
15233,40.2752
15184,8.9373
15234,40.3751
15185,8.6790
15235,40.0731
15186,8.9412
15236,39.0985
15187,8.7120
15237,40.6175
15188,8.7384
15238,40.3263
15189,9.0328
15239,41.0236
15190,8.9178
15240,40.9361
15191,8.8093
15241,40.8100
15192,8.5132
15242,39.6654
15193,8.5565
15243,39.0834
15194,9.1739
15244,40.4306
15195,9.0195
15245,39.7365
15196,8.6787
15246,39.6083
15197,8.7688
15247,41.4131
15198,8.8141
15248,40.0648
15199,9.4444
15249,40.8581
15200,8.7401
15250,39.9047
15201,8.5454
15251,40.2174
15202,8.7205
15252,39.2038
15203,8.9863
15253,40.9305
15204,8.9455
15254,40.9253
15205,8.8253
15255,40.0286
15206,8.8899
15256,39.9438
15207,8.6244
15257,39.6515
15208,8.3929
15258,41.2075
15209,8.6525
15259,39.6711
15210,8.7389
15260,40.2930
15211,8.7749
15261,40.0859
15212,8.7691
15262,38.7746
15213,8.9523
15263,41.1752
15214,9.0908
15264,40.3869
15215,9.0185
15265,39.8369
15216,8.8826
15266,40.3959
15217,8.6717
15267,41.0453
15218,8.9110
15268,40.6543
15219,8.7999
15269,40.3007
15220,9.0125
15270,39.9697
15221,8.7250
15271,40.7126
15222,8.5772
15272,40.4748
15223,8.5608
15273,38.9161
15224,8.6503
15274,38.3721
15225,8.5552
15275,39.7016
15226,8.7507
15276,40.8800
15227,8.7983
15277,39.0948
15228,8.8194
15278,39.4228
15229,8.5981
15279,39.7838
15230,8.6706
15280,40.0061
15231,8.9818
15281,40.5831
15232,8.7624
15282,40.7239
15233,8.8455
15283,40.5615
15234,8.6345
15284,40.1767
15235,8.7258
15285,39.4751
15236,8.5018
15286,40.2219
15237,8.6946
15287,41.0081
15238,8.8399
15288,39.7990
15239,8.4333
15289,40.9176
15240,8.8724
15290,39.8798
15241,9.1549
15291,38.8864
15242,8.5276
15292,41.7533
15243,8.9115
15293,40.1347
15244,8.9225
15294,39.9028
15245,8.8036
15295,40.0272
15246,8.7223
15296,39.9458
15247,8.7450
15297,40.8514
15248,8.9158
15298,39.5858
15249,8.8152
15299,40.2750
15250,9.1735
15300,39.3696
15251,8.5282
15301,41.2203
15252,8.6987
15302,39.7640
15253,8.9297
15303,40.3978
15254,8.7189
15304,40.0406
15255,8.8464
15305,40.1119
15256,9.0184
15306,39.2517
15257,8.6771
15307,39.3779
15258,8.6710
15308,40.1977
15259,8.5751
15309,40.4717
15260,8.8655
15310,38.8663
15261,8.8109
15311,38.1783
15262,8.8738
15312,39.3497
15263,8.8744
15313,40.1953
15264,8.7134
15314,40.0924
15265,8.9097
15315,39.4419
15266,8.4764
15316,39.7989
15267,8.5198
15317,39.4776
15268,8.8659
15318,40.5495
15269,8.8404
15319,39.7849
15270,8.4269
15320,42.4423
15271,8.9750
15321,39.6454
15272,8.8032
15322,40.3001
15273,8.8820
15323,39.9706
15274,8.8794
15324,39.1585
15275,8.7123
15325,39.8023
15276,8.6179
15326,40.4148
15277,8.6232
15327,40.6545
15278,8.9933
15328,38.7531
15279,8.6811
15329,40.3411
15280,8.6000
15330,39.0590
15281,8.9835
15331,40.7952
15282,8.6856
15332,40.7564
15283,8.8442
15333,39.8801
15284,8.6812
15334,39.8676
15285,8.9472
15335,39.4296
15286,8.8197
15336,40.5065
15287,8.7506
15337,40.1668
15288,9.2531
15338,42.5643
15289,8.7236
15339,39.8484
15290,8.6780
15340,40.5107
15291,8.5614
15341,40.2231
15292,8.5424
15342,40.3573
15293,8.3543
15343,40.0258
15294,8.3643
15344,39.5798
15295,8.9289
15345,38.9862
15296,8.5671
15346,40.8855
15297,8.7713
15347,38.9492
15298,8.5557
15348,40.1968
15299,8.2231
15349,42.7662
15300,8.9141
15350,40.5344
15301,8.6738
15351,39.2420
15302,8.5957
15352,39.3105
15303,8.6023
15353,39.7025
15304,8.4183
15354,39.5699
15305,8.9345
15355,38.9733
15306,8.4722
15356,40.4950
15307,8.7207
15357,39.3818
15308,8.5569
15358,40.6681
15309,8.7418
15359,39.8110
15310,8.6852
15360,38.7494
15311,8.7669
15361,40.6638
15312,9.1723
15362,40.4911
15313,8.6172
15363,39.9564
15314,8.7454
15364,39.5215
15315,8.4811
15365,39.6880
15316,8.5689
15366,40.3016
15317,8.5114
15367,40.0153
15318,8.6840
15368,39.5302
15319,8.9213
15369,39.9066
15320,8.5627
15370,40.6342
15321,8.9795
15371,40.5826
15322,8.7193
15372,39.3444
15323,8.6235
15373,39.4329
15324,8.6921
15374,39.8736
15325,8.7435
15375,40.1201
15326,8.5406
15376,40.5446
15327,9.0193
15377,39.9275
15328,9.0741
15378,40.7114
15329,8.9531
15379,39.0345
15330,8.8752
15380,39.2478
15331,9.2003
15381,39.4883
15332,8.6125
15382,40.0327
15333,9.0032
15383,39.2968
15334,9.0726
15384,40.9449
15335,9.0285
15385,40.4971
15336,8.6999
15386,39.7692
15337,9.0439
15387,40.4974
15338,8.5957
15388,38.7108
15339,8.8985
15389,39.1391
15340,8.7549
15390,40.8308
15341,8.8861
15391,39.8588
15342,8.6539
15392,40.1845
15343,8.9023
15393,40.0485
15344,8.9910
15394,39.7562
15345,8.9398
15395,41.4245
15346,9.0988
15396,41.0376
15347,9.0206
15397,40.5510
15348,9.0976
15398,39.9003
15349,8.8857
15399,38.5459
15350,8.8809
15400,40.4154
15351,8.8547
15401,40.4243
15352,8.8790
15402,40.7593
15353,8.9159
15403,39.4776
15354,8.9316
15404,40.8618
15355,8.7043
15405,39.8146
15356,8.7506
15406,41.1616
15357,8.7931
15407,39.5815
15358,8.8525
15408,39.7250
15359,9.0108
15409,41.3975
15360,8.9750
15410,40.0353
15361,9.1694
15411,39.3582
15362,8.6921
15412,39.6079
15363,8.8491
15413,40.2925
15364,9.0508
15414,40.1765
15365,8.8357
15415,40.1994
15366,8.6189
15416,39.4861
15367,8.4140
15417,39.7538
15368,8.7925
15418,40.2786
15369,8.7730
15419,40.6067
15370,8.7294
15420,40.6808
15371,8.5893
15421,39.7172
15372,8.4174
15422,41.3449
15373,8.6513
15423,39.4929
15374,8.5951
15424,40.9431
15375,8.4287
15425,39.7406
15376,8.5850
15426,40.0431
15377,8.7286
15427,40.1708
15378,8.5846
15428,38.4747
15379,8.5902
15429,39.4183
15380,8.7056
15430,39.5193
15381,8.8286
15431,40.7997
15382,8.7704
15432,39.4457
15383,8.3676
15433,39.8413
15384,8.6827
15434,39.7642
15385,8.3591
15435,39.8331
15386,8.7751
15436,40.3116
15387,8.7245
15437,40.5132
15388,8.3974
15438,39.0979
15389,8.5474
15439,40.8271
15390,8.6931
15440,40.3384
15391,8.8916
15441,39.4233
15392,8.6473
15442,40.3896
15393,8.7406
15443,39.6084
15394,8.7325
15444,38.5916
15395,8.7116
15445,41.1393
15396,8.4521
15446,40.2230
15397,8.6276
15447,39.5303
15398,8.5976
15448,39.1065
15399,8.6468
15449,39.5155
15400,8.5657
15450,39.7347
15401,8.5113
15451,40.4515
15402,8.7456
15452,38.9071
15403,8.6655
15453,39.8398
15404,8.6359
15454,39.6879
15405,8.6777
15455,39.7792
15406,8.3462
15456,40.3003
15407,9.0011
15457,39.9781
15408,8.7040
15458,40.7474
15409,8.6871
15459,39.1531
15410,8.5517
15460,40.0252
15411,8.4650
15461,40.4186
15412,8.8085
15462,40.6659
15413,9.0733
15463,41.8110
15414,9.0645
15464,40.0782
15415,9.0405
15465,40.3231
15416,8.5227
15466,40.8830
15417,8.7745
15467,39.6309
15418,8.6949
15468,40.3449
15419,8.4197
15469,40.3106
15420,8.9944
15470,39.5433
15421,8.7607
15471,39.6577
15422,8.8089
15472,40.1595
15423,8.7225
15473,41.2426
15424,8.7357
15474,40.1178
15425,8.8947
15475,40.8825
15426,8.5448
15476,41.3645
15427,8.8456
15477,41.0013
15428,8.5056
15478,40.9760
15429,9.0500
15479,39.3760
15430,8.8276
15480,39.7439
15431,8.7026
15481,39.8218
15432,8.6631
15482,39.3845
15433,8.5820
15483,40.7254
15434,9.0658
15484,40.1749
15435,8.6768
15485,40.1913
15436,8.7238
15486,39.9940
15437,8.9464
15487,41.0134
15438,8.6390
15488,39.6287
15439,8.6235
15489,39.6077
15440,8.6512
15490,41.2145
15441,8.7249
15491,41.7123
15442,9.0234
15492,40.0474
15443,8.9856
15493,41.2950
15444,8.9648
15494,40.2362
15445,9.1665
15495,40.4832
15446,8.9593
15496,40.9753
15447,8.7846
15497,39.7822
15448,8.6176
15498,41.1775
15449,8.8484
15499,39.6177
15450,8.8661
15500,40.0894
15451,8.7147
15501,40.5772
15452,9.0309
15502,39.8686
15453,8.6895
15503,39.8466
15454,8.7536
15504,39.8387
15455,8.6207
15505,39.1468
15456,8.7575
15506,40.2686
15457,8.7833
15507,40.0735
15458,8.8107
15508,39.9697
15459,8.4549
15509,39.9652
15460,8.8251
15510,40.8545
15461,8.6729
15511,40.5834
15462,8.6880
15512,40.6425
15463,9.1434
15513,40.7751
15464,8.5843
15514,41.4262
15465,8.6564
15515,39.2649
15466,8.8687
15516,40.4464
15467,8.7708
15517,39.3144
15468,8.6405
15518,40.2030
15469,8.5230
15519,41.0122
15470,8.7864
15520,40.0722
15471,8.8162
15521,39.3457
15472,8.8715
15522,40.4647
15473,8.6533
15523,39.3480
15474,8.6147
15524,40.3249
15475,8.5926
15525,40.0249
15476,9.1325
15526,39.4781
15477,9.2322
15527,40.1095
15478,8.8260
15528,39.9954
15479,10.2098
15529,41.5026
15480,9.0482
15530,40.1016
15481,9.0082
15531,40.9316
15482,8.6807
15532,40.4340
15483,8.8284
15533,40.7030
15484,8.9212
15534,40.8197
15485,8.5818
15535,39.9769
15486,8.5686
15536,39.7852
15487,8.8286
15537,40.2311
15488,8.4387
15538,40.2325
15489,8.5076
15539,39.9051
15490,8.5432
15540,38.9054
15491,8.4652
15541,40.3554
15492,8.8160
15542,40.3378
15493,8.7427
15543,41.2262
15494,8.8274
15544,40.1238
15495,9.0351
15545,40.1500
15496,8.8155
15546,41.8315
15497,8.7945
15547,40.2375
15498,8.6246
15548,40.1277
15499,8.6970
15549,39.7051
15500,8.6451
15550,40.4752
15501,8.3828
15551,39.1151
15502,8.6402
15552,39.5290
15503,8.9383
15553,39.3157
15504,8.6269
15554,40.1100
15505,8.7718
15555,40.0871
15506,8.7634
15556,41.7237
15507,8.8690
15557,40.4328
15508,8.5040
15558,39.9252
15509,8.8608
15559,42.2772
15510,8.7075
15560,40.0331
15511,8.8432
15561,40.0081
15512,8.5523
15562,40.2796
15513,8.7627
15563,39.3914
15514,8.5891
15564,40.2842
15515,8.8705
15565,38.7065
15516,8.4157
15566,41.5782
15517,8.4911
15567,39.8508
15518,8.7382
15568,42.2643
15519,8.6329
15569,39.8585
15520,8.6916
15570,41.3878
15521,8.5628
15571,40.7886
15522,8.6609
15572,41.5421
15523,8.7960
15573,40.7134
15524,8.6826
15574,40.4327
15525,8.8281
15575,39.9199
15526,8.6277
15576,40.2815
15527,8.4768
15577,40.9442
15528,8.4373
15578,39.4796
15529,8.6645
15579,41.0767
15530,8.8609
15580,39.7665
15531,8.5682
15581,40.1729
15532,8.3486
15582,41.0386
15533,8.3151
15583,39.9190
15534,8.9748
15584,39.3885
15535,8.4001
15585,40.7205
15536,8.4923
15586,40.6916
15537,8.4061
15587,39.9139
15538,8.5501
15588,39.5761
15539,8.4125
15589,38.9635
15540,8.7784
15590,39.9933
15541,8.5096
15591,40.6909
15542,8.6446
15592,40.7721
15543,8.7418
15593,40.9094
15544,8.6833
15594,39.5886
15545,8.5566
15595,40.1076
15546,8.3896
15596,41.0066
15547,8.4011
15597,38.9313
15548,8.6456
15598,40.5922
15549,8.6835
15599,41.1438
15550,8.5096
15600,41.4526
15551,8.6306
15601,39.9746
15552,8.7798
15602,40.0992
15553,8.5397
15603,41.4305
15554,9.0383
15604,39.5300
15555,8.6299
15605,41.4939
15556,8.5455
15606,40.4518
15557,8.4849
15607,39.3399
15558,8.4077
15608,38.6174
15559,8.4915
15609,39.0566
15560,8.6806
15610,41.7384
15561,8.5692
15611,40.8042
15562,8.5161
15612,41.4410
15563,8.6756
15613,40.6584
15564,8.6340
15614,39.7013
15565,8.7614
15615,40.0492
15566,8.5417
15616,40.8997
15567,8.5425
15617,40.4988
15568,8.5074
15618,40.9594
15569,8.3681
15619,39.0691
15570,8.4175
15620,41.0696
15571,8.6712
15621,40.1561
15572,9.0918
15622,39.5027
15573,8.5307
15623,40.4708
15574,8.6954
15624,41.8770
15575,8.6521
15625,40.4121
15576,8.4699
15626,41.1903
15577,8.9615
15627,40.6482
15578,8.7310
15628,40.2020
15579,8.7323
15629,39.1533
15580,8.3948
15630,39.5905
15581,8.5245
15631,39.7070
15582,8.5523
15632,40.0593
15583,8.7438
15633,41.1078
15584,8.9757
15634,39.1002
15585,8.3603
15635,39.6858
15586,8.6386
15636,41.1855
15587,8.8187
15637,40.1210
15588,8.3990
15638,40.8634
15589,8.2996
15639,41.0351
15590,8.5033
15640,39.9653
15591,8.3431
15641,39.8651
15592,8.5319
15642,38.8145
15593,8.7113
15643,40.8818
15594,8.7220
15644,39.7125
15595,8.6107
15645,41.1167
15596,8.6481
15646,39.8268
15597,8.4579
15647,41.0344
15598,8.3503
15648,39.5452
15599,8.8834
15649,39.8000
15600,8.5240
15650,40.2681
15601,8.7409
15651,40.8363
15602,8.6315
15652,39.7694
15603,8.8009
15653,41.2979
15604,8.5969
15654,40.9647
15605,8.7861
15655,40.4773
15606,8.6138
15656,40.4639
15607,8.5829
15657,41.2933
15608,8.6221
15658,39.1663
15609,8.5079
15659,40.1978
15610,8.6001
15660,39.6323
15611,8.5737
15661,41.0798
15612,8.5898
15662,40.0736
15613,8.6967
15663,40.4225
15614,8.5852
15664,40.9501
15615,8.9470
15665,39.8689
15616,8.5683
15666,40.7248
15617,8.6448
15667,38.7962
15618,8.7333
15668,41.5661
15619,8.5575
15669,40.3397
15620,8.4637
15670,41.1795
15621,8.4799
15671,40.7585
15622,8.7022
15672,40.8406
15623,8.5101
15673,39.6032
15624,8.6356
15674,40.3987
15625,8.4112
15675,41.3803
15626,8.5882
15676,40.0297
15627,8.8150
15677,40.6348
15628,8.9426
15678,41.7075
15629,8.4521
15679,39.9607
15630,8.8539
15680,42.1366
15631,8.6318
15681,41.2164
15632,8.5985
15682,40.3108
15633,8.5383
15683,40.7673
15634,8.5428
15684,40.2664
15635,8.6471
15685,40.7420
15636,8.8649
15686,41.0467
15637,8.6809
15687,39.5936
15638,8.6265
15688,40.9377
15639,8.5775
15689,39.7601
15640,8.8044
15690,39.1996
15641,8.7283
15691,40.3718
15642,8.5595
15692,40.8131
15643,8.5025
15693,40.8768
15644,8.7208
15694,40.2166
15645,8.4344
15695,39.2942
15646,8.5432
15696,42.8589
15647,8.6139
15697,40.5725
15648,8.4496
15698,39.9438
15649,8.5022
15699,40.2872
15650,8.7494
15700,40.0009
15651,8.8215
15701,40.3193
15652,8.4424
15702,40.3081
15653,8.8579
15703,40.6186
15654,8.6361
15704,41.3000
15655,8.5923
15705,40.9498
15656,8.4358
15706,41.5425
15657,8.4932
15707,40.1737
15658,8.8159
15708,41.8163
15659,8.6445
15709,41.3509
15660,8.6439
15710,40.3237
15661,8.6084
15711,40.9809
15662,8.5810
15712,40.6916
15663,8.7855
15713,40.5482
15664,8.6663
15714,41.3575
15665,8.7743
15715,39.4136
15666,8.8729
15716,40.4282
15667,8.7325
15717,38.5716
15668,8.5758
15718,40.4155
15669,8.5684
15719,41.1564
15670,8.5064
15720,40.1037
15671,8.4455
15721,39.2075
15672,8.3506
15722,40.9112
15673,8.4055
15723,40.0424
15674,8.5456
15724,40.1211
15675,8.6464
15725,39.2219
15676,8.8340
15726,38.2300
15677,8.7796
15727,40.7096
15678,8.7865
15728,39.8221
15679,8.7556
15729,40.4763
15680,8.4824
15730,40.4077
15681,8.4848
15731,39.9760
15682,8.5006
15732,41.2378
15683,8.3464
15733,40.1117
15684,8.3928
15734,40.7536
15685,8.5894
15735,41.2463
15686,8.4586
15736,41.3237
15687,8.7300
15737,42.4356
15688,8.4251
15738,40.0900
15689,8.4906
15739,39.1411
15690,8.2072
15740,41.2182
15691,8.6202
15741,39.2976
15692,8.6048
15742,40.8950
15693,8.7894
15743,40.0019
15694,8.3042
15744,40.1930
15695,8.6338
15745,40.4899
15696,8.4562
15746,39.5596
15697,8.6552
15747,42.0219
15698,8.5928
15748,39.9177
15699,8.4264
15749,41.0660
15700,8.6483
15750,39.9669
15701,8.4081
15751,38.6306
15702,8.0346
15752,40.0990
15703,8.6943
15753,39.5782
15704,8.4895
15754,39.6973
15705,8.9239
15755,40.2626
15706,8.6158
15756,39.8074
15707,8.5114
15757,39.5641
15708,8.3476
15758,39.9901
15709,8.3209
15759,40.2929
15710,8.5965
15760,40.3842
15711,8.1475
15761,40.9730
15712,8.3351
15762,41.4622
15713,8.4840
15763,40.8378
15714,8.5142
15764,40.3194
15715,8.2844
15765,39.7983
15716,8.4114
15766,39.7541
15717,8.4354
15767,40.7140
15718,8.1805
15768,39.0376
15719,8.6797
15769,40.1070
15720,8.6210
15770,40.2415
15721,8.5738
15771,38.5600
15722,8.6166
15772,39.9271
15723,8.8102
15773,39.8944
15724,8.4675
15774,39.3949
15725,8.5716
15775,39.9545
15726,8.3714
15776,40.6996
15727,8.6396
15777,39.6738
15728,8.7477
15778,38.4314
15729,8.8844
15779,39.1952
15730,8.7032
15780,40.0666
15731,8.3809
15781,40.3699
15732,8.3495
15782,40.5631
15733,8.3487
15783,39.5438
15734,8.2612
15784,39.6186
15735,8.3585
15785,39.3114
15736,9.1635
15786,39.6264
15737,8.6360
15787,40.3311
15738,8.5111
15788,40.9800
15739,8.5937
15789,39.7329
15740,8.3406
15790,40.9523
15741,8.4098
15791,39.6188
15742,8.4509
15792,40.9790
15743,8.3818
15793,40.3698
15744,8.6372
15794,40.6030
15745,8.8170
15795,39.4998
15746,8.5089
15796,39.8124
15747,8.9696
15797,38.4052
15748,8.7562
15798,39.9776
15749,8.6284
15799,40.1560
15750,8.5083
15800,39.1094
15751,8.6148
15801,40.1279
15752,8.5833
15802,40.9533
15753,8.6508
15803,40.0276
15754,8.5561
15804,40.0462
15755,8.6039
15805,40.7215
15756,8.8938
15806,41.2548
15757,8.6724
15807,40.3058
15758,8.5116
15808,39.6750
15759,8.8880
15809,40.7801
15760,8.8318
15810,39.9461
15761,8.5737
15811,40.9867
15762,8.6434
15812,42.0497
15763,8.5489
15813,40.0235
15764,8.4661
15814,40.8419
15765,8.7574
15815,40.4688
15766,8.6638
15816,39.2664
15767,8.7467
15817,41.6942
15768,8.5604
15818,41.6167
15769,8.7754
15819,40.2265
15770,8.9124
15820,39.0351
15771,8.7109
15821,40.1581
15772,8.8711
15822,41.5639
15773,8.8129
15823,41.0255
15774,8.7672
15824,40.7719
15775,8.6322
15825,40.4249
15776,8.6965
15826,41.4270
15777,8.4118
15827,38.9442
15778,8.4808
15828,42.4194
15779,8.6912
15829,40.2870
15780,8.5705
15830,39.5541
15781,8.7750
15831,39.8270
15782,8.4337
15832,39.9776
15783,8.5936
15833,40.6830
15784,8.4589
15834,40.2181
15785,8.6784
15835,40.6009
15786,8.7992
15836,39.0346
15787,8.6695
15837,39.9810
15788,8.3050
15838,39.9709
15789,8.3504
15839,39.7157
15790,8.5312
15840,40.4040
15791,8.3815
15841,40.1897
15792,8.7323
15842,41.1473
15793,8.5939
15843,40.6614
15794,8.9737
15844,40.3966
15795,8.5855
15845,40.3124
15796,8.4722
15846,39.9695
15797,8.6369
15847,39.8651
15798,8.8784
15848,38.8841
15799,8.6778
15849,40.8346
15800,8.6908
15850,40.0105
15801,8.7673
15851,40.2567
15802,8.8529
15852,40.1613
15803,8.7049
15853,41.0601
15804,8.6187
15854,39.8368
15805,8.3651
15855,40.1864
15806,8.6222
15856,40.2492
15807,8.6000
15857,41.1499
15808,8.5604
15858,41.0584
15809,8.9071
15859,40.3594
15810,8.6500
15860,40.9751
15811,8.7135
15861,40.6840
15812,8.6314
15862,39.7184
15813,8.6469
15863,39.6517
15814,8.7934
15864,40.4227
15815,8.8458
15865,40.0334
15816,8.6649
15866,40.4667
15817,8.6562
15867,39.4321
15818,11.9747
15868,40.4095
15819,8.9878
15869,41.9764
15820,8.6522
15870,40.4929
15821,8.7327
15871,39.6513
15822,8.5879
15872,39.7848
15823,8.6647
15873,40.6488
15824,8.7689
15874,41.6444
15825,8.8589
15875,41.1270
15826,8.9805
15876,39.9964
15827,8.5862
15877,40.3781
15828,8.7796
15878,39.7208
15829,8.5406
15879,42.1559
15830,8.5659
15880,39.7704
15831,8.7438
15881,39.4550
15832,8.6899
15882,40.2414
15833,8.5326
15883,40.4375
15834,8.7496
15884,40.4457
15835,8.9011
15885,39.9044
15836,8.0340
15886,40.4821
15837,8.4715
15887,39.8226
15838,8.6715
15888,39.7330
15839,8.5460
15889,40.4526
15840,8.4657
15890,40.0512
15841,8.5537
15891,40.2709
15842,8.6888
15892,40.2896
15843,8.7530
15893,40.6498
15844,8.6285
15894,39.9463
15845,8.5550
15895,40.6790
15846,8.7303
15896,40.4357
15847,8.6746
15897,40.8756
15848,8.6756
15898,40.2793
15849,8.1500
15899,40.8346
15850,8.2861
15900,40.5047
15851,8.5944
15901,39.4648
15852,8.3744
15902,40.5326
15853,8.7278
15903,39.6607
15854,8.7647
15904,39.5796
15855,8.9068
15905,39.1478
15856,8.6674
15906,39.3895
15857,8.7043
15907,39.0505
15858,8.2495
15908,39.5154
15859,8.3705
15909,39.4733
15860,8.3726
15910,40.5942
15861,8.2523
15911,41.1110
15862,8.9749
15912,40.2006
15863,8.4520
15913,39.6781
15864,8.4443
15914,41.1869
15865,8.6629
15915,39.1162
15866,8.4926
15916,39.7855
15867,8.6456
15917,40.6453
15868,8.8070
15918,39.3903
15869,8.7827
15919,39.4473
15870,8.5649
15920,39.7980
15871,8.8884
15921,39.2429
15872,8.8532
15922,39.6906
15873,8.5345
15923,39.6391
15874,8.8006
15924,38.9716
15875,8.5420
15925,40.8129
15876,8.7308
15926,39.6656
15877,8.3488
15927,40.9586
15878,8.4747
15928,40.5209
15879,8.9221
15929,41.0360
15880,8.5687
15930,40.0098
15881,8.7289
15931,39.6187
15882,8.3028
15932,39.3879
15883,8.5247
15933,39.3678
15884,8.5589
15934,39.2970
15885,8.2431
15935,39.8880
15886,8.7479
15936,40.4657
15887,8.7705
15937,39.7008
15888,8.6315
15938,40.1810
15889,8.5327
15939,40.6310
15890,8.4771
15940,40.2606
15891,8.7417
15941,39.6222
15892,8.8655
15942,39.9405
15893,8.8785
15943,41.1169
15894,8.4590
15944,39.8077
15895,8.5278
15945,39.1944
15896,8.3557
15946,39.8586
15897,8.7255
15947,40.9569
15898,8.6096
15948,39.3267
15899,8.7748
15949,41.4065
15900,8.7246
15950,40.4239
15901,8.7815
15951,41.3365
15902,8.8130
15952,40.4249
15903,8.5558
15953,41.7266
15904,8.6999
15954,40.8552
15905,8.7520
15955,40.4080
15906,8.7148
15956,38.4186
15907,8.4858
15957,39.9412
15908,8.6662
15958,40.4928
15909,8.8073
15959,40.2437
15910,8.8589
15960,41.5117
15911,10.0267
15961,41.6090
15912,8.8624
15962,40.6904
15913,8.4456
15963,41.3642
15914,8.6813
15964,40.5811
15915,8.5819
15965,41.7370
15916,8.8064
15966,39.3928
15917,8.6924
15967,40.2329
15918,9.0040
15968,41.4053
15919,9.5215
15969,43.4306
15920,9.0028
15970,39.5691
15921,8.6917
15971,40.8470
15922,8.1341
15972,41.7779
15923,8.6239
15973,40.3473
15924,8.6408
15974,40.0884
15925,8.6512
15975,39.9666
15926,8.8723
15976,39.0070
15927,8.3926
15977,41.1859
15928,8.7717
15978,40.4104
15929,8.7251
15979,40.2850
15930,8.7407
15980,40.5971
15931,8.8616
15981,40.0009
15932,8.5486
15982,40.1531
15933,8.8926
15983,40.7701
15934,8.5155
15984,40.7380
15935,8.5838
15985,40.0839
15936,8.6124
15986,40.4545
15937,8.6484
15987,39.7359
15938,8.6131
15988,41.1107
15939,8.5583
15989,39.6105
15940,8.6772
15990,39.3940
15941,8.6344
15991,40.4150
15942,8.5986
15992,40.0601
15943,8.5196
15993,39.7830
15944,8.5374
15994,41.6905
15945,8.5242
15995,39.9512
15946,8.8552
15996,39.2532
15947,8.7138
15997,40.0006
15948,8.5588
15998,41.6705
15949,9.1423
15999,40.1811
15950,8.6636
16000,39.0578
15951,8.4474
16001,40.3108
15952,8.7904
16002,39.0242
15953,8.9548
16003,41.1144
15954,9.0724
16004,39.4921
15955,8.8460
16005,40.2480
15956,8.6092
16006,41.3791
15957,8.8593
16007,41.6543
15958,8.6777
16008,40.2587
15959,8.7627
16009,40.3504
15960,8.8954
16010,39.6625
15961,8.6280
16011,40.2230
15962,8.9525
16012,40.0692
15963,8.5770
16013,38.8148
15964,8.3213
16014,41.7705
15965,9.0188
16015,41.3521
15966,8.6214
16016,39.5911
15967,8.5926
16017,40.6706
15968,8.7396
16018,41.0136
15969,8.8766
16019,40.8992
15970,8.8190
16020,39.8076
15971,8.5922
16021,40.2577
15972,8.3581
16022,41.2002
15973,8.6737
16023,40.5256
15974,8.6355
16024,38.8041
15975,8.5149
16025,40.2730
15976,8.7956
16026,40.4646
15977,8.8581
16027,40.9478
15978,8.8602
16028,40.6182
15979,9.6046
16029,39.8485
15980,8.9728
16030,41.9153
15981,9.6817
16031,40.2679
15982,9.6226
16032,40.9869
15983,9.7003
16033,40.3628
15984,9.6704
16034,40.0120
15985,9.5569
16035,41.2408
15986,9.7521
16036,41.1438
15987,9.4818
16037,39.4110
15988,9.5742
16038,41.0364
15989,9.2983
16039,40.2006
15990,9.8291
16040,39.7124
15991,9.6903
16041,40.1334
15992,9.5975
16042,40.2581
15993,9.6060
16043,39.2720
15994,9.5709
16044,40.1436
15995,12.8794
16045,40.9659
15996,9.9168
16046,39.5576
15997,10.1313
16047,38.1233
15998,9.5869
16048,40.2136
15999,9.1926
16049,40.2382
16000,10.2421
16050,40.3976
16001,9.7960
16051,40.9007
16002,9.6189
16052,40.4725
16003,9.9946
16053,40.8004
16004,9.7014
16054,39.9959
16005,9.4376
16055,40.3102
16006,10.1804
16056,40.3649
16007,9.6099
16057,40.7747
16008,10.5114
16058,42.1990
16009,10.2315
16059,39.4967
16010,9.8950
16060,38.5217
16011,10.3977
16061,41.4877
16012,9.7540
16062,40.9830
16013,10.5489
16063,40.5354
16014,9.8864
16064,41.0381
16015,9.8998
16065,41.4218
16016,10.0834
16066,39.6510
16017,9.8619
16067,41.6135
16018,10.2287
16068,39.6649
16019,9.9503
16069,39.7547
16020,10.6170
16070,41.4346
16021,10.0211
16071,40.0402
16022,10.1310
16072,40.0319
16023,9.8797
16073,41.5865
16024,10.1096
16074,41.9296
16025,9.4711
16075,40.1897
16026,10.2731
16076,41.7310
16027,10.0081
16077,40.2571
16028,10.1504
16078,40.6343
16029,10.2356
16079,39.6718
16030,9.8148
16080,40.2940
16031,10.1226
16081,40.3181
16032,9.9152
16082,39.0858
16033,9.5692
16083,41.5860
16034,9.9178
16084,39.8818
16035,10.0832
16085,41.1261
16036,9.8073
16086,40.9548
16037,9.6761
16087,41.2896
16038,10.2650
16088,40.9453
16039,10.1125
16089,41.2491
16040,9.9392
16090,41.0079
16041,9.9635
16091,40.0712
16042,9.9974
16092,40.3677
16043,9.7751
16093,40.0153
16044,9.2710
16094,40.3247
16045,10.3076
16095,40.8317
16046,10.1671
16096,39.9587
16047,10.4947
16097,40.7808
16048,10.3208
16098,40.8255
16049,9.8763
16099,40.5653
16050,10.2398
16100,41.0262
16051,10.1477
16101,40.9914
16052,10.0357
16102,40.4253
16053,10.1785
16103,40.3722
16054,9.9665
16104,40.8056
16055,9.3546
16105,40.3292
16056,10.1488
16106,40.6567
16057,10.5542
16107,41.5247
16058,9.9535
16108,40.0395
16059,10.0272
16109,40.7561
16060,9.8324
16110,40.0908
16061,10.7396
16111,41.1503
16062,9.6939
16112,40.2125
16063,9.7346
16113,42.0356
16064,9.6202
16114,41.6156
16065,9.8765
16115,40.8312
16066,9.7146
16116,39.5007
16067,9.2488
16117,42.4422
16068,9.6222
16118,41.8600
16069,9.4858
16119,40.0796
16070,9.0008
16120,41.6571
16071,9.2716
16121,41.1130
16072,9.9153
16122,40.8200
16073,9.8755
16123,41.0130
16074,9.4467
16124,40.7131
16075,9.1696
16125,42.2126
16076,9.5465
16126,42.7467
16077,9.3212
16127,41.4759
16078,9.6322
16128,40.1835
16079,9.3244
16129,41.7253
16080,9.3822
16130,41.9233
16081,9.1736
16131,41.5379
16082,9.6394
16132,40.3015
16083,9.1637
16133,42.0834
16084,9.1797
16134,41.3809
16085,9.2973
16135,41.0097
16086,9.4272
16136,40.0011
16087,9.4199
16137,41.1811
16088,9.1543
16138,40.3385
16089,8.7156
16139,40.9608
16090,9.4116
16140,41.6118
16091,9.1747
16141,41.6036
16092,9.2837
16142,42.7550
16093,9.4829
16143,40.8111
16094,8.9216
16144,40.9908
16095,10.6350
16145,40.6043
16096,9.7009
16146,41.7498
16097,9.2375
16147,39.1570
16098,9.8061
16148,40.0776
16099,9.9136
16149,39.5744
16100,9.6201
16150,39.0589
16101,9.4492
16151,40.9009
16102,9.2167
16152,40.3102
16103,9.8734
16153,41.0809
16104,9.5204
16154,42.5670
16105,9.7096
16155,40.8619
16106,10.2518
16156,40.3849
16107,9.5977
16157,40.8646
16108,9.8075
16158,40.6501
16109,9.9420
16159,40.7492
16110,9.5221
16160,40.7034
16111,9.7057
16161,40.5993
16112,9.5693
16162,39.2598
16113,9.6034
16163,40.8360
16114,10.8112
16164,42.4810
16115,9.9554
16165,42.1494
16116,9.5429
16166,41.1401
16117,9.3340
16167,41.5553
16118,9.6303
16168,40.7969
16119,10.1205
16169,41.2513
16120,9.5116
16170,40.7532
16121,9.6148
16171,41.2145
16122,9.3694
16172,41.8768
16123,9.1126
16173,41.3575
16124,9.9517
16174,40.5538
16125,9.8625
16175,40.1666
16126,9.7728
16176,40.4245
16127,9.7641
16177,40.3034
16128,10.0162
16178,41.2704
16129,9.6770
16179,39.1284
16130,10.2883
16180,40.0804
16131,10.1031
16181,40.1557
16132,10.1487
16182,42.4045
16133,9.6556
16183,39.0183
16134,9.8479
16184,40.0222
16135,9.7455
16185,40.8647
16136,9.6732
16186,40.9110
16137,9.6431
16187,41.2256
16138,10.2815
16188,40.5678
16139,10.1180
16189,40.1119
16140,9.2658
16190,41.7307
16141,9.7888
16191,40.8669
16142,9.2739
16192,39.6109
16143,10.4519
16193,41.5174
16144,9.6872
16194,40.3229
16145,9.3609
16195,40.9713
16146,10.0075
16196,40.1374
16147,9.5980
16197,39.1722
16148,9.4522
16198,41.0496
16149,9.0788
16199,39.4743
16150,10.5078
16200,40.5347
16151,9.9068
16201,40.9316
16152,8.8004
16202,39.9698
16153,9.9695
16203,39.5924
16154,9.2659
16204,40.9839
16155,10.2200
16205,41.1219
16156,9.1413
16206,41.1009
16157,10.5284
16207,41.3666
16158,9.5460
16208,40.7293
16159,10.2965
16209,41.4771
16160,9.7546
16210,40.5104
16161,9.9980
16211,41.3706
16162,10.3154
16212,40.3312
16163,10.0595
16213,41.2775
16164,9.3464
16214,39.1896
16165,10.2425
16215,40.3624
16166,9.4976
16216,40.2096
16167,9.8239
16217,39.6099
16168,10.4161
16218,40.6238
16169,10.4553
16219,40.0444
16170,9.6516
16220,40.3761
16171,9.6563
16221,39.8117
16172,9.9303
16222,40.7975
16173,9.5342
16223,39.8257
16174,10.0808
16224,40.3783
16175,9.3432
16225,40.0761
16176,9.1260
16226,40.1123
16177,9.3511
16227,40.4823
16178,9.1097
16228,41.2816
16179,9.9413
16229,41.0037
16180,9.1488
16230,39.6259
16181,9.6390
16231,40.7221
16182,9.4724
16232,40.7349
16183,10.2766
16233,40.5892
16184,9.8744
16234,42.3383
16185,9.9004
16235,41.0328
16186,10.0167
16236,40.8933
16187,10.0449
16237,39.8846
16188,9.8972
16238,40.5241
16189,9.6381
16239,40.6916
16190,10.1935
16240,40.8629
16191,9.7376
16241,42.0493
16192,10.0270
16242,40.0039
16193,9.7776
16243,40.1697
16194,9.7013
16244,40.7541
16195,9.6246
16245,40.0857
16196,9.7982
16246,40.3550
16197,9.3344
16247,41.2504
16198,9.9410
16248,39.8747
16199,9.5796
16249,40.2043
16200,9.7400
16250,39.3169
16201,10.0936
16251,41.1044
16202,10.1816
16252,39.7161
16203,9.1201
16253,40.9127
16204,9.5452
16254,39.9989
16205,8.8974
16255,40.5615
16206,9.6818
16256,40.6872
16207,9.7802
16257,40.4665
16208,9.4905
16258,39.6409
16209,9.5578
16259,41.0685
16210,9.5102
16260,40.3698
16211,8.5379
16261,41.0400
16212,9.9095
16262,42.6016
16213,9.3946
16263,40.7734
16214,10.2451
16264,41.5089
16215,9.4605
16265,39.9818
16216,9.6357
16266,40.5425
16217,9.1897
16267,40.5512
16218,10.5269
16268,39.9246
16219,9.3448
16269,39.9847
16220,10.1171
16270,40.9287
16221,9.9500
16271,40.6483
16222,9.6049
16272,40.0226
16223,9.6281
16273,41.5094
16224,10.0050
16274,40.7558
16225,9.7165
16275,41.5072
16226,10.0266
16276,41.0849
16227,9.8051
16277,41.0735
16228,10.1720
16278,39.1407
16229,9.7003
16279,40.2877
16230,10.1048
16280,40.4685
16231,10.1611
16281,40.6205
16232,8.6573
16282,39.5818
16233,9.7689
16283,41.4004
16234,9.7777
16284,40.2266
16235,9.7576
16285,39.1203
16236,10.2147
16286,40.6758
16237,9.2865
16287,40.2081
16238,10.0829
16288,40.3790
16239,9.2259
16289,39.2017
16240,9.2675
16290,40.6328
16241,10.0947
16291,41.2828
16242,9.0575
16292,39.7382
16243,9.3252
16293,41.6473
16244,9.7655
16294,40.6552
16245,9.5467
16295,41.2226
16246,9.4585
16296,41.0453
16247,9.7568
16297,40.4638
16248,10.2273
16298,40.1422
16249,9.9091
16299,41.7546
16250,10.3524
16300,39.8865
16251,9.6576
16301,40.2011
16252,10.0815
16302,42.3432
16253,9.3936
16303,40.9898
16254,10.1676
16304,41.1592
16255,9.9365
16305,41.5387
16256,9.5070
16306,39.4376
16257,9.9794
16307,40.1621
16258,9.3118
16308,40.8541
16259,9.6167
16309,40.5019
16260,9.0336
16310,41.0327
16261,10.3227
16311,40.0169
16262,8.8939
16312,40.6706
16263,9.6948
16313,40.2176
16264,9.8928
16314,38.9222
16265,10.0219
16315,41.0479
16266,9.7453
16316,39.2196
16267,9.2893
16317,40.1373
16268,9.5375
16318,40.7436
16269,9.5798
16319,39.0477
16270,9.8696
16320,39.6870
16271,9.2207
16321,40.6406
16272,10.2343
16322,40.4217
16273,8.7439
16323,39.7192
16274,9.7391
16324,41.0868
16275,9.5835
16325,40.4582
16276,9.5033
16326,40.1146
16277,9.9128
16327,42.1564
16278,9.9502
16328,40.7715
16279,9.3894
16329,40.5765
16280,10.2355
16330,42.1720
16281,10.0059
16331,41.4169
16282,9.8370
16332,40.9437
16283,9.3392
16333,40.5702
16284,10.2336
16334,41.0347
16285,10.1734
16335,43.8323
16286,9.9360
16336,39.7901
16287,9.8920
16337,40.7963
16288,9.5588
16338,42.0917
16289,9.3061
16339,41.9165
16290,9.0953
16340,41.2817
16291,9.3095
16341,40.6123
16292,9.2918
16342,40.5451
16293,9.4301
16343,40.4985
16294,9.6290
16344,41.8593
16295,9.2566
16345,41.5595
16296,9.1070
16346,41.0288
16297,8.8811
16347,40.5285
16298,8.2469
16348,42.0964
16299,8.8455
16349,41.5112
16300,9.5519
16350,40.7593
16301,9.5856
16351,40.4317
16302,9.2826
16352,41.0077
16303,9.1254
16353,40.7918
16304,9.1039
16354,39.4617
16305,9.0308
16355,41.2559
16306,9.1872
16356,40.9751
16307,9.4139
16357,42.2254
16308,9.5322
16358,42.2051
16309,9.4879
16359,41.5738
16310,9.1318
16360,40.7974
16311,9.0942
16361,41.3464
16312,8.7443
16362,42.2048
16313,8.8527
16363,40.0268
16314,9.3630
16364,41.1607
16315,9.1015
16365,40.8159
16316,10.4696
16366,42.1186
16317,8.8890
16367,42.2513
16318,8.9917
16368,41.4215
16319,9.2169
16369,40.3068
16320,10.4089
16370,44.1173
16321,9.2560
16371,40.5748
16322,8.9368
16372,41.3411
16323,9.1050
16373,42.0822
16324,9.3623
16374,41.6203
16325,9.1289
16375,41.9849
16326,8.8341
16376,40.8746
16327,9.2250
16377,41.5082
16328,9.3456
16378,41.3014
16329,9.3031
16379,40.2369
16330,9.1707
16380,41.1271
16331,9.1410
16381,41.5082
16332,8.7590
16382,41.5007
16333,9.4538
16383,40.0447
16334,9.0507
16384,41.3171
16335,8.9005
16385,41.1348
16336,8.8522
16386,41.9249
16337,8.9058
16387,39.9172
16338,9.1512
16388,40.7676
16339,8.8065
16389,41.0284
16340,9.3605
16390,40.6833
16341,8.8697
16391,42.4275
16342,9.1166
16392,40.3222
16343,8.7147
16393,40.7520
16344,8.8436
16394,40.7476
16345,8.7705
16395,41.1205
16346,8.7524
16396,41.3724
16347,9.2483
16397,42.4545
16348,8.9476
16398,41.1311
16349,8.8904
16399,40.1199
16350,9.2411
16400,41.6038
16351,8.5494
16401,40.6994
16352,8.8610
16402,41.6866
16353,8.9089
16403,40.6232
16354,8.7583
16404,41.9485
16355,8.7803
16405,41.4141
16356,8.9735
16406,41.4569
16357,9.0373
16407,42.9560
16358,8.9900
16408,40.8702
16359,9.3801
16409,40.3370
16360,8.8195
16410,41.6895
16361,8.9116
16411,41.0611
16362,8.8426
16412,41.4867
16363,9.2645
16413,42.0214
16364,8.7484
16414,42.1239
16365,9.0167
16415,41.6010
16366,9.1972
16416,40.7434
16367,9.3440
16417,41.4620
16368,8.8231
16418,43.0409
16369,9.0311
16419,41.2500
16370,9.3408
16420,39.9685
16371,9.2710
16421,40.3147
16372,8.9284
16422,41.4043
16373,8.9506
16423,41.7962
16374,8.9314
16424,39.7603
16375,9.1616
16425,40.8740
16376,9.1038
16426,42.4286
16377,8.9074
16427,42.2966
16378,9.2103
16428,40.4638
16379,8.7365
16429,41.9778
16380,9.5596
16430,41.6030
16381,8.8794
16431,42.2152
16382,9.2584
16432,40.6459
16383,8.8307
16433,41.7076
16384,8.9474
16434,41.8606
16385,8.8557
16435,42.2659
16386,8.9599
16436,40.9563
16387,9.0106
16437,40.7554
16388,9.1589
16438,40.3567
16389,9.1858
16439,42.1450
16390,8.7125
16440,40.9707
16391,8.7623
16441,40.8280
16392,8.6586
16442,40.0853
16393,8.8954
16443,40.8581
16394,8.9138
16444,41.2069
16395,8.7856
16445,41.9782
16396,8.7747
16446,41.1812
16397,8.7953
16447,41.1881
16398,8.8630
16448,41.5670
16399,8.9009
16449,40.7700
16400,9.0439
16450,40.5052
16401,8.6290
16451,42.4320
16402,9.2694
16452,41.7043
16403,8.9976
16453,40.0898
16404,8.8527
16454,40.8224
16405,8.7866
16455,41.4669
16406,8.7382
16456,40.9969
16407,8.9611
16457,42.6603
16408,8.7784
16458,40.2814
16409,8.7099
16459,42.1917
16410,8.9868
16460,40.2425
16411,8.9201
16461,42.2285
16412,8.8171
16462,42.1635
16413,8.7906
16463,41.4711
16414,8.8279
16464,41.8193
16415,8.8503
16465,41.7713
16416,8.7009
16466,41.3281
16417,8.7426
16467,41.2512
16418,8.7391
16468,42.0443
16419,8.9227
16469,40.9813
16420,8.8038
16470,42.0630
16421,8.9953
16471,40.7665
16422,9.1811
16472,41.0128
16423,8.8400
16473,42.0851
16424,8.8848
16474,42.2352
16425,9.0327
16475,41.5061
16426,8.7547
16476,42.0234
16427,8.8900
16477,41.2882
16428,8.6563
16478,41.2013
16429,8.6478
16479,41.0563
16430,8.9553
16480,39.8319
16431,8.9069
16481,40.8398
16432,8.8042
16482,42.8027
16433,9.0990
16483,41.7500
16434,8.8569
16484,40.0825
16435,8.9886
16485,41.8773
16436,9.2083
16486,42.4717
16437,9.0034
16487,41.9177
16438,8.8840
16488,42.0746
16439,9.2378
16489,40.5437
16440,8.6284
16490,40.1276
16441,8.7805
16491,42.7048
16442,9.0840
16492,41.7452
16443,8.9730
16493,42.3110
16444,8.8277
16494,41.5421
16445,9.1361
16495,41.7333
16446,9.1205
16496,42.1981
16447,8.8874
16497,41.5536
16448,9.3030
16498,41.9862
16449,9.2061
16499,41.6389
16450,8.9343
16500,40.2931
16451,8.8286
16501,41.3326
16452,8.6830
16502,40.8670
16453,8.8675
16503,44.2408
16454,8.9024
16504,40.8405
16455,8.7611
16505,41.1531
16456,8.5996
16506,41.5455
16457,8.9959
16507,41.0391
16458,8.7318
16508,41.6684
16459,8.6190
16509,41.2939
16460,9.9395
16510,40.5476
16461,9.2259
16511,41.7094
16462,9.3532
16512,40.5312
16463,9.7745
16513,44.5432
16464,9.0503
16514,40.4653
16465,9.3271
16515,40.2261
16466,8.9983
16516,40.2022
16467,8.9523
16517,40.8870
16468,9.2098
16518,40.9605
16469,9.1399
16519,42.1887
16470,9.3145
16520,39.9513
16471,9.4679
16521,40.9649
16472,8.8863
16522,41.6155
16473,8.8383
16523,40.9607
16474,8.9239
16524,41.4382
16475,9.2027
16525,41.5089
16476,8.9182
16526,41.9595
16477,9.4897
16527,41.0124
16478,8.9608
16528,40.4231
16479,9.1528
16529,41.5712
16480,8.8159
16530,42.3410
16481,8.9503
16531,40.7176
16482,9.2263
16532,40.9820
16483,8.9355
16533,42.4573
16484,9.2397
16534,41.7088
16485,9.1973
16535,41.0861
16486,9.2090
16536,40.1803
16487,8.7362
16537,41.8011
16488,8.8656
16538,42.4449
16489,8.9699
16539,40.8328
16490,9.2764
16540,40.2830
16491,8.9849
16541,41.4600
16492,8.6852
16542,42.4262
16493,8.7832
16543,40.3548
16494,9.2157
16544,40.2701
16495,9.2189
16545,40.3773
16496,8.9241
16546,40.9908
16497,8.8471
16547,41.5681
16498,9.0624
16548,40.1058
16499,8.9055
16549,40.4740
16500,8.8568
16550,41.6657
16501,9.1561
16551,42.9107
16502,9.0696
16552,40.7943
16503,9.4046
16553,41.1200
16504,9.1480
16554,40.4300
16505,8.6792
16555,41.7631
16506,9.2743
16556,41.3041
16507,9.4250
16557,41.4489
16508,8.9728
16558,39.6206
16509,9.3318
16559,40.3714
16510,8.8441
16560,40.8054
16511,8.6199
16561,40.9719
16512,9.1823
16562,41.3209
16513,9.3899
16563,41.6134
16514,8.9197
16564,42.1184
16515,9.0771
16565,41.3103
16516,9.1879
16566,40.2123
16517,8.9213
16567,40.9810
16518,8.9077
16568,42.0069
16519,8.9854
16569,40.7080
16520,8.9117
16570,41.6445
16521,9.0309
16571,41.1397
16522,9.0185
16572,40.1157
16523,9.0650
16573,40.9523
16524,8.7962
16574,41.4450
16525,8.9794
16575,40.6870
16526,8.9801
16576,40.6957
16527,8.8751
16577,42.6864
16528,9.0441
16578,40.7761
16529,9.1224
16579,40.6522
16530,8.9612
16580,40.7922
16531,8.8446
16581,42.3432
16532,8.9721
16582,41.0638
16533,9.5214
16583,41.2926
16534,8.7652
16584,42.7253
16535,8.7208
16585,40.2658
16536,8.7166
16586,42.4584
16537,8.9351
16587,41.3943
16538,8.8226
16588,40.8685
16539,9.2029
16589,41.2756
16540,8.9458
16590,40.9213
16541,8.8521
16591,40.8084
16542,8.7700
16592,41.7291
16543,8.8327
16593,41.0712
16544,8.7969
16594,41.6928
16545,8.7497
16595,41.5603
16546,8.6118
16596,40.3202
16547,8.9171
16597,40.5562
16548,8.7402
16598,42.1969
16549,8.6656
16599,41.2542
16550,8.6906
16600,41.1305
16551,8.6865
16601,40.9118
16552,8.7547
16602,40.7655
16553,8.7872
16603,42.0210
16554,9.2582
16604,41.6564
16555,9.2601
16605,41.1028
16556,8.7460
16606,41.3178
16557,8.7051
16607,40.8283
16558,8.8069
16608,40.7084
16559,8.5805
16609,41.7257
16560,9.0243
16610,41.4801
16561,8.7100
16611,41.4452
16562,8.8095
16612,40.9802
16563,8.5796
16613,41.3666
16564,8.8046
16614,41.1074
16565,8.7799
16615,40.9403
16566,8.9350
16616,40.8030
16567,8.5861
16617,41.4717
16568,8.7270
16618,41.3780
16569,8.8084
16619,42.2166
16570,8.7094
16620,39.9034
16571,8.7023
16621,41.8355
16572,9.0133
16622,40.7873
16573,8.7638
16623,41.7291
16574,8.6857
16624,42.1189
16575,8.5987
16625,41.0131
16576,8.6570
16626,41.5766
16577,8.5507
16627,41.8170
16578,9.1755
16628,40.2573
16579,9.0436
16629,40.1402
16580,8.6749
16630,43.5166
16581,8.7604
16631,41.5479
16582,8.8563
16632,41.1854
16583,9.2633
16633,41.7541
16584,9.2424
16634,41.8304
16585,8.5857
16635,42.0980
16586,8.7286
16636,41.7734
16587,8.4939
16637,41.5374
16588,9.5565
16638,40.8626
16589,8.9032
16639,40.8299
16590,8.8039
16640,40.5053
16591,9.1770
16641,40.6260
16592,8.8439
16642,43.1686
16593,9.0298
16643,41.6561
16594,9.2067
16644,40.3597
16595,8.6524
16645,42.1962
16596,8.5651
16646,40.5820
16597,8.7415
16647,41.1976
16598,8.9315
16648,40.7252
16599,8.7720
16649,42.0140
16600,9.0053
16650,40.8505
16601,8.7386
16651,41.0960
16602,8.6238
16652,40.3771
16603,8.9017
16653,42.2393
16604,8.7354
16654,42.2401
16605,9.1062
16655,41.5053
16606,9.1981
16656,40.0766
16607,8.7453
16657,40.4074
16608,8.3403
16658,40.9832
16609,8.5424
16659,40.9015
16610,8.3146
16660,41.4634
16611,8.1552
16661,42.6161
16612,8.1540
16662,42.5341
16613,8.3022
16663,41.9678
16614,8.5646
16664,42.2604
16615,8.3881
16665,41.0560
16616,8.7063
16666,40.8503
16617,8.4319
16667,41.8708
16618,8.3399
16668,41.5122
16619,8.6298
16669,40.6874
16620,8.4990
16670,41.2296
16621,8.9992
16671,42.7226
16622,8.8070
16672,40.1800
16623,8.1788
16673,43.0246
16624,8.6615
16674,42.2138
16625,8.9089
16675,41.0240
16626,8.9521
16676,39.8907
16627,8.3130
16677,41.8714
16628,8.4655
16678,41.2690
16629,8.0925
16679,41.7089
16630,8.6487
16680,42.4622
16631,8.6168
16681,40.2620
16632,8.3121
16682,41.4080
16633,8.3828
16683,41.3904
16634,8.5179
16684,40.9718
16635,8.8535
16685,41.3878
16636,8.6566
16686,41.0393
16637,8.4496
16687,43.1752
16638,8.5028
16688,40.8762
16639,8.3183
16689,41.9639
16640,8.4581
16690,40.6711
16641,8.5104
16691,42.1677
16642,8.7661
16692,41.1001
16643,8.8714
16693,40.7307
16644,8.7198
16694,41.4073
16645,8.6543
16695,40.3096
16646,8.4867
16696,42.2065
16647,8.5873
16697,40.9560
16648,8.5761
16698,41.7947
16649,8.5128
16699,41.4344
16650,8.4808
16700,41.4266
16651,8.4499
16701,40.7670
16652,8.4717
16702,41.3708
16653,8.2642
16703,40.7756
16654,8.7407
16704,41.1505
16655,8.7165
16705,41.1736
16656,8.6132
16706,40.4347
16657,8.8196
16707,40.9468
16658,8.4856
16708,40.7583
16659,8.4280
16709,41.3139
16660,8.4385
16710,39.7661
16661,8.7100
16711,40.6349
16662,8.3839
16712,40.8897
16663,8.3735
16713,41.2424
16664,8.7118
16714,40.0584
16665,8.9091
16715,41.0546
16666,8.5672
16716,40.3197
16667,8.5805
16717,41.2711
16668,8.1624
16718,41.3927
16669,8.3590
16719,40.6303
16670,8.2327
16720,41.6588
16671,8.5481
16721,41.0251
16672,8.4292
16722,41.1165
16673,8.3628
16723,40.9843
16674,8.7285
16724,40.5980
16675,8.3033
16725,41.3056
16676,8.3331
16726,42.0199
16677,8.2804
16727,41.5409
16678,8.2637
16728,41.8486
16679,8.5853
16729,40.7868
16680,8.2213
16730,41.8108
16681,8.2529
16731,41.7383
16682,8.2899
16732,40.6625
16683,8.2846
16733,42.1347
16684,8.3337
16734,41.4086
16685,8.7417
16735,41.7212
16686,8.6356
16736,41.3427
16687,8.7653
16737,40.7590
16688,8.3532
16738,42.1543
16689,8.4564
16739,41.9223
16690,8.0994
16740,42.1105
16691,8.2764
16741,40.6572
16692,8.3855
16742,40.9626
16693,8.2582
16743,42.2855
16694,8.4250
16744,41.4917
16695,8.0590
16745,41.3622
16696,8.1494
16746,41.6626
16697,8.1303
16747,41.8095
16698,8.2773
16748,41.5426
16699,8.1755
16749,41.2547
16700,8.2203
16750,41.7713
16701,8.3121
16751,40.1290
16702,8.1668
16752,42.4185
16703,8.1705
16753,41.0519
16704,8.1780
16754,42.1917
16705,8.2626
16755,42.8169
16706,8.1973
16756,41.6034
16707,8.1146
16757,41.3068
16708,8.4829
16758,40.7772
16709,8.4219
16759,42.0939
16710,8.0773
16760,40.4525
16711,9.0123
16761,42.6618
16712,8.3777
16762,39.8629
16713,8.5565
16763,40.3390
16714,8.7318
16764,40.3940
16715,8.0344
16765,40.3508
16716,8.0430
16766,42.4993
16717,8.4015
16767,42.7118
16718,8.4867
16768,41.1036
16719,8.5192
16769,41.7112
16720,8.8521
16770,41.5536
16721,8.1810
16771,40.5300
16722,8.3428
16772,41.4788
16723,8.5205
16773,39.8812
16724,8.6449
16774,41.0403
16725,8.6414
16775,40.6746
16726,8.7424
16776,41.9087
16727,8.0664
16777,41.0670
16728,8.2117
16778,42.3159
16729,8.2052
16779,41.4613
16730,8.2391
16780,42.0141
16731,8.4071
16781,41.5769
16732,8.2050
16782,41.0972
16733,8.4203
16783,42.0034
16734,8.4144
16784,42.0633
16735,8.2353
16785,42.9392
16736,8.1843
16786,41.6991
16737,8.3748
16787,41.7891
16738,8.4184
16788,40.5574
16739,8.8018
16789,41.4437
16740,8.4021
16790,41.7431
16741,8.3998
16791,42.3207
16742,8.7643
16792,40.5444
16743,8.4992
16793,39.7562
16744,8.3820
16794,41.2266
16745,8.5419
16795,42.2178
16746,8.5289
16796,40.6792
16747,8.2745
16797,41.0910
16748,8.2460
16798,40.8831
16749,8.1519
16799,41.9699
16750,8.5948
16800,41.5994
16751,8.2329
16801,41.7278
16752,8.1626
16802,41.7534
16753,8.4404
16803,41.5662
16754,8.3072
16804,41.1773
16755,8.3070
16805,41.2768
16756,8.5351
16806,40.9158
16757,9.1012
16807,41.0343
16758,8.3042
16808,41.6668
16759,8.2692
16809,40.8652
16760,8.1192
16810,41.0134
16761,8.3748
16811,41.1306
16762,8.1468
16812,41.9259
16763,8.4106
16813,40.9424
16764,8.7794
16814,42.4816
16765,8.3753
16815,40.4691
16766,8.6740
16816,40.7661
16767,8.2711
16817,40.9936
16768,7.9433
16818,42.1846
16769,8.4606
16819,41.6520
16770,8.3467
16820,42.2266
16771,8.5450
16821,40.4757
16772,8.5443
16822,42.0994
16773,8.9314
16823,43.5763
16774,8.4132
16824,41.4956
16775,8.2665
16825,41.5418
16776,8.2029
16826,40.4627
16777,8.3225
16827,40.7490
16778,8.6215
16828,40.9394
16779,8.2675
16829,40.7544
16780,8.3759
16830,41.0106
16781,8.5211
16831,40.6662
16782,8.1199
16832,40.8668
16783,8.5907
16833,41.2131
16784,8.3574
16834,41.9633
16785,8.4638
16835,39.9964
16786,8.1233
16836,41.7237
16787,8.3556
16837,40.9228
16788,8.2238
16838,40.7502
16789,8.5909
16839,40.7252
16790,8.4893
16840,40.0612
16791,8.2885
16841,41.2722
16792,8.3898
16842,41.6278
16793,8.7047
16843,40.4933
16794,8.4831
16844,41.0761
16795,8.3215
16845,40.5511
16796,8.6124
16846,42.0157
16797,8.3853
16847,42.1891
16798,8.2012
16848,41.5748
16799,8.3033
16849,42.2988
16800,8.3844
16850,40.5645
16801,8.3374
16851,40.9720
16802,8.7088
16852,42.0471
16803,8.4307
16853,41.4419
16804,8.1012
16854,42.3263
16805,8.3449
16855,41.0146
16806,8.4299
16856,40.7026
16807,8.2395
16857,42.1182
16808,8.1550
16858,41.3522
16809,8.4132
16859,41.0644
16810,8.4321
16860,41.8221
16811,8.4903
16861,40.1333
16812,8.3293
16862,40.5972
16813,8.3018
16863,41.2364
16814,8.3370
16864,42.0152
16815,8.3619
16865,40.3069
16816,8.6231
16866,41.7907
16817,8.6404
16867,40.7408
16818,8.5276
16868,41.7152
16819,8.7445
16869,41.4294
16820,8.5766
16870,40.9441
16821,8.4400
16871,40.8354
16822,8.6275
16872,41.7731
16823,9.1698
16873,39.8104
16824,8.8730
16874,40.4570
16825,9.3520
16875,41.7725
16826,9.6383
16876,41.2718
16827,9.2866
16877,41.9781
16828,8.4285
16878,40.7973
16829,8.3537
16879,41.8708
16830,8.5389
16880,40.4225
16831,8.5844
16881,40.5876
16832,8.3321
16882,41.1127
16833,8.2575
16883,40.9759
16834,8.2831
16884,41.0433
16835,8.3266
16885,41.0385
16836,8.4811
16886,41.6152
16837,8.1244
16887,41.3279
16838,8.2584
16888,42.9940
16839,8.3989
16889,40.5969
16840,8.2210
16890,42.5787
16841,8.4121
16891,40.9079
16842,8.3141
16892,40.2222
16843,8.3318
16893,41.1938
16844,8.3053
16894,39.7181
16845,8.1587
16895,40.9959
16846,8.3063
16896,41.5191
16847,8.4520
16897,41.2098
16848,8.4938
16898,40.2161
16849,8.2585
16899,41.1254
16850,8.4255
16900,42.0971
16851,8.6729
16901,39.5617
16852,8.5447
16902,39.9125
16853,8.1080
16903,40.6872
16854,9.3430
16904,42.1095
16855,8.3993
16905,40.5402
16856,8.7973
16906,41.6355
16857,8.7010
16907,41.2408
16858,8.3201
16908,41.2754
16859,8.5544
16909,41.1344
16860,8.4778
16910,40.7387
16861,8.4609
16911,40.8512
16862,8.7106
16912,41.9681
16863,8.5168
16913,41.5870
16864,8.5739
16914,41.6759
16865,8.6213
16915,41.1564
16866,8.5669
16916,40.5688
16867,9.1298
16917,42.3946
16868,8.8249
16918,41.3619
16869,8.6007
16919,40.9760
16870,8.1517
16920,41.5917
16871,8.3340
16921,42.5198
16872,8.6245
16922,39.9979
16873,8.5656
16923,41.1207
16874,8.5126
16924,40.5431
16875,8.6647
16925,41.5845
16876,10.0604
16926,41.4063
16877,8.4409
16927,40.6006
16878,8.4105
16928,40.4883
16879,8.5160
16929,40.5197
16880,8.0405
16930,41.3384
16881,8.4814
16931,40.7190
16882,8.4872
16932,39.5276
16883,8.4640
16933,39.5697
16884,8.2096
16934,41.4267
16885,8.4231
16935,39.7807
16886,7.9943
16936,39.8832
16887,8.7766
16937,40.2578
16888,8.4790
16938,39.9510
16889,8.6514
16939,40.3727
16890,7.5268
16940,42.4884
16891,9.1201
16941,41.3568
16892,8.7763
16942,41.0463
16893,8.2731
16943,41.4225
16894,8.0601
16944,41.8557
16895,8.4339
16945,41.5857
16896,8.0301
16946,40.4097
16897,8.3890
16947,41.0339
16898,7.9949
16948,40.7491
16899,8.8374
16949,39.0895
16900,8.8525
16950,39.6236
16901,8.7294
16951,42.5542
16902,8.8184
16952,41.0852
16903,8.1575
16953,40.6311
16904,7.9192
16954,41.1931
16905,8.7928
16955,41.1297
16906,8.7021
16956,40.7635
16907,8.7936
16957,41.5520
16908,8.4222
16958,40.9253
16909,8.8819
16959,40.8007
16910,8.6646
16960,40.6904
16911,8.4807
16961,39.6536
16912,8.2660
16962,41.4361
16913,8.7106
16963,41.1769
16914,8.6973
16964,40.6780
16915,8.0833
16965,40.2338
16916,8.8347
16966,40.8487
16917,8.2760
16967,39.5298
16918,8.4249
16968,42.1478
16919,8.7262
16969,41.2731
16920,8.2344
16970,40.1731
16921,8.8830
16971,42.3863
16922,8.7751
16972,40.2928
16923,9.2522
16973,41.7794
16924,8.9694
16974,41.0730
16925,9.0752
16975,41.3293
16926,8.8548
16976,42.2015
16927,9.1744
16977,41.1660
16928,8.4227
16978,41.6840
16929,8.6440
16979,42.0178
16930,8.3876
16980,41.3343
16931,8.5988
16981,40.6258
16932,8.6217
16982,40.6844
16933,8.4873
16983,40.5757
16934,9.1136
16984,41.3948
16935,8.3069
16985,41.4427
16936,8.4929
16986,41.1416
16937,8.6020
16987,41.1147
16938,8.4998
16988,40.6184
16939,8.6280
16989,41.3422
16940,8.5136
16990,40.3637
16941,7.8305
16991,41.5371
16942,8.8883
16992,41.2106
16943,8.2672
16993,41.3766
16944,8.0228
16994,48.1603
16945,8.2862
16995,41.6917
16946,8.5756
16996,41.1186
16947,8.3730
16997,40.5906
16948,8.5311
16998,41.1350
16949,8.4962
16999,41.7863
16950,8.5611
17000,40.9339
16951,8.4725
17001,40.9434
16952,8.6267
17002,40.8608
16953,8.2005
17003,40.9490
16954,8.5807
17004,41.7068
16955,8.2779
17005,40.4324
16956,8.7426
17006,40.3793
16957,8.4392
17007,41.3201
16958,8.6282
17008,41.8056
16959,8.5118
17009,40.5091
16960,8.3324
17010,41.9866
16961,8.1715
17011,41.5142
16962,8.7422
17012,40.8887
16963,8.3143
17013,42.0153
16964,8.4863
17014,40.4705
16965,8.3223
17015,40.6616
16966,8.3372
17016,41.9005
16967,8.4438
17017,40.8582
16968,8.6017
17018,41.7280
16969,8.7367
17019,40.8147
16970,8.6739
17020,41.7557
16971,8.4370
17021,40.0583
16972,8.4670
17022,40.0494
16973,8.7315
17023,41.3409
16974,8.1675
17024,40.7156
16975,8.2251
17025,41.2236
16976,8.0968
17026,41.0802
16977,8.3316
17027,41.9118
16978,8.2567
17028,41.7354
16979,8.4015
17029,40.1494
16980,8.2648
17030,41.3292
16981,8.1894
17031,40.5971
16982,8.2807
17032,41.5011
16983,8.4337
17033,39.8459
16984,8.3681
17034,40.8798
16985,8.3424
17035,40.6751
16986,7.9914
17036,45.2181
16987,8.4384
17037,40.2436
16988,8.2486
17038,41.5213
16989,8.2222
17039,42.1973
16990,8.1954
17040,41.9514
16991,8.5392
17041,40.8215
16992,8.3823
17042,41.5537
16993,8.5115
17043,41.5465
16994,8.1176
17044,42.2025
16995,8.5215
17045,41.0839
16996,8.4781
17046,40.8922
16997,8.5194
17047,41.1528
16998,8.4519
17048,41.6298
16999,8.5709
17049,41.5828
17000,8.4124
17050,41.1870
17001,8.7658
17051,40.2233
17002,8.6628
17052,41.7266
17003,8.5581
17053,41.3288
17004,8.6189
17054,40.7778
17005,8.3107
17055,40.6496
17006,8.6331
17056,40.7019
17007,8.2743
17057,40.6320
17008,8.4672
17058,42.2470
17009,8.4024
17059,40.3922
17010,8.3979
17060,41.4230
17011,8.4227
17061,41.5123
17012,8.4752
17062,42.2240
17013,8.3633
17063,41.1211
17014,8.4916
17064,42.2165
17015,8.5487
17065,41.5498
17016,8.4151
17066,40.0582
17017,8.4928
17067,41.3698
17018,8.5516
17068,40.6789
17019,8.2389
17069,40.9926
17020,8.9198
17070,41.8709
17021,8.0545
17071,40.9694
17022,8.0663
17072,41.8146
17023,8.3388
17073,40.7462
17024,8.0098
17074,42.2804
17025,8.0215
17075,42.0991
17026,8.2601
17076,42.0504
17027,8.5274
17077,41.9793
17028,8.4955
17078,41.0254
17029,8.3072
17079,42.2798
17030,8.1640
17080,41.7780
17031,8.3096
17081,41.4067
17032,8.6078
17082,41.0628
17033,8.5409
17083,42.2432
17034,8.4353
17084,40.4687
17035,8.6080
17085,41.7429
17036,8.7197
17086,41.3462
17037,8.5589
17087,40.9004
17038,8.6965
17088,41.6474
17039,8.7151
17089,42.0952
17040,8.6068
17090,40.8522
17041,8.3714
17091,40.3887
17042,8.4319
17092,41.1266
17043,8.3369
17093,40.8913
17044,8.3019
17094,41.5948
17045,8.5115
17095,41.7604
17046,8.5235
17096,42.3550
17047,8.5402
17097,40.4727
17048,8.5336
17098,41.4594
17049,8.2886
17099,41.6521
17050,8.3026
17100,41.8331
17051,8.4899
17101,41.8255
17052,8.4008
17102,40.8030
17053,8.3987
17103,40.0506
17054,8.4519
17104,41.6935
17055,8.4378
17105,41.8457
17056,8.4852
17106,41.4332
17057,8.3256
17107,42.0471
17058,8.2200
17108,41.5389
17059,8.1305
17109,41.4475
17060,8.2649
17110,40.3731
17061,8.1852
17111,41.7077
17062,8.0633
17112,42.1609
17063,8.4939
17113,40.5028
17064,8.0688
17114,41.0370
17065,7.9396
17115,41.1379
17066,8.6017
17116,43.6350
17067,8.0925
17117,41.3485
17068,8.2624
17118,41.0752
17069,8.3197
17119,41.7555
17070,8.4929
17120,40.9631
17071,8.4042
17121,41.6130
17072,8.6710
17122,40.7343
17073,8.1997
17123,41.1981
17074,8.5948
17124,40.7235
17075,8.2272
17125,40.5782
17076,8.3900
17126,41.2625
17077,8.2015
17127,41.0543
17078,8.2869
17128,40.3322
17079,8.3691
17129,40.5427
17080,8.5203
17130,40.6859
17081,8.1951
17131,41.9140
17082,8.3875
17132,41.5741
17083,8.4375
17133,40.3900
17084,8.3109
17134,41.1068
17085,8.6213
17135,41.5317
17086,8.4505
17136,40.5092
17087,8.1612
17137,41.6615
17088,8.2190
17138,41.5939
17089,8.4219
17139,41.4154
17090,8.7377
17140,41.4416
17091,8.3732
17141,40.9125
17092,8.2822
17142,41.4816
17093,8.2001
17143,41.0558
17094,8.4275
17144,40.4420
17095,8.1204
17145,41.1671
17096,8.4963
17146,41.9452
17097,8.5144
17147,42.1165
17098,8.2091
17148,41.1161
17099,8.3345
17149,40.6765
17100,8.3700
17150,41.6421
17101,8.5136
17151,42.2066
17102,8.4632
17152,40.7107
17103,8.6849
17153,40.5904
17104,8.2270
17154,41.2208
17105,8.5752
17155,41.9266
17106,8.8097
17156,40.9277
17107,8.6525
17157,41.1466
17108,8.4090
17158,40.7642
17109,8.8132
17159,40.5171
17110,8.1761
17160,41.4008
17111,8.5100
17161,40.7606
17112,8.1982
17162,41.3560
17113,8.4948
17163,41.8551
17114,8.5238
17164,40.8745
17115,8.5495
17165,39.9707
17116,8.5590
17166,40.9857
17117,8.5032
17167,39.8698
17118,8.5499
17168,42.3531
17119,8.4979
17169,40.9579
17120,8.4110
17170,40.3973
17121,8.7556
17171,40.8660
17122,8.6389
17172,41.1632
17123,8.7290
17173,40.4540
17124,8.3449
17174,41.2306
17125,8.6399
17175,41.5605
17126,8.6462
17176,41.2220
17127,8.6537
17177,41.3513
17128,8.4028
17178,41.2186
17129,8.3805
17179,41.3228
17130,8.6382
17180,41.6412
17131,8.3225
17181,41.6584
17132,8.3422
17182,41.1881
17133,8.3109
17183,41.9300
17134,8.3488
17184,41.1066
17135,8.2587
17185,40.8298
17136,8.3286
17186,40.7489
17137,8.3959
17187,41.4486
17138,8.6419
17188,40.8411
17139,8.2033
17189,41.5653
17140,8.4333
17190,41.6477
17141,8.5380
17191,41.4299
17142,8.3335
17192,40.0988
17143,9.0421
17193,41.5949
17144,8.6398
17194,41.6129
17145,8.4216
17195,41.6128
17146,8.2425
17196,41.1536
17147,8.5040
17197,42.6429
17148,8.2008
17198,40.9114
17149,8.2192
17199,42.3334
17150,8.4209
17200,41.9198
17151,8.5004
17201,41.6406
17152,8.4541
17202,41.5628
17153,8.4233
17203,41.0539
17154,8.1721
17204,41.1424
17155,8.0610
17205,41.9323
17156,9.0049
17206,41.6276
17157,8.3751
17207,41.3450
17158,8.6337
17208,42.9261
17159,8.6934
17209,40.8343
17160,8.1905
17210,40.9843
17161,8.2071
17211,41.6696
17162,8.4354
17212,42.3599
17163,8.5310
17213,41.3237
17164,8.5642
17214,42.4815
17165,8.7950
17215,41.0267
17166,8.6765
17216,41.6086
17167,8.2835
17217,42.2798
17168,8.6015
17218,41.5459
17169,8.3789
17219,41.7479
17170,8.3280
17220,40.8648
17171,8.5798
17221,40.8366
17172,8.4261
17222,42.0424
17173,8.5322
17223,41.7591
17174,8.6170
17224,41.8018
17175,9.3495
17225,41.4496
17176,8.8692
17226,40.6651
17177,8.3715
17227,41.4301
17178,8.2638
17228,41.6191
17179,8.4442
17229,41.0608
17180,8.3901
17230,40.5346
17181,8.7382
17231,41.8604
17182,8.8700
17232,41.9371
17183,9.0444
17233,40.9856
17184,8.2588
17234,42.0562
17185,8.6539
17235,41.0177
17186,8.7444
17236,41.4208
17187,8.3644
17237,41.7216
17188,8.4412
17238,40.8639
17189,8.5729
17239,41.7907
17190,8.2377
17240,41.4289
17191,8.2731
17241,40.3503
17192,8.5674
17242,39.9860
17193,8.1894
17243,43.5307
17194,8.5782
17244,41.4556
17195,8.2454
17245,41.5158
17196,8.2906
17246,41.3779
17197,8.4736
17247,41.7106
17198,8.5537
17248,41.9155
17199,8.4944
17249,42.1127
17200,8.1252
17250,41.7293
17201,8.5253
17251,40.9162
17202,8.5493
17252,40.7206
17203,8.2393
17253,40.7902
17204,8.2196
17254,41.0517
17205,8.6531
17255,42.9110
17206,8.8429
17256,41.4020
17207,8.5691
17257,41.1707
17208,8.4007
17258,41.7472
17209,8.3582
17259,40.8513
17210,8.4526
17260,41.2976
17211,8.6993
17261,40.8097
17212,8.3084
17262,42.4349
17213,8.5934
17263,41.0904
17214,8.7773
17264,40.5071
17215,8.6939
17265,41.2169
17216,8.4999
17266,41.7720
17217,8.6462
17267,42.7447
17218,8.6495
17268,41.5125
17219,8.3572
17269,40.0603
17220,8.6152
17270,40.1614
17221,8.9596
17271,41.1027
17222,8.7013
17272,40.9012
17223,8.6689
17273,41.9151
17224,8.7554
17274,42.5497
17225,8.3116
17275,42.9976
17226,8.3968
17276,42.2978
17227,8.6093
17277,42.5607
17228,8.4124
17278,41.8501
17229,8.7255
17279,41.0120
17230,8.4288
17280,41.1233
17231,8.2854
17281,41.8637
17232,8.4033
17282,40.9943
17233,8.2393
17283,42.1567
17234,8.5913
17284,42.6602
17235,8.3903
17285,41.3496
17236,8.6889
17286,40.2218
17237,8.6014
17287,42.1331
17238,8.4843
17288,42.1127
17239,8.4544
17289,41.0742
17240,8.5985
17290,42.3060
17241,8.4398
17291,42.7645
17242,8.5451
17292,41.2120
17243,8.6855
17293,42.8771
17244,8.8364
17294,40.7515
17245,8.6449
17295,40.7460
17246,8.8425
17296,41.7142
17247,8.3343
17297,41.5206
17248,8.6223
17298,41.9244
17249,8.5802
17299,42.4878
17250,8.3292
17300,43.2771
17251,8.1874
17301,41.6849
17252,8.2561
17302,42.6556
17253,8.2891
17303,41.3871
17254,8.6348
17304,41.4932
17255,8.2294
17305,41.2377
17256,8.8847
17306,40.5700
17257,8.3408
17307,41.9148
17258,8.4333
17308,41.4006
17259,8.6617
17309,42.8595
17260,8.6389
17310,41.1928
17261,8.5626
17311,43.0084
17262,8.6207
17312,42.2400
17263,8.4865
17313,41.7737
17264,8.6060
17314,40.9677
17265,8.4161
17315,41.6833
17266,8.6407
17316,41.5082
17267,8.4284
17317,41.7854
17268,8.3658
17318,41.8737
17269,8.4093
17319,40.4840
17270,8.5603
17320,41.2939
17271,8.6655
17321,41.0792
17272,8.5233
17322,41.1200
17273,8.2888
17323,40.3366
17274,8.9342
17324,41.0090
17275,8.5862
17325,40.9270
17276,8.3071
17326,41.3617
17277,8.3166
17327,40.7102
17278,8.2254
17328,40.5827
17279,8.1791
17329,41.2325
17280,8.4666
17330,41.7464
17281,8.4774
17331,41.0049
17282,8.5235
17332,41.5674
17283,8.8546
17333,41.5101
17284,8.3614
17334,40.8944
17285,8.4682
17335,41.3460
17286,8.7326
17336,41.2614
17287,8.5483
17337,40.7547
17288,8.7864
17338,40.6563
17289,8.2434
17339,41.6559
17290,8.3729
17340,41.3527
17291,8.7842
17341,41.2373
17292,8.3811
17342,40.8079
17293,8.4208
17343,41.4913
17294,8.1914
17344,42.2473
17295,8.2689
17345,40.3678
17296,8.4024
17346,42.3152
17297,8.6902
17347,41.4782
17298,8.3427
17348,41.4545
17299,8.7178
17349,41.3073
17300,8.3852
17350,41.0449
17301,8.7601
17351,42.1983
17302,8.5018
17352,41.0328
17303,8.6024
17353,41.6827
17304,8.6542
17354,40.5628
17305,8.6169
17355,41.0563
17306,8.4508
17356,42.1793
17307,8.5279
17357,41.3116
17308,8.6291
17358,41.3014
17309,8.3909
17359,41.9832
17310,8.2799
17360,41.6823
17311,8.2646
17361,41.1957
17312,8.2403
17362,41.2847
17313,8.2527
17363,41.6798
17314,8.3018
17364,40.5833
17315,8.2570
17365,41.5552
17316,8.4182
17366,40.7993
17317,8.3053
17367,42.4835
17318,8.2886
17368,42.3068
17319,8.2848
17369,41.5308
17320,8.2887
17370,40.6856
17321,8.1446
17371,41.6060
17322,8.3779
17372,41.7346
17323,8.6637
17373,40.9156
17324,8.4286
17374,40.7813
17325,8.3329
17375,40.1149
17326,8.2356
17376,40.0195
17327,8.2101
17377,40.4172
17328,8.3603
17378,39.8511
17329,8.5835
17379,43.3747
17330,8.8507
17380,43.1712
17331,8.3135
17381,41.3878
17332,8.4477
17382,41.0096
17333,8.7307
17383,40.9763
17334,8.7047
17384,40.5589
17335,8.3531
17385,41.2828
17336,8.8270
17386,40.3628
17337,8.9325
17387,40.5520
17338,8.4638
17388,40.8508
17339,8.1830
17389,42.2534
17340,8.6414
17390,40.5717
17341,8.6082
17391,42.5782
17342,8.4641
17392,41.4005
17343,8.5070
17393,41.5970
17344,8.2773
17394,41.9886
17345,8.3594
17395,41.0770
17346,8.7140
17396,41.3046
17347,8.6121
17397,41.9687
17348,8.4762
17398,42.8971
17349,8.4645
17399,42.1349
17350,8.6761
17400,41.7501
17351,8.6089
17401,40.4200
17352,8.4022
17402,41.2849
17353,8.7197
17403,40.8683
17354,9.0171
17404,41.8094
17355,8.6848
17405,40.4239
17356,8.5669
17406,40.1326
17357,8.5418
17407,40.8508
17358,8.3996
17408,42.4365
17359,8.5490
17409,41.0530
17360,8.6496
17410,40.6454
17361,8.4784
17411,41.3219
17362,8.5258
17412,41.5258
17363,8.4233
17413,42.1775
17364,8.7328
17414,40.9846
17365,8.6921
17415,41.7542
17366,8.9089
17416,41.9479
17367,8.7010
17417,41.1953
17368,8.3616
17418,41.3184
17369,8.7135
17419,41.3442
17370,8.8880
17420,41.3149
17371,8.4903
17421,41.8905
17372,10.2020
17422,40.7992
17373,8.9058
17423,40.3929
17374,8.4020
17424,41.3877
17375,8.4667
17425,41.4687
17376,8.3092
17426,41.4760
17377,8.3984
17427,41.8054
17378,8.3954
17428,40.6156
17379,8.5483
17429,41.1513
17380,8.4201
17430,41.4842
17381,8.7876
17431,41.3836
17382,8.5792
17432,41.4052
17383,8.5479
17433,42.2026
17384,8.6425
17434,41.3772
17385,8.5195
17435,42.4734
17386,8.8782
17436,41.8738
17387,8.3658
17437,41.7642
17388,8.8510
17438,41.2744
17389,8.7265
17439,40.6080
17390,8.4364
17440,40.2424
17391,8.7634
17441,41.5747
17392,8.8887
17442,40.0596
17393,8.2650
17443,41.5205
17394,9.0962
17444,40.5717
17395,8.5613
17445,40.8160
17396,8.0306
17446,41.6662
17397,8.2680
17447,41.9732
17398,8.4930
17448,40.9700
17399,8.0868
17449,41.4967
17400,8.2149
17450,41.4933
17401,8.7043
17451,41.1997
17402,8.4688
17452,41.2461
17403,8.3452
17453,40.5210
17404,8.5305
17454,40.9375
17405,8.4422
17455,41.2638
17406,8.2747
17456,40.2618
17407,8.0852
17457,41.7632
17408,8.1136
17458,40.4535
17409,8.1801
17459,41.1244
17410,8.1958
17460,43.2211
17411,8.2028
17461,41.5472
17412,8.1990
17462,42.1828
17413,8.1391
17463,41.0636
17414,8.1113
17464,41.0960
17415,8.0437
17465,41.7322
17416,8.1347
17466,41.5514
17417,8.0610
17467,42.1468
17418,8.0540
17468,41.4679
17419,8.1387
17469,40.0704
17420,8.0329
17470,42.3096
17421,7.9946
17471,41.4180
17422,7.9452
17472,41.0243
17423,7.9961
17473,41.4920
17424,8.3163
17474,40.9459
17425,8.1126
17475,41.4704
17426,8.1490
17476,41.2123
17427,8.4707
17477,41.8710
17428,8.1529
17478,39.8344
17429,8.2293
17479,42.4040
17430,8.4296
17480,41.7800
17431,8.5409
17481,40.9224
17432,8.5662
17482,41.5807
17433,8.3348
17483,40.5302
17434,8.4965
17484,41.2489
17435,8.4423
17485,40.3838
17436,9.2641
17486,40.3796
17437,8.2282
17487,41.2686
17438,7.8763
17488,44.5585
17439,8.3246
17489,40.4146
17440,8.2734
17490,40.6140
17441,8.6310
17491,40.6646
17442,8.4471
17492,41.8327
17443,8.1886
17493,40.4872
17444,8.4514
17494,40.7337
17445,8.1841
17495,41.2196
17446,7.9460
17496,43.6384
17447,8.4933
17497,41.0409
17448,8.9955
17498,41.5957
17449,9.1929
17499,42.0508
17450,8.4447
17500,41.4040
17451,8.6904
17501,42.5065
17452,8.4779
17502,41.3713
17453,8.7484
17503,41.8949
17454,8.5615
17504,41.2213
17455,8.4523
17505,40.8313
17456,8.6443
17506,41.0203
17457,8.4282
17507,40.3500
17458,8.3590
17508,40.5539
17459,8.2321
17509,43.1910
17460,8.2346
17510,40.8028
17461,8.2496
17511,40.9980
17462,8.4934
17512,40.5019
17463,8.1173
17513,42.3459
17464,8.3371
17514,40.4272
17465,9.5581
17515,41.8959
17466,8.5603
17516,41.0330
17467,8.4132
17517,41.7261
17468,8.5415
17518,41.1845
17469,8.5258
17519,41.3369
17470,8.7594
17520,41.0912
17471,8.6310
17521,41.8531
17472,8.7073
17522,40.9888
17473,8.6992
17523,41.5423
17474,8.1618
17524,41.5170
17475,8.6417
17525,41.4098
17476,8.2654
17526,41.3989
17477,8.5596
17527,40.8173
17478,8.5482
17528,41.9622
17479,8.4763
17529,40.7950
17480,8.7749
17530,42.2238
17481,8.5265
17531,41.8961
17482,8.6135
17532,41.2436
17483,8.4351
17533,41.3438
17484,8.1964
17534,42.1347
17485,8.6411
17535,40.5331
17486,8.7400
17536,41.6490
17487,8.4488
17537,40.7620
17488,8.5535
17538,41.5362
17489,8.6263
17539,40.8245
17490,8.6929
17540,40.8319
17491,8.4948
17541,40.9658
17492,8.6577
17542,40.6074
17493,8.4982
17543,41.0720
17494,8.5497
17544,41.5261
17495,8.8006
17545,39.8454
17496,8.1071
17546,41.3017
17497,8.7071
17547,41.7904
17498,8.6082
17548,41.7566
17499,8.8572
17549,40.6314
17500,8.4832
17550,41.1254
17501,8.4781
17551,40.7420
17502,8.5295
17552,40.7430
17503,8.7524
17553,42.8079
17504,8.6671
17554,41.1518
17505,8.5589
17555,41.6687
17506,8.5228
17556,42.2835
17507,8.4883
17557,41.6275
17508,8.6478
17558,41.5002
17509,8.1870
17559,40.9850
17510,8.6157
17560,41.7173
17511,8.4126
17561,41.0148
17512,8.3930
17562,39.9968
17513,8.5756
17563,40.8471
17514,8.7151
17564,42.0343
17515,8.4538
17565,42.3181
17516,8.6451
17566,41.4824
17517,8.3921
17567,41.6175
17518,8.4850
17568,41.2591
17519,8.8066
17569,41.1590
17520,8.4103
17570,41.3036
17521,8.8468
17571,41.6541
17522,8.7261
17572,41.7698
17523,8.4737
17573,41.0089
17524,8.3599
17574,41.0723
17525,8.6088
17575,41.4691
17526,8.5341
17576,41.6013
17527,8.7111
17577,40.3549
17528,8.4048
17578,40.8428
17529,8.6835
17579,40.2989
17530,8.7457
17580,40.1411
17531,9.0511
17581,41.2393
17532,8.5356
17582,41.4797
17533,8.7283
17583,41.6083
17534,8.0394
17584,42.4554
17535,8.2500
17585,41.0132
17536,8.6098
17586,40.9868
17537,8.7793
17587,41.7144
17538,8.6592
17588,42.2581
17539,8.7443
17589,41.2198
17540,8.3782
17590,40.6771
17541,8.5148
17591,40.8250
17542,8.5538
17592,41.8078
17543,8.5661
17593,41.3960
17544,8.6436
17594,40.8410
17545,8.6527
17595,40.7367
17546,8.6214
17596,41.1342
17547,8.4361
17597,41.7511
17548,8.2554
17598,42.2090
17549,8.6792
17599,40.2866
17550,8.6150
17600,41.8110
17551,8.5048
17601,41.5551
17552,8.4477
17602,41.6569
17553,8.4722
17603,41.4483
17554,8.2897
17604,40.7994
17555,8.7268
17605,40.0158
17556,8.2839
17606,41.9916
17557,8.4265
17607,41.5584
17558,8.5038
17608,41.4235
17559,8.7403
17609,40.9060
17560,8.7925
17610,40.5430
17561,8.3185
17611,41.8758
17562,8.4959
17612,41.7984
17563,8.5737
17613,40.4814
17564,8.6515
17614,41.3604
17565,8.6228
17615,40.8104
17566,8.2060
17616,41.2996
17567,8.3710
17617,41.9185
17568,8.4901
17618,40.3370
17569,8.6757
17619,40.5555
17570,8.4707
17620,41.2025
17571,8.7515
17621,41.4988
17572,8.6208
17622,39.7510
17573,8.1501
17623,41.5814
17574,8.8785
17624,41.7171
17575,8.4057
17625,41.9362
17576,8.4572
17626,41.9762
17577,8.3821
17627,41.3755
17578,8.3425
17628,41.2913
17579,8.5142
17629,41.5124
17580,8.8696
17630,41.0190
17581,8.7354
17631,41.7094
17582,8.7513
17632,41.6138
17583,8.4039
17633,41.7363
17584,8.6345
17634,40.7828
17585,8.6615
17635,40.2579
17586,8.6078
17636,40.9556
17587,8.3952
17637,41.2981
17588,8.7699
17638,40.6087
17589,8.3216
17639,41.9675
17590,8.2676
17640,41.4457
17591,8.3138
17641,42.3577
17592,8.4069
17642,40.1186
17593,8.3543
17643,41.0309
17594,8.7209
17644,40.5629
17595,8.5629
17645,41.0325
17596,8.4649
17646,40.8260
17597,8.5686
17647,41.1482
17598,8.3678
17648,40.7596
17599,8.7191
17649,41.6204
17600,8.8204
17650,40.2684
17601,8.6288
17651,41.0819
17602,8.4515
17652,41.5241
17603,8.6897
17653,41.6536
17604,8.7985
17654,41.9424
17605,8.6104
17655,41.2465
17606,8.3191
17656,41.7165
17607,8.5536
17657,42.2468
17608,8.4460
17658,41.0422
17609,8.4845
17659,41.4009
17610,8.6098
17660,41.5008
17611,8.3127
17661,42.0745
17612,8.2223
17662,41.7408
17613,8.3856
17663,41.1079
17614,8.7076
17664,39.7409
17615,8.1400
17665,42.0450
17616,8.7824
17666,41.5056
17617,8.4082
17667,41.2292
17618,8.3330
17668,40.7672
17619,8.6682
17669,39.9327
17620,8.8006
17670,40.9293
17621,8.4607
17671,44.3204
17622,8.7971
17672,41.2846
17623,8.5033
17673,40.2602
17624,8.4378
17674,41.8966
17625,8.4139
17675,41.6874
17626,8.2908
17676,40.9681
17627,8.5676
17677,42.0199
17628,8.8144
17678,40.2599
17629,9.2250
17679,39.4095
17630,8.5371
17680,41.3224
17631,8.6446
17681,40.6296
17632,8.7391
17682,41.3626
17633,8.4492
17683,41.4320
17634,8.4436
17684,40.5272
17635,8.4907
17685,41.7035
17636,8.4178
17686,40.2601
17637,8.4281
17687,41.9698
17638,8.5656
17688,41.6123
17639,8.3249
17689,42.5585
17640,8.2717
17690,41.8973
17641,8.3518
17691,40.9262
17642,8.2866
17692,41.7524
17643,8.4049
17693,41.6706
17644,8.4301
17694,41.4288
17645,8.2278
17695,41.0238
17646,8.4027
17696,42.1260
17647,8.3325
17697,40.7526
17648,8.6777
17698,41.5129
17649,8.4616
17699,41.2798
17650,8.6875
17700,41.0682
17651,8.6498
17701,41.4571
17652,8.4932
17702,41.8195
17653,8.6201
17703,39.8214
17654,8.4844
17704,41.4775
17655,8.7821
17705,41.2515
17656,8.6883
17706,40.8400
17657,8.7616
17707,41.5972
17658,8.6731
17708,40.0782
17659,8.1794
17709,40.8484
17660,8.2148
17710,39.8770
17661,8.2752
17711,40.6223
17662,7.9385
17712,40.9722
17663,7.6709
17713,41.2067
17664,7.8765
17714,40.4813
17665,7.7731
17715,39.4114
17666,7.9337
17716,39.7466
17667,7.9720
17717,40.7125
17668,7.7689
17718,41.0874
17669,8.0704
17719,40.0486
17670,8.1014
17720,41.4778
17671,8.3312
17721,40.3882
17672,7.8669
17722,40.6978
17673,7.8415
17723,39.9134
17674,7.8510
17724,40.2497
17675,7.3149
17725,41.7511
17676,7.9534
17726,39.6935
17677,8.0295
17727,39.9080
17678,8.2041
17728,40.1773
17679,8.1288
17729,42.1888
17680,7.7824
17730,38.9780
17681,7.7507
17731,41.3180
17682,8.0677
17732,40.7791
17683,7.8281
17733,39.4444
17684,7.9714
17734,40.4722
17685,7.8501
17735,40.6590
17686,8.0447
17736,40.0000
17687,7.9727
17737,39.7700
17688,7.9844
17738,39.6029
17689,8.2740
17739,40.5508
17690,7.8140
17740,40.0159
17691,7.9699
17741,39.4590
17692,7.8293
17742,39.4569
17693,7.6672
17743,39.8797
17694,7.8449
17744,40.7033
17695,7.9456
17745,39.1550
17696,7.6974
17746,39.9288
17697,7.9324
17747,40.9055
17698,8.0086
17748,39.6801
17699,8.1398
17749,39.8783
17700,8.1269
17750,40.8879
17701,8.0621
17751,40.1148
17702,8.0800
17752,40.5790
17703,8.1487
17753,39.4185
17704,7.9431
17754,39.1126
17705,8.5266
17755,42.7863
17706,7.7714
17756,40.9622
17707,7.9114
17757,40.2421
17708,7.6948
17758,40.2998
17709,8.1999
17759,41.1778
17710,7.7264
17760,41.6595
17711,7.9793
17761,40.5491
17712,7.8152
17762,39.2010
17713,8.3097
17763,40.7171
17714,7.8931
17764,40.4971
17715,7.9966
17765,39.7170
17716,8.0737
17766,40.5514
17717,7.8536
17767,40.4722
17718,8.0390
17768,41.0559
17719,8.2659
17769,40.0439
17720,8.0094
17770,39.5080
17721,7.7991
17771,40.8124
17722,7.9997
17772,40.4265
17723,8.1279
17773,39.2018
17724,8.0892
17774,40.0724
17725,7.9119
17775,39.7010
17726,8.1191
17776,41.0370
17727,8.1996
17777,39.9195
17728,7.9320
17778,39.8887
17729,8.0029
17779,38.5242
17730,7.7076
17780,39.2542
17731,7.6885
17781,40.6421
17732,7.8576
17782,40.5291
17733,8.0027
17783,40.5591
17734,8.0307
17784,39.1312
17735,8.2823
17785,39.7990
17736,8.3009
17786,39.3662
17737,8.0258
17787,38.2499
17738,7.7120
17788,40.8274
17739,8.0072
17789,40.0581
17740,7.9298
17790,40.7142
17741,8.1520
17791,40.0428
17742,8.1159
17792,39.9402
17743,7.8887
17793,40.2049
17744,9.2850
17794,42.7754
17745,7.9654
17795,40.5188
17746,8.2759
17796,40.3186
17747,7.9390
17797,40.2845
17748,8.1675
17798,39.9645
17749,8.4821
17799,39.3595
17750,8.1104
17800,39.5720
17751,8.2253
17801,39.7439
17752,8.1016
17802,40.6032
17753,8.0388
17803,41.1435
17754,8.0237
17804,39.6241
17755,8.2218
17805,40.2174
17756,7.8311
17806,40.1161
17757,7.8453
17807,41.5834
17758,7.9930
17808,40.1064
17759,7.9095
17809,40.0201
17760,8.1348
17810,41.3999
17761,8.1418
17811,39.9624
17762,8.0471
17812,42.0599
17763,8.1150
17813,40.9037
17764,8.2369
17814,40.4105
17765,8.2923
17815,39.6193
17766,8.0345
17816,39.1887
17767,7.8937
17817,40.1284
17768,7.7320
17818,40.4111
17769,8.0618
17819,39.6048
17770,7.9175
17820,39.3515
17771,8.1818
17821,41.8289
17772,8.1939
17822,40.2120
17773,8.4257
17823,39.3605
17774,8.1338
17824,40.1497
17775,7.9757
17825,40.3285
17776,7.8547
17826,39.7637
17777,8.5350
17827,40.4686
17778,8.4032
17828,39.7503
17779,8.1421
17829,40.6109
17780,8.2276
17830,40.7729
17781,8.2089
17831,40.2773
17782,8.1628
17832,40.1870
17783,8.0834
17833,40.5101
17784,8.2355
17834,38.9405
17785,8.1247
17835,39.9820
17786,8.5088
17836,40.3798
17787,8.2179
17837,40.5208
17788,8.2259
17838,40.7226
17789,7.8079
17839,40.1218
17790,7.9268
17840,39.6462
17791,7.9465
17841,39.5410
17792,8.3347
17842,39.6259
17793,7.9868
17843,40.1491
17794,7.8665
17844,40.8575
17795,8.2300
17845,40.8545
17796,7.7999
17846,39.2753
17797,8.2691
17847,40.4769
17798,8.0955
17848,39.5734
17799,8.0298
17849,39.6620
17800,8.2734
17850,40.8912
17801,8.2965
17851,39.6617
17802,8.0329
17852,40.7891
17803,7.9916
17853,40.3428
17804,8.1675
17854,40.1051
17805,7.7570
17855,38.8900
17806,8.3502
17856,42.0654
17807,7.9596
17857,39.8502
17808,8.1189
17858,39.5526
17809,7.9021
17859,39.7749
17810,7.9788
17860,40.8543
17811,8.0655
17861,40.7148
17812,8.1984
17862,40.8821
17813,8.1624
17863,39.2323
17814,7.9651
17864,40.6168
17815,8.2426
17865,39.6001
17816,8.0033
17866,39.9077
17817,7.9877
17867,40.2351
17818,7.9600
17868,40.8787
17819,8.2585
17869,40.1722
17820,7.8378
17870,39.6559
17821,7.8948
17871,40.4941
17822,8.3626
17872,39.9550
17823,8.0706
17873,41.1409
17824,7.9386
17874,40.0166
17825,8.1119
17875,40.6527
17826,8.1257
17876,40.5098
17827,8.3026
17877,40.6262
17828,8.0110
17878,39.7255
17829,8.2136
17879,41.4771
17830,8.2777
17880,41.5537
17831,7.7774
17881,40.5466
17832,8.3454
17882,39.6123
17833,8.1002
17883,38.4500
17834,8.0979
17884,40.7981
17835,8.1064
17885,39.9293
17836,8.1195
17886,40.3304
17837,7.9682
17887,40.5849
17838,7.9495
17888,41.8106
17839,8.3706
17889,41.2174
17840,8.1242
17890,41.2001
17841,7.8286
17891,40.2093
17842,8.0810
17892,40.1884
17843,8.1238
17893,40.7516
17844,7.6667
17894,40.1041
17845,7.8001
17895,39.7781
17846,7.8446
17896,40.4198
17847,7.9926
17897,42.3861
17848,7.7975
17898,39.5279
17849,8.1223
17899,39.3051
17850,8.1982
17900,41.3136
17851,8.4196
17901,40.3200
17852,8.2729
17902,39.9717
17853,8.0793
17903,40.6201
17854,8.3564
17904,40.6509
17855,7.9524
17905,40.2594
17856,8.1166
17906,41.0149
17857,8.1213
17907,39.9563
17858,8.1454
17908,40.5540
17859,7.8705
17909,40.4482
17860,8.0492
17910,40.0011
17861,8.1807
17911,40.5454
17862,7.9151
17912,41.2890
17863,8.2633
17913,41.3271
17864,8.0159
17914,40.7618
17865,8.2506
17915,41.3672
17866,7.9886
17916,39.9368
17867,7.9868
17917,40.6598
17868,7.9062
17918,39.5179
17869,8.2745
17919,40.1723
17870,7.7982
17920,40.8003
17871,8.0138
17921,39.3016
17872,7.8284
17922,42.5789
17873,8.1529
17923,40.3038
17874,7.6886
17924,42.4300
17875,7.7069
17925,40.6948
17876,7.9776
17926,40.1759
17877,8.1037
17927,39.8483
17878,7.8823
17928,40.2957
17879,8.0925
17929,40.3238
17880,7.9951
17930,39.8034
17881,8.3202
17931,40.7479
17882,8.2557
17932,39.8437
17883,8.3469
17933,40.2404
17884,7.9406
17934,39.9136
17885,7.8419
17935,39.6131
17886,7.9230
17936,39.2759
17887,8.0031
17937,40.4369
17888,8.1849
17938,40.6263
17889,7.9210
17939,39.9944
17890,7.8073
17940,39.6255
17891,7.7921
17941,40.4418
17892,7.8981
17942,40.2416
17893,7.7864
17943,40.4580
17894,8.2108
17944,39.5205
17895,7.8830
17945,40.4162
17896,8.0120
17946,40.1854
17897,8.0518
17947,40.6733
17898,7.8749
17948,40.5830
17899,8.2727
17949,40.0866
17900,8.4615
17950,39.7051
17901,8.0830
17951,39.6687
17902,7.8656
17952,40.9053
17903,8.3227
17953,40.8668
17904,7.8706
17954,40.3503
17905,7.8899
17955,39.1374
17906,7.5702
17956,41.1651
17907,9.1174
17957,43.9941
17908,8.2183
17958,40.6256
17909,7.9511
17959,40.9132
17910,7.7846
17960,39.4524
17911,7.9214
17961,40.4357
17912,7.7738
17962,40.9320
17913,8.5398
17963,40.4065
17914,7.9886
17964,41.9303
17915,8.0746
17965,40.3825
17916,7.8756
17966,40.7151
17917,7.8283
17967,38.3051
17918,7.8793
17968,39.8102
17919,7.7604
17969,41.4035
17920,7.8712
17970,40.8872
17921,8.1230
17971,40.2713
17922,7.9212
17972,40.7694
17923,8.2117
17973,40.8639
17924,8.1586
17974,40.5827
17925,7.8406
17975,39.8763
17926,8.1392
17976,41.2117
17927,8.2162
17977,39.2019
17928,8.1091
17978,40.9917
17929,7.8476
17979,40.5133
17930,7.8577
17980,41.0364
17931,7.6993
17981,41.3098
17932,7.9035
17982,40.2546
17933,8.0444
17983,40.0942
17934,7.8994
17984,40.5566
17935,8.1296
17985,40.1049
17936,7.9784
17986,39.5959
17937,8.2789
17987,39.7253
17938,7.7477
17988,38.4327
17939,7.8288
17989,37.6589
17940,7.7613
17990,38.4437
17941,7.5721
17991,36.6737
17942,7.6951
17992,36.9080
17943,8.0340
17993,37.1213
17944,7.9868
17994,37.4123
17945,7.7536
17995,36.8620
17946,7.6823
17996,36.8761
17947,7.7037
17997,36.4184
17948,7.9723
17998,36.9289
17949,8.2676
17999,36.7719
17950,7.7710
18000,36.7496
17951,7.8215
18001,36.5167
17952,7.9615
18002,37.0709
17953,7.7664
18003,36.7518
17954,7.5675
18004,37.8260
17955,7.9531
18005,37.0008
17956,7.6057
18006,36.9814
17957,7.6325
18007,36.9409
17958,7.4783
18008,37.0748
17959,7.6904
18009,37.1752
17960,7.7940
18010,37.4847
17961,7.6368
18011,38.0686
17962,7.6349
18012,37.7255
17963,8.0030
18013,37.4994
17964,7.9322
18014,36.7422
17965,7.9097
18015,36.9842
17966,7.8541
18016,37.1737
17967,7.8651
18017,37.3669
17968,8.3105
18018,36.8722
17969,7.7901
18019,36.6963
17970,9.0916
18020,38.6917
17971,7.9330
18021,38.6755
17972,7.5681
18022,36.6862
17973,7.5937
18023,37.0474
17974,7.6527
18024,37.4559
17975,7.8124
18025,37.3832
17976,7.1893
18026,48.9143
17977,7.8272
18027,37.2398
17978,7.9344
18028,37.5724
17979,7.7425
18029,37.4479
17980,8.1729
18030,37.1125
17981,7.9136
18031,36.7636
17982,8.2187
18032,36.7668
17983,8.2519
18033,37.2893
17984,7.9603
18034,37.5134
17985,8.3843
18035,37.3652
17986,7.9241
18036,36.6707
17987,7.9416
18037,36.4961
17988,7.7869
18038,37.9318
17989,7.8965
18039,37.5287
17990,7.9638
18040,37.1256
17991,7.8701
18041,36.8203
17992,7.9308
18042,36.8844
17993,8.0202
18043,37.3868
17994,7.6764
18044,37.5320
17995,7.9920
18045,37.8869
17996,7.9529
18046,37.4131
17997,7.7763
18047,37.0987
17998,7.5926
18048,37.2715
17999,8.0805
18049,37.0101
18000,7.9409
18050,37.7815
18001,8.0254
18051,37.0841
18002,7.7465
18052,37.0977
18003,7.7221
18053,36.5141
18004,7.6703
18054,37.2340
18005,7.5215
18055,36.5740
18006,7.5626
18056,37.0764
18007,7.6240
18057,36.8561
18008,7.7579
18058,36.7457
18009,7.5968
18059,37.2194
18010,7.6585
18060,36.7202
18011,7.8504
18061,36.7156
18012,7.8300
18062,36.7627
18013,7.5459
18063,36.8907
18014,7.9123
18064,36.8176
18015,7.5266
18065,36.4125
18016,7.6192
18066,36.4043
18017,7.6000
18067,37.5825
18018,8.8831
18068,37.0642
18019,7.7698
18069,36.6111
18020,8.1323
18070,36.7989
18021,7.9065
18071,36.8495
18022,7.5980
18072,37.5366
18023,7.8642
18073,38.0705
18024,7.9370
18074,37.4829
18025,7.8734
18075,37.2749
18026,7.7125
18076,36.9021
18027,7.5752
18077,37.4138
18028,7.6159
18078,37.9423
18029,7.5856
18079,37.3899
18030,7.6341
18080,38.1380
18031,7.6946
18081,37.0991
18032,8.2693
18082,37.3250
18033,7.8993
18083,37.5354
18034,7.7125
18084,36.8100
18035,7.7490
18085,36.7122
18036,7.8110
18086,37.5509
18037,8.0424
18087,37.1425
18038,7.8810
18088,37.2389
18039,7.9286
18089,37.5175
18040,8.0920
18090,37.9515
18041,8.1553
18091,36.6312
18042,8.0900
18092,38.0736
18043,7.9936
18093,37.4680
18044,7.7913
18094,37.2764
18045,8.1283
18095,37.6403
18046,7.8435
18096,36.9741
18047,7.7912
18097,37.4648
18098,36.9148
18099,35.8723
18100,36.0467
18101,36.4567
18102,35.4761
18103,36.1797
18104,35.4058
18105,36.2718
18106,35.9692
18107,36.6519
18108,35.8737
