batch_index,latency_ms
1,40.6009
2,38.2612
3,37.6380
4,38.0654
5,37.4867
6,36.9418
7,35.2450
8,38.1472
9,36.1112
10,35.0404
11,35.3311
12,36.6087
13,37.8732
14,36.3668
15,36.7675
16,38.2902
17,38.1156
18,34.6695
19,38.1595
20,34.5241
21,38.4146
22,36.8281
23,37.5747
24,37.7328
25,36.6870
26,37.7115
27,38.4544
28,36.3255
29,40.9866
30,38.2348
31,38.2886
32,36.5184
33,38.8433
34,37.6756
35,37.6498
36,38.2745
37,34.8184
38,38.3247
39,37.0527
40,37.8107
41,33.7837
42,34.9258
43,34.0401
44,37.0342
45,36.5055
46,33.8399
47,37.1954
48,34.1572
49,34.2211
50,34.4946
51,37.0629
52,34.1275
53,37.3399
54,35.6837
55,33.9626
56,36.8418
57,36.9586
58,36.0787
59,37.1747
60,35.8879
61,35.7193
1,17.5777
2,15.6903
3,13.8708
62,37.5076
4,13.7482
5,14.7991
6,11.1478
63,37.7202
7,12.0044
8,14.7413
9,10.6525
64,36.4545
10,11.8241
11,12.7519
12,10.4525
65,36.3375
13,10.9914
14,15.2801
15,10.7955
66,39.4640
16,11.3463
17,12.7941
67,35.2565
18,12.1854
68,35.4934
19,12.1902
69,35.3886
20,12.3907
70,37.3913
21,12.0530
71,35.5264
22,13.0468
72,37.6721
23,12.0729
73,35.7783
24,12.0051
74,35.0767
25,12.2574
75,35.6830
26,11.8623
76,38.0272
27,13.1188
77,38.2284
28,11.1124
78,35.5034
29,10.4163
79,36.1353
30,11.3284
80,35.4071
31,11.7605
81,39.3588
32,11.0121
82,36.8260
33,11.9337
83,39.7009
34,11.4635
84,38.5179
35,11.2122
85,38.7299
36,11.2877
86,37.8635
37,11.0411
87,37.2698
38,10.9836
88,40.1829
39,11.2540
89,37.5244
40,11.7602
90,39.9671
41,12.3158
91,39.8442
42,11.2691
92,40.8869
43,12.1600
93,40.1439
44,12.4120
94,39.8285
45,12.5913
95,39.0251
46,11.7233
96,41.0280
47,12.2317
97,37.6547
48,12.7000
98,39.0324
49,13.0284
99,36.2555
50,11.9038
100,37.4717
51,11.6093
101,37.3288
52,11.2871
102,37.0311
53,11.2649
103,39.5241
54,11.5829
104,36.6904
55,13.0461
105,38.3595
56,11.5368
106,36.7915
57,11.9827
107,37.3709
58,11.6387
108,38.4863
59,9.6787
109,40.3187
60,12.0582
110,38.3817
61,11.6796
111,38.8103
62,11.6080
112,36.2877
63,12.0602
113,38.4674
64,11.4791
114,36.1212
65,11.8673
115,36.0978
66,11.2073
116,36.7362
67,10.9959
117,38.5052
68,10.9167
118,35.8551
69,11.4564
119,36.2195
70,12.4400
120,38.8089
71,12.3016
121,37.1773
72,13.9499
122,36.9945
73,11.7723
123,37.3814
74,11.5020
124,36.6462
75,12.6208
125,38.7515
76,12.2566
126,36.7529
77,11.9223
127,38.2375
78,13.3949
128,37.6961
79,12.3260
129,36.5599
80,12.4818
130,39.1127
81,11.5355
131,38.6454
82,12.2727
132,38.7058
83,11.7362
133,35.7928
84,13.1584
134,38.3699
85,11.6081
135,36.0305
86,11.8646
136,36.1223
87,11.2812
137,36.3878
88,11.8178
138,36.6934
89,11.4104
139,36.1051
90,11.1925
140,37.0127
91,12.7802
141,38.2251
92,11.2595
142,38.9512
93,11.2550
143,36.4238
94,11.2697
144,36.2294
95,10.1577
145,39.9390
96,14.2352
146,36.7576
97,11.8955
147,36.2805
98,11.0511
148,35.2482
99,11.6472
149,36.1940
100,11.0810
150,35.1236
101,11.6221
151,35.5008
102,10.5781
152,36.2394
103,11.2714
153,37.9359
104,12.1060
154,37.2403
105,10.5253
155,36.5222
106,10.8450
156,34.8905
107,10.6511
157,35.4541
108,11.3033
158,35.4275
109,11.9683
159,37.6302
110,13.2752
160,39.0665
111,12.6133
161,38.2376
112,11.4028
162,35.9507
113,11.6799
163,38.7297
114,11.3741
164,36.7682
115,10.8544
165,35.5190
116,11.9590
166,38.8024
117,10.3164
167,37.8920
118,10.8575
168,36.0651
119,11.2524
169,35.5733
120,11.2009
170,36.3222
121,11.2805
171,36.3186
122,12.4357
172,38.2572
123,12.0016
173,38.1480
124,11.0313
174,37.0251
125,11.4753
175,36.2794
126,11.2744
176,36.3410
127,12.1788
177,40.0779
128,11.2763
178,36.1464
129,11.3219
179,36.1310
130,11.7617
180,36.1615
131,11.2151
181,35.8772
132,11.3733
182,35.3917
133,12.1196
183,38.1621
134,10.6639
184,36.3992
135,11.1457
185,35.7648
136,11.6025
186,35.9337
137,11.3042
187,36.4796
138,11.5214
188,36.6879
139,11.1711
189,37.1223
140,11.8255
190,38.3730
141,11.3133
191,35.6922
142,11.3864
192,39.6116
143,10.6872
193,38.5766
144,12.2079
194,38.4588
145,11.2436
195,36.0400
146,11.2957
196,36.4040
147,10.9005
197,36.5427
148,11.2114
198,35.8301
149,11.3923
199,36.9922
150,10.9321
200,35.7995
151,11.0354
201,35.7615
152,11.5314
202,36.2108
153,11.9790
203,37.6855
154,11.3044
204,35.8925
155,11.0697
205,36.0047
156,11.2832
206,36.1107
157,11.4677
207,38.3009
158,11.0945
208,35.6438
159,11.0279
209,36.0143
160,11.6565
210,35.2079
161,11.5085
211,38.1695
162,12.4809
212,37.8404
163,11.4675
213,38.9511
164,11.2139
214,35.4818
165,11.2172
215,35.2746
166,11.3652
216,35.8049
167,11.4938
217,36.1241
168,12.2248
218,38.8873
169,11.4221
219,35.2557
170,11.2160
220,35.3367
171,11.2621
221,36.1252
172,11.1193
222,35.5047
173,12.1352
223,36.0084
174,11.4075
224,35.9614
175,11.2723
225,35.7135
176,11.2340
226,35.7937
177,11.3651
227,34.9378
178,11.2169
228,36.1233
179,12.0965
229,37.9772
180,11.3924
230,35.9760
181,11.9500
231,36.2193
182,11.5028
232,36.2585
183,11.2933
233,36.1195
184,11.5939
234,37.2883
185,12.7657
235,38.5597
186,11.6890
236,36.5614
187,11.6539
237,35.9956
188,11.4524
238,34.9464
189,11.6068
239,36.4886
190,11.3158
240,35.6488
191,11.0679
241,35.4726
192,11.6199
242,36.1453
193,11.5898
243,36.6710
194,11.5650
244,36.1498
195,11.0685
245,35.6767
196,11.4242
246,35.7362
197,11.3851
247,35.3500
198,12.1771
248,37.9535
199,11.4486
249,38.1380
200,11.8209
250,36.1815
201,11.6893
251,36.8696
202,11.6320
252,34.7667
203,11.3849
253,36.2130
204,11.5091
254,35.6943
205,12.0704
255,38.1473
206,11.1974
256,35.4727
207,11.5848
257,36.4426
208,11.4355
258,36.1698
209,11.4963
259,35.0161
210,11.2366
260,38.1038
211,11.2271
261,35.9263
212,10.9941
262,35.7258
213,12.1165
263,38.6628
214,11.2991
264,36.0154
215,11.3308
265,36.3040
216,11.2697
266,35.5311
217,11.0839
267,36.1797
218,10.8943
268,35.5549
219,10.7014
269,37.8616
220,11.2125
270,35.2411
221,11.2859
271,34.9342
222,11.3084
272,35.7067
223,11.3049
273,35.8608
224,11.5546
274,38.0680
225,11.2331
275,36.0974
226,11.6450
276,36.1655
227,12.2619
277,37.8637
228,11.1762
278,35.6274
229,11.6717
279,35.7893
230,11.8009
280,35.9666
231,11.4291
281,36.0804
232,10.7337
282,38.1396
233,10.8149
283,39.0001
234,11.4426
284,36.3531
235,11.2024
285,35.5755
236,12.6629
286,38.2776
237,11.1314
287,35.7489
238,11.4607
288,34.9498
239,11.5412
289,35.4581
240,11.3450
290,36.7183
241,12.0438
291,38.7383
242,11.5237
292,36.5758
243,11.5057
293,36.1058
244,11.7845
294,35.5966
245,11.6653
295,37.0248
246,11.6448
296,37.7919
247,11.4699
297,36.6194
248,12.5250
298,38.8606
249,11.4749
299,36.5967
250,11.5060
300,36.2925
251,11.6817
301,36.1822
252,11.7498
302,38.6295
253,10.6530
303,38.5170
254,11.8570
304,36.3653
255,12.0386
305,36.2932
256,11.4818
306,35.9786
257,10.6500
307,37.3314
258,11.3642
308,35.1737
259,11.0132
309,35.4980
260,11.3939
310,36.2092
261,11.5116
311,36.2698
262,11.0411
312,36.1861
263,11.8919
313,37.7506
264,11.8749
314,38.3024
265,11.6640
315,39.7345
266,11.9451
316,35.9583
267,11.4171
317,36.5751
268,11.7784
318,34.9920
269,11.6182
319,36.8444
270,11.5326
320,35.9561
271,11.6472
321,36.5207
272,11.5691
322,36.5833
273,12.0562
323,37.2565
274,11.0519
324,38.1095
275,10.7875
325,36.1826
276,10.6753
326,35.9715
277,9.8032
327,38.2232
278,10.5545
328,35.5605
279,10.5769
329,36.1545
280,10.4114
330,35.5669
281,10.5233
331,36.4908
282,10.0821
332,37.0551
283,10.7472
333,35.8788
284,10.6585
334,36.3425
285,11.2148
335,37.8829
286,11.1469
336,36.0738
287,11.2293
337,35.9437
288,11.3287
338,36.3882
289,11.1319
339,35.7351
290,10.8652
340,37.9000
291,10.7379
341,35.5563
292,10.0701
342,37.1487
293,10.7924
343,35.8753
294,10.9345
344,35.4848
295,10.7699
345,35.4770
296,10.5768
346,36.1195
297,10.5533
347,36.1033
298,10.9948
348,35.6972
299,11.1286
349,35.7668
300,10.7253
350,35.8461
301,9.8208
351,37.6648
302,10.7118
352,35.9396
303,11.0163
353,34.9886
304,10.9364
354,34.8566
305,10.6398
355,35.4163
306,11.2664
356,35.8632
307,11.0245
357,35.2467
308,11.2047
358,35.2658
309,10.8301
359,36.2159
310,10.7268
360,35.8040
311,10.7579
361,35.7694
312,10.4672
362,35.8163
313,10.9408
363,35.6553
314,11.0684
364,35.4579
315,11.1943
365,35.1665
316,11.0576
366,35.6132
317,11.0727
367,35.9072
318,11.1998
368,37.8727
319,10.9720
369,35.6840
320,10.7136
370,36.3012
321,11.1696
371,35.6378
322,10.9715
372,35.1946
323,11.0685
373,35.8066
324,10.5479
374,35.3288
325,10.7847
375,35.6433
326,10.4931
376,35.2974
327,10.7369
377,35.4070
328,10.8155
378,35.1857
329,10.6432
379,35.6089
330,10.8252
380,36.1167
331,10.7119
381,35.1626
332,11.0073
382,35.4434
333,11.1426
383,34.8387
334,10.8487
384,35.4835
335,11.4693
385,37.3215
336,10.8144
386,35.3022
337,11.1051
387,35.7527
338,10.6051
388,38.2137
339,11.2925
389,36.1700
340,11.0612
390,35.9745
341,10.9271
391,35.4666
342,11.1888
392,36.1471
343,11.1186
393,35.9605
344,11.0699
394,37.6824
345,11.0826
395,35.0433
346,11.1618
396,35.9849
347,10.0813
397,38.1167
348,10.7474
398,35.5371
349,11.0801
399,35.7834
350,10.7653
400,34.4895
351,10.4935
401,34.5237
352,10.5039
402,35.2194
353,10.6089
403,34.7764
354,10.7426
404,35.3627
355,10.7359
405,35.5336
356,11.0263
406,35.3683
357,11.3092
407,35.9121
358,11.1306
408,37.6149
359,10.1105
409,35.1825
360,9.2935
410,36.8458
361,10.0519
411,34.5008
362,11.6349
412,36.9362
363,10.2620
413,35.0756
364,10.0726
414,34.8060
365,9.8865
415,34.4908
366,10.0541
416,34.7609
367,9.8951
417,35.2362
368,10.0790
418,34.9054
369,10.3306
419,36.7942
370,9.9737
420,35.4283
371,9.3360
421,37.1861
372,10.1489
422,34.6686
373,11.1668
423,36.8237
374,9.9127
424,34.6331
375,10.1875
425,35.2477
376,10.2028
426,34.2476
377,10.1606
427,34.4240
378,9.9696
428,35.5899
379,9.9882
429,34.4517
380,10.0975
430,34.6260
381,10.5703
431,36.6749
382,10.1093
432,34.4369
383,10.0907
433,34.7371
384,10.0044
434,34.6317
385,9.9281
435,34.6596
386,10.0379
436,34.6096
387,10.1918
437,35.1791
388,10.2513
438,36.8415
389,10.0593
439,35.0000
390,10.0203
440,34.4624
391,10.0825
441,34.7974
392,10.1466
442,34.6371
393,10.0317
443,34.4846
394,11.3782
444,36.4459
395,9.8463
445,34.4512
396,9.9255
446,34.2015
397,9.8291
447,35.1560
398,10.1251
448,34.9859
399,10.4709
449,36.5481
400,10.8634
450,35.9772
401,10.1788
451,34.8316
402,10.1899
452,34.7905
403,10.1627
453,34.7585
404,10.1225
454,34.4304
405,10.0342
455,33.7796
406,9.7760
456,34.7243
407,10.1641
457,34.6856
408,9.9630
458,34.4023
409,9.9177
459,34.9245
410,9.9545
460,35.6862
411,10.1144
461,36.5817
412,10.2875
462,37.2053
413,9.9418
463,34.6123
414,10.1525
464,34.7364
415,9.9756
465,34.4467
416,9.9708
466,34.7422
417,10.0156
467,33.8606
418,9.8805
468,34.3551
419,9.8768
469,34.6803
420,9.8949
470,34.5893
421,10.0523
471,34.9896
422,9.8943
472,34.7347
423,9.9638
473,34.8634
424,9.9376
474,34.5105
425,9.9990
475,34.6400
426,9.9297
476,34.4272
427,9.9699
477,34.0872
428,9.9352
478,34.4476
429,9.9823
479,34.4953
430,9.9896
480,34.5475
431,9.1810
481,36.5266
432,10.0899
482,36.5955
433,9.8129
483,34.3044
434,9.8754
484,34.4149
435,10.2341
485,34.4471
436,10.3983
486,34.2831
437,10.3889
487,34.6380
438,10.2349
488,34.4150
439,10.0285
489,34.4398
440,10.2646
490,34.5821
441,9.9490
491,34.6879
442,10.1102
492,34.6707
443,11.0379
493,36.6414
444,10.0531
494,35.0469
445,10.0731
495,34.7185
446,10.6467
496,34.9042
447,10.2561
497,34.7543
448,10.1752
498,34.7982
449,10.3494
499,34.6682
450,10.0419
500,34.5545
451,9.9230
501,34.5077
452,9.8897
502,34.1701
453,10.0752
503,34.6332
454,10.1319
504,34.7774
455,11.4156
505,36.7164
456,10.3970
506,36.9018
457,10.0554
507,35.0907
458,10.0221
508,34.5844
459,10.0433
509,34.5662
460,9.9215
510,34.7534
461,9.8251
511,33.9145
462,8.9014
512,37.0611
463,9.7950
513,34.8771
464,9.9648
514,34.7701
465,10.5284
515,37.1456
466,9.3566
516,36.7954
467,10.0039
517,34.6178
468,9.9032
518,34.4498
469,9.9279
519,34.2487
470,9.9614
520,34.7632
471,9.7691
521,34.0631
472,9.9039
522,34.5528
473,9.8554
523,36.8838
474,10.0546
524,35.6867
475,10.2789
525,33.9750
476,10.1120
526,35.2372
477,12.1270
527,36.7151
478,9.9625
528,34.6301
479,10.1036
529,34.6526
480,9.6330
530,36.7512
481,9.8670
531,35.0262
482,9.9600
532,34.4812
483,9.9285
533,34.4305
484,11.1298
534,36.9597
485,9.8619
535,34.2420
486,10.1144
536,34.7586
487,10.5096
537,36.4865
488,10.0631
538,35.2553
489,9.8346
539,35.0868
490,11.2966
540,37.0276
491,9.8691
541,35.0060
492,9.8659
542,34.7453
493,10.0685
543,34.9173
494,10.3139
544,34.3729
495,10.6796
545,37.4963
496,10.4213
546,34.8602
497,10.6293
547,35.0745
498,10.9177
548,35.7043
499,10.8289
549,35.4607
500,10.6335
550,35.7153
501,10.8119
551,36.0419
502,10.9380
552,35.2365
503,11.0969
553,35.2112
504,11.0981
554,35.4980
505,10.6277
555,34.9245
506,10.5483
556,35.0221
507,11.1635
557,36.0566
508,10.4825
558,35.2236
509,11.0005
559,35.0630
510,10.4558
560,35.4766
511,10.8457
561,34.9636
512,10.7018
562,35.3502
513,10.1587
563,37.8644
514,10.8200
564,35.5684
515,10.7191
565,35.7970
516,10.7196
566,35.8884
517,10.5669
567,35.0064
518,10.9383
568,35.1213
519,10.6862
569,34.2760
520,10.4789
570,35.4408
521,10.5561
571,35.4814
522,10.6281
572,35.5580
523,10.7188
573,35.6495
524,10.6165
574,35.0827
525,10.8152
575,35.6152
526,10.9985
576,35.5949
527,11.2819
577,35.5786
528,10.8699
578,35.5700
529,10.2724
579,37.6802
530,10.6850
580,34.4320
531,10.7884
581,35.0246
532,10.7412
582,35.1841
533,11.3590
583,37.4638
534,11.7699
584,37.1357
535,11.2573
585,35.3352
536,11.0570
586,35.1629
537,11.1208
587,35.3124
538,10.8811
588,35.2036
539,11.2074
589,35.5144
540,10.9114
590,35.4047
541,11.1595
591,34.5992
542,10.7614
592,35.0467
543,10.7633
593,36.0100
544,9.6326
594,37.8022
545,10.8764
595,35.8315
546,10.9619
596,35.1463
547,10.9649
597,35.4143
548,11.2501
598,35.6475
549,10.6855
599,35.7713
550,11.0713
600,35.8118
551,10.6761
601,35.5069
552,10.8115
602,35.6508
553,10.6822
603,34.9615
554,9.9250
604,37.4401
555,10.8242
605,35.8299
556,10.6014
606,35.0182
557,10.5258
607,35.3749
558,10.7963
608,35.5808
559,10.8390
609,35.2310
560,10.6241
610,35.4127
561,10.7368
611,35.9765
562,10.5902
612,35.1016
563,10.7967
613,35.5030
564,10.8378
614,35.2644
565,10.9155
615,34.9815
566,11.0870
616,35.0714
567,11.1020
617,34.8645
568,10.7674
618,34.8132
569,10.8213
619,35.3753
570,10.7752
620,35.1773
571,11.0926
621,34.8482
572,10.8532
622,35.0509
573,10.7752
623,35.5421
574,11.6656
624,35.2128
575,10.9460
625,35.8013
576,10.1170
626,34.3654
577,10.1530
627,34.9076
578,10.5185
628,37.4534
579,9.9545
629,35.4359
580,10.4447
630,34.7123
581,9.9924
631,34.3993
582,9.9064
632,37.0529
583,10.2705
633,35.1979
584,10.1098
634,35.1301
585,10.1317
635,37.0354
586,9.8579
636,35.2211
587,10.2395
637,34.4801
588,10.1150
638,34.4543
589,9.8827
639,34.6402
590,10.3321
640,35.0745
591,10.1687
641,34.8713
592,10.2412
642,37.1470
593,10.2480
643,37.7817
594,10.4684
644,34.7963
595,10.2625
645,34.2902
596,10.4337
646,34.9913
597,10.2643
647,35.2321
598,10.3387
648,35.4163
599,10.8990
649,34.9426
600,11.7738
650,36.9090
601,11.0278
651,34.9625
602,10.6290
652,34.9243
603,11.6756
653,37.3529
604,10.9449
654,34.8117
605,11.0655
655,34.8464
606,10.5629
656,34.4878
607,10.6245
657,35.3669
608,11.0584
658,34.8068
609,10.8411
659,34.5707
610,10.4866
660,34.4811
611,10.2158
661,34.3479
612,9.6692
662,35.1353
613,10.1394
663,34.7973
614,9.9794
664,34.0199
615,9.7585
665,34.9073
616,9.7414
666,34.5265
617,9.9621
667,34.7965
618,10.0469
668,34.2103
619,10.0706
669,35.3067
620,10.1555
670,34.9547
621,9.9223
671,35.0422
622,10.2679
672,35.2873
623,10.0497
673,34.1334
624,10.5620
674,34.8069
625,10.3273
675,35.1437
626,10.1385
676,34.9696
627,10.5336
677,35.0686
628,10.5446
678,34.9457
629,9.7903
679,37.0714
630,10.0825
680,34.6458
631,10.1139
681,34.8185
632,10.5681
682,35.1243
633,10.4124
683,35.0465
634,10.3228
684,34.8340
635,10.7505
685,34.7533
636,10.8979
686,35.4431
637,10.6553
687,34.8124
638,10.8042
688,35.2856
639,10.5633
689,35.3243
640,10.6686
690,35.2386
641,10.9196
691,35.3489
642,10.6650
692,35.1105
643,10.7875
693,35.6977
644,10.9649
694,34.5149
645,10.9296
695,34.9864
646,10.9889
696,34.3494
647,10.3594
697,34.5699
648,9.8908
698,35.0621
649,10.4153
699,34.4740
650,10.0649
700,34.5839
651,10.1204
701,35.9604
652,10.0260
702,34.7574
653,9.9618
703,37.0652
654,10.1184
704,34.6337
655,9.9285
705,34.4797
656,10.1777
706,35.0682
657,11.6951
707,35.3209
658,12.6473
708,35.9804
659,12.0345
709,34.8432
660,12.9722
710,37.7461
661,11.6994
711,34.8299
662,11.6942
712,35.5452
663,11.3971
713,35.2197
664,11.9168
714,35.7809
665,12.0053
715,35.4421
666,11.9567
716,35.7017
667,11.1147
717,34.8937
668,11.4598
718,34.9653
669,11.8048
719,34.7272
670,12.4651
720,37.8223
671,12.8989
721,37.0374
672,12.0835
722,34.9062
673,12.0547
723,34.9367
674,12.1580
724,35.4037
675,12.1840
725,35.4567
676,12.4481
726,35.2883
677,12.2723
727,35.2929
678,12.3154
728,34.9528
679,12.3085
729,35.3604
680,12.2155
730,35.4437
681,12.9280
731,35.3350
682,12.8975
732,35.8921
683,12.7482
733,36.6726
684,12.8114
734,35.7459
685,12.6944
735,35.6861
686,13.7186
736,34.9599
687,13.9059
737,35.1750
688,14.1197
738,34.6016
689,13.3100
739,34.9552
690,13.1071
740,34.5833
691,12.0194
741,34.4103
692,11.7155
742,34.7700
693,11.6626
743,34.9164
694,11.4178
744,34.9442
695,11.7254
745,35.0798
696,11.8289
746,35.4946
697,11.7175
747,34.9115
698,11.7054
748,35.2372
699,11.6078
749,34.3108
700,11.8434
750,35.0186
701,12.1573
751,35.1279
702,12.0468
752,34.7190
703,12.3614
753,34.9196
704,12.1768
754,34.4100
705,12.8328
755,34.9523
706,12.8274
756,34.9819
707,12.5379
757,35.4383
708,12.3566
758,35.3227
709,11.9148
759,35.4453
710,12.8597
760,37.4483
711,12.0582
761,35.0879
712,12.2267
762,37.6230
713,11.9816
763,35.2845
714,12.1048
764,35.5956
715,11.9054
765,35.3733
716,12.1699
766,35.0444
717,13.2515
767,37.4084
718,12.2175
768,35.5503
719,12.7218
769,35.4085
720,12.4648
770,37.9559
721,12.5767
771,37.4618
722,12.3000
772,35.0948
723,12.0435
773,35.0437
724,12.1801
774,35.4346
725,12.3434
775,35.0226
726,12.4285
776,35.4606
727,12.4570
777,35.4804
728,12.4222
778,35.1098
729,12.0842
779,34.9443
730,11.9736
780,35.5830
731,11.4885
781,35.0479
732,10.8604
782,34.9550
733,10.1695
783,34.9029
734,10.1544
784,34.3677
735,10.1591
785,34.8922
736,10.1859
786,34.6405
737,10.3982
787,34.9071
738,10.3455
788,35.0351
739,10.3300
789,35.2486
740,10.3110
790,35.2021
741,10.1597
791,35.1055
742,10.2789
792,34.5436
743,10.3279
793,34.7901
744,9.8972
794,34.6311
745,10.1329
795,35.0418
746,9.9913
796,35.3434
747,10.2066
797,35.9382
748,10.1751
798,34.4652
749,10.2712
799,35.8871
750,10.3103
800,34.9387
751,10.0557
801,35.0095
752,10.6905
802,35.6300
753,10.0624
803,35.4015
754,10.0400
804,35.5329
755,10.2166
805,35.4353
756,10.2198
806,35.2624
757,10.4222
807,35.4865
758,11.7301
808,38.3141
759,10.1656
809,35.5147
760,10.8121
810,35.1816
761,10.6293
811,35.6132
762,10.6645
812,35.5816
763,10.5085
813,35.6782
764,10.3042
814,35.5648
765,10.2762
815,35.2881
766,10.9811
816,35.2631
767,10.5232
817,34.6460
768,10.6085
818,35.1362
769,10.7364
819,35.2129
770,10.7603
820,34.9858
771,10.9990
821,35.3197
772,11.1944
822,34.9158
773,10.1933
823,34.6879
774,10.1255
824,35.0913
775,9.7378
825,36.3859
776,10.1409
826,34.6727
777,10.0346
827,34.6633
778,9.8237
828,34.5239
779,10.1542
829,34.9753
780,10.1399
830,35.8385
781,10.2369
831,35.0283
782,10.1944
832,34.8580
783,9.8198
833,35.2713
784,9.9922
834,34.8630
785,9.8398
835,35.1994
786,10.5477
836,35.2174
787,10.1448
837,35.2728
788,10.7098
838,34.9490
789,10.9994
839,35.0819
790,10.9955
840,34.6092
791,11.1711
841,35.3531
792,10.9504
842,34.5472
793,11.0223
843,35.3791
794,11.2707
844,35.6033
795,11.2337
845,35.5505
796,11.3306
846,34.9727
797,12.4031
847,37.3652
798,11.8443
848,36.1422
799,11.4367
849,35.7624
800,11.4015
850,35.1692
801,11.5533
851,35.3209
802,11.5386
852,35.5347
803,11.8708
853,34.8876
804,12.0049
854,35.1895
805,13.1129
855,36.4892
806,13.3812
856,36.5198
807,13.7541
857,36.7152
808,13.4501
858,36.7437
809,13.7431
859,36.2805
810,13.3366
860,36.4186
811,14.1043
861,35.4695
812,13.1962
862,35.3370
813,13.4661
863,35.3376
814,13.5247
864,35.0006
815,13.4820
865,35.6145
816,13.5534
866,36.0786
817,13.2100
867,36.1172
818,13.3029
868,37.0510
819,13.4820
869,35.9031
820,13.1481
870,35.8253
821,13.3378
871,36.5747
822,13.5066
872,37.0848
823,13.2851
873,36.4363
824,13.7344
874,38.2631
825,13.6828
875,37.3349
826,13.3552
876,36.0738
827,12.9545
877,36.2934
828,11.9320
878,38.7706
829,11.6935
879,35.4806
830,11.4947
880,35.3305
831,11.6307
881,35.3102
832,11.2412
882,35.0347
833,11.1594
883,35.4334
834,11.4334
884,35.9650
835,11.6195
885,34.9872
836,11.3387
886,34.8436
837,11.3596
887,34.6155
838,11.1570
888,34.5667
839,11.3611
889,34.9995
840,11.2424
890,34.9013
841,12.0066
891,34.9588
842,12.2362
892,35.7307
843,12.7790
893,35.6981
844,13.5579
894,35.1805
845,14.0769
895,35.2094
846,14.6907
896,35.5373
847,13.2704
897,34.9726
848,13.3407
898,35.8707
849,12.6229
899,34.6270
850,12.2002
900,34.9805
851,12.4183
901,35.3479
852,12.1186
902,35.8639
853,12.1908
903,35.5177
854,12.0044
904,34.9069
855,12.1196
905,35.3303
856,12.1255
906,35.5646
857,10.8113
907,35.4862
858,10.5891
908,34.8403
859,10.4495
909,35.3952
860,10.4389
910,34.7372
861,10.8074
911,35.0658
862,10.8723
912,35.6404
863,10.2105
913,35.5098
864,11.0340
914,35.3835
865,10.9622
915,35.5052
866,10.5410
916,35.4843
867,11.2797
917,35.3377
868,11.2777
918,34.9960
869,12.1894
919,35.7321
870,12.4470
920,35.4981
871,12.3210
921,35.8135
872,12.1168
922,35.7568
873,12.0649
923,35.4987
874,12.2236
924,35.5362
875,12.3307
925,35.8760
876,12.3442
926,36.0830
877,12.3128
927,35.6900
878,13.0662
928,37.5938
879,12.0264
929,34.9786
880,11.8564
930,35.4353
881,12.0765
931,35.6349
882,11.7722
932,35.2592
883,11.4326
933,35.0608
884,12.0015
934,35.2568
885,12.4170
935,37.4794
886,11.7569
936,35.1293
887,12.2743
937,34.7138
888,12.4863
938,35.6922
889,13.1274
939,35.5813
890,13.0815
940,35.2067
891,13.8005
941,34.8164
892,13.8407
942,35.6830
893,14.3784
943,35.4675
894,14.5560
944,35.0433
895,13.8419
945,35.1334
896,13.0075
946,34.1228
897,12.1373
947,34.3331
898,11.4122
948,34.8663
899,11.1426
949,34.7692
900,11.0682
950,34.8223
901,10.9867
951,35.5394
902,11.1658
952,34.8162
903,11.0423
953,34.9667
904,11.1561
954,34.9383
905,11.2226
955,35.0360
906,11.2523
956,34.7939
907,11.1982
957,34.7857
908,11.4985
958,34.9150
909,11.7534
959,35.3244
910,12.3260
960,34.8725
911,12.2259
961,35.1847
912,12.5823
962,35.2308
913,14.1911
963,38.0894
914,13.0012
964,35.1545
915,12.9831
965,35.3358
916,13.3131
966,35.4293
917,13.0888
967,34.8518
918,12.4183
968,35.3859
919,12.2152
969,34.8128
920,11.4418
970,35.1098
921,11.0591
971,35.7344
922,11.3843
972,34.7052
923,11.0824
973,34.7705
924,10.9241
974,35.9962
925,11.0246
975,35.1684
926,11.0479
976,34.8236
927,10.7710
977,34.6599
928,11.0638
978,34.6374
929,10.9661
979,35.3757
930,10.9213
980,34.9765
931,11.3187
981,35.1905
932,11.1477
982,34.5667
933,11.3062
983,35.3796
934,11.9192
984,34.6840
935,12.4056
985,35.1448
936,12.7425
986,34.9826
937,12.9807
987,35.6545
938,13.4043
988,35.2797
939,12.7835
989,35.4122
940,12.3474
990,34.8589
941,12.3300
991,34.9535
942,12.2854
992,34.9491
943,11.8936
993,35.4448
944,12.1507
994,34.8360
945,12.3030
995,35.1219
946,12.1084
996,35.0691
947,11.7827
997,35.5390
948,12.1418
998,37.3476
949,11.0272
999,34.8039
950,11.8535
1000,37.5494
951,11.0645
1001,34.4414
952,11.0154
1002,35.0912
953,10.8155
1003,35.1579
954,11.0853
1004,34.9063
955,11.1006
1005,35.6670
956,11.0747
1006,36.2526
957,11.2328
1007,35.1459
958,11.3473
1008,35.2370
959,11.3169
1009,35.0334
960,11.1725
1010,34.9496
961,11.2593
1011,34.6392
962,12.0201
1012,35.3632
963,13.0600
1013,35.3066
964,13.2213
1014,35.2726
965,13.4979
1015,35.8473
966,13.4485
1016,35.7453
967,13.7487
1017,35.6323
968,13.8123
1018,35.9496
969,14.6281
1019,36.3804
970,13.7100
1020,36.1780
971,13.6421
1021,35.6607
972,13.6669
1022,35.0721
973,13.7680
1023,34.9601
974,13.4084
1024,35.3958
975,13.3525
1025,35.4887
976,13.0113
1026,34.9760
977,12.8430
1027,35.1616
978,12.1809
1028,34.7368
979,11.9757
1029,34.8559
980,11.6754
1030,35.8801
981,12.0137
1031,35.2746
982,11.1841
1032,35.6612
983,11.0621
1033,35.3397
984,11.0796
1034,35.1278
985,11.9211
1035,35.4537
986,12.0107
1036,35.8331
987,11.8703
1037,35.8394
988,12.1325
1038,35.1799
989,11.9150
1039,35.3044
990,11.9233
1040,35.4528
991,12.2954
1041,35.4602
992,12.7257
1042,35.6045
993,12.2279
1043,35.5815
994,12.0049
1044,35.7100
995,12.0616
1045,35.5295
996,11.8331
1046,35.6074
997,11.8147
1047,35.9022
998,11.8384
1048,35.1550
999,11.7189
1049,35.3861
1000,11.9096
1050,35.8531
1001,12.2105
1051,36.0394
1002,11.7032
1052,35.5312
1003,11.9467
1053,36.0951
1004,11.8326
1054,35.1541
1005,12.2963
1055,35.7427
1006,12.0894
1056,35.8590
1007,12.2984
1057,35.1768
1008,12.7455
1058,35.7689
1009,13.2116
1059,35.8847
1010,13.3336
1060,35.9663
1011,13.1811
1061,35.7477
1012,13.1822
1062,35.4998
1013,13.5276
1063,35.2525
1014,14.3952
1064,35.1884
1015,14.2573
1065,34.5133
1016,13.7156
1066,34.7856
1017,12.5969
1067,34.2652
1018,11.6827
1068,35.2813
1019,11.1088
1069,35.3122
1020,11.1696
1070,36.1183
1021,11.4679
1071,34.4209
1022,11.8354
1072,35.9994
1023,12.2441
1073,35.3302
1024,12.2042
1074,35.1476
1025,12.4777
1075,35.6960
1026,11.3999
1076,35.6214
1027,11.5810
1077,35.6520
1028,11.2159
1078,35.1516
1029,11.0025
1079,34.8471
1030,11.0784
1080,34.8187
1031,10.8754
1081,34.6148
1032,11.3232
1082,35.5207
1033,11.1450
1083,35.1467
1034,11.0472
1084,35.8343
1035,10.5779
1085,37.8850
1036,11.2057
1086,35.6164
1037,11.1291
1087,35.1064
1038,11.1604
1088,34.8024
1039,11.2125
1089,35.4230
1040,11.4913
1090,34.8703
1041,11.5852
1091,35.0843
1042,11.9387
1092,35.0969
1043,12.0654
1093,35.1594
1044,12.0257
1094,38.1314
1045,11.9802
1095,35.1848
1046,11.8213
1096,34.7376
1047,11.7351
1097,35.6046
1048,12.1797
1098,35.2662
1049,12.9344
1099,35.5407
1050,13.3980
1100,35.3743
1051,13.6019
1101,35.8021
1052,13.4907
1102,35.6190
1053,13.3816
1103,35.9584
1054,12.9329
1104,34.7654
1055,12.5845
1105,35.0816
1056,11.8957
1106,35.7731
1057,12.0131
1107,34.9539
1058,11.3858
1108,35.2384
1059,11.1143
1109,35.4027
1060,11.0077
1110,35.4205
1061,11.1488
1111,35.4091
1062,11.2249
1112,35.2929
1063,10.9711
1113,34.6622
1064,11.0337
1114,35.2077
1065,10.9120
1115,34.5582
1066,11.0749
1116,35.2351
1067,11.0105
1117,35.5233
1068,11.0364
1118,35.5511
1069,11.2236
1119,35.4409
1070,10.9516
1120,35.0971
1071,11.0468
1121,35.2107
1072,11.0227
1122,35.1299
1073,11.3683
1123,35.3332
1074,10.8541
1124,35.4017
1075,10.9641
1125,35.1517
1076,11.2713
1126,34.8205
1077,11.2773
1127,34.4968
1078,11.1272
1128,37.2712
1079,11.1155
1129,35.1349
1080,11.5569
1130,34.7702
1081,11.4376
1131,35.5559
1082,11.3864
1132,34.5582
1083,12.1380
1133,35.8722
1084,12.7125
1134,35.2918
1085,12.7404
1135,35.6638
1086,13.7403
1136,35.6441
1087,13.9902
1137,34.7919
1088,13.4070
1138,35.3552
1089,12.6874
1139,35.6793
1090,12.2184
1140,35.6472
1091,12.4359
1141,35.5249
1092,12.3316
1142,35.2243
1093,12.5312
1143,35.4777
1094,12.2586
1144,35.9011
1095,12.3216
1145,36.3811
1096,12.2428
1146,35.7682
1097,12.2075
1147,35.6416
1098,12.0551
1148,35.9662
1099,11.9022
1149,34.8146
1100,11.5922
1150,35.1888
1101,11.7409
1151,35.8986
1102,11.2011
1152,35.3134
1103,11.4163
1153,35.4903
1104,11.7932
1154,35.2510
1105,11.8913
1155,35.3598
1106,12.3686
1156,36.0312
1107,11.9681
1157,35.9444
1108,12.2254
1158,34.9461
1109,12.2398
1159,35.2954
1110,12.1860
1160,35.5429
1111,12.2256
1161,34.6710
1112,12.5767
1162,35.2971
1113,12.4359
1163,35.2339
1114,12.6542
1164,35.5557
1115,12.8533
1165,35.9194
1116,12.3213
1166,35.6483
1117,12.4385
1167,35.0806
1118,12.6537
1168,35.7418
1119,12.4221
1169,36.1446
1120,12.6600
1170,35.5672
1121,12.5388
1171,36.3809
1122,12.4811
1172,35.2589
1123,12.7778
1173,35.2861
1124,13.0670
1174,35.3671
1125,12.7528
1175,36.2341
1126,12.3881
1176,34.9649
1127,12.4756
1177,34.8425
1128,12.7692
1178,35.3928
1129,13.1282
1179,35.3184
1130,12.5793
1180,35.3050
1131,12.6295
1181,34.9305
1132,12.7253
1182,35.0886
1133,13.1827
1183,34.7618
1134,13.6130
1184,34.9646
1135,13.8963
1185,35.2187
1136,13.6642
1186,35.0192
1137,13.1173
1187,34.9243
1138,12.9434
1188,35.3035
1139,12.2883
1189,35.3890
1140,12.1227
1190,34.9250
1141,11.6423
1191,34.4300
1142,11.3665
1192,35.0256
1143,11.2744
1193,35.0522
1144,11.1683
1194,35.4812
1145,11.5646
1195,34.9854
1146,11.3427
1196,35.0519
1147,11.7737
1197,35.0019
1148,11.1891
1198,35.2600
1149,11.0481
1199,35.8969
1150,11.4932
1200,35.1097
1151,11.2691
1201,35.0224
1152,11.3318
1202,34.8054
1153,11.5030
1203,35.2293
1154,11.8604
1204,35.1957
1155,11.8276
1205,35.2741
1156,13.1447
1206,35.3078
1157,12.5773
1207,35.1170
1158,12.2887
1208,35.1967
1159,12.1652
1209,35.5171
1160,11.9841
1210,35.4103
1161,12.3476
1211,35.7897
1162,11.7021
1212,35.1258
1163,12.2918
1213,35.4188
1164,12.4194
1214,34.7840
1165,12.5887
1215,35.4170
1166,9.9284
1216,34.8661
1167,9.1508
1217,34.6719
1168,9.1857
1218,35.5710
1169,9.1721
1219,33.9857
1170,9.2856
1220,33.9827
1171,9.8281
1221,34.6194
1172,9.3026
1222,34.3566
1173,9.7084
1223,34.9930
1174,9.2913
1224,34.5025
1175,9.2503
1225,34.4971
1176,10.0563
1226,34.3357
1227,34.6106
1177,9.6033
1228,35.1231
1178,9.4895
1229,34.5880
1179,10.0364
1230,34.6913
1180,9.5022
1231,34.4717
1181,9.7645
1232,35.6516
1182,9.6996
1233,34.6764
1183,12.1412
1234,34.8610
1184,11.1813
1235,35.1415
1185,11.3446
1236,34.8047
1186,10.9728
1237,34.8566
1187,11.0616
1238,35.3195
1188,10.9695
1239,35.5544
1189,11.2758
1240,34.9871
1190,10.7995
1241,35.1724
1191,11.4133
1242,35.1945
1192,11.7211
1243,35.0151
1193,9.6611
1244,35.3334
1194,10.5597
1245,35.1211
1195,10.2690
1246,34.4398
1196,9.6978
1247,38.3498
1197,10.7186
1248,35.3244
1198,10.8093
1249,35.3125
1199,11.3182
1250,35.0440
1200,11.3683
1251,35.1149
1201,11.4536
1252,35.1551
1202,11.4609
1253,35.3169
1203,10.4971
1254,34.8643
1204,10.1001
1255,34.3648
1205,9.3188
1256,35.1035
1206,8.1983
1257,34.4334
1207,7.8284
1258,34.7341
1208,7.9363
1259,34.2730
1209,8.2421
1260,34.9300
1210,8.2741
1261,34.6019
1211,7.9465
1262,34.7662
1212,7.9827
1263,34.3536
1213,7.9717
1264,34.3750
1214,8.1756
1265,33.9764
1215,7.9380
1266,34.6882
1216,10.1739
1267,34.1375
1268,34.2751
1217,9.5148
1269,34.0404
1218,9.7681
1270,34.6417
1219,9.6677
1271,34.3659
1220,9.5107
1272,34.2878
1221,10.3302
1273,35.1842
1222,9.9543
1274,34.2070
1223,10.8229
1275,34.9922
1224,11.1169
1276,35.2329
1225,11.7285
1277,34.7210
1226,11.3496
1278,37.0493
1227,11.4218
1279,35.7723
1228,11.8862
1280,35.2752
1229,11.7831
1281,35.4841
1230,11.7085
1282,35.0736
1231,12.9600
1283,35.3186
1232,13.5230
1284,34.9428
1233,12.7899
1285,35.0034
1234,10.4963
1286,34.0116
1235,11.0681
1287,34.0394
1236,10.3753
1288,34.7944
1237,10.3262
1289,34.3017
1238,10.1979
1290,34.7852
1239,9.9996
1291,34.8106
1240,9.4959
1292,35.2470
1241,10.0670
1293,34.5407
1242,9.3770
1294,34.4382
1243,9.7020
1295,34.0517
1244,9.4700
1296,34.1932
1245,9.6211
1297,34.5507
1246,10.0887
1298,35.2620
1299,34.0115
1247,10.5724
1300,34.0193
1248,10.8133
1301,34.2420
1249,11.3485
1302,34.3963
1250,11.6417
1303,34.5613
1251,12.0586
1304,35.3531
1252,12.7411
1305,34.7814
1253,12.9142
1306,34.8750
1254,13.9991
1307,34.7847
1255,15.1444
1308,35.2778
1256,15.5429
1309,35.0480
1257,14.9946
1310,35.6491
1258,14.6829
1311,34.9898
1259,14.7348
1312,35.2325
1260,13.9873
1313,35.4678
1261,13.9189
1314,35.4589
1262,13.5590
1315,35.9116
1263,13.7233
1316,34.9069
1264,10.3268
1317,34.6599
1265,11.0725
1318,34.3476
1266,9.9416
1319,34.1632
1267,9.6279
1320,34.6224
1268,9.8348
1321,34.2580
1269,9.4663
1322,34.5166
1270,9.4570
1323,34.5033
1271,10.2597
1324,34.5983
1272,9.4261
1325,34.5169
1273,9.4733
1326,35.4116
1327,34.8643
1274,9.9966
1328,35.1886
1275,10.7088
1329,35.0790
1276,10.6054
1330,34.5355
1277,12.3230
1331,35.0845
1278,10.5350
1332,35.3337
1279,11.7789
1333,34.9195
1280,12.3033
1334,34.9734
1281,11.5898
1335,35.2032
1282,11.6624
1336,35.3500
1283,11.3655
1337,34.7585
1284,11.1002
1338,34.6007
1285,12.2954
1339,35.1971
1286,11.8690
1340,34.4541
1287,12.5440
1341,35.0434
1288,12.5616
1342,35.3508
1289,12.2979
1343,36.1824
1290,12.1562
1344,34.8852
1291,11.3409
1345,36.1941
1292,12.1481
1346,35.7759
1293,12.1681
1347,35.0366
1294,11.5086
1348,34.6220
1295,10.1894
1349,34.7920
1296,9.8865
1350,35.2353
1297,9.4995
1351,34.1796
1298,9.5260
1352,34.5233
1299,9.8904
1353,34.3683
1300,9.1400
1354,34.0205
1301,9.0663
1355,35.0086
1302,9.1394
1356,34.7257
1303,9.9004
1357,34.9452
1358,34.8288
1304,9.2050
1359,34.9913
1305,9.3678
1360,34.8406
1306,9.2921
1361,34.6775
1307,9.6351
1362,35.0233
1308,9.9229
1363,34.1881
1309,12.4412
1364,35.0090
1310,12.5769
1365,35.1033
1311,12.3970
1366,35.2651
1312,11.8835
1367,35.2522
1313,10.8891
1368,35.2419
1314,12.5727
1369,34.8030
1315,11.3270
1370,35.4431
1316,11.5020
1371,34.4439
1317,12.0966
1372,35.4908
1318,12.5112
1373,35.3630
1319,11.9453
1374,34.8358
1320,12.5830
1375,34.9315
1321,11.4900
1376,35.2405
1322,12.7847
1377,34.7971
1323,9.2490
1378,34.6095
1324,9.4329
1379,35.2362
1325,9.1799
1380,34.2875
1326,9.5085
1381,34.8029
1327,9.0778
1382,34.4253
1328,9.4372
1383,35.1674
1329,9.3342
1384,34.9419
1330,9.9364
1385,34.5606
1331,9.2652
1386,34.2412
1332,9.3058
1387,34.7345
1388,33.8617
1333,9.5260
1389,34.9510
1334,9.8606
1390,35.2246
1335,10.6215
1391,37.5493
1336,9.2837
1392,34.9941
1337,9.6460
1393,34.7161
1338,9.9961
1394,34.9297
1339,10.8875
1395,35.5325
1340,12.4206
1396,35.1423
1341,12.4147
1397,35.2410
1342,11.6153
1398,34.9056
1343,10.8903
1399,34.6714
1344,11.2560
1400,34.9541
1345,11.3769
1401,34.9120
1346,11.6182
1402,35.4114
1347,12.8524
1403,35.0619
1348,12.6383
1404,35.1117
1349,11.9609
1405,34.7762
1350,12.3019
1406,35.1096
1351,12.2093
1407,35.1638
1352,12.4436
1408,35.6406
1353,10.7583
1409,34.6781
1354,8.9912
1410,33.6798
1355,10.1058
1411,34.7164
1356,9.1739
1412,34.6081
1357,9.1322
1413,34.2873
1358,9.2546
1414,34.9725
1359,9.1850
1415,35.0120
1360,9.8103
1416,34.6665
1361,9.2087
1417,35.1230
1362,10.1379
1418,37.0731
1363,9.3267
1419,34.5556
1364,9.3645
1420,34.6373
1365,9.5497
1421,35.0287
1366,9.5603
1422,34.2230
1367,9.5552
1423,34.4070
1424,34.7244
1368,9.9793
1425,34.7400
1369,9.5852
1426,34.6562
1370,9.8747
1427,34.9566
1371,10.4120
1428,34.7965
1372,11.9463
1429,34.9907
1373,11.2161
1430,35.3708
1374,11.5778
1431,34.7790
1375,11.1866
1432,34.9292
1376,11.7370
1433,34.8203
1377,10.8865
1434,34.3015
1378,11.5623
1435,34.7798
1379,11.1029
1436,34.8081
1380,11.3220
1437,34.8948
1381,12.3964
1438,35.2377
1382,13.3188
1439,34.9899
1383,13.1026
1440,35.0951
1384,14.0696
1441,34.7632
1385,13.7039
1442,35.1561
1386,14.9300
1443,35.1879
1387,14.2089
1444,35.4534
1388,13.9053
1445,34.9625
1389,13.2055
1446,35.1219
1390,12.2154
1447,34.6395
1391,11.1786
1448,35.4328
1392,10.0435
1449,34.5964
1393,9.6336
1450,34.4494
1394,9.0612
1451,34.8826
1395,9.1894
1452,34.7643
1396,9.2175
1453,34.6652
1397,9.8097
1454,34.1174
1398,9.1697
1455,34.4938
1399,9.3736
1456,34.1632
1400,10.1801
1457,34.3730
1458,34.4040
1401,9.8178
1402,9.3835
1459,34.8014
1460,34.5492
1403,9.3903
1461,34.6018
1404,9.5574
1462,34.8322
1405,9.2350
1463,34.4312
1406,9.2347
1464,33.6913
1407,9.3718
1465,34.3011
1408,9.7476
1466,36.2988
1409,10.4052
1467,35.1473
1410,10.5127
1468,34.6526
1411,11.4629
1469,34.9205
1412,11.4585
1470,35.0658
1413,11.8404
1471,34.7891
1414,12.1578
1472,35.5867
1415,12.5684
1473,34.9433
1416,14.4579
1474,34.8477
1417,13.6496
1475,35.0639
1418,15.0763
1476,34.8614
1419,12.8626
1477,34.9505
1420,12.8046
1478,34.6186
1421,10.4183
1479,34.5897
1422,10.2440
1480,34.5327
1423,10.0742
1481,34.6761
1424,9.6570
1482,34.8113
1425,9.3608
1483,34.2877
1426,9.3280
1484,34.6227
1427,9.6620
1485,34.1717
1428,9.4607
1486,34.2504
1429,9.2523
1487,33.4423
1430,9.9602
1488,34.9782
1489,34.7006
1431,9.6100
1490,34.5480
1432,10.0313
1491,35.3182
1433,12.2717
1492,34.5334
1434,12.0155
1493,34.8393
1435,11.3920
1494,35.0927
1436,10.9805
1495,35.2175
1437,11.6172
1496,35.1787
1438,13.0856
1497,35.2879
1439,12.5910
1498,34.8474
1440,12.5309
1499,35.1823
1441,13.0422
1500,35.0077
1442,12.0939
1501,34.5942
1443,10.2395
1502,34.3625
1444,10.3292
1503,34.5558
1445,9.5273
1504,34.7454
1446,9.8402
1505,35.4449
1447,9.3826
1506,35.0179
1448,9.8763
1507,34.7266
1449,10.2851
1508,35.4072
1450,9.7207
1509,34.9361
1451,9.9520
1510,34.8120
1452,9.2477
1511,34.6341
1453,9.9252
1512,35.2622
1454,9.3521
1513,34.1989
1455,9.4499
1514,36.5681
1456,10.3096
1515,34.3194
1516,34.5498
1457,9.5191
1517,36.9362
1458,10.8484
1518,34.1264
1459,11.6685
1519,34.7083
1460,12.1195
1520,35.7563
1461,12.4923
1521,35.0924
1462,13.4614
1522,34.9521
1463,14.4984
1523,34.8479
1464,15.5833
1524,34.7343
1465,13.9613
1525,35.3848
1466,13.2913
1526,34.9671
1467,13.4927
1527,35.0687
1468,13.5895
1528,35.0854
1469,11.6963
1529,35.8888
1470,12.9008
1530,35.6158
1471,11.5353
1531,35.2798
1472,12.2799
1532,34.5602
1473,9.4067
1533,35.3239
1474,9.7391
1534,34.7072
1475,9.2184
1535,35.0661
1476,9.1984
1536,33.9834
1477,9.1882
1537,34.1895
1478,9.4627
1538,33.9294
1479,9.2952
1539,34.4518
1480,9.1403
1540,34.0296
1481,9.7936
1541,34.1911
1542,33.7719
1482,9.2102
1483,9.3906
1543,35.0057
1544,34.3847
1484,10.0981
1545,34.6574
1485,9.1990
1486,9.4093
1546,35.0021
1547,33.9107
1487,9.3738
1488,9.5631
1548,38.0086
1489,9.6434
1549,34.9345
1550,34.5450
1490,10.2094
1491,9.3521
1551,35.7300
1492,9.8985
1552,35.4263
1553,34.7862
1493,9.5245
1554,34.8353
1494,9.2838
1555,34.2349
1495,10.3529
1556,34.8110
1496,9.7590
1497,10.1080
1557,34.8334
1558,34.6767
1498,9.8215
1499,9.1091
1559,34.6746
1500,9.6679
1560,33.9457
1561,36.4781
1501,9.9252
1562,34.9455
1502,9.6354
1563,35.0229
1503,10.2509
1564,35.1956
1504,10.4109
1505,9.3459
1565,35.6041
1506,9.6544
1566,34.2064
1567,34.5151
1507,10.3457
1568,34.1261
1508,10.4845
1509,9.4021
1569,35.2044
1510,9.5951
1570,34.1948
1571,34.4674
1511,9.4015
1572,34.6558
1512,9.7743
1573,34.5952
1513,10.1754
1574,35.0953
1514,9.6885
1515,9.6828
1575,35.3034
1576,34.7619
1516,10.4949
1577,34.7978
1517,9.6399
1518,9.9244
1578,34.7783
1579,34.9782
1519,9.4824
1580,34.8647
1520,9.7107
1581,34.4402
1521,9.4093
1582,34.7447
1522,10.0357
1583,35.3095
1523,9.5732
1584,34.8187
1524,9.6010
1585,34.1569
1525,9.5218
1586,35.1963
1526,9.5750
1587,34.5870
1527,9.9216
1588,35.1371
1528,10.0183
1589,35.1313
1529,9.8339
1590,35.2087
1530,9.5951
1591,34.3277
1531,9.6107
1592,34.5123
1532,10.1239
1593,35.5413
1533,9.6372
1594,34.4228
1534,10.0152
1595,34.9131
1535,9.3472
1596,34.7959
1536,9.8015
1597,34.6126
1537,9.5330
1598,34.8473
1538,10.5834
1599,35.4346
1539,10.3150
1600,34.3530
1540,9.7931
1541,9.6009
1601,35.2541
1602,34.7297
1542,9.7326
1603,34.0857
1543,9.7639
1604,34.9831
1544,10.0463
1605,34.7930
1545,9.8510
1606,34.8427
1546,9.8416
1607,34.8907
1547,9.6545
1608,34.5868
1548,9.3893
1609,34.7748
1549,9.9024
1610,34.7318
1550,10.1867
1611,34.6458
1551,9.9162
1612,34.9382
1552,9.6514
1613,34.2320
1553,10.2086
1614,34.7049
1554,9.8549
1555,10.4334
1615,35.2352
1616,35.2637
1556,9.5406
1617,34.3250
1557,9.8026
1618,35.5516
1558,9.5768
1619,34.5942
1559,9.8225
1620,35.1034
1560,9.4356
1621,35.1545
1561,10.3668
1622,34.9490
1562,10.4903
1563,9.3112
1623,35.9179
1564,9.9945
1624,34.2802
1625,34.2559
1565,9.6700
1566,9.3615
1626,34.7381
1627,33.8990
1567,10.2756
1628,34.9513
1568,10.2837
1569,9.4146
1629,35.0077
1630,35.2035
1570,10.2662
1631,34.8254
1571,10.0803
1632,35.2211
1572,9.4383
1573,10.1510
1633,34.8242
1634,34.3492
1574,9.7690
1635,35.2743
1575,9.5298
1636,33.9694
1576,10.2351
1637,34.4579
1577,10.2885
1578,9.2568
1638,35.1142
1579,10.1310
1639,34.0029
1640,34.9184
1580,9.9005
1581,9.3074
1641,34.7834
1642,34.0966
1582,9.8337
1643,35.2243
1583,9.8716
1644,34.4876
1584,9.4635
1645,34.6940
1585,10.2444
1646,34.9323
1586,9.7469
1587,10.1124
1647,34.9073
1648,34.3789
1588,9.8640
1589,10.0918
1649,35.5257
1650,34.4716
1590,9.7475
1651,34.9769
1591,10.2370
1652,34.9502
1592,9.6131
1653,34.8836
1593,9.6273
1654,35.0365
1594,9.8672
1655,34.8155
1595,10.2691
1656,35.7429
1596,9.8909
1597,9.8802
1657,34.9619
1658,34.4379
1598,9.9397
1659,34.2204
1599,9.6712
1660,34.9456
1600,9.7553
1661,34.0288
1601,10.3426
1662,34.8153
1602,9.7602
1663,35.1238
1603,9.6674
1664,34.8656
1604,9.8286
1665,35.2511
1605,9.4888
1666,34.5687
1606,10.3107
1667,34.9382
1607,9.9442
1608,9.9741
1668,35.3790
1669,34.3951
1609,9.7762
1670,34.7400
1610,9.9180
1671,34.7523
1611,9.9101
1672,34.4941
1612,10.0031
1673,34.9849
1613,10.1074
1674,35.3726
1614,9.9360
1615,9.2458
1675,35.1036
1676,34.4670
1616,10.2263
1677,34.9795
1617,10.2313
1678,34.8588
1618,10.4375
1679,34.9876
1619,10.2664
1620,10.0949
1680,35.2054
1681,34.6025
1621,9.8643
1622,9.3923
1682,34.6656
1683,33.8344
1623,10.3437
1684,35.0185
1624,9.7086
1685,35.0891
1625,10.1419
1686,34.6902
1626,9.7074
1687,35.3235
1627,10.0870
1688,34.6001
1628,9.6383
1689,34.8319
1629,10.1884
1690,35.0385
1630,10.0765
1631,10.1142
1691,35.7156
1692,34.4369
1632,9.8786
1693,34.7232
1633,9.6735
1694,35.0706
1634,9.3314
1695,34.6001
1635,9.6268
1696,34.8450
1636,9.9578
1697,35.2920
1637,9.5642
1698,35.0010
1638,10.4191
1699,34.9043
1639,10.0057
1640,9.4446
1700,35.3344
1701,34.4327
1641,10.1296
1702,34.8919
1642,9.8696
1643,9.7150
1703,35.6182
1704,34.1471
1644,10.0721
1705,34.8193
1645,10.0306
1706,34.7461
1646,9.6622
1707,34.1839
1647,10.1757
1708,35.0062
1648,9.8673
1649,8.6562
1709,35.4889
1710,34.4088
1650,8.3476
1711,35.2203
1651,8.4147
1712,34.9489
1652,9.1809
1713,34.6826
1653,9.4707
1654,9.0490
1714,35.5152
1655,8.6521
1715,34.8396
1716,34.3617
1656,8.8595
1717,35.1539
1657,8.6646
1718,34.1856
1658,8.9006
1719,34.5834
1659,9.0338
1660,8.7637
1720,35.4341
1661,9.2228
1721,34.7887
1722,34.2865
1662,9.2755
1723,35.2334
1663,9.1179
1664,9.4181
1724,35.1861
1725,34.6185
1665,9.5165
1726,35.2770
1666,9.8215
1727,34.0700
1667,9.3961
1728,35.0896
1668,9.9163
1729,34.2790
1669,9.5097
1730,34.8437
1670,10.2364
1671,9.9715
1731,35.4920
1732,34.7502
1672,9.6652
1733,34.5265
1673,9.7117
1734,34.4572
1674,9.8738
1735,35.0997
1675,10.1265
1736,35.1290
1676,8.5514
1677,8.5786
1737,35.0741
1738,34.3601
1678,8.5269
1739,34.3896
1679,8.0095
1680,8.9530
1740,35.2097
1741,34.6904
1681,7.7932
1682,7.7600
1742,34.8450
1683,8.1011
1743,34.5352
1744,34.6445
1684,7.8451
1685,8.3591
1745,34.9694
1746,34.6071
1686,7.7678
1747,34.3314
1687,7.9960
1748,34.2730
1688,8.3285
1749,34.9048
1689,8.0163
1690,7.8384
1750,34.9473
1691,7.9857
1751,34.5006
1752,34.4500
1692,7.8611
1753,34.6350
1693,8.3014
1754,34.6548
1694,7.8729
1695,7.8826
1755,34.8010
1756,33.9815
1696,8.1484
1697,7.9704
1757,35.4221
1758,34.3498
1698,8.0005
1759,34.7918
1699,7.9967
1760,34.4737
1700,8.7562
1761,35.0301
1701,7.8926
1702,8.8855
1762,35.1607
1763,34.8396
1703,8.1240
1704,8.3638
1764,35.9893
1705,8.5227
1765,34.4659
1766,34.2100
1706,8.6506
1767,35.8697
1707,8.5081
1768,34.9663
1708,8.3882
1769,34.5431
1709,8.4667
1770,34.9271
1710,8.4258
1771,34.1576
1711,9.4864
1772,35.5150
1712,10.0662
1773,35.1777
1713,10.1480
1774,34.9172
1714,9.5161
1775,34.7984
1715,8.3064
1716,8.6482
1776,35.0203
1777,34.5241
1717,8.5721
1778,35.0385
1718,7.9538
1719,8.0751
1779,34.4672
1720,8.1786
1780,34.7300
1781,35.0122
1721,8.5154
1782,34.8087
1722,7.9164
1723,7.9802
1783,34.9805
1724,7.9137
1784,34.6133
1725,8.1266
1785,34.6940
1786,34.1481
1726,7.9722
1787,34.7782
1727,7.9288
1728,8.1877
1788,34.3112
1789,34.4610
1729,8.3359
1790,34.9708
1730,7.8711
1791,34.2160
1731,7.9321
1792,34.7089
1732,8.1794
1733,8.1847
1793,35.6291
1794,34.4047
1734,7.9098
1795,35.0136
1735,7.9162
1796,34.5314
1736,8.7751
1797,34.4683
1737,8.2499
1798,35.2621
1738,8.1542
1799,34.9047
1739,8.8054
1800,34.7827
1740,7.9707
1801,35.2303
1741,8.0930
1802,35.2202
1742,8.2755
1803,34.4712
1743,7.9658
1804,35.3955
1744,8.4431
1805,34.7168
1745,9.3771
1806,35.7684
1746,8.6637
1747,8.6073
1807,35.9306
1748,9.2827
1808,34.9881
1749,9.5740
1809,34.5718
1810,34.2003
1750,9.6509
1811,34.2452
1751,8.5571
1752,8.3618
1812,35.7705
1753,8.1218
1813,34.5540
1814,34.2610
1754,8.5921
1815,34.4590
1755,8.3023
1816,34.9451
1756,8.4499
1817,34.4305
1757,7.7346
1818,34.5772
1758,9.0107
1819,34.3553
1759,8.1471
1760,7.7358
1820,34.9343
1821,33.9904
1761,7.9772
1822,34.8466
1762,7.9471
1823,34.3517
1763,7.8608
1824,34.8750
1764,8.4989
1825,35.5058
1765,7.8244
1766,7.8607
1826,35.0336
1767,7.8704
1827,34.9673
1828,34.4097
1768,7.9885
1829,34.3793
1769,8.3767
1830,34.2050
1770,7.9541
1771,7.9304
1831,35.1193
1832,33.9676
1772,8.0099
1833,34.2085
1773,7.9941
1774,8.2165
1834,34.8286
1835,34.5065
1775,7.8325
1836,34.8035
1776,9.9593
1837,37.2101
1777,10.1823
1838,35.9431
1778,10.1176
1779,10.3311
1839,37.7851
1840,35.3793
1780,10.8020
1841,35.0622
1781,11.4546
1782,11.3395
1842,35.3143
1843,35.5571
1783,10.4539
1784,10.2779
1844,35.3654
1845,34.7880
1785,10.1356
1846,35.5416
1786,10.0309
1787,10.4228
1847,38.7872
1788,10.0312
1848,35.3502
1849,35.6542
1789,9.7555
1850,35.4762
1790,9.6380
1851,35.2342
1791,9.4291
1792,9.2438
1852,35.6643
1793,9.1181
1853,35.4414
1794,9.1787
1854,34.7772
1855,35.1212
1795,9.2239
1856,35.0165
1796,9.2558
1857,35.4777
1797,9.3910
1798,9.2425
1858,38.8394
1799,9.2331
1859,35.5954
1800,9.3574
1860,37.2085
1801,10.4859
1861,35.3873
1802,9.7045
1862,35.8073
1803,9.7541
1863,34.7300
1864,35.8750
1804,10.4214
1865,36.2856
1805,10.5651
1806,10.8066
1866,35.1836
1807,11.2887
1867,35.3777
1868,34.5770
1808,11.2566
1869,35.8384
1809,10.6962
1870,35.6219
1810,9.8154
1871,35.4944
1811,9.9742
1872,34.8439
1812,9.4745
1873,35.5581
1813,9.8419
1814,9.9724
1874,38.1163
1875,34.5130
1815,9.2715
1876,35.5328
1816,9.0721
1817,9.5532
1877,37.7684
1818,9.0461
1878,35.3465
1879,35.0744
1819,10.0334
1880,38.1873
1820,9.1848
1821,9.1804
1881,35.8456
1822,9.1899
1882,35.7212
1883,34.9718
1823,9.1362
1884,35.1201
1824,9.1483
1885,35.2178
1825,9.1050
1886,37.4756
1826,8.9555
1827,9.4996
1887,34.9039
1888,37.4478
1828,9.2812
1889,35.4937
1829,9.3916
1890,35.4911
1830,9.3131
1891,35.1687
1831,9.1631
1832,9.4296
1892,36.0618
1893,35.5520
1833,9.4808
1834,9.4077
1894,35.8021
1835,9.8817
1895,35.9130
1896,35.2600
1836,9.7002
1837,10.5872
1897,35.6549
1898,35.3896
1838,10.9673
1839,11.2071
1899,36.5617
1840,10.9989
1900,35.3079
1901,34.6809
1841,10.9109
1902,35.3335
1842,9.9144
1843,10.6845
1903,38.0232
1904,34.7343
1844,9.5396
1905,35.1170
1845,9.7815
1906,35.3561
1846,10.0853
1907,35.0676
1847,9.9561
1848,9.7725
1908,35.7486
1909,35.2166
1849,9.2448
1850,9.9144
1910,37.7862
1911,34.8729
1851,9.3174
1852,9.1090
1912,38.4942
1853,9.1037
1913,35.5270
1854,9.0076
1914,35.7558
1855,9.7774
1915,35.2059
1916,35.5545
1856,9.2223
1857,9.0411
1917,35.4057
1858,9.7892
1918,34.9947
1919,35.5448
1859,9.4759
1920,35.9205
1860,9.0613
1921,35.6085
1861,9.2910
1922,35.6774
1862,9.3622
1923,35.8346
1863,9.3525
1864,9.1331
1924,38.1997
1865,9.1738
1925,35.3922
1926,35.0511
1866,9.6165
1867,9.1988
1927,36.2157
1928,35.0728
1868,9.6319
1929,37.2861
1869,9.2791
1870,10.0230
1930,37.6377
1931,35.3844
1871,9.9419
1932,36.0314
1872,10.1767
1933,36.0870
1873,9.4256
1934,36.2991
1874,9.3581
1935,35.3813
1875,9.8178
1936,36.9324
1876,9.1408
1877,9.5688
1937,35.3024
1938,35.0341
1878,9.7414
1939,38.9737
1879,8.9712
1880,8.9854
1940,35.5265
1941,35.1485
1881,9.2971
1882,8.9850
1942,36.0804
1943,35.3062
1883,9.1679
1944,35.2129
1884,8.9571
1945,35.6748
1885,9.1412
1946,35.9786
1886,9.0312
1887,8.8306
1947,38.4147
1888,9.1713
1948,35.1256
1949,34.9547
1889,9.2261
1950,36.3971
1890,9.2615
1951,35.5181
1891,9.5588
1952,35.8224
1892,9.7336
1953,36.0346
1893,9.6650
1954,35.6422
1894,9.8011
1955,35.9167
1895,9.5064
1956,35.9939
1896,9.2825
1957,35.7981
1897,9.1688
1958,35.3444
1898,9.6997
1959,35.0008
1899,9.4322
1960,36.3293
1900,9.6299
1961,37.9372
1901,9.1083
1962,35.0643
1902,10.2481
1963,35.9523
1903,10.0203
1904,8.9943
1964,38.2319
1965,37.7225
1905,9.3978
1906,8.9004
1966,35.7996
1907,8.9801
1967,37.2998
1968,35.2708
1908,9.1987
1969,36.6310
1909,9.3995
1910,8.8898
1970,36.4136
1971,34.9781
1911,8.9905
1972,36.4403
1912,8.8885
1973,35.4531
1913,9.0515
1974,35.1542
1914,9.1529
1975,35.5662
1915,9.4950
1976,36.6673
1916,8.8801
1977,35.6022
1917,9.0268
1978,38.0601
1918,8.9732
1979,35.5724
1919,9.0349
1980,35.9382
1920,9.9367
1981,35.7620
1921,9.4709
1922,9.2786
1982,37.8669
1983,35.6124
1923,9.5614
1984,35.6241
1924,9.4747
1985,35.8574
1925,9.3828
1986,36.2445
1926,9.4479
1927,9.7866
1987,36.2335
1988,35.2939
1928,9.3608
1929,9.3336
1989,36.3681
1990,35.0702
1930,9.4622
1991,36.4115
1931,9.4695
1992,35.3402
1932,9.4060
1993,36.4436
1933,9.6210
1994,36.5962
1934,9.6211
1995,36.5549
1935,10.1371
1996,36.5221
1936,9.4481
1937,9.7158
1997,35.8475
1998,35.6717
1938,10.2168
1999,35.5609
1939,9.3878
2000,36.1334
1940,9.6655
2001,35.8691
1941,9.7604
2002,36.2632
1942,9.4371
1943,9.6232
2003,36.3403
2004,35.6668
1944,9.4647
2005,35.7920
1945,10.0609
1946,9.2751
2006,37.3906
1947,9.2682
2007,36.3931
2008,35.2078
1948,9.3085
2009,35.9026
1949,8.9846
2010,35.5076
1950,9.1123
2011,35.9759
1951,9.5664
2012,35.2662
1952,9.3133
2013,35.5854
1953,9.4991
2014,35.3848
1954,9.7251
2015,35.6212
1955,9.2130
2016,36.1001
1956,9.5574
2017,35.4076
1957,9.7488
1958,9.3050
2018,36.7465
1959,9.2971
2019,35.6932
2020,35.6597
1960,9.6030
2021,36.3536
1961,9.2002
2022,35.0971
1962,9.5334
2023,36.2823
1963,9.2479
2024,35.9715
1964,9.4167
2025,36.3783
1965,9.2501
2026,35.6319
1966,9.6616
2027,36.1837
1967,9.1378
2028,35.6692
1968,9.4575
2029,36.5357
1969,9.0177
2030,35.4424
1970,9.5695
2031,35.8842
1971,9.2628
2032,35.9998
1972,9.5959
1973,9.0375
2033,36.5517
2034,35.8030
1974,9.3505
2035,36.3629
1975,9.1096
2036,36.1245
1976,9.2049
2037,36.6648
1977,9.2567
2038,36.4047
1978,9.1674
2039,36.5475
1979,9.2184
2040,36.4355
1980,9.1980
2041,36.7108
1981,9.2583
2042,35.6503
1982,9.1848
1983,9.1446
2043,35.8927
2044,36.0347
1984,9.1633
2045,35.9009
1985,9.0130
2046,35.2008
1986,9.1063
2047,34.8928
1987,9.2292
1988,8.9591
2048,38.9400
2049,35.1849
1989,8.9905
2050,35.4404
1990,9.4570
1991,8.7970
2051,35.9719
1992,8.9665
2052,35.0453
1993,9.1021
2053,35.7493
1994,9.8890
2054,35.8280
2055,35.7744
1995,9.6000
1996,9.1502
2056,36.4227
1997,9.1803
2057,35.7315
2058,34.8248
1998,9.0906
2059,35.9495
1999,9.3427
2000,9.3440
2060,36.3626
2061,35.2747
2001,9.3114
2062,35.3669
2002,9.8545
2063,36.5526
2003,9.0211
2064,35.4135
2004,9.1533
2065,35.3491
2005,9.6585
2066,35.4507
2006,9.4747
2067,35.7701
2007,9.1015
2068,36.4849
2008,9.1001
2069,36.4967
2009,9.3278
2070,36.2912
2010,9.1734
2071,36.2939
2011,9.0639
2072,35.6238
2012,8.9739
2073,35.0102
2013,8.9729
2074,35.3899
2014,9.6816
2075,37.0098
2015,8.9826
2016,8.8846
2076,36.0902
2017,9.1253
2077,36.0780
2078,35.9843
2018,9.3770
2079,35.4063
2019,10.5180
2080,36.0067
2020,9.8532
2081,36.2803
2021,8.9266
2022,8.7600
2082,35.2630
2083,35.4941
2023,8.9278
2084,35.0813
2024,9.5887
2085,35.3199
2025,8.9574
2086,35.7344
2026,8.9341
2027,8.9432
2087,35.4854
2088,35.2539
2028,8.9246
2089,35.1060
2029,9.5911
2090,36.1450
2030,9.1850
2091,35.9156
2031,9.1309
2092,36.5026
2032,9.0532
2093,35.3169
2033,9.7371
2094,35.5997
2034,9.5568
2035,9.0390
2095,35.9665
2096,35.3753
2036,9.0633
2097,35.5213
2037,8.8855
2098,35.6437
2038,9.7076
2099,36.2520
2039,9.3686
2040,9.4277
2100,35.9661
2101,34.7448
2041,9.6931
2102,35.9612
2042,8.9137
2103,35.7661
2043,10.9450
2104,35.6508
2044,9.4795
2045,8.9630
2105,37.0768
2046,9.1155
2106,35.1675
2047,8.9893
2107,34.8060
2108,35.0983
2048,9.6791
2109,36.4784
2049,9.1313
2110,36.8393
2050,8.9730
2051,9.0761
2111,35.4688
2052,8.8391
2112,34.9096
2053,8.8579
2113,35.2617
2114,35.4270
2054,9.0272
2115,35.7341
2055,9.0339
2116,34.9722
2056,9.0356
2117,35.1756
2057,8.8340
2118,35.1082
2058,8.8092
2059,8.9828
2119,38.4963
2060,9.2884
2120,35.0500
2121,35.5575
2061,9.0827
2062,9.7484
2122,37.6864
2123,35.7240
2063,9.1148
2124,35.7814
2064,9.7616
2125,35.3778
2065,9.5023
2126,37.1729
2066,10.3599
2127,35.6726
2067,10.0405
2128,35.3101
2068,9.5760
2069,9.3582
2129,36.2917
2070,10.5205
2130,35.8015
2131,35.4794
2071,10.0489
2132,35.7330
2072,8.9697
2073,9.5138
2133,35.3608
2134,34.6632
2074,9.5374
2135,35.9670
2075,9.1906
2136,36.0161
2076,9.0822
2137,37.4902
2077,8.8500
2138,35.6369
2078,9.0692
2139,36.2401
2079,9.0785
2140,35.4332
2080,8.9088
2141,34.5952
2081,8.9352
2142,35.6577
2082,9.1270
2143,35.2667
2083,8.8665
2144,35.7044
2084,8.6713
2145,35.1820
2085,9.0094
2146,34.8957
2086,9.0495
2147,35.8142
2087,9.2838
2148,35.5731
2088,8.8774
2149,35.3966
2089,8.8916
2150,36.9768
2090,9.0465
2091,9.0527
2151,36.2313
2152,34.7968
2092,9.3771
2093,8.7953
2153,35.6556
2154,34.3677
2094,8.9837
2155,35.1160
2095,8.9748
2156,35.2979
2096,9.2457
2157,34.9104
2097,9.1785
2158,35.6524
2098,8.8637
2099,8.7211
2159,36.0310
2160,34.5913
2100,9.3444
2161,35.8707
2101,8.8290
2102,8.6535
2162,35.8366
2163,34.5546
2103,8.9961
2164,35.4196
2104,9.2650
2105,8.9788
2165,35.9711
2166,34.9389
2106,8.9313
2167,35.9789
2107,8.9899
2168,35.4279
2108,8.8908
2109,9.4129
2169,37.8029
2170,35.6736
2110,9.5540
2171,36.7257
2111,9.3309
2112,9.1569
2172,36.2471
2173,35.8045
2113,9.0741
2174,35.4822
2114,9.1555
2175,35.0397
2115,9.0914
2176,35.0772
2116,9.0199
2177,35.3183
2117,9.1035
2178,35.4451
2118,8.9925
2179,34.9979
2119,9.2209
2180,34.7861
2120,9.1256
2121,8.6572
2181,36.2717
2182,35.8280
2122,8.6022
2183,35.8831
2123,8.7201
2184,35.4399
2124,8.6457
2125,8.5829
2185,35.8171
2186,34.5528
2126,8.4947
2187,35.0995
2127,8.5360
2188,35.2923
2128,8.8336
2189,35.9147
2129,8.9965
2130,8.2812
2190,35.6232
2191,35.2210
2131,8.7006
2192,35.6238
2132,8.7014
2193,35.4044
2133,9.0833
2194,35.2830
2134,8.6353
2195,35.4326
2135,9.1429
2136,8.4321
2196,35.7908
2137,8.5334
2197,34.6341
2138,8.6939
2198,34.9703
2199,34.9934
2139,9.0690
2200,35.8102
2140,9.0331
2141,8.6498
2201,36.2372
2142,8.4261
2202,35.3433
2203,34.2265
2143,8.6387
2204,35.6459
2144,8.9069
2205,35.6001
2145,8.5838
2146,8.7737
2206,35.5673
2207,35.5167
2147,8.9328
2208,35.8056
2148,8.7034
2209,35.2589
2149,8.7184
2210,36.3387
2150,8.8840
2211,34.7835
2151,8.8321
2212,35.1103
2152,8.7278
2213,35.6960
2153,8.7248
2154,8.3913
2214,36.5975
2215,34.6246
2155,8.6087
2216,35.6280
2156,8.5000
2157,8.4226
2217,36.3992
2218,35.3714
2158,8.5400
2219,35.3640
2159,8.6362
2220,35.1020
2160,8.6836
2221,35.9803
2161,8.5960
2222,34.9412
2162,8.6166
2223,35.5326
2163,8.7588
2224,37.1514
2164,8.6748
2165,8.4451
2225,36.7534
2226,35.1362
2166,8.8682
2227,35.5350
2167,8.5599
2228,35.2960
2168,8.6129
2229,35.3317
2169,8.8062
2230,35.8345
2170,8.7388
2231,35.7513
2171,8.6300
2232,36.2727
2172,8.8882
2173,8.8763
2233,37.4072
2234,35.4514
2174,8.6940
2235,35.3623
2175,8.9017
2236,36.1459
2176,8.7061
2237,35.3592
2177,8.8260
2238,36.7068
2178,8.6525
2239,35.9133
2179,8.7924
2240,36.3670
2180,8.6519
2241,35.8402
2181,8.4976
2242,36.3983
2182,8.6040
2243,35.7074
2183,8.6910
2244,36.3819
2184,9.0093
2245,36.8723
2185,8.8233
2246,35.8936
2186,8.7273
2187,8.5907
2247,36.7650
2248,35.7986
2188,8.8407
2249,37.1497
2189,9.0936
2250,36.3799
2190,8.7729
2251,36.0920
2191,8.5318
2252,35.6197
2192,8.4613
2253,35.3041
2193,8.5192
2254,34.9805
2194,8.3795
2255,35.1345
2195,8.7218
2256,34.7080
2196,8.5606
2257,35.6872
2197,8.5855
2258,34.9867
2198,8.7086
2259,35.2987
2199,8.5158
2200,8.4311
2260,35.5345
2261,34.7762
2201,8.4890
2262,35.2073
2202,8.5810
2263,34.6767
2203,8.9921
2264,35.5456
2204,8.5711
2205,8.6775
2265,36.1462
2266,34.8120
2206,8.6738
2267,35.8623
2207,8.7214
2268,35.0134
2208,8.8198
2269,34.9188
2209,9.2173
2210,8.7114
2270,36.0180
2271,34.6912
2211,8.7865
2272,35.4644
2212,8.9964
2273,36.1514
2213,8.8036
2274,35.1799
2214,8.8810
2275,35.6548
2215,8.4632
2276,35.5230
2216,8.5016
2277,35.4663
2217,8.9089
2218,8.3995
2278,35.9313
2279,35.2166
2219,8.4978
2280,34.8917
2220,8.6945
2221,8.6408
2281,35.9443
2282,35.1340
2222,8.8448
2283,35.5970
2223,9.1053
2224,8.5818
2284,36.8578
2285,34.8446
2225,8.7381
2286,35.1529
2226,8.6912
2227,8.8394
2287,36.6030
2288,35.6243
2228,8.8884
2289,35.7251
2229,8.8061
2290,35.5300
2230,8.9350
2291,35.8724
2231,8.5794
2292,35.2297
2232,8.7732
2293,36.6848
2233,8.5344
2294,36.0455
2234,8.5830
2235,8.6415
2295,35.8074
2296,35.1492
2236,9.1367
2297,36.7365
2237,8.6141
2238,8.5035
2298,35.4222
2299,34.8960
2239,8.6065
2300,34.9878
2240,8.7441
2301,35.0935
2241,8.7808
2302,35.0006
2242,8.6420
2303,35.0560
2243,8.5862
2304,34.9314
2244,8.4572
2305,34.8229
2245,8.9190
2306,35.4378
2246,8.8585
2247,8.4036
2307,35.5855
2308,34.9483
2248,8.6067
2309,35.4631
2249,8.6063
2310,35.5512
2250,9.0769
2311,34.9335
2251,8.5860
2312,38.4111
2252,8.4761
2313,35.0640
2253,8.4775
2314,35.8495
2254,8.4047
2255,8.5183
2315,35.6883
2316,34.7383
2256,8.3042
2317,35.1236
2257,8.3429
2318,35.1866
2258,8.7681
2319,35.6238
2259,8.4726
2320,35.6721
2260,8.9445
2321,35.4872
2261,8.2825
2262,8.2167
2322,36.1061
2263,8.1483
2323,35.3022
2324,34.6190
2264,8.2231
2325,35.3147
2265,8.6642
2266,8.1101
2326,35.8666
2327,35.2942
2267,8.1777
2328,35.1462
2268,8.2819
2269,8.9492
2329,35.4272
2330,35.4599
2270,8.5087
2331,36.3974
2271,8.8664
2272,8.3506
2332,36.4778
2333,34.7992
2273,8.3014
2334,34.7977
2274,8.3367
2335,35.5569
2275,9.1846
2336,36.1806
2276,9.3953
2337,36.6942
2277,8.9650
2278,8.6284
2338,36.6183
2279,8.5709
2339,35.6146
2340,34.9060
2280,8.6925
2341,34.8822
2281,8.6866
2342,35.3486
2282,9.2438
2343,36.3140
2283,8.9176
2344,36.5328
2284,8.7381
2285,8.6130
2345,36.6196
2286,8.5692
2346,35.4284
2347,34.4902
2287,9.1713
2288,8.3678
2348,36.8180
2289,8.5777
2349,36.2527
2350,35.3015
2290,8.9734
2351,35.9685
2291,8.5152
2352,35.3122
2292,8.6429
2353,35.8750
2293,9.4577
2294,8.4393
2354,35.5634
2355,34.5898
2295,8.8066
2356,35.0336
2296,9.1054
2357,36.1283
2297,8.4727
2298,8.3816
2358,36.2365
2359,34.8438
2299,9.0279
2300,8.7927
2360,38.0369
2361,36.6658
2301,9.5541
2362,36.7770
2302,9.6684
2363,37.2744
2303,9.7713
2304,9.7687
2364,37.1542
2365,35.9633
2305,10.2508
2306,9.6038
2366,39.1224
2307,9.9663
2367,35.9223
2308,9.6263
2368,37.6622
2369,36.2674
2309,10.3263
2310,9.6885
2370,37.1304
2371,36.9003
2311,10.1382
2372,36.9904
2312,10.0907
2313,9.6950
2373,36.8356
2314,9.6815
2374,36.9369
2315,9.4890
2375,37.0059
2376,36.5709
2316,10.1415
2317,9.6701
2377,37.1113
2318,9.5855
2378,36.1899
2379,36.4067
2319,10.0852
2320,9.6145
2380,36.9449
2321,9.6840
2381,35.9158
2322,9.0949
2382,37.2053
2323,8.7985
2383,35.7875
2384,36.0333
2324,10.0163
2325,9.5903
2385,37.4835
2326,9.0601
2386,36.6119
2327,8.7005
2387,36.6540
2328,8.4776
2388,35.9048
2329,8.3980
2389,35.8676
2330,8.7208
2390,35.9709
2331,8.2501
2391,35.6735
2332,8.2375
2392,36.0510
2393,34.9801
2333,8.6777
2394,36.0465
2334,8.5209
2395,35.9458
2335,10.0847
2336,8.5132
2396,36.5672
2337,8.6767
2397,35.5030
2398,35.2173
2338,8.8094
2399,35.4884
2339,9.3092
2400,35.5764
2340,9.8855
2341,8.4536
2401,36.2160
2402,35.0136
2342,9.7356
2403,37.1681
2343,8.6451
2344,8.3673
2404,36.8419
2405,35.9368
2345,8.5376
2406,35.9225
2346,9.5303
2407,36.8968
2347,9.3247
2348,8.8632
2408,36.6310
2349,8.8566
2409,36.2147
2410,36.1554
2350,9.3058
2411,37.0569
2351,9.7604
2412,36.7154
2352,9.9791
2353,9.8274
2413,37.5437
2414,37.3873
2354,10.0165
2415,37.0675
2355,12.3777
2356,12.1330
2416,36.6592
2357,11.4796
2417,35.5308
2358,11.6241
2418,36.0821
2419,35.5799
2359,12.1607
2420,36.9335
2360,12.0853
2361,12.0044
2421,37.1828
2362,12.1269
2422,36.1871
2423,35.2387
2363,12.1543
2424,36.0778
2364,11.9243
2425,36.7526
2365,12.1801
2366,12.0563
2426,36.2628
2427,36.4591
2367,13.2878
2368,10.3009
2428,36.8598
2429,36.7012
2369,12.6581
2370,12.7726
2430,37.1057
2371,11.2215
2431,35.9848
2372,10.8859
2432,36.1781
2433,36.3805
2373,11.9668
2374,11.1645
2434,37.1948
2375,10.0557
2435,39.7444
2376,10.2631
2436,35.9038
2377,10.9025
2437,38.3277
2378,10.1818
2438,35.5213
2379,10.0646
2439,35.5982
2380,8.4273
2440,36.1026
2441,35.4348
2381,9.4115
2442,35.0043
2382,9.3028
2443,34.6960
2383,10.8936
2384,8.4864
2444,35.9696
2385,9.2031
2445,35.8710
2446,35.1139
2386,9.4853
2387,9.3082
2447,36.2855
2388,8.5956
2448,36.3532
2449,35.7077
2389,8.4597
2450,36.3164
2390,8.9340
2451,35.9593
2391,9.2141
2452,35.4184
2392,9.4574
2393,8.4687
2453,36.8151
2394,8.4829
2454,34.8511
2455,35.1294
2395,9.5531
2456,35.3403
2396,9.9517
2457,35.8893
2397,8.7394
2458,35.2900
2398,9.2508
2459,35.5725
2399,9.2789
2460,35.6774
2400,9.9655
2461,35.8503
2401,10.1761
2462,35.4079
2402,10.7626
2463,36.5508
2403,10.8838
2464,35.0504
2404,10.9443
2465,34.8090
2405,11.9097
2406,11.8959
2466,35.7610
2467,34.8480
2407,11.6474
2468,34.7638
2408,12.8125
2409,12.7902
2469,35.9815
2410,11.2618
2470,35.2039
2471,34.8474
2411,11.3437
2472,34.5274
2412,12.6102
2473,35.9827
2413,12.7593
2414,12.1835
2474,36.6048
2475,35.0722
2415,12.8325
2416,12.0425
2476,35.5736
2477,34.8910
2417,12.7590
2478,35.6060
2418,11.6416
2479,35.0694
2419,12.1704
2480,35.2487
2420,12.0566
2481,34.6580
2421,11.3935
2422,9.6751
2482,35.4227
2483,34.4976
2423,13.3785
2424,10.9392
2484,35.4505
2425,9.6107
2485,34.9188
2426,8.8365
2486,35.2749
2427,8.4254
2487,35.5094
2428,8.4842
2488,36.3670
2429,8.4920
2489,34.8571
2490,35.0717
2430,9.5926
2431,9.2235
2491,35.2165
2492,34.6213
2432,8.4410
2493,33.8642
2433,10.4509
2434,8.4711
2494,38.0144
2435,8.8730
2495,34.6935
2436,8.6361
2496,35.0046
2497,34.6558
2437,9.5637
2498,35.2399
2438,10.8104
2439,8.5128
2499,35.5264
2440,8.4250
2500,34.9342
2501,34.8755
2441,9.3485
2502,35.8718
2442,9.8215
2503,35.3715
2443,10.5355
2444,8.8149
2504,35.7155
2505,34.9867
2445,8.4574
2506,34.9818
2446,9.9759
2507,34.8544
2447,10.8430
2508,35.4938
2448,11.6206
2509,35.7135
2449,12.3305
2450,12.4886
2510,35.9714
2511,35.4016
2451,12.9861
2452,12.1543
2512,35.3339
2513,35.3877
2453,12.6524
2514,35.2514
2454,10.8025
2515,35.2083
2455,11.5319
2516,34.9774
2456,11.6462
2517,35.8311
2457,13.1446
2458,11.9481
2518,35.3469
2519,34.4806
2459,12.9519
2460,12.5567
2520,35.5050
2461,11.1093
2521,34.3725
2522,35.1736
2462,12.1740
2523,35.5261
2463,12.6541
2524,35.5989
2464,12.5535
2465,9.9625
2525,35.4951
2466,9.6349
2526,34.9446
2527,35.0488
2467,9.7389
2528,35.2152
2468,9.2971
2529,35.2180
2469,8.8840
2470,8.2131
2530,34.8621
2531,34.5683
2471,8.4085
2532,34.7610
2472,8.5438
2533,35.2024
2473,9.2802
2534,35.0935
2474,8.6260
2535,35.4270
2475,8.5319
2536,34.7150
2476,8.4585
2537,35.6741
2477,8.5164
2538,35.2017
2478,9.4045
2539,34.6037
2479,8.7872
2540,35.0589
2480,9.6998
2541,35.9827
2481,8.6304
2482,8.2781
2542,35.7713
2483,8.8013
2543,34.9317
2544,34.7409
2484,9.1529
2545,35.4621
2485,9.5882
2546,34.9348
2486,9.3917
2487,8.6342
2547,36.1344
2548,34.5639
2488,9.2224
2549,35.1316
2489,9.1087
2550,35.2101
2490,9.0462
2551,35.9418
2491,9.8232
2552,34.7652
2492,10.3440
2493,8.6237
2553,35.6151
2494,8.6251
2554,34.4940
2555,35.2102
2495,9.7797
2556,34.8736
2496,10.3705
2497,8.9658
2557,37.0223
2498,9.3820
2558,35.2770
2559,35.0122
2499,9.8005
2500,10.2959
2560,36.5667
2561,35.4783
2501,10.4170
2562,35.1338
2502,9.7502
2563,35.2212
2503,10.3621
2504,9.7391
2564,36.1893
2505,9.9767
2565,34.5249
2566,35.3041
2506,10.1867
2567,35.6251
2507,10.0101
2568,35.5769
2508,10.1117
2509,9.3412
2569,35.3077
2570,34.5039
2510,9.3527
2511,8.6843
2571,35.0596
2572,34.3695
2512,8.8637
2513,8.5139
2573,35.8116
2574,34.7619
2514,8.4784
2575,34.8227
2515,8.5875
2516,8.7461
2576,35.5875
2577,35.6073
2517,8.5313
2518,8.4770
2578,35.1176
2579,34.9109
2519,8.7794
2580,35.7403
2520,8.5606
2581,35.4124
2521,8.5964
2582,35.0622
2522,9.2733
2583,36.0281
2523,8.4084
2584,34.9932
2524,9.6546
2585,35.6736
2525,9.0935
2586,35.6230
2526,9.5756
2527,9.9564
2587,35.9893
2588,34.8686
2528,9.6355
2529,9.6236
2589,35.8689
2530,9.8567
2590,36.0568
2591,34.8840
2531,9.7775
2532,10.8566
2592,34.9423
2593,35.1026
2533,10.9123
2534,9.6646
2594,36.1917
2535,9.6963
2595,36.1130
2536,9.5746
2596,35.8259
2537,9.5984
2597,34.7354
2598,34.9926
2538,9.4915
2539,8.5329
2599,35.5950
2540,8.2468
2600,34.9041
2541,8.3621
2601,34.9819
2602,34.9156
2542,8.6203
2603,34.8498
2543,8.5647
2604,35.0787
2544,8.5444
2605,34.6513
2545,8.6149
2606,35.5237
2546,8.6359
2607,35.1573
2547,8.6089
2608,35.5919
2548,9.0093
2609,34.6810
2549,10.1237
2550,8.4808
2610,36.4997
2611,34.6344
2551,9.0877
2612,35.5718
2552,9.4793
2613,34.6149
2553,9.6349
2614,36.0186
2554,10.5708
2615,35.4453
2555,9.8097
2556,9.5959
2616,35.5562
2617,34.8234
2557,9.5746
2618,34.8124
2558,10.2131
2619,36.0889
2559,10.1701
2620,35.0626
2560,10.0390
2561,9.6112
2621,35.4560
2622,34.8679
2562,9.6932
2623,34.8928
2563,9.6240
2624,35.0518
2564,9.3222
2625,34.7403
2565,9.3269
2566,8.8254
2626,35.7361
2627,35.0287
2567,8.6588
2628,35.5634
2568,9.4853
2629,38.3682
2569,8.8694
2630,35.3040
2570,8.7521
2631,35.1582
2571,8.6245
2572,8.4190
2632,35.7420
2633,34.9434
2573,8.7693
2634,35.6862
2574,8.4731
2635,35.0670
2575,8.6879
2636,35.1375
2576,8.8210
2577,8.3174
2637,35.0800
2638,34.1090
2578,8.5971
2579,8.4841
2639,35.5890
2640,34.4885
2580,8.9016
2641,35.6480
2581,8.5648
2642,34.9084
2582,9.1354
2643,34.4876
2583,9.2830
2644,35.2435
2584,9.5600
2645,34.9410
2585,9.8431
2646,35.1054
2586,9.6671
2587,9.7774
2647,36.1189
2648,34.9309
2588,9.6113
2649,35.4554
2589,10.1342
2650,35.1097
2590,11.1535
2651,35.8959
2591,10.1515
2592,9.9769
2652,36.1394
2593,9.5524
2653,35.6134
2594,9.6712
2654,35.6477
2655,34.8493
2595,9.9415
2656,35.5291
2596,10.1788
2597,9.0179
2657,36.1360
2598,8.6896
2658,34.8205
2599,8.3624
2659,35.0827
2660,34.9201
2600,8.1223
2661,34.7807
2601,9.1575
2662,35.6797
2602,8.7181
2603,8.0884
2663,35.9565
2604,8.4582
2664,34.7818
2665,35.0841
2605,8.6164
2606,8.1247
2666,35.6219
2667,35.0343
2607,8.1162
2608,8.2018
2668,34.6826
2669,34.7000
2609,8.9243
2670,35.4843
2610,8.4508
2671,35.5052
2611,8.9653
2672,35.0594
2612,9.9472
2673,35.5293
2613,8.9577
2674,34.3056
2614,9.4890
2675,35.1451
2615,10.3563
2616,9.6656
2676,36.3619
2677,35.1865
2617,10.3328
2678,35.7501
2618,9.6136
2619,9.6328
2679,34.8338
2680,34.9090
2620,9.6245
2681,35.1096
2621,9.9661
2622,8.9890
2682,35.4090
2623,8.2533
2683,34.8589
2624,8.1924
2684,36.7521
2625,8.1519
2685,35.5353
2686,35.0431
2626,8.3685
2687,35.5362
2627,8.5093
2688,36.2576
2628,8.2535
2629,8.0609
2689,34.8883
2630,8.1938
2690,34.8146
2691,34.7010
2631,8.7069
2692,35.5358
2632,8.6100
2633,8.2805
2693,35.7976
2694,34.8786
2634,8.4179
2695,35.4617
2635,8.2938
2696,35.0622
2636,9.3620
2697,35.4355
2637,9.4309
2698,34.2720
2638,9.6345
2639,9.5263
2699,36.2374
2700,35.1630
2640,9.6757
2641,9.2319
2701,35.2911
2702,35.0708
2642,9.6906
2703,35.2002
2643,9.4403
2644,9.1652
2704,35.1354
2705,35.6622
2645,8.7577
2646,8.0930
2706,35.4992
2647,8.1347
2707,34.7775
2648,8.4242
2708,34.8743
2709,35.5204
2649,8.2901
2710,35.0322
2650,8.1342
2651,8.0138
2711,35.5714
2652,7.9338
2712,37.4290
2653,8.1154
2713,34.7444
2654,8.7638
2714,34.6772
2715,34.9581
2655,8.5482
2656,8.1369
2716,35.7919
2657,8.0682
2717,37.5288
2658,8.0633
2718,34.8663
2719,34.6085
2659,9.7057
2720,35.3755
2660,9.3662
2661,9.7084
2721,35.7877
2662,9.2013
2722,35.5513
2663,9.4469
2723,35.3476
2724,34.6784
2664,9.4835
2665,10.4795
2725,35.8189
2726,35.3996
2666,10.0691
2667,9.4804
2727,36.2083
2668,9.3902
2728,37.9998
2669,8.8022
2729,35.5147
2670,8.3689
2730,34.7115
2671,8.3035
2731,34.7337
2732,34.9158
2672,7.9225
2673,8.1572
2733,34.7438
2734,34.9362
2674,8.5250
2735,35.0215
2675,8.0967
2676,8.0052
2736,35.1344
2677,8.6323
2737,35.3434
2738,34.6013
2678,8.1160
2739,35.6211
2679,8.9074
2740,35.7630
2680,8.7309
2741,35.9020
2681,8.1760
2682,8.6847
2742,35.7985
2743,35.8601
2683,8.2387
2744,35.6227
2684,8.4655
2745,35.3693
2685,9.9260
2746,35.8558
2686,9.4460
2747,36.3785
2687,9.4187
2748,35.4419
2688,10.2334
2749,34.8923
2689,9.3534
2690,9.6960
2750,35.7972
2751,34.7673
2691,9.5250
2692,8.7617
2752,35.1305
2693,8.6654
2753,34.7096
2754,35.9168
2694,7.9443
2755,34.7363
2695,8.8737
2756,34.9001
2696,8.5771
2697,7.9505
2757,35.8472
2698,8.8220
2758,34.8148
2759,35.7401
2699,7.9771
2700,8.7643
2760,35.3423
2761,34.9802
2701,8.4743
2702,8.4545
2762,35.4091
2763,34.9399
2703,8.2023
2704,8.8987
2764,35.4922
2765,34.5945
2705,9.7830
2766,35.5678
2706,9.6295
2707,9.6450
2767,35.9205
2708,9.5303
2768,35.9995
2709,9.5846
2769,35.3353
2770,35.4888
2710,9.5254
2711,9.7532
2771,35.2755
2772,35.1143
2712,10.9809
2773,36.2964
2713,9.2930
2714,9.4214
2774,35.2883
2715,8.3651
2775,34.9888
2716,8.8283
2776,34.9342
2777,34.8945
2717,8.3630
2718,8.1520
2778,36.2188
2719,8.3493
2779,35.0030
2780,34.7788
2720,7.9512
2781,34.7345
2721,8.4875
2782,34.5101
2722,8.2372
2723,7.9577
2783,35.7683
2724,8.4180
2784,34.8588
2785,34.7779
2725,8.5676
2786,35.1808
2726,9.1658
2787,36.0387
2727,8.2021
2788,35.3075
2728,8.4573
2789,35.0678
2729,9.1056
2790,35.0416
2730,8.9519
2731,9.4874
2791,35.9588
2732,9.3262
2792,35.5898
2793,34.8659
2733,9.5367
2794,35.2129
2734,10.0894
2795,35.7608
2735,9.5631
2736,9.7100
2796,35.4592
2797,34.7754
2737,9.4631
2738,10.1136
2798,34.9078
2799,37.9709
2739,9.6926
2740,8.4853
2800,35.5244
2741,8.3594
2801,34.8851
2742,8.0055
2802,34.9021
2743,8.1624
2803,35.4719
2744,8.0372
2804,34.9594
2805,34.6849
2745,8.3129
2806,34.9493
2746,8.1270
2747,8.0272
2807,35.3639
2808,34.6653
2748,8.9157
2809,34.8976
2749,8.3393
2750,8.5693
2810,36.6797
2811,34.6589
2751,8.5395
2812,35.3969
2752,8.5439
2753,8.9393
2813,35.4485
2814,34.7165
2754,9.5474
2815,35.6166
2755,9.3782
2816,35.9223
2756,10.4141
2757,9.8753
2817,35.9267
2758,9.6966
2818,35.8105
2819,35.3306
2759,9.9537
2820,35.5534
2760,9.8930
2761,8.6416
2821,36.0899
2762,8.3878
2822,34.9635
2763,7.9939
2823,34.8459
2764,8.9149
2824,34.8885
2825,34.6907
2765,8.8089
2766,8.4150
2826,35.5902
2767,8.0867
2827,35.0954
2768,8.2139
2828,34.3924
2829,35.2185
2769,9.3784
2830,35.6436
2770,8.4283
2771,8.5541
2831,35.4904
2832,35.0403
2772,8.8992
2833,35.5172
2773,8.8003
2834,35.6706
2774,9.2232
2835,35.1492
2775,9.6671
2836,35.0742
2776,10.0069
2777,10.2887
2837,35.3994
2838,35.0583
2778,9.9281
2779,10.1962
2839,36.0741
2780,9.5124
2840,34.8362
2841,35.0525
2781,9.7446
2782,9.4939
2842,35.4933
2843,35.1806
2783,8.7491
2784,8.8967
2844,35.3460
2845,34.9901
2785,8.8209
2786,8.8054
2846,36.1031
2847,34.4091
2787,8.4116
2788,8.0961
2848,35.3359
2789,8.3456
2849,34.5543
2790,7.8687
2850,35.9422
2791,9.6175
2851,35.2530
2852,35.5898
2792,9.4450
2793,8.4438
2853,36.0029
2794,8.4192
2854,35.0720
2855,35.0471
2795,9.0455
2856,35.5481
2796,9.7869
2857,35.5154
2797,10.4792
2798,9.7207
2858,35.6422
2859,35.4380
2799,9.7003
2860,35.2618
2800,9.7363
2801,9.7863
2861,35.9500
2862,34.5678
2802,9.6808
2863,35.1941
2803,9.7010
2804,8.6420
2864,35.3551
2805,8.2136
2865,35.6721
2806,8.7978
2866,34.9254
2867,35.4653
2807,8.2400
2808,8.1911
2868,35.6943
2869,34.7446
2809,8.6493
2870,37.0436
2810,8.1667
2811,8.0122
2871,34.7476
2872,35.3055
2812,8.5269
2873,35.3674
2813,8.4939
2874,35.5554
2814,8.4636
2875,35.1324
2815,8.5743
2876,35.9553
2816,8.5119
2877,36.0227
2817,8.9457
2878,35.6276
2818,8.8773
2819,9.5446
2879,38.1042
2880,35.0451
2820,9.2013
2881,35.4403
2821,9.5820
2822,10.1266
2882,35.7853
2883,35.7434
2823,9.6676
2824,9.3555
2884,35.6898
2885,35.4203
2825,10.1943
2886,35.9588
2826,9.5537
2887,35.5555
2827,9.8443
2888,34.9382
2828,9.7015
2829,8.5614
2889,35.0861
2830,8.6183
2890,35.1157
2891,36.0741
2831,8.4032
2832,8.7783
2892,35.3125
2893,35.1209
2833,8.2635
2834,8.0692
2894,35.9256
2835,8.0119
2895,35.0072
2836,8.0959
2896,34.5519
2897,34.7713
2837,8.8776
2898,35.6741
2838,8.5104
2899,35.4222
2839,8.4242
2900,36.3257
2840,8.8932
2901,35.2362
2841,8.6819
2842,8.8785
2902,35.5891
2903,34.6681
2843,9.7041
2904,35.5427
2844,9.7392
2905,34.8157
2845,9.7536
2906,35.2147
2846,10.1760
2907,35.3003
2847,9.6671
2848,9.5115
2908,35.1678
2909,35.0006
2849,9.6910
2850,9.5672
2910,35.6228
2911,34.4575
2851,9.6720
2852,8.6123
2912,36.0161
2853,8.1837
2913,34.8435
2854,8.5587
2914,35.1518
2855,8.2762
2915,35.0903
2856,8.5659
2916,34.5544
2917,35.0578
2857,8.5975
2918,35.1343
2858,8.6504
2859,7.9860
2919,35.5404
2920,34.7652
2860,9.6157
2921,35.1322
2861,9.6919
2862,8.0508
2922,36.2161
2863,9.4216
2923,34.7660
2924,34.8373
2864,8.8417
2865,8.4919
2925,35.8768
2926,35.3079
2866,8.9869
2927,35.1715
2867,8.6662
2868,8.6718
2928,36.2882
2929,34.9286
2869,10.2486
2930,35.4722
2870,9.8287
2871,7.9592
2931,35.8865
2872,10.4026
2932,34.6636
2933,35.9460
2873,9.7907
2874,8.8241
2934,35.4179
2935,34.6583
2875,9.5476
2936,35.7504
2876,8.5955
2877,8.4983
2937,35.9668
2938,35.1240
2878,9.6436
2939,34.8353
2879,8.7634
2880,8.6147
2940,35.6139
2941,35.1023
2881,9.4804
2942,35.5668
2882,8.5770
2883,8.3787
2943,35.9875
2944,34.6919
2884,9.8673
2945,35.2541
2885,9.8846
2886,9.2486
2946,36.0428
2947,34.8309
2887,9.0888
2948,34.8961
2888,8.4773
2949,36.1992
2889,9.3719
2950,35.9008
2890,9.7739
2951,35.5963
2891,9.1186
2952,35.3215
2892,8.8543
2893,8.1918
2953,35.8176
2954,35.1163
2894,8.9804
2955,34.6659
2895,8.4413
2956,35.5337
2896,9.8336
2957,35.0415
2897,9.8685
2898,9.1514
2958,36.3090
2959,34.9482
2899,8.7001
2900,8.1312
2960,35.3721
2961,34.8365
2901,9.4841
2962,36.0546
2902,8.9537
2963,35.9306
2903,9.1108
2964,34.9302
2904,9.3294
2905,8.9475
2965,35.6240
2966,34.9951
2906,8.7416
2907,8.6505
2967,36.3363
2968,34.7996
2908,9.1763
2969,35.3494
2909,9.7175
2970,36.3165
2910,8.4404
2971,35.8039
2911,8.6194
2972,35.2454
2912,8.7208
2973,35.4196
2913,8.6137
2914,8.7288
2974,36.5191
2975,34.6255
2915,8.9175
2976,35.5757
2916,8.3609
2977,35.3833
2917,8.3561
2978,34.9716
2918,9.7105
2979,35.0106
2919,9.4617
2920,8.1729
2980,35.9263
2981,34.6534
2921,8.4116
2982,35.2478
2922,9.2663
2983,35.4617
2923,9.3828
2924,9.9946
2984,36.1915
2985,35.0630
2925,9.2637
2926,8.3692
2986,35.2995
2987,35.2041
2927,8.7338
2988,35.3186
2928,9.2591
2989,35.5806
2929,8.5219
2990,35.8266
2930,9.1736
2991,35.1456
2931,9.3438
2992,35.2164
2932,8.4828
2993,35.6294
2933,8.1888
2994,35.5878
2934,9.1272
2995,35.3764
2935,9.4697
2996,36.5121
2936,8.3115
2997,35.8723
2937,8.5699
2998,34.5595
2938,8.8859
2939,9.3787
2999,35.8872
3000,34.5797
2940,9.3837
2941,9.4810
3001,35.5780
3002,34.9448
2942,9.4528
2943,8.4376
3003,35.1670
3004,34.9040
2944,8.7361
3005,35.3961
2945,8.7964
3006,35.6699
2946,8.7480
3007,35.1988
2947,8.2984
3008,35.2241
2948,9.2384
3009,34.8369
2949,8.9150
2950,8.6076
3010,35.4935
3011,34.6572
2951,9.5126
3012,35.6245
2952,9.6308
2953,8.0998
3013,36.2619
3014,34.1946
2954,8.6041
3015,37.8288
2955,8.5948
3016,35.5184
2956,8.6649
3017,35.4164
2957,10.1818
3018,35.6471
2958,9.3034
2959,8.0973
3019,35.8592
2960,8.6071
3020,34.3372
3021,34.8586
2961,8.4577
3022,35.3819
2962,9.6928
3023,35.8741
2963,9.6035
3024,35.6391
2964,8.2749
2965,7.9580
3025,35.5877
3026,34.1169
2966,8.6993
3027,35.7258
2967,8.3533
3028,36.2036
2968,9.2062
3029,35.0242
2969,9.9594
3030,36.1342
2970,8.3005
3031,35.6468
2971,8.4664
3032,34.9260
2972,8.6009
2973,9.2367
3033,36.4674
3034,34.7022
2974,9.7462
2975,9.1646
3035,35.3909
3036,35.1177
2976,8.2707
2977,8.3895
3037,35.7154
3038,34.8830
2978,9.2507
3039,35.4919
2979,8.9575
2980,8.5711
3040,36.5350
3041,34.4867
2981,8.6583
3042,35.3655
2982,9.2255
3043,34.8466
2983,9.6885
2984,9.4338
3044,35.9065
3045,34.5274
2985,9.5794
2986,8.3709
3046,35.9025
3047,34.5849
2987,8.6966
3048,34.8074
2988,8.4315
3049,35.6224
2989,8.5524
3050,34.8699
2990,9.5804
3051,35.4800
2991,8.9512
2992,7.9980
3052,36.3006
3053,34.5917
2993,9.1624
3054,35.4263
2994,8.3870
3055,35.9955
2995,9.6189
3056,36.6623
2996,9.8574
3057,35.2423
2997,8.0993
3058,34.8986
2998,8.8941
3059,35.1153
2999,8.5675
3060,35.2563
3000,8.8805
3061,35.8123
3001,8.0451
3062,34.9134
3002,8.7516
3063,34.9124
3003,9.5883
3064,36.1248
3004,8.2986
3005,9.2084
3065,35.5482
3066,34.6756
3006,8.9993
3007,8.9756
3067,35.7105
3068,35.3037
3008,8.2789
3069,35.5600
3009,9.2988
3070,35.9586
3010,9.1256
3011,8.2959
3071,35.8720
3072,34.4222
3012,9.0494
3073,36.0965
3013,8.5137
3014,8.9857
3074,36.2002
3075,35.7404
3015,8.9527
3076,35.4678
3016,8.9921
3077,35.6076
3017,8.6020
3018,8.5433
3078,35.2167
3079,34.5130
3019,8.9397
3080,35.3704
3020,8.3607
3081,35.4855
3021,9.5014
3082,35.1806
3022,9.6824
3083,35.5297
3023,8.3781
3084,34.4825
3024,8.3292
3085,36.9414
3025,9.1381
3086,34.7939
3026,8.8682
3087,36.0971
3027,8.5722
3088,35.8668
3028,8.1340
3089,34.4184
3029,8.9356
3090,36.1560
3030,8.3392
3091,35.3422
3031,9.2160
3092,35.0547
3032,9.3297
3033,8.3225
3093,35.9951
3094,34.4382
3034,8.7570
3095,35.4718
3035,9.1274
3096,35.8507
3036,8.1975
3097,35.3328
3037,9.8839
3098,35.0971
3038,8.9740
3039,8.4139
3099,36.2575
3100,34.8486
3040,8.4476
3101,34.8668
3041,8.3170
3102,35.1957
3042,9.5181
3103,34.9284
3043,10.2890
3104,35.8306
3044,8.1501
3045,9.2758
3105,34.7454
3106,34.9010
3046,9.0866
3047,8.1759
3107,36.0218
3108,34.7958
3048,9.5378
3109,34.9488
3049,9.7515
3050,7.9575
3110,36.1487
3051,9.2706
3111,34.4662
3112,34.5123
3052,8.6341
3053,10.1810
3113,35.5852
3114,35.4754
3054,10.2845
3115,35.6750
3055,8.1630
3056,7.9207
3116,35.7993
3117,34.3317
3057,8.4954
3118,35.2631
3058,8.9375
3119,35.3906
3059,10.2486
3120,35.8060
3060,9.5176
3061,7.9817
3121,36.3157
3062,8.7511
3122,34.4247
3123,34.5733
3063,8.5928
3124,35.5426
3064,10.0989
3125,35.5006
3065,10.3390
3126,35.9068
3066,8.5344
3067,8.4694
3127,35.2507
3128,33.9540
3068,8.8129
3129,35.5136
3069,9.2129
3130,35.0131
3070,10.2617
3131,35.6754
3071,8.4460
3072,8.1579
3132,35.5407
3133,34.8613
3073,10.0072
3134,35.4881
3074,8.8201
3135,35.1495
3075,9.8691
3136,35.1794
3076,9.0049
3077,8.4748
3137,35.5755
3138,35.0378
3078,8.5633
3139,34.8822
3079,9.0398
3140,35.4080
3080,8.5757
3141,35.6719
3081,9.4626
3142,35.3908
3082,8.2884
3083,8.7787
3143,35.6309
3144,35.0721
3084,8.4817
3145,35.6871
3085,9.5964
3146,35.8251
3086,8.8915
3147,35.6549
3087,9.2749
3148,35.0956
3088,9.2629
3149,35.1869
3089,8.3495
3150,34.6861
3090,8.8820
3151,35.1676
3091,9.7031
3152,35.6874
3092,10.2206
3153,35.6142
3093,8.5168
3154,34.7636
3094,10.0738
3155,35.6155
3095,9.1619
3156,35.6351
3096,8.5568
3157,34.7154
3097,9.5041
3158,35.5123
3098,10.1622
3159,36.0779
3099,9.0298
3160,35.3320
3100,8.8328
3161,35.6130
3101,9.3484
3162,35.4925
3102,9.0704
3163,35.2093
3103,9.1407
3164,34.7207
3104,9.7811
3165,35.5102
3105,8.8563
3166,34.9760
3106,9.3834
3167,35.3115
3107,9.6091
3168,36.5989
3108,8.7200
3169,36.1077
3109,9.0755
3170,34.3416
3110,9.5063
3171,35.8254
3111,9.1970
3172,35.9282
3112,8.6492
3173,35.3358
3113,8.6219
3174,35.6379
3114,9.5317
3175,35.5938
3115,9.3811
3176,35.2925
3116,8.7283
3177,35.0908
3117,9.5767
3178,34.8326
3118,9.9997
3119,8.1644
3179,35.2982
3180,34.7375
3120,9.1860
3181,35.1874
3121,9.5136
3182,35.2477
3122,8.9746
3183,36.1066
3123,9.7465
3184,34.5537
3124,10.6848
3185,35.9014
3125,8.9009
3126,9.1752
3186,35.7807
3187,34.9832
3127,9.1911
3188,35.1292
3128,9.4702
3189,36.0156
3129,9.0410
3190,34.7067
3130,9.8470
3191,36.0028
3131,10.2169
3192,35.0687
3132,9.8201
3193,35.5087
3133,8.8285
3194,34.9105
3134,8.6565
3195,35.1768
3135,9.6218
3196,35.6554
3136,9.7117
3197,35.8061
3137,9.3383
3198,35.4733
3138,9.9671
3199,35.5912
3139,8.9210
3200,35.5396
3140,8.9396
3201,34.8255
3141,8.8209
3202,35.1202
3142,10.0459
3203,35.6465
3143,9.6602
3204,35.0989
3144,8.8789
3205,35.3654
3145,10.6807
3206,35.4429
3146,9.8046
3207,35.4538
3147,8.5836
3208,34.6561
3148,8.7068
3209,35.1061
3149,9.5053
3210,36.0464
3150,9.8280
3211,35.5326
3151,8.3164
3212,34.6512
3152,9.9495
3213,35.1200
3153,9.9233
3154,8.1864
3214,35.9832
3215,34.3998
3155,9.8365
3216,35.0728
3156,10.5949
3217,36.3992
3157,8.8764
3218,35.1132
3158,9.2804
3219,35.1974
3159,9.7937
3220,35.2938
3160,9.6418
3221,35.7977
3161,9.6889
3162,8.3383
3222,35.8729
3163,8.1609
3223,36.3662
3224,34.6715
3164,9.9704
3225,35.8318
3165,10.3774
3226,36.1186
3166,8.6333
3227,34.9642
3167,10.2797
3228,35.5722
3168,8.8231
3169,8.2339
3229,36.0876
3230,34.1600
3170,10.2214
3231,35.8516
3171,10.4491
3232,36.2090
3172,9.1847
3233,35.3441
3173,8.9194
3234,35.5403
3174,9.2978
3235,35.9245
3175,9.5609
3236,35.1750
3176,9.8823
3177,8.8253
3237,36.1935
3238,34.5296
3178,8.9357
3239,34.8821
3179,9.8308
3240,35.4250
3180,9.2243
3241,35.2962
3181,9.1250
3242,34.9091
3182,10.3951
3243,35.7801
3183,9.3450
3184,8.9158
3244,35.6398
3245,34.1097
3185,8.4651
3246,35.2859
3186,9.3593
3247,36.0625
3187,8.1795
3248,35.0487
3188,9.8714
3249,35.4004
3189,10.8753
3250,36.5362
3190,8.4313
3191,9.1270
3251,35.9609
3252,35.5831
3192,8.3850
3253,35.9299
3193,8.9352
3254,35.2484
3194,9.6429
3255,35.7247
3195,10.4637
3256,35.5844
3196,9.9277
3197,8.7921
3257,35.4612
3258,34.8134
3198,8.4604
3259,35.1960
3199,8.9505
3260,35.7259
3200,9.8415
3261,35.7945
3201,8.6939
3262,34.6510
3202,9.9544
3263,35.5995
3203,8.7458
3264,35.1012
3204,9.1656
3265,35.1269
3205,8.5700
3266,37.7664
3206,9.6434
3267,34.4854
3207,9.7250
3268,36.3009
3208,8.9101
3269,35.7808
3209,8.7091
3270,34.6856
3210,8.8758
3271,35.7108
3211,8.8317
3272,35.1477
3212,8.5756
3273,35.4164
3213,9.1573
3274,35.0907
3214,9.2231
3275,35.2263
3215,8.7406
3276,35.9723
3216,8.9484
3277,34.8012
3217,9.5829
3278,35.7505
3218,9.3175
3279,35.2630
3219,8.5555
3280,34.4512
3220,8.6253
3281,34.8318
3221,8.8017
3282,35.4110
3222,9.7343
3283,35.8475
3223,8.2523
3284,35.0240
3224,9.1013
3285,35.1117
3225,9.4671
3286,35.4408
3226,8.2374
3287,35.1718
3227,8.5228
3288,34.4794
3228,8.6610
3289,35.7129
3229,8.5002
3290,35.7550
3230,8.4651
3291,34.9063
3231,9.6841
3292,35.7012
3232,9.7658
3293,35.5753
3233,8.6134
3234,8.6329
3294,35.5078
3295,34.1905
3235,8.8958
3296,35.5485
3236,8.4709
3237,8.7933
3297,36.5675
3298,34.4649
3238,10.1674
3299,36.1315
3239,8.2661
3300,35.4388
3240,8.3702
3301,34.9994
3241,9.3420
3302,35.5999
3242,9.3536
3303,35.8107
3243,8.8892
3244,8.7036
3304,35.3899
3305,35.1494
3245,8.6037
3306,34.7865
3246,8.0260
3307,34.8700
3247,10.1002
3308,35.6129
3248,10.4540
3309,36.3395
3249,8.4654
3250,8.0753
3310,36.0826
3311,34.0832
3251,8.2981
3312,35.0792
3252,9.4268
3313,35.7549
3253,9.1808
3314,35.8260
3254,8.6876
3315,34.6204
3255,8.6414
3316,34.7480
3256,8.2773
3317,35.6935
3257,8.0330
3318,34.5428
3258,9.1704
3319,35.5438
3259,9.2341
3320,35.7759
3260,8.4446
3261,9.1432
3321,35.3966
3322,34.5737
3262,9.6843
3263,8.2430
3323,36.1425
3264,9.3744
3324,34.4490
3325,35.2418
3265,9.3869
3326,36.1638
3266,8.3036
3327,35.4371
3267,10.5606
3328,35.3319
3268,9.7898
3269,8.3685
3329,35.4473
3330,34.2367
3270,8.7697
3331,34.7052
3271,9.7655
3332,35.8692
3272,8.3849
3333,34.6680
3273,9.4623
3334,35.7094
3274,8.4531
3335,35.7062
3275,8.2146
3336,34.8596
3276,10.3024
3337,35.3883
3277,9.4903
3278,8.2562
3338,36.3610
3339,34.4447
3279,9.2952
3340,34.9462
3280,9.3023
3281,8.4156
3341,35.7192
3342,33.9073
3282,10.4517
3343,35.5273
3283,9.7689
3284,8.2206
3344,35.4380
3345,34.6275
3285,10.0731
3346,35.1852
3286,9.4969
3287,8.3947
3347,35.9979
3348,34.5165
3288,9.0539
3349,35.1725
3289,8.3663
3290,8.6902
3350,35.8969
3351,34.6317
3291,9.4168
3352,35.2691
3292,8.5518
3293,9.0935
3353,35.8244
3354,36.8771
3294,9.7636
3355,34.6288
3295,9.2586
3356,36.0532
3296,8.1864
3357,34.9020
3297,9.2697
3358,35.1136
3298,9.2841
3359,35.5821
3299,8.5155
3360,34.6513
3300,9.5046
3361,35.2742
3301,8.7551
3362,35.5103
3302,8.1386
3363,34.2200
3303,9.6546
3364,35.6764
3304,8.4508
3305,8.7315
3365,36.3021
3366,34.8638
3306,10.7073
3367,35.3464
3307,8.8636
3368,35.7136
3308,9.0839
3369,34.5144
3309,10.0487
3310,9.4778
3370,36.3468
3371,35.0375
3311,9.8257
3312,9.4695
3372,35.3898
3373,35.1683
3313,9.5182
3374,35.4138
3314,9.6105
3375,35.4872
3315,9.4905
3376,34.9900
3316,8.4493
3377,34.8500
3317,9.6669
3378,35.7836
3318,9.4374
3379,35.3270
3319,9.1835
3380,35.7905
3320,9.1027
3381,35.7539
3321,9.0279
3382,34.8768
3322,9.9651
3383,36.3056
3323,9.0758
3384,36.1320
3324,9.3351
3385,34.9931
3325,9.2804
3386,37.4958
3326,8.9200
3387,35.2360
3327,9.1275
3388,34.5635
3328,10.9879
3389,36.0191
3329,9.3226
3390,35.8345
3330,8.8326
3391,34.6762
3331,9.4304
3392,34.8648
3332,8.8505
3393,34.8332
3333,8.5680
3394,34.6020
3334,10.3354
3395,35.3437
3335,9.5078
3336,9.2408
3396,35.5654
3397,34.4088
3337,9.1726
3398,34.9271
3338,8.8973
3399,35.0491
3339,9.1020
3400,35.9015
3340,9.6444
3401,35.3741
3341,10.0266
3402,34.9748
3342,9.1388
3403,35.7011
3343,10.0217
3404,34.9201
3344,9.5465
3405,35.3669
3345,9.5280
3406,35.6513
3346,8.9657
3407,34.8431
3347,9.4094
3408,35.1011
3348,9.5064
3409,35.5218
3349,8.4412
3410,35.5956
3350,8.8512
3411,34.6443
3351,9.3267
3412,35.6076
3352,8.8771
3413,35.4007
3353,8.9710
3414,35.0218
3354,8.7663
3415,34.9089
3355,8.4813
3416,35.6004
3356,8.9384
3417,34.8747
3357,10.1193
3418,36.3787
3358,8.4495
3419,35.1957
3359,9.2471
3420,34.9662
3360,8.9285
3421,35.4164
3361,8.9529
3422,34.9326
3362,9.0051
3423,35.3921
3363,8.6949
3424,35.0046
3364,9.0959
3425,35.0973
3365,9.4145
3426,35.1123
3366,9.1662
3427,34.7274
3367,9.8377
3428,35.1389
3368,9.4716
3369,9.2793
3429,35.8920
3430,34.3236
3370,8.7978
3431,35.7149
3371,9.6494
3432,35.1635
3372,9.0573
3373,9.5658
3433,35.7271
3434,34.6794
3374,9.8342
3435,35.3422
3375,8.4873
3436,34.9996
3376,9.0906
3437,35.6499
3377,8.9723
3438,35.4243
3378,9.3994
3439,35.4590
3379,8.9555
3440,35.2200
3380,9.0653
3441,35.0455
3381,9.0464
3442,36.1903
3382,8.9404
3443,35.0654
3383,9.1508
3444,35.1675
3384,8.6131
3445,35.2660
3385,9.3789
3446,34.8708
3386,9.7327
3447,35.0721
3387,9.5916
3448,34.6527
3388,10.1725
3389,8.6020
3449,35.8192
3450,35.0906
3390,9.0388
3451,34.9342
3391,9.5544
3452,35.8721
3392,8.3405
3453,35.0985
3393,9.1641
3454,35.0322
3394,10.2782
3455,35.7859
3395,8.7619
3456,35.6596
3396,8.7301
3457,35.2964
3397,9.6572
3458,34.8955
3398,9.7287
3459,36.3488
3399,8.4196
3400,9.0013
3460,35.9853
3461,34.4448
3401,9.8655
3462,35.9418
3402,8.3494
3463,35.4729
3403,9.2989
3464,35.1991
3404,9.8841
3465,35.5701
3405,8.6623
3466,34.2822
3406,9.5009
3467,35.3304
3407,9.6556
3468,34.9865
3408,9.6415
3409,9.3028
3469,35.4189
3470,34.8856
3410,9.5580
3471,35.1747
3411,8.5308
3472,35.5865
3412,9.8851
3473,35.2663
3413,9.5681
3474,36.5844
3414,9.5355
3475,35.4079
3415,8.5185
3476,35.8209
3416,8.8772
3477,34.8953
3417,9.0192
3478,34.9344
3418,8.4064
3479,35.6340
3419,9.5376
3480,35.0437
3420,8.5134
3481,35.0417
3421,10.1479
3482,35.3463
3422,9.5411
3423,8.5541
3483,35.4395
3484,34.5675
3424,8.9316
3485,34.3906
3425,10.3138
3486,35.8957
3426,8.5014
3487,35.3261
3427,10.2770
3488,35.1863
3428,10.4383
3489,38.1995
3429,8.1408
3430,8.7536
3490,35.5122
3491,34.1598
3431,10.2173
3492,35.4565
3432,8.7394
3493,35.7633
3433,8.7614
3494,34.3101
3434,9.8630
3495,35.3440
3435,9.7521
3496,35.7098
3436,8.6563
3497,34.3503
3437,9.2511
3498,35.4469
3438,9.3065
3439,8.5152
3499,35.9933
3500,34.1779
3440,9.3688
3501,35.5673
3441,9.9142
3502,35.8029
3442,9.3984
3443,8.3779
3503,35.9956
3504,34.5163
3444,10.1169
3505,35.2862
3445,9.5458
3446,8.0882
3506,38.8289
3507,34.5493
3447,9.5985
3508,35.8646
3448,10.1416
3509,35.4627
3449,8.3716
3450,8.4286
3510,36.5494
3511,35.4380
3451,9.0467
3512,35.0784
3452,8.6769
3513,35.2791
3453,9.4885
3514,34.7602
3454,10.0198
3515,35.9045
3455,8.7306
3516,35.9524
3456,8.3595
3517,34.9400
3457,8.7161
3518,34.8120
3458,8.9987
3519,35.4499
3459,9.3956
3460,9.1397
3520,35.8134
3521,34.0683
3461,9.4866
3522,35.8434
3462,8.5497
3523,34.9826
3463,9.2137
3524,35.5071
3464,9.7517
3525,35.7189
3465,8.7371
3466,8.8329
3526,35.7153
3527,34.2224
3467,8.6736
3468,9.4246
3528,35.7180
3529,35.0229
3469,9.2513
3530,35.8237
3470,8.8490
3531,34.9858
3471,8.5133
3532,35.3443
3472,8.4068
3533,34.9112
3473,8.4895
3534,35.4324
3474,9.5054
3535,35.0807
3475,9.6395
3476,8.3574
3536,36.0128
3537,34.4954
3477,8.1436
3538,34.6268
3478,8.5288
3539,35.4108
3479,8.9812
3540,35.5115
3480,9.3132
3541,35.6112
3481,8.4249
3542,35.0380
3482,8.2460
3543,34.2217
3483,8.3588
3544,35.3412
3484,8.4313
3545,35.5157
3485,8.5512
3546,35.4396
3486,8.3154
3547,34.8751
3487,8.5468
3548,35.0932
3488,8.3708
3549,35.2365
3489,8.7599
3550,34.6638
3490,9.0137
3551,35.6069
3491,8.3706
3552,35.5978
3492,9.1519
3553,35.0517
3493,9.2891
3494,8.2612
3554,35.6766
3555,34.4114
3495,8.7281
3556,34.8561
3496,8.5741
3557,35.5582
3497,8.5977
3558,34.8577
3498,9.9671
3559,35.1375
3499,10.1012
3500,8.1789
3560,36.5572
3501,8.3228
3561,35.0514
3562,34.9326
3502,8.5173
3563,35.3177
3503,9.2766
3564,35.0612
3504,9.5422
3505,8.3565
3565,36.0424
3566,34.9443
3506,8.2407
3567,34.6571
3507,8.6572
3568,34.9036
3508,9.3200
3569,35.8644
3509,9.2257
3570,36.1088
3510,8.5479
3511,8.2790
3571,35.2951
3572,34.5054
3512,8.4346
3573,35.3837
3513,9.0507
3574,34.7984
3514,8.8000
3575,35.0869
3515,8.2285
3576,34.6931
3516,8.7096
3577,34.9251
3517,9.5651
3578,35.2156
3518,8.5230
3579,35.5067
3519,8.4845
3580,35.1140
3520,8.4046
3581,34.9215
3521,8.8758
3582,35.4995
3522,9.1811
3583,35.4137
3523,8.5295
3584,35.2207
3524,8.2908
3585,34.2741
3525,9.1355
3586,35.3295
3526,9.7088
3527,8.2088
3587,35.8555
3588,34.5370
3528,9.1316
3589,34.8032
3529,9.2170
3530,8.8481
3590,35.9158
3591,34.8972
3531,9.0117
3592,35.5080
3532,8.3640
3593,35.7702
3533,8.2133
3594,34.9432
3534,8.6474
3595,34.9325
3535,8.6039
3536,9.1533
3596,36.0042
3597,34.2423
3537,9.7518
3538,8.5999
3598,35.8326
3599,34.5263
3539,8.3228
3600,34.4385
3540,9.3327
3601,35.3223
3541,8.8672
3602,35.8421
3542,8.7022
3603,35.1836
3543,8.2208
3604,34.3786
3544,8.4699
3605,35.0331
3545,8.7992
3606,35.6642
3546,8.7313
3607,34.8124
3547,8.3379
3608,34.6524
3548,8.6896
3609,35.0979
3549,8.5570
3610,34.9970
3550,9.2866
3611,34.9431
3551,9.8598
3612,35.6797
3552,8.2268
3613,34.7124
3553,8.8637
3614,35.0078
3554,8.8266
3615,35.8803
3555,9.3470
3616,34.8905
3556,8.8873
3617,35.2119
3557,9.1660
3618,35.9537
3558,8.3904
3619,35.1291
3559,12.3148
3560,8.0400
3620,37.0922
3621,35.3164
3561,7.8754
3622,35.1000
3562,8.5909
3623,35.8024
3563,8.3660
3564,8.7099
3624,35.8703
3625,34.7761
3565,9.1198
3626,36.3803
3566,8.0487
3627,35.5831
3567,7.7642
3628,34.9188
3568,7.9911
3629,35.7960
3569,8.7624
3630,35.4899
3570,8.5415
3571,8.2852
3631,36.2997
3632,35.2411
3572,8.3177
3573,7.7076
3633,36.9163
3574,7.8305
3634,35.1451
3635,34.3947
3575,7.8808
3636,38.0087
3576,8.1326
3637,35.2156
3577,8.2934
3638,35.6076
3578,8.0468
3639,35.5215
3579,7.8798
3580,7.3902
3640,35.9868
3581,7.8952
3641,34.5494
3642,35.3558
3582,8.4574
3643,35.8359
3583,7.7540
3644,36.0664
3584,8.1541
3645,35.6631
3585,8.0365
3646,36.1346
3586,7.8121
3647,35.3128
3587,7.9893
3588,7.6882
3648,36.7385
3649,35.8235
3589,7.7747
3650,35.6845
3590,7.9659
3651,35.5267
3591,8.2008
3652,35.2846
3592,8.4761
3593,7.8488
3653,36.0655
3654,34.9321
3594,7.4976
3655,35.1845
3595,7.9446
3656,35.7628
3596,7.9986
3657,35.1871
3597,8.5352
3658,35.5198
3598,8.5501
3659,36.1227
3599,7.5747
3660,36.2029
3600,7.6053
3601,7.8510
3661,35.3547
3662,34.7164
3602,8.5425
3663,35.5511
3603,8.0999
3664,36.4224
3604,7.9092
3665,35.7028
3605,8.0974
3666,35.9155
3606,7.6090
3607,7.4905
3667,35.2585
3668,34.5371
3608,8.6821
3669,36.2233
3609,8.3047
3610,7.6171
3670,36.0892
3671,35.2250
3611,8.2091
3672,37.3874
3612,7.9342
3613,7.4411
3673,35.5852
3674,34.8613
3614,8.6314
3675,36.5127
3615,8.5927
3616,7.6775
3676,36.6506
3617,7.6865
3677,35.2180
3678,34.7188
3618,8.6588
3619,7.5078
3679,37.1476
3680,35.3940
3620,9.3038
3681,34.9978
3621,8.9831
3622,7.4377
3682,36.3153
3683,34.8115
3623,7.7222
3684,34.7567
3624,8.1788
3625,7.8448
3685,38.4676
3686,34.4139
3626,7.9560
3687,35.5617
3627,8.4759
3628,7.6774
3688,35.8754
3629,8.0026
3689,37.7621
3690,34.6406
3630,8.4984
3631,7.5010
3691,36.0582
3692,34.7339
3632,8.0532
3693,35.2399
3633,7.7129
3694,34.7556
3634,7.4860
3695,34.9699
3635,8.6362
3696,36.1386
3636,8.5946
3637,7.6496
3697,36.3329
3638,7.8352
3698,35.4109
3699,35.3845
3639,7.8135
3700,35.4894
3640,8.3804
3701,35.7794
3641,8.6535
3702,35.3883
3642,8.4752
3643,7.4645
3703,35.2554
3704,34.6807
3644,7.5995
3705,35.0472
3645,7.7792
3706,35.4445
3646,9.3809
3707,35.4662
3647,9.0468
3708,36.3337
3648,7.9929
3649,7.2977
3709,36.0727
3710,34.7869
3650,7.5562
3651,7.5191
3711,35.6217
3712,34.9061
3652,8.9731
3713,36.3403
3653,8.4961
3654,7.8376
3714,36.6535
3655,7.3538
3715,35.4975
3716,34.6291
3656,7.9973
3717,36.0712
3657,8.9029
3718,36.4719
3658,8.8349
3719,36.3389
3659,8.2634
3660,7.4024
3720,37.1559
3661,7.8144
3721,35.0593
3722,35.4357
3662,7.6299
3723,36.2525
3663,8.0041
3724,35.0950
3664,8.9499
3725,35.8997
3665,7.7656
3666,7.3405
3726,35.7429
3667,7.8053
3727,35.0863
3728,35.6463
3668,7.7368
3729,36.2861
3669,8.7153
3730,35.4674
3670,8.5148
3671,7.6323
3731,35.5259
3672,7.4923
3732,36.6724
3733,34.8029
3673,7.5547
3734,34.7854
3674,8.2546
3735,35.9979
3675,8.7541
3736,36.2143
3676,7.6789
3677,7.4383
3737,35.7700
3678,7.4736
3738,35.2455
3739,36.2602
3679,8.0074
3740,35.2902
3680,8.6222
3741,36.0030
3681,7.5765
3742,34.9665
3682,7.5738
3743,35.7863
3683,8.0159
3744,35.7298
3684,8.2924
3745,35.8716
3685,7.8747
3746,35.2235
3686,7.9983
3747,36.1100
3687,8.1935
3688,7.4523
3748,35.9005
3749,35.4122
3689,8.7541
3750,35.8835
3690,8.2355
3691,7.4931
3751,36.3186
3752,35.1476
3692,8.4004
3753,35.3206
3693,8.3629
3694,7.4829
3754,36.1019
3695,7.9870
3755,36.4084
3756,35.1230
3696,8.7228
3757,36.1502
3697,7.6242
3698,7.8143
3758,36.1746
3759,35.4936
3699,8.5956
3760,35.9978
3700,8.0948
3701,7.4898
3761,36.4050
3762,34.5549
3702,8.2361
3763,35.3490
3703,8.8306
3764,35.8920
3704,8.5425
3705,7.6676
3765,36.5150
3706,7.9867
3766,35.2789
3767,34.9283
3707,8.1775
3708,8.1147
3768,36.1184
3769,34.9540
3709,9.1664
3770,35.8490
3710,8.4169
3711,7.5577
3771,37.4018
3712,7.8053
3772,34.8787
3773,35.0504
3713,8.2041
3714,7.6786
3774,35.7065
3775,35.1198
3715,9.1578
3776,36.3838
3716,8.7378
3717,7.4356
3777,35.7890
3718,7.5180
3778,35.1307
3779,36.8646
3719,7.7890
3780,36.5882
3720,8.2069
3781,36.0775
3721,8.7022
3782,35.3231
3722,7.5166
3783,35.1592
3723,7.2838
3784,35.1404
3724,7.5845
3785,35.9127
3725,7.9313
3786,36.1873
3726,7.7914
3787,35.3145
3727,8.3146
3788,36.3570
3728,8.0586
3729,7.5659
3789,35.5574
3790,35.6423
3730,7.5516
3791,35.9922
3731,7.8945
3792,35.8481
3732,8.1321
3793,38.1309
3733,8.2857
3794,34.7384
3734,8.2321
3735,7.9841
3795,35.9274
3796,35.9302
3736,7.6265
3797,35.5022
3737,8.1858
3798,35.3027
3738,8.5193
3799,36.0856
3739,7.7999
3800,35.7875
3740,8.1973
3801,35.4025
3741,7.3216
3802,35.3861
3742,8.0023
3803,35.3007
3743,8.3386
3744,8.3261
3804,36.6371
3805,35.4939
3745,8.1000
3746,8.4942
3806,35.5026
3807,35.4915
3747,8.4583
3748,7.6823
3808,35.6687
3749,8.1844
3809,35.7585
3810,35.0670
3750,8.3302
3811,35.8318
3751,8.2303
3812,35.6264
3752,8.2693
3813,35.9107
3753,8.6063
3814,36.0495
3754,8.0454
3755,7.6911
3815,36.4294
3816,35.2365
3756,8.1138
3817,36.1020
3757,7.7522
3818,35.3670
3758,7.6238
3819,35.0424
3759,8.1835
3820,36.1418
3760,8.1836
3821,35.8694
3761,7.7516
3822,35.5519
3762,8.1289
3823,35.6176
3763,8.2032
3764,7.6283
3824,36.0785
3765,8.0761
3825,36.3110
3826,35.3455
3766,8.0990
3827,35.6829
3767,7.7222
3828,35.6890
3768,7.4657
3829,35.5208
3769,8.1810
3830,36.1101
3770,8.1343
3771,7.5135
3831,36.5693
3832,34.9964
3772,8.2683
3833,35.0882
3773,8.2359
3774,7.5142
3834,36.3735
3835,34.7755
3775,8.8259
3836,36.1479
3776,8.5748
3837,35.3536
3777,8.1003
3838,35.0456
3778,7.9267
3839,36.0073
3779,8.5725
3840,35.8356
3780,8.5054
3781,7.5102
3841,36.4145
3842,35.4423
3782,8.2159
3843,35.2831
3783,8.4787
3784,7.4882
3844,37.0996
3845,34.7619
3785,8.3404
3846,36.6364
3786,7.8608
3847,35.7601
3787,7.4914
3848,35.8433
3788,7.4219
3849,35.2444
3789,8.0422
3850,35.5435
3790,8.0484
3851,35.8303
3791,8.1312
3852,35.7435
3792,8.4644
3853,36.2531
3793,7.6529
3854,36.0455
3794,7.9980
3855,35.1510
3795,8.3118
3856,36.2060
3796,7.9169
3857,35.4819
3797,7.9970
3858,35.5376
3798,7.6707
3859,36.1951
3799,7.4987
3860,35.6193
3800,8.0256
3861,36.1566
3801,8.3910
3862,35.4782
3802,7.8806
3863,36.0884
3803,7.5784
3864,34.5806
3804,8.2552
3865,35.3282
3805,7.5044
3866,35.0362
3806,8.1242
3867,35.3664
3807,8.5777
3868,36.2702
3808,7.6786
3869,35.3819
3809,7.4000
3870,35.0002
3810,7.3330
3871,35.4870
3811,7.6026
3872,35.7518
3812,7.7426
3873,34.7387
3813,8.8858
3874,38.8007
3814,7.4939
3815,7.5535
3875,35.6804
3876,35.0874
3816,8.5752
3877,36.0510
3817,7.9564
3878,36.1683
3818,7.6427
3879,35.3318
3819,8.1318
3880,35.6058
3820,7.6984
3881,37.5866
3821,7.4085
3882,35.5123
3822,8.6451
3883,35.3729
3823,8.5373
3824,7.2923
3884,36.0984
3885,34.4011
3825,7.8257
3886,35.1262
3826,8.5002
3887,36.0983
3827,7.4856
3888,35.4919
3828,7.5419
3889,34.7348
3829,8.5434
3890,35.6802
3830,8.2233
3831,7.5429
3891,35.9717
3892,34.6732
3832,8.3753
3893,35.4236
3833,7.7551
3894,35.4887
3834,7.6933
3895,35.1799
3835,8.4070
3896,35.5490
3836,8.8186
3897,35.9026
3837,8.3228
3898,35.3852
3838,8.2293
3899,35.5813
3839,8.3086
3840,7.2818
3900,36.3839
3901,34.8029
3841,8.2865
3902,35.6047
3842,8.4606
3903,35.8509
3843,8.4399
3904,35.7371
3844,7.6986
3905,35.0877
3845,8.3266
3906,35.3561
3846,8.3037
3907,36.0908
3847,7.6142
3908,34.9656
3848,7.9312
3909,35.9109
3849,7.9010
3910,35.8927
3850,7.9538
3911,36.3280
3851,7.9683
3912,36.0137
3852,8.0736
3913,35.5520
3853,8.4375
3914,36.2231
3854,8.1221
3855,7.5398
3915,35.6936
3916,35.1667
3856,7.5498
3917,35.4392
3857,7.8627
3918,35.6771
3858,8.8280
3919,37.8681
3859,8.1716
3860,7.5077
3920,39.9567
3861,7.2909
3921,41.7828
3862,7.7259
3922,35.1720
3923,34.9780
3863,8.0491
3924,35.8720
3864,7.8774
3925,34.7400
3865,8.2822
3926,35.5190
3866,7.8198
3927,37.4625
3867,7.2534
3928,34.9111
3868,7.4314
3929,34.9610
3869,8.2373
3930,35.4211
3870,7.8789
3931,35.6767
3871,8.7000
3932,34.9739
3872,8.2117
3873,7.4987
3933,36.7554
3934,34.3809
3874,8.0424
3935,35.3803
3875,8.2328
3876,7.7097
3936,38.2797
3937,35.3689
3877,7.9086
3938,35.1827
3878,8.4381
3939,35.9379
3879,7.9021
3880,7.8658
3940,35.0177
3941,34.9787
3881,8.6225
3942,35.7555
3882,8.3413
3883,7.2295
3943,36.6179
3944,34.1097
3884,8.1968
3945,34.9900
3885,8.2372
3886,7.4739
3946,35.7423
3947,34.7259
3887,8.3707
3948,35.0998
3888,8.7127
3949,36.5151
3889,8.6114
3890,7.4827
3950,36.4097
3891,7.6831
3951,34.9607
3952,35.7323
3892,7.6234
3953,36.1486
3893,10.0846
3954,35.4091
3894,11.7842
3955,36.2629
3895,8.3382
3896,7.5023
3956,36.8330
3897,7.2989
3957,34.2355
3898,7.5360
3958,34.4783
3959,35.4389
3899,9.3463
3960,35.7503
3900,8.5189
3961,35.7689
3901,7.3588
3962,35.6751
3902,7.5150
3963,35.0081
3903,7.7514
3964,36.0811
3904,7.3753
3905,7.5919
3965,35.2884
3966,35.3839
3906,8.5280
3967,36.3113
3907,8.0661
3908,7.2690
3968,35.8339
3969,34.3239
3909,8.6813
3970,35.5758
3910,8.2033
3911,7.7716
3971,35.7987
3972,36.3945
3912,8.3457
3913,7.6617
3973,36.2624
3974,36.4103
3914,7.5757
3975,35.0000
3915,7.4860
3976,35.2545
3916,8.1399
3977,35.5092
3917,8.2854
3918,7.6215
3978,36.1721
3979,35.1487
3919,7.4215
3980,35.4843
3920,7.2345
3981,35.2760
3921,7.3238
3982,35.7891
3922,8.4068
3983,35.0298
3923,8.0986
3924,7.5998
3984,36.0584
3985,34.8282
3925,7.7552
3926,7.6528
3986,35.7712
3987,34.6705
3927,7.9697
3928,7.3876
3988,36.6928
3989,35.1051
3929,8.2262
3990,35.3459
3930,7.9103
3931,7.6810
3991,35.9737
3992,35.3137
3932,8.0061
3933,8.8676
3993,36.5539
3994,35.4874
3934,7.7331
3995,35.0139
3935,7.6471
3996,35.8533
3936,7.8422
3997,35.4707
3937,7.6718
3998,35.5237
3938,8.3260
3999,35.8729
3939,8.1838
3940,8.0568
4000,36.0500
4001,34.6134
3941,7.7866
4002,35.5526
3942,7.6409
4003,34.9383
3943,8.1103
4004,35.5455
3944,7.4431
4005,34.6102
3945,7.9079
4006,35.9262
3946,7.3729
4007,35.9527
3947,7.4075
4008,34.5034
3948,7.8189
3949,7.3969
4009,35.1816
4010,35.1812
3950,7.8815
4011,35.6171
3951,7.4918
4012,36.1679
3952,7.4037
4013,34.8077
3953,7.0493
4014,35.0278
3954,7.8932
4015,35.5044
3955,7.8837
4016,35.8490
3956,7.6925
4017,34.1980
3957,8.1690
4018,35.1689
3958,7.6925
4019,35.3888
3959,7.7735
4020,35.5433
3960,7.9010
3961,8.2841
4021,35.3785
4022,34.2066
3962,8.1495
3963,7.0501
4023,36.3275
4024,33.9852
3964,7.9018
4025,34.3707
3965,7.9941
4026,35.4265
3966,7.4959
4027,35.2680
3967,7.3884
4028,35.9110
3968,7.9662
4029,35.8101
3969,7.8418
3970,7.1672
4030,36.4075
3971,7.6836
4031,35.9642
4032,35.2899
3972,7.8305
3973,7.6973
4033,36.8482
4034,35.0168
3974,8.1189
4035,35.5754
3975,8.3410
4036,36.2490
3976,7.3163
4037,34.9057
3977,7.8040
4038,35.2920
3978,8.0525
4039,35.2599
3979,7.5971
4040,35.0802
3980,7.3637
4041,35.4345
3981,7.3774
4042,36.1833
3982,7.6751
4043,35.0672
3983,7.5772
4044,36.1084
3984,7.6634
4045,35.3368
3985,8.0378
4046,34.6961
3986,7.9278
4047,35.2641
3987,8.0739
4048,35.1151
3988,7.8708
4049,35.6205
3989,7.6000
4050,34.6473
3990,7.7493
4051,35.2431
3991,7.7870
4052,34.8616
3992,8.4721
4053,35.6362
3993,7.8677
4054,34.5910
3994,7.8298
4055,35.0172
3995,7.8549
4056,35.4073
3996,8.0112
3997,7.7199
4057,35.3312
4058,34.2416
3998,8.2132
4059,36.0275
3999,7.2627
4060,34.8047
4000,7.4095
4061,34.3763
4001,8.7004
4062,35.3511
4002,8.0220
4003,7.9136
4063,36.1075
4064,33.8629
4004,8.1040
4005,7.6678
4065,35.4980
4066,34.6024
4006,8.0832
4067,35.6229
4007,7.1135
4068,34.9105
4008,8.4791
4069,35.1710
4009,8.2393
4070,35.2463
4010,7.5901
4071,34.8368
4011,7.8634
4072,35.1565
4012,7.6465
4073,35.3645
4013,7.8393
4074,35.1340
4014,7.6516
4075,35.1673
4015,7.7294
4076,35.2668
4016,7.7451
4077,35.3666
4017,7.0866
4078,34.8404
4018,7.5215
4079,34.2636
4019,8.1488
4080,34.9101
4020,7.8063
4021,7.8282
4081,35.2649
4082,34.6128
4022,7.9056
4083,35.2889
4023,7.7793
4084,34.7743
4024,7.2081
4085,34.7793
4025,7.9829
4086,34.5418
4026,7.8111
4027,7.8015
4087,35.3296
4088,34.2698
4028,8.0721
4089,34.6943
4029,7.2940
4090,35.0379
4030,7.5431
4091,35.5790
4031,7.1125
4092,34.6914
4032,8.9749
4093,35.0317
4033,8.0892
4034,7.5397
4094,35.7002
4095,34.6667
4035,7.9158
4096,35.1078
4036,6.6606
4037,6.5701
4097,35.5599
4098,34.7028
4038,7.1721
4099,34.3033
4039,8.0832
4100,35.2740
4040,7.1486
4101,35.4315
4041,6.7384
4102,34.4383
4042,6.6826
4103,35.2346
4043,7.2758
4104,35.2919
4044,7.2061
4105,35.2155
4045,6.6598
4106,35.0495
4046,7.2527
4107,35.3824
4047,7.0943
4048,6.3866
4108,35.6590
4109,34.5637
4049,7.2876
4110,35.5985
4050,6.5994
4111,34.7927
4051,7.2797
4112,34.5641
4052,6.6278
4113,35.0631
4053,6.9553
4114,35.1607
4054,7.9512
4115,34.9415
4055,6.6095
4116,34.9921
4056,6.4359
4117,35.1849
4057,7.0301
4118,34.8465
4058,7.1715
4119,35.1218
4059,6.7978
4120,35.2058
4060,7.4013
4121,35.3186
4061,6.6358
4122,35.2363
4062,7.1568
4123,35.4922
4063,6.6105
4124,36.2491
4064,6.8112
4125,36.2343
4065,6.5085
4126,35.9410
4066,6.8940
4127,35.3905
4067,7.0415
4128,35.2787
4068,7.7970
4129,35.0943
4069,6.4524
4130,34.9743
4070,6.7501
4131,35.2955
4071,6.6078
4132,35.1020
4072,6.5561
4133,35.0599
4073,6.9649
4134,34.4322
4074,6.5583
4135,35.4355
4075,7.4411
4136,34.8503
4076,7.5242
4077,6.4094
4137,35.7443
4138,34.2967
4078,6.7273
4139,34.4600
4079,7.1947
4140,34.8325
4080,6.6640
4141,35.5138
4081,6.7746
4142,35.7343
4082,7.6874
4143,35.6662
4083,8.1524
4144,35.6525
4084,7.3776
4085,6.8030
4145,35.1539
4146,34.5509
4086,6.6315
4087,6.5892
4147,35.1208
4148,35.0159
4088,6.8029
4149,35.4244
4089,6.8420
4150,35.3365
4090,8.4885
4151,35.5651
4091,7.8263
4152,35.3882
4092,6.7470
4153,35.2692
4093,6.6461
4154,34.4243
4094,6.6184
4155,34.6009
4095,6.7084
4156,35.6479
4096,6.6169
4157,35.0883
4097,7.3443
4158,35.1611
4098,7.6228
4159,35.5002
4099,6.7869
4160,34.7965
4100,6.5062
4161,34.2096
4101,6.6752
4162,35.4791
4102,7.0074
4163,34.6711
4103,6.6598
4164,34.6926
4104,6.9039
4165,35.1763
4105,6.7246
4166,34.8652
4106,7.2588
4167,34.9271
4107,6.6908
4168,34.8830
4108,7.0205
4169,34.7128
4109,6.9181
4170,34.6521
4110,6.9168
4171,34.6640
4111,7.1938
4172,35.3615
4112,6.8450
4173,35.4011
4113,6.4682
4174,35.3926
4114,7.1758
4175,35.7426
4115,6.5554
4176,35.3555
4116,6.9390
4177,34.9172
4117,6.6568
4178,35.2918
4118,6.5648
4179,34.8470
4119,7.2252
4180,34.9844
4120,6.4701
4181,34.5316
4121,7.7384
4182,34.8884
4122,6.5929
4183,34.4161
4123,7.2354
4184,35.6082
4124,6.7100
4185,34.8843
4125,6.5576
4186,34.8659
4126,9.9142
4187,35.3309
4127,7.4075
4128,7.2375
4188,35.7252
4189,33.7964
4129,7.2122
4190,35.2746
4130,7.4300
4191,40.2843
4131,7.3257
4192,35.4222
4132,6.7710
4193,35.1222
4133,7.4963
4194,35.1830
4134,7.8095
4195,35.6464
4135,6.7981
4196,35.0062
4136,7.6159
4197,36.6124
4137,6.5532
4198,34.9853
4138,7.2766
4199,34.6433
4139,7.5051
4200,35.8533
4140,6.7251
4201,34.1635
4141,7.4658
4202,34.5642
4142,7.0803
4143,6.9943
4203,35.7483
4204,35.1383
4144,7.3738
4145,6.6987
4205,36.2131
4206,34.9379
4146,7.2343
4207,34.7913
4147,7.3496
4208,34.8057
4148,6.8666
4209,34.4899
4149,6.8995
4210,35.0072
4150,7.3925
4211,34.9383
4151,6.9403
4212,35.1108
4152,6.8954
4213,35.2725
4153,6.5476
4214,34.9928
4154,6.9053
4215,35.6814
4155,7.0032
4216,35.3889
4156,6.5987
4217,35.0725
4157,7.2384
4218,35.2366
4158,6.6896
4219,34.2413
4159,7.0510
4220,35.3327
4160,6.6624
4221,34.8925
4161,7.2347
4222,35.1941
4162,6.9461
4223,34.5948
4163,6.5604
4224,34.4406
4164,7.1443
4225,35.4324
4165,6.9090
4226,35.4866
4166,7.0899
4227,34.9519
4167,6.5098
4228,34.9519
4168,6.9093
4229,35.0139
4169,6.4323
4230,34.7525
4170,6.9399
4231,35.3225
4171,6.9154
4232,36.0552
4172,6.5913
4233,34.9078
4173,6.6170
4234,35.3533
4174,6.9054
4235,35.6091
4175,6.4301
4236,35.1165
4176,7.1265
4237,35.1986
4177,7.2595
4238,35.3319
4178,6.5368
4239,34.3025
4179,7.0516
4240,35.1966
4180,6.8159
4241,35.0163
4181,6.8091
4242,35.1177
4182,7.2809
4243,35.4360
4183,6.5324
4244,36.4842
4184,6.6262
4245,35.1363
4185,6.8743
4246,34.5946
4186,7.2220
4247,34.8433
4187,7.0590
4248,36.3056
4188,7.2984
4249,35.1395
4189,7.4475
4250,34.8233
4190,6.5312
4251,35.0705
4191,7.0969
4252,35.2723
4192,6.8211
4253,35.4441
4193,6.6773
4254,34.9677
4194,7.3877
4255,35.0808
4195,6.6951
4256,34.5041
4196,7.3001
4257,35.7806
4197,6.6518
4258,35.4001
4198,7.2937
4259,34.8279
4199,7.0911
4260,34.3364
4200,6.7086
4261,34.9159
4201,7.0526
4262,35.3804
4202,6.6483
4263,35.2864
4203,7.3263
4264,35.0213
4204,7.0924
4265,35.7675
4205,6.5192
4266,34.4542
4206,7.1430
4267,35.5677
4207,6.5494
4268,35.6502
4208,7.2754
4269,35.4414
4209,6.8990
4270,34.8647
4210,6.4457
4271,34.1272
4211,7.0787
4272,35.2351
4212,6.5006
4273,35.1531
4213,6.9136
4274,35.1266
4214,7.2507
4275,34.8766
4215,6.9425
4276,34.9271
4216,7.0026
4277,35.1490
4217,6.8982
4278,34.7725
4218,7.0509
4279,35.0126
4219,6.9857
4280,35.0998
4220,7.0651
4281,35.6327
4221,6.5766
4282,34.7237
4222,6.4856
4283,34.2084
4223,7.0112
4284,35.6403
4224,6.5495
4285,34.7143
4225,7.1396
4286,35.4812
4226,7.2284
4287,35.0123
4227,6.5835
4288,34.6447
4228,7.1416
4289,35.2637
4229,7.1976
4290,35.4294
4230,6.5780
4291,35.0780
4231,7.3229
4292,35.6254
4232,6.4708
4293,34.6673
4233,6.8846
4294,35.2431
4234,7.3439
4295,35.2089
4235,6.7363
4296,34.0489
4236,6.8760
4297,34.9462
4237,6.8016
4298,34.9003
4238,6.8428
4299,34.8483
4239,6.9174
4300,35.2669
4240,6.7004
4301,34.8926
4241,6.7764
4302,35.7906
4242,6.5272
4303,35.2006
4243,7.1649
4304,34.8281
4244,7.0834
4305,35.1565
4245,6.6826
4306,35.1822
4246,6.9732
4307,35.6569
4247,6.6006
4308,35.5740
4248,6.9267
4309,35.4758
4249,6.7577
4310,35.0833
4250,6.8460
4311,35.3097
4251,6.3525
4312,35.1440
4252,6.5271
4313,35.3024
4253,6.9315
4314,34.4377
4254,6.9147
4315,35.1663
4255,6.4789
4316,35.4035
4256,6.8651
4317,35.1528
4257,6.7755
4318,35.5187
4258,6.5850
4319,35.0312
4259,6.9866
4320,35.0206
4260,6.5696
4321,35.6071
4261,6.8721
4322,36.7891
4262,7.1170
4323,36.0136
4263,6.6179
4324,35.2884
4264,7.5296
4325,35.7713
4265,6.6583
4326,34.7713
4266,7.0425
4327,35.0481
4267,6.7564
4328,34.8809
4268,6.8984
4329,35.4973
4269,6.9981
4330,35.3912
4270,7.2540
4331,35.5078
4271,6.6972
4332,35.0310
4272,7.1162
4333,35.5997
4273,7.0727
4334,34.8259
4274,6.5948
4335,34.4010
4275,6.9858
4336,35.4843
4276,7.3449
4337,35.5586
4277,6.4914
4338,35.5018
4278,7.0006
4339,34.9764
4279,6.8642
4340,36.8630
4280,6.7901
4341,34.2600
4281,7.1077
4282,6.5624
4342,35.0950
4343,34.3558
4283,7.0807
4344,35.0312
4284,6.4855
4345,35.4077
4285,6.8423
4346,35.1397
4286,7.0187
4347,34.3861
4287,6.9806
4348,35.0741
4288,7.5615
4349,35.3995
4289,6.5665
4350,34.2585
4290,7.4939
4351,35.4671
4291,6.5759
4352,35.3354
4292,6.7807
4353,35.1994
4293,7.2428
4354,35.4972
4294,7.1078
4355,35.1860
4295,6.7212
4356,35.1400
4296,7.0840
4357,35.2311
4297,6.7400
4358,35.1545
4298,7.1343
4359,35.4021
4299,6.9607
4360,34.9452
4300,6.8577
4361,35.0447
4301,6.6508
4362,34.2155
4302,6.7116
4303,6.8028
4363,37.0029
4364,35.1350
4304,7.3330
4365,35.0907
4305,6.6586
4366,34.0893
4306,7.1919
4367,35.5764
4307,7.0108
4368,35.0619
4308,6.5141
4369,34.4372
4309,6.9366
4370,35.3655
4310,6.8840
4371,35.0737
4311,6.9515
4372,35.1482
4312,7.3390
4373,35.0133
4313,6.6281
4374,35.4622
4314,6.6112
4375,35.0027
4315,7.2517
4376,35.6711
4316,6.7692
4377,35.5203
4317,6.5905
4378,34.2933
4318,7.1794
4379,35.6490
4319,6.9003
4380,34.5818
4320,7.4968
4381,35.5381
4321,6.9223
4382,35.0545
4322,7.0452
4383,34.8837
4323,6.8336
4384,35.1724
4324,7.2811
4385,35.0145
4325,6.4861
4386,37.0121
4326,6.7273
4387,35.5265
4327,7.2091
4388,36.1372
4328,7.0214
4389,35.2966
4329,7.0524
4390,35.1609
4330,7.0181
4391,34.9622
4331,6.8069
4392,34.8069
4332,6.8563
4393,35.2423
4333,6.8457
4394,35.1906
4334,6.6195
4395,34.9488
4335,6.8220
4396,35.2646
4336,7.3841
4397,35.1566
4337,7.2853
4398,34.8521
4338,7.0391
4399,34.8115
4339,6.8215
4400,34.5250
4340,6.5617
4401,34.7722
4341,6.5488
4402,34.8738
4342,7.3183
4403,34.6399
4343,7.1375
4404,34.9301
4344,7.0029
4405,34.5521
4345,6.4775
4406,34.6340
4346,6.5030
4407,34.9721
4347,7.3737
4408,35.3878
4348,6.5204
4409,34.4613
4349,7.1327
4410,35.9349
4350,6.5018
4411,34.5400
4351,6.9753
4352,6.7161
4412,35.4776
4413,34.9470
4353,6.6017
4414,35.6161
4354,7.2008
4415,35.2016
4355,6.7497
4416,35.1121
4356,7.0592
4417,34.3023
4357,6.7158
4418,35.2020
4358,6.9154
4419,35.0028
4359,6.8037
4420,35.4282
4360,6.8077
4421,34.1949
4361,7.0537
4422,35.0243
4362,6.9339
4423,34.9150
4363,7.1499
4424,35.3475
4364,6.9639
4425,34.4693
4365,7.6124
4426,35.6080
4366,6.8289
4427,35.0963
4367,7.3074
4428,35.1789
4368,6.9401
4429,35.1998
4369,7.3030
4430,35.7677
4370,6.7968
4431,35.0001
4371,6.7330
4432,34.9573
4372,7.4825
4433,36.1538
4373,6.6105
4434,34.1821
4374,7.3394
4435,35.0785
4375,7.0077
4436,35.2620
4376,6.7913
4437,35.0674
4377,7.4319
4438,34.8940
4378,6.8925
4439,35.3296
4379,7.1934
4440,35.6997
4380,7.1855
4441,35.3476
4381,6.7847
4442,34.1955
4382,7.4488
4443,35.3224
4383,6.6702
4444,35.6686
4384,7.0625
4445,35.4077
4385,6.7045
4446,34.5390
4386,6.9360
4447,35.4212
4387,6.5104
4448,34.6868
4388,7.3567
4449,34.4950
4389,6.7510
4450,35.5711
4390,7.0801
4451,35.9004
4391,6.8558
4452,34.5624
4392,6.9375
4453,35.1353
4393,7.2350
4454,35.2668
4394,6.5369
4455,34.8895
4395,7.1488
4456,35.0421
4396,7.1770
4457,35.1244
4397,6.5203
4458,34.9543
4398,7.1418
4459,35.9142
4399,6.5130
4460,34.4191
4400,6.9527
4461,35.3704
4401,6.4955
4462,34.9657
4402,6.6018
4463,35.4785
4403,7.2336
4464,34.4461
4404,6.7599
4465,36.1202
4405,7.0106
4466,35.1346
4406,6.7766
4467,34.9837
4407,6.8282
4468,35.2163
4408,6.5041
4469,35.1254
4409,7.0328
4470,36.2232
4410,6.6085
4471,35.0822
4411,6.6331
4472,34.5862
4412,7.4753
4473,35.5801
4413,6.7029
4474,35.1486
4414,6.8744
4475,34.8041
4415,6.9882
4476,35.2399
4416,7.4828
4477,35.0610
4417,6.6485
4478,34.2692
4418,7.1470
4479,35.2953
4419,6.8838
4480,34.5193
4420,6.5330
4481,34.9350
4421,6.9208
4482,35.0318
4422,6.9674
4483,35.3471
4423,6.6600
4484,35.5797
4424,7.2642
4485,35.0475
4425,7.2655
4486,34.4914
4426,6.7826
4487,34.8198
4427,6.9131
4488,35.4817
4428,6.5967
4489,36.3212
4429,6.8905
4490,34.5683
4430,7.5164
4491,35.9075
4431,6.5360
4492,35.2820
4432,7.0408
4493,35.8254
4433,6.7959
4494,34.5547
4434,6.8625
4495,34.9809
4435,6.9851
4496,35.6067
4436,6.6278
4497,35.9466
4437,6.4427
4498,34.7441
4438,6.4565
4499,34.6051
4439,6.6117
4500,35.5413
4440,6.4154
4501,34.2041
4441,7.1464
4502,35.3937
4442,7.2915
4503,35.3910
4443,6.5540
4504,35.1536
4444,7.0911
4505,35.3445
4445,6.5592
4506,34.9236
4446,7.3365
4507,35.7395
4447,6.7270
4508,35.2177
4448,6.4973
4509,35.1927
4449,6.9677
4510,35.8442
4450,6.5580
4511,34.6862
4451,6.7742
4512,35.5586
4452,7.0654
4513,35.3504
4453,6.5125
4514,34.2194
4454,6.9110
4515,35.2889
4455,6.4706
4516,34.7687
4456,6.9079
4517,35.5278
4457,6.4603
4518,35.1613
4458,6.5989
4519,36.5170
4459,6.6287
4520,35.6533
4460,6.4779
4521,34.6228
4461,7.1854
4522,36.0069
4462,6.5486
4523,34.4674
4463,7.0079
4524,35.7766
4464,6.5117
4525,34.8074
4465,7.0296
4526,35.6516
4466,6.9707
4527,35.1268
4467,6.4994
4528,35.3682
4468,6.9942
4529,35.2097
4469,6.5129
4530,34.9881
4470,7.1377
4531,34.7480
4471,7.2921
4532,35.2446
4472,6.5622
4533,35.0994
4473,7.2032
4534,35.3376
4474,6.8501
4535,34.8318
4475,6.9569
4536,35.7170
4476,6.7353
4537,35.1556
4477,6.3883
4538,34.6350
4478,7.2926
4539,35.2562
4479,6.8174
4540,36.0995
4480,6.7466
4541,34.7586
4481,6.8187
4542,35.1734
4482,7.2122
4543,35.1748
4483,6.8997
4544,35.2350
4484,6.9797
4545,35.2149
4485,6.5562
4546,35.4481
4486,6.5072
4547,34.9392
4487,7.3395
4548,35.1706
4488,6.5772
4549,35.4238
4489,7.1044
4550,35.6506
4490,6.6125
4551,34.4583
4491,6.6498
4552,35.4169
4492,6.6237
4553,35.3294
4493,6.8260
4554,35.1521
4494,6.8669
4555,35.1815
4495,6.9497
4556,34.7482
4496,6.8196
4557,34.7391
4497,7.3180
4558,35.2762
4498,6.6400
4559,35.6211
4499,7.0506
4560,35.3197
4500,7.1108
4561,34.7658
4501,7.2304
4562,35.5958
4502,6.6025
4563,34.8513
4503,7.0583
4564,35.3795
4504,6.8169
4565,35.1055
4505,6.8442
4566,34.6218
4506,7.1322
4567,35.3703
4507,6.9723
4568,35.2727
4508,7.2367
4569,34.8031
4509,6.7831
4570,34.8212
4510,6.8170
4571,35.2323
4511,7.1866
4572,35.1223
4512,6.5525
4573,34.9499
4513,7.1928
4574,35.9502
4514,6.9896
4575,35.7299
4515,6.9001
4576,34.6019
4516,6.5646
4577,34.7499
4517,6.9002
4578,35.5501
4518,6.7176
4579,35.0285
4519,8.0601
4580,35.4522
4520,6.5943
4581,35.6187
4521,6.5071
4582,35.2633
4522,6.4416
4583,35.4636
4523,6.6906
4584,35.5093
4524,6.8239
4585,35.8559
4525,6.4171
4586,35.0131
4526,6.4350
4587,35.7526
4527,6.8351
4588,35.3383
4528,6.4641
4589,34.6840
4529,6.8322
4590,35.4228
4530,6.4696
4591,34.5163
4531,6.7969
4592,35.3444
4532,6.5209
4593,35.2647
4533,6.5968
4594,35.3151
4534,6.8658
4535,6.4284
4595,35.3930
4596,34.5795
4536,6.4941
4597,35.1391
4537,6.9983
4598,35.9119
4538,6.9248
4599,35.5890
4539,6.5579
4600,35.3191
4540,6.4552
4601,35.9474
4541,6.9500
4602,36.6228
4542,6.4194
4603,35.6181
4543,6.8955
4604,35.2598
4544,6.4441
4605,35.0015
4545,6.8628
4606,35.4937
4546,6.9104
4547,6.4476
4607,35.3831
4608,35.2234
4548,6.8499
4609,35.6560
4549,6.7116
4610,35.1998
4550,6.3945
4611,34.6855
4551,6.9115
4612,35.8803
4552,6.4092
4613,35.1829
4553,6.8959
4614,35.6873
4554,6.4402
4615,34.7852
4555,6.4127
4616,34.7877
4556,6.4825
4617,34.9594
4557,6.8164
4618,35.8480
4558,6.5546
4619,35.5795
4559,6.6239
4620,35.3168
4560,6.8530
4621,35.5228
4561,6.8241
4622,34.9096
4562,6.4216
4623,35.2384
4563,6.8857
4624,35.4682
4564,6.5240
4625,36.0383
4565,6.8753
4626,35.6909
4566,6.4897
4627,35.2734
4567,6.8092
4628,35.5169
4568,6.8821
4629,35.4321
4569,6.5464
4630,35.7121
4570,6.5146
4631,34.9779
4571,6.4627
4632,34.7369
4572,6.5403
4633,35.5280
4573,6.7987
4634,35.7496
4574,6.3839
4635,34.9541
4575,6.8214
4636,35.7405
4576,6.4358
4637,34.9615
4577,6.3485
4638,34.9692
4578,6.6376
4639,35.8773
4579,6.5190
4640,34.4336
4580,6.8391
4641,37.2997
4581,6.8980
4642,35.8397
4582,6.3923
4643,34.8804
4583,6.4480
4644,34.1856
4584,6.4016
4645,34.6611
4585,6.8274
4646,34.9884
4586,6.8425
4647,35.2148
4587,6.4091
4648,34.3901
4588,6.9797
4649,35.4802
4589,6.5399
4650,35.4272
4590,6.6926
4651,35.7774
4591,6.9129
4652,35.9800
4592,6.4331
4653,35.3494
4593,6.8068
4654,35.3716
4594,6.7809
4655,35.6937
4595,6.4168
4656,35.1400
4596,6.8218
4657,34.7535
4597,6.4320
4658,35.1123
4598,6.7216
4659,35.0152
4599,6.4082
4660,34.8152
4600,6.9398
4661,35.8241
4601,6.5595
4662,35.1876
4602,6.4228
4663,34.9185
4603,6.4106
4664,34.9886
4604,6.9006
4665,35.6959
4605,6.4529
4666,34.7488
4606,6.4456
4667,35.0968
4607,6.5580
4668,34.7657
4608,6.4636
4669,35.5487
4609,6.3971
4670,35.2677
4610,6.5415
4671,35.6194
4611,6.8515
4672,35.5134
4612,6.4319
4673,35.2185
4613,6.5579
4674,36.5910
4614,6.4626
4675,35.4240
4615,6.4433
4676,35.2899
4616,6.9901
4677,36.8250
4617,6.4448
4678,34.6780
4618,6.7802
4679,35.6922
4619,6.4651
4680,35.5212
4620,6.7546
4681,35.6365
4621,6.5873
4682,36.6136
4622,6.4490
4683,35.2036
4623,6.4558
4684,35.4086
4624,6.7535
4685,34.9109
4625,6.7832
4686,35.0675
4626,6.4965
4687,34.8064
4627,6.3293
4688,34.7566
4628,6.4267
4689,35.6483
4629,6.8761
4690,35.8677
4630,7.0186
4631,6.3347
4691,35.9332
4692,34.8684
4632,6.7836
4693,35.1690
4633,6.4717
4694,35.4631
4634,6.9084
4695,35.8177
4635,6.5152
4696,34.8494
4636,6.8374
4697,35.7001
4637,6.4857
4698,35.2057
4638,6.8925
4699,35.5195
4639,6.6361
4700,35.0476
4640,6.6021
4701,35.0422
4641,6.8751
4702,35.8023
4642,6.8309
4703,35.5821
4643,6.7827
4704,35.3614
4644,6.7915
4705,35.1396
4645,6.4122
4706,34.6988
4646,6.5906
4707,34.6229
4647,6.8533
4708,35.8137
4648,6.5540
4709,35.9299
4649,6.4854
4710,35.2960
4650,6.5032
4711,35.3632
4651,6.4351
4712,35.6520
4652,6.6556
4713,34.8585
4653,6.3912
4714,35.1681
4654,6.7770
4715,35.1655
4655,6.5914
4716,34.7990
4656,6.8955
4717,35.2832
4657,6.3278
4718,34.7251
4658,6.8278
4719,35.7707
4659,6.7408
4720,34.9553
4660,6.3761
4721,34.8262
4661,6.8557
4722,35.2752
4662,6.8099
4723,34.9795
4663,6.6277
4724,34.9038
4664,6.8178
4725,36.4630
4665,6.8416
4726,35.2908
4666,6.5156
4727,35.2362
4667,6.5971
4728,35.2877
4668,6.9259
4729,35.2486
4669,6.4757
4730,35.5031
4670,6.7829
4731,34.8073
4671,6.4537
4732,34.8978
4672,6.9108
4733,34.7876
4673,6.5585
4734,35.2602
4674,6.4127
4735,35.6015
4675,6.7218
4736,34.8054
4676,6.3083
4737,34.4070
4677,6.3269
4738,34.7594
4678,6.9303
4739,35.4095
4679,6.5290
4740,35.3531
4680,6.4594
4741,34.9495
4681,6.8531
4742,36.0294
4682,6.4474
4743,35.0889
4683,6.5652
4744,35.7733
4684,6.7690
4745,35.8920
4685,6.3722
4746,35.0677
4686,6.7844
4747,35.3204
4687,6.3520
4748,36.1892
4688,6.3563
4749,34.3136
4689,6.8545
4750,35.8538
4690,6.4609
4751,36.9653
4691,6.3863
4752,34.4567
4692,6.6197
4753,35.4132
4693,6.5680
4754,34.8972
4694,6.4307
4755,34.3755
4695,6.4502
4756,35.0776
4696,6.7880
4757,34.9761
4697,6.6173
4758,35.6286
4698,6.8528
4759,35.6938
4699,6.7338
4760,34.6903
4700,6.9068
4761,35.2691
4701,6.4930
4762,34.7961
4702,6.8719
4763,35.4951
4703,6.7562
4764,35.2505
4704,6.8933
4765,35.0337
4705,6.4716
4766,34.8486
4706,6.8131
4767,35.3540
4707,6.4622
4768,35.0687
4708,6.4390
4769,37.1702
4709,6.4953
4770,34.6913
4710,6.8562
4771,34.9783
4711,6.8496
4772,35.1188
4712,6.5298
4773,34.2269
4713,6.7654
4774,35.4020
4714,6.4501
4775,35.0594
4715,6.7836
4776,35.1079
4716,6.9328
4777,35.0304
4717,6.4742
4778,35.2355
4718,6.6678
4779,35.7224
4719,6.8085
4780,34.9404
4720,6.4860
4781,34.9900
4721,6.8485
4782,35.2846
4722,6.4171
4783,35.0213
4723,6.7619
4784,35.3779
4724,6.8116
4785,35.8152
4725,6.7455
4786,35.2480
4726,6.7600
4787,35.1322
4727,6.7065
4788,35.3826
4728,6.3450
4789,34.5811
4729,6.8074
4790,35.6721
4730,6.6869
4791,34.3841
4731,6.7909
4792,35.1741
4732,6.5199
4793,35.1759
4733,6.8169
4794,35.3995
4734,6.5529
4795,35.5234
4735,6.7444
4796,35.4270
4736,6.3688
4797,35.0295
4737,6.5539
4798,35.8534
4738,6.4235
4799,34.9153
4739,6.5133
4800,36.1401
4740,6.5077
4801,35.0908
4741,6.3675
4802,35.3833
4742,6.3295
4803,35.1667
4743,6.7592
4804,35.6002
4744,6.3551
4805,34.5924
4745,6.7455
4806,35.3635
4746,6.4476
4807,34.9989
4747,6.8110
4808,35.6619
4748,6.4128
4809,35.4049
4749,6.3529
4810,35.6107
4750,6.9816
4811,35.5269
4751,6.4766
4812,34.8723
4752,6.8911
4813,35.9593
4753,6.9434
4814,36.2717
4754,6.7379
4815,35.4369
4755,6.4949
4816,35.4564
4756,6.7327
4817,35.7148
4757,6.4556
4818,34.6177
4758,7.0416
4819,35.7477
4759,6.4458
4820,35.2816
4760,6.5729
4821,35.5909
4761,7.0613
4822,36.4745
4762,6.4818
4823,35.6724
4763,6.6552
4824,35.1173
4764,6.5587
4825,35.8287
4765,6.5783
4826,35.7955
4766,6.4330
4827,34.9207
4767,6.9349
4828,35.8281
4768,6.6046
4829,36.0142
4769,6.4520
4830,35.3959
4770,6.4734
4831,36.2146
4771,6.9202
4832,35.9668
4772,6.6890
4833,35.4749
4773,6.9104
4834,35.6239
4774,6.7108
4835,35.4906
4775,6.3764
4836,36.0033
4776,6.8411
4837,35.9709
4777,6.4362
4838,35.9852
4778,6.4066
4839,35.1599
4779,6.8040
4840,35.4525
4780,6.4717
4841,36.1159
4781,6.3353
4842,35.2700
4782,6.3699
4843,34.8198
4783,7.1015
4844,36.0121
4784,6.4958
4845,35.9082
4785,6.4336
4846,35.1043
4786,6.7999
4847,35.8110
4787,6.3894
4848,35.5171
4788,6.3616
4849,35.8647
4789,6.8710
4790,6.4991
4850,37.3760
4851,35.6027
4791,6.9838
4852,35.9119
4792,6.3072
4853,35.7205
4793,6.7459
4854,36.2030
4794,6.3607
4855,34.6757
4795,6.7878
4856,36.0705
4796,6.4068
4857,35.5673
4797,6.9302
4858,35.9927
4798,6.5319
4859,35.7510
4799,6.3950
4860,35.6053
4800,6.8541
4861,35.8623
4801,6.2862
4862,35.3331
4802,6.4284
4863,35.1443
4803,7.3922
4864,36.7735
4804,6.5197
4865,36.1311
4805,6.4806
4866,35.9066
4806,6.7699
4867,35.5722
4807,6.4644
4868,35.3154
4808,6.7999
4869,36.0822
4809,6.7872
4870,36.1424
4810,6.4223
4871,35.7127
4811,6.6060
4872,35.8335
4812,6.4559
4873,35.5874
4813,6.3167
4874,35.0834
4814,6.3658
4875,34.9692
4815,6.7716
4876,36.8868
4816,6.5144
4877,34.9450
4817,6.4060
4878,35.8355
4818,6.6757
4879,35.5501
4819,6.2723
4880,35.3694
4820,6.4888
4881,35.3454
4821,6.3042
4882,34.9238
4822,6.7011
4883,35.2876
4823,6.2085
4884,35.1222
4824,6.6962
4885,35.7033
4825,6.2760
4886,35.0851
4826,6.7806
4887,36.6097
4827,6.8072
4888,35.2900
4828,6.7016
4889,35.7841
4829,6.3075
4890,36.0045
4830,6.4217
4891,35.6389
4831,6.2838
4892,35.3108
4832,6.4824
4893,35.6648
4833,6.6074
4894,35.5326
4834,6.6308
4895,35.3121
4835,6.3212
4896,35.4363
4836,6.7204
4897,36.8480
4837,6.4613
4898,34.7713
4838,6.6729
4899,35.6429
4839,6.6243
4900,35.5631
4840,6.7142
4901,35.9048
4841,6.4405
4902,34.6539
4842,6.8643
4903,36.1928
4843,6.8728
4904,36.2244
4844,6.9753
4905,35.3839
4845,6.5127
4906,36.5283
4846,6.3314
4907,35.4707
4847,7.0008
4908,36.2345
4848,6.6394
4909,35.7516
4849,6.4006
4850,6.2763
4910,37.0147
4911,34.6910
4851,6.8582
4912,35.5417
4852,6.8586
4913,36.2003
4853,7.1462
4914,35.7875
4854,6.3046
4915,34.9143
4855,6.8870
4916,36.1827
4856,6.9760
4917,36.0421
4857,6.5669
4918,35.7641
4858,6.3444
4919,34.8925
4859,7.0640
4920,36.0367
4860,6.6048
4921,36.0542
4861,6.7009
4922,35.6470
4862,6.6534
4923,35.2320
4863,6.8593
4924,36.3589
4864,6.3063
4925,35.1722
4865,6.9931
4926,35.2541
4866,6.4348
4927,36.1896
4867,6.2904
4928,36.2743
4868,6.5246
4929,35.7125
4869,6.2603
4930,35.4773
4870,6.8351
4931,35.9273
4871,6.4581
4932,35.4256
4872,6.4220
4933,35.5316
4873,7.0329
4934,36.8852
4874,6.4155
4935,37.3307
4875,6.7658
4936,35.4601
4876,6.6325
4937,35.3220
4877,6.4869
4938,36.4719
4878,6.8077
4939,35.5697
4879,6.4707
4940,35.7729
4880,6.9629
4941,35.3811
4881,6.9646
4942,36.3711
4882,6.7661
4943,35.4545
4883,6.9791
4944,35.6345
4884,6.5881
4945,35.9163
4885,6.6205
4946,35.8416
4886,6.6934
4887,6.5170
4947,36.5223
4948,35.4380
4888,6.7388
4949,35.4477
4889,6.9102
4950,35.7293
4890,6.6068
4951,35.5165
4891,6.5030
4952,35.6095
4892,6.8306
4953,36.0074
4893,6.5700
4954,35.5215
4894,6.6859
4955,35.1962
4895,6.2731
4956,36.1995
4896,6.5258
4957,35.4424
4897,6.3852
4958,35.4781
4898,6.9709
4959,35.4169
4899,6.7888
4960,35.7165
4900,6.5981
4961,35.9750
4901,6.7773
4962,35.1807
4902,6.7974
4963,35.1934
4903,6.4244
4964,35.3584
4904,7.0484
4965,35.9202
4905,6.6028
4966,36.5689
4906,6.4354
4967,35.2540
4907,6.9743
4968,36.5095
4908,6.8014
4969,36.2189
4909,6.7365
4970,35.9957
4910,6.4319
4971,35.5044
4911,6.2996
4972,35.2901
4912,6.7685
4973,36.2113
4913,6.5463
4974,36.2928
4914,6.6822
4975,35.4276
4915,6.7761
4976,35.3877
4916,6.4319
4977,36.1273
4917,6.6372
4978,34.8810
4918,6.8339
4979,35.7961
4919,6.4154
4980,35.3350
4920,7.0408
4981,35.9362
4921,6.5957
4982,35.1514
4922,6.5240
4983,35.5715
4923,6.6611
4984,36.5426
4924,6.7129
4985,36.2775
4925,6.6646
4986,35.6831
4926,6.6959
4987,35.9552
4927,6.7768
4988,35.1842
4928,6.5172
4989,35.6632
4929,6.4091
4990,35.8237
4930,5.9484
4991,34.7879
4931,6.6564
4992,35.9409
4932,6.1541
4993,35.0835
4933,6.5431
4994,36.1360
4934,6.2885
4935,6.3477
4995,35.7885
4996,36.8541
4936,6.1321
4997,36.0349
4937,5.9927
4998,34.7031
4938,6.7231
4999,36.7621
4939,6.3943
5000,34.8661
4940,6.0840
5001,35.5836
4941,6.5106
5002,35.4929
4942,6.3233
5003,35.9993
4943,6.2221
5004,35.5266
4944,6.4514
5005,35.6772
4945,6.0401
5006,35.3621
4946,5.9531
5007,35.3171
4947,6.4418
5008,35.2508
4948,6.9279
5009,35.8810
4949,6.5870
5010,35.4980
4950,6.0791
5011,35.5994
4951,6.3178
5012,35.3455
4952,6.5987
5013,36.1432
4953,6.1499
5014,35.5538
4954,6.3991
5015,34.7731
4955,6.6171
5016,35.8232
4956,6.3327
5017,36.6276
4957,5.9523
5018,34.7354
4958,6.2418
5019,35.9580
4959,6.3998
5020,35.4205
4960,6.4344
5021,35.7235
4961,6.7805
5022,35.8583
4962,6.6426
5023,36.0111
4963,6.5201
5024,35.7900
4964,6.3476
5025,35.5502
4965,6.5295
5026,35.6558
4966,6.1997
5027,36.1284
4967,6.2824
5028,35.2800
4968,6.2588
5029,35.6064
4969,6.4246
5030,35.6283
4970,5.9974
5031,35.1758
4971,6.6414
5032,35.7677
4972,6.3101
5033,35.0268
4973,6.6410
5034,35.1018
4974,6.3963
5035,35.3087
4975,6.6894
5036,36.1972
4976,6.3138
5037,35.2480
4977,6.1908
5038,35.2213
4978,6.8030
5039,36.0982
4979,6.4879
5040,35.1159
4980,6.6545
5041,35.5062
4981,6.3787
5042,35.4522
4982,5.9252
5043,34.5789
4983,6.2728
5044,36.0191
4984,6.0849
5045,35.4755
4985,6.7790
5046,35.2996
4986,6.0622
5047,34.7193
4987,6.8418
5048,35.8862
4988,6.0187
5049,35.1519
4989,6.0852
5050,35.8334
4990,6.5843
5051,36.0692
4991,6.5208
5052,35.8876
4992,6.4064
5053,34.9789
4993,6.4064
5054,35.1632
4994,6.2921
5055,36.0780
4995,6.4055
5056,35.1770
4996,6.0619
5057,35.6432
4997,6.3034
5058,36.3048
4998,6.6225
5059,35.8382
4999,6.2438
5060,35.8986
5000,6.2610
5061,35.4736
5001,6.8395
5062,36.2047
5002,5.9459
5063,34.9952
5003,6.3210
5064,36.1848
5004,6.7240
5065,35.3871
5005,6.5174
5066,34.9433
5006,6.2072
5067,35.6526
5007,6.6475
5068,35.8053
5008,6.3910
5069,35.4629
5009,6.4957
5070,35.8121
5010,6.2949
5071,35.7932
5011,6.4301
5072,35.3730
5012,5.9745
5073,35.2236
5013,6.4703
5074,35.6160
5014,6.1162
5075,35.6900
5015,6.8071
5076,36.0439
5016,6.5579
5077,36.9219
5017,6.4210
5078,36.4638
5018,6.3320
5079,36.2497
5019,6.2337
5080,35.9465
5020,6.4038
5081,35.6148
5021,6.0914
5082,35.3540
5022,6.8291
5083,35.9585
5023,6.1812
5084,35.2423
5024,6.1866
5085,35.7257
5025,6.2168
5086,35.3511
5026,6.5338
5087,35.7835
5027,6.5923
5088,34.8640
5028,6.8317
5089,35.8651
5029,6.0814
5090,35.1296
5030,6.7378
5091,35.9047
5031,6.5199
5092,35.5802
5032,6.7211
5093,34.8681
5033,6.6669
5094,35.4322
5034,6.6980
5095,36.0483
5035,6.1948
5096,36.1202
5036,6.2838
5097,35.7790
5037,6.2322
5098,35.3108
5038,5.9517
5099,35.1913
5039,6.4243
5100,35.6634
5040,6.5266
5101,35.7271
5041,6.0815
5102,36.5521
5042,6.3549
5103,35.4262
5043,5.9947
5104,35.7254
5044,5.9680
5105,35.6634
5045,6.2820
5106,35.9139
5046,5.9882
5107,35.2778
5047,6.7193
5108,35.7808
5048,5.9547
5109,35.0661
5049,6.2715
5110,35.9746
5050,6.6972
5111,35.6846
5051,6.3682
5112,35.2546
5052,6.3506
5113,35.7008
5053,6.4164
5114,35.7326
5054,5.9520
5115,35.0954
5055,6.7118
5116,35.8710
5056,6.5147
5117,34.7763
5057,6.4722
5118,35.0831
5058,6.1183
5059,5.9458
5119,36.3581
5120,34.9054
5060,6.4341
5121,34.8557
5061,6.7662
5122,35.5347
5062,6.5593
5123,35.1534
5063,6.8087
5064,6.1809
5124,35.6050
5125,34.4165
5065,6.6466
5126,36.1375
5066,6.4485
5067,6.5102
5127,35.8337
5128,35.0965
5068,6.4184
5129,36.5997
5069,6.7383
5130,35.9904
5070,6.0320
5131,35.5325
5071,6.7078
5132,36.3065
5072,6.5303
5133,35.1096
5073,6.0282
5134,35.0529
5074,6.4316
5135,35.4529
5075,5.9848
5136,34.5635
5076,6.1892
5137,35.6006
5077,6.7656
5138,35.9264
5078,6.2628
5139,35.6345
5079,6.5253
5140,35.3300
5080,6.8681
5141,35.6739
5081,6.4766
5142,35.6879
5082,6.6307
5143,35.4389
5083,6.6879
5144,35.9091
5084,6.3613
5085,6.1379
5145,35.3593
5146,35.4543
5086,6.5571
5147,35.4405
5087,6.3148
5148,36.0860
5088,6.4071
5149,36.0769
5089,6.6005
5150,35.0559
5090,6.8615
5151,37.2651
5091,6.6005
5092,6.2704
5152,36.1965
5153,35.2111
5093,6.4021
5154,36.2721
5094,6.7893
5155,35.7248
5095,6.8380
5156,35.4930
5096,6.8592
5097,6.3529
5157,36.2409
5158,35.8397
5098,6.2599
5159,36.3821
5099,6.2547
5160,35.4275
5100,6.3823
5161,35.5241
5101,6.8756
5162,35.4899
5102,6.3324
5163,35.0166
5103,6.6624
5164,35.4390
5104,6.5641
5165,35.2865
5105,6.6757
5166,35.8286
5106,6.3029
5167,35.4201
5107,7.0073
5168,36.3238
5108,6.7524
5169,35.3140
5109,6.3170
5170,35.2613
5110,6.9250
5171,35.9882
5111,6.3902
5172,35.5765
5112,6.3025
5173,34.9582
5113,6.9618
5174,36.1552
5114,6.5945
5175,35.5700
5115,6.9420
5176,36.1136
5116,6.2803
5177,35.0036
5117,6.1741
5178,35.5175
5118,6.9276
5179,36.4813
5119,6.2020
5180,35.4652
5120,6.6787
5181,35.6969
5121,6.2228
5182,35.2528
5122,6.6581
5183,35.5379
5123,6.4368
5184,35.0309
5124,7.0098
5185,36.0303
5125,6.5074
5186,36.4995
5126,6.4146
5187,35.4808
5127,6.3283
5188,35.9495
5128,6.7161
5189,36.2145
5129,6.6065
5190,35.3802
5130,6.7644
5191,35.8724
5131,6.2588
5192,37.1302
5132,6.5290
5193,35.1026
5133,6.8614
5194,35.8002
5134,6.3063
5195,35.1525
5135,6.9303
5196,36.0301
5136,6.7608
5197,35.6822
5137,6.2910
5198,35.0018
5138,6.8807
5199,35.7073
5139,6.1965
5200,35.2797
5140,6.5236
5201,35.1991
5141,6.3437
5202,36.6880
5142,6.1694
5203,35.6718
5143,6.8994
5204,35.6864
5144,6.3174
5205,35.7032
5145,6.2875
5206,35.4872
5146,6.2640
5207,36.2026
5147,6.3305
5208,35.1707
5148,6.1867
5209,35.5945
5149,6.9277
5210,35.4867
5150,6.2667
5211,36.2329
5151,6.2037
5212,35.6969
5152,6.6869
5213,35.8683
5153,6.5116
5214,35.0335
5154,6.1799
5215,35.2370
5155,6.7296
5216,35.8046
5156,6.8249
5217,36.2129
5157,6.4822
5158,6.3937
5218,35.6495
5159,6.1677
5219,35.9742
5220,34.8580
5160,6.4741
5161,6.2241
5221,36.3898
5222,35.9353
5162,6.4365
5223,35.3257
5163,6.5268
5224,35.1228
5164,6.8422
5225,35.0455
5165,6.5666
5166,6.4999
5226,35.7008
5227,35.5876
5167,6.4295
5228,35.6782
5168,6.5305
5169,6.4635
5229,35.8444
5230,34.9963
5170,6.6882
5231,34.9526
5171,6.3211
5232,34.8246
5172,6.2893
5233,36.0053
5173,6.5967
5234,35.1605
5174,6.6889
5235,35.5409
5175,6.5534
5236,35.6194
5176,6.5357
5177,6.7800
5237,35.2225
5238,35.3041
5178,6.8487
5239,35.2445
5179,6.9226
5240,35.8895
5180,6.2577
5241,35.4918
5181,6.4438
5242,35.3484
5182,6.4891
5243,35.8510
5183,6.5139
5244,35.4434
5184,6.2938
5245,35.7460
5185,6.1923
5246,35.8749
5186,6.6514
5247,34.9936
5187,6.5399
5248,36.1154
5188,6.5731
5249,36.7865
5189,6.5482
5250,34.5394
5190,6.8451
5251,35.9500
5191,6.3799
5252,35.4617
5192,6.0864
5253,34.9290
5193,6.9681
5254,35.6743
5194,6.2641
5255,35.9298
5195,6.5514
5256,36.0379
5196,6.7257
5257,35.3985
5197,6.1309
5258,35.1203
5198,6.8532
5259,36.0028
5199,6.4307
5260,35.7010
5200,6.6734
5261,35.5314
5201,6.6649
5262,37.9292
5202,6.5892
5263,35.3408
5203,6.4058
5264,35.5765
5204,6.5454
5265,35.8027
5205,6.4527
5266,35.2171
5206,6.2324
5267,35.7695
5207,6.6290
5268,35.0320
5208,6.5250
5269,35.5083
5209,6.3478
5270,35.9252
5210,6.6531
5271,35.7575
5211,6.7527
5272,35.8964
5212,6.2430
5273,36.0356
5213,6.5557
5274,35.7046
5214,6.6209
5275,35.7097
5215,6.6171
5276,35.8514
5216,6.6154
5277,36.6053
5217,6.3934
5278,35.4597
5218,6.6714
5279,36.2589
5219,6.3958
5280,35.1747
5220,6.8693
5281,35.9584
5221,6.3789
5282,35.5921
5222,6.3448
5283,35.4075
5223,6.2277
5284,35.8896
5224,6.5088
5285,36.1928
5225,6.7250
5286,35.9623
5226,6.2862
5287,35.7105
5227,6.8159
5288,35.3194
5228,6.4022
5289,35.0372
5229,6.2049
5290,35.6983
5230,6.8063
5291,36.2356
5231,6.3776
5292,35.2370
5232,6.7381
5293,35.2934
5233,6.6838
5294,35.6483
5234,6.4114
5295,34.7815
5235,6.4942
5296,35.4408
5236,6.3828
5297,35.2499
5237,6.9017
5298,35.6457
5238,6.7353
5239,6.1952
5299,36.6307
5300,35.7823
5240,6.8312
5241,6.4080
5301,35.1265
5302,35.3510
5242,6.6622
5303,35.5558
5243,6.6663
5304,34.6595
5244,6.2880
5305,39.4477
5245,6.4543
5306,35.4822
5246,6.3292
5307,35.4452
5247,6.6408
5248,6.4840
5308,36.5010
5249,6.2999
5309,35.6824
5310,35.2963
5250,6.2109
5311,35.6066
5251,6.6243
5312,35.4456
5252,6.5502
5313,35.8775
5253,6.4922
5314,35.8980
5254,6.4696
5315,35.4364
5255,6.9591
5316,35.6932
5256,6.3956
5317,35.4347
5257,6.1872
5258,6.4755
5318,36.3551
5319,35.1602
5259,6.6953
5320,35.0785
5260,6.7700
5261,6.4294
5321,35.9558
5322,35.4871
5262,6.3329
5323,35.3264
5263,6.7096
5264,6.5456
5324,36.0935
5325,35.6832
5265,6.3898
5326,36.0708
5266,6.7545
5327,35.1050
5267,6.2304
5328,35.6514
5268,7.0517
5329,36.3091
5269,6.1029
5330,35.5275
5270,6.4555
5331,36.6469
5271,6.3478
5332,34.9643
5272,6.3548
5333,35.9178
5273,6.7272
5334,35.8789
5274,6.3208
5335,35.4601
5275,6.1713
5336,36.0847
5276,6.8575
5337,35.6808
5277,6.4374
5338,35.1729
5278,7.0231
5339,35.8156
5279,6.5975
5340,35.0947
5280,6.6186
5341,36.1853
5281,6.4778
5342,36.6356
5282,6.3153
5343,35.5572
5283,6.2839
5344,35.6891
5284,6.4587
5345,35.9702
5285,6.2231
5346,35.5640
5286,6.4507
5347,35.5092
5287,6.8700
5348,35.5131
5288,6.2593
5349,35.6058
5289,6.4183
5350,35.7494
5290,6.7586
5351,35.0133
5291,6.8610
5352,35.3266
5292,6.6537
5353,36.0723
5293,6.5005
5354,35.2913
5294,6.9873
5355,36.1216
5295,6.5070
5296,6.0916
5356,35.9625
5297,6.4897
5357,35.0715
5358,35.1977
5298,6.1336
5359,34.8876
5299,6.7627
5360,35.1653
5300,6.4297
5361,34.7748
5301,6.6446
5362,35.7657
5302,6.8466
5363,36.2751
5303,7.1816
5304,6.0448
5364,36.9627
5305,6.5377
5365,35.0299
5306,6.4086
5366,35.2887
5367,36.2280
5307,6.3081
5368,34.8205
5308,6.2908
5369,35.4896
5309,6.6895
5370,36.0229
5310,6.8862
5371,35.7115
5311,6.6311
5372,35.5512
5312,6.5771
5313,6.5242
5373,35.3642
5374,36.3656
5314,6.7683
5315,6.1516
5375,35.0329
5376,35.2080
5316,6.7006
5377,35.4681
5317,6.5090
5378,35.4366
5318,6.5987
5379,36.1365
5319,6.3954
5320,6.3729
5380,36.0880
5381,35.3112
5321,6.1711
5382,35.0513
5322,6.9059
5383,36.1709
5323,6.2719
5384,36.0738
5324,6.9736
5325,6.1719
5385,36.2193
5386,35.5840
5326,6.5647
5387,36.9438
5327,6.8918
5328,6.4245
5388,35.3145
5389,35.2897
5329,6.5116
5390,35.6768
5330,6.3887
5391,35.5017
5331,8.6843
5392,37.6011
5332,8.7751
5393,35.9354
5333,9.2561
5334,9.2782
5394,37.5216
5395,35.7766
5335,9.1879
5396,36.3381
5336,9.5153
5397,35.6755
5337,9.6547
5398,37.1515
5338,9.6989
5339,9.0842
5399,37.5024
5400,35.2609
5340,9.2409
5341,9.3526
5401,37.3673
5342,9.1671
5402,36.5103
5403,35.8759
5343,9.3900
5404,36.3505
5344,9.4583
5345,9.2546
5405,36.0576
5406,35.1308
5346,9.3954
5407,37.0970
5347,9.0898
5408,35.9025
5348,9.2800
5349,8.2828
5409,36.8128
5410,35.4525
5350,9.6152
5351,9.1530
5411,37.2391
5412,35.9274
5352,9.2459
5353,9.3161
5413,36.6696
5414,35.2165
5354,9.2430
5415,35.8344
5355,9.3059
5416,37.0146
5356,9.6103
5357,9.0900
5417,37.6463
5358,9.0682
5418,36.0117
5359,9.2780
5419,35.2273
5360,9.4482
5420,36.3722
5421,35.9732
5361,9.4884
5422,36.6609
5362,9.2511
5363,9.1497
5423,35.7780
5424,36.0132
5364,8.0096
5425,35.0049
5365,8.0680
5426,36.0149
5366,9.2926
5427,36.3911
5367,9.3695
5368,9.1551
5428,38.7988
5369,8.9498
5429,36.4174
5370,9.2637
5430,35.0935
5431,35.4424
5371,9.4469
5372,9.3612
5432,36.4932
5433,36.7697
5373,9.4309
5374,8.9983
5434,36.5936
5375,9.1670
5435,35.4361
5436,35.7627
5376,9.3292
5437,35.2909
5377,9.2296
5378,7.9917
5438,36.3749
5439,34.8417
5379,9.5443
5380,9.1962
5440,36.7213
5441,36.2994
5381,9.2519
5382,9.1454
5442,36.6426
5383,9.2087
5443,36.3338
5444,35.4194
5384,9.4225
5445,36.8088
5385,9.6534
5386,9.1615
5446,38.2177
5387,9.0783
5447,36.1114
5388,8.9576
5448,35.4481
5389,9.1393
5449,35.4197
5450,35.5214
5390,9.0361
5451,36.1694
5391,9.2627
5452,36.1837
5392,9.4241
5453,36.4389
5393,9.0205
5454,35.6662
5394,9.3460
5455,35.9806
5395,9.3947
5456,36.9684
5396,9.1408
5457,35.7417
5397,9.0627
5458,36.0835
5398,9.1588
5399,9.0425
5459,37.4725
5460,35.8902
5400,9.0959
5461,36.9640
5401,8.9231
5462,35.7472
5402,9.4001
5403,9.2339
5463,37.0842
5464,35.4762
5404,9.3980
5405,9.1638
5465,36.5628
5466,35.8154
5406,9.2176
5407,9.1935
5467,36.9943
5468,35.7680
5408,9.0913
5469,35.8457
5409,9.2608
5470,35.6877
5410,9.1644
5411,9.0509
5471,36.4364
5472,35.3726
5412,9.0975
5413,9.0820
5473,36.5135
5414,9.0280
5474,36.3880
5475,35.2863
5415,9.1254
5476,36.2543
5416,9.1899
5477,36.7746
5417,9.1604
5478,35.6094
5418,9.3675
5419,9.1174
5479,36.4255
5420,8.9999
5480,36.3701
5421,9.2305
5481,35.1875
5482,36.3712
5422,9.3938
5483,36.1833
5423,9.2544
5484,36.2248
5424,9.1217
5485,36.1088
5425,9.3547
5486,36.3584
5426,9.0120
5487,36.0936
5427,9.1656
5488,36.3718
5428,9.1719
5489,35.9440
5429,9.1940
5490,35.1182
5430,8.1563
5491,36.0059
5431,9.2548
5492,35.9320
5432,9.0578
5493,36.3611
5433,9.1937
5494,36.9475
5434,9.2840
5435,9.2662
5495,36.4725
5436,9.1740
5496,41.8041
5497,35.5742
5437,9.4557
5438,9.0935
5498,36.7761
5439,9.0344
5499,36.2538
5440,9.0994
5500,35.9420
5501,35.3854
5441,9.1947
5502,35.2527
5442,9.2076
5443,9.0529
5503,36.9260
5504,35.4132
5444,9.3195
5505,35.5570
5445,9.0737
5446,9.0635
5506,36.3973
5507,35.5874
5447,9.0911
5448,9.2572
5508,36.4049
5449,9.1518
5509,35.6355
5510,35.6037
5450,9.3240
5511,37.0810
5451,9.6037
5452,9.0465
5512,37.6034
5453,9.0255
5513,36.3263
5454,9.0728
5514,35.7293
5455,9.2542
5515,35.7574
5516,36.2245
5456,9.3549
5517,36.1486
5457,9.0946
5458,8.9469
5518,36.3816
5519,35.4973
5459,8.9932
5520,35.4000
5460,9.0717
5461,9.2446
5521,36.5651
5522,35.9356
5462,9.4500
5463,8.9673
5523,37.1268
5464,9.0189
5524,35.8658
5525,35.8553
5465,9.0130
5526,36.7647
5466,9.1022
5527,36.0170
5467,8.9864
5528,35.6240
5468,8.5525
5529,36.7572
5469,8.6048
5470,8.5270
5530,37.7578
5531,36.0894
5471,9.0377
5472,8.2407
5532,36.5456
5473,8.3709
5533,36.6410
5474,8.5585
5534,35.2592
5475,8.6828
5535,36.6416
5536,36.5949
5476,8.5326
5537,36.1330
5477,8.8584
5478,8.5402
5538,37.0714
5539,35.9054
5479,8.7105
5540,36.0668
5480,8.9663
5481,8.4820
5541,37.4643
5542,36.2688
5482,8.4827
5543,36.2840
5483,8.5378
5544,36.6697
5484,8.4005
5545,36.1501
5485,8.7953
5546,36.8184
5486,8.6178
5547,35.1473
5487,8.9790
5488,8.4869
5548,37.2529
5489,8.6023
5549,36.2608
5550,35.8810
5490,8.8904
5491,8.5719
5551,37.0962
5552,35.5938
5492,8.7579
5553,35.9545
5493,8.6484
5554,36.7691
5494,9.0858
5495,8.5639
5555,38.2163
5496,8.7299
5556,36.6752
5557,36.4186
5497,8.7793
5498,8.3620
5558,36.5434
5499,8.6484
5559,35.5185
5560,36.0363
5500,8.9542
5561,36.5339
5501,8.5669
5562,35.3750
5502,8.5290
5563,36.9844
5503,8.6822
5564,38.2939
5504,8.5468
5565,36.8214
5505,8.8866
5506,8.3711
5566,36.9570
5567,35.5857
5507,8.5316
5568,36.0875
5508,8.6758
5569,36.9574
5509,8.7702
5570,37.2229
5510,8.5721
5571,36.2101
5511,8.3457
5512,8.5754
5572,36.1512
5573,35.9550
5513,8.3721
5514,8.6338
5574,35.9064
5575,35.7232
5515,8.5292
5576,36.1494
5516,8.6285
5577,36.1989
5517,8.6268
5578,36.9568
5518,8.4838
5519,8.5602
5579,37.5486
5580,36.9767
5520,8.5841
5581,35.9302
5521,8.6984
5522,8.6577
5582,35.9616
5583,35.8812
5523,8.6583
5584,36.4453
5524,8.5111
5525,8.4338
5585,36.3464
5586,35.2279
5526,8.5023
5587,35.9138
5527,8.7997
5588,36.2666
5528,8.8636
5589,36.6463
5529,8.7081
5590,36.1472
5530,8.8215
5591,35.7771
5531,8.6006
5592,36.4955
5532,8.7769
5593,36.7345
5533,8.5812
5594,35.6297
5534,8.9809
5535,8.6734
5595,36.6995
5596,36.4827
5536,9.0095
5597,36.4701
5537,8.8448
5598,36.6509
5538,8.9190
5539,8.5927
5599,36.5759
5600,35.9054
5540,8.6653
5601,35.9249
5541,8.4659
5542,8.5145
5602,36.1600
5603,35.6989
5543,8.8594
5604,35.9323
5544,9.0513
5605,36.7760
5545,8.8840
5546,8.4335
5606,36.8200
5547,8.9248
5607,35.8732
5608,36.5481
5548,8.5608
5609,35.3271
5549,9.0484
5610,36.4000
5550,8.6856
5611,35.3105
5551,9.1455
5552,8.6283
5612,37.2890
5553,8.6584
5613,36.5775
5614,36.0174
5554,8.8931
5615,36.3215
5555,8.9038
5556,8.9199
5616,36.7069
5617,35.9904
5557,8.7967
5618,35.9395
5558,9.0525
5619,37.7419
5559,8.6454
5560,8.5208
5620,36.4532
5621,35.0663
5561,8.5678
5622,36.0393
5562,8.7873
5563,8.6018
5623,37.1959
5624,34.9661
5564,8.7182
5625,36.7456
5565,9.0036
5566,8.5489
5626,37.5819
5627,34.8109
5567,8.3178
5628,35.3666
5568,8.6434
5629,35.9714
5569,9.0535
5570,8.6291
5630,36.9478
5631,35.9858
5571,8.5409
5632,36.1425
5572,8.8594
5633,35.9694
5573,8.4246
5574,8.6394
5634,36.1068
5635,35.6708
5575,8.8140
5576,8.5627
5636,36.1349
5577,8.5371
5637,35.8770
5578,8.6036
5638,35.1750
5639,35.3726
5579,8.9738
5580,8.6127
5640,37.0292
5641,35.2549
5581,8.7360
5642,36.0009
5582,8.4718
5583,8.2735
5643,36.3252
5644,35.0077
5584,8.7879
5645,35.7429
5585,8.8617
5586,8.5044
5646,38.2287
5647,35.5248
5587,8.7274
5588,8.7872
5648,37.0796
5649,36.0228
5589,8.4595
5650,36.5326
5590,8.6953
5651,35.8411
5591,8.6737
5652,35.8645
5592,8.4699
5653,36.4688
5593,8.4898
5654,36.0875
5594,8.7394
5655,35.5546
5595,8.5716
5656,35.9694
5596,8.4295
5657,36.0250
5597,8.7663
5658,36.5979
5598,8.6289
5659,36.1714
5599,8.8084
5660,36.8341
5600,8.4819
5601,8.4022
5661,36.1591
5662,35.1947
5602,8.5648
5663,36.3984
5603,8.5312
5664,35.6275
5604,8.7718
5665,36.3105
5605,8.5517
5666,35.9431
5606,8.6980
5667,36.2984
5607,8.5371
5608,8.4370
5668,35.8887
5669,35.2833
5609,8.7235
5610,8.7190
5670,35.9930
5671,35.6170
5611,9.0705
5612,8.7635
5672,37.1020
5673,36.1572
5613,8.5875
5674,35.8699
5614,8.8781
5675,36.2109
5615,8.8273
5676,36.0947
5616,8.6300
5677,36.2504
5617,8.8801
5678,37.0941
5618,8.7244
5679,36.4776
5619,8.6595
5680,35.4209
5620,8.7053
5681,35.6790
5621,8.9839
5682,36.5034
5622,8.8008
5683,35.6779
5623,8.5338
5684,35.9544
5624,8.5571
5685,35.8453
5625,8.4668
5626,8.5355
5686,36.4002
5687,35.3707
5627,8.6810
5688,36.5146
5628,8.5347
5689,35.4818
5629,8.6409
5690,36.2788
5630,8.6618
5691,36.8432
5631,8.7082
5692,37.9618
5632,8.5399
5693,34.4523
5633,8.9600
5634,8.5210
5694,35.5423
5695,34.7778
5635,8.7082
5696,35.5585
5636,8.5839
5697,35.1889
5637,8.5445
5698,35.2492
5638,8.5319
5699,34.4211
5639,9.0663
5640,8.4979
5700,36.2274
5701,34.3267
5641,8.8995
5702,36.5221
5642,8.5954
5643,8.5278
5703,35.3614
5704,34.9595
5644,8.7953
5705,35.5726
5645,9.0819
5646,8.5714
5706,36.2928
5707,35.3605
5647,8.4717
5708,35.1060
5648,8.4926
5709,34.9079
5649,8.5954
5710,35.2055
5650,8.6542
5711,35.5136
5651,9.0746
5652,8.5147
5712,35.9652
5713,34.3015
5653,8.5247
5714,35.3542
5654,8.8355
5715,35.8861
5655,8.8175
5716,36.8960
5656,8.8398
5717,35.4306
5657,8.7463
5718,35.6057
5658,8.7438
5719,34.8563
5659,8.5787
5720,35.3514
5660,8.7504
5721,35.4383
5661,8.8011
5662,8.5751
5722,35.3967
5723,34.7772
5663,8.4890
5724,34.9065
5664,8.5773
5725,34.9170
5665,8.6529
5666,8.7063
5726,36.3497
5727,34.9270
5667,9.1671
5728,36.1086
5668,8.8988
5729,35.3718
5669,8.9748
5730,35.1794
5670,8.6149
5731,35.8241
5671,8.7639
5732,35.5160
5672,8.6849
5733,36.0468
5673,8.7486
5734,36.3617
5674,8.6562
5735,35.0582
5675,8.7730
5736,35.8115
5676,8.7122
5737,35.9422
5677,8.6726
5738,35.5182
5678,8.7011
5739,35.0470
5679,8.5700
5740,35.2600
5680,8.4425
5741,34.5888
5681,8.6109
5742,35.2739
5682,8.6074
5743,37.0737
5683,8.6822
5744,35.3649
5684,8.6545
5685,8.6719
5745,36.4217
5686,8.4624
5746,35.2658
5747,34.4349
5687,8.7145
5748,34.2180
5688,8.9446
5749,36.7392
5689,8.6269
5750,35.1829
5690,8.5504
5751,35.6485
5691,8.6588
5752,35.5932
5692,8.5925
5753,35.1206
5693,8.7083
5754,35.4594
5694,8.8571
5755,34.8136
5695,8.8613
5756,35.7818
5696,8.6169
5757,35.3043
5697,8.5715
5758,35.2458
5698,8.4739
5699,8.7060
5759,35.5233
5760,35.7973
5700,8.6824
5761,34.5668
5701,8.6836
5762,35.9839
5702,8.6783
5763,36.3857
5703,8.2542
5764,34.1064
5704,8.4643
5765,34.9905
5705,8.4522
5766,35.6250
5706,8.8781
5707,8.4421
5767,36.6670
5768,34.9064
5708,8.6700
5709,8.6426
5769,35.6113
5770,35.6540
5710,8.3832
5771,34.9452
5711,8.6633
5772,35.7073
5712,8.5420
5773,34.8713
5713,8.7647
5774,35.7269
5714,8.5619
5715,8.5457
5775,35.8450
5776,34.7184
5716,8.5912
5777,35.9595
5717,8.4182
5778,34.6176
5718,8.3137
5779,34.1516
5719,8.6515
5780,35.7706
5720,8.7595
5721,8.3947
5781,35.1490
5782,34.3539
5722,8.4414
5783,34.6840
5723,8.5797
5784,35.3350
5724,8.8231
5785,35.9609
5725,8.7787
5786,36.1759
5726,8.6044
5787,35.6191
5727,8.7860
5788,35.8867
5728,8.6470
5789,34.3899
5729,8.5257
5790,35.4074
5730,8.6158
5791,35.5211
5731,8.5406
5792,35.0796
5732,8.4862
5793,35.3888
5733,8.7317
5794,35.5807
5734,8.6446
5795,36.2138
5735,8.6503
5796,34.8302
5736,8.5826
5797,35.9145
5737,8.6941
5798,35.2466
5738,8.6639
5799,35.4819
5739,10.0796
5740,9.1592
5800,36.2701
5801,35.3431
5741,8.9949
5742,8.8022
5802,36.9169
5803,35.0385
5743,8.8446
5744,8.6754
5804,37.2972
5805,34.9470
5745,8.5495
5806,35.6946
5746,8.3633
5807,35.6344
5747,8.7866
5748,8.7445
5808,36.9236
5809,36.0444
5749,8.6316
5810,36.4711
5750,8.3691
5751,8.5857
5811,35.6424
5812,35.9129
5752,8.6437
5813,35.9074
5753,8.4860
5814,36.2183
5754,8.7030
5815,36.5338
5755,9.2706
5756,9.0715
5816,42.0853
5757,9.0366
5817,35.8497
5818,35.2430
5758,9.2027
5819,35.5125
5759,11.3489
5760,10.7834
5820,36.1331
5821,35.1064
5761,11.2039
5822,36.0021
5762,11.2132
5763,10.0614
5823,35.4559
5824,34.8350
5764,11.5364
5825,37.2338
5765,11.2184
5826,35.4242
5766,11.3432
5767,10.0455
5827,35.5288
5828,35.2331
5768,10.9559
5829,36.3468
5769,10.7158
5830,35.4182
5770,11.5056
5771,9.9989
5831,36.4548
5832,35.3394
5772,10.6606
5773,8.7507
5833,36.2771
5774,9.0580
5834,35.7020
5835,37.3199
5775,8.7922
5836,35.8376
5776,8.9779
5777,8.4225
5837,37.0252
5838,35.3293
5778,8.9391
5779,8.6512
5839,37.1641
5840,35.0566
5780,8.9169
5841,35.4078
5781,8.8356
5842,35.7764
5782,9.2254
5843,36.0817
5783,8.8505
5844,35.2952
5784,8.8458
5845,35.3658
5785,8.6776
5846,35.0614
5786,8.9552
5847,35.5979
5787,9.2785
5848,36.0528
5788,8.8235
5849,35.2859
5789,8.7339
5850,34.8788
5790,8.8125
5851,35.7507
5791,8.8639
5852,36.1575
5792,8.8461
5853,35.4331
5793,8.7626
5854,35.6707
5794,8.6517
5855,35.6664
5795,8.8309
5856,35.7042
5796,8.6932
5857,34.6094
5797,8.7910
5858,37.7462
5798,8.6713
5859,34.8618
5799,8.9376
5860,35.4626
5800,8.9834
5861,34.6647
5801,9.0953
5862,35.5698
5802,8.9237
5863,35.9585
5803,8.9729
5864,35.4153
5804,8.8942
5865,35.1253
5805,8.8935
5806,8.5660
5866,35.6494
5867,34.2346
5807,9.1752
5808,8.6462
5868,36.7723
5869,34.7736
5809,9.0925
5810,8.8151
5870,35.7330
5871,35.7030
5811,8.7652
5872,35.5103
5812,8.9703
5873,36.3418
5813,9.2018
5814,8.6767
5874,36.7760
5815,8.6937
5875,35.3172
5876,34.4990
5816,8.7291
5877,35.6855
5817,8.7506
5878,34.6687
5818,9.1346
5879,35.5323
5819,8.6830
5880,34.7945
5820,8.8086
5821,8.8161
5881,36.3052
5882,35.8016
5822,9.0222
5883,35.7767
5823,8.7263
5884,34.8929
5824,9.0815
5885,35.1069
5825,8.8824
5886,35.8873
5826,8.5838
5887,35.5700
5827,8.4844
5888,34.9595
5828,8.9163
5889,35.7624
5829,8.9009
5890,35.8943
5830,8.7983
5891,35.7808
5831,8.7617
5892,34.5764
5832,8.8189
5893,35.5836
5833,8.6298
5894,34.9220
5834,8.5385
5895,34.4269
5835,8.6307
5896,35.2042
5836,8.6879
5897,35.0473
5837,8.7531
5898,35.2269
5838,8.8012
5839,8.6058
5899,36.5299
5900,34.5587
5840,8.5011
5901,34.9733
5841,8.7303
5902,35.4133
5842,8.3948
5903,35.1593
5843,8.7946
5904,35.8229
5844,8.8706
5905,35.4430
5845,8.3702
5906,34.7288
5846,8.9153
5907,35.7527
5847,8.4541
5908,35.2153
5848,8.6924
5909,35.1997
5849,8.6389
5910,35.6545
5850,8.8581
5911,35.8334
5851,8.6265
5912,35.2925
5852,8.6634
5913,36.0095
5853,8.8258
5914,35.4097
5854,9.0360
5855,8.6377
5915,35.9377
5916,34.4905
5856,9.0070
5917,35.8909
5857,8.6378
5918,34.9265
5858,8.4325
5919,34.4494
5859,8.5870
5920,35.3417
5860,9.0559
5921,35.6128
5861,8.8020
5922,35.1755
5862,8.5715
5923,35.4104
5863,8.6863
5924,34.6460
5864,8.7189
5925,36.1116
5865,8.6969
5926,35.6379
5866,8.6085
5927,35.1546
5867,8.5984
5928,35.4824
5868,8.8749
5929,35.5891
5869,9.0206
5930,35.8986
5870,8.8592
5931,35.7271
5871,8.9477
5932,35.8409
5872,8.5950
5933,35.0664
5873,8.6153
5934,35.0301
5874,8.5957
5935,35.9333
5875,8.8838
5936,35.6847
5876,8.6163
5937,35.1953
5877,8.6622
5938,35.3429
5878,9.2645
5879,8.4344
5939,36.7841
5880,8.7401
5940,34.2447
5941,36.2603
5881,8.9295
5942,35.4013
5882,8.8376
5943,35.2442
5883,8.7507
5944,35.5311
5884,8.6892
5885,8.5607
5945,35.6717
5946,34.1890
5886,8.6576
5947,35.4337
5887,8.6719
5948,35.0561
5888,8.6341
5949,35.1822
5889,9.0049
5890,8.6984
5950,35.5529
5951,34.7234
5891,8.8276
5952,35.5839
5892,8.7726
5893,8.6284
5953,35.9344
5894,8.8093
5954,35.0866
5955,34.6564
5895,8.9692
5956,36.8560
5896,9.5772
5897,8.6723
5957,35.2701
5958,34.3361
5898,8.7122
5959,35.3492
5899,8.6108
5960,35.3531
5900,8.6152
5961,35.0543
5901,9.1462
5962,36.5115
5902,8.4883
5963,34.4368
5903,8.5667
5964,34.8795
5904,8.7753
5965,35.2447
5905,8.8419
5906,8.6182
5966,35.5786
5967,34.8900
5907,9.1164
5908,8.6342
5968,36.3028
5969,34.9657
5909,8.6150
5970,35.7725
5910,8.7720
5971,35.4109
5911,8.6629
5972,34.6187
5912,8.6558
5973,35.1510
5913,9.2567
5914,8.4891
5974,36.4496
5975,34.3745
5915,8.9264
5976,35.4877
5916,8.9126
5977,35.4532
5917,8.8081
5978,35.6125
5918,8.8547
5979,35.0388
5919,8.8381
5980,35.5938
5920,8.6424
5981,35.1877
5921,8.6737
5982,35.2052
5922,8.5242
5983,34.7031
5923,8.6776
5984,36.1019
5924,8.6493
5985,35.0366
5925,8.9264
5926,8.4235
5986,36.0121
5987,34.3005
5927,8.4903
5988,35.3493
5928,8.7532
5989,36.0371
5929,8.5863
5990,35.2151
5930,8.6866
5991,35.5520
5931,9.2358
5992,36.0564
5932,8.6164
5993,35.1441
5933,8.4684
5934,8.7990
5994,35.0058
5995,35.2355
5935,8.6259
5936,8.5672
5996,35.7859
5997,34.9261
5937,8.7328
5998,34.9606
5938,8.6784
5999,35.1747
5939,8.9600
6000,36.0046
5940,8.5805
6001,34.8988
5941,8.4893
6002,34.9778
5942,8.6005
6003,35.1993
5943,8.5175
6004,35.3312
5944,8.7942
6005,35.9998
5945,8.8023
6006,35.7047
5946,8.5956
6007,34.5460
5947,8.5741
6008,35.4732
5948,8.8601
6009,34.8304
5949,9.2447
5950,8.6672
6010,36.6862
6011,35.4583
5951,8.7987
6012,35.7111
5952,8.8298
5953,8.6225
6013,35.9454
6014,35.0679
5954,8.7607
6015,34.8355
5955,9.3600
6016,35.5196
5956,8.5142
6017,34.5726
5957,8.8946
6018,36.1441
5958,8.9546
6019,36.3662
5959,8.9727
6020,35.8938
5960,8.6051
6021,35.0250
5961,8.7801
6022,35.4260
5962,8.8776
6023,36.2345
5963,8.5662
6024,35.1602
5964,8.6650
6025,35.0983
5965,8.5977
6026,35.0583
5966,8.7945
6027,36.0163
5967,8.7019
6028,35.3448
5968,8.5316
6029,35.2648
5969,8.6368
6030,35.1227
5970,8.5626
6031,35.2839
5971,8.6073
6032,34.3985
5972,9.1119
6033,35.8782
5973,8.5461
6034,34.5611
5974,8.5601
6035,34.9955
5975,8.7537
6036,36.4233
5976,8.5031
6037,34.3952
5977,8.5451
6038,35.2898
5978,8.6344
6039,35.3277
5979,8.3850
6040,35.4022
5980,8.7720
6041,35.5048
5981,8.9891
6042,36.7430
5982,8.4292
5983,8.8061
6043,36.2344
5984,8.4024
6044,36.7341
6045,35.5849
5985,8.6277
6046,36.0611
5986,9.2710
5987,8.6484
6047,37.3054
6048,35.5691
5988,8.5754
6049,36.2253
5989,8.7343
5990,8.6344
6050,37.4025
6051,36.1670
5991,8.8847
6052,37.1519
5992,8.7986
6053,37.1694
5993,8.6358
6054,36.0629
5994,8.6324
6055,36.7554
5995,8.6241
6056,35.6888
5996,8.6319
5997,8.6746
6057,36.3219
6058,36.0846
5998,9.2509
6059,37.1182
5999,8.8109
6060,35.0257
6000,8.5667
6061,36.4108
6001,8.9357
6062,37.1493
6002,8.7333
6063,37.4232
6003,8.5032
6064,35.7976
6004,8.9398
6005,8.7901
6065,37.1607
6006,8.6646
6066,36.8052
6067,35.4071
6007,8.7113
6068,36.3262
6008,8.9118
6069,37.2358
6009,8.5241
6070,35.6627
6010,8.5892
6071,36.0625
6011,8.7743
6072,36.1541
6012,8.8560
6073,37.0205
6013,8.9644
6014,8.6103
6074,36.6750
6075,35.8071
6015,8.7895
6076,36.6806
6016,8.7031
6077,36.2373
6017,8.6698
6018,8.9658
6078,37.2155
6079,36.2198
6019,8.9478
6080,36.2181
6020,8.7528
6021,8.6659
6081,37.1095
6082,35.6685
6022,8.7198
6083,35.3323
6023,8.8394
6024,8.7053
6084,37.6351
6085,35.9292
6025,9.0269
6086,35.7417
6026,8.9735
6087,36.3284
6027,8.7340
6028,8.8218
6088,36.3362
6089,35.6612
6029,8.9509
6030,8.7131
6090,36.8303
6031,8.9776
6091,35.7506
6092,35.5352
6032,9.4450
6033,8.7687
6093,37.9414
6034,8.8403
6094,37.8460
6095,35.6553
6035,8.6381
6096,36.2759
6036,8.7826
6097,36.3906
6037,8.9839
6098,36.8801
6038,9.0505
6099,36.6373
6039,8.7381
6100,36.3399
6040,8.6383
6101,35.8140
6041,8.7190
6102,36.6658
6042,8.6326
6103,36.0034
6043,8.7199
6104,36.9159
6044,9.1681
6105,36.6459
6045,8.5855
6046,8.7577
6106,35.6768
6107,35.7002
6047,8.6058
6108,35.9423
6048,9.0281
6109,36.2672
6049,8.7828
6110,36.6864
6050,9.2317
6111,36.8057
6051,8.6483
6052,8.7867
6112,36.1049
6113,35.7613
6053,8.8662
6114,36.6177
6054,8.6504
6115,36.3447
6055,8.9149
6056,8.8137
6116,36.1594
6117,35.8724
6057,8.9147
6058,8.8179
6118,36.6752
6119,36.1587
6059,9.0651
6060,8.8253
6120,36.9693
6121,37.1298
6061,8.8162
6122,36.3400
6062,9.2175
6123,37.1513
6063,8.7182
6124,35.5307
6064,8.7079
6125,34.9545
6065,8.9029
6126,35.9239
6066,8.8038
6127,35.2766
6067,9.0460
6128,35.8694
6068,9.2479
6069,8.6062
6129,35.7764
6130,35.0515
6070,8.5401
6131,34.6732
6071,8.9565
6132,36.4607
6072,9.0511
6133,35.7856
6073,8.9354
6134,35.5268
6074,8.9194
6075,8.7952
6135,35.4125
6136,34.6501
6076,8.6683
6137,35.4895
6077,8.9073
6078,8.6111
6138,37.4905
6139,34.5630
6079,8.6219
6140,35.4974
6080,8.7790
6141,35.7865
6081,9.0760
6082,9.0143
6142,35.7780
6143,35.3145
6083,8.7834
6144,35.1297
6084,8.7228
6145,35.2417
6085,8.7699
6146,34.7693
6086,9.0476
6147,35.7674
6087,8.6986
6148,35.3776
6088,8.8046
6149,35.2524
6089,8.6636
6090,8.7067
6150,35.2105
6151,34.9741
6091,8.9032
6152,35.6979
6092,8.8090
6153,35.3291
6093,8.8309
6154,35.1309
6094,8.6939
6155,35.2512
6095,8.7420
6156,36.3127
6096,8.9029
6157,35.6425
6097,8.5246
6158,35.3049
6098,8.8511
6159,35.6006
6099,9.0140
6160,35.3801
6100,8.6753
6161,35.5032
6101,8.5310
6162,34.9960
6102,8.5867
6163,34.9766
6103,8.8264
6164,35.0452
6104,9.1388
6165,35.9735
6105,8.6927
6166,34.9824
6106,8.6109
6167,35.4424
6107,8.5596
6168,35.1328
6108,8.6497
6169,35.4861
6109,8.9935
6170,35.6191
6110,8.5495
6171,33.8529
6111,8.5853
6172,34.8477
6112,8.8421
6113,8.4108
6173,36.3304
6174,34.1335
6114,8.8124
6175,36.5285
6115,9.0116
6176,35.5376
6116,8.4664
6177,34.3875
6117,8.6780
6178,35.7944
6118,8.5066
6179,34.8802
6119,8.5572
6180,35.2605
6120,8.8540
6181,35.5196
6121,8.6696
6182,35.5884
6122,8.6837
6183,34.8490
6123,8.8642
6184,35.9692
6124,8.6118
6125,8.4978
6185,35.0056
6186,34.2933
6126,8.8798
6187,36.6745
6127,8.9519
6128,8.7974
6188,35.6007
6189,35.1260
6129,8.7306
6190,36.0940
6130,8.4360
6191,34.2674
6131,8.6499
6192,35.4565
6132,8.7403
6193,35.7432
6133,9.1581
6134,8.5259
6194,36.5457
6135,8.6944
6195,34.5444
6196,34.9864
6136,8.7433
6137,8.6831
6197,37.5733
6198,35.0229
6138,9.4028
6139,8.8164
6199,36.3222
6200,35.9846
6140,8.6211
6141,8.5198
6201,35.6703
6142,8.6525
6202,34.5108
6203,35.6126
6143,8.7756
6204,36.3609
6144,8.2914
6205,34.8226
6145,8.6500
6206,35.1095
6146,8.7672
6207,35.2858
6147,8.5646
6208,34.6740
6148,8.7286
6209,35.5601
6149,8.9391
6150,8.8196
6210,35.6672
6211,35.4232
6151,8.4712
6212,34.9703
6152,8.5262
6213,34.7944
6153,8.7808
6214,35.0261
6154,9.0365
6215,36.5329
6155,8.6661
6216,36.5386
6156,8.4220
6217,34.6574
6157,8.5080
6218,34.8513
6158,8.5393
6219,35.0441
6159,8.5184
6220,34.5134
6160,8.6544
6221,36.2547
6161,8.4897
6162,8.4586
6222,36.4430
6223,34.5633
6163,8.4192
6224,34.4966
6164,8.4546
6165,8.4650
6225,35.3036
6226,34.4103
6166,9.1225
6167,8.5376
6227,36.8519
6168,8.3801
6228,35.3983
6229,34.4009
6169,8.7797
6230,36.4851
6170,8.6009
6231,35.5813
6171,8.4947
6232,35.0642
6172,8.9268
6173,8.4797
6233,35.6363
6234,34.3471
6174,8.5826
6235,35.4383
6175,8.6711
6236,35.3235
6176,8.6788
6237,35.9762
6177,8.4052
6238,35.4005
6178,9.2387
6179,8.4439
6239,36.7433
6240,34.8244
6180,8.5597
6241,35.1825
6181,8.6266
6242,35.6280
6182,8.5329
6243,34.9389
6183,8.8405
6244,35.6306
6184,8.6762
6245,35.3813
6185,8.7233
6186,8.5603
6246,35.8991
6247,35.3016
6187,8.6339
6248,36.0596
6188,8.4402
6249,35.2772
6189,8.7032
6250,34.9296
6190,9.0065
6251,35.3061
6191,8.8540
6252,34.9324
6192,8.6729
6253,34.9161
6193,8.4073
6254,35.5287
6194,8.7723
6255,35.0152
6195,8.8162
6256,36.3498
6196,8.7437
6257,35.5126
6197,8.6425
6198,8.6189
6258,36.3582
6259,34.7597
6199,8.6344
6260,36.2777
6200,8.4172
6261,34.7649
6201,8.6342
6262,35.4776
6202,8.4830
6263,35.3208
6203,8.8779
6264,35.3628
6204,8.7769
6265,36.5321
6205,8.9743
6266,35.9788
6206,8.6141
6207,8.5059
6267,36.4705
6268,34.8153
6208,8.7944
6269,36.2069
6209,8.6729
6270,35.9381
6210,8.6707
6211,8.5005
6271,36.3276
6272,34.8141
6212,8.6317
6273,35.3105
6213,8.5325
6274,35.3648
6214,8.9467
6215,8.5361
6275,36.0045
6276,34.9395
6216,8.8856
6217,8.7038
6277,35.8495
6278,36.3455
6218,8.5484
6279,35.5539
6219,8.7980
6280,36.3253
6220,8.8052
6221,8.3479
6281,36.3595
6282,34.9070
6222,8.4356
6283,34.8475
6223,8.8323
6284,35.9135
6224,8.6654
6285,36.1759
6225,8.5210
6286,35.4578
6226,8.5586
6227,8.5921
6287,36.1041
6288,35.3603
6228,8.7471
6289,35.9587
6229,8.5238
6290,35.5109
6230,8.6443
6291,35.9119
6231,8.5288
6292,35.4095
6232,8.7041
6233,8.6593
6293,36.2801
6294,35.2512
6234,8.4336
6295,35.4663
6235,8.6156
6296,35.4683
6236,8.7968
6297,35.7795
6237,8.7594
6298,36.5839
6238,8.5810
6299,35.2966
6239,8.5020
6300,34.3183
6240,8.6773
6301,35.2209
6241,8.9542
6302,36.3018
6242,9.0337
6303,35.9213
6243,8.6660
6304,35.1401
6244,8.7902
6305,36.0652
6245,8.8423
6306,35.4453
6246,8.8091
6307,35.6093
6247,8.9722
6308,35.1885
6248,8.7244
6309,34.5032
6249,9.0778
6250,8.6087
6310,35.4976
6311,35.1856
6251,8.7371
6312,35.9428
6252,8.5947
6313,34.3671
6253,9.1863
6254,8.7411
6314,36.0481
6315,35.7929
6255,8.6812
6316,35.4153
6256,8.7334
6317,35.7607
6257,8.7555
6318,36.1988
6258,8.5831
6319,34.3922
6259,8.8104
6320,35.9104
6260,8.8574
6261,8.5776
6321,36.1697
6322,34.7387
6262,8.8969
6323,35.4813
6263,8.7100
6264,8.7109
6324,36.6792
6325,34.7386
6265,8.7071
6326,35.9615
6266,9.0690
6267,8.4386
6327,36.1799
6328,34.3773
6268,8.6034
6329,35.4023
6269,8.4369
6330,35.3633
6270,8.5716
6331,35.1000
6271,8.6270
6332,35.7552
6272,8.5387
6333,36.5219
6273,8.7256
6334,35.6701
6274,8.5128
6335,35.6027
6275,8.5388
6336,35.0486
6276,8.6871
6337,36.4034
6277,8.5158
6338,35.4469
6278,8.5731
6339,35.2844
6279,8.5918
6340,35.4456
6280,8.6744
6341,35.9746
6281,8.4383
6342,34.8550
6282,8.5705
6343,35.7390
6283,8.4603
6344,34.5834
6284,8.4311
6345,35.3041
6285,8.5029
6346,35.3354
6286,8.4559
6347,35.2263
6287,8.6293
6348,35.7156
6288,8.4916
6349,34.9511
6289,8.5188
6350,35.2053
6290,8.5959
6351,36.2207
6291,8.4805
6352,35.1857
6292,8.6203
6353,35.8571
6293,8.5752
6354,35.8745
6294,8.6621
6295,8.6966
6355,37.6370
6356,35.6136
6296,8.3020
6357,34.6418
6297,8.5729
6358,36.6652
6298,8.4178
6359,34.9940
6299,8.8804
6360,35.6850
6300,8.4260
6361,34.8527
6301,8.6278
6362,34.9342
6302,8.5858
6363,35.3479
6303,8.9164
6304,8.4726
6364,36.2791
6365,35.2283
6305,8.4139
6366,34.9479
6306,8.4817
6367,36.5845
6307,8.5535
6368,34.6793
6308,8.6319
6369,35.7588
6309,8.4442
6370,35.1607
6310,8.4803
6371,34.3077
6311,8.5919
6372,35.7077
6312,8.4459
6373,35.5161
6313,8.5701
6374,36.7759
6314,8.4100
6375,35.2252
6315,8.6415
6376,35.8809
6316,8.4919
6377,35.6243
6317,8.4790
6318,8.5784
6378,35.4034
6379,35.1869
6319,8.8862
6380,36.1350
6320,8.4022
6381,35.6672
6321,8.4753
6382,35.2443
6322,8.5506
6383,35.4409
6323,8.6031
6384,35.7373
6324,8.4882
6385,35.6168
6325,8.4133
6386,35.2350
6326,8.5248
6387,35.4543
6327,8.4091
6388,35.2054
6328,8.5277
6389,35.5798
6329,8.5749
6390,35.8791
6330,8.4853
6391,35.7753
6331,8.4515
6392,35.4488
6332,8.5353
6393,35.6938
6333,8.6499
6394,35.7059
6334,8.5720
6335,8.4144
6395,36.6125
6396,34.9408
6336,8.7369
6397,36.1044
6337,8.5374
6398,34.8974
6338,8.5450
6399,35.8106
6339,8.5451
6400,35.2675
6340,8.5251
6401,35.3944
6341,8.3740
6402,35.2589
6342,8.6285
6403,36.6277
6343,8.6895
6404,36.1207
6344,8.8560
6405,35.7662
6345,8.7722
6406,36.1089
6346,8.6413
6407,35.2820
6347,8.6478
6408,35.8153
6348,9.1483
6409,35.8032
6349,8.5381
6410,36.0357
6350,8.6006
6411,34.9330
6351,8.5700
6352,8.6141
6412,35.9483
6413,34.9879
6353,8.9855
6414,36.6403
6354,8.5473
6415,35.4720
6355,8.6854
6416,35.6592
6356,9.1704
6357,8.6120
6417,36.2649
6418,35.2418
6358,9.4435
6359,8.4710
6419,35.8852
6420,35.0552
6360,9.3014
6361,8.5103
6421,36.4654
6422,35.1198
6362,8.5728
6423,36.2207
6363,9.1216
6424,36.2469
6364,8.6291
6425,35.6269
6365,8.7033
6426,35.6943
6366,9.1637
6367,8.6115
6427,36.0390
6368,8.6402
6428,35.6617
6429,35.6126
6369,9.6840
6370,8.4434
6430,35.6512
6431,35.6855
6371,8.5580
6432,35.0695
6372,8.7496
6433,35.3626
6373,8.6184
6434,35.1284
6374,9.1226
6435,36.7702
6375,8.8371
6376,8.2054
6436,35.7266
6437,34.5143
6377,8.6818
6438,35.3999
6378,8.7417
6439,36.1866
6379,8.5484
6440,35.3996
6380,9.2527
6441,35.9421
6381,8.6546
6382,8.6155
6442,36.7370
6443,35.3140
6383,8.8054
6444,35.2312
6384,8.5359
6445,34.8025
6385,8.6134
6446,34.9169
6386,9.3756
6447,35.7698
6387,8.6756
6448,35.6262
6388,8.9297
6449,36.0523
6389,8.7951
6450,34.9843
6390,8.8810
6451,35.2627
6391,8.9019
6452,35.7825
6392,8.8742
6453,35.6401
6393,8.5871
6394,8.5318
6454,35.9589
6455,35.0369
6395,8.5744
6456,35.1034
6396,8.5725
6457,35.4391
6397,8.7836
6458,35.8806
6398,9.8190
6399,8.7517
6459,35.5829
6460,35.7393
6400,8.7181
6461,35.0908
6401,8.7127
6462,35.0736
6402,8.7595
6463,35.9572
6403,9.0582
6464,35.1535
6404,8.8068
6465,35.6299
6405,8.8577
6406,8.4665
6466,35.7852
6467,34.5497
6407,8.6676
6468,35.4142
6408,8.6073
6469,34.8675
6409,9.9759
6470,36.8477
6410,8.7406
6471,35.7639
6411,8.8847
6472,35.3769
6412,8.7154
6473,35.5535
6413,9.8600
6414,8.4793
6474,35.8468
6475,34.7087
6415,8.7065
6476,35.2058
6416,9.5680
6417,8.7331
6477,36.1099
6478,35.1095
6418,9.7757
6479,36.0838
6419,8.6313
6480,34.9153
6420,8.7276
6481,35.4720
6421,9.6216
6482,35.0820
6422,9.0186
6483,35.7550
6423,9.6330
6484,35.8241
6424,8.5970
6485,34.8330
6425,9.0081
6486,35.7191
6426,8.6940
6487,35.6872
6427,8.8253
6488,36.0923
6428,8.5505
6489,35.1842
6429,8.6014
6490,35.0221
6430,8.8130
6491,35.8434
6431,8.6068
6492,34.7634
6432,8.9113
6433,8.5722
6493,36.6026
6494,34.6724
6434,8.7830
6495,35.7836
6435,8.5396
6496,35.1990
6436,8.7313
6497,35.2696
6437,9.1769
6498,35.4520
6438,8.5870
6499,35.4954
6439,8.5746
6500,35.3132
6440,8.7803
6501,35.6916
6441,8.6877
6502,35.3319
6442,8.6489
6503,35.2798
6443,8.5887
6504,35.2128
6444,8.9851
6505,35.1896
6445,8.7873
6446,8.6437
6506,35.9563
6507,35.0391
6447,8.6252
6508,35.2696
6448,9.6293
6509,36.0371
6449,8.2900
6510,34.6039
6450,8.8954
6511,35.9372
6451,8.6839
6512,35.6255
6452,8.9664
6453,8.4881
6513,35.9463
6514,34.9919
6454,8.5662
6515,34.3837
6455,9.2591
6516,35.6725
6456,8.8672
6517,36.2308
6457,8.7752
6518,35.8694
6458,9.4599
6459,8.4500
6519,36.3924
6520,34.9380
6460,8.9963
6461,8.6337
6521,37.0741
6522,34.7900
6462,8.7273
6523,34.8013
6463,8.4529
6524,34.8488
6464,8.8712
6525,36.8983
6465,8.7516
6526,36.2712
6466,8.6486
6527,35.3091
6467,9.2503
6468,8.5021
6528,36.0983
6529,34.6715
6469,8.8272
6530,35.6501
6470,8.4808
6531,35.4833
6471,8.6391
6532,35.8239
6472,8.6038
6533,34.8002
6473,9.2251
6534,35.5025
6474,8.4719
6535,34.8364
6475,8.7700
6536,35.6540
6476,8.5175
6537,35.2834
6477,8.5771
6538,35.0912
6478,8.8397
6539,35.2765
6479,8.8341
6480,8.4365
6540,36.2635
6541,34.8278
6481,8.7141
6542,35.5215
6482,9.5748
6483,8.6111
6543,36.3195
6544,34.7048
6484,8.8112
6545,35.9860
6485,8.7131
6546,35.9014
6486,8.6756
6547,35.7147
6487,8.8958
6548,35.1912
6488,9.4454
6489,8.3420
6549,35.6382
6550,34.8317
6490,8.6320
6551,35.0317
6491,9.4162
6552,35.5926
6492,8.6527
6553,34.9659
6493,8.9294
6554,36.4546
6494,9.2278
6495,8.4379
6555,35.8889
6556,34.7539
6496,8.6827
6557,35.2652
6497,8.8868
6558,35.7226
6498,8.9947
6559,35.5446
6499,8.7382
6560,36.0175
6500,8.9522
6501,8.5298
6561,36.1028
6502,8.6436
6562,38.0015
6563,35.1470
6503,8.7035
6564,34.8551
6504,8.5766
6565,34.5062
6505,9.7109
6566,36.4852
6506,8.6549
6567,35.0801
6507,8.6806
6508,8.5564
6568,35.7879
6569,34.3835
6509,8.6225
6570,36.7484
6510,8.8825
6571,37.1682
6511,9.2946
6572,36.5689
6512,9.4520
6513,8.4273
6573,36.4447
6514,8.8083
6574,34.3664
6515,8.6680
6575,35.7161
6576,35.0424
6516,8.6475
6577,34.6802
6517,9.7720
6578,35.6347
6518,8.7582
6579,36.1851
6519,9.6426
6520,8.5181
6580,35.9648
6521,8.4217
6581,34.9602
6582,34.6403
6522,8.6932
6523,8.6328
6583,35.3395
6584,34.2697
6524,9.5347
6585,36.3230
6525,9.4960
6526,8.4696
6586,36.2313
6587,34.6059
6527,8.8144
6588,34.6738
6528,9.0796
6589,35.7364
6529,8.6588
6590,35.4592
6530,9.1460
6591,36.4335
6531,8.5869
6592,35.2553
6532,8.6879
6533,8.6813
6593,35.2447
6594,35.3984
6534,8.9423
6595,35.5820
6535,8.6827
6596,35.0361
6536,8.7683
6597,36.1093
6537,8.6548
6598,35.3960
6538,8.5435
6599,35.1163
6539,8.6492
6600,35.7062
6540,8.4973
6601,34.3563
6541,9.4297
6602,36.5889
6542,8.6709
6543,8.6343
6603,35.4223
6604,34.5869
6544,9.0049
6605,36.5000
6545,8.5419
6606,34.7548
6546,9.0302
6607,35.4892
6547,8.8532
6608,35.4707
6548,8.6831
6609,35.5893
6549,8.5810
6610,34.5844
6550,9.1977
6611,35.2511
6551,8.4364
6612,35.3973
6552,9.0195
6613,35.6464
6553,9.6197
6554,8.5205
6614,36.8413
6555,8.7499
6615,34.6465
6616,35.5603
6556,8.8179
6617,35.6047
6557,8.5055
6618,34.9506
6558,9.7957
6619,36.1128
6559,8.7310
6560,8.4835
6620,35.7035
6621,34.4095
6561,9.6392
6562,8.5399
6622,35.9505
6623,35.7213
6563,8.7700
6624,36.6199
6564,8.6315
6565,8.2950
6625,37.0997
6566,8.4452
6626,34.8998
6627,34.6654
6567,8.7448
6628,37.0744
6568,8.7517
6629,35.6766
6569,8.7309
6630,36.6231
6570,8.6334
6631,35.5358
6571,8.5169
6632,36.4554
6572,8.8880
6633,35.8367
6573,8.6323
6634,36.3345
6574,8.5917
6635,36.1408
6575,8.7498
6636,36.9471
6576,8.7868
6637,36.4194
6577,8.4154
6638,36.1967
6578,8.7379
6639,35.8944
6579,8.4094
6640,36.3518
6580,8.6699
6641,35.5597
6581,8.5988
6642,35.8644
6582,8.6963
6643,36.6746
6583,8.8671
6644,36.4597
6584,8.8296
6645,35.1818
6585,8.9741
6586,8.5321
6646,36.5407
6647,35.2838
6587,8.7173
6648,35.7545
6588,8.6592
6649,36.8442
6589,8.5816
6650,35.9287
6590,8.6698
6651,35.6463
6591,8.5395
6592,8.4014
6652,36.1542
6653,35.0885
6593,8.8175
6654,37.0376
6594,8.6460
6655,36.6426
6595,8.8816
6656,36.5331
6596,8.6603
6657,35.6066
6597,8.7067
6598,8.5392
6658,37.7985
6659,35.0393
6599,8.6429
6660,35.7063
6600,8.5791
6661,36.2771
6601,8.9902
6662,37.5384
6602,8.9810
6663,36.1018
6603,8.6537
6664,36.3624
6604,8.6438
6665,35.8416
6605,8.7519
6666,35.7982
6606,8.9025
6607,8.7303
6667,36.5228
6668,36.2788
6608,8.8674
6669,36.6830
6609,8.4735
6670,35.3592
6610,8.4661
6671,35.2583
6611,8.6438
6672,35.8388
6612,8.9485
6613,8.6405
6673,37.1638
6674,35.3818
6614,8.6695
6615,8.6159
6675,36.5075
6676,34.8603
6616,8.8739
6677,36.3799
6617,8.6113
6678,36.0086
6618,8.8911
6619,8.8135
6679,36.0008
6680,36.5905
6620,8.7163
6621,8.6288
6681,35.8933
6682,35.6763
6622,8.8108
6683,37.4062
6623,8.8987
6684,36.4775
6624,8.4894
6685,35.8054
6625,8.4161
6626,8.4585
6686,35.9681
6627,8.9100
6687,35.8503
6688,35.7976
6628,8.8190
6629,8.6958
6689,36.4040
6690,35.7394
6630,9.1848
6691,37.6760
6631,8.7261
6692,35.1502
6632,8.4601
6693,36.0130
6633,8.4508
6694,35.9366
6634,8.4452
6695,35.9940
6635,8.4863
6696,36.1234
6636,8.4217
6637,8.6386
6697,37.1944
6698,36.1112
6638,8.5218
6639,8.3617
6699,36.4551
6640,8.3874
6700,35.2056
6701,34.9551
6641,8.4262
6702,36.0547
6642,8.9132
6643,8.4278
6703,37.3622
6704,34.8654
6644,8.6127
6645,8.3139
6705,36.5849
6706,34.8352
6646,8.3541
6707,35.2502
6647,8.4907
6708,36.3652
6648,9.0340
6649,8.4328
6709,37.2600
6650,8.5174
6710,36.1999
6651,8.5677
6711,36.0204
6652,8.4568
6712,36.0104
6713,35.7028
6653,8.5857
6714,36.0711
6654,8.4572
6715,35.9062
6655,8.5551
6656,8.4227
6716,36.9709
6717,35.7163
6657,8.6346
6718,36.2955
6658,8.6551
6719,36.3593
6659,8.9905
6660,8.6331
6720,36.0226
6721,34.7246
6661,8.9399
6662,8.7008
6722,35.8711
6663,8.5371
6723,35.3568
6724,34.1835
6664,8.8497
6725,35.7943
6665,9.0853
6726,36.4234
6666,8.4400
6727,34.6203
6667,9.0475
6668,8.4021
6728,37.9235
6729,36.1716
6669,8.7008
6670,8.7719
6730,35.5826
6731,36.4861
6671,8.5945
6732,36.0249
6672,8.6561
6733,37.3994
6673,8.5592
6674,8.3657
6734,37.9330
6675,8.4906
6735,36.6160
6676,8.6251
6736,35.7318
6737,35.9353
6677,8.4688
6738,36.0821
6678,8.7586
6739,39.0267
6679,8.5372
6680,8.6827
6740,36.0463
6681,8.7137
6741,36.2724
6682,8.5183
6742,37.1068
6743,35.5753
6683,9.0877
6744,37.2680
6684,8.7145
6685,8.5852
6745,37.5963
6746,36.2974
6686,8.4862
6747,35.6565
6687,8.4198
6688,8.4291
6748,36.9230
6749,35.7561
6689,8.5508
6750,36.0701
6690,8.7240
6691,8.4071
6751,37.9284
6752,36.4142
6692,8.7397
6753,37.0651
6693,8.5380
6754,36.6519
6694,8.7028
6755,35.4973
6695,8.6290
6756,35.6846
6696,8.7381
6697,8.4844
6757,37.2202
6758,35.6117
6698,8.6002
6759,35.5375
6699,8.5442
6700,8.6210
6760,36.6613
6761,35.3459
6701,8.6534
6762,36.4271
6702,9.1848
6703,8.4511
6763,35.8933
6764,35.2190
6704,8.5004
6765,35.6913
6705,8.5396
6706,8.5533
6766,36.5689
6767,35.6151
6707,8.8476
6768,36.9733
6708,8.7997
6709,8.5597
6769,37.0051
6710,8.3953
6770,36.2266
6771,35.1429
6711,8.5546
6772,36.4178
6712,8.8111
6713,8.7745
6773,36.5777
6774,36.5223
6714,8.5911
6775,36.3091
6715,8.6086
6776,36.3988
6716,8.8615
6717,8.4085
6777,36.7849
6718,8.5771
6778,35.2768
6779,34.8378
6719,8.6159
6720,8.4674
6780,36.4910
6721,8.5204
6781,36.4563
6782,35.6944
6722,9.2135
6723,8.5538
6783,36.5629
6724,8.6002
6784,35.2176
6785,35.5457
6725,8.5163
6786,36.4452
6726,8.7108
6787,35.5537
6727,8.6505
6788,35.2699
6728,8.7850
6729,8.3106
6789,36.6753
6730,8.4933
6790,36.1184
6791,35.7116
6731,8.7618
6792,37.4694
6732,8.6608
6793,36.3790
6733,8.5075
6794,36.0776
6734,8.8759
6795,37.5665
6735,8.6776
6796,36.0599
6736,8.3787
6797,35.3325
6737,8.6846
6798,35.9504
6738,8.8023
6799,37.1831
6739,8.6849
6740,8.6198
6800,36.6142
6801,36.1855
6741,8.7208
6802,35.9003
6742,8.6813
6803,36.0750
6743,8.9455
6804,36.3491
6744,9.2323
6745,8.6983
6805,36.8706
6746,8.3971
6806,37.1560
6747,8.4520
6807,35.1912
6808,35.2126
6748,8.5024
6809,35.7637
6749,8.7204
6810,37.1836
6750,8.6305
6811,36.4489
6751,8.5041
6812,35.6086
6752,8.5307
6813,35.5742
6753,8.6685
6754,8.4782
6814,35.9744
6815,35.1194
6755,9.1485
6816,36.2780
6756,8.6996
6757,8.5487
6817,37.4489
6818,36.1339
6758,8.6760
6819,35.8883
6759,8.8061
6820,36.1769
6760,8.4625
6821,35.5786
6761,8.6678
6822,36.3789
6762,8.6721
6763,8.5523
6823,36.3485
6764,8.5137
6824,35.2281
6825,35.3733
6765,8.7071
6826,36.6072
6766,8.7200
6827,35.9186
6767,9.1411
6828,37.4459
6768,8.5879
6829,36.7434
6769,8.6399
6830,36.3186
6770,8.4696
6771,8.4611
6831,35.3483
6832,36.3014
6772,8.6289
6833,35.6147
6773,8.4916
6834,36.6588
6774,8.6237
6775,8.6107
6835,37.1009
6776,8.5190
6836,36.7100
6837,35.6966
6777,8.6033
6838,35.2486
6778,8.5011
6839,36.3528
6779,8.7089
6840,37.2825
6780,8.4838
6841,35.2332
6781,8.5835
6842,36.4619
6782,8.6200
6843,35.3717
6783,8.6734
6844,35.4487
6784,8.7146
6845,38.0763
6785,8.6021
6786,8.5977
6846,36.8736
6787,8.5235
6847,36.5369
6848,35.5275
6788,8.7624
6849,37.1378
6789,8.4781
6850,35.3805
6790,8.5516
6851,36.0694
6791,8.7545
6852,36.0820
6792,8.5358
6853,36.3113
6793,8.7009
6854,36.1875
6794,8.5898
6855,36.2834
6795,8.5805
6856,36.2354
6796,8.4696
6797,8.4620
6857,36.7997
6858,36.0773
6798,8.9497
6859,36.4651
6799,8.6565
6860,36.2275
6800,8.5751
6861,35.4048
6801,8.5062
6862,36.7952
6802,8.3280
6863,36.0315
6803,8.3223
6864,35.6098
6804,8.7117
6865,36.7063
6805,8.6427
6866,35.6528
6806,8.4283
6867,36.2100
6807,8.5304
6868,35.7509
6808,8.5284
6869,36.2933
6809,8.5152
6870,36.4635
6810,8.5188
6871,35.6882
6811,8.4500
6872,36.3794
6812,8.5682
6873,35.4450
6813,8.4317
6874,35.6602
6814,8.4332
6875,35.9798
6815,8.5302
6876,36.8716
6816,8.4615
6877,35.5013
6817,8.5889
6878,36.4164
6818,8.7169
6879,37.2767
6819,8.3215
6820,8.4330
6880,36.0560
6881,35.4619
6821,8.9617
6882,36.5558
6822,8.5639
6823,8.5030
6883,36.8515
6884,35.6180
6824,8.3689
6885,37.5286
6825,8.5663
6826,8.4994
6886,35.8985
6887,35.5144
6827,9.1600
6888,37.4035
6828,8.5771
6889,35.9752
6829,8.8412
6890,36.4957
6830,8.5682
6891,36.3020
6831,8.3869
6892,36.0540
6832,8.6629
6893,35.8266
6833,8.6181
6834,8.3805
6894,36.7470
6895,35.6345
6835,8.4906
6896,35.5602
6836,9.0568
6837,8.3328
6897,37.2157
6898,35.4036
6838,8.6960
6899,35.9980
6839,8.5507
6900,35.3484
6840,8.4432
6901,35.7982
6841,8.9055
6902,35.9866
6842,9.1029
6843,8.4298
6903,37.0303
6844,8.7166
6904,35.8452
6905,36.2690
6845,8.5152
6906,36.4908
6846,8.5471
6907,35.4316
6847,8.6386
6908,35.6073
6848,9.0977
6849,8.4734
6909,36.7773
6910,35.6657
6850,8.8043
6911,35.6156
6851,8.6808
6912,36.2658
6852,8.4500
6913,35.9786
6853,8.4546
6914,35.9006
6854,8.5472
6915,36.7258
6855,8.4926
6856,8.3971
6916,37.5240
6917,35.0357
6857,8.5982
6858,8.5516
6918,36.8021
6919,35.4705
6859,9.0475
6860,8.2332
6920,36.9650
6861,8.4620
6921,35.7027
6922,35.9694
6862,8.5451
6863,8.4151
6923,35.8527
6924,35.3367
6864,8.9073
6925,35.9367
6865,8.5404
6926,36.1764
6866,8.4400
6927,35.3964
6867,8.4454
6928,35.7878
6868,8.4175
6929,35.3938
6869,8.5296
6930,36.2186
6870,8.5534
6931,35.8690
6871,8.7543
6872,8.5991
6932,37.3227
6873,8.6092
6933,35.7452
6934,35.2453
6874,8.5450
6935,36.3279
6875,8.9953
6876,8.6138
6936,36.1401
6937,35.8525
6877,9.0514
6878,8.5549
6938,36.5043
6879,8.4302
6939,35.8671
6940,35.8678
6880,8.5839
6941,36.0175
6881,9.3146
6882,8.5590
6942,37.0698
6943,36.5130
6883,8.4251
6944,35.6637
6884,8.5866
6945,35.5258
6885,8.5907
6886,8.6742
6946,35.9619
6947,35.9863
6887,8.8056
6888,8.3936
6948,37.0964
6889,8.5098
6949,35.9359
6950,35.4896
6890,8.6520
6891,8.4098
6951,35.7595
6952,34.8528
6892,9.0860
6953,36.0521
6893,8.8292
6954,36.7760
6894,8.5819
6895,8.5007
6955,36.9056
6896,8.4547
6956,36.0966
6957,35.8551
6897,8.5709
6958,35.5552
6898,8.9663
6959,36.6437
6899,8.7051
6960,35.8300
6900,9.9326
6901,8.7681
6961,36.9342
6902,8.5758
6962,36.1039
6963,36.1546
6903,8.3532
6964,35.4629
6904,8.7464
6965,37.0027
6905,8.3338
6966,35.8351
6906,8.6074
6967,36.8687
6907,8.3237
6968,35.4571
6908,8.3952
6969,36.0519
6909,8.5403
6970,35.8515
6910,8.4687
6971,37.0521
6911,8.4273
6972,35.9680
6912,8.5737
6973,37.4044
6913,8.6490
6914,8.5924
6974,36.3918
6975,35.1178
6915,8.5352
6976,36.6121
6916,8.7224
6917,8.8049
6977,36.6272
6978,35.8177
6918,8.9615
6919,8.3986
6979,36.7784
6920,8.5907
6980,34.8756
6981,35.2511
6921,8.5137
6982,37.2619
6922,8.4630
6983,35.6268
6923,8.9395
6984,36.9805
6924,8.6659
6985,35.9643
6925,8.6679
6926,8.5118
6986,36.6497
6987,35.4369
6927,8.6741
6988,36.6758
6928,8.7229
6989,35.5781
6929,8.6251
6990,36.2181
6930,8.5587
6991,36.7599
6931,8.5683
6932,8.4521
6992,36.6051
6993,35.5667
6933,8.3937
6934,8.6674
6994,36.0439
6995,36.1710
6935,8.5160
6996,36.8757
6936,8.5258
6997,35.6490
6937,8.6371
6998,35.9755
6938,8.8450
6999,36.0192
6939,8.5671
7000,35.5785
6940,8.4511
7001,35.7570
6941,8.5919
7002,36.3366
6942,8.6233
7003,35.6683
6943,8.6755
6944,8.3766
7004,36.6755
7005,34.9880
6945,8.6296
7006,35.6061
6946,8.6723
7007,36.0282
6947,8.9439
6948,8.3982
7008,37.6364
6949,8.5215
7009,35.4164
7010,35.3197
6950,8.7850
7011,35.3694
6951,8.6266
7012,36.1014
6952,8.6538
7013,36.2527
6953,8.3533
6954,8.6277
7014,35.8375
7015,35.4234
6955,8.5974
7016,36.6925
6956,8.8363
7017,36.5184
6957,8.5291
7018,36.3279
6958,8.6745
7019,36.1907
6959,9.0217
6960,8.5979
7020,37.3511
6961,8.5680
7021,36.1353
7022,35.3248
6962,8.7633
7023,35.4877
6963,8.6675
7024,35.9946
6964,8.6068
7025,36.1972
6965,8.3888
7026,36.3642
6966,8.7848
7027,36.1326
6967,8.7579
7028,36.1551
6968,8.8551
7029,35.2485
6969,8.4702
7030,36.3730
6970,8.7825
7031,37.0448
6971,8.4087
7032,35.4166
6972,8.8509
7033,35.5953
6973,8.5664
6974,8.5238
7034,37.5924
7035,35.6420
6975,8.5892
7036,35.9951
6976,8.4065
7037,35.5929
6977,8.6523
7038,36.0797
6978,8.5518
7039,36.0819
6979,8.9741
6980,8.4669
7040,36.6629
7041,35.2542
6981,8.7264
6982,8.5976
7042,36.9067
7043,35.4157
6983,8.4115
6984,8.7033
7044,37.6605
7045,35.2804
6985,8.8118
6986,8.3277
7046,36.8916
6987,8.5190
7047,35.1009
7048,35.4064
6988,8.9436
7049,36.3209
6989,8.4787
7050,35.9026
6990,9.0207
7051,35.5591
6991,8.9262
7052,37.2228
6992,8.4135
6993,8.5391
7053,35.2089
7054,35.2112
6994,8.5050
6995,8.5222
7055,36.4437
7056,37.9657
6996,8.7948
7057,37.2508
6997,8.3201
7058,36.3400
6998,8.7684
6999,8.4862
7059,36.0362
7060,35.3118
7000,8.7725
7061,36.0949
7001,8.6094
7062,35.6775
7002,8.6374
7063,36.4491
7003,8.5611
7064,36.2674
7004,8.5525
7065,34.8154
7005,8.3692
7066,35.2033
7006,8.4720
7067,35.6061
7007,8.6018
7068,36.2128
7008,8.6185
7009,8.3842
7069,37.2491
7070,36.1003
7010,8.4015
7011,8.6156
7071,35.5069
7072,35.3634
7012,8.5810
7073,35.9042
7013,8.5877
7074,36.3631
7014,8.5266
7015,8.4123
7075,36.8778
7076,35.5976
7016,9.5346
7077,35.2740
7017,8.8425
7078,36.7117
7018,8.4464
7079,35.8225
7019,8.8138
7080,36.4429
7020,8.7954
7021,8.2623
7081,36.5729
7022,8.4485
7082,35.3621
7023,8.2765
7083,35.7258
7084,35.2911
7024,8.8596
7085,36.2210
7025,8.9736
7086,37.2190
7026,8.4377
7027,8.2550
7087,36.8931
7028,8.2466
7088,35.9245
7029,8.5043
7089,35.0637
7090,35.5947
7030,8.4551
7091,36.6058
7031,8.6396
7032,8.4697
7092,36.4964
7093,35.5671
7033,8.2685
7034,8.6860
7094,35.9746
7095,34.7951
7035,8.7457
7036,8.7840
7096,37.1740
7097,36.3055
7037,8.7900
7038,8.3215
7098,36.9172
7039,8.3119
7099,36.0074
7100,36.0912
7040,8.6481
7101,36.0025
7041,8.7827
7042,8.3782
7102,36.7204
7103,35.5407
7043,8.3049
7104,36.5673
7044,8.3761
7105,35.1059
7045,9.0862
7106,36.4365
7046,8.7872
7107,35.9834
7047,8.8075
7048,8.7409
7108,36.8396
7109,35.2036
7049,8.7413
7050,8.7129
7110,39.3393
7111,36.8028
7051,8.7683
7052,9.1425
7112,38.5922
7113,37.6411
7053,8.8870
7114,35.4722
7054,8.7846
7115,35.4913
7055,9.3373
7116,35.8146
7056,9.2184
7057,8.7858
7117,35.8629
7058,8.8132
7118,36.7616
7119,35.2990
7059,8.6136
7060,9.0888
7120,34.9886
7121,35.6567
7061,8.4986
7122,34.9665
7062,8.8886
7123,35.7318
7063,8.7004
7064,8.9378
7124,35.6562
7125,35.3164
7065,8.5401
7066,9.0441
7126,36.3868
7127,35.4519
7067,9.2806
7068,8.6162
7128,36.9207
7129,35.6168
7069,8.5607
7130,36.2110
7070,8.9894
7131,35.0755
7071,8.5304
7072,8.7425
7132,36.1977
7133,34.8039
7073,9.1279
7134,35.4660
7074,9.0942
7075,9.2286
7135,35.8575
7136,34.7389
7076,9.0282
7137,34.3438
7077,9.1706
7138,35.7065
7078,8.7844
7079,9.0864
7139,35.3988
7140,35.2448
7080,9.1112
7081,8.8215
7141,36.4967
7142,34.9081
7082,8.8842
7143,35.4414
7083,9.0851
7144,35.9512
7084,8.5523
7085,8.8299
7145,36.7764
7146,35.1957
7086,8.8253
7087,8.9942
7147,35.6039
7148,35.0644
7088,8.9827
7149,35.1340
7089,8.8903
7150,35.0159
7090,8.5888
7151,35.5674
7091,8.9607
7152,35.2108
7092,9.0008
7153,36.2628
7093,8.9593
7154,36.0072
7094,8.7252
7155,35.9861
7095,8.6693
7156,35.3543
7096,8.7234
7157,35.6156
7097,8.8072
7158,35.4052
7098,9.2488
7099,9.1463
7159,35.6099
7160,34.5485
7100,9.0141
7161,35.1465
7101,8.8812
7162,35.3137
7102,9.0799
7163,35.1318
7103,9.2323
7164,35.5885
7104,9.1991
7165,35.7322
7105,9.0671
7166,35.7948
7106,8.9815
7167,35.4772
7107,8.9328
7168,35.4312
7108,8.5207
7169,35.3545
7109,9.1192
7170,35.3281
7110,9.4071
7171,36.4583
7111,10.8406
7172,36.7892
7112,7.7897
7173,35.0099
7113,7.7851
7114,7.5457
7174,36.3858
7175,34.4864
7115,7.2305
7176,35.4084
7116,8.0932
7177,36.2083
7117,7.8581
7178,35.9632
7118,7.2834
7179,35.9938
7119,8.3046
7180,35.4563
7120,7.4425
7181,35.3710
7121,7.6411
7122,7.4556
7182,34.8395
7183,34.8267
7123,8.0810
7184,36.3822
7124,7.6498
7185,35.5012
7125,7.7622
7186,36.1407
7126,8.0043
7187,36.6647
7127,7.7715
7188,35.0951
7128,7.7089
7129,7.8627
7189,36.7354
7190,35.8437
7130,7.6406
7191,35.2839
7131,8.1929
7132,8.3963
7192,36.0101
7193,35.8392
7133,7.9482
7134,7.8235
7194,36.4853
7195,36.2041
7135,7.7805
7196,35.9228
7136,7.4238
7197,35.0251
7137,8.2721
7138,7.6213
7198,36.2261
7199,34.8712
7139,8.4078
7200,36.5112
7140,8.4266
7201,35.5326
7141,7.5832
7142,7.4081
7202,35.8172
7203,37.1364
7143,7.7594
7204,34.7247
7144,7.8393
7145,8.1996
7205,36.7538
7206,35.6207
7146,8.2214
7207,36.5926
7147,7.7254
7148,7.7084
7208,36.4793
7209,35.1007
7149,7.4265
7150,8.0111
7210,37.4700
7211,36.2662
7151,7.8937
7152,7.9846
7212,38.1429
7213,34.9083
7153,7.5839
7214,36.1111
7154,7.6917
7215,36.1990
7155,7.7575
7216,35.5375
7156,7.5419
7217,34.9501
7157,7.8934
7218,36.5886
7158,8.0406
7219,36.0309
7159,7.8316
7220,36.9738
7160,8.0355
7221,36.1708
7161,7.6236
7222,35.7977
7162,8.4403
7223,35.7756
7163,7.7552
7164,7.4842
7224,36.6482
7165,8.0421
7225,36.3411
7226,34.8493
7166,8.0040
7167,7.4621
7227,36.3455
7228,35.0826
7168,7.7053
7229,35.6812
7169,8.4631
7230,36.1664
7170,7.8574
7171,7.7833
7231,37.3402
7232,35.3968
7172,8.3537
7233,35.7962
7173,7.6071
7174,7.2252
7234,36.4082
7175,7.5164
7235,35.0631
7236,35.4443
7176,8.0926
7237,35.5342
7177,7.7921
7178,7.6976
7238,36.9474
7239,35.7062
7179,8.4287
7240,35.2993
7180,7.6577
7181,7.3420
7241,36.8587
7242,34.7128
7182,7.9353
7243,36.3001
7183,7.5965
7244,35.7203
7184,8.1370
7245,36.7900
7185,7.5125
7246,35.9915
7186,7.6864
7247,35.3857
7187,7.8170
7248,36.9987
7188,8.0043
7249,36.4607
7189,7.8474
7250,36.6089
7190,7.5973
7251,35.7951
7191,8.0186
7192,8.1003
7252,36.6630
7253,36.0837
7193,8.1195
7254,36.4468
7194,7.6752
7195,7.6104
7255,35.9013
7256,35.1898
7196,8.0591
7257,36.3068
7197,8.3181
7258,35.8015
7198,7.7124
7199,7.5708
7259,35.7102
7260,35.5459
7200,7.4938
7261,35.9662
7201,7.6189
7262,35.7485
7202,8.2262
7203,7.7884
7263,37.5564
7264,35.9382
7204,8.2171
7265,37.0953
7205,7.8091
7206,7.7380
7266,36.2737
7207,8.0756
7267,36.2161
7268,35.6876
7208,8.3071
7269,35.6063
7209,7.4798
7270,36.4880
7210,7.7026
7271,35.6180
7211,7.2826
7272,35.2042
7212,7.6638
7273,36.4381
7213,7.7344
7274,36.3096
7214,7.6319
7275,34.9129
7215,8.2586
7276,36.9667
7216,7.6970
7277,35.6864
7217,7.4665
7278,36.5467
7218,7.9213
7279,35.1127
7219,8.1095
7280,36.1807
7220,7.6488
7281,36.7754
7221,8.3742
7282,41.2987
7222,7.9669
7283,35.2896
7223,7.6778
7224,7.8071
7284,36.5769
7285,35.7338
7225,7.5343
7286,35.3769
7226,7.7738
7287,36.3640
7227,8.0208
7288,36.7962
7228,7.8245
7289,35.3382
7229,8.1653
7290,37.7851
7230,7.6503
7231,7.4001
7291,36.1970
7232,7.7949
7292,35.7239
7293,36.4630
7233,8.2045
7294,36.7025
7234,7.9546
7295,35.4986
7235,7.4848
7296,35.6597
7236,7.6968
7297,36.8825
7237,7.8388
7298,35.3025
7238,7.6672
7239,7.9272
7299,37.6917
7300,35.7371
7240,8.1496
7301,35.5330
7241,8.0691
7302,35.6938
7242,7.9178
7303,36.1254
7243,7.9253
7304,35.8196
7244,7.8166
7305,35.1799
7245,7.8859
7306,36.7054
7246,7.7542
7247,7.4833
7307,36.5976
7308,35.1567
7248,7.3991
7309,35.5308
7249,8.2222
7310,36.2647
7250,7.9616
7251,7.3661
7311,36.3396
7312,35.1761
7252,8.3096
7313,35.7014
7253,8.0956
7314,36.7664
7254,7.4964
7315,36.4265
7255,7.1692
7316,35.5598
7256,7.4831
7317,36.3662
7257,7.6715
7318,36.1931
7258,7.3407
7319,36.2516
7259,7.9771
7320,35.8512
7260,8.0370
7321,36.4490
7261,7.6022
7262,7.1496
7322,36.4633
7323,35.7359
7263,7.4405
7324,35.9718
7264,7.4849
7325,35.5582
7265,7.4292
7326,36.2695
7266,7.5997
7327,35.3184
7267,7.3552
7328,35.6024
7268,7.3791
7329,35.3491
7269,7.9084
7330,36.1814
7270,7.4526
7331,35.7745
7271,7.5950
7332,37.5492
7272,7.8310
7333,37.0537
7273,7.2000
7334,36.0346
7274,7.7303
7335,35.2957
7275,7.3876
7336,35.3449
7276,7.7817
7337,36.4937
7277,7.3050
7338,35.0232
7278,7.7125
7339,35.7145
7279,7.8567
7340,35.1093
7280,7.5105
7341,36.3464
7281,7.3387
7342,35.8559
7282,7.2781
7343,35.4096
7283,7.2955
7344,36.2861
7284,7.8932
7345,36.1743
7285,7.0167
7346,35.4960
7286,7.6784
7347,35.4533
7287,7.9508
7348,37.4896
7288,7.1682
7349,35.7186
7289,7.3558
7350,36.9166
7290,7.3237
7351,34.8847
7291,7.7410
7352,36.5422
7292,7.3248
7353,35.1716
7293,7.5026
7354,36.4684
7294,7.3826
7355,36.7449
7295,8.1425
7356,36.5726
7296,7.6714
7357,36.8486
7297,7.4441
7358,36.0457
7298,7.2374
7359,36.3416
7299,7.5249
7300,7.1733
7360,37.1102
7361,35.2376
7301,7.5107
7362,36.8139
7302,7.6297
7363,36.1089
7303,7.2180
7364,36.1333
7304,7.7120
7365,36.8992
7305,7.6286
7366,36.0020
7306,7.6821
7367,35.8777
7307,7.5809
7368,36.6410
7308,7.8864
7369,36.1307
7309,7.5896
7370,36.1000
7310,7.4622
7371,34.8921
7311,7.5111
7372,36.5876
7312,7.8495
7373,36.3169
7313,7.6247
7374,35.6096
7314,7.7045
7375,35.6879
7315,7.9672
7376,36.5899
7316,7.1289
7377,34.7771
7317,7.8862
7378,36.2084
7318,7.5843
7379,35.7851
7319,7.7825
7380,36.1888
7320,7.8514
7381,34.8029
7321,7.7984
7382,36.4089
7322,7.9915
7383,35.1385
7323,7.7117
7384,35.9181
7324,7.5642
7385,35.7170
7325,7.3078
7386,35.8824
7326,8.1978
7387,35.1530
7327,7.6676
7388,35.7630
7328,7.6013
7389,36.0013
7329,7.5828
7390,36.3088
7330,7.6116
7391,35.8924
7331,7.8088
7332,7.7944
7392,36.5918
7393,36.2009
7333,7.8151
7394,35.5632
7334,7.7988
7335,7.7696
7395,35.8976
7396,35.1431
7336,8.1869
7397,36.3813
7337,7.0501
7398,35.2298
7338,7.9480
7399,36.1699
7339,7.6384
7340,7.7789
7400,36.9398
7401,36.2769
7341,8.0982
7402,36.3801
7342,7.8427
7343,8.1759
7403,36.8042
7404,37.4389
7344,7.5513
7345,7.4483
7405,36.6154
7406,35.2593
7346,7.9244
7407,35.6827
7347,7.5629
7408,35.2170
7348,8.0069
7409,35.7663
7349,7.8340
7410,35.8080
7350,7.8032
7411,36.0887
7351,8.0455
7412,35.0292
7352,7.7214
7413,35.7341
7353,7.4289
7414,34.5116
7354,7.0646
7415,34.6194
7355,8.1391
7416,36.3882
7356,7.7845
7357,7.8063
7417,36.2530
7418,34.8528
7358,7.9868
7419,36.6526
7359,8.1610
7420,35.8889
7360,7.9441
7361,7.4132
7421,36.7137
7362,8.1254
7422,35.9564
7423,35.0200
7363,8.0368
7424,36.8434
7364,7.3825
7425,35.7798
7365,7.8846
7426,36.0872
7366,7.6842
7427,36.2869
7367,8.0255
7428,35.6175
7368,8.1626
7429,36.4434
7369,7.9379
7370,7.3429
7430,36.2951
7371,7.2584
7431,35.5187
7432,35.3169
7372,7.7905
7433,35.2571
7373,7.8565
7434,35.4010
7374,7.6923
7435,35.1172
7375,8.3073
7436,36.5625
7376,8.0544
7377,7.2967
7437,36.6464
7378,7.1691
7438,34.8614
7439,35.3801
7379,7.9437
7440,35.2253
7380,7.9346
7381,8.0466
7441,36.5517
7442,35.9514
7382,7.8501
7443,35.7386
7383,7.8605
7444,35.9070
7384,7.4524
7445,35.4546
7385,7.4863
7446,35.0043
7386,7.8893
7447,36.6024
7387,7.9365
7448,35.3855
7388,8.4490
7449,35.8890
7389,7.4014
7450,35.5594
7390,8.0101
7451,35.9491
7391,7.9787
7452,36.2759
7392,7.7257
7453,36.1835
7393,7.4119
7454,35.1840
7394,7.9695
7455,35.3278
7395,7.5895
7456,36.1552
7396,7.8339
7457,36.0065
7397,8.3151
7458,36.9370
7398,7.6822
7399,7.0030
7459,35.1534
7460,35.3112
7400,7.4042
7461,35.3528
7401,7.7462
7462,35.4169
7402,7.6753
7403,7.8550
7463,35.9952
7464,35.3411
7404,8.2937
7465,35.6388
7405,7.6596
7466,35.3769
7406,7.3703
7467,35.1039
7407,8.1384
7468,36.6306
7408,7.5557
7469,36.0112
7409,8.3793
7470,36.3213
7410,7.5715
7471,35.4071
7411,7.7389
7472,37.7717
7412,7.4544
7473,35.5649
7413,7.5630
7474,35.7502
7414,8.2323
7475,36.6431
7415,7.8386
7476,35.5050
7416,7.7482
7477,35.1919
7417,8.0291
7478,35.9692
7418,7.4485
7479,36.2719
7419,7.4136
7480,35.1334
7420,7.8746
7481,36.6946
7421,8.0381
7482,34.8110
7422,7.8164
7423,7.2732
7483,36.6487
7484,34.7886
7424,8.0426
7485,36.4034
7425,7.3308
7486,36.6192
7426,7.2831
7487,35.0084
7427,7.9735
7488,34.9136
7428,7.5421
7489,36.2330
7429,7.8328
7490,34.7151
7430,7.6648
7491,36.4421
7431,8.0349
7492,35.6492
7432,8.0791
7433,7.5302
7493,36.1655
7494,35.2355
7434,8.2224
7495,35.9138
7435,7.6022
7496,35.8486
7436,7.8458
7497,36.0627
7437,7.7632
7498,35.6030
7438,7.9209
7499,35.7013
7439,7.2936
7500,35.9599
7440,7.8347
7501,34.9652
7441,8.0445
7502,36.2754
7442,7.9004
7503,36.1241
7443,7.9536
7504,35.5300
7444,7.0862
7505,34.5572
7445,7.6132
7506,35.3648
7446,8.3225
7507,36.3811
7447,7.7964
7508,36.5837
7448,8.1997
7509,37.6630
7449,7.9132
7510,36.0049
7450,7.6190
7511,36.6900
7451,7.5306
7512,35.5199
7452,7.4674
7513,36.0517
7453,8.1989
7514,35.3257
7454,7.8819
7455,7.4499
7515,36.8542
7516,35.4681
7456,8.4950
7517,36.0463
7457,7.8816
7458,7.2504
7518,37.0876
7519,34.6044
7459,7.6330
7520,36.0677
7460,7.8237
7521,35.5614
7461,7.9411
7522,37.0654
7462,7.5711
7523,36.4314
7463,7.4473
7524,35.4734
7464,8.1961
7525,36.8459
7465,7.2459
7526,35.0635
7466,7.3342
7527,36.1375
7467,7.6599
7528,35.7599
7468,7.5396
7529,36.2394
7469,7.8152
7530,35.9388
7470,7.9876
7531,36.0346
7471,7.4578
7532,35.1947
7472,7.7963
7473,7.3885
7533,36.8021
7534,34.8287
7474,8.2593
7535,36.2151
7475,7.9205
7536,36.1723
7476,7.6711
7537,37.0445
7477,7.7308
7538,36.1812
7478,7.5621
7539,36.1950
7479,8.1433
7540,35.4325
7480,7.7633
7481,7.3759
7541,36.7437
7542,35.3647
7482,7.6831
7543,36.1459
7483,7.7338
7544,35.6319
7484,7.5812
7545,36.2232
7485,7.6660
7546,36.8798
7486,7.4360
7547,35.7484
7487,8.0132
7548,36.2738
7488,7.9189
7549,36.7152
7489,7.9588
7550,36.0376
7490,7.2328
7551,35.8768
7491,7.4058
7552,35.7858
7492,7.9235
7553,35.7288
7493,8.0303
7554,36.4044
7494,7.1925
7555,36.1745
7495,7.6563
7556,36.6001
7496,7.3299
7557,35.6160
7497,7.8347
7558,35.9492
7498,7.2848
7559,35.9597
7499,7.2561
7560,35.2727
7500,7.4986
7561,36.1700
7501,7.7453
7562,35.5448
7502,7.5170
7563,35.7657
7503,7.5228
7564,35.7471
7504,8.0156
7565,35.7671
7505,7.7940
7506,7.3577
7566,36.1344
7567,35.1873
7507,7.5056
7568,35.5254
7508,7.8885
7569,34.9702
7509,7.8345
7510,7.8677
7570,36.3189
7571,35.6846
7511,8.4945
7572,36.4947
7512,7.3587
7573,36.2269
7513,7.5702
7514,7.5960
7574,36.4890
7515,7.1417
7575,38.6411
7576,35.3914
7516,7.6343
7577,35.5342
7517,8.1390
7578,35.7891
7518,7.8792
7579,36.0190
7519,7.5358
7580,36.1810
7520,8.0688
7581,34.5943
7521,7.2685
7582,35.8524
7522,7.2773
7583,36.2950
7523,7.4037
7584,35.0524
7524,7.8959
7585,35.6291
7525,8.0485
7586,36.6322
7526,7.7122
7527,7.7890
7587,36.3770
7588,35.4001
7528,8.3004
7589,36.7911
7529,7.8287
7530,7.1903
7590,35.5132
7591,35.0586
7531,7.4951
7592,35.1104
7532,7.8460
7593,35.3756
7533,8.7391
7594,36.4686
7534,8.2036
7535,7.2581
7595,36.8947
7596,34.8175
7536,7.1301
7597,35.5303
7537,7.6357
7598,35.6379
7538,7.6102
7599,35.8378
7539,7.3152
7600,35.7484
7540,8.2734
7601,36.3285
7541,7.6108
7542,7.6464
7602,35.1696
7603,35.6032
7543,7.4574
7604,35.6311
7544,7.3342
7605,35.1478
7545,7.9111
7606,36.5268
7546,7.7071
7607,36.3625
7547,8.0547
7608,35.1370
7548,7.5630
7609,35.8979
7549,7.7246
7610,35.1108
7550,7.9753
7551,7.5619
7611,36.7379
7612,35.2917
7552,7.5002
7613,36.0818
7553,7.6685
7614,36.0012
7554,7.7592
7615,36.2834
7555,7.7794
7616,36.0701
7556,7.6264
7617,36.7308
7557,8.0166
7618,35.6749
7558,8.0537
7619,36.0420
7559,7.2902
7620,36.7688
7560,7.9244
7621,36.0111
7561,7.2296
7622,35.4958
7562,7.7796
7623,35.9901
7563,7.3664
7624,34.9913
7564,7.9618
7625,36.7250
7565,7.7052
7626,35.7882
7566,7.8460
7567,7.6890
7627,36.3625
7628,36.3947
7568,7.7080
7629,35.9129
7569,7.6645
7630,35.5949
7570,7.6032
7631,35.7479
7571,7.7201
7632,36.1496
7572,7.6983
7573,7.7307
7633,36.7262
7634,35.8076
7574,7.8568
7635,35.3436
7575,7.7996
7636,35.2997
7576,7.2619
7637,35.4031
7577,8.0785
7638,34.6952
7578,7.6297
7579,8.1159
7639,37.2278
7640,35.6652
7580,8.0130
7581,7.4429
7641,35.7235
7642,35.6206
7582,8.0241
7643,34.9081
7583,7.4541
7584,7.4371
7644,36.4598
7645,34.4476
7585,8.0805
7646,35.8882
7586,8.2692
7647,36.8533
7587,7.1774
7648,36.6126
7588,7.0648
7649,35.8545
7589,7.2372
7650,35.5694
7590,8.2609
7651,35.7140
7591,8.1209
7592,7.5215
7652,36.4915
7653,35.5865
7593,7.6305
7654,35.3793
7594,7.6265
7655,36.2669
7595,7.3650
7656,35.0447
7596,7.2872
7657,35.4863
7597,7.4649
7658,35.2250
7598,7.9400
7659,36.6346
7599,8.0540
7660,36.2169
7600,7.9055
7661,35.4239
7601,7.7504
7602,7.0376
7662,36.3406
7663,34.7694
7603,7.5243
7664,36.0263
7604,7.0516
7665,35.6043
7605,8.1638
7666,36.2491
7606,7.4108
7667,35.7118
7607,7.0072
7668,34.7483
7608,7.6868
7669,36.2137
7609,7.6534
7670,36.6078
7610,7.3887
7671,35.6099
7611,7.3794
7672,35.3698
7612,7.6175
7673,36.0152
7613,8.2079
7674,37.5818
7614,7.7808
7615,7.4167
7675,36.4145
7676,34.7512
7616,7.9468
7677,36.1313
7617,7.8370
7678,36.7500
7618,7.4468
7679,34.8983
7619,7.4672
7680,36.5309
7620,7.3422
7681,35.6126
7621,7.7671
7682,36.0225
7622,7.4354
7683,36.2354
7623,7.1535
7684,35.7588
7624,7.5584
7685,35.9791
7625,6.9929
7686,35.8706
7626,7.4640
7687,36.3639
7627,7.2840
7688,35.9290
7628,7.0428
7689,36.4638
7629,6.9401
7690,35.4716
7630,7.3890
7691,36.6041
7631,7.2145
7692,36.3488
7632,7.0963
7693,36.0354
7633,7.1411
7694,36.1630
7634,7.9522
7695,36.1869
7635,7.4332
7696,36.9573
7636,7.5084
7637,7.2780
7697,35.2743
7698,35.2195
7638,7.9828
7699,36.4178
7639,7.5057
7700,35.8005
7640,7.6892
7701,35.9270
7641,7.6209
7702,35.0681
7642,8.2900
7703,36.3931
7643,7.9947
7644,7.2046
7704,35.9166
7705,34.6925
7645,7.4193
7706,35.2933
7646,7.0324
7707,36.2476
7647,7.6579
7708,36.0162
7648,7.4730
7709,35.3284
7649,8.1308
7710,36.7375
7650,7.9820
7711,35.7732
7651,7.4465
7652,7.2145
7712,36.7062
7713,35.0247
7653,6.9974
7714,35.4041
7654,7.4803
7715,35.5803
7655,7.6576
7716,35.8849
7656,7.7029
7717,35.4617
7657,8.1338
7718,36.1622
7658,7.6891
7719,36.2090
7659,7.3833
7720,34.7681
7660,7.7017
7721,36.0490
7661,6.9917
7722,34.6820
7662,7.5718
7723,36.1215
7663,7.1280
7724,34.9872
7664,7.7414
7725,36.2611
7665,7.7197
7726,36.7935
7666,7.5620
7727,35.7222
7667,7.9932
7668,7.2032
7728,37.2777
7669,7.2636
7729,35.6549
7730,34.9042
7670,7.3748
7671,7.3554
7731,36.7504
7732,35.8069
7672,7.7811
7733,35.5252
7673,7.1811
7734,35.7706
7674,7.6888
7735,36.1330
7675,7.4642
7736,36.6072
7676,7.3491
7737,35.6824
7677,7.5579
7738,35.1744
7678,7.8948
7679,7.6076
7739,35.4604
7740,35.3161
7680,7.4872
7741,36.3270
7681,6.8874
7742,34.9055
7682,7.6020
7743,35.6481
7683,7.3084
7744,35.4220
7684,7.5294
7745,35.6903
7685,7.7901
7746,38.2921
7686,7.2223
7747,35.2380
7687,7.7207
7748,36.6849
7688,7.3136
7689,7.2913
7749,35.8614
7750,34.7410
7690,7.6532
7751,35.6120
7691,7.3439
7752,35.3025
7692,6.9966
7753,35.0419
7693,7.4428
7754,36.2176
7694,7.8470
7755,35.6768
7695,7.1494
7756,36.4712
7696,7.1429
7757,35.5825
7697,7.0248
7698,6.9856
7758,36.1107
7759,34.6696
7699,7.6291
7760,35.3403
7700,7.7724
7761,35.7397
7701,7.4020
7702,7.7006
7762,36.6723
7763,35.4783
7703,7.4952
7764,35.1866
7704,7.0162
7765,35.2435
7705,6.9153
7766,35.0367
7706,7.3851
7767,36.1923
7707,7.8837
7768,36.3109
7708,7.7542
7769,36.4955
7709,6.9953
7770,35.9782
7710,7.2813
7771,35.9711
7711,7.2238
7772,35.4894
7712,7.0693
7773,35.7384
7713,7.5568
7774,35.6166
7714,7.5119
7775,35.4333
7715,7.9655
7776,36.2052
7716,7.1675
7777,35.8095
7717,6.9654
7778,35.6778
7718,7.1244
7779,35.8782
7719,7.0711
7780,35.5939
7720,7.4663
7781,35.8096
7721,7.4518
7782,36.1367
7722,7.7078
7783,34.8324
7723,7.3422
7784,36.7561
7724,7.2978
7785,35.9742
7725,7.2031
7786,35.2558
7726,7.3850
7787,35.5576
7727,7.1520
7788,35.5263
7728,7.3578
7789,35.5576
7729,7.3861
7790,35.6978
7730,7.3084
7791,35.3284
7731,6.5237
7792,35.0311
7732,6.9237
7793,36.1908
7733,7.1628
7794,35.3996
7734,6.8465
7795,36.2000
7735,6.9216
7796,35.7179
7736,6.8544
7797,35.8995
7737,6.9669
7798,35.1437
7738,6.9234
7799,35.5262
7739,6.5706
7800,35.9012
7740,6.9294
7801,35.4612
7741,6.5056
7802,35.9497
7742,6.5428
7803,36.1208
7743,6.7969
7804,36.1521
7744,6.6098
7805,36.1670
7745,7.1027
7806,38.3226
7746,6.4362
7807,35.1793
7747,7.0000
7808,36.3481
7748,6.9726
7809,35.9582
7749,7.1368
7810,36.3776
7750,6.7482
7811,36.2600
7751,6.6455
7812,35.8235
7752,7.3836
7813,35.5165
7753,6.7839
7814,36.1361
7754,7.0009
7815,35.7894
7755,7.3105
7816,36.0328
7756,6.4123
7817,35.0828
7757,7.2621
7818,35.4659
7758,6.6816
7819,35.7110
7759,6.5176
7820,34.9976
7760,7.3971
7821,35.5637
7761,6.9087
7822,35.7529
7762,6.4757
7823,36.2552
7763,7.0047
7824,36.1232
7764,6.9145
7825,35.7433
7765,6.8356
7826,36.0176
7766,6.5125
7827,36.1456
7767,7.0402
7828,35.7138
7768,7.2283
7829,35.6674
7769,6.8863
7830,35.8649
7770,6.8972
7831,36.2752
7771,7.2691
7832,36.4010
7772,6.7324
7833,35.2140
7773,7.0824
7834,36.1878
7774,7.0093
7835,36.1706
7775,6.6229
7836,35.8158
7776,7.4895
7837,36.2062
7777,6.9062
7838,35.2705
7778,6.6205
7839,36.0763
7779,6.9898
7840,36.4693
7780,7.6692
7841,35.9317
7781,6.5790
7842,35.6540
7782,7.0357
7843,34.7206
7783,7.2082
7844,35.6765
7784,6.8088
7845,35.4288
7785,6.7537
7846,35.1710
7786,7.4015
7847,36.8248
7787,6.7247
7848,35.4549
7788,7.3957
7849,36.0658
7789,6.9795
7850,36.4378
7790,6.9687
7851,34.6422
7791,6.9041
7852,35.4135
7792,7.3345
7853,35.7268
7793,6.9301
7854,36.0697
7794,6.7551
7855,35.2439
7795,7.1205
7856,35.6337
7796,7.6591
7857,36.7504
7797,6.8839
7858,35.3396
7798,6.5188
7859,35.5427
7799,6.9257
7860,35.7712
7800,6.9368
7861,36.3115
7801,6.9100
7862,35.5213
7802,6.9848
7863,36.1534
7803,7.9490
7864,37.2293
7804,7.9570
7805,7.0176
7865,36.6014
7866,36.3712
7806,6.9914
7867,35.5640
7807,7.0180
7868,35.7729
7808,6.9776
7869,36.9000
7809,7.0216
7870,35.7088
7810,7.0242
7871,36.1297
7811,7.1724
7872,35.4221
7812,7.2984
7873,37.1406
7813,6.7303
7874,34.9659
7814,6.4982
7875,34.9775
7815,6.9153
7876,35.7907
7816,7.2343
7877,35.5553
7817,6.9097
7878,35.3575
7818,6.8012
7879,37.0710
7819,6.7186
7880,35.8651
7820,6.9219
7881,37.9242
7821,6.9413
7882,36.0218
7822,6.6633
7883,36.0974
7823,7.5332
7884,36.3966
7824,7.1335
7885,35.4683
7825,7.0130
7886,35.4119
7826,6.9865
7887,35.9025
7827,6.5821
7888,36.0778
7828,7.2779
7889,36.0991
7829,6.7166
7890,36.0791
7830,7.3230
7891,35.6599
7831,6.9011
7892,36.0810
7832,6.6409
7893,35.6546
7833,7.0956
7894,36.6475
7834,6.7024
7895,35.4245
7835,6.9447
7896,35.8858
7836,7.0143
7897,36.1198
7837,6.7809
7898,35.6449
7838,7.4268
7899,35.5274
7839,6.4781
7900,35.7271
7840,6.8582
7901,35.8849
7841,6.7091
7902,34.9790
7842,7.4240
7903,36.3391
7843,7.0214
7844,6.4498
7904,36.5672
7905,34.9095
7845,7.2914
7906,35.6512
7846,6.7753
7907,35.9447
7847,6.9896
7908,36.3794
7848,7.1958
7909,36.3488
7849,6.8817
7910,36.1833
7850,6.8541
7911,35.4256
7851,6.8831
7912,35.8283
7852,6.6386
7913,36.6147
7853,6.4434
7914,34.9305
7854,7.4044
7915,37.6262
7855,6.5153
7916,35.6899
7856,6.7034
7917,35.3111
7857,6.8368
7918,35.4194
7858,7.3096
7919,35.8123
7859,6.9554
7920,35.3447
7860,7.0014
7921,36.2641
7861,6.7956
7922,35.7563
7862,6.9499
7923,36.2990
7863,7.1076
7924,35.5974
7864,7.2644
7925,36.1569
7865,6.5094
7926,35.1339
7866,7.0259
7927,36.0756
7867,7.0364
7928,35.3179
7868,6.4828
7929,35.2636
7869,7.0089
7930,36.3995
7870,7.1263
7931,36.5590
7871,6.5238
7932,35.0661
7872,6.7092
7933,36.3764
7873,7.0825
7934,35.9155
7874,7.0207
7875,6.4229
7935,36.7538
7936,35.6289
7876,7.2464
7937,36.0348
7877,7.4655
7938,36.6288
7878,7.0987
7939,36.3680
7879,6.5252
7940,35.8461
7880,7.2056
7941,36.0021
7881,7.1201
7942,36.2639
7882,6.6733
7943,34.7790
7883,6.8655
7944,35.2406
7884,6.6045
7945,35.8573
7885,7.7662
7946,35.8052
7886,7.7472
7887,6.7327
7947,36.9856
7948,36.2635
7888,6.8089
7949,36.2302
7889,7.3840
7950,36.6276
7890,6.7151
7951,35.0868
7891,7.0773
7952,35.2799
7892,6.8468
7953,35.9844
7893,7.3163
7954,35.4087
7894,7.0109
7895,6.5680
7955,36.1214
7956,34.7900
7896,6.9942
7957,36.1043
7897,6.9536
7958,36.2313
7898,6.4563
7959,35.1023
7899,6.9864
7960,36.2759
7900,6.9972
7961,36.5596
7901,6.5194
7962,34.8431
7902,7.0454
7963,35.5271
7903,6.5614
7964,37.2368
7904,6.3853
7965,36.0081
7905,6.9443
7966,36.7385
7906,6.5687
7967,35.0874
7907,6.8217
7968,36.5702
7908,7.3829
7969,36.3524
7909,6.4570
7970,35.4323
7910,7.1030
7971,37.1378
7911,6.6189
7972,35.6031
7912,6.8830
7973,36.4388
7913,6.6299
7974,35.8958
7914,6.4324
7975,36.5132
7915,7.4094
7976,36.7707
7916,6.6748
7977,35.8737
7917,6.7851
7978,36.3604
7918,6.8812
7979,36.3317
7919,6.3487
7980,35.9999
7920,6.5521
7981,36.2345
7921,6.7646
7982,35.7899
7922,6.4095
7983,35.9211
7923,6.9079
7984,36.3760
7924,6.8772
7985,35.7914
7925,7.2741
7986,36.1355
7926,6.8248
7987,35.1481
7927,6.8409
7988,36.5794
7928,6.9402
7989,36.0982
7929,6.5996
7990,35.0351
7930,7.2883
7991,35.4681
7931,7.2577
7992,36.5299
7932,6.4626
7993,34.8973
7933,6.9621
7994,35.9312
7934,6.8161
7995,35.7675
7935,6.7901
7996,36.0040
7936,6.4251
7997,35.0691
7937,7.1911
7998,36.2782
7938,6.8064
7999,35.0468
7939,6.5264
8000,35.4262
7940,6.9564
8001,36.2608
7941,6.9797
8002,35.7717
7942,7.2360
8003,36.3808
7943,6.7531
8004,35.2419
7944,7.0720
8005,36.7218
7945,6.5409
8006,36.3065
7946,7.2832
8007,36.3909
7947,6.6365
8008,35.7068
7948,6.8696
8009,37.0722
7949,6.6928
8010,35.2454
7950,6.7656
8011,35.7357
7951,7.2746
8012,36.3511
7952,7.0309
8013,36.1039
7953,6.4743
8014,36.1841
7954,6.6549
8015,35.5740
7955,7.1690
8016,36.8522
7956,6.9991
8017,36.3589
7957,6.9665
8018,36.2298
7958,6.9547
8019,36.3255
7959,6.4704
8020,35.9314
7960,6.4689
8021,36.0967
7961,6.9164
8022,35.3611
7962,6.7429
8023,36.2642
7963,6.4911
8024,35.2012
7964,6.8509
8025,35.8766
7965,7.3582
8026,36.4644
7966,6.5114
8027,35.5692
7967,7.0578
8028,35.2469
7968,6.3083
8029,35.8235
7969,6.6120
8030,35.5995
7970,6.8734
8031,35.5325
7971,6.4064
8032,36.2210
7972,7.3266
8033,36.3266
7973,6.4497
8034,36.1611
7974,7.1854
8035,36.8232
7975,6.3688
8036,35.2013
7976,6.9735
8037,36.7991
7977,6.4833
8038,36.1829
7978,7.1757
8039,35.7542
7979,6.6107
8040,36.2134
7980,6.9520
8041,36.2176
7981,6.6354
8042,36.0026
7982,6.5182
8043,35.8068
7983,7.1132
8044,36.5556
7984,6.4949
8045,35.9012
7985,7.1514
8046,36.4798
7986,7.0403
7987,6.9145
8047,36.4606
8048,35.3093
7988,7.0150
8049,35.5663
7989,6.7005
8050,35.7640
7990,6.9947
8051,35.9309
7991,7.4117
8052,36.6173
7992,6.5383
8053,35.8783
7993,6.4257
8054,35.2162
7994,6.7043
8055,36.3466
7995,6.6434
8056,35.0131
7996,7.1483
8057,37.1157
7997,7.0268
8058,36.7314
7998,6.9888
8059,35.4245
7999,7.0542
8000,6.5246
8060,36.3775
8061,35.4874
8001,6.4726
8062,34.8917
8002,7.3854
8063,36.8872
8003,6.8258
8064,35.2123
8004,7.0065
8065,36.3618
8005,6.9655
8066,36.1346
8006,6.6386
8067,36.7542
8007,7.2446
8008,6.8268
8068,36.7102
8069,36.1215
8009,6.8106
8070,35.5553
8010,6.9145
8071,36.0039
8011,6.4615
8072,36.1192
8012,7.0282
8073,36.4174
8013,7.0877
8074,35.8262
8014,7.5573
8075,35.8552
8015,7.1786
8016,6.3706
8076,36.7622
8077,34.7192
8017,6.7442
8078,34.8979
8018,6.7539
8079,36.2360
8019,6.7389
8080,35.6439
8020,6.7571
8081,35.8607
8021,7.2324
8082,35.5759
8022,7.4958
8083,36.0266
8023,7.1790
8084,36.5925
8024,6.5431
8085,36.5208
8025,6.8919
8086,36.8235
8026,6.8435
8087,35.0840
8027,7.0642
8088,35.6167
8028,6.4144
8089,36.0578
8029,6.3680
8090,37.4534
8030,6.9199
8091,35.6679
8031,7.0025
8092,35.4870
8032,7.2847
8093,35.8072
8033,6.7932
8094,36.4885
8034,6.7592
8095,38.8976
8035,6.5890
8096,35.1630
8036,7.2319
8097,36.6168
8037,6.8161
8098,35.3864
8038,7.1786
8099,36.2020
8039,6.8464
8100,35.8700
8040,6.5049
8101,36.7120
8041,6.8391
8102,35.9337
8042,6.8759
8103,36.4052
8043,6.9532
8104,35.9148
8044,6.4681
8105,35.5764
8045,7.2753
8106,35.1322
8046,6.7815
8107,35.4802
8047,6.4417
8108,36.2707
8048,6.5043
8109,35.9806
8049,7.3394
8110,36.4639
8050,6.4498
8111,36.0039
8051,7.1529
8112,35.7412
8052,7.0755
8113,36.3717
8053,6.9818
8114,35.8157
8054,7.2875
8115,36.4869
8055,6.7864
8116,36.4892
8056,6.3781
8117,35.4289
8057,7.1753
8118,37.0292
8058,6.9230
8119,36.4255
8059,6.3568
8120,35.5174
8060,6.9098
8121,35.3584
8061,7.2666
8122,35.9041
8062,7.1839
8123,36.2585
8063,6.5849
8124,36.3753
8064,6.5545
8125,35.3605
8065,7.0163
8126,36.2409
8066,6.5858
8127,34.5550
8067,7.2260
8128,35.9199
8068,6.5715
8129,36.4231
8069,7.0360
8130,35.8089
8070,6.9026
8131,36.5645
8071,6.4789
8132,35.7481
8072,6.9261
8133,36.3764
8073,6.6000
8134,36.4627
8074,6.9924
8135,35.7220
8075,7.1990
8136,36.9412
8076,6.8912
8137,35.7710
8077,6.7508
8138,36.7475
8078,7.2136
8139,36.0123
8079,6.9583
8140,35.4734
8080,6.6182
8141,36.6003
8081,6.8883
8142,35.1913
8082,6.9713
8143,36.1872
8083,6.5621
8144,36.2882
8084,6.7988
8145,36.3837
8085,6.9994
8146,35.6865
8086,7.2212
8147,36.4364
8087,6.4445
8148,34.9464
8088,6.9956
8149,36.5048
8089,6.5016
8150,35.7904
8090,6.9585
8151,35.9163
8091,6.9294
8152,35.7424
8092,6.8862
8153,36.8135
8093,6.8095
8154,36.5256
8094,7.2908
8155,37.6117
8095,6.5780
8156,36.0418
8096,7.1267
8157,36.2758
8097,6.8855
8158,35.8610
8098,6.6068
8159,36.5492
8099,6.9012
8160,36.4014
8100,7.1466
8161,36.3968
8101,7.2625
8162,36.6993
8102,6.5838
8163,36.7507
8103,6.8758
8164,36.5528
8104,7.0150
8165,36.7712
8105,6.8934
8166,35.9841
8106,6.6228
8167,35.6556
8107,6.8664
8168,35.8283
8108,7.3815
8169,36.5808
8109,6.7033
8170,36.2051
8110,6.8715
8171,36.6347
8111,7.0559
8172,36.4482
8112,6.3413
8173,35.5344
8113,7.1230
8174,36.2134
8114,6.8558
8175,37.7254
8115,6.8469
8176,34.9724
8116,6.6957
8177,36.2339
8117,7.1376
8178,35.8680
8118,7.3053
8179,36.0574
8119,7.1958
8180,36.3864
8120,6.3643
8181,35.1152
8121,6.8907
8182,36.0215
8122,6.6294
8183,35.7158
8123,6.9738
8184,36.1717
8124,6.5769
8185,35.3749
8125,7.1198
8186,35.4431
8126,6.6911
8187,35.5314
8127,7.2852
8188,36.0806
8128,6.5554
8189,35.3754
8129,7.0819
8190,35.7842
8130,6.8950
8191,35.4293
8131,6.5281
8192,36.3745
8132,6.6651
8193,35.5730
8133,6.3803
8194,35.3829
8134,6.9986
8195,36.4060
8135,7.3155
8196,36.3943
8136,6.2921
8197,35.1147
8137,7.0939
8198,35.5836
8138,6.9153
8199,36.9639
8139,6.6858
8200,35.9197
8140,6.5223
8201,35.8587
8141,6.9312
8202,36.3351
8142,6.4824
8203,36.1044
8143,7.0276
8204,35.7618
8144,6.8699
8205,36.3297
8145,6.6708
8206,35.8734
8146,6.6319
8207,35.5267
8147,6.3599
8208,35.3353
8148,6.8025
8209,36.5488
8149,6.8141
8210,36.0076
8150,6.3964
8211,36.1604
8151,7.0688
8212,36.0302
8152,6.7842
8213,35.0945
8153,7.0318
8214,36.3026
8154,7.2565
8215,35.8689
8155,6.9241
8216,35.9947
8156,6.5299
8217,36.3698
8157,6.5088
8218,34.6384
8158,6.7406
8159,6.5506
8219,38.7914
8220,35.4259
8160,6.7680
8221,35.6569
8161,6.5846
8222,36.8851
8162,7.1553
8223,36.8404
8163,6.5074
8224,34.7445
8164,7.1364
8225,35.7694
8165,6.9772
8226,36.0232
8166,7.0762
8227,36.3461
8167,7.2462
8228,36.5242
8168,6.8636
8229,36.0796
8169,6.9431
8230,36.3551
8170,6.8417
8231,36.3087
8171,7.1097
8232,36.0260
8172,6.5520
8233,36.0738
8173,7.0388
8234,35.3700
8174,7.2572
8235,35.3680
8175,6.5703
8236,36.3715
8176,6.9773
8237,35.5812
8177,6.4827
8238,35.5160
8178,7.2015
8239,36.2051
8179,6.3660
8240,35.0332
8180,7.2333
8241,36.7032
8181,7.0516
8242,35.9619
8182,6.9601
8243,36.0872
8183,6.8188
8244,36.5806
8184,6.5603
8245,35.8485
8185,7.0515
8246,36.1892
8186,6.8040
8247,35.4183
8187,6.6833
8248,35.8630
8188,7.1210
8249,36.3920
8189,6.8916
8250,35.8488
8190,6.8632
8251,35.3036
8191,7.2267
8252,35.3076
8192,6.7470
8253,36.2826
8193,6.7963
8254,34.9538
8194,7.0801
8255,36.5313
8195,7.1011
8256,36.0463
8196,6.5752
8257,34.9031
8197,7.1960
8258,36.1675
8198,6.9984
8259,35.2790
8199,7.4180
8260,36.6460
8200,6.8805
8261,35.7248
8201,7.0290
8262,36.3790
8202,7.0578
8263,36.6032
8203,6.6277
8264,36.7188
8204,6.8668
8265,36.4702
8205,7.4086
8266,36.0387
8206,6.5849
8267,35.8522
8207,6.8823
8268,35.9271
8208,6.6908
8269,36.2556
8209,7.1990
8270,35.7260
8210,6.9536
8271,36.5279
8211,6.5212
8272,34.3315
8212,7.1905
8273,38.0576
8213,6.6015
8274,34.6874
8214,7.4026
8275,36.6828
8215,6.5909
8216,6.9177
8276,37.6648
8277,34.7824
8217,6.9767
8278,36.2288
8218,6.5190
8279,35.7275
8219,7.1974
8280,36.4163
8220,6.5755
8281,35.3494
8221,6.9565
8282,35.9272
8222,7.2528
8283,35.7058
8223,6.7888
8284,35.8294
8224,6.9142
8285,35.8297
8225,7.1508
8286,36.6823
8226,6.6601
8287,35.0444
8227,7.0744
8288,36.1133
8228,6.5695
8289,35.7401
8229,6.6980
8290,36.9265
8230,6.6310
8291,36.2437
8231,6.4296
8292,35.6002
8232,6.8876
8293,36.0796
8233,7.2982
8294,36.6229
8234,7.1235
8295,35.7222
8235,6.8197
8296,36.7220
8236,7.1740
8297,35.7415
8237,6.7854
8298,35.2708
8238,6.8918
8299,36.2418
8239,6.3999
8300,36.1834
8240,6.8214
8301,35.5145
8241,7.2474
8302,35.6625
8242,7.2169
8303,36.2071
8243,6.7047
8304,35.7685
8244,7.3410
8305,36.5860
8245,6.6493
8306,35.6449
8246,6.5659
8307,36.0888
8247,7.2343
8308,36.6663
8248,6.5559
8309,36.0429
8249,7.0595
8310,35.9780
8250,6.9470
8311,35.9319
8251,6.8768
8312,36.4376
8252,6.5343
8313,35.7120
8253,7.3181
8314,35.8004
8254,6.4988
8315,35.1958
8255,7.0823
8316,36.3764
8256,7.1541
8317,36.1471
8257,6.4530
8318,35.0147
8258,7.1185
8319,36.0769
8259,6.7669
8320,35.2656
8260,6.5222
8321,35.1015
8261,7.0975
8322,35.3497
8262,7.1594
8323,36.2606
8263,6.5118
8324,36.5003
8264,6.4202
8325,35.9970
8265,7.3236
8326,36.5964
8266,6.8760
8327,35.8549
8267,6.9618
8328,35.9126
8268,6.5194
8329,35.8103
8269,6.8451
8330,36.1259
8270,6.8339
8331,35.9806
8271,6.6951
8332,35.2779
8272,7.3109
8333,36.0805
8273,6.6753
8334,35.5768
8274,7.1217
8335,35.9808
8275,6.9220
8336,35.4318
8276,6.6532
8337,35.9955
8277,6.7842
8338,34.4842
8278,7.3898
8339,36.6875
8279,6.7173
8340,34.8854
8280,7.2627
8341,36.4934
8281,6.9410
8342,36.2329
8282,6.5387
8343,35.8619
8283,6.8378
8344,36.3914
8284,6.9184
8345,35.7641
8285,6.6068
8346,35.4047
8286,6.6511
8347,36.5104
8287,6.5965
8348,36.5713
8288,6.6623
8349,35.1102
8289,6.6119
8350,36.1966
8290,7.5605
8351,36.5068
8291,7.3195
8292,6.5978
8352,36.0243
8353,36.6646
8293,7.1787
8354,35.0529
8294,6.9082
8355,35.4389
8295,7.0022
8356,36.6452
8296,6.5059
8357,35.6070
8297,7.0265
8358,35.4667
8298,7.1736
8359,35.7104
8299,6.4927
8360,35.2991
8300,7.0890
8361,36.2998
8301,6.6897
8362,35.7659
8302,6.3756
8363,35.2541
8303,7.2483
8364,36.7047
8304,6.4527
8365,35.6033
8305,6.9709
8366,35.5397
8306,7.1864
8367,35.5355
8307,6.8984
8368,36.3895
8308,6.9601
8369,36.0726
8309,6.6444
8370,36.3004
8310,6.6858
8371,36.1754
8311,6.6947
8372,35.9969
8312,6.7415
8373,36.0828
8313,6.5359
8374,35.9976
8314,7.1101
8375,35.4258
8315,6.5220
8376,35.5529
8316,7.2067
8377,35.8451
8317,6.7049
8378,35.9732
8318,7.2307
8379,35.7496
8319,6.6348
8380,34.8673
8320,6.7044
8381,35.6472
8321,7.6519
8382,36.1056
8322,6.9084
8383,35.3838
8323,6.8935
8384,35.6271
8324,6.6451
8385,36.2167
8325,7.2712
8386,36.2968
8326,6.6153
8387,35.9316
8327,7.3088
8388,35.6072
8328,6.7832
8389,35.4056
8329,7.3218
8390,35.7215
8330,6.8857
8391,35.4947
8331,6.3630
8392,35.9649
8332,7.1482
8393,36.2798
8333,6.9326
8394,35.7811
8334,6.7228
8395,36.6396
8335,7.2429
8396,36.2178
8336,6.7613
8397,35.6556
8337,6.8255
8398,35.4793
8338,6.8681
8399,34.6202
8339,7.2272
8400,36.2806
8340,6.9723
8401,35.7212
8341,7.0095
8402,35.5681
8342,6.6175
8403,35.6140
8343,7.2032
8404,36.0211
8344,6.6078
8405,34.9273
8345,7.1335
8406,35.3265
8346,7.1217
8407,35.4951
8347,7.1342
8408,35.3548
8348,6.9828
8409,35.3023
8349,7.2696
8410,36.3526
8350,6.7766
8411,36.2890
8351,7.1536
8412,35.3737
8352,6.6199
8413,35.4528
8353,7.2021
8414,35.4991
8354,6.6316
8415,34.9083
8355,7.2874
8416,36.0524
8356,6.4698
8417,35.0271
8357,6.9478
8418,36.3373
8358,6.9309
8419,35.5909
8359,6.8827
8420,35.4635
8360,7.0569
8421,35.6721
8361,7.0064
8422,36.2311
8362,6.9714
8423,35.5017
8363,6.6181
8424,36.1253
8364,6.9762
8425,35.8166
8365,6.5504
8426,36.1121
8366,7.1878
8427,36.8649
8367,6.4702
8428,34.8969
8368,7.2450
8429,35.3517
8369,6.9053
8430,36.1887
8370,6.8456
8431,35.4716
8371,6.5336
8432,35.6125
8372,6.7574
8433,35.1534
8373,6.6119
8434,35.1993
8374,7.1587
8435,35.7347
8375,6.6685
8436,35.3794
8376,6.5236
8437,36.2368
8377,6.9351
8438,35.5694
8378,6.4212
8439,36.3852
8379,7.0160
8440,35.4195
8380,6.6146
8441,35.9312
8381,6.3888
8442,36.4529
8382,6.6181
8443,36.1363
8383,6.7628
8444,35.6216
8384,6.5982
8445,35.9292
8385,6.9456
8446,35.8050
8386,6.5078
8447,36.3127
8387,6.4880
8448,36.1230
8388,6.9540
8449,35.5114
8389,6.9046
8450,35.8039
8390,6.6329
8451,36.4373
8391,7.0854
8452,36.1723
8392,6.5554
8453,35.8131
8393,6.8249
8454,35.4327
8394,6.2621
8455,35.0146
8395,6.8790
8456,36.3829
8396,7.1572
8457,36.2669
8397,6.5025
8458,34.9195
8398,7.3598
8459,35.2519
8399,6.4438
8460,35.5788
8400,6.8868
8461,35.7469
8401,6.3697
8462,35.9404
8402,6.9037
8463,36.9499
8403,6.8569
8464,35.0598
8404,6.5543
8465,36.3978
8405,7.3089
8466,36.1283
8406,6.7132
8467,35.3733
8407,6.5023
8468,34.9823
8408,6.9728
8469,35.4189
8409,6.6278
8470,36.1083
8410,6.6138
8471,35.4942
8411,6.7797
8472,35.7978
8412,7.0654
8473,36.5365
8413,6.7284
8474,35.5316
8414,6.4077
8475,35.8178
8415,7.0625
8476,36.4832
8416,6.7513
8477,36.5496
8417,6.7403
8478,36.4612
8418,6.6865
8479,36.1009
8419,7.4660
8480,36.6436
8420,6.5590
8421,6.8540
8481,37.1252
8482,35.2618
8422,6.9543
8483,35.8549
8423,6.8079
8484,36.0854
8424,6.5135
8485,36.7580
8425,7.2614
8486,35.9291
8426,6.6599
8487,35.9724
8427,7.8620
8488,36.0272
8428,7.2306
8429,6.4135
8489,37.0387
8490,34.8826
8430,6.9924
8491,34.8762
8431,7.1231
8492,35.3589
8432,6.7496
8493,37.8650
8433,6.4769
8494,35.0817
8434,7.6986
8495,37.2601
8435,7.1230
8496,35.5038
8436,6.7194
8497,35.0765
8437,7.2043
8438,6.4714
8498,36.2513
8499,35.3882
8439,6.8725
8500,35.4896
8440,6.8571
8501,35.3345
8441,6.4731
8502,35.0145
8442,7.5347
8503,36.3165
8443,7.3576
8444,6.7557
8504,36.1456
8505,35.2818
8445,6.7020
8506,35.9350
8446,6.8553
8507,35.7124
8447,6.9496
8508,36.5105
8448,6.7093
8509,35.1565
8449,7.2706
8510,36.5970
8450,6.6177
8511,35.2058
8451,7.1553
8512,35.9902
8452,6.8774
8513,35.7812
8453,6.5835
8514,35.3370
8454,7.3916
8515,36.1167
8455,7.1748
8516,35.8795
8456,7.0461
8517,35.2085
8457,7.2265
8518,35.1721
8458,6.6275
8519,35.4117
8459,7.3716
8520,36.8445
8460,6.6534
8521,35.8418
8461,6.3604
8522,35.9476
8462,6.7832
8523,36.3943
8463,7.0561
8524,36.1008
8464,6.6799
8525,36.2372
8465,7.0838
8526,36.0836
8466,6.6893
8527,35.1135
8467,7.0642
8528,35.4548
8468,6.5733
8529,36.6221
8469,9.2528
8530,36.6063
8470,8.8760
8471,7.6479
8531,38.1062
8532,36.5909
8472,7.5358
8533,36.3805
8473,7.4341
8534,35.6987
8474,7.6842
8475,7.5902
8535,36.9090
8536,35.5667
8476,7.6921
8537,36.2125
8477,8.2907
8538,37.5924
8478,8.1209
8479,7.4092
8539,37.2968
8540,36.4115
8480,8.0440
8541,36.7616
8481,7.3726
8542,35.5277
8482,8.1380
8483,7.3742
8543,36.5882
8544,35.5762
8484,7.5094
8545,35.4487
8485,7.8543
8546,37.4179
8486,7.6074
8547,36.6335
8487,7.6457
8548,36.2558
8488,7.5653
8549,36.7913
8489,7.9611
8550,36.5965
8490,7.4638
8551,36.4326
8491,7.5802
8552,36.1809
8492,7.6156
8553,36.5098
8493,7.6060
8554,36.5647
8494,8.0518
8555,36.7508
8495,7.7164
8556,37.0599
8496,8.0839
8497,7.5091
8557,36.5986
8498,7.4809
8558,36.2905
8559,35.8503
8499,7.5842
8560,35.5216
8500,7.6772
8561,36.3167
8501,8.0893
8502,7.7173
8562,36.5463
8563,36.3882
8503,7.9812
8564,38.0228
8504,7.9498
8505,7.5007
8565,37.8277
8506,7.4796
8566,35.8277
8567,35.7647
8507,7.8132
8568,36.2869
8508,7.5731
8569,35.9822
8509,7.4205
8570,35.7650
8510,8.1100
8571,37.3601
8511,7.8903
8572,36.4328
8512,7.9575
8573,35.6674
8513,7.9610
8574,37.3977
8514,7.4942
8575,35.6260
8515,7.9495
8576,37.1572
8516,7.6026
8577,36.8297
8517,7.4810
8578,35.8813
8518,7.7689
8579,35.8321
8519,7.9186
8520,8.0379
8580,38.4351
8581,36.2104
8521,7.6323
8522,7.5112
8582,37.1618
8583,35.4773
8523,7.8562
8524,7.5569
8584,37.4525
8525,7.5443
8585,36.4332
8586,35.9392
8526,7.6310
8587,37.0517
8527,7.5438
8528,7.6897
8588,37.1839
8529,7.6531
8589,37.1665
8590,36.3032
8530,7.8331
8591,36.2534
8531,7.7175
8532,7.5632
8592,37.4162
8593,36.3462
8533,7.6990
8534,7.6128
8594,36.9220
8595,36.3527
8535,7.8014
8536,7.5697
8596,37.2342
8597,35.7279
8537,7.7942
8598,36.4298
8538,8.1367
8539,7.5992
8599,37.1658
8540,7.5308
8600,36.5867
8601,36.1584
8541,8.1642
8602,36.7210
8542,7.5858
8603,36.5220
8543,7.9694
8544,8.5873
8604,37.7369
8545,6.7235
8605,35.6978
8606,35.0381
8546,6.7675
8547,6.2674
8607,36.3787
8548,6.1729
8608,35.5587
8609,34.2293
8549,6.4926
8610,35.6525
8550,6.5907
8611,35.4624
8551,6.4029
8612,35.3790
8552,6.3403
8613,34.6468
8553,6.4486
8614,36.3535
8554,6.7519
8615,35.6793
8555,6.4121
8616,34.6019
8556,6.4652
8617,36.8384
8557,6.7761
8618,35.9920
8558,6.8135
8559,6.2200
8619,36.8044
8620,34.3788
8560,6.4771
8621,36.2628
8561,6.9517
8562,6.4065
8622,36.3675
8623,35.2092
8563,6.5158
8624,35.4876
8564,6.9169
8625,37.3409
8565,6.9162
8626,35.9595
8566,6.3590
8627,34.9766
8567,6.7847
8568,6.5061
8628,35.6386
8629,35.7248
8569,7.3736
8570,6.3467
8630,36.4820
8631,34.5925
8571,6.6367
8572,6.5008
8632,36.5922
8633,35.5397
8573,6.6795
8634,36.4799
8574,6.6301
8635,35.5404
8575,6.8277
8636,36.2240
8576,6.6253
8637,35.5252
8577,6.3447
8638,35.4680
8578,6.5694
8639,36.3401
8579,6.3786
8640,34.4009
8580,6.3545
8641,35.2023
8581,6.9683
8642,36.4348
8582,6.3902
8643,35.0797
8583,6.8081
8644,35.2751
8584,6.6109
8645,35.7550
8585,6.4926
8646,35.9513
8586,6.8842
8647,35.7159
8587,6.6392
8648,35.1867
8588,6.3822
8649,35.6007
8589,6.7530
8650,36.3991
8590,6.5016
8651,36.2179
8591,6.8434
8652,35.3871
8592,6.4984
8653,36.0347
8593,6.4460
8654,36.0304
8594,6.2914
8655,35.0446
8595,6.4112
8656,36.1158
8596,6.7743
8657,36.1142
8597,6.4196
8658,35.9898
8598,6.4523
8659,35.4441
8599,6.4739
8660,36.0365
8600,6.3103
8661,35.7276
8601,6.3774
8662,36.0147
8602,6.4336
8663,36.2396
8603,6.3006
8664,35.7100
8604,6.2816
8665,35.2021
8605,6.3931
8666,35.1523
8606,6.8429
8667,36.1389
8607,6.6146
8668,36.2070
8608,6.5938
8609,6.3842
8669,36.1723
8670,34.7078
8610,6.7281
8671,36.3225
8611,6.3967
8672,34.8306
8612,7.0294
8613,6.3615
8673,36.9308
8674,35.8947
8614,6.4181
8675,35.1892
8615,6.8775
8616,6.4822
8676,36.3618
8677,35.4708
8617,6.3881
8678,34.7547
8618,7.0891
8679,36.5272
8619,6.6007
8680,35.4062
8620,6.7933
8681,35.3489
8621,6.9183
8682,35.9254
8622,6.5681
8683,36.4292
8623,6.7884
8684,36.3849
8624,6.5011
8685,35.5582
8625,6.5486
8686,36.0967
8626,6.5328
8687,35.9642
8627,6.5022
8688,35.0225
8628,6.3966
8689,36.0994
8629,7.0260
8690,35.9762
8630,6.4609
8691,35.4663
8631,6.9849
8632,6.3242
8692,38.2013
8693,35.1403
8633,6.4572
8694,35.1521
8634,6.7312
8695,36.3542
8635,6.5351
8696,35.7068
8636,6.7419
8697,35.6249
8637,6.4167
8698,34.6028
8638,6.3631
8699,34.9691
8639,6.6726
8640,6.3453
8700,36.6257
8701,35.8604
8641,6.4215
8702,36.1482
8642,6.7133
8703,35.3760
8643,6.5016
8704,34.5549
8644,6.5797
8705,35.3467
8645,6.4952
8706,35.3820
8646,6.8924
8707,36.4323
8647,6.8602
8708,35.1784
8648,6.4527
8709,35.0583
8649,6.4938
8710,36.0194
8650,6.5285
8711,35.2800
8651,6.4996
8712,35.5888
8652,6.7491
8653,6.4498
8713,36.7932
8714,35.0648
8654,6.9344
8715,36.1287
8655,6.5220
8716,35.0448
8656,6.8581
8717,36.7852
8657,6.4295
8718,35.7651
8658,6.5719
8719,36.2323
8659,6.5239
8720,35.7013
8660,6.7653
8721,35.9256
8661,6.4413
8722,34.9636
8662,6.9308
8723,36.2125
8663,6.6064
8724,36.1101
8664,6.7938
8665,6.4573
8725,36.1725
8726,34.5961
8666,6.6688
8667,6.4086
8727,36.2987
8728,35.8715
8668,6.9341
8669,6.3773
8729,36.9226
8730,35.0998
8670,6.9232
8671,6.4234
8731,36.0484
8732,35.5678
8672,6.5346
8733,34.7407
8673,6.9908
8734,36.9044
8674,6.4343
8735,35.7287
8675,6.4553
8736,35.5958
8676,6.4025
8737,34.9279
8677,6.7030
8738,36.0646
8678,6.4906
8739,35.8194
8679,6.5191
8740,34.6120
8680,6.5945
8681,6.3594
8741,36.2457
8682,6.4547
8742,35.3195
8743,34.4476
8683,6.6432
8744,35.3145
8684,6.9070
8745,36.6893
8685,6.8478
8746,35.4006
8686,6.5137
8747,35.8829
8687,6.8327
8748,36.2100
8688,6.4650
8749,36.0715
8689,6.4462
8750,35.5049
8690,6.8422
8751,35.8491
8691,6.4061
8752,35.7674
8692,6.5405
8753,35.7269
8693,7.0671
8694,6.4590
8754,36.6177
8755,35.4385
8695,6.9168
8756,35.5628
8696,6.4637
8757,35.5297
8697,6.4460
8758,35.1350
8698,6.9672
8699,6.4091
8759,36.6011
8760,35.7215
8700,6.6939
8761,35.8747
8701,6.8137
8762,35.4999
8702,6.4689
8763,35.3606
8703,6.4245
8764,34.8126
8704,6.4691
8765,36.1718
8705,6.9410
8766,36.1618
8706,6.5681
8767,35.2161
8707,6.5377
8768,35.9190
8708,6.5881
8769,36.1843
8709,6.9629
8710,6.5160
8770,36.5740
8711,6.4265
8771,36.1547
8772,35.7027
8712,7.0631
8773,36.5278
8713,6.8902
8714,6.4452
8774,36.0701
8775,35.2909
8715,6.6218
8776,35.8357
8716,6.4210
8777,35.9100
8717,6.7415
8718,6.4199
8778,36.8454
8779,35.6748
8719,6.5994
8780,35.6004
8720,7.0545
8721,6.4402
8781,36.6891
8782,34.7995
8722,6.7707
8783,35.7023
8723,6.4372
8784,34.9362
8724,7.0060
8785,36.0475
8725,6.6083
8786,36.1576
8726,6.5299
8787,35.6343
8727,6.6745
8788,36.5775
8728,6.9513
8789,35.9408
8729,6.8580
8790,36.4490
8730,6.6863
8791,35.5897
8731,6.5121
8792,34.5912
8732,6.5658
8793,36.0236
8733,6.4880
8794,35.0587
8734,6.5073
8795,35.7673
8735,6.7694
8796,36.6734
8736,6.4646
8797,35.6880
8737,6.4571
8798,34.9960
8738,6.9191
8799,36.4675
8739,6.5511
8800,35.3263
8740,6.5223
8741,6.4187
8801,35.8988
8802,35.1987
8742,6.9615
8803,35.6183
8743,6.8903
8744,6.4696
8804,35.8473
8805,35.3228
8745,6.9225
8746,6.3024
8806,36.4095
8807,35.2197
8747,6.4710
8808,35.8908
8748,6.7592
8809,35.2720
8749,6.4724
8810,35.0195
8750,6.8883
8811,36.3692
8751,6.5131
8812,35.9420
8752,6.7177
8813,36.1219
8753,6.4410
8814,35.4728
8754,6.4838
8815,36.4252
8755,6.8816
8756,6.3815
8816,36.5842
8757,6.3989
8817,36.1704
8758,6.4284
8818,35.4721
8819,34.8205
8759,7.0076
8820,36.6000
8760,6.9685
8821,36.6393
8761,6.5061
8822,36.2747
8762,6.4219
8823,35.0075
8763,6.7172
8764,6.4269
8824,35.6172
8765,6.3564
8825,35.7060
8826,35.4821
8766,6.8274
8827,36.2907
8767,6.4917
8828,35.0159
8768,6.3592
8829,34.7631
8769,6.4569
8830,35.6666
8770,6.6918
8771,6.3432
8831,36.0214
8832,35.5619
8772,6.4372
8833,35.8509
8773,6.2062
8834,34.3135
8774,6.9455
8775,6.3753
8835,35.9325
8836,35.7094
8776,6.4664
8837,35.4548
8777,6.4292
8838,36.2616
8778,6.8756
8779,6.3419
8839,38.0425
8840,34.6894
8780,6.2624
8841,35.0680
8781,6.7897
8842,36.4063
8782,6.8365
8843,36.0658
8783,6.3912
8784,6.3929
8844,35.8163
8845,35.2814
8785,6.4739
8846,36.2489
8786,6.8038
8787,6.3802
8847,36.2549
8848,35.7497
8788,6.3252
8849,34.8701
8789,6.6306
8850,35.7238
8790,6.3285
8851,35.0703
8791,6.4911
8852,35.5488
8792,6.3332
8853,35.1674
8793,6.3795
8854,35.4956
8794,6.6501
8855,36.5578
8795,6.3461
8856,34.7225
8796,6.5096
8857,36.6227
8797,6.6330
8798,6.2532
8858,36.5087
8859,34.5422
8799,6.3878
8860,35.8093
8800,6.3386
8861,35.8985
8801,6.3570
8862,35.9457
8802,6.8511
8863,35.6919
8803,6.3435
8864,34.9510
8804,6.4151
8865,36.3292
8805,6.8489
8866,36.2106
8806,6.5403
8867,37.2657
8807,6.3395
8868,35.4825
8808,6.4005
8869,36.3326
8809,6.2971
8870,34.8372
8810,6.7940
8811,6.3855
8871,36.6131
8872,35.7703
8812,6.3238
8873,35.0355
8813,6.7379
8874,35.5782
8814,6.3258
8875,34.9148
8815,6.4261
8876,36.4378
8816,6.4732
8877,35.5001
8817,6.4775
8878,36.1867
8818,6.9838
8819,6.3256
8879,36.8910
8880,35.6444
8820,6.3227
8881,35.8800
8821,6.4871
8882,36.1471
8822,6.4194
8883,35.3741
8823,6.4219
8884,35.7683
8824,6.6115
8885,36.1626
8825,6.8532
8886,36.0281
8826,6.9765
8827,6.2842
8887,37.1009
8888,34.2977
8828,6.4627
8829,6.2357
8889,35.9403
8890,34.7359
8830,6.8495
8891,36.9914
8831,6.3892
8892,35.5853
8832,6.3538
8893,37.2865
8833,6.8407
8894,36.5181
8834,6.4459
8895,35.1127
8835,6.4096
8896,36.5682
8836,6.2747
8897,35.6805
8837,6.3666
8898,36.0612
8838,6.7546
8899,36.1552
8839,6.4680
8900,37.5627
8840,6.4557
8901,34.6247
8841,6.9771
8842,6.2880
8902,37.1854
8903,35.0827
8843,6.9096
8844,6.3013
8904,36.4483
8905,34.7477
8845,6.5602
8906,36.9803
8846,6.8885
8847,6.3275
8907,36.7659
8908,35.5219
8848,6.5253
8909,35.8994
8849,6.4802
8910,36.2660
8850,6.9544
8911,36.6232
8851,6.4962
8852,6.3244
8912,36.4659
8913,35.1818
8853,6.4838
8914,35.7710
8854,6.7951
8855,6.2675
8915,36.9270
8916,35.4698
8856,6.7033
8917,35.6612
8857,6.3890
8918,35.6440
8858,6.8742
8919,36.4217
8859,6.7787
8920,36.0728
8860,6.5329
8921,36.6063
8861,6.4031
8922,35.8943
8862,6.7313
8923,36.2588
8863,6.3994
8924,36.1434
8864,6.4767
8925,36.3146
8865,6.4433
8926,35.2630
8866,6.4088
8927,36.2181
8867,6.6957
8868,6.3272
8928,36.8200
8869,6.4790
8929,35.5707
8930,35.2247
8870,6.7326
8931,35.6334
8871,6.4826
8932,36.0735
8872,6.4123
8933,36.2507
8873,6.4796
8934,35.5645
8874,6.9005
8935,36.5757
8875,6.9981
8876,6.3241
8936,36.3273
8937,35.1134
8877,6.3580
8938,34.5018
8878,6.4113
8939,36.1338
8879,6.5041
8940,35.3574
8880,6.3508
8941,36.0430
8881,6.5202
8942,37.2539
8882,6.6013
8943,36.6116
8883,6.4301
8944,35.7801
8884,6.4303
8945,35.7680
8885,6.4692
8886,6.4559
8946,35.8093
8947,35.5493
8887,6.5114
8948,35.8510
8888,6.9314
8949,36.7628
8889,6.9550
8950,35.5340
8890,6.9240
8951,36.3363
8891,9.1438
8952,35.7027
8892,10.0268
8953,36.5426
8893,10.0892
8954,35.8913
8894,10.0896
8955,35.8376
8895,10.4633
8956,36.6635
8896,10.0574
8957,36.1781
8897,10.4374
8898,9.5835
8958,36.7015
8959,36.4001
8899,9.5514
8960,35.9744
8900,9.4429
8961,36.5630
8901,9.5511
8962,36.1664
8902,9.6319
8963,35.4053
8903,9.6623
8964,37.6392
8904,9.5520
8965,36.2260
8905,9.2605
8966,36.0067
8906,9.3927
8967,36.2874
8907,9.5057
8968,35.6797
8908,9.4781
8969,35.9216
8909,9.4134
8970,36.3200
8910,9.4671
8971,36.0576
8911,9.3983
8972,35.7299
8912,9.9183
8973,36.9936
8913,9.4041
8974,35.8497
8914,9.3404
8975,36.3370
8915,9.3336
8976,36.3888
8916,9.7177
8917,9.4768
8977,36.1499
8978,36.1470
8918,9.3577
8979,35.8828
8919,9.5731
8980,36.6344
8920,9.5820
8981,36.9667
8921,9.4996
8982,36.3184
8922,10.0543
8923,9.4612
8983,37.0562
8984,36.3708
8924,9.5374
8985,36.5186
8925,9.6406
8986,35.4957
8926,9.5471
8987,36.2066
8927,9.8233
8988,36.2734
8928,9.5228
8989,37.2582
8929,9.3596
8990,36.0897
8930,9.4549
8991,37.1161
8931,9.4166
8992,35.4928
8932,9.6113
8993,36.0270
8933,10.1475
8994,38.4077
8934,9.3409
8995,36.2759
8935,9.4675
8936,9.5458
8996,37.2936
8937,9.5086
8997,36.7455
8998,35.7628
8938,9.4987
8999,36.1979
8939,9.5680
9000,36.2137
8940,9.4835
9001,36.4564
8941,9.4280
9002,36.7222
8942,9.4087
8943,9.2166
9003,36.3195
9004,36.1323
8944,9.2819
9005,36.5967
8945,9.5595
9006,35.9553
8946,9.3134
8947,9.2917
9007,37.1976
9008,36.2182
8948,9.3716
9009,37.4613
8949,9.4211
9010,36.1793
8950,9.7551
8951,9.4738
9011,36.4271
9012,35.6946
8952,9.4508
9013,36.5374
8953,9.4257
9014,36.4771
8954,10.0072
8955,9.5944
9015,37.1189
9016,35.9632
8956,9.3974
8957,9.3967
9017,36.9054
9018,35.6849
8958,9.2641
9019,36.9141
8959,9.4274
9020,35.9712
8960,9.3575
9021,36.1067
8961,9.4438
9022,36.3717
8962,9.9579
8963,9.3371
9023,37.5597
9024,35.8707
8964,9.2243
9025,36.2366
8965,9.3253
9026,36.0856
8966,9.1988
8967,9.5830
9027,37.4607
9028,36.2030
8968,9.8380
9029,36.7111
8969,9.3636
9030,36.4032
8970,9.2560
9031,34.8532
8971,9.3623
9032,36.2900
8972,9.7988
9033,36.8624
8973,9.4366
8974,9.5266
9034,36.3030
9035,36.2769
8975,11.6193
8976,10.7220
9036,38.8784
8977,10.9561
9037,37.8480
9038,37.4960
8978,10.6843
8979,10.6265
9039,37.3209
9040,37.2397
8980,10.8794
9041,37.5084
8981,11.1826
8982,10.5432
9042,37.9935
8983,10.7595
9043,37.8689
8984,10.6481
9044,37.8001
8985,10.7158
9045,36.9179
9046,37.0808
8986,10.8409
8987,10.7310
9047,37.4664
9048,37.3161
8988,10.7775
8989,10.8806
9049,37.8176
8990,10.9820
9050,38.6440
9051,36.9409
8991,10.7372
9052,38.0372
8992,10.7238
8993,11.0136
9053,38.1664
9054,37.3822
8994,11.1254
8995,10.6723
9055,37.2413
8996,10.5530
9056,36.8215
8997,10.8421
9057,37.4722
8998,10.7573
9058,36.8314
9059,37.4242
8999,10.8544
9060,37.9902
9000,10.7690
9001,10.6203
9061,37.4201
9062,37.4272
9002,10.5770
9003,10.5732
9063,37.3219
9064,36.3353
9004,10.9974
9005,10.6302
9065,37.4660
9066,37.9070
9006,10.5740
9007,10.7620
9067,38.5407
9008,10.8175
9068,36.6738
9069,36.9865
9009,12.0927
9010,11.0212
9070,39.0538
9011,10.7322
9071,38.0328
9012,10.8718
9072,37.2928
9013,10.9584
9073,36.9186
9074,37.0542
9014,11.0287
9015,10.9102
9075,38.0055
9076,36.6675
9016,10.8790
9017,10.9870
9077,39.2737
9078,37.1063
9018,11.1787
9079,37.4542
9019,11.1283
9080,37.6176
9020,11.2247
9081,37.8931
9021,11.1823
9082,37.6300
9022,10.9143
9023,11.5277
9083,37.6849
9084,36.8163
9024,11.3666
9025,10.8723
9085,38.2731
9086,36.4631
9026,10.9356
9087,38.5883
9027,11.0085
9028,10.9221
9088,37.7655
9029,11.0856
9089,37.2009
9090,37.1981
9030,11.2491
9031,11.0950
9091,37.6642
9032,10.8958
9092,37.3684
9093,37.1219
9033,11.0768
9034,10.8798
9094,38.3077
9095,36.9780
9035,11.0632
9036,10.9026
9096,38.7868
9097,37.2035
9037,11.1561
9098,37.7694
9038,11.0208
9099,37.9278
9039,11.1363
9100,38.4062
9040,11.0533
9041,10.8801
9101,38.8953
9102,36.2250
9042,11.0639
9043,11.1569
9103,38.2013
9104,37.7136
9044,10.9435
9105,36.0124
9045,10.8895
9106,38.6134
9046,11.2323
9107,37.2851
9047,11.2416
9108,38.6354
9048,11.1950
9049,10.9359
9109,38.4325
9050,11.0783
9110,36.8487
9111,38.6224
9051,11.0574
9112,38.1887
9052,10.8901
9113,37.5304
9053,11.0905
9114,37.0043
9054,11.1007
9115,38.4903
9055,11.0898
9116,37.2711
9056,11.3951
9057,10.9907
9117,38.9291
9058,11.0980
9118,37.0958
9119,37.5296
9059,10.9805
9060,11.0246
9120,37.8855
9121,37.4601
9061,10.7898
9062,10.8933
9122,38.8700
9063,10.9539
9123,37.4658
9124,37.7266
9064,10.8483
9065,11.0825
9125,38.7205
9126,36.5343
9066,10.7946
9067,10.7640
9127,38.7049
9068,11.1318
9128,37.1284
9129,37.1577
9069,11.3237
9070,10.9135
9130,37.9774
9131,36.6382
9071,10.9099
9072,10.9752
9132,38.3873
9133,36.8712
9073,11.1305
9074,10.8725
9134,37.9090
9135,36.5870
9075,10.9957
9076,10.8546
9136,38.5514
9137,38.0730
9077,11.1548
9078,11.0582
9138,37.6053
9139,37.8200
9079,11.1694
9140,37.1546
9080,11.0929
9081,11.0359
9141,38.2875
9082,11.1826
9142,37.9462
9083,10.9627
9143,37.9064
9084,11.0761
9144,38.0639
9145,37.6044
9085,11.1159
9086,10.9733
9146,38.6013
9147,37.8711
9087,10.9169
9088,11.0773
9148,38.0034
9089,11.1773
9149,37.5626
9150,36.9184
9090,11.1869
9091,10.8918
9151,37.9391
9152,36.7897
9092,10.9238
9093,10.5780
9153,37.8556
9094,11.1009
9154,38.1214
9155,37.2732
9095,10.8322
9096,11.0808
9156,38.6613
9157,37.3857
9097,10.9362
9098,10.6298
9158,38.2949
9099,11.1282
9159,37.6512
9160,37.8110
9100,10.7832
9101,10.8876
9161,37.6320
9162,37.1581
9102,11.1638
9103,10.7721
9163,38.3406
9104,11.0720
9164,38.3916
9165,37.4468
9105,10.9706
9106,11.0127
9166,38.4533
9167,37.1146
9107,10.8824
9108,10.8151
9168,38.7334
9169,37.6425
9109,11.1167
9170,38.0025
9110,10.8587
9171,37.4065
9111,11.0005
9172,38.2991
9112,10.7686
9113,10.9636
9173,38.7689
9114,10.7300
9174,37.7480
9115,10.8897
9175,38.0296
9176,38.2252
9116,11.2269
9177,38.2406
9117,10.9440
9178,37.5194
9118,11.1066
9179,37.0514
9119,11.1778
9120,11.0603
9180,38.1741
9181,41.6495
9121,10.9074
9122,10.8489
9182,37.8018
9183,36.3871
9123,10.8842
9124,11.0017
9184,38.7571
9125,10.7804
9185,38.2873
9126,10.8098
9186,37.7207
9127,11.0008
9187,38.0441
9188,38.0609
9128,10.7589
9129,10.5959
9189,39.0203
9130,10.7314
9190,37.8070
9191,37.6548
9131,11.0049
9132,10.8217
9192,38.6210
9193,36.7079
9133,11.1019
9194,37.8584
9134,11.1182
9135,10.8096
9195,38.6749
9196,37.3213
9136,11.0124
9137,10.8836
9197,39.1811
9138,10.9956
9198,38.2808
9139,10.6765
9199,38.6631
9200,37.3489
9140,10.8655
9201,38.1109
9141,10.9702
9202,37.8648
9142,10.9995
9203,37.8609
9143,10.9909
9204,37.6016
9144,11.0279
9205,37.6993
9145,11.1782
9146,10.8238
9206,38.4870
9147,11.0470
9207,37.5677
9208,37.3908
9148,10.8692
9149,11.1849
9209,39.0918
9210,38.3794
9150,11.0126
9151,11.1714
9211,37.9936
9212,37.7129
9152,11.1361
9153,11.0104
9213,38.5699
9214,37.1093
9154,11.0448
9215,37.8139
9155,10.9609
9156,10.9886
9216,38.4880
9217,36.6486
9157,11.1677
9218,38.4647
9158,10.9390
9159,10.9087
9219,37.9381
9220,36.8748
9160,10.9667
9221,36.7756
9161,11.3706
9162,11.0548
9222,38.6853
9223,37.3260
9163,11.0432
9224,36.9119
9164,10.8011
9225,37.0848
9165,10.5693
9226,37.6511
9166,10.8363
9227,38.0037
9167,10.7673
9168,10.6317
9228,38.1096
9169,10.8929
9229,37.2911
9230,37.0326
9170,10.6948
9231,37.9558
9171,10.6265
9232,38.8117
9172,10.4908
9173,10.2883
9233,36.9664
9234,37.7243
9174,10.5287
9175,10.6336
9235,38.0579
9236,37.1451
9176,10.6248
9237,37.9280
9177,10.4923
9178,10.3236
9238,38.7082
9179,10.5396
9239,36.8665
9240,37.0741
9180,10.8098
9181,10.6715
9241,38.1290
9242,37.1992
9182,11.0535
9183,10.4360
9243,38.3074
9244,36.8193
9184,10.6535
9185,10.3769
9245,38.0397
9246,37.2153
9186,10.6310
9247,38.3560
9187,10.7368
9248,37.6077
9188,11.1076
9189,10.3383
9249,37.9929
9190,10.6988
9250,37.3194
9191,10.5380
9251,37.2332
9192,10.4183
9252,37.6341
9253,36.7491
9193,10.6406
9254,38.1665
9194,10.4287
9255,38.2127
9195,10.6406
9196,10.5532
9256,38.1403
9257,37.7623
9197,10.7636
9198,10.0772
9258,38.5486
9259,37.6714
9199,10.5504
9260,38.1028
9200,10.7480
9261,36.9414
9201,10.5181
9202,10.5046
9262,38.5323
9203,10.6901
9263,36.3972
9264,38.0953
9204,10.7186
9265,37.8220
9205,10.8266
9206,10.5684
9266,38.0220
9267,37.0291
9207,10.7236
9208,10.4028
9268,38.8238
9209,10.2875
9269,36.8648
9270,38.2527
9210,10.5914
9271,37.7113
9211,11.2194
9212,10.4033
9272,38.0369
9273,36.7099
9213,10.3707
9214,10.4979
9274,39.2463
9215,10.5829
9275,37.7026
9276,36.3792
9216,10.7064
9277,38.3402
9217,11.3963
9218,10.4179
9278,38.3581
9219,10.4239
9279,38.0202
9220,10.4020
9280,37.6408
9281,37.4089
9221,10.5009
9282,38.8238
9222,10.7947
9223,10.6155
9283,38.1874
9284,37.7172
9224,10.7654
9285,37.9918
9225,10.6216
9226,10.3560
9286,38.0686
9287,37.0345
9227,10.4468
9228,10.6976
9288,38.6302
9289,37.4505
9229,10.4624
9290,38.6065
9230,10.7261
9291,37.3492
9231,10.5604
9292,38.6484
9232,10.7646
9293,38.1676
9233,10.6408
9234,10.6637
9294,38.0981
9295,37.8444
9235,10.9277
9236,10.6899
9296,37.6266
9297,37.3075
9237,10.6484
9238,10.2441
9298,38.3469
9299,36.2461
9239,11.0405
9240,10.6229
9300,38.1102
9241,10.6284
9301,37.1118
9302,37.8315
9242,10.7106
9303,39.2116
9243,10.7561
9304,38.2530
9244,10.4805
9305,38.5038
9245,10.6786
9246,10.2673
9306,39.3229
9247,10.6272
9307,37.4865
9248,10.7412
9308,37.8518
9309,37.8100
9249,10.7091
9250,10.6352
9310,39.1365
9311,37.6594
9251,10.3206
9312,36.7733
9252,10.5355
9253,10.6495
9313,37.8867
9314,37.2134
9254,10.8909
9315,37.9779
9255,11.0492
9256,10.3781
9316,39.4440
9257,10.7127
9317,37.9790
9258,10.5716
9318,37.7075
9259,10.5357
9319,37.9645
9320,37.9552
9260,11.2317
9261,10.8058
9321,37.8760
9322,37.9383
9262,10.5573
9323,38.0761
9263,10.6102
9264,10.6242
9324,37.5635
9325,37.0975
9265,10.6390
9266,10.5588
9326,39.3569
9327,37.0162
9267,10.8224
9328,38.1875
9268,10.7962
9329,38.5524
9269,10.3807
9270,10.6375
9330,38.7008
9271,10.6992
9331,37.2969
9332,37.0353
9272,10.6087
9333,37.4257
9273,10.8365
9274,11.0034
9334,38.2439
9335,37.2503
9275,10.7716
9336,36.0319
9276,10.8857
9277,11.1130
9337,38.1463
9338,37.2788
9278,11.2909
9339,37.7717
9279,10.6444
9280,10.5219
9340,40.6051
9341,37.7038
9281,11.0394
9282,10.6717
9342,37.6913
9343,36.4764
9283,11.1455
9344,37.8737
9284,10.8766
9345,38.6964
9285,11.1376
9346,37.4595
9286,11.1287
9347,37.4664
9287,10.6152
9348,36.8206
9288,10.7313
9349,38.3964
9289,10.6353
9350,36.7802
9290,11.0228
9351,38.5998
9291,10.7473
9292,10.9980
9352,37.3050
9353,36.3814
9293,10.9550
9294,10.6399
9354,37.5911
9355,36.7474
9295,11.0493
9296,10.9648
9356,38.6103
9297,10.8495
9357,37.0393
9358,36.7867
9298,10.8938
9299,10.5730
9359,38.4310
9360,37.0786
9300,10.6863
9301,10.5136
9361,39.1556
9362,37.2022
9302,10.6544
9363,36.2217
9303,10.8553
9304,10.5251
9364,37.8369
9365,37.8424
9305,10.7297
9366,37.5814
9306,10.7989
9367,38.0778
9307,10.7135
9368,37.7447
9308,10.4500
9369,36.6932
9309,10.6088
9310,10.8568
9370,38.2503
9371,36.5485
9311,10.9398
9312,10.6280
9372,39.0692
9373,37.1830
9313,10.9242
9374,37.3374
9314,10.9352
9375,37.6357
9315,10.8388
9376,37.7408
9316,11.0723
9377,37.0009
9317,11.1405
9378,37.7302
9318,10.6537
9319,11.1897
9379,38.3387
9380,37.5952
9320,10.6948
9381,38.5368
9321,10.6458
9382,37.5728
9322,11.0523
9323,10.8772
9383,37.2287
9384,37.9445
9324,10.7932
9385,37.9001
9325,11.0056
9386,37.1660
9326,10.7034
9387,37.1695
9327,10.8521
9328,10.6279
9388,37.7036
9389,37.9689
9329,10.6957
9330,10.4771
9390,40.0750
9331,10.5203
9391,36.8468
9392,37.0275
9332,11.0474
9393,36.9804
9333,10.7509
9394,38.0027
9334,10.7836
9335,10.4635
9395,37.1568
9396,37.4381
9336,11.0215
9337,10.6416
9397,38.1624
9398,36.3510
9338,10.8496
9399,38.0424
9339,10.6682
9400,37.6424
9340,10.8840
9341,10.4495
9401,38.0136
9342,10.5789
9402,36.6026
9343,10.5644
9403,36.8991
9404,37.3267
9344,10.8047
9405,37.8903
9345,10.6616
9406,38.0795
9346,10.4543
9347,10.6422
9407,36.7867
9408,36.8142
9348,10.6989
9349,10.3460
9409,38.5167
9410,37.9533
9350,10.5450
9411,38.5330
9351,10.7631
9352,10.6581
9412,37.9926
9413,36.6448
9353,10.7101
9414,37.2982
9354,10.7899
9355,10.4329
9415,39.3678
9416,37.3448
9356,10.5979
9417,37.5530
9357,10.3384
9358,10.7912
9418,38.3520
9419,37.5894
9359,10.7165
9420,37.4240
9360,10.7125
9361,10.6997
9421,37.3382
9422,37.1843
9362,11.3719
9363,10.3445
9423,38.8963
9364,10.5398
9424,37.7894
9365,10.6023
9425,37.5313
9426,36.5293
9366,11.0632
9427,38.1644
9367,10.6638
9368,10.6763
9428,36.9671
9429,36.7588
9369,10.8074
9430,38.3194
9370,10.6075
9371,10.2648
9431,38.3406
9372,10.4397
9432,37.6812
9433,36.8587
9373,10.8536
9374,10.5618
9434,38.4689
9435,37.1932
9375,10.7879
9376,10.2433
9436,38.2581
9437,37.4241
9377,10.7758
9438,37.5519
9378,10.6292
9439,38.7928
9379,10.4358
9380,10.6111
9440,38.8604
9441,37.2185
9381,10.7164
9382,10.4124
9442,38.3729
9383,10.5639
9443,37.7466
9444,36.8723
9384,10.5357
9385,10.2730
9445,37.3405
9446,37.7002
9386,10.6220
9387,10.7050
9447,36.8519
9448,37.1619
9388,10.9640
9389,10.3790
9449,38.3411
9450,38.2755
9390,10.7114
9391,10.5328
9451,37.8092
9452,37.0228
9392,10.3983
9453,37.7461
9393,10.7340
9454,37.3945
9394,11.1241
9395,10.5050
9455,37.8100
9396,10.6603
9456,37.2758
9457,37.4527
9397,10.2732
9398,10.3764
9458,37.7492
9459,37.0697
9399,11.0044
9460,38.3359
9400,10.6842
9401,10.0441
9461,39.0212
9402,10.5928
9462,37.4409
9463,36.9824
9403,10.5990
9404,10.7222
9464,38.1074
9465,37.3266
9405,11.1971
9406,10.5498
9466,37.8180
9467,37.7001
9407,10.3314
9468,38.2384
9408,10.5735
9409,10.2787
9469,38.5085
9470,38.3103
9410,10.4657
9471,36.5886
9411,10.3686
9412,10.2518
9472,39.5602
9473,37.6179
9413,10.6015
9414,10.3727
9474,38.1525
9415,10.4313
9475,36.9189
9476,37.3133
9416,10.6421
9417,10.5837
9477,38.1736
9478,37.5515
9418,10.8307
9479,37.5792
9419,10.4667
9420,10.5245
9480,38.1194
9481,37.4152
9421,10.4511
9482,38.6159
9422,10.6667
9483,37.9497
9423,10.3614
9424,10.2140
9484,38.7562
9425,10.4776
9485,37.2734
9486,36.6914
9426,10.6720
9487,38.3665
9427,10.5147
9488,37.9408
9428,10.5917
9429,10.4916
9489,37.6454
9490,36.9384
9430,11.1679
9431,10.3919
9491,38.1763
9432,10.6246
9492,36.9514
9493,37.4581
9433,10.4626
9494,36.7409
9434,10.4292
9495,38.3436
9435,11.3455
9436,10.4027
9496,38.1631
9437,10.6183
9497,36.8663
9498,37.0718
9438,10.4767
9499,37.6307
9439,10.6472
9500,37.2064
9440,10.6329
9501,38.0921
9441,10.4031
9502,37.9782
9442,10.6703
9503,37.7170
9443,10.4246
9444,10.2749
9504,38.5388
9445,10.4435
9505,37.3215
9446,10.6431
9506,38.3795
9447,10.2409
9507,37.2642
9508,36.7552
9448,10.4305
9449,10.2320
9509,38.3769
9510,37.1614
9450,10.6614
9451,10.2360
9511,38.8392
9452,10.4189
9512,36.4984
9513,37.8110
9453,10.7764
9514,37.3122
9454,10.5651
9455,10.4648
9515,38.4647
9516,37.1398
9456,10.9780
9457,10.3247
9517,38.3099
9518,39.5394
9458,10.2969
9459,10.5001
9519,37.7820
9520,36.7871
9460,10.4888
9461,10.1709
9521,37.8775
9462,10.4794
9522,37.7045
9463,10.3202
9523,37.5790
9524,36.2480
9464,11.0971
9465,10.2648
9525,37.8852
9466,10.6297
9526,37.5012
9527,37.2115
9467,10.8561
9468,10.4495
9528,43.6566
9469,10.3221
9529,37.6064
9470,10.2580
9530,38.1379
9471,10.3017
9531,37.6644
9532,37.2310
9472,10.5546
9473,10.4314
9533,38.2114
9474,10.3428
9534,36.7216
9535,37.3682
9475,10.6162
9536,36.6552
9476,10.5365
9537,38.0358
9477,10.3606
9478,10.4173
9538,38.2442
9539,37.1443
9479,10.4437
9540,37.0947
9480,10.3848
9481,10.1216
9541,38.8954
9542,35.4951
9482,10.5186
9543,37.5964
9483,10.5478
9484,10.1846
9544,38.2941
9485,10.3528
9545,36.5138
9546,36.7941
9486,10.8277
9547,38.2544
9487,10.3081
9488,10.1511
9548,38.6938
9549,36.8294
9489,10.8845
9490,10.3269
9550,38.6449
9491,10.3551
9551,37.1002
9552,37.4069
9492,10.8801
9493,10.7809
9553,38.5512
9554,37.2826
9494,10.7841
9555,37.2626
9495,10.7760
9556,37.5475
9496,10.4864
9557,37.1629
9497,10.6367
9498,10.3238
9558,38.3032
9559,37.6826
9499,10.5464
9500,10.2304
9560,37.5894
9561,37.6091
9501,10.4202
9562,37.7149
9502,10.2609
9503,10.5763
9563,37.6440
9564,37.0561
9504,10.4290
9505,10.4548
9565,38.0527
9566,36.9822
9506,10.3400
9507,10.6523
9567,37.9165
9568,37.4280
9508,10.8268
9569,37.9440
9509,10.4014
9570,37.3421
9510,10.4692
9571,38.4013
9511,10.4543
9572,37.4675
9512,10.5673
9573,37.5353
9513,10.2349
9514,10.4925
9574,37.9512
9575,36.9702
9515,10.5550
9516,10.3176
9576,38.8235
9577,37.0129
9517,10.4145
9578,37.7196
9518,10.3398
9519,10.2080
9579,39.4634
9520,10.3607
9580,36.3358
9581,37.0186
9521,10.7710
9522,10.0781
9582,38.1958
9523,10.2585
9583,37.8349
9584,37.2878
9524,10.3784
9585,37.4809
9525,10.2045
9586,38.0107
9526,10.4808
9587,37.8589
9527,10.6246
9588,37.5677
9528,10.2278
9529,10.1282
9589,38.9164
9590,37.2704
9530,10.5866
9591,38.2990
9531,10.4255
9592,37.7968
9532,10.0994
9593,38.1980
9533,10.4626
9594,37.7134
9534,10.2859
9535,10.8310
9595,38.8389
9596,37.3392
9536,10.3734
9597,38.4137
9537,10.5126
9538,10.8545
9598,36.9678
9599,37.3084
9539,11.1534
9540,10.1540
9600,38.9880
9541,10.6692
9601,37.1640
9542,10.4464
9602,36.8776
9603,37.4047
9543,10.7097
9604,37.8520
9544,10.5568
9605,36.9413
9545,10.7927
9546,10.1990
9606,38.1009
9547,10.3345
9607,37.7774
9548,10.1819
9608,37.4494
9549,10.4303
9609,36.2168
9610,36.8285
9550,10.6539
9611,38.6129
9551,10.1059
9552,10.4064
9612,37.5594
9553,10.4830
9613,36.9758
9614,37.1280
9554,10.3198
9615,39.7739
9555,10.1891
9556,10.2057
9616,39.8666
9557,10.1459
9617,37.2628
9558,10.3068
9618,37.5337
9619,37.3395
9559,10.5447
9560,10.0297
9620,38.2658
9621,37.3746
9561,10.4965
9622,37.3062
9562,10.4537
9563,10.3392
9623,38.2503
9624,37.0942
9564,10.5211
9625,37.6891
9565,10.4543
9626,37.4843
9566,10.6383
9627,37.6402
9567,10.3955
9628,37.9039
9568,10.2267
9629,37.7485
9569,10.4931
9570,10.3022
9630,38.1350
9571,10.3056
9631,37.2200
9572,10.2322
9632,49.0096
9573,10.2278
9633,38.5931
9574,10.1043
9634,37.9506
9575,10.4615
9635,37.6200
9636,37.2227
9576,10.7860
9637,37.2216
9577,10.3697
9578,10.4347
9638,38.0150
9579,10.2033
9639,37.4571
9640,37.5377
9580,10.1581
9581,10.4041
9641,38.1710
9642,37.1346
9582,10.6132
9583,10.4080
9643,38.4307
9644,36.8123
9584,10.5785
9585,10.2599
9645,38.8080
9586,10.1906
9646,37.7550
9647,38.2659
9587,10.3045
9588,10.4660
9648,36.7693
9649,36.9921
9589,10.8953
9650,38.3750
9590,10.6446
9591,10.3288
9651,38.2810
9652,37.2192
9592,10.1527
9653,37.8308
9593,10.3777
9654,37.3553
9594,10.7047
9655,38.0464
9595,10.5091
9656,38.4974
9596,10.2549
9657,37.1905
9597,10.1348
9658,36.3549
9598,10.3193
9659,38.1418
9599,10.5300
9660,37.0811
9600,10.5558
9661,37.6349
9601,10.3253
9602,10.3219
9662,38.2464
9603,10.5770
9663,37.7876
9604,10.3708
9664,37.1940
9665,37.8466
9605,11.0035
9666,38.0797
9606,10.1868
9667,38.0199
9607,10.4468
9608,10.0826
9668,38.5335
9609,10.4239
9669,37.5689
9670,36.8816
9610,10.5418
9671,38.4302
9611,10.4772
9672,38.4419
9612,10.1338
9673,38.5012
9613,10.3843
9614,10.3212
9674,38.1569
9615,10.4101
9675,36.9413
9676,37.1951
9616,10.2271
9677,38.7064
9617,10.4256
9678,37.6160
9618,10.3411
9679,37.5949
9619,10.4242
9620,10.1171
9680,37.2432
9681,36.8685
9621,10.4306
9622,10.3160
9682,38.4540
9683,37.5957
9623,10.1672
9624,10.2934
9684,38.8682
9685,36.8813
9625,10.3447
9626,10.2403
9686,38.3848
9627,10.3223
9687,36.7690
9688,38.2839
9628,10.3105
9689,38.5201
9629,10.6569
9690,37.2200
9630,10.3076
9631,10.1689
9691,38.5247
9632,10.4469
9692,38.3381
9693,37.0478
9633,10.4618
9634,10.3280
9694,38.1077
9695,36.7154
9635,10.5153
9636,10.3563
9696,38.9972
9697,39.4137
9637,10.6376
9638,10.1086
9698,38.7458
9639,10.2102
9699,36.9845
9700,37.8929
9640,10.3207
9701,37.2248
9641,10.2606
9702,36.8793
9642,10.0665
9703,37.4996
9643,10.0118
9704,37.9534
9644,10.0573
9705,36.6665
9645,9.9498
9646,10.0043
9706,37.8220
9707,37.3340
9647,10.0389
9708,37.6330
9648,10.0422
9709,37.9643
9649,10.1547
9710,37.8875
9650,9.9696
9651,9.6920
9711,37.9327
9652,10.1873
9712,38.5000
9713,38.2097
9653,10.3365
9654,9.9378
9714,37.9784
9715,37.8949
9655,10.3193
9716,38.5288
9656,9.7851
9657,9.7841
9717,38.6129
9658,10.0258
9718,36.4135
9719,36.9632
9659,9.9681
9720,38.2075
9660,10.1905
9721,38.0276
9661,10.3546
9662,9.7863
9722,38.2489
9723,37.6306
9663,9.7788
9664,9.9426
9724,38.3875
9665,9.8587
9725,36.6817
9726,37.3369
9666,10.0232
9727,38.8836
9667,9.7038
9668,9.9425
9728,37.8007
9729,37.3915
9669,10.0057
9670,9.8223
9730,36.9221
9731,38.6511
9671,10.1043
9732,38.6819
9672,10.1611
9673,9.5998
9733,38.7223
9734,37.5534
9674,9.9296
9675,10.0092
9735,37.9768
9736,37.4532
9676,10.1777
9737,36.6885
9677,11.0042
9738,37.7456
9678,9.9634
9679,9.8292
9739,37.7715
9680,10.1905
9740,37.7742
9681,9.7617
9741,37.3331
9742,37.9921
9682,10.1015
9743,37.5173
9683,9.9311
9684,9.7744
9744,37.9575
9685,9.7368
9745,38.0892
9746,37.7794
9686,10.1139
9687,9.9924
9747,39.0135
9748,37.0635
9688,10.0748
9749,37.2716
9689,9.9755
9750,37.1734
9690,10.2175
9691,9.8547
9751,38.1446
9752,37.2401
9692,9.7411
9693,9.9583
9753,38.2986
9694,10.0629
9754,37.7336
9755,38.0468
9695,10.1278
9756,38.1575
9696,9.9784
9757,38.3050
9697,9.7477
9698,9.7926
9758,38.0511
9699,10.0094
9759,37.9824
9760,38.6835
9700,10.1356
9701,9.8658
9761,38.4754
9702,10.1032
9762,37.3781
9763,37.2789
9703,10.2347
9764,38.2806
9704,10.0600
9765,38.6275
9705,10.1175
9766,38.4370
9706,10.1718
9767,38.0308
9707,10.0362
9708,9.9276
9768,38.9260
9709,10.1526
9769,37.8128
9710,10.1116
9770,37.7201
9771,37.1896
9711,10.1751
9772,37.8797
9712,10.1993
9713,9.8055
9773,37.8702
9774,37.5673
9714,10.2020
9775,37.2126
9715,10.2722
9716,9.6799
9776,38.6274
9777,37.3674
9717,9.8813
9718,9.4102
9778,39.8690
9719,10.0256
9779,37.7904
9720,9.9747
9780,38.1132
9781,37.5082
9721,10.0152
9782,37.3972
9722,10.0017
9723,9.7479
9783,38.2701
9784,37.1285
9724,10.3047
9785,38.9118
9725,9.7215
9726,10.0550
9786,38.4332
9727,10.0465
9787,38.2663
9788,37.0337
9728,10.2135
9789,38.6625
9729,10.3777
9790,37.6822
9730,10.6042
9731,9.8381
9791,38.2205
9732,10.0798
9792,37.3188
9793,37.4320
9733,10.0184
9794,38.0550
9734,9.9871
9735,10.0414
9795,39.2656
9796,37.8836
9736,9.8983
9737,9.9287
9797,37.5924
9738,9.9742
9798,37.4000
9799,36.6404
9739,10.1788
9800,37.9850
9740,10.0215
9741,9.9575
9801,39.5820
9802,37.1404
9742,10.0142
9743,9.9331
9803,38.3826
9804,37.6623
9744,10.5178
9805,37.7320
9745,10.1278
9806,38.4401
9746,9.8565
9747,9.7958
9807,38.5361
9808,38.0951
9748,10.1371
9749,9.7572
9809,37.7793
9750,10.1563
9810,37.7335
9811,37.8555
9751,10.4616
9752,9.9868
9812,38.9961
9753,9.8835
9813,38.4204
9754,10.0342
9814,37.5925
9815,36.6461
9755,10.0691
9816,38.4080
9756,9.9901
9757,9.8830
9817,39.4863
9818,37.8998
9758,10.1787
9819,37.9781
9759,9.8110
9760,9.7920
9820,38.8087
9821,38.4030
9761,10.2203
9822,38.8735
9762,9.8572
9763,9.9661
9823,38.6769
9824,37.5809
9764,9.9192
9825,38.2071
9765,10.1325
9826,38.0439
9766,9.9646
9827,37.5174
9767,10.5561
9768,9.8904
9828,39.2749
9769,10.0714
9829,38.1270
9770,10.0074
9830,37.6668
9831,37.2265
9771,9.9891
9772,10.1135
9832,38.9450
9833,38.1717
9773,9.8374
9834,39.1202
9774,9.7722
9775,9.9057
9835,38.2129
9836,38.1567
9776,10.1678
9837,38.0472
9777,9.7872
9778,9.9432
9838,39.1478
9839,37.0547
9779,10.2895
9780,10.1073
9840,38.3666
9781,9.8239
9841,38.7017
9782,9.9419
9842,37.0679
9843,37.5627
9783,10.1253
9784,9.9450
9844,37.9309
9845,38.1123
9785,10.0044
9786,9.9409
9846,37.8791
9847,37.5875
9787,10.1971
9848,37.8357
9788,10.1641
9849,38.1575
9789,10.1923
9850,38.8798
9790,10.4006
9851,37.3091
9791,10.1105
9792,9.8286
9852,38.6712
9853,36.8413
9793,9.8309
9854,37.8807
9794,10.0682
9855,38.3234
9795,9.9208
9856,37.5950
9796,9.7670
9857,38.6861
9797,10.0361
9858,38.3373
9798,9.6791
9799,9.9878
9859,39.3834
9800,9.9563
9860,38.1055
9861,37.7169
9801,10.1067
9862,39.2574
9802,9.9863
9863,37.4591
9803,9.9478
9804,9.8727
9864,38.6060
9865,37.3424
9805,10.4847
9866,38.4610
9806,11.5434
9867,38.5591
9807,11.4159
9868,38.3064
9808,11.1509
9869,38.1854
9809,10.9952
9870,38.8862
9810,11.0915
9811,11.2347
9871,38.7846
9872,37.2447
9812,10.8556
9813,11.5141
9873,39.3930
9874,37.8144
9814,10.8049
9875,39.1876
9815,10.9992
9816,11.3027
9876,38.9779
9877,37.4490
9817,11.2027
9878,38.7550
9818,10.8399
9819,11.1082
9879,39.0375
9880,37.8371
9820,11.1133
9821,11.4000
9881,38.2142
9882,37.9490
9822,11.0684
9823,11.3746
9883,38.9253
9884,36.8845
9824,11.1088
9825,11.1545
9885,38.9400
9826,11.3848
9886,37.2611
9827,11.3778
9887,38.3485
9888,38.4577
9828,11.0661
9829,11.4038
9889,38.3060
9890,38.1723
9830,11.4634
9891,37.6115
9831,11.1186
9892,40.1382
9832,11.5378
9893,37.6213
9833,11.3439
9894,38.7197
9834,11.3108
9895,38.1426
9835,10.9851
9836,11.4248
9896,38.4095
9897,37.4562
9837,10.8759
9838,11.4223
9898,37.9524
9899,37.7762
9839,10.9070
9840,11.4858
9900,38.8332
9901,37.8595
9841,10.8956
9842,11.2302
9902,38.2695
9903,37.0642
9843,11.2170
9904,36.7525
9844,11.2364
9905,39.0504
9845,11.6471
9906,38.3195
9846,11.1508
9847,11.8701
9907,38.5106
9908,37.9901
9848,11.5413
9849,11.6030
9909,37.5995
9910,38.1712
9850,11.1279
9851,11.4200
9911,38.6709
9852,11.5227
9912,37.6840
9913,38.1172
9853,11.6392
9914,38.6150
9854,11.1972
9915,39.2930
9855,11.6426
9856,11.6168
9916,37.6841
9917,37.9232
9857,11.5700
9918,38.3710
9858,11.2260
9859,11.1100
9919,38.3690
9920,37.6589
9860,11.6204
9921,38.6444
9861,11.1953
9862,11.8662
9922,38.0843
9923,37.5517
9863,11.0498
9864,11.3434
9924,38.5741
9865,11.5481
9925,38.4767
9926,37.7828
9866,11.1306
9867,11.7159
9927,38.8888
9868,11.9001
9928,37.6851
9929,37.5772
9869,11.0551
9930,37.9754
9870,11.4830
9871,11.7492
9931,38.7145
9932,37.3641
9872,11.7177
9933,38.0598
9873,11.0299
9934,37.8209
9874,11.5524
9935,38.1992
9875,11.6829
9936,38.1095
9876,11.3228
9937,38.1341
9877,11.6708
9938,37.9667
9878,11.2511
9939,38.2234
9879,11.4381
9940,39.4353
9880,11.7590
9881,10.1562
9941,37.3139
9942,37.8433
9882,9.8175
9883,9.8993
9943,37.8106
9944,36.8986
9884,9.7693
9885,9.7852
9945,38.0083
9946,37.5183
9886,10.0193
9887,9.5848
9947,38.9037
9888,9.8822
9948,37.1903
9949,37.1470
9889,9.8790
9950,39.5064
9890,9.7288
9951,37.1499
9891,9.6206
9892,10.0525
9952,38.7822
9953,37.2272
9893,9.9011
9894,9.7227
9954,38.1428
9955,37.1698
9895,10.0131
9896,10.0473
9956,38.6587
9957,38.1432
9897,10.0784
9898,10.2207
9958,37.9729
9959,37.4845
9899,10.4064
9900,9.7846
9960,38.7112
9961,38.2743
9901,9.6150
9902,9.7173
9962,38.3181
9903,9.4617
9963,37.3323
9964,37.1495
9904,10.3110
9965,37.5455
9905,10.3672
9906,9.5678
9966,37.9526
9907,9.8648
9967,38.3014
9968,36.5363
9908,9.8819
9909,9.7990
9969,37.6084
9970,37.0133
9910,10.0356
9971,38.5356
9911,9.8230
9972,38.5749
9912,9.9286
9973,38.8274
9913,9.9883
9914,9.6266
9974,37.2571
9975,36.7149
9915,10.1739
9976,37.1286
9916,10.2006
9977,37.7555
9917,10.5768
9978,37.8155
9918,9.8804
9919,9.8326
9979,38.7167
9920,9.7775
9980,37.5243
9921,10.1945
9981,37.4826
9982,37.1131
9922,10.1212
9983,38.6909
9923,10.0096
9924,9.7206
9984,38.2032
9985,37.8047
9925,9.9040
9926,9.7008
9986,37.0324
9927,10.2078
9987,36.8448
9988,37.5448
9928,10.9232
9989,37.4326
9929,9.7764
9930,9.7523
9990,38.2227
9931,9.6684
9991,37.1158
9932,10.2307
9992,37.2426
9993,36.9118
9933,10.0459
9994,38.5637
9934,10.2394
9995,37.2148
9935,9.9475
9936,9.5208
9996,38.4353
9937,9.5572
9997,37.6743
9938,10.2395
9998,37.1331
9999,37.2599
9939,10.6915
9940,9.7330
10000,37.6546
9941,9.4893
10001,37.2622
9942,9.7815
10002,37.9112
9943,9.9792
10003,37.4119
10004,36.6379
9944,10.1373
10005,38.9063
9945,10.2812
10006,37.8470
9946,10.4093
9947,9.6502
10007,38.9676
9948,9.8113
10008,37.3063
9949,9.8338
10009,38.4199
9950,10.0017
10010,37.5552
10011,36.9236
9951,10.1499
10012,38.0020
9952,9.6422
9953,9.6293
10013,38.9374
9954,9.4360
10014,36.8856
9955,9.6091
10015,38.2429
10016,36.7990
9956,10.3402
10017,37.3832
9957,11.2092
10018,37.7828
9958,9.6420
9959,9.5643
10019,38.9083
9960,9.7347
10020,36.8918
9961,9.9352
10021,37.9645
10022,36.8579
9962,10.0342
10023,38.3018
9963,9.8510
9964,9.6144
10024,38.5753
10025,38.6428
9965,9.7809
9966,9.5770
10026,37.2198
9967,9.9794
10027,36.8735
10028,37.2840
9968,10.2283
10029,38.3529
9969,10.1622
9970,9.4979
10030,37.9319
9971,9.9602
10031,37.8505
9972,9.6073
10032,38.2784
9973,10.0984
10033,37.9271
10034,37.0822
9974,10.0060
10035,38.2229
9975,9.9200
10036,36.8569
9976,9.9130
10037,38.0969
9977,9.6663
9978,9.5557
10038,38.7339
9979,10.4128
10039,37.7484
10040,36.9878
9980,10.5542
9981,9.6904
10041,38.2259
9982,10.2479
10042,37.3295
10043,37.8936
9983,9.9854
9984,9.6601
10044,38.1977
9985,10.1814
10045,37.0123
10046,37.7753
9986,9.6826
9987,9.9068
10047,38.5443
10048,36.9239
9988,9.5501
9989,9.7800
10049,38.8666
10050,36.1326
9990,9.9038
9991,10.0504
10051,38.4623
10052,37.9358
9992,9.6823
9993,9.5545
10053,38.4591
9994,9.8889
10054,37.7030
10055,37.0485
9995,10.5518
10056,38.5082
9996,10.2679
9997,9.5143
10057,38.9850
9998,9.7418
10058,38.2875
9999,9.8157
10059,37.8630
10000,9.6575
10060,37.6074
10061,38.0043
10001,10.4293
10062,37.7924
10002,9.9620
10003,9.5849
10063,36.8063
10064,36.6568
10004,10.0486
10065,38.2962
10005,9.7719
10006,9.4836
10066,38.5933
10007,10.1760
10067,38.0254
10068,37.3664
10008,10.0472
10009,9.6508
10069,38.2856
10010,9.9219
10070,37.5417
10071,37.9987
10011,9.9593
10012,9.7738
10072,38.3380
10073,37.5643
10013,9.8864
10074,38.9010
10014,9.8966
10015,10.0864
10075,37.9424
10076,37.0045
10016,10.1430
10077,38.6496
10017,9.7061
10018,9.8545
10078,38.8432
10079,37.4506
10019,10.2945
10080,38.1789
10020,10.0144
10021,9.8269
10081,38.4996
10022,10.4421
10082,37.4900
10083,37.2176
10023,10.2430
10024,9.5533
10084,37.2731
10025,10.3876
10085,38.1235
10086,37.5217
10026,9.7786
10087,37.1161
10027,9.8706
10088,36.8949
10028,10.4924
10089,37.8974
10029,10.4699
10030,9.5628
10090,39.1648
10031,10.0098
10091,39.2219
10032,9.8767
10092,37.8236
10033,9.8044
10093,37.7779
10034,10.1702
10094,37.4272
10095,37.3542
10035,9.9877
10036,9.7419
10096,38.9726
10037,10.0080
10097,37.5374
10098,37.3700
10038,9.6346
10099,37.2321
10039,10.0192
10100,37.2459
10040,10.0540
10101,38.8981
10041,9.8613
10042,9.8830
10102,38.5230
10103,38.1096
10043,9.7588
10044,10.2128
10104,37.8042
10105,37.2014
10045,9.9065
10106,38.2439
10046,10.1090
10107,39.0405
10047,9.7832
10048,10.1711
10108,38.0362
10109,37.5526
10049,10.0195
10050,9.8996
10110,38.5495
10111,37.1994
10051,9.9633
10052,9.6187
10112,39.1179
10053,9.6904
10113,37.4926
10114,36.2162
10054,9.8520
10115,38.1953
10055,9.9515
10116,38.5715
10056,9.9933
10117,38.2191
10057,10.8708
10058,9.5488
10118,39.7645
10059,9.8078
10119,38.0766
10060,9.7132
10120,36.7719
10121,36.2007
10061,9.6723
10122,37.4688
10062,9.8531
10123,39.1494
10063,9.6984
10064,9.6906
10124,38.0219
10065,9.8013
10125,37.6161
10126,37.2392
10066,9.8170
10127,37.4945
10067,9.9218
10068,9.8415
10128,39.3924
10129,37.1658
10069,9.7867
10070,9.3951
10130,38.2934
10071,9.7504
10131,37.8275
10132,37.2060
10072,9.7629
10133,38.7462
10073,9.8496
10074,9.9155
10134,38.3204
10135,38.0604
10075,9.7099
10076,9.6631
10136,38.2698
10077,10.1444
10137,37.4508
10138,36.9054
10078,10.6072
10079,9.3459
10139,37.8309
10080,9.6753
10140,38.7069
10141,38.5308
10081,9.7638
10142,37.7537
10082,9.8635
10143,37.3391
10083,9.8893
10144,38.6667
10084,9.9143
10145,38.2105
10085,9.7248
10086,9.5838
10146,38.3503
10147,38.2150
10087,9.8792
10088,10.0449
10148,37.7307
10149,37.0708
10089,9.9814
10150,38.5462
10090,9.6823
10151,37.6725
10091,9.9641
10152,37.2395
10092,9.7901
10153,37.9183
10093,9.8352
10094,9.8037
10154,38.4162
10155,37.7377
10095,9.9071
10096,9.9587
10156,38.0106
10157,37.2892
10097,10.2319
10098,9.9307
10158,38.1889
10159,36.7014
10099,9.6615
10100,10.2276
10160,38.9143
10161,37.8676
10101,10.2236
10102,9.4600
10162,39.4035
10103,9.7646
10163,37.7828
10104,9.7536
10164,36.7162
10165,36.6664
10105,9.9350
10166,39.0451
10106,9.8919
10107,10.0441
10167,38.7572
10168,37.3912
10108,10.0259
10169,38.1878
10109,9.7025
10170,38.1992
10110,10.3319
10171,37.0043
10111,10.1574
10172,38.1694
10112,9.7928
10113,9.7493
10173,38.2805
10114,10.1487
10174,38.1079
10175,37.2379
10115,10.3579
10176,37.8716
10116,10.0247
10177,37.7610
10117,10.1537
10178,38.8780
10118,9.8119
10119,9.7729
10179,38.4965
10120,10.0436
10180,37.1958
10181,37.7003
10121,10.0759
10182,37.2106
10122,10.0920
10123,9.7567
10183,38.6560
10184,37.0119
10124,9.9602
10185,37.9319
10125,9.7555
10186,37.6009
10126,10.2118
10187,37.2528
10127,10.0071
10128,9.6028
10188,38.4665
10189,37.2650
10129,9.8118
10190,37.7640
10130,10.1355
10191,38.5522
10131,9.8897
10192,38.7691
10132,10.0200
10193,38.2764
10133,10.0825
10194,38.4381
10134,9.8923
10135,9.9488
10195,38.1974
10196,36.7677
10136,9.7421
10197,38.3535
10137,10.0856
10198,38.3353
10138,10.0917
10199,37.9442
10139,9.8540
10140,9.6185
10200,38.3777
10141,9.9254
10201,38.3258
10202,36.8295
10142,9.6832
10203,38.4851
10143,9.7717
10204,37.6354
10144,10.3993
10205,37.3614
10145,10.5303
10146,9.6044
10206,37.8855
10147,10.1425
10207,36.8439
10208,37.7591
10148,9.6139
10149,9.6185
10209,39.3475
10210,37.5333
10150,10.2524
10211,37.1226
10151,10.5175
10152,9.6955
10212,39.0999
10153,9.8213
10213,37.9705
10214,37.5624
10154,9.6712
10155,9.8703
10215,37.7895
10216,36.8328
10156,9.9646
10217,38.2019
10157,10.0289
10218,38.4695
10158,9.9633
10219,38.6538
10159,9.9422
10160,9.8726
10220,38.0231
10161,10.1217
10221,38.7137
10222,37.1826
10162,9.6897
10163,10.1296
10223,39.9081
10224,37.2959
10164,9.9463
10165,9.9776
10225,38.6240
10166,9.9313
10226,37.4862
10227,37.3118
10167,10.0581
10168,9.8500
10228,37.7764
10229,37.1315
10169,10.0799
10170,9.7790
10230,37.8366
10171,9.9124
10231,37.3148
10172,10.2131
10232,37.8137
10233,37.3394
10173,10.5552
10174,9.8309
10234,38.1057
10235,37.5733
10175,9.9257
10176,9.8498
10236,38.5598
10177,10.2846
10237,37.0097
10238,37.1928
10178,10.0579
10239,38.4485
10179,9.9893
10240,37.6325
10180,9.8719
10241,37.4501
10181,10.0504
10242,38.0299
10182,10.3138
10243,37.7757
10183,9.9991
10244,38.4197
10184,9.8935
10185,9.7332
10245,38.5394
10186,9.8317
10246,38.1728
10247,37.2815
10187,9.8527
10248,37.2338
10188,10.4466
10249,38.5629
10189,10.1025
10250,38.1284
10190,9.8730
10251,38.4330
10191,9.9982
10192,9.6808
10252,37.3758
10253,37.4151
10193,10.3702
10254,38.0218
10194,10.6246
10195,9.7707
10255,38.1038
10256,38.3180
10196,9.6807
10197,9.7878
10257,38.5125
10198,10.0777
10258,37.0600
10259,36.7889
10199,10.0318
10260,38.8982
10200,9.7447
10261,38.3838
10201,9.8642
10202,9.7042
10262,38.9811
10203,10.0315
10263,36.3370
10264,37.5155
10204,10.1140
10265,38.5983
10205,10.0160
10266,37.7880
10206,10.2590
10267,39.0028
10207,9.6456
10208,9.9449
10268,38.6230
10269,37.2366
10209,10.0079
10270,37.8056
10210,9.9464
10211,9.9547
10271,38.6935
10272,37.1629
10212,10.5053
10213,9.4116
10273,38.5505
10214,9.7265
10274,38.3598
10275,36.8391
10215,10.1519
10276,37.5379
10216,10.0662
10217,10.3189
10277,38.5759
10278,37.4504
10218,10.5044
10219,9.7178
10279,38.2029
10220,9.8565
10280,37.7395
10221,9.8786
10281,38.0963
10282,37.2465
10222,9.6827
10283,38.5652
10223,10.0953
10284,37.9911
10224,9.9607
10225,9.7660
10285,38.1511
10286,37.3830
10226,9.7022
10287,36.6260
10227,10.2368
10288,37.3079
10228,10.2426
10289,38.3457
10229,10.0661
10230,10.1707
10290,38.3681
10291,37.4543
10231,10.3530
10232,9.7972
10292,39.1886
10233,9.9895
10293,36.8456
10294,36.6982
10234,9.9140
10235,9.9359
10295,38.2728
10296,37.3822
10236,9.9473
10237,9.6987
10297,38.0355
10298,37.7393
10238,10.0114
10239,10.0613
10299,37.8870
10300,37.1141
10240,10.0308
10241,9.8516
10301,38.6983
10242,9.7718
10302,37.7506
10303,37.3171
10243,10.0152
10304,38.3478
10244,9.9435
10245,10.0298
10305,38.4189
10306,37.1058
10246,9.7873
10307,38.1963
10247,9.9376
10308,36.5539
10248,10.1365
10309,37.5893
10249,10.0491
10310,38.7133
10250,10.0328
10251,9.9701
10311,37.9698
10252,9.9313
10312,38.4539
10253,9.7628
10313,37.0650
10314,36.8728
10254,10.4061
10315,37.6073
10255,10.7641
10256,9.7976
10316,38.0126
10257,9.9014
10317,38.2469
10318,36.8985
10258,9.8891
10259,9.7024
10319,37.9317
10320,37.1590
10260,10.1204
10321,37.7223
10261,10.0358
10262,9.8240
10322,38.7169
10323,35.8155
10263,9.9618
10264,9.5190
10324,38.2523
10265,9.9588
10325,36.7231
10326,37.1133
10266,9.7253
10267,9.7295
10327,38.5340
10328,36.9669
10268,10.1512
10329,38.0667
10269,9.8806
10270,9.6118
10330,39.1828
10271,10.0284
10331,36.9289
10332,37.1042
10272,10.0970
10333,37.5427
10273,10.2654
10334,39.5196
10274,10.1413
10335,38.5342
10275,9.9002
10276,9.9295
10336,37.7401
10277,9.8086
10337,37.2139
10338,37.0616
10278,10.0262
10339,37.8242
10279,9.8142
10280,9.7098
10340,39.2364
10341,38.5535
10281,9.6526
10282,9.6220
10342,37.9036
10343,38.1563
10283,9.8717
10344,38.0203
10284,10.1080
10345,37.9870
10285,10.5519
10286,9.9658
10346,38.7162
10287,10.1007
10347,38.0786
10348,37.1573
10288,9.8820
10289,10.3397
10349,37.8305
10350,37.5577
10290,10.8306
10351,39.1988
10291,9.9248
10292,9.8093
10352,38.7255
10293,9.7331
10353,36.8095
10294,9.7728
10354,37.8725
10355,36.8085
10295,10.3834
10356,36.4648
10296,10.4416
10297,9.7684
10357,38.1135
10298,10.1853
10358,36.6268
10359,37.3573
10299,10.0430
10300,10.5251
10360,37.4211
10361,36.6879
10301,10.3022
10362,37.6454
10302,9.7549
10303,9.5864
10363,38.4787
10304,9.7011
10364,36.8776
10365,37.3448
10305,9.5703
10306,10.1093
10366,38.5782
10367,36.4453
10307,10.4893
10308,9.5837
10368,37.9216
10309,9.8541
10369,37.4756
10370,38.1742
10310,9.5018
10371,37.4220
10311,10.4710
10372,37.7445
10312,10.2489
10373,37.8630
10313,9.7707
10314,9.9242
10374,37.7695
10375,36.3869
10315,10.1477
10376,38.4127
10316,9.6575
10377,37.5625
10317,10.0273
10378,37.6294
10318,9.9979
10379,38.2549
10319,9.6854
10380,37.5398
10320,9.9459
10381,37.4030
10321,9.8758
10322,9.8932
10382,37.9991
10383,37.6250
10323,10.0867
10384,37.4958
10324,9.9542
10325,9.8919
10385,38.9647
10386,37.1825
10326,10.1460
10387,37.7397
10327,10.1741
10328,9.5322
10388,37.6821
10329,10.1484
10389,36.9793
10390,36.7988
10330,9.8589
10391,38.2277
10331,9.6511
10392,37.4735
10332,10.2409
10393,37.9502
10333,10.6653
10334,9.9603
10394,38.5080
10335,9.7038
10395,37.3636
10336,10.1773
10396,37.7082
10397,36.9056
10337,9.9640
10398,38.3265
10338,9.9970
10399,37.1830
10339,9.8856
10340,9.5275
10400,37.8537
10401,37.3081
10341,9.8034
10402,37.0706
10342,9.9699
10403,38.6306
10343,9.7924
10404,38.3446
10344,10.0655
10405,37.7426
10345,9.9241
10346,9.7474
10406,37.8771
10347,10.0225
10407,37.0543
10408,37.3376
10348,10.0923
10409,37.7642
10349,9.7459
10410,37.4055
10350,10.3877
10411,38.2565
10351,9.9305
10412,37.3544
10352,9.8991
10353,9.7136
10413,37.7055
10414,38.0557
10354,10.0684
10415,37.8075
10355,9.5657
10356,10.0111
10416,38.3303
10417,36.8003
10357,9.6319
10358,9.5388
10418,39.1298
10419,37.8341
10359,10.1237
10420,37.5646
10360,10.1469
10421,37.2025
10361,9.7938
10422,38.3532
10362,10.0211
10423,37.7622
10363,9.9373
10424,38.2269
10364,9.9167
10365,9.8180
10425,38.0692
10366,10.0718
10426,36.4314
10427,36.8252
10367,9.9693
10428,38.3802
10368,10.0405
10429,36.9092
10369,10.3041
10430,37.8927
10370,9.9011
10371,9.5420
10431,38.4316
10372,9.9106
10432,37.0303
10373,10.0707
10433,36.9263
10434,37.5229
10374,10.0644
10435,39.1667
10375,9.8737
10376,9.6604
10436,38.1940
10437,37.7528
10377,9.9377
10438,36.4028
10378,9.7216
10379,9.7702
10439,39.6273
10440,38.0049
10380,9.8660
10441,38.0340
10381,9.8066
10382,9.7172
10442,37.8165
10443,37.7351
10383,10.2506
10444,38.0735
10384,9.7231
10385,9.6527
10445,38.0432
10446,36.7271
10386,10.0117
10447,38.2091
10387,9.9182
10448,37.2251
10388,10.2700
10449,38.7437
10389,9.7885
10390,9.6329
10450,37.6898
10451,37.5217
10391,9.8155
10452,36.9346
10392,9.9823
10453,36.5533
10393,10.0981
10454,37.5759
10394,9.9492
10395,9.7220
10455,38.0074
10456,36.7124
10396,9.9871
10457,36.7708
10397,9.5936
10398,10.0714
10458,38.2696
10459,37.0509
10399,10.2161
10460,37.8321
10400,9.7643
10401,9.6776
10461,38.1836
10462,36.5841
10402,10.1243
10403,9.6858
10463,38.8617
10464,37.5479
10404,9.7607
10405,10.2820
10465,37.6101
10466,37.9056
10406,10.4995
10407,10.0593
10467,37.9154
10468,37.4094
10408,9.8443
10409,9.4717
10469,37.8128
10410,9.7248
10470,37.2268
10411,10.3531
10471,36.9084
10472,36.5917
10412,10.5626
10413,9.7964
10473,37.7924
10414,9.8439
10474,37.1218
10475,37.3470
10415,9.8204
10416,9.7906
10476,37.5543
10477,37.3232
10417,10.0061
10478,38.6319
10418,9.8445
10419,9.7911
10479,37.9062
10420,9.9350
10480,37.4911
10481,36.6303
10421,9.8126
10422,9.7798
10482,38.2865
10483,37.7256
10423,9.9445
10484,38.5253
10424,10.0184
10485,37.2036
10425,9.7661
10486,37.3159
10426,9.9103
10487,37.5863
10427,9.8018
10428,10.1933
10488,37.4144
10489,37.0788
10429,10.6037
10430,9.8391
10490,37.7357
10431,9.6819
10491,37.6910
10432,9.7243
10492,37.8386
10433,9.9897
10493,38.3679
10494,36.5941
10434,9.9086
10495,37.9351
10435,9.8479
10436,9.5053
10496,38.9447
10497,37.3175
10437,9.9019
10498,38.0616
10438,10.2901
10499,37.7735
10439,10.1608
10500,37.9889
10440,9.5833
10501,38.5567
10441,9.6415
10442,9.6575
10502,37.1097
10503,36.3615
10443,9.7172
10504,40.1933
10444,9.7488
10505,38.7069
10445,9.6311
10446,9.1513
10506,37.9936
10447,9.5242
10507,37.7169
10448,9.5798
10508,37.9081
10509,37.5369
10449,9.6419
10510,38.0512
10450,9.8862
10511,39.8138
10451,9.8100
10452,9.7400
10512,38.5034
10453,9.6024
10513,37.2656
10514,36.8623
10454,9.8839
10515,37.3965
10455,10.4734
10516,38.3920
10456,9.7725
10457,9.5127
10517,38.1540
10458,9.4748
10518,37.0622
10459,9.6960
10519,37.4545
10520,36.6797
10460,9.8479
10521,38.4330
10461,9.6777
10462,9.5759
10522,38.1098
10523,36.7376
10463,9.9223
10464,9.5581
10524,38.0242
10525,37.6107
10465,9.7652
10526,37.0980
10466,10.3072
10527,38.1137
10467,10.2008
10468,9.3394
10528,38.2569
10469,9.3735
10529,38.2189
10470,9.7250
10530,37.7554
10471,9.4825
10531,37.5498
10532,36.7820
10472,10.5709
10533,37.8819
10473,9.7651
10474,9.8990
10534,38.6911
10535,37.2944
10475,9.9712
10476,9.8198
10536,37.7572
10477,10.2364
10537,39.7822
10538,37.9552
10478,10.0791
10479,10.1030
10539,38.4515
10480,9.9732
10540,37.5140
10541,37.3943
10481,9.7956
10482,8.6801
10542,37.0851
10543,37.8798
10483,9.5472
10484,8.4927
10544,38.3596
10485,8.6526
10545,38.2249
10486,8.7371
10546,38.2450
10487,8.6395
10547,37.5873
10488,8.8846
10548,36.5182
10549,37.9989
10489,8.7203
10490,8.8179
10550,38.5376
10551,37.9786
10491,8.9897
10552,39.2537
10492,8.8135
10553,37.5446
10493,8.7106
10494,8.6665
10554,38.6838
10555,37.7747
10495,8.7340
10556,38.2611
10496,8.7236
10497,8.6014
10557,38.1895
10498,8.6518
10558,38.0886
10499,8.7104
10559,37.9226
10560,36.6423
10500,8.7472
10501,8.7463
10561,38.5498
10562,37.3879
10502,9.3906
10503,8.7593
10563,38.6203
10504,8.6964
10564,37.6694
10505,8.5540
10565,37.5264
10566,36.1457
10506,8.5850
10507,8.5676
10567,37.4729
10508,8.5996
10568,38.8082
10509,8.7026
10569,37.9159
10570,37.0958
10510,8.5202
10511,8.4735
10571,38.2887
10512,8.7243
10572,38.3963
10573,37.5991
10513,8.5403
10514,8.7526
10574,37.9738
10575,36.8652
10515,8.7281
10576,38.5081
10516,8.7931
10517,8.6132
10577,38.0035
10578,36.5656
10518,8.6090
10519,8.9016
10579,39.1993
10520,9.0321
10580,37.9313
10581,37.6219
10521,8.8957
10582,38.5182
10522,8.6027
10523,8.8323
10583,39.4777
10524,8.6456
10584,36.8256
10585,37.8635
10525,8.9065
10526,8.7340
10586,38.4956
10587,37.5134
10527,8.9484
10588,37.8149
10528,8.8832
10529,8.6849
10589,38.5623
10590,37.1788
10530,8.9974
10591,37.7749
10531,8.6788
10532,8.5500
10592,39.1443
10593,36.4814
10533,9.0610
10594,39.7928
10534,8.8216
10535,8.7583
10595,38.3219
10596,36.9845
10536,8.7035
10537,8.7695
10597,38.4041
10598,37.1980
10538,8.8510
10599,36.8219
10539,8.6385
10600,36.9047
10540,8.6193
10541,8.6144
10601,37.5900
10602,36.4103
10542,8.5303
10543,8.3193
10603,37.5388
10604,36.3612
10544,8.7436
10605,37.2398
10545,8.9653
10546,8.4243
10606,38.1284
10607,35.6985
10547,8.4264
10608,37.6470
10548,8.6106
10609,36.6829
10549,8.4843
10610,37.8343
10550,8.6934
10611,37.6083
10551,8.7707
10552,8.5543
10612,37.2735
10613,37.0458
10553,8.6155
10614,37.0590
10554,8.9877
10615,36.8111
10555,8.5417
10616,36.9844
10556,8.8997
10617,36.9274
10557,8.8956
10558,8.5144
10618,37.5506
10559,8.6330
10619,37.3343
10620,36.7292
10560,8.3351
10621,37.4784
10561,8.6839
10622,36.7755
10562,8.9844
10623,37.2451
10563,8.5286
10564,8.3170
10624,39.0283
10565,8.2241
10625,36.5107
10566,8.4179
10626,36.7838
10567,8.7910
10627,37.2121
10628,36.3799
10568,8.9835
10629,37.6726
10569,8.2911
10630,37.1484
10570,8.7129
10631,36.9975
10571,8.6385
10632,38.0191
10572,8.5489
10633,36.4770
10573,8.7652
10634,37.4941
10574,8.3421
10635,36.4771
10575,8.5192
10636,37.7327
10576,8.5184
10637,36.7544
10577,8.5135
10638,37.1958
10578,8.4889
10639,38.0368
10579,8.6522
10640,36.5843
10580,8.7630
10641,37.4014
10581,8.3950
10642,37.0455
10582,8.5673
10643,36.5932
10583,8.4035
10644,36.9853
10584,8.7676
10645,37.2290
10585,8.4748
10646,36.8681
10586,8.7650
10587,8.5302
10647,37.4462
10588,8.4858
10648,36.7766
10649,36.2957
10589,8.4696
10650,37.3377
10590,8.4189
10591,8.6417
10651,37.1293
10652,36.6331
10592,8.6222
10593,8.4298
10653,37.3774
10594,8.3828
10654,36.2209
10655,35.6019
10595,8.7228
10656,37.2152
10596,8.8765
10657,37.4673
10597,8.5247
10658,37.5008
10598,8.4706
10659,37.1273
10599,8.7740
10660,37.0599
10600,8.4514
10661,37.0877
10601,8.6251
10662,37.4062
10602,8.5924
10663,37.4344
10603,8.6893
10604,8.4006
10664,36.7776
10665,36.5755
10605,8.5237
10666,38.0649
10606,8.2512
10607,8.4874
10667,37.8934
10668,36.5976
10608,8.5604
10669,37.5775
10609,8.5960
10610,8.3301
10670,37.8266
10671,37.0416
10611,8.4674
10672,37.1956
10612,8.5307
10673,36.7721
10613,8.5230
10674,37.6428
10614,8.5941
10675,37.1251
10615,8.5939
10676,38.5823
10616,8.6515
10677,37.0318
10617,8.6145
10678,37.6571
10618,8.6023
10679,37.1846
10619,8.4965
10680,37.3337
10620,8.4284
10681,36.8465
10621,8.5546
10682,37.0329
10622,8.4184
10683,36.7859
10623,8.5306
10684,36.8830
10624,8.3681
10625,8.3251
10685,37.2420
10686,35.9855
10626,8.8110
10627,8.4727
10687,37.9961
10688,36.9168
10628,8.4939
10689,37.0491
10629,8.8181
10690,37.4617
10630,8.7419
10691,38.2027
10631,8.4995
10692,37.2596
10632,8.4419
10693,36.9932
10633,8.6378
10634,8.5669
10694,37.3191
10695,36.1947
10635,8.7056
10696,37.1209
10636,8.7227
10697,38.1980
10637,8.5712
10698,38.0395
10638,8.7809
10639,8.6411
10699,36.5444
10700,36.8328
10640,8.6347
10641,8.6992
10701,38.1208
10702,36.4942
10642,8.7312
10703,38.0323
10643,8.8457
10704,37.9226
10644,8.6038
10705,36.2881
10645,8.7833
10706,36.8620
10646,8.7399
10707,36.8005
10647,8.7137
10708,36.7721
10648,8.9581
10709,37.5917
10649,8.8380
10650,8.3151
10710,37.8819
10651,8.2443
10711,37.2093
10652,8.3317
10712,36.8138
10653,8.6926
10713,36.9995
10714,37.3553
10654,9.1589
10715,37.5863
10655,8.5770
10716,37.5146
10656,8.3855
10657,8.5325
10717,36.9767
10718,37.1698
10658,8.4951
10719,36.4046
10659,8.5461
10720,37.4697
10660,8.5744
10721,36.3589
10661,8.7500
10662,8.3935
10722,37.6691
10723,36.7229
10663,8.5379
10724,37.6075
10664,8.4221
10725,37.1853
10665,8.2854
10726,36.1637
10666,10.8163
10727,37.2176
10667,10.2321
10728,37.6585
10668,9.9356
10729,37.1065
10669,9.9277
10730,37.3580
10670,9.8055
10731,37.8164
10671,10.2391
10732,37.5417
10672,9.6292
10733,37.0116
10673,10.0396
10674,9.9213
10734,37.7610
10735,37.2608
10675,9.8754
10736,37.1499
10676,10.2437
10677,9.8512
10737,37.9860
10738,37.0232
10678,9.8041
10739,38.5977
10679,9.7924
10680,9.7124
10740,37.6360
10741,36.7741
10681,9.9505
10742,37.7488
10682,10.1839
10743,37.8612
10683,9.7708
10744,36.8940
10684,10.2538
10685,9.8712
10745,37.8230
10686,9.8537
10746,38.0874
10747,38.2888
10687,9.7511
10748,37.7377
10688,9.7825
10749,37.5654
10689,10.0361
10750,37.3451
10690,9.9326
10751,37.4879
10691,9.7975
10752,37.6841
10692,10.0457
10693,9.6928
10753,37.5094
10694,9.9574
10754,37.7681
10755,36.5916
10695,9.8338
10756,37.4693
10696,9.7920
10757,37.6465
10697,10.2370
10758,37.5451
10698,10.0239
10699,9.6793
10759,37.7846
10760,36.7972
10700,10.1605
10701,9.8552
10761,37.2750
10762,37.0730
10702,10.5015
10763,37.8453
10703,10.2071
10764,37.0766
10704,9.8700
10765,37.2398
10705,9.8166
10766,37.4002
10706,9.9436
10767,38.1854
10707,9.7955
10768,38.7279
10708,9.9817
10769,37.4095
10709,9.8941
10710,10.0558
10770,38.2064
10771,36.6095
10711,9.7805
10712,9.7045
10772,37.4241
10773,37.7061
10713,9.8607
10774,37.3400
10714,9.8425
10775,38.5826
10715,9.9554
10716,9.6651
10776,37.3393
10777,37.1082
10717,9.9731
10718,9.8962
10778,37.6128
10779,37.0627
10719,9.7796
10780,38.4087
10720,10.1879
10721,9.7167
10781,37.8908
10782,37.8365
10722,9.7914
10723,9.6931
10783,37.6229
10724,9.5431
10784,37.2367
10785,37.1105
10725,10.0012
10726,9.6387
10786,38.0698
10787,37.0568
10727,9.6679
10788,37.6415
10728,9.7488
10789,37.0195
10729,9.8926
10790,38.1688
10730,10.0715
10731,9.6129
10791,38.0984
10792,37.3981
10732,9.8543
10793,37.1006
10733,9.9506
10794,36.6070
10734,9.7863
10795,37.6974
10735,9.8286
10796,37.9795
10736,10.0713
10737,9.9510
10797,37.2997
10798,37.6736
10738,9.6149
10799,38.3395
10739,9.9230
10800,36.9706
10740,9.7617
10801,38.8619
10741,9.6562
10742,9.7828
10802,37.8042
10803,36.9180
10743,9.6983
10804,37.7041
10744,9.7231
10805,37.5557
10745,9.7594
10806,38.4249
10746,10.0383
10807,36.6412
10747,9.5674
10808,36.9562
10748,9.9230
10809,38.4237
10749,9.6435
10810,37.4317
10750,9.7359
10811,36.6825
10751,9.8193
10812,37.0205
10752,10.0398
10813,38.0939
10753,9.7777
10814,37.4439
10754,9.7820
10815,37.3352
10755,10.3136
10756,9.8468
10816,37.8249
10757,9.7801
10817,38.0514
10758,9.8493
10818,37.9765
10819,36.5274
10759,9.7010
10820,37.7260
10760,10.1418
10821,38.1597
10761,9.9255
10762,9.6642
10822,36.9747
10823,36.8054
10763,9.6914
10824,37.1268
10764,10.0405
10825,37.7946
10765,9.8401
10826,37.1792
10766,9.7210
10827,38.4517
10767,9.9766
10768,10.1620
10828,37.1210
10829,37.0183
10769,10.2723
10770,9.8361
10830,38.6466
10771,9.8347
10831,37.9856
10832,37.7735
10772,9.6411
10833,37.3084
10773,9.6837
10834,37.3706
10774,9.6204
10775,10.1951
10835,37.6564
10836,36.7064
10776,9.6407
10777,9.6899
10837,38.2477
10838,37.5259
10778,10.0778
10839,38.9386
10779,9.7129
10780,9.8324
10840,37.2836
10841,36.1383
10781,9.7378
10842,37.9552
10782,9.9055
10843,37.8659
10783,9.8027
10784,9.6636
10844,38.0647
10845,36.9610
10785,9.8338
10846,37.4609
10786,9.9457
10847,37.4048
10787,9.6837
10848,37.3271
10788,9.7336
10789,9.6094
10849,37.2718
10850,36.8541
10790,9.9923
10791,9.6861
10851,38.4030
10792,9.6672
10852,37.6557
10853,37.6700
10793,9.6187
10854,37.5727
10794,9.8612
10855,37.2004
10795,9.6145
10856,37.7185
10796,9.5458
10857,36.9162
10797,9.9364
10858,37.0350
10798,10.2706
10799,9.6623
10859,37.9789
10860,36.9848
10800,9.7061
10861,37.3352
10801,9.8889
10862,37.2117
10802,9.8243
10863,37.4422
10803,9.8734
10864,37.0289
10804,9.7574
10805,9.7827
10865,38.9442
10866,36.9049
10806,9.9113
10867,38.4546
10807,9.8196
10868,37.4656
10808,10.2402
10869,37.2913
10809,9.7316
10870,38.3730
10810,9.7663
10871,37.5634
10811,9.9873
10872,37.5310
10812,10.3398
10813,9.8095
10873,38.0462
10874,37.2321
10814,9.9557
10875,37.5405
10815,9.7097
10876,37.3742
10816,9.9470
10877,37.2676
10817,9.6542
10878,37.4858
10818,9.9177
10879,36.9872
10819,9.8760
10820,9.7098
10880,38.6119
10881,37.2362
10821,10.0111
10882,36.9590
10822,10.3751
10823,9.9201
10883,37.8763
10884,37.0167
10824,9.9817
10885,37.4513
10825,9.8974
10826,9.9233
10886,38.3319
10887,36.5629
10827,10.1683
10828,9.6874
10888,38.4961
10829,9.7784
10889,37.4350
10890,38.0956
10830,9.8691
10831,9.9965
10891,38.0261
10892,36.4957
10832,9.7888
10833,9.7617
10893,38.7521
10834,9.7164
10894,37.5860
10895,36.7298
10835,9.8056
10836,9.8690
10896,37.9890
10897,36.4275
10837,10.0130
10898,38.7044
10838,9.9436
10839,9.8323
10899,38.8353
10900,38.6267
10840,9.9850
10841,9.9315
10901,37.7767
10902,36.7121
10842,9.8968
10903,37.4016
10843,9.8307
10844,9.9914
10904,38.7947
10905,36.7581
10845,9.8490
10906,38.3626
10846,9.8811
10907,37.5091
10847,9.7715
10908,37.3976
10848,9.7225
10909,37.0837
10849,9.9174
10910,38.3204
10850,9.8847
10911,38.3702
10851,9.9698
10852,9.9637
10912,37.8941
10853,9.9701
10913,38.7002
10914,37.4407
10854,10.1980
10855,10.0029
10915,38.4028
10856,9.8833
10916,38.3515
10857,9.9145
10917,38.1774
10918,38.4523
10858,10.0897
10919,36.7530
10859,9.9312
10920,38.3042
10860,9.9793
10921,37.4001
10861,9.9280
10862,9.9574
10922,38.7530
10923,37.7378
10863,10.0644
10924,37.7454
10864,9.9125
10865,9.7087
10925,37.6569
10926,37.0030
10866,10.0496
10867,9.7285
10927,38.7705
10868,9.6071
10928,38.0251
10929,37.1260
10869,9.7489
10930,37.6984
10870,9.7238
10931,37.6265
10871,9.7790
10932,36.9987
10872,9.8308
10933,37.7248
10873,9.9737
10934,36.6895
10874,9.6681
10935,38.3189
10875,9.8846
10936,38.0347
10876,9.7479
10877,9.7106
10937,38.3685
10938,37.2330
10878,9.8477
10939,36.8543
10879,10.0324
10880,9.9977
10940,38.2430
10941,36.4664
10881,9.9885
10942,37.7879
10882,9.9269
10943,37.6788
10883,9.7398
10944,37.6410
10884,9.8343
10945,38.9029
10885,9.9865
10886,9.9122
10946,37.3874
10947,36.5240
10887,9.7790
10948,38.3510
10888,9.8930
10949,38.1933
10889,9.8999
10950,37.1821
10890,9.6950
10891,9.8443
10951,39.0010
10952,37.8071
10892,10.0508
10953,36.6459
10893,9.7275
10954,36.5848
10894,9.9334
10955,37.8190
10895,9.8453
10956,36.2363
10896,9.7791
10957,38.2077
10897,9.9523
10958,36.9762
10898,9.9112
10959,37.6597
10899,9.7078
10960,38.3882
10900,9.8290
10961,37.3696
10901,9.6634
10962,38.1016
10902,9.7529
10903,9.8489
10963,38.2297
10964,36.4958
10904,9.6941
10905,9.7538
10965,38.3725
10966,37.6035
10906,9.6119
10967,37.1719
10907,9.8349
10908,9.6812
10968,37.8247
10969,37.0517
10909,9.7039
10970,37.3696
10910,10.3260
10971,38.0185
10911,9.9131
10972,36.5887
10912,9.8369
10973,37.7500
10913,9.7282
10914,9.7125
10974,37.5070
10975,37.0364
10915,9.6413
10976,37.3754
10916,9.4137
10977,37.6672
10917,9.5914
10978,37.8792
10918,9.5637
10979,38.3350
10919,9.8458
10920,9.7200
10980,37.7431
10981,38.4682
10921,9.4821
10922,9.7554
10982,37.5794
10983,36.8208
10923,9.6768
10984,36.9998
10924,10.2306
10925,9.5856
10985,37.8800
10926,9.7572
10986,37.7078
10987,36.7780
10927,9.9769
10988,37.5681
10928,9.6499
10989,38.9371
10929,10.2996
10930,9.7025
10990,38.0706
10931,9.5753
10991,37.9726
10932,9.5371
10992,36.4288
10993,36.6600
10933,9.7755
10994,37.9047
10934,10.1949
10935,9.5982
10995,38.7846
10936,9.6156
10996,38.0921
10937,9.4882
10997,38.7891
10998,37.0109
10938,9.4771
10999,37.2111
10939,9.6365
11000,37.8566
10940,9.8871
11001,36.7771
10941,9.6179
11002,37.8348
10942,9.6383
11003,36.3208
10943,9.5769
11004,37.8477
10944,9.5136
11005,37.2829
10945,9.7259
11006,36.9631
10946,9.8199
11007,36.9241
10947,9.6408
10948,9.3970
11008,38.3616
11009,36.8278
10949,9.5845
10950,9.5079
11010,38.0469
10951,9.5630
11011,37.0668
11012,36.9020
10952,9.8141
10953,9.3631
11013,39.1393
11014,37.1101
10954,9.6868
11015,37.7527
10955,9.5979
11016,37.3109
10956,9.7493
11017,38.0612
10957,9.6965
10958,9.8176
11018,37.8926
11019,36.5466
10959,9.5571
11020,37.9403
10960,9.5364
10961,9.5121
11021,38.1869
11022,36.9612
10962,9.6087
11023,37.3724
10963,9.5799
11024,37.1369
10964,9.7417
11025,37.5895
10965,9.4559
11026,37.2996
10966,9.5264
11027,37.8651
10967,9.7011
10968,9.5175
11028,37.7474
11029,37.5901
10969,9.7662
11030,38.1091
10970,9.6797
10971,9.6927
11031,38.7862
11032,37.1299
10972,9.6072
11033,37.2185
10973,9.4588
10974,9.3621
11034,38.0943
11035,36.9707
10975,9.5609
10976,9.3997
11036,38.3700
11037,37.0082
10977,9.6346
11038,37.0638
10978,9.7695
10979,9.6797
11039,38.2523
11040,37.2112
10980,9.5885
11041,37.8032
10981,9.6604
11042,36.5890
10982,10.0971
10983,9.5827
11043,38.2632
11044,37.2000
10984,9.5692
11045,36.4468
10985,9.5834
10986,10.0061
11046,38.8431
10987,10.5170
11047,37.6814
11048,36.9763
10988,9.8535
10989,9.3922
11049,38.6424
10990,9.5709
11050,37.0518
11051,36.7735
10991,9.8353
11052,37.5471
10992,9.4706
10993,9.6134
11053,38.3270
10994,9.5594
11054,36.5580
11055,36.7401
10995,9.7938
11056,37.7618
10996,9.6016
11057,37.4478
10997,9.6547
11058,37.9281
10998,10.3099
11059,37.8752
10999,9.6597
11000,9.3611
11060,38.0348
11001,9.5300
11061,37.2678
11062,36.3470
11002,9.6679
11063,37.3840
11003,9.6532
11064,37.9544
11004,9.5731
11065,37.5963
11005,9.5181
11066,38.2198
11006,9.2702
11067,37.0922
11007,9.5549
11068,36.9082
11008,10.0234
11069,37.8677
11009,9.1395
11010,9.7296
11070,37.8855
11071,36.6848
11011,9.8799
11012,9.4682
11072,38.0906
11073,37.1333
11013,9.8264
11074,36.8862
11014,9.9535
11075,37.8751
11015,9.7637
11016,9.6720
11076,38.5374
11077,37.2217
11017,9.5955
11018,9.6059
11078,38.4610
11019,9.8017
11079,37.9651
11080,37.0541
11020,9.6173
11021,9.5200
11081,38.9215
11082,37.9704
11022,9.7749
11023,9.5825
11083,38.2361
11084,37.3731
11024,10.0098
11085,37.5939
11025,9.6631
11026,9.5678
11086,39.1656
11027,9.5031
11087,38.4020
11088,37.0061
11028,9.6590
11089,36.5866
11029,9.8303
11090,37.8400
11030,9.6296
11031,9.6595
11091,38.1855
11032,9.7430
11092,37.2792
11093,36.5100
11033,9.3550
11094,37.7389
11034,9.4801
11035,9.6078
11095,38.5091
11096,36.7487
11036,9.6153
11097,38.6089
11037,9.5822
11098,37.6326
11038,9.6442
11099,37.3269
11039,9.7625
11100,37.0227
11040,9.7396
11101,37.3763
11041,9.3279
11102,37.5759
11042,9.6616
11103,36.8546
11043,9.5107
11104,37.7509
11044,9.5034
11105,37.6329
11045,9.5496
11106,37.6268
11046,9.8702
11107,37.6413
11047,9.3229
11048,9.5828
11108,38.0180
11109,37.3085
11049,9.3594
11050,9.3312
11110,37.9515
11111,37.1132
11051,9.8055
11112,36.3596
11052,10.2145
11113,38.2602
11053,10.0493
11054,9.3718
11114,38.0049
11055,9.3101
11115,39.0808
11056,9.3996
11116,37.7841
11057,10.2538
11117,37.7449
11118,37.0485
11058,9.9278
11059,9.8894
11119,38.4260
11060,9.5150
11120,39.1553
11061,9.6850
11121,37.0481
11062,10.0744
11122,37.9723
11123,37.3907
11063,10.3309
11064,9.4806
11124,38.0722
11065,9.6077
11125,37.8515
11126,37.1618
11066,9.8049
11067,9.9193
11127,37.3996
11128,37.2679
11068,9.7185
11129,37.7707
11069,9.5658
11130,37.3032
11070,9.8730
11131,37.2099
11071,9.9948
11132,38.3821
11072,9.7617
11133,37.1801
11073,9.9273
11134,39.1420
11074,9.8689
11135,36.5775
11075,9.8149
11136,37.5379
11076,9.7615
11137,37.6129
11077,9.8452
11138,37.2344
11078,10.1122
11139,37.7086
11079,9.7620
11080,9.4850
11140,38.2786
11081,9.4298
11141,37.9528
11142,36.9373
11082,9.8555
11143,37.0306
11083,10.1540
11084,9.7943
11144,37.5098
11145,37.0837
11085,9.8624
11086,9.5247
11146,37.6696
11147,37.4060
11087,9.7377
11148,37.3951
11088,10.0188
11149,36.7158
11089,10.2110
11150,38.0566
11090,10.0695
11091,9.6648
11151,37.9448
11152,36.8024
11092,10.0005
11153,37.7459
11093,9.6996
11154,37.4252
11094,10.2430
11155,37.5043
11095,10.0910
11096,9.4331
11156,38.2729
11157,37.2389
11097,9.7384
11098,9.4938
11158,38.7683
11159,36.7705
11099,9.7451
11160,37.5112
11100,9.9582
11161,36.6376
11101,10.1880
11102,9.4736
11162,37.6209
11163,37.3151
11103,9.8628
11164,36.7522
11104,9.8174
11165,37.0018
11105,9.8256
11166,38.1302
11106,10.0320
11167,36.7457
11107,10.1001
11168,36.8510
11108,10.1471
11109,9.5197
11169,37.9720
11110,9.8907
11170,36.6868
11171,37.0641
11111,10.3411
11112,9.8474
11172,37.9910
11173,35.9206
11113,9.9572
11174,38.4089
11114,9.7322
11175,38.0390
11115,9.6861
11176,37.0812
11116,9.9555
11177,37.4123
11117,10.3994
11118,9.7406
11178,38.5435
11179,37.6627
11119,9.8228
11180,38.0818
11120,9.6271
11121,9.7905
11181,37.9469
11182,36.6204
11122,9.7794
11183,37.5325
11123,9.6697
11184,37.9068
11124,9.6779
11125,9.3767
11185,39.2923
11126,9.6128
11186,37.2849
11187,37.2185
11127,9.7671
11128,9.7906
11188,38.3859
11189,36.8244
11129,9.8755
11190,37.2231
11130,9.7593
11131,9.4205
11191,38.3710
11192,37.1038
11132,9.5823
11133,9.5715
11193,39.3467
11194,38.3813
11134,9.4927
11195,38.3098
11135,9.6878
11196,37.1030
11136,9.9107
11197,37.2759
11137,10.0291
11138,9.6908
11198,38.1480
11199,37.5723
11139,9.8123
11140,9.3734
11200,38.2913
11141,9.7695
11201,37.6859
11202,37.6003
11142,9.4863
11203,38.3459
11143,9.2169
11204,37.6787
11144,9.3214
11145,8.7485
11205,37.7945
11206,37.3345
11146,8.8584
11147,9.1020
11207,37.6366
11208,36.6296
11148,9.2811
11209,37.8351
11149,9.2020
11210,37.1400
11150,9.1614
11211,37.2098
11151,8.8783
11212,37.9815
11152,9.1648
11213,37.3547
11153,9.2392
11214,37.0855
11154,9.2580
11155,9.1576
11215,37.6927
11216,37.5503
11156,8.9150
11217,37.2509
11157,9.1011
11218,37.5418
11158,9.0370
11219,37.5392
11159,9.4749
11220,37.3626
11160,9.1170
11221,37.9140
11161,9.0397
11222,37.3653
11162,9.2896
11163,9.1953
11223,38.5876
11164,9.1435
11224,38.4427
11225,37.2005
11165,9.1376
11226,39.8419
11166,8.9292
11167,9.1601
11227,37.2546
11228,37.4442
11168,9.1587
11169,8.7574
11229,38.1403
11170,9.2275
11230,36.9789
11231,37.4901
11171,9.0979
11172,9.0601
11232,38.0000
11233,37.3795
11173,9.2302
11234,37.9498
11174,9.1574
11175,9.1807
11235,37.0651
11236,37.6638
11176,9.2998
11237,37.4977
11177,9.1127
11178,8.9831
11238,38.4406
11179,8.9686
11239,37.5544
11180,9.1340
11240,37.6582
11241,37.2200
11181,9.2851
11242,37.8818
11182,9.3994
11243,38.1017
11183,9.0445
11184,8.9063
11244,38.6056
11185,9.0210
11245,38.0419
11246,36.1927
11186,9.1976
11247,37.8779
11187,9.5188
11248,37.7890
11188,10.2540
11189,8.9559
11249,38.9228
11190,8.9666
11250,37.9940
11191,9.1099
11251,37.3204
11192,9.5192
11252,38.1815
11253,36.5228
11193,9.3470
11254,38.7222
11194,8.9483
11195,8.8770
11255,37.6485
11196,9.2780
11256,37.5984
11257,36.8912
11197,9.1932
11198,9.2401
11258,37.7367
11259,38.2425
11199,9.3901
11200,8.9933
11260,37.7557
11201,8.7255
11261,37.2651
11202,9.3640
11262,37.0489
11263,36.6804
11203,9.1709
11264,37.6516
11204,9.0202
11265,37.6223
11205,8.9933
11206,9.2836
11266,37.6441
11267,37.9230
11207,9.2489
11208,9.2003
11268,38.2547
11269,37.6524
11209,9.2373
11270,37.3749
11210,8.9810
11271,36.9085
11211,9.2933
11272,36.9918
11212,9.4771
11273,38.3623
11213,9.3410
11274,37.8272
11214,8.8644
11215,9.0195
11275,38.3267
11276,38.2521
11216,9.1571
11277,36.9820
11217,9.9102
11278,38.4440
11218,9.2735
11219,8.8982
11279,38.4990
11220,9.1271
11280,37.4212
11281,37.4217
11221,8.8904
11282,37.9456
11222,9.3043
11283,37.5224
11223,9.5062
11284,38.0425
11224,8.8733
11225,8.8515
11285,37.8232
11226,8.9031
11286,38.2820
11227,9.3196
11287,37.4578
11288,36.4134
11228,9.8988
11289,37.0873
11229,10.2623
11230,8.8390
11290,38.2132
11231,8.6686
11291,37.8304
11232,8.9109
11292,37.4997
11233,9.3004
11293,37.5325
11294,37.4000
11234,9.0960
11235,8.9825
11295,38.8731
11296,36.6625
11236,9.1169
11297,37.7250
11237,9.0697
11298,37.4507
11238,9.0923
11239,8.9883
11299,37.4739
11300,37.0635
11240,9.1887
11301,37.5182
11241,8.8936
11302,37.8186
11242,8.9807
11303,37.1962
11243,9.3154
11304,38.2839
11244,9.1009
11245,8.9319
11305,37.6691
11306,36.6289
11246,9.0613
11307,38.1689
11247,8.7553
11308,37.7338
11248,9.1537
11309,36.9158
11249,9.3007
11310,37.4591
11250,9.0514
11251,8.8395
11311,38.2724
11252,8.8770
11312,37.2109
11313,37.1811
11253,8.9049
11314,37.4243
11254,9.0595
11315,37.6238
11255,9.5171
11316,38.6358
11256,8.8764
11317,37.5441
11257,8.8552
11318,37.2147
11258,9.3180
11319,37.7097
11259,9.1614
11320,37.6459
11260,9.7133
11321,38.1362
11261,9.3644
11262,8.8245
11322,38.2999
11263,9.5443
11323,37.2266
11324,35.6163
11264,9.6443
11265,9.0746
11325,38.0020
11326,37.5376
11266,9.3786
11327,37.5460
11267,9.1511
11268,8.7146
11328,38.1071
11329,37.3493
11269,10.0188
11330,38.0896
11270,9.9153
11271,8.9222
11331,39.2962
11272,9.0435
11332,38.2152
11273,8.8658
11333,37.1736
11274,9.2270
11334,37.0655
11335,36.7624
11275,9.5125
11336,38.1085
11276,9.2113
11277,8.9386
11337,37.7731
11278,8.7483
11338,36.5218
11339,37.0422
11279,9.0558
11340,37.0376
11280,9.5621
11341,37.3813
11281,9.4779
11342,39.2778
11282,8.8907
11283,9.0264
11343,37.4852
11284,8.9016
11344,37.8961
11345,37.0053
11285,9.3093
11346,37.7494
11286,9.5392
11347,38.3491
11287,8.9061
11348,38.0315
11288,8.9882
11349,37.8798
11289,9.1864
11290,9.3608
11350,36.8583
11351,37.4659
11291,9.2263
11352,38.0820
11292,9.1514
11293,9.1070
11353,38.1495
11354,38.2178
11294,9.0889
11295,8.8147
11355,37.4378
11356,37.2517
11296,9.3216
11357,38.0288
11297,9.2964
11358,38.4061
11298,8.9218
11299,8.8880
11359,37.6530
11300,8.8714
11360,37.0708
11361,36.4174
11301,9.1493
11362,37.3509
11302,9.1173
11303,9.1761
11363,37.6662
11364,36.6501
11304,8.9714
11365,38.5236
11305,8.7208
11306,8.9320
11366,37.4648
11367,37.9121
11307,9.1819
11368,37.4561
11308,9.1010
11309,9.3279
11369,37.3908
11370,37.1320
11310,9.2404
11371,38.1518
11311,8.7350
11372,37.1813
11312,9.0591
11373,37.9822
11313,9.2862
11374,37.0819
11314,9.2916
11315,9.0604
11375,37.6358
11376,37.9093
11316,9.2979
11377,38.4932
11317,9.1431
11318,9.2097
11378,37.2723
11379,36.8896
11319,10.5412
11380,37.4493
11320,10.4869
11321,8.7124
11381,38.2961
11322,8.9136
11382,37.1805
11323,8.9644
11383,37.5209
11384,37.8020
11324,9.8426
11385,38.9968
11325,9.5760
11386,37.5389
11326,9.2993
11387,38.6351
11327,8.8737
11388,38.1482
11328,9.1823
11329,9.0542
11389,37.1293
11390,37.7533
11330,9.9037
11391,37.4837
11331,10.1493
11332,9.0658
11392,38.0380
11333,9.0721
11393,38.3741
11394,37.7832
11334,9.1360
11335,9.0486
11395,38.9158
11396,36.3148
11336,9.5858
11397,37.6066
11337,9.3098
11398,37.9897
11338,9.0976
11399,37.5303
11339,9.1061
11400,36.7121
11340,9.0592
11341,9.0962
11401,38.1832
11402,36.6749
11342,8.5994
11403,37.0106
11343,8.8231
11344,8.7360
11404,37.5770
11405,37.1496
11345,8.9302
11406,37.5106
11346,8.9060
11407,37.4383
11347,9.1233
11408,37.2616
11348,8.9630
11409,37.2251
11349,9.0479
11350,8.8725
11410,37.7361
11411,36.6463
11351,8.8502
11412,37.5994
11352,9.3011
11413,37.0327
11353,8.9680
11414,37.5194
11354,9.2622
11415,36.7069
11355,9.1151
11356,8.6793
11416,37.4550
11417,36.9323
11357,8.8074
11418,37.3566
11358,9.1163
11419,38.3549
11359,8.9293
11420,37.2208
11360,8.9627
11421,38.3716
11361,8.8993
11422,38.5358
11362,8.9888
11363,8.7683
11423,36.4836
11424,36.6082
11364,9.1977
11425,37.6515
11365,8.8925
11426,38.3089
11366,8.9960
11367,8.8098
11427,38.1433
11428,37.7859
11368,9.1352
11369,8.9618
11429,39.1396
11430,36.5832
11370,8.9325
11431,37.2691
11371,8.9759
11372,8.8999
11432,37.9400
11433,36.5450
11373,9.0434
11434,38.8039
11374,9.2171
11375,8.9981
11435,37.4424
11436,37.7685
11376,9.0029
11437,37.9352
11377,9.4550
11378,8.8084
11438,38.1819
11379,8.8938
11439,37.7542
11440,37.3984
11380,9.0829
11381,9.0307
11441,37.3053
11442,37.9105
11382,10.0830
11443,38.3542
11383,8.7675
11384,8.8935
11444,40.0049
11445,36.7264
11385,9.1180
11446,37.5985
11386,9.2142
11387,8.9662
11447,38.1526
11448,37.7382
11388,9.1942
11449,38.1267
11389,9.2108
11390,8.7675
11450,38.1602
11391,8.8171
11451,37.6652
11392,9.4084
11452,37.4366
11453,37.0768
11393,9.4221
11454,37.9060
11394,9.7752
11395,8.6278
11455,38.0129
11396,9.0074
11456,37.4414
11457,36.6174
11397,9.0355
11458,38.8339
11398,8.9950
11459,37.1218
11399,9.7482
11400,8.9089
11460,40.3929
11401,8.7557
11461,37.1600
11402,9.0514
11462,37.5806
11463,37.6977
11403,9.0272
11464,37.1925
11404,8.9410
11465,37.8676
11405,8.8518
11466,37.2709
11406,8.9691
11407,8.9183
11467,38.2881
11468,37.3956
11408,9.0828
11409,8.8771
11469,37.4684
11470,37.3459
11410,9.0197
11471,37.9566
11411,9.1162
11472,38.4261
11412,9.1277
11413,8.8854
11473,37.8051
11414,8.8725
11474,38.3709
11475,36.8844
11415,9.0359
11476,37.8482
11416,9.0695
11417,8.9492
11477,38.4984
11478,37.3928
11418,8.8683
11479,37.9444
11419,9.0045
11480,37.3022
11420,9.1848
11481,37.8745
11421,9.1506
11482,37.6681
11422,9.7297
11423,8.6840
11483,37.6154
11424,8.7927
11484,37.4344
11425,9.2235
11485,37.5608
11486,37.0620
11426,9.0980
11487,37.3786
11427,9.4962
11488,37.5680
11428,10.2686
11429,8.7050
11489,38.1466
11430,8.7353
11490,37.5997
11431,8.8982
11491,37.5659
11432,9.0172
11492,37.3536
11493,37.7644
11433,9.7572
11494,38.4034
11434,9.0791
11435,9.0839
11495,38.4837
11496,37.1138
11436,9.5197
11437,8.8128
11497,38.5154
11438,8.8651
11498,38.6251
11499,37.3733
11439,9.0094
11500,37.4768
11440,9.1465
11501,37.3125
11441,9.2751
11502,37.8077
11442,8.8268
11503,37.5754
11443,8.7605
11504,37.2658
11444,9.1853
11445,8.8767
11505,37.3546
11506,37.4509
11446,8.8994
11507,37.8041
11447,8.8631
11508,37.8803
11448,8.9066
11509,37.8565
11449,9.0021
11510,38.0495
11450,8.9288
11511,37.5951
11451,8.9766
11512,37.2802
11452,9.2848
11453,8.9181
11513,38.5373
11514,37.6636
11454,9.0983
11515,38.0314
11455,9.4009
11456,8.9331
11516,37.9253
11457,9.0850
11517,37.3855
11518,37.4405
11458,9.6663
11519,37.5223
11459,9.2858
11520,37.8204
11460,9.0505
11521,37.7687
11461,9.2478
11522,37.8320
11462,9.0005
11463,8.8712
11523,38.2820
11524,38.0874
11464,9.1272
11525,37.7770
11465,9.0285
11526,37.8302
11466,9.2014
11527,37.3837
11467,8.9405
11528,37.5614
11468,9.1808
11529,38.3098
11469,8.9967
11530,37.9017
11470,9.0103
11531,37.6326
11471,8.9813
11532,37.6472
11472,9.4563
11533,39.1703
11473,8.9769
11534,38.5758
11474,9.0856
11475,9.0141
11535,38.2874
11536,37.8903
11476,9.7257
11537,37.0234
11477,9.0029
11538,37.5846
11478,9.6318
11479,8.6324
11539,38.3530
11480,8.8775
11540,37.7201
11541,37.0747
11481,8.8460
11542,37.8609
11482,9.0299
11543,37.9385
11483,8.9116
11544,37.1828
11484,10.1625
11545,38.6000
11485,9.0074
11486,8.8949
11546,38.4732
11547,37.6485
11487,9.0718
11548,37.1061
11488,9.2222
11489,9.0057
11549,38.4076
11550,37.5896
11490,9.5927
11551,38.1596
11491,9.0862
11552,38.7561
11492,9.0715
11493,9.1325
11553,37.9914
11554,37.7193
11494,9.0829
11555,37.9638
11495,9.0953
11556,38.1348
11496,9.1287
11557,38.1155
11497,9.0664
11558,38.5119
11498,8.8160
11559,37.4951
11499,9.0406
11560,37.9725
11500,9.0158
11501,9.0193
11561,38.5652
11562,37.7372
11502,9.2638
11563,38.3860
11503,8.9531
11564,37.5295
11504,8.9816
11565,37.7732
11505,9.1005
11566,37.1652
11506,9.3116
11567,38.6497
11507,8.9190
11508,8.9686
11568,37.5689
11569,37.5841
11509,9.4536
11510,8.8591
11570,37.6192
11571,37.3526
11511,9.1175
11572,37.4237
11512,9.1682
11573,37.4314
11513,9.8902
11514,8.9433
11574,39.3682
11515,8.8945
11575,37.9323
11516,8.8758
11576,37.0079
11577,36.9721
11517,9.2655
11578,37.1727
11518,9.0320
11579,37.8018
11519,9.8516
11520,8.7012
11580,38.9851
11521,8.8990
11581,37.0370
11582,36.9062
11522,9.0013
11523,9.1061
11583,38.4322
11584,37.2471
11524,9.2735
11585,37.3011
11525,10.1047
11526,8.7715
11586,38.4274
11527,8.8226
11587,37.7804
11588,36.8389
11528,9.2866
11589,37.7007
11529,9.0958
11530,9.3213
11590,37.8392
11591,36.8467
11531,9.7582
11532,8.8994
11592,38.6378
11593,37.2183
11533,9.5268
11534,8.8881
11594,37.9435
11595,37.0310
11535,9.0281
11596,37.5796
11536,9.1840
11597,38.1247
11537,9.2151
11598,37.5312
11538,9.0107
11599,37.0372
11539,9.9209
11540,8.9494
11600,38.2133
11541,8.9595
11601,37.5974
11602,37.1582
11542,9.1029
11603,37.7145
11543,8.9562
11604,36.8589
11544,8.8552
11605,37.5735
11545,10.1949
11606,37.7950
11546,8.9469
11547,8.7324
11607,37.0349
11548,8.9878
11608,42.9044
11549,8.9240
11609,37.5059
11610,36.3772
11550,9.8210
11611,38.4889
11551,8.6892
11612,37.8195
11552,8.7855
11613,36.8040
11553,9.1646
11614,38.1036
11554,8.8309
11615,37.2794
11555,8.9438
11616,37.0826
11556,9.9330
11617,38.0329
11557,8.9583
11558,8.8073
11618,38.0774
11559,8.6552
11619,36.9107
11560,9.1000
11620,37.1627
11621,36.3553
11561,9.3465
11622,37.6526
11562,9.5314
11563,8.7368
11623,37.6797
11564,8.8908
11624,37.4970
11625,37.1770
11565,9.0661
11566,9.1146
11626,36.8241
11627,37.5427
11567,9.2125
11628,37.8517
11568,9.7081
11569,8.7414
11629,37.1149
11570,8.8652
11630,37.2751
11631,37.0350
11571,9.6137
11632,37.4941
11572,9.0251
11633,37.6587
11573,10.1456
11574,8.9186
11634,37.7395
11635,37.6560
11575,8.7978
11636,36.8040
11576,8.8636
11637,36.9607
11577,8.9523
11638,37.1578
11578,9.1203
11639,38.0606
11579,9.5156
11580,9.1062
11640,38.6732
11581,8.8742
11641,36.6278
11642,37.0068
11582,9.1562
11643,36.7624
11583,9.0350
11644,36.9957
11584,9.7961
11645,37.2030
11585,8.9814
11646,38.0466
11586,8.8674
11587,8.7564
11647,37.5226
11648,37.7372
11588,8.7816
11589,9.2140
11649,37.2119
11650,36.7615
11590,10.2743
11591,8.8598
11651,38.3257
11652,37.6282
11592,8.7594
11653,37.1717
11593,8.7576
11654,37.1345
11594,9.1259
11595,8.7918
11655,37.6482
11656,37.2748
11596,9.7227
11657,38.2276
11597,8.9767
11598,9.0411
11658,37.4344
11599,9.0743
11659,36.7157
11660,36.4505
11600,9.0246
11661,37.2525
11601,9.4732
11662,38.1240
11602,8.8493
11663,37.6231
11603,9.1468
11604,8.9572
11664,37.1106
11605,9.1247
11665,37.4964
11666,36.5071
11606,9.1967
11667,37.1739
11607,9.2810
11668,38.3835
11608,8.9650
11609,8.7624
11669,38.5498
11610,8.8255
11670,37.9323
11671,36.9653
11611,9.4531
11612,8.8284
11672,37.2979
11673,37.0558
11613,9.8254
11614,8.7878
11674,38.2447
11675,37.8116
11615,9.0268
11676,36.8724
11616,9.0138
11617,8.8018
11677,37.6799
11678,37.2149
11618,9.0889
11679,37.2485
11619,9.4537
11620,8.8125
11680,38.2312
11681,37.5724
11621,8.7292
11622,8.8237
11682,37.3209
11683,36.8193
11623,8.9725
11684,37.5192
11624,9.2352
11685,37.6250
11625,9.0765
11686,37.8966
11626,8.6274
11687,37.1013
11627,8.6655
11688,36.9530
11628,9.1134
11689,37.0557
11629,8.8195
11690,37.4253
11630,9.4247
11631,8.7758
11691,37.7800
11692,36.8496
11632,9.4120
11633,8.9327
11693,38.4968
11694,36.5763
11634,9.1929
11695,37.4869
11635,9.2340
11696,37.1771
11636,9.2729
11697,38.0573
11637,8.9237
11698,37.7025
11638,8.8558
11699,37.4984
11639,8.8057
11700,37.6913
11640,9.2364
11641,8.9545
11701,38.5539
11702,37.2044
11642,9.3978
11643,8.6681
11703,37.6925
11644,8.8344
11704,37.2133
11645,8.8593
11705,37.1240
11706,36.7077
11646,9.1942
11647,8.9304
11707,37.3283
11708,37.2629
11648,9.4708
11649,8.6267
11709,37.7986
11650,8.8400
11710,36.7083
11711,37.4110
11651,9.1282
11712,36.8240
11652,9.0556
11713,37.0213
11653,9.2516
11714,37.4416
11654,8.9698
11655,8.9402
11715,38.0546
11716,37.3176
11656,8.8201
11717,37.3447
11657,9.1309
11718,37.1633
11658,9.2428
11719,37.3028
11659,9.2296
11720,37.6374
11660,8.8475
11721,38.4163
11661,8.8977
11722,38.7454
11662,9.1094
11663,8.9229
11723,37.1030
11724,37.6631
11664,9.0230
11725,37.3581
11665,8.9473
11726,37.9160
11666,8.8819
11667,9.0508
11727,37.7500
11728,36.7402
11668,9.0075
11729,36.8330
11669,9.2060
11730,37.7866
11670,8.8576
11671,8.7999
11731,38.5920
11672,8.9065
11732,37.3140
11733,37.2393
11673,9.1214
11734,37.5063
11674,9.1537
11735,37.1862
11675,9.0187
11736,38.4526
11676,9.0384
11677,8.8977
11737,36.9465
11738,37.1908
11678,8.9195
11739,37.6015
11679,9.1538
11740,36.6961
11680,9.4050
11741,38.0778
11681,8.9537
11682,8.9206
11742,38.6953
11743,37.0910
11683,8.9920
11744,37.7139
11684,9.0286
11745,37.9174
11685,8.9426
11746,37.5191
11686,9.2427
11747,37.6756
11687,8.9908
11748,37.0410
11688,8.9971
11749,36.6311
11689,8.9146
11750,37.8931
11690,9.1385
11691,8.7403
11751,37.4971
11752,36.3951
11692,9.2930
11693,8.9912
11753,38.9514
11754,37.1789
11694,9.0328
11755,38.9887
11695,8.8833
11756,37.8743
11696,8.9447
11757,37.3175
11697,8.8678
11758,37.3752
11698,8.6797
11759,37.2040
11699,8.8511
11700,8.7532
11760,38.2539
11761,36.9899
11701,8.8042
11762,37.3132
11702,9.0053
11703,8.7740
11763,38.4590
11764,37.3016
11704,9.0852
11765,36.7543
11705,8.8096
11766,36.2880
11706,8.7852
11767,37.0741
11707,8.8842
11768,37.4713
11708,8.8549
11769,37.6178
11709,8.8334
11770,37.5800
11710,8.7132
11771,37.4210
11711,8.9520
11772,37.5045
11712,9.3717
11773,37.2291
11713,8.9812
11774,37.7149
11714,9.2974
11715,8.8602
11775,38.2217
11716,8.7609
11776,36.9656
11777,36.5634
11717,8.7211
11778,37.5176
11718,9.0922
11779,37.2962
11719,8.8208
11780,37.7845
11720,10.4752
11721,8.5769
11781,38.3231
11722,8.9040
11782,37.4884
11783,36.6943
11723,8.9653
11784,37.5741
11724,8.8391
11785,36.9704
11725,9.6991
11786,37.6284
11726,9.2418
11787,38.3564
11727,8.8769
11728,8.7888
11788,37.1871
11789,37.1387
11729,8.9005
11790,37.7189
11730,8.9161
11791,37.2189
11731,9.9741
11732,8.7780
11792,38.4463
11733,8.5319
11793,38.2100
11734,8.7188
11794,36.8839
11795,37.6076
11735,8.9623
11796,37.7622
11736,9.1463
11797,38.9102
11737,9.7068
11738,8.7209
11798,38.1807
11739,8.7651
11799,37.3726
11800,36.6372
11740,9.0336
11801,36.0927
11741,8.8469
11802,37.7406
11742,9.1476
11803,38.2556
11743,8.8633
11804,38.4322
11744,8.7798
11745,8.7556
11805,37.5880
11746,8.9626
11806,36.9934
11807,38.2141
11747,8.9215
11808,38.4631
11748,10.6096
11749,8.6619
11809,38.1515
11750,8.6647
11810,36.9230
11811,37.0634
11751,8.7136
11812,37.1753
11752,9.1746
11813,38.8512
11753,10.1731
11814,37.5995
11754,9.1361
11755,8.6483
11815,37.5615
11756,8.6001
11816,37.4242
11757,8.6745
11817,37.1559
11818,36.4952
11758,9.0088
11819,38.4289
11759,8.8992
11820,38.0885
11760,8.6459
11821,37.5372
11761,8.6991
11762,8.8741
11822,36.9700
11823,37.5353
11763,9.0404
11824,37.4199
11764,8.8594
11825,37.4374
11765,8.8192
11766,8.9192
11826,38.1034
11827,36.7645
11767,8.8589
11828,37.2109
11768,8.7267
11829,37.4847
11769,8.7127
11830,37.1511
11770,10.1989
11771,8.5594
11831,38.9968
11832,37.3140
11772,8.6829
11773,8.7047
11833,37.2655
11834,37.2949
11774,8.9744
11835,37.3193
11775,9.0999
11836,37.5687
11776,10.1175
11777,8.7764
11837,37.3379
11778,8.8894
11838,36.5092
11839,44.6204
11779,8.7383
11780,8.7367
11840,37.4976
11841,36.5335
11781,9.1621
11842,37.9323
11782,8.7211
11843,37.6616
11783,8.8016
11844,37.9391
11784,8.7262
11845,37.4489
11785,8.8719
11846,36.5772
11786,8.8894
11847,39.7376
11787,8.8345
11788,8.7442
11848,37.8389
11849,37.8601
11789,8.9598
11790,8.5456
11850,38.1471
11791,8.7121
11851,36.8477
11852,36.5865
11792,9.0436
11853,38.2246
11793,9.5273
11794,8.8301
11854,38.0914
11855,36.5878
11795,8.9859
11796,8.6334
11856,38.0412
11797,8.7668
11857,37.1299
11858,37.1199
11798,8.8123
11859,37.2668
11799,9.8025
11800,8.8182
11860,38.4042
11801,8.7206
11861,38.8120
11802,8.6425
11862,37.0979
11863,36.7690
11803,8.9065
11864,36.9974
11804,9.0666
11865,37.5898
11805,8.8804
11806,8.6350
11866,37.8240
11867,37.9381
11807,8.9259
11868,37.1237
11808,8.9813
11809,8.7353
11869,37.7203
11870,37.6241
11810,9.0161
11871,38.3529
11811,8.8629
11872,38.4457
11812,8.9500
11873,36.1501
11813,9.3757
11814,8.7757
11874,38.3220
11875,39.3256
11815,9.0558
11876,37.6294
11816,8.6603
11877,37.1844
11817,9.0894
11878,37.7405
11818,8.8886
11879,36.7462
11819,9.5180
11820,8.8275
11880,40.0018
11881,36.9552
11821,8.7760
11822,8.8177
11882,37.7544
11883,37.2554
11823,9.2503
11824,9.1456
11884,38.0021
11885,36.3754
11825,9.9187
11826,8.6643
11886,38.8522
11827,8.6409
11887,37.5949
11828,8.8228
11888,37.0508
11889,37.4834
11829,8.8122
11830,8.8273
11890,38.0446
11891,37.4501
11831,9.7244
11832,8.8131
11892,38.2646
11833,9.0203
11893,36.9135
11894,36.7051
11834,8.8706
11895,37.7190
11835,8.8170
11836,8.6683
11896,38.4626
11897,37.0463
11837,9.7010
11838,8.7379
11898,39.2546
11839,8.8283
11899,37.9267
11840,8.8850
11900,36.3863
11901,36.3711
11841,8.9943
11902,37.9295
11842,9.0560
11903,38.5758
11843,9.1674
11844,8.7034
11904,38.5015
11845,9.0336
11905,36.9561
11846,9.1955
11906,36.6546
11907,36.8046
11847,9.2261
11908,37.9594
11848,8.8547
11909,37.9352
11849,8.9654
11850,8.7563
11910,37.7267
11851,8.9004
11911,37.9644
11912,36.1199
11852,9.0437
11913,37.6228
11853,9.0165
11914,37.3535
11854,8.9294
11915,37.7668
11855,9.5834
11856,8.7060
11916,38.6732
11857,8.8382
11917,37.6412
11918,36.3931
11858,9.1214
11919,36.8934
11859,9.1378
11920,38.1668
11860,8.9747
11921,37.4141
11861,9.5694
11862,8.8313
11922,38.6382
11863,8.7786
11923,37.0667
11864,9.0703
11924,36.2063
11925,37.5187
11865,9.7074
11866,8.7345
11926,37.9202
11927,37.3763
11867,8.9917
11928,37.9003
11868,9.2699
11869,8.7424
11929,37.2452
11930,36.6782
11870,8.9529
11931,36.9240
11871,10.0806
11932,38.4158
11872,8.7975
11873,8.8897
11933,37.9808
11934,36.3243
11874,9.1118
11935,38.9330
11875,8.7661
11936,37.0531
11876,9.0129
11937,37.8467
11877,8.8737
11938,37.1335
11878,8.9046
11939,37.5928
11879,8.9118
11940,37.4629
11880,8.8761
11881,8.6764
11941,37.6819
11942,36.6800
11882,9.4206
11943,37.8092
11883,8.7124
11944,37.7993
11884,8.6334
11945,37.0975
11885,8.8815
11946,36.8692
11886,8.8434
11947,37.7059
11887,8.7938
11948,37.3236
11888,9.2963
11949,38.0680
11889,8.8405
11890,8.6907
11950,37.6008
11951,36.9600
11891,9.0856
11952,37.6393
11892,9.0009
11893,8.7771
11953,38.1844
11954,37.1219
11894,9.5702
11955,37.4233
11895,8.7767
11956,37.6359
11896,9.0520
11957,37.0456
11897,8.8390
11958,37.7840
11898,9.7898
11899,8.8893
11959,37.6321
11960,36.5218
11900,8.9653
11961,37.5561
11901,8.7793
11962,37.7294
11902,8.7925
11963,37.4922
11903,8.9406
11964,37.8955
11904,9.6360
11965,37.4681
11905,8.8856
11966,37.3471
11906,8.9566
11967,37.3856
11907,8.9873
11968,37.3484
11908,9.1395
11969,37.6000
11909,9.0070
11970,38.1264
11910,9.0600
11971,38.0984
11911,8.8653
11972,37.9235
11912,8.6524
11973,37.2554
11913,8.6184
11974,37.0845
11914,9.1122
11915,8.6517
11975,38.6884
11976,36.9171
11916,9.2289
11917,8.9157
11977,37.4899
11978,37.0604
11918,9.0645
11979,36.8046
11919,8.8084
11980,37.0576
11920,8.9974
11981,37.5393
11921,8.8264
11982,37.8750
11922,8.8616
11983,38.2581
11923,8.5546
11984,37.2132
11924,8.8839
11985,37.8553
11925,8.9624
11986,36.9978
11926,9.0409
11987,38.3191
11927,8.9007
11988,37.6350
11928,8.8486
11989,36.6488
11929,9.0657
11930,8.8329
11990,38.8749
11991,37.5017
11931,8.9022
11992,37.9068
11932,8.9274
11933,8.7342
11993,38.0225
11994,37.0718
11934,8.9978
11995,37.4876
11935,9.5984
11936,8.5820
11996,37.7063
11997,36.9489
11937,8.7795
11998,37.1513
11938,9.9808
11939,8.6806
11999,37.7809
12000,37.5362
11940,8.7059
12001,37.9244
11941,9.1211
11942,8.8017
12002,37.9092
12003,36.5905
11943,9.1750
12004,36.9873
11944,10.3142
11945,8.6108
12005,38.0925
11946,8.5694
12006,38.1195
12007,37.0893
11947,8.9346
12008,36.8837
11948,8.6729
12009,36.8793
11949,9.9165
11950,8.9688
12010,39.0116
12011,37.9018
11951,8.7106
11952,8.6658
12012,37.8985
12013,37.3685
11953,8.9503
11954,8.7132
12014,37.6057
12015,37.7309
11955,8.8038
12016,38.3941
11956,8.8934
12017,38.1286
11957,8.8491
12018,37.0307
11958,8.6277
12019,37.3088
11959,9.0824
11960,8.6413
12020,38.3757
12021,36.9133
11961,8.7799
12022,37.6289
11962,9.2093
11963,8.6652
12023,38.1730
12024,36.8016
11964,8.9312
12025,37.2449
11965,9.3386
11966,8.7706
12026,38.2116
12027,36.9863
11967,8.8119
12028,37.4256
11968,9.4750
11969,8.8508
12029,38.3170
12030,37.2697
11970,8.8533
12031,37.5309
11971,8.8357
11972,8.8848
12032,38.6469
12033,37.7400
11973,8.7867
12034,37.9751
11974,9.0735
11975,8.7180
12035,38.2545
12036,36.9358
11976,8.7210
12037,37.3683
11977,8.6572
12038,37.8856
11978,8.7539
12039,37.1064
11979,8.7902
12040,37.7187
11980,8.8995
12041,37.3617
11981,8.9555
11982,8.7516
12042,37.5575
12043,36.5021
11983,8.6544
12044,37.7022
11984,8.7421
12045,37.2587
11985,8.6436
12046,36.9672
11986,9.0217
12047,37.7004
11987,8.9348
12048,38.3695
11988,8.5968
12049,37.3821
11989,8.7338
12050,36.6094
11990,8.6868
11991,8.8844
12051,37.8164
12052,38.2050
11992,9.2042
11993,8.6432
12053,37.6767
12054,37.2212
11994,8.7185
12055,37.0685
11995,8.7288
12056,38.1555
11996,8.9367
12057,36.7016
11997,8.7663
12058,38.0524
11998,8.7706
12059,37.4430
11999,8.9037
12060,37.4232
12000,8.8299
12001,8.7895
12061,37.9286
12062,36.3341
12002,9.0051
12063,37.7529
12003,8.7121
12064,37.9956
12004,8.6783
12065,36.9737
12005,8.9056
12066,36.8614
12006,8.9238
12007,8.5971
12067,37.7678
12068,36.9975
12008,8.8324
12069,38.5654
12009,8.7869
12070,36.9615
12010,8.7470
12071,37.8375
12011,8.7065
12072,37.6000
12012,8.8502
12073,37.8256
12013,8.6924
12074,37.4545
12014,9.6888
12015,8.6028
12075,38.0017
12076,37.5391
12016,8.7227
12077,37.2737
12017,8.7056
12078,37.2432
12018,8.8788
12079,37.8800
12019,8.8007
12080,38.2582
12020,8.6992
12081,37.6301
12021,8.7698
12082,38.2924
12022,8.8026
12083,36.9828
12023,8.8905
12084,36.5624
12024,9.7100
12025,8.6091
12085,37.4340
12086,37.3964
12026,8.7291
12087,37.0664
12027,8.8991
12028,8.8656
12088,38.7192
12089,38.1986
12029,8.6482
12090,37.0489
12030,8.9462
12031,8.5455
12091,38.2460
12092,36.9936
12032,9.0967
12093,37.6716
12033,8.7864
12094,38.3724
12034,8.6844
12035,8.7395
12095,38.0174
12096,37.3207
12036,8.9393
12037,8.5836
12097,38.4468
12098,37.6114
12038,8.8521
12039,8.5222
12099,36.9449
12100,37.2832
12040,8.7798
12101,37.9879
12041,8.6921
12102,37.9143
12042,8.8485
12103,36.5979
12043,8.8338
12044,8.7191
12104,38.6042
12045,8.9078
12105,38.2080
12106,36.2136
12046,9.6546
12047,8.6072
12107,38.0565
12108,37.2822
12048,8.7035
12109,38.1080
12049,9.4277
12050,8.6532
12110,38.3218
12051,8.9771
12111,37.7224
12112,37.5745
12052,8.8609
12113,37.5425
12053,8.7191
12114,37.9519
12054,9.1871
12115,37.2634
12055,8.7758
12056,8.7897
12116,37.3703
12117,38.1587
12057,8.8929
12118,36.8867
12058,8.8779
12119,37.1914
12059,9.0799
12060,8.6905
12120,37.5584
12121,37.5163
12061,9.0070
12122,36.9531
12062,8.8853
12123,38.0153
12063,8.8862
12124,36.5761
12064,9.0804
12065,8.6277
12125,38.8874
12126,37.5450
12066,8.9627
12127,37.7726
12067,8.9111
12128,37.9544
12068,8.7289
12069,8.5893
12129,38.1269
12130,37.1064
12070,8.8826
12131,37.5805
12071,8.7529
12132,37.2566
12072,9.1112
12073,8.6111
12133,37.4884
12134,37.5164
12074,9.2329
12075,8.5580
12135,38.3339
12136,37.0943
12076,9.0513
12137,37.3771
12077,8.6194
12138,37.6296
12078,9.1326
12079,8.5401
12139,38.7335
12140,37.4736
12080,8.8398
12141,36.9146
12081,8.8161
12142,38.1424
12082,8.6930
12143,36.8519
12083,9.0168
12144,37.8582
12084,8.8307
12145,37.2788
12085,8.7598
12086,8.6633
12146,38.6098
12087,8.6084
12147,37.6127
12148,36.9046
12088,9.0376
12149,37.3664
12089,9.2832
12090,8.6220
12150,37.5849
12151,37.7030
12091,8.7710
12152,37.8810
12092,8.6781
12153,37.1166
12093,8.8258
12154,37.9529
12094,8.8236
12155,38.1131
12095,8.9263
12156,36.7973
12096,10.8068
12157,37.4851
12097,10.8328
12098,10.7883
12158,38.9106
12159,37.6744
12099,8.8072
12160,37.7297
12100,8.7574
12161,37.7658
12101,9.3860
12162,37.0718
12102,8.9651
12103,8.7820
12163,38.0741
12164,37.3937
12104,9.0039
12165,38.4177
12105,9.1674
12166,36.6562
12106,9.0414
12167,38.4656
12107,8.9455
12168,37.2184
12108,9.0155
12169,37.6934
12109,8.8912
12170,38.2537
12110,8.7082
12171,37.7102
12111,8.8389
12172,38.1456
12112,9.3832
12173,37.4021
12113,8.7936
12174,38.1131
12114,11.1274
12175,38.3528
12115,10.7806
12176,36.8731
12116,11.0961
12117,10.8136
12177,39.1381
12118,8.8170
12178,38.3199
12179,37.0342
12119,8.7489
12180,37.0203
12120,8.7021
12181,36.8081
12121,9.1260
12182,38.5540
12122,8.7281
12183,36.9840
12123,8.8430
12184,37.9659
12124,10.8303
12125,9.3281
12185,37.6250
12186,37.4400
12126,8.7550
12187,37.3998
12127,8.8515
12188,39.1994
12128,8.8303
12129,8.9276
12189,37.2511
12190,36.6915
12130,8.6523
12131,8.7325
12191,38.9253
12132,8.7107
12192,38.9349
12193,37.4728
12133,8.7873
12194,37.8498
12134,9.1169
12195,37.3067
12135,8.9503
12196,37.7882
12136,8.8048
12197,37.7224
12137,8.7912
12198,38.1426
12138,8.7302
12199,38.5084
12139,8.8500
12200,36.7698
12140,8.8531
12201,38.2381
12141,8.8490
12202,37.5633
12142,8.7556
12143,8.5812
12203,37.7181
12204,36.9918
12144,8.8471
12145,8.7332
12205,37.3029
12206,37.3213
12146,9.0964
12207,37.9093
12147,8.9721
12148,8.7293
12208,38.0874
12209,37.1786
12149,8.7372
12210,37.9470
12150,8.7693
12211,36.8194
12151,9.0190
12212,36.2959
12152,8.8822
12153,8.6144
12213,38.2444
12154,8.7314
12214,37.0704
12215,36.9553
12155,8.7389
12216,37.5288
12156,9.1297
12217,36.6782
12157,8.9109
12218,38.2758
12158,8.7312
12219,37.9883
12159,8.7336
12220,37.3315
12160,8.8409
12221,37.6089
12161,8.9100
12222,36.6787
12162,8.9056
12223,37.6883
12163,8.6679
12224,37.8920
12164,9.0360
12225,37.1965
12165,8.9590
12226,36.4979
12166,8.8977
12227,37.2380
12167,8.7372
12228,36.4679
12168,8.8290
12229,37.0251
12169,9.1989
12170,8.9157
12230,39.0744
12231,36.8408
12171,8.9286
12232,37.9133
12172,8.8275
12233,37.3192
12173,8.9525
12234,37.1917
12174,9.0646
12235,37.1197
12175,9.2768
12176,8.8417
12236,38.1049
12177,8.8283
12237,37.3529
12238,37.2428
12178,8.7070
12239,36.9498
12179,8.8812
12240,36.6595
12180,9.0547
12241,37.8682
12181,8.7192
12242,37.4768
12182,9.0048
12243,36.0229
12183,8.9474
12244,37.3631
12184,8.9343
12245,36.5751
12185,8.8366
12246,37.1219
12186,8.9893
12247,37.9317
12187,8.8116
12188,8.8213
12248,37.4837
12249,37.4083
12189,8.9416
12190,8.6777
12250,37.3213
12251,37.0785
12191,8.6725
12252,37.4870
12192,8.7403
12253,37.3397
12193,8.8296
12254,37.0794
12194,8.6119
12255,37.1922
12195,8.9384
12256,37.2998
12196,8.7188
12257,37.0743
12197,9.0575
12258,37.9955
12198,8.7504
12259,36.7981
12199,8.8162
12260,37.0047
12200,8.9011
12261,37.3520
12201,8.9909
12262,37.2388
12202,9.1566
12263,37.4450
12203,8.7003
12264,37.0528
12204,8.7732
12265,37.3964
12205,8.6584
12266,37.4414
12206,9.0356
12267,38.1232
12207,8.6556
12268,40.5769
12208,8.7892
12269,38.5156
12209,8.7125
12270,38.4062
12210,8.6240
12271,37.2321
12211,9.0286
12212,8.9400
12272,37.7659
12273,37.2003
12213,8.7300
12274,38.8003
12214,9.0452
12215,8.7413
12275,37.5620
12276,37.3809
12216,8.9445
12277,37.3582
12217,8.7290
12278,37.1301
12218,8.6611
12279,37.1927
12219,8.6054
12280,38.4408
12220,8.7226
12281,38.3220
12221,8.9427
12222,8.8464
12282,38.0980
12283,36.8637
12223,8.8809
12284,37.7256
12224,8.9401
12285,37.4331
12225,8.4220
12286,37.4780
12226,8.7354
12287,37.1167
12227,8.8846
12288,37.9698
12228,8.9019
12229,9.1833
12289,37.3052
12290,37.8868
12230,8.7437
12291,37.5176
12231,8.9939
12232,8.7523
12292,37.2892
12293,37.3665
12233,8.7125
12294,37.4760
12234,9.0044
12235,8.7235
12295,37.9817
12236,8.9503
12296,37.8325
12297,38.0393
12237,8.8362
12238,8.5883
12298,38.1384
12299,37.1820
12239,8.7494
12300,38.2348
12240,8.9893
12241,8.8950
12301,38.8023
12242,8.8291
12302,37.2795
12303,37.1592
12243,8.9400
12304,37.4963
12244,8.9400
12305,38.3617
12245,8.9226
12306,37.5286
12246,9.1376
12307,36.8802
12247,8.8819
12248,8.7301
12308,38.8415
12309,37.2208
12249,9.1316
12250,8.7864
12310,38.2784
12251,8.9673
12311,37.8557
12312,37.3609
12252,9.0129
12313,37.8760
12253,8.9418
12314,37.4140
12254,8.9596
12315,36.8517
12255,8.8975
12316,37.2771
12256,8.7663
12317,38.1809
12257,8.7167
12318,38.1995
12258,8.7624
12259,8.6774
12319,37.5312
12320,37.0565
12260,8.7818
12321,37.8850
12261,8.6187
12322,37.2246
12262,8.5998
12323,37.3991
12263,8.6046
12264,9.0120
12324,38.2888
12265,8.8062
12325,36.7079
12326,37.8136
12266,9.0863
12267,8.8972
12327,38.1518
12328,36.9721
12268,8.6523
12329,37.7965
12269,8.7917
12270,8.8458
12330,37.5784
12331,37.0421
12271,9.3500
12332,37.1139
12272,9.0256
12273,8.5392
12333,38.3907
12334,37.0178
12274,8.9338
12335,37.2415
12275,8.7483
12336,37.5424
12276,8.9461
12337,37.6157
12277,9.0350
12338,39.4284
12278,8.7356
12339,38.1531
12279,8.9718
12340,36.9178
12280,8.6690
12341,37.3899
12281,8.7749
12342,37.0517
12282,8.8479
12343,38.1045
12283,8.6447
12344,38.0727
12284,8.9438
12345,36.7169
12285,9.0429
12346,37.5581
12286,8.8289
12287,8.7996
12347,38.5731
12348,37.4425
12288,8.7764
12349,38.8859
12289,9.0664
12290,8.6282
12350,37.3291
12351,37.3824
12291,8.6546
12352,37.0837
12292,8.7073
12353,37.6134
12293,8.6580
12354,37.0973
12294,8.6700
12355,37.5503
12295,8.8207
12356,37.6315
12296,8.8770
12357,36.6942
12297,8.6989
12358,37.4816
12298,8.7034
12359,37.9091
12299,8.7264
12360,37.1047
12300,8.8413
12361,37.1511
12301,9.2748
12302,8.6605
12362,37.9466
12363,37.9608
12303,8.7237
12364,37.5149
12304,8.7495
12365,37.5718
12305,8.9310
12366,37.4270
12306,8.7257
12367,37.5178
12307,9.0836
12308,8.6993
12368,38.6766
12309,8.5479
12369,37.6008
12370,37.0955
12310,8.9513
12371,37.0766
12311,8.8753
12372,37.5293
12312,9.0566
12373,38.8720
12313,9.0377
12374,37.9465
12314,8.9747
12315,8.9306
12375,39.6329
12316,8.9882
12376,38.2368
12377,36.2405
12317,9.0266
12378,37.1464
12318,9.1038
12379,37.6426
12319,8.6787
12380,38.3335
12320,8.6293
12381,38.3859
12321,8.5962
12382,36.9332
12322,8.8697
12383,36.2435
12323,8.6802
12384,37.1093
12324,9.0096
12385,38.3928
12325,9.0100
12386,37.1795
12326,9.0253
12387,37.2762
12327,8.7952
12388,37.1704
12328,8.9701
12389,37.7708
12329,9.1441
12390,37.5168
12330,8.8212
12391,37.5761
12331,9.3968
12332,9.0301
12392,38.1900
12333,8.8128
12393,38.1432
12394,37.2397
12334,8.9424
12395,37.6293
12335,8.8657
12396,36.9474
12336,9.1548
12397,38.6075
12337,8.8860
12338,8.8618
12398,39.1537
12339,8.8715
12399,37.6073
12400,36.7330
12340,9.1311
12401,37.1694
12341,9.1931
12402,37.9425
12342,9.5463
12403,38.4887
12343,9.2059
12404,37.5513
12344,8.9820
12345,8.7719
12405,37.4073
12406,36.7602
12346,9.0684
12407,36.9382
12347,9.4300
12408,37.2503
12348,8.9419
12409,38.5600
12349,8.8856
12410,37.9539
12350,9.2658
12411,36.6637
12351,9.1793
12412,38.8147
12352,9.0671
12413,37.2359
12353,9.1466
12414,36.8288
12354,9.2922
12415,37.5440
12355,9.0975
12356,9.0061
12416,38.6832
12417,37.7617
12357,9.2540
12418,36.6324
12358,9.0851
12419,37.7486
12359,8.9695
12420,37.0245
12360,9.2218
12421,38.7219
12361,9.3186
12362,8.8660
12422,37.6074
12423,37.1745
12363,8.9114
12424,36.9854
12364,9.3459
12365,9.1577
12425,37.5829
12426,37.8172
12366,9.4658
12427,37.4132
12367,9.1848
12368,8.8513
12428,37.8228
12429,36.8903
12369,9.0026
12430,37.0643
12370,8.9635
12371,8.9665
12431,37.6880
12432,36.5643
12372,9.3348
12433,37.7617
12373,8.9310
12434,36.9374
12374,8.9695
12435,37.3569
12375,8.9633
12436,37.1786
12376,9.1217
12377,9.0162
12437,36.9943
12438,36.5603
12378,9.2742
12379,8.7127
12439,38.0231
12440,36.9173
12380,9.0952
12441,37.6556
12381,8.9745
12442,36.5300
12382,9.0040
12443,37.0445
12383,9.2817
12444,37.6985
12384,9.4366
12385,9.1131
12445,38.8362
12446,37.2155
12386,9.1203
12447,37.5351
12387,8.8202
12448,36.8498
12388,9.2455
12449,36.8124
12389,8.8731
12450,38.0272
12390,8.9446
12451,37.7020
12391,9.1082
12452,37.2678
12392,8.9462
12453,37.1301
12393,9.0989
12454,36.6456
12394,9.0298
12455,36.3383
12395,8.8589
12456,38.8169
12396,9.3192
12457,37.4805
12397,8.9276
12458,37.1763
12398,8.9127
12399,8.8542
12459,38.4530
12460,37.2350
12400,8.8287
12461,37.3836
12401,9.0108
12402,9.0946
12462,38.6039
12463,36.1580
12403,9.0287
12464,38.1813
12404,9.3934
12405,8.9907
12465,38.9140
12466,36.6281
12406,9.4241
12467,37.8141
12407,9.3454
12468,37.5342
12408,9.1725
12469,37.9971
12409,9.2203
12470,36.9906
12410,9.3472
12471,37.7620
12411,9.0216
12472,37.0334
12412,9.1124
12413,8.9049
12473,37.5915
12474,37.0126
12414,9.0599
12475,37.6885
12415,9.1200
12476,37.6874
12416,9.7244
12417,9.0170
12477,37.6197
12418,9.1416
12478,37.8131
12479,37.3004
12419,9.1878
12480,37.0133
12420,9.3426
12481,36.8612
12421,8.9574
12482,37.5553
12422,9.1143
12483,37.9111
12423,9.0739
12484,36.9040
12424,9.2031
12485,36.5541
12425,8.9821
12486,36.8487
12426,9.1423
12487,37.6728
12427,9.3030
12488,39.1084
12428,9.1381
12429,8.8889
12489,37.7688
12490,37.2723
12430,9.0709
12491,36.6507
12431,9.0496
12492,37.2711
12432,9.1284
12493,38.2056
12433,9.2484
12434,8.9682
12494,39.0251
12495,37.2044
12435,9.0189
12496,37.7686
12436,9.1395
12497,37.8117
12437,9.1678
12498,37.0236
12438,12.7496
12499,39.0832
12439,8.2171
12440,7.4068
12500,38.6474
12441,7.4457
12501,37.2368
12442,7.2984
12502,38.2489
12443,7.2817
12503,37.2867
12444,7.3596
12504,37.0801
12505,37.4015
12445,7.3336
12506,37.7126
12446,7.5223
12447,7.4163
12507,37.2842
12508,37.0362
12448,7.5310
12509,37.6958
12449,7.4924
12510,37.4937
12450,7.6701
12451,7.4252
12511,37.4303
12512,37.2361
12452,7.4737
12513,37.1801
12453,7.4323
12514,36.8674
12454,7.4334
12515,37.5855
12455,7.5358
12516,38.1018
12456,7.5342
12517,38.4105
12457,7.4988
12518,37.4654
12458,7.3482
12459,7.6674
12519,37.1687
12520,38.0235
12460,7.8744
12461,7.3842
12521,39.0743
12522,36.8334
12462,7.7267
12463,7.4258
12523,37.7893
12524,37.0430
12464,7.4833
12525,37.6046
12465,7.5322
12526,37.1037
12466,7.7642
12467,7.2714
12527,38.0196
12528,37.3029
12468,7.3763
12529,37.2288
12469,7.3928
12470,7.4842
12530,37.0779
12531,37.0864
12471,7.7812
12532,37.6485
12472,7.6167
12533,37.3775
12473,7.4524
12534,36.7904
12474,7.6163
12535,37.3516
12475,7.7115
12476,7.5710
12536,38.0608
12537,37.3909
12477,7.6052
12538,37.2613
12478,7.5883
12539,38.1992
12479,7.5835
12540,36.7645
12480,7.5705
12541,37.4852
12481,7.8077
12482,7.3359
12542,38.1307
12543,37.0850
12483,7.5660
12484,7.5053
12544,37.1819
12545,36.8290
12485,7.6408
12546,37.8925
12486,7.4901
12547,37.6693
12487,7.8486
12548,38.4358
12488,7.4711
12549,37.3068
12489,7.7606
12550,37.7633
12490,7.4280
12491,7.4202
12551,37.8404
12552,36.9309
12492,7.8738
12493,7.4583
12553,38.0954
12554,37.6820
12494,7.8111
12495,7.6206
12555,38.7861
12556,37.4231
12496,7.8164
12557,40.3936
12497,7.7168
12558,37.4837
12498,7.4621
12559,37.7178
12499,7.6781
12560,36.7640
12500,7.7598
12501,7.3516
12561,38.0762
12562,37.1922
12502,7.6258
12563,37.0697
12503,7.4893
12564,37.7792
12504,7.6014
12565,37.7919
12505,7.5693
12566,37.1855
12506,7.7703
12507,7.3634
12567,38.2430
12568,37.1938
12508,7.4376
12509,7.5483
12569,37.4893
12570,37.4760
12510,7.7596
12571,38.1314
12511,7.3697
12572,37.4563
12512,7.4939
12573,37.8201
12513,7.4109
12574,38.0518
12514,7.4682
12575,36.7515
12515,7.4850
12576,37.7794
12516,7.4691
12577,37.3773
12517,7.7434
12578,37.8421
12518,7.5271
12579,36.8279
12519,7.6523
12520,7.4937
12580,38.1467
12581,37.4627
12521,7.5337
12582,37.5609
12522,7.3286
12583,36.8565
12523,7.5441
12584,38.6960
12524,7.4559
12585,37.4587
12525,7.3995
12586,37.3971
12526,7.7151
12587,38.0817
12527,7.6729
12588,38.6027
12528,7.6105
12589,37.3888
12529,7.4823
12590,38.4481
12530,7.5563
12591,37.8690
12531,7.4743
12592,37.0772
12532,7.5910
12593,38.0236
12533,7.7736
12594,38.3700
12534,7.5174
12535,7.4232
12595,37.3139
12596,37.2260
12536,7.7519
12597,37.5624
12537,7.3165
12598,36.8816
12538,7.5441
12599,37.9003
12539,7.7350
12540,7.2962
12600,38.1118
12601,36.5786
12541,7.7849
12542,7.2834
12602,38.3134
12603,36.9133
12543,7.3677
12544,7.3795
12604,38.4190
12605,37.2333
12545,7.5199
12606,38.0883
12546,7.6298
12607,37.2124
12547,7.6295
12548,7.4224
12608,38.6224
12609,37.3003
12549,7.5921
12610,37.2564
12550,7.7358
12551,7.3618
12611,38.2814
12612,37.3175
12552,7.5129
12613,37.7588
12553,7.3985
12614,37.5506
12554,7.5298
12615,36.8919
12555,7.7190
12556,7.3158
12616,38.4669
12617,36.9931
12557,7.6542
12558,7.3752
12618,38.3132
12619,37.3632
12559,7.6374
12620,37.3879
12560,7.3507
12621,37.1200
12561,7.7335
12622,38.0159
12562,7.4878
12563,7.3482
12623,38.8004
12624,37.0502
12564,7.4195
12625,37.7765
12565,7.3473
12626,37.9342
12566,7.6758
12567,7.3477
12627,38.0740
12628,36.6874
12568,7.5738
12629,38.2084
12569,7.5119
12630,37.3200
12570,7.5908
12631,37.6885
12571,7.3259
12632,37.4018
12572,7.5666
12633,37.9298
12573,7.4882
12634,36.6889
12574,7.6540
12635,37.4891
12575,7.3366
12636,38.0652
12576,7.3288
12637,37.5933
12577,7.3765
12638,36.5147
12578,7.3975
12639,38.0213
12579,7.3714
12640,37.4445
12580,7.2904
12641,37.6135
12581,7.3610
12642,37.1224
12582,7.5892
12643,37.6031
12583,7.7449
12644,37.8271
12584,7.3920
12645,36.8592
12585,7.6685
12586,7.2903
12646,38.7248
12647,37.3472
12587,7.3297
12648,37.9259
12588,7.2294
12649,37.2067
12589,7.4190
12650,37.8111
12590,7.3328
12651,37.3773
12591,7.4981
12652,37.5948
12592,7.4204
12653,37.4667
12593,7.5846
12594,7.4196
12654,38.1621
12655,37.1062
12595,7.3722
12656,37.9097
12596,7.6424
12597,7.3256
12657,38.1096
12658,37.2327
12598,7.3277
12659,37.8323
12599,7.5259
12660,37.0610
12600,7.4562
12661,37.4659
12601,7.6568
12602,7.4156
12662,38.2886
12663,37.6878
12603,7.4549
12664,37.5659
12604,7.6081
12605,7.3130
12665,38.1821
12666,36.6019
12606,7.4117
12667,37.1858
12607,7.7059
12668,37.3855
12608,7.4472
12669,37.2501
12609,7.6870
12610,7.3419
12670,38.5644
12671,37.2871
12611,7.4594
12672,37.2023
12612,7.7955
12673,37.9960
12613,7.6640
12614,7.3648
12674,38.3899
12675,37.1892
12615,7.7404
12616,7.3254
12676,38.3800
12677,37.3723
12617,7.4101
12678,37.5642
12618,7.6462
12679,37.5117
12619,7.7109
12680,37.6348
12620,7.6681
12621,7.4012
12681,38.1512
12682,37.1471
12622,7.4671
12683,37.6708
12623,7.3026
12684,36.7120
12624,7.6681
12625,7.2963
12685,38.4578
12626,7.5508
12686,37.2261
12687,37.2628
12627,7.6117
12688,37.8619
12628,7.2642
12629,7.3482
12689,37.9098
12690,37.1708
12630,7.7159
12691,38.4140
12631,7.3481
12692,37.2485
12632,7.4228
12693,37.9605
12633,7.6891
12694,37.5995
12634,7.4157
12695,37.9453
12635,7.6906
12636,7.3319
12696,38.1280
12697,37.7282
12637,7.3058
12698,37.5366
12638,7.4003
12699,36.6715
12639,7.4391
12700,37.8980
12640,7.7460
12701,37.8986
12641,7.5369
12702,38.2535
12642,7.2498
12703,37.7192
12643,6.6846
12704,37.9851
12644,6.7610
12645,6.7015
12705,38.2817
12706,37.1340
12646,6.9444
12707,37.7738
12647,7.0584
12648,6.5660
12708,38.3232
12709,36.7129
12649,6.7337
12710,37.3332
12650,6.7546
12711,37.4074
12651,7.0241
12652,6.6546
12712,37.8343
12653,6.7218
12713,36.7067
12714,37.7085
12654,6.7478
12715,37.9950
12655,6.7061
12656,6.6818
12716,37.5140
12657,6.7445
12717,37.5869
12718,37.2095
12658,6.8967
12719,37.9059
12659,6.7852
12660,6.7473
12720,37.8657
12721,37.5513
12661,7.1012
12662,6.7104
12722,38.1562
12723,37.1504
12663,6.7189
12724,37.5571
12664,6.9357
12725,37.9718
12665,7.0559
12666,6.6669
12726,39.2225
12667,6.8517
12727,37.0418
12728,37.1578
12668,7.1346
12729,37.9450
12669,6.8718
12730,37.5742
12670,6.6606
12731,36.8760
12671,6.8025
12732,37.9009
12672,7.0293
12733,38.4047
12673,6.5270
12734,36.7458
12674,6.4898
12735,36.6948
12675,6.6536
12736,37.2434
12676,7.0743
12677,6.5707
12737,38.4043
12738,36.7195
12678,6.6900
12739,37.1457
12679,6.9137
12740,38.2873
12680,7.0930
12681,6.6751
12741,37.8073
12742,36.8901
12682,6.7485
12743,36.9604
12683,7.0211
12684,6.6988
12744,38.8567
12745,36.7220
12685,7.0541
12746,37.6270
12686,7.0893
12687,6.5921
12747,37.7828
12748,37.1901
12688,7.0125
12749,37.2393
12689,6.9237
12750,36.7736
12690,7.0208
12751,37.4882
12691,6.6528
12752,37.0431
12692,6.8809
12753,38.3197
12693,6.9630
12694,6.6354
12754,37.8613
12695,6.7328
12755,37.0861
12756,37.7070
12696,6.7460
12757,37.2929
12697,7.0289
12698,6.6898
12758,38.0758
12699,6.7729
12759,37.7988
12760,37.7084
12700,7.0474
12701,6.5924
12761,38.6112
12762,36.3166
12702,6.6892
12763,37.6047
12703,6.7009
12764,37.5129
12704,6.8886
12705,6.7582
12765,37.8879
12766,37.4032
12706,6.7533
12767,38.2672
12707,7.0077
12708,6.6097
12768,37.8106
12769,36.9950
12709,6.7911
12770,37.0408
12710,6.9272
12771,37.8748
12711,6.9868
12772,38.0795
12712,7.0863
12773,37.5842
12713,6.8827
12774,37.5609
12714,6.7187
12775,38.0954
12715,6.8381
12776,37.3406
12716,6.6807
12777,37.7021
12717,6.7192
12778,37.9672
12718,6.7240
12779,38.1524
12719,6.5678
12780,36.9118
12720,7.0114
12781,38.1248
12721,6.7670
12782,37.5996
12722,9.2132
12783,38.1777
12723,7.4767
12784,36.7334
12724,7.2828
12785,38.3275
12725,6.8343
12786,37.7437
12726,6.6942
12787,37.5306
12727,6.8986
12728,6.6401
12788,37.7586
12789,37.7701
12729,6.5282
12790,37.3919
12730,6.6276
12731,6.6328
12791,37.8302
12792,36.9998
12732,6.9778
12793,38.4372
12733,6.7615
12794,38.0238
12734,6.4614
12735,6.6469
12795,38.1699
12736,6.4844
12796,37.9252
12797,36.7668
12737,6.6504
12798,38.1136
12738,6.5950
12799,37.3888
12739,6.9514
12800,37.9124
12740,6.7495
12801,37.8764
12741,6.9182
12802,37.7334
12742,6.5122
12803,39.6588
12743,6.6426
12804,37.5063
12744,6.6731
12805,36.6454
12745,7.3472
12806,40.2233
12746,7.4550
12747,6.4384
12807,39.2895
12748,6.5293
12808,37.0315
12749,6.5854
12809,38.1653
12750,9.7665
12810,37.1914
12811,36.8194
12751,8.3697
12812,37.5952
12752,6.9109
12753,6.7202
12813,38.1895
12814,37.2775
12754,7.5022
12815,37.6919
12755,6.9580
12756,6.5022
12816,39.0503
12757,6.6500
12817,37.4789
12818,38.0539
12758,7.5875
12819,37.3666
12759,6.5095
12760,6.4844
12820,38.1311
12761,7.2625
12821,38.2924
12822,37.1941
12762,7.0578
12823,38.1753
12763,6.6521
12824,37.6453
12764,7.5175
12825,37.3016
12765,7.6838
12826,37.7463
12766,6.7000
12767,6.4613
12827,38.3539
12768,6.8295
12828,38.1765
12829,37.2383
12769,6.5829
12830,37.1061
12770,6.5466
12831,37.6432
12771,9.0683
12832,38.4981
12772,7.6821
12833,38.5706
12773,6.7049
12834,37.8524
12774,6.5518
12775,6.8233
12835,37.4401
12836,37.1172
12776,6.9733
12837,37.9943
12777,7.9331
12838,37.6126
12778,7.6873
12839,37.6328
12779,6.7516
12840,38.0991
12780,6.6932
12841,38.1878
12781,6.7751
12782,6.4389
12842,37.3896
12843,36.8280
12783,6.5321
12844,37.3141
12784,8.6325
12845,37.7498
12785,7.1218
12786,6.8915
12846,38.0168
12847,36.6853
12787,7.0280
12848,37.8034
12788,6.5757
12789,6.5096
12849,37.4639
12850,36.3519
12790,7.2322
12851,38.3041
12791,7.5110
12852,38.2920
12792,6.7833
12793,6.4066
12853,38.5870
12794,6.6433
12854,37.2942
12795,6.6887
12855,38.3720
12856,37.4501
12796,7.1324
12857,38.6367
12797,6.9684
12858,38.1070
12798,7.4012
12859,38.2195
12799,6.9208
12800,6.4972
12860,38.0869
12801,6.6370
12861,37.6684
12862,36.6565
12802,6.9239
12803,6.6239
12863,37.9822
12864,37.4242
12804,8.7256
12865,37.9211
12805,7.3255
12866,37.9735
12806,6.4432
12867,37.4803
12807,6.4152
12808,6.4880
12868,38.1962
12869,37.3523
12809,6.5008
12870,37.1888
12810,8.4898
12871,37.6512
12811,6.9306
12872,37.4040
12812,6.6713
12873,37.0181
12813,6.7699
12874,37.0527
12814,6.7397
12875,37.5361
12815,6.7548
12876,37.4373
12816,8.6299
12877,37.6818
12817,7.1110
12878,37.9568
12818,7.5935
12879,38.6142
12819,6.9505
12820,7.0758
12880,37.8318
12881,37.8008
12821,6.8914
12822,6.6277
12882,38.2573
12823,8.8748
12883,37.4323
12884,37.1839
12824,7.8168
12885,37.9452
12825,6.9705
12886,37.8354
12826,7.1102
12887,37.8489
12827,7.8999
12888,38.0378
12828,6.9529
12889,37.5288
12829,7.0392
12890,38.2000
12830,6.4816
12891,37.5570
12831,6.8323
12892,37.2963
12832,6.8011
12893,37.6419
12833,6.9511
12894,37.9760
12834,6.8513
12895,37.6009
12835,8.7274
12896,38.3994
12836,6.5917
12837,6.6292
12897,38.3473
12898,37.1903
12838,6.7742
12899,37.4092
12839,6.7853
12900,38.4086
12840,6.6689
12901,37.2700
12841,7.8850
12902,38.0115
12842,6.9046
12903,38.1110
12843,6.6646
12904,36.7565
12844,6.9877
12905,37.5992
12845,6.7437
12906,37.0972
12846,6.8641
12907,37.7134
12847,7.6084
12908,38.9265
12848,6.9936
12849,6.4840
12909,38.8618
12850,6.5451
12910,38.0016
12851,6.9640
12911,37.1826
12912,37.8369
12852,6.9523
12913,37.6288
12853,8.6795
12914,37.7289
12854,7.6511
12915,38.1521
12855,6.8364
12856,6.5208
12916,37.9100
12917,36.7626
12857,6.6526
12918,36.4010
12858,6.7832
12919,38.1045
12859,7.1384
12920,37.3601
12860,7.5947
12921,37.6243
12861,7.1591
12862,6.7523
12922,38.9826
12863,6.5870
12923,37.9455
12924,37.0642
12864,6.8541
12925,37.5180
12865,7.0408
12926,37.7368
12866,9.0677
12927,38.1380
12867,8.4091
12928,38.2293
12868,6.6395
12929,37.9423
12869,6.8011
12930,38.0592
12870,6.7049
12931,37.7824
12871,6.6495
12932,37.6365
12872,6.6642
12933,37.8480
12873,9.1249
12934,37.5213
12874,6.8748
12875,6.6794
12935,38.0082
12936,36.9495
12876,6.6624
12937,37.4077
12877,7.1019
12938,37.5285
12878,6.8526
12879,6.4006
12939,38.0078
12940,36.8514
12880,6.5701
12881,6.4849
12941,38.0995
12942,37.3071
12882,6.7851
12943,37.6471
12883,6.5951
12944,36.6130
12884,6.4289
12885,6.5476
12945,37.1730
12946,37.5218
12886,6.7897
12947,37.8759
12887,6.4694
12948,37.2337
12888,6.8920
12889,6.3676
12949,39.1832
12950,37.1096
12890,6.5518
12951,37.1177
12891,6.7642
12892,6.5998
12952,37.1909
12953,37.1928
12893,6.9359
12954,37.8697
12894,6.8875
12955,38.2531
12895,6.3793
12956,37.0725
12896,6.5257
12957,37.0768
12897,7.3060
12958,38.6855
12898,6.8727
12959,37.6469
12899,6.9448
12960,37.1818
12900,6.6126
12961,37.2344
12901,6.5091
12962,37.8312
12902,6.4808
12963,37.9753
12903,6.7116
12964,38.5117
12904,6.5358
12965,38.2663
12905,7.0898
12906,6.7779
12966,38.5882
12967,37.2757
12907,6.7618
12968,37.7274
12908,6.7201
12969,37.6501
12909,7.3133
12910,6.4585
12970,37.8098
12971,37.2706
12911,6.5411
12972,38.2061
12912,6.8501
12913,6.4227
12973,38.9007
12914,6.4582
12974,37.0593
12975,36.5458
12915,6.5124
12976,37.2902
12916,6.6633
12977,37.4901
12917,6.8580
12978,37.6434
12918,6.6054
12979,38.1555
12919,6.8123
12920,6.4551
12980,38.6973
12921,6.4214
12981,37.2917
12922,6.6277
12982,37.6877
12983,37.8315
12923,6.8384
12984,38.4134
12924,6.5871
12985,37.3504
12925,6.9987
12986,38.0812
12926,6.5509
12927,6.4566
12987,38.1726
12988,36.9947
12928,6.8451
12989,37.4963
12929,6.5215
12990,38.0690
12930,6.6105
12931,6.6326
12991,37.3639
12992,37.3904
12932,6.8172
12933,6.5839
12993,37.6251
12994,37.9406
12934,6.8528
12995,37.4905
12935,6.5226
12996,37.3773
12936,6.4936
12997,37.3233
12937,6.8345
12998,38.0142
12938,7.0432
12999,38.3918
12939,6.7890
12940,6.4817
13000,37.4711
13001,37.0975
12941,6.8008
13002,37.3906
12942,6.8490
13003,38.4672
12943,6.6365
13004,37.4931
12944,6.8165
13005,37.8211
12945,6.4629
13006,37.0050
12946,6.7869
13007,37.9561
12947,6.7097
12948,6.6241
13008,37.2308
13009,36.4234
12949,6.8754
13010,38.0422
12950,6.5196
13011,37.0334
12951,6.4739
13012,38.5065
12952,6.7274
13013,37.0491
12953,6.6434
13014,38.5179
12954,6.8755
12955,6.4509
13015,38.0344
13016,36.7027
12956,6.5318
13017,36.7233
12957,6.7367
12958,6.3711
13018,38.6595
13019,36.6666
12959,6.5554
13020,37.5894
12960,6.5842
12961,6.8009
13021,38.5390
13022,37.0672
12962,6.9458
13023,38.7642
12963,6.7445
13024,37.6939
12964,6.6158
13025,37.3999
12965,6.5765
13026,38.6986
12966,6.4211
13027,37.8413
12967,6.3927
13028,36.7540
12968,6.9881
13029,37.9788
12969,6.8170
12970,6.3711
13030,38.1266
13031,36.6864
12971,6.5771
13032,37.4754
12972,6.8451
12973,6.5720
13033,38.5515
13034,37.2884
12974,6.9128
13035,38.0517
12975,6.6931
13036,37.2532
12976,6.9081
13037,38.1625
12977,6.9301
12978,6.5393
13038,38.7225
13039,39.1735
12979,6.5588
13040,37.6034
12980,6.6311
13041,37.3916
12981,6.4350
13042,37.4713
12982,6.5614
13043,38.0815
12983,7.2645
13044,37.4026
12984,6.8533
13045,37.3427
12985,6.7519
13046,37.5536
12986,6.4870
13047,38.0075
12987,6.7746
13048,37.3008
12988,6.6934
13049,37.6059
12989,6.9447
12990,6.6502
13050,38.0948
13051,37.4409
12991,6.8072
12992,6.5604
13052,37.8930
13053,37.6104
12993,6.5462
13054,37.7594
12994,6.5763
13055,36.4721
12995,6.8140
13056,37.9965
12996,6.8981
12997,6.3942
13057,38.4795
12998,6.4022
13058,37.4342
13059,36.9482
12999,6.8647
13060,38.9944
13000,6.7445
13061,37.5421
13001,7.2542
13062,38.7848
13002,6.9647
13063,38.4552
13003,6.8344
13004,6.4686
13064,38.8571
13005,6.4991
13065,37.3140
13066,37.9644
13006,6.7071
13067,37.2819
13007,6.9581
13008,6.6262
13068,38.6397
13069,37.7949
13009,7.0096
13070,38.0880
13010,6.5665
13011,6.4811
13071,37.9731
13072,37.6095
13012,6.5750
13013,6.9620
13073,38.3709
13074,37.2730
13014,6.8283
13015,6.4123
13075,38.7153
13016,6.6757
13076,37.2375
13077,37.0800
13017,6.5693
13018,6.4241
13078,37.9950
13019,6.4661
13079,36.8564
13080,36.7875
13020,6.7683
13081,37.5845
13021,6.5864
13022,6.4864
13082,38.4453
13083,37.4914
13023,6.7745
13084,37.9976
13024,6.4589
13025,6.4130
13085,37.6333
13086,37.3024
13026,6.5572
13027,6.6009
13087,38.0542
13088,37.0586
13028,6.8035
13029,6.4325
13089,37.7059
13090,37.1882
13030,6.7787
13091,37.2973
13031,6.5538
13032,6.5116
13092,38.4828
13033,6.5770
13093,37.7688
13094,37.7284
13034,7.0255
13095,37.7617
13035,6.8263
13036,6.5262
13096,38.0208
13037,7.0140
13097,37.9008
13098,37.4007
13038,7.2789
13039,6.8187
13099,39.1343
13040,6.5768
13100,37.8217
13041,6.9901
13101,37.5263
13102,37.6448
13042,7.0609
13043,6.5874
13103,38.3021
13104,38.0190
13044,6.9306
13105,38.8679
13045,6.9293
13046,6.6718
13106,38.2657
13107,37.8217
13047,6.9286
13108,37.7911
13048,6.6240
13109,36.8372
13049,6.7963
13110,37.9922
13050,6.6382
13111,37.4899
13051,6.7512
13112,37.5102
13052,6.9156
13053,6.6316
13113,38.1387
13054,6.6888
13114,37.7035
13115,38.1502
13055,6.8787
13116,37.1252
13056,6.7576
13117,38.2580
13057,7.3807
13118,37.9350
13058,6.7069
13119,37.5985
13059,6.7692
13060,6.5843
13120,38.9284
13061,6.5838
13121,37.5863
13062,6.6228
13122,37.8818
13123,36.8337
13063,7.3057
13124,40.9814
13064,6.7759
13065,6.8551
13125,37.8837
13126,37.2902
13066,7.1243
13127,38.3693
13067,7.0794
13068,6.5155
13128,38.7140
13069,6.6584
13129,37.6078
13070,6.7379
13130,37.6528
13131,37.6821
13071,7.0646
13072,7.0527
13132,38.1058
13133,37.7855
13073,7.0219
13134,37.6431
13074,7.1009
13075,6.4971
13135,38.7838
13076,6.5380
13136,37.5199
13137,37.5441
13077,6.8057
13138,37.2026
13078,6.9129
13079,6.9427
13139,38.7563
13140,37.2705
13080,6.8995
13141,38.0167
13081,6.9573
13142,37.9175
13082,6.6487
13143,37.8655
13083,6.6972
13144,37.1599
13084,7.0188
13145,37.8357
13085,6.7821
13146,37.6713
13086,6.7916
13147,37.2887
13087,6.7388
13148,37.7968
13088,6.8648
13149,37.6245
13089,7.1138
13090,6.7210
13150,38.3028
13151,37.8281
13091,7.0019
13092,6.5399
13152,38.0528
13093,6.6857
13153,37.3855
13094,6.6820
13154,37.8744
13155,37.1137
13095,6.7486
13156,38.1009
13096,6.9021
13097,6.7554
13157,38.2146
13158,38.2997
13098,6.8536
13159,37.8401
13099,6.9578
13100,6.4314
13160,38.7183
13101,6.6059
13161,36.8814
13162,37.2976
13102,6.8447
13163,38.8437
13103,6.6915
13104,6.6241
13164,38.7744
13165,37.6726
13105,6.8424
13166,37.5832
13106,6.8639
13107,6.5321
13167,38.4011
13108,6.7365
13168,38.5780
13169,38.2520
13109,6.7063
13170,38.1218
13110,6.7829
13111,6.6397
13171,38.9214
13172,38.5469
13112,6.7681
13173,37.2391
13113,7.0237
13114,6.6738
13174,38.2518
13175,37.6457
13115,7.1160
13176,37.6247
13116,7.0291
13117,6.6908
13177,39.0784
13118,6.7229
13178,38.6999
13179,37.1711
13119,6.6704
13180,36.9915
13120,6.7148
13181,37.7863
13121,6.7650
13182,38.1137
13122,6.9177
13183,38.0541
13123,7.0244
13124,6.6203
13184,38.7650
13125,6.7178
13185,37.3629
13186,37.9332
13126,6.7405
13187,38.7042
13127,6.7658
13188,38.5638
13128,6.9845
13129,6.7023
13189,38.9364
13190,37.5041
13130,6.7113
13191,38.0771
13131,6.9862
13132,6.5608
13192,38.8866
13133,6.7046
13193,37.4225
13194,37.0552
13134,7.1065
13195,38.2992
13135,7.1731
13196,38.8319
13136,7.0160
13137,6.6146
13197,38.8209
13138,6.6370
13198,37.9172
13199,38.7241
13139,7.0856
13140,6.6615
13200,38.4218
13141,6.8923
13201,37.5337
13202,37.0133
13142,7.4085
13203,38.9752
13143,6.6577
13204,38.7544
13144,6.7135
13205,37.8180
13145,6.7413
13206,38.0266
13146,6.9726
13207,38.1496
13147,7.1125
13208,38.8694
13148,6.6120
13149,6.6724
13209,38.2202
13210,37.3159
13150,6.9577
13151,6.5803
13211,38.3604
13152,6.5588
13212,37.6444
13213,37.2600
13153,7.0155
13214,37.8299
13154,6.8283
13215,38.3495
13155,7.1104
13156,6.8557
13216,37.9677
13217,38.1955
13157,7.0143
13218,37.8520
13158,7.5808
13159,6.7440
13219,39.6159
13160,6.7597
13220,37.8195
13221,37.4432
13161,7.1707
13162,6.6905
13222,37.6202
13223,38.0728
13163,6.7809
13164,6.6359
13224,38.1036
13225,38.0422
13165,6.8800
13226,38.1091
13166,6.8027
13227,37.9789
13167,6.9618
13228,38.4877
13168,6.9693
13229,37.7936
13169,7.2304
13230,37.7883
13170,6.9783
13231,39.5201
13171,6.9125
13172,6.7271
13232,38.3268
13233,37.3655
13173,6.8442
13234,38.0112
13174,7.0133
13235,38.3534
13175,6.8873
13236,37.8188
13176,6.9632
13237,37.8984
13177,7.0547
13238,38.3937
13178,7.0918
13239,38.1798
13179,6.6190
13180,6.7083
13240,38.0753
13241,37.2713
13181,7.1696
13242,38.3175
13182,7.3078
13183,6.6973
13243,39.6002
13244,37.2968
13184,7.0345
13245,37.6857
13185,6.7303
13246,37.7138
13186,7.5469
13187,6.7171
13247,38.3223
13248,37.3159
13188,7.5887
13249,37.3240
13189,7.2643
13250,37.8931
13190,7.2118
13251,37.9936
13191,6.7836
13252,37.6312
13192,6.8075
13253,37.9342
13193,6.9305
13254,37.7063
13194,7.1228
13195,6.5829
13255,38.0126
13256,36.9299
13196,7.0764
13257,38.2140
13197,7.4421
13258,38.3507
13198,6.7186
13259,37.3931
13199,6.8626
13260,37.1964
13200,7.0246
13261,37.7088
13201,6.9024
13262,38.3490
13202,7.4749
13203,6.6516
13263,38.2093
13204,6.7167
13264,37.4421
13265,38.7315
13205,7.1331
13206,6.7284
13266,38.8274
13207,6.7390
13267,38.2903
13268,37.3332
13208,7.0070
13269,38.3234
13209,7.1752
13270,37.7999
13210,7.3438
13211,6.6049
13271,38.6583
13212,6.8300
13272,37.6169
13273,38.2828
13213,6.7244
13214,6.6806
13274,39.6248
13215,6.9215
13275,37.8529
13276,36.7744
13216,7.2029
13277,37.7232
13217,7.1178
13278,38.1336
13218,7.2437
13219,6.6494
13279,38.4677
13220,6.6993
13280,37.5749
13281,37.5673
13221,7.0821
13222,6.5837
13282,37.5485
13283,36.6616
13223,7.6195
13284,37.1412
13224,8.1010
13285,37.8615
13225,7.7182
13286,38.2130
13226,6.8376
13287,37.8471
13227,6.7445
13228,6.6473
13288,37.2504
13289,37.3217
13229,7.1362
13230,6.7915
13290,37.5112
13291,37.3895
13231,7.5562
13292,38.7221
13232,7.2310
13293,38.1103
13233,7.0567
13234,6.5675
13294,37.9713
13235,6.5938
13295,37.7539
13296,36.8110
13236,6.8799
13297,37.8739
13237,7.2132
13298,38.0761
13238,7.4724
13299,38.1332
13239,6.9295
13300,38.3238
13240,6.7569
13241,6.5894
13301,38.2670
13302,37.4632
13242,7.0886
13303,36.9666
13243,7.0615
13304,38.2236
13244,6.7557
13305,37.7762
13245,7.0853
13306,38.3129
13246,6.7878
13307,38.4675
13247,6.8846
13308,37.6732
13248,6.8896
13309,38.2041
13249,7.0245
13250,6.5819
13310,39.6577
13311,36.9156
13251,7.0959
13312,38.3497
13252,6.8055
13313,37.5746
13253,6.8464
13314,37.5280
13254,6.8891
13315,38.4194
13255,6.8419
13316,37.5164
13256,7.0889
13257,6.6795
13317,38.0592
13318,37.3453
13258,7.3020
13319,38.0234
13259,6.8119
13320,37.4785
13260,6.9280
13321,38.1441
13261,7.1247
13322,37.3480
13262,6.9997
13323,38.2109
13263,7.2907
13324,38.2927
13264,6.9789
13265,6.5635
13325,38.1755
13326,37.3309
13266,6.9697
13327,37.8324
13267,7.1126
13328,37.4908
13268,7.1930
13269,6.8552
13329,37.9542
13330,37.8753
13270,6.9422
13331,37.6283
13271,7.1510
13332,38.2107
13272,6.8304
13333,38.4499
13273,7.4780
13274,6.7084
13334,38.7076
13335,37.4292
13275,7.0910
13336,38.0086
13276,7.0873
13277,6.7095
13337,37.4817
13338,37.5617
13278,7.2121
13339,37.5637
13279,7.3807
13280,6.5859
13340,37.8207
13341,36.4586
13281,6.7793
13282,6.6358
13342,38.4757
13283,6.7485
13343,38.5988
13344,38.0968
13284,7.1845
13285,6.7868
13345,37.8502
13346,37.2797
13286,7.0438
13347,37.4795
13287,7.3320
13348,37.8347
13288,6.9058
13349,37.4024
13289,6.8779
13350,37.3589
13290,7.1374
13351,37.8557
13291,7.1694
13352,38.1601
13292,6.8720
13353,37.8760
13293,6.8384
13354,37.2744
13294,7.1346
13355,38.0700
13295,7.0725
13296,6.5735
13356,38.3217
13357,37.4467
13297,6.7942
13358,37.5628
13298,7.1062
13299,6.6724
13359,37.9435
13360,37.1603
13300,7.4126
13361,37.1539
13301,7.0457
13362,37.6913
13302,6.9755
13363,38.5852
13303,6.9308
13304,6.5242
13364,37.8939
13365,37.5218
13305,6.7417
13366,37.0105
13306,6.8559
13367,37.3446
13307,6.9693
13368,38.5135
13308,6.7247
13369,37.4690
13309,7.4898
13370,37.5317
13310,7.2075
13371,38.2118
13311,6.9142
13372,37.9315
13312,7.0140
13373,38.5050
13313,7.3229
13314,6.7076
13374,38.8342
13375,37.3862
13315,7.1606
13376,38.2159
13316,6.8489
13377,38.4185
13317,7.1199
13378,37.3364
13318,7.2562
13379,37.9908
13319,7.2849
13380,38.2441
13320,6.8680
13381,37.5830
13321,6.7760
13382,38.2766
13322,6.8850
13323,6.8430
13383,39.0022
13384,37.1039
13324,6.7862
13385,37.0655
13325,7.1148
13386,38.2923
13326,7.1790
13387,38.0070
13327,6.6610
13328,6.7769
13388,39.5177
13389,37.7094
13329,6.8464
13390,37.3398
13330,6.9470
13391,38.1878
13331,7.1344
13392,38.0705
13332,7.7082
13393,38.3319
13333,6.8901
13334,6.7295
13394,38.7908
13395,37.4127
13335,7.1748
13336,6.6798
13396,38.1349
13337,6.7091
13397,37.2744
13398,37.4218
13338,7.2597
13399,37.9838
13339,7.2937
13400,38.8215
13340,6.8721
13401,38.2186
13341,7.0601
13342,6.6814
13402,38.2030
13403,37.8159
13343,7.0689
13344,6.7188
13404,38.5084
13345,6.8585
13405,37.8255
13406,37.2532
13346,6.9568
13407,37.2588
13347,7.1857
13408,38.5041
13348,6.8440
13409,38.0344
13349,7.1105
13410,37.3966
13350,7.0825
13411,37.3611
13351,6.9159
13412,38.7508
13352,6.9132
13413,37.2723
13353,6.8743
13354,6.9289
13414,37.2137
13415,37.3397
13355,7.0949
13416,38.4014
13356,6.9161
13357,7.1891
13417,37.9844
13418,37.0873
13358,7.1886
13419,37.5801
13359,6.9614
13420,38.2216
13360,7.0878
13361,7.1093
13421,36.9900
13422,37.3855
13362,7.3065
13423,38.4051
13363,6.9711
13424,38.3754
13364,7.1113
13425,37.2241
13365,7.3087
13426,37.9723
13366,6.8558
13427,37.5954
13367,7.0556
13428,37.1289
13368,7.2775
13429,37.7046
13369,6.9259
13430,37.9504
13370,7.0153
13431,37.8454
13371,7.0704
13372,6.9758
13432,37.9416
13433,37.4595
13373,7.1680
13434,38.0262
13374,7.0767
13435,38.5736
13375,6.8320
13376,6.7125
13436,38.6657
13437,37.3259
13377,7.1365
13378,6.7223
13438,37.8309
13439,36.9780
13379,6.9573
13440,38.2528
13380,7.0910
13441,37.2061
13381,6.8122
13382,6.7709
13442,38.4433
13443,37.5099
13383,7.0626
13384,6.7598
13444,37.8514
13445,37.6869
13385,6.5813
13386,6.6165
13446,42.0816
13447,37.5088
13387,6.7300
13388,6.5086
13448,38.7129
13449,36.4947
13389,6.9386
13390,6.6658
13450,37.6238
13451,37.2866
13391,7.5883
13452,36.8250
13392,6.6413
13393,6.5577
13453,38.1025
13394,6.6369
13454,37.0805
13455,36.9244
13395,6.9051
13456,37.7199
13396,6.7110
13457,37.5730
13397,6.8650
13458,37.9124
13398,6.7531
13459,37.6107
13399,7.0610
13460,38.0017
13400,6.6254
13461,36.9334
13401,8.2036
13462,38.7015
13402,8.6954
13463,37.6940
13403,8.9894
13464,37.9016
13404,8.5454
13465,38.1935
13405,7.8793
13466,37.5714
13406,8.5780
13407,8.4304
13467,38.1580
13468,37.2368
13408,8.4364
13469,37.8101
13409,7.4735
13410,6.7011
13470,39.1069
13411,6.7893
13471,37.7182
13472,37.7349
13412,7.3096
13473,36.8108
13413,6.6579
13414,6.5234
13474,38.4215
13475,37.2508
13415,7.3003
13476,37.5732
13416,6.9643
13417,6.7415
13477,38.3488
13478,37.7047
13418,6.7221
13479,38.4151
13419,7.0327
13480,37.3444
13420,6.7166
13481,37.7306
13421,7.0384
13422,6.7004
13482,38.2085
13483,37.2489
13423,6.8370
13484,37.7907
13424,7.2608
13425,6.5743
13485,38.5424
13486,36.8044
13426,6.9752
13487,37.6439
13427,7.2208
13488,36.4645
13428,7.0463
13489,37.5054
13429,6.7108
13430,7.0792
13490,37.8228
13491,36.9228
13431,6.7483
13432,6.6482
13492,38.0463
13493,36.8743
13433,7.0069
13494,37.8764
13434,6.8846
13495,37.0948
13435,7.0820
13496,38.0132
13436,6.8584
13497,39.1623
13437,7.0323
13498,37.3300
13438,7.1127
13439,6.8021
13499,39.6972
13500,38.2024
13440,7.1925
13501,38.1732
13441,6.7836
13442,6.7092
13502,37.3862
13503,37.3989
13443,7.1360
13504,38.1139
13444,6.8213
13505,37.4087
13445,6.8257
13506,37.6593
13446,6.7534
13507,37.5826
13447,6.7831
13508,37.6021
13448,7.1272
13509,38.2265
13449,6.9780
13510,37.6678
13450,6.8466
13511,37.5515
13451,7.0800
13452,6.9094
13512,38.6855
13453,6.6932
13513,37.1475
13514,37.4106
13454,7.0808
13455,6.6561
13515,40.0478
13516,36.2876
13456,7.0422
13457,6.6645
13517,40.1818
13518,36.5993
13458,6.8629
13519,37.1746
13459,6.6498
13520,37.7821
13460,6.7715
13521,36.6364
13461,6.6913
13522,37.2334
13462,6.8909
13523,38.3282
13463,7.1608
13464,6.5627
13524,38.9062
13465,6.6317
13525,36.7595
13466,6.5930
13526,37.4697
13467,6.7869
13527,37.0266
13528,36.6759
13468,7.8078
13529,37.7699
13469,6.7376
13470,6.6780
13530,38.3470
13531,37.1809
13471,6.9731
13472,6.5798
13532,38.6897
13473,6.5835
13533,37.1162
13474,6.6788
13534,37.1096
13535,37.2526
13475,7.0525
13536,37.4179
13476,7.2632
13537,38.1437
13477,6.7952
13538,38.8230
13478,7.0257
13479,6.4760
13539,38.9451
13480,6.6065
13540,36.9344
13541,37.0996
13481,6.5764
13542,37.2777
13482,7.1091
13543,37.6413
13483,6.7207
13544,36.6471
13484,7.0350
13545,37.9184
13485,6.4313
13546,36.8275
13486,6.4853
13487,6.5006
13547,37.4881
13548,38.2593
13488,7.0084
13489,6.9947
13549,38.8503
13550,36.9826
13490,6.9646
13551,37.7928
13491,6.7229
13492,6.4641
13552,37.4831
13493,6.5522
13553,37.7793
13554,36.6001
13494,6.7425
13555,36.7990
13495,6.8095
13496,7.0147
13556,37.5620
13557,37.9885
13497,7.0239
13498,6.6566
13558,38.3029
13559,37.4569
13499,6.9107
13500,6.6206
13560,37.5736
13561,36.6303
13501,6.9990
13502,6.6954
13562,38.8949
13563,37.0935
13503,6.8806
13564,37.7661
13504,6.9541
13565,37.8915
13505,6.6635
13566,38.0522
13506,6.6368
13567,36.4807
13507,7.2838
13568,38.0766
13508,6.6585
13569,37.7992
13509,6.9468
13570,38.1942
13510,6.4994
13571,37.2985
13511,6.8145
13572,37.4227
13512,6.7043
13573,38.2482
13513,6.6657
13574,37.6875
13514,6.9629
13575,37.1645
13515,7.2512
13576,37.9367
13516,7.6952
13517,6.5687
13577,39.0162
13518,7.3463
13578,38.6892
13579,38.4049
13519,6.9433
13520,6.8128
13580,37.6210
13581,38.1778
13521,8.2690
13582,38.8593
13522,7.8948
13583,37.7515
13523,7.3790
13524,6.8288
13584,37.6248
13585,37.4671
13525,7.8822
13586,38.0180
13526,6.8921
13527,6.8375
13587,38.5348
13528,7.9130
13588,38.2920
13589,37.1967
13529,7.0092
13530,6.5814
13590,37.7609
13531,7.1279
13591,37.1238
13592,37.7489
13532,7.9194
13593,37.8030
13533,6.9544
13534,7.0109
13594,38.7504
13595,36.9568
13535,7.5761
13536,6.6330
13596,41.3715
13597,37.0060
13537,6.4560
13538,6.9369
13598,37.5932
13599,37.6495
13539,8.0029
13600,38.1533
13540,7.4998
13541,7.2880
13601,38.3809
13602,37.6058
13542,6.5462
13543,6.5250
13603,37.8103
13604,37.2876
13544,7.5935
13605,37.9743
13545,8.3193
13606,38.3511
13546,8.6531
13547,6.6082
13607,38.6412
13548,7.0559
13608,38.0364
13609,37.8107
13549,6.5151
13550,6.9784
13610,37.8890
13611,37.2790
13551,8.4240
13612,37.6225
13552,8.0257
13553,6.5183
13613,40.4758
13554,7.4083
13614,37.8705
13615,37.0815
13555,6.4650
13556,7.2491
13616,37.6942
13617,38.0760
13557,8.5767
13618,38.0768
13558,7.4204
13559,6.5640
13619,38.3008
13560,6.7706
13620,37.3339
13621,37.0142
13561,6.6183
13622,37.7718
13562,6.9989
13623,38.1029
13563,7.4309
13624,37.3469
13564,6.8302
13565,6.5264
13625,38.3961
13566,7.0544
13626,36.5210
13627,36.8216
13567,6.9137
13568,6.7132
13628,38.0088
13629,37.9033
13569,7.5448
13630,37.1523
13570,7.3470
13631,38.2483
13571,6.9721
13632,36.6689
13572,6.6234
13633,37.1348
13573,6.3588
13634,36.3764
13574,6.7511
13635,37.3872
13575,7.7999
13636,37.1510
13576,7.3264
13637,37.7750
13577,6.5247
13578,6.5330
13638,37.7205
13639,37.1659
13579,6.8534
13640,38.5397
13580,6.9848
13641,38.0299
13581,7.7644
13642,37.2566
13582,7.5815
13643,38.1641
13583,6.7542
13584,6.7562
13644,38.1744
13585,7.1127
13645,37.2235
13646,37.1284
13586,6.9458
13647,37.4845
13587,8.2322
13648,37.9503
13588,7.7521
13649,37.8264
13589,7.3169
13590,6.7042
13650,39.1227
13591,6.8480
13651,37.3469
13592,7.5389
13652,36.8074
13653,36.9338
13593,8.2039
13654,37.2465
13594,7.0342
13655,37.9480
13595,6.8747
13596,6.4922
13656,37.5563
13657,36.4910
13597,6.5468
13658,36.4866
13598,7.1686
13659,37.0916
13599,8.4285
13660,38.1742
13600,7.0609
13601,6.7743
13661,37.8634
13602,6.9233
13662,36.4862
13663,36.5997
13603,7.2394
13664,37.8511
13604,7.2420
13665,38.0407
13605,7.2699
13606,6.7553
13666,39.7326
13607,7.4570
13667,38.1338
13668,37.1944
13608,6.8023
13609,6.7385
13669,37.9875
13670,37.4707
13610,8.5488
13671,37.2686
13611,7.2255
13612,6.6302
13672,38.1361
13673,37.1301
13613,7.3844
13674,37.1374
13614,7.3242
13615,6.9588
13675,38.0359
13676,37.0239
13616,8.7296
13677,37.5464
13617,7.1083
13618,6.8338
13678,38.0324
13679,37.0673
13619,6.8988
13680,36.9931
13620,6.7810
13621,7.1540
13681,38.1253
13682,37.7412
13622,8.9823
13683,37.9027
13623,7.0504
13624,6.8919
13684,38.6902
13625,7.0725
13685,37.7117
13686,37.2444
13626,6.5431
13687,37.7249
13627,9.0173
13688,37.1009
13628,8.2368
13689,38.2500
13629,7.1369
13630,6.3138
13690,38.0672
13631,6.5024
13691,36.4706
13632,6.8576
13692,37.0931
13693,36.0976
13633,8.5146
13694,37.6556
13634,6.9378
13695,38.1871
13635,6.6214
13636,6.5180
13696,37.5745
13697,36.8184
13637,6.9488
13698,37.0029
13638,6.7358
13699,38.4100
13639,7.8733
13700,36.7997
13640,6.8416
13641,6.5371
13701,38.4625
13642,6.9868
13702,37.7664
13703,37.0057
13643,6.9850
13704,37.0314
13644,7.3354
13705,38.0772
13645,7.3412
13706,38.0161
13646,7.8558
13707,37.4280
13647,6.8166
13648,6.5009
13708,38.5232
13649,7.6615
13709,37.2116
13710,37.0145
13650,6.8650
13651,6.7151
13711,38.2388
13712,37.0294
13652,7.1209
13713,37.7542
13653,7.2472
13714,38.2064
13654,7.0915
13715,37.3655
13655,7.3612
13716,37.3543
13656,7.3803
13657,7.1571
13717,38.2483
13718,37.3864
13658,7.2627
13719,38.5726
13659,6.9305
13660,6.7767
13720,38.1443
13721,36.2627
13661,7.1749
13722,37.0476
13662,6.9439
13723,37.5561
13663,7.0484
13724,36.7467
13664,6.9179
13725,38.1419
13665,6.5916
13726,37.0471
13666,6.7117
13727,36.9462
13667,7.8961
13728,38.6184
13668,7.0680
13669,6.5284
13729,38.7404
13730,37.1893
13670,6.7942
13731,37.6958
13671,6.5917
13732,37.3225
13672,6.5733
13733,37.1396
13673,6.9671
13674,6.7065
13734,38.0945
13735,37.2983
13675,6.9306
13676,6.5816
13736,38.1967
13737,38.0253
13677,7.3158
13738,37.7137
13678,6.6225
13739,38.3265
13679,6.7209
13680,6.9277
13740,37.6905
13741,36.8371
13681,7.1499
13742,37.9942
13682,6.9724
13743,38.7116
13683,7.7451
13744,38.3736
13684,6.7292
13685,6.5114
13745,38.2862
13746,37.7328
13686,6.5696
13747,37.0703
13687,7.0230
13748,37.8345
13688,6.9581
13749,37.7187
13689,7.3888
13750,38.1547
13690,6.9407
13751,37.6285
13691,6.6405
13752,37.7468
13692,6.5675
13693,6.8041
13753,37.8816
13754,37.5870
13694,6.8918
13755,37.2503
13695,6.7193
13756,38.0567
13696,6.6386
13757,37.3697
13697,6.8626
13758,37.7957
13698,6.6491
13699,6.6127
13759,38.1945
13760,36.8594
13700,6.9986
13761,37.1746
13701,6.9360
13702,6.9280
13762,38.1222
13763,37.6348
13703,7.1955
13764,37.8246
13704,6.9953
13705,6.5959
13765,38.9384
13706,7.3791
13766,37.4188
13767,37.9890
13707,6.9555
13708,6.6764
13768,38.0080
13769,37.5944
13709,7.5702
13770,37.6577
13710,7.0490
13711,6.7369
13771,39.0575
13772,36.9928
13712,7.1684
13773,37.5273
13713,6.9267
13714,6.6913
13774,37.9193
13775,37.2486
13715,7.6976
13776,37.7488
13716,7.0701
13717,6.6228
13777,38.4866
13718,7.0182
13778,37.2441
13779,37.0541
13719,7.1184
13720,7.0483
13780,37.9601
13781,37.3802
13721,7.3338
13782,38.3265
13722,7.2539
13783,38.1016
13723,6.5792
13724,6.4175
13784,37.9875
13785,36.9696
13725,7.2842
13786,37.7231
13726,8.1518
13787,39.4304
13727,7.1172
13788,37.4733
13728,6.5804
13789,37.8443
13729,6.6785
13790,37.3865
13730,6.6520
13731,7.2654
13791,38.1441
13792,37.3941
13732,7.6438
13793,38.2128
13733,7.0495
13734,7.2128
13794,38.3905
13795,37.2580
13735,6.7244
13736,7.0636
13796,38.1578
13797,37.5530
13737,6.9137
13798,37.8219
13738,7.7172
13799,37.8406
13739,6.9455
13800,38.2090
13740,6.6097
13741,6.4883
13801,37.9661
13742,6.9737
13802,37.3283
13803,37.3219
13743,7.2728
13804,37.5196
13744,7.6121
13805,38.6149
13745,7.0691
13746,6.5846
13806,40.5480
13747,7.0942
13807,37.7914
13808,36.6801
13748,6.9099
13809,37.8594
13749,7.2603
13810,37.9202
13750,7.6795
13811,38.3912
13751,6.8622
13812,37.6720
13752,7.0928
13813,37.7895
13753,7.0333
13814,37.4402
13754,6.6716
13815,37.4888
13755,6.6867
13816,37.8855
13756,6.8329
13817,37.4687
13757,7.1051
13818,38.1686
13758,6.8321
13819,37.7377
13759,6.7343
13760,6.6930
13820,37.6129
13821,37.0949
13761,7.2162
13762,7.2321
13822,38.6974
13823,38.0399
13763,6.9113
13764,6.6349
13824,38.3641
13765,6.4230
13825,37.1900
13766,7.3452
13826,37.6500
13827,37.8129
13767,7.6442
13828,38.4076
13768,7.3016
13829,37.6846
13769,7.1959
13770,7.4824
13830,38.6024
13831,37.2599
13771,6.9986
13832,37.5169
13772,7.0083
13833,37.4177
13773,6.9148
13834,38.3615
13774,6.7613
13835,37.1879
13775,7.3230
13836,37.7954
13776,6.6035
13837,37.3459
13777,6.7526
13838,37.8579
13778,7.3432
13839,37.1826
13779,6.9824
13780,7.1654
13840,37.9300
13841,37.1017
13781,7.1350
13842,37.3040
13782,6.5423
13783,6.8891
13843,37.9100
13844,37.1388
13784,8.6711
13845,39.3323
13785,6.7574
13846,38.0558
13786,6.5392
13787,7.0898
13847,37.6467
13848,37.6204
13788,7.4765
13849,37.4349
13789,7.0669
13790,7.5136
13850,38.5578
13851,37.8938
13791,6.8546
13792,6.4957
13852,37.6926
13793,6.5871
13853,37.3546
13854,37.0856
13794,7.2761
13855,38.7291
13795,7.3561
13856,38.2891
13796,6.8840
13857,38.2938
13797,6.7472
13798,6.6987
13858,38.3564
13859,37.4949
13799,6.3895
13860,37.2746
13800,7.5258
13861,37.5156
13801,8.6820
13862,38.0726
13802,7.2906
13803,6.6587
13863,38.2874
13804,6.6355
13864,37.7601
13805,6.9143
13865,38.1287
13866,36.9972
13806,7.1919
13867,38.1339
13807,7.4567
13868,38.3660
13808,6.7964
13809,6.4305
13869,38.8072
13810,6.4712
13870,38.1302
13811,6.6279
13871,37.2675
13812,7.9268
13872,37.6399
13873,37.4529
13813,7.4961
13874,38.3765
13814,6.6492
13815,6.5794
13875,38.3526
13816,6.8601
13876,37.5149
13877,37.4631
13817,6.9063
13878,37.5398
13818,7.0076
13879,38.0420
13819,7.8458
13880,37.9316
13820,6.7137
13821,6.4399
13881,39.9250
13822,6.5018
13882,37.9613
13823,6.8390
13883,37.2658
13884,37.1530
13824,7.9184
13885,37.3358
13825,7.3609
13886,39.0692
13826,6.7060
13827,6.5261
13887,38.4938
13828,6.8230
13888,37.3978
13829,6.6299
13889,37.7914
13890,37.5704
13830,7.3008
13891,38.1476
13831,6.9366
13832,6.5691
13892,38.2993
13833,6.8652
13893,37.2593
13894,37.4245
13834,6.7273
13895,37.6455
13835,7.4695
13896,37.7906
13836,7.2694
13897,38.1189
13837,6.3693
13898,36.9511
13838,7.0688
13899,37.5088
13839,6.9449
13840,6.9857
13900,37.9098
13901,37.4133
13841,7.0274
13902,37.5619
13842,7.0183
13843,7.4763
13903,38.2879
13904,38.0438
13844,7.0428
13845,6.5261
13905,37.4117
13846,7.0006
13906,37.9274
13907,37.9199
13847,7.3724
13908,37.7526
13848,7.1322
13849,6.7456
13909,38.2302
13910,38.2188
13850,7.3614
13911,38.2653
13851,7.0180
13852,6.6106
13912,38.0234
13853,7.5630
13913,37.5407
13914,37.3534
13854,7.2370
13915,37.8871
13855,6.8907
13916,37.4959
13856,6.8977
13917,37.0432
13857,7.0468
13918,37.7755
13858,6.9804
13919,37.8130
13859,6.7312
13920,37.9771
13860,6.6747
13921,37.4936
13861,6.7373
13922,37.5878
13862,7.6329
13923,38.2667
13863,7.0559
13864,6.5255
13924,38.6799
13925,37.8258
13865,7.3011
13926,37.7045
13866,6.6084
13927,38.0857
13867,6.5833
13868,6.8559
13928,37.5424
13929,36.9464
13869,7.0566
13930,37.8058
13870,6.6828
13871,7.3484
13931,38.3286
13932,37.0783
13872,7.9745
13933,39.3894
13873,7.9437
13874,6.5623
13934,40.3766
13875,7.3845
13935,37.4870
13876,6.4756
13936,37.7149
13937,36.8483
13877,8.5032
13938,36.7790
13878,7.5804
13939,38.4794
13879,7.6327
13880,6.3404
13940,38.4130
13881,6.4762
13941,37.5745
13882,7.1639
13942,37.5431
13943,37.2927
13883,7.4045
13944,37.9452
13884,7.8239
13945,38.3396
13885,7.0042
13946,37.8277
13886,6.5251
13887,6.5319
13947,40.3539
13888,6.9482
13948,36.8725
13949,38.1096
13889,6.7950
13950,36.9643
13890,7.8389
13951,38.6427
13891,7.0809
13892,6.5149
13952,37.7627
13893,7.0393
13953,37.7664
13954,37.3566
13894,6.7203
13955,37.7277
13895,7.2771
13956,37.5232
13896,7.2436
13957,37.8874
13897,6.7814
13958,38.8263
13898,10.4363
13959,38.2107
13899,6.8403
13900,6.5800
13960,38.8200
13901,6.4998
13961,38.0202
13902,11.7039
13962,37.0680
13963,37.6013
13903,6.6890
13904,6.5278
13964,38.4936
13905,6.9938
13965,36.6128
13966,36.8552
13906,7.6070
13967,38.4178
13907,7.2599
13968,38.0069
13908,8.0351
13969,37.3379
13909,7.4570
13910,6.6738
13970,38.9274
13911,7.7607
13971,37.8798
13972,37.9527
13912,7.0024
13973,37.7586
13913,10.4755
13974,38.6759
13914,7.0807
13915,8.1881
13975,37.8837
13976,38.1073
13916,6.9836
13977,37.3400
13917,6.7388
13978,37.5940
13918,7.2987
13979,37.6653
13919,10.3581
13980,37.9708
13920,6.9041
13921,6.4730
13981,38.3924
13922,6.4187
13982,37.5833
13923,7.5925
13983,36.9523
13984,37.1922
13924,11.1163
13985,38.2130
13925,7.0111
13926,7.5036
13986,38.3185
13987,37.5677
13927,6.6022
13928,7.3516
13988,37.6377
13989,37.6165
13929,7.8773
13990,37.5872
13930,10.2393
13991,38.6329
13931,6.7378
13932,6.5798
13992,38.8778
13933,6.5990
13993,37.4973
13994,37.0921
13934,9.2267
13995,37.7358
13935,6.9914
13996,38.4835
13936,11.8502
13997,38.6418
13937,6.7577
13938,6.4222
13998,39.2952
13939,6.3937
13999,37.9773
13940,9.1785
14000,36.8828
14001,37.7243
13941,11.8749
14002,38.4942
13942,7.2161
13943,6.5821
14003,38.0666
13944,8.3503
14004,37.6178
14005,37.4885
13945,6.7183
14006,37.5930
13946,8.9542
14007,37.9450
13947,9.4955
14008,38.1589
13948,6.5233
13949,6.4755
14009,38.0646
13950,7.3230
14010,37.2998
14011,37.3485
13951,9.0502
14012,37.8244
13952,10.3967
14013,37.6829
13953,7.3504
13954,6.4680
14014,39.0697
13955,6.5986
14015,37.1068
13956,9.6878
14016,37.6903
14017,37.1611
13957,8.9102
14018,38.5170
13958,8.8040
14019,38.2301
13959,6.5343
13960,6.5230
14020,38.1653
13961,6.5543
14021,37.5724
14022,36.7760
13962,11.3977
14023,38.5214
13963,6.7943
13964,6.4579
14024,38.7965
13965,6.5667
14025,37.2071
13966,6.6005
14026,36.7762
13967,8.2546
14027,37.9702
14028,37.8358
13968,7.1709
14029,37.3743
13969,6.6991
14030,37.3136
13970,8.0090
14031,37.7674
13971,6.4929
13972,6.5635
14032,37.9560
14033,37.8317
13973,9.2189
14034,38.0602
13974,6.8894
13975,6.6184
14035,37.9231
14036,37.2814
13976,9.6224
14037,36.8398
13977,7.2139
13978,6.5177
14038,38.2665
14039,38.2919
13979,9.5575
14040,37.4830
13980,6.9623
14041,37.5310
13981,7.3730
14042,38.0015
13982,9.2314
14043,38.5153
13983,6.9109
14044,37.3284
13984,6.7081
14045,37.2064
13985,8.1518
14046,38.2325
13986,6.7373
14047,37.6309
13987,6.9020
14048,37.8649
13988,6.9046
14049,37.2324
13989,7.6017
14050,39.1736
13990,6.9684
13991,6.8316
14051,38.1027
14052,37.5539
13992,6.9567
14053,38.7144
13993,6.8915
14054,37.7859
13994,6.6591
13995,7.4740
14055,37.7973
14056,37.9540
13996,7.2746
14057,38.6657
13997,7.3153
14058,38.2626
13998,6.8922
13999,6.5649
14059,39.3300
14000,7.4365
14060,38.3135
14061,37.3472
14001,6.8837
14062,37.9979
14002,7.3833
14063,37.4283
14003,7.3889
14064,38.0998
14004,7.1073
14065,37.7474
14005,6.6160
14006,6.9797
14066,37.8097
14067,37.1998
14007,7.0241
14068,37.1210
14008,7.1441
14069,37.9697
14009,6.9054
14070,38.2030
14010,7.2751
14071,37.0182
14011,6.5214
14012,7.1472
14072,38.5852
14073,36.9614
14013,6.8193
14014,6.3457
14074,38.5339
14015,7.2228
14075,36.9234
14076,37.4766
14016,6.7943
14017,6.5175
14077,38.2392
14018,7.1024
14078,37.0895
14079,37.1249
14019,6.5069
14020,7.1646
14080,38.7391
14081,37.4603
14021,6.7513
14022,6.3415
14082,38.5122
14023,7.2935
14083,37.3267
14084,37.5475
14024,6.5970
14025,6.3828
14085,37.8030
14026,7.4326
14086,37.8565
14087,37.2487
14027,6.4955
14088,37.6436
14028,7.2414
14089,36.7368
14029,6.3905
14030,6.4625
14090,38.1577
14031,7.2805
14091,37.8862
14092,38.1130
14032,6.8241
14033,6.4025
14093,38.2186
14034,7.2928
14094,37.2286
14095,37.5519
14035,6.5217
14096,38.4585
14036,6.5791
14097,37.4282
14037,7.0445
14098,37.0033
14038,6.9740
14039,7.3376
14099,38.2169
14100,37.1228
14040,6.3749
14041,6.2973
14101,38.4328
14042,7.1749
14102,37.5600
14103,36.5005
14043,6.4593
14044,6.3079
14104,37.7046
14105,37.7368
14045,7.4264
14106,36.8455
14046,6.7997
14047,7.3037
14107,37.6564
14108,37.7353
14048,6.4751
14049,6.4086
14109,39.3210
14050,7.1364
14110,37.1743
14111,37.6658
14051,6.4284
14052,6.4397
14112,37.5706
14113,36.8976
14053,7.3745
14114,37.6017
14054,6.8632
14055,7.3961
14115,38.7162
14116,37.9426
14056,6.4523
14057,6.4032
14117,38.1221
14058,7.2179
14118,39.9121
14119,38.0444
14059,6.8412
14060,6.3586
14120,38.0355
14061,7.2910
14121,37.0923
14122,37.0138
14062,6.5041
14063,6.9785
14123,38.0935
14124,37.3182
14064,6.8125
14125,37.7212
14065,7.4023
14126,37.1514
14066,6.8683
14067,7.0501
14127,38.6980
14128,38.2893
14068,6.5183
14129,37.8388
14069,7.1218
14130,37.2106
14070,6.8533
14131,37.7269
14071,7.3009
14132,36.8795
14072,6.6028
14073,7.2509
14133,38.4767
14134,37.3572
14074,6.7607
14075,6.4242
14135,38.1458
14076,6.4887
14136,37.6237
14137,36.9059
14077,7.3378
14138,37.5672
14078,7.2421
14139,39.0729
14079,6.9041
14140,37.5212
14080,6.8113
14141,37.8767
14081,7.0790
14142,37.2110
14082,6.8296
14143,37.5966
14083,6.4184
14084,6.5164
14144,37.6065
14145,37.1488
14085,7.3453
14146,37.6480
14086,6.5671
14087,6.5782
14147,38.5009
14148,36.9528
14088,7.4414
14149,38.1583
14089,6.5455
14090,6.4456
14150,38.4187
14091,6.4224
14151,37.1549
14152,36.7160
14092,6.8152
14153,37.2651
14093,7.3765
14154,37.8901
14094,6.7903
14155,37.5039
14095,7.5438
14156,38.0718
14096,7.0818
14157,37.8917
14097,6.4812
14098,6.3800
14158,38.1068
14159,37.2125
14099,7.0014
14160,38.6666
14100,6.4992
14161,37.5000
14101,7.3652
14162,38.3629
14102,6.9285
14103,7.2945
14163,37.9947
14164,37.5348
14104,6.8055
14105,6.5007
14165,37.6211
14106,6.5048
14166,37.5556
14167,36.9971
14107,7.5163
14168,38.2331
14108,7.6651
14169,38.0611
14109,6.8699
14170,37.4089
14110,6.6323
14171,36.6928
14111,6.9919
14172,37.2248
14112,6.4382
14113,6.5272
14173,37.7792
14174,37.2925
14114,7.4583
14175,38.0666
14115,7.1990
14176,38.4110
14116,6.6307
14117,6.4747
14177,37.5958
14118,7.3845
14178,37.7287
14179,37.4829
14119,7.5863
14180,37.9576
14120,6.8419
14121,6.4481
14181,38.8394
14122,7.2335
14182,37.8190
14183,38.1959
14123,7.0258
14184,38.0664
14124,6.8780
14185,37.0110
14125,6.6308
14186,37.5574
14126,7.3110
14187,37.5064
14127,6.8595
14188,37.5677
14128,6.3573
14129,6.9142
14189,37.4118
14190,37.4137
14130,7.3308
14191,38.2364
14131,6.5708
14132,7.2565
14192,37.9072
14193,37.0536
14133,6.7436
14134,7.2139
14194,38.4613
14195,36.9168
14135,6.7609
14136,6.4687
14196,38.0484
14137,7.2804
14197,37.8734
14198,37.3399
14138,6.5106
14139,6.7149
14199,38.0961
14200,37.3789
14140,7.1650
14201,38.6342
14141,6.8024
14142,6.5144
14202,38.0917
14143,6.3769
14203,37.6648
14204,37.2644
14144,6.6053
14205,37.2158
14145,7.4488
14206,37.9140
14146,6.9674
14147,7.3681
14207,38.4893
14208,37.9755
14148,7.1334
14209,38.0618
14149,6.3000
14150,6.6385
14210,37.0372
14211,36.9843
14151,6.5489
14212,37.2396
14152,7.2814
14213,38.4107
14153,7.3084
14214,38.1839
14154,6.7800
14155,7.1284
14215,38.8853
14216,37.5406
14156,6.7865
14157,6.1991
14217,38.1913
14158,6.4757
14218,36.3459
14219,37.7278
14159,7.0746
14220,36.8024
14160,7.2980
14221,38.5704
14161,7.2027
14222,37.4309
14162,6.9739
14223,38.1800
14163,6.4086
14224,37.2609
14164,6.5931
14165,6.5332
14225,37.4758
14226,37.3490
14166,6.7180
14227,37.0141
14167,7.4861
14228,38.1866
14168,7.2277
14229,38.4079
14169,6.8865
14230,37.8687
14170,7.2834
14231,37.9775
14171,6.9450
14172,6.4127
14232,38.0917
14173,6.5185
14233,38.0726
14174,7.3468
14234,37.2642
14235,36.9410
14175,7.3451
14236,38.0436
14176,6.8830
14237,38.0968
14177,6.5925
14238,38.3166
14178,7.4110
14239,37.8298
14179,6.3856
14180,6.4862
14240,37.9212
14181,6.8482
14241,37.8709
14242,37.2461
14182,7.0066
14243,37.6096
14183,6.8062
14244,38.6051
14184,7.1891
14245,36.9610
14185,6.8141
14246,37.4725
14186,7.4979
14247,38.3244
14187,6.8363
14188,6.3569
14248,38.3626
14249,36.3055
14189,6.5634
14250,37.0331
14190,7.2229
14251,38.6988
14191,6.5446
14192,6.8324
14252,37.3055
14253,37.4783
14193,7.6925
14254,37.6345
14194,7.6803
14255,39.1427
14195,6.8503
14196,6.3255
14256,37.8396
14197,6.4507
14257,37.1530
14258,37.8701
14198,6.6611
14259,37.8722
14199,6.9324
14260,37.6895
14200,7.6629
14261,38.6651
14201,7.1081
14202,6.3557
14262,38.8787
14203,6.4794
14263,37.2135
14264,37.8145
14204,6.8110
14265,37.0671
14205,7.3189
14266,38.0263
14206,6.8203
14267,38.1654
14207,7.3384
14268,36.9577
14208,6.5740
14209,6.8774
14269,38.2647
14270,37.0977
14210,7.0665
14271,37.8212
14211,6.5357
14212,6.6226
14272,37.2379
14273,36.6555
14213,7.3363
14274,37.7061
14214,6.9606
14275,38.6694
14215,9.1053
14276,37.6774
14216,8.9727
14277,38.4240
14217,8.8928
14278,37.1466
14218,8.7176
14279,38.0314
14219,9.2672
14280,37.4684
14220,9.7638
14281,38.2807
14221,8.9652
14222,8.9427
14282,38.1033
14283,37.3928
14223,8.6143
14224,8.5764
14284,37.9359
14285,37.0909
14225,8.9006
14286,37.5331
14226,9.6487
14287,37.8186
14227,8.8237
14228,8.7073
14288,38.2861
14289,37.0639
14229,8.8009
14290,37.1255
14230,9.1071
14291,37.7270
14231,8.8455
14292,37.6710
14232,9.7043
14293,38.7927
14233,9.1093
14234,8.7842
14294,38.6370
14295,37.7300
14235,9.0640
14296,37.3432
14236,8.7781
14297,38.0217
14237,9.2069
14298,37.9715
14238,9.2022
14299,39.7250
14239,8.6320
14240,8.5683
14300,37.6596
14241,8.9342
14301,37.0717
14302,37.9331
14242,8.9823
14303,37.9706
14243,9.2703
14304,37.9156
14244,9.0935
14245,8.9277
14305,39.1518
14306,37.7647
14246,8.8727
14307,37.8292
14247,8.9234
14308,37.3398
14248,9.1937
14309,38.0335
14249,9.0593
14310,38.0684
14250,8.6643
14311,37.3753
14251,9.1830
14312,37.1092
14252,8.9315
14253,9.0095
14313,39.3263
14314,37.7363
14254,8.8080
14315,37.3828
14255,9.1542
14316,38.0358
14256,9.0392
14257,8.7508
14317,38.1608
14318,37.1791
14258,8.7752
14319,37.5725
14259,8.8889
14320,37.3189
14260,8.9121
14321,38.4676
14261,9.0212
14322,38.1508
14262,8.6866
14323,37.6325
14263,8.7241
14264,8.8825
14324,38.1449
14325,36.8772
14265,9.2811
14326,38.4854
14266,8.7837
14327,37.9867
14267,9.2337
14328,36.8128
14268,9.0931
14269,8.8381
14329,38.2069
14330,36.6464
14270,8.9435
14331,37.8355
14271,8.9471
14332,37.6178
14272,8.8209
14273,9.0362
14333,38.8275
14334,36.8125
14274,8.7590
14275,8.6370
14335,38.5677
14336,37.7809
14276,9.0696
14337,38.2157
14277,9.2308
14338,37.7703
14278,9.0152
14279,8.8057
14339,38.0647
14340,36.7339
14280,8.7389
14341,37.5906
14281,8.8312
14342,37.9909
14282,9.0640
14343,37.5578
14283,9.2254
14344,37.8220
14284,8.6927
14285,8.9699
14345,37.9448
14346,37.0311
14286,9.0518
14347,38.1175
14287,8.6799
14348,36.7649
14288,9.0665
14349,37.8793
14289,8.5604
14290,8.8726
14350,38.4345
14351,37.1472
14291,9.4500
14352,38.3918
14292,8.5345
14353,37.8188
14293,9.0478
14354,37.4380
14294,8.7432
14355,38.1282
14295,8.7811
14356,38.2419
14296,8.9218
14357,37.4177
14297,9.0122
14358,37.4776
14298,8.9795
14359,38.5134
14299,9.0135
14360,37.6077
14300,8.8168
14301,8.6664
14361,38.8471
14362,36.7561
14302,9.2643
14363,37.7905
14303,9.0437
14364,38.5538
14304,8.7694
14365,37.3788
14305,9.3844
14366,37.4443
14306,8.9984
14307,8.6336
14367,37.8695
14308,9.1787
14368,36.9711
14369,37.0690
14309,8.9973
14310,8.6298
14370,37.7942
14371,36.5170
14311,9.7802
14372,38.3646
14312,9.0553
14313,8.5332
14373,38.5116
14374,37.4999
14314,8.8817
14375,37.4108
14315,8.7402
14376,38.2777
14316,9.1006
14377,37.4490
14317,9.4800
14378,38.5765
14318,9.1134
14319,8.5690
14379,39.4707
14320,8.3760
14380,36.4782
14381,36.4896
14321,8.5882
14382,37.3044
14322,9.3185
14383,37.8861
14323,9.8577
14384,38.4231
14324,9.0943
14325,8.5400
14385,38.3512
14386,36.7391
14326,8.5018
14327,9.0176
14387,37.9155
14388,37.6722
14328,8.7035
14389,38.5374
14329,9.5397
14390,38.4455
14330,9.0772
14331,8.7394
14391,37.9923
14392,36.7967
14332,8.5186
14333,8.4413
14393,37.6886
14334,9.0668
14394,37.2541
14395,38.2376
14335,9.5598
14396,38.3552
14336,8.9452
14337,8.5461
14397,38.3771
14338,8.5887
14398,36.7416
14399,37.1612
14339,8.7175
14400,37.5326
14340,8.7097
14401,38.1888
14341,9.5744
14402,38.6345
14342,9.0361
14403,38.2542
14343,8.7242
14344,8.8631
14404,37.4395
14405,37.3287
14345,8.8372
14406,37.6136
14346,9.1600
14407,37.4846
14347,9.3933
14408,38.3440
14348,9.1887
14349,8.4304
14409,38.5601
14350,8.5016
14410,36.6280
14351,8.5328
14411,36.8987
14412,36.8663
14352,9.1129
14413,37.8947
14353,8.9802
14414,38.8601
14354,7.9306
14415,37.0027
14355,8.3278
14356,8.1233
14416,37.6870
14417,37.1333
14357,8.4204
14418,37.7227
14358,8.6497
14419,38.4223
14359,8.3446
14360,8.1455
14420,37.9403
14421,36.9931
14361,8.4518
14422,37.1134
14362,8.2056
14423,37.6365
14363,8.5101
14424,37.2190
14364,8.5806
14425,38.2589
14365,8.0837
14426,37.8164
14366,8.4825
14427,37.5977
14367,7.9202
14368,8.1023
14428,37.4906
14429,37.0988
14369,9.1920
14430,38.5956
14370,8.5203
14371,8.1323
14431,38.8102
14432,37.2386
14372,8.0108
14373,8.3696
14433,38.0042
14434,38.8628
14374,8.4217
14435,37.6659
14375,8.9546
14436,37.2847
14376,8.2518
14377,8.3760
14437,38.1560
14438,36.8915
14378,8.3632
14439,38.0131
14379,8.0741
14380,8.3424
14440,38.3122
14441,36.9859
14381,8.5175
14442,37.9330
14382,8.8778
14443,38.6052
14383,8.4713
14444,38.1700
14384,7.9364
14445,37.4241
14385,8.1790
14446,37.1112
14386,8.2124
14447,38.1127
14387,8.1389
14448,37.3144
14388,8.9513
14449,37.9741
14389,8.1721
14390,7.9520
14450,39.4869
14391,7.9130
14451,43.2932
14392,8.8305
14452,36.9283
14453,37.8790
14393,8.4330
14394,7.9692
14454,38.2946
14395,8.7945
14455,37.6691
14456,37.3228
14396,8.1073
14397,8.1472
14457,38.9501
14458,37.3057
14398,8.6304
14459,38.5975
14399,8.0843
14400,8.0837
14460,37.6005
14401,8.6527
14461,38.4207
14462,37.0130
14402,8.5272
14403,8.1818
14463,38.4848
14464,37.3068
14404,8.8542
14465,37.7146
14405,8.5878
14406,8.3851
14466,38.0619
14467,36.7782
14407,8.5192
14408,7.9747
14468,40.3702
14469,36.6422
14409,9.0360
14470,37.5438
14410,8.5929
14411,8.3735
14471,38.1170
14472,37.7371
14412,8.3537
14473,38.1513
14413,8.5318
14474,37.6688
14414,8.2810
14475,37.8291
14415,8.2886
14476,38.0151
14416,8.7933
14477,37.5498
14417,8.4257
14418,8.2745
14478,38.1011
14479,36.9251
14419,8.1054
14480,37.2108
14420,8.9842
14481,38.3092
14421,8.1596
14422,8.2211
14482,37.6334
14483,37.4216
14423,9.0611
14484,38.4036
14424,8.4597
14425,7.9475
14485,38.0315
14426,8.0266
14486,36.5037
14487,37.1607
14427,8.8254
14488,37.5058
14428,8.5405
14429,8.6739
14489,38.5703
14490,36.9287
14430,8.6352
14431,8.2134
14491,38.1423
14492,37.5666
14432,8.1180
14493,37.6991
14433,8.4949
14494,37.7465
14434,8.3542
14495,37.6251
14435,8.5691
14496,38.0963
14436,8.5922
14437,8.2371
14497,40.1240
14438,9.0356
14498,38.4319
14499,37.7177
14439,8.9778
14440,8.0996
14500,38.7271
14501,37.3925
14441,9.7099
14502,37.1344
14442,8.4127
14503,38.3975
14443,7.9621
14504,38.1246
14444,7.8643
14445,7.7260
14505,39.1333
14506,37.2304
14446,7.9752
14447,7.5477
14507,38.4132
14508,37.1256
14448,7.7204
14509,38.0951
14449,7.8917
14510,37.7424
14450,7.8882
14511,38.3860
14451,9.1784
14452,7.6248
14512,38.4675
14453,7.7188
14513,37.6081
14454,7.6521
14514,37.6518
14455,7.8221
14515,38.7699
14516,38.7858
14456,8.2950
14517,38.7681
14457,8.4538
14458,7.6278
14518,38.3869
14519,37.4294
14459,7.7276
14520,37.6949
14460,7.6106
14521,37.7583
14461,7.5461
14522,37.6037
14462,7.5790
14523,37.4294
14463,9.1353
14464,7.5058
14524,38.7692
14525,38.2918
14465,7.5910
14466,7.5462
14526,38.0931
14527,37.4355
14467,7.7354
14528,37.6599
14468,7.9155
14529,38.3270
14469,9.0393
14470,7.5658
14530,38.2218
14531,38.0361
14471,7.9868
14472,7.6236
14532,41.0384
14533,37.3738
14473,7.7248
14534,37.8174
14474,7.7837
14475,7.7009
14535,38.6780
14536,37.6256
14476,7.9814
14537,38.2374
14477,7.7640
14478,7.5748
14538,38.6133
14539,37.3175
14479,8.5186
14540,38.3087
14480,7.5394
14541,37.7898
14481,8.0195
14482,7.5042
14542,38.5232
14543,37.5956
14483,7.6504
14544,37.5520
14484,7.9784
14545,38.9017
14485,7.8355
14486,7.5181
14546,39.0067
14547,36.8535
14487,7.5850
14548,37.3092
14488,7.6026
14549,37.4364
14489,7.9905
14550,37.8363
14490,7.8184
14551,38.8477
14491,7.7227
14552,37.6260
14492,7.8813
14493,7.4780
14553,38.8823
14554,37.2014
14494,7.8219
14555,38.4312
14495,10.1480
14496,7.5215
14556,38.7039
14497,7.4828
14557,37.4733
14558,37.5311
14498,7.7403
14559,37.6346
14499,8.6206
14560,37.8844
14500,7.9878
14501,7.7453
14561,38.4280
14562,37.3216
14502,7.6749
14563,37.6755
14503,7.8021
14564,38.4531
14504,8.0249
14565,37.7253
14505,7.9504
14566,37.8225
14506,7.9013
14507,7.7348
14567,38.6311
14568,37.3934
14508,7.9984
14509,7.7052
14569,39.2389
14570,37.6771
14510,7.8993
14571,38.2170
14511,8.9284
14512,7.7302
14572,38.9356
14573,38.4528
14513,9.5982
14514,7.6430
14574,38.3061
14515,7.7370
14575,37.3430
14576,37.7329
14516,7.7772
14577,38.3580
14517,7.8276
14578,38.1269
14518,8.9269
14579,37.9245
14519,7.7925
14580,37.9956
14520,7.8962
14581,37.7256
14521,7.9185
14582,38.5095
14522,7.8270
14583,38.0398
14523,7.9515
14584,38.6316
14524,7.8290
14585,37.6082
14525,7.6816
14526,7.7039
14586,38.0712
14587,37.7810
14527,8.3241
14588,37.8701
14528,7.7888
14589,37.7792
14529,8.5117
14530,7.6454
14590,39.2531
14591,37.4667
14531,7.6217
14592,38.1924
14532,7.7756
14593,37.6036
14533,7.9105
14594,38.6188
14534,8.7769
14595,37.9102
14535,8.0144
14536,7.6418
14596,38.3644
14597,36.7529
14537,7.8578
14598,37.6945
14538,7.7830
14599,37.4694
14539,9.8247
14600,38.3615
14540,7.8507
14601,37.5267
14541,7.8944
14602,37.6424
14542,7.8786
14543,7.7474
14603,37.3106
14604,36.8489
14544,9.4880
14545,7.7177
14605,39.0754
14606,37.2486
14546,8.9147
14547,7.6302
14607,38.1447
14548,7.7677
14608,37.5260
14609,36.9776
14549,7.9732
14610,37.5528
14550,7.8325
14611,37.3194
14551,9.0193
14552,7.7466
14612,38.5398
14613,37.6289
14553,7.7686
14614,37.2474
14554,7.7002
14615,37.2873
14555,7.9342
14616,38.4840
14556,8.8817
14617,38.0803
14557,7.9374
14558,7.8191
14618,40.5616
14559,7.8734
14619,36.9307
14620,38.0030
14560,7.8620
14621,37.8203
14561,9.5265
14622,38.1809
14562,7.7450
14623,37.2678
14563,7.7730
14624,37.1681
14564,7.7655
14625,37.2979
14565,7.8038
14626,37.0359
14566,9.3290
14567,7.7731
14627,38.3164
14628,37.2500
14568,8.0776
14629,37.2992
14569,7.7617
14630,37.3080
14570,8.1238
14631,37.1775
14571,9.2054
14632,37.6499
14572,7.7342
14633,37.4376
14573,7.8305
14634,36.5447
14574,8.4022
14635,38.9657
14575,7.9546
14636,37.9089
14576,8.3154
14637,38.4348
14577,7.8885
14638,38.0899
14578,7.9929
14639,37.0914
14579,7.9018
14640,37.2222
14580,8.0406
14641,38.2415
14581,8.6529
14642,38.9806
14582,7.9958
14643,37.4145
14583,7.8996
14584,7.7169
14644,37.7166
14645,36.4653
14585,8.2625
14646,38.3144
14586,9.0099
14647,37.8759
14587,8.0179
14648,38.0964
14588,7.8502
14649,37.3456
14589,7.7521
14650,39.4090
14590,8.3916
14651,37.5999
14591,8.1446
14652,38.8292
14592,8.5553
14593,7.8034
14653,38.4975
14654,37.6081
14594,7.8569
14595,7.8370
14655,37.8881
14656,37.2668
14596,7.9886
14657,37.5645
14597,8.2425
14658,38.4780
14598,8.1618
14599,7.7874
14659,38.2934
14660,37.1672
14600,7.9352
14601,8.0583
14661,37.7791
14662,38.2617
14602,8.2136
14663,38.4658
14603,7.8465
14664,37.8126
14604,7.9807
14665,37.9036
14605,7.9152
14666,37.0442
14606,8.0604
14667,37.2616
14607,8.2933
14608,7.8221
14668,41.4670
14609,7.8178
14669,37.2759
14670,37.1351
14610,7.6878
14671,37.6761
14611,8.1818
14672,38.0940
14612,8.1673
14673,37.7790
14613,8.1499
14674,38.6574
14614,9.2349
14675,37.1725
14615,8.4970
14676,38.0916
14616,8.4616
14677,37.2248
14617,8.6307
14678,37.9744
14618,9.4736
14679,39.5304
14619,8.5057
14680,37.5365
14620,8.8044
14681,37.9820
14621,8.7761
14682,37.2464
14622,9.0266
14623,8.5935
14683,40.1685
14624,8.9445
14684,38.0932
14685,37.3707
14625,8.8717
14626,8.4402
14686,38.1796
14687,37.2529
14627,9.0144
14688,38.1791
14628,9.1066
14689,38.5840
14629,8.6629
14630,8.8620
14690,38.5106
14691,38.1280
14631,8.7210
14692,38.1731
14632,8.8652
14693,37.9868
14633,9.4430
14694,38.0732
14634,9.0161
14635,8.4200
14695,38.7901
14696,37.1172
14636,8.6801
14697,37.5971
14637,8.9579
14698,37.6526
14638,9.3607
14699,38.5198
14639,8.8018
14700,38.0525
14640,8.5941
14701,37.8330
14641,8.6815
14702,37.3439
14642,8.6445
14703,37.4721
14643,8.8982
14704,38.2248
14644,8.9557
14705,38.5830
14645,9.2532
14646,8.5124
14706,39.1961
14707,37.5106
14647,8.9840
14708,37.7911
14648,8.8705
14709,38.4410
14649,9.1572
14710,38.7456
14650,9.1838
14711,38.3832
14651,8.5421
14712,37.7164
14652,8.5531
14713,38.0368
14653,8.6354
14714,38.3751
14654,9.0446
14715,37.7496
14655,9.1029
14716,37.9604
14656,8.8406
14717,37.7006
14657,8.9233
14658,8.5188
14718,38.1658
14719,38.0124
14659,8.9928
14720,38.1320
14660,9.6714
14721,38.8442
14661,9.0013
14662,8.5670
14722,37.9060
14723,38.0567
14663,8.5003
14724,37.5795
14664,8.6274
14725,37.5894
14665,8.5859
14726,37.7190
14666,8.6245
14727,38.4613
14667,8.6140
14668,8.5495
14728,38.1648
14729,37.4250
14669,8.6276
14730,37.8653
14670,8.9094
14731,38.7891
14671,8.9919
14732,37.5625
14672,9.1251
14733,38.5645
14673,8.5885
14734,38.0130
14674,8.9766
14735,38.6377
14675,8.6359
14736,37.8537
14676,8.7007
14737,37.5479
14677,9.2128
14738,37.9404
14678,9.1426
14679,8.4896
14739,38.4724
14740,37.5838
14680,8.9611
14741,37.7811
14681,8.6426
14682,9.1432
14742,38.3979
14743,37.7236
14683,9.0650
14684,9.0220
14744,39.0995
14745,37.5816
14685,8.5470
14686,8.6162
14746,37.9034
14747,37.1787
14687,8.9619
14748,37.3896
14688,9.6916
14749,38.6071
14689,9.0790
14690,8.5674
14750,38.8012
14751,37.2919
14691,8.4994
14752,37.3170
14692,8.6870
14753,37.6148
14693,8.8907
14754,37.9207
14694,9.0609
14695,8.6510
14755,39.4248
14756,37.3367
14696,8.5684
14757,37.8300
14697,8.6284
14758,38.4124
14698,9.0999
14759,37.6075
14699,9.4235
14760,38.9402
14700,8.7293
14761,37.7013
14701,8.7915
14702,8.5594
14762,38.1806
14763,36.8422
14703,9.2281
14764,38.6559
14704,9.1011
14765,38.3376
14705,8.6862
14766,37.4451
14706,8.5811
14767,37.5209
14707,8.7967
14768,37.8937
14708,8.9849
14769,37.8459
14709,9.1336
14770,38.6287
14710,8.5579
14771,37.1390
14711,9.2427
14772,38.3356
14712,9.1079
14713,8.5840
14773,38.5906
14774,37.8912
14714,9.0866
14775,38.0171
14715,8.6855
14776,38.1039
14716,9.2255
14777,37.8822
14717,8.9055
14778,38.1788
14718,8.5574
14779,38.2587
14719,8.6078
14780,37.3259
14720,8.7557
14781,37.9140
14721,9.0311
14782,37.7352
14722,9.6077
14783,38.9014
14723,9.1778
14784,37.9563
14724,8.8647
14785,37.7793
14725,8.6820
14786,37.9418
14726,8.7033
14787,37.5357
14727,9.1380
14788,38.4066
14728,9.2006
14729,8.7563
14789,38.7239
14790,37.5436
14730,9.0165
14731,8.7130
14791,38.8460
14792,37.5724
14732,8.5087
14793,36.9336
14733,9.0538
14794,38.0184
14734,9.2314
14795,39.2171
14735,8.6811
14796,37.8341
14736,8.9684
14797,38.0270
14737,8.9416
14798,38.2809
14738,8.6227
14799,38.0789
14739,8.6964
14800,38.1878
14740,8.5585
14801,38.3175
14741,8.5402
14742,8.4537
14802,37.9966
14803,37.2646
14743,8.6353
14804,37.3718
14744,8.9993
14805,38.8779
14745,9.1220
14746,8.4733
14806,38.3977
14807,37.4232
14747,8.6395
14808,37.9882
14748,8.8645
14809,38.1339
14749,8.7189
14810,38.9725
14750,9.4554
14811,38.2687
14751,9.2506
14752,8.4602
14812,38.0635
14813,37.2636
14753,8.4453
14814,37.3219
14754,8.6892
14815,38.4544
14755,8.6232
14816,38.3011
14756,9.1829
14817,37.6553
14757,9.1485
14818,39.0430
14758,8.6500
14819,37.7247
14759,8.5926
14820,37.3155
14760,8.6860
14821,37.6553
14761,8.6196
14822,37.8722
14762,9.3646
14823,37.8282
14763,8.7358
14764,8.5898
14824,38.7516
14765,8.5237
14825,37.6114
14766,9.0512
14826,37.9903
14827,37.9583
14767,8.6196
14828,38.9683
14768,9.2809
14829,38.0675
14769,9.3765
14770,8.5520
14830,41.4959
14771,8.4801
14831,37.1887
14772,8.9224
14832,36.8709
14833,37.2251
14773,9.2814
14834,38.0248
14774,9.1714
14835,38.0880
14775,8.8650
14836,38.1011
14776,8.9956
14837,37.4886
14777,9.0230
14838,38.5876
14778,8.7869
14839,37.8981
14779,9.0165
14840,37.8787
14780,8.7623
14841,38.2061
14781,8.7378
14842,37.9129
14782,8.8897
14843,38.7737
14783,8.6509
14784,8.8450
14844,37.8867
14845,38.1767
14785,9.0078
14846,38.4828
14786,8.6844
14847,38.6951
14787,8.6737
14848,37.3550
14788,8.8674
14849,38.2634
14789,8.6835
14850,38.6640
14790,8.7931
14851,38.5116
14791,8.9487
14852,37.9522
14792,8.7123
14853,38.0237
14793,8.8046
14854,37.5018
14794,8.9363
14795,9.0326
14855,38.4586
14856,37.4748
14796,9.1185
14857,39.4305
14797,8.7253
14858,38.0717
14798,9.0921
14859,38.0183
14799,8.7297
14860,38.5111
14800,8.4524
14861,37.7751
14801,8.5425
14862,37.3866
14802,8.4742
14863,37.6637
14803,8.6769
14864,38.3313
14804,8.9600
14865,38.2254
14805,8.4980
14866,38.0931
14806,8.6464
14867,37.4241
14807,8.6256
14868,38.2478
14808,8.9289
14869,37.6682
14809,8.7565
14870,38.2239
14810,9.1403
14871,38.1928
14811,9.6085
14812,8.5052
14872,39.3026
14813,8.3892
14873,37.3880
14874,37.6309
14814,8.6036
14875,37.4674
14815,9.0256
14876,38.7333
14816,9.4905
14877,38.6512
14817,8.7600
14878,38.4665
14818,8.6199
14879,38.4994
14819,8.4403
14880,37.6785
14820,8.6873
14881,38.2247
14821,8.6407
14882,38.0020
14822,8.6198
14883,38.1210
14823,9.0083
14884,37.9506
14824,9.2667
14885,38.3041
14825,9.3041
14826,8.4271
14886,38.3730
14827,8.5984
14887,37.1894
14888,37.4704
14828,8.3823
14889,37.8709
14829,9.3112
14890,39.0467
14830,9.2389
14891,38.5231
14831,9.0537
14832,8.4583
14892,39.3993
14833,8.3967
14893,37.9107
14834,8.8077
14894,37.8787
14895,37.8625
14835,8.8594
14896,38.0126
14836,9.5086
14897,38.3981
14837,8.7400
14838,8.5368
14898,38.9137
14899,37.7338
14839,8.8481
14900,37.3708
14840,8.5584
14901,38.4606
14841,8.8319
14902,37.8197
14842,8.7066
14903,38.3881
14843,9.0210
14904,38.1380
14844,9.5220
14905,38.5342
14845,8.7060
14846,9.1560
14906,38.2117
14907,38.4456
14847,9.3882
14848,8.6345
14908,37.9183
14909,37.5030
14849,8.9815
14850,9.1931
14910,38.3331
14911,38.4738
14851,9.2095
14852,8.5357
14912,38.4084
14853,9.2981
14913,38.1466
14914,38.2236
14854,9.3832
14855,8.5729
14915,39.7782
14856,9.0178
14916,37.6763
14917,37.3009
14857,9.2311
14858,8.5533
14918,38.8469
14919,37.6538
14859,9.0666
14920,38.5682
14860,8.5891
14921,38.4000
14861,8.8519
14922,37.8296
14862,9.0528
14923,38.7296
14863,9.0463
14864,8.6510
14924,38.4632
14925,38.7440
14865,8.7609
14926,38.2610
14866,9.1421
14927,37.9010
14867,9.4442
14928,38.2705
14868,9.2899
14929,38.3137
14869,8.5565
14930,37.9312
14870,8.8953
14931,38.0468
14871,8.6896
14872,9.0774
14932,38.8722
14933,38.0016
14873,9.4789
14874,8.8844
14934,38.4726
14935,37.9497
14875,8.6293
14876,8.6264
14936,38.4220
14937,37.7598
14877,9.2807
14938,38.4549
14878,9.0714
14939,39.0478
14879,8.8035
14940,40.8293
14880,8.5733
14881,8.3061
14941,38.0649
14882,8.2478
14942,38.2250
14943,38.4850
14883,8.7111
14944,38.0855
14884,9.1388
14945,39.1014
14885,8.4936
14946,37.9238
14886,8.6469
14947,38.9510
14887,8.5193
14948,38.6061
14888,8.7656
14949,37.9337
14889,8.6343
14950,38.6450
14890,8.9444
14951,38.0604
14891,8.9222
14892,8.3843
14952,38.8491
14893,8.7805
14953,37.9816
14954,38.0816
14894,8.8630
14955,38.5059
14895,8.8133
14956,38.0637
14896,8.4950
14957,37.9282
14897,8.6704
14958,38.4111
14898,8.6958
14959,38.6406
14899,8.8686
14960,38.1866
14900,8.5796
14961,37.3558
14901,8.5744
14962,38.2355
14902,8.5716
14963,37.8793
14903,8.7864
14964,39.0376
14904,8.7479
14965,38.5870
14905,8.5625
14966,37.9169
14906,9.4056
14967,38.6005
14907,9.1886
14908,8.4973
14968,38.6440
14909,8.5160
14969,36.9848
14970,37.3680
14910,9.1678
14971,38.7543
14911,8.8293
14912,9.2490
14972,38.3198
14973,38.3231
14913,9.1913
14914,8.6147
14974,39.5734
14915,8.9027
14975,37.2433
14976,37.5604
14916,8.9009
14917,8.9315
14977,38.3556
14978,37.8052
14918,9.1986
14919,8.7024
14979,39.3513
14980,38.3367
14920,8.9610
14921,8.4655
14981,38.4363
14982,37.9479
14922,8.7202
14983,38.0473
14923,8.7112
14984,38.3526
14924,9.2060
14985,38.3269
14925,9.2197
14926,8.9383
14986,40.2926
14987,38.0714
14927,8.6697
14988,38.3151
14928,8.7315
14989,37.5296
14929,8.7313
14990,38.7155
14930,8.6730
14991,37.9350
14931,9.1641
14992,37.9917
14932,9.1774
14993,38.8109
14933,8.7709
14994,38.3260
14934,8.8624
14995,38.6514
14935,8.5810
14996,37.7380
14936,9.0514
14997,38.2869
14937,9.2087
14998,39.6559
14938,8.4994
14999,39.4917
14939,8.5635
14940,8.4634
15000,39.4454
14941,8.9167
15001,39.2546
15002,39.3603
14942,8.8426
15003,39.0502
14943,9.0853
15004,38.8431
14944,9.4292
14945,8.4397
15005,39.6821
14946,8.4364
15006,38.9382
14947,8.4415
15007,39.2069
14948,8.9716
15008,39.4357
15009,40.2821
14949,8.4954
14950,8.8880
15010,39.6111
14951,8.6116
15011,40.5328
15012,38.7629
14952,8.9382
14953,8.6100
15013,39.6328
14954,8.6539
15014,39.8482
14955,8.8079
15015,39.5954
15016,39.3395
14956,8.4936
15017,38.2153
14957,8.8409
15018,39.2861
14958,8.9823
14959,8.5156
15019,39.5550
14960,8.3892
15020,39.2615
15021,37.6529
14961,8.6307
15022,38.7434
14962,8.5489
14963,8.9963
15023,39.3261
15024,39.3434
14964,8.6727
14965,8.4549
15025,39.9894
14966,8.4164
15026,39.0516
14967,8.9749
15027,38.9905
15028,38.6918
14968,8.8331
14969,8.6106
15029,39.0490
15030,38.8399
14970,8.3664
14971,8.5651
15031,39.2376
14972,8.4794
15032,39.5313
15033,38.7208
14973,8.8726
15034,40.1652
14974,8.6219
14975,8.4892
15035,39.6922
14976,9.2419
15036,39.8027
15037,38.6432
14977,9.0918
14978,8.4523
15038,39.4759
14979,8.4156
15039,38.8585
14980,8.6615
15040,38.8167
15041,38.8406
14981,8.5079
15042,39.5616
14982,9.1611
15043,39.4765
14983,8.5897
15044,39.9251
14984,8.5609
14985,8.6151
15045,39.1113
15046,38.7041
14986,8.9648
15047,39.2557
14987,8.9761
15048,39.8832
14988,8.8052
15049,39.7891
14989,8.5036
14990,8.5556
15050,39.2272
14991,8.7553
15051,39.1348
15052,39.0188
14992,8.4119
14993,8.7098
15053,38.8684
15054,39.7390
14994,8.8140
15055,40.0665
14995,8.7360
14996,8.7152
15056,38.9159
14997,8.9761
15057,39.4532
15058,38.3352
14998,8.9859
14999,8.6561
15059,39.2129
15060,39.3642
15000,8.4763
15061,39.5361
15001,8.7654
15062,40.3473
15002,8.4077
15063,38.5422
15003,9.3416
15064,39.7726
15004,9.1060
15005,8.2790
15065,39.4067
15006,8.8822
15066,39.7626
15007,8.5387
15067,38.6283
15068,38.0714
15008,8.6123
15069,39.1548
15009,9.1026
15070,39.3995
15010,8.8916
15011,8.5201
15071,39.3533
15012,8.4572
15072,38.2936
15013,8.5139
15073,38.9120
15074,39.3036
15014,8.4504
15075,39.1560
15015,9.0807
15076,39.7590
15016,8.5493
15077,38.6810
15017,8.4005
15078,39.6330
15018,8.5364
15019,8.4775
15079,40.1963
15020,8.6669
15080,39.8671
15081,38.4264
15021,8.6696
15082,39.8241
15022,8.7793
15083,39.0860
15023,8.8311
15084,39.6612
15024,8.7466
15025,8.2930
15085,39.4326
15086,38.3261
15026,8.7329
15087,39.8331
15027,8.4668
15028,8.4939
15088,38.4832
15089,39.2427
15029,8.8381
15090,39.6742
15030,8.5078
15031,8.5693
15091,38.8279
15032,8.8103
15092,38.8959
15093,37.6647
15033,8.9971
15034,8.5492
15094,38.9678
15035,9.1639
15095,39.0888
15096,40.0001
15036,8.9860
15037,8.7113
15097,38.8210
15038,9.1043
15098,37.3915
15099,39.3432
15039,8.5448
15040,8.4962
15100,38.8189
15041,8.9607
15101,39.4865
15102,40.2229
15042,8.7791
15043,8.8250
15103,39.4882
15104,37.9029
15044,8.9308
15105,39.3694
15045,8.5715
15106,38.7485
15046,8.5837
15107,38.5379
15047,9.0613
15108,40.0560
15048,8.4544
15049,8.5435
15109,39.3949
15110,38.8351
15050,8.9763
15111,39.8514
15051,8.5016
15112,38.7274
15052,8.9340
15113,39.3856
15053,8.8413
15114,39.6414
15054,8.7050
15115,39.4909
15055,8.5763
15056,8.9862
15116,40.7731
15117,39.4820
15057,8.9704
15058,8.4953
15118,39.4446
15059,8.7875
15119,38.0140
15120,39.7152
15060,8.4626
15061,8.7210
15121,39.1729
15122,39.2057
15062,9.1401
15123,39.7799
15063,8.4889
15064,8.3644
15124,39.3778
15065,8.4449
15125,39.1464
15126,38.0514
15066,8.6687
15067,8.9600
15127,40.0336
15128,39.2624
15068,9.1429
15129,38.9506
15069,9.0662
15070,8.4723
15130,39.5474
15071,8.5448
15131,39.6687
15072,8.6166
15132,39.7965
15073,8.9224
15133,37.8646
15134,38.8373
15074,9.0528
15135,39.7597
15075,9.0347
15076,8.5736
15136,39.9552
15077,8.5083
15137,39.6858
15078,8.6478
15138,39.6261
15079,8.8279
15139,38.1462
15140,39.1189
15080,8.6013
15141,39.1811
15081,8.9940
15142,38.2873
15082,9.0957
15143,39.2606
15083,8.6166
15144,38.9791
15084,8.7999
15085,8.5496
15145,40.6265
15086,8.6824
15146,39.5161
15087,8.7262
15147,39.3072
15148,41.0589
15088,8.5222
15149,37.0946
15089,8.9021
15150,38.1107
15090,8.5826
15151,37.9910
15091,8.5936
15152,37.2514
15092,8.5834
15153,37.9938
15093,8.6394
15154,37.6524
15094,8.5958
15155,38.3409
15095,8.7081
15156,37.7314
15096,8.8114
15097,8.3981
15157,38.6436
15158,36.7390
15098,8.7488
15159,37.6841
15099,8.5877
15100,8.5989
15160,38.5959
15161,38.6698
15101,8.7615
15162,38.1140
15102,8.5641
15163,38.2071
15103,8.6415
15164,36.9789
15104,8.6831
15165,38.1303
15105,8.6116
15166,37.6087
15106,8.4552
15167,36.8150
15107,9.0948
15168,38.5283
15108,8.9088
15109,8.6828
15169,38.1263
15170,36.9744
15110,8.6916
15171,38.7697
15111,8.4373
15172,37.7115
15112,8.9461
15173,37.5642
15113,9.6106
15174,38.7778
15114,9.1239
15115,8.4173
15175,38.3297
15116,8.3783
15176,37.0157
15177,36.7965
15117,8.5253
15178,37.6601
15118,8.8507
15179,37.8452
15119,9.1232
15180,38.7126
15120,8.7371
15181,38.0601
15121,8.4775
15182,37.4722
15122,8.8262
15183,37.3463
15123,9.4327
15124,8.7812
15184,37.7607
15185,37.7508
15125,8.4693
15186,37.7456
15126,8.7225
15187,38.0787
15127,8.5567
15188,38.3857
15128,9.2610
15189,39.2484
15129,8.8289
15130,8.5530
15190,38.6243
15131,8.7699
15191,37.7931
15192,37.9331
15132,8.8342
15193,37.1923
15133,8.7415
15194,38.6204
15134,8.8876
15195,38.5984
15135,8.9115
15196,38.1624
15136,8.5418
15197,37.3179
15137,8.4320
15198,37.8639
15138,8.5335
15199,37.9178
15139,8.7909
15200,37.6946
15140,8.9248
15201,38.4313
15141,8.6637
15202,37.8076
15142,8.5670
15203,37.0765
15143,9.1846
15204,38.2979
15144,8.7226
15205,38.1979
15145,8.7437
15206,37.7813
15146,8.6653
15147,8.5309
15207,38.8261
15208,36.8492
15148,9.0654
15209,38.2121
15149,9.1674
15150,8.4892
15210,38.6689
15211,37.3300
15151,8.6916
15212,38.1204
15152,9.2107
15213,38.3534
15153,8.4636
15214,37.6607
15154,9.3479
15215,38.0006
15155,9.1998
15156,8.6108
15216,38.6564
15217,37.1082
15157,8.8746
15218,37.5377
15158,9.0594
15159,8.5590
15219,37.7646
15220,36.9120
15160,9.4101
15221,38.2357
15161,9.2604
15162,8.4397
15222,39.1403
15223,37.2149
15163,8.8536
15224,38.1120
15164,8.6598
15225,38.6744
15165,8.6108
15226,37.3474
15166,9.4503
15227,38.5836
15167,8.9961
15168,8.4960
15228,38.2741
15229,37.1106
15169,8.6306
15230,37.2448
15170,8.9575
15231,37.1054
15171,9.9807
15232,38.1867
15172,8.6997
15233,37.7482
15173,8.7078
15234,37.6743
15174,8.5631
15235,37.0463
15175,8.8312
15236,37.7682
15176,9.3073
15237,37.9342
15177,9.2087
15178,8.4860
15238,38.2173
15179,8.5274
15239,37.8183
15240,37.4948
15180,8.9935
15241,37.2286
15181,9.4603
15242,38.5142
15182,9.5483
15243,37.8866
15183,9.1155
15184,8.6185
15244,37.7352
15185,8.5866
15245,38.2383
15246,37.5385
15186,8.8266
15247,36.7467
15187,9.4975
15248,39.9785
15188,9.0797
15249,37.8285
15189,9.2120
15190,8.4137
15250,38.7651
15191,8.8201
15251,37.3591
15252,37.5390
15192,9.3630
15253,38.0645
15193,8.6667
15254,37.5031
15194,9.5788
15255,38.1364
15195,9.0390
15256,38.0420
15196,8.4691
15257,38.0931
15197,8.6489
15258,37.0826
15198,9.0490
15259,37.7834
15199,8.7641
15260,38.8498
15200,8.8401
15261,38.1092
15201,8.6654
15262,37.5734
15202,8.8083
15203,8.5227
15263,38.2057
15264,37.2674
15204,9.1816
15265,37.9243
15205,8.9891
15266,38.1553
15206,8.7916
15267,37.5393
15207,8.6139
15268,37.7316
15208,8.6233
15269,39.0098
15209,8.5777
15270,37.7455
15210,9.2707
15271,37.6210
15211,9.1183
15212,8.5373
15272,39.3197
15213,8.2976
15273,37.9658
15214,8.4318
15274,37.4388
15275,37.9336
15215,8.5549
15276,37.6003
15216,9.3182
15277,38.9601
15217,8.9204
15218,8.4382
15278,39.8902
15219,8.4643
15279,37.9110
15220,8.3633
15280,38.2825
15281,37.9199
15221,8.9807
15282,39.2021
15222,9.0708
15283,39.6477
15223,8.2582
15284,38.3626
15224,8.5257
15225,8.5206
15285,39.0026
15226,8.5810
15286,38.1569
15287,37.7208
15227,9.0279
15288,38.5100
15228,8.7124
15229,8.3654
15289,38.6108
15290,37.9918
15230,8.7312
15231,8.7938
15291,38.9714
15292,38.1586
15232,8.4694
15293,38.9694
15233,9.3416
15294,38.2436
15234,9.0593
15235,8.4622
15295,39.1034
15236,8.5054
15296,37.6276
15237,8.8277
15297,38.0467
15298,38.5945
15238,8.5008
15299,38.5472
15239,8.8442
15300,38.5036
15240,8.7361
15241,8.5934
15301,39.2055
15302,37.8277
15242,8.6773
15243,8.4183
15303,38.3037
15304,37.3659
15244,8.5281
15305,38.7294
15245,8.9648
15306,38.0022
15246,8.8658
15247,8.4930
15307,38.3370
15308,38.5643
15248,8.3944
15309,38.2697
15249,8.5746
15310,37.6566
15250,8.8607
15311,38.7693
15251,9.4225
15312,38.1110
15252,8.8690
15253,8.4483
15313,38.9875
15254,8.3193
15314,37.6419
15315,37.0439
15255,8.7014
15316,38.1395
15256,9.2628
15317,38.6488
15257,8.9954
15318,38.8790
15258,8.7433
15319,39.7135
15259,8.4026
15320,38.0319
15260,8.8238
15261,8.4040
15321,38.5439
15322,37.8727
15262,8.8357
15323,37.4334
15263,8.6657
15264,8.4005
15324,39.3443
15265,9.2338
15325,38.1685
15326,38.5645
15266,8.7422
15327,38.9390
15267,8.4826
15328,37.5368
15268,8.5889
15269,8.7273
15329,39.1277
15330,37.5016
15270,8.6035
15331,38.1434
15271,8.7321
15332,38.5717
15272,8.5298
15333,38.0236
15273,8.6352
15334,37.8476
15274,8.4604
15335,38.6319
15275,8.6716
15336,37.9902
15276,8.9699
15337,40.0136
15277,8.4095
15338,38.5597
15278,8.5459
15339,37.9996
15279,8.4735
15340,37.2302
15280,8.8711
15341,37.9227
15281,9.2384
15342,38.7146
15282,8.6293
15343,38.0803
15283,8.4912
15344,38.4145
15284,8.4706
15345,37.7312
15285,8.6393
15346,37.9930
15286,8.4472
15347,38.5066
15287,8.4790
15348,40.6397
15288,8.6471
15349,38.4314
15289,8.4868
15350,37.6646
15290,8.5575
15291,8.6185
15351,38.6049
15352,37.9522
15292,9.2093
15353,38.6116
15293,8.7719
15354,38.8471
15294,8.5774
15295,8.5933
15355,37.8110
15356,37.2640
15296,8.5530
15357,37.7572
15297,8.7660
15358,37.7963
15298,8.8830
15359,39.4499
15299,8.6214
15360,37.5228
15300,8.9642
15361,38.3135
15301,8.8542
15362,39.0501
15302,8.6344
15363,37.6933
15303,8.6015
15364,37.6011
15304,8.5009
15365,38.8672
15305,8.4754
15366,38.0172
15306,9.2157
15367,37.2575
15307,8.7718
15368,38.2971
15308,8.5096
15309,8.3489
15369,38.1639
15370,37.2785
15310,8.4622
15371,38.5710
15311,8.2703
15372,37.6850
15312,8.7756
15373,37.8750
15313,8.7657
15314,8.4172
15374,38.8689
15375,37.5621
15315,8.5184
15376,38.4038
15316,8.8993
15377,38.5125
15317,9.2657
15378,37.0697
15318,9.6534
15379,39.4195
15319,9.0366
15380,38.2826
15320,8.7315
15381,38.3394
15321,8.8587
15382,38.5068
15322,8.6573
15383,37.8390
15323,8.7451
15384,38.0400
15324,8.5224
15385,38.6830
15325,8.6612
15386,37.6126
15326,8.5720
15387,38.3045
15327,8.7627
15388,38.0543
15328,8.7210
15389,38.2718
15329,8.4357
15390,37.9620
15330,8.8024
15391,39.3171
15331,8.5622
15392,37.5278
15332,8.8050
15393,37.3368
15333,8.8021
15394,38.4162
15334,8.4822
15335,8.4794
15395,39.0124
15396,37.9486
15336,8.4415
15397,37.7589
15337,8.4089
15398,37.6665
15338,9.1716
15399,37.3616
15339,8.5391
15340,8.4834
15400,38.5972
15341,8.4293
15401,38.4743
15402,37.4882
15342,8.6869
15403,39.0173
15343,9.7309
15404,38.8314
15344,9.0389
15405,38.4339
15345,8.5151
15346,8.2689
15406,39.7085
15347,8.3575
15407,40.0362
15348,8.4086
15408,37.2344
15409,37.6295
15349,9.1244
15410,37.8147
15350,8.8798
15351,8.3488
15411,39.7713
15352,8.5347
15412,38.1251
15413,37.3830
15353,8.4721
15414,37.4309
15354,8.8102
15415,38.6347
15355,9.0284
15416,38.0562
15356,9.1757
15357,8.3524
15417,41.4068
15358,8.4989
15418,37.6643
15359,8.3440
15419,38.3231
15360,8.6020
15420,37.6794
15421,37.8910
15361,8.9214
15422,38.3777
15362,9.0821
15363,8.4884
15423,38.8845
15424,37.6396
15364,8.5379
15425,37.8101
15365,8.5517
15366,8.4921
15426,37.5196
15427,37.1533
15367,9.2647
15428,38.8209
15368,8.8616
15429,39.2616
15369,8.5127
15430,37.7475
15370,8.5534
15431,37.5945
15371,8.4934
15432,37.7017
15372,8.5712
15433,37.7073
15373,8.9729
15434,38.2937
15374,8.5124
15435,38.9324
15375,8.3778
15436,37.4136
15376,8.2428
15437,37.1427
15377,8.4930
15438,38.0724
15378,8.2595
15439,37.6155
15379,8.4984
15440,37.7887
15380,8.6913
15381,8.2894
15441,38.3468
15442,37.7624
15382,8.4718
15443,37.5046
15383,8.7046
15444,37.5961
15384,8.9672
15445,38.6360
15385,9.4064
15446,38.3087
15386,8.7215
15387,8.5897
15447,38.3033
15448,38.3287
15388,8.4712
15389,8.4540
15449,37.4042
15450,37.6528
15390,8.4628
15451,37.3036
15391,9.0692
15452,37.2647
15392,8.7963
15393,8.4161
15453,38.8655
15394,8.4221
15454,38.4373
15395,8.3381
15455,38.2743
15456,37.3522
15396,8.7339
15457,37.0169
15397,8.7565
15458,39.3711
15398,8.2814
15459,37.9627
15399,8.3013
15460,37.7146
15400,8.8131
15461,37.9086
15401,8.3658
15462,38.1759
15402,8.6248
15463,38.9567
15403,8.3982
15464,38.3165
15404,8.4100
15405,8.4595
15465,37.9515
15466,38.0918
15406,8.6532
15467,37.4277
15407,8.5554
15468,38.5207
15408,8.8005
15469,37.6683
15409,9.0153
15470,38.2673
15410,8.5681
15471,38.1134
15411,8.4185
15472,37.2096
15412,8.7874
15473,37.4440
15413,8.9729
15414,8.4615
15474,39.2672
15475,37.3985
15415,8.5900
15476,38.0089
15416,8.5664
15477,37.0479
15417,8.4463
15478,38.4695
15418,8.9296
15479,38.3726
15419,8.6738
15480,38.5359
15420,8.3565
15421,8.2992
15481,37.7804
15482,38.0806
15422,8.6713
15483,37.9527
15423,8.4759
15484,37.8119
15424,8.8900
15485,38.3940
15425,8.4098
15486,38.3111
15426,8.6968
15487,37.8481
15427,8.3884
15488,37.9318
15428,8.5069
15489,38.0844
15429,8.1483
15490,37.7933
15430,8.0135
15491,37.9915
15431,8.4268
15432,7.8105
15492,38.4763
15493,37.3999
15433,8.0283
15494,38.1496
15434,8.0898
15495,38.1016
15435,8.6672
15496,39.7680
15436,8.2594
15497,37.9778
15437,7.9551
15498,38.3918
15438,8.5606
15439,7.9123
15499,38.6401
15440,7.9946
15500,37.5721
15501,37.9198
15441,8.4559
15442,7.9197
15502,37.9795
15443,7.9687
15503,38.5970
15504,37.5011
15444,8.6092
15445,8.0697
15505,38.3012
15506,38.0176
15446,7.9844
15507,37.7222
15447,8.0453
15508,37.3908
15448,7.9016
15509,37.3951
15449,8.0714
15510,38.0884
15450,8.5806
15451,7.9595
15511,38.7353
15512,37.6235
15452,7.9726
15513,37.9162
15453,7.8585
15514,38.4352
15454,8.2202
15515,37.7711
15455,8.2513
15516,39.8826
15456,8.1337
15517,37.7155
15457,7.9853
15518,38.4552
15458,8.1588
15459,7.9342
15519,38.5100
15520,38.0727
15460,7.9448
15521,38.0525
15461,7.9160
15522,37.8442
15462,8.1602
15523,37.8481
15463,8.5416
15464,8.8130
15524,38.8394
15525,39.1672
15465,8.0725
15526,37.9664
15466,7.9745
15527,38.3846
15467,8.0782
15468,7.8550
15528,40.1394
15529,37.7246
15469,8.0582
15470,7.9956
15530,37.9780
15531,37.5603
15471,8.0134
15532,38.9368
15472,8.0663
15533,38.8005
15473,8.1249
15534,37.8197
15474,8.1106
15535,37.7134
15475,7.9565
15536,37.9615
15476,7.9540
15537,38.2813
15477,8.0642
15538,37.7079
15478,7.9707
15539,38.0052
15479,8.2511
15540,39.1012
15480,7.8847
15541,38.5801
15481,8.0271
15482,7.9787
15542,39.4881
15543,38.6577
15483,7.8835
15484,7.9398
15544,38.2669
15545,38.1139
15485,8.6712
15546,38.5532
15486,7.9770
15547,37.8333
15487,8.1894
15548,38.5654
15488,7.9353
15489,8.0241
15549,39.1857
15550,37.4386
15490,8.1666
15491,8.0583
15551,38.8396
15552,38.5989
15492,7.9704
15553,37.3940
15493,8.2598
15554,39.6997
15494,8.1063
15555,37.9883
15495,8.1077
15496,8.0081
15556,38.1865
15557,37.4695
15497,8.0953
15498,8.1104
15558,39.0723
15559,37.7636
15499,8.1425
15560,38.7407
15500,7.9551
15561,37.5383
15501,7.9507
15562,37.6427
15502,8.1336
15563,37.7029
15503,8.2671
15504,7.9255
15564,38.0691
15505,8.1478
15565,37.7253
15566,37.8128
15506,8.1681
15567,38.2710
15507,8.1246
15508,8.1520
15568,38.0344
15569,37.7689
15509,8.3148
15510,7.9950
15570,38.5708
15571,37.3763
15511,8.1756
15572,37.4887
15512,8.3872
15513,8.0017
15573,38.4848
15574,37.0560
15514,8.2033
15575,38.1153
15515,8.5249
15516,7.8689
15576,38.2337
15577,37.0566
15517,7.9819
15578,37.6709
15518,7.9644
15579,37.2978
15519,7.9652
15580,37.2461
15520,8.1151
15581,37.7733
15521,8.3464
15522,7.8881
15582,38.6454
15523,7.7964
15583,38.2363
15584,37.0861
15524,8.2219
15525,8.5135
15585,38.1645
15586,37.1919
15526,8.5448
15527,8.2408
15587,38.6814
15588,37.4570
15528,8.5153
15529,8.2267
15589,37.3791
15590,37.0597
15530,8.2992
15591,37.5633
15531,8.4294
15592,38.7038
15532,8.2721
15593,37.5168
15533,8.1669
15594,37.4365
15534,8.5044
15595,38.6708
15535,8.4132
15596,38.2958
15536,7.7609
15597,37.1972
15537,8.5248
15598,38.5182
15538,8.0896
15539,8.0468
15599,38.1623
15540,8.1230
15600,37.4820
15601,37.6567
15541,8.6349
15542,8.0972
15602,38.5926
15543,7.9597
15603,38.3424
15604,38.1021
15544,8.3810
15605,38.5408
15545,8.5080
15606,37.9172
15546,8.4505
15607,37.9136
15547,8.3346
15608,38.3836
15548,8.3316
15549,8.2487
15609,38.1227
15610,37.7758
15550,8.6419
15551,7.9592
15611,39.0885
15552,8.3194
15612,37.6667
15613,37.6947
15553,7.9384
15614,38.1096
15554,8.9480
15555,8.1667
15615,38.5101
15556,8.3256
15616,37.9757
15617,38.1606
15557,8.6538
15618,38.3006
15558,8.5315
15559,8.2852
15619,38.7824
15620,38.3724
15560,8.4315
15621,38.2119
15561,8.2945
15622,38.4733
15562,8.4253
15623,37.4906
15563,7.8294
15624,38.3808
15564,8.1510
15565,7.6705
15625,38.6069
15626,37.2048
15566,8.5141
15627,38.5215
15567,8.4733
15568,8.3164
15628,38.5778
15629,37.4820
15569,7.9195
15630,37.7099
15570,8.3156
15631,38.1308
15571,7.9270
15632,37.6421
15572,8.6699
15633,38.9564
15573,8.4868
15634,38.1127
15574,8.3439
15575,7.5760
15635,37.7970
15636,37.3018
15576,8.1732
15637,38.4219
15577,8.1884
15638,37.6498
15578,7.8323
15639,37.9849
15579,8.3403
15640,39.0489
15580,7.8616
15581,8.1724
15641,37.9263
15642,37.9467
15582,8.2495
15643,38.3116
15583,8.4267
15584,8.2517
15644,38.0975
15645,37.2780
15585,7.7053
15646,37.3641
15586,7.6972
15587,7.6538
15647,37.5489
15648,37.7024
15588,8.0769
15649,38.4295
15589,8.5114
15650,38.0693
15590,8.0998
15591,7.5799
15651,38.9595
15592,7.9175
15652,38.0953
15653,38.5291
15593,8.2936
15654,37.7547
15594,7.9088
15655,38.7377
15595,8.3295
15656,38.1637
15596,8.5185
15657,38.5112
15597,9.2402
15598,7.9086
15658,39.8352
15599,7.6409
15659,38.3685
15600,7.6665
15660,38.1442
15601,7.9432
15661,38.1750
15662,38.9150
15602,8.1340
15663,38.3092
15603,8.1698
15604,7.6749
15664,38.7367
15665,38.0877
15605,7.5938
15666,37.2983
15606,8.0254
15607,7.6365
15667,38.2772
15608,7.7302
15668,37.9606
15669,38.3967
15609,9.5271
15610,7.7829
15670,38.7933
15671,38.3721
15611,8.3226
15612,7.5722
15672,38.5142
15613,7.6459
15673,38.0260
15674,38.3408
15614,7.9547
15675,38.0445
15615,8.2625
15676,38.5877
15616,8.4068
15677,39.6496
15617,7.7035
15678,39.4989
15618,8.7001
15619,7.7448
15679,38.9983
15620,7.6856
15680,38.4841
15681,37.6631
15621,7.7958
15682,37.9532
15622,8.2064
15683,38.3133
15623,7.7511
15684,38.0016
15624,8.0792
15685,39.5628
15625,7.6021
15626,7.6814
15686,38.4317
15687,37.8137
15627,7.5004
15688,38.7526
15628,7.7191
15689,38.5715
15629,7.6838
15690,38.7375
15630,7.8440
15691,40.1414
15631,7.6903
15692,37.8723
15632,7.6533
15693,38.2330
15633,7.8263
15694,38.4502
15634,7.6696
15635,7.5315
15695,39.4994
15696,38.0681
15636,7.6949
15697,39.0458
15637,7.5214
15698,37.6135
15638,7.6904
15699,38.0893
15639,7.8313
15700,38.6658
15640,7.7611
15701,37.7755
15641,7.6211
15702,37.9142
15642,7.9591
15703,39.4447
15643,7.6200
15644,7.5443
15704,38.1325
15705,38.1606
15645,8.2520
15706,38.9378
15646,7.6380
15707,38.0515
15647,7.6849
15708,38.0654
15648,7.7530
15709,38.4967
15649,7.6961
15710,38.6981
15650,7.7442
15711,37.7933
15651,7.7005
15712,39.2019
15652,8.8821
15653,7.4865
15713,38.7403
15654,7.4065
15714,38.6756
15715,37.6705
15655,7.4605
15716,37.8260
15656,8.3779
15657,7.5477
15717,38.9813
15718,38.2887
15658,7.5726
15719,38.7297
15659,8.7529
15660,7.4196
15720,39.5133
15661,7.3220
15721,37.6348
15722,37.7499
15662,7.5141
15723,37.6770
15663,8.9077
15664,7.2962
15724,38.1782
15725,37.7500
15665,7.5493
15726,38.1118
15666,7.4844
15727,37.9386
15667,7.5665
15728,37.3332
15668,7.5295
15729,38.2574
15669,7.5922
15730,38.3506
15670,8.8153
15671,7.5428
15731,39.3798
15672,7.5001
15732,38.2870
15733,38.2970
15673,7.6481
15674,7.7522
15734,38.0601
15735,38.5563
15675,7.8677
15736,38.2195
15676,7.8385
15737,38.3037
15677,8.6860
15678,7.4356
15738,39.2614
15679,7.6270
15739,37.7350
15740,38.2649
15680,7.6712
15741,39.2187
15681,7.6072
15682,7.6135
15742,38.5542
15743,37.8876
15683,8.6412
15744,38.2321
15684,8.5798
15685,7.4651
15745,38.6381
15686,7.5467
15746,38.8910
15747,37.5219
15687,7.9000
15688,7.5727
15748,39.2572
15689,7.6425
15749,37.4711
15750,38.2076
15690,8.6972
15751,39.3696
15691,7.9081
15692,7.4169
15752,39.6644
15693,7.4364
15753,38.9910
15754,37.9138
15694,7.6211
15695,7.5737
15755,38.0980
15756,38.2229
15696,7.7776
15757,38.8142
15697,7.8211
15758,38.2933
15698,7.4671
15759,39.0426
15699,7.5227
15760,38.0273
15700,7.5286
15701,7.4062
15761,38.4748
15702,7.5278
15762,38.3923
15763,37.2267
15703,7.8687
15764,38.5194
15704,8.6835
15705,7.4432
15765,39.0466
15706,7.5824
15766,37.7799
15767,38.0672
15707,8.4076
15708,8.4163
15768,38.2063
15769,37.6145
15709,8.7162
15770,38.3985
15710,8.9797
15771,38.9568
15711,8.5904
15712,7.7629
15772,38.2192
15773,38.1792
15713,8.8279
15774,38.6297
15714,9.1728
15715,7.6212
15775,38.4711
15716,8.8387
15776,37.5656
15777,37.7196
15717,9.2505
15718,8.1483
15778,38.1664
15719,8.4706
15779,38.6315
15780,38.4603
15720,8.4128
15781,38.2930
15721,7.9825
15782,38.2272
15722,7.7945
15783,37.7830
15723,8.9510
15784,37.4718
15724,9.2140
15725,8.0251
15785,38.9619
15726,8.5626
15786,38.4388
15787,38.5859
15727,7.7920
15728,7.7631
15788,38.3870
15789,38.4157
15729,8.8597
15790,38.5265
15730,8.8926
15791,38.3012
15731,8.1392
15732,7.6831
15792,39.2463
15793,38.1095
15733,8.3983
15794,38.1886
15734,8.3837
15795,38.1416
15735,8.8298
15796,38.1586
15736,8.3221
15797,38.3322
15737,8.5645
15798,38.4610
15738,8.0334
15739,8.6271
15799,39.3730
15800,37.7430
15740,8.5954
15801,38.4350
15741,7.8732
15802,38.1951
15742,8.7346
15803,37.3840
15743,8.5766
15744,8.2010
15804,38.2745
15805,37.3042
15745,8.8097
15806,38.3302
15746,7.8206
15807,37.7854
15747,8.5865
15808,37.5057
15748,8.7023
15749,7.6791
15809,38.1536
15810,37.7374
15750,7.9437
15811,38.5001
15751,8.6482
15812,38.1575
15752,9.2786
15753,8.0112
15813,38.7428
15754,8.4131
15814,38.5136
15815,38.4553
15755,8.3296
15816,38.5797
15756,8.0122
15817,38.6440
15757,7.6896
15818,37.2046
15758,8.7866
15819,37.6173
15759,8.0786
15820,37.9874
15760,8.1437
15821,37.7573
15761,8.0321
15822,38.5390
15762,8.4809
15823,37.9009
15763,8.5274
15824,37.7970
15764,8.1950
15765,7.9660
15825,38.8935
15826,37.5920
15766,8.9053
15827,38.4558
15767,9.5388
15768,8.5441
15828,39.8829
15829,37.4318
15769,8.0259
15770,7.7360
15830,37.7851
15831,37.6404
15771,8.7597
15832,37.4986
15772,9.3695
15773,8.5750
15833,39.7918
15834,37.4748
15774,7.8190
15835,37.9670
15775,8.1562
15836,37.8268
15776,7.8689
15777,7.9852
15837,39.1108
15838,37.4107
15778,8.7860
15839,38.3394
15779,8.2788
15780,7.8592
15840,38.9090
15841,37.5389
15781,8.0593
15842,38.0430
15782,8.5726
15843,38.0408
15783,8.1231
15844,38.3453
15784,8.3948
15845,37.3031
15785,8.0998
15846,37.4567
15786,7.9938
15847,37.9254
15787,8.5341
15848,37.6130
15788,8.6484
15789,7.7146
15849,39.0578
15790,7.6377
15850,37.9193
15851,37.6919
15791,8.2604
15852,38.0291
15792,8.1367
15853,37.7598
15793,8.1169
15854,38.2007
15794,8.0343
15855,37.6397
15795,8.9465
15856,38.4743
15796,8.3217
15857,37.7518
15797,7.8903
15858,37.9722
15798,7.6493
15859,37.4972
15799,8.4145
15860,37.3888
15800,8.3337
15861,37.7531
15801,8.3884
15862,37.6920
15802,8.7849
15803,7.9434
15863,38.0997
15864,37.3101
15804,8.5761
15865,37.8649
15805,7.9597
15866,38.3592
15806,7.8562
15807,7.9049
15867,39.7334
15868,38.0016
15808,8.2929
15869,37.7818
15809,8.3790
15870,39.1257
15810,7.7452
15811,7.9638
15871,37.5267
15872,38.1024
15812,8.9933
15873,38.4876
15813,8.7128
15814,7.6279
15874,38.1585
15815,8.7330
15875,36.8128
15876,37.4163
15816,9.2536
15817,7.6411
15877,39.1686
15818,8.5496
15878,38.0000
15879,37.4569
15819,8.8566
15880,38.6594
15820,8.1620
15821,7.6431
15881,38.5773
15822,8.6380
15882,38.1081
15883,37.5824
15823,9.1988
15824,7.6326
15884,38.2994
15885,37.5311
15825,8.0386
15886,37.5084
15826,8.9222
15887,38.1031
15827,9.6088
15828,7.8204
15888,39.8210
15829,8.7824
15889,37.4875
15890,37.5426
15830,8.5015
15831,7.4257
15891,38.1245
15832,8.6086
15892,37.5854
15893,37.6350
15833,8.3264
15834,7.6657
15894,38.5306
15895,37.4746
15835,8.5600
15896,38.2549
15836,8.9205
15837,7.5422
15897,38.5833
15898,37.0552
15838,8.1179
15899,38.6146
15839,7.5494
15900,37.0915
15840,8.7088
15901,38.4490
15841,8.2518
15842,8.4614
15902,38.6308
15903,37.3129
15843,8.3841
15844,7.8317
15904,38.3911
15845,8.1287
15905,37.3342
15906,37.0440
15846,8.8107
15907,37.9868
15847,8.6468
15848,7.8984
15908,39.2499
15849,7.6700
15909,37.2081
15910,38.1042
15850,8.9091
15911,38.2987
15851,8.9620
15852,8.6279
15912,38.9075
15913,37.2381
15853,8.8730
15854,7.5793
15914,38.2742
15855,8.0303
15915,37.1643
15916,37.3203
15856,8.2514
15917,38.0212
15857,8.1434
15858,8.2854
15918,38.0930
15919,37.2085
15859,7.9334
15860,7.8211
15920,38.2190
15921,36.5761
15861,8.1051
15862,8.7098
15922,38.0722
15923,37.4839
15863,9.2921
15864,7.5861
15924,38.8885
15865,7.5297
15925,37.9729
15926,37.4362
15866,8.1384
15927,37.8475
15867,8.7143
15928,37.8633
15868,8.5147
15929,38.3213
15869,8.0977
15930,38.4784
15870,7.7724
15871,8.6687
15931,38.4301
15932,37.6763
15872,8.5563
15873,7.6776
15933,38.2797
15934,37.9995
15874,9.0322
15935,37.9134
15875,9.0040
15936,39.5253
15876,8.4502
15937,37.8219
15877,8.1774
15878,7.9607
15938,38.3532
15939,37.6287
15879,7.8742
15940,37.8402
15880,8.1519
15941,37.7756
15881,8.5550
15942,37.7192
15882,8.1434
15943,38.4027
15883,7.9728
15944,37.9732
15884,7.8401
15945,38.0906
15885,8.4221
15946,37.8689
15886,8.1119
15887,8.7349
15947,38.8868
15948,38.0870
15888,8.7517
15949,38.6546
15889,7.7973
15950,37.6185
15890,8.5410
15951,38.5947
15891,8.2844
15952,38.2761
15892,7.9148
15953,37.5062
15893,8.0737
15954,39.2059
15894,8.3750
15955,37.6502
15895,8.9243
15956,38.0220
15896,8.2180
15897,7.6911
15957,38.0782
15958,37.4940
15898,8.0503
15959,37.6004
15899,8.7945
15960,39.9547
15900,7.7385
15961,37.6413
15901,8.3746
15962,38.3644
15902,8.8213
15963,38.2033
15903,8.0252
15964,39.0618
15904,7.7613
15905,8.4421
15965,38.3287
15966,37.3220
15906,8.9576
15967,38.0784
15907,8.2128
15908,7.8546
15968,39.8299
15969,37.1567
15909,8.4587
15970,38.5735
15910,8.9566
15911,7.5501
15971,40.2548
15912,8.7840
15972,37.2656
15973,37.5363
15913,8.5358
15914,7.7758
15974,38.3830
15975,37.5893
15915,8.3607
15976,38.0892
15916,7.9668
15917,8.4727
15977,38.9258
15978,37.4918
15918,8.0977
15919,8.2119
15979,38.4242
15980,37.9425
15920,8.1654
15981,38.2169
15921,7.9385
15982,37.5350
15922,7.8531
15983,37.8165
15923,9.0232
15984,37.9637
15924,9.4090
15925,8.2319
15985,38.1090
15926,8.0115
15986,37.3345
15927,7.6578
15987,37.5788
15988,37.4531
15928,8.6947
15989,38.3657
15929,8.1353
15990,37.7974
15930,8.9840
15991,38.3346
15931,7.9901
15932,7.9359
15992,38.2281
15993,37.7069
15933,7.7394
15994,38.1298
15934,8.1730
15995,37.6105
15935,9.1076
15996,38.1897
15936,9.4680
15937,8.5636
15997,38.6591
15998,37.2239
15938,8.2891
15939,7.7013
15999,37.8688
16000,37.5933
15940,8.5508
16001,38.1068
15941,8.7819
16002,38.2261
15942,9.1638
15943,8.1668
16003,38.1179
16004,36.8793
15944,8.2492
15945,7.9226
16005,38.6147
16006,37.6441
15946,8.5840
16007,37.1357
15947,9.0653
15948,8.6280
16008,38.4319
16009,38.2819
15949,8.2204
15950,8.2131
16010,38.2954
16011,37.2474
15951,8.7796
15952,8.4446
16012,38.1484
16013,37.6014
15953,7.9534
16014,38.2142
15954,7.8376
15955,8.5935
16015,38.2450
16016,37.3652
15956,8.0106
16017,38.5019
15957,8.9733
16018,38.1859
15958,9.3525
15959,7.8978
16019,38.9837
15960,8.7113
16020,37.4856
16021,37.5572
15961,8.6795
15962,8.4325
16022,38.4843
16023,37.3621
15963,9.2602
15964,8.0305
16024,38.5255
16025,38.2081
15965,7.8934
16026,37.1661
15966,8.1444
16027,37.5307
15967,8.5345
15968,8.7190
16028,38.6210
16029,37.5537
15969,9.0562
15970,8.0890
16030,38.9810
15971,7.9246
16031,37.5001
16032,38.2370
15972,8.2359
16033,38.5021
15973,8.1421
16034,39.5966
15974,8.6463
16035,38.4173
15975,9.1698
15976,7.6502
16036,40.1322
15977,7.6915
16037,37.4979
15978,7.7839
16038,37.7178
15979,7.7831
16039,37.8928
16040,37.4718
15980,8.7678
16041,37.6563
15981,9.1117
15982,7.5589
16042,38.1040
16043,37.9340
15983,8.2590
16044,36.8555
15984,9.0070
15985,7.6241
16045,39.1414
15986,7.8580
16046,37.3158
16047,38.1065
15987,7.6852
15988,7.7175
16048,38.6289
16049,37.9362
15989,7.4990
16050,37.4698
15990,7.8230
16051,38.6730
15991,7.4375
15992,8.0131
16052,37.5700
16053,37.5778
15993,7.7143
16054,38.1704
15994,7.6543
16055,37.8163
15995,11.0803
16056,38.7208
15996,7.8581
15997,8.1431
16057,38.3794
16058,38.0694
15998,8.1829
15999,7.2790
16059,38.9530
16000,7.4518
16060,37.7708
16061,37.6317
16001,8.2070
16062,38.0326
16002,8.2416
16063,38.4221
16003,7.9297
16064,38.2726
16004,7.8098
16005,7.5589
16065,38.4934
16006,7.4960
16066,38.4469
16067,38.0432
16007,7.2815
16068,38.5608
16008,7.6102
16069,38.1933
16009,8.0596
16070,38.2763
16010,8.2377
16071,38.0248
16011,8.1629
16072,38.2056
16012,7.9990
16013,7.5557
16073,39.5739
16014,8.1868
16074,39.0816
16075,37.3279
16015,8.0468
16016,7.6273
16076,38.5242
16077,37.8123
16017,8.2331
16078,38.3136
16018,8.0568
16019,7.8487
16079,38.9854
16080,38.0728
16020,7.5508
16081,38.4177
16021,7.7835
16082,38.7081
16022,8.2055
16083,37.8900
16023,7.3847
16084,37.7896
16024,8.4624
16085,38.5117
16025,8.5461
16026,7.5884
16086,38.9386
16027,7.9743
16087,37.5659
16088,37.5834
16028,8.2240
16029,7.5286
16089,38.6805
16030,8.2624
16090,38.1444
16091,38.2437
16031,8.6999
16092,39.3467
16032,8.1407
16033,7.6925
16093,39.4847
16094,38.0314
16034,7.4386
16095,37.6800
16035,7.8089
16096,38.1951
16036,8.1288
16097,39.8524
16037,7.8782
16098,39.3312
16038,7.6122
16099,38.4920
16039,7.6245
16100,38.0728
16040,8.2745
16101,38.3225
16041,7.9666
16042,7.8235
16102,38.5411
16103,37.3393
16043,7.5526
16104,38.9712
16044,7.5285
16045,8.0872
16105,38.5577
16106,37.9847
16046,8.2737
16107,39.2451
16047,7.2314
16108,38.0779
16048,7.9386
16109,39.7312
16049,7.5141
16050,7.6133
16110,38.7343
16111,38.0306
16051,7.7746
16112,37.7501
16052,8.0423
16053,7.4818
16113,38.6210
16114,37.5262
16054,7.3676
16055,7.3734
16115,39.5834
16116,38.6485
16056,7.2632
16117,39.0773
16057,7.5917
16118,38.0893
16058,8.1227
16119,39.5554
16059,7.1494
16060,7.3552
16120,38.6090
16061,7.1310
16121,37.6672
16122,37.7163
16062,7.7813
16063,7.0246
16123,38.9158
16124,37.7493
16064,7.5285
16065,7.0951
16125,38.0015
16126,38.6897
16066,7.3293
16127,37.5638
16067,7.0981
16128,37.9510
16068,7.6862
16069,6.9822
16129,38.8314
16130,37.7405
16070,7.1551
16131,37.9573
16071,7.1423
16132,39.6443
16072,7.4374
16073,7.2320
16133,38.8794
16074,7.0311
16134,37.7532
16135,37.6929
16075,8.0770
16136,38.6207
16076,7.0375
16137,38.1679
16077,7.3320
16138,38.6694
16078,7.0494
16139,37.9882
16079,7.4038
16140,39.3123
16080,7.1768
16141,38.4532
16081,7.3184
16082,7.1453
16142,40.3252
16143,38.1819
16083,7.3280
16144,39.1427
16084,7.4052
16145,38.3890
16085,7.6514
16146,38.1652
16086,7.6372
16147,37.8653
16087,7.1962
16148,38.3399
16088,7.7069
16149,38.9419
16089,7.2696
16150,37.0746
16090,7.1705
16151,39.4045
16091,7.2702
16152,38.5961
16092,7.2288
16153,39.5273
16093,7.1907
16094,7.1343
16154,38.1301
16155,37.4447
16095,7.8198
16096,7.0464
16156,39.0987
16097,7.0628
16157,37.6355
16158,37.8995
16098,7.2460
16159,38.9738
16099,7.0785
16160,38.1156
16100,7.1707
16161,37.4146
16101,7.7139
16162,38.6010
16102,7.7711
16103,6.9944
16163,39.7606
16164,37.3522
16104,7.1370
16165,37.5523
16105,7.6353
16106,7.0361
16166,38.9328
16107,7.1203
16167,37.3509
16168,38.0125
16108,7.7220
16109,7.0084
16169,38.2933
16170,38.0376
16110,7.1477
16171,37.6117
16111,7.8413
16172,38.8285
16112,7.1492
16113,7.1010
16173,38.1998
16174,38.0869
16114,7.1881
16175,38.9222
16115,7.7419
16116,7.0955
16176,38.7842
16117,7.1132
16177,38.2458
16178,37.9324
16118,7.6433
16179,38.2874
16119,7.1255
16120,7.1963
16180,37.9839
16181,38.0906
16121,7.7061
16182,39.1757
16122,7.1012
16183,37.4432
16123,7.6685
16124,7.1628
16184,38.4364
16185,38.2464
16125,7.3013
16186,39.0604
16126,7.4519
16187,38.0689
16127,7.9081
16188,39.2742
16128,7.8343
16129,7.0454
16189,39.3951
16130,7.1351
16190,37.8503
16191,38.4766
16131,7.1006
16132,7.2466
16192,37.8293
16193,38.7670
16133,7.2650
16194,38.1002
16134,7.8826
16195,39.4914
16135,7.0665
16196,37.3164
16136,7.7086
16137,7.0455
16197,38.7056
16138,7.1379
16198,38.2142
16199,38.6077
16139,7.2777
16200,37.7298
16140,7.7264
16201,39.0980
16141,7.5783
16142,7.0606
16202,39.1090
16203,37.8752
16143,7.0777
16204,37.7149
16144,7.3118
16205,38.0829
16145,7.1822
16206,38.2908
16146,8.0042
16207,40.0628
16147,7.8516
16208,39.0892
16148,7.1701
16149,7.0704
16209,38.7669
16150,7.0978
16210,38.9343
16151,7.1301
16211,37.9079
16212,37.6416
16152,7.7142
16213,38.9272
16153,7.8173
16214,39.3438
16154,7.1792
16155,7.0458
16215,38.3711
16156,7.0587
16216,38.1523
16217,37.3285
16157,7.1437
16218,37.9767
16158,7.7606
16219,38.3974
16159,7.1879
16220,38.2822
16160,8.0433
16161,7.1196
16221,38.8484
16162,7.0389
16222,38.1649
16223,37.4266
16163,7.1828
16224,38.0943
16164,7.4848
16225,38.4728
16165,7.6511
16226,37.7459
16166,7.3779
16227,38.6839
16167,7.5381
16168,7.1098
16228,38.9218
16169,6.9873
16229,38.0002
16230,37.4316
16170,7.3027
16231,39.0978
16171,7.3613
16172,7.1417
16232,38.6335
16233,38.6432
16173,7.7157
16234,38.7079
16174,7.0990
16235,38.3793
16175,6.9807
16236,37.7394
16176,7.3456
16237,38.5422
16177,7.7359
16238,39.0222
16178,7.2151
16179,7.1332
16239,38.5329
16240,38.8807
16180,7.7151
16241,38.9005
16181,7.6976
16242,38.4279
16182,7.1926
16243,37.8971
16183,7.0450
16244,38.1334
16184,7.1409
16245,38.3024
16185,7.8435
16186,6.9992
16246,39.4155
16247,37.5883
16187,7.1207
16248,37.9795
16188,7.6582
16249,38.6848
16189,7.2598
16250,39.2850
16190,7.0326
16251,37.5022
16191,7.1533
16252,38.6492
16192,7.2110
16253,38.7843
16193,7.7008
16194,7.0552
16254,39.3326
16255,38.7413
16195,7.3058
16256,37.9575
16196,7.7484
16257,38.6896
16197,7.2650
16258,38.6068
16198,7.4854
16259,38.5959
16199,7.7727
16260,38.2118
16200,7.5991
16261,38.1062
16201,7.6174
16202,7.0014
16262,38.4112
16263,37.9599
16203,7.2030
16264,37.7094
16204,7.6549
16265,37.9613
16205,7.1235
16266,38.3299
16206,7.2259
16267,39.0836
16207,7.9505
16268,39.3114
16208,7.2450
16209,6.9369
16269,38.3350
16270,38.0430
16210,6.9801
16271,37.7698
16211,7.1746
16272,38.7414
16212,7.1592
16273,38.9038
16213,7.1744
16274,39.2957
16214,7.3767
16275,39.0622
16215,7.6396
16216,7.0499
16276,38.6962
16277,38.1375
16217,7.1819
16278,38.7385
16218,7.2872
16219,7.2061
16279,38.8971
16280,37.7873
16220,7.8839
16281,39.0103
16221,9.5084
16282,38.6983
16222,8.7885
16283,37.9801
16223,8.9797
16284,37.8390
16224,7.4128
16225,7.3363
16285,38.6994
16286,37.7818
16226,7.4032
16287,38.5464
16227,6.9733
16288,38.6229
16228,7.7481
16229,7.0779
16289,38.9771
16290,37.4016
16230,7.2086
16231,7.4742
16291,38.5741
16292,37.7298
16232,7.4715
16293,38.8286
16233,7.1644
16294,38.3214
16234,7.8687
16295,38.2877
16235,7.2197
16296,38.3655
16236,7.0991
16297,37.9149
16237,7.4701
16298,37.9945
16238,7.6057
16239,6.8303
16299,38.2138
16300,37.9211
16240,7.4098
16301,39.2194
16241,7.6599
16242,6.9797
16302,39.1371
16303,38.4759
16243,6.9688
16304,38.0671
16244,7.4775
16305,38.3885
16245,7.6137
16246,6.9558
16306,39.0928
16247,7.0608
16307,38.8184
16308,38.2737
16248,8.1047
16249,7.0960
16309,40.0560
16250,7.6665
16310,37.9880
16311,37.8135
16251,7.6838
16312,38.9645
16252,7.6761
16253,7.1447
16313,38.8288
16314,37.6188
16254,7.5167
16315,39.1655
16255,7.5470
16256,6.8745
16316,37.9812
16317,37.6173
16257,7.0028
16318,38.2456
16258,7.0756
16319,38.6447
16259,7.3065
16260,6.8524
16320,37.8473
16321,38.2035
16261,7.1531
16322,38.9440
16262,7.5709
16323,38.9640
16263,6.8276
16324,37.7527
16264,6.8392
16325,37.2651
16265,7.1774
16326,38.7678
16266,7.2184
16327,38.7413
16267,7.7589
16328,38.8195
16268,7.3668
16329,37.9156
16269,7.4818
16330,38.6308
16270,7.8133
16331,37.7774
16271,7.6212
16332,37.8247
16272,7.2893
16333,37.7333
16273,8.1520
16274,7.1934
16334,40.8907
16275,7.0937
16335,39.0037
16336,38.0627
16276,7.3147
16337,38.9605
16277,7.3007
16338,38.5269
16278,7.4265
16339,38.2614
16279,7.5661
16280,7.1147
16340,39.0393
16341,38.4291
16281,7.5150
16342,39.1239
16282,7.4573
16283,7.0197
16343,39.5160
16344,37.9566
16284,7.2225
16345,39.1937
16285,7.1046
16346,37.8251
16286,7.5805
16287,6.9983
16347,39.8169
16348,38.3325
16288,7.1659
16349,38.2667
16289,7.7867
16290,7.3909
16350,39.0839
16291,7.0701
16351,38.5462
16352,37.7276
16292,7.5255
16353,38.7433
16293,7.1973
16354,38.7257
16294,7.7961
16295,7.1949
16355,38.8006
16356,37.7820
16296,7.7348
16297,7.0425
16357,38.5589
16358,37.4342
16298,7.0370
16359,38.9139
16299,7.5628
16300,6.8507
16360,38.2467
16361,38.2186
16301,7.6308
16302,6.9979
16362,38.8181
16303,6.8999
16363,38.5510
16364,37.9219
16304,7.1930
16305,6.9495
16365,38.8718
16366,38.2606
16306,7.7108
16367,39.4027
16307,7.0813
16368,38.5184
16308,7.6190
16309,6.9857
16369,40.6997
16310,6.9017
16370,38.6311
16311,6.9815
16371,38.3051
16312,6.8887
16372,39.0042
16373,38.9186
16313,7.1652
16374,38.2756
16314,7.7385
16315,7.0282
16375,38.9548
16376,38.9073
16316,6.9708
16377,37.7706
16317,7.5636
16378,39.3886
16318,6.9380
16379,38.0435
16319,7.0524
16380,38.4377
16320,7.1034
16381,39.0196
16321,7.6105
16382,38.1066
16322,6.9922
16383,38.1752
16323,7.6479
16384,38.4570
16324,7.0627
16385,38.1011
16325,6.9465
16326,6.7651
16386,38.1659
16387,37.0685
16327,7.0632
16388,37.9884
16328,7.7451
16329,6.8804
16389,39.2885
16390,38.2326
16330,7.0075
16391,37.6068
16331,7.1859
16332,6.8368
16392,38.9258
16393,37.5338
16333,7.1495
16394,38.2561
16334,7.2705
16395,40.0255
16335,7.5473
16336,6.8215
16396,38.8061
16337,6.8232
16397,37.7063
16338,6.8737
16398,37.8606
16399,38.4909
16339,6.9629
16400,38.4884
16340,7.6560
16401,38.4535
16341,6.9308
16402,38.4803
16342,7.6689
16403,38.9535
16343,7.0803
16404,38.9248
16344,6.9286
16405,38.1781
16345,7.1335
16346,6.9702
16406,40.2529
16347,6.8855
16407,38.8553
16408,38.4962
16348,7.0642
16409,39.4121
16349,7.2419
16410,38.7288
16350,7.3373
16351,6.8648
16411,38.7574
16412,38.1036
16352,7.0698
16413,38.5189
16353,7.1062
16414,37.9560
16354,7.5872
16415,38.3331
16355,7.0589
16416,38.3189
16356,7.1323
16357,6.9629
16417,40.3115
16418,38.1135
16358,7.3759
16359,6.9711
16419,38.4927
16420,37.8438
16360,6.9725
16421,38.2922
16361,7.0455
16422,37.6514
16362,7.2237
16423,38.3892
16363,7.4973
16364,6.8297
16424,40.4142
16365,6.8481
16425,37.8735
16366,6.8006
16426,37.9273
16427,37.4664
16367,7.2961
16428,37.9487
16368,7.9658
16429,38.7470
16369,7.6652
16430,39.3867
16370,7.3696
16371,6.8865
16431,39.2817
16372,6.9073
16432,37.8421
16433,38.1183
16373,7.4369
16434,38.1634
16374,6.8338
16435,38.6700
16375,7.4995
16436,38.6207
16376,7.5723
16377,7.0698
16437,39.2462
16438,38.4743
16378,7.0168
16379,6.7596
16439,38.4614
16440,38.4771
16380,7.0541
16441,38.5782
16381,7.9806
16442,38.6115
16382,7.3993
16383,6.8869
16443,39.5346
16444,37.9849
16384,7.3232
16445,37.7938
16385,7.6172
16446,38.8653
16386,7.1578
16387,7.7953
16447,38.9720
16448,38.1027
16388,7.8126
16389,6.8819
16449,39.5852
16450,37.9609
16390,7.4883
16451,37.4718
16391,7.1015
16452,38.2257
16392,7.2769
16453,39.1066
16393,7.6324
16454,39.1769
16394,8.1143
16455,38.3301
16395,7.6956
16456,38.6559
16396,7.1966
16457,37.7150
16397,6.8314
16458,38.2262
16398,7.3658
16459,37.7213
16399,7.1289
16460,38.2157
16400,7.5925
16461,38.1663
16401,8.0065
16462,38.8817
16402,8.1235
16463,38.9303
16403,7.0166
16464,37.9596
16404,7.4448
16405,7.3117
16465,38.9621
16466,38.1435
16406,7.4689
16467,38.3738
16407,7.3707
16468,39.1308
16408,7.4200
16469,38.2603
16409,8.1546
16470,38.4230
16410,7.4436
16411,6.7851
16471,38.4814
16412,7.0008
16472,38.6784
16473,37.6867
16413,6.8535
16474,38.9857
16414,7.3346
16475,39.4776
16415,7.5097
16476,38.3412
16416,8.1524
16477,38.5460
16417,8.2600
16478,39.0227
16418,6.9359
16419,6.7556
16479,39.6274
16480,37.8363
16420,7.2266
16481,39.4974
16421,6.9632
16482,39.6474
16422,7.3560
16483,38.9611
16423,8.1118
16484,39.1375
16424,7.5647
16485,38.6985
16425,7.3633
16426,6.7085
16486,39.1874
16487,38.1775
16427,6.8896
16488,38.3710
16428,7.0322
16489,38.7988
16429,7.5101
16490,38.8677
16430,7.2896
16491,37.9696
16431,7.8243
16492,38.4285
16432,7.5038
16493,38.3942
16433,7.7900
16494,38.7160
16434,7.4006
16495,38.5219
16435,7.3199
16496,38.6244
16436,7.6965
16497,38.7803
16437,6.8683
16498,38.7870
16438,7.4282
16499,39.3413
16439,7.3148
16500,39.4526
16440,7.1178
16501,38.3753
16441,7.6117
16502,38.9397
16442,7.2791
16503,38.0610
16443,7.7256
16504,39.0844
16444,6.8514
16505,38.0613
16445,7.2979
16506,38.5876
16446,7.0569
16507,39.9938
16447,6.8780
16508,39.0214
16448,7.8683
16509,38.4702
16449,7.6832
16510,39.0958
16450,7.8480
16511,38.9222
16451,7.3659
16452,7.4917
16512,40.2576
16513,38.4965
16453,7.3466
16454,6.7398
16514,39.1443
16515,38.0454
16455,7.8956
16516,38.6586
16456,8.2458
16517,39.5088
16457,7.4333
16518,38.1357
16458,7.8069
16519,39.4268
16459,6.8781
16520,39.2072
16460,7.1059
16521,38.0604
16461,6.9024
16522,39.5512
16462,6.9093
16523,39.0198
16463,7.2225
16524,38.4887
16464,7.4244
16525,39.1914
16465,6.8417
16526,37.9505
16466,7.4718
16527,39.0607
16467,6.7732
16528,38.2342
16468,6.9631
16529,39.5212
16469,6.8151
16530,38.8548
16470,7.3134
16531,39.3358
16471,6.7859
16532,39.0952
16472,6.9055
16533,38.0931
16473,7.4348
16534,39.4927
16474,6.7709
16535,38.4270
16475,6.9282
16536,39.3023
16476,6.8803
16537,38.0760
16477,7.9444
16538,39.4558
16478,6.9571
16479,6.7990
16539,40.9814
16540,38.2846
16480,7.5276
16541,38.6815
16481,7.4590
16482,6.8562
16542,39.5122
16543,38.0999
16483,7.1496
16544,38.8171
16484,7.8144
16545,38.2327
16485,8.1377
16486,6.7957
16546,38.8824
16547,37.8030
16487,6.9306
16548,38.4152
16488,7.8833
16549,38.7729
16489,7.0277
16550,39.0643
16490,6.9851
16551,39.4786
16491,6.7187
16552,37.8105
16492,7.9995
16553,38.4357
16493,7.3109
16554,39.9338
16494,7.1676
16555,38.0249
16495,6.9085
16556,39.3660
16496,7.1140
16557,37.8181
16497,6.9288
16558,38.5934
16498,7.3576
16559,39.4816
16499,6.7763
16560,39.1352
16500,6.8519
16561,38.2019
16501,7.1004
16562,38.5791
16502,7.8370
16563,38.8164
16503,7.6505
16564,38.3307
16504,6.8783
16565,37.8937
16505,7.3848
16566,39.1191
16506,6.8804
16567,39.3823
16507,6.8318
16568,37.8659
16508,7.1717
16569,38.5106
16509,6.8491
16570,38.2379
16510,7.4056
16571,39.5103
16511,7.0320
16572,38.4179
16512,6.9155
16573,38.2176
16513,7.1930
16574,38.9210
16514,6.8793
16575,38.5654
16515,7.2235
16576,39.2645
16516,7.3354
16577,38.2389
16517,6.8836
16578,38.0455
16518,7.4244
16579,38.8180
16519,7.2669
16580,38.0302
16520,7.3258
16581,39.1482
16521,7.0945
16582,38.6545
16522,7.2618
16583,37.9363
16523,6.9461
16584,38.2760
16524,7.7451
16585,38.6527
16525,7.4989
16586,38.8482
16526,6.8951
16587,38.2525
16527,7.6876
16588,38.7204
16528,7.3884
16589,39.0390
16529,7.1761
16590,38.8080
16530,7.4722
16591,38.8225
16531,7.3033
16592,38.9809
16532,6.9430
16593,39.3214
16533,7.2157
16594,38.6172
16534,7.2988
16595,38.7799
16535,7.5113
16596,38.4268
16536,7.1114
16597,38.9885
16537,7.6524
16598,39.6681
16538,7.0148
16599,37.6148
16539,7.1155
16600,38.4938
16540,6.9689
16601,38.9352
16541,6.9077
16602,38.7005
16542,7.3531
16603,38.7728
16543,6.8927
16604,38.2105
16544,7.2424
16605,39.6907
16545,7.1582
16606,38.8042
16546,6.8147
16607,38.2240
16547,7.3270
16608,38.8317
16548,6.8401
16609,38.3977
16549,7.3695
16610,38.6026
16550,7.3753
16611,38.2322
16551,6.8790
16612,38.3779
16552,7.1106
16613,38.6812
16553,6.8760
16614,38.8808
16554,7.2892
16615,38.1142
16555,7.2225
16616,38.5524
16556,7.6265
16617,38.4450
16557,7.6081
16618,39.0996
16558,7.1511
16619,39.4849
16559,7.1812
16620,37.9762
16560,7.0501
16621,38.6015
16561,6.6596
16622,38.1794
16562,8.0246
16623,39.0799
16563,6.6517
16624,37.5321
16564,7.6664
16625,38.6354
16565,7.3340
16626,38.2510
16566,7.1362
16627,38.3673
16567,7.3861
16628,38.3891
16568,7.7051
16629,38.1465
16569,6.7298
16630,38.0727
16570,7.1891
16631,38.2695
16571,7.3370
16632,38.5974
16572,7.4108
16633,38.2904
16573,7.1399
16634,38.2877
16574,7.2986
16635,38.5977
16575,7.2126
16636,38.7076
16576,7.0878
16637,38.6056
16577,6.8267
16638,39.3612
16578,7.4030
16639,38.7219
16579,6.7776
16640,38.0853
16580,7.5857
16641,38.4527
16581,7.1812
16642,38.6141
16582,7.0207
16643,38.0362
16583,7.4414
16644,38.2237
16584,7.8102
16645,38.9020
16585,7.4710
16646,37.8419
16586,6.6256
16647,38.1824
16587,7.5903
16648,38.1925
16588,7.5142
16649,38.6723
16589,7.1647
16650,38.4800
16590,7.1374
16651,38.0989
16591,7.1142
16652,39.5157
16592,6.6373
16653,37.4066
16593,7.6214
16654,39.8784
16594,7.1188
16655,38.2028
16595,6.9336
16656,38.6680
16596,6.9028
16657,39.7215
16597,7.6575
16658,38.0547
16598,6.7692
16659,38.6361
16599,6.6407
16660,38.7011
16600,7.1167
16661,38.3633
16601,7.5667
16662,38.6075
16602,7.2184
16663,39.2047
16603,7.1318
16664,37.8986
16604,7.1179
16665,38.1442
16605,7.2026
16666,39.1836
16606,7.0550
16667,38.0109
16607,7.2923
16668,38.0423
16608,7.5569
16669,38.5390
16609,7.0383
16670,38.6064
16610,6.6176
16671,38.4451
16611,6.3463
16612,6.5013
16672,43.8474
16613,6.5091
16673,37.9050
16674,37.7075
16614,7.1656
16675,38.4687
16615,6.6679
16676,38.3647
16616,7.1892
16677,38.7814
16617,6.8554
16678,37.9668
16618,7.1954
16679,38.5238
16619,7.1689
16620,6.5466
16680,38.2392
16681,38.3652
16621,7.2260
16682,38.4153
16622,6.6098
16683,38.4226
16623,6.7239
16684,37.8871
16624,7.0372
16685,37.8532
16625,6.2008
16686,39.0412
16626,6.5550
16687,39.6184
16627,6.4559
16688,37.7781
16628,6.9178
16689,38.2304
16629,6.3804
16690,38.3950
16630,6.7340
16691,37.8239
16631,6.4881
16692,39.0262
16632,6.3746
16693,38.7816
16633,6.3330
16694,38.8492
16634,6.8749
16695,38.8200
16635,6.5906
16696,38.0978
16636,7.0783
16697,37.7494
16637,6.7109
16698,38.5090
16638,6.5311
16699,38.4068
16639,6.3917
16700,37.9079
16640,7.0999
16701,38.8427
16641,6.3491
16702,38.2436
16642,7.1973
16703,38.9745
16643,6.7926
16704,38.8042
16644,6.7440
16705,38.6209
16645,7.1827
16706,39.3897
16646,6.6986
16707,37.9304
16647,7.0191
16708,38.1380
16648,7.1796
16709,38.6259
16649,6.7902
16710,39.5975
16650,6.6985
16711,38.8271
16651,7.0003
16712,38.6164
16652,6.5634
16713,38.0591
16653,6.9926
16714,38.5096
16654,6.8137
16715,38.4659
16655,6.5359
16716,37.5699
16656,6.5590
16717,39.0018
16657,6.5551
16718,38.6817
16658,6.5306
16719,38.3766
16659,6.6501
16720,38.7263
16660,6.3950
16721,38.7272
16661,6.9873
16722,40.0475
16662,6.7374
16723,39.1137
16663,6.6759
16724,38.4905
16664,6.4742
16725,38.3121
16665,7.1996
16726,38.5368
16666,6.3990
16727,38.1516
16667,6.4232
16728,39.3035
16668,7.2049
16729,39.1865
16669,6.4859
16730,39.2099
16670,6.5468
16731,38.4121
16671,6.5877
16732,39.5943
16672,6.4489
16733,38.7428
16673,6.3740
16734,38.1518
16674,6.2649
16735,38.4233
16675,6.4204
16736,38.6521
16676,6.4135
16737,39.7988
16677,6.1590
16738,37.8811
16678,7.0284
16679,6.1534
16739,39.8210
16740,37.3164
16680,6.8121
16741,38.2698
16681,6.2345
16742,38.3779
16682,6.8073
16743,38.3048
16683,6.7941
16744,37.6893
16684,6.3844
16745,39.6857
16685,6.2668
16746,38.8389
16686,7.2256
16747,38.5171
16687,6.5450
16748,38.2561
16688,6.3382
16749,38.1995
16689,6.8705
16750,38.7866
16690,6.5131
16751,38.9094
16691,6.1552
16752,38.0787
16692,6.8270
16753,39.1584
16693,6.3659
16754,38.6970
16694,6.7579
16755,40.5808
16695,6.2208
16756,38.7643
16696,6.5009
16757,39.0142
16697,6.4039
16758,38.8925
16698,6.2637
16759,38.0892
16699,6.3673
16760,39.6771
16700,6.3342
16761,38.2290
16701,7.0527
16762,39.0483
16702,6.3380
16763,37.8675
16703,6.6802
16764,39.3183
16704,6.7181
16765,38.6962
16705,6.5979
16766,39.4421
16706,6.3341
16767,38.2331
16707,6.9051
16768,38.4513
16708,6.6393
16769,38.5515
16709,6.5523
16770,38.2821
16710,6.3350
16771,38.5298
16711,6.4613
16772,38.9601
16712,7.0232
16773,38.8179
16713,6.7096
16774,38.1675
16714,6.4022
16775,38.6459
16715,6.4931
16776,37.7381
16716,6.5968
16777,38.0535
16717,6.4330
16778,37.9718
16718,6.9315
16779,38.6521
16719,6.4035
16780,38.2060
16720,7.0249
16781,38.8643
16721,6.5124
16782,38.2958
16722,7.0055
16783,38.9264
16723,6.6496
16784,37.8061
16724,6.4719
16785,38.8167
16725,6.4697
16786,38.4239
16726,6.4691
16787,39.2036
16727,6.4441
16788,39.2961
16728,6.3431
16789,38.3529
16729,6.8293
16790,38.9375
16730,6.8094
16791,38.6874
16731,6.1631
16792,37.8520
16732,6.7972
16793,38.3438
16733,6.8084
16794,38.9414
16734,6.2857
16795,39.0172
16735,6.2975
16796,37.6838
16736,6.8041
16797,38.3617
16737,6.5986
16798,38.7164
16738,6.6035
16799,39.5259
16739,6.4963
16800,38.3680
16740,6.4835
16801,39.6432
16741,6.3459
16802,39.1730
16742,6.3712
16803,38.2396
16743,6.4057
16804,39.3065
16744,6.2386
16805,38.2060
16745,6.4707
16806,39.4748
16746,7.4991
16807,38.4199
16747,6.4438
16808,38.8923
16748,6.7841
16809,37.8610
16749,6.4908
16810,38.4635
16750,7.0251
16811,38.9070
16751,6.7441
16812,38.8128
16752,6.5112
16813,38.2404
16753,7.1472
16814,38.3666
16754,6.4751
16815,38.7616
16755,7.0301
16816,38.6401
16756,6.4545
16817,38.4078
16757,6.9279
16818,38.4710
16758,6.4398
16819,38.0921
16759,7.1162
16760,6.4995
16820,39.9582
16821,38.3814
16761,7.0088
16822,38.8524
16762,6.5723
16823,39.3539
16763,6.5131
16824,38.5212
16764,7.0606
16825,38.1710
16765,6.4310
16826,38.3063
16766,7.4571
16827,39.3636
16767,6.6693
16828,38.2097
16768,6.7198
16829,38.8781
16769,6.5900
16830,37.6253
16770,6.3276
16831,37.9634
16771,6.6384
16832,38.0921
16772,6.8555
16833,38.0306
16773,6.7640
16834,38.2686
16774,6.9820
16835,38.8053
16775,6.7331
16836,37.9470
16776,6.9207
16837,38.4774
16777,6.3674
16838,38.1367
16778,6.4878
16839,37.8587
16779,6.9750
16840,38.8141
16780,6.3045
16841,38.1745
16781,6.4925
16842,38.6885
16782,6.3667
16843,38.1270
16783,6.5309
16844,38.9375
16784,6.4289
16845,38.4265
16785,7.0675
16846,39.2728
16786,6.5288
16847,38.2730
16787,7.1052
16848,38.6574
16788,6.4051
16849,38.2509
16789,6.5368
16850,39.1095
16790,6.6361
16851,38.7576
16791,6.4679
16852,38.7418
16792,7.0435
16853,39.5267
16793,6.4856
16854,38.3135
16794,6.9145
16855,38.6513
16795,6.5063
16856,37.8187
16796,6.8659
16857,38.2084
16797,7.0609
16858,38.6738
16798,6.6352
16859,38.9215
16799,6.4511
16860,37.9898
16800,6.4267
16861,38.0481
16801,6.5930
16862,38.2685
16802,7.1295
16863,39.8071
16803,6.6391
16864,37.6018
16804,7.0548
16865,38.3691
16805,6.5370
16866,39.1048
16806,6.6248
16867,39.2485
16807,6.6480
16868,39.2863
16808,6.5599
16869,38.2011
16809,7.1219
16870,38.5209
16810,6.4197
16871,38.7673
16811,7.0473
16872,38.7110
16812,6.3483
16873,37.9600
16813,6.9698
16874,38.1705
16814,6.8842
16875,38.5670
16815,6.2660
16876,38.6507
16816,6.9322
16877,38.1050
16817,6.2469
16878,37.5943
16818,7.0899
16879,38.2834
16819,6.4252
16880,39.2399
16820,6.8176
16881,39.0055
16821,6.6024
16882,38.2407
16822,6.6786
16883,38.3881
16823,6.4037
16884,38.1534
16824,6.4572
16885,38.6437
16825,7.2441
16886,39.3901
16826,6.6015
16887,39.0809
16827,6.6298
16888,38.8544
16828,6.4833
16889,38.3982
16829,7.1433
16890,38.9034
16830,6.6100
16891,38.6845
16831,6.9989
16892,38.9932
16832,6.6050
16893,38.2815
16833,8.8382
16894,38.6917
16834,6.4084
16895,38.0071
16835,6.4193
16896,37.6771
16836,6.8805
16897,38.2004
16837,7.1578
16898,38.9512
16838,6.5701
16899,38.2693
16839,6.9089
16900,38.1663
16840,6.8938
16901,38.8068
16841,6.6195
16902,38.3863
16842,6.7660
16903,37.9876
16843,6.9776
16904,39.0737
16844,7.0598
16905,38.5552
16845,6.5920
16906,39.0710
16846,6.5482
16907,37.9323
16847,6.4019
16908,38.0648
16848,7.1172
16909,38.6482
16849,6.5216
16910,37.8107
16850,7.1269
16911,38.1357
16851,6.3736
16912,37.7178
16852,6.5475
16913,38.7468
16853,6.9718
16914,39.2808
16854,6.6108
16915,39.2185
16855,6.5166
16916,39.0618
16856,6.4464
16917,38.4599
16857,6.8115
16918,38.2893
16858,7.0520
16919,38.7975
16859,6.7652
16920,39.4561
16860,6.6685
16921,38.7971
16861,7.1572
16922,40.2521
16862,6.5585
16923,38.1777
16863,6.8643
16924,38.5067
16864,6.4751
16925,38.3769
16865,6.5547
16926,38.0651
16866,7.2667
16927,37.9352
16867,7.2464
16928,39.4885
16868,6.7601
16929,37.4400
16869,7.1611
16930,38.2125
16870,6.6788
16931,38.3670
16871,6.6926
16932,39.2348
16872,6.6281
16933,37.9229
16873,7.3952
16934,39.1438
16874,6.6278
16935,38.6177
16875,6.5534
16936,38.7139
16876,6.8422
16937,37.8499
16877,7.2058
16938,38.2433
16878,6.5889
16939,38.7585
16879,7.2693
16940,39.0436
16880,6.5774
16941,38.1913
16881,7.1345
16942,38.7049
16882,7.1245
16943,39.0706
16883,6.5615
16944,37.7720
16884,7.3609
16945,38.5147
16885,6.3277
16946,37.6495
16886,6.9332
16947,38.1897
16887,6.6873
16948,38.1493
16888,6.4732
16949,38.6753
16889,7.9799
16950,38.7599
16890,6.4073
16951,38.3866
16891,6.6949
16952,38.4723
16892,6.6483
16953,38.7636
16893,6.8435
16954,38.8931
16894,6.4446
16955,38.4791
16895,6.7568
16956,39.6884
16896,6.4630
16957,38.0972
16897,6.5818
16958,38.7128
16898,6.5849
16959,37.6313
16899,6.6321
16960,37.8635
16900,7.9890
16961,39.0191
16901,6.5256
16962,38.0787
16902,6.5024
16963,38.5411
16903,6.6755
16964,39.1928
16904,6.6121
16965,38.3050
16905,7.2239
16966,38.5802
16906,6.5613
16967,38.7926
16907,6.8022
16968,38.5692
16908,6.8820
16969,38.4485
16909,6.3860
16970,38.0322
16910,6.7709
16971,37.7179
16911,7.3036
16972,39.3978
16912,6.3632
16973,37.7589
16913,7.3909
16974,38.9634
16914,6.4845
16975,37.9998
16915,6.5047
16976,38.8989
16916,7.1395
16977,38.5321
16917,6.4616
16978,38.8061
16918,6.7616
16979,38.2165
16919,6.5705
16980,38.6481
16920,6.8526
16981,38.2828
16921,6.8258
16982,38.0183
16922,6.6793
16983,39.0681
16923,6.9117
16984,38.7910
16924,6.5474
16985,39.1780
16925,6.9082
16986,39.1683
16926,6.5530
16987,38.1452
16927,6.9254
16988,38.6029
16928,6.6901
16989,39.1212
16929,6.5185
16990,38.0884
16930,6.6332
16991,39.3340
16931,6.5567
16992,38.1193
16932,6.7091
16993,41.2204
16933,9.2840
16994,38.5412
16934,8.6783
16995,38.2541
16935,7.0617
16996,38.3377
16936,8.6595
16997,38.1765
16937,6.4919
16938,6.3524
16998,37.7167
16999,37.4777
16939,6.5045
17000,37.0505
16940,6.6031
17001,38.1624
16941,8.6203
17002,38.8031
16942,6.3960
17003,38.6231
16943,8.2610
17004,37.9371
16944,7.1600
16945,6.4581
17005,38.8843
17006,37.7521
16946,6.6715
17007,37.9995
16947,7.5446
16948,6.5231
17008,40.0782
17009,38.1929
16949,7.1387
17010,38.5740
16950,6.6197
17011,38.2697
16951,6.4626
17012,39.0610
16952,6.5289
17013,38.6573
16953,6.6201
17014,37.7923
16954,9.2752
17015,39.0578
16955,6.6004
17016,38.4971
16956,9.0968
17017,38.9435
16957,6.9573
16958,6.4760
17018,37.9985
16959,6.5212
17019,39.2444
17020,38.3176
16960,6.6660
17021,38.5214
16961,9.4386
17022,39.4310
16962,7.1432
17023,38.7192
16963,8.3788
17024,38.8047
16964,6.4669
16965,6.8053
17025,38.6718
17026,38.0374
16966,6.3760
17027,38.0292
16967,7.3756
17028,38.3907
16968,9.3345
17029,38.3689
16969,6.8579
16970,6.9225
17030,38.4114
17031,38.1975
16971,7.0595
17032,38.0494
16972,6.6618
17033,38.2444
16973,6.5485
17034,37.7114
16974,7.0952
17035,40.6352
16975,8.9002
17036,37.9471
16976,7.8793
17037,39.6100
16977,6.4616
16978,6.4803
17038,38.3209
17039,37.8267
16979,6.6053
17040,37.6440
16980,7.1777
17041,38.3383
16981,6.5039
17042,38.1350
16982,7.0558
17043,39.2445
16983,6.7484
17044,38.8706
16984,7.0498
17045,38.1363
16985,6.7230
17046,38.3809
16986,6.6247
17047,38.3993
16987,6.6501
17048,38.4150
16988,6.5576
17049,38.2721
16989,6.9770
17050,38.6863
16990,6.5366
17051,38.6524
16991,7.7187
17052,38.4155
16992,6.7632
17053,38.7852
16993,8.3274
17054,38.6127
16994,6.9440
16995,7.9515
17055,38.8954
17056,38.3218
16996,8.7300
17057,38.5454
16997,6.3370
17058,37.7516
16998,8.2565
17059,38.6624
16999,6.3644
17060,38.1357
17000,11.6923
17061,38.4440
17001,6.7984
17002,6.2790
17062,39.4712
17003,6.3201
17063,38.0100
17064,37.1344
17004,6.4920
17065,37.4583
17005,6.5106
17066,38.5942
17006,8.7529
17067,39.3070
17007,8.0721
17068,38.8362
17008,6.9270
17069,38.1520
17009,6.4140
17070,37.8106
17010,9.1010
17071,37.8908
17011,7.1191
17012,6.2470
17072,38.0533
17073,37.4039
17013,8.8417
17074,37.5901
17014,6.9932
17075,38.6904
17015,9.0847
17076,38.4625
17016,6.7698
17077,38.2280
17017,6.9614
17078,38.0772
17018,8.6783
17079,38.5904
17019,6.5698
17020,6.9636
17080,38.0617
17081,38.4756
17021,8.2162
17082,37.9331
17022,6.6413
17083,38.5572
17023,8.1973
17084,38.0276
17024,6.9368
17025,8.9549
17085,39.3103
17086,37.5026
17026,7.1110
17027,6.3383
17087,39.1615
17088,38.3720
17028,11.4134
17089,37.5188
17029,6.8172
17090,38.1246
17030,6.4781
17091,38.5961
17031,6.6587
17092,38.8447
17032,10.2107
17093,38.0572
17033,7.2313
17034,6.8969
17094,39.3937
17095,38.3862
17035,9.2326
17096,38.6120
17036,7.2928
17037,6.4617
17097,38.5214
17038,7.1089
17098,37.9368
17099,38.1216
17039,6.4057
17100,38.3238
17040,8.8755
17101,38.4892
17041,7.8457
17102,38.5090
17042,6.6289
17103,37.6550
17043,11.5675
17104,39.6585
17044,7.4400
17045,6.3839
17105,38.3706
17046,6.4138
17106,37.4659
17047,6.4593
17107,37.7185
17108,38.2909
17048,8.7123
17109,38.3337
17049,6.5644
17110,38.5723
17050,9.8000
17111,38.8164
17051,7.5931
17052,6.4324
17112,39.5574
17113,38.6248
17053,6.9461
17114,38.3513
17054,6.6343
17115,40.5264
17055,6.3835
17116,38.3737
17056,6.4613
17117,38.4845
17057,6.4185
17118,37.8902
17058,7.1489
17119,38.4244
17059,6.5006
17120,39.6103
17060,6.5043
17121,38.7016
17061,7.3751
17122,38.1831
17062,6.5985
17123,38.7352
17063,6.7053
17124,38.7111
17064,6.3673
17125,38.2418
17065,7.5567
17126,38.8264
17066,6.9927
17127,38.7468
17067,6.5675
17128,38.0437
17068,6.4842
17129,38.0146
17069,7.1469
17130,39.2587
17070,6.7140
17131,37.8667
17071,6.4887
17132,39.3469
17072,7.0664
17073,6.4230
17133,38.9794
17134,37.5117
17074,7.1384
17135,39.3280
17075,6.5482
17136,38.5505
17076,6.6383
17137,38.0862
17077,6.6435
17138,38.7827
17078,6.7690
17139,37.8581
17079,7.0299
17140,38.5258
17080,6.5043
17141,37.9170
17081,7.7750
17142,39.4836
17082,6.5775
17143,38.4462
17083,7.1144
17144,38.9893
17084,6.4526
17145,38.7926
17085,6.6076
17146,37.8449
17086,7.1256
17147,39.0468
17087,6.4991
17148,38.2440
17088,6.5708
17149,38.5942
17089,6.5058
17150,37.9898
17090,6.8222
17151,39.0208
17091,6.5137
17152,38.6234
17092,6.5431
17153,38.3269
17093,7.9003
17154,38.6958
17094,6.6318
17155,39.1974
17095,6.9025
17156,38.3475
17096,6.5619
17157,38.6292
17097,6.6593
17158,38.0251
17098,7.1766
17159,38.7848
17099,6.5378
17160,38.6061
17100,6.7314
17161,37.9822
17101,6.7281
17162,38.7639
17102,6.7509
17163,39.1753
17103,6.5969
17164,39.7265
17104,6.5294
17165,37.9690
17105,6.7814
17166,38.3054
17106,6.6583
17167,39.4410
17107,6.5295
17168,38.2061
17108,7.0067
17169,39.3996
17109,6.4272
17170,38.0579
17110,6.5291
17171,38.7788
17111,6.9767
17172,39.4011
17112,6.4982
17173,39.3587
17113,6.4759
17174,38.1595
17114,6.5470
17175,39.0407
17115,6.5758
17176,38.9303
17116,6.4847
17177,38.4702
17117,7.0056
17178,38.2233
17118,6.4882
17179,38.4942
17119,6.6556
17180,39.5506
17120,6.5546
17181,38.1731
17121,6.9143
17182,38.5488
17122,6.3796
17183,38.4471
17123,6.9733
17184,39.9776
17124,6.4436
17185,37.8207
17125,6.5994
17186,38.4133
17126,6.8780
17187,39.0997
17127,6.3049
17188,38.4037
17128,6.8851
17189,39.0377
17129,6.4847
17190,38.3722
17130,6.4983
17191,38.2007
17131,6.9912
17192,38.9898
17132,6.4280
17193,37.9052
17133,6.8607
17194,39.1476
17134,6.4029
17195,38.7921
17135,6.9563
17196,38.2755
17136,6.6183
17197,38.5265
17137,6.4317
17198,38.6629
17138,7.0826
17199,39.4706
17139,6.3495
17200,38.5032
17140,6.3434
17201,38.8541
17141,6.5786
17202,39.3567
17142,6.4583
17203,38.8932
17143,6.5599
17204,39.0707
17144,6.3865
17205,39.2649
17145,6.3448
17206,39.3541
17146,6.3169
17207,38.7585
17147,6.5108
17208,38.7302
17148,6.9435
17209,38.5399
17149,6.4159
17210,39.1308
17150,6.3573
17211,39.6072
17151,6.4248
17212,38.0132
17152,6.4860
17213,38.4847
17153,6.6474
17214,39.4255
17154,6.4775
17215,38.8348
17155,6.8785
17216,39.1631
17156,6.2683
17217,38.1120
17157,6.7820
17218,39.4030
17158,6.3516
17219,38.8576
17159,6.3835
17220,38.5598
17160,6.9455
17221,38.9141
17161,6.3170
17222,38.7659
17162,6.3590
17223,38.7701
17163,6.8680
17224,38.2330
17164,6.4933
17225,38.7811
17165,6.3007
17226,38.2894
17166,6.8435
17227,38.9738
17167,6.5419
17228,38.1873
17168,6.4495
17229,38.1878
17169,6.5293
17230,38.2176
17170,6.3971
17231,39.2062
17171,6.5043
17232,39.5651
17172,6.2037
17233,37.7537
17173,6.7184
17234,38.8281
17174,6.3965
17235,38.8407
17175,7.0011
17236,39.3512
17176,6.3469
17237,38.1238
17177,6.7893
17238,38.9823
17178,6.5495
17239,38.4241
17179,6.5375
17240,38.6448
17180,6.8331
17241,38.4517
17181,6.3133
17242,38.4579
17182,6.4423
17243,38.8206
17183,6.2372
17244,38.2966
17184,6.7350
17245,39.0780
17185,6.3312
17246,38.2266
17186,6.3938
17247,38.5727
17187,6.3479
17248,38.6294
17188,6.5915
17249,38.9730
17189,6.4623
17250,38.6205
17190,6.6431
17191,6.2916
17251,45.0737
17192,7.1033
17252,38.4311
17253,37.5324
17193,6.7017
17254,38.4644
17194,6.3721
17255,38.9519
17195,6.3633
17256,38.1960
17196,6.7791
17257,38.2560
17197,7.3954
17258,39.2816
17198,6.2670
17259,37.9223
17199,6.4812
17260,38.5045
17200,6.3920
17261,38.3248
17201,6.8011
17262,38.9629
17202,6.3745
17263,38.5412
17203,6.4186
17264,38.0993
17204,6.4815
17265,39.7123
17205,6.2549
17266,38.0154
17206,7.1637
17207,6.1996
17267,40.3075
17268,38.2886
17208,6.3705
17269,38.7154
17209,6.5390
17270,39.5666
17210,6.3680
17271,38.2109
17211,6.2747
17272,38.7082
17212,6.4911
17273,39.0337
17213,6.5163
17274,38.1399
17214,6.3942
17275,38.6112
17215,6.4875
17276,39.1867
17216,6.3240
17277,38.4778
17217,6.3605
17278,38.1896
17218,6.4268
17279,39.0624
17219,6.3251
17280,38.1498
17220,6.6997
17281,38.4040
17221,6.5977
17282,38.4119
17222,6.5774
17283,38.4116
17223,6.4320
17284,38.8842
17224,6.4699
17285,38.0050
17225,6.9028
17286,38.5135
17226,6.4016
17287,37.5736
17227,6.8397
17288,38.5922
17228,6.3987
17289,38.2736
17229,6.4800
17290,38.7313
17230,6.5000
17291,38.3470
17231,6.3107
17292,38.4277
17232,6.3880
17293,38.3797
17233,6.3770
17294,39.1171
17234,6.4247
17295,38.3535
17235,6.3627
17296,38.6114
17236,6.2687
17297,37.9063
17237,6.8062
17298,38.2371
17238,6.3938
17299,39.3830
17239,6.3029
17300,39.3937
17240,6.2253
17301,38.2591
17241,6.7596
17302,38.5593
17242,6.8698
17303,38.6928
17243,6.2406
17304,38.1559
17244,6.7622
17305,39.1098
17245,6.2634
17306,38.4183
17246,6.7867
17307,39.3927
17247,6.4927
17308,38.6280
17248,6.3736
17309,38.2947
17249,6.7721
17310,38.0295
17250,6.4885
17311,38.7669
17251,6.3124
17312,38.6110
17252,6.3582
17313,38.4125
17253,6.3678
17314,38.5090
17254,6.3372
17315,38.6077
17255,6.3582
17316,39.1681
17256,6.9339
17317,39.2737
17257,6.5050
17318,39.0671
17258,6.7317
17319,39.5441
17259,6.3965
17320,38.4392
17260,6.3009
17321,38.2844
17261,6.5166
17322,38.5639
17262,6.6053
17323,39.8591
17263,6.4436
17324,39.2128
17264,6.4524
17325,38.3385
17265,6.4593
17326,38.4379
17266,6.5483
17327,38.5684
17267,6.8568
17328,38.6955
17268,6.6279
17329,37.9744
17269,6.4281
17330,39.1081
17270,6.7097
17331,38.6598
17271,6.8622
17332,38.9716
17272,6.3984
17333,39.1329
17273,6.8140
17334,38.9209
17274,6.4901
17335,40.3511
17275,6.3787
17336,39.0432
17276,6.8011
17337,38.5175
17277,6.3721
17338,38.1670
17278,6.8484
17339,38.6107
17279,6.3729
17340,38.1614
17280,6.3175
17341,39.4400
17281,6.4674
17342,39.3299
17282,6.5157
17343,39.7979
17283,6.7270
17344,38.4845
17284,6.5216
17345,39.8483
17285,6.3675
17346,38.7313
17286,6.4055
17347,38.6941
17287,6.7260
17348,38.8273
17288,6.3902
17349,38.6232
17289,6.2980
17350,37.9881
17290,6.7722
17351,39.1383
17291,6.6290
17352,39.4095
17292,6.3104
17353,37.7772
17293,7.0015
17354,37.9751
17294,6.5025
17355,38.6412
17295,6.3019
17356,38.3010
17296,6.7878
17357,37.8534
17297,6.5355
17358,39.3312
17298,6.5545
17359,38.6733
17299,6.3376
17360,38.2629
17300,6.4799
17361,39.2750
17301,6.4854
17362,38.4100
17302,6.8813
17363,38.8892
17303,6.4990
17364,38.9427
17304,6.3578
17365,37.8114
17305,6.8575
17366,39.2623
17306,6.3990
17367,38.7687
17307,6.8638
17368,40.1837
17308,6.3378
17369,38.8736
17309,6.9853
17370,39.1041
17310,6.3928
17371,38.4365
17311,6.5293
17372,38.3720
17312,6.3849
17373,37.6300
17313,6.9306
17374,38.5540
17314,6.9755
17375,38.9613
17315,6.3543
17376,37.8497
17316,7.0505
17377,39.5084
17317,6.3907
17378,38.2243
17318,6.5033
17379,38.9605
17319,6.3554
17380,38.2811
17320,6.7954
17381,38.4261
17321,6.7719
17382,38.4723
17322,6.5682
17383,38.3038
17323,6.4878
17384,38.6101
17324,6.4771
17385,38.5706
17325,6.4318
17386,39.4654
17326,6.7186
17387,38.2201
17327,6.3277
17388,38.4281
17328,6.3419
17389,37.4023
17329,6.3021
17390,37.8938
17330,6.8328
17391,38.3100
17331,6.2543
17392,38.4335
17332,6.7631
17393,38.4501
17333,6.7590
17394,38.8170
17334,6.7067
17395,38.5218
17335,6.9090
17396,38.9689
17336,6.2814
17397,37.9968
17337,7.1153
17398,38.6842
17338,6.3014
17399,38.1998
17339,6.8942
17400,39.0335
17340,6.3800
17401,39.2414
17341,6.6009
17402,38.1728
17342,7.0433
17403,38.9117
17343,6.4650
17404,38.4357
17344,6.3919
17405,38.3437
17345,6.3038
17406,37.9513
17346,6.8813
17407,38.8845
17347,6.8309
17408,38.8533
17348,6.4607
17409,38.1985
17349,6.8436
17410,38.6139
17350,6.9956
17411,38.8210
17351,6.2856
17412,39.5082
17352,6.7574
17413,38.3963
17353,6.5481
17414,39.4212
17354,6.3345
17415,38.8766
17355,6.4002
17416,38.3327
17356,6.4523
17417,39.3412
17357,6.3642
17418,38.1583
17358,6.7907
17419,39.7806
17359,6.8850
17420,38.4678
17360,6.4407
17421,39.1749
17361,6.8459
17422,37.8436
17362,6.4067
17423,38.2134
17363,6.9750
17424,38.9607
17364,6.4275
17425,38.9330
17365,6.4101
17426,38.3264
17366,6.4592
17427,38.3248
17367,6.4730
17428,38.8852
17368,7.1649
17429,38.6168
17369,6.3614
17430,38.1951
17370,7.0849
17431,38.5213
17371,6.8852
17432,38.0073
17372,6.7722
17433,39.6619
17373,6.4194
17434,38.2948
17374,6.9982
17435,38.6726
17375,6.5096
17436,39.0908
17376,6.3573
17437,38.4412
17377,6.3932
17438,38.2268
17378,6.6737
17439,38.6925
17379,6.3127
17440,38.8893
17380,6.3473
17441,38.1439
17381,6.7332
17442,38.6133
17382,6.2669
17443,37.9090
17383,6.7576
17444,38.1540
17384,6.3513
17445,37.8624
17385,6.9290
17446,38.2776
17386,6.4616
17447,38.1946
17387,6.3379
17448,38.5190
17388,6.3992
17449,38.0161
17389,6.8142
17450,38.3716
17390,6.2740
17451,38.0430
17391,6.8049
17452,37.9025
17392,6.4662
17453,38.7436
17393,6.2900
17454,37.9415
17394,6.9380
17455,38.8209
17395,6.2701
17456,37.9210
17396,6.5250
17457,38.9515
17397,6.3148
17458,38.5169
17398,6.4887
17459,39.4164
17399,6.4610
17460,38.5447
17400,6.4091
17461,38.7172
17401,6.5004
17462,38.2554
17402,6.4052
17463,38.9606
17403,7.0279
17464,38.9593
17404,6.2808
17465,38.5983
17405,7.1339
17466,39.6541
17406,6.4129
17467,38.9440
17407,6.6319
17468,38.8559
17408,6.3882
17469,38.0050
17409,6.5620
17470,38.1779
17410,6.9321
17471,38.8384
17411,6.3568
17472,38.7998
17412,6.3731
17473,38.1965
17413,6.4035
17474,38.1871
17414,6.4616
17475,38.5749
17415,7.1533
17476,39.9486
17416,6.4336
17477,37.5829
17417,6.8423
17478,38.3235
17418,6.8690
17479,39.5571
17419,6.3468
17480,38.5742
17420,6.9383
17481,39.6550
17421,6.4434
17482,37.9452
17422,6.8691
17483,38.6851
17423,6.4432
17484,39.1100
17424,6.8544
17485,38.5613
17425,6.3123
17486,37.9619
17426,6.9228
17487,38.2077
17427,6.9417
17488,38.3130
17428,6.7721
17489,38.7402
17429,6.3388
17490,37.7095
17430,6.9735
17491,38.0222
17431,6.8403
17492,38.0828
17432,6.3653
17493,38.8639
17433,6.3822
17494,38.5829
17434,6.6792
17435,6.6996
17495,40.2702
17496,38.0317
17436,6.7678
17497,38.2579
17437,6.8082
17498,38.1781
17438,7.0140
17499,39.3808
17439,6.5782
17500,39.1167
17440,6.4822
17501,38.9398
17441,6.3379
17502,38.0447
17442,6.3974
17503,38.7021
17443,6.3415
17504,39.0400
17444,6.3831
17505,38.8054
17445,6.3444
17506,38.4939
17446,6.7727
17507,38.6248
17447,6.2734
17508,37.6358
17448,6.7903
17509,37.9079
17449,6.3047
17510,38.0379
17450,7.1170
17511,38.8903
17451,6.2785
17512,38.0355
17452,6.6366
17513,38.1153
17453,6.6664
17514,38.6697
17454,6.4370
17515,38.5261
17455,6.4525
17516,38.0362
17456,6.8272
17517,38.9403
17457,6.7677
17518,38.2655
17458,6.7126
17519,38.8390
17459,6.3456
17520,37.9374
17460,6.5590
17521,37.9138
17461,6.8621
17522,38.6268
17462,6.2775
17523,37.8938
17463,6.9539
17524,38.2152
17464,6.2536
17525,37.3400
17465,6.3821
17526,38.4835
17466,6.3684
17527,38.8177
17467,6.8921
17528,39.1347
17468,6.2597
17529,39.1797
17469,6.2660
17530,38.3938
17470,6.3169
17531,38.3975
17471,6.7210
17532,39.0533
17472,6.4401
17533,39.1594
17473,6.2942
17534,38.6695
17474,6.4528
17535,39.5591
17475,6.2775
17536,38.5782
17476,6.6556
17537,38.6065
17477,6.6766
17538,38.5496
17478,6.4716
17539,38.2119
17479,6.7429
17540,37.9416
17480,6.7938
17541,39.5565
17481,6.4072
17542,37.5857
17482,6.4320
17543,38.4380
17483,6.6008
17544,38.5357
17484,6.5638
17545,38.6874
17485,6.2872
17546,38.0307
17486,7.0482
17547,39.1064
17487,6.5098
17548,38.5361
17488,6.4314
17549,38.9246
17489,6.2383
17550,37.7399
17490,6.8232
17551,38.1557
17491,6.2560
17552,38.7819
17492,7.0193
17553,38.9636
17493,6.2443
17554,38.2177
17494,6.9870
17555,38.8840
17495,6.4533
17556,38.7833
17496,6.4094
17557,37.9278
17497,6.3511
17558,38.3433
17498,6.3653
17559,37.7188
17499,6.2433
17560,38.3232
17500,6.7589
17561,38.4131
17501,6.3124
17562,38.3698
17502,6.8182
17563,38.7050
17503,6.3478
17564,38.5287
17504,6.3667
17565,38.4401
17505,6.6048
17566,38.7276
17506,6.8972
17567,39.1430
17507,6.3011
17568,38.9641
17508,6.5297
17569,39.6951
17509,6.4278
17570,38.5084
17510,6.6845
17571,38.8517
17511,6.1402
17572,38.4556
17512,6.2905
17573,37.7977
17513,6.8625
17574,38.8783
17514,6.1931
17575,38.3033
17515,6.5890
17576,38.4734
17516,6.3600
17577,39.2865
17517,6.2321
17578,38.0319
17518,6.3879
17579,38.1774
17519,7.0125
17580,38.8460
17520,6.2502
17581,38.3100
17521,6.7894
17582,38.3489
17522,6.3238
17583,38.0981
17523,6.4808
17584,37.8955
17524,6.8031
17585,39.0067
17525,6.1663
17586,37.7863
17526,6.7715
17587,39.0999
17527,6.2028
17588,38.0923
17528,6.4025
17589,38.9030
17529,6.3342
17590,38.3822
17530,6.8186
17591,39.0996
17531,6.1642
17592,38.1599
17532,6.7474
17593,38.9690
17533,6.3651
17594,38.0621
17534,6.3554
17595,38.0555
17535,6.8861
17596,39.8071
17536,6.2946
17597,38.8244
17537,6.2929
17598,39.1347
17538,6.8045
17599,39.5003
17539,6.2583
17600,38.6422
17540,6.2537
17601,38.6866
17541,6.4939
17602,39.4268
17542,6.2254
17603,38.0733
17543,6.5184
17604,39.4278
17544,6.3027
17605,37.8721
17545,6.4777
17606,38.4294
17546,6.2169
17607,38.3128
17547,6.9146
17608,38.5299
17548,6.2042
17609,38.3794
17549,6.4046
17610,37.9735
17550,6.3851
17611,38.3209
17551,6.7377
17612,38.1216
17552,6.1780
17613,37.7338
17553,6.2721
17614,38.0761
17554,6.4988
17615,38.6367
17555,6.9371
17616,39.0216
17556,6.1364
17617,37.6932
17557,6.9897
17618,38.8735
17558,6.8442
17619,38.1258
17559,6.4926
17620,38.0321
17560,6.8426
17621,40.0658
17561,6.3822
17622,38.2859
17562,6.8024
17623,38.7806
17563,6.4530
17624,38.1817
17564,6.2741
17625,38.8449
17565,6.2508
17626,39.0839
17566,6.1599
17627,37.6128
17567,6.7076
17628,39.1886
17568,6.7934
17629,38.8551
17569,6.2670
17630,38.8759
17570,6.2217
17631,37.7211
17571,6.3464
17632,39.7590
17572,6.3195
17633,39.2037
17573,6.3876
17634,38.9042
17574,6.3042
17635,39.2583
17575,6.2595
17636,38.7831
17576,6.7819
17637,38.6428
17577,6.2773
17638,38.7406
17578,6.8279
17639,38.3759
17579,6.2154
17640,38.0320
17580,6.7125
17641,38.3803
17581,6.2104
17642,38.2866
17582,6.7622
17643,38.2744
17583,6.3583
17644,38.4804
17584,6.7581
17645,38.3396
17585,6.3246
17646,38.2502
17586,6.3088
17647,37.8491
17587,6.6621
17648,37.3960
17588,6.5988
17649,37.9178
17589,6.7608
17650,39.7815
17590,6.2542
17651,38.8845
17591,6.3534
17652,38.4799
17592,6.2465
17653,37.8696
17593,6.8574
17654,38.3579
17594,6.4199
17655,38.4801
17595,6.8699
17656,39.1019
17596,6.2394
17657,38.9450
17597,6.2260
17658,38.3115
17598,6.4046
17659,38.6555
17599,6.2752
17660,38.9329
17600,6.3313
17661,38.8990
17601,6.2073
17662,38.8840
17602,6.6251
17663,38.6841
17603,6.3760
17664,39.1492
17604,6.3324
17665,38.6254
17605,6.4538
17666,39.1703
17606,6.2930
17667,38.6349
17607,6.3297
17668,39.1484
17608,6.4186
17669,39.0156
17609,6.7886
17670,39.7695
17610,6.7996
17671,37.9086
17611,6.5174
17672,38.7648
17612,6.9705
17673,38.5635
17613,6.5298
17674,38.2042
17614,6.9917
17675,39.3158
17615,6.5501
17676,38.4541
17616,6.9298
17677,37.8523
17617,7.2099
17678,38.2508
17618,6.6678
17679,38.6930
17619,6.7993
17680,39.1965
17620,6.6558
17681,38.3286
17621,6.2044
17682,38.0795
17622,6.9122
17683,38.1517
17623,6.9890
17684,38.0353
17624,7.2332
17685,38.0245
17625,6.9305
17686,37.9304
17626,7.1820
17687,37.8938
17627,6.6816
17688,38.3958
17628,7.1754
17689,38.6908
17629,6.7178
17690,37.8852
17630,6.9859
17691,38.6416
17631,7.3827
17692,38.3900
17632,6.6279
17693,37.7964
17633,7.5361
17694,39.5104
17634,6.6589
17695,37.3201
17635,7.1043
17696,38.5855
17636,6.4593
17697,38.5963
17637,6.5869
17698,38.8870
17638,6.4638
17699,37.7434
17639,6.8867
17700,38.8813
17640,6.5844
17701,39.0151
17641,6.2253
17702,37.8032
17642,6.9437
17703,38.2217
17643,7.1366
17704,39.1283
17644,6.7753
17705,38.8106
17645,6.4382
17706,38.1983
17646,7.3782
17707,39.1928
17647,6.6194
17708,39.4011
17648,6.3515
17709,39.1380
17649,6.5528
17710,38.2631
17650,6.4976
17711,38.5641
17651,7.4122
17712,38.9591
17652,6.5187
17713,38.0987
17653,6.9161
17714,38.2990
17654,6.9237
17715,38.6350
17655,6.6667
17716,38.2691
17656,6.6167
17717,38.8795
17657,7.1680
17718,38.0312
17658,6.6425
17719,37.8942
17659,6.9719
17720,38.3898
17660,6.9970
17721,38.9737
17661,6.4924
17722,38.2861
17662,7.5406
17723,38.9623
17663,6.8580
17724,38.2763
17664,6.6546
17725,39.0325
17665,7.3508
17726,38.9796
17666,6.6220
17727,37.8057
17667,7.0994
17728,38.4148
17668,7.0365
17729,38.3147
17669,6.7770
17730,38.1148
17670,7.0808
17731,37.7364
17671,7.2118
17732,38.2504
17672,6.5994
17733,39.7818
17673,6.4263
17734,38.7025
17674,6.8112
17735,38.2433
17675,6.6973
17736,38.8298
17676,6.3036
17737,38.4447
17677,7.1644
17738,38.2536
17678,6.6295
17739,38.6484
17679,6.8162
17740,38.4385
17680,6.9349
17741,38.2755
17681,6.6404
17742,38.0567
17682,6.9615
17743,39.2009
17683,6.4371
17744,38.0373
17684,7.5622
17745,39.2893
17685,6.6810
17746,38.9608
17686,6.4206
17747,38.2125
17687,7.3306
17748,39.4382
17688,6.3944
17749,38.3668
17689,6.4500
17750,38.1363
17690,6.3787
17751,38.9242
17691,7.2238
17752,38.1627
17692,6.6573
17753,38.5622
17693,6.4462
17754,39.5031
17694,6.4099
17755,39.0748
17695,6.3891
17756,38.3904
17696,6.6674
17757,38.6352
17697,6.2605
17758,38.6281
17698,6.9483
17759,37.7236
17699,6.3537
17760,38.6783
17700,6.7299
17761,38.5369
17701,6.1773
17762,38.4584
17702,6.3556
17763,37.4431
17703,6.7850
17764,39.0610
17704,6.8125
17765,38.1984
17705,6.6862
17766,38.5083
17706,6.4092
17767,38.3516
17707,6.7829
17768,38.6141
17708,6.3303
17769,38.1477
17709,6.5357
17770,38.6254
17710,6.5444
17771,38.0094
17711,7.2343
17772,38.4595
17712,6.2320
17773,38.1606
17713,7.3836
17774,38.1392
17714,6.2462
17775,38.3431
17715,6.9207
17776,39.1589
17716,6.8963
17777,39.3873
17717,6.5375
17778,37.9646
17718,7.1355
17779,38.1604
17719,6.9195
17780,39.3421
17720,6.4830
17781,38.2070
17721,7.1213
17782,39.2419
17722,6.2875
17783,37.7081
17723,6.6628
17784,38.2685
17724,6.8417
17785,39.3436
17725,6.7172
17726,6.4439
17786,41.3390
17787,37.5617
17727,6.5658
17788,38.7521
17728,6.9340
17789,38.4339
17729,6.9174
17790,38.3714
17730,7.5409
17791,38.2052
17731,6.5881
17792,38.6434
17732,6.4830
17733,6.7121
17793,41.4464
17794,37.5444
17734,7.0826
17795,38.3795
17735,6.9632
17796,38.4170
17736,7.2006
17737,6.3574
17797,39.7935
17798,37.8524
17738,6.6579
17799,37.9632
17739,7.3314
17800,39.1152
17740,7.2088
17741,6.2831
17801,38.4852
17802,37.9533
17742,7.0034
17803,38.3143
17743,6.3243
17804,37.6703
17744,7.1214
17805,38.8557
17745,6.6332
17806,37.6143
17746,7.1062
17807,38.9546
17747,7.2080
17808,38.6279
17748,6.6438
17809,37.4965
17749,7.3731
17810,38.4346
17750,6.5761
17811,37.8913
17751,7.0691
17812,39.3381
17752,6.9502
17813,38.0655
17753,6.6841
17814,38.5325
17754,6.5829
17815,38.9702
17755,7.3495
17816,38.8631
17756,6.7210
17817,38.6529
17757,6.9016
17818,39.4235
17758,6.7901
17819,38.7635
17759,6.4489
17820,38.5197
17760,7.0506
17821,38.8163
17761,6.4337
17822,38.2986
17762,6.6875
17823,38.6673
17763,6.7046
17824,39.5774
17764,6.6860
17825,37.7713
17765,6.5753
17826,38.2711
17766,7.3053
17827,39.4873
17767,6.6886
17828,38.2060
17768,6.5461
17829,38.8862
17769,6.8648
17830,37.9028
17770,6.4215
17831,38.7519
17771,6.4068
17832,38.5283
17772,7.1528
17833,38.4365
17773,6.4578
17834,38.5034
17774,6.7396
17835,38.9396
17775,6.6048
17836,38.1442
17776,6.2491
17837,37.5665
17777,7.2079
17838,37.9728
17778,6.5907
17839,38.3854
17779,7.4140
17840,38.8332
17780,6.3500
17841,38.1782
17781,6.7549
17842,38.2235
17782,6.6499
17843,38.2300
17783,6.7427
17844,38.6784
17784,6.5515
17845,39.2463
17785,6.9706
17846,37.8712
17786,6.7601
17847,37.7798
17787,6.6222
17848,38.4065
17788,7.0875
17789,6.7012
17849,38.9415
17850,37.3668
17790,6.7630
17851,38.5091
17791,7.0681
17792,6.8083
17852,38.2151
17853,37.5984
17793,6.6422
17854,37.9825
17794,6.6094
17855,37.8857
17795,7.0029
17856,38.2818
17796,7.6225
17797,6.5941
17857,38.4482
17798,6.4086
17858,38.3437
17859,37.3130
17799,7.2913
17800,6.5600
17860,38.7048
17801,6.4550
17861,37.7692
17862,38.1229
17802,6.7419
17863,38.2713
17803,8.0010
17804,6.7683
17864,39.0862
17805,6.4629
17865,37.8779
17866,37.1787
17806,7.1671
17867,37.8687
17807,6.8179
17808,6.5013
17868,38.7742
17869,37.6487
17809,7.4316
17870,38.3367
17810,7.0107
17811,6.4649
17871,38.9617
17872,37.2252
17812,6.6410
17873,38.3088
17813,6.4916
17874,37.9910
17814,6.3615
17875,38.5241
17815,7.1973
17876,38.7390
17816,6.7711
17877,37.9343
17817,6.7049
17878,39.6058
17818,6.7073
17879,37.5173
17819,6.9436
17820,6.4969
17880,39.4814
17821,6.2971
17881,38.0784
17882,37.6941
17822,6.7369
17883,38.6305
17823,6.9831
17884,38.0970
17824,6.9997
17825,6.4019
17885,38.6875
17886,38.1487
17826,6.6594
17887,37.9994
17827,7.0930
17888,38.6639
17828,7.0147
17889,38.6337
17829,6.7374
17890,37.7555
17830,6.7279
17891,37.5166
17831,7.1692
17892,39.4312
17832,6.3781
17893,37.9109
17833,6.7849
17894,38.3238
17834,6.5720
17895,38.0374
17835,6.8976
17896,38.2575
17836,6.6621
17837,6.8000
17897,38.2911
17898,37.8276
17838,6.8766
17839,6.4625
17899,38.2109
17900,37.3997
17840,6.3689
17901,37.9464
17841,6.9124
17902,38.1802
17842,7.1030
17843,6.1731
17903,38.7492
17904,37.8566
17844,6.7318
17905,38.4964
17845,6.6740
17846,6.6162
17906,38.0826
17907,38.3795
17847,6.9689
17908,38.0230
17848,7.1467
17909,38.4972
17849,6.8367
17910,37.8041
17850,6.0757
17911,37.4310
17851,6.1675
17912,38.7195
17852,6.8769
17913,39.2800
17853,6.5165
17914,37.4861
17854,6.5853
17915,38.1017
17855,7.1602
17916,38.8620
17856,6.4341
17917,37.6792
17857,6.7698
17918,38.3246
17858,7.3332
17859,6.2844
17919,38.6403
17860,6.5658
17920,38.4442
17921,37.8947
17861,6.5835
17922,37.6533
17862,7.3195
17923,37.8621
17863,6.6805
17864,6.3774
17924,38.4264
17925,38.0128
17865,7.2655
17926,37.9085
17866,6.7386
17927,38.3070
17867,6.7511
17928,38.3183
17868,6.5913
17869,6.4690
17929,38.5446
17930,38.4673
17870,7.5784
17871,6.5939
17931,39.1441
17872,6.7895
17932,38.4377
17933,37.5236
17873,6.7340
17934,38.0274
17874,6.9065
17875,6.7628
17935,38.5149
17936,39.4007
17876,6.7189
17937,38.7527
17877,7.1030
17878,6.5494
17938,38.1858
17939,37.7109
17879,6.4431
17940,38.2192
17880,6.7608
17941,38.1858
17881,6.6264
17942,37.6832
17882,6.5814
17943,38.6850
17883,6.8708
17944,38.4597
17884,6.4017
17945,38.1609
17885,6.4711
17946,38.6020
17886,6.7311
17947,38.7934
17887,6.7679
17888,6.3545
17948,39.8717
17949,38.0727
17889,6.9940
17950,38.3772
17890,6.8737
17951,37.9489
17891,6.4957
17952,37.9652
17892,6.6554
17953,38.1710
17893,7.3330
17894,6.7903
17954,39.5260
17955,39.0891
17895,6.8113
17896,6.3880
17956,41.3964
17957,38.2176
17897,7.0123
17898,6.2260
17958,39.6253
17899,6.1908
17959,38.0606
17900,6.2505
17960,37.6489
17961,38.2482
17901,6.8573
17962,38.6112
17902,6.8178
17903,6.1910
17963,38.1251
17964,38.6961
17904,6.8469
17905,6.4691
17965,39.6882
17906,6.1385
17966,37.3885
17967,37.2930
17907,6.5459
17968,38.4164
17908,6.2591
17969,37.7671
17909,6.8902
17970,38.0585
17910,6.9817
17971,39.4147
17911,7.0827
17912,6.0708
17972,39.1487
17913,6.2508
17973,37.6590
17914,6.1125
17974,38.5224
17915,6.2211
17975,38.0560
17976,38.3798
17916,6.6812
17977,38.8324
17917,6.3218
17978,38.0568
17918,6.9641
17919,6.1375
17979,39.6108
17920,6.2201
17980,38.5573
17921,6.5931
17981,39.1784
17922,6.5823
17982,38.2693
17983,38.2438
17923,6.8391
17984,38.6755
17924,7.3144
17985,38.9306
17925,7.0828
17926,6.5911
17986,38.1288
17927,6.7852
17987,37.8101
17928,6.5503
17988,38.4030
17989,37.5850
17929,6.5979
17990,39.2607
17930,7.3740
17991,38.6666
17931,6.5746
17992,39.4495
17932,6.8705
17933,6.4418
17993,38.5621
17994,38.0390
17934,6.4203
17995,38.3284
17935,7.0089
17996,37.8680
17936,6.2973
17997,38.3988
17937,6.3209
17998,38.8706
17938,6.3825
17999,39.0534
17939,6.7410
18000,38.2118
17940,6.8003
18001,38.7230
17941,6.2072
18002,37.8728
17942,6.2824
17943,6.2436
18003,37.4433
18004,37.6156
17944,7.3830
18005,38.7976
17945,6.2133
18006,37.7730
17946,6.4380
18007,38.1627
17947,6.8720
17948,6.5980
18008,38.5462
18009,38.5271
17949,6.7770
18010,38.2108
17950,6.3858
18011,38.2501
17951,6.6663
18012,37.9302
17952,7.1744
17953,6.2477
18013,39.2720
17954,6.6339
18014,38.2540
18015,37.8335
17955,7.0552
17956,6.5960
18016,38.9155
18017,37.9160
17957,6.4455
18018,38.3388
17958,6.7619
17959,6.4961
18019,39.9970
18020,38.3719
17960,7.2581
17961,6.2586
18021,38.9572
18022,37.5969
17962,6.5233
18023,38.3868
17963,6.8230
18024,38.5930
17964,6.9536
18025,39.5181
17965,6.4114
18026,38.2338
17966,7.0477
18027,39.1674
17967,7.1771
17968,6.8249
18028,39.3039
18029,37.8601
17969,6.3994
18030,38.7777
17970,6.6346
18031,37.9841
17971,6.2760
18032,39.2146
17972,6.3276
18033,38.3877
17973,7.0006
17974,6.8305
18034,39.2233
18035,37.7535
17975,7.2122
17976,6.2901
18036,38.6013
17977,6.5371
18037,38.3735
17978,6.8852
18038,38.4433
18039,37.8691
17979,7.0808
17980,6.7865
18040,38.7106
18041,38.1369
17981,7.1390
18042,38.4670
17982,6.5562
18043,38.5578
17983,7.4106
18044,38.3862
17984,6.6224
17985,6.6862
18045,38.1664
17986,6.6210
18046,39.2739
18047,38.2656
17987,7.1636
17988,6.8347
18048,38.9113
17989,6.5715
18049,39.4258
17990,6.5174
18050,37.9109
18051,38.0948
17991,7.3786
17992,6.2972
18052,39.1407
18053,39.2278
17993,6.2212
17994,6.3025
18054,38.1176
18055,38.2881
17995,6.4775
18056,38.0568
17996,6.6691
18057,37.8858
17997,6.7622
18058,37.9846
17998,6.6897
18059,37.9706
17999,6.6184
18060,38.5412
18000,6.3706
18061,38.7141
18001,6.1080
18062,37.7494
18002,6.1642
18063,37.6975
18003,6.2731
18064,37.7919
18004,7.2903
18005,6.3589
18065,38.1639
18066,38.8248
18006,6.2871
18007,6.5504
18067,38.3615
18068,38.6477
18008,7.5480
18009,6.2522
18069,38.5966
18010,6.4068
18070,38.6137
18071,38.1781
18011,6.6242
18072,39.7124
18012,6.3512
18073,38.6474
18013,6.3724
18074,38.6571
18014,6.2152
18015,6.3392
18075,38.3396
18076,38.7535
18016,7.7713
18017,6.2821
18077,39.1399
18018,6.3565
18078,38.8088
18019,6.3629
18079,38.9554
18080,38.5360
18020,6.5926
18081,39.1518
18021,7.7140
18082,38.2838
18022,6.4394
18083,38.3289
18023,6.3179
18084,38.5015
18024,6.4982
18025,6.2848
18085,38.7827
18026,6.2700
18086,38.0643
18087,38.0248
18027,6.6158
18088,37.9975
18028,7.5509
18089,39.8187
18029,6.6940
18090,37.8420
18030,6.3994
18091,38.1238
18031,6.7823
18032,6.3608
18092,39.6261
18093,38.2955
18033,6.5389
18094,39.0760
18034,6.4722
18095,37.7713
18035,6.5906
18096,38.8781
18036,7.3910
18037,6.3141
18097,39.7004
18098,37.9192
18038,6.2471
18099,37.8716
18039,7.0999
18040,6.2515
18100,38.1237
18041,6.2874
18101,38.0369
18102,38.2509
18042,6.4699
18103,38.1042
18043,7.5843
18104,38.0949
18044,7.1314
18045,6.2380
18105,38.4929
18046,6.3880
18106,38.8061
18107,38.3929
18047,6.5972
18108,38.3850
