2026-07-24 19:12:03,528 - sflow.task.server_8 - INFO - 1: rm: cannot remove '/usr/local/cuda/compat/lib': Read-only file system
2026-07-24 19:12:03,528 - sflow.task.server_8 - INFO - 3: rm: cannot remove '/usr/local/cuda/compat/lib': Read-only file system
2026-07-24 19:12:03,529 - sflow.task.server_8 - INFO - 2: rm: cannot remove '/usr/local/cuda/compat/lib': Read-only file system
2026-07-24 19:12:03,529 - sflow.task.server_8 - INFO - 0: rm: cannot remove '/usr/local/cuda/compat/lib': Read-only file system
2026-07-24 19:12:04,138 - sflow.task.server_8 - INFO - 4: rm: cannot remove '/usr/local/cuda/compat/lib': Read-only file system
2026-07-24 19:12:04,138 - sflow.task.server_8 - INFO - 7: rm: cannot remove '/usr/local/cuda/compat/lib': Read-only file system
2026-07-24 19:12:04,138 - sflow.task.server_8 - INFO - 6: rm: cannot remove '/usr/local/cuda/compat/lib': Read-only file system
2026-07-24 19:12:04,138 - sflow.task.server_8 - INFO - 5: rm: cannot remove '/usr/local/cuda/compat/lib': Read-only file system
2026-07-24 19:12:05,817 - sflow.task.server_8 - INFO - 1: export TRTLLM_MOE_ENABLE_ALLTOALL_WITHOUT_ALLGATHER='1'
2026-07-24 19:12:05,817 - sflow.task.server_8 - INFO - 1: export TRTLLM_SERVER_DISABLE_GC='1'
2026-07-24 19:12:05,817 - sflow.task.server_8 - INFO - 1: export TRTLLM_WORKER_DISABLE_GC='1'
2026-07-24 19:12:05,817 - sflow.task.server_8 - INFO - 1: export OMPI_MCA_coll_ucc_enable='0'
2026-07-24 19:12:05,817 - sflow.task.server_8 - INFO - 1: export TRTLLM_ENABLE_PDL='0'
2026-07-24 19:12:05,817 - sflow.task.server_8 - INFO - 1: Skipping /usr/local/lib/python3.12/dist-packages/tensorrt_llm/_torch/auto_deploy/custom_ops/fused_moe/trtllm_moe.py: tinygemm2 router dispatch not present
2026-07-24 19:12:05,817 - sflow.task.server_8 - INFO - 1: Traceback (most recent call last):
2026-07-24 19:12:05,817 - sflow.task.server_8 - INFO - 1:   File "/work/scaleout/sflow/tools/apply_trtllm_pr15790_disable_tinygemm2.py", line 196, in <module>
2026-07-24 19:12:05,817 - sflow.task.server_8 - INFO - 1:     main()
2026-07-24 19:12:05,817 - sflow.task.server_8 - INFO - 1:   File "/work/scaleout/sflow/tools/apply_trtllm_pr15790_disable_tinygemm2.py", line 164, in main
2026-07-24 19:12:05,817 - sflow.task.server_8 - INFO - 1:     apply_patch()
2026-07-24 19:12:05,817 - sflow.task.server_8 - INFO - 1:   File "/work/scaleout/sflow/tools/apply_trtllm_pr15790_disable_tinygemm2.py", line 183, in apply_patch
2026-07-24 19:12:05,817 - sflow.task.server_8 - INFO - 1:     if patch_modeling_gpt_oss(paths["modeling_gpt_oss"]):
2026-07-24 19:12:05,817 - sflow.task.server_8 - INFO - 1:        ^^^^^^^^^^^^^^^^^^^^^^^^^^^^^^^^^^^^^^^^^^^^^^^^^
2026-07-24 19:12:05,817 - sflow.task.server_8 - INFO - 1:   File "/work/scaleout/sflow/tools/apply_trtllm_pr15790_disable_tinygemm2.py", line 139, in patch_modeling_gpt_oss
2026-07-24 19:12:05,817 - sflow.task.server_8 - INFO - 1:     return write_if_changed(path, text, patched)
2026-07-24 19:12:05,817 - sflow.task.server_8 - INFO - 1:            ^^^^^^^^^^^^^^^^^^^^^^^^^^^^^^^^^^^^^
2026-07-24 19:12:05,817 - sflow.task.server_8 - INFO - 1:   File "/work/scaleout/sflow/tools/apply_trtllm_pr15790_disable_tinygemm2.py", line 70, in write_if_changed
2026-07-24 19:12:05,817 - sflow.task.server_8 - INFO - 1:     path.write_text(patched)
2026-07-24 19:12:05,817 - sflow.task.server_8 - INFO - 1:   File "/usr/lib/python3.12/pathlib.py", line 1049, in write_text
2026-07-24 19:12:05,817 - sflow.task.server_8 - INFO - 1:     with self.open(mode='w', encoding=encoding, errors=errors, newline=newline) as f:
2026-07-24 19:12:05,817 - sflow.task.server_8 - INFO - 1:          ^^^^^^^^^^^^^^^^^^^^^^^^^^^^^^^^^^^^^^^^^^^^^^^^^^^^^^^^^^^^^^^^^^^^^^
2026-07-24 19:12:05,817 - sflow.task.server_8 - INFO - 1:   File "/usr/lib/python3.12/pathlib.py", line 1015, in open
2026-07-24 19:12:05,817 - sflow.task.server_8 - INFO - 1:     return io.open(self, mode, buffering, encoding, errors, newline)
2026-07-24 19:12:05,817 - sflow.task.server_8 - INFO - 1:            ^^^^^^^^^^^^^^^^^^^^^^^^^^^^^^^^^^^^^^^^^^^^^^^^^^^^^^^^^
2026-07-24 19:12:05,817 - sflow.task.server_8 - INFO - 1: OSError: [Errno 30] Read-only file system: '/usr/local/lib/python3.12/dist-packages/tensorrt_llm/_torch/models/modeling_gpt_oss.py'
2026-07-24 19:12:06,020 - sflow.task.server_8 - INFO - 3: export TRTLLM_MOE_ENABLE_ALLTOALL_WITHOUT_ALLGATHER='1'
2026-07-24 19:12:06,020 - sflow.task.server_8 - INFO - 3: export TRTLLM_SERVER_DISABLE_GC='1'
2026-07-24 19:12:06,020 - sflow.task.server_8 - INFO - 3: export TRTLLM_WORKER_DISABLE_GC='1'
2026-07-24 19:12:06,020 - sflow.task.server_8 - INFO - 3: export OMPI_MCA_coll_ucc_enable='0'
2026-07-24 19:12:06,020 - sflow.task.server_8 - INFO - 3: export TRTLLM_ENABLE_PDL='0'
2026-07-24 19:12:06,071 - sflow.task.server_8 - INFO - 3: Skipping /usr/local/lib/python3.12/dist-packages/tensorrt_llm/_torch/auto_deploy/custom_ops/fused_moe/trtllm_moe.py: tinygemm2 router dispatch not present
2026-07-24 19:12:06,071 - sflow.task.server_8 - INFO - 3: Traceback (most recent call last):
2026-07-24 19:12:06,071 - sflow.task.server_8 - INFO - 3:   File "/work/scaleout/sflow/tools/apply_trtllm_pr15790_disable_tinygemm2.py", line 196, in <module>
2026-07-24 19:12:06,071 - sflow.task.server_8 - INFO - 3:     main()
2026-07-24 19:12:06,071 - sflow.task.server_8 - INFO - 3:   File "/work/scaleout/sflow/tools/apply_trtllm_pr15790_disable_tinygemm2.py", line 164, in main
2026-07-24 19:12:06,071 - sflow.task.server_8 - INFO - 3:     apply_patch()
2026-07-24 19:12:06,071 - sflow.task.server_8 - INFO - 3:   File "/work/scaleout/sflow/tools/apply_trtllm_pr15790_disable_tinygemm2.py", line 183, in apply_patch
2026-07-24 19:12:06,071 - sflow.task.server_8 - INFO - 3:     if patch_modeling_gpt_oss(paths["modeling_gpt_oss"]):
2026-07-24 19:12:06,071 - sflow.task.server_8 - INFO - 3:        ^^^^^^^^^^^^^^^^^^^^^^^^^^^^^^^^^^^^^^^^^^^^^^^^^
2026-07-24 19:12:06,071 - sflow.task.server_8 - INFO - 3:   File "/work/scaleout/sflow/tools/apply_trtllm_pr15790_disable_tinygemm2.py", line 139, in patch_modeling_gpt_oss
2026-07-24 19:12:06,071 - sflow.task.server_8 - INFO - 3:     return write_if_changed(path, text, patched)
2026-07-24 19:12:06,071 - sflow.task.server_8 - INFO - 3:            ^^^^^^^^^^^^^^^^^^^^^^^^^^^^^^^^^^^^^
2026-07-24 19:12:06,071 - sflow.task.server_8 - INFO - 3:   File "/work/scaleout/sflow/tools/apply_trtllm_pr15790_disable_tinygemm2.py", line 70, in write_if_changed
2026-07-24 19:12:06,071 - sflow.task.server_8 - INFO - 3:     path.write_text(patched)
2026-07-24 19:12:06,071 - sflow.task.server_8 - INFO - 3:   File "/usr/lib/python3.12/pathlib.py", line 1049, in write_text
2026-07-24 19:12:06,071 - sflow.task.server_8 - INFO - 3:     with self.open(mode='w', encoding=encoding, errors=errors, newline=newline) as f:
2026-07-24 19:12:06,071 - sflow.task.server_8 - INFO - 3:          ^^^^^^^^^^^^^^^^^^^^^^^^^^^^^^^^^^^^^^^^^^^^^^^^^^^^^^^^^^^^^^^^^^^^^^
2026-07-24 19:12:06,071 - sflow.task.server_8 - INFO - 3:   File "/usr/lib/python3.12/pathlib.py", line 1015, in open
2026-07-24 19:12:06,071 - sflow.task.server_8 - INFO - 3:     return io.open(self, mode, buffering, encoding, errors, newline)
2026-07-24 19:12:06,071 - sflow.task.server_8 - INFO - 3:            ^^^^^^^^^^^^^^^^^^^^^^^^^^^^^^^^^^^^^^^^^^^^^^^^^^^^^^^^^
2026-07-24 19:12:06,071 - sflow.task.server_8 - INFO - 3: OSError: [Errno 30] Read-only file system: '/usr/local/lib/python3.12/dist-packages/tensorrt_llm/_torch/models/modeling_gpt_oss.py'
2026-07-24 19:12:06,121 - sflow.task.server_8 - INFO - 1: rm: cannot remove '/usr/local/cuda/compat/lib': Read-only file system
2026-07-24 19:12:06,172 - sflow.task.server_8 - INFO - 0: export TRTLLM_MOE_ENABLE_ALLTOALL_WITHOUT_ALLGATHER='1'
2026-07-24 19:12:06,172 - sflow.task.server_8 - INFO - 0: export TRTLLM_SERVER_DISABLE_GC='1'
2026-07-24 19:12:06,172 - sflow.task.server_8 - INFO - 0: export TRTLLM_WORKER_DISABLE_GC='1'
2026-07-24 19:12:06,172 - sflow.task.server_8 - INFO - 0: export OMPI_MCA_coll_ucc_enable='0'
2026-07-24 19:12:06,172 - sflow.task.server_8 - INFO - 0: export TRTLLM_ENABLE_PDL='0'
2026-07-24 19:12:06,172 - sflow.task.server_8 - INFO - 0: Skipping /usr/local/lib/python3.12/dist-packages/tensorrt_llm/_torch/auto_deploy/custom_ops/fused_moe/trtllm_moe.py: tinygemm2 router dispatch not present
2026-07-24 19:12:06,172 - sflow.task.server_8 - INFO - 0: Traceback (most recent call last):
2026-07-24 19:12:06,172 - sflow.task.server_8 - INFO - 0:   File "/work/scaleout/sflow/tools/apply_trtllm_pr15790_disable_tinygemm2.py", line 196, in <module>
2026-07-24 19:12:06,172 - sflow.task.server_8 - INFO - 0:     main()
2026-07-24 19:12:06,172 - sflow.task.server_8 - INFO - 0:   File "/work/scaleout/sflow/tools/apply_trtllm_pr15790_disable_tinygemm2.py", line 164, in main
2026-07-24 19:12:06,172 - sflow.task.server_8 - INFO - 0:     apply_patch()
2026-07-24 19:12:06,172 - sflow.task.server_8 - INFO - 0:   File "/work/scaleout/sflow/tools/apply_trtllm_pr15790_disable_tinygemm2.py", line 183, in apply_patch
2026-07-24 19:12:06,172 - sflow.task.server_8 - INFO - 0:     if patch_modeling_gpt_oss(paths["modeling_gpt_oss"]):
2026-07-24 19:12:06,172 - sflow.task.server_8 - INFO - 0:        ^^^^^^^^^^^^^^^^^^^^^^^^^^^^^^^^^^^^^^^^^^^^^^^^^
2026-07-24 19:12:06,172 - sflow.task.server_8 - INFO - 0:   File "/work/scaleout/sflow/tools/apply_trtllm_pr15790_disable_tinygemm2.py", line 139, in patch_modeling_gpt_oss
2026-07-24 19:12:06,172 - sflow.task.server_8 - INFO - 0:     return write_if_changed(path, text, patched)
2026-07-24 19:12:06,172 - sflow.task.server_8 - INFO - 0:            ^^^^^^^^^^^^^^^^^^^^^^^^^^^^^^^^^^^^^
2026-07-24 19:12:06,172 - sflow.task.server_8 - INFO - 0:   File "/work/scaleout/sflow/tools/apply_trtllm_pr15790_disable_tinygemm2.py", line 70, in write_if_changed
2026-07-24 19:12:06,172 - sflow.task.server_8 - INFO - 0:     path.write_text(patched)
2026-07-24 19:12:06,172 - sflow.task.server_8 - INFO - 0:   File "/usr/lib/python3.12/pathlib.py", line 1049, in write_text
2026-07-24 19:12:06,172 - sflow.task.server_8 - INFO - 0:     with self.open(mode='w', encoding=encoding, errors=errors, newline=newline) as f:
2026-07-24 19:12:06,172 - sflow.task.server_8 - INFO - 0:          ^^^^^^^^^^^^^^^^^^^^^^^^^^^^^^^^^^^^^^^^^^^^^^^^^^^^^^^^^^^^^^^^^^^^^^
2026-07-24 19:12:06,172 - sflow.task.server_8 - INFO - 0:   File "/usr/lib/python3.12/pathlib.py", line 1015, in open
2026-07-24 19:12:06,172 - sflow.task.server_8 - INFO - 0:     return io.open(self, mode, buffering, encoding, errors, newline)
2026-07-24 19:12:06,172 - sflow.task.server_8 - INFO - 0:            ^^^^^^^^^^^^^^^^^^^^^^^^^^^^^^^^^^^^^^^^^^^^^^^^^^^^^^^^^
2026-07-24 19:12:06,172 - sflow.task.server_8 - INFO - 0: OSError: [Errno 30] Read-only file system: '/usr/local/lib/python3.12/dist-packages/tensorrt_llm/_torch/models/modeling_gpt_oss.py'
2026-07-24 19:12:06,275 - sflow.task.server_8 - INFO - 3: rm: cannot remove '/usr/local/cuda/compat/lib': Read-only file system
2026-07-24 19:12:06,326 - sflow.task.server_8 - INFO - 2: export TRTLLM_MOE_ENABLE_ALLTOALL_WITHOUT_ALLGATHER='1'
2026-07-24 19:12:06,326 - sflow.task.server_8 - INFO - 2: export TRTLLM_SERVER_DISABLE_GC='1'
2026-07-24 19:12:06,326 - sflow.task.server_8 - INFO - 2: export TRTLLM_WORKER_DISABLE_GC='1'
2026-07-24 19:12:06,326 - sflow.task.server_8 - INFO - 2: export OMPI_MCA_coll_ucc_enable='0'
2026-07-24 19:12:06,326 - sflow.task.server_8 - INFO - 2: export TRTLLM_ENABLE_PDL='0'
2026-07-24 19:12:06,326 - sflow.task.server_8 - INFO - 2: Skipping /usr/local/lib/python3.12/dist-packages/tensorrt_llm/_torch/auto_deploy/custom_ops/fused_moe/trtllm_moe.py: tinygemm2 router dispatch not present
2026-07-24 19:12:06,326 - sflow.task.server_8 - INFO - 2: Traceback (most recent call last):
2026-07-24 19:12:06,326 - sflow.task.server_8 - INFO - 2:   File "/work/scaleout/sflow/tools/apply_trtllm_pr15790_disable_tinygemm2.py", line 196, in <module>
2026-07-24 19:12:06,326 - sflow.task.server_8 - INFO - 2:     main()
2026-07-24 19:12:06,326 - sflow.task.server_8 - INFO - 2:   File "/work/scaleout/sflow/tools/apply_trtllm_pr15790_disable_tinygemm2.py", line 164, in main
2026-07-24 19:12:06,326 - sflow.task.server_8 - INFO - 2:     apply_patch()
2026-07-24 19:12:06,326 - sflow.task.server_8 - INFO - 2:   File "/work/scaleout/sflow/tools/apply_trtllm_pr15790_disable_tinygemm2.py", line 183, in apply_patch
2026-07-24 19:12:06,326 - sflow.task.server_8 - INFO - 2:     if patch_modeling_gpt_oss(paths["modeling_gpt_oss"]):
2026-07-24 19:12:06,326 - sflow.task.server_8 - INFO - 2:        ^^^^^^^^^^^^^^^^^^^^^^^^^^^^^^^^^^^^^^^^^^^^^^^^^
2026-07-24 19:12:06,326 - sflow.task.server_8 - INFO - 2:   File "/work/scaleout/sflow/tools/apply_trtllm_pr15790_disable_tinygemm2.py", line 139, in patch_modeling_gpt_oss
2026-07-24 19:12:06,326 - sflow.task.server_8 - INFO - 2:     return write_if_changed(path, text, patched)
2026-07-24 19:12:06,326 - sflow.task.server_8 - INFO - 2:            ^^^^^^^^^^^^^^^^^^^^^^^^^^^^^^^^^^^^^
2026-07-24 19:12:06,326 - sflow.task.server_8 - INFO - 2:   File "/work/scaleout/sflow/tools/apply_trtllm_pr15790_disable_tinygemm2.py", line 70, in write_if_changed
2026-07-24 19:12:06,326 - sflow.task.server_8 - INFO - 2:     path.write_text(patched)
2026-07-24 19:12:06,326 - sflow.task.server_8 - INFO - 2:   File "/usr/lib/python3.12/pathlib.py", line 1049, in write_text
2026-07-24 19:12:06,326 - sflow.task.server_8 - INFO - 2:     with self.open(mode='w', encoding=encoding, errors=errors, newline=newline) as f:
2026-07-24 19:12:06,326 - sflow.task.server_8 - INFO - 2:          ^^^^^^^^^^^^^^^^^^^^^^^^^^^^^^^^^^^^^^^^^^^^^^^^^^^^^^^^^^^^^^^^^^^^^^
2026-07-24 19:12:06,326 - sflow.task.server_8 - INFO - 2:   File "/usr/lib/python3.12/pathlib.py", line 1015, in open
2026-07-24 19:12:06,326 - sflow.task.server_8 - INFO - 2:     return io.open(self, mode, buffering, encoding, errors, newline)
2026-07-24 19:12:06,326 - sflow.task.server_8 - INFO - 2:            ^^^^^^^^^^^^^^^^^^^^^^^^^^^^^^^^^^^^^^^^^^^^^^^^^^^^^^^^^
2026-07-24 19:12:06,326 - sflow.task.server_8 - INFO - 2: OSError: [Errno 30] Read-only file system: '/usr/local/lib/python3.12/dist-packages/tensorrt_llm/_torch/models/modeling_gpt_oss.py'
2026-07-24 19:12:06,429 - sflow.task.server_8 - INFO - 6: export TRTLLM_MOE_ENABLE_ALLTOALL_WITHOUT_ALLGATHER='1'
2026-07-24 19:12:06,429 - sflow.task.server_8 - INFO - 6: export TRTLLM_SERVER_DISABLE_GC='1'
2026-07-24 19:12:06,429 - sflow.task.server_8 - INFO - 6: export TRTLLM_WORKER_DISABLE_GC='1'
2026-07-24 19:12:06,429 - sflow.task.server_8 - INFO - 6: export OMPI_MCA_coll_ucc_enable='0'
2026-07-24 19:12:06,429 - sflow.task.server_8 - INFO - 6: export TRTLLM_ENABLE_PDL='0'
2026-07-24 19:12:06,429 - sflow.task.server_8 - INFO - 6: Skipping /usr/local/lib/python3.12/dist-packages/tensorrt_llm/_torch/auto_deploy/custom_ops/fused_moe/trtllm_moe.py: tinygemm2 router dispatch not present
2026-07-24 19:12:06,429 - sflow.task.server_8 - INFO - 6: Traceback (most recent call last):
2026-07-24 19:12:06,429 - sflow.task.server_8 - INFO - 6:   File "/work/scaleout/sflow/tools/apply_trtllm_pr15790_disable_tinygemm2.py", line 196, in <module>
2026-07-24 19:12:06,429 - sflow.task.server_8 - INFO - 6:     main()
2026-07-24 19:12:06,429 - sflow.task.server_8 - INFO - 6:   File "/work/scaleout/sflow/tools/apply_trtllm_pr15790_disable_tinygemm2.py", line 164, in main
2026-07-24 19:12:06,429 - sflow.task.server_8 - INFO - 6:     apply_patch()
2026-07-24 19:12:06,429 - sflow.task.server_8 - INFO - 6:   File "/work/scaleout/sflow/tools/apply_trtllm_pr15790_disable_tinygemm2.py", line 183, in apply_patch
2026-07-24 19:12:06,429 - sflow.task.server_8 - INFO - 6:     if patch_modeling_gpt_oss(paths["modeling_gpt_oss"]):
2026-07-24 19:12:06,429 - sflow.task.server_8 - INFO - 6:        ^^^^^^^^^^^^^^^^^^^^^^^^^^^^^^^^^^^^^^^^^^^^^^^^^
2026-07-24 19:12:06,429 - sflow.task.server_8 - INFO - 6:   File "/work/scaleout/sflow/tools/apply_trtllm_pr15790_disable_tinygemm2.py", line 139, in patch_modeling_gpt_oss
2026-07-24 19:12:06,429 - sflow.task.server_8 - INFO - 6:     return write_if_changed(path, text, patched)
2026-07-24 19:12:06,429 - sflow.task.server_8 - INFO - 6:            ^^^^^^^^^^^^^^^^^^^^^^^^^^^^^^^^^^^^^
2026-07-24 19:12:06,429 - sflow.task.server_8 - INFO - 6:   File "/work/scaleout/sflow/tools/apply_trtllm_pr15790_disable_tinygemm2.py", line 70, in write_if_changed
2026-07-24 19:12:06,429 - sflow.task.server_8 - INFO - 6:     path.write_text(patched)
2026-07-24 19:12:06,429 - sflow.task.server_8 - INFO - 6:   File "/usr/lib/python3.12/pathlib.py", line 1049, in write_text
2026-07-24 19:12:06,429 - sflow.task.server_8 - INFO - 6:     with self.open(mode='w', encoding=encoding, errors=errors, newline=newline) as f:
2026-07-24 19:12:06,429 - sflow.task.server_8 - INFO - 6:          ^^^^^^^^^^^^^^^^^^^^^^^^^^^^^^^^^^^^^^^^^^^^^^^^^^^^^^^^^^^^^^^^^^^^^^
2026-07-24 19:12:06,429 - sflow.task.server_8 - INFO - 6:   File "/usr/lib/python3.12/pathlib.py", line 1015, in open
2026-07-24 19:12:06,429 - sflow.task.server_8 - INFO - 6:     return io.open(self, mode, buffering, encoding, errors, newline)
2026-07-24 19:12:06,429 - sflow.task.server_8 - INFO - 6:            ^^^^^^^^^^^^^^^^^^^^^^^^^^^^^^^^^^^^^^^^^^^^^^^^^^^^^^^^^
2026-07-24 19:12:06,429 - sflow.task.server_8 - INFO - 6: OSError: [Errno 30] Read-only file system: '/usr/local/lib/python3.12/dist-packages/tensorrt_llm/_torch/models/modeling_gpt_oss.py'
2026-07-24 19:12:06,582 - sflow.task.server_8 - INFO - 7: export TRTLLM_MOE_ENABLE_ALLTOALL_WITHOUT_ALLGATHER='1'
2026-07-24 19:12:06,582 - sflow.task.server_8 - INFO - 7: export TRTLLM_SERVER_DISABLE_GC='1'
2026-07-24 19:12:06,582 - sflow.task.server_8 - INFO - 7: export TRTLLM_WORKER_DISABLE_GC='1'
2026-07-24 19:12:06,582 - sflow.task.server_8 - INFO - 7: export OMPI_MCA_coll_ucc_enable='0'
2026-07-24 19:12:06,583 - sflow.task.server_8 - INFO - 7: export TRTLLM_ENABLE_PDL='0'
2026-07-24 19:12:06,583 - sflow.task.server_8 - INFO - 7: Skipping /usr/local/lib/python3.12/dist-packages/tensorrt_llm/_torch/auto_deploy/custom_ops/fused_moe/trtllm_moe.py: tinygemm2 router dispatch not present
2026-07-24 19:12:06,583 - sflow.task.server_8 - INFO - 7: Traceback (most recent call last):
2026-07-24 19:12:06,583 - sflow.task.server_8 - INFO - 7:   File "/work/scaleout/sflow/tools/apply_trtllm_pr15790_disable_tinygemm2.py", line 196, in <module>
2026-07-24 19:12:06,583 - sflow.task.server_8 - INFO - 7:     main()
2026-07-24 19:12:06,583 - sflow.task.server_8 - INFO - 7:   File "/work/scaleout/sflow/tools/apply_trtllm_pr15790_disable_tinygemm2.py", line 164, in main
2026-07-24 19:12:06,583 - sflow.task.server_8 - INFO - 7:     apply_patch()
2026-07-24 19:12:06,583 - sflow.task.server_8 - INFO - 7:   File "/work/scaleout/sflow/tools/apply_trtllm_pr15790_disable_tinygemm2.py", line 183, in apply_patch
2026-07-24 19:12:06,583 - sflow.task.server_8 - INFO - 7:     if patch_modeling_gpt_oss(paths["modeling_gpt_oss"]):
2026-07-24 19:12:06,583 - sflow.task.server_8 - INFO - 7:        ^^^^^^^^^^^^^^^^^^^^^^^^^^^^^^^^^^^^^^^^^^^^^^^^^
2026-07-24 19:12:06,583 - sflow.task.server_8 - INFO - 7:   File "/work/scaleout/sflow/tools/apply_trtllm_pr15790_disable_tinygemm2.py", line 139, in patch_modeling_gpt_oss
2026-07-24 19:12:06,583 - sflow.task.server_8 - INFO - 7:     return write_if_changed(path, text, patched)
2026-07-24 19:12:06,583 - sflow.task.server_8 - INFO - 7:            ^^^^^^^^^^^^^^^^^^^^^^^^^^^^^^^^^^^^^
2026-07-24 19:12:06,583 - sflow.task.server_8 - INFO - 7:   File "/work/scaleout/sflow/tools/apply_trtllm_pr15790_disable_tinygemm2.py", line 70, in write_if_changed
2026-07-24 19:12:06,583 - sflow.task.server_8 - INFO - 7:     path.write_text(patched)
2026-07-24 19:12:06,583 - sflow.task.server_8 - INFO - 7:   File "/usr/lib/python3.12/pathlib.py", line 1049, in write_text
2026-07-24 19:12:06,583 - sflow.task.server_8 - INFO - 7:     with self.open(mode='w', encoding=encoding, errors=errors, newline=newline) as f:
2026-07-24 19:12:06,583 - sflow.task.server_8 - INFO - 7:          ^^^^^^^^^^^^^^^^^^^^^^^^^^^^^^^^^^^^^^^^^^^^^^^^^^^^^^^^^^^^^^^^^^^^^^
2026-07-24 19:12:06,583 - sflow.task.server_8 - INFO - 7:   File "/usr/lib/python3.12/pathlib.py", line 1015, in open
2026-07-24 19:12:06,583 - sflow.task.server_8 - INFO - 7:     return io.open(self, mode, buffering, encoding, errors, newline)
2026-07-24 19:12:06,583 - sflow.task.server_8 - INFO - 7:            ^^^^^^^^^^^^^^^^^^^^^^^^^^^^^^^^^^^^^^^^^^^^^^^^^^^^^^^^^
2026-07-24 19:12:06,583 - sflow.task.server_8 - INFO - 7: OSError: [Errno 30] Read-only file system: '/usr/local/lib/python3.12/dist-packages/tensorrt_llm/_torch/models/modeling_gpt_oss.py'
2026-07-24 19:12:06,583 - sflow.task.server_8 - INFO - 2: rm: cannot remove '/usr/local/cuda/compat/lib': Read-only file system
2026-07-24 19:12:06,583 - sflow.task.server_8 - INFO - 0: rm: cannot remove '/usr/local/cuda/compat/lib': Read-only file system
2026-07-24 19:12:06,583 - sflow.task.server_8 - INFO - 6: rm: cannot remove '/usr/local/cuda/compat/lib': Read-only file system
2026-07-24 19:12:06,735 - sflow.task.server_8 - INFO - 7: rm: cannot remove '/usr/local/cuda/compat/lib': Read-only file system
2026-07-24 19:12:06,735 - sflow.task.server_8 - INFO - 4: export TRTLLM_MOE_ENABLE_ALLTOALL_WITHOUT_ALLGATHER='1'
2026-07-24 19:12:06,735 - sflow.task.server_8 - INFO - 4: export TRTLLM_SERVER_DISABLE_GC='1'
2026-07-24 19:12:06,735 - sflow.task.server_8 - INFO - 4: export TRTLLM_WORKER_DISABLE_GC='1'
2026-07-24 19:12:06,735 - sflow.task.server_8 - INFO - 4: export OMPI_MCA_coll_ucc_enable='0'
2026-07-24 19:12:06,735 - sflow.task.server_8 - INFO - 4: export TRTLLM_ENABLE_PDL='0'
2026-07-24 19:12:06,787 - sflow.task.server_8 - INFO - 4: Skipping /usr/local/lib/python3.12/dist-packages/tensorrt_llm/_torch/auto_deploy/custom_ops/fused_moe/trtllm_moe.py: tinygemm2 router dispatch not present
2026-07-24 19:12:06,787 - sflow.task.server_8 - INFO - 4: Traceback (most recent call last):
2026-07-24 19:12:06,787 - sflow.task.server_8 - INFO - 4:   File "/work/scaleout/sflow/tools/apply_trtllm_pr15790_disable_tinygemm2.py", line 196, in <module>
2026-07-24 19:12:06,787 - sflow.task.server_8 - INFO - 4:     main()
2026-07-24 19:12:06,787 - sflow.task.server_8 - INFO - 4:   File "/work/scaleout/sflow/tools/apply_trtllm_pr15790_disable_tinygemm2.py", line 164, in main
2026-07-24 19:12:06,787 - sflow.task.server_8 - INFO - 4:     apply_patch()
2026-07-24 19:12:06,787 - sflow.task.server_8 - INFO - 4:   File "/work/scaleout/sflow/tools/apply_trtllm_pr15790_disable_tinygemm2.py", line 183, in apply_patch
2026-07-24 19:12:06,787 - sflow.task.server_8 - INFO - 4:     if patch_modeling_gpt_oss(paths["modeling_gpt_oss"]):
2026-07-24 19:12:06,787 - sflow.task.server_8 - INFO - 4:        ^^^^^^^^^^^^^^^^^^^^^^^^^^^^^^^^^^^^^^^^^^^^^^^^^
2026-07-24 19:12:06,787 - sflow.task.server_8 - INFO - 4:   File "/work/scaleout/sflow/tools/apply_trtllm_pr15790_disable_tinygemm2.py", line 139, in patch_modeling_gpt_oss
2026-07-24 19:12:06,787 - sflow.task.server_8 - INFO - 4:     return write_if_changed(path, text, patched)
2026-07-24 19:12:06,787 - sflow.task.server_8 - INFO - 4:            ^^^^^^^^^^^^^^^^^^^^^^^^^^^^^^^^^^^^^
2026-07-24 19:12:06,787 - sflow.task.server_8 - INFO - 4:   File "/work/scaleout/sflow/tools/apply_trtllm_pr15790_disable_tinygemm2.py", line 70, in write_if_changed
2026-07-24 19:12:06,787 - sflow.task.server_8 - INFO - 4:     path.write_text(patched)
2026-07-24 19:12:06,787 - sflow.task.server_8 - INFO - 4:   File "/usr/lib/python3.12/pathlib.py", line 1049, in write_text
2026-07-24 19:12:06,787 - sflow.task.server_8 - INFO - 4:     with self.open(mode='w', encoding=encoding, errors=errors, newline=newline) as f:
2026-07-24 19:12:06,787 - sflow.task.server_8 - INFO - 4:          ^^^^^^^^^^^^^^^^^^^^^^^^^^^^^^^^^^^^^^^^^^^^^^^^^^^^^^^^^^^^^^^^^^^^^^
2026-07-24 19:12:06,787 - sflow.task.server_8 - INFO - 4:   File "/usr/lib/python3.12/pathlib.py", line 1015, in open
2026-07-24 19:12:06,787 - sflow.task.server_8 - INFO - 4:     return io.open(self, mode, buffering, encoding, errors, newline)
2026-07-24 19:12:06,787 - sflow.task.server_8 - INFO - 4:            ^^^^^^^^^^^^^^^^^^^^^^^^^^^^^^^^^^^^^^^^^^^^^^^^^^^^^^^^^
2026-07-24 19:12:06,787 - sflow.task.server_8 - INFO - 4: OSError: [Errno 30] Read-only file system: '/usr/local/lib/python3.12/dist-packages/tensorrt_llm/_torch/models/modeling_gpt_oss.py'
2026-07-24 19:12:06,939 - sflow.task.server_8 - INFO - 5: export TRTLLM_MOE_ENABLE_ALLTOALL_WITHOUT_ALLGATHER='1'
2026-07-24 19:12:06,939 - sflow.task.server_8 - INFO - 5: export TRTLLM_SERVER_DISABLE_GC='1'
2026-07-24 19:12:06,939 - sflow.task.server_8 - INFO - 5: export TRTLLM_WORKER_DISABLE_GC='1'
2026-07-24 19:12:06,939 - sflow.task.server_8 - INFO - 5: export OMPI_MCA_coll_ucc_enable='0'
2026-07-24 19:12:06,939 - sflow.task.server_8 - INFO - 5: export TRTLLM_ENABLE_PDL='0'
2026-07-24 19:12:06,939 - sflow.task.server_8 - INFO - 5: Skipping /usr/local/lib/python3.12/dist-packages/tensorrt_llm/_torch/auto_deploy/custom_ops/fused_moe/trtllm_moe.py: tinygemm2 router dispatch not present
2026-07-24 19:12:06,939 - sflow.task.server_8 - INFO - 5: Traceback (most recent call last):
2026-07-24 19:12:06,939 - sflow.task.server_8 - INFO - 5:   File "/work/scaleout/sflow/tools/apply_trtllm_pr15790_disable_tinygemm2.py", line 196, in <module>
2026-07-24 19:12:06,939 - sflow.task.server_8 - INFO - 5:     main()
2026-07-24 19:12:06,939 - sflow.task.server_8 - INFO - 5:   File "/work/scaleout/sflow/tools/apply_trtllm_pr15790_disable_tinygemm2.py", line 164, in main
2026-07-24 19:12:06,939 - sflow.task.server_8 - INFO - 5:     apply_patch()
2026-07-24 19:12:06,939 - sflow.task.server_8 - INFO - 5:   File "/work/scaleout/sflow/tools/apply_trtllm_pr15790_disable_tinygemm2.py", line 183, in apply_patch
2026-07-24 19:12:06,939 - sflow.task.server_8 - INFO - 5:     if patch_modeling_gpt_oss(paths["modeling_gpt_oss"]):
2026-07-24 19:12:06,939 - sflow.task.server_8 - INFO - 5:        ^^^^^^^^^^^^^^^^^^^^^^^^^^^^^^^^^^^^^^^^^^^^^^^^^
2026-07-24 19:12:06,939 - sflow.task.server_8 - INFO - 5:   File "/work/scaleout/sflow/tools/apply_trtllm_pr15790_disable_tinygemm2.py", line 139, in patch_modeling_gpt_oss
2026-07-24 19:12:06,939 - sflow.task.server_8 - INFO - 5:     return write_if_changed(path, text, patched)
2026-07-24 19:12:06,939 - sflow.task.server_8 - INFO - 5:            ^^^^^^^^^^^^^^^^^^^^^^^^^^^^^^^^^^^^^
2026-07-24 19:12:06,939 - sflow.task.server_8 - INFO - 5:   File "/work/scaleout/sflow/tools/apply_trtllm_pr15790_disable_tinygemm2.py", line 70, in write_if_changed
2026-07-24 19:12:06,939 - sflow.task.server_8 - INFO - 5:     path.write_text(patched)
2026-07-24 19:12:06,939 - sflow.task.server_8 - INFO - 5:   File "/usr/lib/python3.12/pathlib.py", line 1049, in write_text
2026-07-24 19:12:06,939 - sflow.task.server_8 - INFO - 5:     with self.open(mode='w', encoding=encoding, errors=errors, newline=newline) as f:
2026-07-24 19:12:06,939 - sflow.task.server_8 - INFO - 5:          ^^^^^^^^^^^^^^^^^^^^^^^^^^^^^^^^^^^^^^^^^^^^^^^^^^^^^^^^^^^^^^^^^^^^^^
2026-07-24 19:12:06,940 - sflow.task.server_8 - INFO - 5:   File "/usr/lib/python3.12/pathlib.py", line 1015, in open
2026-07-24 19:12:06,940 - sflow.task.server_8 - INFO - 5:     return io.open(self, mode, buffering, encoding, errors, newline)
2026-07-24 19:12:06,940 - sflow.task.server_8 - INFO - 5:            ^^^^^^^^^^^^^^^^^^^^^^^^^^^^^^^^^^^^^^^^^^^^^^^^^^^^^^^^^
2026-07-24 19:12:06,940 - sflow.task.server_8 - INFO - 5: OSError: [Errno 30] Read-only file system: '/usr/local/lib/python3.12/dist-packages/tensorrt_llm/_torch/models/modeling_gpt_oss.py'
2026-07-24 19:12:06,990 - sflow.task.server_8 - INFO - 5: rm: cannot remove '/usr/local/cuda/compat/lib': Read-only file system
2026-07-24 19:12:07,497 - sflow.task.server_8 - INFO - 4: rm: cannot remove '/usr/local/cuda/compat/lib': Read-only file system
2026-07-24 19:12:08,057 - sflow.task.server_8 - INFO - 3: mpi_rank: 3
2026-07-24 19:12:08,108 - sflow.task.server_8 - INFO - 3: tllm_mpi_size: 8
2026-07-24 19:12:08,108 - sflow.task.server_8 - INFO - 3: Rank3 run mgmn worker node with mpi_world_size: 8 ...
2026-07-24 19:12:08,415 - sflow.task.server_8 - INFO - 1: mpi_rank: 1
2026-07-24 19:12:08,466 - sflow.task.server_8 - INFO - 1: tllm_mpi_size: 8
2026-07-24 19:12:08,466 - sflow.task.server_8 - INFO - 1: Rank1 run mgmn worker node with mpi_world_size: 8 ...
2026-07-24 19:12:08,619 - sflow.task.server_8 - INFO - 2: mpi_rank: 2
2026-07-24 19:12:08,670 - sflow.task.server_8 - INFO - 2: tllm_mpi_size: 8
2026-07-24 19:12:08,670 - sflow.task.server_8 - INFO - 2: Rank2 run mgmn worker node with mpi_world_size: 8 ...
2026-07-24 19:12:08,721 - sflow.task.server_8 - INFO - 7: mpi_rank: 7
2026-07-24 19:12:08,773 - sflow.task.server_8 - INFO - 0: mpi_rank: 0
2026-07-24 19:12:08,773 - sflow.task.server_8 - INFO - 7: tllm_mpi_size: 8
2026-07-24 19:12:08,773 - sflow.task.server_8 - INFO - 7: Rank7 run mgmn worker node with mpi_world_size: 8 ...
2026-07-24 19:12:08,824 - sflow.task.server_8 - INFO - 0: tllm_mpi_size: 8
2026-07-24 19:12:08,824 - sflow.task.server_8 - INFO - 0: TLLM_SPAWN_PROXY_PROCESS_IPC_ADDR: ipc:///tmp/rpc_test_2ed5dbaa-9658-41b6-b675-ca9d76054982
2026-07-24 19:12:08,824 - sflow.task.server_8 - INFO - 0: Rank0 run trtllm-serve /home/mlperf_inference_storage/models/deepseek-r1/fp4-quantized-modelopt/deepseek_r1-torch-fp4 --host 0.0.0.0 --port 8344 --extra_llm_api_options /work/configs/deepseek_r1/GB200-NVL72_GB200-186GB_aarch64x72/TRTLLM/Server/trtllm-serve-ifb-dep8.yaml in background
2026-07-24 19:12:08,824 - sflow.task.server_8 - INFO - 0: Rank0 Subshell PID: 403412
2026-07-24 19:12:08,824 - sflow.task.server_8 - INFO - 0: Rank0 run mgmn leader node with mpi_world_size: 8 ...
2026-07-24 19:12:08,824 - sflow.task.server_8 - INFO - 0: Rank0 host: a4xlustref-a4xnodeset3-0
2026-07-24 19:12:09,027 - sflow.task.server_8 - INFO - 5: mpi_rank: 5
2026-07-24 19:12:09,078 - sflow.task.server_8 - INFO - 5: tllm_mpi_size: 8
2026-07-24 19:12:09,078 - sflow.task.server_8 - INFO - 5: Rank5 run mgmn worker node with mpi_world_size: 8 ...
2026-07-24 19:12:09,229 - sflow.task.server_8 - INFO - 6: mpi_rank: 6
2026-07-24 19:12:09,280 - sflow.task.server_8 - INFO - 6: tllm_mpi_size: 8
2026-07-24 19:12:09,280 - sflow.task.server_8 - INFO - 6: Rank6 run mgmn worker node with mpi_world_size: 8 ...
2026-07-24 19:12:09,382 - sflow.task.server_8 - INFO - 4: mpi_rank: 4
2026-07-24 19:12:09,433 - sflow.task.server_8 - INFO - 4: tllm_mpi_size: 8
2026-07-24 19:12:09,433 - sflow.task.server_8 - INFO - 4: Rank4 run mgmn worker node with mpi_world_size: 8 ...
2026-07-24 19:12:12,950 - sflow.task.server_8 - INFO - 0: /usr/local/lib/python3.12/dist-packages/torch/library.py:356: UserWarning: Warning only once for all operators,  other operators may also be overridden.
2026-07-24 19:12:12,950 - sflow.task.server_8 - INFO - 0:   Overriding a previously registered kernel for the same operator and the same dispatch key
2026-07-24 19:12:12,950 - sflow.task.server_8 - INFO - 0:   operator: flash_attn::_flash_attn_backward(Tensor dout, Tensor q, Tensor k, Tensor v, Tensor out, Tensor softmax_lse, Tensor(a6!)? dq, Tensor(a7!)? dk, Tensor(a8!)? dv, float dropout_p, float softmax_scale, bool causal, SymInt window_size_left, SymInt window_size_right, float softcap, Tensor? alibi_slopes, bool deterministic, Tensor? rng_state=None) -> Tensor
2026-07-24 19:12:12,950 - sflow.task.server_8 - INFO - 0:     registered at /usr/local/lib/python3.12/dist-packages/torch/_library/custom_ops.py:922
2026-07-24 19:12:12,950 - sflow.task.server_8 - INFO - 0:   dispatch key: ADInplaceOrView
2026-07-24 19:12:12,950 - sflow.task.server_8 - INFO - 0:   previous kernel: no debug info
2026-07-24 19:12:12,950 - sflow.task.server_8 - INFO - 0:        new kernel: registered at /usr/local/lib/python3.12/dist-packages/torch/_library/custom_ops.py:922 (Triggered internally at /opt/pytorch/pytorch/aten/src/ATen/core/dispatch/OperatorEntry.cpp:208.)
2026-07-24 19:12:12,950 - sflow.task.server_8 - INFO - 0:   self.m.impl(
2026-07-24 19:12:13,562 - sflow.task.server_8 - INFO - 6: /usr/local/lib/python3.12/dist-packages/torch/library.py:356: UserWarning: Warning only once for all operators,  other operators may also be overridden.
2026-07-24 19:12:13,562 - sflow.task.server_8 - INFO - 6:   Overriding a previously registered kernel for the same operator and the same dispatch key
2026-07-24 19:12:13,562 - sflow.task.server_8 - INFO - 6:   operator: flash_attn::_flash_attn_backward(Tensor dout, Tensor q, Tensor k, Tensor v, Tensor out, Tensor softmax_lse, Tensor(a6!)? dq, Tensor(a7!)? dk, Tensor(a8!)? dv, float dropout_p, float softmax_scale, bool causal, SymInt window_size_left, SymInt window_size_right, float softcap, Tensor? alibi_slopes, bool deterministic, Tensor? rng_state=None) -> Tensor
2026-07-24 19:12:13,562 - sflow.task.server_8 - INFO - 6:     registered at /usr/local/lib/python3.12/dist-packages/torch/_library/custom_ops.py:922
2026-07-24 19:12:13,562 - sflow.task.server_8 - INFO - 6:   dispatch key: ADInplaceOrView
2026-07-24 19:12:13,562 - sflow.task.server_8 - INFO - 6:   previous kernel: no debug info
2026-07-24 19:12:13,562 - sflow.task.server_8 - INFO - 6:        new kernel: registered at /usr/local/lib/python3.12/dist-packages/torch/_library/custom_ops.py:922 (Triggered internally at /opt/pytorch/pytorch/aten/src/ATen/core/dispatch/OperatorEntry.cpp:208.)
2026-07-24 19:12:13,562 - sflow.task.server_8 - INFO - 6:   self.m.impl(
2026-07-24 19:12:13,562 - sflow.task.server_8 - INFO - 7: /usr/local/lib/python3.12/dist-packages/torch/library.py:356: UserWarning: Warning only once for all operators,  other operators may also be overridden.
2026-07-24 19:12:13,562 - sflow.task.server_8 - INFO - 7:   Overriding a previously registered kernel for the same operator and the same dispatch key
2026-07-24 19:12:13,562 - sflow.task.server_8 - INFO - 7:   operator: flash_attn::_flash_attn_backward(Tensor dout, Tensor q, Tensor k, Tensor v, Tensor out, Tensor softmax_lse, Tensor(a6!)? dq, Tensor(a7!)? dk, Tensor(a8!)? dv, float dropout_p, float softmax_scale, bool causal, SymInt window_size_left, SymInt window_size_right, float softcap, Tensor? alibi_slopes, bool deterministic, Tensor? rng_state=None) -> Tensor
2026-07-24 19:12:13,562 - sflow.task.server_8 - INFO - 7:     registered at /usr/local/lib/python3.12/dist-packages/torch/_library/custom_ops.py:922
2026-07-24 19:12:13,562 - sflow.task.server_8 - INFO - 7:   dispatch key: ADInplaceOrView
2026-07-24 19:12:13,562 - sflow.task.server_8 - INFO - 7:   previous kernel: no debug info
2026-07-24 19:12:13,562 - sflow.task.server_8 - INFO - 7:        new kernel: registered at /usr/local/lib/python3.12/dist-packages/torch/_library/custom_ops.py:922 (Triggered internally at /opt/pytorch/pytorch/aten/src/ATen/core/dispatch/OperatorEntry.cpp:208.)
2026-07-24 19:12:13,562 - sflow.task.server_8 - INFO - 7:   self.m.impl(
2026-07-24 19:12:13,562 - sflow.task.server_8 - INFO - 4: /usr/local/lib/python3.12/dist-packages/torch/library.py:356: UserWarning: Warning only once for all operators,  other operators may also be overridden.
2026-07-24 19:12:13,562 - sflow.task.server_8 - INFO - 4:   Overriding a previously registered kernel for the same operator and the same dispatch key
2026-07-24 19:12:13,562 - sflow.task.server_8 - INFO - 4:   operator: flash_attn::_flash_attn_backward(Tensor dout, Tensor q, Tensor k, Tensor v, Tensor out, Tensor softmax_lse, Tensor(a6!)? dq, Tensor(a7!)? dk, Tensor(a8!)? dv, float dropout_p, float softmax_scale, bool causal, SymInt window_size_left, SymInt window_size_right, float softcap, Tensor? alibi_slopes, bool deterministic, Tensor? rng_state=None) -> Tensor
2026-07-24 19:12:13,562 - sflow.task.server_8 - INFO - 4:     registered at /usr/local/lib/python3.12/dist-packages/torch/_library/custom_ops.py:922
2026-07-24 19:12:13,562 - sflow.task.server_8 - INFO - 4:   dispatch key: ADInplaceOrView
2026-07-24 19:12:13,562 - sflow.task.server_8 - INFO - 4:   previous kernel: no debug info
2026-07-24 19:12:13,562 - sflow.task.server_8 - INFO - 4:        new kernel: registered at /usr/local/lib/python3.12/dist-packages/torch/_library/custom_ops.py:922 (Triggered internally at /opt/pytorch/pytorch/aten/src/ATen/core/dispatch/OperatorEntry.cpp:208.)
2026-07-24 19:12:13,562 - sflow.task.server_8 - INFO - 4:   self.m.impl(
2026-07-24 19:12:13,562 - sflow.task.server_8 - INFO - 3: /usr/local/lib/python3.12/dist-packages/torch/library.py:356: UserWarning: Warning only once for all operators,  other operators may also be overridden.
2026-07-24 19:12:13,562 - sflow.task.server_8 - INFO - 3:   Overriding a previously registered kernel for the same operator and the same dispatch key
2026-07-24 19:12:13,562 - sflow.task.server_8 - INFO - 3:   operator: flash_attn::_flash_attn_backward(Tensor dout, Tensor q, Tensor k, Tensor v, Tensor out, Tensor softmax_lse, Tensor(a6!)? dq, Tensor(a7!)? dk, Tensor(a8!)? dv, float dropout_p, float softmax_scale, bool causal, SymInt window_size_left, SymInt window_size_right, float softcap, Tensor? alibi_slopes, bool deterministic, Tensor? rng_state=None) -> Tensor
2026-07-24 19:12:13,562 - sflow.task.server_8 - INFO - 3:     registered at /usr/local/lib/python3.12/dist-packages/torch/_library/custom_ops.py:922
2026-07-24 19:12:13,562 - sflow.task.server_8 - INFO - 3:   dispatch key: ADInplaceOrView
2026-07-24 19:12:13,562 - sflow.task.server_8 - INFO - 3:   previous kernel: no debug info
2026-07-24 19:12:13,562 - sflow.task.server_8 - INFO - 3:        new kernel: registered at /usr/local/lib/python3.12/dist-packages/torch/_library/custom_ops.py:922 (Triggered internally at /opt/pytorch/pytorch/aten/src/ATen/core/dispatch/OperatorEntry.cpp:208.)
2026-07-24 19:12:13,562 - sflow.task.server_8 - INFO - 3:   self.m.impl(
2026-07-24 19:12:13,614 - sflow.task.server_8 - INFO - 1: /usr/local/lib/python3.12/dist-packages/torch/library.py:356: UserWarning: Warning only once for all operators,  other operators may also be overridden.
2026-07-24 19:12:13,614 - sflow.task.server_8 - INFO - 1:   Overriding a previously registered kernel for the same operator and the same dispatch key
2026-07-24 19:12:13,614 - sflow.task.server_8 - INFO - 1:   operator: flash_attn::_flash_attn_backward(Tensor dout, Tensor q, Tensor k, Tensor v, Tensor out, Tensor softmax_lse, Tensor(a6!)? dq, Tensor(a7!)? dk, Tensor(a8!)? dv, float dropout_p, float softmax_scale, bool causal, SymInt window_size_left, SymInt window_size_right, float softcap, Tensor? alibi_slopes, bool deterministic, Tensor? rng_state=None) -> Tensor
2026-07-24 19:12:13,614 - sflow.task.server_8 - INFO - 1:     registered at /usr/local/lib/python3.12/dist-packages/torch/_library/custom_ops.py:922
2026-07-24 19:12:13,614 - sflow.task.server_8 - INFO - 1:   dispatch key: ADInplaceOrView
2026-07-24 19:12:13,614 - sflow.task.server_8 - INFO - 1:   previous kernel: no debug info
2026-07-24 19:12:13,614 - sflow.task.server_8 - INFO - 1:        new kernel: registered at /usr/local/lib/python3.12/dist-packages/torch/_library/custom_ops.py:922 (Triggered internally at /opt/pytorch/pytorch/aten/src/ATen/core/dispatch/OperatorEntry.cpp:208.)
2026-07-24 19:12:13,614 - sflow.task.server_8 - INFO - 1:   self.m.impl(
2026-07-24 19:12:13,614 - sflow.task.server_8 - INFO - 0: /usr/local/lib/python3.12/dist-packages/torch/library.py:356: UserWarning: Warning only once for all operators,  other operators may also be overridden.
2026-07-24 19:12:13,614 - sflow.task.server_8 - INFO - 0:   Overriding a previously registered kernel for the same operator and the same dispatch key
2026-07-24 19:12:13,614 - sflow.task.server_8 - INFO - 0:   operator: flash_attn::_flash_attn_backward(Tensor dout, Tensor q, Tensor k, Tensor v, Tensor out, Tensor softmax_lse, Tensor(a6!)? dq, Tensor(a7!)? dk, Tensor(a8!)? dv, float dropout_p, float softmax_scale, bool causal, SymInt window_size_left, SymInt window_size_right, float softcap, Tensor? alibi_slopes, bool deterministic, Tensor? rng_state=None) -> Tensor
2026-07-24 19:12:13,614 - sflow.task.server_8 - INFO - 0:     registered at /usr/local/lib/python3.12/dist-packages/torch/_library/custom_ops.py:922
2026-07-24 19:12:13,614 - sflow.task.server_8 - INFO - 0:   dispatch key: ADInplaceOrView
2026-07-24 19:12:13,614 - sflow.task.server_8 - INFO - 0:   previous kernel: no debug info
2026-07-24 19:12:13,614 - sflow.task.server_8 - INFO - 0:        new kernel: registered at /usr/local/lib/python3.12/dist-packages/torch/_library/custom_ops.py:922 (Triggered internally at /opt/pytorch/pytorch/aten/src/ATen/core/dispatch/OperatorEntry.cpp:208.)
2026-07-24 19:12:13,614 - sflow.task.server_8 - INFO - 0:   self.m.impl(
2026-07-24 19:12:13,665 - sflow.task.server_8 - INFO - 5: /usr/local/lib/python3.12/dist-packages/torch/library.py:356: UserWarning: Warning only once for all operators,  other operators may also be overridden.
2026-07-24 19:12:13,665 - sflow.task.server_8 - INFO - 5:   Overriding a previously registered kernel for the same operator and the same dispatch key
2026-07-24 19:12:13,665 - sflow.task.server_8 - INFO - 5:   operator: flash_attn::_flash_attn_backward(Tensor dout, Tensor q, Tensor k, Tensor v, Tensor out, Tensor softmax_lse, Tensor(a6!)? dq, Tensor(a7!)? dk, Tensor(a8!)? dv, float dropout_p, float softmax_scale, bool causal, SymInt window_size_left, SymInt window_size_right, float softcap, Tensor? alibi_slopes, bool deterministic, Tensor? rng_state=None) -> Tensor
2026-07-24 19:12:13,665 - sflow.task.server_8 - INFO - 5:     registered at /usr/local/lib/python3.12/dist-packages/torch/_library/custom_ops.py:922
2026-07-24 19:12:13,665 - sflow.task.server_8 - INFO - 5:   dispatch key: ADInplaceOrView
2026-07-24 19:12:13,665 - sflow.task.server_8 - INFO - 5:   previous kernel: no debug info
2026-07-24 19:12:13,665 - sflow.task.server_8 - INFO - 5:        new kernel: registered at /usr/local/lib/python3.12/dist-packages/torch/_library/custom_ops.py:922 (Triggered internally at /opt/pytorch/pytorch/aten/src/ATen/core/dispatch/OperatorEntry.cpp:208.)
2026-07-24 19:12:13,665 - sflow.task.server_8 - INFO - 5:   self.m.impl(
2026-07-24 19:12:13,716 - sflow.task.server_8 - INFO - 2: /usr/local/lib/python3.12/dist-packages/torch/library.py:356: UserWarning: Warning only once for all operators,  other operators may also be overridden.
2026-07-24 19:12:13,716 - sflow.task.server_8 - INFO - 2:   Overriding a previously registered kernel for the same operator and the same dispatch key
2026-07-24 19:12:13,716 - sflow.task.server_8 - INFO - 2:   operator: flash_attn::_flash_attn_backward(Tensor dout, Tensor q, Tensor k, Tensor v, Tensor out, Tensor softmax_lse, Tensor(a6!)? dq, Tensor(a7!)? dk, Tensor(a8!)? dv, float dropout_p, float softmax_scale, bool causal, SymInt window_size_left, SymInt window_size_right, float softcap, Tensor? alibi_slopes, bool deterministic, Tensor? rng_state=None) -> Tensor
2026-07-24 19:12:13,716 - sflow.task.server_8 - INFO - 2:     registered at /usr/local/lib/python3.12/dist-packages/torch/_library/custom_ops.py:922
2026-07-24 19:12:13,716 - sflow.task.server_8 - INFO - 2:   dispatch key: ADInplaceOrView
2026-07-24 19:12:13,716 - sflow.task.server_8 - INFO - 2:   previous kernel: no debug info
2026-07-24 19:12:13,716 - sflow.task.server_8 - INFO - 2:        new kernel: registered at /usr/local/lib/python3.12/dist-packages/torch/_library/custom_ops.py:922 (Triggered internally at /opt/pytorch/pytorch/aten/src/ATen/core/dispatch/OperatorEntry.cpp:208.)
2026-07-24 19:12:13,716 - sflow.task.server_8 - INFO - 2:   self.m.impl(
2026-07-24 19:12:17,934 - sflow.task.server_8 - INFO - 0: /usr/local/lib/python3.12/dist-packages/modelopt/torch/__init__.py:36: UserWarning: transformers version 4.57.1 is incompatible with nvidia-modelopt and may cause issues. Please install recommended version with `pip install nvidia-modelopt[hf]` if working with HF models.
2026-07-24 19:12:17,934 - sflow.task.server_8 - INFO - 0:   _warnings.warn(
2026-07-24 19:12:17,934 - sflow.task.server_8 - INFO - 1: /usr/local/lib/python3.12/dist-packages/modelopt/torch/__init__.py:36: UserWarning: transformers version 4.57.1 is incompatible with nvidia-modelopt and may cause issues. Please install recommended version with `pip install nvidia-modelopt[hf]` if working with HF models.
2026-07-24 19:12:17,934 - sflow.task.server_8 - INFO - 1:   _warnings.warn(
2026-07-24 19:12:18,036 - sflow.task.server_8 - INFO - 0: /usr/local/lib/python3.12/dist-packages/modelopt/torch/__init__.py:36: UserWarning: transformers version 4.57.1 is incompatible with nvidia-modelopt and may cause issues. Please install recommended version with `pip install nvidia-modelopt[hf]` if working with HF models.
2026-07-24 19:12:18,036 - sflow.task.server_8 - INFO - 0:   _warnings.warn(
2026-07-24 19:12:18,188 - sflow.task.server_8 - INFO - 3: /usr/local/lib/python3.12/dist-packages/modelopt/torch/__init__.py:36: UserWarning: transformers version 4.57.1 is incompatible with nvidia-modelopt and may cause issues. Please install recommended version with `pip install nvidia-modelopt[hf]` if working with HF models.
2026-07-24 19:12:18,188 - sflow.task.server_8 - INFO - 3:   _warnings.warn(
2026-07-24 19:12:18,341 - sflow.task.server_8 - INFO - 2: /usr/local/lib/python3.12/dist-packages/modelopt/torch/__init__.py:36: UserWarning: transformers version 4.57.1 is incompatible with nvidia-modelopt and may cause issues. Please install recommended version with `pip install nvidia-modelopt[hf]` if working with HF models.
2026-07-24 19:12:18,341 - sflow.task.server_8 - INFO - 2:   _warnings.warn(
2026-07-24 19:12:18,799 - sflow.task.server_8 - INFO - 7: /usr/local/lib/python3.12/dist-packages/modelopt/torch/__init__.py:36: UserWarning: transformers version 4.57.1 is incompatible with nvidia-modelopt and may cause issues. Please install recommended version with `pip install nvidia-modelopt[hf]` if working with HF models.
2026-07-24 19:12:18,799 - sflow.task.server_8 - INFO - 7:   _warnings.warn(
2026-07-24 19:12:21,241 - sflow.task.server_8 - INFO - 0: [TensorRT-LLM] TensorRT LLM version: 1.3.0rc0
2026-07-24 19:12:21,747 - sflow.task.server_8 - INFO - 0: /usr/local/lib/python3.12/dist-packages/tensorrt_llm/serve/openai_protocol.py:104: UserWarning: Field name "schema" in "ResponseFormat" shadows an attribute in parent "OpenAIBaseModel"
2026-07-24 19:12:21,747 - sflow.task.server_8 - INFO - 0:   class ResponseFormat(OpenAIBaseModel):
2026-07-24 19:12:22,153 - sflow.task.server_8 - INFO - 0: [07/24/2026-19:12:22] [TRT-LLM] [W] Overriding moe_config
2026-07-24 19:12:22,154 - sflow.task.server_8 - INFO - 0: [07/24/2026-19:12:22] [TRT-LLM] [W] Overriding attention_dp_config
2026-07-24 19:12:22,154 - sflow.task.server_8 - INFO - 0: [07/24/2026-19:12:22] [TRT-LLM] [W] Overriding kv_cache_config
2026-07-24 19:12:22,154 - sflow.task.server_8 - INFO - 0: [07/24/2026-19:12:22] [TRT-LLM] [I] Overriding max_batch_size from build_config to 512
2026-07-24 19:12:22,154 - sflow.task.server_8 - INFO - 0: [07/24/2026-19:12:22] [TRT-LLM] [I] Overriding max_num_tokens from build_config to 3456
2026-07-24 19:12:22,154 - sflow.task.server_8 - INFO - 0: [07/24/2026-19:12:22] [TRT-LLM] [I] Overriding max_seq_len from build_config to 23140
2026-07-24 19:12:22,154 - sflow.task.server_8 - INFO - 0: [07/24/2026-19:12:22] [TRT-LLM] [I] Using LLM with PyTorch backend
2026-07-24 19:12:22,154 - sflow.task.server_8 - INFO - 0: [07/24/2026-19:12:22] [TRT-LLM] [I] neither checkpoint_format nor checkpoint_loader were provided, checkpoint_format will be set to HF.
2026-07-24 19:12:22,154 - sflow.task.server_8 - INFO - 0: [07/24/2026-19:12:22] [TRT-LLM] [I] start MpiSession with 8 workers
2026-07-24 19:12:22,154 - sflow.task.server_8 - INFO - 0: [07/24/2026-19:12:22] [TRT-LLM] [I] Found /home/mlperf_inference_storage/models/deepseek-r1/fp4-quantized-modelopt/deepseek_r1-torch-fp4/hf_quant_config.json, pre-quantized checkpoint is used.
2026-07-24 19:12:22,154 - sflow.task.server_8 - INFO - 0: [07/24/2026-19:12:22] [TRT-LLM] [I] Setting quant_algo=NVFP4 form HF quant config.
2026-07-24 19:12:22,154 - sflow.task.server_8 - INFO - 0: [07/24/2026-19:12:22] [TRT-LLM] [I] Setting group_size=16 from HF quant config.
2026-07-24 19:12:22,154 - sflow.task.server_8 - INFO - 0: [07/24/2026-19:12:22] [TRT-LLM] [I] Setting exclude_modules=['lm_head', 'model.layers.0.self_attn.kv_a_proj_with_mqa', 'model.layers.0.self_attn.kv_b_proj', 'mo... from HF quant config.
2026-07-24 19:12:22,407 - sflow.task.server_8 - INFO - 0: The argument `trust_remote_code` is to be used with Auto classes. It has no effect here and is ignored.
2026-07-24 19:12:22,407 - sflow.task.server_8 - INFO - 0: You are using a model of type deepseek_v3 to instantiate a model of type . This is not supported for all configurations of models and can yield errors.
2026-07-24 19:12:22,407 - sflow.task.server_8 - INFO - 0: `torch_dtype` is deprecated! Use `dtype` instead!
2026-07-24 19:12:22,408 - sflow.task.server_8 - INFO - 0: [07/24/2026-19:12:22] [TRT-LLM] [W] Orchestrator is creating IPC executor
2026-07-24 19:12:22,408 - sflow.task.server_8 - INFO - 0: rank 0 using MpiCommSession to bind to external MPI processes
2026-07-24 19:12:22,408 - sflow.task.server_8 - INFO - 0:
2026-07-24 19:12:22,408 - sflow.task.server_8 - INFO - 0: [07/24/2026-19:12:22] [TRT-LLM] [I] Generating a new HMAC key for server proxy_request_queue
2026-07-24 19:12:22,408 - sflow.task.server_8 - INFO - 0: [07/24/2026-19:12:22] [TRT-LLM] [I] Generating a new HMAC key for server worker_init_status_queue
2026-07-24 19:12:22,408 - sflow.task.server_8 - INFO - 0: [07/24/2026-19:12:22] [TRT-LLM] [I] Generating a new HMAC key for server proxy_result_queue
2026-07-24 19:12:23,221 - sflow.task.server_8 - INFO - 4: /usr/local/lib/python3.12/dist-packages/modelopt/torch/__init__.py:36: UserWarning: transformers version 4.57.1 is incompatible with nvidia-modelopt and may cause issues. Please install recommended version with `pip install nvidia-modelopt[hf]` if working with HF models.
2026-07-24 19:12:23,221 - sflow.task.server_8 - INFO - 4:   _warnings.warn(
2026-07-24 19:12:23,374 - sflow.task.server_8 - INFO - 5: /usr/local/lib/python3.12/dist-packages/modelopt/torch/__init__.py:36: UserWarning: transformers version 4.57.1 is incompatible with nvidia-modelopt and may cause issues. Please install recommended version with `pip install nvidia-modelopt[hf]` if working with HF models.
2026-07-24 19:12:23,374 - sflow.task.server_8 - INFO - 5:   _warnings.warn(
2026-07-24 19:12:23,578 - sflow.task.server_8 - INFO - 6: /usr/local/lib/python3.12/dist-packages/modelopt/torch/__init__.py:36: UserWarning: transformers version 4.57.1 is incompatible with nvidia-modelopt and may cause issues. Please install recommended version with `pip install nvidia-modelopt[hf]` if working with HF models.
2026-07-24 19:12:23,578 - sflow.task.server_8 - INFO - 6:   _warnings.warn(
2026-07-24 19:12:26,878 - sflow.task.server_8 - INFO - 4: [TensorRT-LLM] TensorRT LLM version: 1.3.0rc0
2026-07-24 19:12:26,878 - sflow.task.server_8 - INFO - 6: [TensorRT-LLM] TensorRT LLM version: 1.3.0rc0
2026-07-24 19:12:26,878 - sflow.task.server_8 - INFO - 7: [TensorRT-LLM] TensorRT LLM version: 1.3.0rc0
2026-07-24 19:12:26,878 - sflow.task.server_8 - INFO - 1: [TensorRT-LLM] TensorRT LLM version: 1.3.0rc0
2026-07-24 19:12:26,878 - sflow.task.server_8 - INFO - 5: [TensorRT-LLM] TensorRT LLM version: 1.3.0rc0
2026-07-24 19:12:26,878 - sflow.task.server_8 - INFO - 0: [TensorRT-LLM] TensorRT LLM version: 1.3.0rc0
2026-07-24 19:12:26,878 - sflow.task.server_8 - INFO - 2: [TensorRT-LLM] TensorRT LLM version: 1.3.0rc0
2026-07-24 19:12:26,878 - sflow.task.server_8 - INFO - 3: [TensorRT-LLM] TensorRT LLM version: 1.3.0rc0
2026-07-24 19:12:27,691 - sflow.task.server_8 - INFO - 6: [TensorRT-LLM][INFO] Refreshed the MPI local session
2026-07-24 19:12:27,691 - sflow.task.server_8 - INFO - 4: [TensorRT-LLM][INFO] Refreshed the MPI local session
2026-07-24 19:12:27,691 - sflow.task.server_8 - INFO - 5: [TensorRT-LLM][INFO] Refreshed the MPI local session
2026-07-24 19:12:27,691 - sflow.task.server_8 - INFO - 7: [TensorRT-LLM][INFO] Refreshed the MPI local session
2026-07-24 19:12:27,691 - sflow.task.server_8 - INFO - 1: [TensorRT-LLM][INFO] Refreshed the MPI local session
2026-07-24 19:12:27,691 - sflow.task.server_8 - INFO - 2: [TensorRT-LLM][INFO] Refreshed the MPI local session
2026-07-24 19:12:27,691 - sflow.task.server_8 - INFO - 3: [TensorRT-LLM][INFO] Refreshed the MPI local session
2026-07-24 19:12:27,691 - sflow.task.server_8 - INFO - 0: [TensorRT-LLM][INFO] Refreshed the MPI local session
2026-07-24 19:12:28,812 - sflow.task.server_8 - INFO - 0: [07/24/2026-19:12:28] [TRT-LLM] [RANK 0] [I] Worker process 403415 CPU affinity set to [0, 1, 2, 3, 4, 5, 6, 7, 8, 9, 10, 11, 12, 13, 14, 15, 16, 17, 18, 19, 20, 21, 22, 23, 24, 25, 26, 27, 28, 29, 30, 31, 32, 33, 34, 35, 36, 37, 38, 39, 40, 41, 42, 43, 44, 45, 46, 47, 48, 49, 50, 51, 52, 53, 54, 55, 56, 57, 58, 59, 60, 61, 62, 63, 64, 65, 66, 67, 68, 69] for optimal NUMA-aware scheduling.
2026-07-24 19:12:29,274 - sflow.task.server_8 - INFO - 0: /usr/local/lib/python3.12/dist-packages/tensorrt_llm/serve/openai_protocol.py:104: UserWarning: Field name "schema" in "ResponseFormat" shadows an attribute in parent "OpenAIBaseModel"
2026-07-24 19:12:29,274 - sflow.task.server_8 - INFO - 0:   class ResponseFormat(OpenAIBaseModel):
2026-07-24 19:12:29,325 - sflow.task.server_8 - INFO - 2: /usr/local/lib/python3.12/dist-packages/tensorrt_llm/serve/openai_protocol.py:104: UserWarning: Field name "schema" in "ResponseFormat" shadows an attribute in parent "OpenAIBaseModel"
2026-07-24 19:12:29,325 - sflow.task.server_8 - INFO - 2:   class ResponseFormat(OpenAIBaseModel):
2026-07-24 19:12:29,325 - sflow.task.server_8 - INFO - 3: /usr/local/lib/python3.12/dist-packages/tensorrt_llm/serve/openai_protocol.py:104: UserWarning: Field name "schema" in "ResponseFormat" shadows an attribute in parent "OpenAIBaseModel"
2026-07-24 19:12:29,325 - sflow.task.server_8 - INFO - 3:   class ResponseFormat(OpenAIBaseModel):
2026-07-24 19:12:29,426 - sflow.task.server_8 - INFO - 1: /usr/local/lib/python3.12/dist-packages/tensorrt_llm/serve/openai_protocol.py:104: UserWarning: Field name "schema" in "ResponseFormat" shadows an attribute in parent "OpenAIBaseModel"
2026-07-24 19:12:29,426 - sflow.task.server_8 - INFO - 1:   class ResponseFormat(OpenAIBaseModel):
2026-07-24 19:12:29,631 - sflow.task.server_8 - INFO - 6: /usr/local/lib/python3.12/dist-packages/tensorrt_llm/serve/openai_protocol.py:104: UserWarning: Field name "schema" in "ResponseFormat" shadows an attribute in parent "OpenAIBaseModel"
2026-07-24 19:12:29,631 - sflow.task.server_8 - INFO - 6:   class ResponseFormat(OpenAIBaseModel):
2026-07-24 19:12:29,631 - sflow.task.server_8 - INFO - 7: /usr/local/lib/python3.12/dist-packages/tensorrt_llm/serve/openai_protocol.py:104: UserWarning: Field name "schema" in "ResponseFormat" shadows an attribute in parent "OpenAIBaseModel"
2026-07-24 19:12:29,631 - sflow.task.server_8 - INFO - 7:   class ResponseFormat(OpenAIBaseModel):
2026-07-24 19:12:29,631 - sflow.task.server_8 - INFO - 5: /usr/local/lib/python3.12/dist-packages/tensorrt_llm/serve/openai_protocol.py:104: UserWarning: Field name "schema" in "ResponseFormat" shadows an attribute in parent "OpenAIBaseModel"
2026-07-24 19:12:29,631 - sflow.task.server_8 - INFO - 5:   class ResponseFormat(OpenAIBaseModel):
2026-07-24 19:12:29,784 - sflow.task.server_8 - INFO - 0: [07/24/2026-19:12:29] [TRT-LLM] [RANK 0] [I] ATTENTION RUNTIME FEATURES:  AttentionRuntimeFeatures(chunked_prefill=False, cache_reuse=False, has_speculative_draft_tokens=False, chunk_size=3456, chunked_prefill_buffer_batch_size=4)
2026-07-24 19:12:29,784 - sflow.task.server_8 - INFO - 0: `torch_dtype` is deprecated! Use `dtype` instead!
2026-07-24 19:12:29,784 - sflow.task.server_8 - INFO - 0: [07/24/2026-19:12:29] [TRT-LLM] [RANK 0] [I] Validating KV Cache config against kv_cache_dtype="fp8"
2026-07-24 19:12:29,784 - sflow.task.server_8 - INFO - 0: [07/24/2026-19:12:29] [TRT-LLM] [RANK 0] [I] Detect inter-node TP between rank 0 and rank 1, fail to access peer GPU memory
2026-07-24 19:12:29,835 - sflow.task.server_8 - INFO - 5: `torch_dtype` is deprecated! Use `dtype` instead!
2026-07-24 19:12:29,835 - sflow.task.server_8 - INFO - 7: `torch_dtype` is deprecated! Use `dtype` instead!
2026-07-24 19:12:29,937 - sflow.task.server_8 - INFO - 1: `torch_dtype` is deprecated! Use `dtype` instead!
2026-07-24 19:12:29,989 - sflow.task.server_8 - INFO - 0: [07/24/2026-19:12:29] [TRT-LLM] [RANK 0] [I] Detect inter-node TP between rank 0 and rank 1, fail to access peer GPU memory
2026-07-24 19:12:29,989 - sflow.task.server_8 - INFO - 0: [07/24/2026-19:12:29] [TRT-LLM] [RANK 0] [I] Detect inter-node TP between rank 0 and rank 1, fail to access peer GPU memory
2026-07-24 19:12:29,989 - sflow.task.server_8 - INFO - 0: [07/24/2026-19:12:29] [TRT-LLM] [RANK 0] [I] Detect inter-node TP between rank 0 and rank 1, fail to access peer GPU memory
2026-07-24 19:12:29,989 - sflow.task.server_8 - INFO - 0: [07/24/2026-19:12:29] [TRT-LLM] [RANK 0] [I] NVLinkOneSided: Allocating workspace with size 795101568 bytes.ep_rank: 0, ep_size: 8, top_k: 8, max_num_tokens_per_rank: 3456
2026-07-24 19:12:29,989 - sflow.task.server_8 - INFO - 6: `torch_dtype` is deprecated! Use `dtype` instead!
2026-07-24 19:12:29,989 - sflow.task.server_8 - INFO - 4: /usr/local/lib/python3.12/dist-packages/tensorrt_llm/serve/openai_protocol.py:104: UserWarning: Field name "schema" in "ResponseFormat" shadows an attribute in parent "OpenAIBaseModel"
2026-07-24 19:12:29,989 - sflow.task.server_8 - INFO - 4:   class ResponseFormat(OpenAIBaseModel):
2026-07-24 19:12:29,989 - sflow.task.server_8 - INFO - 3: `torch_dtype` is deprecated! Use `dtype` instead!
2026-07-24 19:12:30,242 - sflow.task.server_8 - INFO - 2: `torch_dtype` is deprecated! Use `dtype` instead!
2026-07-24 19:12:30,344 - sflow.task.server_8 - INFO - 4: `torch_dtype` is deprecated! Use `dtype` instead!
2026-07-24 19:12:30,598 - sflow.task.server_8 - INFO - 0: [07/24/2026-19:12:30] [TRT-LLM] [RANK 0] [I] [MnnvlMemory] creating address with stride=1073741824
2026-07-24 19:12:31,056 - sflow.task.server_8 - INFO - 0: [07/24/2026-19:12:31] [TRT-LLM] [RANK 0] [I] Selected communication strategy: NVLinkOneSided
2026-07-24 19:12:31,056 - sflow.task.server_8 - INFO - 0: [07/24/2026-19:12:31] [TRT-LLM] [RANK 0] [I] Detect inter-node TP between rank 0 and rank 1, fail to access peer GPU memory
2026-07-24 19:12:31,971 - sflow.task.server_8 - INFO - 0: [07/24/2026-19:12:31] [TRT-LLM] [RANK 0] [I] Selected communication strategy: NVLinkOneSided
2026-07-24 19:12:31,971 - sflow.task.server_8 - INFO - 0: [07/24/2026-19:12:31] [TRT-LLM] [RANK 0] [I] Detect inter-node TP between rank 0 and rank 1, fail to access peer GPU memory
2026-07-24 19:12:32,887 - sflow.task.server_8 - INFO - 0: [07/24/2026-19:12:32] [TRT-LLM] [RANK 0] [I] Selected communication strategy: NVLinkOneSided
2026-07-24 19:12:32,887 - sflow.task.server_8 - INFO - 0: [07/24/2026-19:12:32] [TRT-LLM] [RANK 0] [I] Detect inter-node TP between rank 0 and rank 1, fail to access peer GPU memory
2026-07-24 19:12:33,851 - sflow.task.server_8 - INFO - 0: [07/24/2026-19:12:33] [TRT-LLM] [RANK 0] [I] Selected communication strategy: NVLinkOneSided
2026-07-24 19:12:33,851 - sflow.task.server_8 - INFO - 0: [07/24/2026-19:12:33] [TRT-LLM] [RANK 0] [I] Detect inter-node TP between rank 0 and rank 1, fail to access peer GPU memory
2026-07-24 19:12:34,765 - sflow.task.server_8 - INFO - 0: [07/24/2026-19:12:34] [TRT-LLM] [RANK 0] [I] Selected communication strategy: NVLinkOneSided
2026-07-24 19:12:34,765 - sflow.task.server_8 - INFO - 0: [07/24/2026-19:12:34] [TRT-LLM] [RANK 0] [I] Detect inter-node TP between rank 0 and rank 1, fail to access peer GPU memory
2026-07-24 19:12:35,678 - sflow.task.server_8 - INFO - 0: [07/24/2026-19:12:35] [TRT-LLM] [RANK 0] [I] Selected communication strategy: NVLinkOneSided
2026-07-24 19:12:35,678 - sflow.task.server_8 - INFO - 0: [07/24/2026-19:12:35] [TRT-LLM] [RANK 0] [I] Detect inter-node TP between rank 0 and rank 1, fail to access peer GPU memory
2026-07-24 19:12:36,642 - sflow.task.server_8 - INFO - 0: [07/24/2026-19:12:36] [TRT-LLM] [RANK 0] [I] Selected communication strategy: NVLinkOneSided
2026-07-24 19:12:36,642 - sflow.task.server_8 - INFO - 0: [07/24/2026-19:12:36] [TRT-LLM] [RANK 0] [I] Detect inter-node TP between rank 0 and rank 1, fail to access peer GPU memory
2026-07-24 19:12:37,556 - sflow.task.server_8 - INFO - 0: [07/24/2026-19:12:37] [TRT-LLM] [RANK 0] [I] Selected communication strategy: NVLinkOneSided
2026-07-24 19:12:37,556 - sflow.task.server_8 - INFO - 0: [07/24/2026-19:12:37] [TRT-LLM] [RANK 0] [I] Detect inter-node TP between rank 0 and rank 1, fail to access peer GPU memory
2026-07-24 19:12:38,469 - sflow.task.server_8 - INFO - 0: [07/24/2026-19:12:38] [TRT-LLM] [RANK 0] [I] Selected communication strategy: NVLinkOneSided
2026-07-24 19:12:38,469 - sflow.task.server_8 - INFO - 0: [07/24/2026-19:12:38] [TRT-LLM] [RANK 0] [I] Detect inter-node TP between rank 0 and rank 1, fail to access peer GPU memory
2026-07-24 19:12:39,434 - sflow.task.server_8 - INFO - 0: [07/24/2026-19:12:39] [TRT-LLM] [RANK 0] [I] Selected communication strategy: NVLinkOneSided
2026-07-24 19:12:39,434 - sflow.task.server_8 - INFO - 0: [07/24/2026-19:12:39] [TRT-LLM] [RANK 0] [I] Detect inter-node TP between rank 0 and rank 1, fail to access peer GPU memory
2026-07-24 19:12:40,348 - sflow.task.server_8 - INFO - 0: [07/24/2026-19:12:40] [TRT-LLM] [RANK 0] [I] Selected communication strategy: NVLinkOneSided
2026-07-24 19:12:40,348 - sflow.task.server_8 - INFO - 0: [07/24/2026-19:12:40] [TRT-LLM] [RANK 0] [I] Detect inter-node TP between rank 0 and rank 1, fail to access peer GPU memory
2026-07-24 19:12:41,312 - sflow.task.server_8 - INFO - 0: [07/24/2026-19:12:41] [TRT-LLM] [RANK 0] [I] Selected communication strategy: NVLinkOneSided
2026-07-24 19:12:41,313 - sflow.task.server_8 - INFO - 0: [07/24/2026-19:12:41] [TRT-LLM] [RANK 0] [I] Detect inter-node TP between rank 0 and rank 1, fail to access peer GPU memory
2026-07-24 19:12:42,277 - sflow.task.server_8 - INFO - 0: [07/24/2026-19:12:42] [TRT-LLM] [RANK 0] [I] Selected communication strategy: NVLinkOneSided
2026-07-24 19:12:42,277 - sflow.task.server_8 - INFO - 0: [07/24/2026-19:12:42] [TRT-LLM] [RANK 0] [I] Detect inter-node TP between rank 0 and rank 1, fail to access peer GPU memory
2026-07-24 19:12:43,241 - sflow.task.server_8 - INFO - 0: [07/24/2026-19:12:43] [TRT-LLM] [RANK 0] [I] Selected communication strategy: NVLinkOneSided
2026-07-24 19:12:43,241 - sflow.task.server_8 - INFO - 0: [07/24/2026-19:12:43] [TRT-LLM] [RANK 0] [I] Detect inter-node TP between rank 0 and rank 1, fail to access peer GPU memory
2026-07-24 19:12:44,154 - sflow.task.server_8 - INFO - 0: [07/24/2026-19:12:44] [TRT-LLM] [RANK 0] [I] Selected communication strategy: NVLinkOneSided
2026-07-24 19:12:44,154 - sflow.task.server_8 - INFO - 0: [07/24/2026-19:12:44] [TRT-LLM] [RANK 0] [I] Detect inter-node TP between rank 0 and rank 1, fail to access peer GPU memory
2026-07-24 19:12:45,117 - sflow.task.server_8 - INFO - 0: [07/24/2026-19:12:45] [TRT-LLM] [RANK 0] [I] Selected communication strategy: NVLinkOneSided
2026-07-24 19:12:45,117 - sflow.task.server_8 - INFO - 0: [07/24/2026-19:12:45] [TRT-LLM] [RANK 0] [I] Detect inter-node TP between rank 0 and rank 1, fail to access peer GPU memory
2026-07-24 19:12:46,031 - sflow.task.server_8 - INFO - 0: [07/24/2026-19:12:46] [TRT-LLM] [RANK 0] [I] Selected communication strategy: NVLinkOneSided
2026-07-24 19:12:46,031 - sflow.task.server_8 - INFO - 0: [07/24/2026-19:12:46] [TRT-LLM] [RANK 0] [I] Detect inter-node TP between rank 0 and rank 1, fail to access peer GPU memory
2026-07-24 19:12:46,895 - sflow.task.server_8 - INFO - 0: [07/24/2026-19:12:46] [TRT-LLM] [RANK 0] [I] Selected communication strategy: NVLinkOneSided
2026-07-24 19:12:46,895 - sflow.task.server_8 - INFO - 0: [07/24/2026-19:12:46] [TRT-LLM] [RANK 0] [I] Detect inter-node TP between rank 0 and rank 1, fail to access peer GPU memory
2026-07-24 19:12:47,860 - sflow.task.server_8 - INFO - 0: [07/24/2026-19:12:47] [TRT-LLM] [RANK 0] [I] Selected communication strategy: NVLinkOneSided
2026-07-24 19:12:47,860 - sflow.task.server_8 - INFO - 0: [07/24/2026-19:12:47] [TRT-LLM] [RANK 0] [I] Detect inter-node TP between rank 0 and rank 1, fail to access peer GPU memory
2026-07-24 19:12:48,773 - sflow.task.server_8 - INFO - 0: [07/24/2026-19:12:48] [TRT-LLM] [RANK 0] [I] Selected communication strategy: NVLinkOneSided
2026-07-24 19:12:48,773 - sflow.task.server_8 - INFO - 0: [07/24/2026-19:12:48] [TRT-LLM] [RANK 0] [I] Detect inter-node TP between rank 0 and rank 1, fail to access peer GPU memory
2026-07-24 19:12:49,741 - sflow.task.server_8 - INFO - 0: [07/24/2026-19:12:49] [TRT-LLM] [RANK 0] [I] Selected communication strategy: NVLinkOneSided
2026-07-24 19:12:49,741 - sflow.task.server_8 - INFO - 0: [07/24/2026-19:12:49] [TRT-LLM] [RANK 0] [I] Detect inter-node TP between rank 0 and rank 1, fail to access peer GPU memory
2026-07-24 19:12:50,654 - sflow.task.server_8 - INFO - 0: [07/24/2026-19:12:50] [TRT-LLM] [RANK 0] [I] Selected communication strategy: NVLinkOneSided
2026-07-24 19:12:50,654 - sflow.task.server_8 - INFO - 0: [07/24/2026-19:12:50] [TRT-LLM] [RANK 0] [I] Detect inter-node TP between rank 0 and rank 1, fail to access peer GPU memory
2026-07-24 19:12:51,619 - sflow.task.server_8 - INFO - 0: [07/24/2026-19:12:51] [TRT-LLM] [RANK 0] [I] Selected communication strategy: NVLinkOneSided
2026-07-24 19:12:51,619 - sflow.task.server_8 - INFO - 0: [07/24/2026-19:12:51] [TRT-LLM] [RANK 0] [I] Detect inter-node TP between rank 0 and rank 1, fail to access peer GPU memory
2026-07-24 19:12:52,533 - sflow.task.server_8 - INFO - 0: [07/24/2026-19:12:52] [TRT-LLM] [RANK 0] [I] Selected communication strategy: NVLinkOneSided
2026-07-24 19:12:52,533 - sflow.task.server_8 - INFO - 0: [07/24/2026-19:12:52] [TRT-LLM] [RANK 0] [I] Detect inter-node TP between rank 0 and rank 1, fail to access peer GPU memory
2026-07-24 19:12:53,446 - sflow.task.server_8 - INFO - 0: [07/24/2026-19:12:53] [TRT-LLM] [RANK 0] [I] Selected communication strategy: NVLinkOneSided
2026-07-24 19:12:53,446 - sflow.task.server_8 - INFO - 0: [07/24/2026-19:12:53] [TRT-LLM] [RANK 0] [I] Detect inter-node TP between rank 0 and rank 1, fail to access peer GPU memory
2026-07-24 19:12:54,410 - sflow.task.server_8 - INFO - 0: [07/24/2026-19:12:54] [TRT-LLM] [RANK 0] [I] Selected communication strategy: NVLinkOneSided
2026-07-24 19:12:54,410 - sflow.task.server_8 - INFO - 0: [07/24/2026-19:12:54] [TRT-LLM] [RANK 0] [I] Detect inter-node TP between rank 0 and rank 1, fail to access peer GPU memory
2026-07-24 19:12:55,374 - sflow.task.server_8 - INFO - 0: [07/24/2026-19:12:55] [TRT-LLM] [RANK 0] [I] Selected communication strategy: NVLinkOneSided
2026-07-24 19:12:55,374 - sflow.task.server_8 - INFO - 0: [07/24/2026-19:12:55] [TRT-LLM] [RANK 0] [I] Detect inter-node TP between rank 0 and rank 1, fail to access peer GPU memory
2026-07-24 19:12:56,190 - sflow.task.server_8 - INFO - 0: [07/24/2026-19:12:56] [TRT-LLM] [RANK 0] [I] Selected communication strategy: NVLinkOneSided
2026-07-24 19:12:56,190 - sflow.task.server_8 - INFO - 0: [07/24/2026-19:12:56] [TRT-LLM] [RANK 0] [I] Detect inter-node TP between rank 0 and rank 1, fail to access peer GPU memory
2026-07-24 19:12:56,396 - sflow.task.server_8 - INFO - 0: [07/24/2026-19:12:56] [TRT-LLM] [RANK 0] [I] Selected communication strategy: NVLinkOneSided
2026-07-24 19:12:56,396 - sflow.task.server_8 - INFO - 0: [07/24/2026-19:12:56] [TRT-LLM] [RANK 0] [I] Detect inter-node TP between rank 0 and rank 1, fail to access peer GPU memory
2026-07-24 19:12:56,549 - sflow.task.server_8 - INFO - 0: [07/24/2026-19:12:56] [TRT-LLM] [RANK 0] [I] Selected communication strategy: NVLinkOneSided
2026-07-24 19:12:56,549 - sflow.task.server_8 - INFO - 0: [07/24/2026-19:12:56] [TRT-LLM] [RANK 0] [I] Detect inter-node TP between rank 0 and rank 1, fail to access peer GPU memory
2026-07-24 19:12:56,703 - sflow.task.server_8 - INFO - 0: [07/24/2026-19:12:56] [TRT-LLM] [RANK 0] [I] Selected communication strategy: NVLinkOneSided
2026-07-24 19:12:56,704 - sflow.task.server_8 - INFO - 0: [07/24/2026-19:12:56] [TRT-LLM] [RANK 0] [I] Detect inter-node TP between rank 0 and rank 1, fail to access peer GPU memory
2026-07-24 19:12:57,222 - sflow.task.server_8 - INFO - 0: [07/24/2026-19:12:57] [TRT-LLM] [RANK 0] [I] Selected communication strategy: NVLinkOneSided
2026-07-24 19:12:57,223 - sflow.task.server_8 - INFO - 0: [07/24/2026-19:12:57] [TRT-LLM] [RANK 0] [I] Detect inter-node TP between rank 0 and rank 1, fail to access peer GPU memory
2026-07-24 19:12:57,481 - sflow.task.server_8 - INFO - 0: [07/24/2026-19:12:57] [TRT-LLM] [RANK 0] [I] Selected communication strategy: NVLinkOneSided
2026-07-24 19:12:57,481 - sflow.task.server_8 - INFO - 0: [07/24/2026-19:12:57] [TRT-LLM] [RANK 0] [I] Detect inter-node TP between rank 0 and rank 1, fail to access peer GPU memory
2026-07-24 19:12:57,736 - sflow.task.server_8 - INFO - 0: [07/24/2026-19:12:57] [TRT-LLM] [RANK 0] [I] Selected communication strategy: NVLinkOneSided
2026-07-24 19:12:57,736 - sflow.task.server_8 - INFO - 0: [07/24/2026-19:12:57] [TRT-LLM] [RANK 0] [I] Detect inter-node TP between rank 0 and rank 1, fail to access peer GPU memory
2026-07-24 19:12:57,945 - sflow.task.server_8 - INFO - 0: [07/24/2026-19:12:57] [TRT-LLM] [RANK 0] [I] Selected communication strategy: NVLinkOneSided
2026-07-24 19:12:57,945 - sflow.task.server_8 - INFO - 0: [07/24/2026-19:12:57] [TRT-LLM] [RANK 0] [I] Detect inter-node TP between rank 0 and rank 1, fail to access peer GPU memory
2026-07-24 19:12:58,150 - sflow.task.server_8 - INFO - 0: [07/24/2026-19:12:58] [TRT-LLM] [RANK 0] [I] Selected communication strategy: NVLinkOneSided
2026-07-24 19:12:58,150 - sflow.task.server_8 - INFO - 0: [07/24/2026-19:12:58] [TRT-LLM] [RANK 0] [I] Detect inter-node TP between rank 0 and rank 1, fail to access peer GPU memory
2026-07-24 19:12:58,406 - sflow.task.server_8 - INFO - 0: [07/24/2026-19:12:58] [TRT-LLM] [RANK 0] [I] Selected communication strategy: NVLinkOneSided
2026-07-24 19:12:58,406 - sflow.task.server_8 - INFO - 0: [07/24/2026-19:12:58] [TRT-LLM] [RANK 0] [I] Detect inter-node TP between rank 0 and rank 1, fail to access peer GPU memory
2026-07-24 19:12:58,660 - sflow.task.server_8 - INFO - 0: [07/24/2026-19:12:58] [TRT-LLM] [RANK 0] [I] Selected communication strategy: NVLinkOneSided
2026-07-24 19:12:58,660 - sflow.task.server_8 - INFO - 0: [07/24/2026-19:12:58] [TRT-LLM] [RANK 0] [I] Detect inter-node TP between rank 0 and rank 1, fail to access peer GPU memory
2026-07-24 19:12:59,018 - sflow.task.server_8 - INFO - 0: [07/24/2026-19:12:59] [TRT-LLM] [RANK 0] [I] Selected communication strategy: NVLinkOneSided
2026-07-24 19:12:59,069 - sflow.task.server_8 - INFO - 0: [07/24/2026-19:12:59] [TRT-LLM] [RANK 0] [I] Detect inter-node TP between rank 0 and rank 1, fail to access peer GPU memory
2026-07-24 19:12:59,324 - sflow.task.server_8 - INFO - 0: [07/24/2026-19:12:59] [TRT-LLM] [RANK 0] [I] Selected communication strategy: NVLinkOneSided
2026-07-24 19:12:59,324 - sflow.task.server_8 - INFO - 0: [07/24/2026-19:12:59] [TRT-LLM] [RANK 0] [I] Detect inter-node TP between rank 0 and rank 1, fail to access peer GPU memory
2026-07-24 19:12:59,479 - sflow.task.server_8 - INFO - 0: [07/24/2026-19:12:59] [TRT-LLM] [RANK 0] [I] Selected communication strategy: NVLinkOneSided
2026-07-24 19:12:59,479 - sflow.task.server_8 - INFO - 0: [07/24/2026-19:12:59] [TRT-LLM] [RANK 0] [I] Detect inter-node TP between rank 0 and rank 1, fail to access peer GPU memory
2026-07-24 19:12:59,843 - sflow.task.server_8 - INFO - 0: [07/24/2026-19:12:59] [TRT-LLM] [RANK 0] [I] Selected communication strategy: NVLinkOneSided
2026-07-24 19:12:59,843 - sflow.task.server_8 - INFO - 0: [07/24/2026-19:12:59] [TRT-LLM] [RANK 0] [I] Detect inter-node TP between rank 0 and rank 1, fail to access peer GPU memory
2026-07-24 19:13:00,149 - sflow.task.server_8 - INFO - 0: [07/24/2026-19:13:00] [TRT-LLM] [RANK 0] [I] Selected communication strategy: NVLinkOneSided
2026-07-24 19:13:00,150 - sflow.task.server_8 - INFO - 0: [07/24/2026-19:13:00] [TRT-LLM] [RANK 0] [I] Detect inter-node TP between rank 0 and rank 1, fail to access peer GPU memory
2026-07-24 19:13:00,509 - sflow.task.server_8 - INFO - 0: [07/24/2026-19:13:00] [TRT-LLM] [RANK 0] [I] Selected communication strategy: NVLinkOneSided
2026-07-24 19:13:00,509 - sflow.task.server_8 - INFO - 0: [07/24/2026-19:13:00] [TRT-LLM] [RANK 0] [I] Detect inter-node TP between rank 0 and rank 1, fail to access peer GPU memory
2026-07-24 19:13:00,713 - sflow.task.server_8 - INFO - 0: [07/24/2026-19:13:00] [TRT-LLM] [RANK 0] [I] Selected communication strategy: NVLinkOneSided
2026-07-24 19:13:00,713 - sflow.task.server_8 - INFO - 0: [07/24/2026-19:13:00] [TRT-LLM] [RANK 0] [I] Detect inter-node TP between rank 0 and rank 1, fail to access peer GPU memory
2026-07-24 19:13:01,071 - sflow.task.server_8 - INFO - 0: [07/24/2026-19:13:01] [TRT-LLM] [RANK 0] [I] Selected communication strategy: NVLinkOneSided
2026-07-24 19:13:01,071 - sflow.task.server_8 - INFO - 0: [07/24/2026-19:13:01] [TRT-LLM] [RANK 0] [I] Detect inter-node TP between rank 0 and rank 1, fail to access peer GPU memory
2026-07-24 19:13:01,376 - sflow.task.server_8 - INFO - 0: [07/24/2026-19:13:01] [TRT-LLM] [RANK 0] [I] Selected communication strategy: NVLinkOneSided
2026-07-24 19:13:01,376 - sflow.task.server_8 - INFO - 0: [07/24/2026-19:13:01] [TRT-LLM] [RANK 0] [I] Detect inter-node TP between rank 0 and rank 1, fail to access peer GPU memory
2026-07-24 19:13:01,478 - sflow.task.server_8 - INFO - 0: [07/24/2026-19:13:01] [TRT-LLM] [RANK 0] [I] Selected communication strategy: NVLinkOneSided
2026-07-24 19:13:01,478 - sflow.task.server_8 - INFO - 0: [07/24/2026-19:13:01] [TRT-LLM] [RANK 0] [I] Detect inter-node TP between rank 0 and rank 1, fail to access peer GPU memory
2026-07-24 19:13:01,631 - sflow.task.server_8 - INFO - 0: [07/24/2026-19:13:01] [TRT-LLM] [RANK 0] [I] Selected communication strategy: NVLinkOneSided
2026-07-24 19:13:01,631 - sflow.task.server_8 - INFO - 0: [07/24/2026-19:13:01] [TRT-LLM] [RANK 0] [I] Detect inter-node TP between rank 0 and rank 1, fail to access peer GPU memory
2026-07-24 19:13:01,734 - sflow.task.server_8 - INFO - 0: [07/24/2026-19:13:01] [TRT-LLM] [RANK 0] [I] Selected communication strategy: NVLinkOneSided
2026-07-24 19:13:01,734 - sflow.task.server_8 - INFO - 0: [07/24/2026-19:13:01] [TRT-LLM] [RANK 0] [I] Detect inter-node TP between rank 0 and rank 1, fail to access peer GPU memory
2026-07-24 19:13:01,887 - sflow.task.server_8 - INFO - 0: [07/24/2026-19:13:01] [TRT-LLM] [RANK 0] [I] Selected communication strategy: NVLinkOneSided
2026-07-24 19:13:01,887 - sflow.task.server_8 - INFO - 0: [07/24/2026-19:13:01] [TRT-LLM] [RANK 0] [I] Detect inter-node TP between rank 0 and rank 1, fail to access peer GPU memory
2026-07-24 19:13:01,938 - sflow.task.server_8 - INFO - 0: [07/24/2026-19:13:01] [TRT-LLM] [RANK 0] [I] Selected communication strategy: NVLinkOneSided
2026-07-24 19:13:01,939 - sflow.task.server_8 - INFO - 0: [07/24/2026-19:13:01] [TRT-LLM] [RANK 0] [I] Detect inter-node TP between rank 0 and rank 1, fail to access peer GPU memory
2026-07-24 19:13:02,398 - sflow.task.server_8 - INFO - 0: [07/24/2026-19:13:02] [TRT-LLM] [RANK 0] [I] Selected communication strategy: NVLinkOneSided
2026-07-24 19:13:02,400 - sflow.task.server_8 - INFO - 0: [07/24/2026-19:13:02] [TRT-LLM] [RANK 0] [I] Detect inter-node TP between rank 0 and rank 1, fail to access peer GPU memory
2026-07-24 19:13:02,655 - sflow.task.server_8 - INFO - 0: [07/24/2026-19:13:02] [TRT-LLM] [RANK 0] [I] Selected communication strategy: NVLinkOneSided
2026-07-24 19:13:02,655 - sflow.task.server_8 - INFO - 0: [07/24/2026-19:13:02] [TRT-LLM] [RANK 0] [I] Detect inter-node TP between rank 0 and rank 1, fail to access peer GPU memory
2026-07-24 19:13:02,859 - sflow.task.server_8 - INFO - 0: [07/24/2026-19:13:02] [TRT-LLM] [RANK 0] [I] Selected communication strategy: NVLinkOneSided
2026-07-24 19:13:02,859 - sflow.task.server_8 - INFO - 0: [07/24/2026-19:13:02] [TRT-LLM] [RANK 0] [I] Detect inter-node TP between rank 0 and rank 1, fail to access peer GPU memory
2026-07-24 19:13:03,012 - sflow.task.server_8 - INFO - 0: [07/24/2026-19:13:03] [TRT-LLM] [RANK 0] [I] Selected communication strategy: NVLinkOneSided
2026-07-24 19:13:03,012 - sflow.task.server_8 - INFO - 0: [07/24/2026-19:13:03] [TRT-LLM] [RANK 0] [I] Detect inter-node TP between rank 0 and rank 1, fail to access peer GPU memory
2026-07-24 19:13:03,317 - sflow.task.server_8 - INFO - 0: [07/24/2026-19:13:03] [TRT-LLM] [RANK 0] [I] Selected communication strategy: NVLinkOneSided
2026-07-24 19:13:03,318 - sflow.task.server_8 - INFO - 0: [07/24/2026-19:13:03] [TRT-LLM] [RANK 0] [I] Detect inter-node TP between rank 0 and rank 1, fail to access peer GPU memory
2026-07-24 19:13:03,575 - sflow.task.server_8 - INFO - 0: [07/24/2026-19:13:03] [TRT-LLM] [RANK 0] [I] Selected communication strategy: NVLinkOneSided
2026-07-24 19:13:27,364 - sflow.task.server_8 - INFO - 0: [07/24/2026-19:13:27] [TRT-LLM] [RANK 0] [I] Use 62.01 GB for model weights.
2026-07-24 19:13:27,364 - sflow.task.server_8 - INFO - 0: [07/24/2026-19:13:27] [TRT-LLM] [RANK 0] [I] Prefetching 384.94GB checkpoint files.
2026-07-24 19:13:27,364 - sflow.task.server_8 - INFO - 0: [07/24/2026-19:13:27] [TRT-LLM] [RANK 0] [I] Prefetching /home/mlperf_inference_storage/models/deepseek-r1/fp4-quantized-modelopt/deepseek_r1-torch-fp4/model-00046-of-000163.safetensors to memory...
2026-07-24 19:13:27,364 - sflow.task.server_8 - INFO - 0: [07/24/2026-19:13:27] [TRT-LLM] [RANK 0] [I] Prefetching /home/mlperf_inference_storage/models/deepseek-r1/fp4-quantized-modelopt/deepseek_r1-torch-fp4/model-00087-of-000163.safetensors to memory...
2026-07-24 19:13:27,364 - sflow.task.server_8 - INFO - 0: [07/24/2026-19:13:27] [TRT-LLM] [RANK 0] [I] Prefetching /home/mlperf_inference_storage/models/deepseek-r1/fp4-quantized-modelopt/deepseek_r1-torch-fp4/model-00081-of-000163.safetensors to memory...
2026-07-24 19:13:27,364 - sflow.task.server_8 - INFO - 0: [07/24/2026-19:13:27] [TRT-LLM] [RANK 0] [I] Prefetching /home/mlperf_inference_storage/models/deepseek-r1/fp4-quantized-modelopt/deepseek_r1-torch-fp4/model-00110-of-000163.safetensors to memory...
2026-07-24 19:13:27,364 - sflow.task.server_8 - INFO - 0: [07/24/2026-19:13:27] [TRT-LLM] [RANK 0] [I] Prefetching /home/mlperf_inference_storage/models/deepseek-r1/fp4-quantized-modelopt/deepseek_r1-torch-fp4/model-00150-of-000163.safetensors to memory...
2026-07-24 19:13:27,364 - sflow.task.server_8 - INFO - 0: [07/24/2026-19:13:27] [TRT-LLM] [RANK 0] [I] Prefetching /home/mlperf_inference_storage/models/deepseek-r1/fp4-quantized-modelopt/deepseek_r1-torch-fp4/model-00148-of-000163.safetensors to memory...
2026-07-24 19:13:27,364 - sflow.task.server_8 - INFO - 0: [07/24/2026-19:13:27] [TRT-LLM] [RANK 0] [I] Prefetching /home/mlperf_inference_storage/models/deepseek-r1/fp4-quantized-modelopt/deepseek_r1-torch-fp4/model-00060-of-000163.safetensors to memory...
2026-07-24 19:13:27,364 - sflow.task.server_8 - INFO - 0: [07/24/2026-19:13:27] [TRT-LLM] [RANK 0] [I] Prefetching /home/mlperf_inference_storage/models/deepseek-r1/fp4-quantized-modelopt/deepseek_r1-torch-fp4/model-00065-of-000163.safetensors to memory...
2026-07-24 19:13:27,364 - sflow.task.server_8 - INFO - 0: [07/24/2026-19:13:27] [TRT-LLM] [RANK 0] [I] Prefetching /home/mlperf_inference_storage/models/deepseek-r1/fp4-quantized-modelopt/deepseek_r1-torch-fp4/model-00045-of-000163.safetensors to memory...
2026-07-24 19:13:27,364 - sflow.task.server_8 - INFO - 0: [07/24/2026-19:13:27] [TRT-LLM] [RANK 0] [I] Prefetching /home/mlperf_inference_storage/models/deepseek-r1/fp4-quantized-modelopt/deepseek_r1-torch-fp4/model-00070-of-000163.safetensors to memory...
2026-07-24 19:13:27,364 - sflow.task.server_8 - INFO - 0: [07/24/2026-19:13:27] [TRT-LLM] [RANK 0] [I] Prefetching /home/mlperf_inference_storage/models/deepseek-r1/fp4-quantized-modelopt/deepseek_r1-torch-fp4/model-00043-of-000163.safetensors to memory...
2026-07-24 19:13:27,364 - sflow.task.server_8 - INFO - 0: [07/24/2026-19:13:27] [TRT-LLM] [RANK 0] [I] Prefetching /home/mlperf_inference_storage/models/deepseek-r1/fp4-quantized-modelopt/deepseek_r1-torch-fp4/model-00119-of-000163.safetensors to memory...
2026-07-24 19:13:27,364 - sflow.task.server_8 - INFO - 0: [07/24/2026-19:13:27] [TRT-LLM] [RANK 0] [I] Prefetching /home/mlperf_inference_storage/models/deepseek-r1/fp4-quantized-modelopt/deepseek_r1-torch-fp4/model-00014-of-000163.safetensors to memory...
2026-07-24 19:13:27,364 - sflow.task.server_8 - INFO - 0: [07/24/2026-19:13:27] [TRT-LLM] [RANK 0] [I] Prefetching /home/mlperf_inference_storage/models/deepseek-r1/fp4-quantized-modelopt/deepseek_r1-torch-fp4/model-00086-of-000163.safetensors to memory...
2026-07-24 19:13:27,364 - sflow.task.server_8 - INFO - 0: [07/24/2026-19:13:27] [TRT-LLM] [RANK 0] [I] Prefetching /home/mlperf_inference_storage/models/deepseek-r1/fp4-quantized-modelopt/deepseek_r1-torch-fp4/model-00128-of-000163.safetensors to memory...
2026-07-24 19:13:27,364 - sflow.task.server_8 - INFO - 0: [07/24/2026-19:13:27] [TRT-LLM] [RANK 0] [I] Prefetching /home/mlperf_inference_storage/models/deepseek-r1/fp4-quantized-modelopt/deepseek_r1-torch-fp4/model-00102-of-000163.safetensors to memory...
2026-07-24 19:13:44,047 - sflow.task.server_8 - INFO - 0: [07/24/2026-19:13:44] [TRT-LLM] [RANK 0] [I] Finished prefetching /home/mlperf_inference_storage/models/deepseek-r1/fp4-quantized-modelopt/deepseek_r1-torch-fp4/model-00087-of-000163.safetensors.
2026-07-24 19:13:44,047 - sflow.task.server_8 - INFO - 0: [07/24/2026-19:13:44] [TRT-LLM] [RANK 0] [I] Prefetching /home/mlperf_inference_storage/models/deepseek-r1/fp4-quantized-modelopt/deepseek_r1-torch-fp4/model-00156-of-000163.safetensors to memory...
2026-07-24 19:13:45,473 - sflow.task.server_8 - INFO - 0: [07/24/2026-19:13:45] [TRT-LLM] [RANK 0] [I] Finished prefetching /home/mlperf_inference_storage/models/deepseek-r1/fp4-quantized-modelopt/deepseek_r1-torch-fp4/model-00128-of-000163.safetensors.
2026-07-24 19:13:45,473 - sflow.task.server_8 - INFO - 0: [07/24/2026-19:13:45] [TRT-LLM] [RANK 0] [I] Prefetching /home/mlperf_inference_storage/models/deepseek-r1/fp4-quantized-modelopt/deepseek_r1-torch-fp4/model-00067-of-000163.safetensors to memory...
2026-07-24 19:13:46,745 - sflow.task.server_8 - INFO - 0: [07/24/2026-19:13:46] [TRT-LLM] [RANK 0] [I] Finished prefetching /home/mlperf_inference_storage/models/deepseek-r1/fp4-quantized-modelopt/deepseek_r1-torch-fp4/model-00046-of-000163.safetensors.
2026-07-24 19:13:46,745 - sflow.task.server_8 - INFO - 0: [07/24/2026-19:13:46] [TRT-LLM] [RANK 0] [I] Prefetching /home/mlperf_inference_storage/models/deepseek-r1/fp4-quantized-modelopt/deepseek_r1-torch-fp4/model-00088-of-000163.safetensors to memory...
2026-07-24 19:13:47,865 - sflow.task.server_8 - INFO - 0: [07/24/2026-19:13:47] [TRT-LLM] [RANK 0] [I] Finished prefetching /home/mlperf_inference_storage/models/deepseek-r1/fp4-quantized-modelopt/deepseek_r1-torch-fp4/model-00086-of-000163.safetensors.
2026-07-24 19:13:47,865 - sflow.task.server_8 - INFO - 0: [07/24/2026-19:13:47] [TRT-LLM] [RANK 0] [I] Prefetching /home/mlperf_inference_storage/models/deepseek-r1/fp4-quantized-modelopt/deepseek_r1-torch-fp4/model-00012-of-000163.safetensors to memory...
2026-07-24 19:13:48,831 - sflow.task.server_8 - INFO - 0: [07/24/2026-19:13:48] [TRT-LLM] [RANK 0] [I] Finished prefetching /home/mlperf_inference_storage/models/deepseek-r1/fp4-quantized-modelopt/deepseek_r1-torch-fp4/model-00110-of-000163.safetensors.
2026-07-24 19:13:48,832 - sflow.task.server_8 - INFO - 0: [07/24/2026-19:13:48] [TRT-LLM] [RANK 0] [I] Prefetching /home/mlperf_inference_storage/models/deepseek-r1/fp4-quantized-modelopt/deepseek_r1-torch-fp4/model-00039-of-000163.safetensors to memory...
2026-07-24 19:13:48,984 - sflow.task.server_8 - INFO - 0: [07/24/2026-19:13:48] [TRT-LLM] [RANK 0] [I] Finished prefetching /home/mlperf_inference_storage/models/deepseek-r1/fp4-quantized-modelopt/deepseek_r1-torch-fp4/model-00070-of-000163.safetensors.
2026-07-24 19:13:48,984 - sflow.task.server_8 - INFO - 0: [07/24/2026-19:13:48] [TRT-LLM] [RANK 0] [I] Prefetching /home/mlperf_inference_storage/models/deepseek-r1/fp4-quantized-modelopt/deepseek_r1-torch-fp4/model-00127-of-000163.safetensors to memory...
2026-07-24 19:13:49,137 - sflow.task.server_8 - INFO - 0: [07/24/2026-19:13:49] [TRT-LLM] [RANK 0] [I] Finished prefetching /home/mlperf_inference_storage/models/deepseek-r1/fp4-quantized-modelopt/deepseek_r1-torch-fp4/model-00119-of-000163.safetensors.
2026-07-24 19:13:49,137 - sflow.task.server_8 - INFO - 0: [07/24/2026-19:13:49] [TRT-LLM] [RANK 0] [I] Prefetching /home/mlperf_inference_storage/models/deepseek-r1/fp4-quantized-modelopt/deepseek_r1-torch-fp4/model-00024-of-000163.safetensors to memory...
2026-07-24 19:13:49,137 - sflow.task.server_8 - INFO - 0: [07/24/2026-19:13:49] [TRT-LLM] [RANK 0] [I] Finished prefetching /home/mlperf_inference_storage/models/deepseek-r1/fp4-quantized-modelopt/deepseek_r1-torch-fp4/model-00060-of-000163.safetensors.
2026-07-24 19:13:49,137 - sflow.task.server_8 - INFO - 0: [07/24/2026-19:13:49] [TRT-LLM] [RANK 0] [I] Prefetching /home/mlperf_inference_storage/models/deepseek-r1/fp4-quantized-modelopt/deepseek_r1-torch-fp4/model-00157-of-000163.safetensors to memory...
2026-07-24 19:13:49,290 - sflow.task.server_8 - INFO - 0: [07/24/2026-19:13:49] [TRT-LLM] [RANK 0] [I] Finished prefetching /home/mlperf_inference_storage/models/deepseek-r1/fp4-quantized-modelopt/deepseek_r1-torch-fp4/model-00102-of-000163.safetensors.
2026-07-24 19:13:49,290 - sflow.task.server_8 - INFO - 0: [07/24/2026-19:13:49] [TRT-LLM] [RANK 0] [I] Prefetching /home/mlperf_inference_storage/models/deepseek-r1/fp4-quantized-modelopt/deepseek_r1-torch-fp4/model-00056-of-000163.safetensors to memory...
2026-07-24 19:13:49,392 - sflow.task.server_8 - INFO - 0: [07/24/2026-19:13:49] [TRT-LLM] [RANK 0] [I] Finished prefetching /home/mlperf_inference_storage/models/deepseek-r1/fp4-quantized-modelopt/deepseek_r1-torch-fp4/model-00014-of-000163.safetensors.
2026-07-24 19:13:49,392 - sflow.task.server_8 - INFO - 0: [07/24/2026-19:13:49] [TRT-LLM] [RANK 0] [I] Prefetching /home/mlperf_inference_storage/models/deepseek-r1/fp4-quantized-modelopt/deepseek_r1-torch-fp4/model-00041-of-000163.safetensors to memory...
2026-07-24 19:13:49,851 - sflow.task.server_8 - INFO - 0: [07/24/2026-19:13:49] [TRT-LLM] [RANK 0] [I] Finished prefetching /home/mlperf_inference_storage/models/deepseek-r1/fp4-quantized-modelopt/deepseek_r1-torch-fp4/model-00150-of-000163.safetensors.
2026-07-24 19:13:49,851 - sflow.task.server_8 - INFO - 0: [07/24/2026-19:13:49] [TRT-LLM] [RANK 0] [I] Prefetching /home/mlperf_inference_storage/models/deepseek-r1/fp4-quantized-modelopt/deepseek_r1-torch-fp4/model-00097-of-000163.safetensors to memory...
2026-07-24 19:13:50,158 - sflow.task.server_8 - INFO - 0: [07/24/2026-19:13:50] [TRT-LLM] [RANK 0] [I] Finished prefetching /home/mlperf_inference_storage/models/deepseek-r1/fp4-quantized-modelopt/deepseek_r1-torch-fp4/model-00081-of-000163.safetensors.
2026-07-24 19:13:50,158 - sflow.task.server_8 - INFO - 0: [07/24/2026-19:13:50] [TRT-LLM] [RANK 0] [I] Prefetching /home/mlperf_inference_storage/models/deepseek-r1/fp4-quantized-modelopt/deepseek_r1-torch-fp4/model-00021-of-000163.safetensors to memory...
2026-07-24 19:13:50,972 - sflow.task.server_8 - INFO - 0: [07/24/2026-19:13:50] [TRT-LLM] [RANK 0] [I] Finished prefetching /home/mlperf_inference_storage/models/deepseek-r1/fp4-quantized-modelopt/deepseek_r1-torch-fp4/model-00148-of-000163.safetensors.
2026-07-24 19:13:50,973 - sflow.task.server_8 - INFO - 0: [07/24/2026-19:13:50] [TRT-LLM] [RANK 0] [I] Prefetching /home/mlperf_inference_storage/models/deepseek-r1/fp4-quantized-modelopt/deepseek_r1-torch-fp4/model-00082-of-000163.safetensors to memory...
2026-07-24 19:13:52,041 - sflow.task.server_8 - INFO - 0: [07/24/2026-19:13:51] [TRT-LLM] [RANK 0] [I] Finished prefetching /home/mlperf_inference_storage/models/deepseek-r1/fp4-quantized-modelopt/deepseek_r1-torch-fp4/model-00065-of-000163.safetensors.
2026-07-24 19:13:52,041 - sflow.task.server_8 - INFO - 0: [07/24/2026-19:13:51] [TRT-LLM] [RANK 0] [I] Prefetching /home/mlperf_inference_storage/models/deepseek-r1/fp4-quantized-modelopt/deepseek_r1-torch-fp4/model-00112-of-000163.safetensors to memory...
2026-07-24 19:13:53,877 - sflow.task.server_8 - INFO - 0: [07/24/2026-19:13:53] [TRT-LLM] [RANK 0] [I] Finished prefetching /home/mlperf_inference_storage/models/deepseek-r1/fp4-quantized-modelopt/deepseek_r1-torch-fp4/model-00045-of-000163.safetensors.
2026-07-24 19:13:53,877 - sflow.task.server_8 - INFO - 0: [07/24/2026-19:13:53] [TRT-LLM] [RANK 0] [I] Prefetching /home/mlperf_inference_storage/models/deepseek-r1/fp4-quantized-modelopt/deepseek_r1-torch-fp4/model-00023-of-000163.safetensors to memory...
2026-07-24 19:13:54,692 - sflow.task.server_8 - INFO - 0: [07/24/2026-19:13:54] [TRT-LLM] [RANK 0] [I] Finished prefetching /home/mlperf_inference_storage/models/deepseek-r1/fp4-quantized-modelopt/deepseek_r1-torch-fp4/model-00043-of-000163.safetensors.
2026-07-24 19:13:54,692 - sflow.task.server_8 - INFO - 0: [07/24/2026-19:13:54] [TRT-LLM] [RANK 0] [I] Prefetching /home/mlperf_inference_storage/models/deepseek-r1/fp4-quantized-modelopt/deepseek_r1-torch-fp4/model-00113-of-000163.safetensors to memory...
2026-07-24 19:13:55,660 - sflow.task.server_8 - INFO - 0: [07/24/2026-19:13:55] [TRT-LLM] [RANK 0] [I] Finished prefetching /home/mlperf_inference_storage/models/deepseek-r1/fp4-quantized-modelopt/deepseek_r1-torch-fp4/model-00012-of-000163.safetensors.
2026-07-24 19:13:55,660 - sflow.task.server_8 - INFO - 0: [07/24/2026-19:13:55] [TRT-LLM] [RANK 0] [I] Prefetching /home/mlperf_inference_storage/models/deepseek-r1/fp4-quantized-modelopt/deepseek_r1-torch-fp4/model-00163-of-000163.safetensors to memory...
2026-07-24 19:13:56,883 - sflow.task.server_8 - INFO - 0: [07/24/2026-19:13:56] [TRT-LLM] [RANK 0] [I] Finished prefetching /home/mlperf_inference_storage/models/deepseek-r1/fp4-quantized-modelopt/deepseek_r1-torch-fp4/model-00056-of-000163.safetensors.
2026-07-24 19:13:56,883 - sflow.task.server_8 - INFO - 0: [07/24/2026-19:13:56] [TRT-LLM] [RANK 0] [I] Prefetching /home/mlperf_inference_storage/models/deepseek-r1/fp4-quantized-modelopt/deepseek_r1-torch-fp4/model-00120-of-000163.safetensors to memory...
2026-07-24 19:14:05,866 - sflow.task.server_8 - INFO - 0: [07/24/2026-19:14:05] [TRT-LLM] [RANK 0] [I] Finished prefetching /home/mlperf_inference_storage/models/deepseek-r1/fp4-quantized-modelopt/deepseek_r1-torch-fp4/model-00156-of-000163.safetensors.
2026-07-24 19:14:05,866 - sflow.task.server_8 - INFO - 0: [07/24/2026-19:14:05] [TRT-LLM] [RANK 0] [I] Prefetching /home/mlperf_inference_storage/models/deepseek-r1/fp4-quantized-modelopt/deepseek_r1-torch-fp4/model-00005-of-000163.safetensors to memory...
2026-07-24 19:14:06,427 - sflow.task.server_8 - INFO - 0: [07/24/2026-19:14:06] [TRT-LLM] [RANK 0] [I] Finished prefetching /home/mlperf_inference_storage/models/deepseek-r1/fp4-quantized-modelopt/deepseek_r1-torch-fp4/model-00157-of-000163.safetensors.
2026-07-24 19:14:06,427 - sflow.task.server_8 - INFO - 0: [07/24/2026-19:14:06] [TRT-LLM] [RANK 0] [I] Prefetching /home/mlperf_inference_storage/models/deepseek-r1/fp4-quantized-modelopt/deepseek_r1-torch-fp4/model-00121-of-000163.safetensors to memory...
2026-07-24 19:14:06,632 - sflow.task.server_8 - INFO - 0: [07/24/2026-19:14:06] [TRT-LLM] [RANK 0] [I] Finished prefetching /home/mlperf_inference_storage/models/deepseek-r1/fp4-quantized-modelopt/deepseek_r1-torch-fp4/model-00067-of-000163.safetensors.
2026-07-24 19:14:06,632 - sflow.task.server_8 - INFO - 0: [07/24/2026-19:14:06] [TRT-LLM] [RANK 0] [I] Prefetching /home/mlperf_inference_storage/models/deepseek-r1/fp4-quantized-modelopt/deepseek_r1-torch-fp4/model-00122-of-000163.safetensors to memory...
2026-07-24 19:14:08,669 - sflow.task.server_8 - INFO - 0: [07/24/2026-19:14:08] [TRT-LLM] [RANK 0] [I] Finished prefetching /home/mlperf_inference_storage/models/deepseek-r1/fp4-quantized-modelopt/deepseek_r1-torch-fp4/model-00127-of-000163.safetensors.
2026-07-24 19:14:08,669 - sflow.task.server_8 - INFO - 0: [07/24/2026-19:14:08] [TRT-LLM] [RANK 0] [I] Prefetching /home/mlperf_inference_storage/models/deepseek-r1/fp4-quantized-modelopt/deepseek_r1-torch-fp4/model-00107-of-000163.safetensors to memory...
2026-07-24 19:14:09,078 - sflow.task.server_8 - INFO - 0: [07/24/2026-19:14:09] [TRT-LLM] [RANK 0] [I] Finished prefetching /home/mlperf_inference_storage/models/deepseek-r1/fp4-quantized-modelopt/deepseek_r1-torch-fp4/model-00024-of-000163.safetensors.
2026-07-24 19:14:09,078 - sflow.task.server_8 - INFO - 0: [07/24/2026-19:14:09] [TRT-LLM] [RANK 0] [I] Prefetching /home/mlperf_inference_storage/models/deepseek-r1/fp4-quantized-modelopt/deepseek_r1-torch-fp4/model-00149-of-000163.safetensors to memory...
2026-07-24 19:14:09,691 - sflow.task.server_8 - INFO - 0: [07/24/2026-19:14:09] [TRT-LLM] [RANK 0] [I] Finished prefetching /home/mlperf_inference_storage/models/deepseek-r1/fp4-quantized-modelopt/deepseek_r1-torch-fp4/model-00113-of-000163.safetensors.
2026-07-24 19:14:09,691 - sflow.task.server_8 - INFO - 0: [07/24/2026-19:14:09] [TRT-LLM] [RANK 0] [I] Prefetching /home/mlperf_inference_storage/models/deepseek-r1/fp4-quantized-modelopt/deepseek_r1-torch-fp4/model-00030-of-000163.safetensors to memory...
2026-07-24 19:14:09,947 - sflow.task.server_8 - INFO - 0: [07/24/2026-19:14:09] [TRT-LLM] [RANK 0] [I] Finished prefetching /home/mlperf_inference_storage/models/deepseek-r1/fp4-quantized-modelopt/deepseek_r1-torch-fp4/model-00097-of-000163.safetensors.
2026-07-24 19:14:09,947 - sflow.task.server_8 - INFO - 0: [07/24/2026-19:14:09] [TRT-LLM] [RANK 0] [I] Prefetching /home/mlperf_inference_storage/models/deepseek-r1/fp4-quantized-modelopt/deepseek_r1-torch-fp4/model-00139-of-000163.safetensors to memory...
2026-07-24 19:14:10,458 - sflow.task.server_8 - INFO - 0: [07/24/2026-19:14:10] [TRT-LLM] [RANK 0] [I] Finished prefetching /home/mlperf_inference_storage/models/deepseek-r1/fp4-quantized-modelopt/deepseek_r1-torch-fp4/model-00039-of-000163.safetensors.
2026-07-24 19:14:11,172 - sflow.task.server_8 - INFO - 0: [07/24/2026-19:14:11] [TRT-LLM] [RANK 0] [I] Finished prefetching /home/mlperf_inference_storage/models/deepseek-r1/fp4-quantized-modelopt/deepseek_r1-torch-fp4/model-00088-of-000163.safetensors.
2026-07-24 19:14:11,937 - sflow.task.server_8 - INFO - 0: [07/24/2026-19:14:11] [TRT-LLM] [RANK 0] [I] Finished prefetching /home/mlperf_inference_storage/models/deepseek-r1/fp4-quantized-modelopt/deepseek_r1-torch-fp4/model-00122-of-000163.safetensors.
2026-07-24 19:14:12,498 - sflow.task.server_8 - INFO - 0: [07/24/2026-19:14:12] [TRT-LLM] [RANK 0] [I] Finished prefetching /home/mlperf_inference_storage/models/deepseek-r1/fp4-quantized-modelopt/deepseek_r1-torch-fp4/model-00082-of-000163.safetensors.
2026-07-24 19:14:13,007 - sflow.task.server_8 - INFO - 0: [07/24/2026-19:14:12] [TRT-LLM] [RANK 0] [I] Finished prefetching /home/mlperf_inference_storage/models/deepseek-r1/fp4-quantized-modelopt/deepseek_r1-torch-fp4/model-00041-of-000163.safetensors.
2026-07-24 19:14:14,027 - sflow.task.server_8 - INFO - 0: [07/24/2026-19:14:13] [TRT-LLM] [RANK 0] [I] Finished prefetching /home/mlperf_inference_storage/models/deepseek-r1/fp4-quantized-modelopt/deepseek_r1-torch-fp4/model-00112-of-000163.safetensors.
2026-07-24 19:14:14,590 - sflow.task.server_8 - INFO - 0: [07/24/2026-19:14:14] [TRT-LLM] [RANK 0] [I] Finished prefetching /home/mlperf_inference_storage/models/deepseek-r1/fp4-quantized-modelopt/deepseek_r1-torch-fp4/model-00021-of-000163.safetensors.
2026-07-24 19:14:16,074 - sflow.task.server_8 - INFO - 0: [07/24/2026-19:14:16] [TRT-LLM] [RANK 0] [I] Finished prefetching /home/mlperf_inference_storage/models/deepseek-r1/fp4-quantized-modelopt/deepseek_r1-torch-fp4/model-00023-of-000163.safetensors.
2026-07-24 19:14:16,585 - sflow.task.server_8 - INFO - 0: [07/24/2026-19:14:16] [TRT-LLM] [RANK 0] [I] Finished prefetching /home/mlperf_inference_storage/models/deepseek-r1/fp4-quantized-modelopt/deepseek_r1-torch-fp4/model-00120-of-000163.safetensors.
2026-07-24 19:14:17,250 - sflow.task.server_8 - INFO - 0: [07/24/2026-19:14:17] [TRT-LLM] [RANK 0] [I] Finished prefetching /home/mlperf_inference_storage/models/deepseek-r1/fp4-quantized-modelopt/deepseek_r1-torch-fp4/model-00121-of-000163.safetensors.
2026-07-24 19:14:19,340 - sflow.task.server_8 - INFO - 0: [07/24/2026-19:14:19] [TRT-LLM] [RANK 0] [I] Finished prefetching /home/mlperf_inference_storage/models/deepseek-r1/fp4-quantized-modelopt/deepseek_r1-torch-fp4/model-00149-of-000163.safetensors.
2026-07-24 19:14:19,442 - sflow.task.server_8 - INFO - 0: [07/24/2026-19:14:19] [TRT-LLM] [RANK 0] [I] Finished prefetching /home/mlperf_inference_storage/models/deepseek-r1/fp4-quantized-modelopt/deepseek_r1-torch-fp4/model-00005-of-000163.safetensors.
2026-07-24 19:14:19,595 - sflow.task.server_8 - INFO - 0: [07/24/2026-19:14:19] [TRT-LLM] [RANK 0] [I] Finished prefetching /home/mlperf_inference_storage/models/deepseek-r1/fp4-quantized-modelopt/deepseek_r1-torch-fp4/model-00107-of-000163.safetensors.
2026-07-24 19:14:19,952 - sflow.task.server_8 - INFO - 0: [07/24/2026-19:14:19] [TRT-LLM] [RANK 0] [I] Finished prefetching /home/mlperf_inference_storage/models/deepseek-r1/fp4-quantized-modelopt/deepseek_r1-torch-fp4/model-00030-of-000163.safetensors.
2026-07-24 19:14:20,414 - sflow.task.server_8 - INFO - 0: [07/24/2026-19:14:20] [TRT-LLM] [RANK 0] [I] Finished prefetching /home/mlperf_inference_storage/models/deepseek-r1/fp4-quantized-modelopt/deepseek_r1-torch-fp4/model-00139-of-000163.safetensors.
2026-07-24 19:14:21,744 - sflow.task.server_8 - INFO - 0: [07/24/2026-19:14:21] [TRT-LLM] [RANK 0] [I] Finished prefetching /home/mlperf_inference_storage/models/deepseek-r1/fp4-quantized-modelopt/deepseek_r1-torch-fp4/model-00163-of-000163.safetensors.
2026-07-24 19:14:21,796 - sflow.task.server_8 - INFO - 0:
2026-07-24 19:14:21,796 - sflow.task.server_8 - INFO - Loading safetensors weights in parallel:   0%|          | 0/163 [00:00<?, ?it/s]
2026-07-24 19:14:21,796 - sflow.task.server_8 - INFO - 1:
2026-07-24 19:14:21,796 - sflow.task.server_8 - INFO - Loading safetensors weights in parallel:   0%|          | 0/163 [00:00<?, ?it/s]
2026-07-24 19:14:21,796 - sflow.task.server_8 - INFO - 3:
2026-07-24 19:14:21,796 - sflow.task.server_8 - INFO - Loading safetensors weights in parallel:   0%|          | 0/163 [00:00<?, ?it/s]
2026-07-24 19:14:21,796 - sflow.task.server_8 - INFO - 2:
2026-07-24 19:14:21,796 - sflow.task.server_8 - INFO - Loading safetensors weights in parallel:   0%|          | 0/163 [00:00<?, ?it/s]
2026-07-24 19:14:21,796 - sflow.task.server_8 - INFO - 0: [07/24/2026-19:14:21] [TRT-LLM] [RANK 0] [I] Start to load safetensor file /home/mlperf_inference_storage/models/deepseek-r1/fp4-quantized-modelopt/deepseek_r1-torch-fp4/model-00046-of-000163.safetensors
2026-07-24 19:14:21,796 - sflow.task.server_8 - INFO - 0: [07/24/2026-19:14:21] [TRT-LLM] [RANK 0] [I] Start to load safetensor file /home/mlperf_inference_storage/models/deepseek-r1/fp4-quantized-modelopt/deepseek_r1-torch-fp4/model-00066-of-000163.safetensors
2026-07-24 19:14:21,899 - sflow.task.server_8 - INFO - 0: [07/24/2026-19:14:21] [TRT-LLM] [RANK 0] [I] Start to load safetensor file /home/mlperf_inference_storage/models/deepseek-r1/fp4-quantized-modelopt/deepseek_r1-torch-fp4/model-00028-of-000163.safetensors
2026-07-24 19:14:21,952 - sflow.task.server_8 - INFO - 0: [07/24/2026-19:14:21] [TRT-LLM] [RANK 0] [I] Start to load safetensor file /home/mlperf_inference_storage/models/deepseek-r1/fp4-quantized-modelopt/deepseek_r1-torch-fp4/model-00126-of-000163.safetensors
2026-07-24 19:14:21,952 - sflow.task.server_8 - INFO - 0: [07/24/2026-19:14:21] [TRT-LLM] [RANK 0] [I] Start to load safetensor file /home/mlperf_inference_storage/models/deepseek-r1/fp4-quantized-modelopt/deepseek_r1-torch-fp4/model-00087-of-000163.safetensors
2026-07-24 19:14:21,952 - sflow.task.server_8 - INFO - 0: [07/24/2026-19:14:21] [TRT-LLM] [RANK 0] [I] Start to load safetensor file /home/mlperf_inference_storage/models/deepseek-r1/fp4-quantized-modelopt/deepseek_r1-torch-fp4/model-00044-of-000163.safetensors
2026-07-24 19:14:22,054 - sflow.task.server_8 - INFO - 0: [07/24/2026-19:14:21] [TRT-LLM] [RANK 0] [I] Start to load safetensor file /home/mlperf_inference_storage/models/deepseek-r1/fp4-quantized-modelopt/deepseek_r1-torch-fp4/model-00132-of-000163.safetensors
2026-07-24 19:14:22,055 - sflow.task.server_8 - INFO - 0: [07/24/2026-19:14:22] [TRT-LLM] [RANK 0] [I] Start to load safetensor file /home/mlperf_inference_storage/models/deepseek-r1/fp4-quantized-modelopt/deepseek_r1-torch-fp4/model-00001-of-000163.safetensors
2026-07-24 19:14:22,106 - sflow.task.server_8 - INFO - 0: [07/24/2026-19:14:22] [TRT-LLM] [RANK 0] [I] Start to load safetensor file /home/mlperf_inference_storage/models/deepseek-r1/fp4-quantized-modelopt/deepseek_r1-torch-fp4/model-00081-of-000163.safetensors
2026-07-24 19:14:22,106 - sflow.task.server_8 - INFO - 0: [07/24/2026-19:14:22] [TRT-LLM] [RANK 0] [I] Start to load safetensor file /home/mlperf_inference_storage/models/deepseek-r1/fp4-quantized-modelopt/deepseek_r1-torch-fp4/model-00054-of-000163.safetensors
2026-07-24 19:14:22,106 - sflow.task.server_8 - INFO - 0: [07/24/2026-19:14:22] [TRT-LLM] [RANK 0] [I] Start to load safetensor file /home/mlperf_inference_storage/models/deepseek-r1/fp4-quantized-modelopt/deepseek_r1-torch-fp4/model-00147-of-000163.safetensors
2026-07-24 19:14:22,106 - sflow.task.server_8 - INFO - 0: [07/24/2026-19:14:22] [TRT-LLM] [RANK 0] [I] Start to load safetensor file /home/mlperf_inference_storage/models/deepseek-r1/fp4-quantized-modelopt/deepseek_r1-torch-fp4/model-00074-of-000163.safetensors
2026-07-24 19:14:22,157 - sflow.task.server_8 - INFO - 0: [07/24/2026-19:14:22] [TRT-LLM] [RANK 0] [I] Start to load safetensor file /home/mlperf_inference_storage/models/deepseek-r1/fp4-quantized-modelopt/deepseek_r1-torch-fp4/model-00110-of-000163.safetensors
2026-07-24 19:14:22,157 - sflow.task.server_8 - INFO - 0: [07/24/2026-19:14:22] [TRT-LLM] [RANK 0] [I] Start to load safetensor file /home/mlperf_inference_storage/models/deepseek-r1/fp4-quantized-modelopt/deepseek_r1-torch-fp4/model-00017-of-000163.safetensors
2026-07-24 19:14:22,208 - sflow.task.server_8 - INFO - 0: [07/24/2026-19:14:22] [TRT-LLM] [RANK 0] [I] Start to load safetensor file /home/mlperf_inference_storage/models/deepseek-r1/fp4-quantized-modelopt/deepseek_r1-torch-fp4/model-00091-of-000163.safetensors
2026-07-24 19:14:22,258 - sflow.task.server_8 - INFO - 0: [07/24/2026-19:14:22] [TRT-LLM] [RANK 0] [I] Start to load safetensor file /home/mlperf_inference_storage/models/deepseek-r1/fp4-quantized-modelopt/deepseek_r1-torch-fp4/model-00123-of-000163.safetensors
2026-07-24 19:14:22,258 - sflow.task.server_8 - INFO - 0: [07/24/2026-19:14:22] [TRT-LLM] [RANK 0] [I] Start to load safetensor file /home/mlperf_inference_storage/models/deepseek-r1/fp4-quantized-modelopt/deepseek_r1-torch-fp4/model-00150-of-000163.safetensors
2026-07-24 19:14:22,258 - sflow.task.server_8 - INFO - 0: [07/24/2026-19:14:22] [TRT-LLM] [RANK 0] [I] Start to load safetensor file /home/mlperf_inference_storage/models/deepseek-r1/fp4-quantized-modelopt/deepseek_r1-torch-fp4/model-00146-of-000163.safetensors
2026-07-24 19:14:22,309 - sflow.task.server_8 - INFO - 0: [07/24/2026-19:14:22] [TRT-LLM] [RANK 0] [I] Start to load safetensor file /home/mlperf_inference_storage/models/deepseek-r1/fp4-quantized-modelopt/deepseek_r1-torch-fp4/model-00036-of-000163.safetensors
2026-07-24 19:14:22,310 - sflow.task.server_8 - INFO - 0: [07/24/2026-19:14:22] [TRT-LLM] [RANK 0] [I] Start to load safetensor file /home/mlperf_inference_storage/models/deepseek-r1/fp4-quantized-modelopt/deepseek_r1-torch-fp4/model-00125-of-000163.safetensors
2026-07-24 19:14:22,360 - sflow.task.server_8 - INFO - 0: [07/24/2026-19:14:22] [TRT-LLM] [RANK 0] [I] Start to load safetensor file /home/mlperf_inference_storage/models/deepseek-r1/fp4-quantized-modelopt/deepseek_r1-torch-fp4/model-00148-of-000163.safetensors
2026-07-24 19:14:22,360 - sflow.task.server_8 - INFO - 0: [07/24/2026-19:14:22] [TRT-LLM] [RANK 0] [I] Start to load safetensor file /home/mlperf_inference_storage/models/deepseek-r1/fp4-quantized-modelopt/deepseek_r1-torch-fp4/model-00002-of-000163.safetensors
2026-07-24 19:14:22,360 - sflow.task.server_8 - INFO - 0: [07/24/2026-19:14:22] [TRT-LLM] [RANK 0] [I] Start to load safetensor file /home/mlperf_inference_storage/models/deepseek-r1/fp4-quantized-modelopt/deepseek_r1-torch-fp4/model-00029-of-000163.safetensors
2026-07-24 19:14:22,411 - sflow.task.server_8 - INFO - 0: [07/24/2026-19:14:22] [TRT-LLM] [RANK 0] [I] Start to load safetensor file /home/mlperf_inference_storage/models/deepseek-r1/fp4-quantized-modelopt/deepseek_r1-torch-fp4/model-00052-of-000163.safetensors
2026-07-24 19:14:22,411 - sflow.task.server_8 - INFO - 0: [07/24/2026-19:14:22] [TRT-LLM] [RANK 0] [I] Start to load safetensor file /home/mlperf_inference_storage/models/deepseek-r1/fp4-quantized-modelopt/deepseek_r1-torch-fp4/model-00060-of-000163.safetensors
2026-07-24 19:14:22,411 - sflow.task.server_8 - INFO - 0: [07/24/2026-19:14:22] [TRT-LLM] [RANK 0] [I] Start to load safetensor file /home/mlperf_inference_storage/models/deepseek-r1/fp4-quantized-modelopt/deepseek_r1-torch-fp4/model-00038-of-000163.safetensors
2026-07-24 19:14:22,462 - sflow.task.server_8 - INFO - 0: [07/24/2026-19:14:22] [TRT-LLM] [RANK 0] [I] Start to load safetensor file /home/mlperf_inference_storage/models/deepseek-r1/fp4-quantized-modelopt/deepseek_r1-torch-fp4/model-00033-of-000163.safetensors
2026-07-24 19:14:22,462 - sflow.task.server_8 - INFO - 0: [07/24/2026-19:14:22] [TRT-LLM] [RANK 0] [I] Start to load safetensor file /home/mlperf_inference_storage/models/deepseek-r1/fp4-quantized-modelopt/deepseek_r1-torch-fp4/model-00155-of-000163.safetensors
2026-07-24 19:14:22,462 - sflow.task.server_8 - INFO - 0: [07/24/2026-19:14:22] [TRT-LLM] [RANK 0] [I] Start to load safetensor file /home/mlperf_inference_storage/models/deepseek-r1/fp4-quantized-modelopt/deepseek_r1-torch-fp4/model-00065-of-000163.safetensors
2026-07-24 19:14:22,462 - sflow.task.server_8 - INFO - 0: [07/24/2026-19:14:22] [TRT-LLM] [RANK 0] [I] Start to load safetensor file /home/mlperf_inference_storage/models/deepseek-r1/fp4-quantized-modelopt/deepseek_r1-torch-fp4/model-00103-of-000163.safetensors
2026-07-24 19:14:22,614 - sflow.task.server_8 - INFO - 0: [07/24/2026-19:14:22] [TRT-LLM] [RANK 0] [I] Start to load safetensor file /home/mlperf_inference_storage/models/deepseek-r1/fp4-quantized-modelopt/deepseek_r1-torch-fp4/model-00061-of-000163.safetensors
2026-07-24 19:14:22,665 - sflow.task.server_8 - INFO - 0: [07/24/2026-19:14:22] [TRT-LLM] [RANK 0] [I] Start to load safetensor file /home/mlperf_inference_storage/models/deepseek-r1/fp4-quantized-modelopt/deepseek_r1-torch-fp4/model-00034-of-000163.safetensors
2026-07-24 19:14:24,039 - sflow.task.server_8 - INFO - 2:
2026-07-24 19:14:24,039 - sflow.task.server_8 - INFO - Loading safetensors weights in parallel:   1%|          | 1/163 [00:02<06:08,  2.27s/it]
2026-07-24 19:14:24,143 - sflow.task.server_8 - INFO - 0: [07/24/2026-19:14:24] [TRT-LLM] [RANK 0] [I] Start to load safetensor file /home/mlperf_inference_storage/models/deepseek-r1/fp4-quantized-modelopt/deepseek_r1-torch-fp4/model-00045-of-000163.safetensors
2026-07-24 19:14:24,143 - sflow.task.server_8 - INFO - 0:
2026-07-24 19:14:24,143 - sflow.task.server_8 - INFO - Loading safetensors weights in parallel:   1%|          | 1/163 [00:02<06:24,  2.37s/it]
2026-07-24 19:14:24,194 - sflow.task.server_8 - INFO - 1:
2026-07-24 19:14:24,194 - sflow.task.server_8 - INFO - Loading safetensors weights in parallel:   1%|          | 1/163 [00:02<06:35,  2.44s/it]
2026-07-24 19:14:24,245 - sflow.task.server_8 - INFO - 3:
2026-07-24 19:14:24,245 - sflow.task.server_8 - INFO - Loading safetensors weights in parallel:   1%|          | 1/163 [00:02<06:42,  2.48s/it]
2026-07-24 19:14:24,245 - sflow.task.server_8 - INFO - 0: [07/24/2026-19:14:24] [TRT-LLM] [RANK 0] [I] Start to load safetensor file /home/mlperf_inference_storage/models/deepseek-r1/fp4-quantized-modelopt/deepseek_r1-torch-fp4/model-00048-of-000163.safetensors
2026-07-24 19:14:24,296 - sflow.task.server_8 - INFO - 0:
2026-07-24 19:14:24,296 - sflow.task.server_8 - INFO - Loading safetensors weights in parallel:   1%|          | 2/163 [00:02<02:51,  1.06s/it]
2026-07-24 19:14:24,398 - sflow.task.server_8 - INFO - 3:
2026-07-24 19:14:24,398 - sflow.task.server_8 - INFO - Loading safetensors weights in parallel:   1%|          | 2/163 [00:02<02:55,  1.09s/it]
2026-07-24 19:14:24,448 - sflow.task.server_8 - INFO - 1:
2026-07-24 19:14:24,448 - sflow.task.server_8 - INFO - Loading safetensors weights in parallel:   1%|          | 2/163 [00:02<03:01,  1.13s/it]
2026-07-24 19:14:24,448 - sflow.task.server_8 - INFO - 2:
2026-07-24 19:14:24,448 - sflow.task.server_8 - INFO - Loading safetensors weights in parallel:   1%|          | 2/163 [00:02<03:08,  1.17s/it]
2026-07-24 19:14:26,744 - sflow.task.server_8 - INFO - 5:
2026-07-24 19:14:26,744 - sflow.task.server_8 - INFO - Loading safetensors weights in parallel:   0%|          | 0/163 [00:00<?, ?it/s]
2026-07-24 19:14:26,744 - sflow.task.server_8 - INFO - 6:
2026-07-24 19:14:26,744 - sflow.task.server_8 - INFO - Loading safetensors weights in parallel:   0%|          | 0/163 [00:00<?, ?it/s]
2026-07-24 19:14:26,744 - sflow.task.server_8 - INFO - 7:
2026-07-24 19:14:26,744 - sflow.task.server_8 - INFO - Loading safetensors weights in parallel:   0%|          | 0/163 [00:00<?, ?it/s]
2026-07-24 19:14:26,744 - sflow.task.server_8 - INFO - 4:
2026-07-24 19:14:26,744 - sflow.task.server_8 - INFO - Loading safetensors weights in parallel:   0%|          | 0/163 [00:00<?, ?it/s]
2026-07-24 19:14:26,744 - sflow.task.server_8 - INFO - 1:
2026-07-24 19:14:26,744 - sflow.task.server_8 - INFO - Loading safetensors weights in parallel:   2%|▏         | 3/163 [00:04<04:27,  1.67s/it]
2026-07-24 19:14:26,795 - sflow.task.server_8 - INFO - 2:
2026-07-24 19:14:26,795 - sflow.task.server_8 - INFO - Loading safetensors weights in parallel:   2%|▏         | 3/163 [00:04<04:31,  1.70s/it]
2026-07-24 19:14:26,795 - sflow.task.server_8 - INFO - 3:
2026-07-24 19:14:26,795 - sflow.task.server_8 - INFO - Loading safetensors weights in parallel:   2%|▏         | 3/163 [00:05<04:30,  1.69s/it]
2026-07-24 19:14:26,846 - sflow.task.server_8 - INFO - 1:
2026-07-24 19:14:26,846 - sflow.task.server_8 - INFO - Loading safetensors weights in parallel:   4%|▎         | 6/163 [00:05<01:33,  1.69it/s]
2026-07-24 19:14:26,897 - sflow.task.server_8 - INFO - 0: [07/24/2026-19:14:26] [TRT-LLM] [RANK 0] [I] Start to load safetensor file /home/mlperf_inference_storage/models/deepseek-r1/fp4-quantized-modelopt/deepseek_r1-torch-fp4/model-00159-of-000163.safetensors
2026-07-24 19:14:26,897 - sflow.task.server_8 - INFO - 0:
2026-07-24 19:14:26,897 - sflow.task.server_8 - INFO - Loading safetensors weights in parallel:   2%|▏         | 3/163 [00:05<04:41,  1.76s/it]
2026-07-24 19:14:26,897 - sflow.task.server_8 - INFO - 0: [07/24/2026-19:14:26] [TRT-LLM] [RANK 0] [I] Start to load safetensor file /home/mlperf_inference_storage/models/deepseek-r1/fp4-quantized-modelopt/deepseek_r1-torch-fp4/model-00141-of-000163.safetensors
2026-07-24 19:14:26,897 - sflow.task.server_8 - INFO - 3:
2026-07-24 19:14:26,897 - sflow.task.server_8 - INFO - Loading safetensors weights in parallel:   4%|▍         | 7/163 [00:05<01:16,  2.03it/s]
2026-07-24 19:14:26,897 - sflow.task.server_8 - INFO - 0: [07/24/2026-19:14:26] [TRT-LLM] [RANK 0] [I] Start to load safetensor file /home/mlperf_inference_storage/models/deepseek-r1/fp4-quantized-modelopt/deepseek_r1-torch-fp4/model-00070-of-000163.safetensors
2026-07-24 19:14:26,897 - sflow.task.server_8 - INFO - 2:
2026-07-24 19:14:26,897 - sflow.task.server_8 - INFO - Loading safetensors weights in parallel:   4%|▍         | 7/163 [00:05<01:17,  2.01it/s]
2026-07-24 19:14:26,948 - sflow.task.server_8 - INFO - 0: [07/24/2026-19:14:26] [TRT-LLM] [RANK 0] [I] Start to load safetensor file /home/mlperf_inference_storage/models/deepseek-r1/fp4-quantized-modelopt/deepseek_r1-torch-fp4/model-00085-of-000163.safetensors
2026-07-24 19:14:27,000 - sflow.task.server_8 - INFO - 0: [07/24/2026-19:14:26] [TRT-LLM] [RANK 0] [I] Start to load safetensor file /home/mlperf_inference_storage/models/deepseek-r1/fp4-quantized-modelopt/deepseek_r1-torch-fp4/model-00025-of-000163.safetensors
2026-07-24 19:14:27,000 - sflow.task.server_8 - INFO - 0: [07/24/2026-19:14:26] [TRT-LLM] [RANK 0] [I] Start to load safetensor file /home/mlperf_inference_storage/models/deepseek-r1/fp4-quantized-modelopt/deepseek_r1-torch-fp4/model-00031-of-000163.safetensors
2026-07-24 19:14:27,000 - sflow.task.server_8 - INFO - 0: [07/24/2026-19:14:26] [TRT-LLM] [RANK 0] [I] Start to load safetensor file /home/mlperf_inference_storage/models/deepseek-r1/fp4-quantized-modelopt/deepseek_r1-torch-fp4/model-00043-of-000163.safetensors
2026-07-24 19:14:27,000 - sflow.task.server_8 - INFO - 0:
2026-07-24 19:14:27,000 - sflow.task.server_8 - INFO - Loading safetensors weights in parallel:   6%|▌         | 9/163 [00:05<00:57,  2.67it/s]
2026-07-24 19:14:27,051 - sflow.task.server_8 - INFO - 1:
2026-07-24 19:14:27,052 - sflow.task.server_8 - INFO - Loading safetensors weights in parallel:   6%|▌         | 10/163 [00:05<00:44,  3.47it/s]
2026-07-24 19:14:27,052 - sflow.task.server_8 - INFO - 2:
2026-07-24 19:14:27,052 - sflow.task.server_8 - INFO - Loading safetensors weights in parallel:   7%|▋         | 11/163 [00:05<00:39,  3.83it/s]
2026-07-24 19:14:27,052 - sflow.task.server_8 - INFO - 3:
2026-07-24 19:14:27,052 - sflow.task.server_8 - INFO - Loading safetensors weights in parallel:   7%|▋         | 11/163 [00:05<00:39,  3.84it/s]
2026-07-24 19:14:27,052 - sflow.task.server_8 - INFO - 0: [07/24/2026-19:14:27] [TRT-LLM] [RANK 0] [I] Start to load safetensor file /home/mlperf_inference_storage/models/deepseek-r1/fp4-quantized-modelopt/deepseek_r1-torch-fp4/model-00042-of-000163.safetensors
2026-07-24 19:14:27,052 - sflow.task.server_8 - INFO - 0: [07/24/2026-19:14:27] [TRT-LLM] [RANK 0] [I] Start to load safetensor file /home/mlperf_inference_storage/models/deepseek-r1/fp4-quantized-modelopt/deepseek_r1-torch-fp4/model-00057-of-000163.safetensors
2026-07-24 19:14:27,103 - sflow.task.server_8 - INFO - 0: [07/24/2026-19:14:27] [TRT-LLM] [RANK 0] [I] Start to load safetensor file /home/mlperf_inference_storage/models/deepseek-r1/fp4-quantized-modelopt/deepseek_r1-torch-fp4/model-00022-of-000163.safetensors
2026-07-24 19:14:27,103 - sflow.task.server_8 - INFO - 0: [07/24/2026-19:14:27] [TRT-LLM] [RANK 0] [I] Start to load safetensor file /home/mlperf_inference_storage/models/deepseek-r1/fp4-quantized-modelopt/deepseek_r1-torch-fp4/model-00119-of-000163.safetensors
2026-07-24 19:14:27,103 - sflow.task.server_8 - INFO - 0: [07/24/2026-19:14:27] [TRT-LLM] [RANK 0] [I] Start to load safetensor file /home/mlperf_inference_storage/models/deepseek-r1/fp4-quantized-modelopt/deepseek_r1-torch-fp4/model-00152-of-000163.safetensors
2026-07-24 19:14:27,307 - sflow.task.server_8 - INFO - 1:
2026-07-24 19:14:27,307 - sflow.task.server_8 - INFO - Loading safetensors weights in parallel:   9%|▊         | 14/163 [00:05<00:28,  5.28it/s]
2026-07-24 19:14:27,307 - sflow.task.server_8 - INFO - 3:
2026-07-24 19:14:27,307 - sflow.task.server_8 - INFO - Loading safetensors weights in parallel:   9%|▊         | 14/163 [00:05<00:29,  5.02it/s]
2026-07-24 19:14:27,307 - sflow.task.server_8 - INFO - 2:
2026-07-24 19:14:27,307 - sflow.task.server_8 - INFO - Loading safetensors weights in parallel:   9%|▊         | 14/163 [00:05<00:29,  4.99it/s]
2026-07-24 19:14:27,307 - sflow.task.server_8 - INFO - 0:
2026-07-24 19:14:27,307 - sflow.task.server_8 - INFO - Loading safetensors weights in parallel:   9%|▊         | 14/163 [00:05<00:33,  4.49it/s]
2026-07-24 19:14:27,307 - sflow.task.server_8 - INFO - 0: [07/24/2026-19:14:27] [TRT-LLM] [RANK 0] [I] Start to load safetensor file /home/mlperf_inference_storage/models/deepseek-r1/fp4-quantized-modelopt/deepseek_r1-torch-fp4/model-00015-of-000163.safetensors
2026-07-24 19:14:27,358 - sflow.task.server_8 - INFO - 0: [07/24/2026-19:14:27] [TRT-LLM] [RANK 0] [I] Start to load safetensor file /home/mlperf_inference_storage/models/deepseek-r1/fp4-quantized-modelopt/deepseek_r1-torch-fp4/model-00059-of-000163.safetensors
2026-07-24 19:14:27,358 - sflow.task.server_8 - INFO - 0: [07/24/2026-19:14:27] [TRT-LLM] [RANK 0] [I] Start to load safetensor file /home/mlperf_inference_storage/models/deepseek-r1/fp4-quantized-modelopt/deepseek_r1-torch-fp4/model-00014-of-000163.safetensors
2026-07-24 19:14:27,358 - sflow.task.server_8 - INFO - 0: [07/24/2026-19:14:27] [TRT-LLM] [RANK 0] [I] Start to load safetensor file /home/mlperf_inference_storage/models/deepseek-r1/fp4-quantized-modelopt/deepseek_r1-torch-fp4/model-00004-of-000163.safetensors
2026-07-24 19:14:27,410 - sflow.task.server_8 - INFO - 0: [07/24/2026-19:14:27] [TRT-LLM] [RANK 0] [I] Start to load safetensor file /home/mlperf_inference_storage/models/deepseek-r1/fp4-quantized-modelopt/deepseek_r1-torch-fp4/model-00100-of-000163.safetensors
2026-07-24 19:14:27,410 - sflow.task.server_8 - INFO - 0: [07/24/2026-19:14:27] [TRT-LLM] [RANK 0] [I] Start to load safetensor file /home/mlperf_inference_storage/models/deepseek-r1/fp4-quantized-modelopt/deepseek_r1-torch-fp4/model-00096-of-000163.safetensors
2026-07-24 19:14:27,410 - sflow.task.server_8 - INFO - 2:
2026-07-24 19:14:27,410 - sflow.task.server_8 - INFO - Loading safetensors weights in parallel:  12%|█▏        | 20/163 [00:05<00:15,  9.19it/s]
2026-07-24 19:14:27,410 - sflow.task.server_8 - INFO - 3:
2026-07-24 19:14:27,410 - sflow.task.server_8 - INFO - Loading safetensors weights in parallel:  12%|█▏        | 20/163 [00:05<00:15,  9.22it/s]
2026-07-24 19:14:27,410 - sflow.task.server_8 - INFO - 1:
2026-07-24 19:14:27,410 - sflow.task.server_8 - INFO - Loading safetensors weights in parallel:  12%|█▏        | 19/163 [00:05<00:16,  8.64it/s]
2026-07-24 19:14:27,410 - sflow.task.server_8 - INFO - 0: [07/24/2026-19:14:27] [TRT-LLM] [RANK 0] [I] Start to load safetensor file /home/mlperf_inference_storage/models/deepseek-r1/fp4-quantized-modelopt/deepseek_r1-torch-fp4/model-00086-of-000163.safetensors
2026-07-24 19:14:27,410 - sflow.task.server_8 - INFO - 0:
2026-07-24 19:14:27,410 - sflow.task.server_8 - INFO - Loading safetensors weights in parallel:  13%|█▎        | 21/163 [00:05<00:17,  8.27it/s]
2026-07-24 19:14:27,461 - sflow.task.server_8 - INFO - 0: [07/24/2026-19:14:27] [TRT-LLM] [RANK 0] [I] Start to load safetensor file /home/mlperf_inference_storage/models/deepseek-r1/fp4-quantized-modelopt/deepseek_r1-torch-fp4/model-00006-of-000163.safetensors
2026-07-24 19:14:27,461 - sflow.task.server_8 - INFO - 0: [07/24/2026-19:14:27] [TRT-LLM] [RANK 0] [I] Start to load safetensor file /home/mlperf_inference_storage/models/deepseek-r1/fp4-quantized-modelopt/deepseek_r1-torch-fp4/model-00136-of-000163.safetensors
2026-07-24 19:14:27,513 - sflow.task.server_8 - INFO - 1:
2026-07-24 19:14:27,513 - sflow.task.server_8 - INFO - Loading safetensors weights in parallel:  15%|█▍        | 24/163 [00:05<00:11, 12.63it/s]
2026-07-24 19:14:27,564 - sflow.task.server_8 - INFO - 0: [07/24/2026-19:14:27] [TRT-LLM] [RANK 0] [I] Start to load safetensor file /home/mlperf_inference_storage/models/deepseek-r1/fp4-quantized-modelopt/deepseek_r1-torch-fp4/model-00098-of-000163.safetensors
2026-07-24 19:14:27,564 - sflow.task.server_8 - INFO - 2:
2026-07-24 19:14:27,564 - sflow.task.server_8 - INFO - Loading safetensors weights in parallel:  16%|█▌        | 26/163 [00:05<00:09, 13.82it/s]
2026-07-24 19:14:27,564 - sflow.task.server_8 - INFO - 0: [07/24/2026-19:14:27] [TRT-LLM] [RANK 0] [I] Start to load safetensor file /home/mlperf_inference_storage/models/deepseek-r1/fp4-quantized-modelopt/deepseek_r1-torch-fp4/model-00128-of-000163.safetensors
2026-07-24 19:14:27,564 - sflow.task.server_8 - INFO - 0:
2026-07-24 19:14:27,564 - sflow.task.server_8 - INFO - Loading safetensors weights in parallel:  15%|█▌        | 25/163 [00:05<00:13, 10.45it/s]
2026-07-24 19:14:27,564 - sflow.task.server_8 - INFO - 3:
2026-07-24 19:14:27,564 - sflow.task.server_8 - INFO - Loading safetensors weights in parallel:  15%|█▌        | 25/163 [00:05<00:10, 12.72it/s]
2026-07-24 19:14:27,564 - sflow.task.server_8 - INFO - 0: [07/24/2026-19:14:27] [TRT-LLM] [RANK 0] [I] Start to load safetensor file /home/mlperf_inference_storage/models/deepseek-r1/fp4-quantized-modelopt/deepseek_r1-torch-fp4/model-00101-of-000163.safetensors
2026-07-24 19:14:27,564 - sflow.task.server_8 - INFO - 0: [07/24/2026-19:14:27] [TRT-LLM] [RANK 0] [I] Start to load safetensor file /home/mlperf_inference_storage/models/deepseek-r1/fp4-quantized-modelopt/deepseek_r1-torch-fp4/model-00094-of-000163.safetensors
2026-07-24 19:14:27,667 - sflow.task.server_8 - INFO - 0: [07/24/2026-19:14:27] [TRT-LLM] [RANK 0] [I] Start to load safetensor file /home/mlperf_inference_storage/models/deepseek-r1/fp4-quantized-modelopt/deepseek_r1-torch-fp4/model-00032-of-000163.safetensors
2026-07-24 19:14:27,667 - sflow.task.server_8 - INFO - 0: [07/24/2026-19:14:27] [TRT-LLM] [RANK 0] [I] Start to load safetensor file /home/mlperf_inference_storage/models/deepseek-r1/fp4-quantized-modelopt/deepseek_r1-torch-fp4/model-00102-of-000163.safetensors
2026-07-24 19:14:27,667 - sflow.task.server_8 - INFO - 0:
2026-07-24 19:14:27,667 - sflow.task.server_8 - INFO - Loading safetensors weights in parallel:  18%|█▊        | 29/163 [00:05<00:10, 13.23it/s]
2026-07-24 19:14:27,667 - sflow.task.server_8 - INFO - 1:
2026-07-24 19:14:27,667 - sflow.task.server_8 - INFO - Loading safetensors weights in parallel:  17%|█▋        | 28/163 [00:05<00:08, 15.16it/s]
2026-07-24 19:14:27,719 - sflow.task.server_8 - INFO - 3:
2026-07-24 19:14:27,719 - sflow.task.server_8 - INFO - Loading safetensors weights in parallel:  18%|█▊        | 29/163 [00:05<00:08, 15.57it/s]
2026-07-24 19:14:27,719 - sflow.task.server_8 - INFO - 0: [07/24/2026-19:14:27] [TRT-LLM] [RANK 0] [I] Start to load safetensor file /home/mlperf_inference_storage/models/deepseek-r1/fp4-quantized-modelopt/deepseek_r1-torch-fp4/model-00013-of-000163.safetensors
2026-07-24 19:14:27,719 - sflow.task.server_8 - INFO - 0: [07/24/2026-19:14:27] [TRT-LLM] [RANK 0] [I] Start to load safetensor file /home/mlperf_inference_storage/models/deepseek-r1/fp4-quantized-modelopt/deepseek_r1-torch-fp4/model-00151-of-000163.safetensors
2026-07-24 19:14:27,719 - sflow.task.server_8 - INFO - 2:
2026-07-24 19:14:27,719 - sflow.task.server_8 - INFO - Loading safetensors weights in parallel:  18%|█▊        | 30/163 [00:05<00:08, 15.69it/s]
2026-07-24 19:14:27,770 - sflow.task.server_8 - INFO - 0: [07/24/2026-19:14:27] [TRT-LLM] [RANK 0] [I] Start to load safetensor file /home/mlperf_inference_storage/models/deepseek-r1/fp4-quantized-modelopt/deepseek_r1-torch-fp4/model-00158-of-000163.safetensors
2026-07-24 19:14:27,872 - sflow.task.server_8 - INFO - 1:
2026-07-24 19:14:27,872 - sflow.task.server_8 - INFO - Loading safetensors weights in parallel:  20%|█▉        | 32/163 [00:06<00:07, 16.93it/s]
2026-07-24 19:14:28,839 - sflow.task.server_8 - INFO - 0: [07/24/2026-19:14:28] [TRT-LLM] [RANK 0] [I] Start to load safetensor file /home/mlperf_inference_storage/models/deepseek-r1/fp4-quantized-modelopt/deepseek_r1-torch-fp4/model-00156-of-000163.safetensors
2026-07-24 19:14:28,839 - sflow.task.server_8 - INFO - 0:
2026-07-24 19:14:28,839 - sflow.task.server_8 - INFO - Loading safetensors weights in parallel:  20%|██        | 33/163 [00:07<00:18,  7.17it/s]
2026-07-24 19:14:28,940 - sflow.task.server_8 - INFO - 5:
2026-07-24 19:14:28,940 - sflow.task.server_8 - INFO - Loading safetensors weights in parallel:   1%|          | 1/163 [00:02<06:00,  2.23s/it]
2026-07-24 19:14:29,094 - sflow.task.server_8 - INFO - 0: [07/24/2026-19:14:29] [TRT-LLM] [RANK 0] [I] Start to load safetensor file /home/mlperf_inference_storage/models/deepseek-r1/fp4-quantized-modelopt/deepseek_r1-torch-fp4/model-00069-of-000163.safetensors
2026-07-24 19:14:29,094 - sflow.task.server_8 - INFO - 6:
2026-07-24 19:14:29,094 - sflow.task.server_8 - INFO - Loading safetensors weights in parallel:   1%|          | 1/163 [00:02<06:24,  2.38s/it]
2026-07-24 19:14:29,094 - sflow.task.server_8 - INFO - 4:
2026-07-24 19:14:29,094 - sflow.task.server_8 - INFO - Loading safetensors weights in parallel:   1%|          | 1/163 [00:02<06:25,  2.38s/it]
2026-07-24 19:14:29,094 - sflow.task.server_8 - INFO - 7:
2026-07-24 19:14:29,094 - sflow.task.server_8 - INFO - Loading safetensors weights in parallel:   1%|          | 1/163 [00:02<06:28,  2.40s/it]
2026-07-24 19:14:29,247 - sflow.task.server_8 - INFO - 3:
2026-07-24 19:14:29,247 - sflow.task.server_8 - INFO - Loading safetensors weights in parallel:  20%|██        | 33/163 [00:07<00:20,  6.27it/s]
2026-07-24 19:14:29,247 - sflow.task.server_8 - INFO - 2:
2026-07-24 19:14:29,247 - sflow.task.server_8 - INFO - Loading safetensors weights in parallel:  21%|██        | 34/163 [00:07<00:20,  6.38it/s]
2026-07-24 19:14:29,298 - sflow.task.server_8 - INFO - 5:
2026-07-24 19:14:29,298 - sflow.task.server_8 - INFO - Loading safetensors weights in parallel:   1%|          | 2/163 [00:02<02:59,  1.11s/it]
2026-07-24 19:14:29,298 - sflow.task.server_8 - INFO - 0: [07/24/2026-19:14:29] [TRT-LLM] [RANK 0] [I] Start to load safetensor file /home/mlperf_inference_storage/models/deepseek-r1/fp4-quantized-modelopt/deepseek_r1-torch-fp4/model-00007-of-000163.safetensors
2026-07-24 19:14:29,350 - sflow.task.server_8 - INFO - 1:
2026-07-24 19:14:29,350 - sflow.task.server_8 - INFO - Loading safetensors weights in parallel:  21%|██▏       | 35/163 [00:07<00:21,  5.96it/s]
2026-07-24 19:14:29,401 - sflow.task.server_8 - INFO - 4:
2026-07-24 19:14:29,401 - sflow.task.server_8 - INFO - Loading safetensors weights in parallel:   1%|          | 2/163 [00:02<03:04,  1.14s/it]
2026-07-24 19:14:30,625 - sflow.task.server_8 - INFO - 3:
2026-07-24 19:14:30,625 - sflow.task.server_8 - INFO - Loading safetensors weights in parallel:  22%|██▏       | 36/163 [00:08<00:29,  4.25it/s]
2026-07-24 19:14:30,727 - sflow.task.server_8 - INFO - 0: [07/24/2026-19:14:30] [TRT-LLM] [RANK 0] [I] Start to load safetensor file /home/mlperf_inference_storage/models/deepseek-r1/fp4-quantized-modelopt/deepseek_r1-torch-fp4/model-00084-of-000163.safetensors
2026-07-24 19:14:30,727 - sflow.task.server_8 - INFO - 0:
2026-07-24 19:14:30,727 - sflow.task.server_8 - INFO - Loading safetensors weights in parallel:  22%|██▏       | 36/163 [00:08<00:32,  3.91it/s]
2026-07-24 19:14:31,034 - sflow.task.server_8 - INFO - 5:
2026-07-24 19:14:31,034 - sflow.task.server_8 - INFO - Loading safetensors weights in parallel:   2%|▏         | 3/163 [00:04<03:44,  1.40s/it]
2026-07-24 19:14:31,034 - sflow.task.server_8 - INFO - 4:
2026-07-24 19:14:31,034 - sflow.task.server_8 - INFO - Loading safetensors weights in parallel:   2%|▏         | 3/163 [00:04<03:40,  1.38s/it]
2026-07-24 19:14:31,086 - sflow.task.server_8 - INFO - 6:
2026-07-24 19:14:31,086 - sflow.task.server_8 - INFO - Loading safetensors weights in parallel:   2%|▏         | 3/163 [00:04<03:36,  1.35s/it]
2026-07-24 19:14:31,137 - sflow.task.server_8 - INFO - 7:
2026-07-24 19:14:31,137 - sflow.task.server_8 - INFO - Loading safetensors weights in parallel:   2%|▏         | 3/163 [00:04<03:38,  1.37s/it]
2026-07-24 19:14:31,137 - sflow.task.server_8 - INFO - 5:
2026-07-24 19:14:31,137 - sflow.task.server_8 - INFO - Loading safetensors weights in parallel:   3%|▎         | 5/163 [00:04<01:41,  1.55it/s]
2026-07-24 19:14:31,189 - sflow.task.server_8 - INFO - 4:
2026-07-24 19:14:31,189 - sflow.task.server_8 - INFO - Loading safetensors weights in parallel:   4%|▎         | 6/163 [00:04<01:18,  2.01it/s]
2026-07-24 19:14:31,189 - sflow.task.server_8 - INFO - 6:
2026-07-24 19:14:31,189 - sflow.task.server_8 - INFO - Loading safetensors weights in parallel:   4%|▍         | 7/163 [00:04<01:10,  2.21it/s]
2026-07-24 19:14:31,240 - sflow.task.server_8 - INFO - 7:
2026-07-24 19:14:31,240 - sflow.task.server_8 - INFO - Loading safetensors weights in parallel:   4%|▍         | 7/163 [00:04<01:11,  2.18it/s]
2026-07-24 19:14:31,291 - sflow.task.server_8 - INFO - 5:
2026-07-24 19:14:31,291 - sflow.task.server_8 - INFO - Loading safetensors weights in parallel:   6%|▌         | 9/163 [00:04<00:40,  3.80it/s]
2026-07-24 19:14:31,291 - sflow.task.server_8 - INFO - 4:
2026-07-24 19:14:31,291 - sflow.task.server_8 - INFO - Loading safetensors weights in parallel:   6%|▌         | 10/163 [00:04<00:36,  4.25it/s]
2026-07-24 19:14:31,291 - sflow.task.server_8 - INFO - 6:
2026-07-24 19:14:31,291 - sflow.task.server_8 - INFO - Loading safetensors weights in parallel:   6%|▌         | 10/163 [00:04<00:42,  3.59it/s]
2026-07-24 19:14:31,395 - sflow.task.server_8 - INFO - 7:
2026-07-24 19:14:31,395 - sflow.task.server_8 - INFO - Loading safetensors weights in parallel:   9%|▉         | 15/163 [00:04<00:24,  6.03it/s]
2026-07-24 19:14:31,395 - sflow.task.server_8 - INFO - 5:
2026-07-24 19:14:31,395 - sflow.task.server_8 - INFO - Loading safetensors weights in parallel:   7%|▋         | 12/163 [00:04<00:26,  5.78it/s]
2026-07-24 19:14:31,395 - sflow.task.server_8 - INFO - 4:
2026-07-24 19:14:31,395 - sflow.task.server_8 - INFO - Loading safetensors weights in parallel:  10%|▉         | 16/163 [00:04<00:17,  8.55it/s]
2026-07-24 19:14:31,395 - sflow.task.server_8 - INFO - 6:
2026-07-24 19:14:31,395 - sflow.task.server_8 - INFO - Loading safetensors weights in parallel:  10%|▉         | 16/163 [00:04<00:19,  7.37it/s]
2026-07-24 19:14:31,497 - sflow.task.server_8 - INFO - 7:
2026-07-24 19:14:31,497 - sflow.task.server_8 - INFO - Loading safetensors weights in parallel:  13%|█▎        | 22/163 [00:04<00:13, 10.24it/s]
2026-07-24 19:14:31,497 - sflow.task.server_8 - INFO - 5:
2026-07-24 19:14:31,497 - sflow.task.server_8 - INFO - Loading safetensors weights in parallel:  14%|█▍        | 23/163 [00:04<00:08, 15.92it/s]
2026-07-24 19:14:31,548 - sflow.task.server_8 - INFO - 4:
2026-07-24 19:14:31,548 - sflow.task.server_8 - INFO - Loading safetensors weights in parallel:  13%|█▎        | 22/163 [00:04<00:10, 13.31it/s]
2026-07-24 19:14:31,548 - sflow.task.server_8 - INFO - 6:
2026-07-24 19:14:31,548 - sflow.task.server_8 - INFO - Loading safetensors weights in parallel:  15%|█▌        | 25/163 [00:04<00:09, 14.38it/s]
2026-07-24 19:14:31,599 - sflow.task.server_8 - INFO - 7:
2026-07-24 19:14:31,599 - sflow.task.server_8 - INFO - Loading safetensors weights in parallel:  17%|█▋        | 27/163 [00:04<00:10, 13.46it/s]
2026-07-24 19:14:31,650 - sflow.task.server_8 - INFO - 5:
2026-07-24 19:14:31,650 - sflow.task.server_8 - INFO - Loading safetensors weights in parallel:  17%|█▋        | 28/163 [00:04<00:07, 18.88it/s]
2026-07-24 19:14:31,650 - sflow.task.server_8 - INFO - 6:
2026-07-24 19:14:31,650 - sflow.task.server_8 - INFO - Loading safetensors weights in parallel:  19%|█▉        | 31/163 [00:04<00:07, 18.55it/s]
2026-07-24 19:14:31,701 - sflow.task.server_8 - INFO - 4:
2026-07-24 19:14:31,701 - sflow.task.server_8 - INFO - Loading safetensors weights in parallel:  17%|█▋        | 27/163 [00:04<00:08, 15.91it/s]
2026-07-24 19:14:31,803 - sflow.task.server_8 - INFO - 7:
2026-07-24 19:14:31,803 - sflow.task.server_8 - INFO - Loading safetensors weights in parallel:  20%|█▉        | 32/163 [00:05<00:08, 15.69it/s]
2026-07-24 19:14:31,904 - sflow.task.server_8 - INFO - 4:
2026-07-24 19:14:31,904 - sflow.task.server_8 - INFO - Loading safetensors weights in parallel:  20%|█▉        | 32/163 [00:05<00:07, 18.23it/s]
2026-07-24 19:14:32,005 - sflow.task.server_8 - INFO - 2:
2026-07-24 19:14:32,005 - sflow.task.server_8 - INFO - Loading safetensors weights in parallel:  23%|██▎       | 37/163 [00:10<00:42,  2.98it/s]
2026-07-24 19:14:32,055 - sflow.task.server_8 - INFO - 1:
2026-07-24 19:14:32,055 - sflow.task.server_8 - INFO - Loading safetensors weights in parallel:  23%|██▎       | 38/163 [00:10<00:44,  2.78it/s]
2026-07-24 19:14:32,107 - sflow.task.server_8 - INFO - 3:
2026-07-24 19:14:32,107 - sflow.task.server_8 - INFO - Loading safetensors weights in parallel:  23%|██▎       | 38/163 [00:10<00:41,  3.04it/s]
2026-07-24 19:14:32,209 - sflow.task.server_8 - INFO - 2:
2026-07-24 19:14:32,209 - sflow.task.server_8 - INFO - Loading safetensors weights in parallel:  24%|██▍       | 39/163 [00:10<00:36,  3.44it/s]
2026-07-24 19:14:32,209 - sflow.task.server_8 - INFO - 0: [07/24/2026-19:14:32] [TRT-LLM] [RANK 0] [I] Start to load safetensor file /home/mlperf_inference_storage/models/deepseek-r1/fp4-quantized-modelopt/deepseek_r1-torch-fp4/model-00067-of-000163.safetensors
2026-07-24 19:14:32,209 - sflow.task.server_8 - INFO - 0: [07/24/2026-19:14:32] [TRT-LLM] [RANK 0] [I] Start to load safetensor file /home/mlperf_inference_storage/models/deepseek-r1/fp4-quantized-modelopt/deepseek_r1-torch-fp4/model-00124-of-000163.safetensors
2026-07-24 19:14:32,209 - sflow.task.server_8 - INFO - 0:
2026-07-24 19:14:32,209 - sflow.task.server_8 - INFO - Loading safetensors weights in parallel:  23%|██▎       | 38/163 [00:10<00:43,  2.87it/s]
2026-07-24 19:14:32,259 - sflow.task.server_8 - INFO - 3:
2026-07-24 19:14:32,259 - sflow.task.server_8 - INFO - Loading safetensors weights in parallel:  25%|██▍       | 40/163 [00:10<00:33,  3.64it/s]
2026-07-24 19:14:32,259 - sflow.task.server_8 - INFO - 1:
2026-07-24 19:14:32,259 - sflow.task.server_8 - INFO - Loading safetensors weights in parallel:  25%|██▍       | 40/163 [00:10<00:37,  3.27it/s]
2026-07-24 19:14:32,259 - sflow.task.server_8 - INFO - 0: [07/24/2026-19:14:32] [TRT-LLM] [RANK 0] [I] Start to load safetensor file /home/mlperf_inference_storage/models/deepseek-r1/fp4-quantized-modelopt/deepseek_r1-torch-fp4/model-00138-of-000163.safetensors
2026-07-24 19:14:32,310 - sflow.task.server_8 - INFO - 0: [07/24/2026-19:14:32] [TRT-LLM] [RANK 0] [I] Start to load safetensor file /home/mlperf_inference_storage/models/deepseek-r1/fp4-quantized-modelopt/deepseek_r1-torch-fp4/model-00079-of-000163.safetensors
2026-07-24 19:14:32,310 - sflow.task.server_8 - INFO - 0: [07/24/2026-19:14:32] [TRT-LLM] [RANK 0] [I] Start to load safetensor file /home/mlperf_inference_storage/models/deepseek-r1/fp4-quantized-modelopt/deepseek_r1-torch-fp4/model-00088-of-000163.safetensors
2026-07-24 19:14:32,310 - sflow.task.server_8 - INFO - 0: [07/24/2026-19:14:32] [TRT-LLM] [RANK 0] [I] Start to load safetensor file /home/mlperf_inference_storage/models/deepseek-r1/fp4-quantized-modelopt/deepseek_r1-torch-fp4/model-00093-of-000163.safetensors
2026-07-24 19:14:32,310 - sflow.task.server_8 - INFO - 2:
2026-07-24 19:14:32,310 - sflow.task.server_8 - INFO - Loading safetensors weights in parallel:  26%|██▋       | 43/163 [00:10<00:24,  4.95it/s]
2026-07-24 19:14:32,310 - sflow.task.server_8 - INFO - 0: [07/24/2026-19:14:32] [TRT-LLM] [RANK 0] [I] Start to load safetensor file /home/mlperf_inference_storage/models/deepseek-r1/fp4-quantized-modelopt/deepseek_r1-torch-fp4/model-00137-of-000163.safetensors
2026-07-24 19:14:32,361 - sflow.task.server_8 - INFO - 0:
2026-07-24 19:14:32,361 - sflow.task.server_8 - INFO - Loading safetensors weights in parallel:  26%|██▋       | 43/163 [00:10<00:26,  4.59it/s]
2026-07-24 19:14:32,361 - sflow.task.server_8 - INFO - 0: [07/24/2026-19:14:32] [TRT-LLM] [RANK 0] [I] Start to load safetensor file /home/mlperf_inference_storage/models/deepseek-r1/fp4-quantized-modelopt/deepseek_r1-torch-fp4/model-00051-of-000163.safetensors
2026-07-24 19:14:32,361 - sflow.task.server_8 - INFO - 0: [07/24/2026-19:14:32] [TRT-LLM] [RANK 0] [I] Start to load safetensor file /home/mlperf_inference_storage/models/deepseek-r1/fp4-quantized-modelopt/deepseek_r1-torch-fp4/model-00012-of-000163.safetensors
2026-07-24 19:14:32,361 - sflow.task.server_8 - INFO - 1:
2026-07-24 19:14:32,361 - sflow.task.server_8 - INFO - Loading safetensors weights in parallel:  28%|██▊       | 45/163 [00:10<00:22,  5.30it/s]
2026-07-24 19:14:32,361 - sflow.task.server_8 - INFO - 0: [07/24/2026-19:14:32] [TRT-LLM] [RANK 0] [I] Start to load safetensor file /home/mlperf_inference_storage/models/deepseek-r1/fp4-quantized-modelopt/deepseek_r1-torch-fp4/model-00117-of-000163.safetensors
2026-07-24 19:14:32,413 - sflow.task.server_8 - INFO - 3:
2026-07-24 19:14:32,413 - sflow.task.server_8 - INFO - Loading safetensors weights in parallel:  27%|██▋       | 44/163 [00:10<00:22,  5.40it/s]
2026-07-24 19:14:32,464 - sflow.task.server_8 - INFO - 2:
2026-07-24 19:14:32,464 - sflow.task.server_8 - INFO - Loading safetensors weights in parallel:  28%|██▊       | 45/163 [00:10<00:20,  5.76it/s]
2026-07-24 19:14:32,464 - sflow.task.server_8 - INFO - 0: [07/24/2026-19:14:32] [TRT-LLM] [RANK 0] [I] Start to load safetensor file /home/mlperf_inference_storage/models/deepseek-r1/fp4-quantized-modelopt/deepseek_r1-torch-fp4/model-00083-of-000163.safetensors
2026-07-24 19:14:32,464 - sflow.task.server_8 - INFO - 0:
2026-07-24 19:14:32,464 - sflow.task.server_8 - INFO - Loading safetensors weights in parallel:  29%|██▉       | 47/163 [00:10<00:18,  6.30it/s]
2026-07-24 19:14:32,464 - sflow.task.server_8 - INFO - 1:
2026-07-24 19:14:32,464 - sflow.task.server_8 - INFO - Loading safetensors weights in parallel:  30%|███       | 49/163 [00:10<00:15,  7.27it/s]
2026-07-24 19:14:32,515 - sflow.task.server_8 - INFO - 0: [07/24/2026-19:14:32] [TRT-LLM] [RANK 0] [I] Start to load safetensor file /home/mlperf_inference_storage/models/deepseek-r1/fp4-quantized-modelopt/deepseek_r1-torch-fp4/model-00080-of-000163.safetensors
2026-07-24 19:14:32,515 - sflow.task.server_8 - INFO - 3:
2026-07-24 19:14:32,515 - sflow.task.server_8 - INFO - Loading safetensors weights in parallel:  31%|███       | 50/163 [00:10<00:12,  9.06it/s]
2026-07-24 19:14:32,515 - sflow.task.server_8 - INFO - 0: [07/24/2026-19:14:32] [TRT-LLM] [RANK 0] [I] Start to load safetensor file /home/mlperf_inference_storage/models/deepseek-r1/fp4-quantized-modelopt/deepseek_r1-torch-fp4/model-00039-of-000163.safetensors
2026-07-24 19:14:32,567 - sflow.task.server_8 - INFO - 0: [07/24/2026-19:14:32] [TRT-LLM] [RANK 0] [I] Start to load safetensor file /home/mlperf_inference_storage/models/deepseek-r1/fp4-quantized-modelopt/deepseek_r1-torch-fp4/model-00145-of-000163.safetensors
2026-07-24 19:14:32,567 - sflow.task.server_8 - INFO - 0:
2026-07-24 19:14:32,567 - sflow.task.server_8 - INFO - Loading safetensors weights in parallel:  31%|███       | 50/163 [00:10<00:14,  7.83it/s]
2026-07-24 19:14:32,567 - sflow.task.server_8 - INFO - 0: [07/24/2026-19:14:32] [TRT-LLM] [RANK 0] [I] Start to load safetensor file /home/mlperf_inference_storage/models/deepseek-r1/fp4-quantized-modelopt/deepseek_r1-torch-fp4/model-00026-of-000163.safetensors
2026-07-24 19:14:32,567 - sflow.task.server_8 - INFO - 0: [07/24/2026-19:14:32] [TRT-LLM] [RANK 0] [I] Start to load safetensor file /home/mlperf_inference_storage/models/deepseek-r1/fp4-quantized-modelopt/deepseek_r1-torch-fp4/model-00064-of-000163.safetensors
2026-07-24 19:14:32,567 - sflow.task.server_8 - INFO - 2:
2026-07-24 19:14:32,567 - sflow.task.server_8 - INFO - Loading safetensors weights in parallel:  31%|███       | 50/163 [00:10<00:12,  8.85it/s]
2026-07-24 19:14:32,567 - sflow.task.server_8 - INFO - 0: [07/24/2026-19:14:32] [TRT-LLM] [RANK 0] [I] Start to load safetensor file /home/mlperf_inference_storage/models/deepseek-r1/fp4-quantized-modelopt/deepseek_r1-torch-fp4/model-00127-of-000163.safetensors
2026-07-24 19:14:32,618 - sflow.task.server_8 - INFO - 0: [07/24/2026-19:14:32] [TRT-LLM] [RANK 0] [I] Start to load safetensor file /home/mlperf_inference_storage/models/deepseek-r1/fp4-quantized-modelopt/deepseek_r1-torch-fp4/model-00073-of-000163.safetensors
2026-07-24 19:14:32,618 - sflow.task.server_8 - INFO - 1:
2026-07-24 19:14:32,618 - sflow.task.server_8 - INFO - Loading safetensors weights in parallel:  33%|███▎      | 53/163 [00:10<00:11,  9.69it/s]
2026-07-24 19:14:32,618 - sflow.task.server_8 - INFO - 0: [07/24/2026-19:14:32] [TRT-LLM] [RANK 0] [I] Start to load safetensor file /home/mlperf_inference_storage/models/deepseek-r1/fp4-quantized-modelopt/deepseek_r1-torch-fp4/model-00018-of-000163.safetensors
2026-07-24 19:14:32,618 - sflow.task.server_8 - INFO - 3:
2026-07-24 19:14:32,618 - sflow.task.server_8 - INFO - Loading safetensors weights in parallel:  33%|███▎      | 54/163 [00:10<00:09, 11.66it/s]
2026-07-24 19:14:32,618 - sflow.task.server_8 - INFO - 0: [07/24/2026-19:14:32] [TRT-LLM] [RANK 0] [I] Start to load safetensor file /home/mlperf_inference_storage/models/deepseek-r1/fp4-quantized-modelopt/deepseek_r1-torch-fp4/model-00104-of-000163.safetensors
2026-07-24 19:14:32,670 - sflow.task.server_8 - INFO - 0: [07/24/2026-19:14:32] [TRT-LLM] [RANK 0] [I] Start to load safetensor file /home/mlperf_inference_storage/models/deepseek-r1/fp4-quantized-modelopt/deepseek_r1-torch-fp4/model-00024-of-000163.safetensors
2026-07-24 19:14:32,670 - sflow.task.server_8 - INFO - 0:
2026-07-24 19:14:32,670 - sflow.task.server_8 - INFO - Loading safetensors weights in parallel:  35%|███▍      | 57/163 [00:10<00:08, 13.14it/s]
2026-07-24 19:14:32,670 - sflow.task.server_8 - INFO - 0: [07/24/2026-19:14:32] [TRT-LLM] [RANK 0] [I] Start to load safetensor file /home/mlperf_inference_storage/models/deepseek-r1/fp4-quantized-modelopt/deepseek_r1-torch-fp4/model-00035-of-000163.safetensors
2026-07-24 19:14:32,721 - sflow.task.server_8 - INFO - 1:
2026-07-24 19:14:32,721 - sflow.task.server_8 - INFO - Loading safetensors weights in parallel:  36%|███▌      | 58/163 [00:10<00:07, 13.50it/s]
2026-07-24 19:14:32,721 - sflow.task.server_8 - INFO - 2:
2026-07-24 19:14:32,721 - sflow.task.server_8 - INFO - Loading safetensors weights in parallel:  36%|███▌      | 58/163 [00:10<00:06, 15.03it/s]
2026-07-24 19:14:32,721 - sflow.task.server_8 - INFO - 3:
2026-07-24 19:14:32,721 - sflow.task.server_8 - INFO - Loading safetensors weights in parallel:  36%|███▌      | 58/163 [00:10<00:07, 14.79it/s]
2026-07-24 19:14:32,772 - sflow.task.server_8 - INFO - 0: [07/24/2026-19:14:32] [TRT-LLM] [RANK 0] [I] Start to load safetensor file /home/mlperf_inference_storage/models/deepseek-r1/fp4-quantized-modelopt/deepseek_r1-torch-fp4/model-00053-of-000163.safetensors
2026-07-24 19:14:32,772 - sflow.task.server_8 - INFO - 0: [07/24/2026-19:14:32] [TRT-LLM] [RANK 0] [I] Start to load safetensor file /home/mlperf_inference_storage/models/deepseek-r1/fp4-quantized-modelopt/deepseek_r1-torch-fp4/model-00027-of-000163.safetensors
2026-07-24 19:14:32,823 - sflow.task.server_8 - INFO - 0: [07/24/2026-19:14:32] [TRT-LLM] [RANK 0] [I] Start to load safetensor file /home/mlperf_inference_storage/models/deepseek-r1/fp4-quantized-modelopt/deepseek_r1-torch-fp4/model-00157-of-000163.safetensors
2026-07-24 19:14:32,823 - sflow.task.server_8 - INFO - 0:
2026-07-24 19:14:32,823 - sflow.task.server_8 - INFO - Loading safetensors weights in parallel:  37%|███▋      | 61/163 [00:11<00:06, 14.69it/s]
2026-07-24 19:14:32,874 - sflow.task.server_8 - INFO - 0: [07/24/2026-19:14:32] [TRT-LLM] [RANK 0] [I] Start to load safetensor file /home/mlperf_inference_storage/models/deepseek-r1/fp4-quantized-modelopt/deepseek_r1-torch-fp4/model-00003-of-000163.safetensors
2026-07-24 19:14:32,874 - sflow.task.server_8 - INFO - 1:
2026-07-24 19:14:32,874 - sflow.task.server_8 - INFO - Loading safetensors weights in parallel:  38%|███▊      | 62/163 [00:11<00:06, 15.63it/s]
2026-07-24 19:14:32,874 - sflow.task.server_8 - INFO - 2:
2026-07-24 19:14:32,874 - sflow.task.server_8 - INFO - Loading safetensors weights in parallel:  38%|███▊      | 62/163 [00:11<00:06, 16.65it/s]
2026-07-24 19:14:32,874 - sflow.task.server_8 - INFO - 0: [07/24/2026-19:14:32] [TRT-LLM] [RANK 0] [I] Start to load safetensor file /home/mlperf_inference_storage/models/deepseek-r1/fp4-quantized-modelopt/deepseek_r1-torch-fp4/model-00118-of-000163.safetensors
2026-07-24 19:14:32,925 - sflow.task.server_8 - INFO - 0: [07/24/2026-19:14:32] [TRT-LLM] [RANK 0] [I] Start to load safetensor file /home/mlperf_inference_storage/models/deepseek-r1/fp4-quantized-modelopt/deepseek_r1-torch-fp4/model-00144-of-000163.safetensors
2026-07-24 19:14:32,976 - sflow.task.server_8 - INFO - 3:
2026-07-24 19:14:32,976 - sflow.task.server_8 - INFO - Loading safetensors weights in parallel:  38%|███▊      | 62/163 [00:11<00:06, 14.75it/s]
2026-07-24 19:14:33,333 - sflow.task.server_8 - INFO - 5:
2026-07-24 19:14:33,333 - sflow.task.server_8 - INFO - Loading safetensors weights in parallel:  20%|██        | 33/163 [00:06<00:17,  7.22it/s]
2026-07-24 19:14:33,943 - sflow.task.server_8 - INFO - 0: [07/24/2026-19:14:33] [TRT-LLM] [RANK 0] [I] Start to load safetensor file /home/mlperf_inference_storage/models/deepseek-r1/fp4-quantized-modelopt/deepseek_r1-torch-fp4/model-00056-of-000163.safetensors
2026-07-24 19:14:33,943 - sflow.task.server_8 - INFO - 0:
2026-07-24 19:14:33,943 - sflow.task.server_8 - INFO - Loading safetensors weights in parallel:  40%|███▉      | 65/163 [00:12<00:12,  7.91it/s]
2026-07-24 19:14:33,943 - sflow.task.server_8 - INFO - 3:
2026-07-24 19:14:33,943 - sflow.task.server_8 - INFO - Loading safetensors weights in parallel:  40%|███▉      | 65/163 [00:12<00:12,  7.68it/s]
2026-07-24 19:14:34,096 - sflow.task.server_8 - INFO - 0: [07/24/2026-19:14:34] [TRT-LLM] [RANK 0] [I] Start to load safetensor file /home/mlperf_inference_storage/models/deepseek-r1/fp4-quantized-modelopt/deepseek_r1-torch-fp4/model-00111-of-000163.safetensors
2026-07-24 19:14:34,147 - sflow.task.server_8 - INFO - 2:
2026-07-24 19:14:34,147 - sflow.task.server_8 - INFO - Loading safetensors weights in parallel:  40%|████      | 66/163 [00:12<00:12,  7.80it/s]
2026-07-24 19:14:34,349 - sflow.task.server_8 - INFO - 1:
2026-07-24 19:14:34,349 - sflow.task.server_8 - INFO - Loading safetensors weights in parallel:  40%|████      | 66/163 [00:12<00:14,  6.47it/s]
2026-07-24 19:14:34,604 - sflow.task.server_8 - INFO - 0: [07/24/2026-19:14:34] [TRT-LLM] [RANK 0] [I] Start to load safetensor file /home/mlperf_inference_storage/models/deepseek-r1/fp4-quantized-modelopt/deepseek_r1-torch-fp4/model-00095-of-000163.safetensors
2026-07-24 19:14:34,604 - sflow.task.server_8 - INFO - 0: [07/24/2026-19:14:34] [TRT-LLM] [RANK 0] [I] Start to load safetensor file /home/mlperf_inference_storage/models/deepseek-r1/fp4-quantized-modelopt/deepseek_r1-torch-fp4/model-00160-of-000163.safetensors
2026-07-24 19:14:34,604 - sflow.task.server_8 - INFO - 0:
2026-07-24 19:14:34,604 - sflow.task.server_8 - INFO - Loading safetensors weights in parallel:  42%|████▏     | 68/163 [00:12<00:14,  6.73it/s]
2026-07-24 19:14:34,655 - sflow.task.server_8 - INFO - 3:
2026-07-24 19:14:34,655 - sflow.task.server_8 - INFO - Loading safetensors weights in parallel:  42%|████▏     | 68/163 [00:12<00:15,  6.33it/s]
2026-07-24 19:14:34,959 - sflow.task.server_8 - INFO - 7:
2026-07-24 19:14:34,959 - sflow.task.server_8 - INFO - Loading safetensors weights in parallel:  22%|██▏       | 36/163 [00:08<00:32,  3.92it/s]
2026-07-24 19:14:35,009 - sflow.task.server_8 - INFO - 6:
2026-07-24 19:14:35,009 - sflow.task.server_8 - INFO - Loading safetensors weights in parallel:  22%|██▏       | 36/163 [00:08<00:29,  4.35it/s]
2026-07-24 19:14:35,009 - sflow.task.server_8 - INFO - 4:
2026-07-24 19:14:35,009 - sflow.task.server_8 - INFO - Loading safetensors weights in parallel:  22%|██▏       | 36/163 [00:08<00:31,  3.99it/s]
2026-07-24 19:14:35,365 - sflow.task.server_8 - INFO - 2:
2026-07-24 19:14:35,365 - sflow.task.server_8 - INFO - Loading safetensors weights in parallel:  42%|████▏     | 69/163 [00:13<00:18,  5.19it/s]
2026-07-24 19:14:35,620 - sflow.task.server_8 - INFO - 1:
2026-07-24 19:14:35,620 - sflow.task.server_8 - INFO - Loading safetensors weights in parallel:  42%|████▏     | 69/163 [00:13<00:20,  4.54it/s]
2026-07-24 19:14:35,723 - sflow.task.server_8 - INFO - 0: [07/24/2026-19:14:35] [TRT-LLM] [RANK 0] [I] Start to load safetensor file /home/mlperf_inference_storage/models/deepseek-r1/fp4-quantized-modelopt/deepseek_r1-torch-fp4/model-00041-of-000163.safetensors
2026-07-24 19:14:35,723 - sflow.task.server_8 - INFO - 3:
2026-07-24 19:14:35,723 - sflow.task.server_8 - INFO - Loading safetensors weights in parallel:  43%|████▎     | 70/163 [00:13<00:21,  4.33it/s]
2026-07-24 19:14:35,775 - sflow.task.server_8 - INFO - 0: [07/24/2026-19:14:35] [TRT-LLM] [RANK 0] [I] Start to load safetensor file /home/mlperf_inference_storage/models/deepseek-r1/fp4-quantized-modelopt/deepseek_r1-torch-fp4/model-00114-of-000163.safetensors
2026-07-24 19:14:35,826 - sflow.task.server_8 - INFO - 0:
2026-07-24 19:14:35,826 - sflow.task.server_8 - INFO - Loading safetensors weights in parallel:  43%|████▎     | 70/163 [00:14<00:21,  4.39it/s]
2026-07-24 19:14:35,826 - sflow.task.server_8 - INFO - 5:
2026-07-24 19:14:35,826 - sflow.task.server_8 - INFO - Loading safetensors weights in parallel:  23%|██▎       | 37/163 [00:09<00:33,  3.78it/s]
2026-07-24 19:14:35,929 - sflow.task.server_8 - INFO - 7:
2026-07-24 19:14:35,929 - sflow.task.server_8 - INFO - Loading safetensors weights in parallel:  24%|██▍       | 39/163 [00:09<00:33,  3.71it/s]
2026-07-24 19:14:35,981 - sflow.task.server_8 - INFO - 5:
2026-07-24 19:14:35,981 - sflow.task.server_8 - INFO - Loading safetensors weights in parallel:  25%|██▍       | 40/163 [00:09<00:26,  4.58it/s]
2026-07-24 19:14:35,981 - sflow.task.server_8 - INFO - 4:
2026-07-24 19:14:35,981 - sflow.task.server_8 - INFO - Loading safetensors weights in parallel:  24%|██▍       | 39/163 [00:09<00:33,  3.72it/s]
2026-07-24 19:14:36,033 - sflow.task.server_8 - INFO - 7:
2026-07-24 19:14:36,033 - sflow.task.server_8 - INFO - Loading safetensors weights in parallel:  26%|██▌       | 42/163 [00:09<00:25,  4.66it/s]
2026-07-24 19:14:36,085 - sflow.task.server_8 - INFO - 6:
2026-07-24 19:14:36,085 - sflow.task.server_8 - INFO - Loading safetensors weights in parallel:  25%|██▍       | 40/163 [00:09<00:29,  4.18it/s]
2026-07-24 19:14:36,136 - sflow.task.server_8 - INFO - 4:
2026-07-24 19:14:36,136 - sflow.task.server_8 - INFO - Loading safetensors weights in parallel:  28%|██▊       | 46/163 [00:09<00:18,  6.21it/s]
2026-07-24 19:14:36,136 - sflow.task.server_8 - INFO - 5:
2026-07-24 19:14:36,136 - sflow.task.server_8 - INFO - Loading safetensors weights in parallel:  26%|██▋       | 43/163 [00:09<00:21,  5.56it/s]
2026-07-24 19:14:36,187 - sflow.task.server_8 - INFO - 6:
2026-07-24 19:14:36,187 - sflow.task.server_8 - INFO - Loading safetensors weights in parallel:  29%|██▉       | 48/163 [00:09<00:16,  6.83it/s]
2026-07-24 19:14:36,187 - sflow.task.server_8 - INFO - 7:
2026-07-24 19:14:36,187 - sflow.task.server_8 - INFO - Loading safetensors weights in parallel:  29%|██▉       | 48/163 [00:09<00:15,  7.27it/s]
2026-07-24 19:14:36,238 - sflow.task.server_8 - INFO - 4:
2026-07-24 19:14:36,238 - sflow.task.server_8 - INFO - Loading safetensors weights in parallel:  31%|███       | 50/163 [00:09<00:14,  7.84it/s]
2026-07-24 19:14:36,238 - sflow.task.server_8 - INFO - 5:
2026-07-24 19:14:36,238 - sflow.task.server_8 - INFO - Loading safetensors weights in parallel:  30%|███       | 49/163 [00:09<00:13,  8.69it/s]
2026-07-24 19:14:36,340 - sflow.task.server_8 - INFO - 6:
2026-07-24 19:14:36,340 - sflow.task.server_8 - INFO - Loading safetensors weights in parallel:  33%|███▎      | 53/163 [00:09<00:12,  8.79it/s]
2026-07-24 19:14:36,340 - sflow.task.server_8 - INFO - 7:
2026-07-24 19:14:36,340 - sflow.task.server_8 - INFO - Loading safetensors weights in parallel:  33%|███▎      | 54/163 [00:09<00:10, 10.40it/s]
2026-07-24 19:14:36,340 - sflow.task.server_8 - INFO - 4:
2026-07-24 19:14:36,340 - sflow.task.server_8 - INFO - Loading safetensors weights in parallel:  33%|███▎      | 54/163 [00:09<00:10,  9.95it/s]
2026-07-24 19:14:36,392 - sflow.task.server_8 - INFO - 5:
2026-07-24 19:14:36,392 - sflow.task.server_8 - INFO - Loading safetensors weights in parallel:  33%|███▎      | 54/163 [00:09<00:09, 11.40it/s]
2026-07-24 19:14:36,444 - sflow.task.server_8 - INFO - 1:
2026-07-24 19:14:36,444 - sflow.task.server_8 - INFO - Loading safetensors weights in parallel:  44%|████▎     | 71/163 [00:14<00:23,  3.97it/s]
2026-07-24 19:14:36,495 - sflow.task.server_8 - INFO - 6:
2026-07-24 19:14:36,495 - sflow.task.server_8 - INFO - Loading safetensors weights in parallel:  36%|███▌      | 58/163 [00:09<00:09, 11.01it/s]
2026-07-24 19:14:36,495 - sflow.task.server_8 - INFO - 7:
2026-07-24 19:14:36,496 - sflow.task.server_8 - INFO - Loading safetensors weights in parallel:  36%|███▌      | 58/163 [00:09<00:08, 12.17it/s]
2026-07-24 19:14:36,547 - sflow.task.server_8 - INFO - 0: [07/24/2026-19:14:36] [TRT-LLM] [RANK 0] [I] Start to load safetensor file /home/mlperf_inference_storage/models/deepseek-r1/fp4-quantized-modelopt/deepseek_r1-torch-fp4/model-00108-of-000163.safetensors
2026-07-24 19:14:36,547 - sflow.task.server_8 - INFO - 3:
2026-07-24 19:14:36,547 - sflow.task.server_8 - INFO - Loading safetensors weights in parallel:  44%|████▍     | 72/163 [00:14<00:24,  3.72it/s]
2026-07-24 19:14:36,547 - sflow.task.server_8 - INFO - 0: [07/24/2026-19:14:36] [TRT-LLM] [RANK 0] [I] Start to load safetensor file /home/mlperf_inference_storage/models/deepseek-r1/fp4-quantized-modelopt/deepseek_r1-torch-fp4/model-00106-of-000163.safetensors
2026-07-24 19:14:36,547 - sflow.task.server_8 - INFO - 0:
2026-07-24 19:14:36,547 - sflow.task.server_8 - INFO - Loading safetensors weights in parallel:  44%|████▍     | 72/163 [00:14<00:23,  3.85it/s]
2026-07-24 19:14:36,598 - sflow.task.server_8 - INFO - 2:
2026-07-24 19:14:36,598 - sflow.task.server_8 - INFO - Loading safetensors weights in parallel:  44%|████▎     | 71/163 [00:14<00:24,  3.76it/s]
2026-07-24 19:14:36,650 - sflow.task.server_8 - INFO - 1:
2026-07-24 19:14:36,650 - sflow.task.server_8 - INFO - Loading safetensors weights in parallel:  45%|████▍     | 73/163 [00:14<00:19,  4.50it/s]
2026-07-24 19:14:36,650 - sflow.task.server_8 - INFO - 5:
2026-07-24 19:14:36,650 - sflow.task.server_8 - INFO - Loading safetensors weights in parallel:  36%|███▌      | 58/163 [00:09<00:08, 12.48it/s]
2026-07-24 19:14:36,650 - sflow.task.server_8 - INFO - 0: [07/24/2026-19:14:36] [TRT-LLM] [RANK 0] [I] Start to load safetensor file /home/mlperf_inference_storage/models/deepseek-r1/fp4-quantized-modelopt/deepseek_r1-torch-fp4/model-00097-of-000163.safetensors
2026-07-24 19:14:36,702 - sflow.task.server_8 - INFO - 0: [07/24/2026-19:14:36] [TRT-LLM] [RANK 0] [I] Start to load safetensor file /home/mlperf_inference_storage/models/deepseek-r1/fp4-quantized-modelopt/deepseek_r1-torch-fp4/model-00116-of-000163.safetensors
2026-07-24 19:14:36,702 - sflow.task.server_8 - INFO - 0:
2026-07-24 19:14:36,702 - sflow.task.server_8 - INFO - Loading safetensors weights in parallel:  45%|████▌     | 74/163 [00:14<00:19,  4.63it/s]
2026-07-24 19:14:36,702 - sflow.task.server_8 - INFO - 7:
2026-07-24 19:14:36,702 - sflow.task.server_8 - INFO - Loading safetensors weights in parallel:  37%|███▋      | 61/163 [00:09<00:08, 12.71it/s]
2026-07-24 19:14:36,702 - sflow.task.server_8 - INFO - 0: [07/24/2026-19:14:36] [TRT-LLM] [RANK 0] [I] Start to load safetensor file /home/mlperf_inference_storage/models/deepseek-r1/fp4-quantized-modelopt/deepseek_r1-torch-fp4/model-00076-of-000163.safetensors
2026-07-24 19:14:36,754 - sflow.task.server_8 - INFO - 3:
2026-07-24 19:14:36,754 - sflow.task.server_8 - INFO - Loading safetensors weights in parallel:  46%|████▌     | 75/163 [00:14<00:17,  4.94it/s]
2026-07-24 19:14:36,754 - sflow.task.server_8 - INFO - 0: [07/24/2026-19:14:36] [TRT-LLM] [RANK 0] [I] Start to load safetensor file /home/mlperf_inference_storage/models/deepseek-r1/fp4-quantized-modelopt/deepseek_r1-torch-fp4/model-00008-of-000163.safetensors
2026-07-24 19:14:36,754 - sflow.task.server_8 - INFO - 1:
2026-07-24 19:14:36,754 - sflow.task.server_8 - INFO - Loading safetensors weights in parallel:  47%|████▋     | 76/163 [00:14<00:14,  6.08it/s]
2026-07-24 19:14:36,754 - sflow.task.server_8 - INFO - 2:
2026-07-24 19:14:36,754 - sflow.task.server_8 - INFO - Loading safetensors weights in parallel:  46%|████▌     | 75/163 [00:14<00:16,  5.23it/s]
2026-07-24 19:14:36,804 - sflow.task.server_8 - INFO - 4:
2026-07-24 19:14:36,804 - sflow.task.server_8 - INFO - Loading safetensors weights in parallel:  36%|███▌      | 58/163 [00:10<00:10,  9.84it/s]
2026-07-24 19:14:36,804 - sflow.task.server_8 - INFO - 6:
2026-07-24 19:14:36,804 - sflow.task.server_8 - INFO - Loading safetensors weights in parallel:  38%|███▊      | 62/163 [00:10<00:08, 11.44it/s]
2026-07-24 19:14:36,804 - sflow.task.server_8 - INFO - 0: [07/24/2026-19:14:36] [TRT-LLM] [RANK 0] [I] Start to load safetensor file /home/mlperf_inference_storage/models/deepseek-r1/fp4-quantized-modelopt/deepseek_r1-torch-fp4/model-00021-of-000163.safetensors
2026-07-24 19:14:36,855 - sflow.task.server_8 - INFO - 0: [07/24/2026-19:14:36] [TRT-LLM] [RANK 0] [I] Start to load safetensor file /home/mlperf_inference_storage/models/deepseek-r1/fp4-quantized-modelopt/deepseek_r1-torch-fp4/model-00068-of-000163.safetensors
2026-07-24 19:14:36,855 - sflow.task.server_8 - INFO - 0:
2026-07-24 19:14:36,855 - sflow.task.server_8 - INFO - Loading safetensors weights in parallel:  48%|████▊     | 78/163 [00:15<00:12,  6.92it/s]
2026-07-24 19:14:36,855 - sflow.task.server_8 - INFO - 3:
2026-07-24 19:14:36,855 - sflow.task.server_8 - INFO - Loading safetensors weights in parallel:  48%|████▊     | 78/163 [00:15<00:12,  6.57it/s]
2026-07-24 19:14:36,855 - sflow.task.server_8 - INFO - 7:
2026-07-24 19:14:36,855 - sflow.task.server_8 - INFO - Loading safetensors weights in parallel:  39%|███▉      | 64/163 [00:10<00:07, 13.88it/s]
2026-07-24 19:14:36,855 - sflow.task.server_8 - INFO - 0: [07/24/2026-19:14:36] [TRT-LLM] [RANK 0] [I] Start to load safetensor file /home/mlperf_inference_storage/models/deepseek-r1/fp4-quantized-modelopt/deepseek_r1-torch-fp4/model-00037-of-000163.safetensors
2026-07-24 19:14:36,855 - sflow.task.server_8 - INFO - 2:
2026-07-24 19:14:36,855 - sflow.task.server_8 - INFO - Loading safetensors weights in parallel:  48%|████▊     | 78/163 [00:15<00:12,  6.66it/s]
2026-07-24 19:14:36,906 - sflow.task.server_8 - INFO - 1:
2026-07-24 19:14:36,906 - sflow.task.server_8 - INFO - Loading safetensors weights in parallel:  48%|████▊     | 79/163 [00:15<00:10,  7.78it/s]
2026-07-24 19:14:36,906 - sflow.task.server_8 - INFO - 0: [07/24/2026-19:14:36] [TRT-LLM] [RANK 0] [I] Start to load safetensor file /home/mlperf_inference_storage/models/deepseek-r1/fp4-quantized-modelopt/deepseek_r1-torch-fp4/model-00133-of-000163.safetensors
2026-07-24 19:14:36,906 - sflow.task.server_8 - INFO - 5:
2026-07-24 19:14:36,906 - sflow.task.server_8 - INFO - Loading safetensors weights in parallel:  37%|███▋      | 61/163 [00:10<00:08, 12.30it/s]
2026-07-24 19:14:36,906 - sflow.task.server_8 - INFO - 4:
2026-07-24 19:14:36,906 - sflow.task.server_8 - INFO - Loading safetensors weights in parallel:  38%|███▊      | 62/163 [00:10<00:08, 12.21it/s]
2026-07-24 19:14:36,906 - sflow.task.server_8 - INFO - 0: [07/24/2026-19:14:36] [TRT-LLM] [RANK 0] [I] Start to load safetensor file /home/mlperf_inference_storage/models/deepseek-r1/fp4-quantized-modelopt/deepseek_r1-torch-fp4/model-00082-of-000163.safetensors
2026-07-24 19:14:36,906 - sflow.task.server_8 - INFO - 0: [07/24/2026-19:14:36] [TRT-LLM] [RANK 0] [I] Start to load safetensor file /home/mlperf_inference_storage/models/deepseek-r1/fp4-quantized-modelopt/deepseek_r1-torch-fp4/model-00092-of-000163.safetensors
2026-07-24 19:14:36,958 - sflow.task.server_8 - INFO - 0:
2026-07-24 19:14:36,958 - sflow.task.server_8 - INFO - Loading safetensors weights in parallel:  50%|█████     | 82/163 [00:15<00:08,  9.78it/s]
2026-07-24 19:14:37,009 - sflow.task.server_8 - INFO - 3:
2026-07-24 19:14:37,009 - sflow.task.server_8 - INFO - Loading safetensors weights in parallel:  50%|████▉     | 81/163 [00:15<00:09,  8.36it/s]
2026-07-24 19:14:37,009 - sflow.task.server_8 - INFO - 1:
2026-07-24 19:14:37,009 - sflow.task.server_8 - INFO - Loading safetensors weights in parallel:  51%|█████     | 83/163 [00:15<00:07, 10.97it/s]
2026-07-24 19:14:37,009 - sflow.task.server_8 - INFO - 2:
2026-07-24 19:14:37,009 - sflow.task.server_8 - INFO - Loading safetensors weights in parallel:  50%|████▉     | 81/163 [00:15<00:09,  8.28it/s]
2026-07-24 19:14:37,060 - sflow.task.server_8 - INFO - 0: [07/24/2026-19:14:37] [TRT-LLM] [RANK 0] [I] Start to load safetensor file /home/mlperf_inference_storage/models/deepseek-r1/fp4-quantized-modelopt/deepseek_r1-torch-fp4/model-00071-of-000163.safetensors
2026-07-24 19:14:37,111 - sflow.task.server_8 - INFO - 0: [07/24/2026-19:14:37] [TRT-LLM] [RANK 0] [I] Start to load safetensor file /home/mlperf_inference_storage/models/deepseek-r1/fp4-quantized-modelopt/deepseek_r1-torch-fp4/model-00063-of-000163.safetensors
2026-07-24 19:14:37,111 - sflow.task.server_8 - INFO - 3:
2026-07-24 19:14:37,111 - sflow.task.server_8 - INFO - Loading safetensors weights in parallel:  53%|█████▎    | 86/163 [00:15<00:05, 12.89it/s]
2026-07-24 19:14:37,111 - sflow.task.server_8 - INFO - 0: [07/24/2026-19:14:37] [TRT-LLM] [RANK 0] [I] Start to load safetensor file /home/mlperf_inference_storage/models/deepseek-r1/fp4-quantized-modelopt/deepseek_r1-torch-fp4/model-00112-of-000163.safetensors
2026-07-24 19:14:37,111 - sflow.task.server_8 - INFO - 0:
2026-07-24 19:14:37,111 - sflow.task.server_8 - INFO - Loading safetensors weights in parallel:  52%|█████▏    | 85/163 [00:15<00:07, 11.12it/s]
2026-07-24 19:14:37,111 - sflow.task.server_8 - INFO - 1:
2026-07-24 19:14:37,111 - sflow.task.server_8 - INFO - Loading safetensors weights in parallel:  53%|█████▎    | 86/163 [00:15<00:05, 13.14it/s]
2026-07-24 19:14:37,111 - sflow.task.server_8 - INFO - 0: [07/24/2026-19:14:37] [TRT-LLM] [RANK 0] [I] Start to load safetensor file /home/mlperf_inference_storage/models/deepseek-r1/fp4-quantized-modelopt/deepseek_r1-torch-fp4/model-00089-of-000163.safetensors
2026-07-24 19:14:37,111 - sflow.task.server_8 - INFO - 2:
2026-07-24 19:14:37,111 - sflow.task.server_8 - INFO - Loading safetensors weights in parallel:  52%|█████▏    | 84/163 [00:15<00:07, 10.21it/s]
2026-07-24 19:14:37,111 - sflow.task.server_8 - INFO - 0: [07/24/2026-19:14:37] [TRT-LLM] [RANK 0] [I] Start to load safetensor file /home/mlperf_inference_storage/models/deepseek-r1/fp4-quantized-modelopt/deepseek_r1-torch-fp4/model-00047-of-000163.safetensors
2026-07-24 19:14:37,162 - sflow.task.server_8 - INFO - 0: [07/24/2026-19:14:37] [TRT-LLM] [RANK 0] [I] Start to load safetensor file /home/mlperf_inference_storage/models/deepseek-r1/fp4-quantized-modelopt/deepseek_r1-torch-fp4/model-00090-of-000163.safetensors
2026-07-24 19:14:37,162 - sflow.task.server_8 - INFO - 0: [07/24/2026-19:14:37] [TRT-LLM] [RANK 0] [I] Start to load safetensor file /home/mlperf_inference_storage/models/deepseek-r1/fp4-quantized-modelopt/deepseek_r1-torch-fp4/model-00023-of-000163.safetensors
2026-07-24 19:14:37,162 - sflow.task.server_8 - INFO - 0: [07/24/2026-19:14:37] [TRT-LLM] [RANK 0] [I] Start to load safetensor file /home/mlperf_inference_storage/models/deepseek-r1/fp4-quantized-modelopt/deepseek_r1-torch-fp4/model-00011-of-000163.safetensors
2026-07-24 19:14:37,213 - sflow.task.server_8 - INFO - 5:
2026-07-24 19:14:37,213 - sflow.task.server_8 - INFO - Loading safetensors weights in parallel:  39%|███▉      | 64/163 [00:10<00:08, 11.74it/s]
2026-07-24 19:14:37,213 - sflow.task.server_8 - INFO - 0: [07/24/2026-19:14:37] [TRT-LLM] [RANK 0] [I] Start to load safetensor file /home/mlperf_inference_storage/models/deepseek-r1/fp4-quantized-modelopt/deepseek_r1-torch-fp4/model-00078-of-000163.safetensors
2026-07-24 19:14:37,213 - sflow.task.server_8 - INFO - 3:
2026-07-24 19:14:37,213 - sflow.task.server_8 - INFO - Loading safetensors weights in parallel:  55%|█████▌    | 90/163 [00:15<00:04, 16.15it/s]
2026-07-24 19:14:37,213 - sflow.task.server_8 - INFO - 0: [07/24/2026-19:14:37] [TRT-LLM] [RANK 0] [I] Start to load safetensor file /home/mlperf_inference_storage/models/deepseek-r1/fp4-quantized-modelopt/deepseek_r1-torch-fp4/model-00050-of-000163.safetensors
2026-07-24 19:14:37,213 - sflow.task.server_8 - INFO - 0:
2026-07-24 19:14:37,213 - sflow.task.server_8 - INFO - Loading safetensors weights in parallel:  56%|█████▋    | 92/163 [00:15<00:03, 18.46it/s]
2026-07-24 19:14:37,213 - sflow.task.server_8 - INFO - 2:
2026-07-24 19:14:37,213 - sflow.task.server_8 - INFO - Loading safetensors weights in parallel:  54%|█████▍    | 88/163 [00:15<00:05, 13.69it/s]
2026-07-24 19:14:37,213 - sflow.task.server_8 - INFO - 1:
2026-07-24 19:14:37,213 - sflow.task.server_8 - INFO - Loading safetensors weights in parallel:  56%|█████▌    | 91/163 [00:15<00:03, 18.27it/s]
2026-07-24 19:14:37,264 - sflow.task.server_8 - INFO - 0: [07/24/2026-19:14:37] [TRT-LLM] [RANK 0] [I] Start to load safetensor file /home/mlperf_inference_storage/models/deepseek-r1/fp4-quantized-modelopt/deepseek_r1-torch-fp4/model-00113-of-000163.safetensors
2026-07-24 19:14:37,366 - sflow.task.server_8 - INFO - 3:
2026-07-24 19:14:37,366 - sflow.task.server_8 - INFO - Loading safetensors weights in parallel:  57%|█████▋    | 93/163 [00:15<00:03, 17.63it/s]
2026-07-24 19:14:37,366 - sflow.task.server_8 - INFO - 0: [07/24/2026-19:14:37] [TRT-LLM] [RANK 0] [I] Start to load safetensor file /home/mlperf_inference_storage/models/deepseek-r1/fp4-quantized-modelopt/deepseek_r1-torch-fp4/model-00130-of-000163.safetensors
2026-07-24 19:14:37,417 - sflow.task.server_8 - INFO - 2:
2026-07-24 19:14:37,417 - sflow.task.server_8 - INFO - Loading safetensors weights in parallel:  56%|█████▋    | 92/163 [00:15<00:04, 16.08it/s]
2026-07-24 19:14:37,417 - sflow.task.server_8 - INFO - 0: [07/24/2026-19:14:37] [TRT-LLM] [RANK 0] [I] Start to load safetensor file /home/mlperf_inference_storage/models/deepseek-r1/fp4-quantized-modelopt/deepseek_r1-torch-fp4/model-00020-of-000163.safetensors
2026-07-24 19:14:37,468 - sflow.task.server_8 - INFO - 0: [07/24/2026-19:14:37] [TRT-LLM] [RANK 0] [I] Start to load safetensor file /home/mlperf_inference_storage/models/deepseek-r1/fp4-quantized-modelopt/deepseek_r1-torch-fp4/model-00154-of-000163.safetensors
2026-07-24 19:14:37,468 - sflow.task.server_8 - INFO - 1:
2026-07-24 19:14:37,468 - sflow.task.server_8 - INFO - Loading safetensors weights in parallel:  58%|█████▊    | 94/163 [00:15<00:04, 16.85it/s]
2026-07-24 19:14:37,468 - sflow.task.server_8 - INFO - 0:
2026-07-24 19:14:37,468 - sflow.task.server_8 - INFO - Loading safetensors weights in parallel:  59%|█████▉    | 96/163 [00:15<00:03, 18.18it/s]
2026-07-24 19:14:37,468 - sflow.task.server_8 - INFO - 0: [07/24/2026-19:14:37] [TRT-LLM] [RANK 0] [I] Start to load safetensor file /home/mlperf_inference_storage/models/deepseek-r1/fp4-quantized-modelopt/deepseek_r1-torch-fp4/model-00163-of-000163.safetensors
2026-07-24 19:14:37,519 - sflow.task.server_8 - INFO - 6:
2026-07-24 19:14:37,519 - sflow.task.server_8 - INFO - Loading safetensors weights in parallel:  40%|███▉      | 65/163 [00:10<00:11,  8.46it/s]
2026-07-24 19:14:37,519 - sflow.task.server_8 - INFO - 2:
2026-07-24 19:14:37,519 - sflow.task.server_8 - INFO - Loading safetensors weights in parallel:  59%|█████▉    | 96/163 [00:15<00:03, 18.68it/s]
2026-07-24 19:14:37,571 - sflow.task.server_8 - INFO - 3:
2026-07-24 19:14:37,571 - sflow.task.server_8 - INFO - Loading safetensors weights in parallel:  59%|█████▉    | 96/163 [00:15<00:04, 16.05it/s]
2026-07-24 19:14:37,622 - sflow.task.server_8 - INFO - 4:
2026-07-24 19:14:37,622 - sflow.task.server_8 - INFO - Loading safetensors weights in parallel:  40%|███▉      | 65/163 [00:10<00:11,  8.57it/s]
2026-07-24 19:14:37,673 - sflow.task.server_8 - INFO - 0: [07/24/2026-19:14:37] [TRT-LLM] [RANK 0] [I] Start to load safetensor file /home/mlperf_inference_storage/models/deepseek-r1/fp4-quantized-modelopt/deepseek_r1-torch-fp4/model-00131-of-000163.safetensors
2026-07-24 19:14:37,928 - sflow.task.server_8 - INFO - 1:
2026-07-24 19:14:37,928 - sflow.task.server_8 - INFO - Loading safetensors weights in parallel:  60%|█████▉    | 97/163 [00:16<00:05, 11.89it/s]
2026-07-24 19:14:38,030 - sflow.task.server_8 - INFO - 0: [07/24/2026-19:14:38] [TRT-LLM] [RANK 0] [I] Start to load safetensor file /home/mlperf_inference_storage/models/deepseek-r1/fp4-quantized-modelopt/deepseek_r1-torch-fp4/model-00077-of-000163.safetensors
2026-07-24 19:14:38,030 - sflow.task.server_8 - INFO - 0:
2026-07-24 19:14:38,030 - sflow.task.server_8 - INFO - Loading safetensors weights in parallel:  61%|██████    | 99/163 [00:16<00:05, 11.55it/s]
2026-07-24 19:14:38,082 - sflow.task.server_8 - INFO - 5:
2026-07-24 19:14:38,082 - sflow.task.server_8 - INFO - Loading safetensors weights in parallel:  40%|████      | 66/163 [00:11<00:14,  6.55it/s]
2026-07-24 19:14:38,133 - sflow.task.server_8 - INFO - 7:
2026-07-24 19:14:38,133 - sflow.task.server_8 - INFO - Loading safetensors weights in parallel:  41%|████      | 67/163 [00:11<00:15,  6.14it/s]
2026-07-24 19:14:38,235 - sflow.task.server_8 - INFO - 2:
2026-07-24 19:14:38,235 - sflow.task.server_8 - INFO - Loading safetensors weights in parallel:  61%|██████    | 99/163 [00:16<00:06, 10.18it/s]
2026-07-24 19:14:38,286 - sflow.task.server_8 - INFO - 6:
2026-07-24 19:14:38,286 - sflow.task.server_8 - INFO - Loading safetensors weights in parallel:  42%|████▏     | 68/163 [00:11<00:14,  6.69it/s]
2026-07-24 19:14:38,286 - sflow.task.server_8 - INFO - 0: [07/24/2026-19:14:38] [TRT-LLM] [RANK 0] [I] Start to load safetensor file /home/mlperf_inference_storage/models/deepseek-r1/fp4-quantized-modelopt/deepseek_r1-torch-fp4/model-00019-of-000163.safetensors
2026-07-24 19:14:38,337 - sflow.task.server_8 - INFO - 3:
2026-07-24 19:14:38,337 - sflow.task.server_8 - INFO - Loading safetensors weights in parallel:  61%|██████    | 99/163 [00:16<00:07,  8.63it/s]
2026-07-24 19:14:38,439 - sflow.task.server_8 - INFO - 4:
2026-07-24 19:14:38,439 - sflow.task.server_8 - INFO - Loading safetensors weights in parallel:  41%|████      | 67/163 [00:11<00:16,  5.85it/s]
2026-07-24 19:14:38,490 - sflow.task.server_8 - INFO - 1:
2026-07-24 19:14:38,490 - sflow.task.server_8 - INFO - Loading safetensors weights in parallel:  61%|██████    | 99/163 [00:16<00:08,  7.85it/s]
2026-07-24 19:14:38,541 - sflow.task.server_8 - INFO - 5:
2026-07-24 19:14:38,541 - sflow.task.server_8 - INFO - Loading safetensors weights in parallel:  42%|████▏     | 68/163 [00:11<00:15,  5.96it/s]
2026-07-24 19:14:38,592 - sflow.task.server_8 - INFO - 0: [07/24/2026-19:14:38] [TRT-LLM] [RANK 0] [I] Start to load safetensor file /home/mlperf_inference_storage/models/deepseek-r1/fp4-quantized-modelopt/deepseek_r1-torch-fp4/model-00120-of-000163.safetensors
2026-07-24 19:14:38,694 - sflow.task.server_8 - INFO - 1:
2026-07-24 19:14:38,695 - sflow.task.server_8 - INFO - Loading safetensors weights in parallel:  62%|██████▏   | 101/163 [00:16<00:07,  8.21it/s]
2026-07-24 19:14:38,849 - sflow.task.server_8 - INFO - 0: [07/24/2026-19:14:38] [TRT-LLM] [RANK 0] [I] Start to load safetensor file /home/mlperf_inference_storage/models/deepseek-r1/fp4-quantized-modelopt/deepseek_r1-torch-fp4/model-00055-of-000163.safetensors
2026-07-24 19:14:38,849 - sflow.task.server_8 - INFO - 0:
2026-07-24 19:14:38,849 - sflow.task.server_8 - INFO - Loading safetensors weights in parallel:  63%|██████▎   | 102/163 [00:17<00:08,  7.60it/s]
2026-07-24 19:14:38,849 - sflow.task.server_8 - INFO - 3:
2026-07-24 19:14:38,849 - sflow.task.server_8 - INFO - Loading safetensors weights in parallel:  62%|██████▏   | 101/163 [00:17<00:08,  6.92it/s]
2026-07-24 19:14:38,900 - sflow.task.server_8 - INFO - 2:
2026-07-24 19:14:38,900 - sflow.task.server_8 - INFO - Loading safetensors weights in parallel:  63%|██████▎   | 102/163 [00:17<00:07,  7.65it/s]
2026-07-24 19:14:39,514 - sflow.task.server_8 - INFO - 5:
2026-07-24 19:14:39,514 - sflow.task.server_8 - INFO - Loading safetensors weights in parallel:  43%|████▎     | 70/163 [00:12<00:22,  4.10it/s]
2026-07-24 19:14:39,719 - sflow.task.server_8 - INFO - 1:
2026-07-24 19:14:39,719 - sflow.task.server_8 - INFO - Loading safetensors weights in parallel:  63%|██████▎   | 103/163 [00:17<00:12,  4.67it/s]
2026-07-24 19:14:39,719 - sflow.task.server_8 - INFO - 4:
2026-07-24 19:14:39,719 - sflow.task.server_8 - INFO - Loading safetensors weights in parallel:  42%|████▏     | 69/163 [00:13<00:25,  3.72it/s]
2026-07-24 19:14:39,770 - sflow.task.server_8 - INFO - 6:
2026-07-24 19:14:39,770 - sflow.task.server_8 - INFO - Loading safetensors weights in parallel:  43%|████▎     | 70/163 [00:13<00:23,  3.92it/s]
2026-07-24 19:14:39,821 - sflow.task.server_8 - INFO - 2:
2026-07-24 19:14:39,821 - sflow.task.server_8 - INFO - Loading safetensors weights in parallel:  64%|██████▍   | 104/163 [00:18<00:11,  4.95it/s]
2026-07-24 19:14:39,821 - sflow.task.server_8 - INFO - 7:
2026-07-24 19:14:39,821 - sflow.task.server_8 - INFO - Loading safetensors weights in parallel:  42%|████▏     | 69/163 [00:13<00:27,  3.39it/s]
2026-07-24 19:14:39,873 - sflow.task.server_8 - INFO - 3:
2026-07-24 19:14:39,873 - sflow.task.server_8 - INFO - Loading safetensors weights in parallel:  63%|██████▎   | 103/163 [00:18<00:13,  4.41it/s]
2026-07-24 19:14:39,975 - sflow.task.server_8 - INFO - 3:
2026-07-24 19:14:39,975 - sflow.task.server_8 - INFO - Loading safetensors weights in parallel:  64%|██████▍   | 104/163 [00:18<00:12,  4.71it/s]
2026-07-24 19:14:40,026 - sflow.task.server_8 - INFO - 0: [07/24/2026-19:14:39] [TRT-LLM] [RANK 0] [I] Start to load safetensor file /home/mlperf_inference_storage/models/deepseek-r1/fp4-quantized-modelopt/deepseek_r1-torch-fp4/model-00016-of-000163.safetensors
2026-07-24 19:14:40,026 - sflow.task.server_8 - INFO - 0: [07/24/2026-19:14:39] [TRT-LLM] [RANK 0] [I] Start to load safetensor file /home/mlperf_inference_storage/models/deepseek-r1/fp4-quantized-modelopt/deepseek_r1-torch-fp4/model-00109-of-000163.safetensors
2026-07-24 19:14:40,026 - sflow.task.server_8 - INFO - 0:
2026-07-24 19:14:40,026 - sflow.task.server_8 - INFO - Loading safetensors weights in parallel:  64%|██████▍   | 104/163 [00:18<00:13,  4.53it/s]
2026-07-24 19:14:40,231 - sflow.task.server_8 - INFO - 4:
2026-07-24 19:14:40,231 - sflow.task.server_8 - INFO - Loading safetensors weights in parallel:  44%|████▎     | 71/163 [00:13<00:24,  3.76it/s]
2026-07-24 19:14:40,333 - sflow.task.server_8 - INFO - 3:
2026-07-24 19:14:40,333 - sflow.task.server_8 - INFO - Loading safetensors weights in parallel:  64%|██████▍   | 105/163 [00:18<00:13,  4.27it/s]
2026-07-24 19:14:40,385 - sflow.task.server_8 - INFO - 1:
2026-07-24 19:14:40,385 - sflow.task.server_8 - INFO - Loading safetensors weights in parallel:  64%|██████▍   | 104/163 [00:18<00:16,  3.55it/s]
2026-07-24 19:14:40,436 - sflow.task.server_8 - INFO - 5:
2026-07-24 19:14:40,436 - sflow.task.server_8 - INFO - Loading safetensors weights in parallel:  44%|████▎     | 71/163 [00:13<00:31,  2.94it/s]
2026-07-24 19:14:40,488 - sflow.task.server_8 - INFO - 3:
2026-07-24 19:14:40,488 - sflow.task.server_8 - INFO - Loading safetensors weights in parallel:  65%|██████▌   | 106/163 [00:18<00:12,  4.50it/s]
2026-07-24 19:14:40,488 - sflow.task.server_8 - INFO - 0: [07/24/2026-19:14:40] [TRT-LLM] [RANK 0] [I] Start to load safetensor file /home/mlperf_inference_storage/models/deepseek-r1/fp4-quantized-modelopt/deepseek_r1-torch-fp4/model-00005-of-000163.safetensors
2026-07-24 19:14:40,540 - sflow.task.server_8 - INFO - 7:
2026-07-24 19:14:40,540 - sflow.task.server_8 - INFO - Loading safetensors weights in parallel:  44%|████▎     | 71/163 [00:13<00:28,  3.27it/s]
2026-07-24 19:14:40,591 - sflow.task.server_8 - INFO - 2:
2026-07-24 19:14:40,591 - sflow.task.server_8 - INFO - Loading safetensors weights in parallel:  65%|██████▌   | 106/163 [00:18<00:13,  4.13it/s]
2026-07-24 19:14:40,591 - sflow.task.server_8 - INFO - 5:
2026-07-24 19:14:40,591 - sflow.task.server_8 - INFO - Loading safetensors weights in parallel:  45%|████▌     | 74/163 [00:13<00:20,  4.34it/s]
2026-07-24 19:14:40,642 - sflow.task.server_8 - INFO - 4:
2026-07-24 19:14:40,642 - sflow.task.server_8 - INFO - Loading safetensors weights in parallel:  44%|████▍     | 72/163 [00:13<00:25,  3.54it/s]
2026-07-24 19:14:40,642 - sflow.task.server_8 - INFO - 0: [07/24/2026-19:14:40] [TRT-LLM] [RANK 0] [I] Start to load safetensor file /home/mlperf_inference_storage/models/deepseek-r1/fp4-quantized-modelopt/deepseek_r1-torch-fp4/model-00040-of-000163.safetensors
2026-07-24 19:14:40,642 - sflow.task.server_8 - INFO - 0:
2026-07-24 19:14:40,642 - sflow.task.server_8 - INFO - Loading safetensors weights in parallel:  65%|██████▌   | 106/163 [00:18<00:13,  4.20it/s]
2026-07-24 19:14:40,642 - sflow.task.server_8 - INFO - 6:
2026-07-24 19:14:40,642 - sflow.task.server_8 - INFO - Loading safetensors weights in parallel:  44%|████▍     | 72/163 [00:13<00:26,  3.40it/s]
2026-07-24 19:14:40,642 - sflow.task.server_8 - INFO - 3:
2026-07-24 19:14:40,642 - sflow.task.server_8 - INFO - Loading safetensors weights in parallel:  66%|██████▌   | 107/163 [00:18<00:11,  4.77it/s]
2026-07-24 19:14:40,693 - sflow.task.server_8 - INFO - 1:
2026-07-24 19:14:40,693 - sflow.task.server_8 - INFO - Loading safetensors weights in parallel:  66%|██████▌   | 107/163 [00:18<00:11,  4.76it/s]
2026-07-24 19:14:40,693 - sflow.task.server_8 - INFO - 0: [07/24/2026-19:14:40] [TRT-LLM] [RANK 0] [I] Start to load safetensor file /home/mlperf_inference_storage/models/deepseek-r1/fp4-quantized-modelopt/deepseek_r1-torch-fp4/model-00099-of-000163.safetensors
2026-07-24 19:14:40,746 - sflow.task.server_8 - INFO - 4:
2026-07-24 19:14:40,746 - sflow.task.server_8 - INFO - Loading safetensors weights in parallel:  47%|████▋     | 76/163 [00:14<00:14,  5.91it/s]
2026-07-24 19:14:40,746 - sflow.task.server_8 - INFO - 2:
2026-07-24 19:14:40,746 - sflow.task.server_8 - INFO - Loading safetensors weights in parallel:  66%|██████▋   | 108/163 [00:18<00:11,  4.99it/s]
2026-07-24 19:14:40,746 - sflow.task.server_8 - INFO - 6:
2026-07-24 19:14:40,746 - sflow.task.server_8 - INFO - Loading safetensors weights in parallel:  45%|████▍     | 73/163 [00:14<00:24,  3.68it/s]
2026-07-24 19:14:40,746 - sflow.task.server_8 - INFO - 3:
2026-07-24 19:14:40,746 - sflow.task.server_8 - INFO - Loading safetensors weights in parallel:  67%|██████▋   | 109/163 [00:18<00:08,  6.61it/s]
2026-07-24 19:14:40,797 - sflow.task.server_8 - INFO - 7:
2026-07-24 19:14:40,797 - sflow.task.server_8 - INFO - Loading safetensors weights in parallel:  44%|████▍     | 72/163 [00:14<00:27,  3.34it/s]
2026-07-24 19:14:40,797 - sflow.task.server_8 - INFO - 1:
2026-07-24 19:14:40,797 - sflow.task.server_8 - INFO - Loading safetensors weights in parallel:  67%|██████▋   | 110/163 [00:19<00:07,  6.64it/s]
2026-07-24 19:14:40,797 - sflow.task.server_8 - INFO - 0: [07/24/2026-19:14:40] [TRT-LLM] [RANK 0] [I] Start to load safetensor file /home/mlperf_inference_storage/models/deepseek-r1/fp4-quantized-modelopt/deepseek_r1-torch-fp4/model-00153-of-000163.safetensors
2026-07-24 19:14:40,797 - sflow.task.server_8 - INFO - 0:
2026-07-24 19:14:40,797 - sflow.task.server_8 - INFO - Loading safetensors weights in parallel:  66%|██████▋   | 108/163 [00:19<00:11,  4.90it/s]
2026-07-24 19:14:40,849 - sflow.task.server_8 - INFO - 0: [07/24/2026-19:14:40] [TRT-LLM] [RANK 0] [I] Start to load safetensor file /home/mlperf_inference_storage/models/deepseek-r1/fp4-quantized-modelopt/deepseek_r1-torch-fp4/model-00121-of-000163.safetensors
2026-07-24 19:14:40,849 - sflow.task.server_8 - INFO - 5:
2026-07-24 19:14:40,849 - sflow.task.server_8 - INFO - Loading safetensors weights in parallel:  47%|████▋     | 76/163 [00:14<00:17,  4.91it/s]
2026-07-24 19:14:40,849 - sflow.task.server_8 - INFO - 6:
2026-07-24 19:14:40,849 - sflow.task.server_8 - INFO - Loading safetensors weights in parallel:  47%|████▋     | 77/163 [00:14<00:14,  5.94it/s]
2026-07-24 19:14:40,849 - sflow.task.server_8 - INFO - 4:
2026-07-24 19:14:40,849 - sflow.task.server_8 - INFO - Loading safetensors weights in parallel:  49%|████▉     | 80/163 [00:14<00:09,  8.52it/s]
2026-07-24 19:14:40,849 - sflow.task.server_8 - INFO - 2:
2026-07-24 19:14:40,849 - sflow.task.server_8 - INFO - Loading safetensors weights in parallel:  68%|██████▊   | 111/163 [00:19<00:07,  6.81it/s]
2026-07-24 19:14:40,900 - sflow.task.server_8 - INFO - 0: [07/24/2026-19:14:40] [TRT-LLM] [RANK 0] [I] Start to load safetensor file /home/mlperf_inference_storage/models/deepseek-r1/fp4-quantized-modelopt/deepseek_r1-torch-fp4/model-00010-of-000163.safetensors
2026-07-24 19:14:40,900 - sflow.task.server_8 - INFO - 7:
2026-07-24 19:14:40,900 - sflow.task.server_8 - INFO - Loading safetensors weights in parallel:  45%|████▌     | 74/163 [00:14<00:20,  4.31it/s]
2026-07-24 19:14:40,900 - sflow.task.server_8 - INFO - 1:
2026-07-24 19:14:40,901 - sflow.task.server_8 - INFO - Loading safetensors weights in parallel:  69%|██████▉   | 113/163 [00:19<00:05,  8.81it/s]
2026-07-24 19:14:40,901 - sflow.task.server_8 - INFO - 3:
2026-07-24 19:14:40,901 - sflow.task.server_8 - INFO - Loading safetensors weights in parallel:  69%|██████▊   | 112/163 [00:19<00:05,  9.30it/s]
2026-07-24 19:14:40,951 - sflow.task.server_8 - INFO - 0: [07/24/2026-19:14:40] [TRT-LLM] [RANK 0] [I] Start to load safetensor file /home/mlperf_inference_storage/models/deepseek-r1/fp4-quantized-modelopt/deepseek_r1-torch-fp4/model-00140-of-000163.safetensors
2026-07-24 19:14:40,951 - sflow.task.server_8 - INFO - 0:
2026-07-24 19:14:40,951 - sflow.task.server_8 - INFO - Loading safetensors weights in parallel:  68%|██████▊   | 111/163 [00:19<00:07,  6.69it/s]
2026-07-24 19:14:40,951 - sflow.task.server_8 - INFO - 2:
2026-07-24 19:14:40,951 - sflow.task.server_8 - INFO - Loading safetensors weights in parallel:  70%|██████▉   | 114/163 [00:19<00:05,  9.11it/s]
2026-07-24 19:14:41,002 - sflow.task.server_8 - INFO - 6:
2026-07-24 19:14:41,002 - sflow.task.server_8 - INFO - Loading safetensors weights in parallel:  48%|████▊     | 79/163 [00:14<00:12,  6.93it/s]
2026-07-24 19:14:41,002 - sflow.task.server_8 - INFO - 5:
2026-07-24 19:14:41,002 - sflow.task.server_8 - INFO - Loading safetensors weights in parallel:  51%|█████     | 83/163 [00:14<00:07, 10.06it/s]
2026-07-24 19:14:41,002 - sflow.task.server_8 - INFO - 0: [07/24/2026-19:14:40] [TRT-LLM] [RANK 0] [I] Start to load safetensor file /home/mlperf_inference_storage/models/deepseek-r1/fp4-quantized-modelopt/deepseek_r1-torch-fp4/model-00135-of-000163.safetensors
2026-07-24 19:14:41,054 - sflow.task.server_8 - INFO - 0: [07/24/2026-19:14:41] [TRT-LLM] [RANK 0] [I] Start to load safetensor file /home/mlperf_inference_storage/models/deepseek-r1/fp4-quantized-modelopt/deepseek_r1-torch-fp4/model-00122-of-000163.safetensors
2026-07-24 19:14:41,054 - sflow.task.server_8 - INFO - 0: [07/24/2026-19:14:41] [TRT-LLM] [RANK 0] [I] Start to load safetensor file /home/mlperf_inference_storage/models/deepseek-r1/fp4-quantized-modelopt/deepseek_r1-torch-fp4/model-00142-of-000163.safetensors
2026-07-24 19:14:41,054 - sflow.task.server_8 - INFO - 7:
2026-07-24 19:14:41,054 - sflow.task.server_8 - INFO - Loading safetensors weights in parallel:  50%|█████     | 82/163 [00:14<00:08, 10.03it/s]
2026-07-24 19:14:41,054 - sflow.task.server_8 - INFO - 0:
2026-07-24 19:14:41,054 - sflow.task.server_8 - INFO - Loading safetensors weights in parallel:  70%|██████▉   | 114/163 [00:19<00:05,  8.94it/s]
2026-07-24 19:14:41,054 - sflow.task.server_8 - INFO - 3:
2026-07-24 19:14:41,054 - sflow.task.server_8 - INFO - Loading safetensors weights in parallel:  71%|███████   | 115/163 [00:19<00:03, 12.47it/s]
2026-07-24 19:14:41,054 - sflow.task.server_8 - INFO - 0: [07/24/2026-19:14:41] [TRT-LLM] [RANK 0] [I] Start to load safetensor file /home/mlperf_inference_storage/models/deepseek-r1/fp4-quantized-modelopt/deepseek_r1-torch-fp4/model-00049-of-000163.safetensors
2026-07-24 19:14:41,054 - sflow.task.server_8 - INFO - 1:
2026-07-24 19:14:41,054 - sflow.task.server_8 - INFO - Loading safetensors weights in parallel:  72%|███████▏  | 117/163 [00:19<00:03, 12.29it/s]
2026-07-24 19:14:41,054 - sflow.task.server_8 - INFO - 4:
2026-07-24 19:14:41,054 - sflow.task.server_8 - INFO - Loading safetensors weights in parallel:  50%|█████     | 82/163 [00:14<00:09,  8.83it/s]
2026-07-24 19:14:41,054 - sflow.task.server_8 - INFO - 0: [07/24/2026-19:14:41] [TRT-LLM] [RANK 0] [I] Start to load safetensor file /home/mlperf_inference_storage/models/deepseek-r1/fp4-quantized-modelopt/deepseek_r1-torch-fp4/model-00062-of-000163.safetensors
2026-07-24 19:14:41,104 - sflow.task.server_8 - INFO - 2:
2026-07-24 19:14:41,104 - sflow.task.server_8 - INFO - Loading safetensors weights in parallel:  72%|███████▏  | 118/163 [00:19<00:03, 12.87it/s]
2026-07-24 19:14:41,156 - sflow.task.server_8 - INFO - 6:
2026-07-24 19:14:41,156 - sflow.task.server_8 - INFO - Loading safetensors weights in parallel:  53%|█████▎    | 86/163 [00:14<00:05, 12.87it/s]
2026-07-24 19:14:41,156 - sflow.task.server_8 - INFO - 7:
2026-07-24 19:14:41,156 - sflow.task.server_8 - INFO - Loading safetensors weights in parallel:  52%|█████▏    | 85/163 [00:14<00:06, 11.79it/s]
2026-07-24 19:14:41,156 - sflow.task.server_8 - INFO - 3:
2026-07-24 19:14:41,156 - sflow.task.server_8 - INFO - Loading safetensors weights in parallel:  74%|███████▎  | 120/163 [00:19<00:02, 19.02it/s]
2026-07-24 19:14:41,156 - sflow.task.server_8 - INFO - 5:
2026-07-24 19:14:41,156 - sflow.task.server_8 - INFO - Loading safetensors weights in parallel:  53%|█████▎    | 86/163 [00:14<00:06, 11.33it/s]
2026-07-24 19:14:41,207 - sflow.task.server_8 - INFO - 4:
2026-07-24 19:14:41,207 - sflow.task.server_8 - INFO - Loading safetensors weights in parallel:  54%|█████▍    | 88/163 [00:14<00:05, 14.62it/s]
2026-07-24 19:14:41,207 - sflow.task.server_8 - INFO - 0: [07/24/2026-19:14:41] [TRT-LLM] [RANK 0] [I] Start to load safetensor file /home/mlperf_inference_storage/models/deepseek-r1/fp4-quantized-modelopt/deepseek_r1-torch-fp4/model-00107-of-000163.safetensors
2026-07-24 19:14:41,207 - sflow.task.server_8 - INFO - 0:
2026-07-24 19:14:41,207 - sflow.task.server_8 - INFO - Loading safetensors weights in parallel:  72%|███████▏  | 117/163 [00:19<00:04, 10.74it/s]
2026-07-24 19:14:41,207 - sflow.task.server_8 - INFO - 0: [07/24/2026-19:14:41] [TRT-LLM] [RANK 0] [I] Start to load safetensor file /home/mlperf_inference_storage/models/deepseek-r1/fp4-quantized-modelopt/deepseek_r1-torch-fp4/model-00134-of-000163.safetensors
2026-07-24 19:14:41,207 - sflow.task.server_8 - INFO - 0: [07/24/2026-19:14:41] [TRT-LLM] [RANK 0] [I] Start to load safetensor file /home/mlperf_inference_storage/models/deepseek-r1/fp4-quantized-modelopt/deepseek_r1-torch-fp4/model-00105-of-000163.safetensors
2026-07-24 19:14:41,207 - sflow.task.server_8 - INFO - 1:
2026-07-24 19:14:41,207 - sflow.task.server_8 - INFO - Loading safetensors weights in parallel:  74%|███████▎  | 120/163 [00:19<00:03, 13.36it/s]
2026-07-24 19:14:41,207 - sflow.task.server_8 - INFO - 0: [07/24/2026-19:14:41] [TRT-LLM] [RANK 0] [I] Start to load safetensor file /home/mlperf_inference_storage/models/deepseek-r1/fp4-quantized-modelopt/deepseek_r1-torch-fp4/model-00162-of-000163.safetensors
2026-07-24 19:14:41,258 - sflow.task.server_8 - INFO - 6:
2026-07-24 19:14:41,258 - sflow.task.server_8 - INFO - Loading safetensors weights in parallel:  56%|█████▋    | 92/163 [00:14<00:03, 17.91it/s]
2026-07-24 19:14:41,310 - sflow.task.server_8 - INFO - 7:
2026-07-24 19:14:41,310 - sflow.task.server_8 - INFO - Loading safetensors weights in parallel:  56%|█████▌    | 91/163 [00:14<00:04, 17.00it/s]
2026-07-24 19:14:41,310 - sflow.task.server_8 - INFO - 2:
2026-07-24 19:14:41,310 - sflow.task.server_8 - INFO - Loading safetensors weights in parallel:  74%|███████▍  | 121/163 [00:19<00:03, 13.27it/s]
2026-07-24 19:14:41,310 - sflow.task.server_8 - INFO - 0: [07/24/2026-19:14:41] [TRT-LLM] [RANK 0] [I] Start to load safetensor file /home/mlperf_inference_storage/models/deepseek-r1/fp4-quantized-modelopt/deepseek_r1-torch-fp4/model-00149-of-000163.safetensors
2026-07-24 19:14:41,310 - sflow.task.server_8 - INFO - 3:
2026-07-24 19:14:41,310 - sflow.task.server_8 - INFO - Loading safetensors weights in parallel:  75%|███████▌  | 123/163 [00:19<00:02, 19.62it/s]
2026-07-24 19:14:41,310 - sflow.task.server_8 - INFO - 5:
2026-07-24 19:14:41,310 - sflow.task.server_8 - INFO - Loading safetensors weights in parallel:  55%|█████▌    | 90/163 [00:14<00:05, 14.42it/s]
2026-07-24 19:14:41,310 - sflow.task.server_8 - INFO - 0:
2026-07-24 19:14:41,310 - sflow.task.server_8 - INFO - Loading safetensors weights in parallel:  74%|███████▍  | 121/163 [00:19<00:02, 14.71it/s]
2026-07-24 19:14:41,310 - sflow.task.server_8 - INFO - 0: [07/24/2026-19:14:41] [TRT-LLM] [RANK 0] [I] Start to load safetensor file /home/mlperf_inference_storage/models/deepseek-r1/fp4-quantized-modelopt/deepseek_r1-torch-fp4/model-00009-of-000163.safetensors
2026-07-24 19:14:41,310 - sflow.task.server_8 - INFO - 0: [07/24/2026-19:14:41] [TRT-LLM] [RANK 0] [I] Start to load safetensor file /home/mlperf_inference_storage/models/deepseek-r1/fp4-quantized-modelopt/deepseek_r1-torch-fp4/model-00161-of-000163.safetensors
2026-07-24 19:14:41,362 - sflow.task.server_8 - INFO - 0: [07/24/2026-19:14:41] [TRT-LLM] [RANK 0] [I] Start to load safetensor file /home/mlperf_inference_storage/models/deepseek-r1/fp4-quantized-modelopt/deepseek_r1-torch-fp4/model-00143-of-000163.safetensors
2026-07-24 19:14:41,362 - sflow.task.server_8 - INFO - 1:
2026-07-24 19:14:41,362 - sflow.task.server_8 - INFO - Loading safetensors weights in parallel:  76%|███████▌  | 124/163 [00:19<00:02, 16.12it/s]
2026-07-24 19:14:41,413 - sflow.task.server_8 - INFO - 0: [07/24/2026-19:14:41] [TRT-LLM] [RANK 0] [I] Start to load safetensor file /home/mlperf_inference_storage/models/deepseek-r1/fp4-quantized-modelopt/deepseek_r1-torch-fp4/model-00030-of-000163.safetensors
2026-07-24 19:14:41,413 - sflow.task.server_8 - INFO - 0: [07/24/2026-19:14:41] [TRT-LLM] [RANK 0] [I] Start to load safetensor file /home/mlperf_inference_storage/models/deepseek-r1/fp4-quantized-modelopt/deepseek_r1-torch-fp4/model-00075-of-000163.safetensors
2026-07-24 19:14:41,413 - sflow.task.server_8 - INFO - 0:
2026-07-24 19:14:41,413 - sflow.task.server_8 - INFO - Loading safetensors weights in parallel:  77%|███████▋  | 125/163 [00:19<00:02, 18.13it/s]
2026-07-24 19:14:41,413 - sflow.task.server_8 - INFO - 3:
2026-07-24 19:14:41,413 - sflow.task.server_8 - INFO - Loading safetensors weights in parallel:  77%|███████▋  | 126/163 [00:19<00:01, 20.46it/s]
2026-07-24 19:14:41,464 - sflow.task.server_8 - INFO - 5:
2026-07-24 19:14:41,464 - sflow.task.server_8 - INFO - Loading safetensors weights in parallel:  57%|█████▋    | 93/163 [00:14<00:04, 15.60it/s]
2026-07-24 19:14:41,464 - sflow.task.server_8 - INFO - 7:
2026-07-24 19:14:41,464 - sflow.task.server_8 - INFO - Loading safetensors weights in parallel:  59%|█████▉    | 96/163 [00:14<00:03, 20.02it/s]
2026-07-24 19:14:41,464 - sflow.task.server_8 - INFO - 4:
2026-07-24 19:14:41,464 - sflow.task.server_8 - INFO - Loading safetensors weights in parallel:  56%|█████▌    | 91/163 [00:14<00:05, 13.64it/s]
2026-07-24 19:14:41,464 - sflow.task.server_8 - INFO - 0: [07/24/2026-19:14:41] [TRT-LLM] [RANK 0] [I] Start to load safetensor file /home/mlperf_inference_storage/models/deepseek-r1/fp4-quantized-modelopt/deepseek_r1-torch-fp4/model-00115-of-000163.safetensors
2026-07-24 19:14:41,464 - sflow.task.server_8 - INFO - 0: [07/24/2026-19:14:41] [TRT-LLM] [RANK 0] [I] Start to load safetensor file /home/mlperf_inference_storage/models/deepseek-r1/fp4-quantized-modelopt/deepseek_r1-torch-fp4/model-00058-of-000163.safetensors
2026-07-24 19:14:41,464 - sflow.task.server_8 - INFO - 6:
2026-07-24 19:14:41,464 - sflow.task.server_8 - INFO - Loading safetensors weights in parallel:  59%|█████▉    | 96/163 [00:14<00:03, 18.06it/s]
2026-07-24 19:14:41,464 - sflow.task.server_8 - INFO - 2:
2026-07-24 19:14:41,464 - sflow.task.server_8 - INFO - Loading safetensors weights in parallel:  76%|███████▌  | 124/163 [00:19<00:02, 13.78it/s]
2026-07-24 19:14:41,515 - sflow.task.server_8 - INFO - 0: [07/24/2026-19:14:41] [TRT-LLM] [RANK 0] [I] Start to load safetensor file /home/mlperf_inference_storage/models/deepseek-r1/fp4-quantized-modelopt/deepseek_r1-torch-fp4/model-00139-of-000163.safetensors
2026-07-24 19:14:41,566 - sflow.task.server_8 - INFO - 0: [07/24/2026-19:14:41] [TRT-LLM] [RANK 0] [I] Start to load safetensor file /home/mlperf_inference_storage/models/deepseek-r1/fp4-quantized-modelopt/deepseek_r1-torch-fp4/model-00072-of-000163.safetensors
2026-07-24 19:14:41,566 - sflow.task.server_8 - INFO - 0:
2026-07-24 19:14:41,566 - sflow.task.server_8 - INFO - Loading safetensors weights in parallel:  80%|███████▉  | 130/163 [00:19<00:01, 22.33it/s]
2026-07-24 19:14:41,669 - sflow.task.server_8 - INFO - 4:
2026-07-24 19:14:41,669 - sflow.task.server_8 - INFO - Loading safetensors weights in parallel:  58%|█████▊    | 94/163 [00:14<00:05, 13.67it/s]
2026-07-24 19:14:41,669 - sflow.task.server_8 - INFO - 2:
2026-07-24 19:14:41,669 - sflow.task.server_8 - INFO - Loading safetensors weights in parallel:  78%|███████▊  | 127/163 [00:19<00:02, 14.37it/s]
2026-07-24 19:14:41,720 - sflow.task.server_8 - INFO - 3:
2026-07-24 19:14:41,720 - sflow.task.server_8 - INFO - Loading safetensors weights in parallel:  79%|███████▉  | 129/163 [00:19<00:02, 16.26it/s]
2026-07-24 19:14:41,771 - sflow.task.server_8 - INFO - 1:
2026-07-24 19:14:41,771 - sflow.task.server_8 - INFO - Loading safetensors weights in parallel:  78%|███████▊  | 127/163 [00:19<00:02, 12.43it/s]
2026-07-24 19:14:41,822 - sflow.task.server_8 - INFO - 4:
2026-07-24 19:14:41,822 - sflow.task.server_8 - INFO - Loading safetensors weights in parallel:  59%|█████▉    | 96/163 [00:15<00:04, 14.03it/s]
2026-07-24 19:14:41,822 - sflow.task.server_8 - INFO - 5:
2026-07-24 19:14:41,822 - sflow.task.server_8 - INFO - Loading safetensors weights in parallel:  59%|█████▉    | 96/163 [00:15<00:05, 12.30it/s]
2026-07-24 19:14:42,026 - sflow.task.server_8 - INFO - 1:
2026-07-24 19:14:42,026 - sflow.task.server_8 - INFO - Loading safetensors weights in parallel:  79%|███████▉  | 129/163 [00:20<00:03, 10.87it/s]
2026-07-24 19:14:42,077 - sflow.task.server_8 - INFO - 6:
2026-07-24 19:14:42,077 - sflow.task.server_8 - INFO - Loading safetensors weights in parallel:  61%|██████    | 99/163 [00:15<00:05, 11.43it/s]
2026-07-24 19:14:42,128 - sflow.task.server_8 - INFO - 3:
2026-07-24 19:14:42,128 - sflow.task.server_8 - INFO - Loading safetensors weights in parallel:  80%|████████  | 131/163 [00:20<00:02, 10.67it/s]
2026-07-24 19:14:42,179 - sflow.task.server_8 - INFO - 0: [07/24/2026-19:14:42] [TRT-LLM] [RANK 0] [I] Start to load safetensor file /home/mlperf_inference_storage/models/deepseek-r1/fp4-quantized-modelopt/deepseek_r1-torch-fp4/model-00129-of-000163.safetensors
2026-07-24 19:14:42,179 - sflow.task.server_8 - INFO - 7:
2026-07-24 19:14:42,179 - sflow.task.server_8 - INFO - Loading safetensors weights in parallel:  61%|██████▏   | 100/163 [00:15<00:05, 11.34it/s]
2026-07-24 19:14:42,282 - sflow.task.server_8 - INFO - 1:
2026-07-24 19:14:42,282 - sflow.task.server_8 - INFO - Loading safetensors weights in parallel:  80%|████████  | 131/163 [00:20<00:03, 10.27it/s]
2026-07-24 19:14:42,282 - sflow.task.server_8 - INFO - 2:
2026-07-24 19:14:42,282 - sflow.task.server_8 - INFO - Loading safetensors weights in parallel:  80%|███████▉  | 130/163 [00:20<00:03,  9.24it/s]
2026-07-24 19:14:42,333 - sflow.task.server_8 - INFO - 0:
2026-07-24 19:14:42,333 - sflow.task.server_8 - INFO - Loading safetensors weights in parallel:  82%|████████▏ | 133/163 [00:20<00:02, 10.27it/s]
2026-07-24 19:14:42,333 - sflow.task.server_8 - INFO - 3:
2026-07-24 19:14:42,333 - sflow.task.server_8 - INFO - Loading safetensors weights in parallel:  82%|████████▏ | 133/163 [00:20<00:02, 10.06it/s]
2026-07-24 19:14:42,384 - sflow.task.server_8 - INFO - 5:
2026-07-24 19:14:42,384 - sflow.task.server_8 - INFO - Loading safetensors weights in parallel:  60%|██████    | 98/163 [00:15<00:07,  8.13it/s]
2026-07-24 19:14:42,536 - sflow.task.server_8 - INFO - 1:
2026-07-24 19:14:42,536 - sflow.task.server_8 - INFO - Loading safetensors weights in parallel:  82%|████████▏ | 133/163 [00:20<00:03,  9.56it/s]
2026-07-24 19:14:42,587 - sflow.task.server_8 - INFO - 2:
2026-07-24 19:14:42,587 - sflow.task.server_8 - INFO - Loading safetensors weights in parallel:  83%|████████▎ | 135/163 [00:20<00:02, 11.45it/s]
2026-07-24 19:14:42,587 - sflow.task.server_8 - INFO - 4:
2026-07-24 19:14:42,587 - sflow.task.server_8 - INFO - Loading safetensors weights in parallel:  60%|██████    | 98/163 [00:15<00:09,  6.93it/s]
2026-07-24 19:14:42,639 - sflow.task.server_8 - INFO - 5:
2026-07-24 19:14:42,639 - sflow.task.server_8 - INFO - Loading safetensors weights in parallel:  61%|██████▏   | 100/163 [00:15<00:07,  8.22it/s]
2026-07-24 19:14:42,639 - sflow.task.server_8 - INFO - 0:
2026-07-24 19:14:42,639 - sflow.task.server_8 - INFO - Loading safetensors weights in parallel:  83%|████████▎ | 136/163 [00:20<00:02,  9.97it/s]
2026-07-24 19:14:42,690 - sflow.task.server_8 - INFO - 1:
2026-07-24 19:14:42,690 - sflow.task.server_8 - INFO - Loading safetensors weights in parallel:  83%|████████▎ | 135/163 [00:20<00:02, 10.36it/s]
2026-07-24 19:14:42,690 - sflow.task.server_8 - INFO - 3:
2026-07-24 19:14:42,690 - sflow.task.server_8 - INFO - Loading safetensors weights in parallel:  83%|████████▎ | 135/163 [00:20<00:03,  8.60it/s]
2026-07-24 19:14:42,793 - sflow.task.server_8 - INFO - 1:
2026-07-24 19:14:42,793 - sflow.task.server_8 - INFO - Loading safetensors weights in parallel:  84%|████████▍ | 137/163 [00:21<00:02, 11.53it/s]
2026-07-24 19:14:42,895 - sflow.task.server_8 - INFO - 6:
2026-07-24 19:14:42,895 - sflow.task.server_8 - INFO - Loading safetensors weights in parallel:  63%|██████▎   | 102/163 [00:16<00:08,  7.52it/s]
2026-07-24 19:14:42,998 - sflow.task.server_8 - INFO - 4:
2026-07-24 19:14:42,998 - sflow.task.server_8 - INFO - Loading safetensors weights in parallel:  61%|██████▏   | 100/163 [00:16<00:09,  6.31it/s]
2026-07-24 19:14:43,049 - sflow.task.server_8 - INFO - 5:
2026-07-24 19:14:43,049 - sflow.task.server_8 - INFO - Loading safetensors weights in parallel:  63%|██████▎   | 102/163 [00:16<00:08,  6.85it/s]
2026-07-24 19:14:43,151 - sflow.task.server_8 - INFO - 4:
2026-07-24 19:14:43,151 - sflow.task.server_8 - INFO - Loading safetensors weights in parallel:  63%|██████▎   | 102/163 [00:16<00:08,  7.40it/s]
2026-07-24 19:14:43,303 - sflow.task.server_8 - INFO - 3:
2026-07-24 19:14:43,303 - sflow.task.server_8 - INFO - Loading safetensors weights in parallel:  84%|████████▍ | 137/163 [00:21<00:04,  5.91it/s]
2026-07-24 19:14:43,456 - sflow.task.server_8 - INFO - 5:
2026-07-24 19:14:43,456 - sflow.task.server_8 - INFO - Loading safetensors weights in parallel:  63%|██████▎   | 103/163 [00:16<00:10,  5.61it/s]
2026-07-24 19:14:43,607 - sflow.task.server_8 - INFO - 2:
2026-07-24 19:14:43,607 - sflow.task.server_8 - INFO - Loading safetensors weights in parallel:  84%|████████▍ | 137/163 [00:21<00:04,  5.91it/s]
2026-07-24 19:14:43,760 - sflow.task.server_8 - INFO - 6:
2026-07-24 19:14:43,760 - sflow.task.server_8 - INFO - Loading safetensors weights in parallel:  64%|██████▍   | 104/163 [00:17<00:11,  5.32it/s]
2026-07-24 19:14:43,811 - sflow.task.server_8 - INFO - 7:
2026-07-24 19:14:43,812 - sflow.task.server_8 - INFO - Loading safetensors weights in parallel:  63%|██████▎   | 103/163 [00:17<00:11,  5.24it/s]
2026-07-24 19:14:43,863 - sflow.task.server_8 - INFO - 4:
2026-07-24 19:14:43,863 - sflow.task.server_8 - INFO - Loading safetensors weights in parallel:  64%|██████▍   | 104/163 [00:17<00:11,  5.03it/s]
2026-07-24 19:14:44,066 - sflow.task.server_8 - INFO - 2:
2026-07-24 19:14:44,066 - sflow.task.server_8 - INFO - Loading safetensors weights in parallel:  85%|████████▌ | 139/163 [00:22<00:04,  5.41it/s]
2026-07-24 19:14:44,066 - sflow.task.server_8 - INFO - 0:
2026-07-24 19:14:44,066 - sflow.task.server_8 - INFO - Loading safetensors weights in parallel:  85%|████████▍ | 138/163 [00:22<00:05,  4.51it/s]
2026-07-24 19:14:44,118 - sflow.task.server_8 - INFO - 3:
2026-07-24 19:14:44,118 - sflow.task.server_8 - INFO - Loading safetensors weights in parallel:  85%|████████▍ | 138/163 [00:22<00:06,  3.70it/s]
2026-07-24 19:14:44,118 - sflow.task.server_8 - INFO - 5:
2026-07-24 19:14:44,118 - sflow.task.server_8 - INFO - Loading safetensors weights in parallel:  64%|██████▍   | 105/163 [00:17<00:13,  4.34it/s]
2026-07-24 19:14:44,372 - sflow.task.server_8 - INFO - 5:
2026-07-24 19:14:44,372 - sflow.task.server_8 - INFO - Loading safetensors weights in parallel:  65%|██████▌   | 106/163 [00:17<00:13,  4.25it/s]
2026-07-24 19:14:44,423 - sflow.task.server_8 - INFO - 4:
2026-07-24 19:14:44,423 - sflow.task.server_8 - INFO - Loading safetensors weights in parallel:  64%|██████▍   | 105/163 [00:17<00:14,  3.96it/s]
2026-07-24 19:14:44,423 - sflow.task.server_8 - INFO - 3:
2026-07-24 19:14:44,423 - sflow.task.server_8 - INFO - Loading safetensors weights in parallel:  86%|████████▌ | 140/163 [00:22<00:05,  4.20it/s]
2026-07-24 19:14:44,475 - sflow.task.server_8 - INFO - 1:
2026-07-24 19:14:44,475 - sflow.task.server_8 - INFO - Loading safetensors weights in parallel:  85%|████████▌ | 139/163 [00:22<00:07,  3.37it/s]
2026-07-24 19:14:44,475 - sflow.task.server_8 - INFO - 2:
2026-07-24 19:14:44,475 - sflow.task.server_8 - INFO - Loading safetensors weights in parallel:  86%|████████▌ | 140/163 [00:22<00:04,  4.66it/s]
2026-07-24 19:14:44,475 - sflow.task.server_8 - INFO - 7:
2026-07-24 19:14:44,475 - sflow.task.server_8 - INFO - Loading safetensors weights in parallel:  64%|██████▍   | 105/163 [00:17<00:12,  4.62it/s]
2026-07-24 19:14:44,526 - sflow.task.server_8 - INFO - 6:
2026-07-24 19:14:44,526 - sflow.task.server_8 - INFO - Loading safetensors weights in parallel:  65%|██████▌   | 106/163 [00:17<00:13,  4.37it/s]
2026-07-24 19:14:44,526 - sflow.task.server_8 - INFO - 4:
2026-07-24 19:14:44,526 - sflow.task.server_8 - INFO - Loading safetensors weights in parallel:  65%|██████▌   | 106/163 [00:17<00:12,  4.45it/s]
2026-07-24 19:14:44,526 - sflow.task.server_8 - INFO - 5:
2026-07-24 19:14:44,526 - sflow.task.server_8 - INFO - Loading safetensors weights in parallel:  66%|██████▌   | 107/163 [00:17<00:12,  4.62it/s]
2026-07-24 19:14:44,577 - sflow.task.server_8 - INFO - 3:
2026-07-24 19:14:44,578 - sflow.task.server_8 - INFO - Loading safetensors weights in parallel:  87%|████████▋ | 141/163 [00:22<00:04,  4.61it/s]
2026-07-24 19:14:44,578 - sflow.task.server_8 - INFO - 0:
2026-07-24 19:14:44,578 - sflow.task.server_8 - INFO - Loading safetensors weights in parallel:  86%|████████▌ | 140/163 [00:22<00:05,  4.41it/s]
2026-07-24 19:14:44,578 - sflow.task.server_8 - INFO - 1:
2026-07-24 19:14:44,578 - sflow.task.server_8 - INFO - Loading safetensors weights in parallel:  87%|████████▋ | 142/163 [00:22<00:04,  4.95it/s]
2026-07-24 19:14:44,629 - sflow.task.server_8 - INFO - 7:
2026-07-24 19:14:44,629 - sflow.task.server_8 - INFO - Loading safetensors weights in parallel:  66%|██████▌   | 107/163 [00:17<00:10,  5.43it/s]
2026-07-24 19:14:44,629 - sflow.task.server_8 - INFO - 6:
2026-07-24 19:14:44,629 - sflow.task.server_8 - INFO - Loading safetensors weights in parallel:  66%|██████▌   | 107/163 [00:17<00:12,  4.57it/s]
2026-07-24 19:14:44,680 - sflow.task.server_8 - INFO - 5:
2026-07-24 19:14:44,680 - sflow.task.server_8 - INFO - Loading safetensors weights in parallel:  67%|██████▋   | 109/163 [00:17<00:08,  6.24it/s]
2026-07-24 19:14:44,680 - sflow.task.server_8 - INFO - 4:
2026-07-24 19:14:44,680 - sflow.task.server_8 - INFO - Loading safetensors weights in parallel:  67%|██████▋   | 110/163 [00:17<00:06,  7.70it/s]
2026-07-24 19:14:44,680 - sflow.task.server_8 - INFO - 0:
2026-07-24 19:14:44,680 - sflow.task.server_8 - INFO - Loading safetensors weights in parallel:  87%|████████▋ | 142/163 [00:22<00:03,  5.36it/s]
2026-07-24 19:14:44,680 - sflow.task.server_8 - INFO - 2:
2026-07-24 19:14:44,680 - sflow.task.server_8 - INFO - Loading safetensors weights in parallel:  87%|████████▋ | 142/163 [00:22<00:03,  5.42it/s]
2026-07-24 19:14:44,680 - sflow.task.server_8 - INFO - 3:
2026-07-24 19:14:44,680 - sflow.task.server_8 - INFO - Loading safetensors weights in parallel:  87%|████████▋ | 142/163 [00:22<00:04,  5.02it/s]
2026-07-24 19:14:44,731 - sflow.task.server_8 - INFO - 1:
2026-07-24 19:14:44,731 - sflow.task.server_8 - INFO - Loading safetensors weights in parallel:  90%|████████▉ | 146/163 [00:22<00:02,  7.72it/s]
2026-07-24 19:14:44,782 - sflow.task.server_8 - INFO - 6:
2026-07-24 19:14:44,782 - sflow.task.server_8 - INFO - Loading safetensors weights in parallel:  67%|██████▋   | 109/163 [00:18<00:09,  5.67it/s]
2026-07-24 19:14:44,782 - sflow.task.server_8 - INFO - 5:
2026-07-24 19:14:44,782 - sflow.task.server_8 - INFO - Loading safetensors weights in parallel:  69%|██████▉   | 113/163 [00:18<00:04, 10.67it/s]
2026-07-24 19:14:44,782 - sflow.task.server_8 - INFO - 4:
2026-07-24 19:14:44,782 - sflow.task.server_8 - INFO - Loading safetensors weights in parallel:  69%|██████▉   | 113/163 [00:18<00:04, 10.36it/s]
2026-07-24 19:14:44,782 - sflow.task.server_8 - INFO - 7:
2026-07-24 19:14:44,782 - sflow.task.server_8 - INFO - Loading safetensors weights in parallel:  67%|██████▋   | 109/163 [00:18<00:08,  6.13it/s]
2026-07-24 19:14:44,833 - sflow.task.server_8 - INFO - 3:
2026-07-24 19:14:44,833 - sflow.task.server_8 - INFO - Loading safetensors weights in parallel:  91%|█████████▏| 149/163 [00:23<00:01, 13.32it/s]
2026-07-24 19:14:44,833 - sflow.task.server_8 - INFO - 2:
2026-07-24 19:14:44,833 - sflow.task.server_8 - INFO - Loading safetensors weights in parallel:  91%|█████████ | 148/163 [00:23<00:01, 10.36it/s]
2026-07-24 19:14:44,833 - sflow.task.server_8 - INFO - 0:
2026-07-24 19:14:44,833 - sflow.task.server_8 - INFO - Loading safetensors weights in parallel:  90%|█████████ | 147/163 [00:23<00:01,  8.82it/s]
2026-07-24 19:14:44,833 - sflow.task.server_8 - INFO - 1:
2026-07-24 19:14:44,833 - sflow.task.server_8 - INFO - Loading safetensors weights in parallel:  93%|█████████▎| 152/163 [00:23<00:00, 12.75it/s]
2026-07-24 19:14:44,885 - sflow.task.server_8 - INFO - 6:
2026-07-24 19:14:44,885 - sflow.task.server_8 - INFO - Loading safetensors weights in parallel:  69%|██████▊   | 112/163 [00:18<00:06,  7.97it/s]
2026-07-24 19:14:44,885 - sflow.task.server_8 - INFO - 7:
2026-07-24 19:14:44,885 - sflow.task.server_8 - INFO - Loading safetensors weights in parallel:  69%|██████▊   | 112/163 [00:18<00:06,  8.19it/s]
2026-07-24 19:14:44,885 - sflow.task.server_8 - INFO - 3:
2026-07-24 19:14:44,885 - sflow.task.server_8 - INFO - Loading safetensors weights in parallel:  94%|█████████▍| 154/163 [00:23<00:00, 18.99it/s]
2026-07-24 19:14:44,936 - sflow.task.server_8 - INFO - 5:
2026-07-24 19:14:44,936 - sflow.task.server_8 - INFO - Loading safetensors weights in parallel:  71%|███████   | 116/163 [00:18<00:03, 13.18it/s]
2026-07-24 19:14:44,936 - sflow.task.server_8 - INFO - 2:
2026-07-24 19:14:44,936 - sflow.task.server_8 - INFO - Loading safetensors weights in parallel:  96%|█████████▋| 157/163 [00:23<00:00, 19.52it/s]
2026-07-24 19:14:44,936 - sflow.task.server_8 - INFO - 1:
2026-07-24 19:14:44,936 - sflow.task.server_8 - INFO - Loading safetensors weights in parallel:  97%|█████████▋| 158/163 [00:23<00:00, 18.59it/s]
2026-07-24 19:14:44,936 - sflow.task.server_8 - INFO - 0:
2026-07-24 19:14:44,936 - sflow.task.server_8 - INFO - Loading safetensors weights in parallel:  94%|█████████▍| 154/163 [00:23<00:00, 14.95it/s]
2026-07-24 19:14:44,988 - sflow.task.server_8 - INFO - 3:
2026-07-24 19:14:44,988 - sflow.task.server_8 - INFO - Loading safetensors weights in parallel: 100%|██████████| 163/163 [00:23<00:00, 31.80it/s]
2026-07-24 19:14:45,039 - sflow.task.server_8 - INFO - 0:
2026-07-24 19:14:45,040 - sflow.task.server_8 - INFO - Loading safetensors weights in parallel: 100%|██████████| 163/163 [00:23<00:00,  7.01it/s]
2026-07-24 19:14:45,040 - sflow.task.server_8 - INFO - 3:
2026-07-24 19:14:45,040 - sflow.task.server_8 - INFO - Loading safetensors weights in parallel: 100%|██████████| 163/163 [00:23<00:00,  7.01it/s]
2026-07-24 19:14:45,040 - sflow.task.server_8 - INFO - 0:
2026-07-24 19:14:45,040 - sflow.task.server_8 - INFO - Loading weights:   0%|          | 0/1458 [00:00<?, ?it/s]
2026-07-24 19:14:45,040 - sflow.task.server_8 - INFO - 3:
2026-07-24 19:14:45,040 - sflow.task.server_8 - INFO - Loading weights:   0%|          | 0/1458 [00:00<?, ?it/s]
2026-07-24 19:14:45,040 - sflow.task.server_8 - INFO - 2:
2026-07-24 19:14:45,040 - sflow.task.server_8 - INFO - Loading safetensors weights in parallel: 100%|██████████| 163/163 [00:23<00:00,  7.01it/s]
2026-07-24 19:14:45,040 - sflow.task.server_8 - INFO - 2:
2026-07-24 19:14:45,040 - sflow.task.server_8 - INFO - Loading weights:   0%|          | 0/1458 [00:00<?, ?it/s]
2026-07-24 19:14:45,040 - sflow.task.server_8 - INFO - 1:
2026-07-24 19:14:45,040 - sflow.task.server_8 - INFO - Loading safetensors weights in parallel: 100%|██████████| 163/163 [00:23<00:00,  7.01it/s]
2026-07-24 19:14:45,040 - sflow.task.server_8 - INFO - 1:
2026-07-24 19:14:45,040 - sflow.task.server_8 - INFO - Loading weights:   0%|          | 0/1458 [00:00<?, ?it/s]
2026-07-24 19:14:45,040 - sflow.task.server_8 - INFO - 7:
2026-07-24 19:14:45,040 - sflow.task.server_8 - INFO - Loading safetensors weights in parallel:  72%|███████▏  | 118/163 [00:18<00:03, 13.55it/s]
2026-07-24 19:14:45,040 - sflow.task.server_8 - INFO - 6:
2026-07-24 19:14:45,040 - sflow.task.server_8 - INFO - Loading safetensors weights in parallel:  71%|███████   | 115/163 [00:18<00:04, 10.16it/s]
2026-07-24 19:14:45,142 - sflow.task.server_8 - INFO - 4:
2026-07-24 19:14:45,142 - sflow.task.server_8 - INFO - Loading safetensors weights in parallel:  71%|███████   | 116/163 [00:18<00:04,  9.84it/s]
2026-07-24 19:14:45,142 - sflow.task.server_8 - INFO - 6:
2026-07-24 19:14:45,142 - sflow.task.server_8 - INFO - Loading safetensors weights in parallel:  74%|███████▎  | 120/163 [00:18<00:02, 15.61it/s]
2026-07-24 19:14:45,193 - sflow.task.server_8 - INFO - 7:
2026-07-24 19:14:45,193 - sflow.task.server_8 - INFO - Loading safetensors weights in parallel:  75%|███████▍  | 122/163 [00:18<00:02, 16.10it/s]
2026-07-24 19:14:45,193 - sflow.task.server_8 - INFO - 5:
2026-07-24 19:14:45,193 - sflow.task.server_8 - INFO - Loading safetensors weights in parallel:  72%|███████▏  | 118/163 [00:18<00:04, 10.77it/s]
2026-07-24 19:14:45,244 - sflow.task.server_8 - INFO - 4:
2026-07-24 19:14:45,245 - sflow.task.server_8 - INFO - Loading safetensors weights in parallel:  75%|███████▍  | 122/163 [00:18<00:02, 16.08it/s]
2026-07-24 19:14:45,245 - sflow.task.server_8 - INFO - 6:
2026-07-24 19:14:45,245 - sflow.task.server_8 - INFO - Loading safetensors weights in parallel:  76%|███████▌  | 124/163 [00:18<00:01, 19.68it/s]
2026-07-24 19:14:45,296 - sflow.task.server_8 - INFO - 7:
2026-07-24 19:14:45,296 - sflow.task.server_8 - INFO - Loading safetensors weights in parallel:  77%|███████▋  | 125/163 [00:18<00:02, 17.98it/s]
2026-07-24 19:14:45,296 - sflow.task.server_8 - INFO - 5:
2026-07-24 19:14:45,296 - sflow.task.server_8 - INFO - Loading safetensors weights in parallel:  74%|███████▎  | 120/163 [00:18<00:03, 11.83it/s]
2026-07-24 19:14:45,755 - sflow.task.server_8 - INFO - 7:
2026-07-24 19:14:45,755 - sflow.task.server_8 - INFO - Loading safetensors weights in parallel:  79%|███████▊  | 128/163 [00:19<00:02, 11.95it/s]
2026-07-24 19:14:45,807 - sflow.task.server_8 - INFO - 6:
2026-07-24 19:14:45,807 - sflow.task.server_8 - INFO - Loading safetensors weights in parallel:  79%|███████▊  | 128/163 [00:19<00:02, 12.62it/s]
2026-07-24 19:14:45,858 - sflow.task.server_8 - INFO - 5:
2026-07-24 19:14:45,858 - sflow.task.server_8 - INFO - Loading safetensors weights in parallel:  75%|███████▍  | 122/163 [00:19<00:05,  7.33it/s]
2026-07-24 19:14:46,062 - sflow.task.server_8 - INFO - 5:
2026-07-24 19:14:46,062 - sflow.task.server_8 - INFO - Loading safetensors weights in parallel:  78%|███████▊  | 127/163 [00:19<00:03, 11.63it/s]
2026-07-24 19:14:46,215 - sflow.task.server_8 - INFO - 4:
2026-07-24 19:14:46,215 - sflow.task.server_8 - INFO - Loading safetensors weights in parallel:  77%|███████▋  | 125/163 [00:19<00:04,  7.78it/s]
2026-07-24 19:14:46,316 - sflow.task.server_8 - INFO - 6:
2026-07-24 19:14:46,316 - sflow.task.server_8 - INFO - Loading safetensors weights in parallel:  80%|████████  | 131/163 [00:19<00:03,  9.64it/s]
2026-07-24 19:14:46,469 - sflow.task.server_8 - INFO - 4:
2026-07-24 19:14:46,469 - sflow.task.server_8 - INFO - Loading safetensors weights in parallel:  79%|███████▊  | 128/163 [00:19<00:04,  8.52it/s]
2026-07-24 19:14:46,469 - sflow.task.server_8 - INFO - 7:
2026-07-24 19:14:46,469 - sflow.task.server_8 - INFO - Loading safetensors weights in parallel:  80%|████████  | 131/163 [00:19<00:03,  8.02it/s]
2026-07-24 19:14:46,571 - sflow.task.server_8 - INFO - 6:
2026-07-24 19:14:46,571 - sflow.task.server_8 - INFO - Loading safetensors weights in parallel:  82%|████████▏ | 133/163 [00:19<00:03,  9.41it/s]
2026-07-24 19:14:46,674 - sflow.task.server_8 - INFO - 4:
2026-07-24 19:14:46,674 - sflow.task.server_8 - INFO - Loading safetensors weights in parallel:  80%|███████▉  | 130/163 [00:19<00:03,  8.68it/s]
2026-07-24 19:14:46,674 - sflow.task.server_8 - INFO - 5:
2026-07-24 19:14:46,674 - sflow.task.server_8 - INFO - Loading safetensors weights in parallel:  79%|███████▉  | 129/163 [00:19<00:04,  7.28it/s]
2026-07-24 19:14:46,777 - sflow.task.server_8 - INFO - 1:
2026-07-24 19:14:46,777 - sflow.task.server_8 - INFO - Loading weights:   0%|          | 3/1458 [00:01<14:15,  1.70it/s]
2026-07-24 19:14:46,777 - sflow.task.server_8 - INFO - 0:
2026-07-24 19:14:46,777 - sflow.task.server_8 - INFO - Loading weights:   0%|          | 3/1458 [00:01<14:23,  1.68it/s]
2026-07-24 19:14:46,777 - sflow.task.server_8 - INFO - 2:
2026-07-24 19:14:46,777 - sflow.task.server_8 - INFO - Loading weights:   0%|          | 3/1458 [00:01<14:22,  1.69it/s]
2026-07-24 19:14:46,777 - sflow.task.server_8 - INFO - 3:
2026-07-24 19:14:46,777 - sflow.task.server_8 - INFO - Loading weights:   0%|          | 3/1458 [00:01<14:23,  1.68it/s]
2026-07-24 19:14:46,777 - sflow.task.server_8 - INFO - 5:
2026-07-24 19:14:46,777 - sflow.task.server_8 - INFO - Loading safetensors weights in parallel:  80%|████████  | 131/163 [00:20<00:03,  8.41it/s]
2026-07-24 19:14:46,879 - sflow.task.server_8 - INFO - 4:
2026-07-24 19:14:46,879 - sflow.task.server_8 - INFO - Loading safetensors weights in parallel:  81%|████████  | 132/163 [00:20<00:03,  8.86it/s]
2026-07-24 19:14:46,930 - sflow.task.server_8 - INFO - 7:
2026-07-24 19:14:46,930 - sflow.task.server_8 - INFO - Loading safetensors weights in parallel:  83%|████████▎ | 135/163 [00:20<00:03,  8.37it/s]
2026-07-24 19:14:46,930 - sflow.task.server_8 - INFO - 1:
2026-07-24 19:14:46,930 - sflow.task.server_8 - INFO - Loading weights:   1%|          | 11/1458 [00:01<03:14,  7.45it/s]
2026-07-24 19:14:46,930 - sflow.task.server_8 - INFO - 0:
2026-07-24 19:14:46,930 - sflow.task.server_8 - INFO - Loading weights:   1%|          | 11/1458 [00:01<03:14,  7.42it/s]
2026-07-24 19:14:46,930 - sflow.task.server_8 - INFO - 2:
2026-07-24 19:14:46,931 - sflow.task.server_8 - INFO - Loading weights:   1%|          | 11/1458 [00:01<03:14,  7.43it/s]
2026-07-24 19:14:46,931 - sflow.task.server_8 - INFO - 3:
2026-07-24 19:14:46,931 - sflow.task.server_8 - INFO - Loading weights:   1%|          | 11/1458 [00:01<03:14,  7.42it/s]
2026-07-24 19:14:46,931 - sflow.task.server_8 - INFO - 5:
2026-07-24 19:14:46,931 - sflow.task.server_8 - INFO - Loading safetensors weights in parallel:  82%|████████▏ | 133/163 [00:20<00:03,  9.46it/s]
2026-07-24 19:14:46,931 - sflow.task.server_8 - INFO - 6:
2026-07-24 19:14:46,931 - sflow.task.server_8 - INFO - Loading safetensors weights in parallel:  83%|████████▎ | 135/163 [00:20<00:03,  8.01it/s]
2026-07-24 19:14:47,083 - sflow.task.server_8 - INFO - 0:
2026-07-24 19:14:47,083 - sflow.task.server_8 - INFO - Loading weights:   1%|          | 16/1458 [00:02<02:11, 10.99it/s]
2026-07-24 19:14:47,083 - sflow.task.server_8 - INFO - 3:
2026-07-24 19:14:47,083 - sflow.task.server_8 - INFO - Loading weights:   1%|          | 16/1458 [00:02<02:11, 10.98it/s]
2026-07-24 19:14:47,083 - sflow.task.server_8 - INFO - 2:
2026-07-24 19:14:47,083 - sflow.task.server_8 - INFO - Loading weights:   1%|          | 16/1458 [00:02<02:11, 10.99it/s]
2026-07-24 19:14:47,083 - sflow.task.server_8 - INFO - 1:
2026-07-24 19:14:47,083 - sflow.task.server_8 - INFO - Loading weights:   1%|          | 16/1458 [00:02<02:10, 11.01it/s]
2026-07-24 19:14:47,135 - sflow.task.server_8 - INFO - 7:
2026-07-24 19:14:47,135 - sflow.task.server_8 - INFO - Loading safetensors weights in parallel:  84%|████████▍ | 137/163 [00:20<00:03,  8.33it/s]
2026-07-24 19:14:47,135 - sflow.task.server_8 - INFO - 6:
2026-07-24 19:14:47,135 - sflow.task.server_8 - INFO - Loading safetensors weights in parallel:  84%|████████▍ | 137/163 [00:20<00:03,  8.24it/s]
2026-07-24 19:14:47,186 - sflow.task.server_8 - INFO - 5:
2026-07-24 19:14:47,186 - sflow.task.server_8 - INFO - Loading safetensors weights in parallel:  83%|████████▎ | 136/163 [00:20<00:02, 10.27it/s]
2026-07-24 19:14:47,289 - sflow.task.server_8 - INFO - 0:
2026-07-24 19:14:47,289 - sflow.task.server_8 - INFO - Loading weights:   1%|▏         | 20/1458 [00:02<01:55, 12.44it/s]
2026-07-24 19:14:47,289 - sflow.task.server_8 - INFO - 2:
2026-07-24 19:14:47,289 - sflow.task.server_8 - INFO - Loading weights:   1%|▏         | 20/1458 [00:02<01:55, 12.45it/s]
2026-07-24 19:14:47,289 - sflow.task.server_8 - INFO - 3:
2026-07-24 19:14:47,289 - sflow.task.server_8 - INFO - Loading weights:   1%|▏         | 20/1458 [00:02<01:55, 12.45it/s]
2026-07-24 19:14:47,289 - sflow.task.server_8 - INFO - 1:
2026-07-24 19:14:47,289 - sflow.task.server_8 - INFO - Loading weights:   1%|▏         | 20/1458 [00:02<01:55, 12.47it/s]
2026-07-24 19:14:47,341 - sflow.task.server_8 - INFO - 4:
2026-07-24 19:14:47,341 - sflow.task.server_8 - INFO - Loading safetensors weights in parallel:  82%|████████▏ | 134/163 [00:20<00:04,  7.06it/s]
2026-07-24 19:14:47,392 - sflow.task.server_8 - INFO - 0:
2026-07-24 19:14:47,392 - sflow.task.server_8 - INFO - Loading weights:   2%|▏         | 29/1458 [00:02<01:04, 22.10it/s]
2026-07-24 19:14:47,393 - sflow.task.server_8 - INFO - 2:
2026-07-24 19:14:47,393 - sflow.task.server_8 - INFO - Loading weights:   2%|▏         | 29/1458 [00:02<01:04, 22.12it/s]
2026-07-24 19:14:47,393 - sflow.task.server_8 - INFO - 3:
2026-07-24 19:14:47,393 - sflow.task.server_8 - INFO - Loading weights:   2%|▏         | 29/1458 [00:02<01:04, 22.10it/s]
2026-07-24 19:14:47,444 - sflow.task.server_8 - INFO - 1:
2026-07-24 19:14:47,444 - sflow.task.server_8 - INFO - Loading weights:   2%|▏         | 30/1458 [00:02<01:06, 21.59it/s]
2026-07-24 19:14:47,444 - sflow.task.server_8 - INFO - 4:
2026-07-24 19:14:47,444 - sflow.task.server_8 - INFO - Loading safetensors weights in parallel:  84%|████████▍ | 137/163 [00:20<00:02,  9.37it/s]
2026-07-24 19:14:47,546 - sflow.task.server_8 - INFO - 5:
2026-07-24 19:14:47,546 - sflow.task.server_8 - INFO - Loading safetensors weights in parallel:  85%|████████▍ | 138/163 [00:20<00:03,  8.20it/s]
2026-07-24 19:14:47,597 - sflow.task.server_8 - INFO - 0:
2026-07-24 19:14:47,598 - sflow.task.server_8 - INFO - Loading weights:   2%|▏         | 35/1458 [00:02<00:59, 23.76it/s]
2026-07-24 19:14:47,598 - sflow.task.server_8 - INFO - 2:
2026-07-24 19:14:47,598 - sflow.task.server_8 - INFO - Loading weights:   2%|▏         | 35/1458 [00:02<00:59, 23.78it/s]
2026-07-24 19:14:47,598 - sflow.task.server_8 - INFO - 3:
2026-07-24 19:14:47,598 - sflow.task.server_8 - INFO - Loading weights:   2%|▏         | 35/1458 [00:02<00:59, 23.77it/s]
2026-07-24 19:14:47,598 - sflow.task.server_8 - INFO - 1:
2026-07-24 19:14:47,598 - sflow.task.server_8 - INFO - Loading weights:   2%|▏         | 35/1458 [00:02<00:59, 24.04it/s]
2026-07-24 19:14:47,750 - sflow.task.server_8 - INFO - 6:
2026-07-24 19:14:47,750 - sflow.task.server_8 - INFO - Loading safetensors weights in parallel:  85%|████████▌ | 139/163 [00:21<00:03,  6.00it/s]
2026-07-24 19:14:47,853 - sflow.task.server_8 - INFO - 0:
2026-07-24 19:14:47,853 - sflow.task.server_8 - INFO - Loading weights:   3%|▎         | 40/1458 [00:02<01:03, 22.43it/s]
2026-07-24 19:14:47,853 - sflow.task.server_8 - INFO - 2:
2026-07-24 19:14:47,853 - sflow.task.server_8 - INFO - Loading weights:   3%|▎         | 40/1458 [00:02<01:03, 22.44it/s]
2026-07-24 19:14:47,853 - sflow.task.server_8 - INFO - 3:
2026-07-24 19:14:47,853 - sflow.task.server_8 - INFO - Loading weights:   3%|▎         | 40/1458 [00:02<01:03, 22.43it/s]
2026-07-24 19:14:47,853 - sflow.task.server_8 - INFO - 1:
2026-07-24 19:14:47,853 - sflow.task.server_8 - INFO - Loading weights:   3%|▎         | 39/1458 [00:02<01:06, 21.31it/s]
2026-07-24 19:14:47,954 - sflow.task.server_8 - INFO - 2:
2026-07-24 19:14:47,955 - sflow.task.server_8 - INFO - Loading weights:   3%|▎         | 48/1458 [00:02<00:45, 31.12it/s]
2026-07-24 19:14:47,955 - sflow.task.server_8 - INFO - 3:
2026-07-24 19:14:47,955 - sflow.task.server_8 - INFO - Loading weights:   3%|▎         | 48/1458 [00:02<00:45, 31.10it/s]
2026-07-24 19:14:47,955 - sflow.task.server_8 - INFO - 0:
2026-07-24 19:14:47,955 - sflow.task.server_8 - INFO - Loading weights:   3%|▎         | 48/1458 [00:02<00:45, 31.07it/s]
2026-07-24 19:14:47,955 - sflow.task.server_8 - INFO - 7:
2026-07-24 19:14:47,955 - sflow.task.server_8 - INFO - Loading safetensors weights in parallel:  85%|████████▌ | 139/163 [00:21<00:04,  5.43it/s]
2026-07-24 19:14:48,006 - sflow.task.server_8 - INFO - 1:
2026-07-24 19:14:48,006 - sflow.task.server_8 - INFO - Loading weights:   3%|▎         | 49/1458 [00:02<00:46, 30.49it/s]
2026-07-24 19:14:48,057 - sflow.task.server_8 - INFO - 2:
2026-07-24 19:14:48,057 - sflow.task.server_8 - INFO - Loading weights:   4%|▎         | 53/1458 [00:03<00:41, 33.96it/s]
2026-07-24 19:14:48,057 - sflow.task.server_8 - INFO - 3:
2026-07-24 19:14:48,057 - sflow.task.server_8 - INFO - Loading weights:   4%|▎         | 53/1458 [00:03<00:41, 33.94it/s]
2026-07-24 19:14:48,057 - sflow.task.server_8 - INFO - 0:
2026-07-24 19:14:48,057 - sflow.task.server_8 - INFO - Loading weights:   4%|▎         | 53/1458 [00:03<00:41, 33.88it/s]
2026-07-24 19:14:48,159 - sflow.task.server_8 - INFO - 1:
2026-07-24 19:14:48,159 - sflow.task.server_8 - INFO - Loading weights:   4%|▎         | 54/1458 [00:03<00:44, 31.90it/s]
2026-07-24 19:14:48,211 - sflow.task.server_8 - INFO - 5:
2026-07-24 19:14:48,211 - sflow.task.server_8 - INFO - Loading safetensors weights in parallel:  86%|████████▌ | 140/163 [00:21<00:03,  5.78it/s]
2026-07-24 19:14:48,211 - sflow.task.server_8 - INFO - 4:
2026-07-24 19:14:48,211 - sflow.task.server_8 - INFO - Loading safetensors weights in parallel:  85%|████████▌ | 139/163 [00:21<00:04,  5.78it/s]
2026-07-24 19:14:48,211 - sflow.task.server_8 - INFO - 6:
2026-07-24 19:14:48,211 - sflow.task.server_8 - INFO - Loading safetensors weights in parallel:  86%|████████▌ | 140/163 [00:21<00:04,  4.65it/s]
2026-07-24 19:14:48,364 - sflow.task.server_8 - INFO - 4:
2026-07-24 19:14:48,364 - sflow.task.server_8 - INFO - Loading safetensors weights in parallel:  87%|████████▋ | 141/163 [00:21<00:03,  6.80it/s]
2026-07-24 19:14:48,364 - sflow.task.server_8 - INFO - 5:
2026-07-24 19:14:48,364 - sflow.task.server_8 - INFO - Loading safetensors weights in parallel:  87%|████████▋ | 141/163 [00:21<00:03,  5.75it/s]
2026-07-24 19:14:48,416 - sflow.task.server_8 - INFO - 0:
2026-07-24 19:14:48,416 - sflow.task.server_8 - INFO - Loading weights:   4%|▍         | 58/1458 [00:03<00:54, 25.50it/s]
2026-07-24 19:14:48,416 - sflow.task.server_8 - INFO - 2:
2026-07-24 19:14:48,416 - sflow.task.server_8 - INFO - Loading weights:   4%|▍         | 58/1458 [00:03<00:54, 25.49it/s]
2026-07-24 19:14:48,416 - sflow.task.server_8 - INFO - 3:
2026-07-24 19:14:48,416 - sflow.task.server_8 - INFO - Loading weights:   4%|▍         | 58/1458 [00:03<00:54, 25.49it/s]
2026-07-24 19:14:48,416 - sflow.task.server_8 - INFO - 1:
2026-07-24 19:14:48,416 - sflow.task.server_8 - INFO - Loading weights:   4%|▍         | 58/1458 [00:03<00:52, 26.50it/s]
2026-07-24 19:14:48,416 - sflow.task.server_8 - INFO - 7:
2026-07-24 19:14:48,416 - sflow.task.server_8 - INFO - Loading safetensors weights in parallel:  86%|████████▌ | 140/163 [00:21<00:05,  4.55it/s]
2026-07-24 19:14:48,467 - sflow.task.server_8 - INFO - 6:
2026-07-24 19:14:48,467 - sflow.task.server_8 - INFO - Loading safetensors weights in parallel:  87%|████████▋ | 141/163 [00:21<00:04,  4.56it/s]
2026-07-24 19:14:48,467 - sflow.task.server_8 - INFO - 5:
2026-07-24 19:14:48,467 - sflow.task.server_8 - INFO - Loading safetensors weights in parallel:  89%|████████▉ | 145/163 [00:21<00:01,  9.60it/s]
2026-07-24 19:14:48,518 - sflow.task.server_8 - INFO - 4:
2026-07-24 19:14:48,518 - sflow.task.server_8 - INFO - Loading safetensors weights in parallel:  88%|████████▊ | 143/163 [00:21<00:02,  7.96it/s]
2026-07-24 19:14:48,518 - sflow.task.server_8 - INFO - 2:
2026-07-24 19:14:48,518 - sflow.task.server_8 - INFO - Loading weights:   5%|▍         | 67/1458 [00:03<00:38, 35.99it/s]
2026-07-24 19:14:48,518 - sflow.task.server_8 - INFO - 0:
2026-07-24 19:14:48,519 - sflow.task.server_8 - INFO - Loading weights:   5%|▍         | 67/1458 [00:03<00:38, 35.98it/s]
2026-07-24 19:14:48,519 - sflow.task.server_8 - INFO - 3:
2026-07-24 19:14:48,519 - sflow.task.server_8 - INFO - Loading weights:   5%|▍         | 67/1458 [00:03<00:38, 35.96it/s]
2026-07-24 19:14:48,570 - sflow.task.server_8 - INFO - 7:
2026-07-24 19:14:48,570 - sflow.task.server_8 - INFO - Loading safetensors weights in parallel:  87%|████████▋ | 142/163 [00:21<00:03,  5.62it/s]
2026-07-24 19:14:48,570 - sflow.task.server_8 - INFO - 1:
2026-07-24 19:14:48,570 - sflow.task.server_8 - INFO - Loading weights:   5%|▍         | 68/1458 [00:03<00:39, 35.05it/s]
2026-07-24 19:14:48,621 - sflow.task.server_8 - INFO - 5:
2026-07-24 19:14:48,621 - sflow.task.server_8 - INFO - Loading safetensors weights in parallel:  92%|█████████▏| 150/163 [00:21<00:00, 14.93it/s]
2026-07-24 19:14:48,621 - sflow.task.server_8 - INFO - 6:
2026-07-24 19:14:48,621 - sflow.task.server_8 - INFO - Loading safetensors weights in parallel:  89%|████████▉ | 145/163 [00:21<00:02,  7.95it/s]
2026-07-24 19:14:48,673 - sflow.task.server_8 - INFO - 7:
2026-07-24 19:14:48,673 - sflow.task.server_8 - INFO - Loading safetensors weights in parallel:  92%|█████████▏| 150/163 [00:21<00:00, 13.00it/s]
2026-07-24 19:14:48,673 - sflow.task.server_8 - INFO - 4:
2026-07-24 19:14:48,673 - sflow.task.server_8 - INFO - Loading safetensors weights in parallel:  93%|█████████▎| 151/163 [00:21<00:00, 15.97it/s]
2026-07-24 19:14:48,724 - sflow.task.server_8 - INFO - 0:
2026-07-24 19:14:48,724 - sflow.task.server_8 - INFO - Loading weights:   5%|▌         | 73/1458 [00:03<00:40, 33.99it/s]
2026-07-24 19:14:48,724 - sflow.task.server_8 - INFO - 2:
2026-07-24 19:14:48,724 - sflow.task.server_8 - INFO - Loading weights:   5%|▌         | 73/1458 [00:03<00:40, 33.98it/s]
2026-07-24 19:14:48,724 - sflow.task.server_8 - INFO - 3:
2026-07-24 19:14:48,724 - sflow.task.server_8 - INFO - Loading weights:   5%|▌         | 73/1458 [00:03<00:40, 33.99it/s]
2026-07-24 19:14:48,724 - sflow.task.server_8 - INFO - 1:
2026-07-24 19:14:48,724 - sflow.task.server_8 - INFO - Loading weights:   5%|▌         | 73/1458 [00:03<00:38, 35.52it/s]
2026-07-24 19:14:48,724 - sflow.task.server_8 - INFO - 6:
2026-07-24 19:14:48,724 - sflow.task.server_8 - INFO - Loading safetensors weights in parallel:  97%|█████████▋| 158/163 [00:21<00:00, 23.21it/s]
2026-07-24 19:14:48,724 - sflow.task.server_8 - INFO - 5:
2026-07-24 19:14:48,724 - sflow.task.server_8 - INFO - Loading safetensors weights in parallel:  96%|█████████▌| 156/163 [00:21<00:00, 21.83it/s]
2026-07-24 19:14:48,776 - sflow.task.server_8 - INFO - 6:
2026-07-24 19:14:48,776 - sflow.task.server_8 - INFO - Loading safetensors weights in parallel: 100%|██████████| 163/163 [00:22<00:00,  7.39it/s]
2026-07-24 19:14:48,776 - sflow.task.server_8 - INFO - 7:
2026-07-24 19:14:48,776 - sflow.task.server_8 - INFO - Loading safetensors weights in parallel: 100%|██████████| 163/163 [00:22<00:00,  7.39it/s]
2026-07-24 19:14:48,776 - sflow.task.server_8 - INFO - 6:
2026-07-24 19:14:48,776 - sflow.task.server_8 - INFO - Loading weights:   0%|          | 0/1458 [00:00<?, ?it/s]
2026-07-24 19:14:48,776 - sflow.task.server_8 - INFO - 7:
2026-07-24 19:14:48,776 - sflow.task.server_8 - INFO - Loading weights:   0%|          | 0/1458 [00:00<?, ?it/s]
2026-07-24 19:14:48,776 - sflow.task.server_8 - INFO - 4:
2026-07-24 19:14:48,776 - sflow.task.server_8 - INFO - Loading safetensors weights in parallel:  99%|█████████▉| 162/163 [00:22<00:00, 29.53it/s]
2026-07-24 19:14:48,776 - sflow.task.server_8 - INFO - 4:
2026-07-24 19:14:48,776 - sflow.task.server_8 - INFO - Loading safetensors weights in parallel: 100%|██████████| 163/163 [00:22<00:00,  7.39it/s]
2026-07-24 19:14:48,776 - sflow.task.server_8 - INFO - 4:
2026-07-24 19:14:48,776 - sflow.task.server_8 - INFO - Loading weights:   0%|          | 0/1458 [00:00<?, ?it/s]
2026-07-24 19:14:48,776 - sflow.task.server_8 - INFO - 5:
2026-07-24 19:14:48,776 - sflow.task.server_8 - INFO - Loading safetensors weights in parallel: 100%|██████████| 163/163 [00:22<00:00,  7.38it/s]
2026-07-24 19:14:48,776 - sflow.task.server_8 - INFO - 5:
2026-07-24 19:14:48,776 - sflow.task.server_8 - INFO - Loading weights:   0%|          | 0/1458 [00:00<?, ?it/s]
2026-07-24 19:14:49,592 - sflow.task.server_8 - INFO - 3:
2026-07-24 19:14:49,592 - sflow.task.server_8 - INFO - Loading weights:   5%|▌         | 78/1458 [00:04<01:30, 15.28it/s]
2026-07-24 19:14:49,644 - sflow.task.server_8 - INFO - 2:
2026-07-24 19:14:49,644 - sflow.task.server_8 - INFO - Loading weights:   5%|▌         | 78/1458 [00:04<01:34, 14.64it/s]
2026-07-24 19:14:49,695 - sflow.task.server_8 - INFO - 3:
2026-07-24 19:14:49,695 - sflow.task.server_8 - INFO - Loading weights:   6%|▌         | 82/1458 [00:04<01:18, 17.46it/s]
2026-07-24 19:14:49,695 - sflow.task.server_8 - INFO - 0:
2026-07-24 19:14:49,695 - sflow.task.server_8 - INFO - Loading weights:   5%|▌         | 78/1458 [00:04<01:38, 14.04it/s]
2026-07-24 19:14:49,747 - sflow.task.server_8 - INFO - 2:
2026-07-24 19:14:49,747 - sflow.task.server_8 - INFO - Loading weights:   6%|▌         | 85/1458 [00:04<01:09, 19.79it/s]
2026-07-24 19:14:49,798 - sflow.task.server_8 - INFO - 3:
2026-07-24 19:14:49,798 - sflow.task.server_8 - INFO - Loading weights:   6%|▋         | 92/1458 [00:04<00:50, 27.21it/s]
2026-07-24 19:14:49,798 - sflow.task.server_8 - INFO - 0:
2026-07-24 19:14:49,798 - sflow.task.server_8 - INFO - Loading weights:   6%|▌         | 85/1458 [00:04<01:12, 18.95it/s]
2026-07-24 19:14:49,798 - sflow.task.server_8 - INFO - 1:
2026-07-24 19:14:49,798 - sflow.task.server_8 - INFO - Loading weights:   5%|▌         | 78/1458 [00:04<01:47, 12.87it/s]
2026-07-24 19:14:49,849 - sflow.task.server_8 - INFO - 2:
2026-07-24 19:14:49,849 - sflow.task.server_8 - INFO - Loading weights:   7%|▋         | 95/1458 [00:04<00:46, 29.19it/s]
2026-07-24 19:14:49,901 - sflow.task.server_8 - INFO - 3:
2026-07-24 19:14:49,901 - sflow.task.server_8 - INFO - Loading weights:   7%|▋         | 98/1458 [00:04<00:42, 31.63it/s]
2026-07-24 19:14:49,901 - sflow.task.server_8 - INFO - 0:
2026-07-24 19:14:49,901 - sflow.task.server_8 - INFO - Loading weights:   6%|▋         | 92/1458 [00:04<00:56, 24.29it/s]
2026-07-24 19:14:49,901 - sflow.task.server_8 - INFO - 1:
2026-07-24 19:14:49,901 - sflow.task.server_8 - INFO - Loading weights:   6%|▌         | 82/1458 [00:04<01:30, 15.18it/s]
2026-07-24 19:14:50,053 - sflow.task.server_8 - INFO - 1:
2026-07-24 19:14:50,053 - sflow.task.server_8 - INFO - Loading weights:   6%|▋         | 94/1458 [00:05<00:53, 25.70it/s]
2026-07-24 19:14:50,105 - sflow.task.server_8 - INFO - 2:
2026-07-24 19:14:50,105 - sflow.task.server_8 - INFO - Loading weights:   7%|▋         | 102/1458 [00:05<00:47, 28.36it/s]
2026-07-24 19:14:50,207 - sflow.task.server_8 - INFO - 3:
2026-07-24 19:14:50,207 - sflow.task.server_8 - INFO - Loading weights:   7%|▋         | 104/1458 [00:05<00:48, 27.69it/s]
2026-07-24 19:14:50,207 - sflow.task.server_8 - INFO - 2:
2026-07-24 19:14:50,207 - sflow.task.server_8 - INFO - Loading weights:   7%|▋         | 107/1458 [00:05<00:43, 30.73it/s]
2026-07-24 19:14:50,309 - sflow.task.server_8 - INFO - 3:
2026-07-24 19:14:50,309 - sflow.task.server_8 - INFO - Loading weights:   8%|▊         | 115/1458 [00:05<00:33, 39.89it/s]
2026-07-24 19:14:50,361 - sflow.task.server_8 - INFO - 2:
2026-07-24 19:14:50,361 - sflow.task.server_8 - INFO - Loading weights:   8%|▊         | 116/1458 [00:05<00:34, 38.46it/s]
2026-07-24 19:14:50,515 - sflow.task.server_8 - INFO - 2:
2026-07-24 19:14:50,515 - sflow.task.server_8 - INFO - Loading weights:   8%|▊         | 122/1458 [00:05<00:34, 38.86it/s]
2026-07-24 19:14:50,515 - sflow.task.server_8 - INFO - 3:
2026-07-24 19:14:50,515 - sflow.task.server_8 - INFO - Loading weights:   8%|▊         | 121/1458 [00:05<00:36, 36.86it/s]
2026-07-24 19:14:50,870 - sflow.task.server_8 - INFO - 0:
2026-07-24 19:14:50,870 - sflow.task.server_8 - INFO - Loading weights:   7%|▋         | 102/1458 [00:05<01:26, 15.75it/s]
2026-07-24 19:14:50,972 - sflow.task.server_8 - INFO - 0:
2026-07-24 19:14:50,972 - sflow.task.server_8 - INFO - Loading weights:   7%|▋         | 109/1458 [00:05<01:07, 20.07it/s]
2026-07-24 19:14:51,024 - sflow.task.server_8 - INFO - 1:
2026-07-24 19:14:51,024 - sflow.task.server_8 - INFO - Loading weights:   7%|▋         | 102/1458 [00:06<01:29, 15.08it/s]
2026-07-24 19:14:51,125 - sflow.task.server_8 - INFO - 6:
2026-07-24 19:14:51,125 - sflow.task.server_8 - INFO - Loading weights:   0%|          | 3/1458 [00:02<18:55,  1.28it/s]
2026-07-24 19:14:51,125 - sflow.task.server_8 - INFO - 7:
2026-07-24 19:14:51,125 - sflow.task.server_8 - INFO - Loading weights:   0%|          | 3/1458 [00:02<18:56,  1.28it/s]
2026-07-24 19:14:51,125 - sflow.task.server_8 - INFO - 5:
2026-07-24 19:14:51,126 - sflow.task.server_8 - INFO - Loading weights:   0%|          | 3/1458 [00:02<18:42,  1.30it/s]
2026-07-24 19:14:51,126 - sflow.task.server_8 - INFO - 4:
2026-07-24 19:14:51,126 - sflow.task.server_8 - INFO - Loading weights:   0%|          | 3/1458 [00:02<18:45,  1.29it/s]
2026-07-24 19:14:51,126 - sflow.task.server_8 - INFO - 0:
2026-07-24 19:14:51,126 - sflow.task.server_8 - INFO - Loading weights:   8%|▊         | 118/1458 [00:06<00:49, 26.88it/s]
2026-07-24 19:14:51,178 - sflow.task.server_8 - INFO - 1:
2026-07-24 19:14:51,178 - sflow.task.server_8 - INFO - Loading weights:   7%|▋         | 109/1458 [00:06<01:10, 19.15it/s]
2026-07-24 19:14:51,281 - sflow.task.server_8 - INFO - 1:
2026-07-24 19:14:51,281 - sflow.task.server_8 - INFO - Loading weights:   8%|▊         | 118/1458 [00:06<00:51, 25.84it/s]
2026-07-24 19:14:51,281 - sflow.task.server_8 - INFO - 6:
2026-07-24 19:14:51,281 - sflow.task.server_8 - INFO - Loading weights:   1%|          | 11/1458 [00:02<04:21,  5.53it/s]
2026-07-24 19:14:51,281 - sflow.task.server_8 - INFO - 7:
2026-07-24 19:14:51,281 - sflow.task.server_8 - INFO - Loading weights:   1%|          | 11/1458 [00:02<04:21,  5.53it/s]
2026-07-24 19:14:51,281 - sflow.task.server_8 - INFO - 4:
2026-07-24 19:14:51,281 - sflow.task.server_8 - INFO - Loading weights:   1%|          | 11/1458 [00:02<04:19,  5.58it/s]
2026-07-24 19:14:51,281 - sflow.task.server_8 - INFO - 5:
2026-07-24 19:14:51,281 - sflow.task.server_8 - INFO - Loading weights:   1%|          | 11/1458 [00:02<04:18,  5.59it/s]
2026-07-24 19:14:51,384 - sflow.task.server_8 - INFO - 3:
2026-07-24 19:14:51,384 - sflow.task.server_8 - INFO - Loading weights:   9%|▊         | 127/1458 [00:06<01:19, 16.78it/s]
2026-07-24 19:14:51,486 - sflow.task.server_8 - INFO - 5:
2026-07-24 19:14:51,486 - sflow.task.server_8 - INFO - Loading weights:   1%|          | 16/1458 [00:02<02:53,  8.30it/s]
2026-07-24 19:14:51,486 - sflow.task.server_8 - INFO - 6:
2026-07-24 19:14:51,486 - sflow.task.server_8 - INFO - Loading weights:   1%|          | 16/1458 [00:02<02:55,  8.22it/s]
2026-07-24 19:14:51,486 - sflow.task.server_8 - INFO - 7:
2026-07-24 19:14:51,486 - sflow.task.server_8 - INFO - Loading weights:   1%|          | 16/1458 [00:02<02:55,  8.22it/s]
2026-07-24 19:14:51,486 - sflow.task.server_8 - INFO - 4:
2026-07-24 19:14:51,486 - sflow.task.server_8 - INFO - Loading weights:   1%|          | 16/1458 [00:02<02:54,  8.29it/s]
2026-07-24 19:14:51,486 - sflow.task.server_8 - INFO - 2:
2026-07-24 19:14:51,486 - sflow.task.server_8 - INFO - Loading weights:   9%|▊         | 127/1458 [00:06<01:28, 15.02it/s]
2026-07-24 19:14:51,538 - sflow.task.server_8 - INFO - 3:
2026-07-24 19:14:51,538 - sflow.task.server_8 - INFO - Loading weights:   9%|▉         | 133/1458 [00:06<01:04, 20.69it/s]
2026-07-24 19:14:51,589 - sflow.task.server_8 - INFO - 2:
2026-07-24 19:14:51,589 - sflow.task.server_8 - INFO - Loading weights:   9%|▉         | 133/1458 [00:06<01:09, 18.97it/s]
2026-07-24 19:14:51,640 - sflow.task.server_8 - INFO - 3:
2026-07-24 19:14:51,640 - sflow.task.server_8 - INFO - Loading weights:  10%|▉         | 140/1458 [00:06<00:50, 26.27it/s]
2026-07-24 19:14:51,641 - sflow.task.server_8 - INFO - 6:
2026-07-24 19:14:51,641 - sflow.task.server_8 - INFO - Loading weights:   1%|▏         | 19/1458 [00:02<02:31,  9.48it/s]
2026-07-24 19:14:51,641 - sflow.task.server_8 - INFO - 7:
2026-07-24 19:14:51,641 - sflow.task.server_8 - INFO - Loading weights:   1%|▏         | 19/1458 [00:02<02:31,  9.48it/s]
2026-07-24 19:14:51,641 - sflow.task.server_8 - INFO - 4:
2026-07-24 19:14:51,641 - sflow.task.server_8 - INFO - Loading weights:   1%|▏         | 19/1458 [00:02<02:30,  9.55it/s]
2026-07-24 19:14:51,641 - sflow.task.server_8 - INFO - 5:
2026-07-24 19:14:51,641 - sflow.task.server_8 - INFO - Loading weights:   1%|▏         | 19/1458 [00:02<02:30,  9.56it/s]
2026-07-24 19:14:51,692 - sflow.task.server_8 - INFO - 2:
2026-07-24 19:14:51,692 - sflow.task.server_8 - INFO - Loading weights:  10%|▉         | 143/1458 [00:06<00:46, 28.24it/s]
2026-07-24 19:14:51,744 - sflow.task.server_8 - INFO - 3:
2026-07-24 19:14:51,744 - sflow.task.server_8 - INFO - Loading weights:  10%|▉         | 145/1458 [00:06<00:46, 28.04it/s]
2026-07-24 19:14:51,744 - sflow.task.server_8 - INFO - 7:
2026-07-24 19:14:51,744 - sflow.task.server_8 - INFO - Loading weights:   2%|▏         | 22/1458 [00:03<02:03, 11.60it/s]
2026-07-24 19:14:51,744 - sflow.task.server_8 - INFO - 6:
2026-07-24 19:14:51,744 - sflow.task.server_8 - INFO - Loading weights:   2%|▏         | 22/1458 [00:03<02:03, 11.60it/s]
2026-07-24 19:14:51,744 - sflow.task.server_8 - INFO - 4:
2026-07-24 19:14:51,744 - sflow.task.server_8 - INFO - Loading weights:   2%|▏         | 22/1458 [00:02<02:02, 11.68it/s]
2026-07-24 19:14:51,744 - sflow.task.server_8 - INFO - 5:
2026-07-24 19:14:51,744 - sflow.task.server_8 - INFO - Loading weights:   2%|▏         | 22/1458 [00:02<02:02, 11.69it/s]
2026-07-24 19:14:51,898 - sflow.task.server_8 - INFO - 7:
2026-07-24 19:14:51,898 - sflow.task.server_8 - INFO - Loading weights:   2%|▏         | 29/1458 [00:03<01:14, 19.10it/s]
2026-07-24 19:14:51,898 - sflow.task.server_8 - INFO - 4:
2026-07-24 19:14:51,898 - sflow.task.server_8 - INFO - Loading weights:   2%|▏         | 29/1458 [00:03<01:14, 19.14it/s]
2026-07-24 19:14:51,949 - sflow.task.server_8 - INFO - 6:
2026-07-24 19:14:51,949 - sflow.task.server_8 - INFO - Loading weights:   2%|▏         | 30/1458 [00:03<01:15, 18.94it/s]
2026-07-24 19:14:51,949 - sflow.task.server_8 - INFO - 5:
2026-07-24 19:14:51,949 - sflow.task.server_8 - INFO - Loading weights:   2%|▏         | 30/1458 [00:03<01:14, 19.06it/s]
2026-07-24 19:14:52,000 - sflow.task.server_8 - INFO - 4:
2026-07-24 19:14:52,000 - sflow.task.server_8 - INFO - Loading weights:   2%|▏         | 33/1458 [00:03<01:04, 22.16it/s]
2026-07-24 19:14:52,000 - sflow.task.server_8 - INFO - 7:
2026-07-24 19:14:52,000 - sflow.task.server_8 - INFO - Loading weights:   2%|▏         | 33/1458 [00:03<01:04, 21.98it/s]
2026-07-24 19:14:52,000 - sflow.task.server_8 - INFO - 0:
2026-07-24 19:14:52,000 - sflow.task.server_8 - INFO - Loading weights:   9%|▊         | 126/1458 [00:06<01:19, 16.83it/s]
2026-07-24 19:14:52,103 - sflow.task.server_8 - INFO - 6:
2026-07-24 19:14:52,103 - sflow.task.server_8 - INFO - Loading weights:   2%|▏         | 35/1458 [00:03<01:05, 21.87it/s]
2026-07-24 19:14:52,103 - sflow.task.server_8 - INFO - 5:
2026-07-24 19:14:52,103 - sflow.task.server_8 - INFO - Loading weights:   2%|▏         | 35/1458 [00:03<01:04, 21.97it/s]
2026-07-24 19:14:52,103 - sflow.task.server_8 - INFO - 0:
2026-07-24 19:14:52,103 - sflow.task.server_8 - INFO - Loading weights:   9%|▉         | 133/1458 [00:07<01:02, 21.07it/s]
2026-07-24 19:14:52,206 - sflow.task.server_8 - INFO - 0:
2026-07-24 19:14:52,206 - sflow.task.server_8 - INFO - Loading weights:  10%|▉         | 142/1458 [00:07<00:47, 27.80it/s]
2026-07-24 19:14:52,257 - sflow.task.server_8 - INFO - 1:
2026-07-24 19:14:52,257 - sflow.task.server_8 - INFO - Loading weights:   9%|▊         | 126/1458 [00:07<01:24, 15.79it/s]
2026-07-24 19:14:52,257 - sflow.task.server_8 - INFO - 7:
2026-07-24 19:14:52,257 - sflow.task.server_8 - INFO - Loading weights:   3%|▎         | 37/1458 [00:03<01:14, 18.98it/s]
2026-07-24 19:14:52,257 - sflow.task.server_8 - INFO - 4:
2026-07-24 19:14:52,257 - sflow.task.server_8 - INFO - Loading weights:   3%|▎         | 37/1458 [00:03<01:14, 19.04it/s]
2026-07-24 19:14:52,360 - sflow.task.server_8 - INFO - 1:
2026-07-24 19:14:52,360 - sflow.task.server_8 - INFO - Loading weights:   9%|▉         | 133/1458 [00:07<01:06, 19.80it/s]
2026-07-24 19:14:52,360 - sflow.task.server_8 - INFO - 6:
2026-07-24 19:14:52,360 - sflow.task.server_8 - INFO - Loading weights:   3%|▎         | 39/1458 [00:03<01:15, 18.71it/s]
2026-07-24 19:14:52,360 - sflow.task.server_8 - INFO - 7:
2026-07-24 19:14:52,360 - sflow.task.server_8 - INFO - Loading weights:   3%|▎         | 41/1458 [00:03<01:04, 21.81it/s]
2026-07-24 19:14:52,360 - sflow.task.server_8 - INFO - 4:
2026-07-24 19:14:52,360 - sflow.task.server_8 - INFO - Loading weights:   3%|▎         | 41/1458 [00:03<01:04, 21.86it/s]
2026-07-24 19:14:52,360 - sflow.task.server_8 - INFO - 5:
2026-07-24 19:14:52,360 - sflow.task.server_8 - INFO - Loading weights:   3%|▎         | 39/1458 [00:03<01:15, 18.77it/s]
2026-07-24 19:14:52,463 - sflow.task.server_8 - INFO - 1:
2026-07-24 19:14:52,463 - sflow.task.server_8 - INFO - Loading weights:  10%|▉         | 142/1458 [00:07<00:50, 26.30it/s]
2026-07-24 19:14:52,515 - sflow.task.server_8 - INFO - 4:
2026-07-24 19:14:52,515 - sflow.task.server_8 - INFO - Loading weights:   3%|▎         | 48/1458 [00:03<00:46, 30.16it/s]
2026-07-24 19:14:52,515 - sflow.task.server_8 - INFO - 3:
2026-07-24 19:14:52,515 - sflow.task.server_8 - INFO - Loading weights:  10%|█         | 150/1458 [00:07<01:25, 15.28it/s]
2026-07-24 19:14:52,566 - sflow.task.server_8 - INFO - 2:
2026-07-24 19:14:52,566 - sflow.task.server_8 - INFO - Loading weights:  10%|█         | 150/1458 [00:07<01:18, 16.56it/s]
2026-07-24 19:14:52,618 - sflow.task.server_8 - INFO - 6:
2026-07-24 19:14:52,618 - sflow.task.server_8 - INFO - Loading weights:   3%|▎         | 49/1458 [00:03<00:53, 26.57it/s]
2026-07-24 19:14:52,618 - sflow.task.server_8 - INFO - 7:
2026-07-24 19:14:52,618 - sflow.task.server_8 - INFO - Loading weights:   3%|▎         | 49/1458 [00:03<00:51, 27.12it/s]
2026-07-24 19:14:52,618 - sflow.task.server_8 - INFO - 5:
2026-07-24 19:14:52,618 - sflow.task.server_8 - INFO - Loading weights:   3%|▎         | 49/1458 [00:03<00:52, 26.62it/s]
2026-07-24 19:14:52,669 - sflow.task.server_8 - INFO - 4:
2026-07-24 19:14:52,669 - sflow.task.server_8 - INFO - Loading weights:   4%|▎         | 53/1458 [00:03<00:45, 30.71it/s]
2026-07-24 19:14:52,669 - sflow.task.server_8 - INFO - 3:
2026-07-24 19:14:52,669 - sflow.task.server_8 - INFO - Loading weights:  11%|█         | 154/1458 [00:07<01:15, 17.23it/s]
2026-07-24 19:14:52,669 - sflow.task.server_8 - INFO - 2:
2026-07-24 19:14:52,669 - sflow.task.server_8 - INFO - Loading weights:  11%|█         | 157/1458 [00:07<01:01, 21.02it/s]
2026-07-24 19:14:52,771 - sflow.task.server_8 - INFO - 7:
2026-07-24 19:14:52,771 - sflow.task.server_8 - INFO - Loading weights:   4%|▎         | 54/1458 [00:03<00:50, 27.98it/s]
2026-07-24 19:14:52,771 - sflow.task.server_8 - INFO - 6:
2026-07-24 19:14:52,771 - sflow.task.server_8 - INFO - Loading weights:   4%|▎         | 54/1458 [00:03<00:51, 27.44it/s]
2026-07-24 19:14:52,771 - sflow.task.server_8 - INFO - 5:
2026-07-24 19:14:52,771 - sflow.task.server_8 - INFO - Loading weights:   4%|▎         | 54/1458 [00:03<00:51, 27.49it/s]
2026-07-24 19:14:52,822 - sflow.task.server_8 - INFO - 2:
2026-07-24 19:14:52,822 - sflow.task.server_8 - INFO - Loading weights:  11%|█         | 164/1458 [00:07<00:50, 25.64it/s]
2026-07-24 19:14:52,822 - sflow.task.server_8 - INFO - 3:
2026-07-24 19:14:52,822 - sflow.task.server_8 - INFO - Loading weights:  11%|█         | 164/1458 [00:07<00:50, 25.80it/s]
2026-07-24 19:14:52,976 - sflow.task.server_8 - INFO - 2:
2026-07-24 19:14:52,976 - sflow.task.server_8 - INFO - Loading weights:  12%|█▏        | 170/1458 [00:07<00:45, 28.38it/s]
2026-07-24 19:14:52,976 - sflow.task.server_8 - INFO - 3:
2026-07-24 19:14:52,976 - sflow.task.server_8 - INFO - Loading weights:  12%|█▏        | 169/1458 [00:07<00:47, 27.34it/s]
2026-07-24 19:14:52,976 - sflow.task.server_8 - INFO - 4:
2026-07-24 19:14:52,976 - sflow.task.server_8 - INFO - Loading weights:   4%|▍         | 57/1458 [00:04<01:02, 22.42it/s]
2026-07-24 19:14:53,078 - sflow.task.server_8 - INFO - 6:
2026-07-24 19:14:53,078 - sflow.task.server_8 - INFO - Loading weights:   4%|▍         | 58/1458 [00:04<01:05, 21.38it/s]
2026-07-24 19:14:53,078 - sflow.task.server_8 - INFO - 7:
2026-07-24 19:14:53,078 - sflow.task.server_8 - INFO - Loading weights:   4%|▍         | 58/1458 [00:04<01:06, 21.19it/s]
2026-07-24 19:14:53,078 - sflow.task.server_8 - INFO - 5:
2026-07-24 19:14:53,078 - sflow.task.server_8 - INFO - Loading weights:   4%|▍         | 58/1458 [00:04<01:05, 21.40it/s]
2026-07-24 19:14:53,129 - sflow.task.server_8 - INFO - 4:
2026-07-24 19:14:53,130 - sflow.task.server_8 - INFO - Loading weights:   4%|▍         | 61/1458 [00:04<00:59, 23.46it/s]
2026-07-24 19:14:53,130 - sflow.task.server_8 - INFO - 3:
2026-07-24 19:14:53,130 - sflow.task.server_8 - INFO - Loading weights:  12%|█▏        | 174/1458 [00:08<00:47, 26.86it/s]
2026-07-24 19:14:53,181 - sflow.task.server_8 - INFO - 0:
2026-07-24 19:14:53,181 - sflow.task.server_8 - INFO - Loading weights:  10%|█         | 150/1458 [00:08<01:18, 16.63it/s]
2026-07-24 19:14:53,181 - sflow.task.server_8 - INFO - 5:
2026-07-24 19:14:53,181 - sflow.task.server_8 - INFO - Loading weights:   5%|▍         | 67/1458 [00:04<00:44, 31.25it/s]
2026-07-24 19:14:53,181 - sflow.task.server_8 - INFO - 7:
2026-07-24 19:14:53,181 - sflow.task.server_8 - INFO - Loading weights:   5%|▍         | 67/1458 [00:04<00:44, 31.54it/s]
2026-07-24 19:14:53,284 - sflow.task.server_8 - INFO - 0:
2026-07-24 19:14:53,284 - sflow.task.server_8 - INFO - Loading weights:  11%|█         | 157/1458 [00:08<01:02, 20.79it/s]
2026-07-24 19:14:53,284 - sflow.task.server_8 - INFO - 6:
2026-07-24 19:14:53,284 - sflow.task.server_8 - INFO - Loading weights:   5%|▍         | 68/1458 [00:04<00:47, 29.01it/s]
2026-07-24 19:14:53,284 - sflow.task.server_8 - INFO - 4:
2026-07-24 19:14:53,284 - sflow.task.server_8 - INFO - Loading weights:   5%|▍         | 68/1458 [00:04<00:48, 28.83it/s]
2026-07-24 19:14:53,284 - sflow.task.server_8 - INFO - 3:
2026-07-24 19:14:53,284 - sflow.task.server_8 - INFO - Loading weights:  12%|█▏        | 178/1458 [00:08<00:47, 27.10it/s]
2026-07-24 19:14:53,336 - sflow.task.server_8 - INFO - 5:
2026-07-24 19:14:53,337 - sflow.task.server_8 - INFO - Loading weights:   5%|▍         | 72/1458 [00:04<00:42, 32.54it/s]
2026-07-24 19:14:53,337 - sflow.task.server_8 - INFO - 7:
2026-07-24 19:14:53,337 - sflow.task.server_8 - INFO - Loading weights:   5%|▍         | 72/1458 [00:04<00:42, 32.29it/s]
2026-07-24 19:14:53,388 - sflow.task.server_8 - INFO - 0:
2026-07-24 19:14:53,388 - sflow.task.server_8 - INFO - Loading weights:  11%|█▏        | 166/1458 [00:08<00:47, 27.43it/s]
2026-07-24 19:14:53,440 - sflow.task.server_8 - INFO - 3:
2026-07-24 19:14:53,440 - sflow.task.server_8 - INFO - Loading weights:  13%|█▎        | 188/1458 [00:08<00:33, 38.29it/s]
2026-07-24 19:14:53,440 - sflow.task.server_8 - INFO - 6:
2026-07-24 19:14:53,440 - sflow.task.server_8 - INFO - Loading weights:   5%|▌         | 73/1458 [00:04<00:46, 29.75it/s]
2026-07-24 19:14:53,440 - sflow.task.server_8 - INFO - 4:
2026-07-24 19:14:53,440 - sflow.task.server_8 - INFO - Loading weights:   5%|▌         | 73/1458 [00:04<00:46, 29.76it/s]
2026-07-24 19:14:53,492 - sflow.task.server_8 - INFO - 7:
2026-07-24 19:14:53,492 - sflow.task.server_8 - INFO - Loading weights:   5%|▌         | 77/1458 [00:04<00:41, 33.38it/s]
2026-07-24 19:14:53,492 - sflow.task.server_8 - INFO - 5:
2026-07-24 19:14:53,492 - sflow.task.server_8 - INFO - Loading weights:   5%|▌         | 77/1458 [00:04<00:42, 32.56it/s]
2026-07-24 19:14:53,543 - sflow.task.server_8 - INFO - 1:
2026-07-24 19:14:53,543 - sflow.task.server_8 - INFO - Loading weights:  10%|█         | 150/1458 [00:08<01:27, 14.88it/s]
2026-07-24 19:14:53,594 - sflow.task.server_8 - INFO - 3:
2026-07-24 19:14:53,594 - sflow.task.server_8 - INFO - Loading weights:  13%|█▎        | 193/1458 [00:08<00:34, 36.55it/s]
2026-07-24 19:14:53,696 - sflow.task.server_8 - INFO - 1:
2026-07-24 19:14:53,696 - sflow.task.server_8 - INFO - Loading weights:  11%|█         | 157/1458 [00:08<01:09, 18.69it/s]
2026-07-24 19:14:53,799 - sflow.task.server_8 - INFO - 1:
2026-07-24 19:14:53,799 - sflow.task.server_8 - INFO - Loading weights:  11%|█▏        | 166/1458 [00:08<00:51, 25.33it/s]
2026-07-24 19:14:53,799 - sflow.task.server_8 - INFO - 2:
2026-07-24 19:14:53,799 - sflow.task.server_8 - INFO - Loading weights:  12%|█▏        | 175/1458 [00:08<01:27, 14.73it/s]
2026-07-24 19:14:53,902 - sflow.task.server_8 - INFO - 2:
2026-07-24 19:14:53,902 - sflow.task.server_8 - INFO - Loading weights:  12%|█▏        | 181/1458 [00:08<01:08, 18.75it/s]
2026-07-24 19:14:54,055 - sflow.task.server_8 - INFO - 2:
2026-07-24 19:14:54,055 - sflow.task.server_8 - INFO - Loading weights:  13%|█▎        | 193/1458 [00:09<00:44, 28.74it/s]
2026-07-24 19:14:54,512 - sflow.task.server_8 - INFO - 0:
2026-07-24 19:14:54,512 - sflow.task.server_8 - INFO - Loading weights:  12%|█▏        | 174/1458 [00:09<01:26, 14.91it/s]
2026-07-24 19:14:54,563 - sflow.task.server_8 - INFO - 4:
2026-07-24 19:14:54,563 - sflow.task.server_8 - INFO - Loading weights:   5%|▌         | 78/1458 [00:05<02:02, 11.27it/s]
2026-07-24 19:14:54,613 - sflow.task.server_8 - INFO - 0:
2026-07-24 19:14:54,613 - sflow.task.server_8 - INFO - Loading weights:  12%|█▏        | 181/1458 [00:09<01:07, 18.89it/s]
2026-07-24 19:14:54,613 - sflow.task.server_8 - INFO - 6:
2026-07-24 19:14:54,613 - sflow.task.server_8 - INFO - Loading weights:   5%|▌         | 78/1458 [00:05<01:58, 11.60it/s]
2026-07-24 19:14:54,613 - sflow.task.server_8 - INFO - 3:
2026-07-24 19:14:54,613 - sflow.task.server_8 - INFO - Loading weights:  14%|█▎        | 198/1458 [00:09<01:34, 13.40it/s]
2026-07-24 19:14:54,664 - sflow.task.server_8 - INFO - 5:
2026-07-24 19:14:54,664 - sflow.task.server_8 - INFO - Loading weights:   6%|▌         | 81/1458 [00:05<02:04, 11.02it/s]
2026-07-24 19:14:54,664 - sflow.task.server_8 - INFO - 4:
2026-07-24 19:14:54,664 - sflow.task.server_8 - INFO - Loading weights:   6%|▌         | 82/1458 [00:05<01:43, 13.32it/s]
2026-07-24 19:14:54,715 - sflow.task.server_8 - INFO - 7:
2026-07-24 19:14:54,715 - sflow.task.server_8 - INFO - Loading weights:   6%|▌         | 81/1458 [00:05<02:10, 10.53it/s]
2026-07-24 19:14:54,715 - sflow.task.server_8 - INFO - 0:
2026-07-24 19:14:54,715 - sflow.task.server_8 - INFO - Loading weights:  13%|█▎        | 190/1458 [00:09<00:49, 25.40it/s]
2026-07-24 19:14:54,715 - sflow.task.server_8 - INFO - 6:
2026-07-24 19:14:54,715 - sflow.task.server_8 - INFO - Loading weights:   6%|▌         | 81/1458 [00:05<01:46, 12.97it/s]
2026-07-24 19:14:54,766 - sflow.task.server_8 - INFO - 3:
2026-07-24 19:14:54,766 - sflow.task.server_8 - INFO - Loading weights:  14%|█▍        | 202/1458 [00:09<01:21, 15.49it/s]
2026-07-24 19:14:54,766 - sflow.task.server_8 - INFO - 5:
2026-07-24 19:14:54,766 - sflow.task.server_8 - INFO - Loading weights:   6%|▌         | 91/1458 [00:05<01:14, 18.24it/s]
2026-07-24 19:14:54,816 - sflow.task.server_8 - INFO - 4:
2026-07-24 19:14:54,817 - sflow.task.server_8 - INFO - Loading weights:   6%|▋         | 92/1458 [00:06<01:02, 21.75it/s]
2026-07-24 19:14:54,817 - sflow.task.server_8 - INFO - 7:
2026-07-24 19:14:54,817 - sflow.task.server_8 - INFO - Loading weights:   6%|▋         | 92/1458 [00:06<01:15, 18.19it/s]
2026-07-24 19:14:54,867 - sflow.task.server_8 - INFO - 6:
2026-07-24 19:14:54,867 - sflow.task.server_8 - INFO - Loading weights:   6%|▌         | 91/1458 [00:06<01:03, 21.37it/s]
2026-07-24 19:14:54,867 - sflow.task.server_8 - INFO - 5:
2026-07-24 19:14:54,867 - sflow.task.server_8 - INFO - Loading weights:   7%|▋         | 96/1458 [00:06<01:03, 21.55it/s]
2026-07-24 19:14:54,867 - sflow.task.server_8 - INFO - 3:
2026-07-24 19:14:54,867 - sflow.task.server_8 - INFO - Loading weights:  15%|█▍        | 212/1458 [00:09<00:51, 24.09it/s]
2026-07-24 19:14:54,969 - sflow.task.server_8 - INFO - 6:
2026-07-24 19:14:54,969 - sflow.task.server_8 - INFO - Loading weights:   7%|▋         | 96/1458 [00:06<00:55, 24.67it/s]
2026-07-24 19:14:54,969 - sflow.task.server_8 - INFO - 7:
2026-07-24 19:14:54,969 - sflow.task.server_8 - INFO - Loading weights:   7%|▋         | 97/1458 [00:06<01:05, 20.77it/s]
2026-07-24 19:14:54,969 - sflow.task.server_8 - INFO - 4:
2026-07-24 19:14:54,969 - sflow.task.server_8 - INFO - Loading weights:   7%|▋         | 97/1458 [00:06<00:56, 24.00it/s]
2026-07-24 19:14:54,969 - sflow.task.server_8 - INFO - 5:
2026-07-24 19:14:54,969 - sflow.task.server_8 - INFO - Loading weights:   7%|▋         | 101/1458 [00:06<00:55, 24.25it/s]
2026-07-24 19:14:55,020 - sflow.task.server_8 - INFO - 1:
2026-07-24 19:14:55,020 - sflow.task.server_8 - INFO - Loading weights:  12%|█▏        | 174/1458 [00:09<01:34, 13.65it/s]
2026-07-24 19:14:55,020 - sflow.task.server_8 - INFO - 3:
2026-07-24 19:14:55,020 - sflow.task.server_8 - INFO - Loading weights:  15%|█▍        | 217/1458 [00:10<00:47, 25.90it/s]
2026-07-24 19:14:55,122 - sflow.task.server_8 - INFO - 1:
2026-07-24 19:14:55,122 - sflow.task.server_8 - INFO - Loading weights:  12%|█▏        | 181/1458 [00:10<01:13, 17.27it/s]
2026-07-24 19:14:55,173 - sflow.task.server_8 - INFO - 2:
2026-07-24 19:14:55,173 - sflow.task.server_8 - INFO - Loading weights:  14%|█▎        | 199/1458 [00:10<01:29, 14.05it/s]
2026-07-24 19:14:55,224 - sflow.task.server_8 - INFO - 4:
2026-07-24 19:14:55,224 - sflow.task.server_8 - INFO - Loading weights:   7%|▋         | 102/1458 [00:06<00:59, 22.64it/s]
2026-07-24 19:14:55,224 - sflow.task.server_8 - INFO - 1:
2026-07-24 19:14:55,224 - sflow.task.server_8 - INFO - Loading weights:  13%|█▎        | 190/1458 [00:10<00:54, 23.43it/s]
2026-07-24 19:14:55,274 - sflow.task.server_8 - INFO - 2:
2026-07-24 19:14:55,274 - sflow.task.server_8 - INFO - Loading weights:  14%|█▍        | 205/1458 [00:10<01:11, 17.43it/s]
2026-07-24 19:14:55,325 - sflow.task.server_8 - INFO - 4:
2026-07-24 19:14:55,325 - sflow.task.server_8 - INFO - Loading weights:   7%|▋         | 106/1458 [00:06<00:55, 24.22it/s]
2026-07-24 19:14:55,427 - sflow.task.server_8 - INFO - 2:
2026-07-24 19:14:55,427 - sflow.task.server_8 - INFO - Loading weights:  15%|█▍        | 217/1458 [00:10<00:47, 26.13it/s]
2026-07-24 19:14:55,529 - sflow.task.server_8 - INFO - 4:
2026-07-24 19:14:55,529 - sflow.task.server_8 - INFO - Loading weights:   8%|▊         | 116/1458 [00:06<00:40, 32.85it/s]
2026-07-24 19:14:55,682 - sflow.task.server_8 - INFO - 0:
2026-07-24 19:14:55,682 - sflow.task.server_8 - INFO - Loading weights:  14%|█▎        | 198/1458 [00:10<01:19, 15.84it/s]
2026-07-24 19:14:55,733 - sflow.task.server_8 - INFO - 4:
2026-07-24 19:14:55,733 - sflow.task.server_8 - INFO - Loading weights:   8%|▊         | 121/1458 [00:06<00:43, 30.63it/s]
2026-07-24 19:14:55,784 - sflow.task.server_8 - INFO - 0:
2026-07-24 19:14:55,784 - sflow.task.server_8 - INFO - Loading weights:  14%|█▍        | 205/1458 [00:10<01:02, 19.96it/s]
2026-07-24 19:14:55,885 - sflow.task.server_8 - INFO - 0:
2026-07-24 19:14:55,886 - sflow.task.server_8 - INFO - Loading weights:  15%|█▍        | 217/1458 [00:10<00:42, 29.04it/s]
2026-07-24 19:14:56,139 - sflow.task.server_8 - INFO - 3:
2026-07-24 19:14:56,139 - sflow.task.server_8 - INFO - Loading weights:  15%|█▌        | 222/1458 [00:11<01:46, 11.63it/s]
2026-07-24 19:14:56,139 - sflow.task.server_8 - INFO - 6:
2026-07-24 19:14:56,139 - sflow.task.server_8 - INFO - Loading weights:   7%|▋         | 102/1458 [00:07<01:59, 11.32it/s]
2026-07-24 19:14:56,190 - sflow.task.server_8 - INFO - 7:
2026-07-24 19:14:56,190 - sflow.task.server_8 - INFO - Loading weights:   7%|▋         | 102/1458 [00:07<02:11, 10.29it/s]
2026-07-24 19:14:56,241 - sflow.task.server_8 - INFO - 3:
2026-07-24 19:14:56,241 - sflow.task.server_8 - INFO - Loading weights:  16%|█▌        | 226/1458 [00:11<01:30, 13.61it/s]
2026-07-24 19:14:56,292 - sflow.task.server_8 - INFO - 7:
2026-07-24 19:14:56,292 - sflow.task.server_8 - INFO - Loading weights:   7%|▋         | 106/1458 [00:07<01:50, 12.27it/s]
2026-07-24 19:14:56,292 - sflow.task.server_8 - INFO - 6:
2026-07-24 19:14:56,292 - sflow.task.server_8 - INFO - Loading weights:   7%|▋         | 106/1458 [00:07<01:42, 13.24it/s]
2026-07-24 19:14:56,393 - sflow.task.server_8 - INFO - 3:
2026-07-24 19:14:56,393 - sflow.task.server_8 - INFO - Loading weights:  16%|█▌        | 236/1458 [00:11<00:55, 22.05it/s]
2026-07-24 19:14:56,393 - sflow.task.server_8 - INFO - 7:
2026-07-24 19:14:56,393 - sflow.task.server_8 - INFO - Loading weights:   8%|▊         | 116/1458 [00:07<01:07, 19.79it/s]
2026-07-24 19:14:56,393 - sflow.task.server_8 - INFO - 6:
2026-07-24 19:14:56,393 - sflow.task.server_8 - INFO - Loading weights:   8%|▊         | 116/1458 [00:07<01:04, 20.85it/s]
2026-07-24 19:14:56,444 - sflow.task.server_8 - INFO - 5:
2026-07-24 19:14:56,444 - sflow.task.server_8 - INFO - Loading weights:   7%|▋         | 106/1458 [00:07<02:25,  9.28it/s]
2026-07-24 19:14:56,495 - sflow.task.server_8 - INFO - 3:
2026-07-24 19:14:56,495 - sflow.task.server_8 - INFO - Loading weights:  17%|█▋        | 243/1458 [00:11<00:43, 27.76it/s]
2026-07-24 19:14:56,495 - sflow.task.server_8 - INFO - 7:
2026-07-24 19:14:56,495 - sflow.task.server_8 - INFO - Loading weights:   8%|▊         | 123/1458 [00:07<00:53, 24.90it/s]
2026-07-24 19:14:56,545 - sflow.task.server_8 - INFO - 6:
2026-07-24 19:14:56,545 - sflow.task.server_8 - INFO - Loading weights:   8%|▊         | 123/1458 [00:07<00:50, 26.29it/s]
2026-07-24 19:14:56,545 - sflow.task.server_8 - INFO - 5:
2026-07-24 19:14:56,546 - sflow.task.server_8 - INFO - Loading weights:   8%|▊         | 115/1458 [00:07<01:32, 14.50it/s]
2026-07-24 19:14:56,597 - sflow.task.server_8 - INFO - 2:
2026-07-24 19:14:56,597 - sflow.task.server_8 - INFO - Loading weights:  15%|█▌        | 223/1458 [00:11<01:32, 13.36it/s]
2026-07-24 19:14:56,700 - sflow.task.server_8 - INFO - 1:
2026-07-24 19:14:56,700 - sflow.task.server_8 - INFO - Loading weights:  14%|█▎        | 198/1458 [00:11<01:45, 11.97it/s]
2026-07-24 19:14:56,700 - sflow.task.server_8 - INFO - 5:
2026-07-24 19:14:56,700 - sflow.task.server_8 - INFO - Loading weights:   8%|▊         | 121/1458 [00:07<01:15, 17.62it/s]
2026-07-24 19:14:56,700 - sflow.task.server_8 - INFO - 2:
2026-07-24 19:14:56,700 - sflow.task.server_8 - INFO - Loading weights:  16%|█▌        | 229/1458 [00:11<01:14, 16.51it/s]
2026-07-24 19:14:56,802 - sflow.task.server_8 - INFO - 1:
2026-07-24 19:14:56,802 - sflow.task.server_8 - INFO - Loading weights:  14%|█▍        | 205/1458 [00:11<01:22, 15.25it/s]
2026-07-24 19:14:56,802 - sflow.task.server_8 - INFO - 4:
2026-07-24 19:14:56,802 - sflow.task.server_8 - INFO - Loading weights:   9%|▊         | 126/1458 [00:08<01:47, 12.37it/s]
2026-07-24 19:14:56,802 - sflow.task.server_8 - INFO - 2:
2026-07-24 19:14:56,802 - sflow.task.server_8 - INFO - Loading weights:  16%|█▋        | 238/1458 [00:11<00:53, 22.89it/s]
2026-07-24 19:14:56,905 - sflow.task.server_8 - INFO - 1:
2026-07-24 19:14:56,905 - sflow.task.server_8 - INFO - Loading weights:  15%|█▍        | 214/1458 [00:11<00:59, 20.88it/s]
2026-07-24 19:14:56,957 - sflow.task.server_8 - INFO - 0:
2026-07-24 19:14:56,957 - sflow.task.server_8 - INFO - Loading weights:  15%|█▌        | 224/1458 [00:11<01:17, 15.96it/s]
2026-07-24 19:14:56,957 - sflow.task.server_8 - INFO - 4:
2026-07-24 19:14:56,957 - sflow.task.server_8 - INFO - Loading weights:   9%|▉         | 130/1458 [00:08<01:33, 14.25it/s]
2026-07-24 19:14:57,059 - sflow.task.server_8 - INFO - 0:
2026-07-24 19:14:57,059 - sflow.task.server_8 - INFO - Loading weights:  16%|█▌        | 236/1458 [00:12<00:51, 23.51it/s]
2026-07-24 19:14:57,111 - sflow.task.server_8 - INFO - 4:
2026-07-24 19:14:57,111 - sflow.task.server_8 - INFO - Loading weights:  10%|▉         | 140/1458 [00:08<00:59, 22.04it/s]
2026-07-24 19:14:57,162 - sflow.task.server_8 - INFO - 2:
2026-07-24 19:14:57,163 - sflow.task.server_8 - INFO - Loading weights:  17%|█▋        | 246/1458 [00:12<00:52, 22.88it/s]
2026-07-24 19:14:57,265 - sflow.task.server_8 - INFO - 4:
2026-07-24 19:14:57,265 - sflow.task.server_8 - INFO - Loading weights:  10%|▉         | 145/1458 [00:08<00:55, 23.74it/s]
2026-07-24 19:14:57,265 - sflow.task.server_8 - INFO - 2:
2026-07-24 19:14:57,265 - sflow.task.server_8 - INFO - Loading weights:  17%|█▋        | 253/1458 [00:12<00:43, 27.94it/s]
2026-07-24 19:14:57,316 - sflow.task.server_8 - INFO - 0:
2026-07-24 19:14:57,316 - sflow.task.server_8 - INFO - Loading weights:  17%|█▋        | 246/1458 [00:12<00:45, 26.56it/s]
2026-07-24 19:14:57,418 - sflow.task.server_8 - INFO - 2:
2026-07-24 19:14:57,418 - sflow.task.server_8 - INFO - Loading weights:  18%|█▊        | 265/1458 [00:12<00:31, 38.22it/s]
2026-07-24 19:14:57,418 - sflow.task.server_8 - INFO - 3:
2026-07-24 19:14:57,418 - sflow.task.server_8 - INFO - Loading weights:  17%|█▋        | 249/1458 [00:12<01:23, 14.52it/s]
2026-07-24 19:14:57,418 - sflow.task.server_8 - INFO - 0:
2026-07-24 19:14:57,418 - sflow.task.server_8 - INFO - Loading weights:  17%|█▋        | 253/1458 [00:12<00:39, 30.83it/s]
2026-07-24 19:14:57,520 - sflow.task.server_8 - INFO - 3:
2026-07-24 19:14:57,520 - sflow.task.server_8 - INFO - Loading weights:  18%|█▊        | 260/1458 [00:12<00:52, 22.61it/s]
2026-07-24 19:14:57,520 - sflow.task.server_8 - INFO - 7:
2026-07-24 19:14:57,520 - sflow.task.server_8 - INFO - Loading weights:   9%|▉         | 129/1458 [00:08<01:40, 13.19it/s]
2026-07-24 19:14:57,520 - sflow.task.server_8 - INFO - 6:
2026-07-24 19:14:57,520 - sflow.task.server_8 - INFO - Loading weights:   9%|▉         | 129/1458 [00:08<01:38, 13.47it/s]
2026-07-24 19:14:57,571 - sflow.task.server_8 - INFO - 0:
2026-07-24 19:14:57,571 - sflow.task.server_8 - INFO - Loading weights:  18%|█▊        | 262/1458 [00:12<00:31, 37.71it/s]
2026-07-24 19:14:57,623 - sflow.task.server_8 - INFO - 3:
2026-07-24 19:14:57,623 - sflow.task.server_8 - INFO - Loading weights:  18%|█▊        | 267/1458 [00:12<00:43, 27.53it/s]
2026-07-24 19:14:57,623 - sflow.task.server_8 - INFO - 5:
2026-07-24 19:14:57,623 - sflow.task.server_8 - INFO - Loading weights:   9%|▊         | 126/1458 [00:08<01:59, 11.19it/s]
2026-07-24 19:14:57,623 - sflow.task.server_8 - INFO - 6:
2026-07-24 19:14:57,623 - sflow.task.server_8 - INFO - Loading weights:  10%|▉         | 139/1458 [00:08<01:04, 20.42it/s]
2026-07-24 19:14:57,674 - sflow.task.server_8 - INFO - 7:
2026-07-24 19:14:57,674 - sflow.task.server_8 - INFO - Loading weights:  10%|▉         | 139/1458 [00:08<01:06, 19.77it/s]
2026-07-24 19:14:57,674 - sflow.task.server_8 - INFO - 2:
2026-07-24 19:14:57,674 - sflow.task.server_8 - INFO - Loading weights:  19%|█▊        | 272/1458 [00:12<00:34, 34.73it/s]
2026-07-24 19:14:57,726 - sflow.task.server_8 - INFO - 5:
2026-07-24 19:14:57,726 - sflow.task.server_8 - INFO - Loading weights:   9%|▉         | 133/1458 [00:08<01:26, 15.37it/s]
2026-07-24 19:14:57,777 - sflow.task.server_8 - INFO - 6:
2026-07-24 19:14:57,777 - sflow.task.server_8 - INFO - Loading weights:  10%|▉         | 145/1458 [00:09<00:55, 23.75it/s]
2026-07-24 19:14:57,777 - sflow.task.server_8 - INFO - 7:
2026-07-24 19:14:57,777 - sflow.task.server_8 - INFO - Loading weights:  10%|▉         | 145/1458 [00:09<00:56, 23.09it/s]
2026-07-24 19:14:57,829 - sflow.task.server_8 - INFO - 0:
2026-07-24 19:14:57,829 - sflow.task.server_8 - INFO - Loading weights:  19%|█▊        | 270/1458 [00:12<00:33, 35.62it/s]
2026-07-24 19:14:57,829 - sflow.task.server_8 - INFO - 2:
2026-07-24 19:14:57,829 - sflow.task.server_8 - INFO - Loading weights:  19%|█▉        | 284/1458 [00:12<00:27, 42.68it/s]
2026-07-24 19:14:57,829 - sflow.task.server_8 - INFO - 5:
2026-07-24 19:14:57,829 - sflow.task.server_8 - INFO - Loading weights:  10%|▉         | 140/1458 [00:09<01:04, 20.54it/s]
2026-07-24 19:14:57,881 - sflow.task.server_8 - INFO - 1:
2026-07-24 19:14:57,881 - sflow.task.server_8 - INFO - Loading weights:  15%|█▌        | 222/1458 [00:12<01:25, 14.42it/s]
2026-07-24 19:14:57,932 - sflow.task.server_8 - INFO - 0:
2026-07-24 19:14:57,932 - sflow.task.server_8 - INFO - Loading weights:  19%|█▉        | 277/1458 [00:12<00:29, 40.33it/s]
2026-07-24 19:14:57,932 - sflow.task.server_8 - INFO - 3:
2026-07-24 19:14:57,932 - sflow.task.server_8 - INFO - Loading weights:  19%|█▊        | 273/1458 [00:12<00:48, 24.52it/s]
2026-07-24 19:14:57,984 - sflow.task.server_8 - INFO - 5:
2026-07-24 19:14:57,984 - sflow.task.server_8 - INFO - Loading weights:  10%|█         | 147/1458 [00:09<00:50, 25.87it/s]
2026-07-24 19:14:57,984 - sflow.task.server_8 - INFO - 2:
2026-07-24 19:14:57,984 - sflow.task.server_8 - INFO - Loading weights:  20%|█▉        | 290/1458 [00:12<00:27, 42.66it/s]
2026-07-24 19:14:57,984 - sflow.task.server_8 - INFO - 1:
2026-07-24 19:14:57,984 - sflow.task.server_8 - INFO - Loading weights:  16%|█▌        | 229/1458 [00:12<01:07, 18.16it/s]
2026-07-24 19:14:58,035 - sflow.task.server_8 - INFO - 4:
2026-07-24 19:14:58,035 - sflow.task.server_8 - INFO - Loading weights:  10%|█         | 150/1458 [00:09<01:32, 14.09it/s]
2026-07-24 19:14:58,035 - sflow.task.server_8 - INFO - 0:
2026-07-24 19:14:58,035 - sflow.task.server_8 - INFO - Loading weights:  20%|█▉        | 289/1458 [00:13<00:22, 51.62it/s]
2026-07-24 19:14:58,087 - sflow.task.server_8 - INFO - 3:
2026-07-24 19:14:58,087 - sflow.task.server_8 - INFO - Loading weights:  19%|█▉        | 284/1458 [00:13<00:33, 35.15it/s]
2026-07-24 19:14:58,087 - sflow.task.server_8 - INFO - 7:
2026-07-24 19:14:58,087 - sflow.task.server_8 - INFO - Loading weights:  10%|█         | 150/1458 [00:09<01:01, 21.18it/s]
2026-07-24 19:14:58,087 - sflow.task.server_8 - INFO - 1:
2026-07-24 19:14:58,087 - sflow.task.server_8 - INFO - Loading weights:  16%|█▋        | 238/1458 [00:13<00:49, 24.63it/s]
2026-07-24 19:14:58,138 - sflow.task.server_8 - INFO - 4:
2026-07-24 19:14:58,138 - sflow.task.server_8 - INFO - Loading weights:  10%|█         | 153/1458 [00:09<01:24, 15.45it/s]
2026-07-24 19:14:58,189 - sflow.task.server_8 - INFO - 3:
2026-07-24 19:14:58,189 - sflow.task.server_8 - INFO - Loading weights:  20%|█▉        | 291/1458 [00:13<00:29, 40.18it/s]
2026-07-24 19:14:58,189 - sflow.task.server_8 - INFO - 7:
2026-07-24 19:14:58,189 - sflow.task.server_8 - INFO - Loading weights:  11%|█         | 154/1458 [00:09<00:56, 22.90it/s]
2026-07-24 19:14:58,291 - sflow.task.server_8 - INFO - 4:
2026-07-24 19:14:58,291 - sflow.task.server_8 - INFO - Loading weights:  11%|█         | 163/1458 [00:09<00:53, 24.32it/s]
2026-07-24 19:14:58,342 - sflow.task.server_8 - INFO - 7:
2026-07-24 19:14:58,342 - sflow.task.server_8 - INFO - Loading weights:  11%|█         | 163/1458 [00:09<00:41, 31.40it/s]
2026-07-24 19:14:58,443 - sflow.task.server_8 - INFO - 7:
2026-07-24 19:14:58,443 - sflow.task.server_8 - INFO - Loading weights:  12%|█▏        | 168/1458 [00:09<00:38, 33.57it/s]
2026-07-24 19:14:58,443 - sflow.task.server_8 - INFO - 1:
2026-07-24 19:14:58,443 - sflow.task.server_8 - INFO - Loading weights:  17%|█▋        | 246/1458 [00:13<00:51, 23.64it/s]
2026-07-24 19:14:58,495 - sflow.task.server_8 - INFO - 4:
2026-07-24 19:14:58,495 - sflow.task.server_8 - INFO - Loading weights:  12%|█▏        | 169/1458 [00:09<00:51, 24.93it/s]
2026-07-24 19:14:58,546 - sflow.task.server_8 - INFO - 1:
2026-07-24 19:14:58,546 - sflow.task.server_8 - INFO - Loading weights:  17%|█▋        | 253/1458 [00:13<00:42, 28.48it/s]
2026-07-24 19:14:58,597 - sflow.task.server_8 - INFO - 7:
2026-07-24 19:14:58,598 - sflow.task.server_8 - INFO - Loading weights:  12%|█▏        | 173/1458 [00:09<00:37, 34.22it/s]
2026-07-24 19:14:58,700 - sflow.task.server_8 - INFO - 1:
2026-07-24 19:14:58,700 - sflow.task.server_8 - INFO - Loading weights:  18%|█▊        | 262/1458 [00:13<00:33, 35.98it/s]
2026-07-24 19:14:58,751 - sflow.task.server_8 - INFO - 6:
2026-07-24 19:14:58,751 - sflow.task.server_8 - INFO - Loading weights:  10%|█         | 151/1458 [00:09<01:35, 13.65it/s]
2026-07-24 19:14:58,751 - sflow.task.server_8 - INFO - 4:
2026-07-24 19:14:58,751 - sflow.task.server_8 - INFO - Loading weights:  12%|█▏        | 174/1458 [00:09<00:55, 23.13it/s]
2026-07-24 19:14:58,854 - sflow.task.server_8 - INFO - 6:
2026-07-24 19:14:58,854 - sflow.task.server_8 - INFO - Loading weights:  11%|█         | 155/1458 [00:10<01:23, 15.57it/s]
2026-07-24 19:14:58,905 - sflow.task.server_8 - INFO - 4:
2026-07-24 19:14:58,905 - sflow.task.server_8 - INFO - Loading weights:  12%|█▏        | 178/1458 [00:10<00:52, 24.51it/s]
2026-07-24 19:14:58,905 - sflow.task.server_8 - INFO - 5:
2026-07-24 19:14:58,905 - sflow.task.server_8 - INFO - Loading weights:  10%|█         | 153/1458 [00:10<01:33, 14.00it/s]
2026-07-24 19:14:58,956 - sflow.task.server_8 - INFO - 6:
2026-07-24 19:14:58,956 - sflow.task.server_8 - INFO - Loading weights:  11%|█         | 164/1458 [00:10<00:56, 22.83it/s]
2026-07-24 19:14:59,007 - sflow.task.server_8 - INFO - 4:
2026-07-24 19:14:59,007 - sflow.task.server_8 - INFO - Loading weights:  13%|█▎        | 187/1458 [00:10<00:37, 34.31it/s]
2026-07-24 19:14:59,007 - sflow.task.server_8 - INFO - 5:
2026-07-24 19:14:59,007 - sflow.task.server_8 - INFO - Loading weights:  11%|█         | 163/1458 [00:10<01:00, 21.27it/s]
2026-07-24 19:14:59,057 - sflow.task.server_8 - INFO - 0:
2026-07-24 19:14:59,058 - sflow.task.server_8 - INFO - Loading weights:  20%|██        | 296/1458 [00:14<00:57, 20.36it/s]
2026-07-24 19:14:59,058 - sflow.task.server_8 - INFO - 2:
2026-07-24 19:14:59,058 - sflow.task.server_8 - INFO - Loading weights:  20%|██        | 296/1458 [00:14<01:08, 16.94it/s]
2026-07-24 19:14:59,058 - sflow.task.server_8 - INFO - 1:
2026-07-24 19:14:59,058 - sflow.task.server_8 - INFO - Loading weights:  19%|█▊        | 270/1458 [00:14<00:40, 29.51it/s]
2026-07-24 19:14:59,058 - sflow.task.server_8 - INFO - 6:
2026-07-24 19:14:59,058 - sflow.task.server_8 - INFO - Loading weights:  12%|█▏        | 170/1458 [00:10<00:47, 26.98it/s]
2026-07-24 19:14:59,109 - sflow.task.server_8 - INFO - 3:
2026-07-24 19:14:59,109 - sflow.task.server_8 - INFO - Loading weights:  20%|██        | 298/1458 [00:14<01:03, 18.33it/s]
2026-07-24 19:14:59,109 - sflow.task.server_8 - INFO - 5:
2026-07-24 19:14:59,109 - sflow.task.server_8 - INFO - Loading weights:  12%|█▏        | 169/1458 [00:10<00:51, 24.93it/s]
2026-07-24 19:14:59,161 - sflow.task.server_8 - INFO - 2:
2026-07-24 19:14:59,161 - sflow.task.server_8 - INFO - Loading weights:  21%|██        | 307/1458 [00:14<00:46, 24.74it/s]
2026-07-24 19:14:59,161 - sflow.task.server_8 - INFO - 0:
2026-07-24 19:14:59,161 - sflow.task.server_8 - INFO - Loading weights:  21%|██        | 307/1458 [00:14<00:40, 28.27it/s]
2026-07-24 19:14:59,161 - sflow.task.server_8 - INFO - 1:
2026-07-24 19:14:59,161 - sflow.task.server_8 - INFO - Loading weights:  19%|█▉        | 277/1458 [00:14<00:34, 34.47it/s]
2026-07-24 19:14:59,211 - sflow.task.server_8 - INFO - 3:
2026-07-24 19:14:59,212 - sflow.task.server_8 - INFO - Loading weights:  21%|██        | 308/1458 [00:14<00:44, 25.65it/s]
2026-07-24 19:14:59,212 - sflow.task.server_8 - INFO - 4:
2026-07-24 19:14:59,212 - sflow.task.server_8 - INFO - Loading weights:  13%|█▎        | 193/1458 [00:10<00:39, 31.97it/s]
2026-07-24 19:14:59,263 - sflow.task.server_8 - INFO - 1:
2026-07-24 19:14:59,263 - sflow.task.server_8 - INFO - Loading weights:  20%|█▉        | 286/1458 [00:14<00:27, 43.01it/s]
2026-07-24 19:14:59,366 - sflow.task.server_8 - INFO - 0:
2026-07-24 19:14:59,366 - sflow.task.server_8 - INFO - Loading weights:  22%|██▏       | 314/1458 [00:14<00:38, 29.36it/s]
2026-07-24 19:14:59,366 - sflow.task.server_8 - INFO - 2:
2026-07-24 19:14:59,366 - sflow.task.server_8 - INFO - Loading weights:  21%|██▏       | 313/1458 [00:14<00:44, 25.48it/s]
2026-07-24 19:14:59,366 - sflow.task.server_8 - INFO - 3:
2026-07-24 19:14:59,366 - sflow.task.server_8 - INFO - Loading weights:  22%|██▏       | 314/1458 [00:14<00:40, 28.11it/s]
2026-07-24 19:14:59,417 - sflow.task.server_8 - INFO - 5:
2026-07-24 19:14:59,418 - sflow.task.server_8 - INFO - Loading weights:  12%|█▏        | 175/1458 [00:10<00:53, 24.16it/s]
2026-07-24 19:14:59,520 - sflow.task.server_8 - INFO - 5:
2026-07-24 19:14:59,520 - sflow.task.server_8 - INFO - Loading weights:  12%|█▏        | 180/1458 [00:10<00:46, 27.37it/s]
2026-07-24 19:14:59,622 - sflow.task.server_8 - INFO - 5:
2026-07-24 19:14:59,622 - sflow.task.server_8 - INFO - Loading weights:  13%|█▎        | 187/1458 [00:10<00:37, 34.07it/s]
2026-07-24 19:14:59,622 - sflow.task.server_8 - INFO - 7:
2026-07-24 19:14:59,622 - sflow.task.server_8 - INFO - Loading weights:  12%|█▏        | 178/1458 [00:10<01:38, 13.00it/s]
2026-07-24 19:14:59,674 - sflow.task.server_8 - INFO - 3:
2026-07-24 19:14:59,674 - sflow.task.server_8 - INFO - Loading weights:  22%|██▏       | 320/1458 [00:14<00:44, 25.46it/s]
2026-07-24 19:14:59,725 - sflow.task.server_8 - INFO - 5:
2026-07-24 19:14:59,725 - sflow.task.server_8 - INFO - Loading weights:  13%|█▎        | 193/1458 [00:10<00:33, 37.25it/s]
2026-07-24 19:14:59,725 - sflow.task.server_8 - INFO - 7:
2026-07-24 19:14:59,725 - sflow.task.server_8 - INFO - Loading weights:  13%|█▎        | 187/1458 [00:10<01:04, 19.67it/s]
2026-07-24 19:14:59,776 - sflow.task.server_8 - INFO - 3:
2026-07-24 19:14:59,776 - sflow.task.server_8 - INFO - Loading weights:  23%|██▎       | 331/1458 [00:14<00:30, 36.60it/s]
2026-07-24 19:14:59,878 - sflow.task.server_8 - INFO - 7:
2026-07-24 19:14:59,878 - sflow.task.server_8 - INFO - Loading weights:  13%|█▎        | 192/1458 [00:11<00:57, 22.20it/s]
2026-07-24 19:15:00,032 - sflow.task.server_8 - INFO - 3:
2026-07-24 19:15:00,032 - sflow.task.server_8 - INFO - Loading weights:  23%|██▎       | 338/1458 [00:15<00:33, 33.46it/s]
2026-07-24 19:15:00,185 - sflow.task.server_8 - INFO - 6:
2026-07-24 19:15:00,185 - sflow.task.server_8 - INFO - Loading weights:  12%|█▏        | 176/1458 [00:11<01:40, 12.78it/s]
2026-07-24 19:15:00,185 - sflow.task.server_8 - INFO - 2:
2026-07-24 19:15:00,185 - sflow.task.server_8 - INFO - Loading weights:  22%|██▏       | 318/1458 [00:15<01:16, 14.92it/s]
2026-07-24 19:15:00,185 - sflow.task.server_8 - INFO - 4:
2026-07-24 19:15:00,185 - sflow.task.server_8 - INFO - Loading weights:  14%|█▎        | 198/1458 [00:11<01:32, 13.63it/s]
2026-07-24 19:15:00,287 - sflow.task.server_8 - INFO - 6:
2026-07-24 19:15:00,287 - sflow.task.server_8 - INFO - Loading weights:  13%|█▎        | 185/1458 [00:11<01:07, 18.82it/s]
2026-07-24 19:15:00,287 - sflow.task.server_8 - INFO - 2:
2026-07-24 19:15:00,287 - sflow.task.server_8 - INFO - Loading weights:  22%|██▏       | 325/1458 [00:15<00:58, 19.44it/s]
2026-07-24 19:15:00,338 - sflow.task.server_8 - INFO - 4:
2026-07-24 19:15:00,338 - sflow.task.server_8 - INFO - Loading weights:  14%|█▍        | 201/1458 [00:11<01:23, 15.07it/s]
2026-07-24 19:15:00,390 - sflow.task.server_8 - INFO - 6:
2026-07-24 19:15:00,390 - sflow.task.server_8 - INFO - Loading weights:  13%|█▎        | 191/1458 [00:11<00:56, 22.52it/s]
2026-07-24 19:15:00,441 - sflow.task.server_8 - INFO - 4:
2026-07-24 19:15:00,441 - sflow.task.server_8 - INFO - Loading weights:  14%|█▍        | 206/1458 [00:11<01:07, 18.54it/s]
2026-07-24 19:15:00,441 - sflow.task.server_8 - INFO - 1:
2026-07-24 19:15:00,441 - sflow.task.server_8 - INFO - Loading weights:  20%|██        | 294/1458 [00:15<01:09, 16.81it/s]
2026-07-24 19:15:00,441 - sflow.task.server_8 - INFO - 2:
2026-07-24 19:15:00,441 - sflow.task.server_8 - INFO - Loading weights:  23%|██▎       | 337/1458 [00:15<00:39, 28.69it/s]
2026-07-24 19:15:00,543 - sflow.task.server_8 - INFO - 4:
2026-07-24 19:15:00,543 - sflow.task.server_8 - INFO - Loading weights:  15%|█▍        | 212/1458 [00:11<00:51, 23.98it/s]
2026-07-24 19:15:00,543 - sflow.task.server_8 - INFO - 1:
2026-07-24 19:15:00,543 - sflow.task.server_8 - INFO - Loading weights:  21%|██        | 301/1458 [00:15<00:55, 20.91it/s]
2026-07-24 19:15:00,595 - sflow.task.server_8 - INFO - 0:
2026-07-24 19:15:00,595 - sflow.task.server_8 - INFO - Loading weights:  22%|██▏       | 320/1458 [00:15<01:24, 13.48it/s]
2026-07-24 19:15:00,698 - sflow.task.server_8 - INFO - 1:
2026-07-24 19:15:00,698 - sflow.task.server_8 - INFO - Loading weights:  21%|██▏       | 310/1458 [00:15<00:41, 27.41it/s]
2026-07-24 19:15:00,698 - sflow.task.server_8 - INFO - 4:
2026-07-24 19:15:00,698 - sflow.task.server_8 - INFO - Loading weights:  15%|█▍        | 217/1458 [00:11<00:48, 25.60it/s]
2026-07-24 19:15:00,698 - sflow.task.server_8 - INFO - 5:
2026-07-24 19:15:00,698 - sflow.task.server_8 - INFO - Loading weights:  14%|█▎        | 199/1458 [00:11<01:23, 15.01it/s]
2026-07-24 19:15:00,698 - sflow.task.server_8 - INFO - 0:
2026-07-24 19:15:00,698 - sflow.task.server_8 - INFO - Loading weights:  23%|██▎       | 331/1458 [00:15<00:56, 20.03it/s]
2026-07-24 19:15:00,800 - sflow.task.server_8 - INFO - 5:
2026-07-24 19:15:00,800 - sflow.task.server_8 - INFO - Loading weights:  14%|█▍        | 203/1458 [00:12<01:13, 17.18it/s]
2026-07-24 19:15:00,851 - sflow.task.server_8 - INFO - 0:
2026-07-24 19:15:00,851 - sflow.task.server_8 - INFO - Loading weights:  23%|██▎       | 339/1458 [00:15<00:44, 25.00it/s]
2026-07-24 19:15:00,902 - sflow.task.server_8 - INFO - 7:
2026-07-24 19:15:00,902 - sflow.task.server_8 - INFO - Loading weights:  14%|█▎        | 198/1458 [00:12<01:42, 12.30it/s]
2026-07-24 19:15:00,953 - sflow.task.server_8 - INFO - 5:
2026-07-24 19:15:00,953 - sflow.task.server_8 - INFO - Loading weights:  15%|█▍        | 212/1458 [00:12<00:50, 24.92it/s]
2026-07-24 19:15:01,004 - sflow.task.server_8 - INFO - 7:
2026-07-24 19:15:01,004 - sflow.task.server_8 - INFO - Loading weights:  14%|█▍        | 202/1458 [00:12<01:29, 14.05it/s]
2026-07-24 19:15:01,055 - sflow.task.server_8 - INFO - 5:
2026-07-24 19:15:01,055 - sflow.task.server_8 - INFO - Loading weights:  15%|█▌        | 219/1458 [00:12<00:41, 30.19it/s]
2026-07-24 19:15:01,107 - sflow.task.server_8 - INFO - 3:
2026-07-24 19:15:01,107 - sflow.task.server_8 - INFO - Loading weights:  24%|██▎       | 344/1458 [00:16<01:14, 15.00it/s]
2026-07-24 19:15:01,157 - sflow.task.server_8 - INFO - 7:
2026-07-24 19:15:01,157 - sflow.task.server_8 - INFO - Loading weights:  15%|█▍        | 212/1458 [00:12<00:56, 22.05it/s]
2026-07-24 19:15:01,208 - sflow.task.server_8 - INFO - 3:
2026-07-24 19:15:01,208 - sflow.task.server_8 - INFO - Loading weights:  24%|██▍       | 355/1458 [00:16<00:49, 22.28it/s]
2026-07-24 19:15:01,260 - sflow.task.server_8 - INFO - 7:
2026-07-24 19:15:01,260 - sflow.task.server_8 - INFO - Loading weights:  15%|█▌        | 219/1458 [00:12<00:45, 27.38it/s]
2026-07-24 19:15:01,362 - sflow.task.server_8 - INFO - 6:
2026-07-24 19:15:01,363 - sflow.task.server_8 - INFO - Loading weights:  14%|█▎        | 198/1458 [00:12<01:32, 13.62it/s]
2026-07-24 19:15:01,464 - sflow.task.server_8 - INFO - 2:
2026-07-24 19:15:01,464 - sflow.task.server_8 - INFO - Loading weights:  24%|██▎       | 343/1458 [00:16<01:12, 15.41it/s]
2026-07-24 19:15:01,464 - sflow.task.server_8 - INFO - 3:
2026-07-24 19:15:01,464 - sflow.task.server_8 - INFO - Loading weights:  25%|██▍       | 361/1458 [00:16<00:47, 23.04it/s]
2026-07-24 19:15:01,516 - sflow.task.server_8 - INFO - 6:
2026-07-24 19:15:01,516 - sflow.task.server_8 - INFO - Loading weights:  14%|█▍        | 202/1458 [00:12<01:22, 15.30it/s]
2026-07-24 19:15:01,566 - sflow.task.server_8 - INFO - 2:
2026-07-24 19:15:01,566 - sflow.task.server_8 - INFO - Loading weights:  24%|██▍       | 349/1458 [00:16<00:58, 18.82it/s]
2026-07-24 19:15:01,618 - sflow.task.server_8 - INFO - 6:
2026-07-24 19:15:01,618 - sflow.task.server_8 - INFO - Loading weights:  14%|█▍        | 211/1458 [00:12<00:55, 22.48it/s]
2026-07-24 19:15:01,719 - sflow.task.server_8 - INFO - 2:
2026-07-24 19:15:01,719 - sflow.task.server_8 - INFO - Loading weights:  25%|██▍       | 361/1458 [00:16<00:39, 27.54it/s]
2026-07-24 19:15:01,719 - sflow.task.server_8 - INFO - 6:
2026-07-24 19:15:01,719 - sflow.task.server_8 - INFO - Loading weights:  15%|█▍        | 217/1458 [00:12<00:47, 26.14it/s]
2026-07-24 19:15:01,770 - sflow.task.server_8 - INFO - 4:
2026-07-24 19:15:01,771 - sflow.task.server_8 - INFO - Loading weights:  15%|█▌        | 222/1458 [00:12<01:50, 11.16it/s]
2026-07-24 19:15:01,872 - sflow.task.server_8 - INFO - 1:
2026-07-24 19:15:01,873 - sflow.task.server_8 - INFO - Loading weights:  22%|██▏       | 318/1458 [00:16<01:18, 14.56it/s]
2026-07-24 19:15:01,873 - sflow.task.server_8 - INFO - 4:
2026-07-24 19:15:01,873 - sflow.task.server_8 - INFO - Loading weights:  15%|█▌        | 225/1458 [00:13<01:36, 12.72it/s]
2026-07-24 19:15:01,975 - sflow.task.server_8 - INFO - 1:
2026-07-24 19:15:01,975 - sflow.task.server_8 - INFO - Loading weights:  22%|██▏       | 325/1458 [00:16<01:01, 18.36it/s]
2026-07-24 19:15:01,975 - sflow.task.server_8 - INFO - 4:
2026-07-24 19:15:01,975 - sflow.task.server_8 - INFO - Loading weights:  16%|█▌        | 235/1458 [00:13<00:56, 21.54it/s]
2026-07-24 19:15:02,025 - sflow.task.server_8 - INFO - 0:
2026-07-24 19:15:02,025 - sflow.task.server_8 - INFO - Loading weights:  24%|██▎       | 346/1458 [00:16<01:21, 13.67it/s]
2026-07-24 19:15:02,077 - sflow.task.server_8 - INFO - 1:
2026-07-24 19:15:02,077 - sflow.task.server_8 - INFO - Loading weights:  23%|██▎       | 334/1458 [00:17<00:45, 24.74it/s]
2026-07-24 19:15:02,128 - sflow.task.server_8 - INFO - 0:
2026-07-24 19:15:02,128 - sflow.task.server_8 - INFO - Loading weights:  25%|██▍       | 358/1458 [00:17<00:53, 20.62it/s]
2026-07-24 19:15:02,128 - sflow.task.server_8 - INFO - 5:
2026-07-24 19:15:02,128 - sflow.task.server_8 - INFO - Loading weights:  15%|█▌        | 225/1458 [00:13<01:30, 13.56it/s]
2026-07-24 19:15:02,128 - sflow.task.server_8 - INFO - 4:
2026-07-24 19:15:02,129 - sflow.task.server_8 - INFO - Loading weights:  17%|█▋        | 241/1458 [00:13<00:49, 24.77it/s]
2026-07-24 19:15:02,282 - sflow.task.server_8 - INFO - 5:
2026-07-24 19:15:02,283 - sflow.task.server_8 - INFO - Loading weights:  16%|█▌        | 235/1458 [00:13<00:59, 20.51it/s]
2026-07-24 19:15:02,283 - sflow.task.server_8 - INFO - 7:
2026-07-24 19:15:02,283 - sflow.task.server_8 - INFO - Loading weights:  15%|█▌        | 225/1458 [00:13<01:30, 13.64it/s]
2026-07-24 19:15:02,385 - sflow.task.server_8 - INFO - 5:
2026-07-24 19:15:02,385 - sflow.task.server_8 - INFO - Loading weights:  17%|█▋        | 241/1458 [00:13<00:50, 24.06it/s]
2026-07-24 19:15:02,437 - sflow.task.server_8 - INFO - 3:
2026-07-24 19:15:02,437 - sflow.task.server_8 - INFO - Loading weights:  25%|██▌       | 366/1458 [00:17<01:22, 13.19it/s]
2026-07-24 19:15:02,437 - sflow.task.server_8 - INFO - 7:
2026-07-24 19:15:02,437 - sflow.task.server_8 - INFO - Loading weights:  16%|█▌        | 229/1458 [00:13<01:19, 15.47it/s]
2026-07-24 19:15:02,539 - sflow.task.server_8 - INFO - 7:
2026-07-24 19:15:02,539 - sflow.task.server_8 - INFO - Loading weights:  16%|█▌        | 236/1458 [00:13<00:59, 20.69it/s]
2026-07-24 19:15:02,539 - sflow.task.server_8 - INFO - 3:
2026-07-24 19:15:02,539 - sflow.task.server_8 - INFO - Loading weights:  25%|██▌       | 370/1458 [00:17<01:12, 14.91it/s]
2026-07-24 19:15:02,590 - sflow.task.server_8 - INFO - 2:
2026-07-24 19:15:02,590 - sflow.task.server_8 - INFO - Loading weights:  25%|██▌       | 367/1458 [00:17<01:08, 15.91it/s]
2026-07-24 19:15:02,642 - sflow.task.server_8 - INFO - 7:
2026-07-24 19:15:02,642 - sflow.task.server_8 - INFO - Loading weights:  17%|█▋        | 241/1458 [00:13<00:50, 24.21it/s]
2026-07-24 19:15:02,642 - sflow.task.server_8 - INFO - 3:
2026-07-24 19:15:02,642 - sflow.task.server_8 - INFO - Loading weights:  26%|██▌       | 380/1458 [00:17<00:47, 22.80it/s]
2026-07-24 19:15:02,642 - sflow.task.server_8 - INFO - 6:
2026-07-24 19:15:02,642 - sflow.task.server_8 - INFO - Loading weights:  15%|█▌        | 222/1458 [00:13<01:31, 13.53it/s]
2026-07-24 19:15:02,745 - sflow.task.server_8 - INFO - 2:
2026-07-24 19:15:02,745 - sflow.task.server_8 - INFO - Loading weights:  26%|██▌       | 373/1458 [00:17<00:56, 19.29it/s]
2026-07-24 19:15:02,745 - sflow.task.server_8 - INFO - 6:
2026-07-24 19:15:02,745 - sflow.task.server_8 - INFO - Loading weights:  16%|█▌        | 226/1458 [00:14<01:18, 15.78it/s]
2026-07-24 19:15:02,797 - sflow.task.server_8 - INFO - 3:
2026-07-24 19:15:02,797 - sflow.task.server_8 - INFO - Loading weights:  26%|██▋       | 385/1458 [00:17<00:43, 24.54it/s]
2026-07-24 19:15:02,848 - sflow.task.server_8 - INFO - 2:
2026-07-24 19:15:02,848 - sflow.task.server_8 - INFO - Loading weights:  26%|██▋       | 385/1458 [00:17<00:38, 28.07it/s]
2026-07-24 19:15:02,899 - sflow.task.server_8 - INFO - 7:
2026-07-24 19:15:02,899 - sflow.task.server_8 - INFO - Loading weights:  17%|█▋        | 246/1458 [00:14<00:52, 23.07it/s]
2026-07-24 19:15:02,899 - sflow.task.server_8 - INFO - 6:
2026-07-24 19:15:02,899 - sflow.task.server_8 - INFO - Loading weights:  16%|█▌        | 236/1458 [00:14<00:50, 24.14it/s]
2026-07-24 19:15:03,001 - sflow.task.server_8 - INFO - 7:
2026-07-24 19:15:03,001 - sflow.task.server_8 - INFO - Loading weights:  17%|█▋        | 250/1458 [00:14<00:47, 25.45it/s]
2026-07-24 19:15:03,001 - sflow.task.server_8 - INFO - 6:
2026-07-24 19:15:03,001 - sflow.task.server_8 - INFO - Loading weights:  17%|█▋        | 243/1458 [00:14<00:40, 29.65it/s]
2026-07-24 19:15:03,104 - sflow.task.server_8 - INFO - 7:
2026-07-24 19:15:03,104 - sflow.task.server_8 - INFO - Loading weights:  18%|█▊        | 260/1458 [00:14<00:31, 38.11it/s]
2026-07-24 19:15:03,155 - sflow.task.server_8 - INFO - 4:
2026-07-24 19:15:03,155 - sflow.task.server_8 - INFO - Loading weights:  17%|█▋        | 246/1458 [00:14<01:40, 12.09it/s]
2026-07-24 19:15:03,206 - sflow.task.server_8 - INFO - 5:
2026-07-24 19:15:03,206 - sflow.task.server_8 - INFO - Loading weights:  17%|█▋        | 247/1458 [00:14<01:19, 15.17it/s]
2026-07-24 19:15:03,206 - sflow.task.server_8 - INFO - 0:
2026-07-24 19:15:03,206 - sflow.task.server_8 - INFO - Loading weights:  25%|██▌       | 366/1458 [00:18<01:18, 13.95it/s]
2026-07-24 19:15:03,206 - sflow.task.server_8 - INFO - 7:
2026-07-24 19:15:03,206 - sflow.task.server_8 - INFO - Loading weights:  18%|█▊        | 266/1458 [00:14<00:28, 41.86it/s]
2026-07-24 19:15:03,206 - sflow.task.server_8 - INFO - 1:
2026-07-24 19:15:03,206 - sflow.task.server_8 - INFO - Loading weights:  23%|██▎       | 342/1458 [00:18<01:18, 14.15it/s]
2026-07-24 19:15:03,309 - sflow.task.server_8 - INFO - 5:
2026-07-24 19:15:03,309 - sflow.task.server_8 - INFO - Loading weights:  17%|█▋        | 253/1458 [00:14<01:04, 18.78it/s]
2026-07-24 19:15:03,309 - sflow.task.server_8 - INFO - 4:
2026-07-24 19:15:03,309 - sflow.task.server_8 - INFO - Loading weights:  17%|█▋        | 250/1458 [00:14<01:26, 13.98it/s]
2026-07-24 19:15:03,309 - sflow.task.server_8 - INFO - 0:
2026-07-24 19:15:03,309 - sflow.task.server_8 - INFO - Loading weights:  26%|██▌       | 373/1458 [00:18<01:02, 17.37it/s]
2026-07-24 19:15:03,309 - sflow.task.server_8 - INFO - 6:
2026-07-24 19:15:03,309 - sflow.task.server_8 - INFO - Loading weights:  17%|█▋        | 249/1458 [00:14<00:46, 26.03it/s]
2026-07-24 19:15:03,309 - sflow.task.server_8 - INFO - 1:
2026-07-24 19:15:03,309 - sflow.task.server_8 - INFO - Loading weights:  24%|██▍       | 349/1458 [00:18<01:01, 17.89it/s]
2026-07-24 19:15:03,411 - sflow.task.server_8 - INFO - 0:
2026-07-24 19:15:03,411 - sflow.task.server_8 - INFO - Loading weights:  26%|██▋       | 383/1458 [00:18<00:44, 24.07it/s]
2026-07-24 19:15:03,411 - sflow.task.server_8 - INFO - 5:
2026-07-24 19:15:03,411 - sflow.task.server_8 - INFO - Loading weights:  18%|█▊        | 262/1458 [00:14<00:46, 25.92it/s]
2026-07-24 19:15:03,411 - sflow.task.server_8 - INFO - 1:
2026-07-24 19:15:03,411 - sflow.task.server_8 - INFO - Loading weights:  25%|██▍       | 358/1458 [00:18<00:45, 24.26it/s]
2026-07-24 19:15:03,463 - sflow.task.server_8 - INFO - 4:
2026-07-24 19:15:03,463 - sflow.task.server_8 - INFO - Loading weights:  18%|█▊        | 260/1458 [00:14<00:54, 22.01it/s]
2026-07-24 19:15:03,463 - sflow.task.server_8 - INFO - 6:
2026-07-24 19:15:03,463 - sflow.task.server_8 - INFO - Loading weights:  17%|█▋        | 254/1458 [00:14<00:44, 27.09it/s]
2026-07-24 19:15:03,565 - sflow.task.server_8 - INFO - 4:
2026-07-24 19:15:03,565 - sflow.task.server_8 - INFO - Loading weights:  18%|█▊        | 265/1458 [00:14<00:47, 24.91it/s]
2026-07-24 19:15:03,565 - sflow.task.server_8 - INFO - 3:
2026-07-24 19:15:03,565 - sflow.task.server_8 - INFO - Loading weights:  27%|██▋       | 390/1458 [00:18<01:12, 14.69it/s]
2026-07-24 19:15:03,565 - sflow.task.server_8 - INFO - 6:
2026-07-24 19:15:03,565 - sflow.task.server_8 - INFO - Loading weights:  18%|█▊        | 260/1458 [00:14<00:37, 31.99it/s]
2026-07-24 19:15:03,667 - sflow.task.server_8 - INFO - 3:
2026-07-24 19:15:03,667 - sflow.task.server_8 - INFO - Loading weights:  27%|██▋       | 394/1458 [00:18<01:03, 16.68it/s]
2026-07-24 19:15:03,718 - sflow.task.server_8 - INFO - 6:
2026-07-24 19:15:03,718 - sflow.task.server_8 - INFO - Loading weights:  18%|█▊        | 267/1458 [00:14<00:32, 36.97it/s]
2026-07-24 19:15:03,820 - sflow.task.server_8 - INFO - 3:
2026-07-24 19:15:03,820 - sflow.task.server_8 - INFO - Loading weights:  28%|██▊       | 404/1458 [00:18<00:40, 25.91it/s]
2026-07-24 19:15:03,820 - sflow.task.server_8 - INFO - 2:
2026-07-24 19:15:03,820 - sflow.task.server_8 - INFO - Loading weights:  27%|██▋       | 391/1458 [00:18<01:07, 15.89it/s]
2026-07-24 19:15:03,923 - sflow.task.server_8 - INFO - 2:
2026-07-24 19:15:03,923 - sflow.task.server_8 - INFO - Loading weights:  27%|██▋       | 397/1458 [00:18<00:54, 19.30it/s]
2026-07-24 19:15:03,974 - sflow.task.server_8 - INFO - 3:
2026-07-24 19:15:03,974 - sflow.task.server_8 - INFO - Loading weights:  28%|██▊       | 409/1458 [00:18<00:38, 27.26it/s]
2026-07-24 19:15:04,026 - sflow.task.server_8 - INFO - 2:
2026-07-24 19:15:04,026 - sflow.task.server_8 - INFO - Loading weights:  28%|██▊       | 406/1458 [00:19<00:40, 26.14it/s]
2026-07-24 19:15:04,179 - sflow.task.server_8 - INFO - 3:
2026-07-24 19:15:04,179 - sflow.task.server_8 - INFO - Loading weights:  28%|██▊       | 414/1458 [00:19<00:40, 26.00it/s]
2026-07-24 19:15:04,230 - sflow.task.server_8 - INFO - 7:
2026-07-24 19:15:04,230 - sflow.task.server_8 - INFO - Loading weights:  19%|█▊        | 272/1458 [00:15<01:19, 14.91it/s]
2026-07-24 19:15:04,281 - sflow.task.server_8 - INFO - 2:
2026-07-24 19:15:04,281 - sflow.task.server_8 - INFO - Loading weights:  28%|██▊       | 414/1458 [00:19<00:37, 27.53it/s]
2026-07-24 19:15:04,281 - sflow.task.server_8 - INFO - 3:
2026-07-24 19:15:04,281 - sflow.task.server_8 - INFO - Loading weights:  29%|██▊       | 418/1458 [00:19<00:38, 27.21it/s]
2026-07-24 19:15:04,384 - sflow.task.server_8 - INFO - 7:
2026-07-24 19:15:04,384 - sflow.task.server_8 - INFO - Loading weights:  19%|█▉        | 278/1458 [00:15<01:02, 18.82it/s]
2026-07-24 19:15:04,384 - sflow.task.server_8 - INFO - 2:
2026-07-24 19:15:04,384 - sflow.task.server_8 - INFO - Loading weights:  29%|██▉       | 421/1458 [00:19<00:31, 32.72it/s]
2026-07-24 19:15:04,384 - sflow.task.server_8 - INFO - 0:
2026-07-24 19:15:04,384 - sflow.task.server_8 - INFO - Loading weights:  27%|██▋       | 390/1458 [00:19<01:11, 15.03it/s]
2026-07-24 19:15:04,384 - sflow.task.server_8 - INFO - 3:
2026-07-24 19:15:04,384 - sflow.task.server_8 - INFO - Loading weights:  29%|██▉       | 430/1458 [00:19<00:24, 42.75it/s]
2026-07-24 19:15:04,486 - sflow.task.server_8 - INFO - 2:
2026-07-24 19:15:04,486 - sflow.task.server_8 - INFO - Loading weights:  30%|██▉       | 431/1458 [00:19<00:23, 43.06it/s]
2026-07-24 19:15:04,486 - sflow.task.server_8 - INFO - 0:
2026-07-24 19:15:04,486 - sflow.task.server_8 - INFO - Loading weights:  27%|██▋       | 397/1458 [00:19<00:56, 18.85it/s]
2026-07-24 19:15:04,537 - sflow.task.server_8 - INFO - 5:
2026-07-24 19:15:04,537 - sflow.task.server_8 - INFO - Loading weights:  19%|█▊        | 270/1458 [00:15<01:23, 14.15it/s]
2026-07-24 19:15:04,537 - sflow.task.server_8 - INFO - 1:
2026-07-24 19:15:04,537 - sflow.task.server_8 - INFO - Loading weights:  25%|██▌       | 366/1458 [00:19<01:16, 14.24it/s]
2026-07-24 19:15:04,537 - sflow.task.server_8 - INFO - 7:
2026-07-24 19:15:04,537 - sflow.task.server_8 - INFO - Loading weights:  19%|█▉        | 284/1458 [00:15<00:54, 21.71it/s]
2026-07-24 19:15:04,587 - sflow.task.server_8 - INFO - 0:
2026-07-24 19:15:04,587 - sflow.task.server_8 - INFO - Loading weights:  28%|██▊       | 407/1458 [00:19<00:40, 26.26it/s]
2026-07-24 19:15:04,638 - sflow.task.server_8 - INFO - 4:
2026-07-24 19:15:04,638 - sflow.task.server_8 - INFO - Loading weights:  19%|█▊        | 270/1458 [00:15<01:39, 11.88it/s]
2026-07-24 19:15:04,638 - sflow.task.server_8 - INFO - 5:
2026-07-24 19:15:04,638 - sflow.task.server_8 - INFO - Loading weights:  19%|█▉        | 277/1458 [00:15<01:05, 18.14it/s]
2026-07-24 19:15:04,638 - sflow.task.server_8 - INFO - 1:
2026-07-24 19:15:04,638 - sflow.task.server_8 - INFO - Loading weights:  26%|██▌       | 373/1458 [00:19<01:00, 17.98it/s]
2026-07-24 19:15:04,690 - sflow.task.server_8 - INFO - 7:
2026-07-24 19:15:04,690 - sflow.task.server_8 - INFO - Loading weights:  20%|█▉        | 289/1458 [00:15<00:50, 23.33it/s]
2026-07-24 19:15:04,741 - sflow.task.server_8 - INFO - 4:
2026-07-24 19:15:04,741 - sflow.task.server_8 - INFO - Loading weights:  19%|█▉        | 274/1458 [00:15<01:24, 13.98it/s]
2026-07-24 19:15:04,741 - sflow.task.server_8 - INFO - 6:
2026-07-24 19:15:04,741 - sflow.task.server_8 - INFO - Loading weights:  19%|█▊        | 272/1458 [00:15<01:25, 13.81it/s]
2026-07-24 19:15:04,741 - sflow.task.server_8 - INFO - 1:
2026-07-24 19:15:04,741 - sflow.task.server_8 - INFO - Loading weights:  26%|██▌       | 382/1458 [00:19<00:44, 24.34it/s]
2026-07-24 19:15:04,792 - sflow.task.server_8 - INFO - 5:
2026-07-24 19:15:04,792 - sflow.task.server_8 - INFO - Loading weights:  20%|█▉        | 286/1458 [00:15<00:47, 24.43it/s]
2026-07-24 19:15:04,843 - sflow.task.server_8 - INFO - 6:
2026-07-24 19:15:04,843 - sflow.task.server_8 - INFO - Loading weights:  19%|█▉        | 278/1458 [00:16<01:05, 17.88it/s]
2026-07-24 19:15:04,843 - sflow.task.server_8 - INFO - 4:
2026-07-24 19:15:04,843 - sflow.task.server_8 - INFO - Loading weights:  19%|█▉        | 284/1458 [00:16<00:53, 22.02it/s]
2026-07-24 19:15:04,894 - sflow.task.server_8 - INFO - 2:
2026-07-24 19:15:04,894 - sflow.task.server_8 - INFO - Loading weights:  30%|███       | 438/1458 [00:19<00:33, 30.51it/s]
2026-07-24 19:15:04,945 - sflow.task.server_8 - INFO - 4:
2026-07-24 19:15:04,945 - sflow.task.server_8 - INFO - Loading weights:  20%|█▉        | 289/1458 [00:16<00:46, 25.40it/s]
2026-07-24 19:15:04,945 - sflow.task.server_8 - INFO - 6:
2026-07-24 19:15:04,945 - sflow.task.server_8 - INFO - Loading weights:  20%|█▉        | 286/1458 [00:16<00:47, 24.81it/s]
2026-07-24 19:15:04,996 - sflow.task.server_8 - INFO - 2:
2026-07-24 19:15:04,996 - sflow.task.server_8 - INFO - Loading weights:  31%|███       | 445/1458 [00:19<00:28, 35.84it/s]
2026-07-24 19:15:05,098 - sflow.task.server_8 - INFO - 2:
2026-07-24 19:15:05,098 - sflow.task.server_8 - INFO - Loading weights:  31%|███       | 454/1458 [00:20<00:22, 43.80it/s]
2026-07-24 19:15:05,354 - sflow.task.server_8 - INFO - 2:
2026-07-24 19:15:05,354 - sflow.task.server_8 - INFO - Loading weights:  32%|███▏      | 462/1458 [00:20<00:25, 39.33it/s]
2026-07-24 19:15:05,456 - sflow.task.server_8 - INFO - 3:
2026-07-24 19:15:05,456 - sflow.task.server_8 - INFO - Loading weights:  30%|███       | 438/1458 [00:20<00:59, 17.28it/s]
2026-07-24 19:15:05,507 - sflow.task.server_8 - INFO - 2:
2026-07-24 19:15:05,507 - sflow.task.server_8 - INFO - Loading weights:  32%|███▏      | 469/1458 [00:20<00:22, 44.04it/s]
2026-07-24 19:15:05,558 - sflow.task.server_8 - INFO - 3:
2026-07-24 19:15:05,558 - sflow.task.server_8 - INFO - Loading weights:  31%|███       | 445/1458 [00:20<00:46, 21.91it/s]
2026-07-24 19:15:05,609 - sflow.task.server_8 - INFO - 2:
2026-07-24 19:15:05,609 - sflow.task.server_8 - INFO - Loading weights:  33%|███▎      | 476/1458 [00:20<00:20, 47.82it/s]
2026-07-24 19:15:05,660 - sflow.task.server_8 - INFO - 0:
2026-07-24 19:15:05,660 - sflow.task.server_8 - INFO - Loading weights:  28%|██▊       | 414/1458 [00:20<01:10, 14.72it/s]
2026-07-24 19:15:05,712 - sflow.task.server_8 - INFO - 3:
2026-07-24 19:15:05,712 - sflow.task.server_8 - INFO - Loading weights:  31%|███▏      | 457/1458 [00:20<00:32, 31.18it/s]
2026-07-24 19:15:05,763 - sflow.task.server_8 - INFO - 2:
2026-07-24 19:15:05,763 - sflow.task.server_8 - INFO - Loading weights:  33%|███▎      | 482/1458 [00:20<00:22, 42.86it/s]
2026-07-24 19:15:05,763 - sflow.task.server_8 - INFO - 0:
2026-07-24 19:15:05,763 - sflow.task.server_8 - INFO - Loading weights:  29%|██▉       | 421/1458 [00:20<00:55, 18.63it/s]
2026-07-24 19:15:05,865 - sflow.task.server_8 - INFO - 7:
2026-07-24 19:15:05,865 - sflow.task.server_8 - INFO - Loading weights:  20%|██        | 294/1458 [00:17<01:48, 10.73it/s]
2026-07-24 19:15:05,865 - sflow.task.server_8 - INFO - 0:
2026-07-24 19:15:05,865 - sflow.task.server_8 - INFO - Loading weights:  30%|██▉       | 431/1458 [00:20<00:39, 26.20it/s]
2026-07-24 19:15:05,916 - sflow.task.server_8 - INFO - 1:
2026-07-24 19:15:05,916 - sflow.task.server_8 - INFO - Loading weights:  27%|██▋       | 390/1458 [00:20<01:17, 13.77it/s]
2026-07-24 19:15:05,967 - sflow.task.server_8 - INFO - 7:
2026-07-24 19:15:05,967 - sflow.task.server_8 - INFO - Loading weights:  20%|██        | 298/1458 [00:17<01:30, 12.75it/s]
2026-07-24 19:15:05,967 - sflow.task.server_8 - INFO - 5:
2026-07-24 19:15:05,967 - sflow.task.server_8 - INFO - Loading weights:  20%|██        | 294/1458 [00:17<01:26, 13.41it/s]
2026-07-24 19:15:06,019 - sflow.task.server_8 - INFO - 4:
2026-07-24 19:15:06,019 - sflow.task.server_8 - INFO - Loading weights:  20%|██        | 294/1458 [00:17<01:36, 12.07it/s]
2026-07-24 19:15:06,070 - sflow.task.server_8 - INFO - 1:
2026-07-24 19:15:06,070 - sflow.task.server_8 - INFO - Loading weights:  27%|██▋       | 397/1458 [00:21<01:00, 17.44it/s]
2026-07-24 19:15:06,070 - sflow.task.server_8 - INFO - 3:
2026-07-24 19:15:06,070 - sflow.task.server_8 - INFO - Loading weights:  32%|███▏      | 463/1458 [00:21<00:37, 26.51it/s]
2026-07-24 19:15:06,121 - sflow.task.server_8 - INFO - 0:
2026-07-24 19:15:06,121 - sflow.task.server_8 - INFO - Loading weights:  30%|███       | 438/1458 [00:21<00:37, 27.28it/s]
2026-07-24 19:15:06,121 - sflow.task.server_8 - INFO - 6:
2026-07-24 19:15:06,121 - sflow.task.server_8 - INFO - Loading weights:  20%|██        | 294/1458 [00:17<01:28, 13.10it/s]
2026-07-24 19:15:06,121 - sflow.task.server_8 - INFO - 5:
2026-07-24 19:15:06,121 - sflow.task.server_8 - INFO - Loading weights:  21%|██        | 301/1458 [00:17<01:09, 16.77it/s]
2026-07-24 19:15:06,121 - sflow.task.server_8 - INFO - 4:
2026-07-24 19:15:06,121 - sflow.task.server_8 - INFO - Loading weights:  21%|██        | 301/1458 [00:17<01:10, 16.30it/s]
2026-07-24 19:15:06,172 - sflow.task.server_8 - INFO - 7:
2026-07-24 19:15:06,173 - sflow.task.server_8 - INFO - Loading weights:  21%|██        | 308/1458 [00:17<00:58, 19.72it/s]
2026-07-24 19:15:06,173 - sflow.task.server_8 - INFO - 3:
2026-07-24 19:15:06,173 - sflow.task.server_8 - INFO - Loading weights:  32%|███▏      | 469/1458 [00:21<00:32, 30.58it/s]
2026-07-24 19:15:06,173 - sflow.task.server_8 - INFO - 1:
2026-07-24 19:15:06,173 - sflow.task.server_8 - INFO - Loading weights:  28%|██▊       | 406/1458 [00:21<00:44, 23.42it/s]
2026-07-24 19:15:06,224 - sflow.task.server_8 - INFO - 0:
2026-07-24 19:15:06,224 - sflow.task.server_8 - INFO - Loading weights:  31%|███       | 445/1458 [00:21<00:31, 32.45it/s]
2026-07-24 19:15:06,224 - sflow.task.server_8 - INFO - 6:
2026-07-24 19:15:06,224 - sflow.task.server_8 - INFO - Loading weights:  20%|██        | 298/1458 [00:17<01:17, 15.06it/s]
2026-07-24 19:15:06,275 - sflow.task.server_8 - INFO - 4:
2026-07-24 19:15:06,275 - sflow.task.server_8 - INFO - Loading weights:  21%|██▏       | 310/1458 [00:17<00:48, 23.47it/s]
2026-07-24 19:15:06,275 - sflow.task.server_8 - INFO - 5:
2026-07-24 19:15:06,275 - sflow.task.server_8 - INFO - Loading weights:  21%|██▏       | 310/1458 [00:17<00:51, 22.32it/s]
2026-07-24 19:15:06,275 - sflow.task.server_8 - INFO - 3:
2026-07-24 19:15:06,275 - sflow.task.server_8 - INFO - Loading weights:  33%|███▎      | 478/1458 [00:21<00:25, 38.96it/s]
2026-07-24 19:15:06,326 - sflow.task.server_8 - INFO - 7:
2026-07-24 19:15:06,326 - sflow.task.server_8 - INFO - Loading weights:  21%|██▏       | 313/1458 [00:17<00:51, 22.03it/s]
2026-07-24 19:15:06,326 - sflow.task.server_8 - INFO - 0:
2026-07-24 19:15:06,326 - sflow.task.server_8 - INFO - Loading weights:  31%|███       | 455/1458 [00:21<00:23, 42.54it/s]
2026-07-24 19:15:06,326 - sflow.task.server_8 - INFO - 6:
2026-07-24 19:15:06,326 - sflow.task.server_8 - INFO - Loading weights:  21%|██        | 308/1458 [00:17<00:49, 23.04it/s]
2026-07-24 19:15:06,378 - sflow.task.server_8 - INFO - 4:
2026-07-24 19:15:06,378 - sflow.task.server_8 - INFO - Loading weights:  22%|██▏       | 316/1458 [00:17<00:40, 27.93it/s]
2026-07-24 19:15:06,479 - sflow.task.server_8 - INFO - 6:
2026-07-24 19:15:06,479 - sflow.task.server_8 - INFO - Loading weights:  22%|██▏       | 315/1458 [00:17<00:41, 27.77it/s]
2026-07-24 19:15:06,581 - sflow.task.server_8 - INFO - 0:
2026-07-24 19:15:06,581 - sflow.task.server_8 - INFO - Loading weights:  32%|███▏      | 463/1458 [00:21<00:25, 39.55it/s]
2026-07-24 19:15:06,685 - sflow.task.server_8 - INFO - 0:
2026-07-24 19:15:06,685 - sflow.task.server_8 - INFO - Loading weights:  32%|███▏      | 469/1458 [00:21<00:23, 42.31it/s]
2026-07-24 19:15:06,735 - sflow.task.server_8 - INFO - 4:
2026-07-24 19:15:06,735 - sflow.task.server_8 - INFO - Loading weights:  22%|██▏       | 322/1458 [00:17<00:48, 23.59it/s]
2026-07-24 19:15:06,735 - sflow.task.server_8 - INFO - 2:
2026-07-24 19:15:06,735 - sflow.task.server_8 - INFO - Loading weights:  33%|███▎      | 488/1458 [00:21<00:57, 16.99it/s]
2026-07-24 19:15:06,735 - sflow.task.server_8 - INFO - 5:
2026-07-24 19:15:06,735 - sflow.task.server_8 - INFO - Loading weights:  22%|██▏       | 318/1458 [00:17<00:55, 20.51it/s]
2026-07-24 19:15:06,787 - sflow.task.server_8 - INFO - 0:
2026-07-24 19:15:06,787 - sflow.task.server_8 - INFO - Loading weights:  33%|███▎      | 479/1458 [00:21<00:18, 53.03it/s]
2026-07-24 19:15:06,838 - sflow.task.server_8 - INFO - 5:
2026-07-24 19:15:06,838 - sflow.task.server_8 - INFO - Loading weights:  22%|██▏       | 322/1458 [00:18<00:50, 22.37it/s]
2026-07-24 19:15:06,838 - sflow.task.server_8 - INFO - 2:
2026-07-24 19:15:06,838 - sflow.task.server_8 - INFO - Loading weights:  34%|███▍      | 499/1458 [00:21<00:38, 25.24it/s]
2026-07-24 19:15:06,838 - sflow.task.server_8 - INFO - 4:
2026-07-24 19:15:06,838 - sflow.task.server_8 - INFO - Loading weights:  23%|██▎       | 332/1458 [00:18<00:35, 31.98it/s]
2026-07-24 19:15:06,940 - sflow.task.server_8 - INFO - 5:
2026-07-24 19:15:06,940 - sflow.task.server_8 - INFO - Loading weights:  23%|██▎       | 332/1458 [00:18<00:36, 30.92it/s]
2026-07-24 19:15:07,043 - sflow.task.server_8 - INFO - 4:
2026-07-24 19:15:07,043 - sflow.task.server_8 - INFO - Loading weights:  23%|██▎       | 338/1458 [00:18<00:34, 32.72it/s]
2026-07-24 19:15:07,043 - sflow.task.server_8 - INFO - 2:
2026-07-24 19:15:07,043 - sflow.task.server_8 - INFO - Loading weights:  35%|███▍      | 505/1458 [00:22<00:36, 25.95it/s]
2026-07-24 19:15:07,095 - sflow.task.server_8 - INFO - 5:
2026-07-24 19:15:07,095 - sflow.task.server_8 - INFO - Loading weights:  23%|██▎       | 339/1458 [00:18<00:31, 35.39it/s]
2026-07-24 19:15:07,095 - sflow.task.server_8 - INFO - 3:
2026-07-24 19:15:07,095 - sflow.task.server_8 - INFO - Loading weights:  33%|███▎      | 486/1458 [00:22<00:47, 20.25it/s]
2026-07-24 19:15:07,095 - sflow.task.server_8 - INFO - 1:
2026-07-24 19:15:07,095 - sflow.task.server_8 - INFO - Loading weights:  28%|██▊       | 414/1458 [00:22<01:07, 15.42it/s]
2026-07-24 19:15:07,196 - sflow.task.server_8 - INFO - 3:
2026-07-24 19:15:07,196 - sflow.task.server_8 - INFO - Loading weights:  34%|███▍      | 493/1458 [00:22<00:38, 25.07it/s]
2026-07-24 19:15:07,197 - sflow.task.server_8 - INFO - 1:
2026-07-24 19:15:07,197 - sflow.task.server_8 - INFO - Loading weights:  29%|██▊       | 419/1458 [00:22<00:57, 18.02it/s]
2026-07-24 19:15:07,298 - sflow.task.server_8 - INFO - 7:
2026-07-24 19:15:07,298 - sflow.task.server_8 - INFO - Loading weights:  22%|██▏       | 318/1458 [00:18<01:36, 11.80it/s]
2026-07-24 19:15:07,298 - sflow.task.server_8 - INFO - 3:
2026-07-24 19:15:07,298 - sflow.task.server_8 - INFO - Loading weights:  34%|███▍      | 502/1458 [00:22<00:29, 32.60it/s]
2026-07-24 19:15:07,349 - sflow.task.server_8 - INFO - 1:
2026-07-24 19:15:07,349 - sflow.task.server_8 - INFO - Loading weights:  29%|██▉       | 428/1458 [00:22<00:41, 24.65it/s]
2026-07-24 19:15:07,400 - sflow.task.server_8 - INFO - 7:
2026-07-24 19:15:07,400 - sflow.task.server_8 - INFO - Loading weights:  22%|██▏       | 325/1458 [00:18<01:10, 16.07it/s]
2026-07-24 19:15:07,452 - sflow.task.server_8 - INFO - 1:
2026-07-24 19:15:07,452 - sflow.task.server_8 - INFO - Loading weights:  30%|██▉       | 435/1458 [00:22<00:34, 29.39it/s]
2026-07-24 19:15:07,554 - sflow.task.server_8 - INFO - 7:
2026-07-24 19:15:07,554 - sflow.task.server_8 - INFO - Loading weights:  23%|██▎       | 334/1458 [00:18<00:49, 22.90it/s]
2026-07-24 19:15:07,607 - sflow.task.server_8 - INFO - 6:
2026-07-24 19:15:07,607 - sflow.task.server_8 - INFO - Loading weights:  22%|██▏       | 321/1458 [00:18<01:25, 13.22it/s]
2026-07-24 19:15:07,709 - sflow.task.server_8 - INFO - 6:
2026-07-24 19:15:07,709 - sflow.task.server_8 - INFO - Loading weights:  23%|██▎       | 331/1458 [00:18<00:57, 19.44it/s]
2026-07-24 19:15:07,862 - sflow.task.server_8 - INFO - 6:
2026-07-24 19:15:07,862 - sflow.task.server_8 - INFO - Loading weights:  23%|██▎       | 337/1458 [00:19<00:49, 22.62it/s]
2026-07-24 19:15:07,862 - sflow.task.server_8 - INFO - 1:
2026-07-24 19:15:07,862 - sflow.task.server_8 - INFO - Loading weights:  30%|███       | 441/1458 [00:22<00:43, 23.60it/s]
2026-07-24 19:15:07,862 - sflow.task.server_8 - INFO - 0:
2026-07-24 19:15:07,862 - sflow.task.server_8 - INFO - Loading weights:  33%|███▎      | 486/1458 [00:22<00:53, 18.27it/s]
2026-07-24 19:15:07,964 - sflow.task.server_8 - INFO - 0:
2026-07-24 19:15:07,964 - sflow.task.server_8 - INFO - Loading weights:  34%|███▍      | 493/1458 [00:22<00:42, 22.79it/s]
2026-07-24 19:15:07,964 - sflow.task.server_8 - INFO - 1:
2026-07-24 19:15:07,964 - sflow.task.server_8 - INFO - Loading weights:  31%|███       | 452/1458 [00:22<00:30, 33.27it/s]
2026-07-24 19:15:07,964 - sflow.task.server_8 - INFO - 2:
2026-07-24 19:15:07,964 - sflow.task.server_8 - INFO - Loading weights:  35%|███▍      | 510/1458 [00:22<01:07, 14.10it/s]
2026-07-24 19:15:08,066 - sflow.task.server_8 - INFO - 0:
2026-07-24 19:15:08,066 - sflow.task.server_8 - INFO - Loading weights:  34%|███▍      | 503/1458 [00:23<00:30, 31.44it/s]
2026-07-24 19:15:08,066 - sflow.task.server_8 - INFO - 4:
2026-07-24 19:15:08,066 - sflow.task.server_8 - INFO - Loading weights:  24%|██▎       | 343/1458 [00:19<01:19, 13.98it/s]
2026-07-24 19:15:08,066 - sflow.task.server_8 - INFO - 1:
2026-07-24 19:15:08,066 - sflow.task.server_8 - INFO - Loading weights:  31%|███▏      | 459/1458 [00:23<00:26, 37.93it/s]
2026-07-24 19:15:08,117 - sflow.task.server_8 - INFO - 2:
2026-07-24 19:15:08,117 - sflow.task.server_8 - INFO - Loading weights:  35%|███▌      | 514/1458 [00:23<00:58, 16.03it/s]
2026-07-24 19:15:08,117 - sflow.task.server_8 - INFO - 5:
2026-07-24 19:15:08,117 - sflow.task.server_8 - INFO - Loading weights:  24%|██▎       | 345/1458 [00:19<01:11, 15.62it/s]
2026-07-24 19:15:08,169 - sflow.task.server_8 - INFO - 4:
2026-07-24 19:15:08,169 - sflow.task.server_8 - INFO - Loading weights:  24%|██▍       | 349/1458 [00:19<01:02, 17.65it/s]
2026-07-24 19:15:08,220 - sflow.task.server_8 - INFO - 5:
2026-07-24 19:15:08,220 - sflow.task.server_8 - INFO - Loading weights:  24%|██▍       | 353/1458 [00:19<00:52, 21.12it/s]
2026-07-24 19:15:08,220 - sflow.task.server_8 - INFO - 2:
2026-07-24 19:15:08,220 - sflow.task.server_8 - INFO - Loading weights:  36%|███▌      | 524/1458 [00:23<00:39, 23.91it/s]
2026-07-24 19:15:08,271 - sflow.task.server_8 - INFO - 3:
2026-07-24 19:15:08,271 - sflow.task.server_8 - INFO - Loading weights:  35%|███▍      | 510/1458 [00:23<00:54, 17.37it/s]
2026-07-24 19:15:08,322 - sflow.task.server_8 - INFO - 4:
2026-07-24 19:15:08,322 - sflow.task.server_8 - INFO - Loading weights:  24%|██▍       | 356/1458 [00:19<00:48, 22.56it/s]
2026-07-24 19:15:08,373 - sflow.task.server_8 - INFO - 5:
2026-07-24 19:15:08,373 - sflow.task.server_8 - INFO - Loading weights:  25%|██▍       | 359/1458 [00:19<00:45, 23.96it/s]
2026-07-24 19:15:08,373 - sflow.task.server_8 - INFO - 2:
2026-07-24 19:15:08,373 - sflow.task.server_8 - INFO - Loading weights:  36%|███▋      | 529/1458 [00:23<00:36, 25.65it/s]
2026-07-24 19:15:08,373 - sflow.task.server_8 - INFO - 3:
2026-07-24 19:15:08,373 - sflow.task.server_8 - INFO - Loading weights:  35%|███▌      | 517/1458 [00:23<00:43, 21.73it/s]
2026-07-24 19:15:08,424 - sflow.task.server_8 - INFO - 1:
2026-07-24 19:15:08,424 - sflow.task.server_8 - INFO - Loading weights:  32%|███▏      | 465/1458 [00:23<00:34, 28.99it/s]
2026-07-24 19:15:08,476 - sflow.task.server_8 - INFO - 4:
2026-07-24 19:15:08,476 - sflow.task.server_8 - INFO - Loading weights:  25%|██▍       | 361/1458 [00:19<00:45, 23.86it/s]
2026-07-24 19:15:08,527 - sflow.task.server_8 - INFO - 5:
2026-07-24 19:15:08,527 - sflow.task.server_8 - INFO - Loading weights:  25%|██▍       | 364/1458 [00:19<00:43, 25.22it/s]
2026-07-24 19:15:08,527 - sflow.task.server_8 - INFO - 3:
2026-07-24 19:15:08,527 - sflow.task.server_8 - INFO - Loading weights:  36%|███▋      | 529/1458 [00:23<00:30, 30.69it/s]
2026-07-24 19:15:08,578 - sflow.task.server_8 - INFO - 1:
2026-07-24 19:15:08,578 - sflow.task.server_8 - INFO - Loading weights:  33%|███▎      | 476/1458 [00:23<00:25, 38.97it/s]
2026-07-24 19:15:08,629 - sflow.task.server_8 - INFO - 7:
2026-07-24 19:15:08,629 - sflow.task.server_8 - INFO - Loading weights:  23%|██▎       | 342/1458 [00:19<01:23, 13.36it/s]
2026-07-24 19:15:08,680 - sflow.task.server_8 - INFO - 1:
2026-07-24 19:15:08,680 - sflow.task.server_8 - INFO - Loading weights:  33%|███▎      | 483/1458 [00:23<00:22, 43.01it/s]
2026-07-24 19:15:08,781 - sflow.task.server_8 - INFO - 7:
2026-07-24 19:15:08,781 - sflow.task.server_8 - INFO - Loading weights:  24%|██▍       | 349/1458 [00:20<01:05, 17.01it/s]
2026-07-24 19:15:08,832 - sflow.task.server_8 - INFO - 6:
2026-07-24 19:15:08,833 - sflow.task.server_8 - INFO - Loading weights:  23%|██▎       | 342/1458 [00:20<01:29, 12.47it/s]
2026-07-24 19:15:08,934 - sflow.task.server_8 - INFO - 7:
2026-07-24 19:15:08,934 - sflow.task.server_8 - INFO - Loading weights:  25%|██▍       | 358/1458 [00:20<00:47, 23.22it/s]
2026-07-24 19:15:08,934 - sflow.task.server_8 - INFO - 6:
2026-07-24 19:15:08,934 - sflow.task.server_8 - INFO - Loading weights:  24%|██▎       | 346/1458 [00:20<01:16, 14.50it/s]
2026-07-24 19:15:09,088 - sflow.task.server_8 - INFO - 6:
2026-07-24 19:15:09,088 - sflow.task.server_8 - INFO - Loading weights:  24%|██▍       | 356/1458 [00:20<00:48, 22.63it/s]
2026-07-24 19:15:09,191 - sflow.task.server_8 - INFO - 6:
2026-07-24 19:15:09,191 - sflow.task.server_8 - INFO - Loading weights:  25%|██▍       | 363/1458 [00:20<00:39, 27.62it/s]
2026-07-24 19:15:09,191 - sflow.task.server_8 - INFO - 0:
2026-07-24 19:15:09,191 - sflow.task.server_8 - INFO - Loading weights:  35%|███▍      | 510/1458 [00:24<01:03, 14.98it/s]
2026-07-24 19:15:09,295 - sflow.task.server_8 - INFO - 0:
2026-07-24 19:15:09,295 - sflow.task.server_8 - INFO - Loading weights:  35%|███▌      | 517/1458 [00:24<00:49, 19.01it/s]
2026-07-24 19:15:09,397 - sflow.task.server_8 - INFO - 0:
2026-07-24 19:15:09,397 - sflow.task.server_8 - INFO - Loading weights:  36%|███▌      | 527/1458 [00:24<00:34, 26.71it/s]
2026-07-24 19:15:09,448 - sflow.task.server_8 - INFO - 2:
2026-07-24 19:15:09,448 - sflow.task.server_8 - INFO - Loading weights:  37%|███▋      | 534/1458 [00:24<01:15, 12.30it/s]
2026-07-24 19:15:09,499 - sflow.task.server_8 - INFO - 3:
2026-07-24 19:15:09,499 - sflow.task.server_8 - INFO - Loading weights:  37%|███▋      | 535/1458 [00:24<00:56, 16.39it/s]
2026-07-24 19:15:09,551 - sflow.task.server_8 - INFO - 2:
2026-07-24 19:15:09,551 - sflow.task.server_8 - INFO - Loading weights:  37%|███▋      | 538/1458 [00:24<01:04, 14.32it/s]
2026-07-24 19:15:09,551 - sflow.task.server_8 - INFO - 5:
2026-07-24 19:15:09,551 - sflow.task.server_8 - INFO - Loading weights:  25%|██▌       | 369/1458 [00:20<01:30, 12.09it/s]
2026-07-24 19:15:09,601 - sflow.task.server_8 - INFO - 4:
2026-07-24 19:15:09,601 - sflow.task.server_8 - INFO - Loading weights:  25%|██▌       | 366/1458 [00:20<01:37, 11.24it/s]
2026-07-24 19:15:09,601 - sflow.task.server_8 - INFO - 3:
2026-07-24 19:15:09,601 - sflow.task.server_8 - INFO - Loading weights:  37%|███▋      | 541/1458 [00:24<00:46, 19.72it/s]
2026-07-24 19:15:09,652 - sflow.task.server_8 - INFO - 2:
2026-07-24 19:15:09,652 - sflow.task.server_8 - INFO - Loading weights:  38%|███▊      | 548/1458 [00:24<00:40, 22.38it/s]
2026-07-24 19:15:09,652 - sflow.task.server_8 - INFO - 5:
2026-07-24 19:15:09,652 - sflow.task.server_8 - INFO - Loading weights:  26%|██▌       | 379/1458 [00:20<00:56, 19.09it/s]
2026-07-24 19:15:09,704 - sflow.task.server_8 - INFO - 4:
2026-07-24 19:15:09,704 - sflow.task.server_8 - INFO - Loading weights:  25%|██▌       | 370/1458 [00:20<01:21, 13.43it/s]
2026-07-24 19:15:09,704 - sflow.task.server_8 - INFO - 3:
2026-07-24 19:15:09,704 - sflow.task.server_8 - INFO - Loading weights:  38%|███▊      | 551/1458 [00:24<00:32, 27.83it/s]
2026-07-24 19:15:09,806 - sflow.task.server_8 - INFO - 2:
2026-07-24 19:15:09,806 - sflow.task.server_8 - INFO - Loading weights:  38%|███▊      | 553/1458 [00:24<00:35, 25.35it/s]
2026-07-24 19:15:09,806 - sflow.task.server_8 - INFO - 4:
2026-07-24 19:15:09,806 - sflow.task.server_8 - INFO - Loading weights:  26%|██▌       | 380/1458 [00:21<00:49, 21.77it/s]
2026-07-24 19:15:09,806 - sflow.task.server_8 - INFO - 1:
2026-07-24 19:15:09,806 - sflow.task.server_8 - INFO - Loading weights:  34%|███▎      | 489/1458 [00:24<01:01, 15.82it/s]
2026-07-24 19:15:09,908 - sflow.task.server_8 - INFO - 5:
2026-07-24 19:15:09,908 - sflow.task.server_8 - INFO - Loading weights:  26%|██▋       | 385/1458 [00:21<00:51, 20.65it/s]
2026-07-24 19:15:09,908 - sflow.task.server_8 - INFO - 7:
2026-07-24 19:15:09,908 - sflow.task.server_8 - INFO - Loading weights:  25%|██▌       | 366/1458 [00:21<01:15, 14.51it/s]
2026-07-24 19:15:09,959 - sflow.task.server_8 - INFO - 4:
2026-07-24 19:15:09,959 - sflow.task.server_8 - INFO - Loading weights:  27%|██▋       | 387/1458 [00:21<00:39, 26.85it/s]
2026-07-24 19:15:09,959 - sflow.task.server_8 - INFO - 1:
2026-07-24 19:15:09,959 - sflow.task.server_8 - INFO - Loading weights:  34%|███▍      | 500/1458 [00:24<00:41, 23.36it/s]
2026-07-24 19:15:10,062 - sflow.task.server_8 - INFO - 1:
2026-07-24 19:15:10,062 - sflow.task.server_8 - INFO - Loading weights:  35%|███▍      | 507/1458 [00:25<00:33, 27.97it/s]
2026-07-24 19:15:10,062 - sflow.task.server_8 - INFO - 7:
2026-07-24 19:15:10,062 - sflow.task.server_8 - INFO - Loading weights:  26%|██▌       | 373/1458 [00:21<00:59, 18.37it/s]
2026-07-24 19:15:10,113 - sflow.task.server_8 - INFO - 6:
2026-07-24 19:15:10,113 - sflow.task.server_8 - INFO - Loading weights:  25%|██▌       | 369/1458 [00:21<01:13, 14.76it/s]
2026-07-24 19:15:10,164 - sflow.task.server_8 - INFO - 7:
2026-07-24 19:15:10,164 - sflow.task.server_8 - INFO - Loading weights:  26%|██▌       | 382/1458 [00:21<00:43, 25.00it/s]
2026-07-24 19:15:10,164 - sflow.task.server_8 - INFO - 5:
2026-07-24 19:15:10,164 - sflow.task.server_8 - INFO - Loading weights:  27%|██▋       | 390/1458 [00:21<00:52, 20.40it/s]
2026-07-24 19:15:10,215 - sflow.task.server_8 - INFO - 6:
2026-07-24 19:15:10,215 - sflow.task.server_8 - INFO - Loading weights:  26%|██▌       | 374/1458 [00:21<01:01, 17.69it/s]
2026-07-24 19:15:10,266 - sflow.task.server_8 - INFO - 0:
2026-07-24 19:15:10,266 - sflow.task.server_8 - INFO - Loading weights:  37%|███▋      | 534/1458 [00:25<00:54, 16.91it/s]
2026-07-24 19:15:10,266 - sflow.task.server_8 - INFO - 4:
2026-07-24 19:15:10,267 - sflow.task.server_8 - INFO - Loading weights:  27%|██▋       | 393/1458 [00:21<00:44, 23.90it/s]
2026-07-24 19:15:10,318 - sflow.task.server_8 - INFO - 5:
2026-07-24 19:15:10,318 - sflow.task.server_8 - INFO - Loading weights:  27%|██▋       | 394/1458 [00:21<00:48, 21.74it/s]
2026-07-24 19:15:10,318 - sflow.task.server_8 - INFO - 6:
2026-07-24 19:15:10,318 - sflow.task.server_8 - INFO - Loading weights:  26%|██▌       | 382/1458 [00:21<00:44, 24.27it/s]
2026-07-24 19:15:10,369 - sflow.task.server_8 - INFO - 0:
2026-07-24 19:15:10,369 - sflow.task.server_8 - INFO - Loading weights:  37%|███▋      | 541/1458 [00:25<00:43, 21.17it/s]
2026-07-24 19:15:10,369 - sflow.task.server_8 - INFO - 4:
2026-07-24 19:15:10,369 - sflow.task.server_8 - INFO - Loading weights:  28%|██▊       | 403/1458 [00:21<00:31, 33.25it/s]
2026-07-24 19:15:10,420 - sflow.task.server_8 - INFO - 5:
2026-07-24 19:15:10,420 - sflow.task.server_8 - INFO - Loading weights:  28%|██▊       | 404/1458 [00:21<00:33, 31.18it/s]
2026-07-24 19:15:10,471 - sflow.task.server_8 - INFO - 0:
2026-07-24 19:15:10,471 - sflow.task.server_8 - INFO - Loading weights:  38%|███▊      | 551/1458 [00:25<00:30, 29.39it/s]
2026-07-24 19:15:10,574 - sflow.task.server_8 - INFO - 4:
2026-07-24 19:15:10,574 - sflow.task.server_8 - INFO - Loading weights:  28%|██▊       | 409/1458 [00:21<00:31, 33.62it/s]
2026-07-24 19:15:10,574 - sflow.task.server_8 - INFO - 5:
2026-07-24 19:15:10,574 - sflow.task.server_8 - INFO - Loading weights:  28%|██▊       | 409/1458 [00:21<00:31, 33.26it/s]
2026-07-24 19:15:10,625 - sflow.task.server_8 - INFO - 6:
2026-07-24 19:15:10,625 - sflow.task.server_8 - INFO - Loading weights:  27%|██▋       | 390/1458 [00:21<00:42, 24.89it/s]
2026-07-24 19:15:10,778 - sflow.task.server_8 - INFO - 6:
2026-07-24 19:15:10,778 - sflow.task.server_8 - INFO - Loading weights:  27%|██▋       | 397/1458 [00:22<00:36, 29.17it/s]
2026-07-24 19:15:10,880 - sflow.task.server_8 - INFO - 2:
2026-07-24 19:15:10,880 - sflow.task.server_8 - INFO - Loading weights:  38%|███▊      | 558/1458 [00:25<01:16, 11.80it/s]
2026-07-24 19:15:10,880 - sflow.task.server_8 - INFO - 3:
2026-07-24 19:15:10,880 - sflow.task.server_8 - INFO - Loading weights:  38%|███▊      | 558/1458 [00:25<01:04, 13.97it/s]
2026-07-24 19:15:10,930 - sflow.task.server_8 - INFO - 6:
2026-07-24 19:15:10,931 - sflow.task.server_8 - INFO - Loading weights:  28%|██▊       | 404/1458 [00:22<00:31, 33.36it/s]
2026-07-24 19:15:10,931 - sflow.task.server_8 - INFO - 4:
2026-07-24 19:15:10,931 - sflow.task.server_8 - INFO - Loading weights:  28%|██▊       | 414/1458 [00:22<00:42, 24.28it/s]
2026-07-24 19:15:10,982 - sflow.task.server_8 - INFO - 2:
2026-07-24 19:15:10,982 - sflow.task.server_8 - INFO - Loading weights:  39%|███▊      | 562/1458 [00:25<01:04, 13.84it/s]
2026-07-24 19:15:10,982 - sflow.task.server_8 - INFO - 3:
2026-07-24 19:15:10,982 - sflow.task.server_8 - INFO - Loading weights:  39%|███▉      | 565/1458 [00:25<00:50, 17.84it/s]
2026-07-24 19:15:11,033 - sflow.task.server_8 - INFO - 6:
2026-07-24 19:15:11,033 - sflow.task.server_8 - INFO - Loading weights:  28%|██▊       | 409/1458 [00:22<00:29, 35.20it/s]
2026-07-24 19:15:11,084 - sflow.task.server_8 - INFO - 4:
2026-07-24 19:15:11,085 - sflow.task.server_8 - INFO - Loading weights:  29%|██▊       | 418/1458 [00:22<00:40, 25.47it/s]
2026-07-24 19:15:11,085 - sflow.task.server_8 - INFO - 1:
2026-07-24 19:15:11,085 - sflow.task.server_8 - INFO - Loading weights:  35%|███▌      | 513/1458 [00:26<01:05, 14.38it/s]
2026-07-24 19:15:11,085 - sflow.task.server_8 - INFO - 2:
2026-07-24 19:15:11,085 - sflow.task.server_8 - INFO - Loading weights:  39%|███▉      | 572/1458 [00:26<00:39, 22.18it/s]
2026-07-24 19:15:11,136 - sflow.task.server_8 - INFO - 3:
2026-07-24 19:15:11,136 - sflow.task.server_8 - INFO - Loading weights:  39%|███▉      | 574/1458 [00:26<00:36, 24.05it/s]
2026-07-24 19:15:11,187 - sflow.task.server_8 - INFO - 7:
2026-07-24 19:15:11,187 - sflow.task.server_8 - INFO - Loading weights:  27%|██▋       | 390/1458 [00:22<01:11, 14.84it/s]
2026-07-24 19:15:11,187 - sflow.task.server_8 - INFO - 4:
2026-07-24 19:15:11,187 - sflow.task.server_8 - INFO - Loading weights:  29%|██▉       | 428/1458 [00:22<00:29, 35.47it/s]
2026-07-24 19:15:11,238 - sflow.task.server_8 - INFO - 1:
2026-07-24 19:15:11,238 - sflow.task.server_8 - INFO - Loading weights:  36%|███▌      | 524/1458 [00:26<00:44, 21.18it/s]
2026-07-24 19:15:11,238 - sflow.task.server_8 - INFO - 2:
2026-07-24 19:15:11,238 - sflow.task.server_8 - INFO - Loading weights:  40%|███▉      | 577/1458 [00:26<00:35, 24.69it/s]
2026-07-24 19:15:11,238 - sflow.task.server_8 - INFO - 3:
2026-07-24 19:15:11,238 - sflow.task.server_8 - INFO - Loading weights:  40%|███▉      | 580/1458 [00:26<00:32, 27.04it/s]
2026-07-24 19:15:11,289 - sflow.task.server_8 - INFO - 4:
2026-07-24 19:15:11,290 - sflow.task.server_8 - INFO - Loading weights:  30%|██▉       | 435/1458 [00:22<00:24, 41.36it/s]
2026-07-24 19:15:11,341 - sflow.task.server_8 - INFO - 1:
2026-07-24 19:15:11,341 - sflow.task.server_8 - INFO - Loading weights:  36%|███▋      | 531/1458 [00:26<00:36, 25.47it/s]
2026-07-24 19:15:11,341 - sflow.task.server_8 - INFO - 7:
2026-07-24 19:15:11,341 - sflow.task.server_8 - INFO - Loading weights:  27%|██▋       | 395/1458 [00:22<01:03, 16.85it/s]
2026-07-24 19:15:11,392 - sflow.task.server_8 - INFO - 0:
2026-07-24 19:15:11,392 - sflow.task.server_8 - INFO - Loading weights:  38%|███▊      | 558/1458 [00:26<00:54, 16.60it/s]
2026-07-24 19:15:11,444 - sflow.task.server_8 - INFO - 2:
2026-07-24 19:15:11,444 - sflow.task.server_8 - INFO - Loading weights:  40%|███▉      | 582/1458 [00:26<00:35, 24.73it/s]
2026-07-24 19:15:11,495 - sflow.task.server_8 - INFO - 7:
2026-07-24 19:15:11,495 - sflow.task.server_8 - INFO - Loading weights:  28%|██▊       | 403/1458 [00:22<00:47, 22.19it/s]
2026-07-24 19:15:11,495 - sflow.task.server_8 - INFO - 0:
2026-07-24 19:15:11,495 - sflow.task.server_8 - INFO - Loading weights:  39%|███▉      | 565/1458 [00:26<00:42, 20.86it/s]
2026-07-24 19:15:11,546 - sflow.task.server_8 - INFO - 2:
2026-07-24 19:15:11,546 - sflow.task.server_8 - INFO - Loading weights:  40%|████      | 586/1458 [00:26<00:33, 26.34it/s]
2026-07-24 19:15:11,597 - sflow.task.server_8 - INFO - 3:
2026-07-24 19:15:11,597 - sflow.task.server_8 - INFO - Loading weights:  40%|████      | 586/1458 [00:26<00:37, 23.56it/s]
2026-07-24 19:15:11,597 - sflow.task.server_8 - INFO - 7:
2026-07-24 19:15:11,597 - sflow.task.server_8 - INFO - Loading weights:  28%|██▊       | 409/1458 [00:22<00:41, 25.38it/s]
2026-07-24 19:15:11,648 - sflow.task.server_8 - INFO - 0:
2026-07-24 19:15:11,648 - sflow.task.server_8 - INFO - Loading weights:  40%|███▉      | 577/1458 [00:26<00:29, 30.33it/s]
2026-07-24 19:15:11,648 - sflow.task.server_8 - INFO - 2:
2026-07-24 19:15:11,648 - sflow.task.server_8 - INFO - Loading weights:  41%|████      | 596/1458 [00:26<00:22, 38.31it/s]
2026-07-24 19:15:11,648 - sflow.task.server_8 - INFO - 5:
2026-07-24 19:15:11,648 - sflow.task.server_8 - INFO - Loading weights:  28%|██▊       | 414/1458 [00:22<01:22, 12.68it/s]
2026-07-24 19:15:11,699 - sflow.task.server_8 - INFO - 3:
2026-07-24 19:15:11,699 - sflow.task.server_8 - INFO - Loading weights:  41%|████      | 596/1458 [00:26<00:26, 32.80it/s]
2026-07-24 19:15:11,750 - sflow.task.server_8 - INFO - 5:
2026-07-24 19:15:11,750 - sflow.task.server_8 - INFO - Loading weights:  29%|██▊       | 418/1458 [00:22<01:09, 14.92it/s]
2026-07-24 19:15:11,800 - sflow.task.server_8 - INFO - 2:
2026-07-24 19:15:11,800 - sflow.task.server_8 - INFO - Loading weights:  41%|████▏     | 602/1458 [00:26<00:22, 38.02it/s]
2026-07-24 19:15:11,801 - sflow.task.server_8 - INFO - 3:
2026-07-24 19:15:11,801 - sflow.task.server_8 - INFO - Loading weights:  41%|████▏     | 602/1458 [00:26<00:23, 36.50it/s]
2026-07-24 19:15:11,902 - sflow.task.server_8 - INFO - 5:
2026-07-24 19:15:11,902 - sflow.task.server_8 - INFO - Loading weights:  29%|██▉       | 428/1458 [00:23<00:43, 23.53it/s]
2026-07-24 19:15:11,953 - sflow.task.server_8 - INFO - 6:
2026-07-24 19:15:11,953 - sflow.task.server_8 - INFO - Loading weights:  28%|██▊       | 414/1458 [00:23<01:09, 15.04it/s]
2026-07-24 19:15:12,005 - sflow.task.server_8 - INFO - 5:
2026-07-24 19:15:12,005 - sflow.task.server_8 - INFO - Loading weights:  30%|██▉       | 435/1458 [00:23<00:35, 28.83it/s]
2026-07-24 19:15:12,056 - sflow.task.server_8 - INFO - 6:
2026-07-24 19:15:12,056 - sflow.task.server_8 - INFO - Loading weights:  29%|██▊       | 418/1458 [00:23<01:00, 17.14it/s]
2026-07-24 19:15:12,158 - sflow.task.server_8 - INFO - 6:
2026-07-24 19:15:12,158 - sflow.task.server_8 - INFO - Loading weights:  29%|██▉       | 428/1458 [00:23<00:38, 26.62it/s]
2026-07-24 19:15:12,260 - sflow.task.server_8 - INFO - 4:
2026-07-24 19:15:12,260 - sflow.task.server_8 - INFO - Loading weights:  30%|███       | 441/1458 [00:23<01:00, 16.90it/s]
2026-07-24 19:15:12,312 - sflow.task.server_8 - INFO - 6:
2026-07-24 19:15:12,312 - sflow.task.server_8 - INFO - Loading weights:  30%|██▉       | 435/1458 [00:23<00:32, 31.27it/s]
2026-07-24 19:15:12,362 - sflow.task.server_8 - INFO - 4:
2026-07-24 19:15:12,362 - sflow.task.server_8 - INFO - Loading weights:  31%|███       | 451/1458 [00:23<00:40, 24.67it/s]
2026-07-24 19:15:12,413 - sflow.task.server_8 - INFO - 1:
2026-07-24 19:15:12,414 - sflow.task.server_8 - INFO - Loading weights:  37%|███▋      | 537/1458 [00:27<01:06, 13.80it/s]
2026-07-24 19:15:12,414 - sflow.task.server_8 - INFO - 0:
2026-07-24 19:15:12,414 - sflow.task.server_8 - INFO - Loading weights:  40%|████      | 584/1458 [00:27<00:46, 18.84it/s]
2026-07-24 19:15:12,465 - sflow.task.server_8 - INFO - 7:
2026-07-24 19:15:12,465 - sflow.task.server_8 - INFO - Loading weights:  28%|██▊       | 414/1458 [00:23<01:13, 14.28it/s]
2026-07-24 19:15:12,465 - sflow.task.server_8 - INFO - 4:
2026-07-24 19:15:12,465 - sflow.task.server_8 - INFO - Loading weights:  31%|███▏      | 457/1458 [00:23<00:35, 27.92it/s]
2026-07-24 19:15:12,516 - sflow.task.server_8 - INFO - 1:
2026-07-24 19:15:12,516 - sflow.task.server_8 - INFO - Loading weights:  38%|███▊      | 547/1458 [00:27<00:45, 20.05it/s]
2026-07-24 19:15:12,567 - sflow.task.server_8 - INFO - 0:
2026-07-24 19:15:12,567 - sflow.task.server_8 - INFO - Loading weights:  41%|████      | 596/1458 [00:27<00:31, 27.51it/s]
2026-07-24 19:15:12,567 - sflow.task.server_8 - INFO - 7:
2026-07-24 19:15:12,567 - sflow.task.server_8 - INFO - Loading weights:  29%|██▊       | 418/1458 [00:23<01:03, 16.38it/s]
2026-07-24 19:15:12,619 - sflow.task.server_8 - INFO - 6:
2026-07-24 19:15:12,619 - sflow.task.server_8 - INFO - Loading weights:  30%|███       | 441/1458 [00:23<00:37, 27.17it/s]
2026-07-24 19:15:12,619 - sflow.task.server_8 - INFO - 1:
2026-07-24 19:15:12,619 - sflow.task.server_8 - INFO - Loading weights:  38%|███▊      | 553/1458 [00:27<00:38, 23.31it/s]
2026-07-24 19:15:12,671 - sflow.task.server_8 - INFO - 3:
2026-07-24 19:15:12,671 - sflow.task.server_8 - INFO - Loading weights:  42%|████▏     | 608/1458 [00:27<00:48, 17.62it/s]
2026-07-24 19:15:12,671 - sflow.task.server_8 - INFO - 7:
2026-07-24 19:15:12,671 - sflow.task.server_8 - INFO - Loading weights:  29%|██▉       | 428/1458 [00:23<00:40, 25.24it/s]
2026-07-24 19:15:12,671 - sflow.task.server_8 - INFO - 2:
2026-07-24 19:15:12,671 - sflow.task.server_8 - INFO - Loading weights:  42%|████▏     | 607/1458 [00:27<00:53, 15.98it/s]
2026-07-24 19:15:12,722 - sflow.task.server_8 - INFO - 6:
2026-07-24 19:15:12,722 - sflow.task.server_8 - INFO - Loading weights:  31%|███       | 452/1458 [00:23<00:26, 38.15it/s]
2026-07-24 19:15:12,773 - sflow.task.server_8 - INFO - 3:
2026-07-24 19:15:12,773 - sflow.task.server_8 - INFO - Loading weights:  43%|████▎     | 620/1458 [00:27<00:31, 27.00it/s]
2026-07-24 19:15:12,773 - sflow.task.server_8 - INFO - 2:
2026-07-24 19:15:12,773 - sflow.task.server_8 - INFO - Loading weights:  42%|████▏     | 613/1458 [00:27<00:41, 20.28it/s]
2026-07-24 19:15:12,825 - sflow.task.server_8 - INFO - 5:
2026-07-24 19:15:12,825 - sflow.task.server_8 - INFO - Loading weights:  30%|███       | 441/1458 [00:24<01:02, 16.30it/s]
2026-07-24 19:15:12,825 - sflow.task.server_8 - INFO - 7:
2026-07-24 19:15:12,825 - sflow.task.server_8 - INFO - Loading weights:  30%|██▉       | 435/1458 [00:24<00:34, 29.72it/s]
2026-07-24 19:15:12,825 - sflow.task.server_8 - INFO - 6:
2026-07-24 19:15:12,825 - sflow.task.server_8 - INFO - Loading weights:  31%|███▏      | 459/1458 [00:24<00:23, 42.01it/s]
2026-07-24 19:15:12,876 - sflow.task.server_8 - INFO - 2:
2026-07-24 19:15:12,876 - sflow.task.server_8 - INFO - Loading weights:  43%|████▎     | 623/1458 [00:27<00:27, 30.29it/s]
2026-07-24 19:15:12,928 - sflow.task.server_8 - INFO - 3:
2026-07-24 19:15:12,928 - sflow.task.server_8 - INFO - Loading weights:  43%|████▎     | 627/1458 [00:27<00:26, 31.79it/s]
2026-07-24 19:15:12,928 - sflow.task.server_8 - INFO - 5:
2026-07-24 19:15:12,928 - sflow.task.server_8 - INFO - Loading weights:  31%|███       | 451/1458 [00:24<00:41, 24.22it/s]
2026-07-24 19:15:13,029 - sflow.task.server_8 - INFO - 5:
2026-07-24 19:15:13,029 - sflow.task.server_8 - INFO - Loading weights:  31%|███▏      | 457/1458 [00:24<00:36, 27.28it/s]
2026-07-24 19:15:13,132 - sflow.task.server_8 - INFO - 7:
2026-07-24 19:15:13,132 - sflow.task.server_8 - INFO - Loading weights:  30%|███       | 441/1458 [00:24<00:39, 25.63it/s]
2026-07-24 19:15:13,233 - sflow.task.server_8 - INFO - 7:
2026-07-24 19:15:13,233 - sflow.task.server_8 - INFO - Loading weights:  31%|███       | 446/1458 [00:24<00:35, 28.81it/s]
2026-07-24 19:15:13,233 - sflow.task.server_8 - INFO - 2:
2026-07-24 19:15:13,233 - sflow.task.server_8 - INFO - Loading weights:  43%|████▎     | 630/1458 [00:28<00:31, 26.18it/s]
2026-07-24 19:15:13,387 - sflow.task.server_8 - INFO - 2:
2026-07-24 19:15:13,387 - sflow.task.server_8 - INFO - Loading weights:  44%|████▎     | 637/1458 [00:28<00:25, 31.72it/s]
2026-07-24 19:15:13,387 - sflow.task.server_8 - INFO - 7:
2026-07-24 19:15:13,387 - sflow.task.server_8 - INFO - Loading weights:  31%|███▏      | 457/1458 [00:24<00:25, 39.19it/s]
2026-07-24 19:15:13,439 - sflow.task.server_8 - INFO - 2:
2026-07-24 19:15:13,439 - sflow.task.server_8 - INFO - Loading weights:  44%|████▍     | 647/1458 [00:28<00:19, 42.67it/s]
2026-07-24 19:15:13,540 - sflow.task.server_8 - INFO - 4:
2026-07-24 19:15:13,540 - sflow.task.server_8 - INFO - Loading weights:  32%|███▏      | 463/1458 [00:24<01:11, 13.97it/s]
2026-07-24 19:15:13,540 - sflow.task.server_8 - INFO - 0:
2026-07-24 19:15:13,540 - sflow.task.server_8 - INFO - Loading weights:  42%|████▏     | 606/1458 [00:28<00:47, 17.75it/s]
2026-07-24 19:15:13,643 - sflow.task.server_8 - INFO - 4:
2026-07-24 19:15:13,643 - sflow.task.server_8 - INFO - Loading weights:  32%|███▏      | 469/1458 [00:24<00:56, 17.48it/s]
2026-07-24 19:15:13,643 - sflow.task.server_8 - INFO - 0:
2026-07-24 19:15:13,643 - sflow.task.server_8 - INFO - Loading weights:  42%|████▏     | 613/1458 [00:28<00:39, 21.48it/s]
2026-07-24 19:15:13,693 - sflow.task.server_8 - INFO - 1:
2026-07-24 19:15:13,693 - sflow.task.server_8 - INFO - Loading weights:  38%|███▊      | 559/1458 [00:28<01:08, 13.03it/s]
2026-07-24 19:15:13,744 - sflow.task.server_8 - INFO - 4:
2026-07-24 19:15:13,744 - sflow.task.server_8 - INFO - Loading weights:  33%|███▎      | 476/1458 [00:24<00:43, 22.71it/s]
2026-07-24 19:15:13,744 - sflow.task.server_8 - INFO - 0:
2026-07-24 19:15:13,744 - sflow.task.server_8 - INFO - Loading weights:  43%|████▎     | 623/1458 [00:28<00:29, 28.70it/s]
2026-07-24 19:15:13,795 - sflow.task.server_8 - INFO - 3:
2026-07-24 19:15:13,795 - sflow.task.server_8 - INFO - Loading weights:  43%|████▎     | 633/1458 [00:28<00:49, 16.80it/s]
2026-07-24 19:15:13,795 - sflow.task.server_8 - INFO - 1:
2026-07-24 19:15:13,795 - sflow.task.server_8 - INFO - Loading weights:  39%|███▉      | 565/1458 [00:28<00:54, 16.30it/s]
2026-07-24 19:15:13,846 - sflow.task.server_8 - INFO - 6:
2026-07-24 19:15:13,846 - sflow.task.server_8 - INFO - Loading weights:  32%|███▏      | 465/1458 [00:25<00:58, 16.97it/s]
2026-07-24 19:15:13,897 - sflow.task.server_8 - INFO - 3:
2026-07-24 19:15:13,897 - sflow.task.server_8 - INFO - Loading weights:  44%|████▍     | 643/1458 [00:28<00:33, 24.13it/s]
2026-07-24 19:15:13,897 - sflow.task.server_8 - INFO - 4:
2026-07-24 19:15:13,897 - sflow.task.server_8 - INFO - Loading weights:  33%|███▎      | 481/1458 [00:25<00:40, 24.30it/s]
2026-07-24 19:15:13,897 - sflow.task.server_8 - INFO - 1:
2026-07-24 19:15:13,897 - sflow.task.server_8 - INFO - Loading weights:  39%|███▉      | 574/1458 [00:28<00:38, 22.85it/s]
2026-07-24 19:15:13,948 - sflow.task.server_8 - INFO - 6:
2026-07-24 19:15:13,948 - sflow.task.server_8 - INFO - Loading weights:  33%|███▎      | 475/1458 [00:25<00:40, 23.99it/s]
2026-07-24 19:15:13,999 - sflow.task.server_8 - INFO - 5:
2026-07-24 19:15:13,999 - sflow.task.server_8 - INFO - Loading weights:  32%|███▏      | 463/1458 [00:25<01:07, 14.72it/s]
2026-07-24 19:15:13,999 - sflow.task.server_8 - INFO - 3:
2026-07-24 19:15:13,999 - sflow.task.server_8 - INFO - Loading weights:  45%|████▍     | 650/1458 [00:28<00:27, 29.07it/s]
2026-07-24 19:15:13,999 - sflow.task.server_8 - INFO - 0:
2026-07-24 19:15:13,999 - sflow.task.server_8 - INFO - Loading weights:  43%|████▎     | 630/1458 [00:28<00:28, 28.95it/s]
2026-07-24 19:15:14,102 - sflow.task.server_8 - INFO - 5:
2026-07-24 19:15:14,102 - sflow.task.server_8 - INFO - Loading weights:  32%|███▏      | 467/1458 [00:25<00:58, 16.83it/s]
2026-07-24 19:15:14,102 - sflow.task.server_8 - INFO - 0:
2026-07-24 19:15:14,102 - sflow.task.server_8 - INFO - Loading weights:  44%|████▎     | 637/1458 [00:29<00:24, 33.78it/s]
2026-07-24 19:15:14,102 - sflow.task.server_8 - INFO - 6:
2026-07-24 19:15:14,102 - sflow.task.server_8 - INFO - Loading weights:  33%|███▎      | 481/1458 [00:25<00:37, 26.20it/s]
2026-07-24 19:15:14,205 - sflow.task.server_8 - INFO - 5:
2026-07-24 19:15:14,205 - sflow.task.server_8 - INFO - Loading weights:  33%|███▎      | 476/1458 [00:25<00:40, 24.21it/s]
2026-07-24 19:15:14,205 - sflow.task.server_8 - INFO - 0:
2026-07-24 19:15:14,205 - sflow.task.server_8 - INFO - Loading weights:  44%|████▍     | 647/1458 [00:29<00:18, 43.53it/s]
2026-07-24 19:15:14,308 - sflow.task.server_8 - INFO - 1:
2026-07-24 19:15:14,308 - sflow.task.server_8 - INFO - Loading weights:  40%|███▉      | 582/1458 [00:29<00:39, 22.37it/s]
2026-07-24 19:15:14,308 - sflow.task.server_8 - INFO - 5:
2026-07-24 19:15:14,308 - sflow.task.server_8 - INFO - Loading weights:  33%|███▎      | 483/1458 [00:25<00:32, 29.67it/s]
2026-07-24 19:15:14,411 - sflow.task.server_8 - INFO - 1:
2026-07-24 19:15:14,411 - sflow.task.server_8 - INFO - Loading weights:  40%|████      | 589/1458 [00:29<00:31, 27.41it/s]
2026-07-24 19:15:14,462 - sflow.task.server_8 - INFO - 2:
2026-07-24 19:15:14,462 - sflow.task.server_8 - INFO - Loading weights:  45%|████▍     | 654/1458 [00:29<00:44, 18.03it/s]
2026-07-24 19:15:14,462 - sflow.task.server_8 - INFO - 7:
2026-07-24 19:15:14,462 - sflow.task.server_8 - INFO - Loading weights:  32%|███▏      | 463/1458 [00:25<01:04, 15.48it/s]
2026-07-24 19:15:14,513 - sflow.task.server_8 - INFO - 1:
2026-07-24 19:15:14,513 - sflow.task.server_8 - INFO - Loading weights:  41%|████      | 598/1458 [00:29<00:23, 35.91it/s]
2026-07-24 19:15:14,564 - sflow.task.server_8 - INFO - 2:
2026-07-24 19:15:14,564 - sflow.task.server_8 - INFO - Loading weights:  45%|████▌     | 661/1458 [00:29<00:35, 22.58it/s]
2026-07-24 19:15:14,564 - sflow.task.server_8 - INFO - 0:
2026-07-24 19:15:14,564 - sflow.task.server_8 - INFO - Loading weights:  45%|████▍     | 654/1458 [00:29<00:24, 32.21it/s]
2026-07-24 19:15:14,667 - sflow.task.server_8 - INFO - 7:
2026-07-24 19:15:14,667 - sflow.task.server_8 - INFO - Loading weights:  32%|███▏      | 467/1458 [00:25<00:59, 16.55it/s]
2026-07-24 19:15:14,667 - sflow.task.server_8 - INFO - 2:
2026-07-24 19:15:14,667 - sflow.task.server_8 - INFO - Loading weights:  46%|████▌     | 671/1458 [00:29<00:25, 31.35it/s]
2026-07-24 19:15:14,719 - sflow.task.server_8 - INFO - 0:
2026-07-24 19:15:14,719 - sflow.task.server_8 - INFO - Loading weights:  45%|████▌     | 661/1458 [00:29<00:21, 37.07it/s]
2026-07-24 19:15:14,769 - sflow.task.server_8 - INFO - 4:
2026-07-24 19:15:14,769 - sflow.task.server_8 - INFO - Loading weights:  33%|███▎      | 486/1458 [00:25<01:14, 13.13it/s]
2026-07-24 19:15:14,821 - sflow.task.server_8 - INFO - 7:
2026-07-24 19:15:14,821 - sflow.task.server_8 - INFO - Loading weights:  33%|███▎      | 475/1458 [00:26<00:44, 22.09it/s]
2026-07-24 19:15:14,821 - sflow.task.server_8 - INFO - 0:
2026-07-24 19:15:14,821 - sflow.task.server_8 - INFO - Loading weights:  46%|████▌     | 671/1458 [00:29<00:16, 47.39it/s]
2026-07-24 19:15:14,872 - sflow.task.server_8 - INFO - 3:
2026-07-24 19:15:14,872 - sflow.task.server_8 - INFO - Loading weights:  45%|████▌     | 657/1458 [00:29<00:47, 16.80it/s]
2026-07-24 19:15:14,923 - sflow.task.server_8 - INFO - 4:
2026-07-24 19:15:14,923 - sflow.task.server_8 - INFO - Loading weights:  34%|███▎      | 490/1458 [00:26<01:03, 15.15it/s]
2026-07-24 19:15:14,923 - sflow.task.server_8 - INFO - 7:
2026-07-24 19:15:14,923 - sflow.task.server_8 - INFO - Loading weights:  33%|███▎      | 480/1458 [00:26<00:38, 25.21it/s]
2026-07-24 19:15:14,974 - sflow.task.server_8 - INFO - 3:
2026-07-24 19:15:14,974 - sflow.task.server_8 - INFO - Loading weights:  46%|████▌     | 668/1458 [00:29<00:32, 24.66it/s]
2026-07-24 19:15:15,025 - sflow.task.server_8 - INFO - 0:
2026-07-24 19:15:15,025 - sflow.task.server_8 - INFO - Loading weights:  47%|████▋     | 678/1458 [00:30<00:18, 41.35it/s]
2026-07-24 19:15:15,076 - sflow.task.server_8 - INFO - 3:
2026-07-24 19:15:15,076 - sflow.task.server_8 - INFO - Loading weights:  46%|████▋     | 675/1458 [00:30<00:26, 29.45it/s]
2026-07-24 19:15:15,127 - sflow.task.server_8 - INFO - 4:
2026-07-24 19:15:15,127 - sflow.task.server_8 - INFO - Loading weights:  34%|███▍      | 500/1458 [00:26<00:43, 22.07it/s]
2026-07-24 19:15:15,127 - sflow.task.server_8 - INFO - 0:
2026-07-24 19:15:15,127 - sflow.task.server_8 - INFO - Loading weights:  47%|████▋     | 685/1458 [00:30<00:16, 45.69it/s]
2026-07-24 19:15:15,229 - sflow.task.server_8 - INFO - 6:
2026-07-24 19:15:15,229 - sflow.task.server_8 - INFO - Loading weights:  33%|███▎      | 486/1458 [00:26<01:16, 12.65it/s]
2026-07-24 19:15:15,229 - sflow.task.server_8 - INFO - 4:
2026-07-24 19:15:15,229 - sflow.task.server_8 - INFO - Loading weights:  35%|███▍      | 505/1458 [00:26<00:39, 24.13it/s]
2026-07-24 19:15:15,229 - sflow.task.server_8 - INFO - 0:
2026-07-24 19:15:15,229 - sflow.task.server_8 - INFO - Loading weights:  47%|████▋     | 692/1458 [00:30<00:15, 49.83it/s]
2026-07-24 19:15:15,331 - sflow.task.server_8 - INFO - 6:
2026-07-24 19:15:15,331 - sflow.task.server_8 - INFO - Loading weights:  34%|███▍      | 493/1458 [00:26<00:57, 16.68it/s]
2026-07-24 19:15:15,433 - sflow.task.server_8 - INFO - 5:
2026-07-24 19:15:15,433 - sflow.task.server_8 - INFO - Loading weights:  34%|███▎      | 489/1458 [00:26<01:11, 13.48it/s]
2026-07-24 19:15:15,433 - sflow.task.server_8 - INFO - 0:
2026-07-24 19:15:15,433 - sflow.task.server_8 - INFO - Loading weights:  48%|████▊     | 699/1458 [00:30<00:17, 44.48it/s]
2026-07-24 19:15:15,433 - sflow.task.server_8 - INFO - 6:
2026-07-24 19:15:15,433 - sflow.task.server_8 - INFO - Loading weights:  34%|███▍      | 500/1458 [00:26<00:44, 21.53it/s]
2026-07-24 19:15:15,535 - sflow.task.server_8 - INFO - 5:
2026-07-24 19:15:15,535 - sflow.task.server_8 - INFO - Loading weights:  34%|███▍      | 499/1458 [00:26<00:47, 20.13it/s]
2026-07-24 19:15:15,586 - sflow.task.server_8 - INFO - 6:
2026-07-24 19:15:15,586 - sflow.task.server_8 - INFO - Loading weights:  35%|███▍      | 507/1458 [00:26<00:35, 26.59it/s]
2026-07-24 19:15:15,637 - sflow.task.server_8 - INFO - 5:
2026-07-24 19:15:15,637 - sflow.task.server_8 - INFO - Loading weights:  35%|███▍      | 505/1458 [00:26<00:40, 23.82it/s]
2026-07-24 19:15:15,688 - sflow.task.server_8 - INFO - 1:
2026-07-24 19:15:15,688 - sflow.task.server_8 - INFO - Loading weights:  42%|████▏     | 606/1458 [00:30<00:54, 15.61it/s]
2026-07-24 19:15:15,739 - sflow.task.server_8 - INFO - 2:
2026-07-24 19:15:15,739 - sflow.task.server_8 - INFO - Loading weights:  47%|████▋     | 678/1458 [00:30<00:50, 15.43it/s]
2026-07-24 19:15:15,791 - sflow.task.server_8 - INFO - 1:
2026-07-24 19:15:15,791 - sflow.task.server_8 - INFO - Loading weights:  42%|████▏     | 613/1458 [00:30<00:43, 19.61it/s]
2026-07-24 19:15:15,842 - sflow.task.server_8 - INFO - 2:
2026-07-24 19:15:15,842 - sflow.task.server_8 - INFO - Loading weights:  47%|████▋     | 685/1458 [00:30<00:39, 19.60it/s]
2026-07-24 19:15:15,893 - sflow.task.server_8 - INFO - 1:
2026-07-24 19:15:15,893 - sflow.task.server_8 - INFO - Loading weights:  43%|████▎     | 622/1458 [00:30<00:31, 26.42it/s]
2026-07-24 19:15:15,995 - sflow.task.server_8 - INFO - 2:
2026-07-24 19:15:15,995 - sflow.task.server_8 - INFO - Loading weights:  48%|████▊     | 697/1458 [00:30<00:26, 28.27it/s]
2026-07-24 19:15:16,097 - sflow.task.server_8 - INFO - 3:
2026-07-24 19:15:16,097 - sflow.task.server_8 - INFO - Loading weights:  47%|████▋     | 682/1458 [00:31<00:49, 15.72it/s]
2026-07-24 19:15:16,097 - sflow.task.server_8 - INFO - 7:
2026-07-24 19:15:16,097 - sflow.task.server_8 - INFO - Loading weights:  33%|███▎      | 486/1458 [00:27<01:24, 11.57it/s]
2026-07-24 19:15:16,199 - sflow.task.server_8 - INFO - 3:
2026-07-24 19:15:16,199 - sflow.task.server_8 - INFO - Loading weights:  47%|████▋     | 692/1458 [00:31<00:34, 22.36it/s]
2026-07-24 19:15:16,250 - sflow.task.server_8 - INFO - 7:
2026-07-24 19:15:16,250 - sflow.task.server_8 - INFO - Loading weights:  34%|███▎      | 490/1458 [00:27<01:12, 13.41it/s]
2026-07-24 19:15:16,250 - sflow.task.server_8 - INFO - 1:
2026-07-24 19:15:16,250 - sflow.task.server_8 - INFO - Loading weights:  43%|████▎     | 630/1458 [00:31<00:33, 24.92it/s]
2026-07-24 19:15:16,301 - sflow.task.server_8 - INFO - 3:
2026-07-24 19:15:16,301 - sflow.task.server_8 - INFO - Loading weights:  48%|████▊     | 699/1458 [00:31<00:28, 27.06it/s]
2026-07-24 19:15:16,352 - sflow.task.server_8 - INFO - 4:
2026-07-24 19:15:16,352 - sflow.task.server_8 - INFO - Loading weights:  35%|███▍      | 510/1458 [00:27<01:22, 11.50it/s]
2026-07-24 19:15:16,352 - sflow.task.server_8 - INFO - 7:
2026-07-24 19:15:16,352 - sflow.task.server_8 - INFO - Loading weights:  34%|███▍      | 494/1458 [00:27<01:01, 15.69it/s]
2026-07-24 19:15:16,352 - sflow.task.server_8 - INFO - 1:
2026-07-24 19:15:16,352 - sflow.task.server_8 - INFO - Loading weights:  44%|████▎     | 635/1458 [00:31<00:29, 27.80it/s]
2026-07-24 19:15:16,455 - sflow.task.server_8 - INFO - 7:
2026-07-24 19:15:16,455 - sflow.task.server_8 - INFO - Loading weights:  34%|███▍      | 500/1458 [00:27<00:46, 20.55it/s]
2026-07-24 19:15:16,506 - sflow.task.server_8 - INFO - 4:
2026-07-24 19:15:16,506 - sflow.task.server_8 - INFO - Loading weights:  35%|███▌      | 514/1458 [00:27<01:11, 13.29it/s]
2026-07-24 19:15:16,506 - sflow.task.server_8 - INFO - 1:
2026-07-24 19:15:16,506 - sflow.task.server_8 - INFO - Loading weights:  44%|████▍     | 646/1458 [00:31<00:21, 38.14it/s]
2026-07-24 19:15:16,557 - sflow.task.server_8 - INFO - 7:
2026-07-24 19:15:16,557 - sflow.task.server_8 - INFO - Loading weights:  35%|███▍      | 505/1458 [00:27<00:39, 24.31it/s]
2026-07-24 19:15:16,608 - sflow.task.server_8 - INFO - 5:
2026-07-24 19:15:16,608 - sflow.task.server_8 - INFO - Loading weights:  35%|███▌      | 511/1458 [00:27<01:09, 13.68it/s]
2026-07-24 19:15:16,659 - sflow.task.server_8 - INFO - 4:
2026-07-24 19:15:16,659 - sflow.task.server_8 - INFO - Loading weights:  36%|███▌      | 524/1458 [00:27<00:45, 20.75it/s]
2026-07-24 19:15:16,710 - sflow.task.server_8 - INFO - 0:
2026-07-24 19:15:16,710 - sflow.task.server_8 - INFO - Loading weights:  48%|████▊     | 705/1458 [00:31<00:52, 14.27it/s]
2026-07-24 19:15:16,710 - sflow.task.server_8 - INFO - 5:
2026-07-24 19:15:16,710 - sflow.task.server_8 - INFO - Loading weights:  35%|███▌      | 517/1458 [00:27<00:54, 17.12it/s]
2026-07-24 19:15:16,761 - sflow.task.server_8 - INFO - 6:
2026-07-24 19:15:16,761 - sflow.task.server_8 - INFO - Loading weights:  35%|███▌      | 513/1458 [00:27<01:15, 12.49it/s]
2026-07-24 19:15:16,812 - sflow.task.server_8 - INFO - 4:
2026-07-24 19:15:16,813 - sflow.task.server_8 - INFO - Loading weights:  36%|███▋      | 529/1458 [00:28<00:41, 22.34it/s]
2026-07-24 19:15:16,813 - sflow.task.server_8 - INFO - 0:
2026-07-24 19:15:16,813 - sflow.task.server_8 - INFO - Loading weights:  49%|████▉     | 715/1458 [00:31<00:35, 20.85it/s]
2026-07-24 19:15:16,813 - sflow.task.server_8 - INFO - 5:
2026-07-24 19:15:16,813 - sflow.task.server_8 - INFO - Loading weights:  36%|███▌      | 526/1458 [00:28<00:38, 24.23it/s]
2026-07-24 19:15:16,864 - sflow.task.server_8 - INFO - 6:
2026-07-24 19:15:16,864 - sflow.task.server_8 - INFO - Loading weights:  36%|███▌      | 523/1458 [00:28<00:50, 18.67it/s]
2026-07-24 19:15:16,966 - sflow.task.server_8 - INFO - 6:
2026-07-24 19:15:16,966 - sflow.task.server_8 - INFO - Loading weights:  36%|███▋      | 529/1458 [00:28<00:42, 22.07it/s]
2026-07-24 19:15:17,017 - sflow.task.server_8 - INFO - 0:
2026-07-24 19:15:17,017 - sflow.task.server_8 - INFO - Loading weights:  49%|████▉     | 721/1458 [00:31<00:32, 22.75it/s]
2026-07-24 19:15:17,017 - sflow.task.server_8 - INFO - 2:
2026-07-24 19:15:17,017 - sflow.task.server_8 - INFO - Loading weights:  48%|████▊     | 704/1458 [00:31<00:47, 15.88it/s]
2026-07-24 19:15:17,118 - sflow.task.server_8 - INFO - 2:
2026-07-24 19:15:17,118 - sflow.task.server_8 - INFO - Loading weights:  49%|████▉     | 716/1458 [00:32<00:31, 23.53it/s]
2026-07-24 19:15:17,220 - sflow.task.server_8 - INFO - 2:
2026-07-24 19:15:17,220 - sflow.task.server_8 - INFO - Loading weights:  50%|████▉     | 723/1458 [00:32<00:26, 27.84it/s]
2026-07-24 19:15:17,220 - sflow.task.server_8 - INFO - 3:
2026-07-24 19:15:17,220 - sflow.task.server_8 - INFO - Loading weights:  48%|████▊     | 706/1458 [00:32<00:47, 15.80it/s]
2026-07-24 19:15:17,373 - sflow.task.server_8 - INFO - 3:
2026-07-24 19:15:17,374 - sflow.task.server_8 - INFO - Loading weights:  49%|████▉     | 718/1458 [00:32<00:31, 23.85it/s]
2026-07-24 19:15:17,577 - sflow.task.server_8 - INFO - 7:
2026-07-24 19:15:17,577 - sflow.task.server_8 - INFO - Loading weights:  35%|███▍      | 510/1458 [00:28<01:22, 11.45it/s]
2026-07-24 19:15:17,679 - sflow.task.server_8 - INFO - 1:
2026-07-24 19:15:17,679 - sflow.task.server_8 - INFO - Loading weights:  45%|████▍     | 654/1458 [00:32<00:49, 16.36it/s]
2026-07-24 19:15:17,679 - sflow.task.server_8 - INFO - 7:
2026-07-24 19:15:17,679 - sflow.task.server_8 - INFO - Loading weights:  35%|███▌      | 514/1458 [00:28<01:09, 13.65it/s]
2026-07-24 19:15:17,780 - sflow.task.server_8 - INFO - 1:
2026-07-24 19:15:17,780 - sflow.task.server_8 - INFO - Loading weights:  45%|████▌     | 661/1458 [00:32<00:39, 20.41it/s]
2026-07-24 19:15:17,831 - sflow.task.server_8 - INFO - 7:
2026-07-24 19:15:17,832 - sflow.task.server_8 - INFO - Loading weights:  36%|███▌      | 524/1458 [00:29<00:40, 22.79it/s]
2026-07-24 19:15:17,832 - sflow.task.server_8 - INFO - 4:
2026-07-24 19:15:17,832 - sflow.task.server_8 - INFO - Loading weights:  37%|███▋      | 534/1458 [00:29<01:18, 11.76it/s]
2026-07-24 19:15:17,832 - sflow.task.server_8 - INFO - 6:
2026-07-24 19:15:17,832 - sflow.task.server_8 - INFO - Loading weights:  37%|███▋      | 534/1458 [00:29<01:08, 13.43it/s]
2026-07-24 19:15:17,883 - sflow.task.server_8 - INFO - 1:
2026-07-24 19:15:17,883 - sflow.task.server_8 - INFO - Loading weights:  46%|████▌     | 670/1458 [00:32<00:29, 26.79it/s]
2026-07-24 19:15:17,934 - sflow.task.server_8 - INFO - 5:
2026-07-24 19:15:17,934 - sflow.task.server_8 - INFO - Loading weights:  37%|███▋      | 534/1458 [00:29<01:06, 13.99it/s]
2026-07-24 19:15:17,934 - sflow.task.server_8 - INFO - 7:
2026-07-24 19:15:17,934 - sflow.task.server_8 - INFO - Loading weights:  36%|███▋      | 531/1458 [00:29<00:32, 28.52it/s]
2026-07-24 19:15:17,934 - sflow.task.server_8 - INFO - 4:
2026-07-24 19:15:17,934 - sflow.task.server_8 - INFO - Loading weights:  37%|███▋      | 538/1458 [00:29<01:06, 13.77it/s]
2026-07-24 19:15:17,934 - sflow.task.server_8 - INFO - 0:
2026-07-24 19:15:17,934 - sflow.task.server_8 - INFO - Loading weights:  50%|████▉     | 726/1458 [00:32<00:55, 13.10it/s]
2026-07-24 19:15:17,934 - sflow.task.server_8 - INFO - 6:
2026-07-24 19:15:17,934 - sflow.task.server_8 - INFO - Loading weights:  37%|███▋      | 538/1458 [00:29<00:59, 15.54it/s]
2026-07-24 19:15:18,036 - sflow.task.server_8 - INFO - 5:
2026-07-24 19:15:18,036 - sflow.task.server_8 - INFO - Loading weights:  37%|███▋      | 541/1458 [00:29<00:51, 17.88it/s]
2026-07-24 19:15:18,036 - sflow.task.server_8 - INFO - 0:
2026-07-24 19:15:18,036 - sflow.task.server_8 - INFO - Loading weights:  50%|█████     | 730/1458 [00:33<00:48, 15.09it/s]
2026-07-24 19:15:18,087 - sflow.task.server_8 - INFO - 6:
2026-07-24 19:15:18,087 - sflow.task.server_8 - INFO - Loading weights:  38%|███▊      | 548/1458 [00:29<00:39, 23.33it/s]
2026-07-24 19:15:18,087 - sflow.task.server_8 - INFO - 4:
2026-07-24 19:15:18,087 - sflow.task.server_8 - INFO - Loading weights:  38%|███▊      | 548/1458 [00:29<00:42, 21.16it/s]
2026-07-24 19:15:18,138 - sflow.task.server_8 - INFO - 5:
2026-07-24 19:15:18,138 - sflow.task.server_8 - INFO - Loading weights:  38%|███▊      | 550/1458 [00:29<00:37, 24.25it/s]
2026-07-24 19:15:18,189 - sflow.task.server_8 - INFO - 0:
2026-07-24 19:15:18,189 - sflow.task.server_8 - INFO - Loading weights:  51%|█████     | 740/1458 [00:33<00:31, 22.68it/s]
2026-07-24 19:15:18,189 - sflow.task.server_8 - INFO - 2:
2026-07-24 19:15:18,189 - sflow.task.server_8 - INFO - Loading weights:  50%|█████     | 730/1458 [00:33<00:45, 16.14it/s]
2026-07-24 19:15:18,240 - sflow.task.server_8 - INFO - 7:
2026-07-24 19:15:18,240 - sflow.task.server_8 - INFO - Loading weights:  37%|███▋      | 537/1458 [00:29<00:36, 24.98it/s]
2026-07-24 19:15:18,240 - sflow.task.server_8 - INFO - 6:
2026-07-24 19:15:18,240 - sflow.task.server_8 - INFO - Loading weights:  38%|███▊      | 553/1458 [00:29<00:36, 24.68it/s]
2026-07-24 19:15:18,240 - sflow.task.server_8 - INFO - 4:
2026-07-24 19:15:18,241 - sflow.task.server_8 - INFO - Loading weights:  38%|███▊      | 553/1458 [00:29<00:39, 22.85it/s]
2026-07-24 19:15:18,292 - sflow.task.server_8 - INFO - 5:
2026-07-24 19:15:18,292 - sflow.task.server_8 - INFO - Loading weights:  38%|███▊      | 556/1458 [00:29<00:33, 27.16it/s]
2026-07-24 19:15:18,292 - sflow.task.server_8 - INFO - 2:
2026-07-24 19:15:18,292 - sflow.task.server_8 - INFO - Loading weights:  51%|█████     | 742/1458 [00:33<00:29, 24.01it/s]
2026-07-24 19:15:18,292 - sflow.task.server_8 - INFO - 3:
2026-07-24 19:15:18,292 - sflow.task.server_8 - INFO - Loading weights:  50%|████▉     | 726/1458 [00:33<00:46, 15.87it/s]
2026-07-24 19:15:18,343 - sflow.task.server_8 - INFO - 0:
2026-07-24 19:15:18,343 - sflow.task.server_8 - INFO - Loading weights:  51%|█████     | 745/1458 [00:33<00:28, 24.65it/s]
2026-07-24 19:15:18,343 - sflow.task.server_8 - INFO - 7:
2026-07-24 19:15:18,343 - sflow.task.server_8 - INFO - Loading weights:  38%|███▊      | 547/1458 [00:29<00:25, 35.59it/s]
2026-07-24 19:15:18,393 - sflow.task.server_8 - INFO - 3:
2026-07-24 19:15:18,393 - sflow.task.server_8 - INFO - Loading weights:  50%|█████     | 733/1458 [00:33<00:36, 19.62it/s]
2026-07-24 19:15:18,444 - sflow.task.server_8 - INFO - 1:
2026-07-24 19:15:18,444 - sflow.task.server_8 - INFO - Loading weights:  47%|████▋     | 678/1458 [00:33<00:36, 21.25it/s]
2026-07-24 19:15:18,495 - sflow.task.server_8 - INFO - 7:
2026-07-24 19:15:18,495 - sflow.task.server_8 - INFO - Loading weights:  38%|███▊      | 553/1458 [00:29<00:25, 35.52it/s]
2026-07-24 19:15:18,546 - sflow.task.server_8 - INFO - 3:
2026-07-24 19:15:18,546 - sflow.task.server_8 - INFO - Loading weights:  51%|█████     | 745/1458 [00:33<00:25, 27.64it/s]
2026-07-24 19:15:18,597 - sflow.task.server_8 - INFO - 1:
2026-07-24 19:15:18,597 - sflow.task.server_8 - INFO - Loading weights:  47%|████▋     | 685/1458 [00:33<00:30, 25.67it/s]
2026-07-24 19:15:18,699 - sflow.task.server_8 - INFO - 1:
2026-07-24 19:15:18,699 - sflow.task.server_8 - INFO - Loading weights:  48%|████▊     | 694/1458 [00:33<00:23, 33.01it/s]
2026-07-24 19:15:18,801 - sflow.task.server_8 - INFO - 1:
2026-07-24 19:15:18,801 - sflow.task.server_8 - INFO - Loading weights:  48%|████▊     | 700/1458 [00:33<00:20, 36.41it/s]
2026-07-24 19:15:19,259 - sflow.task.server_8 - INFO - 6:
2026-07-24 19:15:19,260 - sflow.task.server_8 - INFO - Loading weights:  38%|███▊      | 558/1458 [00:30<01:13, 12.25it/s]
2026-07-24 19:15:19,311 - sflow.task.server_8 - INFO - 4:
2026-07-24 19:15:19,311 - sflow.task.server_8 - INFO - Loading weights:  38%|███▊      | 558/1458 [00:30<01:16, 11.70it/s]
2026-07-24 19:15:19,311 - sflow.task.server_8 - INFO - 2:
2026-07-24 19:15:19,311 - sflow.task.server_8 - INFO - Loading weights:  51%|█████▏    | 750/1458 [00:34<00:45, 15.66it/s]
2026-07-24 19:15:19,414 - sflow.task.server_8 - INFO - 4:
2026-07-24 19:15:19,414 - sflow.task.server_8 - INFO - Loading weights:  39%|███▊      | 562/1458 [00:30<01:05, 13.76it/s]
2026-07-24 19:15:19,414 - sflow.task.server_8 - INFO - 5:
2026-07-24 19:15:19,414 - sflow.task.server_8 - INFO - Loading weights:  39%|███▊      | 562/1458 [00:30<01:07, 13.23it/s]
2026-07-24 19:15:19,414 - sflow.task.server_8 - INFO - 6:
2026-07-24 19:15:19,414 - sflow.task.server_8 - INFO - Loading weights:  39%|███▊      | 562/1458 [00:30<01:02, 14.23it/s]
2026-07-24 19:15:19,414 - sflow.task.server_8 - INFO - 2:
2026-07-24 19:15:19,414 - sflow.task.server_8 - INFO - Loading weights:  52%|█████▏    | 755/1458 [00:34<00:39, 17.77it/s]
2026-07-24 19:15:19,465 - sflow.task.server_8 - INFO - 0:
2026-07-24 19:15:19,465 - sflow.task.server_8 - INFO - Loading weights:  51%|█████▏    | 750/1458 [00:34<01:01, 11.49it/s]
2026-07-24 19:15:19,516 - sflow.task.server_8 - INFO - 2:
2026-07-24 19:15:19,516 - sflow.task.server_8 - INFO - Loading weights:  52%|█████▏    | 764/1458 [00:34<00:28, 24.08it/s]
2026-07-24 19:15:19,516 - sflow.task.server_8 - INFO - 7:
2026-07-24 19:15:19,516 - sflow.task.server_8 - INFO - Loading weights:  38%|███▊      | 559/1458 [00:30<00:59, 15.09it/s]
2026-07-24 19:15:19,567 - sflow.task.server_8 - INFO - 3:
2026-07-24 19:15:19,567 - sflow.task.server_8 - INFO - Loading weights:  52%|█████▏    | 751/1458 [00:34<00:45, 15.53it/s]
2026-07-24 19:15:19,567 - sflow.task.server_8 - INFO - 0:
2026-07-24 19:15:19,567 - sflow.task.server_8 - INFO - Loading weights:  52%|█████▏    | 757/1458 [00:34<00:44, 15.81it/s]
2026-07-24 19:15:19,567 - sflow.task.server_8 - INFO - 5:
2026-07-24 19:15:19,567 - sflow.task.server_8 - INFO - Loading weights:  39%|███▉      | 572/1458 [00:30<00:47, 18.67it/s]
2026-07-24 19:15:19,567 - sflow.task.server_8 - INFO - 6:
2026-07-24 19:15:19,567 - sflow.task.server_8 - INFO - Loading weights:  39%|███▉      | 572/1458 [00:30<00:41, 21.22it/s]
2026-07-24 19:15:19,567 - sflow.task.server_8 - INFO - 4:
2026-07-24 19:15:19,567 - sflow.task.server_8 - INFO - Loading weights:  39%|███▉      | 572/1458 [00:30<00:42, 20.75it/s]
2026-07-24 19:15:19,618 - sflow.task.server_8 - INFO - 2:
2026-07-24 19:15:19,618 - sflow.task.server_8 - INFO - Loading weights:  53%|█████▎    | 771/1458 [00:34<00:23, 29.01it/s]
2026-07-24 19:15:19,618 - sflow.task.server_8 - INFO - 7:
2026-07-24 19:15:19,618 - sflow.task.server_8 - INFO - Loading weights:  39%|███▊      | 563/1458 [00:30<00:52, 17.16it/s]
2026-07-24 19:15:19,669 - sflow.task.server_8 - INFO - 3:
2026-07-24 19:15:19,669 - sflow.task.server_8 - INFO - Loading weights:  52%|█████▏    | 757/1458 [00:34<00:37, 18.73it/s]
2026-07-24 19:15:19,669 - sflow.task.server_8 - INFO - 0:
2026-07-24 19:15:19,669 - sflow.task.server_8 - INFO - Loading weights:  53%|█████▎    | 767/1458 [00:34<00:28, 23.83it/s]
2026-07-24 19:15:19,720 - sflow.task.server_8 - INFO - 4:
2026-07-24 19:15:19,720 - sflow.task.server_8 - INFO - Loading weights:  40%|███▉      | 577/1458 [00:30<00:38, 23.13it/s]
2026-07-24 19:15:19,721 - sflow.task.server_8 - INFO - 5:
2026-07-24 19:15:19,721 - sflow.task.server_8 - INFO - Loading weights:  40%|███▉      | 577/1458 [00:30<00:42, 20.83it/s]
2026-07-24 19:15:19,721 - sflow.task.server_8 - INFO - 6:
2026-07-24 19:15:19,721 - sflow.task.server_8 - INFO - Loading weights:  40%|███▉      | 577/1458 [00:30<00:37, 23.54it/s]
2026-07-24 19:15:19,771 - sflow.task.server_8 - INFO - 7:
2026-07-24 19:15:19,772 - sflow.task.server_8 - INFO - Loading weights:  39%|███▉      | 571/1458 [00:30<00:37, 23.89it/s]
2026-07-24 19:15:19,772 - sflow.task.server_8 - INFO - 3:
2026-07-24 19:15:19,772 - sflow.task.server_8 - INFO - Loading weights:  53%|█████▎    | 767/1458 [00:34<00:26, 26.41it/s]
2026-07-24 19:15:19,874 - sflow.task.server_8 - INFO - 7:
2026-07-24 19:15:19,874 - sflow.task.server_8 - INFO - Loading weights:  40%|███▉      | 577/1458 [00:31<00:31, 28.02it/s]
2026-07-24 19:15:19,874 - sflow.task.server_8 - INFO - 2:
2026-07-24 19:15:19,874 - sflow.task.server_8 - INFO - Loading weights:  53%|█████▎    | 777/1458 [00:34<00:24, 27.95it/s]
2026-07-24 19:15:19,925 - sflow.task.server_8 - INFO - 0:
2026-07-24 19:15:19,926 - sflow.task.server_8 - INFO - Loading weights:  53%|█████▎    | 774/1458 [00:34<00:27, 25.05it/s]
2026-07-24 19:15:20,027 - sflow.task.server_8 - INFO - 1:
2026-07-24 19:15:20,027 - sflow.task.server_8 - INFO - Loading weights:  48%|████▊     | 706/1458 [00:34<00:53, 13.97it/s]
2026-07-24 19:15:20,027 - sflow.task.server_8 - INFO - 2:
2026-07-24 19:15:20,027 - sflow.task.server_8 - INFO - Loading weights:  54%|█████▍    | 788/1458 [00:34<00:17, 37.70it/s]
2026-07-24 19:15:20,027 - sflow.task.server_8 - INFO - 0:
2026-07-24 19:15:20,027 - sflow.task.server_8 - INFO - Loading weights:  54%|█████▎    | 781/1458 [00:35<00:22, 30.33it/s]
2026-07-24 19:15:20,078 - sflow.task.server_8 - INFO - 3:
2026-07-24 19:15:20,078 - sflow.task.server_8 - INFO - Loading weights:  53%|█████▎    | 774/1458 [00:35<00:26, 25.56it/s]
2026-07-24 19:15:20,129 - sflow.task.server_8 - INFO - 1:
2026-07-24 19:15:20,129 - sflow.task.server_8 - INFO - Loading weights:  49%|████▉     | 718/1458 [00:35<00:33, 21.87it/s]
2026-07-24 19:15:20,129 - sflow.task.server_8 - INFO - 0:
2026-07-24 19:15:20,129 - sflow.task.server_8 - INFO - Loading weights:  54%|█████▍    | 790/1458 [00:35<00:17, 38.48it/s]
2026-07-24 19:15:20,181 - sflow.task.server_8 - INFO - 2:
2026-07-24 19:15:20,181 - sflow.task.server_8 - INFO - Loading weights:  54%|█████▍    | 794/1458 [00:35<00:17, 38.26it/s]
2026-07-24 19:15:20,181 - sflow.task.server_8 - INFO - 3:
2026-07-24 19:15:20,181 - sflow.task.server_8 - INFO - Loading weights:  54%|█████▎    | 781/1458 [00:35<00:22, 30.70it/s]
2026-07-24 19:15:20,334 - sflow.task.server_8 - INFO - 3:
2026-07-24 19:15:20,334 - sflow.task.server_8 - INFO - Loading weights:  54%|█████▍    | 793/1458 [00:35<00:16, 40.89it/s]
2026-07-24 19:15:20,691 - sflow.task.server_8 - INFO - 6:
2026-07-24 19:15:20,691 - sflow.task.server_8 - INFO - Loading weights:  40%|███▉      | 582/1458 [00:31<01:11, 12.25it/s]
2026-07-24 19:15:20,743 - sflow.task.server_8 - INFO - 5:
2026-07-24 19:15:20,743 - sflow.task.server_8 - INFO - Loading weights:  40%|███▉      | 582/1458 [00:31<01:15, 11.65it/s]
2026-07-24 19:15:20,794 - sflow.task.server_8 - INFO - 4:
2026-07-24 19:15:20,794 - sflow.task.server_8 - INFO - Loading weights:  40%|███▉      | 582/1458 [00:32<01:16, 11.40it/s]
2026-07-24 19:15:20,844 - sflow.task.server_8 - INFO - 6:
2026-07-24 19:15:20,845 - sflow.task.server_8 - INFO - Loading weights:  40%|████      | 586/1458 [00:32<01:01, 14.25it/s]
2026-07-24 19:15:20,895 - sflow.task.server_8 - INFO - 5:
2026-07-24 19:15:20,895 - sflow.task.server_8 - INFO - Loading weights:  40%|████      | 589/1458 [00:32<00:55, 15.71it/s]
2026-07-24 19:15:20,946 - sflow.task.server_8 - INFO - 4:
2026-07-24 19:15:20,947 - sflow.task.server_8 - INFO - Loading weights:  40%|████      | 589/1458 [00:32<00:55, 15.63it/s]
2026-07-24 19:15:20,947 - sflow.task.server_8 - INFO - 7:
2026-07-24 19:15:20,947 - sflow.task.server_8 - INFO - Loading weights:  40%|███▉      | 582/1458 [00:32<01:11, 12.28it/s]
2026-07-24 19:15:20,998 - sflow.task.server_8 - INFO - 5:
2026-07-24 19:15:20,998 - sflow.task.server_8 - INFO - Loading weights:  41%|████      | 596/1458 [00:32<00:41, 20.57it/s]
2026-07-24 19:15:20,998 - sflow.task.server_8 - INFO - 6:
2026-07-24 19:15:20,998 - sflow.task.server_8 - INFO - Loading weights:  41%|████      | 596/1458 [00:32<00:40, 21.55it/s]
2026-07-24 19:15:21,050 - sflow.task.server_8 - INFO - 4:
2026-07-24 19:15:21,050 - sflow.task.server_8 - INFO - Loading weights:  41%|████      | 596/1458 [00:32<00:41, 20.58it/s]
2026-07-24 19:15:21,101 - sflow.task.server_8 - INFO - 0:
2026-07-24 19:15:21,101 - sflow.task.server_8 - INFO - Loading weights:  55%|█████▍    | 798/1458 [00:36<00:35, 18.48it/s]
2026-07-24 19:15:21,102 - sflow.task.server_8 - INFO - 7:
2026-07-24 19:15:21,102 - sflow.task.server_8 - INFO - Loading weights:  40%|████      | 589/1458 [00:32<00:52, 16.42it/s]
2026-07-24 19:15:21,153 - sflow.task.server_8 - INFO - 4:
2026-07-24 19:15:21,153 - sflow.task.server_8 - INFO - Loading weights:  41%|████      | 601/1458 [00:32<00:35, 23.97it/s]
2026-07-24 19:15:21,153 - sflow.task.server_8 - INFO - 5:
2026-07-24 19:15:21,153 - sflow.task.server_8 - INFO - Loading weights:  41%|████      | 601/1458 [00:32<00:38, 22.45it/s]
2026-07-24 19:15:21,153 - sflow.task.server_8 - INFO - 6:
2026-07-24 19:15:21,153 - sflow.task.server_8 - INFO - Loading weights:  41%|████      | 601/1458 [00:32<00:36, 23.37it/s]
2026-07-24 19:15:21,153 - sflow.task.server_8 - INFO - 2:
2026-07-24 19:15:21,153 - sflow.task.server_8 - INFO - Loading weights:  55%|█████▍    | 800/1458 [00:36<00:40, 16.15it/s]
2026-07-24 19:15:21,205 - sflow.task.server_8 - INFO - 0:
2026-07-24 19:15:21,205 - sflow.task.server_8 - INFO - Loading weights:  55%|█████▌    | 803/1458 [00:36<00:30, 21.29it/s]
2026-07-24 19:15:21,205 - sflow.task.server_8 - INFO - 7:
2026-07-24 19:15:21,205 - sflow.task.server_8 - INFO - Loading weights:  41%|████      | 598/1458 [00:32<00:36, 23.38it/s]
2026-07-24 19:15:21,256 - sflow.task.server_8 - INFO - 1:
2026-07-24 19:15:21,256 - sflow.task.server_8 - INFO - Loading weights:  50%|████▉     | 726/1458 [00:36<00:52, 13.87it/s]
2026-07-24 19:15:21,256 - sflow.task.server_8 - INFO - 3:
2026-07-24 19:15:21,256 - sflow.task.server_8 - INFO - Loading weights:  55%|█████▍    | 800/1458 [00:36<00:33, 19.46it/s]
2026-07-24 19:15:21,256 - sflow.task.server_8 - INFO - 2:
2026-07-24 19:15:21,256 - sflow.task.server_8 - INFO - Loading weights:  56%|█████▌    | 811/1458 [00:36<00:26, 24.23it/s]
2026-07-24 19:15:21,308 - sflow.task.server_8 - INFO - 0:
2026-07-24 19:15:21,308 - sflow.task.server_8 - INFO - Loading weights:  56%|█████▌    | 812/1458 [00:36<00:22, 29.09it/s]
2026-07-24 19:15:21,308 - sflow.task.server_8 - INFO - 7:
2026-07-24 19:15:21,308 - sflow.task.server_8 - INFO - Loading weights:  41%|████▏     | 604/1458 [00:32<00:30, 27.81it/s]
2026-07-24 19:15:21,359 - sflow.task.server_8 - INFO - 1:
2026-07-24 19:15:21,359 - sflow.task.server_8 - INFO - Loading weights:  50%|█████     | 733/1458 [00:36<00:41, 17.48it/s]
2026-07-24 19:15:21,359 - sflow.task.server_8 - INFO - 3:
2026-07-24 19:15:21,359 - sflow.task.server_8 - INFO - Loading weights:  56%|█████▌    | 812/1458 [00:36<00:22, 28.43it/s]
2026-07-24 19:15:21,411 - sflow.task.server_8 - INFO - 2:
2026-07-24 19:15:21,411 - sflow.task.server_8 - INFO - Loading weights:  56%|█████▌    | 817/1458 [00:36<00:23, 27.80it/s]
2026-07-24 19:15:21,411 - sflow.task.server_8 - INFO - 0:
2026-07-24 19:15:21,411 - sflow.task.server_8 - INFO - Loading weights:  56%|█████▌    | 819/1458 [00:36<00:18, 34.37it/s]
2026-07-24 19:15:21,462 - sflow.task.server_8 - INFO - 1:
2026-07-24 19:15:21,462 - sflow.task.server_8 - INFO - Loading weights:  51%|█████     | 742/1458 [00:36<00:30, 23.64it/s]
2026-07-24 19:15:21,462 - sflow.task.server_8 - INFO - 3:
2026-07-24 19:15:21,462 - sflow.task.server_8 - INFO - Loading weights:  56%|█████▌    | 819/1458 [00:36<00:19, 32.95it/s]
2026-07-24 19:15:21,615 - sflow.task.server_8 - INFO - 2:
2026-07-24 19:15:21,615 - sflow.task.server_8 - INFO - Loading weights:  56%|█████▋    | 823/1458 [00:36<00:22, 28.36it/s]
2026-07-24 19:15:21,666 - sflow.task.server_8 - INFO - 0:
2026-07-24 19:15:21,666 - sflow.task.server_8 - INFO - Loading weights:  57%|█████▋    | 825/1458 [00:36<00:20, 31.49it/s]
2026-07-24 19:15:21,717 - sflow.task.server_8 - INFO - 2:
2026-07-24 19:15:21,717 - sflow.task.server_8 - INFO - Loading weights:  57%|█████▋    | 829/1458 [00:36<00:19, 32.76it/s]
2026-07-24 19:15:21,717 - sflow.task.server_8 - INFO - 3:
2026-07-24 19:15:21,717 - sflow.task.server_8 - INFO - Loading weights:  57%|█████▋    | 826/1458 [00:36<00:20, 31.28it/s]
2026-07-24 19:15:21,769 - sflow.task.server_8 - INFO - 0:
2026-07-24 19:15:21,769 - sflow.task.server_8 - INFO - Loading weights:  57%|█████▋    | 836/1458 [00:36<00:14, 41.56it/s]
2026-07-24 19:15:21,819 - sflow.task.server_8 - INFO - 2:
2026-07-24 19:15:21,820 - sflow.task.server_8 - INFO - Loading weights:  57%|█████▋    | 838/1458 [00:36<00:15, 40.09it/s]
2026-07-24 19:15:21,820 - sflow.task.server_8 - INFO - 3:
2026-07-24 19:15:21,820 - sflow.task.server_8 - INFO - Loading weights:  57%|█████▋    | 838/1458 [00:36<00:14, 42.95it/s]
2026-07-24 19:15:21,922 - sflow.task.server_8 - INFO - 0:
2026-07-24 19:15:21,922 - sflow.task.server_8 - INFO - Loading weights:  58%|█████▊    | 842/1458 [00:36<00:14, 41.66it/s]
2026-07-24 19:15:21,973 - sflow.task.server_8 - INFO - 2:
2026-07-24 19:15:21,973 - sflow.task.server_8 - INFO - Loading weights:  58%|█████▊    | 844/1458 [00:36<00:14, 41.51it/s]
2026-07-24 19:15:22,125 - sflow.task.server_8 - INFO - 4:
2026-07-24 19:15:22,125 - sflow.task.server_8 - INFO - Loading weights:  42%|████▏     | 606/1458 [00:33<01:09, 12.21it/s]
2026-07-24 19:15:22,177 - sflow.task.server_8 - INFO - 6:
2026-07-24 19:15:22,177 - sflow.task.server_8 - INFO - Loading weights:  42%|████▏     | 606/1458 [00:33<01:12, 11.74it/s]
2026-07-24 19:15:22,229 - sflow.task.server_8 - INFO - 5:
2026-07-24 19:15:22,229 - sflow.task.server_8 - INFO - Loading weights:  42%|████▏     | 606/1458 [00:33<01:14, 11.41it/s]
2026-07-24 19:15:22,229 - sflow.task.server_8 - INFO - 4:
2026-07-24 19:15:22,229 - sflow.task.server_8 - INFO - Loading weights:  42%|████▏     | 610/1458 [00:33<00:58, 14.42it/s]
2026-07-24 19:15:22,281 - sflow.task.server_8 - INFO - 6:
2026-07-24 19:15:22,281 - sflow.task.server_8 - INFO - Loading weights:  42%|████▏     | 610/1458 [00:33<01:00, 13.93it/s]
2026-07-24 19:15:22,332 - sflow.task.server_8 - INFO - 7:
2026-07-24 19:15:22,332 - sflow.task.server_8 - INFO - Loading weights:  42%|████▏     | 610/1458 [00:33<01:00, 13.91it/s]
2026-07-24 19:15:22,332 - sflow.task.server_8 - INFO - 5:
2026-07-24 19:15:22,332 - sflow.task.server_8 - INFO - Loading weights:  42%|████▏     | 613/1458 [00:33<00:53, 15.75it/s]
2026-07-24 19:15:22,383 - sflow.task.server_8 - INFO - 4:
2026-07-24 19:15:22,383 - sflow.task.server_8 - INFO - Loading weights:  43%|████▎     | 620/1458 [00:33<00:36, 22.82it/s]
2026-07-24 19:15:22,434 - sflow.task.server_8 - INFO - 7:
2026-07-24 19:15:22,434 - sflow.task.server_8 - INFO - Loading weights:  43%|████▎     | 620/1458 [00:33<00:40, 20.91it/s]
2026-07-24 19:15:22,434 - sflow.task.server_8 - INFO - 5:
2026-07-24 19:15:22,434 - sflow.task.server_8 - INFO - Loading weights:  43%|████▎     | 620/1458 [00:33<00:40, 20.83it/s]
2026-07-24 19:15:22,434 - sflow.task.server_8 - INFO - 6:
2026-07-24 19:15:22,434 - sflow.task.server_8 - INFO - Loading weights:  43%|████▎     | 622/1458 [00:33<00:35, 23.58it/s]
2026-07-24 19:15:22,485 - sflow.task.server_8 - INFO - 4:
2026-07-24 19:15:22,485 - sflow.task.server_8 - INFO - Loading weights:  43%|████▎     | 627/1458 [00:33<00:29, 27.81it/s]
2026-07-24 19:15:22,536 - sflow.task.server_8 - INFO - 1:
2026-07-24 19:15:22,536 - sflow.task.server_8 - INFO - Loading weights:  51%|█████▏    | 750/1458 [00:37<00:48, 14.49it/s]
2026-07-24 19:15:22,536 - sflow.task.server_8 - INFO - 5:
2026-07-24 19:15:22,536 - sflow.task.server_8 - INFO - Loading weights:  43%|████▎     | 627/1458 [00:33<00:31, 26.34it/s]
2026-07-24 19:15:22,536 - sflow.task.server_8 - INFO - 7:
2026-07-24 19:15:22,536 - sflow.task.server_8 - INFO - Loading weights:  43%|████▎     | 627/1458 [00:33<00:32, 25.40it/s]
2026-07-24 19:15:22,638 - sflow.task.server_8 - INFO - 1:
2026-07-24 19:15:22,638 - sflow.task.server_8 - INFO - Loading weights:  52%|█████▏    | 757/1458 [00:37<00:38, 18.29it/s]
2026-07-24 19:15:22,690 - sflow.task.server_8 - INFO - 3:
2026-07-24 19:15:22,690 - sflow.task.server_8 - INFO - Loading weights:  58%|█████▊    | 846/1458 [00:37<00:28, 21.66it/s]
2026-07-24 19:15:22,690 - sflow.task.server_8 - INFO - 6:
2026-07-24 19:15:22,690 - sflow.task.server_8 - INFO - Loading weights:  43%|████▎     | 630/1458 [00:33<00:32, 25.37it/s]
2026-07-24 19:15:22,740 - sflow.task.server_8 - INFO - 1:
2026-07-24 19:15:22,741 - sflow.task.server_8 - INFO - Loading weights:  53%|█████▎    | 766/1458 [00:37<00:28, 24.67it/s]
2026-07-24 19:15:22,792 - sflow.task.server_8 - INFO - 0:
2026-07-24 19:15:22,792 - sflow.task.server_8 - INFO - Loading weights:  58%|█████▊    | 848/1458 [00:37<00:32, 18.55it/s]
2026-07-24 19:15:22,792 - sflow.task.server_8 - INFO - 3:
2026-07-24 19:15:22,792 - sflow.task.server_8 - INFO - Loading weights:  58%|█████▊    | 852/1458 [00:37<00:24, 25.18it/s]
2026-07-24 19:15:22,843 - sflow.task.server_8 - INFO - 6:
2026-07-24 19:15:22,844 - sflow.task.server_8 - INFO - Loading weights:  44%|████▎     | 635/1458 [00:34<00:29, 27.95it/s]
2026-07-24 19:15:22,844 - sflow.task.server_8 - INFO - 2:
2026-07-24 19:15:22,844 - sflow.task.server_8 - INFO - Loading weights:  58%|█████▊    | 850/1458 [00:37<00:34, 17.72it/s]
2026-07-24 19:15:22,844 - sflow.task.server_8 - INFO - 7:
2026-07-24 19:15:22,844 - sflow.task.server_8 - INFO - Loading weights:  43%|████▎     | 633/1458 [00:34<00:34, 23.79it/s]
2026-07-24 19:15:22,894 - sflow.task.server_8 - INFO - 0:
2026-07-24 19:15:22,894 - sflow.task.server_8 - INFO - Loading weights:  59%|█████▉    | 859/1458 [00:37<00:21, 27.62it/s]
2026-07-24 19:15:22,946 - sflow.task.server_8 - INFO - 6:
2026-07-24 19:15:22,946 - sflow.task.server_8 - INFO - Loading weights:  44%|████▍     | 644/1458 [00:34<00:21, 37.02it/s]
2026-07-24 19:15:22,946 - sflow.task.server_8 - INFO - 2:
2026-07-24 19:15:22,946 - sflow.task.server_8 - INFO - Loading weights:  59%|█████▉    | 860/1458 [00:37<00:22, 26.04it/s]
2026-07-24 19:15:22,946 - sflow.task.server_8 - INFO - 3:
2026-07-24 19:15:22,946 - sflow.task.server_8 - INFO - Loading weights:  59%|█████▉    | 860/1458 [00:37<00:19, 30.76it/s]
2026-07-24 19:15:22,997 - sflow.task.server_8 - INFO - 7:
2026-07-24 19:15:22,997 - sflow.task.server_8 - INFO - Loading weights:  44%|████▍     | 643/1458 [00:34<00:25, 32.50it/s]
2026-07-24 19:15:23,048 - sflow.task.server_8 - INFO - 1:
2026-07-24 19:15:23,048 - sflow.task.server_8 - INFO - Loading weights:  53%|█████▎    | 774/1458 [00:38<00:27, 24.80it/s]
2026-07-24 19:15:23,048 - sflow.task.server_8 - INFO - 6:
2026-07-24 19:15:23,049 - sflow.task.server_8 - INFO - Loading weights:  45%|████▍     | 651/1458 [00:34<00:19, 41.14it/s]
2026-07-24 19:15:23,100 - sflow.task.server_8 - INFO - 0:
2026-07-24 19:15:23,100 - sflow.task.server_8 - INFO - Loading weights:  59%|█████▉    | 865/1458 [00:38<00:20, 28.40it/s]
2026-07-24 19:15:23,100 - sflow.task.server_8 - INFO - 2:
2026-07-24 19:15:23,100 - sflow.task.server_8 - INFO - Loading weights:  59%|█████▉    | 866/1458 [00:38<00:20, 28.63it/s]
2026-07-24 19:15:23,100 - sflow.task.server_8 - INFO - 3:
2026-07-24 19:15:23,100 - sflow.task.server_8 - INFO - Loading weights:  59%|█████▉    | 866/1458 [00:38<00:18, 32.71it/s]
2026-07-24 19:15:23,151 - sflow.task.server_8 - INFO - 7:
2026-07-24 19:15:23,151 - sflow.task.server_8 - INFO - Loading weights:  45%|████▍     | 649/1458 [00:34<00:23, 34.23it/s]
2026-07-24 19:15:23,151 - sflow.task.server_8 - INFO - 1:
2026-07-24 19:15:23,151 - sflow.task.server_8 - INFO - Loading weights:  54%|█████▎    | 781/1458 [00:38<00:22, 29.71it/s]
2026-07-24 19:15:23,252 - sflow.task.server_8 - INFO - 1:
2026-07-24 19:15:23,252 - sflow.task.server_8 - INFO - Loading weights:  54%|█████▍    | 790/1458 [00:38<00:17, 38.16it/s]
2026-07-24 19:15:23,252 - sflow.task.server_8 - INFO - 4:
2026-07-24 19:15:23,252 - sflow.task.server_8 - INFO - Loading weights:  43%|████▎     | 632/1458 [00:34<00:53, 15.44it/s]
2026-07-24 19:15:23,304 - sflow.task.server_8 - INFO - 5:
2026-07-24 19:15:23,304 - sflow.task.server_8 - INFO - Loading weights:  43%|████▎     | 633/1458 [00:34<00:51, 15.89it/s]
2026-07-24 19:15:23,355 - sflow.task.server_8 - INFO - 7:
2026-07-24 19:15:23,355 - sflow.task.server_8 - INFO - Loading weights:  45%|████▍     | 655/1458 [00:34<00:25, 31.40it/s]
2026-07-24 19:15:23,355 - sflow.task.server_8 - INFO - 4:
2026-07-24 19:15:23,355 - sflow.task.server_8 - INFO - Loading weights:  44%|████▍     | 643/1458 [00:34<00:33, 24.29it/s]
2026-07-24 19:15:23,457 - sflow.task.server_8 - INFO - 5:
2026-07-24 19:15:23,457 - sflow.task.server_8 - INFO - Loading weights:  44%|████▍     | 643/1458 [00:34<00:34, 23.56it/s]
2026-07-24 19:15:23,508 - sflow.task.server_8 - INFO - 7:
2026-07-24 19:15:23,508 - sflow.task.server_8 - INFO - Loading weights:  45%|████▌     | 660/1458 [00:34<00:24, 31.98it/s]
2026-07-24 19:15:23,559 - sflow.task.server_8 - INFO - 4:
2026-07-24 19:15:23,559 - sflow.task.server_8 - INFO - Loading weights:  45%|████▍     | 649/1458 [00:34<00:30, 26.78it/s]
2026-07-24 19:15:23,559 - sflow.task.server_8 - INFO - 5:
2026-07-24 19:15:23,559 - sflow.task.server_8 - INFO - Loading weights:  45%|████▍     | 649/1458 [00:34<00:30, 26.85it/s]
2026-07-24 19:15:23,662 - sflow.task.server_8 - INFO - 7:
2026-07-24 19:15:23,662 - sflow.task.server_8 - INFO - Loading weights:  46%|████▌     | 665/1458 [00:34<00:24, 32.31it/s]
2026-07-24 19:15:23,765 - sflow.task.server_8 - INFO - 7:
2026-07-24 19:15:23,765 - sflow.task.server_8 - INFO - Loading weights:  46%|████▌     | 670/1458 [00:35<00:23, 34.21it/s]
2026-07-24 19:15:23,867 - sflow.task.server_8 - INFO - 7:
2026-07-24 19:15:23,867 - sflow.task.server_8 - INFO - Loading weights:  46%|████▋     | 675/1458 [00:35<00:20, 37.38it/s]
2026-07-24 19:15:24,071 - sflow.task.server_8 - INFO - 6:
2026-07-24 19:15:24,071 - sflow.task.server_8 - INFO - Loading weights:  45%|████▌     | 657/1458 [00:35<00:49, 16.16it/s]
2026-07-24 19:15:24,071 - sflow.task.server_8 - INFO - 0:
2026-07-24 19:15:24,071 - sflow.task.server_8 - INFO - Loading weights:  60%|█████▉    | 871/1458 [00:39<00:40, 14.63it/s]
2026-07-24 19:15:24,122 - sflow.task.server_8 - INFO - 2:
2026-07-24 19:15:24,122 - sflow.task.server_8 - INFO - Loading weights:  60%|█████▉    | 872/1458 [00:39<00:42, 13.92it/s]
2026-07-24 19:15:24,122 - sflow.task.server_8 - INFO - 3:
2026-07-24 19:15:24,122 - sflow.task.server_8 - INFO - Loading weights:  60%|█████▉    | 872/1458 [00:39<00:40, 14.58it/s]
2026-07-24 19:15:24,174 - sflow.task.server_8 - INFO - 6:
2026-07-24 19:15:24,174 - sflow.task.server_8 - INFO - Loading weights:  45%|████▌     | 662/1458 [00:35<00:41, 19.13it/s]
2026-07-24 19:15:24,174 - sflow.task.server_8 - INFO - 0:
2026-07-24 19:15:24,174 - sflow.task.server_8 - INFO - Loading weights:  60%|██████    | 877/1458 [00:39<00:31, 18.25it/s]
2026-07-24 19:15:24,225 - sflow.task.server_8 - INFO - 2:
2026-07-24 19:15:24,225 - sflow.task.server_8 - INFO - Loading weights:  61%|██████    | 883/1458 [00:39<00:26, 21.44it/s]
2026-07-24 19:15:24,276 - sflow.task.server_8 - INFO - 0:
2026-07-24 19:15:24,276 - sflow.task.server_8 - INFO - Loading weights:  61%|██████    | 884/1458 [00:39<00:24, 23.58it/s]
2026-07-24 19:15:24,276 - sflow.task.server_8 - INFO - 3:
2026-07-24 19:15:24,276 - sflow.task.server_8 - INFO - Loading weights:  61%|██████    | 884/1458 [00:39<00:25, 22.65it/s]
2026-07-24 19:15:24,276 - sflow.task.server_8 - INFO - 1:
2026-07-24 19:15:24,276 - sflow.task.server_8 - INFO - Loading weights:  55%|█████▍    | 798/1458 [00:39<00:37, 17.51it/s]
2026-07-24 19:15:24,327 - sflow.task.server_8 - INFO - 6:
2026-07-24 19:15:24,328 - sflow.task.server_8 - INFO - Loading weights:  46%|████▌     | 673/1458 [00:35<00:27, 28.13it/s]
2026-07-24 19:15:24,379 - sflow.task.server_8 - INFO - 0:
2026-07-24 19:15:24,379 - sflow.task.server_8 - INFO - Loading weights:  61%|██████    | 890/1458 [00:39<00:20, 28.08it/s]
2026-07-24 19:15:24,379 - sflow.task.server_8 - INFO - 2:
2026-07-24 19:15:24,379 - sflow.task.server_8 - INFO - Loading weights:  61%|██████    | 889/1458 [00:39<00:23, 24.27it/s]
2026-07-24 19:15:24,379 - sflow.task.server_8 - INFO - 3:
2026-07-24 19:15:24,379 - sflow.task.server_8 - INFO - Loading weights:  61%|██████    | 890/1458 [00:39<00:21, 26.33it/s]
2026-07-24 19:15:24,430 - sflow.task.server_8 - INFO - 1:
2026-07-24 19:15:24,430 - sflow.task.server_8 - INFO - Loading weights:  55%|█████▌    | 805/1458 [00:39<00:30, 21.75it/s]
2026-07-24 19:15:24,481 - sflow.task.server_8 - INFO - 4:
2026-07-24 19:15:24,481 - sflow.task.server_8 - INFO - Loading weights:  45%|████▍     | 655/1458 [00:35<00:55, 14.34it/s]
2026-07-24 19:15:24,532 - sflow.task.server_8 - INFO - 1:
2026-07-24 19:15:24,532 - sflow.task.server_8 - INFO - Loading weights:  56%|█████▌    | 814/1458 [00:39<00:22, 28.37it/s]
2026-07-24 19:15:24,633 - sflow.task.server_8 - INFO - 4:
2026-07-24 19:15:24,634 - sflow.task.server_8 - INFO - Loading weights:  45%|████▌     | 659/1458 [00:35<00:49, 16.24it/s]
2026-07-24 19:15:24,735 - sflow.task.server_8 - INFO - 5:
2026-07-24 19:15:24,735 - sflow.task.server_8 - INFO - Loading weights:  45%|████▍     | 654/1458 [00:35<01:05, 12.21it/s]
2026-07-24 19:15:24,735 - sflow.task.server_8 - INFO - 4:
2026-07-24 19:15:24,735 - sflow.task.server_8 - INFO - Loading weights:  46%|████▌     | 667/1458 [00:35<00:34, 22.87it/s]
2026-07-24 19:15:24,836 - sflow.task.server_8 - INFO - 5:
2026-07-24 19:15:24,837 - sflow.task.server_8 - INFO - Loading weights:  45%|████▌     | 658/1458 [00:36<00:56, 14.27it/s]
2026-07-24 19:15:24,837 - sflow.task.server_8 - INFO - 7:
2026-07-24 19:15:24,837 - sflow.task.server_8 - INFO - Loading weights:  47%|████▋     | 680/1458 [00:36<00:56, 13.78it/s]
2026-07-24 19:15:24,837 - sflow.task.server_8 - INFO - 4:
2026-07-24 19:15:24,837 - sflow.task.server_8 - INFO - Loading weights:  46%|████▌     | 673/1458 [00:36<00:30, 26.05it/s]
2026-07-24 19:15:24,888 - sflow.task.server_8 - INFO - 1:
2026-07-24 19:15:24,888 - sflow.task.server_8 - INFO - Loading weights:  56%|█████▋    | 822/1458 [00:39<00:24, 25.97it/s]
2026-07-24 19:15:24,939 - sflow.task.server_8 - INFO - 7:
2026-07-24 19:15:24,939 - sflow.task.server_8 - INFO - Loading weights:  47%|████▋     | 686/1458 [00:36<00:42, 18.35it/s]
2026-07-24 19:15:24,939 - sflow.task.server_8 - INFO - 5:
2026-07-24 19:15:24,939 - sflow.task.server_8 - INFO - Loading weights:  46%|████▌     | 668/1458 [00:36<00:35, 22.10it/s]
2026-07-24 19:15:24,990 - sflow.task.server_8 - INFO - 1:
2026-07-24 19:15:24,990 - sflow.task.server_8 - INFO - Loading weights:  57%|█████▋    | 829/1458 [00:39<00:20, 31.02it/s]
2026-07-24 19:15:25,142 - sflow.task.server_8 - INFO - 1:
2026-07-24 19:15:25,142 - sflow.task.server_8 - INFO - Loading weights:  57%|█████▋    | 838/1458 [00:40<00:15, 38.76it/s]
2026-07-24 19:15:25,142 - sflow.task.server_8 - INFO - 7:
2026-07-24 19:15:25,142 - sflow.task.server_8 - INFO - Loading weights:  47%|████▋     | 692/1458 [00:36<00:36, 21.03it/s]
2026-07-24 19:15:25,142 - sflow.task.server_8 - INFO - 2:
2026-07-24 19:15:25,142 - sflow.task.server_8 - INFO - Loading weights:  61%|██████▏   | 895/1458 [00:40<00:35, 15.66it/s]
2026-07-24 19:15:25,194 - sflow.task.server_8 - INFO - 6:
2026-07-24 19:15:25,194 - sflow.task.server_8 - INFO - Loading weights:  47%|████▋     | 679/1458 [00:36<00:49, 15.60it/s]
2026-07-24 19:15:25,245 - sflow.task.server_8 - INFO - 0:
2026-07-24 19:15:25,245 - sflow.task.server_8 - INFO - Loading weights:  61%|██████▏   | 896/1458 [00:40<00:36, 15.23it/s]
2026-07-24 19:15:25,245 - sflow.task.server_8 - INFO - 2:
2026-07-24 19:15:25,245 - sflow.task.server_8 - INFO - Loading weights:  62%|██████▏   | 899/1458 [00:40<00:31, 17.70it/s]
2026-07-24 19:15:25,245 - sflow.task.server_8 - INFO - 3:
2026-07-24 19:15:25,245 - sflow.task.server_8 - INFO - Loading weights:  61%|██████▏   | 896/1458 [00:40<00:36, 15.31it/s]
2026-07-24 19:15:25,297 - sflow.task.server_8 - INFO - 7:
2026-07-24 19:15:25,297 - sflow.task.server_8 - INFO - Loading weights:  48%|████▊     | 697/1458 [00:36<00:33, 22.61it/s]
2026-07-24 19:15:25,347 - sflow.task.server_8 - INFO - 6:
2026-07-24 19:15:25,347 - sflow.task.server_8 - INFO - Loading weights:  47%|████▋     | 683/1458 [00:36<00:44, 17.34it/s]
2026-07-24 19:15:25,347 - sflow.task.server_8 - INFO - 0:
2026-07-24 19:15:25,347 - sflow.task.server_8 - INFO - Loading weights:  62%|██████▏   | 908/1458 [00:40<00:22, 24.52it/s]
2026-07-24 19:15:25,398 - sflow.task.server_8 - INFO - 2:
2026-07-24 19:15:25,398 - sflow.task.server_8 - INFO - Loading weights:  62%|██████▏   | 908/1458 [00:40<00:21, 25.33it/s]
2026-07-24 19:15:25,398 - sflow.task.server_8 - INFO - 3:
2026-07-24 19:15:25,398 - sflow.task.server_8 - INFO - Loading weights:  62%|██████▏   | 908/1458 [00:40<00:23, 23.85it/s]
2026-07-24 19:15:25,449 - sflow.task.server_8 - INFO - 6:
2026-07-24 19:15:25,449 - sflow.task.server_8 - INFO - Loading weights:  47%|████▋     | 692/1458 [00:36<00:31, 24.36it/s]
2026-07-24 19:15:25,500 - sflow.task.server_8 - INFO - 3:
2026-07-24 19:15:25,500 - sflow.task.server_8 - INFO - Loading weights:  63%|██████▎   | 915/1458 [00:40<00:19, 28.41it/s]
2026-07-24 19:15:25,500 - sflow.task.server_8 - INFO - 2:
2026-07-24 19:15:25,500 - sflow.task.server_8 - INFO - Loading weights:  63%|██████▎   | 915/1458 [00:40<00:17, 30.86it/s]
2026-07-24 19:15:25,551 - sflow.task.server_8 - INFO - 6:
2026-07-24 19:15:25,551 - sflow.task.server_8 - INFO - Loading weights:  48%|████▊     | 697/1458 [00:36<00:28, 27.16it/s]
2026-07-24 19:15:25,653 - sflow.task.server_8 - INFO - 4:
2026-07-24 19:15:25,653 - sflow.task.server_8 - INFO - Loading weights:  47%|████▋     | 678/1458 [00:36<00:52, 14.80it/s]
2026-07-24 19:15:25,755 - sflow.task.server_8 - INFO - 4:
2026-07-24 19:15:25,755 - sflow.task.server_8 - INFO - Loading weights:  47%|████▋     | 685/1458 [00:36<00:38, 19.85it/s]
2026-07-24 19:15:25,857 - sflow.task.server_8 - INFO - 0:
2026-07-24 19:15:25,857 - sflow.task.server_8 - INFO - Loading weights:  63%|██████▎   | 918/1458 [00:40<00:23, 23.20it/s]
2026-07-24 19:15:25,857 - sflow.task.server_8 - INFO - 4:
2026-07-24 19:15:25,857 - sflow.task.server_8 - INFO - Loading weights:  48%|████▊     | 694/1458 [00:37<00:28, 27.21it/s]
2026-07-24 19:15:25,908 - sflow.task.server_8 - INFO - 5:
2026-07-24 19:15:25,908 - sflow.task.server_8 - INFO - Loading weights:  47%|████▋     | 678/1458 [00:37<00:50, 15.47it/s]
2026-07-24 19:15:25,959 - sflow.task.server_8 - INFO - 0:
2026-07-24 19:15:25,959 - sflow.task.server_8 - INFO - Loading weights:  63%|██████▎   | 925/1458 [00:40<00:19, 27.80it/s]
2026-07-24 19:15:26,010 - sflow.task.server_8 - INFO - 5:
2026-07-24 19:15:26,010 - sflow.task.server_8 - INFO - Loading weights:  47%|████▋     | 685/1458 [00:37<00:39, 19.53it/s]
2026-07-24 19:15:26,062 - sflow.task.server_8 - INFO - 0:
2026-07-24 19:15:26,062 - sflow.task.server_8 - INFO - Loading weights:  64%|██████▍   | 934/1458 [00:41<00:15, 34.72it/s]
2026-07-24 19:15:26,062 - sflow.task.server_8 - INFO - 1:
2026-07-24 19:15:26,062 - sflow.task.server_8 - INFO - Loading weights:  58%|█████▊    | 846/1458 [00:41<00:32, 18.66it/s]
2026-07-24 19:15:26,113 - sflow.task.server_8 - INFO - 5:
2026-07-24 19:15:26,113 - sflow.task.server_8 - INFO - Loading weights:  47%|████▋     | 692/1458 [00:37<00:31, 24.45it/s]
2026-07-24 19:15:26,164 - sflow.task.server_8 - INFO - 7:
2026-07-24 19:15:26,164 - sflow.task.server_8 - INFO - Loading weights:  48%|████▊     | 702/1458 [00:37<01:00, 12.44it/s]
2026-07-24 19:15:26,214 - sflow.task.server_8 - INFO - 0:
2026-07-24 19:15:26,214 - sflow.task.server_8 - INFO - Loading weights:  64%|██████▍   | 940/1458 [00:41<00:14, 36.80it/s]
2026-07-24 19:15:26,214 - sflow.task.server_8 - INFO - 1:
2026-07-24 19:15:26,214 - sflow.task.server_8 - INFO - Loading weights:  58%|█████▊    | 851/1458 [00:41<00:28, 21.08it/s]
2026-07-24 19:15:26,214 - sflow.task.server_8 - INFO - 5:
2026-07-24 19:15:26,214 - sflow.task.server_8 - INFO - Loading weights:  48%|████▊     | 699/1458 [00:37<00:25, 29.41it/s]
2026-07-24 19:15:26,266 - sflow.task.server_8 - INFO - 7:
2026-07-24 19:15:26,266 - sflow.task.server_8 - INFO - Loading weights:  48%|████▊     | 705/1458 [00:37<00:54, 13.90it/s]
2026-07-24 19:15:26,317 - sflow.task.server_8 - INFO - 1:
2026-07-24 19:15:26,317 - sflow.task.server_8 - INFO - Loading weights:  59%|█████▉    | 860/1458 [00:41<00:21, 27.98it/s]
2026-07-24 19:15:26,317 - sflow.task.server_8 - INFO - 3:
2026-07-24 19:15:26,317 - sflow.task.server_8 - INFO - Loading weights:  63%|██████▎   | 922/1458 [00:41<00:31, 17.15it/s]
2026-07-24 19:15:26,368 - sflow.task.server_8 - INFO - 7:
2026-07-24 19:15:26,368 - sflow.task.server_8 - INFO - Loading weights:  49%|████▊     | 710/1458 [00:37<00:42, 17.80it/s]
2026-07-24 19:15:26,419 - sflow.task.server_8 - INFO - 2:
2026-07-24 19:15:26,419 - sflow.task.server_8 - INFO - Loading weights:  63%|██████▎   | 921/1458 [00:41<00:34, 15.36it/s]
2026-07-24 19:15:26,470 - sflow.task.server_8 - INFO - 3:
2026-07-24 19:15:26,470 - sflow.task.server_8 - INFO - Loading weights:  64%|██████▍   | 934/1458 [00:41<00:20, 25.81it/s]
2026-07-24 19:15:26,470 - sflow.task.server_8 - INFO - 1:
2026-07-24 19:15:26,470 - sflow.task.server_8 - INFO - Loading weights:  59%|█████▉    | 867/1458 [00:41<00:17, 32.84it/s]
2026-07-24 19:15:26,471 - sflow.task.server_8 - INFO - 6:
2026-07-24 19:15:26,471 - sflow.task.server_8 - INFO - Loading weights:  48%|████▊     | 702/1458 [00:37<00:55, 13.59it/s]
2026-07-24 19:15:26,521 - sflow.task.server_8 - INFO - 7:
2026-07-24 19:15:26,522 - sflow.task.server_8 - INFO - Loading weights:  49%|████▉     | 716/1458 [00:37<00:32, 22.83it/s]
2026-07-24 19:15:26,522 - sflow.task.server_8 - INFO - 2:
2026-07-24 19:15:26,522 - sflow.task.server_8 - INFO - Loading weights:  64%|██████▍   | 932/1458 [00:41<00:22, 23.46it/s]
2026-07-24 19:15:26,624 - sflow.task.server_8 - INFO - 6:
2026-07-24 19:15:26,624 - sflow.task.server_8 - INFO - Loading weights:  49%|████▊     | 709/1458 [00:37<00:41, 18.20it/s]
2026-07-24 19:15:26,624 - sflow.task.server_8 - INFO - 2:
2026-07-24 19:15:26,624 - sflow.task.server_8 - INFO - Loading weights:  64%|██████▍   | 939/1458 [00:41<00:18, 28.40it/s]
2026-07-24 19:15:26,675 - sflow.task.server_8 - INFO - 7:
2026-07-24 19:15:26,675 - sflow.task.server_8 - INFO - Loading weights:  49%|████▉     | 721/1458 [00:37<00:29, 25.11it/s]
2026-07-24 19:15:26,675 - sflow.task.server_8 - INFO - 3:
2026-07-24 19:15:26,675 - sflow.task.server_8 - INFO - Loading weights:  65%|██████▍   | 942/1458 [00:41<00:18, 27.20it/s]
2026-07-24 19:15:26,727 - sflow.task.server_8 - INFO - 6:
2026-07-24 19:15:26,727 - sflow.task.server_8 - INFO - Loading weights:  49%|████▉     | 718/1458 [00:37<00:29, 25.51it/s]
2026-07-24 19:15:26,778 - sflow.task.server_8 - INFO - 3:
2026-07-24 19:15:26,778 - sflow.task.server_8 - INFO - Loading weights:  65%|██████▌   | 948/1458 [00:41<00:16, 30.94it/s]
2026-07-24 19:15:26,829 - sflow.task.server_8 - INFO - 4:
2026-07-24 19:15:26,829 - sflow.task.server_8 - INFO - Loading weights:  48%|████▊     | 702/1458 [00:38<00:47, 15.87it/s]
2026-07-24 19:15:26,931 - sflow.task.server_8 - INFO - 3:
2026-07-24 19:15:26,931 - sflow.task.server_8 - INFO - Loading weights:  66%|██████▌   | 956/1458 [00:41<00:13, 37.12it/s]
2026-07-24 19:15:26,982 - sflow.task.server_8 - INFO - 4:
2026-07-24 19:15:26,982 - sflow.task.server_8 - INFO - Loading weights:  48%|████▊     | 706/1458 [00:38<00:43, 17.31it/s]
2026-07-24 19:15:27,084 - sflow.task.server_8 - INFO - 3:
2026-07-24 19:15:27,084 - sflow.task.server_8 - INFO - Loading weights:  66%|██████▌   | 962/1458 [00:42<00:13, 37.79it/s]
2026-07-24 19:15:27,084 - sflow.task.server_8 - INFO - 4:
2026-07-24 19:15:27,085 - sflow.task.server_8 - INFO - Loading weights:  49%|████▉     | 715/1458 [00:38<00:30, 24.52it/s]
2026-07-24 19:15:27,085 - sflow.task.server_8 - INFO - 5:
2026-07-24 19:15:27,085 - sflow.task.server_8 - INFO - Loading weights:  48%|████▊     | 705/1458 [00:38<00:47, 15.87it/s]
2026-07-24 19:15:27,135 - sflow.task.server_8 - INFO - 0:
2026-07-24 19:15:27,136 - sflow.task.server_8 - INFO - Loading weights:  65%|██████▍   | 946/1458 [00:42<00:30, 16.93it/s]
2026-07-24 19:15:27,186 - sflow.task.server_8 - INFO - 4:
2026-07-24 19:15:27,186 - sflow.task.server_8 - INFO - Loading weights:  49%|████▉     | 720/1458 [00:38<00:26, 27.34it/s]
2026-07-24 19:15:27,238 - sflow.task.server_8 - INFO - 5:
2026-07-24 19:15:27,238 - sflow.task.server_8 - INFO - Loading weights:  49%|████▉     | 716/1458 [00:38<00:31, 23.59it/s]
2026-07-24 19:15:27,238 - sflow.task.server_8 - INFO - 0:
2026-07-24 19:15:27,238 - sflow.task.server_8 - INFO - Loading weights:  66%|██████▌   | 958/1458 [00:42<00:19, 25.99it/s]
2026-07-24 19:15:27,340 - sflow.task.server_8 - INFO - 5:
2026-07-24 19:15:27,340 - sflow.task.server_8 - INFO - Loading weights:  50%|████▉     | 722/1458 [00:38<00:26, 27.50it/s]
2026-07-24 19:15:27,340 - sflow.task.server_8 - INFO - 1:
2026-07-24 19:15:27,340 - sflow.task.server_8 - INFO - Loading weights:  60%|█████▉    | 873/1458 [00:42<00:35, 16.36it/s]
2026-07-24 19:15:27,442 - sflow.task.server_8 - INFO - 2:
2026-07-24 19:15:27,442 - sflow.task.server_8 - INFO - Loading weights:  65%|██████▍   | 945/1458 [00:42<00:30, 16.81it/s]
2026-07-24 19:15:27,494 - sflow.task.server_8 - INFO - 1:
2026-07-24 19:15:27,494 - sflow.task.server_8 - INFO - Loading weights:  61%|██████    | 884/1458 [00:42<00:23, 24.24it/s]
2026-07-24 19:15:27,545 - sflow.task.server_8 - INFO - 7:
2026-07-24 19:15:27,545 - sflow.task.server_8 - INFO - Loading weights:  50%|████▉     | 726/1458 [00:38<00:58, 12.53it/s]
2026-07-24 19:15:27,545 - sflow.task.server_8 - INFO - 2:
2026-07-24 19:15:27,545 - sflow.task.server_8 - INFO - Loading weights:  66%|██████▌   | 956/1458 [00:42<00:20, 24.99it/s]
2026-07-24 19:15:27,597 - sflow.task.server_8 - INFO - 1:
2026-07-24 19:15:27,597 - sflow.task.server_8 - INFO - Loading weights:  61%|██████    | 891/1458 [00:42<00:19, 28.90it/s]
2026-07-24 19:15:27,648 - sflow.task.server_8 - INFO - 6:
2026-07-24 19:15:27,648 - sflow.task.server_8 - INFO - Loading weights:  50%|████▉     | 726/1458 [00:38<00:46, 15.85it/s]
2026-07-24 19:15:27,648 - sflow.task.server_8 - INFO - 7:
2026-07-24 19:15:27,648 - sflow.task.server_8 - INFO - Loading weights:  50%|█████     | 729/1458 [00:38<00:51, 14.14it/s]
2026-07-24 19:15:27,648 - sflow.task.server_8 - INFO - 2:
2026-07-24 19:15:27,648 - sflow.task.server_8 - INFO - Loading weights:  66%|██████▌   | 963/1458 [00:42<00:16, 29.85it/s]
2026-07-24 19:15:27,751 - sflow.task.server_8 - INFO - 7:
2026-07-24 19:15:27,751 - sflow.task.server_8 - INFO - Loading weights:  50%|█████     | 734/1458 [00:38<00:39, 18.27it/s]
2026-07-24 19:15:27,751 - sflow.task.server_8 - INFO - 6:
2026-07-24 19:15:27,751 - sflow.task.server_8 - INFO - Loading weights:  50%|█████     | 730/1458 [00:39<00:41, 17.49it/s]
2026-07-24 19:15:27,854 - sflow.task.server_8 - INFO - 3:
2026-07-24 19:15:27,854 - sflow.task.server_8 - INFO - Loading weights:  66%|██████▋   | 968/1458 [00:42<00:26, 18.52it/s]
2026-07-24 19:15:27,905 - sflow.task.server_8 - INFO - 6:
2026-07-24 19:15:27,905 - sflow.task.server_8 - INFO - Loading weights:  51%|█████     | 740/1458 [00:39<00:28, 25.53it/s]
2026-07-24 19:15:27,905 - sflow.task.server_8 - INFO - 7:
2026-07-24 19:15:27,905 - sflow.task.server_8 - INFO - Loading weights:  51%|█████     | 742/1458 [00:39<00:27, 25.78it/s]
2026-07-24 19:15:28,008 - sflow.task.server_8 - INFO - 3:
2026-07-24 19:15:28,008 - sflow.task.server_8 - INFO - Loading weights:  67%|██████▋   | 979/1458 [00:42<00:17, 27.34it/s]
2026-07-24 19:15:28,008 - sflow.task.server_8 - INFO - 6:
2026-07-24 19:15:28,008 - sflow.task.server_8 - INFO - Loading weights:  51%|█████     | 745/1458 [00:39<00:25, 28.51it/s]
2026-07-24 19:15:28,059 - sflow.task.server_8 - INFO - 7:
2026-07-24 19:15:28,059 - sflow.task.server_8 - INFO - Loading weights:  51%|█████     | 747/1458 [00:39<00:25, 27.95it/s]
2026-07-24 19:15:28,059 - sflow.task.server_8 - INFO - 4:
2026-07-24 19:15:28,059 - sflow.task.server_8 - INFO - Loading weights:  50%|████▉     | 726/1458 [00:39<00:48, 14.99it/s]
2026-07-24 19:15:28,059 - sflow.task.server_8 - INFO - 0:
2026-07-24 19:15:28,059 - sflow.task.server_8 - INFO - Loading weights:  66%|██████▋   | 966/1458 [00:43<00:27, 17.67it/s]
2026-07-24 19:15:28,161 - sflow.task.server_8 - INFO - 4:
2026-07-24 19:15:28,161 - sflow.task.server_8 - INFO - Loading weights:  50%|█████     | 733/1458 [00:39<00:36, 19.73it/s]
2026-07-24 19:15:28,161 - sflow.task.server_8 - INFO - 0:
2026-07-24 19:15:28,161 - sflow.task.server_8 - INFO - Loading weights:  67%|██████▋   | 973/1458 [00:43<00:22, 21.78it/s]
2026-07-24 19:15:28,161 - sflow.task.server_8 - INFO - 3:
2026-07-24 19:15:28,161 - sflow.task.server_8 - INFO - Loading weights:  68%|██████▊   | 985/1458 [00:43<00:16, 28.51it/s]
2026-07-24 19:15:28,213 - sflow.task.server_8 - INFO - 6:
2026-07-24 19:15:28,213 - sflow.task.server_8 - INFO - Loading weights:  51%|█████▏    | 750/1458 [00:39<00:26, 26.98it/s]
2026-07-24 19:15:28,213 - sflow.task.server_8 - INFO - 5:
2026-07-24 19:15:28,213 - sflow.task.server_8 - INFO - Loading weights:  50%|████▉     | 728/1458 [00:39<00:46, 15.56it/s]
2026-07-24 19:15:28,213 - sflow.task.server_8 - INFO - 7:
2026-07-24 19:15:28,213 - sflow.task.server_8 - INFO - Loading weights:  52%|█████▏    | 751/1458 [00:39<00:27, 25.72it/s]
2026-07-24 19:15:28,264 - sflow.task.server_8 - INFO - 0:
2026-07-24 19:15:28,264 - sflow.task.server_8 - INFO - Loading weights:  67%|██████▋   | 983/1458 [00:43<00:15, 29.87it/s]
2026-07-24 19:15:28,264 - sflow.task.server_8 - INFO - 4:
2026-07-24 19:15:28,264 - sflow.task.server_8 - INFO - Loading weights:  51%|█████     | 742/1458 [00:39<00:26, 27.24it/s]
2026-07-24 19:15:28,316 - sflow.task.server_8 - INFO - 5:
2026-07-24 19:15:28,316 - sflow.task.server_8 - INFO - Loading weights:  51%|█████     | 739/1458 [00:39<00:30, 23.53it/s]
2026-07-24 19:15:28,316 - sflow.task.server_8 - INFO - 6:
2026-07-24 19:15:28,316 - sflow.task.server_8 - INFO - Loading weights:  52%|█████▏    | 755/1458 [00:39<00:23, 29.36it/s]
2026-07-24 19:15:28,367 - sflow.task.server_8 - INFO - 7:
2026-07-24 19:15:28,367 - sflow.task.server_8 - INFO - Loading weights:  52%|█████▏    | 755/1458 [00:39<00:25, 27.35it/s]
2026-07-24 19:15:28,367 - sflow.task.server_8 - INFO - 3:
2026-07-24 19:15:28,367 - sflow.task.server_8 - INFO - Loading weights:  68%|██████▊   | 990/1458 [00:43<00:16, 27.63it/s]
2026-07-24 19:15:28,469 - sflow.task.server_8 - INFO - 6:
2026-07-24 19:15:28,469 - sflow.task.server_8 - INFO - Loading weights:  52%|█████▏    | 764/1458 [00:39<00:17, 39.53it/s]
2026-07-24 19:15:28,469 - sflow.task.server_8 - INFO - 5:
2026-07-24 19:15:28,469 - sflow.task.server_8 - INFO - Loading weights:  51%|█████     | 745/1458 [00:39<00:26, 26.52it/s]
2026-07-24 19:15:28,469 - sflow.task.server_8 - INFO - 7:
2026-07-24 19:15:28,469 - sflow.task.server_8 - INFO - Loading weights:  52%|█████▏    | 764/1458 [00:39<00:17, 38.67it/s]
2026-07-24 19:15:28,469 - sflow.task.server_8 - INFO - 2:
2026-07-24 19:15:28,469 - sflow.task.server_8 - INFO - Loading weights:  67%|██████▋   | 970/1458 [00:43<00:27, 17.82it/s]
2026-07-24 19:15:28,469 - sflow.task.server_8 - INFO - 3:
2026-07-24 19:15:28,469 - sflow.task.server_8 - INFO - Loading weights:  68%|██████▊   | 995/1458 [00:43<00:15, 30.60it/s]
2026-07-24 19:15:28,469 - sflow.task.server_8 - INFO - 1:
2026-07-24 19:15:28,469 - sflow.task.server_8 - INFO - Loading weights:  62%|██████▏   | 897/1458 [00:43<00:34, 16.06it/s]
2026-07-24 19:15:28,572 - sflow.task.server_8 - INFO - 2:
2026-07-24 19:15:28,572 - sflow.task.server_8 - INFO - Loading weights:  67%|██████▋   | 980/1458 [00:43<00:19, 25.02it/s]
2026-07-24 19:15:28,572 - sflow.task.server_8 - INFO - 1:
2026-07-24 19:15:28,572 - sflow.task.server_8 - INFO - Loading weights:  62%|██████▏   | 907/1458 [00:43<00:23, 23.18it/s]
2026-07-24 19:15:28,572 - sflow.task.server_8 - INFO - 6:
2026-07-24 19:15:28,572 - sflow.task.server_8 - INFO - Loading weights:  53%|█████▎    | 771/1458 [00:39<00:16, 42.17it/s]
2026-07-24 19:15:28,623 - sflow.task.server_8 - INFO - 7:
2026-07-24 19:15:28,623 - sflow.task.server_8 - INFO - Loading weights:  53%|█████▎    | 771/1458 [00:39<00:16, 42.04it/s]
2026-07-24 19:15:28,623 - sflow.task.server_8 - INFO - 3:
2026-07-24 19:15:28,623 - sflow.task.server_8 - INFO - Loading weights:  69%|██████▉   | 1004/1458 [00:43<00:11, 39.12it/s]
2026-07-24 19:15:28,674 - sflow.task.server_8 - INFO - 2:
2026-07-24 19:15:28,674 - sflow.task.server_8 - INFO - Loading weights:  68%|██████▊   | 987/1458 [00:43<00:15, 29.57it/s]
2026-07-24 19:15:28,725 - sflow.task.server_8 - INFO - 1:
2026-07-24 19:15:28,725 - sflow.task.server_8 - INFO - Loading weights:  63%|██████▎   | 913/1458 [00:43<00:20, 26.44it/s]
2026-07-24 19:15:28,725 - sflow.task.server_8 - INFO - 3:
2026-07-24 19:15:28,725 - sflow.task.server_8 - INFO - Loading weights:  69%|██████▉   | 1010/1458 [00:43<00:11, 40.08it/s]
2026-07-24 19:15:28,930 - sflow.task.server_8 - INFO - 2:
2026-07-24 19:15:28,930 - sflow.task.server_8 - INFO - Loading weights:  68%|██████▊   | 993/1458 [00:43<00:16, 28.68it/s]
2026-07-24 19:15:28,930 - sflow.task.server_8 - INFO - 3:
2026-07-24 19:15:28,930 - sflow.task.server_8 - INFO - Loading weights:  70%|██████▉   | 1015/1458 [00:43<00:12, 34.65it/s]
2026-07-24 19:15:29,033 - sflow.task.server_8 - INFO - 2:
2026-07-24 19:15:29,033 - sflow.task.server_8 - INFO - Loading weights:  69%|██████▉   | 1003/1458 [00:44<00:11, 38.86it/s]
2026-07-24 19:15:29,085 - sflow.task.server_8 - INFO - 3:
2026-07-24 19:15:29,085 - sflow.task.server_8 - INFO - Loading weights:  70%|██████▉   | 1020/1458 [00:44<00:11, 36.68it/s]
2026-07-24 19:15:29,085 - sflow.task.server_8 - INFO - 0:
2026-07-24 19:15:29,085 - sflow.task.server_8 - INFO - Loading weights:  68%|██████▊   | 990/1458 [00:44<00:25, 18.41it/s]
2026-07-24 19:15:29,136 - sflow.task.server_8 - INFO - 2:
2026-07-24 19:15:29,136 - sflow.task.server_8 - INFO - Loading weights:  69%|██████▉   | 1010/1458 [00:44<00:10, 43.56it/s]
2026-07-24 19:15:29,187 - sflow.task.server_8 - INFO - 0:
2026-07-24 19:15:29,187 - sflow.task.server_8 - INFO - Loading weights:  68%|██████▊   | 995/1458 [00:44<00:21, 21.09it/s]
2026-07-24 19:15:29,187 - sflow.task.server_8 - INFO - 4:
2026-07-24 19:15:29,187 - sflow.task.server_8 - INFO - Loading weights:  51%|█████▏    | 750/1458 [00:40<00:43, 16.36it/s]
2026-07-24 19:15:29,187 - sflow.task.server_8 - INFO - 3:
2026-07-24 19:15:29,187 - sflow.task.server_8 - INFO - Loading weights:  71%|███████   | 1028/1458 [00:44<00:10, 42.70it/s]
2026-07-24 19:15:29,289 - sflow.task.server_8 - INFO - 0:
2026-07-24 19:15:29,289 - sflow.task.server_8 - INFO - Loading weights:  69%|██████▉   | 1004/1458 [00:44<00:16, 28.33it/s]
2026-07-24 19:15:29,289 - sflow.task.server_8 - INFO - 5:
2026-07-24 19:15:29,289 - sflow.task.server_8 - INFO - Loading weights:  52%|█████▏    | 751/1458 [00:40<00:44, 15.79it/s]
2026-07-24 19:15:29,289 - sflow.task.server_8 - INFO - 4:
2026-07-24 19:15:29,289 - sflow.task.server_8 - INFO - Loading weights:  52%|█████▏    | 757/1458 [00:40<00:33, 20.69it/s]
2026-07-24 19:15:29,340 - sflow.task.server_8 - INFO - 3:
2026-07-24 19:15:29,341 - sflow.task.server_8 - INFO - Loading weights:  71%|███████   | 1033/1458 [00:44<00:10, 39.98it/s]
2026-07-24 19:15:29,391 - sflow.task.server_8 - INFO - 5:
2026-07-24 19:15:29,391 - sflow.task.server_8 - INFO - Loading weights:  52%|█████▏    | 756/1458 [00:40<00:37, 18.73it/s]
2026-07-24 19:15:29,391 - sflow.task.server_8 - INFO - 4:
2026-07-24 19:15:29,391 - sflow.task.server_8 - INFO - Loading weights:  52%|█████▏    | 764/1458 [00:40<00:26, 25.99it/s]
2026-07-24 19:15:29,492 - sflow.task.server_8 - INFO - 6:
2026-07-24 19:15:29,493 - sflow.task.server_8 - INFO - Loading weights:  53%|█████▎    | 777/1458 [00:40<00:39, 17.40it/s]
2026-07-24 19:15:29,493 - sflow.task.server_8 - INFO - 7:
2026-07-24 19:15:29,493 - sflow.task.server_8 - INFO - Loading weights:  53%|█████▎    | 776/1458 [00:40<00:42, 16.05it/s]
2026-07-24 19:15:29,493 - sflow.task.server_8 - INFO - 5:
2026-07-24 19:15:29,493 - sflow.task.server_8 - INFO - Loading weights:  52%|█████▏    | 763/1458 [00:40<00:28, 24.00it/s]
2026-07-24 19:15:29,544 - sflow.task.server_8 - INFO - 4:
2026-07-24 19:15:29,544 - sflow.task.server_8 - INFO - Loading weights:  53%|█████▎    | 771/1458 [00:40<00:22, 30.46it/s]
2026-07-24 19:15:29,544 - sflow.task.server_8 - INFO - 3:
2026-07-24 19:15:29,544 - sflow.task.server_8 - INFO - Loading weights:  71%|███████   | 1038/1458 [00:44<00:12, 34.31it/s]
2026-07-24 19:15:29,595 - sflow.task.server_8 - INFO - 6:
2026-07-24 19:15:29,595 - sflow.task.server_8 - INFO - Loading weights:  54%|█████▍    | 787/1458 [00:40<00:26, 25.75it/s]
2026-07-24 19:15:29,595 - sflow.task.server_8 - INFO - 1:
2026-07-24 19:15:29,595 - sflow.task.server_8 - INFO - Loading weights:  63%|██████▎   | 919/1458 [00:44<00:35, 15.13it/s]
2026-07-24 19:15:29,646 - sflow.task.server_8 - INFO - 5:
2026-07-24 19:15:29,646 - sflow.task.server_8 - INFO - Loading weights:  53%|█████▎    | 769/1458 [00:40<00:25, 27.34it/s]
2026-07-24 19:15:29,646 - sflow.task.server_8 - INFO - 7:
2026-07-24 19:15:29,646 - sflow.task.server_8 - INFO - Loading weights:  54%|█████▍    | 788/1458 [00:40<00:26, 24.88it/s]
2026-07-24 19:15:29,646 - sflow.task.server_8 - INFO - 3:
2026-07-24 19:15:29,646 - sflow.task.server_8 - INFO - Loading weights:  71%|███████▏  | 1042/1458 [00:44<00:12, 34.41it/s]
2026-07-24 19:15:29,697 - sflow.task.server_8 - INFO - 1:
2026-07-24 19:15:29,697 - sflow.task.server_8 - INFO - Loading weights:  63%|██████▎   | 925/1458 [00:44<00:28, 18.69it/s]
2026-07-24 19:15:29,799 - sflow.task.server_8 - INFO - 3:
2026-07-24 19:15:29,799 - sflow.task.server_8 - INFO - Loading weights:  72%|███████▏  | 1052/1458 [00:44<00:08, 46.24it/s]
2026-07-24 19:15:29,799 - sflow.task.server_8 - INFO - 6:
2026-07-24 19:15:29,799 - sflow.task.server_8 - INFO - Loading weights:  54%|█████▍    | 793/1458 [00:41<00:25, 25.97it/s]
2026-07-24 19:15:29,799 - sflow.task.server_8 - INFO - 7:
2026-07-24 19:15:29,799 - sflow.task.server_8 - INFO - Loading weights:  54%|█████▍    | 793/1458 [00:41<00:25, 26.47it/s]
2026-07-24 19:15:29,799 - sflow.task.server_8 - INFO - 1:
2026-07-24 19:15:29,799 - sflow.task.server_8 - INFO - Loading weights:  64%|██████▍   | 934/1458 [00:44<00:20, 26.11it/s]
2026-07-24 19:15:29,799 - sflow.task.server_8 - INFO - 2:
2026-07-24 19:15:29,799 - sflow.task.server_8 - INFO - Loading weights:  70%|██████▉   | 1017/1458 [00:44<00:19, 22.81it/s]
2026-07-24 19:15:29,901 - sflow.task.server_8 - INFO - 3:
2026-07-24 19:15:29,901 - sflow.task.server_8 - INFO - Loading weights:  72%|███████▏  | 1057/1458 [00:44<00:08, 44.67it/s]
2026-07-24 19:15:29,951 - sflow.task.server_8 - INFO - 2:
2026-07-24 19:15:29,951 - sflow.task.server_8 - INFO - Loading weights:  71%|███████   | 1028/1458 [00:44<00:13, 32.34it/s]
2026-07-24 19:15:30,003 - sflow.task.server_8 - INFO - 6:
2026-07-24 19:15:30,003 - sflow.task.server_8 - INFO - Loading weights:  55%|█████▍    | 798/1458 [00:41<00:26, 25.38it/s]
2026-07-24 19:15:30,003 - sflow.task.server_8 - INFO - 7:
2026-07-24 19:15:30,003 - sflow.task.server_8 - INFO - Loading weights:  55%|█████▍    | 798/1458 [00:41<00:25, 25.72it/s]
2026-07-24 19:15:30,054 - sflow.task.server_8 - INFO - 2:
2026-07-24 19:15:30,054 - sflow.task.server_8 - INFO - Loading weights:  71%|███████   | 1035/1458 [00:45<00:11, 37.29it/s]
2026-07-24 19:15:30,054 - sflow.task.server_8 - INFO - 0:
2026-07-24 19:15:30,054 - sflow.task.server_8 - INFO - Loading weights:  70%|██████▉   | 1014/1458 [00:45<00:22, 19.85it/s]
2026-07-24 19:15:30,157 - sflow.task.server_8 - INFO - 6:
2026-07-24 19:15:30,157 - sflow.task.server_8 - INFO - Loading weights:  55%|█████▌    | 803/1458 [00:41<00:23, 28.03it/s]
2026-07-24 19:15:30,157 - sflow.task.server_8 - INFO - 7:
2026-07-24 19:15:30,157 - sflow.task.server_8 - INFO - Loading weights:  55%|█████▌    | 802/1458 [00:41<00:24, 26.96it/s]
2026-07-24 19:15:30,157 - sflow.task.server_8 - INFO - 0:
2026-07-24 19:15:30,157 - sflow.task.server_8 - INFO - Loading weights:  70%|███████   | 1021/1458 [00:45<00:18, 24.26it/s]
2026-07-24 19:15:30,259 - sflow.task.server_8 - INFO - 6:
2026-07-24 19:15:30,259 - sflow.task.server_8 - INFO - Loading weights:  56%|█████▌    | 811/1458 [00:41<00:17, 36.54it/s]
2026-07-24 19:15:30,259 - sflow.task.server_8 - INFO - 7:
2026-07-24 19:15:30,259 - sflow.task.server_8 - INFO - Loading weights:  56%|█████▌    | 812/1458 [00:41<00:16, 38.73it/s]
2026-07-24 19:15:30,259 - sflow.task.server_8 - INFO - 0:
2026-07-24 19:15:30,259 - sflow.task.server_8 - INFO - Loading weights:  71%|███████   | 1031/1458 [00:45<00:12, 32.90it/s]
2026-07-24 19:15:30,311 - sflow.task.server_8 - INFO - 2:
2026-07-24 19:15:30,311 - sflow.task.server_8 - INFO - Loading weights:  71%|███████▏  | 1042/1458 [00:45<00:12, 34.05it/s]
2026-07-24 19:15:30,363 - sflow.task.server_8 - INFO - 4:
2026-07-24 19:15:30,363 - sflow.task.server_8 - INFO - Loading weights:  53%|█████▎    | 777/1458 [00:41<00:40, 16.62it/s]
2026-07-24 19:15:30,363 - sflow.task.server_8 - INFO - 6:
2026-07-24 19:15:30,363 - sflow.task.server_8 - INFO - Loading weights:  56%|█████▌    | 817/1458 [00:41<00:16, 39.44it/s]
2026-07-24 19:15:30,363 - sflow.task.server_8 - INFO - 5:
2026-07-24 19:15:30,363 - sflow.task.server_8 - INFO - Loading weights:  53%|█████▎    | 774/1458 [00:41<00:43, 15.88it/s]
2026-07-24 19:15:30,363 - sflow.task.server_8 - INFO - 7:
2026-07-24 19:15:30,363 - sflow.task.server_8 - INFO - Loading weights:  56%|█████▌    | 819/1458 [00:41<00:14, 42.67it/s]
2026-07-24 19:15:30,414 - sflow.task.server_8 - INFO - 2:
2026-07-24 19:15:30,414 - sflow.task.server_8 - INFO - Loading weights:  72%|███████▏  | 1054/1458 [00:45<00:08, 46.40it/s]
2026-07-24 19:15:30,465 - sflow.task.server_8 - INFO - 4:
2026-07-24 19:15:30,465 - sflow.task.server_8 - INFO - Loading weights:  54%|█████▍    | 788/1458 [00:41<00:27, 24.71it/s]
2026-07-24 19:15:30,517 - sflow.task.server_8 - INFO - 5:
2026-07-24 19:15:30,517 - sflow.task.server_8 - INFO - Loading weights:  53%|█████▎    | 778/1458 [00:41<00:38, 17.74it/s]
2026-07-24 19:15:30,620 - sflow.task.server_8 - INFO - 5:
2026-07-24 19:15:30,620 - sflow.task.server_8 - INFO - Loading weights:  54%|█████▍    | 787/1458 [00:41<00:25, 26.51it/s]
2026-07-24 19:15:30,620 - sflow.task.server_8 - INFO - 4:
2026-07-24 19:15:30,620 - sflow.task.server_8 - INFO - Loading weights:  55%|█████▍    | 795/1458 [00:41<00:22, 29.27it/s]
2026-07-24 19:15:30,620 - sflow.task.server_8 - INFO - 3:
2026-07-24 19:15:30,620 - sflow.task.server_8 - INFO - Loading weights:  73%|███████▎  | 1062/1458 [00:45<00:20, 18.97it/s]
2026-07-24 19:15:30,723 - sflow.task.server_8 - INFO - 1:
2026-07-24 19:15:30,723 - sflow.task.server_8 - INFO - Loading weights:  65%|██████▍   | 942/1458 [00:45<00:31, 16.16it/s]
2026-07-24 19:15:30,723 - sflow.task.server_8 - INFO - 3:
2026-07-24 19:15:30,723 - sflow.task.server_8 - INFO - Loading weights:  73%|███████▎  | 1066/1458 [00:45<00:18, 21.14it/s]
2026-07-24 19:15:30,723 - sflow.task.server_8 - INFO - 5:
2026-07-24 19:15:30,723 - sflow.task.server_8 - INFO - Loading weights:  54%|█████▍    | 793/1458 [00:41<00:22, 29.61it/s]
2026-07-24 19:15:30,826 - sflow.task.server_8 - INFO - 1:
2026-07-24 19:15:30,826 - sflow.task.server_8 - INFO - Loading weights:  65%|██████▌   | 949/1458 [00:45<00:24, 20.37it/s]
2026-07-24 19:15:30,877 - sflow.task.server_8 - INFO - 3:
2026-07-24 19:15:30,877 - sflow.task.server_8 - INFO - Loading weights:  74%|███████▍  | 1076/1458 [00:45<00:12, 31.45it/s]
2026-07-24 19:15:30,877 - sflow.task.server_8 - INFO - 0:
2026-07-24 19:15:30,877 - sflow.task.server_8 - INFO - Loading weights:  71%|███████   | 1038/1458 [00:45<00:18, 22.24it/s]
2026-07-24 19:15:30,929 - sflow.task.server_8 - INFO - 1:
2026-07-24 19:15:30,929 - sflow.task.server_8 - INFO - Loading weights:  66%|██████▌   | 958/1458 [00:45<00:18, 27.35it/s]
2026-07-24 19:15:30,980 - sflow.task.server_8 - INFO - 3:
2026-07-24 19:15:30,980 - sflow.task.server_8 - INFO - Loading weights:  74%|███████▍  | 1081/1458 [00:45<00:11, 33.07it/s]
2026-07-24 19:15:30,980 - sflow.task.server_8 - INFO - 5:
2026-07-24 19:15:30,980 - sflow.task.server_8 - INFO - Loading weights:  55%|█████▍    | 798/1458 [00:42<00:24, 26.52it/s]
2026-07-24 19:15:30,980 - sflow.task.server_8 - INFO - 0:
2026-07-24 19:15:30,980 - sflow.task.server_8 - INFO - Loading weights:  72%|███████▏  | 1045/1458 [00:45<00:15, 26.68it/s]
2026-07-24 19:15:31,082 - sflow.task.server_8 - INFO - 6:
2026-07-24 19:15:31,082 - sflow.task.server_8 - INFO - Loading weights:  56%|█████▋    | 823/1458 [00:42<00:33, 18.83it/s]
2026-07-24 19:15:31,082 - sflow.task.server_8 - INFO - 5:
2026-07-24 19:15:31,082 - sflow.task.server_8 - INFO - Loading weights:  55%|█████▌    | 805/1458 [00:42<00:19, 32.87it/s]
2026-07-24 19:15:31,082 - sflow.task.server_8 - INFO - 0:
2026-07-24 19:15:31,082 - sflow.task.server_8 - INFO - Loading weights:  72%|███████▏  | 1055/1458 [00:46<00:11, 35.86it/s]
2026-07-24 19:15:31,133 - sflow.task.server_8 - INFO - 7:
2026-07-24 19:15:31,133 - sflow.task.server_8 - INFO - Loading weights:  57%|█████▋    | 825/1458 [00:42<00:32, 19.38it/s]
2026-07-24 19:15:31,133 - sflow.task.server_8 - INFO - 2:
2026-07-24 19:15:31,133 - sflow.task.server_8 - INFO - Loading weights:  73%|███████▎  | 1062/1458 [00:46<00:16, 24.45it/s]
2026-07-24 19:15:31,236 - sflow.task.server_8 - INFO - 5:
2026-07-24 19:15:31,236 - sflow.task.server_8 - INFO - Loading weights:  56%|█████▌    | 814/1458 [00:42<00:15, 42.07it/s]
2026-07-24 19:15:31,236 - sflow.task.server_8 - INFO - 6:
2026-07-24 19:15:31,236 - sflow.task.server_8 - INFO - Loading weights:  57%|█████▋    | 829/1458 [00:42<00:27, 22.63it/s]
2026-07-24 19:15:31,236 - sflow.task.server_8 - INFO - 7:
2026-07-24 19:15:31,236 - sflow.task.server_8 - INFO - Loading weights:  57%|█████▋    | 835/1458 [00:42<00:22, 27.92it/s]
2026-07-24 19:15:31,236 - sflow.task.server_8 - INFO - 2:
2026-07-24 19:15:31,236 - sflow.task.server_8 - INFO - Loading weights:  73%|███████▎  | 1069/1458 [00:46<00:13, 28.90it/s]
2026-07-24 19:15:31,338 - sflow.task.server_8 - INFO - 4:
2026-07-24 19:15:31,338 - sflow.task.server_8 - INFO - Loading weights:  55%|█████▍    | 801/1458 [00:42<00:36, 17.89it/s]
2026-07-24 19:15:31,338 - sflow.task.server_8 - INFO - 6:
2026-07-24 19:15:31,338 - sflow.task.server_8 - INFO - Loading weights:  57%|█████▋    | 836/1458 [00:42<00:21, 28.63it/s]
2026-07-24 19:15:31,338 - sflow.task.server_8 - INFO - 2:
2026-07-24 19:15:31,338 - sflow.task.server_8 - INFO - Loading weights:  74%|███████▍  | 1079/1458 [00:46<00:09, 38.07it/s]
2026-07-24 19:15:31,441 - sflow.task.server_8 - INFO - 4:
2026-07-24 19:15:31,441 - sflow.task.server_8 - INFO - Loading weights:  56%|█████▌    | 812/1458 [00:42<00:24, 26.04it/s]
2026-07-24 19:15:31,492 - sflow.task.server_8 - INFO - 6:
2026-07-24 19:15:31,492 - sflow.task.server_8 - INFO - Loading weights:  58%|█████▊    | 841/1458 [00:42<00:20, 29.79it/s]
2026-07-24 19:15:31,492 - sflow.task.server_8 - INFO - 7:
2026-07-24 19:15:31,492 - sflow.task.server_8 - INFO - Loading weights:  58%|█████▊    | 841/1458 [00:42<00:22, 27.28it/s]
2026-07-24 19:15:31,544 - sflow.task.server_8 - INFO - 5:
2026-07-24 19:15:31,544 - sflow.task.server_8 - INFO - Loading weights:  56%|█████▋    | 822/1458 [00:42<00:19, 33.11it/s]
2026-07-24 19:15:31,595 - sflow.task.server_8 - INFO - 4:
2026-07-24 19:15:31,595 - sflow.task.server_8 - INFO - Loading weights:  56%|█████▌    | 819/1458 [00:42<00:21, 30.40it/s]
2026-07-24 19:15:31,647 - sflow.task.server_8 - INFO - 5:
2026-07-24 19:15:31,647 - sflow.task.server_8 - INFO - Loading weights:  57%|█████▋    | 827/1458 [00:42<00:17, 35.51it/s]
2026-07-24 19:15:31,749 - sflow.task.server_8 - INFO - 3:
2026-07-24 19:15:31,749 - sflow.task.server_8 - INFO - Loading weights:  74%|███████▍  | 1086/1458 [00:46<00:22, 16.20it/s]
2026-07-24 19:15:31,800 - sflow.task.server_8 - INFO - 5:
2026-07-24 19:15:31,800 - sflow.task.server_8 - INFO - Loading weights:  57%|█████▋    | 836/1458 [00:42<00:13, 44.62it/s]
2026-07-24 19:15:31,851 - sflow.task.server_8 - INFO - 3:
2026-07-24 19:15:31,851 - sflow.task.server_8 - INFO - Loading weights:  75%|███████▍  | 1090/1458 [00:46<00:19, 18.47it/s]
2026-07-24 19:15:31,902 - sflow.task.server_8 - INFO - 1:
2026-07-24 19:15:31,902 - sflow.task.server_8 - INFO - Loading weights:  66%|██████▋   | 966/1458 [00:46<00:30, 16.40it/s]
2026-07-24 19:15:31,902 - sflow.task.server_8 - INFO - 5:
2026-07-24 19:15:31,902 - sflow.task.server_8 - INFO - Loading weights:  58%|█████▊    | 843/1458 [00:43<00:12, 48.15it/s]
2026-07-24 19:15:31,902 - sflow.task.server_8 - INFO - 4:
2026-07-24 19:15:31,902 - sflow.task.server_8 - INFO - Loading weights:  57%|█████▋    | 825/1458 [00:43<00:24, 26.36it/s]
2026-07-24 19:15:31,954 - sflow.task.server_8 - INFO - 0:
2026-07-24 19:15:31,954 - sflow.task.server_8 - INFO - Loading weights:  73%|███████▎  | 1062/1458 [00:46<00:20, 19.46it/s]
2026-07-24 19:15:31,954 - sflow.task.server_8 - INFO - 3:
2026-07-24 19:15:31,954 - sflow.task.server_8 - INFO - Loading weights:  75%|███████▌  | 1100/1458 [00:46<00:12, 28.89it/s]
2026-07-24 19:15:32,005 - sflow.task.server_8 - INFO - 1:
2026-07-24 19:15:32,005 - sflow.task.server_8 - INFO - Loading weights:  67%|██████▋   | 973/1458 [00:46<00:23, 20.55it/s]
2026-07-24 19:15:32,006 - sflow.task.server_8 - INFO - 4:
2026-07-24 19:15:32,006 - sflow.task.server_8 - INFO - Loading weights:  57%|█████▋    | 835/1458 [00:43<00:17, 34.80it/s]
2026-07-24 19:15:32,057 - sflow.task.server_8 - INFO - 0:
2026-07-24 19:15:32,057 - sflow.task.server_8 - INFO - Loading weights:  73%|███████▎  | 1067/1458 [00:47<00:17, 22.16it/s]
2026-07-24 19:15:32,057 - sflow.task.server_8 - INFO - 3:
2026-07-24 19:15:32,057 - sflow.task.server_8 - INFO - Loading weights:  76%|███████▌  | 1107/1458 [00:47<00:10, 34.87it/s]
2026-07-24 19:15:32,108 - sflow.task.server_8 - INFO - 1:
2026-07-24 19:15:32,108 - sflow.task.server_8 - INFO - Loading weights:  67%|██████▋   | 982/1458 [00:47<00:17, 27.16it/s]
2026-07-24 19:15:32,160 - sflow.task.server_8 - INFO - 0:
2026-07-24 19:15:32,160 - sflow.task.server_8 - INFO - Loading weights:  74%|███████▍  | 1078/1458 [00:47<00:11, 32.11it/s]
2026-07-24 19:15:32,160 - sflow.task.server_8 - INFO - 4:
2026-07-24 19:15:32,160 - sflow.task.server_8 - INFO - Loading weights:  58%|█████▊    | 841/1458 [00:43<00:16, 36.36it/s]
2026-07-24 19:15:32,160 - sflow.task.server_8 - INFO - 2:
2026-07-24 19:15:32,160 - sflow.task.server_8 - INFO - Loading weights:  74%|███████▍  | 1086/1458 [00:47<00:18, 20.21it/s]
2026-07-24 19:15:32,262 - sflow.task.server_8 - INFO - 7:
2026-07-24 19:15:32,262 - sflow.task.server_8 - INFO - Loading weights:  58%|█████▊    | 846/1458 [00:43<00:38, 15.78it/s]
2026-07-24 19:15:32,262 - sflow.task.server_8 - INFO - 6:
2026-07-24 19:15:32,262 - sflow.task.server_8 - INFO - Loading weights:  58%|█████▊    | 846/1458 [00:43<00:39, 15.34it/s]
2026-07-24 19:15:32,313 - sflow.task.server_8 - INFO - 2:
2026-07-24 19:15:32,313 - sflow.task.server_8 - INFO - Loading weights:  75%|███████▍  | 1093/1458 [00:47<00:14, 24.73it/s]
2026-07-24 19:15:32,313 - sflow.task.server_8 - INFO - 3:
2026-07-24 19:15:32,313 - sflow.task.server_8 - INFO - Loading weights:  76%|███████▋  | 1113/1458 [00:47<00:10, 31.44it/s]
2026-07-24 19:15:32,364 - sflow.task.server_8 - INFO - 6:
2026-07-24 19:15:32,364 - sflow.task.server_8 - INFO - Loading weights:  58%|█████▊    | 850/1458 [00:43<00:34, 17.76it/s]
2026-07-24 19:15:32,364 - sflow.task.server_8 - INFO - 7:
2026-07-24 19:15:32,364 - sflow.task.server_8 - INFO - Loading weights:  58%|█████▊    | 850/1458 [00:43<00:34, 17.84it/s]
2026-07-24 19:15:32,364 - sflow.task.server_8 - INFO - 2:
2026-07-24 19:15:32,364 - sflow.task.server_8 - INFO - Loading weights:  76%|███████▌  | 1102/1458 [00:47<00:10, 32.48it/s]
2026-07-24 19:15:32,416 - sflow.task.server_8 - INFO - 3:
2026-07-24 19:15:32,416 - sflow.task.server_8 - INFO - Loading weights:  77%|███████▋  | 1123/1458 [00:47<00:07, 42.27it/s]
2026-07-24 19:15:32,518 - sflow.task.server_8 - INFO - 6:
2026-07-24 19:15:32,518 - sflow.task.server_8 - INFO - Loading weights:  59%|█████▉    | 860/1458 [00:43<00:23, 25.74it/s]
2026-07-24 19:15:32,518 - sflow.task.server_8 - INFO - 7:
2026-07-24 19:15:32,518 - sflow.task.server_8 - INFO - Loading weights:  59%|█████▉    | 860/1458 [00:43<00:23, 25.20it/s]
2026-07-24 19:15:32,621 - sflow.task.server_8 - INFO - 3:
2026-07-24 19:15:32,621 - sflow.task.server_8 - INFO - Loading weights:  77%|███████▋  | 1129/1458 [00:47<00:08, 39.36it/s]
2026-07-24 19:15:32,621 - sflow.task.server_8 - INFO - 2:
2026-07-24 19:15:32,621 - sflow.task.server_8 - INFO - Loading weights:  76%|███████▌  | 1110/1458 [00:47<00:10, 32.29it/s]
2026-07-24 19:15:32,672 - sflow.task.server_8 - INFO - 5:
2026-07-24 19:15:32,672 - sflow.task.server_8 - INFO - Loading weights:  58%|█████▊    | 849/1458 [00:43<00:29, 20.39it/s]
2026-07-24 19:15:32,672 - sflow.task.server_8 - INFO - 6:
2026-07-24 19:15:32,672 - sflow.task.server_8 - INFO - Loading weights:  59%|█████▉    | 865/1458 [00:43<00:21, 27.36it/s]
2026-07-24 19:15:32,672 - sflow.task.server_8 - INFO - 7:
2026-07-24 19:15:32,672 - sflow.task.server_8 - INFO - Loading weights:  59%|█████▉    | 865/1458 [00:43<00:22, 26.82it/s]
2026-07-24 19:15:32,774 - sflow.task.server_8 - INFO - 2:
2026-07-24 19:15:32,774 - sflow.task.server_8 - INFO - Loading weights:  77%|███████▋  | 1117/1458 [00:47<00:09, 37.13it/s]
2026-07-24 19:15:32,774 - sflow.task.server_8 - INFO - 5:
2026-07-24 19:15:32,774 - sflow.task.server_8 - INFO - Loading weights:  59%|█████▉    | 859/1458 [00:44<00:21, 28.46it/s]
2026-07-24 19:15:32,877 - sflow.task.server_8 - INFO - 2:
2026-07-24 19:15:32,877 - sflow.task.server_8 - INFO - Loading weights:  77%|███████▋  | 1126/1458 [00:47<00:07, 44.71it/s]
2026-07-24 19:15:32,928 - sflow.task.server_8 - INFO - 1:
2026-07-24 19:15:32,928 - sflow.task.server_8 - INFO - Loading weights:  68%|██████▊   | 990/1458 [00:47<00:26, 17.98it/s]
2026-07-24 19:15:32,928 - sflow.task.server_8 - INFO - 5:
2026-07-24 19:15:32,928 - sflow.task.server_8 - INFO - Loading weights:  59%|█████▉    | 865/1458 [00:44<00:18, 31.69it/s]
2026-07-24 19:15:32,979 - sflow.task.server_8 - INFO - 4:
2026-07-24 19:15:32,979 - sflow.task.server_8 - INFO - Loading weights:  58%|█████▊    | 847/1458 [00:44<00:32, 18.55it/s]
2026-07-24 19:15:32,979 - sflow.task.server_8 - INFO - 0:
2026-07-24 19:15:32,979 - sflow.task.server_8 - INFO - Loading weights:  74%|███████▍  | 1086/1458 [00:47<00:19, 19.08it/s]
2026-07-24 19:15:33,030 - sflow.task.server_8 - INFO - 1:
2026-07-24 19:15:33,030 - sflow.task.server_8 - INFO - Loading weights:  68%|██████▊   | 997/1458 [00:48<00:20, 22.15it/s]
2026-07-24 19:15:33,082 - sflow.task.server_8 - INFO - 4:
2026-07-24 19:15:33,082 - sflow.task.server_8 - INFO - Loading weights:  59%|█████▊    | 853/1458 [00:44<00:27, 22.34it/s]
2026-07-24 19:15:33,082 - sflow.task.server_8 - INFO - 0:
2026-07-24 19:15:33,082 - sflow.task.server_8 - INFO - Loading weights:  75%|███████▍  | 1093/1458 [00:48<00:15, 23.52it/s]
2026-07-24 19:15:33,133 - sflow.task.server_8 - INFO - 1:
2026-07-24 19:15:33,133 - sflow.task.server_8 - INFO - Loading weights:  69%|██████▉   | 1006/1458 [00:48<00:15, 29.10it/s]
2026-07-24 19:15:33,184 - sflow.task.server_8 - INFO - 4:
2026-07-24 19:15:33,184 - sflow.task.server_8 - INFO - Loading weights:  59%|█████▉    | 862/1458 [00:44<00:19, 30.19it/s]
2026-07-24 19:15:33,184 - sflow.task.server_8 - INFO - 0:
2026-07-24 19:15:33,184 - sflow.task.server_8 - INFO - Loading weights:  76%|███████▌  | 1102/1458 [00:48<00:11, 30.54it/s]
2026-07-24 19:15:33,235 - sflow.task.server_8 - INFO - 1:
2026-07-24 19:15:33,235 - sflow.task.server_8 - INFO - Loading weights:  69%|██████▉   | 1012/1458 [00:48<00:13, 32.98it/s]
2026-07-24 19:15:33,337 - sflow.task.server_8 - INFO - 3:
2026-07-24 19:15:33,337 - sflow.task.server_8 - INFO - Loading weights:  78%|███████▊  | 1135/1458 [00:48<00:16, 19.28it/s]
2026-07-24 19:15:33,439 - sflow.task.server_8 - INFO - 0:
2026-07-24 19:15:33,439 - sflow.task.server_8 - INFO - Loading weights:  76%|███████▌  | 1110/1458 [00:48<00:11, 31.10it/s]
2026-07-24 19:15:33,490 - sflow.task.server_8 - INFO - 3:
2026-07-24 19:15:33,490 - sflow.task.server_8 - INFO - Loading weights:  78%|███████▊  | 1139/1458 [00:48<00:15, 20.95it/s]
2026-07-24 19:15:33,490 - sflow.task.server_8 - INFO - 7:
2026-07-24 19:15:33,490 - sflow.task.server_8 - INFO - Loading weights:  60%|█████▉    | 870/1458 [00:44<00:40, 14.47it/s]
2026-07-24 19:15:33,490 - sflow.task.server_8 - INFO - 6:
2026-07-24 19:15:33,490 - sflow.task.server_8 - INFO - Loading weights:  60%|█████▉    | 870/1458 [00:44<00:41, 14.34it/s]
2026-07-24 19:15:33,541 - sflow.task.server_8 - INFO - 0:
2026-07-24 19:15:33,541 - sflow.task.server_8 - INFO - Loading weights:  77%|███████▋  | 1117/1458 [00:48<00:09, 36.08it/s]
2026-07-24 19:15:33,592 - sflow.task.server_8 - INFO - 3:
2026-07-24 19:15:33,592 - sflow.task.server_8 - INFO - Loading weights:  79%|███████▊  | 1148/1458 [00:48<00:10, 28.86it/s]
2026-07-24 19:15:33,643 - sflow.task.server_8 - INFO - 6:
2026-07-24 19:15:33,643 - sflow.task.server_8 - INFO - Loading weights:  60%|█████▉    | 874/1458 [00:44<00:35, 16.34it/s]
2026-07-24 19:15:33,643 - sflow.task.server_8 - INFO - 7:
2026-07-24 19:15:33,643 - sflow.task.server_8 - INFO - Loading weights:  60%|█████▉    | 874/1458 [00:44<00:35, 16.38it/s]
2026-07-24 19:15:33,643 - sflow.task.server_8 - INFO - 0:
2026-07-24 19:15:33,643 - sflow.task.server_8 - INFO - Loading weights:  77%|███████▋  | 1126/1458 [00:48<00:07, 44.82it/s]
2026-07-24 19:15:33,694 - sflow.task.server_8 - INFO - 2:
2026-07-24 19:15:33,695 - sflow.task.server_8 - INFO - Loading weights:  78%|███████▊  | 1134/1458 [00:48<00:14, 21.71it/s]
2026-07-24 19:15:33,746 - sflow.task.server_8 - INFO - 3:
2026-07-24 19:15:33,746 - sflow.task.server_8 - INFO - Loading weights:  79%|███████▉  | 1153/1458 [00:48<00:10, 30.35it/s]
2026-07-24 19:15:33,797 - sflow.task.server_8 - INFO - 6:
2026-07-24 19:15:33,797 - sflow.task.server_8 - INFO - Loading weights:  61%|██████    | 884/1458 [00:45<00:23, 24.60it/s]
2026-07-24 19:15:33,797 - sflow.task.server_8 - INFO - 7:
2026-07-24 19:15:33,797 - sflow.task.server_8 - INFO - Loading weights:  61%|██████    | 884/1458 [00:45<00:23, 24.47it/s]
2026-07-24 19:15:33,797 - sflow.task.server_8 - INFO - 5:
2026-07-24 19:15:33,797 - sflow.task.server_8 - INFO - Loading weights:  60%|█████▉    | 871/1458 [00:44<00:35, 16.33it/s]
2026-07-24 19:15:33,797 - sflow.task.server_8 - INFO - 2:
2026-07-24 19:15:33,797 - sflow.task.server_8 - INFO - Loading weights:  78%|███████▊  | 1141/1458 [00:48<00:12, 26.37it/s]
2026-07-24 19:15:33,900 - sflow.task.server_8 - INFO - 5:
2026-07-24 19:15:33,900 - sflow.task.server_8 - INFO - Loading weights:  60%|██████    | 875/1458 [00:45<00:31, 18.50it/s]
2026-07-24 19:15:33,900 - sflow.task.server_8 - INFO - 2:
2026-07-24 19:15:33,900 - sflow.task.server_8 - INFO - Loading weights:  79%|███████▉  | 1151/1458 [00:48<00:08, 35.63it/s]
2026-07-24 19:15:33,952 - sflow.task.server_8 - INFO - 6:
2026-07-24 19:15:33,952 - sflow.task.server_8 - INFO - Loading weights:  61%|██████    | 889/1458 [00:45<00:21, 26.22it/s]
2026-07-24 19:15:33,952 - sflow.task.server_8 - INFO - 7:
2026-07-24 19:15:33,952 - sflow.task.server_8 - INFO - Loading weights:  61%|██████    | 889/1458 [00:45<00:21, 26.09it/s]
2026-07-24 19:15:34,003 - sflow.task.server_8 - INFO - 5:
2026-07-24 19:15:34,003 - sflow.task.server_8 - INFO - Loading weights:  61%|██████    | 884/1458 [00:45<00:21, 26.11it/s]
2026-07-24 19:15:34,054 - sflow.task.server_8 - INFO - 4:
2026-07-24 19:15:34,054 - sflow.task.server_8 - INFO - Loading weights:  60%|█████▉    | 870/1458 [00:45<00:33, 17.52it/s]
2026-07-24 19:15:34,157 - sflow.task.server_8 - INFO - 5:
2026-07-24 19:15:34,157 - sflow.task.server_8 - INFO - Loading weights:  61%|██████    | 891/1458 [00:45<00:18, 31.50it/s]
2026-07-24 19:15:34,157 - sflow.task.server_8 - INFO - 6:
2026-07-24 19:15:34,157 - sflow.task.server_8 - INFO - Loading weights:  61%|██████▏   | 894/1458 [00:45<00:21, 25.81it/s]
2026-07-24 19:15:34,157 - sflow.task.server_8 - INFO - 7:
2026-07-24 19:15:34,157 - sflow.task.server_8 - INFO - Loading weights:  61%|██████▏   | 894/1458 [00:45<00:21, 25.72it/s]
2026-07-24 19:15:34,157 - sflow.task.server_8 - INFO - 4:
2026-07-24 19:15:34,157 - sflow.task.server_8 - INFO - Loading weights:  60%|█████▉    | 874/1458 [00:45<00:29, 19.50it/s]
2026-07-24 19:15:34,208 - sflow.task.server_8 - INFO - 1:
2026-07-24 19:15:34,208 - sflow.task.server_8 - INFO - Loading weights:  70%|██████▉   | 1018/1458 [00:49<00:27, 15.90it/s]
2026-07-24 19:15:34,259 - sflow.task.server_8 - INFO - 7:
2026-07-24 19:15:34,259 - sflow.task.server_8 - INFO - Loading weights:  62%|██████▏   | 898/1458 [00:45<00:20, 27.63it/s]
2026-07-24 19:15:34,259 - sflow.task.server_8 - INFO - 6:
2026-07-24 19:15:34,259 - sflow.task.server_8 - INFO - Loading weights:  62%|██████▏   | 898/1458 [00:45<00:20, 27.46it/s]
2026-07-24 19:15:34,311 - sflow.task.server_8 - INFO - 4:
2026-07-24 19:15:34,311 - sflow.task.server_8 - INFO - Loading weights:  61%|██████    | 884/1458 [00:45<00:20, 27.84it/s]
2026-07-24 19:15:34,362 - sflow.task.server_8 - INFO - 1:
2026-07-24 19:15:34,362 - sflow.task.server_8 - INFO - Loading weights:  70%|███████   | 1027/1458 [00:49<00:19, 21.73it/s]
2026-07-24 19:15:34,362 - sflow.task.server_8 - INFO - 6:
2026-07-24 19:15:34,362 - sflow.task.server_8 - INFO - Loading weights:  62%|██████▏   | 908/1458 [00:45<00:13, 40.62it/s]
2026-07-24 19:15:34,362 - sflow.task.server_8 - INFO - 3:
2026-07-24 19:15:34,362 - sflow.task.server_8 - INFO - Loading weights:  79%|███████▉  | 1158/1458 [00:49<00:16, 17.74it/s]
2026-07-24 19:15:34,362 - sflow.task.server_8 - INFO - 7:
2026-07-24 19:15:34,362 - sflow.task.server_8 - INFO - Loading weights:  62%|██████▏   | 908/1458 [00:45<00:14, 38.95it/s]
2026-07-24 19:15:34,413 - sflow.task.server_8 - INFO - 4:
2026-07-24 19:15:34,413 - sflow.task.server_8 - INFO - Loading weights:  61%|██████    | 891/1458 [00:45<00:17, 32.96it/s]
2026-07-24 19:15:34,413 - sflow.task.server_8 - INFO - 0:
2026-07-24 19:15:34,413 - sflow.task.server_8 - INFO - Loading weights:  78%|███████▊  | 1134/1458 [00:49<00:14, 22.59it/s]
2026-07-24 19:15:34,464 - sflow.task.server_8 - INFO - 1:
2026-07-24 19:15:34,464 - sflow.task.server_8 - INFO - Loading weights:  71%|███████   | 1032/1458 [00:49<00:17, 24.73it/s]
2026-07-24 19:15:34,464 - sflow.task.server_8 - INFO - 6:
2026-07-24 19:15:34,464 - sflow.task.server_8 - INFO - Loading weights:  63%|██████▎   | 915/1458 [00:45<00:12, 44.64it/s]
2026-07-24 19:15:34,464 - sflow.task.server_8 - INFO - 3:
2026-07-24 19:15:34,464 - sflow.task.server_8 - INFO - Loading weights:  80%|███████▉  | 1162/1458 [00:49<00:14, 20.07it/s]
2026-07-24 19:15:34,516 - sflow.task.server_8 - INFO - 7:
2026-07-24 19:15:34,516 - sflow.task.server_8 - INFO - Loading weights:  63%|██████▎   | 915/1458 [00:45<00:12, 43.65it/s]
2026-07-24 19:15:34,516 - sflow.task.server_8 - INFO - 0:
2026-07-24 19:15:34,516 - sflow.task.server_8 - INFO - Loading weights:  78%|███████▊  | 1141/1458 [00:49<00:11, 27.49it/s]
2026-07-24 19:15:34,567 - sflow.task.server_8 - INFO - 3:
2026-07-24 19:15:34,567 - sflow.task.server_8 - INFO - Loading weights:  80%|████████  | 1172/1458 [00:49<00:09, 31.10it/s]
2026-07-24 19:15:34,617 - sflow.task.server_8 - INFO - 2:
2026-07-24 19:15:34,618 - sflow.task.server_8 - INFO - Loading weights:  79%|███████▉  | 1158/1458 [00:49<00:14, 20.90it/s]
2026-07-24 19:15:34,618 - sflow.task.server_8 - INFO - 0:
2026-07-24 19:15:34,618 - sflow.task.server_8 - INFO - Loading weights:  79%|███████▉  | 1151/1458 [00:49<00:08, 36.95it/s]
2026-07-24 19:15:34,669 - sflow.task.server_8 - INFO - 3:
2026-07-24 19:15:34,669 - sflow.task.server_8 - INFO - Loading weights:  81%|████████  | 1179/1458 [00:49<00:07, 37.24it/s]
2026-07-24 19:15:34,720 - sflow.task.server_8 - INFO - 2:
2026-07-24 19:15:34,720 - sflow.task.server_8 - INFO - Loading weights:  80%|███████▉  | 1165/1458 [00:49<00:11, 25.67it/s]
2026-07-24 19:15:34,822 - sflow.task.server_8 - INFO - 5:
2026-07-24 19:15:34,822 - sflow.task.server_8 - INFO - Loading weights:  62%|██████▏   | 897/1458 [00:46<00:29, 18.83it/s]
2026-07-24 19:15:34,822 - sflow.task.server_8 - INFO - 1:
2026-07-24 19:15:34,823 - sflow.task.server_8 - INFO - Loading weights:  71%|███████   | 1038/1458 [00:49<00:19, 21.54it/s]
2026-07-24 19:15:34,823 - sflow.task.server_8 - INFO - 2:
2026-07-24 19:15:34,823 - sflow.task.server_8 - INFO - Loading weights:  81%|████████  | 1175/1458 [00:49<00:08, 34.80it/s]
2026-07-24 19:15:34,925 - sflow.task.server_8 - INFO - 1:
2026-07-24 19:15:34,925 - sflow.task.server_8 - INFO - Loading weights:  72%|███████▏  | 1045/1458 [00:49<00:15, 26.87it/s]
2026-07-24 19:15:34,925 - sflow.task.server_8 - INFO - 5:
2026-07-24 19:15:34,925 - sflow.task.server_8 - INFO - Loading weights:  62%|██████▏   | 907/1458 [00:46<00:20, 26.52it/s]
2026-07-24 19:15:35,027 - sflow.task.server_8 - INFO - 1:
2026-07-24 19:15:35,027 - sflow.task.server_8 - INFO - Loading weights:  72%|███████▏  | 1054/1458 [00:50<00:11, 35.61it/s]
2026-07-24 19:15:35,077 - sflow.task.server_8 - INFO - 5:
2026-07-24 19:15:35,078 - sflow.task.server_8 - INFO - Loading weights:  63%|██████▎   | 913/1458 [00:46<00:18, 29.95it/s]
2026-07-24 19:15:35,280 - sflow.task.server_8 - INFO - 4:
2026-07-24 19:15:35,280 - sflow.task.server_8 - INFO - Loading weights:  62%|██████▏   | 897/1458 [00:46<00:33, 16.89it/s]
2026-07-24 19:15:35,280 - sflow.task.server_8 - INFO - 6:
2026-07-24 19:15:35,280 - sflow.task.server_8 - INFO - Loading weights:  63%|██████▎   | 921/1458 [00:46<00:28, 18.72it/s]
2026-07-24 19:15:35,331 - sflow.task.server_8 - INFO - 0:
2026-07-24 19:15:35,331 - sflow.task.server_8 - INFO - Loading weights:  79%|███████▉  | 1158/1458 [00:50<00:13, 21.77it/s]
2026-07-24 19:15:35,383 - sflow.task.server_8 - INFO - 4:
2026-07-24 19:15:35,383 - sflow.task.server_8 - INFO - Loading weights:  62%|██████▏   | 907/1458 [00:46<00:22, 24.50it/s]
2026-07-24 19:15:35,383 - sflow.task.server_8 - INFO - 7:
2026-07-24 19:15:35,383 - sflow.task.server_8 - INFO - Loading weights:  63%|██████▎   | 921/1458 [00:46<00:31, 17.27it/s]
2026-07-24 19:15:35,383 - sflow.task.server_8 - INFO - 3:
2026-07-24 19:15:35,383 - sflow.task.server_8 - INFO - Loading weights:  81%|████████▏ | 1185/1458 [00:50<00:14, 19.22it/s]
2026-07-24 19:15:35,433 - sflow.task.server_8 - INFO - 6:
2026-07-24 19:15:35,433 - sflow.task.server_8 - INFO - Loading weights:  64%|██████▍   | 932/1458 [00:46<00:19, 27.45it/s]
2026-07-24 19:15:35,433 - sflow.task.server_8 - INFO - 0:
2026-07-24 19:15:35,433 - sflow.task.server_8 - INFO - Loading weights:  80%|███████▉  | 1165/1458 [00:50<00:11, 26.62it/s]
2026-07-24 19:15:35,485 - sflow.task.server_8 - INFO - 4:
2026-07-24 19:15:35,485 - sflow.task.server_8 - INFO - Loading weights:  63%|██████▎   | 913/1458 [00:46<00:19, 28.00it/s]
2026-07-24 19:15:35,485 - sflow.task.server_8 - INFO - 3:
2026-07-24 19:15:35,485 - sflow.task.server_8 - INFO - Loading weights:  82%|████████▏ | 1195/1458 [00:50<00:09, 28.09it/s]
2026-07-24 19:15:35,536 - sflow.task.server_8 - INFO - 7:
2026-07-24 19:15:35,536 - sflow.task.server_8 - INFO - Loading weights:  64%|██████▍   | 931/1458 [00:46<00:20, 25.39it/s]
2026-07-24 19:15:35,536 - sflow.task.server_8 - INFO - 0:
2026-07-24 19:15:35,536 - sflow.task.server_8 - INFO - Loading weights:  81%|████████  | 1175/1458 [00:50<00:07, 35.99it/s]
2026-07-24 19:15:35,536 - sflow.task.server_8 - INFO - 2:
2026-07-24 19:15:35,536 - sflow.task.server_8 - INFO - Loading weights:  81%|████████  | 1182/1458 [00:50<00:13, 20.67it/s]
2026-07-24 19:15:35,587 - sflow.task.server_8 - INFO - 6:
2026-07-24 19:15:35,587 - sflow.task.server_8 - INFO - Loading weights:  64%|██████▍   | 938/1458 [00:46<00:17, 30.13it/s]
2026-07-24 19:15:35,689 - sflow.task.server_8 - INFO - 2:
2026-07-24 19:15:35,689 - sflow.task.server_8 - INFO - Loading weights:  82%|████████▏ | 1189/1458 [00:50<00:10, 25.39it/s]
2026-07-24 19:15:35,689 - sflow.task.server_8 - INFO - 7:
2026-07-24 19:15:35,689 - sflow.task.server_8 - INFO - Loading weights:  64%|██████▍   | 937/1458 [00:46<00:19, 26.93it/s]
2026-07-24 19:15:35,689 - sflow.task.server_8 - INFO - 3:
2026-07-24 19:15:35,689 - sflow.task.server_8 - INFO - Loading weights:  82%|████████▏ | 1201/1458 [00:50<00:09, 28.47it/s]
2026-07-24 19:15:35,791 - sflow.task.server_8 - INFO - 0:
2026-07-24 19:15:35,791 - sflow.task.server_8 - INFO - Loading weights:  81%|████████  | 1182/1458 [00:50<00:07, 34.62it/s]
2026-07-24 19:15:35,791 - sflow.task.server_8 - INFO - 2:
2026-07-24 19:15:35,791 - sflow.task.server_8 - INFO - Loading weights:  82%|████████▏ | 1199/1458 [00:50<00:07, 34.61it/s]
2026-07-24 19:15:35,842 - sflow.task.server_8 - INFO - 5:
2026-07-24 19:15:35,842 - sflow.task.server_8 - INFO - Loading weights:  63%|██████▎   | 918/1458 [00:47<00:33, 16.27it/s]
2026-07-24 19:15:35,892 - sflow.task.server_8 - INFO - 0:
2026-07-24 19:15:35,892 - sflow.task.server_8 - INFO - Loading weights:  82%|████████▏ | 1189/1458 [00:50<00:06, 39.72it/s]
2026-07-24 19:15:35,892 - sflow.task.server_8 - INFO - 1:
2026-07-24 19:15:35,892 - sflow.task.server_8 - INFO - Loading weights:  73%|███████▎  | 1062/1458 [00:50<00:20, 18.99it/s]
2026-07-24 19:15:35,943 - sflow.task.server_8 - INFO - 5:
2026-07-24 19:15:35,943 - sflow.task.server_8 - INFO - Loading weights:  63%|██████▎   | 922/1458 [00:47<00:28, 18.56it/s]
2026-07-24 19:15:35,995 - sflow.task.server_8 - INFO - 0:
2026-07-24 19:15:35,995 - sflow.task.server_8 - INFO - Loading weights:  82%|████████▏ | 1199/1458 [00:50<00:05, 50.08it/s]
2026-07-24 19:15:35,995 - sflow.task.server_8 - INFO - 1:
2026-07-24 19:15:35,995 - sflow.task.server_8 - INFO - Loading weights:  73%|███████▎  | 1069/1458 [00:50<00:16, 23.61it/s]
2026-07-24 19:15:36,045 - sflow.task.server_8 - INFO - 5:
2026-07-24 19:15:36,045 - sflow.task.server_8 - INFO - Loading weights:  64%|██████▍   | 932/1458 [00:47<00:19, 27.55it/s]
2026-07-24 19:15:36,097 - sflow.task.server_8 - INFO - 1:
2026-07-24 19:15:36,097 - sflow.task.server_8 - INFO - Loading weights:  74%|███████▍  | 1078/1458 [00:51<00:12, 31.33it/s]
2026-07-24 19:15:36,199 - sflow.task.server_8 - INFO - 5:
2026-07-24 19:15:36,199 - sflow.task.server_8 - INFO - Loading weights:  64%|██████▍   | 939/1458 [00:47<00:15, 32.64it/s]
2026-07-24 19:15:36,199 - sflow.task.server_8 - INFO - 1:
2026-07-24 19:15:36,199 - sflow.task.server_8 - INFO - Loading weights:  74%|███████▍  | 1084/1458 [00:51<00:10, 35.44it/s]
2026-07-24 19:15:36,402 - sflow.task.server_8 - INFO - 4:
2026-07-24 19:15:36,402 - sflow.task.server_8 - INFO - Loading weights:  63%|██████▎   | 919/1458 [00:47<00:35, 15.34it/s]
2026-07-24 19:15:36,402 - sflow.task.server_8 - INFO - 6:
2026-07-24 19:15:36,402 - sflow.task.server_8 - INFO - Loading weights:  65%|██████▍   | 943/1458 [00:47<00:32, 15.63it/s]
2026-07-24 19:15:36,452 - sflow.task.server_8 - INFO - 3:
2026-07-24 19:15:36,452 - sflow.task.server_8 - INFO - Loading weights:  83%|████████▎ | 1206/1458 [00:51<00:15, 16.18it/s]
2026-07-24 19:15:36,504 - sflow.task.server_8 - INFO - 4:
2026-07-24 19:15:36,504 - sflow.task.server_8 - INFO - Loading weights:  63%|██████▎   | 925/1458 [00:47<00:28, 18.96it/s]
2026-07-24 19:15:36,504 - sflow.task.server_8 - INFO - 5:
2026-07-24 19:15:36,504 - sflow.task.server_8 - INFO - Loading weights:  65%|██████▍   | 945/1458 [00:47<00:18, 27.16it/s]
2026-07-24 19:15:36,504 - sflow.task.server_8 - INFO - 2:
2026-07-24 19:15:36,504 - sflow.task.server_8 - INFO - Loading weights:  83%|████████▎ | 1206/1458 [00:51<00:12, 20.35it/s]
2026-07-24 19:15:36,504 - sflow.task.server_8 - INFO - 7:
2026-07-24 19:15:36,504 - sflow.task.server_8 - INFO - Loading weights:  65%|██████▍   | 942/1458 [00:47<00:34, 14.95it/s]
2026-07-24 19:15:36,555 - sflow.task.server_8 - INFO - 6:
2026-07-24 19:15:36,555 - sflow.task.server_8 - INFO - Loading weights:  65%|██████▍   | 947/1458 [00:47<00:29, 17.56it/s]
2026-07-24 19:15:36,555 - sflow.task.server_8 - INFO - 3:
2026-07-24 19:15:36,555 - sflow.task.server_8 - INFO - Loading weights:  83%|████████▎ | 1210/1458 [00:51<00:13, 18.37it/s]
2026-07-24 19:15:36,607 - sflow.task.server_8 - INFO - 4:
2026-07-24 19:15:36,607 - sflow.task.server_8 - INFO - Loading weights:  64%|██████▍   | 934/1458 [00:47<00:19, 26.66it/s]
2026-07-24 19:15:36,607 - sflow.task.server_8 - INFO - 5:
2026-07-24 19:15:36,607 - sflow.task.server_8 - INFO - Loading weights:  66%|██████▌   | 955/1458 [00:47<00:13, 37.71it/s]
2026-07-24 19:15:36,607 - sflow.task.server_8 - INFO - 2:
2026-07-24 19:15:36,607 - sflow.task.server_8 - INFO - Loading weights:  83%|████████▎ | 1213/1458 [00:51<00:09, 25.07it/s]
2026-07-24 19:15:36,659 - sflow.task.server_8 - INFO - 7:
2026-07-24 19:15:36,659 - sflow.task.server_8 - INFO - Loading weights:  65%|██████▍   | 946/1458 [00:47<00:30, 17.04it/s]
2026-07-24 19:15:36,709 - sflow.task.server_8 - INFO - 6:
2026-07-24 19:15:36,709 - sflow.task.server_8 - INFO - Loading weights:  66%|██████▌   | 956/1458 [00:47<00:20, 24.43it/s]
2026-07-24 19:15:36,709 - sflow.task.server_8 - INFO - 0:
2026-07-24 19:15:36,709 - sflow.task.server_8 - INFO - Loading weights:  83%|████████▎ | 1206/1458 [00:51<00:10, 24.05it/s]
2026-07-24 19:15:36,709 - sflow.task.server_8 - INFO - 3:
2026-07-24 19:15:36,709 - sflow.task.server_8 - INFO - Loading weights:  84%|████████▎ | 1220/1458 [00:51<00:08, 27.34it/s]
2026-07-24 19:15:36,709 - sflow.task.server_8 - INFO - 2:
2026-07-24 19:15:36,709 - sflow.task.server_8 - INFO - Loading weights:  84%|████████▍ | 1222/1458 [00:51<00:07, 32.52it/s]
2026-07-24 19:15:36,760 - sflow.task.server_8 - INFO - 7:
2026-07-24 19:15:36,760 - sflow.task.server_8 - INFO - Loading weights:  66%|██████▌   | 956/1458 [00:47<00:19, 25.85it/s]
2026-07-24 19:15:36,811 - sflow.task.server_8 - INFO - 0:
2026-07-24 19:15:36,811 - sflow.task.server_8 - INFO - Loading weights:  83%|████████▎ | 1212/1458 [00:51<00:08, 27.83it/s]
2026-07-24 19:15:36,811 - sflow.task.server_8 - INFO - 3:
2026-07-24 19:15:36,811 - sflow.task.server_8 - INFO - Loading weights:  84%|████████▍ | 1225/1458 [00:51<00:07, 29.82it/s]
2026-07-24 19:15:36,862 - sflow.task.server_8 - INFO - 6:
2026-07-24 19:15:36,862 - sflow.task.server_8 - INFO - Loading weights:  66%|██████▌   | 961/1458 [00:48<00:19, 25.95it/s]
2026-07-24 19:15:36,862 - sflow.task.server_8 - INFO - 5:
2026-07-24 19:15:36,862 - sflow.task.server_8 - INFO - Loading weights:  66%|██████▌   | 961/1458 [00:48<00:14, 33.67it/s]
2026-07-24 19:15:36,862 - sflow.task.server_8 - INFO - 2:
2026-07-24 19:15:36,862 - sflow.task.server_8 - INFO - Loading weights:  84%|████████▍ | 1229/1458 [00:51<00:06, 36.53it/s]
2026-07-24 19:15:36,862 - sflow.task.server_8 - INFO - 7:
2026-07-24 19:15:36,862 - sflow.task.server_8 - INFO - Loading weights:  66%|██████▌   | 963/1458 [00:48<00:15, 31.05it/s]
2026-07-24 19:15:36,913 - sflow.task.server_8 - INFO - 4:
2026-07-24 19:15:36,913 - sflow.task.server_8 - INFO - Loading weights:  65%|██████▍   | 942/1458 [00:48<00:19, 26.59it/s]
2026-07-24 19:15:36,913 - sflow.task.server_8 - INFO - 0:
2026-07-24 19:15:36,913 - sflow.task.server_8 - INFO - Loading weights:  84%|████████▍ | 1222/1458 [00:51<00:06, 37.00it/s]
2026-07-24 19:15:37,016 - sflow.task.server_8 - INFO - 4:
2026-07-24 19:15:37,016 - sflow.task.server_8 - INFO - Loading weights:  65%|██████▌   | 949/1458 [00:48<00:16, 31.66it/s]
2026-07-24 19:15:37,067 - sflow.task.server_8 - INFO - 1:
2026-07-24 19:15:37,067 - sflow.task.server_8 - INFO - Loading weights:  75%|███████▍  | 1090/1458 [00:52<00:21, 16.98it/s]
2026-07-24 19:15:37,168 - sflow.task.server_8 - INFO - 4:
2026-07-24 19:15:37,168 - sflow.task.server_8 - INFO - Loading weights:  66%|██████▌   | 958/1458 [00:48<00:12, 39.00it/s]
2026-07-24 19:15:37,219 - sflow.task.server_8 - INFO - 1:
2026-07-24 19:15:37,219 - sflow.task.server_8 - INFO - Loading weights:  75%|███████▌  | 1100/1458 [00:52<00:14, 24.47it/s]
2026-07-24 19:15:37,321 - sflow.task.server_8 - INFO - 1:
2026-07-24 19:15:37,321 - sflow.task.server_8 - INFO - Loading weights:  76%|███████▌  | 1106/1458 [00:52<00:12, 28.29it/s]
2026-07-24 19:15:37,677 - sflow.task.server_8 - INFO - 3:
2026-07-24 19:15:37,677 - sflow.task.server_8 - INFO - Loading weights:  84%|████████▍ | 1230/1458 [00:52<00:15, 14.80it/s]
2026-07-24 19:15:37,728 - sflow.task.server_8 - INFO - 6:
2026-07-24 19:15:37,728 - sflow.task.server_8 - INFO - Loading weights:  66%|██████▋   | 966/1458 [00:48<00:35, 13.71it/s]
2026-07-24 19:15:37,728 - sflow.task.server_8 - INFO - 0:
2026-07-24 19:15:37,728 - sflow.task.server_8 - INFO - Loading weights:  84%|████████▍ | 1230/1458 [00:52<00:11, 20.41it/s]
2026-07-24 19:15:37,728 - sflow.task.server_8 - INFO - 5:
2026-07-24 19:15:37,728 - sflow.task.server_8 - INFO - Loading weights:  66%|██████▋   | 966/1458 [00:48<00:31, 15.73it/s]
2026-07-24 19:15:37,780 - sflow.task.server_8 - INFO - 3:
2026-07-24 19:15:37,780 - sflow.task.server_8 - INFO - Loading weights:  85%|████████▍ | 1234/1458 [00:52<00:13, 17.14it/s]
2026-07-24 19:15:37,780 - sflow.task.server_8 - INFO - 1:
2026-07-24 19:15:37,780 - sflow.task.server_8 - INFO - Loading weights:  76%|███████▋  | 1112/1458 [00:52<00:16, 21.60it/s]
2026-07-24 19:15:37,780 - sflow.task.server_8 - INFO - 2:
2026-07-24 19:15:37,780 - sflow.task.server_8 - INFO - Loading weights:  85%|████████▍ | 1235/1458 [00:52<00:13, 16.93it/s]
2026-07-24 19:15:37,831 - sflow.task.server_8 - INFO - 6:
2026-07-24 19:15:37,831 - sflow.task.server_8 - INFO - Loading weights:  66%|██████▋   | 969/1458 [00:49<00:32, 15.19it/s]
2026-07-24 19:15:37,831 - sflow.task.server_8 - INFO - 7:
2026-07-24 19:15:37,831 - sflow.task.server_8 - INFO - Loading weights:  66%|██████▋   | 969/1458 [00:49<00:32, 15.08it/s]
2026-07-24 19:15:37,831 - sflow.task.server_8 - INFO - 0:
2026-07-24 19:15:37,831 - sflow.task.server_8 - INFO - Loading weights:  85%|████████▍ | 1237/1458 [00:52<00:08, 25.12it/s]
2026-07-24 19:15:37,882 - sflow.task.server_8 - INFO - 5:
2026-07-24 19:15:37,882 - sflow.task.server_8 - INFO - Loading weights:  67%|██████▋   | 970/1458 [00:49<00:27, 17.53it/s]
2026-07-24 19:15:37,882 - sflow.task.server_8 - INFO - 3:
2026-07-24 19:15:37,882 - sflow.task.server_8 - INFO - Loading weights:  85%|████████▌ | 1244/1458 [00:52<00:07, 26.86it/s]
2026-07-24 19:15:37,882 - sflow.task.server_8 - INFO - 2:
2026-07-24 19:15:37,882 - sflow.task.server_8 - INFO - Loading weights:  85%|████████▌ | 1246/1458 [00:52<00:08, 25.10it/s]
2026-07-24 19:15:37,882 - sflow.task.server_8 - INFO - 1:
2026-07-24 19:15:37,882 - sflow.task.server_8 - INFO - Loading weights:  77%|███████▋  | 1124/1458 [00:52<00:10, 32.50it/s]
2026-07-24 19:15:37,934 - sflow.task.server_8 - INFO - 6:
2026-07-24 19:15:37,934 - sflow.task.server_8 - INFO - Loading weights:  67%|██████▋   | 977/1458 [00:49<00:21, 22.63it/s]
2026-07-24 19:15:37,934 - sflow.task.server_8 - INFO - 0:
2026-07-24 19:15:37,934 - sflow.task.server_8 - INFO - Loading weights:  85%|████████▌ | 1246/1458 [00:52<00:06, 32.99it/s]
2026-07-24 19:15:37,934 - sflow.task.server_8 - INFO - 7:
2026-07-24 19:15:37,934 - sflow.task.server_8 - INFO - Loading weights:  67%|██████▋   | 979/1458 [00:49<00:21, 22.03it/s]
2026-07-24 19:15:37,985 - sflow.task.server_8 - INFO - 4:
2026-07-24 19:15:37,985 - sflow.task.server_8 - INFO - Loading weights:  66%|██████▋   | 966/1458 [00:49<00:24, 20.33it/s]
2026-07-24 19:15:37,985 - sflow.task.server_8 - INFO - 5:
2026-07-24 19:15:37,985 - sflow.task.server_8 - INFO - Loading weights:  67%|██████▋   | 980/1458 [00:49<00:18, 26.26it/s]
2026-07-24 19:15:37,985 - sflow.task.server_8 - INFO - 3:
2026-07-24 19:15:37,985 - sflow.task.server_8 - INFO - Loading weights:  86%|████████▌ | 1250/1458 [00:52<00:06, 30.76it/s]
2026-07-24 19:15:37,985 - sflow.task.server_8 - INFO - 1:
2026-07-24 19:15:37,985 - sflow.task.server_8 - INFO - Loading weights:  78%|███████▊  | 1131/1458 [00:52<00:08, 37.64it/s]
2026-07-24 19:15:38,036 - sflow.task.server_8 - INFO - 6:
2026-07-24 19:15:38,036 - sflow.task.server_8 - INFO - Loading weights:  67%|██████▋   | 982/1458 [00:49<00:17, 26.47it/s]
2026-07-24 19:15:38,036 - sflow.task.server_8 - INFO - 2:
2026-07-24 19:15:38,036 - sflow.task.server_8 - INFO - Loading weights:  86%|████████▌ | 1252/1458 [00:52<00:07, 28.47it/s]
2026-07-24 19:15:38,036 - sflow.task.server_8 - INFO - 0:
2026-07-24 19:15:38,036 - sflow.task.server_8 - INFO - Loading weights:  86%|████████▌ | 1253/1458 [00:53<00:05, 38.39it/s]
2026-07-24 19:15:38,087 - sflow.task.server_8 - INFO - 4:
2026-07-24 19:15:38,087 - sflow.task.server_8 - INFO - Loading weights:  67%|██████▋   | 973/1458 [00:49<00:19, 24.64it/s]
2026-07-24 19:15:38,138 - sflow.task.server_8 - INFO - 7:
2026-07-24 19:15:38,138 - sflow.task.server_8 - INFO - Loading weights:  68%|██████▊   | 985/1458 [00:49<00:19, 24.60it/s]
2026-07-24 19:15:38,138 - sflow.task.server_8 - INFO - 5:
2026-07-24 19:15:38,138 - sflow.task.server_8 - INFO - Loading weights:  68%|██████▊   | 985/1458 [00:49<00:16, 28.49it/s]
2026-07-24 19:15:38,138 - sflow.task.server_8 - INFO - 6:
2026-07-24 19:15:38,138 - sflow.task.server_8 - INFO - Loading weights:  68%|██████▊   | 987/1458 [00:49<00:16, 28.43it/s]
2026-07-24 19:15:38,189 - sflow.task.server_8 - INFO - 4:
2026-07-24 19:15:38,189 - sflow.task.server_8 - INFO - Loading weights:  67%|██████▋   | 982/1458 [00:49<00:14, 32.12it/s]
2026-07-24 19:15:38,595 - sflow.task.server_8 - INFO - 4:
2026-07-24 19:15:38,595 - sflow.task.server_8 - INFO - Loading weights:  68%|██████▊   | 990/1458 [00:49<00:17, 27.31it/s]
2026-07-24 19:15:38,749 - sflow.task.server_8 - INFO - 4:
2026-07-24 19:15:38,749 - sflow.task.server_8 - INFO - Loading weights:  68%|██████▊   | 995/1458 [00:49<00:15, 29.03it/s]
2026-07-24 19:15:38,800 - sflow.task.server_8 - INFO - 3:
2026-07-24 19:15:38,800 - sflow.task.server_8 - INFO - Loading weights:  86%|████████▌ | 1256/1458 [00:53<00:12, 16.31it/s]
2026-07-24 19:15:38,851 - sflow.task.server_8 - INFO - 4:
2026-07-24 19:15:38,851 - sflow.task.server_8 - INFO - Loading weights:  69%|██████▉   | 1003/1458 [00:50<00:12, 36.45it/s]
2026-07-24 19:15:38,851 - sflow.task.server_8 - INFO - 2:
2026-07-24 19:15:38,851 - sflow.task.server_8 - INFO - Loading weights:  86%|████████▋ | 1258/1458 [00:53<00:12, 16.46it/s]
2026-07-24 19:15:38,903 - sflow.task.server_8 - INFO - 0:
2026-07-24 19:15:38,903 - sflow.task.server_8 - INFO - Loading weights:  86%|████████▋ | 1260/1458 [00:53<00:10, 18.99it/s]
2026-07-24 19:15:38,903 - sflow.task.server_8 - INFO - 5:
2026-07-24 19:15:38,903 - sflow.task.server_8 - INFO - Loading weights:  68%|██████▊   | 990/1458 [00:50<00:30, 15.20it/s]
2026-07-24 19:15:38,903 - sflow.task.server_8 - INFO - 3:
2026-07-24 19:15:38,903 - sflow.task.server_8 - INFO - Loading weights:  87%|████████▋ | 1268/1458 [00:53<00:07, 26.28it/s]
2026-07-24 19:15:38,903 - sflow.task.server_8 - INFO - 7:
2026-07-24 19:15:38,903 - sflow.task.server_8 - INFO - Loading weights:  68%|██████▊   | 990/1458 [00:50<00:32, 14.62it/s]
2026-07-24 19:15:38,903 - sflow.task.server_8 - INFO - 1:
2026-07-24 19:15:38,903 - sflow.task.server_8 - INFO - Loading weights:  78%|███████▊  | 1138/1458 [00:53<00:17, 18.17it/s]
2026-07-24 19:15:38,954 - sflow.task.server_8 - INFO - 2:
2026-07-24 19:15:38,954 - sflow.task.server_8 - INFO - Loading weights:  87%|████████▋ | 1270/1458 [00:53<00:07, 25.50it/s]
2026-07-24 19:15:39,005 - sflow.task.server_8 - INFO - 6:
2026-07-24 19:15:39,005 - sflow.task.server_8 - INFO - Loading weights:  68%|██████▊   | 992/1458 [00:50<00:34, 13.64it/s]
2026-07-24 19:15:39,005 - sflow.task.server_8 - INFO - 5:
2026-07-24 19:15:39,005 - sflow.task.server_8 - INFO - Loading weights:  68%|██████▊   | 997/1458 [00:50<00:22, 20.39it/s]
2026-07-24 19:15:39,005 - sflow.task.server_8 - INFO - 0:
2026-07-24 19:15:39,005 - sflow.task.server_8 - INFO - Loading weights:  87%|████████▋ | 1270/1458 [00:53<00:07, 26.31it/s]
2026-07-24 19:15:39,005 - sflow.task.server_8 - INFO - 7:
2026-07-24 19:15:39,005 - sflow.task.server_8 - INFO - Loading weights:  68%|██████▊   | 997/1458 [00:50<00:23, 19.32it/s]
2026-07-24 19:15:39,056 - sflow.task.server_8 - INFO - 4:
2026-07-24 19:15:39,056 - sflow.task.server_8 - INFO - Loading weights:  69%|██████▉   | 1009/1458 [00:50<00:13, 34.54it/s]
2026-07-24 19:15:39,056 - sflow.task.server_8 - INFO - 1:
2026-07-24 19:15:39,056 - sflow.task.server_8 - INFO - Loading weights:  79%|███████▉  | 1150/1458 [00:54<00:11, 27.03it/s]
2026-07-24 19:15:39,107 - sflow.task.server_8 - INFO - 6:
2026-07-24 19:15:39,107 - sflow.task.server_8 - INFO - Loading weights:  69%|██████▉   | 1003/1458 [00:50<00:19, 23.08it/s]
2026-07-24 19:15:39,158 - sflow.task.server_8 - INFO - 5:
2026-07-24 19:15:39,158 - sflow.task.server_8 - INFO - Loading weights:  69%|██████▉   | 1006/1458 [00:50<00:16, 28.04it/s]
2026-07-24 19:15:39,158 - sflow.task.server_8 - INFO - 7:
2026-07-24 19:15:39,158 - sflow.task.server_8 - INFO - Loading weights:  69%|██████▉   | 1006/1458 [00:50<00:17, 26.29it/s]
2026-07-24 19:15:39,260 - sflow.task.server_8 - INFO - 6:
2026-07-24 19:15:39,260 - sflow.task.server_8 - INFO - Loading weights:  69%|██████▉   | 1009/1458 [00:50<00:16, 26.76it/s]
2026-07-24 19:15:39,260 - sflow.task.server_8 - INFO - 0:
2026-07-24 19:15:39,260 - sflow.task.server_8 - INFO - Loading weights:  88%|████████▊ | 1278/1458 [00:54<00:06, 28.25it/s]
2026-07-24 19:15:39,311 - sflow.task.server_8 - INFO - 4:
2026-07-24 19:15:39,311 - sflow.task.server_8 - INFO - Loading weights:  70%|██████▉   | 1014/1458 [00:50<00:15, 29.27it/s]
2026-07-24 19:15:39,311 - sflow.task.server_8 - INFO - 2:
2026-07-24 19:15:39,311 - sflow.task.server_8 - INFO - Loading weights:  88%|████████▊ | 1278/1458 [00:54<00:07, 24.25it/s]
2026-07-24 19:15:39,363 - sflow.task.server_8 - INFO - 0:
2026-07-24 19:15:39,363 - sflow.task.server_8 - INFO - Loading weights:  88%|████████▊ | 1285/1458 [00:54<00:05, 33.23it/s]
2026-07-24 19:15:39,415 - sflow.task.server_8 - INFO - 2:
2026-07-24 19:15:39,415 - sflow.task.server_8 - INFO - Loading weights:  88%|████████▊ | 1285/1458 [00:54<00:05, 28.97it/s]
2026-07-24 19:15:39,415 - sflow.task.server_8 - INFO - 4:
2026-07-24 19:15:39,415 - sflow.task.server_8 - INFO - Loading weights:  70%|██████▉   | 1018/1458 [00:50<00:15, 29.00it/s]
2026-07-24 19:15:39,466 - sflow.task.server_8 - INFO - 0:
2026-07-24 19:15:39,466 - sflow.task.server_8 - INFO - Loading weights:  89%|████████▉ | 1294/1458 [00:54<00:04, 40.56it/s]
2026-07-24 19:15:39,517 - sflow.task.server_8 - INFO - 5:
2026-07-24 19:15:39,517 - sflow.task.server_8 - INFO - Loading weights:  70%|██████▉   | 1014/1458 [00:50<00:17, 25.54it/s]
2026-07-24 19:15:39,517 - sflow.task.server_8 - INFO - 2:
2026-07-24 19:15:39,517 - sflow.task.server_8 - INFO - Loading weights:  89%|████████▉ | 1295/1458 [00:54<00:04, 38.29it/s]
2026-07-24 19:15:39,569 - sflow.task.server_8 - INFO - 4:
2026-07-24 19:15:39,569 - sflow.task.server_8 - INFO - Loading weights:  71%|███████   | 1028/1458 [00:50<00:11, 38.24it/s]
2026-07-24 19:15:39,619 - sflow.task.server_8 - INFO - 5:
2026-07-24 19:15:39,620 - sflow.task.server_8 - INFO - Loading weights:  70%|███████   | 1021/1458 [00:50<00:14, 30.67it/s]
2026-07-24 19:15:39,671 - sflow.task.server_8 - INFO - 3:
2026-07-24 19:15:39,671 - sflow.task.server_8 - INFO - Loading weights:  88%|████████▊ | 1278/1458 [00:54<00:09, 19.77it/s]
2026-07-24 19:15:39,671 - sflow.task.server_8 - INFO - 0:
2026-07-24 19:15:39,671 - sflow.task.server_8 - INFO - Loading weights:  89%|████████▉ | 1301/1458 [00:54<00:03, 39.81it/s]
2026-07-24 19:15:39,722 - sflow.task.server_8 - INFO - 4:
2026-07-24 19:15:39,722 - sflow.task.server_8 - INFO - Loading weights:  71%|███████   | 1033/1458 [00:50<00:11, 37.63it/s]
2026-07-24 19:15:39,722 - sflow.task.server_8 - INFO - 5:
2026-07-24 19:15:39,722 - sflow.task.server_8 - INFO - Loading weights:  71%|███████   | 1028/1458 [00:50<00:11, 36.25it/s]
2026-07-24 19:15:39,772 - sflow.task.server_8 - INFO - 3:
2026-07-24 19:15:39,772 - sflow.task.server_8 - INFO - Loading weights:  88%|████████▊ | 1285/1458 [00:54<00:07, 24.08it/s]
2026-07-24 19:15:39,823 - sflow.task.server_8 - INFO - 5:
2026-07-24 19:15:39,823 - sflow.task.server_8 - INFO - Loading weights:  71%|███████   | 1034/1458 [00:51<00:10, 40.43it/s]
2026-07-24 19:15:39,926 - sflow.task.server_8 - INFO - 3:
2026-07-24 19:15:39,926 - sflow.task.server_8 - INFO - Loading weights:  89%|████████▉ | 1297/1458 [00:54<00:04, 32.90it/s]
2026-07-24 19:15:39,926 - sflow.task.server_8 - INFO - 1:
2026-07-24 19:15:39,926 - sflow.task.server_8 - INFO - Loading weights:  79%|███████▉  | 1158/1458 [00:54<00:17, 17.57it/s]
2026-07-24 19:15:39,978 - sflow.task.server_8 - INFO - 7:
2026-07-24 19:15:39,978 - sflow.task.server_8 - INFO - Loading weights:  70%|██████▉   | 1014/1458 [00:51<00:25, 17.32it/s]
2026-07-24 19:15:39,978 - sflow.task.server_8 - INFO - 6:
2026-07-24 19:15:39,978 - sflow.task.server_8 - INFO - Loading weights:  70%|██████▉   | 1015/1458 [00:51<00:26, 16.55it/s]
2026-07-24 19:15:39,978 - sflow.task.server_8 - INFO - 4:
2026-07-24 19:15:39,978 - sflow.task.server_8 - INFO - Loading weights:  71%|███████   | 1038/1458 [00:51<00:14, 29.83it/s]
2026-07-24 19:15:40,029 - sflow.task.server_8 - INFO - 1:
2026-07-24 19:15:40,029 - sflow.task.server_8 - INFO - Loading weights:  80%|███████▉  | 1165/1458 [00:55<00:13, 21.42it/s]
2026-07-24 19:15:40,080 - sflow.task.server_8 - INFO - 7:
2026-07-24 19:15:40,080 - sflow.task.server_8 - INFO - Loading weights:  70%|██████▉   | 1018/1458 [00:51<00:22, 19.34it/s]
2026-07-24 19:15:40,080 - sflow.task.server_8 - INFO - 6:
2026-07-24 19:15:40,080 - sflow.task.server_8 - INFO - Loading weights:  70%|███████   | 1021/1458 [00:51<00:21, 20.61it/s]
2026-07-24 19:15:40,131 - sflow.task.server_8 - INFO - 4:
2026-07-24 19:15:40,131 - sflow.task.server_8 - INFO - Loading weights:  71%|███████▏  | 1042/1458 [00:51<00:13, 30.98it/s]
2026-07-24 19:15:40,131 - sflow.task.server_8 - INFO - 5:
2026-07-24 19:15:40,131 - sflow.task.server_8 - INFO - Loading weights:  71%|███████▏  | 1040/1458 [00:51<00:13, 30.74it/s]
2026-07-24 19:15:40,131 - sflow.task.server_8 - INFO - 1:
2026-07-24 19:15:40,131 - sflow.task.server_8 - INFO - Loading weights:  81%|████████  | 1174/1458 [00:55<00:10, 27.76it/s]
2026-07-24 19:15:40,181 - sflow.task.server_8 - INFO - 7:
2026-07-24 19:15:40,181 - sflow.task.server_8 - INFO - Loading weights:  71%|███████   | 1028/1458 [00:51<00:15, 27.71it/s]
2026-07-24 19:15:40,232 - sflow.task.server_8 - INFO - 6:
2026-07-24 19:15:40,232 - sflow.task.server_8 - INFO - Loading weights:  71%|███████   | 1030/1458 [00:51<00:15, 27.70it/s]
2026-07-24 19:15:40,232 - sflow.task.server_8 - INFO - 4:
2026-07-24 19:15:40,232 - sflow.task.server_8 - INFO - Loading weights:  72%|███████▏  | 1052/1458 [00:51<00:09, 41.48it/s]
2026-07-24 19:15:40,283 - sflow.task.server_8 - INFO - 5:
2026-07-24 19:15:40,283 - sflow.task.server_8 - INFO - Loading weights:  72%|███████▏  | 1051/1458 [00:51<00:09, 42.94it/s]
2026-07-24 19:15:40,283 - sflow.task.server_8 - INFO - 2:
2026-07-24 19:15:40,283 - sflow.task.server_8 - INFO - Loading weights:  89%|████████▉ | 1302/1458 [00:55<00:07, 20.96it/s]
2026-07-24 19:15:40,283 - sflow.task.server_8 - INFO - 7:
2026-07-24 19:15:40,283 - sflow.task.server_8 - INFO - Loading weights:  71%|███████   | 1035/1458 [00:51<00:13, 32.35it/s]
2026-07-24 19:15:40,385 - sflow.task.server_8 - INFO - 4:
2026-07-24 19:15:40,385 - sflow.task.server_8 - INFO - Loading weights:  72%|███████▏  | 1057/1458 [00:51<00:10, 38.99it/s]
2026-07-24 19:15:40,385 - sflow.task.server_8 - INFO - 5:
2026-07-24 19:15:40,385 - sflow.task.server_8 - INFO - Loading weights:  72%|███████▏  | 1057/1458 [00:51<00:09, 42.80it/s]
2026-07-24 19:15:40,436 - sflow.task.server_8 - INFO - 2:
2026-07-24 19:15:40,436 - sflow.task.server_8 - INFO - Loading weights:  90%|████████▉ | 1307/1458 [00:55<00:06, 23.56it/s]
2026-07-24 19:15:40,538 - sflow.task.server_8 - INFO - 2:
2026-07-24 19:15:40,538 - sflow.task.server_8 - INFO - Loading weights:  90%|█████████ | 1316/1458 [00:55<00:04, 30.97it/s]
2026-07-24 19:15:40,538 - sflow.task.server_8 - INFO - 0:
2026-07-24 19:15:40,538 - sflow.task.server_8 - INFO - Loading weights:  90%|████████▉ | 1307/1458 [00:55<00:08, 18.06it/s]
2026-07-24 19:15:40,589 - sflow.task.server_8 - INFO - 6:
2026-07-24 19:15:40,589 - sflow.task.server_8 - INFO - Loading weights:  71%|███████   | 1038/1458 [00:51<00:16, 25.26it/s]
2026-07-24 19:15:40,640 - sflow.task.server_8 - INFO - 1:
2026-07-24 19:15:40,640 - sflow.task.server_8 - INFO - Loading weights:  81%|████████  | 1182/1458 [00:55<00:11, 23.69it/s]
2026-07-24 19:15:40,691 - sflow.task.server_8 - INFO - 0:
2026-07-24 19:15:40,691 - sflow.task.server_8 - INFO - Loading weights:  90%|█████████ | 1318/1458 [00:55<00:05, 26.39it/s]
2026-07-24 19:15:40,691 - sflow.task.server_8 - INFO - 2:
2026-07-24 19:15:40,691 - sflow.task.server_8 - INFO - Loading weights:  91%|█████████ | 1322/1458 [00:55<00:04, 33.65it/s]
2026-07-24 19:15:40,691 - sflow.task.server_8 - INFO - 3:
2026-07-24 19:15:40,691 - sflow.task.server_8 - INFO - Loading weights:  89%|████████▉ | 1303/1458 [00:55<00:07, 19.57it/s]
2026-07-24 19:15:40,742 - sflow.task.server_8 - INFO - 1:
2026-07-24 19:15:40,742 - sflow.task.server_8 - INFO - Loading weights:  82%|████████▏ | 1189/1458 [00:55<00:09, 28.51it/s]
2026-07-24 19:15:40,742 - sflow.task.server_8 - INFO - 6:
2026-07-24 19:15:40,742 - sflow.task.server_8 - INFO - Loading weights:  72%|███████▏  | 1043/1458 [00:51<00:15, 26.41it/s]
2026-07-24 19:15:40,793 - sflow.task.server_8 - INFO - 3:
2026-07-24 19:15:40,793 - sflow.task.server_8 - INFO - Loading weights:  90%|████████▉ | 1309/1458 [00:55<00:06, 23.10it/s]
2026-07-24 19:15:40,844 - sflow.task.server_8 - INFO - 1:
2026-07-24 19:15:40,844 - sflow.task.server_8 - INFO - Loading weights:  82%|████████▏ | 1198/1458 [00:55<00:07, 36.64it/s]
2026-07-24 19:15:40,895 - sflow.task.server_8 - INFO - 6:
2026-07-24 19:15:40,895 - sflow.task.server_8 - INFO - Loading weights:  72%|███████▏  | 1052/1458 [00:52<00:11, 34.26it/s]
2026-07-24 19:15:40,947 - sflow.task.server_8 - INFO - 3:
2026-07-24 19:15:40,947 - sflow.task.server_8 - INFO - Loading weights:  91%|█████████ | 1321/1458 [00:55<00:04, 32.37it/s]
2026-07-24 19:15:40,998 - sflow.task.server_8 - INFO - 6:
2026-07-24 19:15:40,998 - sflow.task.server_8 - INFO - Loading weights:  72%|███████▏  | 1057/1458 [00:52<00:11, 36.14it/s]
2026-07-24 19:15:41,152 - sflow.task.server_8 - INFO - 4:
2026-07-24 19:15:41,152 - sflow.task.server_8 - INFO - Loading weights:  73%|███████▎  | 1062/1458 [00:52<00:22, 17.59it/s]
2026-07-24 19:15:41,152 - sflow.task.server_8 - INFO - 7:
2026-07-24 19:15:41,152 - sflow.task.server_8 - INFO - Loading weights:  71%|███████▏  | 1041/1458 [00:52<00:25, 16.59it/s]
2026-07-24 19:15:41,254 - sflow.task.server_8 - INFO - 5:
2026-07-24 19:15:41,254 - sflow.task.server_8 - INFO - Loading weights:  73%|███████▎  | 1063/1458 [00:52<00:20, 18.84it/s]
2026-07-24 19:15:41,254 - sflow.task.server_8 - INFO - 4:
2026-07-24 19:15:41,254 - sflow.task.server_8 - INFO - Loading weights:  73%|███████▎  | 1066/1458 [00:52<00:19, 19.72it/s]
2026-07-24 19:15:41,306 - sflow.task.server_8 - INFO - 7:
2026-07-24 19:15:41,306 - sflow.task.server_8 - INFO - Loading weights:  72%|███████▏  | 1045/1458 [00:52<00:22, 18.43it/s]
2026-07-24 19:15:41,357 - sflow.task.server_8 - INFO - 5:
2026-07-24 19:15:41,357 - sflow.task.server_8 - INFO - Loading weights:  73%|███████▎  | 1068/1458 [00:52<00:18, 21.24it/s]
2026-07-24 19:15:41,409 - sflow.task.server_8 - INFO - 0:
2026-07-24 19:15:41,409 - sflow.task.server_8 - INFO - Loading weights:  91%|█████████ | 1326/1458 [00:56<00:07, 18.78it/s]
2026-07-24 19:15:41,409 - sflow.task.server_8 - INFO - 4:
2026-07-24 19:15:41,409 - sflow.task.server_8 - INFO - Loading weights:  74%|███████▍  | 1076/1458 [00:52<00:13, 29.05it/s]
2026-07-24 19:15:41,409 - sflow.task.server_8 - INFO - 7:
2026-07-24 19:15:41,409 - sflow.task.server_8 - INFO - Loading weights:  72%|███████▏  | 1054/1458 [00:52<00:15, 25.89it/s]
2026-07-24 19:15:41,460 - sflow.task.server_8 - INFO - 2:
2026-07-24 19:15:41,460 - sflow.task.server_8 - INFO - Loading weights:  91%|█████████ | 1328/1458 [00:56<00:07, 17.98it/s]
2026-07-24 19:15:41,460 - sflow.task.server_8 - INFO - 5:
2026-07-24 19:15:41,460 - sflow.task.server_8 - INFO - Loading weights:  74%|███████▎  | 1075/1458 [00:52<00:14, 27.16it/s]
2026-07-24 19:15:41,511 - sflow.task.server_8 - INFO - 0:
2026-07-24 19:15:41,511 - sflow.task.server_8 - INFO - Loading weights:  91%|█████████▏| 1333/1458 [00:56<00:05, 23.05it/s]
2026-07-24 19:15:41,563 - sflow.task.server_8 - INFO - 4:
2026-07-24 19:15:41,563 - sflow.task.server_8 - INFO - Loading weights:  74%|███████▍  | 1081/1458 [00:52<00:12, 30.21it/s]
2026-07-24 19:15:41,563 - sflow.task.server_8 - INFO - 2:
2026-07-24 19:15:41,563 - sflow.task.server_8 - INFO - Loading weights:  92%|█████████▏| 1339/1458 [00:56<00:04, 26.83it/s]
2026-07-24 19:15:41,563 - sflow.task.server_8 - INFO - 3:
2026-07-24 19:15:41,563 - sflow.task.server_8 - INFO - Loading weights:  91%|█████████ | 1327/1458 [00:56<00:06, 20.97it/s]
2026-07-24 19:15:41,614 - sflow.task.server_8 - INFO - 5:
2026-07-24 19:15:41,614 - sflow.task.server_8 - INFO - Loading weights:  74%|███████▍  | 1081/1458 [00:52<00:12, 30.12it/s]
2026-07-24 19:15:41,665 - sflow.task.server_8 - INFO - 0:
2026-07-24 19:15:41,665 - sflow.task.server_8 - INFO - Loading weights:  92%|█████████▏| 1342/1458 [00:56<00:03, 29.23it/s]
2026-07-24 19:15:41,665 - sflow.task.server_8 - INFO - 1:
2026-07-24 19:15:41,665 - sflow.task.server_8 - INFO - Loading weights:  83%|████████▎ | 1206/1458 [00:56<00:12, 19.99it/s]
2026-07-24 19:15:41,665 - sflow.task.server_8 - INFO - 3:
2026-07-24 19:15:41,665 - sflow.task.server_8 - INFO - Loading weights:  91%|█████████▏| 1333/1458 [00:56<00:05, 24.72it/s]
2026-07-24 19:15:41,717 - sflow.task.server_8 - INFO - 2:
2026-07-24 19:15:41,717 - sflow.task.server_8 - INFO - Loading weights:  92%|█████████▏| 1345/1458 [00:56<00:03, 28.35it/s]
2026-07-24 19:15:41,768 - sflow.task.server_8 - INFO - 0:
2026-07-24 19:15:41,768 - sflow.task.server_8 - INFO - Loading weights:  92%|█████████▏| 1348/1458 [00:56<00:03, 32.91it/s]
2026-07-24 19:15:41,768 - sflow.task.server_8 - INFO - 1:
2026-07-24 19:15:41,768 - sflow.task.server_8 - INFO - Loading weights:  83%|████████▎ | 1213/1458 [00:56<00:09, 24.56it/s]
2026-07-24 19:15:41,768 - sflow.task.server_8 - INFO - 6:
2026-07-24 19:15:41,768 - sflow.task.server_8 - INFO - Loading weights:  73%|███████▎  | 1062/1458 [00:53<00:23, 16.91it/s]
2026-07-24 19:15:41,820 - sflow.task.server_8 - INFO - 3:
2026-07-24 19:15:41,820 - sflow.task.server_8 - INFO - Loading weights:  92%|█████████▏| 1345/1458 [00:56<00:03, 34.63it/s]
2026-07-24 19:15:41,871 - sflow.task.server_8 - INFO - 1:
2026-07-24 19:15:41,871 - sflow.task.server_8 - INFO - Loading weights:  84%|████████▍ | 1223/1458 [00:56<00:07, 33.30it/s]
2026-07-24 19:15:41,922 - sflow.task.server_8 - INFO - 6:
2026-07-24 19:15:41,922 - sflow.task.server_8 - INFO - Loading weights:  73%|███████▎  | 1066/1458 [00:53<00:21, 18.57it/s]
2026-07-24 19:15:41,922 - sflow.task.server_8 - INFO - 2:
2026-07-24 19:15:41,922 - sflow.task.server_8 - INFO - Loading weights:  93%|█████████▎| 1350/1458 [00:56<00:03, 27.21it/s]
2026-07-24 19:15:42,024 - sflow.task.server_8 - INFO - 3:
2026-07-24 19:15:42,024 - sflow.task.server_8 - INFO - Loading weights:  93%|█████████▎| 1351/1458 [00:57<00:03, 33.14it/s]
2026-07-24 19:15:42,075 - sflow.task.server_8 - INFO - 6:
2026-07-24 19:15:42,075 - sflow.task.server_8 - INFO - Loading weights:  74%|███████▎  | 1075/1458 [00:53<00:14, 26.25it/s]
2026-07-24 19:15:42,075 - sflow.task.server_8 - INFO - 2:
2026-07-24 19:15:42,075 - sflow.task.server_8 - INFO - Loading weights:  93%|█████████▎| 1355/1458 [00:57<00:03, 29.90it/s]
2026-07-24 19:15:42,126 - sflow.task.server_8 - INFO - 3:
2026-07-24 19:15:42,126 - sflow.task.server_8 - INFO - Loading weights:  93%|█████████▎| 1357/1458 [00:57<00:02, 36.61it/s]
2026-07-24 19:15:42,177 - sflow.task.server_8 - INFO - 6:
2026-07-24 19:15:42,177 - sflow.task.server_8 - INFO - Loading weights:  74%|███████▍  | 1081/1458 [00:53<00:12, 30.85it/s]
2026-07-24 19:15:42,177 - sflow.task.server_8 - INFO - 2:
2026-07-24 19:15:42,177 - sflow.task.server_8 - INFO - Loading weights:  94%|█████████▎| 1366/1458 [00:57<00:02, 42.29it/s]
2026-07-24 19:15:42,228 - sflow.task.server_8 - INFO - 7:
2026-07-24 19:15:42,228 - sflow.task.server_8 - INFO - Loading weights:  73%|███████▎  | 1062/1458 [00:53<00:23, 17.14it/s]
2026-07-24 19:15:42,228 - sflow.task.server_8 - INFO - 5:
2026-07-24 19:15:42,228 - sflow.task.server_8 - INFO - Loading weights:  74%|███████▍  | 1086/1458 [00:53<00:20, 18.16it/s]
2026-07-24 19:15:42,228 - sflow.task.server_8 - INFO - 3:
2026-07-24 19:15:42,228 - sflow.task.server_8 - INFO - Loading weights:  94%|█████████▎| 1364/1458 [00:57<00:02, 42.07it/s]
2026-07-24 19:15:42,279 - sflow.task.server_8 - INFO - 4:
2026-07-24 19:15:42,279 - sflow.task.server_8 - INFO - Loading weights:  74%|███████▍  | 1086/1458 [00:53<00:23, 15.90it/s]
2026-07-24 19:15:42,330 - sflow.task.server_8 - INFO - 7:
2026-07-24 19:15:42,330 - sflow.task.server_8 - INFO - Loading weights:  73%|███████▎  | 1066/1458 [00:53<00:20, 18.72it/s]
2026-07-24 19:15:42,330 - sflow.task.server_8 - INFO - 5:
2026-07-24 19:15:42,330 - sflow.task.server_8 - INFO - Loading weights:  75%|███████▍  | 1090/1458 [00:53<00:18, 20.21it/s]
2026-07-24 19:15:42,330 - sflow.task.server_8 - INFO - 3:
2026-07-24 19:15:42,330 - sflow.task.server_8 - INFO - Loading weights:  94%|█████████▍| 1371/1458 [00:57<00:01, 46.96it/s]
2026-07-24 19:15:42,381 - sflow.task.server_8 - INFO - 4:
2026-07-24 19:15:42,381 - sflow.task.server_8 - INFO - Loading weights:  75%|███████▍  | 1093/1458 [00:53<00:17, 21.27it/s]
2026-07-24 19:15:42,432 - sflow.task.server_8 - INFO - 6:
2026-07-24 19:15:42,432 - sflow.task.server_8 - INFO - Loading weights:  74%|███████▍  | 1086/1458 [00:53<00:13, 27.01it/s]
2026-07-24 19:15:42,432 - sflow.task.server_8 - INFO - 7:
2026-07-24 19:15:42,432 - sflow.task.server_8 - INFO - Loading weights:  74%|███████▍  | 1076/1458 [00:53<00:13, 27.64it/s]
2026-07-24 19:15:42,432 - sflow.task.server_8 - INFO - 5:
2026-07-24 19:15:42,432 - sflow.task.server_8 - INFO - Loading weights:  75%|███████▌  | 1100/1458 [00:53<00:11, 30.68it/s]
2026-07-24 19:15:42,534 - sflow.task.server_8 - INFO - 2:
2026-07-24 19:15:42,534 - sflow.task.server_8 - INFO - Loading weights:  94%|█████████▍| 1374/1458 [00:57<00:02, 34.01it/s]
2026-07-24 19:15:42,534 - sflow.task.server_8 - INFO - 6:
2026-07-24 19:15:42,534 - sflow.task.server_8 - INFO - Loading weights:  75%|███████▍  | 1090/1458 [00:53<00:12, 28.81it/s]
2026-07-24 19:15:42,534 - sflow.task.server_8 - INFO - 4:
2026-07-24 19:15:42,534 - sflow.task.server_8 - INFO - Loading weights:  76%|███████▌  | 1102/1458 [00:53<00:12, 29.36it/s]
2026-07-24 19:15:42,584 - sflow.task.server_8 - INFO - 0:
2026-07-24 19:15:42,584 - sflow.task.server_8 - INFO - Loading weights:  93%|█████████▎| 1354/1458 [00:57<00:05, 17.51it/s]
2026-07-24 19:15:42,584 - sflow.task.server_8 - INFO - 7:
2026-07-24 19:15:42,584 - sflow.task.server_8 - INFO - Loading weights:  74%|███████▍  | 1083/1458 [00:53<00:11, 32.08it/s]
2026-07-24 19:15:42,584 - sflow.task.server_8 - INFO - 5:
2026-07-24 19:15:42,584 - sflow.task.server_8 - INFO - Loading weights:  76%|███████▌  | 1107/1458 [00:53<00:10, 34.97it/s]
2026-07-24 19:15:42,636 - sflow.task.server_8 - INFO - 2:
2026-07-24 19:15:42,636 - sflow.task.server_8 - INFO - Loading weights:  95%|█████████▍| 1381/1458 [00:57<00:01, 39.12it/s]
2026-07-24 19:15:42,636 - sflow.task.server_8 - INFO - 6:
2026-07-24 19:15:42,636 - sflow.task.server_8 - INFO - Loading weights:  76%|███████▌  | 1102/1458 [00:53<00:08, 43.82it/s]
2026-07-24 19:15:42,687 - sflow.task.server_8 - INFO - 0:
2026-07-24 19:15:42,687 - sflow.task.server_8 - INFO - Loading weights:  94%|█████████▎| 1364/1458 [00:57<00:03, 25.10it/s]
2026-07-24 19:15:42,738 - sflow.task.server_8 - INFO - 2:
2026-07-24 19:15:42,738 - sflow.task.server_8 - INFO - Loading weights:  95%|█████████▌| 1390/1458 [00:57<00:01, 46.85it/s]
2026-07-24 19:15:42,789 - sflow.task.server_8 - INFO - 1:
2026-07-24 19:15:42,789 - sflow.task.server_8 - INFO - Loading weights:  84%|████████▍ | 1230/1458 [00:57<00:12, 17.93it/s]
2026-07-24 19:15:42,840 - sflow.task.server_8 - INFO - 4:
2026-07-24 19:15:42,840 - sflow.task.server_8 - INFO - Loading weights:  76%|███████▌  | 1110/1458 [00:54<00:12, 28.05it/s]
2026-07-24 19:15:42,840 - sflow.task.server_8 - INFO - 7:
2026-07-24 19:15:42,840 - sflow.task.server_8 - INFO - Loading weights:  75%|███████▍  | 1089/1458 [00:54<00:13, 28.31it/s]
2026-07-24 19:15:42,891 - sflow.task.server_8 - INFO - 2:
2026-07-24 19:15:42,891 - sflow.task.server_8 - INFO - Loading weights:  96%|█████████▌| 1396/1458 [00:57<00:01, 46.77it/s]
2026-07-24 19:15:42,891 - sflow.task.server_8 - INFO - 1:
2026-07-24 19:15:42,891 - sflow.task.server_8 - INFO - Loading weights:  85%|████████▍ | 1237/1458 [00:57<00:09, 22.26it/s]
2026-07-24 19:15:42,891 - sflow.task.server_8 - INFO - 5:
2026-07-24 19:15:42,891 - sflow.task.server_8 - INFO - Loading weights:  76%|███████▋  | 1113/1458 [00:54<00:11, 29.20it/s]
2026-07-24 19:15:42,943 - sflow.task.server_8 - INFO - 6:
2026-07-24 19:15:42,943 - sflow.task.server_8 - INFO - Loading weights:  76%|███████▌  | 1110/1458 [00:54<00:09, 37.74it/s]
2026-07-24 19:15:42,943 - sflow.task.server_8 - INFO - 4:
2026-07-24 19:15:42,943 - sflow.task.server_8 - INFO - Loading weights:  76%|███████▋  | 1115/1458 [00:54<00:11, 30.80it/s]
2026-07-24 19:15:42,943 - sflow.task.server_8 - INFO - 0:
2026-07-24 19:15:42,943 - sflow.task.server_8 - INFO - Loading weights:  94%|█████████▍| 1374/1458 [00:57<00:02, 28.12it/s]
2026-07-24 19:15:42,943 - sflow.task.server_8 - INFO - 7:
2026-07-24 19:15:42,943 - sflow.task.server_8 - INFO - Loading weights:  75%|███████▌  | 1099/1458 [00:54<00:09, 38.82it/s]
2026-07-24 19:15:42,994 - sflow.task.server_8 - INFO - 1:
2026-07-24 19:15:42,994 - sflow.task.server_8 - INFO - Loading weights:  85%|████████▌ | 1246/1458 [00:57<00:07, 29.06it/s]
2026-07-24 19:15:42,994 - sflow.task.server_8 - INFO - 5:
2026-07-24 19:15:42,994 - sflow.task.server_8 - INFO - Loading weights:  77%|███████▋  | 1123/1458 [00:54<00:08, 39.08it/s]
2026-07-24 19:15:43,045 - sflow.task.server_8 - INFO - 3:
2026-07-24 19:15:43,045 - sflow.task.server_8 - INFO - Loading weights:  94%|█████████▍| 1377/1458 [00:58<00:03, 21.72it/s]
2026-07-24 19:15:43,045 - sflow.task.server_8 - INFO - 0:
2026-07-24 19:15:43,045 - sflow.task.server_8 - INFO - Loading weights:  95%|█████████▍| 1381/1458 [00:58<00:02, 32.91it/s]
2026-07-24 19:15:43,045 - sflow.task.server_8 - INFO - 6:
2026-07-24 19:15:43,045 - sflow.task.server_8 - INFO - Loading weights:  76%|███████▋  | 1115/1458 [00:54<00:09, 36.79it/s]
2026-07-24 19:15:43,095 - sflow.task.server_8 - INFO - 4:
2026-07-24 19:15:43,095 - sflow.task.server_8 - INFO - Loading weights:  77%|███████▋  | 1124/1458 [00:54<00:08, 38.77it/s]
2026-07-24 19:15:43,095 - sflow.task.server_8 - INFO - 7:
2026-07-24 19:15:43,095 - sflow.task.server_8 - INFO - Loading weights:  76%|███████▌  | 1105/1458 [00:54<00:08, 41.69it/s]
2026-07-24 19:15:43,147 - sflow.task.server_8 - INFO - 3:
2026-07-24 19:15:43,147 - sflow.task.server_8 - INFO - Loading weights:  95%|█████████▌| 1388/1458 [00:58<00:02, 31.94it/s]
2026-07-24 19:15:43,198 - sflow.task.server_8 - INFO - 6:
2026-07-24 19:15:43,198 - sflow.task.server_8 - INFO - Loading weights:  77%|███████▋  | 1124/1458 [00:54<00:07, 46.11it/s]
2026-07-24 19:15:43,198 - sflow.task.server_8 - INFO - 0:
2026-07-24 19:15:43,198 - sflow.task.server_8 - INFO - Loading weights:  95%|█████████▌| 1390/1458 [00:58<00:01, 40.20it/s]
2026-07-24 19:15:43,198 - sflow.task.server_8 - INFO - 4:
2026-07-24 19:15:43,198 - sflow.task.server_8 - INFO - Loading weights:  78%|███████▊  | 1130/1458 [00:54<00:08, 40.72it/s]
2026-07-24 19:15:43,198 - sflow.task.server_8 - INFO - 5:
2026-07-24 19:15:43,198 - sflow.task.server_8 - INFO - Loading weights:  77%|███████▋  | 1129/1458 [00:54<00:08, 37.10it/s]
2026-07-24 19:15:43,249 - sflow.task.server_8 - INFO - 3:
2026-07-24 19:15:43,249 - sflow.task.server_8 - INFO - Loading weights:  96%|█████████▌| 1395/1458 [00:58<00:01, 36.98it/s]
2026-07-24 19:15:43,300 - sflow.task.server_8 - INFO - 6:
2026-07-24 19:15:43,300 - sflow.task.server_8 - INFO - Loading weights:  78%|███████▊  | 1131/1458 [00:54<00:06, 48.09it/s]
2026-07-24 19:15:43,300 - sflow.task.server_8 - INFO - 7:
2026-07-24 19:15:43,300 - sflow.task.server_8 - INFO - Loading weights:  76%|███████▌  | 1111/1458 [00:54<00:09, 35.75it/s]
2026-07-24 19:15:43,453 - sflow.task.server_8 - INFO - 7:
2026-07-24 19:15:43,453 - sflow.task.server_8 - INFO - Loading weights:  77%|███████▋  | 1116/1458 [00:54<00:09, 36.29it/s]
2026-07-24 19:15:43,556 - sflow.task.server_8 - INFO - 7:
2026-07-24 19:15:43,556 - sflow.task.server_8 - INFO - Loading weights:  77%|███████▋  | 1124/1458 [00:54<00:07, 44.17it/s]
2026-07-24 19:15:43,607 - sflow.task.server_8 - INFO - 2:
2026-07-24 19:15:43,607 - sflow.task.server_8 - INFO - Loading weights:  96%|█████████▌| 1402/1458 [00:58<00:02, 20.70it/s]
2026-07-24 19:15:43,709 - sflow.task.server_8 - INFO - 7:
2026-07-24 19:15:43,709 - sflow.task.server_8 - INFO - Loading weights:  78%|███████▊  | 1131/1458 [00:54<00:07, 44.15it/s]
2026-07-24 19:15:43,760 - sflow.task.server_8 - INFO - 2:
2026-07-24 19:15:43,760 - sflow.task.server_8 - INFO - Loading weights:  97%|█████████▋| 1412/1458 [00:58<00:01, 28.26it/s]
2026-07-24 19:15:43,913 - sflow.task.server_8 - INFO - 2:
2026-07-24 19:15:43,913 - sflow.task.server_8 - INFO - Loading weights:  97%|█████████▋| 1417/1458 [00:58<00:01, 29.65it/s]
2026-07-24 19:15:43,913 - sflow.task.server_8 - INFO - 1:
2026-07-24 19:15:43,913 - sflow.task.server_8 - INFO - Loading weights:  86%|████████▌ | 1254/1458 [00:58<00:11, 17.36it/s]
2026-07-24 19:15:44,015 - sflow.task.server_8 - INFO - 0:
2026-07-24 19:15:44,015 - sflow.task.server_8 - INFO - Loading weights:  96%|█████████▌| 1398/1458 [00:58<00:02, 21.03it/s]
2026-07-24 19:15:44,015 - sflow.task.server_8 - INFO - 3:
2026-07-24 19:15:44,015 - sflow.task.server_8 - INFO - Loading weights:  96%|█████████▌| 1402/1458 [00:58<00:02, 20.22it/s]
2026-07-24 19:15:44,015 - sflow.task.server_8 - INFO - 1:
2026-07-24 19:15:44,015 - sflow.task.server_8 - INFO - Loading weights:  86%|████████▋ | 1261/1458 [00:58<00:09, 21.59it/s]
2026-07-24 19:15:44,015 - sflow.task.server_8 - INFO - 5:
2026-07-24 19:15:44,015 - sflow.task.server_8 - INFO - Loading weights:  78%|███████▊  | 1134/1458 [00:55<00:19, 16.85it/s]
2026-07-24 19:15:44,117 - sflow.task.server_8 - INFO - 2:
2026-07-24 19:15:44,117 - sflow.task.server_8 - INFO - Loading weights:  98%|█████████▊| 1422/1458 [00:59<00:01, 28.44it/s]
2026-07-24 19:15:44,117 - sflow.task.server_8 - INFO - 4:
2026-07-24 19:15:44,117 - sflow.task.server_8 - INFO - Loading weights:  78%|███████▊  | 1136/1458 [00:55<00:18, 17.03it/s]
2026-07-24 19:15:44,117 - sflow.task.server_8 - INFO - 0:
2026-07-24 19:15:44,117 - sflow.task.server_8 - INFO - Loading weights:  96%|█████████▋| 1405/1458 [00:59<00:02, 25.65it/s]
2026-07-24 19:15:44,117 - sflow.task.server_8 - INFO - 3:
2026-07-24 19:15:44,117 - sflow.task.server_8 - INFO - Loading weights:  97%|█████████▋| 1414/1458 [00:59<00:01, 30.29it/s]
2026-07-24 19:15:44,117 - sflow.task.server_8 - INFO - 1:
2026-07-24 19:15:44,117 - sflow.task.server_8 - INFO - Loading weights:  87%|████████▋ | 1271/1458 [00:59<00:06, 29.87it/s]
2026-07-24 19:15:44,117 - sflow.task.server_8 - INFO - 5:
2026-07-24 19:15:44,117 - sflow.task.server_8 - INFO - Loading weights:  78%|███████▊  | 1138/1458 [00:55<00:16, 19.16it/s]
2026-07-24 19:15:44,168 - sflow.task.server_8 - INFO - 6:
2026-07-24 19:15:44,168 - sflow.task.server_8 - INFO - Loading weights:  78%|███████▊  | 1137/1458 [00:55<00:17, 18.70it/s]
2026-07-24 19:15:44,220 - sflow.task.server_8 - INFO - 2:
2026-07-24 19:15:44,220 - sflow.task.server_8 - INFO - Loading weights:  98%|█████████▊| 1426/1458 [00:59<00:01, 29.62it/s]
2026-07-24 19:15:44,220 - sflow.task.server_8 - INFO - 0:
2026-07-24 19:15:44,220 - sflow.task.server_8 - INFO - Loading weights:  97%|█████████▋| 1415/1458 [00:59<00:01, 34.70it/s]
2026-07-24 19:15:44,220 - sflow.task.server_8 - INFO - 4:
2026-07-24 19:15:44,220 - sflow.task.server_8 - INFO - Loading weights:  79%|███████▊  | 1147/1458 [00:55<00:12, 25.78it/s]
2026-07-24 19:15:44,271 - sflow.task.server_8 - INFO - 5:
2026-07-24 19:15:44,271 - sflow.task.server_8 - INFO - Loading weights:  79%|███████▊  | 1148/1458 [00:55<00:11, 27.94it/s]
2026-07-24 19:15:44,271 - sflow.task.server_8 - INFO - 6:
2026-07-24 19:15:44,271 - sflow.task.server_8 - INFO - Loading weights:  78%|███████▊  | 1142/1458 [00:55<00:14, 21.75it/s]
2026-07-24 19:15:44,322 - sflow.task.server_8 - INFO - 2:
2026-07-24 19:15:44,322 - sflow.task.server_8 - INFO - Loading weights:  98%|█████████▊| 1435/1458 [00:59<00:00, 40.64it/s]
2026-07-24 19:15:44,372 - sflow.task.server_8 - INFO - 3:
2026-07-24 19:15:44,372 - sflow.task.server_8 - INFO - Loading weights:  98%|█████████▊| 1422/1458 [00:59<00:01, 30.76it/s]
2026-07-24 19:15:44,372 - sflow.task.server_8 - INFO - 6:
2026-07-24 19:15:44,372 - sflow.task.server_8 - INFO - Loading weights:  79%|███████▉  | 1150/1458 [00:55<00:10, 29.05it/s]
2026-07-24 19:15:44,423 - sflow.task.server_8 - INFO - 4:
2026-07-24 19:15:44,423 - sflow.task.server_8 - INFO - Loading weights:  79%|███████▉  | 1153/1458 [00:55<00:11, 27.04it/s]
2026-07-24 19:15:44,423 - sflow.task.server_8 - INFO - 5:
2026-07-24 19:15:44,423 - sflow.task.server_8 - INFO - Loading weights:  79%|███████▉  | 1153/1458 [00:55<00:10, 29.58it/s]
2026-07-24 19:15:44,474 - sflow.task.server_8 - INFO - 3:
2026-07-24 19:15:44,474 - sflow.task.server_8 - INFO - Loading weights:  98%|█████████▊| 1429/1458 [00:59<00:00, 35.63it/s]
2026-07-24 19:15:44,474 - sflow.task.server_8 - INFO - 1:
2026-07-24 19:15:44,474 - sflow.task.server_8 - INFO - Loading weights:  88%|████████▊ | 1278/1458 [00:59<00:06, 26.17it/s]
2026-07-24 19:15:44,474 - sflow.task.server_8 - INFO - 6:
2026-07-24 19:15:44,474 - sflow.task.server_8 - INFO - Loading weights:  79%|███████▉  | 1156/1458 [00:55<00:08, 33.80it/s]
2026-07-24 19:15:44,525 - sflow.task.server_8 - INFO - 2:
2026-07-24 19:15:44,525 - sflow.task.server_8 - INFO - Loading weights:  99%|█████████▉| 1441/1458 [00:59<00:00, 37.45it/s]
2026-07-24 19:15:44,576 - sflow.task.server_8 - INFO - 7:
2026-07-24 19:15:44,576 - sflow.task.server_8 - INFO - Loading weights:  78%|███████▊  | 1137/1458 [00:55<00:17, 18.01it/s]
2026-07-24 19:15:44,576 - sflow.task.server_8 - INFO - 1:
2026-07-24 19:15:44,576 - sflow.task.server_8 - INFO - Loading weights:  88%|████████▊ | 1285/1458 [00:59<00:05, 30.97it/s]
2026-07-24 19:15:44,627 - sflow.task.server_8 - INFO - 3:
2026-07-24 19:15:44,627 - sflow.task.server_8 - INFO - Loading weights:  99%|█████████▉| 1441/1458 [00:59<00:00, 45.32it/s]
2026-07-24 19:15:44,678 - sflow.task.server_8 - INFO - 5:
2026-07-24 19:15:44,679 - sflow.task.server_8 - INFO - Loading weights:  79%|███████▉  | 1158/1458 [00:55<00:11, 25.96it/s]
2026-07-24 19:15:44,679 - sflow.task.server_8 - INFO - 7:
2026-07-24 19:15:44,679 - sflow.task.server_8 - INFO - Loading weights:  79%|███████▊  | 1147/1458 [00:55<00:11, 26.44it/s]
2026-07-24 19:15:44,679 - sflow.task.server_8 - INFO - 4:
2026-07-24 19:15:44,679 - sflow.task.server_8 - INFO - Loading weights:  79%|███████▉  | 1158/1458 [00:55<00:12, 24.53it/s]
2026-07-24 19:15:44,730 - sflow.task.server_8 - INFO - 1:
2026-07-24 19:15:44,730 - sflow.task.server_8 - INFO - Loading weights:  89%|████████▉ | 1294/1458 [00:59<00:04, 38.26it/s]
2026-07-24 19:15:44,781 - sflow.task.server_8 - INFO - 4:
2026-07-24 19:15:44,781 - sflow.task.server_8 - INFO - Loading weights:  80%|███████▉  | 1162/1458 [00:55<00:11, 26.63it/s]
2026-07-24 19:15:44,781 - sflow.task.server_8 - INFO - 5:
2026-07-24 19:15:44,781 - sflow.task.server_8 - INFO - Loading weights:  80%|███████▉  | 1162/1458 [00:55<00:10, 27.65it/s]
2026-07-24 19:15:44,781 - sflow.task.server_8 - INFO - 7:
2026-07-24 19:15:44,781 - sflow.task.server_8 - INFO - Loading weights:  79%|███████▉  | 1153/1458 [00:56<00:10, 30.32it/s]
2026-07-24 19:15:44,832 - sflow.task.server_8 - INFO - 6:
2026-07-24 19:15:44,832 - sflow.task.server_8 - INFO - Loading weights:  80%|███████▉  | 1162/1458 [00:56<00:11, 26.52it/s]
2026-07-24 19:15:44,883 - sflow.task.server_8 - INFO - 5:
2026-07-24 19:15:44,883 - sflow.task.server_8 - INFO - Loading weights:  80%|████████  | 1172/1458 [00:56<00:07, 40.33it/s]
2026-07-24 19:15:44,883 - sflow.task.server_8 - INFO - 4:
2026-07-24 19:15:44,883 - sflow.task.server_8 - INFO - Loading weights:  80%|████████  | 1172/1458 [00:56<00:07, 37.21it/s]
2026-07-24 19:15:44,934 - sflow.task.server_8 - INFO - 0:
2026-07-24 19:15:44,934 - sflow.task.server_8 - INFO - Loading weights:  98%|█████████▊| 1422/1458 [00:59<00:01, 20.54it/s]
2026-07-24 19:15:44,985 - sflow.task.server_8 - INFO - 6:
2026-07-24 19:15:44,985 - sflow.task.server_8 - INFO - Loading weights:  80%|████████  | 1172/1458 [00:56<00:07, 35.82it/s]
2026-07-24 19:15:44,986 - sflow.task.server_8 - INFO - 5:
2026-07-24 19:15:44,986 - sflow.task.server_8 - INFO - Loading weights:  81%|████████  | 1179/1458 [00:56<00:06, 44.33it/s]
2026-07-24 19:15:45,036 - sflow.task.server_8 - INFO - 4:
2026-07-24 19:15:45,036 - sflow.task.server_8 - INFO - Loading weights:  81%|████████  | 1179/1458 [00:56<00:06, 41.61it/s]
2026-07-24 19:15:45,036 - sflow.task.server_8 - INFO - 7:
2026-07-24 19:15:45,036 - sflow.task.server_8 - INFO - Loading weights:  79%|███████▉  | 1159/1458 [00:56<00:10, 28.68it/s]
2026-07-24 19:15:45,087 - sflow.task.server_8 - INFO - 0:
2026-07-24 19:15:45,087 - sflow.task.server_8 - INFO - Loading weights:  98%|█████████▊| 1429/1458 [01:00<00:01, 25.18it/s]
2026-07-24 19:15:45,087 - sflow.task.server_8 - INFO - 6:
2026-07-24 19:15:45,087 - sflow.task.server_8 - INFO - Loading weights:  81%|████████  | 1179/1458 [00:56<00:06, 41.25it/s]
2026-07-24 19:15:45,138 - sflow.task.server_8 - INFO - 7:
2026-07-24 19:15:45,138 - sflow.task.server_8 - INFO - Loading weights:  80%|███████▉  | 1164/1458 [00:56<00:09, 30.40it/s]
2026-07-24 19:15:45,189 - sflow.task.server_8 - INFO - 0:
2026-07-24 19:15:45,189 - sflow.task.server_8 - INFO - Loading weights:  99%|█████████▊| 1439/1458 [01:00<00:00, 34.12it/s]
2026-07-24 19:15:45,292 - sflow.task.server_8 - INFO - 2:
2026-07-24 19:15:45,292 - sflow.task.server_8 - INFO - Loading weights:  99%|█████████▉| 1446/1458 [01:00<00:00, 17.15it/s]
2026-07-24 19:15:45,292 - sflow.task.server_8 - INFO - 7:
2026-07-24 19:15:45,292 - sflow.task.server_8 - INFO - Loading weights:  80%|████████  | 1171/1458 [00:56<00:08, 34.95it/s]
2026-07-24 19:15:45,343 - sflow.task.server_8 - INFO - 3:
2026-07-24 19:15:45,343 - sflow.task.server_8 - INFO - Loading weights:  99%|█████████▉| 1448/1458 [01:00<00:00, 23.59it/s]
2026-07-24 19:15:45,394 - sflow.task.server_8 - INFO - 2:
2026-07-24 19:15:45,394 - sflow.task.server_8 - INFO - Loading weights:  99%|█████████▉| 1450/1458 [01:00<00:00, 19.36it/s]
2026-07-24 19:15:45,446 - sflow.task.server_8 - INFO - 7:
2026-07-24 19:15:45,446 - sflow.task.server_8 - INFO - Loading weights:  81%|████████  | 1177/1458 [00:56<00:07, 36.59it/s]
2026-07-24 19:15:45,598 - sflow.task.server_8 - INFO - 1:
2026-07-24 19:15:45,598 - sflow.task.server_8 - INFO - Loading weights:  89%|████████▉ | 1302/1458 [01:00<00:07, 19.60it/s]
2026-07-24 19:15:45,700 - sflow.task.server_8 - INFO - 1:
2026-07-24 19:15:45,700 - sflow.task.server_8 - INFO - Loading weights:  90%|████████▉ | 1309/1458 [01:00<00:06, 24.22it/s]
2026-07-24 19:15:45,801 - sflow.task.server_8 - INFO - 4:
2026-07-24 19:15:45,801 - sflow.task.server_8 - INFO - Loading weights:  81%|████████▏ | 1185/1458 [00:56<00:14, 19.45it/s]
2026-07-24 19:15:45,802 - sflow.task.server_8 - INFO - 1:
2026-07-24 19:15:45,802 - sflow.task.server_8 - INFO - Loading weights:  90%|█████████ | 1318/1458 [01:00<00:04, 31.67it/s]
2026-07-24 19:15:45,853 - sflow.task.server_8 - INFO - 5:
2026-07-24 19:15:45,853 - sflow.task.server_8 - INFO - Loading weights:  81%|████████▏ | 1185/1458 [00:57<00:15, 18.07it/s]
2026-07-24 19:15:45,903 - sflow.task.server_8 - INFO - 4:
2026-07-24 19:15:45,903 - sflow.task.server_8 - INFO - Loading weights:  82%|████████▏ | 1190/1458 [00:57<00:11, 22.56it/s]
2026-07-24 19:15:45,904 - sflow.task.server_8 - INFO - 0:
2026-07-24 19:15:45,904 - sflow.task.server_8 - INFO - Loading weights:  99%|█████████▉| 1446/1458 [01:00<00:00, 20.04it/s]
2026-07-24 19:15:45,955 - sflow.task.server_8 - INFO - 5:
2026-07-24 19:15:45,955 - sflow.task.server_8 - INFO - Loading weights:  82%|████████▏ | 1195/1458 [00:57<00:09, 26.37it/s]
2026-07-24 19:15:46,006 - sflow.task.server_8 - INFO - 6:
2026-07-24 19:15:46,006 - sflow.task.server_8 - INFO - Loading weights:  81%|████████▏ | 1185/1458 [00:57<00:15, 17.66it/s]
2026-07-24 19:15:46,006 - sflow.task.server_8 - INFO - 4:
2026-07-24 19:15:46,006 - sflow.task.server_8 - INFO - Loading weights:  82%|████████▏ | 1196/1458 [00:57<00:09, 27.41it/s]
2026-07-24 19:15:46,057 - sflow.task.server_8 - INFO - 0:
2026-07-24 19:15:46,057 - sflow.task.server_8 - INFO - Loading weights: 100%|█████████▉| 1453/1458 [01:01<00:00, 24.59it/s]
2026-07-24 19:15:46,108 - sflow.task.server_8 - INFO - 6:
2026-07-24 19:15:46,109 - sflow.task.server_8 - INFO - Loading weights:  82%|████████▏ | 1193/1458 [00:57<00:11, 23.75it/s]
2026-07-24 19:15:46,160 - sflow.task.server_8 - INFO - 4:
2026-07-24 19:15:46,160 - sflow.task.server_8 - INFO - Loading weights:  82%|████████▏ | 1201/1458 [00:57<00:08, 29.26it/s]
2026-07-24 19:15:46,160 - sflow.task.server_8 - INFO - 5:
2026-07-24 19:15:46,160 - sflow.task.server_8 - INFO - Loading weights:  82%|████████▏ | 1201/1458 [00:57<00:08, 28.61it/s]
2026-07-24 19:15:46,211 - sflow.task.server_8 - INFO - 7:
2026-07-24 19:15:46,211 - sflow.task.server_8 - INFO - Loading weights:  81%|████████  | 1182/1458 [00:57<00:16, 17.21it/s]
2026-07-24 19:15:46,211 - sflow.task.server_8 - INFO - 6:
2026-07-24 19:15:46,211 - sflow.task.server_8 - INFO - Loading weights:  82%|████████▏ | 1199/1458 [00:57<00:09, 27.90it/s]
2026-07-24 19:15:46,313 - sflow.task.server_8 - INFO - 7:
2026-07-24 19:15:46,313 - sflow.task.server_8 - INFO - Loading weights:  82%|████████▏ | 1189/1458 [00:57<00:11, 22.60it/s]
2026-07-24 19:15:46,416 - sflow.task.server_8 - INFO - 7:
2026-07-24 19:15:46,416 - sflow.task.server_8 - INFO - Loading weights:  82%|████████▏ | 1196/1458 [00:57<00:09, 28.30it/s]
2026-07-24 19:15:46,568 - sflow.task.server_8 - INFO - 7:
2026-07-24 19:15:46,568 - sflow.task.server_8 - INFO - Loading weights:  82%|████████▏ | 1201/1458 [00:57<00:08, 30.84it/s]
2026-07-24 19:15:46,568 - sflow.task.server_8 - INFO - 2:
2026-07-24 19:15:46,568 - sflow.task.server_8 - INFO - Loading weights: 100%|█████████▉| 1456/1458 [01:01<00:00, 10.17it/s]
2026-07-24 19:15:46,568 - sflow.task.server_8 - INFO - 2:
2026-07-24 19:15:46,568 - sflow.task.server_8 - INFO - Loading weights: 100%|██████████| 1458/1458 [01:01<00:00, 23.69it/s]
2026-07-24 19:15:46,568 - sflow.task.server_8 - INFO - 3:
2026-07-24 19:15:46,568 - sflow.task.server_8 - INFO - Loading weights: 100%|█████████▉| 1456/1458 [01:01<00:00, 13.62it/s]
2026-07-24 19:15:46,568 - sflow.task.server_8 - INFO - 3:
2026-07-24 19:15:46,568 - sflow.task.server_8 - INFO - Loading weights: 100%|██████████| 1458/1458 [01:01<00:00, 23.69it/s]
2026-07-24 19:15:46,568 - sflow.task.server_8 - INFO - 0:
2026-07-24 19:15:46,568 - sflow.task.server_8 - INFO - Loading weights: 100%|██████████| 1458/1458 [01:01<00:00, 23.69it/s]
2026-07-24 19:15:46,568 - sflow.task.server_8 - INFO - 0:
2026-07-24 19:15:46,620 - sflow.task.server_8 - INFO - 1:
2026-07-24 19:15:46,620 - sflow.task.server_8 - INFO - Loading weights:  91%|█████████ | 1326/1458 [01:01<00:06, 19.11it/s]
2026-07-24 19:15:46,722 - sflow.task.server_8 - INFO - 1:
2026-07-24 19:15:46,722 - sflow.task.server_8 - INFO - Loading weights:  91%|█████████▏| 1333/1458 [01:01<00:05, 23.70it/s]
2026-07-24 19:15:46,823 - sflow.task.server_8 - INFO - 1:
2026-07-24 19:15:46,824 - sflow.task.server_8 - INFO - Loading weights:  92%|█████████▏| 1342/1458 [01:01<00:03, 31.30it/s]
2026-07-24 19:15:46,874 - sflow.task.server_8 - INFO - 5:
2026-07-24 19:15:46,875 - sflow.task.server_8 - INFO - Loading weights:  83%|████████▎ | 1207/1458 [00:58<00:14, 17.17it/s]
2026-07-24 19:15:46,926 - sflow.task.server_8 - INFO - 4:
2026-07-24 19:15:46,926 - sflow.task.server_8 - INFO - Loading weights:  83%|████████▎ | 1206/1458 [00:58<00:16, 15.04it/s]
2026-07-24 19:15:47,027 - sflow.task.server_8 - INFO - 6:
2026-07-24 19:15:47,027 - sflow.task.server_8 - INFO - Loading weights:  83%|████████▎ | 1206/1458 [00:58<00:15, 16.46it/s]
2026-07-24 19:15:47,027 - sflow.task.server_8 - INFO - 4:
2026-07-24 19:15:47,027 - sflow.task.server_8 - INFO - Loading weights:  83%|████████▎ | 1210/1458 [00:58<00:14, 17.33it/s]
2026-07-24 19:15:47,027 - sflow.task.server_8 - INFO - 5:
2026-07-24 19:15:47,027 - sflow.task.server_8 - INFO - Loading weights:  83%|████████▎ | 1211/1458 [00:58<00:13, 18.50it/s]
2026-07-24 19:15:47,129 - sflow.task.server_8 - INFO - 5:
2026-07-24 19:15:47,129 - sflow.task.server_8 - INFO - Loading weights:  84%|████████▎ | 1219/1458 [00:58<00:09, 25.26it/s]
2026-07-24 19:15:47,129 - sflow.task.server_8 - INFO - 6:
2026-07-24 19:15:47,129 - sflow.task.server_8 - INFO - Loading weights:  83%|████████▎ | 1211/1458 [00:58<00:12, 19.09it/s]
2026-07-24 19:15:47,180 - sflow.task.server_8 - INFO - 3: [TensorRT-LLM][INFO] Max KV cache blocks per sequence: 724 [window size=23141], tokens per block=32, primary blocks=1234, secondary blocks=0, max sequence length=23141
2026-07-24 19:15:47,180 - sflow.task.server_8 - INFO - 4:
2026-07-24 19:15:47,180 - sflow.task.server_8 - INFO - Loading weights:  84%|████████▎ | 1220/1458 [00:58<00:09, 25.97it/s]
2026-07-24 19:15:47,282 - sflow.task.server_8 - INFO - 6:
2026-07-24 19:15:47,282 - sflow.task.server_8 - INFO - Loading weights:  84%|████████▎ | 1220/1458 [00:58<00:08, 26.65it/s]
2026-07-24 19:15:47,282 - sflow.task.server_8 - INFO - 3: [TensorRT-LLM][INFO] Number of tokens per block: 32.
2026-07-24 19:15:47,282 - sflow.task.server_8 - INFO - 3: [TensorRT-LLM][INFO] [MemUsageChange] Allocated 1.29 GiB for max tokens in paged KV cache (39488).
2026-07-24 19:15:47,282 - sflow.task.server_8 - INFO - 0: Model init total -- 196.79s
2026-07-24 19:15:47,282 - sflow.task.server_8 - INFO - 0: [07/24/2026-19:15:47] [TRT-LLM] [RANK 0] [I] Using Sampler: TorchSampler
2026-07-24 19:15:47,282 - sflow.task.server_8 - INFO - 0: [07/24/2026-19:15:47] [TRT-LLM] [RANK 0] [I] [create_py_executor] Created execution_stream: <torch.cuda.Stream device=cuda:0 cuda_stream=0xf46899ff6b80>
2026-07-24 19:15:47,282 - sflow.task.server_8 - INFO - 0: [07/24/2026-19:15:47] [TRT-LLM] [RANK 0] [I] [kv cache manager] Primary/secondary blocks for window sizes set to {23141: (1234, 0)} for estimation dry run
2026-07-24 19:15:47,282 - sflow.task.server_8 - INFO - 0: [07/24/2026-19:15:47] [TRT-LLM] [RANK 0] [I] Adjusted attention window size to 23141 in blocks_per_window
2026-07-24 19:15:47,282 - sflow.task.server_8 - INFO - 0: [07/24/2026-19:15:47] [TRT-LLM] [RANK 0] [I] [KVCacheManager] execution_stream: <torch.cuda.Stream device=cuda:0 cuda_stream=0xf46899ff6b80>
2026-07-24 19:15:47,282 - sflow.task.server_8 - INFO - 0: [TensorRT-LLM][INFO] Max KV cache blocks per sequence: 724 [window size=23141], tokens per block=32, primary blocks=1234, secondary blocks=0, max sequence length=23141
2026-07-24 19:15:47,334 - sflow.task.server_8 - INFO - 7:
2026-07-24 19:15:47,334 - sflow.task.server_8 - INFO - Loading weights:  83%|████████▎ | 1206/1458 [00:58<00:16, 15.47it/s]
2026-07-24 19:15:47,334 - sflow.task.server_8 - INFO - 4:
2026-07-24 19:15:47,334 - sflow.task.server_8 - INFO - Loading weights:  84%|████████▍ | 1225/1458 [00:58<00:08, 27.50it/s]
2026-07-24 19:15:47,334 - sflow.task.server_8 - INFO - 5:
2026-07-24 19:15:47,334 - sflow.task.server_8 - INFO - Loading weights:  84%|████████▍ | 1225/1458 [00:58<00:08, 26.75it/s]
2026-07-24 19:15:47,385 - sflow.task.server_8 - INFO - 6:
2026-07-24 19:15:47,385 - sflow.task.server_8 - INFO - Loading weights:  84%|████████▍ | 1227/1458 [00:58<00:07, 31.83it/s]
2026-07-24 19:15:47,436 - sflow.task.server_8 - INFO - 7:
2026-07-24 19:15:47,436 - sflow.task.server_8 - INFO - Loading weights:  83%|████████▎ | 1210/1458 [00:58<00:14, 17.33it/s]
2026-07-24 19:15:47,487 - sflow.task.server_8 - INFO - 0: [TensorRT-LLM][INFO] Number of tokens per block: 32.
2026-07-24 19:15:47,487 - sflow.task.server_8 - INFO - 0: [TensorRT-LLM][INFO] [MemUsageChange] Allocated 1.29 GiB for max tokens in paged KV cache (39488).
2026-07-24 19:15:47,487 - sflow.task.server_8 - INFO - 0: [07/24/2026-19:15:47] [TRT-LLM] [RANK 0] [I] max_seq_len=23141, max_num_requests=512, max_num_tokens=3456, max_batch_size=512
2026-07-24 19:15:47,487 - sflow.task.server_8 - INFO - 2: [TensorRT-LLM][INFO] Max KV cache blocks per sequence: 724 [window size=23141], tokens per block=32, primary blocks=1234, secondary blocks=0, max sequence length=23141
2026-07-24 19:15:47,487 - sflow.task.server_8 - INFO - 1:
2026-07-24 19:15:47,487 - sflow.task.server_8 - INFO - Loading weights:  93%|█████████▎| 1350/1458 [01:02<00:05, 21.03it/s]
2026-07-24 19:15:47,590 - sflow.task.server_8 - INFO - 7:
2026-07-24 19:15:47,590 - sflow.task.server_8 - INFO - Loading weights:  84%|████████▎ | 1220/1458 [00:58<00:08, 26.76it/s]
2026-07-24 19:15:47,590 - sflow.task.server_8 - INFO - 1:
2026-07-24 19:15:47,590 - sflow.task.server_8 - INFO - Loading weights:  93%|█████████▎| 1357/1458 [01:02<00:03, 25.83it/s]
2026-07-24 19:15:47,641 - sflow.task.server_8 - INFO - 2: [TensorRT-LLM][INFO] Number of tokens per block: 32.
2026-07-24 19:15:47,641 - sflow.task.server_8 - INFO - 2: [TensorRT-LLM][INFO] [MemUsageChange] Allocated 1.29 GiB for max tokens in paged KV cache (39488).
2026-07-24 19:15:47,692 - sflow.task.server_8 - INFO - 7:
2026-07-24 19:15:47,692 - sflow.task.server_8 - INFO - Loading weights:  84%|████████▍ | 1225/1458 [00:58<00:07, 30.13it/s]
2026-07-24 19:15:47,692 - sflow.task.server_8 - INFO - 1:
2026-07-24 19:15:47,692 - sflow.task.server_8 - INFO - Loading weights:  94%|█████████▎| 1366/1458 [01:02<00:02, 33.75it/s]
2026-07-24 19:15:48,048 - sflow.task.server_8 - INFO - 1:
2026-07-24 19:15:48,048 - sflow.task.server_8 - INFO - Loading weights:  94%|█████████▍| 1374/1458 [01:02<00:02, 30.95it/s]
2026-07-24 19:15:48,100 - sflow.task.server_8 - INFO - 5:
2026-07-24 19:15:48,100 - sflow.task.server_8 - INFO - Loading weights:  84%|████████▍ | 1230/1458 [00:59<00:15, 15.18it/s]
2026-07-24 19:15:48,100 - sflow.task.server_8 - INFO - 4:
2026-07-24 19:15:48,100 - sflow.task.server_8 - INFO - Loading weights:  84%|████████▍ | 1230/1458 [00:59<00:15, 14.63it/s]
2026-07-24 19:15:48,100 - sflow.task.server_8 - INFO - 1:
2026-07-24 19:15:48,100 - sflow.task.server_8 - INFO - Loading weights:  95%|█████████▍| 1381/1458 [01:03<00:02, 36.35it/s]
2026-07-24 19:15:48,150 - sflow.task.server_8 - INFO - 6:
2026-07-24 19:15:48,150 - sflow.task.server_8 - INFO - Loading weights:  85%|████████▍ | 1233/1458 [00:59<00:13, 17.24it/s]
2026-07-24 19:15:48,201 - sflow.task.server_8 - INFO - 5:
2026-07-24 19:15:48,201 - sflow.task.server_8 - INFO - Loading weights:  85%|████████▍ | 1234/1458 [00:59<00:12, 17.31it/s]
2026-07-24 19:15:48,252 - sflow.task.server_8 - INFO - 1:
2026-07-24 19:15:48,252 - sflow.task.server_8 - INFO - Loading weights:  95%|█████████▌| 1391/1458 [01:03<00:01, 46.77it/s]
2026-07-24 19:15:48,252 - sflow.task.server_8 - INFO - 4:
2026-07-24 19:15:48,252 - sflow.task.server_8 - INFO - Loading weights:  85%|████████▍ | 1234/1458 [00:59<00:13, 16.77it/s]
2026-07-24 19:15:48,252 - sflow.task.server_8 - INFO - 6:
2026-07-24 19:15:48,252 - sflow.task.server_8 - INFO - Loading weights:  85%|████████▍ | 1238/1458 [00:59<00:10, 20.37it/s]
2026-07-24 19:15:48,303 - sflow.task.server_8 - INFO - 5:
2026-07-24 19:15:48,303 - sflow.task.server_8 - INFO - Loading weights:  85%|████████▌ | 1243/1458 [00:59<00:08, 25.94it/s]
2026-07-24 19:15:48,353 - sflow.task.server_8 - INFO - 4:
2026-07-24 19:15:48,353 - sflow.task.server_8 - INFO - Loading weights:  85%|████████▌ | 1244/1458 [00:59<00:08, 26.08it/s]
2026-07-24 19:15:48,404 - sflow.task.server_8 - INFO - 6:
2026-07-24 19:15:48,404 - sflow.task.server_8 - INFO - Loading weights:  85%|████████▌ | 1246/1458 [00:59<00:07, 26.76it/s]
2026-07-24 19:15:48,404 - sflow.task.server_8 - INFO - 5:
2026-07-24 19:15:48,404 - sflow.task.server_8 - INFO - Loading weights:  86%|████████▌ | 1248/1458 [00:59<00:07, 29.24it/s]
2026-07-24 19:15:48,455 - sflow.task.server_8 - INFO - 7:
2026-07-24 19:15:48,455 - sflow.task.server_8 - INFO - Loading weights:  84%|████████▍ | 1230/1458 [00:59<00:14, 15.53it/s]
2026-07-24 19:15:48,506 - sflow.task.server_8 - INFO - 4:
2026-07-24 19:15:48,506 - sflow.task.server_8 - INFO - Loading weights:  86%|████████▌ | 1249/1458 [00:59<00:07, 28.20it/s]
2026-07-24 19:15:48,506 - sflow.task.server_8 - INFO - 6:
2026-07-24 19:15:48,506 - sflow.task.server_8 - INFO - Loading weights:  86%|████████▌ | 1251/1458 [00:59<00:07, 28.96it/s]
2026-07-24 19:15:48,506 - sflow.task.server_8 - INFO - 5:
2026-07-24 19:15:48,506 - sflow.task.server_8 - INFO - Loading weights:  86%|████████▌ | 1253/1458 [00:59<00:06, 31.73it/s]
2026-07-24 19:15:48,609 - sflow.task.server_8 - INFO - 7:
2026-07-24 19:15:48,609 - sflow.task.server_8 - INFO - Loading weights:  85%|████████▍ | 1237/1458 [00:59<00:10, 20.29it/s]
2026-07-24 19:15:48,711 - sflow.task.server_8 - INFO - 7:
2026-07-24 19:15:48,711 - sflow.task.server_8 - INFO - Loading weights:  85%|████████▌ | 1244/1458 [00:59<00:08, 25.59it/s]
2026-07-24 19:15:48,813 - sflow.task.server_8 - INFO - 7:
2026-07-24 19:15:48,813 - sflow.task.server_8 - INFO - Loading weights:  86%|████████▌ | 1249/1458 [01:00<00:07, 28.99it/s]
2026-07-24 19:15:49,017 - sflow.task.server_8 - INFO - 1:
2026-07-24 19:15:49,017 - sflow.task.server_8 - INFO - Loading weights:  96%|█████████▌| 1398/1458 [01:03<00:02, 22.41it/s]
2026-07-24 19:15:49,119 - sflow.task.server_8 - INFO - 1:
2026-07-24 19:15:49,119 - sflow.task.server_8 - INFO - Loading weights:  96%|█████████▋| 1405/1458 [01:04<00:01, 27.46it/s]
2026-07-24 19:15:49,222 - sflow.task.server_8 - INFO - 4:
2026-07-24 19:15:49,222 - sflow.task.server_8 - INFO - Loading weights:  86%|████████▌ | 1254/1458 [01:00<00:12, 16.07it/s]
2026-07-24 19:15:49,222 - sflow.task.server_8 - INFO - 1:
2026-07-24 19:15:49,222 - sflow.task.server_8 - INFO - Loading weights:  97%|█████████▋| 1417/1458 [01:04<00:01, 37.82it/s]
2026-07-24 19:15:49,324 - sflow.task.server_8 - INFO - 4:
2026-07-24 19:15:49,324 - sflow.task.server_8 - INFO - Loading weights:  86%|████████▋ | 1258/1458 [01:00<00:10, 18.30it/s]
2026-07-24 19:15:49,324 - sflow.task.server_8 - INFO - 6:
2026-07-24 19:15:49,324 - sflow.task.server_8 - INFO - Loading weights:  86%|████████▌ | 1256/1458 [01:00<00:13, 15.08it/s]
2026-07-24 19:15:49,324 - sflow.task.server_8 - INFO - 5:
2026-07-24 19:15:49,324 - sflow.task.server_8 - INFO - Loading weights:  86%|████████▋ | 1258/1458 [01:00<00:13, 14.97it/s]
2026-07-24 19:15:49,426 - sflow.task.server_8 - INFO - 5:
2026-07-24 19:15:49,426 - sflow.task.server_8 - INFO - Loading weights:  87%|████████▋ | 1268/1458 [01:00<00:08, 23.74it/s]
2026-07-24 19:15:49,426 - sflow.task.server_8 - INFO - 6:
2026-07-24 19:15:49,426 - sflow.task.server_8 - INFO - Loading weights:  87%|████████▋ | 1267/1458 [01:00<00:07, 24.01it/s]
2026-07-24 19:15:49,426 - sflow.task.server_8 - INFO - 4:
2026-07-24 19:15:49,426 - sflow.task.server_8 - INFO - Loading weights:  87%|████████▋ | 1268/1458 [01:00<00:06, 27.73it/s]
2026-07-24 19:15:49,426 - sflow.task.server_8 - INFO - 7:
2026-07-24 19:15:49,426 - sflow.task.server_8 - INFO - Loading weights:  86%|████████▌ | 1254/1458 [01:00<00:11, 17.23it/s]
2026-07-24 19:15:49,579 - sflow.task.server_8 - INFO - 5:
2026-07-24 19:15:49,579 - sflow.task.server_8 - INFO - Loading weights:  87%|████████▋ | 1275/1458 [01:00<00:06, 29.20it/s]
2026-07-24 19:15:49,579 - sflow.task.server_8 - INFO - 6:
2026-07-24 19:15:49,579 - sflow.task.server_8 - INFO - Loading weights:  87%|████████▋ | 1273/1458 [01:00<00:06, 27.63it/s]
2026-07-24 19:15:49,579 - sflow.task.server_8 - INFO - 7:
2026-07-24 19:15:49,579 - sflow.task.server_8 - INFO - Loading weights:  86%|████████▋ | 1261/1458 [01:00<00:08, 22.53it/s]
2026-07-24 19:15:49,579 - sflow.task.server_8 - INFO - 4:
2026-07-24 19:15:49,579 - sflow.task.server_8 - INFO - Loading weights:  87%|████████▋ | 1275/1458 [01:00<00:05, 32.33it/s]
2026-07-24 19:15:49,680 - sflow.task.server_8 - INFO - 7:
2026-07-24 19:15:49,680 - sflow.task.server_8 - INFO - Loading weights:  87%|████████▋ | 1270/1458 [01:00<00:06, 30.61it/s]
2026-07-24 19:15:49,783 - sflow.task.server_8 - INFO - 1:
2026-07-24 19:15:49,783 - sflow.task.server_8 - INFO - Loading weights:  98%|█████████▊| 1424/1458 [01:04<00:01, 25.13it/s]
2026-07-24 19:15:49,884 - sflow.task.server_8 - INFO - 1:
2026-07-24 19:15:49,884 - sflow.task.server_8 - INFO - Loading weights:  98%|█████████▊| 1436/1458 [01:04<00:00, 35.65it/s]
2026-07-24 19:15:50,291 - sflow.task.server_8 - INFO - 6:
2026-07-24 19:15:50,291 - sflow.task.server_8 - INFO - Loading weights:  88%|████████▊ | 1279/1458 [01:01<00:10, 16.92it/s]
2026-07-24 19:15:50,342 - sflow.task.server_8 - INFO - 5:
2026-07-24 19:15:50,343 - sflow.task.server_8 - INFO - Loading weights:  88%|████████▊ | 1281/1458 [01:01<00:10, 16.54it/s]
2026-07-24 19:15:50,394 - sflow.task.server_8 - INFO - 4:
2026-07-24 19:15:50,394 - sflow.task.server_8 - INFO - Loading weights:  88%|████████▊ | 1280/1458 [01:01<00:10, 16.21it/s]
2026-07-24 19:15:50,445 - sflow.task.server_8 - INFO - 6:
2026-07-24 19:15:50,445 - sflow.task.server_8 - INFO - Loading weights:  88%|████████▊ | 1283/1458 [01:01<00:09, 18.55it/s]
2026-07-24 19:15:50,445 - sflow.task.server_8 - INFO - 5:
2026-07-24 19:15:50,445 - sflow.task.server_8 - INFO - Loading weights:  89%|████████▊ | 1291/1458 [01:01<00:06, 24.18it/s]
2026-07-24 19:15:50,496 - sflow.task.server_8 - INFO - 7:
2026-07-24 19:15:50,496 - sflow.task.server_8 - INFO - Loading weights:  88%|████████▊ | 1278/1458 [01:01<00:09, 18.62it/s]
2026-07-24 19:15:50,496 - sflow.task.server_8 - INFO - 4:
2026-07-24 19:15:50,496 - sflow.task.server_8 - INFO - Loading weights:  89%|████████▊ | 1291/1458 [01:01<00:06, 25.37it/s]
2026-07-24 19:15:50,547 - sflow.task.server_8 - INFO - 6:
2026-07-24 19:15:50,547 - sflow.task.server_8 - INFO - Loading weights:  89%|████████▊ | 1292/1458 [01:01<00:06, 26.85it/s]
2026-07-24 19:15:50,547 - sflow.task.server_8 - INFO - 1:
2026-07-24 19:15:50,547 - sflow.task.server_8 - INFO - Loading weights:  99%|█████████▉| 1446/1458 [01:05<00:00, 25.20it/s]
2026-07-24 19:15:50,598 - sflow.task.server_8 - INFO - 7:
2026-07-24 19:15:50,598 - sflow.task.server_8 - INFO - Loading weights:  88%|████████▊ | 1282/1458 [01:01<00:08, 20.27it/s]
2026-07-24 19:15:50,650 - sflow.task.server_8 - INFO - 4:
2026-07-24 19:15:50,650 - sflow.task.server_8 - INFO - Loading weights:  89%|████████▉ | 1297/1458 [01:01<00:05, 27.75it/s]
2026-07-24 19:15:50,650 - sflow.task.server_8 - INFO - 5:
2026-07-24 19:15:50,650 - sflow.task.server_8 - INFO - Loading weights:  89%|████████▉ | 1297/1458 [01:01<00:06, 25.84it/s]
2026-07-24 19:15:50,650 - sflow.task.server_8 - INFO - 6:
2026-07-24 19:15:50,650 - sflow.task.server_8 - INFO - Loading weights:  89%|████████▉ | 1298/1458 [01:01<00:05, 31.41it/s]
2026-07-24 19:15:50,650 - sflow.task.server_8 - INFO - 1:
2026-07-24 19:15:50,650 - sflow.task.server_8 - INFO - Loading weights: 100%|█████████▉| 1454/1458 [01:05<00:00, 30.25it/s]
2026-07-24 19:15:50,701 - sflow.task.server_8 - INFO - 7:
2026-07-24 19:15:50,701 - sflow.task.server_8 - INFO - Loading weights:  89%|████████▊ | 1292/1458 [01:01<00:05, 29.37it/s]
2026-07-24 19:15:50,803 - sflow.task.server_8 - INFO - 7:
2026-07-24 19:15:50,803 - sflow.task.server_8 - INFO - Loading weights:  89%|████████▉ | 1298/1458 [01:02<00:04, 33.21it/s]
2026-07-24 19:15:51,007 - sflow.task.server_8 - INFO - 1:
2026-07-24 19:15:51,007 - sflow.task.server_8 - INFO - Loading weights: 100%|██████████| 1458/1458 [01:05<00:00, 22.10it/s]
2026-07-24 19:15:51,365 - sflow.task.server_8 - INFO - 5:
2026-07-24 19:15:51,365 - sflow.task.server_8 - INFO - Loading weights:  89%|████████▉ | 1302/1458 [01:02<00:09, 15.82it/s]
2026-07-24 19:15:51,365 - sflow.task.server_8 - INFO - 4:
2026-07-24 19:15:51,366 - sflow.task.server_8 - INFO - Loading weights:  89%|████████▉ | 1302/1458 [01:02<00:09, 16.33it/s]
2026-07-24 19:15:51,417 - sflow.task.server_8 - INFO - 6:
2026-07-24 19:15:51,417 - sflow.task.server_8 - INFO - Loading weights:  89%|████████▉ | 1304/1458 [01:02<00:09, 16.71it/s]
2026-07-24 19:15:51,467 - sflow.task.server_8 - INFO - 5:
2026-07-24 19:15:51,467 - sflow.task.server_8 - INFO - Loading weights:  90%|████████▉ | 1306/1458 [01:02<00:08, 18.01it/s]
2026-07-24 19:15:51,467 - sflow.task.server_8 - INFO - 4:
2026-07-24 19:15:51,467 - sflow.task.server_8 - INFO - Loading weights:  90%|████████▉ | 1306/1458 [01:02<00:08, 18.57it/s]
2026-07-24 19:15:51,518 - sflow.task.server_8 - INFO - 6:
2026-07-24 19:15:51,518 - sflow.task.server_8 - INFO - Loading weights:  90%|████████▉ | 1310/1458 [01:02<00:07, 20.96it/s]
2026-07-24 19:15:51,620 - sflow.task.server_8 - INFO - 4:
2026-07-24 19:15:51,620 - sflow.task.server_8 - INFO - Loading weights:  90%|█████████ | 1316/1458 [01:02<00:05, 27.05it/s]
2026-07-24 19:15:51,620 - sflow.task.server_8 - INFO - 5:
2026-07-24 19:15:51,620 - sflow.task.server_8 - INFO - Loading weights:  90%|█████████ | 1316/1458 [01:02<00:05, 26.37it/s]
2026-07-24 19:15:51,620 - sflow.task.server_8 - INFO - 7:
2026-07-24 19:15:51,620 - sflow.task.server_8 - INFO - Loading weights:  89%|████████▉ | 1304/1458 [01:02<00:08, 17.27it/s]
2026-07-24 19:15:51,671 - sflow.task.server_8 - INFO - 6:
2026-07-24 19:15:51,671 - sflow.task.server_8 - INFO - Loading weights:  90%|█████████ | 1318/1458 [01:02<00:05, 27.86it/s]
2026-07-24 19:15:51,671 - sflow.task.server_8 - INFO - 1: [TensorRT-LLM][INFO] Max KV cache blocks per sequence: 724 [window size=23141], tokens per block=32, primary blocks=1234, secondary blocks=0, max sequence length=23141
2026-07-24 19:15:51,723 - sflow.task.server_8 - INFO - 4:
2026-07-24 19:15:51,723 - sflow.task.server_8 - INFO - Loading weights:  91%|█████████ | 1321/1458 [01:02<00:04, 29.08it/s]
2026-07-24 19:15:51,723 - sflow.task.server_8 - INFO - 5:
2026-07-24 19:15:51,723 - sflow.task.server_8 - INFO - Loading weights:  91%|█████████ | 1321/1458 [01:02<00:04, 28.48it/s]
2026-07-24 19:15:51,723 - sflow.task.server_8 - INFO - 7:
2026-07-24 19:15:51,723 - sflow.task.server_8 - INFO - Loading weights:  90%|█████████ | 1315/1458 [01:02<00:05, 25.94it/s]
2026-07-24 19:15:51,774 - sflow.task.server_8 - INFO - 1: [TensorRT-LLM][INFO] Number of tokens per block: 32.
2026-07-24 19:15:51,774 - sflow.task.server_8 - INFO - 1: [TensorRT-LLM][INFO] [MemUsageChange] Allocated 1.29 GiB for max tokens in paged KV cache (39488).
2026-07-24 19:15:51,774 - sflow.task.server_8 - INFO - 6:
2026-07-24 19:15:51,774 - sflow.task.server_8 - INFO - Loading weights:  91%|█████████ | 1324/1458 [01:03<00:04, 30.88it/s]
2026-07-24 19:15:51,876 - sflow.task.server_8 - INFO - 7:
2026-07-24 19:15:51,876 - sflow.task.server_8 - INFO - Loading weights:  91%|█████████ | 1321/1458 [01:03<00:04, 28.27it/s]
2026-07-24 19:15:52,487 - sflow.task.server_8 - INFO - 5:
2026-07-24 19:15:52,487 - sflow.task.server_8 - INFO - Loading weights:  91%|█████████ | 1326/1458 [01:03<00:08, 15.46it/s]
2026-07-24 19:15:52,487 - sflow.task.server_8 - INFO - 4:
2026-07-24 19:15:52,487 - sflow.task.server_8 - INFO - Loading weights:  91%|█████████ | 1326/1458 [01:03<00:08, 15.59it/s]
2026-07-24 19:15:52,589 - sflow.task.server_8 - INFO - 6:
2026-07-24 19:15:52,589 - sflow.task.server_8 - INFO - Loading weights:  91%|█████████ | 1329/1458 [01:03<00:08, 15.54it/s]
2026-07-24 19:15:52,640 - sflow.task.server_8 - INFO - 4:
2026-07-24 19:15:52,640 - sflow.task.server_8 - INFO - Loading weights:  91%|█████████ | 1330/1458 [01:03<00:07, 17.91it/s]
2026-07-24 19:15:52,640 - sflow.task.server_8 - INFO - 5:
2026-07-24 19:15:52,640 - sflow.task.server_8 - INFO - Loading weights:  91%|█████████ | 1330/1458 [01:03<00:07, 17.58it/s]
2026-07-24 19:15:52,691 - sflow.task.server_8 - INFO - 6:
2026-07-24 19:15:52,691 - sflow.task.server_8 - INFO - Loading weights:  92%|█████████▏| 1339/1458 [01:03<00:04, 23.83it/s]
2026-07-24 19:15:52,742 - sflow.task.server_8 - INFO - 5:
2026-07-24 19:15:52,742 - sflow.task.server_8 - INFO - Loading weights:  92%|█████████▏| 1339/1458 [01:03<00:04, 26.35it/s]
2026-07-24 19:15:52,742 - sflow.task.server_8 - INFO - 4:
2026-07-24 19:15:52,742 - sflow.task.server_8 - INFO - Loading weights:  92%|█████████▏| 1340/1458 [01:03<00:04, 27.03it/s]
2026-07-24 19:15:52,742 - sflow.task.server_8 - INFO - 7:
2026-07-24 19:15:52,742 - sflow.task.server_8 - INFO - Loading weights:  91%|█████████ | 1326/1458 [01:03<00:08, 15.22it/s]
2026-07-24 19:15:52,843 - sflow.task.server_8 - INFO - 4:
2026-07-24 19:15:52,844 - sflow.task.server_8 - INFO - Loading weights:  92%|█████████▏| 1345/1458 [01:04<00:03, 29.65it/s]
2026-07-24 19:15:52,844 - sflow.task.server_8 - INFO - 5:
2026-07-24 19:15:52,844 - sflow.task.server_8 - INFO - Loading weights:  92%|█████████▏| 1345/1458 [01:04<00:03, 29.78it/s]
2026-07-24 19:15:52,844 - sflow.task.server_8 - INFO - 6:
2026-07-24 19:15:52,844 - sflow.task.server_8 - INFO - Loading weights:  92%|█████████▏| 1345/1458 [01:04<00:04, 26.10it/s]
2026-07-24 19:15:52,894 - sflow.task.server_8 - INFO - 7:
2026-07-24 19:15:52,894 - sflow.task.server_8 - INFO - Loading weights:  91%|█████████▏| 1333/1458 [01:04<00:06, 19.78it/s]
2026-07-24 19:15:52,995 - sflow.task.server_8 - INFO - 7:
2026-07-24 19:15:52,995 - sflow.task.server_8 - INFO - Loading weights:  92%|█████████▏| 1343/1458 [01:04<00:04, 28.59it/s]
2026-07-24 19:15:53,098 - sflow.task.server_8 - INFO - 6:
2026-07-24 19:15:53,098 - sflow.task.server_8 - INFO - Loading weights:  93%|█████████▎| 1350/1458 [01:04<00:04, 24.56it/s]
2026-07-24 19:15:53,149 - sflow.task.server_8 - INFO - 4:
2026-07-24 19:15:53,149 - sflow.task.server_8 - INFO - Loading weights:  93%|█████████▎| 1350/1458 [01:04<00:04, 26.01it/s]
2026-07-24 19:15:53,149 - sflow.task.server_8 - INFO - 5:
2026-07-24 19:15:53,149 - sflow.task.server_8 - INFO - Loading weights:  93%|█████████▎| 1350/1458 [01:04<00:04, 26.12it/s]
2026-07-24 19:15:53,251 - sflow.task.server_8 - INFO - 5:
2026-07-24 19:15:53,251 - sflow.task.server_8 - INFO - Loading weights:  93%|█████████▎| 1354/1458 [01:04<00:03, 27.98it/s]
2026-07-24 19:15:53,251 - sflow.task.server_8 - INFO - 4:
2026-07-24 19:15:53,251 - sflow.task.server_8 - INFO - Loading weights:  93%|█████████▎| 1354/1458 [01:04<00:03, 27.90it/s]
2026-07-24 19:15:53,251 - sflow.task.server_8 - INFO - 6:
2026-07-24 19:15:53,251 - sflow.task.server_8 - INFO - Loading weights:  93%|█████████▎| 1355/1458 [01:04<00:03, 27.17it/s]
2026-07-24 19:15:53,251 - sflow.task.server_8 - INFO - 7:
2026-07-24 19:15:53,251 - sflow.task.server_8 - INFO - Loading weights:  93%|█████████▎| 1350/1458 [01:04<00:03, 27.65it/s]
2026-07-24 19:15:53,353 - sflow.task.server_8 - INFO - 4:
2026-07-24 19:15:53,353 - sflow.task.server_8 - INFO - Loading weights:  94%|█████████▎| 1364/1458 [01:04<00:02, 40.33it/s]
2026-07-24 19:15:53,353 - sflow.task.server_8 - INFO - 7:
2026-07-24 19:15:53,353 - sflow.task.server_8 - INFO - Loading weights:  93%|█████████▎| 1355/1458 [01:04<00:03, 30.62it/s]
2026-07-24 19:15:53,353 - sflow.task.server_8 - INFO - 5:
2026-07-24 19:15:53,353 - sflow.task.server_8 - INFO - Loading weights:  94%|█████████▎| 1364/1458 [01:04<00:02, 39.59it/s]
2026-07-24 19:15:53,353 - sflow.task.server_8 - INFO - 6:
2026-07-24 19:15:53,353 - sflow.task.server_8 - INFO - Loading weights:  94%|█████████▎| 1366/1458 [01:04<00:02, 38.87it/s]
2026-07-24 19:15:53,454 - sflow.task.server_8 - INFO - 7:
2026-07-24 19:15:53,454 - sflow.task.server_8 - INFO - Loading weights:  93%|█████████▎| 1363/1458 [01:04<00:02, 38.61it/s]
2026-07-24 19:15:53,454 - sflow.task.server_8 - INFO - 4:
2026-07-24 19:15:53,454 - sflow.task.server_8 - INFO - Loading weights:  94%|█████████▍| 1371/1458 [01:04<00:01, 44.78it/s]
2026-07-24 19:15:53,505 - sflow.task.server_8 - INFO - 5:
2026-07-24 19:15:53,505 - sflow.task.server_8 - INFO - Loading weights:  94%|█████████▍| 1371/1458 [01:04<00:02, 42.88it/s]
2026-07-24 19:15:53,607 - sflow.task.server_8 - INFO - 7:
2026-07-24 19:15:53,608 - sflow.task.server_8 - INFO - Loading weights:  94%|█████████▍| 1369/1458 [01:04<00:02, 39.39it/s]
2026-07-24 19:15:54,166 - sflow.task.server_8 - INFO - 6:
2026-07-24 19:15:54,166 - sflow.task.server_8 - INFO - Loading weights:  94%|█████████▍| 1374/1458 [01:05<00:04, 20.73it/s]
2026-07-24 19:15:54,217 - sflow.task.server_8 - INFO - 5:
2026-07-24 19:15:54,217 - sflow.task.server_8 - INFO - Loading weights:  94%|█████████▍| 1377/1458 [01:05<00:04, 20.01it/s]
2026-07-24 19:15:54,217 - sflow.task.server_8 - INFO - 4:
2026-07-24 19:15:54,217 - sflow.task.server_8 - INFO - Loading weights:  94%|█████████▍| 1377/1458 [01:05<00:04, 19.54it/s]
2026-07-24 19:15:54,268 - sflow.task.server_8 - INFO - 6:
2026-07-24 19:15:54,268 - sflow.task.server_8 - INFO - Loading weights:  95%|█████████▍| 1379/1458 [01:05<00:03, 23.30it/s]
2026-07-24 19:15:54,319 - sflow.task.server_8 - INFO - 7:
2026-07-24 19:15:54,319 - sflow.task.server_8 - INFO - Loading weights:  94%|█████████▍| 1375/1458 [01:05<00:04, 19.33it/s]
2026-07-24 19:15:54,369 - sflow.task.server_8 - INFO - 4:
2026-07-24 19:15:54,369 - sflow.task.server_8 - INFO - Loading weights:  95%|█████████▌| 1387/1458 [01:05<00:02, 28.14it/s]
2026-07-24 19:15:54,369 - sflow.task.server_8 - INFO - 5:
2026-07-24 19:15:54,369 - sflow.task.server_8 - INFO - Loading weights:  95%|█████████▌| 1388/1458 [01:05<00:02, 28.03it/s]
2026-07-24 19:15:54,420 - sflow.task.server_8 - INFO - 6:
2026-07-24 19:15:54,420 - sflow.task.server_8 - INFO - Loading weights:  95%|█████████▌| 1388/1458 [01:05<00:02, 30.37it/s]
2026-07-24 19:15:54,420 - sflow.task.server_8 - INFO - 7:
2026-07-24 19:15:54,420 - sflow.task.server_8 - INFO - Loading weights:  95%|█████████▍| 1379/1458 [01:05<00:03, 21.46it/s]
2026-07-24 19:15:54,520 - sflow.task.server_8 - INFO - 4:
2026-07-24 19:15:54,520 - sflow.task.server_8 - INFO - Loading weights:  96%|█████████▌| 1393/1458 [01:05<00:02, 29.56it/s]
2026-07-24 19:15:54,521 - sflow.task.server_8 - INFO - 5:
2026-07-24 19:15:54,521 - sflow.task.server_8 - INFO - Loading weights:  96%|█████████▌| 1393/1458 [01:05<00:02, 29.73it/s]
2026-07-24 19:15:54,521 - sflow.task.server_8 - INFO - 6:
2026-07-24 19:15:54,521 - sflow.task.server_8 - INFO - Loading weights:  96%|█████████▌| 1393/1458 [01:05<00:02, 32.42it/s]
2026-07-24 19:15:54,572 - sflow.task.server_8 - INFO - 7:
2026-07-24 19:15:54,572 - sflow.task.server_8 - INFO - Loading weights:  95%|█████████▌| 1388/1458 [01:05<00:02, 29.27it/s]
2026-07-24 19:15:54,674 - sflow.task.server_8 - INFO - 7:
2026-07-24 19:15:54,674 - sflow.task.server_8 - INFO - Loading weights:  96%|█████████▌| 1395/1458 [01:05<00:01, 34.78it/s]
2026-07-24 19:15:55,235 - sflow.task.server_8 - INFO - 4:
2026-07-24 19:15:55,235 - sflow.task.server_8 - INFO - Loading weights:  96%|█████████▌| 1398/1458 [01:06<00:03, 16.94it/s]
2026-07-24 19:15:55,235 - sflow.task.server_8 - INFO - 6:
2026-07-24 19:15:55,235 - sflow.task.server_8 - INFO - Loading weights:  96%|█████████▌| 1398/1458 [01:06<00:03, 17.21it/s]
2026-07-24 19:15:55,235 - sflow.task.server_8 - INFO - 5:
2026-07-24 19:15:55,235 - sflow.task.server_8 - INFO - Loading weights:  96%|█████████▌| 1398/1458 [01:06<00:03, 16.62it/s]
2026-07-24 19:15:55,337 - sflow.task.server_8 - INFO - 4:
2026-07-24 19:15:55,337 - sflow.task.server_8 - INFO - Loading weights:  96%|█████████▌| 1402/1458 [01:06<00:02, 19.09it/s]
2026-07-24 19:15:55,388 - sflow.task.server_8 - INFO - 5:
2026-07-24 19:15:55,388 - sflow.task.server_8 - INFO - Loading weights:  96%|█████████▌| 1402/1458 [01:06<00:02, 18.72it/s]
2026-07-24 19:15:55,388 - sflow.task.server_8 - INFO - 6:
2026-07-24 19:15:55,388 - sflow.task.server_8 - INFO - Loading weights:  96%|█████████▌| 1402/1458 [01:06<00:02, 18.84it/s]
2026-07-24 19:15:55,439 - sflow.task.server_8 - INFO - 7:
2026-07-24 19:15:55,439 - sflow.task.server_8 - INFO - Loading weights:  96%|█████████▌| 1401/1458 [01:06<00:03, 18.36it/s]
2026-07-24 19:15:55,439 - sflow.task.server_8 - INFO - 4:
2026-07-24 19:15:55,439 - sflow.task.server_8 - INFO - Loading weights:  97%|█████████▋| 1411/1458 [01:06<00:01, 27.57it/s]
2026-07-24 19:15:55,490 - sflow.task.server_8 - INFO - 5:
2026-07-24 19:15:55,490 - sflow.task.server_8 - INFO - Loading weights:  97%|█████████▋| 1412/1458 [01:06<00:01, 27.54it/s]
2026-07-24 19:15:55,490 - sflow.task.server_8 - INFO - 6:
2026-07-24 19:15:55,490 - sflow.task.server_8 - INFO - Loading weights:  97%|█████████▋| 1412/1458 [01:06<00:01, 28.18it/s]
2026-07-24 19:15:55,540 - sflow.task.server_8 - INFO - 7:
2026-07-24 19:15:55,540 - sflow.task.server_8 - INFO - Loading weights:  97%|█████████▋| 1412/1458 [01:06<00:01, 27.24it/s]
2026-07-24 19:15:55,642 - sflow.task.server_8 - INFO - 6:
2026-07-24 19:15:55,642 - sflow.task.server_8 - INFO - Loading weights:  97%|█████████▋| 1417/1458 [01:06<00:01, 30.13it/s]
2026-07-24 19:15:55,642 - sflow.task.server_8 - INFO - 4:
2026-07-24 19:15:55,642 - sflow.task.server_8 - INFO - Loading weights:  97%|█████████▋| 1417/1458 [01:06<00:01, 28.92it/s]
2026-07-24 19:15:55,642 - sflow.task.server_8 - INFO - 5:
2026-07-24 19:15:55,642 - sflow.task.server_8 - INFO - Loading weights:  97%|█████████▋| 1417/1458 [01:06<00:01, 29.51it/s]
2026-07-24 19:15:55,693 - sflow.task.server_8 - INFO - 7:
2026-07-24 19:15:55,693 - sflow.task.server_8 - INFO - Loading weights:  97%|█████████▋| 1419/1458 [01:06<00:01, 31.60it/s]
2026-07-24 19:15:55,897 - sflow.task.server_8 - INFO - 6:
2026-07-24 19:15:55,897 - sflow.task.server_8 - INFO - Loading weights:  98%|█████████▊| 1422/1458 [01:07<00:01, 26.95it/s]
2026-07-24 19:15:55,897 - sflow.task.server_8 - INFO - 5:
2026-07-24 19:15:55,897 - sflow.task.server_8 - INFO - Loading weights:  98%|█████████▊| 1422/1458 [01:07<00:01, 25.96it/s]
2026-07-24 19:15:55,897 - sflow.task.server_8 - INFO - 4:
2026-07-24 19:15:55,897 - sflow.task.server_8 - INFO - Loading weights:  98%|█████████▊| 1422/1458 [01:07<00:01, 25.42it/s]
2026-07-24 19:15:55,998 - sflow.task.server_8 - INFO - 6:
2026-07-24 19:15:55,998 - sflow.task.server_8 - INFO - Loading weights:  98%|█████████▊| 1426/1458 [01:07<00:01, 28.45it/s]
2026-07-24 19:15:55,998 - sflow.task.server_8 - INFO - 7:
2026-07-24 19:15:55,998 - sflow.task.server_8 - INFO - Loading weights:  98%|█████████▊| 1425/1458 [01:07<00:01, 27.22it/s]
2026-07-24 19:15:55,998 - sflow.task.server_8 - INFO - 4:
2026-07-24 19:15:55,998 - sflow.task.server_8 - INFO - Loading weights:  98%|█████████▊| 1426/1458 [01:07<00:01, 27.44it/s]
2026-07-24 19:15:55,998 - sflow.task.server_8 - INFO - 5:
2026-07-24 19:15:55,998 - sflow.task.server_8 - INFO - Loading weights:  98%|█████████▊| 1429/1458 [01:07<00:00, 32.11it/s]
2026-07-24 19:15:56,099 - sflow.task.server_8 - INFO - 5:
2026-07-24 19:15:56,099 - sflow.task.server_8 - INFO - Loading weights:  98%|█████████▊| 1436/1458 [01:07<00:00, 38.74it/s]
2026-07-24 19:15:56,099 - sflow.task.server_8 - INFO - 6:
2026-07-24 19:15:56,099 - sflow.task.server_8 - INFO - Loading weights:  98%|█████████▊| 1436/1458 [01:07<00:00, 40.04it/s]
2026-07-24 19:15:56,150 - sflow.task.server_8 - INFO - 7:
2026-07-24 19:15:56,150 - sflow.task.server_8 - INFO - Loading weights:  98%|█████████▊| 1435/1458 [01:07<00:00, 35.80it/s]
2026-07-24 19:15:56,150 - sflow.task.server_8 - INFO - 4:
2026-07-24 19:15:56,150 - sflow.task.server_8 - INFO - Loading weights:  98%|█████████▊| 1436/1458 [01:07<00:00, 38.45it/s]
2026-07-24 19:15:56,252 - sflow.task.server_8 - INFO - 4:
2026-07-24 19:15:56,252 - sflow.task.server_8 - INFO - Loading weights:  99%|█████████▉| 1441/1458 [01:07<00:00, 40.08it/s]
2026-07-24 19:15:56,252 - sflow.task.server_8 - INFO - 5:
2026-07-24 19:15:56,252 - sflow.task.server_8 - INFO - Loading weights:  99%|█████████▉| 1442/1458 [01:07<00:00, 40.59it/s]
2026-07-24 19:15:56,252 - sflow.task.server_8 - INFO - 6:
2026-07-24 19:15:56,252 - sflow.task.server_8 - INFO - Loading weights:  99%|█████████▉| 1442/1458 [01:07<00:00, 41.58it/s]
2026-07-24 19:15:56,252 - sflow.task.server_8 - INFO - 7:
2026-07-24 19:15:56,252 - sflow.task.server_8 - INFO - Loading weights:  99%|█████████▉| 1441/1458 [01:07<00:00, 37.82it/s]
2026-07-24 19:15:56,916 - sflow.task.server_8 - INFO - 4:
2026-07-24 19:15:56,916 - sflow.task.server_8 - INFO - Loading weights:  99%|█████████▉| 1446/1458 [01:08<00:00, 18.82it/s]
2026-07-24 19:15:56,916 - sflow.task.server_8 - INFO - 5:
2026-07-24 19:15:56,916 - sflow.task.server_8 - INFO - Loading weights:  99%|█████████▉| 1447/1458 [01:08<00:00, 18.90it/s]
2026-07-24 19:15:56,967 - sflow.task.server_8 - INFO - 7:
2026-07-24 19:15:56,967 - sflow.task.server_8 - INFO - Loading weights:  99%|█████████▉| 1447/1458 [01:08<00:00, 20.08it/s]
2026-07-24 19:15:56,967 - sflow.task.server_8 - INFO - 6:
2026-07-24 19:15:56,967 - sflow.task.server_8 - INFO - Loading weights:  99%|█████████▉| 1447/1458 [01:08<00:00, 18.21it/s]
2026-07-24 19:15:57,018 - sflow.task.server_8 - INFO - 4:
2026-07-24 19:15:57,018 - sflow.task.server_8 - INFO - Loading weights:  99%|█████████▉| 1450/1458 [01:08<00:00, 21.23it/s]
2026-07-24 19:15:57,018 - sflow.task.server_8 - INFO - 5:
2026-07-24 19:15:57,018 - sflow.task.server_8 - INFO - Loading weights: 100%|█████████▉| 1451/1458 [01:08<00:00, 21.28it/s]
2026-07-24 19:15:57,070 - sflow.task.server_8 - INFO - 7:
2026-07-24 19:15:57,070 - sflow.task.server_8 - INFO - Loading weights: 100%|█████████▉| 1451/1458 [01:08<00:00, 21.84it/s]
2026-07-24 19:15:57,121 - sflow.task.server_8 - INFO - 6:
2026-07-24 19:15:57,121 - sflow.task.server_8 - INFO - Loading weights: 100%|█████████▉| 1453/1458 [01:08<00:00, 22.41it/s]
2026-07-24 19:15:58,396 - sflow.task.server_8 - INFO - 7:
2026-07-24 19:15:58,396 - sflow.task.server_8 - INFO - Loading weights: 100%|█████████▉| 1456/1458 [01:09<00:00,  9.67it/s]
2026-07-24 19:15:58,396 - sflow.task.server_8 - INFO - 7:
2026-07-24 19:15:58,396 - sflow.task.server_8 - INFO - Loading weights: 100%|██████████| 1458/1458 [01:09<00:00, 20.93it/s]
2026-07-24 19:15:58,396 - sflow.task.server_8 - INFO - 5:
2026-07-24 19:15:58,396 - sflow.task.server_8 - INFO - Loading weights: 100%|█████████▉| 1456/1458 [01:09<00:00,  8.89it/s]
2026-07-24 19:15:58,396 - sflow.task.server_8 - INFO - 5:
2026-07-24 19:15:58,396 - sflow.task.server_8 - INFO - Loading weights: 100%|██████████| 1458/1458 [01:09<00:00, 20.94it/s]
2026-07-24 19:15:58,396 - sflow.task.server_8 - INFO - 4:
2026-07-24 19:15:58,396 - sflow.task.server_8 - INFO - Loading weights: 100%|█████████▉| 1456/1458 [01:09<00:00,  9.33it/s]
2026-07-24 19:15:58,396 - sflow.task.server_8 - INFO - 4:
2026-07-24 19:15:58,396 - sflow.task.server_8 - INFO - Loading weights: 100%|██████████| 1458/1458 [01:09<00:00, 20.94it/s]
2026-07-24 19:15:58,396 - sflow.task.server_8 - INFO - 6:
2026-07-24 19:15:58,396 - sflow.task.server_8 - INFO - Loading weights: 100%|██████████| 1458/1458 [01:09<00:00,  9.87it/s]
2026-07-24 19:15:58,396 - sflow.task.server_8 - INFO - 6:
2026-07-24 19:15:58,396 - sflow.task.server_8 - INFO - Loading weights: 100%|██████████| 1458/1458 [01:09<00:00, 20.93it/s]
2026-07-24 19:15:59,007 - sflow.task.server_8 - INFO - 7: [TensorRT-LLM][INFO] Max KV cache blocks per sequence: 724 [window size=23141], tokens per block=32, primary blocks=1234, secondary blocks=0, max sequence length=23141
2026-07-24 19:15:59,109 - sflow.task.server_8 - INFO - 7: [TensorRT-LLM][INFO] Number of tokens per block: 32.
2026-07-24 19:15:59,109 - sflow.task.server_8 - INFO - 7: [TensorRT-LLM][INFO] [MemUsageChange] Allocated 1.29 GiB for max tokens in paged KV cache (39488).
2026-07-24 19:15:59,109 - sflow.task.server_8 - INFO - 6: [TensorRT-LLM][INFO] Max KV cache blocks per sequence: 724 [window size=23141], tokens per block=32, primary blocks=1234, secondary blocks=0, max sequence length=23141
2026-07-24 19:15:59,262 - sflow.task.server_8 - INFO - 6: [TensorRT-LLM][INFO] Number of tokens per block: 32.
2026-07-24 19:15:59,262 - sflow.task.server_8 - INFO - 6: [TensorRT-LLM][INFO] [MemUsageChange] Allocated 1.29 GiB for max tokens in paged KV cache (39488).
2026-07-24 19:15:59,262 - sflow.task.server_8 - INFO - 4: [TensorRT-LLM][INFO] Max KV cache blocks per sequence: 724 [window size=23141], tokens per block=32, primary blocks=1234, secondary blocks=0, max sequence length=23141
2026-07-24 19:15:59,364 - sflow.task.server_8 - INFO - 4: [TensorRT-LLM][INFO] Number of tokens per block: 32.
2026-07-24 19:15:59,364 - sflow.task.server_8 - INFO - 4: [TensorRT-LLM][INFO] [MemUsageChange] Allocated 1.29 GiB for max tokens in paged KV cache (39488).
2026-07-24 19:15:59,364 - sflow.task.server_8 - INFO - 5: [TensorRT-LLM][INFO] Max KV cache blocks per sequence: 724 [window size=23141], tokens per block=32, primary blocks=1234, secondary blocks=0, max sequence length=23141
2026-07-24 19:15:59,466 - sflow.task.server_8 - INFO - 5: [TensorRT-LLM][INFO] Number of tokens per block: 32.
2026-07-24 19:15:59,466 - sflow.task.server_8 - INFO - 5: [TensorRT-LLM][INFO] [MemUsageChange] Allocated 1.29 GiB for max tokens in paged KV cache (39488).
2026-07-24 19:15:59,466 - sflow.task.server_8 - INFO - 7: [TensorRT-LLM][INFO] CacheTransBufferManager: mMaxNumTokens:0, mRecvBufferCount:1, mSendBufferCount:1,mTransferBufferSize:536870912, mPreAllocBufferSize:1073741824,mOnlyUseDynamicBuffer:0 mUseFabricMemory:1 mDataType:6
2026-07-24 19:15:59,466 - sflow.task.server_8 - INFO - 4: [TensorRT-LLM][INFO] CacheTransBufferManager: mMaxNumTokens:0, mRecvBufferCount:1, mSendBufferCount:1,mTransferBufferSize:536870912, mPreAllocBufferSize:1073741824,mOnlyUseDynamicBuffer:0 mUseFabricMemory:1 mDataType:6
2026-07-24 19:15:59,466 - sflow.task.server_8 - INFO - 2: [TensorRT-LLM][INFO] CacheTransBufferManager: mMaxNumTokens:0, mRecvBufferCount:1, mSendBufferCount:1,mTransferBufferSize:536870912, mPreAllocBufferSize:1073741824,mOnlyUseDynamicBuffer:0 mUseFabricMemory:1 mDataType:6
2026-07-24 19:15:59,466 - sflow.task.server_8 - INFO - 1: [TensorRT-LLM][INFO] CacheTransBufferManager: mMaxNumTokens:0, mRecvBufferCount:1, mSendBufferCount:1,mTransferBufferSize:536870912, mPreAllocBufferSize:1073741824,mOnlyUseDynamicBuffer:0 mUseFabricMemory:1 mDataType:6
2026-07-24 19:15:59,466 - sflow.task.server_8 - INFO - 0: [TensorRT-LLM][INFO] CacheTransBufferManager: mMaxNumTokens:0, mRecvBufferCount:1, mSendBufferCount:1,mTransferBufferSize:536870912, mPreAllocBufferSize:1073741824,mOnlyUseDynamicBuffer:0 mUseFabricMemory:1 mDataType:6
2026-07-24 19:15:59,466 - sflow.task.server_8 - INFO - 3: [TensorRT-LLM][INFO] CacheTransBufferManager: mMaxNumTokens:0, mRecvBufferCount:1, mSendBufferCount:1,mTransferBufferSize:536870912, mPreAllocBufferSize:1073741824,mOnlyUseDynamicBuffer:0 mUseFabricMemory:1 mDataType:6
2026-07-24 19:15:59,568 - sflow.task.server_8 - INFO - 6: [TensorRT-LLM][INFO] CacheTransBufferManager: mMaxNumTokens:0, mRecvBufferCount:1, mSendBufferCount:1,mTransferBufferSize:536870912, mPreAllocBufferSize:1073741824,mOnlyUseDynamicBuffer:0 mUseFabricMemory:1 mDataType:6
2026-07-24 19:15:59,568 - sflow.task.server_8 - INFO - 5: [TensorRT-LLM][INFO] CacheTransBufferManager: mMaxNumTokens:0, mRecvBufferCount:1, mSendBufferCount:1,mTransferBufferSize:536870912, mPreAllocBufferSize:1073741824,mOnlyUseDynamicBuffer:0 mUseFabricMemory:1 mDataType:6
2026-07-24 19:15:59,823 - sflow.task.server_8 - INFO - 4: [TensorRT-LLM][INFO] dlopen: libtensorrt_llm_nixl_wrapper.so
2026-07-24 19:15:59,823 - sflow.task.server_8 - INFO - 6: [TensorRT-LLM][INFO] dlopen: libtensorrt_llm_nixl_wrapper.so
2026-07-24 19:15:59,823 - sflow.task.server_8 - INFO - 5: [TensorRT-LLM][INFO] dlopen: libtensorrt_llm_nixl_wrapper.so
2026-07-24 19:15:59,823 - sflow.task.server_8 - INFO - 7: [TensorRT-LLM][INFO] dlopen: libtensorrt_llm_nixl_wrapper.so
2026-07-24 19:15:59,823 - sflow.task.server_8 - INFO - 7: [TensorRT-LLM][INFO] NixlTransferAgent::NixlTransferAgent using NIXL backend: UCX
2026-07-24 19:15:59,823 - sflow.task.server_8 - INFO - 6: [TensorRT-LLM][INFO] NixlTransferAgent::NixlTransferAgent using NIXL backend: UCX
2026-07-24 19:15:59,823 - sflow.task.server_8 - INFO - 5: [TensorRT-LLM][INFO] NixlTransferAgent::NixlTransferAgent using NIXL backend: UCX
2026-07-24 19:15:59,823 - sflow.task.server_8 - INFO - 4: [TensorRT-LLM][INFO] NixlTransferAgent::NixlTransferAgent using NIXL backend: UCX
2026-07-24 19:15:59,874 - sflow.task.server_8 - INFO - 0: [TensorRT-LLM][INFO] dlopen: libtensorrt_llm_nixl_wrapper.so
2026-07-24 19:15:59,874 - sflow.task.server_8 - INFO - 2: [TensorRT-LLM][INFO] dlopen: libtensorrt_llm_nixl_wrapper.so
2026-07-24 19:15:59,874 - sflow.task.server_8 - INFO - 3: [TensorRT-LLM][INFO] dlopen: libtensorrt_llm_nixl_wrapper.so
2026-07-24 19:15:59,874 - sflow.task.server_8 - INFO - 0: [TensorRT-LLM][INFO] NixlTransferAgent::NixlTransferAgent using NIXL backend: UCX
2026-07-24 19:15:59,874 - sflow.task.server_8 - INFO - 3: [TensorRT-LLM][INFO] NixlTransferAgent::NixlTransferAgent using NIXL backend: UCX
2026-07-24 19:15:59,874 - sflow.task.server_8 - INFO - 2: [TensorRT-LLM][INFO] NixlTransferAgent::NixlTransferAgent using NIXL backend: UCX
2026-07-24 19:15:59,925 - sflow.task.server_8 - INFO - 1: [TensorRT-LLM][INFO] dlopen: libtensorrt_llm_nixl_wrapper.so
2026-07-24 19:15:59,925 - sflow.task.server_8 - INFO - 1: [TensorRT-LLM][INFO] NixlTransferAgent::NixlTransferAgent using NIXL backend: UCX
2026-07-24 19:16:00,129 - sflow.task.server_8 - INFO - 2: [TensorRT-LLM][INFO] NixlTransferAgent::NixlTransferAgent mAddress: 10.128.0.36:56839
2026-07-24 19:16:00,129 - sflow.task.server_8 - INFO - 3: [TensorRT-LLM][INFO] NixlTransferAgent::NixlTransferAgent mAddress: 10.128.0.36:59573
2026-07-24 19:16:00,129 - sflow.task.server_8 - INFO - 0: [TensorRT-LLM][INFO] NixlTransferAgent::NixlTransferAgent mAddress: 10.128.0.36:34161
2026-07-24 19:16:00,180 - sflow.task.server_8 - INFO - 6: [TensorRT-LLM][INFO] NixlTransferAgent::NixlTransferAgent mAddress: 10.128.0.51:44059
2026-07-24 19:16:00,180 - sflow.task.server_8 - INFO - 7: [TensorRT-LLM][INFO] NixlTransferAgent::NixlTransferAgent mAddress: 10.128.0.51:47089
2026-07-24 19:16:00,180 - sflow.task.server_8 - INFO - 4: [TensorRT-LLM][INFO] NixlTransferAgent::NixlTransferAgent mAddress: 10.128.0.51:37931
2026-07-24 19:16:00,180 - sflow.task.server_8 - INFO - 5: [TensorRT-LLM][INFO] NixlTransferAgent::NixlTransferAgent mAddress: 10.128.0.51:51123
2026-07-24 19:16:00,180 - sflow.task.server_8 - INFO - 1: [TensorRT-LLM][INFO] NixlTransferAgent::NixlTransferAgent mAddress: 10.128.0.36:38067
2026-07-24 19:16:00,180 - sflow.task.server_8 - INFO - 5: [TensorRT-LLM][INFO] NIXL Connection Manager created
2026-07-24 19:16:00,180 - sflow.task.server_8 - INFO - 1: [TensorRT-LLM][INFO] NIXL Connection Manager created
2026-07-24 19:16:00,180 - sflow.task.server_8 - INFO - 0: [TensorRT-LLM][INFO] NIXL Connection Manager created
2026-07-24 19:16:00,180 - sflow.task.server_8 - INFO - 6: [TensorRT-LLM][INFO] NIXL Connection Manager created
2026-07-24 19:16:00,180 - sflow.task.server_8 - INFO - 2: [TensorRT-LLM][INFO] NIXL Connection Manager created
2026-07-24 19:16:00,180 - sflow.task.server_8 - INFO - 4: [TensorRT-LLM][INFO] NIXL Connection Manager created
2026-07-24 19:16:00,180 - sflow.task.server_8 - INFO - 3: [TensorRT-LLM][INFO] NIXL Connection Manager created
2026-07-24 19:16:00,180 - sflow.task.server_8 - INFO - 7: [TensorRT-LLM][INFO] NIXL Connection Manager created
2026-07-24 19:16:00,180 - sflow.task.server_8 - INFO - 0: [07/24/2026-19:16:00] [TRT-LLM] [RANK 0] [I] [PyExecutor] execution_stream initialized: <torch.cuda.Stream device=cuda:0 cuda_stream=0xf46899ff6b80>.
2026-07-24 19:16:00,180 - sflow.task.server_8 - INFO - 0: [07/24/2026-19:16:00] [TRT-LLM] [RANK 0] [I] Running autotuner warmup...
2026-07-24 19:16:00,180 - sflow.task.server_8 - INFO - 0: [07/24/2026-19:16:00] [TRT-LLM] [RANK 0] [I] [Autotuner] Autotuning process starts ...
2026-07-24 19:16:00,282 - sflow.task.server_8 - INFO - 6: Model init total -- 208.25s
2026-07-24 19:16:00,283 - sflow.task.server_8 - INFO - 7: Model init total -- 208.56s
2026-07-24 19:16:00,283 - sflow.task.server_8 - INFO - 5: Model init total -- 208.58s
2026-07-24 19:16:00,283 - sflow.task.server_8 - INFO - 4: Model init total -- 207.97s
2026-07-24 19:16:00,283 - sflow.task.server_8 - INFO - 1: Model init total -- 201.04s
2026-07-24 19:16:00,283 - sflow.task.server_8 - INFO - 2: Model init total -- 196.33s
2026-07-24 19:16:00,283 - sflow.task.server_8 - INFO - 3: Model init total -- 196.56s
2026-07-24 19:16:16,397 - sflow.task.server_8 - INFO - 4: [TensorRT-LLM][WARNING] Attention workspace size is not enough, increase the size from 0 bytes to 769755136 bytes
2026-07-24 19:16:16,448 - sflow.task.server_8 - INFO - 5: [TensorRT-LLM][WARNING] Attention workspace size is not enough, increase the size from 0 bytes to 769755136 bytes
2026-07-24 19:16:16,601 - sflow.task.server_8 - INFO - 6: [TensorRT-LLM][WARNING] Attention workspace size is not enough, increase the size from 0 bytes to 769755136 bytes
2026-07-24 19:16:16,652 - sflow.task.server_8 - INFO - 2: [TensorRT-LLM][WARNING] Attention workspace size is not enough, increase the size from 0 bytes to 769755136 bytes
2026-07-24 19:16:16,652 - sflow.task.server_8 - INFO - 7: [TensorRT-LLM][WARNING] Attention workspace size is not enough, increase the size from 0 bytes to 769755136 bytes
2026-07-24 19:16:16,702 - sflow.task.server_8 - INFO - 3: [TensorRT-LLM][WARNING] Attention workspace size is not enough, increase the size from 0 bytes to 769755136 bytes
2026-07-24 19:16:16,906 - sflow.task.server_8 - INFO - 0: [TensorRT-LLM][WARNING] Attention workspace size is not enough, increase the size from 0 bytes to 769755136 bytes
2026-07-24 19:16:18,073 - sflow.task.server_8 - INFO - 1: [TensorRT-LLM][WARNING] Attention workspace size is not enough, increase the size from 0 bytes to 769755136 bytes
2026-07-24 19:17:06,697 - sflow.task.server_8 - INFO - 0: [07/24/2026-19:17:06] [TRT-LLM] [RANK 0] [I] [Autotuner] Autotuning process ends
2026-07-24 19:17:06,697 - sflow.task.server_8 - INFO - 0: [07/24/2026-19:17:06] [TRT-LLM] [RANK 0] [I] [Autotuner] Cache size after warmup is 131
2026-07-24 19:17:06,697 - sflow.task.server_8 - INFO - 0: [07/24/2026-19:17:06] [TRT-LLM] [RANK 0] [I] Creating CUDA graph instances for 11 batch sizes.
2026-07-24 19:17:06,748 - sflow.task.server_8 - INFO - 0: [07/24/2026-19:17:06] [TRT-LLM] [RANK 0] [I] Run generation-only CUDA graph warmup for batch size=512, draft_len=0, max_seq_len=23140
2026-07-24 19:17:06,748 - sflow.task.server_8 - INFO - 6: [TensorRT-LLM][WARNING] Attention workspace size is not enough, increase the size from 0 bytes to 167848960 bytes
2026-07-24 19:17:06,748 - sflow.task.server_8 - INFO - 5: [TensorRT-LLM][WARNING] Attention workspace size is not enough, increase the size from 0 bytes to 167848960 bytes
2026-07-24 19:17:06,748 - sflow.task.server_8 - INFO - 7: [TensorRT-LLM][WARNING] Attention workspace size is not enough, increase the size from 0 bytes to 167848960 bytes
2026-07-24 19:17:06,748 - sflow.task.server_8 - INFO - 4: [TensorRT-LLM][WARNING] Attention workspace size is not enough, increase the size from 0 bytes to 167848960 bytes
2026-07-24 19:17:06,748 - sflow.task.server_8 - INFO - 0: [TensorRT-LLM][WARNING] Attention workspace size is not enough, increase the size from 0 bytes to 167848960 bytes
2026-07-24 19:17:06,748 - sflow.task.server_8 - INFO - 2: [TensorRT-LLM][WARNING] Attention workspace size is not enough, increase the size from 0 bytes to 167848960 bytes
2026-07-24 19:17:06,748 - sflow.task.server_8 - INFO - 3: [TensorRT-LLM][WARNING] Attention workspace size is not enough, increase the size from 0 bytes to 167848960 bytes
2026-07-24 19:17:06,748 - sflow.task.server_8 - INFO - 1: [TensorRT-LLM][WARNING] Attention workspace size is not enough, increase the size from 0 bytes to 167848960 bytes
2026-07-24 19:17:08,071 - sflow.task.server_8 - INFO - 0: [07/24/2026-19:17:08] [TRT-LLM] [RANK 0] [I] Run generation-only CUDA graph warmup for batch size=384, draft_len=0, max_seq_len=23140
2026-07-24 19:17:09,088 - sflow.task.server_8 - INFO - 0: [07/24/2026-19:17:09] [TRT-LLM] [RANK 0] [I] Run generation-only CUDA graph warmup for batch size=256, draft_len=0, max_seq_len=23140
2026-07-24 19:17:10,103 - sflow.task.server_8 - INFO - 0: [07/24/2026-19:17:10] [TRT-LLM] [RANK 0] [I] Run generation-only CUDA graph warmup for batch size=128, draft_len=0, max_seq_len=23140
2026-07-24 19:17:11,017 - sflow.task.server_8 - INFO - 0: [07/24/2026-19:17:10] [TRT-LLM] [RANK 0] [I] Run generation-only CUDA graph warmup for batch size=64, draft_len=0, max_seq_len=23140
2026-07-24 19:17:11,983 - sflow.task.server_8 - INFO - 0: [07/24/2026-19:17:11] [TRT-LLM] [RANK 0] [I] Run generation-only CUDA graph warmup for batch size=32, draft_len=0, max_seq_len=23140
2026-07-24 19:17:12,898 - sflow.task.server_8 - INFO - 0: [07/24/2026-19:17:12] [TRT-LLM] [RANK 0] [I] Run generation-only CUDA graph warmup for batch size=16, draft_len=0, max_seq_len=23140
2026-07-24 19:17:13,812 - sflow.task.server_8 - INFO - 0: [07/24/2026-19:17:13] [TRT-LLM] [RANK 0] [I] Run generation-only CUDA graph warmup for batch size=8, draft_len=0, max_seq_len=23140
2026-07-24 19:17:14,726 - sflow.task.server_8 - INFO - 0: [07/24/2026-19:17:14] [TRT-LLM] [RANK 0] [I] Run generation-only CUDA graph warmup for batch size=4, draft_len=0, max_seq_len=23140
2026-07-24 19:17:15,640 - sflow.task.server_8 - INFO - 0: [07/24/2026-19:17:15] [TRT-LLM] [RANK 0] [I] Run generation-only CUDA graph warmup for batch size=2, draft_len=0, max_seq_len=23140
2026-07-24 19:17:16,503 - sflow.task.server_8 - INFO - 0: [07/24/2026-19:17:16] [TRT-LLM] [RANK 0] [I] Run generation-only CUDA graph warmup for batch size=1, draft_len=0, max_seq_len=23140
2026-07-24 19:17:17,417 - sflow.task.server_8 - INFO - 0: [07/24/2026-19:17:17] [TRT-LLM] [RANK 0] [I] global_steady_clock_offset at each rank: [0.0, 0.0, -3.00002284348011e-06, -9.00006853044033e-06, 97.88044700003229, 97.88044700003229, 97.88045299984515, 97.88045199983753]
2026-07-24 19:17:17,417 - sflow.task.server_8 - INFO - 0: [07/24/2026-19:17:17] [TRT-LLM] [RANK 0] [I] Setting global_steady_clock_offset: 0.0 seconds for rank 0
2026-07-24 19:17:17,417 - sflow.task.server_8 - INFO - 0: [07/24/2026-19:17:17] [TRT-LLM] [RANK 0] [I] Memory used after loading model weights (inside torch) in memory usage profiling: 62.11 GiB
2026-07-24 19:17:17,417 - sflow.task.server_8 - INFO - 0: [07/24/2026-19:17:17] [TRT-LLM] [RANK 0] [I] Memory used after loading model weights (outside torch) in memory usage profiling: 5.88 GiB
2026-07-24 19:17:18,179 - sflow.task.server_8 - INFO - 1: [TensorRT-LLM][WARNING] [kv cache manager] storeContextBlocks: Can not find sequence for request 513
2026-07-24 19:17:18,179 - sflow.task.server_8 - INFO - 3: [TensorRT-LLM][WARNING] [kv cache manager] storeContextBlocks: Can not find sequence for request 515
2026-07-24 19:17:18,179 - sflow.task.server_8 - INFO - 5: [TensorRT-LLM][WARNING] [kv cache manager] storeContextBlocks: Can not find sequence for request 517
2026-07-24 19:17:18,179 - sflow.task.server_8 - INFO - 7: [TensorRT-LLM][WARNING] [kv cache manager] storeContextBlocks: Can not find sequence for request 519
2026-07-24 19:17:18,179 - sflow.task.server_8 - INFO - 6: [TensorRT-LLM][WARNING] [kv cache manager] storeContextBlocks: Can not find sequence for request 518
2026-07-24 19:17:18,179 - sflow.task.server_8 - INFO - 4: [TensorRT-LLM][WARNING] [kv cache manager] storeContextBlocks: Can not find sequence for request 516
2026-07-24 19:17:18,179 - sflow.task.server_8 - INFO - 0: [TensorRT-LLM][WARNING] [kv cache manager] storeContextBlocks: Can not find sequence for request 512
2026-07-24 19:17:18,179 - sflow.task.server_8 - INFO - 2: [TensorRT-LLM][WARNING] [kv cache manager] storeContextBlocks: Can not find sequence for request 514
2026-07-24 19:17:18,179 - sflow.task.server_8 - INFO - 0: [07/24/2026-19:17:18] [TRT-LLM] [RANK 0] [I] Memory dynamically allocated during inference (inside torch) in memory usage profiling: 0.79 GiB
2026-07-24 19:17:18,179 - sflow.task.server_8 - INFO - 0: [07/24/2026-19:17:18] [TRT-LLM] [RANK 0] [I] Memory used outside torch (e.g., NCCL and CUDA graphs) in memory usage profiling: 6.00 GiB
2026-07-24 19:17:18,179 - sflow.task.server_8 - INFO - 0: [07/24/2026-19:17:18] [TRT-LLM] [RANK 0] [I] Peak memory during memory usage profiling (torch + non-torch): 68.89 GiB, available KV cache memory when calculating max tokens: 104.76 GiB, fraction is set 0.9, kv size is 35136. device total memory 184.00 GiB, , tmp kv_mem 1.29 GiB
2026-07-24 19:17:18,179 - sflow.task.server_8 - INFO - 0: [07/24/2026-19:17:18] [TRT-LLM] [RANK 0] [I] Estimated max memory in KV cache : 104.76 GiB
2026-07-24 19:17:18,179 - sflow.task.server_8 - INFO - 0: [07/24/2026-19:17:18] [TRT-LLM] [RANK 0] [W] Both free_gpu_memory_fraction and max_tokens are set (to 0.9 and 3201538 with free memory 117.21270751953125GiB of total memory 184.0GiB, respectively). The smaller value will be used.
2026-07-24 19:17:18,179 - sflow.task.server_8 - INFO - 0: [07/24/2026-19:17:18] [TRT-LLM] [RANK 0] [I] Adjusted attention window size to 23141 in blocks_per_window
2026-07-24 19:17:18,179 - sflow.task.server_8 - INFO - 0: [07/24/2026-19:17:18] [TRT-LLM] [RANK 0] [I] [KVCacheManager] execution_stream: <torch.cuda.Stream device=cuda:0 cuda_stream=0xf46899ff6b80>
2026-07-24 19:17:18,179 - sflow.task.server_8 - INFO - 7: [TensorRT-LLM][INFO] Max KV cache blocks per sequence: 724 [window size=23141], tokens per block=32, primary blocks=100048, secondary blocks=0, max sequence length=23141
2026-07-24 19:17:18,179 - sflow.task.server_8 - INFO - 6: [TensorRT-LLM][INFO] Max KV cache blocks per sequence: 724 [window size=23141], tokens per block=32, primary blocks=100048, secondary blocks=0, max sequence length=23141
2026-07-24 19:17:18,179 - sflow.task.server_8 - INFO - 4: [TensorRT-LLM][INFO] Max KV cache blocks per sequence: 724 [window size=23141], tokens per block=32, primary blocks=100048, secondary blocks=0, max sequence length=23141
2026-07-24 19:17:18,179 - sflow.task.server_8 - INFO - 5: [TensorRT-LLM][INFO] Max KV cache blocks per sequence: 724 [window size=23141], tokens per block=32, primary blocks=100048, secondary blocks=0, max sequence length=23141
2026-07-24 19:17:18,179 - sflow.task.server_8 - INFO - 3: [TensorRT-LLM][INFO] Max KV cache blocks per sequence: 724 [window size=23141], tokens per block=32, primary blocks=100048, secondary blocks=0, max sequence length=23141
2026-07-24 19:17:18,179 - sflow.task.server_8 - INFO - 1: [TensorRT-LLM][INFO] Max KV cache blocks per sequence: 724 [window size=23141], tokens per block=32, primary blocks=100048, secondary blocks=0, max sequence length=23141
2026-07-24 19:17:18,179 - sflow.task.server_8 - INFO - 2: [TensorRT-LLM][INFO] Max KV cache blocks per sequence: 724 [window size=23141], tokens per block=32, primary blocks=100048, secondary blocks=0, max sequence length=23141
2026-07-24 19:17:18,179 - sflow.task.server_8 - INFO - 0: [TensorRT-LLM][INFO] Max KV cache blocks per sequence: 724 [window size=23141], tokens per block=32, primary blocks=100048, secondary blocks=0, max sequence length=23141
2026-07-24 19:17:53,859 - sflow.task.server_8 - INFO - 7: [TensorRT-LLM][INFO] Number of tokens per block: 32.
2026-07-24 19:17:53,859 - sflow.task.server_8 - INFO - 7: [TensorRT-LLM][INFO] [MemUsageChange] Allocated 104.76 GiB for max tokens in paged KV cache (3201536).
2026-07-24 19:17:53,910 - sflow.task.server_8 - INFO - 6: [TensorRT-LLM][INFO] Number of tokens per block: 32.
2026-07-24 19:17:53,910 - sflow.task.server_8 - INFO - 6: [TensorRT-LLM][INFO] [MemUsageChange] Allocated 104.76 GiB for max tokens in paged KV cache (3201536).
2026-07-24 19:17:53,910 - sflow.task.server_8 - INFO - 5: [TensorRT-LLM][INFO] Number of tokens per block: 32.
2026-07-24 19:17:53,910 - sflow.task.server_8 - INFO - 5: [TensorRT-LLM][INFO] [MemUsageChange] Allocated 104.76 GiB for max tokens in paged KV cache (3201536).
2026-07-24 19:17:53,910 - sflow.task.server_8 - INFO - 4: [TensorRT-LLM][INFO] Number of tokens per block: 32.
2026-07-24 19:17:53,910 - sflow.task.server_8 - INFO - 4: [TensorRT-LLM][INFO] [MemUsageChange] Allocated 104.76 GiB for max tokens in paged KV cache (3201536).
2026-07-24 19:18:00,906 - sflow.task.server_8 - INFO - 0: [TensorRT-LLM][INFO] Number of tokens per block: 32.
2026-07-24 19:18:00,906 - sflow.task.server_8 - INFO - 0: [TensorRT-LLM][INFO] [MemUsageChange] Allocated 104.76 GiB for max tokens in paged KV cache (3201536).
2026-07-24 19:18:00,906 - sflow.task.server_8 - INFO - 1: [TensorRT-LLM][INFO] Number of tokens per block: 32.
2026-07-24 19:18:00,906 - sflow.task.server_8 - INFO - 1: [TensorRT-LLM][INFO] [MemUsageChange] Allocated 104.76 GiB for max tokens in paged KV cache (3201536).
2026-07-24 19:18:00,906 - sflow.task.server_8 - INFO - 3: [TensorRT-LLM][INFO] Number of tokens per block: 32.
2026-07-24 19:18:00,906 - sflow.task.server_8 - INFO - 3: [TensorRT-LLM][INFO] [MemUsageChange] Allocated 104.76 GiB for max tokens in paged KV cache (3201536).
2026-07-24 19:18:00,906 - sflow.task.server_8 - INFO - 2: [TensorRT-LLM][INFO] Number of tokens per block: 32.
2026-07-24 19:18:00,906 - sflow.task.server_8 - INFO - 2: [TensorRT-LLM][INFO] [MemUsageChange] Allocated 104.76 GiB for max tokens in paged KV cache (3201536).
2026-07-24 19:18:01,463 - sflow.task.server_8 - INFO - 0: [07/24/2026-19:18:01] [TRT-LLM] [RANK 0] [I] max_seq_len=23141, max_num_requests=512, max_num_tokens=3456, max_batch_size=512
2026-07-24 19:18:01,565 - sflow.task.server_8 - INFO - 0: [TensorRT-LLM][INFO] CacheTransBufferManager: mMaxNumTokens:0, mRecvBufferCount:1, mSendBufferCount:1,mTransferBufferSize:536870912, mPreAllocBufferSize:1073741824,mOnlyUseDynamicBuffer:0 mUseFabricMemory:1 mDataType:6
2026-07-24 19:18:01,565 - sflow.task.server_8 - INFO - 1: [TensorRT-LLM][INFO] CacheTransBufferManager: mMaxNumTokens:0, mRecvBufferCount:1, mSendBufferCount:1,mTransferBufferSize:536870912, mPreAllocBufferSize:1073741824,mOnlyUseDynamicBuffer:0 mUseFabricMemory:1 mDataType:6
2026-07-24 19:18:01,565 - sflow.task.server_8 - INFO - 2: [TensorRT-LLM][INFO] CacheTransBufferManager: mMaxNumTokens:0, mRecvBufferCount:1, mSendBufferCount:1,mTransferBufferSize:536870912, mPreAllocBufferSize:1073741824,mOnlyUseDynamicBuffer:0 mUseFabricMemory:1 mDataType:6
2026-07-24 19:18:01,565 - sflow.task.server_8 - INFO - 3: [TensorRT-LLM][INFO] CacheTransBufferManager: mMaxNumTokens:0, mRecvBufferCount:1, mSendBufferCount:1,mTransferBufferSize:536870912, mPreAllocBufferSize:1073741824,mOnlyUseDynamicBuffer:0 mUseFabricMemory:1 mDataType:6
2026-07-24 19:18:01,565 - sflow.task.server_8 - INFO - 5: [TensorRT-LLM][INFO] CacheTransBufferManager: mMaxNumTokens:0, mRecvBufferCount:1, mSendBufferCount:1,mTransferBufferSize:536870912, mPreAllocBufferSize:1073741824,mOnlyUseDynamicBuffer:0 mUseFabricMemory:1 mDataType:6
2026-07-24 19:18:01,565 - sflow.task.server_8 - INFO - 6: [TensorRT-LLM][INFO] CacheTransBufferManager: mMaxNumTokens:0, mRecvBufferCount:1, mSendBufferCount:1,mTransferBufferSize:536870912, mPreAllocBufferSize:1073741824,mOnlyUseDynamicBuffer:0 mUseFabricMemory:1 mDataType:6
2026-07-24 19:18:01,565 - sflow.task.server_8 - INFO - 7: [TensorRT-LLM][INFO] CacheTransBufferManager: mMaxNumTokens:0, mRecvBufferCount:1, mSendBufferCount:1,mTransferBufferSize:536870912, mPreAllocBufferSize:1073741824,mOnlyUseDynamicBuffer:0 mUseFabricMemory:1 mDataType:6
2026-07-24 19:18:01,565 - sflow.task.server_8 - INFO - 4: [TensorRT-LLM][INFO] CacheTransBufferManager: mMaxNumTokens:0, mRecvBufferCount:1, mSendBufferCount:1,mTransferBufferSize:536870912, mPreAllocBufferSize:1073741824,mOnlyUseDynamicBuffer:0 mUseFabricMemory:1 mDataType:6
2026-07-24 19:18:01,920 - sflow.task.server_8 - INFO - 6: [TensorRT-LLM][INFO] NixlTransferAgent::NixlTransferAgent using NIXL backend: UCX
2026-07-24 19:18:01,920 - sflow.task.server_8 - INFO - 5: [TensorRT-LLM][INFO] NixlTransferAgent::NixlTransferAgent using NIXL backend: UCX
2026-07-24 19:18:01,920 - sflow.task.server_8 - INFO - 4: [TensorRT-LLM][INFO] NixlTransferAgent::NixlTransferAgent using NIXL backend: UCX
2026-07-24 19:18:01,920 - sflow.task.server_8 - INFO - 7: [TensorRT-LLM][INFO] NixlTransferAgent::NixlTransferAgent using NIXL backend: UCX
2026-07-24 19:18:01,970 - sflow.task.server_8 - INFO - 2: [TensorRT-LLM][INFO] NixlTransferAgent::NixlTransferAgent using NIXL backend: UCX
2026-07-24 19:18:01,970 - sflow.task.server_8 - INFO - 3: [TensorRT-LLM][INFO] NixlTransferAgent::NixlTransferAgent using NIXL backend: UCX
2026-07-24 19:18:01,970 - sflow.task.server_8 - INFO - 0: [TensorRT-LLM][INFO] NixlTransferAgent::NixlTransferAgent using NIXL backend: UCX
2026-07-24 19:18:01,970 - sflow.task.server_8 - INFO - 1: [TensorRT-LLM][INFO] NixlTransferAgent::NixlTransferAgent using NIXL backend: UCX
2026-07-24 19:18:02,274 - sflow.task.server_8 - INFO - 4: [TensorRT-LLM][INFO] NixlTransferAgent::NixlTransferAgent mAddress: 10.128.0.51:43813
2026-07-24 19:18:02,275 - sflow.task.server_8 - INFO - 7: [TensorRT-LLM][INFO] NixlTransferAgent::NixlTransferAgent mAddress: 10.128.0.51:55821
2026-07-24 19:18:02,275 - sflow.task.server_8 - INFO - 6: [TensorRT-LLM][INFO] NixlTransferAgent::NixlTransferAgent mAddress: 10.128.0.51:36725
2026-07-24 19:18:02,275 - sflow.task.server_8 - INFO - 5: [TensorRT-LLM][INFO] NixlTransferAgent::NixlTransferAgent mAddress: 10.128.0.51:36309
2026-07-24 19:18:02,325 - sflow.task.server_8 - INFO - 0: [TensorRT-LLM][INFO] NixlTransferAgent::NixlTransferAgent mAddress: 10.128.0.36:55429
2026-07-24 19:18:02,325 - sflow.task.server_8 - INFO - 2: [TensorRT-LLM][INFO] NixlTransferAgent::NixlTransferAgent mAddress: 10.128.0.36:48377
2026-07-24 19:18:02,325 - sflow.task.server_8 - INFO - 3: [TensorRT-LLM][INFO] NixlTransferAgent::NixlTransferAgent mAddress: 10.128.0.36:47017
2026-07-24 19:18:02,325 - sflow.task.server_8 - INFO - 1: [TensorRT-LLM][INFO] NixlTransferAgent::NixlTransferAgent mAddress: 10.128.0.36:34349
2026-07-24 19:18:02,325 - sflow.task.server_8 - INFO - 1: [TensorRT-LLM][INFO] NIXL Connection Manager created
2026-07-24 19:18:02,325 - sflow.task.server_8 - INFO - 5: [TensorRT-LLM][INFO] NIXL Connection Manager created
2026-07-24 19:18:02,325 - sflow.task.server_8 - INFO - 0: [TensorRT-LLM][INFO] NIXL Connection Manager created
2026-07-24 19:18:02,325 - sflow.task.server_8 - INFO - 6: [TensorRT-LLM][INFO] NIXL Connection Manager created
2026-07-24 19:18:02,326 - sflow.task.server_8 - INFO - 2: [TensorRT-LLM][INFO] NIXL Connection Manager created
2026-07-24 19:18:02,326 - sflow.task.server_8 - INFO - 7: [TensorRT-LLM][INFO] NIXL Connection Manager created
2026-07-24 19:18:02,326 - sflow.task.server_8 - INFO - 3: [TensorRT-LLM][INFO] NIXL Connection Manager created
2026-07-24 19:18:02,326 - sflow.task.server_8 - INFO - 4: [TensorRT-LLM][INFO] NIXL Connection Manager created
2026-07-24 19:18:02,326 - sflow.task.server_8 - INFO - 0: [07/24/2026-19:18:02] [TRT-LLM] [RANK 0] [I] [PyExecutor] execution_stream initialized: <torch.cuda.Stream device=cuda:0 cuda_stream=0xf46899ff6b80>.
2026-07-24 19:18:02,326 - sflow.task.server_8 - INFO - 0: [07/24/2026-19:18:02] [TRT-LLM] [RANK 0] [I] Running autotuner warmup...
2026-07-24 19:18:02,326 - sflow.task.server_8 - INFO - 0: [07/24/2026-19:18:02] [TRT-LLM] [RANK 0] [I] [Autotuner] Autotuning process starts ...
2026-07-24 19:18:02,326 - sflow.task.server_8 - INFO - 2: [TensorRT-LLM][WARNING] Attention workspace size is not enough, increase the size from 0 bytes to 769755136 bytes
2026-07-24 19:18:02,326 - sflow.task.server_8 - INFO - 3: [TensorRT-LLM][WARNING] Attention workspace size is not enough, increase the size from 0 bytes to 769755136 bytes
2026-07-24 19:18:02,326 - sflow.task.server_8 - INFO - 0: [TensorRT-LLM][WARNING] Attention workspace size is not enough, increase the size from 0 bytes to 769755136 bytes
2026-07-24 19:18:02,326 - sflow.task.server_8 - INFO - 6: [TensorRT-LLM][WARNING] Attention workspace size is not enough, increase the size from 0 bytes to 769755136 bytes
2026-07-24 19:18:02,326 - sflow.task.server_8 - INFO - 7: [TensorRT-LLM][WARNING] Attention workspace size is not enough, increase the size from 0 bytes to 769755136 bytes
2026-07-24 19:18:02,326 - sflow.task.server_8 - INFO - 5: [TensorRT-LLM][WARNING] Attention workspace size is not enough, increase the size from 0 bytes to 769755136 bytes
2026-07-24 19:18:02,326 - sflow.task.server_8 - INFO - 1: [TensorRT-LLM][WARNING] Attention workspace size is not enough, increase the size from 0 bytes to 769755136 bytes
2026-07-24 19:18:02,326 - sflow.task.server_8 - INFO - 4: [TensorRT-LLM][WARNING] Attention workspace size is not enough, increase the size from 0 bytes to 769755136 bytes
2026-07-24 19:18:02,933 - sflow.task.server_8 - INFO - 0: [07/24/2026-19:18:02] [TRT-LLM] [RANK 0] [I] [Autotuner] Autotuning process ends
2026-07-24 19:18:02,934 - sflow.task.server_8 - INFO - 0: [07/24/2026-19:18:02] [TRT-LLM] [RANK 0] [I] [Autotuner] Cache size after warmup is 131
2026-07-24 19:18:02,934 - sflow.task.server_8 - INFO - 0: [07/24/2026-19:18:02] [TRT-LLM] [RANK 0] [I] Creating CUDA graph instances for 11 batch sizes.
2026-07-24 19:18:02,934 - sflow.task.server_8 - INFO - 0: [07/24/2026-19:18:02] [TRT-LLM] [RANK 0] [I] Run generation-only CUDA graph warmup for batch size=512, draft_len=0, max_seq_len=23140
2026-07-24 19:18:02,934 - sflow.task.server_8 - INFO - 7: [TensorRT-LLM][WARNING] Attention workspace size is not enough, increase the size from 0 bytes to 167848960 bytes
2026-07-24 19:18:02,934 - sflow.task.server_8 - INFO - 5: [TensorRT-LLM][WARNING] Attention workspace size is not enough, increase the size from 0 bytes to 167848960 bytes
2026-07-24 19:18:02,934 - sflow.task.server_8 - INFO - 6: [TensorRT-LLM][WARNING] Attention workspace size is not enough, increase the size from 0 bytes to 167848960 bytes
2026-07-24 19:18:02,934 - sflow.task.server_8 - INFO - 4: [TensorRT-LLM][WARNING] Attention workspace size is not enough, increase the size from 0 bytes to 167848960 bytes
2026-07-24 19:18:02,934 - sflow.task.server_8 - INFO - 0: [TensorRT-LLM][WARNING] Attention workspace size is not enough, increase the size from 0 bytes to 167848960 bytes
2026-07-24 19:18:02,934 - sflow.task.server_8 - INFO - 2: [TensorRT-LLM][WARNING] Attention workspace size is not enough, increase the size from 0 bytes to 167848960 bytes
2026-07-24 19:18:02,934 - sflow.task.server_8 - INFO - 3: [TensorRT-LLM][WARNING] Attention workspace size is not enough, increase the size from 0 bytes to 167848960 bytes
2026-07-24 19:18:02,934 - sflow.task.server_8 - INFO - 1: [TensorRT-LLM][WARNING] Attention workspace size is not enough, increase the size from 0 bytes to 167848960 bytes
2026-07-24 19:18:04,098 - sflow.task.server_8 - INFO - 0: [07/24/2026-19:18:04] [TRT-LLM] [RANK 0] [I] Run generation-only CUDA graph warmup for batch size=384, draft_len=0, max_seq_len=23140
2026-07-24 19:18:04,959 - sflow.task.server_8 - INFO - 0: [07/24/2026-19:18:04] [TRT-LLM] [RANK 0] [I] Run generation-only CUDA graph warmup for batch size=256, draft_len=0, max_seq_len=23140
2026-07-24 19:18:05,820 - sflow.task.server_8 - INFO - 0: [07/24/2026-19:18:05] [TRT-LLM] [RANK 0] [I] Run generation-only CUDA graph warmup for batch size=128, draft_len=0, max_seq_len=23140
2026-07-24 19:18:06,732 - sflow.task.server_8 - INFO - 0: [07/24/2026-19:18:06] [TRT-LLM] [RANK 0] [I] Run generation-only CUDA graph warmup for batch size=64, draft_len=0, max_seq_len=23140
2026-07-24 19:18:07,694 - sflow.task.server_8 - INFO - 0: [07/24/2026-19:18:07] [TRT-LLM] [RANK 0] [I] Run generation-only CUDA graph warmup for batch size=32, draft_len=0, max_seq_len=23140
2026-07-24 19:18:08,656 - sflow.task.server_8 - INFO - 0: [07/24/2026-19:18:08] [TRT-LLM] [RANK 0] [I] Run generation-only CUDA graph warmup for batch size=16, draft_len=0, max_seq_len=23140
2026-07-24 19:18:09,567 - sflow.task.server_8 - INFO - 0: [07/24/2026-19:18:09] [TRT-LLM] [RANK 0] [I] Run generation-only CUDA graph warmup for batch size=8, draft_len=0, max_seq_len=23140
2026-07-24 19:18:10,528 - sflow.task.server_8 - INFO - 0: [07/24/2026-19:18:10] [TRT-LLM] [RANK 0] [I] Run generation-only CUDA graph warmup for batch size=4, draft_len=0, max_seq_len=23140
2026-07-24 19:18:11,389 - sflow.task.server_8 - INFO - 0: [07/24/2026-19:18:11] [TRT-LLM] [RANK 0] [I] Run generation-only CUDA graph warmup for batch size=2, draft_len=0, max_seq_len=23140
2026-07-24 19:18:12,300 - sflow.task.server_8 - INFO - 0: [07/24/2026-19:18:12] [TRT-LLM] [RANK 0] [I] Run generation-only CUDA graph warmup for batch size=1, draft_len=0, max_seq_len=23140
2026-07-24 19:18:13,212 - sflow.task.server_8 - INFO - 0: [07/24/2026-19:18:13] [TRT-LLM] [RANK 0] [I] global_steady_clock_offset at each rank: [0.0, 8.00006091594696e-06, -3.00002284348011e-06, 4.00003045797348e-06, 97.88050400000066, 97.88050900003873, 97.8805070000235, 97.88050600001588]
2026-07-24 19:18:13,212 - sflow.task.server_8 - INFO - 0: [07/24/2026-19:18:13] [TRT-LLM] [RANK 0] [I] Setting global_steady_clock_offset: 0.0 seconds for rank 0
2026-07-24 19:18:13,212 - sflow.task.server_8 - INFO - 0: [07/24/2026-19:18:13] [TRT-LLM] [RANK 0] [I] Setting PyTorch memory fraction to 0.4104418547257133 (75.52130126953125 GiB)
2026-07-24 19:18:13,212 - sflow.task.server_8 - INFO - 0: [07/24/2026-19:18:13] [TRT-LLM] [RANK 0] [I] LLM Args:
2026-07-24 19:18:13,212 - sflow.task.server_8 - INFO - 0: model='/home/mlperf_inference_storage/models/deepseek-r1/fp4-quantized-modelopt/deepseek_r1-torch-fp4' tokenizer=None tokenizer_mode='auto' custom_tokenizer=None skip_tokenizer_init=False trust_remote_code=False tensor_parallel_size=8 dtype='auto' revision=None tokenizer_revision=None pipeline_parallel_size=1 context_parallel_size=1 gpus_per_node=1 moe_cluster_parallel_size=-1 moe_tensor_parallel_size=-1 moe_expert_parallel_size=8 enable_attention_dp=True enable_lm_head_tp_in_adp=False pp_partition=None cp_config={} load_format=<LoadFormat.AUTO: 0> fail_fast_on_attention_window_too_large=False enable_lora=False lora_config=None kv_cache_config=KvCacheConfig(enable_block_reuse=False, max_tokens=3201538, max_attention_window=None, sink_token_length=None, free_gpu_memory_fraction=0.9, host_cache_size=None, onboard_blocks=True, cross_kv_cache_fraction=None, secondary_offload_min_priority=None, event_buffer_max_size=0, attention_dp_events_gather_period_ms=5, e
2026-07-24 19:18:13,212 - sflow.task.server_8 - INFO - 0: nable_partial_reuse=True, copy_on_partial_reuse=True, use_uvm=False, max_gpu_total_bytes=112489239859, dtype='fp8', mamba_ssm_cache_dtype='auto', tokens_per_block=32) enable_chunked_prefill=False guided_decoding_backend=None batched_logits_processor=None iter_stats_max_iterations=None request_stats_max_iterations=None peft_cache_config=None scheduler_config=SchedulerConfig(capacity_scheduler_policy=<CapacitySchedulerPolicy.MAX_UTILIZATION: 'MAX_UTILIZATION'>, context_chunking_policy=<ContextChunkingPolicy.FIRST_COME_FIRST_SERVED: 'FIRST_COME_FIRST_SERVED'>, dynamic_batch_config=None) cache_transceiver_config=CacheTransceiverConfig(backend='NIXL', max_tokens_in_buffer=None, kv_transfer_timeout_ms=None, kv_transfer_sender_future_timeout_ms=1000) sparse_attention_config=None speculative_config=None max_batch_size=512 max_input_len=1024 max_seq_len=23140 max_beam_width=1 max_num_tokens=3456 gather_generation_logits=False num_postprocess_workers=0 postprocess_tokenizer_dir='/home/mlperf_inference_storage/models/de
2026-07-24 19:18:13,212 - sflow.task.server_8 - INFO - 0: epseek-r1/fp4-quantized-modelopt/deepseek_r1-torch-fp4' reasoning_parser=None decoding_config=None mpi_session=None otlp_traces_endpoint=None backend='pytorch' return_perf_metrics=False orchestrator_type=None env_overrides=None garbage_collection_gen0_threshold=20000 cuda_graph_config=CudaGraphConfig(batch_sizes=[1, 2, 4, 8, 16, 32, 64, 128, 256, 384, 512], max_batch_size=512, enable_padding=True) attention_dp_config=AttentionDpConfig(enable_balance=True, timeout_iters=9, batching_wait_iters=3) disable_overlap_scheduler=False moe_config=MoeConfig(backend='CUTEDSL', max_num_tokens=None, load_balancer=None, disable_finalize_fusion=False, use_low_precision_moe_combine=False) nvfp4_gemm_config=Nvfp4GemmConfig(allowed_backends=['cutlass', 'cublaslt', 'cuda_core']) attn_backend='TRTLLM' sampler_type=<SamplerType.auto: 'auto'> sampler_force_async_worker=False enable_iter_perf_stats=False enable_iter_req_stats=False print_iter_log=False perf_metrics_max_requests=0 batch_wait_timeout_ms=0 batch_wait_timeout_iters=0 ba
2026-07-24 19:18:13,212 - sflow.task.server_8 - INFO - 0: tch_wait_max_tokens_ratio=0 torch_compile_config=None enable_autotuner=True enable_layerwise_nvtx_marker=False enable_min_latency=False stream_interval=100 force_dynamic_quantization=False allreduce_strategy='AUTO' checkpoint_loader=None checkpoint_format='HF' kv_connector_config=None mm_encoder_only=False ray_worker_extension_cls=None ray_placement_config=None enable_sleep=False disable_flashinfer_sampling=False max_stats_len=1000
2026-07-24 19:18:13,212 - sflow.task.server_8 - INFO - 0: [07/24/2026-19:18:13] [TRT-LLM] [RANK 0] [I] RPCServer is bound to ipc:///tmp/rpc_test_0944e1fd-32a5-46d1-93c2-993149c93e94
2026-07-24 19:18:13,212 - sflow.task.server_8 - INFO - 0: [07/24/2026-19:18:13] [TRT-LLM] [RANK 0] [I] RPC Server started and listening on ipc:///tmp/rpc_test_0944e1fd-32a5-46d1-93c2-993149c93e94
2026-07-24 19:18:13,263 - sflow.task.server_8 - INFO - 0: [07/24/2026-19:18:13] [TRT-LLM] [RANK 0] [I] RPC Server has started.
2026-07-24 19:18:13,263 - sflow.task.server_8 - INFO - 0: [07/24/2026-19:18:13] [TRT-LLM] [I] get signal from executor worker
2026-07-24 19:18:13,922 - sflow.task.server_8 - INFO - 0: INFO:     Started server process [403416]
2026-07-24 19:18:13,922 - sflow.task.server_8 - INFO - 0: INFO:     Waiting for application startup.
2026-07-24 19:18:13,922 - sflow.task.server_8 - INFO - 0: INFO:     Application startup complete.
2026-07-24 19:19:09,250 - sflow.task.server_8 - INFO - 0: INFO:     10.128.0.106:37544 - "GET /health HTTP/1.1" 200 OK
2026-07-24 19:19:09,403 - sflow.task.server_8 - INFO - 0: INFO:     10.128.0.106:37556 - "POST /v1/chat/completions HTTP/1.1" 200 OK
2026-07-24 19:19:09,454 - sflow.task.server_8 - INFO - 0: INFO:     10.128.0.106:37560 - "POST /v1/chat/completions HTTP/1.1" 200 OK
2026-07-24 19:19:09,607 - sflow.task.server_8 - INFO - 0: INFO:     10.128.0.106:37572 - "POST /v1/chat/completions HTTP/1.1" 200 OK
2026-07-24 19:19:09,659 - sflow.task.server_8 - INFO - 0: INFO:     10.128.0.106:37588 - "POST /v1/chat/completions HTTP/1.1" 200 OK
2026-07-24 19:19:09,862 - sflow.task.server_8 - INFO - 0: INFO:     10.128.0.106:37602 - "POST /v1/chat/completions HTTP/1.1" 200 OK
2026-07-24 19:19:10,065 - sflow.task.server_8 - INFO - 0: INFO:     10.128.0.106:37608 - "POST /v1/chat/completions HTTP/1.1" 200 OK
2026-07-24 19:19:10,116 - sflow.task.server_8 - INFO - 0: INFO:     10.128.0.106:37614 - "POST /v1/chat/completions HTTP/1.1" 200 OK
2026-07-24 19:19:10,167 - sflow.task.server_8 - INFO - 0: INFO:     10.128.0.106:37622 - "POST /v1/chat/completions HTTP/1.1" 200 OK
2026-07-24 19:19:10,218 - sflow.task.server_8 - INFO - 0: INFO:     10.128.0.106:37636 - "POST /v1/chat/completions HTTP/1.1" 200 OK
2026-07-24 19:19:10,218 - sflow.task.server_8 - INFO - 0: INFO:     10.128.0.106:37648 - "POST /v1/chat/completions HTTP/1.1" 200 OK
2026-07-24 19:19:10,269 - sflow.task.server_8 - INFO - 0: INFO:     10.128.0.106:37650 - "POST /v1/chat/completions HTTP/1.1" 200 OK
2026-07-24 19:19:10,319 - sflow.task.server_8 - INFO - 0: INFO:     10.128.0.106:37654 - "POST /v1/chat/completions HTTP/1.1" 200 OK
