2026-07-24 18:53:12,564 - sflow.task.server_3 - INFO - 0: rm: cannot remove '/usr/local/cuda/compat/lib': Read-only file system
2026-07-24 18:53:12,564 - sflow.task.server_3 - INFO - 1: rm: cannot remove '/usr/local/cuda/compat/lib': Read-only file system
2026-07-24 18:53:12,564 - sflow.task.server_3 - INFO - 3: rm: cannot remove '/usr/local/cuda/compat/lib': Read-only file system
2026-07-24 18:53:12,564 - sflow.task.server_3 - INFO - 2: rm: cannot remove '/usr/local/cuda/compat/lib': Read-only file system
2026-07-24 18:53:14,790 - sflow.task.server_3 - INFO - 2: export TRTLLM_MOE_ENABLE_ALLTOALL_WITHOUT_ALLGATHER='1'
2026-07-24 18:53:14,790 - sflow.task.server_3 - INFO - 2: export TRTLLM_SERVER_DISABLE_GC='1'
2026-07-24 18:53:14,790 - sflow.task.server_3 - INFO - 2: export TRTLLM_WORKER_DISABLE_GC='1'
2026-07-24 18:53:14,790 - sflow.task.server_3 - INFO - 2: export OMPI_MCA_coll_ucc_enable='0'
2026-07-24 18:53:14,790 - sflow.task.server_3 - INFO - 2: export TRTLLM_ENABLE_PDL='0'
2026-07-24 18:53:14,841 - sflow.task.server_3 - INFO - 2: Skipping /usr/local/lib/python3.12/dist-packages/tensorrt_llm/_torch/auto_deploy/custom_ops/fused_moe/trtllm_moe.py: tinygemm2 router dispatch not present
2026-07-24 18:53:14,841 - sflow.task.server_3 - INFO - 2: Traceback (most recent call last):
2026-07-24 18:53:14,841 - sflow.task.server_3 - INFO - 2:   File "/work/scaleout/sflow/tools/apply_trtllm_pr15790_disable_tinygemm2.py", line 196, in <module>
2026-07-24 18:53:14,841 - sflow.task.server_3 - INFO - 2:     main()
2026-07-24 18:53:14,841 - sflow.task.server_3 - INFO - 2:   File "/work/scaleout/sflow/tools/apply_trtllm_pr15790_disable_tinygemm2.py", line 164, in main
2026-07-24 18:53:14,841 - sflow.task.server_3 - INFO - 2:     apply_patch()
2026-07-24 18:53:14,841 - sflow.task.server_3 - INFO - 2:   File "/work/scaleout/sflow/tools/apply_trtllm_pr15790_disable_tinygemm2.py", line 183, in apply_patch
2026-07-24 18:53:14,841 - sflow.task.server_3 - INFO - 2:     if patch_modeling_gpt_oss(paths["modeling_gpt_oss"]):
2026-07-24 18:53:14,841 - sflow.task.server_3 - INFO - 2:        ^^^^^^^^^^^^^^^^^^^^^^^^^^^^^^^^^^^^^^^^^^^^^^^^^
2026-07-24 18:53:14,841 - sflow.task.server_3 - INFO - 2:   File "/work/scaleout/sflow/tools/apply_trtllm_pr15790_disable_tinygemm2.py", line 139, in patch_modeling_gpt_oss
2026-07-24 18:53:14,841 - sflow.task.server_3 - INFO - 2:     return write_if_changed(path, text, patched)
2026-07-24 18:53:14,841 - sflow.task.server_3 - INFO - 2:            ^^^^^^^^^^^^^^^^^^^^^^^^^^^^^^^^^^^^^
2026-07-24 18:53:14,841 - sflow.task.server_3 - INFO - 2:   File "/work/scaleout/sflow/tools/apply_trtllm_pr15790_disable_tinygemm2.py", line 70, in write_if_changed
2026-07-24 18:53:14,841 - sflow.task.server_3 - INFO - 2:     path.write_text(patched)
2026-07-24 18:53:14,841 - sflow.task.server_3 - INFO - 2:   File "/usr/lib/python3.12/pathlib.py", line 1049, in write_text
2026-07-24 18:53:14,841 - sflow.task.server_3 - INFO - 2:     with self.open(mode='w', encoding=encoding, errors=errors, newline=newline) as f:
2026-07-24 18:53:14,841 - sflow.task.server_3 - INFO - 2:          ^^^^^^^^^^^^^^^^^^^^^^^^^^^^^^^^^^^^^^^^^^^^^^^^^^^^^^^^^^^^^^^^^^^^^^
2026-07-24 18:53:14,841 - sflow.task.server_3 - INFO - 2:   File "/usr/lib/python3.12/pathlib.py", line 1015, in open
2026-07-24 18:53:14,841 - sflow.task.server_3 - INFO - 2:     return io.open(self, mode, buffering, encoding, errors, newline)
2026-07-24 18:53:14,841 - sflow.task.server_3 - INFO - 2:            ^^^^^^^^^^^^^^^^^^^^^^^^^^^^^^^^^^^^^^^^^^^^^^^^^^^^^^^^^
2026-07-24 18:53:14,841 - sflow.task.server_3 - INFO - 2: OSError: [Errno 30] Read-only file system: '/usr/local/lib/python3.12/dist-packages/tensorrt_llm/_torch/models/modeling_gpt_oss.py'
2026-07-24 18:53:14,993 - sflow.task.server_3 - INFO - 3: export TRTLLM_MOE_ENABLE_ALLTOALL_WITHOUT_ALLGATHER='1'
2026-07-24 18:53:14,993 - sflow.task.server_3 - INFO - 3: export TRTLLM_SERVER_DISABLE_GC='1'
2026-07-24 18:53:14,993 - sflow.task.server_3 - INFO - 3: export TRTLLM_WORKER_DISABLE_GC='1'
2026-07-24 18:53:14,993 - sflow.task.server_3 - INFO - 3: export OMPI_MCA_coll_ucc_enable='0'
2026-07-24 18:53:14,993 - sflow.task.server_3 - INFO - 3: export TRTLLM_ENABLE_PDL='0'
2026-07-24 18:53:15,044 - sflow.task.server_3 - INFO - 3: Skipping /usr/local/lib/python3.12/dist-packages/tensorrt_llm/_torch/auto_deploy/custom_ops/fused_moe/trtllm_moe.py: tinygemm2 router dispatch not present
2026-07-24 18:53:15,044 - sflow.task.server_3 - INFO - 3: Traceback (most recent call last):
2026-07-24 18:53:15,044 - sflow.task.server_3 - INFO - 3:   File "/work/scaleout/sflow/tools/apply_trtllm_pr15790_disable_tinygemm2.py", line 196, in <module>
2026-07-24 18:53:15,044 - sflow.task.server_3 - INFO - 3:     main()
2026-07-24 18:53:15,044 - sflow.task.server_3 - INFO - 3:   File "/work/scaleout/sflow/tools/apply_trtllm_pr15790_disable_tinygemm2.py", line 164, in main
2026-07-24 18:53:15,044 - sflow.task.server_3 - INFO - 3:     apply_patch()
2026-07-24 18:53:15,044 - sflow.task.server_3 - INFO - 3:   File "/work/scaleout/sflow/tools/apply_trtllm_pr15790_disable_tinygemm2.py", line 183, in apply_patch
2026-07-24 18:53:15,044 - sflow.task.server_3 - INFO - 3:     if patch_modeling_gpt_oss(paths["modeling_gpt_oss"]):
2026-07-24 18:53:15,044 - sflow.task.server_3 - INFO - 3:        ^^^^^^^^^^^^^^^^^^^^^^^^^^^^^^^^^^^^^^^^^^^^^^^^^
2026-07-24 18:53:15,044 - sflow.task.server_3 - INFO - 3:   File "/work/scaleout/sflow/tools/apply_trtllm_pr15790_disable_tinygemm2.py", line 139, in patch_modeling_gpt_oss
2026-07-24 18:53:15,044 - sflow.task.server_3 - INFO - 3:     return write_if_changed(path, text, patched)
2026-07-24 18:53:15,044 - sflow.task.server_3 - INFO - 3:            ^^^^^^^^^^^^^^^^^^^^^^^^^^^^^^^^^^^^^
2026-07-24 18:53:15,044 - sflow.task.server_3 - INFO - 3:   File "/work/scaleout/sflow/tools/apply_trtllm_pr15790_disable_tinygemm2.py", line 70, in write_if_changed
2026-07-24 18:53:15,044 - sflow.task.server_3 - INFO - 3:     path.write_text(patched)
2026-07-24 18:53:15,044 - sflow.task.server_3 - INFO - 3:   File "/usr/lib/python3.12/pathlib.py", line 1049, in write_text
2026-07-24 18:53:15,044 - sflow.task.server_3 - INFO - 3:     with self.open(mode='w', encoding=encoding, errors=errors, newline=newline) as f:
2026-07-24 18:53:15,044 - sflow.task.server_3 - INFO - 3:          ^^^^^^^^^^^^^^^^^^^^^^^^^^^^^^^^^^^^^^^^^^^^^^^^^^^^^^^^^^^^^^^^^^^^^^
2026-07-24 18:53:15,044 - sflow.task.server_3 - INFO - 3:   File "/usr/lib/python3.12/pathlib.py", line 1015, in open
2026-07-24 18:53:15,044 - sflow.task.server_3 - INFO - 3:     return io.open(self, mode, buffering, encoding, errors, newline)
2026-07-24 18:53:15,044 - sflow.task.server_3 - INFO - 3:            ^^^^^^^^^^^^^^^^^^^^^^^^^^^^^^^^^^^^^^^^^^^^^^^^^^^^^^^^^
2026-07-24 18:53:15,044 - sflow.task.server_3 - INFO - 3: OSError: [Errno 30] Read-only file system: '/usr/local/lib/python3.12/dist-packages/tensorrt_llm/_torch/models/modeling_gpt_oss.py'
2026-07-24 18:53:15,095 - sflow.task.server_3 - INFO - 2: rm: cannot remove '/usr/local/cuda/compat/lib': Read-only file system
2026-07-24 18:53:15,146 - sflow.task.server_3 - INFO - 1: export TRTLLM_MOE_ENABLE_ALLTOALL_WITHOUT_ALLGATHER='1'
2026-07-24 18:53:15,146 - sflow.task.server_3 - INFO - 1: export TRTLLM_SERVER_DISABLE_GC='1'
2026-07-24 18:53:15,146 - sflow.task.server_3 - INFO - 1: export TRTLLM_WORKER_DISABLE_GC='1'
2026-07-24 18:53:15,146 - sflow.task.server_3 - INFO - 1: export OMPI_MCA_coll_ucc_enable='0'
2026-07-24 18:53:15,146 - sflow.task.server_3 - INFO - 1: export TRTLLM_ENABLE_PDL='0'
2026-07-24 18:53:15,146 - sflow.task.server_3 - INFO - 1: Skipping /usr/local/lib/python3.12/dist-packages/tensorrt_llm/_torch/auto_deploy/custom_ops/fused_moe/trtllm_moe.py: tinygemm2 router dispatch not present
2026-07-24 18:53:15,146 - sflow.task.server_3 - INFO - 1: Traceback (most recent call last):
2026-07-24 18:53:15,146 - sflow.task.server_3 - INFO - 1:   File "/work/scaleout/sflow/tools/apply_trtllm_pr15790_disable_tinygemm2.py", line 196, in <module>
2026-07-24 18:53:15,146 - sflow.task.server_3 - INFO - 1:     main()
2026-07-24 18:53:15,146 - sflow.task.server_3 - INFO - 1:   File "/work/scaleout/sflow/tools/apply_trtllm_pr15790_disable_tinygemm2.py", line 164, in main
2026-07-24 18:53:15,146 - sflow.task.server_3 - INFO - 1:     apply_patch()
2026-07-24 18:53:15,146 - sflow.task.server_3 - INFO - 1:   File "/work/scaleout/sflow/tools/apply_trtllm_pr15790_disable_tinygemm2.py", line 183, in apply_patch
2026-07-24 18:53:15,146 - sflow.task.server_3 - INFO - 1:     if patch_modeling_gpt_oss(paths["modeling_gpt_oss"]):
2026-07-24 18:53:15,146 - sflow.task.server_3 - INFO - 1:        ^^^^^^^^^^^^^^^^^^^^^^^^^^^^^^^^^^^^^^^^^^^^^^^^^
2026-07-24 18:53:15,146 - sflow.task.server_3 - INFO - 1:   File "/work/scaleout/sflow/tools/apply_trtllm_pr15790_disable_tinygemm2.py", line 139, in patch_modeling_gpt_oss
2026-07-24 18:53:15,146 - sflow.task.server_3 - INFO - 1:     return write_if_changed(path, text, patched)
2026-07-24 18:53:15,146 - sflow.task.server_3 - INFO - 1:            ^^^^^^^^^^^^^^^^^^^^^^^^^^^^^^^^^^^^^
2026-07-24 18:53:15,146 - sflow.task.server_3 - INFO - 1:   File "/work/scaleout/sflow/tools/apply_trtllm_pr15790_disable_tinygemm2.py", line 70, in write_if_changed
2026-07-24 18:53:15,146 - sflow.task.server_3 - INFO - 1:     path.write_text(patched)
2026-07-24 18:53:15,146 - sflow.task.server_3 - INFO - 1:   File "/usr/lib/python3.12/pathlib.py", line 1049, in write_text
2026-07-24 18:53:15,146 - sflow.task.server_3 - INFO - 1:     with self.open(mode='w', encoding=encoding, errors=errors, newline=newline) as f:
2026-07-24 18:53:15,146 - sflow.task.server_3 - INFO - 1:          ^^^^^^^^^^^^^^^^^^^^^^^^^^^^^^^^^^^^^^^^^^^^^^^^^^^^^^^^^^^^^^^^^^^^^^
2026-07-24 18:53:15,146 - sflow.task.server_3 - INFO - 1:   File "/usr/lib/python3.12/pathlib.py", line 1015, in open
2026-07-24 18:53:15,146 - sflow.task.server_3 - INFO - 1:     return io.open(self, mode, buffering, encoding, errors, newline)
2026-07-24 18:53:15,146 - sflow.task.server_3 - INFO - 1:            ^^^^^^^^^^^^^^^^^^^^^^^^^^^^^^^^^^^^^^^^^^^^^^^^^^^^^^^^^
2026-07-24 18:53:15,146 - sflow.task.server_3 - INFO - 1: OSError: [Errno 30] Read-only file system: '/usr/local/lib/python3.12/dist-packages/tensorrt_llm/_torch/models/modeling_gpt_oss.py'
2026-07-24 18:53:15,298 - sflow.task.server_3 - INFO - 3: rm: cannot remove '/usr/local/cuda/compat/lib': Read-only file system
2026-07-24 18:53:15,298 - sflow.task.server_3 - INFO - 0: export TRTLLM_MOE_ENABLE_ALLTOALL_WITHOUT_ALLGATHER='1'
2026-07-24 18:53:15,298 - sflow.task.server_3 - INFO - 0: export TRTLLM_SERVER_DISABLE_GC='1'
2026-07-24 18:53:15,298 - sflow.task.server_3 - INFO - 0: export TRTLLM_WORKER_DISABLE_GC='1'
2026-07-24 18:53:15,298 - sflow.task.server_3 - INFO - 0: export OMPI_MCA_coll_ucc_enable='0'
2026-07-24 18:53:15,298 - sflow.task.server_3 - INFO - 0: export TRTLLM_ENABLE_PDL='0'
2026-07-24 18:53:15,349 - sflow.task.server_3 - INFO - 0: Skipping /usr/local/lib/python3.12/dist-packages/tensorrt_llm/_torch/auto_deploy/custom_ops/fused_moe/trtllm_moe.py: tinygemm2 router dispatch not present
2026-07-24 18:53:15,349 - sflow.task.server_3 - INFO - 0: Traceback (most recent call last):
2026-07-24 18:53:15,349 - sflow.task.server_3 - INFO - 0:   File "/work/scaleout/sflow/tools/apply_trtllm_pr15790_disable_tinygemm2.py", line 196, in <module>
2026-07-24 18:53:15,349 - sflow.task.server_3 - INFO - 0:     main()
2026-07-24 18:53:15,349 - sflow.task.server_3 - INFO - 0:   File "/work/scaleout/sflow/tools/apply_trtllm_pr15790_disable_tinygemm2.py", line 164, in main
2026-07-24 18:53:15,349 - sflow.task.server_3 - INFO - 0:     apply_patch()
2026-07-24 18:53:15,349 - sflow.task.server_3 - INFO - 0:   File "/work/scaleout/sflow/tools/apply_trtllm_pr15790_disable_tinygemm2.py", line 183, in apply_patch
2026-07-24 18:53:15,349 - sflow.task.server_3 - INFO - 0:     if patch_modeling_gpt_oss(paths["modeling_gpt_oss"]):
2026-07-24 18:53:15,349 - sflow.task.server_3 - INFO - 0:        ^^^^^^^^^^^^^^^^^^^^^^^^^^^^^^^^^^^^^^^^^^^^^^^^^
2026-07-24 18:53:15,349 - sflow.task.server_3 - INFO - 0:   File "/work/scaleout/sflow/tools/apply_trtllm_pr15790_disable_tinygemm2.py", line 139, in patch_modeling_gpt_oss
2026-07-24 18:53:15,349 - sflow.task.server_3 - INFO - 0:     return write_if_changed(path, text, patched)
2026-07-24 18:53:15,349 - sflow.task.server_3 - INFO - 0:            ^^^^^^^^^^^^^^^^^^^^^^^^^^^^^^^^^^^^^
2026-07-24 18:53:15,349 - sflow.task.server_3 - INFO - 0:   File "/work/scaleout/sflow/tools/apply_trtllm_pr15790_disable_tinygemm2.py", line 70, in write_if_changed
2026-07-24 18:53:15,349 - sflow.task.server_3 - INFO - 0:     path.write_text(patched)
2026-07-24 18:53:15,349 - sflow.task.server_3 - INFO - 0:   File "/usr/lib/python3.12/pathlib.py", line 1049, in write_text
2026-07-24 18:53:15,349 - sflow.task.server_3 - INFO - 0:     with self.open(mode='w', encoding=encoding, errors=errors, newline=newline) as f:
2026-07-24 18:53:15,349 - sflow.task.server_3 - INFO - 0:          ^^^^^^^^^^^^^^^^^^^^^^^^^^^^^^^^^^^^^^^^^^^^^^^^^^^^^^^^^^^^^^^^^^^^^^
2026-07-24 18:53:15,349 - sflow.task.server_3 - INFO - 0:   File "/usr/lib/python3.12/pathlib.py", line 1015, in open
2026-07-24 18:53:15,349 - sflow.task.server_3 - INFO - 0:     return io.open(self, mode, buffering, encoding, errors, newline)
2026-07-24 18:53:15,349 - sflow.task.server_3 - INFO - 0:            ^^^^^^^^^^^^^^^^^^^^^^^^^^^^^^^^^^^^^^^^^^^^^^^^^^^^^^^^^
2026-07-24 18:53:15,349 - sflow.task.server_3 - INFO - 0: OSError: [Errno 30] Read-only file system: '/usr/local/lib/python3.12/dist-packages/tensorrt_llm/_torch/models/modeling_gpt_oss.py'
2026-07-24 18:53:15,604 - sflow.task.server_3 - INFO - 0: rm: cannot remove '/usr/local/cuda/compat/lib': Read-only file system
2026-07-24 18:53:15,604 - sflow.task.server_3 - INFO - 1: rm: cannot remove '/usr/local/cuda/compat/lib': Read-only file system
2026-07-24 18:53:16,061 - sflow.task.server_3 - INFO - 5: rm: cannot remove '/usr/local/cuda/compat/lib': Read-only file system
2026-07-24 18:53:16,061 - sflow.task.server_3 - INFO - 4: rm: cannot remove '/usr/local/cuda/compat/lib': Read-only file system
2026-07-24 18:53:16,061 - sflow.task.server_3 - INFO - 6: rm: cannot remove '/usr/local/cuda/compat/lib': Read-only file system
2026-07-24 18:53:16,061 - sflow.task.server_3 - INFO - 7: rm: cannot remove '/usr/local/cuda/compat/lib': Read-only file system
2026-07-24 18:53:17,177 - sflow.task.server_3 - INFO - 2: mpi_rank: 2
2026-07-24 18:53:17,177 - sflow.task.server_3 - INFO - 2: tllm_mpi_size: 8
2026-07-24 18:53:17,177 - sflow.task.server_3 - INFO - 2: Rank2 run mgmn worker node with mpi_world_size: 8 ...
2026-07-24 18:53:17,432 - sflow.task.server_3 - INFO - 3: mpi_rank: 3
2026-07-24 18:53:17,483 - sflow.task.server_3 - INFO - 3: tllm_mpi_size: 8
2026-07-24 18:53:17,483 - sflow.task.server_3 - INFO - 3: Rank3 run mgmn worker node with mpi_world_size: 8 ...
2026-07-24 18:53:17,686 - sflow.task.server_3 - INFO - 0: mpi_rank: 0
2026-07-24 18:53:17,686 - sflow.task.server_3 - INFO - 0: tllm_mpi_size: 8
2026-07-24 18:53:17,737 - sflow.task.server_3 - INFO - 0: TLLM_SPAWN_PROXY_PROCESS_IPC_ADDR: ipc:///tmp/rpc_test_c0bf1e18-18fb-4dfc-a029-5eaa399bea28
2026-07-24 18:53:17,737 - sflow.task.server_3 - INFO - 0: Rank0 run trtllm-serve /home/mlperf_inference_storage/models/deepseek-r1/fp4-quantized-modelopt/deepseek_r1-torch-fp4 --host 0.0.0.0 --port 8339 --extra_llm_api_options /work/configs/deepseek_r1/GB200-NVL72_GB200-186GB_aarch64x72/TRTLLM/Server/trtllm-serve-ifb-dep8.yaml in background
2026-07-24 18:53:17,737 - sflow.task.server_3 - INFO - 0: Rank0 Subshell PID: 479277
2026-07-24 18:53:17,738 - sflow.task.server_3 - INFO - 0: Rank0 run mgmn leader node with mpi_world_size: 8 ...
2026-07-24 18:53:17,738 - sflow.task.server_3 - INFO - 0: Rank0 host: a4xlustref-a4xnodeset3-0
2026-07-24 18:53:17,789 - sflow.task.server_3 - INFO - 1: mpi_rank: 1
2026-07-24 18:53:17,840 - sflow.task.server_3 - INFO - 1: tllm_mpi_size: 8
2026-07-24 18:53:17,840 - sflow.task.server_3 - INFO - 1: Rank1 run mgmn worker node with mpi_world_size: 8 ...
2026-07-24 18:53:18,297 - sflow.task.server_3 - INFO - 6: export TRTLLM_MOE_ENABLE_ALLTOALL_WITHOUT_ALLGATHER='1'
2026-07-24 18:53:18,297 - sflow.task.server_3 - INFO - 6: export TRTLLM_SERVER_DISABLE_GC='1'
2026-07-24 18:53:18,297 - sflow.task.server_3 - INFO - 6: export TRTLLM_WORKER_DISABLE_GC='1'
2026-07-24 18:53:18,297 - sflow.task.server_3 - INFO - 6: export OMPI_MCA_coll_ucc_enable='0'
2026-07-24 18:53:18,297 - sflow.task.server_3 - INFO - 6: export TRTLLM_ENABLE_PDL='0'
2026-07-24 18:53:18,348 - sflow.task.server_3 - INFO - 6: Skipping /usr/local/lib/python3.12/dist-packages/tensorrt_llm/_torch/auto_deploy/custom_ops/fused_moe/trtllm_moe.py: tinygemm2 router dispatch not present
2026-07-24 18:53:18,348 - sflow.task.server_3 - INFO - 6: Traceback (most recent call last):
2026-07-24 18:53:18,348 - sflow.task.server_3 - INFO - 6:   File "/work/scaleout/sflow/tools/apply_trtllm_pr15790_disable_tinygemm2.py", line 196, in <module>
2026-07-24 18:53:18,348 - sflow.task.server_3 - INFO - 6:     main()
2026-07-24 18:53:18,348 - sflow.task.server_3 - INFO - 6:   File "/work/scaleout/sflow/tools/apply_trtllm_pr15790_disable_tinygemm2.py", line 164, in main
2026-07-24 18:53:18,348 - sflow.task.server_3 - INFO - 6:     apply_patch()
2026-07-24 18:53:18,348 - sflow.task.server_3 - INFO - 6:   File "/work/scaleout/sflow/tools/apply_trtllm_pr15790_disable_tinygemm2.py", line 183, in apply_patch
2026-07-24 18:53:18,348 - sflow.task.server_3 - INFO - 6:     if patch_modeling_gpt_oss(paths["modeling_gpt_oss"]):
2026-07-24 18:53:18,348 - sflow.task.server_3 - INFO - 6:        ^^^^^^^^^^^^^^^^^^^^^^^^^^^^^^^^^^^^^^^^^^^^^^^^^
2026-07-24 18:53:18,348 - sflow.task.server_3 - INFO - 6:   File "/work/scaleout/sflow/tools/apply_trtllm_pr15790_disable_tinygemm2.py", line 139, in patch_modeling_gpt_oss
2026-07-24 18:53:18,348 - sflow.task.server_3 - INFO - 6:     return write_if_changed(path, text, patched)
2026-07-24 18:53:18,348 - sflow.task.server_3 - INFO - 6:            ^^^^^^^^^^^^^^^^^^^^^^^^^^^^^^^^^^^^^
2026-07-24 18:53:18,348 - sflow.task.server_3 - INFO - 6:   File "/work/scaleout/sflow/tools/apply_trtllm_pr15790_disable_tinygemm2.py", line 70, in write_if_changed
2026-07-24 18:53:18,348 - sflow.task.server_3 - INFO - 6:     path.write_text(patched)
2026-07-24 18:53:18,348 - sflow.task.server_3 - INFO - 6:   File "/usr/lib/python3.12/pathlib.py", line 1049, in write_text
2026-07-24 18:53:18,348 - sflow.task.server_3 - INFO - 6:     with self.open(mode='w', encoding=encoding, errors=errors, newline=newline) as f:
2026-07-24 18:53:18,348 - sflow.task.server_3 - INFO - 6:          ^^^^^^^^^^^^^^^^^^^^^^^^^^^^^^^^^^^^^^^^^^^^^^^^^^^^^^^^^^^^^^^^^^^^^^
2026-07-24 18:53:18,348 - sflow.task.server_3 - INFO - 6:   File "/usr/lib/python3.12/pathlib.py", line 1015, in open
2026-07-24 18:53:18,348 - sflow.task.server_3 - INFO - 6:     return io.open(self, mode, buffering, encoding, errors, newline)
2026-07-24 18:53:18,348 - sflow.task.server_3 - INFO - 6:            ^^^^^^^^^^^^^^^^^^^^^^^^^^^^^^^^^^^^^^^^^^^^^^^^^^^^^^^^^
2026-07-24 18:53:18,348 - sflow.task.server_3 - INFO - 6: OSError: [Errno 30] Read-only file system: '/usr/local/lib/python3.12/dist-packages/tensorrt_llm/_torch/models/modeling_gpt_oss.py'
2026-07-24 18:53:18,551 - sflow.task.server_3 - INFO - 4: export TRTLLM_MOE_ENABLE_ALLTOALL_WITHOUT_ALLGATHER='1'
2026-07-24 18:53:18,551 - sflow.task.server_3 - INFO - 4: export TRTLLM_SERVER_DISABLE_GC='1'
2026-07-24 18:53:18,551 - sflow.task.server_3 - INFO - 4: export TRTLLM_WORKER_DISABLE_GC='1'
2026-07-24 18:53:18,551 - sflow.task.server_3 - INFO - 4: export OMPI_MCA_coll_ucc_enable='0'
2026-07-24 18:53:18,552 - sflow.task.server_3 - INFO - 4: export TRTLLM_ENABLE_PDL='0'
2026-07-24 18:53:18,552 - sflow.task.server_3 - INFO - 4: Skipping /usr/local/lib/python3.12/dist-packages/tensorrt_llm/_torch/auto_deploy/custom_ops/fused_moe/trtllm_moe.py: tinygemm2 router dispatch not present
2026-07-24 18:53:18,552 - sflow.task.server_3 - INFO - 4: Traceback (most recent call last):
2026-07-24 18:53:18,552 - sflow.task.server_3 - INFO - 4:   File "/work/scaleout/sflow/tools/apply_trtllm_pr15790_disable_tinygemm2.py", line 196, in <module>
2026-07-24 18:53:18,552 - sflow.task.server_3 - INFO - 4:     main()
2026-07-24 18:53:18,552 - sflow.task.server_3 - INFO - 4:   File "/work/scaleout/sflow/tools/apply_trtllm_pr15790_disable_tinygemm2.py", line 164, in main
2026-07-24 18:53:18,552 - sflow.task.server_3 - INFO - 4:     apply_patch()
2026-07-24 18:53:18,552 - sflow.task.server_3 - INFO - 4:   File "/work/scaleout/sflow/tools/apply_trtllm_pr15790_disable_tinygemm2.py", line 183, in apply_patch
2026-07-24 18:53:18,552 - sflow.task.server_3 - INFO - 4:     if patch_modeling_gpt_oss(paths["modeling_gpt_oss"]):
2026-07-24 18:53:18,552 - sflow.task.server_3 - INFO - 4:        ^^^^^^^^^^^^^^^^^^^^^^^^^^^^^^^^^^^^^^^^^^^^^^^^^
2026-07-24 18:53:18,552 - sflow.task.server_3 - INFO - 4:   File "/work/scaleout/sflow/tools/apply_trtllm_pr15790_disable_tinygemm2.py", line 139, in patch_modeling_gpt_oss
2026-07-24 18:53:18,552 - sflow.task.server_3 - INFO - 4:     return write_if_changed(path, text, patched)
2026-07-24 18:53:18,552 - sflow.task.server_3 - INFO - 4:            ^^^^^^^^^^^^^^^^^^^^^^^^^^^^^^^^^^^^^
2026-07-24 18:53:18,552 - sflow.task.server_3 - INFO - 4:   File "/work/scaleout/sflow/tools/apply_trtllm_pr15790_disable_tinygemm2.py", line 70, in write_if_changed
2026-07-24 18:53:18,552 - sflow.task.server_3 - INFO - 4:     path.write_text(patched)
2026-07-24 18:53:18,552 - sflow.task.server_3 - INFO - 4:   File "/usr/lib/python3.12/pathlib.py", line 1049, in write_text
2026-07-24 18:53:18,552 - sflow.task.server_3 - INFO - 4:     with self.open(mode='w', encoding=encoding, errors=errors, newline=newline) as f:
2026-07-24 18:53:18,552 - sflow.task.server_3 - INFO - 4:          ^^^^^^^^^^^^^^^^^^^^^^^^^^^^^^^^^^^^^^^^^^^^^^^^^^^^^^^^^^^^^^^^^^^^^^
2026-07-24 18:53:18,552 - sflow.task.server_3 - INFO - 4:   File "/usr/lib/python3.12/pathlib.py", line 1015, in open
2026-07-24 18:53:18,552 - sflow.task.server_3 - INFO - 4:     return io.open(self, mode, buffering, encoding, errors, newline)
2026-07-24 18:53:18,552 - sflow.task.server_3 - INFO - 4:            ^^^^^^^^^^^^^^^^^^^^^^^^^^^^^^^^^^^^^^^^^^^^^^^^^^^^^^^^^
2026-07-24 18:53:18,552 - sflow.task.server_3 - INFO - 4: OSError: [Errno 30] Read-only file system: '/usr/local/lib/python3.12/dist-packages/tensorrt_llm/_torch/models/modeling_gpt_oss.py'
2026-07-24 18:53:18,653 - sflow.task.server_3 - INFO - 7: export TRTLLM_MOE_ENABLE_ALLTOALL_WITHOUT_ALLGATHER='1'
2026-07-24 18:53:18,654 - sflow.task.server_3 - INFO - 7: export TRTLLM_SERVER_DISABLE_GC='1'
2026-07-24 18:53:18,654 - sflow.task.server_3 - INFO - 7: export TRTLLM_WORKER_DISABLE_GC='1'
2026-07-24 18:53:18,654 - sflow.task.server_3 - INFO - 7: export OMPI_MCA_coll_ucc_enable='0'
2026-07-24 18:53:18,654 - sflow.task.server_3 - INFO - 7: export TRTLLM_ENABLE_PDL='0'
2026-07-24 18:53:18,654 - sflow.task.server_3 - INFO - 7: Skipping /usr/local/lib/python3.12/dist-packages/tensorrt_llm/_torch/auto_deploy/custom_ops/fused_moe/trtllm_moe.py: tinygemm2 router dispatch not present
2026-07-24 18:53:18,654 - sflow.task.server_3 - INFO - 7: Traceback (most recent call last):
2026-07-24 18:53:18,654 - sflow.task.server_3 - INFO - 7:   File "/work/scaleout/sflow/tools/apply_trtllm_pr15790_disable_tinygemm2.py", line 196, in <module>
2026-07-24 18:53:18,654 - sflow.task.server_3 - INFO - 7:     main()
2026-07-24 18:53:18,654 - sflow.task.server_3 - INFO - 7:   File "/work/scaleout/sflow/tools/apply_trtllm_pr15790_disable_tinygemm2.py", line 164, in main
2026-07-24 18:53:18,654 - sflow.task.server_3 - INFO - 7:     apply_patch()
2026-07-24 18:53:18,654 - sflow.task.server_3 - INFO - 7:   File "/work/scaleout/sflow/tools/apply_trtllm_pr15790_disable_tinygemm2.py", line 183, in apply_patch
2026-07-24 18:53:18,654 - sflow.task.server_3 - INFO - 7:     if patch_modeling_gpt_oss(paths["modeling_gpt_oss"]):
2026-07-24 18:53:18,654 - sflow.task.server_3 - INFO - 7:        ^^^^^^^^^^^^^^^^^^^^^^^^^^^^^^^^^^^^^^^^^^^^^^^^^
2026-07-24 18:53:18,654 - sflow.task.server_3 - INFO - 7:   File "/work/scaleout/sflow/tools/apply_trtllm_pr15790_disable_tinygemm2.py", line 139, in patch_modeling_gpt_oss
2026-07-24 18:53:18,654 - sflow.task.server_3 - INFO - 7:     return write_if_changed(path, text, patched)
2026-07-24 18:53:18,654 - sflow.task.server_3 - INFO - 7:            ^^^^^^^^^^^^^^^^^^^^^^^^^^^^^^^^^^^^^
2026-07-24 18:53:18,654 - sflow.task.server_3 - INFO - 7:   File "/work/scaleout/sflow/tools/apply_trtllm_pr15790_disable_tinygemm2.py", line 70, in write_if_changed
2026-07-24 18:53:18,654 - sflow.task.server_3 - INFO - 7:     path.write_text(patched)
2026-07-24 18:53:18,654 - sflow.task.server_3 - INFO - 7:   File "/usr/lib/python3.12/pathlib.py", line 1049, in write_text
2026-07-24 18:53:18,654 - sflow.task.server_3 - INFO - 7:     with self.open(mode='w', encoding=encoding, errors=errors, newline=newline) as f:
2026-07-24 18:53:18,654 - sflow.task.server_3 - INFO - 7:          ^^^^^^^^^^^^^^^^^^^^^^^^^^^^^^^^^^^^^^^^^^^^^^^^^^^^^^^^^^^^^^^^^^^^^^
2026-07-24 18:53:18,654 - sflow.task.server_3 - INFO - 7:   File "/usr/lib/python3.12/pathlib.py", line 1015, in open
2026-07-24 18:53:18,654 - sflow.task.server_3 - INFO - 7:     return io.open(self, mode, buffering, encoding, errors, newline)
2026-07-24 18:53:18,654 - sflow.task.server_3 - INFO - 7:            ^^^^^^^^^^^^^^^^^^^^^^^^^^^^^^^^^^^^^^^^^^^^^^^^^^^^^^^^^
2026-07-24 18:53:18,654 - sflow.task.server_3 - INFO - 7: OSError: [Errno 30] Read-only file system: '/usr/local/lib/python3.12/dist-packages/tensorrt_llm/_torch/models/modeling_gpt_oss.py'
2026-07-24 18:53:18,807 - sflow.task.server_3 - INFO - 7: rm: cannot remove '/usr/local/cuda/compat/lib': Read-only file system
2026-07-24 18:53:18,807 - sflow.task.server_3 - INFO - 6: rm: cannot remove '/usr/local/cuda/compat/lib': Read-only file system
2026-07-24 18:53:18,807 - sflow.task.server_3 - INFO - 4: rm: cannot remove '/usr/local/cuda/compat/lib': Read-only file system
2026-07-24 18:53:18,807 - sflow.task.server_3 - INFO - 5: export TRTLLM_MOE_ENABLE_ALLTOALL_WITHOUT_ALLGATHER='1'
2026-07-24 18:53:18,807 - sflow.task.server_3 - INFO - 5: export TRTLLM_SERVER_DISABLE_GC='1'
2026-07-24 18:53:18,807 - sflow.task.server_3 - INFO - 5: export TRTLLM_WORKER_DISABLE_GC='1'
2026-07-24 18:53:18,807 - sflow.task.server_3 - INFO - 5: export OMPI_MCA_coll_ucc_enable='0'
2026-07-24 18:53:18,807 - sflow.task.server_3 - INFO - 5: export TRTLLM_ENABLE_PDL='0'
2026-07-24 18:53:18,858 - sflow.task.server_3 - INFO - 5: Skipping /usr/local/lib/python3.12/dist-packages/tensorrt_llm/_torch/auto_deploy/custom_ops/fused_moe/trtllm_moe.py: tinygemm2 router dispatch not present
2026-07-24 18:53:18,858 - sflow.task.server_3 - INFO - 5: Traceback (most recent call last):
2026-07-24 18:53:18,858 - sflow.task.server_3 - INFO - 5:   File "/work/scaleout/sflow/tools/apply_trtllm_pr15790_disable_tinygemm2.py", line 196, in <module>
2026-07-24 18:53:18,858 - sflow.task.server_3 - INFO - 5:     main()
2026-07-24 18:53:18,858 - sflow.task.server_3 - INFO - 5:   File "/work/scaleout/sflow/tools/apply_trtllm_pr15790_disable_tinygemm2.py", line 164, in main
2026-07-24 18:53:18,858 - sflow.task.server_3 - INFO - 5:     apply_patch()
2026-07-24 18:53:18,858 - sflow.task.server_3 - INFO - 5:   File "/work/scaleout/sflow/tools/apply_trtllm_pr15790_disable_tinygemm2.py", line 183, in apply_patch
2026-07-24 18:53:18,858 - sflow.task.server_3 - INFO - 5:     if patch_modeling_gpt_oss(paths["modeling_gpt_oss"]):
2026-07-24 18:53:18,858 - sflow.task.server_3 - INFO - 5:        ^^^^^^^^^^^^^^^^^^^^^^^^^^^^^^^^^^^^^^^^^^^^^^^^^
2026-07-24 18:53:18,858 - sflow.task.server_3 - INFO - 5:   File "/work/scaleout/sflow/tools/apply_trtllm_pr15790_disable_tinygemm2.py", line 139, in patch_modeling_gpt_oss
2026-07-24 18:53:18,858 - sflow.task.server_3 - INFO - 5:     return write_if_changed(path, text, patched)
2026-07-24 18:53:18,858 - sflow.task.server_3 - INFO - 5:            ^^^^^^^^^^^^^^^^^^^^^^^^^^^^^^^^^^^^^
2026-07-24 18:53:18,858 - sflow.task.server_3 - INFO - 5:   File "/work/scaleout/sflow/tools/apply_trtllm_pr15790_disable_tinygemm2.py", line 70, in write_if_changed
2026-07-24 18:53:18,858 - sflow.task.server_3 - INFO - 5:     path.write_text(patched)
2026-07-24 18:53:18,858 - sflow.task.server_3 - INFO - 5:   File "/usr/lib/python3.12/pathlib.py", line 1049, in write_text
2026-07-24 18:53:18,858 - sflow.task.server_3 - INFO - 5:     with self.open(mode='w', encoding=encoding, errors=errors, newline=newline) as f:
2026-07-24 18:53:18,858 - sflow.task.server_3 - INFO - 5:          ^^^^^^^^^^^^^^^^^^^^^^^^^^^^^^^^^^^^^^^^^^^^^^^^^^^^^^^^^^^^^^^^^^^^^^
2026-07-24 18:53:18,858 - sflow.task.server_3 - INFO - 5:   File "/usr/lib/python3.12/pathlib.py", line 1015, in open
2026-07-24 18:53:18,858 - sflow.task.server_3 - INFO - 5:     return io.open(self, mode, buffering, encoding, errors, newline)
2026-07-24 18:53:18,858 - sflow.task.server_3 - INFO - 5:            ^^^^^^^^^^^^^^^^^^^^^^^^^^^^^^^^^^^^^^^^^^^^^^^^^^^^^^^^^
2026-07-24 18:53:18,858 - sflow.task.server_3 - INFO - 5: OSError: [Errno 30] Read-only file system: '/usr/local/lib/python3.12/dist-packages/tensorrt_llm/_torch/models/modeling_gpt_oss.py'
2026-07-24 18:53:19,470 - sflow.task.server_3 - INFO - 5: rm: cannot remove '/usr/local/cuda/compat/lib': Read-only file system
2026-07-24 18:53:20,843 - sflow.task.server_3 - INFO - 4: mpi_rank: 4
2026-07-24 18:53:20,893 - sflow.task.server_3 - INFO - 4: tllm_mpi_size: 8
2026-07-24 18:53:20,893 - sflow.task.server_3 - INFO - 4: Rank4 run mgmn worker node with mpi_world_size: 8 ...
2026-07-24 18:53:21,096 - sflow.task.server_3 - INFO - 6: mpi_rank: 6
2026-07-24 18:53:21,147 - sflow.task.server_3 - INFO - 6: tllm_mpi_size: 8
2026-07-24 18:53:21,147 - sflow.task.server_3 - INFO - 6: Rank6 run mgmn worker node with mpi_world_size: 8 ...
2026-07-24 18:53:21,317 - sflow.task.server_3 - INFO - 7: mpi_rank: 7
2026-07-24 18:53:21,317 - sflow.task.server_3 - INFO - 7: tllm_mpi_size: 8
2026-07-24 18:53:21,367 - sflow.task.server_3 - INFO - 7: Rank7 run mgmn worker node with mpi_world_size: 8 ...
2026-07-24 18:53:21,469 - sflow.task.server_3 - INFO - 5: mpi_rank: 5
2026-07-24 18:53:21,520 - sflow.task.server_3 - INFO - 5: tllm_mpi_size: 8
2026-07-24 18:53:21,520 - sflow.task.server_3 - INFO - 5: Rank5 run mgmn worker node with mpi_world_size: 8 ...
2026-07-24 18:53:21,774 - sflow.task.server_3 - INFO - 0: /usr/local/lib/python3.12/dist-packages/torch/library.py:356: UserWarning: Warning only once for all operators,  other operators may also be overridden.
2026-07-24 18:53:21,775 - sflow.task.server_3 - INFO - 0:   Overriding a previously registered kernel for the same operator and the same dispatch key
2026-07-24 18:53:21,775 - sflow.task.server_3 - INFO - 0:   operator: flash_attn::_flash_attn_backward(Tensor dout, Tensor q, Tensor k, Tensor v, Tensor out, Tensor softmax_lse, Tensor(a6!)? dq, Tensor(a7!)? dk, Tensor(a8!)? dv, float dropout_p, float softmax_scale, bool causal, SymInt window_size_left, SymInt window_size_right, float softcap, Tensor? alibi_slopes, bool deterministic, Tensor? rng_state=None) -> Tensor
2026-07-24 18:53:21,775 - sflow.task.server_3 - INFO - 0:     registered at /usr/local/lib/python3.12/dist-packages/torch/_library/custom_ops.py:922
2026-07-24 18:53:21,775 - sflow.task.server_3 - INFO - 0:   dispatch key: ADInplaceOrView
2026-07-24 18:53:21,775 - sflow.task.server_3 - INFO - 0:   previous kernel: no debug info
2026-07-24 18:53:21,775 - sflow.task.server_3 - INFO - 0:        new kernel: registered at /usr/local/lib/python3.12/dist-packages/torch/_library/custom_ops.py:922 (Triggered internally at /opt/pytorch/pytorch/aten/src/ATen/core/dispatch/OperatorEntry.cpp:208.)
2026-07-24 18:53:21,775 - sflow.task.server_3 - INFO - 0:   self.m.impl(
2026-07-24 18:53:25,632 - sflow.task.server_3 - INFO - 6: /usr/local/lib/python3.12/dist-packages/torch/library.py:356: UserWarning: Warning only once for all operators,  other operators may also be overridden.
2026-07-24 18:53:25,632 - sflow.task.server_3 - INFO - 6:   Overriding a previously registered kernel for the same operator and the same dispatch key
2026-07-24 18:53:25,632 - sflow.task.server_3 - INFO - 6:   operator: flash_attn::_flash_attn_backward(Tensor dout, Tensor q, Tensor k, Tensor v, Tensor out, Tensor softmax_lse, Tensor(a6!)? dq, Tensor(a7!)? dk, Tensor(a8!)? dv, float dropout_p, float softmax_scale, bool causal, SymInt window_size_left, SymInt window_size_right, float softcap, Tensor? alibi_slopes, bool deterministic, Tensor? rng_state=None) -> Tensor
2026-07-24 18:53:25,632 - sflow.task.server_3 - INFO - 6:     registered at /usr/local/lib/python3.12/dist-packages/torch/_library/custom_ops.py:922
2026-07-24 18:53:25,632 - sflow.task.server_3 - INFO - 6:   dispatch key: ADInplaceOrView
2026-07-24 18:53:25,632 - sflow.task.server_3 - INFO - 6:   previous kernel: no debug info
2026-07-24 18:53:25,632 - sflow.task.server_3 - INFO - 6:        new kernel: registered at /usr/local/lib/python3.12/dist-packages/torch/_library/custom_ops.py:922 (Triggered internally at /opt/pytorch/pytorch/aten/src/ATen/core/dispatch/OperatorEntry.cpp:208.)
2026-07-24 18:53:25,632 - sflow.task.server_3 - INFO - 6:   self.m.impl(
2026-07-24 18:53:25,632 - sflow.task.server_3 - INFO - 4: /usr/local/lib/python3.12/dist-packages/torch/library.py:356: UserWarning: Warning only once for all operators,  other operators may also be overridden.
2026-07-24 18:53:25,632 - sflow.task.server_3 - INFO - 4:   Overriding a previously registered kernel for the same operator and the same dispatch key
2026-07-24 18:53:25,632 - sflow.task.server_3 - INFO - 4:   operator: flash_attn::_flash_attn_backward(Tensor dout, Tensor q, Tensor k, Tensor v, Tensor out, Tensor softmax_lse, Tensor(a6!)? dq, Tensor(a7!)? dk, Tensor(a8!)? dv, float dropout_p, float softmax_scale, bool causal, SymInt window_size_left, SymInt window_size_right, float softcap, Tensor? alibi_slopes, bool deterministic, Tensor? rng_state=None) -> Tensor
2026-07-24 18:53:25,632 - sflow.task.server_3 - INFO - 4:     registered at /usr/local/lib/python3.12/dist-packages/torch/_library/custom_ops.py:922
2026-07-24 18:53:25,632 - sflow.task.server_3 - INFO - 4:   dispatch key: ADInplaceOrView
2026-07-24 18:53:25,632 - sflow.task.server_3 - INFO - 4:   previous kernel: no debug info
2026-07-24 18:53:25,632 - sflow.task.server_3 - INFO - 4:        new kernel: registered at /usr/local/lib/python3.12/dist-packages/torch/_library/custom_ops.py:922 (Triggered internally at /opt/pytorch/pytorch/aten/src/ATen/core/dispatch/OperatorEntry.cpp:208.)
2026-07-24 18:53:25,632 - sflow.task.server_3 - INFO - 4:   self.m.impl(
2026-07-24 18:53:25,632 - sflow.task.server_3 - INFO - 7: /usr/local/lib/python3.12/dist-packages/torch/library.py:356: UserWarning: Warning only once for all operators,  other operators may also be overridden.
2026-07-24 18:53:25,632 - sflow.task.server_3 - INFO - 7:   Overriding a previously registered kernel for the same operator and the same dispatch key
2026-07-24 18:53:25,632 - sflow.task.server_3 - INFO - 7:   operator: flash_attn::_flash_attn_backward(Tensor dout, Tensor q, Tensor k, Tensor v, Tensor out, Tensor softmax_lse, Tensor(a6!)? dq, Tensor(a7!)? dk, Tensor(a8!)? dv, float dropout_p, float softmax_scale, bool causal, SymInt window_size_left, SymInt window_size_right, float softcap, Tensor? alibi_slopes, bool deterministic, Tensor? rng_state=None) -> Tensor
2026-07-24 18:53:25,632 - sflow.task.server_3 - INFO - 7:     registered at /usr/local/lib/python3.12/dist-packages/torch/_library/custom_ops.py:922
2026-07-24 18:53:25,632 - sflow.task.server_3 - INFO - 7:   dispatch key: ADInplaceOrView
2026-07-24 18:53:25,632 - sflow.task.server_3 - INFO - 7:   previous kernel: no debug info
2026-07-24 18:53:25,632 - sflow.task.server_3 - INFO - 7:        new kernel: registered at /usr/local/lib/python3.12/dist-packages/torch/_library/custom_ops.py:922 (Triggered internally at /opt/pytorch/pytorch/aten/src/ATen/core/dispatch/OperatorEntry.cpp:208.)
2026-07-24 18:53:25,632 - sflow.task.server_3 - INFO - 7:   self.m.impl(
2026-07-24 18:53:25,633 - sflow.task.server_3 - INFO - 2: /usr/local/lib/python3.12/dist-packages/torch/library.py:356: UserWarning: Warning only once for all operators,  other operators may also be overridden.
2026-07-24 18:53:25,633 - sflow.task.server_3 - INFO - 2:   Overriding a previously registered kernel for the same operator and the same dispatch key
2026-07-24 18:53:25,633 - sflow.task.server_3 - INFO - 2:   operator: flash_attn::_flash_attn_backward(Tensor dout, Tensor q, Tensor k, Tensor v, Tensor out, Tensor softmax_lse, Tensor(a6!)? dq, Tensor(a7!)? dk, Tensor(a8!)? dv, float dropout_p, float softmax_scale, bool causal, SymInt window_size_left, SymInt window_size_right, float softcap, Tensor? alibi_slopes, bool deterministic, Tensor? rng_state=None) -> Tensor
2026-07-24 18:53:25,633 - sflow.task.server_3 - INFO - 2:     registered at /usr/local/lib/python3.12/dist-packages/torch/_library/custom_ops.py:922
2026-07-24 18:53:25,633 - sflow.task.server_3 - INFO - 2:   dispatch key: ADInplaceOrView
2026-07-24 18:53:25,633 - sflow.task.server_3 - INFO - 2:   previous kernel: no debug info
2026-07-24 18:53:25,633 - sflow.task.server_3 - INFO - 2:        new kernel: registered at /usr/local/lib/python3.12/dist-packages/torch/_library/custom_ops.py:922 (Triggered internally at /opt/pytorch/pytorch/aten/src/ATen/core/dispatch/OperatorEntry.cpp:208.)
2026-07-24 18:53:25,633 - sflow.task.server_3 - INFO - 2:   self.m.impl(
2026-07-24 18:53:25,684 - sflow.task.server_3 - INFO - 0: /usr/local/lib/python3.12/dist-packages/torch/library.py:356: UserWarning: Warning only once for all operators,  other operators may also be overridden.
2026-07-24 18:53:25,684 - sflow.task.server_3 - INFO - 0:   Overriding a previously registered kernel for the same operator and the same dispatch key
2026-07-24 18:53:25,684 - sflow.task.server_3 - INFO - 0:   operator: flash_attn::_flash_attn_backward(Tensor dout, Tensor q, Tensor k, Tensor v, Tensor out, Tensor softmax_lse, Tensor(a6!)? dq, Tensor(a7!)? dk, Tensor(a8!)? dv, float dropout_p, float softmax_scale, bool causal, SymInt window_size_left, SymInt window_size_right, float softcap, Tensor? alibi_slopes, bool deterministic, Tensor? rng_state=None) -> Tensor
2026-07-24 18:53:25,684 - sflow.task.server_3 - INFO - 0:     registered at /usr/local/lib/python3.12/dist-packages/torch/_library/custom_ops.py:922
2026-07-24 18:53:25,684 - sflow.task.server_3 - INFO - 0:   dispatch key: ADInplaceOrView
2026-07-24 18:53:25,684 - sflow.task.server_3 - INFO - 0:   previous kernel: no debug info
2026-07-24 18:53:25,684 - sflow.task.server_3 - INFO - 0:        new kernel: registered at /usr/local/lib/python3.12/dist-packages/torch/_library/custom_ops.py:922 (Triggered internally at /opt/pytorch/pytorch/aten/src/ATen/core/dispatch/OperatorEntry.cpp:208.)
2026-07-24 18:53:25,684 - sflow.task.server_3 - INFO - 0:   self.m.impl(
2026-07-24 18:53:25,684 - sflow.task.server_3 - INFO - 1: /usr/local/lib/python3.12/dist-packages/torch/library.py:356: UserWarning: Warning only once for all operators,  other operators may also be overridden.
2026-07-24 18:53:25,684 - sflow.task.server_3 - INFO - 1:   Overriding a previously registered kernel for the same operator and the same dispatch key
2026-07-24 18:53:25,684 - sflow.task.server_3 - INFO - 1:   operator: flash_attn::_flash_attn_backward(Tensor dout, Tensor q, Tensor k, Tensor v, Tensor out, Tensor softmax_lse, Tensor(a6!)? dq, Tensor(a7!)? dk, Tensor(a8!)? dv, float dropout_p, float softmax_scale, bool causal, SymInt window_size_left, SymInt window_size_right, float softcap, Tensor? alibi_slopes, bool deterministic, Tensor? rng_state=None) -> Tensor
2026-07-24 18:53:25,684 - sflow.task.server_3 - INFO - 1:     registered at /usr/local/lib/python3.12/dist-packages/torch/_library/custom_ops.py:922
2026-07-24 18:53:25,684 - sflow.task.server_3 - INFO - 1:   dispatch key: ADInplaceOrView
2026-07-24 18:53:25,684 - sflow.task.server_3 - INFO - 1:   previous kernel: no debug info
2026-07-24 18:53:25,684 - sflow.task.server_3 - INFO - 1:        new kernel: registered at /usr/local/lib/python3.12/dist-packages/torch/_library/custom_ops.py:922 (Triggered internally at /opt/pytorch/pytorch/aten/src/ATen/core/dispatch/OperatorEntry.cpp:208.)
2026-07-24 18:53:25,684 - sflow.task.server_3 - INFO - 1:   self.m.impl(
2026-07-24 18:53:25,684 - sflow.task.server_3 - INFO - 3: /usr/local/lib/python3.12/dist-packages/torch/library.py:356: UserWarning: Warning only once for all operators,  other operators may also be overridden.
2026-07-24 18:53:25,684 - sflow.task.server_3 - INFO - 3:   Overriding a previously registered kernel for the same operator and the same dispatch key
2026-07-24 18:53:25,684 - sflow.task.server_3 - INFO - 3:   operator: flash_attn::_flash_attn_backward(Tensor dout, Tensor q, Tensor k, Tensor v, Tensor out, Tensor softmax_lse, Tensor(a6!)? dq, Tensor(a7!)? dk, Tensor(a8!)? dv, float dropout_p, float softmax_scale, bool causal, SymInt window_size_left, SymInt window_size_right, float softcap, Tensor? alibi_slopes, bool deterministic, Tensor? rng_state=None) -> Tensor
2026-07-24 18:53:25,684 - sflow.task.server_3 - INFO - 3:     registered at /usr/local/lib/python3.12/dist-packages/torch/_library/custom_ops.py:922
2026-07-24 18:53:25,684 - sflow.task.server_3 - INFO - 3:   dispatch key: ADInplaceOrView
2026-07-24 18:53:25,684 - sflow.task.server_3 - INFO - 3:   previous kernel: no debug info
2026-07-24 18:53:25,684 - sflow.task.server_3 - INFO - 3:        new kernel: registered at /usr/local/lib/python3.12/dist-packages/torch/_library/custom_ops.py:922 (Triggered internally at /opt/pytorch/pytorch/aten/src/ATen/core/dispatch/OperatorEntry.cpp:208.)
2026-07-24 18:53:25,684 - sflow.task.server_3 - INFO - 3:   self.m.impl(
2026-07-24 18:53:25,735 - sflow.task.server_3 - INFO - 5: /usr/local/lib/python3.12/dist-packages/torch/library.py:356: UserWarning: Warning only once for all operators,  other operators may also be overridden.
2026-07-24 18:53:25,735 - sflow.task.server_3 - INFO - 5:   Overriding a previously registered kernel for the same operator and the same dispatch key
2026-07-24 18:53:25,735 - sflow.task.server_3 - INFO - 5:   operator: flash_attn::_flash_attn_backward(Tensor dout, Tensor q, Tensor k, Tensor v, Tensor out, Tensor softmax_lse, Tensor(a6!)? dq, Tensor(a7!)? dk, Tensor(a8!)? dv, float dropout_p, float softmax_scale, bool causal, SymInt window_size_left, SymInt window_size_right, float softcap, Tensor? alibi_slopes, bool deterministic, Tensor? rng_state=None) -> Tensor
2026-07-24 18:53:25,735 - sflow.task.server_3 - INFO - 5:     registered at /usr/local/lib/python3.12/dist-packages/torch/_library/custom_ops.py:922
2026-07-24 18:53:25,735 - sflow.task.server_3 - INFO - 5:   dispatch key: ADInplaceOrView
2026-07-24 18:53:25,735 - sflow.task.server_3 - INFO - 5:   previous kernel: no debug info
2026-07-24 18:53:25,735 - sflow.task.server_3 - INFO - 5:        new kernel: registered at /usr/local/lib/python3.12/dist-packages/torch/_library/custom_ops.py:922 (Triggered internally at /opt/pytorch/pytorch/aten/src/ATen/core/dispatch/OperatorEntry.cpp:208.)
2026-07-24 18:53:25,735 - sflow.task.server_3 - INFO - 5:   self.m.impl(
2026-07-24 18:53:26,600 - sflow.task.server_3 - INFO - 0: /usr/local/lib/python3.12/dist-packages/modelopt/torch/__init__.py:36: UserWarning: transformers version 4.57.1 is incompatible with nvidia-modelopt and may cause issues. Please install recommended version with `pip install nvidia-modelopt[hf]` if working with HF models.
2026-07-24 18:53:26,600 - sflow.task.server_3 - INFO - 0:   _warnings.warn(
2026-07-24 18:53:29,751 - sflow.task.server_3 - INFO - 1: /usr/local/lib/python3.12/dist-packages/modelopt/torch/__init__.py:36: UserWarning: transformers version 4.57.1 is incompatible with nvidia-modelopt and may cause issues. Please install recommended version with `pip install nvidia-modelopt[hf]` if working with HF models.
2026-07-24 18:53:29,751 - sflow.task.server_3 - INFO - 1:   _warnings.warn(
2026-07-24 18:53:29,752 - sflow.task.server_3 - INFO - 2: /usr/local/lib/python3.12/dist-packages/modelopt/torch/__init__.py:36: UserWarning: transformers version 4.57.1 is incompatible with nvidia-modelopt and may cause issues. Please install recommended version with `pip install nvidia-modelopt[hf]` if working with HF models.
2026-07-24 18:53:29,752 - sflow.task.server_3 - INFO - 2:   _warnings.warn(
2026-07-24 18:53:29,752 - sflow.task.server_3 - INFO - 0: [TensorRT-LLM] TensorRT LLM version: 1.3.0rc0
2026-07-24 18:53:29,904 - sflow.task.server_3 - INFO - 3: /usr/local/lib/python3.12/dist-packages/modelopt/torch/__init__.py:36: UserWarning: transformers version 4.57.1 is incompatible with nvidia-modelopt and may cause issues. Please install recommended version with `pip install nvidia-modelopt[hf]` if working with HF models.
2026-07-24 18:53:29,904 - sflow.task.server_3 - INFO - 3:   _warnings.warn(
2026-07-24 18:53:30,057 - sflow.task.server_3 - INFO - 0: /usr/local/lib/python3.12/dist-packages/modelopt/torch/__init__.py:36: UserWarning: transformers version 4.57.1 is incompatible with nvidia-modelopt and may cause issues. Please install recommended version with `pip install nvidia-modelopt[hf]` if working with HF models.
2026-07-24 18:53:30,057 - sflow.task.server_3 - INFO - 0:   _warnings.warn(
2026-07-24 18:53:30,515 - sflow.task.server_3 - INFO - 0: /usr/local/lib/python3.12/dist-packages/tensorrt_llm/serve/openai_protocol.py:104: UserWarning: Field name "schema" in "ResponseFormat" shadows an attribute in parent "OpenAIBaseModel"
2026-07-24 18:53:30,515 - sflow.task.server_3 - INFO - 0:   class ResponseFormat(OpenAIBaseModel):
2026-07-24 18:53:30,566 - sflow.task.server_3 - INFO - 0: [07/24/2026-18:53:30] [TRT-LLM] [W] Overriding moe_config
2026-07-24 18:53:30,566 - sflow.task.server_3 - INFO - 0: [07/24/2026-18:53:30] [TRT-LLM] [W] Overriding attention_dp_config
2026-07-24 18:53:30,566 - sflow.task.server_3 - INFO - 0: [07/24/2026-18:53:30] [TRT-LLM] [W] Overriding kv_cache_config
2026-07-24 18:53:30,566 - sflow.task.server_3 - INFO - 0: [07/24/2026-18:53:30] [TRT-LLM] [I] Overriding max_batch_size from build_config to 512
2026-07-24 18:53:30,566 - sflow.task.server_3 - INFO - 0: [07/24/2026-18:53:30] [TRT-LLM] [I] Overriding max_num_tokens from build_config to 3456
2026-07-24 18:53:30,566 - sflow.task.server_3 - INFO - 0: [07/24/2026-18:53:30] [TRT-LLM] [I] Overriding max_seq_len from build_config to 23140
2026-07-24 18:53:30,566 - sflow.task.server_3 - INFO - 0: [07/24/2026-18:53:30] [TRT-LLM] [I] Using LLM with PyTorch backend
2026-07-24 18:53:30,566 - sflow.task.server_3 - INFO - 0: [07/24/2026-18:53:30] [TRT-LLM] [I] neither checkpoint_format nor checkpoint_loader were provided, checkpoint_format will be set to HF.
2026-07-24 18:53:30,566 - sflow.task.server_3 - INFO - 0: [07/24/2026-18:53:30] [TRT-LLM] [I] start MpiSession with 8 workers
2026-07-24 18:53:30,566 - sflow.task.server_3 - INFO - 0: [07/24/2026-18:53:30] [TRT-LLM] [I] Found /home/mlperf_inference_storage/models/deepseek-r1/fp4-quantized-modelopt/deepseek_r1-torch-fp4/hf_quant_config.json, pre-quantized checkpoint is used.
2026-07-24 18:53:30,566 - sflow.task.server_3 - INFO - 0: [07/24/2026-18:53:30] [TRT-LLM] [I] Setting quant_algo=NVFP4 form HF quant config.
2026-07-24 18:53:30,566 - sflow.task.server_3 - INFO - 0: [07/24/2026-18:53:30] [TRT-LLM] [I] Setting group_size=16 from HF quant config.
2026-07-24 18:53:30,566 - sflow.task.server_3 - INFO - 0: [07/24/2026-18:53:30] [TRT-LLM] [I] Setting exclude_modules=['lm_head', 'model.layers.0.self_attn.kv_a_proj_with_mqa', 'model.layers.0.self_attn.kv_b_proj', 'mo... from HF quant config.
2026-07-24 18:53:30,719 - sflow.task.server_3 - INFO - 5: /usr/local/lib/python3.12/dist-packages/modelopt/torch/__init__.py:36: UserWarning: transformers version 4.57.1 is incompatible with nvidia-modelopt and may cause issues. Please install recommended version with `pip install nvidia-modelopt[hf]` if working with HF models.
2026-07-24 18:53:30,719 - sflow.task.server_3 - INFO - 5:   _warnings.warn(
2026-07-24 18:53:30,871 - sflow.task.server_3 - INFO - 0: The argument `trust_remote_code` is to be used with Auto classes. It has no effect here and is ignored.
2026-07-24 18:53:30,871 - sflow.task.server_3 - INFO - 0: You are using a model of type deepseek_v3 to instantiate a model of type . This is not supported for all configurations of models and can yield errors.
2026-07-24 18:53:30,871 - sflow.task.server_3 - INFO - 0: `torch_dtype` is deprecated! Use `dtype` instead!
2026-07-24 18:53:30,871 - sflow.task.server_3 - INFO - 0: [07/24/2026-18:53:30] [TRT-LLM] [W] Orchestrator is creating IPC executor
2026-07-24 18:53:30,871 - sflow.task.server_3 - INFO - 0: rank 0 using MpiCommSession to bind to external MPI processes
2026-07-24 18:53:30,871 - sflow.task.server_3 - INFO - 0:
2026-07-24 18:53:30,871 - sflow.task.server_3 - INFO - 0: [07/24/2026-18:53:30] [TRT-LLM] [I] Generating a new HMAC key for server proxy_request_queue
2026-07-24 18:53:30,871 - sflow.task.server_3 - INFO - 0: [07/24/2026-18:53:30] [TRT-LLM] [I] Generating a new HMAC key for server worker_init_status_queue
2026-07-24 18:53:30,871 - sflow.task.server_3 - INFO - 0: [07/24/2026-18:53:30] [TRT-LLM] [I] Generating a new HMAC key for server proxy_result_queue
2026-07-24 18:53:30,972 - sflow.task.server_3 - INFO - 6: /usr/local/lib/python3.12/dist-packages/modelopt/torch/__init__.py:36: UserWarning: transformers version 4.57.1 is incompatible with nvidia-modelopt and may cause issues. Please install recommended version with `pip install nvidia-modelopt[hf]` if working with HF models.
2026-07-24 18:53:30,972 - sflow.task.server_3 - INFO - 6:   _warnings.warn(
2026-07-24 18:53:35,047 - sflow.task.server_3 - INFO - 4: /usr/local/lib/python3.12/dist-packages/modelopt/torch/__init__.py:36: UserWarning: transformers version 4.57.1 is incompatible with nvidia-modelopt and may cause issues. Please install recommended version with `pip install nvidia-modelopt[hf]` if working with HF models.
2026-07-24 18:53:35,047 - sflow.task.server_3 - INFO - 4:   _warnings.warn(
2026-07-24 18:53:35,047 - sflow.task.server_3 - INFO - 7: /usr/local/lib/python3.12/dist-packages/modelopt/torch/__init__.py:36: UserWarning: transformers version 4.57.1 is incompatible with nvidia-modelopt and may cause issues. Please install recommended version with `pip install nvidia-modelopt[hf]` if working with HF models.
2026-07-24 18:53:35,047 - sflow.task.server_3 - INFO - 7:   _warnings.warn(
2026-07-24 18:53:38,137 - sflow.task.server_3 - INFO - 4: [TensorRT-LLM] TensorRT LLM version: 1.3.0rc0
2026-07-24 18:53:38,137 - sflow.task.server_3 - INFO - 7: [TensorRT-LLM] TensorRT LLM version: 1.3.0rc0
2026-07-24 18:53:38,137 - sflow.task.server_3 - INFO - 0: [TensorRT-LLM] TensorRT LLM version: 1.3.0rc0
2026-07-24 18:53:38,137 - sflow.task.server_3 - INFO - 6: [TensorRT-LLM] TensorRT LLM version: 1.3.0rc0
2026-07-24 18:53:38,137 - sflow.task.server_3 - INFO - 1: [TensorRT-LLM] TensorRT LLM version: 1.3.0rc0
2026-07-24 18:53:38,137 - sflow.task.server_3 - INFO - 5: [TensorRT-LLM] TensorRT LLM version: 1.3.0rc0
2026-07-24 18:53:38,137 - sflow.task.server_3 - INFO - 2: [TensorRT-LLM] TensorRT LLM version: 1.3.0rc0
2026-07-24 18:53:38,137 - sflow.task.server_3 - INFO - 3: [TensorRT-LLM] TensorRT LLM version: 1.3.0rc0
2026-07-24 18:53:39,001 - sflow.task.server_3 - INFO - 4: [TensorRT-LLM][INFO] Refreshed the MPI local session
2026-07-24 18:53:39,001 - sflow.task.server_3 - INFO - 1: [TensorRT-LLM][INFO] Refreshed the MPI local session
2026-07-24 18:53:39,001 - sflow.task.server_3 - INFO - 6: [TensorRT-LLM][INFO] Refreshed the MPI local session
2026-07-24 18:53:39,001 - sflow.task.server_3 - INFO - 2: [TensorRT-LLM][INFO] Refreshed the MPI local session
2026-07-24 18:53:39,001 - sflow.task.server_3 - INFO - 7: [TensorRT-LLM][INFO] Refreshed the MPI local session
2026-07-24 18:53:39,001 - sflow.task.server_3 - INFO - 3: [TensorRT-LLM][INFO] Refreshed the MPI local session
2026-07-24 18:53:39,001 - sflow.task.server_3 - INFO - 5: [TensorRT-LLM][INFO] Refreshed the MPI local session
2026-07-24 18:53:39,001 - sflow.task.server_3 - INFO - 0: [TensorRT-LLM][INFO] Refreshed the MPI local session
2026-07-24 18:53:39,967 - sflow.task.server_3 - INFO - 0: [07/24/2026-18:53:39] [TRT-LLM] [RANK 0] [I] Worker process 479280 CPU affinity set to [0, 1, 2, 3, 4, 5, 6, 7, 8, 9, 10, 11, 12, 13, 14, 15, 16, 17, 18, 19, 20, 21, 22, 23, 24, 25, 26, 27, 28, 29, 30, 31, 32, 33, 34, 35, 36, 37, 38, 39, 40, 41, 42, 43, 44, 45, 46, 47, 48, 49, 50, 51, 52, 53, 54, 55, 56, 57, 58, 59, 60, 61, 62, 63, 64, 65, 66, 67, 68, 69] for optimal NUMA-aware scheduling.
2026-07-24 18:53:40,729 - sflow.task.server_3 - INFO - 0: /usr/local/lib/python3.12/dist-packages/tensorrt_llm/serve/openai_protocol.py:104: UserWarning: Field name "schema" in "ResponseFormat" shadows an attribute in parent "OpenAIBaseModel"
2026-07-24 18:53:40,729 - sflow.task.server_3 - INFO - 0:   class ResponseFormat(OpenAIBaseModel):
2026-07-24 18:53:40,780 - sflow.task.server_3 - INFO - 1: /usr/local/lib/python3.12/dist-packages/tensorrt_llm/serve/openai_protocol.py:104: UserWarning: Field name "schema" in "ResponseFormat" shadows an attribute in parent "OpenAIBaseModel"
2026-07-24 18:53:40,780 - sflow.task.server_3 - INFO - 1:   class ResponseFormat(OpenAIBaseModel):
2026-07-24 18:53:40,780 - sflow.task.server_3 - INFO - 6: /usr/local/lib/python3.12/dist-packages/tensorrt_llm/serve/openai_protocol.py:104: UserWarning: Field name "schema" in "ResponseFormat" shadows an attribute in parent "OpenAIBaseModel"
2026-07-24 18:53:40,780 - sflow.task.server_3 - INFO - 6:   class ResponseFormat(OpenAIBaseModel):
2026-07-24 18:53:40,780 - sflow.task.server_3 - INFO - 7: /usr/local/lib/python3.12/dist-packages/tensorrt_llm/serve/openai_protocol.py:104: UserWarning: Field name "schema" in "ResponseFormat" shadows an attribute in parent "OpenAIBaseModel"
2026-07-24 18:53:40,780 - sflow.task.server_3 - INFO - 7:   class ResponseFormat(OpenAIBaseModel):
2026-07-24 18:53:40,830 - sflow.task.server_3 - INFO - 3: /usr/local/lib/python3.12/dist-packages/tensorrt_llm/serve/openai_protocol.py:104: UserWarning: Field name "schema" in "ResponseFormat" shadows an attribute in parent "OpenAIBaseModel"
2026-07-24 18:53:40,830 - sflow.task.server_3 - INFO - 3:   class ResponseFormat(OpenAIBaseModel):
2026-07-24 18:53:40,881 - sflow.task.server_3 - INFO - 5: /usr/local/lib/python3.12/dist-packages/tensorrt_llm/serve/openai_protocol.py:104: UserWarning: Field name "schema" in "ResponseFormat" shadows an attribute in parent "OpenAIBaseModel"
2026-07-24 18:53:40,881 - sflow.task.server_3 - INFO - 5:   class ResponseFormat(OpenAIBaseModel):
2026-07-24 18:53:40,881 - sflow.task.server_3 - INFO - 0: [07/24/2026-18:53:40] [TRT-LLM] [RANK 0] [I] ATTENTION RUNTIME FEATURES:  AttentionRuntimeFeatures(chunked_prefill=False, cache_reuse=False, has_speculative_draft_tokens=False, chunk_size=3456, chunked_prefill_buffer_batch_size=4)
2026-07-24 18:53:40,881 - sflow.task.server_3 - INFO - 0: `torch_dtype` is deprecated! Use `dtype` instead!
2026-07-24 18:53:40,881 - sflow.task.server_3 - INFO - 0: [07/24/2026-18:53:40] [TRT-LLM] [RANK 0] [I] Validating KV Cache config against kv_cache_dtype="fp8"
2026-07-24 18:53:40,881 - sflow.task.server_3 - INFO - 1: `torch_dtype` is deprecated! Use `dtype` instead!
2026-07-24 18:53:40,932 - sflow.task.server_3 - INFO - 0: [07/24/2026-18:53:40] [TRT-LLM] [RANK 0] [I] Detect inter-node TP between rank 0 and rank 1, fail to access peer GPU memory
2026-07-24 18:53:41,034 - sflow.task.server_3 - INFO - 6: `torch_dtype` is deprecated! Use `dtype` instead!
2026-07-24 18:53:41,034 - sflow.task.server_3 - INFO - 0: [07/24/2026-18:53:41] [TRT-LLM] [RANK 0] [I] Detect inter-node TP between rank 0 and rank 1, fail to access peer GPU memory
2026-07-24 18:53:41,034 - sflow.task.server_3 - INFO - 5: `torch_dtype` is deprecated! Use `dtype` instead!
2026-07-24 18:53:41,034 - sflow.task.server_3 - INFO - 0: [07/24/2026-18:53:41] [TRT-LLM] [RANK 0] [I] Detect inter-node TP between rank 0 and rank 1, fail to access peer GPU memory
2026-07-24 18:53:41,034 - sflow.task.server_3 - INFO - 0: [07/24/2026-18:53:41] [TRT-LLM] [RANK 0] [I] Detect inter-node TP between rank 0 and rank 1, fail to access peer GPU memory
2026-07-24 18:53:41,034 - sflow.task.server_3 - INFO - 7: `torch_dtype` is deprecated! Use `dtype` instead!
2026-07-24 18:53:41,085 - sflow.task.server_3 - INFO - 3: `torch_dtype` is deprecated! Use `dtype` instead!
2026-07-24 18:53:41,085 - sflow.task.server_3 - INFO - 0: [07/24/2026-18:53:41] [TRT-LLM] [RANK 0] [I] NVLinkOneSided: Allocating workspace with size 795101568 bytes.ep_rank: 0, ep_size: 8, top_k: 8, max_num_tokens_per_rank: 3456
2026-07-24 18:53:41,187 - sflow.task.server_3 - INFO - 2: /usr/local/lib/python3.12/dist-packages/tensorrt_llm/serve/openai_protocol.py:104: UserWarning: Field name "schema" in "ResponseFormat" shadows an attribute in parent "OpenAIBaseModel"
2026-07-24 18:53:41,187 - sflow.task.server_3 - INFO - 2:   class ResponseFormat(OpenAIBaseModel):
2026-07-24 18:53:41,238 - sflow.task.server_3 - INFO - 4: /usr/local/lib/python3.12/dist-packages/tensorrt_llm/serve/openai_protocol.py:104: UserWarning: Field name "schema" in "ResponseFormat" shadows an attribute in parent "OpenAIBaseModel"
2026-07-24 18:53:41,238 - sflow.task.server_3 - INFO - 4:   class ResponseFormat(OpenAIBaseModel):
2026-07-24 18:53:41,391 - sflow.task.server_3 - INFO - 2: `torch_dtype` is deprecated! Use `dtype` instead!
2026-07-24 18:53:41,442 - sflow.task.server_3 - INFO - 4: `torch_dtype` is deprecated! Use `dtype` instead!
2026-07-24 18:53:41,646 - sflow.task.server_3 - INFO - 0: [07/24/2026-18:53:41] [TRT-LLM] [RANK 0] [I] [MnnvlMemory] creating address with stride=1073741824
2026-07-24 18:53:42,053 - sflow.task.server_3 - INFO - 0: [07/24/2026-18:53:42] [TRT-LLM] [RANK 0] [I] Selected communication strategy: NVLinkOneSided
2026-07-24 18:53:42,053 - sflow.task.server_3 - INFO - 0: [07/24/2026-18:53:42] [TRT-LLM] [RANK 0] [I] Detect inter-node TP between rank 0 and rank 1, fail to access peer GPU memory
2026-07-24 18:53:42,969 - sflow.task.server_3 - INFO - 0: [07/24/2026-18:53:42] [TRT-LLM] [RANK 0] [I] Selected communication strategy: NVLinkOneSided
2026-07-24 18:53:42,969 - sflow.task.server_3 - INFO - 0: [07/24/2026-18:53:42] [TRT-LLM] [RANK 0] [I] Detect inter-node TP between rank 0 and rank 1, fail to access peer GPU memory
2026-07-24 18:53:43,884 - sflow.task.server_3 - INFO - 0: [07/24/2026-18:53:43] [TRT-LLM] [RANK 0] [I] Selected communication strategy: NVLinkOneSided
2026-07-24 18:53:43,884 - sflow.task.server_3 - INFO - 0: [07/24/2026-18:53:43] [TRT-LLM] [RANK 0] [I] Detect inter-node TP between rank 0 and rank 1, fail to access peer GPU memory
2026-07-24 18:53:44,850 - sflow.task.server_3 - INFO - 0: [07/24/2026-18:53:44] [TRT-LLM] [RANK 0] [I] Selected communication strategy: NVLinkOneSided
2026-07-24 18:53:44,850 - sflow.task.server_3 - INFO - 0: [07/24/2026-18:53:44] [TRT-LLM] [RANK 0] [I] Detect inter-node TP between rank 0 and rank 1, fail to access peer GPU memory
2026-07-24 18:53:45,764 - sflow.task.server_3 - INFO - 0: [07/24/2026-18:53:45] [TRT-LLM] [RANK 0] [I] Selected communication strategy: NVLinkOneSided
2026-07-24 18:53:45,764 - sflow.task.server_3 - INFO - 0: [07/24/2026-18:53:45] [TRT-LLM] [RANK 0] [I] Detect inter-node TP between rank 0 and rank 1, fail to access peer GPU memory
2026-07-24 18:53:46,679 - sflow.task.server_3 - INFO - 0: [07/24/2026-18:53:46] [TRT-LLM] [RANK 0] [I] Selected communication strategy: NVLinkOneSided
2026-07-24 18:53:46,679 - sflow.task.server_3 - INFO - 0: [07/24/2026-18:53:46] [TRT-LLM] [RANK 0] [I] Detect inter-node TP between rank 0 and rank 1, fail to access peer GPU memory
2026-07-24 18:53:47,645 - sflow.task.server_3 - INFO - 0: [07/24/2026-18:53:47] [TRT-LLM] [RANK 0] [I] Selected communication strategy: NVLinkOneSided
2026-07-24 18:53:47,645 - sflow.task.server_3 - INFO - 0: [07/24/2026-18:53:47] [TRT-LLM] [RANK 0] [I] Detect inter-node TP between rank 0 and rank 1, fail to access peer GPU memory
2026-07-24 18:53:48,559 - sflow.task.server_3 - INFO - 0: [07/24/2026-18:53:48] [TRT-LLM] [RANK 0] [I] Selected communication strategy: NVLinkOneSided
2026-07-24 18:53:48,559 - sflow.task.server_3 - INFO - 0: [07/24/2026-18:53:48] [TRT-LLM] [RANK 0] [I] Detect inter-node TP between rank 0 and rank 1, fail to access peer GPU memory
2026-07-24 18:53:49,523 - sflow.task.server_3 - INFO - 0: [07/24/2026-18:53:49] [TRT-LLM] [RANK 0] [I] Selected communication strategy: NVLinkOneSided
2026-07-24 18:53:49,523 - sflow.task.server_3 - INFO - 0: [07/24/2026-18:53:49] [TRT-LLM] [RANK 0] [I] Detect inter-node TP between rank 0 and rank 1, fail to access peer GPU memory
2026-07-24 18:53:50,438 - sflow.task.server_3 - INFO - 0: [07/24/2026-18:53:50] [TRT-LLM] [RANK 0] [I] Selected communication strategy: NVLinkOneSided
2026-07-24 18:53:50,438 - sflow.task.server_3 - INFO - 0: [07/24/2026-18:53:50] [TRT-LLM] [RANK 0] [I] Detect inter-node TP between rank 0 and rank 1, fail to access peer GPU memory
2026-07-24 18:53:51,403 - sflow.task.server_3 - INFO - 0: [07/24/2026-18:53:51] [TRT-LLM] [RANK 0] [I] Selected communication strategy: NVLinkOneSided
2026-07-24 18:53:51,403 - sflow.task.server_3 - INFO - 0: [07/24/2026-18:53:51] [TRT-LLM] [RANK 0] [I] Detect inter-node TP between rank 0 and rank 1, fail to access peer GPU memory
2026-07-24 18:53:52,318 - sflow.task.server_3 - INFO - 0: [07/24/2026-18:53:52] [TRT-LLM] [RANK 0] [I] Selected communication strategy: NVLinkOneSided
2026-07-24 18:53:52,318 - sflow.task.server_3 - INFO - 0: [07/24/2026-18:53:52] [TRT-LLM] [RANK 0] [I] Detect inter-node TP between rank 0 and rank 1, fail to access peer GPU memory
2026-07-24 18:53:53,233 - sflow.task.server_3 - INFO - 0: [07/24/2026-18:53:53] [TRT-LLM] [RANK 0] [I] Selected communication strategy: NVLinkOneSided
2026-07-24 18:53:53,233 - sflow.task.server_3 - INFO - 0: [07/24/2026-18:53:53] [TRT-LLM] [RANK 0] [I] Detect inter-node TP between rank 0 and rank 1, fail to access peer GPU memory
2026-07-24 18:53:54,198 - sflow.task.server_3 - INFO - 0: [07/24/2026-18:53:54] [TRT-LLM] [RANK 0] [I] Selected communication strategy: NVLinkOneSided
2026-07-24 18:53:54,198 - sflow.task.server_3 - INFO - 0: [07/24/2026-18:53:54] [TRT-LLM] [RANK 0] [I] Detect inter-node TP between rank 0 and rank 1, fail to access peer GPU memory
2026-07-24 18:53:55,112 - sflow.task.server_3 - INFO - 0: [07/24/2026-18:53:55] [TRT-LLM] [RANK 0] [I] Selected communication strategy: NVLinkOneSided
2026-07-24 18:53:55,112 - sflow.task.server_3 - INFO - 0: [07/24/2026-18:53:55] [TRT-LLM] [RANK 0] [I] Detect inter-node TP between rank 0 and rank 1, fail to access peer GPU memory
2026-07-24 18:53:56,077 - sflow.task.server_3 - INFO - 0: [07/24/2026-18:53:56] [TRT-LLM] [RANK 0] [I] Selected communication strategy: NVLinkOneSided
2026-07-24 18:53:56,077 - sflow.task.server_3 - INFO - 0: [07/24/2026-18:53:56] [TRT-LLM] [RANK 0] [I] Detect inter-node TP between rank 0 and rank 1, fail to access peer GPU memory
2026-07-24 18:53:56,991 - sflow.task.server_3 - INFO - 0: [07/24/2026-18:53:56] [TRT-LLM] [RANK 0] [I] Selected communication strategy: NVLinkOneSided
2026-07-24 18:53:56,991 - sflow.task.server_3 - INFO - 0: [07/24/2026-18:53:56] [TRT-LLM] [RANK 0] [I] Detect inter-node TP between rank 0 and rank 1, fail to access peer GPU memory
2026-07-24 18:53:57,905 - sflow.task.server_3 - INFO - 0: [07/24/2026-18:53:57] [TRT-LLM] [RANK 0] [I] Selected communication strategy: NVLinkOneSided
2026-07-24 18:53:57,905 - sflow.task.server_3 - INFO - 0: [07/24/2026-18:53:57] [TRT-LLM] [RANK 0] [I] Detect inter-node TP between rank 0 and rank 1, fail to access peer GPU memory
2026-07-24 18:53:58,869 - sflow.task.server_3 - INFO - 0: [07/24/2026-18:53:58] [TRT-LLM] [RANK 0] [I] Selected communication strategy: NVLinkOneSided
2026-07-24 18:53:58,869 - sflow.task.server_3 - INFO - 0: [07/24/2026-18:53:58] [TRT-LLM] [RANK 0] [I] Detect inter-node TP between rank 0 and rank 1, fail to access peer GPU memory
2026-07-24 18:53:59,834 - sflow.task.server_3 - INFO - 0: [07/24/2026-18:53:59] [TRT-LLM] [RANK 0] [I] Selected communication strategy: NVLinkOneSided
2026-07-24 18:53:59,834 - sflow.task.server_3 - INFO - 0: [07/24/2026-18:53:59] [TRT-LLM] [RANK 0] [I] Detect inter-node TP between rank 0 and rank 1, fail to access peer GPU memory
2026-07-24 18:54:00,748 - sflow.task.server_3 - INFO - 0: [07/24/2026-18:54:00] [TRT-LLM] [RANK 0] [I] Selected communication strategy: NVLinkOneSided
2026-07-24 18:54:00,748 - sflow.task.server_3 - INFO - 0: [07/24/2026-18:54:00] [TRT-LLM] [RANK 0] [I] Detect inter-node TP between rank 0 and rank 1, fail to access peer GPU memory
2026-07-24 18:54:01,575 - sflow.task.server_3 - INFO - 0: [07/24/2026-18:54:01] [TRT-LLM] [RANK 0] [I] Selected communication strategy: NVLinkOneSided
2026-07-24 18:54:01,575 - sflow.task.server_3 - INFO - 0: [07/24/2026-18:54:01] [TRT-LLM] [RANK 0] [I] Detect inter-node TP between rank 0 and rank 1, fail to access peer GPU memory
2026-07-24 18:54:02,081 - sflow.task.server_3 - INFO - 0: [07/24/2026-18:54:02] [TRT-LLM] [RANK 0] [I] Selected communication strategy: NVLinkOneSided
2026-07-24 18:54:02,081 - sflow.task.server_3 - INFO - 0: [07/24/2026-18:54:02] [TRT-LLM] [RANK 0] [I] Detect inter-node TP between rank 0 and rank 1, fail to access peer GPU memory
2026-07-24 18:54:02,793 - sflow.task.server_3 - INFO - 0: [07/24/2026-18:54:02] [TRT-LLM] [RANK 0] [I] Selected communication strategy: NVLinkOneSided
2026-07-24 18:54:02,793 - sflow.task.server_3 - INFO - 0: [07/24/2026-18:54:02] [TRT-LLM] [RANK 0] [I] Detect inter-node TP between rank 0 and rank 1, fail to access peer GPU memory
2026-07-24 18:54:03,401 - sflow.task.server_3 - INFO - 0: [07/24/2026-18:54:03] [TRT-LLM] [RANK 0] [I] Selected communication strategy: NVLinkOneSided
2026-07-24 18:54:03,401 - sflow.task.server_3 - INFO - 0: [07/24/2026-18:54:03] [TRT-LLM] [RANK 0] [I] Detect inter-node TP between rank 0 and rank 1, fail to access peer GPU memory
2026-07-24 18:54:04,009 - sflow.task.server_3 - INFO - 0: [07/24/2026-18:54:03] [TRT-LLM] [RANK 0] [I] Selected communication strategy: NVLinkOneSided
2026-07-24 18:54:04,009 - sflow.task.server_3 - INFO - 0: [07/24/2026-18:54:03] [TRT-LLM] [RANK 0] [I] Detect inter-node TP between rank 0 and rank 1, fail to access peer GPU memory
2026-07-24 18:54:04,568 - sflow.task.server_3 - INFO - 0: [07/24/2026-18:54:04] [TRT-LLM] [RANK 0] [I] Selected communication strategy: NVLinkOneSided
2026-07-24 18:54:04,568 - sflow.task.server_3 - INFO - 0: [07/24/2026-18:54:04] [TRT-LLM] [RANK 0] [I] Detect inter-node TP between rank 0 and rank 1, fail to access peer GPU memory
2026-07-24 18:54:05,075 - sflow.task.server_3 - INFO - 0: [07/24/2026-18:54:05] [TRT-LLM] [RANK 0] [I] Selected communication strategy: NVLinkOneSided
2026-07-24 18:54:05,075 - sflow.task.server_3 - INFO - 0: [07/24/2026-18:54:05] [TRT-LLM] [RANK 0] [I] Detect inter-node TP between rank 0 and rank 1, fail to access peer GPU memory
2026-07-24 18:54:05,735 - sflow.task.server_3 - INFO - 0: [07/24/2026-18:54:05] [TRT-LLM] [RANK 0] [I] Selected communication strategy: NVLinkOneSided
2026-07-24 18:54:05,735 - sflow.task.server_3 - INFO - 0: [07/24/2026-18:54:05] [TRT-LLM] [RANK 0] [I] Detect inter-node TP between rank 0 and rank 1, fail to access peer GPU memory
2026-07-24 18:54:06,344 - sflow.task.server_3 - INFO - 0: [07/24/2026-18:54:06] [TRT-LLM] [RANK 0] [I] Selected communication strategy: NVLinkOneSided
2026-07-24 18:54:06,344 - sflow.task.server_3 - INFO - 0: [07/24/2026-18:54:06] [TRT-LLM] [RANK 0] [I] Detect inter-node TP between rank 0 and rank 1, fail to access peer GPU memory
2026-07-24 18:54:06,952 - sflow.task.server_3 - INFO - 0: [07/24/2026-18:54:06] [TRT-LLM] [RANK 0] [I] Selected communication strategy: NVLinkOneSided
2026-07-24 18:54:06,952 - sflow.task.server_3 - INFO - 0: [07/24/2026-18:54:06] [TRT-LLM] [RANK 0] [I] Detect inter-node TP between rank 0 and rank 1, fail to access peer GPU memory
2026-07-24 18:54:07,510 - sflow.task.server_3 - INFO - 0: [07/24/2026-18:54:07] [TRT-LLM] [RANK 0] [I] Selected communication strategy: NVLinkOneSided
2026-07-24 18:54:07,510 - sflow.task.server_3 - INFO - 0: [07/24/2026-18:54:07] [TRT-LLM] [RANK 0] [I] Detect inter-node TP between rank 0 and rank 1, fail to access peer GPU memory
2026-07-24 18:54:08,067 - sflow.task.server_3 - INFO - 0: [07/24/2026-18:54:08] [TRT-LLM] [RANK 0] [I] Selected communication strategy: NVLinkOneSided
2026-07-24 18:54:08,067 - sflow.task.server_3 - INFO - 0: [07/24/2026-18:54:08] [TRT-LLM] [RANK 0] [I] Detect inter-node TP between rank 0 and rank 1, fail to access peer GPU memory
2026-07-24 18:54:08,777 - sflow.task.server_3 - INFO - 0: [07/24/2026-18:54:08] [TRT-LLM] [RANK 0] [I] Selected communication strategy: NVLinkOneSided
2026-07-24 18:54:08,777 - sflow.task.server_3 - INFO - 0: [07/24/2026-18:54:08] [TRT-LLM] [RANK 0] [I] Detect inter-node TP between rank 0 and rank 1, fail to access peer GPU memory
2026-07-24 18:54:09,704 - sflow.task.server_3 - INFO - 0: [07/24/2026-18:54:09] [TRT-LLM] [RANK 0] [I] Selected communication strategy: NVLinkOneSided
2026-07-24 18:54:09,704 - sflow.task.server_3 - INFO - 0: [07/24/2026-18:54:09] [TRT-LLM] [RANK 0] [I] Detect inter-node TP between rank 0 and rank 1, fail to access peer GPU memory
2026-07-24 18:54:10,012 - sflow.task.server_3 - INFO - 0: [07/24/2026-18:54:10] [TRT-LLM] [RANK 0] [I] Selected communication strategy: NVLinkOneSided
2026-07-24 18:54:10,012 - sflow.task.server_3 - INFO - 0: [07/24/2026-18:54:10] [TRT-LLM] [RANK 0] [I] Detect inter-node TP between rank 0 and rank 1, fail to access peer GPU memory
2026-07-24 18:54:10,386 - sflow.task.server_3 - INFO - 0: [07/24/2026-18:54:10] [TRT-LLM] [RANK 0] [I] Selected communication strategy: NVLinkOneSided
2026-07-24 18:54:10,386 - sflow.task.server_3 - INFO - 0: [07/24/2026-18:54:10] [TRT-LLM] [RANK 0] [I] Detect inter-node TP between rank 0 and rank 1, fail to access peer GPU memory
2026-07-24 18:54:10,799 - sflow.task.server_3 - INFO - 0: [07/24/2026-18:54:10] [TRT-LLM] [RANK 0] [I] Selected communication strategy: NVLinkOneSided
2026-07-24 18:54:10,799 - sflow.task.server_3 - INFO - 0: [07/24/2026-18:54:10] [TRT-LLM] [RANK 0] [I] Detect inter-node TP between rank 0 and rank 1, fail to access peer GPU memory
2026-07-24 18:54:11,060 - sflow.task.server_3 - INFO - 0: [07/24/2026-18:54:11] [TRT-LLM] [RANK 0] [I] Selected communication strategy: NVLinkOneSided
2026-07-24 18:54:11,060 - sflow.task.server_3 - INFO - 0: [07/24/2026-18:54:11] [TRT-LLM] [RANK 0] [I] Detect inter-node TP between rank 0 and rank 1, fail to access peer GPU memory
2026-07-24 18:54:11,265 - sflow.task.server_3 - INFO - 0: [07/24/2026-18:54:11] [TRT-LLM] [RANK 0] [I] Selected communication strategy: NVLinkOneSided
2026-07-24 18:54:11,265 - sflow.task.server_3 - INFO - 0: [07/24/2026-18:54:11] [TRT-LLM] [RANK 0] [I] Detect inter-node TP between rank 0 and rank 1, fail to access peer GPU memory
2026-07-24 18:54:11,571 - sflow.task.server_3 - INFO - 0: [07/24/2026-18:54:11] [TRT-LLM] [RANK 0] [I] Selected communication strategy: NVLinkOneSided
2026-07-24 18:54:11,571 - sflow.task.server_3 - INFO - 0: [07/24/2026-18:54:11] [TRT-LLM] [RANK 0] [I] Detect inter-node TP between rank 0 and rank 1, fail to access peer GPU memory
2026-07-24 18:54:11,827 - sflow.task.server_3 - INFO - 0: [07/24/2026-18:54:11] [TRT-LLM] [RANK 0] [I] Selected communication strategy: NVLinkOneSided
2026-07-24 18:54:11,827 - sflow.task.server_3 - INFO - 0: [07/24/2026-18:54:11] [TRT-LLM] [RANK 0] [I] Detect inter-node TP between rank 0 and rank 1, fail to access peer GPU memory
2026-07-24 18:54:12,133 - sflow.task.server_3 - INFO - 0: [07/24/2026-18:54:12] [TRT-LLM] [RANK 0] [I] Selected communication strategy: NVLinkOneSided
2026-07-24 18:54:12,133 - sflow.task.server_3 - INFO - 0: [07/24/2026-18:54:12] [TRT-LLM] [RANK 0] [I] Detect inter-node TP between rank 0 and rank 1, fail to access peer GPU memory
2026-07-24 18:54:12,541 - sflow.task.server_3 - INFO - 0: [07/24/2026-18:54:12] [TRT-LLM] [RANK 0] [I] Selected communication strategy: NVLinkOneSided
2026-07-24 18:54:12,541 - sflow.task.server_3 - INFO - 0: [07/24/2026-18:54:12] [TRT-LLM] [RANK 0] [I] Detect inter-node TP between rank 0 and rank 1, fail to access peer GPU memory
2026-07-24 18:54:12,846 - sflow.task.server_3 - INFO - 0: [07/24/2026-18:54:12] [TRT-LLM] [RANK 0] [I] Selected communication strategy: NVLinkOneSided
2026-07-24 18:54:12,846 - sflow.task.server_3 - INFO - 0: [07/24/2026-18:54:12] [TRT-LLM] [RANK 0] [I] Detect inter-node TP between rank 0 and rank 1, fail to access peer GPU memory
2026-07-24 18:54:13,253 - sflow.task.server_3 - INFO - 0: [07/24/2026-18:54:13] [TRT-LLM] [RANK 0] [I] Selected communication strategy: NVLinkOneSided
2026-07-24 18:54:13,253 - sflow.task.server_3 - INFO - 0: [07/24/2026-18:54:13] [TRT-LLM] [RANK 0] [I] Detect inter-node TP between rank 0 and rank 1, fail to access peer GPU memory
2026-07-24 18:54:13,558 - sflow.task.server_3 - INFO - 0: [07/24/2026-18:54:13] [TRT-LLM] [RANK 0] [I] Selected communication strategy: NVLinkOneSided
2026-07-24 18:54:13,558 - sflow.task.server_3 - INFO - 0: [07/24/2026-18:54:13] [TRT-LLM] [RANK 0] [I] Detect inter-node TP between rank 0 and rank 1, fail to access peer GPU memory
2026-07-24 18:54:13,863 - sflow.task.server_3 - INFO - 0: [07/24/2026-18:54:13] [TRT-LLM] [RANK 0] [I] Selected communication strategy: NVLinkOneSided
2026-07-24 18:54:13,864 - sflow.task.server_3 - INFO - 0: [07/24/2026-18:54:13] [TRT-LLM] [RANK 0] [I] Detect inter-node TP between rank 0 and rank 1, fail to access peer GPU memory
2026-07-24 18:54:14,220 - sflow.task.server_3 - INFO - 0: [07/24/2026-18:54:14] [TRT-LLM] [RANK 0] [I] Selected communication strategy: NVLinkOneSided
2026-07-24 18:54:14,220 - sflow.task.server_3 - INFO - 0: [07/24/2026-18:54:14] [TRT-LLM] [RANK 0] [I] Detect inter-node TP between rank 0 and rank 1, fail to access peer GPU memory
2026-07-24 18:54:14,577 - sflow.task.server_3 - INFO - 0: [07/24/2026-18:54:14] [TRT-LLM] [RANK 0] [I] Selected communication strategy: NVLinkOneSided
2026-07-24 18:54:14,577 - sflow.task.server_3 - INFO - 0: [07/24/2026-18:54:14] [TRT-LLM] [RANK 0] [I] Detect inter-node TP between rank 0 and rank 1, fail to access peer GPU memory
2026-07-24 18:54:14,780 - sflow.task.server_3 - INFO - 0: [07/24/2026-18:54:14] [TRT-LLM] [RANK 0] [I] Selected communication strategy: NVLinkOneSided
2026-07-24 18:54:14,780 - sflow.task.server_3 - INFO - 0: [07/24/2026-18:54:14] [TRT-LLM] [RANK 0] [I] Detect inter-node TP between rank 0 and rank 1, fail to access peer GPU memory
2026-07-24 18:54:15,135 - sflow.task.server_3 - INFO - 0: [07/24/2026-18:54:15] [TRT-LLM] [RANK 0] [I] Selected communication strategy: NVLinkOneSided
2026-07-24 18:54:15,135 - sflow.task.server_3 - INFO - 0: [07/24/2026-18:54:15] [TRT-LLM] [RANK 0] [I] Detect inter-node TP between rank 0 and rank 1, fail to access peer GPU memory
2026-07-24 18:54:15,508 - sflow.task.server_3 - INFO - 0: [07/24/2026-18:54:15] [TRT-LLM] [RANK 0] [I] Selected communication strategy: NVLinkOneSided
2026-07-24 18:54:15,508 - sflow.task.server_3 - INFO - 0: [07/24/2026-18:54:15] [TRT-LLM] [RANK 0] [I] Detect inter-node TP between rank 0 and rank 1, fail to access peer GPU memory
2026-07-24 18:54:15,814 - sflow.task.server_3 - INFO - 0: [07/24/2026-18:54:15] [TRT-LLM] [RANK 0] [I] Selected communication strategy: NVLinkOneSided
2026-07-24 18:54:15,814 - sflow.task.server_3 - INFO - 0: [07/24/2026-18:54:15] [TRT-LLM] [RANK 0] [I] Detect inter-node TP between rank 0 and rank 1, fail to access peer GPU memory
2026-07-24 18:54:15,966 - sflow.task.server_3 - INFO - 0: [07/24/2026-18:54:15] [TRT-LLM] [RANK 0] [I] Selected communication strategy: NVLinkOneSided
2026-07-24 18:54:15,966 - sflow.task.server_3 - INFO - 0: [07/24/2026-18:54:15] [TRT-LLM] [RANK 0] [I] Detect inter-node TP between rank 0 and rank 1, fail to access peer GPU memory
2026-07-24 18:54:16,169 - sflow.task.server_3 - INFO - 0: [07/24/2026-18:54:16] [TRT-LLM] [RANK 0] [I] Selected communication strategy: NVLinkOneSided
2026-07-24 18:54:16,169 - sflow.task.server_3 - INFO - 0: [07/24/2026-18:54:16] [TRT-LLM] [RANK 0] [I] Detect inter-node TP between rank 0 and rank 1, fail to access peer GPU memory
2026-07-24 18:54:16,474 - sflow.task.server_3 - INFO - 0: [07/24/2026-18:54:16] [TRT-LLM] [RANK 0] [I] Selected communication strategy: NVLinkOneSided
2026-07-24 18:54:16,474 - sflow.task.server_3 - INFO - 0: [07/24/2026-18:54:16] [TRT-LLM] [RANK 0] [I] Detect inter-node TP between rank 0 and rank 1, fail to access peer GPU memory
2026-07-24 18:54:16,892 - sflow.task.server_3 - INFO - 0: [07/24/2026-18:54:16] [TRT-LLM] [RANK 0] [I] Selected communication strategy: NVLinkOneSided
2026-07-24 18:54:36,183 - sflow.task.server_3 - INFO - 0: [07/24/2026-18:54:36] [TRT-LLM] [RANK 0] [I] Use 62.01 GB for model weights.
2026-07-24 18:54:36,183 - sflow.task.server_3 - INFO - 0: [07/24/2026-18:54:36] [TRT-LLM] [RANK 0] [I] Prefetching 384.94GB checkpoint files.
2026-07-24 18:54:36,183 - sflow.task.server_3 - INFO - 0: [07/24/2026-18:54:36] [TRT-LLM] [RANK 0] [I] Prefetching /home/mlperf_inference_storage/models/deepseek-r1/fp4-quantized-modelopt/deepseek_r1-torch-fp4/model-00046-of-000163.safetensors to memory...
2026-07-24 18:54:36,183 - sflow.task.server_3 - INFO - 0: [07/24/2026-18:54:36] [TRT-LLM] [RANK 0] [I] Prefetching /home/mlperf_inference_storage/models/deepseek-r1/fp4-quantized-modelopt/deepseek_r1-torch-fp4/model-00087-of-000163.safetensors to memory...
2026-07-24 18:54:36,183 - sflow.task.server_3 - INFO - 0: [07/24/2026-18:54:36] [TRT-LLM] [RANK 0] [I] Prefetching /home/mlperf_inference_storage/models/deepseek-r1/fp4-quantized-modelopt/deepseek_r1-torch-fp4/model-00081-of-000163.safetensors to memory...
2026-07-24 18:54:36,183 - sflow.task.server_3 - INFO - 0: [07/24/2026-18:54:36] [TRT-LLM] [RANK 0] [I] Prefetching /home/mlperf_inference_storage/models/deepseek-r1/fp4-quantized-modelopt/deepseek_r1-torch-fp4/model-00110-of-000163.safetensors to memory...
2026-07-24 18:54:36,183 - sflow.task.server_3 - INFO - 0: [07/24/2026-18:54:36] [TRT-LLM] [RANK 0] [I] Prefetching /home/mlperf_inference_storage/models/deepseek-r1/fp4-quantized-modelopt/deepseek_r1-torch-fp4/model-00150-of-000163.safetensors to memory...
2026-07-24 18:54:36,183 - sflow.task.server_3 - INFO - 0: [07/24/2026-18:54:36] [TRT-LLM] [RANK 0] [I] Prefetching /home/mlperf_inference_storage/models/deepseek-r1/fp4-quantized-modelopt/deepseek_r1-torch-fp4/model-00148-of-000163.safetensors to memory...
2026-07-24 18:54:36,184 - sflow.task.server_3 - INFO - 0: [07/24/2026-18:54:36] [TRT-LLM] [RANK 0] [I] Prefetching /home/mlperf_inference_storage/models/deepseek-r1/fp4-quantized-modelopt/deepseek_r1-torch-fp4/model-00060-of-000163.safetensors to memory...
2026-07-24 18:54:36,184 - sflow.task.server_3 - INFO - 0: [07/24/2026-18:54:36] [TRT-LLM] [RANK 0] [I] Prefetching /home/mlperf_inference_storage/models/deepseek-r1/fp4-quantized-modelopt/deepseek_r1-torch-fp4/model-00065-of-000163.safetensors to memory...
2026-07-24 18:54:36,184 - sflow.task.server_3 - INFO - 0: [07/24/2026-18:54:36] [TRT-LLM] [RANK 0] [I] Prefetching /home/mlperf_inference_storage/models/deepseek-r1/fp4-quantized-modelopt/deepseek_r1-torch-fp4/model-00045-of-000163.safetensors to memory...
2026-07-24 18:54:36,184 - sflow.task.server_3 - INFO - 0: [07/24/2026-18:54:36] [TRT-LLM] [RANK 0] [I] Prefetching /home/mlperf_inference_storage/models/deepseek-r1/fp4-quantized-modelopt/deepseek_r1-torch-fp4/model-00070-of-000163.safetensors to memory...
2026-07-24 18:54:36,184 - sflow.task.server_3 - INFO - 0: [07/24/2026-18:54:36] [TRT-LLM] [RANK 0] [I] Prefetching /home/mlperf_inference_storage/models/deepseek-r1/fp4-quantized-modelopt/deepseek_r1-torch-fp4/model-00043-of-000163.safetensors to memory...
2026-07-24 18:54:36,184 - sflow.task.server_3 - INFO - 0: [07/24/2026-18:54:36] [TRT-LLM] [RANK 0] [I] Prefetching /home/mlperf_inference_storage/models/deepseek-r1/fp4-quantized-modelopt/deepseek_r1-torch-fp4/model-00119-of-000163.safetensors to memory...
2026-07-24 18:54:36,184 - sflow.task.server_3 - INFO - 0: [07/24/2026-18:54:36] [TRT-LLM] [RANK 0] [I] Prefetching /home/mlperf_inference_storage/models/deepseek-r1/fp4-quantized-modelopt/deepseek_r1-torch-fp4/model-00014-of-000163.safetensors to memory...
2026-07-24 18:54:36,184 - sflow.task.server_3 - INFO - 0: [07/24/2026-18:54:36] [TRT-LLM] [RANK 0] [I] Prefetching /home/mlperf_inference_storage/models/deepseek-r1/fp4-quantized-modelopt/deepseek_r1-torch-fp4/model-00086-of-000163.safetensors to memory...
2026-07-24 18:54:36,184 - sflow.task.server_3 - INFO - 0: [07/24/2026-18:54:36] [TRT-LLM] [RANK 0] [I] Prefetching /home/mlperf_inference_storage/models/deepseek-r1/fp4-quantized-modelopt/deepseek_r1-torch-fp4/model-00128-of-000163.safetensors to memory...
2026-07-24 18:54:36,184 - sflow.task.server_3 - INFO - 0: [07/24/2026-18:54:36] [TRT-LLM] [RANK 0] [I] Prefetching /home/mlperf_inference_storage/models/deepseek-r1/fp4-quantized-modelopt/deepseek_r1-torch-fp4/model-00102-of-000163.safetensors to memory...
2026-07-24 18:54:57,945 - sflow.task.server_3 - INFO - 0: [07/24/2026-18:54:57] [TRT-LLM] [RANK 0] [I] Finished prefetching /home/mlperf_inference_storage/models/deepseek-r1/fp4-quantized-modelopt/deepseek_r1-torch-fp4/model-00087-of-000163.safetensors.
2026-07-24 18:54:57,945 - sflow.task.server_3 - INFO - 0: [07/24/2026-18:54:57] [TRT-LLM] [RANK 0] [I] Prefetching /home/mlperf_inference_storage/models/deepseek-r1/fp4-quantized-modelopt/deepseek_r1-torch-fp4/model-00156-of-000163.safetensors to memory...
2026-07-24 18:54:57,996 - sflow.task.server_3 - INFO - 0: [07/24/2026-18:54:57] [TRT-LLM] [RANK 0] [I] Finished prefetching /home/mlperf_inference_storage/models/deepseek-r1/fp4-quantized-modelopt/deepseek_r1-torch-fp4/model-00110-of-000163.safetensors.
2026-07-24 18:54:57,996 - sflow.task.server_3 - INFO - 0: [07/24/2026-18:54:57] [TRT-LLM] [RANK 0] [I] Prefetching /home/mlperf_inference_storage/models/deepseek-r1/fp4-quantized-modelopt/deepseek_r1-torch-fp4/model-00067-of-000163.safetensors to memory...
2026-07-24 18:54:58,302 - sflow.task.server_3 - INFO - 0: [07/24/2026-18:54:58] [TRT-LLM] [RANK 0] [I] Finished prefetching /home/mlperf_inference_storage/models/deepseek-r1/fp4-quantized-modelopt/deepseek_r1-torch-fp4/model-00081-of-000163.safetensors.
2026-07-24 18:54:58,302 - sflow.task.server_3 - INFO - 0: [07/24/2026-18:54:58] [TRT-LLM] [RANK 0] [I] Finished prefetching /home/mlperf_inference_storage/models/deepseek-r1/fp4-quantized-modelopt/deepseek_r1-torch-fp4/model-00046-of-000163.safetensors.
2026-07-24 18:54:58,303 - sflow.task.server_3 - INFO - 0: [07/24/2026-18:54:58] [TRT-LLM] [RANK 0] [I] Prefetching /home/mlperf_inference_storage/models/deepseek-r1/fp4-quantized-modelopt/deepseek_r1-torch-fp4/model-00088-of-000163.safetensors to memory...
2026-07-24 18:54:58,303 - sflow.task.server_3 - INFO - 0: [07/24/2026-18:54:58] [TRT-LLM] [RANK 0] [I] Prefetching /home/mlperf_inference_storage/models/deepseek-r1/fp4-quantized-modelopt/deepseek_r1-torch-fp4/model-00012-of-000163.safetensors to memory...
2026-07-24 18:54:59,168 - sflow.task.server_3 - INFO - 0: [07/24/2026-18:54:59] [TRT-LLM] [RANK 0] [I] Finished prefetching /home/mlperf_inference_storage/models/deepseek-r1/fp4-quantized-modelopt/deepseek_r1-torch-fp4/model-00060-of-000163.safetensors.
2026-07-24 18:54:59,168 - sflow.task.server_3 - INFO - 0: [07/24/2026-18:54:59] [TRT-LLM] [RANK 0] [I] Prefetching /home/mlperf_inference_storage/models/deepseek-r1/fp4-quantized-modelopt/deepseek_r1-torch-fp4/model-00039-of-000163.safetensors to memory...
2026-07-24 18:54:59,220 - sflow.task.server_3 - INFO - 0: [07/24/2026-18:54:59] [TRT-LLM] [RANK 0] [I] Finished prefetching /home/mlperf_inference_storage/models/deepseek-r1/fp4-quantized-modelopt/deepseek_r1-torch-fp4/model-00045-of-000163.safetensors.
2026-07-24 18:54:59,220 - sflow.task.server_3 - INFO - 0: [07/24/2026-18:54:59] [TRT-LLM] [RANK 0] [I] Prefetching /home/mlperf_inference_storage/models/deepseek-r1/fp4-quantized-modelopt/deepseek_r1-torch-fp4/model-00127-of-000163.safetensors to memory...
2026-07-24 18:54:59,423 - sflow.task.server_3 - INFO - 0: [07/24/2026-18:54:59] [TRT-LLM] [RANK 0] [I] Finished prefetching /home/mlperf_inference_storage/models/deepseek-r1/fp4-quantized-modelopt/deepseek_r1-torch-fp4/model-00065-of-000163.safetensors.
2026-07-24 18:54:59,424 - sflow.task.server_3 - INFO - 0: [07/24/2026-18:54:59] [TRT-LLM] [RANK 0] [I] Prefetching /home/mlperf_inference_storage/models/deepseek-r1/fp4-quantized-modelopt/deepseek_r1-torch-fp4/model-00024-of-000163.safetensors to memory...
2026-07-24 18:54:59,678 - sflow.task.server_3 - INFO - 0: [07/24/2026-18:54:59] [TRT-LLM] [RANK 0] [I] Finished prefetching /home/mlperf_inference_storage/models/deepseek-r1/fp4-quantized-modelopt/deepseek_r1-torch-fp4/model-00150-of-000163.safetensors.
2026-07-24 18:54:59,678 - sflow.task.server_3 - INFO - 0: [07/24/2026-18:54:59] [TRT-LLM] [RANK 0] [I] Prefetching /home/mlperf_inference_storage/models/deepseek-r1/fp4-quantized-modelopt/deepseek_r1-torch-fp4/model-00157-of-000163.safetensors to memory...
2026-07-24 18:54:59,881 - sflow.task.server_3 - INFO - 0: [07/24/2026-18:54:59] [TRT-LLM] [RANK 0] [I] Finished prefetching /home/mlperf_inference_storage/models/deepseek-r1/fp4-quantized-modelopt/deepseek_r1-torch-fp4/model-00086-of-000163.safetensors.
2026-07-24 18:54:59,881 - sflow.task.server_3 - INFO - 0: [07/24/2026-18:54:59] [TRT-LLM] [RANK 0] [I] Prefetching /home/mlperf_inference_storage/models/deepseek-r1/fp4-quantized-modelopt/deepseek_r1-torch-fp4/model-00056-of-000163.safetensors to memory...
2026-07-24 18:55:00,238 - sflow.task.server_3 - INFO - 0: [07/24/2026-18:55:00] [TRT-LLM] [RANK 0] [I] Finished prefetching /home/mlperf_inference_storage/models/deepseek-r1/fp4-quantized-modelopt/deepseek_r1-torch-fp4/model-00070-of-000163.safetensors.
2026-07-24 18:55:00,238 - sflow.task.server_3 - INFO - 0: [07/24/2026-18:55:00] [TRT-LLM] [RANK 0] [I] Prefetching /home/mlperf_inference_storage/models/deepseek-r1/fp4-quantized-modelopt/deepseek_r1-torch-fp4/model-00041-of-000163.safetensors to memory...
2026-07-24 18:55:00,340 - sflow.task.server_3 - INFO - 0: [07/24/2026-18:55:00] [TRT-LLM] [RANK 0] [I] Finished prefetching /home/mlperf_inference_storage/models/deepseek-r1/fp4-quantized-modelopt/deepseek_r1-torch-fp4/model-00148-of-000163.safetensors.
2026-07-24 18:55:00,340 - sflow.task.server_3 - INFO - 0: [07/24/2026-18:55:00] [TRT-LLM] [RANK 0] [I] Prefetching /home/mlperf_inference_storage/models/deepseek-r1/fp4-quantized-modelopt/deepseek_r1-torch-fp4/model-00097-of-000163.safetensors to memory...
2026-07-24 18:55:01,310 - sflow.task.server_3 - INFO - 0: [07/24/2026-18:55:01] [TRT-LLM] [RANK 0] [I] Finished prefetching /home/mlperf_inference_storage/models/deepseek-r1/fp4-quantized-modelopt/deepseek_r1-torch-fp4/model-00119-of-000163.safetensors.
2026-07-24 18:55:01,310 - sflow.task.server_3 - INFO - 0: [07/24/2026-18:55:01] [TRT-LLM] [RANK 0] [I] Prefetching /home/mlperf_inference_storage/models/deepseek-r1/fp4-quantized-modelopt/deepseek_r1-torch-fp4/model-00021-of-000163.safetensors to memory...
2026-07-24 18:55:02,178 - sflow.task.server_3 - INFO - 0: [07/24/2026-18:55:02] [TRT-LLM] [RANK 0] [I] Finished prefetching /home/mlperf_inference_storage/models/deepseek-r1/fp4-quantized-modelopt/deepseek_r1-torch-fp4/model-00128-of-000163.safetensors.
2026-07-24 18:55:02,178 - sflow.task.server_3 - INFO - 0: [07/24/2026-18:55:02] [TRT-LLM] [RANK 0] [I] Prefetching /home/mlperf_inference_storage/models/deepseek-r1/fp4-quantized-modelopt/deepseek_r1-torch-fp4/model-00082-of-000163.safetensors to memory...
2026-07-24 18:55:02,485 - sflow.task.server_3 - INFO - 0: [07/24/2026-18:55:02] [TRT-LLM] [RANK 0] [I] Finished prefetching /home/mlperf_inference_storage/models/deepseek-r1/fp4-quantized-modelopt/deepseek_r1-torch-fp4/model-00102-of-000163.safetensors.
2026-07-24 18:55:02,485 - sflow.task.server_3 - INFO - 0: [07/24/2026-18:55:02] [TRT-LLM] [RANK 0] [I] Prefetching /home/mlperf_inference_storage/models/deepseek-r1/fp4-quantized-modelopt/deepseek_r1-torch-fp4/model-00112-of-000163.safetensors to memory...
2026-07-24 18:55:02,639 - sflow.task.server_3 - INFO - 0: [07/24/2026-18:55:02] [TRT-LLM] [RANK 0] [I] Finished prefetching /home/mlperf_inference_storage/models/deepseek-r1/fp4-quantized-modelopt/deepseek_r1-torch-fp4/model-00014-of-000163.safetensors.
2026-07-24 18:55:02,639 - sflow.task.server_3 - INFO - 0: [07/24/2026-18:55:02] [TRT-LLM] [RANK 0] [I] Prefetching /home/mlperf_inference_storage/models/deepseek-r1/fp4-quantized-modelopt/deepseek_r1-torch-fp4/model-00023-of-000163.safetensors to memory...
2026-07-24 18:55:04,371 - sflow.task.server_3 - INFO - 0: [07/24/2026-18:55:04] [TRT-LLM] [RANK 0] [I] Finished prefetching /home/mlperf_inference_storage/models/deepseek-r1/fp4-quantized-modelopt/deepseek_r1-torch-fp4/model-00043-of-000163.safetensors.
2026-07-24 18:55:04,371 - sflow.task.server_3 - INFO - 0: [07/24/2026-18:55:04] [TRT-LLM] [RANK 0] [I] Prefetching /home/mlperf_inference_storage/models/deepseek-r1/fp4-quantized-modelopt/deepseek_r1-torch-fp4/model-00113-of-000163.safetensors to memory...
2026-07-24 18:55:06,154 - sflow.task.server_3 - INFO - 0: [07/24/2026-18:55:06] [TRT-LLM] [RANK 0] [I] Finished prefetching /home/mlperf_inference_storage/models/deepseek-r1/fp4-quantized-modelopt/deepseek_r1-torch-fp4/model-00012-of-000163.safetensors.
2026-07-24 18:55:06,155 - sflow.task.server_3 - INFO - 0: [07/24/2026-18:55:06] [TRT-LLM] [RANK 0] [I] Prefetching /home/mlperf_inference_storage/models/deepseek-r1/fp4-quantized-modelopt/deepseek_r1-torch-fp4/model-00163-of-000163.safetensors to memory...
2026-07-24 18:55:06,563 - sflow.task.server_3 - INFO - 0: [07/24/2026-18:55:06] [TRT-LLM] [RANK 0] [I] Finished prefetching /home/mlperf_inference_storage/models/deepseek-r1/fp4-quantized-modelopt/deepseek_r1-torch-fp4/model-00056-of-000163.safetensors.
2026-07-24 18:55:06,563 - sflow.task.server_3 - INFO - 0: [07/24/2026-18:55:06] [TRT-LLM] [RANK 0] [I] Prefetching /home/mlperf_inference_storage/models/deepseek-r1/fp4-quantized-modelopt/deepseek_r1-torch-fp4/model-00120-of-000163.safetensors to memory...
2026-07-24 18:55:15,863 - sflow.task.server_3 - INFO - 0: [07/24/2026-18:55:15] [TRT-LLM] [RANK 0] [I] Finished prefetching /home/mlperf_inference_storage/models/deepseek-r1/fp4-quantized-modelopt/deepseek_r1-torch-fp4/model-00157-of-000163.safetensors.
2026-07-24 18:55:15,863 - sflow.task.server_3 - INFO - 0: [07/24/2026-18:55:15] [TRT-LLM] [RANK 0] [I] Prefetching /home/mlperf_inference_storage/models/deepseek-r1/fp4-quantized-modelopt/deepseek_r1-torch-fp4/model-00005-of-000163.safetensors to memory...
2026-07-24 18:55:19,229 - sflow.task.server_3 - INFO - 0: [07/24/2026-18:55:19] [TRT-LLM] [RANK 0] [I] Finished prefetching /home/mlperf_inference_storage/models/deepseek-r1/fp4-quantized-modelopt/deepseek_r1-torch-fp4/model-00156-of-000163.safetensors.
2026-07-24 18:55:19,229 - sflow.task.server_3 - INFO - 0: [07/24/2026-18:55:19] [TRT-LLM] [RANK 0] [I] Prefetching /home/mlperf_inference_storage/models/deepseek-r1/fp4-quantized-modelopt/deepseek_r1-torch-fp4/model-00121-of-000163.safetensors to memory...
2026-07-24 18:55:20,608 - sflow.task.server_3 - INFO - 0: [07/24/2026-18:55:20] [TRT-LLM] [RANK 0] [I] Finished prefetching /home/mlperf_inference_storage/models/deepseek-r1/fp4-quantized-modelopt/deepseek_r1-torch-fp4/model-00113-of-000163.safetensors.
2026-07-24 18:55:20,608 - sflow.task.server_3 - INFO - 0: [07/24/2026-18:55:20] [TRT-LLM] [RANK 0] [I] Prefetching /home/mlperf_inference_storage/models/deepseek-r1/fp4-quantized-modelopt/deepseek_r1-torch-fp4/model-00122-of-000163.safetensors to memory...
2026-07-24 18:55:20,864 - sflow.task.server_3 - INFO - 0: [07/24/2026-18:55:20] [TRT-LLM] [RANK 0] [I] Finished prefetching /home/mlperf_inference_storage/models/deepseek-r1/fp4-quantized-modelopt/deepseek_r1-torch-fp4/model-00041-of-000163.safetensors.
2026-07-24 18:55:20,864 - sflow.task.server_3 - INFO - 0: [07/24/2026-18:55:20] [TRT-LLM] [RANK 0] [I] Prefetching /home/mlperf_inference_storage/models/deepseek-r1/fp4-quantized-modelopt/deepseek_r1-torch-fp4/model-00107-of-000163.safetensors to memory...
2026-07-24 18:55:21,647 - sflow.task.server_3 - INFO - 0: [07/24/2026-18:55:21] [TRT-LLM] [RANK 0] [I] Finished prefetching /home/mlperf_inference_storage/models/deepseek-r1/fp4-quantized-modelopt/deepseek_r1-torch-fp4/model-00127-of-000163.safetensors.
2026-07-24 18:55:21,647 - sflow.task.server_3 - INFO - 0: [07/24/2026-18:55:21] [TRT-LLM] [RANK 0] [I] Prefetching /home/mlperf_inference_storage/models/deepseek-r1/fp4-quantized-modelopt/deepseek_r1-torch-fp4/model-00149-of-000163.safetensors to memory...
2026-07-24 18:55:21,749 - sflow.task.server_3 - INFO - 0: [07/24/2026-18:55:21] [TRT-LLM] [RANK 0] [I] Finished prefetching /home/mlperf_inference_storage/models/deepseek-r1/fp4-quantized-modelopt/deepseek_r1-torch-fp4/model-00067-of-000163.safetensors.
2026-07-24 18:55:21,750 - sflow.task.server_3 - INFO - 0: [07/24/2026-18:55:21] [TRT-LLM] [RANK 0] [I] Prefetching /home/mlperf_inference_storage/models/deepseek-r1/fp4-quantized-modelopt/deepseek_r1-torch-fp4/model-00030-of-000163.safetensors to memory...
2026-07-24 18:55:22,158 - sflow.task.server_3 - INFO - 0: [07/24/2026-18:55:22] [TRT-LLM] [RANK 0] [I] Finished prefetching /home/mlperf_inference_storage/models/deepseek-r1/fp4-quantized-modelopt/deepseek_r1-torch-fp4/model-00112-of-000163.safetensors.
2026-07-24 18:55:22,158 - sflow.task.server_3 - INFO - 0: [07/24/2026-18:55:22] [TRT-LLM] [RANK 0] [I] Prefetching /home/mlperf_inference_storage/models/deepseek-r1/fp4-quantized-modelopt/deepseek_r1-torch-fp4/model-00139-of-000163.safetensors to memory...
2026-07-24 18:55:22,413 - sflow.task.server_3 - INFO - 0: [07/24/2026-18:55:22] [TRT-LLM] [RANK 0] [I] Finished prefetching /home/mlperf_inference_storage/models/deepseek-r1/fp4-quantized-modelopt/deepseek_r1-torch-fp4/model-00088-of-000163.safetensors.
2026-07-24 18:55:23,228 - sflow.task.server_3 - INFO - 0: [07/24/2026-18:55:23] [TRT-LLM] [RANK 0] [I] Finished prefetching /home/mlperf_inference_storage/models/deepseek-r1/fp4-quantized-modelopt/deepseek_r1-torch-fp4/model-00039-of-000163.safetensors.
2026-07-24 18:55:24,554 - sflow.task.server_3 - INFO - 0: [07/24/2026-18:55:24] [TRT-LLM] [RANK 0] [I] Finished prefetching /home/mlperf_inference_storage/models/deepseek-r1/fp4-quantized-modelopt/deepseek_r1-torch-fp4/model-00024-of-000163.safetensors.
2026-07-24 18:55:24,860 - sflow.task.server_3 - INFO - 0: [07/24/2026-18:55:24] [TRT-LLM] [RANK 0] [I] Finished prefetching /home/mlperf_inference_storage/models/deepseek-r1/fp4-quantized-modelopt/deepseek_r1-torch-fp4/model-00097-of-000163.safetensors.
2026-07-24 18:55:24,962 - sflow.task.server_3 - INFO - 0: [07/24/2026-18:55:24] [TRT-LLM] [RANK 0] [I] Finished prefetching /home/mlperf_inference_storage/models/deepseek-r1/fp4-quantized-modelopt/deepseek_r1-torch-fp4/model-00122-of-000163.safetensors.
2026-07-24 18:55:25,165 - sflow.task.server_3 - INFO - 0: [07/24/2026-18:55:25] [TRT-LLM] [RANK 0] [I] Finished prefetching /home/mlperf_inference_storage/models/deepseek-r1/fp4-quantized-modelopt/deepseek_r1-torch-fp4/model-00082-of-000163.safetensors.
2026-07-24 18:55:25,674 - sflow.task.server_3 - INFO - 0: [07/24/2026-18:55:25] [TRT-LLM] [RANK 0] [I] Finished prefetching /home/mlperf_inference_storage/models/deepseek-r1/fp4-quantized-modelopt/deepseek_r1-torch-fp4/model-00021-of-000163.safetensors.
2026-07-24 18:55:25,980 - sflow.task.server_3 - INFO - 0: [07/24/2026-18:55:25] [TRT-LLM] [RANK 0] [I] Finished prefetching /home/mlperf_inference_storage/models/deepseek-r1/fp4-quantized-modelopt/deepseek_r1-torch-fp4/model-00023-of-000163.safetensors.
2026-07-24 18:55:27,868 - sflow.task.server_3 - INFO - 0: [07/24/2026-18:55:27] [TRT-LLM] [RANK 0] [I] Finished prefetching /home/mlperf_inference_storage/models/deepseek-r1/fp4-quantized-modelopt/deepseek_r1-torch-fp4/model-00120-of-000163.safetensors.
2026-07-24 18:55:28,583 - sflow.task.server_3 - INFO - 0: [07/24/2026-18:55:28] [TRT-LLM] [RANK 0] [I] Finished prefetching /home/mlperf_inference_storage/models/deepseek-r1/fp4-quantized-modelopt/deepseek_r1-torch-fp4/model-00121-of-000163.safetensors.
2026-07-24 18:55:31,240 - sflow.task.server_3 - INFO - 0: [07/24/2026-18:55:31] [TRT-LLM] [RANK 0] [I] Finished prefetching /home/mlperf_inference_storage/models/deepseek-r1/fp4-quantized-modelopt/deepseek_r1-torch-fp4/model-00107-of-000163.safetensors.
2026-07-24 18:55:31,598 - sflow.task.server_3 - INFO - 0: [07/24/2026-18:55:31] [TRT-LLM] [RANK 0] [I] Finished prefetching /home/mlperf_inference_storage/models/deepseek-r1/fp4-quantized-modelopt/deepseek_r1-torch-fp4/model-00005-of-000163.safetensors.
2026-07-24 18:55:31,955 - sflow.task.server_3 - INFO - 0: [07/24/2026-18:55:31] [TRT-LLM] [RANK 0] [I] Finished prefetching /home/mlperf_inference_storage/models/deepseek-r1/fp4-quantized-modelopt/deepseek_r1-torch-fp4/model-00149-of-000163.safetensors.
2026-07-24 18:55:32,311 - sflow.task.server_3 - INFO - 0: [07/24/2026-18:55:32] [TRT-LLM] [RANK 0] [I] Finished prefetching /home/mlperf_inference_storage/models/deepseek-r1/fp4-quantized-modelopt/deepseek_r1-torch-fp4/model-00139-of-000163.safetensors.
2026-07-24 18:55:32,464 - sflow.task.server_3 - INFO - 0: [07/24/2026-18:55:32] [TRT-LLM] [RANK 0] [I] Finished prefetching /home/mlperf_inference_storage/models/deepseek-r1/fp4-quantized-modelopt/deepseek_r1-torch-fp4/model-00030-of-000163.safetensors.
2026-07-24 18:55:33,839 - sflow.task.server_3 - INFO - 0: [07/24/2026-18:55:33] [TRT-LLM] [RANK 0] [I] Finished prefetching /home/mlperf_inference_storage/models/deepseek-r1/fp4-quantized-modelopt/deepseek_r1-torch-fp4/model-00163-of-000163.safetensors.
2026-07-24 18:55:33,839 - sflow.task.server_3 - INFO - 0:
2026-07-24 18:55:33,839 - sflow.task.server_3 - INFO - Loading safetensors weights in parallel:   0%|          | 0/163 [00:00<?, ?it/s]
2026-07-24 18:55:33,839 - sflow.task.server_3 - INFO - 1:
2026-07-24 18:55:33,839 - sflow.task.server_3 - INFO - Loading safetensors weights in parallel:   0%|          | 0/163 [00:00<?, ?it/s]
2026-07-24 18:55:33,839 - sflow.task.server_3 - INFO - 3:
2026-07-24 18:55:33,839 - sflow.task.server_3 - INFO - Loading safetensors weights in parallel:   0%|          | 0/163 [00:00<?, ?it/s]
2026-07-24 18:55:33,839 - sflow.task.server_3 - INFO - 0: [07/24/2026-18:55:33] [TRT-LLM] [RANK 0] [I] Start to load safetensor file /home/mlperf_inference_storage/models/deepseek-r1/fp4-quantized-modelopt/deepseek_r1-torch-fp4/model-00046-of-000163.safetensors
2026-07-24 18:55:33,839 - sflow.task.server_3 - INFO - 2:
2026-07-24 18:55:33,839 - sflow.task.server_3 - INFO - Loading safetensors weights in parallel:   0%|          | 0/163 [00:00<?, ?it/s]
2026-07-24 18:55:33,839 - sflow.task.server_3 - INFO - 0: [07/24/2026-18:55:33] [TRT-LLM] [RANK 0] [I] Start to load safetensor file /home/mlperf_inference_storage/models/deepseek-r1/fp4-quantized-modelopt/deepseek_r1-torch-fp4/model-00066-of-000163.safetensors
2026-07-24 18:55:33,890 - sflow.task.server_3 - INFO - 0: [07/24/2026-18:55:33] [TRT-LLM] [RANK 0] [I] Start to load safetensor file /home/mlperf_inference_storage/models/deepseek-r1/fp4-quantized-modelopt/deepseek_r1-torch-fp4/model-00028-of-000163.safetensors
2026-07-24 18:55:33,890 - sflow.task.server_3 - INFO - 0: [07/24/2026-18:55:33] [TRT-LLM] [RANK 0] [I] Start to load safetensor file /home/mlperf_inference_storage/models/deepseek-r1/fp4-quantized-modelopt/deepseek_r1-torch-fp4/model-00126-of-000163.safetensors
2026-07-24 18:55:33,941 - sflow.task.server_3 - INFO - 0: [07/24/2026-18:55:33] [TRT-LLM] [RANK 0] [I] Start to load safetensor file /home/mlperf_inference_storage/models/deepseek-r1/fp4-quantized-modelopt/deepseek_r1-torch-fp4/model-00087-of-000163.safetensors
2026-07-24 18:55:33,941 - sflow.task.server_3 - INFO - 0: [07/24/2026-18:55:33] [TRT-LLM] [RANK 0] [I] Start to load safetensor file /home/mlperf_inference_storage/models/deepseek-r1/fp4-quantized-modelopt/deepseek_r1-torch-fp4/model-00044-of-000163.safetensors
2026-07-24 18:55:33,942 - sflow.task.server_3 - INFO - 0: [07/24/2026-18:55:33] [TRT-LLM] [RANK 0] [I] Start to load safetensor file /home/mlperf_inference_storage/models/deepseek-r1/fp4-quantized-modelopt/deepseek_r1-torch-fp4/model-00132-of-000163.safetensors
2026-07-24 18:55:34,095 - sflow.task.server_3 - INFO - 0: [07/24/2026-18:55:34] [TRT-LLM] [RANK 0] [I] Start to load safetensor file /home/mlperf_inference_storage/models/deepseek-r1/fp4-quantized-modelopt/deepseek_r1-torch-fp4/model-00001-of-000163.safetensors
2026-07-24 18:55:34,095 - sflow.task.server_3 - INFO - 0: [07/24/2026-18:55:34] [TRT-LLM] [RANK 0] [I] Start to load safetensor file /home/mlperf_inference_storage/models/deepseek-r1/fp4-quantized-modelopt/deepseek_r1-torch-fp4/model-00081-of-000163.safetensors
2026-07-24 18:55:34,095 - sflow.task.server_3 - INFO - 0: [07/24/2026-18:55:34] [TRT-LLM] [RANK 0] [I] Start to load safetensor file /home/mlperf_inference_storage/models/deepseek-r1/fp4-quantized-modelopt/deepseek_r1-torch-fp4/model-00054-of-000163.safetensors
2026-07-24 18:55:34,095 - sflow.task.server_3 - INFO - 0: [07/24/2026-18:55:34] [TRT-LLM] [RANK 0] [I] Start to load safetensor file /home/mlperf_inference_storage/models/deepseek-r1/fp4-quantized-modelopt/deepseek_r1-torch-fp4/model-00147-of-000163.safetensors
2026-07-24 18:55:34,095 - sflow.task.server_3 - INFO - 0: [07/24/2026-18:55:34] [TRT-LLM] [RANK 0] [I] Start to load safetensor file /home/mlperf_inference_storage/models/deepseek-r1/fp4-quantized-modelopt/deepseek_r1-torch-fp4/model-00074-of-000163.safetensors
2026-07-24 18:55:34,248 - sflow.task.server_3 - INFO - 0: [07/24/2026-18:55:34] [TRT-LLM] [RANK 0] [I] Start to load safetensor file /home/mlperf_inference_storage/models/deepseek-r1/fp4-quantized-modelopt/deepseek_r1-torch-fp4/model-00110-of-000163.safetensors
2026-07-24 18:55:34,248 - sflow.task.server_3 - INFO - 0: [07/24/2026-18:55:34] [TRT-LLM] [RANK 0] [I] Start to load safetensor file /home/mlperf_inference_storage/models/deepseek-r1/fp4-quantized-modelopt/deepseek_r1-torch-fp4/model-00017-of-000163.safetensors
2026-07-24 18:55:34,300 - sflow.task.server_3 - INFO - 0: [07/24/2026-18:55:34] [TRT-LLM] [RANK 0] [I] Start to load safetensor file /home/mlperf_inference_storage/models/deepseek-r1/fp4-quantized-modelopt/deepseek_r1-torch-fp4/model-00091-of-000163.safetensors
2026-07-24 18:55:34,300 - sflow.task.server_3 - INFO - 0: [07/24/2026-18:55:34] [TRT-LLM] [RANK 0] [I] Start to load safetensor file /home/mlperf_inference_storage/models/deepseek-r1/fp4-quantized-modelopt/deepseek_r1-torch-fp4/model-00123-of-000163.safetensors
2026-07-24 18:55:34,351 - sflow.task.server_3 - INFO - 0: [07/24/2026-18:55:34] [TRT-LLM] [RANK 0] [I] Start to load safetensor file /home/mlperf_inference_storage/models/deepseek-r1/fp4-quantized-modelopt/deepseek_r1-torch-fp4/model-00150-of-000163.safetensors
2026-07-24 18:55:34,351 - sflow.task.server_3 - INFO - 0: [07/24/2026-18:55:34] [TRT-LLM] [RANK 0] [I] Start to load safetensor file /home/mlperf_inference_storage/models/deepseek-r1/fp4-quantized-modelopt/deepseek_r1-torch-fp4/model-00146-of-000163.safetensors
2026-07-24 18:55:34,402 - sflow.task.server_3 - INFO - 0: [07/24/2026-18:55:34] [TRT-LLM] [RANK 0] [I] Start to load safetensor file /home/mlperf_inference_storage/models/deepseek-r1/fp4-quantized-modelopt/deepseek_r1-torch-fp4/model-00036-of-000163.safetensors
2026-07-24 18:55:34,402 - sflow.task.server_3 - INFO - 0: [07/24/2026-18:55:34] [TRT-LLM] [RANK 0] [I] Start to load safetensor file /home/mlperf_inference_storage/models/deepseek-r1/fp4-quantized-modelopt/deepseek_r1-torch-fp4/model-00125-of-000163.safetensors
2026-07-24 18:55:34,402 - sflow.task.server_3 - INFO - 0: [07/24/2026-18:55:34] [TRT-LLM] [RANK 0] [I] Start to load safetensor file /home/mlperf_inference_storage/models/deepseek-r1/fp4-quantized-modelopt/deepseek_r1-torch-fp4/model-00148-of-000163.safetensors
2026-07-24 18:55:34,453 - sflow.task.server_3 - INFO - 0: [07/24/2026-18:55:34] [TRT-LLM] [RANK 0] [I] Start to load safetensor file /home/mlperf_inference_storage/models/deepseek-r1/fp4-quantized-modelopt/deepseek_r1-torch-fp4/model-00002-of-000163.safetensors
2026-07-24 18:55:34,453 - sflow.task.server_3 - INFO - 0: [07/24/2026-18:55:34] [TRT-LLM] [RANK 0] [I] Start to load safetensor file /home/mlperf_inference_storage/models/deepseek-r1/fp4-quantized-modelopt/deepseek_r1-torch-fp4/model-00029-of-000163.safetensors
2026-07-24 18:55:34,556 - sflow.task.server_3 - INFO - 0: [07/24/2026-18:55:34] [TRT-LLM] [RANK 0] [I] Start to load safetensor file /home/mlperf_inference_storage/models/deepseek-r1/fp4-quantized-modelopt/deepseek_r1-torch-fp4/model-00052-of-000163.safetensors
2026-07-24 18:55:34,556 - sflow.task.server_3 - INFO - 0: [07/24/2026-18:55:34] [TRT-LLM] [RANK 0] [I] Start to load safetensor file /home/mlperf_inference_storage/models/deepseek-r1/fp4-quantized-modelopt/deepseek_r1-torch-fp4/model-00060-of-000163.safetensors
2026-07-24 18:55:34,607 - sflow.task.server_3 - INFO - 0: [07/24/2026-18:55:34] [TRT-LLM] [RANK 0] [I] Start to load safetensor file /home/mlperf_inference_storage/models/deepseek-r1/fp4-quantized-modelopt/deepseek_r1-torch-fp4/model-00038-of-000163.safetensors
2026-07-24 18:55:34,607 - sflow.task.server_3 - INFO - 0: [07/24/2026-18:55:34] [TRT-LLM] [RANK 0] [I] Start to load safetensor file /home/mlperf_inference_storage/models/deepseek-r1/fp4-quantized-modelopt/deepseek_r1-torch-fp4/model-00033-of-000163.safetensors
2026-07-24 18:55:34,659 - sflow.task.server_3 - INFO - 0: [07/24/2026-18:55:34] [TRT-LLM] [RANK 0] [I] Start to load safetensor file /home/mlperf_inference_storage/models/deepseek-r1/fp4-quantized-modelopt/deepseek_r1-torch-fp4/model-00155-of-000163.safetensors
2026-07-24 18:55:34,659 - sflow.task.server_3 - INFO - 0: [07/24/2026-18:55:34] [TRT-LLM] [RANK 0] [I] Start to load safetensor file /home/mlperf_inference_storage/models/deepseek-r1/fp4-quantized-modelopt/deepseek_r1-torch-fp4/model-00065-of-000163.safetensors
2026-07-24 18:55:34,659 - sflow.task.server_3 - INFO - 0: [07/24/2026-18:55:34] [TRT-LLM] [RANK 0] [I] Start to load safetensor file /home/mlperf_inference_storage/models/deepseek-r1/fp4-quantized-modelopt/deepseek_r1-torch-fp4/model-00103-of-000163.safetensors
2026-07-24 18:55:34,813 - sflow.task.server_3 - INFO - 0: [07/24/2026-18:55:34] [TRT-LLM] [RANK 0] [I] Start to load safetensor file /home/mlperf_inference_storage/models/deepseek-r1/fp4-quantized-modelopt/deepseek_r1-torch-fp4/model-00061-of-000163.safetensors
2026-07-24 18:55:34,813 - sflow.task.server_3 - INFO - 0: [07/24/2026-18:55:34] [TRT-LLM] [RANK 0] [I] Start to load safetensor file /home/mlperf_inference_storage/models/deepseek-r1/fp4-quantized-modelopt/deepseek_r1-torch-fp4/model-00034-of-000163.safetensors
2026-07-24 18:55:36,858 - sflow.task.server_3 - INFO - 6:
2026-07-24 18:55:36,858 - sflow.task.server_3 - INFO - Loading safetensors weights in parallel:   0%|          | 0/163 [00:00<?, ?it/s]
2026-07-24 18:55:36,858 - sflow.task.server_3 - INFO - 7:
2026-07-24 18:55:36,858 - sflow.task.server_3 - INFO - Loading safetensors weights in parallel:   0%|          | 0/163 [00:00<?, ?it/s]
2026-07-24 18:55:36,858 - sflow.task.server_3 - INFO - 5:
2026-07-24 18:55:36,858 - sflow.task.server_3 - INFO - Loading safetensors weights in parallel:   0%|          | 0/163 [00:00<?, ?it/s]
2026-07-24 18:55:36,858 - sflow.task.server_3 - INFO - 4:
2026-07-24 18:55:36,858 - sflow.task.server_3 - INFO - Loading safetensors weights in parallel:   0%|          | 0/163 [00:00<?, ?it/s]
2026-07-24 18:55:36,909 - sflow.task.server_3 - INFO - 0: [07/24/2026-18:55:36] [TRT-LLM] [RANK 0] [I] Start to load safetensor file /home/mlperf_inference_storage/models/deepseek-r1/fp4-quantized-modelopt/deepseek_r1-torch-fp4/model-00045-of-000163.safetensors
2026-07-24 18:55:36,909 - sflow.task.server_3 - INFO - 0:
2026-07-24 18:55:36,909 - sflow.task.server_3 - INFO - Loading safetensors weights in parallel:   1%|          | 1/163 [00:03<08:11,  3.03s/it]
2026-07-24 18:55:36,909 - sflow.task.server_3 - INFO - 2:
2026-07-24 18:55:36,909 - sflow.task.server_3 - INFO - Loading safetensors weights in parallel:   1%|          | 1/163 [00:03<08:14,  3.05s/it]
2026-07-24 18:55:36,961 - sflow.task.server_3 - INFO - 0: [07/24/2026-18:55:36] [TRT-LLM] [RANK 0] [I] Start to load safetensor file /home/mlperf_inference_storage/models/deepseek-r1/fp4-quantized-modelopt/deepseek_r1-torch-fp4/model-00048-of-000163.safetensors
2026-07-24 18:55:37,012 - sflow.task.server_3 - INFO - 3:
2026-07-24 18:55:37,012 - sflow.task.server_3 - INFO - Loading safetensors weights in parallel:   1%|          | 1/163 [00:03<08:31,  3.16s/it]
2026-07-24 18:55:37,063 - sflow.task.server_3 - INFO - 1:
2026-07-24 18:55:37,063 - sflow.task.server_3 - INFO - Loading safetensors weights in parallel:   1%|          | 1/163 [00:03<08:35,  3.18s/it]
2026-07-24 18:55:38,891 - sflow.task.server_3 - INFO - 1:
2026-07-24 18:55:38,891 - sflow.task.server_3 - INFO - Loading safetensors weights in parallel:   2%|▏         | 3/163 [00:05<04:03,  1.52s/it]
2026-07-24 18:55:39,044 - sflow.task.server_3 - INFO - 3:
2026-07-24 18:55:39,044 - sflow.task.server_3 - INFO - Loading safetensors weights in parallel:   2%|▏         | 3/163 [00:05<04:09,  1.56s/it]
2026-07-24 18:55:39,146 - sflow.task.server_3 - INFO - 0: [07/24/2026-18:55:39] [TRT-LLM] [RANK 0] [I] Start to load safetensor file /home/mlperf_inference_storage/models/deepseek-r1/fp4-quantized-modelopt/deepseek_r1-torch-fp4/model-00159-of-000163.safetensors
2026-07-24 18:55:39,146 - sflow.task.server_3 - INFO - 0:
2026-07-24 18:55:39,146 - sflow.task.server_3 - INFO - Loading safetensors weights in parallel:   2%|▏         | 3/163 [00:05<04:19,  1.62s/it]
2026-07-24 18:55:39,198 - sflow.task.server_3 - INFO - 3:
2026-07-24 18:55:39,198 - sflow.task.server_3 - INFO - Loading safetensors weights in parallel:   3%|▎         | 5/163 [00:05<02:06,  1.25it/s]
2026-07-24 18:55:39,198 - sflow.task.server_3 - INFO - 2:
2026-07-24 18:55:39,198 - sflow.task.server_3 - INFO - Loading safetensors weights in parallel:   2%|▏         | 3/163 [00:05<04:21,  1.63s/it]
2026-07-24 18:55:39,249 - sflow.task.server_3 - INFO - 5:
2026-07-24 18:55:39,249 - sflow.task.server_3 - INFO - Loading safetensors weights in parallel:   1%|          | 1/163 [00:02<06:26,  2.39s/it]
2026-07-24 18:55:39,249 - sflow.task.server_3 - INFO - 7:
2026-07-24 18:55:39,249 - sflow.task.server_3 - INFO - Loading safetensors weights in parallel:   1%|          | 1/163 [00:02<06:27,  2.39s/it]
2026-07-24 18:55:39,249 - sflow.task.server_3 - INFO - 4:
2026-07-24 18:55:39,249 - sflow.task.server_3 - INFO - Loading safetensors weights in parallel:   1%|          | 1/163 [00:02<06:29,  2.40s/it]
2026-07-24 18:55:39,300 - sflow.task.server_3 - INFO - 1:
2026-07-24 18:55:39,300 - sflow.task.server_3 - INFO - Loading safetensors weights in parallel:   2%|▏         | 4/163 [00:05<02:58,  1.12s/it]
2026-07-24 18:55:39,300 - sflow.task.server_3 - INFO - 3:
2026-07-24 18:55:39,300 - sflow.task.server_3 - INFO - Loading safetensors weights in parallel:   6%|▌         | 9/163 [00:05<00:52,  2.94it/s]
2026-07-24 18:55:39,300 - sflow.task.server_3 - INFO - 6:
2026-07-24 18:55:39,300 - sflow.task.server_3 - INFO - Loading safetensors weights in parallel:   1%|          | 1/163 [00:02<06:38,  2.46s/it]
2026-07-24 18:55:39,352 - sflow.task.server_3 - INFO - 0: [07/24/2026-18:55:39] [TRT-LLM] [RANK 0] [I] Start to load safetensor file /home/mlperf_inference_storage/models/deepseek-r1/fp4-quantized-modelopt/deepseek_r1-torch-fp4/model-00141-of-000163.safetensors
2026-07-24 18:55:39,352 - sflow.task.server_3 - INFO - 0:
2026-07-24 18:55:39,352 - sflow.task.server_3 - INFO - Loading safetensors weights in parallel:   2%|▏         | 4/163 [00:05<03:00,  1.13s/it]
2026-07-24 18:55:39,352 - sflow.task.server_3 - INFO - 2:
2026-07-24 18:55:39,352 - sflow.task.server_3 - INFO - Loading safetensors weights in parallel:   6%|▌         | 10/163 [00:05<00:56,  2.72it/s]
2026-07-24 18:55:39,352 - sflow.task.server_3 - INFO - 0: [07/24/2026-18:55:39] [TRT-LLM] [RANK 0] [I] Start to load safetensor file /home/mlperf_inference_storage/models/deepseek-r1/fp4-quantized-modelopt/deepseek_r1-torch-fp4/model-00070-of-000163.safetensors
2026-07-24 18:55:39,402 - sflow.task.server_3 - INFO - 3:
2026-07-24 18:55:39,402 - sflow.task.server_3 - INFO - Loading safetensors weights in parallel:   7%|▋         | 11/163 [00:05<00:38,  3.92it/s]
2026-07-24 18:55:39,402 - sflow.task.server_3 - INFO - 0: [07/24/2026-18:55:39] [TRT-LLM] [RANK 0] [I] Start to load safetensor file /home/mlperf_inference_storage/models/deepseek-r1/fp4-quantized-modelopt/deepseek_r1-torch-fp4/model-00085-of-000163.safetensors
2026-07-24 18:55:39,454 - sflow.task.server_3 - INFO - 1:
2026-07-24 18:55:39,454 - sflow.task.server_3 - INFO - Loading safetensors weights in parallel:   4%|▍         | 7/163 [00:05<01:15,  2.08it/s]
2026-07-24 18:55:39,454 - sflow.task.server_3 - INFO - 6:
2026-07-24 18:55:39,454 - sflow.task.server_3 - INFO - Loading safetensors weights in parallel:   1%|          | 2/163 [00:02<02:57,  1.10s/it]
2026-07-24 18:55:39,454 - sflow.task.server_3 - INFO - 0: [07/24/2026-18:55:39] [TRT-LLM] [RANK 0] [I] Start to load safetensor file /home/mlperf_inference_storage/models/deepseek-r1/fp4-quantized-modelopt/deepseek_r1-torch-fp4/model-00025-of-000163.safetensors
2026-07-24 18:55:39,454 - sflow.task.server_3 - INFO - 0:
2026-07-24 18:55:39,454 - sflow.task.server_3 - INFO - Loading safetensors weights in parallel:   4%|▍         | 7/163 [00:05<01:14,  2.10it/s]
2026-07-24 18:55:39,454 - sflow.task.server_3 - INFO - 2:
2026-07-24 18:55:39,454 - sflow.task.server_3 - INFO - Loading safetensors weights in parallel:   8%|▊         | 13/163 [00:05<00:38,  3.86it/s]
2026-07-24 18:55:39,505 - sflow.task.server_3 - INFO - 0: [07/24/2026-18:55:39] [TRT-LLM] [RANK 0] [I] Start to load safetensor file /home/mlperf_inference_storage/models/deepseek-r1/fp4-quantized-modelopt/deepseek_r1-torch-fp4/model-00031-of-000163.safetensors
2026-07-24 18:55:39,505 - sflow.task.server_3 - INFO - 0: [07/24/2026-18:55:39] [TRT-LLM] [RANK 0] [I] Start to load safetensor file /home/mlperf_inference_storage/models/deepseek-r1/fp4-quantized-modelopt/deepseek_r1-torch-fp4/model-00043-of-000163.safetensors
2026-07-24 18:55:39,505 - sflow.task.server_3 - INFO - 3:
2026-07-24 18:55:39,505 - sflow.task.server_3 - INFO - Loading safetensors weights in parallel:   9%|▊         | 14/163 [00:05<00:25,  5.88it/s]
2026-07-24 18:55:39,505 - sflow.task.server_3 - INFO - 5:
2026-07-24 18:55:39,505 - sflow.task.server_3 - INFO - Loading safetensors weights in parallel:   1%|          | 2/163 [00:02<03:04,  1.15s/it]
2026-07-24 18:55:39,505 - sflow.task.server_3 - INFO - 0: [07/24/2026-18:55:39] [TRT-LLM] [RANK 0] [I] Start to load safetensor file /home/mlperf_inference_storage/models/deepseek-r1/fp4-quantized-modelopt/deepseek_r1-torch-fp4/model-00042-of-000163.safetensors
2026-07-24 18:55:39,505 - sflow.task.server_3 - INFO - 0: [07/24/2026-18:55:39] [TRT-LLM] [RANK 0] [I] Start to load safetensor file /home/mlperf_inference_storage/models/deepseek-r1/fp4-quantized-modelopt/deepseek_r1-torch-fp4/model-00057-of-000163.safetensors
2026-07-24 18:55:39,506 - sflow.task.server_3 - INFO - 0: [07/24/2026-18:55:39] [TRT-LLM] [RANK 0] [I] Start to load safetensor file /home/mlperf_inference_storage/models/deepseek-r1/fp4-quantized-modelopt/deepseek_r1-torch-fp4/model-00022-of-000163.safetensors
2026-07-24 18:55:39,556 - sflow.task.server_3 - INFO - 0: [07/24/2026-18:55:39] [TRT-LLM] [RANK 0] [I] Start to load safetensor file /home/mlperf_inference_storage/models/deepseek-r1/fp4-quantized-modelopt/deepseek_r1-torch-fp4/model-00119-of-000163.safetensors
2026-07-24 18:55:39,556 - sflow.task.server_3 - INFO - 7:
2026-07-24 18:55:39,556 - sflow.task.server_3 - INFO - Loading safetensors weights in parallel:   1%|          | 2/163 [00:02<03:07,  1.17s/it]
2026-07-24 18:55:39,556 - sflow.task.server_3 - INFO - 0: [07/24/2026-18:55:39] [TRT-LLM] [RANK 0] [I] Start to load safetensor file /home/mlperf_inference_storage/models/deepseek-r1/fp4-quantized-modelopt/deepseek_r1-torch-fp4/model-00152-of-000163.safetensors
2026-07-24 18:55:39,556 - sflow.task.server_3 - INFO - 0: [07/24/2026-18:55:39] [TRT-LLM] [RANK 0] [I] Start to load safetensor file /home/mlperf_inference_storage/models/deepseek-r1/fp4-quantized-modelopt/deepseek_r1-torch-fp4/model-00015-of-000163.safetensors
2026-07-24 18:55:39,557 - sflow.task.server_3 - INFO - 1:
2026-07-24 18:55:39,557 - sflow.task.server_3 - INFO - Loading safetensors weights in parallel:  10%|▉         | 16/163 [00:05<00:21,  6.87it/s]
2026-07-24 18:55:39,557 - sflow.task.server_3 - INFO - 2:
2026-07-24 18:55:39,557 - sflow.task.server_3 - INFO - Loading safetensors weights in parallel:  10%|▉         | 16/163 [00:05<00:27,  5.34it/s]
2026-07-24 18:55:39,557 - sflow.task.server_3 - INFO - 0:
2026-07-24 18:55:39,557 - sflow.task.server_3 - INFO - Loading safetensors weights in parallel:   9%|▉         | 15/163 [00:05<00:22,  6.45it/s]
2026-07-24 18:55:39,557 - sflow.task.server_3 - INFO - 0: [07/24/2026-18:55:39] [TRT-LLM] [RANK 0] [I] Start to load safetensor file /home/mlperf_inference_storage/models/deepseek-r1/fp4-quantized-modelopt/deepseek_r1-torch-fp4/model-00059-of-000163.safetensors
2026-07-24 18:55:39,557 - sflow.task.server_3 - INFO - 0: [07/24/2026-18:55:39] [TRT-LLM] [RANK 0] [I] Start to load safetensor file /home/mlperf_inference_storage/models/deepseek-r1/fp4-quantized-modelopt/deepseek_r1-torch-fp4/model-00014-of-000163.safetensors
2026-07-24 18:55:39,608 - sflow.task.server_3 - INFO - 0: [07/24/2026-18:55:39] [TRT-LLM] [RANK 0] [I] Start to load safetensor file /home/mlperf_inference_storage/models/deepseek-r1/fp4-quantized-modelopt/deepseek_r1-torch-fp4/model-00004-of-000163.safetensors
2026-07-24 18:55:39,608 - sflow.task.server_3 - INFO - 0: [07/24/2026-18:55:39] [TRT-LLM] [RANK 0] [I] Start to load safetensor file /home/mlperf_inference_storage/models/deepseek-r1/fp4-quantized-modelopt/deepseek_r1-torch-fp4/model-00100-of-000163.safetensors
2026-07-24 18:55:39,608 - sflow.task.server_3 - INFO - 3:
2026-07-24 18:55:39,608 - sflow.task.server_3 - INFO - Loading safetensors weights in parallel:  12%|█▏        | 19/163 [00:05<00:14, 10.08it/s]
2026-07-24 18:55:39,659 - sflow.task.server_3 - INFO - 0: [07/24/2026-18:55:39] [TRT-LLM] [RANK 0] [I] Start to load safetensor file /home/mlperf_inference_storage/models/deepseek-r1/fp4-quantized-modelopt/deepseek_r1-torch-fp4/model-00096-of-000163.safetensors
2026-07-24 18:55:39,659 - sflow.task.server_3 - INFO - 0: [07/24/2026-18:55:39] [TRT-LLM] [RANK 0] [I] Start to load safetensor file /home/mlperf_inference_storage/models/deepseek-r1/fp4-quantized-modelopt/deepseek_r1-torch-fp4/model-00086-of-000163.safetensors
2026-07-24 18:55:39,659 - sflow.task.server_3 - INFO - 0: [07/24/2026-18:55:39] [TRT-LLM] [RANK 0] [I] Start to load safetensor file /home/mlperf_inference_storage/models/deepseek-r1/fp4-quantized-modelopt/deepseek_r1-torch-fp4/model-00006-of-000163.safetensors
2026-07-24 18:55:39,659 - sflow.task.server_3 - INFO - 0: [07/24/2026-18:55:39] [TRT-LLM] [RANK 0] [I] Start to load safetensor file /home/mlperf_inference_storage/models/deepseek-r1/fp4-quantized-modelopt/deepseek_r1-torch-fp4/model-00136-of-000163.safetensors
2026-07-24 18:55:39,659 - sflow.task.server_3 - INFO - 1:
2026-07-24 18:55:39,659 - sflow.task.server_3 - INFO - Loading safetensors weights in parallel:  13%|█▎        | 22/163 [00:05<00:13, 10.66it/s]
2026-07-24 18:55:39,710 - sflow.task.server_3 - INFO - 0: [07/24/2026-18:55:39] [TRT-LLM] [RANK 0] [I] Start to load safetensor file /home/mlperf_inference_storage/models/deepseek-r1/fp4-quantized-modelopt/deepseek_r1-torch-fp4/model-00098-of-000163.safetensors
2026-07-24 18:55:39,710 - sflow.task.server_3 - INFO - 2:
2026-07-24 18:55:39,710 - sflow.task.server_3 - INFO - Loading safetensors weights in parallel:  14%|█▍        | 23/163 [00:05<00:14,  9.91it/s]
2026-07-24 18:55:39,710 - sflow.task.server_3 - INFO - 0: [07/24/2026-18:55:39] [TRT-LLM] [RANK 0] [I] Start to load safetensor file /home/mlperf_inference_storage/models/deepseek-r1/fp4-quantized-modelopt/deepseek_r1-torch-fp4/model-00128-of-000163.safetensors
2026-07-24 18:55:39,710 - sflow.task.server_3 - INFO - 0:
2026-07-24 18:55:39,710 - sflow.task.server_3 - INFO - Loading safetensors weights in parallel:  15%|█▍        | 24/163 [00:05<00:11, 12.33it/s]
2026-07-24 18:55:39,710 - sflow.task.server_3 - INFO - 0: [07/24/2026-18:55:39] [TRT-LLM] [RANK 0] [I] Start to load safetensor file /home/mlperf_inference_storage/models/deepseek-r1/fp4-quantized-modelopt/deepseek_r1-torch-fp4/model-00101-of-000163.safetensors
2026-07-24 18:55:39,761 - sflow.task.server_3 - INFO - 3:
2026-07-24 18:55:39,761 - sflow.task.server_3 - INFO - Loading safetensors weights in parallel:  16%|█▌        | 26/163 [00:05<00:08, 16.88it/s]
2026-07-24 18:55:39,761 - sflow.task.server_3 - INFO - 1:
2026-07-24 18:55:39,761 - sflow.task.server_3 - INFO - Loading safetensors weights in parallel:  16%|█▌        | 26/163 [00:05<00:10, 13.31it/s]
2026-07-24 18:55:39,813 - sflow.task.server_3 - INFO - 0: [07/24/2026-18:55:39] [TRT-LLM] [RANK 0] [I] Start to load safetensor file /home/mlperf_inference_storage/models/deepseek-r1/fp4-quantized-modelopt/deepseek_r1-torch-fp4/model-00094-of-000163.safetensors
2026-07-24 18:55:39,813 - sflow.task.server_3 - INFO - 0: [07/24/2026-18:55:39] [TRT-LLM] [RANK 0] [I] Start to load safetensor file /home/mlperf_inference_storage/models/deepseek-r1/fp4-quantized-modelopt/deepseek_r1-torch-fp4/model-00032-of-000163.safetensors
2026-07-24 18:55:39,813 - sflow.task.server_3 - INFO - 2:
2026-07-24 18:55:39,813 - sflow.task.server_3 - INFO - Loading safetensors weights in parallel:  18%|█▊        | 29/163 [00:05<00:09, 14.45it/s]
2026-07-24 18:55:39,813 - sflow.task.server_3 - INFO - 0: [07/24/2026-18:55:39] [TRT-LLM] [RANK 0] [I] Start to load safetensor file /home/mlperf_inference_storage/models/deepseek-r1/fp4-quantized-modelopt/deepseek_r1-torch-fp4/model-00102-of-000163.safetensors
2026-07-24 18:55:39,813 - sflow.task.server_3 - INFO - 0:
2026-07-24 18:55:39,813 - sflow.task.server_3 - INFO - Loading safetensors weights in parallel:  18%|█▊        | 29/163 [00:05<00:08, 15.29it/s]
2026-07-24 18:55:39,864 - sflow.task.server_3 - INFO - 3:
2026-07-24 18:55:39,864 - sflow.task.server_3 - INFO - Loading safetensors weights in parallel:  19%|█▉        | 31/163 [00:06<00:06, 21.17it/s]
2026-07-24 18:55:39,916 - sflow.task.server_3 - INFO - 1:
2026-07-24 18:55:39,916 - sflow.task.server_3 - INFO - Loading safetensors weights in parallel:  20%|█▉        | 32/163 [00:06<00:07, 18.14it/s]
2026-07-24 18:55:39,916 - sflow.task.server_3 - INFO - 0: [07/24/2026-18:55:39] [TRT-LLM] [RANK 0] [I] Start to load safetensor file /home/mlperf_inference_storage/models/deepseek-r1/fp4-quantized-modelopt/deepseek_r1-torch-fp4/model-00013-of-000163.safetensors
2026-07-24 18:55:39,916 - sflow.task.server_3 - INFO - 0: [07/24/2026-18:55:39] [TRT-LLM] [RANK 0] [I] Start to load safetensor file /home/mlperf_inference_storage/models/deepseek-r1/fp4-quantized-modelopt/deepseek_r1-torch-fp4/model-00151-of-000163.safetensors
2026-07-24 18:55:40,017 - sflow.task.server_3 - INFO - 0: [07/24/2026-18:55:40] [TRT-LLM] [RANK 0] [I] Start to load safetensor file /home/mlperf_inference_storage/models/deepseek-r1/fp4-quantized-modelopt/deepseek_r1-torch-fp4/model-00158-of-000163.safetensors
2026-07-24 18:55:41,038 - sflow.task.server_3 - INFO - 0: [07/24/2026-18:55:41] [TRT-LLM] [RANK 0] [I] Start to load safetensor file /home/mlperf_inference_storage/models/deepseek-r1/fp4-quantized-modelopt/deepseek_r1-torch-fp4/model-00156-of-000163.safetensors
2026-07-24 18:55:41,140 - sflow.task.server_3 - INFO - 0: [07/24/2026-18:55:41] [TRT-LLM] [RANK 0] [I] Start to load safetensor file /home/mlperf_inference_storage/models/deepseek-r1/fp4-quantized-modelopt/deepseek_r1-torch-fp4/model-00069-of-000163.safetensors
2026-07-24 18:55:41,191 - sflow.task.server_3 - INFO - 0:
2026-07-24 18:55:41,191 - sflow.task.server_3 - INFO - Loading safetensors weights in parallel:  21%|██        | 34/163 [00:07<00:16,  7.95it/s]
2026-07-24 18:55:41,242 - sflow.task.server_3 - INFO - 6:
2026-07-24 18:55:41,242 - sflow.task.server_3 - INFO - Loading safetensors weights in parallel:   2%|▏         | 3/163 [00:04<03:45,  1.41s/it]
2026-07-24 18:55:41,242 - sflow.task.server_3 - INFO - 4:
2026-07-24 18:55:41,242 - sflow.task.server_3 - INFO - Loading safetensors weights in parallel:   2%|▏         | 3/163 [00:04<03:36,  1.36s/it]
2026-07-24 18:55:41,344 - sflow.task.server_3 - INFO - 0: [07/24/2026-18:55:41] [TRT-LLM] [RANK 0] [I] Start to load safetensor file /home/mlperf_inference_storage/models/deepseek-r1/fp4-quantized-modelopt/deepseek_r1-torch-fp4/model-00007-of-000163.safetensors
2026-07-24 18:55:41,344 - sflow.task.server_3 - INFO - 7:
2026-07-24 18:55:41,344 - sflow.task.server_3 - INFO - Loading safetensors weights in parallel:   2%|▏         | 3/163 [00:04<03:51,  1.45s/it]
2026-07-24 18:55:41,344 - sflow.task.server_3 - INFO - 2:
2026-07-24 18:55:41,344 - sflow.task.server_3 - INFO - Loading safetensors weights in parallel:  21%|██        | 34/163 [00:07<00:18,  6.93it/s]
2026-07-24 18:55:41,394 - sflow.task.server_3 - INFO - 5:
2026-07-24 18:55:41,394 - sflow.task.server_3 - INFO - Loading safetensors weights in parallel:   2%|▏         | 3/163 [00:04<03:55,  1.47s/it]
2026-07-24 18:55:41,394 - sflow.task.server_3 - INFO - 6:
2026-07-24 18:55:41,394 - sflow.task.server_3 - INFO - Loading safetensors weights in parallel:   2%|▏         | 4/163 [00:04<02:26,  1.09it/s]
2026-07-24 18:55:41,394 - sflow.task.server_3 - INFO - 4:
2026-07-24 18:55:41,394 - sflow.task.server_3 - INFO - Loading safetensors weights in parallel:   2%|▏         | 4/163 [00:04<02:31,  1.05it/s]
2026-07-24 18:55:41,445 - sflow.task.server_3 - INFO - 7:
2026-07-24 18:55:41,445 - sflow.task.server_3 - INFO - Loading safetensors weights in parallel:   4%|▎         | 6/163 [00:04<01:21,  1.93it/s]
2026-07-24 18:55:41,496 - sflow.task.server_3 - INFO - 3:
2026-07-24 18:55:41,496 - sflow.task.server_3 - INFO - Loading safetensors weights in parallel:  21%|██▏       | 35/163 [00:07<00:18,  6.84it/s]
2026-07-24 18:55:41,496 - sflow.task.server_3 - INFO - 6:
2026-07-24 18:55:41,496 - sflow.task.server_3 - INFO - Loading safetensors weights in parallel:   5%|▍         | 8/163 [00:04<00:46,  3.32it/s]
2026-07-24 18:55:41,496 - sflow.task.server_3 - INFO - 5:
2026-07-24 18:55:41,496 - sflow.task.server_3 - INFO - Loading safetensors weights in parallel:   5%|▍         | 8/163 [00:04<00:56,  2.73it/s]
2026-07-24 18:55:41,547 - sflow.task.server_3 - INFO - 4:
2026-07-24 18:55:41,547 - sflow.task.server_3 - INFO - Loading safetensors weights in parallel:   6%|▌         | 9/163 [00:04<00:44,  3.44it/s]
2026-07-24 18:55:41,598 - sflow.task.server_3 - INFO - 7:
2026-07-24 18:55:41,599 - sflow.task.server_3 - INFO - Loading safetensors weights in parallel:   7%|▋         | 12/163 [00:04<00:29,  5.20it/s]
2026-07-24 18:55:41,599 - sflow.task.server_3 - INFO - 6:
2026-07-24 18:55:41,599 - sflow.task.server_3 - INFO - Loading safetensors weights in parallel:   9%|▊         | 14/163 [00:04<00:19,  7.62it/s]
2026-07-24 18:55:41,650 - sflow.task.server_3 - INFO - 5:
2026-07-24 18:55:41,650 - sflow.task.server_3 - INFO - Loading safetensors weights in parallel:   9%|▉         | 15/163 [00:04<00:22,  6.45it/s]
2026-07-24 18:55:41,650 - sflow.task.server_3 - INFO - 4:
2026-07-24 18:55:41,650 - sflow.task.server_3 - INFO - Loading safetensors weights in parallel:   9%|▊         | 14/163 [00:04<00:23,  6.41it/s]
2026-07-24 18:55:41,701 - sflow.task.server_3 - INFO - 7:
2026-07-24 18:55:41,701 - sflow.task.server_3 - INFO - Loading safetensors weights in parallel:  12%|█▏        | 19/163 [00:04<00:14, 10.03it/s]
2026-07-24 18:55:41,701 - sflow.task.server_3 - INFO - 6:
2026-07-24 18:55:41,701 - sflow.task.server_3 - INFO - Loading safetensors weights in parallel:  13%|█▎        | 21/163 [00:04<00:10, 13.62it/s]
2026-07-24 18:55:41,752 - sflow.task.server_3 - INFO - 5:
2026-07-24 18:55:41,752 - sflow.task.server_3 - INFO - Loading safetensors weights in parallel:  13%|█▎        | 22/163 [00:04<00:12, 10.93it/s]
2026-07-24 18:55:41,752 - sflow.task.server_3 - INFO - 4:
2026-07-24 18:55:41,752 - sflow.task.server_3 - INFO - Loading safetensors weights in parallel:  14%|█▍        | 23/163 [00:04<00:10, 13.26it/s]
2026-07-24 18:55:41,803 - sflow.task.server_3 - INFO - 7:
2026-07-24 18:55:41,803 - sflow.task.server_3 - INFO - Loading safetensors weights in parallel:  15%|█▍        | 24/163 [00:04<00:10, 13.72it/s]
2026-07-24 18:55:41,803 - sflow.task.server_3 - INFO - 6:
2026-07-24 18:55:41,803 - sflow.task.server_3 - INFO - Loading safetensors weights in parallel:  16%|█▌        | 26/163 [00:04<00:07, 17.85it/s]
2026-07-24 18:55:41,904 - sflow.task.server_3 - INFO - 5:
2026-07-24 18:55:41,904 - sflow.task.server_3 - INFO - Loading safetensors weights in parallel:  17%|█▋        | 28/163 [00:05<00:08, 15.13it/s]
2026-07-24 18:55:41,904 - sflow.task.server_3 - INFO - 4:
2026-07-24 18:55:41,904 - sflow.task.server_3 - INFO - Loading safetensors weights in parallel:  17%|█▋        | 28/163 [00:05<00:08, 16.48it/s]
2026-07-24 18:55:41,904 - sflow.task.server_3 - INFO - 7:
2026-07-24 18:55:41,904 - sflow.task.server_3 - INFO - Loading safetensors weights in parallel:  18%|█▊        | 29/163 [00:05<00:07, 17.61it/s]
2026-07-24 18:55:41,955 - sflow.task.server_3 - INFO - 6:
2026-07-24 18:55:41,955 - sflow.task.server_3 - INFO - Loading safetensors weights in parallel:  19%|█▉        | 31/163 [00:05<00:06, 20.93it/s]
2026-07-24 18:55:42,922 - sflow.task.server_3 - INFO - 0: [07/24/2026-18:55:42] [TRT-LLM] [RANK 0] [I] Start to load safetensor file /home/mlperf_inference_storage/models/deepseek-r1/fp4-quantized-modelopt/deepseek_r1-torch-fp4/model-00084-of-000163.safetensors
2026-07-24 18:55:43,075 - sflow.task.server_3 - INFO - 4:
2026-07-24 18:55:43,075 - sflow.task.server_3 - INFO - Loading safetensors weights in parallel:  20%|██        | 33/163 [00:06<00:14,  8.78it/s]
2026-07-24 18:55:43,382 - sflow.task.server_3 - INFO - 5:
2026-07-24 18:55:43,382 - sflow.task.server_3 - INFO - Loading safetensors weights in parallel:  20%|██        | 33/163 [00:06<00:17,  7.29it/s]
2026-07-24 18:55:43,636 - sflow.task.server_3 - INFO - 7:
2026-07-24 18:55:43,636 - sflow.task.server_3 - INFO - Loading safetensors weights in parallel:  21%|██        | 34/163 [00:06<00:19,  6.62it/s]
2026-07-24 18:55:43,687 - sflow.task.server_3 - INFO - 6:
2026-07-24 18:55:43,687 - sflow.task.server_3 - INFO - Loading safetensors weights in parallel:  21%|██▏       | 35/163 [00:06<00:19,  6.62it/s]
2026-07-24 18:55:43,738 - sflow.task.server_3 - INFO - 1:
2026-07-24 18:55:43,738 - sflow.task.server_3 - INFO - Loading safetensors weights in parallel:  23%|██▎       | 37/163 [00:09<00:34,  3.66it/s]
2026-07-24 18:55:43,993 - sflow.task.server_3 - INFO - 3:
2026-07-24 18:55:43,993 - sflow.task.server_3 - INFO - Loading safetensors weights in parallel:  23%|██▎       | 38/163 [00:10<00:37,  3.29it/s]
2026-07-24 18:55:44,045 - sflow.task.server_3 - INFO - 2:
2026-07-24 18:55:44,045 - sflow.task.server_3 - INFO - Loading safetensors weights in parallel:  23%|██▎       | 37/163 [00:10<00:38,  3.28it/s]
2026-07-24 18:55:44,147 - sflow.task.server_3 - INFO - 1:
2026-07-24 18:55:44,147 - sflow.task.server_3 - INFO - Loading safetensors weights in parallel:  25%|██▍       | 40/163 [00:10<00:30,  4.09it/s]
2026-07-24 18:55:44,147 - sflow.task.server_3 - INFO - 0: [07/24/2026-18:55:44] [TRT-LLM] [RANK 0] [I] Start to load safetensor file /home/mlperf_inference_storage/models/deepseek-r1/fp4-quantized-modelopt/deepseek_r1-torch-fp4/model-00067-of-000163.safetensors
2026-07-24 18:55:44,147 - sflow.task.server_3 - INFO - 3:
2026-07-24 18:55:44,147 - sflow.task.server_3 - INFO - Loading safetensors weights in parallel:  25%|██▍       | 40/163 [00:10<00:32,  3.82it/s]
2026-07-24 18:55:44,198 - sflow.task.server_3 - INFO - 0: [07/24/2026-18:55:44] [TRT-LLM] [RANK 0] [I] Start to load safetensor file /home/mlperf_inference_storage/models/deepseek-r1/fp4-quantized-modelopt/deepseek_r1-torch-fp4/model-00124-of-000163.safetensors
2026-07-24 18:55:44,198 - sflow.task.server_3 - INFO - 0:
2026-07-24 18:55:44,198 - sflow.task.server_3 - INFO - Loading safetensors weights in parallel:  23%|██▎       | 38/163 [00:10<00:35,  3.52it/s]
2026-07-24 18:55:44,249 - sflow.task.server_3 - INFO - 2:
2026-07-24 18:55:44,249 - sflow.task.server_3 - INFO - Loading safetensors weights in parallel:  25%|██▍       | 40/163 [00:10<00:30,  4.01it/s]
2026-07-24 18:55:44,249 - sflow.task.server_3 - INFO - 1:
2026-07-24 18:55:44,249 - sflow.task.server_3 - INFO - Loading safetensors weights in parallel:  26%|██▋       | 43/163 [00:10<00:23,  5.04it/s]
2026-07-24 18:55:44,249 - sflow.task.server_3 - INFO - 3:
2026-07-24 18:55:44,249 - sflow.task.server_3 - INFO - Loading safetensors weights in parallel:  26%|██▌       | 42/163 [00:10<00:26,  4.50it/s]
2026-07-24 18:55:44,301 - sflow.task.server_3 - INFO - 0: [07/24/2026-18:55:44] [TRT-LLM] [RANK 0] [I] Start to load safetensor file /home/mlperf_inference_storage/models/deepseek-r1/fp4-quantized-modelopt/deepseek_r1-torch-fp4/model-00138-of-000163.safetensors
2026-07-24 18:55:44,301 - sflow.task.server_3 - INFO - 0: [07/24/2026-18:55:44] [TRT-LLM] [RANK 0] [I] Start to load safetensor file /home/mlperf_inference_storage/models/deepseek-r1/fp4-quantized-modelopt/deepseek_r1-torch-fp4/model-00079-of-000163.safetensors
2026-07-24 18:55:44,352 - sflow.task.server_3 - INFO - 0: [07/24/2026-18:55:44] [TRT-LLM] [RANK 0] [I] Start to load safetensor file /home/mlperf_inference_storage/models/deepseek-r1/fp4-quantized-modelopt/deepseek_r1-torch-fp4/model-00088-of-000163.safetensors
2026-07-24 18:55:44,352 - sflow.task.server_3 - INFO - 0:
2026-07-24 18:55:44,352 - sflow.task.server_3 - INFO - Loading safetensors weights in parallel:  25%|██▌       | 41/163 [00:10<00:28,  4.25it/s]
2026-07-24 18:55:44,352 - sflow.task.server_3 - INFO - 2:
2026-07-24 18:55:44,352 - sflow.task.server_3 - INFO - Loading safetensors weights in parallel:  27%|██▋       | 44/163 [00:10<00:21,  5.52it/s]
2026-07-24 18:55:44,352 - sflow.task.server_3 - INFO - 1:
2026-07-24 18:55:44,352 - sflow.task.server_3 - INFO - Loading safetensors weights in parallel:  28%|██▊       | 46/163 [00:10<00:18,  6.31it/s]
2026-07-24 18:55:44,403 - sflow.task.server_3 - INFO - 0: [07/24/2026-18:55:44] [TRT-LLM] [RANK 0] [I] Start to load safetensor file /home/mlperf_inference_storage/models/deepseek-r1/fp4-quantized-modelopt/deepseek_r1-torch-fp4/model-00093-of-000163.safetensors
2026-07-24 18:55:44,403 - sflow.task.server_3 - INFO - 0: [07/24/2026-18:55:44] [TRT-LLM] [RANK 0] [I] Start to load safetensor file /home/mlperf_inference_storage/models/deepseek-r1/fp4-quantized-modelopt/deepseek_r1-torch-fp4/model-00137-of-000163.safetensors
2026-07-24 18:55:44,454 - sflow.task.server_3 - INFO - 3:
2026-07-24 18:55:44,454 - sflow.task.server_3 - INFO - Loading safetensors weights in parallel:  28%|██▊       | 46/163 [00:10<00:18,  6.43it/s]
2026-07-24 18:55:44,454 - sflow.task.server_3 - INFO - 0: [07/24/2026-18:55:44] [TRT-LLM] [RANK 0] [I] Start to load safetensor file /home/mlperf_inference_storage/models/deepseek-r1/fp4-quantized-modelopt/deepseek_r1-torch-fp4/model-00051-of-000163.safetensors
2026-07-24 18:55:44,454 - sflow.task.server_3 - INFO - 0: [07/24/2026-18:55:44] [TRT-LLM] [RANK 0] [I] Start to load safetensor file /home/mlperf_inference_storage/models/deepseek-r1/fp4-quantized-modelopt/deepseek_r1-torch-fp4/model-00012-of-000163.safetensors
2026-07-24 18:55:44,454 - sflow.task.server_3 - INFO - 0:
2026-07-24 18:55:44,454 - sflow.task.server_3 - INFO - Loading safetensors weights in parallel:  28%|██▊       | 45/163 [00:10<00:20,  5.71it/s]
2026-07-24 18:55:44,454 - sflow.task.server_3 - INFO - 0: [07/24/2026-18:55:44] [TRT-LLM] [RANK 0] [I] Start to load safetensor file /home/mlperf_inference_storage/models/deepseek-r1/fp4-quantized-modelopt/deepseek_r1-torch-fp4/model-00117-of-000163.safetensors
2026-07-24 18:55:44,454 - sflow.task.server_3 - INFO - 2:
2026-07-24 18:55:44,454 - sflow.task.server_3 - INFO - Loading safetensors weights in parallel:  31%|███       | 50/163 [00:10<00:13,  8.52it/s]
2026-07-24 18:55:44,505 - sflow.task.server_3 - INFO - 0: [07/24/2026-18:55:44] [TRT-LLM] [RANK 0] [I] Start to load safetensor file /home/mlperf_inference_storage/models/deepseek-r1/fp4-quantized-modelopt/deepseek_r1-torch-fp4/model-00083-of-000163.safetensors
2026-07-24 18:55:44,505 - sflow.task.server_3 - INFO - 0: [07/24/2026-18:55:44] [TRT-LLM] [RANK 0] [I] Start to load safetensor file /home/mlperf_inference_storage/models/deepseek-r1/fp4-quantized-modelopt/deepseek_r1-torch-fp4/model-00080-of-000163.safetensors
2026-07-24 18:55:44,505 - sflow.task.server_3 - INFO - 1:
2026-07-24 18:55:44,505 - sflow.task.server_3 - INFO - Loading safetensors weights in parallel:  30%|███       | 49/163 [00:10<00:14,  7.79it/s]
2026-07-24 18:55:44,505 - sflow.task.server_3 - INFO - 0: [07/24/2026-18:55:44] [TRT-LLM] [RANK 0] [I] Start to load safetensor file /home/mlperf_inference_storage/models/deepseek-r1/fp4-quantized-modelopt/deepseek_r1-torch-fp4/model-00039-of-000163.safetensors
2026-07-24 18:55:44,608 - sflow.task.server_3 - INFO - 0: [07/24/2026-18:55:44] [TRT-LLM] [RANK 0] [I] Start to load safetensor file /home/mlperf_inference_storage/models/deepseek-r1/fp4-quantized-modelopt/deepseek_r1-torch-fp4/model-00145-of-000163.safetensors
2026-07-24 18:55:44,608 - sflow.task.server_3 - INFO - 0:
2026-07-24 18:55:44,608 - sflow.task.server_3 - INFO - Loading safetensors weights in parallel:  31%|███       | 50/163 [00:10<00:14,  8.04it/s]
2026-07-24 18:55:44,608 - sflow.task.server_3 - INFO - 3:
2026-07-24 18:55:44,608 - sflow.task.server_3 - INFO - Loading safetensors weights in parallel:  30%|███       | 49/163 [00:10<00:14,  7.87it/s]
2026-07-24 18:55:44,608 - sflow.task.server_3 - INFO - 0: [07/24/2026-18:55:44] [TRT-LLM] [RANK 0] [I] Start to load safetensor file /home/mlperf_inference_storage/models/deepseek-r1/fp4-quantized-modelopt/deepseek_r1-torch-fp4/model-00026-of-000163.safetensors
2026-07-24 18:55:44,659 - sflow.task.server_3 - INFO - 0: [07/24/2026-18:55:44] [TRT-LLM] [RANK 0] [I] Start to load safetensor file /home/mlperf_inference_storage/models/deepseek-r1/fp4-quantized-modelopt/deepseek_r1-torch-fp4/model-00064-of-000163.safetensors
2026-07-24 18:55:44,659 - sflow.task.server_3 - INFO - 1:
2026-07-24 18:55:44,659 - sflow.task.server_3 - INFO - Loading safetensors weights in parallel:  32%|███▏      | 52/163 [00:10<00:11,  9.26it/s]
2026-07-24 18:55:44,659 - sflow.task.server_3 - INFO - 0: [07/24/2026-18:55:44] [TRT-LLM] [RANK 0] [I] Start to load safetensor file /home/mlperf_inference_storage/models/deepseek-r1/fp4-quantized-modelopt/deepseek_r1-torch-fp4/model-00127-of-000163.safetensors
2026-07-24 18:55:44,710 - sflow.task.server_3 - INFO - 0: [07/24/2026-18:55:44] [TRT-LLM] [RANK 0] [I] Start to load safetensor file /home/mlperf_inference_storage/models/deepseek-r1/fp4-quantized-modelopt/deepseek_r1-torch-fp4/model-00073-of-000163.safetensors
2026-07-24 18:55:44,710 - sflow.task.server_3 - INFO - 0:
2026-07-24 18:55:44,710 - sflow.task.server_3 - INFO - Loading safetensors weights in parallel:  33%|███▎      | 54/163 [00:10<00:10, 10.35it/s]
2026-07-24 18:55:44,710 - sflow.task.server_3 - INFO - 3:
2026-07-24 18:55:44,710 - sflow.task.server_3 - INFO - Loading safetensors weights in parallel:  33%|███▎      | 54/163 [00:10<00:09, 11.72it/s]
2026-07-24 18:55:44,710 - sflow.task.server_3 - INFO - 2:
2026-07-24 18:55:44,710 - sflow.task.server_3 - INFO - Loading safetensors weights in parallel:  33%|███▎      | 54/163 [00:10<00:11,  9.87it/s]
2026-07-24 18:55:44,761 - sflow.task.server_3 - INFO - 1:
2026-07-24 18:55:44,761 - sflow.task.server_3 - INFO - Loading safetensors weights in parallel:  34%|███▍      | 56/163 [00:10<00:08, 12.54it/s]
2026-07-24 18:55:44,761 - sflow.task.server_3 - INFO - 0: [07/24/2026-18:55:44] [TRT-LLM] [RANK 0] [I] Start to load safetensor file /home/mlperf_inference_storage/models/deepseek-r1/fp4-quantized-modelopt/deepseek_r1-torch-fp4/model-00018-of-000163.safetensors
2026-07-24 18:55:44,761 - sflow.task.server_3 - INFO - 0: [07/24/2026-18:55:44] [TRT-LLM] [RANK 0] [I] Start to load safetensor file /home/mlperf_inference_storage/models/deepseek-r1/fp4-quantized-modelopt/deepseek_r1-torch-fp4/model-00104-of-000163.safetensors
2026-07-24 18:55:44,813 - sflow.task.server_3 - INFO - 0: [07/24/2026-18:55:44] [TRT-LLM] [RANK 0] [I] Start to load safetensor file /home/mlperf_inference_storage/models/deepseek-r1/fp4-quantized-modelopt/deepseek_r1-torch-fp4/model-00024-of-000163.safetensors
2026-07-24 18:55:44,813 - sflow.task.server_3 - INFO - 2:
2026-07-24 18:55:44,813 - sflow.task.server_3 - INFO - Loading safetensors weights in parallel:  36%|███▌      | 58/163 [00:10<00:08, 12.45it/s]
2026-07-24 18:55:44,865 - sflow.task.server_3 - INFO - 3:
2026-07-24 18:55:44,865 - sflow.task.server_3 - INFO - Loading safetensors weights in parallel:  36%|███▌      | 58/163 [00:11<00:07, 14.25it/s]
2026-07-24 18:55:44,865 - sflow.task.server_3 - INFO - 0: [07/24/2026-18:55:44] [TRT-LLM] [RANK 0] [I] Start to load safetensor file /home/mlperf_inference_storage/models/deepseek-r1/fp4-quantized-modelopt/deepseek_r1-torch-fp4/model-00035-of-000163.safetensors
2026-07-24 18:55:44,865 - sflow.task.server_3 - INFO - 0:
2026-07-24 18:55:44,865 - sflow.task.server_3 - INFO - Loading safetensors weights in parallel:  36%|███▌      | 58/163 [00:11<00:08, 12.25it/s]
2026-07-24 18:55:44,967 - sflow.task.server_3 - INFO - 1:
2026-07-24 18:55:44,967 - sflow.task.server_3 - INFO - Loading safetensors weights in parallel:  36%|███▌      | 59/163 [00:11<00:08, 12.87it/s]
2026-07-24 18:55:44,967 - sflow.task.server_3 - INFO - 0: [07/24/2026-18:55:44] [TRT-LLM] [RANK 0] [I] Start to load safetensor file /home/mlperf_inference_storage/models/deepseek-r1/fp4-quantized-modelopt/deepseek_r1-torch-fp4/model-00053-of-000163.safetensors
2026-07-24 18:55:44,967 - sflow.task.server_3 - INFO - 0: [07/24/2026-18:55:44] [TRT-LLM] [RANK 0] [I] Start to load safetensor file /home/mlperf_inference_storage/models/deepseek-r1/fp4-quantized-modelopt/deepseek_r1-torch-fp4/model-00027-of-000163.safetensors
2026-07-24 18:55:45,070 - sflow.task.server_3 - INFO - 3:
2026-07-24 18:55:45,070 - sflow.task.server_3 - INFO - Loading safetensors weights in parallel:  37%|███▋      | 61/163 [00:11<00:07, 14.15it/s]
2026-07-24 18:55:45,070 - sflow.task.server_3 - INFO - 0: [07/24/2026-18:55:45] [TRT-LLM] [RANK 0] [I] Start to load safetensor file /home/mlperf_inference_storage/models/deepseek-r1/fp4-quantized-modelopt/deepseek_r1-torch-fp4/model-00157-of-000163.safetensors
2026-07-24 18:55:45,122 - sflow.task.server_3 - INFO - 0:
2026-07-24 18:55:45,122 - sflow.task.server_3 - INFO - Loading safetensors weights in parallel:  37%|███▋      | 61/163 [00:11<00:08, 12.47it/s]
2026-07-24 18:55:45,122 - sflow.task.server_3 - INFO - 2:
2026-07-24 18:55:45,122 - sflow.task.server_3 - INFO - Loading safetensors weights in parallel:  38%|███▊      | 62/163 [00:11<00:07, 12.96it/s]
2026-07-24 18:55:45,122 - sflow.task.server_3 - INFO - 0: [07/24/2026-18:55:45] [TRT-LLM] [RANK 0] [I] Start to load safetensor file /home/mlperf_inference_storage/models/deepseek-r1/fp4-quantized-modelopt/deepseek_r1-torch-fp4/model-00003-of-000163.safetensors
2026-07-24 18:55:45,122 - sflow.task.server_3 - INFO - 0: [07/24/2026-18:55:45] [TRT-LLM] [RANK 0] [I] Start to load safetensor file /home/mlperf_inference_storage/models/deepseek-r1/fp4-quantized-modelopt/deepseek_r1-torch-fp4/model-00118-of-000163.safetensors
2026-07-24 18:55:45,122 - sflow.task.server_3 - INFO - 1:
2026-07-24 18:55:45,122 - sflow.task.server_3 - INFO - Loading safetensors weights in parallel:  38%|███▊      | 62/163 [00:11<00:07, 14.04it/s]
2026-07-24 18:55:45,173 - sflow.task.server_3 - INFO - 3:
2026-07-24 18:55:45,173 - sflow.task.server_3 - INFO - Loading safetensors weights in parallel:  39%|███▉      | 64/163 [00:11<00:06, 16.06it/s]
2026-07-24 18:55:45,224 - sflow.task.server_3 - INFO - 5:
2026-07-24 18:55:45,224 - sflow.task.server_3 - INFO - Loading safetensors weights in parallel:  22%|██▏       | 36/163 [00:08<00:29,  4.29it/s]
2026-07-24 18:55:45,275 - sflow.task.server_3 - INFO - 4:
2026-07-24 18:55:45,275 - sflow.task.server_3 - INFO - Loading safetensors weights in parallel:  22%|██▏       | 36/163 [00:08<00:30,  4.12it/s]
2026-07-24 18:55:45,275 - sflow.task.server_3 - INFO - 0: [07/24/2026-18:55:45] [TRT-LLM] [RANK 0] [I] Start to load safetensor file /home/mlperf_inference_storage/models/deepseek-r1/fp4-quantized-modelopt/deepseek_r1-torch-fp4/model-00144-of-000163.safetensors
2026-07-24 18:55:45,275 - sflow.task.server_3 - INFO - 0:
2026-07-24 18:55:45,275 - sflow.task.server_3 - INFO - Loading safetensors weights in parallel:  39%|███▉      | 64/163 [00:11<00:07, 13.23it/s]
2026-07-24 18:55:45,891 - sflow.task.server_3 - INFO - 0: [07/24/2026-18:55:45] [TRT-LLM] [RANK 0] [I] Start to load safetensor file /home/mlperf_inference_storage/models/deepseek-r1/fp4-quantized-modelopt/deepseek_r1-torch-fp4/model-00056-of-000163.safetensors
2026-07-24 18:55:45,891 - sflow.task.server_3 - INFO - 1:
2026-07-24 18:55:45,891 - sflow.task.server_3 - INFO - Loading safetensors weights in parallel:  40%|███▉      | 65/163 [00:12<00:12,  8.09it/s]
2026-07-24 18:55:45,943 - sflow.task.server_3 - INFO - 2:
2026-07-24 18:55:45,943 - sflow.task.server_3 - INFO - Loading safetensors weights in parallel:  40%|███▉      | 65/163 [00:12<00:12,  8.09it/s]
2026-07-24 18:55:46,146 - sflow.task.server_3 - INFO - 7:
2026-07-24 18:55:46,146 - sflow.task.server_3 - INFO - Loading safetensors weights in parallel:  23%|██▎       | 37/163 [00:09<00:37,  3.37it/s]
2026-07-24 18:55:46,197 - sflow.task.server_3 - INFO - 0: [07/24/2026-18:55:46] [TRT-LLM] [RANK 0] [I] Start to load safetensor file /home/mlperf_inference_storage/models/deepseek-r1/fp4-quantized-modelopt/deepseek_r1-torch-fp4/model-00111-of-000163.safetensors
2026-07-24 18:55:46,298 - sflow.task.server_3 - INFO - 5:
2026-07-24 18:55:46,299 - sflow.task.server_3 - INFO - Loading safetensors weights in parallel:  24%|██▍       | 39/163 [00:09<00:32,  3.79it/s]
2026-07-24 18:55:46,299 - sflow.task.server_3 - INFO - 0: [07/24/2026-18:55:46] [TRT-LLM] [RANK 0] [I] Start to load safetensor file /home/mlperf_inference_storage/models/deepseek-r1/fp4-quantized-modelopt/deepseek_r1-torch-fp4/model-00095-of-000163.safetensors
2026-07-24 18:55:46,349 - sflow.task.server_3 - INFO - 6:
2026-07-24 18:55:46,349 - sflow.task.server_3 - INFO - Loading safetensors weights in parallel:  23%|██▎       | 38/163 [00:09<00:39,  3.17it/s]
2026-07-24 18:55:46,349 - sflow.task.server_3 - INFO - 0:
2026-07-24 18:55:46,349 - sflow.task.server_3 - INFO - Loading safetensors weights in parallel:  41%|████      | 67/163 [00:12<00:14,  6.71it/s]
2026-07-24 18:55:46,400 - sflow.task.server_3 - INFO - 7:
2026-07-24 18:55:46,400 - sflow.task.server_3 - INFO - Loading safetensors weights in parallel:  25%|██▍       | 40/163 [00:09<00:30,  4.06it/s]
2026-07-24 18:55:46,400 - sflow.task.server_3 - INFO - 4:
2026-07-24 18:55:46,400 - sflow.task.server_3 - INFO - Loading safetensors weights in parallel:  24%|██▍       | 39/163 [00:09<00:33,  3.67it/s]
2026-07-24 18:55:46,400 - sflow.task.server_3 - INFO - 5:
2026-07-24 18:55:46,400 - sflow.task.server_3 - INFO - Loading safetensors weights in parallel:  25%|██▌       | 41/163 [00:09<00:27,  4.40it/s]
2026-07-24 18:55:46,502 - sflow.task.server_3 - INFO - 4:
2026-07-24 18:55:46,502 - sflow.task.server_3 - INFO - Loading safetensors weights in parallel:  26%|██▋       | 43/163 [00:09<00:23,  5.06it/s]
2026-07-24 18:55:46,502 - sflow.task.server_3 - INFO - 7:
2026-07-24 18:55:46,502 - sflow.task.server_3 - INFO - Loading safetensors weights in parallel:  26%|██▋       | 43/163 [00:09<00:23,  5.11it/s]
2026-07-24 18:55:46,502 - sflow.task.server_3 - INFO - 6:
2026-07-24 18:55:46,502 - sflow.task.server_3 - INFO - Loading safetensors weights in parallel:  25%|██▍       | 40/163 [00:09<00:34,  3.62it/s]
2026-07-24 18:55:46,553 - sflow.task.server_3 - INFO - 5:
2026-07-24 18:55:46,553 - sflow.task.server_3 - INFO - Loading safetensors weights in parallel:  28%|██▊       | 46/163 [00:09<00:17,  6.63it/s]
2026-07-24 18:55:46,605 - sflow.task.server_3 - INFO - 2:
2026-07-24 18:55:46,605 - sflow.task.server_3 - INFO - Loading safetensors weights in parallel:  41%|████      | 67/163 [00:12<00:15,  6.18it/s]
2026-07-24 18:55:46,605 - sflow.task.server_3 - INFO - 0: [07/24/2026-18:55:46] [TRT-LLM] [RANK 0] [I] Start to load safetensor file /home/mlperf_inference_storage/models/deepseek-r1/fp4-quantized-modelopt/deepseek_r1-torch-fp4/model-00160-of-000163.safetensors
2026-07-24 18:55:46,605 - sflow.task.server_3 - INFO - 4:
2026-07-24 18:55:46,605 - sflow.task.server_3 - INFO - Loading safetensors weights in parallel:  29%|██▉       | 47/163 [00:09<00:17,  6.79it/s]
2026-07-24 18:55:46,655 - sflow.task.server_3 - INFO - 6:
2026-07-24 18:55:46,655 - sflow.task.server_3 - INFO - Loading safetensors weights in parallel:  28%|██▊       | 45/163 [00:09<00:21,  5.61it/s]
2026-07-24 18:55:46,655 - sflow.task.server_3 - INFO - 7:
2026-07-24 18:55:46,655 - sflow.task.server_3 - INFO - Loading safetensors weights in parallel:  29%|██▉       | 47/163 [00:09<00:16,  7.05it/s]
2026-07-24 18:55:46,706 - sflow.task.server_3 - INFO - 5:
2026-07-24 18:55:46,706 - sflow.task.server_3 - INFO - Loading safetensors weights in parallel:  30%|███       | 49/163 [00:09<00:13,  8.18it/s]
2026-07-24 18:55:46,757 - sflow.task.server_3 - INFO - 7:
2026-07-24 18:55:46,757 - sflow.task.server_3 - INFO - Loading safetensors weights in parallel:  31%|███       | 50/163 [00:09<00:12,  8.78it/s]
2026-07-24 18:55:46,757 - sflow.task.server_3 - INFO - 4:
2026-07-24 18:55:46,757 - sflow.task.server_3 - INFO - Loading safetensors weights in parallel:  31%|███       | 50/163 [00:09<00:13,  8.27it/s]
2026-07-24 18:55:46,757 - sflow.task.server_3 - INFO - 6:
2026-07-24 18:55:46,757 - sflow.task.server_3 - INFO - Loading safetensors weights in parallel:  32%|███▏      | 52/163 [00:09<00:11,  9.25it/s]
2026-07-24 18:55:46,808 - sflow.task.server_3 - INFO - 5:
2026-07-24 18:55:46,808 - sflow.task.server_3 - INFO - Loading safetensors weights in parallel:  33%|███▎      | 54/163 [00:09<00:09, 11.79it/s]
2026-07-24 18:55:46,808 - sflow.task.server_3 - INFO - 1:
2026-07-24 18:55:46,808 - sflow.task.server_3 - INFO - Loading safetensors weights in parallel:  41%|████      | 67/163 [00:12<00:18,  5.16it/s]
2026-07-24 18:55:46,808 - sflow.task.server_3 - INFO - 3:
2026-07-24 18:55:46,808 - sflow.task.server_3 - INFO - Loading safetensors weights in parallel:  41%|████      | 67/163 [00:12<00:18,  5.14it/s]
2026-07-24 18:55:46,858 - sflow.task.server_3 - INFO - 4:
2026-07-24 18:55:46,858 - sflow.task.server_3 - INFO - Loading safetensors weights in parallel:  34%|███▎      | 55/163 [00:10<00:09, 11.91it/s]
2026-07-24 18:55:46,858 - sflow.task.server_3 - INFO - 7:
2026-07-24 18:55:46,858 - sflow.task.server_3 - INFO - Loading safetensors weights in parallel:  34%|███▎      | 55/163 [00:10<00:08, 12.63it/s]
2026-07-24 18:55:46,909 - sflow.task.server_3 - INFO - 6:
2026-07-24 18:55:46,909 - sflow.task.server_3 - INFO - Loading safetensors weights in parallel:  34%|███▍      | 56/163 [00:10<00:09, 11.35it/s]
2026-07-24 18:55:46,909 - sflow.task.server_3 - INFO - 5:
2026-07-24 18:55:46,909 - sflow.task.server_3 - INFO - Loading safetensors weights in parallel:  35%|███▍      | 57/163 [00:10<00:07, 13.39it/s]
2026-07-24 18:55:46,960 - sflow.task.server_3 - INFO - 7:
2026-07-24 18:55:46,960 - sflow.task.server_3 - INFO - Loading safetensors weights in parallel:  36%|███▌      | 59/163 [00:10<00:06, 15.82it/s]
2026-07-24 18:55:47,011 - sflow.task.server_3 - INFO - 4:
2026-07-24 18:55:47,012 - sflow.task.server_3 - INFO - Loading safetensors weights in parallel:  36%|███▌      | 59/163 [00:10<00:07, 14.30it/s]
2026-07-24 18:55:47,012 - sflow.task.server_3 - INFO - 6:
2026-07-24 18:55:47,012 - sflow.task.server_3 - INFO - Loading safetensors weights in parallel:  37%|███▋      | 60/163 [00:10<00:07, 14.01it/s]
2026-07-24 18:55:47,063 - sflow.task.server_3 - INFO - 5:
2026-07-24 18:55:47,063 - sflow.task.server_3 - INFO - Loading safetensors weights in parallel:  38%|███▊      | 62/163 [00:10<00:05, 17.38it/s]
2026-07-24 18:55:47,063 - sflow.task.server_3 - INFO - 7:
2026-07-24 18:55:47,063 - sflow.task.server_3 - INFO - Loading safetensors weights in parallel:  39%|███▊      | 63/163 [00:10<00:05, 18.90it/s]
2026-07-24 18:55:47,216 - sflow.task.server_3 - INFO - 1:
2026-07-24 18:55:47,216 - sflow.task.server_3 - INFO - Loading safetensors weights in parallel:  42%|████▏     | 69/163 [00:13<00:18,  5.16it/s]
2026-07-24 18:55:47,216 - sflow.task.server_3 - INFO - 6:
2026-07-24 18:55:47,216 - sflow.task.server_3 - INFO - Loading safetensors weights in parallel:  39%|███▉      | 64/163 [00:10<00:06, 14.94it/s]
2026-07-24 18:55:47,268 - sflow.task.server_3 - INFO - 4:
2026-07-24 18:55:47,268 - sflow.task.server_3 - INFO - Loading safetensors weights in parallel:  39%|███▊      | 63/163 [00:10<00:07, 14.14it/s]
2026-07-24 18:55:47,473 - sflow.task.server_3 - INFO - 0: [07/24/2026-18:55:47] [TRT-LLM] [RANK 0] [I] Start to load safetensor file /home/mlperf_inference_storage/models/deepseek-r1/fp4-quantized-modelopt/deepseek_r1-torch-fp4/model-00041-of-000163.safetensors
2026-07-24 18:55:47,473 - sflow.task.server_3 - INFO - 0:
2026-07-24 18:55:47,473 - sflow.task.server_3 - INFO - Loading safetensors weights in parallel:  42%|████▏     | 69/163 [00:13<00:21,  4.28it/s]
2026-07-24 18:55:47,627 - sflow.task.server_3 - INFO - 0: [07/24/2026-18:55:47] [TRT-LLM] [RANK 0] [I] Start to load safetensor file /home/mlperf_inference_storage/models/deepseek-r1/fp4-quantized-modelopt/deepseek_r1-torch-fp4/model-00114-of-000163.safetensors
2026-07-24 18:55:47,627 - sflow.task.server_3 - INFO - 2:
2026-07-24 18:55:47,627 - sflow.task.server_3 - INFO - Loading safetensors weights in parallel:  42%|████▏     | 69/163 [00:13<00:22,  4.21it/s]
2026-07-24 18:55:47,729 - sflow.task.server_3 - INFO - 3:
2026-07-24 18:55:47,729 - sflow.task.server_3 - INFO - Loading safetensors weights in parallel:  42%|████▏     | 69/163 [00:13<00:23,  4.03it/s]
2026-07-24 18:55:48,189 - sflow.task.server_3 - INFO - 4:
2026-07-24 18:55:48,189 - sflow.task.server_3 - INFO - Loading safetensors weights in parallel:  40%|████      | 66/163 [00:11<00:12,  7.93it/s]
2026-07-24 18:55:48,241 - sflow.task.server_3 - INFO - 5:
2026-07-24 18:55:48,241 - sflow.task.server_3 - INFO - Loading safetensors weights in parallel:  40%|████      | 66/163 [00:11<00:12,  7.96it/s]
2026-07-24 18:55:48,292 - sflow.task.server_3 - INFO - 7:
2026-07-24 18:55:48,292 - sflow.task.server_3 - INFO - Loading safetensors weights in parallel:  41%|████      | 67/163 [00:11<00:12,  7.71it/s]
2026-07-24 18:55:48,393 - sflow.task.server_3 - INFO - 1:
2026-07-24 18:55:48,393 - sflow.task.server_3 - INFO - Loading safetensors weights in parallel:  44%|████▎     | 71/163 [00:14<00:26,  3.44it/s]
2026-07-24 18:55:48,495 - sflow.task.server_3 - INFO - 3:
2026-07-24 18:55:48,495 - sflow.task.server_3 - INFO - Loading safetensors weights in parallel:  44%|████▎     | 71/163 [00:14<00:25,  3.61it/s]
2026-07-24 18:55:48,495 - sflow.task.server_3 - INFO - 6:
2026-07-24 18:55:48,495 - sflow.task.server_3 - INFO - Loading safetensors weights in parallel:  41%|████      | 67/163 [00:11<00:14,  6.63it/s]
2026-07-24 18:55:48,649 - sflow.task.server_3 - INFO - 2:
2026-07-24 18:55:48,649 - sflow.task.server_3 - INFO - Loading safetensors weights in parallel:  44%|████▎     | 71/163 [00:14<00:27,  3.34it/s]
2026-07-24 18:55:48,700 - sflow.task.server_3 - INFO - 1:
2026-07-24 18:55:48,700 - sflow.task.server_3 - INFO - Loading safetensors weights in parallel:  44%|████▍     | 72/163 [00:14<00:26,  3.39it/s]
2026-07-24 18:55:48,700 - sflow.task.server_3 - INFO - 3:
2026-07-24 18:55:48,700 - sflow.task.server_3 - INFO - Loading safetensors weights in parallel:  45%|████▍     | 73/163 [00:14<00:21,  4.21it/s]
2026-07-24 18:55:48,803 - sflow.task.server_3 - INFO - 2:
2026-07-24 18:55:48,803 - sflow.task.server_3 - INFO - Loading safetensors weights in parallel:  45%|████▍     | 73/163 [00:14<00:21,  4.13it/s]
2026-07-24 18:55:48,854 - sflow.task.server_3 - INFO - 1:
2026-07-24 18:55:48,854 - sflow.task.server_3 - INFO - Loading safetensors weights in parallel:  46%|████▌     | 75/163 [00:14<00:17,  5.00it/s]
2026-07-24 18:55:48,854 - sflow.task.server_3 - INFO - 3:
2026-07-24 18:55:48,854 - sflow.task.server_3 - INFO - Loading safetensors weights in parallel:  46%|████▌     | 75/163 [00:14<00:16,  5.18it/s]
2026-07-24 18:55:48,956 - sflow.task.server_3 - INFO - 2:
2026-07-24 18:55:48,957 - sflow.task.server_3 - INFO - Loading safetensors weights in parallel:  47%|████▋     | 76/163 [00:15<00:15,  5.73it/s]
2026-07-24 18:55:48,957 - sflow.task.server_3 - INFO - 4:
2026-07-24 18:55:48,957 - sflow.task.server_3 - INFO - Loading safetensors weights in parallel:  42%|████▏     | 68/163 [00:12<00:16,  5.77it/s]
2026-07-24 18:55:48,957 - sflow.task.server_3 - INFO - 0: [07/24/2026-18:55:48] [TRT-LLM] [RANK 0] [I] Start to load safetensor file /home/mlperf_inference_storage/models/deepseek-r1/fp4-quantized-modelopt/deepseek_r1-torch-fp4/model-00108-of-000163.safetensors
2026-07-24 18:55:48,957 - sflow.task.server_3 - INFO - 0:
2026-07-24 18:55:48,957 - sflow.task.server_3 - INFO - Loading safetensors weights in parallel:  44%|████▎     | 71/163 [00:15<00:31,  2.90it/s]
2026-07-24 18:55:48,957 - sflow.task.server_3 - INFO - 0: [07/24/2026-18:55:48] [TRT-LLM] [RANK 0] [I] Start to load safetensor file /home/mlperf_inference_storage/models/deepseek-r1/fp4-quantized-modelopt/deepseek_r1-torch-fp4/model-00106-of-000163.safetensors
2026-07-24 18:55:49,008 - sflow.task.server_3 - INFO - 3:
2026-07-24 18:55:49,008 - sflow.task.server_3 - INFO - Loading safetensors weights in parallel:  47%|████▋     | 77/163 [00:15<00:13,  6.21it/s]
2026-07-24 18:55:49,059 - sflow.task.server_3 - INFO - 1:
2026-07-24 18:55:49,060 - sflow.task.server_3 - INFO - Loading safetensors weights in parallel:  48%|████▊     | 79/163 [00:15<00:11,  7.36it/s]
2026-07-24 18:55:49,060 - sflow.task.server_3 - INFO - 2:
2026-07-24 18:55:49,060 - sflow.task.server_3 - INFO - Loading safetensors weights in parallel:  48%|████▊     | 78/163 [00:15<00:12,  6.81it/s]
2026-07-24 18:55:49,060 - sflow.task.server_3 - INFO - 0: [07/24/2026-18:55:49] [TRT-LLM] [RANK 0] [I] Start to load safetensor file /home/mlperf_inference_storage/models/deepseek-r1/fp4-quantized-modelopt/deepseek_r1-torch-fp4/model-00097-of-000163.safetensors
2026-07-24 18:55:49,060 - sflow.task.server_3 - INFO - 0:
2026-07-24 18:55:49,060 - sflow.task.server_3 - INFO - Loading safetensors weights in parallel:  45%|████▍     | 73/163 [00:15<00:24,  3.62it/s]
2026-07-24 18:55:49,111 - sflow.task.server_3 - INFO - 0: [07/24/2026-18:55:49] [TRT-LLM] [RANK 0] [I] Start to load safetensor file /home/mlperf_inference_storage/models/deepseek-r1/fp4-quantized-modelopt/deepseek_r1-torch-fp4/model-00116-of-000163.safetensors
2026-07-24 18:55:49,111 - sflow.task.server_3 - INFO - 0: [07/24/2026-18:55:49] [TRT-LLM] [RANK 0] [I] Start to load safetensor file /home/mlperf_inference_storage/models/deepseek-r1/fp4-quantized-modelopt/deepseek_r1-torch-fp4/model-00076-of-000163.safetensors
2026-07-24 18:55:49,111 - sflow.task.server_3 - INFO - 3:
2026-07-24 18:55:49,111 - sflow.task.server_3 - INFO - Loading safetensors weights in parallel:  49%|████▉     | 80/163 [00:15<00:09,  8.47it/s]
2026-07-24 18:55:49,111 - sflow.task.server_3 - INFO - 0: [07/24/2026-18:55:49] [TRT-LLM] [RANK 0] [I] Start to load safetensor file /home/mlperf_inference_storage/models/deepseek-r1/fp4-quantized-modelopt/deepseek_r1-torch-fp4/model-00008-of-000163.safetensors
2026-07-24 18:55:49,163 - sflow.task.server_3 - INFO - 0: [07/24/2026-18:55:49] [TRT-LLM] [RANK 0] [I] Start to load safetensor file /home/mlperf_inference_storage/models/deepseek-r1/fp4-quantized-modelopt/deepseek_r1-torch-fp4/model-00021-of-000163.safetensors
2026-07-24 18:55:49,163 - sflow.task.server_3 - INFO - 2:
2026-07-24 18:55:49,163 - sflow.task.server_3 - INFO - Loading safetensors weights in parallel:  50%|████▉     | 81/163 [00:15<00:08,  9.14it/s]
2026-07-24 18:55:49,163 - sflow.task.server_3 - INFO - 0: [07/24/2026-18:55:49] [TRT-LLM] [RANK 0] [I] Start to load safetensor file /home/mlperf_inference_storage/models/deepseek-r1/fp4-quantized-modelopt/deepseek_r1-torch-fp4/model-00068-of-000163.safetensors
2026-07-24 18:55:49,163 - sflow.task.server_3 - INFO - 0:
2026-07-24 18:55:49,163 - sflow.task.server_3 - INFO - Loading safetensors weights in parallel:  48%|████▊     | 78/163 [00:15<00:13,  6.32it/s]
2026-07-24 18:55:49,215 - sflow.task.server_3 - INFO - 1:
2026-07-24 18:55:49,215 - sflow.task.server_3 - INFO - Loading safetensors weights in parallel:  50%|████▉     | 81/163 [00:15<00:09,  8.28it/s]
2026-07-24 18:55:49,215 - sflow.task.server_3 - INFO - 0: [07/24/2026-18:55:49] [TRT-LLM] [RANK 0] [I] Start to load safetensor file /home/mlperf_inference_storage/models/deepseek-r1/fp4-quantized-modelopt/deepseek_r1-torch-fp4/model-00037-of-000163.safetensors
2026-07-24 18:55:49,215 - sflow.task.server_3 - INFO - 0: [07/24/2026-18:55:49] [TRT-LLM] [RANK 0] [I] Start to load safetensor file /home/mlperf_inference_storage/models/deepseek-r1/fp4-quantized-modelopt/deepseek_r1-torch-fp4/model-00133-of-000163.safetensors
2026-07-24 18:55:49,215 - sflow.task.server_3 - INFO - 0: [07/24/2026-18:55:49] [TRT-LLM] [RANK 0] [I] Start to load safetensor file /home/mlperf_inference_storage/models/deepseek-r1/fp4-quantized-modelopt/deepseek_r1-torch-fp4/model-00082-of-000163.safetensors
2026-07-24 18:55:49,215 - sflow.task.server_3 - INFO - 0: [07/24/2026-18:55:49] [TRT-LLM] [RANK 0] [I] Start to load safetensor file /home/mlperf_inference_storage/models/deepseek-r1/fp4-quantized-modelopt/deepseek_r1-torch-fp4/model-00092-of-000163.safetensors
2026-07-24 18:55:49,266 - sflow.task.server_3 - INFO - 3:
2026-07-24 18:55:49,266 - sflow.task.server_3 - INFO - Loading safetensors weights in parallel:  52%|█████▏    | 84/163 [00:15<00:06, 11.95it/s]
2026-07-24 18:55:49,266 - sflow.task.server_3 - INFO - 2:
2026-07-24 18:55:49,266 - sflow.task.server_3 - INFO - Loading safetensors weights in parallel:  53%|█████▎    | 86/163 [00:15<00:05, 14.34it/s]
2026-07-24 18:55:49,266 - sflow.task.server_3 - INFO - 0: [07/24/2026-18:55:49] [TRT-LLM] [RANK 0] [I] Start to load safetensor file /home/mlperf_inference_storage/models/deepseek-r1/fp4-quantized-modelopt/deepseek_r1-torch-fp4/model-00071-of-000163.safetensors
2026-07-24 18:55:49,266 - sflow.task.server_3 - INFO - 0:
2026-07-24 18:55:49,266 - sflow.task.server_3 - INFO - Loading safetensors weights in parallel:  51%|█████     | 83/163 [00:15<00:08,  9.65it/s]
2026-07-24 18:55:49,316 - sflow.task.server_3 - INFO - 0: [07/24/2026-18:55:49] [TRT-LLM] [RANK 0] [I] Start to load safetensor file /home/mlperf_inference_storage/models/deepseek-r1/fp4-quantized-modelopt/deepseek_r1-torch-fp4/model-00063-of-000163.safetensors
2026-07-24 18:55:49,316 - sflow.task.server_3 - INFO - 0: [07/24/2026-18:55:49] [TRT-LLM] [RANK 0] [I] Start to load safetensor file /home/mlperf_inference_storage/models/deepseek-r1/fp4-quantized-modelopt/deepseek_r1-torch-fp4/model-00112-of-000163.safetensors
2026-07-24 18:55:49,316 - sflow.task.server_3 - INFO - 0: [07/24/2026-18:55:49] [TRT-LLM] [RANK 0] [I] Start to load safetensor file /home/mlperf_inference_storage/models/deepseek-r1/fp4-quantized-modelopt/deepseek_r1-torch-fp4/model-00089-of-000163.safetensors
2026-07-24 18:55:49,368 - sflow.task.server_3 - INFO - 0: [07/24/2026-18:55:49] [TRT-LLM] [RANK 0] [I] Start to load safetensor file /home/mlperf_inference_storage/models/deepseek-r1/fp4-quantized-modelopt/deepseek_r1-torch-fp4/model-00047-of-000163.safetensors
2026-07-24 18:55:49,368 - sflow.task.server_3 - INFO - 0:
2026-07-24 18:55:49,368 - sflow.task.server_3 - INFO - Loading safetensors weights in parallel:  53%|█████▎    | 87/163 [00:15<00:06, 12.64it/s]
2026-07-24 18:55:49,368 - sflow.task.server_3 - INFO - 1:
2026-07-24 18:55:49,368 - sflow.task.server_3 - INFO - Loading safetensors weights in parallel:  53%|█████▎    | 86/163 [00:15<00:06, 11.95it/s]
2026-07-24 18:55:49,368 - sflow.task.server_3 - INFO - 0: [07/24/2026-18:55:49] [TRT-LLM] [RANK 0] [I] Start to load safetensor file /home/mlperf_inference_storage/models/deepseek-r1/fp4-quantized-modelopt/deepseek_r1-torch-fp4/model-00090-of-000163.safetensors
2026-07-24 18:55:49,419 - sflow.task.server_3 - INFO - 3:
2026-07-24 18:55:49,419 - sflow.task.server_3 - INFO - Loading safetensors weights in parallel:  54%|█████▍    | 88/163 [00:15<00:04, 15.38it/s]
2026-07-24 18:55:49,470 - sflow.task.server_3 - INFO - 1:
2026-07-24 18:55:49,470 - sflow.task.server_3 - INFO - Loading safetensors weights in parallel:  55%|█████▍    | 89/163 [00:15<00:05, 14.36it/s]
2026-07-24 18:55:49,470 - sflow.task.server_3 - INFO - 2:
2026-07-24 18:55:49,470 - sflow.task.server_3 - INFO - Loading safetensors weights in parallel:  55%|█████▍    | 89/163 [00:15<00:05, 14.31it/s]
2026-07-24 18:55:49,571 - sflow.task.server_3 - INFO - 3:
2026-07-24 18:55:49,571 - sflow.task.server_3 - INFO - Loading safetensors weights in parallel:  56%|█████▋    | 92/163 [00:15<00:03, 17.92it/s]
2026-07-24 18:55:49,571 - sflow.task.server_3 - INFO - 0: [07/24/2026-18:55:49] [TRT-LLM] [RANK 0] [I] Start to load safetensor file /home/mlperf_inference_storage/models/deepseek-r1/fp4-quantized-modelopt/deepseek_r1-torch-fp4/model-00023-of-000163.safetensors
2026-07-24 18:55:49,572 - sflow.task.server_3 - INFO - 0: [07/24/2026-18:55:49] [TRT-LLM] [RANK 0] [I] Start to load safetensor file /home/mlperf_inference_storage/models/deepseek-r1/fp4-quantized-modelopt/deepseek_r1-torch-fp4/model-00011-of-000163.safetensors
2026-07-24 18:55:49,622 - sflow.task.server_3 - INFO - 0: [07/24/2026-18:55:49] [TRT-LLM] [RANK 0] [I] Start to load safetensor file /home/mlperf_inference_storage/models/deepseek-r1/fp4-quantized-modelopt/deepseek_r1-torch-fp4/model-00078-of-000163.safetensors
2026-07-24 18:55:49,622 - sflow.task.server_3 - INFO - 0:
2026-07-24 18:55:49,622 - sflow.task.server_3 - INFO - Loading safetensors weights in parallel:  56%|█████▌    | 91/163 [00:15<00:05, 13.68it/s]
2026-07-24 18:55:49,622 - sflow.task.server_3 - INFO - 2:
2026-07-24 18:55:49,622 - sflow.task.server_3 - INFO - Loading safetensors weights in parallel:  58%|█████▊    | 95/163 [00:15<00:03, 20.31it/s]
2026-07-24 18:55:49,622 - sflow.task.server_3 - INFO - 1:
2026-07-24 18:55:49,622 - sflow.task.server_3 - INFO - Loading safetensors weights in parallel:  56%|█████▋    | 92/163 [00:15<00:04, 15.48it/s]
2026-07-24 18:55:49,674 - sflow.task.server_3 - INFO - 0: [07/24/2026-18:55:49] [TRT-LLM] [RANK 0] [I] Start to load safetensor file /home/mlperf_inference_storage/models/deepseek-r1/fp4-quantized-modelopt/deepseek_r1-torch-fp4/model-00050-of-000163.safetensors
2026-07-24 18:55:49,724 - sflow.task.server_3 - INFO - 3:
2026-07-24 18:55:49,724 - sflow.task.server_3 - INFO - Loading safetensors weights in parallel:  59%|█████▉    | 96/163 [00:15<00:03, 19.79it/s]
2026-07-24 18:55:49,724 - sflow.task.server_3 - INFO - 0: [07/24/2026-18:55:49] [TRT-LLM] [RANK 0] [I] Start to load safetensor file /home/mlperf_inference_storage/models/deepseek-r1/fp4-quantized-modelopt/deepseek_r1-torch-fp4/model-00113-of-000163.safetensors
2026-07-24 18:55:49,774 - sflow.task.server_3 - INFO - 0: [07/24/2026-18:55:49] [TRT-LLM] [RANK 0] [I] Start to load safetensor file /home/mlperf_inference_storage/models/deepseek-r1/fp4-quantized-modelopt/deepseek_r1-torch-fp4/model-00130-of-000163.safetensors
2026-07-24 18:55:49,774 - sflow.task.server_3 - INFO - 0:
2026-07-24 18:55:49,775 - sflow.task.server_3 - INFO - Loading safetensors weights in parallel:  58%|█████▊    | 94/163 [00:15<00:04, 15.24it/s]
2026-07-24 18:55:49,775 - sflow.task.server_3 - INFO - 0: [07/24/2026-18:55:49] [TRT-LLM] [RANK 0] [I] Start to load safetensor file /home/mlperf_inference_storage/models/deepseek-r1/fp4-quantized-modelopt/deepseek_r1-torch-fp4/model-00020-of-000163.safetensors
2026-07-24 18:55:49,825 - sflow.task.server_3 - INFO - 0: [07/24/2026-18:55:49] [TRT-LLM] [RANK 0] [I] Start to load safetensor file /home/mlperf_inference_storage/models/deepseek-r1/fp4-quantized-modelopt/deepseek_r1-torch-fp4/model-00154-of-000163.safetensors
2026-07-24 18:55:49,825 - sflow.task.server_3 - INFO - 1:
2026-07-24 18:55:49,825 - sflow.task.server_3 - INFO - Loading safetensors weights in parallel:  60%|█████▉    | 97/163 [00:15<00:03, 18.80it/s]
2026-07-24 18:55:49,926 - sflow.task.server_3 - INFO - 0: [07/24/2026-18:55:49] [TRT-LLM] [RANK 0] [I] Start to load safetensor file /home/mlperf_inference_storage/models/deepseek-r1/fp4-quantized-modelopt/deepseek_r1-torch-fp4/model-00163-of-000163.safetensors
2026-07-24 18:55:49,926 - sflow.task.server_3 - INFO - 0:
2026-07-24 18:55:49,926 - sflow.task.server_3 - INFO - Loading safetensors weights in parallel:  60%|█████▉    | 97/163 [00:16<00:04, 15.30it/s]
2026-07-24 18:55:50,028 - sflow.task.server_3 - INFO - 4:
2026-07-24 18:55:50,028 - sflow.task.server_3 - INFO - Loading safetensors weights in parallel:  43%|████▎     | 70/163 [00:13<00:23,  3.98it/s]
2026-07-24 18:55:50,028 - sflow.task.server_3 - INFO - 7:
2026-07-24 18:55:50,028 - sflow.task.server_3 - INFO - Loading safetensors weights in parallel:  43%|████▎     | 70/163 [00:13<00:22,  4.20it/s]
2026-07-24 18:55:50,028 - sflow.task.server_3 - INFO - 0: [07/24/2026-18:55:50] [TRT-LLM] [RANK 0] [I] Start to load safetensor file /home/mlperf_inference_storage/models/deepseek-r1/fp4-quantized-modelopt/deepseek_r1-torch-fp4/model-00131-of-000163.safetensors
2026-07-24 18:55:50,079 - sflow.task.server_3 - INFO - 5:
2026-07-24 18:55:50,079 - sflow.task.server_3 - INFO - Loading safetensors weights in parallel:  42%|████▏     | 69/163 [00:13<00:22,  4.11it/s]
2026-07-24 18:55:50,181 - sflow.task.server_3 - INFO - 6:
2026-07-24 18:55:50,181 - sflow.task.server_3 - INFO - Loading safetensors weights in parallel:  43%|████▎     | 70/163 [00:13<00:23,  3.95it/s]
2026-07-24 18:55:50,232 - sflow.task.server_3 - INFO - 2:
2026-07-24 18:55:50,232 - sflow.task.server_3 - INFO - Loading safetensors weights in parallel:  60%|██████    | 98/163 [00:16<00:05, 11.90it/s]
2026-07-24 18:55:50,335 - sflow.task.server_3 - INFO - 3:
2026-07-24 18:55:50,335 - sflow.task.server_3 - INFO - Loading safetensors weights in parallel:  61%|██████    | 99/163 [00:16<00:05, 10.98it/s]
2026-07-24 18:55:50,589 - sflow.task.server_3 - INFO - 0: [07/24/2026-18:55:50] [TRT-LLM] [RANK 0] [I] Start to load safetensor file /home/mlperf_inference_storage/models/deepseek-r1/fp4-quantized-modelopt/deepseek_r1-torch-fp4/model-00077-of-000163.safetensors
2026-07-24 18:55:50,639 - sflow.task.server_3 - INFO - 5:
2026-07-24 18:55:50,639 - sflow.task.server_3 - INFO - Loading safetensors weights in parallel:  44%|████▎     | 71/163 [00:13<00:23,  3.99it/s]
2026-07-24 18:55:50,639 - sflow.task.server_3 - INFO - 0: [07/24/2026-18:55:50] [TRT-LLM] [RANK 0] [I] Start to load safetensor file /home/mlperf_inference_storage/models/deepseek-r1/fp4-quantized-modelopt/deepseek_r1-torch-fp4/model-00019-of-000163.safetensors
2026-07-24 18:55:50,639 - sflow.task.server_3 - INFO - 0:
2026-07-24 18:55:50,639 - sflow.task.server_3 - INFO - Loading safetensors weights in parallel:  61%|██████▏   | 100/163 [00:16<00:07,  8.90it/s]
2026-07-24 18:55:50,640 - sflow.task.server_3 - INFO - 0: [07/24/2026-18:55:50] [TRT-LLM] [RANK 0] [I] Start to load safetensor file /home/mlperf_inference_storage/models/deepseek-r1/fp4-quantized-modelopt/deepseek_r1-torch-fp4/model-00120-of-000163.safetensors
2026-07-24 18:55:50,691 - sflow.task.server_3 - INFO - 4:
2026-07-24 18:55:50,691 - sflow.task.server_3 - INFO - Loading safetensors weights in parallel:  44%|████▍     | 72/163 [00:13<00:24,  3.67it/s]
2026-07-24 18:55:50,843 - sflow.task.server_3 - INFO - 5:
2026-07-24 18:55:50,843 - sflow.task.server_3 - INFO - Loading safetensors weights in parallel:  45%|████▍     | 73/163 [00:14<00:20,  4.49it/s]
2026-07-24 18:55:50,894 - sflow.task.server_3 - INFO - 6:
2026-07-24 18:55:50,894 - sflow.task.server_3 - INFO - Loading safetensors weights in parallel:  44%|████▍     | 72/163 [00:14<00:24,  3.65it/s]
2026-07-24 18:55:50,945 - sflow.task.server_3 - INFO - 4:
2026-07-24 18:55:50,945 - sflow.task.server_3 - INFO - Loading safetensors weights in parallel:  46%|████▌     | 75/163 [00:14<00:18,  4.77it/s]
2026-07-24 18:55:50,996 - sflow.task.server_3 - INFO - 1:
2026-07-24 18:55:50,996 - sflow.task.server_3 - INFO - Loading safetensors weights in parallel:  61%|██████▏   | 100/163 [00:17<00:08,  7.17it/s]
2026-07-24 18:55:51,047 - sflow.task.server_3 - INFO - 2:
2026-07-24 18:55:51,047 - sflow.task.server_3 - INFO - Loading safetensors weights in parallel:  62%|██████▏   | 101/163 [00:17<00:08,  7.52it/s]
2026-07-24 18:55:51,047 - sflow.task.server_3 - INFO - 3:
2026-07-24 18:55:51,047 - sflow.task.server_3 - INFO - Loading safetensors weights in parallel:  62%|██████▏   | 101/163 [00:17<00:08,  6.93it/s]
2026-07-24 18:55:51,047 - sflow.task.server_3 - INFO - 5:
2026-07-24 18:55:51,047 - sflow.task.server_3 - INFO - Loading safetensors weights in parallel:  46%|████▌     | 75/163 [00:14<00:17,  5.12it/s]
2026-07-24 18:55:51,098 - sflow.task.server_3 - INFO - 6:
2026-07-24 18:55:51,098 - sflow.task.server_3 - INFO - Loading safetensors weights in parallel:  45%|████▌     | 74/163 [00:14<00:20,  4.31it/s]
2026-07-24 18:55:51,098 - sflow.task.server_3 - INFO - 7:
2026-07-24 18:55:51,098 - sflow.task.server_3 - INFO - Loading safetensors weights in parallel:  44%|████▍     | 72/163 [00:14<00:26,  3.41it/s]
2026-07-24 18:55:51,098 - sflow.task.server_3 - INFO - 4:
2026-07-24 18:55:51,098 - sflow.task.server_3 - INFO - Loading safetensors weights in parallel:  48%|████▊     | 78/163 [00:14<00:13,  6.34it/s]
2026-07-24 18:55:51,199 - sflow.task.server_3 - INFO - 6:
2026-07-24 18:55:51,199 - sflow.task.server_3 - INFO - Loading safetensors weights in parallel:  47%|████▋     | 76/163 [00:14<00:16,  5.16it/s]
2026-07-24 18:55:51,199 - sflow.task.server_3 - INFO - 0: [07/24/2026-18:55:51] [TRT-LLM] [RANK 0] [I] Start to load safetensor file /home/mlperf_inference_storage/models/deepseek-r1/fp4-quantized-modelopt/deepseek_r1-torch-fp4/model-00055-of-000163.safetensors
2026-07-24 18:55:51,199 - sflow.task.server_3 - INFO - 7:
2026-07-24 18:55:51,199 - sflow.task.server_3 - INFO - Loading safetensors weights in parallel:  47%|████▋     | 77/163 [00:14<00:16,  5.37it/s]
2026-07-24 18:55:51,199 - sflow.task.server_3 - INFO - 0:
2026-07-24 18:55:51,199 - sflow.task.server_3 - INFO - Loading safetensors weights in parallel:  63%|██████▎   | 102/163 [00:17<00:08,  6.79it/s]
2026-07-24 18:55:51,250 - sflow.task.server_3 - INFO - 5:
2026-07-24 18:55:51,250 - sflow.task.server_3 - INFO - Loading safetensors weights in parallel:  48%|████▊     | 79/163 [00:14<00:11,  7.49it/s]
2026-07-24 18:55:51,250 - sflow.task.server_3 - INFO - 4:
2026-07-24 18:55:51,250 - sflow.task.server_3 - INFO - Loading safetensors weights in parallel:  49%|████▉     | 80/163 [00:14<00:11,  7.20it/s]
2026-07-24 18:55:51,352 - sflow.task.server_3 - INFO - 6:
2026-07-24 18:55:51,352 - sflow.task.server_3 - INFO - Loading safetensors weights in parallel:  51%|█████     | 83/163 [00:14<00:07, 10.13it/s]
2026-07-24 18:55:51,352 - sflow.task.server_3 - INFO - 5:
2026-07-24 18:55:51,352 - sflow.task.server_3 - INFO - Loading safetensors weights in parallel:  50%|█████     | 82/163 [00:14<00:08,  9.50it/s]
2026-07-24 18:55:51,352 - sflow.task.server_3 - INFO - 7:
2026-07-24 18:55:51,352 - sflow.task.server_3 - INFO - Loading safetensors weights in parallel:  49%|████▉     | 80/163 [00:14<00:12,  6.71it/s]
2026-07-24 18:55:51,352 - sflow.task.server_3 - INFO - 4:
2026-07-24 18:55:51,352 - sflow.task.server_3 - INFO - Loading safetensors weights in parallel:  52%|█████▏    | 84/163 [00:14<00:07, 10.71it/s]
2026-07-24 18:55:51,454 - sflow.task.server_3 - INFO - 1:
2026-07-24 18:55:51,454 - sflow.task.server_3 - INFO - Loading safetensors weights in parallel:  63%|██████▎   | 102/163 [00:17<00:09,  6.40it/s]
2026-07-24 18:55:51,454 - sflow.task.server_3 - INFO - 5:
2026-07-24 18:55:51,454 - sflow.task.server_3 - INFO - Loading safetensors weights in parallel:  52%|█████▏    | 85/163 [00:14<00:06, 11.91it/s]
2026-07-24 18:55:51,454 - sflow.task.server_3 - INFO - 6:
2026-07-24 18:55:51,454 - sflow.task.server_3 - INFO - Loading safetensors weights in parallel:  53%|█████▎    | 87/163 [00:14<00:05, 12.89it/s]
2026-07-24 18:55:51,454 - sflow.task.server_3 - INFO - 7:
2026-07-24 18:55:51,454 - sflow.task.server_3 - INFO - Loading safetensors weights in parallel:  51%|█████     | 83/163 [00:14<00:09,  8.38it/s]
2026-07-24 18:55:51,506 - sflow.task.server_3 - INFO - 4:
2026-07-24 18:55:51,506 - sflow.task.server_3 - INFO - Loading safetensors weights in parallel:  53%|█████▎    | 87/163 [00:14<00:06, 12.13it/s]
2026-07-24 18:55:51,575 - sflow.task.server_3 - INFO - 5:
2026-07-24 18:55:51,575 - sflow.task.server_3 - INFO - Loading safetensors weights in parallel:  54%|█████▍    | 88/163 [00:14<00:05, 14.31it/s]
2026-07-24 18:55:51,575 - sflow.task.server_3 - INFO - 7:
2026-07-24 18:55:51,575 - sflow.task.server_3 - INFO - Loading safetensors weights in parallel:  53%|█████▎    | 87/163 [00:14<00:06, 11.35it/s]
2026-07-24 18:55:51,627 - sflow.task.server_3 - INFO - 6:
2026-07-24 18:55:51,627 - sflow.task.server_3 - INFO - Loading safetensors weights in parallel:  56%|█████▌    | 91/163 [00:14<00:04, 14.95it/s]
2026-07-24 18:55:51,679 - sflow.task.server_3 - INFO - 1:
2026-07-24 18:55:51,679 - sflow.task.server_3 - INFO - Loading safetensors weights in parallel:  64%|██████▍   | 104/163 [00:17<00:08,  6.78it/s]
2026-07-24 18:55:51,679 - sflow.task.server_3 - INFO - 5:
2026-07-24 18:55:51,679 - sflow.task.server_3 - INFO - Loading safetensors weights in parallel:  56%|█████▋    | 92/163 [00:14<00:03, 17.81it/s]
2026-07-24 18:55:51,679 - sflow.task.server_3 - INFO - 0: [07/24/2026-18:55:51] [TRT-LLM] [RANK 0] [I] Start to load safetensor file /home/mlperf_inference_storage/models/deepseek-r1/fp4-quantized-modelopt/deepseek_r1-torch-fp4/model-00016-of-000163.safetensors
2026-07-24 18:55:51,730 - sflow.task.server_3 - INFO - 7:
2026-07-24 18:55:51,730 - sflow.task.server_3 - INFO - Loading safetensors weights in parallel:  57%|█████▋    | 93/163 [00:14<00:04, 16.48it/s]
2026-07-24 18:55:51,730 - sflow.task.server_3 - INFO - 0: [07/24/2026-18:55:51] [TRT-LLM] [RANK 0] [I] Start to load safetensor file /home/mlperf_inference_storage/models/deepseek-r1/fp4-quantized-modelopt/deepseek_r1-torch-fp4/model-00109-of-000163.safetensors
2026-07-24 18:55:51,730 - sflow.task.server_3 - INFO - 0:
2026-07-24 18:55:51,730 - sflow.task.server_3 - INFO - Loading safetensors weights in parallel:  64%|██████▍   | 104/163 [00:17<00:10,  5.81it/s]
2026-07-24 18:55:51,832 - sflow.task.server_3 - INFO - 6:
2026-07-24 18:55:51,832 - sflow.task.server_3 - INFO - Loading safetensors weights in parallel:  58%|█████▊    | 95/163 [00:14<00:04, 16.18it/s]
2026-07-24 18:55:51,833 - sflow.task.server_3 - INFO - 3:
2026-07-24 18:55:51,833 - sflow.task.server_3 - INFO - Loading safetensors weights in parallel:  63%|██████▎   | 103/163 [00:17<00:12,  4.98it/s]
2026-07-24 18:55:51,935 - sflow.task.server_3 - INFO - 4:
2026-07-24 18:55:51,935 - sflow.task.server_3 - INFO - Loading safetensors weights in parallel:  56%|█████▌    | 91/163 [00:15<00:06, 11.30it/s]
2026-07-24 18:55:51,935 - sflow.task.server_3 - INFO - 5:
2026-07-24 18:55:51,935 - sflow.task.server_3 - INFO - Loading safetensors weights in parallel:  59%|█████▉    | 96/163 [00:15<00:03, 17.05it/s]
2026-07-24 18:55:52,088 - sflow.task.server_3 - INFO - 4:
2026-07-24 18:55:52,088 - sflow.task.server_3 - INFO - Loading safetensors weights in parallel:  58%|█████▊    | 94/163 [00:15<00:05, 12.88it/s]
2026-07-24 18:55:52,088 - sflow.task.server_3 - INFO - 2:
2026-07-24 18:55:52,088 - sflow.task.server_3 - INFO - Loading safetensors weights in parallel:  63%|██████▎   | 103/163 [00:18<00:12,  4.75it/s]
2026-07-24 18:55:52,088 - sflow.task.server_3 - INFO - 7:
2026-07-24 18:55:52,088 - sflow.task.server_3 - INFO - Loading safetensors weights in parallel:  60%|█████▉    | 97/163 [00:15<00:04, 13.95it/s]
2026-07-24 18:55:52,394 - sflow.task.server_3 - INFO - 3:
2026-07-24 18:55:52,394 - sflow.task.server_3 - INFO - Loading safetensors weights in parallel:  64%|██████▍   | 105/163 [00:18<00:12,  4.63it/s]
2026-07-24 18:55:52,394 - sflow.task.server_3 - INFO - 6:
2026-07-24 18:55:52,394 - sflow.task.server_3 - INFO - Loading safetensors weights in parallel:  60%|██████    | 98/163 [00:15<00:06, 10.59it/s]
2026-07-24 18:55:52,445 - sflow.task.server_3 - INFO - 4:
2026-07-24 18:55:52,445 - sflow.task.server_3 - INFO - Loading safetensors weights in parallel:  59%|█████▉    | 96/163 [00:15<00:06, 10.12it/s]
2026-07-24 18:55:52,699 - sflow.task.server_3 - INFO - 4:
2026-07-24 18:55:52,699 - sflow.task.server_3 - INFO - Loading safetensors weights in parallel:  60%|██████    | 98/163 [00:15<00:06,  9.57it/s]
2026-07-24 18:55:52,801 - sflow.task.server_3 - INFO - 1:
2026-07-24 18:55:52,801 - sflow.task.server_3 - INFO - Loading safetensors weights in parallel:  65%|██████▌   | 106/163 [00:18<00:13,  4.09it/s]
2026-07-24 18:55:52,801 - sflow.task.server_3 - INFO - 7:
2026-07-24 18:55:52,801 - sflow.task.server_3 - INFO - Loading safetensors weights in parallel:  61%|██████▏   | 100/163 [00:15<00:06,  9.14it/s]
2026-07-24 18:55:52,801 - sflow.task.server_3 - INFO - 3:
2026-07-24 18:55:52,801 - sflow.task.server_3 - INFO - Loading safetensors weights in parallel:  65%|██████▌   | 106/163 [00:18<00:14,  4.02it/s]
2026-07-24 18:55:52,801 - sflow.task.server_3 - INFO - 2:
2026-07-24 18:55:52,801 - sflow.task.server_3 - INFO - Loading safetensors weights in parallel:  64%|██████▍   | 105/163 [00:18<00:14,  4.11it/s]
2026-07-24 18:55:52,852 - sflow.task.server_3 - INFO - 0: [07/24/2026-18:55:52] [TRT-LLM] [RANK 0] [I] Start to load safetensor file /home/mlperf_inference_storage/models/deepseek-r1/fp4-quantized-modelopt/deepseek_r1-torch-fp4/model-00005-of-000163.safetensors
2026-07-24 18:55:52,954 - sflow.task.server_3 - INFO - 3:
2026-07-24 18:55:52,954 - sflow.task.server_3 - INFO - Loading safetensors weights in parallel:  66%|██████▋   | 108/163 [00:19<00:10,  5.12it/s]
2026-07-24 18:55:52,954 - sflow.task.server_3 - INFO - 1:
2026-07-24 18:55:52,954 - sflow.task.server_3 - INFO - Loading safetensors weights in parallel:  66%|██████▋   | 108/163 [00:19<00:11,  4.87it/s]
2026-07-24 18:55:52,954 - sflow.task.server_3 - INFO - 2:
2026-07-24 18:55:52,954 - sflow.task.server_3 - INFO - Loading safetensors weights in parallel:  66%|██████▌   | 107/163 [00:19<00:11,  4.92it/s]
2026-07-24 18:55:52,954 - sflow.task.server_3 - INFO - 0: [07/24/2026-18:55:52] [TRT-LLM] [RANK 0] [I] Start to load safetensor file /home/mlperf_inference_storage/models/deepseek-r1/fp4-quantized-modelopt/deepseek_r1-torch-fp4/model-00040-of-000163.safetensors
2026-07-24 18:55:52,954 - sflow.task.server_3 - INFO - 0:
2026-07-24 18:55:52,954 - sflow.task.server_3 - INFO - Loading safetensors weights in parallel:  65%|██████▌   | 106/163 [00:19<00:16,  3.54it/s]
2026-07-24 18:55:53,006 - sflow.task.server_3 - INFO - 5:
2026-07-24 18:55:53,006 - sflow.task.server_3 - INFO - Loading safetensors weights in parallel:  61%|██████    | 99/163 [00:16<00:08,  7.37it/s]
2026-07-24 18:55:53,057 - sflow.task.server_3 - INFO - 0: [07/24/2026-18:55:53] [TRT-LLM] [RANK 0] [I] Start to load safetensor file /home/mlperf_inference_storage/models/deepseek-r1/fp4-quantized-modelopt/deepseek_r1-torch-fp4/model-00099-of-000163.safetensors
2026-07-24 18:55:53,057 - sflow.task.server_3 - INFO - 6:
2026-07-24 18:55:53,057 - sflow.task.server_3 - INFO - Loading safetensors weights in parallel:  61%|██████▏   | 100/163 [00:16<00:08,  7.32it/s]
2026-07-24 18:55:53,057 - sflow.task.server_3 - INFO - 3:
2026-07-24 18:55:53,057 - sflow.task.server_3 - INFO - Loading safetensors weights in parallel:  67%|██████▋   | 110/163 [00:19<00:08,  6.53it/s]
2026-07-24 18:55:53,057 - sflow.task.server_3 - INFO - 0: [07/24/2026-18:55:53] [TRT-LLM] [RANK 0] [I] Start to load safetensor file /home/mlperf_inference_storage/models/deepseek-r1/fp4-quantized-modelopt/deepseek_r1-torch-fp4/model-00153-of-000163.safetensors
2026-07-24 18:55:53,057 - sflow.task.server_3 - INFO - 2:
2026-07-24 18:55:53,057 - sflow.task.server_3 - INFO - Loading safetensors weights in parallel:  67%|██████▋   | 109/163 [00:19<00:08,  6.02it/s]
2026-07-24 18:55:53,108 - sflow.task.server_3 - INFO - 0: [07/24/2026-18:55:53] [TRT-LLM] [RANK 0] [I] Start to load safetensor file /home/mlperf_inference_storage/models/deepseek-r1/fp4-quantized-modelopt/deepseek_r1-torch-fp4/model-00121-of-000163.safetensors
2026-07-24 18:55:53,160 - sflow.task.server_3 - INFO - 0:
2026-07-24 18:55:53,160 - sflow.task.server_3 - INFO - Loading safetensors weights in parallel:  67%|██████▋   | 109/163 [00:19<00:10,  4.92it/s]
2026-07-24 18:55:53,160 - sflow.task.server_3 - INFO - 0: [07/24/2026-18:55:53] [TRT-LLM] [RANK 0] [I] Start to load safetensor file /home/mlperf_inference_storage/models/deepseek-r1/fp4-quantized-modelopt/deepseek_r1-torch-fp4/model-00010-of-000163.safetensors
2026-07-24 18:55:53,160 - sflow.task.server_3 - INFO - 0: [07/24/2026-18:55:53] [TRT-LLM] [RANK 0] [I] Start to load safetensor file /home/mlperf_inference_storage/models/deepseek-r1/fp4-quantized-modelopt/deepseek_r1-torch-fp4/model-00140-of-000163.safetensors
2026-07-24 18:55:53,160 - sflow.task.server_3 - INFO - 0: [07/24/2026-18:55:53] [TRT-LLM] [RANK 0] [I] Start to load safetensor file /home/mlperf_inference_storage/models/deepseek-r1/fp4-quantized-modelopt/deepseek_r1-torch-fp4/model-00135-of-000163.safetensors
2026-07-24 18:55:53,160 - sflow.task.server_3 - INFO - 1:
2026-07-24 18:55:53,160 - sflow.task.server_3 - INFO - Loading safetensors weights in parallel:  68%|██████▊   | 111/163 [00:19<00:08,  6.32it/s]
2026-07-24 18:55:53,160 - sflow.task.server_3 - INFO - 3:
2026-07-24 18:55:53,160 - sflow.task.server_3 - INFO - Loading safetensors weights in parallel:  69%|██████▊   | 112/163 [00:19<00:06,  7.91it/s]
2026-07-24 18:55:53,211 - sflow.task.server_3 - INFO - 2:
2026-07-24 18:55:53,211 - sflow.task.server_3 - INFO - Loading safetensors weights in parallel:  69%|██████▊   | 112/163 [00:19<00:06,  8.30it/s]
2026-07-24 18:55:53,211 - sflow.task.server_3 - INFO - 0: [07/24/2026-18:55:53] [TRT-LLM] [RANK 0] [I] Start to load safetensor file /home/mlperf_inference_storage/models/deepseek-r1/fp4-quantized-modelopt/deepseek_r1-torch-fp4/model-00122-of-000163.safetensors
2026-07-24 18:55:53,211 - sflow.task.server_3 - INFO - 0: [07/24/2026-18:55:53] [TRT-LLM] [RANK 0] [I] Start to load safetensor file /home/mlperf_inference_storage/models/deepseek-r1/fp4-quantized-modelopt/deepseek_r1-torch-fp4/model-00142-of-000163.safetensors
2026-07-24 18:55:53,211 - sflow.task.server_3 - INFO - 5:
2026-07-24 18:55:53,211 - sflow.task.server_3 - INFO - Loading safetensors weights in parallel:  62%|██████▏   | 101/163 [00:16<00:08,  7.48it/s]
2026-07-24 18:55:53,262 - sflow.task.server_3 - INFO - 4:
2026-07-24 18:55:53,263 - sflow.task.server_3 - INFO - Loading safetensors weights in parallel:  61%|██████▏   | 100/163 [00:16<00:09,  6.73it/s]
2026-07-24 18:55:53,263 - sflow.task.server_3 - INFO - 0: [07/24/2026-18:55:53] [TRT-LLM] [RANK 0] [I] Start to load safetensor file /home/mlperf_inference_storage/models/deepseek-r1/fp4-quantized-modelopt/deepseek_r1-torch-fp4/model-00049-of-000163.safetensors
2026-07-24 18:55:53,263 - sflow.task.server_3 - INFO - 0: [07/24/2026-18:55:53] [TRT-LLM] [RANK 0] [I] Start to load safetensor file /home/mlperf_inference_storage/models/deepseek-r1/fp4-quantized-modelopt/deepseek_r1-torch-fp4/model-00062-of-000163.safetensors
2026-07-24 18:55:53,263 - sflow.task.server_3 - INFO - 7:
2026-07-24 18:55:53,263 - sflow.task.server_3 - INFO - Loading safetensors weights in parallel:  63%|██████▎   | 102/163 [00:16<00:08,  7.50it/s]
2026-07-24 18:55:53,313 - sflow.task.server_3 - INFO - 1:
2026-07-24 18:55:53,313 - sflow.task.server_3 - INFO - Loading safetensors weights in parallel:  69%|██████▉   | 113/163 [00:19<00:06,  7.51it/s]
2026-07-24 18:55:53,313 - sflow.task.server_3 - INFO - 2:
2026-07-24 18:55:53,313 - sflow.task.server_3 - INFO - Loading safetensors weights in parallel:  71%|███████   | 116/163 [00:19<00:03, 12.13it/s]
2026-07-24 18:55:53,313 - sflow.task.server_3 - INFO - 0:
2026-07-24 18:55:53,313 - sflow.task.server_3 - INFO - Loading safetensors weights in parallel:  71%|███████   | 115/163 [00:19<00:05,  8.66it/s]
2026-07-24 18:55:53,313 - sflow.task.server_3 - INFO - 3:
2026-07-24 18:55:53,313 - sflow.task.server_3 - INFO - Loading safetensors weights in parallel:  71%|███████   | 115/163 [00:19<00:04, 10.81it/s]
2026-07-24 18:55:53,364 - sflow.task.server_3 - INFO - 0: [07/24/2026-18:55:53] [TRT-LLM] [RANK 0] [I] Start to load safetensor file /home/mlperf_inference_storage/models/deepseek-r1/fp4-quantized-modelopt/deepseek_r1-torch-fp4/model-00107-of-000163.safetensors
2026-07-24 18:55:53,415 - sflow.task.server_3 - INFO - 3:
2026-07-24 18:55:53,415 - sflow.task.server_3 - INFO - Loading safetensors weights in parallel:  72%|███████▏  | 117/163 [00:19<00:03, 12.07it/s]
2026-07-24 18:55:53,415 - sflow.task.server_3 - INFO - 0: [07/24/2026-18:55:53] [TRT-LLM] [RANK 0] [I] Start to load safetensor file /home/mlperf_inference_storage/models/deepseek-r1/fp4-quantized-modelopt/deepseek_r1-torch-fp4/model-00134-of-000163.safetensors
2026-07-24 18:55:53,415 - sflow.task.server_3 - INFO - 0:
2026-07-24 18:55:53,415 - sflow.task.server_3 - INFO - Loading safetensors weights in parallel:  72%|███████▏  | 118/163 [00:19<00:04, 10.40it/s]
2026-07-24 18:55:53,415 - sflow.task.server_3 - INFO - 1:
2026-07-24 18:55:53,415 - sflow.task.server_3 - INFO - Loading safetensors weights in parallel:  71%|███████   | 116/163 [00:19<00:04,  9.70it/s]
2026-07-24 18:55:53,465 - sflow.task.server_3 - INFO - 6:
2026-07-24 18:55:53,465 - sflow.task.server_3 - INFO - Loading safetensors weights in parallel:  63%|██████▎   | 102/163 [00:16<00:09,  6.58it/s]
2026-07-24 18:55:53,516 - sflow.task.server_3 - INFO - 0: [07/24/2026-18:55:53] [TRT-LLM] [RANK 0] [I] Start to load safetensor file /home/mlperf_inference_storage/models/deepseek-r1/fp4-quantized-modelopt/deepseek_r1-torch-fp4/model-00105-of-000163.safetensors
2026-07-24 18:55:53,516 - sflow.task.server_3 - INFO - 0: [07/24/2026-18:55:53] [TRT-LLM] [RANK 0] [I] Start to load safetensor file /home/mlperf_inference_storage/models/deepseek-r1/fp4-quantized-modelopt/deepseek_r1-torch-fp4/model-00162-of-000163.safetensors
2026-07-24 18:55:53,516 - sflow.task.server_3 - INFO - 2:
2026-07-24 18:55:53,516 - sflow.task.server_3 - INFO - Loading safetensors weights in parallel:  73%|███████▎  | 119/163 [00:19<00:03, 12.47it/s]
2026-07-24 18:55:53,516 - sflow.task.server_3 - INFO - 0: [07/24/2026-18:55:53] [TRT-LLM] [RANK 0] [I] Start to load safetensor file /home/mlperf_inference_storage/models/deepseek-r1/fp4-quantized-modelopt/deepseek_r1-torch-fp4/model-00149-of-000163.safetensors
2026-07-24 18:55:53,516 - sflow.task.server_3 - INFO - 0:
2026-07-24 18:55:53,516 - sflow.task.server_3 - INFO - Loading safetensors weights in parallel:  74%|███████▍  | 121/163 [00:19<00:03, 12.38it/s]
2026-07-24 18:55:53,567 - sflow.task.server_3 - INFO - 1:
2026-07-24 18:55:53,567 - sflow.task.server_3 - INFO - Loading safetensors weights in parallel:  73%|███████▎  | 119/163 [00:19<00:03, 12.39it/s]
2026-07-24 18:55:53,567 - sflow.task.server_3 - INFO - 0: [07/24/2026-18:55:53] [TRT-LLM] [RANK 0] [I] Start to load safetensor file /home/mlperf_inference_storage/models/deepseek-r1/fp4-quantized-modelopt/deepseek_r1-torch-fp4/model-00009-of-000163.safetensors
2026-07-24 18:55:53,568 - sflow.task.server_3 - INFO - 3:
2026-07-24 18:55:53,568 - sflow.task.server_3 - INFO - Loading safetensors weights in parallel:  74%|███████▎  | 120/163 [00:19<00:03, 13.43it/s]
2026-07-24 18:55:53,619 - sflow.task.server_3 - INFO - 0: [07/24/2026-18:55:53] [TRT-LLM] [RANK 0] [I] Start to load safetensor file /home/mlperf_inference_storage/models/deepseek-r1/fp4-quantized-modelopt/deepseek_r1-torch-fp4/model-00161-of-000163.safetensors
2026-07-24 18:55:53,619 - sflow.task.server_3 - INFO - 2:
2026-07-24 18:55:53,619 - sflow.task.server_3 - INFO - Loading safetensors weights in parallel:  76%|███████▌  | 124/163 [00:19<00:02, 17.77it/s]
2026-07-24 18:55:53,670 - sflow.task.server_3 - INFO - 1:
2026-07-24 18:55:53,670 - sflow.task.server_3 - INFO - Loading safetensors weights in parallel:  76%|███████▌  | 124/163 [00:19<00:02, 17.58it/s]
2026-07-24 18:55:53,721 - sflow.task.server_3 - INFO - 4:
2026-07-24 18:55:53,721 - sflow.task.server_3 - INFO - Loading safetensors weights in parallel:  63%|██████▎   | 102/163 [00:16<00:10,  5.81it/s]
2026-07-24 18:55:54,128 - sflow.task.server_3 - INFO - 3:
2026-07-24 18:55:54,128 - sflow.task.server_3 - INFO - Loading safetensors weights in parallel:  76%|███████▌  | 124/163 [00:20<00:03, 10.17it/s]
2026-07-24 18:55:54,178 - sflow.task.server_3 - INFO - 0: [07/24/2026-18:55:54] [TRT-LLM] [RANK 0] [I] Start to load safetensor file /home/mlperf_inference_storage/models/deepseek-r1/fp4-quantized-modelopt/deepseek_r1-torch-fp4/model-00143-of-000163.safetensors
2026-07-24 18:55:54,229 - sflow.task.server_3 - INFO - 0:
2026-07-24 18:55:54,229 - sflow.task.server_3 - INFO - Loading safetensors weights in parallel:  76%|███████▌  | 124/163 [00:20<00:04,  8.32it/s]
2026-07-24 18:55:54,229 - sflow.task.server_3 - INFO - 0: [07/24/2026-18:55:54] [TRT-LLM] [RANK 0] [I] Start to load safetensor file /home/mlperf_inference_storage/models/deepseek-r1/fp4-quantized-modelopt/deepseek_r1-torch-fp4/model-00030-of-000163.safetensors
2026-07-24 18:55:54,330 - sflow.task.server_3 - INFO - 1:
2026-07-24 18:55:54,330 - sflow.task.server_3 - INFO - Loading safetensors weights in parallel:  78%|███████▊  | 127/163 [00:20<00:03, 10.00it/s]
2026-07-24 18:55:54,331 - sflow.task.server_3 - INFO - 3:
2026-07-24 18:55:54,331 - sflow.task.server_3 - INFO - Loading safetensors weights in parallel:  79%|███████▊  | 128/163 [00:20<00:02, 12.23it/s]
2026-07-24 18:55:54,381 - sflow.task.server_3 - INFO - 6:
2026-07-24 18:55:54,381 - sflow.task.server_3 - INFO - Loading safetensors weights in parallel:  64%|██████▍   | 104/163 [00:17<00:13,  4.52it/s]
2026-07-24 18:55:54,381 - sflow.task.server_3 - INFO - 7:
2026-07-24 18:55:54,381 - sflow.task.server_3 - INFO - Loading safetensors weights in parallel:  64%|██████▍   | 104/163 [00:17<00:12,  4.56it/s]
2026-07-24 18:55:54,381 - sflow.task.server_3 - INFO - 5:
2026-07-24 18:55:54,381 - sflow.task.server_3 - INFO - Loading safetensors weights in parallel:  63%|██████▎   | 103/163 [00:17<00:13,  4.29it/s]
2026-07-24 18:55:54,432 - sflow.task.server_3 - INFO - 0: [07/24/2026-18:55:54] [TRT-LLM] [RANK 0] [I] Start to load safetensor file /home/mlperf_inference_storage/models/deepseek-r1/fp4-quantized-modelopt/deepseek_r1-torch-fp4/model-00075-of-000163.safetensors
2026-07-24 18:55:54,432 - sflow.task.server_3 - INFO - 0:
2026-07-24 18:55:54,432 - sflow.task.server_3 - INFO - Loading safetensors weights in parallel:  77%|███████▋  | 126/163 [00:20<00:04,  8.45it/s]
2026-07-24 18:55:54,432 - sflow.task.server_3 - INFO - 0: [07/24/2026-18:55:54] [TRT-LLM] [RANK 0] [I] Start to load safetensor file /home/mlperf_inference_storage/models/deepseek-r1/fp4-quantized-modelopt/deepseek_r1-torch-fp4/model-00115-of-000163.safetensors
2026-07-24 18:55:54,432 - sflow.task.server_3 - INFO - 0: [07/24/2026-18:55:54] [TRT-LLM] [RANK 0] [I] Start to load safetensor file /home/mlperf_inference_storage/models/deepseek-r1/fp4-quantized-modelopt/deepseek_r1-torch-fp4/model-00058-of-000163.safetensors
2026-07-24 18:55:54,483 - sflow.task.server_3 - INFO - 1:
2026-07-24 18:55:54,483 - sflow.task.server_3 - INFO - Loading safetensors weights in parallel:  79%|███████▉  | 129/163 [00:20<00:03, 10.54it/s]
2026-07-24 18:55:54,483 - sflow.task.server_3 - INFO - 4:
2026-07-24 18:55:54,483 - sflow.task.server_3 - INFO - Loading safetensors weights in parallel:  63%|██████▎   | 103/163 [00:17<00:15,  3.77it/s]
2026-07-24 18:55:54,483 - sflow.task.server_3 - INFO - 5:
2026-07-24 18:55:54,483 - sflow.task.server_3 - INFO - Loading safetensors weights in parallel:  64%|██████▍   | 105/163 [00:17<00:10,  5.27it/s]
2026-07-24 18:55:54,484 - sflow.task.server_3 - INFO - 2:
2026-07-24 18:55:54,484 - sflow.task.server_3 - INFO - Loading safetensors weights in parallel:  78%|███████▊  | 127/163 [00:20<00:04,  8.45it/s]
2026-07-24 18:55:54,535 - sflow.task.server_3 - INFO - 0: [07/24/2026-18:55:54] [TRT-LLM] [RANK 0] [I] Start to load safetensor file /home/mlperf_inference_storage/models/deepseek-r1/fp4-quantized-modelopt/deepseek_r1-torch-fp4/model-00139-of-000163.safetensors
2026-07-24 18:55:54,535 - sflow.task.server_3 - INFO - 0:
2026-07-24 18:55:54,535 - sflow.task.server_3 - INFO - Loading safetensors weights in parallel:  79%|███████▉  | 129/163 [00:20<00:03, 10.56it/s]
2026-07-24 18:55:54,638 - sflow.task.server_3 - INFO - 4:
2026-07-24 18:55:54,638 - sflow.task.server_3 - INFO - Loading safetensors weights in parallel:  64%|██████▍   | 104/163 [00:17<00:14,  4.09it/s]
2026-07-24 18:55:54,689 - sflow.task.server_3 - INFO - 0: [07/24/2026-18:55:54] [TRT-LLM] [RANK 0] [I] Start to load safetensor file /home/mlperf_inference_storage/models/deepseek-r1/fp4-quantized-modelopt/deepseek_r1-torch-fp4/model-00072-of-000163.safetensors
2026-07-24 18:55:54,791 - sflow.task.server_3 - INFO - 4:
2026-07-24 18:55:54,791 - sflow.task.server_3 - INFO - Loading safetensors weights in parallel:  64%|██████▍   | 105/163 [00:17<00:13,  4.45it/s]
2026-07-24 18:55:54,791 - sflow.task.server_3 - INFO - 5:
2026-07-24 18:55:54,791 - sflow.task.server_3 - INFO - Loading safetensors weights in parallel:  66%|██████▌   | 107/163 [00:17<00:10,  5.49it/s]
2026-07-24 18:55:54,894 - sflow.task.server_3 - INFO - 2:
2026-07-24 18:55:54,894 - sflow.task.server_3 - INFO - Loading safetensors weights in parallel:  80%|███████▉  | 130/163 [00:21<00:04,  8.25it/s]
2026-07-24 18:55:54,894 - sflow.task.server_3 - INFO - 0: [07/24/2026-18:55:54] [TRT-LLM] [RANK 0] [I] Start to load safetensor file /home/mlperf_inference_storage/models/deepseek-r1/fp4-quantized-modelopt/deepseek_r1-torch-fp4/model-00129-of-000163.safetensors
2026-07-24 18:55:54,894 - sflow.task.server_3 - INFO - 4:
2026-07-24 18:55:54,894 - sflow.task.server_3 - INFO - Loading safetensors weights in parallel:  65%|██████▌   | 106/163 [00:18<00:11,  4.98it/s]
2026-07-24 18:55:54,945 - sflow.task.server_3 - INFO - 0:
2026-07-24 18:55:54,945 - sflow.task.server_3 - INFO - Loading safetensors weights in parallel:  80%|████████  | 131/163 [00:21<00:03,  8.69it/s]
2026-07-24 18:55:54,997 - sflow.task.server_3 - INFO - 3:
2026-07-24 18:55:54,997 - sflow.task.server_3 - INFO - Loading safetensors weights in parallel:  80%|███████▉  | 130/163 [00:21<00:04,  7.56it/s]
2026-07-24 18:55:54,997 - sflow.task.server_3 - INFO - 1:
2026-07-24 18:55:54,997 - sflow.task.server_3 - INFO - Loading safetensors weights in parallel:  80%|████████  | 131/163 [00:21<00:04,  7.58it/s]
2026-07-24 18:55:55,048 - sflow.task.server_3 - INFO - 6:
2026-07-24 18:55:55,048 - sflow.task.server_3 - INFO - Loading safetensors weights in parallel:  64%|██████▍   | 105/163 [00:18<00:16,  3.48it/s]
2026-07-24 18:55:55,099 - sflow.task.server_3 - INFO - 2:
2026-07-24 18:55:55,099 - sflow.task.server_3 - INFO - Loading safetensors weights in parallel:  81%|████████  | 132/163 [00:21<00:03,  8.52it/s]
2026-07-24 18:55:55,150 - sflow.task.server_3 - INFO - 0:
2026-07-24 18:55:55,150 - sflow.task.server_3 - INFO - Loading safetensors weights in parallel:  82%|████████▏ | 133/163 [00:21<00:03,  8.74it/s]
2026-07-24 18:55:55,150 - sflow.task.server_3 - INFO - 3:
2026-07-24 18:55:55,150 - sflow.task.server_3 - INFO - Loading safetensors weights in parallel:  81%|████████  | 132/163 [00:21<00:03,  8.26it/s]
2026-07-24 18:55:55,150 - sflow.task.server_3 - INFO - 6:
2026-07-24 18:55:55,150 - sflow.task.server_3 - INFO - Loading safetensors weights in parallel:  65%|██████▌   | 106/163 [00:18<00:14,  3.89it/s]
2026-07-24 18:55:55,150 - sflow.task.server_3 - INFO - 4:
2026-07-24 18:55:55,150 - sflow.task.server_3 - INFO - Loading safetensors weights in parallel:  66%|██████▌   | 107/163 [00:18<00:11,  4.70it/s]
2026-07-24 18:55:55,150 - sflow.task.server_3 - INFO - 5:
2026-07-24 18:55:55,150 - sflow.task.server_3 - INFO - Loading safetensors weights in parallel:  67%|██████▋   | 109/163 [00:18<00:09,  5.51it/s]
2026-07-24 18:55:55,201 - sflow.task.server_3 - INFO - 7:
2026-07-24 18:55:55,201 - sflow.task.server_3 - INFO - Loading safetensors weights in parallel:  65%|██████▌   | 106/163 [00:18<00:15,  3.78it/s]
2026-07-24 18:55:55,252 - sflow.task.server_3 - INFO - 4:
2026-07-24 18:55:55,252 - sflow.task.server_3 - INFO - Loading safetensors weights in parallel:  67%|██████▋   | 109/163 [00:18<00:07,  6.79it/s]
2026-07-24 18:55:55,252 - sflow.task.server_3 - INFO - 5:
2026-07-24 18:55:55,252 - sflow.task.server_3 - INFO - Loading safetensors weights in parallel:  68%|██████▊   | 111/163 [00:18<00:07,  6.86it/s]
2026-07-24 18:55:55,304 - sflow.task.server_3 - INFO - 2:
2026-07-24 18:55:55,304 - sflow.task.server_3 - INFO - Loading safetensors weights in parallel:  82%|████████▏ | 134/163 [00:21<00:03,  8.67it/s]
2026-07-24 18:55:55,355 - sflow.task.server_3 - INFO - 6:
2026-07-24 18:55:55,355 - sflow.task.server_3 - INFO - Loading safetensors weights in parallel:  66%|██████▌   | 107/163 [00:18<00:13,  4.13it/s]
2026-07-24 18:55:55,355 - sflow.task.server_3 - INFO - 7:
2026-07-24 18:55:55,355 - sflow.task.server_3 - INFO - Loading safetensors weights in parallel:  67%|██████▋   | 110/163 [00:18<00:09,  5.71it/s]
2026-07-24 18:55:55,355 - sflow.task.server_3 - INFO - 0:
2026-07-24 18:55:55,355 - sflow.task.server_3 - INFO - Loading safetensors weights in parallel:  83%|████████▎ | 136/163 [00:21<00:02,  9.93it/s]
2026-07-24 18:55:55,355 - sflow.task.server_3 - INFO - 4:
2026-07-24 18:55:55,355 - sflow.task.server_3 - INFO - Loading safetensors weights in parallel:  69%|██████▉   | 113/163 [00:18<00:04, 12.06it/s]
2026-07-24 18:55:55,406 - sflow.task.server_3 - INFO - 1:
2026-07-24 18:55:55,406 - sflow.task.server_3 - INFO - Loading safetensors weights in parallel:  82%|████████▏ | 133/163 [00:21<00:04,  6.73it/s]
2026-07-24 18:55:55,406 - sflow.task.server_3 - INFO - 3:
2026-07-24 18:55:55,406 - sflow.task.server_3 - INFO - Loading safetensors weights in parallel:  82%|████████▏ | 134/163 [00:21<00:03,  8.18it/s]
2026-07-24 18:55:55,457 - sflow.task.server_3 - INFO - 7:
2026-07-24 18:55:55,457 - sflow.task.server_3 - INFO - Loading safetensors weights in parallel:  69%|██████▉   | 113/163 [00:18<00:06,  7.48it/s]
2026-07-24 18:55:55,508 - sflow.task.server_3 - INFO - 4:
2026-07-24 18:55:55,508 - sflow.task.server_3 - INFO - Loading safetensors weights in parallel:  71%|███████   | 116/163 [00:18<00:03, 14.90it/s]
2026-07-24 18:55:55,559 - sflow.task.server_3 - INFO - 5:
2026-07-24 18:55:55,559 - sflow.task.server_3 - INFO - Loading safetensors weights in parallel:  69%|██████▉   | 113/163 [00:18<00:07,  6.98it/s]
2026-07-24 18:55:55,559 - sflow.task.server_3 - INFO - 6:
2026-07-24 18:55:55,559 - sflow.task.server_3 - INFO - Loading safetensors weights in parallel:  67%|██████▋   | 110/163 [00:18<00:08,  6.06it/s]
2026-07-24 18:55:55,610 - sflow.task.server_3 - INFO - 7:
2026-07-24 18:55:55,610 - sflow.task.server_3 - INFO - Loading safetensors weights in parallel:  71%|███████   | 116/163 [00:18<00:05,  9.32it/s]
2026-07-24 18:55:55,661 - sflow.task.server_3 - INFO - 6:
2026-07-24 18:55:55,661 - sflow.task.server_3 - INFO - Loading safetensors weights in parallel:  71%|███████   | 115/163 [00:18<00:04, 11.14it/s]
2026-07-24 18:55:55,661 - sflow.task.server_3 - INFO - 2:
2026-07-24 18:55:55,661 - sflow.task.server_3 - INFO - Loading safetensors weights in parallel:  83%|████████▎ | 136/163 [00:21<00:03,  7.69it/s]
2026-07-24 18:55:55,661 - sflow.task.server_3 - INFO - 3:
2026-07-24 18:55:55,661 - sflow.task.server_3 - INFO - Loading safetensors weights in parallel:  83%|████████▎ | 136/163 [00:21<00:03,  8.00it/s]
2026-07-24 18:55:55,712 - sflow.task.server_3 - INFO - 5:
2026-07-24 18:55:55,712 - sflow.task.server_3 - INFO - Loading safetensors weights in parallel:  72%|███████▏  | 117/163 [00:18<00:04, 10.60it/s]
2026-07-24 18:55:55,712 - sflow.task.server_3 - INFO - 4:
2026-07-24 18:55:55,712 - sflow.task.server_3 - INFO - Loading safetensors weights in parallel:  72%|███████▏  | 118/163 [00:18<00:03, 12.93it/s]
2026-07-24 18:55:55,712 - sflow.task.server_3 - INFO - 7:
2026-07-24 18:55:55,712 - sflow.task.server_3 - INFO - Loading safetensors weights in parallel:  73%|███████▎  | 119/163 [00:18<00:03, 11.52it/s]
2026-07-24 18:55:55,763 - sflow.task.server_3 - INFO - 1:
2026-07-24 18:55:55,763 - sflow.task.server_3 - INFO - Loading safetensors weights in parallel:  83%|████████▎ | 135/163 [00:21<00:04,  6.34it/s]
2026-07-24 18:55:55,815 - sflow.task.server_3 - INFO - 5:
2026-07-24 18:55:55,815 - sflow.task.server_3 - INFO - Loading safetensors weights in parallel:  74%|███████▎  | 120/163 [00:18<00:03, 13.37it/s]
2026-07-24 18:55:55,815 - sflow.task.server_3 - INFO - 6:
2026-07-24 18:55:55,815 - sflow.task.server_3 - INFO - Loading safetensors weights in parallel:  75%|███████▍  | 122/163 [00:18<00:02, 17.72it/s]
2026-07-24 18:55:55,866 - sflow.task.server_3 - INFO - 1:
2026-07-24 18:55:55,866 - sflow.task.server_3 - INFO - Loading safetensors weights in parallel:  83%|████████▎ | 136/163 [00:21<00:04,  6.71it/s]
2026-07-24 18:55:55,917 - sflow.task.server_3 - INFO - 4:
2026-07-24 18:55:55,917 - sflow.task.server_3 - INFO - Loading safetensors weights in parallel:  74%|███████▍  | 121/163 [00:19<00:03, 13.43it/s]
2026-07-24 18:55:55,917 - sflow.task.server_3 - INFO - 7:
2026-07-24 18:55:55,917 - sflow.task.server_3 - INFO - Loading safetensors weights in parallel:  75%|███████▍  | 122/163 [00:19<00:03, 12.27it/s]
2026-07-24 18:55:56,020 - sflow.task.server_3 - INFO - 6:
2026-07-24 18:55:56,020 - sflow.task.server_3 - INFO - Loading safetensors weights in parallel:  77%|███████▋  | 126/163 [00:19<00:01, 18.73it/s]
2026-07-24 18:55:56,020 - sflow.task.server_3 - INFO - 1:
2026-07-24 18:55:56,020 - sflow.task.server_3 - INFO - Loading safetensors weights in parallel:  85%|████████▍ | 138/163 [00:22<00:03,  7.77it/s]
2026-07-24 18:55:56,020 - sflow.task.server_3 - INFO - 4:
2026-07-24 18:55:56,020 - sflow.task.server_3 - INFO - Loading safetensors weights in parallel:  75%|███████▌  | 123/163 [00:19<00:02, 14.03it/s]
2026-07-24 18:55:56,122 - sflow.task.server_3 - INFO - 0:
2026-07-24 18:55:56,122 - sflow.task.server_3 - INFO - Loading safetensors weights in parallel:  85%|████████▍ | 138/163 [00:22<00:04,  5.84it/s]
2026-07-24 18:55:56,225 - sflow.task.server_3 - INFO - 3:
2026-07-24 18:55:56,225 - sflow.task.server_3 - INFO - Loading safetensors weights in parallel:  85%|████████▍ | 138/163 [00:22<00:04,  6.08it/s]
2026-07-24 18:55:56,276 - sflow.task.server_3 - INFO - 2:
2026-07-24 18:55:56,276 - sflow.task.server_3 - INFO - Loading safetensors weights in parallel:  85%|████████▍ | 138/163 [00:22<00:04,  5.68it/s]
2026-07-24 18:55:56,328 - sflow.task.server_3 - INFO - 5:
2026-07-24 18:55:56,328 - sflow.task.server_3 - INFO - Loading safetensors weights in parallel:  75%|███████▌  | 123/163 [00:19<00:04,  9.16it/s]
2026-07-24 18:55:56,379 - sflow.task.server_3 - INFO - 3:
2026-07-24 18:55:56,379 - sflow.task.server_3 - INFO - Loading safetensors weights in parallel:  85%|████████▌ | 139/163 [00:22<00:03,  6.12it/s]
2026-07-24 18:55:56,379 - sflow.task.server_3 - INFO - 7:
2026-07-24 18:55:56,379 - sflow.task.server_3 - INFO - Loading safetensors weights in parallel:  76%|███████▌  | 124/163 [00:19<00:04,  8.69it/s]
2026-07-24 18:55:56,379 - sflow.task.server_3 - INFO - 2:
2026-07-24 18:55:56,379 - sflow.task.server_3 - INFO - Loading safetensors weights in parallel:  85%|████████▌ | 139/163 [00:22<00:04,  5.98it/s]
2026-07-24 18:55:56,482 - sflow.task.server_3 - INFO - 5:
2026-07-24 18:55:56,482 - sflow.task.server_3 - INFO - Loading safetensors weights in parallel:  79%|███████▊  | 128/163 [00:19<00:02, 13.78it/s]
2026-07-24 18:55:56,482 - sflow.task.server_3 - INFO - 7:
2026-07-24 18:55:56,482 - sflow.task.server_3 - INFO - Loading safetensors weights in parallel:  79%|███████▊  | 128/163 [00:19<00:02, 12.47it/s]
2026-07-24 18:55:56,533 - sflow.task.server_3 - INFO - 3:
2026-07-24 18:55:56,533 - sflow.task.server_3 - INFO - Loading safetensors weights in parallel:  86%|████████▌ | 140/163 [00:22<00:03,  6.27it/s]
2026-07-24 18:55:56,585 - sflow.task.server_3 - INFO - 1:
2026-07-24 18:55:56,585 - sflow.task.server_3 - INFO - Loading safetensors weights in parallel:  86%|████████▌ | 140/163 [00:22<00:04,  5.68it/s]
2026-07-24 18:55:56,636 - sflow.task.server_3 - INFO - 6:
2026-07-24 18:55:56,636 - sflow.task.server_3 - INFO - Loading safetensors weights in parallel:  79%|███████▉  | 129/163 [00:19<00:03, 10.83it/s]
2026-07-24 18:55:56,689 - sflow.task.server_3 - INFO - 1:
2026-07-24 18:55:56,689 - sflow.task.server_3 - INFO - Loading safetensors weights in parallel:  87%|████████▋ | 141/163 [00:22<00:03,  6.07it/s]
2026-07-24 18:55:56,741 - sflow.task.server_3 - INFO - 3:
2026-07-24 18:55:56,741 - sflow.task.server_3 - INFO - Loading safetensors weights in parallel:  87%|████████▋ | 141/163 [00:22<00:03,  5.64it/s]
2026-07-24 18:55:56,843 - sflow.task.server_3 - INFO - 0:
2026-07-24 18:55:56,843 - sflow.task.server_3 - INFO - Loading safetensors weights in parallel:  86%|████████▌ | 140/163 [00:22<00:05,  4.60it/s]
2026-07-24 18:55:56,945 - sflow.task.server_3 - INFO - 4:
2026-07-24 18:55:56,945 - sflow.task.server_3 - INFO - Loading safetensors weights in parallel:  77%|███████▋  | 125/163 [00:20<00:06,  5.88it/s]
2026-07-24 18:55:56,997 - sflow.task.server_3 - INFO - 1:
2026-07-24 18:55:56,997 - sflow.task.server_3 - INFO - Loading safetensors weights in parallel:  88%|████████▊ | 143/163 [00:23<00:03,  6.36it/s]
2026-07-24 18:55:56,997 - sflow.task.server_3 - INFO - 3:
2026-07-24 18:55:56,997 - sflow.task.server_3 - INFO - Loading safetensors weights in parallel:  87%|████████▋ | 142/163 [00:23<00:04,  5.23it/s]
2026-07-24 18:55:56,998 - sflow.task.server_3 - INFO - 2:
2026-07-24 18:55:56,998 - sflow.task.server_3 - INFO - Loading safetensors weights in parallel:  86%|████████▌ | 140/163 [00:23<00:05,  4.00it/s]
2026-07-24 18:55:57,099 - sflow.task.server_3 - INFO - 0:
2026-07-24 18:55:57,099 - sflow.task.server_3 - INFO - Loading safetensors weights in parallel:  87%|████████▋ | 141/163 [00:23<00:04,  4.53it/s]
2026-07-24 18:55:57,099 - sflow.task.server_3 - INFO - 1:
2026-07-24 18:55:57,099 - sflow.task.server_3 - INFO - Loading safetensors weights in parallel:  90%|████████▉ | 146/163 [00:23<00:01,  9.19it/s]
2026-07-24 18:55:57,099 - sflow.task.server_3 - INFO - 4:
2026-07-24 18:55:57,099 - sflow.task.server_3 - INFO - Loading safetensors weights in parallel:  78%|███████▊  | 127/163 [00:20<00:05,  6.70it/s]
2026-07-24 18:55:57,151 - sflow.task.server_3 - INFO - 2:
2026-07-24 18:55:57,151 - sflow.task.server_3 - INFO - Loading safetensors weights in parallel:  90%|████████▉ | 146/163 [00:23<00:01,  9.11it/s]
2026-07-24 18:55:57,151 - sflow.task.server_3 - INFO - 3:
2026-07-24 18:55:57,151 - sflow.task.server_3 - INFO - Loading safetensors weights in parallel:  90%|█████████ | 147/163 [00:23<00:01, 10.78it/s]
2026-07-24 18:55:57,202 - sflow.task.server_3 - INFO - 0:
2026-07-24 18:55:57,202 - sflow.task.server_3 - INFO - Loading safetensors weights in parallel:  90%|█████████ | 147/163 [00:23<00:01,  9.61it/s]
2026-07-24 18:55:57,202 - sflow.task.server_3 - INFO - 1:
2026-07-24 18:55:57,202 - sflow.task.server_3 - INFO - Loading safetensors weights in parallel:  93%|█████████▎| 152/163 [00:23<00:00, 16.99it/s]
2026-07-24 18:55:57,253 - sflow.task.server_3 - INFO - 2:
2026-07-24 18:55:57,254 - sflow.task.server_3 - INFO - Loading safetensors weights in parallel:  93%|█████████▎| 151/163 [00:23<00:00, 13.79it/s]
2026-07-24 18:55:57,305 - sflow.task.server_3 - INFO - 6:
2026-07-24 18:55:57,305 - sflow.task.server_3 - INFO - Loading safetensors weights in parallel:  80%|████████  | 131/163 [00:20<00:04,  7.50it/s]
2026-07-24 18:55:57,305 - sflow.task.server_3 - INFO - 3:
2026-07-24 18:55:57,305 - sflow.task.server_3 - INFO - Loading safetensors weights in parallel:  95%|█████████▌| 155/163 [00:23<00:00, 20.89it/s]
2026-07-24 18:55:57,305 - sflow.task.server_3 - INFO - 0:
2026-07-24 18:55:57,305 - sflow.task.server_3 - INFO - Loading safetensors weights in parallel:  96%|█████████▋| 157/163 [00:23<00:00, 19.82it/s]
2026-07-24 18:55:57,305 - sflow.task.server_3 - INFO - 1:
2026-07-24 18:55:57,305 - sflow.task.server_3 - INFO - Loading safetensors weights in parallel:  99%|█████████▉| 162/163 [00:23<00:00, 31.65it/s]
2026-07-24 18:55:57,305 - sflow.task.server_3 - INFO - 7:
2026-07-24 18:55:57,305 - sflow.task.server_3 - INFO - Loading safetensors weights in parallel:  80%|████████  | 131/163 [00:20<00:04,  7.28it/s]
2026-07-24 18:55:57,305 - sflow.task.server_3 - INFO - 1:
2026-07-24 18:55:57,305 - sflow.task.server_3 - INFO - Loading safetensors weights in parallel: 100%|██████████| 163/163 [00:23<00:00,  6.95it/s]
2026-07-24 18:55:57,305 - sflow.task.server_3 - INFO - 1:
2026-07-24 18:55:57,305 - sflow.task.server_3 - INFO - Loading weights:   0%|          | 0/1458 [00:00<?, ?it/s]
2026-07-24 18:55:57,356 - sflow.task.server_3 - INFO - 0:
2026-07-24 18:55:57,356 - sflow.task.server_3 - INFO - Loading safetensors weights in parallel: 100%|██████████| 163/163 [00:23<00:00,  6.94it/s]
2026-07-24 18:55:57,356 - sflow.task.server_3 - INFO - 0:
2026-07-24 18:55:57,356 - sflow.task.server_3 - INFO - Loading weights:   0%|          | 0/1458 [00:00<?, ?it/s]
2026-07-24 18:55:57,356 - sflow.task.server_3 - INFO - 3:
2026-07-24 18:55:57,356 - sflow.task.server_3 - INFO - Loading safetensors weights in parallel: 100%|██████████| 163/163 [00:23<00:00,  6.94it/s]
2026-07-24 18:55:57,356 - sflow.task.server_3 - INFO - 2:
2026-07-24 18:55:57,356 - sflow.task.server_3 - INFO - Loading safetensors weights in parallel: 100%|██████████| 163/163 [00:23<00:00,  6.94it/s]
2026-07-24 18:55:57,356 - sflow.task.server_3 - INFO - 3:
2026-07-24 18:55:57,356 - sflow.task.server_3 - INFO - Loading weights:   0%|          | 0/1458 [00:00<?, ?it/s]
2026-07-24 18:55:57,356 - sflow.task.server_3 - INFO - 2:
2026-07-24 18:55:57,356 - sflow.task.server_3 - INFO - Loading weights:   0%|          | 0/1458 [00:00<?, ?it/s]
2026-07-24 18:55:57,407 - sflow.task.server_3 - INFO - 4:
2026-07-24 18:55:57,407 - sflow.task.server_3 - INFO - Loading safetensors weights in parallel:  79%|███████▉  | 129/163 [00:20<00:05,  6.68it/s]
2026-07-24 18:55:57,407 - sflow.task.server_3 - INFO - 6:
2026-07-24 18:55:57,407 - sflow.task.server_3 - INFO - Loading safetensors weights in parallel:  82%|████████▏ | 133/163 [00:20<00:03,  8.26it/s]
2026-07-24 18:55:57,509 - sflow.task.server_3 - INFO - 7:
2026-07-24 18:55:57,509 - sflow.task.server_3 - INFO - Loading safetensors weights in parallel:  83%|████████▎ | 135/163 [00:20<00:02,  9.55it/s]
2026-07-24 18:55:57,560 - sflow.task.server_3 - INFO - 5:
2026-07-24 18:55:57,560 - sflow.task.server_3 - INFO - Loading safetensors weights in parallel:  80%|████████  | 131/163 [00:20<00:04,  6.55it/s]
2026-07-24 18:55:57,663 - sflow.task.server_3 - INFO - 4:
2026-07-24 18:55:57,663 - sflow.task.server_3 - INFO - Loading safetensors weights in parallel:  81%|████████  | 132/163 [00:20<00:03,  7.93it/s]
2026-07-24 18:55:57,815 - sflow.task.server_3 - INFO - 6:
2026-07-24 18:55:57,815 - sflow.task.server_3 - INFO - Loading safetensors weights in parallel:  83%|████████▎ | 135/163 [00:20<00:03,  7.30it/s]
2026-07-24 18:55:57,866 - sflow.task.server_3 - INFO - 4:
2026-07-24 18:55:57,866 - sflow.task.server_3 - INFO - Loading safetensors weights in parallel:  82%|████████▏ | 134/163 [00:21<00:03,  8.51it/s]
2026-07-24 18:55:57,918 - sflow.task.server_3 - INFO - 5:
2026-07-24 18:55:57,918 - sflow.task.server_3 - INFO - Loading safetensors weights in parallel:  82%|████████▏ | 134/163 [00:21<00:04,  7.08it/s]
2026-07-24 18:55:57,969 - sflow.task.server_3 - INFO - 7:
2026-07-24 18:55:57,969 - sflow.task.server_3 - INFO - Loading safetensors weights in parallel:  84%|████████▍ | 137/163 [00:21<00:03,  7.73it/s]
2026-07-24 18:55:58,172 - sflow.task.server_3 - INFO - 4:
2026-07-24 18:55:58,172 - sflow.task.server_3 - INFO - Loading safetensors weights in parallel:  83%|████████▎ | 136/163 [00:21<00:03,  8.04it/s]
2026-07-24 18:55:58,223 - sflow.task.server_3 - INFO - 6:
2026-07-24 18:55:58,223 - sflow.task.server_3 - INFO - Loading safetensors weights in parallel:  84%|████████▍ | 137/163 [00:21<00:03,  6.59it/s]
2026-07-24 18:55:58,376 - sflow.task.server_3 - INFO - 4:
2026-07-24 18:55:58,376 - sflow.task.server_3 - INFO - Loading safetensors weights in parallel:  84%|████████▍ | 137/163 [00:21<00:03,  6.91it/s]
2026-07-24 18:55:58,579 - sflow.task.server_3 - INFO - 6:
2026-07-24 18:55:58,579 - sflow.task.server_3 - INFO - Loading safetensors weights in parallel:  85%|████████▍ | 138/163 [00:21<00:04,  5.34it/s]
2026-07-24 18:55:58,579 - sflow.task.server_3 - INFO - 5:
2026-07-24 18:55:58,579 - sflow.task.server_3 - INFO - Loading safetensors weights in parallel:  85%|████████▍ | 138/163 [00:21<00:03,  6.58it/s]
2026-07-24 18:55:58,732 - sflow.task.server_3 - INFO - 6:
2026-07-24 18:55:58,732 - sflow.task.server_3 - INFO - Loading safetensors weights in parallel:  85%|████████▌ | 139/163 [00:21<00:04,  5.57it/s]
2026-07-24 18:55:58,834 - sflow.task.server_3 - INFO - 7:
2026-07-24 18:55:58,834 - sflow.task.server_3 - INFO - Loading safetensors weights in parallel:  85%|████████▌ | 139/163 [00:21<00:04,  5.06it/s]
2026-07-24 18:55:58,834 - sflow.task.server_3 - INFO - 5:
2026-07-24 18:55:58,834 - sflow.task.server_3 - INFO - Loading safetensors weights in parallel:  86%|████████▌ | 140/163 [00:21<00:03,  6.91it/s]
2026-07-24 18:55:58,885 - sflow.task.server_3 - INFO - 4:
2026-07-24 18:55:58,885 - sflow.task.server_3 - INFO - Loading safetensors weights in parallel:  85%|████████▍ | 138/163 [00:22<00:05,  4.83it/s]
2026-07-24 18:55:59,037 - sflow.task.server_3 - INFO - 4:
2026-07-24 18:55:59,037 - sflow.task.server_3 - INFO - Loading safetensors weights in parallel:  86%|████████▌ | 140/163 [00:22<00:03,  5.99it/s]
2026-07-24 18:55:59,190 - sflow.task.server_3 - INFO - 5:
2026-07-24 18:55:59,190 - sflow.task.server_3 - INFO - Loading safetensors weights in parallel:  88%|████████▊ | 144/163 [00:22<00:02,  8.06it/s]
2026-07-24 18:55:59,190 - sflow.task.server_3 - INFO - 4:
2026-07-24 18:55:59,190 - sflow.task.server_3 - INFO - Loading safetensors weights in parallel:  88%|████████▊ | 143/163 [00:22<00:02,  8.90it/s]
2026-07-24 18:55:59,190 - sflow.task.server_3 - INFO - 6:
2026-07-24 18:55:59,190 - sflow.task.server_3 - INFO - Loading safetensors weights in parallel:  86%|████████▌ | 140/163 [00:22<00:05,  4.19it/s]
2026-07-24 18:55:59,241 - sflow.task.server_3 - INFO - 7:
2026-07-24 18:55:59,241 - sflow.task.server_3 - INFO - Loading safetensors weights in parallel:  87%|████████▋ | 141/163 [00:22<00:04,  4.97it/s]
2026-07-24 18:55:59,343 - sflow.task.server_3 - INFO - 5:
2026-07-24 18:55:59,343 - sflow.task.server_3 - INFO - Loading safetensors weights in parallel:  90%|████████▉ | 146/163 [00:22<00:01,  8.64it/s]
2026-07-24 18:55:59,343 - sflow.task.server_3 - INFO - 4:
2026-07-24 18:55:59,343 - sflow.task.server_3 - INFO - Loading safetensors weights in parallel:  91%|█████████ | 148/163 [00:22<00:01, 13.79it/s]
2026-07-24 18:55:59,343 - sflow.task.server_3 - INFO - 0:
2026-07-24 18:55:59,343 - sflow.task.server_3 - INFO - Loading weights:   0%|          | 3/1458 [00:02<16:16,  1.49it/s]
2026-07-24 18:55:59,343 - sflow.task.server_3 - INFO - 3:
2026-07-24 18:55:59,343 - sflow.task.server_3 - INFO - Loading weights:   0%|          | 3/1458 [00:02<16:12,  1.50it/s]
2026-07-24 18:55:59,343 - sflow.task.server_3 - INFO - 7:
2026-07-24 18:55:59,343 - sflow.task.server_3 - INFO - Loading safetensors weights in parallel:  88%|████████▊ | 143/163 [00:22<00:03,  6.16it/s]
2026-07-24 18:55:59,343 - sflow.task.server_3 - INFO - 2:
2026-07-24 18:55:59,343 - sflow.task.server_3 - INFO - Loading weights:   0%|          | 3/1458 [00:02<16:13,  1.49it/s]
2026-07-24 18:55:59,343 - sflow.task.server_3 - INFO - 1:
2026-07-24 18:55:59,343 - sflow.task.server_3 - INFO - Loading weights:   0%|          | 3/1458 [00:02<16:21,  1.48it/s]
2026-07-24 18:55:59,446 - sflow.task.server_3 - INFO - 6:
2026-07-24 18:55:59,446 - sflow.task.server_3 - INFO - Loading safetensors weights in parallel:  87%|████████▋ | 142/163 [00:22<00:04,  5.17it/s]
2026-07-24 18:55:59,446 - sflow.task.server_3 - INFO - 4:
2026-07-24 18:55:59,446 - sflow.task.server_3 - INFO - Loading safetensors weights in parallel:  94%|█████████▍| 153/163 [00:22<00:00, 19.55it/s]
2026-07-24 18:55:59,446 - sflow.task.server_3 - INFO - 7:
2026-07-24 18:55:59,446 - sflow.task.server_3 - INFO - Loading safetensors weights in parallel:  91%|█████████▏| 149/163 [00:22<00:01, 11.57it/s]
2026-07-24 18:55:59,497 - sflow.task.server_3 - INFO - 5:
2026-07-24 18:55:59,497 - sflow.task.server_3 - INFO - Loading safetensors weights in parallel:  91%|█████████▏| 149/163 [00:22<00:01, 10.61it/s]
2026-07-24 18:55:59,497 - sflow.task.server_3 - INFO - 0:
2026-07-24 18:55:59,497 - sflow.task.server_3 - INFO - Loading weights:   1%|          | 11/1458 [00:02<03:43,  6.47it/s]
2026-07-24 18:55:59,497 - sflow.task.server_3 - INFO - 1:
2026-07-24 18:55:59,497 - sflow.task.server_3 - INFO - Loading weights:   1%|          | 11/1458 [00:02<03:44,  6.45it/s]
2026-07-24 18:55:59,497 - sflow.task.server_3 - INFO - 2:
2026-07-24 18:55:59,497 - sflow.task.server_3 - INFO - Loading weights:   1%|          | 11/1458 [00:02<03:42,  6.50it/s]
2026-07-24 18:55:59,497 - sflow.task.server_3 - INFO - 3:
2026-07-24 18:55:59,497 - sflow.task.server_3 - INFO - Loading weights:   1%|          | 11/1458 [00:02<03:42,  6.49it/s]
2026-07-24 18:55:59,548 - sflow.task.server_3 - INFO - 6:
2026-07-24 18:55:59,548 - sflow.task.server_3 - INFO - Loading safetensors weights in parallel:  97%|█████████▋| 158/163 [00:22<00:00, 23.50it/s]
2026-07-24 18:55:59,548 - sflow.task.server_3 - INFO - 7:
2026-07-24 18:55:59,548 - sflow.task.server_3 - INFO - Loading safetensors weights in parallel:  99%|█████████▉| 161/163 [00:22<00:00, 25.17it/s]
2026-07-24 18:55:59,548 - sflow.task.server_3 - INFO - 4:
2026-07-24 18:55:59,548 - sflow.task.server_3 - INFO - Loading safetensors weights in parallel:  97%|█████████▋| 158/163 [00:22<00:00, 24.84it/s]
2026-07-24 18:55:59,599 - sflow.task.server_3 - INFO - 5:
2026-07-24 18:55:59,599 - sflow.task.server_3 - INFO - Loading safetensors weights in parallel:  99%|█████████▉| 161/163 [00:22<00:00, 25.05it/s]
2026-07-24 18:55:59,599 - sflow.task.server_3 - INFO - 6:
2026-07-24 18:55:59,599 - sflow.task.server_3 - INFO - Loading safetensors weights in parallel: 100%|██████████| 163/163 [00:22<00:00,  7.16it/s]
2026-07-24 18:55:59,599 - sflow.task.server_3 - INFO - 7:
2026-07-24 18:55:59,599 - sflow.task.server_3 - INFO - Loading safetensors weights in parallel: 100%|██████████| 163/163 [00:22<00:00,  7.16it/s]
2026-07-24 18:55:59,599 - sflow.task.server_3 - INFO - 6:
2026-07-24 18:55:59,599 - sflow.task.server_3 - INFO - Loading weights:   0%|          | 0/1458 [00:00<?, ?it/s]
2026-07-24 18:55:59,599 - sflow.task.server_3 - INFO - 7:
2026-07-24 18:55:59,599 - sflow.task.server_3 - INFO - Loading weights:   0%|          | 0/1458 [00:00<?, ?it/s]
2026-07-24 18:55:59,599 - sflow.task.server_3 - INFO - 5:
2026-07-24 18:55:59,599 - sflow.task.server_3 - INFO - Loading safetensors weights in parallel: 100%|██████████| 163/163 [00:22<00:00,  7.16it/s]
2026-07-24 18:55:59,599 - sflow.task.server_3 - INFO - 5:
2026-07-24 18:55:59,599 - sflow.task.server_3 - INFO - Loading weights:   0%|          | 0/1458 [00:00<?, ?it/s]
2026-07-24 18:55:59,599 - sflow.task.server_3 - INFO - 4:
2026-07-24 18:55:59,599 - sflow.task.server_3 - INFO - Loading safetensors weights in parallel: 100%|██████████| 163/163 [00:22<00:00,  7.16it/s]
2026-07-24 18:55:59,599 - sflow.task.server_3 - INFO - 4:
2026-07-24 18:55:59,599 - sflow.task.server_3 - INFO - Loading weights:   0%|          | 0/1458 [00:00<?, ?it/s]
2026-07-24 18:55:59,650 - sflow.task.server_3 - INFO - 1:
2026-07-24 18:55:59,650 - sflow.task.server_3 - INFO - Loading weights:   1%|          | 16/1458 [00:02<02:29,  9.64it/s]
2026-07-24 18:55:59,650 - sflow.task.server_3 - INFO - 0:
2026-07-24 18:55:59,650 - sflow.task.server_3 - INFO - Loading weights:   1%|          | 16/1458 [00:02<02:29,  9.66it/s]
2026-07-24 18:55:59,650 - sflow.task.server_3 - INFO - 3:
2026-07-24 18:55:59,650 - sflow.task.server_3 - INFO - Loading weights:   1%|          | 16/1458 [00:02<02:28,  9.69it/s]
2026-07-24 18:55:59,650 - sflow.task.server_3 - INFO - 2:
2026-07-24 18:55:59,650 - sflow.task.server_3 - INFO - Loading weights:   1%|          | 16/1458 [00:02<02:28,  9.69it/s]
2026-07-24 18:55:59,905 - sflow.task.server_3 - INFO - 0:
2026-07-24 18:55:59,905 - sflow.task.server_3 - INFO - Loading weights:   1%|▏         | 20/1458 [00:02<02:11, 10.93it/s]
2026-07-24 18:55:59,905 - sflow.task.server_3 - INFO - 1:
2026-07-24 18:55:59,905 - sflow.task.server_3 - INFO - Loading weights:   1%|▏         | 20/1458 [00:02<02:11, 10.91it/s]
2026-07-24 18:55:59,905 - sflow.task.server_3 - INFO - 2:
2026-07-24 18:55:59,905 - sflow.task.server_3 - INFO - Loading weights:   1%|▏         | 20/1458 [00:02<02:11, 10.96it/s]
2026-07-24 18:55:59,905 - sflow.task.server_3 - INFO - 3:
2026-07-24 18:55:59,905 - sflow.task.server_3 - INFO - Loading weights:   1%|▏         | 20/1458 [00:02<02:11, 10.95it/s]
2026-07-24 18:56:00,007 - sflow.task.server_3 - INFO - 0:
2026-07-24 18:56:00,007 - sflow.task.server_3 - INFO - Loading weights:   2%|▏         | 29/1458 [00:02<01:12, 19.65it/s]
2026-07-24 18:56:00,058 - sflow.task.server_3 - INFO - 1:
2026-07-24 18:56:00,058 - sflow.task.server_3 - INFO - Loading weights:   2%|▏         | 30/1458 [00:02<01:12, 19.67it/s]
2026-07-24 18:56:00,058 - sflow.task.server_3 - INFO - 2:
2026-07-24 18:56:00,058 - sflow.task.server_3 - INFO - Loading weights:   2%|▏         | 30/1458 [00:02<01:12, 19.74it/s]
2026-07-24 18:56:00,058 - sflow.task.server_3 - INFO - 3:
2026-07-24 18:56:00,058 - sflow.task.server_3 - INFO - Loading weights:   2%|▏         | 30/1458 [00:02<01:12, 19.73it/s]
2026-07-24 18:56:00,110 - sflow.task.server_3 - INFO - 0:
2026-07-24 18:56:00,110 - sflow.task.server_3 - INFO - Loading weights:   2%|▏         | 34/1458 [00:02<00:59, 23.75it/s]
2026-07-24 18:56:00,212 - sflow.task.server_3 - INFO - 1:
2026-07-24 18:56:00,212 - sflow.task.server_3 - INFO - Loading weights:   2%|▏         | 35/1458 [00:02<01:03, 22.48it/s]
2026-07-24 18:56:00,212 - sflow.task.server_3 - INFO - 2:
2026-07-24 18:56:00,212 - sflow.task.server_3 - INFO - Loading weights:   2%|▏         | 35/1458 [00:02<01:03, 22.55it/s]
2026-07-24 18:56:00,212 - sflow.task.server_3 - INFO - 3:
2026-07-24 18:56:00,213 - sflow.task.server_3 - INFO - Loading weights:   2%|▏         | 35/1458 [00:02<01:03, 22.54it/s]
2026-07-24 18:56:00,468 - sflow.task.server_3 - INFO - 1:
2026-07-24 18:56:00,468 - sflow.task.server_3 - INFO - Loading weights:   3%|▎         | 39/1458 [00:03<01:09, 20.52it/s]
2026-07-24 18:56:00,468 - sflow.task.server_3 - INFO - 0:
2026-07-24 18:56:00,468 - sflow.task.server_3 - INFO - Loading weights:   3%|▎         | 39/1458 [00:03<01:10, 20.26it/s]
2026-07-24 18:56:00,468 - sflow.task.server_3 - INFO - 3:
2026-07-24 18:56:00,468 - sflow.task.server_3 - INFO - Loading weights:   3%|▎         | 39/1458 [00:03<01:09, 20.56it/s]
2026-07-24 18:56:00,468 - sflow.task.server_3 - INFO - 2:
2026-07-24 18:56:00,468 - sflow.task.server_3 - INFO - Loading weights:   3%|▎         | 39/1458 [00:03<01:08, 20.57it/s]
2026-07-24 18:56:00,569 - sflow.task.server_3 - INFO - 0:
2026-07-24 18:56:00,569 - sflow.task.server_3 - INFO - Loading weights:   3%|▎         | 48/1458 [00:03<00:47, 29.74it/s]
2026-07-24 18:56:00,621 - sflow.task.server_3 - INFO - 1:
2026-07-24 18:56:00,621 - sflow.task.server_3 - INFO - Loading weights:   3%|▎         | 49/1458 [00:03<00:47, 29.79it/s]
2026-07-24 18:56:00,621 - sflow.task.server_3 - INFO - 2:
2026-07-24 18:56:00,621 - sflow.task.server_3 - INFO - Loading weights:   3%|▎         | 49/1458 [00:03<00:47, 29.84it/s]
2026-07-24 18:56:00,621 - sflow.task.server_3 - INFO - 3:
2026-07-24 18:56:00,621 - sflow.task.server_3 - INFO - Loading weights:   3%|▎         | 49/1458 [00:03<00:47, 29.83it/s]
2026-07-24 18:56:00,825 - sflow.task.server_3 - INFO - 0:
2026-07-24 18:56:00,825 - sflow.task.server_3 - INFO - Loading weights:   4%|▎         | 54/1458 [00:03<00:49, 28.62it/s]
2026-07-24 18:56:00,825 - sflow.task.server_3 - INFO - 1:
2026-07-24 18:56:00,825 - sflow.task.server_3 - INFO - Loading weights:   4%|▎         | 54/1458 [00:03<00:48, 29.11it/s]
2026-07-24 18:56:00,825 - sflow.task.server_3 - INFO - 3:
2026-07-24 18:56:00,825 - sflow.task.server_3 - INFO - Loading weights:   4%|▎         | 54/1458 [00:03<00:48, 29.14it/s]
2026-07-24 18:56:00,825 - sflow.task.server_3 - INFO - 2:
2026-07-24 18:56:00,825 - sflow.task.server_3 - INFO - Loading weights:   4%|▎         | 54/1458 [00:03<00:48, 29.15it/s]
2026-07-24 18:56:01,081 - sflow.task.server_3 - INFO - 0:
2026-07-24 18:56:01,081 - sflow.task.server_3 - INFO - Loading weights:   4%|▍         | 59/1458 [00:03<00:54, 25.82it/s]
2026-07-24 18:56:01,081 - sflow.task.server_3 - INFO - 1:
2026-07-24 18:56:01,081 - sflow.task.server_3 - INFO - Loading weights:   4%|▍         | 58/1458 [00:03<00:56, 24.70it/s]
2026-07-24 18:56:01,081 - sflow.task.server_3 - INFO - 3:
2026-07-24 18:56:01,081 - sflow.task.server_3 - INFO - Loading weights:   4%|▍         | 58/1458 [00:03<00:56, 24.72it/s]
2026-07-24 18:56:01,081 - sflow.task.server_3 - INFO - 2:
2026-07-24 18:56:01,081 - sflow.task.server_3 - INFO - Loading weights:   4%|▍         | 58/1458 [00:03<00:56, 24.72it/s]
2026-07-24 18:56:01,185 - sflow.task.server_3 - INFO - 0:
2026-07-24 18:56:01,186 - sflow.task.server_3 - INFO - Loading weights:   5%|▍         | 67/1458 [00:03<00:41, 33.88it/s]
2026-07-24 18:56:01,237 - sflow.task.server_3 - INFO - 1:
2026-07-24 18:56:01,237 - sflow.task.server_3 - INFO - Loading weights:   5%|▍         | 68/1458 [00:03<00:42, 33.03it/s]
2026-07-24 18:56:01,237 - sflow.task.server_3 - INFO - 2:
2026-07-24 18:56:01,237 - sflow.task.server_3 - INFO - Loading weights:   5%|▍         | 68/1458 [00:03<00:42, 33.05it/s]
2026-07-24 18:56:01,237 - sflow.task.server_3 - INFO - 3:
2026-07-24 18:56:01,237 - sflow.task.server_3 - INFO - Loading weights:   5%|▍         | 68/1458 [00:03<00:42, 33.05it/s]
2026-07-24 18:56:01,288 - sflow.task.server_3 - INFO - 0:
2026-07-24 18:56:01,288 - sflow.task.server_3 - INFO - Loading weights:   5%|▍         | 72/1458 [00:03<00:38, 36.42it/s]
2026-07-24 18:56:01,389 - sflow.task.server_3 - INFO - 1:
2026-07-24 18:56:01,389 - sflow.task.server_3 - INFO - Loading weights:   5%|▌         | 73/1458 [00:04<00:41, 33.50it/s]
2026-07-24 18:56:01,389 - sflow.task.server_3 - INFO - 2:
2026-07-24 18:56:01,389 - sflow.task.server_3 - INFO - Loading weights:   5%|▌         | 73/1458 [00:04<00:41, 33.51it/s]
2026-07-24 18:56:01,389 - sflow.task.server_3 - INFO - 3:
2026-07-24 18:56:01,389 - sflow.task.server_3 - INFO - Loading weights:   5%|▌         | 73/1458 [00:04<00:41, 33.51it/s]
2026-07-24 18:56:01,389 - sflow.task.server_3 - INFO - 0:
2026-07-24 18:56:01,389 - sflow.task.server_3 - INFO - Loading weights:   5%|▌         | 77/1458 [00:04<00:36, 37.32it/s]
2026-07-24 18:56:01,659 - sflow.task.server_3 - INFO - 6:
2026-07-24 18:56:01,659 - sflow.task.server_3 - INFO - Loading weights:   0%|          | 3/1458 [00:02<16:33,  1.46it/s]
2026-07-24 18:56:01,659 - sflow.task.server_3 - INFO - 7:
2026-07-24 18:56:01,659 - sflow.task.server_3 - INFO - Loading weights:   0%|          | 3/1458 [00:02<16:34,  1.46it/s]
2026-07-24 18:56:01,659 - sflow.task.server_3 - INFO - 4:
2026-07-24 18:56:01,659 - sflow.task.server_3 - INFO - Loading weights:   0%|          | 3/1458 [00:02<16:25,  1.48it/s]
2026-07-24 18:56:01,659 - sflow.task.server_3 - INFO - 5:
2026-07-24 18:56:01,659 - sflow.task.server_3 - INFO - Loading weights:   0%|          | 3/1458 [00:02<16:28,  1.47it/s]
2026-07-24 18:56:01,812 - sflow.task.server_3 - INFO - 6:
2026-07-24 18:56:01,812 - sflow.task.server_3 - INFO - Loading weights:   1%|          | 11/1458 [00:02<03:47,  6.37it/s]
2026-07-24 18:56:01,812 - sflow.task.server_3 - INFO - 7:
2026-07-24 18:56:01,812 - sflow.task.server_3 - INFO - Loading weights:   1%|          | 11/1458 [00:02<03:47,  6.37it/s]
2026-07-24 18:56:01,812 - sflow.task.server_3 - INFO - 4:
2026-07-24 18:56:01,812 - sflow.task.server_3 - INFO - Loading weights:   1%|          | 11/1458 [00:02<03:45,  6.42it/s]
2026-07-24 18:56:01,812 - sflow.task.server_3 - INFO - 5:
2026-07-24 18:56:01,812 - sflow.task.server_3 - INFO - Loading weights:   1%|          | 11/1458 [00:02<03:45,  6.41it/s]
2026-07-24 18:56:01,965 - sflow.task.server_3 - INFO - 5:
2026-07-24 18:56:01,965 - sflow.task.server_3 - INFO - Loading weights:   1%|          | 16/1458 [00:02<02:32,  9.43it/s]
2026-07-24 18:56:01,965 - sflow.task.server_3 - INFO - 7:
2026-07-24 18:56:01,965 - sflow.task.server_3 - INFO - Loading weights:   1%|          | 16/1458 [00:02<02:33,  9.38it/s]
2026-07-24 18:56:01,965 - sflow.task.server_3 - INFO - 6:
2026-07-24 18:56:01,965 - sflow.task.server_3 - INFO - Loading weights:   1%|          | 16/1458 [00:02<02:33,  9.38it/s]
2026-07-24 18:56:01,965 - sflow.task.server_3 - INFO - 4:
2026-07-24 18:56:01,965 - sflow.task.server_3 - INFO - Loading weights:   1%|          | 16/1458 [00:02<02:32,  9.44it/s]
2026-07-24 18:56:02,219 - sflow.task.server_3 - INFO - 3:
2026-07-24 18:56:02,219 - sflow.task.server_3 - INFO - Loading weights:   5%|▌         | 78/1458 [00:04<01:30, 15.24it/s]
2026-07-24 18:56:02,320 - sflow.task.server_3 - INFO - 2:
2026-07-24 18:56:02,320 - sflow.task.server_3 - INFO - Loading weights:   5%|▌         | 78/1458 [00:04<01:36, 14.32it/s]
2026-07-24 18:56:02,320 - sflow.task.server_3 - INFO - 6:
2026-07-24 18:56:02,320 - sflow.task.server_3 - INFO - Loading weights:   1%|▏         | 20/1458 [00:02<02:22, 10.08it/s]
2026-07-24 18:56:02,320 - sflow.task.server_3 - INFO - 7:
2026-07-24 18:56:02,320 - sflow.task.server_3 - INFO - Loading weights:   1%|▏         | 20/1458 [00:02<02:22, 10.08it/s]
2026-07-24 18:56:02,320 - sflow.task.server_3 - INFO - 4:
2026-07-24 18:56:02,320 - sflow.task.server_3 - INFO - Loading weights:   1%|▏         | 20/1458 [00:02<02:21, 10.13it/s]
2026-07-24 18:56:02,320 - sflow.task.server_3 - INFO - 5:
2026-07-24 18:56:02,320 - sflow.task.server_3 - INFO - Loading weights:   1%|▏         | 20/1458 [00:02<02:22, 10.12it/s]
2026-07-24 18:56:02,320 - sflow.task.server_3 - INFO - 3:
2026-07-24 18:56:02,320 - sflow.task.server_3 - INFO - Loading weights:   6%|▌         | 82/1458 [00:04<01:19, 17.39it/s]
2026-07-24 18:56:02,371 - sflow.task.server_3 - INFO - 1:
2026-07-24 18:56:02,371 - sflow.task.server_3 - INFO - Loading weights:   5%|▌         | 78/1458 [00:05<01:40, 13.68it/s]
2026-07-24 18:56:02,422 - sflow.task.server_3 - INFO - 5:
2026-07-24 18:56:02,422 - sflow.task.server_3 - INFO - Loading weights:   2%|▏         | 29/1458 [00:02<01:17, 18.43it/s]
2026-07-24 18:56:02,422 - sflow.task.server_3 - INFO - 2:
2026-07-24 18:56:02,422 - sflow.task.server_3 - INFO - Loading weights:   6%|▌         | 85/1458 [00:05<01:10, 19.46it/s]
2026-07-24 18:56:02,474 - sflow.task.server_3 - INFO - 3:
2026-07-24 18:56:02,474 - sflow.task.server_3 - INFO - Loading weights:   6%|▋         | 92/1458 [00:05<00:51, 26.73it/s]
2026-07-24 18:56:02,474 - sflow.task.server_3 - INFO - 1:
2026-07-24 18:56:02,474 - sflow.task.server_3 - INFO - Loading weights:   6%|▌         | 85/1458 [00:05<01:13, 18.67it/s]
2026-07-24 18:56:02,474 - sflow.task.server_3 - INFO - 0:
2026-07-24 18:56:02,474 - sflow.task.server_3 - INFO - Loading weights:   6%|▌         | 82/1458 [00:05<01:49, 12.57it/s]
2026-07-24 18:56:02,525 - sflow.task.server_3 - INFO - 6:
2026-07-24 18:56:02,525 - sflow.task.server_3 - INFO - Loading weights:   2%|▏         | 30/1458 [00:02<01:20, 17.65it/s]
2026-07-24 18:56:02,525 - sflow.task.server_3 - INFO - 7:
2026-07-24 18:56:02,525 - sflow.task.server_3 - INFO - Loading weights:   2%|▏         | 30/1458 [00:02<01:20, 17.65it/s]
2026-07-24 18:56:02,525 - sflow.task.server_3 - INFO - 4:
2026-07-24 18:56:02,525 - sflow.task.server_3 - INFO - Loading weights:   2%|▏         | 30/1458 [00:02<01:20, 17.72it/s]
2026-07-24 18:56:02,525 - sflow.task.server_3 - INFO - 2:
2026-07-24 18:56:02,525 - sflow.task.server_3 - INFO - Loading weights:   7%|▋         | 95/1458 [00:05<00:47, 28.74it/s]
2026-07-24 18:56:02,525 - sflow.task.server_3 - INFO - 5:
2026-07-24 18:56:02,525 - sflow.task.server_3 - INFO - Loading weights:   2%|▏         | 34/1458 [00:02<01:06, 21.37it/s]
2026-07-24 18:56:02,575 - sflow.task.server_3 - INFO - 3:
2026-07-24 18:56:02,575 - sflow.task.server_3 - INFO - Loading weights:   7%|▋         | 97/1458 [00:05<00:46, 29.11it/s]
2026-07-24 18:56:02,626 - sflow.task.server_3 - INFO - 0:
2026-07-24 18:56:02,626 - sflow.task.server_3 - INFO - Loading weights:   6%|▌         | 91/1458 [00:05<01:11, 19.20it/s]
2026-07-24 18:56:02,626 - sflow.task.server_3 - INFO - 1:
2026-07-24 18:56:02,626 - sflow.task.server_3 - INFO - Loading weights:   7%|▋         | 97/1458 [00:05<00:47, 28.43it/s]
2026-07-24 18:56:02,626 - sflow.task.server_3 - INFO - 2:
2026-07-24 18:56:02,626 - sflow.task.server_3 - INFO - Loading weights:   7%|▋         | 101/1458 [00:05<00:41, 32.40it/s]
2026-07-24 18:56:02,677 - sflow.task.server_3 - INFO - 6:
2026-07-24 18:56:02,678 - sflow.task.server_3 - INFO - Loading weights:   2%|▏         | 35/1458 [00:03<01:10, 20.26it/s]
2026-07-24 18:56:02,678 - sflow.task.server_3 - INFO - 7:
2026-07-24 18:56:02,678 - sflow.task.server_3 - INFO - Loading weights:   2%|▏         | 35/1458 [00:03<01:10, 20.27it/s]
2026-07-24 18:56:02,678 - sflow.task.server_3 - INFO - 4:
2026-07-24 18:56:02,678 - sflow.task.server_3 - INFO - Loading weights:   2%|▏         | 35/1458 [00:03<01:09, 20.33it/s]
2026-07-24 18:56:02,779 - sflow.task.server_3 - INFO - 0:
2026-07-24 18:56:02,779 - sflow.task.server_3 - INFO - Loading weights:   7%|▋         | 97/1458 [00:05<01:01, 22.06it/s]
2026-07-24 18:56:02,830 - sflow.task.server_3 - INFO - 3:
2026-07-24 18:56:02,830 - sflow.task.server_3 - INFO - Loading weights:   7%|▋         | 102/1458 [00:05<00:50, 26.89it/s]
2026-07-24 18:56:02,932 - sflow.task.server_3 - INFO - 6:
2026-07-24 18:56:02,932 - sflow.task.server_3 - INFO - Loading weights:   3%|▎         | 39/1458 [00:03<01:16, 18.61it/s]
2026-07-24 18:56:02,932 - sflow.task.server_3 - INFO - 7:
2026-07-24 18:56:02,932 - sflow.task.server_3 - INFO - Loading weights:   3%|▎         | 39/1458 [00:03<01:16, 18.62it/s]
2026-07-24 18:56:02,932 - sflow.task.server_3 - INFO - 4:
2026-07-24 18:56:02,932 - sflow.task.server_3 - INFO - Loading weights:   3%|▎         | 39/1458 [00:03<01:16, 18.66it/s]
2026-07-24 18:56:02,932 - sflow.task.server_3 - INFO - 5:
2026-07-24 18:56:02,932 - sflow.task.server_3 - INFO - Loading weights:   3%|▎         | 39/1458 [00:03<01:18, 18.17it/s]
2026-07-24 18:56:02,932 - sflow.task.server_3 - INFO - 3:
2026-07-24 18:56:02,932 - sflow.task.server_3 - INFO - Loading weights:   7%|▋         | 106/1458 [00:05<00:48, 28.10it/s]
2026-07-24 18:56:02,932 - sflow.task.server_3 - INFO - 2:
2026-07-24 18:56:02,932 - sflow.task.server_3 - INFO - Loading weights:   7%|▋         | 107/1458 [00:05<00:49, 27.31it/s]
2026-07-24 18:56:03,034 - sflow.task.server_3 - INFO - 7:
2026-07-24 18:56:03,034 - sflow.task.server_3 - INFO - Loading weights:   3%|▎         | 48/1458 [00:03<00:50, 28.19it/s]
2026-07-24 18:56:03,034 - sflow.task.server_3 - INFO - 5:
2026-07-24 18:56:03,034 - sflow.task.server_3 - INFO - Loading weights:   3%|▎         | 48/1458 [00:03<00:51, 27.35it/s]
2026-07-24 18:56:03,034 - sflow.task.server_3 - INFO - 6:
2026-07-24 18:56:03,034 - sflow.task.server_3 - INFO - Loading weights:   3%|▎         | 48/1458 [00:03<00:50, 28.16it/s]
2026-07-24 18:56:03,034 - sflow.task.server_3 - INFO - 4:
2026-07-24 18:56:03,034 - sflow.task.server_3 - INFO - Loading weights:   3%|▎         | 48/1458 [00:03<00:50, 28.19it/s]
2026-07-24 18:56:03,086 - sflow.task.server_3 - INFO - 2:
2026-07-24 18:56:03,086 - sflow.task.server_3 - INFO - Loading weights:   8%|▊         | 116/1458 [00:05<00:39, 34.40it/s]
2026-07-24 18:56:03,086 - sflow.task.server_3 - INFO - 3:
2026-07-24 18:56:03,086 - sflow.task.server_3 - INFO - Loading weights:   8%|▊         | 116/1458 [00:05<00:35, 37.48it/s]
2026-07-24 18:56:03,188 - sflow.task.server_3 - INFO - 4:
2026-07-24 18:56:03,188 - sflow.task.server_3 - INFO - Loading weights:   4%|▎         | 53/1458 [00:03<00:47, 29.86it/s]
2026-07-24 18:56:03,188 - sflow.task.server_3 - INFO - 5:
2026-07-24 18:56:03,188 - sflow.task.server_3 - INFO - Loading weights:   4%|▎         | 53/1458 [00:03<00:48, 29.08it/s]
2026-07-24 18:56:03,188 - sflow.task.server_3 - INFO - 7:
2026-07-24 18:56:03,188 - sflow.task.server_3 - INFO - Loading weights:   4%|▎         | 53/1458 [00:03<00:47, 29.50it/s]
2026-07-24 18:56:03,188 - sflow.task.server_3 - INFO - 6:
2026-07-24 18:56:03,188 - sflow.task.server_3 - INFO - Loading weights:   4%|▎         | 53/1458 [00:03<00:47, 29.46it/s]
2026-07-24 18:56:03,240 - sflow.task.server_3 - INFO - 2:
2026-07-24 18:56:03,240 - sflow.task.server_3 - INFO - Loading weights:   8%|▊         | 121/1458 [00:05<00:38, 34.59it/s]
2026-07-24 18:56:03,240 - sflow.task.server_3 - INFO - 3:
2026-07-24 18:56:03,240 - sflow.task.server_3 - INFO - Loading weights:   8%|▊         | 121/1458 [00:05<00:36, 36.92it/s]
2026-07-24 18:56:03,393 - sflow.task.server_3 - INFO - 1:
2026-07-24 18:56:03,393 - sflow.task.server_3 - INFO - Loading weights:   7%|▋         | 103/1458 [00:06<01:19, 17.04it/s]
2026-07-24 18:56:03,546 - sflow.task.server_3 - INFO - 1:
2026-07-24 18:56:03,546 - sflow.task.server_3 - INFO - Loading weights:   7%|▋         | 109/1458 [00:06<01:04, 20.79it/s]
2026-07-24 18:56:03,546 - sflow.task.server_3 - INFO - 6:
2026-07-24 18:56:03,546 - sflow.task.server_3 - INFO - Loading weights:   4%|▍         | 58/1458 [00:03<01:03, 21.95it/s]
2026-07-24 18:56:03,546 - sflow.task.server_3 - INFO - 7:
2026-07-24 18:56:03,546 - sflow.task.server_3 - INFO - Loading weights:   4%|▍         | 58/1458 [00:03<01:03, 21.94it/s]
2026-07-24 18:56:03,546 - sflow.task.server_3 - INFO - 4:
2026-07-24 18:56:03,546 - sflow.task.server_3 - INFO - Loading weights:   4%|▍         | 58/1458 [00:03<01:03, 21.91it/s]
2026-07-24 18:56:03,546 - sflow.task.server_3 - INFO - 5:
2026-07-24 18:56:03,546 - sflow.task.server_3 - INFO - Loading weights:   4%|▍         | 58/1458 [00:03<01:04, 21.66it/s]
2026-07-24 18:56:03,648 - sflow.task.server_3 - INFO - 6:
2026-07-24 18:56:03,648 - sflow.task.server_3 - INFO - Loading weights:   5%|▍         | 67/1458 [00:04<00:43, 31.74it/s]
2026-07-24 18:56:03,648 - sflow.task.server_3 - INFO - 4:
2026-07-24 18:56:03,648 - sflow.task.server_3 - INFO - Loading weights:   5%|▍         | 67/1458 [00:04<00:43, 31.63it/s]
2026-07-24 18:56:03,648 - sflow.task.server_3 - INFO - 5:
2026-07-24 18:56:03,648 - sflow.task.server_3 - INFO - Loading weights:   5%|▍         | 67/1458 [00:04<00:44, 31.20it/s]
2026-07-24 18:56:03,700 - sflow.task.server_3 - INFO - 1:
2026-07-24 18:56:03,700 - sflow.task.server_3 - INFO - Loading weights:   8%|▊         | 121/1458 [00:06<00:44, 30.31it/s]
2026-07-24 18:56:03,700 - sflow.task.server_3 - INFO - 0:
2026-07-24 18:56:03,700 - sflow.task.server_3 - INFO - Loading weights:   7%|▋         | 102/1458 [00:06<01:46, 12.69it/s]
2026-07-24 18:56:03,751 - sflow.task.server_3 - INFO - 7:
2026-07-24 18:56:03,751 - sflow.task.server_3 - INFO - Loading weights:   5%|▍         | 68/1458 [00:04<00:47, 29.19it/s]
2026-07-24 18:56:03,803 - sflow.task.server_3 - INFO - 0:
2026-07-24 18:56:03,803 - sflow.task.server_3 - INFO - Loading weights:   7%|▋         | 106/1458 [00:06<01:32, 14.65it/s]
2026-07-24 18:56:03,906 - sflow.task.server_3 - INFO - 6:
2026-07-24 18:56:03,906 - sflow.task.server_3 - INFO - Loading weights:   5%|▌         | 73/1458 [00:04<00:47, 29.07it/s]
2026-07-24 18:56:03,906 - sflow.task.server_3 - INFO - 7:
2026-07-24 18:56:03,906 - sflow.task.server_3 - INFO - Loading weights:   5%|▌         | 73/1458 [00:04<00:46, 29.80it/s]
2026-07-24 18:56:03,906 - sflow.task.server_3 - INFO - 5:
2026-07-24 18:56:03,906 - sflow.task.server_3 - INFO - Loading weights:   5%|▌         | 73/1458 [00:04<00:48, 28.83it/s]
2026-07-24 18:56:03,906 - sflow.task.server_3 - INFO - 4:
2026-07-24 18:56:03,906 - sflow.task.server_3 - INFO - Loading weights:   5%|▌         | 73/1458 [00:04<00:47, 29.05it/s]
2026-07-24 18:56:03,906 - sflow.task.server_3 - INFO - 0:
2026-07-24 18:56:03,906 - sflow.task.server_3 - INFO - Loading weights:   8%|▊         | 116/1458 [00:06<00:57, 23.20it/s]
2026-07-24 18:56:04,059 - sflow.task.server_3 - INFO - 0:
2026-07-24 18:56:04,059 - sflow.task.server_3 - INFO - Loading weights:   8%|▊         | 123/1458 [00:06<00:46, 28.43it/s]
2026-07-24 18:56:04,059 - sflow.task.server_3 - INFO - 3:
2026-07-24 18:56:04,059 - sflow.task.server_3 - INFO - Loading weights:   9%|▊         | 126/1458 [00:06<01:21, 16.25it/s]
2026-07-24 18:56:04,160 - sflow.task.server_3 - INFO - 3:
2026-07-24 18:56:04,160 - sflow.task.server_3 - INFO - Loading weights:   9%|▉         | 133/1458 [00:06<01:00, 21.84it/s]
2026-07-24 18:56:04,211 - sflow.task.server_3 - INFO - 2:
2026-07-24 18:56:04,211 - sflow.task.server_3 - INFO - Loading weights:   9%|▊         | 126/1458 [00:06<01:33, 14.23it/s]
2026-07-24 18:56:04,262 - sflow.task.server_3 - INFO - 3:
2026-07-24 18:56:04,262 - sflow.task.server_3 - INFO - Loading weights:  10%|▉         | 140/1458 [00:06<00:47, 27.65it/s]
2026-07-24 18:56:04,313 - sflow.task.server_3 - INFO - 2:
2026-07-24 18:56:04,313 - sflow.task.server_3 - INFO - Loading weights:   9%|▉         | 133/1458 [00:06<01:09, 19.10it/s]
2026-07-24 18:56:04,416 - sflow.task.server_3 - INFO - 3:
2026-07-24 18:56:04,416 - sflow.task.server_3 - INFO - Loading weights:  10%|▉         | 145/1458 [00:07<00:45, 28.71it/s]
2026-07-24 18:56:04,468 - sflow.task.server_3 - INFO - 2:
2026-07-24 18:56:04,468 - sflow.task.server_3 - INFO - Loading weights:  10%|▉         | 145/1458 [00:07<00:45, 28.90it/s]
2026-07-24 18:56:04,723 - sflow.task.server_3 - INFO - 1:
2026-07-24 18:56:04,723 - sflow.task.server_3 - INFO - Loading weights:   9%|▊         | 127/1458 [00:07<01:27, 15.24it/s]
2026-07-24 18:56:04,824 - sflow.task.server_3 - INFO - 1:
2026-07-24 18:56:04,824 - sflow.task.server_3 - INFO - Loading weights:   9%|▉         | 133/1458 [00:07<01:11, 18.62it/s]
2026-07-24 18:56:04,926 - sflow.task.server_3 - INFO - 1:
2026-07-24 18:56:04,926 - sflow.task.server_3 - INFO - Loading weights:  10%|▉         | 142/1458 [00:07<00:51, 25.38it/s]
2026-07-24 18:56:05,027 - sflow.task.server_3 - INFO - 4:
2026-07-24 18:56:05,027 - sflow.task.server_3 - INFO - Loading weights:   5%|▌         | 78/1458 [00:05<01:52, 12.27it/s]
2026-07-24 18:56:05,078 - sflow.task.server_3 - INFO - 0:
2026-07-24 18:56:05,078 - sflow.task.server_3 - INFO - Loading weights:   9%|▉         | 129/1458 [00:07<01:36, 13.76it/s]
2026-07-24 18:56:05,078 - sflow.task.server_3 - INFO - 7:
2026-07-24 18:56:05,078 - sflow.task.server_3 - INFO - Loading weights:   5%|▌         | 78/1458 [00:05<01:56, 11.83it/s]
2026-07-24 18:56:05,078 - sflow.task.server_3 - INFO - 5:
2026-07-24 18:56:05,078 - sflow.task.server_3 - INFO - Loading weights:   5%|▌         | 78/1458 [00:05<01:57, 11.75it/s]
2026-07-24 18:56:05,129 - sflow.task.server_3 - INFO - 6:
2026-07-24 18:56:05,129 - sflow.task.server_3 - INFO - Loading weights:   5%|▌         | 78/1458 [00:05<01:57, 11.70it/s]
2026-07-24 18:56:05,181 - sflow.task.server_3 - INFO - 4:
2026-07-24 18:56:05,181 - sflow.task.server_3 - INFO - Loading weights:   6%|▌         | 82/1458 [00:05<01:37, 14.18it/s]
2026-07-24 18:56:05,181 - sflow.task.server_3 - INFO - 0:
2026-07-24 18:56:05,181 - sflow.task.server_3 - INFO - Loading weights:  10%|▉         | 139/1458 [00:07<01:03, 20.78it/s]
2026-07-24 18:56:05,181 - sflow.task.server_3 - INFO - 7:
2026-07-24 18:56:05,181 - sflow.task.server_3 - INFO - Loading weights:   6%|▌         | 85/1458 [00:05<01:24, 16.32it/s]
2026-07-24 18:56:05,233 - sflow.task.server_3 - INFO - 6:
2026-07-24 18:56:05,233 - sflow.task.server_3 - INFO - Loading weights:   6%|▌         | 85/1458 [00:05<01:24, 16.16it/s]
2026-07-24 18:56:05,233 - sflow.task.server_3 - INFO - 5:
2026-07-24 18:56:05,233 - sflow.task.server_3 - INFO - Loading weights:   6%|▌         | 85/1458 [00:05<01:25, 16.10it/s]
2026-07-24 18:56:05,284 - sflow.task.server_3 - INFO - 4:
2026-07-24 18:56:05,284 - sflow.task.server_3 - INFO - Loading weights:   6%|▋         | 92/1458 [00:05<01:01, 22.20it/s]
2026-07-24 18:56:05,284 - sflow.task.server_3 - INFO - 0:
2026-07-24 18:56:05,284 - sflow.task.server_3 - INFO - Loading weights:  10%|▉         | 145/1458 [00:07<00:54, 24.21it/s]
2026-07-24 18:56:05,335 - sflow.task.server_3 - INFO - 7:
2026-07-24 18:56:05,335 - sflow.task.server_3 - INFO - Loading weights:   6%|▋         | 94/1458 [00:05<00:58, 23.28it/s]
2026-07-24 18:56:05,335 - sflow.task.server_3 - INFO - 6:
2026-07-24 18:56:05,335 - sflow.task.server_3 - INFO - Loading weights:   6%|▋         | 94/1458 [00:05<00:58, 23.31it/s]
2026-07-24 18:56:05,335 - sflow.task.server_3 - INFO - 5:
2026-07-24 18:56:05,335 - sflow.task.server_3 - INFO - Loading weights:   6%|▋         | 94/1458 [00:05<00:59, 23.08it/s]
2026-07-24 18:56:05,386 - sflow.task.server_3 - INFO - 4:
2026-07-24 18:56:05,386 - sflow.task.server_3 - INFO - Loading weights:   7%|▋         | 97/1458 [00:05<00:53, 25.27it/s]
2026-07-24 18:56:05,437 - sflow.task.server_3 - INFO - 6:
2026-07-24 18:56:05,437 - sflow.task.server_3 - INFO - Loading weights:   7%|▋         | 100/1458 [00:05<00:49, 27.54it/s]
2026-07-24 18:56:05,437 - sflow.task.server_3 - INFO - 5:
2026-07-24 18:56:05,437 - sflow.task.server_3 - INFO - Loading weights:   7%|▋         | 100/1458 [00:05<00:49, 27.51it/s]
2026-07-24 18:56:05,437 - sflow.task.server_3 - INFO - 7:
2026-07-24 18:56:05,437 - sflow.task.server_3 - INFO - Loading weights:   7%|▋         | 99/1458 [00:05<00:52, 25.82it/s]
2026-07-24 18:56:05,640 - sflow.task.server_3 - INFO - 4:
2026-07-24 18:56:05,640 - sflow.task.server_3 - INFO - Loading weights:   7%|▋         | 102/1458 [00:06<00:57, 23.58it/s]
2026-07-24 18:56:05,742 - sflow.task.server_3 - INFO - 2:
2026-07-24 18:56:05,742 - sflow.task.server_3 - INFO - Loading weights:  10%|█         | 151/1458 [00:08<01:40, 13.03it/s]
2026-07-24 18:56:05,793 - sflow.task.server_3 - INFO - 4:
2026-07-24 18:56:05,793 - sflow.task.server_3 - INFO - Loading weights:   7%|▋         | 106/1458 [00:06<00:54, 24.96it/s]
2026-07-24 18:56:05,843 - sflow.task.server_3 - INFO - 2:
2026-07-24 18:56:05,843 - sflow.task.server_3 - INFO - Loading weights:  11%|█         | 155/1458 [00:08<01:28, 14.77it/s]
2026-07-24 18:56:05,843 - sflow.task.server_3 - INFO - 3:
2026-07-24 18:56:05,843 - sflow.task.server_3 - INFO - Loading weights:  10%|█         | 150/1458 [00:08<02:13,  9.81it/s]
2026-07-24 18:56:05,894 - sflow.task.server_3 - INFO - 4:
2026-07-24 18:56:05,895 - sflow.task.server_3 - INFO - Loading weights:   8%|▊         | 116/1458 [00:06<00:38, 35.23it/s]
2026-07-24 18:56:05,995 - sflow.task.server_3 - INFO - 3:
2026-07-24 18:56:05,995 - sflow.task.server_3 - INFO - Loading weights:  11%|█         | 157/1458 [00:08<01:33, 13.85it/s]
2026-07-24 18:56:05,995 - sflow.task.server_3 - INFO - 2:
2026-07-24 18:56:05,995 - sflow.task.server_3 - INFO - Loading weights:  11%|█         | 164/1458 [00:08<01:02, 20.86it/s]
2026-07-24 18:56:06,098 - sflow.task.server_3 - INFO - 4:
2026-07-24 18:56:06,098 - sflow.task.server_3 - INFO - Loading weights:   8%|▊         | 121/1458 [00:06<00:39, 33.91it/s]
2026-07-24 18:56:06,098 - sflow.task.server_3 - INFO - 3:
2026-07-24 18:56:06,098 - sflow.task.server_3 - INFO - Loading weights:  11%|█▏        | 166/1458 [00:08<01:03, 20.41it/s]
2026-07-24 18:56:06,150 - sflow.task.server_3 - INFO - 2:
2026-07-24 18:56:06,150 - sflow.task.server_3 - INFO - Loading weights:  12%|█▏        | 169/1458 [00:08<00:57, 22.49it/s]
2026-07-24 18:56:06,150 - sflow.task.server_3 - INFO - 1:
2026-07-24 18:56:06,150 - sflow.task.server_3 - INFO - Loading weights:  10%|█         | 150/1458 [00:08<01:37, 13.46it/s]
2026-07-24 18:56:06,202 - sflow.task.server_3 - INFO - 3:
2026-07-24 18:56:06,202 - sflow.task.server_3 - INFO - Loading weights:  12%|█▏        | 172/1458 [00:08<00:53, 24.25it/s]
2026-07-24 18:56:06,253 - sflow.task.server_3 - INFO - 1:
2026-07-24 18:56:06,253 - sflow.task.server_3 - INFO - Loading weights:  11%|█         | 157/1458 [00:08<01:15, 17.30it/s]
2026-07-24 18:56:06,406 - sflow.task.server_3 - INFO - 0:
2026-07-24 18:56:06,406 - sflow.task.server_3 - INFO - Loading weights:  10%|█         | 151/1458 [00:09<01:42, 12.80it/s]
2026-07-24 18:56:06,406 - sflow.task.server_3 - INFO - 1:
2026-07-24 18:56:06,406 - sflow.task.server_3 - INFO - Loading weights:  12%|█▏        | 169/1458 [00:09<00:50, 25.35it/s]
2026-07-24 18:56:06,507 - sflow.task.server_3 - INFO - 0:
2026-07-24 18:56:06,507 - sflow.task.server_3 - INFO - Loading weights:  11%|█         | 155/1458 [00:09<01:28, 14.70it/s]
2026-07-24 18:56:06,507 - sflow.task.server_3 - INFO - 3:
2026-07-24 18:56:06,508 - sflow.task.server_3 - INFO - Loading weights:  12%|█▏        | 178/1458 [00:09<00:55, 22.89it/s]
2026-07-24 18:56:06,508 - sflow.task.server_3 - INFO - 7:
2026-07-24 18:56:06,508 - sflow.task.server_3 - INFO - Loading weights:   7%|▋         | 104/1458 [00:06<01:51, 12.11it/s]
2026-07-24 18:56:06,558 - sflow.task.server_3 - INFO - 6:
2026-07-24 18:56:06,558 - sflow.task.server_3 - INFO - Loading weights:   7%|▋         | 106/1458 [00:06<01:45, 12.85it/s]
2026-07-24 18:56:06,610 - sflow.task.server_3 - INFO - 7:
2026-07-24 18:56:06,610 - sflow.task.server_3 - INFO - Loading weights:   8%|▊         | 116/1458 [00:07<01:05, 20.40it/s]
2026-07-24 18:56:06,661 - sflow.task.server_3 - INFO - 0:
2026-07-24 18:56:06,661 - sflow.task.server_3 - INFO - Loading weights:  11%|█▏        | 166/1458 [00:09<00:56, 22.76it/s]
2026-07-24 18:56:06,661 - sflow.task.server_3 - INFO - 5:
2026-07-24 18:56:06,661 - sflow.task.server_3 - INFO - Loading weights:   7%|▋         | 106/1458 [00:07<01:52, 12.05it/s]
2026-07-24 18:56:06,661 - sflow.task.server_3 - INFO - 6:
2026-07-24 18:56:06,661 - sflow.task.server_3 - INFO - Loading weights:   8%|▊         | 118/1458 [00:07<01:04, 20.83it/s]
2026-07-24 18:56:06,661 - sflow.task.server_3 - INFO - 3:
2026-07-24 18:56:06,661 - sflow.task.server_3 - INFO - Loading weights:  13%|█▎        | 188/1458 [00:09<00:42, 29.86it/s]
2026-07-24 18:56:06,763 - sflow.task.server_3 - INFO - 7:
2026-07-24 18:56:06,763 - sflow.task.server_3 - INFO - Loading weights:   8%|▊         | 123/1458 [00:07<00:53, 25.04it/s]
2026-07-24 18:56:06,763 - sflow.task.server_3 - INFO - 0:
2026-07-24 18:56:06,763 - sflow.task.server_3 - INFO - Loading weights:  12%|█▏        | 171/1458 [00:09<00:50, 25.74it/s]
2026-07-24 18:56:06,763 - sflow.task.server_3 - INFO - 5:
2026-07-24 18:56:06,763 - sflow.task.server_3 - INFO - Loading weights:   8%|▊         | 116/1458 [00:07<01:12, 18.45it/s]
2026-07-24 18:56:06,866 - sflow.task.server_3 - INFO - 5:
2026-07-24 18:56:06,866 - sflow.task.server_3 - INFO - Loading weights:   8%|▊         | 123/1458 [00:07<00:57, 23.16it/s]
2026-07-24 18:56:06,866 - sflow.task.server_3 - INFO - 3:
2026-07-24 18:56:06,866 - sflow.task.server_3 - INFO - Loading weights:  13%|█▎        | 193/1458 [00:09<00:44, 28.48it/s]
2026-07-24 18:56:07,222 - sflow.task.server_3 - INFO - 4:
2026-07-24 18:56:07,222 - sflow.task.server_3 - INFO - Loading weights:   9%|▊         | 126/1458 [00:07<01:45, 12.61it/s]
2026-07-24 18:56:07,273 - sflow.task.server_3 - INFO - 2:
2026-07-24 18:56:07,273 - sflow.task.server_3 - INFO - Loading weights:  12%|█▏        | 174/1458 [00:09<01:54, 11.19it/s]
2026-07-24 18:56:07,324 - sflow.task.server_3 - INFO - 4:
2026-07-24 18:56:07,324 - sflow.task.server_3 - INFO - Loading weights:   9%|▉         | 130/1458 [00:07<01:31, 14.56it/s]
2026-07-24 18:56:07,374 - sflow.task.server_3 - INFO - 2:
2026-07-24 18:56:07,374 - sflow.task.server_3 - INFO - Loading weights:  12%|█▏        | 181/1458 [00:10<01:22, 15.40it/s]
2026-07-24 18:56:07,477 - sflow.task.server_3 - INFO - 4:
2026-07-24 18:56:07,477 - sflow.task.server_3 - INFO - Loading weights:  10%|▉         | 140/1458 [00:07<00:58, 22.43it/s]
2026-07-24 18:56:07,527 - sflow.task.server_3 - INFO - 2:
2026-07-24 18:56:07,527 - sflow.task.server_3 - INFO - Loading weights:  13%|█▎        | 190/1458 [00:10<00:57, 22.11it/s]
2026-07-24 18:56:07,629 - sflow.task.server_3 - INFO - 4:
2026-07-24 18:56:07,629 - sflow.task.server_3 - INFO - Loading weights:  10%|▉         | 145/1458 [00:08<00:55, 23.77it/s]
2026-07-24 18:56:07,680 - sflow.task.server_3 - INFO - 1:
2026-07-24 18:56:07,680 - sflow.task.server_3 - INFO - Loading weights:  12%|█▏        | 175/1458 [00:10<01:40, 12.75it/s]
2026-07-24 18:56:07,783 - sflow.task.server_3 - INFO - 1:
2026-07-24 18:56:07,783 - sflow.task.server_3 - INFO - Loading weights:  12%|█▏        | 181/1458 [00:10<01:21, 15.71it/s]
2026-07-24 18:56:07,885 - sflow.task.server_3 - INFO - 6:
2026-07-24 18:56:07,885 - sflow.task.server_3 - INFO - Loading weights:   9%|▊         | 126/1458 [00:08<01:44, 12.80it/s]
2026-07-24 18:56:07,885 - sflow.task.server_3 - INFO - 1:
2026-07-24 18:56:07,885 - sflow.task.server_3 - INFO - Loading weights:  13%|█▎        | 190/1458 [00:10<00:57, 21.89it/s]
2026-07-24 18:56:07,936 - sflow.task.server_3 - INFO - 7:
2026-07-24 18:56:07,936 - sflow.task.server_3 - INFO - Loading weights:   9%|▉         | 129/1458 [00:08<01:46, 12.53it/s]
2026-07-24 18:56:07,987 - sflow.task.server_3 - INFO - 6:
2026-07-24 18:56:07,987 - sflow.task.server_3 - INFO - Loading weights:   9%|▉         | 133/1458 [00:08<01:20, 16.36it/s]
2026-07-24 18:56:07,987 - sflow.task.server_3 - INFO - 5:
2026-07-24 18:56:07,987 - sflow.task.server_3 - INFO - Loading weights:   9%|▉         | 129/1458 [00:08<01:46, 12.51it/s]
2026-07-24 18:56:07,987 - sflow.task.server_3 - INFO - 3:
2026-07-24 18:56:07,987 - sflow.task.server_3 - INFO - Loading weights:  14%|█▎        | 198/1458 [00:10<01:41, 12.42it/s]
2026-07-24 18:56:08,038 - sflow.task.server_3 - INFO - 7:
2026-07-24 18:56:08,038 - sflow.task.server_3 - INFO - Loading weights:  10%|▉         | 140/1458 [00:08<01:08, 19.17it/s]
2026-07-24 18:56:08,038 - sflow.task.server_3 - INFO - 0:
2026-07-24 18:56:08,038 - sflow.task.server_3 - INFO - Loading weights:  12%|█▏        | 176/1458 [00:10<01:58, 10.85it/s]
2026-07-24 18:56:08,089 - sflow.task.server_3 - INFO - 6:
2026-07-24 18:56:08,089 - sflow.task.server_3 - INFO - Loading weights:  10%|▉         | 142/1458 [00:08<00:58, 22.44it/s]
2026-07-24 18:56:08,089 - sflow.task.server_3 - INFO - 5:
2026-07-24 18:56:08,089 - sflow.task.server_3 - INFO - Loading weights:  10%|▉         | 140/1458 [00:08<01:08, 19.30it/s]
2026-07-24 18:56:08,140 - sflow.task.server_3 - INFO - 3:
2026-07-24 18:56:08,140 - sflow.task.server_3 - INFO - Loading weights:  14%|█▍        | 202/1458 [00:10<01:28, 14.21it/s]
2026-07-24 18:56:08,140 - sflow.task.server_3 - INFO - 7:
2026-07-24 18:56:08,140 - sflow.task.server_3 - INFO - Loading weights:  10%|█         | 147/1458 [00:08<00:56, 23.39it/s]
2026-07-24 18:56:08,191 - sflow.task.server_3 - INFO - 0:
2026-07-24 18:56:08,191 - sflow.task.server_3 - INFO - Loading weights:  12%|█▏        | 182/1458 [00:10<01:32, 13.86it/s]
2026-07-24 18:56:08,191 - sflow.task.server_3 - INFO - 5:
2026-07-24 18:56:08,191 - sflow.task.server_3 - INFO - Loading weights:  10%|█         | 147/1458 [00:08<00:55, 23.58it/s]
2026-07-24 18:56:08,293 - sflow.task.server_3 - INFO - 3:
2026-07-24 18:56:08,293 - sflow.task.server_3 - INFO - Loading weights:  15%|█▍        | 212/1458 [00:10<00:56, 21.98it/s]
2026-07-24 18:56:08,293 - sflow.task.server_3 - INFO - 0:
2026-07-24 18:56:08,293 - sflow.task.server_3 - INFO - Loading weights:  13%|█▎        | 188/1458 [00:10<01:12, 17.55it/s]
2026-07-24 18:56:08,446 - sflow.task.server_3 - INFO - 3:
2026-07-24 18:56:08,447 - sflow.task.server_3 - INFO - Loading weights:  15%|█▍        | 217/1458 [00:11<00:52, 23.58it/s]
2026-07-24 18:56:08,447 - sflow.task.server_3 - INFO - 0:
2026-07-24 18:56:08,447 - sflow.task.server_3 - INFO - Loading weights:  13%|█▎        | 193/1458 [00:11<01:03, 19.89it/s]
2026-07-24 18:56:08,498 - sflow.task.server_3 - INFO - 4:
2026-07-24 18:56:08,498 - sflow.task.server_3 - INFO - Loading weights:  10%|█         | 150/1458 [00:08<01:37, 13.45it/s]
2026-07-24 18:56:08,549 - sflow.task.server_3 - INFO - 7:
2026-07-24 18:56:08,549 - sflow.task.server_3 - INFO - Loading weights:  10%|█         | 153/1458 [00:08<01:01, 21.25it/s]
2026-07-24 18:56:08,600 - sflow.task.server_3 - INFO - 4:
2026-07-24 18:56:08,600 - sflow.task.server_3 - INFO - Loading weights:  11%|█         | 157/1458 [00:08<01:10, 18.33it/s]
2026-07-24 18:56:08,651 - sflow.task.server_3 - INFO - 7:
2026-07-24 18:56:08,651 - sflow.task.server_3 - INFO - Loading weights:  11%|█         | 163/1458 [00:09<00:44, 29.42it/s]
2026-07-24 18:56:08,702 - sflow.task.server_3 - INFO - 4:
2026-07-24 18:56:08,702 - sflow.task.server_3 - INFO - Loading weights:  11%|█         | 164/1458 [00:09<00:53, 24.00it/s]
2026-07-24 18:56:08,753 - sflow.task.server_3 - INFO - 2:
2026-07-24 18:56:08,753 - sflow.task.server_3 - INFO - Loading weights:  14%|█▎        | 198/1458 [00:11<01:41, 12.47it/s]
2026-07-24 18:56:08,804 - sflow.task.server_3 - INFO - 4:
2026-07-24 18:56:08,804 - sflow.task.server_3 - INFO - Loading weights:  12%|█▏        | 169/1458 [00:09<00:47, 26.95it/s]
2026-07-24 18:56:08,804 - sflow.task.server_3 - INFO - 7:
2026-07-24 18:56:08,804 - sflow.task.server_3 - INFO - Loading weights:  12%|█▏        | 169/1458 [00:09<00:42, 30.17it/s]
2026-07-24 18:56:08,855 - sflow.task.server_3 - INFO - 2:
2026-07-24 18:56:08,855 - sflow.task.server_3 - INFO - Loading weights:  14%|█▍        | 205/1458 [00:11<01:17, 16.27it/s]
2026-07-24 18:56:08,957 - sflow.task.server_3 - INFO - 2:
2026-07-24 18:56:08,957 - sflow.task.server_3 - INFO - Loading weights:  15%|█▍        | 214/1458 [00:11<00:55, 22.43it/s]
2026-07-24 18:56:09,058 - sflow.task.server_3 - INFO - 4:
2026-07-24 18:56:09,058 - sflow.task.server_3 - INFO - Loading weights:  12%|█▏        | 174/1458 [00:09<00:52, 24.57it/s]
2026-07-24 18:56:09,160 - sflow.task.server_3 - INFO - 1:
2026-07-24 18:56:09,160 - sflow.task.server_3 - INFO - Loading weights:  14%|█▎        | 198/1458 [00:11<01:40, 12.59it/s]
2026-07-24 18:56:09,211 - sflow.task.server_3 - INFO - 6:
2026-07-24 18:56:09,211 - sflow.task.server_3 - INFO - Loading weights:  10%|█         | 150/1458 [00:09<01:34, 13.80it/s]
2026-07-24 18:56:09,211 - sflow.task.server_3 - INFO - 4:
2026-07-24 18:56:09,211 - sflow.task.server_3 - INFO - Loading weights:  12%|█▏        | 178/1458 [00:09<00:49, 26.12it/s]
2026-07-24 18:56:09,261 - sflow.task.server_3 - INFO - 1:
2026-07-24 18:56:09,261 - sflow.task.server_3 - INFO - Loading weights:  14%|█▍        | 205/1458 [00:11<01:17, 16.16it/s]
2026-07-24 18:56:09,312 - sflow.task.server_3 - INFO - 6:
2026-07-24 18:56:09,312 - sflow.task.server_3 - INFO - Loading weights:  11%|█         | 157/1458 [00:09<01:14, 17.51it/s]
2026-07-24 18:56:09,312 - sflow.task.server_3 - INFO - 5:
2026-07-24 18:56:09,312 - sflow.task.server_3 - INFO - Loading weights:  10%|█         | 153/1458 [00:09<01:40, 13.04it/s]
2026-07-24 18:56:09,363 - sflow.task.server_3 - INFO - 4:
2026-07-24 18:56:09,363 - sflow.task.server_3 - INFO - Loading weights:  13%|█▎        | 188/1458 [00:09<00:34, 36.56it/s]
2026-07-24 18:56:09,414 - sflow.task.server_3 - INFO - 6:
2026-07-24 18:56:09,414 - sflow.task.server_3 - INFO - Loading weights:  11%|█▏        | 166/1458 [00:09<00:54, 23.65it/s]
2026-07-24 18:56:09,414 - sflow.task.server_3 - INFO - 1:
2026-07-24 18:56:09,414 - sflow.task.server_3 - INFO - Loading weights:  15%|█▍        | 217/1458 [00:12<00:52, 23.78it/s]
2026-07-24 18:56:09,414 - sflow.task.server_3 - INFO - 5:
2026-07-24 18:56:09,414 - sflow.task.server_3 - INFO - Loading weights:  11%|█         | 163/1458 [00:09<01:08, 18.84it/s]
2026-07-24 18:56:09,465 - sflow.task.server_3 - INFO - 3:
2026-07-24 18:56:09,465 - sflow.task.server_3 - INFO - Loading weights:  15%|█▌        | 222/1458 [00:12<01:42, 12.10it/s]
2026-07-24 18:56:09,516 - sflow.task.server_3 - INFO - 4:
2026-07-24 18:56:09,516 - sflow.task.server_3 - INFO - Loading weights:  13%|█▎        | 193/1458 [00:09<00:36, 34.75it/s]
2026-07-24 18:56:09,516 - sflow.task.server_3 - INFO - 0:
2026-07-24 18:56:09,516 - sflow.task.server_3 - INFO - Loading weights:  14%|█▎        | 198/1458 [00:12<01:58, 10.59it/s]
2026-07-24 18:56:09,567 - sflow.task.server_3 - INFO - 5:
2026-07-24 18:56:09,568 - sflow.task.server_3 - INFO - Loading weights:  12%|█▏        | 169/1458 [00:09<00:58, 21.98it/s]
2026-07-24 18:56:09,568 - sflow.task.server_3 - INFO - 3:
2026-07-24 18:56:09,568 - sflow.task.server_3 - INFO - Loading weights:  16%|█▌        | 226/1458 [00:12<01:27, 14.05it/s]
2026-07-24 18:56:09,669 - sflow.task.server_3 - INFO - 0:
2026-07-24 18:56:09,669 - sflow.task.server_3 - INFO - Loading weights:  14%|█▍        | 202/1458 [00:12<01:38, 12.74it/s]
2026-07-24 18:56:09,669 - sflow.task.server_3 - INFO - 3:
2026-07-24 18:56:09,669 - sflow.task.server_3 - INFO - Loading weights:  16%|█▋        | 238/1458 [00:12<00:49, 24.58it/s]
2026-07-24 18:56:09,772 - sflow.task.server_3 - INFO - 0:
2026-07-24 18:56:09,772 - sflow.task.server_3 - INFO - Loading weights:  15%|█▍        | 212/1458 [00:12<00:59, 20.87it/s]
2026-07-24 18:56:09,823 - sflow.task.server_3 - INFO - 7:
2026-07-24 18:56:09,823 - sflow.task.server_3 - INFO - Loading weights:  12%|█▏        | 175/1458 [00:10<01:26, 14.84it/s]
2026-07-24 18:56:09,823 - sflow.task.server_3 - INFO - 5:
2026-07-24 18:56:09,823 - sflow.task.server_3 - INFO - Loading weights:  12%|█▏        | 175/1458 [00:10<00:58, 21.93it/s]
2026-07-24 18:56:09,874 - sflow.task.server_3 - INFO - 0:
2026-07-24 18:56:09,875 - sflow.task.server_3 - INFO - Loading weights:  15%|█▌        | 219/1458 [00:12<00:47, 26.17it/s]
2026-07-24 18:56:09,926 - sflow.task.server_3 - INFO - 7:
2026-07-24 18:56:09,926 - sflow.task.server_3 - INFO - Loading weights:  12%|█▏        | 181/1458 [00:10<01:09, 18.26it/s]
2026-07-24 18:56:09,926 - sflow.task.server_3 - INFO - 5:
2026-07-24 18:56:09,926 - sflow.task.server_3 - INFO - Loading weights:  12%|█▏        | 181/1458 [00:10<00:49, 26.04it/s]
2026-07-24 18:56:10,028 - sflow.task.server_3 - INFO - 2:
2026-07-24 18:56:10,028 - sflow.task.server_3 - INFO - Loading weights:  15%|█▌        | 222/1458 [00:12<01:29, 13.76it/s]
2026-07-24 18:56:10,080 - sflow.task.server_3 - INFO - 5:
2026-07-24 18:56:10,080 - sflow.task.server_3 - INFO - Loading weights:  13%|█▎        | 190/1458 [00:10<00:37, 34.14it/s]
2026-07-24 18:56:10,080 - sflow.task.server_3 - INFO - 7:
2026-07-24 18:56:10,080 - sflow.task.server_3 - INFO - Loading weights:  13%|█▎        | 190/1458 [00:10<00:50, 25.08it/s]
2026-07-24 18:56:10,131 - sflow.task.server_3 - INFO - 2:
2026-07-24 18:56:10,131 - sflow.task.server_3 - INFO - Loading weights:  16%|█▌        | 229/1458 [00:12<01:09, 17.61it/s]
2026-07-24 18:56:10,284 - sflow.task.server_3 - INFO - 2:
2026-07-24 18:56:10,284 - sflow.task.server_3 - INFO - Loading weights:  17%|█▋        | 241/1458 [00:12<00:47, 25.70it/s]
2026-07-24 18:56:10,387 - sflow.task.server_3 - INFO - 1:
2026-07-24 18:56:10,387 - sflow.task.server_3 - INFO - Loading weights:  15%|█▌        | 223/1458 [00:13<01:25, 14.42it/s]
2026-07-24 18:56:10,439 - sflow.task.server_3 - INFO - 4:
2026-07-24 18:56:10,439 - sflow.task.server_3 - INFO - Loading weights:  14%|█▎        | 198/1458 [00:10<01:26, 14.65it/s]
2026-07-24 18:56:10,490 - sflow.task.server_3 - INFO - 1:
2026-07-24 18:56:10,490 - sflow.task.server_3 - INFO - Loading weights:  16%|█▌        | 229/1458 [00:13<01:09, 17.62it/s]
2026-07-24 18:56:10,490 - sflow.task.server_3 - INFO - 6:
2026-07-24 18:56:10,490 - sflow.task.server_3 - INFO - Loading weights:  12%|█▏        | 174/1458 [00:10<01:30, 14.18it/s]
2026-07-24 18:56:10,541 - sflow.task.server_3 - INFO - 4:
2026-07-24 18:56:10,541 - sflow.task.server_3 - INFO - Loading weights:  14%|█▍        | 202/1458 [00:10<01:15, 16.72it/s]
2026-07-24 18:56:10,643 - sflow.task.server_3 - INFO - 6:
2026-07-24 18:56:10,643 - sflow.task.server_3 - INFO - Loading weights:  12%|█▏        | 181/1458 [00:11<01:11, 17.92it/s]
2026-07-24 18:56:10,643 - sflow.task.server_3 - INFO - 1:
2026-07-24 18:56:10,643 - sflow.task.server_3 - INFO - Loading weights:  17%|█▋        | 241/1458 [00:13<00:46, 25.93it/s]
2026-07-24 18:56:10,694 - sflow.task.server_3 - INFO - 4:
2026-07-24 18:56:10,694 - sflow.task.server_3 - INFO - Loading weights:  15%|█▍        | 212/1458 [00:11<00:48, 25.71it/s]
2026-07-24 18:56:10,694 - sflow.task.server_3 - INFO - 2:
2026-07-24 18:56:10,694 - sflow.task.server_3 - INFO - Loading weights:  17%|█▋        | 247/1458 [00:13<00:53, 22.63it/s]
2026-07-24 18:56:10,746 - sflow.task.server_3 - INFO - 6:
2026-07-24 18:56:10,746 - sflow.task.server_3 - INFO - Loading weights:  13%|█▎        | 190/1458 [00:11<00:53, 23.78it/s]
2026-07-24 18:56:10,797 - sflow.task.server_3 - INFO - 2:
2026-07-24 18:56:10,797 - sflow.task.server_3 - INFO - Loading weights:  17%|█▋        | 253/1458 [00:13<00:45, 26.48it/s]
2026-07-24 18:56:10,798 - sflow.task.server_3 - INFO - 3:
2026-07-24 18:56:10,798 - sflow.task.server_3 - INFO - Loading weights:  17%|█▋        | 246/1458 [00:13<01:28, 13.74it/s]
2026-07-24 18:56:10,848 - sflow.task.server_3 - INFO - 4:
2026-07-24 18:56:10,849 - sflow.task.server_3 - INFO - Loading weights:  15%|█▍        | 217/1458 [00:11<00:46, 26.90it/s]
2026-07-24 18:56:10,900 - sflow.task.server_3 - INFO - 2:
2026-07-24 18:56:10,900 - sflow.task.server_3 - INFO - Loading weights:  18%|█▊        | 262/1458 [00:13<00:34, 34.80it/s]
2026-07-24 18:56:10,900 - sflow.task.server_3 - INFO - 1:
2026-07-24 18:56:10,900 - sflow.task.server_3 - INFO - Loading weights:  17%|█▋        | 247/1458 [00:13<00:47, 25.44it/s]
2026-07-24 18:56:10,900 - sflow.task.server_3 - INFO - 3:
2026-07-24 18:56:10,900 - sflow.task.server_3 - INFO - Loading weights:  17%|█▋        | 253/1458 [00:13<01:08, 17.70it/s]
2026-07-24 18:56:11,002 - sflow.task.server_3 - INFO - 0:
2026-07-24 18:56:11,003 - sflow.task.server_3 - INFO - Loading weights:  15%|█▌        | 225/1458 [00:13<01:37, 12.68it/s]
2026-07-24 18:56:11,003 - sflow.task.server_3 - INFO - 1:
2026-07-24 18:56:11,003 - sflow.task.server_3 - INFO - Loading weights:  17%|█▋        | 253/1458 [00:13<00:40, 29.55it/s]
2026-07-24 18:56:11,003 - sflow.task.server_3 - INFO - 3:
2026-07-24 18:56:11,003 - sflow.task.server_3 - INFO - Loading weights:  18%|█▊        | 262/1458 [00:13<00:49, 24.31it/s]
2026-07-24 18:56:11,054 - sflow.task.server_3 - INFO - 7:
2026-07-24 18:56:11,054 - sflow.task.server_3 - INFO - Loading weights:  14%|█▎        | 198/1458 [00:11<01:22, 15.34it/s]
2026-07-24 18:56:11,054 - sflow.task.server_3 - INFO - 5:
2026-07-24 18:56:11,054 - sflow.task.server_3 - INFO - Loading weights:  14%|█▎        | 198/1458 [00:11<01:14, 16.98it/s]
2026-07-24 18:56:11,105 - sflow.task.server_3 - INFO - 0:
2026-07-24 18:56:11,105 - sflow.task.server_3 - INFO - Loading weights:  16%|█▌        | 235/1458 [00:13<01:03, 19.25it/s]
2026-07-24 18:56:11,157 - sflow.task.server_3 - INFO - 1:
2026-07-24 18:56:11,157 - sflow.task.server_3 - INFO - Loading weights:  18%|█▊        | 265/1458 [00:13<00:29, 41.05it/s]
2026-07-24 18:56:11,157 - sflow.task.server_3 - INFO - 7:
2026-07-24 18:56:11,157 - sflow.task.server_3 - INFO - Loading weights:  14%|█▍        | 205/1458 [00:11<01:04, 19.49it/s]
2026-07-24 18:56:11,157 - sflow.task.server_3 - INFO - 2:
2026-07-24 18:56:11,157 - sflow.task.server_3 - INFO - Loading weights:  19%|█▊        | 270/1458 [00:13<00:35, 33.36it/s]
2026-07-24 18:56:11,157 - sflow.task.server_3 - INFO - 5:
2026-07-24 18:56:11,157 - sflow.task.server_3 - INFO - Loading weights:  14%|█▍        | 205/1458 [00:11<00:58, 21.45it/s]
2026-07-24 18:56:11,208 - sflow.task.server_3 - INFO - 0:
2026-07-24 18:56:11,208 - sflow.task.server_3 - INFO - Loading weights:  17%|█▋        | 241/1458 [00:13<00:53, 22.61it/s]
2026-07-24 18:56:11,259 - sflow.task.server_3 - INFO - 2:
2026-07-24 18:56:11,259 - sflow.task.server_3 - INFO - Loading weights:  19%|█▉        | 277/1458 [00:13<00:30, 38.68it/s]
2026-07-24 18:56:11,259 - sflow.task.server_3 - INFO - 7:
2026-07-24 18:56:11,259 - sflow.task.server_3 - INFO - Loading weights:  15%|█▍        | 214/1458 [00:11<00:47, 26.37it/s]
2026-07-24 18:56:11,259 - sflow.task.server_3 - INFO - 5:
2026-07-24 18:56:11,259 - sflow.task.server_3 - INFO - Loading weights:  15%|█▍        | 214/1458 [00:11<00:42, 28.95it/s]
2026-07-24 18:56:11,361 - sflow.task.server_3 - INFO - 2:
2026-07-24 18:56:11,361 - sflow.task.server_3 - INFO - Loading weights:  19%|█▉        | 284/1458 [00:14<00:27, 43.00it/s]
2026-07-24 18:56:11,463 - sflow.task.server_3 - INFO - 3:
2026-07-24 18:56:11,463 - sflow.task.server_3 - INFO - Loading weights:  19%|█▊        | 270/1458 [00:14<00:52, 22.48it/s]
2026-07-24 18:56:11,463 - sflow.task.server_3 - INFO - 1:
2026-07-24 18:56:11,463 - sflow.task.server_3 - INFO - Loading weights:  19%|█▊        | 272/1458 [00:14<00:36, 32.84it/s]
2026-07-24 18:56:11,515 - sflow.task.server_3 - INFO - 2:
2026-07-24 18:56:11,515 - sflow.task.server_3 - INFO - Loading weights:  20%|█▉        | 290/1458 [00:14<00:27, 42.34it/s]
2026-07-24 18:56:11,566 - sflow.task.server_3 - INFO - 3:
2026-07-24 18:56:11,566 - sflow.task.server_3 - INFO - Loading weights:  19%|█▉        | 277/1458 [00:14<00:42, 27.55it/s]
2026-07-24 18:56:11,566 - sflow.task.server_3 - INFO - 0:
2026-07-24 18:56:11,566 - sflow.task.server_3 - INFO - Loading weights:  17%|█▋        | 247/1458 [00:14<00:56, 21.31it/s]
2026-07-24 18:56:11,566 - sflow.task.server_3 - INFO - 1:
2026-07-24 18:56:11,566 - sflow.task.server_3 - INFO - Loading weights:  19%|█▉        | 284/1458 [00:14<00:26, 44.70it/s]
2026-07-24 18:56:11,637 - sflow.task.server_3 - INFO - 6:
2026-07-24 18:56:11,637 - sflow.task.server_3 - INFO - Loading weights:  14%|█▎        | 198/1458 [00:12<01:19, 15.78it/s]
2026-07-24 18:56:11,689 - sflow.task.server_3 - INFO - 0:
2026-07-24 18:56:11,689 - sflow.task.server_3 - INFO - Loading weights:  17%|█▋        | 252/1458 [00:14<00:49, 24.20it/s]
2026-07-24 18:56:11,689 - sflow.task.server_3 - INFO - 3:
2026-07-24 18:56:11,689 - sflow.task.server_3 - INFO - Loading weights:  20%|█▉        | 289/1458 [00:14<00:31, 37.65it/s]
2026-07-24 18:56:11,740 - sflow.task.server_3 - INFO - 4:
2026-07-24 18:56:11,740 - sflow.task.server_3 - INFO - Loading weights:  15%|█▌        | 222/1458 [00:12<01:32, 13.39it/s]
2026-07-24 18:56:11,792 - sflow.task.server_3 - INFO - 6:
2026-07-24 18:56:11,792 - sflow.task.server_3 - INFO - Loading weights:  14%|█▍        | 205/1458 [00:12<01:03, 19.79it/s]
2026-07-24 18:56:11,843 - sflow.task.server_3 - INFO - 0:
2026-07-24 18:56:11,843 - sflow.task.server_3 - INFO - Loading weights:  18%|█▊        | 262/1458 [00:14<00:36, 32.50it/s]
2026-07-24 18:56:11,843 - sflow.task.server_3 - INFO - 4:
2026-07-24 18:56:11,843 - sflow.task.server_3 - INFO - Loading weights:  16%|█▌        | 226/1458 [00:12<01:19, 15.49it/s]
2026-07-24 18:56:11,894 - sflow.task.server_3 - INFO - 6:
2026-07-24 18:56:11,894 - sflow.task.server_3 - INFO - Loading weights:  15%|█▍        | 214/1458 [00:12<00:46, 26.50it/s]
2026-07-24 18:56:11,996 - sflow.task.server_3 - INFO - 4:
2026-07-24 18:56:11,996 - sflow.task.server_3 - INFO - Loading weights:  16%|█▌        | 236/1458 [00:12<00:49, 24.55it/s]
2026-07-24 18:56:11,996 - sflow.task.server_3 - INFO - 6:
2026-07-24 18:56:11,996 - sflow.task.server_3 - INFO - Loading weights:  15%|█▌        | 220/1458 [00:12<00:40, 30.42it/s]
2026-07-24 18:56:12,098 - sflow.task.server_3 - INFO - 4:
2026-07-24 18:56:12,098 - sflow.task.server_3 - INFO - Loading weights:  17%|█▋        | 243/1458 [00:12<00:40, 30.29it/s]
2026-07-24 18:56:12,098 - sflow.task.server_3 - INFO - 0:
2026-07-24 18:56:12,098 - sflow.task.server_3 - INFO - Loading weights:  19%|█▊        | 270/1458 [00:14<00:38, 30.79it/s]
2026-07-24 18:56:12,251 - sflow.task.server_3 - INFO - 0:
2026-07-24 18:56:12,251 - sflow.task.server_3 - INFO - Loading weights:  19%|█▉        | 277/1458 [00:14<00:33, 35.00it/s]
2026-07-24 18:56:12,251 - sflow.task.server_3 - INFO - 7:
2026-07-24 18:56:12,251 - sflow.task.server_3 - INFO - Loading weights:  15%|█▌        | 222/1458 [00:12<01:19, 15.53it/s]
2026-07-24 18:56:12,303 - sflow.task.server_3 - INFO - 5:
2026-07-24 18:56:12,303 - sflow.task.server_3 - INFO - Loading weights:  15%|█▌        | 222/1458 [00:12<01:18, 15.80it/s]
2026-07-24 18:56:12,354 - sflow.task.server_3 - INFO - 7:
2026-07-24 18:56:12,354 - sflow.task.server_3 - INFO - Loading weights:  16%|█▌        | 229/1458 [00:12<01:02, 19.56it/s]
2026-07-24 18:56:12,354 - sflow.task.server_3 - INFO - 0:
2026-07-24 18:56:12,354 - sflow.task.server_3 - INFO - Loading weights:  20%|█▉        | 286/1458 [00:15<00:27, 42.33it/s]
2026-07-24 18:56:12,405 - sflow.task.server_3 - INFO - 5:
2026-07-24 18:56:12,406 - sflow.task.server_3 - INFO - Loading weights:  16%|█▌        | 229/1458 [00:12<01:01, 19.96it/s]
2026-07-24 18:56:12,456 - sflow.task.server_3 - INFO - 7:
2026-07-24 18:56:12,456 - sflow.task.server_3 - INFO - Loading weights:  16%|█▋        | 239/1458 [00:12<00:44, 27.40it/s]
2026-07-24 18:56:12,508 - sflow.task.server_3 - INFO - 5:
2026-07-24 18:56:12,508 - sflow.task.server_3 - INFO - Loading weights:  16%|█▋        | 238/1458 [00:12<00:45, 26.86it/s]
2026-07-24 18:56:12,712 - sflow.task.server_3 - INFO - 2:
2026-07-24 18:56:12,712 - sflow.task.server_3 - INFO - Loading weights:  20%|██        | 296/1458 [00:15<01:21, 14.27it/s]
2026-07-24 18:56:12,763 - sflow.task.server_3 - INFO - 7:
2026-07-24 18:56:12,763 - sflow.task.server_3 - INFO - Loading weights:  17%|█▋        | 246/1458 [00:13<00:45, 26.83it/s]
2026-07-24 18:56:12,763 - sflow.task.server_3 - INFO - 1:
2026-07-24 18:56:12,763 - sflow.task.server_3 - INFO - Loading weights:  20%|██        | 294/1458 [00:15<01:01, 18.81it/s]
2026-07-24 18:56:12,815 - sflow.task.server_3 - INFO - 2:
2026-07-24 18:56:12,815 - sflow.task.server_3 - INFO - Loading weights:  21%|██        | 307/1458 [00:15<00:52, 21.97it/s]
2026-07-24 18:56:12,866 - sflow.task.server_3 - INFO - 3:
2026-07-24 18:56:12,866 - sflow.task.server_3 - INFO - Loading weights:  20%|██        | 296/1458 [00:15<01:11, 16.26it/s]
2026-07-24 18:56:12,866 - sflow.task.server_3 - INFO - 7:
2026-07-24 18:56:12,866 - sflow.task.server_3 - INFO - Loading weights:  17%|█▋        | 253/1458 [00:13<00:37, 32.00it/s]
2026-07-24 18:56:12,917 - sflow.task.server_3 - INFO - 1:
2026-07-24 18:56:12,917 - sflow.task.server_3 - INFO - Loading weights:  21%|██        | 301/1458 [00:15<00:51, 22.63it/s]
2026-07-24 18:56:12,968 - sflow.task.server_3 - INFO - 3:
2026-07-24 18:56:12,968 - sflow.task.server_3 - INFO - Loading weights:  21%|██        | 308/1458 [00:15<00:47, 24.04it/s]
2026-07-24 18:56:13,018 - sflow.task.server_3 - INFO - 1:
2026-07-24 18:56:13,018 - sflow.task.server_3 - INFO - Loading weights:  21%|██▏       | 310/1458 [00:15<00:39, 29.24it/s]
2026-07-24 18:56:13,018 - sflow.task.server_3 - INFO - 7:
2026-07-24 18:56:13,018 - sflow.task.server_3 - INFO - Loading weights:  18%|█▊        | 265/1458 [00:13<00:28, 42.36it/s]
2026-07-24 18:56:13,018 - sflow.task.server_3 - INFO - 2:
2026-07-24 18:56:13,018 - sflow.task.server_3 - INFO - Loading weights:  21%|██▏       | 313/1458 [00:15<00:49, 23.20it/s]
2026-07-24 18:56:13,069 - sflow.task.server_3 - INFO - 6:
2026-07-24 18:56:13,069 - sflow.task.server_3 - INFO - Loading weights:  16%|█▌        | 226/1458 [00:13<01:27, 14.08it/s]
2026-07-24 18:56:13,069 - sflow.task.server_3 - INFO - 3:
2026-07-24 18:56:13,069 - sflow.task.server_3 - INFO - Loading weights:  22%|██▏       | 315/1458 [00:15<00:41, 27.86it/s]
2026-07-24 18:56:13,170 - sflow.task.server_3 - INFO - 6:
2026-07-24 18:56:13,171 - sflow.task.server_3 - INFO - Loading weights:  16%|█▌        | 236/1458 [00:13<00:58, 20.76it/s]
2026-07-24 18:56:13,171 - sflow.task.server_3 - INFO - 4:
2026-07-24 18:56:13,171 - sflow.task.server_3 - INFO - Loading weights:  17%|█▋        | 249/1458 [00:13<01:29, 13.47it/s]
2026-07-24 18:56:13,323 - sflow.task.server_3 - INFO - 4:
2026-07-24 18:56:13,323 - sflow.task.server_3 - INFO - Loading weights:  18%|█▊        | 260/1458 [00:13<00:57, 20.86it/s]
2026-07-24 18:56:13,374 - sflow.task.server_3 - INFO - 5:
2026-07-24 18:56:13,374 - sflow.task.server_3 - INFO - Loading weights:  17%|█▋        | 246/1458 [00:13<01:10, 17.25it/s]
2026-07-24 18:56:13,374 - sflow.task.server_3 - INFO - 3:
2026-07-24 18:56:13,374 - sflow.task.server_3 - INFO - Loading weights:  22%|██▏       | 322/1458 [00:16<00:42, 26.82it/s]
2026-07-24 18:56:13,426 - sflow.task.server_3 - INFO - 4:
2026-07-24 18:56:13,426 - sflow.task.server_3 - INFO - Loading weights:  18%|█▊        | 267/1458 [00:13<00:46, 25.69it/s]
2026-07-24 18:56:13,477 - sflow.task.server_3 - INFO - 5:
2026-07-24 18:56:13,477 - sflow.task.server_3 - INFO - Loading weights:  17%|█▋        | 253/1458 [00:13<00:55, 21.55it/s]
2026-07-24 18:56:13,477 - sflow.task.server_3 - INFO - 6:
2026-07-24 18:56:13,477 - sflow.task.server_3 - INFO - Loading weights:  17%|█▋        | 246/1458 [00:13<00:50, 23.85it/s]
2026-07-24 18:56:13,477 - sflow.task.server_3 - INFO - 3:
2026-07-24 18:56:13,477 - sflow.task.server_3 - INFO - Loading weights:  23%|██▎       | 332/1458 [00:16<00:32, 34.98it/s]
2026-07-24 18:56:13,529 - sflow.task.server_3 - INFO - 0:
2026-07-24 18:56:13,529 - sflow.task.server_3 - INFO - Loading weights:  20%|██        | 294/1458 [00:16<01:10, 16.55it/s]
2026-07-24 18:56:13,579 - sflow.task.server_3 - INFO - 5:
2026-07-24 18:56:13,579 - sflow.task.server_3 - INFO - Loading weights:  18%|█▊        | 263/1458 [00:13<00:40, 29.77it/s]
2026-07-24 18:56:13,630 - sflow.task.server_3 - INFO - 6:
2026-07-24 18:56:13,630 - sflow.task.server_3 - INFO - Loading weights:  17%|█▋        | 253/1458 [00:14<00:42, 28.29it/s]
2026-07-24 18:56:13,682 - sflow.task.server_3 - INFO - 0:
2026-07-24 18:56:13,682 - sflow.task.server_3 - INFO - Loading weights:  20%|██        | 298/1458 [00:16<01:04, 17.92it/s]
2026-07-24 18:56:13,682 - sflow.task.server_3 - INFO - 3:
2026-07-24 18:56:13,682 - sflow.task.server_3 - INFO - Loading weights:  23%|██▎       | 339/1458 [00:16<00:31, 35.68it/s]
2026-07-24 18:56:13,733 - sflow.task.server_3 - INFO - 6:
2026-07-24 18:56:13,733 - sflow.task.server_3 - INFO - Loading weights:  18%|█▊        | 262/1458 [00:14<00:33, 35.75it/s]
2026-07-24 18:56:13,836 - sflow.task.server_3 - INFO - 2:
2026-07-24 18:56:13,836 - sflow.task.server_3 - INFO - Loading weights:  22%|██▏       | 318/1458 [00:16<01:19, 14.40it/s]
2026-07-24 18:56:13,836 - sflow.task.server_3 - INFO - 0:
2026-07-24 18:56:13,836 - sflow.task.server_3 - INFO - Loading weights:  21%|██        | 307/1458 [00:16<00:48, 23.78it/s]
2026-07-24 18:56:13,937 - sflow.task.server_3 - INFO - 2:
2026-07-24 18:56:13,937 - sflow.task.server_3 - INFO - Loading weights:  22%|██▏       | 325/1458 [00:16<00:59, 19.01it/s]
2026-07-24 18:56:13,937 - sflow.task.server_3 - INFO - 0:
2026-07-24 18:56:13,937 - sflow.task.server_3 - INFO - Loading weights:  21%|██▏       | 312/1458 [00:16<00:43, 26.24it/s]
2026-07-24 18:56:14,039 - sflow.task.server_3 - INFO - 7:
2026-07-24 18:56:14,039 - sflow.task.server_3 - INFO - Loading weights:  19%|█▊        | 272/1458 [00:14<01:04, 18.52it/s]
2026-07-24 18:56:14,039 - sflow.task.server_3 - INFO - 1:
2026-07-24 18:56:14,039 - sflow.task.server_3 - INFO - Loading weights:  22%|██▏       | 318/1458 [00:16<01:08, 16.56it/s]
2026-07-24 18:56:14,090 - sflow.task.server_3 - INFO - 2:
2026-07-24 18:56:14,090 - sflow.task.server_3 - INFO - Loading weights:  23%|██▎       | 337/1458 [00:16<00:38, 28.94it/s]
2026-07-24 18:56:14,141 - sflow.task.server_3 - INFO - 7:
2026-07-24 18:56:14,141 - sflow.task.server_3 - INFO - Loading weights:  19%|█▉        | 283/1458 [00:14<00:44, 26.26it/s]
2026-07-24 18:56:14,141 - sflow.task.server_3 - INFO - 1:
2026-07-24 18:56:14,141 - sflow.task.server_3 - INFO - Loading weights:  22%|██▏       | 325/1458 [00:16<00:55, 20.50it/s]
2026-07-24 18:56:14,244 - sflow.task.server_3 - INFO - 1:
2026-07-24 18:56:14,244 - sflow.task.server_3 - INFO - Loading weights:  23%|██▎       | 334/1458 [00:16<00:41, 27.10it/s]
2026-07-24 18:56:14,346 - sflow.task.server_3 - INFO - 4:
2026-07-24 18:56:14,346 - sflow.task.server_3 - INFO - Loading weights:  19%|█▊        | 273/1458 [00:14<01:21, 14.57it/s]
2026-07-24 18:56:14,397 - sflow.task.server_3 - INFO - 7:
2026-07-24 18:56:14,397 - sflow.task.server_3 - INFO - Loading weights:  20%|█▉        | 290/1458 [00:14<00:44, 26.20it/s]
2026-07-24 18:56:14,499 - sflow.task.server_3 - INFO - 4:
2026-07-24 18:56:14,499 - sflow.task.server_3 - INFO - Loading weights:  19%|█▉        | 284/1458 [00:14<00:53, 21.77it/s]
2026-07-24 18:56:14,601 - sflow.task.server_3 - INFO - 4:
2026-07-24 18:56:14,601 - sflow.task.server_3 - INFO - Loading weights:  20%|█▉        | 291/1458 [00:14<00:44, 26.39it/s]
2026-07-24 18:56:14,652 - sflow.task.server_3 - INFO - 5:
2026-07-24 18:56:14,652 - sflow.task.server_3 - INFO - Loading weights:  19%|█▊        | 270/1458 [00:15<01:17, 15.29it/s]
2026-07-24 18:56:14,703 - sflow.task.server_3 - INFO - 6:
2026-07-24 18:56:14,703 - sflow.task.server_3 - INFO - Loading weights:  19%|█▊        | 270/1458 [00:15<01:07, 17.73it/s]
2026-07-24 18:56:14,754 - sflow.task.server_3 - INFO - 3:
2026-07-24 18:56:14,754 - sflow.task.server_3 - INFO - Loading weights:  24%|██▎       | 345/1458 [00:17<01:11, 15.56it/s]
2026-07-24 18:56:14,754 - sflow.task.server_3 - INFO - 5:
2026-07-24 18:56:14,754 - sflow.task.server_3 - INFO - Loading weights:  19%|█▉        | 277/1458 [00:15<01:01, 19.27it/s]
2026-07-24 18:56:14,857 - sflow.task.server_3 - INFO - 6:
2026-07-24 18:56:14,857 - sflow.task.server_3 - INFO - Loading weights:  19%|█▉        | 277/1458 [00:15<00:54, 21.80it/s]
2026-07-24 18:56:14,857 - sflow.task.server_3 - INFO - 3:
2026-07-24 18:56:14,857 - sflow.task.server_3 - INFO - Loading weights:  24%|██▍       | 355/1458 [00:17<00:49, 22.11it/s]
2026-07-24 18:56:14,908 - sflow.task.server_3 - INFO - 5:
2026-07-24 18:56:14,908 - sflow.task.server_3 - INFO - Loading weights:  20%|█▉        | 286/1458 [00:15<00:45, 25.74it/s]
2026-07-24 18:56:14,959 - sflow.task.server_3 - INFO - 6:
2026-07-24 18:56:14,959 - sflow.task.server_3 - INFO - Loading weights:  20%|█▉        | 286/1458 [00:15<00:41, 28.46it/s]
2026-07-24 18:56:15,061 - sflow.task.server_3 - INFO - 2:
2026-07-24 18:56:15,062 - sflow.task.server_3 - INFO - Loading weights:  24%|██▎       | 343/1458 [00:17<01:12, 15.38it/s]
2026-07-24 18:56:15,062 - sflow.task.server_3 - INFO - 3:
2026-07-24 18:56:15,062 - sflow.task.server_3 - INFO - Loading weights:  25%|██▍       | 361/1458 [00:17<00:46, 23.42it/s]
2026-07-24 18:56:15,113 - sflow.task.server_3 - INFO - 0:
2026-07-24 18:56:15,113 - sflow.task.server_3 - INFO - Loading weights:  22%|██▏       | 318/1458 [00:17<01:32, 12.36it/s]
2026-07-24 18:56:15,164 - sflow.task.server_3 - INFO - 2:
2026-07-24 18:56:15,164 - sflow.task.server_3 - INFO - Loading weights:  24%|██▍       | 349/1458 [00:17<00:58, 18.87it/s]
2026-07-24 18:56:15,215 - sflow.task.server_3 - INFO - 0:
2026-07-24 18:56:15,215 - sflow.task.server_3 - INFO - Loading weights:  22%|██▏       | 325/1458 [00:17<01:08, 16.57it/s]
2026-07-24 18:56:15,317 - sflow.task.server_3 - INFO - 2:
2026-07-24 18:56:15,317 - sflow.task.server_3 - INFO - Loading weights:  25%|██▍       | 361/1458 [00:17<00:39, 27.91it/s]
2026-07-24 18:56:15,368 - sflow.task.server_3 - INFO - 0:
2026-07-24 18:56:15,368 - sflow.task.server_3 - INFO - Loading weights:  23%|██▎       | 332/1458 [00:18<00:53, 21.04it/s]
2026-07-24 18:56:15,368 - sflow.task.server_3 - INFO - 1:
2026-07-24 18:56:15,368 - sflow.task.server_3 - INFO - Loading weights:  23%|██▎       | 342/1458 [00:18<01:15, 14.81it/s]
2026-07-24 18:56:15,469 - sflow.task.server_3 - INFO - 0:
2026-07-24 18:56:15,469 - sflow.task.server_3 - INFO - Loading weights:  23%|██▎       | 339/1458 [00:18<00:42, 26.39it/s]
2026-07-24 18:56:15,469 - sflow.task.server_3 - INFO - 1:
2026-07-24 18:56:15,469 - sflow.task.server_3 - INFO - Loading weights:  24%|██▍       | 349/1458 [00:18<00:59, 18.71it/s]
2026-07-24 18:56:15,622 - sflow.task.server_3 - INFO - 1:
2026-07-24 18:56:15,622 - sflow.task.server_3 - INFO - Loading weights:  25%|██▍       | 358/1458 [00:18<00:44, 24.92it/s]
2026-07-24 18:56:15,622 - sflow.task.server_3 - INFO - 7:
2026-07-24 18:56:15,622 - sflow.task.server_3 - INFO - Loading weights:  20%|██        | 296/1458 [00:16<01:28, 13.17it/s]
2026-07-24 18:56:15,622 - sflow.task.server_3 - INFO - 4:
2026-07-24 18:56:15,622 - sflow.task.server_3 - INFO - Loading weights:  20%|██        | 297/1458 [00:15<01:20, 14.35it/s]
2026-07-24 18:56:15,723 - sflow.task.server_3 - INFO - 7:
2026-07-24 18:56:15,723 - sflow.task.server_3 - INFO - Loading weights:  21%|██        | 307/1458 [00:16<00:58, 19.55it/s]
2026-07-24 18:56:15,723 - sflow.task.server_3 - INFO - 4:
2026-07-24 18:56:15,723 - sflow.task.server_3 - INFO - Loading weights:  21%|██        | 307/1458 [00:16<00:55, 20.69it/s]
2026-07-24 18:56:16,027 - sflow.task.server_3 - INFO - 4:
2026-07-24 18:56:16,027 - sflow.task.server_3 - INFO - Loading weights:  21%|██▏       | 313/1458 [00:16<00:55, 20.51it/s]
2026-07-24 18:56:16,027 - sflow.task.server_3 - INFO - 7:
2026-07-24 18:56:16,027 - sflow.task.server_3 - INFO - Loading weights:  21%|██▏       | 313/1458 [00:16<00:58, 19.57it/s]
2026-07-24 18:56:16,129 - sflow.task.server_3 - INFO - 5:
2026-07-24 18:56:16,129 - sflow.task.server_3 - INFO - Loading weights:  20%|██        | 294/1458 [00:16<01:25, 13.68it/s]
2026-07-24 18:56:16,231 - sflow.task.server_3 - INFO - 5:
2026-07-24 18:56:16,231 - sflow.task.server_3 - INFO - Loading weights:  21%|██        | 301/1458 [00:16<01:06, 17.40it/s]
2026-07-24 18:56:16,231 - sflow.task.server_3 - INFO - 6:
2026-07-24 18:56:16,231 - sflow.task.server_3 - INFO - Loading weights:  20%|██        | 294/1458 [00:16<01:24, 13.85it/s]
2026-07-24 18:56:16,282 - sflow.task.server_3 - INFO - 4:
2026-07-24 18:56:16,282 - sflow.task.server_3 - INFO - Loading weights:  22%|██▏       | 318/1458 [00:16<00:55, 20.38it/s]
2026-07-24 18:56:16,282 - sflow.task.server_3 - INFO - 3:
2026-07-24 18:56:16,282 - sflow.task.server_3 - INFO - Loading weights:  25%|██▌       | 366/1458 [00:18<01:33, 11.65it/s]
2026-07-24 18:56:16,333 - sflow.task.server_3 - INFO - 5:
2026-07-24 18:56:16,333 - sflow.task.server_3 - INFO - Loading weights:  21%|██▏       | 310/1458 [00:16<00:48, 23.59it/s]
2026-07-24 18:56:16,384 - sflow.task.server_3 - INFO - 6:
2026-07-24 18:56:16,384 - sflow.task.server_3 - INFO - Loading weights:  21%|██        | 301/1458 [00:16<01:06, 17.51it/s]
2026-07-24 18:56:16,384 - sflow.task.server_3 - INFO - 2:
2026-07-24 18:56:16,384 - sflow.task.server_3 - INFO - Loading weights:  25%|██▌       | 367/1458 [00:19<01:15, 14.43it/s]
2026-07-24 18:56:16,384 - sflow.task.server_3 - INFO - 3:
2026-07-24 18:56:16,384 - sflow.task.server_3 - INFO - Loading weights:  25%|██▌       | 370/1458 [00:19<01:20, 13.46it/s]
2026-07-24 18:56:16,435 - sflow.task.server_3 - INFO - 4:
2026-07-24 18:56:16,435 - sflow.task.server_3 - INFO - Loading weights:  22%|██▏       | 322/1458 [00:16<00:52, 21.61it/s]
2026-07-24 18:56:16,486 - sflow.task.server_3 - INFO - 6:
2026-07-24 18:56:16,486 - sflow.task.server_3 - INFO - Loading weights:  21%|██▏       | 310/1458 [00:16<00:48, 23.54it/s]
2026-07-24 18:56:16,486 - sflow.task.server_3 - INFO - 2:
2026-07-24 18:56:16,486 - sflow.task.server_3 - INFO - Loading weights:  26%|██▌       | 372/1458 [00:19<01:04, 16.94it/s]
2026-07-24 18:56:16,537 - sflow.task.server_3 - INFO - 3:
2026-07-24 18:56:16,537 - sflow.task.server_3 - INFO - Loading weights:  26%|██▌       | 380/1458 [00:19<00:52, 20.47it/s]
2026-07-24 18:56:16,537 - sflow.task.server_3 - INFO - 4:
2026-07-24 18:56:16,537 - sflow.task.server_3 - INFO - Loading weights:  23%|██▎       | 332/1458 [00:16<00:36, 30.92it/s]
2026-07-24 18:56:16,588 - sflow.task.server_3 - INFO - 2:
2026-07-24 18:56:16,588 - sflow.task.server_3 - INFO - Loading weights:  26%|██▌       | 382/1458 [00:19<00:44, 24.34it/s]
2026-07-24 18:56:16,640 - sflow.task.server_3 - INFO - 0:
2026-07-24 18:56:16,640 - sflow.task.server_3 - INFO - Loading weights:  24%|██▎       | 344/1458 [00:19<01:35, 11.66it/s]
2026-07-24 18:56:16,691 - sflow.task.server_3 - INFO - 3:
2026-07-24 18:56:16,691 - sflow.task.server_3 - INFO - Loading weights:  26%|██▋       | 385/1458 [00:19<00:48, 22.11it/s]
2026-07-24 18:56:16,742 - sflow.task.server_3 - INFO - 4:
2026-07-24 18:56:16,742 - sflow.task.server_3 - INFO - Loading weights:  23%|██▎       | 337/1458 [00:17<00:37, 29.82it/s]
2026-07-24 18:56:16,742 - sflow.task.server_3 - INFO - 2:
2026-07-24 18:56:16,742 - sflow.task.server_3 - INFO - Loading weights:  27%|██▋       | 388/1458 [00:19<00:38, 27.68it/s]
2026-07-24 18:56:16,793 - sflow.task.server_3 - INFO - 1:
2026-07-24 18:56:16,793 - sflow.task.server_3 - INFO - Loading weights:  25%|██▌       | 366/1458 [00:19<01:18, 13.92it/s]
2026-07-24 18:56:16,793 - sflow.task.server_3 - INFO - 0:
2026-07-24 18:56:16,793 - sflow.task.server_3 - INFO - Loading weights:  24%|██▍       | 350/1458 [00:19<01:14, 14.83it/s]
2026-07-24 18:56:16,844 - sflow.task.server_3 - INFO - 5:
2026-07-24 18:56:16,844 - sflow.task.server_3 - INFO - Loading weights:  22%|██▏       | 318/1458 [00:17<00:54, 20.79it/s]
2026-07-24 18:56:16,895 - sflow.task.server_3 - INFO - 1:
2026-07-24 18:56:16,895 - sflow.task.server_3 - INFO - Loading weights:  26%|██▌       | 373/1458 [00:19<01:01, 17.65it/s]
2026-07-24 18:56:16,946 - sflow.task.server_3 - INFO - 0:
2026-07-24 18:56:16,946 - sflow.task.server_3 - INFO - Loading weights:  25%|██▍       | 358/1458 [00:19<00:53, 20.41it/s]
2026-07-24 18:56:16,946 - sflow.task.server_3 - INFO - 5:
2026-07-24 18:56:16,946 - sflow.task.server_3 - INFO - Loading weights:  22%|██▏       | 325/1458 [00:17<00:44, 25.51it/s]
2026-07-24 18:56:16,997 - sflow.task.server_3 - INFO - 1:
2026-07-24 18:56:16,997 - sflow.task.server_3 - INFO - Loading weights:  26%|██▌       | 382/1458 [00:19<00:44, 23.97it/s]
2026-07-24 18:56:17,049 - sflow.task.server_3 - INFO - 5:
2026-07-24 18:56:17,049 - sflow.task.server_3 - INFO - Loading weights:  23%|██▎       | 334/1458 [00:17<00:34, 32.96it/s]
2026-07-24 18:56:17,101 - sflow.task.server_3 - INFO - 7:
2026-07-24 18:56:17,101 - sflow.task.server_3 - INFO - Loading weights:  22%|██▏       | 318/1458 [00:17<01:37, 11.69it/s]
2026-07-24 18:56:17,204 - sflow.task.server_3 - INFO - 7:
2026-07-24 18:56:17,204 - sflow.task.server_3 - INFO - Loading weights:  22%|██▏       | 325/1458 [00:17<01:13, 15.39it/s]
2026-07-24 18:56:17,306 - sflow.task.server_3 - INFO - 7:
2026-07-24 18:56:17,306 - sflow.task.server_3 - INFO - Loading weights:  23%|██▎       | 334/1458 [00:17<00:51, 21.71it/s]
2026-07-24 18:56:17,562 - sflow.task.server_3 - INFO - 3:
2026-07-24 18:56:17,562 - sflow.task.server_3 - INFO - Loading weights:  27%|██▋       | 390/1458 [00:20<01:23, 12.83it/s]
2026-07-24 18:56:17,714 - sflow.task.server_3 - INFO - 3:
2026-07-24 18:56:17,714 - sflow.task.server_3 - INFO - Loading weights:  27%|██▋       | 394/1458 [00:20<01:12, 14.65it/s]
2026-07-24 18:56:17,714 - sflow.task.server_3 - INFO - 6:
2026-07-24 18:56:17,714 - sflow.task.server_3 - INFO - Loading weights:  22%|██▏       | 318/1458 [00:18<01:26, 13.16it/s]
2026-07-24 18:56:17,766 - sflow.task.server_3 - INFO - 4:
2026-07-24 18:56:17,766 - sflow.task.server_3 - INFO - Loading weights:  23%|██▎       | 342/1458 [00:18<01:26, 12.91it/s]
2026-07-24 18:56:17,817 - sflow.task.server_3 - INFO - 6:
2026-07-24 18:56:17,817 - sflow.task.server_3 - INFO - Loading weights:  22%|██▏       | 325/1458 [00:18<01:07, 16.71it/s]
2026-07-24 18:56:17,868 - sflow.task.server_3 - INFO - 3:
2026-07-24 18:56:17,868 - sflow.task.server_3 - INFO - Loading weights:  28%|██▊       | 404/1458 [00:20<00:47, 22.19it/s]
2026-07-24 18:56:17,919 - sflow.task.server_3 - INFO - 2:
2026-07-24 18:56:17,920 - sflow.task.server_3 - INFO - Loading weights:  27%|██▋       | 394/1458 [00:20<01:21, 12.99it/s]
2026-07-24 18:56:17,920 - sflow.task.server_3 - INFO - 4:
2026-07-24 18:56:17,920 - sflow.task.server_3 - INFO - Loading weights:  24%|██▎       | 346/1458 [00:18<01:15, 14.82it/s]
2026-07-24 18:56:17,920 - sflow.task.server_3 - INFO - 6:
2026-07-24 18:56:17,920 - sflow.task.server_3 - INFO - Loading weights:  23%|██▎       | 334/1458 [00:18<00:49, 22.78it/s]
2026-07-24 18:56:18,022 - sflow.task.server_3 - INFO - 2:
2026-07-24 18:56:18,022 - sflow.task.server_3 - INFO - Loading weights:  28%|██▊       | 404/1458 [00:20<00:54, 19.38it/s]
2026-07-24 18:56:18,022 - sflow.task.server_3 - INFO - 3:
2026-07-24 18:56:18,022 - sflow.task.server_3 - INFO - Loading weights:  28%|██▊       | 409/1458 [00:20<00:43, 24.18it/s]
2026-07-24 18:56:18,022 - sflow.task.server_3 - INFO - 4:
2026-07-24 18:56:18,022 - sflow.task.server_3 - INFO - Loading weights:  24%|██▍       | 356/1458 [00:18<00:48, 22.90it/s]
2026-07-24 18:56:18,124 - sflow.task.server_3 - INFO - 2:
2026-07-24 18:56:18,124 - sflow.task.server_3 - INFO - Loading weights:  28%|██▊       | 411/1458 [00:20<00:43, 24.08it/s]
2026-07-24 18:56:18,124 - sflow.task.server_3 - INFO - 5:
2026-07-24 18:56:18,124 - sflow.task.server_3 - INFO - Loading weights:  23%|██▎       | 342/1458 [00:18<01:07, 16.47it/s]
2026-07-24 18:56:18,124 - sflow.task.server_3 - INFO - 1:
2026-07-24 18:56:18,124 - sflow.task.server_3 - INFO - Loading weights:  27%|██▋       | 390/1458 [00:20<01:16, 13.95it/s]
2026-07-24 18:56:18,176 - sflow.task.server_3 - INFO - 0:
2026-07-24 18:56:18,176 - sflow.task.server_3 - INFO - Loading weights:  25%|██▌       | 366/1458 [00:20<01:32, 11.85it/s]
2026-07-24 18:56:18,176 - sflow.task.server_3 - INFO - 4:
2026-07-24 18:56:18,176 - sflow.task.server_3 - INFO - Loading weights:  25%|██▍       | 361/1458 [00:18<00:43, 24.96it/s]
2026-07-24 18:56:18,228 - sflow.task.server_3 - INFO - 5:
2026-07-24 18:56:18,228 - sflow.task.server_3 - INFO - Loading weights:  24%|██▍       | 349/1458 [00:18<00:54, 20.48it/s]
2026-07-24 18:56:18,228 - sflow.task.server_3 - INFO - 1:
2026-07-24 18:56:18,228 - sflow.task.server_3 - INFO - Loading weights:  27%|██▋       | 397/1458 [00:20<00:59, 17.75it/s]
2026-07-24 18:56:18,279 - sflow.task.server_3 - INFO - 0:
2026-07-24 18:56:18,279 - sflow.task.server_3 - INFO - Loading weights:  26%|██▌       | 373/1458 [00:20<01:09, 15.60it/s]
2026-07-24 18:56:18,279 - sflow.task.server_3 - INFO - 3:
2026-07-24 18:56:18,279 - sflow.task.server_3 - INFO - Loading weights:  28%|██▊       | 414/1458 [00:20<00:45, 22.75it/s]
2026-07-24 18:56:18,330 - sflow.task.server_3 - INFO - 5:
2026-07-24 18:56:18,330 - sflow.task.server_3 - INFO - Loading weights:  25%|██▍       | 358/1458 [00:18<00:40, 27.47it/s]
2026-07-24 18:56:18,330 - sflow.task.server_3 - INFO - 1:
2026-07-24 18:56:18,330 - sflow.task.server_3 - INFO - Loading weights:  28%|██▊       | 406/1458 [00:21<00:43, 24.12it/s]
2026-07-24 18:56:18,381 - sflow.task.server_3 - INFO - 0:
2026-07-24 18:56:18,381 - sflow.task.server_3 - INFO - Loading weights:  26%|██▌       | 380/1458 [00:21<00:53, 20.24it/s]
2026-07-24 18:56:18,381 - sflow.task.server_3 - INFO - 3:
2026-07-24 18:56:18,381 - sflow.task.server_3 - INFO - Loading weights:  29%|██▊       | 418/1458 [00:21<00:42, 24.70it/s]
2026-07-24 18:56:18,381 - sflow.task.server_3 - INFO - 2:
2026-07-24 18:56:18,381 - sflow.task.server_3 - INFO - Loading weights:  29%|██▊       | 417/1458 [00:21<00:44, 23.20it/s]
2026-07-24 18:56:18,432 - sflow.task.server_3 - INFO - 7:
2026-07-24 18:56:18,432 - sflow.task.server_3 - INFO - Loading weights:  23%|██▎       | 342/1458 [00:18<01:23, 13.30it/s]
2026-07-24 18:56:18,484 - sflow.task.server_3 - INFO - 3:
2026-07-24 18:56:18,484 - sflow.task.server_3 - INFO - Loading weights:  29%|██▉       | 430/1458 [00:21<00:25, 39.67it/s]
2026-07-24 18:56:18,484 - sflow.task.server_3 - INFO - 2:
2026-07-24 18:56:18,484 - sflow.task.server_3 - INFO - Loading weights:  29%|██▉       | 428/1458 [00:21<00:30, 33.34it/s]
2026-07-24 18:56:18,535 - sflow.task.server_3 - INFO - 0:
2026-07-24 18:56:18,535 - sflow.task.server_3 - INFO - Loading weights:  27%|██▋       | 387/1458 [00:21<00:44, 24.29it/s]
2026-07-24 18:56:18,535 - sflow.task.server_3 - INFO - 7:
2026-07-24 18:56:18,535 - sflow.task.server_3 - INFO - Loading weights:  24%|██▍       | 349/1458 [00:18<01:05, 17.02it/s]
2026-07-24 18:56:18,587 - sflow.task.server_3 - INFO - 3:
2026-07-24 18:56:18,587 - sflow.task.server_3 - INFO - Loading weights:  30%|██▉       | 436/1458 [00:21<00:23, 43.50it/s]
2026-07-24 18:56:18,638 - sflow.task.server_3 - INFO - 2:
2026-07-24 18:56:18,638 - sflow.task.server_3 - INFO - Loading weights:  30%|██▉       | 435/1458 [00:21<00:26, 38.36it/s]
2026-07-24 18:56:18,638 - sflow.task.server_3 - INFO - 7:
2026-07-24 18:56:18,638 - sflow.task.server_3 - INFO - Loading weights:  25%|██▍       | 358/1458 [00:19<00:47, 23.38it/s]
2026-07-24 18:56:18,943 - sflow.task.server_3 - INFO - 6:
2026-07-24 18:56:18,943 - sflow.task.server_3 - INFO - Loading weights:  23%|██▎       | 342/1458 [00:19<01:16, 14.68it/s]
2026-07-24 18:56:18,996 - sflow.task.server_3 - INFO - 2:
2026-07-24 18:56:18,996 - sflow.task.server_3 - INFO - Loading weights:  30%|███       | 442/1458 [00:21<00:34, 29.61it/s]
2026-07-24 18:56:19,047 - sflow.task.server_3 - INFO - 6:
2026-07-24 18:56:19,047 - sflow.task.server_3 - INFO - Loading weights:  24%|██▍       | 349/1458 [00:19<00:59, 18.51it/s]
2026-07-24 18:56:19,097 - sflow.task.server_3 - INFO - 2:
2026-07-24 18:56:19,097 - sflow.task.server_3 - INFO - Loading weights:  31%|███       | 452/1458 [00:21<00:25, 39.41it/s]
2026-07-24 18:56:19,148 - sflow.task.server_3 - INFO - 6:
2026-07-24 18:56:19,149 - sflow.task.server_3 - INFO - Loading weights:  25%|██▍       | 358/1458 [00:19<00:44, 24.84it/s]
2026-07-24 18:56:19,199 - sflow.task.server_3 - INFO - 4:
2026-07-24 18:56:19,200 - sflow.task.server_3 - INFO - Loading weights:  25%|██▌       | 366/1458 [00:19<01:28, 12.30it/s]
2026-07-24 18:56:19,200 - sflow.task.server_3 - INFO - 2:
2026-07-24 18:56:19,200 - sflow.task.server_3 - INFO - Loading weights:  31%|███▏      | 459/1458 [00:21<00:22, 44.15it/s]
2026-07-24 18:56:19,353 - sflow.task.server_3 - INFO - 4:
2026-07-24 18:56:19,353 - sflow.task.server_3 - INFO - Loading weights:  25%|██▌       | 370/1458 [00:19<01:17, 14.08it/s]
2026-07-24 18:56:19,403 - sflow.task.server_3 - INFO - 1:
2026-07-24 18:56:19,403 - sflow.task.server_3 - INFO - Loading weights:  28%|██▊       | 414/1458 [00:22<01:11, 14.52it/s]
2026-07-24 18:56:19,454 - sflow.task.server_3 - INFO - 2:
2026-07-24 18:56:19,454 - sflow.task.server_3 - INFO - Loading weights:  32%|███▏      | 466/1458 [00:22<00:26, 37.68it/s]
2026-07-24 18:56:19,505 - sflow.task.server_3 - INFO - 4:
2026-07-24 18:56:19,505 - sflow.task.server_3 - INFO - Loading weights:  26%|██▌       | 380/1458 [00:19<00:49, 21.94it/s]
2026-07-24 18:56:19,505 - sflow.task.server_3 - INFO - 5:
2026-07-24 18:56:19,505 - sflow.task.server_3 - INFO - Loading weights:  25%|██▌       | 366/1458 [00:19<01:15, 14.54it/s]
2026-07-24 18:56:19,505 - sflow.task.server_3 - INFO - 1:
2026-07-24 18:56:19,505 - sflow.task.server_3 - INFO - Loading weights:  29%|██▉       | 421/1458 [00:22<00:56, 18.34it/s]
2026-07-24 18:56:19,556 - sflow.task.server_3 - INFO - 2:
2026-07-24 18:56:19,556 - sflow.task.server_3 - INFO - Loading weights:  33%|███▎      | 476/1458 [00:22<00:20, 47.24it/s]
2026-07-24 18:56:19,607 - sflow.task.server_3 - INFO - 5:
2026-07-24 18:56:19,608 - sflow.task.server_3 - INFO - Loading weights:  25%|██▌       | 371/1458 [00:19<01:04, 16.98it/s]
2026-07-24 18:56:19,608 - sflow.task.server_3 - INFO - 4:
2026-07-24 18:56:19,608 - sflow.task.server_3 - INFO - Loading weights:  26%|██▋       | 385/1458 [00:20<00:44, 24.14it/s]
2026-07-24 18:56:19,608 - sflow.task.server_3 - INFO - 1:
2026-07-24 18:56:19,608 - sflow.task.server_3 - INFO - Loading weights:  29%|██▉       | 430/1458 [00:22<00:41, 24.85it/s]
2026-07-24 18:56:19,710 - sflow.task.server_3 - INFO - 5:
2026-07-24 18:56:19,710 - sflow.task.server_3 - INFO - Loading weights:  26%|██▌       | 380/1458 [00:20<00:45, 23.66it/s]
2026-07-24 18:56:19,761 - sflow.task.server_3 - INFO - 2:
2026-07-24 18:56:19,762 - sflow.task.server_3 - INFO - Loading weights:  33%|███▎      | 483/1458 [00:22<00:22, 42.81it/s]
2026-07-24 18:56:19,813 - sflow.task.server_3 - INFO - 3:
2026-07-24 18:56:19,813 - sflow.task.server_3 - INFO - Loading weights:  30%|███       | 442/1458 [00:22<01:11, 14.20it/s]
2026-07-24 18:56:19,813 - sflow.task.server_3 - INFO - 7:
2026-07-24 18:56:19,813 - sflow.task.server_3 - INFO - Loading weights:  25%|██▌       | 366/1458 [00:20<01:20, 13.60it/s]
2026-07-24 18:56:19,813 - sflow.task.server_3 - INFO - 0:
2026-07-24 18:56:19,813 - sflow.task.server_3 - INFO - Loading weights:  27%|██▋       | 392/1458 [00:22<01:37, 10.91it/s]
2026-07-24 18:56:19,813 - sflow.task.server_3 - INFO - 5:
2026-07-24 18:56:19,813 - sflow.task.server_3 - INFO - Loading weights:  27%|██▋       | 387/1458 [00:20<00:37, 28.51it/s]
2026-07-24 18:56:19,864 - sflow.task.server_3 - INFO - 4:
2026-07-24 18:56:19,864 - sflow.task.server_3 - INFO - Loading weights:  27%|██▋       | 390/1458 [00:20<00:47, 22.71it/s]
2026-07-24 18:56:19,915 - sflow.task.server_3 - INFO - 3:
2026-07-24 18:56:19,915 - sflow.task.server_3 - INFO - Loading weights:  31%|███       | 452/1458 [00:22<00:47, 21.23it/s]
2026-07-24 18:56:19,915 - sflow.task.server_3 - INFO - 7:
2026-07-24 18:56:19,915 - sflow.task.server_3 - INFO - Loading weights:  26%|██▌       | 373/1458 [00:20<01:02, 17.25it/s]
2026-07-24 18:56:19,966 - sflow.task.server_3 - INFO - 1:
2026-07-24 18:56:19,966 - sflow.task.server_3 - INFO - Loading weights:  30%|███       | 438/1458 [00:22<00:41, 24.60it/s]
2026-07-24 18:56:19,967 - sflow.task.server_3 - INFO - 0:
2026-07-24 18:56:19,967 - sflow.task.server_3 - INFO - Loading weights:  28%|██▊       | 404/1458 [00:22<00:59, 17.67it/s]
2026-07-24 18:56:20,018 - sflow.task.server_3 - INFO - 4:
2026-07-24 18:56:20,018 - sflow.task.server_3 - INFO - Loading weights:  27%|██▋       | 394/1458 [00:20<00:43, 24.56it/s]
2026-07-24 18:56:20,018 - sflow.task.server_3 - INFO - 3:
2026-07-24 18:56:20,018 - sflow.task.server_3 - INFO - Loading weights:  31%|███▏      | 459/1458 [00:22<00:37, 26.38it/s]
2026-07-24 18:56:20,018 - sflow.task.server_3 - INFO - 7:
2026-07-24 18:56:20,018 - sflow.task.server_3 - INFO - Loading weights:  26%|██▌       | 382/1458 [00:20<00:46, 23.36it/s]
2026-07-24 18:56:20,069 - sflow.task.server_3 - INFO - 1:
2026-07-24 18:56:20,069 - sflow.task.server_3 - INFO - Loading weights:  31%|███       | 445/1458 [00:22<00:34, 29.54it/s]
2026-07-24 18:56:20,069 - sflow.task.server_3 - INFO - 0:
2026-07-24 18:56:20,069 - sflow.task.server_3 - INFO - Loading weights:  28%|██▊       | 411/1458 [00:22<00:48, 21.79it/s]
2026-07-24 18:56:20,121 - sflow.task.server_3 - INFO - 5:
2026-07-24 18:56:20,121 - sflow.task.server_3 - INFO - Loading weights:  27%|██▋       | 393/1458 [00:20<00:40, 26.18it/s]
2026-07-24 18:56:20,121 - sflow.task.server_3 - INFO - 4:
2026-07-24 18:56:20,121 - sflow.task.server_3 - INFO - Loading weights:  28%|██▊       | 404/1458 [00:20<00:29, 35.92it/s]
2026-07-24 18:56:20,121 - sflow.task.server_3 - INFO - 6:
2026-07-24 18:56:20,121 - sflow.task.server_3 - INFO - Loading weights:  25%|██▌       | 366/1458 [00:20<01:10, 15.56it/s]
2026-07-24 18:56:20,223 - sflow.task.server_3 - INFO - 5:
2026-07-24 18:56:20,223 - sflow.task.server_3 - INFO - Loading weights:  28%|██▊       | 403/1458 [00:20<00:29, 36.07it/s]
2026-07-24 18:56:20,223 - sflow.task.server_3 - INFO - 1:
2026-07-24 18:56:20,223 - sflow.task.server_3 - INFO - Loading weights:  31%|███▏      | 457/1458 [00:22<00:25, 39.51it/s]
2026-07-24 18:56:20,274 - sflow.task.server_3 - INFO - 4:
2026-07-24 18:56:20,274 - sflow.task.server_3 - INFO - Loading weights:  28%|██▊       | 409/1458 [00:20<00:29, 35.63it/s]
2026-07-24 18:56:20,274 - sflow.task.server_3 - INFO - 6:
2026-07-24 18:56:20,274 - sflow.task.server_3 - INFO - Loading weights:  26%|██▌       | 373/1458 [00:20<00:55, 19.38it/s]
2026-07-24 18:56:20,325 - sflow.task.server_3 - INFO - 5:
2026-07-24 18:56:20,325 - sflow.task.server_3 - INFO - Loading weights:  28%|██▊       | 410/1458 [00:20<00:25, 40.89it/s]
2026-07-24 18:56:20,376 - sflow.task.server_3 - INFO - 6:
2026-07-24 18:56:20,376 - sflow.task.server_3 - INFO - Loading weights:  26%|██▌       | 382/1458 [00:20<00:41, 25.88it/s]
2026-07-24 18:56:20,428 - sflow.task.server_3 - INFO - 3:
2026-07-24 18:56:20,428 - sflow.task.server_3 - INFO - Loading weights:  32%|███▏      | 466/1458 [00:23<00:43, 22.82it/s]
2026-07-24 18:56:20,530 - sflow.task.server_3 - INFO - 3:
2026-07-24 18:56:20,530 - sflow.task.server_3 - INFO - Loading weights:  33%|███▎      | 478/1458 [00:23<00:28, 33.99it/s]
2026-07-24 18:56:20,530 - sflow.task.server_3 - INFO - 1:
2026-07-24 18:56:20,530 - sflow.task.server_3 - INFO - Loading weights:  32%|███▏      | 464/1458 [00:23<00:30, 32.72it/s]
2026-07-24 18:56:20,581 - sflow.task.server_3 - INFO - 4:
2026-07-24 18:56:20,581 - sflow.task.server_3 - INFO - Loading weights:  28%|██▊       | 414/1458 [00:20<00:39, 26.40it/s]
2026-07-24 18:56:20,683 - sflow.task.server_3 - INFO - 1:
2026-07-24 18:56:20,683 - sflow.task.server_3 - INFO - Loading weights:  33%|███▎      | 476/1458 [00:23<00:22, 43.88it/s]
2026-07-24 18:56:20,683 - sflow.task.server_3 - INFO - 6:
2026-07-24 18:56:20,683 - sflow.task.server_3 - INFO - Loading weights:  27%|██▋       | 390/1458 [00:21<00:41, 25.68it/s]
2026-07-24 18:56:20,683 - sflow.task.server_3 - INFO - 4:
2026-07-24 18:56:20,683 - sflow.task.server_3 - INFO - Loading weights:  29%|██▊       | 418/1458 [00:21<00:37, 27.95it/s]
2026-07-24 18:56:20,734 - sflow.task.server_3 - INFO - 2:
2026-07-24 18:56:20,734 - sflow.task.server_3 - INFO - Loading weights:  34%|███▎      | 489/1458 [00:23<00:54, 17.74it/s]
2026-07-24 18:56:20,786 - sflow.task.server_3 - INFO - 1:
2026-07-24 18:56:20,786 - sflow.task.server_3 - INFO - Loading weights:  33%|███▎      | 483/1458 [00:23<00:20, 48.14it/s]
2026-07-24 18:56:20,786 - sflow.task.server_3 - INFO - 6:
2026-07-24 18:56:20,786 - sflow.task.server_3 - INFO - Loading weights:  27%|██▋       | 397/1458 [00:21<00:34, 30.52it/s]
2026-07-24 18:56:20,837 - sflow.task.server_3 - INFO - 4:
2026-07-24 18:56:20,837 - sflow.task.server_3 - INFO - Loading weights:  29%|██▉       | 430/1458 [00:21<00:23, 43.43it/s]
2026-07-24 18:56:20,837 - sflow.task.server_3 - INFO - 2:
2026-07-24 18:56:20,837 - sflow.task.server_3 - INFO - Loading weights:  34%|███▍      | 499/1458 [00:23<00:38, 25.02it/s]
2026-07-24 18:56:20,888 - sflow.task.server_3 - INFO - 6:
2026-07-24 18:56:20,888 - sflow.task.server_3 - INFO - Loading weights:  28%|██▊       | 407/1458 [00:21<00:26, 40.22it/s]
2026-07-24 18:56:20,939 - sflow.task.server_3 - INFO - 7:
2026-07-24 18:56:20,939 - sflow.task.server_3 - INFO - Loading weights:  27%|██▋       | 390/1458 [00:21<01:07, 15.83it/s]
2026-07-24 18:56:21,040 - sflow.task.server_3 - INFO - 7:
2026-07-24 18:56:21,040 - sflow.task.server_3 - INFO - Loading weights:  27%|██▋       | 397/1458 [00:21<00:53, 19.79it/s]
2026-07-24 18:56:21,091 - sflow.task.server_3 - INFO - 2:
2026-07-24 18:56:21,091 - sflow.task.server_3 - INFO - Loading weights:  35%|███▍      | 505/1458 [00:23<00:37, 25.51it/s]
2026-07-24 18:56:21,091 - sflow.task.server_3 - INFO - 0:
2026-07-24 18:56:21,091 - sflow.task.server_3 - INFO - Loading weights:  29%|██▊       | 417/1458 [00:23<01:19, 13.05it/s]
2026-07-24 18:56:21,142 - sflow.task.server_3 - INFO - 7:
2026-07-24 18:56:21,142 - sflow.task.server_3 - INFO - Loading weights:  28%|██▊       | 406/1458 [00:21<00:39, 26.57it/s]
2026-07-24 18:56:21,193 - sflow.task.server_3 - INFO - 0:
2026-07-24 18:56:21,193 - sflow.task.server_3 - INFO - Loading weights:  29%|██▉       | 421/1458 [00:23<01:09, 14.86it/s]
2026-07-24 18:56:21,295 - sflow.task.server_3 - INFO - 5:
2026-07-24 18:56:21,295 - sflow.task.server_3 - INFO - Loading weights:  29%|██▊       | 417/1458 [00:21<00:59, 17.49it/s]
2026-07-24 18:56:21,346 - sflow.task.server_3 - INFO - 0:
2026-07-24 18:56:21,346 - sflow.task.server_3 - INFO - Loading weights:  29%|██▉       | 430/1458 [00:24<00:48, 21.23it/s]
2026-07-24 18:56:21,397 - sflow.task.server_3 - INFO - 5:
2026-07-24 18:56:21,397 - sflow.task.server_3 - INFO - Loading weights:  29%|██▉       | 427/1458 [00:21<00:41, 24.91it/s]
2026-07-24 18:56:21,549 - sflow.task.server_3 - INFO - 5:
2026-07-24 18:56:21,549 - sflow.task.server_3 - INFO - Loading weights:  30%|██▉       | 434/1458 [00:21<00:34, 29.53it/s]
2026-07-24 18:56:21,667 - sflow.task.server_3 - INFO - 3:
2026-07-24 18:56:21,667 - sflow.task.server_3 - INFO - Loading weights:  33%|███▎      | 486/1458 [00:24<00:58, 16.52it/s]
2026-07-24 18:56:21,667 - sflow.task.server_3 - INFO - 0:
2026-07-24 18:56:21,667 - sflow.task.server_3 - INFO - Loading weights:  30%|███       | 438/1458 [00:24<00:46, 21.93it/s]
2026-07-24 18:56:21,768 - sflow.task.server_3 - INFO - 3:
2026-07-24 18:56:21,768 - sflow.task.server_3 - INFO - Loading weights:  34%|███▍      | 493/1458 [00:24<00:47, 20.50it/s]
2026-07-24 18:56:21,819 - sflow.task.server_3 - INFO - 0:
2026-07-24 18:56:21,819 - sflow.task.server_3 - INFO - Loading weights:  30%|███       | 443/1458 [00:24<00:43, 23.50it/s]
2026-07-24 18:56:21,870 - sflow.task.server_3 - INFO - 3:
2026-07-24 18:56:21,870 - sflow.task.server_3 - INFO - Loading weights:  34%|███▍      | 502/1458 [00:24<00:35, 27.10it/s]
2026-07-24 18:56:21,921 - sflow.task.server_3 - INFO - 1:
2026-07-24 18:56:21,921 - sflow.task.server_3 - INFO - Loading weights:  34%|███▎      | 490/1458 [00:24<00:55, 17.49it/s]
2026-07-24 18:56:21,921 - sflow.task.server_3 - INFO - 4:
2026-07-24 18:56:21,921 - sflow.task.server_3 - INFO - Loading weights:  30%|███       | 438/1458 [00:22<01:00, 16.78it/s]
2026-07-24 18:56:21,972 - sflow.task.server_3 - INFO - 0:
2026-07-24 18:56:21,973 - sflow.task.server_3 - INFO - Loading weights:  31%|███       | 451/1458 [00:24<00:32, 30.54it/s]
2026-07-24 18:56:22,024 - sflow.task.server_3 - INFO - 6:
2026-07-24 18:56:22,024 - sflow.task.server_3 - INFO - Loading weights:  28%|██▊       | 414/1458 [00:22<01:02, 16.78it/s]
2026-07-24 18:56:22,024 - sflow.task.server_3 - INFO - 1:
2026-07-24 18:56:22,024 - sflow.task.server_3 - INFO - Loading weights:  34%|███▍      | 502/1458 [00:24<00:37, 25.79it/s]
2026-07-24 18:56:22,024 - sflow.task.server_3 - INFO - 4:
2026-07-24 18:56:22,024 - sflow.task.server_3 - INFO - Loading weights:  31%|███       | 445/1458 [00:22<00:47, 21.28it/s]
2026-07-24 18:56:22,075 - sflow.task.server_3 - INFO - 2:
2026-07-24 18:56:22,075 - sflow.task.server_3 - INFO - Loading weights:  35%|███▍      | 510/1458 [00:24<01:10, 13.50it/s]
2026-07-24 18:56:22,075 - sflow.task.server_3 - INFO - 0:
2026-07-24 18:56:22,075 - sflow.task.server_3 - INFO - Loading weights:  31%|███▏      | 457/1458 [00:24<00:30, 33.27it/s]
2026-07-24 18:56:22,127 - sflow.task.server_3 - INFO - 7:
2026-07-24 18:56:22,127 - sflow.task.server_3 - INFO - Loading weights:  28%|██▊       | 414/1458 [00:22<01:05, 16.04it/s]
2026-07-24 18:56:22,127 - sflow.task.server_3 - INFO - 6:
2026-07-24 18:56:22,127 - sflow.task.server_3 - INFO - Loading weights:  29%|██▉       | 421/1458 [00:22<00:49, 21.06it/s]
2026-07-24 18:56:22,127 - sflow.task.server_3 - INFO - 4:
2026-07-24 18:56:22,127 - sflow.task.server_3 - INFO - Loading weights:  31%|███       | 454/1458 [00:22<00:35, 28.53it/s]
2026-07-24 18:56:22,178 - sflow.task.server_3 - INFO - 2:
2026-07-24 18:56:22,178 - sflow.task.server_3 - INFO - Loading weights:  35%|███▌      | 514/1458 [00:24<01:00, 15.48it/s]
2026-07-24 18:56:22,230 - sflow.task.server_3 - INFO - 6:
2026-07-24 18:56:22,230 - sflow.task.server_3 - INFO - Loading weights:  29%|██▉       | 430/1458 [00:22<00:36, 28.26it/s]
2026-07-24 18:56:22,230 - sflow.task.server_3 - INFO - 7:
2026-07-24 18:56:22,230 - sflow.task.server_3 - INFO - Loading weights:  29%|██▉       | 421/1458 [00:22<00:51, 20.12it/s]
2026-07-24 18:56:22,281 - sflow.task.server_3 - INFO - 2:
2026-07-24 18:56:22,281 - sflow.task.server_3 - INFO - Loading weights:  36%|███▌      | 524/1458 [00:24<00:40, 23.07it/s]
2026-07-24 18:56:22,332 - sflow.task.server_3 - INFO - 7:
2026-07-24 18:56:22,332 - sflow.task.server_3 - INFO - Loading weights:  30%|██▉       | 431/1458 [00:22<00:36, 28.02it/s]
2026-07-24 18:56:22,383 - sflow.task.server_3 - INFO - 0:
2026-07-24 18:56:22,383 - sflow.task.server_3 - INFO - Loading weights:  32%|███▏      | 462/1458 [00:25<00:35, 27.67it/s]
2026-07-24 18:56:22,435 - sflow.task.server_3 - INFO - 5:
2026-07-24 18:56:22,435 - sflow.task.server_3 - INFO - Loading weights:  30%|███       | 441/1458 [00:22<01:01, 16.46it/s]
2026-07-24 18:56:22,486 - sflow.task.server_3 - INFO - 2:
2026-07-24 18:56:22,486 - sflow.task.server_3 - INFO - Loading weights:  36%|███▋      | 529/1458 [00:25<00:37, 24.55it/s]
2026-07-24 18:56:22,486 - sflow.task.server_3 - INFO - 0:
2026-07-24 18:56:22,486 - sflow.task.server_3 - INFO - Loading weights:  32%|███▏      | 466/1458 [00:25<00:33, 29.58it/s]
2026-07-24 18:56:22,486 - sflow.task.server_3 - INFO - 6:
2026-07-24 18:56:22,486 - sflow.task.server_3 - INFO - Loading weights:  30%|███       | 438/1458 [00:22<00:35, 28.49it/s]
2026-07-24 18:56:22,537 - sflow.task.server_3 - INFO - 5:
2026-07-24 18:56:22,537 - sflow.task.server_3 - INFO - Loading weights:  31%|███       | 452/1458 [00:22<00:41, 24.16it/s]
2026-07-24 18:56:22,588 - sflow.task.server_3 - INFO - 0:
2026-07-24 18:56:22,588 - sflow.task.server_3 - INFO - Loading weights:  33%|███▎      | 476/1458 [00:25<00:23, 41.94it/s]
2026-07-24 18:56:22,588 - sflow.task.server_3 - INFO - 7:
2026-07-24 18:56:22,588 - sflow.task.server_3 - INFO - Loading weights:  30%|███       | 438/1458 [00:23<00:37, 27.22it/s]
2026-07-24 18:56:22,588 - sflow.task.server_3 - INFO - 6:
2026-07-24 18:56:22,588 - sflow.task.server_3 - INFO - Loading weights:  31%|███       | 445/1458 [00:23<00:30, 33.56it/s]
2026-07-24 18:56:22,639 - sflow.task.server_3 - INFO - 5:
2026-07-24 18:56:22,639 - sflow.task.server_3 - INFO - Loading weights:  31%|███▏      | 459/1458 [00:23<00:34, 28.90it/s]
2026-07-24 18:56:22,690 - sflow.task.server_3 - INFO - 0:
2026-07-24 18:56:22,690 - sflow.task.server_3 - INFO - Loading weights:  33%|███▎      | 483/1458 [00:25<00:20, 46.67it/s]
2026-07-24 18:56:22,690 - sflow.task.server_3 - INFO - 7:
2026-07-24 18:56:22,690 - sflow.task.server_3 - INFO - Loading weights:  31%|███       | 445/1458 [00:23<00:31, 32.20it/s]
2026-07-24 18:56:22,741 - sflow.task.server_3 - INFO - 6:
2026-07-24 18:56:22,741 - sflow.task.server_3 - INFO - Loading weights:  31%|███▏      | 457/1458 [00:23<00:22, 43.99it/s]
2026-07-24 18:56:22,741 - sflow.task.server_3 - INFO - 3:
2026-07-24 18:56:22,741 - sflow.task.server_3 - INFO - Loading weights:  35%|███▍      | 510/1458 [00:25<00:55, 16.95it/s]
2026-07-24 18:56:22,793 - sflow.task.server_3 - INFO - 7:
2026-07-24 18:56:22,793 - sflow.task.server_3 - INFO - Loading weights:  31%|███       | 455/1458 [00:23<00:23, 42.32it/s]
2026-07-24 18:56:22,844 - sflow.task.server_3 - INFO - 3:
2026-07-24 18:56:22,844 - sflow.task.server_3 - INFO - Loading weights:  35%|███▌      | 517/1458 [00:25<00:44, 21.12it/s]
2026-07-24 18:56:22,997 - sflow.task.server_3 - INFO - 3:
2026-07-24 18:56:22,997 - sflow.task.server_3 - INFO - Loading weights:  36%|███▋      | 529/1458 [00:25<00:31, 29.79it/s]
2026-07-24 18:56:23,099 - sflow.task.server_3 - INFO - 1:
2026-07-24 18:56:23,099 - sflow.task.server_3 - INFO - Loading weights:  35%|███▍      | 510/1458 [00:25<01:01, 15.33it/s]
2026-07-24 18:56:23,253 - sflow.task.server_3 - INFO - 1:
2026-07-24 18:56:23,253 - sflow.task.server_3 - INFO - Loading weights:  35%|███▌      | 517/1458 [00:25<00:50, 18.82it/s]
2026-07-24 18:56:23,253 - sflow.task.server_3 - INFO - 4:
2026-07-24 18:56:23,253 - sflow.task.server_3 - INFO - Loading weights:  32%|███▏      | 462/1458 [00:23<01:06, 14.93it/s]
2026-07-24 18:56:23,355 - sflow.task.server_3 - INFO - 1:
2026-07-24 18:56:23,355 - sflow.task.server_3 - INFO - Loading weights:  36%|███▌      | 526/1458 [00:26<00:37, 24.78it/s]
2026-07-24 18:56:23,406 - sflow.task.server_3 - INFO - 4:
2026-07-24 18:56:23,406 - sflow.task.server_3 - INFO - Loading weights:  32%|███▏      | 469/1458 [00:23<00:52, 18.81it/s]
2026-07-24 18:56:23,458 - sflow.task.server_3 - INFO - 2:
2026-07-24 18:56:23,458 - sflow.task.server_3 - INFO - Loading weights:  37%|███▋      | 534/1458 [00:26<01:14, 12.34it/s]
2026-07-24 18:56:23,510 - sflow.task.server_3 - INFO - 4:
2026-07-24 18:56:23,510 - sflow.task.server_3 - INFO - Loading weights:  33%|███▎      | 476/1458 [00:23<00:42, 23.22it/s]
2026-07-24 18:56:23,612 - sflow.task.server_3 - INFO - 2:
2026-07-24 18:56:23,613 - sflow.task.server_3 - INFO - Loading weights:  37%|███▋      | 538/1458 [00:26<01:04, 14.35it/s]
2026-07-24 18:56:23,664 - sflow.task.server_3 - INFO - 5:
2026-07-24 18:56:23,664 - sflow.task.server_3 - INFO - Loading weights:  32%|███▏      | 466/1458 [00:24<01:03, 15.68it/s]
2026-07-24 18:56:23,664 - sflow.task.server_3 - INFO - 4:
2026-07-24 18:56:23,664 - sflow.task.server_3 - INFO - Loading weights:  33%|███▎      | 482/1458 [00:24<00:38, 25.36it/s]
2026-07-24 18:56:23,715 - sflow.task.server_3 - INFO - 2:
2026-07-24 18:56:23,715 - sflow.task.server_3 - INFO - Loading weights:  38%|███▊      | 548/1458 [00:26<00:40, 22.32it/s]
2026-07-24 18:56:23,767 - sflow.task.server_3 - INFO - 6:
2026-07-24 18:56:23,767 - sflow.task.server_3 - INFO - Loading weights:  32%|███▏      | 464/1458 [00:24<00:52, 18.83it/s]
2026-07-24 18:56:23,767 - sflow.task.server_3 - INFO - 5:
2026-07-24 18:56:23,767 - sflow.task.server_3 - INFO - Loading weights:  33%|███▎      | 476/1458 [00:24<00:43, 22.33it/s]
2026-07-24 18:56:23,869 - sflow.task.server_3 - INFO - 0:
2026-07-24 18:56:23,869 - sflow.task.server_3 - INFO - Loading weights:  34%|███▎      | 489/1458 [00:26<01:06, 14.49it/s]
2026-07-24 18:56:23,870 - sflow.task.server_3 - INFO - 5:
2026-07-24 18:56:23,870 - sflow.task.server_3 - INFO - Loading weights:  33%|███▎      | 483/1458 [00:24<00:36, 26.85it/s]
2026-07-24 18:56:23,870 - sflow.task.server_3 - INFO - 6:
2026-07-24 18:56:23,870 - sflow.task.server_3 - INFO - Loading weights:  33%|███▎      | 476/1458 [00:24<00:36, 27.03it/s]
2026-07-24 18:56:23,921 - sflow.task.server_3 - INFO - 2:
2026-07-24 18:56:23,921 - sflow.task.server_3 - INFO - Loading weights:  38%|███▊      | 553/1458 [00:26<00:38, 23.61it/s]
2026-07-24 18:56:23,921 - sflow.task.server_3 - INFO - 7:
2026-07-24 18:56:23,921 - sflow.task.server_3 - INFO - Loading weights:  32%|███▏      | 462/1458 [00:24<00:58, 17.12it/s]
2026-07-24 18:56:23,972 - sflow.task.server_3 - INFO - 3:
2026-07-24 18:56:23,972 - sflow.task.server_3 - INFO - Loading weights:  37%|███▋      | 536/1458 [00:26<00:54, 17.03it/s]
2026-07-24 18:56:24,024 - sflow.task.server_3 - INFO - 6:
2026-07-24 18:56:24,024 - sflow.task.server_3 - INFO - Loading weights:  33%|███▎      | 483/1458 [00:24<00:31, 31.15it/s]
2026-07-24 18:56:24,024 - sflow.task.server_3 - INFO - 7:
2026-07-24 18:56:24,024 - sflow.task.server_3 - INFO - Loading weights:  32%|███▏      | 469/1458 [00:24<00:46, 21.42it/s]
2026-07-24 18:56:24,076 - sflow.task.server_3 - INFO - 3:
2026-07-24 18:56:24,076 - sflow.task.server_3 - INFO - Loading weights:  38%|███▊      | 548/1458 [00:26<00:36, 25.13it/s]
2026-07-24 18:56:24,076 - sflow.task.server_3 - INFO - 0:
2026-07-24 18:56:24,076 - sflow.task.server_3 - INFO - Loading weights:  34%|███▍      | 494/1458 [00:26<00:59, 16.16it/s]
2026-07-24 18:56:24,128 - sflow.task.server_3 - INFO - 7:
2026-07-24 18:56:24,128 - sflow.task.server_3 - INFO - Loading weights:  33%|███▎      | 479/1458 [00:24<00:33, 29.66it/s]
2026-07-24 18:56:24,180 - sflow.task.server_3 - INFO - 3:
2026-07-24 18:56:24,180 - sflow.task.server_3 - INFO - Loading weights:  38%|███▊      | 555/1458 [00:26<00:30, 29.55it/s]
2026-07-24 18:56:24,231 - sflow.task.server_3 - INFO - 0:
2026-07-24 18:56:24,231 - sflow.task.server_3 - INFO - Loading weights:  34%|███▍      | 500/1458 [00:26<00:48, 19.60it/s]
2026-07-24 18:56:24,334 - sflow.task.server_3 - INFO - 0:
2026-07-24 18:56:24,334 - sflow.task.server_3 - INFO - Loading weights:  35%|███▍      | 505/1458 [00:27<00:42, 22.42it/s]
2026-07-24 18:56:24,436 - sflow.task.server_3 - INFO - 1:
2026-07-24 18:56:24,436 - sflow.task.server_3 - INFO - Loading weights:  37%|███▋      | 534/1458 [00:27<01:01, 14.93it/s]
2026-07-24 18:56:24,538 - sflow.task.server_3 - INFO - 1:
2026-07-24 18:56:24,538 - sflow.task.server_3 - INFO - Loading weights:  37%|███▋      | 539/1458 [00:27<00:53, 17.32it/s]
2026-07-24 18:56:24,640 - sflow.task.server_3 - INFO - 1:
2026-07-24 18:56:24,640 - sflow.task.server_3 - INFO - Loading weights:  38%|███▊      | 548/1458 [00:27<00:38, 23.83it/s]
2026-07-24 18:56:24,640 - sflow.task.server_3 - INFO - 4:
2026-07-24 18:56:24,640 - sflow.task.server_3 - INFO - Loading weights:  33%|███▎      | 487/1458 [00:25<01:13, 13.19it/s]
2026-07-24 18:56:24,742 - sflow.task.server_3 - INFO - 1:
2026-07-24 18:56:24,742 - sflow.task.server_3 - INFO - Loading weights:  38%|███▊      | 555/1458 [00:27<00:31, 28.74it/s]
2026-07-24 18:56:24,793 - sflow.task.server_3 - INFO - 4:
2026-07-24 18:56:24,793 - sflow.task.server_3 - INFO - Loading weights:  34%|███▎      | 491/1458 [00:25<01:04, 15.03it/s]
2026-07-24 18:56:24,896 - sflow.task.server_3 - INFO - 4:
2026-07-24 18:56:24,896 - sflow.task.server_3 - INFO - Loading weights:  34%|███▍      | 500/1458 [00:25<00:43, 21.94it/s]
2026-07-24 18:56:25,049 - sflow.task.server_3 - INFO - 2:
2026-07-24 18:56:25,049 - sflow.task.server_3 - INFO - Loading weights:  38%|███▊      | 558/1458 [00:27<01:21, 11.06it/s]
2026-07-24 18:56:25,049 - sflow.task.server_3 - INFO - 5:
2026-07-24 18:56:25,049 - sflow.task.server_3 - INFO - Loading weights:  34%|███▎      | 490/1458 [00:25<01:11, 13.62it/s]
2026-07-24 18:56:25,049 - sflow.task.server_3 - INFO - 4:
2026-07-24 18:56:25,049 - sflow.task.server_3 - INFO - Loading weights:  35%|███▍      | 505/1458 [00:25<00:40, 23.67it/s]
2026-07-24 18:56:25,151 - sflow.task.server_3 - INFO - 2:
2026-07-24 18:56:25,151 - sflow.task.server_3 - INFO - Loading weights:  39%|███▊      | 562/1458 [00:27<01:08, 13.03it/s]
2026-07-24 18:56:25,203 - sflow.task.server_3 - INFO - 5:
2026-07-24 18:56:25,203 - sflow.task.server_3 - INFO - Loading weights:  34%|███▍      | 502/1458 [00:25<00:46, 20.73it/s]
2026-07-24 18:56:25,254 - sflow.task.server_3 - INFO - 6:
2026-07-24 18:56:25,254 - sflow.task.server_3 - INFO - Loading weights:  34%|███▎      | 490/1458 [00:25<01:07, 14.42it/s]
2026-07-24 18:56:25,305 - sflow.task.server_3 - INFO - 2:
2026-07-24 18:56:25,305 - sflow.task.server_3 - INFO - Loading weights:  39%|███▉      | 572/1458 [00:27<00:41, 21.18it/s]
2026-07-24 18:56:25,305 - sflow.task.server_3 - INFO - 7:
2026-07-24 18:56:25,305 - sflow.task.server_3 - INFO - Loading weights:  33%|███▎      | 486/1458 [00:25<01:07, 14.38it/s]
2026-07-24 18:56:25,356 - sflow.task.server_3 - INFO - 3:
2026-07-24 18:56:25,356 - sflow.task.server_3 - INFO - Loading weights:  39%|███▊      | 562/1458 [00:28<01:01, 14.54it/s]
2026-07-24 18:56:25,356 - sflow.task.server_3 - INFO - 6:
2026-07-24 18:56:25,356 - sflow.task.server_3 - INFO - Loading weights:  34%|███▍      | 502/1458 [00:25<00:44, 21.51it/s]
2026-07-24 18:56:25,407 - sflow.task.server_3 - INFO - 7:
2026-07-24 18:56:25,407 - sflow.task.server_3 - INFO - Loading weights:  34%|███▍      | 493/1458 [00:25<00:52, 18.22it/s]
2026-07-24 18:56:25,408 - sflow.task.server_3 - INFO - 2:
2026-07-24 18:56:25,408 - sflow.task.server_3 - INFO - Loading weights:  40%|███▉      | 577/1458 [00:28<00:38, 23.17it/s]
2026-07-24 18:56:25,459 - sflow.task.server_3 - INFO - 3:
2026-07-24 18:56:25,459 - sflow.task.server_3 - INFO - Loading weights:  39%|███▉      | 574/1458 [00:28<00:40, 21.82it/s]
2026-07-24 18:56:25,510 - sflow.task.server_3 - INFO - 7:
2026-07-24 18:56:25,510 - sflow.task.server_3 - INFO - Loading weights:  34%|███▍      | 503/1458 [00:25<00:37, 25.71it/s]
2026-07-24 18:56:25,560 - sflow.task.server_3 - INFO - 0:
2026-07-24 18:56:25,561 - sflow.task.server_3 - INFO - Loading weights:  35%|███▍      | 510/1458 [00:28<01:32, 10.24it/s]
2026-07-24 18:56:25,662 - sflow.task.server_3 - INFO - 0:
2026-07-24 18:56:25,662 - sflow.task.server_3 - INFO - Loading weights:  35%|███▌      | 513/1458 [00:28<01:21, 11.57it/s]
2026-07-24 18:56:25,713 - sflow.task.server_3 - INFO - 2:
2026-07-24 18:56:25,713 - sflow.task.server_3 - INFO - Loading weights:  40%|███▉      | 582/1458 [00:28<00:41, 21.34it/s]
2026-07-24 18:56:25,765 - sflow.task.server_3 - INFO - 0:
2026-07-24 18:56:25,765 - sflow.task.server_3 - INFO - Loading weights:  36%|███▌      | 518/1458 [00:28<01:02, 15.08it/s]
2026-07-24 18:56:25,817 - sflow.task.server_3 - INFO - 3:
2026-07-24 18:56:25,817 - sflow.task.server_3 - INFO - Loading weights:  40%|███▉      | 582/1458 [00:28<00:39, 22.06it/s]
2026-07-24 18:56:25,868 - sflow.task.server_3 - INFO - 2:
2026-07-24 18:56:25,868 - sflow.task.server_3 - INFO - Loading weights:  40%|████      | 586/1458 [00:28<00:37, 23.14it/s]
2026-07-24 18:56:25,919 - sflow.task.server_3 - INFO - 0:
2026-07-24 18:56:25,919 - sflow.task.server_3 - INFO - Loading weights:  36%|███▋      | 529/1458 [00:28<00:36, 25.44it/s]
2026-07-24 18:56:25,919 - sflow.task.server_3 - INFO - 1:
2026-07-24 18:56:25,919 - sflow.task.server_3 - INFO - Loading weights:  38%|███▊      | 561/1458 [00:28<01:07, 13.29it/s]
2026-07-24 18:56:25,919 - sflow.task.server_3 - INFO - 3:
2026-07-24 18:56:25,919 - sflow.task.server_3 - INFO - Loading weights:  40%|████      | 589/1458 [00:28<00:32, 26.57it/s]
2026-07-24 18:56:25,970 - sflow.task.server_3 - INFO - 2:
2026-07-24 18:56:25,971 - sflow.task.server_3 - INFO - Loading weights:  41%|████      | 596/1458 [00:28<00:25, 33.69it/s]
2026-07-24 18:56:26,022 - sflow.task.server_3 - INFO - 1:
2026-07-24 18:56:26,022 - sflow.task.server_3 - INFO - Loading weights:  39%|███▉      | 572/1458 [00:28<00:43, 20.33it/s]
2026-07-24 18:56:26,022 - sflow.task.server_3 - INFO - 3:
2026-07-24 18:56:26,022 - sflow.task.server_3 - INFO - Loading weights:  41%|████      | 598/1458 [00:28<00:25, 33.65it/s]
2026-07-24 18:56:26,124 - sflow.task.server_3 - INFO - 4:
2026-07-24 18:56:26,124 - sflow.task.server_3 - INFO - Loading weights:  35%|███▍      | 510/1458 [00:26<01:21, 11.62it/s]
2026-07-24 18:56:26,124 - sflow.task.server_3 - INFO - 2:
2026-07-24 18:56:26,124 - sflow.task.server_3 - INFO - Loading weights:  41%|████      | 601/1458 [00:28<00:25, 32.98it/s]
2026-07-24 18:56:26,124 - sflow.task.server_3 - INFO - 1:
2026-07-24 18:56:26,124 - sflow.task.server_3 - INFO - Loading weights:  40%|███▉      | 579/1458 [00:28<00:35, 24.75it/s]
2026-07-24 18:56:26,175 - sflow.task.server_3 - INFO - 3:
2026-07-24 18:56:26,175 - sflow.task.server_3 - INFO - Loading weights:  41%|████▏     | 605/1458 [00:28<00:22, 37.90it/s]
2026-07-24 18:56:26,277 - sflow.task.server_3 - INFO - 4:
2026-07-24 18:56:26,277 - sflow.task.server_3 - INFO - Loading weights:  35%|███▌      | 514/1458 [00:26<01:09, 13.61it/s]
2026-07-24 18:56:26,277 - sflow.task.server_3 - INFO - 5:
2026-07-24 18:56:26,277 - sflow.task.server_3 - INFO - Loading weights:  35%|███▍      | 510/1458 [00:26<01:08, 13.92it/s]
2026-07-24 18:56:26,379 - sflow.task.server_3 - INFO - 5:
2026-07-24 18:56:26,379 - sflow.task.server_3 - INFO - Loading weights:  35%|███▌      | 515/1458 [00:26<00:59, 15.97it/s]
2026-07-24 18:56:26,379 - sflow.task.server_3 - INFO - 4:
2026-07-24 18:56:26,379 - sflow.task.server_3 - INFO - Loading weights:  36%|███▌      | 524/1458 [00:26<00:43, 21.46it/s]
2026-07-24 18:56:26,481 - sflow.task.server_3 - INFO - 6:
2026-07-24 18:56:26,481 - sflow.task.server_3 - INFO - Loading weights:  35%|███▍      | 510/1458 [00:26<01:07, 14.05it/s]
2026-07-24 18:56:26,481 - sflow.task.server_3 - INFO - 1:
2026-07-24 18:56:26,481 - sflow.task.server_3 - INFO - Loading weights:  40%|████      | 586/1458 [00:29<00:37, 23.34it/s]
2026-07-24 18:56:26,482 - sflow.task.server_3 - INFO - 5:
2026-07-24 18:56:26,482 - sflow.task.server_3 - INFO - Loading weights:  36%|███▌      | 524/1458 [00:26<00:42, 21.78it/s]
2026-07-24 18:56:26,533 - sflow.task.server_3 - INFO - 4:
2026-07-24 18:56:26,533 - sflow.task.server_3 - INFO - Loading weights:  36%|███▋      | 529/1458 [00:26<00:39, 23.44it/s]
2026-07-24 18:56:26,584 - sflow.task.server_3 - INFO - 6:
2026-07-24 18:56:26,584 - sflow.task.server_3 - INFO - Loading weights:  35%|███▌      | 517/1458 [00:26<00:53, 17.51it/s]
2026-07-24 18:56:26,584 - sflow.task.server_3 - INFO - 1:
2026-07-24 18:56:26,584 - sflow.task.server_3 - INFO - Loading weights:  41%|████      | 596/1458 [00:29<00:27, 31.85it/s]
2026-07-24 18:56:26,584 - sflow.task.server_3 - INFO - 7:
2026-07-24 18:56:26,584 - sflow.task.server_3 - INFO - Loading weights:  35%|███▍      | 510/1458 [00:27<01:05, 14.37it/s]
2026-07-24 18:56:26,635 - sflow.task.server_3 - INFO - 5:
2026-07-24 18:56:26,635 - sflow.task.server_3 - INFO - Loading weights:  36%|███▋      | 531/1458 [00:27<00:34, 26.61it/s]
2026-07-24 18:56:26,686 - sflow.task.server_3 - INFO - 1:
2026-07-24 18:56:26,687 - sflow.task.server_3 - INFO - Loading weights:  41%|████▏     | 603/1458 [00:29<00:23, 37.03it/s]
2026-07-24 18:56:26,738 - sflow.task.server_3 - INFO - 7:
2026-07-24 18:56:26,738 - sflow.task.server_3 - INFO - Loading weights:  35%|███▌      | 517/1458 [00:27<00:51, 18.18it/s]
2026-07-24 18:56:26,738 - sflow.task.server_3 - INFO - 6:
2026-07-24 18:56:26,738 - sflow.task.server_3 - INFO - Loading weights:  36%|███▋      | 529/1458 [00:27<00:37, 24.89it/s]
2026-07-24 18:56:26,839 - sflow.task.server_3 - INFO - 0:
2026-07-24 18:56:26,839 - sflow.task.server_3 - INFO - Loading weights:  37%|███▋      | 534/1458 [00:29<01:08, 13.42it/s]
2026-07-24 18:56:26,839 - sflow.task.server_3 - INFO - 3:
2026-07-24 18:56:26,839 - sflow.task.server_3 - INFO - Loading weights:  42%|████▏     | 612/1458 [00:29<00:38, 21.93it/s]
2026-07-24 18:56:26,839 - sflow.task.server_3 - INFO - 7:
2026-07-24 18:56:26,839 - sflow.task.server_3 - INFO - Loading weights:  36%|███▌      | 526/1458 [00:27<00:38, 24.28it/s]
2026-07-24 18:56:26,941 - sflow.task.server_3 - INFO - 7:
2026-07-24 18:56:26,941 - sflow.task.server_3 - INFO - Loading weights:  36%|███▋      | 532/1458 [00:27<00:32, 28.22it/s]
2026-07-24 18:56:26,941 - sflow.task.server_3 - INFO - 3:
2026-07-24 18:56:26,941 - sflow.task.server_3 - INFO - Loading weights:  43%|████▎     | 622/1458 [00:29<00:28, 29.77it/s]
2026-07-24 18:56:26,992 - sflow.task.server_3 - INFO - 2:
2026-07-24 18:56:26,993 - sflow.task.server_3 - INFO - Loading weights:  42%|████▏     | 606/1458 [00:29<00:56, 15.17it/s]
2026-07-24 18:56:26,993 - sflow.task.server_3 - INFO - 0:
2026-07-24 18:56:26,993 - sflow.task.server_3 - INFO - Loading weights:  37%|███▋      | 538/1458 [00:29<01:02, 14.66it/s]
2026-07-24 18:56:27,094 - sflow.task.server_3 - INFO - 2:
2026-07-24 18:56:27,094 - sflow.task.server_3 - INFO - Loading weights:  42%|████▏     | 613/1458 [00:29<00:41, 20.58it/s]
2026-07-24 18:56:27,146 - sflow.task.server_3 - INFO - 0:
2026-07-24 18:56:27,146 - sflow.task.server_3 - INFO - Loading weights:  38%|███▊      | 548/1458 [00:29<00:40, 22.73it/s]
2026-07-24 18:56:27,198 - sflow.task.server_3 - INFO - 2:
2026-07-24 18:56:27,199 - sflow.task.server_3 - INFO - Loading weights:  43%|████▎     | 622/1458 [00:29<00:28, 28.95it/s]
2026-07-24 18:56:27,250 - sflow.task.server_3 - INFO - 0:
2026-07-24 18:56:27,250 - sflow.task.server_3 - INFO - Loading weights:  38%|███▊      | 553/1458 [00:29<00:36, 24.84it/s]
2026-07-24 18:56:27,301 - sflow.task.server_3 - INFO - 7:
2026-07-24 18:56:27,301 - sflow.task.server_3 - INFO - Loading weights:  37%|███▋      | 538/1458 [00:27<00:37, 24.79it/s]
2026-07-24 18:56:27,403 - sflow.task.server_3 - INFO - 7:
2026-07-24 18:56:27,403 - sflow.task.server_3 - INFO - Loading weights:  38%|███▊      | 548/1458 [00:27<00:27, 33.32it/s]
2026-07-24 18:56:27,557 - sflow.task.server_3 - INFO - 7:
2026-07-24 18:56:27,557 - sflow.task.server_3 - INFO - Loading weights:  38%|███▊      | 554/1458 [00:27<00:26, 33.69it/s]
2026-07-24 18:56:27,608 - sflow.task.server_3 - INFO - 6:
2026-07-24 18:56:27,608 - sflow.task.server_3 - INFO - Loading weights:  37%|███▋      | 535/1458 [00:28<00:58, 15.84it/s]
2026-07-24 18:56:27,659 - sflow.task.server_3 - INFO - 2:
2026-07-24 18:56:27,659 - sflow.task.server_3 - INFO - Loading weights:  43%|████▎     | 630/1458 [00:30<00:34, 24.09it/s]
2026-07-24 18:56:27,659 - sflow.task.server_3 - INFO - 4:
2026-07-24 18:56:27,659 - sflow.task.server_3 - INFO - Loading weights:  37%|███▋      | 534/1458 [00:28<01:23, 11.09it/s]
2026-07-24 18:56:27,711 - sflow.task.server_3 - INFO - 6:
2026-07-24 18:56:27,711 - sflow.task.server_3 - INFO - Loading weights:  37%|███▋      | 541/1458 [00:28<00:48, 18.98it/s]
2026-07-24 18:56:27,711 - sflow.task.server_3 - INFO - 1:
2026-07-24 18:56:27,711 - sflow.task.server_3 - INFO - Loading weights:  42%|████▏     | 610/1458 [00:30<00:51, 16.58it/s]
2026-07-24 18:56:27,762 - sflow.task.server_3 - INFO - 2:
2026-07-24 18:56:27,762 - sflow.task.server_3 - INFO - Loading weights:  44%|████▎     | 637/1458 [00:30<00:27, 29.50it/s]
2026-07-24 18:56:27,762 - sflow.task.server_3 - INFO - 5:
2026-07-24 18:56:27,762 - sflow.task.server_3 - INFO - Loading weights:  37%|███▋      | 537/1458 [00:28<01:10, 13.08it/s]
2026-07-24 18:56:27,762 - sflow.task.server_3 - INFO - 4:
2026-07-24 18:56:27,762 - sflow.task.server_3 - INFO - Loading weights:  37%|███▋      | 541/1458 [00:28<00:59, 15.46it/s]
2026-07-24 18:56:27,814 - sflow.task.server_3 - INFO - 6:
2026-07-24 18:56:27,814 - sflow.task.server_3 - INFO - Loading weights:  38%|███▊      | 551/1458 [00:28<00:34, 26.67it/s]
2026-07-24 18:56:27,865 - sflow.task.server_3 - INFO - 1:
2026-07-24 18:56:27,865 - sflow.task.server_3 - INFO - Loading weights:  43%|████▎     | 622/1458 [00:30<00:33, 24.87it/s]
2026-07-24 18:56:27,865 - sflow.task.server_3 - INFO - 2:
2026-07-24 18:56:27,865 - sflow.task.server_3 - INFO - Loading weights:  44%|████▍     | 646/1458 [00:30<00:21, 37.77it/s]
2026-07-24 18:56:27,916 - sflow.task.server_3 - INFO - 4:
2026-07-24 18:56:27,916 - sflow.task.server_3 - INFO - Loading weights:  38%|███▊      | 548/1458 [00:28<00:44, 20.60it/s]
2026-07-24 18:56:27,916 - sflow.task.server_3 - INFO - 5:
2026-07-24 18:56:27,916 - sflow.task.server_3 - INFO - Loading weights:  38%|███▊      | 548/1458 [00:28<00:46, 19.65it/s]
2026-07-24 18:56:27,916 - sflow.task.server_3 - INFO - 3:
2026-07-24 18:56:27,916 - sflow.task.server_3 - INFO - Loading weights:  43%|████▎     | 630/1458 [00:30<00:49, 16.89it/s]
2026-07-24 18:56:28,018 - sflow.task.server_3 - INFO - 4:
2026-07-24 18:56:28,018 - sflow.task.server_3 - INFO - Loading weights:  38%|███▊      | 555/1458 [00:28<00:34, 25.94it/s]
2026-07-24 18:56:28,018 - sflow.task.server_3 - INFO - 5:
2026-07-24 18:56:28,018 - sflow.task.server_3 - INFO - Loading weights:  38%|███▊      | 555/1458 [00:28<00:37, 23.88it/s]
2026-07-24 18:56:28,018 - sflow.task.server_3 - INFO - 3:
2026-07-24 18:56:28,018 - sflow.task.server_3 - INFO - Loading weights:  44%|████▎     | 637/1458 [00:30<00:38, 21.12it/s]
2026-07-24 18:56:28,121 - sflow.task.server_3 - INFO - 3:
2026-07-24 18:56:28,121 - sflow.task.server_3 - INFO - Loading weights:  44%|████▍     | 646/1458 [00:30<00:28, 28.09it/s]
2026-07-24 18:56:28,172 - sflow.task.server_3 - INFO - 1:
2026-07-24 18:56:28,172 - sflow.task.server_3 - INFO - Loading weights:  43%|████▎     | 630/1458 [00:30<00:32, 25.14it/s]
2026-07-24 18:56:28,274 - sflow.task.server_3 - INFO - 0:
2026-07-24 18:56:28,274 - sflow.task.server_3 - INFO - Loading weights:  38%|███▊      | 558/1458 [00:30<01:12, 12.46it/s]
2026-07-24 18:56:28,274 - sflow.task.server_3 - INFO - 1:
2026-07-24 18:56:28,274 - sflow.task.server_3 - INFO - Loading weights:  44%|████▎     | 637/1458 [00:30<00:27, 29.77it/s]
2026-07-24 18:56:28,376 - sflow.task.server_3 - INFO - 0:
2026-07-24 18:56:28,376 - sflow.task.server_3 - INFO - Loading weights:  39%|███▊      | 562/1458 [00:31<01:00, 14.72it/s]
2026-07-24 18:56:28,427 - sflow.task.server_3 - INFO - 1:
2026-07-24 18:56:28,427 - sflow.task.server_3 - INFO - Loading weights:  45%|████▍     | 649/1458 [00:31<00:20, 39.41it/s]
2026-07-24 18:56:28,478 - sflow.task.server_3 - INFO - 0:
2026-07-24 18:56:28,478 - sflow.task.server_3 - INFO - Loading weights:  39%|███▉      | 572/1458 [00:31<00:38, 23.17it/s]
2026-07-24 18:56:28,530 - sflow.task.server_3 - INFO - 2:
2026-07-24 18:56:28,530 - sflow.task.server_3 - INFO - Loading weights:  45%|████▍     | 654/1458 [00:31<00:35, 22.72it/s]
2026-07-24 18:56:28,581 - sflow.task.server_3 - INFO - 7:
2026-07-24 18:56:28,581 - sflow.task.server_3 - INFO - Loading weights:  38%|███▊      | 559/1458 [00:28<01:01, 14.58it/s]
2026-07-24 18:56:28,631 - sflow.task.server_3 - INFO - 2:
2026-07-24 18:56:28,631 - sflow.task.server_3 - INFO - Loading weights:  45%|████▌     | 661/1458 [00:31<00:28, 27.83it/s]
2026-07-24 18:56:28,631 - sflow.task.server_3 - INFO - 0:
2026-07-24 18:56:28,631 - sflow.task.server_3 - INFO - Loading weights:  40%|███▉      | 577/1458 [00:31<00:35, 25.08it/s]
2026-07-24 18:56:28,733 - sflow.task.server_3 - INFO - 7:
2026-07-24 18:56:28,734 - sflow.task.server_3 - INFO - Loading weights:  39%|███▊      | 563/1458 [00:29<00:54, 16.47it/s]
2026-07-24 18:56:28,734 - sflow.task.server_3 - INFO - 2:
2026-07-24 18:56:28,734 - sflow.task.server_3 - INFO - Loading weights:  46%|████▌     | 670/1458 [00:31<00:21, 36.14it/s]
2026-07-24 18:56:28,785 - sflow.task.server_3 - INFO - 3:
2026-07-24 18:56:28,785 - sflow.task.server_3 - INFO - Loading weights:  45%|████▍     | 654/1458 [00:31<00:39, 20.45it/s]
2026-07-24 18:56:28,836 - sflow.task.server_3 - INFO - 6:
2026-07-24 18:56:28,836 - sflow.task.server_3 - INFO - Loading weights:  38%|███▊      | 558/1458 [00:29<00:58, 15.33it/s]
2026-07-24 18:56:28,887 - sflow.task.server_3 - INFO - 7:
2026-07-24 18:56:28,887 - sflow.task.server_3 - INFO - Loading weights:  39%|███▉      | 572/1458 [00:29<00:39, 22.58it/s]
2026-07-24 18:56:28,887 - sflow.task.server_3 - INFO - 1:
2026-07-24 18:56:28,887 - sflow.task.server_3 - INFO - Loading weights:  45%|████▍     | 656/1458 [00:31<00:28, 28.13it/s]
2026-07-24 18:56:28,887 - sflow.task.server_3 - INFO - 3:
2026-07-24 18:56:28,887 - sflow.task.server_3 - INFO - Loading weights:  45%|████▌     | 661/1458 [00:31<00:31, 25.10it/s]
2026-07-24 18:56:28,938 - sflow.task.server_3 - INFO - 6:
2026-07-24 18:56:28,938 - sflow.task.server_3 - INFO - Loading weights:  39%|███▉      | 565/1458 [00:29<00:46, 19.37it/s]
2026-07-24 18:56:28,989 - sflow.task.server_3 - INFO - 2:
2026-07-24 18:56:28,989 - sflow.task.server_3 - INFO - Loading weights:  47%|████▋     | 678/1458 [00:31<00:22, 34.87it/s]
2026-07-24 18:56:28,989 - sflow.task.server_3 - INFO - 4:
2026-07-24 18:56:28,989 - sflow.task.server_3 - INFO - Loading weights:  38%|███▊      | 561/1458 [00:29<01:05, 13.63it/s]
2026-07-24 18:56:28,989 - sflow.task.server_3 - INFO - 3:
2026-07-24 18:56:28,989 - sflow.task.server_3 - INFO - Loading weights:  46%|████▌     | 670/1458 [00:31<00:24, 32.81it/s]
2026-07-24 18:56:28,989 - sflow.task.server_3 - INFO - 1:
2026-07-24 18:56:28,989 - sflow.task.server_3 - INFO - Loading weights:  46%|████▌     | 668/1458 [00:31<00:20, 38.55it/s]
2026-07-24 18:56:29,040 - sflow.task.server_3 - INFO - 5:
2026-07-24 18:56:29,040 - sflow.task.server_3 - INFO - Loading weights:  38%|███▊      | 561/1458 [00:29<01:04, 13.83it/s]
2026-07-24 18:56:29,040 - sflow.task.server_3 - INFO - 7:
2026-07-24 18:56:29,040 - sflow.task.server_3 - INFO - Loading weights:  40%|███▉      | 577/1458 [00:29<00:35, 24.49it/s]
2026-07-24 18:56:29,040 - sflow.task.server_3 - INFO - 6:
2026-07-24 18:56:29,040 - sflow.task.server_3 - INFO - Loading weights:  39%|███▉      | 574/1458 [00:29<00:33, 26.24it/s]
2026-07-24 18:56:29,092 - sflow.task.server_3 - INFO - 2:
2026-07-24 18:56:29,092 - sflow.task.server_3 - INFO - Loading weights:  47%|████▋     | 685/1458 [00:31<00:19, 39.95it/s]
2026-07-24 18:56:29,092 - sflow.task.server_3 - INFO - 4:
2026-07-24 18:56:29,092 - sflow.task.server_3 - INFO - Loading weights:  39%|███▉      | 572/1458 [00:29<00:41, 21.30it/s]
2026-07-24 18:56:29,143 - sflow.task.server_3 - INFO - 1:
2026-07-24 18:56:29,143 - sflow.task.server_3 - INFO - Loading weights:  46%|████▋     | 675/1458 [00:31<00:18, 42.68it/s]
2026-07-24 18:56:29,143 - sflow.task.server_3 - INFO - 5:
2026-07-24 18:56:29,143 - sflow.task.server_3 - INFO - Loading weights:  39%|███▉      | 572/1458 [00:29<00:43, 20.58it/s]
2026-07-24 18:56:29,194 - sflow.task.server_3 - INFO - 2:
2026-07-24 18:56:29,194 - sflow.task.server_3 - INFO - Loading weights:  48%|████▊     | 695/1458 [00:31<00:15, 50.74it/s]
2026-07-24 18:56:29,245 - sflow.task.server_3 - INFO - 3:
2026-07-24 18:56:29,245 - sflow.task.server_3 - INFO - Loading weights:  47%|████▋     | 678/1458 [00:31<00:23, 32.88it/s]
2026-07-24 18:56:29,245 - sflow.task.server_3 - INFO - 5:
2026-07-24 18:56:29,245 - sflow.task.server_3 - INFO - Loading weights:  40%|███▉      | 578/1458 [00:29<00:36, 24.20it/s]
2026-07-24 18:56:29,245 - sflow.task.server_3 - INFO - 4:
2026-07-24 18:56:29,245 - sflow.task.server_3 - INFO - Loading weights:  40%|███▉      | 579/1458 [00:29<00:34, 25.34it/s]
2026-07-24 18:56:29,347 - sflow.task.server_3 - INFO - 3:
2026-07-24 18:56:29,347 - sflow.task.server_3 - INFO - Loading weights:  47%|████▋     | 685/1458 [00:32<00:20, 38.17it/s]
2026-07-24 18:56:29,449 - sflow.task.server_3 - INFO - 1:
2026-07-24 18:56:29,449 - sflow.task.server_3 - INFO - Loading weights:  47%|████▋     | 682/1458 [00:32<00:22, 34.86it/s]
2026-07-24 18:56:29,449 - sflow.task.server_3 - INFO - 3:
2026-07-24 18:56:29,449 - sflow.task.server_3 - INFO - Loading weights:  48%|████▊     | 694/1458 [00:32<00:16, 45.80it/s]
2026-07-24 18:56:29,500 - sflow.task.server_3 - INFO - 0:
2026-07-24 18:56:29,500 - sflow.task.server_3 - INFO - Loading weights:  40%|███▉      | 582/1458 [00:32<01:05, 13.33it/s]
2026-07-24 18:56:29,552 - sflow.task.server_3 - INFO - 1:
2026-07-24 18:56:29,552 - sflow.task.server_3 - INFO - Loading weights:  48%|████▊     | 694/1458 [00:32<00:16, 46.91it/s]
2026-07-24 18:56:29,603 - sflow.task.server_3 - INFO - 2:
2026-07-24 18:56:29,603 - sflow.task.server_3 - INFO - Loading weights:  48%|████▊     | 702/1458 [00:32<00:22, 33.79it/s]
2026-07-24 18:56:29,655 - sflow.task.server_3 - INFO - 0:
2026-07-24 18:56:29,655 - sflow.task.server_3 - INFO - Loading weights:  40%|████      | 586/1458 [00:32<00:56, 15.47it/s]
2026-07-24 18:56:29,707 - sflow.task.server_3 - INFO - 2:
2026-07-24 18:56:29,707 - sflow.task.server_3 - INFO - Loading weights:  49%|████▊     | 709/1458 [00:32<00:19, 39.28it/s]
2026-07-24 18:56:29,759 - sflow.task.server_3 - INFO - 0:
2026-07-24 18:56:29,759 - sflow.task.server_3 - INFO - Loading weights:  40%|████      | 590/1458 [00:32<00:48, 18.00it/s]
2026-07-24 18:56:29,811 - sflow.task.server_3 - INFO - 2:
2026-07-24 18:56:29,811 - sflow.task.server_3 - INFO - Loading weights:  49%|████▉     | 718/1458 [00:32<00:15, 47.63it/s]
2026-07-24 18:56:29,811 - sflow.task.server_3 - INFO - 1:
2026-07-24 18:56:29,811 - sflow.task.server_3 - INFO - Loading weights:  48%|████▊     | 702/1458 [00:32<00:19, 39.73it/s]
2026-07-24 18:56:29,862 - sflow.task.server_3 - INFO - 0:
2026-07-24 18:56:29,862 - sflow.task.server_3 - INFO - Loading weights:  41%|████      | 598/1458 [00:32<00:33, 25.58it/s]
2026-07-24 18:56:29,913 - sflow.task.server_3 - INFO - 6:
2026-07-24 18:56:29,913 - sflow.task.server_3 - INFO - Loading weights:  40%|███▉      | 582/1458 [00:30<00:52, 16.80it/s]
2026-07-24 18:56:29,913 - sflow.task.server_3 - INFO - 1:
2026-07-24 18:56:29,913 - sflow.task.server_3 - INFO - Loading weights:  49%|████▊     | 709/1458 [00:32<00:17, 43.93it/s]
2026-07-24 18:56:29,965 - sflow.task.server_3 - INFO - 7:
2026-07-24 18:56:29,965 - sflow.task.server_3 - INFO - Loading weights:  40%|███▉      | 582/1458 [00:30<01:07, 13.00it/s]
2026-07-24 18:56:30,016 - sflow.task.server_3 - INFO - 6:
2026-07-24 18:56:30,016 - sflow.task.server_3 - INFO - Loading weights:  40%|████      | 587/1458 [00:30<00:45, 19.35it/s]
2026-07-24 18:56:30,016 - sflow.task.server_3 - INFO - 2:
2026-07-24 18:56:30,016 - sflow.task.server_3 - INFO - Loading weights:  50%|████▉     | 726/1458 [00:32<00:17, 42.34it/s]
2026-07-24 18:56:30,068 - sflow.task.server_3 - INFO - 7:
2026-07-24 18:56:30,068 - sflow.task.server_3 - INFO - Loading weights:  40%|████      | 589/1458 [00:30<00:48, 17.83it/s]
2026-07-24 18:56:30,068 - sflow.task.server_3 - INFO - 1:
2026-07-24 18:56:30,068 - sflow.task.server_3 - INFO - Loading weights:  49%|████▉     | 721/1458 [00:32<00:13, 52.97it/s]
2026-07-24 18:56:30,170 - sflow.task.server_3 - INFO - 2:
2026-07-24 18:56:30,170 - sflow.task.server_3 - INFO - Loading weights:  50%|█████     | 733/1458 [00:32<00:15, 46.59it/s]
2026-07-24 18:56:30,170 - sflow.task.server_3 - INFO - 6:
2026-07-24 18:56:30,170 - sflow.task.server_3 - INFO - Loading weights:  41%|████      | 596/1458 [00:30<00:33, 25.67it/s]
2026-07-24 18:56:30,170 - sflow.task.server_3 - INFO - 7:
2026-07-24 18:56:30,170 - sflow.task.server_3 - INFO - Loading weights:  41%|████      | 596/1458 [00:30<00:37, 23.04it/s]
2026-07-24 18:56:30,221 - sflow.task.server_3 - INFO - 4:
2026-07-24 18:56:30,221 - sflow.task.server_3 - INFO - Loading weights:  40%|████      | 585/1458 [00:30<01:01, 14.23it/s]
2026-07-24 18:56:30,221 - sflow.task.server_3 - INFO - 5:
2026-07-24 18:56:30,222 - sflow.task.server_3 - INFO - Loading weights:  40%|████      | 584/1458 [00:30<01:02, 13.95it/s]
2026-07-24 18:56:30,273 - sflow.task.server_3 - INFO - 3:
2026-07-24 18:56:30,273 - sflow.task.server_3 - INFO - Loading weights:  48%|████▊     | 702/1458 [00:32<00:33, 22.50it/s]
2026-07-24 18:56:30,273 - sflow.task.server_3 - INFO - 2:
2026-07-24 18:56:30,273 - sflow.task.server_3 - INFO - Loading weights:  51%|█████     | 742/1458 [00:32<00:13, 54.35it/s]
2026-07-24 18:56:30,325 - sflow.task.server_3 - INFO - 6:
2026-07-24 18:56:30,325 - sflow.task.server_3 - INFO - Loading weights:  41%|████▏     | 602/1458 [00:30<00:29, 28.71it/s]
2026-07-24 18:56:30,325 - sflow.task.server_3 - INFO - 7:
2026-07-24 18:56:30,325 - sflow.task.server_3 - INFO - Loading weights:  41%|████      | 601/1458 [00:30<00:33, 25.43it/s]
2026-07-24 18:56:30,325 - sflow.task.server_3 - INFO - 4:
2026-07-24 18:56:30,325 - sflow.task.server_3 - INFO - Loading weights:  41%|████      | 595/1458 [00:30<00:41, 20.85it/s]
2026-07-24 18:56:30,325 - sflow.task.server_3 - INFO - 5:
2026-07-24 18:56:30,325 - sflow.task.server_3 - INFO - Loading weights:  41%|████      | 595/1458 [00:30<00:40, 21.28it/s]
2026-07-24 18:56:30,325 - sflow.task.server_3 - INFO - 3:
2026-07-24 18:56:30,325 - sflow.task.server_3 - INFO - Loading weights:  48%|████▊     | 707/1458 [00:33<00:29, 25.40it/s]
2026-07-24 18:56:30,376 - sflow.task.server_3 - INFO - 1:
2026-07-24 18:56:30,376 - sflow.task.server_3 - INFO - Loading weights:  50%|████▉     | 728/1458 [00:33<00:17, 41.74it/s]
2026-07-24 18:56:30,427 - sflow.task.server_3 - INFO - 4:
2026-07-24 18:56:30,427 - sflow.task.server_3 - INFO - Loading weights:  41%|████      | 601/1458 [00:30<00:35, 24.20it/s]
2026-07-24 18:56:30,427 - sflow.task.server_3 - INFO - 5:
2026-07-24 18:56:30,427 - sflow.task.server_3 - INFO - Loading weights:  41%|████▏     | 602/1458 [00:30<00:33, 25.53it/s]
2026-07-24 18:56:30,479 - sflow.task.server_3 - INFO - 3:
2026-07-24 18:56:30,479 - sflow.task.server_3 - INFO - Loading weights:  49%|████▉     | 718/1458 [00:33<00:20, 35.44it/s]
2026-07-24 18:56:30,479 - sflow.task.server_3 - INFO - 1:
2026-07-24 18:56:30,479 - sflow.task.server_3 - INFO - Loading weights:  51%|█████     | 740/1458 [00:33<00:13, 53.82it/s]
2026-07-24 18:56:30,530 - sflow.task.server_3 - INFO - 2:
2026-07-24 18:56:30,530 - sflow.task.server_3 - INFO - Loading weights:  51%|█████▏    | 750/1458 [00:33<00:15, 45.29it/s]
2026-07-24 18:56:30,530 - sflow.task.server_3 - INFO - 0:
2026-07-24 18:56:30,530 - sflow.task.server_3 - INFO - Loading weights:  42%|████▏     | 606/1458 [00:33<00:47, 18.12it/s]
2026-07-24 18:56:30,633 - sflow.task.server_3 - INFO - 2:
2026-07-24 18:56:30,633 - sflow.task.server_3 - INFO - Loading weights:  52%|█████▏    | 757/1458 [00:33<00:14, 49.57it/s]
2026-07-24 18:56:30,633 - sflow.task.server_3 - INFO - 0:
2026-07-24 18:56:30,633 - sflow.task.server_3 - INFO - Loading weights:  42%|████▏     | 610/1458 [00:33<00:42, 20.13it/s]
2026-07-24 18:56:30,684 - sflow.task.server_3 - INFO - 3:
2026-07-24 18:56:30,684 - sflow.task.server_3 - INFO - Loading weights:  50%|████▉     | 726/1458 [00:33<00:20, 35.01it/s]
2026-07-24 18:56:30,735 - sflow.task.server_3 - INFO - 2:
2026-07-24 18:56:30,735 - sflow.task.server_3 - INFO - Loading weights:  53%|█████▎    | 769/1458 [00:33<00:11, 59.22it/s]
2026-07-24 18:56:30,787 - sflow.task.server_3 - INFO - 0:
2026-07-24 18:56:30,787 - sflow.task.server_3 - INFO - Loading weights:  42%|████▏     | 619/1458 [00:33<00:29, 28.39it/s]
2026-07-24 18:56:30,787 - sflow.task.server_3 - INFO - 1:
2026-07-24 18:56:30,787 - sflow.task.server_3 - INFO - Loading weights:  51%|█████▏    | 750/1458 [00:33<00:15, 45.28it/s]
2026-07-24 18:56:30,787 - sflow.task.server_3 - INFO - 3:
2026-07-24 18:56:30,787 - sflow.task.server_3 - INFO - Loading weights:  50%|█████     | 733/1458 [00:33<00:17, 40.29it/s]
2026-07-24 18:56:30,889 - sflow.task.server_3 - INFO - 1:
2026-07-24 18:56:30,889 - sflow.task.server_3 - INFO - Loading weights:  52%|█████▏    | 757/1458 [00:33<00:14, 48.90it/s]
2026-07-24 18:56:30,889 - sflow.task.server_3 - INFO - 0:
2026-07-24 18:56:30,889 - sflow.task.server_3 - INFO - Loading weights:  43%|████▎     | 625/1458 [00:33<00:25, 32.33it/s]
2026-07-24 18:56:30,889 - sflow.task.server_3 - INFO - 3:
2026-07-24 18:56:30,889 - sflow.task.server_3 - INFO - Loading weights:  51%|█████     | 742/1458 [00:33<00:14, 49.02it/s]
2026-07-24 18:56:30,991 - sflow.task.server_3 - INFO - 1:
2026-07-24 18:56:30,991 - sflow.task.server_3 - INFO - Loading weights:  53%|█████▎    | 767/1458 [00:33<00:11, 58.57it/s]
2026-07-24 18:56:30,991 - sflow.task.server_3 - INFO - 2:
2026-07-24 18:56:30,991 - sflow.task.server_3 - INFO - Loading weights:  53%|█████▎    | 776/1458 [00:33<00:14, 46.13it/s]
2026-07-24 18:56:31,144 - sflow.task.server_3 - INFO - 2:
2026-07-24 18:56:31,144 - sflow.task.server_3 - INFO - Loading weights:  54%|█████▍    | 788/1458 [00:33<00:11, 58.58it/s]
2026-07-24 18:56:31,145 - sflow.task.server_3 - INFO - 7:
2026-07-24 18:56:31,145 - sflow.task.server_3 - INFO - Loading weights:  42%|████▏     | 606/1458 [00:31<01:01, 13.89it/s]
2026-07-24 18:56:31,145 - sflow.task.server_3 - INFO - 3:
2026-07-24 18:56:31,145 - sflow.task.server_3 - INFO - Loading weights:  51%|█████▏    | 750/1458 [00:33<00:16, 43.02it/s]
2026-07-24 18:56:31,195 - sflow.task.server_3 - INFO - 0:
2026-07-24 18:56:31,196 - sflow.task.server_3 - INFO - Loading weights:  43%|████▎     | 630/1458 [00:33<00:30, 26.87it/s]
2026-07-24 18:56:31,196 - sflow.task.server_3 - INFO - 6:
2026-07-24 18:56:31,196 - sflow.task.server_3 - INFO - Loading weights:  42%|████▏     | 607/1458 [00:31<00:58, 14.54it/s]
2026-07-24 18:56:31,247 - sflow.task.server_3 - INFO - 7:
2026-07-24 18:56:31,247 - sflow.task.server_3 - INFO - Loading weights:  42%|████▏     | 610/1458 [00:31<00:52, 16.11it/s]
2026-07-24 18:56:31,247 - sflow.task.server_3 - INFO - 3:
2026-07-24 18:56:31,247 - sflow.task.server_3 - INFO - Loading weights:  52%|█████▏    | 757/1458 [00:33<00:14, 47.86it/s]
2026-07-24 18:56:31,297 - sflow.task.server_3 - INFO - 0:
2026-07-24 18:56:31,297 - sflow.task.server_3 - INFO - Loading weights:  43%|████▎     | 634/1458 [00:33<00:29, 28.19it/s]
2026-07-24 18:56:31,298 - sflow.task.server_3 - INFO - 1:
2026-07-24 18:56:31,298 - sflow.task.server_3 - INFO - Loading weights:  53%|█████▎    | 775/1458 [00:33<00:15, 42.88it/s]
2026-07-24 18:56:31,348 - sflow.task.server_3 - INFO - 6:
2026-07-24 18:56:31,348 - sflow.task.server_3 - INFO - Loading weights:  42%|████▏     | 613/1458 [00:31<00:45, 18.41it/s]
2026-07-24 18:56:31,348 - sflow.task.server_3 - INFO - 4:
2026-07-24 18:56:31,348 - sflow.task.server_3 - INFO - Loading weights:  42%|████▏     | 607/1458 [00:31<00:58, 14.56it/s]
2026-07-24 18:56:31,348 - sflow.task.server_3 - INFO - 3:
2026-07-24 18:56:31,348 - sflow.task.server_3 - INFO - Loading weights:  53%|█████▎    | 766/1458 [00:34<00:12, 55.82it/s]
2026-07-24 18:56:31,349 - sflow.task.server_3 - INFO - 7:
2026-07-24 18:56:31,349 - sflow.task.server_3 - INFO - Loading weights:  43%|████▎     | 622/1458 [00:31<00:30, 27.64it/s]
2026-07-24 18:56:31,400 - sflow.task.server_3 - INFO - 0:
2026-07-24 18:56:31,400 - sflow.task.server_3 - INFO - Loading weights:  44%|████▍     | 644/1458 [00:34<00:19, 40.85it/s]
2026-07-24 18:56:31,400 - sflow.task.server_3 - INFO - 1:
2026-07-24 18:56:31,400 - sflow.task.server_3 - INFO - Loading weights:  54%|█████▎    | 781/1458 [00:34<00:15, 45.06it/s]
2026-07-24 18:56:31,451 - sflow.task.server_3 - INFO - 6:
2026-07-24 18:56:31,451 - sflow.task.server_3 - INFO - Loading weights:  43%|████▎     | 623/1458 [00:31<00:30, 27.33it/s]
2026-07-24 18:56:31,451 - sflow.task.server_3 - INFO - 5:
2026-07-24 18:56:31,451 - sflow.task.server_3 - INFO - Loading weights:  42%|████▏     | 608/1458 [00:31<00:59, 14.37it/s]
2026-07-24 18:56:31,451 - sflow.task.server_3 - INFO - 4:
2026-07-24 18:56:31,451 - sflow.task.server_3 - INFO - Loading weights:  42%|████▏     | 613/1458 [00:31<00:46, 18.20it/s]
2026-07-24 18:56:31,504 - sflow.task.server_3 - INFO - 0:
2026-07-24 18:56:31,504 - sflow.task.server_3 - INFO - Loading weights:  45%|████▍     | 650/1458 [00:34<00:18, 44.50it/s]
2026-07-24 18:56:31,504 - sflow.task.server_3 - INFO - 1:
2026-07-24 18:56:31,504 - sflow.task.server_3 - INFO - Loading weights:  54%|█████▍    | 791/1458 [00:34<00:12, 55.32it/s]
2026-07-24 18:56:31,555 - sflow.task.server_3 - INFO - 4:
2026-07-24 18:56:31,555 - sflow.task.server_3 - INFO - Loading weights:  43%|████▎     | 622/1458 [00:31<00:32, 25.39it/s]
2026-07-24 18:56:31,555 - sflow.task.server_3 - INFO - 5:
2026-07-24 18:56:31,555 - sflow.task.server_3 - INFO - Loading weights:  43%|████▎     | 620/1458 [00:31<00:37, 22.11it/s]
2026-07-24 18:56:31,606 - sflow.task.server_3 - INFO - 3:
2026-07-24 18:56:31,607 - sflow.task.server_3 - INFO - Loading weights:  53%|█████▎    | 774/1458 [00:34<00:14, 46.30it/s]
2026-07-24 18:56:31,607 - sflow.task.server_3 - INFO - 7:
2026-07-24 18:56:31,607 - sflow.task.server_3 - INFO - Loading weights:  43%|████▎     | 630/1458 [00:32<00:28, 28.59it/s]
2026-07-24 18:56:31,659 - sflow.task.server_3 - INFO - 5:
2026-07-24 18:56:31,659 - sflow.task.server_3 - INFO - Loading weights:  43%|████▎     | 627/1458 [00:32<00:31, 26.59it/s]
2026-07-24 18:56:31,710 - sflow.task.server_3 - INFO - 6:
2026-07-24 18:56:31,710 - sflow.task.server_3 - INFO - Loading weights:  43%|████▎     | 630/1458 [00:32<00:30, 26.98it/s]
2026-07-24 18:56:31,710 - sflow.task.server_3 - INFO - 3:
2026-07-24 18:56:31,710 - sflow.task.server_3 - INFO - Loading weights:  54%|█████▎    | 781/1458 [00:34<00:13, 50.49it/s]
2026-07-24 18:56:31,710 - sflow.task.server_3 - INFO - 7:
2026-07-24 18:56:31,710 - sflow.task.server_3 - INFO - Loading weights:  44%|████▎     | 637/1458 [00:32<00:24, 34.12it/s]
2026-07-24 18:56:31,812 - sflow.task.server_3 - INFO - 6:
2026-07-24 18:56:31,812 - sflow.task.server_3 - INFO - Loading weights:  44%|████▎     | 637/1458 [00:32<00:25, 32.38it/s]
2026-07-24 18:56:31,812 - sflow.task.server_3 - INFO - 3:
2026-07-24 18:56:31,813 - sflow.task.server_3 - INFO - Loading weights:  54%|█████▍    | 790/1458 [00:34<00:11, 57.96it/s]
2026-07-24 18:56:31,813 - sflow.task.server_3 - INFO - 7:
2026-07-24 18:56:31,813 - sflow.task.server_3 - INFO - Loading weights:  44%|████▍     | 646/1458 [00:32<00:18, 42.81it/s]
2026-07-24 18:56:31,915 - sflow.task.server_3 - INFO - 6:
2026-07-24 18:56:31,915 - sflow.task.server_3 - INFO - Loading weights:  44%|████▍     | 644/1458 [00:32<00:21, 38.04it/s]
2026-07-24 18:56:31,915 - sflow.task.server_3 - INFO - 0:
2026-07-24 18:56:31,915 - sflow.task.server_3 - INFO - Loading weights:  45%|████▍     | 656/1458 [00:34<00:28, 27.83it/s]
2026-07-24 18:56:31,966 - sflow.task.server_3 - INFO - 1:
2026-07-24 18:56:31,966 - sflow.task.server_3 - INFO - Loading weights:  55%|█████▍    | 798/1458 [00:34<00:19, 34.20it/s]
2026-07-24 18:56:31,966 - sflow.task.server_3 - INFO - 2:
2026-07-24 18:56:31,966 - sflow.task.server_3 - INFO - Loading weights:  55%|█████▍    | 798/1458 [00:34<00:25, 26.13it/s]
2026-07-24 18:56:32,017 - sflow.task.server_3 - INFO - 6:
2026-07-24 18:56:32,017 - sflow.task.server_3 - INFO - Loading weights:  45%|████▍     | 651/1458 [00:32<00:18, 42.66it/s]
2026-07-24 18:56:32,067 - sflow.task.server_3 - INFO - 0:
2026-07-24 18:56:32,068 - sflow.task.server_3 - INFO - Loading weights:  46%|████▌     | 667/1458 [00:34<00:20, 39.18it/s]
2026-07-24 18:56:32,068 - sflow.task.server_3 - INFO - 1:
2026-07-24 18:56:32,068 - sflow.task.server_3 - INFO - Loading weights:  55%|█████▌    | 805/1458 [00:34<00:16, 39.41it/s]
2026-07-24 18:56:32,068 - sflow.task.server_3 - INFO - 2:
2026-07-24 18:56:32,068 - sflow.task.server_3 - INFO - Loading weights:  55%|█████▌    | 805/1458 [00:34<00:21, 30.55it/s]
2026-07-24 18:56:32,118 - sflow.task.server_3 - INFO - 7:
2026-07-24 18:56:32,118 - sflow.task.server_3 - INFO - Loading weights:  45%|████▍     | 654/1458 [00:32<00:21, 36.63it/s]
2026-07-24 18:56:32,169 - sflow.task.server_3 - INFO - 1:
2026-07-24 18:56:32,169 - sflow.task.server_3 - INFO - Loading weights:  56%|█████▌    | 815/1458 [00:34<00:12, 50.12it/s]
2026-07-24 18:56:32,169 - sflow.task.server_3 - INFO - 0:
2026-07-24 18:56:32,169 - sflow.task.server_3 - INFO - Loading weights:  46%|████▌     | 673/1458 [00:34<00:19, 40.47it/s]
2026-07-24 18:56:32,220 - sflow.task.server_3 - INFO - 2:
2026-07-24 18:56:32,220 - sflow.task.server_3 - INFO - Loading weights:  56%|█████▌    | 817/1458 [00:34<00:16, 39.54it/s]
2026-07-24 18:56:32,220 - sflow.task.server_3 - INFO - 7:
2026-07-24 18:56:32,220 - sflow.task.server_3 - INFO - Loading weights:  45%|████▌     | 661/1458 [00:32<00:19, 41.48it/s]
2026-07-24 18:56:32,322 - sflow.task.server_3 - INFO - 7:
2026-07-24 18:56:32,322 - sflow.task.server_3 - INFO - Loading weights:  46%|████▌     | 671/1458 [00:32<00:15, 52.20it/s]
2026-07-24 18:56:32,423 - sflow.task.server_3 - INFO - 4:
2026-07-24 18:56:32,423 - sflow.task.server_3 - INFO - Loading weights:  43%|████▎     | 630/1458 [00:32<00:50, 16.26it/s]
2026-07-24 18:56:32,474 - sflow.task.server_3 - INFO - 0:
2026-07-24 18:56:32,474 - sflow.task.server_3 - INFO - Loading weights:  47%|████▋     | 679/1458 [00:35<00:23, 32.88it/s]
2026-07-24 18:56:32,474 - sflow.task.server_3 - INFO - 1:
2026-07-24 18:56:32,474 - sflow.task.server_3 - INFO - Loading weights:  56%|█████▋    | 822/1458 [00:35<00:16, 38.22it/s]
2026-07-24 18:56:32,474 - sflow.task.server_3 - INFO - 5:
2026-07-24 18:56:32,474 - sflow.task.server_3 - INFO - Loading weights:  43%|████▎     | 634/1458 [00:32<00:48, 16.88it/s]
2026-07-24 18:56:32,474 - sflow.task.server_3 - INFO - 2:
2026-07-24 18:56:32,474 - sflow.task.server_3 - INFO - Loading weights:  57%|█████▋    | 824/1458 [00:35<00:17, 35.37it/s]
2026-07-24 18:56:32,526 - sflow.task.server_3 - INFO - 4:
2026-07-24 18:56:32,526 - sflow.task.server_3 - INFO - Loading weights:  44%|████▎     | 637/1458 [00:32<00:39, 20.56it/s]
2026-07-24 18:56:32,577 - sflow.task.server_3 - INFO - 0:
2026-07-24 18:56:32,577 - sflow.task.server_3 - INFO - Loading weights:  47%|████▋     | 684/1458 [00:35<00:21, 35.70it/s]
2026-07-24 18:56:32,577 - sflow.task.server_3 - INFO - 1:
2026-07-24 18:56:32,577 - sflow.task.server_3 - INFO - Loading weights:  57%|█████▋    | 829/1458 [00:35<00:14, 43.21it/s]
2026-07-24 18:56:32,627 - sflow.task.server_3 - INFO - 5:
2026-07-24 18:56:32,627 - sflow.task.server_3 - INFO - Loading weights:  44%|████▍     | 644/1458 [00:32<00:34, 23.61it/s]
2026-07-24 18:56:32,627 - sflow.task.server_3 - INFO - 2:
2026-07-24 18:56:32,627 - sflow.task.server_3 - INFO - Loading weights:  57%|█████▋    | 836/1458 [00:35<00:13, 46.01it/s]
2026-07-24 18:56:32,678 - sflow.task.server_3 - INFO - 0:
2026-07-24 18:56:32,678 - sflow.task.server_3 - INFO - Loading weights:  47%|████▋     | 691/1458 [00:35<00:18, 41.94it/s]
2026-07-24 18:56:32,678 - sflow.task.server_3 - INFO - 4:
2026-07-24 18:56:32,678 - sflow.task.server_3 - INFO - Loading weights:  44%|████▍     | 646/1458 [00:33<00:30, 26.78it/s]
2026-07-24 18:56:32,678 - sflow.task.server_3 - INFO - 1:
2026-07-24 18:56:32,678 - sflow.task.server_3 - INFO - Loading weights:  57%|█████▋    | 838/1458 [00:35<00:12, 51.22it/s]
2026-07-24 18:56:32,729 - sflow.task.server_3 - INFO - 5:
2026-07-24 18:56:32,729 - sflow.task.server_3 - INFO - Loading weights:  45%|████▍     | 651/1458 [00:33<00:28, 28.08it/s]
2026-07-24 18:56:32,780 - sflow.task.server_3 - INFO - 3:
2026-07-24 18:56:32,780 - sflow.task.server_3 - INFO - Loading weights:  55%|█████▍    | 798/1458 [00:35<00:31, 21.21it/s]
2026-07-24 18:56:32,780 - sflow.task.server_3 - INFO - 0:
2026-07-24 18:56:32,780 - sflow.task.server_3 - INFO - Loading weights:  48%|████▊     | 697/1458 [00:35<00:17, 43.11it/s]
2026-07-24 18:56:32,883 - sflow.task.server_3 - INFO - 6:
2026-07-24 18:56:32,884 - sflow.task.server_3 - INFO - Loading weights:  45%|████▌     | 657/1458 [00:33<00:43, 18.40it/s]
2026-07-24 18:56:32,884 - sflow.task.server_3 - INFO - 3:
2026-07-24 18:56:32,884 - sflow.task.server_3 - INFO - Loading weights:  55%|█████▌    | 806/1458 [00:35<00:24, 26.75it/s]
2026-07-24 18:56:32,884 - sflow.task.server_3 - INFO - 2:
2026-07-24 18:56:32,884 - sflow.task.server_3 - INFO - Loading weights:  58%|█████▊    | 846/1458 [00:35<00:14, 43.32it/s]
2026-07-24 18:56:32,987 - sflow.task.server_3 - INFO - 1:
2026-07-24 18:56:32,987 - sflow.task.server_3 - INFO - Loading weights:  58%|█████▊    | 846/1458 [00:35<00:14, 41.17it/s]
2026-07-24 18:56:32,987 - sflow.task.server_3 - INFO - 2:
2026-07-24 18:56:32,987 - sflow.task.server_3 - INFO - Loading weights:  59%|█████▊    | 853/1458 [00:35<00:12, 47.09it/s]
2026-07-24 18:56:32,987 - sflow.task.server_3 - INFO - 6:
2026-07-24 18:56:32,987 - sflow.task.server_3 - INFO - Loading weights:  46%|████▌     | 668/1458 [00:33<00:28, 27.38it/s]
2026-07-24 18:56:32,987 - sflow.task.server_3 - INFO - 3:
2026-07-24 18:56:32,987 - sflow.task.server_3 - INFO - Loading weights:  56%|█████▌    | 817/1458 [00:35<00:17, 35.70it/s]
2026-07-24 18:56:33,038 - sflow.task.server_3 - INFO - 0:
2026-07-24 18:56:33,038 - sflow.task.server_3 - INFO - Loading weights:  48%|████▊     | 703/1458 [00:35<00:21, 35.49it/s]
2026-07-24 18:56:33,090 - sflow.task.server_3 - INFO - 1:
2026-07-24 18:56:33,090 - sflow.task.server_3 - INFO - Loading weights:  59%|█████▊    | 853/1458 [00:35<00:13, 46.04it/s]
2026-07-24 18:56:33,090 - sflow.task.server_3 - INFO - 6:
2026-07-24 18:56:33,090 - sflow.task.server_3 - INFO - Loading weights:  46%|████▋     | 675/1458 [00:33<00:24, 32.45it/s]
2026-07-24 18:56:33,142 - sflow.task.server_3 - INFO - 2:
2026-07-24 18:56:33,142 - sflow.task.server_3 - INFO - Loading weights:  59%|█████▉    | 865/1458 [00:35<00:10, 55.97it/s]
2026-07-24 18:56:33,142 - sflow.task.server_3 - INFO - 0:
2026-07-24 18:56:33,142 - sflow.task.server_3 - INFO - Loading weights:  49%|████▊     | 709/1458 [00:35<00:19, 39.25it/s]
2026-07-24 18:56:33,194 - sflow.task.server_3 - INFO - 1:
2026-07-24 18:56:33,194 - sflow.task.server_3 - INFO - Loading weights:  59%|█████▉    | 862/1458 [00:35<00:10, 54.79it/s]
2026-07-24 18:56:33,245 - sflow.task.server_3 - INFO - 7:
2026-07-24 18:56:33,246 - sflow.task.server_3 - INFO - Loading weights:  47%|████▋     | 678/1458 [00:33<00:37, 20.57it/s]
2026-07-24 18:56:33,297 - sflow.task.server_3 - INFO - 0:
2026-07-24 18:56:33,297 - sflow.task.server_3 - INFO - Loading weights:  49%|████▉     | 718/1458 [00:35<00:15, 47.66it/s]
2026-07-24 18:56:33,297 - sflow.task.server_3 - INFO - 3:
2026-07-24 18:56:33,297 - sflow.task.server_3 - INFO - Loading weights:  57%|█████▋    | 824/1458 [00:35<00:19, 32.61it/s]
2026-07-24 18:56:33,350 - sflow.task.server_3 - INFO - 7:
2026-07-24 18:56:33,350 - sflow.task.server_3 - INFO - Loading weights:  47%|████▋     | 685/1458 [00:33<00:30, 25.22it/s]
2026-07-24 18:56:33,401 - sflow.task.server_3 - INFO - 2:
2026-07-24 18:56:33,401 - sflow.task.server_3 - INFO - Loading weights:  60%|█████▉    | 872/1458 [00:36<00:12, 45.42it/s]
2026-07-24 18:56:33,402 - sflow.task.server_3 - INFO - 3:
2026-07-24 18:56:33,402 - sflow.task.server_3 - INFO - Loading weights:  57%|█████▋    | 838/1458 [00:36<00:13, 46.35it/s]
2026-07-24 18:56:33,453 - sflow.task.server_3 - INFO - 1:
2026-07-24 18:56:33,453 - sflow.task.server_3 - INFO - Loading weights:  60%|█████▉    | 870/1458 [00:36<00:13, 43.79it/s]
2026-07-24 18:56:33,503 - sflow.task.server_3 - INFO - 2:
2026-07-24 18:56:33,503 - sflow.task.server_3 - INFO - Loading weights:  61%|██████    | 884/1458 [00:36<00:10, 56.34it/s]
2026-07-24 18:56:33,554 - sflow.task.server_3 - INFO - 7:
2026-07-24 18:56:33,554 - sflow.task.server_3 - INFO - Loading weights:  47%|████▋     | 692/1458 [00:33<00:27, 28.26it/s]
2026-07-24 18:56:33,554 - sflow.task.server_3 - INFO - 1:
2026-07-24 18:56:33,554 - sflow.task.server_3 - INFO - Loading weights:  60%|██████    | 877/1458 [00:36<00:12, 48.36it/s]
2026-07-24 18:56:33,554 - sflow.task.server_3 - INFO - 0:
2026-07-24 18:56:33,554 - sflow.task.server_3 - INFO - Loading weights:  50%|████▉     | 726/1458 [00:36<00:18, 39.19it/s]
2026-07-24 18:56:33,656 - sflow.task.server_3 - INFO - 2:
2026-07-24 18:56:33,656 - sflow.task.server_3 - INFO - Loading weights:  61%|██████    | 891/1458 [00:36<00:10, 55.72it/s]
2026-07-24 18:56:33,656 - sflow.task.server_3 - INFO - 1:
2026-07-24 18:56:33,656 - sflow.task.server_3 - INFO - Loading weights:  61%|██████    | 886/1458 [00:36<00:10, 56.52it/s]
2026-07-24 18:56:33,656 - sflow.task.server_3 - INFO - 0:
2026-07-24 18:56:33,656 - sflow.task.server_3 - INFO - Loading weights:  50%|█████     | 731/1458 [00:36<00:17, 40.75it/s]
2026-07-24 18:56:33,707 - sflow.task.server_3 - INFO - 7:
2026-07-24 18:56:33,707 - sflow.task.server_3 - INFO - Loading weights:  48%|████▊     | 697/1458 [00:34<00:26, 28.32it/s]
2026-07-24 18:56:33,758 - sflow.task.server_3 - INFO - 3:
2026-07-24 18:56:33,758 - sflow.task.server_3 - INFO - Loading weights:  58%|█████▊    | 846/1458 [00:36<00:16, 36.38it/s]
2026-07-24 18:56:33,758 - sflow.task.server_3 - INFO - 5:
2026-07-24 18:56:33,758 - sflow.task.server_3 - INFO - Loading weights:  45%|████▌     | 657/1458 [00:34<00:55, 14.38it/s]
2026-07-24 18:56:33,809 - sflow.task.server_3 - INFO - 4:
2026-07-24 18:56:33,809 - sflow.task.server_3 - INFO - Loading weights:  45%|████▍     | 654/1458 [00:34<00:54, 14.72it/s]
2026-07-24 18:56:33,809 - sflow.task.server_3 - INFO - 0:
2026-07-24 18:56:33,809 - sflow.task.server_3 - INFO - Loading weights:  51%|█████     | 740/1458 [00:36<00:14, 48.01it/s]
2026-07-24 18:56:33,860 - sflow.task.server_3 - INFO - 3:
2026-07-24 18:56:33,860 - sflow.task.server_3 - INFO - Loading weights:  59%|█████▊    | 853/1458 [00:36<00:14, 40.92it/s]
2026-07-24 18:56:33,910 - sflow.task.server_3 - INFO - 5:
2026-07-24 18:56:33,910 - sflow.task.server_3 - INFO - Loading weights:  46%|████▌     | 667/1458 [00:34<00:38, 20.79it/s]
2026-07-24 18:56:33,910 - sflow.task.server_3 - INFO - 4:
2026-07-24 18:56:33,910 - sflow.task.server_3 - INFO - Loading weights:  45%|████▌     | 661/1458 [00:34<00:42, 18.64it/s]
2026-07-24 18:56:33,910 - sflow.task.server_3 - INFO - 0:
2026-07-24 18:56:33,911 - sflow.task.server_3 - INFO - Loading weights:  51%|█████     | 747/1458 [00:36<00:14, 50.70it/s]
2026-07-24 18:56:33,961 - sflow.task.server_3 - INFO - 1:
2026-07-24 18:56:33,961 - sflow.task.server_3 - INFO - Loading weights:  61%|██████▏   | 894/1458 [00:36<00:13, 43.11it/s]
2026-07-24 18:56:33,961 - sflow.task.server_3 - INFO - 2:
2026-07-24 18:56:33,961 - sflow.task.server_3 - INFO - Loading weights:  62%|██████▏   | 898/1458 [00:36<00:14, 39.40it/s]
2026-07-24 18:56:34,012 - sflow.task.server_3 - INFO - 3:
2026-07-24 18:56:34,012 - sflow.task.server_3 - INFO - Loading weights:  59%|█████▉    | 865/1458 [00:36<00:11, 52.20it/s]
2026-07-24 18:56:34,012 - sflow.task.server_3 - INFO - 5:
2026-07-24 18:56:34,012 - sflow.task.server_3 - INFO - Loading weights:  46%|████▌     | 673/1458 [00:34<00:32, 24.47it/s]
2026-07-24 18:56:34,012 - sflow.task.server_3 - INFO - 4:
2026-07-24 18:56:34,013 - sflow.task.server_3 - INFO - Loading weights:  46%|████▌     | 670/1458 [00:34<00:31, 25.29it/s]
2026-07-24 18:56:34,063 - sflow.task.server_3 - INFO - 1:
2026-07-24 18:56:34,063 - sflow.task.server_3 - INFO - Loading weights:  62%|██████▏   | 901/1458 [00:36<00:11, 47.36it/s]
2026-07-24 18:56:34,064 - sflow.task.server_3 - INFO - 2:
2026-07-24 18:56:34,064 - sflow.task.server_3 - INFO - Loading weights:  62%|██████▏   | 910/1458 [00:36<00:10, 51.58it/s]
2026-07-24 18:56:34,166 - sflow.task.server_3 - INFO - 1:
2026-07-24 18:56:34,166 - sflow.task.server_3 - INFO - Loading weights:  62%|██████▏   | 911/1458 [00:36<00:09, 57.82it/s]
2026-07-24 18:56:34,166 - sflow.task.server_3 - INFO - 6:
2026-07-24 18:56:34,166 - sflow.task.server_3 - INFO - Loading weights:  47%|████▋     | 681/1458 [00:34<00:53, 14.63it/s]
2026-07-24 18:56:34,218 - sflow.task.server_3 - INFO - 0:
2026-07-24 18:56:34,218 - sflow.task.server_3 - INFO - Loading weights:  52%|█████▏    | 753/1458 [00:36<00:19, 36.18it/s]
2026-07-24 18:56:34,270 - sflow.task.server_3 - INFO - 3:
2026-07-24 18:56:34,271 - sflow.task.server_3 - INFO - Loading weights:  60%|█████▉    | 873/1458 [00:36<00:13, 43.91it/s]
2026-07-24 18:56:34,271 - sflow.task.server_3 - INFO - 6:
2026-07-24 18:56:34,271 - sflow.task.server_3 - INFO - Loading weights:  47%|████▋     | 691/1458 [00:34<00:35, 21.36it/s]
2026-07-24 18:56:34,322 - sflow.task.server_3 - INFO - 2:
2026-07-24 18:56:34,322 - sflow.task.server_3 - INFO - Loading weights:  63%|██████▎   | 918/1458 [00:36<00:12, 44.70it/s]
2026-07-24 18:56:34,322 - sflow.task.server_3 - INFO - 0:
2026-07-24 18:56:34,322 - sflow.task.server_3 - INFO - Loading weights:  52%|█████▏    | 758/1458 [00:36<00:19, 36.79it/s]
2026-07-24 18:56:34,373 - sflow.task.server_3 - INFO - 3:
2026-07-24 18:56:34,373 - sflow.task.server_3 - INFO - Loading weights:  61%|██████    | 886/1458 [00:37<00:10, 56.57it/s]
2026-07-24 18:56:34,425 - sflow.task.server_3 - INFO - 6:
2026-07-24 18:56:34,425 - sflow.task.server_3 - INFO - Loading weights:  48%|████▊     | 697/1458 [00:34<00:30, 24.96it/s]
2026-07-24 18:56:34,425 - sflow.task.server_3 - INFO - 1:
2026-07-24 18:56:34,425 - sflow.task.server_3 - INFO - Loading weights:  63%|██████▎   | 918/1458 [00:37<00:12, 42.89it/s]
2026-07-24 18:56:34,425 - sflow.task.server_3 - INFO - 2:
2026-07-24 18:56:34,425 - sflow.task.server_3 - INFO - Loading weights:  63%|██████▎   | 925/1458 [00:37<00:11, 48.42it/s]
2026-07-24 18:56:34,425 - sflow.task.server_3 - INFO - 0:
2026-07-24 18:56:34,425 - sflow.task.server_3 - INFO - Loading weights:  52%|█████▏    | 764/1458 [00:37<00:16, 41.22it/s]
2026-07-24 18:56:34,527 - sflow.task.server_3 - INFO - 1:
2026-07-24 18:56:34,527 - sflow.task.server_3 - INFO - Loading weights:  63%|██████▎   | 925/1458 [00:37<00:11, 47.28it/s]
2026-07-24 18:56:34,527 - sflow.task.server_3 - INFO - 2:
2026-07-24 18:56:34,527 - sflow.task.server_3 - INFO - Loading weights:  64%|██████▍   | 934/1458 [00:37<00:09, 55.82it/s]
2026-07-24 18:56:34,578 - sflow.task.server_3 - INFO - 7:
2026-07-24 18:56:34,578 - sflow.task.server_3 - INFO - Loading weights:  48%|████▊     | 702/1458 [00:35<00:52, 14.33it/s]
2026-07-24 18:56:34,630 - sflow.task.server_3 - INFO - 3:
2026-07-24 18:56:34,630 - sflow.task.server_3 - INFO - Loading weights:  61%|██████▏   | 894/1458 [00:37<00:12, 46.42it/s]
2026-07-24 18:56:34,681 - sflow.task.server_3 - INFO - 1:
2026-07-24 18:56:34,681 - sflow.task.server_3 - INFO - Loading weights:  64%|██████▍   | 937/1458 [00:37<00:09, 56.92it/s]
2026-07-24 18:56:34,733 - sflow.task.server_3 - INFO - 7:
2026-07-24 18:56:34,733 - sflow.task.server_3 - INFO - Loading weights:  48%|████▊     | 706/1458 [00:35<00:46, 16.33it/s]
2026-07-24 18:56:34,733 - sflow.task.server_3 - INFO - 3:
2026-07-24 18:56:34,733 - sflow.task.server_3 - INFO - Loading weights:  62%|██████▏   | 901/1458 [00:37<00:11, 50.12it/s]
2026-07-24 18:56:34,784 - sflow.task.server_3 - INFO - 4:
2026-07-24 18:56:34,784 - sflow.task.server_3 - INFO - Loading weights:  47%|████▋     | 678/1458 [00:35<00:44, 17.61it/s]
2026-07-24 18:56:34,784 - sflow.task.server_3 - INFO - 0:
2026-07-24 18:56:34,784 - sflow.task.server_3 - INFO - Loading weights:  53%|█████▎    | 774/1458 [00:37<00:19, 34.77it/s]
2026-07-24 18:56:34,784 - sflow.task.server_3 - INFO - 2:
2026-07-24 18:56:34,784 - sflow.task.server_3 - INFO - Loading weights:  65%|██████▍   | 942/1458 [00:37<00:11, 45.75it/s]
2026-07-24 18:56:34,835 - sflow.task.server_3 - INFO - 5:
2026-07-24 18:56:34,835 - sflow.task.server_3 - INFO - Loading weights:  47%|████▋     | 679/1458 [00:35<00:51, 15.09it/s]
2026-07-24 18:56:34,886 - sflow.task.server_3 - INFO - 3:
2026-07-24 18:56:34,886 - sflow.task.server_3 - INFO - Loading weights:  63%|██████▎   | 913/1458 [00:37<00:09, 59.67it/s]
2026-07-24 18:56:34,886 - sflow.task.server_3 - INFO - 4:
2026-07-24 18:56:34,886 - sflow.task.server_3 - INFO - Loading weights:  47%|████▋     | 685/1458 [00:35<00:35, 21.97it/s]
2026-07-24 18:56:34,886 - sflow.task.server_3 - INFO - 2:
2026-07-24 18:56:34,886 - sflow.task.server_3 - INFO - Loading weights:  65%|██████▌   | 949/1458 [00:37<00:10, 49.93it/s]
2026-07-24 18:56:34,886 - sflow.task.server_3 - INFO - 7:
2026-07-24 18:56:34,886 - sflow.task.server_3 - INFO - Loading weights:  49%|████▉     | 716/1458 [00:35<00:31, 23.59it/s]
2026-07-24 18:56:34,937 - sflow.task.server_3 - INFO - 0:
2026-07-24 18:56:34,937 - sflow.task.server_3 - INFO - Loading weights:  53%|█████▎    | 779/1458 [00:37<00:19, 35.14it/s]
2026-07-24 18:56:34,937 - sflow.task.server_3 - INFO - 5:
2026-07-24 18:56:34,937 - sflow.task.server_3 - INFO - Loading weights:  47%|████▋     | 685/1458 [00:35<00:41, 18.69it/s]
2026-07-24 18:56:34,989 - sflow.task.server_3 - INFO - 1:
2026-07-24 18:56:34,989 - sflow.task.server_3 - INFO - Loading weights:  65%|██████▍   | 944/1458 [00:37<00:11, 42.98it/s]
2026-07-24 18:56:34,989 - sflow.task.server_3 - INFO - 2:
2026-07-24 18:56:34,989 - sflow.task.server_3 - INFO - Loading weights:  66%|██████▌   | 956/1458 [00:37<00:09, 53.86it/s]
2026-07-24 18:56:34,989 - sflow.task.server_3 - INFO - 4:
2026-07-24 18:56:34,989 - sflow.task.server_3 - INFO - Loading weights:  48%|████▊     | 694/1458 [00:35<00:26, 28.65it/s]
2026-07-24 18:56:35,040 - sflow.task.server_3 - INFO - 7:
2026-07-24 18:56:35,040 - sflow.task.server_3 - INFO - Loading weights:  49%|████▉     | 721/1458 [00:35<00:28, 25.53it/s]
2026-07-24 18:56:35,040 - sflow.task.server_3 - INFO - 0:
2026-07-24 18:56:35,040 - sflow.task.server_3 - INFO - Loading weights:  54%|█████▍    | 788/1458 [00:37<00:15, 43.55it/s]
2026-07-24 18:56:35,092 - sflow.task.server_3 - INFO - 5:
2026-07-24 18:56:35,092 - sflow.task.server_3 - INFO - Loading weights:  48%|████▊     | 694/1458 [00:35<00:29, 25.54it/s]
2026-07-24 18:56:35,092 - sflow.task.server_3 - INFO - 1:
2026-07-24 18:56:35,092 - sflow.task.server_3 - INFO - Loading weights:  66%|██████▌   | 956/1458 [00:37<00:08, 55.86it/s]
2026-07-24 18:56:35,143 - sflow.task.server_3 - INFO - 3:
2026-07-24 18:56:35,143 - sflow.task.server_3 - INFO - Loading weights:  63%|██████▎   | 921/1458 [00:37<00:10, 48.85it/s]
2026-07-24 18:56:35,143 - sflow.task.server_3 - INFO - 0:
2026-07-24 18:56:35,143 - sflow.task.server_3 - INFO - Loading weights:  54%|█████▍    | 794/1458 [00:37<00:14, 46.46it/s]
2026-07-24 18:56:35,194 - sflow.task.server_3 - INFO - 2:
2026-07-24 18:56:35,194 - sflow.task.server_3 - INFO - Loading weights:  66%|██████▌   | 963/1458 [00:37<00:10, 48.73it/s]
2026-07-24 18:56:35,195 - sflow.task.server_3 - INFO - 1:
2026-07-24 18:56:35,195 - sflow.task.server_3 - INFO - Loading weights:  66%|██████▌   | 964/1458 [00:37<00:08, 59.57it/s]
2026-07-24 18:56:35,246 - sflow.task.server_3 - INFO - 3:
2026-07-24 18:56:35,246 - sflow.task.server_3 - INFO - Loading weights:  64%|██████▍   | 932/1458 [00:37<00:08, 58.52it/s]
2026-07-24 18:56:35,246 - sflow.task.server_3 - INFO - 6:
2026-07-24 18:56:35,246 - sflow.task.server_3 - INFO - Loading weights:  48%|████▊     | 703/1458 [00:35<00:50, 15.02it/s]
2026-07-24 18:56:35,348 - sflow.task.server_3 - INFO - 3:
2026-07-24 18:56:35,348 - sflow.task.server_3 - INFO - Loading weights:  64%|██████▍   | 939/1458 [00:38<00:08, 60.20it/s]
2026-07-24 18:56:35,348 - sflow.task.server_3 - INFO - 6:
2026-07-24 18:56:35,348 - sflow.task.server_3 - INFO - Loading weights:  49%|████▊     | 709/1458 [00:35<00:40, 18.69it/s]
2026-07-24 18:56:35,450 - sflow.task.server_3 - INFO - 2:
2026-07-24 18:56:35,450 - sflow.task.server_3 - INFO - Loading weights:  66%|██████▋   | 969/1458 [00:38<00:13, 37.51it/s]
2026-07-24 18:56:35,501 - sflow.task.server_3 - INFO - 1:
2026-07-24 18:56:35,501 - sflow.task.server_3 - INFO - Loading weights:  67%|██████▋   | 972/1458 [00:38<00:10, 44.90it/s]
2026-07-24 18:56:35,501 - sflow.task.server_3 - INFO - 0:
2026-07-24 18:56:35,501 - sflow.task.server_3 - INFO - Loading weights:  55%|█████▍    | 800/1458 [00:38<00:20, 32.70it/s]
2026-07-24 18:56:35,501 - sflow.task.server_3 - INFO - 6:
2026-07-24 18:56:35,501 - sflow.task.server_3 - INFO - Loading weights:  49%|████▉     | 718/1458 [00:35<00:28, 25.88it/s]
2026-07-24 18:56:35,552 - sflow.task.server_3 - INFO - 2:
2026-07-24 18:56:35,552 - sflow.task.server_3 - INFO - Loading weights:  67%|██████▋   | 980/1458 [00:38<00:09, 49.10it/s]
2026-07-24 18:56:35,603 - sflow.task.server_3 - INFO - 1:
2026-07-24 18:56:35,603 - sflow.task.server_3 - INFO - Loading weights:  67%|██████▋   | 980/1458 [00:38<00:09, 51.02it/s]
2026-07-24 18:56:35,603 - sflow.task.server_3 - INFO - 3:
2026-07-24 18:56:35,603 - sflow.task.server_3 - INFO - Loading weights:  65%|██████▍   | 946/1458 [00:38<00:10, 46.74it/s]
2026-07-24 18:56:35,603 - sflow.task.server_3 - INFO - 0:
2026-07-24 18:56:35,603 - sflow.task.server_3 - INFO - Loading weights:  56%|█████▌    | 811/1458 [00:38<00:14, 44.39it/s]
2026-07-24 18:56:35,705 - sflow.task.server_3 - INFO - 2:
2026-07-24 18:56:35,705 - sflow.task.server_3 - INFO - Loading weights:  68%|██████▊   | 987/1458 [00:38<00:09, 52.19it/s]
2026-07-24 18:56:35,705 - sflow.task.server_3 - INFO - 1:
2026-07-24 18:56:35,705 - sflow.task.server_3 - INFO - Loading weights:  68%|██████▊   | 987/1458 [00:38<00:08, 53.96it/s]
2026-07-24 18:56:35,705 - sflow.task.server_3 - INFO - 3:
2026-07-24 18:56:35,705 - sflow.task.server_3 - INFO - Loading weights:  66%|██████▌   | 958/1458 [00:38<00:08, 58.80it/s]
2026-07-24 18:56:35,756 - sflow.task.server_3 - INFO - 0:
2026-07-24 18:56:35,756 - sflow.task.server_3 - INFO - Loading weights:  56%|█████▌    | 817/1458 [00:38<00:14, 43.50it/s]
2026-07-24 18:56:35,959 - sflow.task.server_3 - INFO - 3:
2026-07-24 18:56:35,959 - sflow.task.server_3 - INFO - Loading weights:  66%|██████▋   | 966/1458 [00:38<00:10, 48.26it/s]
2026-07-24 18:56:35,959 - sflow.task.server_3 - INFO - 2:
2026-07-24 18:56:35,959 - sflow.task.server_3 - INFO - Loading weights:  68%|██████▊   | 994/1458 [00:38<00:11, 38.86it/s]
2026-07-24 18:56:36,010 - sflow.task.server_3 - INFO - 4:
2026-07-24 18:56:36,010 - sflow.task.server_3 - INFO - Loading weights:  48%|████▊     | 702/1458 [00:36<00:45, 16.46it/s]
2026-07-24 18:56:36,010 - sflow.task.server_3 - INFO - 1:
2026-07-24 18:56:36,010 - sflow.task.server_3 - INFO - Loading weights:  68%|██████▊   | 994/1458 [00:38<00:11, 39.89it/s]
2026-07-24 18:56:36,010 - sflow.task.server_3 - INFO - 5:
2026-07-24 18:56:36,010 - sflow.task.server_3 - INFO - Loading weights:  48%|████▊     | 702/1458 [00:36<00:48, 15.54it/s]
2026-07-24 18:56:36,061 - sflow.task.server_3 - INFO - 3:
2026-07-24 18:56:36,061 - sflow.task.server_3 - INFO - Loading weights:  67%|██████▋   | 973/1458 [00:38<00:09, 52.10it/s]
2026-07-24 18:56:36,112 - sflow.task.server_3 - INFO - 4:
2026-07-24 18:56:36,112 - sflow.task.server_3 - INFO - Loading weights:  49%|████▊     | 709/1458 [00:36<00:36, 20.61it/s]
2026-07-24 18:56:36,112 - sflow.task.server_3 - INFO - 1:
2026-07-24 18:56:36,112 - sflow.task.server_3 - INFO - Loading weights:  69%|██████▉   | 1006/1458 [00:38<00:08, 53.20it/s]
2026-07-24 18:56:36,112 - sflow.task.server_3 - INFO - 0:
2026-07-24 18:56:36,112 - sflow.task.server_3 - INFO - Loading weights:  56%|█████▋    | 823/1458 [00:38<00:20, 30.90it/s]
2026-07-24 18:56:36,112 - sflow.task.server_3 - INFO - 2:
2026-07-24 18:56:36,112 - sflow.task.server_3 - INFO - Loading weights:  69%|██████▉   | 1006/1458 [00:38<00:08, 51.07it/s]
2026-07-24 18:56:36,112 - sflow.task.server_3 - INFO - 7:
2026-07-24 18:56:36,112 - sflow.task.server_3 - INFO - Loading weights:  50%|████▉     | 726/1458 [00:36<01:01, 11.99it/s]
2026-07-24 18:56:36,163 - sflow.task.server_3 - INFO - 5:
2026-07-24 18:56:36,163 - sflow.task.server_3 - INFO - Loading weights:  49%|████▊     | 709/1458 [00:36<00:38, 19.68it/s]
2026-07-24 18:56:36,214 - sflow.task.server_3 - INFO - 3:
2026-07-24 18:56:36,214 - sflow.task.server_3 - INFO - Loading weights:  68%|██████▊   | 985/1458 [00:38<00:07, 62.71it/s]
2026-07-24 18:56:36,214 - sflow.task.server_3 - INFO - 4:
2026-07-24 18:56:36,214 - sflow.task.server_3 - INFO - Loading weights:  49%|████▉     | 718/1458 [00:36<00:26, 27.41it/s]
2026-07-24 18:56:36,214 - sflow.task.server_3 - INFO - 0:
2026-07-24 18:56:36,214 - sflow.task.server_3 - INFO - Loading weights:  57%|█████▋    | 829/1458 [00:38<00:18, 34.80it/s]
2026-07-24 18:56:36,265 - sflow.task.server_3 - INFO - 7:
2026-07-24 18:56:36,265 - sflow.task.server_3 - INFO - Loading weights:  50%|█████     | 730/1458 [00:36<00:52, 13.93it/s]
2026-07-24 18:56:36,265 - sflow.task.server_3 - INFO - 5:
2026-07-24 18:56:36,265 - sflow.task.server_3 - INFO - Loading weights:  49%|████▉     | 718/1458 [00:36<00:27, 26.58it/s]
2026-07-24 18:56:36,366 - sflow.task.server_3 - INFO - 0:
2026-07-24 18:56:36,366 - sflow.task.server_3 - INFO - Loading weights:  57%|█████▋    | 836/1458 [00:39<00:16, 37.67it/s]
2026-07-24 18:56:36,366 - sflow.task.server_3 - INFO - 7:
2026-07-24 18:56:36,366 - sflow.task.server_3 - INFO - Loading weights:  51%|█████     | 740/1458 [00:36<00:32, 21.85it/s]
2026-07-24 18:56:36,366 - sflow.task.server_3 - INFO - 2:
2026-07-24 18:56:36,366 - sflow.task.server_3 - INFO - Loading weights:  70%|██████▉   | 1014/1458 [00:39<00:10, 42.45it/s]
2026-07-24 18:56:36,417 - sflow.task.server_3 - INFO - 1:
2026-07-24 18:56:36,417 - sflow.task.server_3 - INFO - Loading weights:  70%|██████▉   | 1014/1458 [00:39<00:10, 42.16it/s]
2026-07-24 18:56:36,469 - sflow.task.server_3 - INFO - 6:
2026-07-24 18:56:36,469 - sflow.task.server_3 - INFO - Loading weights:  50%|████▉     | 726/1458 [00:36<00:48, 15.21it/s]
2026-07-24 18:56:36,469 - sflow.task.server_3 - INFO - 2:
2026-07-24 18:56:36,469 - sflow.task.server_3 - INFO - Loading weights:  70%|███████   | 1021/1458 [00:39<00:09, 47.02it/s]
2026-07-24 18:56:36,469 - sflow.task.server_3 - INFO - 0:
2026-07-24 18:56:36,469 - sflow.task.server_3 - INFO - Loading weights:  58%|█████▊    | 843/1458 [00:39<00:14, 42.22it/s]
2026-07-24 18:56:36,520 - sflow.task.server_3 - INFO - 1:
2026-07-24 18:56:36,520 - sflow.task.server_3 - INFO - Loading weights:  70%|███████   | 1021/1458 [00:39<00:09, 46.38it/s]
2026-07-24 18:56:36,520 - sflow.task.server_3 - INFO - 7:
2026-07-24 18:56:36,520 - sflow.task.server_3 - INFO - Loading weights:  51%|█████     | 745/1458 [00:36<00:29, 24.19it/s]
2026-07-24 18:56:36,520 - sflow.task.server_3 - INFO - 3:
2026-07-24 18:56:36,521 - sflow.task.server_3 - INFO - Loading weights:  68%|██████▊   | 993/1458 [00:39<00:10, 44.62it/s]
2026-07-24 18:56:36,572 - sflow.task.server_3 - INFO - 2:
2026-07-24 18:56:36,572 - sflow.task.server_3 - INFO - Loading weights:  71%|███████   | 1030/1458 [00:39<00:07, 55.51it/s]
2026-07-24 18:56:36,572 - sflow.task.server_3 - INFO - 6:
2026-07-24 18:56:36,572 - sflow.task.server_3 - INFO - Loading weights:  50%|█████     | 733/1458 [00:36<00:37, 19.40it/s]
2026-07-24 18:56:36,623 - sflow.task.server_3 - INFO - 1:
2026-07-24 18:56:36,623 - sflow.task.server_3 - INFO - Loading weights:  71%|███████   | 1030/1458 [00:39<00:07, 54.45it/s]
2026-07-24 18:56:36,623 - sflow.task.server_3 - INFO - 3:
2026-07-24 18:56:36,623 - sflow.task.server_3 - INFO - Loading weights:  69%|██████▉   | 1004/1458 [00:39<00:08, 53.89it/s]
2026-07-24 18:56:36,674 - sflow.task.server_3 - INFO - 6:
2026-07-24 18:56:36,674 - sflow.task.server_3 - INFO - Loading weights:  51%|█████     | 743/1458 [00:37<00:25, 27.52it/s]
2026-07-24 18:56:36,725 - sflow.task.server_3 - INFO - 3:
2026-07-24 18:56:36,725 - sflow.task.server_3 - INFO - Loading weights:  69%|██████▉   | 1011/1458 [00:39<00:07, 56.62it/s]
2026-07-24 18:56:36,725 - sflow.task.server_3 - INFO - 7:
2026-07-24 18:56:36,725 - sflow.task.server_3 - INFO - Loading weights:  51%|█████▏    | 750/1458 [00:37<00:30, 23.35it/s]
2026-07-24 18:56:36,827 - sflow.task.server_3 - INFO - 0:
2026-07-24 18:56:36,827 - sflow.task.server_3 - INFO - Loading weights:  58%|█████▊    | 848/1458 [00:39<00:20, 30.17it/s]
2026-07-24 18:56:36,827 - sflow.task.server_3 - INFO - 2:
2026-07-24 18:56:36,827 - sflow.task.server_3 - INFO - Loading weights:  71%|███████   | 1038/1458 [00:39<00:09, 44.59it/s]
2026-07-24 18:56:36,878 - sflow.task.server_3 - INFO - 7:
2026-07-24 18:56:36,878 - sflow.task.server_3 - INFO - Loading weights:  52%|█████▏    | 754/1458 [00:37<00:28, 25.14it/s]
2026-07-24 18:56:36,929 - sflow.task.server_3 - INFO - 2:
2026-07-24 18:56:36,929 - sflow.task.server_3 - INFO - Loading weights:  72%|███████▏  | 1045/1458 [00:39<00:08, 49.27it/s]
2026-07-24 18:56:36,929 - sflow.task.server_3 - INFO - 1:
2026-07-24 18:56:36,929 - sflow.task.server_3 - INFO - Loading weights:  71%|███████   | 1038/1458 [00:39<00:10, 39.13it/s]
2026-07-24 18:56:36,980 - sflow.task.server_3 - INFO - 0:
2026-07-24 18:56:36,980 - sflow.task.server_3 - INFO - Loading weights:  59%|█████▊    | 854/1458 [00:39<00:18, 32.52it/s]
2026-07-24 18:56:36,980 - sflow.task.server_3 - INFO - 7:
2026-07-24 18:56:36,980 - sflow.task.server_3 - INFO - Loading weights:  52%|█████▏    | 764/1458 [00:37<00:18, 37.79it/s]
2026-07-24 18:56:36,980 - sflow.task.server_3 - INFO - 6:
2026-07-24 18:56:36,980 - sflow.task.server_3 - INFO - Loading weights:  51%|█████▏    | 750/1458 [00:37<00:26, 26.77it/s]
2026-07-24 18:56:36,980 - sflow.task.server_3 - INFO - 4:
2026-07-24 18:56:36,980 - sflow.task.server_3 - INFO - Loading weights:  50%|████▉     | 726/1458 [00:37<00:40, 18.19it/s]
2026-07-24 18:56:36,980 - sflow.task.server_3 - INFO - 3:
2026-07-24 18:56:36,980 - sflow.task.server_3 - INFO - Loading weights:  70%|██████▉   | 1018/1458 [00:39<00:09, 44.53it/s]
2026-07-24 18:56:37,031 - sflow.task.server_3 - INFO - 5:
2026-07-24 18:56:37,031 - sflow.task.server_3 - INFO - Loading weights:  50%|████▉     | 726/1458 [00:37<00:41, 17.79it/s]
2026-07-24 18:56:37,031 - sflow.task.server_3 - INFO - 2:
2026-07-24 18:56:37,031 - sflow.task.server_3 - INFO - Loading weights:  72%|███████▏  | 1054/1458 [00:39<00:06, 57.72it/s]
2026-07-24 18:56:37,083 - sflow.task.server_3 - INFO - 1:
2026-07-24 18:56:37,083 - sflow.task.server_3 - INFO - Loading weights:  72%|███████▏  | 1045/1458 [00:39<00:09, 43.75it/s]
2026-07-24 18:56:37,083 - sflow.task.server_3 - INFO - 7:
2026-07-24 18:56:37,083 - sflow.task.server_3 - INFO - Loading weights:  53%|█████▎    | 771/1458 [00:37<00:15, 44.03it/s]
2026-07-24 18:56:37,083 - sflow.task.server_3 - INFO - 6:
2026-07-24 18:56:37,083 - sflow.task.server_3 - INFO - Loading weights:  52%|█████▏    | 757/1458 [00:37<00:21, 32.05it/s]
2026-07-24 18:56:37,083 - sflow.task.server_3 - INFO - 0:
2026-07-24 18:56:37,083 - sflow.task.server_3 - INFO - Loading weights:  59%|█████▉    | 862/1458 [00:39<00:15, 38.77it/s]
2026-07-24 18:56:37,083 - sflow.task.server_3 - INFO - 3:
2026-07-24 18:56:37,083 - sflow.task.server_3 - INFO - Loading weights:  71%|███████   | 1030/1458 [00:39<00:07, 57.94it/s]
2026-07-24 18:56:37,134 - sflow.task.server_3 - INFO - 4:
2026-07-24 18:56:37,134 - sflow.task.server_3 - INFO - Loading weights:  50%|█████     | 733/1458 [00:37<00:32, 22.44it/s]
2026-07-24 18:56:37,185 - sflow.task.server_3 - INFO - 5:
2026-07-24 18:56:37,185 - sflow.task.server_3 - INFO - Loading weights:  50%|█████     | 733/1458 [00:37<00:32, 22.02it/s]
2026-07-24 18:56:37,185 - sflow.task.server_3 - INFO - 6:
2026-07-24 18:56:37,185 - sflow.task.server_3 - INFO - Loading weights:  53%|█████▎    | 766/1458 [00:37<00:17, 40.23it/s]
2026-07-24 18:56:37,185 - sflow.task.server_3 - INFO - 0:
2026-07-24 18:56:37,185 - sflow.task.server_3 - INFO - Loading weights:  59%|█████▉    | 867/1458 [00:39<00:14, 40.95it/s]
2026-07-24 18:56:37,236 - sflow.task.server_3 - INFO - 4:
2026-07-24 18:56:37,236 - sflow.task.server_3 - INFO - Loading weights:  51%|█████     | 742/1458 [00:37<00:23, 29.84it/s]
2026-07-24 18:56:37,236 - sflow.task.server_3 - INFO - 1:
2026-07-24 18:56:37,236 - sflow.task.server_3 - INFO - Loading weights:  72%|███████▏  | 1057/1458 [00:39<00:07, 53.03it/s]
2026-07-24 18:56:37,287 - sflow.task.server_3 - INFO - 5:
2026-07-24 18:56:37,287 - sflow.task.server_3 - INFO - Loading weights:  51%|█████     | 742/1458 [00:37<00:24, 29.41it/s]
2026-07-24 18:56:37,337 - sflow.task.server_3 - INFO - 4:
2026-07-24 18:56:37,338 - sflow.task.server_3 - INFO - Loading weights:  51%|█████▏    | 749/1458 [00:37<00:20, 34.92it/s]
2026-07-24 18:56:37,338 - sflow.task.server_3 - INFO - 2:
2026-07-24 18:56:37,338 - sflow.task.server_3 - INFO - Loading weights:  73%|███████▎  | 1062/1458 [00:39<00:08, 44.40it/s]
2026-07-24 18:56:37,338 - sflow.task.server_3 - INFO - 3:
2026-07-24 18:56:37,338 - sflow.task.server_3 - INFO - Loading weights:  71%|███████   | 1038/1458 [00:40<00:08, 47.24it/s]
2026-07-24 18:56:37,439 - sflow.task.server_3 - INFO - 2:
2026-07-24 18:56:37,439 - sflow.task.server_3 - INFO - Loading weights:  73%|███████▎  | 1069/1458 [00:40<00:07, 48.99it/s]
2026-07-24 18:56:37,439 - sflow.task.server_3 - INFO - 3:
2026-07-24 18:56:37,439 - sflow.task.server_3 - INFO - Loading weights:  72%|███████▏  | 1045/1458 [00:40<00:08, 51.27it/s]
2026-07-24 18:56:37,490 - sflow.task.server_3 - INFO - 0:
2026-07-24 18:56:37,490 - sflow.task.server_3 - INFO - Loading weights:  60%|█████▉    | 872/1458 [00:40<00:19, 30.19it/s]
2026-07-24 18:56:37,490 - sflow.task.server_3 - INFO - 1:
2026-07-24 18:56:37,490 - sflow.task.server_3 - INFO - Loading weights:  73%|███████▎  | 1064/1458 [00:40<00:09, 41.43it/s]
2026-07-24 18:56:37,541 - sflow.task.server_3 - INFO - 2:
2026-07-24 18:56:37,541 - sflow.task.server_3 - INFO - Loading weights:  74%|███████▍  | 1078/1458 [00:40<00:06, 57.30it/s]
2026-07-24 18:56:37,593 - sflow.task.server_3 - INFO - 1:
2026-07-24 18:56:37,593 - sflow.task.server_3 - INFO - Loading weights:  74%|███████▍  | 1076/1458 [00:40<00:07, 54.30it/s]
2026-07-24 18:56:37,593 - sflow.task.server_3 - INFO - 3:
2026-07-24 18:56:37,593 - sflow.task.server_3 - INFO - Loading weights:  72%|███████▏  | 1057/1458 [00:40<00:06, 60.10it/s]
2026-07-24 18:56:37,643 - sflow.task.server_3 - INFO - 0:
2026-07-24 18:56:37,643 - sflow.task.server_3 - INFO - Loading weights:  61%|██████    | 884/1458 [00:40<00:13, 43.93it/s]
2026-07-24 18:56:37,694 - sflow.task.server_3 - INFO - 1:
2026-07-24 18:56:37,694 - sflow.task.server_3 - INFO - Loading weights:  74%|███████▍  | 1083/1458 [00:40<00:06, 56.23it/s]
2026-07-24 18:56:37,746 - sflow.task.server_3 - INFO - 0:
2026-07-24 18:56:37,746 - sflow.task.server_3 - INFO - Loading weights:  61%|██████    | 891/1458 [00:40<00:12, 46.82it/s]
2026-07-24 18:56:37,796 - sflow.task.server_3 - INFO - 2:
2026-07-24 18:56:37,797 - sflow.task.server_3 - INFO - Loading weights:  74%|███████▍  | 1086/1458 [00:40<00:08, 45.86it/s]
2026-07-24 18:56:37,848 - sflow.task.server_3 - INFO - 3:
2026-07-24 18:56:37,848 - sflow.task.server_3 - INFO - Loading weights:  73%|███████▎  | 1064/1458 [00:40<00:08, 46.83it/s]
2026-07-24 18:56:37,899 - sflow.task.server_3 - INFO - 2:
2026-07-24 18:56:37,899 - sflow.task.server_3 - INFO - Loading weights:  75%|███████▍  | 1093/1458 [00:40<00:07, 50.35it/s]
2026-07-24 18:56:37,950 - sflow.task.server_3 - INFO - 3:
2026-07-24 18:56:37,950 - sflow.task.server_3 - INFO - Loading weights:  74%|███████▍  | 1076/1458 [00:40<00:06, 59.02it/s]
2026-07-24 18:56:38,001 - sflow.task.server_3 - INFO - 1:
2026-07-24 18:56:38,001 - sflow.task.server_3 - INFO - Loading weights:  75%|███████▍  | 1090/1458 [00:40<00:08, 42.92it/s]
2026-07-24 18:56:38,001 - sflow.task.server_3 - INFO - 7:
2026-07-24 18:56:38,001 - sflow.task.server_3 - INFO - Loading weights:  53%|█████▎    | 777/1458 [00:38<00:40, 16.63it/s]
2026-07-24 18:56:38,001 - sflow.task.server_3 - INFO - 0:
2026-07-24 18:56:38,001 - sflow.task.server_3 - INFO - Loading weights:  62%|██████▏   | 897/1458 [00:40<00:15, 35.96it/s]
2026-07-24 18:56:38,052 - sflow.task.server_3 - INFO - 2:
2026-07-24 18:56:38,052 - sflow.task.server_3 - INFO - Loading weights:  76%|███████▌  | 1105/1458 [00:40<00:05, 59.24it/s]
2026-07-24 18:56:38,052 - sflow.task.server_3 - INFO - 3:
2026-07-24 18:56:38,052 - sflow.task.server_3 - INFO - Loading weights:  74%|███████▍  | 1084/1458 [00:40<00:05, 62.73it/s]
2026-07-24 18:56:38,103 - sflow.task.server_3 - INFO - 6:
2026-07-24 18:56:38,103 - sflow.task.server_3 - INFO - Loading weights:  53%|█████▎    | 774/1458 [00:38<00:35, 19.46it/s]
2026-07-24 18:56:38,103 - sflow.task.server_3 - INFO - 1:
2026-07-24 18:56:38,103 - sflow.task.server_3 - INFO - Loading weights:  76%|███████▌  | 1102/1458 [00:40<00:06, 55.76it/s]
2026-07-24 18:56:38,103 - sflow.task.server_3 - INFO - 7:
2026-07-24 18:56:38,103 - sflow.task.server_3 - INFO - Loading weights:  54%|█████▍    | 787/1458 [00:38<00:27, 24.79it/s]
2026-07-24 18:56:38,103 - sflow.task.server_3 - INFO - 0:
2026-07-24 18:56:38,104 - sflow.task.server_3 - INFO - Loading weights:  62%|██████▏   | 907/1458 [00:40<00:11, 47.03it/s]
2026-07-24 18:56:38,206 - sflow.task.server_3 - INFO - 5:
2026-07-24 18:56:38,206 - sflow.task.server_3 - INFO - Loading weights:  51%|█████▏    | 750/1458 [00:38<00:41, 17.20it/s]
2026-07-24 18:56:38,206 - sflow.task.server_3 - INFO - 6:
2026-07-24 18:56:38,206 - sflow.task.server_3 - INFO - Loading weights:  53%|█████▎    | 779/1458 [00:38<00:30, 22.05it/s]
2026-07-24 18:56:38,256 - sflow.task.server_3 - INFO - 0:
2026-07-24 18:56:38,256 - sflow.task.server_3 - INFO - Loading weights:  63%|██████▎   | 913/1458 [00:40<00:12, 44.88it/s]
2026-07-24 18:56:38,306 - sflow.task.server_3 - INFO - 5:
2026-07-24 18:56:38,306 - sflow.task.server_3 - INFO - Loading weights:  52%|█████▏    | 757/1458 [00:38<00:32, 21.28it/s]
2026-07-24 18:56:38,306 - sflow.task.server_3 - INFO - 6:
2026-07-24 18:56:38,307 - sflow.task.server_3 - INFO - Loading weights:  54%|█████▍    | 788/1458 [00:38<00:22, 29.86it/s]
2026-07-24 18:56:38,307 - sflow.task.server_3 - INFO - 2:
2026-07-24 18:56:38,307 - sflow.task.server_3 - INFO - Loading weights:  76%|███████▋  | 1112/1458 [00:40<00:07, 44.55it/s]
2026-07-24 18:56:38,307 - sflow.task.server_3 - INFO - 4:
2026-07-24 18:56:38,307 - sflow.task.server_3 - INFO - Loading weights:  52%|█████▏    | 756/1458 [00:38<00:42, 16.50it/s]
2026-07-24 18:56:38,307 - sflow.task.server_3 - INFO - 3:
2026-07-24 18:56:38,307 - sflow.task.server_3 - INFO - Loading weights:  75%|███████▍  | 1092/1458 [00:40<00:07, 49.28it/s]
2026-07-24 18:56:38,358 - sflow.task.server_3 - INFO - 7:
2026-07-24 18:56:38,358 - sflow.task.server_3 - INFO - Loading weights:  54%|█████▍    | 793/1458 [00:38<00:26, 25.13it/s]
2026-07-24 18:56:38,409 - sflow.task.server_3 - INFO - 6:
2026-07-24 18:56:38,409 - sflow.task.server_3 - INFO - Loading weights:  55%|█████▍    | 795/1458 [00:38<00:18, 35.52it/s]
2026-07-24 18:56:38,409 - sflow.task.server_3 - INFO - 5:
2026-07-24 18:56:38,409 - sflow.task.server_3 - INFO - Loading weights:  53%|█████▎    | 766/1458 [00:38<00:24, 28.10it/s]
2026-07-24 18:56:38,409 - sflow.task.server_3 - INFO - 1:
2026-07-24 18:56:38,409 - sflow.task.server_3 - INFO - Loading weights:  76%|███████▌  | 1110/1458 [00:41<00:08, 41.29it/s]
2026-07-24 18:56:38,460 - sflow.task.server_3 - INFO - 4:
2026-07-24 18:56:38,460 - sflow.task.server_3 - INFO - Loading weights:  52%|█████▏    | 764/1458 [00:38<00:32, 21.56it/s]
2026-07-24 18:56:38,460 - sflow.task.server_3 - INFO - 3:
2026-07-24 18:56:38,460 - sflow.task.server_3 - INFO - Loading weights:  76%|███████▌  | 1102/1458 [00:41<00:06, 57.10it/s]
2026-07-24 18:56:38,460 - sflow.task.server_3 - INFO - 2:
2026-07-24 18:56:38,460 - sflow.task.server_3 - INFO - Loading weights:  77%|███████▋  | 1124/1458 [00:41<00:06, 54.38it/s]
2026-07-24 18:56:38,561 - sflow.task.server_3 - INFO - 1:
2026-07-24 18:56:38,562 - sflow.task.server_3 - INFO - Loading weights:  77%|███████▋  | 1117/1458 [00:41<00:07, 45.62it/s]
2026-07-24 18:56:38,562 - sflow.task.server_3 - INFO - 4:
2026-07-24 18:56:38,562 - sflow.task.server_3 - INFO - Loading weights:  53%|█████▎    | 771/1458 [00:38<00:26, 26.39it/s]
2026-07-24 18:56:38,562 - sflow.task.server_3 - INFO - 7:
2026-07-24 18:56:38,562 - sflow.task.server_3 - INFO - Loading weights:  55%|█████▍    | 798/1458 [00:38<00:27, 24.37it/s]
2026-07-24 18:56:38,613 - sflow.task.server_3 - INFO - 0:
2026-07-24 18:56:38,613 - sflow.task.server_3 - INFO - Loading weights:  63%|██████▎   | 919/1458 [00:41<00:16, 32.01it/s]
2026-07-24 18:56:38,664 - sflow.task.server_3 - INFO - 1:
2026-07-24 18:56:38,664 - sflow.task.server_3 - INFO - Loading weights:  77%|███████▋  | 1127/1458 [00:41<00:05, 55.50it/s]
2026-07-24 18:56:38,664 - sflow.task.server_3 - INFO - 2:
2026-07-24 18:56:38,664 - sflow.task.server_3 - INFO - Loading weights:  78%|███████▊  | 1131/1458 [00:41<00:06, 47.61it/s]
2026-07-24 18:56:38,664 - sflow.task.server_3 - INFO - 6:
2026-07-24 18:56:38,664 - sflow.task.server_3 - INFO - Loading weights:  55%|█████▌    | 802/1458 [00:39<00:20, 32.04it/s]
2026-07-24 18:56:38,715 - sflow.task.server_3 - INFO - 7:
2026-07-24 18:56:38,715 - sflow.task.server_3 - INFO - Loading weights:  55%|█████▌    | 803/1458 [00:39<00:24, 26.95it/s]
2026-07-24 18:56:38,715 - sflow.task.server_3 - INFO - 0:
2026-07-24 18:56:38,715 - sflow.task.server_3 - INFO - Loading weights:  63%|██████▎   | 924/1458 [00:41<00:15, 34.73it/s]
2026-07-24 18:56:38,715 - sflow.task.server_3 - INFO - 3:
2026-07-24 18:56:38,715 - sflow.task.server_3 - INFO - Loading weights:  76%|███████▌  | 1110/1458 [00:41<00:07, 44.75it/s]
2026-07-24 18:56:38,816 - sflow.task.server_3 - INFO - 6:
2026-07-24 18:56:38,816 - sflow.task.server_3 - INFO - Loading weights:  56%|█████▌    | 814/1458 [00:39<00:14, 44.65it/s]
2026-07-24 18:56:38,816 - sflow.task.server_3 - INFO - 7:
2026-07-24 18:56:38,816 - sflow.task.server_3 - INFO - Loading weights:  56%|█████▌    | 814/1458 [00:39<00:16, 39.29it/s]
2026-07-24 18:56:38,816 - sflow.task.server_3 - INFO - 3:
2026-07-24 18:56:38,816 - sflow.task.server_3 - INFO - Loading weights:  77%|███████▋  | 1117/1458 [00:41<00:06, 48.84it/s]
2026-07-24 18:56:38,868 - sflow.task.server_3 - INFO - 0:
2026-07-24 18:56:38,868 - sflow.task.server_3 - INFO - Loading weights:  64%|██████▍   | 931/1458 [00:41<00:13, 39.19it/s]
2026-07-24 18:56:38,969 - sflow.task.server_3 - INFO - 3:
2026-07-24 18:56:38,969 - sflow.task.server_3 - INFO - Loading weights:  77%|███████▋  | 1126/1458 [00:41<00:05, 55.59it/s]
2026-07-24 18:56:38,969 - sflow.task.server_3 - INFO - 0:
2026-07-24 18:56:38,969 - sflow.task.server_3 - INFO - Loading weights:  64%|██████▍   | 936/1458 [00:41<00:12, 40.82it/s]
2026-07-24 18:56:39,124 - sflow.task.server_3 - INFO - 0:
2026-07-24 18:56:39,124 - sflow.task.server_3 - INFO - Loading weights:  65%|██████▍   | 941/1458 [00:41<00:13, 39.39it/s]
2026-07-24 18:56:39,226 - sflow.task.server_3 - INFO - 3:
2026-07-24 18:56:39,226 - sflow.task.server_3 - INFO - Loading weights:  78%|███████▊  | 1134/1458 [00:41<00:07, 45.66it/s]
2026-07-24 18:56:39,226 - sflow.task.server_3 - INFO - 5:
2026-07-24 18:56:39,226 - sflow.task.server_3 - INFO - Loading weights:  53%|█████▎    | 774/1458 [00:39<00:38, 17.96it/s]
2026-07-24 18:56:39,329 - sflow.task.server_3 - INFO - 3:
2026-07-24 18:56:39,329 - sflow.task.server_3 - INFO - Loading weights:  78%|███████▊  | 1140/1458 [00:41<00:06, 47.43it/s]
2026-07-24 18:56:39,381 - sflow.task.server_3 - INFO - 5:
2026-07-24 18:56:39,381 - sflow.task.server_3 - INFO - Loading weights:  54%|█████▎    | 781/1458 [00:39<00:30, 22.25it/s]
2026-07-24 18:56:39,433 - sflow.task.server_3 - INFO - 3:
2026-07-24 18:56:39,433 - sflow.task.server_3 - INFO - Loading weights:  79%|███████▊  | 1148/1458 [00:42<00:06, 51.09it/s]
2026-07-24 18:56:39,433 - sflow.task.server_3 - INFO - 4:
2026-07-24 18:56:39,433 - sflow.task.server_3 - INFO - Loading weights:  53%|█████▎    | 777/1458 [00:39<00:45, 15.13it/s]
2026-07-24 18:56:39,484 - sflow.task.server_3 - INFO - 2:
2026-07-24 18:56:39,484 - sflow.task.server_3 - INFO - Loading weights:  78%|███████▊  | 1137/1458 [00:42<00:14, 21.50it/s]
2026-07-24 18:56:39,484 - sflow.task.server_3 - INFO - 5:
2026-07-24 18:56:39,484 - sflow.task.server_3 - INFO - Loading weights:  54%|█████▍    | 790/1458 [00:39<00:23, 28.82it/s]
2026-07-24 18:56:39,535 - sflow.task.server_3 - INFO - 0:
2026-07-24 18:56:39,535 - sflow.task.server_3 - INFO - Loading weights:  65%|██████▍   | 946/1458 [00:42<00:21, 24.31it/s]
2026-07-24 18:56:39,535 - sflow.task.server_3 - INFO - 4:
2026-07-24 18:56:39,535 - sflow.task.server_3 - INFO - Loading weights:  54%|█████▍    | 787/1458 [00:39<00:30, 22.18it/s]
2026-07-24 18:56:39,586 - sflow.task.server_3 - INFO - 2:
2026-07-24 18:56:39,586 - sflow.task.server_3 - INFO - Loading weights:  79%|███████▊  | 1148/1458 [00:42<00:10, 30.35it/s]
2026-07-24 18:56:39,586 - sflow.task.server_3 - INFO - 1:
2026-07-24 18:56:39,586 - sflow.task.server_3 - INFO - Loading weights:  78%|███████▊  | 1135/1458 [00:42<00:14, 21.67it/s]
2026-07-24 18:56:39,586 - sflow.task.server_3 - INFO - 3:
2026-07-24 18:56:39,586 - sflow.task.server_3 - INFO - Loading weights:  79%|███████▉  | 1154/1458 [00:42<00:06, 47.35it/s]
2026-07-24 18:56:39,638 - sflow.task.server_3 - INFO - 0:
2026-07-24 18:56:39,638 - sflow.task.server_3 - INFO - Loading weights:  65%|██████▌   | 950/1458 [00:42<00:19, 26.59it/s]
2026-07-24 18:56:39,638 - sflow.task.server_3 - INFO - 6:
2026-07-24 18:56:39,638 - sflow.task.server_3 - INFO - Loading weights:  56%|█████▋    | 822/1458 [00:40<00:29, 21.63it/s]
2026-07-24 18:56:39,688 - sflow.task.server_3 - INFO - 4:
2026-07-24 18:56:39,688 - sflow.task.server_3 - INFO - Loading weights:  54%|█████▍    | 793/1458 [00:40<00:25, 25.78it/s]
2026-07-24 18:56:39,688 - sflow.task.server_3 - INFO - 2:
2026-07-24 18:56:39,688 - sflow.task.server_3 - INFO - Loading weights:  79%|███████▉  | 1155/1458 [00:42<00:08, 35.21it/s]
2026-07-24 18:56:39,688 - sflow.task.server_3 - INFO - 1:
2026-07-24 18:56:39,688 - sflow.task.server_3 - INFO - Loading weights:  78%|███████▊  | 1141/1458 [00:42<00:12, 25.28it/s]
2026-07-24 18:56:39,688 - sflow.task.server_3 - INFO - 7:
2026-07-24 18:56:39,688 - sflow.task.server_3 - INFO - Loading weights:  56%|█████▋    | 822/1458 [00:40<00:33, 19.21it/s]
2026-07-24 18:56:39,739 - sflow.task.server_3 - INFO - 0:
2026-07-24 18:56:39,739 - sflow.task.server_3 - INFO - Loading weights:  66%|██████▌   | 958/1458 [00:42<00:14, 34.73it/s]
2026-07-24 18:56:39,790 - sflow.task.server_3 - INFO - 6:
2026-07-24 18:56:39,790 - sflow.task.server_3 - INFO - Loading weights:  57%|█████▋    | 829/1458 [00:40<00:23, 26.22it/s]
2026-07-24 18:56:39,790 - sflow.task.server_3 - INFO - 1:
2026-07-24 18:56:39,790 - sflow.task.server_3 - INFO - Loading weights:  79%|███████▉  | 1150/1458 [00:42<00:09, 33.12it/s]
2026-07-24 18:56:39,790 - sflow.task.server_3 - INFO - 7:
2026-07-24 18:56:39,790 - sflow.task.server_3 - INFO - Loading weights:  57%|█████▋    | 829/1458 [00:40<00:26, 24.00it/s]
2026-07-24 18:56:39,790 - sflow.task.server_3 - INFO - 5:
2026-07-24 18:56:39,790 - sflow.task.server_3 - INFO - Loading weights:  55%|█████▍    | 798/1458 [00:40<00:24, 27.42it/s]
2026-07-24 18:56:39,893 - sflow.task.server_3 - INFO - 6:
2026-07-24 18:56:39,893 - sflow.task.server_3 - INFO - Loading weights:  57%|█████▋    | 836/1458 [00:40<00:20, 30.29it/s]
2026-07-24 18:56:39,893 - sflow.task.server_3 - INFO - 5:
2026-07-24 18:56:39,893 - sflow.task.server_3 - INFO - Loading weights:  55%|█████▌    | 805/1458 [00:40<00:20, 32.41it/s]
2026-07-24 18:56:39,944 - sflow.task.server_3 - INFO - 7:
2026-07-24 18:56:39,944 - sflow.task.server_3 - INFO - Loading weights:  57%|█████▋    | 838/1458 [00:40<00:19, 31.22it/s]
2026-07-24 18:56:39,997 - sflow.task.server_3 - INFO - 5:
2026-07-24 18:56:39,997 - sflow.task.server_3 - INFO - Loading weights:  56%|█████▌    | 814/1458 [00:40<00:15, 41.01it/s]
2026-07-24 18:56:40,048 - sflow.task.server_3 - INFO - 6:
2026-07-24 18:56:40,049 - sflow.task.server_3 - INFO - Loading weights:  58%|█████▊    | 842/1458 [00:40<00:18, 33.19it/s]
2026-07-24 18:56:40,049 - sflow.task.server_3 - INFO - 7:
2026-07-24 18:56:40,049 - sflow.task.server_3 - INFO - Loading weights:  58%|█████▊    | 844/1458 [00:40<00:18, 33.16it/s]
2026-07-24 18:56:40,352 - sflow.task.server_3 - INFO - 5:
2026-07-24 18:56:40,352 - sflow.task.server_3 - INFO - Loading weights:  56%|█████▋    | 822/1458 [00:40<00:19, 33.25it/s]
2026-07-24 18:56:40,403 - sflow.task.server_3 - INFO - 4:
2026-07-24 18:56:40,403 - sflow.task.server_3 - INFO - Loading weights:  55%|█████▍    | 799/1458 [00:40<00:40, 16.41it/s]
2026-07-24 18:56:40,403 - sflow.task.server_3 - INFO - 3:
2026-07-24 18:56:40,403 - sflow.task.server_3 - INFO - Loading weights:  80%|███████▉  | 1160/1458 [00:43<00:15, 19.46it/s]
2026-07-24 18:56:40,504 - sflow.task.server_3 - INFO - 5:
2026-07-24 18:56:40,504 - sflow.task.server_3 - INFO - Loading weights:  57%|█████▋    | 829/1458 [00:40<00:16, 38.17it/s]
2026-07-24 18:56:40,504 - sflow.task.server_3 - INFO - 4:
2026-07-24 18:56:40,504 - sflow.task.server_3 - INFO - Loading weights:  55%|█████▌    | 804/1458 [00:40<00:33, 19.41it/s]
2026-07-24 18:56:40,504 - sflow.task.server_3 - INFO - 3:
2026-07-24 18:56:40,504 - sflow.task.server_3 - INFO - Loading weights:  80%|████████  | 1171/1458 [00:43<00:09, 28.90it/s]
2026-07-24 18:56:40,606 - sflow.task.server_3 - INFO - 5:
2026-07-24 18:56:40,606 - sflow.task.server_3 - INFO - Loading weights:  57%|█████▋    | 838/1458 [00:40<00:13, 46.97it/s]
2026-07-24 18:56:40,606 - sflow.task.server_3 - INFO - 0:
2026-07-24 18:56:40,606 - sflow.task.server_3 - INFO - Loading weights:  66%|██████▋   | 966/1458 [00:43<00:27, 17.67it/s]
2026-07-24 18:56:40,606 - sflow.task.server_3 - INFO - 2:
2026-07-24 18:56:40,606 - sflow.task.server_3 - INFO - Loading weights:  80%|███████▉  | 1162/1458 [00:43<00:16, 17.87it/s]
2026-07-24 18:56:40,657 - sflow.task.server_3 - INFO - 3:
2026-07-24 18:56:40,657 - sflow.task.server_3 - INFO - Loading weights:  81%|████████  | 1177/1458 [00:43<00:08, 32.59it/s]
2026-07-24 18:56:40,657 - sflow.task.server_3 - INFO - 4:
2026-07-24 18:56:40,657 - sflow.task.server_3 - INFO - Loading weights:  56%|█████▌    | 812/1458 [00:41<00:25, 25.44it/s]
2026-07-24 18:56:40,708 - sflow.task.server_3 - INFO - 1:
2026-07-24 18:56:40,708 - sflow.task.server_3 - INFO - Loading weights:  79%|███████▉  | 1158/1458 [00:43<00:16, 18.45it/s]
2026-07-24 18:56:40,708 - sflow.task.server_3 - INFO - 2:
2026-07-24 18:56:40,708 - sflow.task.server_3 - INFO - Loading weights:  81%|████████  | 1174/1458 [00:43<00:10, 26.57it/s]
2026-07-24 18:56:40,759 - sflow.task.server_3 - INFO - 0:
2026-07-24 18:56:40,759 - sflow.task.server_3 - INFO - Loading weights:  67%|██████▋   | 970/1458 [00:43<00:25, 18.99it/s]
2026-07-24 18:56:40,759 - sflow.task.server_3 - INFO - 4:
2026-07-24 18:56:40,759 - sflow.task.server_3 - INFO - Loading weights:  56%|█████▌    | 819/1458 [00:41<00:20, 30.81it/s]
2026-07-24 18:56:40,809 - sflow.task.server_3 - INFO - 1:
2026-07-24 18:56:40,809 - sflow.task.server_3 - INFO - Loading weights:  80%|███████▉  | 1165/1458 [00:43<00:12, 22.95it/s]
2026-07-24 18:56:40,860 - sflow.task.server_3 - INFO - 6:
2026-07-24 18:56:40,860 - sflow.task.server_3 - INFO - Loading weights:  58%|█████▊    | 848/1458 [00:41<00:35, 17.32it/s]
2026-07-24 18:56:40,860 - sflow.task.server_3 - INFO - 0:
2026-07-24 18:56:40,860 - sflow.task.server_3 - INFO - Loading weights:  67%|██████▋   | 980/1458 [00:43<00:16, 28.38it/s]
2026-07-24 18:56:40,860 - sflow.task.server_3 - INFO - 3:
2026-07-24 18:56:40,860 - sflow.task.server_3 - INFO - Loading weights:  81%|████████  | 1183/1458 [00:43<00:09, 30.30it/s]
2026-07-24 18:56:40,911 - sflow.task.server_3 - INFO - 7:
2026-07-24 18:56:40,911 - sflow.task.server_3 - INFO - Loading weights:  58%|█████▊    | 850/1458 [00:41<00:35, 17.36it/s]
2026-07-24 18:56:40,911 - sflow.task.server_3 - INFO - 1:
2026-07-24 18:56:40,912 - sflow.task.server_3 - INFO - Loading weights:  81%|████████  | 1175/1458 [00:43<00:08, 31.56it/s]
2026-07-24 18:56:40,963 - sflow.task.server_3 - INFO - 0:
2026-07-24 18:56:40,963 - sflow.task.server_3 - INFO - Loading weights:  68%|██████▊   | 987/1458 [00:43<00:14, 33.46it/s]
2026-07-24 18:56:40,963 - sflow.task.server_3 - INFO - 3:
2026-07-24 18:56:40,963 - sflow.task.server_3 - INFO - Loading weights:  82%|████████▏ | 1189/1458 [00:43<00:07, 34.77it/s]
2026-07-24 18:56:41,014 - sflow.task.server_3 - INFO - 6:
2026-07-24 18:56:41,014 - sflow.task.server_3 - INFO - Loading weights:  59%|█████▉    | 860/1458 [00:41<00:23, 25.20it/s]
2026-07-24 18:56:41,014 - sflow.task.server_3 - INFO - 7:
2026-07-24 18:56:41,014 - sflow.task.server_3 - INFO - Loading weights:  59%|█████▉    | 860/1458 [00:41<00:24, 24.43it/s]
2026-07-24 18:56:41,064 - sflow.task.server_3 - INFO - 4:
2026-07-24 18:56:41,064 - sflow.task.server_3 - INFO - Loading weights:  57%|█████▋    | 825/1458 [00:41<00:23, 26.95it/s]
2026-07-24 18:56:41,064 - sflow.task.server_3 - INFO - 3:
2026-07-24 18:56:41,064 - sflow.task.server_3 - INFO - Loading weights:  82%|████████▏ | 1199/1458 [00:43<00:05, 46.27it/s]
2026-07-24 18:56:41,165 - sflow.task.server_3 - INFO - 6:
2026-07-24 18:56:41,165 - sflow.task.server_3 - INFO - Loading weights:  59%|█████▉    | 865/1458 [00:41<00:22, 26.85it/s]
2026-07-24 18:56:41,165 - sflow.task.server_3 - INFO - 7:
2026-07-24 18:56:41,165 - sflow.task.server_3 - INFO - Loading weights:  59%|█████▉    | 865/1458 [00:41<00:22, 26.26it/s]
2026-07-24 18:56:41,165 - sflow.task.server_3 - INFO - 4:
2026-07-24 18:56:41,165 - sflow.task.server_3 - INFO - Loading weights:  57%|█████▋    | 835/1458 [00:41<00:16, 37.38it/s]
2026-07-24 18:56:41,268 - sflow.task.server_3 - INFO - 0:
2026-07-24 18:56:41,268 - sflow.task.server_3 - INFO - Loading weights:  68%|██████▊   | 993/1458 [00:43<00:16, 28.86it/s]
2026-07-24 18:56:41,268 - sflow.task.server_3 - INFO - 4:
2026-07-24 18:56:41,268 - sflow.task.server_3 - INFO - Loading weights:  58%|█████▊    | 841/1458 [00:41<00:14, 41.18it/s]
2026-07-24 18:56:41,319 - sflow.task.server_3 - INFO - 1:
2026-07-24 18:56:41,319 - sflow.task.server_3 - INFO - Loading weights:  81%|████████  | 1182/1458 [00:43<00:10, 25.78it/s]
2026-07-24 18:56:41,370 - sflow.task.server_3 - INFO - 0:
2026-07-24 18:56:41,370 - sflow.task.server_3 - INFO - Loading weights:  69%|██████▉   | 1003/1458 [00:44<00:11, 39.75it/s]
2026-07-24 18:56:41,370 - sflow.task.server_3 - INFO - 2:
2026-07-24 18:56:41,370 - sflow.task.server_3 - INFO - Loading weights:  81%|████████  | 1182/1458 [00:44<00:13, 20.06it/s]
2026-07-24 18:56:41,421 - sflow.task.server_3 - INFO - 1:
2026-07-24 18:56:41,421 - sflow.task.server_3 - INFO - Loading weights:  82%|████████▏ | 1189/1458 [00:44<00:08, 30.82it/s]
2026-07-24 18:56:41,472 - sflow.task.server_3 - INFO - 2:
2026-07-24 18:56:41,472 - sflow.task.server_3 - INFO - Loading weights:  82%|████████▏ | 1189/1458 [00:44<00:11, 24.37it/s]
2026-07-24 18:56:41,524 - sflow.task.server_3 - INFO - 5:
2026-07-24 18:56:41,524 - sflow.task.server_3 - INFO - Loading weights:  58%|█████▊    | 846/1458 [00:41<00:30, 20.36it/s]
2026-07-24 18:56:41,524 - sflow.task.server_3 - INFO - 0:
2026-07-24 18:56:41,524 - sflow.task.server_3 - INFO - Loading weights:  69%|██████▉   | 1009/1458 [00:44<00:11, 40.54it/s]
2026-07-24 18:56:41,524 - sflow.task.server_3 - INFO - 1:
2026-07-24 18:56:41,524 - sflow.task.server_3 - INFO - Loading weights:  82%|████████▏ | 1199/1458 [00:44<00:06, 40.71it/s]
2026-07-24 18:56:41,575 - sflow.task.server_3 - INFO - 2:
2026-07-24 18:56:41,575 - sflow.task.server_3 - INFO - Loading weights:  82%|████████▏ | 1199/1458 [00:44<00:07, 32.83it/s]
2026-07-24 18:56:41,626 - sflow.task.server_3 - INFO - 5:
2026-07-24 18:56:41,626 - sflow.task.server_3 - INFO - Loading weights:  59%|█████▊    | 853/1458 [00:42<00:24, 24.93it/s]
2026-07-24 18:56:41,736 - sflow.task.server_3 - INFO - 5:
2026-07-24 18:56:41,736 - sflow.task.server_3 - INFO - Loading weights:  59%|█████▉    | 862/1458 [00:42<00:18, 31.89it/s]
2026-07-24 18:56:41,787 - sflow.task.server_3 - INFO - 0:
2026-07-24 18:56:41,788 - sflow.task.server_3 - INFO - Loading weights:  70%|██████▉   | 1015/1458 [00:44<00:13, 33.77it/s]
2026-07-24 18:56:41,788 - sflow.task.server_3 - INFO - 1:
2026-07-24 18:56:41,788 - sflow.task.server_3 - INFO - Loading weights:  83%|████████▎ | 1206/1458 [00:44<00:07, 35.34it/s]
2026-07-24 18:56:41,890 - sflow.task.server_3 - INFO - 3:
2026-07-24 18:56:41,890 - sflow.task.server_3 - INFO - Loading weights:  83%|████████▎ | 1206/1458 [00:44<00:11, 21.37it/s]
2026-07-24 18:56:41,890 - sflow.task.server_3 - INFO - 0:
2026-07-24 18:56:41,890 - sflow.task.server_3 - INFO - Loading weights:  70%|██████▉   | 1020/1458 [00:44<00:12, 35.14it/s]
2026-07-24 18:56:41,890 - sflow.task.server_3 - INFO - 1:
2026-07-24 18:56:41,890 - sflow.task.server_3 - INFO - Loading weights:  83%|████████▎ | 1213/1458 [00:44<00:06, 40.54it/s]
2026-07-24 18:56:41,941 - sflow.task.server_3 - INFO - 2:
2026-07-24 18:56:41,941 - sflow.task.server_3 - INFO - Loading weights:  83%|████████▎ | 1206/1458 [00:44<00:08, 28.66it/s]
2026-07-24 18:56:41,941 - sflow.task.server_3 - INFO - 7:
2026-07-24 18:56:41,941 - sflow.task.server_3 - INFO - Loading weights:  60%|█████▉    | 870/1458 [00:42<00:38, 15.38it/s]
2026-07-24 18:56:41,992 - sflow.task.server_3 - INFO - 3:
2026-07-24 18:56:41,992 - sflow.task.server_3 - INFO - Loading weights:  83%|████████▎ | 1213/1458 [00:44<00:09, 26.50it/s]
2026-07-24 18:56:41,992 - sflow.task.server_3 - INFO - 0:
2026-07-24 18:56:41,992 - sflow.task.server_3 - INFO - Loading weights:  70%|███████   | 1027/1458 [00:44<00:10, 41.02it/s]
2026-07-24 18:56:41,992 - sflow.task.server_3 - INFO - 1:
2026-07-24 18:56:41,992 - sflow.task.server_3 - INFO - Loading weights:  84%|████████▍ | 1222/1458 [00:44<00:04, 49.04it/s]
2026-07-24 18:56:42,043 - sflow.task.server_3 - INFO - 6:
2026-07-24 18:56:42,043 - sflow.task.server_3 - INFO - Loading weights:  60%|█████▉    | 870/1458 [00:42<00:39, 14.86it/s]
2026-07-24 18:56:42,043 - sflow.task.server_3 - INFO - 2:
2026-07-24 18:56:42,043 - sflow.task.server_3 - INFO - Loading weights:  83%|████████▎ | 1213/1458 [00:44<00:07, 33.78it/s]
2026-07-24 18:56:42,043 - sflow.task.server_3 - INFO - 7:
2026-07-24 18:56:42,043 - sflow.task.server_3 - INFO - Loading weights:  60%|█████▉    | 874/1458 [00:42<00:33, 17.42it/s]
2026-07-24 18:56:42,094 - sflow.task.server_3 - INFO - 4:
2026-07-24 18:56:42,094 - sflow.task.server_3 - INFO - Loading weights:  58%|█████▊    | 847/1458 [00:42<00:32, 18.86it/s]
2026-07-24 18:56:42,094 - sflow.task.server_3 - INFO - 0:
2026-07-24 18:56:42,094 - sflow.task.server_3 - INFO - Loading weights:  71%|███████   | 1032/1458 [00:44<00:09, 42.68it/s]
2026-07-24 18:56:42,094 - sflow.task.server_3 - INFO - 3:
2026-07-24 18:56:42,094 - sflow.task.server_3 - INFO - Loading weights:  84%|████████▍ | 1225/1458 [00:44<00:06, 36.63it/s]
2026-07-24 18:56:42,145 - sflow.task.server_3 - INFO - 6:
2026-07-24 18:56:42,145 - sflow.task.server_3 - INFO - Loading weights:  60%|██████    | 877/1458 [00:42<00:29, 19.53it/s]
2026-07-24 18:56:42,145 - sflow.task.server_3 - INFO - 2:
2026-07-24 18:56:42,145 - sflow.task.server_3 - INFO - Loading weights:  84%|████████▍ | 1223/1458 [00:44<00:05, 43.86it/s]
2026-07-24 18:56:42,196 - sflow.task.server_3 - INFO - 4:
2026-07-24 18:56:42,196 - sflow.task.server_3 - INFO - Loading weights:  59%|█████▊    | 853/1458 [00:42<00:26, 22.94it/s]
2026-07-24 18:56:42,196 - sflow.task.server_3 - INFO - 7:
2026-07-24 18:56:42,196 - sflow.task.server_3 - INFO - Loading weights:  61%|██████    | 884/1458 [00:42<00:22, 25.14it/s]
2026-07-24 18:56:42,248 - sflow.task.server_3 - INFO - 0:
2026-07-24 18:56:42,248 - sflow.task.server_3 - INFO - Loading weights:  71%|███████   | 1037/1458 [00:44<00:10, 40.94it/s]
2026-07-24 18:56:42,248 - sflow.task.server_3 - INFO - 6:
2026-07-24 18:56:42,248 - sflow.task.server_3 - INFO - Loading weights:  61%|██████    | 886/1458 [00:42<00:21, 26.88it/s]
2026-07-24 18:56:42,300 - sflow.task.server_3 - INFO - 4:
2026-07-24 18:56:42,300 - sflow.task.server_3 - INFO - Loading weights:  59%|█████▉    | 862/1458 [00:42<00:18, 31.52it/s]
2026-07-24 18:56:42,300 - sflow.task.server_3 - INFO - 1:
2026-07-24 18:56:42,300 - sflow.task.server_3 - INFO - Loading weights:  84%|████████▍ | 1230/1458 [00:44<00:05, 38.46it/s]
2026-07-24 18:56:42,300 - sflow.task.server_3 - INFO - 7:
2026-07-24 18:56:42,300 - sflow.task.server_3 - INFO - Loading weights:  61%|██████    | 889/1458 [00:42<00:20, 28.26it/s]
2026-07-24 18:56:42,351 - sflow.task.server_3 - INFO - 6:
2026-07-24 18:56:42,351 - sflow.task.server_3 - INFO - Loading weights:  61%|██████    | 892/1458 [00:42<00:18, 30.57it/s]
2026-07-24 18:56:42,402 - sflow.task.server_3 - INFO - 2:
2026-07-24 18:56:42,402 - sflow.task.server_3 - INFO - Loading weights:  84%|████████▍ | 1230/1458 [00:45<00:05, 38.03it/s]
2026-07-24 18:56:42,402 - sflow.task.server_3 - INFO - 3:
2026-07-24 18:56:42,402 - sflow.task.server_3 - INFO - Loading weights:  84%|████████▍ | 1232/1458 [00:45<00:06, 32.82it/s]
2026-07-24 18:56:42,402 - sflow.task.server_3 - INFO - 1:
2026-07-24 18:56:42,402 - sflow.task.server_3 - INFO - Loading weights:  85%|████████▍ | 1237/1458 [00:45<00:05, 43.28it/s]
2026-07-24 18:56:42,503 - sflow.task.server_3 - INFO - 2:
2026-07-24 18:56:42,504 - sflow.task.server_3 - INFO - Loading weights:  85%|████████▍ | 1237/1458 [00:45<00:05, 43.05it/s]
2026-07-24 18:56:42,504 - sflow.task.server_3 - INFO - 3:
2026-07-24 18:56:42,504 - sflow.task.server_3 - INFO - Loading weights:  85%|████████▌ | 1244/1458 [00:45<00:04, 45.41it/s]
2026-07-24 18:56:42,504 - sflow.task.server_3 - INFO - 7:
2026-07-24 18:56:42,504 - sflow.task.server_3 - INFO - Loading weights:  61%|██████▏   | 894/1458 [00:42<00:20, 27.23it/s]
2026-07-24 18:56:42,504 - sflow.task.server_3 - INFO - 1:
2026-07-24 18:56:42,504 - sflow.task.server_3 - INFO - Loading weights:  86%|████████▌ | 1247/1458 [00:45<00:03, 53.76it/s]
2026-07-24 18:56:42,605 - sflow.task.server_3 - INFO - 2:
2026-07-24 18:56:42,605 - sflow.task.server_3 - INFO - Loading weights:  86%|████████▌ | 1247/1458 [00:45<00:03, 53.49it/s]
2026-07-24 18:56:42,605 - sflow.task.server_3 - INFO - 0:
2026-07-24 18:56:42,605 - sflow.task.server_3 - INFO - Loading weights:  71%|███████▏  | 1042/1458 [00:45<00:15, 26.40it/s]
2026-07-24 18:56:42,605 - sflow.task.server_3 - INFO - 3:
2026-07-24 18:56:42,605 - sflow.task.server_3 - INFO - Loading weights:  86%|████████▌ | 1252/1458 [00:45<00:04, 49.35it/s]
2026-07-24 18:56:42,657 - sflow.task.server_3 - INFO - 6:
2026-07-24 18:56:42,657 - sflow.task.server_3 - INFO - Loading weights:  62%|██████▏   | 898/1458 [00:43<00:20, 27.45it/s]
2026-07-24 18:56:42,657 - sflow.task.server_3 - INFO - 7:
2026-07-24 18:56:42,657 - sflow.task.server_3 - INFO - Loading weights:  62%|██████▏   | 898/1458 [00:43<00:19, 28.41it/s]
2026-07-24 18:56:42,708 - sflow.task.server_3 - INFO - 5:
2026-07-24 18:56:42,708 - sflow.task.server_3 - INFO - Loading weights:  60%|█████▉    | 870/1458 [00:43<00:34, 17.12it/s]
2026-07-24 18:56:42,759 - sflow.task.server_3 - INFO - 0:
2026-07-24 18:56:42,759 - sflow.task.server_3 - INFO - Loading weights:  72%|███████▏  | 1046/1458 [00:45<00:15, 27.01it/s]
2026-07-24 18:56:42,759 - sflow.task.server_3 - INFO - 7:
2026-07-24 18:56:42,759 - sflow.task.server_3 - INFO - Loading weights:  62%|██████▏   | 908/1458 [00:43<00:13, 40.76it/s]
2026-07-24 18:56:42,760 - sflow.task.server_3 - INFO - 6:
2026-07-24 18:56:42,760 - sflow.task.server_3 - INFO - Loading weights:  62%|██████▏   | 910/1458 [00:43<00:13, 40.52it/s]
2026-07-24 18:56:42,810 - sflow.task.server_3 - INFO - 1:
2026-07-24 18:56:42,810 - sflow.task.server_3 - INFO - Loading weights:  86%|████████▌ | 1254/1458 [00:45<00:04, 41.02it/s]
2026-07-24 18:56:42,810 - sflow.task.server_3 - INFO - 5:
2026-07-24 18:56:42,810 - sflow.task.server_3 - INFO - Loading weights:  60%|██████    | 877/1458 [00:43<00:27, 21.24it/s]
2026-07-24 18:56:42,862 - sflow.task.server_3 - INFO - 2:
2026-07-24 18:56:42,862 - sflow.task.server_3 - INFO - Loading weights:  86%|████████▌ | 1255/1458 [00:45<00:04, 44.65it/s]
2026-07-24 18:56:42,862 - sflow.task.server_3 - INFO - 0:
2026-07-24 18:56:42,862 - sflow.task.server_3 - INFO - Loading weights:  72%|███████▏  | 1052/1458 [00:45<00:12, 31.72it/s]
2026-07-24 18:56:42,914 - sflow.task.server_3 - INFO - 3:
2026-07-24 18:56:42,914 - sflow.task.server_3 - INFO - Loading weights:  86%|████████▋ | 1259/1458 [00:45<00:04, 40.24it/s]
2026-07-24 18:56:42,914 - sflow.task.server_3 - INFO - 1:
2026-07-24 18:56:42,914 - sflow.task.server_3 - INFO - Loading weights:  86%|████████▋ | 1261/1458 [00:45<00:04, 45.87it/s]
2026-07-24 18:56:42,914 - sflow.task.server_3 - INFO - 5:
2026-07-24 18:56:42,914 - sflow.task.server_3 - INFO - Loading weights:  61%|██████    | 886/1458 [00:43<00:20, 28.32it/s]
2026-07-24 18:56:42,966 - sflow.task.server_3 - INFO - 2:
2026-07-24 18:56:42,966 - sflow.task.server_3 - INFO - Loading weights:  86%|████████▋ | 1261/1458 [00:45<00:04, 46.56it/s]
2026-07-24 18:56:42,966 - sflow.task.server_3 - INFO - 0:
2026-07-24 18:56:42,966 - sflow.task.server_3 - INFO - Loading weights:  72%|███████▏  | 1057/1458 [00:45<00:11, 34.82it/s]
2026-07-24 18:56:43,017 - sflow.task.server_3 - INFO - 3:
2026-07-24 18:56:43,017 - sflow.task.server_3 - INFO - Loading weights:  87%|████████▋ | 1268/1458 [00:45<00:03, 48.48it/s]
2026-07-24 18:56:43,068 - sflow.task.server_3 - INFO - 1:
2026-07-24 18:56:43,068 - sflow.task.server_3 - INFO - Loading weights:  87%|████████▋ | 1273/1458 [00:45<00:03, 55.99it/s]
2026-07-24 18:56:43,068 - sflow.task.server_3 - INFO - 2:
2026-07-24 18:56:43,068 - sflow.task.server_3 - INFO - Loading weights:  87%|████████▋ | 1270/1458 [00:45<00:03, 55.13it/s]
2026-07-24 18:56:43,120 - sflow.task.server_3 - INFO - 3:
2026-07-24 18:56:43,120 - sflow.task.server_3 - INFO - Loading weights:  87%|████████▋ | 1275/1458 [00:45<00:03, 49.88it/s]
2026-07-24 18:56:43,222 - sflow.task.server_3 - INFO - 4:
2026-07-24 18:56:43,222 - sflow.task.server_3 - INFO - Loading weights:  60%|█████▉    | 870/1458 [00:43<00:34, 17.13it/s]
2026-07-24 18:56:43,222 - sflow.task.server_3 - INFO - 0:
2026-07-24 18:56:43,223 - sflow.task.server_3 - INFO - Loading weights:  73%|███████▎  | 1062/1458 [00:45<00:14, 28.28it/s]
2026-07-24 18:56:43,325 - sflow.task.server_3 - INFO - 4:
2026-07-24 18:56:43,325 - sflow.task.server_3 - INFO - Loading weights:  60%|██████    | 877/1458 [00:43<00:26, 21.65it/s]
2026-07-24 18:56:43,325 - sflow.task.server_3 - INFO - 1:
2026-07-24 18:56:43,325 - sflow.task.server_3 - INFO - Loading weights:  88%|████████▊ | 1280/1458 [00:46<00:04, 43.10it/s]
2026-07-24 18:56:43,377 - sflow.task.server_3 - INFO - 2:
2026-07-24 18:56:43,377 - sflow.task.server_3 - INFO - Loading weights:  88%|████████▊ | 1278/1458 [00:46<00:04, 41.90it/s]
2026-07-24 18:56:43,377 - sflow.task.server_3 - INFO - 0:
2026-07-24 18:56:43,377 - sflow.task.server_3 - INFO - Loading weights:  73%|███████▎  | 1069/1458 [00:46<00:11, 34.39it/s]
2026-07-24 18:56:43,377 - sflow.task.server_3 - INFO - 3:
2026-07-24 18:56:43,377 - sflow.task.server_3 - INFO - Loading weights:  88%|████████▊ | 1282/1458 [00:46<00:04, 40.87it/s]
2026-07-24 18:56:43,428 - sflow.task.server_3 - INFO - 4:
2026-07-24 18:56:43,428 - sflow.task.server_3 - INFO - Loading weights:  61%|██████    | 886/1458 [00:43<00:19, 28.70it/s]
2026-07-24 18:56:43,428 - sflow.task.server_3 - INFO - 1:
2026-07-24 18:56:43,428 - sflow.task.server_3 - INFO - Loading weights:  89%|████████▊ | 1292/1458 [00:46<00:02, 55.74it/s]
2026-07-24 18:56:43,480 - sflow.task.server_3 - INFO - 2:
2026-07-24 18:56:43,480 - sflow.task.server_3 - INFO - Loading weights:  88%|████████▊ | 1285/1458 [00:46<00:03, 46.39it/s]
2026-07-24 18:56:43,480 - sflow.task.server_3 - INFO - 3:
2026-07-24 18:56:43,480 - sflow.task.server_3 - INFO - Loading weights:  89%|████████▉ | 1294/1458 [00:46<00:03, 54.31it/s]
2026-07-24 18:56:43,531 - sflow.task.server_3 - INFO - 0:
2026-07-24 18:56:43,531 - sflow.task.server_3 - INFO - Loading weights:  74%|███████▍  | 1076/1458 [00:46<00:10, 37.99it/s]
2026-07-24 18:56:43,531 - sflow.task.server_3 - INFO - 1:
2026-07-24 18:56:43,531 - sflow.task.server_3 - INFO - Loading weights:  89%|████████▉ | 1299/1458 [00:46<00:02, 58.01it/s]
2026-07-24 18:56:43,582 - sflow.task.server_3 - INFO - 2:
2026-07-24 18:56:43,582 - sflow.task.server_3 - INFO - Loading weights:  89%|████████▉ | 1294/1458 [00:46<00:03, 53.66it/s]
2026-07-24 18:56:43,633 - sflow.task.server_3 - INFO - 0:
2026-07-24 18:56:43,633 - sflow.task.server_3 - INFO - Loading weights:  74%|███████▍  | 1081/1458 [00:46<00:09, 38.66it/s]
2026-07-24 18:56:43,684 - sflow.task.server_3 - INFO - 6:
2026-07-24 18:56:43,685 - sflow.task.server_3 - INFO - Loading weights:  63%|██████▎   | 918/1458 [00:44<00:27, 19.67it/s]
2026-07-24 18:56:43,736 - sflow.task.server_3 - INFO - 3:
2026-07-24 18:56:43,736 - sflow.task.server_3 - INFO - Loading weights:  89%|████████▉ | 1302/1458 [00:46<00:03, 45.38it/s]
2026-07-24 18:56:43,736 - sflow.task.server_3 - INFO - 5:
2026-07-24 18:56:43,736 - sflow.task.server_3 - INFO - Loading weights:  61%|██████▏   | 894/1458 [00:44<00:31, 18.11it/s]
2026-07-24 18:56:43,787 - sflow.task.server_3 - INFO - 6:
2026-07-24 18:56:43,787 - sflow.task.server_3 - INFO - Loading weights:  63%|██████▎   | 925/1458 [00:44<00:21, 24.27it/s]
2026-07-24 18:56:43,839 - sflow.task.server_3 - INFO - 7:
2026-07-24 18:56:43,839 - sflow.task.server_3 - INFO - Loading weights:  63%|██████▎   | 918/1458 [00:44<00:30, 17.73it/s]
2026-07-24 18:56:43,839 - sflow.task.server_3 - INFO - 2:
2026-07-24 18:56:43,839 - sflow.task.server_3 - INFO - Loading weights:  89%|████████▉ | 1302/1458 [00:46<00:03, 44.48it/s]
2026-07-24 18:56:43,839 - sflow.task.server_3 - INFO - 1:
2026-07-24 18:56:43,839 - sflow.task.server_3 - INFO - Loading weights:  90%|████████▉ | 1306/1458 [00:46<00:03, 43.02it/s]
2026-07-24 18:56:43,839 - sflow.task.server_3 - INFO - 3:
2026-07-24 18:56:43,839 - sflow.task.server_3 - INFO - Loading weights:  90%|████████▉ | 1310/1458 [00:46<00:02, 50.25it/s]
2026-07-24 18:56:43,890 - sflow.task.server_3 - INFO - 0:
2026-07-24 18:56:43,890 - sflow.task.server_3 - INFO - Loading weights:  74%|███████▍  | 1086/1458 [00:46<00:11, 31.94it/s]
2026-07-24 18:56:43,890 - sflow.task.server_3 - INFO - 5:
2026-07-24 18:56:43,890 - sflow.task.server_3 - INFO - Loading weights:  62%|██████▏   | 901/1458 [00:44<00:24, 22.47it/s]
2026-07-24 18:56:43,890 - sflow.task.server_3 - INFO - 6:
2026-07-24 18:56:43,890 - sflow.task.server_3 - INFO - Loading weights:  64%|██████▍   | 934/1458 [00:44<00:17, 30.57it/s]
2026-07-24 18:56:43,941 - sflow.task.server_3 - INFO - 7:
2026-07-24 18:56:43,941 - sflow.task.server_3 - INFO - Loading weights:  63%|██████▎   | 925/1458 [00:44<00:23, 22.24it/s]
2026-07-24 18:56:43,941 - sflow.task.server_3 - INFO - 2:
2026-07-24 18:56:43,941 - sflow.task.server_3 - INFO - Loading weights:  90%|████████▉ | 1309/1458 [00:46<00:03, 48.58it/s]
2026-07-24 18:56:43,941 - sflow.task.server_3 - INFO - 1:
2026-07-24 18:56:43,941 - sflow.task.server_3 - INFO - Loading weights:  90%|█████████ | 1318/1458 [00:46<00:02, 55.49it/s]
2026-07-24 18:56:43,992 - sflow.task.server_3 - INFO - 5:
2026-07-24 18:56:43,992 - sflow.task.server_3 - INFO - Loading weights:  62%|██████▏   | 910/1458 [00:44<00:18, 29.35it/s]
2026-07-24 18:56:43,992 - sflow.task.server_3 - INFO - 3:
2026-07-24 18:56:43,992 - sflow.task.server_3 - INFO - Loading weights:  91%|█████████ | 1321/1458 [00:46<00:02, 58.00it/s]
2026-07-24 18:56:43,992 - sflow.task.server_3 - INFO - 0:
2026-07-24 18:56:43,992 - sflow.task.server_3 - INFO - Loading weights:  75%|███████▍  | 1090/1458 [00:46<00:11, 31.39it/s]
2026-07-24 18:56:44,043 - sflow.task.server_3 - INFO - 7:
2026-07-24 18:56:44,043 - sflow.task.server_3 - INFO - Loading weights:  64%|██████▍   | 935/1458 [00:44<00:16, 30.85it/s]
2026-07-24 18:56:44,043 - sflow.task.server_3 - INFO - 6:
2026-07-24 18:56:44,043 - sflow.task.server_3 - INFO - Loading weights:  64%|██████▍   | 940/1458 [00:44<00:15, 32.63it/s]
2026-07-24 18:56:44,094 - sflow.task.server_3 - INFO - 2:
2026-07-24 18:56:44,094 - sflow.task.server_3 - INFO - Loading weights:  91%|█████████ | 1321/1458 [00:46<00:02, 58.12it/s]
2026-07-24 18:56:44,094 - sflow.task.server_3 - INFO - 0:
2026-07-24 18:56:44,094 - sflow.task.server_3 - INFO - Loading weights:  75%|███████▌  | 1094/1458 [00:46<00:11, 32.48it/s]
2026-07-24 18:56:44,247 - sflow.task.server_3 - INFO - 0:
2026-07-24 18:56:44,248 - sflow.task.server_3 - INFO - Loading weights:  76%|███████▌  | 1102/1458 [00:46<00:08, 41.38it/s]
2026-07-24 18:56:44,248 - sflow.task.server_3 - INFO - 1:
2026-07-24 18:56:44,248 - sflow.task.server_3 - INFO - Loading weights:  91%|█████████ | 1326/1458 [00:46<00:03, 42.82it/s]
2026-07-24 18:56:44,299 - sflow.task.server_3 - INFO - 3:
2026-07-24 18:56:44,299 - sflow.task.server_3 - INFO - Loading weights:  91%|█████████ | 1328/1458 [00:46<00:03, 42.58it/s]
2026-07-24 18:56:44,351 - sflow.task.server_3 - INFO - 4:
2026-07-24 18:56:44,351 - sflow.task.server_3 - INFO - Loading weights:  61%|██████▏   | 894/1458 [00:44<00:32, 17.10it/s]
2026-07-24 18:56:44,351 - sflow.task.server_3 - INFO - 2:
2026-07-24 18:56:44,351 - sflow.task.server_3 - INFO - Loading weights:  91%|█████████ | 1328/1458 [00:47<00:02, 45.16it/s]
2026-07-24 18:56:44,351 - sflow.task.server_3 - INFO - 1:
2026-07-24 18:56:44,351 - sflow.task.server_3 - INFO - Loading weights:  91%|█████████▏| 1333/1458 [00:47<00:02, 47.13it/s]
2026-07-24 18:56:44,402 - sflow.task.server_3 - INFO - 3:
2026-07-24 18:56:44,402 - sflow.task.server_3 - INFO - Loading weights:  92%|█████████▏| 1339/1458 [00:47<00:02, 52.45it/s]
2026-07-24 18:56:44,454 - sflow.task.server_3 - INFO - 4:
2026-07-24 18:56:44,454 - sflow.task.server_3 - INFO - Loading weights:  62%|██████▏   | 901/1458 [00:44<00:26, 21.33it/s]
2026-07-24 18:56:44,454 - sflow.task.server_3 - INFO - 2:
2026-07-24 18:56:44,454 - sflow.task.server_3 - INFO - Loading weights:  92%|█████████▏| 1340/1458 [00:47<00:02, 57.85it/s]
2026-07-24 18:56:44,505 - sflow.task.server_3 - INFO - 1:
2026-07-24 18:56:44,505 - sflow.task.server_3 - INFO - Loading weights:  92%|█████████▏| 1342/1458 [00:47<00:02, 53.42it/s]
2026-07-24 18:56:44,556 - sflow.task.server_3 - INFO - 4:
2026-07-24 18:56:44,556 - sflow.task.server_3 - INFO - Loading weights:  62%|██████▏   | 910/1458 [00:44<00:19, 28.45it/s]
2026-07-24 18:56:44,556 - sflow.task.server_3 - INFO - 3:
2026-07-24 18:56:44,556 - sflow.task.server_3 - INFO - Loading weights:  92%|█████████▏| 1346/1458 [00:47<00:02, 50.75it/s]
2026-07-24 18:56:44,607 - sflow.task.server_3 - INFO - 0:
2026-07-24 18:56:44,607 - sflow.task.server_3 - INFO - Loading weights:  76%|███████▌  | 1110/1458 [00:47<00:11, 31.61it/s]
2026-07-24 18:56:44,607 - sflow.task.server_3 - INFO - 1:
2026-07-24 18:56:44,607 - sflow.task.server_3 - INFO - Loading weights:  93%|█████████▎| 1349/1458 [00:47<00:01, 54.97it/s]
2026-07-24 18:56:44,607 - sflow.task.server_3 - INFO - 2:
2026-07-24 18:56:44,607 - sflow.task.server_3 - INFO - Loading weights:  92%|█████████▏| 1347/1458 [00:47<00:01, 55.96it/s]
2026-07-24 18:56:44,708 - sflow.task.server_3 - INFO - 0:
2026-07-24 18:56:44,708 - sflow.task.server_3 - INFO - Loading weights:  76%|███████▋  | 1114/1458 [00:47<00:10, 31.55it/s]
2026-07-24 18:56:44,861 - sflow.task.server_3 - INFO - 0:
2026-07-24 18:56:44,861 - sflow.task.server_3 - INFO - Loading weights:  77%|███████▋  | 1124/1458 [00:47<00:07, 42.09it/s]
2026-07-24 18:56:44,861 - sflow.task.server_3 - INFO - 3:
2026-07-24 18:56:44,861 - sflow.task.server_3 - INFO - Loading weights:  93%|█████████▎| 1352/1458 [00:47<00:02, 38.03it/s]
2026-07-24 18:56:44,913 - sflow.task.server_3 - INFO - 2:
2026-07-24 18:56:44,913 - sflow.task.server_3 - INFO - Loading weights:  93%|█████████▎| 1354/1458 [00:47<00:02, 40.82it/s]
2026-07-24 18:56:44,913 - sflow.task.server_3 - INFO - 5:
2026-07-24 18:56:44,913 - sflow.task.server_3 - INFO - Loading weights:  63%|██████▎   | 918/1458 [00:45<00:31, 16.96it/s]
2026-07-24 18:56:44,965 - sflow.task.server_3 - INFO - 3:
2026-07-24 18:56:44,965 - sflow.task.server_3 - INFO - Loading weights:  93%|█████████▎| 1363/1458 [00:47<00:01, 48.04it/s]
2026-07-24 18:56:45,018 - sflow.task.server_3 - INFO - 0:
2026-07-24 18:56:45,018 - sflow.task.server_3 - INFO - Loading weights:  78%|███████▊  | 1131/1458 [00:47<00:07, 43.20it/s]
2026-07-24 18:56:45,018 - sflow.task.server_3 - INFO - 2:
2026-07-24 18:56:45,018 - sflow.task.server_3 - INFO - Loading weights:  94%|█████████▎| 1364/1458 [00:47<00:01, 50.76it/s]
2026-07-24 18:56:45,018 - sflow.task.server_3 - INFO - 5:
2026-07-24 18:56:45,018 - sflow.task.server_3 - INFO - Loading weights:  63%|██████▎   | 925/1458 [00:45<00:25, 21.24it/s]
2026-07-24 18:56:45,069 - sflow.task.server_3 - INFO - 6:
2026-07-24 18:56:45,069 - sflow.task.server_3 - INFO - Loading weights:  65%|██████▍   | 946/1458 [00:45<00:33, 15.42it/s]
2026-07-24 18:56:45,069 - sflow.task.server_3 - INFO - 7:
2026-07-24 18:56:45,069 - sflow.task.server_3 - INFO - Loading weights:  65%|██████▍   | 942/1458 [00:45<00:32, 15.85it/s]
2026-07-24 18:56:45,120 - sflow.task.server_3 - INFO - 3:
2026-07-24 18:56:45,120 - sflow.task.server_3 - INFO - Loading weights:  94%|█████████▍| 1369/1458 [00:47<00:01, 49.20it/s]
2026-07-24 18:56:45,120 - sflow.task.server_3 - INFO - 2:
2026-07-24 18:56:45,120 - sflow.task.server_3 - INFO - Loading weights:  94%|█████████▍| 1371/1458 [00:47<00:01, 53.50it/s]
2026-07-24 18:56:45,120 - sflow.task.server_3 - INFO - 5:
2026-07-24 18:56:45,120 - sflow.task.server_3 - INFO - Loading weights:  64%|██████▍   | 934/1458 [00:45<00:18, 28.14it/s]
2026-07-24 18:56:45,171 - sflow.task.server_3 - INFO - 7:
2026-07-24 18:56:45,171 - sflow.task.server_3 - INFO - Loading weights:  65%|██████▌   | 949/1458 [00:45<00:25, 20.00it/s]
2026-07-24 18:56:45,222 - sflow.task.server_3 - INFO - 6:
2026-07-24 18:56:45,222 - sflow.task.server_3 - INFO - Loading weights:  66%|██████▌   | 956/1458 [00:45<00:23, 21.38it/s]
2026-07-24 18:56:45,273 - sflow.task.server_3 - INFO - 7:
2026-07-24 18:56:45,273 - sflow.task.server_3 - INFO - Loading weights:  66%|██████▌   | 959/1458 [00:45<00:17, 28.02it/s]
2026-07-24 18:56:45,273 - sflow.task.server_3 - INFO - 3:
2026-07-24 18:56:45,273 - sflow.task.server_3 - INFO - Loading weights:  94%|█████████▍| 1375/1458 [00:47<00:01, 42.80it/s]
2026-07-24 18:56:45,375 - sflow.task.server_3 - INFO - 6:
2026-07-24 18:56:45,375 - sflow.task.server_3 - INFO - Loading weights:  66%|██████▌   | 961/1458 [00:45<00:21, 22.88it/s]
2026-07-24 18:56:45,375 - sflow.task.server_3 - INFO - 2:
2026-07-24 18:56:45,375 - sflow.task.server_3 - INFO - Loading weights:  95%|█████████▍| 1378/1458 [00:48<00:01, 42.38it/s]
2026-07-24 18:56:45,427 - sflow.task.server_3 - INFO - 3:
2026-07-24 18:56:45,427 - sflow.task.server_3 - INFO - Loading weights:  95%|█████████▍| 1381/1458 [00:48<00:01, 45.57it/s]
2026-07-24 18:56:45,477 - sflow.task.server_3 - INFO - 5:
2026-07-24 18:56:45,478 - sflow.task.server_3 - INFO - Loading weights:  65%|██████▍   | 942/1458 [00:45<00:19, 26.83it/s]
2026-07-24 18:56:45,478 - sflow.task.server_3 - INFO - 1:
2026-07-24 18:56:45,478 - sflow.task.server_3 - INFO - Loading weights:  93%|█████████▎| 1356/1458 [00:48<00:04, 21.04it/s]
2026-07-24 18:56:45,478 - sflow.task.server_3 - INFO - 2:
2026-07-24 18:56:45,478 - sflow.task.server_3 - INFO - Loading weights:  95%|█████████▌| 1388/1458 [00:48<00:01, 51.97it/s]
2026-07-24 18:56:45,530 - sflow.task.server_3 - INFO - 3:
2026-07-24 18:56:45,530 - sflow.task.server_3 - INFO - Loading weights:  95%|█████████▌| 1390/1458 [00:48<00:01, 53.46it/s]
2026-07-24 18:56:45,530 - sflow.task.server_3 - INFO - 4:
2026-07-24 18:56:45,530 - sflow.task.server_3 - INFO - Loading weights:  63%|██████▎   | 918/1458 [00:45<00:32, 16.40it/s]
2026-07-24 18:56:45,583 - sflow.task.server_3 - INFO - 5:
2026-07-24 18:56:45,583 - sflow.task.server_3 - INFO - Loading weights:  65%|██████▌   | 949/1458 [00:45<00:16, 31.67it/s]
2026-07-24 18:56:45,583 - sflow.task.server_3 - INFO - 1:
2026-07-24 18:56:45,583 - sflow.task.server_3 - INFO - Loading weights:  94%|█████████▎| 1366/1458 [00:48<00:03, 28.75it/s]
2026-07-24 18:56:45,634 - sflow.task.server_3 - INFO - 4:
2026-07-24 18:56:45,634 - sflow.task.server_3 - INFO - Loading weights:  63%|██████▎   | 925/1458 [00:46<00:25, 20.52it/s]
2026-07-24 18:56:45,635 - sflow.task.server_3 - INFO - 2:
2026-07-24 18:56:45,635 - sflow.task.server_3 - INFO - Loading weights:  96%|█████████▌| 1395/1458 [00:48<00:01, 48.79it/s]
2026-07-24 18:56:45,686 - sflow.task.server_3 - INFO - 3:
2026-07-24 18:56:45,686 - sflow.task.server_3 - INFO - Loading weights:  96%|█████████▌| 1396/1458 [00:48<00:01, 49.85it/s]
2026-07-24 18:56:45,686 - sflow.task.server_3 - INFO - 5:
2026-07-24 18:56:45,686 - sflow.task.server_3 - INFO - Loading weights:  66%|██████▌   | 956/1458 [00:46<00:13, 36.64it/s]
2026-07-24 18:56:45,738 - sflow.task.server_3 - INFO - 4:
2026-07-24 18:56:45,738 - sflow.task.server_3 - INFO - Loading weights:  64%|██████▍   | 934/1458 [00:46<00:19, 27.55it/s]
2026-07-24 18:56:45,790 - sflow.task.server_3 - INFO - 5:
2026-07-24 18:56:45,790 - sflow.task.server_3 - INFO - Loading weights:  66%|██████▌   | 963/1458 [00:46<00:11, 42.28it/s]
2026-07-24 18:56:45,943 - sflow.task.server_3 - INFO - 2:
2026-07-24 18:56:45,943 - sflow.task.server_3 - INFO - Loading weights:  96%|█████████▌| 1401/1458 [00:48<00:01, 38.16it/s]
2026-07-24 18:56:45,943 - sflow.task.server_3 - INFO - 1:
2026-07-24 18:56:45,943 - sflow.task.server_3 - INFO - Loading weights:  94%|█████████▍| 1374/1458 [00:48<00:03, 27.33it/s]
2026-07-24 18:56:45,943 - sflow.task.server_3 - INFO - 0:
2026-07-24 18:56:45,943 - sflow.task.server_3 - INFO - Loading weights:  78%|███████▊  | 1136/1458 [00:48<00:20, 15.97it/s]
2026-07-24 18:56:45,943 - sflow.task.server_3 - INFO - 3:
2026-07-24 18:56:45,943 - sflow.task.server_3 - INFO - Loading weights:  96%|█████████▌| 1402/1458 [00:48<00:01, 36.26it/s]
2026-07-24 18:56:46,044 - sflow.task.server_3 - INFO - 1:
2026-07-24 18:56:46,044 - sflow.task.server_3 - INFO - Loading weights:  95%|█████████▍| 1381/1458 [00:48<00:02, 32.56it/s]
2026-07-24 18:56:46,044 - sflow.task.server_3 - INFO - 2:
2026-07-24 18:56:46,044 - sflow.task.server_3 - INFO - Loading weights:  97%|█████████▋| 1411/1458 [00:48<00:00, 48.83it/s]
2026-07-24 18:56:46,044 - sflow.task.server_3 - INFO - 4:
2026-07-24 18:56:46,044 - sflow.task.server_3 - INFO - Loading weights:  65%|██████▍   | 942/1458 [00:46<00:19, 27.00it/s]
2026-07-24 18:56:46,094 - sflow.task.server_3 - INFO - 3:
2026-07-24 18:56:46,094 - sflow.task.server_3 - INFO - Loading weights:  97%|█████████▋| 1412/1458 [00:48<00:00, 46.25it/s]
2026-07-24 18:56:46,094 - sflow.task.server_3 - INFO - 0:
2026-07-24 18:56:46,094 - sflow.task.server_3 - INFO - Loading weights:  79%|███████▊  | 1147/1458 [00:48<00:12, 24.30it/s]
2026-07-24 18:56:46,145 - sflow.task.server_3 - INFO - 1:
2026-07-24 18:56:46,145 - sflow.task.server_3 - INFO - Loading weights:  95%|█████████▌| 1390/1458 [00:48<00:01, 40.63it/s]
2026-07-24 18:56:46,145 - sflow.task.server_3 - INFO - 6:
2026-07-24 18:56:46,145 - sflow.task.server_3 - INFO - Loading weights:  66%|██████▋   | 966/1458 [00:46<00:34, 14.19it/s]
2026-07-24 18:56:46,145 - sflow.task.server_3 - INFO - 4:
2026-07-24 18:56:46,145 - sflow.task.server_3 - INFO - Loading weights:  65%|██████▌   | 949/1458 [00:46<00:15, 31.99it/s]
2026-07-24 18:56:46,197 - sflow.task.server_3 - INFO - 0:
2026-07-24 18:56:46,197 - sflow.task.server_3 - INFO - Loading weights:  79%|███████▉  | 1152/1458 [00:48<00:11, 27.15it/s]
2026-07-24 18:56:46,197 - sflow.task.server_3 - INFO - 2:
2026-07-24 18:56:46,197 - sflow.task.server_3 - INFO - Loading weights:  97%|█████████▋| 1418/1458 [00:48<00:00, 45.72it/s]
2026-07-24 18:56:46,197 - sflow.task.server_3 - INFO - 3:
2026-07-24 18:56:46,197 - sflow.task.server_3 - INFO - Loading weights:  97%|█████████▋| 1418/1458 [00:48<00:00, 45.89it/s]
2026-07-24 18:56:46,197 - sflow.task.server_3 - INFO - 7:
2026-07-24 18:56:46,197 - sflow.task.server_3 - INFO - Loading weights:  66%|██████▋   | 966/1458 [00:46<00:30, 16.13it/s]
2026-07-24 18:56:46,298 - sflow.task.server_3 - INFO - 4:
2026-07-24 18:56:46,298 - sflow.task.server_3 - INFO - Loading weights:  66%|██████▌   | 958/1458 [00:46<00:12, 39.53it/s]
2026-07-24 18:56:46,298 - sflow.task.server_3 - INFO - 6:
2026-07-24 18:56:46,298 - sflow.task.server_3 - INFO - Loading weights:  67%|██████▋   | 970/1458 [00:46<00:30, 16.11it/s]
2026-07-24 18:56:46,350 - sflow.task.server_3 - INFO - 7:
2026-07-24 18:56:46,350 - sflow.task.server_3 - INFO - Loading weights:  67%|██████▋   | 973/1458 [00:46<00:23, 20.38it/s]
2026-07-24 18:56:46,401 - sflow.task.server_3 - INFO - 1:
2026-07-24 18:56:46,401 - sflow.task.server_3 - INFO - Loading weights:  96%|█████████▌| 1398/1458 [00:49<00:01, 36.26it/s]
2026-07-24 18:56:46,452 - sflow.task.server_3 - INFO - 6:
2026-07-24 18:56:46,452 - sflow.task.server_3 - INFO - Loading weights:  67%|██████▋   | 980/1458 [00:46<00:20, 23.38it/s]
2026-07-24 18:56:46,452 - sflow.task.server_3 - INFO - 7:
2026-07-24 18:56:46,452 - sflow.task.server_3 - INFO - Loading weights:  67%|██████▋   | 980/1458 [00:46<00:19, 24.59it/s]
2026-07-24 18:56:46,504 - sflow.task.server_3 - INFO - 2:
2026-07-24 18:56:46,504 - sflow.task.server_3 - INFO - Loading weights:  98%|█████████▊| 1424/1458 [00:49<00:00, 34.68it/s]
2026-07-24 18:56:46,504 - sflow.task.server_3 - INFO - 3:
2026-07-24 18:56:46,504 - sflow.task.server_3 - INFO - Loading weights:  98%|█████████▊| 1424/1458 [00:49<00:00, 34.22it/s]
2026-07-24 18:56:46,504 - sflow.task.server_3 - INFO - 1:
2026-07-24 18:56:46,504 - sflow.task.server_3 - INFO - Loading weights:  96%|█████████▋| 1405/1458 [00:49<00:01, 40.95it/s]
2026-07-24 18:56:46,606 - sflow.task.server_3 - INFO - 6:
2026-07-24 18:56:46,606 - sflow.task.server_3 - INFO - Loading weights:  68%|██████▊   | 985/1458 [00:47<00:18, 25.52it/s]
2026-07-24 18:56:46,606 - sflow.task.server_3 - INFO - 7:
2026-07-24 18:56:46,606 - sflow.task.server_3 - INFO - Loading weights:  68%|██████▊   | 986/1458 [00:47<00:17, 27.69it/s]
2026-07-24 18:56:46,606 - sflow.task.server_3 - INFO - 2:
2026-07-24 18:56:46,606 - sflow.task.server_3 - INFO - Loading weights:  98%|█████████▊| 1435/1458 [00:49<00:00, 46.38it/s]
2026-07-24 18:56:46,606 - sflow.task.server_3 - INFO - 3:
2026-07-24 18:56:46,606 - sflow.task.server_3 - INFO - Loading weights:  98%|█████████▊| 1435/1458 [00:49<00:00, 46.42it/s]
2026-07-24 18:56:46,657 - sflow.task.server_3 - INFO - 1:
2026-07-24 18:56:46,657 - sflow.task.server_3 - INFO - Loading weights:  97%|█████████▋| 1414/1458 [00:49<00:00, 48.59it/s]
2026-07-24 18:56:46,708 - sflow.task.server_3 - INFO - 5:
2026-07-24 18:56:46,708 - sflow.task.server_3 - INFO - Loading weights:  66%|██████▋   | 969/1458 [00:47<00:27, 17.56it/s]
2026-07-24 18:56:46,760 - sflow.task.server_3 - INFO - 2:
2026-07-24 18:56:46,760 - sflow.task.server_3 - INFO - Loading weights:  99%|█████████▉| 1442/1458 [00:49<00:00, 49.55it/s]
2026-07-24 18:56:46,760 - sflow.task.server_3 - INFO - 3:
2026-07-24 18:56:46,760 - sflow.task.server_3 - INFO - Loading weights:  99%|█████████▉| 1441/1458 [00:49<00:00, 47.83it/s]
2026-07-24 18:56:46,811 - sflow.task.server_3 - INFO - 5:
2026-07-24 18:56:46,811 - sflow.task.server_3 - INFO - Loading weights:  67%|██████▋   | 979/1458 [00:47<00:18, 25.28it/s]
2026-07-24 18:56:46,964 - sflow.task.server_3 - INFO - 5:
2026-07-24 18:56:46,964 - sflow.task.server_3 - INFO - Loading weights:  68%|██████▊   | 985/1458 [00:47<00:16, 28.82it/s]
2026-07-24 18:56:47,167 - sflow.task.server_3 - INFO - 0:
2026-07-24 18:56:47,168 - sflow.task.server_3 - INFO - Loading weights:  79%|███████▉  | 1158/1458 [00:49<00:21, 14.20it/s]
2026-07-24 18:56:47,168 - sflow.task.server_3 - INFO - 4:
2026-07-24 18:56:47,168 - sflow.task.server_3 - INFO - Loading weights:  66%|██████▋   | 966/1458 [00:47<00:24, 19.94it/s]
2026-07-24 18:56:47,168 - sflow.task.server_3 - INFO - 2:
2026-07-24 18:56:47,168 - sflow.task.server_3 - INFO - Loading weights:  99%|█████████▉| 1449/1458 [00:49<00:00, 31.66it/s]
2026-07-24 18:56:47,270 - sflow.task.server_3 - INFO - 4:
2026-07-24 18:56:47,270 - sflow.task.server_3 - INFO - Loading weights:  67%|██████▋   | 973/1458 [00:47<00:19, 24.48it/s]
2026-07-24 18:56:47,321 - sflow.task.server_3 - INFO - 0:
2026-07-24 18:56:47,322 - sflow.task.server_3 - INFO - Loading weights:  80%|███████▉  | 1162/1458 [00:49<00:18, 15.67it/s]
2026-07-24 18:56:47,373 - sflow.task.server_3 - INFO - 4:
2026-07-24 18:56:47,373 - sflow.task.server_3 - INFO - Loading weights:  67%|██████▋   | 980/1458 [00:47<00:16, 29.36it/s]
2026-07-24 18:56:47,424 - sflow.task.server_3 - INFO - 0:
2026-07-24 18:56:47,424 - sflow.task.server_3 - INFO - Loading weights:  80%|████████  | 1172/1458 [00:50<00:12, 23.56it/s]
2026-07-24 18:56:47,475 - sflow.task.server_3 - INFO - 2:
2026-07-24 18:56:47,475 - sflow.task.server_3 - INFO - Loading weights: 100%|█████████▉| 1456/1458 [00:50<00:00, 29.32it/s]
2026-07-24 18:56:47,475 - sflow.task.server_3 - INFO - 2:
2026-07-24 18:56:47,475 - sflow.task.server_3 - INFO - Loading weights: 100%|██████████| 1458/1458 [00:50<00:00, 29.10it/s]
2026-07-24 18:56:47,475 - sflow.task.server_3 - INFO - 1:
2026-07-24 18:56:47,475 - sflow.task.server_3 - INFO - Loading weights:  98%|█████████▊| 1422/1458 [00:50<00:01, 21.87it/s]
2026-07-24 18:56:47,475 - sflow.task.server_3 - INFO - 6:
2026-07-24 18:56:47,476 - sflow.task.server_3 - INFO - Loading weights:  68%|██████▊   | 990/1458 [00:47<00:34, 13.49it/s]
2026-07-24 18:56:47,527 - sflow.task.server_3 - INFO - 4:
2026-07-24 18:56:47,527 - sflow.task.server_3 - INFO - Loading weights:  68%|██████▊   | 987/1458 [00:47<00:13, 34.25it/s]
2026-07-24 18:56:47,527 - sflow.task.server_3 - INFO - 3:
2026-07-24 18:56:47,527 - sflow.task.server_3 - INFO - Loading weights:  99%|█████████▉| 1447/1458 [00:50<00:00, 20.43it/s]
2026-07-24 18:56:47,527 - sflow.task.server_3 - INFO - 7:
2026-07-24 18:56:47,527 - sflow.task.server_3 - INFO - Loading weights:  68%|██████▊   | 992/1458 [00:47<00:32, 14.53it/s]
2026-07-24 18:56:47,578 - sflow.task.server_3 - INFO - 1:
2026-07-24 18:56:47,578 - sflow.task.server_3 - INFO - Loading weights:  98%|█████████▊| 1429/1458 [00:50<00:01, 26.75it/s]
2026-07-24 18:56:47,578 - sflow.task.server_3 - INFO - 6:
2026-07-24 18:56:47,578 - sflow.task.server_3 - INFO - Loading weights:  68%|██████▊   | 997/1458 [00:48<00:25, 18.35it/s]
2026-07-24 18:56:47,630 - sflow.task.server_3 - INFO - 3:
2026-07-24 18:56:47,630 - sflow.task.server_3 - INFO - Loading weights: 100%|█████████▉| 1454/1458 [00:50<00:00, 25.53it/s]
2026-07-24 18:56:47,681 - sflow.task.server_3 - INFO - 6:
2026-07-24 18:56:47,681 - sflow.task.server_3 - INFO - Loading weights:  69%|██████▉   | 1004/1458 [00:48<00:18, 24.01it/s]
2026-07-24 18:56:47,681 - sflow.task.server_3 - INFO - 7:
2026-07-24 18:56:47,681 - sflow.task.server_3 - INFO - Loading weights:  69%|██████▉   | 1004/1458 [00:48<00:20, 22.45it/s]
2026-07-24 18:56:47,732 - sflow.task.server_3 - INFO - 1:
2026-07-24 18:56:47,732 - sflow.task.server_3 - INFO - Loading weights:  99%|█████████▉| 1441/1458 [00:50<00:00, 36.44it/s]
2026-07-24 18:56:47,784 - sflow.task.server_3 - INFO - 0:
2026-07-24 18:56:47,784 - sflow.task.server_3 - INFO - Loading weights:  81%|████████  | 1182/1458 [00:50<00:10, 25.42it/s]
2026-07-24 18:56:47,784 - sflow.task.server_3 - INFO - 5:
2026-07-24 18:56:47,784 - sflow.task.server_3 - INFO - Loading weights:  68%|██████▊   | 991/1458 [00:48<00:29, 16.07it/s]
2026-07-24 18:56:47,834 - sflow.task.server_3 - INFO - 6:
2026-07-24 18:56:47,834 - sflow.task.server_3 - INFO - Loading weights:  69%|██████▉   | 1009/1458 [00:48<00:17, 26.30it/s]
2026-07-24 18:56:47,834 - sflow.task.server_3 - INFO - 7:
2026-07-24 18:56:47,834 - sflow.task.server_3 - INFO - Loading weights:  69%|██████▉   | 1009/1458 [00:48<00:18, 24.42it/s]
2026-07-24 18:56:47,834 - sflow.task.server_3 - INFO - 3:
2026-07-24 18:56:47,835 - sflow.task.server_3 - INFO - Loading weights: 100%|██████████| 1458/1458 [00:50<00:00, 28.86it/s]
2026-07-24 18:56:47,885 - sflow.task.server_3 - INFO - 5:
2026-07-24 18:56:47,885 - sflow.task.server_3 - INFO - Loading weights:  68%|██████▊   | 997/1458 [00:48<00:23, 19.93it/s]
2026-07-24 18:56:47,937 - sflow.task.server_3 - INFO - 4:
2026-07-24 18:56:47,937 - sflow.task.server_3 - INFO - Loading weights:  68%|██████▊   | 993/1458 [00:48<00:18, 25.46it/s]
2026-07-24 18:56:47,937 - sflow.task.server_3 - INFO - 0:
2026-07-24 18:56:47,937 - sflow.task.server_3 - INFO - Loading weights:  82%|████████▏ | 1189/1458 [00:50<00:09, 29.49it/s]
2026-07-24 18:56:47,988 - sflow.task.server_3 - INFO - 1:
2026-07-24 18:56:47,988 - sflow.task.server_3 - INFO - Loading weights:  99%|█████████▉| 1448/1458 [00:50<00:00, 33.27it/s]
2026-07-24 18:56:48,039 - sflow.task.server_3 - INFO - 5:
2026-07-24 18:56:48,039 - sflow.task.server_3 - INFO - Loading weights:  69%|██████▉   | 1006/1458 [00:48<00:16, 27.38it/s]
2026-07-24 18:56:48,039 - sflow.task.server_3 - INFO - 0:
2026-07-24 18:56:48,039 - sflow.task.server_3 - INFO - Loading weights:  82%|████████▏ | 1198/1458 [00:50<00:06, 37.41it/s]
2026-07-24 18:56:48,039 - sflow.task.server_3 - INFO - 4:
2026-07-24 18:56:48,039 - sflow.task.server_3 - INFO - Loading weights:  69%|██████▉   | 1003/1458 [00:48<00:13, 34.60it/s]
2026-07-24 18:56:48,192 - sflow.task.server_3 - INFO - 2: [TensorRT-LLM][INFO] Max KV cache blocks per sequence: 724 [window size=23141], tokens per block=32, primary blocks=1234, secondary blocks=0, max sequence length=23141
2026-07-24 18:56:48,192 - sflow.task.server_3 - INFO - 4:
2026-07-24 18:56:48,192 - sflow.task.server_3 - INFO - Loading weights:  69%|██████▉   | 1009/1458 [00:48<00:12, 36.04it/s]
2026-07-24 18:56:48,295 - sflow.task.server_3 - INFO - 2: [TensorRT-LLM][INFO] Number of tokens per block: 32.
2026-07-24 18:56:48,295 - sflow.task.server_3 - INFO - 2: [TensorRT-LLM][INFO] [MemUsageChange] Allocated 1.29 GiB for max tokens in paged KV cache (39488).
2026-07-24 18:56:48,346 - sflow.task.server_3 - INFO - 0:
2026-07-24 18:56:48,347 - sflow.task.server_3 - INFO - Loading weights:  83%|████████▎ | 1206/1458 [00:51<00:07, 32.93it/s]
2026-07-24 18:56:48,398 - sflow.task.server_3 - INFO - 5:
2026-07-24 18:56:48,398 - sflow.task.server_3 - INFO - Loading weights:  70%|██████▉   | 1014/1458 [00:48<00:17, 25.23it/s]
2026-07-24 18:56:48,398 - sflow.task.server_3 - INFO - 1:
2026-07-24 18:56:48,398 - sflow.task.server_3 - INFO - Loading weights: 100%|█████████▉| 1456/1458 [00:51<00:00, 28.20it/s]
2026-07-24 18:56:48,398 - sflow.task.server_3 - INFO - 1:
2026-07-24 18:56:48,398 - sflow.task.server_3 - INFO - Loading weights: 100%|██████████| 1458/1458 [00:51<00:00, 28.55it/s]
2026-07-24 18:56:48,449 - sflow.task.server_3 - INFO - 4:
2026-07-24 18:56:48,449 - sflow.task.server_3 - INFO - Loading weights:  70%|██████▉   | 1015/1458 [00:48<00:13, 32.10it/s]
2026-07-24 18:56:48,449 - sflow.task.server_3 - INFO - 0:
2026-07-24 18:56:48,449 - sflow.task.server_3 - INFO - Loading weights:  83%|████████▎ | 1213/1458 [00:51<00:06, 37.90it/s]
2026-07-24 18:56:48,501 - sflow.task.server_3 - INFO - 3: [TensorRT-LLM][INFO] Max KV cache blocks per sequence: 724 [window size=23141], tokens per block=32, primary blocks=1234, secondary blocks=0, max sequence length=23141
2026-07-24 18:56:48,501 - sflow.task.server_3 - INFO - 5:
2026-07-24 18:56:48,501 - sflow.task.server_3 - INFO - Loading weights:  70%|██████▉   | 1019/1458 [00:48<00:15, 28.15it/s]
2026-07-24 18:56:48,552 - sflow.task.server_3 - INFO - 4:
2026-07-24 18:56:48,552 - sflow.task.server_3 - INFO - Loading weights:  70%|███████   | 1021/1458 [00:48<00:12, 36.34it/s]
2026-07-24 18:56:48,552 - sflow.task.server_3 - INFO - 0:
2026-07-24 18:56:48,552 - sflow.task.server_3 - INFO - Loading weights:  84%|████████▍ | 1222/1458 [00:51<00:05, 45.77it/s]
2026-07-24 18:56:48,603 - sflow.task.server_3 - INFO - 3: [TensorRT-LLM][INFO] Number of tokens per block: 32.
2026-07-24 18:56:48,603 - sflow.task.server_3 - INFO - 3: [TensorRT-LLM][INFO] [MemUsageChange] Allocated 1.29 GiB for max tokens in paged KV cache (39488).
2026-07-24 18:56:48,603 - sflow.task.server_3 - INFO - 7:
2026-07-24 18:56:48,603 - sflow.task.server_3 - INFO - Loading weights:  70%|██████▉   | 1014/1458 [00:49<00:29, 15.11it/s]
2026-07-24 18:56:48,654 - sflow.task.server_3 - INFO - 4:
2026-07-24 18:56:48,654 - sflow.task.server_3 - INFO - Loading weights:  71%|███████   | 1028/1458 [00:49<00:10, 42.28it/s]
2026-07-24 18:56:48,654 - sflow.task.server_3 - INFO - 5:
2026-07-24 18:56:48,654 - sflow.task.server_3 - INFO - Loading weights:  71%|███████   | 1028/1458 [00:49<00:12, 35.08it/s]
2026-07-24 18:56:48,654 - sflow.task.server_3 - INFO - 6:
2026-07-24 18:56:48,654 - sflow.task.server_3 - INFO - Loading weights:  70%|██████▉   | 1014/1458 [00:49<00:31, 14.03it/s]
2026-07-24 18:56:48,706 - sflow.task.server_3 - INFO - 7:
2026-07-24 18:56:48,706 - sflow.task.server_3 - INFO - Loading weights:  70%|███████   | 1021/1458 [00:49<00:21, 19.97it/s]
2026-07-24 18:56:48,706 - sflow.task.server_3 - INFO - 0:
2026-07-24 18:56:48,706 - sflow.task.server_3 - INFO - Loading weights:  84%|████████▍ | 1228/1458 [00:51<00:05, 44.45it/s]
2026-07-24 18:56:48,758 - sflow.task.server_3 - INFO - 6:
2026-07-24 18:56:48,758 - sflow.task.server_3 - INFO - Loading weights:  70%|███████   | 1021/1458 [00:49<00:22, 19.18it/s]
2026-07-24 18:56:48,758 - sflow.task.server_3 - INFO - 4:
2026-07-24 18:56:48,758 - sflow.task.server_3 - INFO - Loading weights:  71%|███████   | 1034/1458 [00:49<00:10, 42.22it/s]
2026-07-24 18:56:48,758 - sflow.task.server_3 - INFO - 5:
2026-07-24 18:56:48,758 - sflow.task.server_3 - INFO - Loading weights:  71%|███████   | 1034/1458 [00:49<00:11, 36.64it/s]
2026-07-24 18:56:48,809 - sflow.task.server_3 - INFO - 7:
2026-07-24 18:56:48,809 - sflow.task.server_3 - INFO - Loading weights:  71%|███████   | 1031/1458 [00:49<00:14, 28.93it/s]
2026-07-24 18:56:48,860 - sflow.task.server_3 - INFO - 6:
2026-07-24 18:56:48,860 - sflow.task.server_3 - INFO - Loading weights:  71%|███████   | 1030/1458 [00:49<00:15, 27.30it/s]
2026-07-24 18:56:49,013 - sflow.task.server_3 - INFO - 5:
2026-07-24 18:56:49,013 - sflow.task.server_3 - INFO - Loading weights:  71%|███████▏  | 1039/1458 [00:49<00:13, 30.51it/s]
2026-07-24 18:56:49,013 - sflow.task.server_3 - INFO - 4:
2026-07-24 18:56:49,013 - sflow.task.server_3 - INFO - Loading weights:  71%|███████▏  | 1039/1458 [00:49<00:12, 32.86it/s]
2026-07-24 18:56:49,064 - sflow.task.server_3 - INFO - 0:
2026-07-24 18:56:49,064 - sflow.task.server_3 - INFO - Loading weights:  85%|████████▍ | 1234/1458 [00:51<00:07, 31.74it/s]
2026-07-24 18:56:49,064 - sflow.task.server_3 - INFO - 1: [TensorRT-LLM][INFO] Max KV cache blocks per sequence: 724 [window size=23141], tokens per block=32, primary blocks=1234, secondary blocks=0, max sequence length=23141
2026-07-24 18:56:49,167 - sflow.task.server_3 - INFO - 4:
2026-07-24 18:56:49,167 - sflow.task.server_3 - INFO - Loading weights:  72%|███████▏  | 1044/1458 [00:49<00:11, 35.27it/s]
2026-07-24 18:56:49,167 - sflow.task.server_3 - INFO - 5:
2026-07-24 18:56:49,167 - sflow.task.server_3 - INFO - Loading weights:  72%|███████▏  | 1043/1458 [00:49<00:13, 31.40it/s]
2026-07-24 18:56:49,167 - sflow.task.server_3 - INFO - 1: [TensorRT-LLM][INFO] Number of tokens per block: 32.
2026-07-24 18:56:49,167 - sflow.task.server_3 - INFO - 1: [TensorRT-LLM][INFO] [MemUsageChange] Allocated 1.29 GiB for max tokens in paged KV cache (39488).
2026-07-24 18:56:49,167 - sflow.task.server_3 - INFO - 0:
2026-07-24 18:56:49,167 - sflow.task.server_3 - INFO - Loading weights:  85%|████████▍ | 1239/1458 [00:51<00:06, 33.28it/s]
2026-07-24 18:56:49,270 - sflow.task.server_3 - INFO - 6:
2026-07-24 18:56:49,270 - sflow.task.server_3 - INFO - Loading weights:  71%|███████   | 1038/1458 [00:49<00:16, 25.25it/s]
2026-07-24 18:56:49,270 - sflow.task.server_3 - INFO - 4:
2026-07-24 18:56:49,270 - sflow.task.server_3 - INFO - Loading weights:  72%|███████▏  | 1052/1458 [00:49<00:09, 42.05it/s]
2026-07-24 18:56:49,270 - sflow.task.server_3 - INFO - 5:
2026-07-24 18:56:49,270 - sflow.task.server_3 - INFO - Loading weights:  72%|███████▏  | 1052/1458 [00:49<00:10, 40.37it/s]
2026-07-24 18:56:49,321 - sflow.task.server_3 - INFO - 0:
2026-07-24 18:56:49,321 - sflow.task.server_3 - INFO - Loading weights:  85%|████████▌ | 1244/1458 [00:51<00:06, 34.38it/s]
2026-07-24 18:56:49,373 - sflow.task.server_3 - INFO - 6:
2026-07-24 18:56:49,373 - sflow.task.server_3 - INFO - Loading weights:  72%|███████▏  | 1045/1458 [00:49<00:13, 30.40it/s]
2026-07-24 18:56:49,373 - sflow.task.server_3 - INFO - 4:
2026-07-24 18:56:49,373 - sflow.task.server_3 - INFO - Loading weights:  72%|███████▏  | 1057/1458 [00:49<00:09, 42.05it/s]
2026-07-24 18:56:49,373 - sflow.task.server_3 - INFO - 5:
2026-07-24 18:56:49,373 - sflow.task.server_3 - INFO - Loading weights:  72%|███████▏  | 1057/1458 [00:49<00:09, 40.76it/s]
2026-07-24 18:56:49,425 - sflow.task.server_3 - INFO - 0:
2026-07-24 18:56:49,425 - sflow.task.server_3 - INFO - Loading weights:  86%|████████▌ | 1251/1458 [00:52<00:05, 39.10it/s]
2026-07-24 18:56:49,476 - sflow.task.server_3 - INFO - 6:
2026-07-24 18:56:49,476 - sflow.task.server_3 - INFO - Loading weights:  72%|███████▏  | 1054/1458 [00:49<00:10, 39.12it/s]
2026-07-24 18:56:49,680 - sflow.task.server_3 - INFO - 7:
2026-07-24 18:56:49,680 - sflow.task.server_3 - INFO - Loading weights:  71%|███████   | 1038/1458 [00:50<00:25, 16.77it/s]
2026-07-24 18:56:49,680 - sflow.task.server_3 - INFO - 0:
2026-07-24 18:56:49,680 - sflow.task.server_3 - INFO - Loading weights:  86%|████████▌ | 1256/1458 [00:52<00:06, 31.24it/s]
2026-07-24 18:56:49,783 - sflow.task.server_3 - INFO - 7:
2026-07-24 18:56:49,783 - sflow.task.server_3 - INFO - Loading weights:  72%|███████▏  | 1045/1458 [00:50<00:19, 21.18it/s]
2026-07-24 18:56:49,783 - sflow.task.server_3 - INFO - 0:
2026-07-24 18:56:49,783 - sflow.task.server_3 - INFO - Loading weights:  87%|████████▋ | 1267/1458 [00:52<00:04, 45.51it/s]
2026-07-24 18:56:49,885 - sflow.task.server_3 - INFO - 7:
2026-07-24 18:56:49,885 - sflow.task.server_3 - INFO - Loading weights:  72%|███████▏  | 1054/1458 [00:50<00:14, 28.59it/s]
2026-07-24 18:56:50,039 - sflow.task.server_3 - INFO - 0:
2026-07-24 18:56:50,039 - sflow.task.server_3 - INFO - Loading weights:  87%|████████▋ | 1273/1458 [00:52<00:04, 38.64it/s]
2026-07-24 18:56:50,141 - sflow.task.server_3 - INFO - 4:
2026-07-24 18:56:50,141 - sflow.task.server_3 - INFO - Loading weights:  73%|███████▎  | 1062/1458 [00:50<00:22, 17.41it/s]
2026-07-24 18:56:50,193 - sflow.task.server_3 - INFO - 5:
2026-07-24 18:56:50,193 - sflow.task.server_3 - INFO - Loading weights:  73%|███████▎  | 1062/1458 [00:50<00:23, 16.57it/s]
2026-07-24 18:56:50,295 - sflow.task.server_3 - INFO - 4:
2026-07-24 18:56:50,296 - sflow.task.server_3 - INFO - Loading weights:  73%|███████▎  | 1066/1458 [00:50<00:19, 19.63it/s]
2026-07-24 18:56:50,296 - sflow.task.server_3 - INFO - 0:
2026-07-24 18:56:50,296 - sflow.task.server_3 - INFO - Loading weights:  88%|████████▊ | 1278/1458 [00:52<00:05, 31.06it/s]
2026-07-24 18:56:50,347 - sflow.task.server_3 - INFO - 6:
2026-07-24 18:56:50,347 - sflow.task.server_3 - INFO - Loading weights:  73%|███████▎  | 1062/1458 [00:50<00:19, 19.81it/s]
2026-07-24 18:56:50,347 - sflow.task.server_3 - INFO - 5:
2026-07-24 18:56:50,347 - sflow.task.server_3 - INFO - Loading weights:  73%|███████▎  | 1069/1458 [00:50<00:17, 21.84it/s]
2026-07-24 18:56:50,398 - sflow.task.server_3 - INFO - 4:
2026-07-24 18:56:50,398 - sflow.task.server_3 - INFO - Loading weights:  74%|███████▍  | 1076/1458 [00:50<00:12, 29.95it/s]
2026-07-24 18:56:50,449 - sflow.task.server_3 - INFO - 6:
2026-07-24 18:56:50,449 - sflow.task.server_3 - INFO - Loading weights:  73%|███████▎  | 1069/1458 [00:50<00:15, 24.48it/s]
2026-07-24 18:56:50,449 - sflow.task.server_3 - INFO - 0:
2026-07-24 18:56:50,449 - sflow.task.server_3 - INFO - Loading weights:  88%|████████▊ | 1286/1458 [00:53<00:04, 36.18it/s]
2026-07-24 18:56:50,449 - sflow.task.server_3 - INFO - 5:
2026-07-24 18:56:50,449 - sflow.task.server_3 - INFO - Loading weights:  74%|███████▍  | 1078/1458 [00:50<00:12, 30.23it/s]
2026-07-24 18:56:50,551 - sflow.task.server_3 - INFO - 4:
2026-07-24 18:56:50,551 - sflow.task.server_3 - INFO - Loading weights:  74%|███████▍  | 1081/1458 [00:50<00:12, 31.12it/s]
2026-07-24 18:56:50,551 - sflow.task.server_3 - INFO - 6:
2026-07-24 18:56:50,551 - sflow.task.server_3 - INFO - Loading weights:  74%|███████▍  | 1078/1458 [00:50<00:11, 31.84it/s]
2026-07-24 18:56:50,551 - sflow.task.server_3 - INFO - 0:
2026-07-24 18:56:50,551 - sflow.task.server_3 - INFO - Loading weights:  89%|████████▉ | 1294/1458 [00:53<00:03, 43.47it/s]
2026-07-24 18:56:50,551 - sflow.task.server_3 - INFO - 5:
2026-07-24 18:56:50,551 - sflow.task.server_3 - INFO - Loading weights:  74%|███████▍  | 1084/1458 [00:50<00:10, 34.21it/s]
2026-07-24 18:56:50,755 - sflow.task.server_3 - INFO - 7:
2026-07-24 18:56:50,755 - sflow.task.server_3 - INFO - Loading weights:  73%|███████▎  | 1062/1458 [00:51<00:22, 17.27it/s]
2026-07-24 18:56:50,857 - sflow.task.server_3 - INFO - 6:
2026-07-24 18:56:50,857 - sflow.task.server_3 - INFO - Loading weights:  74%|███████▍  | 1086/1458 [00:51<00:12, 30.52it/s]
2026-07-24 18:56:50,857 - sflow.task.server_3 - INFO - 0:
2026-07-24 18:56:50,857 - sflow.task.server_3 - INFO - Loading weights:  89%|████████▉ | 1302/1458 [00:53<00:04, 35.44it/s]
2026-07-24 18:56:50,857 - sflow.task.server_3 - INFO - 7:
2026-07-24 18:56:50,857 - sflow.task.server_3 - INFO - Loading weights:  73%|███████▎  | 1069/1458 [00:51<00:17, 21.69it/s]
2026-07-24 18:56:50,959 - sflow.task.server_3 - INFO - 6:
2026-07-24 18:56:50,959 - sflow.task.server_3 - INFO - Loading weights:  75%|███████▍  | 1091/1458 [00:51<00:11, 32.63it/s]
2026-07-24 18:56:50,959 - sflow.task.server_3 - INFO - 0:
2026-07-24 18:56:50,959 - sflow.task.server_3 - INFO - Loading weights:  90%|████████▉ | 1310/1458 [00:53<00:03, 42.61it/s]
2026-07-24 18:56:51,010 - sflow.task.server_3 - INFO - 7:
2026-07-24 18:56:51,010 - sflow.task.server_3 - INFO - Loading weights:  74%|███████▍  | 1078/1458 [00:51<00:13, 28.64it/s]
2026-07-24 18:56:51,062 - sflow.task.server_3 - INFO - 6:
2026-07-24 18:56:51,062 - sflow.task.server_3 - INFO - Loading weights:  75%|███████▌  | 1100/1458 [00:51<00:08, 40.76it/s]
2026-07-24 18:56:51,062 - sflow.task.server_3 - INFO - 0:
2026-07-24 18:56:51,062 - sflow.task.server_3 - INFO - Loading weights:  90%|█████████ | 1318/1458 [00:53<00:02, 48.81it/s]
2026-07-24 18:56:51,163 - sflow.task.server_3 - INFO - 6:
2026-07-24 18:56:51,163 - sflow.task.server_3 - INFO - Loading weights:  76%|███████▌  | 1107/1458 [00:51<00:07, 45.40it/s]
2026-07-24 18:56:51,214 - sflow.task.server_3 - INFO - 0:
2026-07-24 18:56:51,214 - sflow.task.server_3 - INFO - Loading weights:  91%|█████████ | 1324/1458 [00:53<00:02, 50.55it/s]
2026-07-24 18:56:51,265 - sflow.task.server_3 - INFO - 7:
2026-07-24 18:56:51,265 - sflow.task.server_3 - INFO - Loading weights:  74%|███████▍  | 1086/1458 [00:51<00:13, 28.56it/s]
2026-07-24 18:56:51,265 - sflow.task.server_3 - INFO - 5:
2026-07-24 18:56:51,265 - sflow.task.server_3 - INFO - Loading weights:  75%|███████▍  | 1090/1458 [00:51<00:19, 18.47it/s]
2026-07-24 18:56:51,317 - sflow.task.server_3 - INFO - 4:
2026-07-24 18:56:51,317 - sflow.task.server_3 - INFO - Loading weights:  74%|███████▍  | 1086/1458 [00:51<00:23, 15.51it/s]
2026-07-24 18:56:51,368 - sflow.task.server_3 - INFO - 7:
2026-07-24 18:56:51,368 - sflow.task.server_3 - INFO - Loading weights:  75%|███████▍  | 1093/1458 [00:51<00:10, 33.65it/s]
2026-07-24 18:56:51,419 - sflow.task.server_3 - INFO - 5:
2026-07-24 18:56:51,419 - sflow.task.server_3 - INFO - Loading weights:  76%|███████▌  | 1102/1458 [00:51<00:12, 28.68it/s]
2026-07-24 18:56:51,419 - sflow.task.server_3 - INFO - 4:
2026-07-24 18:56:51,419 - sflow.task.server_3 - INFO - Loading weights:  75%|███████▍  | 1093/1458 [00:51<00:17, 20.76it/s]
2026-07-24 18:56:51,419 - sflow.task.server_3 - INFO - 6:
2026-07-24 18:56:51,419 - sflow.task.server_3 - INFO - Loading weights:  76%|███████▋  | 1113/1458 [00:51<00:09, 36.21it/s]
2026-07-24 18:56:51,470 - sflow.task.server_3 - INFO - 0:
2026-07-24 18:56:51,470 - sflow.task.server_3 - INFO - Loading weights:  91%|█████████ | 1330/1458 [00:54<00:03, 37.16it/s]
2026-07-24 18:56:51,521 - sflow.task.server_3 - INFO - 5:
2026-07-24 18:56:51,521 - sflow.task.server_3 - INFO - Loading weights:  76%|███████▌  | 1108/1458 [00:51<00:10, 32.68it/s]
2026-07-24 18:56:51,521 - sflow.task.server_3 - INFO - 7:
2026-07-24 18:56:51,521 - sflow.task.server_3 - INFO - Loading weights:  76%|███████▌  | 1105/1458 [00:51<00:07, 44.95it/s]
2026-07-24 18:56:51,573 - sflow.task.server_3 - INFO - 4:
2026-07-24 18:56:51,573 - sflow.task.server_3 - INFO - Loading weights:  76%|███████▌  | 1102/1458 [00:51<00:12, 28.88it/s]
2026-07-24 18:56:51,573 - sflow.task.server_3 - INFO - 6:
2026-07-24 18:56:51,573 - sflow.task.server_3 - INFO - Loading weights:  77%|███████▋  | 1124/1458 [00:51<00:07, 47.05it/s]
2026-07-24 18:56:51,624 - sflow.task.server_3 - INFO - 0:
2026-07-24 18:56:51,624 - sflow.task.server_3 - INFO - Loading weights:  92%|█████████▏| 1342/1458 [00:54<00:02, 47.92it/s]
2026-07-24 18:56:51,675 - sflow.task.server_3 - INFO - 6:
2026-07-24 18:56:51,675 - sflow.task.server_3 - INFO - Loading weights:  78%|███████▊  | 1130/1458 [00:52<00:06, 47.05it/s]
2026-07-24 18:56:51,778 - sflow.task.server_3 - INFO - 0:
2026-07-24 18:56:51,778 - sflow.task.server_3 - INFO - Loading weights:  92%|█████████▏| 1348/1458 [00:54<00:02, 45.69it/s]
2026-07-24 18:56:51,830 - sflow.task.server_3 - INFO - 7:
2026-07-24 18:56:51,830 - sflow.task.server_3 - INFO - Loading weights:  76%|███████▋  | 1112/1458 [00:52<00:09, 36.30it/s]
2026-07-24 18:56:51,830 - sflow.task.server_3 - INFO - 5:
2026-07-24 18:56:51,830 - sflow.task.server_3 - INFO - Loading weights:  76%|███████▋  | 1114/1458 [00:52<00:12, 27.55it/s]
2026-07-24 18:56:51,882 - sflow.task.server_3 - INFO - 4:
2026-07-24 18:56:51,882 - sflow.task.server_3 - INFO - Loading weights:  76%|███████▌  | 1110/1458 [00:52<00:12, 28.01it/s]
2026-07-24 18:56:51,933 - sflow.task.server_3 - INFO - 7:
2026-07-24 18:56:51,933 - sflow.task.server_3 - INFO - Loading weights:  77%|███████▋  | 1123/1458 [00:52<00:07, 46.59it/s]
2026-07-24 18:56:51,933 - sflow.task.server_3 - INFO - 5:
2026-07-24 18:56:51,933 - sflow.task.server_3 - INFO - Loading weights:  77%|███████▋  | 1126/1458 [00:52<00:08, 39.35it/s]
2026-07-24 18:56:51,984 - sflow.task.server_3 - INFO - 4:
2026-07-24 18:56:51,984 - sflow.task.server_3 - INFO - Loading weights:  77%|███████▋  | 1117/1458 [00:52<00:10, 33.29it/s]
2026-07-24 18:56:52,035 - sflow.task.server_3 - INFO - 7:
2026-07-24 18:56:52,035 - sflow.task.server_3 - INFO - Loading weights:  78%|███████▊  | 1130/1458 [00:52<00:06, 50.18it/s]
2026-07-24 18:56:52,088 - sflow.task.server_3 - INFO - 4:
2026-07-24 18:56:52,088 - sflow.task.server_3 - INFO - Loading weights:  77%|███████▋  | 1126/1458 [00:52<00:07, 41.84it/s]
2026-07-24 18:56:52,547 - sflow.task.server_3 - INFO - 6:
2026-07-24 18:56:52,547 - sflow.task.server_3 - INFO - Loading weights:  78%|███████▊  | 1136/1458 [00:52<00:16, 19.21it/s]
2026-07-24 18:56:52,649 - sflow.task.server_3 - INFO - 0:
2026-07-24 18:56:52,649 - sflow.task.server_3 - INFO - Loading weights:  93%|█████████▎| 1354/1458 [00:55<00:05, 18.85it/s]
2026-07-24 18:56:52,700 - sflow.task.server_3 - INFO - 6:
2026-07-24 18:56:52,700 - sflow.task.server_3 - INFO - Loading weights:  79%|███████▊  | 1147/1458 [00:53<00:11, 27.91it/s]
2026-07-24 18:56:52,751 - sflow.task.server_3 - INFO - 0:
2026-07-24 18:56:52,751 - sflow.task.server_3 - INFO - Loading weights:  93%|█████████▎| 1363/1458 [00:55<00:03, 25.88it/s]
2026-07-24 18:56:52,853 - sflow.task.server_3 - INFO - 5:
2026-07-24 18:56:52,853 - sflow.task.server_3 - INFO - Loading weights:  78%|███████▊  | 1134/1458 [00:53<00:16, 19.59it/s]
2026-07-24 18:56:52,904 - sflow.task.server_3 - INFO - 0:
2026-07-24 18:56:52,904 - sflow.task.server_3 - INFO - Loading weights:  94%|█████████▍| 1369/1458 [00:55<00:03, 28.77it/s]
2026-07-24 18:56:52,904 - sflow.task.server_3 - INFO - 6:
2026-07-24 18:56:52,904 - sflow.task.server_3 - INFO - Loading weights:  79%|███████▉  | 1153/1458 [00:53<00:11, 26.86it/s]
2026-07-24 18:56:52,955 - sflow.task.server_3 - INFO - 5:
2026-07-24 18:56:52,955 - sflow.task.server_3 - INFO - Loading weights:  78%|███████▊  | 1141/1458 [00:53<00:13, 24.06it/s]
2026-07-24 18:56:52,955 - sflow.task.server_3 - INFO - 7:
2026-07-24 18:56:52,955 - sflow.task.server_3 - INFO - Loading weights:  78%|███████▊  | 1137/1458 [00:53<00:15, 20.22it/s]
2026-07-24 18:56:53,006 - sflow.task.server_3 - INFO - 4:
2026-07-24 18:56:53,006 - sflow.task.server_3 - INFO - Loading weights:  78%|███████▊  | 1134/1458 [00:53<00:17, 18.99it/s]
2026-07-24 18:56:53,059 - sflow.task.server_3 - INFO - 5:
2026-07-24 18:56:53,059 - sflow.task.server_3 - INFO - Loading weights:  79%|███████▉  | 1151/1458 [00:53<00:09, 32.62it/s]
2026-07-24 18:56:53,110 - sflow.task.server_3 - INFO - 7:
2026-07-24 18:56:53,110 - sflow.task.server_3 - INFO - Loading weights:  79%|███████▊  | 1148/1458 [00:53<00:10, 28.46it/s]
2026-07-24 18:56:53,110 - sflow.task.server_3 - INFO - 4:
2026-07-24 18:56:53,110 - sflow.task.server_3 - INFO - Loading weights:  78%|███████▊  | 1139/1458 [00:53<00:14, 21.72it/s]
2026-07-24 18:56:53,161 - sflow.task.server_3 - INFO - 0:
2026-07-24 18:56:53,162 - sflow.task.server_3 - INFO - Loading weights:  94%|█████████▍| 1374/1458 [00:55<00:03, 25.89it/s]
2026-07-24 18:56:53,162 - sflow.task.server_3 - INFO - 6:
2026-07-24 18:56:53,162 - sflow.task.server_3 - INFO - Loading weights:  79%|███████▉  | 1158/1458 [00:53<00:11, 25.38it/s]
2026-07-24 18:56:53,213 - sflow.task.server_3 - INFO - 7:
2026-07-24 18:56:53,213 - sflow.task.server_3 - INFO - Loading weights:  79%|███████▉  | 1155/1458 [00:53<00:09, 33.24it/s]
2026-07-24 18:56:53,265 - sflow.task.server_3 - INFO - 4:
2026-07-24 18:56:53,265 - sflow.task.server_3 - INFO - Loading weights:  79%|███████▉  | 1150/1458 [00:53<00:09, 31.43it/s]
2026-07-24 18:56:53,265 - sflow.task.server_3 - INFO - 6:
2026-07-24 18:56:53,265 - sflow.task.server_3 - INFO - Loading weights:  80%|███████▉  | 1162/1458 [00:53<00:10, 26.95it/s]
2026-07-24 18:56:53,265 - sflow.task.server_3 - INFO - 0:
2026-07-24 18:56:53,265 - sflow.task.server_3 - INFO - Loading weights:  95%|█████████▍| 1381/1458 [00:55<00:02, 30.93it/s]
2026-07-24 18:56:53,367 - sflow.task.server_3 - INFO - 5:
2026-07-24 18:56:53,367 - sflow.task.server_3 - INFO - Loading weights:  79%|███████▉  | 1158/1458 [00:53<00:10, 29.42it/s]
2026-07-24 18:56:53,367 - sflow.task.server_3 - INFO - 6:
2026-07-24 18:56:53,367 - sflow.task.server_3 - INFO - Loading weights:  81%|████████  | 1174/1458 [00:53<00:06, 41.24it/s]
2026-07-24 18:56:53,418 - sflow.task.server_3 - INFO - 0:
2026-07-24 18:56:53,418 - sflow.task.server_3 - INFO - Loading weights:  95%|█████████▌| 1388/1458 [00:56<00:01, 36.25it/s]
2026-07-24 18:56:53,469 - sflow.task.server_3 - INFO - 7:
2026-07-24 18:56:53,469 - sflow.task.server_3 - INFO - Loading weights:  80%|███████▉  | 1162/1458 [00:53<00:09, 30.47it/s]
2026-07-24 18:56:53,521 - sflow.task.server_3 - INFO - 5:
2026-07-24 18:56:53,521 - sflow.task.server_3 - INFO - Loading weights:  80%|███████▉  | 1165/1458 [00:53<00:08, 34.16it/s]
2026-07-24 18:56:53,521 - sflow.task.server_3 - INFO - 0:
2026-07-24 18:56:53,521 - sflow.task.server_3 - INFO - Loading weights:  96%|█████████▌| 1395/1458 [00:56<00:01, 40.50it/s]
2026-07-24 18:56:53,573 - sflow.task.server_3 - INFO - 4:
2026-07-24 18:56:53,573 - sflow.task.server_3 - INFO - Loading weights:  79%|███████▉  | 1158/1458 [00:53<00:10, 29.49it/s]
2026-07-24 18:56:53,573 - sflow.task.server_3 - INFO - 7:
2026-07-24 18:56:53,573 - sflow.task.server_3 - INFO - Loading weights:  80%|████████  | 1171/1458 [00:53<00:07, 38.74it/s]
2026-07-24 18:56:53,623 - sflow.task.server_3 - INFO - 5:
2026-07-24 18:56:53,623 - sflow.task.server_3 - INFO - Loading weights:  81%|████████  | 1174/1458 [00:54<00:06, 41.39it/s]
2026-07-24 18:56:53,674 - sflow.task.server_3 - INFO - 4:
2026-07-24 18:56:53,674 - sflow.task.server_3 - INFO - Loading weights:  80%|███████▉  | 1165/1458 [00:54<00:08, 34.30it/s]
2026-07-24 18:56:53,675 - sflow.task.server_3 - INFO - 7:
2026-07-24 18:56:53,675 - sflow.task.server_3 - INFO - Loading weights:  81%|████████  | 1178/1458 [00:54<00:06, 42.87it/s]
2026-07-24 18:56:53,777 - sflow.task.server_3 - INFO - 4:
2026-07-24 18:56:53,777 - sflow.task.server_3 - INFO - Loading weights:  80%|████████  | 1172/1458 [00:54<00:07, 39.67it/s]
2026-07-24 18:56:53,879 - sflow.task.server_3 - INFO - 4:
2026-07-24 18:56:53,879 - sflow.task.server_3 - INFO - Loading weights:  81%|████████  | 1178/1458 [00:54<00:06, 42.63it/s]
2026-07-24 18:56:54,288 - sflow.task.server_3 - INFO - 6:
2026-07-24 18:56:54,288 - sflow.task.server_3 - INFO - Loading weights:  81%|████████  | 1182/1458 [00:54<00:14, 19.42it/s]
2026-07-24 18:56:54,288 - sflow.task.server_3 - INFO - 0:
2026-07-24 18:56:54,288 - sflow.task.server_3 - INFO - Loading weights:  96%|█████████▌| 1401/1458 [00:56<00:03, 18.85it/s]
2026-07-24 18:56:54,389 - sflow.task.server_3 - INFO - 6:
2026-07-24 18:56:54,389 - sflow.task.server_3 - INFO - Loading weights:  82%|████████▏ | 1189/1458 [00:54<00:11, 24.06it/s]
2026-07-24 18:56:54,440 - sflow.task.server_3 - INFO - 0:
2026-07-24 18:56:54,440 - sflow.task.server_3 - INFO - Loading weights:  97%|█████████▋| 1412/1458 [00:57<00:01, 28.22it/s]
2026-07-24 18:56:54,491 - sflow.task.server_3 - INFO - 6:
2026-07-24 18:56:54,491 - sflow.task.server_3 - INFO - Loading weights:  82%|████████▏ | 1196/1458 [00:54<00:08, 29.53it/s]
2026-07-24 18:56:54,645 - sflow.task.server_3 - INFO - 5:
2026-07-24 18:56:54,645 - sflow.task.server_3 - INFO - Loading weights:  81%|████████  | 1182/1458 [00:55<00:15, 18.12it/s]
2026-07-24 18:56:54,645 - sflow.task.server_3 - INFO - 6:
2026-07-24 18:56:54,645 - sflow.task.server_3 - INFO - Loading weights:  82%|████████▏ | 1202/1458 [00:55<00:08, 31.02it/s]
2026-07-24 18:56:54,748 - sflow.task.server_3 - INFO - 7:
2026-07-24 18:56:54,748 - sflow.task.server_3 - INFO - Loading weights:  81%|████████▏ | 1185/1458 [00:55<00:15, 17.34it/s]
2026-07-24 18:56:54,748 - sflow.task.server_3 - INFO - 5:
2026-07-24 18:56:54,748 - sflow.task.server_3 - INFO - Loading weights:  82%|████████▏ | 1189/1458 [00:55<00:11, 22.49it/s]
2026-07-24 18:56:54,849 - sflow.task.server_3 - INFO - 7:
2026-07-24 18:56:54,849 - sflow.task.server_3 - INFO - Loading weights:  82%|████████▏ | 1196/1458 [00:55<00:10, 25.15it/s]
2026-07-24 18:56:54,900 - sflow.task.server_3 - INFO - 5:
2026-07-24 18:56:54,900 - sflow.task.server_3 - INFO - Loading weights:  82%|████████▏ | 1198/1458 [00:55<00:08, 29.53it/s]
2026-07-24 18:56:54,900 - sflow.task.server_3 - INFO - 4:
2026-07-24 18:56:54,900 - sflow.task.server_3 - INFO - Loading weights:  81%|████████  | 1184/1458 [00:55<00:16, 16.33it/s]
2026-07-24 18:56:54,951 - sflow.task.server_3 - INFO - 7:
2026-07-24 18:56:54,951 - sflow.task.server_3 - INFO - Loading weights:  83%|████████▎ | 1203/1458 [00:55<00:08, 29.73it/s]
2026-07-24 18:56:55,002 - sflow.task.server_3 - INFO - 4:
2026-07-24 18:56:55,002 - sflow.task.server_3 - INFO - Loading weights:  82%|████████▏ | 1195/1458 [00:55<00:10, 24.49it/s]
2026-07-24 18:56:55,154 - sflow.task.server_3 - INFO - 4:
2026-07-24 18:56:55,154 - sflow.task.server_3 - INFO - Loading weights:  82%|████████▏ | 1201/1458 [00:55<00:09, 27.35it/s]
2026-07-24 18:56:55,359 - sflow.task.server_3 - INFO - 0:
2026-07-24 18:56:55,359 - sflow.task.server_3 - INFO - Loading weights:  98%|█████████▊| 1422/1458 [00:58<00:02, 17.76it/s]
2026-07-24 18:56:55,462 - sflow.task.server_3 - INFO - 0:
2026-07-24 18:56:55,462 - sflow.task.server_3 - INFO - Loading weights:  98%|█████████▊| 1427/1458 [00:58<00:01, 20.29it/s]
2026-07-24 18:56:55,514 - sflow.task.server_3 - INFO - 6:
2026-07-24 18:56:55,514 - sflow.task.server_3 - INFO - Loading weights:  83%|████████▎ | 1207/1458 [00:55<00:15, 15.78it/s]
2026-07-24 18:56:55,616 - sflow.task.server_3 - INFO - 6:
2026-07-24 18:56:55,616 - sflow.task.server_3 - INFO - Loading weights:  83%|████████▎ | 1211/1458 [00:56<00:13, 17.88it/s]
2026-07-24 18:56:55,616 - sflow.task.server_3 - INFO - 0:
2026-07-24 18:56:55,616 - sflow.task.server_3 - INFO - Loading weights:  98%|█████████▊| 1436/1458 [00:58<00:00, 26.37it/s]
2026-07-24 18:56:55,718 - sflow.task.server_3 - INFO - 5:
2026-07-24 18:56:55,718 - sflow.task.server_3 - INFO - Loading weights:  83%|████████▎ | 1206/1458 [00:56<00:13, 18.10it/s]
2026-07-24 18:56:55,770 - sflow.task.server_3 - INFO - 6:
2026-07-24 18:56:55,770 - sflow.task.server_3 - INFO - Loading weights:  84%|████████▎ | 1220/1458 [00:56<00:09, 24.82it/s]
2026-07-24 18:56:55,821 - sflow.task.server_3 - INFO - 7:
2026-07-24 18:56:55,822 - sflow.task.server_3 - INFO - Loading weights:  83%|████████▎ | 1210/1458 [00:56<00:14, 17.48it/s]
2026-07-24 18:56:55,822 - sflow.task.server_3 - INFO - 5:
2026-07-24 18:56:55,822 - sflow.task.server_3 - INFO - Loading weights:  83%|████████▎ | 1213/1458 [00:56<00:10, 22.49it/s]
2026-07-24 18:56:55,873 - sflow.task.server_3 - INFO - 4:
2026-07-24 18:56:55,873 - sflow.task.server_3 - INFO - Loading weights:  83%|████████▎ | 1207/1458 [00:56<00:14, 16.93it/s]
2026-07-24 18:56:55,924 - sflow.task.server_3 - INFO - 6:
2026-07-24 18:56:55,924 - sflow.task.server_3 - INFO - Loading weights:  84%|████████▍ | 1225/1458 [00:56<00:08, 26.92it/s]
2026-07-24 18:56:55,924 - sflow.task.server_3 - INFO - 0:
2026-07-24 18:56:55,924 - sflow.task.server_3 - INFO - Loading weights:  99%|█████████▉| 1446/1458 [00:58<00:00, 28.98it/s]
2026-07-24 18:56:55,924 - sflow.task.server_3 - INFO - 7:
2026-07-24 18:56:55,924 - sflow.task.server_3 - INFO - Loading weights:  84%|████████▍ | 1222/1458 [00:56<00:09, 26.04it/s]
2026-07-24 18:56:55,924 - sflow.task.server_3 - INFO - 5:
2026-07-24 18:56:55,924 - sflow.task.server_3 - INFO - Loading weights:  84%|████████▍ | 1222/1458 [00:56<00:08, 29.47it/s]
2026-07-24 18:56:56,025 - sflow.task.server_3 - INFO - 4:
2026-07-24 18:56:56,025 - sflow.task.server_3 - INFO - Loading weights:  83%|████████▎ | 1213/1458 [00:56<00:11, 20.82it/s]
2026-07-24 18:56:56,025 - sflow.task.server_3 - INFO - 0:
2026-07-24 18:56:56,025 - sflow.task.server_3 - INFO - Loading weights: 100%|█████████▉| 1454/1458 [00:58<00:00, 34.95it/s]
2026-07-24 18:56:56,127 - sflow.task.server_3 - INFO - 4:
2026-07-24 18:56:56,127 - sflow.task.server_3 - INFO - Loading weights:  84%|████████▍ | 1222/1458 [00:56<00:08, 28.09it/s]
2026-07-24 18:56:56,331 - sflow.task.server_3 - INFO - 0:
2026-07-24 18:56:56,331 - sflow.task.server_3 - INFO - Loading weights: 100%|██████████| 1458/1458 [00:59<00:00, 24.71it/s]
2026-07-24 18:56:56,792 - sflow.task.server_3 - INFO - 6:
2026-07-24 18:56:56,793 - sflow.task.server_3 - INFO - Loading weights:  84%|████████▍ | 1230/1458 [00:57<00:16, 13.83it/s]
2026-07-24 18:56:56,844 - sflow.task.server_3 - INFO - 5:
2026-07-24 18:56:56,844 - sflow.task.server_3 - INFO - Loading weights:  84%|████████▍ | 1230/1458 [00:57<00:13, 17.42it/s]
2026-07-24 18:56:56,895 - sflow.task.server_3 - INFO - 6:
2026-07-24 18:56:56,895 - sflow.task.server_3 - INFO - Loading weights:  85%|████████▍ | 1234/1458 [00:57<00:13, 16.05it/s]
2026-07-24 18:56:56,895 - sflow.task.server_3 - INFO - 7:
2026-07-24 18:56:56,895 - sflow.task.server_3 - INFO - Loading weights:  84%|████████▍ | 1230/1458 [00:57<00:13, 16.45it/s]
2026-07-24 18:56:56,946 - sflow.task.server_3 - INFO - 5:
2026-07-24 18:56:56,946 - sflow.task.server_3 - INFO - Loading weights:  85%|████████▍ | 1237/1458 [00:57<00:10, 21.73it/s]
2026-07-24 18:56:56,997 - sflow.task.server_3 - INFO - 0: Model init total -- 195.45s
2026-07-24 18:56:56,997 - sflow.task.server_3 - INFO - 0: [07/24/2026-18:56:56] [TRT-LLM] [RANK 0] [I] Using Sampler: TorchSampler
2026-07-24 18:56:56,997 - sflow.task.server_3 - INFO - 0: [07/24/2026-18:56:56] [TRT-LLM] [RANK 0] [I] [create_py_executor] Created execution_stream: <torch.cuda.Stream device=cuda:0 cuda_stream=0xf9cd39fc00a0>
2026-07-24 18:56:56,997 - sflow.task.server_3 - INFO - 7:
2026-07-24 18:56:56,997 - sflow.task.server_3 - INFO - Loading weights:  85%|████████▍ | 1237/1458 [00:57<00:10, 20.36it/s]
2026-07-24 18:56:56,997 - sflow.task.server_3 - INFO - 0: [07/24/2026-18:56:56] [TRT-LLM] [RANK 0] [I] [kv cache manager] Primary/secondary blocks for window sizes set to {23141: (1234, 0)} for estimation dry run
2026-07-24 18:56:56,997 - sflow.task.server_3 - INFO - 0: [07/24/2026-18:56:56] [TRT-LLM] [RANK 0] [I] Adjusted attention window size to 23141 in blocks_per_window
2026-07-24 18:56:56,997 - sflow.task.server_3 - INFO - 0: [07/24/2026-18:56:56] [TRT-LLM] [RANK 0] [I] [KVCacheManager] execution_stream: <torch.cuda.Stream device=cuda:0 cuda_stream=0xf9cd39fc00a0>
2026-07-24 18:56:56,997 - sflow.task.server_3 - INFO - 0: [TensorRT-LLM][INFO] Max KV cache blocks per sequence: 724 [window size=23141], tokens per block=32, primary blocks=1234, secondary blocks=0, max sequence length=23141
2026-07-24 18:56:57,048 - sflow.task.server_3 - INFO - 6:
2026-07-24 18:56:57,048 - sflow.task.server_3 - INFO - Loading weights:  85%|████████▌ | 1244/1458 [00:57<00:08, 23.85it/s]
2026-07-24 18:56:57,048 - sflow.task.server_3 - INFO - 4:
2026-07-24 18:56:57,048 - sflow.task.server_3 - INFO - Loading weights:  84%|████████▍ | 1230/1458 [00:57<00:14, 16.20it/s]
2026-07-24 18:56:57,099 - sflow.task.server_3 - INFO - 5:
2026-07-24 18:56:57,099 - sflow.task.server_3 - INFO - Loading weights:  85%|████████▌ | 1246/1458 [00:57<00:07, 28.53it/s]
2026-07-24 18:56:57,099 - sflow.task.server_3 - INFO - 7:
2026-07-24 18:56:57,099 - sflow.task.server_3 - INFO - Loading weights:  86%|████████▌ | 1247/1458 [00:57<00:07, 27.95it/s]
2026-07-24 18:56:57,099 - sflow.task.server_3 - INFO - 0: [TensorRT-LLM][INFO] Number of tokens per block: 32.
2026-07-24 18:56:57,099 - sflow.task.server_3 - INFO - 0: [TensorRT-LLM][INFO] [MemUsageChange] Allocated 1.29 GiB for max tokens in paged KV cache (39488).
2026-07-24 18:56:57,099 - sflow.task.server_3 - INFO - 0: [07/24/2026-18:56:57] [TRT-LLM] [RANK 0] [I] max_seq_len=23141, max_num_requests=512, max_num_tokens=3456, max_batch_size=512
2026-07-24 18:56:57,150 - sflow.task.server_3 - INFO - 6:
2026-07-24 18:56:57,150 - sflow.task.server_3 - INFO - Loading weights:  86%|████████▌ | 1249/1458 [00:57<00:07, 27.11it/s]
2026-07-24 18:56:57,202 - sflow.task.server_3 - INFO - 5:
2026-07-24 18:56:57,202 - sflow.task.server_3 - INFO - Loading weights:  86%|████████▌ | 1252/1458 [00:57<00:06, 32.53it/s]
2026-07-24 18:56:57,202 - sflow.task.server_3 - INFO - 4:
2026-07-24 18:56:57,202 - sflow.task.server_3 - INFO - Loading weights:  85%|████████▍ | 1237/1458 [00:57<00:10, 20.47it/s]
2026-07-24 18:56:57,303 - sflow.task.server_3 - INFO - 4:
2026-07-24 18:56:57,303 - sflow.task.server_3 - INFO - Loading weights:  85%|████████▌ | 1246/1458 [00:57<00:07, 27.66it/s]
2026-07-24 18:56:57,863 - sflow.task.server_3 - INFO - 7:
2026-07-24 18:56:57,863 - sflow.task.server_3 - INFO - Loading weights:  86%|████████▌ | 1254/1458 [00:58<00:11, 18.28it/s]
2026-07-24 18:56:57,966 - sflow.task.server_3 - INFO - 6:
2026-07-24 18:56:57,966 - sflow.task.server_3 - INFO - Loading weights:  86%|████████▌ | 1254/1458 [00:58<00:14, 14.44it/s]
2026-07-24 18:56:57,966 - sflow.task.server_3 - INFO - 7:
2026-07-24 18:56:57,966 - sflow.task.server_3 - INFO - Loading weights:  86%|████████▋ | 1259/1458 [00:58<00:09, 20.84it/s]
2026-07-24 18:56:58,069 - sflow.task.server_3 - INFO - 6:
2026-07-24 18:56:58,070 - sflow.task.server_3 - INFO - Loading weights:  86%|████████▋ | 1261/1458 [00:58<00:10, 19.61it/s]
2026-07-24 18:56:58,070 - sflow.task.server_3 - INFO - 7:
2026-07-24 18:56:58,070 - sflow.task.server_3 - INFO - Loading weights:  87%|████████▋ | 1270/1458 [00:58<00:06, 30.25it/s]
2026-07-24 18:56:58,070 - sflow.task.server_3 - INFO - 5:
2026-07-24 18:56:58,070 - sflow.task.server_3 - INFO - Loading weights:  86%|████████▋ | 1258/1458 [00:58<00:12, 16.17it/s]
2026-07-24 18:56:58,121 - sflow.task.server_3 - INFO - 4:
2026-07-24 18:56:58,121 - sflow.task.server_3 - INFO - Loading weights:  86%|████████▌ | 1254/1458 [00:58<00:11, 17.65it/s]
2026-07-24 18:56:58,173 - sflow.task.server_3 - INFO - 6:
2026-07-24 18:56:58,173 - sflow.task.server_3 - INFO - Loading weights:  87%|████████▋ | 1270/1458 [00:58<00:06, 27.47it/s]
2026-07-24 18:56:58,173 - sflow.task.server_3 - INFO - 5:
2026-07-24 18:56:58,173 - sflow.task.server_3 - INFO - Loading weights:  87%|████████▋ | 1268/1458 [00:58<00:08, 23.56it/s]
2026-07-24 18:56:58,224 - sflow.task.server_3 - INFO - 4:
2026-07-24 18:56:58,224 - sflow.task.server_3 - INFO - Loading weights:  86%|████████▋ | 1261/1458 [00:58<00:09, 21.85it/s]
2026-07-24 18:56:58,326 - sflow.task.server_3 - INFO - 5:
2026-07-24 18:56:58,326 - sflow.task.server_3 - INFO - Loading weights:  87%|████████▋ | 1275/1458 [00:58<00:06, 28.27it/s]
2026-07-24 18:56:58,378 - sflow.task.server_3 - INFO - 4:
2026-07-24 18:56:58,378 - sflow.task.server_3 - INFO - Loading weights:  87%|████████▋ | 1270/1458 [00:58<00:06, 28.63it/s]
2026-07-24 18:56:58,939 - sflow.task.server_3 - INFO - 6:
2026-07-24 18:56:58,939 - sflow.task.server_3 - INFO - Loading weights:  88%|████████▊ | 1278/1458 [00:59<00:10, 17.94it/s]
2026-07-24 18:56:58,990 - sflow.task.server_3 - INFO - 7:
2026-07-24 18:56:58,990 - sflow.task.server_3 - INFO - Loading weights:  88%|████████▊ | 1278/1458 [00:59<00:09, 18.10it/s]
2026-07-24 18:56:59,042 - sflow.task.server_3 - INFO - 6:
2026-07-24 18:56:59,042 - sflow.task.server_3 - INFO - Loading weights:  88%|████████▊ | 1285/1458 [00:59<00:07, 22.74it/s]
2026-07-24 18:56:59,093 - sflow.task.server_3 - INFO - 5:
2026-07-24 18:56:59,093 - sflow.task.server_3 - INFO - Loading weights:  88%|████████▊ | 1281/1458 [00:59<00:10, 17.21it/s]
2026-07-24 18:56:59,093 - sflow.task.server_3 - INFO - 7:
2026-07-24 18:56:59,093 - sflow.task.server_3 - INFO - Loading weights:  88%|████████▊ | 1285/1458 [00:59<00:07, 22.42it/s]
2026-07-24 18:56:59,195 - sflow.task.server_3 - INFO - 6:
2026-07-24 18:56:59,195 - sflow.task.server_3 - INFO - Loading weights:  89%|████████▊ | 1292/1458 [00:59<00:05, 28.10it/s]
2026-07-24 18:56:59,195 - sflow.task.server_3 - INFO - 4:
2026-07-24 18:56:59,195 - sflow.task.server_3 - INFO - Loading weights:  88%|████████▊ | 1278/1458 [00:59<00:09, 18.06it/s]
2026-07-24 18:56:59,195 - sflow.task.server_3 - INFO - 5:
2026-07-24 18:56:59,195 - sflow.task.server_3 - INFO - Loading weights:  89%|████████▊ | 1292/1458 [00:59<00:06, 25.27it/s]
2026-07-24 18:56:59,196 - sflow.task.server_3 - INFO - 7:
2026-07-24 18:56:59,196 - sflow.task.server_3 - INFO - Loading weights:  89%|████████▉ | 1294/1458 [00:59<00:05, 28.98it/s]
2026-07-24 18:56:59,297 - sflow.task.server_3 - INFO - 4:
2026-07-24 18:56:59,297 - sflow.task.server_3 - INFO - Loading weights:  88%|████████▊ | 1285/1458 [00:59<00:07, 22.46it/s]
2026-07-24 18:56:59,297 - sflow.task.server_3 - INFO - 5:
2026-07-24 18:56:59,297 - sflow.task.server_3 - INFO - Loading weights:  89%|████████▉ | 1298/1458 [00:59<00:05, 28.84it/s]
2026-07-24 18:56:59,297 - sflow.task.server_3 - INFO - 6:
2026-07-24 18:56:59,297 - sflow.task.server_3 - INFO - Loading weights:  89%|████████▉ | 1298/1458 [00:59<00:05, 31.05it/s]
2026-07-24 18:56:59,349 - sflow.task.server_3 - INFO - 7:
2026-07-24 18:56:59,349 - sflow.task.server_3 - INFO - Loading weights:  89%|████████▉ | 1300/1458 [00:59<00:04, 31.66it/s]
2026-07-24 18:56:59,399 - sflow.task.server_3 - INFO - 4:
2026-07-24 18:56:59,399 - sflow.task.server_3 - INFO - Loading weights:  89%|████████▉ | 1294/1458 [00:59<00:05, 29.54it/s]
2026-07-24 18:57:00,113 - sflow.task.server_3 - INFO - 6:
2026-07-24 18:57:00,113 - sflow.task.server_3 - INFO - Loading weights:  89%|████████▉ | 1303/1458 [01:00<00:09, 16.17it/s]
2026-07-24 18:57:00,165 - sflow.task.server_3 - INFO - 5:
2026-07-24 18:57:00,165 - sflow.task.server_3 - INFO - Loading weights:  89%|████████▉ | 1304/1458 [01:00<00:09, 16.23it/s]
2026-07-24 18:57:00,165 - sflow.task.server_3 - INFO - 7:
2026-07-24 18:57:00,165 - sflow.task.server_3 - INFO - Loading weights:  90%|████████▉ | 1306/1458 [01:00<00:08, 16.95it/s]
2026-07-24 18:57:00,216 - sflow.task.server_3 - INFO - 6:
2026-07-24 18:57:00,217 - sflow.task.server_3 - INFO - Loading weights:  90%|████████▉ | 1309/1458 [01:00<00:07, 20.30it/s]
2026-07-24 18:57:00,217 - sflow.task.server_3 - INFO - 4:
2026-07-24 18:57:00,217 - sflow.task.server_3 - INFO - Loading weights:  89%|████████▉ | 1302/1458 [01:00<00:08, 18.62it/s]
2026-07-24 18:57:00,319 - sflow.task.server_3 - INFO - 5:
2026-07-24 18:57:00,319 - sflow.task.server_3 - INFO - Loading weights:  90%|█████████ | 1316/1458 [01:00<00:05, 24.21it/s]
2026-07-24 18:57:00,319 - sflow.task.server_3 - INFO - 6:
2026-07-24 18:57:00,319 - sflow.task.server_3 - INFO - Loading weights:  90%|█████████ | 1316/1458 [01:00<00:05, 25.96it/s]
2026-07-24 18:57:00,319 - sflow.task.server_3 - INFO - 7:
2026-07-24 18:57:00,319 - sflow.task.server_3 - INFO - Loading weights:  90%|█████████ | 1316/1458 [01:00<00:05, 23.68it/s]
2026-07-24 18:57:00,319 - sflow.task.server_3 - INFO - 4:
2026-07-24 18:57:00,319 - sflow.task.server_3 - INFO - Loading weights:  90%|████████▉ | 1309/1458 [01:00<00:06, 22.83it/s]
2026-07-24 18:57:00,421 - sflow.task.server_3 - INFO - 6:
2026-07-24 18:57:00,421 - sflow.task.server_3 - INFO - Loading weights:  91%|█████████ | 1321/1458 [01:00<00:04, 28.55it/s]
2026-07-24 18:57:00,421 - sflow.task.server_3 - INFO - 7:
2026-07-24 18:57:00,421 - sflow.task.server_3 - INFO - Loading weights:  91%|█████████ | 1321/1458 [01:00<00:05, 25.99it/s]
2026-07-24 18:57:00,421 - sflow.task.server_3 - INFO - 5:
2026-07-24 18:57:00,421 - sflow.task.server_3 - INFO - Loading weights:  91%|█████████ | 1322/1458 [01:00<00:04, 27.39it/s]
2026-07-24 18:57:00,471 - sflow.task.server_3 - INFO - 4:
2026-07-24 18:57:00,471 - sflow.task.server_3 - INFO - Loading weights:  90%|█████████ | 1318/1458 [01:00<00:04, 29.82it/s]
2026-07-24 18:57:01,285 - sflow.task.server_3 - INFO - 4:
2026-07-24 18:57:01,285 - sflow.task.server_3 - INFO - Loading weights:  91%|█████████ | 1326/1458 [01:01<00:07, 18.69it/s]
2026-07-24 18:57:01,285 - sflow.task.server_3 - INFO - 6:
2026-07-24 18:57:01,285 - sflow.task.server_3 - INFO - Loading weights:  91%|█████████ | 1326/1458 [01:01<00:09, 14.44it/s]
2026-07-24 18:57:01,285 - sflow.task.server_3 - INFO - 7:
2026-07-24 18:57:01,285 - sflow.task.server_3 - INFO - Loading weights:  91%|█████████ | 1326/1458 [01:01<00:09, 14.60it/s]
2026-07-24 18:57:01,336 - sflow.task.server_3 - INFO - 5:
2026-07-24 18:57:01,336 - sflow.task.server_3 - INFO - Loading weights:  91%|█████████ | 1328/1458 [01:01<00:08, 15.35it/s]
2026-07-24 18:57:01,336 - sflow.task.server_3 - INFO - 4:
2026-07-24 18:57:01,336 - sflow.task.server_3 - INFO - Loading weights:  91%|█████████▏| 1331/1458 [01:01<00:05, 21.46it/s]
2026-07-24 18:57:01,387 - sflow.task.server_3 - INFO - 6:
2026-07-24 18:57:01,387 - sflow.task.server_3 - INFO - Loading weights:  91%|█████████ | 1330/1458 [01:01<00:07, 16.93it/s]
2026-07-24 18:57:01,387 - sflow.task.server_3 - INFO - 7:
2026-07-24 18:57:01,387 - sflow.task.server_3 - INFO - Loading weights:  91%|█████████▏| 1333/1458 [01:01<00:06, 19.40it/s]
2026-07-24 18:57:01,489 - sflow.task.server_3 - INFO - 6:
2026-07-24 18:57:01,489 - sflow.task.server_3 - INFO - Loading weights:  92%|█████████▏| 1340/1458 [01:01<00:04, 26.62it/s]
2026-07-24 18:57:01,489 - sflow.task.server_3 - INFO - 4:
2026-07-24 18:57:01,489 - sflow.task.server_3 - INFO - Loading weights:  92%|█████████▏| 1340/1458 [01:01<00:04, 28.70it/s]
2026-07-24 18:57:01,489 - sflow.task.server_3 - INFO - 5:
2026-07-24 18:57:01,489 - sflow.task.server_3 - INFO - Loading weights:  92%|█████████▏| 1340/1458 [01:01<00:05, 23.48it/s]
2026-07-24 18:57:01,489 - sflow.task.server_3 - INFO - 7:
2026-07-24 18:57:01,489 - sflow.task.server_3 - INFO - Loading weights:  92%|█████████▏| 1342/1458 [01:01<00:04, 26.52it/s]
2026-07-24 18:57:01,643 - sflow.task.server_3 - INFO - 6:
2026-07-24 18:57:01,643 - sflow.task.server_3 - INFO - Loading weights:  92%|█████████▏| 1346/1458 [01:02<00:03, 29.73it/s]
2026-07-24 18:57:01,643 - sflow.task.server_3 - INFO - 4:
2026-07-24 18:57:01,643 - sflow.task.server_3 - INFO - Loading weights:  92%|█████████▏| 1346/1458 [01:02<00:03, 31.25it/s]
2026-07-24 18:57:01,643 - sflow.task.server_3 - INFO - 5:
2026-07-24 18:57:01,643 - sflow.task.server_3 - INFO - Loading weights:  92%|█████████▏| 1346/1458 [01:02<00:04, 26.16it/s]
2026-07-24 18:57:01,643 - sflow.task.server_3 - INFO - 7:
2026-07-24 18:57:01,643 - sflow.task.server_3 - INFO - Loading weights:  92%|█████████▏| 1348/1458 [01:02<00:03, 29.41it/s]
2026-07-24 18:57:01,806 - sflow.task.server_3 - INFO - 6:
2026-07-24 18:57:01,806 - sflow.task.server_3 - INFO - Loading weights:  93%|█████████▎| 1351/1458 [01:02<00:03, 28.09it/s]
2026-07-24 18:57:01,909 - sflow.task.server_3 - INFO - 7:
2026-07-24 18:57:01,909 - sflow.task.server_3 - INFO - Loading weights:  93%|█████████▎| 1353/1458 [01:02<00:03, 26.30it/s]
2026-07-24 18:57:01,961 - sflow.task.server_3 - INFO - 6:
2026-07-24 18:57:01,961 - sflow.task.server_3 - INFO - Loading weights:  93%|█████████▎| 1357/1458 [01:02<00:03, 32.49it/s]
2026-07-24 18:57:01,961 - sflow.task.server_3 - INFO - 4:
2026-07-24 18:57:01,961 - sflow.task.server_3 - INFO - Loading weights:  93%|█████████▎| 1352/1458 [01:02<00:04, 26.30it/s]
2026-07-24 18:57:01,961 - sflow.task.server_3 - INFO - 5:
2026-07-24 18:57:01,961 - sflow.task.server_3 - INFO - Loading weights:  93%|█████████▎| 1352/1458 [01:02<00:04, 23.53it/s]
2026-07-24 18:57:02,013 - sflow.task.server_3 - INFO - 7:
2026-07-24 18:57:02,013 - sflow.task.server_3 - INFO - Loading weights:  94%|█████████▎| 1364/1458 [01:02<00:02, 37.66it/s]
2026-07-24 18:57:02,064 - sflow.task.server_3 - INFO - 6:
2026-07-24 18:57:02,064 - sflow.task.server_3 - INFO - Loading weights:  94%|█████████▍| 1367/1458 [01:02<00:02, 45.06it/s]
2026-07-24 18:57:02,064 - sflow.task.server_3 - INFO - 5:
2026-07-24 18:57:02,064 - sflow.task.server_3 - INFO - Loading weights:  93%|█████████▎| 1363/1458 [01:02<00:02, 33.97it/s]
2026-07-24 18:57:02,064 - sflow.task.server_3 - INFO - 4:
2026-07-24 18:57:02,064 - sflow.task.server_3 - INFO - Loading weights:  93%|█████████▎| 1363/1458 [01:02<00:02, 37.63it/s]
2026-07-24 18:57:02,115 - sflow.task.server_3 - INFO - 7:
2026-07-24 18:57:02,115 - sflow.task.server_3 - INFO - Loading weights:  94%|█████████▍| 1371/1458 [01:02<00:02, 43.05it/s]
2026-07-24 18:57:02,166 - sflow.task.server_3 - INFO - 5:
2026-07-24 18:57:02,166 - sflow.task.server_3 - INFO - Loading weights:  94%|█████████▍| 1370/1458 [01:02<00:02, 38.03it/s]
2026-07-24 18:57:02,166 - sflow.task.server_3 - INFO - 4:
2026-07-24 18:57:02,166 - sflow.task.server_3 - INFO - Loading weights:  94%|█████████▍| 1369/1458 [01:02<00:02, 39.36it/s]
2026-07-24 18:57:02,931 - sflow.task.server_3 - INFO - 6:
2026-07-24 18:57:02,932 - sflow.task.server_3 - INFO - Loading weights:  94%|█████████▍| 1374/1458 [01:03<00:04, 18.93it/s]
2026-07-24 18:57:02,983 - sflow.task.server_3 - INFO - 7:
2026-07-24 18:57:02,983 - sflow.task.server_3 - INFO - Loading weights:  94%|█████████▍| 1377/1458 [01:03<00:04, 18.74it/s]
2026-07-24 18:57:02,983 - sflow.task.server_3 - INFO - 4:
2026-07-24 18:57:02,983 - sflow.task.server_3 - INFO - Loading weights:  94%|█████████▍| 1375/1458 [01:03<00:04, 18.78it/s]
2026-07-24 18:57:03,034 - sflow.task.server_3 - INFO - 6:
2026-07-24 18:57:03,034 - sflow.task.server_3 - INFO - Loading weights:  95%|█████████▍| 1381/1458 [01:03<00:03, 24.05it/s]
2026-07-24 18:57:03,034 - sflow.task.server_3 - INFO - 5:
2026-07-24 18:57:03,034 - sflow.task.server_3 - INFO - Loading weights:  94%|█████████▍| 1377/1458 [01:03<00:04, 18.88it/s]
2026-07-24 18:57:03,085 - sflow.task.server_3 - INFO - 4:
2026-07-24 18:57:03,085 - sflow.task.server_3 - INFO - Loading weights:  95%|█████████▍| 1381/1458 [01:03<00:03, 22.70it/s]
2026-07-24 18:57:03,136 - sflow.task.server_3 - INFO - 6:
2026-07-24 18:57:03,136 - sflow.task.server_3 - INFO - Loading weights:  95%|█████████▌| 1388/1458 [01:03<00:02, 29.60it/s]
2026-07-24 18:57:03,136 - sflow.task.server_3 - INFO - 7:
2026-07-24 18:57:03,136 - sflow.task.server_3 - INFO - Loading weights:  95%|█████████▌| 1388/1458 [01:03<00:02, 26.29it/s]
2026-07-24 18:57:03,188 - sflow.task.server_3 - INFO - 5:
2026-07-24 18:57:03,188 - sflow.task.server_3 - INFO - Loading weights:  95%|█████████▌| 1388/1458 [01:03<00:02, 26.76it/s]
2026-07-24 18:57:03,239 - sflow.task.server_3 - INFO - 4:
2026-07-24 18:57:03,239 - sflow.task.server_3 - INFO - Loading weights:  95%|█████████▌| 1390/1458 [01:03<00:02, 30.93it/s]
2026-07-24 18:57:03,290 - sflow.task.server_3 - INFO - 6:
2026-07-24 18:57:03,290 - sflow.task.server_3 - INFO - Loading weights:  96%|█████████▌| 1394/1458 [01:03<00:01, 32.68it/s]
2026-07-24 18:57:03,290 - sflow.task.server_3 - INFO - 7:
2026-07-24 18:57:03,290 - sflow.task.server_3 - INFO - Loading weights:  96%|█████████▌| 1394/1458 [01:03<00:02, 29.25it/s]
2026-07-24 18:57:03,290 - sflow.task.server_3 - INFO - 5:
2026-07-24 18:57:03,290 - sflow.task.server_3 - INFO - Loading weights:  96%|█████████▌| 1395/1458 [01:03<00:02, 30.94it/s]
2026-07-24 18:57:04,003 - sflow.task.server_3 - INFO - 4:
2026-07-24 18:57:04,003 - sflow.task.server_3 - INFO - Loading weights:  96%|█████████▌| 1398/1458 [01:04<00:03, 18.49it/s]
2026-07-24 18:57:04,054 - sflow.task.server_3 - INFO - 7:
2026-07-24 18:57:04,054 - sflow.task.server_3 - INFO - Loading weights:  96%|█████████▌| 1399/1458 [01:04<00:03, 16.50it/s]
2026-07-24 18:57:04,157 - sflow.task.server_3 - INFO - 6:
2026-07-24 18:57:04,157 - sflow.task.server_3 - INFO - Loading weights:  96%|█████████▌| 1400/1458 [01:04<00:03, 16.14it/s]
2026-07-24 18:57:04,157 - sflow.task.server_3 - INFO - 4:
2026-07-24 18:57:04,157 - sflow.task.server_3 - INFO - Loading weights:  96%|█████████▋| 1405/1458 [01:04<00:02, 23.01it/s]
2026-07-24 18:57:04,157 - sflow.task.server_3 - INFO - 7:
2026-07-24 18:57:04,157 - sflow.task.server_3 - INFO - Loading weights:  96%|█████████▋| 1405/1458 [01:04<00:02, 20.39it/s]
2026-07-24 18:57:04,157 - sflow.task.server_3 - INFO - 5:
2026-07-24 18:57:04,157 - sflow.task.server_3 - INFO - Loading weights:  96%|█████████▌| 1401/1458 [01:04<00:03, 16.97it/s]
2026-07-24 18:57:04,259 - sflow.task.server_3 - INFO - 6:
2026-07-24 18:57:04,259 - sflow.task.server_3 - INFO - Loading weights:  97%|█████████▋| 1411/1458 [01:04<00:01, 25.05it/s]
2026-07-24 18:57:04,259 - sflow.task.server_3 - INFO - 5:
2026-07-24 18:57:04,259 - sflow.task.server_3 - INFO - Loading weights:  97%|█████████▋| 1412/1458 [01:04<00:01, 24.84it/s]
2026-07-24 18:57:04,259 - sflow.task.server_3 - INFO - 4:
2026-07-24 18:57:04,259 - sflow.task.server_3 - INFO - Loading weights:  97%|█████████▋| 1414/1458 [01:04<00:01, 29.45it/s]
2026-07-24 18:57:04,259 - sflow.task.server_3 - INFO - 7:
2026-07-24 18:57:04,259 - sflow.task.server_3 - INFO - Loading weights:  97%|█████████▋| 1414/1458 [01:04<00:01, 27.63it/s]
2026-07-24 18:57:04,362 - sflow.task.server_3 - INFO - 5:
2026-07-24 18:57:04,362 - sflow.task.server_3 - INFO - Loading weights:  97%|█████████▋| 1418/1458 [01:04<00:01, 28.64it/s]
2026-07-24 18:57:04,362 - sflow.task.server_3 - INFO - 6:
2026-07-24 18:57:04,362 - sflow.task.server_3 - INFO - Loading weights:  97%|█████████▋| 1417/1458 [01:04<00:01, 28.02it/s]
2026-07-24 18:57:04,414 - sflow.task.server_3 - INFO - 4:
2026-07-24 18:57:04,414 - sflow.task.server_3 - INFO - Loading weights:  97%|█████████▋| 1420/1458 [01:04<00:01, 32.53it/s]
2026-07-24 18:57:04,414 - sflow.task.server_3 - INFO - 7:
2026-07-24 18:57:04,414 - sflow.task.server_3 - INFO - Loading weights:  97%|█████████▋| 1420/1458 [01:04<00:01, 31.14it/s]
2026-07-24 18:57:04,617 - sflow.task.server_3 - INFO - 6:
2026-07-24 18:57:04,617 - sflow.task.server_3 - INFO - Loading weights:  98%|█████████▊| 1423/1458 [01:05<00:01, 27.87it/s]
2026-07-24 18:57:04,718 - sflow.task.server_3 - INFO - 6:
2026-07-24 18:57:04,718 - sflow.task.server_3 - INFO - Loading weights:  98%|█████████▊| 1428/1458 [01:05<00:00, 31.03it/s]
2026-07-24 18:57:04,718 - sflow.task.server_3 - INFO - 7:
2026-07-24 18:57:04,718 - sflow.task.server_3 - INFO - Loading weights:  98%|█████████▊| 1425/1458 [01:05<00:01, 25.69it/s]
2026-07-24 18:57:04,718 - sflow.task.server_3 - INFO - 4:
2026-07-24 18:57:04,718 - sflow.task.server_3 - INFO - Loading weights:  98%|█████████▊| 1426/1458 [01:05<00:01, 27.47it/s]
2026-07-24 18:57:04,718 - sflow.task.server_3 - INFO - 5:
2026-07-24 18:57:04,718 - sflow.task.server_3 - INFO - Loading weights:  98%|█████████▊| 1424/1458 [01:05<00:01, 24.67it/s]
2026-07-24 18:57:04,821 - sflow.task.server_3 - INFO - 6:
2026-07-24 18:57:04,821 - sflow.task.server_3 - INFO - Loading weights:  98%|█████████▊| 1436/1458 [01:05<00:00, 39.52it/s]
2026-07-24 18:57:04,821 - sflow.task.server_3 - INFO - 7:
2026-07-24 18:57:04,821 - sflow.task.server_3 - INFO - Loading weights:  98%|█████████▊| 1436/1458 [01:05<00:00, 37.38it/s]
2026-07-24 18:57:04,821 - sflow.task.server_3 - INFO - 4:
2026-07-24 18:57:04,821 - sflow.task.server_3 - INFO - Loading weights:  99%|█████████▊| 1438/1458 [01:05<00:00, 39.59it/s]
2026-07-24 18:57:04,871 - sflow.task.server_3 - INFO - 5:
2026-07-24 18:57:04,871 - sflow.task.server_3 - INFO - Loading weights:  98%|█████████▊| 1436/1458 [01:05<00:00, 35.76it/s]
2026-07-24 18:57:04,922 - sflow.task.server_3 - INFO - 6:
2026-07-24 18:57:04,922 - sflow.task.server_3 - INFO - Loading weights:  99%|█████████▉| 1442/1458 [01:05<00:00, 41.76it/s]
2026-07-24 18:57:04,972 - sflow.task.server_3 - INFO - 7:
2026-07-24 18:57:04,972 - sflow.task.server_3 - INFO - Loading weights:  99%|█████████▉| 1443/1458 [01:05<00:00, 41.19it/s]
2026-07-24 18:57:04,972 - sflow.task.server_3 - INFO - 4:
2026-07-24 18:57:04,972 - sflow.task.server_3 - INFO - Loading weights:  99%|█████████▉| 1444/1458 [01:05<00:00, 41.48it/s]
2026-07-24 18:57:04,972 - sflow.task.server_3 - INFO - 5:
2026-07-24 18:57:04,972 - sflow.task.server_3 - INFO - Loading weights:  99%|█████████▉| 1443/1458 [01:05<00:00, 39.22it/s]
2026-07-24 18:57:05,736 - sflow.task.server_3 - INFO - 5:
2026-07-24 18:57:05,736 - sflow.task.server_3 - INFO - Loading weights:  99%|█████████▉| 1449/1458 [01:06<00:00, 20.48it/s]
2026-07-24 18:57:05,736 - sflow.task.server_3 - INFO - 7:
2026-07-24 18:57:05,736 - sflow.task.server_3 - INFO - Loading weights:  99%|█████████▉| 1449/1458 [01:06<00:00, 19.51it/s]
2026-07-24 18:57:05,736 - sflow.task.server_3 - INFO - 6:
2026-07-24 18:57:05,736 - sflow.task.server_3 - INFO - Loading weights:  99%|█████████▉| 1448/1458 [01:06<00:00, 18.14it/s]
2026-07-24 18:57:05,736 - sflow.task.server_3 - INFO - 4:
2026-07-24 18:57:05,736 - sflow.task.server_3 - INFO - Loading weights:  99%|█████████▉| 1450/1458 [01:06<00:00, 19.85it/s]
2026-07-24 18:57:07,165 - sflow.task.server_3 - INFO - 7:
2026-07-24 18:57:07,165 - sflow.task.server_3 - INFO - Loading weights: 100%|█████████▉| 1456/1458 [01:07<00:00, 10.41it/s]
2026-07-24 18:57:07,165 - sflow.task.server_3 - INFO - 7:
2026-07-24 18:57:07,165 - sflow.task.server_3 - INFO - Loading weights: 100%|██████████| 1458/1458 [01:07<00:00, 21.59it/s]
2026-07-24 18:57:07,165 - sflow.task.server_3 - INFO - 6:
2026-07-24 18:57:07,165 - sflow.task.server_3 - INFO - Loading weights: 100%|█████████▉| 1456/1458 [01:07<00:00, 10.28it/s]
2026-07-24 18:57:07,165 - sflow.task.server_3 - INFO - 6:
2026-07-24 18:57:07,165 - sflow.task.server_3 - INFO - Loading weights: 100%|██████████| 1458/1458 [01:07<00:00, 21.59it/s]
2026-07-24 18:57:07,165 - sflow.task.server_3 - INFO - 5:
2026-07-24 18:57:07,165 - sflow.task.server_3 - INFO - Loading weights: 100%|█████████▉| 1456/1458 [01:07<00:00, 10.74it/s]
2026-07-24 18:57:07,165 - sflow.task.server_3 - INFO - 5:
2026-07-24 18:57:07,165 - sflow.task.server_3 - INFO - Loading weights: 100%|██████████| 1458/1458 [01:07<00:00, 21.59it/s]
2026-07-24 18:57:07,165 - sflow.task.server_3 - INFO - 4:
2026-07-24 18:57:07,165 - sflow.task.server_3 - INFO - Loading weights: 100%|█████████▉| 1456/1458 [01:07<00:00, 10.14it/s]
2026-07-24 18:57:07,165 - sflow.task.server_3 - INFO - 4:
2026-07-24 18:57:07,165 - sflow.task.server_3 - INFO - Loading weights: 100%|██████████| 1458/1458 [01:07<00:00, 21.59it/s]
2026-07-24 18:57:07,776 - sflow.task.server_3 - INFO - 4: [TensorRT-LLM][INFO] Max KV cache blocks per sequence: 724 [window size=23141], tokens per block=32, primary blocks=1234, secondary blocks=0, max sequence length=23141
2026-07-24 18:57:07,928 - sflow.task.server_3 - INFO - 4: [TensorRT-LLM][INFO] Number of tokens per block: 32.
2026-07-24 18:57:07,929 - sflow.task.server_3 - INFO - 4: [TensorRT-LLM][INFO] [MemUsageChange] Allocated 1.29 GiB for max tokens in paged KV cache (39488).
2026-07-24 18:57:07,929 - sflow.task.server_3 - INFO - 7: [TensorRT-LLM][INFO] Max KV cache blocks per sequence: 724 [window size=23141], tokens per block=32, primary blocks=1234, secondary blocks=0, max sequence length=23141
2026-07-24 18:57:07,929 - sflow.task.server_3 - INFO - 6: [TensorRT-LLM][INFO] Max KV cache blocks per sequence: 724 [window size=23141], tokens per block=32, primary blocks=1234, secondary blocks=0, max sequence length=23141
2026-07-24 18:57:07,929 - sflow.task.server_3 - INFO - 5: [TensorRT-LLM][INFO] Max KV cache blocks per sequence: 724 [window size=23141], tokens per block=32, primary blocks=1234, secondary blocks=0, max sequence length=23141
2026-07-24 18:57:08,286 - sflow.task.server_3 - INFO - 6: [TensorRT-LLM][INFO] Number of tokens per block: 32.
2026-07-24 18:57:08,286 - sflow.task.server_3 - INFO - 6: [TensorRT-LLM][INFO] [MemUsageChange] Allocated 1.29 GiB for max tokens in paged KV cache (39488).
2026-07-24 18:57:08,286 - sflow.task.server_3 - INFO - 7: [TensorRT-LLM][INFO] Number of tokens per block: 32.
2026-07-24 18:57:08,286 - sflow.task.server_3 - INFO - 7: [TensorRT-LLM][INFO] [MemUsageChange] Allocated 1.29 GiB for max tokens in paged KV cache (39488).
2026-07-24 18:57:08,286 - sflow.task.server_3 - INFO - 5: [TensorRT-LLM][INFO] Number of tokens per block: 32.
2026-07-24 18:57:08,286 - sflow.task.server_3 - INFO - 5: [TensorRT-LLM][INFO] [MemUsageChange] Allocated 1.29 GiB for max tokens in paged KV cache (39488).
2026-07-24 18:57:08,286 - sflow.task.server_3 - INFO - 6: [TensorRT-LLM][INFO] CacheTransBufferManager: mMaxNumTokens:0, mRecvBufferCount:1, mSendBufferCount:1,mTransferBufferSize:536870912, mPreAllocBufferSize:1073741824,mOnlyUseDynamicBuffer:0 mUseFabricMemory:1 mDataType:6
2026-07-24 18:57:08,286 - sflow.task.server_3 - INFO - 2: [TensorRT-LLM][INFO] CacheTransBufferManager: mMaxNumTokens:0, mRecvBufferCount:1, mSendBufferCount:1,mTransferBufferSize:536870912, mPreAllocBufferSize:1073741824,mOnlyUseDynamicBuffer:0 mUseFabricMemory:1 mDataType:6
2026-07-24 18:57:08,286 - sflow.task.server_3 - INFO - 0: [TensorRT-LLM][INFO] CacheTransBufferManager: mMaxNumTokens:0, mRecvBufferCount:1, mSendBufferCount:1,mTransferBufferSize:536870912, mPreAllocBufferSize:1073741824,mOnlyUseDynamicBuffer:0 mUseFabricMemory:1 mDataType:6
2026-07-24 18:57:08,286 - sflow.task.server_3 - INFO - 3: [TensorRT-LLM][INFO] CacheTransBufferManager: mMaxNumTokens:0, mRecvBufferCount:1, mSendBufferCount:1,mTransferBufferSize:536870912, mPreAllocBufferSize:1073741824,mOnlyUseDynamicBuffer:0 mUseFabricMemory:1 mDataType:6
2026-07-24 18:57:08,337 - sflow.task.server_3 - INFO - 7: [TensorRT-LLM][INFO] CacheTransBufferManager: mMaxNumTokens:0, mRecvBufferCount:1, mSendBufferCount:1,mTransferBufferSize:536870912, mPreAllocBufferSize:1073741824,mOnlyUseDynamicBuffer:0 mUseFabricMemory:1 mDataType:6
2026-07-24 18:57:08,337 - sflow.task.server_3 - INFO - 5: [TensorRT-LLM][INFO] CacheTransBufferManager: mMaxNumTokens:0, mRecvBufferCount:1, mSendBufferCount:1,mTransferBufferSize:536870912, mPreAllocBufferSize:1073741824,mOnlyUseDynamicBuffer:0 mUseFabricMemory:1 mDataType:6
2026-07-24 18:57:08,337 - sflow.task.server_3 - INFO - 4: [TensorRT-LLM][INFO] CacheTransBufferManager: mMaxNumTokens:0, mRecvBufferCount:1, mSendBufferCount:1,mTransferBufferSize:536870912, mPreAllocBufferSize:1073741824,mOnlyUseDynamicBuffer:0 mUseFabricMemory:1 mDataType:6
2026-07-24 18:57:08,388 - sflow.task.server_3 - INFO - 1: [TensorRT-LLM][INFO] CacheTransBufferManager: mMaxNumTokens:0, mRecvBufferCount:1, mSendBufferCount:1,mTransferBufferSize:536870912, mPreAllocBufferSize:1073741824,mOnlyUseDynamicBuffer:0 mUseFabricMemory:1 mDataType:6
2026-07-24 18:57:08,644 - sflow.task.server_3 - INFO - 0: [TensorRT-LLM][INFO] dlopen: libtensorrt_llm_nixl_wrapper.so
2026-07-24 18:57:08,644 - sflow.task.server_3 - INFO - 3: [TensorRT-LLM][INFO] dlopen: libtensorrt_llm_nixl_wrapper.so
2026-07-24 18:57:08,644 - sflow.task.server_3 - INFO - 2: [TensorRT-LLM][INFO] dlopen: libtensorrt_llm_nixl_wrapper.so
2026-07-24 18:57:08,644 - sflow.task.server_3 - INFO - 1: [TensorRT-LLM][INFO] dlopen: libtensorrt_llm_nixl_wrapper.so
2026-07-24 18:57:08,644 - sflow.task.server_3 - INFO - 1: [TensorRT-LLM][INFO] NixlTransferAgent::NixlTransferAgent using NIXL backend: UCX
2026-07-24 18:57:08,644 - sflow.task.server_3 - INFO - 0: [TensorRT-LLM][INFO] NixlTransferAgent::NixlTransferAgent using NIXL backend: UCX
2026-07-24 18:57:08,644 - sflow.task.server_3 - INFO - 3: [TensorRT-LLM][INFO] NixlTransferAgent::NixlTransferAgent using NIXL backend: UCX
2026-07-24 18:57:08,644 - sflow.task.server_3 - INFO - 4: [TensorRT-LLM][INFO] dlopen: libtensorrt_llm_nixl_wrapper.so
2026-07-24 18:57:08,644 - sflow.task.server_3 - INFO - 7: [TensorRT-LLM][INFO] dlopen: libtensorrt_llm_nixl_wrapper.so
2026-07-24 18:57:08,644 - sflow.task.server_3 - INFO - 6: [TensorRT-LLM][INFO] dlopen: libtensorrt_llm_nixl_wrapper.so
2026-07-24 18:57:08,644 - sflow.task.server_3 - INFO - 5: [TensorRT-LLM][INFO] dlopen: libtensorrt_llm_nixl_wrapper.so
2026-07-24 18:57:08,644 - sflow.task.server_3 - INFO - 2: [TensorRT-LLM][INFO] NixlTransferAgent::NixlTransferAgent using NIXL backend: UCX
2026-07-24 18:57:08,644 - sflow.task.server_3 - INFO - 7: [TensorRT-LLM][INFO] NixlTransferAgent::NixlTransferAgent using NIXL backend: UCX
2026-07-24 18:57:08,644 - sflow.task.server_3 - INFO - 6: [TensorRT-LLM][INFO] NixlTransferAgent::NixlTransferAgent using NIXL backend: UCX
2026-07-24 18:57:08,644 - sflow.task.server_3 - INFO - 5: [TensorRT-LLM][INFO] NixlTransferAgent::NixlTransferAgent using NIXL backend: UCX
2026-07-24 18:57:08,644 - sflow.task.server_3 - INFO - 4: [TensorRT-LLM][INFO] NixlTransferAgent::NixlTransferAgent using NIXL backend: UCX
2026-07-24 18:57:09,000 - sflow.task.server_3 - INFO - 4: [TensorRT-LLM][INFO] NixlTransferAgent::NixlTransferAgent mAddress: 10.128.0.47:48113
2026-07-24 18:57:09,000 - sflow.task.server_3 - INFO - 6: [TensorRT-LLM][INFO] NixlTransferAgent::NixlTransferAgent mAddress: 10.128.0.47:34465
2026-07-24 18:57:09,000 - sflow.task.server_3 - INFO - 7: [TensorRT-LLM][INFO] NixlTransferAgent::NixlTransferAgent mAddress: 10.128.0.47:49087
2026-07-24 18:57:09,000 - sflow.task.server_3 - INFO - 5: [TensorRT-LLM][INFO] NixlTransferAgent::NixlTransferAgent mAddress: 10.128.0.47:53045
2026-07-24 18:57:09,051 - sflow.task.server_3 - INFO - 3: [TensorRT-LLM][INFO] NixlTransferAgent::NixlTransferAgent mAddress: 10.128.0.38:36913
2026-07-24 18:57:09,051 - sflow.task.server_3 - INFO - 1: [TensorRT-LLM][INFO] NixlTransferAgent::NixlTransferAgent mAddress: 10.128.0.38:58413
2026-07-24 18:57:09,051 - sflow.task.server_3 - INFO - 0: [TensorRT-LLM][INFO] NixlTransferAgent::NixlTransferAgent mAddress: 10.128.0.38:56753
2026-07-24 18:57:09,051 - sflow.task.server_3 - INFO - 2: [TensorRT-LLM][INFO] NixlTransferAgent::NixlTransferAgent mAddress: 10.128.0.38:41469
2026-07-24 18:57:09,051 - sflow.task.server_3 - INFO - 1: [TensorRT-LLM][INFO] NIXL Connection Manager created
2026-07-24 18:57:09,051 - sflow.task.server_3 - INFO - 0: [TensorRT-LLM][INFO] NIXL Connection Manager created
2026-07-24 18:57:09,051 - sflow.task.server_3 - INFO - 2: [TensorRT-LLM][INFO] NIXL Connection Manager created
2026-07-24 18:57:09,051 - sflow.task.server_3 - INFO - 3: [TensorRT-LLM][INFO] NIXL Connection Manager created
2026-07-24 18:57:09,051 - sflow.task.server_3 - INFO - 5: [TensorRT-LLM][INFO] NIXL Connection Manager created
2026-07-24 18:57:09,051 - sflow.task.server_3 - INFO - 6: [TensorRT-LLM][INFO] NIXL Connection Manager created
2026-07-24 18:57:09,051 - sflow.task.server_3 - INFO - 7: [TensorRT-LLM][INFO] NIXL Connection Manager created
2026-07-24 18:57:09,051 - sflow.task.server_3 - INFO - 4: [TensorRT-LLM][INFO] NIXL Connection Manager created
2026-07-24 18:57:09,051 - sflow.task.server_3 - INFO - 0: [07/24/2026-18:57:09] [TRT-LLM] [RANK 0] [I] [PyExecutor] execution_stream initialized: <torch.cuda.Stream device=cuda:0 cuda_stream=0xf9cd39fc00a0>.
2026-07-24 18:57:09,051 - sflow.task.server_3 - INFO - 0: [07/24/2026-18:57:09] [TRT-LLM] [RANK 0] [I] Running autotuner warmup...
2026-07-24 18:57:09,051 - sflow.task.server_3 - INFO - 0: [07/24/2026-18:57:09] [TRT-LLM] [RANK 0] [I] [Autotuner] Autotuning process starts ...
2026-07-24 18:57:09,102 - sflow.task.server_3 - INFO - 6: Model init total -- 205.99s
2026-07-24 18:57:09,102 - sflow.task.server_3 - INFO - 7: Model init total -- 206.09s
2026-07-24 18:57:09,102 - sflow.task.server_3 - INFO - 5: Model init total -- 206.05s
2026-07-24 18:57:09,102 - sflow.task.server_3 - INFO - 4: Model init total -- 205.68s
2026-07-24 18:57:09,102 - sflow.task.server_3 - INFO - 1: Model init total -- 187.48s
2026-07-24 18:57:09,102 - sflow.task.server_3 - INFO - 3: Model init total -- 186.78s
2026-07-24 18:57:09,102 - sflow.task.server_3 - INFO - 2: Model init total -- 186.08s
2026-07-24 18:57:25,091 - sflow.task.server_3 - INFO - 3: [TensorRT-LLM][WARNING] Attention workspace size is not enough, increase the size from 0 bytes to 769755136 bytes
2026-07-24 18:57:25,243 - sflow.task.server_3 - INFO - 2: [TensorRT-LLM][WARNING] Attention workspace size is not enough, increase the size from 0 bytes to 769755136 bytes
2026-07-24 18:57:25,598 - sflow.task.server_3 - INFO - 4: [TensorRT-LLM][WARNING] Attention workspace size is not enough, increase the size from 0 bytes to 769755136 bytes
2026-07-24 18:57:25,598 - sflow.task.server_3 - INFO - 0: [TensorRT-LLM][WARNING] Attention workspace size is not enough, increase the size from 0 bytes to 769755136 bytes
2026-07-24 18:57:25,649 - sflow.task.server_3 - INFO - 5: [TensorRT-LLM][WARNING] Attention workspace size is not enough, increase the size from 0 bytes to 769755136 bytes
2026-07-24 18:57:25,750 - sflow.task.server_3 - INFO - 6: [TensorRT-LLM][WARNING] Attention workspace size is not enough, increase the size from 0 bytes to 769755136 bytes
2026-07-24 18:57:25,750 - sflow.task.server_3 - INFO - 1: [TensorRT-LLM][WARNING] Attention workspace size is not enough, increase the size from 0 bytes to 769755136 bytes
2026-07-24 18:57:25,902 - sflow.task.server_3 - INFO - 7: [TensorRT-LLM][WARNING] Attention workspace size is not enough, increase the size from 0 bytes to 769755136 bytes
2026-07-24 18:58:05,902 - sflow.task.server_3 - INFO - 0: [07/24/2026-18:58:05] [TRT-LLM] [RANK 0] [I] [Autotuner] Autotuning process ends
2026-07-24 18:58:05,902 - sflow.task.server_3 - INFO - 0: [07/24/2026-18:58:05] [TRT-LLM] [RANK 0] [I] [Autotuner] Cache size after warmup is 131
2026-07-24 18:58:05,902 - sflow.task.server_3 - INFO - 0: [07/24/2026-18:58:05] [TRT-LLM] [RANK 0] [I] Creating CUDA graph instances for 11 batch sizes.
2026-07-24 18:58:05,902 - sflow.task.server_3 - INFO - 0: [07/24/2026-18:58:05] [TRT-LLM] [RANK 0] [I] Run generation-only CUDA graph warmup for batch size=512, draft_len=0, max_seq_len=23140
2026-07-24 18:58:05,902 - sflow.task.server_3 - INFO - 0: [TensorRT-LLM][WARNING] Attention workspace size is not enough, increase the size from 0 bytes to 167848960 bytes
2026-07-24 18:58:05,902 - sflow.task.server_3 - INFO - 7: [TensorRT-LLM][WARNING] Attention workspace size is not enough, increase the size from 0 bytes to 167848960 bytes
2026-07-24 18:58:05,902 - sflow.task.server_3 - INFO - 6: [TensorRT-LLM][WARNING] Attention workspace size is not enough, increase the size from 0 bytes to 167848960 bytes
2026-07-24 18:58:05,902 - sflow.task.server_3 - INFO - 1: [TensorRT-LLM][WARNING] Attention workspace size is not enough, increase the size from 0 bytes to 167848960 bytes
2026-07-24 18:58:05,902 - sflow.task.server_3 - INFO - 4: [TensorRT-LLM][WARNING] Attention workspace size is not enough, increase the size from 0 bytes to 167848960 bytes
2026-07-24 18:58:05,902 - sflow.task.server_3 - INFO - 3: [TensorRT-LLM][WARNING] Attention workspace size is not enough, increase the size from 0 bytes to 167848960 bytes
2026-07-24 18:58:05,902 - sflow.task.server_3 - INFO - 5: [TensorRT-LLM][WARNING] Attention workspace size is not enough, increase the size from 0 bytes to 167848960 bytes
2026-07-24 18:58:05,902 - sflow.task.server_3 - INFO - 2: [TensorRT-LLM][WARNING] Attention workspace size is not enough, increase the size from 0 bytes to 167848960 bytes
2026-07-24 18:58:06,863 - sflow.task.server_3 - INFO - 0: [07/24/2026-18:58:06] [TRT-LLM] [RANK 0] [I] Run generation-only CUDA graph warmup for batch size=384, draft_len=0, max_seq_len=23140
2026-07-24 18:58:07,520 - sflow.task.server_3 - INFO - 0: [07/24/2026-18:58:07] [TRT-LLM] [RANK 0] [I] Run generation-only CUDA graph warmup for batch size=256, draft_len=0, max_seq_len=23140
2026-07-24 18:58:08,127 - sflow.task.server_3 - INFO - 0: [07/24/2026-18:58:08] [TRT-LLM] [RANK 0] [I] Run generation-only CUDA graph warmup for batch size=128, draft_len=0, max_seq_len=23140
2026-07-24 18:58:08,683 - sflow.task.server_3 - INFO - 0: [07/24/2026-18:58:08] [TRT-LLM] [RANK 0] [I] Run generation-only CUDA graph warmup for batch size=64, draft_len=0, max_seq_len=23140
2026-07-24 18:58:09,190 - sflow.task.server_3 - INFO - 0: [07/24/2026-18:58:09] [TRT-LLM] [RANK 0] [I] Run generation-only CUDA graph warmup for batch size=32, draft_len=0, max_seq_len=23140
2026-07-24 18:58:09,746 - sflow.task.server_3 - INFO - 0: [07/24/2026-18:58:09] [TRT-LLM] [RANK 0] [I] Run generation-only CUDA graph warmup for batch size=16, draft_len=0, max_seq_len=23140
2026-07-24 18:58:10,253 - sflow.task.server_3 - INFO - 0: [07/24/2026-18:58:10] [TRT-LLM] [RANK 0] [I] Run generation-only CUDA graph warmup for batch size=8, draft_len=0, max_seq_len=23140
2026-07-24 18:58:10,759 - sflow.task.server_3 - INFO - 0: [07/24/2026-18:58:10] [TRT-LLM] [RANK 0] [I] Run generation-only CUDA graph warmup for batch size=4, draft_len=0, max_seq_len=23140
2026-07-24 18:58:11,264 - sflow.task.server_3 - INFO - 0: [07/24/2026-18:58:11] [TRT-LLM] [RANK 0] [I] Run generation-only CUDA graph warmup for batch size=2, draft_len=0, max_seq_len=23140
2026-07-24 18:58:11,770 - sflow.task.server_3 - INFO - 0: [07/24/2026-18:58:11] [TRT-LLM] [RANK 0] [I] Run generation-only CUDA graph warmup for batch size=1, draft_len=0, max_seq_len=23140
2026-07-24 18:58:12,227 - sflow.task.server_3 - INFO - 0: [07/24/2026-18:58:12] [TRT-LLM] [RANK 0] [I] global_steady_clock_offset at each rank: [0.0, -1.00000761449337e-06, 0.0, 0.0, -16.24957099999301, -16.249560999916866, -16.249568999977782, -16.249559999909252]
2026-07-24 18:58:12,227 - sflow.task.server_3 - INFO - 0: [07/24/2026-18:58:12] [TRT-LLM] [RANK 0] [I] Setting global_steady_clock_offset: 0.0 seconds for rank 0
2026-07-24 18:58:12,227 - sflow.task.server_3 - INFO - 0: [07/24/2026-18:58:12] [TRT-LLM] [RANK 0] [I] Memory used after loading model weights (inside torch) in memory usage profiling: 62.11 GiB
2026-07-24 18:58:12,227 - sflow.task.server_3 - INFO - 0: [07/24/2026-18:58:12] [TRT-LLM] [RANK 0] [I] Memory used after loading model weights (outside torch) in memory usage profiling: 5.88 GiB
2026-07-24 18:58:12,834 - sflow.task.server_3 - INFO - 1: [TensorRT-LLM][WARNING] [kv cache manager] storeContextBlocks: Can not find sequence for request 513
2026-07-24 18:58:12,834 - sflow.task.server_3 - INFO - 3: [TensorRT-LLM][WARNING] [kv cache manager] storeContextBlocks: Can not find sequence for request 515
2026-07-24 18:58:12,834 - sflow.task.server_3 - INFO - 7: [TensorRT-LLM][WARNING] [kv cache manager] storeContextBlocks: Can not find sequence for request 519
2026-07-24 18:58:12,834 - sflow.task.server_3 - INFO - 5: [TensorRT-LLM][WARNING] [kv cache manager] storeContextBlocks: Can not find sequence for request 517
2026-07-24 18:58:12,834 - sflow.task.server_3 - INFO - 6: [TensorRT-LLM][WARNING] [kv cache manager] storeContextBlocks: Can not find sequence for request 518
2026-07-24 18:58:12,834 - sflow.task.server_3 - INFO - 2: [TensorRT-LLM][WARNING] [kv cache manager] storeContextBlocks: Can not find sequence for request 514
2026-07-24 18:58:12,834 - sflow.task.server_3 - INFO - 4: [TensorRT-LLM][WARNING] [kv cache manager] storeContextBlocks: Can not find sequence for request 516
2026-07-24 18:58:12,834 - sflow.task.server_3 - INFO - 0: [TensorRT-LLM][WARNING] [kv cache manager] storeContextBlocks: Can not find sequence for request 512
2026-07-24 18:58:12,834 - sflow.task.server_3 - INFO - 0: [07/24/2026-18:58:12] [TRT-LLM] [RANK 0] [I] Memory dynamically allocated during inference (inside torch) in memory usage profiling: 0.79 GiB
2026-07-24 18:58:12,834 - sflow.task.server_3 - INFO - 0: [07/24/2026-18:58:12] [TRT-LLM] [RANK 0] [I] Memory used outside torch (e.g., NCCL and CUDA graphs) in memory usage profiling: 6.00 GiB
2026-07-24 18:58:12,834 - sflow.task.server_3 - INFO - 0: [07/24/2026-18:58:12] [TRT-LLM] [RANK 0] [I] Peak memory during memory usage profiling (torch + non-torch): 68.89 GiB, available KV cache memory when calculating max tokens: 104.76 GiB, fraction is set 0.9, kv size is 35136. device total memory 184.00 GiB, , tmp kv_mem 1.29 GiB
2026-07-24 18:58:12,834 - sflow.task.server_3 - INFO - 0: [07/24/2026-18:58:12] [TRT-LLM] [RANK 0] [I] Estimated max memory in KV cache : 104.76 GiB
2026-07-24 18:58:12,834 - sflow.task.server_3 - INFO - 0: [07/24/2026-18:58:12] [TRT-LLM] [RANK 0] [W] Both free_gpu_memory_fraction and max_tokens are set (to 0.9 and 3201538 with free memory 117.21270751953125GiB of total memory 184.0GiB, respectively). The smaller value will be used.
2026-07-24 18:58:12,834 - sflow.task.server_3 - INFO - 0: [07/24/2026-18:58:12] [TRT-LLM] [RANK 0] [I] Adjusted attention window size to 23141 in blocks_per_window
2026-07-24 18:58:12,834 - sflow.task.server_3 - INFO - 0: [07/24/2026-18:58:12] [TRT-LLM] [RANK 0] [I] [KVCacheManager] execution_stream: <torch.cuda.Stream device=cuda:0 cuda_stream=0xf9cd39fc00a0>
2026-07-24 18:58:12,885 - sflow.task.server_3 - INFO - 6: [TensorRT-LLM][INFO] Max KV cache blocks per sequence: 724 [window size=23141], tokens per block=32, primary blocks=100048, secondary blocks=0, max sequence length=23141
2026-07-24 18:58:12,885 - sflow.task.server_3 - INFO - 7: [TensorRT-LLM][INFO] Max KV cache blocks per sequence: 724 [window size=23141], tokens per block=32, primary blocks=100048, secondary blocks=0, max sequence length=23141
2026-07-24 18:58:12,885 - sflow.task.server_3 - INFO - 1: [TensorRT-LLM][INFO] Max KV cache blocks per sequence: 724 [window size=23141], tokens per block=32, primary blocks=100048, secondary blocks=0, max sequence length=23141
2026-07-24 18:58:12,885 - sflow.task.server_3 - INFO - 0: [TensorRT-LLM][INFO] Max KV cache blocks per sequence: 724 [window size=23141], tokens per block=32, primary blocks=100048, secondary blocks=0, max sequence length=23141
2026-07-24 18:58:12,885 - sflow.task.server_3 - INFO - 4: [TensorRT-LLM][INFO] Max KV cache blocks per sequence: 724 [window size=23141], tokens per block=32, primary blocks=100048, secondary blocks=0, max sequence length=23141
2026-07-24 18:58:12,885 - sflow.task.server_3 - INFO - 3: [TensorRT-LLM][INFO] Max KV cache blocks per sequence: 724 [window size=23141], tokens per block=32, primary blocks=100048, secondary blocks=0, max sequence length=23141
2026-07-24 18:58:12,885 - sflow.task.server_3 - INFO - 2: [TensorRT-LLM][INFO] Max KV cache blocks per sequence: 724 [window size=23141], tokens per block=32, primary blocks=100048, secondary blocks=0, max sequence length=23141
2026-07-24 18:58:12,885 - sflow.task.server_3 - INFO - 5: [TensorRT-LLM][INFO] Max KV cache blocks per sequence: 724 [window size=23141], tokens per block=32, primary blocks=100048, secondary blocks=0, max sequence length=23141
2026-07-24 18:58:49,051 - sflow.task.server_3 - INFO - 0: [TensorRT-LLM][INFO] Number of tokens per block: 32.
2026-07-24 18:58:49,051 - sflow.task.server_3 - INFO - 0: [TensorRT-LLM][INFO] [MemUsageChange] Allocated 104.76 GiB for max tokens in paged KV cache (3201536).
2026-07-24 18:58:49,051 - sflow.task.server_3 - INFO - 1: [TensorRT-LLM][INFO] Number of tokens per block: 32.
2026-07-24 18:58:49,051 - sflow.task.server_3 - INFO - 1: [TensorRT-LLM][INFO] [MemUsageChange] Allocated 104.76 GiB for max tokens in paged KV cache (3201536).
2026-07-24 18:58:49,051 - sflow.task.server_3 - INFO - 3: [TensorRT-LLM][INFO] Number of tokens per block: 32.
2026-07-24 18:58:49,051 - sflow.task.server_3 - INFO - 3: [TensorRT-LLM][INFO] [MemUsageChange] Allocated 104.76 GiB for max tokens in paged KV cache (3201536).
2026-07-24 18:58:49,051 - sflow.task.server_3 - INFO - 2: [TensorRT-LLM][INFO] Number of tokens per block: 32.
2026-07-24 18:58:49,051 - sflow.task.server_3 - INFO - 2: [TensorRT-LLM][INFO] [MemUsageChange] Allocated 104.76 GiB for max tokens in paged KV cache (3201536).
2026-07-24 18:58:49,557 - sflow.task.server_3 - INFO - 0: [07/24/2026-18:58:49] [TRT-LLM] [RANK 0] [I] max_seq_len=23141, max_num_requests=512, max_num_tokens=3456, max_batch_size=512
2026-07-24 18:58:49,557 - sflow.task.server_3 - INFO - 7: [TensorRT-LLM][INFO] Number of tokens per block: 32.
2026-07-24 18:58:49,557 - sflow.task.server_3 - INFO - 7: [TensorRT-LLM][INFO] [MemUsageChange] Allocated 104.76 GiB for max tokens in paged KV cache (3201536).
2026-07-24 18:58:49,557 - sflow.task.server_3 - INFO - 4: [TensorRT-LLM][INFO] Number of tokens per block: 32.
2026-07-24 18:58:49,557 - sflow.task.server_3 - INFO - 4: [TensorRT-LLM][INFO] [MemUsageChange] Allocated 104.76 GiB for max tokens in paged KV cache (3201536).
2026-07-24 18:58:49,557 - sflow.task.server_3 - INFO - 6: [TensorRT-LLM][INFO] Number of tokens per block: 32.
2026-07-24 18:58:49,557 - sflow.task.server_3 - INFO - 6: [TensorRT-LLM][INFO] [MemUsageChange] Allocated 104.76 GiB for max tokens in paged KV cache (3201536).
2026-07-24 18:58:49,557 - sflow.task.server_3 - INFO - 5: [TensorRT-LLM][INFO] Number of tokens per block: 32.
2026-07-24 18:58:49,557 - sflow.task.server_3 - INFO - 5: [TensorRT-LLM][INFO] [MemUsageChange] Allocated 104.76 GiB for max tokens in paged KV cache (3201536).
2026-07-24 18:58:50,265 - sflow.task.server_3 - INFO - 0: [TensorRT-LLM][INFO] CacheTransBufferManager: mMaxNumTokens:0, mRecvBufferCount:1, mSendBufferCount:1,mTransferBufferSize:536870912, mPreAllocBufferSize:1073741824,mOnlyUseDynamicBuffer:0 mUseFabricMemory:1 mDataType:6
2026-07-24 18:58:50,265 - sflow.task.server_3 - INFO - 6: [TensorRT-LLM][INFO] CacheTransBufferManager: mMaxNumTokens:0, mRecvBufferCount:1, mSendBufferCount:1,mTransferBufferSize:536870912, mPreAllocBufferSize:1073741824,mOnlyUseDynamicBuffer:0 mUseFabricMemory:1 mDataType:6
2026-07-24 18:58:50,265 - sflow.task.server_3 - INFO - 1: [TensorRT-LLM][INFO] CacheTransBufferManager: mMaxNumTokens:0, mRecvBufferCount:1, mSendBufferCount:1,mTransferBufferSize:536870912, mPreAllocBufferSize:1073741824,mOnlyUseDynamicBuffer:0 mUseFabricMemory:1 mDataType:6
2026-07-24 18:58:50,265 - sflow.task.server_3 - INFO - 7: [TensorRT-LLM][INFO] CacheTransBufferManager: mMaxNumTokens:0, mRecvBufferCount:1, mSendBufferCount:1,mTransferBufferSize:536870912, mPreAllocBufferSize:1073741824,mOnlyUseDynamicBuffer:0 mUseFabricMemory:1 mDataType:6
2026-07-24 18:58:50,266 - sflow.task.server_3 - INFO - 2: [TensorRT-LLM][INFO] CacheTransBufferManager: mMaxNumTokens:0, mRecvBufferCount:1, mSendBufferCount:1,mTransferBufferSize:536870912, mPreAllocBufferSize:1073741824,mOnlyUseDynamicBuffer:0 mUseFabricMemory:1 mDataType:6
2026-07-24 18:58:50,266 - sflow.task.server_3 - INFO - 4: [TensorRT-LLM][INFO] CacheTransBufferManager: mMaxNumTokens:0, mRecvBufferCount:1, mSendBufferCount:1,mTransferBufferSize:536870912, mPreAllocBufferSize:1073741824,mOnlyUseDynamicBuffer:0 mUseFabricMemory:1 mDataType:6
2026-07-24 18:58:50,266 - sflow.task.server_3 - INFO - 3: [TensorRT-LLM][INFO] CacheTransBufferManager: mMaxNumTokens:0, mRecvBufferCount:1, mSendBufferCount:1,mTransferBufferSize:536870912, mPreAllocBufferSize:1073741824,mOnlyUseDynamicBuffer:0 mUseFabricMemory:1 mDataType:6
2026-07-24 18:58:50,266 - sflow.task.server_3 - INFO - 5: [TensorRT-LLM][INFO] CacheTransBufferManager: mMaxNumTokens:0, mRecvBufferCount:1, mSendBufferCount:1,mTransferBufferSize:536870912, mPreAllocBufferSize:1073741824,mOnlyUseDynamicBuffer:0 mUseFabricMemory:1 mDataType:6
2026-07-24 18:58:50,569 - sflow.task.server_3 - INFO - 0: [TensorRT-LLM][INFO] NixlTransferAgent::NixlTransferAgent using NIXL backend: UCX
2026-07-24 18:58:50,620 - sflow.task.server_3 - INFO - 7: [TensorRT-LLM][INFO] NixlTransferAgent::NixlTransferAgent using NIXL backend: UCX
2026-07-24 18:58:50,620 - sflow.task.server_3 - INFO - 5: [TensorRT-LLM][INFO] NixlTransferAgent::NixlTransferAgent using NIXL backend: UCX
2026-07-24 18:58:50,620 - sflow.task.server_3 - INFO - 4: [TensorRT-LLM][INFO] NixlTransferAgent::NixlTransferAgent using NIXL backend: UCX
2026-07-24 18:58:50,620 - sflow.task.server_3 - INFO - 6: [TensorRT-LLM][INFO] NixlTransferAgent::NixlTransferAgent using NIXL backend: UCX
2026-07-24 18:58:50,620 - sflow.task.server_3 - INFO - 1: [TensorRT-LLM][INFO] NixlTransferAgent::NixlTransferAgent using NIXL backend: UCX
2026-07-24 18:58:50,620 - sflow.task.server_3 - INFO - 3: [TensorRT-LLM][INFO] NixlTransferAgent::NixlTransferAgent using NIXL backend: UCX
2026-07-24 18:58:50,620 - sflow.task.server_3 - INFO - 2: [TensorRT-LLM][INFO] NixlTransferAgent::NixlTransferAgent using NIXL backend: UCX
2026-07-24 18:58:50,822 - sflow.task.server_3 - INFO - 0: [TensorRT-LLM][INFO] NixlTransferAgent::NixlTransferAgent mAddress: 10.128.0.38:48373
2026-07-24 18:58:50,822 - sflow.task.server_3 - INFO - 1: [TensorRT-LLM][INFO] NixlTransferAgent::NixlTransferAgent mAddress: 10.128.0.38:54361
2026-07-24 18:58:50,873 - sflow.task.server_3 - INFO - 2: [TensorRT-LLM][INFO] NixlTransferAgent::NixlTransferAgent mAddress: 10.128.0.38:40377
2026-07-24 18:58:50,873 - sflow.task.server_3 - INFO - 3: [TensorRT-LLM][INFO] NixlTransferAgent::NixlTransferAgent mAddress: 10.128.0.38:60211
2026-07-24 18:58:50,975 - sflow.task.server_3 - INFO - 6: [TensorRT-LLM][INFO] NixlTransferAgent::NixlTransferAgent mAddress: 10.128.0.47:37073
2026-07-24 18:58:50,975 - sflow.task.server_3 - INFO - 7: [TensorRT-LLM][INFO] NixlTransferAgent::NixlTransferAgent mAddress: 10.128.0.47:36899
2026-07-24 18:58:50,975 - sflow.task.server_3 - INFO - 4: [TensorRT-LLM][INFO] NixlTransferAgent::NixlTransferAgent mAddress: 10.128.0.47:47603
2026-07-24 18:58:50,975 - sflow.task.server_3 - INFO - 5: [TensorRT-LLM][INFO] NixlTransferAgent::NixlTransferAgent mAddress: 10.128.0.47:42609
2026-07-24 18:58:50,975 - sflow.task.server_3 - INFO - 1: [TensorRT-LLM][INFO] NIXL Connection Manager created
2026-07-24 18:58:50,975 - sflow.task.server_3 - INFO - 2: [TensorRT-LLM][INFO] NIXL Connection Manager created
2026-07-24 18:58:50,975 - sflow.task.server_3 - INFO - 3: [TensorRT-LLM][INFO] NIXL Connection Manager created
2026-07-24 18:58:50,975 - sflow.task.server_3 - INFO - 0: [TensorRT-LLM][INFO] NIXL Connection Manager created
2026-07-24 18:58:50,975 - sflow.task.server_3 - INFO - 5: [TensorRT-LLM][INFO] NIXL Connection Manager created
2026-07-24 18:58:50,975 - sflow.task.server_3 - INFO - 6: [TensorRT-LLM][INFO] NIXL Connection Manager created
2026-07-24 18:58:50,975 - sflow.task.server_3 - INFO - 7: [TensorRT-LLM][INFO] NIXL Connection Manager created
2026-07-24 18:58:50,975 - sflow.task.server_3 - INFO - 4: [TensorRT-LLM][INFO] NIXL Connection Manager created
2026-07-24 18:58:50,975 - sflow.task.server_3 - INFO - 0: [07/24/2026-18:58:50] [TRT-LLM] [RANK 0] [I] [PyExecutor] execution_stream initialized: <torch.cuda.Stream device=cuda:0 cuda_stream=0xf9cd39fc00a0>.
2026-07-24 18:58:50,975 - sflow.task.server_3 - INFO - 0: [07/24/2026-18:58:50] [TRT-LLM] [RANK 0] [I] Running autotuner warmup...
2026-07-24 18:58:50,975 - sflow.task.server_3 - INFO - 0: [07/24/2026-18:58:50] [TRT-LLM] [RANK 0] [I] [Autotuner] Autotuning process starts ...
2026-07-24 18:58:50,975 - sflow.task.server_3 - INFO - 6: [TensorRT-LLM][WARNING] Attention workspace size is not enough, increase the size from 0 bytes to 769755136 bytes
2026-07-24 18:58:50,975 - sflow.task.server_3 - INFO - 1: [TensorRT-LLM][WARNING] Attention workspace size is not enough, increase the size from 0 bytes to 769755136 bytes
2026-07-24 18:58:50,975 - sflow.task.server_3 - INFO - 7: [TensorRT-LLM][WARNING] Attention workspace size is not enough, increase the size from 0 bytes to 769755136 bytes
2026-07-24 18:58:50,975 - sflow.task.server_3 - INFO - 3: [TensorRT-LLM][WARNING] Attention workspace size is not enough, increase the size from 0 bytes to 769755136 bytes
2026-07-24 18:58:50,975 - sflow.task.server_3 - INFO - 0: [TensorRT-LLM][WARNING] Attention workspace size is not enough, increase the size from 0 bytes to 769755136 bytes
2026-07-24 18:58:50,975 - sflow.task.server_3 - INFO - 4: [TensorRT-LLM][WARNING] Attention workspace size is not enough, increase the size from 0 bytes to 769755136 bytes
2026-07-24 18:58:50,975 - sflow.task.server_3 - INFO - 2: [TensorRT-LLM][WARNING] Attention workspace size is not enough, increase the size from 0 bytes to 769755136 bytes
2026-07-24 18:58:50,975 - sflow.task.server_3 - INFO - 5: [TensorRT-LLM][WARNING] Attention workspace size is not enough, increase the size from 0 bytes to 769755136 bytes
2026-07-24 18:58:51,431 - sflow.task.server_3 - INFO - 0: [07/24/2026-18:58:51] [TRT-LLM] [RANK 0] [I] [Autotuner] Autotuning process ends
2026-07-24 18:58:51,431 - sflow.task.server_3 - INFO - 0: [07/24/2026-18:58:51] [TRT-LLM] [RANK 0] [I] [Autotuner] Cache size after warmup is 131
2026-07-24 18:58:51,431 - sflow.task.server_3 - INFO - 0: [07/24/2026-18:58:51] [TRT-LLM] [RANK 0] [I] Creating CUDA graph instances for 11 batch sizes.
2026-07-24 18:58:51,482 - sflow.task.server_3 - INFO - 0: [07/24/2026-18:58:51] [TRT-LLM] [RANK 0] [I] Run generation-only CUDA graph warmup for batch size=512, draft_len=0, max_seq_len=23140
2026-07-24 18:58:51,482 - sflow.task.server_3 - INFO - 3: [TensorRT-LLM][WARNING] Attention workspace size is not enough, increase the size from 0 bytes to 167848960 bytes
2026-07-24 18:58:51,482 - sflow.task.server_3 - INFO - 7: [TensorRT-LLM][WARNING] Attention workspace size is not enough, increase the size from 0 bytes to 167848960 bytes
2026-07-24 18:58:51,482 - sflow.task.server_3 - INFO - 0: [TensorRT-LLM][WARNING] Attention workspace size is not enough, increase the size from 0 bytes to 167848960 bytes
2026-07-24 18:58:51,482 - sflow.task.server_3 - INFO - 1: [TensorRT-LLM][WARNING] Attention workspace size is not enough, increase the size from 0 bytes to 167848960 bytes
2026-07-24 18:58:51,482 - sflow.task.server_3 - INFO - 2: [TensorRT-LLM][WARNING] Attention workspace size is not enough, increase the size from 0 bytes to 167848960 bytes
2026-07-24 18:58:51,482 - sflow.task.server_3 - INFO - 5: [TensorRT-LLM][WARNING] Attention workspace size is not enough, increase the size from 0 bytes to 167848960 bytes
2026-07-24 18:58:51,482 - sflow.task.server_3 - INFO - 6: [TensorRT-LLM][WARNING] Attention workspace size is not enough, increase the size from 0 bytes to 167848960 bytes
2026-07-24 18:58:51,482 - sflow.task.server_3 - INFO - 4: [TensorRT-LLM][WARNING] Attention workspace size is not enough, increase the size from 0 bytes to 167848960 bytes
2026-07-24 18:58:52,254 - sflow.task.server_3 - INFO - 0: [07/24/2026-18:58:52] [TRT-LLM] [RANK 0] [I] Run generation-only CUDA graph warmup for batch size=384, draft_len=0, max_seq_len=23140
2026-07-24 18:58:52,812 - sflow.task.server_3 - INFO - 0: [07/24/2026-18:58:52] [TRT-LLM] [RANK 0] [I] Run generation-only CUDA graph warmup for batch size=256, draft_len=0, max_seq_len=23140
2026-07-24 18:58:53,370 - sflow.task.server_3 - INFO - 0: [07/24/2026-18:58:53] [TRT-LLM] [RANK 0] [I] Run generation-only CUDA graph warmup for batch size=128, draft_len=0, max_seq_len=23140
2026-07-24 18:58:53,878 - sflow.task.server_3 - INFO - 0: [07/24/2026-18:58:53] [TRT-LLM] [RANK 0] [I] Run generation-only CUDA graph warmup for batch size=64, draft_len=0, max_seq_len=23140
2026-07-24 18:58:54,435 - sflow.task.server_3 - INFO - 0: [07/24/2026-18:58:54] [TRT-LLM] [RANK 0] [I] Run generation-only CUDA graph warmup for batch size=32, draft_len=0, max_seq_len=23140
2026-07-24 18:58:54,942 - sflow.task.server_3 - INFO - 0: [07/24/2026-18:58:54] [TRT-LLM] [RANK 0] [I] Run generation-only CUDA graph warmup for batch size=16, draft_len=0, max_seq_len=23140
2026-07-24 18:58:55,448 - sflow.task.server_3 - INFO - 0: [07/24/2026-18:58:55] [TRT-LLM] [RANK 0] [I] Run generation-only CUDA graph warmup for batch size=8, draft_len=0, max_seq_len=23140
2026-07-24 18:58:55,903 - sflow.task.server_3 - INFO - 0: [07/24/2026-18:58:55] [TRT-LLM] [RANK 0] [I] Run generation-only CUDA graph warmup for batch size=4, draft_len=0, max_seq_len=23140
2026-07-24 18:58:56,409 - sflow.task.server_3 - INFO - 0: [07/24/2026-18:58:56] [TRT-LLM] [RANK 0] [I] Run generation-only CUDA graph warmup for batch size=2, draft_len=0, max_seq_len=23140
2026-07-24 18:58:56,916 - sflow.task.server_3 - INFO - 0: [07/24/2026-18:58:56] [TRT-LLM] [RANK 0] [I] Run generation-only CUDA graph warmup for batch size=1, draft_len=0, max_seq_len=23140
2026-07-24 18:58:57,423 - sflow.task.server_3 - INFO - 0: [07/24/2026-18:58:57] [TRT-LLM] [RANK 0] [I] global_steady_clock_offset at each rank: [0.0, 7.00005330145359e-06, -1.00000761449337e-05, 5.00003807246685e-06, -16.24957300000824, -16.24956599995494, -16.24958200007677, -16.24955700011924]
2026-07-24 18:58:57,424 - sflow.task.server_3 - INFO - 0: [07/24/2026-18:58:57] [TRT-LLM] [RANK 0] [I] Setting global_steady_clock_offset: 0.0 seconds for rank 0
2026-07-24 18:58:57,424 - sflow.task.server_3 - INFO - 0: [07/24/2026-18:58:57] [TRT-LLM] [RANK 0] [I] Setting PyTorch memory fraction to 0.4104418547257133 (75.52130126953125 GiB)
2026-07-24 18:58:57,424 - sflow.task.server_3 - INFO - 0: [07/24/2026-18:58:57] [TRT-LLM] [RANK 0] [I] LLM Args:
2026-07-24 18:58:57,424 - sflow.task.server_3 - INFO - 0: model='/home/mlperf_inference_storage/models/deepseek-r1/fp4-quantized-modelopt/deepseek_r1-torch-fp4' tokenizer=None tokenizer_mode='auto' custom_tokenizer=None skip_tokenizer_init=False trust_remote_code=False tensor_parallel_size=8 dtype='auto' revision=None tokenizer_revision=None pipeline_parallel_size=1 context_parallel_size=1 gpus_per_node=1 moe_cluster_parallel_size=-1 moe_tensor_parallel_size=-1 moe_expert_parallel_size=8 enable_attention_dp=True enable_lm_head_tp_in_adp=False pp_partition=None cp_config={} load_format=<LoadFormat.AUTO: 0> fail_fast_on_attention_window_too_large=False enable_lora=False lora_config=None kv_cache_config=KvCacheConfig(enable_block_reuse=False, max_tokens=3201538, max_attention_window=None, sink_token_length=None, free_gpu_memory_fraction=0.9, host_cache_size=None, onboard_blocks=True, cross_kv_cache_fraction=None, secondary_offload_min_priority=None, event_buffer_max_size=0, attention_dp_events_gather_period_ms=5, e
2026-07-24 18:58:57,424 - sflow.task.server_3 - INFO - 0: nable_partial_reuse=True, copy_on_partial_reuse=True, use_uvm=False, max_gpu_total_bytes=112489239859, dtype='fp8', mamba_ssm_cache_dtype='auto', tokens_per_block=32) enable_chunked_prefill=False guided_decoding_backend=None batched_logits_processor=None iter_stats_max_iterations=None request_stats_max_iterations=None peft_cache_config=None scheduler_config=SchedulerConfig(capacity_scheduler_policy=<CapacitySchedulerPolicy.MAX_UTILIZATION: 'MAX_UTILIZATION'>, context_chunking_policy=<ContextChunkingPolicy.FIRST_COME_FIRST_SERVED: 'FIRST_COME_FIRST_SERVED'>, dynamic_batch_config=None) cache_transceiver_config=CacheTransceiverConfig(backend='NIXL', max_tokens_in_buffer=None, kv_transfer_timeout_ms=None, kv_transfer_sender_future_timeout_ms=1000) sparse_attention_config=None speculative_config=None max_batch_size=512 max_input_len=1024 max_seq_len=23140 max_beam_width=1 max_num_tokens=3456 gather_generation_logits=False num_postprocess_workers=0 postprocess_tokenizer_dir='/home/mlperf_inference_storage/models/de
2026-07-24 18:58:57,424 - sflow.task.server_3 - INFO - 0: epseek-r1/fp4-quantized-modelopt/deepseek_r1-torch-fp4' reasoning_parser=None decoding_config=None mpi_session=None otlp_traces_endpoint=None backend='pytorch' return_perf_metrics=False orchestrator_type=None env_overrides=None garbage_collection_gen0_threshold=20000 cuda_graph_config=CudaGraphConfig(batch_sizes=[1, 2, 4, 8, 16, 32, 64, 128, 256, 384, 512], max_batch_size=512, enable_padding=True) attention_dp_config=AttentionDpConfig(enable_balance=True, timeout_iters=9, batching_wait_iters=3) disable_overlap_scheduler=False moe_config=MoeConfig(backend='CUTEDSL', max_num_tokens=None, load_balancer=None, disable_finalize_fusion=False, use_low_precision_moe_combine=False) nvfp4_gemm_config=Nvfp4GemmConfig(allowed_backends=['cutlass', 'cublaslt', 'cuda_core']) attn_backend='TRTLLM' sampler_type=<SamplerType.auto: 'auto'> sampler_force_async_worker=False enable_iter_perf_stats=False enable_iter_req_stats=False print_iter_log=False perf_metrics_max_requests=0 batch_wait_timeout_ms=0 batch_wait_timeout_iters=0 ba
2026-07-24 18:58:57,424 - sflow.task.server_3 - INFO - 0: tch_wait_max_tokens_ratio=0 torch_compile_config=None enable_autotuner=True enable_layerwise_nvtx_marker=False enable_min_latency=False stream_interval=100 force_dynamic_quantization=False allreduce_strategy='AUTO' checkpoint_loader=None checkpoint_format='HF' kv_connector_config=None mm_encoder_only=False ray_worker_extension_cls=None ray_placement_config=None enable_sleep=False disable_flashinfer_sampling=False max_stats_len=1000
2026-07-24 18:58:57,424 - sflow.task.server_3 - INFO - 0: [07/24/2026-18:58:57] [TRT-LLM] [RANK 0] [I] RPCServer is bound to ipc:///tmp/rpc_test_9c787f8f-38df-4f7a-b3c1-92095a65aa72
2026-07-24 18:58:57,424 - sflow.task.server_3 - INFO - 0: [07/24/2026-18:58:57] [TRT-LLM] [RANK 0] [I] RPC Server started and listening on ipc:///tmp/rpc_test_9c787f8f-38df-4f7a-b3c1-92095a65aa72
2026-07-24 18:58:57,424 - sflow.task.server_3 - INFO - 0: [07/24/2026-18:58:57] [TRT-LLM] [RANK 0] [I] RPC Server has started.
2026-07-24 18:58:57,424 - sflow.task.server_3 - INFO - 0: [07/24/2026-18:58:57] [TRT-LLM] [I] get signal from executor worker
2026-07-24 18:58:58,083 - sflow.task.server_3 - INFO - 0: INFO:     Started server process [479281]
2026-07-24 18:58:58,083 - sflow.task.server_3 - INFO - 0: INFO:     Waiting for application startup.
2026-07-24 18:58:58,083 - sflow.task.server_3 - INFO - 0: INFO:     Application startup complete.
2026-07-24 19:00:08,891 - sflow.task.server_3 - INFO - 0: INFO:     10.128.0.106:34002 - "GET /health HTTP/1.1" 200 OK
2026-07-24 19:00:08,994 - sflow.task.server_3 - INFO - 0: INFO:     10.128.0.106:34018 - "POST /v1/chat/completions HTTP/1.1" 200 OK
2026-07-24 19:00:09,097 - sflow.task.server_3 - INFO - 0: INFO:     10.128.0.106:34026 - "POST /v1/chat/completions HTTP/1.1" 200 OK
2026-07-24 19:00:09,251 - sflow.task.server_3 - INFO - 0: INFO:     10.128.0.106:34034 - "POST /v1/chat/completions HTTP/1.1" 200 OK
2026-07-24 19:00:09,251 - sflow.task.server_3 - INFO - 0: INFO:     10.128.0.106:34048 - "POST /v1/chat/completions HTTP/1.1" 200 OK
2026-07-24 19:00:09,302 - sflow.task.server_3 - INFO - 0: INFO:     10.128.0.106:34060 - "POST /v1/chat/completions HTTP/1.1" 200 OK
2026-07-24 19:00:09,506 - sflow.task.server_3 - INFO - 0: INFO:     10.128.0.106:34062 - "POST /v1/chat/completions HTTP/1.1" 200 OK
2026-07-24 19:00:09,608 - sflow.task.server_3 - INFO - 0: INFO:     10.128.0.106:34072 - "POST /v1/chat/completions HTTP/1.1" 200 OK
2026-07-24 19:00:09,709 - sflow.task.server_3 - INFO - 0: INFO:     10.128.0.106:34086 - "POST /v1/chat/completions HTTP/1.1" 200 OK
2026-07-24 19:00:09,863 - sflow.task.server_3 - INFO - 0: INFO:     10.128.0.106:34096 - "POST /v1/chat/completions HTTP/1.1" 200 OK
2026-07-24 19:00:09,863 - sflow.task.server_3 - INFO - 0: INFO:     10.128.0.106:34110 - "POST /v1/chat/completions HTTP/1.1" 200 OK
2026-07-24 19:00:09,965 - sflow.task.server_3 - INFO - 0: INFO:     10.128.0.106:34112 - "POST /v1/chat/completions HTTP/1.1" 200 OK
2026-07-24 19:00:10,017 - sflow.task.server_3 - INFO - 0: INFO:     10.128.0.106:34116 - "POST /v1/chat/completions HTTP/1.1" 200 OK
2026-07-24 19:00:10,068 - sflow.task.server_3 - INFO - 0: INFO:     10.128.0.106:34132 - "POST /v1/chat/completions HTTP/1.1" 200 OK
2026-07-24 19:00:10,222 - sflow.task.server_3 - INFO - 0: INFO:     10.128.0.106:34140 - "POST /v1/chat/completions HTTP/1.1" 200 OK
2026-07-24 19:00:10,274 - sflow.task.server_3 - INFO - 0: INFO:     10.128.0.106:34152 - "POST /v1/chat/completions HTTP/1.1" 200 OK
2026-07-24 19:00:10,376 - sflow.task.server_3 - INFO - 0: INFO:     10.128.0.106:34156 - "POST /v1/chat/completions HTTP/1.1" 200 OK
2026-07-24 19:00:10,478 - sflow.task.server_3 - INFO - 0: INFO:     10.128.0.106:34168 - "POST /v1/chat/completions HTTP/1.1" 200 OK
2026-07-24 19:00:10,581 - sflow.task.server_3 - INFO - 0: INFO:     10.128.0.106:34180 - "POST /v1/chat/completions HTTP/1.1" 200 OK
2026-07-24 19:00:10,685 - sflow.task.server_3 - INFO - 0: INFO:     10.128.0.106:34182 - "POST /v1/chat/completions HTTP/1.1" 200 OK
2026-07-24 19:00:10,787 - sflow.task.server_3 - INFO - 0: INFO:     10.128.0.106:34194 - "POST /v1/chat/completions HTTP/1.1" 200 OK
2026-07-24 19:00:10,942 - sflow.task.server_3 - INFO - 0: INFO:     10.128.0.106:34202 - "POST /v1/chat/completions HTTP/1.1" 200 OK
2026-07-24 19:00:10,942 - sflow.task.server_3 - INFO - 0: INFO:     10.128.0.106:34210 - "POST /v1/chat/completions HTTP/1.1" 200 OK
2026-07-24 19:00:11,046 - sflow.task.server_3 - INFO - 0: INFO:     10.128.0.106:34226 - "POST /v1/chat/completions HTTP/1.1" 200 OK
2026-07-24 19:00:11,148 - sflow.task.server_3 - INFO - 0: INFO:     10.128.0.106:34228 - "POST /v1/chat/completions HTTP/1.1" 200 OK
2026-07-24 19:00:11,200 - sflow.task.server_3 - INFO - 0: INFO:     10.128.0.106:34240 - "POST /v1/chat/completions HTTP/1.1" 200 OK
2026-07-24 19:00:11,251 - sflow.task.server_3 - INFO - 0: INFO:     10.128.0.106:34256 - "POST /v1/chat/completions HTTP/1.1" 200 OK
2026-07-24 19:00:11,405 - sflow.task.server_3 - INFO - 0: INFO:     10.128.0.106:34270 - "POST /v1/chat/completions HTTP/1.1" 200 OK
2026-07-24 19:00:11,558 - sflow.task.server_3 - INFO - 0: INFO:     10.128.0.106:34280 - "POST /v1/chat/completions HTTP/1.1" 200 OK
2026-07-24 19:00:11,558 - sflow.task.server_3 - INFO - 0: INFO:     10.128.0.106:34290 - "POST /v1/chat/completions HTTP/1.1" 200 OK
2026-07-24 19:00:11,609 - sflow.task.server_3 - INFO - 0: INFO:     10.128.0.106:34300 - "POST /v1/chat/completions HTTP/1.1" 200 OK
2026-07-24 19:00:11,712 - sflow.task.server_3 - INFO - 0: INFO:     10.128.0.106:34314 - "POST /v1/chat/completions HTTP/1.1" 200 OK
2026-07-24 19:00:11,814 - sflow.task.server_3 - INFO - 0: INFO:     10.128.0.106:34326 - "POST /v1/chat/completions HTTP/1.1" 200 OK
2026-07-24 19:00:11,967 - sflow.task.server_3 - INFO - 0: INFO:     10.128.0.106:34338 - "POST /v1/chat/completions HTTP/1.1" 200 OK
2026-07-24 19:00:12,070 - sflow.task.server_3 - INFO - 0: INFO:     10.128.0.106:34346 - "POST /v1/chat/completions HTTP/1.1" 200 OK
2026-07-24 19:00:12,070 - sflow.task.server_3 - INFO - 0: INFO:     10.128.0.106:34350 - "POST /v1/chat/completions HTTP/1.1" 200 OK
2026-07-24 19:00:12,173 - sflow.task.server_3 - INFO - 0: INFO:     10.128.0.106:34362 - "POST /v1/chat/completions HTTP/1.1" 200 OK
2026-07-24 19:00:12,276 - sflow.task.server_3 - INFO - 0: INFO:     10.128.0.106:34374 - "POST /v1/chat/completions HTTP/1.1" 200 OK
2026-07-24 19:00:12,379 - sflow.task.server_3 - INFO - 0: INFO:     10.128.0.106:34376 - "POST /v1/chat/completions HTTP/1.1" 200 OK
2026-07-24 19:00:12,379 - sflow.task.server_3 - INFO - 0: INFO:     10.128.0.106:34382 - "POST /v1/chat/completions HTTP/1.1" 200 OK
2026-07-24 19:00:12,533 - sflow.task.server_3 - INFO - 0: INFO:     10.128.0.106:34392 - "POST /v1/chat/completions HTTP/1.1" 200 OK
2026-07-24 19:00:12,737 - sflow.task.server_3 - INFO - 0: INFO:     10.128.0.106:34406 - "POST /v1/chat/completions HTTP/1.1" 200 OK
2026-07-24 19:00:12,891 - sflow.task.server_3 - INFO - 0: INFO:     10.128.0.106:34416 - "POST /v1/chat/completions HTTP/1.1" 200 OK
2026-07-24 19:00:12,994 - sflow.task.server_3 - INFO - 0: INFO:     10.128.0.106:34428 - "POST /v1/chat/completions HTTP/1.1" 200 OK
2026-07-24 19:00:12,994 - sflow.task.server_3 - INFO - 0: INFO:     10.128.0.106:34442 - "POST /v1/chat/completions HTTP/1.1" 200 OK
2026-07-24 19:00:13,097 - sflow.task.server_3 - INFO - 0: INFO:     10.128.0.106:34446 - "POST /v1/chat/completions HTTP/1.1" 200 OK
2026-07-24 19:00:13,148 - sflow.task.server_3 - INFO - 0: INFO:     10.128.0.106:34456 - "POST /v1/chat/completions HTTP/1.1" 200 OK
2026-07-24 19:00:13,251 - sflow.task.server_3 - INFO - 0: INFO:     10.128.0.106:34458 - "POST /v1/chat/completions HTTP/1.1" 200 OK
2026-07-24 19:00:13,353 - sflow.task.server_3 - INFO - 0: INFO:     10.128.0.106:34468 - "POST /v1/chat/completions HTTP/1.1" 200 OK
2026-07-24 19:00:13,354 - sflow.task.server_3 - INFO - 0: INFO:     10.128.0.106:34470 - "POST /v1/chat/completions HTTP/1.1" 200 OK
2026-07-24 19:00:13,506 - sflow.task.server_3 - INFO - 0: INFO:     10.128.0.106:34484 - "POST /v1/chat/completions HTTP/1.1" 200 OK
2026-07-24 19:00:13,609 - sflow.task.server_3 - INFO - 0: INFO:     10.128.0.106:34490 - "POST /v1/chat/completions HTTP/1.1" 200 OK
2026-07-24 19:00:13,660 - sflow.task.server_3 - INFO - 0: INFO:     10.128.0.106:34494 - "POST /v1/chat/completions HTTP/1.1" 200 OK
2026-07-24 19:00:13,763 - sflow.task.server_3 - INFO - 0: INFO:     10.128.0.106:34496 - "POST /v1/chat/completions HTTP/1.1" 200 OK
2026-07-24 19:00:13,814 - sflow.task.server_3 - INFO - 0: INFO:     10.128.0.106:34500 - "POST /v1/chat/completions HTTP/1.1" 200 OK
2026-07-24 19:00:13,917 - sflow.task.server_3 - INFO - 0: INFO:     10.128.0.106:34502 - "POST /v1/chat/completions HTTP/1.1" 200 OK
2026-07-24 19:00:14,019 - sflow.task.server_3 - INFO - 0: INFO:     10.128.0.106:34508 - "POST /v1/chat/completions HTTP/1.1" 200 OK
2026-07-24 19:00:14,019 - sflow.task.server_3 - INFO - 0: INFO:     10.128.0.106:34514 - "POST /v1/chat/completions HTTP/1.1" 200 OK
2026-07-24 19:00:14,122 - sflow.task.server_3 - INFO - 0: INFO:     10.128.0.106:34516 - "POST /v1/chat/completions HTTP/1.1" 200 OK
2026-07-24 19:00:14,173 - sflow.task.server_3 - INFO - 0: INFO:     10.128.0.106:34524 - "POST /v1/chat/completions HTTP/1.1" 200 OK
2026-07-24 19:00:14,173 - sflow.task.server_3 - INFO - 0: INFO:     10.128.0.106:34538 - "POST /v1/chat/completions HTTP/1.1" 200 OK
2026-07-24 19:00:14,275 - sflow.task.server_3 - INFO - 0: INFO:     10.128.0.106:34548 - "POST /v1/chat/completions HTTP/1.1" 200 OK
2026-07-24 19:00:14,326 - sflow.task.server_3 - INFO - 0: INFO:     10.128.0.106:34560 - "POST /v1/chat/completions HTTP/1.1" 200 OK
2026-07-24 19:00:14,429 - sflow.task.server_3 - INFO - 0: INFO:     10.128.0.106:34574 - "POST /v1/chat/completions HTTP/1.1" 200 OK
2026-07-24 19:00:14,481 - sflow.task.server_3 - INFO - 0: INFO:     10.128.0.106:34582 - "POST /v1/chat/completions HTTP/1.1" 200 OK
2026-07-24 19:00:14,481 - sflow.task.server_3 - INFO - 0: INFO:     10.128.0.106:34590 - "POST /v1/chat/completions HTTP/1.1" 200 OK
2026-07-24 19:00:14,532 - sflow.task.server_3 - INFO - 0: INFO:     10.128.0.106:34604 - "POST /v1/chat/completions HTTP/1.1" 200 OK
2026-07-24 19:00:14,686 - sflow.task.server_3 - INFO - 0: INFO:     10.128.0.106:34612 - "POST /v1/chat/completions HTTP/1.1" 200 OK
2026-07-24 19:00:14,839 - sflow.task.server_3 - INFO - 0: INFO:     10.128.0.106:34614 - "POST /v1/chat/completions HTTP/1.1" 200 OK
2026-07-24 19:00:14,891 - sflow.task.server_3 - INFO - 0: INFO:     10.128.0.106:34620 - "POST /v1/chat/completions HTTP/1.1" 200 OK
2026-07-24 19:00:14,993 - sflow.task.server_3 - INFO - 0: INFO:     10.128.0.106:34622 - "POST /v1/chat/completions HTTP/1.1" 200 OK
2026-07-24 19:00:14,993 - sflow.task.server_3 - INFO - 0: INFO:     10.128.0.106:34624 - "POST /v1/chat/completions HTTP/1.1" 200 OK
2026-07-24 19:00:14,993 - sflow.task.server_3 - INFO - 0: INFO:     10.128.0.106:34630 - "POST /v1/chat/completions HTTP/1.1" 200 OK
2026-07-24 19:00:15,147 - sflow.task.server_3 - INFO - 0: INFO:     10.128.0.106:34636 - "POST /v1/chat/completions HTTP/1.1" 200 OK
2026-07-24 19:00:15,249 - sflow.task.server_3 - INFO - 0: INFO:     10.128.0.106:34650 - "POST /v1/chat/completions HTTP/1.1" 200 OK
2026-07-24 19:00:15,301 - sflow.task.server_3 - INFO - 0: INFO:     10.128.0.106:34652 - "POST /v1/chat/completions HTTP/1.1" 200 OK
2026-07-24 19:00:15,454 - sflow.task.server_3 - INFO - 0: INFO:     10.128.0.106:46956 - "POST /v1/chat/completions HTTP/1.1" 200 OK
2026-07-24 19:00:15,506 - sflow.task.server_3 - INFO - 0: INFO:     10.128.0.106:46958 - "POST /v1/chat/completions HTTP/1.1" 200 OK
2026-07-24 19:00:15,557 - sflow.task.server_3 - INFO - 0: INFO:     10.128.0.106:46962 - "POST /v1/chat/completions HTTP/1.1" 200 OK
2026-07-24 19:00:15,608 - sflow.task.server_3 - INFO - 0: INFO:     10.128.0.106:46970 - "POST /v1/chat/completions HTTP/1.1" 200 OK
2026-07-24 19:00:15,608 - sflow.task.server_3 - INFO - 0: INFO:     10.128.0.106:46986 - "POST /v1/chat/completions HTTP/1.1" 200 OK
2026-07-24 19:00:15,711 - sflow.task.server_3 - INFO - 0: INFO:     10.128.0.106:47002 - "POST /v1/chat/completions HTTP/1.1" 200 OK
2026-07-24 19:00:15,762 - sflow.task.server_3 - INFO - 0: INFO:     10.128.0.106:47012 - "POST /v1/chat/completions HTTP/1.1" 200 OK
2026-07-24 19:00:15,864 - sflow.task.server_3 - INFO - 0: INFO:     10.128.0.106:47020 - "POST /v1/chat/completions HTTP/1.1" 200 OK
2026-07-24 19:00:15,967 - sflow.task.server_3 - INFO - 0: INFO:     10.128.0.106:47022 - "POST /v1/chat/completions HTTP/1.1" 200 OK
2026-07-24 19:00:16,019 - sflow.task.server_3 - INFO - 0: INFO:     10.128.0.106:47026 - "POST /v1/chat/completions HTTP/1.1" 200 OK
2026-07-24 19:00:16,019 - sflow.task.server_3 - INFO - 0: INFO:     10.128.0.106:47032 - "POST /v1/chat/completions HTTP/1.1" 200 OK
2026-07-24 19:00:16,121 - sflow.task.server_3 - INFO - 0: INFO:     10.128.0.106:47048 - "POST /v1/chat/completions HTTP/1.1" 200 OK
2026-07-24 19:00:16,173 - sflow.task.server_3 - INFO - 0: INFO:     10.128.0.106:47060 - "POST /v1/chat/completions HTTP/1.1" 200 OK
2026-07-24 19:00:16,275 - sflow.task.server_3 - INFO - 0: INFO:     10.128.0.106:47074 - "POST /v1/chat/completions HTTP/1.1" 200 OK
2026-07-24 19:00:16,428 - sflow.task.server_3 - INFO - 0: INFO:     10.128.0.106:47088 - "POST /v1/chat/completions HTTP/1.1" 200 OK
2026-07-24 19:00:16,531 - sflow.task.server_3 - INFO - 0: INFO:     10.128.0.106:47092 - "POST /v1/chat/completions HTTP/1.1" 200 OK
2026-07-24 19:00:16,531 - sflow.task.server_3 - INFO - 0: INFO:     10.128.0.106:47106 - "POST /v1/chat/completions HTTP/1.1" 200 OK
2026-07-24 19:00:16,583 - sflow.task.server_3 - INFO - 0: INFO:     10.128.0.106:47122 - "POST /v1/chat/completions HTTP/1.1" 200 OK
2026-07-24 19:00:16,635 - sflow.task.server_3 - INFO - 0: INFO:     10.128.0.106:47128 - "POST /v1/chat/completions HTTP/1.1" 200 OK
2026-07-24 19:00:16,737 - sflow.task.server_3 - INFO - 0: INFO:     10.128.0.106:47134 - "POST /v1/chat/completions HTTP/1.1" 200 OK
2026-07-24 19:00:16,789 - sflow.task.server_3 - INFO - 0: INFO:     10.128.0.106:47146 - "POST /v1/chat/completions HTTP/1.1" 200 OK
2026-07-24 19:00:16,891 - sflow.task.server_3 - INFO - 0: INFO:     10.128.0.106:47158 - "POST /v1/chat/completions HTTP/1.1" 200 OK
2026-07-24 19:00:17,044 - sflow.task.server_3 - INFO - 0: INFO:     10.128.0.106:47174 - "POST /v1/chat/completions HTTP/1.1" 200 OK
2026-07-24 19:00:17,044 - sflow.task.server_3 - INFO - 0: INFO:     10.128.0.106:47178 - "POST /v1/chat/completions HTTP/1.1" 200 OK
2026-07-24 19:00:17,147 - sflow.task.server_3 - INFO - 0: INFO:     10.128.0.106:47194 - "POST /v1/chat/completions HTTP/1.1" 200 OK
2026-07-24 19:00:17,250 - sflow.task.server_3 - INFO - 0: INFO:     10.128.0.106:47204 - "POST /v1/chat/completions HTTP/1.1" 200 OK
2026-07-24 19:00:17,352 - sflow.task.server_3 - INFO - 0: INFO:     10.128.0.106:47220 - "POST /v1/chat/completions HTTP/1.1" 200 OK
2026-07-24 19:00:17,454 - sflow.task.server_3 - INFO - 0: INFO:     10.128.0.106:47230 - "POST /v1/chat/completions HTTP/1.1" 200 OK
2026-07-24 19:00:17,557 - sflow.task.server_3 - INFO - 0: INFO:     10.128.0.106:47240 - "POST /v1/chat/completions HTTP/1.1" 200 OK
2026-07-24 19:00:17,608 - sflow.task.server_3 - INFO - 0: INFO:     10.128.0.106:47250 - "POST /v1/chat/completions HTTP/1.1" 200 OK
2026-07-24 19:00:17,710 - sflow.task.server_3 - INFO - 0: INFO:     10.128.0.106:47266 - "POST /v1/chat/completions HTTP/1.1" 200 OK
2026-07-24 19:00:17,812 - sflow.task.server_3 - INFO - 0: INFO:     10.128.0.106:47282 - "POST /v1/chat/completions HTTP/1.1" 200 OK
2026-07-24 19:00:17,915 - sflow.task.server_3 - INFO - 0: INFO:     10.128.0.106:47284 - "POST /v1/chat/completions HTTP/1.1" 200 OK
2026-07-24 19:00:18,119 - sflow.task.server_3 - INFO - 0: INFO:     10.128.0.106:47300 - "POST /v1/chat/completions HTTP/1.1" 200 OK
2026-07-24 19:00:18,171 - sflow.task.server_3 - INFO - 0: INFO:     10.128.0.106:47306 - "POST /v1/chat/completions HTTP/1.1" 200 OK
2026-07-24 19:00:18,171 - sflow.task.server_3 - INFO - 0: INFO:     10.128.0.106:47312 - "POST /v1/chat/completions HTTP/1.1" 200 OK
2026-07-24 19:00:18,222 - sflow.task.server_3 - INFO - 0: INFO:     10.128.0.106:47314 - "POST /v1/chat/completions HTTP/1.1" 200 OK
2026-07-24 19:00:18,274 - sflow.task.server_3 - INFO - 0: INFO:     10.128.0.106:47316 - "POST /v1/chat/completions HTTP/1.1" 200 OK
2026-07-24 19:00:18,274 - sflow.task.server_3 - INFO - 0: INFO:     10.128.0.106:47328 - "POST /v1/chat/completions HTTP/1.1" 200 OK
2026-07-24 19:00:18,325 - sflow.task.server_3 - INFO - 0: INFO:     10.128.0.106:47330 - "POST /v1/chat/completions HTTP/1.1" 200 OK
2026-07-24 19:00:18,427 - sflow.task.server_3 - INFO - 0: INFO:     10.128.0.106:47332 - "POST /v1/chat/completions HTTP/1.1" 200 OK
2026-07-24 19:00:18,478 - sflow.task.server_3 - INFO - 0: INFO:     10.128.0.106:47344 - "POST /v1/chat/completions HTTP/1.1" 200 OK
2026-07-24 19:00:18,530 - sflow.task.server_3 - INFO - 0: INFO:     10.128.0.106:47348 - "POST /v1/chat/completions HTTP/1.1" 200 OK
2026-07-24 19:00:18,632 - sflow.task.server_3 - INFO - 0: INFO:     10.128.0.106:47350 - "POST /v1/chat/completions HTTP/1.1" 200 OK
2026-07-24 19:00:18,734 - sflow.task.server_3 - INFO - 0: INFO:     10.128.0.106:47366 - "POST /v1/chat/completions HTTP/1.1" 200 OK
2026-07-24 19:00:18,837 - sflow.task.server_3 - INFO - 0: INFO:     10.128.0.106:47380 - "POST /v1/chat/completions HTTP/1.1" 200 OK
2026-07-24 19:00:18,888 - sflow.task.server_3 - INFO - 0: INFO:     10.128.0.106:47384 - "POST /v1/chat/completions HTTP/1.1" 200 OK
2026-07-24 19:00:18,990 - sflow.task.server_3 - INFO - 0: INFO:     10.128.0.106:47390 - "POST /v1/chat/completions HTTP/1.1" 200 OK
2026-07-24 19:00:18,990 - sflow.task.server_3 - INFO - 0: INFO:     10.128.0.106:47406 - "POST /v1/chat/completions HTTP/1.1" 200 OK
2026-07-24 19:00:19,042 - sflow.task.server_3 - INFO - 0: INFO:     10.128.0.106:47416 - "POST /v1/chat/completions HTTP/1.1" 200 OK
2026-07-24 19:00:19,144 - sflow.task.server_3 - INFO - 0: INFO:     10.128.0.106:47426 - "POST /v1/chat/completions HTTP/1.1" 200 OK
2026-07-24 19:00:19,246 - sflow.task.server_3 - INFO - 0: INFO:     10.128.0.106:47438 - "POST /v1/chat/completions HTTP/1.1" 200 OK
2026-07-24 19:00:19,347 - sflow.task.server_3 - INFO - 0: INFO:     10.128.0.106:47444 - "POST /v1/chat/completions HTTP/1.1" 200 OK
2026-07-24 19:00:19,347 - sflow.task.server_3 - INFO - 0: INFO:     10.128.0.106:47448 - "POST /v1/chat/completions HTTP/1.1" 200 OK
2026-07-24 19:00:19,449 - sflow.task.server_3 - INFO - 0: INFO:     10.128.0.106:47458 - "POST /v1/chat/completions HTTP/1.1" 200 OK
2026-07-24 19:00:19,500 - sflow.task.server_3 - INFO - 0: INFO:     10.128.0.106:47470 - "POST /v1/chat/completions HTTP/1.1" 200 OK
2026-07-24 19:00:19,602 - sflow.task.server_3 - INFO - 0: INFO:     10.128.0.106:47474 - "POST /v1/chat/completions HTTP/1.1" 200 OK
2026-07-24 19:00:19,653 - sflow.task.server_3 - INFO - 0: INFO:     10.128.0.106:47482 - "POST /v1/chat/completions HTTP/1.1" 200 OK
2026-07-24 19:00:19,857 - sflow.task.server_3 - INFO - 0: INFO:     10.128.0.106:47496 - "POST /v1/chat/completions HTTP/1.1" 200 OK
2026-07-24 19:00:20,010 - sflow.task.server_3 - INFO - 0: INFO:     10.128.0.106:47504 - "POST /v1/chat/completions HTTP/1.1" 200 OK
2026-07-24 19:00:20,113 - sflow.task.server_3 - INFO - 0: INFO:     10.128.0.106:47512 - "POST /v1/chat/completions HTTP/1.1" 200 OK
2026-07-24 19:00:20,214 - sflow.task.server_3 - INFO - 0: INFO:     10.128.0.106:47524 - "POST /v1/chat/completions HTTP/1.1" 200 OK
2026-07-24 19:00:20,367 - sflow.task.server_3 - INFO - 0: INFO:     10.128.0.106:47540 - "POST /v1/chat/completions HTTP/1.1" 200 OK
2026-07-24 19:00:20,470 - sflow.task.server_3 - INFO - 0: INFO:     10.128.0.106:47544 - "POST /v1/chat/completions HTTP/1.1" 200 OK
2026-07-24 19:00:20,470 - sflow.task.server_3 - INFO - 0: INFO:     10.128.0.106:47560 - "POST /v1/chat/completions HTTP/1.1" 200 OK
2026-07-24 19:00:20,572 - sflow.task.server_3 - INFO - 0: INFO:     10.128.0.106:47570 - "POST /v1/chat/completions HTTP/1.1" 200 OK
2026-07-24 19:00:20,624 - sflow.task.server_3 - INFO - 0: INFO:     10.128.0.106:47574 - "POST /v1/chat/completions HTTP/1.1" 200 OK
2026-07-24 19:00:20,727 - sflow.task.server_3 - INFO - 0: INFO:     10.128.0.106:47578 - "POST /v1/chat/completions HTTP/1.1" 200 OK
2026-07-24 19:00:20,829 - sflow.task.server_3 - INFO - 0: INFO:     10.128.0.106:47590 - "POST /v1/chat/completions HTTP/1.1" 200 OK
2026-07-24 19:00:20,931 - sflow.task.server_3 - INFO - 0: INFO:     10.128.0.106:47600 - "POST /v1/chat/completions HTTP/1.1" 200 OK
2026-07-24 19:00:21,034 - sflow.task.server_3 - INFO - 0: INFO:     10.128.0.106:47610 - "POST /v1/chat/completions HTTP/1.1" 200 OK
2026-07-24 19:00:21,188 - sflow.task.server_3 - INFO - 0: INFO:     10.128.0.106:47612 - "POST /v1/chat/completions HTTP/1.1" 200 OK
2026-07-24 19:00:21,188 - sflow.task.server_3 - INFO - 0: INFO:     10.128.0.106:47616 - "POST /v1/chat/completions HTTP/1.1" 200 OK
2026-07-24 19:00:21,291 - sflow.task.server_3 - INFO - 0: INFO:     10.128.0.106:47622 - "POST /v1/chat/completions HTTP/1.1" 200 OK
2026-07-24 19:00:21,343 - sflow.task.server_3 - INFO - 0: INFO:     10.128.0.106:47624 - "POST /v1/chat/completions HTTP/1.1" 200 OK
2026-07-24 19:00:21,496 - sflow.task.server_3 - INFO - 0: INFO:     10.128.0.106:47630 - "POST /v1/chat/completions HTTP/1.1" 200 OK
2026-07-24 19:00:21,599 - sflow.task.server_3 - INFO - 0: INFO:     10.128.0.106:47632 - "POST /v1/chat/completions HTTP/1.1" 200 OK
2026-07-24 19:00:21,650 - sflow.task.server_3 - INFO - 0: INFO:     10.128.0.106:47636 - "POST /v1/chat/completions HTTP/1.1" 200 OK
2026-07-24 19:00:21,804 - sflow.task.server_3 - INFO - 0: INFO:     10.128.0.106:47638 - "POST /v1/chat/completions HTTP/1.1" 200 OK
2026-07-24 19:00:21,907 - sflow.task.server_3 - INFO - 0: INFO:     10.128.0.106:47646 - "POST /v1/chat/completions HTTP/1.1" 200 OK
2026-07-24 19:00:21,958 - sflow.task.server_3 - INFO - 0: INFO:     10.128.0.106:47660 - "POST /v1/chat/completions HTTP/1.1" 200 OK
2026-07-24 19:00:22,112 - sflow.task.server_3 - INFO - 0: INFO:     10.128.0.106:47666 - "POST /v1/chat/completions HTTP/1.1" 200 OK
2026-07-24 19:00:22,214 - sflow.task.server_3 - INFO - 0: INFO:     10.128.0.106:47682 - "POST /v1/chat/completions HTTP/1.1" 200 OK
2026-07-24 19:00:22,265 - sflow.task.server_3 - INFO - 0: INFO:     10.128.0.106:47696 - "POST /v1/chat/completions HTTP/1.1" 200 OK
2026-07-24 19:00:22,367 - sflow.task.server_3 - INFO - 0: INFO:     10.128.0.106:47702 - "POST /v1/chat/completions HTTP/1.1" 200 OK
2026-07-24 19:00:22,469 - sflow.task.server_3 - INFO - 0: INFO:     10.128.0.106:47704 - "POST /v1/chat/completions HTTP/1.1" 200 OK
2026-07-24 19:00:22,623 - sflow.task.server_3 - INFO - 0: INFO:     10.128.0.106:47718 - "POST /v1/chat/completions HTTP/1.1" 200 OK
2026-07-24 19:00:22,725 - sflow.task.server_3 - INFO - 0: INFO:     10.128.0.106:47734 - "POST /v1/chat/completions HTTP/1.1" 200 OK
2026-07-24 19:00:22,828 - sflow.task.server_3 - INFO - 0: INFO:     10.128.0.106:47740 - "POST /v1/chat/completions HTTP/1.1" 200 OK
2026-07-24 19:00:22,880 - sflow.task.server_3 - INFO - 0: INFO:     10.128.0.106:47742 - "POST /v1/chat/completions HTTP/1.1" 200 OK
2026-07-24 19:00:22,983 - sflow.task.server_3 - INFO - 0: INFO:     10.128.0.106:47754 - "POST /v1/chat/completions HTTP/1.1" 200 OK
2026-07-24 19:00:23,034 - sflow.task.server_3 - INFO - 0: INFO:     10.128.0.106:47758 - "POST /v1/chat/completions HTTP/1.1" 200 OK
2026-07-24 19:00:23,137 - sflow.task.server_3 - INFO - 0: INFO:     10.128.0.106:47772 - "POST /v1/chat/completions HTTP/1.1" 200 OK
2026-07-24 19:00:23,239 - sflow.task.server_3 - INFO - 0: INFO:     10.128.0.106:47788 - "POST /v1/chat/completions HTTP/1.1" 200 OK
2026-07-24 19:00:23,341 - sflow.task.server_3 - INFO - 0: INFO:     10.128.0.106:47802 - "POST /v1/chat/completions HTTP/1.1" 200 OK
2026-07-24 19:00:23,443 - sflow.task.server_3 - INFO - 0: INFO:     10.128.0.106:47818 - "POST /v1/chat/completions HTTP/1.1" 200 OK
2026-07-24 19:00:23,544 - sflow.task.server_3 - INFO - 0: INFO:     10.128.0.106:47824 - "POST /v1/chat/completions HTTP/1.1" 200 OK
2026-07-24 19:00:23,646 - sflow.task.server_3 - INFO - 0: INFO:     10.128.0.106:47828 - "POST /v1/chat/completions HTTP/1.1" 200 OK
2026-07-24 19:00:23,747 - sflow.task.server_3 - INFO - 0: INFO:     10.128.0.106:47836 - "POST /v1/chat/completions HTTP/1.1" 200 OK
2026-07-24 19:00:23,949 - sflow.task.server_3 - INFO - 0: INFO:     10.128.0.106:47840 - "POST /v1/chat/completions HTTP/1.1" 200 OK
2026-07-24 19:00:23,949 - sflow.task.server_3 - INFO - 0: INFO:     10.128.0.106:47844 - "POST /v1/chat/completions HTTP/1.1" 200 OK
2026-07-24 19:00:24,051 - sflow.task.server_3 - INFO - 0: INFO:     10.128.0.106:47854 - "POST /v1/chat/completions HTTP/1.1" 200 OK
2026-07-24 19:00:24,102 - sflow.task.server_3 - INFO - 0: INFO:     10.128.0.106:47862 - "POST /v1/chat/completions HTTP/1.1" 200 OK
2026-07-24 19:00:24,102 - sflow.task.server_3 - INFO - 0: INFO:     10.128.0.106:47876 - "POST /v1/chat/completions HTTP/1.1" 200 OK
2026-07-24 19:00:24,203 - sflow.task.server_3 - INFO - 0: INFO:     10.128.0.106:47890 - "POST /v1/chat/completions HTTP/1.1" 200 OK
2026-07-24 19:00:24,203 - sflow.task.server_3 - INFO - 0: INFO:     10.128.0.106:47900 - "POST /v1/chat/completions HTTP/1.1" 200 OK
2026-07-24 19:00:24,254 - sflow.task.server_3 - INFO - 0: INFO:     10.128.0.106:47908 - "POST /v1/chat/completions HTTP/1.1" 200 OK
2026-07-24 19:00:24,305 - sflow.task.server_3 - INFO - 0: INFO:     10.128.0.106:47912 - "POST /v1/chat/completions HTTP/1.1" 200 OK
2026-07-24 19:00:24,507 - sflow.task.server_3 - INFO - 0: INFO:     10.128.0.106:47924 - "POST /v1/chat/completions HTTP/1.1" 200 OK
2026-07-24 19:00:24,558 - sflow.task.server_3 - INFO - 0: INFO:     10.128.0.106:47934 - "POST /v1/chat/completions HTTP/1.1" 200 OK
2026-07-24 19:00:24,710 - sflow.task.server_3 - INFO - 0: INFO:     10.128.0.106:47936 - "POST /v1/chat/completions HTTP/1.1" 200 OK
2026-07-24 19:00:24,811 - sflow.task.server_3 - INFO - 0: INFO:     10.128.0.106:47948 - "POST /v1/chat/completions HTTP/1.1" 200 OK
2026-07-24 19:00:24,913 - sflow.task.server_3 - INFO - 0: INFO:     10.128.0.106:47962 - "POST /v1/chat/completions HTTP/1.1" 200 OK
2026-07-24 19:00:25,066 - sflow.task.server_3 - INFO - 0: INFO:     10.128.0.106:47970 - "POST /v1/chat/completions HTTP/1.1" 200 OK
2026-07-24 19:00:25,218 - sflow.task.server_3 - INFO - 0: INFO:     10.128.0.106:47978 - "POST /v1/chat/completions HTTP/1.1" 200 OK
2026-07-24 19:00:25,319 - sflow.task.server_3 - INFO - 0: INFO:     10.128.0.106:42950 - "POST /v1/chat/completions HTTP/1.1" 200 OK
2026-07-24 19:00:25,420 - sflow.task.server_3 - INFO - 0: INFO:     10.128.0.106:42966 - "POST /v1/chat/completions HTTP/1.1" 200 OK
2026-07-24 19:00:25,521 - sflow.task.server_3 - INFO - 0: INFO:     10.128.0.106:42982 - "POST /v1/chat/completions HTTP/1.1" 200 OK
2026-07-24 19:00:25,624 - sflow.task.server_3 - INFO - 0: INFO:     10.128.0.106:42992 - "POST /v1/chat/completions HTTP/1.1" 200 OK
2026-07-24 19:00:25,725 - sflow.task.server_3 - INFO - 0: INFO:     10.128.0.106:42998 - "POST /v1/chat/completions HTTP/1.1" 200 OK
2026-07-24 19:00:25,726 - sflow.task.server_3 - INFO - 0: INFO:     10.128.0.106:43000 - "POST /v1/chat/completions HTTP/1.1" 200 OK
2026-07-24 19:00:25,776 - sflow.task.server_3 - INFO - 0: INFO:     10.128.0.106:43012 - "POST /v1/chat/completions HTTP/1.1" 200 OK
2026-07-24 19:00:25,929 - sflow.task.server_3 - INFO - 0: INFO:     10.128.0.106:43016 - "POST /v1/chat/completions HTTP/1.1" 200 OK
2026-07-24 19:00:26,030 - sflow.task.server_3 - INFO - 0: INFO:     10.128.0.106:43026 - "POST /v1/chat/completions HTTP/1.1" 200 OK
2026-07-24 19:00:26,131 - sflow.task.server_3 - INFO - 0: INFO:     10.128.0.106:43034 - "POST /v1/chat/completions HTTP/1.1" 200 OK
2026-07-24 19:00:26,182 - sflow.task.server_3 - INFO - 0: INFO:     10.128.0.106:43038 - "POST /v1/chat/completions HTTP/1.1" 200 OK
2026-07-24 19:00:26,283 - sflow.task.server_3 - INFO - 0: INFO:     10.128.0.106:43042 - "POST /v1/chat/completions HTTP/1.1" 200 OK
2026-07-24 19:00:26,334 - sflow.task.server_3 - INFO - 0: INFO:     10.128.0.106:43046 - "POST /v1/chat/completions HTTP/1.1" 200 OK
2026-07-24 19:00:26,435 - sflow.task.server_3 - INFO - 0: INFO:     10.128.0.106:43050 - "POST /v1/chat/completions HTTP/1.1" 200 OK
2026-07-24 19:00:26,486 - sflow.task.server_3 - INFO - 0: INFO:     10.128.0.106:43060 - "POST /v1/chat/completions HTTP/1.1" 200 OK
2026-07-24 19:00:26,537 - sflow.task.server_3 - INFO - 0: INFO:     10.128.0.106:43066 - "POST /v1/chat/completions HTTP/1.1" 200 OK
2026-07-24 19:00:26,638 - sflow.task.server_3 - INFO - 0: INFO:     10.128.0.106:43076 - "POST /v1/chat/completions HTTP/1.1" 200 OK
2026-07-24 19:00:26,740 - sflow.task.server_3 - INFO - 0: INFO:     10.128.0.106:43086 - "POST /v1/chat/completions HTTP/1.1" 200 OK
2026-07-24 19:00:26,842 - sflow.task.server_3 - INFO - 0: INFO:     10.128.0.106:43096 - "POST /v1/chat/completions HTTP/1.1" 200 OK
2026-07-24 19:00:26,842 - sflow.task.server_3 - INFO - 0: INFO:     10.128.0.106:43108 - "POST /v1/chat/completions HTTP/1.1" 200 OK
2026-07-24 19:00:26,944 - sflow.task.server_3 - INFO - 0: INFO:     10.128.0.106:43120 - "POST /v1/chat/completions HTTP/1.1" 200 OK
2026-07-24 19:00:26,994 - sflow.task.server_3 - INFO - 0: INFO:     10.128.0.106:43136 - "POST /v1/chat/completions HTTP/1.1" 200 OK
2026-07-24 19:00:27,045 - sflow.task.server_3 - INFO - 0: INFO:     10.128.0.106:43142 - "POST /v1/chat/completions HTTP/1.1" 200 OK
2026-07-24 19:00:27,045 - sflow.task.server_3 - INFO - 0: INFO:     10.128.0.106:43144 - "POST /v1/chat/completions HTTP/1.1" 200 OK
2026-07-24 19:00:27,147 - sflow.task.server_3 - INFO - 0: INFO:     10.128.0.106:43160 - "POST /v1/chat/completions HTTP/1.1" 200 OK
2026-07-24 19:00:27,198 - sflow.task.server_3 - INFO - 0: INFO:     10.128.0.106:43172 - "POST /v1/chat/completions HTTP/1.1" 200 OK
2026-07-24 19:00:27,299 - sflow.task.server_3 - INFO - 0: INFO:     10.128.0.106:43186 - "POST /v1/chat/completions HTTP/1.1" 200 OK
2026-07-24 19:00:27,350 - sflow.task.server_3 - INFO - 0: INFO:     10.128.0.106:43194 - "POST /v1/chat/completions HTTP/1.1" 200 OK
2026-07-24 19:00:27,351 - sflow.task.server_3 - INFO - 0: INFO:     10.128.0.106:43196 - "POST /v1/chat/completions HTTP/1.1" 200 OK
2026-07-24 19:00:27,503 - sflow.task.server_3 - INFO - 0: INFO:     10.128.0.106:43198 - "POST /v1/chat/completions HTTP/1.1" 200 OK
2026-07-24 19:00:27,503 - sflow.task.server_3 - INFO - 0: INFO:     10.128.0.106:43212 - "POST /v1/chat/completions HTTP/1.1" 200 OK
2026-07-24 19:00:27,554 - sflow.task.server_3 - INFO - 0: INFO:     10.128.0.106:43214 - "POST /v1/chat/completions HTTP/1.1" 200 OK
2026-07-24 19:00:27,656 - sflow.task.server_3 - INFO - 0: INFO:     10.128.0.106:43218 - "POST /v1/chat/completions HTTP/1.1" 200 OK
2026-07-24 19:00:27,858 - sflow.task.server_3 - INFO - 0: INFO:     10.128.0.106:43224 - "POST /v1/chat/completions HTTP/1.1" 200 OK
2026-07-24 19:00:27,910 - sflow.task.server_3 - INFO - 0: INFO:     10.128.0.106:43226 - "POST /v1/chat/completions HTTP/1.1" 200 OK
2026-07-24 19:00:28,011 - sflow.task.server_3 - INFO - 0: INFO:     10.128.0.106:43238 - "POST /v1/chat/completions HTTP/1.1" 200 OK
2026-07-24 19:00:28,063 - sflow.task.server_3 - INFO - 0: INFO:     10.128.0.106:43242 - "POST /v1/chat/completions HTTP/1.1" 200 OK
2026-07-24 19:00:28,214 - sflow.task.server_3 - INFO - 0: INFO:     10.128.0.106:43254 - "POST /v1/chat/completions HTTP/1.1" 200 OK
2026-07-24 19:00:28,214 - sflow.task.server_3 - INFO - 0: INFO:     10.128.0.106:43260 - "POST /v1/chat/completions HTTP/1.1" 200 OK
2026-07-24 19:00:28,316 - sflow.task.server_3 - INFO - 0: INFO:     10.128.0.106:43276 - "POST /v1/chat/completions HTTP/1.1" 200 OK
2026-07-24 19:00:28,417 - sflow.task.server_3 - INFO - 0: INFO:     10.128.0.106:43286 - "POST /v1/chat/completions HTTP/1.1" 200 OK
2026-07-24 19:00:28,570 - sflow.task.server_3 - INFO - 0: INFO:     10.128.0.106:43290 - "POST /v1/chat/completions HTTP/1.1" 200 OK
2026-07-24 19:00:28,673 - sflow.task.server_3 - INFO - 0: INFO:     10.128.0.106:43306 - "POST /v1/chat/completions HTTP/1.1" 200 OK
2026-07-24 19:00:28,724 - sflow.task.server_3 - INFO - 0: INFO:     10.128.0.106:43314 - "POST /v1/chat/completions HTTP/1.1" 200 OK
2026-07-24 19:00:28,825 - sflow.task.server_3 - INFO - 0: INFO:     10.128.0.106:43330 - "POST /v1/chat/completions HTTP/1.1" 200 OK
2026-07-24 19:00:28,876 - sflow.task.server_3 - INFO - 0: INFO:     10.128.0.106:43332 - "POST /v1/chat/completions HTTP/1.1" 200 OK
2026-07-24 19:00:29,030 - sflow.task.server_3 - INFO - 0: INFO:     10.128.0.106:43344 - "POST /v1/chat/completions HTTP/1.1" 200 OK
2026-07-24 19:00:29,133 - sflow.task.server_3 - INFO - 0: INFO:     10.128.0.106:43356 - "POST /v1/chat/completions HTTP/1.1" 200 OK
2026-07-24 19:00:29,133 - sflow.task.server_3 - INFO - 0: INFO:     10.128.0.106:43362 - "POST /v1/chat/completions HTTP/1.1" 200 OK
2026-07-24 19:00:29,184 - sflow.task.server_3 - INFO - 0: INFO:     10.128.0.106:43372 - "POST /v1/chat/completions HTTP/1.1" 200 OK
2026-07-24 19:00:29,286 - sflow.task.server_3 - INFO - 0: INFO:     10.128.0.106:43388 - "POST /v1/chat/completions HTTP/1.1" 200 OK
2026-07-24 19:00:29,337 - sflow.task.server_3 - INFO - 0: INFO:     10.128.0.106:43400 - "POST /v1/chat/completions HTTP/1.1" 200 OK
2026-07-24 19:00:29,337 - sflow.task.server_3 - INFO - 0: INFO:     10.128.0.106:43410 - "POST /v1/chat/completions HTTP/1.1" 200 OK
2026-07-24 19:00:29,439 - sflow.task.server_3 - INFO - 0: INFO:     10.128.0.106:43414 - "POST /v1/chat/completions HTTP/1.1" 200 OK
2026-07-24 19:00:29,439 - sflow.task.server_3 - INFO - 0: INFO:     10.128.0.106:43424 - "POST /v1/chat/completions HTTP/1.1" 200 OK
2026-07-24 19:00:29,541 - sflow.task.server_3 - INFO - 0: INFO:     10.128.0.106:43430 - "POST /v1/chat/completions HTTP/1.1" 200 OK
2026-07-24 19:00:29,541 - sflow.task.server_3 - INFO - 0: INFO:     10.128.0.106:43446 - "POST /v1/chat/completions HTTP/1.1" 200 OK
2026-07-24 19:00:29,693 - sflow.task.server_3 - INFO - 0: INFO:     10.128.0.106:43448 - "POST /v1/chat/completions HTTP/1.1" 200 OK
2026-07-24 19:00:29,848 - sflow.task.server_3 - INFO - 0: INFO:     10.128.0.106:43454 - "POST /v1/chat/completions HTTP/1.1" 200 OK
2026-07-24 19:00:29,900 - sflow.task.server_3 - INFO - 0: INFO:     10.128.0.106:43468 - "POST /v1/chat/completions HTTP/1.1" 200 OK
2026-07-24 19:00:29,900 - sflow.task.server_3 - INFO - 0: INFO:     10.128.0.106:43480 - "POST /v1/chat/completions HTTP/1.1" 200 OK
2026-07-24 19:00:30,002 - sflow.task.server_3 - INFO - 0: INFO:     10.128.0.106:43488 - "POST /v1/chat/completions HTTP/1.1" 200 OK
2026-07-24 19:00:30,103 - sflow.task.server_3 - INFO - 0: INFO:     10.128.0.106:43500 - "POST /v1/chat/completions HTTP/1.1" 200 OK
2026-07-24 19:00:30,204 - sflow.task.server_3 - INFO - 0: INFO:     10.128.0.106:43510 - "POST /v1/chat/completions HTTP/1.1" 200 OK
2026-07-24 19:00:30,406 - sflow.task.server_3 - INFO - 0: INFO:     10.128.0.106:43526 - "POST /v1/chat/completions HTTP/1.1" 200 OK
2026-07-24 19:00:30,509 - sflow.task.server_3 - INFO - 0: INFO:     10.128.0.106:43538 - "POST /v1/chat/completions HTTP/1.1" 200 OK
2026-07-24 19:00:30,711 - sflow.task.server_3 - INFO - 0: INFO:     10.128.0.106:43554 - "POST /v1/chat/completions HTTP/1.1" 200 OK
2026-07-24 19:00:30,814 - sflow.task.server_3 - INFO - 0: INFO:     10.128.0.106:43568 - "POST /v1/chat/completions HTTP/1.1" 200 OK
2026-07-24 19:00:30,967 - sflow.task.server_3 - INFO - 0: INFO:     10.128.0.106:43578 - "POST /v1/chat/completions HTTP/1.1" 200 OK
2026-07-24 19:00:31,018 - sflow.task.server_3 - INFO - 0: INFO:     10.128.0.106:43582 - "POST /v1/chat/completions HTTP/1.1" 200 OK
2026-07-24 19:00:31,068 - sflow.task.server_3 - INFO - 0: INFO:     10.128.0.106:43590 - "POST /v1/chat/completions HTTP/1.1" 200 OK
2026-07-24 19:00:31,169 - sflow.task.server_3 - INFO - 0: INFO:     10.128.0.106:43592 - "POST /v1/chat/completions HTTP/1.1" 200 OK
2026-07-24 19:00:31,220 - sflow.task.server_3 - INFO - 0: INFO:     10.128.0.106:43606 - "POST /v1/chat/completions HTTP/1.1" 200 OK
2026-07-24 19:00:31,220 - sflow.task.server_3 - INFO - 0: INFO:     10.128.0.106:43620 - "POST /v1/chat/completions HTTP/1.1" 200 OK
2026-07-24 19:00:31,271 - sflow.task.server_3 - INFO - 0: INFO:     10.128.0.106:43634 - "POST /v1/chat/completions HTTP/1.1" 200 OK
2026-07-24 19:00:31,271 - sflow.task.server_3 - INFO - 0: INFO:     10.128.0.106:43636 - "POST /v1/chat/completions HTTP/1.1" 200 OK
2026-07-24 19:00:31,372 - sflow.task.server_3 - INFO - 0: INFO:     10.128.0.106:43650 - "POST /v1/chat/completions HTTP/1.1" 200 OK
2026-07-24 19:00:31,474 - sflow.task.server_3 - INFO - 0: INFO:     10.128.0.106:43662 - "POST /v1/chat/completions HTTP/1.1" 200 OK
2026-07-24 19:00:31,576 - sflow.task.server_3 - INFO - 0: INFO:     10.128.0.106:43670 - "POST /v1/chat/completions HTTP/1.1" 200 OK
2026-07-24 19:00:31,727 - sflow.task.server_3 - INFO - 0: INFO:     10.128.0.106:43684 - "POST /v1/chat/completions HTTP/1.1" 200 OK
2026-07-24 19:00:31,778 - sflow.task.server_3 - INFO - 0: INFO:     10.128.0.106:43700 - "POST /v1/chat/completions HTTP/1.1" 200 OK
2026-07-24 19:00:31,932 - sflow.task.server_3 - INFO - 0: INFO:     10.128.0.106:43714 - "POST /v1/chat/completions HTTP/1.1" 200 OK
2026-07-24 19:00:31,932 - sflow.task.server_3 - INFO - 0: INFO:     10.128.0.106:43716 - "POST /v1/chat/completions HTTP/1.1" 200 OK
2026-07-24 19:00:32,083 - sflow.task.server_3 - INFO - 0: INFO:     10.128.0.106:43722 - "POST /v1/chat/completions HTTP/1.1" 200 OK
2026-07-24 19:00:32,083 - sflow.task.server_3 - INFO - 0: INFO:     10.128.0.106:43728 - "POST /v1/chat/completions HTTP/1.1" 200 OK
2026-07-24 19:00:32,238 - sflow.task.server_3 - INFO - 0: INFO:     10.128.0.106:43734 - "POST /v1/chat/completions HTTP/1.1" 200 OK
2026-07-24 19:00:32,339 - sflow.task.server_3 - INFO - 0: INFO:     10.128.0.106:43736 - "POST /v1/chat/completions HTTP/1.1" 200 OK
2026-07-24 19:00:32,493 - sflow.task.server_3 - INFO - 0: INFO:     10.128.0.106:43738 - "POST /v1/chat/completions HTTP/1.1" 200 OK
2026-07-24 19:00:32,595 - sflow.task.server_3 - INFO - 0: INFO:     10.128.0.106:43746 - "POST /v1/chat/completions HTTP/1.1" 200 OK
2026-07-24 19:00:32,696 - sflow.task.server_3 - INFO - 0: INFO:     10.128.0.106:43754 - "POST /v1/chat/completions HTTP/1.1" 200 OK
2026-07-24 19:00:32,901 - sflow.task.server_3 - INFO - 0: INFO:     10.128.0.106:43756 - "POST /v1/chat/completions HTTP/1.1" 200 OK
2026-07-24 19:00:32,953 - sflow.task.server_3 - INFO - 0: INFO:     10.128.0.106:43758 - "POST /v1/chat/completions HTTP/1.1" 200 OK
2026-07-24 19:00:33,106 - sflow.task.server_3 - INFO - 0: INFO:     10.128.0.106:43772 - "POST /v1/chat/completions HTTP/1.1" 200 OK
2026-07-24 19:00:33,156 - sflow.task.server_3 - INFO - 0: INFO:     10.128.0.106:43780 - "POST /v1/chat/completions HTTP/1.1" 200 OK
2026-07-24 19:00:33,207 - sflow.task.server_3 - INFO - 0: INFO:     10.128.0.106:43790 - "POST /v1/chat/completions HTTP/1.1" 200 OK
2026-07-24 19:00:33,207 - sflow.task.server_3 - INFO - 0: INFO:     10.128.0.106:43804 - "POST /v1/chat/completions HTTP/1.1" 200 OK
2026-07-24 19:00:33,257 - sflow.task.server_3 - INFO - 0: INFO:     10.128.0.106:43816 - "POST /v1/chat/completions HTTP/1.1" 200 OK
2026-07-24 19:00:33,309 - sflow.task.server_3 - INFO - 0: INFO:     10.128.0.106:43820 - "POST /v1/chat/completions HTTP/1.1" 200 OK
2026-07-24 19:00:33,410 - sflow.task.server_3 - INFO - 0: INFO:     10.128.0.106:43834 - "POST /v1/chat/completions HTTP/1.1" 200 OK
2026-07-24 19:00:33,461 - sflow.task.server_3 - INFO - 0: INFO:     10.128.0.106:43840 - "POST /v1/chat/completions HTTP/1.1" 200 OK
2026-07-24 19:00:33,562 - sflow.task.server_3 - INFO - 0: INFO:     10.128.0.106:43854 - "POST /v1/chat/completions HTTP/1.1" 200 OK
2026-07-24 19:00:33,562 - sflow.task.server_3 - INFO - 0: INFO:     10.128.0.106:43868 - "POST /v1/chat/completions HTTP/1.1" 200 OK
2026-07-24 19:00:33,715 - sflow.task.server_3 - INFO - 0: INFO:     10.128.0.106:43874 - "POST /v1/chat/completions HTTP/1.1" 200 OK
2026-07-24 19:00:33,766 - sflow.task.server_3 - INFO - 0: INFO:     10.128.0.106:43876 - "POST /v1/chat/completions HTTP/1.1" 200 OK
2026-07-24 19:00:33,918 - sflow.task.server_3 - INFO - 0: INFO:     10.128.0.106:43878 - "POST /v1/chat/completions HTTP/1.1" 200 OK
2026-07-24 19:00:33,969 - sflow.task.server_3 - INFO - 0: INFO:     10.128.0.106:43894 - "POST /v1/chat/completions HTTP/1.1" 200 OK
2026-07-24 19:00:34,072 - sflow.task.server_3 - INFO - 0: INFO:     10.128.0.106:43898 - "POST /v1/chat/completions HTTP/1.1" 200 OK
2026-07-24 19:00:34,174 - sflow.task.server_3 - INFO - 0: INFO:     10.128.0.106:43900 - "POST /v1/chat/completions HTTP/1.1" 200 OK
2026-07-24 19:00:34,377 - sflow.task.server_3 - INFO - 0: INFO:     10.128.0.106:43904 - "POST /v1/chat/completions HTTP/1.1" 200 OK
2026-07-24 19:00:34,581 - sflow.task.server_3 - INFO - 0: INFO:     10.128.0.106:43916 - "POST /v1/chat/completions HTTP/1.1" 200 OK
2026-07-24 19:00:34,581 - sflow.task.server_3 - INFO - 0: INFO:     10.128.0.106:43932 - "POST /v1/chat/completions HTTP/1.1" 200 OK
2026-07-24 19:00:34,735 - sflow.task.server_3 - INFO - 0: INFO:     10.128.0.106:43940 - "POST /v1/chat/completions HTTP/1.1" 200 OK
2026-07-24 19:00:34,735 - sflow.task.server_3 - INFO - 0: INFO:     10.128.0.106:43942 - "POST /v1/chat/completions HTTP/1.1" 200 OK
2026-07-24 19:00:34,786 - sflow.task.server_3 - INFO - 0: INFO:     10.128.0.106:43950 - "POST /v1/chat/completions HTTP/1.1" 200 OK
2026-07-24 19:00:34,887 - sflow.task.server_3 - INFO - 0: INFO:     10.128.0.106:43964 - "POST /v1/chat/completions HTTP/1.1" 200 OK
2026-07-24 19:00:34,887 - sflow.task.server_3 - INFO - 0: INFO:     10.128.0.106:43980 - "POST /v1/chat/completions HTTP/1.1" 200 OK
2026-07-24 19:00:35,040 - sflow.task.server_3 - INFO - 0: INFO:     10.128.0.106:43988 - "POST /v1/chat/completions HTTP/1.1" 200 OK
2026-07-24 19:00:35,141 - sflow.task.server_3 - INFO - 0: INFO:     10.128.0.106:44002 - "POST /v1/chat/completions HTTP/1.1" 200 OK
2026-07-24 19:00:35,191 - sflow.task.server_3 - INFO - 0: INFO:     10.128.0.106:44012 - "POST /v1/chat/completions HTTP/1.1" 200 OK
2026-07-24 19:00:35,242 - sflow.task.server_3 - INFO - 0: INFO:     10.128.0.106:44014 - "POST /v1/chat/completions HTTP/1.1" 200 OK
2026-07-24 19:00:35,293 - sflow.task.server_3 - INFO - 0: INFO:     10.128.0.106:44028 - "POST /v1/chat/completions HTTP/1.1" 200 OK
2026-07-24 19:00:35,293 - sflow.task.server_3 - INFO - 0: INFO:     10.128.0.106:44030 - "POST /v1/chat/completions HTTP/1.1" 200 OK
2026-07-24 19:00:35,396 - sflow.task.server_3 - INFO - 0: INFO:     10.128.0.106:35678 - "POST /v1/chat/completions HTTP/1.1" 200 OK
2026-07-24 19:00:35,497 - sflow.task.server_3 - INFO - 0: INFO:     10.128.0.106:35690 - "POST /v1/chat/completions HTTP/1.1" 200 OK
2026-07-24 19:00:35,650 - sflow.task.server_3 - INFO - 0: INFO:     10.128.0.106:35706 - "POST /v1/chat/completions HTTP/1.1" 200 OK
2026-07-24 19:00:35,752 - sflow.task.server_3 - INFO - 0: INFO:     10.128.0.106:35716 - "POST /v1/chat/completions HTTP/1.1" 200 OK
2026-07-24 19:00:35,802 - sflow.task.server_3 - INFO - 0: INFO:     10.128.0.106:35722 - "POST /v1/chat/completions HTTP/1.1" 200 OK
2026-07-24 19:00:35,904 - sflow.task.server_3 - INFO - 0: INFO:     10.128.0.106:35736 - "POST /v1/chat/completions HTTP/1.1" 200 OK
2026-07-24 19:00:36,005 - sflow.task.server_3 - INFO - 0: INFO:     10.128.0.106:35742 - "POST /v1/chat/completions HTTP/1.1" 200 OK
2026-07-24 19:00:36,106 - sflow.task.server_3 - INFO - 0: INFO:     10.128.0.106:35750 - "POST /v1/chat/completions HTTP/1.1" 200 OK
2026-07-24 19:00:36,209 - sflow.task.server_3 - INFO - 0: INFO:     10.128.0.106:35764 - "POST /v1/chat/completions HTTP/1.1" 200 OK
2026-07-24 19:00:36,209 - sflow.task.server_3 - INFO - 0: INFO:     10.128.0.106:35776 - "POST /v1/chat/completions HTTP/1.1" 200 OK
2026-07-24 19:00:36,209 - sflow.task.server_3 - INFO - 0: INFO:     10.128.0.106:35786 - "POST /v1/chat/completions HTTP/1.1" 200 OK
2026-07-24 19:00:36,310 - sflow.task.server_3 - INFO - 0: INFO:     10.128.0.106:35792 - "POST /v1/chat/completions HTTP/1.1" 200 OK
2026-07-24 19:00:36,360 - sflow.task.server_3 - INFO - 0: INFO:     10.128.0.106:35796 - "POST /v1/chat/completions HTTP/1.1" 200 OK
2026-07-24 19:00:36,411 - sflow.task.server_3 - INFO - 0: INFO:     10.128.0.106:35798 - "POST /v1/chat/completions HTTP/1.1" 200 OK
2026-07-24 19:00:36,411 - sflow.task.server_3 - INFO - 0: INFO:     10.128.0.106:35804 - "POST /v1/chat/completions HTTP/1.1" 200 OK
2026-07-24 19:00:36,513 - sflow.task.server_3 - INFO - 0: INFO:     10.128.0.106:35818 - "POST /v1/chat/completions HTTP/1.1" 200 OK
2026-07-24 19:00:36,513 - sflow.task.server_3 - INFO - 0: INFO:     10.128.0.106:35822 - "POST /v1/chat/completions HTTP/1.1" 200 OK
2026-07-24 19:00:36,666 - sflow.task.server_3 - INFO - 0: INFO:     10.128.0.106:35838 - "POST /v1/chat/completions HTTP/1.1" 200 OK
2026-07-24 19:00:36,819 - sflow.task.server_3 - INFO - 0: INFO:     10.128.0.106:35854 - "POST /v1/chat/completions HTTP/1.1" 200 OK
2026-07-24 19:00:36,971 - sflow.task.server_3 - INFO - 0: INFO:     10.128.0.106:35868 - "POST /v1/chat/completions HTTP/1.1" 200 OK
2026-07-24 19:00:37,072 - sflow.task.server_3 - INFO - 0: INFO:     10.128.0.106:35870 - "POST /v1/chat/completions HTTP/1.1" 200 OK
2026-07-24 19:00:37,123 - sflow.task.server_3 - INFO - 0: INFO:     10.128.0.106:35884 - "POST /v1/chat/completions HTTP/1.1" 200 OK
2026-07-24 19:00:37,224 - sflow.task.server_3 - INFO - 0: INFO:     10.128.0.106:35900 - "POST /v1/chat/completions HTTP/1.1" 200 OK
2026-07-24 19:00:37,275 - sflow.task.server_3 - INFO - 0: INFO:     10.128.0.106:35912 - "POST /v1/chat/completions HTTP/1.1" 200 OK
2026-07-24 19:00:37,428 - sflow.task.server_3 - INFO - 0: INFO:     10.128.0.106:35918 - "POST /v1/chat/completions HTTP/1.1" 200 OK
2026-07-24 19:00:37,479 - sflow.task.server_3 - INFO - 0: INFO:     10.128.0.106:35926 - "POST /v1/chat/completions HTTP/1.1" 200 OK
2026-07-24 19:00:37,632 - sflow.task.server_3 - INFO - 0: INFO:     10.128.0.106:35934 - "POST /v1/chat/completions HTTP/1.1" 200 OK
2026-07-24 19:00:37,632 - sflow.task.server_3 - INFO - 0: INFO:     10.128.0.106:35948 - "POST /v1/chat/completions HTTP/1.1" 200 OK
2026-07-24 19:00:37,683 - sflow.task.server_3 - INFO - 0: INFO:     10.128.0.106:35952 - "POST /v1/chat/completions HTTP/1.1" 200 OK
2026-07-24 19:00:37,734 - sflow.task.server_3 - INFO - 0: INFO:     10.128.0.106:35960 - "POST /v1/chat/completions HTTP/1.1" 200 OK
2026-07-24 19:00:37,785 - sflow.task.server_3 - INFO - 0: INFO:     10.128.0.106:35972 - "POST /v1/chat/completions HTTP/1.1" 200 OK
2026-07-24 19:00:37,835 - sflow.task.server_3 - INFO - 0: INFO:     10.128.0.106:35974 - "POST /v1/chat/completions HTTP/1.1" 200 OK
2026-07-24 19:00:37,835 - sflow.task.server_3 - INFO - 0: INFO:     10.128.0.106:35978 - "POST /v1/chat/completions HTTP/1.1" 200 OK
2026-07-24 19:00:37,886 - sflow.task.server_3 - INFO - 0: INFO:     10.128.0.106:35992 - "POST /v1/chat/completions HTTP/1.1" 200 OK
2026-07-24 19:00:38,090 - sflow.task.server_3 - INFO - 0: INFO:     10.128.0.106:35996 - "POST /v1/chat/completions HTTP/1.1" 200 OK
2026-07-24 19:00:38,191 - sflow.task.server_3 - INFO - 0: INFO:     10.128.0.106:36010 - "POST /v1/chat/completions HTTP/1.1" 200 OK
2026-07-24 19:00:38,242 - sflow.task.server_3 - INFO - 0: INFO:     10.128.0.106:36014 - "POST /v1/chat/completions HTTP/1.1" 200 OK
2026-07-24 19:00:38,293 - sflow.task.server_3 - INFO - 0: INFO:     10.128.0.106:36026 - "POST /v1/chat/completions HTTP/1.1" 200 OK
2026-07-24 19:00:38,293 - sflow.task.server_3 - INFO - 0: INFO:     10.128.0.106:36042 - "POST /v1/chat/completions HTTP/1.1" 200 OK
2026-07-24 19:00:38,395 - sflow.task.server_3 - INFO - 0: INFO:     10.128.0.106:36046 - "POST /v1/chat/completions HTTP/1.1" 200 OK
2026-07-24 19:00:38,546 - sflow.task.server_3 - INFO - 0: INFO:     10.128.0.106:36056 - "POST /v1/chat/completions HTTP/1.1" 200 OK
2026-07-24 19:00:38,648 - sflow.task.server_3 - INFO - 0: INFO:     10.128.0.106:36070 - "POST /v1/chat/completions HTTP/1.1" 200 OK
2026-07-24 19:00:38,700 - sflow.task.server_3 - INFO - 0: INFO:     10.128.0.106:36082 - "POST /v1/chat/completions HTTP/1.1" 200 OK
2026-07-24 19:00:38,853 - sflow.task.server_3 - INFO - 0: INFO:     10.128.0.106:36090 - "POST /v1/chat/completions HTTP/1.1" 200 OK
2026-07-24 19:00:38,853 - sflow.task.server_3 - INFO - 0: INFO:     10.128.0.106:36098 - "POST /v1/chat/completions HTTP/1.1" 200 OK
2026-07-24 19:00:38,903 - sflow.task.server_3 - INFO - 0: INFO:     10.128.0.106:36102 - "POST /v1/chat/completions HTTP/1.1" 200 OK
2026-07-24 19:00:39,005 - sflow.task.server_3 - INFO - 0: INFO:     10.128.0.106:36112 - "POST /v1/chat/completions HTTP/1.1" 200 OK
2026-07-24 19:00:39,005 - sflow.task.server_3 - INFO - 0: INFO:     10.128.0.106:36114 - "POST /v1/chat/completions HTTP/1.1" 200 OK
2026-07-24 19:00:39,158 - sflow.task.server_3 - INFO - 0: INFO:     10.128.0.106:36120 - "POST /v1/chat/completions HTTP/1.1" 200 OK
2026-07-24 19:00:39,210 - sflow.task.server_3 - INFO - 0: INFO:     10.128.0.106:36126 - "POST /v1/chat/completions HTTP/1.1" 200 OK
2026-07-24 19:00:39,414 - sflow.task.server_3 - INFO - 0: INFO:     10.128.0.106:36130 - "POST /v1/chat/completions HTTP/1.1" 200 OK
2026-07-24 19:00:39,465 - sflow.task.server_3 - INFO - 0: INFO:     10.128.0.106:36146 - "POST /v1/chat/completions HTTP/1.1" 200 OK
2026-07-24 19:00:39,567 - sflow.task.server_3 - INFO - 0: INFO:     10.128.0.106:36160 - "POST /v1/chat/completions HTTP/1.1" 200 OK
2026-07-24 19:00:39,771 - sflow.task.server_3 - INFO - 0: INFO:     10.128.0.106:36174 - "POST /v1/chat/completions HTTP/1.1" 200 OK
2026-07-24 19:00:39,975 - sflow.task.server_3 - INFO - 0: INFO:     10.128.0.106:36186 - "POST /v1/chat/completions HTTP/1.1" 200 OK
2026-07-24 19:00:40,177 - sflow.task.server_3 - INFO - 0: INFO:     10.128.0.106:36190 - "POST /v1/chat/completions HTTP/1.1" 200 OK
2026-07-24 19:00:40,280 - sflow.task.server_3 - INFO - 0: INFO:     10.128.0.106:36198 - "POST /v1/chat/completions HTTP/1.1" 200 OK
2026-07-24 19:00:40,484 - sflow.task.server_3 - INFO - 0: INFO:     10.128.0.106:36212 - "POST /v1/chat/completions HTTP/1.1" 200 OK
2026-07-24 19:00:40,638 - sflow.task.server_3 - INFO - 0: INFO:     10.128.0.106:36224 - "POST /v1/chat/completions HTTP/1.1" 200 OK
2026-07-24 19:00:40,688 - sflow.task.server_3 - INFO - 0: INFO:     10.128.0.106:36234 - "POST /v1/chat/completions HTTP/1.1" 200 OK
2026-07-24 19:00:40,790 - sflow.task.server_3 - INFO - 0: INFO:     10.128.0.106:36240 - "POST /v1/chat/completions HTTP/1.1" 200 OK
2026-07-24 19:00:40,892 - sflow.task.server_3 - INFO - 0: INFO:     10.128.0.106:36248 - "POST /v1/chat/completions HTTP/1.1" 200 OK
2026-07-24 19:00:40,995 - sflow.task.server_3 - INFO - 0: INFO:     10.128.0.106:36264 - "POST /v1/chat/completions HTTP/1.1" 200 OK
2026-07-24 19:00:41,046 - sflow.task.server_3 - INFO - 0: INFO:     10.128.0.106:36274 - "POST /v1/chat/completions HTTP/1.1" 200 OK
2026-07-24 19:00:41,148 - sflow.task.server_3 - INFO - 0: INFO:     10.128.0.106:36286 - "POST /v1/chat/completions HTTP/1.1" 200 OK
2026-07-24 19:00:41,250 - sflow.task.server_3 - INFO - 0: INFO:     10.128.0.106:36302 - "POST /v1/chat/completions HTTP/1.1" 200 OK
2026-07-24 19:00:41,301 - sflow.task.server_3 - INFO - 0: INFO:     10.128.0.106:36304 - "POST /v1/chat/completions HTTP/1.1" 200 OK
2026-07-24 19:00:41,301 - sflow.task.server_3 - INFO - 0: INFO:     10.128.0.106:36308 - "POST /v1/chat/completions HTTP/1.1" 200 OK
2026-07-24 19:00:41,352 - sflow.task.server_3 - INFO - 0: INFO:     10.128.0.106:36314 - "POST /v1/chat/completions HTTP/1.1" 200 OK
2026-07-24 19:00:41,403 - sflow.task.server_3 - INFO - 0: INFO:     10.128.0.106:36318 - "POST /v1/chat/completions HTTP/1.1" 200 OK
2026-07-24 19:00:41,504 - sflow.task.server_3 - INFO - 0: INFO:     10.128.0.106:36320 - "POST /v1/chat/completions HTTP/1.1" 200 OK
2026-07-24 19:00:41,655 - sflow.task.server_3 - INFO - 0: INFO:     10.128.0.106:36328 - "POST /v1/chat/completions HTTP/1.1" 200 OK
2026-07-24 19:00:41,655 - sflow.task.server_3 - INFO - 0: INFO:     10.128.0.106:36342 - "POST /v1/chat/completions HTTP/1.1" 200 OK
2026-07-24 19:00:41,757 - sflow.task.server_3 - INFO - 0: INFO:     10.128.0.106:36356 - "POST /v1/chat/completions HTTP/1.1" 200 OK
2026-07-24 19:00:41,858 - sflow.task.server_3 - INFO - 0: INFO:     10.128.0.106:36372 - "POST /v1/chat/completions HTTP/1.1" 200 OK
2026-07-24 19:00:41,960 - sflow.task.server_3 - INFO - 0: INFO:     10.128.0.106:36374 - "POST /v1/chat/completions HTTP/1.1" 200 OK
2026-07-24 19:00:41,960 - sflow.task.server_3 - INFO - 0: INFO:     10.128.0.106:36380 - "POST /v1/chat/completions HTTP/1.1" 200 OK
2026-07-24 19:00:42,010 - sflow.task.server_3 - INFO - 0: INFO:     10.128.0.106:36384 - "POST /v1/chat/completions HTTP/1.1" 200 OK
2026-07-24 19:00:42,061 - sflow.task.server_3 - INFO - 0: INFO:     10.128.0.106:36396 - "POST /v1/chat/completions HTTP/1.1" 200 OK
2026-07-24 19:00:42,264 - sflow.task.server_3 - INFO - 0: INFO:     10.128.0.106:36400 - "POST /v1/chat/completions HTTP/1.1" 200 OK
2026-07-24 19:00:42,468 - sflow.task.server_3 - INFO - 0: INFO:     10.128.0.106:36402 - "POST /v1/chat/completions HTTP/1.1" 200 OK
2026-07-24 19:00:42,571 - sflow.task.server_3 - INFO - 0: INFO:     10.128.0.106:36410 - "POST /v1/chat/completions HTTP/1.1" 200 OK
2026-07-24 19:00:42,673 - sflow.task.server_3 - INFO - 0: INFO:     10.128.0.106:36420 - "POST /v1/chat/completions HTTP/1.1" 200 OK
2026-07-24 19:00:42,673 - sflow.task.server_3 - INFO - 0: INFO:     10.128.0.106:36424 - "POST /v1/chat/completions HTTP/1.1" 200 OK
2026-07-24 19:00:42,776 - sflow.task.server_3 - INFO - 0: INFO:     10.128.0.106:36434 - "POST /v1/chat/completions HTTP/1.1" 200 OK
2026-07-24 19:00:42,878 - sflow.task.server_3 - INFO - 0: INFO:     10.128.0.106:36440 - "POST /v1/chat/completions HTTP/1.1" 200 OK
2026-07-24 19:00:42,930 - sflow.task.server_3 - INFO - 0: INFO:     10.128.0.106:36450 - "POST /v1/chat/completions HTTP/1.1" 200 OK
2026-07-24 19:00:43,031 - sflow.task.server_3 - INFO - 0: INFO:     10.128.0.106:36458 - "POST /v1/chat/completions HTTP/1.1" 200 OK
2026-07-24 19:00:43,031 - sflow.task.server_3 - INFO - 0: INFO:     10.128.0.106:36468 - "POST /v1/chat/completions HTTP/1.1" 200 OK
2026-07-24 19:00:43,134 - sflow.task.server_3 - INFO - 0: INFO:     10.128.0.106:36474 - "POST /v1/chat/completions HTTP/1.1" 200 OK
2026-07-24 19:00:43,236 - sflow.task.server_3 - INFO - 0: INFO:     10.128.0.106:36480 - "POST /v1/chat/completions HTTP/1.1" 200 OK
2026-07-24 19:00:43,390 - sflow.task.server_3 - INFO - 0: INFO:     10.128.0.106:36492 - "POST /v1/chat/completions HTTP/1.1" 200 OK
2026-07-24 19:00:43,542 - sflow.task.server_3 - INFO - 0: INFO:     10.128.0.106:36498 - "POST /v1/chat/completions HTTP/1.1" 200 OK
2026-07-24 19:00:43,745 - sflow.task.server_3 - INFO - 0: INFO:     10.128.0.106:36502 - "POST /v1/chat/completions HTTP/1.1" 200 OK
2026-07-24 19:00:43,795 - sflow.task.server_3 - INFO - 0: INFO:     10.128.0.106:36508 - "POST /v1/chat/completions HTTP/1.1" 200 OK
2026-07-24 19:00:43,846 - sflow.task.server_3 - INFO - 0: INFO:     10.128.0.106:36524 - "POST /v1/chat/completions HTTP/1.1" 200 OK
2026-07-24 19:00:43,846 - sflow.task.server_3 - INFO - 0: INFO:     10.128.0.106:36532 - "POST /v1/chat/completions HTTP/1.1" 200 OK
2026-07-24 19:00:43,947 - sflow.task.server_3 - INFO - 0: INFO:     10.128.0.106:36538 - "POST /v1/chat/completions HTTP/1.1" 200 OK
2026-07-24 19:00:44,048 - sflow.task.server_3 - INFO - 0: INFO:     10.128.0.106:36548 - "POST /v1/chat/completions HTTP/1.1" 200 OK
2026-07-24 19:00:44,098 - sflow.task.server_3 - INFO - 0: INFO:     10.128.0.106:36562 - "POST /v1/chat/completions HTTP/1.1" 200 OK
2026-07-24 19:00:44,149 - sflow.task.server_3 - INFO - 0: INFO:     10.128.0.106:36574 - "POST /v1/chat/completions HTTP/1.1" 200 OK
2026-07-24 19:00:44,302 - sflow.task.server_3 - INFO - 0: INFO:     10.128.0.106:36578 - "POST /v1/chat/completions HTTP/1.1" 200 OK
2026-07-24 19:00:44,302 - sflow.task.server_3 - INFO - 0: INFO:     10.128.0.106:36592 - "POST /v1/chat/completions HTTP/1.1" 200 OK
2026-07-24 19:00:44,302 - sflow.task.server_3 - INFO - 0: INFO:     10.128.0.106:36596 - "POST /v1/chat/completions HTTP/1.1" 200 OK
2026-07-24 19:00:44,353 - sflow.task.server_3 - INFO - 0: INFO:     10.128.0.106:36606 - "POST /v1/chat/completions HTTP/1.1" 200 OK
2026-07-24 19:00:44,405 - sflow.task.server_3 - INFO - 0: INFO:     10.128.0.106:36610 - "POST /v1/chat/completions HTTP/1.1" 200 OK
2026-07-24 19:00:44,405 - sflow.task.server_3 - INFO - 0: INFO:     10.128.0.106:36624 - "POST /v1/chat/completions HTTP/1.1" 200 OK
2026-07-24 19:00:44,507 - sflow.task.server_3 - INFO - 0: INFO:     10.128.0.106:36634 - "POST /v1/chat/completions HTTP/1.1" 200 OK
2026-07-24 19:00:44,660 - sflow.task.server_3 - INFO - 0: INFO:     10.128.0.106:36646 - "POST /v1/chat/completions HTTP/1.1" 200 OK
2026-07-24 19:00:44,761 - sflow.task.server_3 - INFO - 0: INFO:     10.128.0.106:36656 - "POST /v1/chat/completions HTTP/1.1" 200 OK
2026-07-24 19:00:44,761 - sflow.task.server_3 - INFO - 0: INFO:     10.128.0.106:36668 - "POST /v1/chat/completions HTTP/1.1" 200 OK
2026-07-24 19:00:44,812 - sflow.task.server_3 - INFO - 0: INFO:     10.128.0.106:36682 - "POST /v1/chat/completions HTTP/1.1" 200 OK
2026-07-24 19:00:44,915 - sflow.task.server_3 - INFO - 0: INFO:     10.128.0.106:36698 - "POST /v1/chat/completions HTTP/1.1" 200 OK
2026-07-24 19:00:44,915 - sflow.task.server_3 - INFO - 0: INFO:     10.128.0.106:36702 - "POST /v1/chat/completions HTTP/1.1" 200 OK
2026-07-24 19:00:45,018 - sflow.task.server_3 - INFO - 0: INFO:     10.128.0.106:36714 - "POST /v1/chat/completions HTTP/1.1" 200 OK
2026-07-24 19:00:45,121 - sflow.task.server_3 - INFO - 0: INFO:     10.128.0.106:36722 - "POST /v1/chat/completions HTTP/1.1" 200 OK
2026-07-24 19:00:45,171 - sflow.task.server_3 - INFO - 0: INFO:     10.128.0.106:36736 - "POST /v1/chat/completions HTTP/1.1" 200 OK
2026-07-24 19:00:45,274 - sflow.task.server_3 - INFO - 0: INFO:     10.128.0.106:36746 - "POST /v1/chat/completions HTTP/1.1" 200 OK
2026-07-24 19:00:45,529 - sflow.task.server_3 - INFO - 0: INFO:     10.128.0.106:47286 - "POST /v1/chat/completions HTTP/1.1" 200 OK
2026-07-24 19:00:45,580 - sflow.task.server_3 - INFO - 0: INFO:     10.128.0.106:47290 - "POST /v1/chat/completions HTTP/1.1" 200 OK
2026-07-24 19:00:45,733 - sflow.task.server_3 - INFO - 0: INFO:     10.128.0.106:47308 - "POST /v1/chat/completions HTTP/1.1" 200 OK
2026-07-24 19:00:45,836 - sflow.task.server_3 - INFO - 0: INFO:     10.128.0.106:47318 - "POST /v1/chat/completions HTTP/1.1" 200 OK
2026-07-24 19:00:45,836 - sflow.task.server_3 - INFO - 0: INFO:     10.128.0.106:47326 - "POST /v1/chat/completions HTTP/1.1" 200 OK
2026-07-24 19:00:45,886 - sflow.task.server_3 - INFO - 0: INFO:     10.128.0.106:47338 - "POST /v1/chat/completions HTTP/1.1" 200 OK
2026-07-24 19:00:46,142 - sflow.task.server_3 - INFO - 0: INFO:     10.128.0.106:47344 - "POST /v1/chat/completions HTTP/1.1" 200 OK
2026-07-24 19:00:46,142 - sflow.task.server_3 - INFO - 0: INFO:     10.128.0.106:47352 - "POST /v1/chat/completions HTTP/1.1" 200 OK
2026-07-24 19:00:46,244 - sflow.task.server_3 - INFO - 0: INFO:     10.128.0.106:47360 - "POST /v1/chat/completions HTTP/1.1" 200 OK
2026-07-24 19:00:46,244 - sflow.task.server_3 - INFO - 0: INFO:     10.128.0.106:47362 - "POST /v1/chat/completions HTTP/1.1" 200 OK
2026-07-24 19:00:46,346 - sflow.task.server_3 - INFO - 0: INFO:     10.128.0.106:47374 - "POST /v1/chat/completions HTTP/1.1" 200 OK
2026-07-24 19:00:46,397 - sflow.task.server_3 - INFO - 0: INFO:     10.128.0.106:47376 - "POST /v1/chat/completions HTTP/1.1" 200 OK
2026-07-24 19:00:46,448 - sflow.task.server_3 - INFO - 0: INFO:     10.128.0.106:47382 - "POST /v1/chat/completions HTTP/1.1" 200 OK
2026-07-24 19:00:46,499 - sflow.task.server_3 - INFO - 0: INFO:     10.128.0.106:47386 - "POST /v1/chat/completions HTTP/1.1" 200 OK
2026-07-24 19:00:46,600 - sflow.task.server_3 - INFO - 0: INFO:     10.128.0.106:47400 - "POST /v1/chat/completions HTTP/1.1" 200 OK
2026-07-24 19:00:46,652 - sflow.task.server_3 - INFO - 0: INFO:     10.128.0.106:47412 - "POST /v1/chat/completions HTTP/1.1" 200 OK
2026-07-24 19:00:46,753 - sflow.task.server_3 - INFO - 0: INFO:     10.128.0.106:47422 - "POST /v1/chat/completions HTTP/1.1" 200 OK
2026-07-24 19:00:46,804 - sflow.task.server_3 - INFO - 0: INFO:     10.128.0.106:47440 - "POST /v1/chat/completions HTTP/1.1" 200 OK
2026-07-24 19:00:46,854 - sflow.task.server_3 - INFO - 0: INFO:     10.128.0.106:47450 - "POST /v1/chat/completions HTTP/1.1" 200 OK
2026-07-24 19:00:47,008 - sflow.task.server_3 - INFO - 0: INFO:     10.128.0.106:47460 - "POST /v1/chat/completions HTTP/1.1" 200 OK
2026-07-24 19:00:47,110 - sflow.task.server_3 - INFO - 0: INFO:     10.128.0.106:47474 - "POST /v1/chat/completions HTTP/1.1" 200 OK
2026-07-24 19:00:47,212 - sflow.task.server_3 - INFO - 0: INFO:     10.128.0.106:47478 - "POST /v1/chat/completions HTTP/1.1" 200 OK
2026-07-24 19:00:47,212 - sflow.task.server_3 - INFO - 0: INFO:     10.128.0.106:47482 - "POST /v1/chat/completions HTTP/1.1" 200 OK
2026-07-24 19:00:47,314 - sflow.task.server_3 - INFO - 0: INFO:     10.128.0.106:47484 - "POST /v1/chat/completions HTTP/1.1" 200 OK
2026-07-24 19:00:47,314 - sflow.task.server_3 - INFO - 0: INFO:     10.128.0.106:47488 - "POST /v1/chat/completions HTTP/1.1" 200 OK
2026-07-24 19:00:47,466 - sflow.task.server_3 - INFO - 0: INFO:     10.128.0.106:47502 - "POST /v1/chat/completions HTTP/1.1" 200 OK
2026-07-24 19:00:47,568 - sflow.task.server_3 - INFO - 0: INFO:     10.128.0.106:47514 - "POST /v1/chat/completions HTTP/1.1" 200 OK
2026-07-24 19:00:47,722 - sflow.task.server_3 - INFO - 0: INFO:     10.128.0.106:47526 - "POST /v1/chat/completions HTTP/1.1" 200 OK
2026-07-24 19:00:47,874 - sflow.task.server_3 - INFO - 0: INFO:     10.128.0.106:47528 - "POST /v1/chat/completions HTTP/1.1" 200 OK
2026-07-24 19:00:47,975 - sflow.task.server_3 - INFO - 0: INFO:     10.128.0.106:47538 - "POST /v1/chat/completions HTTP/1.1" 200 OK
2026-07-24 19:00:48,026 - sflow.task.server_3 - INFO - 0: INFO:     10.128.0.106:47554 - "POST /v1/chat/completions HTTP/1.1" 200 OK
2026-07-24 19:00:48,127 - sflow.task.server_3 - INFO - 0: INFO:     10.128.0.106:47562 - "POST /v1/chat/completions HTTP/1.1" 200 OK
2026-07-24 19:00:48,127 - sflow.task.server_3 - INFO - 0: INFO:     10.128.0.106:47580 - "POST /v1/chat/completions HTTP/1.1" 200 OK
2026-07-24 19:00:48,229 - sflow.task.server_3 - INFO - 0: INFO:     10.128.0.106:47592 - "POST /v1/chat/completions HTTP/1.1" 200 OK
2026-07-24 19:00:48,229 - sflow.task.server_3 - INFO - 0: INFO:     10.128.0.106:47602 - "POST /v1/chat/completions HTTP/1.1" 200 OK
2026-07-24 19:00:48,280 - sflow.task.server_3 - INFO - 0: INFO:     10.128.0.106:47606 - "POST /v1/chat/completions HTTP/1.1" 200 OK
2026-07-24 19:00:48,331 - sflow.task.server_3 - INFO - 0: INFO:     10.128.0.106:47620 - "POST /v1/chat/completions HTTP/1.1" 200 OK
2026-07-24 19:00:48,381 - sflow.task.server_3 - INFO - 0: INFO:     10.128.0.106:47640 - "POST /v1/chat/completions HTTP/1.1" 200 OK
2026-07-24 19:00:48,381 - sflow.task.server_3 - INFO - 0: INFO:     10.128.0.106:47642 - "POST /v1/chat/completions HTTP/1.1" 200 OK
2026-07-24 19:00:48,432 - sflow.task.server_3 - INFO - 0: INFO:     10.128.0.106:47648 - "POST /v1/chat/completions HTTP/1.1" 200 OK
2026-07-24 19:00:48,533 - sflow.task.server_3 - INFO - 0: INFO:     10.128.0.106:47818 - "POST /v1/chat/completions HTTP/1.1" 200 OK
2026-07-24 19:00:48,584 - sflow.task.server_3 - INFO - 0: INFO:     10.128.0.106:47650 - "POST /v1/chat/completions HTTP/1.1" 200 OK
2026-07-24 19:00:48,737 - sflow.task.server_3 - INFO - 0: INFO:     10.128.0.106:47662 - "POST /v1/chat/completions HTTP/1.1" 200 OK
2026-07-24 19:00:48,737 - sflow.task.server_3 - INFO - 0: INFO:     10.128.0.106:47674 - "POST /v1/chat/completions HTTP/1.1" 200 OK
